Date,HIGH,LOW,CLOSE,OPEN,COUNT,VOLUME
1994-09-20,125.3902,116.70934,121.53204,125.3902,,247180.002903
1994-09-21,120.5675,120.5675,119.60296,120.5675,,13626.184502
1994-09-22,120.5675,120.5675,119.60296,120.5675,,2073.527277
1994-09-23,120.5675,117.67388,118.63842,120.5675,,20527.920045
1994-09-26,120.5675,115.7448,118.63842,115.7448,,8182.138636
1994-09-27,115.7448,113.81572,114.78026,115.7448,,36594.646153
1994-09-28,113.81572,113.81572,114.78026,113.81572,,8838.410019
1994-09-29,115.26253,115.26253,114.78026,115.26253,,8812.490928
1994-09-30,113.81572,113.81572,114.78026,113.81572,,2545.254733
1994-10-03,113.81572,111.88664,114.78026,113.81572,,28459.16188
1994-10-04,113.81572,110.9221,111.88664,113.81572,,268181.723931
1994-10-05,110.9221,110.9221,111.88664,110.9221,,6113.795177
1994-10-06,110.9221,110.9221,111.88664,110.9221,,3181.827607
1994-10-07,110.9221,107.06394,108.99302,110.9221,,41893.54511
1994-10-10,106.0994,106.0994,108.99302,106.0994,,5653.472121
1994-10-11,,,108.99302,,,
1994-10-12,,,108.99302,,,
1994-10-13,,,108.99302,,,
1994-10-14,,,108.99302,,,
1994-10-17,106.0994,106.0994,108.99302,106.0994,,2545.254733
1994-10-18,106.0994,106.0994,108.02848,106.0994,,3176.643789
1994-10-19,106.0994,106.0994,108.02848,106.0994,,4147.054555
1994-10-20,,,108.02848,,,
1994-10-21,,,107.06394,,,
1994-10-24,104.17032,104.17032,107.06394,104.17032,,2545.254733
1994-10-25,106.0994,104.17032,107.06394,104.17032,,476820.038568
1994-10-26,104.17032,104.17032,107.06394,104.17032,,1273.145748
1994-10-27,,,107.06394,,,
1994-10-28,,,107.06394,,,
1994-10-31,,,106.0994,,,
1994-11-01,104.17032,104.17032,106.0994,104.17032,,1909.718622
1994-11-02,,,106.0994,,,
1994-11-03,103.20578,103.20578,106.0994,103.20578,,11063.304788
1994-11-04,,,106.0994,,,
1994-11-07,,,106.0994,,,
1994-11-08,104.17032,104.17032,106.0994,104.17032,,25919.090966
1994-11-09,108.02848,104.17032,106.0994,108.02848,,3469.011135
1994-11-10,104.17032,104.17032,106.0994,104.17032,,3317.643644
1994-11-11,104.17032,104.17032,105.13486,104.17032,,1909.718622
1994-11-14,104.17032,103.20578,105.13486,104.17032,,22008.418521
1994-11-15,,,105.13486,,,
1994-11-16,104.17032,103.20578,105.13486,104.17032,,85262.404877
1994-11-17,104.17032,103.20578,105.13486,103.20578,,13714.309412
1994-11-18,,,105.13486,,,
1994-11-21,104.17032,104.17032,105.13486,104.17032,,2591.909097
1994-11-22,104.17032,104.17032,105.13486,104.17032,,25919.090966
1994-11-23,,,105.13486,,,
1994-11-24,,,105.13486,,,
1994-11-25,104.17032,104.17032,105.13486,104.17032,,1273.145748
1994-11-28,104.17032,104.17032,105.13486,104.17032,,1273.145748
1994-11-29,105.61713,105.61713,105.13486,105.61713,,6801.169469
1994-11-30,104.17032,104.17032,105.13486,104.17032,,10367.636386
1994-12-01,104.17032,104.17032,105.13486,104.17032,,1273.145748
1994-12-02,104.17032,104.17032,105.13486,104.17032,,13074.626247
1994-12-05,105.61713,104.17032,105.13486,105.61713,,8130.300454
1994-12-06,,,105.13486,,,
1994-12-07,,,105.13486,,,
1994-12-08,104.17032,104.17032,105.13486,104.17032,,4454.973355
1994-12-09,104.17032,104.17032,105.13486,104.17032,,15459.182616
1994-12-12,,,105.13486,,,
1994-12-13,,,105.13486,,,
1994-12-14,,,105.13486,,,
1994-12-15,104.17032,104.17032,105.13486,104.17032,,1106.226802
1994-12-16,,,105.13486,,,
1994-12-19,,,105.13486,,,
1994-12-20,,,105.13486,,,
1994-12-21,,,105.13486,,,
1994-12-22,104.17032,104.17032,105.13486,104.17032,,7257.34547
1994-12-23,,,105.13486,,,
1994-12-28,104.65259,104.65259,105.13486,104.65259,,74646.981981
1994-12-29,,,105.13486,,,
1994-12-30,104.17032,104.17032,105.13486,104.17032,,4454.973355
1995-01-03,,,105.13486,,,
1995-01-04,104.17032,104.17032,105.13486,104.17032,,3743.753499
1995-01-05,,,105.13486,,,
1995-01-06,,,105.13486,,,
1995-01-09,,,105.13486,,,
1995-01-10,,,105.13486,,,
1995-01-11,,,105.13486,,,
1995-01-12,,,105.13486,,,
1995-01-13,,,105.13486,,,
1995-01-16,,,105.13486,,,
1995-01-17,104.17032,104.17032,105.13486,104.17032,,1906.608331
1995-01-18,,,105.13486,,,
1995-01-19,104.17032,104.17032,105.13486,104.17032,,3640.077135
1995-01-20,,,105.13486,,,
1995-01-23,,,105.13486,,,
1995-01-24,,,105.13486,,,
1995-01-25,104.17032,104.17032,105.13486,104.17032,,2902.938188
1995-01-26,,,105.13486,,,
1995-01-27,,,105.13486,,,
1995-01-30,104.17032,104.17032,105.13486,104.17032,,3181.827607
1995-01-31,,,105.13486,,,
1995-02-01,104.17032,104.17032,105.13486,104.17032,,5817.280776
1995-02-02,,,105.13486,,,
1995-02-03,,,105.13486,,,
1995-02-06,,,105.13486,,,
1995-02-07,,,105.13486,,,
1995-02-08,110.43983,110.43983,110.9221,110.43983,,83574.553673
1995-02-09,111.88664,111.88664,110.9221,111.88664,,10549.070023
1995-02-10,,,110.9221,,,
1995-02-13,108.99302,108.99302,110.9221,108.99302,,3181.827607
1995-02-14,108.99302,108.99302,110.9221,108.99302,,10367.636386
1995-02-15,,,110.9221,,,
1995-02-16,108.99302,108.99302,110.9221,108.99302,,7244.904307
1995-02-17,108.99302,108.99302,110.9221,108.99302,,311029.091588
1995-02-20,,,109.95756,,,
1995-02-21,,,109.95756,,,
1995-02-22,,,109.95756,,,
1995-02-23,108.02848,108.02848,109.95756,108.02848,,3865.054845
1995-02-24,,,109.95756,,,
1995-02-27,108.02848,108.02848,109.95756,108.02848,,28131.54457
1995-02-28,108.02848,108.02848,109.95756,108.02848,,1658.821822
1995-03-01,,,109.95756,,,
1995-03-02,,,109.95756,,,
1995-03-03,108.02848,108.02848,109.95756,108.02848,,3181.827607
1995-03-06,,,109.95756,,,
1995-03-07,,,109.95756,,,
1995-03-08,104.17032,103.20578,109.95756,104.17032,,368931.304041
1995-03-09,,,109.95756,,,
1995-03-10,108.99302,108.02848,109.95756,108.02848,,19024.612769
1995-03-13,104.17032,104.17032,109.95756,104.17032,,207352.727725
1995-03-14,109.95756,108.02848,109.95756,108.02848,,5931.324777
1995-03-15,,,109.95756,,,
1995-03-16,108.02848,108.02848,109.95756,108.02848,,1036.763639
1995-03-17,,,109.95756,,,
1995-03-20,,,109.95756,,,
1995-03-21,108.02848,108.02848,109.95756,108.02848,,2799.261824
1995-03-22,110.9221,110.9221,109.95756,110.9221,,4147.054555
1995-03-23,108.02848,108.02848,109.95756,108.02848,,1273.145748
1995-03-24,,,109.95756,,,
1995-03-27,,,109.95756,,,
1995-03-28,,,109.95756,,,
1995-03-29,108.02848,108.02848,109.95756,108.02848,,2384.556369
1995-03-30,108.02848,108.02848,109.95756,108.02848,,10367.636386
1995-03-31,108.02848,106.0994,109.95756,106.0994,,418523.855931
1995-04-03,108.02848,108.02848,109.95756,108.02848,,41470.545545
1995-04-04,109.95756,108.02848,109.95756,108.02848,,50916.499057
1995-04-05,108.149048,108.149048,109.95756,108.149048,,21772.036411
1995-04-06,108.02848,108.02848,109.95756,108.02848,,1273.145748
1995-04-07,108.02848,108.02848,109.95756,108.02848,,7093.536815
1995-04-10,,,109.95756,,,
1995-04-11,,,109.95756,,,
1995-04-12,,,109.95756,,,
1995-04-13,,,109.95756,,,
1995-04-18,,,109.95756,,,
1995-04-19,109.95756,108.02848,109.95756,108.02848,,5248.097539
1995-04-20,108.02848,108.02848,109.95756,108.02848,,1273.145748
1995-04-21,,,109.95756,,,
1995-04-24,,,109.95756,,,
1995-04-25,108.02848,108.02848,109.95756,108.02848,,9424.181475
1995-04-26,108.02848,108.02848,109.95756,108.02848,,1273.145748
1995-04-27,,,109.95756,,,
1995-04-28,,,109.95756,,,
1995-05-01,108.02848,108.02848,109.95756,108.02848,,1909.718622
1995-05-02,,,109.95756,,,
1995-05-03,,,109.95756,,,
1995-05-04,,,109.95756,,,
1995-05-05,,,109.95756,,,
1995-05-09,109.47529,108.51075,109.95756,108.51075,,158728.513074
1995-05-10,108.99302,108.51075,109.95756,108.51075,,67389.636511
1995-05-11,108.51075,108.02848,109.95756,108.02848,,414705.45545
1995-05-12,108.02848,108.02848,109.95756,108.02848,,5401.538557
1995-05-15,,,109.95756,,,
1995-05-16,108.51075,108.02848,109.95756,108.51075,,311029.091588
1995-05-17,,,109.95756,,,
1995-05-18,,,109.95756,,,
1995-05-19,,,109.95756,,,
1995-05-22,110.9221,110.9221,109.95756,110.9221,,2073.527277
1995-05-23,109.47529,109.47529,109.95756,109.47529,,22808.80005
1995-05-24,108.02848,108.02848,109.95756,108.02848,,1909.718622
1995-05-25,,,109.95756,,,
1995-05-26,108.02848,108.02848,109.95756,108.02848,,12441.163664
1995-05-30,,,109.95756,,,
1995-05-31,108.02848,108.02848,109.95756,108.02848,,829410.910901
1995-06-01,,,109.95756,,,
1995-06-02,108.02848,108.02848,109.95756,108.02848,,13477.927302
1995-06-05,109.95756,108.99302,109.95756,108.99302,,
1995-06-06,110.9221,108.99302,109.95756,110.9221,,
1995-06-07,110.9221,109.95756,109.95756,110.9221,,
1995-06-08,109.95756,108.99302,109.95756,108.99302,,
1995-06-09,110.9221,109.95756,109.95756,110.9221,,
1995-06-12,110.9221,109.95756,109.95756,110.9221,,
1995-06-13,109.95756,108.99302,109.95756,108.99302,,
1995-06-14,110.9221,109.95756,109.95756,110.9221,,
1995-06-15,109.95756,108.99302,109.95756,108.99302,,
1995-06-16,110.9221,109.95756,109.95756,110.9221,,
1995-06-19,109.95756,108.99302,109.95756,108.99302,,
1995-06-20,110.9221,109.95756,109.95756,110.9221,,
1995-06-21,110.9221,109.95756,109.95756,110.9221,,
1995-06-22,109.95756,108.99302,109.95756,108.99302,,
1995-06-23,110.9221,109.95756,109.95756,110.9221,,
1995-06-26,110.9221,109.95756,109.95756,110.9221,,
1995-06-27,110.9221,109.95756,109.95756,110.9221,,
1995-06-28,110.9221,109.95756,109.95756,110.9221,,
1995-06-29,109.95756,108.99302,109.95756,108.99302,,
1995-06-30,109.95756,108.99302,109.95756,108.99302,,
1995-07-03,110.9221,108.99302,108.99302,110.9221,,
1995-07-04,110.9221,108.99302,110.9221,108.99302,,
1995-07-05,113.81572,111.88664,113.81572,111.88664,,
1995-07-06,113.81572,113.81572,113.81572,113.81572,,
1995-07-07,113.81572,113.81572,113.81572,113.81572,,
1995-07-10,113.81572,113.81572,113.81572,113.81572,,
1995-07-11,113.81572,113.81572,113.81572,113.81572,,
1995-07-12,113.81572,113.81572,113.81572,113.81572,,
1995-07-13,113.81572,113.81572,113.81572,113.81572,,
1995-07-14,113.81572,113.81572,113.81572,113.81572,,
1995-07-17,113.81572,113.81572,113.81572,113.81572,,
1995-07-18,118.63842,113.81572,118.63842,113.81572,,
1995-07-19,118.63842,118.63842,118.63842,118.63842,,
1995-07-20,122.49658,118.63842,122.49658,118.63842,,
1995-07-21,123.46112,122.49658,123.46112,122.49658,,
1995-07-24,123.46112,123.46112,123.46112,123.46112,,
1995-07-25,123.46112,123.46112,123.46112,123.46112,,
1995-07-26,123.46112,123.46112,123.46112,123.46112,,
1995-07-27,123.46112,123.46112,123.46112,123.46112,,
1995-07-28,123.46112,123.46112,123.46112,123.46112,,
1995-07-31,123.46112,123.46112,123.46112,123.46112,,
1995-08-01,123.46112,123.46112,123.46112,123.46112,,
1995-08-02,123.46112,123.46112,123.46112,123.46112,,
1995-08-03,125.3902,123.46112,125.3902,123.46112,,
1995-08-04,126.35474,125.3902,126.35474,125.3902,,
1995-08-07,126.35474,126.35474,126.35474,126.35474,,
1995-08-08,126.35474,126.35474,126.35474,126.35474,,
1995-08-09,126.35474,126.35474,126.35474,126.35474,,
1995-08-10,127.31928,126.35474,126.35474,127.31928,,
1995-08-11,127.31928,126.35474,126.35474,127.31928,,
1995-08-14,126.35474,126.35474,126.35474,126.35474,,
1995-08-15,127.31928,126.35474,126.35474,127.31928,,
1995-08-16,127.31928,126.35474,126.35474,127.31928,,
1995-08-17,127.31928,126.35474,126.35474,127.31928,,
1995-08-18,127.31928,126.35474,126.35474,127.31928,,
1995-08-21,127.31928,126.35474,126.35474,127.31928,,
1995-08-22,127.31928,126.35474,126.35474,127.31928,,
1995-08-23,129.24836,126.35474,129.24836,127.31928,,
1995-08-24,152.39732,130.2129,147.57462,130.2129,,
1995-08-25,148.53916,147.57462,148.53916,147.57462,,
1995-08-29,149.5037,147.57462,147.57462,149.5037,,
1995-08-30,147.57462,147.57462,147.57462,147.57462,,
1995-08-31,148.53916,146.61008,146.61008,147.57462,,
1995-09-01,147.57462,146.61008,146.61008,147.57462,,
1995-09-04,146.61008,144.681,144.681,145.64554,,
1995-09-05,144.681,144.681,144.681,144.681,,
1995-09-06,144.681,144.681,144.681,144.681,,
1995-09-07,145.64554,141.78738,141.78738,145.64554,,
1995-09-08,142.75192,141.78738,141.78738,142.75192,,
1995-09-11,141.78738,140.82284,141.78738,140.82284,,
1995-09-12,141.78738,140.82284,141.78738,140.82284,,
1995-09-13,141.78738,140.82284,141.78738,140.82284,,
1995-09-14,142.75192,141.78738,141.78738,142.75192,,
1995-09-15,142.75192,141.78738,141.78738,142.75192,,
1995-09-18,140.82284,139.8583,139.8583,140.82284,,
1995-09-19,147.57462,139.8583,144.681,147.57462,,
1995-09-20,145.64554,144.681,144.681,145.64554,,
1995-09-21,154.3264,144.681,154.3264,144.681,,
1995-09-22,156.25548,154.3264,156.25548,154.3264,,
1995-09-25,157.22002,155.29094,155.29094,157.22002,,
1995-09-26,155.29094,155.29094,155.29094,155.29094,,
1995-09-27,155.29094,155.29094,155.29094,155.29094,,
1995-09-28,155.29094,155.29094,155.29094,155.29094,,
1995-09-29,166.86542,156.25548,166.86542,156.25548,,
1995-10-02,166.86542,161.07818,163.00726,166.86542,,
1995-10-03,163.9718,162.04272,163.9718,162.04272,,311029.091588
1995-10-04,164.93634,163.9718,163.9718,164.93634,,
1995-10-05,163.9718,163.9718,163.9718,163.9718,,
1995-10-06,163.9718,161.07818,161.07818,163.9718,,
1995-10-09,162.04272,161.07818,162.04272,162.04272,,
1995-10-10,162.04272,162.04272,162.04272,162.04272,,
1995-10-11,162.04272,156.25548,158.18456,162.04272,,
1995-10-12,159.1491,158.18456,158.18456,159.1491,,
1995-10-13,159.1491,158.18456,159.1491,159.1491,,
1995-10-16,159.1491,159.1491,159.1491,159.1491,,
1995-10-17,159.1491,159.1491,159.1491,159.1491,,
1995-10-18,160.11364,159.1491,159.1491,160.11364,,
1995-10-19,160.11364,159.1491,159.1491,160.11364,,
1995-10-20,164.93634,159.1491,164.93634,159.1491,,
1995-10-23,165.90088,164.93634,165.90088,164.93634,,
1995-10-24,165.90088,164.93634,165.90088,164.93634,,
1995-10-25,166.86542,165.90088,165.90088,166.86542,,
1995-10-26,166.86542,165.90088,165.90088,166.86542,,
1995-10-27,166.86542,165.90088,165.90088,166.86542,,
1995-10-30,165.90088,164.93634,165.90088,164.93634,,
1995-10-31,165.90088,164.93634,165.90088,164.93634,,
1995-11-01,165.90088,164.93634,165.90088,164.93634,,
1995-11-02,166.86542,165.90088,165.90088,166.86542,,
1995-11-03,165.90088,165.90088,165.90088,165.90088,,
1995-11-06,165.90088,165.90088,165.90088,165.90088,,
1995-11-07,166.86542,165.90088,166.86542,165.90088,,
1995-11-08,166.86542,166.86542,166.86542,166.86542,,
1995-11-09,168.7945,166.86542,168.7945,166.86542,,
1995-11-10,168.7945,168.7945,168.7945,168.7945,,
1995-11-13,169.75904,168.7945,168.7945,169.75904,,
1995-11-14,168.7945,168.7945,168.7945,168.7945,,
1995-11-15,168.7945,168.7945,168.7945,168.7945,,
1995-11-16,168.7945,168.7945,168.7945,168.7945,,
1995-11-17,169.75904,168.7945,168.7945,169.75904,,
1995-11-20,169.75904,168.7945,169.75904,169.75904,,
1995-11-21,174.58174,169.75904,174.58174,169.75904,,
1995-11-22,175.54628,174.58174,175.54628,174.58174,,
1995-11-23,175.54628,174.58174,175.54628,174.58174,,
1995-11-24,176.51082,174.58174,176.51082,174.58174,,
1995-11-27,177.47536,176.51082,177.47536,176.51082,,
1995-11-28,179.40444,177.47536,179.40444,179.40444,,
1995-11-29,179.40444,179.40444,179.40444,179.40444,,
1995-11-30,179.40444,179.40444,179.40444,179.40444,,
1995-12-01,179.40444,179.40444,179.40444,179.40444,,
1995-12-04,180.36898,179.40444,180.36898,179.40444,,
1995-12-05,180.36898,180.36898,180.36898,180.36898,,
1995-12-06,180.36898,180.36898,180.36898,180.36898,,
1995-12-07,180.36898,180.36898,180.36898,180.36898,,
1995-12-08,180.36898,180.36898,180.36898,180.36898,,
1995-12-11,180.36898,180.36898,180.36898,180.36898,,
1995-12-12,180.36898,180.36898,180.36898,180.36898,,
1995-12-13,181.33352,180.36898,181.33352,180.36898,,
1995-12-14,181.33352,181.33352,181.33352,181.33352,,
1995-12-15,181.33352,181.33352,181.33352,181.33352,,
1995-12-18,181.33352,178.4399,178.4399,181.33352,,
1995-12-19,178.4399,177.47536,177.47536,178.4399,,
1995-12-20,179.40444,178.4399,179.40444,178.4399,,
1995-12-21,179.40444,179.40444,179.40444,179.40444,,
1995-12-22,181.33352,179.40444,181.33352,179.40444,,
1995-12-27,181.33352,181.33352,181.33352,181.33352,,
1995-12-28,181.33352,181.33352,181.33352,181.33352,,
1995-12-29,182.29806,181.33352,182.29806,181.33352,,
1996-01-02,183.2626,182.29806,183.2626,183.2626,,
1996-01-03,185.19168,183.2626,185.19168,184.22714,,
1996-01-04,190.97892,186.15622,190.97892,186.15622,,
1996-01-05,191.94346,190.97892,191.94346,190.97892,,
1996-01-08,193.87254,191.94346,192.908,192.908,,41470.545545
1996-01-09,192.908,192.908,192.908,192.908,,
1996-01-10,191.94346,190.01438,190.01438,190.97892,,
1996-01-11,190.01438,189.04984,189.04984,190.01438,,
1996-01-12,189.04984,189.04984,189.04984,189.04984,,
1996-01-15,189.04984,189.04984,189.04984,189.04984,,
1996-01-16,189.04984,189.04984,189.04984,189.04984,,
1996-01-17,189.04984,189.04984,189.04984,189.04984,,
1996-01-18,189.04984,189.04984,189.04984,189.04984,,
1996-01-19,189.04984,189.04984,189.04984,189.04984,,
1996-01-22,189.04984,189.04984,189.04984,189.04984,,
1996-01-23,190.01438,189.04984,189.04984,190.01438,,
1996-01-24,189.04984,189.04984,189.04984,189.04984,,
1996-01-25,189.04984,189.04984,189.04984,189.04984,,
1996-01-26,189.04984,189.04984,189.04984,189.04984,,
1996-01-29,189.04984,189.04984,189.04984,189.04984,,
1996-01-30,190.01438,189.04984,190.01438,189.04984,,
1996-01-31,190.01438,189.04984,190.01438,189.04984,,31102.909159
1996-02-01,190.01438,190.01438,190.01438,190.01438,,
1996-02-02,190.01438,190.01438,190.01438,190.01438,,
1996-02-05,190.01438,190.01438,190.01438,190.01438,,
1996-02-06,192.908,190.01438,192.908,190.01438,,
1996-02-07,192.908,192.908,192.908,192.908,,
1996-02-08,192.908,192.908,192.908,192.908,,
1996-02-09,195.80162,192.908,195.80162,193.87254,,
1996-02-12,195.80162,195.80162,195.80162,195.80162,,
1996-02-13,194.83708,194.83708,194.83708,194.83708,,
1996-02-14,195.80162,194.83708,194.83708,195.80162,,145146.909408
1996-02-15,195.80162,194.83708,194.83708,195.80162,,
1996-02-16,195.80162,193.87254,195.80162,193.87254,,
1996-02-19,194.83708,193.87254,193.87254,193.87254,,
1996-02-20,193.87254,193.87254,193.87254,193.87254,,
1996-02-21,193.87254,193.87254,193.87254,193.87254,,
1996-02-22,193.87254,193.87254,193.87254,193.87254,,
1996-02-23,193.87254,193.87254,193.87254,193.87254,,
1996-02-26,193.87254,193.87254,193.87254,193.87254,,
1996-02-27,195.80162,193.87254,195.80162,193.87254,,
1996-02-28,196.76616,195.80162,196.76616,195.80162,,97455.782031
1996-02-29,197.7307,196.76616,196.76616,197.7307,,
1996-03-01,197.7307,194.83708,194.83708,197.7307,,5183.818193
1996-03-04,195.80162,194.83708,194.83708,195.80162,,
1996-03-05,193.87254,192.908,192.908,193.87254,,
1996-03-06,192.908,192.908,192.908,192.908,,10367.636386
1996-03-07,192.908,192.908,192.908,192.908,,
1996-03-08,193.87254,191.94346,191.94346,193.87254,,
1996-03-11,193.87254,191.94346,191.94346,193.87254,,
1996-03-12,193.87254,191.94346,191.94346,193.87254,,
1996-03-13,191.94346,190.97892,191.94346,190.97892,,
1996-03-14,193.87254,191.94346,191.94346,193.87254,,
1996-03-15,191.94346,190.97892,191.94346,190.97892,,
1996-03-18,191.94346,190.97892,191.94346,190.97892,,
1996-03-19,193.87254,191.94346,191.94346,193.87254,,
1996-03-20,193.87254,191.94346,191.94346,193.87254,,5183.818193
1996-03-21,192.908,191.94346,191.94346,192.908,,
1996-03-22,192.908,191.94346,191.94346,192.908,,
1996-03-25,191.94346,190.97892,191.94346,190.97892,,
1996-03-26,192.908,191.94346,191.94346,192.908,,
1996-03-27,192.908,191.94346,191.94346,192.908,,
1996-03-28,192.908,191.94346,191.94346,192.908,,
1996-03-29,191.94346,190.97892,191.94346,190.97892,,5183.818193
1996-04-01,,,191.94346,,,
1996-04-02,192.908,191.94346,191.94346,192.908,,
1996-04-03,191.94346,190.97892,191.94346,190.97892,,
1996-04-04,192.908,191.94346,191.94346,192.908,,
1996-04-09,192.908,190.97892,190.97892,192.908,,
1996-04-10,192.908,191.94346,191.94346,192.908,,
1996-04-11,192.908,191.94346,191.94346,192.908,,
1996-04-12,192.908,191.94346,191.94346,192.908,,
1996-04-15,192.908,190.49665,190.49665,192.908,,
1996-04-16,192.908,190.49665,190.49665,192.908,,
1996-04-17,192.908,190.49665,190.49665,192.908,,5183.818193
1996-04-18,192.908,190.49665,190.49665,192.908,,
1996-04-19,192.908,190.49665,190.49665,192.908,,
1996-04-22,192.908,190.49665,190.49665,192.908,,
1996-04-23,192.908,190.49665,190.49665,192.908,,
1996-04-24,192.908,190.49665,190.49665,192.908,,
1996-04-25,190.49665,189.04984,190.49665,189.04984,,
1996-04-26,192.908,190.49665,190.49665,192.908,,
1996-04-29,192.908,190.49665,190.49665,192.908,,
1996-04-30,192.908,190.49665,190.49665,192.908,,
1996-05-01,192.908,190.49665,190.49665,192.908,,
1996-05-02,192.908,190.49665,190.49665,192.908,,
1996-05-03,192.908,190.49665,190.49665,192.908,,
1996-05-07,189.04984,189.04984,189.04984,189.04984,,
1996-05-08,190.01438,188.0853,190.01438,189.04984,,5183.818193
1996-05-09,190.97892,190.01438,190.01438,190.97892,,
1996-05-10,190.97892,190.01438,190.97892,190.97892,,
1996-05-13,190.97892,190.97892,190.97892,190.97892,,
1996-05-14,192.908,190.97892,190.97892,192.908,,103676.363863
1996-05-15,193.87254,190.97892,192.908,193.87254,,103676.363863
1996-05-16,,,192.908,,,
1996-05-17,,,192.908,,,
1996-05-20,,,200.62432,,,
1996-05-21,,,200.62432,,,
1996-05-22,,,202.5534,,,
1996-05-23,,,202.5534,,,
1996-05-24,,,202.5534,,,
1996-05-28,,,202.5534,,,
1996-05-29,,,202.5534,,,
1996-05-30,,,203.51794,,,
1996-05-31,,,203.51794,,,
1996-06-03,,,203.51794,,,
1996-06-04,,,203.51794,,,
1996-06-05,,,203.51794,,,
1996-06-06,,,203.51794,,,
1996-06-07,,,204.48248,,,
1996-06-10,,,204.48248,,,
1996-06-11,,,204.48248,,,
1996-06-12,,,209.30518,,,
1996-06-13,,,210.26972,,,
1996-06-14,,,212.1988,,,
1996-06-17,,,214.12788,,,
1996-06-18,,,215.09242,,,
1996-06-19,,,215.09242,,,
1996-06-20,,,215.09242,,,
1996-06-21,,,215.09242,,,
1996-06-24,,,215.09242,,,
1996-06-25,,,215.09242,,,
1996-06-26,,,215.09242,,,
1996-06-27,,,214.12788,,,
1996-06-28,,,214.12788,,,
1996-07-01,,,214.12788,,,
1996-07-02,,,214.12788,,,
1996-07-03,,,214.12788,,,
1996-07-04,,,214.12788,,,
1996-07-05,,,214.12788,,,
1996-07-08,,,213.16334,,,
1996-07-09,,,213.16334,,,
1996-07-10,,,213.16334,,,
1996-07-11,,,213.16334,,,
1996-07-12,,,212.1988,,,
1996-07-15,,,212.1988,,,
1996-07-16,,,208.34064,,,
1996-07-17,,,209.30518,,,
1996-07-18,,,208.34064,,,
1996-07-19,,,209.30518,,,
1996-07-22,,,208.34064,,,
1996-07-23,207.85837,207.85837,208.34064,207.85837,,207352.727725
1996-07-24,,,208.34064,,,
1996-07-25,,,206.41156,,,
1996-07-26,,,203.51794,,,
1996-07-29,,,200.62432,,,
1996-07-30,,,200.62432,,,
1996-07-31,,,199.65978,,,
1996-08-01,,,194.83708,,,
1996-08-02,,,195.31935,,,
1996-08-05,,,196.76616,,,
1996-08-06,,,196.76616,,,
1996-08-07,,,196.76616,,,
1996-08-08,,,196.76616,,,
1996-08-09,,,196.76616,,,
1996-08-12,196.76616,196.76616,196.76616,196.76616,,155514.545794
1996-08-13,,,196.76616,,,
1996-08-14,,,196.76616,,,
1996-08-15,,,196.76616,,,
1996-08-16,,,196.76616,,,
1996-08-19,,,196.76616,,,
1996-08-20,,,196.76616,,,
1996-08-21,,,196.76616,,,
1996-08-22,,,196.76616,,,
1996-08-23,,,196.76616,,,
1996-08-27,,,196.76616,,,
1996-08-28,,,194.83708,,,
1996-08-29,193.87254,193.87254,194.83708,193.87254,,
1996-08-30,193.87254,193.87254,194.83708,193.87254,,
1996-09-02,,,194.35481,,,
1996-09-03,194.83708,194.83708,194.35481,194.83708,,
1996-09-04,,,194.35481,,,
1996-09-05,,,194.35481,,,
1996-09-06,,,194.35481,,,
1996-09-09,,,194.35481,,,
1996-09-10,,,194.35481,,,
1996-09-11,,,194.35481,,,
1996-09-12,,,194.35481,,,
1996-09-13,,,194.35481,,,
1996-09-16,,,194.35481,,,
1996-09-17,,,194.35481,,,
1996-09-18,,,193.39027,,,
1996-09-19,201.58886,201.58886,200.14205,201.58886,,25919.090966
1996-09-20,,,200.14205,,,
1996-09-23,,,198.69524,,,
1996-09-24,,,197.24843,,,
1996-09-25,,,197.24843,,,
1996-09-26,,,197.24843,,,
1996-09-27,195.80162,195.80162,197.24843,195.80162,,108860.182056
1996-09-30,,,191.46119,,,
1996-10-01,190.97892,190.97892,191.46119,190.97892,,62205.818318
1996-10-02,,,191.46119,,,
1996-10-03,190.01438,190.01438,191.46119,190.01438,,10367.636386
1996-10-04,,,191.46119,,,
1996-10-07,,,189.53211,,,
1996-10-08,188.0853,188.0853,189.53211,188.0853,,347315.81894
1996-10-09,,,188.56757,,,
1996-10-10,,,188.0853,,,
1996-10-11,,,188.0853,,,
1996-10-14,,,188.0853,,,
1996-10-15,,,188.0853,,,
1996-10-16,,,188.56757,,,
1996-10-17,,,188.0853,,,
1996-10-18,,,188.0853,,,
1996-10-21,,,188.0853,,,
1996-10-22,,,189.04984,,,
1996-10-23,,,189.04984,,,
1996-10-24,,,189.04984,,,
1996-10-25,,,189.04984,,,
1996-10-28,,,188.0853,,,
1996-10-29,,,188.0853,,,
1996-10-30,,,187.60303,,,
1996-10-31,,,187.60303,,,
1996-11-01,,,185.19168,,,
1996-11-04,,,183.74487,,,
1996-11-05,,,183.2626,,,
1996-11-06,,,179.88671,,,
1996-11-07,,,179.88671,,,
1996-11-08,,,179.88671,,,
1996-11-11,,,178.92217,,,
1996-11-12,173.6172,173.6172,170.24131,173.6172,,1036.763639
1996-11-13,,,168.31223,,,
1996-11-14,,,165.41861,,,
1996-11-15,,,165.41861,,,
1996-11-18,,,165.41861,,,
1996-11-19,,,165.41861,,,
1996-11-20,,,165.41861,,,
1996-11-21,,,165.41861,,,
1996-11-22,,,165.41861,,,
1996-11-25,,,165.41861,,,
1996-11-26,,,165.41861,,,
1996-11-27,,,165.41861,,,
1996-11-28,,,165.41861,,,
1996-11-29,163.9718,163.9718,165.41861,163.9718,,10367.636386
1996-12-02,,,166.38315,,,
1996-12-03,,,168.7945,,,
1996-12-04,,,168.7945,,,
1996-12-05,,,168.7945,,,
1996-12-06,,,168.7945,,,
1996-12-09,,,168.7945,,,
1996-12-10,,,170.24131,,,
1996-12-11,,,171.20585,,,
1996-12-12,,,171.20585,,,
1996-12-13,,,171.20585,,,
1996-12-16,,,172.17039,,,
1996-12-17,,,172.17039,,,
1996-12-18,,,172.17039,,,
1996-12-19,,,172.17039,,,
1996-12-20,,,170.24131,,,
1996-12-23,,,170.24131,,,
1996-12-24,,,170.24131,,,
1996-12-27,,,170.24131,,,
1996-12-30,,,170.24131,,,
1996-12-31,,,170.24131,,,
1997-01-02,,,170.24131,,,
1997-01-03,,,170.24131,,,
1997-01-06,,,170.24131,,,
1997-01-07,,,170.24131,,,
1997-01-08,,,165.5,,,
1997-01-09,,,165.5,,,
1997-01-10,165.5,165.5,165.0,165.5,,25000.0
1997-01-13,,,165.0,,,
1997-01-14,,,165.0,,,
1997-01-15,,,165.0,,,
1997-01-16,,,165.0,,,
1997-01-17,,,165.0,,,
1997-01-20,,,165.0,,,
1997-01-21,,,165.5,,,
1997-01-22,,,165.5,,,
1997-01-23,,,165.5,,,
1997-01-24,,,165.5,,,
1997-01-27,,,165.5,,,
1997-01-28,,,165.5,,,
1997-01-29,,,165.5,,,
1997-01-30,161.0,161.0,168.0,161.0,,400000.0
1997-01-31,,,177.5,,,
1997-02-03,,,184.5,,,
1997-02-04,,,187.5,,,
1997-02-05,,,186.5,,,
1997-02-06,,,186.5,,,
1997-02-07,,,186.5,,,
1997-02-10,,,188.5,,,
1997-02-11,,,188.5,,,
1997-02-12,,,201.0,,,
1997-02-13,,,210.0,,,
1997-02-14,,,212.5,,,
1997-02-17,,,212.5,,,
1997-02-18,,,215.0,,,
1997-02-19,,,215.0,,,
1997-02-20,,,214.0,,,
1997-02-21,225.0,225.0,228.5,225.0,,5000.0
1997-02-24,,,243.5,,,
1997-02-25,,,246.0,,,
1997-02-26,,,238.0,,,
1997-02-27,,,234.5,,,
1997-02-28,,,233.5,,,
1997-03-03,,,233.5,,,
1997-03-04,,,233.5,,,
1997-03-05,,,233.5,,,
1997-03-06,,,233.5,,,
1997-03-07,,,236.5,,,
1997-03-10,,,239.5,,,
1997-03-11,245.0,245.0,248.5,245.0,,25000.0
1997-03-12,,,251.0,,,
1997-03-13,252.0,252.0,251.0,252.0,,10000.0
1997-03-14,247.5,247.5,246.5,247.5,,385000.0
1997-03-17,,,243.5,,,
1997-03-18,243.5,243.5,244.0,243.5,,130000.0
1997-03-19,,,244.0,,,
1997-03-20,,,242.5,,,
1997-03-21,,,244.0,,,
1997-03-24,,,245.5,,,
1997-03-25,,,246.5,,,
1997-03-26,,,246.5,,,
1997-03-27,,,246.5,,,
1997-04-01,,,244.5,,,
1997-04-02,,,244.5,,,
1997-04-03,,,244.5,,,
1997-04-04,,,244.5,,,
1997-04-07,,,245.0,,,
1997-04-08,,,245.0,,,
1997-04-09,,,245.0,,,
1997-04-10,,,245.5,,,
1997-04-11,,,251.5,,,
1997-04-14,251.5,250.5,250.5,250.5,,
1997-04-15,252.5,251.5,252.5,252.5,,
1997-04-16,254.0,252.5,252.5,252.5,,
1997-04-17,254.0,252.5,252.5,252.5,,
1997-04-18,255.5,254.0,255.5,255.5,,
1997-04-21,269.5,262.5,269.5,262.5,,
1997-04-22,268.5,260.5,260.5,267.5,,
1997-04-23,261.0,260.5,260.5,260.5,,
1997-04-24,261.5,260.5,260.5,261.5,,
1997-04-25,263.0,261.0,262.5,261.5,,
1997-04-28,263.5,261.5,262.5,261.5,,
1997-04-29,264.5,263.0,264.5,264.5,,
1997-04-30,263.5,261.5,262.5,261.5,,
1997-05-01,264.5,261.5,264.5,261.5,,
1997-05-02,263.5,261.5,262.5,261.5,,
1997-05-06,264.5,261.5,264.5,261.5,,
1997-05-07,264.5,262.5,264.5,262.5,,
1997-05-08,264.5,262.5,264.5,262.5,,
1997-05-09,263.5,262.5,262.5,262.5,,
1997-05-12,262.5,262.5,262.5,262.5,,
1997-05-13,262.5,262.5,262.5,262.5,,
1997-05-14,263.5,260.5,263.0,262.5,,
1997-05-15,261.5,260.5,260.5,260.5,,
1997-05-16,262.5,257.5,257.5,262.5,,7111.0
1997-05-19,257.5,254.5,254.5,257.5,,
1997-05-20,254.5,245.5,245.5,254.5,,
1997-05-21,245.5,245.5,245.5,245.5,,
1997-05-22,245.5,244.5,244.5,245.5,,
1997-05-23,244.5,237.5,237.5,244.5,,
1997-05-27,237.5,235.5,235.5,237.5,,
1997-05-28,235.5,235.5,235.5,235.5,,
1997-05-29,235.5,235.5,235.5,235.5,,
1997-05-30,235.5,235.5,235.5,235.5,,
1997-06-02,235.5,235.5,235.5,235.5,,
1997-06-03,235.5,235.5,235.5,235.5,,
1997-06-04,236.5,235.5,235.5,235.5,,
1997-06-05,237.5,234.5,234.5,237.5,,
1997-06-06,234.5,234.5,234.5,234.5,,
1997-06-09,234.5,234.5,234.5,234.5,,
1997-06-10,234.5,234.5,234.5,234.5,,
1997-06-11,234.5,234.5,234.5,234.5,,
1997-06-12,234.5,234.5,234.5,234.5,,
1997-06-13,234.5,234.5,234.5,234.5,,
1997-06-16,234.5,234.5,234.5,234.5,,
1997-06-17,234.5,234.5,234.5,234.5,,37600.0
1997-06-18,234.5,234.5,234.5,234.5,,
1997-06-19,234.5,231.0,232.5,234.5,,
1997-06-20,231.0,229.5,229.5,229.5,,
1997-06-23,229.5,229.5,229.5,229.5,,
1997-06-24,228.5,222.5,222.5,227.5,,
1997-06-25,225.5,222.5,222.5,225.5,,
1997-06-26,225.5,222.5,222.5,225.5,,100000.0
1997-06-27,222.5,222.5,222.5,222.5,,
1997-06-30,222.5,215.5,215.5,222.5,,
1997-07-01,215.5,215.5,215.5,215.5,,100000.0
1997-07-02,215.5,215.5,215.5,215.5,,
1997-07-03,215.5,215.5,215.5,215.5,,
1997-07-04,215.5,215.5,215.5,215.5,,
1997-07-07,215.5,212.5,212.5,215.5,,
1997-07-08,212.5,212.0,212.5,212.5,,
1997-07-09,211.5,210.5,210.5,211.5,,
1997-07-10,211.5,210.5,210.5,211.5,,
1997-07-11,211.5,210.5,210.5,211.5,,
1997-07-14,211.5,209.5,209.5,211.5,,
1997-07-15,209.5,209.5,209.5,209.5,,
1997-07-16,209.5,209.5,209.5,209.5,,
1997-07-17,209.5,209.5,209.5,209.5,,
1997-07-18,209.5,209.5,209.5,209.5,,
1997-07-21,209.5,209.5,209.5,209.5,,
1997-07-22,209.5,209.5,209.5,209.5,,
1997-07-23,209.5,209.5,209.5,209.5,,
1997-07-24,209.5,209.5,209.5,209.5,,
1997-07-25,209.5,209.5,209.5,209.5,,
1997-07-28,209.5,205.5,205.5,209.5,,
1997-07-29,205.5,205.5,205.5,205.5,,
1997-07-30,205.5,202.5,202.5,205.5,,
1997-07-31,202.5,202.5,202.5,202.5,,
1997-08-01,202.5,202.5,202.5,202.5,,
1997-08-04,202.5,202.5,202.5,202.5,,
1997-08-05,202.5,202.5,202.5,202.5,,
1997-08-06,202.5,202.5,202.5,202.5,,
1997-08-07,202.5,202.5,202.5,202.5,,
1997-08-08,202.5,202.5,202.5,202.5,,
1997-08-11,204.5,202.5,204.5,202.5,,
1997-08-12,204.5,202.5,204.5,202.5,,
1997-08-13,204.5,202.5,204.5,202.5,,
1997-08-14,207.5,204.5,207.5,204.5,,17500.0
1997-08-15,207.5,205.5,207.5,205.5,,
1997-08-18,205.5,199.5,199.5,205.5,,
1997-08-19,202.5,199.5,200.5,202.5,,
1997-08-20,202.5,201.5,202.5,202.5,,83733.0
1997-08-21,202.5,202.5,202.5,202.5,,
1997-08-22,202.5,202.5,202.5,202.5,,
1997-08-26,202.5,202.5,202.5,202.5,,297985.0
1997-08-27,204.5,202.5,204.5,202.5,,
1997-08-28,204.5,203.5,204.5,204.5,,
1997-08-29,204.5,203.5,204.5,204.5,,
1997-09-01,203.5,201.5,201.5,202.5,,
1997-09-02,202.5,201.5,202.5,201.5,,
1997-09-03,202.5,201.5,202.5,201.5,,
1997-09-04,202.5,200.5,200.5,202.5,,
1997-09-05,200.5,200.5,200.5,200.5,,
1997-09-08,200.5,200.5,200.5,200.5,,
1997-09-09,241.5,211.5,235.5,211.5,,2916.0
1997-09-10,237.5,235.0,237.5,235.5,,
1997-09-11,249.5,237.5,249.5,237.5,,
1997-09-12,247.5,244.5,244.5,247.5,,
1997-09-15,245.0,244.5,244.5,244.5,,100000.0
1997-09-16,245.5,244.5,244.5,245.5,,
1997-09-17,247.5,245.0,247.5,245.5,,35000.0
1997-09-18,252.5,247.5,252.5,247.5,,50000.0
1997-09-19,262.5,252.5,262.5,252.5,,
1997-09-22,263.0,261.5,262.5,262.5,,
1997-09-23,262.5,261.5,262.5,262.5,,
1997-09-24,262.5,260.5,260.5,262.5,,
1997-09-25,262.5,251.5,255.5,262.5,,
1997-09-26,259.5,255.5,259.5,255.5,,
1997-09-29,259.5,257.5,257.5,259.5,,
1997-09-30,259.5,257.5,257.5,259.5,,
1997-10-01,268.5,258.5,266.5,259.5,,
1997-10-02,277.5,270.5,274.5,270.5,,10000.0
1997-10-03,274.5,272.5,274.5,274.5,,
1997-10-06,274.5,274.5,274.5,274.5,,
1997-10-07,275.5,274.5,275.5,274.5,,
1997-10-08,275.5,275.0,275.5,275.5,,
1997-10-09,275.5,275.0,275.5,275.5,,
1997-10-10,275.5,275.0,275.5,275.5,,
1997-10-13,275.5,275.0,275.5,275.5,,
1997-10-14,277.5,274.5,277.5,274.5,,
1997-10-15,279.5,277.5,279.5,277.5,,25000.0
1997-10-16,279.5,277.5,279.5,277.5,,
1997-10-17,279.5,277.5,279.5,277.5,,
1997-10-20,279.5,277.5,277.5,279.5,,
1997-10-21,278.5,277.5,277.5,277.5,,
1997-10-22,279.5,277.5,279.5,277.5,,
1997-10-23,278.0,276.5,276.5,276.5,,
1997-10-24,278.5,276.5,277.5,276.5,,
1997-10-27,278.5,277.5,277.5,277.5,,
1997-10-28,272.5,262.5,262.5,272.5,,
1997-10-29,269.5,264.5,269.5,264.5,,91000.0
1997-10-30,269.5,269.5,269.5,269.5,,
1997-10-31,270.5,269.5,270.5,269.5,,
1997-11-03,272.5,270.5,272.5,270.5,,
1997-11-04,274.5,272.5,274.5,272.5,,173000.0
1997-11-05,274.5,273.5,274.5,274.5,,
1997-11-06,274.5,272.5,274.5,272.5,,74000.0
1997-11-07,273.5,272.5,272.5,272.5,,100000.0
1997-11-10,273.5,272.5,272.5,272.5,,
1997-11-11,275.5,272.5,275.5,272.5,,100000.0
1997-11-12,275.5,274.5,275.5,274.5,,50000.0
1997-11-13,290.5,277.5,290.5,277.5,,
1997-11-14,299.5,290.5,299.5,290.5,,
1997-11-17,300.5,299.5,299.5,300.5,,
1997-11-18,300.5,295.5,295.5,300.5,,
1997-11-19,298.5,295.5,295.5,298.5,,
1997-11-20,297.0,295.5,295.5,295.5,,
1997-11-21,298.5,297.0,298.5,298.5,,
1997-11-24,299.0,298.5,298.5,298.5,,
1997-11-25,299.5,299.0,299.5,299.5,,345000.0
1997-11-26,299.5,299.5,299.5,299.5,,
1997-11-27,299.5,299.5,299.5,299.5,,
1997-11-28,300.0,299.5,299.5,299.5,,
1997-12-01,300.5,300.5,300.5,300.5,,
1997-12-02,300.5,300.5,300.5,300.5,,
1997-12-03,300.5,300.5,300.5,300.5,,
1997-12-04,300.5,299.5,299.5,300.5,,
1997-12-05,300.5,299.5,299.5,300.5,,
1997-12-08,300.5,299.5,300.5,300.5,,
1997-12-09,302.5,299.5,302.5,299.5,,
1997-12-10,302.5,300.5,302.5,300.5,,
1997-12-11,302.5,300.5,302.5,300.5,,
1997-12-12,302.5,301.0,302.5,302.5,,89721.0
1997-12-15,302.5,301.5,302.5,302.5,,100000.0
1997-12-16,302.5,301.5,302.5,302.5,,
1997-12-17,302.5,301.5,302.5,302.5,,
1997-12-18,302.5,301.5,302.5,302.5,,
1997-12-19,302.5,302.5,302.5,302.5,,
1997-12-22,302.5,302.5,302.5,302.5,,
1997-12-23,302.5,302.5,302.5,302.5,,
1997-12-24,302.5,302.5,302.5,302.5,,
1997-12-29,302.5,302.0,302.5,302.5,,
1997-12-30,305.5,302.5,305.5,302.5,,50000.0
1997-12-31,305.5,304.5,305.5,304.5,,96000.0
1998-01-02,305.5,304.5,305.5,304.5,,
1998-01-05,305.5,304.5,305.5,304.5,,
1998-01-06,305.5,304.5,305.5,304.5,,34500.0
1998-01-07,305.5,305.0,305.5,305.5,,
1998-01-08,305.5,304.5,305.5,304.5,,31000.0
1998-01-09,305.5,304.5,305.5,304.5,,
1998-01-12,305.5,304.5,305.5,304.5,,200000.0
1998-01-13,320.5,304.5,320.5,304.5,,
1998-01-14,332.5,320.5,332.5,320.5,,35000.0
1998-01-15,339.5,332.5,339.5,332.5,,
1998-01-16,337.5,335.0,335.5,337.5,,566672.0
1998-01-19,335.5,335.5,335.5,335.5,,
1998-01-20,336.0,335.5,335.5,335.5,,
1998-01-21,357.5,335.5,355.5,335.5,,25000.0
1998-01-22,355.5,355.5,355.5,355.5,,
1998-01-23,355.5,354.5,354.5,355.5,,
1998-01-26,355.5,354.5,355.5,354.5,,
1998-01-27,354.5,354.5,354.5,354.5,,
1998-01-28,354.5,354.5,354.5,354.5,,
1998-01-29,354.5,354.5,354.5,354.5,,
1998-01-30,354.5,352.5,352.5,354.5,,
1998-02-02,352.5,352.5,352.5,352.5,,
1998-02-03,371.0,352.5,371.0,352.5,,
1998-02-04,391.0,373.0,390.0,373.0,,
1998-02-05,405.0,391.0,405.0,392.0,,
1998-02-06,405.0,392.5,403.0,405.0,,
1998-02-09,405.0,403.0,405.0,403.0,,
1998-02-10,403.0,400.0,400.0,403.0,,
1998-02-11,402.0,400.0,400.0,402.0,,
1998-02-12,400.0,398.5,400.0,400.0,,
1998-02-13,400.0,400.0,400.0,400.0,,90000.0
1998-02-16,400.0,398.0,398.0,400.0,,
1998-02-17,403.5,400.0,400.0,402.0,,1500.0
1998-02-18,402.5,400.0,400.0,402.0,,1500.0
1998-02-19,428.0,402.5,425.0,405.0,,
1998-02-20,423.5,413.5,415.0,422.0,,250000.0
1998-02-23,420.0,412.5,420.0,415.0,,
1998-02-24,420.0,420.0,420.0,420.0,,
1998-02-25,423.0,420.0,423.0,420.0,,
1998-02-26,428.0,423.0,428.0,423.0,,
1998-02-27,435.0,430.0,435.0,430.0,,
1998-03-02,435.0,435.0,435.0,435.0,,
1998-03-03,435.0,435.0,435.0,435.0,,
1998-03-04,440.0,435.0,440.0,435.0,,
1998-03-05,440.0,430.0,430.0,440.0,,651.0
1998-03-06,432.0,426.5,428.0,432.0,,651.0
1998-03-09,423.5,422.0,422.0,422.0,,
1998-03-10,422.0,410.0,410.0,422.0,,4700.0
1998-03-11,410.0,407.5,408.0,410.0,,4700.0
1998-03-12,410.0,409.0,410.0,410.0,,22600.0
1998-03-13,410.0,410.0,410.0,410.0,,7000.0
1998-03-16,412.0,410.0,412.0,410.0,,984.0
1998-03-17,412.0,411.0,412.0,412.0,,984.0
1998-03-18,412.0,410.0,412.0,410.0,,
1998-03-19,412.0,410.0,412.0,410.0,,
1998-03-20,412.0,411.0,412.0,412.0,,148000.0
1998-03-23,412.0,412.0,412.0,412.0,,119000.0
1998-03-24,412.0,405.0,405.0,412.0,,
1998-03-25,405.0,405.0,405.0,405.0,,
1998-03-26,405.0,402.5,405.0,405.0,,100000.0
1998-03-27,405.0,400.0,405.0,400.0,,
1998-03-30,405.0,400.5,402.0,405.0,,206573.0
1998-03-31,402.0,401.0,402.0,402.0,,
1998-04-01,402.0,400.0,400.0,402.0,,
1998-04-02,413.0,402.0,413.0,402.0,,
1998-04-03,438.5,413.0,437.0,413.0,,
1998-04-06,446.0,438.5,445.0,440.0,,
1998-04-07,447.0,443.0,443.0,445.0,,
1998-04-08,441.5,433.0,433.0,440.0,,
1998-04-09,434.0,417.5,420.0,433.0,,
1998-04-14,420.0,410.0,410.0,420.0,,100000.0
1998-04-15,410.0,410.0,410.0,410.0,,25000.0
1998-04-16,410.0,410.0,410.0,410.0,,
1998-04-17,425.0,410.0,425.0,410.0,,
1998-04-20,425.0,422.0,425.0,422.0,,
1998-04-21,425.0,422.0,425.0,422.0,,
1998-04-22,425.0,422.0,422.0,425.0,,
1998-04-23,422.5,422.0,422.0,422.0,,
1998-04-24,425.0,422.0,422.0,425.0,,
1998-04-27,425.0,420.0,420.0,425.0,,365000.0
1998-04-28,425.0,421.0,422.0,425.0,,
1998-04-29,425.0,420.0,420.0,425.0,,
1998-04-30,425.0,420.0,420.0,425.0,,
1998-05-01,425.0,422.5,425.0,425.0,,
1998-05-05,425.0,425.0,425.0,425.0,,103300.0
1998-05-06,457.0,425.0,457.0,425.0,,10000.0
1998-05-07,474.0,460.0,473.0,460.0,,
1998-05-08,475.0,473.0,473.0,475.0,,
1998-05-11,477.5,474.0,475.0,475.0,,
1998-05-12,480.0,475.0,475.0,480.0,,
1998-05-13,478.0,474.0,475.0,478.0,,
1998-05-14,474.0,473.0,473.0,473.0,,
1998-05-15,475.0,474.0,475.0,475.0,,100000.0
1998-05-18,474.0,465.0,465.0,473.0,,
1998-05-19,470.0,465.0,465.0,470.0,,
1998-05-20,488.0,465.0,488.0,465.0,,
1998-05-21,499.0,494.5,497.0,495.0,,
1998-05-22,496.0,492.0,492.0,492.0,,
1998-05-26,498.0,485.0,485.0,498.0,,
1998-05-27,490.0,485.0,485.0,490.0,,
1998-05-28,485.0,485.0,485.0,485.0,,
1998-05-29,485.0,480.0,480.0,485.0,,
1998-06-01,480.0,480.0,480.0,480.0,,3675.0
1998-06-02,480.0,480.0,480.0,480.0,,49810.0
1998-06-03,480.0,470.0,470.0,480.0,,
1998-06-04,477.0,470.0,470.0,477.0,,
1998-06-05,475.0,473.0,473.0,473.0,,
1998-06-08,474.0,473.0,473.0,473.0,,5755.0
1998-06-09,475.0,473.0,473.0,475.0,,
1998-06-10,474.0,473.0,473.0,473.0,,
1998-06-11,475.0,465.0,468.0,475.0,,
1998-06-12,468.0,465.0,468.0,465.0,,
1998-06-15,466.5,452.5,455.0,465.0,,
1998-06-16,450.0,447.5,450.0,450.0,,
1998-06-17,450.0,447.5,450.0,450.0,,
1998-06-18,450.0,446.0,450.0,447.0,,200000.0
1998-06-19,450.0,450.0,450.0,450.0,,
1998-06-22,453.0,450.0,453.0,450.0,,
1998-06-23,455.0,453.0,455.0,453.0,,
1998-06-24,455.0,452.5,455.0,455.0,,
1998-06-25,455.0,450.0,455.0,450.0,,
1998-06-26,455.0,452.5,455.0,455.0,,
1998-06-29,452.5,450.0,450.0,450.0,,
1998-06-30,455.0,450.0,450.0,455.0,,
1998-07-01,450.0,450.0,450.0,450.0,,
1998-07-02,450.0,450.0,450.0,450.0,,
1998-07-03,450.0,450.0,450.0,450.0,,
1998-07-06,450.0,450.0,450.0,450.0,,
1998-07-07,450.0,450.0,450.0,450.0,,
1998-07-08,450.0,450.0,450.0,450.0,,
1998-07-09,450.0,450.0,450.0,450.0,,
1998-07-10,450.0,450.0,450.0,450.0,,
1998-07-13,450.0,450.0,450.0,450.0,,
1998-07-14,450.0,450.0,450.0,450.0,,
1998-07-15,450.0,450.0,450.0,450.0,,
1998-07-16,462.0,450.0,458.5,450.0,,
1998-07-17,470.0,455.0,469.0,455.0,,10000.0
1998-07-20,475.0,469.0,475.0,470.0,,25000.0
1998-07-21,475.0,475.0,475.0,475.0,,
1998-07-22,476.5,475.0,476.5,475.0,,
1998-07-23,475.0,475.0,475.0,475.0,,4246.0
1998-07-24,475.0,475.0,475.0,475.0,,
1998-07-27,475.0,475.0,475.0,475.0,,
1998-07-28,475.0,467.5,467.5,475.0,,
1998-07-29,470.0,467.5,467.5,470.0,,
1998-07-30,470.0,467.5,467.5,470.0,,
1998-07-31,470.0,467.5,467.5,470.0,,
1998-08-03,465.0,465.0,465.0,465.0,,
1998-08-04,465.0,460.0,461.0,465.0,,
1998-08-05,457.5,443.5,443.5,455.0,,
1998-08-06,448.0,440.0,444.0,440.0,,
1998-08-07,448.0,444.0,444.0,448.0,,
1998-08-10,465.0,465.0,465.0,465.0,,100000.0
1998-08-11,465.0,459.0,459.0,465.0,,
1998-08-12,459.0,440.0,441.5,458.0,,
1998-08-13,441.5,427.5,427.5,440.0,,
1998-08-14,425.0,423.0,424.0,425.0,,13247.0
1998-08-17,425.0,395.0,397.5,425.0,,
1998-08-18,400.0,395.0,397.5,395.0,,
1998-08-19,397.5,395.0,395.0,395.0,,
1998-08-20,400.0,395.0,400.0,395.0,,
1998-08-21,400.0,395.0,395.0,400.0,,
1998-08-24,393.0,385.0,387.5,393.0,,
1998-08-25,387.5,385.0,387.5,385.0,,
1998-08-26,387.5,385.0,385.0,385.0,,
1998-08-27,385.0,380.0,380.0,385.0,,
1998-08-28,380.0,370.0,372.5,380.0,,
1998-09-01,375.0,345.0,346.5,375.0,,
1998-09-02,350.0,345.0,347.5,345.0,,
1998-09-03,350.0,345.0,347.5,345.0,,
1998-09-04,350.0,346.5,347.5,348.0,,
1998-09-07,350.0,345.0,347.5,345.0,,
1998-09-08,342.0,335.0,335.5,342.0,,
1998-09-09,335.0,330.0,331.5,335.0,,
1998-09-10,340.0,333.0,339.0,333.0,,
1998-09-11,345.0,342.5,344.0,345.0,,
1998-09-14,352.5,344.0,352.5,345.0,,
1998-09-15,385.0,352.5,359.0,365.0,,100000.0
1998-09-16,360.0,358.0,359.0,360.0,,
1998-09-17,359.0,350.0,352.5,358.0,,
1998-09-18,355.0,350.0,352.5,355.0,,
1998-09-21,350.0,332.0,334.5,350.0,,
1998-09-22,337.0,335.0,336.0,337.0,,
1998-09-23,336.0,333.0,333.0,335.0,,
1998-09-24,333.0,333.0,333.0,333.0,,
1998-09-25,333.0,320.0,320.0,333.0,,
1998-09-28,320.0,310.0,311.0,320.0,,
1998-09-29,312.0,310.0,311.0,312.0,,
1998-09-30,312.0,310.0,310.0,312.0,,
1998-10-01,311.0,310.0,310.0,310.0,,
1998-10-02,310.0,285.5,285.5,310.0,,
1998-10-05,285.0,265.0,266.0,285.0,,15000.0
1998-10-06,268.5,265.0,268.5,265.0,,
1998-10-07,275.0,270.0,274.0,270.0,,
1998-10-08,274.0,270.0,270.0,273.0,,
1998-10-09,270.0,266.0,268.0,270.0,,
1998-10-12,270.0,266.0,268.0,270.0,,
1998-10-13,274.0,270.0,274.0,270.0,,
1998-10-14,278.0,272.0,276.0,275.0,,
1998-10-15,275.0,273.5,275.0,275.0,,
1998-10-16,295.0,272.0,295.0,272.0,,
1998-10-19,297.5,295.0,297.5,295.0,,
1998-10-20,310.0,297.5,310.0,300.0,,
1998-10-21,307.5,300.0,301.5,305.0,,
1998-10-22,303.0,296.0,296.0,303.0,,
1998-10-23,297.0,295.0,296.0,297.0,,
1998-10-26,300.0,296.0,298.5,297.0,,
1998-10-27,303.0,297.0,300.0,297.0,,
1998-10-28,300.0,297.5,297.5,300.0,,
1998-10-29,305.0,298.5,302.5,300.0,,
1998-10-30,305.0,300.0,302.5,300.0,,
1998-11-02,335.0,300.0,334.0,300.0,,
1998-11-03,335.0,314.0,316.0,335.0,,
1998-11-04,317.0,315.0,316.0,317.0,,
1998-11-05,321.0,315.0,321.0,315.0,,10000.0
1998-11-06,321.5,320.0,321.0,320.0,,100000.0
1998-11-09,322.0,320.0,321.0,322.0,,
1998-11-10,327.0,321.0,324.5,322.0,,
1998-11-11,327.0,322.0,324.5,322.0,,
1998-11-12,327.0,322.0,324.5,322.0,,
1998-11-13,327.0,324.5,324.5,327.0,,
1998-11-16,327.0,323.5,324.5,327.0,,
1998-11-17,326.0,322.0,324.5,322.0,,
1998-11-18,327.0,316.5,316.5,327.0,,
1998-11-19,318.0,305.0,306.5,318.0,,
1998-11-20,309.0,306.5,308.5,308.0,,
1998-11-23,308.5,308.0,308.5,308.0,,
1998-11-24,310.0,305.0,305.0,310.0,,
1998-11-25,307.5,302.5,307.5,305.0,,
1998-11-26,313.0,309.0,313.0,313.0,,
1998-11-27,314.0,313.0,314.0,313.0,,
1998-11-30,316.5,314.0,316.5,315.0,,
1998-12-01,325.0,317.5,325.0,318.0,,
1998-12-02,326.0,325.0,326.0,325.0,,
1998-12-03,327.0,325.0,326.0,325.0,,
1998-12-04,327.0,325.0,326.0,325.0,,
1998-12-07,361.5,325.0,361.5,325.0,,
1998-12-08,370.0,361.0,367.5,362.0,,
1998-12-09,406.0,365.0,400.0,365.0,,
1998-12-10,400.0,397.5,400.0,400.0,,
1998-12-11,400.0,398.0,399.0,400.0,,
1998-12-14,400.0,398.0,398.0,400.0,,
1998-12-15,398.0,395.0,395.0,398.0,,35000.0
1998-12-16,397.0,395.0,396.0,395.0,,
1998-12-17,400.0,396.0,398.0,397.0,,27500.0
1998-12-18,400.0,398.0,398.0,400.0,,
1998-12-21,399.0,396.0,398.0,396.0,,
1998-12-22,399.0,396.0,398.0,396.0,,
1998-12-23,399.0,396.0,398.0,396.0,,
1998-12-24,399.0,396.0,398.0,396.0,,
1998-12-29,400.0,398.0,398.0,400.0,,
1998-12-30,399.0,396.0,398.0,396.0,,
1999-01-04,399.0,396.0,398.0,396.0,,
1999-01-05,399.0,396.0,398.0,396.0,,
1999-01-06,400.0,398.0,398.0,400.0,,
1999-01-07,400.0,396.0,396.5,396.0,,2120.0
1999-01-08,400.0,394.0,394.0,400.0,,
1999-01-11,393.0,390.0,391.5,393.0,,
1999-01-12,393.0,390.0,391.5,393.0,,
1999-01-13,393.0,390.0,393.0,390.0,,
1999-01-14,395.0,393.0,394.0,393.0,,
1999-01-15,395.0,394.0,394.0,395.0,,15086.0
1999-01-18,395.0,394.0,395.0,395.0,,
1999-01-19,395.0,395.0,395.0,395.0,,
1999-01-20,425.0,395.0,425.0,395.0,,
1999-01-21,455.0,425.0,449.0,425.0,,
1999-01-22,448.0,442.0,445.0,448.0,,70000.0
1999-01-25,445.0,442.0,445.0,445.0,,
1999-01-26,445.0,442.0,445.0,445.0,,5401.0
1999-01-27,446.5,443.0,445.5,445.0,,
1999-01-28,444.0,443.0,444.0,443.0,,
1999-01-29,445.0,443.0,444.0,445.0,,
1999-02-01,453.5,443.0,452.5,443.0,,100000.0
1999-02-02,455.0,452.5,452.5,455.0,,
1999-02-03,455.0,452.5,452.5,455.0,,
1999-02-04,456.0,450.0,456.0,450.0,,8214.0
1999-02-05,475.0,455.0,475.0,455.0,,100000.0
1999-02-08,475.0,474.0,474.0,475.0,,6700.0
1999-02-09,474.0,473.0,474.0,473.0,,
1999-02-10,475.0,455.0,456.0,475.0,,25000.0
1999-02-11,457.5,455.0,456.5,455.0,,
1999-02-12,458.0,455.0,458.0,455.0,,
1999-02-15,465.0,458.0,464.0,458.0,,
1999-02-16,490.0,477.5,480.0,485.0,,225000.0
1999-02-17,490.0,482.0,482.0,490.0,,
1999-02-18,480.0,473.0,473.0,478.0,,
1999-02-19,473.0,470.0,470.0,473.0,,
1999-02-22,470.0,460.0,460.0,470.0,,
1999-02-23,460.0,458.0,459.0,460.0,,
1999-02-24,460.0,459.0,460.0,460.0,,
1999-02-25,460.0,453.0,454.0,460.0,,
1999-02-26,455.0,453.0,454.0,455.0,,
1999-03-01,453.0,433.5,435.0,453.0,,
1999-03-02,435.0,435.0,435.0,435.0,,
1999-03-03,435.0,435.0,435.0,435.0,,
1999-03-04,435.0,435.0,435.0,435.0,,
1999-03-05,437.5,435.0,435.0,435.0,,
1999-03-08,435.0,435.0,435.0,435.0,,200000.0
1999-03-09,435.0,433.0,434.0,435.0,,
1999-03-10,435.0,433.0,434.0,435.0,,
1999-03-11,435.0,433.0,435.0,435.0,,
1999-03-12,442.5,435.0,440.0,435.0,,
1999-03-15,455.0,445.0,455.0,445.0,,
1999-03-16,465.0,455.0,462.5,455.0,,
1999-03-17,462.5,458.0,459.0,460.0,,
1999-03-18,460.0,457.0,457.5,460.0,,
1999-03-19,458.0,456.5,456.5,458.0,,
1999-03-22,458.0,455.0,458.0,455.0,,
1999-03-23,458.0,458.0,458.0,458.0,,
1999-03-24,458.0,455.5,456.5,458.0,,
1999-03-25,458.5,455.0,458.5,455.0,,
1999-03-26,458.5,457.0,458.5,457.0,,5000.0
1999-03-29,461.5,457.0,461.5,457.0,,
1999-03-30,462.5,460.0,462.5,460.0,,
1999-03-31,462.5,460.0,462.5,460.0,,
1999-04-01,462.5,460.0,462.5,460.0,,
1999-04-06,465.0,460.0,462.5,465.0,,
1999-04-07,462.5,460.0,462.5,460.0,,
1999-04-08,460.0,456.5,457.5,460.0,,
1999-04-09,460.0,457.5,457.5,460.0,,
1999-04-12,457.5,450.0,450.0,455.0,,
1999-04-13,460.0,450.0,460.0,450.0,,
1999-04-14,460.0,460.0,460.0,460.0,,
1999-04-15,460.0,456.0,456.0,460.0,,22700.0
1999-04-16,457.0,456.0,456.0,457.0,,
1999-04-19,457.0,456.0,456.0,457.0,,18000.0
1999-04-20,447.5,433.0,434.0,445.0,,
1999-04-21,438.5,433.0,438.5,433.0,,
1999-04-22,438.5,437.0,438.5,437.0,,
1999-04-23,440.0,438.5,438.5,440.0,,
1999-04-26,440.0,437.0,438.5,440.0,,
1999-04-27,440.0,435.0,438.5,440.0,,
1999-04-28,441.0,435.0,438.5,440.0,,10000.0
1999-04-29,440.5,437.5,440.5,440.0,,
1999-04-30,442.0,439.0,440.5,442.0,,
1999-05-04,442.0,439.0,441.0,442.0,,
1999-05-05,439.5,437.0,437.0,439.0,,
1999-05-06,439.0,433.0,434.0,439.0,,
1999-05-07,435.0,434.0,434.0,435.0,,
1999-05-10,434.0,433.0,434.0,433.0,,
1999-05-11,435.0,433.0,434.0,433.0,,
1999-05-12,434.0,433.0,433.0,433.0,,
1999-05-13,433.0,433.0,433.0,433.0,,
1999-05-14,433.0,433.0,433.0,433.0,,
1999-05-17,433.0,424.0,424.0,433.0,,
1999-05-18,424.0,421.5,422.5,423.0,,
1999-05-19,422.5,416.5,416.5,420.0,,
1999-05-20,418.0,415.0,416.5,415.0,,
1999-05-21,418.0,415.0,416.5,415.0,,
1999-05-24,416.5,403.0,406.5,415.0,,
1999-05-25,406.5,403.0,406.5,403.0,,
1999-05-26,403.0,400.0,402.5,400.0,,
1999-05-27,404.0,400.0,404.0,400.0,,
1999-05-28,403.0,400.0,402.5,400.0,,
1999-06-01,403.0,400.0,402.5,400.0,,
1999-06-02,405.0,392.5,392.5,405.0,,
1999-06-03,395.0,390.0,392.5,390.0,,
1999-06-04,397.5,392.5,397.5,395.0,,
1999-06-07,397.5,395.0,397.5,395.0,,25000.0
1999-06-08,397.5,395.0,395.0,395.0,,
1999-06-09,395.0,393.5,393.5,395.0,,
1999-06-10,395.0,393.5,393.5,395.0,,
1999-06-11,395.0,392.5,392.5,395.0,,
1999-06-14,395.0,390.0,392.5,390.0,,
1999-06-15,392.5,390.0,390.0,390.0,,
1999-06-16,390.0,390.0,390.0,390.0,,
1999-06-17,390.0,381.0,382.5,390.0,,
1999-06-18,385.0,375.0,376.5,385.0,,25000.0
1999-06-21,376.5,375.0,376.5,375.0,,
1999-06-22,376.5,375.0,376.5,375.0,,
1999-06-23,376.5,375.0,376.5,375.0,,
1999-06-24,376.5,375.0,376.5,375.0,,
1999-06-25,376.5,375.0,376.5,375.0,,
1999-06-28,376.5,375.0,376.5,375.0,,
1999-06-29,376.5,375.0,376.5,375.0,,50000.0
1999-06-30,378.0,375.0,376.5,378.0,,
1999-07-01,378.0,372.0,375.0,378.0,,
1999-07-02,375.0,372.0,375.0,372.0,,191701.0
1999-07-05,375.0,372.0,375.0,372.0,,
1999-07-06,378.0,373.5,375.0,378.0,,
1999-07-07,412.5,372.0,405.0,372.0,,1000.0
1999-07-08,441.5,405.0,437.0,405.0,,38000.0
1999-07-09,449.5,437.0,449.5,437.0,,
1999-07-12,452.0,445.0,448.5,452.0,,
1999-07-13,445.0,444.0,444.0,445.0,,
1999-07-14,445.0,435.0,437.5,445.0,,
1999-07-15,437.5,433.0,434.0,435.0,,
1999-07-16,434.0,433.0,433.0,433.0,,
1999-07-19,434.0,430.0,432.5,433.0,,
1999-07-20,435.0,430.0,432.5,435.0,,
1999-07-21,435.0,430.0,432.5,435.0,,25000.0
1999-07-22,440.0,434.5,438.5,435.0,,
1999-07-23,440.0,437.0,438.5,440.0,,
1999-07-26,440.0,437.5,437.5,440.0,,
1999-07-27,440.0,437.5,437.5,440.0,,
1999-07-28,437.5,435.0,437.5,435.0,,
1999-07-29,440.0,420.0,422.5,440.0,,
1999-07-30,425.0,420.0,422.5,425.0,,
1999-08-02,425.0,422.5,422.5,425.0,,
1999-08-03,425.0,420.0,422.5,425.0,,
1999-08-04,425.0,420.0,422.5,425.0,,
1999-08-05,425.0,413.0,414.0,425.0,,
1999-08-06,414.0,410.0,413.5,413.0,,
1999-08-09,413.5,410.0,412.5,413.0,,
1999-08-10,412.5,410.0,412.5,410.0,,
1999-08-11,412.5,410.0,412.5,410.0,,
1999-08-12,415.0,410.0,412.5,410.0,,
1999-08-13,415.0,410.0,410.0,415.0,,
1999-08-16,410.0,409.0,409.0,410.0,,
1999-08-17,409.0,408.0,409.0,408.0,,
1999-08-18,409.0,407.5,407.5,408.0,,
1999-08-19,410.0,402.0,403.5,410.0,,
1999-08-20,410.0,407.5,407.5,410.0,,100000.0
1999-08-23,419.0,407.5,419.0,410.0,,
1999-08-24,420.0,418.0,419.0,420.0,,
1999-08-25,420.0,418.0,419.0,420.0,,
1999-08-26,430.0,418.0,430.0,418.0,,
1999-08-27,467.0,430.0,466.0,430.0,,
1999-08-31,467.5,465.0,467.5,465.0,,
1999-09-01,470.0,465.0,467.5,470.0,,
1999-09-02,485.0,465.0,475.5,465.0,,10000.0
1999-09-03,491.5,473.0,488.0,473.0,,10000.0
1999-09-06,492.0,486.0,489.0,486.0,,
1999-09-07,493.0,489.5,490.0,492.0,,
1999-09-08,490.0,470.5,475.5,487.0,,
1999-09-09,476.0,475.0,475.5,476.0,,
1999-09-10,480.0,475.0,480.0,475.0,,10800.0
1999-09-13,488.0,475.0,472.5,485.0,,71760.0
1999-09-14,485.0,450.0,462.5,485.0,,150214.0
1999-09-15,455.0,441.5,447.5,455.0,,393814.0
1999-09-16,447.0,440.0,438.0,440.0,,12625.0
1999-09-17,450.0,440.0,446.0,440.0,,19784.0
1999-09-20,447.0,440.0,441.0,447.0,,8443.0
1999-09-21,445.0,439.0,442.5,440.0,,60902.0
1999-09-22,435.0,430.0,437.5,435.0,,10500.0
1999-09-23,440.0,435.0,437.5,440.0,,86500.0
1999-09-24,422.0,420.0,423.0,422.0,,38817.0
1999-09-27,435.0,425.0,428.5,435.0,,28845.0
1999-09-28,435.0,425.0,429.0,432.0,,3040.0
1999-09-29,,,429.0,,,
1999-09-30,432.0,425.0,427.5,432.0,,5323.0
1999-10-01,430.0,425.0,427.5,425.0,,600.0
1999-10-04,428.0,425.0,427.5,425.0,,8796.0
1999-10-05,425.0,425.0,428.5,425.0,,5000.0
1999-10-06,430.0,430.0,428.5,430.0,,1500.0
1999-10-07,430.0,425.0,428.5,427.0,,30446.0
1999-10-08,428.5,427.0,428.5,427.0,,31690.0
1999-10-11,437.0,427.0,431.0,430.0,,109865.0
1999-10-12,430.0,423.0,426.5,423.0,,26846.0
1999-10-13,423.0,418.0,425.0,423.0,,56160.0
1999-10-14,425.0,420.0,423.5,425.0,,2428.0
1999-10-15,427.0,420.0,423.5,425.0,,148487.0
1999-10-18,421.0,415.0,419.0,420.0,,64042.0
1999-10-19,422.0,415.0,419.0,415.0,,5443.0
1999-10-20,422.0,418.0,420.0,420.0,,240165.0
1999-10-21,422.0,419.0,420.0,422.0,,21240.0
1999-10-22,420.0,415.0,417.5,419.0,,34485.0
1999-10-25,416.0,413.0,413.0,415.0,,103106.0
1999-10-26,417.0,405.0,411.0,417.0,,7692.0
1999-10-27,415.0,405.0,411.0,407.0,,13964.0
1999-10-28,365.0,300.0,316.5,365.0,,370438.0
1999-10-29,305.0,267.0,286.0,305.0,,122481.0
1999-11-01,313.0,285.0,311.5,292.0,,159453.0
1999-11-02,345.0,308.0,342.5,308.0,,48994.0
1999-11-03,360.0,340.0,356.5,345.0,,23044.0
1999-11-04,405.0,367.0,399.5,367.0,,209232.0
1999-11-05,396.0,380.0,381.5,395.0,,126764.0
1999-11-08,385.0,378.0,380.0,380.0,,19908.0
1999-11-09,385.0,375.0,380.0,385.0,,18829.0
1999-11-10,382.0,375.0,378.5,375.0,,2458.0
1999-11-11,382.0,375.0,378.5,375.0,,3874.0
1999-11-12,385.0,375.0,378.5,380.5,,30607.0
1999-11-15,382.0,375.0,378.5,375.0,,19937.0
1999-11-16,385.0,375.0,381.5,375.0,,493821.0
1999-11-17,393.5,378.0,388.5,378.0,,465419.0
1999-11-18,392.0,386.5,387.0,390.5,,31584.0
1999-11-19,389.0,382.0,385.5,389.0,,206000.0
1999-11-22,389.0,382.0,385.5,383.5,,13291.0
1999-11-23,387.0,381.25,382.5,383.25,,177423.0
1999-11-24,381.25,380.0,382.5,380.0,,1449.0
1999-11-25,383.75,375.0,382.5,383.75,,1043359.0
1999-11-26,385.0,380.0,382.5,381.0,,16850.0
1999-11-29,385.0,380.0,382.5,380.0,,38123.0
1999-11-30,385.0,381.25,382.5,385.0,,6098.0
1999-12-01,383.5,380.0,382.5,380.0,,12371.0
1999-12-02,384.25,382.0,383.5,382.0,,4000.0
1999-12-03,385.0,382.0,383.5,385.0,,88114.0
1999-12-06,407.5,382.0,405.0,382.0,,314637.0
1999-12-07,437.0,428.75,433.5,430.0,,41561.0
1999-12-08,445.0,430.0,437.5,437.0,,413373.0
1999-12-09,508.75,445.0,483.5,445.0,,379098.0
1999-12-10,485.0,475.0,479.0,483.5,,17923.0
1999-12-13,485.0,475.0,482.0,476.5,,32980.0
1999-12-14,487.0,480.0,483.5,480.0,,93786.0
1999-12-15,483.5,475.0,480.5,480.0,,88978.0
1999-12-16,481.75,475.0,482.5,479.25,,107199.0
1999-12-17,487.0,481.25,483.5,481.25,,207540.0
1999-12-20,482.0,470.0,472.5,482.0,,19103.0
1999-12-21,520.0,471.25,517.5,471.25,,59679.0
1999-12-22,553.0,520.0,551.5,520.0,,33401.0
1999-12-23,553.0,540.0,542.5,550.0,,49307.0
1999-12-24,545.0,540.0,542.5,540.0,,4650.0
1999-12-29,542.0,537.0,540.0,537.0,,4100.0
1999-12-30,547.0,537.0,539.5,537.0,,7334.0
2000-01-04,550.0,540.0,543.5,540.0,,176276.0
2000-01-05,523.0,510.0,520.5,515.0,,12373.0
2000-01-06,535.0,525.0,532.5,525.0,,17803.0
2000-01-07,535.0,530.0,532.5,530.0,,8760.0
2000-01-10,560.0,545.0,557.5,545.0,,810680.0
2000-01-11,570.0,560.0,567.5,570.0,,17338.0
2000-01-12,570.0,565.0,567.5,565.0,,82606.0
2000-01-13,570.0,565.0,568.5,565.0,,32964.0
2000-01-14,575.0,568.0,571.0,570.0,,1760.0
2000-01-17,595.0,570.0,593.5,577.0,,38354.0
2000-01-18,610.0,597.0,607.5,600.0,,22277.0
2000-01-19,615.0,605.5,608.5,605.5,,119825.0
2000-01-20,630.0,609.0,623.5,625.0,,90182.0
2000-01-21,635.0,625.0,628.5,627.0,,129149.0
2000-01-24,631.0,610.0,623.5,625.0,,114514.0
2000-01-25,610.0,607.0,608.5,610.0,,6469.0
2000-01-26,610.0,607.0,608.5,607.0,,464872.0
2000-01-27,610.0,607.0,608.0,610.0,,39050.0
2000-01-28,609.0,600.0,607.0,609.0,,43378.0
2000-01-31,607.0,600.0,602.5,607.0,,32443.0
2000-02-01,600.0,600.0,602.5,600.0,,3943.0
2000-02-02,600.0,600.0,601.0,600.0,,14743.0
2000-02-03,605.0,590.0,592.5,597.0,,15945.0
2000-02-04,595.0,590.0,591.5,595.0,,39386.0
2000-02-07,593.0,590.0,591.5,590.0,,5949.0
2000-02-08,590.0,590.0,591.0,590.0,,550.0
2000-02-09,592.0,590.0,591.0,592.0,,46346.0
2000-02-10,591.0,585.0,588.5,590.2,,19555.0
2000-02-11,594.3,585.0,588.5,592.0,,35009.0
2000-02-14,592.0,585.0,587.5,585.0,,19899.0
2000-02-15,610.0,600.0,605.0,600.0,,66278.0
2000-02-16,607.0,600.0,602.5,607.0,,18832.0
2000-02-17,605.0,600.0,602.5,600.0,,3531.0
2000-02-18,605.0,595.0,599.0,605.0,,15505.0
2000-02-21,600.0,593.0,596.5,595.0,,10032.0
2000-02-22,600.0,593.0,596.5,593.0,,4241.0
2000-02-23,600.0,593.0,596.5,600.0,,1336.0
2000-02-24,595.0,587.0,591.0,590.0,,148396.0
2000-02-25,590.0,577.0,580.0,587.0,,15933.0
2000-02-28,570.0,548.0,549.0,565.0,,26944.0
2000-02-29,550.0,540.0,544.0,545.0,,8884.0
2000-03-01,545.0,538.0,540.0,540.0,,9740.0
2000-03-02,580.0,545.0,548.5,555.0,,92351.0
2000-03-03,548.0,535.0,539.5,542.0,,28119.0
2000-03-06,547.0,535.0,538.5,542.0,,16434.0
2000-03-07,543.0,530.0,535.0,542.0,,35277.0
2000-03-08,530.0,520.0,525.0,523.0,,28776.0
2000-03-09,530.0,517.0,517.5,530.0,,13601.0
2000-03-10,515.3,495.0,511.5,515.3,,17266.0
2000-03-13,513.0,485.0,493.0,513.0,,25742.0
2000-03-14,487.0,465.0,477.5,486.0,,28582.0
2000-03-15,470.0,450.0,462.5,470.0,,16848.0
2000-03-16,465.0,440.0,438.5,460.0,,28556.0
2000-03-17,442.0,432.0,434.0,442.0,,11488.0
2000-03-20,436.0,430.0,428.0,432.0,,20258.0
2000-03-21,424.5,395.0,402.5,423.0,,17208.0
2000-03-22,405.0,400.0,402.5,405.0,,4198.0
2000-03-23,405.0,380.0,393.5,405.0,,144477.0
2000-03-24,397.0,390.0,393.5,390.0,,8695.0
2000-03-27,397.0,390.0,392.5,397.0,,14940.0
2000-03-28,395.0,390.0,392.5,395.0,,6921.0
2000-03-29,395.0,390.0,392.5,395.0,,4558.0
2000-03-30,395.0,390.0,392.5,390.0,,7558.0
2000-03-31,392.0,387.0,387.5,392.0,,56875.0
2000-04-03,395.0,385.0,391.0,387.0,,96917.0
2000-04-04,370.0,365.0,365.5,365.0,,14571.0
2000-04-05,369.0,365.0,370.0,365.0,,15738.0
2000-04-06,395.0,370.0,397.5,370.0,,52102.0
2000-04-07,408.0,398.0,404.0,400.0,,11828.0
2000-04-10,420.0,410.0,416.5,410.0,,111132.0
2000-04-11,405.0,400.0,402.5,400.0,,10286.0
2000-04-12,405.0,400.0,400.0,405.0,,1540.0
2000-04-13,390.0,375.0,376.5,390.0,,12020.0
2000-04-14,378.0,377.0,377.5,378.0,,3350.0
2000-04-17,360.0,330.0,359.0,330.0,,16721.0
2000-04-18,365.0,364.0,364.5,365.0,,74441.0
2000-04-19,370.0,369.4,367.0,369.4,,631.0
2000-04-20,365.0,364.0,364.5,364.0,,3092.0
2000-04-25,365.0,360.0,362.5,362.0,,7800.0
2000-04-26,372.0,362.0,370.0,362.0,,2457.0
2000-04-27,365.0,362.0,366.0,365.0,,4486.0
2000-04-28,370.0,365.0,368.5,370.0,,7111.0
2000-05-02,372.0,365.0,368.5,372.0,,4180.0
2000-05-03,370.0,370.0,368.5,370.0,,780.0
2000-05-04,372.0,372.0,368.5,372.0,,1027.0
2000-05-05,380.0,365.0,376.5,372.0,,10818.0
2000-05-08,380.0,380.0,381.0,380.0,,3000.0
2000-05-09,385.0,377.0,381.0,377.0,,805.0
2000-05-10,377.0,377.0,373.5,377.0,,1800.0
2000-05-11,375.0,372.0,376.5,372.0,,35172.0
2000-05-12,382.0,375.0,380.0,375.0,,1321.0
2000-05-15,377.0,377.0,380.0,377.0,,9133.0
2000-05-16,,,378.5,,,
2000-05-17,220.0,195.0,195.5,200.0,,6728505.0
2000-05-18,196.0,195.0,195.5,196.0,,724867.0
2000-05-19,212.0,195.0,211.5,196.0,,1275211.0
2000-05-22,220.0,200.0,202.5,218.0,,575625.0
2000-05-23,210.0,195.0,206.0,204.0,,330260.0
2000-05-24,205.0,193.0,200.0,200.0,,120981.0
2000-05-25,205.0,200.0,203.5,205.0,,787543.0
2000-05-26,205.0,201.0,203.0,202.0,,417137.0
2000-05-30,207.0,202.0,204.5,205.0,,177283.0
2000-05-31,215.0,205.0,212.5,205.0,,538600.0
2000-06-01,270.0,210.0,267.5,210.0,,605963.0
2000-06-02,282.0,265.0,278.5,270.0,,183170.0
2000-06-05,290.0,275.0,285.0,275.0,,74578.0
2000-06-06,290.0,285.0,287.5,290.0,,38117.0
2000-06-07,290.0,285.0,287.5,285.0,,137436.0
2000-06-08,282.0,280.0,281.0,282.0,,75360.0
2000-06-09,282.0,275.0,278.5,275.0,,20205.0
2000-06-12,277.0,275.0,277.5,275.7,,22360.0
2000-06-13,275.0,255.0,262.5,265.5,,81155.0
2000-06-14,284.0,255.0,279.5,260.0,,142286.0
2000-06-15,282.0,270.0,275.0,282.0,,31597.0
2000-06-16,272.0,265.0,268.5,270.0,,55407.0
2000-06-19,272.0,255.0,264.0,265.0,,71701.0
2000-06-20,270.0,263.0,266.5,263.0,,49340.0
2000-06-21,270.0,263.0,266.5,263.0,,5651.0
2000-06-22,270.0,262.0,266.0,270.0,,4971.0
2000-06-23,270.0,262.0,266.0,262.0,,28727.0
2000-06-26,270.0,262.0,266.0,263.0,,7345.0
2000-06-27,270.0,262.0,266.0,262.0,,10185.0
2000-06-28,270.0,262.0,267.5,270.0,,16364.0
2000-06-29,270.0,260.0,262.5,270.0,,33321.0
2000-06-30,265.0,260.0,262.5,265.0,,14264.0
2000-07-03,268.0,260.0,264.0,267.0,,6574.0
2000-07-04,267.2,260.0,264.0,260.0,,10590.0
2000-07-05,262.0,262.0,266.0,262.0,,34696.0
2000-07-06,268.0,260.0,264.0,262.0,,27500.0
2000-07-07,263.0,260.0,264.0,260.0,,5815.0
2000-07-10,260.0,260.0,264.0,260.0,,1500.0
2000-07-11,272.0,265.0,267.5,268.0,,17565.0
2000-07-12,270.0,265.0,267.5,265.0,,9730.0
2000-07-13,270.0,265.0,267.5,265.5,,9337.0
2000-07-14,270.0,265.0,267.5,270.0,,10050.0
2000-07-17,270.0,265.0,267.5,270.0,,7367.0
2000-07-18,270.0,267.0,268.5,270.0,,3376.0
2000-07-19,270.0,267.0,271.5,270.0,,31735.0
2000-07-20,275.0,267.0,268.5,268.0,,12818.0
2000-07-21,269.0,269.0,268.5,269.0,,27900.0
2000-07-24,270.0,267.0,271.0,267.0,,3422.0
2000-07-25,275.0,267.0,271.0,267.0,,14632.0
2000-07-26,275.0,267.0,271.0,275.0,,1881.0
2000-07-27,274.0,267.0,271.0,274.0,,11382.0
2000-07-28,275.0,267.0,268.5,275.0,,9027.0
2000-07-31,267.0,265.0,267.5,267.0,,12000.0
2000-08-01,265.0,265.0,267.5,265.0,,4647.0
2000-08-02,269.0,265.0,267.5,267.3,,19264.0
2000-08-03,265.0,265.0,267.5,265.0,,4515.0
2000-08-04,268.0,265.0,266.5,265.0,,3733.0
2000-08-07,267.0,265.0,266.5,265.3,,2541.0
2000-08-08,267.0,265.0,266.5,265.0,,5514.0
2000-08-09,268.0,260.0,267.5,265.3,,33087.0
2000-08-10,270.0,265.0,267.5,265.0,,13265.0
2000-08-11,270.0,261.0,265.0,270.0,,3718.0
2000-08-14,270.0,260.0,265.0,260.0,,12453.0
2000-08-15,270.0,260.0,265.0,260.0,,2910.0
2000-08-16,270.0,268.0,265.0,268.0,,10026.0
2000-08-17,262.0,255.0,259.0,260.0,,133248.0
2000-08-18,258.0,235.0,245.0,258.0,,24672.0
2000-08-21,235.8,235.0,239.0,235.8,,987.0
2000-08-22,240.0,225.0,232.5,235.0,,12905.0
2000-08-23,234.5,230.0,232.5,230.0,,1219.0
2000-08-24,230.0,230.0,232.5,230.0,,2864.0
2000-08-25,234.0,234.0,233.5,234.0,,2000.0
2000-08-29,235.0,232.5,233.5,234.7,,41039.0
2000-08-30,235.0,232.3,233.5,235.0,,2100.0
2000-08-31,235.0,234.0,234.5,235.0,,34119.0
2000-09-01,252.0,236.0,251.0,236.0,,217644.0
2000-09-04,252.0,251.8,251.0,252.0,,13353.0
2000-09-05,252.0,249.0,248.5,252.0,,2139.0
2000-09-06,245.0,240.0,245.5,245.0,,14830.0
2000-09-07,245.0,240.0,242.5,244.0,,6400.0
2000-09-08,245.0,240.0,241.5,242.0,,6900.0
2000-09-11,245.0,242.0,242.5,243.0,,19392.0
2000-09-12,243.0,233.0,237.5,242.0,,21127.0
2000-09-13,240.0,235.0,236.5,240.0,,8562.0
2000-09-14,240.0,233.0,237.5,233.75,,8327.0
2000-09-15,239.5,235.0,237.5,235.0,,2770.0
2000-09-18,240.0,230.0,232.5,240.0,,24979.0
2000-09-19,230.0,223.0,225.0,230.0,,18032.0
2000-09-20,227.0,223.0,224.0,227.0,,7993.0
2000-09-21,223.0,216.0,219.0,223.0,,18150.0
2000-09-22,218.0,210.0,216.0,210.0,,11540.0
2000-09-25,213.5,212.0,213.5,212.0,,10600.0
2000-09-26,215.0,215.0,213.5,215.0,,4572.0
2000-09-27,215.0,214.0,214.5,215.0,,4535.0
2000-09-28,214.9,210.0,207.5,214.9,,14954.0
2000-09-29,210.0,200.0,203.5,210.0,,15106.0
2000-10-02,205.0,195.0,202.5,195.0,,11214.0
2000-10-03,204.5,200.5,202.5,201.0,,3482.0
2000-10-04,204.5,190.0,202.5,204.5,,12511.0
2000-10-05,204.5,200.0,200.0,204.5,,8215.0
2000-10-06,187.0,176.0,185.5,176.0,,547249.0
2000-10-09,188.0,183.0,185.5,188.0,,9041.0
2000-10-10,188.0,183.0,185.5,187.0,,32977.0
2000-10-11,179.0,177.75,179.5,179.0,,3200.0
2000-10-12,181.5,177.0,179.5,177.5,,6720.0
2000-10-13,162.0,155.0,161.0,155.0,,24390.0
2000-10-16,165.0,160.0,162.5,160.0,,6585.0
2000-10-17,165.0,160.0,162.5,165.0,,2300.0
2000-10-18,165.0,155.0,159.0,165.0,,6602.0
2000-10-19,162.0,155.0,159.0,155.0,,863.0
2000-10-20,163.0,157.0,160.0,157.0,,510.0
2000-10-23,163.0,162.25,160.0,162.25,,291.0
2000-10-24,162.0,157.75,160.0,157.75,,4041.0
2000-10-25,160.0,153.0,156.5,153.0,,6713.0
2000-10-26,156.0,151.0,154.0,152.0,,17135.0
2000-10-27,156.25,151.75,154.0,156.25,,1636.0
2000-10-30,151.75,151.75,154.0,151.75,,1276.0
2000-10-31,155.0,150.0,152.5,150.5,,8138.0
2000-11-01,152.0,138.0,138.5,150.0,,46903.0
2000-11-02,135.0,130.0,133.5,130.0,,25486.0
2000-11-03,135.0,132.0,133.5,132.0,,46270.0
2000-11-06,135.0,132.3,133.5,132.3,,207067.0
2000-11-07,143.0,133.5,141.5,136.0,,139602.0
2000-11-08,137.0,130.0,136.0,130.0,,26775.0
2000-11-09,137.0,130.0,133.5,137.0,,9586.0
2000-11-10,136.25,131.0,133.5,131.0,,2099.0
2000-11-14,135.0,130.0,132.5,130.0,,25048.0
2000-11-15,137.0,130.0,135.0,130.0,,1586968.0
2000-11-16,148.0,138.0,146.5,138.0,,452898.0
2000-11-17,148.0,146.0,146.5,147.6,,455834.0
2000-11-20,148.0,145.0,146.5,147.7,,5772.0
2000-11-21,148.0,145.0,146.5,145.0,,10132.0
2000-11-22,138.0,135.0,137.5,135.0,,12658.0
2000-11-23,140.0,138.75,135.0,140.0,,2047.0
2000-11-24,138.75,130.0,133.5,138.75,,29461.0
2000-11-27,136.25,130.0,133.5,130.75,,4319.0
2000-11-28,137.0,130.0,132.5,137.0,,12517.0
2000-11-29,126.0,120.0,124.0,125.0,,17481.0
2000-11-30,122.0,115.0,117.5,122.0,,29428.0
2000-12-01,119.5,113.0,115.0,119.5,,12697.0
2000-12-04,115.0,108.0,111.0,113.5,,305756.0
2000-12-05,110.0,105.0,108.5,108.0,,12917.0
2000-12-06,110.0,105.5,107.5,110.0,,2916.0
2000-12-07,110.0,100.0,102.5,110.0,,12424.0
2000-12-08,105.0,105.0,102.5,105.0,,1184.0
2000-12-11,105.0,100.0,102.5,100.0,,134233.0
2000-12-12,103.0,85.9,87.5,100.0,,119715.0
2000-12-13,90.0,80.0,82.5,90.0,,110983.0
2000-12-14,83.0,65.3,66.5,82.0,,323797.0
2000-12-15,67.0,58.75,63.5,64.6,,1024801.0
2000-12-18,80.0,62.0,73.5,66.25,,1170123.0
2000-12-19,85.0,77.7,81.5,79.5,,509720.0
2000-12-20,83.0,72.0,75.5,83.0,,430617.0
2000-12-21,77.0,73.5,74.5,75.9,,439879.0
2000-12-22,76.0,74.0,74.5,75.6,,79574.0
2000-12-27,85.0,75.6,82.5,76.0,,118170.0
2000-12-28,85.0,78.0,81.5,84.5,,63221.0
2000-12-29,85.0,78.75,81.5,78.75,,4052.0
2001-01-02,85.0,75.3,76.5,85.0,,85969.0
2001-01-03,80.0,74.5,78.5,74.5,,596243.0
2001-01-04,90.0,82.0,85.5,84.0,,176391.0
2001-01-05,89.0,80.0,84.5,88.0,,88557.0
2001-01-08,87.0,80.75,83.5,80.75,,21731.0
2001-01-09,87.0,80.0,83.5,87.0,,143913.0
2001-01-10,85.0,80.0,82.5,80.0,,218163.0
2001-01-11,84.25,79.0,82.0,84.25,,28104.0
2001-01-12,84.5,80.0,82.5,84.25,,13223.0
2001-01-15,95.0,80.0,90.0,85.0,,225311.0
2001-01-16,95.0,85.0,86.5,93.75,,160780.0
2001-01-17,92.0,86.0,89.5,87.6,,31531.0
2001-01-18,100.0,89.0,96.0,91.5,,832421.0
2001-01-19,120.0,95.5,115.5,100.0,,351359.0
2001-01-22,130.0,103.0,105.0,125.0,,288867.0
2001-01-23,106.0,103.0,105.0,103.0,,118933.0
2001-01-24,123.0,106.0,119.0,106.0,,192732.0
2001-01-25,132.0,115.0,123.5,115.0,,182991.0
2001-01-26,127.0,120.0,125.0,120.75,,148716.0
2001-01-29,127.0,116.0,119.5,127.0,,203723.0
2001-01-30,122.25,117.0,120.0,121.75,,64070.0
2001-01-31,125.0,120.0,122.5,120.0,,89091.0
2001-02-01,125.0,120.0,122.5,120.6,,25772.0
2001-02-02,124.0,110.0,112.5,123.0,,101848.0
2001-02-05,110.0,105.0,107.0,109.7,,63653.0
2001-02-06,108.0,95.0,98.5,108.0,,30905.0
2001-02-07,102.0,95.0,100.0,95.6,,96629.0
2001-02-08,102.0,98.0,98.5,102.0,,659387.0
2001-02-09,112.0,102.0,110.0,102.0,,72352.0
2001-02-12,112.0,108.0,110.0,112.0,,254015.0
2001-02-13,112.0,108.0,110.0,112.0,,96734.0
2001-02-14,112.0,105.0,108.5,112.0,,51338.0
2001-02-15,112.0,105.0,108.5,112.0,,35735.0
2001-02-16,110.0,102.0,104.5,105.0,,53488.0
2001-02-19,105.0,102.0,103.5,102.0,,45938.0
2001-02-20,105.0,102.0,103.5,102.0,,485579.0
2001-02-21,105.0,99.0,101.0,101.0,,16386.0
2001-02-22,100.0,96.0,98.0,100.0,,40234.0
2001-02-23,103.0,99.0,101.5,100.0,,254323.0
2001-02-26,104.0,100.0,101.5,103.0,,89020.0
2001-02-27,125.0,103.0,116.5,103.0,,758036.0
2001-02-28,110.0,100.0,107.5,102.7,,256444.0
2001-03-01,114.0,105.0,108.5,112.0,,210678.0
2001-03-02,111.0,105.0,108.0,111.0,,174889.0
2001-03-05,106.6,95.0,101.0,103.0,,1129982.0
2001-03-06,105.0,97.0,101.0,98.0,,129709.0
2001-03-07,103.0,95.0,98.5,97.0,,20559.0
2001-03-08,98.0,95.95,101.0,97.0,,1449644.0
2001-03-09,98.0,95.9884,97.5,98.0,,1629869.0
2001-03-12,101.0,85.0,91.0,95.0,,173074.0
2001-03-13,91.0,83.0,87.5,85.0,,38936.0
2001-03-14,88.75,80.5,84.0,83.8,,33903.0
2001-03-15,88.75,88.0,86.5,88.0,,7683.0
2001-03-16,93.0,88.6,89.0,93.0,,36465.0
2001-03-19,92.5,88.0,90.5,92.0,,15438.0
2001-03-20,95.5,93.0,92.5,93.0,,6500.0
2001-03-21,89.0,88.9,92.5,88.9,,6326.0
2001-03-22,92.2,86.0,87.5,89.0,,40036.0
2001-03-23,92.0,87.0,89.5,92.0,,42308.0
2001-03-26,91.0,87.0,88.5,87.5,,45848.0
2001-03-27,90.0,87.0,91.5,87.0,,142294.0
2001-03-28,102.0,93.0,98.5,98.75,,1229417.0
2001-03-29,99.5,95.5,97.5,99.5,,7171.0
2001-03-30,100.0,95.0,97.5,95.0,,526202.0
2001-04-02,97.0,95.0,99.0,95.5,,70751.0
2001-04-03,103.0,95.0,99.0,99.0,,130396.0
2001-04-04,96.5,93.0,96.5,96.0,,206242.0
2001-04-05,101.0,93.75,96.5,101.0,,4318.0
2001-04-06,99.25,93.0,95.0,93.0,,41852.0
2001-04-09,97.0,86.0,89.0,97.0,,584263.0
2001-04-10,92.0,86.0,89.0,86.0,,6000.0
2001-04-11,85.5,85.0,87.5,85.0,,2773583.0
2001-04-12,88.75,80.0,84.0,85.0,,17920.0
2001-04-17,87.0,80.5,84.0,80.5,,18346.0
2001-04-18,88.0,83.5,84.0,83.5,,10100.0
2001-04-19,87.0,82.7,85.0,87.0,,6350.0
2001-04-20,83.0,82.75,85.0,83.0,,12152.0
2001-04-23,87.25,81.0,83.5,87.25,,121332.0
2001-04-24,80.7,80.0,83.5,80.0,,13085.0
2001-04-25,82.0,79.75,82.0,80.75,,336621.0
2001-04-26,79.75,79.0,82.0,79.75,,65806.0
2001-04-27,81.6,79.0,80.5,79.0,,30738.0
2001-04-30,77.7,75.0,77.5,76.0,,236107.0
2001-05-01,79.0,75.5,77.5,75.5,,642800.0
2001-05-02,85.0,77.5,82.5,79.0,,263019.0
2001-05-03,87.0,83.5,85.0,84.75,,35588.0
2001-05-04,87.0,83.0,85.0,83.5,,46000.0
2001-05-08,86.5,86.0,85.0,86.0,,8606.0
2001-05-09,83.5,83.0,85.0,83.5,,5756.0
2001-05-10,86.5,86.5,86.5,86.5,,4354.0
2001-05-11,89.25,83.75,86.5,83.75,,14447.0
2001-05-14,83.0,83.0,86.5,83.0,,3729.0
2001-05-15,84.5,78.7,81.5,83.0,,352386.0
2001-05-16,85.0,78.7,81.5,78.75,,7597.0
2001-05-17,85.0,78.7,81.5,80.0,,71505.0
2001-05-18,84.25,84.25,81.5,84.25,,81.0
2001-05-21,78.75,78.75,81.0,78.75,,2027.0
2001-05-22,83.3,78.75,81.0,78.75,,2085.0
2001-05-23,78.75,78.0,81.5,78.75,,2360.0
2001-05-24,84.4,83.0,83.5,83.0,,48757.0
2001-05-25,86.25,80.75,83.5,86.25,,5576.0
2001-05-29,83.0,83.0,83.5,83.0,,500.0
2001-05-30,86.3,80.75,83.5,86.3,,3203.0
2001-05-31,86.5,80.75,86.5,82.0,,129308.0
2001-06-01,89.25,83.7,86.5,83.7,,1250.0
2001-06-04,83.75,83.75,87.0,83.75,,400.0
2001-06-05,,,90.5,,,
2001-06-06,94.25,88.0,91.5,88.6,,16096.0
2001-06-07,96.5,91.0,95.0,95.0,,39636.0
2001-06-08,99.5,93.0,96.5,99.5,,8610.0
2001-06-11,93.75,93.0,96.0,93.75,,13000.0
2001-06-12,98.25,93.75,97.0,98.25,,19367.0
2001-06-13,98.3,93.0,96.0,93.75,,521735.0
2001-06-14,98.25,93.0,96.0,93.0,,189206.0
2001-06-15,99.0,93.75,96.0,93.75,,25000.0
2001-06-18,,,96.0,,,
2001-06-19,98.25,93.7,96.0,98.25,,3629.0
2001-06-20,95.0,93.0,94.0,93.5,,22516.0
2001-06-21,99.0,93.95,96.0,93.95,,51150.0
2001-06-22,99.0,93.0,96.0,98.34,,4396.0
2001-06-25,94.2,93.0,96.0,93.0,,416980.0
2001-06-26,93.0,93.0,96.0,93.0,,3022.0
2001-06-27,88.75,88.75,91.5,88.75,,1000.0
2001-06-28,94.25,88.7,91.5,88.7,,99387.0
2001-06-29,90.6,90.5,92.5,90.5,,15631.0
2001-07-02,94.45,90.75,92.5,94.0,,10822.0
2001-07-03,91.0,90.0,92.5,90.0,,167682.0
2001-07-04,90.75,90.0,92.5,90.0,,5673.0
2001-07-05,90.25,90.0,91.0,90.25,,7681.0
2001-07-06,90.0,78.0,81.5,90.0,,910178.0
2001-07-09,81.25,81.25,78.5,81.25,,1500.0
2001-07-10,82.0,77.5,80.0,82.0,,69390.0
2001-07-11,81.5,78.5,80.0,78.5,,1913.0
2001-07-12,79.5,75.6,77.5,79.0,,35425.0
2001-07-13,79.5,79.5,77.5,79.5,,2500.0
2001-07-16,91.5,87.0,89.5,89.0,,35030.0
2001-07-17,87.5,83.0,83.0,87.25,,52383.0
2001-07-18,85.0,83.0,84.0,83.8,,120661.0
2001-07-19,84.8,83.0,84.0,84.0,,136000.0
2001-07-20,84.0,83.0,85.0,83.25,,152500.0
2001-07-23,87.0,83.5,86.5,86.5,,18461.0
2001-07-24,87.0,86.5,85.0,87.0,,4340.0
2001-07-25,89.25,83.75,86.5,87.0,,58388.0
2001-07-26,,,86.5,,,
2001-07-27,89.25,83.75,86.5,83.75,,6600.0
2001-07-30,89.25,83.0,86.5,84.4,,14489.0
2001-07-31,89.25,83.75,86.5,84.4,,8645.0
2001-08-01,,,87.5,,,
2001-08-02,89.5,86.5,88.0,89.5,,4686.0
2001-08-03,87.0,87.0,88.0,87.0,,57510.0
2001-08-06,90.25,86.75,89.0,86.75,,28326.0
2001-08-07,90.0,86.0,88.0,86.0,,177317.0
2001-08-08,86.5,86.5,88.0,86.5,,800.0
2001-08-09,88.5,88.5,88.0,88.5,,555.0
2001-08-10,88.5,88.5,88.0,88.5,,188.0
2001-08-13,88.5,88.5,88.0,88.5,,2500.0
2001-08-14,88.0,84.75,87.0,86.0,,103648.0
2001-08-15,89.3,86.5,86.0,89.3,,5624.0
2001-08-16,87.5,84.5,86.0,84.5,,1400.0
2001-08-17,87.0,84.5,86.0,84.5,,10600.0
2001-08-20,84.5,84.5,86.0,84.5,,790.0
2001-08-21,85.75,84.25,85.5,84.25,,2667.0
2001-08-22,86.75,84.5,86.0,84.5,,5906.0
2001-08-23,,,86.0,,,
2001-08-24,87.0,84.0,86.0,84.0,,2300.0
2001-08-28,85.5,85.5,86.0,85.5,,1200.0
2001-08-29,87.0,85.0,85.5,85.0,,1539.0
2001-08-30,84.0,84.0,85.5,84.0,,165000.0
2001-08-31,84.3,84.3,85.5,84.3,,6457.0
2001-09-03,,,85.5,,,
2001-09-04,87.0,84.5,85.0,84.5,,10375.0
2001-09-05,83.5,83.5,85.0,83.5,,1000.0
2001-09-06,,,85.0,,,
2001-09-07,83.75,80.0,82.5,83.75,,42340.0
2001-09-10,80.6,80.5,82.5,80.5,,3950.0
2001-09-11,82.5,76.0,78.0,80.5,,43007.0
2001-09-12,72.5,72.5,74.5,72.5,,2000.0
2001-09-13,72.5,72.5,74.5,72.5,,1000.0
2001-09-14,,,74.5,,,
2001-09-17,72.0,72.0,73.5,72.0,,5875.0
2001-09-18,73.5,72.0,73.5,72.25,,54000.0
2001-09-19,74.6,72.0,73.5,72.0,,37500.0
2001-09-20,73.5,65.0,66.5,72.0,,166208.0
2001-09-21,63.0,60.0,60.5,60.0,,9552.0
2001-09-24,58.5,58.0,59.0,58.5,,39001.0
2001-09-25,54.75,52.25,53.5,52.36,,13292.0
2001-09-26,54.0,52.0,53.5,52.25,,175227.0
2001-09-27,56.75,56.5,57.0,56.5,,7576.0
2001-09-28,,,59.0,,,
2001-10-01,,,59.0,,,
2001-10-02,,,58.0,,,
2001-10-03,,,57.0,,,
2001-10-04,58.0,58.0,57.0,58.0,,3745.0
2001-10-05,63.0,58.0,61.5,58.0,,20000.0
2001-10-08,,,61.5,,,
2001-10-09,60.25,60.25,61.5,60.25,,588.0
2001-10-10,61.5,61.5,61.5,61.5,,160.0
2001-10-11,,,66.5,,,
2001-10-12,63.75,63.5,65.0,63.75,,14000.0
2001-10-15,65.05,65.0,66.5,65.05,,20000.0
2001-10-16,63.5,63.5,65.0,63.5,,7046.0
2001-10-17,67.0,67.0,66.5,67.0,,3000.0
2001-10-18,,,65.0,,,
2001-10-19,66.5,66.5,66.5,66.5,,750.0
2001-10-22,72.0,70.0,69.5,72.0,,10000.0
2001-10-23,,,70.0,,,
2001-10-24,,,70.0,,,
2001-10-25,,,70.0,,,
2001-10-26,69.0,68.8,70.0,69.0,,2390.0
2001-10-29,72.0,72.0,72.5,72.0,,14286.0
2001-10-30,70.0,70.0,71.5,70.0,,10000.0
2001-10-31,,,71.5,,,
2001-11-01,70.6,70.6,71.5,70.6,,3000.0
2001-11-02,73.0,68.75,70.5,72.75,,21557.0
2001-11-05,74.25,74.25,71.5,74.25,,1329.0
2001-11-06,74.5,69.0,71.5,74.5,,1662.0
2001-11-07,74.25,74.25,71.5,74.25,,126.0
2001-11-08,74.5,70.5,73.5,70.75,,12491.0
2001-11-09,71.0,71.0,72.5,71.0,,7000.0
2001-11-12,74.5,70.75,72.5,74.5,,2473.0
2001-11-13,,,72.5,,,
2001-11-14,75.0,71.0,76.5,71.0,,86119.0
2001-11-15,73.75,73.75,76.5,73.75,,4000.0
2001-11-16,77.5,75.5,78.5,75.5,,79991.0
2001-11-19,81.25,81.25,78.5,81.25,,2200.0
2001-11-20,92.0,81.5,89.0,81.5,,1215844.0
2001-11-21,89.0,85.0,87.5,85.0,,15973.0
2001-11-22,85.5,85.0,86.5,85.5,,9959.0
2001-11-23,,,86.5,,,
2001-11-26,88.75,88.75,86.5,88.75,,473.0
2001-11-27,85.0,85.0,84.5,85.0,,15000.0
2001-11-28,85.75,82.5,84.5,85.75,,6963.0
2001-11-29,87.0,87.0,84.5,87.0,,1000.0
2001-11-30,86.0,82.5,84.5,86.0,,2832.0
2001-12-03,,,84.5,,,
2001-12-04,,,84.5,,,
2001-12-05,87.0,87.0,85.5,87.0,,20000.0
2001-12-06,,,86.0,,,
2001-12-07,88.0,83.0,85.0,88.0,,48675.0
2001-12-10,83.5,80.0,82.5,80.0,,116230.0
2001-12-11,83.0,82.0,84.5,82.0,,80500.0
2001-12-12,,,84.5,,,
2001-12-13,82.5,82.5,84.5,82.5,,3300.0
2001-12-14,,,84.5,,,
2001-12-17,87.0,87.0,84.5,87.0,,13.0
2001-12-18,82.0,82.0,84.5,82.0,,2500.0
2001-12-19,85.5,82.0,84.5,82.5,,6278.0
2001-12-20,85.5,82.0,84.5,85.5,,2068.0
2001-12-21,83.0,82.0,84.5,82.0,,29200.0
2001-12-24,82.6,82.5,84.5,82.5,,2611.0
2001-12-27,82.6,82.6,84.5,82.6,,700.0
2001-12-28,,,84.5,,,
2001-12-31,,,84.5,,,
2002-01-02,82.5,82.5,84.5,82.5,,282.0
2002-01-03,82.5,82.5,84.5,82.5,,2415.0
2002-01-04,82.5,82.5,84.5,82.5,,1000.0
2002-01-07,86.4,82.5,84.5,82.5,,975.0
2002-01-08,83.75,83.7,86.0,83.7,,2000.0
2002-01-09,,,86.0,,,
2002-01-10,83.75,83.75,86.0,83.75,,1500.0
2002-01-11,88.25,83.75,86.0,88.25,,1885.0
2002-01-14,,,86.0,,,
2002-01-15,84.0,83.75,86.0,84.0,,2820.0
2002-01-16,83.0,83.0,86.0,83.0,,1000.0
2002-01-17,86.0,85.9,86.0,86.0,,60000.0
2002-01-18,88.25,83.75,86.0,88.25,,3200.0
2002-01-21,83.75,83.75,86.0,83.75,,550.0
2002-01-22,83.75,83.0,86.0,83.75,,3127.0
2002-01-23,83.75,83.0,86.0,83.75,,31635.0
2002-01-24,83.75,83.0,84.0,83.0,,19854.0
2002-01-25,83.0,78.0,80.5,83.0,,58719.0
2002-01-28,78.0,76.7,79.0,76.7,,93534.0
2002-01-29,75.75,75.75,78.5,75.75,,600.0
2002-01-30,76.0,75.0,75.5,75.0,,55000.0
2002-01-31,73.0,73.0,74.0,73.0,,1700.0
2002-02-01,73.0,70.75,72.5,73.0,,850.0
2002-02-04,70.0,68.0,70.5,70.0,,15296.0
2002-02-05,65.0,60.0,63.5,65.0,,13600.0
2002-02-06,65.0,53.0,67.5,60.0,,73290.0
2002-02-07,66.0,66.0,67.5,66.0,,1000.0
2002-02-08,72.0,66.5,70.5,66.5,,6756.0
2002-02-11,68.0,68.0,70.5,68.0,,336.0
2002-02-12,,,69.5,,,
2002-02-13,,,70.5,,,
2002-02-14,74.0,67.5,70.5,74.0,,2058.0
2002-02-15,68.0,68.0,70.5,68.0,,3854.0
2002-02-18,67.0,67.0,70.5,67.0,,46.0
2002-02-19,81.0,76.0,78.5,81.0,,27000.0
2002-02-20,81.25,81.25,78.5,81.25,,5000.0
2002-02-21,85.0,80.75,83.5,81.5,,2032371.0
2002-02-22,82.0,80.0,82.5,80.75,,10303.0
2002-02-25,80.6,80.0,82.5,80.5,,11528.0
2002-02-26,82.5,80.0,82.5,80.0,,283119.0
2002-02-27,82.5,82.5,82.5,82.5,,105000.0
2002-02-28,,,82.5,,,
2002-03-01,81.0,80.0,82.5,80.0,,8924.0
2002-03-04,83.5,80.5,82.5,80.5,,2160.0
2002-03-05,84.0,80.0,82.5,84.0,,11442.0
2002-03-06,81.0,81.0,82.5,81.0,,3400.0
2002-03-07,,,82.5,,,
2002-03-08,,,82.5,,,
2002-03-11,80.5,80.0,82.5,80.5,,3301.0
2002-03-12,80.5,80.5,82.5,80.5,,125.0
2002-03-13,82.5,80.0,82.5,80.0,,54500.0
2002-03-14,87.0,80.0,83.5,80.0,,233050.0
2002-03-15,85.5,82.5,84.5,85.5,,10200.0
2002-03-18,83.25,82.0,85.5,83.25,,35949.0
2002-03-19,83.75,83.75,85.5,83.75,,1500.0
2002-03-20,82.75,82.0,85.5,82.75,,35302.0
2002-03-21,85.5,82.75,85.5,82.75,,17962.0
2002-03-22,82.75,82.7,85.5,82.75,,1950.0
2002-03-25,84.5,82.75,84.5,84.5,,32203.0
2002-03-26,86.5,82.75,84.5,86.5,,1850.0
2002-03-27,82.6,82.6,84.5,82.6,,700.0
2002-03-28,83.25,82.75,84.5,82.75,,10975.0
2002-04-02,87.0,83.0,84.5,87.0,,4381.0
2002-04-03,83.25,83.25,84.5,83.25,,3540.0
2002-04-04,,,84.5,,,
2002-04-05,85.0,80.0,84.5,82.0,,77417.0
2002-04-08,84.5,82.5,84.5,83.25,,149717.0
2002-04-09,,,84.5,,,
2002-04-10,82.5,82.5,84.5,82.5,,2125.0
2002-04-11,,,84.5,,,
2002-04-12,,,84.5,,,
2002-04-15,83.0,82.5,84.5,83.0,,1052.0
2002-04-16,85.0,84.0,85.0,84.0,,209226.0
2002-04-17,88.0,88.0,87.0,88.0,,200000.0
2002-04-18,85.5,85.5,87.0,85.5,,6527.0
2002-04-19,85.0,85.0,87.0,85.0,,7621.0
2002-04-22,88.0,85.5,88.0,86.0,,30700.0
2002-04-23,,,88.0,,,
2002-04-24,89.0,89.0,88.0,89.0,,1666.0
2002-04-25,89.5,89.5,89.0,89.5,,2000.0
2002-04-26,86.75,86.75,89.0,86.75,,1756.0
2002-04-29,86.7,86.7,89.0,86.7,,601.0
2002-04-30,90.75,86.75,89.0,86.75,,3519.0
2002-05-01,92.0,87.0,89.0,87.0,,54340.0
2002-05-02,88.0,86.0,89.5,88.0,,108000.0
2002-05-03,86.5,86.5,88.0,86.5,,726.0
2002-05-07,89.0,86.5,88.0,86.8,,18923.0
2002-05-08,86.8,86.5,88.0,86.8,,765.0
2002-05-09,88.0,86.7,89.5,86.8,,59457.0
2002-05-10,87.75,87.75,89.5,87.75,,5000.0
2002-05-13,92.25,87.75,89.5,87.75,,3848.0
2002-05-14,93.0,92.5,90.5,93.0,,31759.0
2002-05-15,94.25,93.0,91.5,93.0,,15034.0
2002-05-16,95.0,95.0,91.5,95.0,,24.0
2002-05-17,89.75,88.8,91.5,89.75,,4000.0
2002-05-20,91.5,91.5,92.5,91.5,,134366.0
2002-05-21,92.5,90.6,92.5,92.5,,118150.0
2002-05-22,94.5,91.0,92.5,94.5,,2000.0
2002-05-23,,,93.5,,,
2002-05-24,91.0,91.0,93.5,91.0,,13077.0
2002-05-27,,,93.5,,,
2002-05-28,91.75,91.75,93.5,91.75,,1000.0
2002-05-29,91.5,91.0,92.0,91.0,,64146.0
2002-05-30,,,92.0,,,
2002-05-31,89.0,89.0,91.0,89.0,,15788.0
2002-06-05,,,91.0,,,
2002-06-06,91.5,91.0,91.0,91.0,,96357.0
2002-06-07,91.5,89.5,91.0,89.5,,202782.0
2002-06-10,89.0,82.0,83.5,89.0,,25100.0
2002-06-11,82.0,82.0,81.5,82.0,,8000.0
2002-06-12,79.0,78.75,81.5,79.0,,5740.0
2002-06-13,79.5,79.5,81.5,79.5,,1267.0
2002-06-14,77.5,77.5,79.5,77.5,,1000.0
2002-06-17,76.7,75.0,79.0,75.0,,21791.0
2002-06-18,,,79.0,,,
2002-06-19,76.0,76.0,76.5,76.0,,2158.0
2002-06-20,73.75,73.75,76.5,73.75,,318.0
2002-06-21,,,76.5,,,
2002-06-24,73.0,73.0,76.5,73.0,,3000.0
2002-06-25,73.75,73.75,76.5,73.75,,254.0
2002-06-26,,,73.5,,,
2002-06-27,,,75.5,,,
2002-06-28,78.0,74.875,77.5,78.0,,40200.0
2002-07-01,79.5,78.0,77.5,79.5,,116119.0
2002-07-02,79.0,76.0,77.5,79.0,,178771.0
2002-07-03,74.75,74.75,77.5,74.75,,1900.0
2002-07-04,75.0,74.75,77.0,74.75,,10050.0
2002-07-05,76.0,76.0,77.0,76.0,,270000.0
2002-07-08,,,77.0,,,
2002-07-09,75.5,74.0,77.0,75.5,,14354.0
2002-07-10,,,77.0,,,
2002-07-11,,,73.5,,,
2002-07-12,,,73.5,,,
2002-07-15,73.5,71.0,71.5,73.5,,148200.0
2002-07-16,75.0,75.0,72.5,75.0,,35000.0
2002-07-17,,,72.5,,,
2002-07-18,71.0,71.0,72.5,71.0,,83370.0
2002-07-19,70.5,70.5,72.5,70.5,,1100.0
2002-07-22,69.0,68.75,70.0,68.75,,10895.0
2002-07-23,68.0,68.0,70.0,68.0,,3000.0
2002-07-24,,,70.0,,,
2002-07-25,,,70.0,,,
2002-07-26,70.0,68.0,70.0,68.5,,56500.0
2002-07-29,,,68.5,,,
2002-07-30,65.0,65.0,67.5,65.0,,8148.0
2002-07-31,,,62.5,,,
2002-08-01,60.5,60.5,62.5,60.5,,585.0
2002-08-02,60.0,60.0,62.5,60.0,,8800.0
2002-08-05,,,62.5,,,
2002-08-06,,,62.5,,,
2002-08-07,60.0,60.0,62.5,60.0,,3723.0
2002-08-08,,,62.5,,,
2002-08-09,,,62.5,,,
2002-08-12,,,62.5,,,
2002-08-13,,,62.5,,,
2002-08-14,60.0,58.5,60.5,58.5,,5200.0
2002-08-15,,,60.5,,,
2002-08-16,58.5,58.0,56.5,58.5,,4500.0
2002-08-19,,,57.5,,,
2002-08-20,55.5,54.0,56.5,55.5,,5391.0
2002-08-21,,,56.5,,,
2002-08-22,53.0,50.25,51.5,53.0,,154982.0
2002-08-23,50.3,50.3,51.5,50.3,,1775.0
2002-08-27,,,51.5,,,
2002-08-28,,,51.0,,,
2002-08-29,50.5,50.5,49.0,50.5,,1630.0
2002-08-30,51.0,43.0,45.0,51.0,,7500.0
2002-09-02,43.0,43.0,46.0,43.0,,7959.0
2002-09-03,,,46.0,,,
2002-09-04,45.2,45.0,46.0,45.2,,13782.0
2002-09-05,45.0,45.0,45.0,45.0,,4016.0
2002-09-06,,,45.0,,,
2002-09-09,,,45.0,,,
2002-09-10,,,44.0,,,
2002-09-11,43.0,37.0,40.0,43.0,,172223.0
2002-09-12,41.0,38.5,40.0,41.0,,128289.0
2002-09-13,41.5,41.5,40.0,41.5,,1000.0
2002-09-16,39.0,39.0,40.0,39.0,,2930.0
2002-09-17,42.0,42.0,40.0,42.0,,1328086.0
2002-09-18,42.0,42.0,42.5,42.0,,10000.0
2002-09-19,50.0,45.0,48.5,45.0,,65000.0
2002-09-20,54.0,51.1,50.5,51.1,,20037.0
2002-09-23,50.0,50.0,48.5,50.0,,10000.0
2002-09-24,,,48.5,,,
2002-09-25,,,48.0,,,
2002-09-26,46.8,46.8,48.0,46.8,,2000.0
2002-09-27,52.0,47.0,49.5,50.0,,28400.0
2002-09-30,54.0,54.0,51.0,54.0,,10006.0
2002-10-01,,,51.0,,,
2002-10-02,48.5,48.5,51.0,48.5,,18891.0
2002-10-03,50.0,50.0,51.0,50.0,,5000.0
2002-10-04,,,51.0,,,
2002-10-07,,,51.0,,,
2002-10-08,,,52.0,,,
2002-10-09,54.0,50.5,52.0,51.0,,11004.0
2002-10-10,52.5,52.0,52.0,52.0,,860000.0
2002-10-11,54.0,50.5,53.5,50.5,,6369.0
2002-10-14,,,53.5,,,
2002-10-15,66.6,50.75,66.0,56.25,,35097.0
2002-10-16,66.75,64.3,65.5,64.5,,10195.0
2002-10-17,67.0,66.0,64.0,66.0,,35750.0
2002-10-18,,,64.0,,,
2002-10-21,62.5,62.0,63.5,62.5,,78746.0
2002-10-22,62.0,62.0,63.0,62.0,,269000.0
2002-10-23,63.0,63.0,63.0,63.0,,1102500.0
2002-10-24,66.0,66.0,67.0,66.0,,15000.0
2002-10-25,65.8,65.8,67.0,65.8,,650.0
2002-10-28,,,66.0,,,
2002-10-29,69.0,69.0,66.0,69.0,,4542.0
2002-10-30,,,66.0,,,
2002-10-31,63.0,63.0,64.5,63.0,,315000.0
2002-11-01,67.0,67.0,64.5,67.0,,10000.0
2002-11-04,67.0,62.0,64.5,62.0,,207845.0
2002-11-05,67.0,67.0,67.5,67.0,,5000.0
2002-11-06,,,67.5,,,
2002-11-07,70.0,70.0,67.5,70.0,,10000.0
2002-11-08,,,68.5,,,
2002-11-11,66.82,66.0,68.5,66.0,,7660.0
2002-11-12,,,68.5,,,
2002-11-13,,,68.5,,,
2002-11-14,71.0,67.0,69.5,71.0,,47033.0
2002-11-15,75.0,75.0,76.5,75.0,,30000.0
2002-11-18,77.0,77.0,76.5,77.0,,11000.0
2002-11-19,67.0,60.0,68.5,60.1,,9662.0
2002-11-20,72.0,65.77,68.5,65.77,,8523.0
2002-11-21,72.0,66.5,68.5,72.0,,1068.0
2002-11-22,72.0,72.0,73.5,72.0,,10000.0
2002-11-25,,,73.5,,,
2002-11-26,71.0,71.0,74.5,71.0,,300.0
2002-11-27,73.0,73.0,75.0,73.0,,1306.0
2002-11-28,73.44,73.44,75.0,73.44,,780.0
2002-11-29,74.0,74.0,75.0,74.0,,15000.0
2002-12-02,74.0,74.0,75.0,74.0,,2134.0
2002-12-03,,,75.0,,,
2002-12-04,77.0,77.0,78.0,77.0,,25000.0
2002-12-05,75.66,75.66,78.0,75.66,,2000.0
2002-12-06,83.0,80.0,83.5,81.0,,38500.0
2002-12-09,87.0,80.0,83.5,87.0,,3872.0
2002-12-10,83.0,80.77,83.5,83.0,,96189.0
2002-12-11,83.5,83.5,83.5,83.5,,16597.0
2002-12-12,81.5,81.0,83.5,81.0,,29013.0
2002-12-13,85.0,85.0,82.5,85.0,,283.0
2002-12-16,85.0,82.62,84.5,82.62,,9000.0
2002-12-17,,,84.5,,,
2002-12-18,82.62,82.0,84.5,82.0,,6000.0
2002-12-19,82.62,82.62,84.5,82.62,,3400.0
2002-12-20,82.62,82.62,84.5,82.62,,7241.0
2002-12-23,85.0,83.25,84.5,85.0,,2007.0
2002-12-24,,,84.5,,,
2002-12-27,85.25,85.25,86.0,85.25,,900.0
2002-12-30,85.0,80.0,82.5,85.0,,15000.0
2002-12-31,,,82.5,,,
2003-01-02,82.5,82.4,83.5,82.4,,20000.0
2003-01-03,86.13,86.13,84.5,86.13,,583.0
2003-01-06,84.0,83.0,85.0,83.5,,15541.0
2003-01-07,85.0,81.0,83.5,83.5,,53450.0
2003-01-08,86.0,83.5,83.5,83.5,,118995.0
2003-01-09,80.75,80.0,82.5,80.75,,10737.0
2003-01-10,,,82.5,,,
2003-01-13,86.0,80.62,83.5,80.62,,65351.0
2003-01-14,81.0,81.0,82.5,81.0,,23457.0
2003-01-15,,,82.5,,,
2003-01-16,82.5,81.0,81.5,81.0,,22000.0
2003-01-17,77.0,77.0,77.5,77.0,,20009.0
2003-01-20,80.0,80.0,80.5,80.0,,5000.0
2003-01-21,77.35,77.0,80.5,77.0,,3322.0
2003-01-22,77.0,75.0,78.5,77.0,,214452.0
2003-01-23,78.5,78.5,78.5,78.5,,24972.0
2003-01-24,,,78.5,,,
2003-01-27,78.0,73.0,76.5,75.0,,31600.0
2003-01-28,80.0,75.0,76.5,80.0,,36499.0
2003-01-29,75.0,73.5,76.5,75.0,,16285.0
2003-01-30,80.0,80.0,76.5,80.0,,25000.0
2003-01-31,,,76.5,,,
2003-02-03,,,76.5,,,
2003-02-04,75.0,73.0,75.0,73.5,,35336.0
2003-02-05,,,75.0,,,
2003-02-06,76.0,74.0,74.5,76.0,,78332.0
2003-02-07,,,74.5,,,
2003-02-10,72.0,70.0,69.5,72.0,,18423.0
2003-02-11,69.0,63.75,66.0,65.0,,36100.0
2003-02-12,63.75,63.75,66.0,63.75,,7250.0
2003-02-13,63.0,63.0,65.5,63.0,,10000.0
2003-02-14,63.62,63.62,65.5,63.62,,1000.0
2003-02-17,,,65.5,,,
2003-02-18,63.0,62.0,62.5,63.0,,18500.0
2003-02-19,62.5,60.0,60.5,62.5,,20000.0
2003-02-20,58.0,58.0,60.5,58.0,,5000.0
2003-02-21,55.0,55.0,56.5,55.0,,5000.0
2003-02-24,58.0,53.0,52.5,58.0,,34000.0
2003-02-25,50.62,50.62,52.5,50.62,,1430.0
2003-02-26,50.0,50.0,52.5,50.0,,5704.0
2003-02-27,,,52.5,,,
2003-02-28,,,52.5,,,
2003-03-03,,,52.5,,,
2003-03-04,51.5,50.0,51.5,50.0,,51700.0
2003-03-05,40.0,40.0,38.5,40.0,,10000.0
2003-03-06,43.23,40.0,40.5,43.23,,6750.0
2003-03-07,42.18,42.18,40.5,42.18,,5000.0
2003-03-10,,,40.5,,,
2003-03-11,37.77,37.5,40.5,37.77,,1276.0
2003-03-12,37.55,37.33,38.5,37.55,,2840.0
2003-03-13,39.67,37.0,38.5,37.0,,68968.0
2003-03-14,39.25,37.33,38.5,39.25,,8145.0
2003-03-17,,,38.5,,,
2003-03-18,39.67,37.0,38.5,37.0,,10704.0
2003-03-19,40.0,40.0,38.5,40.0,,2500.0
2003-03-20,39.67,39.67,38.5,39.67,,122.0
2003-03-21,,,38.5,,,
2003-03-24,35.0,34.0,35.5,34.0,,132805.0
2003-03-25,34.0,34.0,35.5,34.0,,9027.0
2003-03-26,,,35.5,,,
2003-03-27,36.0,35.5,35.5,35.5,,72700.0
2003-03-28,41.95,37.0,39.5,37.25,,75527.0
2003-03-31,42.0,38.0,38.5,42.0,,32085.0
2003-04-01,37.12,37.0,38.5,37.12,,72000.0
2003-04-02,37.0,37.0,38.5,37.0,,450.0
2003-04-03,48.0,37.0,44.0,37.0,,121691.0
2003-04-04,45.0,44.98,45.5,45.0,,25170.0
2003-04-07,,,45.5,,,
2003-04-08,48.0,46.0,47.5,48.0,,33937.0
2003-04-09,52.0,50.0,51.0,50.0,,6000.0
2003-04-10,55.0,50.52,54.0,50.52,,29303.0
2003-04-11,55.0,53.52,55.0,53.52,,8500.0
2003-04-14,,,55.0,,,
2003-04-15,58.0,55.0,57.0,58.0,,59102.0
2003-04-16,58.5,58.5,57.0,58.5,,3367.0
2003-04-17,59.0,55.5,59.5,55.5,,6000.0
2003-04-22,57.37,57.37,59.5,57.37,,2000.0
2003-04-23,59.04,59.04,60.0,59.04,,1200.0
2003-04-24,,,60.0,,,
2003-04-25,,,60.0,,,
2003-04-28,,,60.0,,,
2003-04-29,,,60.0,,,
2003-04-30,,,57.5,,,
2003-05-01,55.78,55.37,56.5,55.37,,6000.0
2003-05-02,55.0,55.0,56.5,55.0,,5817.0
2003-05-06,55.75,55.75,56.5,55.75,,500.0
2003-05-07,55.22,55.22,56.5,55.22,,1084.0
2003-05-08,,,56.5,,,
2003-05-09,,,56.5,,,
2003-05-12,,,56.5,,,
2003-05-13,,,56.5,,,
2003-05-14,57.63,55.33,56.5,57.63,,309.0
2003-05-15,58.0,55.22,56.5,55.33,,94913.0
2003-05-16,57.63,57.63,56.5,57.63,,2004.0
2003-05-19,59.5,55.78,55.0,57.5,,39321.0
2003-05-20,,,55.0,,,
2003-05-21,,,55.0,,,
2003-05-22,53.3,53.3,55.0,53.3,,51.0
2003-05-23,57.0,57.0,55.0,57.0,,1.0
2003-05-27,,,55.0,,,
2003-05-28,53.5,53.5,55.0,53.5,,185.0
2003-05-29,,,54.0,,,
2003-05-30,53.25,53.25,54.0,53.25,,89.0
2003-06-02,53.0,53.0,53.5,53.0,,7699.0
2003-06-03,,,53.5,,,
2003-06-04,52.37,52.37,53.5,52.37,,6627.0
2003-06-05,53.5,52.78,53.5,53.5,,1018800.0
2003-06-06,,,53.5,,,
2003-06-09,54.78,52.37,53.5,52.37,,5642.0
2003-06-10,52.78,52.22,53.5,52.22,,7000.0
2003-06-11,54.78,52.0,53.5,54.78,,17792.0
2003-06-12,67.0,54.97,66.5,54.97,,28346.0
2003-06-13,67.0,63.5,65.0,66.0,,22346.0
2003-06-16,65.065,63.3,64.5,63.3,,46000.0
2003-06-17,62.55,62.55,64.5,62.55,,350.0
2003-06-18,,,64.5,,,
2003-06-19,,,63.5,,,
2003-06-20,65.0,65.0,65.0,65.0,,15000.0
2003-06-23,76.0,65.0,71.5,65.0,,63135.0
2003-06-24,73.0,70.37,71.5,70.37,,18269.0
2003-06-25,,,71.5,,,
2003-06-26,,,72.5,,,
2003-06-27,71.3,71.3,72.5,71.3,,1160.0
2003-06-30,70.22,70.22,71.5,70.22,,658.0
2003-07-01,70.78,70.5,71.5,70.5,,9500.0
2003-07-02,70.78,70.78,71.5,70.78,,650.0
2003-07-03,70.78,70.78,71.5,70.78,,10000.0
2003-07-04,73.0,70.37,71.5,70.37,,22025.0
2003-07-07,70.0,70.0,70.5,70.0,,3000.0
2003-07-08,72.0,68.62,70.5,68.62,,4987.0
2003-07-09,,,70.5,,,
2003-07-10,69.3,69.3,70.5,69.3,,1739.0
2003-07-11,,,70.0,,,
2003-07-14,,,70.0,,,
2003-07-15,74.0,69.04,70.0,69.04,,52666.0
2003-07-16,77.8,72.0,77.0,72.0,,23425.0
2003-07-17,76.6,75.2,76.0,76.6,,17349.0
2003-07-18,,,75.5,,,
2003-07-21,75.5,75.5,75.5,75.5,,5000.0
2003-07-22,,,75.5,,,
2003-07-23,77.5,75.5,77.5,75.5,,8943.0
2003-07-24,86.5,77.5,83.5,77.5,,153056.0
2003-07-25,,,83.5,,,
2003-07-28,85.0,83.5,85.0,83.5,,11500.0
2003-07-29,89.5,85.0,89.5,85.0,,290930.0
2003-07-30,93.5,89.5,92.0,89.5,,221016.0
2003-07-31,92.0,92.0,92.0,92.0,,19500.0
2003-08-01,92.0,90.0,90.0,92.0,,53850.0
2003-08-04,90.0,88.5,88.5,90.0,,35834.0
2003-08-05,88.5,88.5,88.5,88.5,,8660.0
2003-08-07,87.5,86.0,87.0,86.0,,17107.0
2003-08-08,89.5,87.0,89.5,87.0,,28114.0
2003-08-11,91.5,89.5,91.5,89.5,,104721.0
2003-08-12,95.5,91.5,94.5,91.5,,717099.0
2003-08-13,95.0,94.5,95.0,94.5,,11577.0
2003-08-14,95.0,87.5,87.5,95.0,,64213.0
2003-08-15,87.5,86.5,86.5,87.5,,9542.0
2003-08-18,86.5,86.5,86.5,86.5,,5000.0
2003-08-19,86.5,86.5,86.5,86.5,,5100.0
2003-08-20,86.5,84.5,84.5,86.5,,14378.0
2003-08-21,84.5,84.5,84.5,84.5,,21309.0
2003-08-22,84.5,84.5,84.5,84.5,,575.0
2003-08-26,84.5,83.5,83.5,84.5,,2000.0
2003-08-27,83.5,83.5,83.5,83.5,,8588.0
2003-08-28,83.5,83.5,83.5,83.5,,8474.0
2003-08-29,83.5,82.5,82.5,83.5,,15982.0
2003-09-01,82.5,81.5,81.5,82.5,,18285.0
2003-09-02,81.5,81.5,81.5,81.5,,416.0
2003-09-03,84.0,81.5,84.0,81.5,,16245.0
2003-09-04,84.0,84.0,84.0,84.0,,7841.0
2003-09-05,84.0,81.5,81.5,84.0,,37447.0
2003-09-08,81.5,75.0,75.0,81.5,,23500.0
2003-09-09,75.0,74.5,74.5,75.0,,7367.0
2003-09-10,74.5,71.5,71.5,74.5,,2500.0
2003-09-11,,,71.5,,,
2003-09-12,71.5,66.0,66.5,71.5,,25064.0
2003-09-15,68.5,66.5,68.5,66.5,,109764.0
2003-09-16,68.5,68.5,68.5,68.5,,31400.0
2003-09-17,72.5,71.0,72.5,71.0,,43378.0
2003-09-18,72.5,72.5,72.5,72.5,,12284.0
2003-09-19,72.5,72.5,72.5,72.5,,91451.0
2003-09-22,72.5,72.5,72.5,72.5,,5372.0
2003-09-23,,,72.5,,,
2003-09-24,72.0,69.5,69.5,72.0,,25000.0
2003-09-25,68.0,68.0,68.0,68.0,,8157.0
2003-09-26,,,68.0,,,
2003-09-29,68.0,67.0,67.0,68.0,,88675.0
2003-09-30,69.0,68.0,69.0,68.0,,27000.0
2003-10-01,,,69.0,,,
2003-10-02,69.0,69.0,69.0,69.0,,6408.0
2003-10-03,,,69.0,,,
2003-10-06,,,69.0,,,
2003-10-07,,,69.0,,,
2003-10-08,68.0,68.0,68.0,68.0,,138283.0
2003-10-09,68.0,67.5,67.5,68.0,,233852.0
2003-10-10,67.5,66.5,67.5,67.5,,10000.0
2003-10-13,,,67.5,,,
2003-10-14,67.5,67.5,67.5,67.5,,50000.0
2003-10-15,68.5,68.5,68.5,68.5,,4000.0
2003-10-16,69.5,69.5,69.5,69.5,,5176.0
2003-10-17,76.0,69.5,76.0,69.5,,34400.0
2003-10-20,76.0,76.0,76.0,76.0,,9500.0
2003-10-21,76.5,76.5,76.5,76.5,,11259.0
2003-10-22,76.5,76.0,76.0,76.5,,8000.0
2003-10-23,76.0,76.0,76.0,76.0,,30340.0
2003-10-24,76.0,76.0,76.0,76.0,,50000.0
2003-10-27,,,76.0,,,
2003-10-28,76.0,76.0,76.0,76.0,,5000.0
2003-10-29,76.0,74.0,74.0,76.0,,18786.0
2003-10-30,74.0,74.0,74.0,74.0,,12799.0
2003-10-31,74.0,74.0,74.0,74.0,,18700.0
2003-11-03,74.0,74.0,74.0,74.0,,1000.0
2003-11-04,75.0,74.5,75.0,74.5,,55658.0
2003-11-05,75.0,73.5,73.5,75.0,,5752.0
2003-11-06,,,73.5,,,
2003-11-07,73.5,73.5,73.5,73.5,,5000.0
2003-11-10,73.5,73.5,73.5,73.5,,5000.0
2003-11-11,73.5,73.5,73.5,73.5,,533.0
2003-11-12,73.5,73.5,73.5,73.5,,5000.0
2003-11-13,73.5,73.5,73.5,73.5,,46000.0
2003-11-14,73.5,73.5,73.5,73.5,,4231.0
2003-11-17,73.5,73.5,73.5,73.5,,3820.0
2003-11-18,,,73.5,,,
2003-11-19,73.5,73.5,73.5,73.5,,7281.0
2003-11-20,73.5,73.5,73.5,73.5,,1203.0
2003-11-21,73.5,73.5,73.5,73.5,,6734.0
2003-11-24,73.5,73.5,73.5,73.5,,15405.0
2003-11-25,73.5,73.5,73.5,73.5,,4677.0
2003-11-26,73.5,73.5,73.5,73.5,,7039500.0
2003-11-27,74.5,73.5,73.5,73.5,,7003.0
2003-11-28,74.5,73.5,73.5,73.5,,34.0
2003-12-01,73.5,73.5,73.5,73.5,,4250.0
2003-12-02,75.0,74.0,75.0,74.0,,6705.0
2003-12-03,75.0,74.0,74.0,75.0,,15511.0
2003-12-04,,,74.0,,,
2003-12-05,74.0,74.0,74.0,74.0,,2000.0
2003-12-08,,,74.0,,,
2003-12-09,74.0,74.0,74.0,74.0,,1000.0
2003-12-10,,,74.0,,,
2003-12-11,,,74.0,,,
2003-12-12,74.0,74.0,74.0,74.0,,2059.0
2003-12-15,,,74.0,,,
2003-12-16,75.5,74.0,75.5,74.0,,31541.0
2003-12-17,77.0,75.5,77.0,75.5,,10000.0
2003-12-18,77.0,77.0,77.0,77.0,,1000.0
2003-12-19,77.0,77.0,77.0,77.0,,1000.0
2003-12-22,77.5,77.5,77.5,77.5,,679.0
2003-12-23,77.5,77.5,77.5,77.5,,600.0
2003-12-24,77.5,77.5,77.5,77.5,,5000.0
2003-12-29,77.5,77.5,77.5,77.5,,4000.0
2003-12-30,,,77.5,,,
2003-12-31,77.5,77.5,77.5,77.5,,10375.0
2004-01-02,82.5,77.5,82.5,77.5,,13221.0
2004-01-05,82.5,82.5,82.5,82.5,,4300.0
2004-01-06,,,82.5,,,
2004-01-07,82.5,81.5,81.5,82.5,,15000.0
2004-01-08,81.5,80.5,80.5,81.5,,13100.0
2004-01-09,84.5,80.5,84.5,80.5,,33212.0
2004-01-12,84.5,83.5,83.5,84.5,,42313.0
2004-01-13,83.5,83.0,83.0,83.5,,5000.0
2004-01-14,83.0,82.0,82.0,83.0,,9000.0
2004-01-15,,,82.0,,,
2004-01-16,82.0,82.0,82.0,82.0,,12586.0
2004-01-19,82.0,82.0,82.0,82.0,,9549.0
2004-01-20,,,82.0,,,
2004-01-21,,,82.0,,,
2004-01-22,82.0,82.0,82.0,82.0,,5000.0
2004-01-23,82.0,81.5,82.0,82.0,,8967.0
2004-01-26,82.0,82.0,82.0,82.0,,488.0
2004-01-27,82.0,82.0,82.0,82.0,,7000.0
2004-01-28,82.0,82.0,82.0,82.0,,10730.0
2004-01-29,82.0,82.0,82.0,82.0,,365000.0
2004-01-30,82.0,82.0,82.0,82.0,,9500.0
2004-02-02,83.5,82.0,83.5,82.0,,13500.0
2004-02-03,,,83.5,,,
2004-02-04,83.5,83.5,83.5,83.5,,11250.0
2004-02-05,83.5,83.5,83.5,83.5,,630.0
2004-02-06,91.5,83.5,91.5,83.5,,5000.0
2004-02-09,95.5,93.5,94.0,93.5,,40842.0
2004-02-10,93.0,93.0,93.0,93.0,,17109.0
2004-02-11,93.0,93.0,93.0,93.0,,14577.0
2004-02-12,93.0,93.0,93.0,93.0,,15000.0
2004-02-13,93.5,93.0,93.5,93.0,,4384.0
2004-02-16,93.5,93.5,93.5,93.5,,623954.0
2004-02-17,93.5,93.5,93.5,93.5,,10125.0
2004-02-18,93.5,93.5,93.5,93.5,,6768.0
2004-02-19,94.5,94.5,94.5,94.5,,4051387.0
2004-02-20,99.5,94.5,99.5,94.5,,30850.0
2004-02-23,106.5,99.5,106.5,99.5,,36822.0
2004-02-24,105.5,105.0,105.0,105.5,,10958.0
2004-02-25,105.0,105.0,105.0,105.0,,23351.0
2004-02-26,105.0,105.0,105.0,105.0,,16600.0
2004-02-27,105.5,105.0,105.0,105.0,,16048.0
2004-03-01,,,105.0,,,
2004-03-02,105.5,105.0,105.0,105.0,,600.0
2004-03-03,105.5,105.0,105.5,105.0,,6507.0
2004-03-04,105.5,105.5,105.5,105.5,,3221.0
2004-03-05,105.5,105.5,105.5,105.5,,79.0
2004-03-08,105.5,105.5,105.5,105.5,,5323.0
2004-03-09,,,105.5,,,
2004-03-10,105.5,105.5,105.5,105.5,,6177.0
2004-03-11,105.5,100.5,100.5,105.5,,37570.0
2004-03-12,100.5,99.0,99.5,100.5,,15000.0
2004-03-15,99.0,96.5,96.5,99.0,,9625.0
2004-03-16,,,96.5,,,
2004-03-17,,,96.5,,,
2004-03-18,,,97.5,,,
2004-03-19,,,97.5,,,
2004-03-22,97.5,96.0,96.0,97.5,,17256.0
2004-03-23,97.5,94.5,94.5,97.5,,10100.0
2004-03-24,94.5,91.5,91.5,94.5,,15000.0
2004-03-25,91.5,90.5,90.5,91.5,,32691.0
2004-03-26,90.5,90.5,90.5,90.5,,29000.0
2004-03-29,90.5,90.5,90.5,90.5,,65659.0
2004-03-30,91.5,91.5,91.5,91.5,,13407.0
2004-03-31,91.5,90.5,91.5,91.5,,1087.0
2004-04-01,92.5,92.5,92.5,92.5,,5000.0
2004-04-02,,,94.0,,,
2004-04-05,94.0,94.0,94.0,94.0,,3646.0
2004-04-06,94.0,94.0,94.0,94.0,,3250.0
2004-04-07,94.0,94.0,94.0,94.0,,750.0
2004-04-08,94.0,94.0,94.0,94.0,,500.0
2004-04-13,94.0,93.0,93.0,94.0,,12211.0
2004-04-14,,,93.0,,,
2004-04-15,93.0,93.0,93.0,93.0,,220.0
2004-04-16,93.0,92.5,92.5,93.0,,34960.0
2004-04-19,,,92.5,,,
2004-04-20,92.5,92.5,92.5,92.5,,70178.0
2004-04-21,92.5,92.5,92.5,92.5,,49928.0
2004-04-22,93.0,92.5,93.0,92.5,,3750.0
2004-04-23,93.0,93.0,93.0,93.0,,29000.0
2004-04-26,93.5,93.0,93.5,93.0,,13536.0
2004-04-27,,,93.5,,,
2004-04-28,93.5,93.5,93.5,93.5,,268.0
2004-04-29,93.5,93.5,93.5,93.5,,13552.0
2004-04-30,93.5,93.5,93.5,93.5,,1000.0
2004-05-04,93.5,93.5,93.5,93.5,,1500.0
2004-05-05,93.5,93.5,93.5,93.5,,400.0
2004-05-06,95.0,93.5,95.0,93.5,,3613.0
2004-05-07,95.0,95.0,95.0,95.0,,6666.0
2004-05-10,95.0,95.0,95.0,95.0,,23520.0
2004-05-11,95.0,95.0,95.0,95.0,,550015.0
2004-05-12,95.0,95.0,95.0,95.0,,3886.0
2004-05-13,95.0,94.5,95.0,95.0,,1237.0
2004-05-14,95.0,94.5,94.5,95.0,,6500.0
2004-05-17,94.5,94.5,94.5,94.5,,1783.0
2004-05-18,94.5,91.0,91.5,94.5,,12000.0
2004-05-19,90.0,88.5,90.0,88.5,,53754.0
2004-05-20,90.0,90.0,90.0,90.0,,1500.0
2004-05-21,90.0,90.0,90.0,90.0,,25000.0
2004-05-24,90.0,90.0,90.0,90.0,,1350.0
2004-05-25,,,90.0,,,
2004-05-26,90.0,90.0,90.0,90.0,,365471.0
2004-05-27,90.0,89.5,89.5,90.0,,1500.0
2004-05-28,89.5,89.5,89.5,89.5,,4864.0
2004-06-01,89.5,89.5,89.5,89.5,,100.0
2004-06-02,89.5,89.5,89.5,89.5,,9184.0
2004-06-03,,,89.5,,,
2004-06-04,89.5,88.5,88.5,89.5,,10473.0
2004-06-07,85.5,83.5,84.5,83.5,,66351.0
2004-06-08,,,85.5,,,
2004-06-09,85.5,85.5,85.5,85.5,,3361.0
2004-06-10,85.5,85.5,85.5,85.5,,5704.0
2004-06-11,86.0,86.0,86.0,86.0,,28000.0
2004-06-14,,,86.5,,,
2004-06-15,,,86.5,,,
2004-06-16,86.5,86.5,86.5,86.5,,8800.0
2004-06-17,86.5,86.0,86.0,86.5,,24350.0
2004-06-18,,,86.0,,,
2004-06-21,,,86.0,,,
2004-06-22,,,86.0,,,
2004-06-23,86.0,86.0,86.0,86.0,,7000.0
2004-06-24,86.0,86.0,86.0,86.0,,5000.0
2004-06-25,,,86.0,,,
2004-06-28,86.0,86.0,86.0,86.0,,3473.0
2004-06-29,,,86.0,,,
2004-06-30,86.0,86.0,86.0,86.0,,4500.0
2004-07-01,86.0,86.0,86.0,86.0,,3394.0
2004-07-02,86.0,86.0,86.0,86.0,,2000.0
2004-07-05,86.0,86.0,86.0,86.0,,3678.0
2004-07-06,86.0,86.0,86.0,86.0,,573.0
2004-07-07,,,86.0,,,
2004-07-08,86.0,85.5,85.5,86.0,,12000.0
2004-07-09,85.5,85.5,85.5,85.5,,2063.0
2004-07-12,,,85.5,,,
2004-07-13,85.5,85.0,85.5,85.5,,3853.0
2004-07-14,85.5,82.5,82.5,85.5,,8800.0
2004-07-15,82.5,82.5,82.5,82.5,,2000.0
2004-07-16,82.5,81.5,82.5,82.5,,200.0
2004-07-19,82.5,81.5,82.5,82.5,,1000.0
2004-07-20,82.5,82.5,82.5,82.5,,200.0
2004-07-21,83.0,82.0,83.0,82.5,,1060.0
2004-07-22,,,83.0,,,
2004-07-23,,,83.0,,,
2004-07-26,83.0,81.5,81.5,83.0,,5492.0
2004-07-27,81.5,81.0,81.0,81.5,,16794.0
2004-07-28,,,81.0,,,
2004-07-29,,,81.0,,,
2004-07-30,81.0,81.0,81.0,81.0,,4000.0
2004-08-02,81.0,81.0,81.0,81.0,,1937.0
2004-08-03,,,81.0,,,
2004-08-04,,,81.0,,,
2004-08-05,,,81.0,,,
2004-08-06,81.0,77.0,77.0,81.0,,1903.0
2004-08-09,,,77.0,,,
2004-08-10,77.0,77.0,77.0,77.0,,1000.0
2004-08-11,77.0,77.0,77.0,77.0,,301.0
2004-08-12,,,77.0,,,
2004-08-13,,,77.0,,,
2004-08-16,,,77.0,,,
2004-08-17,75.0,74.5,75.0,74.5,,290.0
2004-08-18,75.0,73.5,73.5,75.0,,2000.0
2004-08-19,,,73.5,,,
2004-08-20,75.0,73.5,75.0,73.5,,2500.0
2004-08-23,75.0,75.0,75.0,75.0,,3720.0
2004-08-24,75.0,75.0,75.0,75.0,,372.0
2004-08-25,,,75.0,,,
2004-08-26,76.0,75.0,76.0,75.0,,23500.0
2004-08-27,,,76.0,,,
2004-08-31,,,76.0,,,
2004-09-01,,,76.0,,,
2004-09-02,,,76.0,,,
2004-09-03,76.0,76.0,76.0,76.0,,500.0
2004-09-06,76.0,76.0,76.0,76.0,,2500.0
2004-09-07,76.0,76.0,76.0,76.0,,720.0
2004-09-08,76.0,76.0,76.0,76.0,,8999.0
2004-09-09,,,76.0,,,
2004-09-10,76.0,76.0,76.0,76.0,,5000.0
2004-09-13,77.5,76.0,77.5,76.0,,15000.0
2004-09-14,84.5,79.0,84.5,79.0,,35690.0
2004-09-15,92.5,84.5,92.5,84.5,,49393.0
2004-09-16,92.5,89.5,89.5,92.5,,161688.0
2004-09-17,89.5,89.5,89.5,89.5,,300.0
2004-09-20,89.5,89.0,89.5,89.5,,101033.0
2004-09-21,89.5,87.5,88.0,89.5,,11000.0
2004-09-22,88.0,88.0,88.0,88.0,,1198839.0
2004-09-23,,,88.0,,,
2004-09-24,88.0,88.0,88.0,88.0,,27000.0
2004-09-27,88.0,88.0,88.0,88.0,,771.0
2004-09-28,88.0,87.5,87.5,88.0,,5000.0
2004-09-29,87.5,87.5,87.5,87.5,,346.0
2004-09-30,,,87.5,,,
2004-10-01,88.0,87.5,87.5,87.5,,43840.0
2004-10-04,88.0,87.5,88.0,87.5,,26583.0
2004-10-05,91.5,88.0,91.5,88.0,,131610.0
2004-10-06,96.0,91.5,96.0,91.5,,28890.0
2004-10-07,96.0,96.0,96.0,96.0,,2500.0
2004-10-08,96.0,96.0,96.0,96.0,,2000.0
2004-10-11,96.0,93.0,93.0,96.0,,26676.0
2004-10-12,93.0,93.0,,93.0,,4000.0
2004-10-13,93.5,93.0,93.5,93.0,,30000.0
2004-10-14,,,93.5,,,
2004-10-15,93.5,93.5,93.5,93.5,,4900.0
2004-10-18,,,93.5,,,
2004-10-19,94.0,93.5,94.0,93.5,,28035.0
2004-10-20,,,94.0,,,
2004-10-21,,,94.0,,,719.0
2004-10-22,96.5,94.0,96.5,94.0,,19500.0
2004-10-25,96.5,96.5,96.5,96.5,,5000.0
2004-10-26,96.5,96.5,96.5,96.5,,3423.0
2004-10-27,96.5,96.5,96.5,96.5,,60000.0
2004-10-28,96.5,96.5,96.5,96.5,,12500.0
2004-10-29,96.5,93.5,93.5,96.5,,16242.0
2004-11-01,93.5,93.0,93.0,93.5,,4000.0
2004-11-02,93.5,93.5,93.5,93.5,,287.0
2004-11-03,,,93.5,,,
2004-11-04,,,93.5,,,
2004-11-05,,,93.5,,,
2004-11-08,,,93.5,,,
2004-11-09,93.5,93.5,93.5,93.5,,589.0
2004-11-10,,,93.5,,,
2004-11-11,93.5,93.5,93.5,93.5,,100000.0
2004-11-12,93.5,93.5,93.5,93.5,,8484.0
2004-11-15,94.0,93.5,94.0,93.5,,7500.0
2004-11-16,94.0,94.0,94.0,94.0,,20100.0
2004-11-17,,,94.0,,,
2004-11-18,94.0,94.0,94.0,94.0,,3000.0
2004-11-19,94.0,94.0,94.0,94.0,,52726.0
2004-11-22,92.5,92.5,92.5,92.5,,13420.0
2004-11-23,92.5,92.5,92.5,92.5,,111159.0
2004-11-24,92.5,92.5,92.5,92.5,,3333.0
2004-11-25,92.5,92.5,92.5,92.5,,3000.0
2004-11-26,,,92.5,,,
2004-11-29,92.5,92.5,92.5,92.5,,5500.0
2004-11-30,92.5,92.5,92.5,92.5,,2031.0
2004-12-01,92.5,92.5,92.5,92.5,,1188.0
2004-12-02,92.5,92.5,92.5,92.5,,7010.0
2004-12-03,92.5,92.5,92.5,92.5,,3000.0
2004-12-06,,,92.5,,,
2004-12-07,92.5,92.5,92.5,92.5,,6882.0
2004-12-08,,,92.5,,,
2004-12-09,,,91.0,,,
2004-12-10,91.0,91.0,91.0,91.0,,5500.0
2004-12-13,91.5,91.0,91.5,91.0,,134000.0
2004-12-14,91.5,91.5,91.5,91.5,,22127.0
2004-12-15,91.5,91.5,91.5,91.5,,3251.0
2004-12-16,,,91.5,,,
2004-12-17,91.5,91.5,91.5,91.5,,3333.0
2004-12-20,91.5,91.5,91.5,91.5,,12089.0
2004-12-21,,,91.5,,,
2004-12-22,91.5,91.5,91.5,91.5,,1154.0
2004-12-23,,,91.5,,,
2004-12-24,91.5,91.5,91.5,91.5,,303.0
2004-12-29,,,91.5,,,
2004-12-30,,,91.5,,,
2004-12-31,,,91.5,,,
2005-01-04,,,91.5,,,
2005-01-05,91.5,91.5,91.5,91.5,,1210000.0
2005-01-06,91.5,91.5,91.5,91.5,,15330.0
2005-01-07,91.5,91.5,91.5,91.5,,1000.0
2005-01-10,91.5,91.5,91.5,91.5,,1736.0
2005-01-11,91.5,90.0,90.0,91.5,,10929.0
2005-01-12,,,90.0,,,
2005-01-13,,,90.0,,,
2005-01-14,90.0,90.0,90.0,90.0,,10000.0
2005-01-17,91.5,90.0,91.5,90.0,,80900.0
2005-01-18,91.5,90.0,90.0,91.5,,27753.0
2005-01-19,90.5,90.0,90.0,90.0,,40000.0
2005-01-20,90.5,90.0,90.5,90.0,,20300.0
2005-01-21,90.5,90.5,90.5,90.5,,18700.0
2005-01-24,90.5,90.5,90.5,90.5,,29850.0
2005-01-25,90.5,90.5,90.5,90.5,,5889.0
2005-01-26,91.5,90.5,91.5,90.5,,15951.0
2005-01-27,91.5,91.5,91.5,91.5,,5394.0
2005-01-28,91.5,91.5,91.5,91.5,,7086.0
2005-01-31,91.5,91.5,91.5,91.5,,4931.0
2005-02-01,91.5,90.5,90.5,91.5,,2027.0
2005-02-02,90.5,90.5,90.5,90.5,,3597.0
2005-02-03,90.5,90.5,90.5,90.5,,1176.0
2005-02-04,,,90.5,,,
2005-02-07,90.5,90.5,90.5,90.5,,10224.0
2005-02-08,90.5,88.5,88.5,90.5,,45500.0
2005-02-09,89.0,88.5,89.0,88.5,,59504.0
2005-02-10,89.0,89.0,89.0,89.0,,40000.0
2005-02-11,89.0,89.0,89.0,89.0,,4500.0
2005-02-14,89.0,89.0,89.0,89.0,,786850.0
2005-02-15,90.5,89.0,90.5,89.0,,40000.0
2005-02-16,92.5,90.5,92.5,90.5,,191850.0
2005-02-17,92.5,92.5,92.5,92.5,,1000.0
2005-02-18,92.5,92.5,92.5,92.5,,3154.0
2005-02-21,92.5,92.5,92.5,92.5,,5978.0
2005-02-22,96.0,92.5,96.0,92.5,,127095.0
2005-02-23,102.5,97.0,97.0,99.0,,436745.0
2005-02-24,102.5,97.0,102.5,97.0,,309699.0
2005-02-25,102.5,98.0,98.5,102.5,,778776.0
2005-02-28,98.5,98.5,98.5,98.5,,32185.0
2005-03-01,,,98.5,,,
2005-03-02,98.5,98.5,98.5,98.5,,6994.0
2005-03-03,,,98.5,,,
2005-03-04,98.5,98.5,98.5,98.5,,45000.0
2005-03-07,103.5,98.5,103.5,98.5,,87072.0
2005-03-08,103.5,103.5,103.5,103.5,,22127.0
2005-03-09,103.5,103.5,103.5,103.5,,5539.0
2005-03-10,103.5,103.5,103.5,103.5,,30072.0
2005-03-11,103.5,103.5,103.5,103.5,,11550.0
2005-03-14,105.0,103.5,105.0,103.5,,121229.0
2005-03-15,105.0,105.0,105.0,105.0,,1900.0
2005-03-16,105.0,105.0,105.0,105.0,,13280.0
2005-03-17,105.0,101.5,101.5,105.0,,21500.0
2005-03-18,101.5,101.0,101.0,101.5,,64750.0
2005-03-21,101.0,101.0,101.0,101.0,,323000.0
2005-03-22,101.0,99.0,99.0,101.0,,7500.0
2005-03-23,99.0,98.5,98.5,99.0,,7500.0
2005-03-24,98.5,98.5,98.5,98.5,,500.0
2005-03-29,98.5,98.5,98.5,98.5,,25000.0
2005-03-30,98.5,98.5,98.5,98.5,,3000.0
2005-03-31,98.5,93.5,94.0,98.5,,52335.0
2005-04-01,94.0,94.0,94.0,94.0,,66938.0
2005-04-04,93.5,93.5,93.5,93.5,,2700.0
2005-04-05,93.5,93.5,93.5,93.5,,3500.0
2005-04-06,94.5,93.5,94.5,93.5,,25250.0
2005-04-07,95.5,94.5,95.5,94.5,,20267.0
2005-04-08,,,95.5,,,
2005-04-11,,,95.5,,,
2005-04-12,99.0,95.0,99.0,95.5,,113000.0
2005-04-13,99.0,99.0,99.0,99.0,,5018.0
2005-04-14,99.0,98.0,98.0,99.0,,51200.0
2005-04-15,98.0,94.5,95.5,98.0,,17925.0
2005-04-18,95.0,92.5,92.5,95.0,,35315.0
2005-04-19,,,92.5,,,
2005-04-20,94.5,92.5,94.5,92.5,,8031.0
2005-04-21,93.5,93.5,93.5,93.5,,2400.0
2005-04-22,93.5,93.0,93.5,93.5,,3396.0
2005-04-25,93.5,92.5,93.0,93.5,,5361.0
2005-04-26,,,93.0,,,
2005-04-27,93.0,90.5,90.5,93.0,,9013.0
2005-04-28,90.5,90.0,90.0,90.5,,5650.0
2005-04-29,90.0,85.0,85.5,90.0,,59166.0
2005-05-03,86.5,85.5,86.5,85.5,,21000.0
2005-05-04,88.5,86.5,88.5,86.5,,15000.0
2005-05-05,89.5,88.5,89.5,88.5,,5000.0
2005-05-06,89.5,89.5,89.5,89.5,,4431.0
2005-05-09,89.5,88.5,88.5,89.5,,90000.0
2005-05-10,88.5,88.5,88.5,88.5,,3635.0
2005-05-11,90.5,88.5,90.5,88.5,,22215.0
2005-05-12,91.5,90.5,91.5,90.5,,17623.0
2005-05-13,91.5,91.5,91.5,91.5,,7364.0
2005-05-16,,,91.5,,,
2005-05-17,91.5,91.5,91.5,91.5,,184.0
2005-05-18,91.5,91.5,91.5,91.5,,4523.0
2005-05-19,91.5,91.5,91.5,91.5,,21908.0
2005-05-20,91.5,91.5,91.5,91.5,,9523.0
2005-05-23,,,91.5,,,
2005-05-24,91.5,91.5,91.5,91.5,,15626.0
2005-05-25,,,91.5,,,
2005-05-26,91.5,90.5,90.5,91.5,,24659.0
2005-05-27,90.5,90.5,90.5,90.5,,750.0
2005-05-31,,,90.5,,,
2005-06-01,90.5,90.5,90.5,90.5,,3200.0
2005-06-02,,,90.5,,,
2005-06-03,90.5,90.5,90.5,90.5,,1500.0
2005-06-06,90.5,89.0,89.0,90.5,,3000.0
2005-06-07,89.0,89.0,89.0,89.0,,7500.0
2005-06-08,89.0,86.5,86.5,89.0,,7100.0
2005-06-09,86.5,86.5,86.5,86.5,,1000.0
2005-06-10,86.5,86.0,86.0,86.5,,10000.0
2005-06-13,86.0,85.0,85.0,86.0,,39814.0
2005-06-14,85.0,85.0,85.0,85.0,,25000.0
2005-06-15,88.0,85.0,88.0,85.0,,28000.0
2005-06-16,88.0,88.0,88.0,88.0,,1809.0
2005-06-17,,,88.0,,,
2005-06-20,,,88.0,,,
2005-06-21,88.0,88.0,88.0,88.0,,243.0
2005-06-22,88.5,88.0,88.0,88.0,,5000.0
2005-06-23,88.0,88.0,88.0,88.0,,4523.0
2005-06-24,,,88.0,,,
2005-06-27,88.0,87.5,87.5,88.0,,42500.0
2005-06-28,,,88.5,,,
2005-06-29,88.5,88.5,88.5,88.5,,4280.0
2005-06-30,96.5,88.5,96.5,88.5,,73727.0
2005-07-01,96.5,93.0,93.0,96.5,,45038.0
2005-07-04,93.0,93.0,93.0,93.0,,10000.0
2005-07-05,93.0,93.0,93.0,93.0,,14702.0
2005-07-06,93.0,93.0,93.0,93.0,,1218.0
2005-07-07,93.0,90.0,90.0,93.0,,16002.0
2005-07-08,,,90.0,,,
2005-07-11,92.5,90.0,92.5,90.0,,14100.0
2005-07-12,92.5,92.5,92.5,92.5,,1615.0
2005-07-13,93.0,92.5,93.0,92.5,,1228.0
2005-07-14,,,93.0,,,
2005-07-15,93.0,93.0,93.0,93.0,,1509.0
2005-07-18,,,93.0,,,
2005-07-19,,,93.0,,,
2005-07-20,,,93.0,,,
2005-07-21,,,93.0,,,
2005-07-22,,,93.0,,,
2005-07-25,93.5,93.0,93.5,93.0,,21834.0
2005-07-26,,,93.5,,,
2005-07-27,98.0,93.5,98.0,93.5,,15277.0
2005-07-28,102.0,98.0,102.0,98.0,,16500.0
2005-07-29,102.0,102.0,102.0,102.0,,1988.0
2005-08-01,103.0,102.0,102.0,102.0,,36579.0
2005-08-02,101.0,100.5,100.5,101.0,,25000.0
2005-08-03,,,100.5,,,
2005-08-04,102.0,100.5,102.0,100.5,,9500.0
2005-08-05,103.5,102.0,103.5,102.0,,17800.0
2005-08-08,103.5,102.0,102.0,103.5,,14200.0
2005-08-09,103.0,102.0,102.0,102.0,,38570.0
2005-08-10,102.0,101.5,101.5,102.0,,6688.0
2005-08-11,101.5,101.5,101.5,101.5,,35068.0
2005-08-12,101.5,101.5,101.5,101.5,,15223.0
2005-08-15,101.5,101.5,101.5,101.5,,5486.0
2005-08-16,103.0,102.5,103.0,102.5,,107000.0
2005-08-17,103.0,103.0,103.0,103.0,,7012.0
2005-08-18,,,103.0,,,
2005-08-19,103.0,102.0,103.0,103.0,,985.0
2005-08-22,103.0,103.0,103.0,103.0,,6790.0
2005-08-23,104.5,103.0,104.5,103.0,,70373.0
2005-08-24,104.5,104.5,104.5,104.5,,43841.0
2005-08-25,104.5,104.5,104.5,104.5,,22383.0
2005-08-26,104.5,103.5,103.5,104.5,,12177.0
2005-08-30,103.5,103.5,103.5,103.5,,3943.0
2005-08-31,103.5,103.5,103.5,103.5,,44517.0
2005-09-01,,,103.5,,,
2005-09-02,,,103.5,,,
2005-09-05,103.5,103.5,103.5,103.5,,16490.0
2005-09-06,103.5,103.5,103.5,103.5,,500.0
2005-09-07,108.5,103.5,107.5,103.5,,157628.0
2005-09-08,112.0,107.5,110.0,107.5,,175770.0
2005-09-09,110.0,110.0,110.0,110.0,,7949.0
2005-09-12,110.0,110.0,110.0,110.0,,4704.0
2005-09-13,,,110.0,,,
2005-09-14,110.0,106.0,106.0,110.0,,27580.0
2005-09-15,106.0,106.0,106.0,106.0,,5149.0
2005-09-16,106.0,106.0,106.0,106.0,,79804.0
2005-09-19,108.5,106.0,108.5,106.0,,34500.0
2005-09-20,110.0,109.5,110.0,109.5,,140626.0
2005-09-21,110.0,103.5,106.0,110.0,,395198.0
2005-09-22,106.0,106.0,106.0,106.0,,47618.0
2005-09-23,,,106.0,,,
2005-09-26,106.0,104.5,104.5,106.0,,68969.0
2005-09-27,104.5,104.0,104.5,104.5,,112314.0
2005-09-28,103.5,103.5,103.5,103.5,,2873.0
2005-09-29,103.5,100.5,100.5,103.5,,10000.0
2005-09-30,100.5,100.5,100.5,100.5,,2625.0
2005-10-03,100.5,100.5,100.5,100.5,,4500.0
2005-10-04,100.5,100.5,100.5,100.5,,343.0
2005-10-05,,,100.5,,,
2005-10-06,100.5,98.5,98.5,100.5,,31000.0
2005-10-07,98.5,98.5,98.5,98.5,,41815.0
2005-10-10,100.0,98.5,100.0,98.5,,10489.0
2005-10-11,101.0,100.0,101.0,100.0,,17317.0
2005-10-12,,,101.0,,,
2005-10-13,101.0,100.5,100.5,101.0,,80194.0
2005-10-14,101.0,100.5,101.0,100.5,,244556.0
2005-10-17,101.0,101.0,101.0,101.0,,5012.0
2005-10-18,101.0,101.0,101.0,101.0,,15000.0
2005-10-19,99.0,87.0,91.5,99.0,,104653.0
2005-10-20,94.0,92.5,94.0,92.5,,2700.0
2005-10-21,94.0,94.0,94.0,94.0,,23979.0
2005-10-24,94.0,94.0,94.0,94.0,,7500.0
2005-10-25,96.5,94.0,95.0,94.0,,65960.0
2005-10-26,98.0,95.0,98.0,95.0,,77011.0
2005-10-27,,,98.0,,,
2005-10-28,97.5,94.0,94.0,97.5,,13500.0
2005-10-31,94.0,93.5,93.5,94.0,,10000.0
2005-11-01,,,94.0,,,
2005-11-02,94.0,93.5,93.5,94.0,,94883.0
2005-11-03,95.0,94.5,95.0,94.5,,10300.0
2005-11-04,95.0,95.0,95.0,95.0,,99.0
2005-11-07,95.0,95.0,95.0,95.0,,9015.0
2005-11-08,,,95.0,,,
2005-11-09,95.0,95.0,95.0,95.0,,35681.0
2005-11-10,,,95.0,,,
2005-11-11,95.0,94.0,95.0,95.0,,218988.0
2005-11-14,95.0,95.0,95.0,95.0,,20000.0
2005-11-15,95.0,95.0,95.0,95.0,,1474.0
2005-11-16,,,95.0,,,
2005-11-17,95.0,95.0,95.0,95.0,,32004.0
2005-11-18,95.0,95.0,95.0,95.0,,145054.0
2005-11-21,95.0,95.0,95.0,95.0,,4379.0
2005-11-22,95.0,95.0,95.0,95.0,,8152.0
2005-11-23,95.0,90.5,90.5,95.0,,27618.0
2005-11-24,90.5,90.5,90.5,90.5,,10782.0
2005-11-25,90.5,90.5,90.5,90.5,,500.0
2005-11-28,90.5,90.0,90.0,90.5,,7333.0
2005-11-29,90.0,90.0,90.0,90.0,,150.0
2005-11-30,90.0,87.5,88.0,89.5,,31500.0
2005-12-01,88.0,88.0,88.0,88.0,,2043.0
2005-12-02,93.5,88.0,93.5,88.0,,28000.0
2005-12-05,93.5,92.5,93.5,92.5,,6540.0
2005-12-06,93.5,93.5,93.5,93.5,,3000.0
2005-12-07,,,93.5,,,
2005-12-08,,,93.5,,,
2005-12-09,,,93.5,,,
2005-12-12,93.5,93.5,93.5,93.5,,17500.0
2005-12-13,93.5,93.5,93.5,93.5,,5000.0
2005-12-14,93.5,93.5,93.5,93.5,,2000.0
2005-12-15,,,93.5,,,
2005-12-16,,,93.5,,,
2005-12-19,,,93.5,,,
2005-12-20,93.5,93.5,93.5,93.5,,11514.0
2005-12-21,93.5,89.5,89.5,93.5,,43529.0
2005-12-22,89.5,89.5,89.5,89.5,,2807.0
2005-12-23,89.5,89.5,89.5,89.5,,320.0
2005-12-28,89.5,89.5,89.5,89.5,,79425.0
2005-12-29,,,89.5,,,
2005-12-30,,,89.5,,,
2006-01-03,93.5,92.0,93.5,92.0,,32760.0
2006-01-04,93.5,91.5,91.5,93.5,,18016.0
2006-01-05,94.5,91.5,94.5,91.5,,124500.0
2006-01-06,96.0,94.5,95.5,94.5,,63692.0
2006-01-09,95.5,95.5,95.5,95.5,,2118.0
2006-01-10,95.5,95.5,95.5,95.5,,7000.0
2006-01-11,95.5,93.0,94.0,95.5,,22000.0
2006-01-12,94.5,94.0,94.5,94.0,,17000.0
2006-01-13,94.5,94.5,94.5,94.5,,111500.0
2006-01-16,95.5,94.5,95.5,94.5,,1062818.0
2006-01-17,95.5,95.5,95.5,95.5,,35369.0
2006-01-18,95.5,91.0,93.0,95.5,,90500.0
2006-01-19,93.0,93.0,93.0,93.0,,231000.0
2006-01-20,93.0,93.0,93.0,93.0,,6240.0
2006-01-23,93.0,93.0,93.0,93.0,,14056.0
2006-01-24,93.0,92.0,92.0,93.0,,8000.0
2006-01-25,92.0,92.0,92.0,92.0,,162.0
2006-01-26,93.5,92.0,93.5,92.0,,167475.0
2006-01-27,93.5,93.0,93.0,93.5,,18280.0
2006-01-30,93.0,93.0,93.0,93.0,,115531.0
2006-01-31,93.0,93.0,93.0,93.0,,110837.0
2006-02-01,93.0,93.0,93.0,93.0,,10029.0
2006-02-02,93.0,93.0,93.0,93.0,,54000.0
2006-02-03,93.0,93.0,93.0,93.0,,7968.0
2006-02-06,93.0,93.0,93.0,93.0,,18907.0
2006-02-07,93.0,93.0,93.0,93.0,,1057.0
2006-02-08,93.0,93.0,93.0,93.0,,11676.0
2006-02-09,93.0,93.0,93.0,93.0,,450.0
2006-02-10,93.0,93.0,93.0,93.0,,11938.0
2006-02-13,93.0,93.0,93.0,93.0,,4000.0
2006-02-14,93.0,93.0,93.0,93.0,,527.0
2006-02-15,93.0,91.5,91.5,93.0,,71777.0
2006-02-16,91.5,91.5,91.5,91.5,,5500.0
2006-02-17,91.5,91.5,91.5,91.5,,11837.0
2006-02-20,91.5,91.0,91.0,91.5,,16997.0
2006-02-21,91.0,91.0,91.0,91.0,,5798.0
2006-02-22,89.5,86.0,87.5,89.5,,117964.0
2006-02-23,87.5,87.5,87.5,87.5,,6300.0
2006-02-24,87.5,87.5,87.5,87.5,,3330.0
2006-02-27,87.5,85.5,86.0,87.5,,24309.0
2006-02-28,86.0,75.5,81.0,86.0,,101575.0
2006-03-01,81.0,76.0,78.5,81.0,,138522.0
2006-03-02,78.5,78.5,78.5,78.5,,31330.0
2006-03-03,78.5,77.5,77.5,78.5,,17833.0
2006-03-06,83.5,79.0,82.5,79.0,,231290.0
2006-03-07,82.5,81.5,81.5,82.5,,38222.0
2006-03-08,81.5,81.0,81.0,81.5,,73000.0
2006-03-09,81.0,81.0,81.0,81.0,,3856.0
2006-03-10,82.0,81.0,82.0,81.0,,11990.0
2006-03-13,82.0,81.5,81.5,82.0,,32286.0
2006-03-14,81.5,81.5,81.5,81.5,,4223.0
2006-03-15,81.5,81.5,81.5,81.5,,2192.0
2006-03-16,81.5,80.0,80.0,81.5,,1613315.0
2006-03-17,80.5,80.0,80.5,80.0,,5530.0
2006-03-20,80.5,80.5,80.5,80.5,,12000.0
2006-03-21,79.5,78.5,78.5,79.5,,40362.0
2006-03-22,81.0,78.5,81.0,78.5,,160059.0
2006-03-23,81.0,81.0,81.0,81.0,,4293.0
2006-03-24,81.0,81.0,81.0,81.0,,1590.0
2006-03-27,86.5,81.0,86.5,81.0,,45095.0
2006-03-28,88.5,86.5,86.5,86.5,,11673.0
2006-03-29,87.5,86.0,87.5,86.5,,51433.0
2006-03-30,87.5,87.5,87.5,87.5,,3300.0
2006-03-31,87.5,87.5,87.5,87.5,,819.0
2006-04-03,87.5,86.5,86.5,87.5,,9057.0
2006-04-04,86.5,86.5,86.5,86.5,,4117.0
2006-04-05,87.5,86.5,87.5,86.5,,131054.0
2006-04-06,87.5,87.5,87.5,87.5,,91074.0
2006-04-07,87.5,87.5,87.5,87.5,,15000.0
2006-04-10,87.5,87.5,87.5,87.5,,1051.0
2006-04-11,87.5,86.5,86.5,87.5,,5590.0
2006-04-12,86.5,86.5,86.5,86.5,,4123.0
2006-04-13,88.5,86.5,88.5,86.5,,17639.0
2006-04-18,88.5,87.5,87.5,88.5,,19775.0
2006-04-19,,,87.5,,,
2006-04-20,87.5,86.5,86.5,87.5,,15295.0
2006-04-21,86.5,86.5,86.5,86.5,,19326.0
2006-04-24,86.5,83.5,83.5,86.5,,7500.0
2006-04-25,83.5,83.5,83.5,83.5,,32000.0
2006-04-26,83.5,83.5,83.5,83.5,,9000.0
2006-04-27,,,83.5,,,
2006-04-28,83.5,83.5,83.5,83.5,,71198.0
2006-05-02,83.5,83.5,83.5,83.5,,17941.0
2006-05-03,83.5,83.5,83.5,83.5,,47468.0
2006-05-04,,,83.5,,,
2006-05-05,83.5,83.5,83.5,83.5,,331295.0
2006-05-08,83.5,83.5,83.5,83.5,,129060.0
2006-05-09,85.0,83.5,85.0,83.5,,34084.0
2006-05-10,85.0,85.0,85.0,85.0,,19686.0
2006-05-11,85.0,85.0,85.0,85.0,,87084.0
2006-05-12,85.0,85.0,85.0,85.0,,14927.0
2006-05-15,84.0,84.0,84.0,84.0,,12500.0
2006-05-16,84.0,84.0,84.0,84.0,,126.0
2006-05-17,84.0,83.0,83.5,84.0,,20828.0
2006-05-18,83.0,83.0,83.0,83.0,,15000.0
2006-05-19,83.0,83.0,83.0,83.0,,2439.0
2006-05-22,83.5,81.0,81.5,83.5,,23200.0
2006-05-23,81.5,80.5,80.5,81.5,,18762.0
2006-05-24,80.5,79.0,79.0,80.5,,9982.0
2006-05-25,79.0,78.5,78.5,79.0,,4111.0
2006-05-26,79.0,78.5,79.0,78.5,,12750.0
2006-05-30,79.0,79.0,79.0,79.0,,1177.0
2006-05-31,78.5,78.0,78.5,78.5,,4500.0
2006-06-01,78.5,78.5,78.5,78.5,,12000.0
2006-06-02,78.5,78.5,78.5,78.5,,2322.0
2006-06-05,,,78.5,,,
2006-06-06,,,78.5,,,
2006-06-07,,,78.5,,,
2006-06-08,,,78.5,,,
2006-06-09,,,78.5,,,
2006-06-12,,,78.5,,,
2006-06-13,78.5,78.5,78.5,78.5,,2139.0
2006-06-14,78.5,78.5,78.5,78.5,,1071.0
2006-06-15,78.5,78.5,78.5,78.5,,8500.0
2006-06-16,78.5,77.5,77.5,78.5,,10000.0
2006-06-19,77.5,77.5,77.5,77.5,,25000.0
2006-06-20,78.5,77.5,78.5,77.5,,150000.0
2006-06-21,78.5,78.5,78.5,78.5,,465000.0
2006-06-22,78.5,78.5,78.5,78.5,,50027.0
2006-06-23,78.5,78.5,78.5,78.5,,10611.0
2006-06-26,81.5,78.5,81.5,78.5,,1024000.0
2006-06-27,81.5,81.5,81.5,81.5,,2500.0
2006-06-28,81.5,81.5,81.5,81.5,,5000.0
2006-06-29,81.5,81.5,81.5,81.5,,5771.0
2006-06-30,83.0,81.5,83.0,81.5,,50000.0
2006-07-03,83.0,83.0,83.0,83.0,,3580.0
2006-07-04,85.0,85.0,85.0,85.0,,28000.0
2006-07-05,85.0,85.0,85.0,85.0,,3000.0
2006-07-06,85.5,85.0,85.5,85.0,,1818.0
2006-07-07,,,85.5,,,
2006-07-10,,,85.5,,,
2006-07-11,,,85.5,,,
2006-07-12,85.5,85.5,85.5,85.5,,300.0
2006-07-13,85.5,84.0,84.0,85.5,,10000.0
2006-07-14,84.0,83.0,83.0,84.0,,2898.0
2006-07-17,83.0,83.0,83.0,83.0,,320000.0
2006-07-18,83.0,83.0,83.0,83.0,,348.0
2006-07-19,83.0,82.0,82.0,83.0,,2040.0
2006-07-20,82.0,80.5,80.5,82.0,,10200.0
2006-07-21,,,80.0,,,
2006-07-24,,,80.0,,,
2006-07-25,80.0,80.0,80.0,80.0,,3000.0
2006-07-26,80.0,80.0,80.0,80.0,,1500.0
2006-07-27,,,80.0,,,
2006-07-28,80.0,80.0,80.0,80.0,,8726.0
2006-07-31,,,80.0,,,
2006-08-01,,,79.0,,,
2006-08-02,79.0,79.0,79.0,79.0,,492273.0
2006-08-03,79.0,77.5,77.5,79.0,,6806.0
2006-08-04,77.5,77.5,77.5,77.5,,10543.0
2006-08-07,,,77.5,,,
2006-08-08,77.5,77.5,77.5,77.5,,26000.0
2006-08-09,,,77.5,,,
2006-08-10,77.5,77.5,77.5,77.5,,3000.0
2006-08-11,,,77.5,,,
2006-08-14,,,77.5,,,
2006-08-15,,,77.5,,,
2006-08-16,81.0,77.5,81.0,77.5,,1504440.0
2006-08-17,,,81.0,,,
2006-08-18,86.5,81.0,86.0,81.0,,1712000.0
2006-08-21,86.0,86.0,86.0,86.0,,18643.0
2006-08-22,86.0,86.0,86.0,86.0,,51100.0
2006-08-23,87.5,86.0,87.5,86.0,,1500000.0
2006-08-24,87.5,87.5,87.5,87.5,,2000.0
2006-08-25,,,87.5,,,
2006-08-29,,,87.5,,,
2006-08-30,89.0,87.5,89.0,87.5,,500.0
2006-08-31,89.0,88.5,88.5,89.0,,5595.0
2006-09-01,88.5,88.5,88.5,88.5,,26500.0
2006-09-04,88.5,88.5,88.5,88.5,,5322.0
2006-09-05,,,88.5,,,
2006-09-06,88.5,88.5,88.5,88.5,,13261.0
2006-09-07,,,88.0,,,
2006-09-08,88.0,86.0,86.0,88.0,,240.0
2006-09-11,86.0,86.0,86.0,86.0,,678027.0
2006-09-12,86.0,86.0,86.0,86.0,,186064.0
2006-09-13,88.0,87.5,87.5,87.5,,51000.0
2006-09-14,87.5,87.5,87.5,87.5,,8170.0
2006-09-15,91.5,87.5,91.5,87.5,,61000.0
2006-09-18,93.5,91.5,93.5,91.5,,781981.0
2006-09-19,102.5,96.0,102.0,96.0,,201117.0
2006-09-20,102.0,102.0,102.0,102.0,,260987.0
2006-09-21,102.0,102.0,102.0,102.0,,8267.0
2006-09-22,102.0,99.5,100.0,102.0,,38640.0
2006-09-25,100.0,98.5,98.5,100.0,,21086.0
2006-09-26,100.0,98.5,100.0,98.5,,675861.0
2006-09-27,105.5,103.5,103.5,104.5,,61572.0
2006-09-28,103.5,103.0,103.0,103.5,,6940.0
2006-09-29,103.0,100.0,100.0,103.0,,8769.0
2006-10-02,100.0,97.0,98.5,100.0,,96100.0
2006-10-03,102.0,98.5,101.5,98.5,,77200.0
2006-10-04,102.0,101.5,101.5,101.5,,280.0
2006-10-05,101.5,101.5,101.5,101.5,,41198.0
2006-10-06,101.5,101.5,101.5,101.5,,100.0
2006-10-09,101.5,101.5,101.5,101.5,,55816.0
2006-10-10,101.5,101.0,101.0,101.5,,11000.0
2006-10-11,101.0,101.0,101.0,101.0,,15636.0
2006-10-12,101.5,101.0,101.5,101.0,,66766.0
2006-10-13,101.5,101.5,101.5,101.5,,18299.0
2006-10-16,101.5,101.5,101.5,101.5,,20000.0
2006-10-17,,,101.5,,,
2006-10-18,101.5,100.5,100.5,101.5,,113257.0
2006-10-19,101.5,100.5,100.5,100.5,,2338.0
2006-10-20,100.5,100.5,100.5,100.5,,3883.0
2006-10-23,100.5,100.5,100.5,100.5,,4030.0
2006-10-24,,,100.5,,,
2006-10-25,100.5,100.5,100.5,100.5,,2222.0
2006-10-26,101.5,100.5,101.0,100.5,,54626.0
2006-10-27,101.0,100.0,101.0,101.0,,128768.0
2006-10-30,101.0,100.5,101.0,100.5,,62766.0
2006-10-31,102.0,101.0,101.5,101.0,,26010.0
2006-11-01,101.5,101.0,101.0,101.5,,179570.0
2006-11-02,101.0,100.5,100.5,101.0,,44657.0
2006-11-03,100.5,98.5,98.5,100.5,,377659.0
2006-11-06,99.5,98.5,99.5,98.5,,56124.0
2006-11-07,101.5,100.0,101.5,101.0,,165321.0
2006-11-08,101.5,101.5,101.5,101.5,,1490.0
2006-11-09,101.5,101.5,101.5,101.5,,55874.0
2006-11-10,101.5,100.0,100.0,101.5,,1550.0
2006-11-13,101.5,99.0,101.5,100.0,,1158169.0
2006-11-14,101.5,101.5,101.5,101.5,,39828.0
2006-11-15,103.0,101.5,102.0,101.5,,33459.0
2006-11-16,102.0,102.0,102.0,102.0,,22640.0
2006-11-17,102.0,102.0,102.0,102.0,,29617.0
2006-11-20,102.0,102.0,102.0,102.0,,49206.0
2006-11-21,102.0,102.0,102.0,102.0,,5750.0
2006-11-22,103.0,102.0,102.5,102.0,,1182836.0
2006-11-23,102.5,101.5,101.5,102.5,,197706.0
2006-11-24,101.0,101.0,101.0,101.0,,36814.0
2006-11-27,101.0,101.0,101.0,101.0,,16517.0
2006-11-28,101.0,101.0,101.0,101.0,,37056.0
2006-11-29,,,101.0,,,
2006-11-30,101.0,101.0,101.0,101.0,,29518.0
2006-12-01,101.0,101.0,101.0,101.0,,10000.0
2006-12-04,101.0,99.75,99.75,101.0,,16803.0
2006-12-05,99.75,99.75,99.75,99.75,,2650.0
2006-12-06,99.75,99.75,99.75,99.75,,1500.0
2006-12-07,100.5,99.75,100.5,99.75,,290900.0
2006-12-08,100.5,100.0,100.0,100.5,,77000.0
2006-12-11,100.0,100.0,100.0,100.0,,2000.0
2006-12-12,,,100.0,,,
2006-12-13,100.0,100.0,100.0,100.0,,15000.0
2006-12-14,100.0,100.0,100.0,100.0,,11883.0
2006-12-15,100.0,100.0,100.0,100.0,,10000.0
2006-12-18,100.0,100.0,100.0,100.0,,13909.0
2006-12-19,100.0,100.0,100.0,100.0,,12500.0
2006-12-20,100.0,98.5,100.0,98.5,,34606.0
2006-12-21,101.0,101.0,101.0,101.0,,118851.0
2006-12-22,102.0,101.0,102.0,101.0,,161169.0
2006-12-27,110.0,102.0,108.5,102.0,,86098.0
2006-12-28,121.0,108.5,118.0,108.5,,107860.0
2006-12-29,118.5,117.5,118.5,117.5,,21163.0
2007-01-02,118.5,112.0,112.0,118.5,,47484.0
2007-01-03,112.0,109.5,109.5,112.0,,14103.0
2007-01-04,109.5,109.5,109.5,109.5,,2000.0
2007-01-05,,,109.5,,,
2007-01-08,109.5,109.0,109.5,109.0,,2254.0
2007-01-09,109.5,109.5,109.5,109.5,,2500.0
2007-01-10,110.5,107.0,110.5,109.5,,37895.0
2007-01-11,116.5,110.5,116.5,110.5,,20500.0
2007-01-12,116.5,116.5,116.5,116.5,,2500.0
2007-01-15,116.5,114.0,114.0,116.5,,35847.0
2007-01-16,114.0,114.0,114.0,114.0,,53438.0
2007-01-17,114.0,114.0,114.0,114.0,,5297.0
2007-01-18,115.0,114.0,115.0,114.0,,77853.0
2007-01-19,115.0,112.0,112.0,115.0,,29935.0
2007-01-22,112.0,111.5,111.5,112.0,,17700.0
2007-01-23,,,111.5,,,
2007-01-24,111.5,111.5,111.5,111.5,,6048.0
2007-01-25,111.5,111.5,111.5,111.5,,3714.0
2007-01-26,111.5,111.5,111.5,111.5,,1595.0
2007-01-29,111.5,111.5,111.5,111.5,,6988.0
2007-01-30,111.5,111.5,111.5,111.5,,945.0
2007-01-31,111.5,111.0,111.0,111.5,,36020.0
2007-02-01,,,111.0,,,
2007-02-02,111.0,111.0,111.0,111.0,,2000.0
2007-02-05,111.0,111.0,111.0,111.0,,5054.0
2007-02-06,111.0,111.0,111.0,111.0,,5403.0
2007-02-07,111.0,111.0,111.0,111.0,,1250.0
2007-02-08,111.0,111.0,111.0,111.0,,200.0
2007-02-09,115.0,111.0,115.0,111.0,,146180.0
2007-02-12,115.0,115.0,115.0,115.0,,2800.0
2007-02-13,116.0,115.0,116.0,115.0,,27252.0
2007-02-14,116.0,116.0,116.0,116.0,,11816.0
2007-02-15,116.5,116.0,116.5,116.0,,32781.0
2007-02-16,116.5,116.5,116.5,116.5,,4250.0
2007-02-19,116.5,115.0,115.0,116.5,,25079.0
2007-02-20,115.0,115.0,115.0,115.0,,4575.0
2007-02-21,115.0,115.0,115.0,115.0,,79107.0
2007-02-22,115.0,115.0,115.0,115.0,,1093.0
2007-02-23,115.0,115.0,115.0,115.0,,4172.0
2007-02-26,115.0,115.0,115.0,115.0,,2649.0
2007-02-27,115.0,108.0,108.0,115.0,,32876.0
2007-02-28,114.5,104.5,114.5,107.0,,121630.0
2007-03-01,129.0,114.5,127.0,114.5,,205296.0
2007-03-02,127.0,126.0,126.0,127.0,,327732.0
2007-03-05,131.0,125.5,131.0,126.0,,96167.0
2007-03-06,149.0,148.0,149.0,148.5,,2380900.0
2007-03-07,149.0,149.0,149.0,149.0,,15597.0
2007-03-08,149.0,148.5,148.5,149.0,,52150.0
2007-03-09,148.5,148.0,148.5,148.5,,75287.0
2007-03-12,148.5,148.5,148.5,148.5,,54083.0
2007-03-13,148.5,148.0,148.0,148.5,,13400.0
2007-03-14,148.0,148.0,148.0,148.0,,14000.0
2007-03-15,148.0,148.0,148.0,148.0,,11950.0
2007-03-16,148.0,148.0,148.0,148.0,,17000.0
2007-03-19,148.0,148.0,148.0,148.0,,1966.0
2007-03-20,,,148.0,,,
2007-03-21,148.0,148.0,148.0,148.0,,7925.0
2007-03-22,148.0,148.0,148.0,148.0,,3200.0
2007-03-23,148.0,148.0,148.0,148.0,,132000.0
2007-03-26,148.0,148.0,148.0,148.0,,998964.0
2007-03-27,148.0,148.0,148.0,148.0,,100000.0
2007-03-28,148.5,148.5,148.5,148.5,,1000.0
2007-03-29,148.5,148.5,148.5,148.5,,2000.0
2007-03-30,148.5,148.5,148.5,148.5,,21100.0
2007-04-02,148.5,148.5,148.5,148.5,,2000.0
2007-04-03,148.5,148.5,148.5,148.5,,2700.0
2007-04-04,148.5,148.5,148.5,148.5,,380.0
2007-04-05,,,148.5,,,
2007-04-10,,,148.5,,,
2007-04-11,,,148.5,,,
2007-04-12,,,148.5,,,
2007-04-13,,,148.5,,,
2007-04-16,,,148.5,,,
2007-04-17,,,148.5,,,
2007-04-18,,,148.5,,,
2007-04-19,,,148.5,,,
2007-04-20,148.5,148.5,148.5,148.5,,257.0
2007-04-23,,,148.5,,,
2007-04-24,148.5,148.5,148.5,148.5,,2000.0
2007-04-25,,,148.5,,,
2007-04-26,,,148.5,,,
2007-04-27,,,148.5,,,
