Date,HIGH,LOW,CLOSE,OPEN,COUNT,VOLUME
1989-07-03,,,83.0,,,
1989-07-04,,,83.0,,,
1989-07-05,,,83.0,,,
1989-07-06,,,83.0,,,
1989-07-07,,,83.0,,,
1989-07-10,,,82.0,,,
1989-07-11,,,82.0,,,
1989-07-12,,,81.0,,,
1989-07-13,,,82.0,,,
1989-07-17,,,81.0,,,
1989-08-03,,,81.0,,,
1989-08-07,,,83.0,,,
1989-08-08,,,83.0,,,
1989-08-09,,,85.0,,,
1989-08-10,,,85.0,,,
1989-08-11,,,86.0,,,
1989-08-14,,,85.0,,,
1989-08-24,,,86.0,,,
1989-08-25,,,85.0,,,
1989-08-31,,,86.0,,,
1989-09-01,,,85.0,,,
1989-09-05,,,86.0,,,
1989-09-06,,,85.0,,,
1989-09-12,,,86.0,,,
1989-09-13,,,85.0,,,
1989-09-14,,,86.0,,,
1989-09-15,,,85.0,,,
1989-09-18,,,85.0,,,
1989-09-20,,,83.0,,,
1989-09-21,,,85.0,,,
1989-09-22,,,83.0,,,
1989-09-26,,,85.0,,,
1989-09-29,,,86.0,,,
1989-10-02,,,86.0,,,
1989-10-03,,,85.0,,,
1989-10-05,,,83.0,,,
1989-10-06,,,81.0,,,
1989-10-10,,,80.0,,,
1989-10-11,,,78.0,,,
1989-10-13,,,79.0,,,
1989-10-16,,,70.0,,,
1989-10-17,,,73.0,,,
1989-10-19,,,75.0,,,
1989-10-24,,,76.0,,,
1989-10-25,,,78.0,,,
1989-10-27,,,75.0,,,
1989-11-02,,,76.0,,,
1989-11-03,,,75.0,,,
1989-11-06,,,76.0,,,
1989-11-09,,,73.0,,,
1989-11-10,,,75.0,,,
1989-11-13,,,73.0,,,
1989-11-14,,,75.0,,,
1989-11-22,,,73.0,,,
1989-11-24,,,75.0,,,
1989-11-27,,,73.0,,,
1989-11-28,,,73.0,,,
1990-01-02,,,73.0,,,
1990-01-03,,,73.0,,,
1990-02-12,,,76.0,,,
1990-02-13,,,75.0,,,
1990-03-01,,,76.0,,,
1990-03-05,,,75.0,,,
1990-03-06,,,76.0,,,
1990-03-07,,,75.0,,,
1990-03-13,,,73.0,,,
1990-03-28,,,71.0,,,
1990-04-03,,,68.0,,,
1990-04-04,,,68.0,,,
1990-04-05,,,70.0,,,
1990-04-09,,,68.0,,,
1990-04-10,,,70.0,,,
1990-04-11,,,68.0,,,
1990-04-17,,,66.0,,,
1990-04-26,,,63.0,,,
1990-04-27,,,63.0,,,
1990-04-30,,,63.0,,,
1990-05-14,,,61.0,,,
1990-06-29,61.0,61.0,61.0,61.0,,
1990-07-02,61.0,61.0,61.0,61.0,,
1990-07-03,61.0,61.0,61.0,61.0,,
1990-07-04,61.0,61.0,61.0,61.0,,
1990-07-05,61.0,61.0,61.0,61.0,,
1990-07-06,61.0,61.0,61.0,61.0,,
1990-07-09,61.0,61.0,61.0,61.0,,
1990-07-10,61.0,61.0,61.0,61.0,,
1990-07-11,61.0,61.0,61.0,61.0,,
1990-07-12,61.0,61.0,61.0,61.0,,
1990-07-13,61.0,61.0,61.0,61.0,,
1990-07-16,61.0,61.0,61.0,61.0,,
1990-07-17,61.0,61.0,61.0,61.0,,
1990-07-18,61.0,61.0,61.0,61.0,,
1990-07-19,61.0,61.0,61.0,61.0,,
1990-07-20,61.0,61.0,61.0,61.0,,
1990-07-23,61.0,61.0,61.0,61.0,,
1990-07-24,61.0,61.0,61.0,61.0,,
1990-07-25,61.0,61.0,61.0,61.0,,
1990-07-26,61.0,61.0,61.0,61.0,,
1990-07-27,61.0,61.0,61.0,61.0,,
1990-07-30,61.0,61.0,61.0,61.0,,
1990-07-31,61.0,61.0,61.0,61.0,,
1990-08-01,61.0,61.0,61.0,61.0,,
1990-08-02,61.0,61.0,61.0,61.0,,
1990-08-03,61.0,61.0,61.0,61.0,,
1990-08-06,61.0,61.0,61.0,61.0,,
1990-08-07,61.0,61.0,61.0,61.0,,
1990-08-08,61.0,61.0,61.0,61.0,,
1990-08-09,61.0,61.0,61.0,61.0,,
1990-08-10,61.0,61.0,61.0,61.0,,
1990-08-13,61.0,61.0,61.0,61.0,,
1990-08-14,61.0,61.0,61.0,61.0,,
1990-08-15,61.0,61.0,61.0,61.0,,
1990-08-16,61.0,61.0,61.0,61.0,,
1990-08-17,61.0,61.0,61.0,61.0,,
1990-08-20,61.0,61.0,61.0,61.0,,
1990-08-21,61.0,61.0,61.0,61.0,,
1990-08-22,61.0,61.0,61.0,61.0,,
1990-08-23,61.0,60.0,60.0,61.0,,
1990-08-24,60.0,60.0,60.0,60.0,,
1990-08-28,60.0,60.0,60.0,60.0,,
1990-08-29,60.0,60.0,60.0,60.0,,
1990-08-30,60.0,60.0,60.0,60.0,,
1990-08-31,60.0,60.0,60.0,60.0,,
1990-09-03,60.0,60.0,60.0,60.0,,
1990-09-04,60.0,59.0,60.0,59.0,,
1990-09-05,60.0,59.0,59.0,60.0,,
1990-09-06,60.0,59.0,59.0,60.0,,
1990-09-07,60.0,59.0,59.0,60.0,,
1990-09-10,60.0,59.0,59.0,60.0,,
1990-09-11,60.0,59.0,60.0,59.0,,
1990-09-12,60.0,59.0,59.0,60.0,,
1990-09-13,60.0,59.0,59.0,60.0,,
1990-09-14,60.0,59.0,59.0,60.0,,
1990-09-17,60.0,59.0,59.0,60.0,,
1990-09-18,60.0,59.0,59.0,60.0,,
1990-09-19,60.0,59.0,59.0,60.0,,
1990-09-20,60.0,59.0,60.0,59.0,,
1990-09-21,60.0,59.0,59.0,60.0,,
1990-09-24,60.0,59.0,59.0,60.0,,
1990-09-25,60.0,59.0,60.0,59.0,,
1990-09-26,60.0,59.0,59.0,60.0,,
1990-09-27,60.0,58.0,58.0,60.0,,
1990-09-28,58.0,58.0,58.0,58.0,,
1990-10-01,58.0,58.0,58.0,58.0,,
1990-10-02,58.0,58.0,58.0,58.0,,
1990-10-03,58.0,58.0,58.0,58.0,,
1990-10-04,58.0,58.0,58.0,58.0,,
1990-10-05,58.0,58.0,58.0,58.0,,
1990-10-08,61.0,58.0,59.0,58.0,,
1990-10-09,61.0,59.0,61.0,61.0,,
1990-10-10,63.0,60.0,61.0,63.0,,
1990-10-11,63.0,61.0,63.0,61.0,,
1990-10-12,63.0,61.0,63.0,61.0,,
1990-10-15,63.0,61.0,61.0,63.0,,
1990-10-16,63.0,61.0,61.0,63.0,,
1990-10-17,63.0,61.0,63.0,61.0,,
1990-10-18,63.0,61.0,61.0,63.0,,
1990-10-19,63.0,61.0,63.0,61.0,,
1990-10-22,61.0,60.0,60.0,60.0,,
1990-10-23,60.0,60.0,60.0,60.0,,
1990-10-24,60.0,58.0,58.0,60.0,,
1990-10-25,60.0,58.0,60.0,58.0,,
1990-10-26,60.0,58.0,58.0,60.0,,
1990-10-29,60.0,58.0,58.0,60.0,,
1990-10-30,60.0,58.0,60.0,58.0,,
1990-10-31,60.0,58.0,58.0,60.0,,
1990-11-01,60.0,58.0,58.0,60.0,,
1990-11-02,58.0,58.0,58.0,58.0,,
1990-11-05,58.0,58.0,58.0,58.0,,
1990-11-06,58.0,58.0,58.0,58.0,,
1990-11-07,58.0,58.0,58.0,58.0,,
1990-11-08,58.0,58.0,58.0,58.0,,
1990-11-09,58.0,58.0,58.0,58.0,,
1990-11-12,58.0,58.0,58.0,58.0,,
1990-11-13,58.0,58.0,58.0,58.0,,
1990-11-14,58.0,58.0,58.0,58.0,,
1990-11-15,58.0,58.0,58.0,58.0,,
1990-11-16,58.0,58.0,58.0,58.0,,
1990-11-19,58.0,58.0,58.0,58.0,,
1990-11-20,58.0,58.0,58.0,58.0,,
1990-11-21,58.0,58.0,58.0,58.0,,
1990-11-22,58.0,58.0,58.0,58.0,,
1990-11-23,58.0,58.0,58.0,58.0,,
1990-11-26,58.0,58.0,58.0,58.0,,
1990-11-27,58.0,58.0,58.0,58.0,,
1990-11-28,58.0,58.0,58.0,58.0,,
1990-11-29,58.0,58.0,58.0,58.0,,
1990-11-30,58.0,58.0,58.0,58.0,,
1990-12-03,58.0,58.0,58.0,58.0,,
1990-12-04,58.0,58.0,58.0,58.0,,
1990-12-05,58.0,58.0,58.0,58.0,,
1990-12-06,58.0,58.0,58.0,58.0,,
1990-12-07,58.0,58.0,58.0,58.0,,
1990-12-10,58.0,58.0,58.0,58.0,,
1990-12-11,58.0,58.0,58.0,58.0,,
1990-12-12,58.0,58.0,58.0,58.0,,
1990-12-13,58.0,58.0,58.0,58.0,,
1990-12-14,58.0,58.0,58.0,58.0,,
1990-12-17,58.0,58.0,58.0,58.0,,
1990-12-18,58.0,58.0,58.0,58.0,,
1990-12-19,58.0,58.0,58.0,58.0,,
1990-12-20,58.0,58.0,58.0,58.0,,
1990-12-21,58.0,58.0,58.0,58.0,,
1990-12-24,58.0,58.0,58.0,58.0,,
1990-12-27,58.0,58.0,58.0,58.0,,
1990-12-28,58.0,58.0,58.0,58.0,,
1990-12-31,58.0,58.0,58.0,58.0,,
1991-01-02,58.0,58.0,58.0,58.0,,
1991-01-03,58.0,58.0,58.0,58.0,,
1991-01-04,58.0,58.0,58.0,58.0,,
1991-01-07,58.0,58.0,58.0,58.0,,
1991-01-08,58.0,58.0,58.0,58.0,,
1991-01-09,58.0,58.0,58.0,58.0,,
1991-01-10,58.0,58.0,58.0,58.0,,
1991-01-11,58.0,58.0,58.0,58.0,,
1991-01-14,58.0,58.0,58.0,58.0,,
1991-01-15,58.0,58.0,58.0,58.0,,
1991-01-16,58.0,58.0,58.0,58.0,,
1991-01-17,58.0,58.0,58.0,58.0,,
1991-01-18,58.0,58.0,58.0,58.0,,
1991-01-21,58.0,58.0,58.0,58.0,,
1991-01-22,58.0,58.0,58.0,58.0,,
1991-01-23,58.0,58.0,58.0,58.0,,
1991-01-24,58.0,58.0,58.0,58.0,,
1991-01-25,58.0,57.0,57.0,58.0,,
1991-01-28,58.0,57.0,57.0,58.0,,
1991-01-29,57.0,56.0,57.0,56.0,,
1991-01-30,57.0,56.0,57.0,56.0,,
1991-01-31,57.0,56.0,57.0,56.0,,
1991-02-01,57.0,56.0,57.0,56.0,,
1991-02-04,58.0,57.0,57.0,58.0,,
1991-02-05,57.0,56.0,57.0,56.0,,
1991-02-06,58.0,57.0,57.0,58.0,,
1991-02-07,58.0,57.0,57.0,58.0,,
1991-02-08,57.0,56.0,57.0,56.0,,
1991-02-11,58.0,57.0,57.0,58.0,,
1991-02-12,58.0,57.0,57.0,58.0,,
1991-02-13,58.0,57.0,57.0,58.0,,
1991-02-14,58.0,57.0,57.0,58.0,,
1991-02-15,57.0,56.0,56.0,56.0,,
1991-02-18,56.0,56.0,56.0,56.0,,
1991-02-19,56.0,56.0,56.0,56.0,,
1991-02-20,56.0,56.0,56.0,56.0,,
1991-02-21,56.0,55.0,55.0,56.0,,
1991-02-22,56.0,55.0,56.0,55.0,,
1991-02-25,56.0,55.0,56.0,55.0,,
1991-02-26,58.0,57.0,57.0,58.0,,
1991-02-27,57.0,56.0,57.0,56.0,,
1991-02-28,58.0,57.0,57.0,58.0,,
1991-03-01,57.0,56.0,57.0,56.0,,
1991-03-04,58.0,58.0,58.0,58.0,,
1991-03-05,58.0,58.0,58.0,58.0,,
1991-03-06,58.0,58.0,58.0,58.0,,
1991-03-07,58.0,58.0,58.0,58.0,,
1991-03-08,58.0,58.0,58.0,58.0,,
1991-03-11,58.0,58.0,58.0,58.0,,
1991-03-12,58.0,58.0,58.0,58.0,,
1991-03-13,58.0,58.0,58.0,58.0,,
1991-03-14,58.0,58.0,58.0,58.0,,
1991-03-15,59.0,58.0,59.0,58.0,,
1991-03-18,60.0,58.0,60.0,58.0,,
1991-03-19,60.0,60.0,60.0,60.0,,
1991-03-20,60.0,60.0,60.0,60.0,,
1991-03-21,60.0,60.0,60.0,60.0,,
1991-03-22,62.0,60.0,62.0,60.0,,
1991-03-25,62.0,61.0,62.0,61.0,,
1991-03-26,62.0,61.0,62.0,61.0,,
1991-03-27,62.0,61.0,62.0,61.0,,
1991-03-28,62.0,61.0,62.0,61.0,,
1991-04-02,62.0,61.0,62.0,61.0,,
1991-04-03,63.0,62.0,62.0,63.0,,
1991-04-04,62.0,61.0,62.0,61.0,,
1991-04-05,62.0,61.0,62.0,61.0,,
1991-04-08,63.0,62.0,62.0,63.0,,
1991-04-09,63.0,62.0,62.0,63.0,,
1991-04-10,63.0,62.0,62.0,63.0,,
1991-04-11,62.0,61.0,62.0,61.0,,
1991-04-12,62.0,61.0,62.0,61.0,,
1991-04-15,63.0,62.0,62.0,63.0,,
1991-04-16,62.0,61.0,61.0,61.0,,
1991-04-17,61.0,60.0,60.0,61.0,,
1991-04-18,60.0,60.0,60.0,60.0,,
1991-04-19,60.0,60.0,60.0,60.0,,
1991-04-22,60.0,60.0,60.0,60.0,,
1991-04-23,60.0,60.0,60.0,60.0,,
1991-04-24,60.0,60.0,60.0,60.0,,
1991-04-25,60.0,60.0,60.0,60.0,,
1991-04-26,60.0,60.0,60.0,60.0,,
1991-04-29,64.0,60.0,64.0,60.0,,
1991-04-30,66.0,64.0,66.0,66.0,,
1991-05-01,66.0,66.0,66.0,66.0,,
1991-05-02,73.0,66.0,73.0,66.0,,
1991-05-03,74.0,73.0,74.0,73.0,,
1991-05-07,78.0,78.0,78.0,78.0,,
1991-05-09,78.0,78.0,78.0,78.0,,
1991-05-10,78.0,78.0,78.0,78.0,,
1991-05-13,78.0,78.0,78.0,78.0,,
1991-05-14,78.0,78.0,78.0,78.0,,
1991-05-15,78.0,78.0,78.0,78.0,,
1991-05-16,78.0,78.0,78.0,78.0,,
1991-05-17,78.0,78.0,78.0,78.0,,
1991-05-20,76.0,76.0,76.0,76.0,,
1991-05-21,76.0,75.0,75.0,76.0,,
1991-05-22,75.0,75.0,75.0,75.0,,
1991-05-23,75.0,75.0,75.0,75.0,,
1991-05-24,75.0,74.0,74.0,75.0,,
1991-05-28,75.0,73.0,73.0,75.0,,
1991-05-29,73.0,73.0,73.0,73.0,,
1991-05-30,73.0,73.0,73.0,73.0,,
1991-05-31,73.0,73.0,73.0,73.0,,
1991-06-03,73.0,73.0,73.0,73.0,,
1991-06-04,73.0,73.0,73.0,73.0,,
1991-06-05,73.0,71.0,71.0,73.0,,
1991-06-06,71.0,71.0,71.0,71.0,,
1991-06-10,71.0,71.0,71.0,71.0,,
1991-06-11,71.0,71.0,71.0,71.0,,
1991-06-12,71.0,71.0,71.0,71.0,,
1991-06-13,71.0,70.0,70.0,71.0,,
1991-06-14,71.0,70.0,70.0,71.0,,
1991-06-17,70.0,70.0,70.0,70.0,,
1991-06-18,71.0,70.0,70.0,71.0,,
1991-06-19,70.0,70.0,70.0,70.0,,
1991-06-20,70.0,70.0,70.0,70.0,,
1991-06-21,70.0,70.0,70.0,70.0,,
1991-06-24,71.0,70.0,70.0,71.0,,
1991-06-25,70.0,70.0,70.0,70.0,,
1991-06-26,70.0,70.0,70.0,70.0,,
1991-06-27,70.0,70.0,70.0,70.0,,
1991-07-01,70.0,70.0,70.0,70.0,,
1991-07-02,70.0,70.0,70.0,70.0,,
1991-07-03,70.0,70.0,70.0,70.0,,
1991-07-04,70.0,70.0,70.0,70.0,,
1991-07-05,70.0,70.0,70.0,70.0,,
1991-07-08,70.0,70.0,70.0,70.0,,
1991-07-09,70.0,70.0,70.0,70.0,,
1991-07-10,70.0,69.0,69.0,70.0,,
1991-07-11,69.0,68.0,69.0,68.0,,
1991-07-12,70.0,68.0,68.0,70.0,,
1991-07-15,68.0,68.0,68.0,68.0,,
1991-07-16,68.0,68.0,68.0,68.0,,
1991-07-17,68.0,68.0,68.0,68.0,,
1991-07-18,68.0,68.0,68.0,68.0,,
1991-07-19,68.0,68.0,68.0,68.0,,
1991-07-22,68.0,68.0,68.0,68.0,,
1991-07-23,68.0,68.0,68.0,68.0,,
1991-07-24,68.0,68.0,68.0,68.0,,
1991-07-25,68.0,68.0,68.0,68.0,,
1991-07-26,68.0,68.0,68.0,68.0,,
1991-07-29,68.0,68.0,68.0,68.0,,
1991-07-30,68.0,67.5,67.5,68.0,,
1991-07-31,68.0,68.0,68.0,68.0,,
1991-08-01,68.0,68.0,68.0,68.0,,
1991-08-02,68.0,68.0,68.0,68.0,,
1991-08-05,68.0,68.0,68.0,68.0,,
1991-08-06,68.0,68.0,68.0,68.0,,
1991-08-07,68.0,68.0,68.0,68.0,,
1991-08-08,68.0,68.0,68.0,68.0,,
1991-08-09,68.0,68.0,68.0,68.0,,
1991-08-12,68.0,68.0,68.0,68.0,,
1991-08-13,68.0,68.0,68.0,68.0,,
1991-08-14,68.0,68.0,68.0,68.0,,
1991-08-15,68.0,68.0,68.0,68.0,,
1991-08-16,68.0,68.0,68.0,68.0,,
1991-08-19,65.0,65.0,65.0,65.0,,
1991-08-20,65.0,65.0,65.0,65.0,,
1991-08-21,65.0,65.0,65.0,65.0,,
1991-08-22,69.0,65.0,69.0,65.0,,
1991-08-23,70.0,68.0,70.0,68.0,,
1991-08-27,70.0,70.0,70.0,70.0,,
1991-08-28,70.0,70.0,70.0,70.0,,
1991-08-29,70.0,70.0,70.0,70.0,,
1991-08-30,70.0,70.0,70.0,70.0,,
1991-09-02,70.0,70.0,70.0,70.0,,
1991-09-03,70.0,70.0,70.0,70.0,,
1991-09-04,70.0,70.0,70.0,70.0,,
1991-09-05,70.0,70.0,70.0,70.0,,
1991-09-06,71.0,70.0,71.0,70.0,,
1991-09-09,71.0,71.0,71.0,71.0,,
1991-09-10,71.0,71.0,71.0,71.0,,
1991-09-11,71.0,71.0,71.0,71.0,,
1991-09-12,71.0,71.0,71.0,71.0,,
1991-09-13,71.0,71.0,71.0,71.0,,
1991-09-16,71.0,71.0,71.0,71.0,,
1991-09-17,71.0,71.0,71.0,71.0,,
1991-09-18,71.0,71.0,71.0,71.0,,
1991-09-19,71.0,70.0,70.0,71.0,,
1991-09-20,71.0,71.0,71.0,71.0,,
1991-09-23,71.0,71.0,71.0,71.0,,
1991-09-24,71.0,71.0,71.0,71.0,,
1991-09-25,71.0,71.0,71.0,71.0,,
1991-09-26,71.0,71.0,71.0,71.0,,
1991-09-27,71.0,71.0,71.0,71.0,,
1991-09-30,71.0,71.0,71.0,71.0,,
1991-10-01,71.0,71.0,71.0,71.0,,
1991-10-02,71.0,71.0,71.0,71.0,,
1991-10-03,71.0,71.0,71.0,71.0,,
1991-10-04,72.5,71.0,72.5,71.0,,
1991-10-07,75.0,72.5,72.5,75.0,,
1991-10-08,72.5,71.0,72.5,71.0,,
1991-10-09,74.0,71.0,74.0,71.0,,
1991-10-10,74.0,73.0,74.0,73.0,,
1991-10-11,75.0,74.0,74.0,75.0,,
1991-10-14,75.0,74.0,74.0,75.0,,
1991-10-15,74.0,73.0,74.0,73.0,,
1991-10-16,74.0,73.0,73.0,73.0,,
1991-10-17,73.0,73.0,73.0,73.0,,
1991-10-18,73.0,73.0,73.0,73.0,,
1991-10-21,73.0,73.0,73.0,73.0,,
1991-10-22,73.0,73.0,73.0,73.0,,
1991-10-23,73.0,73.0,73.0,73.0,,
1991-10-24,73.0,73.0,73.0,73.0,,
1991-10-25,73.0,73.0,73.0,73.0,,
1991-10-28,73.0,73.0,73.0,73.0,,
1991-10-29,73.0,73.0,73.0,73.0,,
1991-10-30,73.0,73.0,73.0,73.0,,
1991-10-31,73.0,73.0,73.0,73.0,,
1991-11-01,73.0,73.0,73.0,73.0,,
1991-11-04,73.0,73.0,73.0,73.0,,
1991-11-05,72.0,71.0,72.0,71.0,,
1991-11-06,72.0,71.0,72.0,71.0,,
1991-11-07,72.0,71.0,72.0,71.0,,
1991-11-08,73.0,72.0,72.0,73.0,,
1991-11-11,73.0,71.0,71.0,73.0,,
1991-11-12,71.0,71.0,71.0,71.0,,
1991-11-13,71.0,71.0,71.0,71.0,,
1991-11-14,71.0,71.0,71.0,71.0,,
1991-11-15,71.0,71.0,71.0,71.0,,
1991-11-18,71.0,68.0,68.0,71.0,,
1991-11-19,68.0,68.0,68.0,68.0,,
1991-11-20,68.0,68.0,68.0,68.0,,
1991-11-21,68.0,68.0,68.0,68.0,,
1991-11-22,68.0,68.0,68.0,68.0,,
1991-11-25,68.0,68.0,68.0,68.0,,
1991-11-26,68.0,68.0,68.0,68.0,,
1991-11-27,68.0,68.0,68.0,68.0,,
1991-11-28,68.0,68.0,68.0,68.0,,
1991-11-29,68.0,68.0,68.0,68.0,,
1991-12-02,68.0,68.0,68.0,68.0,,
1991-12-03,68.0,68.0,68.0,68.0,,
1991-12-04,68.0,68.0,68.0,68.0,,
1991-12-05,68.0,67.0,67.0,68.0,,
1991-12-06,68.0,67.0,67.0,68.0,,
1991-12-09,68.0,67.0,67.0,68.0,,
1991-12-10,68.0,67.0,67.0,68.0,,
1991-12-11,68.0,67.0,67.0,68.0,,
1991-12-12,68.0,67.0,67.0,68.0,,
1991-12-13,68.0,68.0,68.0,68.0,,
1991-12-16,68.0,68.0,68.0,68.0,,
1991-12-17,68.0,68.0,68.0,68.0,,
1991-12-18,68.0,68.0,68.0,68.0,,
1991-12-19,68.0,68.0,68.0,68.0,,
1991-12-20,68.0,68.0,68.0,68.0,,
1991-12-23,68.0,68.0,68.0,68.0,,
1991-12-24,68.0,68.0,68.0,68.0,,
1991-12-27,68.0,68.0,68.0,68.0,,
1991-12-30,68.0,68.0,68.0,68.0,,
1991-12-31,68.0,68.0,68.0,68.0,,
1992-01-02,68.0,68.0,68.0,68.0,,
1992-01-03,68.0,68.0,68.0,68.0,,
1992-01-06,68.0,68.0,68.0,68.0,,
1992-01-07,68.0,66.0,66.0,68.0,,
1992-01-08,66.0,66.0,66.0,66.0,,
1992-01-09,66.0,66.0,66.0,66.0,,
1992-01-10,66.0,66.0,66.0,66.0,,
1992-01-13,66.0,66.0,66.0,66.0,,
1992-01-14,66.0,66.0,66.0,66.0,,
1992-01-15,66.0,66.0,66.0,66.0,,
1992-01-16,66.0,66.0,66.0,66.0,,
1992-01-17,66.0,66.0,66.0,66.0,,
1992-01-20,66.0,66.0,66.0,66.0,,
1992-01-21,66.0,66.0,66.0,66.0,,
1992-01-22,66.0,66.0,66.0,66.0,,
1992-01-23,66.0,66.0,66.0,66.0,,
1992-01-24,66.0,66.0,66.0,66.0,,
1992-01-27,66.0,66.0,66.0,66.0,,
1992-01-28,66.0,66.0,66.0,66.0,,
1992-01-29,66.0,66.0,66.0,66.0,,
1992-01-30,66.0,66.0,66.0,66.0,,
1992-01-31,66.0,66.0,66.0,66.0,,
1992-02-03,66.0,66.0,66.0,66.0,,
1992-02-04,66.0,66.0,66.0,66.0,,
1992-02-05,66.0,66.0,66.0,66.0,,
1992-02-06,66.0,66.0,66.0,66.0,,
1992-02-07,66.0,66.0,66.0,66.0,,
1992-02-10,66.0,66.0,66.0,66.0,,
1992-02-11,66.0,65.0,65.0,66.0,,
1992-02-12,65.0,65.0,65.0,65.0,,
1992-02-13,65.0,65.0,65.0,65.0,,
1992-02-14,65.0,65.0,65.0,65.0,,
1992-02-17,65.0,65.0,65.0,65.0,,
1992-02-18,65.0,65.0,65.0,65.0,,
1992-02-19,66.0,65.0,65.0,66.0,,
1992-02-20,65.0,65.0,65.0,65.0,,
1992-02-21,65.0,65.0,65.0,65.0,,
1992-02-24,65.0,65.0,65.0,65.0,,
1992-02-25,65.0,65.0,65.0,65.0,,
1992-02-26,65.0,65.0,65.0,65.0,,
1992-02-27,66.0,65.0,65.0,66.0,,
1992-02-28,63.0,63.0,63.0,63.0,,
1992-03-02,63.0,63.0,63.0,63.0,,
1992-03-03,63.0,63.0,63.0,63.0,,
1992-03-04,63.0,63.0,63.0,63.0,,
1992-03-05,63.0,63.0,63.0,63.0,,
1992-03-06,63.0,63.0,63.0,63.0,,
1992-03-09,63.0,63.0,63.0,63.0,,
1992-03-10,63.0,63.0,63.0,63.0,,
1992-03-11,63.0,63.0,63.0,63.0,,
1992-03-12,63.0,63.0,63.0,63.0,,
1992-03-13,63.0,61.0,61.0,63.0,,
1992-03-16,61.0,61.0,61.0,61.0,,
1992-03-17,61.0,61.0,61.0,61.0,,
1992-03-18,61.0,61.0,61.0,61.0,,
1992-03-19,61.0,61.0,61.0,61.0,,
1992-03-20,61.0,61.0,61.0,61.0,,
1992-03-23,61.0,61.0,61.0,61.0,,
1992-03-24,61.0,61.0,61.0,61.0,,
1992-03-25,61.0,61.0,61.0,61.0,,
1992-03-26,61.0,61.0,61.0,61.0,,
1992-03-27,61.0,61.0,61.0,61.0,,
1992-03-30,61.0,61.0,61.0,61.0,,
1992-03-31,61.0,61.0,61.0,61.0,,
1992-04-01,61.0,61.0,61.0,61.0,,
1992-04-02,61.0,61.0,61.0,61.0,,
1992-04-03,61.0,61.0,61.0,61.0,,
1992-04-06,61.0,61.0,61.0,61.0,,
1992-04-07,61.0,61.0,61.0,61.0,,
1992-04-08,61.0,61.0,61.0,61.0,,
1992-04-09,61.0,61.0,61.0,61.0,,
1992-04-10,61.0,61.0,61.0,61.0,,
1992-04-13,61.0,61.0,61.0,61.0,,
1992-04-14,61.0,61.0,61.0,61.0,,
1992-04-15,61.0,61.0,61.0,61.0,,
1992-04-16,63.0,62.0,63.0,63.0,,
1992-04-21,63.0,63.0,63.0,63.0,,
1992-04-22,63.0,63.0,63.0,63.0,,
1992-04-23,63.0,63.0,63.0,63.0,,
1992-04-24,63.0,63.0,63.0,63.0,,
1992-04-27,63.0,63.0,63.0,63.0,,
1992-04-28,63.0,63.0,63.0,63.0,,
1992-04-29,64.0,63.0,64.0,63.0,,
1992-04-30,65.0,64.0,64.0,65.0,,
1992-05-01,65.0,64.0,64.0,65.0,,
1992-05-05,65.0,65.0,65.0,65.0,,
1992-05-06,65.0,65.0,65.0,65.0,,
1992-05-07,65.0,65.0,65.0,65.0,,
1992-05-08,65.0,65.0,65.0,65.0,,
1992-05-11,65.0,63.0,65.0,65.0,,
1992-05-12,66.0,65.0,66.0,66.0,,
1992-05-13,66.0,66.0,66.0,66.0,,
1992-05-14,66.0,66.0,66.0,66.0,,
1992-05-15,66.0,66.0,66.0,66.0,,
1992-05-18,66.0,66.0,66.0,66.0,,
1992-05-19,66.0,66.0,66.0,66.0,,
1992-05-20,66.0,66.0,66.0,66.0,,
1992-05-21,66.0,66.0,66.0,66.0,,
1992-05-22,66.0,66.0,66.0,66.0,,
1992-05-26,66.0,66.0,66.0,66.0,,
1992-05-27,66.0,66.0,66.0,66.0,,
1992-05-28,66.0,66.0,66.0,66.0,,
1992-05-29,66.0,66.0,66.0,66.0,,
1992-06-01,66.0,66.0,66.0,66.0,,
1992-06-02,66.0,66.0,66.0,66.0,,
1992-06-03,66.0,66.0,66.0,66.0,,
1992-06-04,66.0,66.0,66.0,66.0,,
1992-06-05,66.0,66.0,66.0,66.0,,
1992-06-08,66.0,66.0,66.0,66.0,,
1992-06-09,66.0,66.0,66.0,66.0,,
1992-06-10,66.0,66.0,66.0,66.0,,
1992-06-11,66.0,66.0,66.0,66.0,,
1992-06-12,66.0,66.0,66.0,66.0,,
1992-06-15,66.0,66.0,66.0,66.0,,
1992-06-16,66.0,66.0,66.0,66.0,,
1992-06-17,66.0,66.0,66.0,66.0,,
1992-06-18,66.0,66.0,66.0,66.0,,
1992-06-19,66.0,66.0,66.0,66.0,,
1992-06-22,66.0,66.0,66.0,66.0,,
1992-06-23,66.0,66.0,66.0,66.0,,
1992-06-24,66.0,63.0,63.0,66.0,,
1992-06-25,63.0,63.0,63.0,63.0,,
1992-06-26,63.0,63.0,63.0,63.0,,
1992-06-29,63.0,63.0,63.0,63.0,,
1992-06-30,63.0,63.0,63.0,63.0,,
1992-07-01,63.0,63.0,63.0,63.0,,
1992-07-02,63.0,63.0,63.0,63.0,,
1992-07-03,63.0,63.0,63.0,63.0,,
1992-07-06,63.0,63.0,63.0,63.0,,
1992-07-07,63.0,60.0,60.0,63.0,,
1992-07-08,60.0,60.0,60.0,60.0,,
1992-07-09,60.0,58.0,58.0,60.0,,
1992-07-10,58.0,58.0,58.0,58.0,,
1992-07-13,58.0,58.0,58.0,58.0,,
1992-07-14,58.0,58.0,58.0,58.0,,
1992-07-15,58.0,58.0,58.0,58.0,,
1992-07-16,58.0,58.0,58.0,58.0,,
1992-07-17,58.0,58.0,58.0,58.0,,
1992-07-20,58.0,58.0,58.0,58.0,,
1992-07-21,58.0,58.0,58.0,58.0,,
1992-07-22,58.0,58.0,58.0,58.0,,
1992-07-23,58.0,58.0,58.0,58.0,,
1992-07-24,58.0,58.0,58.0,58.0,,
1992-07-27,58.0,58.0,58.0,58.0,,
1992-07-28,58.0,58.0,58.0,58.0,,
1992-07-29,58.0,58.0,58.0,58.0,,
1992-07-30,58.0,58.0,58.0,58.0,,
1992-07-31,58.0,58.0,58.0,58.0,,
1992-08-03,58.0,58.0,58.0,58.0,,
1992-08-04,58.0,58.0,58.0,58.0,,
1992-08-05,58.0,56.0,56.0,58.0,,
1992-08-06,56.0,53.0,53.0,55.0,,
1992-08-07,53.0,53.0,53.0,53.0,,
1992-08-10,53.0,53.0,53.0,53.0,,
1992-08-11,53.0,50.0,50.0,53.0,,
1992-08-12,50.0,50.0,50.0,50.0,,
1992-08-13,50.0,50.0,50.0,50.0,,
1992-08-14,50.0,50.0,50.0,50.0,,
1992-08-17,50.0,50.0,50.0,50.0,,
1992-08-18,50.0,50.0,50.0,50.0,,
1992-08-19,50.0,50.0,50.0,50.0,,
1992-08-20,50.0,50.0,50.0,50.0,,
1992-08-21,50.0,50.0,50.0,50.0,,
1992-08-24,50.0,50.0,50.0,50.0,,
1992-08-25,50.0,50.0,50.0,50.0,,
1992-08-26,50.0,50.0,50.0,50.0,,
1992-08-27,50.0,49.0,49.0,50.0,,
1992-08-28,49.0,47.0,47.0,48.0,,
1992-09-01,47.0,46.0,47.0,46.0,,
1992-09-02,47.0,46.0,47.0,46.0,,
1992-09-03,47.0,46.0,47.0,46.0,,
1992-09-04,47.0,46.0,47.0,46.0,,
1992-09-07,47.0,46.0,47.0,46.0,,
1992-09-08,47.0,45.0,45.0,46.0,,
1992-09-09,45.0,45.0,45.0,45.0,,
1992-09-10,45.0,45.0,45.0,45.0,,
1992-09-11,45.0,45.0,45.0,45.0,,
1992-09-14,45.0,45.0,45.0,45.0,,
1992-09-15,45.0,45.0,45.0,45.0,,
1992-09-16,45.0,45.0,45.0,45.0,,
1992-09-17,45.0,45.0,45.0,45.0,,
1992-09-18,45.0,45.0,45.0,45.0,,
1992-09-21,45.0,45.0,45.0,45.0,,
1992-09-22,45.0,45.0,45.0,45.0,,
1992-09-23,45.0,45.0,45.0,45.0,,
1992-09-24,45.0,45.0,45.0,45.0,,
1992-09-25,45.0,45.0,45.0,45.0,,
1992-09-28,45.0,45.0,45.0,45.0,,
1992-09-29,45.0,45.0,45.0,45.0,,
1992-09-30,45.0,45.0,45.0,45.0,,
1992-10-01,45.0,45.0,45.0,45.0,,
1992-10-02,45.0,45.0,45.0,45.0,,
1992-10-05,45.0,45.0,45.0,45.0,,
1992-10-06,45.0,45.0,45.0,45.0,,
1992-10-07,45.0,45.0,45.0,45.0,,
1992-10-08,45.0,45.0,45.0,45.0,,
1992-10-09,45.0,45.0,45.0,45.0,,
1992-10-12,45.0,45.0,45.0,45.0,,
1992-10-13,45.0,45.0,45.0,45.0,,
1992-10-14,45.0,43.0,43.0,45.0,,
1992-10-15,42.0,38.0,38.0,41.0,,
1992-10-16,38.0,38.0,38.0,38.0,,
1992-10-19,38.0,38.0,38.0,38.0,,
1992-10-20,38.0,38.0,38.0,38.0,,
1992-10-21,35.0,35.0,35.0,35.0,,
1992-10-22,35.0,35.0,35.0,35.0,,
1992-10-23,35.0,34.0,34.0,34.0,,
1992-10-26,34.0,34.0,34.0,34.0,,
1992-10-27,34.0,33.0,33.0,34.0,,
1992-10-28,33.0,33.0,33.0,33.0,,
1992-10-29,33.0,33.0,33.0,33.0,,
1992-10-30,33.0,32.0,32.0,33.0,,
1992-11-02,31.0,31.0,31.0,31.0,,
1992-11-03,31.0,31.0,31.0,31.0,,
1992-11-04,31.0,31.0,31.0,31.0,,
1992-11-05,31.0,31.0,31.0,31.0,,
1992-11-06,31.0,31.0,31.0,31.0,,
1992-11-09,31.0,30.0,30.0,31.0,,
1992-11-10,30.0,29.0,29.0,30.0,,
1992-11-11,30.0,29.0,29.0,30.0,,
1992-11-12,29.0,28.0,28.0,28.0,,
1992-11-13,28.0,28.0,28.0,28.0,,
1992-11-16,28.0,28.0,28.0,28.0,,
1992-11-17,28.0,28.0,28.0,28.0,,
1992-11-18,28.0,28.0,28.0,28.0,,
1992-11-19,28.0,28.0,28.0,28.0,,
1992-11-20,28.0,28.0,28.0,28.0,,
1992-11-23,28.0,28.0,28.0,28.0,,
1992-11-24,28.0,28.0,28.0,28.0,,
1992-11-25,28.0,28.0,28.0,28.0,,
1992-11-26,28.0,28.0,28.0,28.0,,
1992-11-27,30.0,28.0,30.0,28.0,,
1992-11-30,30.0,30.0,30.0,30.0,,
1992-12-01,32.0,31.0,32.0,32.0,,
1992-12-02,36.0,36.0,36.0,36.0,,
1992-12-03,36.0,36.0,36.0,36.0,,
1992-12-04,37.0,36.0,37.0,36.0,,
1992-12-07,38.0,37.0,38.0,37.0,,
1992-12-08,38.0,38.0,38.0,38.0,,
1992-12-09,38.0,38.0,38.0,38.0,,
1992-12-10,38.0,37.0,37.0,38.0,,
1992-12-11,37.0,37.0,37.0,37.0,,
1992-12-14,37.0,37.0,37.0,37.0,,
1992-12-15,37.0,37.0,37.0,37.0,,
1992-12-16,37.0,37.0,37.0,37.0,,
1992-12-17,37.0,37.0,37.0,37.0,,
1992-12-18,37.0,37.0,37.0,37.0,,
1992-12-21,37.0,37.0,37.0,37.0,,
1992-12-22,37.0,36.0,37.0,36.0,,
1992-12-23,37.0,36.0,36.0,37.0,,
1992-12-24,37.0,36.0,36.0,37.0,,
1992-12-29,36.0,35.0,36.0,35.0,,
1992-12-30,36.0,35.0,36.0,35.0,,
1992-12-31,36.0,35.0,36.0,35.0,,
1993-01-04,36.0,35.0,36.0,35.0,,
1993-01-05,37.0,36.0,36.0,37.0,,
1993-01-06,37.0,36.0,37.0,37.0,,
1993-01-07,37.0,37.0,37.0,37.0,,
1993-01-08,37.0,37.0,37.0,37.0,,
1993-01-11,37.0,37.0,37.0,37.0,,
1993-01-12,37.0,37.0,37.0,37.0,,
1993-01-13,37.0,36.0,37.0,36.0,,
1993-01-14,37.0,36.0,37.0,36.0,,
1993-01-15,37.0,36.0,37.0,36.0,,
1993-01-18,37.0,36.0,37.0,36.0,,
1993-01-19,37.0,37.0,37.0,37.0,,
1993-01-20,37.0,37.0,37.0,37.0,,
1993-01-21,37.0,37.0,37.0,37.0,,
1993-01-22,37.0,37.0,37.0,37.0,,
1993-01-25,37.0,37.0,37.0,37.0,,
1993-01-26,37.0,37.0,37.0,37.0,,
1993-01-27,37.0,37.0,37.0,37.0,,
1993-01-28,37.0,37.0,37.0,37.0,,
1993-01-29,37.0,37.0,37.0,37.0,,
1993-02-01,37.0,37.0,37.0,37.0,,
1993-02-02,37.0,37.0,37.0,37.0,,
1993-02-03,37.0,37.0,37.0,37.0,,
1993-02-04,37.0,37.0,37.0,37.0,,
1993-02-05,37.0,37.0,37.0,37.0,,
1993-02-08,37.0,37.0,37.0,37.0,,
1993-02-09,37.0,37.0,37.0,37.0,,
1993-02-10,37.0,37.0,37.0,37.0,,
1993-02-11,37.0,37.0,37.0,37.0,,
1993-02-12,37.0,37.0,37.0,37.0,,
1993-02-15,37.0,37.0,37.0,37.0,,
1993-02-16,37.0,37.0,37.0,37.0,,
1993-02-17,37.0,37.0,37.0,37.0,,
1993-02-18,37.0,37.0,37.0,37.0,,
1993-02-19,37.0,37.0,37.0,37.0,,
1993-02-22,37.0,37.0,37.0,37.0,,
1993-02-23,37.0,37.0,37.0,37.0,,
1993-02-24,37.0,37.0,37.0,37.0,,
1993-02-25,37.0,37.0,37.0,37.0,,
1993-02-26,37.0,37.0,37.0,37.0,,
1993-03-01,38.0,37.0,38.0,37.0,,
1993-03-02,40.0,38.0,40.0,38.0,,
1993-03-03,40.0,40.0,40.0,40.0,,
1993-03-04,40.0,40.0,40.0,40.0,,
1993-03-05,40.0,40.0,40.0,40.0,,
1993-03-08,40.0,40.0,40.0,40.0,,
1993-03-09,40.0,40.0,40.0,40.0,,
1993-03-10,40.0,39.0,40.0,39.0,,
1993-03-11,40.0,40.0,40.0,40.0,,
1993-03-12,40.0,40.0,40.0,40.0,,
1993-03-15,40.0,40.0,40.0,40.0,,
1993-03-16,40.0,40.0,40.0,40.0,,
1993-03-17,40.0,39.0,40.0,39.0,,
1993-03-18,40.0,39.0,39.0,40.0,,
1993-03-19,39.0,39.0,39.0,39.0,,
1993-03-22,39.0,39.0,39.0,39.0,,
1993-03-23,39.0,39.0,39.0,39.0,,
1993-03-24,39.0,39.0,39.0,39.0,,
1993-03-25,39.0,39.0,39.0,39.0,,
1993-03-26,39.0,39.0,39.0,39.0,,
1993-03-29,39.0,39.0,39.0,39.0,,
1993-03-30,39.0,39.0,39.0,39.0,,
1993-03-31,39.0,39.0,39.0,39.0,,
1993-04-01,39.0,39.0,39.0,39.0,,
1993-04-02,39.0,39.0,39.0,39.0,,
1993-04-05,39.0,39.0,39.0,39.0,,
1993-04-06,39.0,39.0,39.0,39.0,,
1993-04-07,39.0,39.0,39.0,39.0,,
1993-04-08,39.0,39.0,39.0,39.0,,
1993-04-13,39.0,39.0,39.0,39.0,,
1993-04-14,39.0,39.0,39.0,39.0,,
1993-04-15,39.0,39.0,39.0,39.0,,
1993-04-16,39.0,39.0,39.0,39.0,,
1993-04-19,39.0,39.0,39.0,39.0,,
1993-04-20,40.0,39.0,40.0,39.0,,
1993-04-21,40.0,40.0,40.0,40.0,,
1993-04-22,40.0,39.0,40.0,39.0,,
1993-04-23,40.0,39.0,40.0,39.0,,
1993-04-26,38.0,37.0,38.0,37.0,,
1993-04-27,38.0,37.0,38.0,37.0,,
1993-04-28,38.0,37.0,37.0,37.0,,
1993-04-29,37.0,37.0,37.0,37.0,,
1993-04-30,37.0,37.0,37.0,37.0,,
1993-05-04,37.0,37.0,37.0,37.0,,
1993-05-05,37.0,37.0,37.0,37.0,,
1993-05-06,37.0,37.0,37.0,37.0,,
1993-05-07,37.0,37.0,37.0,37.0,,
1993-05-10,36.0,36.0,36.0,36.0,,
1993-05-11,36.0,36.0,36.0,36.0,,
1993-05-12,36.0,36.0,36.0,36.0,,
1993-05-13,36.0,36.0,36.0,36.0,,
1993-05-14,36.0,36.0,36.0,36.0,,
1993-05-17,36.0,36.0,36.0,36.0,,
1993-05-18,36.0,36.0,36.0,36.0,,
1993-05-19,36.0,36.0,36.0,36.0,,
1993-05-20,36.0,36.0,36.0,36.0,,
1993-05-21,36.0,36.0,36.0,36.0,,
1993-05-24,36.0,36.0,36.0,36.0,,
1993-05-25,36.0,36.0,36.0,36.0,,
1993-05-26,36.0,36.0,36.0,36.0,,
1993-05-27,36.0,36.0,36.0,36.0,,
1993-05-28,36.0,36.0,36.0,36.0,,
1993-06-01,36.0,35.0,36.0,35.0,,
1993-06-02,36.0,35.0,36.0,35.0,,
1993-06-03,36.0,35.0,36.0,35.0,,
1993-06-04,36.0,36.0,36.0,36.0,,
1993-06-07,36.0,36.0,36.0,36.0,,
1993-06-08,36.0,35.0,36.0,35.0,,
1993-06-09,36.0,36.0,36.0,36.0,,
1993-06-10,36.0,36.0,36.0,36.0,,
1993-06-11,36.0,35.0,36.0,35.0,,
1993-06-14,36.0,35.0,36.0,35.0,,
1993-06-15,36.0,36.0,36.0,36.0,,
1993-06-16,36.0,35.0,36.0,35.0,,
1993-06-17,36.0,36.0,36.0,36.0,,
1993-06-18,36.0,36.0,36.0,36.0,,
1993-06-21,36.0,35.0,36.0,35.0,,
1993-06-22,36.0,34.0,34.0,36.0,,
1993-06-23,34.0,34.0,34.0,34.0,,
1993-06-24,34.0,34.0,34.0,34.0,,
1993-06-25,34.0,34.0,34.0,34.0,,
1993-06-28,34.0,34.0,34.0,34.0,,
1993-06-29,34.0,34.0,34.0,34.0,,
1993-06-30,34.0,34.0,34.0,34.0,,
1993-07-01,34.0,34.0,34.0,34.0,,
1993-07-02,34.0,34.0,34.0,34.0,,
1993-07-05,34.0,34.0,34.0,34.0,,
1993-07-06,34.0,34.0,34.0,34.0,,
1993-07-07,34.0,34.0,34.0,34.0,,
1993-07-08,34.0,34.0,34.0,34.0,,
1993-07-09,34.0,34.0,34.0,34.0,,
1993-07-12,34.0,34.0,34.0,34.0,,
1993-07-13,34.0,34.0,34.0,34.0,,
1993-07-14,34.0,34.0,34.0,34.0,,
1993-07-15,34.0,34.0,34.0,34.0,,
1993-07-16,34.0,34.0,34.0,34.0,,
1993-07-19,34.0,34.0,34.0,34.0,,
1993-07-20,34.0,34.0,34.0,34.0,,
1993-07-21,34.0,34.0,34.0,34.0,,
1993-07-22,34.0,34.0,34.0,34.0,,
1993-07-23,34.0,34.0,34.0,34.0,,
1993-07-26,34.0,34.0,34.0,34.0,,
1993-07-27,34.0,34.0,34.0,34.0,,
1993-07-28,34.0,34.0,34.0,34.0,,
1993-07-29,34.0,34.0,34.0,34.0,,
1993-07-30,34.0,34.0,34.0,34.0,,
1993-08-02,34.0,34.0,34.0,34.0,,
1993-08-03,34.0,34.0,34.0,34.0,,
1993-08-04,34.0,34.0,34.0,34.0,,
1993-08-05,34.0,34.0,34.0,34.0,,
1993-08-06,34.0,34.0,34.0,34.0,,
1993-08-09,34.0,34.0,34.0,34.0,,
1993-08-10,34.0,34.0,34.0,34.0,,
1993-08-11,34.0,34.0,34.0,34.0,,
1993-08-12,34.0,34.0,34.0,34.0,,
1993-08-13,34.0,34.0,34.0,34.0,,
1993-08-16,34.0,34.0,34.0,34.0,,
1993-08-17,34.0,34.0,34.0,34.0,,
1993-08-18,34.0,34.0,34.0,34.0,,
1993-08-19,34.0,34.0,34.0,34.0,,
1993-08-20,34.0,34.0,34.0,34.0,,
1993-08-23,34.0,34.0,34.0,34.0,,
1993-08-24,34.0,34.0,34.0,34.0,,
1993-08-25,34.0,34.0,34.0,34.0,,
1993-08-26,34.0,34.0,34.0,34.0,,
1993-08-27,34.0,34.0,34.0,34.0,,
1993-08-31,34.0,34.0,34.0,34.0,,
1993-09-01,34.0,34.0,34.0,34.0,,
1993-09-02,34.0,34.0,34.0,34.0,,
1993-09-03,34.0,34.0,34.0,34.0,,
1993-09-06,34.0,34.0,34.0,34.0,,
1993-09-07,34.0,34.0,34.0,34.0,,
1993-09-08,34.0,34.0,34.0,34.0,,
1993-09-09,34.0,34.0,34.0,34.0,,
1993-09-10,34.0,34.0,34.0,34.0,,
1993-09-13,34.0,34.0,34.0,34.0,,
1993-09-14,34.0,34.0,34.0,34.0,,
1993-09-15,34.0,34.0,34.0,34.0,,
1993-09-16,34.0,34.0,34.0,34.0,,
1993-09-17,34.0,34.0,34.0,34.0,,
1993-09-20,34.0,34.0,34.0,34.0,,
1993-09-21,34.0,34.0,34.0,34.0,,
1993-09-22,34.0,34.0,34.0,34.0,,
1993-09-23,34.0,34.0,34.0,34.0,,
1993-09-24,34.0,34.0,34.0,34.0,,
1993-09-27,34.0,34.0,34.0,34.0,,
1993-09-28,34.0,34.0,34.0,34.0,,
1993-09-29,34.0,34.0,34.0,34.0,,
1993-09-30,34.0,34.0,34.0,34.0,,
1993-10-01,34.0,34.0,34.0,34.0,,
1993-10-04,34.0,34.0,34.0,34.0,,
1993-10-05,34.0,34.0,34.0,34.0,,
1993-10-06,34.0,34.0,34.0,34.0,,
1993-10-07,34.0,34.0,34.0,34.0,,
1993-10-08,34.0,34.0,34.0,34.0,,
1993-10-11,34.0,34.0,34.0,34.0,,
1993-10-12,34.0,34.0,34.0,34.0,,
1993-10-13,34.0,34.0,34.0,34.0,,
1993-10-14,34.0,34.0,34.0,34.0,,
1993-10-15,34.0,34.0,34.0,34.0,,
1993-10-18,38.0,34.0,38.0,34.0,,
1993-10-19,38.0,38.0,38.0,38.0,,
1993-10-20,39.0,38.0,39.0,38.0,,
1993-10-21,40.0,39.0,40.0,39.0,,
1993-10-22,41.0,41.0,41.0,41.0,,
1993-10-25,41.0,41.0,41.0,41.0,,
1993-10-26,42.0,40.0,42.0,40.0,,
1993-10-27,42.0,42.0,42.0,42.0,,
1993-10-28,44.0,42.0,44.0,42.0,,
1993-10-29,48.0,47.0,47.0,48.0,,
1993-11-01,47.0,47.0,47.0,47.0,,
1993-11-02,47.0,47.0,47.0,47.0,,
1993-11-03,47.0,45.0,45.0,47.0,,
1993-11-04,45.0,45.0,45.0,45.0,,
1993-11-05,45.0,45.0,45.0,45.0,,
1993-11-08,45.0,44.0,44.0,45.0,,
1993-11-09,45.0,43.0,43.0,45.0,,
1993-11-10,43.0,43.0,43.0,43.0,,
1993-11-11,43.0,43.0,43.0,43.0,,
1993-11-12,43.0,43.0,43.0,43.0,,
1993-11-15,43.0,42.0,42.0,43.0,,
1993-11-16,42.0,42.0,42.0,42.0,,
1993-11-17,42.0,42.0,42.0,42.0,,
1993-11-18,42.0,42.0,42.0,42.0,,
1993-11-19,42.0,42.0,42.0,42.0,,
1993-11-22,42.0,42.0,42.0,42.0,,
1993-11-23,42.0,42.0,42.0,42.0,,
1993-11-24,42.0,42.0,42.0,42.0,,
1993-11-25,42.0,42.0,42.0,42.0,,
1993-11-26,42.0,42.0,42.0,42.0,,
1993-11-29,42.0,42.0,42.0,42.0,,
1993-11-30,42.0,42.0,42.0,42.0,,
1993-12-01,44.0,42.0,44.0,42.0,,
1993-12-02,44.0,43.0,44.0,43.0,,
1993-12-03,44.0,43.0,44.0,43.0,,
1993-12-06,44.0,44.0,44.0,44.0,,
1993-12-07,44.0,43.0,44.0,43.0,,
1993-12-08,44.0,44.0,44.0,44.0,,
1993-12-09,44.0,44.0,44.0,44.0,,
1993-12-10,44.0,44.0,44.0,44.0,,
1993-12-13,44.0,44.0,44.0,44.0,,
1993-12-14,44.0,44.0,44.0,44.0,,
1993-12-15,44.0,44.0,44.0,44.0,,
1993-12-16,44.0,44.0,44.0,44.0,,
1993-12-17,44.0,44.0,44.0,44.0,,
1993-12-20,44.0,44.0,44.0,44.0,,
1993-12-21,45.0,44.0,45.0,44.0,,
1993-12-22,45.0,45.0,45.0,45.0,,
1993-12-23,45.0,44.0,44.0,45.0,,
1993-12-24,44.0,44.0,44.0,44.0,,
1993-12-29,44.0,44.0,44.0,44.0,,
1993-12-30,44.0,44.0,44.0,44.0,,
1993-12-31,44.0,44.0,44.0,44.0,,
1994-01-04,44.0,44.0,44.0,44.0,,
1994-01-05,44.0,44.0,44.0,44.0,,
1994-01-06,44.0,44.0,44.0,44.0,,
1994-01-07,44.0,44.0,44.0,44.0,,
1994-01-10,44.0,44.0,44.0,44.0,,
1994-01-11,47.0,44.0,47.0,44.0,,
1994-01-12,47.0,47.0,47.0,47.0,,
1994-01-13,47.0,47.0,47.0,47.0,,
1994-01-14,47.0,47.0,47.0,47.0,,
1994-01-17,49.0,47.0,49.0,47.0,,
1994-01-18,49.0,49.0,49.0,49.0,,
1994-01-19,49.0,49.0,49.0,49.0,,
1994-01-20,49.0,49.0,49.0,49.0,,
1994-01-21,49.0,49.0,49.0,49.0,,
1994-01-24,49.0,48.0,48.0,49.0,,
1994-01-25,48.0,48.0,48.0,48.0,,
1994-01-26,48.0,48.0,48.0,48.0,,
1994-01-27,48.0,48.0,48.0,48.0,,
1994-01-28,48.0,48.0,48.0,48.0,,
1994-01-31,48.0,48.0,48.0,48.0,,
1994-02-01,48.0,48.0,48.0,48.0,,
1994-02-02,48.0,48.0,48.0,48.0,,
1994-02-03,48.0,48.0,48.0,48.0,,
1994-02-04,48.0,48.0,48.0,48.0,,
1994-02-07,48.0,48.0,48.0,48.0,,
1994-02-08,48.0,48.0,48.0,48.0,,
1994-02-09,48.0,48.0,48.0,48.0,,
1994-02-10,48.0,48.0,48.0,48.0,,
1994-02-11,48.0,48.0,48.0,48.0,,
1994-02-14,48.0,48.0,48.0,48.0,,
1994-02-15,48.0,48.0,48.0,48.0,,
1994-02-16,48.0,48.0,48.0,48.0,,
1994-02-17,48.0,48.0,48.0,48.0,,
1994-02-18,48.0,48.0,48.0,48.0,,
1994-02-21,48.0,48.0,48.0,48.0,,
1994-02-22,48.0,48.0,48.0,48.0,,
1994-02-23,48.0,48.0,48.0,48.0,,
1994-02-24,48.0,48.0,48.0,48.0,,
1994-02-25,48.0,48.0,48.0,48.0,,
1994-02-28,48.0,47.0,47.0,48.0,,
1994-03-01,46.0,45.0,45.0,46.0,,
1994-03-02,46.0,44.0,44.0,46.0,,
1994-03-03,44.0,44.0,44.0,44.0,,
1994-03-04,44.0,44.0,44.0,44.0,,
1994-03-07,44.0,43.0,43.0,44.0,,
1994-03-08,43.0,43.0,43.0,43.0,,
1994-03-09,43.0,43.0,43.0,43.0,,
1994-03-10,43.0,43.0,43.0,43.0,,
1994-03-11,42.0,42.0,42.0,42.0,,
1994-03-14,42.0,42.0,42.0,42.0,,
1994-03-15,42.0,42.0,42.0,42.0,,
1994-03-16,42.0,42.0,42.0,42.0,,
1994-03-17,42.0,42.0,42.0,42.0,,
1994-03-18,42.0,42.0,42.0,42.0,,
1994-03-21,42.0,42.0,42.0,42.0,,
1994-03-22,42.0,42.0,42.0,42.0,,
1994-03-23,42.0,42.0,42.0,42.0,,
1994-03-24,42.0,42.0,42.0,42.0,,
1994-03-25,42.0,42.0,42.0,42.0,,
1994-03-28,42.0,42.0,42.0,42.0,,
1994-03-29,42.0,42.0,42.0,42.0,,
1994-03-30,42.0,42.0,42.0,42.0,,
1994-03-31,42.0,42.0,42.0,42.0,,
1994-04-05,42.0,42.0,42.0,42.0,,
1994-04-06,42.0,42.0,42.0,42.0,,
1994-04-07,42.0,42.0,42.0,42.0,,
1994-04-08,42.0,42.0,42.0,42.0,,
1994-04-11,42.0,42.0,42.0,42.0,,
1994-04-12,42.0,42.0,42.0,42.0,,
1994-04-13,42.0,42.0,42.0,42.0,,
1994-04-14,42.0,42.0,42.0,42.0,,
1994-04-15,42.0,42.0,42.0,42.0,,
1994-04-18,42.0,42.0,42.0,42.0,,
1994-04-19,42.0,42.0,42.0,42.0,,
1994-04-20,42.0,42.0,42.0,42.0,,
1994-04-21,42.0,42.0,42.0,42.0,,
1994-04-22,42.0,42.0,42.0,42.0,,
1994-04-25,47.0,42.0,47.0,42.0,,
1994-04-26,50.0,48.0,49.0,50.0,,
1994-04-27,51.0,49.0,51.0,50.0,,
1994-04-28,51.0,51.0,51.0,51.0,,
1994-04-29,51.0,51.0,51.0,51.0,,
1994-05-03,51.0,50.0,51.0,50.0,,
1994-05-04,51.0,50.0,51.0,50.0,,
1994-05-05,51.0,50.0,51.0,50.0,,
1994-05-06,54.0,52.0,54.0,52.0,,
1994-05-09,54.0,54.0,54.0,54.0,,
1994-05-10,54.0,54.0,54.0,54.0,,
1994-05-11,54.0,54.0,54.0,54.0,,
1994-05-12,54.0,53.0,53.0,53.0,,
1994-05-13,53.0,51.0,51.0,53.0,,
1994-05-16,50.0,50.0,50.0,50.0,,
1994-05-17,50.0,50.0,50.0,50.0,,
1994-05-18,50.0,50.0,50.0,50.0,,
1994-05-19,50.0,50.0,50.0,50.0,,
1994-05-20,50.0,50.0,50.0,50.0,,
1994-05-23,50.0,50.0,50.0,50.0,,
1994-05-24,50.0,50.0,50.0,50.0,,
1994-05-25,50.0,50.0,50.0,50.0,,
1994-05-26,50.0,50.0,50.0,50.0,,
1994-05-27,50.0,50.0,50.0,50.0,,
1994-05-31,50.0,50.0,50.0,50.0,,
1994-06-01,50.0,49.0,50.0,49.0,,
1994-06-02,50.0,50.0,50.0,50.0,,
1994-06-03,50.0,50.0,50.0,50.0,,
1994-06-06,50.0,49.0,50.0,49.0,,
1994-06-07,50.0,49.0,50.0,49.0,,
1994-06-08,50.0,50.0,50.0,50.0,,
1994-06-09,50.0,49.0,50.0,49.0,,
1994-06-10,50.0,49.0,50.0,49.0,,
1994-06-13,55.0,49.0,55.0,49.0,,
1994-06-14,56.0,55.0,56.0,55.0,,
1994-06-15,56.0,56.0,56.0,56.0,,
1994-06-16,58.0,57.0,58.0,57.0,,
1994-06-17,59.0,58.0,59.0,58.0,,
1994-06-20,60.0,59.0,60.0,59.0,,
1994-06-21,62.0,60.0,62.0,60.0,,
1994-06-22,62.0,62.0,62.0,62.0,,
1994-06-23,64.0,62.0,64.0,62.0,,
1994-06-24,64.0,64.0,64.0,64.0,,
1994-06-27,64.0,62.0,62.0,64.0,,
1994-06-28,62.0,62.0,62.0,62.0,,
1994-06-29,63.0,62.0,63.0,62.0,,
1994-06-30,63.0,63.0,63.0,63.0,,
1994-07-01,63.0,63.0,63.0,63.0,,
1994-07-04,65.0,63.0,65.0,63.0,,
1994-07-05,65.0,65.0,65.0,65.0,,
1994-07-06,65.0,65.0,65.0,65.0,,
1994-07-07,65.0,65.0,65.0,65.0,,
1994-07-08,65.0,65.0,65.0,65.0,,
1994-07-11,65.0,65.0,65.0,65.0,,
1994-07-12,65.0,65.0,65.0,65.0,,
1994-07-13,65.0,65.0,65.0,65.0,,
1994-07-14,65.0,65.0,65.0,65.0,,
1994-07-15,65.0,65.0,65.0,65.0,,
1994-07-18,68.0,65.0,68.0,65.0,,
1994-07-19,68.0,68.0,68.0,68.0,,
1994-07-20,75.0,68.0,75.0,68.0,,
1994-07-21,79.0,75.0,79.0,76.0,,
1994-07-22,79.0,78.0,78.0,78.0,,
1994-07-25,78.0,78.0,78.0,78.0,,
1994-07-26,78.0,78.0,78.0,78.0,,
1994-07-27,78.0,78.0,78.0,78.0,,
1994-07-28,78.0,78.0,78.0,78.0,,
1994-07-29,78.0,78.0,78.0,78.0,,
1994-08-01,78.0,78.0,78.0,78.0,,
1994-08-02,79.0,78.0,79.0,78.0,,
1994-08-03,79.0,78.0,79.0,78.0,,
1994-08-04,79.0,78.0,79.0,78.0,,
1994-08-05,79.0,79.0,79.0,79.0,,
1994-08-08,79.0,78.0,79.0,78.0,,
1994-08-09,79.0,78.0,79.0,78.0,,
1994-08-10,79.0,79.0,79.0,79.0,,
1994-08-11,79.0,78.0,78.0,78.0,,
1994-08-12,78.0,77.0,78.0,77.0,,
1994-08-15,81.0,78.0,81.0,79.0,,
1994-08-16,82.0,81.0,81.0,82.0,,
1994-08-17,81.0,80.0,81.0,80.0,,
1994-08-18,82.0,81.0,81.0,82.0,,
1994-08-19,82.0,81.0,82.0,82.0,,
1994-08-22,82.0,81.0,82.0,81.0,,
1994-08-23,82.0,82.0,82.0,82.0,,
1994-08-24,82.0,82.0,82.0,82.0,,
1994-08-25,83.0,82.0,83.0,82.0,,
1994-08-26,85.0,83.5,84.0,85.0,,
1994-08-30,85.0,84.0,85.0,85.0,,
1994-08-31,86.0,85.0,86.0,85.0,,
1994-09-01,86.0,86.0,86.0,86.0,,
1994-09-02,88.0,86.0,88.0,86.0,,
1994-09-05,88.0,88.0,88.0,88.0,,
1994-09-06,89.0,88.0,89.0,88.0,,
1994-09-07,92.0,89.0,92.0,89.0,,
1994-09-08,94.0,92.0,94.0,92.0,,
1994-09-09,96.0,94.0,96.0,94.0,,
1994-09-12,96.0,96.0,96.0,96.0,,
1994-09-13,96.0,96.0,96.0,96.0,,
1994-09-14,96.0,90.0,90.0,96.0,,
1994-09-15,91.0,90.0,91.0,90.0,,
1994-09-16,91.0,90.0,91.0,90.0,,
1994-09-19,91.0,90.0,91.0,90.0,,
1994-09-20,91.0,91.0,91.0,91.0,,
1994-09-21,91.0,90.0,91.0,90.0,,
1994-09-22,92.0,90.0,92.0,90.0,,
1994-09-23,92.0,91.0,92.0,92.0,,
1994-09-26,92.0,92.0,92.0,92.0,,
1994-09-27,102.0,92.0,102.0,92.0,,
1994-09-28,103.0,102.0,103.0,102.0,,
1994-09-29,104.0,103.0,104.0,103.0,,
1994-09-30,105.0,103.0,105.0,103.0,,
1994-10-03,106.0,103.0,106.0,104.0,,
1994-10-04,108.0,106.0,108.0,106.0,,
1994-10-05,108.0,107.0,107.0,108.0,,
1994-10-06,108.0,107.0,107.0,108.0,,
1994-10-07,108.0,107.0,107.0,108.0,,
1994-10-10,107.0,106.0,107.0,106.0,,
1994-10-11,108.0,107.0,107.0,108.0,,
1994-10-12,108.0,107.0,107.0,108.0,,
1994-10-13,108.0,107.0,107.0,108.0,,
1994-10-14,107.0,106.0,107.0,106.0,,
1994-10-17,108.0,106.0,106.0,108.0,,
1994-10-18,106.0,101.0,101.0,106.0,,
1994-10-19,102.0,101.0,102.0,101.0,,
1994-10-20,103.0,102.0,102.0,103.0,,
1994-10-21,102.0,101.0,102.0,101.0,,
1994-10-24,104.0,101.0,104.0,101.0,,
1994-10-25,104.0,103.0,104.0,103.0,,
1994-10-26,104.0,103.0,104.0,103.0,,
1994-10-27,104.0,103.0,104.0,103.0,,
1994-10-28,105.0,103.0,105.0,103.0,,
1994-10-31,105.0,105.0,105.0,105.0,,
1994-11-01,105.0,105.0,105.0,105.0,,
1994-11-02,105.0,105.0,105.0,105.0,,
1994-11-03,105.0,105.0,105.0,105.0,,
1994-11-04,105.0,105.0,105.0,105.0,,
1994-11-07,105.0,104.0,104.0,105.0,,
1994-11-08,105.0,104.0,104.0,105.0,,
1994-11-09,105.0,104.0,104.0,105.0,,
1994-11-10,105.0,104.0,104.0,105.0,,
1994-11-11,105.0,104.0,104.0,105.0,,
1994-11-14,105.0,104.0,104.0,105.0,,
1994-11-15,105.0,104.0,104.0,105.0,,
1994-11-16,105.0,104.0,104.0,105.0,,
1994-11-17,105.0,104.0,104.0,105.0,,
1994-11-18,105.0,104.0,104.0,105.0,,
1994-11-21,105.0,104.0,105.0,105.0,,
1994-11-22,106.0,105.0,105.0,106.0,,
1994-11-23,105.0,104.0,105.0,105.0,,
1994-11-24,105.0,104.0,105.0,105.0,,
1994-11-25,105.0,104.0,105.0,104.0,,
1994-11-28,105.0,105.0,105.0,105.0,,
1994-11-29,106.0,105.0,105.0,106.0,,
1994-11-30,105.0,105.0,105.0,105.0,,
1994-12-01,106.0,105.0,105.0,106.0,,
1994-12-02,105.0,104.0,104.0,105.0,,
1994-12-05,105.0,103.0,103.0,105.0,,
1994-12-06,104.0,103.0,104.0,103.0,,
1994-12-07,105.0,104.0,104.0,105.0,,
1994-12-08,105.0,104.0,104.0,105.0,,
1994-12-09,104.0,103.0,103.0,103.0,,
1994-12-12,103.0,103.0,103.0,103.0,,
1994-12-13,103.0,102.0,102.0,103.0,,
1994-12-14,103.0,101.0,103.0,101.0,,
1994-12-15,103.0,103.0,103.0,103.0,,
1994-12-16,103.0,103.0,103.0,103.0,,
1994-12-19,107.0,103.0,107.0,103.0,,
1994-12-20,110.0,106.0,110.0,106.0,,
1994-12-21,110.0,110.0,110.0,110.0,,
1994-12-22,110.0,110.0,110.0,110.0,,
1994-12-23,110.0,110.0,110.0,110.0,,
1994-12-28,110.0,110.0,110.0,110.0,,
1994-12-29,110.0,110.0,110.0,110.0,,
1994-12-30,110.0,110.0,110.0,110.0,,
1995-01-03,110.0,110.0,110.0,110.0,,
1995-01-04,111.0,110.0,111.0,110.0,,
1995-01-05,111.0,111.0,111.0,111.0,,
1995-01-06,111.0,111.0,111.0,111.0,,
1995-01-09,111.0,111.0,111.0,111.0,,
1995-01-10,111.0,111.0,111.0,111.0,,
1995-01-11,111.0,110.0,110.0,111.0,,
1995-01-12,111.0,110.0,110.0,111.0,,
1995-01-13,111.0,110.0,110.0,111.0,,
1995-01-16,111.0,110.0,110.0,111.0,,
1995-01-17,111.0,110.0,110.0,111.0,,
1995-01-18,111.0,110.0,110.0,111.0,,
1995-01-19,111.0,109.0,109.0,111.0,,
1995-01-20,110.0,109.0,109.0,109.0,,
1995-01-23,111.0,109.0,110.0,111.0,,
1995-01-24,110.0,109.0,110.0,109.0,,
1995-01-25,113.0,110.0,113.0,111.0,,
1995-01-26,114.0,113.0,114.0,113.0,,
1995-01-27,115.0,114.0,114.0,115.0,,
1995-01-30,114.0,113.0,114.0,113.0,,
1995-01-31,116.0,112.5,116.0,113.0,,
1995-02-01,119.0,116.0,119.0,116.0,,
1995-02-02,125.0,118.0,125.0,118.0,,
1995-02-03,132.0,125.0,132.0,126.0,,
1995-02-06,133.0,131.0,133.0,133.0,,
1995-02-07,133.0,132.0,132.0,133.0,,
1995-02-08,133.0,132.0,132.0,133.0,,
1995-02-09,133.0,132.0,132.0,133.0,,
1995-02-10,133.0,132.0,132.0,133.0,,
1995-02-13,141.0,137.5,140.0,141.0,,
1995-02-14,140.0,139.0,139.0,140.0,,
1995-02-15,142.0,140.0,142.0,140.0,,
1995-02-16,143.0,142.0,142.0,143.0,,
1995-02-17,143.0,142.0,142.0,143.0,,
1995-02-20,143.0,142.0,142.0,143.0,,
1995-02-21,143.0,141.0,141.0,143.0,,
1995-02-22,141.0,140.0,141.0,140.0,,
1995-02-23,143.0,140.0,143.0,140.0,,
1995-02-24,143.0,141.0,141.0,143.0,,
1995-02-27,141.0,139.0,139.0,141.0,,
1995-02-28,139.0,138.0,139.0,138.0,,
1995-03-01,138.0,138.0,138.0,138.0,,
1995-03-02,138.0,138.0,138.0,138.0,,
1995-03-03,138.0,137.0,137.0,138.0,,
1995-03-06,138.0,137.0,137.0,138.0,,
1995-03-07,138.0,137.0,137.0,138.0,,
1995-03-08,138.0,136.0,136.0,138.0,,
1995-03-09,136.0,136.0,136.0,136.0,,
1995-03-10,136.0,136.0,136.0,136.0,,
1995-03-13,136.0,136.0,136.0,136.0,,
1995-03-14,136.0,136.0,136.0,136.0,,
1995-03-15,136.0,136.0,136.0,136.0,,
1995-03-16,136.0,135.0,135.0,136.0,,
1995-03-17,135.0,135.0,135.0,135.0,,
1995-03-20,136.0,135.0,135.0,136.0,,
1995-03-21,135.0,135.0,135.0,135.0,,
1995-03-22,135.0,135.0,135.0,135.0,,
1995-03-23,135.0,135.0,135.0,135.0,,
1995-03-24,136.0,135.0,135.0,136.0,,
1995-03-27,135.0,135.0,135.0,135.0,,
1995-03-28,135.0,135.0,135.0,135.0,,
1995-03-29,135.0,135.0,135.0,135.0,,
1995-03-30,135.0,135.0,135.0,135.0,,
1995-03-31,135.0,135.0,135.0,135.0,,
1995-04-03,135.0,135.0,135.0,135.0,,
1995-04-04,135.0,135.0,135.0,135.0,,
1995-04-05,135.0,135.0,135.0,135.0,,
1995-04-06,135.0,135.0,135.0,135.0,,
1995-04-07,136.0,135.0,135.0,136.0,,
1995-04-10,135.0,135.0,135.0,135.0,,
1995-04-11,136.0,135.0,135.0,136.0,,
1995-04-12,135.0,135.0,135.0,135.0,,
1995-04-13,135.0,135.0,135.0,135.0,,
1995-04-18,135.0,134.0,134.0,135.0,,
1995-04-19,135.0,134.0,134.0,135.0,,
1995-04-20,135.0,134.0,134.0,135.0,,
1995-04-21,134.0,133.0,133.0,133.0,,
1995-04-24,135.0,134.0,134.0,135.0,,
1995-04-25,135.0,134.0,135.0,135.0,,
1995-04-26,136.0,135.0,135.0,136.0,,
1995-04-27,136.0,135.0,135.0,136.0,,
1995-04-28,136.0,135.0,135.0,136.0,,
1995-05-01,136.0,135.0,135.0,136.0,,
1995-05-02,136.0,135.0,135.0,136.0,,
1995-05-03,136.0,135.0,135.0,136.0,,
1995-05-04,136.0,135.0,135.0,136.0,,
1995-05-05,136.0,135.0,135.0,136.0,,
1995-05-09,134.0,133.0,133.0,133.0,,
1995-05-10,133.0,133.0,133.0,133.0,,
1995-05-11,133.0,133.0,133.0,133.0,,
1995-05-12,133.0,133.0,133.0,133.0,,
1995-05-15,133.0,133.0,133.0,133.0,,
1995-05-16,133.0,133.0,133.0,133.0,,
1995-05-17,133.0,132.0,132.0,133.0,,
1995-05-18,133.0,132.0,132.0,133.0,,
1995-05-19,133.0,132.0,132.0,133.0,,
1995-05-22,132.0,124.0,124.0,131.0,,
1995-05-23,125.0,122.0,122.0,125.0,,
1995-05-24,123.0,122.0,122.0,123.0,,
1995-05-25,122.0,120.0,120.0,121.0,,
1995-05-26,120.0,118.0,118.0,120.0,,
1995-05-30,118.0,114.0,114.0,118.0,,
1995-05-31,115.0,113.0,114.0,113.0,,
1995-06-01,115.0,114.0,115.0,115.0,,
1995-06-02,115.0,113.0,113.0,115.0,,
1995-06-05,113.0,112.0,112.0,113.0,,
1995-06-06,113.0,111.0,113.0,111.0,,
1995-06-07,113.0,113.0,113.0,113.0,,
1995-06-08,114.0,113.0,114.0,113.0,,
1995-06-09,112.0,111.0,111.0,112.0,,
1995-06-12,111.0,110.0,110.0,111.0,,
1995-06-13,111.0,110.0,110.0,111.0,,
1995-06-14,111.0,108.0,108.0,111.0,,
1995-06-15,108.0,105.0,105.0,108.0,,
1995-06-16,105.0,101.0,101.0,105.0,,
1995-06-19,101.0,97.0,97.0,101.0,,
1995-06-20,98.0,97.0,98.0,98.0,,
1995-06-21,100.0,98.0,100.0,98.0,,
1995-06-22,103.0,100.0,103.0,100.0,,
1995-06-23,103.0,103.0,103.0,103.0,,
1995-06-26,103.0,103.0,103.0,103.0,,
1995-06-27,103.0,103.0,103.0,103.0,,
1995-06-28,103.0,103.0,103.0,103.0,,
1995-06-29,104.0,103.0,104.0,103.0,,
1995-06-30,104.0,103.0,104.0,103.0,,
1995-07-03,104.0,103.0,104.0,103.0,,
1995-07-04,104.0,103.0,104.0,103.0,,
1995-07-05,104.0,103.0,104.0,103.0,,
1995-07-06,104.0,103.0,104.0,103.0,,
1995-07-07,104.0,103.0,104.0,103.0,,
1995-07-10,104.0,103.0,104.0,103.0,,
1995-07-11,105.0,104.0,104.0,105.0,,
1995-07-12,105.0,104.0,104.0,105.0,,
1995-07-13,105.0,103.0,105.0,103.0,,
1995-07-14,105.0,105.0,105.0,105.0,,
1995-07-17,105.0,105.0,105.0,105.0,,
1995-07-18,106.0,105.0,106.0,105.0,,
1995-07-19,106.0,106.0,106.0,106.0,,
1995-07-20,106.0,105.0,105.0,106.0,,
1995-07-21,106.0,105.0,105.0,106.0,,
1995-07-24,107.0,105.0,107.0,106.0,,
1995-07-25,108.0,107.0,107.0,108.0,,
1995-07-26,108.0,107.0,107.0,108.0,,
1995-07-27,108.0,107.0,107.0,108.0,,
1995-07-28,116.0,109.0,115.0,113.0,,
1995-07-31,116.0,115.0,115.0,116.0,,
1995-08-01,115.0,114.0,115.0,114.0,,
1995-08-02,115.0,114.0,115.0,114.0,,
1995-08-03,116.0,115.0,115.0,116.0,,
1995-08-04,116.0,115.0,115.0,116.0,,
1995-08-07,115.0,115.0,115.0,115.0,,
1995-08-08,116.0,115.0,115.0,116.0,,
1995-08-09,116.0,115.0,115.0,116.0,,
1995-08-10,115.0,115.0,115.0,115.0,,
1995-08-11,115.0,115.0,115.0,115.0,,
1995-08-14,116.0,115.0,115.0,116.0,,
1995-08-15,116.0,115.0,115.0,116.0,,
1995-08-16,115.0,115.0,115.0,115.0,,
1995-08-17,115.0,114.0,114.0,114.0,,
1995-08-18,115.0,114.0,114.0,115.0,,
1995-08-21,114.0,113.0,114.0,113.0,,
1995-08-22,114.0,112.0,112.0,113.0,,
1995-08-23,114.0,112.0,112.0,114.0,,
1995-08-24,114.0,112.0,112.0,114.0,,
1995-08-25,112.0,111.0,112.0,111.0,,
1995-08-29,112.0,111.0,112.0,111.0,,
1995-08-30,112.0,111.0,112.0,111.0,,
1995-08-31,112.0,111.0,112.0,111.0,,
1995-09-01,112.0,111.0,112.0,111.0,,
1995-09-04,112.0,111.0,112.0,111.0,,
1995-09-05,112.0,111.0,112.0,111.0,,
1995-09-06,112.0,111.0,112.0,111.0,,
1995-09-07,112.0,111.0,112.0,111.0,,
1995-09-08,112.0,111.0,112.0,111.0,,
1995-09-11,112.0,111.0,112.0,111.0,,
1995-09-12,113.0,110.0,110.0,113.0,,
1995-09-13,110.0,110.0,110.0,110.0,,
1995-09-14,110.0,110.0,110.0,110.0,,
1995-09-15,111.0,110.0,110.0,111.0,,
1995-09-18,110.0,110.0,110.0,110.0,,
1995-09-19,110.0,110.0,110.0,110.0,,
1995-09-20,110.0,110.0,110.0,110.0,,
1995-09-21,110.0,110.0,110.0,110.0,,
1995-09-22,110.0,110.0,110.0,110.0,,
1995-09-25,110.0,110.0,110.0,110.0,,
1995-09-26,110.0,110.0,110.0,110.0,,
1995-09-27,110.0,108.0,108.0,110.0,,16800.0
1995-09-28,108.0,107.0,107.0,108.0,,
1995-09-29,108.0,107.0,107.0,108.0,,
1995-10-02,107.0,106.0,107.0,106.0,,
1995-10-03,108.0,107.0,107.0,108.0,,
1995-10-04,108.0,107.0,107.0,108.0,,
1995-10-05,116.0,110.0,114.0,110.0,,
1995-10-06,115.0,113.0,113.0,115.0,,
1995-10-09,113.0,113.0,113.0,113.0,,
1995-10-10,113.0,110.0,110.0,113.0,,
1995-10-11,110.0,108.0,108.0,110.0,,
1995-10-12,108.0,108.0,108.0,108.0,,
1995-10-13,108.0,108.0,108.0,108.0,,
1995-10-16,106.0,106.0,106.0,106.0,,
1995-10-17,106.0,106.0,106.0,106.0,,
1995-10-18,106.0,106.0,106.0,106.0,,
1995-10-19,106.0,106.0,106.0,106.0,,
1995-10-20,106.0,106.0,106.0,106.0,,
1995-10-23,106.0,106.0,106.0,106.0,,
1995-10-24,106.0,106.0,106.0,106.0,,
1995-10-25,106.0,106.0,106.0,106.0,,
1995-10-26,106.0,100.0,101.0,106.0,,
1995-10-27,99.0,97.0,97.0,98.0,,
1995-10-30,98.0,97.0,97.0,98.0,,
1995-10-31,100.0,96.0,100.0,96.0,,
1995-11-01,103.0,100.0,103.0,100.0,,
1995-11-02,103.0,103.0,103.0,103.0,,
1995-11-03,103.0,102.0,102.0,103.0,,
1995-11-06,103.0,102.0,102.0,103.0,,
1995-11-07,103.0,102.0,102.0,103.0,,
1995-11-08,102.0,101.0,102.0,101.0,,
1995-11-09,103.0,101.0,103.0,101.0,,
1995-11-10,105.0,103.0,105.0,103.0,,
1995-11-13,105.0,105.0,105.0,105.0,,
1995-11-14,105.0,105.0,105.0,105.0,,
1995-11-15,105.0,105.0,105.0,105.0,,
1995-11-16,106.0,105.0,106.0,105.0,,
1995-11-17,106.0,106.0,106.0,106.0,,
1995-11-20,106.0,106.0,106.0,106.0,,
1995-11-21,106.0,106.0,106.0,106.0,,
1995-11-22,106.0,106.0,106.0,106.0,,
1995-11-23,106.0,106.0,106.0,106.0,,
1995-11-24,106.0,106.0,106.0,106.0,,
1995-11-27,108.0,106.0,108.0,106.0,,
1995-11-28,119.0,108.0,119.0,108.0,,
1995-11-29,129.0,119.0,127.0,120.0,,
1995-11-30,128.0,124.0,124.0,128.0,,
1995-12-01,148.0,124.0,143.0,125.0,,
1995-12-04,149.0,140.0,140.0,146.0,,
1995-12-05,146.0,140.0,146.0,141.0,,
1995-12-06,153.0,147.0,147.0,153.0,,
1995-12-07,166.0,132.0,137.0,163.0,,
1995-12-08,138.0,137.0,137.0,138.0,,
1995-12-11,137.0,136.0,137.0,136.0,,
1995-12-12,137.0,135.0,135.0,136.0,,
1995-12-13,135.0,131.0,131.0,135.0,,
1995-12-14,131.0,131.0,131.0,131.0,,
1995-12-15,131.0,130.0,130.0,131.0,,
1995-12-18,130.0,130.0,130.0,130.0,,10000.0
1995-12-19,135.0,130.0,134.0,130.0,,
1995-12-20,135.0,134.0,134.0,135.0,,
1995-12-21,135.0,134.0,134.0,135.0,,
1995-12-22,135.0,134.0,134.0,135.0,,
1995-12-27,134.0,133.0,134.0,133.0,,
1995-12-28,135.0,134.0,134.0,135.0,,
1995-12-29,135.0,133.0,133.0,135.0,,
1996-01-02,133.0,133.0,133.0,133.0,,
1996-01-03,133.0,133.0,133.0,133.0,,
1996-01-04,133.0,133.0,133.0,133.0,,
1996-01-05,133.0,128.0,128.0,133.0,,
1996-01-08,128.0,126.0,126.0,128.0,,20000.0
1996-01-09,126.0,123.0,123.0,126.0,,
1996-01-10,123.0,122.0,122.0,123.0,,
1996-01-11,121.0,120.0,120.0,121.0,,
1996-01-12,120.0,120.0,120.0,120.0,,
1996-01-15,120.0,114.0,114.0,120.0,,
1996-01-16,114.0,113.0,113.0,113.0,,
1996-01-17,115.0,113.0,115.0,113.0,,
1996-01-18,124.0,116.0,124.0,116.0,,32000.0
1996-01-19,126.0,125.0,125.0,125.0,,
1996-01-22,128.0,125.0,128.0,126.0,,
1996-01-23,128.0,128.0,128.0,128.0,,
1996-01-24,128.0,128.0,128.0,128.0,,
1996-01-25,128.0,128.0,128.0,128.0,,
1996-01-26,128.0,128.0,128.0,128.0,,
1996-01-29,128.0,128.0,128.0,128.0,,
1996-01-30,128.0,127.0,127.0,128.0,,10000.0
1996-01-31,127.0,126.0,126.0,126.0,,
1996-02-01,126.0,126.0,126.0,126.0,,10000.0
1996-02-02,126.0,126.0,126.0,126.0,,
1996-02-05,126.0,126.0,126.0,126.0,,
1996-02-06,126.0,120.0,120.0,126.0,,
1996-02-07,120.0,117.0,117.0,120.0,,
1996-02-08,117.0,116.0,117.0,116.0,,
1996-02-09,118.0,116.0,116.0,118.0,,
1996-02-12,116.0,116.0,116.0,116.0,,
1996-02-13,116.0,115.0,115.0,116.0,,
1996-02-14,115.0,115.0,115.0,115.0,,
1996-02-15,115.0,115.0,115.0,115.0,,
1996-02-16,115.0,114.0,114.0,115.0,,
1996-02-19,114.0,114.0,114.0,114.0,,
1996-02-20,114.0,114.0,114.0,114.0,,
1996-02-21,114.0,114.0,114.0,114.0,,
1996-02-22,114.0,112.0,113.0,114.0,,
1996-02-23,113.0,113.0,113.0,113.0,,
1996-02-26,113.0,113.0,113.0,113.0,,
1996-02-27,113.0,113.0,113.0,113.0,,
1996-02-28,113.0,113.0,113.0,113.0,,
1996-02-29,113.0,113.0,113.0,113.0,,
1996-03-01,113.0,113.0,113.0,113.0,,
1996-03-04,113.0,113.0,113.0,113.0,,
1996-03-05,113.0,113.0,113.0,113.0,,
1996-03-06,113.0,113.0,113.0,113.0,,
1996-03-07,114.0,113.0,113.0,113.0,,
1996-03-08,113.0,106.0,106.0,113.0,,
1996-03-11,106.0,100.0,102.0,106.0,,
1996-03-12,102.0,101.0,102.0,101.0,,
1996-03-13,112.0,101.0,112.0,101.0,,15000.0
1996-03-14,112.0,111.0,112.0,111.0,,
1996-03-15,112.0,111.0,112.0,111.0,,
1996-03-18,113.0,112.0,112.0,113.0,,
1996-03-19,113.0,112.0,112.0,113.0,,
1996-03-20,113.0,110.0,110.0,113.0,,
1996-03-21,110.0,107.0,107.0,110.0,,
1996-03-22,107.0,106.0,107.0,106.0,,
1996-03-25,107.0,106.0,107.0,106.0,,
1996-03-26,107.0,106.0,106.0,106.0,,
1996-03-27,106.0,105.0,105.0,106.0,,
1996-03-28,105.0,104.0,104.0,105.0,,
1996-03-29,104.0,103.0,104.0,103.0,,
1996-04-01,107.0,106.0,107.0,106.0,,
1996-04-02,107.0,106.0,107.0,106.0,,
1996-04-03,108.0,107.0,107.0,108.0,,
1996-04-04,108.0,107.0,107.0,108.0,,
1996-04-09,108.0,107.0,107.0,108.0,,
1996-04-10,107.0,106.0,106.0,106.0,,
1996-04-11,106.0,106.0,106.0,106.0,,
1996-04-12,110.0,106.0,110.0,106.0,,
1996-04-15,120.0,110.0,120.0,110.0,,
1996-04-16,121.0,120.0,121.0,121.0,,
1996-04-17,121.0,121.0,121.0,121.0,,
1996-04-18,121.0,120.0,120.0,121.0,,
1996-04-19,120.0,120.0,120.0,120.0,,
1996-04-22,120.0,117.0,117.0,120.0,,
1996-04-23,118.0,117.0,117.0,118.0,,
1996-04-24,118.0,117.0,117.0,118.0,,
1996-04-25,118.0,117.0,117.0,118.0,,
1996-04-26,118.0,117.0,117.0,118.0,,
1996-04-29,126.0,117.0,126.0,118.0,,
1996-04-30,127.0,126.0,127.0,126.0,,30000.0
1996-05-01,128.0,127.0,127.0,128.0,,
1996-05-02,127.0,121.0,121.0,126.0,,2500.0
1996-05-03,121.0,119.0,119.0,121.0,,
1996-05-07,119.0,118.0,118.0,118.0,,
1996-05-08,118.0,118.0,118.0,118.0,,
1996-05-09,118.0,118.0,118.0,118.0,,
1996-05-10,119.0,118.0,119.0,118.0,,
1996-05-13,116.0,115.0,116.0,115.0,,
1996-05-14,,,116.0,,,
1996-05-15,,,116.0,,,
1996-05-16,,,116.0,,,
1996-05-17,,,115.0,,,
1996-05-20,,,115.0,,,
1996-05-21,,,115.0,,,
1996-05-22,,,115.0,,,
1996-05-23,,,115.0,,,
1996-05-24,,,115.0,,,
1996-05-28,,,115.0,,,
1996-05-29,,,115.0,,,
1996-05-30,,,115.0,,,
1996-05-31,,,115.0,,,
1996-06-03,,,115.0,,,
1996-06-04,,,115.0,,,
1996-06-05,,,115.0,,,
1996-06-06,110.0,110.0,115.0,110.0,,669400.0
1996-06-07,,,115.0,,,
1996-06-10,,,115.0,,,
1996-06-11,,,113.0,,,
1996-06-12,,,113.0,,,
1996-06-13,,,107.0,,,
1996-06-14,,,105.0,,,
1996-06-17,,,102.0,,,
1996-06-18,,,98.0,,,
1996-06-19,105.0,95.875,103.0,95.875,,30000.0
1996-06-20,,,103.0,,,
1996-06-21,,,103.0,,,
1996-06-24,,,103.0,,,
1996-06-25,,,103.0,,,
1996-06-26,,,103.0,,,
1996-06-27,,,103.0,,,
1996-06-28,,,103.0,,,
1996-07-01,,,103.0,,,
1996-07-02,,,103.0,,,
1996-07-03,,,103.0,,,
1996-07-04,,,103.0,,,
1996-07-05,,,104.0,,,
1996-07-08,,,104.0,,,
1996-07-09,,,104.0,,,
1996-07-10,,,104.0,,,
1996-07-11,,,104.0,,,
1996-07-12,,,105.0,,,
1996-07-15,,,105.0,,,
1996-07-16,,,104.0,,,
1996-07-17,,,104.0,,,
1996-07-18,,,104.0,,,
1996-07-19,,,104.0,,,
1996-07-22,,,104.0,,,
1996-07-23,,,104.0,,,
1996-07-24,,,104.0,,,
1996-07-25,,,104.0,,,
1996-07-26,,,104.0,,,
1996-07-29,,,104.0,,,
1996-07-30,,,104.0,,,
1996-07-31,,,104.0,,,
1996-08-01,,,104.0,,,
1996-08-02,,,104.0,,,
1996-08-05,,,104.0,,,
1996-08-06,,,104.0,,,
1996-08-07,,,104.0,,,
1996-08-08,,,104.0,,,
1996-08-09,,,104.0,,,
1996-08-12,,,104.0,,,
1996-08-13,,,104.0,,,
1996-08-14,,,104.0,,,
1996-08-15,,,104.0,,,
1996-08-16,,,104.0,,,
1996-08-19,,,104.0,,,
1996-08-20,104.0,104.0,104.0,104.0,,1532.0
1996-08-21,,,104.0,,,
1996-08-22,,,104.0,,,
1996-08-23,,,104.0,,,
1996-08-27,,,103.5,,,
1996-08-28,102.5,102.5,103.5,102.5,,
1996-08-29,102.0,102.0,103.5,102.0,,
1996-08-30,,,102.5,,,
1996-09-02,101.0,101.0,101.5,101.0,,
1996-09-03,105.0,100.0,101.5,105.0,,
1996-09-04,,,101.5,,,
1996-09-05,,,101.5,,,
1996-09-06,,,101.5,,,
1996-09-09,,,101.5,,,
1996-09-10,,,100.5,,,
1996-09-11,,,99.5,,,
1996-09-12,,,99.5,,,
1996-09-13,,,97.5,,,
1996-09-16,,,96.5,,,
1996-09-17,,,96.5,,,
1996-09-18,,,97.5,,,
1996-09-19,,,97.5,,,
1996-09-20,,,95.5,,,
1996-09-23,,,92.5,,,
1996-09-24,,,90.5,,,
1996-09-25,,,90.5,,,
1996-09-26,,,90.5,,,
1996-09-27,,,90.5,,,
1996-09-30,,,90.5,,,
1996-10-01,,,89.5,,,
1996-10-02,,,88.5,,,
1996-10-03,,,95.0,,,
1996-10-04,,,96.5,,,
1996-10-07,,,96.5,,,
1996-10-08,,,96.5,,,
1996-10-09,,,96.5,,,
1996-10-10,,,96.5,,,
1996-10-11,,,99.5,,,
1996-10-14,,,97.5,,,
1996-10-15,,,94.5,,,
1996-10-16,,,94.5,,,
1996-10-17,,,90.5,,,
1996-10-18,,,90.5,,,
1996-10-21,,,88.0,,,
1996-10-22,,,88.0,,,
1996-10-23,,,87.5,,,
1996-10-24,,,87.5,,,
1996-10-25,,,87.5,,,
1996-10-28,,,87.5,,,
1996-10-29,,,88.5,,,
1996-10-30,,,88.5,,,
1996-10-31,,,88.5,,,
1996-11-01,,,88.5,,,
1996-11-04,,,88.5,,,
1996-11-05,,,88.5,,,
1996-11-06,,,88.5,,,
1996-11-07,,,88.5,,,
1996-11-08,,,88.5,,,
1996-11-11,,,88.5,,,
1996-11-12,,,87.5,,,
1996-11-13,89.0,89.0,87.5,89.0,,118000.0
1996-11-14,,,87.5,,,
1996-11-15,,,87.5,,,
1996-11-18,,,86.5,,,
1996-11-19,,,85.5,,,
1996-11-20,,,85.5,,,
1996-11-21,,,86.0,,,
1996-11-22,,,87.5,,,
1996-11-25,,,89.5,,,
1996-11-26,,,89.5,,,
1996-11-27,,,89.5,,,
1996-11-28,,,91.5,,,
1996-11-29,,,91.5,,,
1996-12-02,,,92.5,,,
1996-12-03,,,94.5,,,
1996-12-04,,,97.0,,,
1996-12-05,,,97.5,,,
1996-12-06,,,95.5,,,
1996-12-09,,,96.0,,,
1996-12-10,,,95.5,,,
1996-12-11,,,94.0,,,
1996-12-12,,,94.0,,,
1996-12-13,,,94.0,,,
1996-12-16,,,94.0,,,
1996-12-17,,,94.0,,,
1996-12-18,,,94.0,,,
1996-12-19,,,94.0,,,
1996-12-20,,,94.0,,,
1996-12-23,,,92.5,,,
1996-12-24,,,92.5,,,
1996-12-27,,,92.5,,,
1996-12-30,,,92.5,,,
1996-12-31,,,92.5,,,
1997-01-02,,,92.5,,,
1997-01-03,,,92.5,,,
1997-01-06,,,92.5,,,
1997-01-07,,,92.5,,,
1997-01-08,,,92.5,,,
1997-01-09,,,92.5,,,
1997-01-10,,,92.5,,,
1997-01-13,,,92.5,,,
1997-01-14,,,92.5,,,
1997-01-15,,,92.5,,,
1997-01-16,,,92.5,,,
1997-01-17,,,92.5,,,
1997-01-20,,,92.5,,,
1997-01-21,,,92.5,,,
1997-01-22,,,92.5,,,
1997-01-23,,,91.5,,,
1997-01-24,85.0,85.0,88.5,85.0,,30000.0
1997-01-27,,,87.5,,,
1997-01-28,,,82.5,,,
1997-01-29,,,82.5,,,
1997-01-30,,,82.5,,,
1997-01-31,,,82.5,,,94000.0
1997-02-03,,,80.5,,,
1997-02-04,,,80.0,,,
1997-02-05,,,80.0,,,
1997-02-06,,,80.0,,,
1997-02-07,,,80.0,,,
1997-02-10,,,80.0,,,
1997-02-11,,,80.0,,,
1997-02-12,,,80.0,,,
1997-02-13,,,80.5,,,
1997-02-14,,,83.5,,,
1997-02-17,,,83.5,,,
1997-02-18,,,83.5,,,
1997-02-19,,,87.5,,,
1997-02-20,,,88.5,,,
1997-02-21,,,89.5,,,
1997-02-24,,,89.5,,,
1997-02-25,,,89.5,,,
1997-02-26,87.5,87.5,89.5,87.5,,25000.0
1997-02-27,,,89.5,,,
1997-02-28,,,89.5,,,
1997-03-03,,,89.5,,,
1997-03-04,,,89.5,,,
1997-03-05,,,88.5,,,
1997-03-06,,,88.5,,,
1997-03-07,,,88.5,,,
1997-03-10,,,88.5,,,
1997-03-11,,,88.5,,,
1997-03-12,,,88.5,,,
1997-03-13,,,87.5,,,
1997-03-14,,,87.5,,,
1997-03-17,,,87.5,,,
1997-03-18,,,87.5,,,
1997-03-19,,,87.5,,,
1997-03-20,,,87.5,,,
1997-03-21,,,87.5,,,
1997-03-24,,,87.5,,,
1997-03-25,,,87.5,,,
1997-03-26,,,87.5,,,
1997-03-27,,,87.5,,,
1997-04-01,,,86.5,,,
1997-04-02,,,86.5,,,
1997-04-03,86.0,86.0,86.5,86.0,,3000.0
1997-04-04,86.75,86.0,85.5,86.75,,13000.0
1997-04-07,,,85.5,,,
1997-04-08,,,85.5,,,
1997-04-09,,,86.0,,,
1997-04-10,,,87.5,,,
1997-04-11,,,87.5,,,
1997-04-14,87.5,87.5,87.5,87.5,,
1997-04-15,87.5,87.5,87.5,87.5,,
1997-04-16,87.5,87.5,87.5,87.5,,
1997-04-17,87.5,87.5,87.5,87.5,,
1997-04-18,87.5,87.5,87.5,87.5,,
1997-04-21,87.5,87.5,87.5,87.5,,
1997-04-22,87.5,87.5,87.5,87.5,,
1997-04-23,87.5,87.5,87.5,87.5,,
1997-04-24,89.5,87.5,89.5,87.5,,
1997-04-25,90.0,89.5,89.5,89.5,,
1997-04-28,92.5,89.5,92.5,89.5,,
1997-04-29,94.5,92.5,94.5,92.5,,
1997-04-30,94.5,94.5,94.5,94.5,,
1997-05-01,94.5,94.5,94.5,94.5,,
1997-05-02,94.5,94.5,94.5,94.5,,
1997-05-06,95.5,94.5,95.5,94.5,,
1997-05-07,95.5,95.0,95.5,95.5,,
1997-05-08,97.5,95.0,97.5,95.5,,
1997-05-09,100.5,97.5,99.5,97.5,,
1997-05-12,99.5,98.5,99.5,99.5,,
1997-05-13,99.5,97.5,99.5,97.5,,
1997-05-14,99.5,98.5,99.5,99.5,,
1997-05-15,99.5,98.5,99.5,99.5,,
1997-05-16,99.5,95.0,95.5,99.5,,
1997-05-19,92.5,90.5,90.5,92.5,,
1997-05-20,90.5,90.5,90.5,90.5,,
1997-05-21,90.5,89.5,89.5,90.5,,10000.0
1997-05-22,89.5,87.5,87.5,89.5,,
1997-05-23,87.5,87.5,87.5,87.5,,
1997-05-27,88.5,87.5,87.5,87.5,,
1997-05-28,89.5,87.5,89.5,87.5,,
1997-05-29,88.5,87.5,87.5,87.5,,
1997-05-30,87.5,87.5,87.5,87.5,,
1997-06-02,87.5,87.5,87.5,87.5,,
1997-06-03,87.5,87.5,87.5,87.5,,
1997-06-04,87.5,87.5,87.5,87.5,,
1997-06-05,89.5,87.5,89.5,87.5,,
1997-06-06,89.5,89.5,89.5,89.5,,
1997-06-09,89.5,89.5,89.5,89.5,,
1997-06-10,89.5,89.5,89.5,89.5,,
1997-06-11,89.5,89.5,89.5,89.5,,
1997-06-12,89.5,89.5,89.5,89.5,,
1997-06-13,89.5,89.5,89.5,89.5,,
1997-06-16,89.5,89.5,89.5,89.5,,
1997-06-17,89.5,89.0,89.5,89.5,,
1997-06-18,89.5,88.5,89.5,88.5,,
1997-06-19,89.5,89.0,89.5,89.5,,
1997-06-20,89.5,88.5,89.5,88.5,,
1997-06-23,89.5,89.0,89.5,89.5,,
1997-06-24,89.5,88.5,89.5,88.5,,
1997-06-25,89.0,88.5,88.5,88.5,,
1997-06-26,89.5,89.0,89.5,89.5,,
1997-06-27,89.5,89.0,89.5,89.5,,
1997-06-30,89.5,89.0,89.5,89.5,,
1997-07-01,89.5,89.0,89.5,89.5,,
1997-07-02,89.0,88.5,88.5,88.5,,
1997-07-03,89.5,89.0,89.5,89.5,,
1997-07-04,89.5,88.5,89.5,89.5,,
1997-07-07,89.5,89.0,89.5,89.5,,
1997-07-08,89.5,89.0,89.5,89.5,,
1997-07-09,89.5,88.5,89.5,88.5,,
1997-07-10,89.5,89.0,89.5,89.5,,
1997-07-11,89.5,88.5,89.5,88.5,,
1997-07-14,89.5,88.5,89.5,88.5,,
1997-07-15,89.5,88.5,89.5,89.5,,
1997-07-16,89.5,88.5,89.5,89.5,,
1997-07-17,89.5,88.5,89.5,89.5,,
1997-07-18,89.5,87.5,89.5,87.5,,
1997-07-21,89.5,88.5,89.5,89.5,,94000.0
1997-07-22,89.5,87.5,89.5,87.5,,
1997-07-23,88.5,87.5,87.5,87.5,,
1997-07-24,87.5,87.5,87.5,87.5,,
1997-07-25,87.5,87.5,87.5,87.5,,
1997-07-28,87.5,87.5,87.5,87.5,,
1997-07-29,87.5,87.5,87.5,87.5,,
1997-07-30,87.5,85.5,85.5,87.5,,
1997-07-31,85.5,84.0,85.5,85.5,,
1997-08-01,84.0,82.5,82.5,82.5,,
1997-08-04,84.0,82.5,82.5,82.5,,
1997-08-05,82.5,82.5,82.5,82.5,,
1997-08-06,82.5,82.5,82.5,82.5,,
1997-08-07,82.5,82.5,82.5,82.5,,
1997-08-08,82.5,82.5,82.5,82.5,,
1997-08-11,82.5,82.5,82.5,82.5,,
1997-08-12,82.5,82.5,82.5,82.5,,
1997-08-13,82.5,82.5,82.5,82.5,,
1997-08-14,82.5,82.5,82.5,82.5,,
1997-08-15,82.5,80.5,80.5,82.5,,
1997-08-18,81.5,80.5,80.5,80.5,,
1997-08-19,81.5,80.5,80.5,80.5,,
1997-08-20,81.5,80.5,80.5,80.5,,
1997-08-21,82.5,80.5,82.5,80.5,,
1997-08-22,82.5,80.5,80.5,82.5,,
1997-08-26,80.5,80.5,80.5,80.5,,
1997-08-27,80.5,80.5,80.5,80.5,,
1997-08-28,80.5,80.5,80.5,80.5,,
1997-08-29,80.5,80.5,80.5,80.5,,
1997-09-01,80.5,80.5,80.5,80.5,,
1997-09-02,80.5,80.5,80.5,80.5,,
1997-09-03,80.5,80.5,80.5,80.5,,
1997-09-04,80.5,80.5,80.5,80.5,,
1997-09-05,80.5,80.5,80.5,80.5,,
1997-09-08,80.5,80.5,80.5,80.5,,
1997-09-09,80.5,80.5,80.5,80.5,,
1997-09-10,80.5,80.5,80.5,80.5,,
1997-09-11,80.5,78.5,78.5,80.5,,
1997-09-12,79.5,78.5,79.5,78.5,,
1997-09-15,79.5,79.0,79.5,79.5,,
1997-09-16,79.5,79.0,79.5,79.5,,
1997-09-17,79.5,79.0,79.5,79.5,,
1997-09-18,79.5,78.5,78.5,79.5,,
1997-09-19,79.5,78.5,79.5,78.5,,
1997-09-22,79.5,79.0,79.5,79.5,,
1997-09-23,79.5,79.0,79.5,79.5,,
1997-09-24,79.5,79.0,79.5,79.5,,
1997-09-25,79.5,79.0,79.5,79.5,,
1997-09-26,79.5,79.0,79.5,79.5,,
1997-09-29,79.5,79.0,79.5,79.5,,
1997-09-30,79.5,79.0,79.5,79.5,,
1997-10-01,79.5,79.5,79.5,79.5,,
1997-10-02,80.5,80.0,80.5,80.5,,
1997-10-03,80.5,80.5,80.5,80.5,,
1997-10-06,80.5,80.5,80.5,80.5,,
1997-10-07,80.5,80.5,80.5,80.5,,
1997-10-08,80.5,80.5,80.5,80.5,,
1997-10-09,80.5,80.5,80.5,80.5,,
1997-10-10,80.5,80.5,80.5,80.5,,
1997-10-13,80.5,79.5,79.5,80.5,,
1997-10-14,75.5,75.5,75.5,75.5,,
1997-10-15,75.5,72.5,72.5,75.5,,
1997-10-16,72.5,72.5,72.5,72.5,,
1997-10-17,72.5,72.5,72.5,72.5,,
1997-10-20,71.5,70.5,70.5,70.5,,
1997-10-21,70.5,70.5,70.5,70.5,,
1997-10-22,72.5,70.5,72.5,70.5,,
1997-10-23,72.5,72.5,72.5,72.5,,
1997-10-24,72.5,72.5,72.5,72.5,,
1997-10-27,72.5,72.5,72.5,72.5,,
1997-10-28,72.5,72.5,72.5,72.5,,
1997-10-29,72.5,72.5,72.5,72.5,,
1997-10-30,72.5,72.5,72.5,72.5,,
1997-10-31,72.5,72.5,72.5,72.5,,
1997-11-03,72.5,72.5,72.5,72.5,,
1997-11-04,72.5,72.5,72.5,72.5,,
1997-11-05,72.5,72.5,72.5,72.5,,
1997-11-06,72.5,72.5,72.5,72.5,,
1997-11-07,72.5,72.5,72.5,72.5,,
1997-11-10,72.5,72.5,72.5,72.5,,
1997-11-11,72.5,70.5,70.5,72.5,,
1997-11-12,70.5,70.5,70.5,70.5,,
1997-11-13,70.5,70.5,70.5,70.5,,
1997-11-14,70.5,70.5,70.5,70.5,,
1997-11-17,70.5,70.5,70.5,70.5,,
1997-11-18,70.5,70.5,70.5,70.5,,
1997-11-19,70.5,70.5,70.5,70.5,,
1997-11-20,70.5,70.5,70.5,70.5,,
1997-11-21,70.5,67.5,67.5,70.5,,99000.0
1997-11-24,68.0,65.5,65.5,67.5,,
1997-11-25,65.5,65.5,65.5,65.5,,
1997-11-26,65.5,65.5,65.5,65.5,,
1997-11-27,65.5,65.5,65.5,65.5,,
1997-11-28,65.5,65.5,65.5,65.5,,75000.0
1997-12-01,65.5,65.5,65.5,65.5,,
1997-12-02,65.5,65.0,65.5,65.5,,
1997-12-03,65.5,65.0,65.5,65.5,,
1997-12-04,65.5,65.0,65.5,65.5,,
1997-12-05,65.5,65.0,65.5,65.5,,
1997-12-08,65.5,62.5,62.5,65.5,,
1997-12-09,64.5,60.0,62.5,64.5,,
1997-12-10,63.5,62.5,62.5,62.5,,
1997-12-11,64.5,64.5,64.5,64.5,,
1997-12-12,64.5,64.5,64.5,64.5,,
1997-12-15,64.5,64.5,64.5,64.5,,
1997-12-16,64.5,64.5,64.5,64.5,,
1997-12-17,64.5,64.5,64.5,64.5,,
1997-12-18,64.5,64.5,64.5,64.5,,
1997-12-19,64.5,64.5,64.5,64.5,,
1997-12-22,64.5,64.5,64.5,64.5,,
1997-12-23,64.5,64.5,64.5,64.5,,
1997-12-24,64.5,64.5,64.5,64.5,,
1997-12-29,64.5,64.5,64.5,64.5,,
1997-12-30,64.5,64.5,64.5,64.5,,
1997-12-31,64.5,64.5,64.5,64.5,,
1998-01-02,64.5,64.5,64.5,64.5,,
1998-01-05,64.5,64.5,64.5,64.5,,
1998-01-06,64.5,64.5,64.5,64.5,,
1998-01-07,64.5,64.5,64.5,64.5,,
1998-01-08,64.5,64.5,64.5,64.5,,
1998-01-09,64.5,64.5,64.5,64.5,,
1998-01-12,64.5,64.5,64.5,64.5,,
1998-01-13,64.5,64.5,64.5,64.5,,
1998-01-14,64.5,64.5,64.5,64.5,,
1998-01-15,64.5,64.5,64.5,64.5,,
1998-01-16,64.5,64.5,64.5,64.5,,
1998-01-19,64.5,64.5,64.5,64.5,,10000.0
1998-01-20,64.5,64.5,64.5,64.5,,
1998-01-21,64.5,64.5,64.5,64.5,,
1998-01-22,64.5,64.5,64.5,64.5,,
1998-01-23,64.5,64.5,64.5,64.5,,
1998-01-26,64.5,64.5,64.5,64.5,,
1998-01-27,64.5,64.5,64.5,64.5,,
1998-01-28,65.5,64.5,64.5,64.5,,
1998-01-29,65.5,64.5,64.5,64.5,,
1998-01-30,66.5,64.5,66.5,64.5,,
1998-02-02,65.5,64.5,64.5,64.5,,
1998-02-03,67.5,64.5,67.5,64.5,,
1998-02-04,67.5,66.5,67.5,66.5,,
1998-02-05,67.5,67.0,67.5,67.5,,
1998-02-06,67.5,66.5,67.5,66.5,,
1998-02-09,67.5,67.0,67.5,67.5,,
1998-02-10,67.5,67.0,67.5,67.5,,
1998-02-11,67.5,67.0,67.5,67.5,,
1998-02-12,67.5,65.5,65.5,67.5,,
1998-02-13,65.5,65.5,65.5,65.5,,
1998-02-16,65.5,65.5,65.5,65.5,,
1998-02-17,65.5,62.5,62.5,65.5,,
1998-02-18,62.5,61.5,62.5,62.5,,
1998-02-19,62.5,60.5,60.5,62.5,,
1998-02-20,60.5,60.5,60.5,60.5,,
1998-02-23,60.5,60.5,60.5,60.5,,
1998-02-24,60.5,60.5,60.5,60.5,,
1998-02-25,60.5,60.5,60.5,60.5,,
1998-02-26,60.5,60.5,60.5,60.5,,
1998-02-27,60.5,60.5,60.5,60.5,,
1998-03-02,60.5,60.5,60.5,60.5,,
1998-03-03,60.5,60.5,60.5,60.5,,
1998-03-04,60.5,60.5,60.5,60.5,,
1998-03-05,60.5,60.5,60.5,60.5,,
1998-03-06,60.5,60.5,60.5,60.5,,
1998-03-09,60.5,60.5,60.5,60.5,,
1998-03-10,60.5,60.5,60.5,60.5,,
1998-03-11,60.5,60.5,60.5,60.5,,
1998-03-12,60.5,60.5,60.5,60.5,,
1998-03-13,60.5,60.5,60.5,60.5,,
1998-03-16,60.5,60.5,60.5,60.5,,
1998-03-17,60.5,60.5,60.5,60.5,,
1998-03-18,61.5,60.5,60.5,60.5,,
1998-03-19,64.5,61.5,64.5,62.5,,
1998-03-20,64.5,64.5,64.5,64.5,,
1998-03-23,65.5,64.5,65.5,64.5,,
1998-03-24,65.5,65.0,65.5,65.5,,
1998-03-25,65.5,65.0,65.5,65.5,,
1998-03-26,65.5,65.0,65.5,65.5,,
1998-03-27,65.5,65.0,65.5,65.5,,
1998-03-30,65.5,65.0,65.5,65.5,,
1998-03-31,64.5,64.5,64.5,64.5,,
1998-04-01,64.5,64.5,64.5,64.5,,
1998-04-02,64.5,64.5,64.5,64.5,,
1998-04-03,64.5,64.5,64.5,64.5,,
1998-04-06,64.5,62.5,62.5,64.5,,
1998-04-07,62.5,62.5,62.5,62.5,,
1998-04-08,62.5,62.5,62.5,62.5,,
1998-04-09,62.5,62.5,62.5,62.5,,
1998-04-14,62.5,62.5,62.5,62.5,,
1998-04-15,62.5,62.5,62.5,62.5,,
1998-04-16,62.5,62.5,62.5,62.5,,
1998-04-17,62.5,62.5,62.5,62.5,,
1998-04-20,62.5,62.5,62.5,62.5,,
1998-04-21,62.5,62.5,62.5,62.5,,
1998-04-22,62.5,61.5,62.5,62.5,,
1998-04-23,62.5,61.5,62.5,62.5,,
1998-04-24,62.5,59.5,59.5,62.5,,
1998-04-27,60.0,59.5,59.5,59.5,,
1998-04-28,60.5,59.5,59.5,60.5,,
1998-04-29,60.5,59.5,60.5,59.5,,
1998-04-30,70.5,65.5,70.5,65.5,,
1998-05-01,72.5,70.0,72.5,70.5,,
1998-05-05,72.5,71.0,72.5,72.5,,
1998-05-06,72.5,72.5,72.5,72.5,,
1998-05-07,75.5,74.0,75.5,75.5,,
1998-05-08,90.5,82.5,90.5,82.5,,
1998-05-11,92.5,90.0,92.5,90.5,,
1998-05-12,97.5,92.5,97.5,92.5,,
1998-05-13,97.5,95.5,97.5,95.5,,
1998-05-14,97.5,95.5,95.5,97.5,,
1998-05-15,97.5,95.5,97.5,95.5,,
1998-05-18,95.5,94.5,94.5,95.5,,
1998-05-19,95.0,92.5,92.5,94.5,,
1998-05-20,92.5,91.5,92.5,92.5,,
1998-05-21,92.5,90.5,92.5,90.5,,
1998-05-22,91.5,90.5,90.5,90.5,,
1998-05-26,91.5,90.5,90.5,90.5,,
1998-05-27,90.5,87.5,87.5,90.5,,
1998-05-28,89.5,87.5,87.5,89.5,,
1998-05-29,89.5,87.5,87.5,89.5,,
1998-06-01,87.5,87.5,87.5,87.5,,
1998-06-02,87.5,87.5,87.5,87.5,,10000.0
1998-06-03,87.5,87.5,87.5,87.5,,
1998-06-04,87.5,87.5,87.5,87.5,,
1998-06-05,87.5,87.5,87.5,87.5,,
1998-06-08,87.5,87.5,87.5,87.5,,
1998-06-09,87.5,87.5,87.5,87.5,,
1998-06-10,87.5,87.5,87.5,87.5,,
1998-06-11,87.5,87.5,87.5,87.5,,
1998-06-12,87.5,87.5,87.5,87.5,,
1998-06-15,87.5,85.5,85.5,87.5,,
1998-06-16,85.5,83.5,84.5,85.5,,
1998-06-17,84.5,83.5,84.5,84.5,,
1998-06-18,91.0,83.5,90.5,84.5,,
1998-06-19,100.5,89.5,100.5,89.5,,
1998-06-22,100.5,99.5,99.5,100.5,,27500.0
1998-06-23,100.0,95.5,95.5,99.5,,
1998-06-24,97.5,96.5,97.5,97.5,,
1998-06-25,96.5,95.5,95.5,95.5,,25000.0
1998-06-26,97.5,95.5,97.5,95.5,,
1998-06-29,97.5,95.5,95.5,97.5,,
1998-06-30,95.5,95.5,95.5,95.5,,
1998-07-01,95.5,95.5,95.5,95.5,,
1998-07-02,95.5,95.5,95.5,95.5,,
1998-07-03,95.5,95.5,95.5,95.5,,
1998-07-06,95.5,93.5,94.5,95.5,,
1998-07-07,95.5,93.5,94.5,95.5,,
1998-07-08,94.5,92.5,92.5,94.5,,
1998-07-09,94.5,90.5,90.5,94.5,,
1998-07-10,92.5,91.5,92.5,92.5,,
1998-07-13,92.5,90.5,91.5,92.5,,
1998-07-14,93.0,91.5,93.0,92.5,,
1998-07-15,93.5,92.5,93.0,92.5,,
1998-07-16,93.5,92.5,93.0,92.5,,
1998-07-17,93.0,92.5,93.0,92.5,,
1998-07-20,93.0,92.5,93.0,92.5,,
1998-07-21,93.0,92.5,93.0,92.5,,
1998-07-22,93.0,92.5,93.0,92.5,,
1998-07-23,93.5,90.5,92.0,93.5,,
1998-07-24,93.5,90.5,92.0,90.5,,
1998-07-27,92.5,90.5,91.0,90.5,,
1998-07-28,91.5,89.5,89.5,90.5,,5000.0
1998-07-29,89.5,89.5,89.5,89.5,,
1998-07-30,89.5,89.5,89.5,89.5,,
1998-07-31,89.5,89.5,89.5,89.5,,
1998-08-03,89.5,89.5,89.5,89.5,,
1998-08-04,89.5,89.5,89.5,89.5,,
1998-08-05,88.5,87.5,88.5,87.5,,
1998-08-06,88.5,87.5,88.5,87.5,,
1998-08-07,89.5,88.5,88.5,89.5,,
1998-08-10,89.5,87.5,88.5,89.5,,
1998-08-11,89.5,88.5,88.5,89.5,,
1998-08-12,89.5,88.5,88.5,89.5,,
1998-08-13,89.5,87.5,88.5,89.5,,
1998-08-14,88.5,87.5,88.5,87.5,,
1998-08-17,88.5,87.5,88.5,87.5,,
1998-08-18,88.5,87.5,87.5,87.5,,
1998-08-19,87.5,87.5,87.5,87.5,,
1998-08-20,87.5,87.5,87.5,87.5,,
1998-08-21,87.5,87.5,87.5,87.5,,20000.0
1998-08-24,87.5,87.5,87.5,87.5,,
1998-08-25,87.5,86.5,86.5,87.5,,
1998-08-26,87.5,85.5,86.5,87.5,,
1998-08-27,86.5,85.5,85.5,85.5,,
1998-08-28,85.5,85.5,85.5,85.5,,
1998-09-01,84.0,82.5,82.5,82.5,,
1998-09-02,84.5,83.5,83.5,84.5,,
1998-09-03,84.5,83.5,83.5,84.5,,
1998-09-04,84.5,83.5,83.5,84.5,,
1998-09-07,84.5,83.5,83.5,84.5,,
1998-09-08,84.5,83.5,83.5,84.5,,
1998-09-09,84.5,83.5,83.5,84.5,,
1998-09-10,84.5,83.5,83.5,84.5,,
1998-09-11,82.5,82.5,82.5,82.5,,
1998-09-14,82.5,82.5,82.5,82.5,,
1998-09-15,82.5,82.5,82.5,82.5,,
1998-09-16,82.5,82.5,82.5,82.5,,
1998-09-17,82.5,82.5,82.5,82.5,,
1998-09-18,82.5,80.5,80.5,82.5,,
1998-09-21,80.5,80.5,80.5,80.5,,
1998-09-22,80.5,80.5,80.5,80.5,,
1998-09-23,81.0,80.5,81.0,80.5,,
1998-09-24,87.5,84.5,87.0,87.5,,
1998-09-25,87.5,87.0,87.0,87.5,,
1998-09-28,87.5,87.0,87.0,87.5,,
1998-09-29,87.5,87.0,87.0,87.5,,
1998-09-30,87.5,87.0,87.0,87.5,,
1998-10-01,87.5,87.0,87.0,87.5,,
1998-10-02,87.5,87.0,87.0,87.5,,
1998-10-05,86.0,82.5,82.5,85.5,,
1998-10-06,82.5,82.5,82.5,82.5,,
1998-10-07,82.5,82.5,82.5,82.5,,
1998-10-08,82.5,82.5,82.5,82.5,,
1998-10-09,82.5,82.5,82.5,82.5,,
1998-10-12,82.5,82.5,82.5,82.5,,
1998-10-13,82.5,82.5,82.5,82.5,,
1998-10-14,82.5,82.5,82.5,82.5,,
1998-10-15,82.5,82.5,82.5,82.5,,
1998-10-16,82.5,82.5,82.5,82.5,,
1998-10-19,82.5,81.0,81.0,82.5,,
1998-10-20,82.5,81.0,81.0,82.5,,
1998-10-21,82.5,81.0,81.0,82.5,,
1998-10-22,82.5,81.0,81.0,82.5,,
1998-10-23,82.5,81.0,81.0,82.5,,
1998-10-26,82.5,81.0,81.0,82.5,,
1998-10-27,82.5,81.0,81.0,82.5,,
1998-10-28,82.5,80.0,80.0,82.5,,
1998-10-29,80.5,80.0,80.0,80.5,,
1998-10-30,80.5,80.0,80.0,80.5,,
1998-11-02,80.5,80.0,80.0,80.5,,
1998-11-03,80.5,80.0,80.0,80.5,,
1998-11-04,80.5,79.5,80.0,80.5,,
1998-11-05,80.5,80.0,80.0,80.5,,
1998-11-06,80.5,80.0,80.0,80.5,,
1998-11-09,80.5,80.0,80.0,80.5,,
1998-11-10,80.5,80.0,80.5,80.5,,
1998-11-11,80.5,80.5,80.5,80.5,,
1998-11-12,80.5,80.5,80.5,80.5,,
1998-11-13,80.5,80.0,80.0,80.5,,
1998-11-16,80.5,80.0,80.0,80.5,,
1998-11-17,80.5,79.0,79.0,80.5,,
1998-11-18,80.5,79.0,79.0,80.5,,
1998-11-19,80.5,77.5,79.0,80.5,,
1998-11-20,80.5,79.0,79.0,80.5,,
1998-11-23,80.5,79.0,79.0,80.5,,
1998-11-24,80.5,77.5,79.0,80.5,,
1998-11-25,79.0,77.5,79.0,77.5,,
1998-11-26,79.0,77.5,79.0,77.5,,
1998-11-27,79.0,77.5,77.5,77.5,,
1998-11-30,77.5,77.5,77.5,77.5,,
1998-12-01,77.5,77.5,77.5,77.5,,
1998-12-02,77.5,77.5,77.5,77.5,,
1998-12-03,77.5,76.5,76.5,77.5,,
1998-12-04,77.5,76.5,76.5,77.5,,
1998-12-07,77.5,76.5,76.5,77.5,,
1998-12-08,77.5,76.5,76.5,77.5,,
1998-12-09,77.5,76.5,76.5,77.5,,
1998-12-10,77.5,75.5,76.5,77.5,,
1998-12-11,77.5,76.5,76.5,77.5,,
1998-12-14,77.5,76.5,76.5,77.5,,
1998-12-15,77.5,75.5,76.5,77.5,,
1998-12-16,77.5,76.5,76.5,77.5,,
1998-12-17,77.5,76.5,76.5,77.5,,
1998-12-18,77.5,76.5,76.5,77.5,,
1998-12-21,77.5,76.5,76.5,77.5,,
1998-12-22,77.5,72.5,74.0,77.5,,
1998-12-23,74.0,72.5,74.0,72.5,,
1998-12-24,74.0,72.5,74.0,72.5,,
1998-12-29,75.5,72.5,72.5,75.5,,
1998-12-30,72.5,72.5,72.5,72.5,,
1999-01-04,72.5,72.5,72.5,72.5,,
1999-01-05,72.5,72.5,72.5,72.5,,
1999-01-06,72.5,72.5,72.5,72.5,,
1999-01-07,72.5,72.5,72.5,72.5,,
1999-01-08,72.5,72.5,72.5,72.5,,
1999-01-11,72.5,72.5,72.5,72.5,,
1999-01-12,72.5,71.5,71.5,72.5,,
1999-01-13,72.5,71.5,71.5,72.5,,
1999-01-14,72.5,70.5,71.5,72.5,,
1999-01-15,72.5,71.5,71.5,72.5,,
1999-01-18,72.5,70.5,70.5,72.5,,
1999-01-19,70.5,69.5,69.5,70.5,,
1999-01-20,69.5,69.5,69.5,69.5,,
1999-01-21,69.5,69.5,69.5,69.5,,
1999-01-22,69.5,69.5,69.5,69.5,,
1999-01-25,69.5,69.5,69.5,69.5,,
1999-01-26,69.5,69.5,69.5,69.5,,
1999-01-27,69.5,69.5,69.5,69.5,,
1999-01-28,69.5,69.5,69.5,69.5,,
1999-01-29,69.5,69.5,69.5,69.5,,
1999-02-01,69.5,69.5,69.5,69.5,,
1999-02-02,69.5,68.5,69.0,69.5,,
1999-02-03,69.0,68.5,69.0,68.5,,
1999-02-04,69.0,68.5,69.0,68.5,,
1999-02-05,69.0,65.5,65.5,68.5,,
1999-02-08,65.5,65.5,65.5,65.5,,
1999-02-09,65.5,65.5,65.5,65.5,,
1999-02-10,65.5,65.5,65.5,65.5,,18000.0
1999-02-11,65.5,65.5,65.5,65.5,,
1999-02-12,65.5,65.5,65.5,65.5,,
1999-02-15,65.5,65.0,65.0,65.5,,
1999-02-16,64.5,64.5,64.5,64.5,,
1999-02-17,64.5,64.5,64.5,64.5,,
1999-02-18,64.5,64.5,64.5,64.5,,
1999-02-19,64.5,64.5,64.5,64.5,,
1999-02-22,64.5,64.5,64.5,64.5,,
1999-02-23,64.5,64.5,64.5,64.5,,
1999-02-24,64.5,64.5,64.5,64.5,,
1999-02-25,64.5,64.5,64.5,64.5,,
1999-02-26,64.5,64.5,64.5,64.5,,
1999-03-01,64.5,64.5,64.5,64.5,,
1999-03-02,66.5,65.0,66.5,65.5,,
1999-03-03,70.5,67.5,70.0,67.5,,
1999-03-04,70.5,70.0,70.0,70.5,,
1999-03-05,70.5,70.0,70.5,70.5,,
1999-03-08,70.5,70.5,70.5,70.5,,
1999-03-09,70.5,70.5,70.5,70.5,,
1999-03-10,70.5,70.5,70.5,70.5,,
1999-03-11,70.5,70.5,70.5,70.5,,
1999-03-12,70.5,70.5,70.5,70.5,,
1999-03-15,70.5,69.0,69.0,70.5,,
1999-03-16,70.5,69.0,69.0,70.5,,
1999-03-17,70.5,69.0,69.0,70.5,,
1999-03-18,70.5,69.0,69.0,70.5,,
1999-03-19,70.5,69.0,69.0,70.5,,
1999-03-22,70.5,67.5,67.5,70.5,,
1999-03-23,67.5,67.5,67.5,67.5,,
1999-03-24,67.5,65.5,66.5,67.5,,
1999-03-25,66.5,65.5,66.5,65.5,,
1999-03-26,66.5,65.5,66.5,65.5,,
1999-03-29,66.5,65.0,65.0,65.5,,
1999-03-30,65.0,63.5,63.5,64.5,,
1999-03-31,64.5,63.5,63.5,64.5,,
1999-04-01,64.5,63.5,63.5,64.5,,
1999-04-06,64.5,63.5,64.5,64.5,,
1999-04-07,64.5,64.5,64.5,64.5,,
1999-04-08,64.5,64.5,64.5,64.5,,
1999-04-09,65.0,64.5,65.0,64.5,,
1999-04-12,67.5,64.5,67.5,64.5,,
1999-04-13,67.5,67.5,67.5,67.5,,
1999-04-14,67.5,67.5,67.5,67.5,,
1999-04-15,67.5,67.5,67.5,67.5,,
1999-04-16,72.5,67.5,72.5,67.5,,
1999-04-19,72.5,72.5,72.5,72.5,,
1999-04-20,72.5,72.5,72.5,72.5,,
1999-04-21,72.5,72.5,72.5,72.5,,
1999-04-22,74.5,72.5,73.5,72.5,,
1999-04-23,77.5,73.5,77.5,74.5,,
1999-04-26,87.5,85.5,87.5,85.5,,
1999-04-27,87.5,85.5,86.5,87.5,,
1999-04-28,87.5,85.5,86.5,87.5,,
1999-04-29,87.5,85.5,87.5,85.5,,
1999-04-30,87.5,87.5,87.5,87.5,,
1999-05-04,87.5,85.0,85.0,87.5,,
1999-05-05,85.5,85.0,85.0,85.5,,
1999-05-06,85.5,84.5,84.5,85.5,,
1999-05-07,86.5,84.5,84.5,84.5,,
1999-05-10,82.5,82.5,82.5,82.5,,
1999-05-11,82.5,82.5,82.5,82.5,,
1999-05-12,84.5,82.5,84.5,82.5,,
1999-05-13,84.5,84.5,84.5,84.5,,
1999-05-14,85.5,85.0,85.0,85.5,,
1999-05-17,85.5,84.5,84.5,85.5,,
1999-05-18,84.5,80.5,80.5,84.5,,
1999-05-19,80.5,77.5,78.0,80.5,,
1999-05-20,79.0,77.5,79.0,77.5,,
1999-05-21,79.5,79.0,79.0,79.5,,
1999-05-24,79.5,79.0,79.0,79.5,,
1999-05-25,79.5,79.0,79.0,79.5,,
1999-05-26,79.5,77.5,78.0,79.5,,
1999-05-27,78.0,77.5,78.0,77.5,,
1999-05-28,78.0,77.5,78.0,77.5,,
1999-06-01,78.0,77.5,77.5,77.5,,
1999-06-02,77.5,77.5,77.5,77.5,,
1999-06-03,77.5,77.5,77.5,77.5,,
1999-06-04,77.5,75.5,76.5,77.5,,
1999-06-07,76.5,75.5,76.5,75.5,,
1999-06-08,77.5,75.5,77.5,75.5,,
1999-06-09,77.5,77.5,77.5,77.5,,
1999-06-10,77.5,75.5,76.5,77.5,,
1999-06-11,77.5,75.5,77.5,75.5,,
1999-06-14,79.5,77.5,78.5,77.5,,
1999-06-15,79.5,78.5,78.5,79.5,,
1999-06-16,79.5,78.5,78.5,79.5,,
1999-06-17,79.5,78.5,78.5,79.5,,
1999-06-18,79.5,78.5,78.5,79.5,,
1999-06-21,79.5,78.5,78.5,79.5,,
1999-06-22,79.5,77.5,77.5,79.5,,
1999-06-23,77.5,77.5,77.5,77.5,,
1999-06-24,77.5,77.5,77.5,77.5,,
1999-06-25,77.5,77.5,77.5,77.5,,
1999-06-28,77.5,76.5,76.5,77.5,,
1999-06-29,77.5,76.5,76.5,77.5,,
1999-06-30,77.5,76.5,76.5,77.5,,
1999-07-01,77.5,75.5,76.5,77.5,,
1999-07-02,77.5,75.5,76.5,77.5,,
1999-07-05,77.5,76.5,77.5,77.5,,
1999-07-06,77.5,77.5,77.5,77.5,,
1999-07-07,77.5,77.5,77.5,77.5,,
1999-07-08,78.5,77.5,78.5,77.5,,
1999-07-09,84.5,78.5,83.5,79.5,,
1999-07-12,87.5,83.5,86.5,84.5,,
1999-07-13,87.5,86.5,86.5,87.5,,
1999-07-14,87.5,86.5,86.5,87.5,,
1999-07-15,87.5,85.5,86.5,87.5,,
1999-07-16,87.5,85.5,86.5,87.5,,
1999-07-19,87.5,86.5,86.5,87.5,,
1999-07-20,87.5,84.5,85.0,87.5,,
1999-07-21,85.0,84.5,85.0,84.5,,
1999-07-22,85.0,84.5,85.0,84.5,,
1999-07-23,94.5,92.5,93.5,92.5,,
1999-07-26,93.5,89.5,91.0,92.5,,
1999-07-27,91.0,86.5,86.5,89.5,,
1999-07-28,87.5,86.5,86.5,87.5,,
1999-07-29,87.5,86.5,86.5,87.5,,
1999-07-30,87.5,86.5,86.5,87.5,,
1999-08-02,95.5,85.5,92.5,85.5,,
1999-08-03,95.5,92.5,95.5,92.5,,
1999-08-04,95.5,95.5,95.5,95.5,,
1999-08-05,95.5,94.5,95.0,95.5,,
1999-08-06,97.5,94.5,97.5,94.5,,
1999-08-09,99.5,97.5,99.5,97.5,,
1999-08-10,99.5,95.5,95.5,99.5,,
1999-08-11,95.5,92.5,92.5,95.5,,
1999-08-12,95.5,92.5,95.0,92.5,,
1999-08-13,95.5,95.0,95.0,95.5,,
1999-08-16,97.5,95.0,97.5,95.5,,
1999-08-17,97.5,97.5,97.5,97.5,,
1999-08-18,100.5,98.5,100.5,99.5,,
1999-08-19,108.5,100.5,108.5,100.5,,
1999-08-20,109.5,105.5,105.5,109.5,,
1999-08-23,105.5,105.0,105.5,105.5,,
1999-08-24,105.5,104.5,105.0,105.5,,
1999-08-25,105.0,104.5,105.0,104.5,,
1999-08-26,105.0,104.5,105.0,104.5,,
1999-08-27,105.0,104.5,105.0,104.5,,
1999-08-31,105.0,104.5,105.0,104.5,,
1999-09-01,105.0,104.5,105.0,104.5,,
1999-09-02,105.0,99.5,100.0,104.5,,
1999-09-03,100.0,99.5,100.0,99.5,,
1999-09-06,104.5,99.5,102.5,99.5,,
1999-09-07,105.5,102.5,105.0,104.5,,
1999-09-08,107.5,105.0,105.0,107.5,,
1999-09-09,105.5,105.0,105.0,105.5,,
1999-09-10,105.5,105.0,105.0,105.5,,
1999-09-13,105.5,105.0,105.0,105.5,,
1999-09-14,105.5,103.5,103.5,105.5,,
1999-09-15,104.5,103.5,103.5,104.5,,
1999-09-16,104.5,100.5,100.5,104.5,,
1999-09-17,100.5,100.5,100.5,100.5,,
1999-09-20,100.5,100.0,100.0,100.5,,
1999-09-21,,,100.0,,,
1999-09-22,102.0,100.0,100.0,100.5,,
1999-09-23,100.5,100.0,100.0,100.5,,
1999-09-24,100.5,100.0,100.0,100.5,,
1999-09-27,100.0,99.5,99.5,99.5,,
1999-09-28,99.5,99.5,99.5,99.5,,
1999-09-29,114.5,104.5,113.5,104.5,,
1999-09-30,114.5,108.5,108.5,114.5,,
1999-10-01,109.5,107.5,107.5,109.5,,
1999-10-04,107.5,107.5,107.5,107.5,,
1999-10-05,107.5,106.5,106.5,107.5,,
1999-10-06,106.5,105.5,106.5,105.5,,
1999-10-07,107.5,105.5,106.5,107.5,,
1999-10-08,107.5,105.5,106.5,105.5,,
1999-10-11,105.5,104.5,105.0,105.5,,
1999-10-12,131.5,104.5,113.5,104.5,,
1999-10-13,114.5,112.5,113.5,112.5,,
1999-10-14,114.5,112.5,113.5,114.5,,
1999-10-15,114.5,105.5,105.5,114.5,,
1999-10-18,105.5,102.5,102.5,105.5,,
1999-10-19,111.5,102.5,109.5,102.5,,
1999-10-20,110.5,109.5,110.0,109.5,,
1999-10-21,110.5,105.5,106.5,110.5,,
1999-10-22,107.5,105.5,107.5,105.5,,
1999-10-25,108.5,107.5,107.5,107.5,,
1999-10-26,107.5,107.5,107.5,107.5,,
1999-10-27,107.5,107.5,107.5,107.5,,
1999-10-28,107.5,107.5,107.5,107.5,,
1999-10-29,107.5,107.5,107.5,107.5,,
1999-11-01,107.5,106.5,106.5,107.5,,
1999-11-02,107.5,106.5,106.5,107.5,,
1999-11-03,107.5,105.5,105.5,107.5,,
1999-11-04,105.5,105.5,105.5,105.5,,
1999-11-05,105.5,105.5,105.5,105.5,,
1999-11-08,109.5,105.5,109.5,105.5,,
1999-11-09,111.5,109.5,111.5,109.5,,
1999-11-10,112.5,111.5,112.5,112.5,,
1999-11-11,112.5,112.5,112.5,112.5,,
1999-11-12,112.5,112.5,112.5,112.5,,
1999-11-15,112.5,112.5,112.5,112.5,,
1999-11-16,112.5,112.5,112.5,112.5,,
1999-11-17,112.5,112.5,112.5,112.5,,
1999-11-18,112.5,112.5,112.5,112.5,,
1999-11-19,112.5,112.5,112.5,112.5,,
1999-11-22,112.5,112.5,112.5,112.5,,
1999-11-23,112.5,112.5,112.5,112.5,,
1999-11-24,112.5,112.5,112.5,112.5,,
1999-11-25,112.5,112.5,112.5,112.5,,
1999-11-26,113.5,112.5,113.5,112.5,,
1999-11-29,114.5,112.5,113.5,114.5,,
1999-11-30,114.5,112.5,112.5,114.5,,
1999-12-01,112.5,112.5,112.5,112.5,,
1999-12-02,112.5,110.5,111.5,112.5,,
1999-12-03,111.5,110.5,111.5,110.5,,
1999-12-06,112.5,108.5,108.5,112.5,,
1999-12-07,109.5,104.5,105.0,109.5,,
1999-12-08,105.5,103.5,103.5,105.5,,
1999-12-09,104.5,100.0,100.0,104.5,,
1999-12-10,99.5,97.5,97.5,99.5,,
1999-12-13,97.5,97.5,97.5,97.5,,
1999-12-14,99.5,97.5,99.5,97.5,,
1999-12-15,102.5,99.5,101.5,99.5,,
1999-12-16,102.5,100.5,101.5,100.5,,
1999-12-17,102.5,100.5,101.5,102.5,,
1999-12-20,103.5,100.5,103.5,100.5,,
1999-12-21,104.5,102.5,104.5,102.5,,
1999-12-22,105.5,104.5,105.0,104.5,,
1999-12-23,105.5,105.0,105.5,105.5,,
1999-12-24,105.5,105.5,105.5,105.5,,
1999-12-29,106.5,105.5,106.5,105.5,,
1999-12-30,107.5,105.5,106.5,107.5,,
2000-01-04,107.5,105.5,106.5,107.5,,
2000-01-05,109.5,106.5,108.5,107.5,,
2000-01-06,109.5,108.5,109.5,109.5,,
2000-01-07,109.5,109.5,109.5,109.5,,
2000-01-10,109.5,109.5,109.5,109.5,,
2000-01-11,109.5,109.5,109.5,109.5,,
2000-01-12,109.5,109.5,109.5,109.5,,
2000-01-13,109.5,109.5,109.5,109.5,,
2000-01-14,109.5,109.5,109.5,109.5,,
2000-01-17,109.5,109.5,109.5,109.5,,
2000-01-18,111.5,109.5,110.5,109.5,,
2000-01-19,112.5,110.5,111.5,110.5,,
2000-01-20,111.5,110.5,111.5,110.5,,
2000-01-21,122.5,110.5,119.5,110.5,,
2000-01-24,121.0,117.5,117.5,119.5,,
2000-01-25,117.5,117.5,117.5,117.5,,
2000-01-26,117.5,117.5,117.5,117.5,,
2000-01-27,117.5,117.5,117.5,117.5,,
2000-01-28,117.5,115.0,115.0,117.5,,
2000-01-31,115.5,112.5,112.5,115.5,,
2000-02-01,112.5,112.5,112.5,112.5,,
2000-02-02,112.5,112.5,112.5,112.5,,
2000-02-03,112.5,112.5,112.5,112.5,,
2000-02-04,112.5,110.5,110.5,112.5,,
2000-02-07,110.5,110.5,110.5,110.5,,
2000-02-08,110.5,104.5,104.5,110.5,,
2000-02-09,104.5,102.5,102.5,104.5,,
2000-02-10,102.5,99.5,100.0,102.5,,
2000-02-11,100.5,94.5,94.5,100.5,,
2000-02-14,94.5,94.5,94.5,94.5,,
2000-02-15,97.5,94.5,97.5,94.5,,
2000-02-16,104.5,97.5,104.5,97.5,,
2000-02-17,104.5,104.5,104.5,104.5,,
2000-02-18,106.0,104.5,104.5,104.5,,
2000-02-21,104.5,104.5,104.5,104.5,,
2000-02-22,106.0,104.5,106.0,104.5,,
2000-02-23,106.0,104.5,105.5,104.5,,
2000-02-24,105.5,104.5,105.0,104.5,,
2000-02-25,105.0,104.5,105.0,104.5,,
2000-02-28,105.0,104.5,105.0,104.5,,
2000-02-29,105.0,104.5,105.0,104.5,,
2000-03-01,105.0,104.5,105.0,104.5,,
2000-03-02,105.0,104.5,105.0,104.5,,
2000-03-03,105.5,104.5,105.0,105.5,,
2000-03-06,105.0,104.5,105.0,104.5,,
2000-03-07,105.0,104.5,105.0,104.5,,
2000-03-08,105.0,104.5,105.0,104.5,,
2000-03-09,105.0,104.5,105.0,104.5,,
2000-03-10,105.0,102.5,104.0,104.5,,
2000-03-13,104.0,102.5,104.0,102.5,,
2000-03-14,104.0,102.5,104.0,102.5,,
2000-03-15,104.0,102.5,104.0,102.5,,
2000-03-16,104.0,102.5,102.5,102.5,,
2000-03-17,102.5,102.5,102.5,102.5,,
2000-03-20,102.5,102.5,102.5,102.5,,
2000-03-21,102.5,102.5,102.5,102.5,,
2000-03-22,102.5,102.5,102.5,102.5,,
2000-03-23,102.5,99.5,99.5,102.5,,
2000-03-24,99.5,99.5,99.5,99.5,,
2000-03-27,99.5,99.5,99.5,99.5,,
2000-03-28,99.5,99.5,99.5,99.5,,
2000-03-29,99.5,99.5,99.5,99.5,,
2000-03-30,99.5,97.5,97.5,99.5,,
2000-03-31,98.5,95.5,96.5,97.5,,
2000-04-03,97.5,95.5,96.5,97.5,,
2000-04-04,97.5,95.0,95.0,97.5,,
2000-04-05,95.5,95.5,95.5,95.5,,
2000-04-06,95.5,95.5,95.5,95.5,,
2000-04-07,95.5,92.5,92.5,95.5,,
2000-04-10,94.5,92.5,94.5,92.5,,
2000-04-11,94.5,94.5,94.5,94.5,,
2000-04-12,94.5,94.5,94.5,94.5,,
2000-04-13,93.5,92.5,93.5,92.5,,
2000-04-14,93.5,92.5,93.5,92.5,,
2000-04-17,92.5,89.5,89.5,90.5,,
2000-04-18,90.0,89.5,90.0,89.5,,
2000-04-19,99.5,89.5,99.5,89.5,,
2000-04-20,99.5,97.5,98.5,99.5,,
2000-04-25,98.5,96.5,96.5,97.5,,9020.0
2000-04-26,100.5,96.5,100.0,97.5,,35306.0
2000-04-27,106.5,102.0,105.5,104.5,,35955.0
2000-04-28,105.5,105.5,105.5,105.5,,6397.0
2000-05-02,105.5,105.5,105.5,105.5,,925.0
2000-05-03,105.5,102.5,102.5,105.5,,14997.0
2000-05-04,102.5,102.5,102.5,102.5,,1000.0
2000-05-05,102.5,102.5,102.5,102.5,,6285.0
2000-05-08,102.5,91.5,98.5,102.5,,66030.0
2000-05-09,100.5,97.5,100.0,97.5,,71341.0
2000-05-10,100.5,97.5,97.5,100.5,,5741.0
2000-05-11,97.5,97.5,97.5,97.5,,35215.0
2000-05-12,97.5,97.5,97.5,97.5,,11555.0
2000-05-15,96.0,94.5,95.0,94.5,,2223.0
2000-05-16,95.5,94.5,95.0,95.5,,660.0
2000-05-17,95.0,94.5,95.0,94.5,,9100.0
2000-05-18,95.5,93.5,94.5,95.5,,8824.0
2000-05-19,94.5,94.5,94.5,94.5,,4986.0
2000-05-22,94.5,92.5,92.5,94.5,,4867.0
2000-05-23,92.5,89.5,89.5,92.5,,3925.0
2000-05-24,92.5,85.5,92.5,89.5,,31874.0
2000-05-25,94.5,92.5,93.5,92.5,,4635.0
2000-05-26,94.5,93.5,93.5,94.5,,25128.0
2000-05-30,94.5,93.5,93.5,94.5,,5700.0
2000-05-31,94.5,93.5,93.5,94.5,,1028.0
2000-06-01,94.5,93.5,93.5,94.5,,13642.0
2000-06-02,92.5,92.5,92.5,92.5,,7267.0
2000-06-05,90.0,90.0,92.5,90.0,,10665.0
2000-06-06,95.0,90.0,95.0,90.0,,12738.0
2000-06-07,,,95.0,,,
2000-06-08,99.5,93.0,95.5,93.0,,14350.0
2000-06-09,98.0,93.0,95.5,95.0,,10965.0
2000-06-12,98.0,93.0,95.5,93.0,,7742.0
2000-06-13,93.0,93.0,95.5,93.0,,1937.0
2000-06-14,93.0,93.0,96.5,93.0,,6692.0
2000-06-15,100.0,96.0,98.0,100.0,,18550.0
2000-06-16,99.0,96.0,98.0,96.0,,100000.0
2000-06-19,100.0,96.0,98.0,96.0,,1684.0
2000-06-20,99.5,98.0,98.0,98.0,,75000.0
2000-06-21,99.0,96.0,99.5,96.0,,11656.0
2000-06-22,98.0,98.0,99.5,98.0,,2907.0
2000-06-23,101.0,101.0,99.5,101.0,,1000.0
2000-06-26,98.0,98.0,99.5,98.0,,137.0
2000-06-27,99.0,98.0,99.5,98.0,,52000.0
2000-06-28,98.0,98.0,99.5,98.0,,446.0
2000-06-29,101.0,97.0,99.0,97.0,,1512.0
2000-06-30,97.0,97.0,99.0,97.0,,6739.0
2000-07-03,101.0,97.0,99.0,97.5,,5700.0
2000-07-04,97.5,97.0,99.0,97.0,,2287.0
2000-07-05,98.0,96.0,95.5,98.0,,7015.0
2000-07-06,93.0,93.0,95.5,93.0,,3500.0
2000-07-07,98.0,93.5,96.5,93.5,,3900.0
2000-07-10,98.0,98.0,96.5,98.0,,4390.0
2000-07-11,,,96.5,,,
2000-07-12,98.0,95.0,96.5,97.0,,9772.0
2000-07-13,,,96.5,,,
2000-07-14,95.0,95.0,96.5,95.0,,3538.0
2000-07-17,100.0,95.5,97.5,98.0,,12851.0
2000-07-18,100.0,99.5,98.5,99.5,,2000.0
2000-07-19,100.0,95.0,97.5,100.0,,10108.0
2000-07-20,100.0,100.0,99.0,100.0,,32000.0
2000-07-21,102.0,98.0,99.5,98.0,,35134.0
2000-07-24,101.0,98.0,101.0,101.0,,11621.0
2000-07-25,103.0,103.0,101.0,103.0,,2000.0
2000-07-26,,,101.0,,,
2000-07-27,,,101.0,,,
2000-07-28,100.0,99.0,101.0,99.0,,3679.0
2000-07-31,103.0,103.0,101.0,103.0,,4854.0
2000-08-01,102.0,98.5,101.0,99.0,,7869.0
2000-08-02,,,101.0,,,
2000-08-03,103.0,103.0,101.0,103.0,,6375.0
2000-08-04,103.0,99.0,101.0,103.0,,3916.0
2000-08-07,103.0,99.0,101.0,99.0,,5531.0
2000-08-08,103.0,103.0,101.0,103.0,,5000.0
2000-08-09,99.0,99.0,101.0,99.0,,2752.0
2000-08-10,99.0,99.0,101.0,99.0,,2500.0
2000-08-11,,,101.0,,,
2000-08-14,103.0,99.0,101.0,103.0,,11021.0
2000-08-15,99.0,99.0,101.0,99.0,,1790.0
2000-08-16,103.0,101.0,101.0,103.0,,53000.0
2000-08-17,99.0,99.0,101.0,99.0,,6000.0
2000-08-18,,,101.0,,,
2000-08-21,99.0,99.0,101.0,99.0,,2639.0
2000-08-22,103.0,99.0,101.0,99.0,,5420.0
2000-08-23,103.0,99.0,101.0,99.0,,6600.0
2000-08-24,98.0,98.0,100.5,98.0,,15000.0
2000-08-25,102.0,98.0,100.5,99.0,,11700.0
2000-08-29,102.0,99.0,101.0,102.0,,13950.0
2000-08-30,99.0,99.0,101.0,99.0,,2500.0
2000-08-31,102.0,99.0,101.0,99.0,,7000.0
2000-09-01,99.0,99.0,101.0,99.0,,1695.0
2000-09-04,99.0,97.0,98.5,97.0,,20102.0
2000-09-05,97.0,97.0,98.5,97.0,,2715.0
2000-09-06,97.0,94.0,97.5,97.0,,13568.0
2000-09-07,98.0,98.0,98.5,98.0,,10000.0
2000-09-08,100.0,96.0,97.5,100.0,,15600.0
2000-09-11,99.5,95.0,97.5,95.0,,4368.0
2000-09-12,95.5,95.0,97.5,95.0,,7018.0
2000-09-13,95.5,93.0,97.5,95.5,,4933.0
2000-09-14,100.0,99.0,98.5,99.0,,2465.0
2000-09-15,103.0,100.0,100.5,103.0,,37061.0
2000-09-18,105.0,98.5,102.5,102.5,,80857.0
2000-09-19,107.5,104.5,106.5,104.5,,16000.0
2000-09-20,112.0,105.0,109.5,108.0,,22918.0
2000-09-21,111.5,107.0,107.5,107.5,,14441.0
2000-09-22,107.5,105.0,106.5,105.0,,8162.0
2000-09-25,108.0,102.0,106.5,105.0,,24960.0
2000-09-26,111.0,108.0,110.0,110.0,,19200.0
2000-09-27,108.0,108.0,110.0,108.0,,500.0
2000-09-28,112.0,108.0,110.0,108.0,,9720.0
2000-09-29,108.0,108.0,110.0,108.0,,1632.0
2000-10-02,107.0,106.0,108.0,107.0,,1438.0
2000-10-03,,,108.0,,,
2000-10-04,110.0,110.0,108.0,110.0,,5000.0
2000-10-05,106.0,106.0,108.0,106.0,,2835.0
2000-10-06,106.0,105.0,108.0,105.0,,4650.0
2000-10-09,110.0,106.0,108.0,106.0,,950.0
2000-10-10,106.0,106.0,106.5,106.0,,2900.0
2000-10-11,106.0,105.0,106.0,106.0,,3800.0
2000-10-12,105.0,105.0,106.0,105.0,,2948.0
2000-10-13,104.0,102.0,105.5,102.0,,2185.0
2000-10-16,107.0,104.0,105.5,107.0,,3428.0
2000-10-17,107.0,104.0,105.5,104.0,,2328.0
2000-10-18,107.0,107.0,105.5,107.0,,193.0
2000-10-19,107.0,104.0,105.5,107.0,,6649.0
2000-10-20,,,105.5,,,
2000-10-23,108.0,107.0,106.0,107.0,,13409.0
2000-10-24,108.0,104.0,106.0,104.0,,3900.0
2000-10-25,107.0,104.0,106.0,104.0,,9031.0
2000-10-26,108.0,104.0,106.5,104.0,,10175.0
2000-10-27,109.0,104.5,106.5,109.0,,1434.0
2000-10-30,105.0,102.0,105.0,104.5,,24758.0
2000-10-31,108.0,107.0,105.0,107.0,,13833.0
2000-11-01,107.0,107.0,105.0,107.0,,1000.0
2000-11-02,107.0,103.0,105.0,103.0,,7842.0
2000-11-03,107.0,105.0,105.0,107.0,,45000.0
2000-11-06,107.0,107.0,105.0,107.0,,3200.0
2000-11-07,,,105.0,,,
2000-11-08,103.0,103.0,105.0,103.0,,3000.0
2000-11-09,103.0,103.0,105.0,103.0,,1000.0
2000-11-10,103.0,103.0,104.0,103.0,,6000.0
2000-11-13,105.0,103.0,102.5,103.0,,2078.0
2000-11-14,104.0,101.0,102.5,104.0,,2417.0
2000-11-15,101.0,100.0,102.0,101.0,,9900.0
2000-11-16,100.0,100.0,102.0,100.0,,3000.0
2000-11-17,100.0,100.0,102.0,100.0,,1972.0
2000-11-20,104.0,100.0,102.0,100.0,,161886.0
2000-11-21,104.0,100.0,102.0,100.0,,5300.0
2000-11-22,,,102.0,,,
2000-11-23,104.0,103.5,102.0,104.0,,6980.0
2000-11-24,100.0,100.0,102.0,100.0,,500.0
2000-11-27,105.0,101.0,103.0,105.0,,84000.0
2000-11-28,,,103.0,,,
2000-11-29,104.0,101.0,103.0,101.0,,22000.0
2000-11-30,104.0,100.0,103.0,101.0,,17166.0
2000-12-01,105.0,101.0,104.0,101.0,,8800.0
2000-12-04,106.0,102.0,104.0,106.0,,2528.0
2000-12-05,106.0,106.0,104.0,106.0,,1500.0
2000-12-06,106.0,103.0,104.0,106.0,,10700.0
2000-12-07,,,104.0,,,
2000-12-08,101.0,101.0,101.5,101.0,,15000.0
2000-12-11,99.0,98.0,98.5,99.0,,10500.0
2000-12-12,102.0,100.0,102.5,100.0,,24300.0
2000-12-13,100.0,100.0,102.5,100.0,,1285.0
2000-12-14,105.0,105.0,102.5,105.0,,2200.0
2000-12-15,100.0,100.0,102.5,100.0,,550.0
2000-12-18,,,102.5,,,
2000-12-19,,,102.5,,,
2000-12-20,104.0,104.0,102.5,104.0,,1876.0
2000-12-21,103.0,100.0,101.5,100.0,,1487.0
2000-12-22,103.0,103.0,101.5,103.0,,3000.0
2000-12-27,108.0,101.0,106.5,103.0,,27074.0
2000-12-28,112.0,108.0,111.0,108.0,,10380.0
2000-12-29,112.0,110.0,109.5,112.0,,7308.0
2001-01-02,116.0,110.0,115.0,113.0,,52386.0
2001-01-03,115.0,113.0,113.5,113.0,,3014.0
2001-01-04,115.0,112.0,113.5,115.0,,4400.0
2001-01-05,115.0,112.0,113.5,115.0,,2423.0
2001-01-08,112.0,112.0,111.5,112.0,,4364.0
2001-01-09,110.0,110.0,111.5,110.0,,1800.0
2001-01-10,110.0,110.0,111.5,110.0,,3759.0
2001-01-11,113.0,112.6,111.5,113.0,,2935.0
2001-01-12,113.0,110.0,111.5,113.0,,9364.0
2001-01-15,113.0,110.0,111.5,113.0,,2680.0
2001-01-16,113.0,110.0,112.5,110.0,,6032.0
2001-01-17,113.0,110.0,110.5,113.0,,20865.0
2001-01-18,108.0,108.0,109.0,108.0,,7971.0
2001-01-19,107.0,107.0,108.5,107.0,,2748.0
2001-01-22,,,108.5,,,
2001-01-23,110.0,110.0,108.5,110.0,,3947.0
2001-01-24,107.0,107.0,108.5,107.0,,2000.0
2001-01-25,112.0,107.3,110.0,107.3,,67000.0
2001-01-26,112.4,112.0,110.5,112.0,,11000.0
2001-01-29,113.0,113.0,110.5,113.0,,1500.0
2001-01-30,112.0,108.0,111.5,108.0,,16519.0
2001-01-31,118.0,110.0,117.5,113.0,,47892.0
2001-02-01,116.0,115.0,117.5,115.0,,2774.0
2001-02-02,115.0,115.0,117.5,115.0,,256.0
2001-02-05,115.0,112.0,116.5,115.0,,15314.0
2001-02-06,118.0,114.0,116.5,115.0,,6190.0
2001-02-07,115.0,115.0,116.5,115.0,,7073.0
2001-02-08,115.0,112.0,115.0,115.0,,6200.0
2001-02-09,114.0,108.0,112.5,113.0,,17252.0
2001-02-12,,,112.5,,,
2001-02-13,115.0,115.0,112.5,115.0,,600.0
2001-02-14,114.0,114.0,112.5,114.0,,11400.0
2001-02-15,110.0,110.0,112.5,110.0,,100.0
2001-02-16,111.0,110.0,112.5,111.0,,1800.0
2001-02-19,115.0,110.6,112.5,110.6,,3943.0
2001-02-20,110.0,110.0,110.5,110.0,,5000.0
2001-02-21,,,110.5,,,
2001-02-22,108.0,108.0,110.5,108.0,,1000.0
2001-02-23,113.0,113.0,110.5,113.0,,600.0
2001-02-26,112.5,110.0,110.5,112.5,,333.0
2001-02-27,,,110.5,,,
2001-02-28,112.5,108.0,110.5,108.0,,3848.0
2001-03-01,,,110.5,,,
2001-03-02,,,110.5,,,
2001-03-05,113.0,109.0,110.5,109.0,,5879.0
2001-03-06,113.0,108.5,112.5,108.5,,10584.0
2001-03-07,116.0,115.0,113.5,115.0,,8923.0
2001-03-08,112.0,112.0,110.5,112.0,,1000.0
2001-03-09,112.0,111.0,109.5,111.0,,20000.0
2001-03-12,107.5,107.0,109.5,107.0,,5667.0
2001-03-13,105.0,103.0,103.5,105.0,,4877.0
2001-03-14,105.0,103.0,104.0,103.125,,36083.0
2001-03-15,104.5,102.0,103.5,104.5,,1411.0
2001-03-16,102.0,102.0,103.5,102.0,,2000.0
2001-03-19,105.0,102.0,103.5,105.0,,123825.0
2001-03-20,,,103.5,,,
2001-03-21,102.0,102.0,103.5,102.0,,1200.0
2001-03-22,107.0,107.0,104.5,107.0,,2000.0
2001-03-23,105.0,102.5,103.5,102.5,,5793.0
2001-03-26,105.0,102.0,103.5,102.0,,2199.0
2001-03-27,105.0,105.0,104.5,105.0,,3150.0
2001-03-28,106.5,106.5,104.5,106.5,,1000.0
2001-03-29,102.6,102.6,104.5,102.6,,1951.0
2001-03-30,,,104.5,,,
2001-04-02,102.6,102.6,103.5,102.6,,4000.0
2001-04-03,104.0,104.0,103.5,104.0,,3260.0
2001-04-04,102.75,102.0,103.5,102.75,,10000.0
2001-04-05,105.0,102.0,103.5,102.0,,400.0
2001-04-06,105.0,102.0,103.5,105.0,,1150.0
2001-04-09,101.0,98.0,101.5,98.0,,9600.0
2001-04-10,103.0,100.0,101.5,100.0,,4925.0
2001-04-11,103.0,100.0,101.5,103.0,,4204.0
2001-04-12,103.0,103.0,101.5,103.0,,1479.0
2001-04-17,100.3,96.0,99.5,100.3,,12347.0
2001-04-18,,,99.5,,,
2001-04-19,103.0,101.0,101.5,101.0,,22826.0
2001-04-20,105.0,104.5,102.5,105.0,,5931.0
2001-04-23,105.0,100.0,103.5,100.0,,33566.0
2001-04-24,105.0,105.0,103.5,105.0,,473.0
2001-04-25,105.0,105.0,103.5,105.0,,450.0
2001-04-26,98.0,80.0,82.5,98.0,,130250.0
2001-04-27,85.0,81.0,84.0,84.75,,122274.0
2001-04-30,91.5,85.0,88.5,87.5,,119383.0
2001-05-01,89.5,85.0,87.5,89.5,,24255.0
2001-05-02,91.0,86.0,87.5,89.4,,9977.0
2001-05-03,89.4,85.5,87.5,85.5,,150185.0
2001-05-04,89.5,85.0,87.5,89.5,,25450.0
2001-05-08,89.5,85.0,87.5,85.0,,34523.0
2001-05-09,85.5,85.5,87.5,85.5,,2500.0
2001-05-10,87.75,85.0,86.5,86.0,,8800.0
2001-05-11,88.0,87.75,86.5,87.75,,8363.0
2001-05-14,89.5,85.5,87.5,85.5,,29642.0
2001-05-15,92.5,85.5,90.5,85.5,,10689.0
2001-05-16,92.0,88.0,90.0,90.0,,16065.0
2001-05-17,91.5,88.0,90.0,88.0,,15186.0
2001-05-18,91.0,88.0,90.0,88.0,,4520.0
2001-05-21,92.0,92.0,90.0,92.0,,8000.0
2001-05-22,92.0,90.0,91.0,92.0,,19469.0
2001-05-23,,,91.0,,,
2001-05-24,92.0,90.0,91.0,92.0,,35040.0
2001-05-25,91.75,91.75,91.0,91.75,,1500.0
2001-05-29,89.5,87.0,90.0,89.0,,11284.0
2001-05-30,,,90.0,,,
2001-05-31,,,90.0,,,
2001-06-01,88.5,88.5,90.0,88.5,,931.0
2001-06-04,91.0,88.5,90.0,88.5,,555.0
2001-06-05,92.0,88.0,90.0,88.0,,14541.0
2001-06-06,92.0,88.5,90.0,88.5,,10437.0
2001-06-07,91.0,91.0,90.0,91.0,,3000.0
2001-06-08,91.5,88.0,90.0,91.5,,1850.0
2001-06-11,,,90.0,,,
2001-06-12,91.5,88.0,90.0,91.5,,7000.0
2001-06-13,90.0,87.0,87.5,87.0,,12473.0
2001-06-14,85.0,85.0,87.5,85.0,,7500.0
2001-06-15,85.0,85.0,86.5,85.0,,25000.0
2001-06-18,80.0,68.0,71.5,75.0,,88525.0
2001-06-19,77.0,70.0,74.5,70.0,,47257.0
2001-06-20,77.0,72.0,75.5,72.0,,56284.0
2001-06-21,78.0,75.0,76.5,78.0,,22976.0
2001-06-22,77.75,75.0,76.5,77.75,,34200.0
2001-06-25,,,76.5,,,
2001-06-26,77.75,73.5,75.5,77.75,,2854.0
2001-06-27,76.0,72.0,75.5,72.0,,21209.0
2001-06-28,76.0,73.0,75.5,76.0,,30064.0
2001-06-29,,,75.5,,,
2001-07-02,,,75.5,,,
2001-07-03,76.0,74.0,75.5,76.0,,14000.0
2001-07-04,75.0,75.0,75.5,75.0,,5000.0
2001-07-05,75.0,74.0,74.0,75.0,,66500.0
2001-07-06,73.0,73.0,74.0,73.0,,3000.0
2001-07-09,73.25,73.0,74.0,73.25,,2410.0
2001-07-10,74.75,74.75,74.0,74.75,,500.0
2001-07-11,,,74.0,,,
2001-07-12,,,74.0,,,
2001-07-13,73.25,73.0,74.0,73.0,,1844.0
2001-07-16,,,74.0,,,
2001-07-17,74.75,73.0,74.0,73.0,,2500.0
2001-07-18,75.0,75.0,74.0,75.0,,5000.0
2001-07-19,,,74.0,,,
2001-07-20,75.0,73.0,74.0,73.0,,3033.0
2001-07-23,73.25,73.0,74.0,73.25,,8773.0
2001-07-24,75.0,75.0,74.0,75.0,,1500.0
2001-07-25,77.0,73.25,75.5,73.25,,6000.0
2001-07-26,82.0,78.0,79.5,78.0,,14564.0
2001-07-27,82.0,82.0,79.5,82.0,,3000.0
2001-07-30,82.0,77.5,79.5,82.0,,1699.0
2001-07-31,,,79.5,,,
2001-08-01,77.5,77.5,79.5,77.5,,1360.0
2001-08-02,,,79.5,,,
2001-08-03,81.5,81.5,79.5,81.5,,500.0
2001-08-06,77.0,77.0,78.5,77.0,,13084.0
2001-08-07,,,77.5,,,
2001-08-08,75.5,75.5,77.5,75.5,,312.0
2001-08-09,79.5,79.5,77.5,79.5,,628.0
2001-08-10,,,77.5,,,
2001-08-13,79.4,79.4,77.5,79.4,,1324.0
2001-08-14,80.0,80.0,77.5,80.0,,2000.0
2001-08-15,,,77.5,,,
2001-08-16,75.5,75.5,77.5,75.5,,200.0
2001-08-17,79.0,79.0,77.5,79.0,,1000.0
2001-08-20,75.5,75.5,77.5,75.5,,608.0
2001-08-21,80.0,78.0,77.5,78.0,,5000.0
2001-08-22,,,76.5,,,
2001-08-23,75.75,75.75,76.5,75.75,,93.0
2001-08-24,,,76.5,,,
2001-08-28,78.0,78.0,76.5,78.0,,2000.0
2001-08-29,,,76.5,,,
2001-08-30,,,76.5,,,
2001-08-31,75.75,75.75,76.5,75.75,,400.0
2001-09-03,,,76.5,,,
2001-09-04,76.5,75.0,76.5,75.0,,30000.0
2001-09-05,80.0,76.0,77.5,76.0,,3870.0
2001-09-06,,,77.5,,,
2001-09-07,,,77.5,,,
2001-09-10,80.0,75.0,77.5,75.0,,144376.0
2001-09-11,,,77.5,,,
2001-09-12,75.0,74.0,75.5,75.0,,10900.0
2001-09-13,74.0,74.0,75.5,74.0,,1250.0
2001-09-14,78.0,73.0,75.5,78.0,,9250.0
2001-09-17,72.0,72.0,74.0,72.0,,5000.0
2001-09-18,73.0,68.75,69.0,73.0,,12800.0
2001-09-19,72.0,72.0,71.5,72.0,,12500.0
2001-09-20,71.0,70.0,72.5,71.0,,5500.0
2001-09-21,70.5,70.0,69.5,70.5,,3500.0
2001-09-24,,,69.5,,,
2001-09-25,72.0,67.5,69.5,67.5,,10854.0
2001-09-26,,,69.5,,,
2001-09-27,57.0,51.75,57.5,51.75,,6000.0
2001-09-28,60.0,56.0,58.5,56.0,,19300.0
2001-10-01,62.0,57.0,60.5,62.0,,6000.0
2001-10-02,65.0,58.5,62.5,58.5,,55045.0
2001-10-03,63.0,63.0,60.5,63.0,,15000.0
2001-10-04,62.75,60.0,61.5,60.0,,6000.0
2001-10-05,60.3,60.25,61.5,60.3,,3334.0
2001-10-08,65.0,59.0,60.5,65.0,,37900.0
2001-10-09,61.0,61.0,60.5,61.0,,374200.0
2001-10-10,58.5,58.0,60.5,58.5,,3959.0
2001-10-11,60.25,60.25,61.5,60.25,,1000.0
2001-10-12,62.75,62.75,61.5,62.75,,337.0
2001-10-15,,,61.5,,,
2001-10-16,65.0,65.0,65.5,65.0,,7000.0
2001-10-17,,,65.5,,,
2001-10-18,67.5,63.0,65.5,67.5,,9660.0
2001-10-19,,,65.5,,,
2001-10-22,63.5,63.5,65.5,63.5,,2154.0
2001-10-23,63.5,63.5,65.5,63.5,,2590.0
2001-10-24,,,65.5,,,
2001-10-25,67.5,67.5,65.5,67.5,,2320.0
2001-10-26,,,65.5,,,
2001-10-29,63.5,63.5,65.5,63.5,,1000.0
2001-10-30,65.0,63.0,64.0,63.25,,11960.0
2001-10-31,63.25,63.25,64.0,63.25,,909.0
2001-11-01,63.25,63.25,64.0,63.25,,2000.0
2001-11-02,,,64.0,,,
2001-11-05,64.75,64.75,64.0,64.75,,2000.0
2001-11-06,63.2,61.0,62.5,63.2,,16400.0
2001-11-07,64.5,60.0,62.5,60.5,,8635.0
2001-11-08,,,62.5,,,
2001-11-09,,,62.5,,,
2001-11-12,,,62.5,,,
2001-11-13,,,62.5,,,
2001-11-14,,,62.5,,,
2001-11-15,,,62.5,,,
2001-11-16,,,62.5,,,
2001-11-19,,,62.5,,,
2001-11-20,,,62.5,,,
2001-11-21,60.5,60.5,62.5,60.5,,1000.0
2001-11-22,65.0,65.0,65.0,65.0,,6000.0
2001-11-23,,,65.0,,,
2001-11-26,66.5,66.5,65.0,66.5,,2050.0
2001-11-27,66.5,66.5,65.0,66.5,,750.0
2001-11-28,66.5,66.5,65.0,66.5,,400.0
2001-11-29,63.5,63.0,63.5,63.5,,2883.0
2001-11-30,61.0,61.0,62.5,61.0,,10000.0
2001-12-03,60.5,60.5,62.5,60.5,,895.0
2001-12-04,,,62.5,,,
2001-12-05,,,62.5,,,
2001-12-06,,,62.5,,,
2001-12-07,,,62.5,,,
2001-12-10,,,62.5,,,
2001-12-11,65.0,63.5,63.5,65.0,,23302.0
2001-12-12,66.5,66.0,64.5,66.5,,5000.0
2001-12-13,67.0,65.25,66.0,67.0,,10386.0
2001-12-14,67.0,66.75,66.0,67.0,,6250.0
2001-12-17,65.25,65.0,65.0,65.25,,7000.0
2001-12-18,67.0,66.5,65.0,66.5,,5905.0
2001-12-19,66.5,63.5,65.0,66.5,,828.0
2001-12-20,,,65.0,,,
2001-12-21,,,65.0,,,
2001-12-24,,,65.0,,,
2001-12-27,,,65.0,,,
2001-12-28,,,65.0,,,
2001-12-31,66.5,66.5,65.5,66.5,,1500.0
2002-01-02,,,65.5,,,
2002-01-03,,,65.5,,,
2002-01-04,63.0,63.0,65.5,63.0,,10000.0
2002-01-07,66.0,63.0,65.5,63.0,,11528.0
2002-01-08,65.0,63.0,67.5,63.0,,27500.0
2002-01-09,70.0,70.0,67.5,70.0,,3468.0
2002-01-10,69.5,65.5,67.5,69.5,,3798.0
2002-01-11,73.0,69.75,72.5,70.0,,16320.0
2002-01-14,76.5,75.0,75.0,75.0,,5873.0
2002-01-15,80.0,75.5,77.5,77.0,,8892.0
2002-01-16,81.5,77.0,78.5,80.0,,29875.0
2002-01-17,79.75,77.0,78.5,79.75,,6500.0
2002-01-18,77.25,77.25,78.5,77.25,,1000.0
2002-01-21,77.3,77.3,77.5,77.3,,1139.0
2002-01-22,77.75,75.0,76.5,75.6,,5836.0
2002-01-23,75.25,75.25,76.0,75.25,,5000.0
2002-01-24,,,76.0,,,
2002-01-25,75.0,74.0,75.0,75.0,,9500.0
2002-01-28,,,75.0,,,
2002-01-29,73.0,70.5,72.5,73.0,,6000.0
2002-01-30,,,72.5,,,
2002-01-31,70.0,70.0,68.5,70.0,,15000.0
2002-02-01,70.5,66.0,67.0,66.0,,4200.0
2002-02-04,67.8,67.8,67.0,67.8,,2949.0
2002-02-05,71.0,66.5,68.5,67.75,,7281.0
2002-02-06,66.0,66.0,68.0,66.0,,7000.0
2002-02-07,65.0,65.0,68.0,65.0,,7000.0
2002-02-08,,,68.0,,,
2002-02-11,,,68.0,,,
2002-02-12,72.0,70.0,70.5,70.0,,10000.0
2002-02-13,,,70.5,,,
2002-02-14,69.25,69.25,70.5,69.25,,50.0
2002-02-15,,,70.5,,,
2002-02-18,72.0,72.0,70.5,72.0,,10000.0
2002-02-19,69.25,69.25,70.5,69.25,,1000.0
2002-02-20,,,70.5,,,
2002-02-21,72.0,71.75,70.5,71.75,,10700.0
2002-02-22,,,70.5,,,
2002-02-25,,,70.5,,,
2002-02-26,71.75,71.6,70.5,71.6,,1860.0
2002-02-27,72.0,70.0,70.5,71.75,,9500.0
2002-02-28,70.0,70.0,72.0,70.0,,2000.0
2002-03-01,70.5,70.5,72.0,70.5,,1000.0
2002-03-04,70.0,69.0,72.0,69.0,,32240.0
2002-03-05,,,72.0,,,
2002-03-06,70.5,68.0,71.5,68.0,,12400.0
2002-03-07,,,71.5,,,
2002-03-08,73.5,73.5,71.5,73.5,,100.0
2002-03-11,74.0,74.0,72.0,74.0,,6689.0
2002-03-12,73.5,68.0,72.0,73.5,,4672.0
2002-03-13,,,72.0,,,
2002-03-14,73.5,70.0,72.0,70.0,,3572.0
2002-03-15,73.5,72.0,73.5,73.5,,5000.0
2002-03-18,76.5,76.5,73.5,76.5,,6000.0
2002-03-19,72.0,72.0,72.5,72.0,,2500.0
2002-03-20,72.75,70.0,71.5,70.0,,4312.0
2002-03-21,73.0,70.0,71.5,73.0,,15331.0
2002-03-22,70.0,70.0,70.5,70.0,,4293.0
2002-03-25,68.25,68.0,70.5,68.0,,25000.0
2002-03-26,68.0,68.0,70.5,68.0,,2500.0
2002-03-27,66.0,66.0,68.5,66.0,,5000.0
2002-03-28,67.0,66.5,68.0,67.0,,27150.0
2002-04-02,70.0,70.0,68.0,70.0,,1500.0
2002-04-03,69.5,65.0,68.0,69.5,,7147.0
2002-04-04,69.5,69.5,68.0,69.5,,425.0
2002-04-05,66.5,66.5,68.0,66.5,,1000.0
2002-04-08,66.5,66.5,68.0,66.5,,1000.0
2002-04-09,70.0,70.0,68.0,70.0,,2000.0
2002-04-10,70.0,70.0,68.0,70.0,,1759.0
2002-04-11,69.5,66.0,68.0,66.0,,4500.0
2002-04-12,66.5,66.5,68.0,66.5,,1000.0
2002-04-15,66.0,66.0,68.0,66.0,,3533.0
2002-04-16,,,69.0,,,
2002-04-17,,,69.0,,,
2002-04-18,65.0,65.0,69.0,65.0,,10000.0
2002-04-19,,,69.0,,,
2002-04-22,71.5,70.0,70.0,70.0,,15665.0
2002-04-23,70.0,70.0,70.0,70.0,,5000.0
2002-04-24,,,70.0,,,
2002-04-25,76.0,71.5,74.0,71.5,,16292.0
2002-04-26,76.0,73.0,74.0,76.0,,17577.0
2002-04-29,75.0,75.0,74.0,75.0,,4000.0
2002-04-30,72.0,72.0,74.0,72.0,,3185.0
2002-05-01,78.0,76.0,76.5,76.0,,6521.0
2002-05-02,,,76.5,,,
2002-05-03,78.0,77.4,75.5,77.4,,16000.0
2002-05-07,,,75.5,,,
2002-05-08,,,75.5,,,
2002-05-09,78.0,75.0,77.5,75.0,,28800.0
2002-05-10,76.0,76.0,77.5,76.0,,2000.0
2002-05-13,,,78.5,,,
2002-05-14,80.0,77.0,78.5,79.75,,50839.0
2002-05-15,,,75.0,,,
2002-05-16,73.5,73.0,75.0,73.5,,11839.0
2002-05-17,76.5,76.5,75.0,76.5,,600.0
2002-05-20,73.5,70.0,71.5,73.5,,5500.0
2002-05-21,72.75,72.75,71.5,72.75,,2000.0
2002-05-22,73.0,72.5,71.5,72.5,,6600.0
2002-05-23,,,71.5,,,
2002-05-24,73.0,73.0,71.5,73.0,,7000.0
2002-05-27,,,71.5,,,
2002-05-28,76.5,72.0,74.5,76.5,,45200.0
2002-05-29,76.0,73.0,74.5,73.0,,5000.0
2002-05-30,72.5,72.5,74.5,72.5,,4000.0
2002-05-31,72.5,72.5,74.5,72.5,,3000.0
2002-06-05,,,74.5,,,
2002-06-06,72.0,72.0,74.5,72.0,,1217.0
2002-06-07,70.0,70.0,73.5,70.0,,15000.0
2002-06-10,,,73.5,,,
2002-06-11,72.0,72.0,71.5,72.0,,25000.0
2002-06-12,72.75,70.3,71.5,70.3,,1307.0
2002-06-13,70.25,70.0,71.5,70.25,,3628.0
2002-06-14,70.0,70.0,71.5,70.0,,2500.0
2002-06-17,70.25,70.25,71.5,70.25,,3400.0
2002-06-18,,,71.5,,,
2002-06-19,70.0,70.0,71.5,70.0,,2000.0
2002-06-20,,,71.5,,,
2002-06-21,,,71.5,,,
2002-06-24,72.0,72.0,71.5,72.0,,20000.0
2002-06-25,,,71.5,,,
2002-06-26,,,71.5,,,
2002-06-27,73.0,73.0,71.5,73.0,,793.0
2002-06-28,76.0,70.25,74.0,72.75,,6400.0
2002-07-01,73.0,73.0,74.0,73.0,,5000.0
2002-07-02,,,74.0,,,
2002-07-03,72.5,72.5,74.0,72.5,,5000.0
2002-07-04,75.5,72.0,73.0,75.5,,3253.0
2002-07-05,,,73.0,,,
2002-07-08,,,73.0,,,
2002-07-09,,,73.0,,,
2002-07-10,,,73.0,,,
2002-07-11,71.0,71.0,73.0,71.0,,2000.0
2002-07-12,,,73.0,,,
2002-07-15,71.0,71.0,73.0,71.0,,2000.0
2002-07-16,,,73.0,,,
2002-07-17,,,73.0,,,
2002-07-18,,,74.0,,,6650.0
2002-07-19,,,74.0,,,
2002-07-22,72.5,72.5,74.0,72.5,,1020.0
2002-07-23,72.0,72.0,74.0,72.0,,5000.0
2002-07-24,,,74.5,,,
2002-07-25,,,74.0,,,
2002-07-26,,,74.0,,,
2002-07-29,70.0,70.0,73.0,70.0,,2000.0
2002-07-30,,,73.0,,,
2002-07-31,71.0,71.0,73.0,71.0,,1292.0
2002-08-01,71.0,71.0,73.0,71.0,,3000.0
2002-08-02,,,73.0,,,
2002-08-05,71.0,71.0,71.5,71.0,,3100.0
2002-08-06,70.25,70.25,71.5,70.25,,1000.0
2002-08-07,72.75,70.25,71.5,72.75,,2400.0
2002-08-08,,,71.5,,,
2002-08-09,,,70.5,,,
2002-08-12,,,70.5,,,
2002-08-13,72.0,68.0,70.5,68.0,,4425.0
2002-08-14,,,70.5,,,
2002-08-15,,,70.5,,,
2002-08-16,69.0,68.0,70.5,68.0,,14000.0
2002-08-19,68.0,68.0,70.5,68.0,,3000.0
2002-08-20,,,70.5,,,
2002-08-21,71.5,71.5,70.5,71.5,,2000.0
2002-08-22,73.0,73.0,71.5,73.0,,10000.0
2002-08-23,,,71.5,,,
2002-08-27,72.75,70.0,72.5,72.75,,6000.0
2002-08-28,70.0,70.0,72.5,70.0,,5000.0
2002-08-29,,,72.5,,,
2002-08-30,,,72.5,,,
2002-09-02,,,72.5,,,
2002-09-03,,,72.5,,,
2002-09-04,,,72.5,,,
2002-09-05,,,72.5,,,
2002-09-06,74.5,74.5,72.5,74.5,,257.0
2002-09-09,74.5,70.0,72.5,74.5,,3950.0
2002-09-10,70.5,70.0,72.5,70.5,,3949.0
2002-09-11,,,72.5,,,
2002-09-12,,,72.5,,,
2002-09-13,74.5,74.5,72.5,74.5,,417.0
2002-09-16,70.5,68.0,70.5,70.5,,12000.0
2002-09-17,,,70.5,,,
2002-09-18,,,70.5,,,
2002-09-19,69.0,68.5,70.5,69.0,,2065.0
2002-09-20,,,70.5,,,
2002-09-23,,,70.5,,,
2002-09-24,,,70.5,,,
2002-09-25,,,70.5,,,
2002-09-26,71.5,68.5,70.0,68.5,,3699.0
2002-09-27,71.0,69.0,70.0,69.0,,32000.0
2002-09-30,,,70.0,,,
2002-10-01,71.5,68.0,70.0,71.5,,5700.0
2002-10-02,69.0,68.0,70.0,68.0,,31150.0
2002-10-03,68.5,67.0,70.0,68.5,,55417.0
2002-10-04,71.5,68.0,69.5,68.0,,1171.0
2002-10-07,,,69.5,,,
2002-10-08,71.5,71.5,69.5,71.5,,1000.0
2002-10-09,65.5,65.5,67.5,65.5,,10893.0
2002-10-10,,,67.5,,,
2002-10-11,,,67.5,,,
2002-10-14,65.5,65.5,67.5,65.5,,3000.0
2002-10-15,65.5,65.5,67.5,65.5,,2000.0
2002-10-16,69.0,65.0,68.0,65.5,,22184.0
2002-10-17,66.5,66.0,68.0,66.5,,8000.0
2002-10-18,70.0,70.0,68.0,70.0,,5415.0
2002-10-21,68.0,67.0,68.0,67.0,,14000.0
2002-10-22,71.0,66.5,68.0,71.0,,5900.0
2002-10-23,,,68.0,,,
2002-10-24,,,68.0,,,
2002-10-25,69.5,69.5,68.0,69.5,,2000.0
2002-10-28,,,68.0,,,
2002-10-29,72.0,72.0,69.0,72.0,,6889.0
2002-10-30,,,69.0,,,
2002-10-31,,,69.0,,,
2002-11-01,68.0,68.0,69.0,68.0,,500.0
2002-11-04,,,69.0,,,
2002-11-05,,,69.0,,,
2002-11-06,,,69.0,,,
2002-11-07,,,69.0,,,
2002-11-08,,,69.0,,,
2002-11-11,74.0,71.0,72.5,74.0,,6250.0
2002-11-12,71.0,71.0,72.5,71.0,,2897.0
2002-11-13,,,72.5,,,
2002-11-14,70.5,70.5,71.5,70.5,,5000.0
2002-11-15,,,71.0,,,
2002-11-18,69.0,68.0,70.5,68.0,,12669.0
2002-11-19,,,70.5,,,
2002-11-20,,,70.5,,,
2002-11-21,,,71.0,,,
2002-11-22,,,72.5,,,
2002-11-25,,,74.5,,,
2002-11-26,77.0,77.0,76.5,77.0,,10000.0
2002-11-27,80.0,79.0,78.5,80.0,,85000.0
2002-11-28,81.38,77.5,79.5,80.0,,8500.0
2002-11-29,,,79.5,,,
2002-12-02,80.5,80.0,79.5,80.5,,60000.0
2002-12-03,77.62,77.62,79.5,77.62,,2500.0
2002-12-04,81.38,81.38,79.5,81.38,,1000.0
2002-12-05,80.0,77.0,79.5,77.0,,16000.0
2002-12-06,,,79.5,,,
2002-12-09,77.0,77.0,79.5,77.0,,5000.0
2002-12-10,,,79.5,,,
2002-12-11,77.62,77.62,79.5,77.62,,300.0
2002-12-12,77.62,77.62,79.5,77.62,,457.0
2002-12-13,79.0,77.0,79.5,77.0,,12000.0
2002-12-16,,,79.5,,,
2002-12-17,,,79.5,,,
2002-12-18,,,79.5,,,
2002-12-19,81.38,81.38,79.5,81.38,,1220.0
2002-12-20,77.0,77.0,79.5,77.0,,5000.0
2002-12-23,77.62,77.62,79.5,77.62,,966.0
2002-12-24,,,79.5,,,
2002-12-27,,,79.5,,,
2002-12-30,78.0,78.0,79.5,78.0,,2000.0
2002-12-31,77.62,77.62,79.5,77.62,,200.0
2003-01-02,,,79.5,,,
2003-01-03,,,79.5,,,
2003-01-06,,,79.5,,,
2003-01-07,,,79.5,,,
2003-01-08,,,79.5,,,
2003-01-09,,,79.5,,,
2003-01-10,81.38,81.38,79.5,81.38,,2500.0
2003-01-13,77.62,77.62,79.5,77.62,,1000.0
2003-01-14,,,79.5,,,
2003-01-15,,,79.5,,,
2003-01-16,77.62,77.62,79.5,77.62,,1190.0
2003-01-17,77.62,77.62,79.5,77.62,,162.0
2003-01-20,77.0,77.0,79.5,77.0,,1000.0
2003-01-21,77.0,77.0,79.5,77.0,,800.0
2003-01-22,76.0,76.0,79.5,76.0,,3518.0
2003-01-23,,,79.5,,,
2003-01-24,,,79.5,,,
2003-01-27,79.5,79.5,79.5,79.5,,5000.0
2003-01-28,,,79.5,,,
2003-01-29,77.0,77.0,79.5,77.0,,1250.0
2003-01-30,77.0,77.0,79.5,77.0,,473.0
2003-01-31,,,79.5,,,
2003-02-03,,,79.5,,,
2003-02-04,,,79.5,,,
2003-02-05,,,79.5,,,
2003-02-06,,,79.5,,,
2003-02-07,,,79.5,,,
2003-02-10,78.0,78.0,79.5,78.0,,2200.0
2003-02-11,77.0,77.0,79.5,77.0,,1911.0
2003-02-12,,,79.5,,,
2003-02-13,,,79.5,,,
2003-02-14,,,79.5,,,
2003-02-17,77.0,77.0,78.5,77.0,,2000.0
2003-02-18,,,78.5,,,119000.0
2003-02-19,,,78.5,,,
2003-02-20,,,78.5,,,
2003-02-21,,,78.5,,,
2003-02-24,,,78.5,,,
2003-02-25,,,78.5,,,
2003-02-26,,,78.5,,,
2003-02-27,,,78.5,,,
2003-02-28,77.3,77.3,78.5,77.3,,620.0
2003-03-03,79.7,79.7,78.5,79.7,,1000.0
2003-03-04,79.63,76.0,78.0,79.63,,15030.0
2003-03-05,76.5,76.5,78.0,76.5,,3500.0
2003-03-06,78.0,76.0,78.0,78.0,,22000.0
2003-03-07,,,78.0,,,
2003-03-10,,,78.0,,,
2003-03-11,,,78.0,,,
2003-03-12,79.5,75.0,77.5,79.5,,45060.0
2003-03-13,80.0,80.0,77.5,80.0,,2929.0
2003-03-14,80.0,75.0,77.5,75.0,,8095.0
2003-03-17,,,77.5,,,
2003-03-18,,,77.5,,,
2003-03-19,76.0,76.0,77.5,76.0,,5000.0
2003-03-20,,,77.5,,,
2003-03-21,,,77.5,,,
2003-03-24,,,77.5,,,
2003-03-25,,,77.5,,,
2003-03-26,,,77.5,,,
2003-03-27,,,77.5,,,
2003-03-28,,,77.5,,,
2003-03-31,,,77.5,,,
2003-04-01,,,77.5,,,
2003-04-02,,,77.5,,,
2003-04-03,,,77.5,,,
2003-04-04,,,77.5,,,
2003-04-07,,,77.5,,,
2003-04-08,,,77.5,,,
2003-04-09,79.38,75.0,77.5,75.0,,17525.0
2003-04-10,,,77.5,,,
2003-04-11,,,77.5,,,
2003-04-14,,,77.5,,,
2003-04-15,79.38,79.38,77.5,79.38,,400.0
2003-04-16,75.0,75.0,77.5,75.0,,400.0
2003-04-17,75.0,75.0,77.5,75.0,,600.0
2003-04-22,75.0,75.0,77.5,75.0,,2000.0
2003-04-23,82.0,80.0,82.5,82.0,,18550.0
2003-04-24,92.0,87.0,89.5,87.0,,8000.0
2003-04-25,87.37,87.37,87.5,87.37,,2000.0
2003-04-28,,,87.5,,,
2003-04-29,83.62,83.0,85.0,83.62,,6500.0
2003-04-30,83.0,78.0,79.0,83.0,,35889.0
2003-05-01,79.5,75.0,78.0,77.0,,11668.0
2003-05-02,80.0,76.0,78.0,76.3,,23176.0
2003-05-06,,,78.0,,,
2003-05-07,,,78.0,,,
2003-05-08,79.5,79.5,78.0,79.5,,2000.0
2003-05-09,79.0,74.0,78.0,74.0,,33337.0
2003-05-12,83.0,78.0,81.5,80.0,,29908.0
2003-05-13,85.0,83.0,82.5,83.0,,8436.0
2003-05-14,81.38,77.0,79.5,81.38,,25599.0
2003-05-15,80.0,80.0,79.5,80.0,,16900.0
2003-05-16,,,79.5,,,
2003-05-19,,,79.5,,,
2003-05-20,,,79.5,,,
2003-05-21,78.0,78.0,79.5,78.0,,1000.0
2003-05-22,,,79.5,,,
2003-05-23,77.0,75.0,78.5,77.0,,49736.0
2003-05-27,,,78.5,,,
2003-05-28,77.37,77.37,78.5,77.37,,400.0
2003-05-29,,,78.5,,,
2003-05-30,79.78,79.78,78.5,79.78,,3000.0
2003-06-02,79.63,77.0,78.5,77.37,,8500.0
2003-06-03,77.0,77.0,78.5,77.0,,2500.0
2003-06-04,82.0,80.0,79.5,80.0,,4891.0
2003-06-05,77.0,77.0,79.5,77.0,,12000.0
2003-06-06,,,78.5,,,
2003-06-09,,,78.5,,,
2003-06-10,,,78.5,,,
2003-06-11,,,78.5,,,
2003-06-12,79.63,77.0,78.5,79.63,,3300.0
2003-06-13,77.0,77.0,78.5,77.0,,599.0
2003-06-16,79.0,79.0,78.5,79.0,,500.0
2003-06-17,77.0,77.0,78.5,77.0,,2500.0
2003-06-18,81.63,77.0,79.5,79.63,,17749.0
2003-06-19,74.5,65.0,71.5,72.63,,42370.0
2003-06-20,72.63,72.5,71.5,72.63,,1500.0
2003-06-23,73.0,71.0,72.5,73.0,,2770.0
2003-06-24,72.5,70.0,71.5,71.0,,8367.0
2003-06-25,72.5,70.0,71.5,70.0,,5795.0
2003-06-26,70.0,70.0,71.5,70.0,,4480.0
2003-06-27,73.0,70.0,71.5,73.0,,17500.0
2003-06-30,73.0,73.0,72.5,73.0,,5000.0
2003-07-01,70.62,70.62,72.5,70.62,,1500.0
2003-07-02,78.0,70.0,75.5,70.0,,7953.0
2003-07-03,77.0,77.0,76.0,77.0,,5032.0
2003-07-04,77.0,74.0,76.0,74.0,,9231.0
2003-07-07,78.0,78.0,76.0,78.0,,625.0
2003-07-08,,,76.0,,,
2003-07-09,78.0,75.0,77.0,78.0,,17308.0
2003-07-10,74.0,74.0,77.0,74.0,,16000.0
2003-07-11,74.0,74.0,77.0,74.0,,6650.0
2003-07-14,78.5,78.5,77.0,78.5,,275.0
2003-07-15,,,77.0,,,
2003-07-16,,,77.0,,,
2003-07-17,75.5,75.5,77.0,75.5,,720.0
2003-07-18,,,77.0,,,
2003-07-21,,,77.0,,,
2003-07-22,77.0,76.0,76.0,77.0,,3100.0
2003-07-23,,,76.0,,,
2003-07-24,,,76.0,,,
2003-07-25,76.0,76.0,76.0,76.0,,1950.0
2003-07-28,76.0,76.0,76.0,76.0,,9784.0
2003-07-29,76.0,76.0,76.0,76.0,,2000.0
2003-07-30,76.0,76.0,76.0,76.0,,4900.0
2003-07-31,75.5,75.0,75.0,75.5,,4500.0
2003-08-01,75.0,75.0,75.0,75.0,,1800.0
2003-08-04,75.0,73.5,73.5,75.0,,15400.0
2003-08-05,74.5,73.5,74.5,73.5,,17500.0
2003-08-07,,,74.5,,,
2003-08-08,,,74.5,,,
2003-08-11,74.5,74.5,74.5,74.5,,335.0
2003-08-12,74.5,74.5,74.5,74.5,,5000.0
2003-08-13,74.5,74.5,74.5,74.5,,4500.0
2003-08-14,,,74.5,,,
2003-08-15,,,74.5,,,
2003-08-18,,,74.5,,,
2003-08-19,,,74.5,,,
2003-08-20,,,74.5,,,
2003-08-21,74.5,73.5,73.5,74.5,,7250.0
2003-08-22,73.5,73.5,73.5,73.5,,5500.0
2003-08-26,72.0,72.0,72.0,72.0,,1350.0
2003-08-27,72.0,72.0,72.0,72.0,,5420.0
2003-08-28,72.0,72.0,72.0,72.0,,2837.0
2003-08-29,72.0,71.0,71.0,72.0,,5529.0
2003-09-01,71.0,71.0,71.0,71.0,,15025.0
2003-09-02,,,71.0,,,
2003-09-03,71.0,71.0,71.0,71.0,,8625.0
2003-09-04,71.0,71.0,71.0,71.0,,13750.0
2003-09-05,74.0,71.0,74.0,71.0,,8606.0
2003-09-08,,,74.0,,,
2003-09-09,76.5,74.0,76.5,74.0,,10000.0
2003-09-10,76.5,76.5,76.5,76.5,,500.0
2003-09-11,76.5,76.5,76.5,76.5,,6000.0
2003-09-12,,,76.5,,,
2003-09-15,81.5,79.0,81.5,79.0,,23384.0
2003-09-16,86.0,81.5,86.0,81.5,,25325.0
2003-09-17,86.0,86.0,86.0,86.0,,9000.0
2003-09-18,86.0,86.0,86.0,86.0,,1000.0
2003-09-19,86.5,86.0,86.5,86.0,,6934.0
2003-09-22,86.5,86.5,86.5,86.5,,18120.0
2003-09-23,,,86.5,,,
2003-09-24,,,86.5,,,
2003-09-25,86.5,86.5,86.5,86.5,,2897.0
2003-09-26,86.5,86.5,86.5,86.5,,3750.0
2003-09-29,,,86.5,,,
2003-09-30,86.5,86.5,86.5,86.5,,6865.0
2003-10-01,,,84.5,,,
2003-10-02,84.5,84.5,84.5,84.5,,5205.0
2003-10-03,,,84.5,,,
2003-10-06,84.5,84.5,84.5,84.5,,335.0
2003-10-07,,,84.5,,,
2003-10-08,,,84.5,,,
2003-10-09,84.5,84.5,84.5,84.5,,1000.0
2003-10-10,84.5,84.5,84.5,84.5,,1150.0
2003-10-13,84.5,84.5,84.5,84.5,,803.0
2003-10-14,84.5,84.5,84.5,84.5,,12256.0
2003-10-15,,,84.5,,,
2003-10-16,,,84.5,,,
2003-10-17,84.5,84.5,84.5,84.5,,2022.0
2003-10-20,,,84.5,,,
2003-10-21,84.5,84.5,84.5,84.5,,1000.0
2003-10-22,84.5,84.5,84.5,84.5,,4221.0
2003-10-23,,,84.5,,,
2003-10-24,84.5,84.5,84.5,84.5,,1100.0
2003-10-27,84.5,84.5,84.5,84.5,,3565.0
2003-10-28,84.5,84.5,84.5,84.5,,4582.0
2003-10-29,84.5,84.5,84.5,84.5,,3784.0
2003-10-30,,,84.5,,,
2003-10-31,84.5,84.5,84.5,84.5,,1000.0
2003-11-03,,,84.5,,,
2003-11-04,84.5,84.5,84.5,84.5,,502.0
2003-11-05,84.5,84.5,84.5,84.5,,2244.0
2003-11-06,,,84.5,,,
2003-11-07,,,84.5,,,
2003-11-10,84.5,84.5,84.5,84.5,,2000.0
2003-11-11,84.5,84.5,84.5,84.5,,5295.0
2003-11-12,,,84.5,,,
2003-11-13,,,84.5,,,
2003-11-14,84.5,84.5,84.5,84.5,,852.0
2003-11-17,,,84.5,,,
2003-11-18,84.5,83.5,83.5,84.5,,2614.0
2003-11-19,83.5,83.5,83.5,83.5,,885.0
2003-11-20,83.5,83.5,83.5,83.5,,1500.0
2003-11-21,83.5,83.5,83.5,83.5,,1095.0
2003-11-24,83.5,83.5,83.5,83.5,,13170.0
2003-11-25,83.5,83.5,83.5,83.5,,2000.0
2003-11-26,,,83.5,,,
2003-11-27,83.5,83.5,83.5,83.5,,1500.0
2003-11-28,83.5,83.5,83.5,83.5,,3000.0
2003-12-01,84.5,83.5,84.5,83.5,,4000.0
2003-12-02,84.5,84.5,84.5,84.5,,12500.0
2003-12-03,,,84.5,,,
2003-12-04,,,84.5,,,
2003-12-05,,,84.5,,,
2003-12-08,85.0,84.5,85.0,84.5,,3000.0
2003-12-09,,,85.0,,,
2003-12-10,,,85.0,,,
2003-12-11,85.0,85.0,85.0,85.0,,730.0
2003-12-12,85.0,85.0,85.0,85.0,,15690.0
2003-12-15,85.0,85.0,85.0,85.0,,2700.0
2003-12-16,85.0,85.0,85.0,85.0,,5971.0
2003-12-17,,,85.0,,,
2003-12-18,85.0,85.0,85.0,85.0,,755.0
2003-12-19,,,85.0,,,
2003-12-22,,,85.0,,,
2003-12-23,85.0,85.0,85.0,85.0,,22000.0
2003-12-24,85.0,84.5,85.0,85.0,,20000.0
2003-12-29,85.0,85.0,85.0,85.0,,2000.0
2003-12-30,,,85.0,,,
2003-12-31,85.0,85.0,85.0,85.0,,1149.0
2004-01-02,85.0,84.5,85.0,85.0,,2000.0
2004-01-05,85.5,85.5,85.5,85.5,,1700.0
2004-01-06,85.5,85.5,85.5,85.5,,2700.0
2004-01-07,85.5,85.5,85.5,85.5,,1000.0
2004-01-08,,,85.5,,,
2004-01-09,85.5,85.5,85.5,85.5,,4500.0
2004-01-12,85.5,85.5,85.5,85.5,,500.0
2004-01-13,85.5,85.5,85.5,85.5,,900.0
2004-01-14,,,85.5,,,
2004-01-15,,,85.5,,,
2004-01-16,,,85.5,,,
2004-01-19,85.5,85.5,85.5,85.5,,4000.0
2004-01-20,85.5,85.5,85.5,85.5,,1248.0
2004-01-21,85.5,85.5,85.5,85.5,,2000.0
2004-01-22,,,85.5,,,
2004-01-23,85.5,85.5,85.5,85.5,,5500.0
2004-01-26,85.5,85.5,85.5,85.5,,4363.0
2004-01-27,85.5,85.5,85.5,85.5,,2034.0
2004-01-28,,,85.5,,,
2004-01-29,,,85.5,,,
2004-01-30,85.5,85.5,85.5,85.5,,7000.0
2004-02-02,,,85.5,,,
2004-02-03,,,85.5,,,
2004-02-04,,,85.5,,,
2004-02-05,,,85.5,,,
2004-02-06,87.5,85.5,87.5,85.5,,1700.0
2004-02-09,92.5,87.5,92.5,87.5,,10127.0
2004-02-10,93.0,92.5,93.0,92.5,,5800.0
2004-02-11,93.0,93.0,93.0,93.0,,2052.0
2004-02-12,,,93.0,,,
2004-02-13,93.0,93.0,93.0,93.0,,3000.0
2004-02-16,93.0,93.0,93.0,93.0,,800.0
2004-02-17,93.0,93.0,93.0,93.0,,3000.0
2004-02-18,,,93.0,,,
2004-02-19,,,93.0,,,
2004-02-20,93.0,93.0,93.0,93.0,,3633.0
2004-02-23,93.0,93.0,93.0,93.0,,2000.0
2004-02-24,93.0,92.5,92.5,93.0,,4424.0
2004-02-25,92.5,91.5,91.5,92.5,,6000.0
2004-02-26,91.5,91.5,91.5,91.5,,2000.0
2004-02-27,90.5,90.5,90.5,90.5,,2164.0
2004-03-01,,,90.5,,,
2004-03-02,,,92.5,,,
2004-03-03,92.5,92.5,92.5,92.5,,27451.0
2004-03-04,,,92.5,,,
2004-03-05,92.5,92.5,92.5,92.5,,2250.0
2004-03-08,92.5,92.5,92.5,92.5,,750.0
2004-03-09,,,92.5,,,
2004-03-10,,,92.5,,,
2004-03-11,92.5,88.5,88.5,92.5,,2500.0
2004-03-12,,,88.5,,,
2004-03-15,,,88.5,,,
2004-03-16,88.5,87.5,87.5,88.5,,24302.0
2004-03-17,,,87.5,,,
2004-03-18,87.5,87.5,87.5,87.5,,2000.0
2004-03-19,87.5,87.5,87.5,87.5,,2222.0
2004-03-22,,,87.5,,,
2004-03-23,87.5,87.5,87.5,87.5,,7000.0
2004-03-24,87.5,87.5,87.5,87.5,,1767.0
2004-03-25,,,87.5,,,
2004-03-26,87.5,86.0,86.0,87.5,,5000.0
2004-03-29,86.0,84.5,84.5,86.0,,1000.0
2004-03-30,84.5,84.5,84.5,84.5,,2000.0
2004-03-31,84.5,83.5,83.5,84.5,,2000.0
2004-04-01,83.5,83.5,83.5,83.5,,2883.0
2004-04-02,83.5,83.5,83.5,83.5,,16650.0
2004-04-05,,,83.5,,,
2004-04-06,,,83.5,,,
2004-04-07,,,83.5,,,
2004-04-08,,,83.5,,,
2004-04-13,,,83.5,,,
2004-04-14,83.5,81.5,81.5,83.5,,1954.0
2004-04-15,81.5,80.5,80.5,81.5,,7500.0
2004-04-16,80.5,80.5,80.5,80.5,,7000.0
2004-04-19,82.5,82.5,82.5,82.5,,9875.0
2004-04-20,83.5,83.5,83.5,83.5,,156800.0
2004-04-21,84.5,83.5,84.5,83.5,,396760.0
2004-04-22,84.5,84.5,84.5,84.5,,4575.0
2004-04-23,84.5,84.5,84.5,84.5,,487317.0
2004-04-26,84.5,84.5,84.5,84.5,,713476.0
2004-04-27,85.0,84.5,85.0,84.5,,29300.0
2004-04-28,85.0,84.5,84.5,85.0,,546562.0
2004-04-29,84.5,84.5,84.5,84.5,,13925.0
2004-04-30,84.5,84.5,84.5,84.5,,8802.0
2004-05-04,85.0,84.5,85.0,84.5,,10800.0
2004-05-05,86.0,84.5,84.5,85.0,,85257.0
2004-05-06,84.5,84.5,84.5,84.5,,10000.0
2004-05-07,84.5,84.5,84.5,84.5,,99319.0
2004-05-10,84.5,84.5,84.5,84.5,,3750.0
2004-05-11,85.0,84.5,85.0,84.5,,244928.0
2004-05-12,80.5,80.0,80.0,80.5,,32826.0
2004-05-13,80.0,80.0,80.0,80.0,,27773.0
2004-05-14,80.0,78.5,78.5,80.0,,56340.0
2004-05-17,78.5,77.5,77.5,78.5,,6850.0
2004-05-18,77.5,76.5,76.5,77.5,,20270.0
2004-05-19,76.5,76.5,76.5,76.5,,81000.0
2004-05-20,76.5,75.5,75.5,76.5,,12825.0
2004-05-21,75.5,69.0,69.0,75.5,,23206.0
2004-05-24,71.5,68.0,71.5,68.0,,85160.0
2004-05-25,71.5,71.5,71.5,71.5,,16308.0
2004-05-26,72.5,72.5,72.5,72.5,,16242.0
2004-05-27,72.5,72.5,72.5,72.5,,5645.0
2004-05-28,72.5,71.5,71.5,72.5,,10952.0
2004-06-01,71.5,71.5,71.5,71.5,,49208.0
2004-06-02,71.5,71.0,71.0,71.5,,68090.0
2004-06-03,71.0,71.0,71.0,71.0,,91343.0
2004-06-04,71.0,71.0,71.0,71.0,,104684.0
2004-06-07,72.5,71.0,72.5,71.0,,31000.0
2004-06-08,72.5,72.5,72.5,72.5,,40687.0
2004-06-09,72.5,72.5,72.5,72.5,,16766.0
2004-06-10,72.5,72.5,72.5,72.5,,18370.0
2004-06-11,75.5,72.5,75.5,72.5,,538670.0
2004-06-14,76.5,75.5,76.5,75.5,,41174.0
2004-06-15,79.5,76.5,79.5,77.5,,23506.0
2004-06-16,79.5,79.5,79.5,79.5,,19693.0
2004-06-17,79.5,79.5,79.5,79.5,,5984.0
2004-06-18,,,79.5,,,
2004-06-21,79.5,79.5,79.5,79.5,,18604.0
2004-06-22,81.0,79.5,81.0,79.5,,3500.0
2004-06-23,82.5,81.0,82.5,81.0,,4344.0
2004-06-24,82.5,81.5,81.5,82.5,,2848.0
2004-06-25,81.5,81.5,81.5,81.5,,1000.0
2004-06-28,83.5,81.5,83.5,81.5,,24500.0
2004-06-29,83.5,83.5,83.5,83.5,,5500.0
2004-06-30,,,83.5,,,
2004-07-01,83.5,83.5,83.5,83.5,,4000.0
2004-07-02,83.5,82.5,83.5,83.5,,11400.0
2004-07-05,83.5,82.5,82.5,83.5,,4744.0
2004-07-06,,,82.5,,,
2004-07-07,83.5,82.5,83.5,82.5,,5000.0
2004-07-08,,,83.5,,,
2004-07-09,,,83.5,,,
2004-07-12,,,83.5,,,
2004-07-13,83.5,83.5,83.5,83.5,,6455.0
2004-07-14,,,83.5,,,
2004-07-15,,,83.5,,,
2004-07-16,83.5,83.5,83.5,83.5,,15000.0
2004-07-19,83.5,83.5,83.5,83.5,,14120.0
2004-07-20,83.5,82.5,82.5,83.5,,3932.0
2004-07-21,,,82.5,,,
2004-07-22,82.5,81.5,81.5,82.5,,1250.0
2004-07-23,,,81.5,,,
2004-07-26,,,81.5,,,
2004-07-27,82.5,81.5,81.5,82.5,,5005.0
2004-07-28,81.5,81.5,81.5,81.5,,8608.0
2004-07-29,,,81.5,,,
2004-07-30,,,81.5,,,
2004-08-02,81.5,81.5,81.5,81.5,,3000.0
2004-08-03,,,81.5,,,
2004-08-04,,,81.5,,,
2004-08-05,81.5,81.5,81.5,81.5,,3296.0
2004-08-06,81.5,81.5,81.5,81.5,,4800.0
2004-08-09,81.5,81.5,81.5,81.5,,23816.0
2004-08-10,81.5,81.5,81.5,81.5,,25609.0
2004-08-11,81.5,81.5,81.5,81.5,,1190.0
2004-08-12,,,81.5,,,
2004-08-13,,,81.5,,,
2004-08-16,81.5,80.5,81.5,81.5,,16000.0
2004-08-17,,,81.5,,,
2004-08-18,,,81.5,,,
2004-08-19,81.5,81.5,81.5,81.5,,10870.0
2004-08-20,81.5,81.5,81.5,81.5,,500.0
2004-08-23,81.5,81.5,81.5,81.5,,50000.0
2004-08-24,,,81.5,,,
2004-08-25,81.5,81.5,81.5,81.5,,16000.0
2004-08-26,,,81.5,,,
2004-08-27,81.5,81.5,81.5,81.5,,11500.0
2004-08-31,81.5,81.5,81.5,81.5,,3500.0
2004-09-01,,,81.5,,,
2004-09-02,81.5,81.5,81.5,81.5,,2000.0
2004-09-03,81.5,81.5,81.5,81.5,,710.0
2004-09-06,81.5,81.5,81.5,81.5,,3207.0
2004-09-07,81.5,81.5,81.5,81.5,,7000.0
2004-09-08,,,81.5,,,
2004-09-09,,,81.5,,,
2004-09-10,82.5,81.5,82.5,81.5,,4000.0
2004-09-13,88.5,82.5,88.5,82.5,,49560.0
2004-09-14,88.5,88.5,88.5,88.5,,2844.0
2004-09-15,,,88.5,,,
2004-09-16,88.5,88.5,88.5,88.5,,603.0
2004-09-17,88.5,88.5,88.5,88.5,,9650.0
2004-09-20,89.5,88.5,89.5,88.5,,13000.0
2004-09-21,88.5,87.5,88.5,87.5,,66016.0
2004-09-22,88.5,87.5,88.5,88.5,,1000.0
2004-09-23,,,88.5,,,
2004-09-24,90.0,88.5,90.0,88.5,,5500.0
2004-09-27,91.0,90.0,91.0,90.0,,6750.0
2004-09-28,,,91.0,,,
2004-09-29,90.0,90.0,90.0,90.0,,3234.0
2004-09-30,90.0,90.0,90.0,90.0,,2000.0
2004-10-01,90.0,90.0,90.0,90.0,,2000.0
2004-10-04,,,90.0,,,
2004-10-05,90.0,90.0,90.0,90.0,,3000.0
2004-10-06,90.0,90.0,90.0,90.0,,6000.0
2004-10-07,90.0,90.0,90.0,90.0,,3700.0
2004-10-08,,,90.0,,,
2004-10-11,,,90.0,,,
2004-10-13,90.0,90.0,90.0,90.0,,331.0
2004-10-14,,,90.0,,,
2004-10-15,90.0,90.0,90.0,90.0,,1500.0
2004-10-18,90.0,90.0,90.0,90.0,,100.0
2004-10-19,90.5,90.0,90.0,90.0,,909.0
2004-10-20,90.0,90.0,90.0,90.0,,3000.0
2004-10-21,,,90.0,,,
2004-10-22,90.0,90.0,90.0,90.0,,4100.0
2004-10-25,90.0,90.0,90.0,90.0,,4500.0
2004-10-26,,,90.0,,,
2004-10-27,90.5,90.0,90.5,90.0,,13000.0
2004-10-28,90.5,90.5,90.5,90.5,,1942.0
2004-10-29,90.5,90.5,90.5,90.5,,7500.0
2004-11-01,90.5,90.5,90.5,90.5,,7500.0
2004-11-02,90.5,90.5,90.5,90.5,,11000.0
2004-11-03,93.5,90.5,93.5,90.5,,8300.0
2004-11-04,93.5,93.5,93.5,93.5,,3800.0
2004-11-05,94.5,93.5,93.5,94.5,,104644.0
2004-11-08,99.5,93.5,99.5,93.5,,96466.0
2004-11-09,100.0,99.5,100.0,99.5,,68171.0
2004-11-10,100.0,99.5,99.5,100.0,,21300.0
2004-11-11,,,100.0,,,
2004-11-12,100.0,100.0,100.0,100.0,,3781.0
2004-11-15,100.0,99.5,99.5,100.0,,5994.0
2004-11-16,100.0,99.5,100.0,99.5,,57150.0
2004-11-17,100.0,100.0,100.0,100.0,,68573.0
2004-11-18,100.0,100.0,100.0,100.0,,2200.0
2004-11-19,,,100.0,,,
2004-11-22,,,100.0,,,
2004-11-23,100.0,100.0,100.0,100.0,,10000.0
2004-11-24,100.0,100.0,100.0,100.0,,3352.0
2004-11-25,100.0,100.0,100.0,100.0,,2003.0
2004-11-26,100.0,100.0,100.0,100.0,,10842.0
2004-11-29,,,100.0,,,
2004-11-30,100.0,100.0,100.0,100.0,,500.0
2004-12-01,100.0,99.5,99.5,100.0,,7500.0
2004-12-02,99.5,99.5,99.5,99.5,,1200.0
2004-12-03,,,99.5,,,
2004-12-06,99.5,99.5,99.5,99.5,,2000.0
2004-12-07,99.5,99.5,99.5,99.5,,4000.0
2004-12-08,,,99.5,,,
2004-12-09,99.5,99.5,99.5,99.5,,96.0
2004-12-10,99.5,99.5,99.5,99.5,,3500.0
2004-12-13,99.5,99.5,99.5,99.5,,1448.0
2004-12-14,,,99.5,,,
2004-12-15,99.5,99.5,99.5,99.5,,5000.0
2004-12-16,100.0,99.5,100.0,99.5,,10842.0
2004-12-17,100.0,100.0,100.0,100.0,,600.0
2004-12-20,,,100.0,,,
2004-12-21,100.0,100.0,100.0,100.0,,13600.0
2004-12-22,101.5,100.0,101.5,100.0,,9223.0
2004-12-23,,,101.5,,,
2004-12-24,,,101.5,,,
2004-12-29,,,101.5,,,
2004-12-30,101.5,101.5,101.5,101.5,,2426.0
2004-12-31,,,101.5,,,
2005-01-04,105.5,101.5,105.5,101.5,,14620.0
2005-01-05,105.5,105.5,105.5,105.5,,115200.0
2005-01-06,106.0,105.5,105.5,105.5,,7000.0
2005-01-07,105.5,105.5,105.5,105.5,,12400.0
2005-01-10,105.5,105.5,105.5,105.5,,8235.0
2005-01-11,105.5,105.5,105.5,105.5,,333.0
2005-01-12,107.0,105.5,107.0,105.5,,2455.0
2005-01-13,107.0,107.0,107.0,107.0,,182.0
2005-01-14,109.5,107.0,109.5,107.0,,24096.0
2005-01-17,110.0,109.5,110.0,109.5,,43448.0
2005-01-18,110.0,109.0,109.0,110.0,,27363.0
2005-01-19,109.5,109.0,109.5,109.0,,6853.0
2005-01-20,109.5,108.5,108.5,109.5,,267.0
2005-01-21,,,108.5,,,
2005-01-24,108.5,108.5,108.5,108.5,,613.0
2005-01-25,,,108.5,,,
2005-01-26,108.5,108.5,108.5,108.5,,1089.0
2005-01-27,,,108.5,,,
2005-01-28,,,108.5,,,
2005-01-31,108.5,108.5,108.5,108.5,,4210.0
2005-02-01,108.5,108.5,108.5,108.5,,2000.0
2005-02-02,108.5,108.5,108.5,108.5,,3800.0
2005-02-03,,,108.5,,,
2005-02-04,108.5,108.5,108.5,108.5,,36800.0
2005-02-07,108.5,108.5,108.5,108.5,,4249.0
2005-02-08,108.5,108.5,108.5,108.5,,4900.0
2005-02-09,,,108.5,,,
2005-02-10,108.5,108.5,108.5,108.5,,43550.0
2005-02-11,108.5,108.5,108.5,108.5,,2000.0
2005-02-14,108.5,108.5,108.5,108.5,,2520.0
2005-02-15,108.5,108.5,108.5,108.5,,13545.0
2005-02-16,108.5,108.5,108.5,108.5,,1708.0
2005-02-17,,,108.5,,,
2005-02-18,,,108.5,,,
2005-02-21,108.5,108.5,108.5,108.5,,23355.0
2005-02-22,,,108.5,,,
2005-02-23,108.5,108.5,108.5,108.5,,4500.0
2005-02-24,108.5,108.5,108.5,108.5,,2600.0
2005-02-25,108.5,108.5,108.5,108.5,,1061.0
2005-02-28,108.5,108.5,108.5,108.5,,6500.0
2005-03-01,107.5,107.5,107.5,107.5,,759.0
2005-03-02,,,107.5,,,
2005-03-03,107.5,106.5,106.5,107.5,,5155.0
2005-03-04,106.5,106.5,106.5,106.5,,2105.0
2005-03-07,,,106.5,,,
2005-03-08,,,106.5,,,
2005-03-09,,,106.5,,,
2005-03-10,,,106.5,,,
2005-03-11,106.5,106.5,106.5,106.5,,2500.0
2005-03-14,106.5,106.5,106.5,106.5,,3865.0
2005-03-15,106.5,106.5,106.5,106.5,,1000.0
2005-03-16,106.5,106.5,106.5,106.5,,3500.0
2005-03-17,,,106.5,,,
2005-03-18,106.5,106.5,106.5,106.5,,1900.0
2005-03-21,,,106.5,,,
2005-03-22,106.5,106.5,106.5,106.5,,5707.0
2005-03-23,,,106.5,,,
2005-03-24,106.5,106.5,106.5,106.5,,232.0
2005-03-29,106.5,106.5,106.5,106.5,,1000.0
2005-03-30,106.5,106.5,106.5,106.5,,3655.0
2005-03-31,,,106.5,,,
2005-04-01,,,106.5,,,
2005-04-04,,,106.5,,,
2005-04-05,106.5,106.5,106.5,106.5,,5000.0
2005-04-06,106.5,104.5,104.5,106.5,,5000.0
2005-04-07,105.0,104.5,104.5,104.5,,8018.0
2005-04-08,104.0,103.5,104.0,103.5,,3320.0
2005-04-11,104.0,103.5,103.5,104.0,,2500.0
2005-04-12,103.5,103.5,103.5,103.5,,7530.0
2005-04-13,103.5,103.0,103.0,103.5,,3277.0
2005-04-14,103.0,103.0,103.0,103.0,,430.0
2005-04-15,103.0,103.0,103.0,103.0,,1948.0
2005-04-18,103.0,100.5,101.5,103.0,,12180.0
2005-04-19,102.5,100.5,102.5,101.5,,26333.0
2005-04-20,102.5,102.5,102.5,102.5,,5950.0
2005-04-21,109.5,105.0,109.5,105.0,,53595.0
2005-04-22,110.0,109.5,110.0,109.5,,36500.0
2005-04-25,111.0,110.0,111.0,110.0,,23506.0
2005-04-26,112.5,112.0,112.5,112.0,,915.0
2005-04-27,112.5,112.5,112.5,112.5,,5872.0
2005-04-28,113.5,112.5,113.5,112.5,,12220.0
2005-04-29,113.5,113.5,113.5,113.5,,5500.0
2005-05-03,115.5,113.5,115.5,113.5,,9134.0
2005-05-04,115.5,115.5,115.5,115.5,,5600.0
2005-05-05,121.0,115.5,121.0,115.5,,8900.0
2005-05-06,122.5,121.0,122.5,121.0,,5276.0
2005-05-09,124.5,122.5,124.5,122.5,,6777.0
2005-05-10,124.5,124.5,124.5,124.5,,18700.0
2005-05-11,124.5,124.5,124.5,124.5,,1200.0
2005-05-12,124.5,124.5,124.5,124.5,,1562.0
2005-05-13,124.5,124.5,124.5,124.5,,235.0
2005-05-16,124.5,124.0,124.0,124.5,,3836.0
2005-05-17,,,124.0,,,
2005-05-18,124.0,121.5,121.5,124.0,,6700.0
2005-05-19,121.5,120.0,120.0,121.5,,6852.0
2005-05-20,120.5,115.5,115.5,120.5,,3000.0
2005-05-23,115.5,115.5,115.5,115.5,,942.0
2005-05-24,,,115.5,,,
2005-05-25,115.5,115.5,115.5,115.5,,4100.0
2005-05-26,116.0,115.5,116.0,115.5,,2000.0
2005-05-27,116.5,116.0,116.5,116.0,,1834.0
2005-05-31,116.5,116.0,116.0,116.5,,5705.0
2005-06-01,111.5,105.5,105.5,111.5,,9965.0
2005-06-02,,,105.5,,,
2005-06-03,105.5,103.5,104.0,105.5,,11917.0
2005-06-06,105.0,103.5,103.5,105.0,,9977.0
2005-06-07,103.5,103.5,103.5,103.5,,5000.0
2005-06-08,103.5,103.5,103.5,103.5,,42500.0
2005-06-09,,,103.5,,,
2005-06-10,,,103.5,,,
2005-06-13,,,103.5,,,
2005-06-14,103.5,103.5,103.5,103.5,,3000.0
2005-06-15,103.5,103.5,103.5,103.5,,6000.0
2005-06-16,,,103.5,,,
2005-06-17,103.5,103.5,103.5,103.5,,952.0
2005-06-20,103.5,103.5,103.5,103.5,,7000.0
2005-06-21,103.5,103.5,103.5,103.5,,2500.0
2005-06-22,110.0,103.5,110.0,103.5,,11000.0
2005-06-23,115.0,109.5,115.0,109.5,,30531.0
2005-06-24,117.5,115.0,117.5,115.0,,2664.0
2005-06-27,,,117.5,,,
2005-06-28,117.5,117.5,117.5,117.5,,4250.0
2005-06-29,117.5,117.5,117.5,117.5,,12900.0
2005-06-30,,,117.5,,,
2005-07-01,,,117.5,,,
2005-07-04,117.5,115.5,115.5,117.5,,8000.0
2005-07-05,115.5,112.0,112.0,115.5,,15000.0
2005-07-06,112.0,112.0,112.0,112.0,,7939.0
2005-07-07,,,112.0,,,
2005-07-08,112.0,112.0,112.0,112.0,,900.0
2005-07-11,112.0,112.0,112.0,112.0,,4213.0
2005-07-12,,,112.0,,,
2005-07-13,112.0,112.0,112.0,112.0,,30000.0
2005-07-14,109.5,109.0,109.0,109.5,,400.0
2005-07-15,109.0,109.0,109.0,109.0,,500.0
2005-07-18,,,109.0,,,
2005-07-19,,,109.0,,,
2005-07-20,,,109.0,,,
2005-07-21,109.0,109.0,109.0,109.0,,13375.0
2005-07-22,108.5,108.5,108.5,108.5,,4372.0
2005-07-25,108.5,108.5,108.5,108.5,,46939.0
2005-07-26,108.5,108.0,108.0,108.5,,11835.0
2005-07-27,108.0,108.0,108.0,108.0,,1000.0
2005-07-28,,,108.0,,,
2005-07-29,108.0,108.0,108.0,108.0,,9911.0
2005-08-01,108.0,108.0,108.0,108.0,,13017.0
2005-08-02,108.0,108.0,108.0,108.0,,600.0
2005-08-03,,,108.0,,,
2005-08-04,,,108.0,,,
2005-08-05,,,108.0,,,
2005-08-08,108.0,108.0,108.0,108.0,,3392.0
2005-08-09,,,108.0,,,
2005-08-10,108.0,108.0,108.0,108.0,,1142.0
2005-08-11,108.0,108.0,108.0,108.0,,2175.0
2005-08-12,108.0,108.0,108.0,108.0,,5000.0
2005-08-15,108.0,108.0,108.0,108.0,,12872.0
2005-08-16,,,108.0,,,
2005-08-17,,,108.0,,,
2005-08-18,108.0,108.0,108.0,108.0,,5540.0
2005-08-19,108.0,108.0,108.0,108.0,,1000.0
2005-08-22,108.0,108.0,108.0,108.0,,5000.0
2005-08-23,108.0,108.0,108.0,108.0,,1500.0
2005-08-24,108.0,108.0,108.0,108.0,,43690.0
2005-08-25,108.0,108.0,108.0,108.0,,5000.0
2005-08-26,,,108.0,,,
2005-08-30,,,108.0,,,
2005-08-31,108.0,108.0,108.0,108.0,,7000.0
2005-09-01,,,108.0,,,
2005-09-02,108.0,108.0,108.0,108.0,,3400.0
2005-09-05,108.0,108.0,108.0,108.0,,2500.0
2005-09-06,,,108.0,,,
2005-09-07,,,108.0,,,
2005-09-08,108.0,108.0,108.0,108.0,,4920.0
2005-09-09,108.0,108.0,108.0,108.0,,20000.0
2005-09-12,108.0,108.0,108.0,108.0,,4500.0
2005-09-13,,,108.0,,,
2005-09-14,108.0,108.0,108.0,108.0,,2913.0
2005-09-15,108.0,108.0,108.0,108.0,,49.0
2005-09-16,,,108.0,,,
2005-09-19,,,108.0,,,
2005-09-20,,,108.0,,,
2005-09-21,,,108.0,,,
2005-09-22,108.0,108.0,108.0,108.0,,1435.0
2005-09-23,108.0,108.0,108.0,108.0,,2000.0
2005-09-26,108.5,108.0,108.5,108.0,,45800.0
2005-09-27,108.5,108.5,108.5,108.5,,15000.0
2005-09-28,114.5,108.5,114.5,108.5,,3750.0
2005-09-29,115.5,114.5,115.5,114.5,,13594.0
2005-09-30,,,115.5,,,
2005-10-03,119.5,115.5,119.5,115.5,,67068.0
2005-10-04,120.0,119.5,120.0,119.5,,30000.0
2005-10-05,119.5,119.5,119.5,119.5,,23000.0
2005-10-06,119.5,115.5,115.5,119.5,,4333.0
2005-10-07,115.5,115.5,115.5,115.5,,1000.0
2005-10-10,115.5,115.5,115.5,115.5,,2340.0
2005-10-11,115.5,115.5,115.5,115.5,,2700.0
2005-10-12,115.5,115.5,115.5,115.5,,9000.0
2005-10-13,115.5,113.0,113.0,115.5,,8546.0
2005-10-14,113.0,112.5,112.5,113.0,,2500.0
2005-10-17,112.5,112.5,112.5,112.5,,2000.0
2005-10-18,112.5,112.0,112.0,112.5,,2312.0
2005-10-19,112.0,112.0,112.0,112.0,,1754.0
2005-10-20,114.5,112.0,114.5,112.0,,26450.0
2005-10-21,114.5,114.5,114.5,114.5,,40227.0
2005-10-24,114.5,114.5,114.5,114.5,,6300.0
2005-10-25,,,114.5,,,
2005-10-26,114.5,114.5,114.5,114.5,,2624.0
2005-10-27,114.5,114.5,114.5,114.5,,500.0
2005-10-28,,,114.5,,,
2005-10-31,,,114.5,,,
2005-11-01,115.0,114.5,114.5,114.5,,24000.0
2005-11-02,,,114.5,,,
2005-11-03,115.0,114.5,115.0,114.5,,15000.0
2005-11-04,116.5,115.0,116.5,115.0,,36421.0
2005-11-07,,,116.5,,,
2005-11-08,118.5,116.5,118.5,116.5,,7500.0
2005-11-09,121.0,118.5,121.0,118.5,,8281.0
2005-11-10,121.0,121.0,121.0,121.0,,1500.0
2005-11-11,,,122.5,,,
2005-11-14,122.5,122.5,122.5,122.5,,6453.0
2005-11-15,122.5,122.5,122.5,122.5,,861.0
2005-11-16,,,122.5,,,
2005-11-17,122.5,122.5,122.5,122.5,,1195.0
2005-11-18,122.5,122.5,122.5,122.5,,2000.0
2005-11-21,122.5,122.5,122.5,122.5,,2000.0
2005-11-22,,,122.5,,,
2005-11-23,,,122.5,,,
2005-11-24,,,122.5,,,
2005-11-25,122.5,122.5,122.5,122.5,,8931.0
2005-11-28,,,122.5,,,
2005-11-29,,,122.5,,,
2005-11-30,,,122.5,,,
2005-12-01,122.5,122.5,122.5,122.5,,4060.0
2005-12-02,122.5,122.5,122.5,122.5,,2055.0
2005-12-05,122.5,122.5,122.5,122.5,,5000.0
2005-12-06,122.5,122.5,122.5,122.5,,200.0
2005-12-07,122.5,122.5,122.5,122.5,,2458.0
2005-12-08,122.5,121.5,121.5,122.5,,1800.0
2005-12-09,121.5,121.5,121.5,121.5,,3670.0
2005-12-12,,,121.5,,,
2005-12-13,121.5,120.5,120.5,121.5,,7250.0
2005-12-14,120.5,120.5,120.5,120.5,,1344.0
2005-12-15,120.5,120.5,120.5,120.5,,44.0
2005-12-16,120.5,120.5,120.5,120.5,,4604.0
2005-12-19,,,120.5,,,
2005-12-20,120.5,120.5,120.5,120.5,,5000.0
2005-12-21,120.5,120.5,120.5,120.5,,5500.0
2005-12-22,,,120.5,,,
2005-12-23,,,120.5,,,
2005-12-28,120.5,120.5,120.5,120.5,,1000.0
2005-12-29,,,120.5,,,
2005-12-30,120.5,120.5,120.5,120.5,,1700.0
2006-01-03,,,120.5,,,
2006-01-04,,,120.5,,,
2006-01-05,120.5,120.5,120.5,120.5,,700.0
2006-01-06,120.5,120.5,120.5,120.5,,17178.0
2006-01-09,120.5,120.5,120.5,120.5,,4999.0
2006-01-10,120.5,120.0,120.0,120.5,,4175.0
2006-01-11,,,120.0,,,
2006-01-12,120.0,120.0,120.0,120.0,,3000.0
2006-01-13,120.0,118.0,118.0,120.0,,1719.0
2006-01-16,118.0,118.0,118.0,118.0,,18089.0
2006-01-17,118.0,118.0,118.0,118.0,,872.0
2006-01-18,118.0,118.0,118.0,118.0,,2000.0
2006-01-19,,,118.0,,,
2006-01-20,,,118.0,,,
2006-01-23,118.0,118.0,118.0,118.0,,3368.0
2006-01-24,,,118.0,,,
2006-01-25,,,118.0,,,
2006-01-26,,,118.0,,,
2006-01-27,118.0,117.5,117.5,118.0,,16900.0
2006-01-30,,,117.5,,,
2006-01-31,117.5,117.5,117.5,117.5,,15187.0
2006-02-01,117.5,117.5,117.5,117.5,,3008.0
2006-02-02,117.5,117.5,117.5,117.5,,4000.0
2006-02-03,,,117.5,,,
2006-02-06,117.5,115.5,115.5,117.5,,6500.0
2006-02-07,115.5,115.5,115.5,115.5,,110000.0
2006-02-08,115.5,115.5,115.5,115.5,,550.0
2006-02-09,115.5,115.5,115.5,115.5,,1000.0
2006-02-10,115.5,115.5,115.5,115.5,,1546.0
2006-02-13,,,115.5,,,
2006-02-14,,,115.5,,,
2006-02-15,115.5,115.5,115.5,115.5,,1676.0
2006-02-16,115.5,115.0,115.0,115.5,,2250.0
2006-02-17,115.0,115.0,115.0,115.0,,4345.0
2006-02-20,115.0,114.5,115.0,114.5,,2128.0
2006-02-21,115.0,115.0,115.0,115.0,,2685.0
2006-02-22,115.0,115.0,115.0,115.0,,12000.0
2006-02-23,115.0,115.0,115.0,115.0,,630.0
2006-02-24,,,115.0,,,
2006-02-27,115.0,115.0,115.0,115.0,,34400.0
2006-02-28,114.0,114.0,114.0,114.0,,1400.0
2006-03-01,,,114.0,,,
2006-03-02,114.0,114.0,114.0,114.0,,1000.0
2006-03-03,,,114.0,,,
2006-03-06,114.0,114.0,114.0,114.0,,2700.0
2006-03-07,114.5,114.0,114.5,114.0,,10250.0
2006-03-08,,,114.5,,,
2006-03-09,114.5,114.5,114.5,114.5,,98924.0
2006-03-10,114.5,114.5,114.5,114.5,,100.0
2006-03-13,114.5,114.5,114.5,114.5,,8783.0
2006-03-14,114.5,114.5,114.5,114.5,,39543.0
2006-03-15,114.5,113.5,113.5,114.5,,12385.0
2006-03-16,,,113.5,,,
2006-03-17,,,113.5,,,
2006-03-20,113.5,113.5,113.5,113.5,,970.0
2006-03-21,,,113.5,,,
2006-03-22,113.5,113.5,113.5,113.5,,5000.0
2006-03-23,,,113.5,,,
2006-03-24,113.5,112.5,112.5,113.5,,12270.0
2006-03-27,112.5,112.0,112.0,112.5,,4483.0
2006-03-28,112.0,112.0,112.0,112.0,,9650.0
2006-03-29,112.0,112.0,112.0,112.0,,8767.0
2006-03-30,112.0,112.0,112.0,112.0,,25000.0
2006-03-31,112.0,112.0,112.0,112.0,,10.0
2006-04-03,112.0,112.0,112.0,112.0,,3750.0
2006-04-04,112.0,112.0,112.0,112.0,,3000.0
2006-04-05,112.0,112.0,112.0,112.0,,800.0
2006-04-06,,,112.0,,,
2006-04-07,,,112.0,,,
2006-04-10,112.0,112.0,112.0,112.0,,20000.0
2006-04-11,112.0,112.0,112.0,112.0,,2737.0
2006-04-12,112.5,112.0,112.0,112.0,,20000.0
2006-04-13,112.0,112.0,112.0,112.0,,7488.0
2006-04-18,111.5,111.5,111.5,111.5,,32600.0
2006-04-19,,,111.5,,,
2006-04-20,,,111.5,,,
2006-04-21,111.5,111.5,111.5,111.5,,449.0
2006-04-24,112.0,111.5,112.0,111.5,,7735.0
2006-04-25,,,112.0,,,
2006-04-26,113.5,112.0,113.5,112.0,,31000.0
2006-04-27,115.5,115.5,115.5,115.5,,27585.0
2006-04-28,,,115.5,,,
2006-05-02,,,115.5,,,
2006-05-03,,,115.5,,,
2006-05-04,116.0,115.5,116.0,115.5,,4232.0
2006-05-05,116.0,116.0,116.0,116.0,,88.0
2006-05-08,118.5,116.0,118.5,116.0,,23600.0
2006-05-09,120.5,118.5,120.5,118.5,,4000.0
2006-05-10,120.5,120.5,120.5,120.5,,15813.0
2006-05-11,122.5,120.5,122.5,120.5,,4000.0
2006-05-12,127.5,122.5,127.5,122.5,,10902.0
2006-05-15,127.5,125.5,125.5,127.5,,4073.0
2006-05-16,124.5,124.5,124.5,124.5,,14000.0
2006-05-17,124.5,123.5,123.5,124.5,,10692.0
2006-05-18,122.5,122.5,122.5,122.5,,2000.0
2006-05-19,,,122.5,,,
2006-05-22,122.5,122.5,122.5,122.5,,5421.0
2006-05-23,122.5,122.5,122.5,122.5,,5000.0
2006-05-24,117.5,117.0,117.0,117.5,,5000.0
2006-05-25,117.0,114.5,114.5,117.0,,2500.0
2006-05-26,115.0,114.5,115.0,114.5,,500.0
2006-05-30,,,115.0,,,
2006-05-31,115.0,114.5,114.5,115.0,,19800.0
2006-06-01,,,114.5,,,
2006-06-02,114.5,114.5,114.5,114.5,,4000.0
2006-06-05,,,114.5,,,
2006-06-06,114.5,114.5,114.5,114.5,,1000.0
2006-06-07,114.5,114.5,114.5,114.5,,7700.0
2006-06-08,114.5,113.5,113.5,114.5,,5000.0
2006-06-09,113.5,113.5,113.5,113.5,,2402.0
2006-06-12,113.5,113.5,113.5,113.5,,300.0
2006-06-13,113.5,111.5,111.5,113.5,,7500.0
2006-06-14,111.5,107.5,107.5,111.5,,5320.0
2006-06-15,107.5,107.0,107.0,107.5,,81137.0
2006-06-16,107.0,107.0,107.0,107.0,,11794.0
2006-06-19,106.5,105.5,105.5,106.5,,34379.0
2006-06-20,105.5,105.5,105.5,105.5,,3572.0
2006-06-21,106.5,105.5,106.5,105.5,,19400.0
2006-06-22,106.5,105.0,105.0,106.5,,1000.0
2006-06-23,105.0,105.0,105.0,105.0,,1700.0
2006-06-26,105.0,102.5,102.5,105.0,,24232.0
2006-06-27,102.5,102.5,102.5,102.5,,2814.0
2006-06-28,,,102.5,,,
2006-06-29,,,102.5,,,
2006-06-30,,,102.5,,,
2006-07-03,102.5,102.5,102.5,102.5,,5000.0
2006-07-04,109.5,102.5,109.5,102.5,,15910.0
2006-07-05,109.5,108.5,108.5,109.5,,10000.0
2006-07-06,106.5,106.5,106.5,106.5,,4000.0
2006-07-07,,,106.5,,,
2006-07-10,,,106.5,,,
2006-07-11,106.5,106.5,106.5,106.5,,3000.0
2006-07-12,106.5,105.0,105.0,106.5,,12150.0
2006-07-13,,,104.5,,,
2006-07-14,,,104.5,,,
2006-07-17,104.5,104.5,104.5,104.5,,3000.0
2006-07-18,,,104.5,,,
2006-07-19,104.5,104.5,104.5,104.5,,850.0
2006-07-20,104.5,104.5,104.5,104.5,,10400.0
2006-07-21,103.5,103.5,103.5,103.5,,5563.0
2006-07-24,103.5,103.5,103.5,103.5,,20234.0
2006-07-25,103.5,103.5,103.5,103.5,,2500.0
2006-07-26,103.5,103.5,103.5,103.5,,18148.0
2006-07-27,,,103.5,,,
2006-07-28,,,103.5,,,
2006-07-31,,,103.5,,,
2006-08-01,,,103.5,,,
2006-08-02,,,103.5,,,
2006-08-03,103.5,100.5,100.5,103.5,,3000.0
2006-08-04,100.5,100.5,100.5,100.5,,478.0
2006-08-07,101.5,100.5,101.5,100.5,,11392.0
2006-08-08,101.5,99.5,99.5,101.5,,10000.0
2006-08-09,,,99.5,,,
2006-08-10,99.5,96.5,96.5,99.5,,1000.0
2006-08-11,96.5,96.5,96.5,96.5,,1000.0
2006-08-14,97.0,96.5,97.0,96.5,,27550.0
2006-08-15,105.0,97.0,105.0,97.0,,39500.0
2006-08-16,108.5,105.0,108.5,105.0,,13600.0
2006-08-17,,,108.5,,,
2006-08-18,108.5,108.5,108.5,108.5,,11624.0
2006-08-21,,,108.5,,,
2006-08-22,,,108.5,,,
2006-08-23,108.5,108.5,108.5,108.5,,1750.0
2006-08-24,,,108.5,,,
2006-08-25,,,108.5,,,
2006-08-29,,,108.5,,,
2006-08-30,108.5,108.5,108.5,108.5,,5508.0
2006-08-31,,,108.5,,,
2006-09-01,,,108.5,,,
2006-09-04,109.5,108.5,109.5,108.5,,8000.0
2006-09-05,110.0,109.5,110.0,109.5,,4903.0
2006-09-06,111.0,110.0,111.0,110.0,,5000.0
2006-09-07,,,112.5,,,
2006-09-08,115.5,112.5,115.5,112.5,,6750.0
2006-09-11,115.5,115.5,115.5,115.5,,10000.0
2006-09-12,115.5,115.5,115.5,115.5,,1200.0
2006-09-13,115.5,115.5,115.5,115.5,,986.0
2006-09-14,115.5,115.5,115.5,115.5,,1795.0
2006-09-15,,,115.5,,,
2006-09-18,115.5,115.5,115.5,115.5,,12800.0
2006-09-19,,,115.5,,,
2006-09-20,115.5,115.0,115.0,115.5,,1000.0
2006-09-21,115.0,115.0,115.0,115.0,,10000.0
2006-09-22,,,115.0,,,
2006-09-25,115.0,115.0,115.0,115.0,,1170.0
2006-09-26,115.0,114.5,114.5,115.0,,8000.0
2006-09-27,112.5,111.5,111.5,112.5,,7000.0
2006-09-28,111.5,110.0,110.0,111.5,,36042.0
2006-09-29,110.0,110.0,110.0,110.0,,3678.0
2006-10-02,110.0,110.0,110.0,110.0,,8250.0
2006-10-03,110.0,110.0,110.0,110.0,,3664.0
2006-10-04,109.0,109.0,109.0,109.0,,3000.0
2006-10-05,109.0,109.0,109.0,109.0,,3780.0
2006-10-06,109.0,107.5,107.5,109.0,,660.0
2006-10-09,110.5,107.5,110.5,107.5,,41000.0
2006-10-10,110.5,110.5,110.5,110.5,,7000.0
2006-10-11,,,110.5,,,
2006-10-12,111.5,110.5,111.5,110.5,,17360.0
2006-10-13,112.0,112.0,112.0,112.0,,8668.0
2006-10-16,112.0,111.5,111.5,112.0,,5400.0
2006-10-17,111.5,111.5,111.5,111.5,,46.0
2006-10-18,111.5,111.5,111.5,111.5,,10000.0
2006-10-19,111.5,110.5,111.5,111.5,,5245.0
2006-10-20,,,111.5,,,
2006-10-23,,,111.5,,,
2006-10-24,,,111.5,,,
2006-10-25,111.5,111.5,111.5,111.5,,2076.0
2006-10-26,112.5,111.5,112.5,111.5,,2500.0
2006-10-27,,,112.5,,,
2006-10-30,113.5,111.5,113.5,111.5,,5320.0
2006-10-31,113.5,113.5,113.5,113.5,,1000.0
2006-11-01,113.5,113.5,113.5,113.5,,1875.0
2006-11-02,,,113.5,,,
2006-11-03,115.0,113.5,115.0,113.5,,9300.0
2006-11-06,122.0,115.0,122.0,115.0,,61657.0
2006-11-07,124.5,122.0,124.0,122.0,,15594.0
2006-11-08,127.5,124.0,127.5,124.0,,27146.0
2006-11-09,127.5,124.0,125.5,127.5,,45122.0
2006-11-10,126.5,125.5,126.5,125.5,,32469.0
2006-11-13,127.5,126.5,127.5,126.5,,48900.0
2006-11-14,128.5,127.5,128.5,127.5,,10000.0
2006-11-15,128.5,128.5,128.5,128.5,,19205.0
2006-11-16,128.5,127.0,127.0,128.5,,54249.0
2006-11-17,127.0,127.0,127.0,127.0,,17632.0
2006-11-20,127.0,127.0,127.0,127.0,,4739.0
2006-11-21,127.0,126.0,126.0,127.0,,1800.0
2006-11-22,,,126.0,,,
2006-11-23,126.0,126.0,126.0,126.0,,500.0
2006-11-24,126.0,123.0,123.0,126.0,,9584.0
2006-11-27,123.0,122.0,122.0,123.0,,5009.0
2006-11-28,122.0,122.0,122.0,122.0,,4008.0
2006-11-29,122.0,121.5,121.5,122.0,,9015.0
2006-11-30,121.5,121.5,121.5,121.5,,6250.0
2006-12-01,121.5,121.5,121.5,121.5,,500.0
2006-12-04,121.5,121.5,121.5,121.5,,2000.0
2006-12-05,,,121.5,,,
2006-12-06,121.5,119.5,119.5,121.5,,19175.0
2006-12-07,119.5,119.5,119.5,119.5,,2000.0
2006-12-08,119.5,119.5,119.5,119.5,,3935.0
2006-12-11,119.5,119.5,119.5,119.5,,11801.0
2006-12-12,,,119.5,,,
2006-12-13,,,119.5,,,
2006-12-14,119.5,119.5,119.5,119.5,,1000.0
2006-12-15,119.5,118.0,118.0,119.5,,10000.0
2006-12-18,118.0,114.0,114.0,118.0,,12500.0
2006-12-19,114.0,114.0,114.0,114.0,,19820.0
2006-12-20,114.0,114.0,114.0,114.0,,1874.0
2006-12-21,,,113.5,,,
2006-12-22,113.5,113.5,113.5,113.5,,1500.0
2006-12-27,113.5,112.0,112.0,113.5,,10518.0
2006-12-28,112.0,110.0,110.0,112.0,,5000.0
2006-12-29,111.0,110.0,111.0,110.0,,5000.0
2007-01-02,112.5,111.0,112.5,111.0,,2881.0
2007-01-03,112.5,112.5,112.5,112.5,,1000.0
2007-01-04,,,112.5,,,
2007-01-05,113.5,112.5,113.5,112.5,,864.0
2007-01-08,116.5,113.5,116.5,113.5,,8963.0
2007-01-09,119.0,116.5,119.0,116.5,,10601.0
2007-01-10,,,119.0,,,
2007-01-11,122.5,119.0,120.5,119.0,,20000.0
2007-01-12,120.5,116.5,116.5,120.5,,10000.0
2007-01-15,116.5,116.5,116.5,116.5,,2268.0
2007-01-16,,,116.5,,,
2007-01-17,120.0,116.5,120.0,116.5,,6500.0
2007-01-18,120.5,120.0,120.0,120.5,,9200.0
2007-01-19,120.5,120.0,120.5,120.0,,2000.0
2007-01-22,120.5,117.5,117.5,120.5,,4598.0
2007-01-23,117.5,117.5,117.5,117.5,,12750.0
2007-01-24,117.5,117.5,117.5,117.5,,6000.0
2007-01-25,118.5,117.5,118.5,117.5,,2881.0
2007-01-26,,,118.5,,,
2007-01-29,118.5,117.5,117.5,118.5,,6808.0
2007-01-30,,,117.5,,,
2007-01-31,,,117.5,,,
2007-02-01,118.5,117.5,118.5,117.5,,2000.0
2007-02-02,118.5,118.5,118.5,118.5,,3306.0
2007-02-05,123.0,118.5,123.0,118.5,,2477.0
2007-02-06,123.0,123.0,123.0,123.0,,2000.0
2007-02-07,123.0,121.0,121.0,123.0,,5483.0
2007-02-08,121.0,121.0,121.0,121.0,,1000.0
2007-02-09,,,121.5,,,
2007-02-12,122.5,120.5,121.5,122.5,,8393.0
2007-02-13,,,121.5,,,
2007-02-14,,,121.5,,,
2007-02-15,121.5,121.5,121.5,121.5,,500.0
2007-02-16,122.5,121.5,122.5,122.0,,2000.0
2007-02-19,124.5,122.5,124.0,124.5,,6300.0
2007-02-20,,,124.0,,,
2007-02-21,124.0,124.0,124.0,124.0,,2500.0
2007-02-22,124.0,124.0,124.0,124.0,,6003.0
2007-02-23,124.0,124.0,124.0,124.0,,7000.0
2007-02-26,124.0,124.0,124.0,124.0,,1370.0
2007-02-27,124.0,121.5,121.5,124.0,,4000.0
2007-02-28,118.5,118.5,118.5,118.5,,3714.0
2007-03-01,118.5,118.5,118.5,118.5,,2508.0
2007-03-02,118.5,118.5,118.5,118.5,,92.0
2007-03-05,118.5,116.5,116.5,118.5,,4068.0
2007-03-06,116.5,116.5,116.5,116.5,,4206.0
2007-03-07,,,116.5,,,
2007-03-08,,,117.5,,,
2007-03-09,,,117.5,,,
2007-03-12,,,117.5,,,
2007-03-13,117.5,117.5,117.5,117.5,,12500.0
2007-03-14,,,117.5,,,
2007-03-15,,,117.5,,,
2007-03-16,117.5,117.5,117.5,117.5,,13500.0
2007-03-19,117.5,117.5,117.5,117.5,,10000.0
2007-03-20,,,117.5,,,
2007-03-21,117.5,113.5,115.0,117.5,,10500.0
2007-03-22,,,116.0,,,
2007-03-23,116.0,116.0,116.0,116.0,,350.0
2007-03-26,,,116.0,,,
2007-03-27,,,116.0,,,
2007-03-28,116.0,113.5,113.5,116.0,,6000.0
2007-03-29,113.5,113.5,113.5,113.5,,8.0
2007-03-30,114.0,113.5,114.0,113.5,,2625.0
2007-04-02,114.5,113.5,114.0,114.0,,12550.0
2007-04-03,114.0,113.5,113.5,114.0,,1125.0
2007-04-04,113.5,113.5,113.5,113.5,,2000.0
2007-04-05,114.0,113.5,113.5,113.5,,4005.0
2007-04-10,,,113.5,,,
2007-04-11,113.5,112.5,112.5,113.5,,5633.0
2007-04-12,,,112.5,,,
2007-04-13,112.5,112.5,112.5,112.5,,3000.0
2007-04-16,113.5,112.5,113.5,112.5,,9890.0
2007-04-17,113.5,113.5,113.5,113.5,,5957.0
2007-04-18,,,113.5,,,
2007-04-19,,,113.5,,,
2007-04-20,113.5,113.5,113.5,113.5,,12519.0
2007-04-23,114.5,113.5,114.5,113.5,,4758.0
2007-04-24,,,114.5,,,
2007-04-25,114.5,114.5,114.5,114.5,,1000.0
2007-04-26,,,114.5,,,
2007-04-27,114.5,114.5,114.5,114.5,,8.0
2007-04-30,121.0,115.0,121.0,115.0,,20960.0
2007-05-01,126.5,121.0,126.5,121.0,,14813.0
2007-05-02,126.5,126.5,126.5,126.5,,500.0
2007-05-03,126.5,126.5,126.5,126.5,,1000.0
2007-05-04,127.0,126.5,127.0,126.5,,2500.0
2007-05-08,,,127.0,,,
2007-05-09,122.5,121.5,121.5,122.5,,13953.0
2007-05-10,,,121.5,,,
2007-05-11,121.5,121.5,121.5,121.5,,4800.0
2007-05-14,124.5,121.5,124.5,121.5,,16400.0
2007-05-15,125.5,124.5,125.5,124.5,,11335.0
2007-05-16,,,125.5,,,
2007-05-17,125.5,125.5,125.5,125.5,,3625.0
2007-05-18,125.5,125.5,125.5,125.5,,1199.0
2007-05-21,125.5,125.5,125.5,125.5,,6300.0
2007-05-22,125.5,125.5,125.5,125.5,,70.0
2007-05-23,125.5,125.5,125.5,125.5,,500.0
2007-05-24,125.5,125.5,125.5,125.5,,2000.0
2007-05-25,125.5,125.5,125.5,125.5,,1000.0
2007-05-29,126.0,125.5,126.0,125.5,,5658.0
2007-05-30,126.0,126.0,126.0,126.0,,84.0
2007-05-31,126.0,126.0,126.0,126.0,,347.0
2007-06-01,126.0,126.0,126.0,126.0,,1389.0
2007-06-04,,,126.0,,,
2007-06-05,126.0,125.0,125.0,126.0,,5000.0
2007-06-06,126.0,125.0,126.0,125.0,,13970.0
2007-06-07,,,126.0,,,
2007-06-08,126.0,126.0,126.0,126.0,,300.0
2007-06-11,126.0,126.0,126.0,126.0,,300.0
2007-06-12,126.5,126.0,126.5,126.0,,5000.0
2007-06-13,127.0,126.5,127.0,126.5,,3630.0
2007-06-14,,,127.0,,,
2007-06-15,127.0,126.5,127.0,126.5,,1000.0
2007-06-18,127.0,127.0,127.0,127.0,,
2007-06-19,127.0,127.0,127.0,127.0,,3150.0
2007-06-20,128.0,127.0,128.0,127.0,,5157.0
2007-06-21,128.0,128.0,128.0,128.0,,1190.0
2007-06-22,128.0,128.0,128.0,128.0,,14000.0
2007-06-25,128.0,128.0,128.0,128.0,,3301.0
2007-06-26,128.0,128.0,128.0,128.0,,5000.0
2007-06-27,,,128.0,,,
2007-06-28,123.5,117.0,117.0,123.5,,35671.0
2007-06-29,117.0,115.5,115.5,117.0,,24000.0
2007-07-02,115.5,115.5,115.5,115.5,,5000.0
2007-07-03,,,115.5,,,
2007-07-04,115.5,115.5,115.5,115.5,,4255.0
2007-07-05,115.5,115.5,115.5,115.5,,19000.0
2007-07-06,116.5,116.5,116.5,116.5,,186.0
2007-07-09,,,116.5,,,
2007-07-10,,,116.5,,,
2007-07-11,116.5,116.5,116.5,116.5,,997.0
2007-07-12,,,116.5,,,
2007-07-13,,,116.5,,,
2007-07-16,116.5,116.5,116.5,116.5,,2848.0
2007-07-17,,,116.5,,,
2007-07-18,116.5,116.5,116.5,116.5,,1207.0
2007-07-19,117.0,116.5,117.0,116.5,,1500.0
2007-07-20,,,117.0,,,
2007-07-23,117.0,117.0,117.0,117.0,,1873.0
2007-07-24,117.5,117.0,117.0,117.5,,3700.0
2007-07-25,117.0,114.5,114.5,117.0,,2500.0
2007-07-26,,,114.5,,,
2007-07-27,114.5,113.0,113.0,114.5,,3026.0
2007-07-30,,,113.0,,,
2007-07-31,,,113.0,,,
2007-08-01,113.0,112.0,112.0,113.0,,2200.0
2007-08-02,112.0,110.0,110.0,112.0,,12500.0
2007-08-03,,,110.0,,,
2007-08-06,,,110.0,,,
2007-08-07,,,108.5,,,
2007-08-08,108.5,106.5,106.5,108.5,,2340.0
2007-08-09,,,106.5,,,
2007-08-10,106.5,105.0,105.0,106.5,,1000.0
2007-08-13,105.0,105.0,105.0,105.0,,800.0
2007-08-14,105.0,105.0,105.0,105.0,,1000.0
2007-08-15,105.0,105.0,105.0,105.0,,2000.0
2007-08-16,,,101.0,,,
2007-08-17,104.0,101.0,104.0,101.0,,2936.0
2007-08-20,104.0,101.5,101.5,104.0,,9008.0
2007-08-21,101.5,101.5,101.5,101.5,,2000.0
2007-08-22,101.5,101.5,101.5,101.5,,5000.0
2007-08-23,,,101.5,,,
2007-08-24,101.5,100.5,100.5,101.5,,21539.0
2007-08-28,,,100.5,,,
2007-08-29,102.5,100.5,102.5,100.5,,2900.0
2007-08-30,102.5,102.5,102.5,102.5,,1498.0
2007-08-31,102.5,101.5,101.5,102.5,,1000.0
2007-09-03,101.5,101.5,101.5,101.5,,96.0
2007-09-04,,,101.5,,,
2007-09-05,101.5,101.5,101.5,101.5,,100200.0
2007-09-06,,,101.5,,,
2007-09-07,101.5,101.5,101.5,101.5,,130000.0
2007-09-10,101.5,101.5,101.5,101.5,,9428.0
2007-09-11,101.5,101.5,101.5,101.5,,3196.0
2007-09-12,102.5,101.5,102.5,101.5,,147120.0
2007-09-13,,,102.5,,,
2007-09-14,,,102.5,,,
2007-09-17,102.5,102.5,102.5,102.5,,950.0
2007-09-18,102.5,102.5,102.5,102.5,,4393.0
2007-09-19,102.5,102.5,102.5,102.5,,1500.0
2007-09-20,,,102.5,,,
2007-09-21,102.5,102.5,102.5,102.5,,3956.0
2007-09-24,102.5,102.5,102.5,102.5,,1400.0
2007-09-25,,,102.5,,,
2007-09-26,102.5,102.5,102.5,102.5,,911.0
2007-09-27,102.5,102.5,102.5,102.5,,2500.0
2007-09-28,,,102.5,,,
2007-10-01,,,102.5,,,
2007-10-02,,,102.5,,,
2007-10-03,104.0,102.5,102.5,102.5,,16800.0
2007-10-04,102.5,101.5,101.5,102.5,,5550.0
2007-10-05,101.5,101.5,101.5,101.5,,2900.0
2007-10-08,,,100.5,,,
2007-10-09,,,100.5,,,
2007-10-10,98.0,98.0,98.0,98.0,,2000.0
2007-10-11,99.0,98.0,99.0,98.0,,500.0
2007-10-12,99.0,99.0,99.0,99.0,,1000.0
2007-10-15,99.0,99.0,99.0,99.0,,2284.0
2007-10-16,99.0,99.0,99.0,99.0,,4538.0
2007-10-17,,,99.0,,,
2007-10-18,,,99.0,,,
2007-10-19,99.5,99.0,99.5,99.0,,6120.0
2007-10-22,,,99.5,,,
2007-10-23,,,99.5,,,
2007-10-24,,,99.5,,,
2007-10-25,99.5,98.5,98.5,99.5,,2000.0
2007-10-26,98.5,96.5,96.5,98.5,,1020.0
2007-10-29,96.5,96.5,96.5,96.5,,12916.0
2007-10-30,97.0,96.5,96.5,96.5,,4540.0
2007-10-31,96.5,96.5,96.5,96.5,,250.0
2007-11-01,,,96.5,,,
2007-11-02,,,96.5,,,
2007-11-05,,,96.5,,,
2007-11-06,98.5,96.5,96.5,98.5,,99.0
2007-11-07,96.5,95.5,95.5,96.5,,1733.0
2007-11-08,95.5,95.5,95.5,95.5,,3800.0
2007-11-09,95.5,95.5,95.5,95.5,,700.0
2007-11-12,95.5,89.5,89.5,95.5,,12882.0
2007-11-13,89.5,89.5,89.5,89.5,,625.0
2007-11-14,90.5,89.5,90.5,89.5,,1613.0
2007-11-15,90.5,90.0,90.0,90.5,,4948.0
2007-11-16,90.0,90.0,90.0,90.0,,17000.0
2007-11-19,91.0,90.0,91.0,90.0,,5300.0
2007-11-20,91.0,88.5,88.5,91.0,,1000.0
2007-11-21,88.5,87.5,87.5,88.5,,4000.0
2007-11-22,87.5,86.5,87.5,86.5,,6.0
2007-11-23,,,87.5,,,
2007-11-26,87.5,87.5,87.5,87.5,,3000.0
2007-11-27,84.5,81.0,81.0,84.5,,13687.0
2007-11-28,81.0,80.0,80.0,81.0,,6000.0
2007-11-29,80.0,79.0,79.0,80.0,,2000.0
2007-11-30,79.0,79.0,79.0,79.0,,10000.0
2007-12-03,79.0,78.5,78.5,79.0,,14402.0
2007-12-04,78.5,78.5,78.5,78.5,,13000.0
2007-12-05,78.5,77.0,77.0,78.5,,4500.0
2007-12-06,,,77.0,,,
2007-12-07,77.0,77.0,77.0,77.0,,6800.0
2007-12-10,77.0,75.0,75.0,77.0,,10500.0
2007-12-11,75.0,72.0,72.0,75.0,,4613.0
2007-12-12,72.0,72.0,72.0,72.0,,13575.0
2007-12-13,73.0,72.0,73.0,72.0,,13000.0
2007-12-14,,,73.0,,,
2007-12-17,73.0,73.0,73.0,73.0,,7500.0
2007-12-18,,,73.0,,,
2007-12-19,73.0,73.0,73.0,73.0,,4020.0
2007-12-20,73.5,73.0,73.5,73.0,,5007.0
2007-12-21,73.5,73.5,73.5,73.5,,12200.0
2007-12-24,,,73.5,,,
2007-12-27,,,73.5,,,
2007-12-28,,,73.5,,,
2007-12-31,73.5,72.0,73.5,73.5,,15000.0
2008-01-02,73.5,73.5,73.5,73.5,,3212.0
2008-01-03,,,73.5,,,
2008-01-04,,,73.5,,,
2008-01-07,73.5,73.5,73.5,73.5,,4300.0
2008-01-08,73.5,72.0,72.0,73.5,,8000.0
2008-01-09,72.0,71.0,71.0,72.0,,7500.0
2008-01-10,71.5,71.0,71.5,71.0,,4109.0
2008-01-11,72.0,71.5,72.0,71.5,,5000.0
2008-01-14,72.5,72.0,72.5,72.0,,107093.0
2008-01-15,72.5,72.5,72.5,72.5,,785.0
2008-01-16,77.0,72.5,77.0,72.5,,17800.0
2008-01-17,,,77.0,,,
2008-01-18,77.0,77.0,77.0,77.0,,1000.0
2008-01-21,,,77.0,,,
2008-01-22,77.0,75.0,75.0,77.0,,4507.0
2008-01-23,75.0,73.0,73.0,75.0,,5318.0
2008-01-24,73.0,73.0,73.0,73.0,,7000.0
2008-01-25,,,73.0,,,
2008-01-28,,,73.0,,,
2008-01-29,73.0,73.0,73.0,73.0,,2000.0
2008-01-30,,,73.0,,,
2008-01-31,,,73.0,,,
2008-02-01,,,73.0,,,
2008-02-04,73.0,71.5,71.5,73.0,,7750.0
2008-02-05,71.5,70.5,70.5,71.5,,3608.0
2008-02-06,70.5,69.5,69.5,70.5,,4750.0
2008-02-07,69.5,69.5,69.5,69.5,,1000.0
2008-02-08,,,69.5,,,
2008-02-11,69.5,69.5,69.5,69.5,,1498.0
2008-02-12,,,69.5,,,
2008-02-13,,,69.5,,,
2008-02-14,69.5,69.5,69.5,69.5,,10685.0
2008-02-15,69.5,68.5,69.0,69.5,,7935.0
2008-02-18,69.0,68.5,68.5,69.0,,3500.0
2008-02-19,68.5,66.5,66.5,68.5,,30350.0
2008-02-20,,,66.5,,,
2008-02-21,66.5,66.5,66.5,66.5,,50008.0
2008-02-22,66.5,65.5,65.5,66.5,,2500.0
2008-02-25,65.0,64.0,64.0,65.0,,102485.0
2008-02-26,65.5,64.5,64.5,65.0,,13103.0
2008-02-27,,,63.5,,,
2008-02-28,63.5,63.5,63.5,63.5,,154.0
2008-02-29,63.5,62.5,62.5,63.5,,5000.0
2008-03-03,62.5,62.5,62.5,62.5,,2500.0
2008-03-04,62.5,62.5,62.5,62.5,,4300.0
2008-03-05,,,62.5,,,
2008-03-06,,,62.5,,,
2008-03-07,,,62.5,,,
2008-03-10,63.0,62.5,62.5,62.5,,3000.0
2008-03-11,62.5,62.5,62.5,62.5,,19526.0
2008-03-12,,,62.5,,,
2008-03-13,,,62.5,,,
2008-03-14,,,62.5,,,
2008-03-17,62.5,62.5,62.5,62.5,,19500.0
2008-03-18,62.5,60.5,60.5,62.5,,30000.0
2008-03-19,60.5,60.5,60.5,60.5,,14723.0
2008-03-20,,,60.5,,,
2008-03-25,60.5,60.0,60.5,60.5,,125608.0
2008-03-26,60.5,60.0,60.0,60.5,,8000.0
2008-03-27,60.0,59.0,59.0,60.0,,50500.0
2008-03-28,60.0,59.0,60.0,59.0,,2526.0
2008-03-31,61.0,60.0,60.0,61.0,,12000.0
2008-04-01,61.5,60.0,60.0,61.5,,41006.0
2008-04-02,,,60.0,,,
2008-04-03,60.0,59.5,59.5,60.0,,17810.0
2008-04-04,59.5,59.5,59.5,59.5,,60500.0
2008-04-07,,,59.5,,,
2008-04-08,,,59.5,,,
2008-04-09,60.5,59.0,60.5,59.0,,3773.0
2008-04-10,,,60.5,,,
2008-04-11,,,60.5,,,
2008-04-14,62.0,60.5,62.0,60.5,,70970.0
2008-04-15,,,62.0,,,
2008-04-16,,,62.0,,,
2008-04-17,,,62.0,,,
2008-04-18,,,62.0,,,
2008-04-21,,,62.0,,,
2008-04-22,62.0,62.0,62.0,62.0,,2738.0
2008-04-23,,,62.0,,,
2008-04-24,63.0,62.0,63.0,62.0,,33177.0
2008-04-25,,,65.5,,,
2008-04-28,65.5,65.5,65.5,65.5,,1000.0
2008-04-29,65.5,65.5,65.5,65.5,,3500.0
2008-04-30,63.0,55.5,58.5,56.0,,36375.0
2008-05-01,,,58.5,,,
2008-05-02,58.5,58.5,58.5,58.5,,3444.0
2008-05-06,59.0,58.5,59.0,58.5,,1367.0
2008-05-07,55.5,50.0,53.5,55.5,,3540.0
2008-05-08,53.5,53.5,53.5,53.5,,5561.0
2008-05-09,53.5,51.5,53.0,51.5,,8379.0
2008-05-12,54.0,53.0,54.0,53.0,,8141.0
2008-05-13,54.0,53.0,53.0,54.0,,10000.0
2008-05-14,,,53.0,,,
2008-05-15,53.0,53.0,53.0,53.0,,3500.0
2008-05-16,53.0,51.0,51.0,51.5,,15848.0
2008-05-19,51.0,42.0,43.0,51.0,,39306.0
2008-05-20,44.0,43.0,43.5,43.0,,4500.0
2008-05-21,,,43.5,,,
2008-05-22,43.5,43.5,43.5,43.5,,67.0
2008-05-23,,,43.5,,,
2008-05-27,,,43.5,,,
2008-05-28,43.5,43.5,43.5,43.5,,3691.0
2008-05-29,,,43.5,,,
2008-05-30,43.5,43.5,43.5,43.5,,68.0
2008-06-02,43.5,43.5,43.5,43.5,,2633.0
2008-06-03,,,43.5,,,
2008-06-04,,,43.5,,,
2008-06-05,46.0,43.5,45.0,43.5,,6000.0
2008-06-06,,,45.0,,,
2008-06-09,45.0,45.0,45.0,45.0,,1000.0
2008-06-10,,,45.0,,,
2008-06-11,45.0,43.5,43.5,45.0,,4000.0
2008-06-12,,,43.5,,,
2008-06-13,,,43.5,,,
2008-06-16,,,44.5,,,
2008-06-17,44.5,42.5,42.5,44.5,,8200.0
2008-06-18,42.5,42.5,42.5,42.5,,55000.0
2008-06-19,,,42.5,,,
2008-06-20,42.5,42.5,42.5,42.5,,58.0
2008-06-23,42.5,41.5,41.5,42.5,,9727.0
2008-06-24,41.5,37.5,37.5,41.5,,3602.0
2008-06-25,,,38.5,,,
2008-06-26,,,38.5,,,
2008-06-27,,,38.5,,,
2008-06-30,,,38.5,,,
2008-07-01,38.5,38.5,38.5,38.5,,2114.0
2008-07-02,,,38.5,,,
2008-07-03,,,38.5,,,
2008-07-04,,,38.5,,,
2008-07-07,,,38.5,,,
2008-07-08,,,38.5,,,
2008-07-09,,,38.5,,,
2008-07-10,38.5,38.5,38.5,38.5,,582.0
2008-07-11,,,38.5,,,
2008-07-14,,,38.5,,,
2008-07-15,,,38.5,,,
2008-07-16,,,38.5,,,
2008-07-17,38.5,37.5,38.0,38.5,,6000.0
2008-07-18,,,38.0,,,
2008-07-21,,,38.0,,,
2008-07-22,38.0,38.0,38.0,38.0,,1111.0
2008-07-23,,,38.0,,,
2008-07-24,,,38.0,,,
2008-07-25,38.5,38.0,38.0,38.5,,3000.0
2008-07-28,,,38.0,,,
2008-07-29,,,38.0,,,
2008-07-30,,,38.0,,,
2008-07-31,,,38.0,,,
2008-08-01,,,38.0,,,
2008-08-04,,,38.0,,,
2008-08-05,38.0,38.0,38.0,38.0,,1000.0
2008-08-06,38.0,35.0,35.0,38.0,,6700.0
2008-08-07,,,35.0,,,
2008-08-08,35.0,31.0,31.0,35.0,,13183.0
2008-08-11,31.0,31.0,31.0,31.0,,3000.0
2008-08-12,,,31.0,,,
2008-08-13,,,31.0,,,
2008-08-14,,,31.0,,,
2008-08-15,,,31.0,,,
2008-08-18,,,32.5,,,
2008-08-19,,,32.5,,,
2008-08-20,,,32.5,,,
2008-08-21,,,32.5,,,
2008-08-22,,,32.5,,,
2008-08-26,,,32.5,,,
2008-08-27,,,32.5,,,
2008-08-28,32.5,25.0,27.5,32.5,,4500.0
2008-08-29,29.0,27.5,28.5,27.5,,1672.0
2008-09-01,,,28.0,,,
2008-09-02,,,28.0,,,
2008-09-03,,,28.0,,,
2008-09-04,,,28.0,,,
2008-09-05,,,28.0,,,
2008-09-08,,,28.0,,,
2008-09-09,,,28.0,,,
2008-09-10,28.0,27.5,27.5,28.0,,2477.0
2008-09-11,,,27.5,,,
2008-09-12,27.5,20.0,25.0,27.5,,16000.0
2008-09-15,24.5,24.5,24.5,24.5,,2000.0
2008-09-16,24.5,24.5,24.5,24.5,,15.0
2008-09-17,,,24.5,,,
2008-09-18,,,24.5,,,
2008-09-19,,,24.5,,,
2008-09-22,,,24.5,,,
2008-09-23,25.0,24.5,25.0,24.5,,3500.0
2008-09-24,,,25.0,,,
2008-09-25,,,25.0,,,
2008-09-26,28.5,25.0,28.5,25.0,,13830.0
2008-09-29,,,28.5,,,
2008-09-30,,,28.5,,,
2008-10-01,,,28.5,,,
2008-10-02,29.5,28.5,29.5,28.5,,4672.0
2008-10-03,29.5,29.0,29.0,29.5,,4132.0
2008-10-06,29.5,28.5,29.5,28.5,,6000.0
2008-10-07,,,29.5,,,
2008-10-08,,,29.5,,,
2008-10-09,,,29.5,,,
2008-10-10,30.0,29.5,30.0,29.5,,2500.0
2008-10-13,,,30.0,,,
2008-10-14,30.0,30.0,30.0,30.0,,1662.0
2008-10-15,,,30.0,,,
2008-10-16,30.0,29.0,29.0,30.0,,1000.0
2008-10-17,29.0,28.0,28.0,29.0,,1000.0
2008-10-20,,,28.0,,,
2008-10-21,,,28.0,,,
2008-10-22,,,28.0,,,
2008-10-23,,,28.0,,,
2008-10-24,28.0,25.5,25.5,28.0,,7500.0
2008-10-27,,,25.5,,,
2008-10-28,,,25.5,,,
2008-10-29,25.5,25.0,25.0,25.5,1.0,1000.0
2008-10-30,25.0,20.0,20.0,25.0,1.0,4500.0
2008-10-31,22.5,20.0,22.5,20.0,2.0,14155.0
2008-11-03,23.0,22.5,23.0,22.5,1.0,2000.0
2008-11-04,23.0,23.0,23.0,23.0,1.0,6074.0
2008-11-05,,,23.0,,,
2008-11-06,,,23.0,,,
2008-11-07,,,23.0,,,
2008-11-10,,,23.0,,,
2008-11-11,,,23.0,,,
2008-11-12,,,23.0,,,
2008-11-13,,,23.0,,,
2008-11-14,23.0,23.0,23.0,23.0,1.0,500.0
2008-11-17,25.5,23.0,25.5,23.0,1.0,5000.0
2008-11-18,,,25.5,,,
2008-11-19,,,25.5,,,
2008-11-20,,,25.5,,,
2008-11-21,25.5,25.5,25.5,25.5,2.0,5773.0
2008-11-24,,,25.5,,,
2008-11-25,,,25.5,,,
2008-11-26,,,25.5,,,
2008-11-27,,,25.5,,,
2008-11-28,,,25.5,,,
2008-12-01,25.5,25.5,25.5,25.5,1.0,214.0
2008-12-02,,,25.5,,,
2008-12-03,,,25.5,,,
2008-12-04,25.5,25.5,25.5,25.5,1.0,715.0
2008-12-05,,,25.5,,,
2008-12-08,25.5,21.5,22.0,25.5,3.0,10876.0
2008-12-09,,,22.0,,,
2008-12-10,22.0,20.0,20.0,22.0,1.0,8500.0
2008-12-11,20.5,20.0,20.5,20.0,4.0,48721.0
2008-12-12,22.0,16.0,19.5,20.5,2.0,9427.0
2008-12-15,19.5,11.5,14.0,19.5,5.0,18624.0
2008-12-16,15.0,10.0,12.5,14.5,4.0,15153.0
2008-12-17,17.5,12.0,17.5,12.5,3.0,44000.0
2008-12-18,20.0,13.0,15.5,17.5,3.0,11688.0
2008-12-19,19.0,15.5,17.0,15.5,2.0,10000.0
2008-12-22,17.5,17.0,17.0,17.0,6.0,97871.0
2008-12-23,17.0,17.0,17.0,17.0,2.0,20000.0
2008-12-24,,,17.0,,,
2008-12-29,18.5,17.0,18.5,17.0,2.0,6548.0
2008-12-30,17.0,15.0,17.0,17.0,2.0,30000.0
2008-12-31,17.0,17.0,17.0,17.0,1.0,2322.0
2009-01-02,17.0,17.0,17.0,17.0,1.0,8328.0
2009-01-05,17.0,14.0,14.0,17.0,4.0,37500.0
2009-01-06,15.0,14.0,14.0,14.0,1.0,3333.0
2009-01-07,14.0,14.0,14.0,14.0,1.0,6666.0
2009-01-08,15.0,14.0,15.0,14.0,1.0,7000.0
2009-01-09,,,15.0,,,
2009-01-12,15.0,13.0,15.0,14.5,1.0,3750.0
2009-01-13,15.0,13.0,15.0,15.0,1.0,6666.0
2009-01-14,,,15.0,,,
2009-01-15,,,15.0,,,
2009-01-16,,,15.0,,,
2009-01-19,,,15.0,,,
2009-01-20,,,15.0,,,
2009-01-21,,,15.0,,,
2009-01-22,,,15.0,,,
2009-01-23,15.0,14.5,14.5,15.0,1.0,2500.0
2009-01-26,14.5,11.0,14.0,14.5,1.0,5000.0
2009-01-27,14.0,10.0,12.5,14.0,1.0,5000.0
2009-01-28,,,12.5,,,
2009-01-29,15.0,12.5,12.5,12.5,1.0,25000.0
2009-01-30,,,12.5,,,
2009-02-02,12.5,11.5,12.0,12.5,1.0,2000.0
2009-02-03,,,12.0,,,
2009-02-04,,,12.0,,,
2009-02-05,,,12.0,,,
2009-02-06,16.0,12.0,15.5,12.0,2.0,19000.0
2009-02-09,,,15.5,,,
2009-02-10,17.0,15.5,16.5,15.5,1.0,2000.0
2009-02-11,,,16.5,,,
2009-02-12,,,16.5,,,
2009-02-13,16.5,16.5,16.5,16.5,1.0,6358.0
2009-02-16,16.5,16.5,16.5,16.5,1.0,70.0
2009-02-17,,,16.5,,,
2009-02-18,,,16.5,,,
2009-02-19,18.0,16.5,16.5,16.5,1.0,2681.0
2009-02-20,16.5,16.5,16.5,16.5,1.0,2681.0
2009-02-23,,,16.5,,,
2009-02-24,,,16.5,,,
2009-02-25,,,16.5,,,
2009-02-26,,,16.5,,,
2009-02-27,17.5,16.5,16.5,16.5,2.0,12681.0
2009-03-02,,,16.5,,,
2009-03-03,17.0,16.5,16.5,16.5,1.0,509.0
2009-03-04,,,16.5,,,
2009-03-05,16.5,16.5,16.5,16.5,1.0,3000.0
2009-03-06,,,16.5,,,
2009-03-09,,,16.5,,,
2009-03-10,,,16.5,,,
2009-03-11,,,16.5,,,
2009-03-12,16.5,15.5,15.5,16.5,1.0,3206.0
2009-03-13,15.5,11.0,15.0,15.5,2.0,19577.0
2009-03-16,15.5,15.0,15.0,15.0,1.0,927.0
2009-03-17,,,15.0,,,
2009-03-18,,,15.0,,,
2009-03-19,15.5,15.0,15.5,15.0,1.0,10000.0
2009-03-20,15.5,10.0,14.5,15.5,1.0,30000.0
2009-03-23,,,14.5,,,
2009-03-24,,,14.5,,,
2009-03-25,,,14.5,,,
2009-03-26,,,14.5,,,
2009-03-27,14.5,12.5,12.5,14.5,5.0,43666.0
2009-03-30,15.8,12.5,15.5,12.5,2.0,14313.0
2009-03-31,15.5,10.0,14.0,15.5,5.0,72300.0
2009-04-01,14.0,10.0,13.0,14.0,3.0,134300.0
2009-04-02,13.9,13.0,13.5,13.0,1.0,7194.0
2009-04-03,,,13.5,,,
2009-04-06,13.5,9.0,12.0,13.5,3.0,13509.0
2009-04-07,14.0,10.0,12.5,12.5,9.0,101500.0
2009-04-08,14.5,10.0,12.5,12.5,4.0,28050.0
2009-04-09,13.3,10.0,12.0,12.5,2.0,3921.0
2009-04-14,,,12.0,,,
2009-04-15,12.0,10.2,12.0,12.0,1.0,1421.0
2009-04-16,,,12.0,,,
2009-04-17,14.0,9.0,12.0,12.0,3.0,57233.0
2009-04-20,13.5,12.0,12.0,12.0,3.0,3767.0
2009-04-21,14.0,10.2,12.0,12.0,2.0,26500.0
2009-04-22,,,12.0,,,
2009-04-23,,,12.0,,,
2009-04-24,,,12.0,,,
2009-04-27,,,12.0,,,
2009-04-28,12.0,10.5,10.5,12.0,1.0,4063.0
2009-04-29,10.5,10.5,10.5,10.5,1.0,4034.0
2009-04-30,10.5,10.5,10.5,10.5,1.0,5000.0
2009-05-01,,,10.5,,,
2009-05-05,13.0,8.0,10.5,10.5,3.0,19312.0
2009-05-06,,,10.5,,,
2009-05-07,13.0,12.5,12.5,10.5,1.0,1000.0
2009-05-08,,,12.5,,,
2009-05-11,15.0,14.5,14.5,12.5,1.0,3333.0
2009-05-12,18.0,15.5,15.5,14.5,1.0,4000.0
2009-05-13,,,15.5,,,
2009-05-14,15.5,14.0,15.5,15.5,1.0,10000.0
2009-05-15,,,15.5,,,
2009-05-18,,,15.5,,,
2009-05-19,,,15.5,,,
2009-05-20,,,15.5,,,
2009-05-21,,,15.5,,,
2009-05-22,17.0,13.0,15.5,15.5,2.0,1416.0
2009-05-26,14.5,12.0,14.5,15.5,1.0,3967.0
2009-05-27,,,14.5,,,
2009-05-28,,,14.5,,,
2009-05-29,14.5,13.5,13.5,14.5,2.0,28500.0
2009-06-01,,,13.5,,,
2009-06-02,15.0,13.5,13.5,13.5,1.0,2594.0
2009-06-03,,,13.5,,,
2009-06-04,,,13.5,,,
2009-06-05,15.0,13.5,13.5,13.5,1.0,5000.0
2009-06-08,,,13.5,,,
2009-06-09,12.5,7.0,12.5,13.5,3.0,35500.0
2009-06-10,12.0,9.0,11.5,12.5,2.0,11943.0
2009-06-11,,,11.5,,,
2009-06-12,,,11.5,,,
2009-06-15,13.0,11.5,11.5,11.5,1.0,1000.0
2009-06-16,,,11.5,,,
2009-06-17,,,11.5,,,
2009-06-18,,,11.5,,,
2009-06-19,,,11.5,,,
2009-06-22,,,11.5,,,
2009-06-23,,,11.5,,,
2009-06-24,,,11.5,,,
2009-06-25,,,11.5,,,
2009-06-26,,,11.5,,,
2009-06-29,,,11.5,,,
2009-06-30,,,11.5,,,
2009-07-01,,,11.5,,,
2009-07-02,,,11.5,,,
2009-07-03,,,11.5,,,
2009-07-06,,,11.5,,,
2009-07-07,,,11.5,,,
2009-07-08,,,11.5,,,
2009-07-09,,,11.5,,,
2009-07-10,,,11.5,,,
2009-07-13,,,11.5,,,
2009-07-14,,,11.5,,,
2009-07-15,,,11.5,,,
2009-07-16,,,11.5,,,
2009-07-17,,,11.5,,,
2009-07-20,,,11.5,,,
2009-07-21,,,11.5,,,
2009-07-22,,,11.5,,,
2009-07-23,,,11.5,,,
2009-07-24,,,11.5,,,
2009-07-27,,,11.5,,,
2009-07-28,,,11.5,,,
2009-07-29,,,11.5,,,
2009-07-30,,,11.5,,,
