datadate,acoq,actq,aoq,apq,atq,capxq,ceqq,cheq,cogsq,count,countq,dcpstkq,dcq,dcvtq,dlcq,dlttq,dmq,dpq,drcq,drltq,drq,dvtq,ebitdaq,ebitq,empq,fatlq,gdwliaq,ibq,intanq,invtq,lcoq,lctq,loq,ltq,niq,nopiq,oancfq,obq,piq,ppegtq,ppentq,pstkq,pstkqq,rectq,revtq,scstkcq,spiq,txdiq,txfedq,txfoq,txpq,txtq,xadq,xintq,xrdq,xsgaq
2000-06-30,,5062006.47399556,,540023.861227508,8881667.45131871,-1841237.69657382,7907061.12028592,4073316.45181168,1715080.61128913,1,1,,,,93146.1054966724,,,731159.66970668,,,,,,,55,,1526180.30934188,-1392422.50184866,10737957.558540799,240615.019719004,40313.6344589598,974606.331032783,,974606.331032783,-1392422.50184866,132863.604880454,-670428.408922849,,-1391826.36677348,1038467.3009613,701054.848410155,,,576537.134582203,2407864.08553118,4317061.18067538,-312970.914468819,,,,,,,-14307.2418042889,625122.143209268,1269544.15947745
2000-09-30,,5062006.47399556,,540023.861227508,8881667.45131871,-1841237.69657382,7907061.12028592,4073316.45181168,1715080.61128913,1,2,,,,93146.1054966724,,,731159.66970668,,,,,,,55,,1526180.30934188,-1392422.50184866,10737957.558540799,240615.019719004,40313.6344589598,974606.331032783,,974606.331032783,-1392422.50184866,132863.604880454,-670428.408922849,,-1391826.36677348,1038467.3009613,701054.848410155,,,576537.134582203,2407864.08553118,4317061.18067538,-312970.914468819,,,,,,,-14307.2418042889,625122.143209268,1269544.15947745
2000-12-31,,3254208.17170933,,312609.775019395,7986809.15438324,-2063718.6449444,6357125.42022239,2508217.48125162,3290105.24954745,1,3,,,,726661.494698733,,,1039561.93431601,,,,,,,66,,1313222.65321955,-1354860.35686579,10424758.469097491,189004.65477114,46361.0033617791,1629683.73416085,,1629683.73416085,-1354860.35686579,84292.73338505301,-37423.0669769847,,-1353043.70312904,1404128.00620636,867488.492371347,,,391379.881044738,4801052.49547453,4317061.18067538,-175125.420222395,,,,,,,-13515.9038013964,972854.409102663,1809750.45254719
2001-03-31,,7924221.55971101,,396232.388440289,13077018.480663,-1715349.53676158,10741889.8852529,6959355.2039949,4481162.42243944,1,4,,,,1825595.622609438,557623.565660858,,1288856.30259243,,,,,,,73,,1112547.80705482,-1631386.34509137,9616413.73565659,242015.730981725,231218.433914152,1777505.02974926,,2335128.59541011,-1631386.34509137,74089.34764130897,-374566.759456014,,-1626982.18444539,1778925.72673183,981062.301317467,,,494899.793880153,6486760.35274118,6156022.09519762,19321.4789630259,,,,,,,-58674.7853803655,1185997.84105397,2492683.89077773
2001-06-30,,7924221.55971101,,396232.388440289,13077018.480663,-1715349.53676158,10741889.8852529,6959355.2039949,4481162.42243944,2,5,,,,1825595.622609438,557623.565660858,,1288856.30259243,,,,,,,73,,1112547.80705482,-1631386.34509137,9616413.73565659,242015.730981725,231218.433914152,1777505.02974926,,2335128.59541011,-1631386.34509137,74089.34764130897,-374566.759456014,,-1626982.18444539,1778925.72673183,981062.301317467,,,494899.793880153,6486760.35274118,6156022.09519762,19321.4789630259,,,,,,,-58674.7853803655,1185997.84105397,2492683.89077773
2001-09-30,,7924221.55971101,,396232.388440289,13077018.480663,-1715349.53676158,10741889.8852529,6959355.2039949,4481162.42243944,2,6,,,,1825595.622609438,557623.565660858,,1288856.30259243,,,,,,,73,,1112547.80705482,-1631386.34509137,9616413.73565659,242015.730981725,231218.433914152,1777505.02974926,,2335128.59541011,-1631386.34509137,74089.34764130897,-374566.759456014,,-1626982.18444539,1778925.72673183,981062.301317467,,,494899.793880153,6486760.35274118,6156022.09519762,19321.4789630259,,,,,,,-58674.7853803655,1185997.84105397,2492683.89077773
2002-02-22,,4334947.77286474,,535179.549978944,9331975.37517706,-1814845.12748363,7437883.39267256,3232139.5869224,1998613.58198384,2,7,,,,1599549.062057348,799774.531028674,,1408013.88920792,,,,,,,88,,872241.962405727,-2521419.03832166,8152816.398683053,223918.439186861,69373.9079667701,1094317.45147582,,1894091.9825045,-2521419.03832166,207726.806018146,-1120447.85134566,,-2520497.56326327,2208314.97741281,1180277.91049347,,,635686.1509896261,3507068.25255542,2303.68764595536,-158625.349335784,,,,,,,-50417.8496229088,1494105.98751962,2616791.70686421
2002-03-31,,4334947.77286474,,535179.549978944,9331975.37517706,-1814845.12748363,7437883.39267256,3232139.5869224,1998613.58198384,2,8,,,,1599549.062057348,799774.531028674,,1408013.88920792,,,,,,,88,,872241.962405727,-2521419.03832166,8152816.398683053,223918.439186861,69373.9079667701,1094317.45147582,,1894091.9825045,-2521419.03832166,207726.806018146,-1120447.85134566,,-2520497.56326327,2208314.97741281,1180277.91049347,,,635686.1509896261,3507068.25255542,2303.68764595536,-158625.349335784,,,,,,,-50417.8496229088,1494105.98751962,2616791.70686421
2002-06-30,,4334947.77286474,,535179.549978944,9331975.37517706,-1814845.12748363,7437883.39267256,3232139.5869224,1998613.58198384,3,9,,,,1599549.062057348,799774.531028674,,1408013.88920792,,,,,,,88,,872241.962405727,-2521419.03832166,8152816.398683053,223918.439186861,69373.9079667701,1094317.45147582,,1894091.9825045,-2521419.03832166,207726.806018146,-1120447.85134566,,-2520497.56326327,2208314.97741281,1180277.91049347,,,635686.1509896261,3507068.25255542,2303.68764595536,-158625.349335784,,,,,,,-50417.8496229088,1494105.98751962,2616791.70686421
2002-12-19,,4334947.77286474,,535179.549978944,9331975.37517706,-1814845.12748363,7437883.39267256,3232139.5869224,1998613.58198384,3,10,,,,1599549.062057348,799774.531028674,,1408013.88920792,,,,,,,88,,872241.962405727,-2521419.03832166,8152816.398683053,223918.439186861,69373.9079667701,1094317.45147582,,1894091.9825045,-2521419.03832166,207726.806018146,-1120447.85134566,,-2520497.56326327,2208314.97741281,1180277.91049347,,,635686.1509896261,3507068.25255542,2303.68764595536,-158625.349335784,,,,,,,-50417.8496229088,1494105.98751962,2616791.70686421
2002-12-31,,4334947.77286474,,535179.549978944,9331975.37517706,-1814845.12748363,7437883.39267256,3232139.5869224,1998613.58198384,3,11,,,,1599549.062057348,799774.531028674,,1408013.88920792,,,,,11223765.6908801,-2475029.91031564,88,,872241.962405727,-2521419.03832166,8152816.398683053,223918.439186861,69373.9079667701,1094317.45147582,,1894091.9825045,-2521419.03832166,207726.806018146,-1120447.85134566,,-2520497.56326327,2208314.97741281,1180277.91049347,,,635686.1509896261,3507068.25255542,2303.68764595536,-158625.349335784,,,,,,,-50417.8496229088,1494105.98751962,2616791.70686421
2003-03-31,,4334947.77286474,,535179.549978944,9331975.37517706,-1814845.12748363,7437883.39267256,3232139.5869224,1998613.58198384,3,12,,,,1599549.062057348,799774.531028674,,1408013.88920792,,,,,-2426947.14922919,-2869104.71953716,88,,872241.962405727,-2521419.03832166,8152816.398683053,223918.439186861,69373.9079667701,1094317.45147582,,1894091.9825045,-2521419.03832166,207726.806018146,-1120447.85134566,,-2520497.56326327,2208314.97741281,1180277.91049347,,,635686.1509896261,3507068.25255542,2303.68764595536,-158625.349335784,,,,,,,-50417.8496229088,1494105.98751962,2616791.70686421
2003-05-07,,9232549.90266659,,196196.869204631,11556810.6997639,-1269416.62385532,9151611.544088,8620507.1911536,2048412.57501584,3,12,,,,1122554.973218914,561277.486609457,,394753.248862524,190190.842596326,,190190.842596326,,-2426947.14922919,-2869104.71953716,65,,872241.962405727,2757266.71542936,6147788.227049086,81510.361112711,239383.060531014,771416.917583367,1072504.75148304,2405199.15567586,2757266.71542936,230588.5215688533,-2114478.86770719,,2759840.72683292,753041.336174624,232805.031388585,,,334835.983413005,3082164.15481196,2303.68764595536,-86086.3813857052,,,,19376.5858434602,,,-33247.6472959742,1013373.98951794,2649301.2371134
2003-06-30,,9232549.90266659,,196196.869204631,11556810.6997639,-1269416.62385532,9151611.544088,8620507.1911536,2048412.57501584,4,13,,,,1122554.973218914,561277.486609457,,394753.248862524,190190.842596326,,190190.842596326,,-2426947.14922919,-2869104.71953716,65,,872241.962405727,2757266.71542936,6147788.227049086,81510.361112711,239383.060531014,771416.917583367,1072504.75148304,2405199.15567586,2757266.71542936,230588.5215688533,-2114478.86770719,,2759840.72683292,753041.336174624,232805.031388585,,,334835.983413005,3082164.15481196,2303.68764595536,-86086.3813857052,,,,19376.5858434602,,,-33247.6472959742,1013373.98951794,2649301.2371134
2003-08-22,,9232549.90266659,,196196.869204631,11556810.6997639,-1269416.62385532,9151611.544088,8620507.1911536,2048412.57501584,4,13,,,,1122554.973218914,561277.486609457,,394753.248862524,190190.842596326,,190190.842596326,,-2426947.14922919,-2869104.71953716,65,,872241.962405727,2757266.71542936,6147788.227049086,81510.361112711,239383.060531014,771416.917583367,1072504.75148304,2405199.15567586,2757266.71542936,230588.5215688533,-2114478.86770719,,2759840.72683292,753041.336174624,232805.031388585,,,334835.983413005,3082164.15481196,2303.68764595536,-86086.3813857052,,,,19376.5858434602,,,-33247.6472959742,1013373.98951794,2649301.2371134
2003-09-30,,9232549.90266659,,196196.869204631,11556810.6997639,-1269416.62385532,9151611.544088,8620507.1911536,2048412.57501584,4,14,,,,1122554.973218914,561277.486609457,,394753.248862524,190190.842596326,,190190.842596326,,-2426947.14922919,-2869104.71953716,65,,872241.962405727,2757266.71542936,6147788.227049086,81510.361112711,239383.060531014,771416.917583367,1072504.75148304,2405199.15567586,2757266.71542936,230588.5215688533,-2114478.86770719,,2759840.72683292,753041.336174624,232805.031388585,,,334835.983413005,3082164.15481196,2303.68764595536,-86086.3813857052,,,,19376.5858434602,,,-33247.6472959742,1013373.98951794,2649301.2371134
2003-10-24,,9232549.90266659,,196196.869204631,11556810.6997639,-1269416.62385532,9151611.544088,8620507.1911536,2048412.57501584,4,14,,,,1122554.973218914,561277.486609457,,394753.248862524,190190.842596326,,190190.842596326,,-2426947.14922919,-2869104.71953716,65,,872241.962405727,2757266.71542936,6147788.227049086,81510.361112711,239383.060531014,771416.917583367,1072504.75148304,2405199.15567586,2757266.71542936,230588.5215688533,-2114478.86770719,,2759840.72683292,753041.336174624,232805.031388585,,,334835.983413005,3082164.15481196,2303.68764595536,-86086.3813857052,,,,19376.5858434602,,,-33247.6472959742,1013373.98951794,2649301.2371134
2003-12-31,,9232549.90266659,,196196.869204631,11556810.6997639,-1269416.62385532,9151611.544088,8620507.1911536,2048412.57501584,4,15,,,,1122554.973218914,561277.486609457,,394753.248862524,190190.842596326,,190190.842596326,,-2426947.14922919,-2869104.71953716,65,,872241.962405727,2757266.71542936,6147788.227049086,81510.361112711,239383.060531014,771416.917583367,1072504.75148304,2405199.15567586,2757266.71542936,230588.5215688533,-2114478.86770719,,2759840.72683292,753041.336174624,232805.031388585,,,334835.983413005,3082164.15481196,2303.68764595536,-86086.3813857052,,,,19376.5858434602,,,-33247.6472959742,1013373.98951794,2649301.2371134
2004-02-19,,8001156.38666092,,179315.7244332,10581574.2865483,-409241.618593531,8942271.9581868,7233828.35179805,856869.1043801,4,15,,,,1222430.253409138,611215.126704569,,247366.937266295,74747.3275969919,,74747.3275969919,,-2426947.14922919,-2869104.71953716,33,,872241.962405727,-1016485.79351951,6522108.335777926,279368.136893757,110485.893604304,716640.00333616,311447.1983208,1639302.32836153,-1016485.79351951,263172.8825810758,-1743559.27799942,,-1014227.80133168,753157.187339274,166001.356704986,,,264885.8421718399,2775773.15503413,2303.68764595536,-86086.3813857052,,,,19376.5858434602,,,-20711.2386883332,1116849.65317839,2807696.49286201
2004-04-28,,8001156.38666092,,179315.7244332,10581574.2865483,-409241.618593531,8942271.9581868,7233828.35179805,856869.1043801,4,16,,,,1222430.253409138,611215.126704569,,247366.937266295,74747.3275969919,,74747.3275969919,,-2426947.14922919,-2869104.71953716,33,,872241.962405727,-1016485.79351951,6522108.335777926,279368.136893757,110485.893604304,716640.00333616,311447.1983208,1639302.32836153,-1016485.79351951,263172.8825810758,-1743559.27799942,,-1014227.80133168,753157.187339274,166001.356704986,,,264885.8421718399,2775773.15503413,2303.68764595536,-86086.3813857052,,,,19376.5858434602,,,-20711.2386883332,1116849.65317839,2807696.49286201
2004-07-23,,8001156.38666092,,179315.7244332,10581574.2865483,-409241.618593531,8942271.9581868,7233828.35179805,856869.1043801,5,17,,,,1222430.253409138,611215.126704569,,247366.937266295,74747.3275969919,,74747.3275969919,,-2426947.14922919,-2869104.71953716,33,,872241.962405727,-1016485.79351951,6522108.335777926,279368.136893757,110485.893604304,716640.00333616,311447.1983208,1639302.32836153,-1016485.79351951,263172.8825810758,-1743559.27799942,,-1014227.80133168,753157.187339274,166001.356704986,,,264885.8421718399,2775773.15503413,2303.68764595536,-86086.3813857052,,,,19376.5858434602,,,-20711.2386883332,1116849.65317839,2807696.49286201
2004-08-24,,8001156.38666092,,179315.7244332,10581574.2865483,-409241.618593531,8942271.9581868,7233828.35179805,856869.1043801,5,17,,,,1222430.253409138,611215.126704569,,247366.937266295,74747.3275969919,,74747.3275969919,,-2426947.14922919,-2869104.71953716,33,,872241.962405727,-1016485.79351951,6522108.335777926,279368.136893757,110485.893604304,716640.00333616,311447.1983208,1639302.32836153,-1016485.79351951,263172.8825810758,-1743559.27799942,,-1014227.80133168,753157.187339274,166001.356704986,,,264885.8421718399,2775773.15503413,2303.68764595536,-86086.3813857052,,,,19376.5858434602,,,-20711.2386883332,1116849.65317839,2807696.49286201
2004-10-29,,8001156.38666092,,179315.7244332,10581574.2865483,-409241.618593531,8942271.9581868,7233828.35179805,856869.1043801,5,18,,,,1222430.253409138,611215.126704569,,247366.937266295,74747.3275969919,,74747.3275969919,,-2426947.14922919,-2869104.71953716,33,,872241.962405727,-1016485.79351951,6522108.335777926,279368.136893757,110485.893604304,716640.00333616,311447.1983208,1639302.32836153,-1016485.79351951,263172.8825810758,-1743559.27799942,,-1014227.80133168,753157.187339274,166001.356704986,,,264885.8421718399,2775773.15503413,2303.68764595536,-86086.3813857052,,,,19376.5858434602,,,-20711.2386883332,1116849.65317839,2807696.49286201
2005-02-18,,5647757.73127687,,139168.323261477,8501648.68464568,-253026.191335197,7170146.34857641,4871910.00120261,1225402.16169087,5,19,,,,467655.716905686,233827.858452843,,228107.538859325,90349.7053606326,,90349.7053606326,,-2426947.14922919,-2869104.71953716,33,,872241.962405727,-1821882.61026427,6562827.610651646,353641.127747211,147787.982922943,716372.07841015,381302.399206278,1331502.33606927,-1821882.61026427,136268.9831935298,-1801430.50870389,,-1820707.20212862,758530.050208953,115660.16054839,,,264075.02781034843,3168743.61263943,7836.0542376958,-86086.3813857052,,,2350.81627130874,19376.5858434602,2350.81627130874,,-14966.863593999,1277041.75911728,2881238.78265837
2005-04-28,,5647757.73127687,,139168.323261477,8501648.68464568,-253026.191335197,7170146.34857641,4871910.00120261,1225402.16169087,5,20,,,,467655.716905686,233827.858452843,,228107.538859325,90349.7053606326,,90349.7053606326,,-1718766.86471423,-1946883.66896262,33,,872241.962405727,-1821882.61026427,6562827.610651646,353641.127747211,147787.982922943,716372.07841015,381302.399206278,1331502.33606927,-1821882.61026427,136268.9831935298,-1801430.50870389,,-1820707.20212862,758530.050208953,115660.16054839,,,264075.02781034843,3168743.61263943,7836.0542376958,-86086.3813857052,,,2350.81627130874,19376.5858434602,2350.81627130874,,-14966.863593999,1277041.75911728,2881238.78265837
2005-06-27,,5647757.73127687,,139168.323261477,8501648.68464568,-253026.191335197,7170146.34857641,4871910.00120261,1225402.16169087,5,20,,,,467655.716905686,233827.858452843,,228107.538859325,90349.7053606326,,90349.7053606326,,-1829619.50897708,-2035425.18238733,33,,872241.962405727,-1821882.61026427,6562827.610651646,353641.127747211,147787.982922943,716372.07841015,381302.399206278,1331502.33606927,-1821882.61026427,136268.9831935298,-1801430.50870389,,-1820707.20212862,758530.050208953,115660.16054839,,,264075.02781034843,3168743.61263943,7836.0542376958,-86086.3813857052,,,2350.81627130874,19376.5858434602,2350.81627130874,,-14966.863593999,1277041.75911728,2881238.78265837
2005-08-24,,5647757.73127687,,139168.323261477,8501648.68464568,-253026.191335197,7170146.34857641,4871910.00120261,1225402.16169087,6,21,,,,467655.716905686,233827.858452843,,228107.538859325,90349.7053606326,,90349.7053606326,,-1829619.50897708,-2035425.18238733,33,,872241.962405727,-1821882.61026427,6562827.610651646,353641.127747211,147787.982922943,716372.07841015,381302.399206278,1331502.33606927,-1821882.61026427,136268.9831935298,-1801430.50870389,,-1820707.20212862,758530.050208953,115660.16054839,,,264075.02781034843,3168743.61263943,7836.0542376958,-86086.3813857052,,,2350.81627130874,19376.5858434602,2350.81627130874,,-14966.863593999,1277041.75911728,2881238.78265837
2005-09-02,,5647757.73127687,,139168.323261477,8501648.68464568,-253026.191335197,7170146.34857641,4871910.00120261,1225402.16169087,6,21,,,,467655.716905686,233827.858452843,,228107.538859325,90349.7053606326,,90349.7053606326,,-1829619.50897708,-2035425.18238733,33,,872241.962405727,-1821882.61026427,6562827.610651646,353641.127747211,147787.982922943,716372.07841015,381302.399206278,1331502.33606927,-1821882.61026427,136268.9831935298,-1801430.50870389,,-1820707.20212862,758530.050208953,115660.16054839,,,264075.02781034843,3168743.61263943,7836.0542376958,-86086.3813857052,,,2350.81627130874,19376.5858434602,2350.81627130874,,-14966.863593999,1277041.75911728,2881238.78265837
2005-10-27,,5647757.73127687,,139168.323261477,8501648.68464568,-253026.191335197,7170146.34857641,4871910.00120261,1225402.16169087,6,22,,,,467655.716905686,233827.858452843,,228107.538859325,90349.7053606326,,90349.7053606326,,-1829619.50897708,-2035425.18238733,33,,872241.962405727,-1821882.61026427,6562827.610651646,353641.127747211,147787.982922943,716372.07841015,381302.399206278,1331502.33606927,-1821882.61026427,136268.9831935298,-1801430.50870389,,-1820707.20212862,758530.050208953,115660.16054839,,,264075.02781034843,3168743.61263943,7836.0542376958,-86086.3813857052,,,2350.81627130874,19376.5858434602,2350.81627130874,,-14966.863593999,1277041.75911728,2881238.78265837
2006-02-16,,4579444.91399501,,273192.217996827,6376411.72337371,-126280.066487017,5251597.27252122,3537378.29349989,1529261.84803687,6,23,,,,218319.651446848,233827.858452843,,307579.026368147,145741.536756743,,145741.536756743,,-1202870.88724819,-1509477.88476176,33,,872241.962405727,-1450464.8424711,5464221.563105275,468392.228070617,178665.07668673,1124814.45085249,381302.399206278,1124814.45085249,-1450464.8424711,77992.20792303626,-729366.154582315,,-1450025.8619387,616255.504067293,79821.2934747022,,,403349.9458533759,4360978.93570403,7836.0542376958,-86086.3813857052,,,877.961064799657,19376.5858434602,877.961064799657,,-13754.723348528,1791333.22587957,2544038.51210114
2006-04-27,,4579444.91399501,,273192.217996827,6376411.72337371,-126280.066487017,5251597.27252122,3537378.29349989,1529261.84803687,6,24,,,,218319.651446848,233827.858452843,,307579.026368147,145741.536756743,,145741.536756743,,-1202870.88724819,-1509477.88476176,33,,872241.962405727,-1450464.8424711,5464221.563105275,468392.228070617,178665.07668673,1124814.45085249,381302.399206278,1124814.45085249,-1450464.8424711,77992.20792303626,-729366.154582315,,-1450025.8619387,616255.504067293,79821.2934747022,,,403349.9458533759,4360978.93570403,7836.0542376958,-86086.3813857052,,,877.961064799657,19376.5858434602,877.961064799657,,-13754.723348528,1791333.22587957,2544038.51210114
2006-04-28,,4579444.91399501,,273192.217996827,6376411.72337371,-126280.066487017,5251597.27252122,3537378.29349989,1529261.84803687,6,24,,,,218319.651446848,233827.858452843,,307579.026368147,145741.536756743,,145741.536756743,,-1202870.88724819,-1509477.88476176,33,,872241.962405727,-1450464.8424711,5464221.563105275,468392.228070617,178665.07668673,1124814.45085249,381302.399206278,1124814.45085249,-1450464.8424711,77992.20792303626,-729366.154582315,,-1450025.8619387,616255.504067293,79821.2934747022,,,403349.9458533759,4360978.93570403,7836.0542376958,-86086.3813857052,,,877.961064799657,19376.5858434602,877.961064799657,,-13754.723348528,1791333.22587957,2544038.51210114
2006-08-24,,4579444.91399501,,273192.217996827,6376411.72337371,-126280.066487017,5251597.27252122,3537378.29349989,1529261.84803687,7,25,,,,218319.651446848,233827.858452843,,307579.026368147,145741.536756743,,145741.536756743,,-1202870.88724819,-1509477.88476176,33,,872241.962405727,-1450464.8424711,5464221.563105275,468392.228070617,178665.07668673,1124814.45085249,381302.399206278,1124814.45085249,-1450464.8424711,77992.20792303626,-729366.154582315,,-1450025.8619387,616255.504067293,79821.2934747022,,,403349.9458533759,4360978.93570403,7836.0542376958,-86086.3813857052,,,877.961064799657,19376.5858434602,877.961064799657,,-13754.723348528,1791333.22587957,2544038.51210114
2006-10-26,,4579444.91399501,,273192.217996827,6376411.72337371,-126280.066487017,5251597.27252122,3537378.29349989,1529261.84803687,7,26,,,,218319.651446848,233827.858452843,,307579.026368147,145741.536756743,,145741.536756743,,-1202870.88724819,-1509477.88476176,33,,872241.962405727,-1450464.8424711,5464221.563105275,468392.228070617,178665.07668673,1124814.45085249,381302.399206278,1124814.45085249,-1450464.8424711,77992.20792303626,-729366.154582315,,-1450025.8619387,616255.504067293,79821.2934747022,,,403349.9458533759,4360978.93570403,7836.0542376958,-86086.3813857052,,,877.961064799657,19376.5858434602,877.961064799657,,-13754.723348528,1791333.22587957,2544038.51210114
2007-02-14,61901.1000248346,5023087.81791886,371406.6001490077,487750.836340263,6769071.73681212,-79949.372562196,5558420.46367581,2962228.66492338,2061082.89191124,7,27,,,,218319.651446848,233827.858452843,,321736.560851971,74579.638584138,,74579.638584138,,441686.297057598,125693.811898978,36,,872241.962405727,202856.616948855,5212610.966105156,426446.373424101,111272.820767534,1210651.27313631,381302.399206278,1210651.27313631,202856.616948855,89793.88485530214,-61975.6796634187,,205466.9042993,630570.844228887,103591.117993368,,,1365478.6028369828,6472915.99199451,7836.0542376958,10739.4679561159,,,5220.57470088966,19376.5858434602,5220.57470088966,,-12305.6403663828,1398741.12164551,2814113.50269528
2007-04-24,61901.1000248346,5023087.81791886,371406.6001490077,487750.836340263,6769071.73681212,-79949.372562196,5558420.46367581,2962228.66492338,2061082.89191124,7,28,,,,218319.651446848,233827.858452843,,321736.560851971,74579.638584138,,74579.638584138,,441686.297057598,125693.811898978,36,,872241.962405727,202856.616948855,5212610.966105156,426446.373424101,111272.820767534,1210651.27313631,381302.399206278,1210651.27313631,202856.616948855,89793.88485530214,-61975.6796634187,,205466.9042993,630570.844228887,103591.117993368,,,1365478.6028369828,6472915.99199451,7836.0542376958,10739.4679561159,,,5220.57470088966,19376.5858434602,5220.57470088966,,-12305.6403663828,1398741.12164551,2814113.50269528
2007-08-23,61901.1000248346,5023087.81791886,371406.6001490077,487750.836340263,6769071.73681212,-79949.372562196,5558420.46367581,2962228.66492338,2061082.89191124,8,29,,,,218319.651446848,233827.858452843,,321736.560851971,74579.638584138,,74579.638584138,,441686.297057598,125693.811898978,36,,872241.962405727,202856.616948855,5212610.966105156,426446.373424101,111272.820767534,1210651.27313631,381302.399206278,1210651.27313631,202856.616948855,89793.88485530214,-61975.6796634187,,205466.9042993,630570.844228887,103591.117993368,,,1365478.6028369828,6472915.99199451,7836.0542376958,10739.4679561159,,,5220.57470088966,19376.5858434602,5220.57470088966,,-12305.6403663828,1398741.12164551,2814113.50269528
2007-10-25,61901.1000248346,5023087.81791886,371406.6001490077,487750.836340263,6769071.73681212,-79949.372562196,5558420.46367581,2962228.66492338,2061082.89191124,8,30,,,,218319.651446848,233827.858452843,,321736.560851971,74579.638584138,,74579.638584138,,441686.297057598,125693.811898978,36,,872241.962405727,202856.616948855,5212610.966105156,426446.373424101,111272.820767534,1210651.27313631,381302.399206278,1210651.27313631,202856.616948855,89793.88485530214,-61975.6796634187,,205466.9042993,630570.844228887,103591.117993368,,,1365478.6028369828,6472915.99199451,7836.0542376958,10739.4679561159,,,5220.57470088966,19376.5858434602,5220.57470088966,,-12305.6403663828,1398741.12164551,2814113.50269528
2007-12-31,61901.1000248346,5023087.81791886,371406.6001490077,487750.836340263,6769071.73681212,-79949.372562196,5558420.46367581,2962228.66492338,2061082.89191124,8,31,,,,218319.651446848,233827.858452843,,321736.560851971,74579.638584138,,74579.638584138,,441686.297057598,125693.811898978,36,,872241.962405727,202856.616948855,5212610.966105156,426446.373424101,111272.820767534,1210651.27313631,381302.399206278,1210651.27313631,202856.616948855,89793.88485530214,-61975.6796634187,,205466.9042993,630570.844228887,103591.117993368,,,1365478.6028369828,6472915.99199451,7836.0542376958,10739.4679561159,,,5220.57470088966,19376.5858434602,5220.57470088966,,-12305.6403663828,1398741.12164551,2814113.50269528
2008-02-13,48340.6579802544,6311184.77453499,991763.1766271543,470307.820865959,8636838.23620439,-156327.450403887,7400019.11113862,3350865.25486676,2738420.30577822,8,31,,,,218319.651446848,233827.858452843,,310237.867908762,119448.206493145,,119448.206493145,,441686.297057598,125693.811898978,37,,872241.962405727,1532788.70199003,5000476.029415903,781949.127232212,181511.373835536,1236819.12506577,381302.399206278,1236819.12506577,1532788.70199003,141669.3154034227,396705.270650862,,833408.537340225,809472.114759679,204044.35795859,,,1537466.830181667,8309915.04441212,53486.5989910557,10739.4679561159,-701719.228745628,,-1398760.32929962,19376.5858434602,-1398760.32929962,,-779.688031939587,1398604.39169323,3526217.09324998
2008-04-22,48340.6579802544,6311184.77453499,991763.1766271543,470307.820865959,8636838.23620439,-156327.450403887,7400019.11113862,3350865.25486676,2738420.30577822,8,32,,,,218319.651446848,233827.858452843,,310237.867908762,119448.206493145,,119448.206493145,,441686.297057598,125693.811898978,37,,872241.962405727,1532788.70199003,5000476.029415903,781949.127232212,181511.373835536,1236819.12506577,381302.399206278,1236819.12506577,1532788.70199003,141669.3154034227,396705.270650862,,833408.537340225,809472.114759679,204044.35795859,,,1537466.830181667,8309915.04441212,53486.5989910557,10739.4679561159,-701719.228745628,,-1398760.32929962,19376.5858434602,-1398760.32929962,,-779.688031939587,1398604.39169323,3526217.09324998
2008-08-20,48340.6579802544,6311184.77453499,991763.1766271543,470307.820865959,8636838.23620439,-156327.450403887,7400019.11113862,3350865.25486676,2738420.30577822,9,33,,,,218319.651446848,233827.858452843,,310237.867908762,119448.206493145,,119448.206493145,,441686.297057598,125693.811898978,37,,872241.962405727,1532788.70199003,5000476.029415903,781949.127232212,181511.373835536,1236819.12506577,381302.399206278,1236819.12506577,1532788.70199003,141669.3154034227,396705.270650862,,833408.537340225,809472.114759679,204044.35795859,,,1537466.830181667,8309915.04441212,53486.5989910557,10739.4679561159,-701719.228745628,,-1398760.32929962,19376.5858434602,-1398760.32929962,,-779.688031939587,1398604.39169323,3526217.09324998
2008-10-23,48340.6579802544,6311184.77453499,991763.1766271543,470307.820865959,8636838.23620439,-156327.450403887,7400019.11113862,3350865.25486676,2738420.30577822,9,34,,,,218319.651446848,233827.858452843,,310237.867908762,119448.206493145,,119448.206493145,,441686.297057598,125693.811898978,37,,872241.962405727,1532788.70199003,5000476.029415903,781949.127232212,181511.373835536,1236819.12506577,381302.399206278,1236819.12506577,1532788.70199003,141669.3154034227,396705.270650862,,833408.537340225,809472.114759679,204044.35795859,,,1537466.830181667,8309915.04441212,53486.5989910557,10739.4679561159,-701719.228745628,,-1398760.32929962,19376.5858434602,-1398760.32929962,,-779.688031939587,1398604.39169323,3526217.09324998
2009-02-12,48340.6579802544,9797348.52058127,2088740.0993244825,582998.348377185,13507529.0007042,-207725.988092952,11583021.6900326,5095283.01261123,4222273.62396774,9,35,8666.19166506626,8666.19166506626,8666.19166506626,218319.651446848,233827.858452843,,372908.853466487,87449.7522565777,,87449.7522565777,604007.297868254,441686.297057598,125693.811898978,42,,872241.962405727,3161934.43569554,4803273.12423656,1677914.7660201,579847.005953524,1915928.65629601,381302.399206278,1915928.6562960136,3161934.43569554,-158530.03136802997,1681066.10844376,,2103521.06779336,1139735.50989053,344546.771653543,,,2843473.776326742,12709539.0692017,8666.19166506626,10739.4679561159,-1059201.2035081,,-2116826.73580437,19376.5858434602,-2116826.73580437,,-779.688031939587,2015983.77824723,4535306.97138468
2009-02-19,48340.6579802544,9797348.52058127,2088740.0993244825,582998.348377185,13507529.0007042,-207725.988092952,11583021.6900326,5095283.01261123,4222273.62396774,9,35,8666.19166506626,8666.19166506626,8666.19166506626,218319.651446848,233827.858452843,,372908.853466487,87449.7522565777,,87449.7522565777,604007.297868254,2416142.08993556,2074201.11444885,42,,872241.962405727,3161934.43569554,4803273.12423656,1677914.7660201,579847.005953524,1915928.65629601,381302.399206278,1915928.6562960136,3161934.43569554,-158530.03136802997,1681066.10844376,,2103521.06779336,1139735.50989053,344546.771653543,,,2843473.776326742,12709539.0692017,8666.19166506626,10739.4679561159,-1059201.2035081,,-2116826.73580437,19376.5858434602,-2116826.73580437,,-779.688031939587,2015983.77824723,4535306.97138468
2009-04-22,48340.6579802544,9797348.52058127,2088740.0993244825,582998.348377185,13507529.0007042,-207725.988092952,11583021.6900326,5095283.01261123,4222273.62396774,9,36,8666.19166506626,8666.19166506626,8666.19166506626,218319.651446848,233827.858452843,,372908.853466487,87449.7522565777,,87449.7522565777,604007.297868254,2416142.08993556,2074201.11444885,42,,872241.962405727,3161934.43569554,4803273.12423656,1677914.7660201,579847.005953524,1915928.65629601,381302.399206278,1915928.6562960136,3161934.43569554,-158530.03136802997,1681066.10844376,,2103521.06779336,1139735.50989053,344546.771653543,,,2843473.776326742,12709539.0692017,8666.19166506626,10739.4679561159,-1059201.2035081,,-2116826.73580437,19376.5858434602,-2116826.73580437,,-779.688031939587,2015983.77824723,4535306.97138468
2009-08-18,48340.6579802544,9797348.52058127,2088740.0993244825,582998.348377185,13507529.0007042,-207725.988092952,11583021.6900326,5095283.01261123,4222273.62396774,10,37,8666.19166506626,8666.19166506626,8666.19166506626,218319.651446848,233827.858452843,,372908.853466487,87449.7522565777,,87449.7522565777,604007.297868254,2416142.08993556,2074201.11444885,42,,872241.962405727,3161934.43569554,4803273.12423656,1677914.7660201,579847.005953524,1915928.65629601,381302.399206278,1915928.6562960136,3161934.43569554,-158530.03136802997,1681066.10844376,,2103521.06779336,1139735.50989053,344546.771653543,,,2843473.776326742,12709539.0692017,8666.19166506626,10739.4679561159,-1059201.2035081,,-2116826.73580437,19376.5858434602,-2116826.73580437,,-779.688031939587,2015983.77824723,4535306.97138468
2009-10-22,48340.6579802544,9797348.52058127,2088740.0993244825,582998.348377185,13507529.0007042,-207725.988092952,11583021.6900326,5095283.01261123,4222273.62396774,10,38,8666.19166506626,8666.19166506626,8666.19166506626,218319.651446848,233827.858452843,,372908.853466487,87449.7522565777,,87449.7522565777,604007.297868254,2416142.08993556,2074201.11444885,42,,872241.962405727,3161934.43569554,4803273.12423656,1677914.7660201,579847.005953524,1915928.65629601,381302.399206278,1915928.6562960136,3161934.43569554,-158530.03136802997,1681066.10844376,,2103521.06779336,1139735.50989053,344546.771653543,,,2843473.776326742,12709539.0692017,8666.19166506626,10739.4679561159,-1059201.2035081,,-2116826.73580437,19376.5858434602,-2116826.73580437,,-779.688031939587,2015983.77824723,4535306.97138468
2010-02-22,48340.6579802544,13325674.1878718,596171.6008423069,757697.628557861,15545942.6496467,-250289.209798609,13943918.7955644,8680756.02357476,5892041.42901036,10,39,8666.19166506626,8666.19166506626,8666.19166506626,218319.651446848,233827.858452843,,358272.361107232,37348.8561772018,,37348.8561772018,2230556.68836066,4659388.0177926,4287297.83152627,45,,872241.962405727,3139205.94396805,4558761.053614065,1139226.56909025,112046.568531605,1616375.49789112,381302.399206278,1616375.4978911222,3139205.94396805,70461.38376023021,4607223.4853775,,4591920.82902712,1364357.1743806,468935.638669311,,,3370561.358621265,17590360.2469205,8666.19166506626,10739.4679561159,1469746.65512137,,2951251.2834837,19376.5858434602,2951251.2834837,,-779.688031939587,2334303.51107511,5351779.84972487
2010-05-06,48340.6579802544,13325674.1878718,596171.6008423069,757697.628557861,15545942.6496467,-250289.209798609,13943918.7955644,8680756.02357476,5892041.42901036,10,40,8666.19166506626,8666.19166506626,8666.19166506626,218319.651446848,233827.858452843,,358272.361107232,37348.8561772018,,37348.8561772018,2230556.68836066,4659388.0177926,4287297.83152627,45,,872241.962405727,3139205.94396805,4558761.053614065,1139226.56909025,112046.568531605,1616375.49789112,381302.399206278,1616375.4978911222,3139205.94396805,70461.38376023021,4607223.4853775,,4591920.82902712,1364357.1743806,468935.638669311,,,3370561.358621265,17590360.2469205,8666.19166506626,10739.4679561159,1469746.65512137,,2951251.2834837,19376.5858434602,2951251.2834837,,-779.688031939587,2334303.51107511,5351779.84972487
2010-08-17,48340.6579802544,13325674.1878718,596171.6008423069,757697.628557861,15545942.6496467,-250289.209798609,13943918.7955644,8680756.02357476,5892041.42901036,11,41,8666.19166506626,8666.19166506626,8666.19166506626,218319.651446848,233827.858452843,,358272.361107232,37348.8561772018,,37348.8561772018,2230556.68836066,4659388.0177926,4287297.83152627,45,,872241.962405727,3139205.94396805,4558761.053614065,1139226.56909025,112046.568531605,1616375.49789112,381302.399206278,1616375.4978911222,3139205.94396805,70461.38376023021,4607223.4853775,,4591920.82902712,1364357.1743806,468935.638669311,,,3370561.358621265,17590360.2469205,8666.19166506626,10739.4679561159,1469746.65512137,,2951251.2834837,19376.5858434602,2951251.2834837,,-779.688031939587,2334303.51107511,5351779.84972487
2010-10-27,48340.6579802544,13325674.1878718,596171.6008423069,757697.628557861,15545942.6496467,-250289.209798609,13943918.7955644,8680756.02357476,5892041.42901036,11,42,8666.19166506626,8666.19166506626,8666.19166506626,218319.651446848,233827.858452843,,358272.361107232,37348.8561772018,,37348.8561772018,2230556.68836066,4659388.0177926,4287297.83152627,45,,872241.962405727,3139205.94396805,4558761.053614065,1139226.56909025,112046.568531605,1616375.49789112,381302.399206278,1616375.4978911222,3139205.94396805,70461.38376023021,4607223.4853775,,4591920.82902712,1364357.1743806,468935.638669311,,,3370561.358621265,17590360.2469205,8666.19166506626,10739.4679561159,1469746.65512137,,2951251.2834837,19376.5858434602,2951251.2834837,,-779.688031939587,2334303.51107511,5351779.84972487
2011-02-11,48340.6579802544,19812997.4336046,596171.6008423069,993831.431637306,21766647.2234642,-61147.0982741661,17887914.8037199,14043099.9150496,7371091.61226862,11,43,8666.19166506626,8666.19166506626,8666.19166506626,218319.651446848,233827.858452843,,270958.079227399,100701.627470267,,100701.627470267,3296210.76634177,5697416.46971707,5424045.35497208,46,,872241.962405727,4514375.61477242,4473280.978084255,1340267.96029688,1904541.02655817,3869369.27032102,381302.399206278,3869369.270321018,4514375.61477242,94682.45998390454,6589077.55074667,,6658059.12098721,1532881.3198605,402806.50988107,,,4261379.495663057,22551145.3858535,464622.404542609,10739.4679561159,391723.598318877,,4303035.95636234,1737341.92971475,4303035.95636234,,-779.688031939587,2668497.58562103,6669333.11723151
2011-05-10,48340.6579802544,19812997.4336046,596171.6008423069,993831.431637306,21766647.2234642,-61147.0982741661,17887914.8037199,14043099.9150496,7371091.61226862,11,44,8666.19166506626,8666.19166506626,8666.19166506626,218319.651446848,233827.858452843,,270958.079227399,100701.627470267,,100701.627470267,3296210.76634177,5697416.46971707,5424045.35497208,46,,872241.962405727,4514375.61477242,4473280.978084255,1340267.96029688,1904541.02655817,3869369.27032102,381302.399206278,3869369.270321018,4514375.61477242,94682.45998390454,6589077.55074667,,6658059.12098721,1532881.3198605,402806.50988107,,,4261379.495663057,22551145.3858535,464622.404542609,10739.4679561159,391723.598318877,,4303035.95636234,1737341.92971475,4303035.95636234,,-779.688031939587,2668497.58562103,6669333.11723151
2011-08-17,48340.6579802544,19812997.4336046,596171.6008423069,993831.431637306,21766647.2234642,-61147.0982741661,17887914.8037199,14043099.9150496,7371091.61226862,12,45,8666.19166506626,8666.19166506626,8666.19166506626,218319.651446848,233827.858452843,,270958.079227399,100701.627470267,,100701.627470267,3296210.76634177,5697416.46971707,5424045.35497208,46,,872241.962405727,4514375.61477242,4473280.978084255,1340267.96029688,1904541.02655817,3869369.27032102,381302.399206278,3869369.270321018,4514375.61477242,94682.45998390454,6589077.55074667,,6658059.12098721,1532881.3198605,402806.50988107,,,4261379.495663057,22551145.3858535,464622.404542609,10739.4679561159,391723.598318877,,4303035.95636234,1737341.92971475,4303035.95636234,,-779.688031939587,2668497.58562103,6669333.11723151
2011-10-25,48340.6579802544,19812997.4336046,596171.6008423069,993831.431637306,21766647.2234642,-61147.0982741661,17887914.8037199,14043099.9150496,7371091.61226862,12,46,8666.19166506626,8666.19166506626,8666.19166506626,218319.651446848,233827.858452843,,270958.079227399,100701.627470267,,100701.627470267,3296210.76634177,5697416.46971707,5424045.35497208,46,,872241.962405727,4514375.61477242,4473280.978084255,1340267.96029688,1904541.02655817,3869369.27032102,381302.399206278,3869369.270321018,4514375.61477242,94682.45998390454,6589077.55074667,,6658059.12098721,1532881.3198605,402806.50988107,,,4261379.495663057,22551145.3858535,464622.404542609,10739.4679561159,391723.598318877,,4303035.95636234,1737341.92971475,4303035.95636234,,-779.688031939587,2668497.58562103,6669333.11723151
2012-02-10,147754.799790935,23868054.2872906,886528.79874561,1660629.37222335,26152132.2802637,-1512033.4635152,21472949.917245,16038451.7465664,9226684.45221987,12,47,8666.19166506626,8666.19166506626,8666.19166506626,218319.651446848,233827.858452843,,507001.763988501,276631.377217689,,276631.377217689,6456338.03006766,10466756.0204403,9822605.47571593,64,,872241.962405727,7137182.98876274,4385882.34026697,2011932.52998055,1528762.18531316,4606660.08304538,381302.399206278,4623949.54412149,7137182.98876274,305602.906588461,6802888.92244258,,10174333.8322832,4324421.31304626,2257723.24690032,,,5587673.450158254,29438064.4501873,464622.404542609,10739.4679561159,17289.4610761056,,2742482.35285577,1131011.12401638,2742482.35285577,,-779.688031939587,3207148.30134441,7391758.6210401
2012-05-08,147754.799790935,23868054.2872906,886528.79874561,1660629.37222335,26152132.2802637,-1512033.4635152,21472949.917245,16038451.7465664,9226684.45221987,12,48,8666.19166506626,8666.19166506626,8666.19166506626,218319.651446848,233827.858452843,,507001.763988501,276631.377217689,,276631.377217689,6456338.03006766,10466756.0204403,9822605.47571593,64,,872241.962405727,7137182.98876274,4385882.34026697,2011932.52998055,1528762.18531316,4606660.08304538,381302.399206278,4623949.54412149,7137182.98876274,305602.906588461,6802888.92244258,,10174333.8322832,4324421.31304626,2257723.24690032,,,5587673.450158254,29438064.4501873,464622.404542609,10739.4679561159,17289.4610761056,,2742482.35285577,1131011.12401638,2742482.35285577,,-779.688031939587,3207148.30134441,7391758.6210401
2012-08-21,147754.799790935,23868054.2872906,886528.79874561,1660629.37222335,26152132.2802637,-1512033.4635152,21472949.917245,16038451.7465664,9226684.45221987,13,49,8666.19166506626,8666.19166506626,8666.19166506626,218319.651446848,233827.858452843,,507001.763988501,276631.377217689,,276631.377217689,6456338.03006766,10466756.0204403,9822605.47571593,64,,872241.962405727,7137182.98876274,4385882.34026697,2011932.52998055,1528762.18531316,4606660.08304538,381302.399206278,4623949.54412149,7137182.98876274,305602.906588461,6802888.92244258,,10174333.8322832,4324421.31304626,2257723.24690032,,,5587673.450158254,29438064.4501873,464622.404542609,10739.4679561159,17289.4610761056,,2742482.35285577,1131011.12401638,2742482.35285577,,-779.688031939587,3207148.30134441,7391758.6210401
2012-10-23,147754.799790935,23868054.2872906,886528.79874561,1660629.37222335,26152132.2802637,-1512033.4635152,21472949.917245,16038451.7465664,9226684.45221987,13,50,8666.19166506626,8666.19166506626,8666.19166506626,218319.651446848,233827.858452843,,507001.763988501,276631.377217689,,276631.377217689,6456338.03006766,10466756.0204403,9822605.47571593,64,,872241.962405727,7137182.98876274,4385882.34026697,2011932.52998055,1528762.18531316,4606660.08304538,381302.399206278,4623949.54412149,7137182.98876274,305602.906588461,6802888.92244258,,10174333.8322832,4324421.31304626,2257723.24690032,,,5587673.450158254,29438064.4501873,464622.404542609,10739.4679561159,17289.4610761056,,2742482.35285577,1131011.12401638,2742482.35285577,,-779.688031939587,3207148.30134441,7391758.6210401
2013-02-08,63157.9801803465,44296943.0646601,378947.881082079,1394872.87261872,48956619.533438,-2783874.98845905,42923091.288893,35513722.7864463,8349636.48324255,13,51,8666.19166506626,8666.19166506626,8666.19166506626,218319.651446848,233827.858452843,,430364.34770566,295242.252177392,,295242.252177392,16353809.2307574,7527155.77171093,7089022.5802943,76,,872241.962405727,30960666.8359339,4385882.34026697,1973805.24266765,566528.029113963,3363186.11700982,381302.399206278,5702966.762071832,30960666.8359339,804483.0578893913,31773766.6497399,,41875729.3417044,6922474.44834272,4658066.74514511,,,6645317.91462776,61098670.2058905,118646.100698612,10739.4679561159,2322263.06435232,,10640367.9023174,151408.711107008,10640367.9023174,,-779.688031939587,3388752.31588342,8596302.95756009
2013-04-26,63157.9801803465,44296943.0646601,378947.881082079,1394872.87261872,48956619.533438,-2783874.98845905,42923091.288893,35513722.7864463,8349636.48324255,13,52,8666.19166506626,8666.19166506626,8666.19166506626,218319.651446848,233827.858452843,,430364.34770566,295242.252177392,,295242.252177392,16353809.2307574,7527155.77171093,7089022.5802943,76,,872241.962405727,30960666.8359339,4385882.34026697,1973805.24266765,566528.029113963,3363186.11700982,381302.399206278,5702966.762071832,30960666.8359339,804483.0578893913,31773766.6497399,,41875729.3417044,6922474.44834272,4658066.74514511,,,6645317.91462776,61098670.2058905,118646.100698612,10739.4679561159,2322263.06435232,,10640367.9023174,151408.711107008,10640367.9023174,,-779.688031939587,3388752.31588342,8596302.95756009
2013-08-22,63157.9801803465,44296943.0646601,378947.881082079,1394872.87261872,48956619.533438,-2783874.98845905,42923091.288893,35513722.7864463,8349636.48324255,14,53,8666.19166506626,8666.19166506626,8666.19166506626,218319.651446848,233827.858452843,,430364.34770566,295242.252177392,,295242.252177392,16353809.2307574,7527155.77171093,7089022.5802943,76,,872241.962405727,30960666.8359339,4385882.34026697,1973805.24266765,566528.029113963,3363186.11700982,381302.399206278,5702966.762071832,30960666.8359339,804483.0578893913,31773766.6497399,,41875729.3417044,6922474.44834272,4658066.74514511,,,6645317.91462776,61098670.2058905,118646.100698612,10739.4679561159,2322263.06435232,,10640367.9023174,151408.711107008,10640367.9023174,,-779.688031939587,3388752.31588342,8596302.95756009
2013-10-23,63157.9801803465,44296943.0646601,378947.881082079,1394872.87261872,48956619.533438,-2783874.98845905,42923091.288893,35513722.7864463,8349636.48324255,14,54,8666.19166506626,8666.19166506626,8666.19166506626,218319.651446848,233827.858452843,,430364.34770566,295242.252177392,,295242.252177392,16353809.2307574,7527155.77171093,7089022.5802943,76,,872241.962405727,30960666.8359339,4385882.34026697,1973805.24266765,566528.029113963,3363186.11700982,381302.399206278,5702966.762071832,30960666.8359339,804483.0578893913,31773766.6497399,,41875729.3417044,6922474.44834272,4658066.74514511,,,6645317.91462776,61098670.2058905,118646.100698612,10739.4679561159,2322263.06435232,,10640367.9023174,151408.711107008,10640367.9023174,,-779.688031939587,3388752.31588342,8596302.95756009
2014-02-12,98624.2189320615,30320707.0641788,591745.313592369,1671075.25284696,35979447.5725139,-1560908.90363074,29778789.9715693,21991136.3757826,9544403.36041761,14,55,8666.19166506626,8666.19166506626,8666.19166506626,218319.651446848,233827.858452843,,519958.8935324,47669.936458123,,47669.936458123,11344762.6714466,8150034.93245234,7632116.91560808,85,,872241.962405727,5791897.27966194,4385882.34026697,1368633.90401914,3170050.77446518,6238099.14552488,381302.399206278,6246075.414420429,5791897.27966194,468066.2264825141,7360782.45218823,,7859909.2081346,8406049.03133593,5657145.25455591,,,6761060.869700312,29641222.7927354,118646.100698612,10739.4679561159,-2310584.34135504,,1836606.29204406,2753220.34582938,1836606.29204406,,-779.688031939587,3778030.14122143,8587251.09295136
2014-05-06,98624.2189320615,30320707.0641788,591745.313592369,1671075.25284696,35979447.5725139,-1560908.90363074,29778789.9715693,21991136.3757826,9544403.36041761,14,56,8666.19166506626,8666.19166506626,8666.19166506626,218319.651446848,233827.858452843,,519958.8935324,47669.936458123,,47669.936458123,11344762.6714466,8150034.93245234,7632116.91560808,85,,872241.962405727,5791897.27966194,4385882.34026697,1368633.90401914,3170050.77446518,6238099.14552488,381302.399206278,6246075.414420429,5791897.27966194,468066.2264825141,7360782.45218823,,7859909.2081346,8406049.03133593,5657145.25455591,,,6761060.869700312,29641222.7927354,118646.100698612,10739.4679561159,-2310584.34135504,,1836606.29204406,2753220.34582938,1836606.29204406,,-779.688031939587,3778030.14122143,8587251.09295136
2014-08-20,98624.2189320615,30320707.0641788,591745.313592369,1671075.25284696,35979447.5725139,-1560908.90363074,29778789.9715693,21991136.3757826,9544403.36041761,15,57,8666.19166506626,8666.19166506626,8666.19166506626,218319.651446848,233827.858452843,,519958.8935324,47669.936458123,,47669.936458123,11344762.6714466,8150034.93245234,7632116.91560808,85,,872241.962405727,5791897.27966194,4385882.34026697,1368633.90401914,3170050.77446518,6238099.14552488,381302.399206278,6246075.414420429,5791897.27966194,468066.2264825141,7360782.45218823,,7859909.2081346,8406049.03133593,5657145.25455591,,,6761060.869700312,29641222.7927354,118646.100698612,10739.4679561159,-2310584.34135504,,1836606.29204406,2753220.34582938,1836606.29204406,,-779.688031939587,3778030.14122143,8587251.09295136
2014-10-22,98624.2189320615,30320707.0641788,591745.313592369,1671075.25284696,35979447.5725139,-1560908.90363074,29778789.9715693,21991136.3757826,9544403.36041761,15,58,8666.19166506626,8666.19166506626,8666.19166506626,218319.651446848,233827.858452843,,519958.8935324,47669.936458123,,47669.936458123,11344762.6714466,8150034.93245234,7632116.91560808,85,,872241.962405727,5791897.27966194,4385882.34026697,1368633.90401914,3170050.77446518,6238099.14552488,381302.399206278,6246075.414420429,5791897.27966194,468066.2264825141,7360782.45218823,,7859909.2081346,8406049.03133593,5657145.25455591,,,6761060.869700312,29641222.7927354,118646.100698612,10739.4679561159,-2310584.34135504,,1836606.29204406,2753220.34582938,1836606.29204406,,-779.688031939587,3778030.14122143,8587251.09295136
2015-02-12,100907.125905971,27410576.4274261,605442.755435826,1396389.87621063,34234945.9457379,-2016577.42800334,28376896.0143673,17354295.819383,10818726.6140722,15,59,8666.19166506626,8666.19166506626,8666.19166506626,218319.651446848,233827.858452843,,465573.122955551,560467.007889167,,560467.007889167,7113318.92673979,8249421.11483486,7814284.78381867,95,,872241.962405727,12142298.6133025,4861626.783358249,1742027.67237509,2102327.89173241,5834079.34064524,381302.399206278,5849894.988134177,12142298.6133025,184021.6483868896,10245821.2584183,,15858893.4000385,8829002.83753448,5992812.42768264,,,8121334.985568597,39687555.1638766,118646.100698612,-25288.5613494965,-8813.92854852158,,3668571.2321211,479988.426656404,3668571.2321211,,-779.688031939587,4414624.97851325,8677271.4694375
2015-05-07,100907.125905971,27410576.4274261,605442.755435826,1396389.87621063,34234945.9457379,-2016577.42800334,28376896.0143673,17354295.819383,10818726.6140722,15,60,8666.19166506626,8666.19166506626,8666.19166506626,218319.651446848,233827.858452843,,465573.122955551,560467.007889167,,560467.007889167,7113318.92673979,8249421.11483486,7814284.78381867,95,,872241.962405727,12142298.6133025,4861626.783358249,1742027.67237509,2102327.89173241,5834079.34064524,381302.399206278,5849894.988134177,12142298.6133025,184021.6483868896,10245821.2584183,,15858893.4000385,8829002.83753448,5992812.42768264,,,8121334.985568597,39687555.1638766,118646.100698612,-25288.5613494965,-8813.92854852158,,3668571.2321211,479988.426656404,3668571.2321211,,-779.688031939587,4414624.97851325,8677271.4694375
2015-08-18,100907.125905971,27410576.4274261,605442.755435826,1396389.87621063,34234945.9457379,-2016577.42800334,28376896.0143673,17354295.819383,10818726.6140722,16,61,8666.19166506626,8666.19166506626,8666.19166506626,218319.651446848,233827.858452843,,465573.122955551,560467.007889167,,560467.007889167,7113318.92673979,8249421.11483486,7814284.78381867,95,,872241.962405727,12142298.6133025,4861626.783358249,1742027.67237509,2102327.89173241,5834079.34064524,381302.399206278,5849894.988134177,12142298.6133025,184021.6483868896,10245821.2584183,,15858893.4000385,8829002.83753448,5992812.42768264,,,8121334.985568597,39687555.1638766,118646.100698612,-25288.5613494965,-8813.92854852158,,3668571.2321211,479988.426656404,3668571.2321211,,-779.688031939587,4414624.97851325,8677271.4694375
2015-10-23,100907.125905971,27410576.4274261,605442.755435826,1396389.87621063,34234945.9457379,-2016577.42800334,28376896.0143673,17354295.819383,10818726.6140722,16,62,8666.19166506626,8666.19166506626,8666.19166506626,218319.651446848,233827.858452843,,465573.122955551,560467.007889167,,560467.007889167,7113318.92673979,8249421.11483486,7814284.78381867,95,,872241.962405727,12142298.6133025,4861626.783358249,1742027.67237509,2102327.89173241,5834079.34064524,381302.399206278,5849894.988134177,12142298.6133025,184021.6483868896,10245821.2584183,,15858893.4000385,8829002.83753448,5992812.42768264,,,8121334.985568597,39687555.1638766,118646.100698612,-25288.5613494965,-8813.92854852158,,3668571.2321211,479988.426656404,3668571.2321211,,-779.688031939587,4414624.97851325,8677271.4694375
2016-02-12,304536.709879832,29325897.0839993,1827220.2592789917,1898875.9557213,38011097.6806961,-2243658.74622625,31799303.9152312,18226815.2962766,11781176.539395,16,63,1272772.25833185,1272772.25833185,1272772.25833185,218319.651446848,233827.858452843,,526010.650565323,1346516.57372876,,1346516.57372876,6963319.83439294,13004437.5717392,12468033.6030609,101,,872241.962405727,11045581.0098857,5664588.371195156,3498115.42295625,1728412.51642692,6185043.3765465,381302.399206278,6213239.7324335575,9752886.53998698,5703.536376013701,9439031.37630971,,14297159.0647014,9975565.45314627,6742543.97442728,,,7204771.41537915,38819473.5476233,1272772.25833185,-77037.9068253123,12772.7082223406,,3260976.84011129,479988.426656404,3260976.84011129,,-779.688031939587,4237084.87539217,8871810.66714023
2016-05-10,304536.709879832,29325897.0839993,1827220.2592789917,1898875.9557213,38011097.6806961,-2243658.74622625,31799303.9152312,18226815.2962766,11781176.539395,16,64,1272772.25833185,1272772.25833185,1272772.25833185,218319.651446848,233827.858452843,,526010.650565323,1346516.57372876,,1346516.57372876,6963319.83439294,13004437.5717392,12468033.6030609,101,,872241.962405727,11045581.0098857,5664588.371195156,3498115.42295625,1728412.51642692,6185043.3765465,381302.399206278,6213239.7324335575,9752886.53998698,5703.536376013701,9439031.37630971,,14297159.0647014,9975565.45314627,6742543.97442728,,,7204771.41537915,38819473.5476233,1272772.25833185,-77037.9068253123,12772.7082223406,,3260976.84011129,479988.426656404,3260976.84011129,,-779.688031939587,4237084.87539217,8871810.66714023
2016-08-17,304536.709879832,29325897.0839993,1827220.2592789917,1898875.9557213,38011097.6806961,-2243658.74622625,31799303.9152312,18226815.2962766,11781176.539395,17,65,1272772.25833185,1272772.25833185,1272772.25833185,218319.651446848,233827.858452843,,526010.650565323,1346516.57372876,,1346516.57372876,6963319.83439294,13004437.5717392,12468033.6030609,101,,872241.962405727,11045581.0098857,5664588.371195156,3498115.42295625,1728412.51642692,6185043.3765465,381302.399206278,6213239.7324335575,9752886.53998698,5703.536376013701,9439031.37630971,,14297159.0647014,9975565.45314627,6742543.97442728,,,7204771.41537915,38819473.5476233,1272772.25833185,-77037.9068253123,12772.7082223406,,3260976.84011129,479988.426656404,3260976.84011129,,-779.688031939587,4237084.87539217,8871810.66714023
2016-10-25,304536.709879832,29325897.0839993,1827220.2592789917,1898875.9557213,38011097.6806961,-2243658.74622625,31799303.9152312,18226815.2962766,11781176.539395,17,66,1272772.25833185,1272772.25833185,1272772.25833185,218319.651446848,233827.858452843,,526010.650565323,1346516.57372876,,1346516.57372876,6963319.83439294,13004437.5717392,12468033.6030609,101,,872241.962405727,11045581.0098857,5664588.371195156,3498115.42295625,1728412.51642692,6185043.3765465,381302.399206278,6213239.7324335575,9752886.53998698,5703.536376013701,9439031.37630971,,14297159.0647014,9975565.45314627,6742543.97442728,,,7204771.41537915,38819473.5476233,1272772.25833185,-77037.9068253123,12772.7082223406,,3260976.84011129,479988.426656404,3260976.84011129,,-779.688031939587,4237084.87539217,8871810.66714023
2017-02-10,169734.45326482,34297574.3162379,1947006.379217586,1508740.80613108,43521978.7564369,-499412.69914468,36955115.6406118,21635757.9279072,13074003.2016865,17,67,1272772.25833185,1272772.25833185,1272772.25833185,218319.651446848,233827.858452843,,629628.485786752,1940241.92276865,,1940241.92276865,11572869.7388803,18538321.3184596,17903380.8957901,109,,872241.962405727,14208295.7409664,5664588.371195156,3602874.11311308,2771112.98791133,6538915.22997024,381302.399206278,6568465.223931397,20254918.7522646,116330.8497205661,13166569.4478299,,17450428.5121381,11433978.5368425,7336765.0669214,,,8772253.930190932,47591155.3344972,1272772.25833185,-77037.9068253123,-926908.545516431,,3267410.47684926,8366.56455526642,3267410.47684926,,-779.688031939587,5654729.56728922,11333134.7321497
2017-05-03,169734.45326482,34297574.3162379,1947006.379217586,1508740.80613108,43521978.7564369,-499412.69914468,36955115.6406118,21635757.9279072,13074003.2016865,17,68,1272772.25833185,1272772.25833185,1272772.25833185,218319.651446848,233827.858452843,,629628.485786752,1940241.92276865,,1940241.92276865,11572869.7388803,18538321.3184596,17903380.8957901,109,,872241.962405727,14208295.7409664,5664588.371195156,3602874.11311308,2771112.98791133,6538915.22997024,381302.399206278,6568465.223931397,20254918.7522646,116330.8497205661,13166569.4478299,,17450428.5121381,11433978.5368425,7336765.0669214,,,8772253.930190932,47591155.3344972,1272772.25833185,-77037.9068253123,-926908.545516431,,3267410.47684926,8366.56455526642,3267410.47684926,,-779.688031939587,5654729.56728922,11333134.7321497
2017-08-18,169734.45326482,34297574.3162379,1947006.379217586,1508740.80613108,43521978.7564369,-499412.69914468,36955115.6406118,21635757.9279072,13074003.2016865,18,69,1272772.25833185,1272772.25833185,1272772.25833185,218319.651446848,233827.858452843,,629628.485786752,1940241.92276865,,1940241.92276865,11572869.7388803,18538321.3184596,17903380.8957901,109,,872241.962405727,14208295.7409664,5664588.371195156,3602874.11311308,2771112.98791133,6538915.22997024,381302.399206278,6568465.223931397,20254918.7522646,116330.8497205661,13166569.4478299,,17450428.5121381,11433978.5368425,7336765.0669214,,,8772253.930190932,47591155.3344972,1272772.25833185,-77037.9068253123,-926908.545516431,,3267410.47684926,8366.56455526642,3267410.47684926,,-779.688031939587,5654729.56728922,11333134.7321497
2017-10-25,169734.45326482,34297574.3162379,1947006.379217586,1508740.80613108,43521978.7564369,-499412.69914468,36955115.6406118,21635757.9279072,13074003.2016865,18,70,1272772.25833185,1272772.25833185,1272772.25833185,218319.651446848,233827.858452843,,629628.485786752,1940241.92276865,,1940241.92276865,11572869.7388803,18538321.3184596,17903380.8957901,109,,872241.962405727,14208295.7409664,5664588.371195156,3602874.11311308,2771112.98791133,6538915.22997024,381302.399206278,6568465.223931397,20254918.7522646,116330.8497205661,13166569.4478299,,17450428.5121381,11433978.5368425,7336765.0669214,,,8772253.930190932,47591155.3344972,1272772.25833185,-77037.9068253123,-926908.545516431,,3267410.47684926,8366.56455526642,3267410.47684926,,-779.688031939587,5654729.56728922,11333134.7321497
2018-02-08,413546.781764756,40997077.064511,3323984.90069132,1885278.83731422,51985438.2579221,-2402415.34316056,41860354.843508,28050076.0183864,13684581.5379738,18,71,1272772.25833185,1272772.25833185,1272772.25833185,218319.651446848,233827.858452843,,593114.334833022,3306930.4948974,,3306930.4948974,14079178.9799676,21290640.3962006,20708527.7229552,120,,872241.962405727,16293183.7448334,5664588.371195156,2942742.23148859,4481609.09079825,10056324.3815307,381302.399206278,10126527.173634749,16293183.7448334,-7218.796103246899,20087653.6815538,,21016712.7400417,13996974.9393418,9245924.2839899,,,9497318.858285476,55494765.7485643,1272772.25833185,-77037.9068253123,98717.0367119012,,4723528.99520831,569111.837789727,4723528.99520831,,-779.688031939587,6796857.47101211,13335462.5114306
2018-04-25,413546.781764756,40997077.064511,3323984.90069132,1885278.83731422,51985438.2579221,-2402415.34316056,41860354.843508,28050076.0183864,13684581.5379738,18,72,1272772.25833185,1272772.25833185,1272772.25833185,218319.651446848,233827.858452843,,593114.334833022,3306930.4948974,,3306930.4948974,14079178.9799676,21290640.3962006,20708527.7229552,120,,872241.962405727,16293183.7448334,5664588.371195156,2942742.23148859,4481609.09079825,10056324.3815307,381302.399206278,10126527.173634749,16293183.7448334,-7218.796103246899,20087653.6815538,,21016712.7400417,13996974.9393418,9245924.2839899,,,9497318.858285476,55494765.7485643,1272772.25833185,-77037.9068253123,98717.0367119012,,4723528.99520831,569111.837789727,4723528.99520831,,-779.688031939587,6796857.47101211,13335462.5114306
2018-07-04,413546.781764756,40997077.064511,3323984.90069132,1885278.83731422,51985438.2579221,-2402415.34316056,41860354.843508,28050076.0183864,13684581.5379738,19,73,1272772.25833185,1272772.25833185,1272772.25833185,218319.651446848,233827.858452843,,593114.334833022,3306930.4948974,,3306930.4948974,14079178.9799676,21290640.3962006,20708527.7229552,120,,872241.962405727,16293183.7448334,5664588.371195156,2942742.23148859,4481609.09079825,10056324.3815307,381302.399206278,10126527.173634749,16293183.7448334,-7218.796103246899,20087653.6815538,,21016712.7400417,13996974.9393418,9245924.2839899,,,9497318.858285476,55494765.7485643,1272772.25833185,-77037.9068253123,98717.0367119012,,4723528.99520831,569111.837789727,4723528.99520831,,-779.688031939587,6796857.47101211,13335462.5114306
2018-08-17,413546.781764756,40997077.064511,3323984.90069132,1885278.83731422,51985438.2579221,-2402415.34316056,41860354.843508,28050076.0183864,13684581.5379738,19,73,1272772.25833185,1272772.25833185,1272772.25833185,218319.651446848,233827.858452843,,593114.334833022,3306930.4948974,,3306930.4948974,14079178.9799676,21290640.3962006,20708527.7229552,120,,872241.962405727,16293183.7448334,5664588.371195156,2942742.23148859,4481609.09079825,10056324.3815307,381302.399206278,10126527.173634749,16293183.7448334,-7218.796103246899,20087653.6815538,,21016712.7400417,13996974.9393418,9245924.2839899,,,9497318.858285476,55494765.7485643,1272772.25833185,-77037.9068253123,98717.0367119012,,4723528.99520831,569111.837789727,4723528.99520831,,-779.688031939587,6796857.47101211,13335462.5114306
2018-10-24,413546.781764756,40997077.064511,3323984.90069132,1885278.83731422,51985438.2579221,-2402415.34316056,41860354.843508,28050076.0183864,13684581.5379738,19,74,1272772.25833185,1272772.25833185,1272772.25833185,218319.651446848,233827.858452843,,593114.334833022,3306930.4948974,,3306930.4948974,14079178.9799676,21290640.3962006,20708527.7229552,120,,872241.962405727,16293183.7448334,5664588.371195156,2942742.23148859,4481609.09079825,10056324.3815307,381302.399206278,10126527.173634749,16293183.7448334,-7218.796103246899,20087653.6815538,,21016712.7400417,13996974.9393418,9245924.2839899,,,9497318.858285476,55494765.7485643,1272772.25833185,-77037.9068253123,98717.0367119012,,4723528.99520831,569111.837789727,4723528.99520831,,-779.688031939587,6796857.47101211,13335462.5114306
2019-02-07,364117.590709864,43780447.1329809,2931182.0252135014,3011496.87316434,58440607.6589399,-1191351.66960372,44716154.9591071,25661258.0452759,16466403.3798744,19,75,1272772.25833185,1272772.25833185,1272772.25833185,218319.651446848,233827.858452843,,668198.282951516,2200644.54385251,,2200644.54385251,14079178.9799676,23749876.7006435,23120836.9520149,143,,469314.988025846,19028509.0145045,6875907.324567346,3915061.0501107,4765318.12841715,12855068.8220144,381302.399206278,13446494.256924665,19028509.0145045,20897.799466811302,16215275.5862817,,24581036.6228368,14767748.773214,9380544.01066378,,,13709222.1002214,65692586.8239122,1272772.25833185,-77037.9068253123,80491.9479463197,,5610704.95684786,1417951.11382224,5610704.95684786,,-779.688031939587,8746614.57683792,15919784.2438209
2019-05-08,364117.590709864,43780447.1329809,2931182.0252135014,3011496.87316434,58440607.6589399,-1191351.66960372,44716154.9591071,25661258.0452759,16466403.3798744,19,76,1272772.25833185,1272772.25833185,1272772.25833185,218319.651446848,233827.858452843,,668198.282951516,2200644.54385251,,2200644.54385251,14079178.9799676,23749876.7006435,23120836.9520149,143,,469314.988025846,19028509.0145045,6875907.324567346,3915061.0501107,4765318.12841715,12855068.8220144,381302.399206278,13446494.256924665,19028509.0145045,20897.799466811302,16215275.5862817,,24581036.6228368,14767748.773214,9380544.01066378,,,13709222.1002214,65692586.8239122,1272772.25833185,-77037.9068253123,80491.9479463197,,5610704.95684786,1417951.11382224,5610704.95684786,,-779.688031939587,8746614.57683792,15919784.2438209
2019-08-08,364117.590709864,43780447.1329809,2931182.0252135014,3011496.87316434,58440607.6589399,-1191351.66960372,44716154.9591071,25661258.0452759,16466403.3798744,20,77,1272772.25833185,1272772.25833185,1272772.25833185,218319.651446848,233827.858452843,,668198.282951516,2200644.54385251,,2200644.54385251,14079178.9799676,23749876.7006435,23120836.9520149,143,,469314.988025846,19028509.0145045,6875907.324567346,3915061.0501107,4765318.12841715,12855068.8220144,381302.399206278,13446494.256924665,19028509.0145045,20897.799466811302,16215275.5862817,,24581036.6228368,14767748.773214,9380544.01066378,,,13709222.1002214,65692586.8239122,1272772.25833185,-77037.9068253123,80491.9479463197,,5610704.95684786,1417951.11382224,5610704.95684786,,-779.688031939587,8746614.57683792,15919784.2438209
2019-10-23,364117.590709864,43780447.1329809,2931182.0252135014,3011496.87316434,58440607.6589399,-1191351.66960372,44716154.9591071,25661258.0452759,16466403.3798744,20,78,1272772.25833185,1272772.25833185,1272772.25833185,218319.651446848,233827.858452843,,668198.282951516,2200644.54385251,,2200644.54385251,14079178.9799676,23749876.7006435,23120836.9520149,143,,469314.988025846,19028509.0145045,6875907.324567346,3915061.0501107,4765318.12841715,12855068.8220144,381302.399206278,13446494.256924665,19028509.0145045,20897.799466811302,16215275.5862817,,24581036.6228368,14767748.773214,9380544.01066378,,,13709222.1002214,65692586.8239122,1272772.25833185,-77037.9068253123,80491.9479463197,,5610704.95684786,1417951.11382224,5610704.95684786,,-779.688031939587,8746614.57683792,15919784.2438209
2020-02-06,574551.847895749,36448273.8303781,3972399.2736594756,2295226.68233283,53644710.5319376,-3143762.10211493,40914020.7647938,17627592.2666097,16462296.069216,20,79,1272772.25833185,1272772.25833185,1272772.25833185,3389469.21597949,1389977.22708823,1389977.22708823,1256167.54966887,1624486.54133732,,1624486.54133732,14079178.9799676,20748695.7150726,19495191.6535891,157,1634959.30356761,426966.460158086,15092619.8889126,6795855.970946378,5513909.31424909,2805894.6806238,10053851.741081,453792.843409528,12730528.647724872,15092619.8889126,33512.8391369365,11911155.8427686,,19516314.6549883,17638467.8273873,12006780.2179022,,,12592771.54454181,61897811.0873745,1272772.25833185,-77037.9068253123,418024.332407605,,4430864.5802179,320063.725699637,4430864.5802179,,-51074.8558000427,8310861.86712241,16680532.3221534
2020-05-07,574551.847895749,36448273.8303781,3972399.2736594756,2295226.68233283,53644710.5319376,-3143762.10211493,40914020.7647938,17627592.2666097,16462296.069216,20,80,1272772.25833185,1272772.25833185,1272772.25833185,3389469.21597949,1389977.22708823,1389977.22708823,1256167.54966887,1624486.54133732,,1624486.54133732,14079178.9799676,20748695.7150726,19495191.6535891,157,1634959.30356761,426966.460158086,15092619.8889126,6795855.970946378,5513909.31424909,2805894.6806238,10053851.741081,453792.843409528,12730528.647724872,15092619.8889126,33512.8391369365,11911155.8427686,,19516314.6549883,17638467.8273873,12006780.2179022,,,12592771.54454181,61897811.0873745,1272772.25833185,-77037.9068253123,418024.332407605,,4430864.5802179,320063.725699637,4430864.5802179,,-51074.8558000427,8310861.86712241,16680532.3221534
2020-08-13,574551.847895749,36448273.8303781,3972399.2736594756,2295226.68233283,53644710.5319376,-3143762.10211493,40914020.7647938,17627592.2666097,16462296.069216,21,81,1272772.25833185,1272772.25833185,1272772.25833185,3389469.21597949,1389977.22708823,1389977.22708823,1256167.54966887,1624486.54133732,,1624486.54133732,14079178.9799676,20748695.7150726,19495191.6535891,157,1634959.30356761,426966.460158086,15092619.8889126,6795855.970946378,5513909.31424909,2805894.6806238,10053851.741081,453792.843409528,12730528.647724872,15092619.8889126,33512.8391369365,11911155.8427686,,19516314.6549883,17638467.8273873,12006780.2179022,,,12592771.54454181,61897811.0873745,1272772.25833185,-77037.9068253123,418024.332407605,,4430864.5802179,320063.725699637,4430864.5802179,,-51074.8558000427,8310861.86712241,16680532.3221534
2020-10-23,574551.847895749,36448273.8303781,3972399.2736594756,2295226.68233283,53644710.5319376,-3143762.10211493,40914020.7647938,17627592.2666097,16462296.069216,21,82,1272772.25833185,1272772.25833185,1272772.25833185,3389469.21597949,1389977.22708823,1389977.22708823,1256167.54966887,1624486.54133732,,1624486.54133732,14079178.9799676,20748695.7150726,19495191.6535891,157,1634959.30356761,426966.460158086,15092619.8889126,6795855.970946378,5513909.31424909,2805894.6806238,10053851.741081,453792.843409528,12730528.647724872,15092619.8889126,33512.8391369365,11911155.8427686,,19516314.6549883,17638467.8273873,12006780.2179022,,,12592771.54454181,61897811.0873745,1272772.25833185,-77037.9068253123,418024.332407605,,4430864.5802179,320063.725699637,4430864.5802179,,-51074.8558000427,8310861.86712241,16680532.3221534
2021-02-04,399392.050932463,150424347.57876,2866345.7600915404,4277572.55441398,170340976.815017,-1431169.68763695,155469365.402688,130686759.228466,17820310.6381166,21,83,1272772.25833185,1272772.25833185,1272772.25833185,4415926.37678336,1842937.01611725,1842937.01611725,1827801.78458392,1007116.11238253,,1007116.11238253,14079178.9799676,21496316.8255994,19721669.1481442,160,3788615.5451137,471863.100744997,16001500.9616789,7311385.1998831425,6434877.23255588,2679203.0737206,12024674.3609096,-3294.13862784243,14871433.350781549,16001500.9616789,13799.769927448,19698592.8714028,,20261890.5767639,22811286.7823928,14491093.8854263,,,12748850.67439256,66512843.3425038,100323437.06481,-77037.9068253123,196936.071480742,,4260389.61508497,104166.005258801,4260389.61508497,,-51459.7872133223,9155924.76992745,17475761.543799
2021-05-06,399392.050932463,150424347.57876,2866345.7600915404,4277572.55441398,170340976.815017,-1431169.68763695,155469365.402688,130686759.228466,17820310.6381166,21,84,1272772.25833185,1272772.25833185,1272772.25833185,4415926.37678336,1842937.01611725,1842937.01611725,1827801.78458392,1007116.11238253,,1007116.11238253,14079178.9799676,21496316.8255994,19721669.1481442,160,3788615.5451137,471863.100744997,16001500.9616789,7311385.1998831425,6434877.23255588,2679203.0737206,12024674.3609096,-3294.13862784243,14871433.350781549,16001500.9616789,13799.769927448,19698592.8714028,,20261890.5767639,22811286.7823928,14491093.8854263,,,12748850.67439256,66512843.3425038,100323437.06481,-77037.9068253123,196936.071480742,,4260389.61508497,104166.005258801,4260389.61508497,,-51459.7872133223,9155924.76992745,17475761.543799
2021-08-12,399392.050932463,150424347.57876,2866345.7600915404,4277572.55441398,170340976.815017,-1431169.68763695,155469365.402688,130686759.228466,17820310.6381166,22,85,1272772.25833185,1272772.25833185,1272772.25833185,4415926.37678336,1842937.01611725,1842937.01611725,1827801.78458392,1007116.11238253,,1007116.11238253,14079178.9799676,21496316.8255994,19721669.1481442,160,3788615.5451137,471863.100744997,16001500.9616789,7311385.1998831425,6434877.23255588,2679203.0737206,12024674.3609096,-3294.13862784243,14871433.350781549,16001500.9616789,13799.769927448,19698592.8714028,,20261890.5767639,22811286.7823928,14491093.8854263,,,12748850.67439256,66512843.3425038,100323437.06481,-77037.9068253123,196936.071480742,,4260389.61508497,104166.005258801,4260389.61508497,,-51459.7872133223,9155924.76992745,17475761.543799
2021-10-21,399392.050932463,150424347.57876,2866345.7600915404,4277572.55441398,170340976.815017,-1431169.68763695,155469365.402688,130686759.228466,17820310.6381166,22,86,1272772.25833185,1272772.25833185,1272772.25833185,4415926.37678336,1842937.01611725,1842937.01611725,1827801.78458392,1007116.11238253,,1007116.11238253,14079178.9799676,21496316.8255994,19721669.1481442,160,3788615.5451137,471863.100744997,16001500.9616789,7311385.1998831425,6434877.23255588,2679203.0737206,12024674.3609096,-3294.13862784243,14871433.350781549,16001500.9616789,13799.769927448,19698592.8714028,,20261890.5767639,22811286.7823928,14491093.8854263,,,12748850.67439256,66512843.3425038,100323437.06481,-77037.9068253123,196936.071480742,,4260389.61508497,104166.005258801,4260389.61508497,,-51459.7872133223,9155924.76992745,17475761.543799
2022-02-04,16681.4098592796,143270169.323613,325532.8071068236,3460002.42831224,174014416.55235,-521621.144570316,153515171.668953,121404684.264094,16531031.8556952,22,87,370016.566731569,370016.566731569,370016.566731569,2428617.02363041,850424.81635543,850424.81635543,2227540.61753252,230187.101734667,,230187.101734667,24640323.109346,22689866.7897566,20490069.4347332,167,3313794.77719267,12202533.08368,16049560.5750509,77147268.47508645,8400970.61133729,1581626.61518718,10381233.8591911,8102994.83914506,20499081.340162884,16049560.5750509,8749.56301442606,18143077.5123905,,20664668.8645013,22568639.193734,12562982.3712275,,,12145538.2666608,64199714.1893088,370016.566731569,-1408679.6453226,231413.675989026,,4615108.28945039,366255.072351536,4615108.28945039,,-60429.2249314099,8411437.37830781,19070858.2783875
2022-05-06,16681.4098592796,143270169.323613,325532.8071068236,3460002.42831224,174014416.55235,-521621.144570316,153515171.668953,121404684.264094,16531031.8556952,22,88,370016.566731569,370016.566731569,370016.566731569,2428617.02363041,850424.81635543,850424.81635543,2227540.61753252,230187.101734667,,230187.101734667,24640323.109346,22689866.7897566,20490069.4347332,167,3313794.77719267,12202533.08368,16049560.5750509,77147268.47508645,8400970.61133729,1581626.61518718,10381233.8591911,8102994.83914506,20499081.340162884,16049560.5750509,8749.56301442606,18143077.5123905,,20664668.8645013,22568639.193734,12562982.3712275,,,12145538.2666608,64199714.1893088,370016.566731569,-1408679.6453226,231413.675989026,,4615108.28945039,366255.072351536,4615108.28945039,,-60429.2249314099,8411437.37830781,19070858.2783875
2022-07-22,16681.4098592796,143270169.323613,325532.8071068236,3460002.42831224,174014416.55235,-521621.144570316,153515171.668953,121404684.264094,16531031.8556952,23,89,370016.566731569,370016.566731569,370016.566731569,2428617.02363041,850424.81635543,850424.81635543,2227540.61753252,230187.101734667,,230187.101734667,24640323.109346,22689866.7897566,20490069.4347332,167,3313794.77719267,12202533.08368,16049560.5750509,77147268.47508645,8400970.61133729,1581626.61518718,10381233.8591911,8102994.83914506,20499081.340162884,16049560.5750509,8749.56301442606,18143077.5123905,,20664668.8645013,22568639.193734,12562982.3712275,,,12145538.2666608,64199714.1893088,370016.566731569,-1408679.6453226,231413.675989026,,4615108.28945039,366255.072351536,4615108.28945039,,-60429.2249314099,8411437.37830781,19070858.2783875
2022-10-21,16681.4098592796,143270169.323613,325532.8071068236,3460002.42831224,174014416.55235,-521621.144570316,153515171.668953,121404684.264094,16531031.8556952,23,90,370016.566731569,370016.566731569,370016.566731569,2428617.02363041,850424.81635543,850424.81635543,2227540.61753252,230187.101734667,,230187.101734667,24640323.109346,22689866.7897566,20490069.4347332,167,3313794.77719267,12202533.08368,16049560.5750509,77147268.47508645,8400970.61133729,1581626.61518718,10381233.8591911,8102994.83914506,20499081.340162884,16049560.5750509,8749.56301442606,18143077.5123905,,20664668.8645013,22568639.193734,12562982.3712275,,,12145538.2666608,64199714.1893088,370016.566731569,-1408679.6453226,231413.675989026,,4615108.28945039,366255.072351536,4615108.28945039,,-60429.2249314099,8411437.37830781,19070858.2783875
2023-02-03,1161049.37642922,142766739.23884,8183499.82224872,2545603.53773132,175846479.938123,-1422996.34889218,156661127.846423,118214968.955975,23988878.1682969,23,91,-16997.165587348,-16997.165587348,-16997.165587348,881628.682334403,850424.81635543,850424.81635543,1897487.3172044,728415.914026019,,728415.914026019,23259826.8462115,30350467.3294861,28468867.3655536,212,3689735.1745806,13622910.5142297,29687297.0704664,85397016.37714015,11345052.0475028,3486484.02159919,13104576.389823,5083661.60475797,19185193.239685666,29687297.0704664,632469.297065662,25332369.0837641,,35552113.4581756,23935742.1693345,12527467.0199274,,,11870613.93858457,87682896.8706163,-16997.165587348,-393238.162724111,-1132297.16174408,,5864816.38770922,1804161.75848883,5864816.38770922,,-44875.6941908953,8258477.97325083,28455161.4173985
2023-05-05,1161049.37642922,142766739.23884,8183499.82224872,2545603.53773132,175846479.938123,-1422996.34889218,156661127.846423,118214968.955975,23988878.1682969,23,92,-16997.165587348,-16997.165587348,-16997.165587348,881628.682334403,850424.81635543,850424.81635543,1897487.3172044,728415.914026019,,728415.914026019,23259826.8462115,30350467.3294861,28468867.3655536,212,3689735.1745806,13622910.5142297,29687297.0704664,85397016.37714015,11345052.0475028,3486484.02159919,13104576.389823,5083661.60475797,19185193.239685666,29687297.0704664,632469.297065662,25332369.0837641,,35552113.4581756,23935742.1693345,12527467.0199274,,,11870613.93858457,87682896.8706163,-16997.165587348,-393238.162724111,-1132297.16174408,,5864816.38770922,1804161.75848883,5864816.38770922,,-44875.6941908953,8258477.97325083,28455161.4173985
2023-06-30,1161049.37642922,142766739.23884,8183499.82224872,2545603.53773132,175846479.938123,-1422996.34889218,156661127.846423,118214968.955975,23988878.1682969,24,93,-16997.165587348,-16997.165587348,-16997.165587348,881628.682334403,850424.81635543,850424.81635543,1897487.3172044,728415.914026019,,728415.914026019,23259826.8462115,30350467.3294861,28468867.3655536,212,3689735.1745806,13622910.5142297,29687297.0704664,85397016.37714015,11345052.0475028,3486484.02159919,13104576.389823,5083661.60475797,19185193.239685666,29687297.0704664,632469.297065662,25332369.0837641,,35552113.4581756,23935742.1693345,12527467.0199274,,,11870613.93858457,87682896.8706163,-16997.165587348,-393238.162724111,-1132297.16174408,,5864816.38770922,1804161.75848883,5864816.38770922,,-44875.6941908953,8258477.97325083,28455161.4173985
