Date,HIGH,LOW,OPEN,CLOSE,COUNT,VOLUME,SHROUT
1983-01-04,,,,134.2427236768746,,,230474000.0
1983-01-05,,,,137.69221097485638,,,230474000.0
1983-01-06,,,,,,,
1983-01-07,,,,,,,
1983-01-10,,,,148.61561247627043,,,230474000.0
1983-01-11,,,,150.05292372307824,,,230474000.0
1983-01-12,,,,147.75324083693116,,,230474000.0
1983-01-13,,,,146.89086845696713,,,230474000.0
1983-01-14,,,,147.75324083693116,,,230474000.0
1983-01-17,,,,152.92747141359152,,,230474000.0
1983-01-18,,,,150.62778852744438,,,230474000.0
1983-01-19,,,,151.49016016678368,,,230474000.0
1983-01-20,,,,150.05292372307824,,,230474000.0
1983-01-21,,,,,,,
1983-01-24,,,,142.00406991217747,,,230474000.0
1983-01-25,,,,150.62778852744438,,,230474000.0
1983-01-26,,,,147.75324083693116,,,230474000.0
1983-01-27,,,,150.05292372307824,,,230474000.0
1983-01-28,,,,150.62778852744438,,,230474000.0
1983-01-31,,,,155.80209464783195,,,230474000.0
1983-02-01,,,,158.676566794618,,,230474000.0
1983-02-02,,,,156.37695871157334,,,230474000.0
1983-02-03,,,,,,,
1983-02-04,,,,,,,
1983-02-07,,,,,,,
1983-02-08,,,,,,,
1983-02-09,,,,152.92747141359152,,,230474000.0
1983-02-10,,,,,,,
1983-02-11,,,,159.25158194581377,,,230474000.0
1983-02-14,,,,155.80209464783195,,,230474000.0
1983-02-15,,,,157.23933109153737,,,230474000.0
1983-02-16,,,,152.92747141359152,,,230474000.0
1983-02-17,,,,150.62778852744438,,,230474000.0
1983-02-18,,,,152.06509977425225,,,230474000.0
1983-02-21,,,,,,,
1983-02-22,,,,148.61561247627043,,,230474000.0
1983-02-23,,,,144.87861760269078,,,230474000.0
1983-02-24,,,,145.74098924203,,,230474000.0
1983-02-25,,,,149.190552083739,,,230474000.0
1983-02-28,,,,144.87861760269078,,,230474000.0
1983-03-01,,,,146.31592884949856,,,230474000.0
1983-03-02,,,,144.30375353894937,,,230474000.0
1983-03-03,,,,146.31592884949856,,,230474000.0
1983-03-04,,,,145.74098924203,,,230474000.0
1983-03-07,,,,146.89086845696713,,,230474000.0
1983-03-08,,,,150.05292372307824,,,230474000.0
1983-03-09,,,,149.190552083739,,,230474000.0
1983-03-10,,,,150.62778852744438,,,230474000.0
1983-03-11,,,,148.61561247627043,,,230474000.0
1983-03-14,,,,150.05292372307824,,,230474000.0
1983-03-15,,,,,,,
1983-03-16,,,,147.17830122946265,,,230474000.0
1983-03-17,,,,146.89086845696713,,,230474000.0
1983-03-18,,,,146.31592884949856,,,230474000.0
1983-03-21,,,,144.87861760269078,,,230474000.0
1983-03-22,,,,147.17830122946265,,,230474000.0
1983-03-23,,,,146.31592884949856,,,230474000.0
1983-03-24,,,,150.05292372307824,,,230474000.0
1983-03-25,,,,149.190552083739,,,230474000.0
1983-03-28,,,,147.75324083693116,,,230474000.0
1983-03-29,,,,,,,
1983-03-30,,,,,,,
1983-03-31,,,,144.87861760269078,,,230474000.0
1983-04-01,,,,,,,
1983-04-04,,,,,,,
1983-04-05,,,,148.61561247627043,,,230474000.0
1983-04-06,,,,150.62778852744438,,,230474000.0
1983-04-07,,,,153.5023362179577,,,230474000.0
1983-04-08,,,,,,,
1983-04-11,,,,155.80209464783195,,,230474000.0
1983-04-12,,,,156.37695871157334,,,230474000.0
1983-04-13,,,,,,,
1983-04-14,,,,167.87529982045595,,,230474000.0
1983-04-15,,,,174.4867675814465,,,230474000.0
1983-04-18,,,,170.74984751096918,,,230474000.0
1983-04-19,,,,166.43798857364808,,,230474000.0
1983-04-20,,,,165.00075212994264,,,230474000.0
1983-04-21,,,,168.73767220041995,,,230474000.0
1983-04-22,,,,,,,
1983-04-25,,,,170.74984751096918,,,230474000.0
1983-04-26,,,,168.73767220041995,,,230474000.0
1983-04-27,,,,167.87529982045595,,,230474000.0
1983-04-28,,,,,,,
1983-04-29,,,,168.73767220041995,,,230474000.0
1983-05-02,,,,,,,
1983-05-03,,,,,,,
1983-05-04,,,,167.87529982045595,,,230474000.0
1983-05-05,,,,166.43798857364808,,,230474000.0
1983-05-06,,,,163.56336608003244,,,230474000.0
1983-05-09,,,,160.113953585153,,,230474000.0
1983-05-10,,,,157.81419515527878,,,230474000.0
1983-05-11,,,,164.42573771937174,,,230474000.0
1983-05-12,,,,165.86304896617952,,,230474000.0
1983-05-13,,,,,,,
1983-05-16,,,,166.43798857364808,,,230474000.0
1983-05-17,,,,,,,
1983-05-18,,,,167.87529982045595,,,230474000.0
1983-05-19,,,,171.6122198909332,,,230474000.0
1983-05-20,,,,168.73767220041995,,,230474000.0
1983-05-23,,,,165.86304896617952,,,230474000.0
1983-05-24,,,,167.87529982045595,,,230474000.0
1983-05-25,,,,,,,
1983-05-26,,,,166.43798857364808,,,230474000.0
1983-05-27,,,,164.42573771937174,,,230474000.0
1983-05-30,,,,,,,
1983-05-31,,,,162.9885012756663,,,230474000.0
1983-06-01,,,,158.676566794618,,,230474000.0
1983-06-02,,,,159.25158194581377,,,230474000.0
1983-06-03,,,,162.9885012756663,,,230474000.0
1983-06-06,,,,165.00075212994264,,,230474000.0
1983-06-07,,,,161.55119002885849,,,230474000.0
1983-06-08,,,,,,,
1983-06-09,,,,,,,
1983-06-10,,,,152.92747141359152,,,230474000.0
1983-06-13,,,,154.93972300849268,,,230474000.0
1983-06-14,,,,157.23933109153737,,,230474000.0
1983-06-15,,,,156.37695871157334,,,230474000.0
1983-06-16,,,,162.9885012756663,,,230474000.0
1983-06-17,,,,163.56336608003244,,,230474000.0
1983-06-20,,,,163.13119819190968,,,230474000.0
1983-06-21,,,,,,,
1983-06-22,,,,162.54751180583492,,,230474000.0
1983-06-23,,,,164.59030306338016,,,230474000.0
1983-06-24,,,,165.4657956112534,,,230474000.0
1983-06-27,,,,162.54751180583492,,,230474000.0
1983-06-28,,,,161.67209332043913,,,230474000.0
1983-06-29,,,,,,,
1983-06-30,,,,160.2129143864911,,,230474000.0
1983-07-01,,,,155.83552570960205,,,230474000.0
1983-07-04,,,,151.458137032713,,,230474000.0
1983-07-05,,,,149.99895809876494,,,230474000.0
1983-07-06,,,,153.79273445205683,,,230474000.0
1983-07-07,,,,154.37642083813157,,,230474000.0
1983-07-08,,,,,,,
1983-07-11,,,,153.79273445205683,,,230474000.0
1983-07-12,,,,156.7110182574754,,,230474000.0
1983-07-13,,,,154.37642083813157,,,230474000.0
1983-07-14,,,,158.17012312894587,,,230474000.0
1983-07-15,,,,158.75380951502063,,,230474000.0
1983-07-18,,,,157.2946305810725,,,230474000.0
1983-07-19,,,,157.87831696714727,,,230474000.0
1983-07-20,,,,159.62930206289397,,,230474000.0
1983-07-21,,,,163.13119819190968,,,230474000.0
1983-07-22,,,,162.54751180583492,,,230474000.0
1983-07-25,,,,161.67209332043913,,,230474000.0
1983-07-26,,,,164.59030306338016,,,230474000.0
1983-07-27,,,,166.92497454520156,,,230474000.0
1983-07-28,,,,167.50858686879863,,,230474000.0
1983-07-29,,,,166.92497454520156,,,230474000.0
1983-08-01,,,,165.4657956112534,,,230474000.0
1983-08-02,,,,171.88597554568773,,,230474000.0
1983-08-03,,,,179.18164802799535,,,230474000.0
1983-08-04,,,,181.51631950981675,,,230474000.0
1983-08-05,,,,178.30622954259962,,,230474000.0
1983-08-08,,,,177.72254315652492,,,230474000.0
1983-08-09,,,,181.51631950981675,,,230474000.0
1983-08-10,,,,181.2244392855405,,,230474000.0
1983-08-11,,,,182.09993183341388,,,230474000.0
1983-08-12,,,,182.09993183341388,,,230474000.0
1983-08-15,,,,187.93649944425104,,,230474000.0
1983-08-16,,,,188.81199199212435,,,230474000.0
1983-08-17,,,,193.7729929926105,,,230474000.0
1983-08-18,,,,192.31388812114005,,,230474000.0
1983-08-19,,,,,,,
1983-08-22,,,,193.7729929926105,,,295712000.0
1983-08-23,,,,190.8547832496696,,,295712000.0
1983-08-24,,,,187.35281305817628,,,295712000.0
1983-08-25,,,,192.31388812114005,,,295712000.0
1983-08-26,,,,,,,
1983-08-29,,,,,,,
1983-08-30,,,,193.18938066901336,,,295712000.0
1983-08-31,,,,191.7302017350653,,,295712000.0
1983-09-01,,,,192.31388812114005,,,295712000.0
1983-09-02,,,,190.8547832496696,,,295712000.0
1983-09-05,,,,193.18938066901336,,,295712000.0
1983-09-06,,,,194.648485540484,,,295712000.0
1983-09-07,,,,190.8547832496696,,,295712000.0
1983-09-08,,,,,,,
1983-09-09,,,,190.27109686359483,,,295712000.0
1983-09-12,,,,191.7302017350653,,,295712000.0
1983-09-13,,,,190.8547832496696,,,295712000.0
1983-09-14,,,,189.3956043157215,,,295712000.0
1983-09-15,,,,188.81199199212435,,,295712000.0
1983-09-16,,,,184.1427230909591,,,295712000.0
1983-09-19,,,,185.8937081867058,,,295712000.0
1983-09-20,,,,186.47732051030297,,,295712000.0
1983-09-21,,,,189.3956043157215,,,295712000.0
1983-09-22,,,,187.35281305817628,,,295712000.0
1983-09-23,,,,185.8937081867058,,,295712000.0
1983-09-26,,,,,,,
1983-09-27,,,,184.43452925275767,,,295712000.0
1983-09-28,,,,182.09993183341388,,,295712000.0
1983-09-29,,,,,,,
1983-09-30,,,,176.26343828505438,,,295712000.0
1983-10-03,,,,168.96776580274678,,,295712000.0
1983-10-04,,,,170.42687067421727,,,295712000.0
1983-10-05,,,,167.50858686879863,,,295712000.0
1983-10-06,,,,,,,
1983-10-07,,,,167.50858686879863,,,295712000.0
1983-10-10,,,,166.04948199732817,,,295712000.0
1983-10-11,,,,165.4657956112534,,,295712000.0
1983-10-12,,,,,,,
1983-10-13,,,,157.2946305810725,,,295712000.0
1983-10-14,,,,158.17012312894587,,,295712000.0
1983-10-17,,,,158.75380951502063,,,295712000.0
1983-10-18,,,,160.50479461076725,,,295712000.0
1983-10-19,,,,159.62930206289397,,,295712000.0
1983-10-20,,,,165.4657956112534,,,295712000.0
1983-10-21,,,,167.50858686879863,,,295712000.0
1983-10-24,,,,,,,
1983-10-25,,,,,,,
1983-10-26,,,,169.8431842881425,,,295712000.0
1983-10-27,,,,164.00669073978298,,,295712000.0
1983-10-28,,,,,,,
1983-10-31,,,,166.92497454520156,,,295712000.0
1983-11-01,,,,,,,
1983-11-02,,,,167.50858686879863,,,295712000.0
1983-11-03,,,,164.59030306338016,,,295712000.0
1983-11-04,,,,163.42300435370828,,,295712000.0
1983-11-07,,,,159.62930206289397,,,295712000.0
1983-11-08,,,,161.67209332043913,,,295712000.0
1983-11-09,,,,165.4657956112534,,,295712000.0
1983-11-10,,,,167.50858686879863,,,295712000.0
1983-11-11,,,,167.8004670930749,,,295712000.0
1983-11-14,,,,168.96776580274678,,,295712000.0
1983-11-15,,,,,,,
1983-11-16,,,,166.04948199732817,,,295712000.0
1983-11-17,,,,163.7148845779844,,,295712000.0
1983-11-18,,,,164.00669073978298,,,295712000.0
1983-11-21,,,,162.54751180583492,,,295712000.0
1983-11-22,,,,164.59030306338016,,,295712000.0
1983-11-23,,,,166.04948199732817,,,295712000.0
1983-11-24,,,,167.50858686879863,,,295712000.0
1983-11-25,,,,172.76146809356112,,,295712000.0
1983-11-28,,,,177.72254315652492,,,295712000.0
1983-11-29,,,,173.3451544796358,,,295712000.0
1983-11-30,,,,177.72254315652492,,,295712000.0
1983-12-01,,,,175.6797518989796,,,295712000.0
1983-12-02,,,,173.3451544796358,,,295712000.0
1983-12-05,,,,,,,
1983-12-06,,,,,,,
1983-12-07,,,,174.8042593511063,,,295712000.0
1983-12-08,,,,175.3879457371811,,,295712000.0
1983-12-09,,,,172.4696619317625,,,295712000.0
1983-12-12,,,,171.88597554568773,,,295712000.0
1983-12-13,,,,171.3023632220906,,,295712000.0
1983-12-14,,,,169.8431842881425,,,295712000.0
1983-12-15,,,,169.25957196454533,,,295712000.0
1983-12-16,,,,,,,
1983-12-19,,,,172.76146809356112,,,295712000.0
1983-12-20,,,,175.09613957538247,,,295712000.0
1983-12-21,,,,173.3451544796358,,,295712000.0
1983-12-22,,,,,,,
1983-12-23,,,,174.22064702750916,,,295712000.0
1983-12-26,,,,,,,
1983-12-27,,,,,,,
1983-12-28,,,,172.76146809356112,,,295712000.0
1983-12-29,,,,173.3451544796358,,,295712000.0
1983-12-30,,,,174.22064702750916,,,295712000.0
1984-01-02,,,,,,,
1984-01-03,,,,174.22064702750916,,,296276000.0
1984-01-04,,,,173.3451544796358,,,296276000.0
1984-01-05,,,,177.1388567704501,,,296276000.0
1984-01-06,,,,182.9754243812872,,,296276000.0
1984-01-09,,,,184.43452925275767,,,296276000.0
1984-01-10,,,,184.1427230909591,,,296276000.0
1984-01-11,,,,183.559110767362,,,296276000.0
1984-01-12,,,,185.0182156388325,,,296276000.0
1984-01-13,,,,191.7302017350653,,,296276000.0
1984-01-16,,,,193.18938066901336,,,296276000.0
1984-01-17,,,,189.3956043157215,,,296276000.0
1984-01-18,,,,192.31388812114005,,,296276000.0
1984-01-19,,,,191.7302017350653,,,296276000.0
1984-01-20,,,,190.27109686359483,,,296276000.0
1984-01-23,,,,187.93649944425104,,,296276000.0
1984-01-24,,,,188.81199199212435,,,296276000.0
1984-01-25,,,,193.7729929926105,,,296276000.0
1984-01-26,,,,191.7302017350653,,,296276000.0
1984-01-27,,,,196.69127679802912,,,296276000.0
1984-01-30,,,,197.5667693459025,,,296276000.0
1984-01-31,,,,196.107664474432,,,296276000.0
1984-02-01,,,,195.23217192655864,,,296276000.0
1984-02-02,,,,193.7729929926105,,,296276000.0
1984-02-03,,,,201.0686654749181,,,296276000.0
1984-02-06,,,,193.18938066901336,,,296276000.0
1984-02-07,,,,187.93649944425104,,,296276000.0
1984-02-08,,,,,,,
1984-02-09,,,,186.47732051030297,,,296276000.0
1984-02-10,,,,187.93649944425104,,,296276000.0
1984-02-13,,,,,,,
1984-02-14,,,,186.47732051030297,,,296276000.0
1984-02-15,,,,189.3956043157215,,,296276000.0
1984-02-16,,,,192.31388812114005,,,296276000.0
1984-02-17,,,,190.27109686359483,,,296276000.0
1984-02-20,,,,188.81199199212435,,,296276000.0
1984-02-21,,,,193.7729929926105,,,296276000.0
1984-02-22,,,,194.648485540484,,,296276000.0
1984-02-23,,,,192.31388812114005,,,296276000.0
1984-02-24,,,,193.7729929926105,,,296276000.0
1984-02-27,,,,193.18938066901336,,,296276000.0
1984-02-28,,,,193.7729929926105,,,296276000.0
1984-02-29,,,,191.7302017350653,,,296276000.0
1984-03-01,,,,187.93649944425104,,,296276000.0
1984-03-02,,,,194.648485540484,,,296276000.0
1984-03-05,,,,,,,
1984-03-06,,,,193.18938066901336,,,296276000.0
1984-03-07,,,,191.7302017350653,,,296276000.0
1984-03-08,,,,190.8547832496696,,,296276000.0
1984-03-09,,,,194.648485540484,,,296276000.0
1984-03-12,,,,193.7729929926105,,,296276000.0
1984-03-13,,,,196.69127679802912,,,296276000.0
1984-03-14,,,,194.648485540484,,,296276000.0
1984-03-15,,,,193.18938066901336,,,296276000.0
1984-03-16,,,,198.1504557319772,,,296276000.0
1984-03-19,,,,199.0258742173729,,,296276000.0
1984-03-20,,,,,,,
1984-03-21,,,,,,,
1984-03-22,,,,,,,
1984-03-23,,,,197.5667693459025,,,296276000.0
1984-03-26,,,,,,,
1984-03-27,,,,199.60956060344768,,,296276000.0
1984-03-28,,,,198.1504557319772,,,296276000.0
1984-03-29,,,,202.5278444088662,,,296276000.0
1984-03-30,,,,202.5278444088662,,,296276000.0
1984-04-02,,,,201.0686654749181,,,296276000.0
1984-04-03,,,,197.5667693459025,,,296276000.0
1984-04-04,,,,,,,
1984-04-05,,,,200.48505315132104,,,296276000.0
1984-04-06,,,,198.1504557319772,,,296276000.0
1984-04-09,,,,202.5278444088662,,,296276000.0
1984-04-10,,,,207.48891947183003,,,296276000.0
1984-04-11,,,,197.5667693459025,,,296276000.0
1984-04-12,,,,195.23217192655864,,,296276000.0
1984-04-13,,,,193.7729929926105,,,296276000.0
1984-04-16,,,,190.8547832496696,,,296276000.0
1984-04-17,,,,193.18938066901336,,,296276000.0
1984-04-18,,,,193.7729929926105,,,296276000.0
1984-04-19,,,,191.7302017350653,,,296276000.0
1984-04-20,,,,,,,
1984-04-23,,,,,,,
1984-04-24,,,,190.27109686359483,,,296276000.0
1984-04-25,,,,193.18938066901336,,,296276000.0
1984-04-26,,,,193.7729929926105,,,296276000.0
1984-04-27,,,,192.31388812114005,,,296276000.0
1984-04-30,,,,,,,
1984-05-01,,,,190.8547832496696,,,296276000.0
1984-05-02,,,,191.7302017350653,,,296276000.0
1984-05-03,,,,192.31388812114005,,,296276000.0
1984-05-04,,,,191.7302017350653,,,296276000.0
1984-05-07,,,,,,,
1984-05-08,,,,187.93649944425104,,,296276000.0
1984-05-09,,,,186.47732051030297,,,296276000.0
1984-05-10,,,,182.09993183341388,,,296276000.0
1984-05-11,,,,,,,
1984-05-14,,,,177.1388567704501,,,296276000.0
1984-05-15,,,,180.05714057586863,,,296276000.0
1984-05-16,,,,181.51631950981675,,,296276000.0
1984-05-17,,,,184.1427230909591,,,296276000.0
1984-05-18,,,,181.51631950981675,,,296276000.0
1984-05-21,,,,182.09993183341388,,,296276000.0
1984-05-22,,,,176.26343828505438,,,296276000.0
1984-05-23,,,,176.26343828505438,,,296276000.0
1984-05-24,,,,172.76146809356112,,,296276000.0
1984-05-25,,,,176.26343828505438,,,296276000.0
1984-05-28,,,,,,,
1984-05-29,,,,177.72254315652492,,,296276000.0
1984-05-30,,,,175.6797518989796,,,296276000.0
1984-05-31,,,,174.8042593511063,,,296276000.0
1984-06-01,,,,177.72254315652492,,,296276000.0
1984-06-04,,,,181.51631950981675,,,296276000.0
1984-06-05,,,,180.6408269619434,,,296276000.0
1984-06-06,,,,179.18164802799535,,,296276000.0
1984-06-07,,,,177.1388567704501,,,296276000.0
1984-06-08,,,,175.6797518989796,,,296276000.0
1984-06-11,,,,176.26343828505438,,,296276000.0
1984-06-12,,,,,,,
1984-06-13,,,,174.8042593511063,,,296276000.0
1984-06-14,,,,173.3451544796358,,,296276000.0
1984-06-15,,,,,,,
1984-06-18,,,,,,,
1984-06-19,,,,176.26343828505438,,,296532000.0
1984-06-20,,,,172.76146809356112,,,296532000.0
1984-06-21,,,,171.3023632220906,,,296532000.0
1984-06-22,,,,168.96776580274678,,,296532000.0
1984-06-25,,,,168.38407941667202,,,296532000.0
1984-06-26,,,,165.4657956112534,,,296532000.0
1984-06-27,,,,168.38407941667202,,,296532000.0
1984-06-28,,,,168.96776580274678,,,296532000.0
1984-06-29,,,,170.42687067421727,,,296532000.0
1984-07-02,,,,171.3023632220906,,,296532000.0
1984-07-03,,,,168.38407941667202,,,296532000.0
1984-07-04,,,,167.50858686879863,,,296532000.0
1984-07-05,,,,164.00669073978298,,,296532000.0
1984-07-06,,,,158.75380951502063,,,296532000.0
1984-07-09,,,,158.17012312894587,,,296532000.0
1984-07-10,,,,157.2946305810725,,,296532000.0
1984-07-11,,,,155.2518393235273,,,296532000.0
1984-07-12,,,,154.37642083813157,,,296532000.0
1984-07-13,,,,,,,
1984-07-16,,,,159.62930206289397,,,296532000.0
1984-07-17,,,,157.2946305810725,,,296532000.0
1984-07-18,,,,155.83552570960205,,,296532000.0
1984-07-19,,,,153.79273445205683,,,296532000.0
1984-07-20,,,,151.458137032713,,,296532000.0
1984-07-23,,,,148.53985322729446,,,296532000.0
1984-07-24,,,,147.95616684121967,,,296532000.0
1984-07-25,,,,150.87445064663825,,,296532000.0
1984-07-26,,,,152.9172419041835,,,296532000.0
1984-07-27,,,,153.79273445205683,,,296532000.0
1984-07-30,,,,156.7110182574754,,,296532000.0
1984-07-31,,,,158.75380951502063,,,296532000.0
1984-08-01,,,,,,,
1984-08-02,,,,161.67209332043913,,,296532000.0
1984-08-03,,,,167.50858686879863,,,296532000.0
1984-08-06,,,,166.04948199732817,,,296532000.0
1984-08-07,,,,166.63309432092535,,,296532000.0
1984-08-08,,,,166.92497454520156,,,296532000.0
1984-08-09,,,,,,,
1984-08-10,,,,171.3023632220906,,,296532000.0
1984-08-13,,,,167.50858686879863,,,296532000.0
1984-08-14,,,,168.96776580274678,,,296532000.0
1984-08-15,,,,166.04948199732817,,,296532000.0
1984-08-16,,,,164.00669073978298,,,296532000.0
1984-08-17,,,,166.04948199732817,,,296532000.0
1984-08-20,,,,164.00669073978298,,,296532000.0
1984-08-21,,,,162.54751180583492,,,296532000.0
1984-08-22,,,,161.67209332043913,,,296532000.0
1984-08-23,,,,160.2129143864911,,,296532000.0
1984-08-24,,,,164.59030306338016,,,296532000.0
1984-08-27,,,,,,,
1984-08-28,,,,164.00669073978298,,,296532000.0
1984-08-29,,,,,,,
1984-08-30,,,,166.92497454520156,,,296532000.0
1984-08-31,,,,170.42687067421727,,,296770000.0
1984-09-03,,,,171.88597554568773,,,296770000.0
1984-09-04,,,,169.8431842881425,,,296770000.0
1984-09-05,,,,168.38407941667202,,,296770000.0
1984-09-06,,,,,,,
1984-09-07,,,,167.50858686879863,,,296770000.0
1984-09-10,,,,168.96776580274678,,,296770000.0
1984-09-11,,,,171.88597554568773,,,296770000.0
1984-09-12,,,,,,,
1984-09-13,,,,174.8042593511063,,,296770000.0
1984-09-14,,,,174.22064702750916,,,296770000.0
1984-09-17,,,,173.3451544796358,,,296770000.0
1984-09-18,,,,171.3023632220906,,,296770000.0
1984-09-19,,,,166.92497454520156,,,296770000.0
1984-09-20,,,,166.04948199732817,,,296770000.0
1984-09-21,,,,,,,
1984-09-24,,,,167.50858686879863,,,296770000.0
1984-09-25,,,,165.4657956112534,,,296770000.0
1984-09-26,,,,168.38407941667202,,,296770000.0
1984-09-27,,,,171.88597554568773,,,296770000.0
1984-09-28,,,,,,,
1984-10-01,,,,171.88597554568773,,,296770000.0
1984-10-02,,,,170.42687067421727,,,296770000.0
1984-10-03,,,,173.3451544796358,,,296770000.0
1984-10-04,,,,,,,
1984-10-05,,,,172.4696619317625,,,296770000.0
1984-10-08,,,,171.88597554568773,,,296770000.0
1984-10-09,,,,173.3451544796358,,,296770000.0
1984-10-10,,,,172.76146809356112,,,296770000.0
1984-10-11,,,,174.22064702750916,,,296770000.0
1984-10-12,,,,,,,
1984-10-15,,,,178.59803570439814,,,296770000.0
1984-10-16,,,,177.1388567704501,,,296770000.0
1984-10-17,,,,173.3451544796358,,,296770000.0
1984-10-18,,,,170.42687067421727,,,296770000.0
1984-10-19,,,,173.3451544796358,,,296770000.0
1984-10-22,,,,174.22064702750916,,,296770000.0
1984-10-23,,,,176.26343828505438,,,296770000.0
1984-10-24,,,,174.22064702750916,,,296770000.0
1984-10-25,,,,173.3451544796358,,,296770000.0
1984-10-26,,,,172.76146809356112,,,296770000.0
1984-10-29,,,,169.8431842881425,,,296770000.0
1984-10-30,,,,170.42687067421727,,,296770000.0
1984-10-31,,,,,,,
1984-11-01,,,,,,,
1984-11-02,,,,176.26343828505438,,,296770000.0
1984-11-05,,,,177.1388567704501,,,296770000.0
1984-11-06,,,,179.18164802799535,,,296770000.0
1984-11-07,,,,,,,
1984-11-08,,,,182.09993183341388,,,296770000.0
1984-11-09,,,,,,,
1984-11-12,,,,185.0182156388325,,,296770000.0
1984-11-13,,,,189.3956043157215,,,296770000.0
1984-11-14,,,,185.0182156388325,,,296770000.0
1984-11-15,,,,183.559110767362,,,296770000.0
1984-11-16,,,,184.1427230909591,,,296771000.0
1984-11-19,,,,183.559110767362,,,296771000.0
1984-11-20,,,,182.9754243812872,,,296771000.0
1984-11-21,,,,,,,
1984-11-22,,,,183.559110767362,,,296771000.0
1984-11-23,,,,182.09993183341388,,,296771000.0
1984-11-26,,,,182.9754243812872,,,296771000.0
1984-11-27,,,,180.6408269619434,,,296771000.0
1984-11-28,,,,177.72254315652492,,,296771000.0
1984-11-29,,,,178.30622954259962,,,296771000.0
1984-11-30,,,,175.6797518989796,,,296771000.0
1984-12-03,,,,179.18164802799535,,,296771000.0
1984-12-04,,,,180.05714057586863,,,296771000.0
1984-12-05,,,,178.30622954259962,,,296771000.0
1984-12-06,,,,174.22064702750916,,,296771000.0
1984-12-07,,,,174.8042593511063,,,296771000.0
1984-12-10,,,,176.26343828505438,,,296771000.0
1984-12-11,,,,,,,
1984-12-12,,,,,,,
1984-12-13,,,,,,,
1984-12-14,,,,175.09613957538247,,,296771000.0
1984-12-17,,,,172.4696619317625,,,296771000.0
1984-12-18,,,,171.3023632220906,,,296771000.0
1984-12-19,,,,173.3451544796358,,,296771000.0
1984-12-20,,,,171.3023632220906,,,296771000.0
1984-12-21,,,,170.42687067421727,,,296771000.0
1984-12-24,,,,,,,
1984-12-25,,,,,,,
1984-12-26,,,,,,,
1984-12-27,,,,,,,
1984-12-28,,,,169.55137812634393,,,296771000.0
1984-12-31,,,,171.3023632220906,,,296771000.0
1985-01-01,,,,,,,
1985-01-02,,,,173.3451544796358,,,296771000.0
1985-01-03,,,,169.8431842881425,,,296771000.0
1985-01-04,,,,170.42687067421727,,,296771000.0
1985-01-07,,,,169.55137812634393,,,296771000.0
1985-01-08,,,,171.3023632220906,,,296771000.0
1985-01-09,,,,170.42687067421727,,,296771000.0
1985-01-10,,,,174.22064702750916,,,296771000.0
1985-01-11,,,,,,,
1985-01-14,,,,172.76146809356112,,,296771000.0
1985-01-15,,,,171.88597554568773,,,296771000.0
1985-01-16,,,,176.26343828505438,,,296771000.0
1985-01-17,,,,180.6408269619434,,,296771000.0
1985-01-18,,,,184.43452925275767,,,296771000.0
1985-01-21,,,,187.35281305817628,,,296771000.0
1985-01-22,,,,191.7302017350653,,,296771000.0
1985-01-23,,,,189.3956043157215,,,296771000.0
1985-01-24,,,,187.93649944425104,,,296771000.0
1985-01-25,,,,,,,
1985-01-28,,,,185.0182156388325,,,296771000.0
1985-01-29,,,,,,,
1985-01-30,,,,189.3956043157215,,,296771000.0
1985-01-31,,,,188.81199199212435,,,296771000.0
1985-02-01,,,,186.47732051030297,,,296771000.0
1985-02-04,,,,185.0182156388325,,,296771000.0
1985-02-05,,,,185.8937081867058,,,296771000.0
1985-02-06,,,,188.81199199212435,,,296771000.0
1985-02-07,,,,193.18938066901336,,,296771000.0
1985-02-08,,,,196.107664474432,,,296771000.0
1985-02-11,,,,200.48505315132104,,,296771000.0
1985-02-12,,,,193.7729929926105,,,296771000.0
1985-02-13,,,,196.69127679802912,,,296771000.0
1985-02-14,,,,195.8157842501558,,,296771000.0
1985-02-15,,,,195.23217192655864,,,296771000.0
1985-02-18,,,,190.8547832496696,,,296771000.0
1985-02-19,,,,192.31388812114005,,,296771000.0
1985-02-20,,,,190.8547832496696,,,296771000.0
1985-02-21,,,,190.27109686359483,,,296771000.0
1985-02-22,,,,188.81199199212435,,,296771000.0
1985-02-25,,,,185.8937081867058,,,296771000.0
1985-02-26,,,,184.43452925275767,,,296771000.0
1985-02-27,,,,187.35281305817628,,,296771000.0
1985-02-28,,,,185.8937081867058,,,296771000.0
1985-03-01,,,,184.43452925275767,,,296771000.0
1985-03-04,,,,,,,
1985-03-05,,,,185.0182156388325,,,296771000.0
1985-03-06,,,,,,,
1985-03-07,,,,187.35281305817628,,,296771000.0
1985-03-08,,,,187.93649944425104,,,296771000.0
1985-03-11,,,,,,,
1985-03-12,,,,,,,
1985-03-13,,,,187.35281305817628,,,296771000.0
1985-03-14,,,,187.93649944425104,,,296771000.0
1985-03-15,,,,187.35281305817628,,,296771000.0
1985-03-18,,,,,,,
1985-03-19,,,,191.7302017350653,,,296771000.0
1985-03-20,,,,193.18938066901336,,,296771000.0
1985-03-21,,,,194.648485540484,,,296771000.0
1985-03-22,,,,193.18938066901336,,,296771000.0
1985-03-25,,,,,,,
1985-03-26,,,,192.89757450721484,,,296771000.0
1985-03-27,,,,195.23217192655864,,,296771000.0
1985-03-28,,,,193.18938066901336,,,296771000.0
1985-03-29,,,,192.31388812114005,,,296771000.0
1985-04-01,,,,189.3956043157215,,,296771000.0
1985-04-02,,,,188.81199199212435,,,296771000.0
1985-04-03,,,,186.47732051030297,,,296771000.0
1985-04-04,,,,,,,
1985-04-05,,,,,,,
1985-04-08,,,,,,,
1985-04-09,,,,,,,
1985-04-10,,,,188.81199199212435,,,296771000.0
1985-04-11,,,,187.93649944425104,,,296771000.0
1985-04-12,,,,188.81199199212435,,,296771000.0
1985-04-15,,,,191.7302017350653,,,296771000.0
1985-04-16,,,,190.8547832496696,,,296771000.0
1985-04-17,,,,187.06100689637773,,,296771000.0
1985-04-18,,,,183.559110767362,,,296771000.0
1985-04-19,,,,181.51631950981675,,,296771000.0
1985-04-22,,,,179.18164802799535,,,296771000.0
1985-04-23,,,,182.9754243812872,,,296771000.0
1985-04-24,,,,,,,
1985-04-25,,,,185.0182156388325,,,296771000.0
1985-04-26,,,,,,,
1985-04-29,,,,183.559110767362,,,296771000.0
1985-04-30,,,,,,,
1985-05-01,,,,,,,
1985-05-02,,,,184.43452925275767,,,296771000.0
1985-05-03,,,,185.0182156388325,,,296771000.0
1985-05-06,,,,,,,
1985-05-07,,,,185.8937081867058,,,296771000.0
1985-05-08,,,,185.0182156388325,,,296772000.0
1985-05-09,,,,184.43452925275767,,,296772000.0
1985-05-10,,,,185.0182156388325,,,296772000.0
1985-05-13,,,,182.09993183341388,,,296772000.0
1985-05-14,,,,180.6408269619434,,,296772000.0
1985-05-15,,,,180.05714057586863,,,296772000.0
1985-05-16,,,,178.30622954259962,,,296772000.0
1985-05-17,,,,177.72254315652492,,,303516000.0
1985-05-20,,,,178.59803570439814,,,303516000.0
1985-05-21,,,,,,,
1985-05-22,,,,,,,
1985-05-23,,,,177.72254315652492,,,303516000.0
1985-05-24,,,,177.1388567704501,,,303516000.0
1985-05-27,,,,,,,
1985-05-28,,,,175.6797518989796,,,303516000.0
1985-05-29,,,,172.76146809356112,,,303516000.0
1985-05-30,,,,171.88597554568773,,,303516000.0
1985-05-31,,,,171.88597554568773,,,303737000.0
1985-06-03,,,,,,,
1985-06-04,,,,170.42687067421727,,,303737000.0
1985-06-05,,,,171.88597554568773,,,303737000.0
1985-06-06,,,,168.96776580274678,,,303737000.0
1985-06-07,,,,168.38407941667202,,,303737000.0
1985-06-10,,,,167.50858686879863,,,303737000.0
1985-06-11,,,,168.96776580274678,,,303737000.0
1985-06-12,,,,168.38407941667202,,,303737000.0
1985-06-13,,,,166.92497454520156,,,303737000.0
1985-06-14,,,,,,,
1985-06-17,,,,,,,
1985-06-18,,,,168.38407941667202,,,303737000.0
1985-06-19,,,,168.96776580274678,,,303737000.0
1985-06-20,,,,167.50858686879863,,,303737000.0
1985-06-21,,,,166.04948199732817,,,303737000.0
1985-06-24,,,,166.04948199732817,,,303737000.0
1985-06-25,,,,164.59030306338016,,,303737000.0
1985-06-26,,,,162.54751180583492,,,303737000.0
1985-06-27,,,,161.67209332043913,,,303737000.0
1985-06-28,,,,161.08840693436443,,,303737000.0
1985-07-01,,,,161.67209332043913,,,303737000.0
1985-07-02,,,,161.67209332043913,,,303737000.0
1985-07-03,,,,161.08840693436443,,,303737000.0
1985-07-04,,,,162.54751180583492,,,303737000.0
1985-07-05,,,,166.92497454520156,,,303737000.0
1985-07-08,,,,165.4657956112534,,,303737000.0
1985-07-09,,,,162.54751180583492,,,303737000.0
1985-07-10,,,,,,,
1985-07-11,,,,161.67209332043913,,,303737000.0
1985-07-12,,,,160.2129143864911,,,303737000.0
1985-07-15,,,,161.08840693436443,,,303737000.0
1985-07-16,,,,160.2129143864911,,,303737000.0
1985-07-17,,,,160.79660077256585,,,303737000.0
1985-07-18,,,,,,,
1985-07-19,,,,161.08840693436443,,,303737000.0
1985-07-22,,,,158.75380951502063,,,303737000.0
1985-07-23,,,,156.7110182574754,,,303737000.0
1985-07-24,,,,157.2946305810725,,,303833000.0
1985-07-25,,,,,,,
1985-07-26,,,,,,,
1985-07-29,,,,158.75380951502063,,,303833000.0
1985-07-30,,,,,,,
1985-07-31,,,,155.83552570960205,,,303833000.0
1985-08-01,,,,156.7110182574754,,,303833000.0
1985-08-02,,,,,,,
1985-08-05,,,,155.2518393235273,,,303833000.0
1985-08-06,,,,159.62930206289397,,,303833000.0
1985-08-07,,,,160.2129143864911,,,303833000.0
1985-08-08,,,,161.67209332043913,,,303833000.0
1985-08-09,,,,162.54751180583492,,,303833000.0
1985-08-12,,,,164.59030306338016,,,303833000.0
1985-08-13,,,,164.00669073978298,,,303833000.0
1985-08-14,,,,162.54751180583492,,,303833000.0
1985-08-15,,,,163.7148845779844,,,303833000.0
1985-08-16,,,,162.54751180583492,,,303833000.0
1985-08-19,,,,163.13119819190968,,,303833000.0
1985-08-20,,,,168.96776580274678,,,303833000.0
1985-08-21,,,,,,,
1985-08-22,,,,,,,
1985-08-23,,,,,,,
1985-08-26,,,,,,,
1985-08-27,,,,168.38407941667202,,,303833000.0
1985-08-28,,,,166.04948199732817,,,303833000.0
1985-08-29,,,,170.42687067421727,,,303833000.0
1985-08-30,,,,173.3451544796358,,,303833000.0
1985-09-02,,,,171.88597554568773,,,303833000.0
1985-09-03,,,,171.88597554568773,,,303833000.0
1985-09-04,,,,173.3451544796358,,,303833000.0
1985-09-05,,,,,,,
1985-09-06,,,,,,,
1985-09-09,,,,,,,
1985-09-10,,,,171.88597554568773,,,303833000.0
1985-09-11,,,,,,,
1985-09-12,,,,,,,
1985-09-13,,,,172.4696619317625,,,303833000.0
1985-09-16,,,,170.42687067421727,,,303833000.0
1985-09-17,,,,168.96776580274678,,,303833000.0
1985-09-18,,,,166.92497454520156,,,303833000.0
1985-09-19,,,,164.00669073978298,,,303833000.0
1985-09-20,,,,161.08840693436443,,,303833000.0
1985-09-23,,,,160.2129143864911,,,303833000.0
1985-09-24,,,,157.2946305810725,,,303833000.0
1985-09-25,,,,158.17012312894587,,,303833000.0
1985-09-26,,,,,,,
1985-09-27,,,,159.62930206289397,,,303833000.0
1985-09-30,,,,160.79660077256585,,,303833000.0
1985-10-01,,,,164.00669073978298,,,303833000.0
1985-10-02,,,,164.59030306338016,,,303833000.0
1985-10-03,,,,162.54751180583492,,,303833000.0
1985-10-04,,,,160.79660077256585,,,303833000.0
1985-10-07,,,,159.62930206289397,,,303833000.0
1985-10-08,,,,161.08840693436443,,,303833000.0
1985-10-09,,,,161.67209332043913,,,303833000.0
1985-10-10,,,,,,,
1985-10-11,,,,162.54751180583492,,,303833000.0
1985-10-14,,,,,,,
1985-10-15,,,,161.67209332043913,,,303834000.0
1985-10-16,,,,,,,
1985-10-17,,,,160.79660077256585,,,303834000.0
1985-10-18,,,,158.75380951502063,,,303834000.0
1985-10-21,,,,158.17012312894587,,,303834000.0
1985-10-22,,,,155.2518393235273,,,303834000.0
1985-10-23,,,,159.62930206289397,,,303834000.0
1985-10-24,,,,,,,
1985-10-25,,,,161.08840693436443,,,303834000.0
1985-10-28,,,,158.75380951502063,,,303834000.0
1985-10-29,,,,161.67209332043913,,,303834000.0
1985-10-30,,,,162.54751180583492,,,303834000.0
1985-10-31,,,,161.08840693436443,,,303834000.0
1985-11-01,,,,158.75380951502063,,,303834000.0
1985-11-04,,,,158.17012312894587,,,303835000.0
1985-11-05,,,,,,,
1985-11-06,,,,158.75380951502063,,,303835000.0
1985-11-07,,,,156.7110182574754,,,303835000.0
1985-11-08,,,,155.83552570960205,,,303835000.0
1985-11-11,,,,154.37642083813157,,,303835000.0
1985-11-12,,,,155.83552570960205,,,303835000.0
1985-11-13,,,,156.7110182574754,,,303835000.0
1985-11-14,,,,155.83552570960205,,,303835000.0
1985-11-15,,,,155.2518393235273,,,303835000.0
1985-11-18,,,,154.37642083813157,,,303835000.0
1985-11-19,,,,153.79273445205683,,,303835000.0
1985-11-20,,,,158.75380951502063,,,303835000.0
1985-11-21,,,,160.2129143864911,,,303835000.0
1985-11-22,,,,,,,
1985-11-25,,,,158.75380951502063,,,303835000.0
1985-11-26,,,,155.83552570960205,,,303835000.0
1985-11-27,,,,155.2518393235273,,,303835000.0
1985-11-28,,,,153.79273445205683,,,303835000.0
1985-11-29,,,,155.2518393235273,,,303835000.0
1985-12-02,,,,151.458137032713,,,303835000.0
1985-12-03,,,,148.831659389093,,,303835000.0
1985-12-04,,,,147.95616684121967,,,303835000.0
1985-12-05,,,,151.458137032713,,,303835000.0
1985-12-06,,,,152.0417493563101,,,303835000.0
1985-12-09,,,,149.99895809876494,,,303835000.0
1985-12-10,,,,,,,
1985-12-11,,,,149.41534577516776,,,303835000.0
1985-12-12,,,,149.99895809876494,,,303835000.0
1985-12-13,,,,151.458137032713,,,303835000.0
1985-12-16,,,,149.99895809876494,,,303835000.0
1985-12-17,,,,,,,
1985-12-18,,,,151.458137032713,,,303835000.0
1985-12-19,,,,,,,
1985-12-20,,,,154.37642083813157,,,303835000.0
1985-12-23,,,,152.9172419041835,,,303835000.0
1985-12-24,,,,,,,
1985-12-25,,,,,,,
1985-12-26,,,,,,,
1985-12-27,,,,152.33362958058635,,,303835000.0
1985-12-30,,,,151.458137032713,,,303835000.0
1985-12-31,,,,,,,
1986-01-02,,,,153.75370352635431,,,303835000.0
1986-01-03,,,,153.75370352635431,,,303835000.0
1986-01-06,,,,153.1612037054435,,,303835000.0
1986-01-07,,,,154.64245325772055,,,303835000.0
1986-01-08,,,,153.75370352635431,,,303835000.0
1986-01-09,,,,151.38370424271108,,,303835000.0
1986-01-10,,,,154.64245325772055,,,303835000.0
1986-01-13,,,,153.75370352635431,,,303835000.0
1986-01-14,,,,157.6049523622746,,,303835000.0
1986-01-15,,,,165.01120012365965,,,303835000.0
1986-01-16,,,,166.49244967593663,,,303835000.0
1986-01-17,,,,165.01120012365965,,,303835000.0
1986-01-20,,,,164.12245039229342,,,303835000.0
1986-01-21,,,,162.64120084001644,,,303835000.0
1986-01-22,,,,165.01120012365965,,,303835000.0
1986-01-23,,,,164.12245039229342,,,303835000.0
1986-01-24,,,,167.9736992282137,,,303835000.0
1986-01-27,,,,170.9361983327677,,,303835000.0
1986-01-28,,,,169.4549487804907,,,303835000.0
1986-01-29,,,,168.5661990491245,,,303835000.0
1986-01-30,,,,169.4549487804907,,,303835000.0
1986-01-31,,,,170.04744860140147,,,303835000.0
1986-02-03,,,,168.5661990491245,,,303835000.0
1986-02-04,,,,167.08494949684746,,,303835000.0
1986-02-05,,,,,,,
1986-02-06,,,,,,,
1986-02-07,,,,167.9736992282137,,,303835000.0
1986-02-10,,,,171.52869815367853,,,303835000.0
1986-02-11,,,,,,,
1986-02-12,,,,170.9361983327677,,,303835000.0
1986-02-13,,,,170.04744860140147,,,303835000.0
1986-02-14,,,,168.5661990491245,,,303835000.0
1986-02-17,,,,166.49244967593663,,,303835000.0
1986-02-18,,,,165.01120012365965,,,303835000.0
1986-02-19,,,,167.08494949684746,,,303835000.0
1986-02-20,,,,172.41744788504474,,,303835000.0
1986-02-21,,,,175.37994698959878,,,303835000.0
1986-02-24,,,,181.8974450196177,,,303835000.0
1986-02-25,,,,184.85994412417165,,,303835000.0
1986-02-26,,,,184.26744430326087,,,303835000.0
1986-02-27,,,,,,,
1986-02-28,,,,182.78619475098384,,,303835000.0
1986-03-03,,,,181.8974450196177,,,303835000.0
1986-03-04,,,,181.3049451987069,,,303835000.0
1986-03-05,,,,187.2299434078149,,,303835000.0
1986-03-06,,,,184.85994412417165,,,303835000.0
1986-03-07,,,,182.78619475098384,,,303835000.0
1986-03-10,,,,180.41619546734063,,,303835000.0
1986-03-11,,,,,,,
1986-03-12,,,,181.8974450196177,,,303835000.0
1986-03-13,,,,186.34119367644868,,,303835000.0
1986-03-14,,,,187.2299434078149,,,303837000.0
1986-03-17,,,,190.19244251236893,,,303837000.0
1986-03-18,,,,196.70994054238776,,,303837000.0
1986-03-19,,,,202.042438930585,,,303837000.0
1986-03-20,,,,213.003685617435,,,303837000.0
1986-03-21,,,,224.2611822147404,,,303837000.0
1986-03-24,,,,219.81743355790925,,,303837000.0
1986-03-25,,,,215.96618472198887,,,303837000.0
1986-03-26,,,,214.484935169712,,,303837000.0
1986-03-27,,,,212.41118579652417,,,303837000.0
1986-04-01,,,,210.9299362442472,,,303837000.0
1986-04-02,,,,211.52243606515805,,,303837000.0
1986-04-03,,,,227.2236813192944,,,303837000.0
1986-04-04,,,,227.81618114020512,,,303837000.0
1986-04-07,,,,224.8536820356511,,,303837000.0
1986-04-08,,,,218.92868382654305,,,303837000.0
1986-04-09,,,,214.484935169712,,,303837000.0
1986-04-10,,,,213.003685617435,,,303837000.0
1986-04-11,,,,210.04118651288096,,,303837000.0
1986-04-14,,,,210.9299362442472,,,303837000.0
1986-04-15,,,,208.55993696060392,,,303837000.0
1986-04-16,,,,207.96743713969315,,,303837000.0
1986-04-17,,,,215.3736849010782,,,303837000.0
1986-04-18,,,,213.8924353488012,,,303837000.0
1986-04-21,,,,211.52243606515805,,,303837000.0
1986-04-22,,,,210.04118651288096,,,303837000.0
1986-04-23,,,,202.63493875149584,,,303837000.0
1986-04-24,,,,,,,
1986-04-25,,,,205.59743785604988,,,303837000.0
1986-04-28,,,,205.0049380351391,,,303837000.0
1986-04-29,,,,,,,
1986-04-30,,,,,,,
1986-05-01,,,,200.56118937830803,,,303837000.0
1986-05-02,,,,198.19119009466488,,,303837000.0
1986-05-05,,,,,,,
1986-05-06,,,,195.2286909901108,,,303837000.0
1986-05-07,,,,193.1549416169229,,,303837000.0
1986-05-08,,,,190.19244251236893,,,304225000.0
1986-05-09,,,,196.11744072147687,,,304225000.0
1986-05-12,,,,190.78494233327973,,,304225000.0
1986-05-13,,,,194.6361911692,,,304225000.0
1986-05-14,,,,195.2286909901108,,,304225000.0
1986-05-15,,,,193.1549416169229,,,304225000.0
1986-05-16,,,,,,,
1986-05-19,,,,,,,
1986-05-20,,,,192.2661918855568,,,304225000.0
1986-05-21,,,,193.1549416169229,,,304225000.0
1986-05-22,,,,,,,
1986-05-23,,,,,,,
1986-05-26,,,,,,,
1986-05-27,,,,192.2661918855568,,,304225000.0
1986-05-28,,,,,,,
1986-05-29,,,,194.6361911692,,,304225000.0
1986-05-30,,,,,,,
1986-06-02,,,,,,,
1986-06-03,,,,193.7474414378337,,,304225000.0
1986-06-04,,,,193.1549416169229,,,304225000.0
1986-06-05,,,,,,,
1986-06-06,,,,191.673692064646,,,304225000.0
1986-06-09,,,,190.19244251236893,,,304226000.0
1986-06-10,,,,,,,
1986-06-11,,,,,,,
1986-06-12,,,,184.85994412417165,,,304226000.0
1986-06-13,,,,183.3786945718947,,,304226000.0
1986-06-16,,,,184.26744430326087,,,304226000.0
1986-06-17,,,,186.34119367644868,,,304226000.0
1986-06-18,,,,,,,
1986-06-19,,,,184.26744430326087,,,304226000.0
1986-06-20,,,,180.41619546734063,,,304226000.0
1986-06-23,,,,178.9349459150636,,,304226000.0
1986-06-24,,,,176.86119654187576,,,304226000.0
1986-06-25,,,,,,,
1986-06-26,,,,,,,
1986-06-27,,,,177.4536963627866,,,304226000.0
1986-06-30,,,,178.9349459150636,,,304226000.0
1986-07-01,,,,181.0086952882514,,,304226000.0
1986-07-02,,,,185.74869385553785,,,304226000.0
1986-07-03,,,,183.3786945718947,,,304226000.0
1986-07-04,,,,182.78619475098384,,,304226000.0
1986-07-07,,,,181.0086952882514,,,304226000.0
1986-07-08,,,,178.34244609415285,,,304226000.0
1986-07-09,,,,,,,
1986-07-10,,,,177.4536963627866,,,304226000.0
1986-07-11,,,,174.49119725823255,,,304226000.0
1986-07-14,,,,173.00994770595554,,,304226000.0
1986-07-15,,,,166.49244967593663,,,304227000.0
1986-07-16,,,,169.15869887003532,,,304227000.0
1986-07-17,,,,167.9736992282137,,,304227000.0
1986-07-18,,,,161.1599512877394,,,304227000.0
1986-07-21,,,,,,,
1986-07-22,,,,162.0487010191056,,,304227000.0
1986-07-23,,,,164.12245039229342,,,304227000.0
1986-07-24,,,,,,,
1986-07-25,,,,163.5299505713826,,,304227000.0
1986-07-28,,,,,,,
1986-07-29,,,,161.1599512877394,,,304227000.0
1986-07-30,,,,160.5674514668286,,,304227000.0
1986-07-31,,,,158.1974521831854,,,304227000.0
1986-08-01,,,,160.2712015563732,,,304227000.0
1986-08-04,,,,159.6787017354624,,,304227000.0
1986-08-05,,,,165.01120012365965,,,304227000.0
1986-08-06,,,,162.64120084001644,,,304227000.0
1986-08-07,,,,161.1599512877394,,,304227000.0
1986-08-08,,,,162.0487010191056,,,304227000.0
1986-08-11,,,,166.49244967593663,,,304227000.0
1986-08-12,,,,167.9736992282137,,,304227000.0
1986-08-13,,,,170.04744860140147,,,304227000.0
1986-08-14,,,,173.00994770595554,,,304227000.0
1986-08-15,,,,173.89869743732174,,,304227000.0
1986-08-18,,,,176.86119654187576,,,304227000.0
1986-08-19,,,,174.49119725823255,,,304227000.0
1986-08-20,,,,175.97244681050958,,,304227000.0
1986-08-21,,,,178.34244609415285,,,304227000.0
1986-08-22,,,,,,,
1986-08-25,,,,,,,
1986-08-26,,,,177.4536963627866,,,304227000.0
1986-08-27,,,,179.8236956464298,,,304227000.0
1986-08-28,,,,181.3049451987069,,,304227000.0
1986-08-29,,,,,,,
1986-09-01,,,,184.85994412417165,,,304227000.0
1986-09-02,,,,180.41619546734063,,,304227000.0
1986-09-03,,,,183.3786945718947,,,304227000.0
1986-09-04,,,,184.85994412417165,,,304227000.0
1986-09-05,,,,188.71119296009192,,,304227000.0
1986-09-08,,,,187.8224432287257,,,304227000.0
1986-09-09,,,,187.2299434078149,,,304227000.0
1986-09-10,,,,187.8224432287257,,,304227000.0
1986-09-11,,,,178.9349459150636,,,304227000.0
1986-09-12,,,,181.0086952882514,,,304227000.0
1986-09-15,,,,,,,
1986-09-16,,,,174.49119725823255,,,304227000.0
1986-09-17,,,,175.37994698959878,,,304227000.0
1986-09-18,,,,181.8974450196177,,,304227000.0
1986-09-19,,,,184.26744430326087,,,304227000.0
1986-09-22,,,,188.71119296009192,,,304227000.0
1986-09-23,,,,187.8224432287257,,,304227000.0
1986-09-24,,,,187.2299434078149,,,304227000.0
1986-09-25,,,,184.85994412417165,,,304227000.0
1986-09-26,,,,186.34119367644868,,,304227000.0
1986-09-29,,,,187.2299434078149,,,304227000.0
1986-09-30,,,,186.34119367644868,,,304227000.0
1986-10-01,,,,189.30369278100272,,,304227000.0
1986-10-02,,,,190.78494233327973,,,304227000.0
1986-10-03,,,,195.2286909901108,,,304227000.0
1986-10-06,,,,197.598690273754,,,304227000.0
1986-10-07,,,,204.11618830377287,,,304227000.0
1986-10-08,,,,205.0049380351391,,,304227000.0
1986-10-09,,,,212.41118579652417,,,304227000.0
1986-10-10,,,,210.9299362442472,,,304227000.0
1986-10-13,,,,210.04118651288096,,,304227000.0
1986-10-14,,,,201.1536891992189,,,304227000.0
1986-10-15,,,,,,,
1986-10-16,,,,202.63493875149584,,,304227000.0
1986-10-17,,,,203.52368848286207,,,304227000.0
1986-10-20,,,,199.079939826031,,,304227000.0
1986-10-21,,,,196.70994054238776,,,304227000.0
1986-10-22,,,,195.2286909901108,,,304227000.0
1986-10-23,,,,193.7474414378337,,,304227000.0
1986-10-24,,,,194.6361911692,,,304227000.0
1986-10-27,,,,194.6361911692,,384015.0132844258,304227000.0
1986-10-28,,,,194.9324410796553,,678938.543486865,304227000.0
1986-10-29,,,,194.0436913482892,,543765.2588107471,304227000.0
1986-10-30,,,,196.11744072147687,,543765.2588107471,304227000.0
1986-10-31,,,,202.3386888410404,,1944652.0272723325,304227000.0
1986-11-03,,,,202.93118866195127,,433168.9349848324,304227000.0
1986-11-04,,,,204.11618830377287,,282635.04977733747,304227000.0
1986-11-05,,,,202.63493875149584,,1148972.9197470022,304227000.0
1986-11-06,,,,203.52368848286207,,826400.3085880845,304227000.0
1986-11-07,,,,205.0049380351391,,1864776.9045091723,304227000.0
1986-11-10,,,,,,1778757.5415334608,304227000.0
1986-11-11,,,,207.96743713969315,,2795629.29671062,304227000.0
1986-11-12,,,,207.0786874083269,,2405470.043213644,304227000.0
1986-11-13,,,,205.59743785604988,,789534.8673127797,304227000.0
1986-11-14,,,,205.0049380351391,,1462329.1705870938,304227000.0
1986-11-17,,,,202.63493875149584,,1204271.0816599596,304227000.0
1986-11-18,,,,200.56118937830803,,3379332.116902948,304227000.0
1986-11-19,,,,199.079939826031,,1680449.698132648,304306000.0
1986-11-20,,,,199.67243964694185,,5222604.180668192,304306000.0
1986-11-21,,,,199.079939826031,,1161261.400172104,304307000.0
1986-11-24,,,,198.48744000512025,,654361.5826366617,304307000.0
1986-11-25,,,,194.6361911692,,697371.2641245174,304307000.0
1986-11-26,,,,198.19119009466488,,396303.49370952754,308465000.0
1986-11-27,,,,,,1628223.6563259657,308465000.0
1986-11-28,,,,,,958501.473157927,308465000.0
1986-12-01,,,,196.70994054238776,,900131.1911386944,308465000.0
1986-12-02,,,,197.598690273754,,1830983.5833401424,308465000.0
1986-12-03,,,,196.70994054238776,,1247280.7631478151,308465000.0
1986-12-04,,,,195.8211908110216,,224264.76775810475,308465000.0
1986-12-05,,,,195.2286909901108,,1462329.1705870938,308465000.0
1986-12-08,,,,194.6361911692,,414736.21434718,308466000.0
1986-12-09,,,,,,251913.8487145833,308466000.0
1986-12-10,,,,196.70994054238776,,897059.071032419,308466000.0
1986-12-11,,,,,,1062953.5567712907,308466000.0
1986-12-12,,,,,,1434680.0896306152,308466000.0
1986-12-15,,,,,,1231920.1626164382,308466000.0
1986-12-16,,,,195.5249409005661,,964645.713370478,308466000.0
1986-12-17,,,,194.6361911692,,534548.8984919209,308466000.0
1986-12-18,,,,193.1549416169229,,368654.4127530488,308466000.0
1986-12-19,,,,,,703515.5043370682,308466000.0
1986-12-22,,,,201.1536891992189,,3993756.138158029,308466000.0
1986-12-23,,,,202.042438930585,,752669.4260374748,308466000.0
1986-12-24,,,,205.0049380351391,,663577.9429554879,308466000.0
1986-12-29,,,,205.3011879455945,,1124395.958896799,308466000.0
1986-12-30,,,,207.0786874083269,,592919.1805111535,308466000.0
1986-12-31,,,,208.8561868710593,,1600574.5753694868,308466000.0
1987-01-02,,,,207.0786874083269,,1526843.6928188773,308466000.0
1987-01-05,,,,206.7824374978716,,688154.903805691,308466000.0
1987-01-06,,,,206.4861875874161,,3007605.5840436234,308466000.0
1987-01-07,,,,208.55993696060392,,1367093.447292556,308466000.0
1987-01-08,,,,207.0786874083269,,2706537.813628633,308466000.0
1987-01-09,,,,213.8924353488012,,6451452.223178355,308466000.0
1987-01-12,,,,221.89118293109703,,5529816.191295732,308466000.0
1987-01-13,,,,222.77993266246327,,5529816.191295732,308466000.0
1987-01-14,,,,221.2986831101863,,1351732.846761179,308466000.0
1987-01-15,,,,225.14993194610653,,3379332.116902948,308466000.0
1987-01-16,,,,223.3724324833741,,2933874.7014930137,308466000.0
1987-01-19,,,,227.81618114020512,,3993756.138158029,308468000.0
1987-01-20,,,,227.2236813192944,,4300968.14878557,308468000.0
1987-01-21,,,,223.3724324833741,,3686544.1275304887,308468000.0
1987-01-22,,,,,,3686544.1275304887,308468000.0
1987-01-23,,,,221.89118293109703,,1840199.943658969,308468000.0
1987-01-26,,,,221.2986831101863,,737308.8255060976,308468000.0
1987-01-27,,,,,,1824839.343127592,308468000.0
1987-01-28,,,,221.89118293109703,,2946163.181918116,308468000.0
1987-01-29,,,,,,3379332.116902948,308468000.0
1987-01-30,,,,,,1425463.729311789,308468000.0
1987-02-02,,,,224.2611822147404,,6144240.212550813,308468000.0
1987-02-03,,,,,,1545276.4134565298,308468000.0
1987-02-04,,,,228.7049308715713,,4608180.15941311,308468000.0
1987-02-05,,,,227.2236813192944,,2325594.920450483,308468000.0
1987-02-06,,,,227.81618114020512,,1818695.102915041,308468000.0
1987-02-09,,,,232.2599297970362,,3993756.138158029,308468000.0
1987-02-10,,,,227.2236813192944,,3072120.1062754067,308472000.0
1987-02-11,,,,226.3349315879281,,2903153.5004302594,308472000.0
1987-02-12,,,,220.40993337882009,,3379332.116902948,308472000.0
1987-02-13,,,,219.81743355790925,,7987512.276316058,308472000.0
1987-02-16,,,,225.446181856562,,4300968.14878557,308472000.0
1987-02-17,,,,224.8536820356511,,2694249.333203532,308472000.0
1987-02-18,,,,224.2611822147404,,3072120.1062754067,308472000.0
1987-02-19,,,,,,10752420.371963926,308472000.0
1987-02-20,,,,224.8536820356511,,4608180.15941311,308472000.0
1987-02-23,,,,222.77993266246327,,715803.9847621698,308472000.0
1987-02-24,,,,218.92868382654305,,1628223.6563259657,308472000.0
1987-02-25,,,,220.40993337882009,,6144240.212550813,308472000.0
1987-02-26,,,,221.2986831101863,,1585213.9748381102,308472000.0
1987-02-27,,,,218.92868382654305,,1563709.1340941822,308472000.0
1987-03-02,,,,216.8549344533552,,1428535.8494180643,308472000.0
1987-03-03,,,,215.96618472198887,,3379332.116902948,308472000.0
1987-03-04,,,,217.447434274266,,11059632.382591464,308472000.0
1987-03-05,,,,218.33618400563228,,3993756.138158029,308472000.0
1987-03-06,,,,218.92868382654305,,4300968.14878557,308472000.0
1987-03-09,,,,213.003685617435,,2451551.8448077748,308472000.0
1987-03-10,,,,211.52243606515805,,3072120.1062754067,308472000.0
1987-03-11,,,,214.484935169712,,6451452.223178355,308472000.0
1987-03-12,,,,215.3736849010782,,2178133.1553492635,308472000.0
1987-03-13,,,,218.33618400563228,,3379332.116902948,308472000.0
1987-03-16,,,,217.447434274266,,1800262.3822773888,308472000.0
1987-03-17,,,,215.96618472198887,,2122834.9934363062,308472000.0
1987-03-18,,,,213.003685617435,,2491489.406189355,308472000.0
1987-03-19,,,,212.41118579652417,,3993756.138158029,308472000.0
1987-03-20,,,,213.8924353488012,,3379332.116902948,308472000.0
1987-03-23,,,,214.484935169712,,807967.587950432,308472000.0
1987-03-24,,,,215.3736849010782,,983078.4340081302,308472000.0
1987-03-25,,,,224.8536820356511,,4608180.15941311,308472000.0
1987-03-26,,,,224.5574321251957,,5222604.180668192,308472000.0
1987-03-27,,,,241.1474271106984,,13517328.467611792,308472000.0
1987-03-30,,,,244.1099262152524,,6605058.228492125,308475000.0
1987-03-31,,,,244.99867594661856,,5222604.180668192,308475000.0
1987-04-01,,,,236.70367845386724,,4300968.14878557,308479000.0
1987-04-02,,,,237.59242818523344,,3072120.1062754067,308479000.0
1987-04-03,,,,247.0724253198064,,8601936.29757114,308479000.0
1987-04-06,,,,250.0349244243604,,6190322.014144945,308479000.0
1987-04-07,,,,252.4049237080036,,3072120.1062754067,308479000.0
1987-04-08,,,,251.51617397663745,,5529816.191295732,308479000.0
1987-04-09,,,,256.8486723648347,,13824540.478239331,308479000.0
1987-04-10,,,,270.77241815623864,,10752420.371963926,308479000.0
1987-04-13,,,,275.51241672352506,,15360600.531377038,308479000.0
1987-04-14,,,,272.549917618971,,7373088.255060977,308479000.0
1987-04-15,,,,269.29116860396164,,3379332.116902948,308479000.0
1987-04-16,,,,267.5136691412292,,3686544.1275304887,308479000.0
1987-04-21,,,,272.25366770851565,,8294724.2869436,308479000.0
1987-04-22,,,,276.4011664548913,,4608180.15941311,308479000.0
1987-04-23,,,,273.73491726079266,,3072120.1062754067,308479000.0
1987-04-24,,,,283.8074142162764,,8909148.30819868,308479000.0
1987-04-27,,,,290.32491224629524,,14438964.499494413,308481000.0
1987-04-28,,,,285.5849136790088,,2829422.61787965,308481000.0
1987-04-29,,,,287.65866305219663,,2509922.126827008,308481000.0
1987-04-30,,,,288.8436626940182,,2764908.095647866,308481000.0
1987-05-01,,,,286.7699133208304,,3072120.1062754067,308481000.0
1987-05-04,,,,,,,
1987-05-05,,,,296.2202854643578,,10752420.371963926,308481000.0
1987-05-06,,,,294.7686609031263,,1732675.7399393297,308481000.0
1987-05-07,,,,299.95303433609587,,6144240.212550813,308481000.0
1987-05-08,,,,308.72203168557576,,10752420.371963926,308481000.0
1987-05-11,,,,304.1005330824715,,2869360.1792612304,308481000.0
1987-05-12,,,,306.41128238402365,,2451551.8448077748,308481000.0
1987-05-13,,,,303.06365839587755,,1658944.85738872,308481000.0
1987-05-14,,,,307.80365696316403,,2525282.7273583845,308481000.0
1987-05-15,,,,319.38702846197026,,6451452.223178355,308481000.0
1987-05-18,,,,328.63002566817886,,6451452.223178355,308481000.0
1987-05-19,,,,330.49640010404795,,4608180.15941311,308486000.0
1987-05-20,,,,331.4147748264598,,6144240.212550813,308493000.0
1987-05-21,,,,322.1717776202511,,2233431.317262221,308495000.0
1987-05-22,,,,317.99465388283,,1284146.2044231202,308559000.0
1987-05-25,,,,,,,
1987-05-26,,,,306.41128238402365,,3993756.138158029,308559000.0
1987-05-27,,,,292.9911614403938,,5837028.2019232735,304766000.0
1987-05-28,,,,296.2202854643578,,4608180.15941311,304766000.0
1987-05-29,,,,299.95303433609587,,1585213.9748381102,304766000.0
1987-06-01,,,,297.168285177815,,2328667.040556758,304766000.0
1987-06-02,,,,305.9669075183405,,4608180.15941311,304766000.0
1987-06-03,,,,302.70815850333105,,1640512.1367510676,304766000.0
1987-06-04,,,,299.95303433609587,,1532987.933031428,304768000.0
1987-06-05,,,,,,989222.6742206812,304768000.0
1987-06-08,,,,298.5606597569555,,995366.914433232,304768000.0
1987-06-09,,,,299.00503462263856,,1468473.4107996444,304768000.0
1987-06-10,,,,298.0866599002268,,1382454.047823933,304768000.0
1987-06-11,,,,299.4790344793672,,2445407.604595224,304768000.0
1987-06-12,,,,297.6126600434981,,1425463.729311789,304768000.0
1987-06-15,,,,294.17616108221546,,3993756.138158029,304768000.0
1987-06-16,,,,291.50991188811685,,1812550.86270249,304768000.0
1987-06-17,,,,285.2886637685533,,2758763.8554353155,304768000.0
1987-06-18,,,,290.32491224629524,,3379332.116902948,304768000.0
1987-06-19,,,,292.69491152993845,,1496122.491756123,304768000.0
1987-06-22,,,,294.7686609031263,,1634367.8965385165,304768000.0
1987-06-23,,,,300.8714090585076,,1569853.374306733,304768000.0
1987-06-24,,,,303.18215836005976,,1569853.374306733,304768000.0
1987-06-25,,,,297.6126600434981,,2334811.280769309,304768000.0
1987-06-26,,,,299.00503462263856,,946212.9927328256,304768000.0
1987-06-29,,,,299.4790344793672,,1016871.7551771598,304768000.0
1987-06-30,,,,298.5606597569555,,743453.0657186485,304768000.0
1987-07-01,,,,309.67003139903306,,3686544.1275304887,304768000.0
1987-07-02,,,,316.6022793036895,,5837028.2019232735,304768000.0
1987-07-03,,,,322.61615248593426,,4608180.15941311,304768000.0
1987-07-06,,,,329.1040255249076,,3379332.116902948,304768000.0
1987-07-07,,,,336.9842731430213,,12595692.43572917,304768000.0
1987-07-08,,,,340.2133971669851,,4608180.15941311,304770000.0
1987-07-09,,,,351.79676866579143,,5529816.191295732,304770000.0
1987-07-10,,,,354.55189283302667,,5837028.2019232735,304770000.0
1987-07-13,,,,351.79676866579143,,2399325.803001093,304770000.0
1987-07-14,,,,357.810641848036,,9216360.31882622,304770000.0
1987-07-15,,,,361.039765872,,3686544.1275304887,304770000.0
1987-07-16,,,,370.312388069254,,5529816.191295732,304770000.0
1987-07-17,,,,366.6092641885615,,4300968.14878557,305504000.0
1987-07-20,,,,365.66126447510425,,1382454.047823933,305504000.0
1987-07-21,,,,369.8383882125254,,1520699.452606327,305504000.0
1987-07-22,,,,373.0675122364894,,3072120.1062754067,305504000.0
1987-07-23,,,,376.770636117182,,4915392.170040651,305504000.0
1987-07-24,,,,375.8522613947701,,4300968.14878557,305504000.0
1987-07-27,,,,374.9338866723585,,1772613.30132091,305504000.0
1987-07-28,,,,378.63701055305097,,1416247.3689929624,305504000.0
1987-07-29,,,,392.0571314966808,,3993756.138158029,305504000.0
1987-07-30,,,,405.0032525835818,,3993756.138158029,305504000.0
1987-07-31,,,,412.4095003449668,,3379332.116902948,305504000.0
1987-08-03,,,,429.0883703036061,,6758664.233805896,305504000.0
1987-08-04,,,,423.5188719870446,,6758664.233805896,305504000.0
1987-08-05,,,,400.8557538372062,,4608180.15941311,305504000.0
1987-08-06,,,,387.8800077592596,,7065876.244433437,305504000.0
1987-08-07,,,,374.4598868156298,,6758664.233805896,305504000.0
1987-08-10,,,,377.2446359739107,,3379332.116902948,305504000.0
1987-08-11,,,,392.53113135340936,,3686544.1275304887,305504000.0
1987-08-12,,,,403.6405029954869,,2681960.8527784306,305504000.0
1987-08-13,,,,405.9512522970392,,3993756.138158029,305504000.0
1987-08-14,,,,397.1526299565136,,2211926.476518293,305504000.0
1987-08-17,,,,381.4217597113318,,2835566.8580922005,305504000.0
1987-08-18,,,,377.7186358306392,,1483834.0113310218,305504000.0
1987-08-19,,,,371.2307627916658,,2589797.249590168,305504000.0
1987-08-20,,,,365.2168896094211,,2405470.043213644,305504000.0
1987-08-21,,,,359.20301642717646,,4608180.15941311,305504000.0
1987-08-24,,,,361.5137657287287,,2285657.3590689027,305504000.0
1987-08-25,,,,367.5276389109733,,1652800.617176169,305504000.0
1987-08-26,,,,361.5137657287287,,3379332.116902948,305504000.0
1987-08-27,,,,359.943641203315,,1505338.8520749495,305504000.0
1987-08-28,,,,367.5276389109733,,807967.587950432,305517000.0
1987-08-31,,,,,,,
1987-09-01,,,,374.0155119499468,,2162772.5548178866,305517000.0
1987-09-02,,,,376.3262612514988,,2890865.020005158,305517000.0
1987-09-03,,,,390.6647569175405,,4915392.170040651,305517000.0
1987-09-04,,,,387.8800077592596,,995366.914433232,305517000.0
1987-09-07,,,,386.0432583144361,,749597.3059311993,305517000.0
1987-09-08,,,,382.3401344337434,,660505.8228492126,305517000.0
1987-09-09,,,,380.02938513219146,,1655872.7372824445,305517000.0
1987-09-10,,,,378.63701055305097,,718876.1048684452,305517000.0
1987-09-11,,,,385.0952586009788,,3686544.1275304887,305517000.0
1987-09-14,,,,398.0710046789254,,3993756.138158029,305517000.0
1987-09-15,,,,,,3072120.1062754067,305517000.0
1987-09-16,,,,399.9373791147944,,1812550.86270249,305517000.0
1987-09-17,,,,411.04675075687214,,6451452.223178355,305517000.0
1987-09-18,,,,408.70637646427446,,3686544.1275304887,305517000.0
1987-09-21,,,,402.6925032820297,,1078314.157302668,305517000.0
1987-09-22,,,,,,4300968.14878557,305517000.0
1987-09-23,,,,408.70637646427446,,2869360.1792612304,305517000.0
1987-09-24,,,,407.3436268761796,,1182766.2409160316,305517000.0
1987-09-25,,,,411.9651254792838,,2359388.241619513,305517000.0
1987-09-28,,,,413.3575000584242,,1333300.1261235266,305517000.0
1987-09-29,,,,410.0987510434147,,1505338.8520749495,305517000.0
1987-09-30,,,,407.3436268761796,,1026088.115495986,305517000.0
1987-10-01,,,,405.47725244031056,,1422391.6092055135,305517000.0
1987-10-02,,,,403.1665031387584,,1357877.08697373,305517000.0
1987-10-05,,,,401.30012870288937,,448529.5355162095,305517000.0
1987-10-06,,,,405.9512522970392,,2055248.351098248,305517000.0
1987-10-07,,,,407.3436268761796,,1505338.8520749495,305517000.0
1987-10-08,,,,413.3575000584242,,2817134.1374545484,305517000.0
1987-10-09,,,,410.0987510434147,,2122834.9934363062,305517000.0
1987-10-12,,,,407.3436268761796,,1010727.5149646088,305517000.0
1987-10-13,,,,406.8696270194509,,337933.21169029473,305517000.0
1987-10-14,,,,401.30012870288937,,2998389.2237247974,305517000.0
1987-10-15,,,,390.6647569175405,,3686544.1275304887,305517000.0
1987-10-16,,,,387.4356328935765,,2067536.831523349,305517000.0
1987-10-19,,,,336.9842731430213,,5529816.191295732,305517000.0
1987-10-20,,,,285.88116358946417,,6451452.223178355,305517000.0
1987-10-21,,,,279.95616538035614,,5529816.191295732,305517000.0
1987-10-22,,,,274.91991690261426,,5529816.191295732,305517000.0
1987-10-23,,,,257.7374220962009,,5959913.00617429,763792000.0
1987-10-26,,,,220.70618328927543,,2580580.889271342,764736000.0
1987-10-27,,,,224.409307169968,,1966156.868016261,764736000.0
1987-10-28,,,,235.5186788120456,,1966156.868016261,764736000.0
1987-10-29,,,,242.92492657343075,,2089041.672267277,764736000.0
1987-10-30,,,,257.7374220962009,,3932313.736032522,764736000.0
1987-11-02,,,,236.99992836432264,,1198126.841447409,764736000.0
1987-11-03,,,,214.7811850801673,,2457696.0850203256,764736000.0
1987-11-04,,,,205.8936877665053,,3686544.1275304887,764736000.0
1987-11-05,,,,213.2999355278904,,5775585.799797765,764736000.0
1987-11-06,,,,196.26556567670468,,1823610.4950850816,764736000.0
1987-11-09,,,,196.26556567670468,,1843272.0637652443,764739000.0
1987-11-10,,,,187.37806836304256,,2334811.280769309,764739000.0
1987-11-11,,,,202.1905638858127,,1597502.4552632116,764739000.0
1987-11-12,,,,229.59368060293755,,5161161.778542684,764739000.0
1987-11-13,,,,228.1124310506605,,2457696.0850203256,764739000.0
1987-11-16,,,,224.409307169968,,2089041.672267277,764739000.0
1987-11-17,,,,228.1124310506605,,1597502.4552632116,764739000.0
1987-11-18,,,,224.409307169968,,909347.5514575206,764739000.0
1987-11-19,,,,222.1874328415525,,829472.42869436,764739000.0
1987-11-20,,,,224.409307169968,,2703465.6935223583,764739000.0
1987-11-23,,,,233.2968044836301,,603364.3888724899,764739000.0
1987-11-24,,,,250.3311743348158,,4141217.903259249,764739000.0
1987-11-25,,,,244.4061761257077,,1720387.259514228,764739000.0
1987-11-26,,,,240.7030522450152,,1228848.0425101628,764739000.0
1987-11-27,,,,242.92492657343075,,512429.6337267379,764739000.0
1987-11-30,,,,244.4061761257077,,3317889.71477744,764739000.0
1987-12-01,,,,240.7030522450152,,2512994.246933284,764739000.0
1987-12-02,,,,242.92492657343075,,1597502.4552632116,764744000.0
1987-12-03,,,,248.10930000640025,,1104734.3902166365,764744000.0
1987-12-04,,,,236.99992836432264,,711503.0166133844,764744000.0
1987-12-07,,,,228.1124310506605,,1129311.3510668396,764744000.0
1987-12-08,,,,226.6311814983836,,1220246.1062125918,764744000.0
1987-12-09,,,,239.22180269273807,,900745.6151599494,764744000.0
1987-12-10,,,,233.2968044836301,,1228848.0425101628,764744000.0
1987-12-11,,,,240.7030522450152,,1220246.1062125918,764744000.0
1987-12-14,,,,255.51554776778536,,1843272.0637652443,764744000.0
1987-12-15,,,,251.07179911095423,,580016.276064797,764744000.0
1987-12-16,,,,248.10930000640025,,1351732.8467611792,764744000.0
1987-12-17,,,,244.4061761257077,,985536.1300931508,764744000.0
1987-12-18,,,,,,743453.0657186486,764744000.0
1987-12-21,,,,248.10930000640025,,2457696.0850203256,764744000.0
1987-12-22,,,,259.2186716484779,,3317889.71477744,764744000.0
1987-12-23,,,,262.9217955291704,,2580580.889271342,764744000.0
1987-12-24,,,,274.031167171248,,1838356.671595204,764744000.0
1987-12-28,,,,,,,
1987-12-29,,,,259.2186716484779,,911805.2475425408,764744000.0
1987-12-30,,,,255.51554776778536,,1394742.528249035,764744000.0
1987-12-31,,,,,,513658.4817692481,764744000.0
1988-01-04,,,,262.9217955291704,,1474617.6510121955,764744000.0
1988-01-05,,,,266.6249194098629,,2089041.672267277,764744000.0
1988-01-06,,,,274.031167171248,,2580580.889271342,764744000.0
1988-01-07,,,,272.549917618971,,652518.3105728965,764744000.0
1988-01-08,,,,274.031167171248,,933924.5123077238,764744000.0
1988-01-11,,,,270.3280432905555,,1351732.8467611792,764744000.0
1988-01-12,,,,266.6249194098629,,1220246.1062125918,764744000.0
1988-01-13,,,,268.84679373827845,,2334811.280769309,764744000.0
1988-01-14,,,,277.7342910519406,,4423852.953036586,764744000.0
1988-01-15,,,,281.43741493263315,,2930802.5813867385,764744000.0
1988-01-18,,,,281.43741493263315,,3111443.243635732,764744000.0
1988-01-19,,,,272.549917618971,,674637.5753380794,764751000.0
1988-01-20,,,,265.1436698575859,,2703465.6935223583,764751000.0
1988-01-21,,,,262.9217955291704,,2211926.476518293,764751000.0
1988-01-22,,,,266.6249194098629,,1351732.8467611792,764751000.0
1988-01-25,,,,262.9217955291704,,1597502.4552632116,764751000.0
1988-01-26,,,,271.068668066694,,1897341.3776356915,764751000.0
1988-01-27,,,,260.6999212007549,,1474617.6510121955,764751000.0
1988-01-28,,,,259.2186716484779,,3195004.9105264232,764751000.0
1988-01-29,,,,257.7374220962009,,2580580.889271342,764751000.0
1988-02-01,,,,259.2186716484779,,1176007.576682226,764752000.0
1988-02-02,,,,262.9217955291704,,3150766.3809960578,764752000.0
1988-02-03,,,,,,1351732.8467611792,764752000.0
1988-02-04,,,,255.51554776778536,,887228.2866923376,764752000.0
1988-02-05,,,,246.6280504541233,,1228848.0425101628,764752000.0
1988-02-06,,,,,,,
1988-02-08,,,,233.2968044836301,,2334811.280769309,764752000.0
1988-02-09,,,,236.99992836432264,,1720387.259514228,764752000.0
1988-02-10,,,,240.7030522450152,,1597502.4552632116,764752000.0
1988-02-11,,,,248.10930000640025,,2089041.672267277,764752000.0
1988-02-12,,,,244.4061761257077,,2017768.485801688,764852000.0
1988-02-15,,,,251.8124238870928,,1474617.6510121955,764852000.0
1988-02-16,,,,248.10930000640025,,1720387.259514228,764852000.0
1988-02-17,,,,265.1436698575859,,5406931.387044717,764852000.0
1988-02-18,,,,262.9217955291704,,2457696.0850203256,764852000.0
1988-02-19,,,,259.2186716484779,,1720387.259514228,764852000.0
1988-02-22,,,,268.84679373827845,,1966156.868016261,764852000.0
1988-02-23,,,,266.6249194098629,,2334811.280769309,764852000.0
1988-02-24,,,,259.2186716484779,,1966156.868016261,764852000.0
1988-02-25,,,,257.7374220962009,,1351732.8467611792,764857000.0
1988-02-26,,,,255.51554776778536,,1873993.2648279984,764857000.0
1988-02-29,,,,255.51554776778536,,954814.9290303966,764857000.0
1988-03-01,,,,262.9217955291704,,1059267.0126437603,764857000.0
1988-03-02,,,,266.6249194098629,,1588900.5189656406,764857000.0
1988-03-03,,,,274.031167171248,,2211926.476518293,764857000.0
1988-03-04,,,,277.7342910519406,,2334811.280769309,764857000.0
1988-03-07,,,,279.95616538035614,,1228848.0425101628,764857000.0
1988-03-08,,,,281.43741493263315,,1104734.3902166365,764857000.0
1988-03-09,,,,277.7342910519406,,1351732.8467611792,764857000.0
1988-03-10,,,,281.43741493263315,,1164947.9442996343,764857000.0
1988-03-11,,,,277.7342910519406,,1597502.4552632116,764857000.0
1988-03-14,,,,270.3280432905555,,849133.9973745225,764857000.0
1988-03-15,,,,276.2530414996636,,663577.942955488,764857000.0
1988-03-16,,,,268.84679373827845,,833158.9728218905,764857000.0
1988-03-17,,,,270.3280432905555,,669722.1831680388,764857000.0
1988-03-18,,,,285.1405388133257,,4546737.757287603,764857000.0
1988-03-21,,,,281.43741493263315,,556668.1632571039,764857000.0
1988-03-22,,,,279.95616538035614,,838074.364991931,764857000.0
1988-03-23,,,,277.7342910519406,,833158.9728218905,764857000.0
1988-03-24,,,,270.3280432905555,,755741.5461437502,764863000.0
1988-03-25,,,,266.6249194098629,,1843272.0637652443,764863000.0
1988-03-28,,,,259.2186716484779,,1228848.0425101628,764863000.0
1988-03-29,,,,265.1436698575859,,899516.7671174392,764863000.0
1988-03-30,,,,262.9217955291704,,1103505.5421741265,764863000.0
1988-03-31,,,,259.2186716484779,,920407.183840112,764863000.0
1988-04-05,,,,255.51554776778536,,614424.0212550814,764863000.0
1988-04-06,,,,259.2186716484779,,1201813.3855749392,764863000.0
1988-04-07,,,,266.6249194098629,,1228848.0425101628,764863000.0
1988-04-08,,,,270.3280432905555,,854049.3895445633,764863000.0
1988-04-11,,,,283.6592892610486,,1843272.0637652443,764863000.0
1988-04-12,,,,281.43741493263315,,1199355.689489919,764863000.0
1988-04-13,,,,281.43741493263315,,1511483.0922875004,764863000.0
1988-04-14,,,,266.6249194098629,,4300968.148785571,764863000.0
1988-04-15,,,,259.2186716484779,,2334811.280769309,764863000.0
1988-04-18,,,,256.99679732006234,,1706869.9310466163,764863000.0
1988-04-19,,,,265.1436698575859,,1228848.0425101628,764863000.0
1988-04-20,,,,259.2186716484779,,2211926.476518293,764863000.0
1988-04-21,,,,270.3280432905555,,4423852.953036586,764863000.0
1988-04-22,,,,271.8092928428325,,1720387.259514228,764863000.0
1988-04-25,,,,281.43741493263315,,3563659.323279472,764871000.0
1988-04-26,,,,279.2155406042176,,3657051.774510245,764871000.0
1988-04-27,,,,279.2155406042176,,1351732.8467611792,764871000.0
1988-04-28,,,,275.51241672352506,,2580580.889271342,764871000.0
1988-04-29,,,,276.2530414996636,,1843272.0637652443,764871000.0
1988-05-02,,,,,,,
1988-05-03,,,,285.1405388133257,,2089041.672267277,764871000.0
1988-05-04,,,,282.9186644849101,,1228848.0425101628,764871000.0
1988-05-05,,,,284.3999140371872,,749597.3059311993,764871000.0
1988-05-06,,,,285.1405388133257,,717647.2568259352,764871000.0
1988-05-09,,,,278.4749158280791,,1228848.0425101628,764871000.0
1988-05-10,,,,281.43741493263315,,575100.8838947562,764871000.0
1988-05-11,,,,276.2530414996636,,763114.6343988111,764871000.0
1988-05-12,,,,277.7342910519406,,621797.1095101425,764883000.0
1988-05-13,,,,275.51241672352506,,1150201.7677895124,764883000.0
1988-05-16,,,,271.8092928428325,,421494.8785809859,764883000.0
1988-05-17,,,,275.51241672352506,,1228848.0425101628,764883000.0
1988-05-18,,,,272.549917618971,,1966156.868016261,764980000.0
1988-05-19,,,,275.51241672352506,,1474617.6510121955,764980000.0
1988-05-20,,,,281.43741493263315,,3440774.519028456,764980000.0
1988-05-23,,,,291.0655370224337,,2334811.280769309,764980000.0
1988-05-24,,,,307.3592820974809,,5652700.99554675,764980000.0
1988-05-25,,,,305.1374077690654,,4178083.344534554,764980000.0
1988-05-26,,,,305.87803254520384,,1351732.8467611792,764980000.0
1988-05-27,,,,305.1374077690654,,1474617.6510121955,764980000.0
1988-05-30,,,,,,,
1988-05-31,,,,303.6561582167884,,1131769.04715186,764980000.0
1988-06-01,,,,308.840531649758,,1966156.868016261,764980000.0
1988-06-02,,,,309.5811564258964,,2457696.0850203256,764980000.0
1988-06-03,,,,321.43115284411255,,2949235.302024391,764980000.0
1988-06-06,,,,327.35615105322063,,2211926.476518293,764980000.0
1988-06-07,,,,323.6530271725281,,1474617.6510121955,764980000.0
1988-06-08,,,,321.43115284411255,,2334811.280769309,764980000.0
1988-06-09,,,,319.20927851569706,,830701.2767368702,764980000.0
1988-06-10,,,,316.9874041872815,,1033461.203751047,764980000.0
1988-06-13,,,,320.69052806797407,,2211926.476518293,764980000.0
1988-06-14,,,,322.91240239638967,,1019943.8752834352,764980000.0
1988-06-15,,,,327.35615105322063,,2211926.476518293,764980000.0
1988-06-16,,,,328.8374006054977,,2605157.850121545,764980000.0
1988-06-17,,,,326.6155262770821,,2089041.672267277,764980000.0
1988-06-20,,,,329.57802538163617,,755741.5461437502,764980000.0
1988-06-21,,,,328.8374006054977,,994138.0663907218,764980000.0
1988-06-22,,,,331.05927493391323,,582473.9721498173,764980000.0
1988-06-23,,,,334.02177403846724,,2580580.889271342,764980000.0
1988-06-24,,,,325.1342767248051,,2949235.302024391,764980000.0
1988-06-27,,,,316.9874041872815,,2089041.672267277,764980000.0
1988-06-28,,,,318.4686537395586,,2320065.104259188,764980000.0
1988-06-29,,,,314.0249050827275,,847905.1493320124,764980000.0
1988-06-30,,,,310.32178120203497,,1216559.562085061,764980000.0
1988-07-01,,,,312.54365553045045,,1720387.259514228,764980000.0
1988-07-04,,,,314.0249050827275,,1174778.7286397156,764980000.0
1988-07-05,,,,321.43115284411255,,1351732.8467611792,765253000.0
1988-07-06,,,,326.6155262770821,,1196897.9934048986,765253000.0
1988-07-07,,,,322.1717776202511,,608279.7810425307,765253000.0
1988-07-08,,,,325.1342767248051,,2949235.302024391,765253000.0
1988-07-11,,,,321.43115284411255,,742224.2176761384,777226000.0
1988-07-12,,,,314.76552985886605,,1720387.259514228,777226000.0
1988-07-13,,,,316.24677941114305,,500141.1533016363,777226000.0
1988-07-14,,,,311.8030307543119,,1966156.868016261,777226000.0
1988-07-15,,,,312.54365553045045,,1474617.6510121955,777226000.0
1988-07-18,,,,310.32178120203497,,615652.8692975916,777226000.0
1988-07-19,,,,314.76552985886605,,658662.5507854474,788317000.0
1988-07-20,,,,322.91240239638967,,1351732.8467611792,788317000.0
1988-07-21,,,,325.8749015009436,,1066640.1008988214,789429000.0
1988-07-22,,,,331.05927493391323,,3072120.106275408,789429000.0
1988-07-25,,,,328.0967758293592,,1474617.6510121955,789429000.0
1988-07-26,,,,326.6155262770821,,1228848.0425101628,789429000.0
1988-07-27,,,,322.91240239638967,,1189524.9051498375,789429000.0
1988-07-28,,,,319.20927851569706,,2580580.889271342,789429000.0
1988-07-29,,,,322.91240239638967,,716418.4087834249,789429000.0
1988-08-01,,,,324.3936519486666,,1720387.259514228,789429000.0
1988-08-02,,,,319.94990329183554,,929009.1201376832,789429000.0
1988-08-03,,,,318.4686537395586,,2211926.476518293,789429000.0
1988-08-04,,,,322.1717776202511,,1228848.0425101628,789429000.0
1988-08-05,,,,323.6530271725281,,1351732.8467611792,789429000.0
1988-08-08,,,,321.43115284411255,,1351732.8467611792,789429000.0
1988-08-09,,,,318.4686537395586,,1228848.0425101628,789429000.0
1988-08-10,,,,313.284280306589,,4546737.757287603,789429000.0
1988-08-11,,,,313.284280306589,,2948006.453981881,789429000.0
1988-08-12,,,,316.9874041872815,,1000282.3066032726,789429000.0
1988-08-15,,,,314.76552985886605,,1351732.8467611792,789429000.0
1988-08-16,,,,312.54365553045045,,1352961.6948036894,789429000.0
1988-08-17,,,,314.76552985886605,,1199355.689489919,789429000.0
1988-08-18,,,,317.72802896342006,,453444.9276862501,789429000.0
1988-08-19,,,,331.7998997100517,,6390009.821052847,789429000.0
1988-08-22,,,,331.05927493391323,,1105963.2382591465,789429000.0
1988-08-23,,,,329.57802538163617,,1720387.259514228,789429000.0
1988-08-24,,,,332.54052448619024,,1843272.0637652443,789429000.0
1988-08-25,,,,325.1342767248051,,1351732.8467611792,789429000.0
1988-08-26,,,,324.3936519486666,,1351732.8467611792,789429000.0
1988-08-29,,,,,,,
1988-08-30,,,,321.43115284411255,,1966156.868016261,789429000.0
1988-08-31,,,,314.0249050827275,,1597502.4552632116,789429000.0
1988-09-01,,,,305.87803254520384,,1720387.259514228,789429000.0
1988-09-02,,,,311.06240597817344,,1351732.8467611792,789429000.0
1988-09-05,,,,311.06240597817344,,1694581.4506215146,789429000.0
1988-09-06,,,,306.6186573213424,,1474617.6510121955,789429000.0
1988-09-07,,,,309.5811564258964,,1351732.8467611792,789429000.0
1988-09-08,,,,308.0999068736194,,1059267.0126437603,789429000.0
1988-09-09,,,,305.87803254520384,,491539.2170040652,789429000.0
1988-09-12,,,,307.3592820974809,,1474617.6510121955,789429000.0
1988-09-13,,,,317.72802896342006,,3932313.736032522,789429000.0
1988-09-14,,,,319.20927851569706,,1966156.868016261,789429000.0
1988-09-15,,,,317.72802896342006,,2457696.0850203256,789429000.0
1988-09-16,,,,315.50615463500446,,1966156.868016261,789429000.0
1988-09-19,,,,311.8030307543119,,566498.947597185,789429000.0
1988-09-20,,,,311.06240597817344,,1161261.400172104,789429000.0
1988-09-21,,,,339.94677224757527,,18432720.63765244,789429000.0
1988-09-22,,,,328.0967758293592,,2089041.672267277,789429000.0
1988-09-23,,,,322.91240239638967,,2457696.0850203256,789429000.0
1988-09-26,,,,325.8749015009436,,1118251.7186842482,789429000.0
1988-09-27,,,,322.91240239638967,,931466.8162227036,789429000.0
1988-09-28,,,,324.3936519486666,,888457.1347348477,789429000.0
1988-09-29,,,,331.7998997100517,,2580580.889271342,789429000.0
1988-09-30,,,,334.7623988146058,,2089041.672267277,789429000.0
1988-10-03,,,,325.1342767248051,,3686544.1275304887,789429000.0
1988-10-04,,,,329.57802538163617,,1094903.605876555,789429000.0
1988-10-05,,,,327.72646344128987,,1239907.6748927543,789429000.0
1988-10-06,,,,327.35615105322063,,694299.144018242,789429000.0
1988-10-07,,,,328.8374006054977,,5652700.99554675,789429000.0
1988-10-10,,,,322.1717776202511,,1024859.267453476,789429000.0
1988-10-11,,,,320.69052806797407,,3809428.931781505,789429000.0
1988-10-12,,,,313.284280306589,,1597502.4552632116,789429000.0
1988-10-13,,,,314.76552985886605,,1474617.6510121955,789429000.0
1988-10-14,,,,314.0249050827275,,1474617.6510121955,789429000.0
1988-10-17,,,,320.69052806797407,,2089041.672267277,789429000.0
1988-10-18,,,,322.91240239638967,,1843272.0637652443,789429000.0
1988-10-19,,,,331.05927493391323,,2402397.9231073684,789429000.0
1988-10-20,,,,327.35615105322063,,1649114.0730486386,789429000.0
1988-10-21,,,,330.3186501577747,,1158803.7040870837,789429000.0
1988-10-24,,,,326.6155262770821,,784005.0511214839,789429000.0
1988-10-25,,,,322.91240239638967,,1474617.6510121955,789429000.0
1988-10-26,,,,324.3936519486666,,537006.5945769412,789429000.0
1988-10-27,,,,321.43115284411255,,600906.6927874696,789429000.0
1988-10-28,,,,325.1342767248051,,364967.8686255184,789429000.0
1988-10-31,,,,324.3936519486666,,764343.4824413212,789429000.0
1988-11-01,,,,325.8749015009436,,1855560.5441903456,789429000.0
1988-11-02,,,,320.69052806797407,,2334811.280769309,789429000.0
1988-11-03,,,,324.3936519486666,,1351732.8467611792,789429000.0
1988-11-04,,,,328.0967758293592,,1474617.6510121955,789429000.0
1988-11-07,,,,330.3186501577747,,909347.5514575206,789429000.0
1988-11-08,,,,336.98427314302126,,1966156.868016261,789429000.0
1988-11-09,,,,331.05927493391323,,1474617.6510121955,789429000.0
1988-11-10,,,,329.57802538163617,,1351732.8467611792,789429000.0
1988-11-11,,,,328.0967758293592,,2703465.6935223583,789429000.0
1988-11-14,,,,331.05927493391323,,1474617.6510121955,789429000.0
1988-11-15,,,,332.54052448619024,,626712.501680183,789429000.0
1988-11-16,,,,329.57802538163617,,1351732.8467611792,789429000.0
1988-11-17,,,,330.3186501577747,,2457696.0850203256,789429000.0
1988-11-18,,,,331.05927493391323,,492768.0650465753,789429000.0
1988-11-21,,,,329.57802538163617,,678324.1194656099,789429000.0
1988-11-22,,,,330.3186501577747,,562812.4034696546,789429000.0
1988-11-23,,,,329.57802538163617,,806124.3158866669,789429000.0
1988-11-24,,,,332.54052448619024,,1228848.0425101628,789429000.0
1988-11-25,,,,328.8374006054977,,1597502.4552632116,789429000.0
1988-11-28,,,,325.8749015009436,,799980.075674116,789429000.0
1988-11-29,,,,323.6530271725281,,1184609.512979797,789429000.0
1988-11-30,,,,322.1717776202511,,490310.368961555,789429000.0
1988-12-01,,,,320.69052806797407,,674637.5753380794,789429000.0
1988-12-02,,,,315.50615463500446,,2703465.6935223583,789429000.0
1988-12-05,,,,314.76552985886605,,1203042.2336174494,789429000.0
1988-12-06,,,,314.0249050827275,,1351732.8467611792,789429000.0
1988-12-07,,,,311.06240597817344,,1067868.9489413314,789429000.0
1988-12-08,,,,314.0249050827275,,1561865.862030417,789429000.0
1988-12-09,,,,307.3592820974809,,3133562.508400915,789429000.0
1988-12-12,,,,301.43428388837293,,1609790.9356883136,789429000.0
1988-12-13,,,,288.10303791787965,,4055198.5402835375,789429000.0
1988-12-14,,,,291.0655370224337,,2949235.302024391,789842000.0
1988-12-15,,,,296.9905352315418,,2580580.889271342,789842000.0
1988-12-16,,,,299.95303433609587,,3195004.9105264232,789842000.0
1988-12-19,,,,299.21240955995734,,2211926.476518293,789842000.0
1988-12-20,,,,300.69365911223434,,645145.2223178355,789842000.0
1988-12-21,,,,302.9155334406498,,1413175.2488866874,789842000.0
1988-12-22,,,,301.43428388837293,,704129.9283583234,789842000.0
1988-12-23,,,,304.39678299292683,,480479.5846214737,789842000.0
1988-12-26,,,,,,,
1988-12-27,,,,,,,
1988-12-28,,,,307.3592820974809,,700443.3842307929,789842000.0
1988-12-29,,,,309.5811564258964,,1966156.868016261,789842000.0
1988-12-30,,,,308.0999068736194,,478021.88853645336,789842000.0
1989-01-02,,,,,,,
1989-01-03,,,,311.8030307543119,,3686544.1275304887,789842000.0
1989-01-04,,,,318.4686537395586,,4669622.561538619,789842000.0
1989-01-05,,,,319.94990329183554,,2457696.0850203256,789842000.0
1989-01-06,,,,323.6530271725281,,1720387.259514228,789842000.0
1989-01-09,,,,332.54052448619024,,4294823.908573019,789842000.0
1989-01-10,,,,333.2811492623287,,2580580.889271342,789842000.0
1989-01-11,,,,329.57802538163617,,3317889.71477744,789842000.0
1989-01-12,,,,336.2436483668827,,2457696.0850203256,789842000.0
1989-01-13,,,,339.2061474714367,,2334811.280769309,789842000.0
1989-01-16,,,,343.6498961282678,,5284046.5827937005,789842000.0
1989-01-17,,,,345.1311456805448,,2089041.672267277,789842000.0
1989-01-18,,,,349.5748943373759,,1843272.0637652443,789842000.0
1989-01-19,,,,351.79676866579143,,2457696.0850203256,789842000.0
1989-01-20,,,,354.75926777034545,,2703465.6935223583,789842000.0
1989-01-23,,,,354.01864299420697,,1843272.0637652443,789842000.0
1989-01-24,,,,355.499892546484,,1843272.0637652443,789842000.0
1989-01-25,,,,357.72176687489946,,5161161.778542684,789842000.0
1989-01-26,,,,,,1351732.8467611792,789842000.0
1989-01-27,,,,364.3873898601461,,5161161.778542684,789842000.0
1989-01-30,,,,368.8311385169771,,6390009.821052847,789842000.0
1989-01-31,,,,369.5717632931156,,3563659.323279472,789842000.0
1989-02-01,,,,374.0155119499466,,3809428.931781505,789842000.0
1989-02-02,,,,379.1998853829162,,7864627.472065043,789842000.0
1989-02-03,,,,384.38425881588574,,3195004.9105264232,789842000.0
1989-02-06,,,,382.1623844874702,,1597502.4552632116,789842000.0
1989-02-07,,,,383.64363403974727,,1966156.868016261,789842000.0
1989-02-08,,,,388.8280074727168,,3686544.1275304887,789842000.0
1989-02-09,,,,388.0873826965783,,3563659.323279472,789842000.0
1989-02-10,,,,384.38425881588574,,1843272.0637652443,789842000.0
1989-02-13,,,,374.0155119499466,,3563659.323279472,789842000.0
1989-02-14,,,,381.4217597113317,,3563659.323279472,789842000.0
1989-02-15,,,,376.9780110545007,,3010677.704149899,789842000.0
1989-02-16,,,,379.1998853829162,,3809428.931781505,789842000.0
1989-02-17,,,,379.94051015905467,,1781829.661639736,789842000.0
1989-02-20,,,,382.1623844874702,,1161261.400172104,789842000.0
1989-02-21,,,,382.9030092636088,,1966156.868016261,789842000.0
1989-02-22,,,,390.30925702499377,,4792507.365789636,789842000.0
1989-02-23,,,,384.38425881588574,,2580580.889271342,789842000.0
1989-02-24,,,,386.6061331443013,,2826350.497773375,789842000.0
1989-02-27,,,,381.4217597113317,,4915392.170040651,789842000.0
1989-02-28,,,,378.45926060677766,,1351732.8467611792,789842000.0
1989-03-01,,,,382.1623844874702,,2334811.280769309,789842000.0
1989-03-02,,,,383.64363403974727,,1843272.0637652443,789842000.0
1989-03-03,,,,385.1248835920243,,2826350.497773375,789842000.0
1989-03-06,,,,392.53113135340936,,1351732.8467611792,789842000.0
1989-03-07,,,,397.7155047863789,,4669622.561538619,789842000.0
1989-03-08,,,,398.4561295625174,,1228848.0425101628,789842000.0
1989-03-09,,,,399.196754338656,,1179694.1208097562,789842000.0
1989-03-10,,,,401.41862866707146,,1474617.6510121955,789842000.0
1989-03-13,,,,402.15925344321,,764343.4824413212,789842000.0
1989-03-14,,,,400.678003890933,,913034.095585051,789842000.0
1989-03-15,,,,398.4561295625174,,963416.8653279676,789842000.0
1989-03-16,,,,391.7905065772708,,1474617.6510121955,789842000.0
1989-03-17,,,,386.6061331443013,,2334811.280769309,789842000.0
1989-03-20,,,,383.64363403974727,,1351732.8467611792,789842000.0
1989-03-21,,,,389.5686322488553,,1843272.0637652443,789842000.0
1989-03-22,,,,388.0873826965783,,1966156.868016261,789842000.0
1989-03-23,,,,386.6061331443013,,2703465.6935223583,789842000.0
1989-03-24,,,,,,,
1989-03-27,,,,,,,
1989-03-28,,,,388.8280074727168,,516116.1778542684,789842000.0
1989-03-29,,,,387.3467579204398,,1228848.0425101628,789842000.0
1989-03-30,,,,385.1248835920243,,1597502.4552632116,789842000.0
1989-03-31,,,,388.0873826965783,,2334811.280769309,789842000.0
1989-04-03,,,,385.8655083681628,,1720387.259514228,789842000.0
1989-04-04,,,,392.53113135340936,,2334811.280769309,789842000.0
1989-04-05,,,,396.2342552341019,,2211926.476518293,789842000.0
1989-04-06,,,,397.7155047863789,,3031568.120872572,789842000.0
1989-04-07,,,,394.7530056818249,,1120709.4147692686,789842000.0
1989-04-10,,,,388.8280074727168,,1966156.868016261,789842000.0
1989-04-11,,,,385.1248835920243,,1474617.6510121955,789842000.0
1989-04-12,,,,385.8655083681628,,625483.6536376729,789842000.0
1989-04-13,,,,385.1248835920243,,1351732.8467611792,789842000.0
1989-04-14,,,,388.0873826965783,,1966156.868016261,789842000.0
1989-04-17,,,,389.5686322488553,,1114565.1745567175,789842000.0
1989-04-18,,,,388.0873826965783,,1966156.868016261,789842000.0
1989-04-19,,,,391.7905065772708,,2826350.497773375,789842000.0
1989-04-20,,,,385.8655083681628,,3072120.106275408,789842000.0
1989-04-21,,,,385.1248835920243,,699214.5361882827,789842000.0
1989-04-24,,,,381.4217597113317,,2580580.889271342,789842000.0
1989-04-25,,,,379.94051015905467,,1597502.4552632116,789842000.0
1989-04-26,,,,388.0873826965783,,2457696.0850203256,789842000.0
1989-04-27,,,,393.2717561295479,,2407313.3152774093,789842000.0
1989-04-28,,,,390.30925702499377,,814726.2521842379,789842000.0
1989-05-01,,,,,,,
1989-05-02,,,,391.0498818011324,,614424.0212550814,789842000.0
1989-05-03,,,,395.4936304579634,,1351732.8467611792,789842000.0
1989-05-04,,,,394.7530056818249,,666035.6390405082,789842000.0
1989-05-05,,,,397.7155047863789,,1150201.7677895124,789842000.0
1989-05-08,,,,398.4561295625174,,565270.0995546749,789929000.0
1989-05-09,,,,394.7530056818249,,1074013.1891538824,789929000.0
1989-05-10,,,,389.5686322488553,,964645.7133704778,789929000.0
1989-05-11,,,,387.3467579204398,,1720387.259514228,789929000.0
1989-05-12,,,,391.0498818011324,,1474617.6510121955,789929000.0
1989-05-15,,,,390.30925702499377,,695527.9920607522,789929000.0
1989-05-16,,,,389.5686322488553,,1597502.4552632116,789929000.0
1989-05-17,,,,391.0498818011324,,1351732.8467611792,789929000.0
1989-05-18,,,,389.5686322488553,,529633.5063218802,789929000.0
1989-05-19,,,,391.7905065772708,,2334811.280769309,789929000.0
1989-05-22,,,,385.8655083681628,,1966156.868016261,789929000.0
1989-05-23,,,,378.45926060677766,,2703465.6935223583,789929000.0
1989-05-24,,,,365.12801463628455,,6758664.233805896,789929000.0
1989-05-25,,,,369.5717632931156,,2334811.280769309,790395000.0
1989-05-26,,,,370.3123880692541,,621797.1095101425,790395000.0
1989-05-29,,,,,,,
1989-05-30,,,,369.5717632931156,,1597502.4552632116,790395000.0
1989-05-31,,,,368.09051374083856,,1843272.0637652443,790395000.0
1989-06-01,,,,368.8311385169771,,935153.360350234,790395000.0
1989-06-02,,,,369.5717632931156,,931466.8162227036,790395000.0
1989-06-05,,,,368.09051374083856,,895830.2229899088,790395000.0
1989-06-06,,,,369.5717632931156,,1474617.6510121955,790395000.0
1989-06-07,,,,369.5717632931156,,1091217.0617490248,790395000.0
1989-06-08,,,,374.7561367260851,,2703465.6935223583,790395000.0
1989-06-09,,,,371.7936376215312,,1228848.0425101628,790395000.0
1989-06-12,,,,368.09051374083856,,943755.2966478053,791765000.0
1989-06-13,,,,365.12801463628455,,2949235.302024391,791765000.0
1989-06-14,,,,366.6092641885616,,565270.0995546749,791765000.0
1989-06-15,,,,365.8686394124231,,1228848.0425101628,791765000.0
1989-06-16,,,,366.1508989000309,,628250.1961012173,791765000.0
1989-06-19,,,,365.3990490049591,,731142.8101062337,791765000.0
1989-06-20,,,,367.6545986901749,,924823.0247039114,791765000.0
1989-06-21,,,,366.9027487951029,,666986.2390207528,791765000.0
1989-06-22,,,,379.6841970113257,,3752554.157830007,791765000.0
1989-06-23,,,,375.92494753596606,,1452601.6094825834,791765000.0
1989-06-26,,,,375.1730976408942,,2342320.095290665,791765000.0
1989-06-27,,,,375.92494753596606,,1573651.743606132,791765000.0
1989-06-28,,,,373.6693978507503,,984137.5904244502,791765000.0
1989-06-29,,,,370.66199827046256,,1694701.8777296806,791765000.0
1989-06-30,,,,367.6545986901749,,2178902.414223875,791765000.0
1989-07-03,,,,364.6471991098871,,1177817.805022128,792171000.0
1989-07-04,,,,370.66199827046256,,1694701.8777296806,792171000.0
1989-07-05,,,,372.9175479556784,,4720955.230818396,792171000.0
1989-07-06,,,,371.4138481655345,,1815752.0118532293,792171000.0
1989-07-07,,,,375.1730976408942,,1573651.743606132,792171000.0
1989-07-10,,,,375.92494753596606,,784404.869120595,792171000.0
1989-07-11,,,,382.6915965916135,,2905203.2189651667,792171000.0
1989-07-12,,,,381.1878968014696,,1111240.2312541762,792171000.0
1989-07-13,,,,380.4360469063976,,1163291.7889273022,792171000.0
1989-07-14,,,,,,959927.5635997404,792171000.0
1989-07-17,,,,,,1105187.724547999,792171000.0
1989-07-18,,,,381.1878968014696,,531410.0888023784,792171000.0
1989-07-19,,,,383.4434464866854,,2402845.16235244,851590000.0
1989-07-20,,,,381.1878968014696,,1203238.3331880732,851590000.0
1989-07-21,,,,380.4360469063976,,1210501.341235486,851590000.0
1989-07-24,,,,379.6841970113257,,1331551.4753590347,851590000.0
1989-07-25,,,,385.6989961719012,,1694701.8777296806,851590000.0
1989-07-26,,,,389.45824564726087,,2178902.414223875,851590000.0
1989-07-27,,,,396.2248947029082,,3994654.426077104,851590000.0
1989-07-28,,,,396.97674459798026,,2584420.363537763,851590000.0
1989-07-31,,,,396.97674459798026,,1936802.145976778,851590000.0
1989-08-01,,,,397.72859449305207,,1331551.4753590347,851590000.0
1989-08-02,,,,398.48044438812406,,2511790.283063634,851590000.0
1989-08-03,,,,399.232294283196,,3362772.7259521806,851590000.0
1989-08-04,,,,405.24709344377146,,6052506.706177431,851590000.0
1989-08-07,,,,409.7581928142032,,953875.0568935632,966127000.0
1989-08-08,,,,417.2766917649224,,2299952.548347424,966127000.0
1989-08-09,,,,421.7877911353541,,1815752.0118532293,964642000.0
1989-08-10,,,,422.5396410304258,,1573651.743606132,964642000.0
1989-08-11,,,,424.0433408205697,,2905203.2189651667,964256000.0
1989-08-14,,,,417.2766917649224,,2542052.816594521,964256000.0
1989-08-15,,,,418.0285416599944,,1172975.799657186,964256000.0
1989-08-16,,,,419.5322414501381,,1573651.743606132,964256000.0
1989-08-17,,,,421.035941240282,,3268353.621335813,964256000.0
1989-08-18,,,,418.7803915550662,,1038610.1507800472,964256000.0
1989-08-21,,,,413.51744228956267,,1166923.2929510088,964256000.0
1989-08-22,,,,411.2618926043469,,1210501.341235486,964256000.0
1989-08-23,,,,409.7581928142032,,1573651.743606132,964256000.0
1989-08-24,,,,412.7655923944908,,1210501.341235486,964256000.0
1989-08-25,,,,420.2840913452101,,1452601.6094825834,964256000.0
1989-08-28,,,,,,,
1989-08-29,,,,418.7803915550662,,829193.4187463081,964256000.0
1989-08-30,,,,416.5248418698504,,2905203.2189651667,964256000.0
1989-08-31,,,,418.7803915550662,,3147303.487212264,964256000.0
1989-09-01,,,,429.3062900860733,,3873604.291953556,964256000.0
1989-09-04,,,,435.3210892466488,,2178902.414223875,964256000.0
1989-09-05,,,,441.33588840722416,,2057852.2801003263,964256000.0
1989-09-06,,,,435.3210892466488,,2114745.8431383944,964256000.0
1989-09-07,,,,441.33588840722416,,2057852.2801003263,964256000.0
1989-09-08,,,,442.0877383022961,,1210501.341235486,964256000.0
1989-09-11,,,,436.8247890367925,,622197.6893950399,964256000.0
1989-09-12,,,,432.313689666361,,1112450.7325954118,964256000.0
1989-09-13,,,,430.8099898762171,,573777.6357456205,964256000.0
1989-09-14,,,,425.54704061071374,,4478854.962571299,964256000.0
1989-09-15,,,,417.2766917649224,,3389403.755459361,964256000.0
1989-09-18,,,,418.0285416599944,,1815752.0118532293,964256000.0
1989-09-19,,,,417.2766917649224,,1694701.8777296806,964256000.0
1989-09-20,,,,426.2988905057856,,4599905.096694848,964256000.0
1989-09-21,,,,434.5692393515768,,3474138.849345845,964256000.0
1989-09-22,,,,432.313689666361,,1057978.172239815,964256000.0
1989-09-25,,,,426.2988905057856,,1936802.145976778,964256000.0
1989-09-26,,,,423.2914909254978,,2178902.414223875,964256000.0
1989-09-27,,,,418.0285416599944,,3026253.353088716,964256000.0
1989-09-28,,,,404.4952435486995,,2178902.414223875,964256000.0
1989-09-29,,,,409.0063429191311,,3752554.157830007,964256000.0
1989-10-02,,,,406.7507932339153,,2057852.2801003263,964256000.0
1989-10-03,,,,412.0137424994188,,1936802.145976778,964256000.0
1989-10-04,,,,411.2618926043469,,1066451.681628463,964256000.0
1989-10-05,,,,406.7507932339153,,1694701.8777296806,964256000.0
1989-10-06,,,,405.24709344377146,,1573651.743606132,964256000.0
1989-10-09,,,,402.2396938634837,,1936802.145976778,964256000.0
1989-10-10,,,,397.72859449305207,,1043452.1561449892,964256000.0
1989-10-11,,,,398.48044438812406,,1573651.743606132,964256000.0
1989-10-12,,,,397.72859449305207,,1331551.4753590347,964256000.0
1989-10-13,,,,396.2248947029082,,952664.5555523277,982475000.0
1989-10-16,,,,384.1952963817573,,7868258.71803066,982475000.0
1989-10-17,,,,378.180497221182,,1042241.6548037536,982475000.0
1989-10-18,,,,387.2026959620451,,1694701.8777296806,982475000.0
1989-10-19,,,,389.45824564726087,,1143923.7674675344,982475000.0
1989-10-20,,,,387.2026959620451,,3510453.8895829096,982475000.0
1989-10-23,,,,388.70639575218894,,497516.0512477848,982475000.0
1989-10-24,,,,378.180497221182,,2057852.2801003263,982475000.0
1989-10-25,,,,372.1656980606064,,3752554.157830007,982475000.0
1989-10-26,,,,364.6471991098871,,1815752.0118532293,982475000.0
1989-10-27,,,,361.6397995295994,,3026253.353088716,982475000.0
1989-10-30,,,,369.9101483753906,,2663102.950718069,982475000.0
1989-10-31,,,,378.9323471162538,,1148765.7728324763,982475000.0
1989-11-01,,,,387.95454585711695,,1573651.743606132,982475000.0
1989-11-02,,,,389.45824564726087,,1570020.2395824254,982475000.0
1989-11-03,,,,396.2248947029082,,4478854.962571299,982475000.0
1989-11-06,,,,396.97674459798026,,1513126.6765443578,982475000.0
1989-11-07,,,,402.9915437585556,,1815752.0118532293,982475000.0
1989-11-08,,,,409.0063429191311,,2421002.682470972,982475000.0
1989-11-09,,,,415.0211420797065,,2784153.0848416183,982475000.0
1989-11-10,,,,412.0137424994188,,3994654.426077104,982475000.0
1989-11-13,,,,415.0211420797065,,1815752.0118532293,982475000.0
1989-11-14,,,,412.0137424994188,,1331551.4753590347,982475000.0
1989-11-15,,,,408.2544930240592,,745668.8262010595,982475000.0
1989-11-16,,,,404.4952435486995,,866718.9603246081,982475000.0
1989-11-17,,,,402.9915437585556,,1133029.255396415,982475000.0
1989-11-20,,,,396.97674459798026,,951454.0542110922,982475000.0
1989-11-21,,,,394.7211949127644,,2057852.2801003263,982475000.0
1989-11-22,,,,393.21749512262056,,1204448.8345293088,982475000.0
1989-11-23,,,,397.72859449305207,,1694701.8777296806,982475000.0
1989-11-24,,,,396.97674459798026,,2057852.2801003263,982475000.0
1989-11-27,,,,396.2248947029082,,1694701.8777296806,982475000.0
1989-11-28,,,,396.97674459798026,,663354.7349970464,982475000.0
1989-11-29,,,,402.2396938634837,,1815752.0118532293,982475000.0
1989-11-30,,,,407.5026431289872,,965980.070305918,982475000.0
1989-12-01,,,,412.0137424994188,,1331551.4753590347,982475000.0
1989-12-04,,,,409.7581928142032,,1053136.166874873,982475000.0
1989-12-05,,,,409.0063429191311,,932086.0327513244,982475000.0
1989-12-06,,,,414.26929218463465,,1452601.6094825834,982475000.0
1989-12-07,,,,417.2766917649224,,3607293.996881749,982475000.0
1989-12-08,,,,429.3062900860733,,1694701.8777296806,982475000.0
1989-12-11,,,,433.06553956143296,,1573651.743606132,982475000.0
1989-12-12,,,,433.8173894565048,,1815752.0118532293,982475000.0
1989-12-13,,,,434.5692393515768,,1573651.743606132,982475000.0
1989-12-14,,,,432.313689666361,,1331551.4753590347,982475000.0
1989-12-15,,,,425.54704061071374,,1573651.743606132,982475000.0
1989-12-18,,,,426.2988905057856,,1815752.0118532293,982642000.0
1989-12-19,,,,421.035941240282,,1105187.724547999,982642000.0
1989-12-20,,,,427.0507404008574,,1815752.0118532293,982642000.0
1989-12-21,,,,426.2988905057856,,2299952.548347424,982642000.0
1989-12-22,,,,428.5544401910013,,268731.29775427794,982642000.0
1989-12-25,,,,,,,
1989-12-26,,,,,,,
1989-12-27,,,,432.313689666361,,693617.2685279336,982642000.0
1989-12-28,,,,430.8099898762171,,1689859.8723647387,982642000.0
1989-12-29,,,,436.8247890367925,,1078556.695040818,982642000.0
1990-01-01,,,,,,,
1990-01-02,,,,439.83218861708025,,1210501.341235486,982842000.0
1990-01-03,,,,448.1025374628716,,3268353.621335813,982842000.0
1990-01-04,,,,451.1099370431593,,1694701.8777296806,982842000.0
1990-01-05,,,,445.8469877776558,,2542052.816594521,982842000.0
1990-01-08,,,,442.0877383022961,,2421002.682470972,982842000.0
1990-01-09,,,,438.3284888269364,,1452601.6094825834,982842000.0
1990-01-10,,,,437.5766389318646,,1762489.952838868,984489000.0
1990-01-11,,,,445.8469877776558,,1815752.0118532293,984489000.0
1990-01-12,,,,442.0877383022961,,3147303.487212264,984489000.0
1990-01-15,,,,437.5766389318646,,1113661.2339366472,984489000.0
1990-01-16,,,,427.0507404008574,,2178902.414223875,984489000.0
1990-01-17,,,,429.3062900860733,,3026253.353088716,984489000.0
1990-01-18,,,,412.0137424994188,,5689356.303806785,984489000.0
1990-01-19,,,,409.0063429191311,,3268353.621335813,984489000.0
1990-01-22,,,,392.46564522754863,,2057852.2801003263,984489000.0
1990-01-23,,,,390.2100955423328,,2663102.950718069,984489000.0
1990-01-24,,,,389.45824564726087,,2421002.682470972,984489000.0
1990-01-25,,,,397.72859449305207,,3510453.8895829096,984489000.0
1990-01-26,,,,395.4730448078363,,1210501.341235486,984489000.0
1990-01-29,,,,394.7211949127644,,1210501.341235486,984489000.0
1990-01-30,,,,382.6915965916135,,4478854.962571299,984489000.0
1990-01-31,,,,384.1952963817573,,3510453.8895829096,984489000.0
1990-02-01,,,,381.9397466965415,,2542052.816594521,984489000.0
1990-02-02,,,,384.9471462768293,,1936802.145976778,984489000.0
1990-02-05,,,,387.2026959620451,,1573651.743606132,984489000.0
1990-02-06,,,,381.9397466965415,,1573651.743606132,984489000.0
1990-02-07,,,,380.4360469063976,,2166797.4008115204,984489000.0
1990-02-08,,,,381.9397466965415,,1129397.7513727087,984489000.0
1990-02-09,,,,380.4360469063976,,1210501.341235486,984489000.0
1990-02-12,,,,376.6767974310381,,1126976.7486902375,984489000.0
1990-02-13,,,,381.1878968014696,,953875.0568935632,984489000.0
1990-02-14,,,,387.2026959620451,,3147303.487212264,984489000.0
1990-02-15,,,,390.9619454374047,,1005926.614566689,984489000.0
1990-02-16,,,,395.4730448078363,,1295236.4351219705,984489000.0
1990-02-19,,,,396.97674459798026,,1134239.7567376506,984489000.0
1990-02-20,,,,393.9693450176924,,1331551.4753590347,984489000.0
1990-02-21,,,,391.7137953324767,,2542052.816594521,984489000.0
1990-02-22,,,,393.21749512262056,,1331551.4753590347,984489000.0
1990-02-23,,,,389.45824564726087,,1573651.743606132,984489000.0
1990-02-26,,,,390.9619454374047,,750510.8315660014,984489000.0
1990-02-27,,,,389.45824564726087,,1140292.263443828,984489000.0
1990-02-28,,,,384.9471462768293,,898191.9951967307,984489000.0
1990-03-01,,,,380.4360469063976,,525357.582096201,984489000.0
1990-03-02,,,,385.6989961719012,,1452601.6094825834,984489000.0
1990-03-05,,,,384.1952963817573,,892139.4884905533,984489000.0
1990-03-06,,,,389.45824564726087,,2057852.2801003263,984489000.0
1990-03-07,,,,397.72859449305207,,2299952.548347424,984489000.0
1990-03-08,,,,400.73599407333984,,1210501.341235486,984489000.0
1990-03-09,,,,402.2396938634837,,1573651.743606132,984489000.0
1990-03-12,,,,402.9915437585556,,1210501.341235486,984489000.0
1990-03-13,,,,403.7433936536276,,1210501.341235486,984489000.0
1990-03-14,,,,404.4952435486995,,1331551.4753590347,984489000.0
1990-03-15,,,,407.5026431289872,,907876.0059266146,984489000.0
1990-03-16,,,,413.51744228956267,,4478854.962571299,984489000.0
1990-03-19,,,,405.9989433388434,,2421002.682470972,984489000.0
1990-03-20,,,,409.7581928142032,,1153607.7781974182,984489000.0
1990-03-21,,,,405.9989433388434,,1331551.4753590347,984489000.0
1990-03-22,,,,404.4952435486995,,4236754.694324202,984489000.0
1990-03-23,,,,409.7581928142032,,1452601.6094825834,984489000.0
1990-03-26,,,,399.984144178268,,2079641.3042425653,984489000.0
1990-03-27,,,,398.48044438812406,,2784153.0848416183,984489000.0
1990-03-28,,,,399.984144178268,,1573651.743606132,984489000.0
1990-03-29,,,,400.73599407333984,,1139081.7621025925,984489000.0
1990-03-30,,,,399.984144178268,,888507.9844668468,984489000.0
1990-04-02,,,,399.232294283196,,1331551.4753590347,984489000.0
1990-04-03,,,,402.2396938634837,,1331551.4753590347,984489000.0
1990-04-04,,,,400.73599407333984,,742037.322177353,984489000.0
1990-04-05,,,,405.24709344377146,,1151186.7755149473,984489000.0
1990-04-06,,,,406.7507932339153,,1936802.145976778,984489000.0
1990-04-09,,,,412.7655923944908,,1815752.0118532293,984489000.0
1990-04-10,,,,416.5248418698504,,2663102.950718069,984489000.0
1990-04-11,,,,408.2544930240592,,2057852.2801003263,984489000.0
1990-04-12,,,,406.7507932339153,,601619.1665940366,984489000.0
1990-04-13,,,,,,,
1990-04-16,,,,,,,
1990-04-17,,,,405.9989433388434,,456359.0056457783,984489000.0
1990-04-18,,,,405.24709344377146,,802562.3892391273,984489000.0
1990-04-19,,,,402.2396938634837,,629460.6974424528,984489000.0
1990-04-20,,,,400.73599407333984,,351045.388958291,984489000.0
1990-04-23,,,,398.48044438812406,,842508.9334998984,984489000.0
1990-04-24,,,,387.95454585711695,,2421002.682470972,984489000.0
1990-04-25,,,,391.7137953324767,,1452601.6094825834,984626000.0
1990-04-26,,,,397.72859449305207,,2937886.755178525,984626000.0
1990-04-27,,,,388.70639575218894,,962348.5662822116,984626000.0
1990-04-30,,,,390.9619454374047,,681512.2551155788,984626000.0
1990-05-01,,,,391.7137953324767,,1210501.341235486,984626000.0
1990-05-02,,,,393.21749512262056,,698459.2738928755,984626000.0
1990-05-03,,,,392.46564522754863,,779562.8637556531,984626000.0
1990-05-04,,,,398.48044438812406,,1210501.341235486,984626000.0
1990-05-07,,,,,,,
1990-05-08,,,,405.24709344377146,,1452601.6094825834,984626000.0
1990-05-09,,,,402.2396938634837,,950243.5528698566,984626000.0
1990-05-10,,,,402.9915437585556,,692406.767186698,984626000.0
1990-05-11,,,,405.9989433388434,,2057852.2801003263,984626000.0
1990-05-14,,,,403.7433936536276,,1775805.4675924582,984626000.0
1990-05-15,,,,404.4952435486995,,648828.7189022206,984626000.0
1990-05-16,,,,405.24709344377146,,706932.783281524,984626000.0
1990-05-17,,,,412.0137424994188,,1815752.0118532293,984626000.0
1990-05-18,,,,413.51744228956267,,2905203.2189651667,984626000.0
1990-05-21,,,,412.0137424994188,,640355.2095135722,984626000.0
1990-05-22,,,,420.2840913452101,,3873604.291953556,984626000.0
1990-05-23,,,,417.2766917649224,,3147303.487212264,984626000.0
1990-05-24,,,,412.0137424994188,,1022873.6333439858,984626000.0
1990-05-25,,,,411.2618926043469,,1140292.263443828,984626000.0
1990-05-28,,,,,,,
1990-05-29,,,,413.51744228956267,,397044.4399252395,984626000.0
1990-05-30,,,,428.5544401910013,,2421002.682470972,984626000.0
1990-05-31,,,,427.0507404008574,,3510453.8895829096,984626000.0
1990-06-01,,,,433.06553956143296,,1815752.0118532293,984626000.0
1990-06-04,,,,432.313689666361,,1084609.2017469956,984626000.0
1990-06-05,,,,436.0729391417207,,3026253.353088716,984626000.0
1990-06-06,,,,437.5766389318646,,2663102.950718069,984626000.0
1990-06-07,,,,438.3284888269364,,3752554.157830007,984626000.0
1990-06-08,,,,436.0729391417207,,3540716.423113797,984626000.0
1990-06-11,,,,436.8247890367925,,802562.3892391273,984626000.0
1990-06-12,,,,437.5766389318646,,873981.968372021,984626000.0
1990-06-13,,,,440.5840385121523,,1936802.145976778,984626000.0
1990-06-14,,,,436.0729391417207,,2421002.682470972,984626000.0
1990-06-15,,,,432.313689666361,,2421002.682470972,984626000.0
1990-06-18,,,,424.7951907156417,,2178902.414223875,984626000.0
1990-06-19,,,,421.035941240282,,1331551.4753590347,984626000.0
1990-06-20,,,,423.2914909254978,,602829.6679352721,984626000.0
1990-06-21,,,,424.7951907156417,,1013189.622614102,984626000.0
1990-06-22,,,,424.7951907156417,,1070083.18565217,984626000.0
1990-06-25,,,,427.8025902959294,,1210501.341235486,984626000.0
1990-06-26,,,,432.313689666361,,1331551.4753590347,984626000.0
1990-06-27,,,,429.3062900860733,,1573651.743606132,984626000.0
1990-06-28,,,,427.8025902959294,,984137.5904244502,984626000.0
1990-06-29,431.561839771289,409.0063429191311,428.5544401910013,425.54704061071374,,1738279.9260141582,984626000.0
1990-07-02,433.06553956143296,423.2914909254978,428.5544401910013,425.54704061071374,,1301109.7876296449,985889000.0
1990-07-03,426.2988905057856,421.035941240282,423.2914909254978,424.0433408205697,,2729513.475300931,985889000.0
1990-07-04,419.5322414501381,402.9915437585556,419.5322414501381,406.7507932339153,,3693636.6365493936,985889000.0
1990-07-05,407.5026431289872,396.2248947029082,407.5026431289872,401.4878439684118,,1487525.7836785684,985889000.0
1990-07-06,409.7581928142032,398.48044438812406,402.2396938634837,406.7507932339153,,1693773.423200953,985889000.0
1990-07-09,411.2618926043469,404.4952435486995,409.0063429191311,409.7581928142032,,714607.3617849569,985889000.0
1990-07-10,411.2618926043469,404.4952435486995,405.9989433388434,408.2544930240592,,807561.7597784299,985889000.0
1990-07-11,412.7655923944908,405.9989433388434,405.9989433388434,411.2618926043469,,1492199.5293570787,985889000.0
1990-07-12,422.5396410304258,412.7655923944908,412.7655923944908,418.0285416599944,,2730312.406186146,986498000.0
1990-07-13,424.7951907156417,417.6526167124583,418.7803915550662,423.2914909254978,,1737954.3011533658,986498000.0
1990-07-16,432.313689666361,425.54704061071374,425.54704061071374,427.8025902959294,,2108439.1311505577,986498000.0
1990-07-17,432.313689666361,424.7951907156417,425.54704061071374,428.5544401910013,,2602657.776744817,986498000.0
1990-07-18,435.3210892466488,427.0507404008574,430.0581399811453,428.5544401910013,,2471613.743548028,986498000.0
1990-07-19,428.5544401910013,423.2914909254978,428.5544401910013,424.7951907156417,,1455032.2961757842,986498000.0
1990-07-20,430.8099898762171,422.5396410304258,424.7951907156417,425.54704061071374,,703797.584807724,986498000.0
1990-07-23,427.8025902959294,412.0137424994188,421.7877911353541,417.2766917649224,,2641347.820613385,986498000.0
1990-07-24,424.0433408205697,415.7729919747785,415.7729919747785,421.7877911353541,,563556.162420228,986498000.0
1990-07-25,427.8025902959294,419.5322414501381,424.0433408205697,425.54704061071374,,518264.04423656105,986498000.0
1990-07-26,431.561839771289,422.5396410304258,427.0507404008574,424.7951907156417,,1679106.9889505438,986498000.0
1990-07-27,420.2840913452101,413.51744228956267,418.7803915550662,418.0285416599944,,2390544.047722805,986508000.0
1990-07-30,418.7803915550662,412.0137424994188,417.2766917649224,412.7655923944908,,834087.4756689231,986508000.0
1990-07-31,424.7951907156417,413.51744228956267,413.51744228956267,420.2840913452101,,1973605.0182543604,986508000.0
1990-08-01,423.2914909254978,417.2766917649224,418.7803915550662,418.7803915550662,,984614.527952897,986508000.0
1990-08-02,424.0433408205697,415.7729919747785,422.5396410304258,417.2766917649224,,2076157.4813824887,986508000.0
1990-08-03,420.2840913452101,413.51744228956267,414.26929218463465,415.7729919747785,,1413737.2534208768,986508000.0
1990-08-06,413.51744228956267,387.95454585711695,413.51744228956267,390.9619454374047,,4647417.27433834,986508000.0
1990-08-07,398.48044438812406,387.2026959620451,389.45824564726087,391.7137953324767,,2375266.310295072,986508000.0
1990-08-08,393.9693450176924,382.6915965916135,392.46564522754863,387.95454585711695,,1592225.6761860494,986508000.0
1990-08-09,396.97674459798026,391.7137953324767,391.7137953324767,394.7211949127644,,1604595.7893921346,986508000.0
1990-08-10,399.232294283196,391.7137953324767,394.7211949127644,396.97674459798026,,1250047.2095523083,986508000.0
1990-08-13,399.984144178268,393.21749512262056,398.48044438812406,396.97674459798026,,1136497.3417390548,986508000.0
1990-08-14,402.9915437585556,396.97674459798026,396.97674459798026,399.984144178268,,492928.2511645024,986508000.0
1990-08-15,401.4878439684118,392.46564522754863,400.73599407333984,398.48044438812406,,571090.3227680777,986508000.0
1990-08-16,399.984144178268,394.7211949127644,396.2248947029082,396.97674459798026,,1235062.4134491542,986508000.0
1990-08-17,396.2248947029082,379.6841970113257,393.21749512262056,381.9397466965415,,3160259.4830675074,986508000.0
1990-08-20,383.4434464866854,368.4064485852468,383.4434464866854,374.4212477458222,,1722812.139875851,986508000.0
1990-08-21,375.92494753596606,357.8805500542397,373.6693978507503,362.3916494246713,,1118394.294180878,986508000.0
1990-08-22,367.6545986901749,350.36205110352034,363.8953492148152,352.61760078873624,,2129898.89892798,986508000.0
1990-08-23,345.8509517330888,336.82875299222565,345.8509517330888,340.5880024675852,,3358715.1254563592,986508000.0
1990-08-24,347.3546515232327,339.8361525725134,343.59540204787305,345.8509517330888,,810390.7014128972,986508000.0
1990-08-27,,,,,,,
1990-08-28,358.6323999493116,349.6102012084484,354.873150473952,357.1287001591678,,1078238.3331880732,986508000.0
1990-08-29,354.873150473952,345.8509517330888,354.873150473952,350.36205110352034,,2072567.134404385,986508000.0
1990-08-30,358.6323999493116,351.8657508936642,352.61760078873624,354.873150473952,,1851737.7957254776,986508000.0
1990-08-31,355.62500036902395,349.6102012084484,351.8657508936642,353.36945068380805,,1023230.7312396504,986508000.0
1990-09-03,357.1287001591678,352.61760078873624,354.873150473952,355.62500036902395,,1061158.1592632406,986508000.0
1990-09-04,355.62500036902395,342.09170225772914,354.873150473952,345.09910183801685,,1729477.1602606936,986508000.0
1990-09-05,353.36945068380805,344.72317689048094,344.72317689048094,351.8657508936642,,986926.5855146569,986508000.0
1990-09-06,353.36945068380805,336.82875299222565,353.36945068380805,339.0843026774414,,1914440.5547001348,986508000.0
1990-09-07,339.8361525725134,334.5732033070098,339.8361525725134,336.82875299222565,,568962.2614101857,986508000.0
1990-09-10,343.59540204787305,338.3324527823695,340.5880024675852,342.09170225772914,,328832.6893466198,986508000.0
1990-09-11,343.59540204787305,335.3250532020818,340.11809628316524,337.5806028872976,,2053165.218907063,986508000.0
1990-09-12,342.09170225772914,334.5732033070098,336.82875299222565,336.82875299222565,,1856284.4387631584,986508000.0
1990-09-13,345.09910183801685,327.0547043562905,336.0769030971537,330.81395383165017,,4698615.428565895,986508000.0
1990-09-14,330.81395383165017,321.791755090787,330.0621039365782,324.0473047760028,,2097997.34658106,986508000.0
1990-09-17,324.7991546710747,312.76955634992373,323.2954548809309,319.5362054055712,,3142750.791667877,986508000.0
1990-09-18,319.5362054055712,312.01770645485186,318.03250561542734,315.7769559302115,,913214.3168414632,986508000.0
1990-09-19,318.78435551049927,310.51400666470795,317.28065572035536,315.7769559302115,,1426770.7213619594,986508000.0
1990-09-20,316.5288058252834,302.9955077139886,316.5288058252834,307.50660708442024,,1916224.833677116,986508000.0
1990-09-21,309.7621567696361,296.2288586583413,306.0029072942765,306.0029072942765,,2130222.10278609,986508000.0
1990-09-24,302.9955077139886,295.47700876326934,295.47700876326934,296.98070855341325,,1960990.3837773453,986508000.0
1990-09-25,303.7473576090606,295.47700876326934,295.47700876326934,302.24365781891674,,1933866.6802242813,986508000.0
1990-09-26,311.2658565597799,302.9955077139886,303.37143266152464,307.50660708442024,,2303846.7311621783,986508000.0
1990-09-27,315.02510603513963,306.0029072942765,308.25845697949217,308.25845697949217,,1677156.8712898134,986561000.0
1990-09-28,309.7621567696361,299.98810813370096,307.1306821368843,302.9955077139886,,1935700.5897562536,986561000.0
1990-10-01,308.25845697949217,300.7399580287729,304.4992075041326,303.7473576090606,,1134583.5391185614,986561000.0
1990-10-02,313.5214062449958,303.7473576090606,303.7473576090606,309.0103068745641,,1201986.6748012358,986561000.0
1990-10-03,321.791755090787,303.7473576090606,309.7621567696361,321.791755090787,,2331106.01086546,986561000.0
1990-10-04,324.7991546710747,316.5288058252834,321.03990519571505,318.78435551049927,,745239.0982249209,986561000.0
1990-10-05,332.317653621794,312.01770645485186,312.01770645485186,315.7769559302115,,699164.9961748158,986561000.0
1990-10-08,342.09170225772914,318.03250561542734,338.3324527823695,321.03990519571505,,3702176.72351181,986561000.0
1990-10-09,315.7769559302115,298.48440834355705,315.7769559302115,301.4918079238448,,2697034.5138142416,986561000.0
1990-10-10,313.5214062449958,296.98070855341325,301.1158829763088,302.9955077139886,,3944025.20747993,986561000.0
1990-10-11,303.7473576090606,296.98070855341325,302.9955077139886,301.4918079238448,,2720071.564839294,986561000.0
1990-10-12,320.28805530064307,300.7399580287729,302.9955077139886,314.2732561400676,,2978002.769627069,986561000.0
1990-10-15,322.5436049858589,312.01770645485186,312.76955634992373,316.5288058252834,,1813212.3800393173,986561000.0
1990-10-16,323.2954548809309,313.5214062449958,319.5362054055712,315.7769559302115,,1387568.6354260482,986561000.0
1990-10-17,316.5288058252834,306.7547571893483,316.5288058252834,310.51400666470795,,1313241.4320715067,986561000.0
1990-10-18,315.02510603513963,306.7547571893483,309.7621567696361,312.01770645485186,,388532.19449367153,986561000.0
1990-10-19,313.5214062449958,308.25845697949217,309.0103068745641,312.01770645485186,,718769.0653961245,986561000.0
1990-10-22,321.03990519571505,309.7621567696361,317.28065572035536,318.78435551049927,,1346665.795105701,986561000.0
1990-10-23,328.5584041464343,318.78435551049927,318.78435551049927,325.5510045661466,,1443152.4360128993,986561000.0
1990-10-24,325.5510045661466,315.7769559302115,322.3556425120909,318.78435551049927,,1237494.3106436962,986561000.0
1990-10-25,321.03990519571505,312.01770645485186,321.03990519571505,315.02510603513963,,1457350.4062442502,986561000.0
1990-10-26,317.28065572035536,312.01770645485186,314.64918108760367,315.02510603513963,,1044564.6068775844,986561000.0
1990-10-29,317.28065572035536,310.51400666470795,316.5288058252834,314.2732561400676,,2047698.5948500435,986561000.0
1990-10-30,315.7769559302115,306.7547571893483,313.8973311925317,309.0103068745641,,4241487.754568432,986561000.0
1990-10-31,315.02510603513963,305.25105739920446,307.31864461065226,309.7621567696361,,2800808.3727956773,986561000.0
1990-11-01,311.2658565597799,302.9955077139886,307.88253203195626,305.25105739920446,,1648533.3565749591,986561000.0
1990-11-02,306.0029072942765,298.48440834355705,299.236258238629,302.24365781891674,,2533628.937760863,986561000.0
1990-11-05,308.25845697949217,300.7399580287729,302.24365781891674,306.7547571893483,,829442.7820226025,986561000.0
1990-11-06,311.2658565597799,304.4992075041326,305.25105739920446,309.7621567696361,,672185.3422813592,986561000.0
1990-11-07,311.2658565597799,306.0029072942765,309.7621567696361,308.25845697949217,,1677758.4904564074,986561000.0
1990-11-08,309.95011924340406,302.24365781891674,308.25845697949217,305.25105739920446,,1318117.3314740034,986561000.0
1990-11-09,313.5214062449958,304.3112450303645,306.0029072942765,312.01770645485186,,1024442.443082227,986561000.0
1990-11-12,319.5362054055712,312.01770645485186,312.01770645485186,318.03250561542734,,2591109.59394943,986561000.0
1990-11-13,321.791755090787,312.76955634992373,316.34084335151545,315.7769559302115,,2420626.216553848,986561000.0
1990-11-14,317.28065572035536,310.51400666470795,314.2732561400676,315.02510603513963,,1049720.1320899064,986561000.0
1990-11-15,318.78435551049927,313.5214062449958,317.28065572035536,315.7769559302115,,1943012.017857316,986561000.0
1990-11-16,315.7769559302115,307.31864461065226,315.02510603513963,311.2658565597799,,3971038.755410941,986561000.0
1990-11-19,325.5510045661466,312.01770645485186,312.01770645485186,322.5436049858589,,2988364.661108045,986561000.0
1990-11-20,330.0621039365782,321.791755090787,322.5436049858589,328.5584041464343,,1508179.3575627282,986561000.0
1990-11-21,337.5806028872976,324.7991546710747,329.3102540415063,334.5732033070098,,1415797.5267036597,986561000.0
1990-11-22,339.8361525725134,331.5658037267221,334.5732033070098,333.82135341193793,,1892225.434085781,986561000.0
1990-11-23,345.09910183801685,331.5658037267221,335.3250532020818,342.84355215280107,,2283564.781189778,986561000.0
1990-11-26,349.6102012084484,335.3250532020818,345.8509517330888,336.82875299222565,,1835065.5607526407,986561000.0
1990-11-27,347.3546515232327,333.06950351686595,337.5806028872976,342.84355215280107,,2397926.895403,986561000.0
1990-11-28,344.34725194294487,327.99451672513044,344.34725194294487,332.317653621794,,5008900.816362104,986561000.0
1990-11-29,332.69357856933,315.7769559302115,332.69357856933,323.2954548809309,,2813939.8913454,986561000.0
1990-11-30,327.0547043562905,318.03250561542734,322.5436049858589,327.0547043562905,,1915738.2121379392,986561000.0
1990-12-03,336.0769030971537,329.3102540415063,330.0621039365782,332.317653621794,,2136887.1231709328,986561000.0
1990-12-04,333.82135341193793,325.5510045661466,333.06950351686595,327.8065542513625,,4150662.628434192,986561000.0
1990-12-05,330.81395383165017,323.2954548809309,330.81395383165017,328.5584041464343,,2627821.67862642,986561000.0
1990-12-06,345.09910183801685,328.1824791988983,330.0621039365782,339.8361525725134,,2446741.5724896626,986561000.0
1990-12-07,345.09910183801685,338.3324527823695,339.8361525725134,341.3398523626572,,1100825.0777141862,986561000.0
1990-12-10,343.59540204787305,333.06950351686595,342.09170225772914,337.5806028872976,,410379.3227002896,986561000.0
1990-12-11,339.8361525725134,331.5658037267221,336.0769030971537,334.5732033070098,,698473.7999089704,986561000.0
1990-12-12,336.82875299222565,330.81395383165017,336.0769030971537,333.06950351686595,,343011.2915565111,986561000.0
1990-12-13,337.5806028872976,330.81395383165017,333.06950351686595,335.3250532020818,,1718551.1751547025,986561000.0
1990-12-14,340.5880024675852,334.5732033070098,338.3324527823695,338.3324527823695,,1173917.5697006674,986561000.0
1990-12-17,343.59540204787305,336.82875299222565,339.8361525725134,339.0843026774414,,578187.4921317414,987288000.0
1990-12-18,343.59540204787305,336.82875299222565,337.9565278348335,340.5880024675852,,786720.5581863786,987288000.0
1990-12-19,345.8509517330888,339.0843026774414,339.0843026774414,343.59540204787305,,1571697.994441378,987288000.0
1990-12-20,342.84355215280107,335.3250532020818,342.09170225772914,340.5880024675852,,2038215.5273428045,987288000.0
1990-12-21,340.5880024675852,335.3250532020818,338.3324527823695,339.0843026774414,,1578870.2148881983,987288000.0
1990-12-24,338.3324527823695,334.5732033070098,338.3324527823695,336.82875299222565,,93910.694053049,987288000.0
1990-12-25,,,,,,,
1990-12-26,,,,,,,
1990-12-27,340.5880024675852,334.5732033070098,334.5732033070098,339.8361525725134,,527005.0744216224,987288000.0
1990-12-28,340.5880024675852,336.82875299222565,339.4602276249774,339.0843026774414,,383335.5122357476,987288000.0
1990-12-31,340.5880024675852,336.0769030971537,337.5806028872976,336.0769030971537,,738507.5002663103,987288000.0
1991-01-01,,,,,,,
1991-01-02,340.5880024675852,335.3250532020818,340.5880024675852,336.82875299222565,,250244.5212709296,987288000.0
1991-01-03,333.06950351686595,320.28805530064307,333.06950351686595,323.2954548809309,,3410073.0658609574,987288000.0
1991-01-04,324.7991546710747,316.5288058252834,322.167680038323,318.03250561542734,,1998218.1420257008,987288000.0
1991-01-07,320.28805530064307,314.2732561400676,316.5288058252834,317.28065572035536,,1652100.70402758,987288000.0
1991-01-08,318.78435551049927,312.01770645485186,316.0588996408635,315.7769559302115,,1391359.9256267976,987288000.0
1991-01-09,324.7991546710747,315.7769559302115,317.28065572035536,323.2954548809309,,721301.4342019891,987288000.0
1991-01-10,323.2954548809309,315.1190872720236,323.2954548809309,317.28065572035536,,636223.7684359355,987288000.0
1991-01-11,322.5436049858589,316.34084335151545,316.34084335151545,320.28805530064307,,527296.8052448602,987288000.0
1991-01-14,320.28805530064307,310.51400666470795,319.5362054055712,313.5214062449958,,1304129.9884760273,987288000.0
1991-01-15,315.7769559302115,304.4992075041326,312.76955634992373,308.25845697949217,,2165996.0489236224,987288000.0
1991-01-16,306.7547571893483,301.4918079238448,303.7473576090606,305.25105739920446,,1247823.518588459,987288000.0
1991-01-17,321.791755090787,304.12328255659656,304.12328255659656,318.78435551049927,,4385594.307738493,987288000.0
1991-01-18,323.2954548809309,317.28065572035536,321.03990519571505,321.03990519571505,,1933450.2677628968,987288000.0
1991-01-21,321.03990519571505,313.2394625343437,318.03250561542734,315.7769559302115,,2100977.600883182,987288000.0
1991-01-22,315.7769559302115,309.7621567696361,315.40103098267554,312.76955634992373,,1278711.8813127645,987288000.0
1991-01-23,314.2732561400676,308.25845697949217,310.51400666470795,310.51400666470795,,1997522.103754491,987288000.0
1991-01-24,321.03990519571505,309.1982693483321,309.1982693483321,319.5362054055712,,1261238.2944520304,987288000.0
1991-01-25,328.5584041464343,319.5362054055712,319.5362054055712,327.0547043562905,,1751234.7113680602,987288000.0
1991-01-28,333.06950351686595,324.7991546710747,330.0621039365782,332.317653621794,,1118178.824942138,987288000.0
1991-01-29,336.0769030971537,328.5584041464343,328.9343290939703,330.81395383165017,,1665987.5754142336,987288000.0
1991-01-30,338.3324527823695,328.5584041464343,330.0621039365782,336.0769030971537,,1578584.5365716666,987288000.0
1991-01-31,347.3546515232327,336.82875299222565,336.82875299222565,343.59540204787305,,2174159.6699689142,987288000.0
1991-02-01,354.873150473952,340.5880024675852,345.09910183801685,353.36945068380805,,1801411.2024636124,987288000.0
1991-02-04,360.1360997394555,351.8657508936642,355.62500036902395,357.8805500542397,,2413133.2132516005,987288000.0
1991-02-05,362.3916494246713,348.85835131337655,359.3842498443836,354.12130057888004,,4759398.332413353,987288000.0
1991-02-06,356.3768502640959,342.09170225772914,353.74537563134413,345.8509517330888,,3737449.522094071,987288000.0
1991-02-07,359.2902686074996,343.971326995409,343.971326995409,357.1287001591678,,2236818.850895287,987288000.0
1991-02-08,364.6471991098871,351.1139009985924,355.1550941846039,354.12130057888004,,1883868.1328258915,987288000.0
1991-02-11,366.1508989000309,354.873150473952,357.1287001591678,362.3916494246713,,1577970.8123916602,987288000.0
1991-02-12,368.4064485852468,355.62500036902395,361.0759121082954,360.8879496345274,,2702351.0357049475,987349000.0
1991-02-13,370.66199827046256,357.1287001591678,363.1434993197432,368.4064485852468,,1259382.5958959162,987349000.0
1991-02-14,379.6841970113257,367.2786737426388,369.1582984803188,372.1656980606064,,2084249.6828486489,987349000.0
1991-02-15,375.92494753596606,366.9027487951029,371.7897731130704,371.4138481655345,,1395021.692184035,987349000.0
1991-02-18,381.1878968014696,370.66199827046256,373.6693978507503,378.180497221182,,2854319.795086333,987349000.0
1991-02-19,384.9471462768293,369.9101483753906,378.180497221182,376.6767974310381,,2641427.713701907,987349000.0
1991-02-20,387.2026959620451,372.1656980606064,375.1730976408942,380.4360469063976,,3120217.3092007786,987349000.0
1991-02-21,387.2026959620451,375.92494753596606,381.1878968014696,382.6915965916135,,2647373.696290056,987349000.0
1991-02-22,384.9471462768293,379.6841970113257,382.6915965916135,383.4434464866854,,1912397.2284361287,987349000.0
1991-02-25,390.9619454374047,383.4434464866854,384.9471462768293,386.4508460669732,,2008714.3991555544,987349000.0
1991-02-26,390.9619454374047,381.9397466965415,386.8267710145092,388.70639575218894,,1803600.999389908,987349000.0
1991-02-27,393.9693450176924,383.4434464866854,387.95454585711695,391.7137953324767,,1967644.5096501168,987349000.0
1991-02-28,405.24709344377146,385.6989961719012,390.3980580161008,398.48044438812406,,2729753.154566495,987349000.0
1991-03-01,403.7433936536276,394.7211949127644,397.91655696682017,401.4878439684118,,2205011.7176529835,987349000.0
1991-03-04,405.24709344377146,396.97674459798026,402.9915437585556,399.232294283196,,1306202.3667722226,987349000.0
1991-03-05,405.9989433388434,394.7211949127644,398.48044438812406,404.4952435486995,,1673000.0096840109,987349000.0
1991-03-06,411.2618926043469,401.8637689159478,402.9915437585556,404.4952435486995,,1961100.5393993976,987473000.0
1991-03-07,408.2544930240592,399.984144178268,404.3072810749316,404.4952435486995,,1433204.535990626,987473000.0
1991-03-08,405.9989433388434,399.232294283196,403.3674687060916,402.2396938634837,,3012859.155747945,987473000.0
1991-03-11,411.2618926043469,402.2396938634837,405.24709344377146,404.4952435486995,,1629453.4344344055,987473000.0
1991-03-12,405.9989433388434,396.97674459798026,402.9915437585556,399.984144178268,,1059889.5538576257,987473000.0
1991-03-13,402.2396938634837,391.7137953324767,400.73599407333984,397.72859449305207,,1132517.2133290723,987473000.0
1991-03-14,405.9989433388434,395.4730448078363,396.97674459798026,403.7433936536276,,1973153.50125408,987473000.0
1991-03-15,413.51744228956267,402.2396938634837,404.4952435486995,410.5100427092749,,1845670.7630032047,987473000.0
1991-03-18,415.0211420797065,405.9989433388434,410.5100427092749,412.0137424994188,,1872391.3696096377,987473000.0
1991-03-19,414.26929218463465,403.7433936536276,410.040136524855,406.7507932339153,,3283626.5167581807,987473000.0
1991-03-20,409.7581928142032,399.984144178268,406.7507932339153,405.9989433388434,,2942428.5562108406,987473000.0
1991-03-21,413.51744228956267,401.4878439684118,402.6156188110196,411.2618926043469,,2043930.304174777,987473000.0
1991-03-22,412.0137424994188,396.97674459798026,411.2618926043469,402.2396938634837,,3688841.84073676,987473000.0
1991-03-25,401.4878439684118,395.4730448078363,400.73599407333984,399.984144178268,,1689238.885176685,987473000.0
1991-03-26,415.0211420797065,396.97674459798026,397.72859449305207,412.7655923944908,,3036777.4517494165,987473000.0
1991-03-27,418.7803915550662,408.2544930240592,412.0137424994188,414.26929218463465,,2210345.186562467,987473000.0
1991-03-28,423.2914909254978,411.2618926043469,412.7655923944908,421.035941240282,,1828398.1193651163,987473000.0
1991-03-29,,,,,,,
1991-04-01,,,,,,,
1991-04-02,430.0581399811453,408.2544930240592,408.2544930240592,419.5322414501381,,1430852.5318846055,987473000.0
1991-04-03,430.8099898762171,417.2766917649224,417.6526167124583,427.8025902959294,,2662816.0619001966,987473000.0
1991-04-04,433.8173894565048,424.7951907156417,428.5544401910013,429.3062900860733,,2216132.593474914,989300000.0
1991-04-05,431.561839771289,424.7951907156417,429.6822150336093,427.0507404008574,,1015746.2014467912,989300000.0
1991-04-08,427.8025902959294,418.7803915550662,427.8025902959294,421.035941240282,,1185925.7430057232,989300000.0
1991-04-09,424.0433408205697,415.3970670272424,419.5322414501381,419.5322414501381,,1614049.8048671838,989300000.0
1991-04-10,421.035941240282,414.26929218463465,418.0285416599944,418.7803915550662,,1157708.9567415242,989300000.0
1991-04-11,422.5396410304258,409.0063429191311,417.2766917649224,416.5248418698504,,1652886.319398042,989300000.0
1991-04-12,417.2766917649224,411.2618926043469,415.0211420797065,413.51744228956267,,1570157.026233985,989300000.0
1991-04-15,418.7803915550662,412.0137424994188,412.0137424994188,415.7729919747785,,989151.4869798477,989300000.0
1991-04-16,418.7803915550662,405.9989433388434,415.0211420797065,408.2544930240592,,1429543.97993473,989300000.0
1991-04-17,412.0137424994188,408.2544930240592,408.2544930240592,410.5100427092749,,1274759.5944336308,989300000.0
1991-04-18,417.2766917649224,405.9989433388434,408.2544930240592,409.0063429191311,,1707442.404346184,989300000.0
1991-04-19,410.5100427092749,403.7433936536276,405.9989433388434,408.2544930240592,,673446.6846789267,989385000.0
1991-04-22,409.7581928142032,404.4952435486995,408.2544930240592,408.2544930240592,,843892.5365329306,989385000.0
1991-04-23,413.51744228956267,402.2396938634837,406.7507932339153,412.0137424994188,,894085.9746472599,990129000.0
1991-04-24,415.7729919747785,409.7581928142032,412.7655923944908,412.7655923944908,,462458.7219042639,990129000.0
1991-04-25,419.5322414501381,406.7507932339153,412.7655923944908,409.0063429191311,,4016473.712752874,990129000.0
1991-04-26,422.5396410304258,406.7507932339153,407.5026431289872,413.51744228956267,,2487237.6843593544,990129000.0
1991-04-29,426.2988905057856,412.0137424994188,415.7729919747785,414.26929218463465,,1436170.2642766528,990129000.0
1991-04-30,416.5248418698504,404.4952435486995,411.2618926043469,409.0063429191311,,1853531.7587131888,990129000.0
1991-05-01,411.2618926043469,401.4878439684118,408.2544930240592,408.2544930240592,,2412693.801264732,990129000.0
1991-05-02,415.0211420797065,408.2544930240592,412.7655923944908,412.7655923944908,,1251908.9606151285,990129000.0
1991-05-03,416.5248418698504,409.7581928142032,410.5100427092749,414.26929218463465,,1137379.7972168154,990129000.0
1991-05-06,,,,,,,
1991-05-07,419.5322414501381,413.51744228956267,413.51744228956267,417.2766917649224,,479572.7898666512,990304000.0
1991-05-08,420.2840913452101,415.0211420797065,415.0211420797065,418.0285416599944,,1203303.7002605,990304000.0
1991-05-09,421.035941240282,416.5248418698504,416.5248418698504,419.5322414501381,,962290.4622178322,990304000.0
1991-05-10,422.5396410304258,413.51744228956267,419.5322414501381,415.7729919747785,,877405.266165035,990304000.0
1991-05-13,415.0211420797065,408.2544930240592,411.2618926043469,412.0137424994188,,2333723.1147652115,990304000.0
1991-05-14,414.26929218463465,401.4878439684118,410.5100427092749,403.7433936536276,,1737185.6328016813,990304000.0
1991-05-15,403.7433936536276,387.2026959620451,399.984144178268,392.46564522754863,,2832680.8731104075,990304000.0
1991-05-16,400.73599407333984,393.21749512262056,396.2248947029082,395.4730448078363,,2179458.034339502,990304000.0
1991-05-17,396.97674459798026,389.45824564726087,393.21749512262056,393.9693450176924,,1989111.5404355868,990304000.0
1991-05-20,398.48044438812406,390.9619454374047,397.72859449305207,396.2248947029082,,286517.19396105094,990304000.0
1991-05-21,398.48044438812406,393.21749512262056,395.4730448078363,396.97674459798026,,1089410.0500663356,990304000.0
1991-05-22,401.4878439684118,393.21749512262056,399.232294283196,395.4730448078363,,589205.4753396667,990304000.0
1991-05-23,396.97674459798026,388.70639575218894,393.21749512262056,393.21749512262056,,3227563.3576402003,990304000.0
1991-05-24,394.7211949127644,385.6989961719012,390.9619454374047,387.95454585711695,,3844985.6192440665,990304000.0
1991-05-27,,,,,,,
1991-05-28,390.9619454374047,383.4434464866854,385.6989961719012,390.2100955423328,,2234304.639609541,990304000.0
1991-05-29,396.97674459798026,388.70639575218894,388.9883394628409,394.7211949127644,,1134210.704705461,990304000.0
1991-05-30,393.9693450176924,387.2026959620451,390.9619454374047,390.9619454374047,,1080069.8217173626,990304000.0
1991-05-31,394.7211949127644,389.45824564726087,393.21749512262056,393.21749512262056,,1497099.6387864,990304000.0
1991-06-03,402.2396938634837,394.7211949127644,394.7211949127644,399.232294283196,,1188312.8516506397,990304000.0
1991-06-04,405.9989433388434,398.48044438812406,401.4878439684118,402.2396938634837,,1076354.7931011107,990304000.0
1991-06-05,409.7581928142032,399.984144178268,400.73599407333984,405.9989433388434,,807253.0819364148,990574000.0
1991-06-06,410.5100427092749,403.7433936536276,403.7433936536276,408.2544930240592,,960445.6581737892,990574000.0
1991-06-07,421.7877911353541,409.7581928142032,412.0137424994188,417.2766917649224,,2007098.379865005,990574000.0
1991-06-10,422.5396410304258,414.26929218463465,415.7729919747785,420.2840913452101,,349754.99452853395,990574000.0
1991-06-11,431.561839771289,418.7803915550662,418.7803915550662,430.0581399811453,,2403332.994392958,990574000.0
1991-06-12,431.561839771289,418.7803915550662,428.5544401910013,420.2840913452101,,2889569.5941431103,990574000.0
1991-06-13,422.5396410304258,411.2618926043469,418.0285416599944,415.0211420797065,,2839039.6366559174,990574000.0
1991-06-14,419.5322414501381,408.2544930240592,417.2766917649224,413.51744228956267,,2519115.0266794497,990574000.0
1991-06-17,418.7803915550662,413.51744228956267,415.0211420797065,417.2766917649224,,1667152.0777045025,990574000.0
1991-06-18,418.0285416599944,409.7581928142032,414.26929218463465,412.7655923944908,,1175540.851999264,990574000.0
1991-06-19,416.5248418698504,407.5026431289872,408.2544930240592,413.51744228956267,,1862323.629954582,990574000.0
1991-06-20,424.7951907156417,412.0137424994188,413.89336723709874,418.7803915550662,,1594099.5322622815,990574000.0
1991-06-21,424.7951907156417,415.5850295010105,421.035941240282,423.2914909254978,,703333.9627940308,990574000.0
1991-06-24,424.7951907156417,419.5322414501381,423.2914909254978,421.035941240282,,1175350.80328869,990574000.0
1991-06-25,423.2914909254978,418.7803915550662,420.2840913452101,421.7877911353541,,1701569.0518385095,990574000.0
1991-06-26,423.2914909254978,413.51744228956267,421.7877911353541,417.2766917649224,,2319439.1989386324,990574000.0
1991-06-27,421.035941240282,415.7729919747785,418.7803915550662,419.5322414501381,,1933561.6338862905,990574000.0
1991-06-28,421.7877911353541,412.0137424994188,418.7803915550662,414.26929218463465,,1743560.1328646273,990574000.0
1991-07-01,421.7877911353541,412.0137424994188,413.51744228956267,416.5248418698504,,1280254.0600214985,990574000.0
1991-07-02,422.5396410304258,414.26929218463465,416.5248418698504,421.035941240282,,1084439.7315592226,992200000.0
1991-07-03,430.0581399811453,418.0285416599944,419.5322414501381,426.2988905057856,,4138819.0833115447,992200000.0
1991-07-04,431.561839771289,423.2914909254978,430.0581399811453,429.3062900860733,,445307.1284002983,992200000.0
1991-07-05,433.8173894565048,418.7803915550662,427.0507404008574,432.313689666361,,2386837.492615942,992200000.0
1991-07-08,433.8173894565048,428.5544401910013,432.313689666361,430.8099898762171,,1856742.0082701447,992200000.0
1991-07-09,433.8173894565048,425.54704061071374,433.06553956143296,427.0507404008574,,1991723.802329973,992200000.0
1991-07-10,436.0729391417207,425.54704061071374,425.54704061071374,434.5692393515768,,5255240.260306208,992200000.0
1991-07-11,441.33588840722416,433.8173894565048,433.8173894565048,438.3284888269364,,2566210.7918615574,992200000.0
1991-07-12,439.0803387220084,434.5692393515768,438.3284888269364,436.8247890367925,,1538577.4672438337,992200000.0
1991-07-15,445.0951378825839,430.8099898762171,439.0803387220084,444.3432879875118,,1878659.345554555,992200000.0
1991-07-16,448.8543873579435,439.0803387220084,443.59143809244006,443.59143809244006,,1506244.976419434,992200000.0
1991-07-17,445.0951378825839,428.5544401910013,441.89977582852816,431.561839771289,,6996115.501195976,992200000.0
1991-07-18,430.0581399811453,422.5396410304258,428.5544401910013,427.8025902959294,,4771424.663238527,992200000.0
1991-07-19,431.561839771289,421.035941240282,427.8025902959294,422.5396410304258,,2197739.0255948403,992200000.0
1991-07-22,428.5544401910013,418.7803915550662,421.035941240282,427.0507404008574,,2150789.7310750224,992200000.0
1991-07-23,439.0803387220084,428.5544401910013,430.0581399811453,434.5692393515768,,2758923.815887588,992200000.0
1991-07-24,439.0803387220084,432.313689666361,434.5692393515768,436.8247890367925,,992102.6892497798,992200000.0
1991-07-25,441.33588840722416,434.5692393515768,434.5692393515768,439.83218861708025,,1404221.5023774246,992200000.0
1991-07-26,443.59143809244006,438.3284888269364,442.0877383022961,440.5840385121523,,1179051.305888847,992200000.0
1991-07-29,447.3506875677996,439.0803387220084,439.0803387220084,442.0877383022961,,1363775.0210627234,992200000.0
1991-07-30,450.73401209562337,443.59143809244006,443.59143809244006,445.8469877776558,,3440155.2346920003,992200000.0
1991-07-31,447.3506875677996,437.5766389318646,443.9673630399759,439.0803387220084,,2780108.7998605506,992200000.0
1991-08-01,441.33588840722416,434.5692393515768,441.33588840722416,438.3284888269364,,1123834.2872083902,992200000.0
1991-08-02,443.59143809244006,436.0729391417207,436.0729391417207,442.0877383022961,,770048.3232135421,992200000.0
1991-08-05,443.59143809244006,438.3284888269364,442.8395881973681,439.83218861708025,,393817.2433495057,992217000.0
1991-08-06,442.8395881973681,432.313689666361,441.33588840722416,436.0729391417207,,1112698.885370365,992217000.0
1991-08-07,441.33588840722416,436.0729391417207,441.33588840722416,438.3284888269364,,1072074.460358502,992217000.0
1991-08-08,446.5988376727277,438.3284888269364,439.83218861708025,440.5840385121523,,4605386.246767961,992217000.0
1991-08-09,443.59143809244006,432.313689666361,442.8395881973681,433.8173894565048,,1560769.588332704,992217000.0
1991-08-12,434.5692393515768,426.2988905057856,428.5544401910013,433.06553956143296,,250797.7203838742,992217000.0
1991-08-13,437.5766389318646,432.313689666361,432.313689666361,436.0729391417207,,1200042.6096472116,992217000.0
1991-08-14,443.59143809244006,434.5692393515768,435.3210892466488,441.33588840722416,,1513875.9768745825,992217000.0
1991-08-15,449.6062372530155,440.5840385121523,442.0877383022961,448.1025374628716,,1549208.090022564,992217000.0
1991-08-16,451.1099370431593,444.3432879875118,446.5988376727277,448.1025374628716,,1575632.1238003932,992217000.0
1991-08-19,441.33588840722416,427.0507404008574,428.5544401910013,432.313689666361,,4926908.718514861,992217000.0
1991-08-20,441.33588840722416,433.8173894565048,436.8247890367925,439.0803387220084,,1636985.1737795726,992217000.0
1991-08-21,452.6136368333033,441.33588840722416,443.59143809244006,447.3506875677996,,2072179.7739751893,992217000.0
1991-08-22,452.6136368333033,443.59143809244006,446.5988376727277,445.8469877776558,,1083717.062258505,992217000.0
1991-08-23,448.8543873579435,442.0877383022961,443.59143809244006,444.3432879875118,,840298.5580508023,992217000.0
1991-08-26,,,,,,,
1991-08-27,447.3506875677996,442.0877383022961,442.0877383022961,442.8395881973681,,969318.6330050456,992217000.0
1991-08-28,446.5988376727277,436.8247890367925,438.3284888269364,442.8395881973681,,2112637.149801962,992217000.0
1991-08-29,448.8543873579435,433.8173894565048,445.8469877776558,447.3506875677996,,1275811.5200991645,992217000.0
1991-08-30,450.3580871480874,439.83218861708025,445.18911911946776,447.3506875677996,,1072111.9859000803,992217000.0
1991-09-02,456.3728863086628,451.1099370431593,451.8617869382312,453.3654867283751,,2727556.094632153,992217000.0
1991-09-03,454.8691865185189,439.0803387220084,453.7414116759111,443.59143809244006,,3730044.885389733,992217000.0
1991-09-04,448.8543873579435,439.83218861708025,443.59143809244006,445.0951378825839,,1982562.728179503,992217000.0
1991-09-05,447.3506875677996,441.33588840722416,445.0951378825839,445.0951378825839,,1418728.1504507908,992217000.0
1991-09-06,451.1099370431593,443.59143809244006,443.59143809244006,448.1025374628716,,776626.1875018158,992301000.0
1991-09-09,449.6062372530155,439.83218861708025,446.5988376727277,443.59143809244006,,1182052.1387137698,992301000.0
1991-09-10,445.0951378825839,436.8247890367925,441.33588840722416,438.3284888269364,,1932841.3855882552,992301000.0
1991-09-11,439.83218861708025,428.5544401910013,439.83218861708025,430.8099898762171,,1609470.47829329,992301000.0
1991-09-12,432.313689666361,423.3854721623818,430.7160086393331,427.8025902959294,,4692306.295575376,992301000.0
1991-09-13,430.0581399811453,421.7877911353541,427.0507404008574,422.5396410304258,,4092346.726320173,992301000.0
1991-09-16,417.2766917649224,409.7581928142032,415.7729919747785,412.0137424994188,,3754120.5465655657,992301000.0
1991-09-17,415.0211420797065,402.9915437585556,414.26929218463465,405.9989433388434,,4432010.981668168,992301000.0
1991-09-18,409.0063429191311,399.232294283196,407.5026431289872,402.2396938634837,,3620793.507839207,992301000.0
1991-09-19,406.7507932339153,399.984144178268,405.24709344377146,405.24709344377146,,3621306.76040789,992301000.0
1991-09-20,416.5248418698504,403.7433936536276,408.2544930240592,414.26929218463465,,3544068.301327678,992301000.0
1991-09-23,413.51744228956267,402.2396938634837,410.5100427092749,403.7433936536276,,2738961.438269274,992301000.0
1991-09-24,408.0665305502912,399.984144178268,402.2396938634837,404.4952435486995,,1756298.2384784482,992301000.0
1991-09-25,412.7655923944908,402.2396938634837,406.7507932339153,410.5100427092749,,4623566.766411978,992301000.0
1991-09-26,422.5396410304258,409.7581928142032,412.7655923944908,418.7803915550662,,2821037.0607090634,992301000.0
1991-09-27,426.2988905057856,415.7729919747785,416.5248418698504,424.7951907156417,,1900207.479929888,992301000.0
1991-09-30,436.0729391417207,425.54704061071374,427.0507404008574,434.5692393515768,,1123755.60462121,992301000.0
1991-10-01,441.33588840722416,432.313689666361,439.83218861708025,435.3210892466488,,1279691.176897824,992301000.0
1991-10-02,446.5988376727277,426.2988905057856,436.0729391417207,432.313689666361,,933961.099328898,992301000.0
1991-10-03,430.0581399811453,423.2914909254978,429.3062900860733,427.8025902959294,,1224607.3133649032,992301000.0
1991-10-04,428.5544401910013,423.2914909254978,428.5544401910013,425.54704061071374,,348314.4979324637,992301000.0
1991-10-07,422.5396410304258,417.2766917649224,421.035941240282,420.2840913452101,,944491.2504963056,992301000.0
1991-10-08,418.7803915550662,415.0211420797065,416.5248418698504,417.2766917649224,,558827.9441813622,992301000.0
1991-10-09,424.0433408205697,416.5248418698504,420.2840913452101,420.2840913452101,,3015627.57231535,992301000.0
1991-10-10,421.035941240282,413.51744228956267,417.2766917649224,415.7729919747785,,1422211.9733108666,994842000.0
1991-10-11,421.035941240282,412.7655923944908,415.0211420797065,415.0211420797065,,2290599.004483697,994842000.0
1991-10-14,418.7803915550662,401.4878439684118,411.2618926043469,416.5248418698504,,456492.16079331416,994842000.0
1991-10-15,419.5322414501381,413.51744228956267,419.5322414501381,418.0285416599944,,2131523.3917279183,994842000.0
1991-10-16,424.7951907156417,415.7729919747785,415.7729919747785,419.5322414501381,,1206029.7492809622,994842000.0
1991-10-17,426.2988905057856,421.035941240282,424.7951907156417,423.2914909254978,,1589667.8868520188,994842000.0
1991-10-18,430.0581399811453,421.035941240282,424.7951907156417,426.2988905057856,,1744014.0708675906,994842000.0
1991-10-21,438.3284888269364,418.0285416599944,423.2914909254978,420.2840913452101,,874349.9607797565,994842000.0
1991-10-22,421.035941240282,412.7655923944908,421.035941240282,416.5248418698504,,2221732.372679469,994842000.0
1991-10-23,421.035941240282,416.5248418698504,418.7803915550662,418.7803915550662,,930396.1728789596,994842000.0
1991-10-24,419.5322414501381,411.2618926043469,419.5322414501381,413.51744228956267,,1282313.1228029402,994842000.0
1991-10-25,417.2766917649224,409.7581928142032,411.2618926043469,412.0137424994188,,940722.9598210396,994842000.0
1991-10-28,419.5322414501381,409.7581928142032,409.7581928142032,418.7803915550662,,630042.9485875871,994842000.0
1991-10-29,424.0433408205697,413.51744228956267,424.0433408205697,416.5248418698504,,764194.3387273274,994842000.0
1991-10-30,418.7803915550662,411.2618926043469,415.0211420797065,415.7729919747785,,1038812.3045040334,994842000.0
1991-10-31,420.2840913452101,410.5100427092749,415.7729919747785,414.26929218463465,,982532.465645972,994842000.0
1991-11-01,417.2766917649224,412.0137424994188,412.3896674469549,414.26929218463465,,998580.0819267308,994842000.0
1991-11-04,420.0961288714422,407.5026431289872,412.0137424994188,409.0063429191311,,1042849.3264770538,994842000.0
1991-11-05,417.2766917649224,408.2544930240592,409.7581928142032,413.51744228956267,,1541273.2537307653,996766000.0
1991-11-06,413.51744228956267,405.9989433388434,413.51744228956267,411.2618926043469,,1446960.673232426,996766000.0
1991-11-07,417.2766917649224,409.0063429191311,412.0137424994188,415.7729919747785,,681996.4556520729,996766000.0
1991-11-08,418.7803915550662,412.0137424994188,412.0137424994188,413.51744228956267,,629424.3824022157,996766000.0
1991-11-11,418.7803915550662,412.0137424994188,415.7729919747785,414.26929218463465,,233672.75790941576,996782000.0
1991-11-12,417.2766917649224,412.0137424994188,417.2766917649224,415.0211420797065,,1057104.190271443,996782000.0
1991-11-13,415.7729919747785,405.9989433388434,412.7655923944908,407.5026431289872,,1972239.5727414468,996782000.0
1991-11-14,409.7581928142032,402.9915437585556,408.2544930240592,404.4952435486995,,2586870.4182524234,996782000.0
1991-11-15,405.9989433388434,391.7137953324767,405.90496210195937,395.4730448078363,,2774348.0239776107,996782000.0
1991-11-18,397.72859449305207,383.4434464866854,387.2026959620451,394.7211949127644,,3008847.5543030906,996782000.0
1991-11-19,399.232294283196,388.70639575218894,398.48044438812406,390.9619454374047,,5464192.159824913,996782000.0
1991-11-20,395.4730448078363,389.45824564726087,390.9619454374047,391.7137953324767,,2878344.6152058337,996782000.0
1991-11-21,392.46564522754863,383.4434464866854,389.45824564726087,389.45824564726087,,3353474.865150151,996782000.0
1991-11-22,396.2248947029082,383.5374277235694,387.95454585711695,389.45824564726087,,2862796.9359790054,996782000.0
1991-11-25,394.7211949127644,385.6989961719012,386.4508460669732,393.21749512262056,,786485.7209261789,996782000.0
1991-11-26,398.48044438812406,393.9693450176924,394.7211949127644,396.97674459798026,,1361110.7076106642,996782000.0
1991-11-27,398.48044438812406,390.9619454374047,396.6008196504443,396.97674459798026,,2092893.8729264112,996782000.0
1991-11-28,399.232294283196,387.2026959620451,399.232294283196,390.9619454374047,,1267614.0050163176,996782000.0
1991-11-29,392.46564522754863,384.1952963817573,389.45824564726087,386.4508460669732,,2342817.6113419137,996782000.0
1991-12-02,384.1952963817573,378.180497221182,381.9397466965415,380.4360469063976,,1863576.498842761,996782000.0
1991-12-03,384.1952963817573,366.9027487951029,379.3082720637898,370.66199827046256,,2521249.140544048,996782000.0
1991-12-04,371.4138481655345,348.10650141830456,368.4064485852468,350.36205110352034,,8450684.175358066,996782000.0
1991-12-05,358.6323999493116,342.3736459683811,349.79816368221645,355.62500036902395,,2999521.851970212,996782000.0
1991-12-06,366.1508989000309,354.873150473952,354.873150473952,359.3842498443836,,2713767.27385414,996782000.0
1991-12-09,363.1434993197432,355.62500036902395,357.1287001591678,362.3916494246713,,3086249.4310643696,996782000.0
1991-12-10,366.7147863213349,355.62500036902395,363.1434993197432,357.8805500542397,,2737534.257187957,996782000.0
1991-12-11,360.1360997394555,350.36205110352034,357.1287001591678,351.8657508936642,,1835966.1737505207,996853000.0
1991-12-12,368.4064485852468,349.6102012084484,352.0537133674322,366.9027487951029,,1962255.3576789363,996853000.0
1991-12-13,378.9323471162538,370.66199827046256,371.4138481655345,375.92494753596606,,3263901.3974027485,996853000.0
1991-12-16,376.6767974310381,369.1582984803188,376.6767974310381,370.66199827046256,,1115644.035133591,997260000.0
1991-12-17,372.1656980606064,356.75277521163184,371.0379232179985,360.1360997394555,,2821643.5218810225,997260000.0
1991-12-18,358.6323999493116,354.685188000184,354.873150473952,357.1287001591678,,1378429.3502997202,997260000.0
1991-12-19,361.6397995295994,352.61760078873624,357.1287001591678,359.3842498443836,,2021977.862351472,997260000.0
1991-12-20,360.1360997394555,341.3398523626572,359.3842498443836,348.85835131337655,,3526266.668603469,997260000.0
1991-12-23,351.1139009985924,333.82135341193793,351.1139009985924,339.8361525725134,,7895801.255047791,997260000.0
1991-12-24,348.10650141830456,337.6745841241815,340.2120775200493,345.09910183801685,,1004736.6917482544,997260000.0
1991-12-25,,,,,,,
1991-12-26,,,,,,,
1991-12-27,349.6102012084484,345.8509517330888,346.6028016281607,348.10650141830456,,805203.7031657031,997260000.0
1991-12-30,348.10650141830456,340.5880024675852,348.10650141830456,342.09170225772914,,997702.4684543352,997260000.0
1991-12-31,355.62500036902395,341.3398523626572,341.3398523626572,354.873150473952,,1578376.330340974,997260000.0
1992-01-01,,,,,,,
1992-01-02,362.3916494246713,351.1139009985924,351.1139009985924,357.8805500542397,,1829027.5800625589,997260000.0
1992-01-03,369.9101483753906,357.8805500542397,360.5120246869915,368.4064485852468,,1238749.6005345574,997260000.0
1992-01-06,377.42864732611,371.4138481655345,371.4138481655345,373.6693978507503,,3210598.181342785,997260000.0
1992-01-07,377.42864732611,369.1582984803188,373.2934729032143,375.92494753596606,,1227039.2105594454,997260000.0
1992-01-08,375.1730976408942,361.6397995295994,374.7971726933581,369.9101483753906,,2584857.354521949,997260000.0
1992-01-09,373.6693978507503,366.9027487951029,368.4064485852468,371.4138481655345,,2363910.597212942,1000806000.0
1992-01-10,372.9175479556784,363.1434993197432,371.0379232179985,364.6471991098871,,1941581.205271976,1000806000.0
1992-01-13,369.1582984803188,360.8879496345274,361.6397995295994,366.1508989000309,,756070.664226296,1000806000.0
1992-01-14,375.92494753596606,365.3990490049591,366.1508989000309,374.4212477458222,,1327314.7206647105,1000806000.0
1992-01-15,384.9471462768293,373.6693978507503,373.6693978507503,380.4360469063976,,1258099.4644742068,1000806000.0
1992-01-16,396.2248947029082,377.42864732611,379.12030959002186,393.9693450176924,,3926730.774817698,1000806000.0
1992-01-17,418.7803915550662,392.65360770131656,393.21749512262056,404.4952435486995,,6128665.3980612615,1000806000.0
1992-01-20,403.7433936536276,397.72859449305207,399.984144178268,402.2396938634837,,1869166.5940365863,1000806000.0
1992-01-21,414.26929218463465,400.73599407333984,401.2998814946438,404.4952435486995,,3652088.599014168,1000806000.0
1992-01-22,414.0813297108666,393.0295326488526,405.24709344377146,395.4730448078363,,2113495.395252898,1000806000.0
1992-01-23,398.48044438812406,391.1499079111728,394.34526996522845,396.97674459798026,,969741.0979731366,1000806000.0
1992-01-24,396.41285717667625,382.6915965916135,396.41285717667625,390.2100955423328,,3939307.8837531353,1000806000.0
1992-01-27,402.2396938634837,387.95454585711695,392.46564522754863,396.97674459798026,,1164619.7088986374,1000806000.0
1992-01-28,405.24709344377146,396.2248947029082,396.97674459798026,399.984144178268,,2255531.9911294463,1000806000.0
1992-01-29,402.2396938634837,393.21749512262056,399.232294283196,400.73599407333984,,1015027.1636500974,1000806000.0
1992-01-30,399.60821923073183,390.9619454374047,399.60821923073183,393.21749512262056,,1571244.0564384146,1000806000.0
1992-01-31,403.7433936536276,392.46564522754863,392.46564522754863,396.97674459798026,,2480951.5508943186,1000806000.0
1992-02-03,398.48044438812406,388.70639575218894,394.7211949127644,390.9619454374047,,1289944.1232580887,1000806000.0
1992-02-04,394.7211949127644,385.6989961719012,390.5860204898688,393.21749512262056,,1078862.9518801507,1000806000.0
1992-02-05,396.2248947029082,389.45824564726087,391.7137953324767,392.46564522754863,,1215546.7108257555,1000806000.0
1992-02-06,394.7211949127644,388.70639575218894,392.0897202800126,390.9619454374047,,1380292.3118638815,1000816000.0
1992-02-07,392.46564522754863,385.6989961719012,389.8341705947968,387.95454585711695,,964670.3078547012,1000816000.0
1992-02-10,397.72859449305207,384.1952963817573,384.1952963817573,394.7211949127644,,883915.3423781994,1000816000.0
1992-02-11,398.48044438812406,393.21749512262056,393.9693450176924,394.7211949127644,,1252551.7368273244,1000816000.0
1992-02-12,395.4730448078363,389.45824564726087,393.9693450176924,393.21749512262056,,1151989.3379041865,1000816000.0
1992-02-13,396.2248947029082,390.2100955423328,393.21749512262056,392.46564522754863,,1187253.662977059,1000816000.0
1992-02-14,393.9693450176924,387.95454585711695,391.3378703849408,389.45824564726087,,1303331.057590812,1000816000.0
1992-02-17,399.984144178268,390.9619454374047,392.46564522754863,396.97674459798026,,1326065.4832805556,1000816000.0
1992-02-18,404.4952435486995,394.7211949127644,396.41285717667625,402.9915437585556,,1218120.2366772224,1000816000.0
1992-02-19,413.51744228956267,399.984144178268,403.7433936536276,402.2396938634837,,1864550.952422456,1000816000.0
1992-02-20,405.9989433388434,398.48044438812406,402.2396938634837,400.73599407333984,,1624773.636249189,1000816000.0
1992-02-21,403.7433936536276,398.48044438812406,399.232294283196,400.73599407333984,,598828.9610024889,1000816000.0
1992-02-24,409.7581928142032,399.984144178268,402.9915437585556,405.9989433388434,,1646851.9702119832,1000816000.0
1992-02-25,407.5026431289872,400.73599407333984,406.7507932339153,402.9915437585556,,1385275.945885748,1000816000.0
1992-02-26,409.7581928142032,401.8637689159478,402.9915437585556,408.2544930240592,,689249.779688756,1000816000.0
1992-02-27,417.2766917649224,399.232294283196,408.2544930240592,415.7729919747785,,2052704.017896052,1000816000.0
1992-02-28,418.7803915550662,399.984144178268,415.0211420797065,415.0211420797065,,1416460.8814386567,1000816000.0
1992-03-02,417.2766917649224,410.5100427092749,417.2766917649224,412.7655923944908,,1288628.3083001657,1000816000.0
1992-03-03,415.0211420797065,404.4952435486995,412.0137424994188,408.2544930240592,,2841901.261826598,1000816000.0
1992-03-04,408.2544930240592,402.2396938634837,407.5026431289872,407.5026431289872,,1452456.3493216352,1000816000.0
1992-03-05,415.7729919747785,399.984144178268,406.7507932339153,402.2396938634837,,1348509.3886484026,1000886000.0
1992-03-06,407.8785680765232,399.232294283196,402.2396938634837,405.24709344377146,,1896286.6660856265,1000886000.0
1992-03-09,412.0137424994188,400.73599407333984,402.9915437585556,409.7581928142032,,608658.2318933209,1000886000.0
1992-03-10,418.0285416599944,408.2544930240592,409.194305392899,415.7729919747785,,1210779.7565439704,1000886000.0
1992-03-11,417.2766917649224,402.9915437585556,413.51744228956267,405.24709344377146,,2490653.719144321,1000886000.0
1992-03-12,422.5396410304258,403.2734874692076,406.7507932339153,417.2766917649224,,3749581.1665359326,1000886000.0
1992-03-13,441.33588840722416,416.5248418698504,417.2766917649224,429.3062900860733,,6740250.6221976895,1000886000.0
1992-03-16,430.0581399811453,420.2840913452101,426.2988905057856,424.7951907156417,,1147544.3769791697,1000886000.0
1992-03-17,428.5544401910013,411.2618926043469,424.7951907156417,422.5396410304258,,2134056.9710351243,1000886000.0
1992-03-18,426.2988905057856,416.5248418698504,422.3516785566579,417.2766917649224,,1910730.368089248,1000886000.0
1992-03-19,424.0433408205697,408.2544930240592,417.2766917649224,421.035941240282,,1211153.801458412,1000886000.0
1992-03-20,430.8099898762171,415.7729919747785,422.5396410304258,427.0507404008574,,2765738.938438744,1000886000.0
1992-03-23,427.0507404008574,407.8785680765232,417.2766917649224,412.7655923944908,,1393483.144979325,1000886000.0
1992-03-24,418.7803915550662,409.7581928142032,411.7317987887668,415.0211420797065,,1502296.3210443235,1000886000.0
1992-03-25,427.0507404008574,409.0063429191311,414.6452171321705,413.51744228956267,,1720107.879879531,1000886000.0
1992-03-26,425.54704061071374,409.7581928142032,415.0211420797065,421.035941240282,,2753188.4605328143,1000886000.0
1992-03-27,427.8025902959294,418.0285416599944,420.6600162927461,424.0433408205697,,1445820.380968982,1000886000.0
1992-03-30,436.0729391417207,419.5322414501381,419.5322414501381,433.8173894565048,,1320849.4330011718,1000886000.0
1992-03-31,445.0951378825839,419.1563165026022,433.8173894565048,431.561839771289,,1988582.5513494671,1000886000.0
1992-04-01,437.5766389318646,418.7803915550662,432.313689666361,435.3210892466488,,2511517.920261856,1000886000.0
1992-04-02,441.33588840722416,427.0507404008574,434.9451642991127,433.06553956143296,,2190732.643831769,1000886000.0
1992-04-03,438.3284888269364,422.9155659779619,432.313689666361,426.2988905057856,,1914220.2434560296,1000893000.0
1992-04-06,433.8173894565048,419.5322414501381,424.7951907156417,428.5544401910013,,1273112.1021082092,1000893000.0
1992-04-07,436.0729391417207,427.0507404008574,430.8099898762171,431.561839771289,,802574.4942525397,1000893000.0
1992-04-08,431.561839771289,419.5322414501381,428.5544401910013,421.035941240282,,3278245.838296389,1000893000.0
1992-04-09,433.06553956143296,419.5322414501381,423.2914909254978,430.8099898762171,,3174580.9244356644,1000893000.0
1992-04-10,458.6284359938786,430.8099898762171,447.3506875677996,442.0877383022961,,8033912.195074713,1000893000.0
1992-04-13,446.88078138337977,437.5766389318646,443.59143809244006,442.0877383022961,,2653318.468376864,1000893000.0
1992-04-14,455.6210364135909,438.3284888269364,441.33588840722416,445.0951378825839,,2981982.898037052,1000893000.0
1992-04-15,452.6136368333033,445.8469877776558,447.3506875677996,450.3580871480874,,3062001.8786980817,1000893000.0
1992-04-16,456.3728863086628,442.8395881973681,451.1099370431593,447.3506875677996,,2569101.469064428,1000893000.0
1992-04-17,,,,,,,
1992-04-20,,,,,,,
1992-04-21,449.6062372530155,443.59143809244006,443.59143809244006,448.8543873579435,,2532606.06412752,1000893000.0
1992-04-22,450.3580871480874,446.5988376727277,449.51225601613146,448.8543873579435,,2797075.186659307,1000893000.0
1992-04-23,452.6136368333033,445.47106283011993,449.6062372530155,448.8543873579435,,1502682.470972178,1000893000.0
1992-04-24,453.3654867283751,443.59143809244006,448.47846241040753,451.1099370431593,,2682498.813708686,1000893000.0
1992-04-27,458.6284359938786,446.5988376727277,451.8617869382312,457.1247362037348,,970733.7090729496,1000893000.0
1992-04-28,461.6358355741664,451.8617869382312,460.1321357840226,460.1321357840226,,2904355.8680263017,1000893000.0
1992-04-29,481.1839328460366,458.6284359938786,460.8839856790945,477.424683370677,,3590112.1408442524,1000893000.0
1992-04-30,481.1839328460366,464.64323515445415,480.4320829509647,468.4024846298138,,2869538.217948345,1000893000.0
1992-05-01,471.40988421010144,463.89138525938216,466.14693494459794,469.15433452488566,,1393659.878175145,1000893000.0
1992-05-04,,,,,,,
1992-05-05,472.91358400024535,465.3950850495261,470.6580343150295,469.15433452488566,,2092286.201253111,1000893000.0
1992-05-06,487.1987320066119,466.14693494459794,466.8987848396699,485.6950322164682,,2845141.773917085,1000893000.0
1992-05-07,492.4616812721157,484.9431823213963,484.9431823213963,488.7024317967559,,2838728.53781122,1000893000.0
1992-05-08,503.73942969819456,487.1987320066119,490.2061315868997,500.73203011790696,,3497836.834103212,1000937000.0
1992-05-11,504.49127959326654,496.2209307474752,496.2209307474752,500.73203011790696,,1063611.845481925,1000937000.0
1992-05-12,502.2357299080506,489.45428169182793,489.45428169182793,492.4616812721157,,2345164.773442569,1000937000.0
1992-05-13,495.46908085240335,490.2061315868997,490.9579814819717,493.2135311671876,,2057423.7626255287,1000937000.0
1992-05-14,499.9801802228349,488.7024317967559,496.2209307474752,490.9579814819717,,2787399.649438812,1000937000.0
1992-05-15,490.9579814819717,478.9283831608208,490.9579814819717,484.9431823213963,,1145127.0058007224,1000942000.0
1992-05-18,486.4468821115402,481.1839328460366,486.4468821115402,484.9431823213963,,918086.584739936,1000942000.0
1992-05-19,484.9431823213963,475.9209835805332,484.9431823213963,478.9283831608208,,649003.0310953585,1000942000.0
1992-05-20,486.4468821115402,475.9209835805332,476.108946054301,484.1913324263243,,1544259.5605395932,1000942000.0
1992-05-21,486.4468821115402,478.1765332657488,484.9431823213963,481.9357827411085,,869869.8953158441,1000942000.0
1992-05-22,486.4468821115402,478.9283831608208,479.6802330558927,484.9431823213963,,832058.6754210124,1000942000.0
1992-05-25,,,,,,,
1992-05-26,492.4616812721157,483.4394825312524,483.4394825312524,487.950581901684,,1290302.4316550945,1000942000.0
1992-05-27,488.7024317967559,476.672833475605,484.1913324263243,478.9283831608208,,2123828.234701684,1000942000.0
1992-05-28,493.2135311671876,472.16173410517337,478.1765332657488,476.672833475605,,1418191.8983566237,1000942000.0
1992-05-29,478.9283831608208,463.13953536431023,475.9209835805332,464.64323515445415,,5455889.33112538,1000942000.0
1992-06-01,467.65063473474186,462.3876854692381,463.13953536431023,464.64323515445415,,1170683.110116886,1000942000.0
1992-06-02,467.65063473474186,458.6284359938786,464.64323515445415,465.3950850495261,,2502101.430328385,1000942000.0
1992-06-03,467.65063473474186,458.6284359938786,464.64323515445415,462.3876854692381,,2132058.4333207444,1000942000.0
1992-06-04,467.65063473474186,456.3728863086628,463.89138525938216,465.3950850495261,,1386269.7674869024,1000942000.0
1992-06-05,473.6654338953173,466.14693494459794,466.14693494459794,470.6580343150295,,2449738.7738105617,1000942000.0
1992-06-08,473.6654338953173,463.13953536431023,473.6654338953173,464.64323515445415,,1572219.7205194505,1000942000.0
1992-06-09,467.65063473474186,462.3876854692381,466.14693494459794,463.89138525938216,,1036914.2384009762,1000942000.0
1992-06-10,467.65063473474186,461.6358355741664,461.6358355741664,466.14693494459794,,1348471.8631068245,1000942000.0
1992-06-11,467.65063473474186,456.3728863086628,463.89138525938216,461.6358355741664,,2371368.495976293,1000942000.0
1992-06-12,463.89138525938216,456.3728863086628,463.89138525938216,460.1321357840226,,963384.7554303092,1000942000.0
1992-06-15,461.6358355741664,455.6210364135909,457.1247362037348,458.6284359938786,,511264.9254815375,1000942000.0
1992-06-16,469.9061844199575,457.1247362037348,460.1321357840226,468.4024846298138,,1116312.231873953,1000942000.0
1992-06-17,477.424683370677,464.64323515445415,464.64323515445415,473.6654338953173,,752063.9047868066,1000942000.0
1992-06-18,472.91358400024535,462.3876854692381,468.4024846298138,466.14693494459794,,2190767.748370665,1000942000.0
1992-06-19,469.9061844199575,457.1247362037348,469.9061844199575,458.6284359938786,,1964649.7293319,1000942000.0
1992-06-22,460.1321357840226,445.8469877776558,460.1321357840226,446.5988376727277,,1306554.622662522,1002405000.0
1992-06-23,451.1099370431593,442.0877383022961,448.8543873579435,446.5988376727277,,1841615.5835100664,1002405000.0
1992-06-24,449.6062372530155,436.0729391417207,444.3432879875118,439.0803387220084,,2191935.882164957,1002405000.0
1992-06-25,454.117336623447,441.33588840722416,442.8395881973681,451.8617869382312,,3629306.963772116,1002405000.0
1992-06-26,461.6358355741664,449.6062372530155,449.6062372530155,456.3728863086628,,1261325.4505485992,1002405000.0
1992-06-29,464.64323515445415,454.8691865185189,458.6284359938786,457.1247362037348,,859125.4854110379,1002405000.0
1992-06-30,469.9061844199575,456.3728863086628,458.6284359938786,469.9061844199575,,1860035.782419647,1002405000.0
1992-07-01,476.672833475605,449.6062372530155,469.9061844199575,452.6136368333033,,4636647.443905368,1003821000.0
1992-07-02,456.3728863086628,446.5988376727277,451.1099370431593,450.3580871480874,,3071768.2035191697,1002409000.0
1992-07-03,456.3728863086628,443.59143809244006,449.2303123054795,454.117336623447,,2893782.13881061,1002409000.0
1992-07-06,454.8691865185189,447.3506875677996,454.8691865185189,449.6062372530155,,1047088.5021740604,1002409000.0
1992-07-07,458.6284359938786,448.8543873579435,452.6136368333033,457.1247362037348,,2012171.5909861228,1002409000.0
1992-07-08,454.8691865185189,433.8173894565048,451.8617869382312,438.3284888269364,,4072527.187860124,1002409000.0
1992-07-09,442.0877383022961,433.06553956143296,441.33588840722416,436.0729391417207,,1166354.357320628,1002409000.0
1992-07-10,438.3284888269364,419.5322414501381,438.3284888269364,423.2914909254978,,1104237.480995129,1002409000.0
1992-07-13,422.5396410304258,396.97674459798026,417.2766917649224,415.7729919747785,,883796.7132467583,1002409000.0
1992-07-14,417.2766917649224,408.2544930240592,417.2766917649224,412.0137424994188,,872546.3137813157,1002409000.0
1992-07-15,415.0211420797065,408.2544930240592,412.7655923944908,411.2618926043469,,2762512.952364352,1002409000.0
1992-07-16,422.5396410304258,411.2618926043469,415.0211420797065,420.2840913452101,,2771511.819335096,1002409000.0
1992-07-17,422.5396410304258,405.9989433388434,417.2766917649224,407.5026431289872,,1693423.588313336,1002409000.0
1992-07-20,409.0063429191311,392.46564522754863,404.4952435486995,400.73599407333984,,3911743.557711862,1002409000.0
1992-07-21,412.7655923944908,395.4730448078363,405.24709344377146,411.2618926043469,,1229986.7813253538,1002409000.0
1992-07-22,412.7655923944908,405.9989433388434,409.7581928142032,411.2618926043469,,871487.1251077347,1002409000.0
1992-07-23,415.0211420797065,399.984144178268,413.51744228956267,408.2544930240592,,1858236.977426571,1002409000.0
1992-07-24,411.2618926043469,404.4952435486995,406.18690581261137,410.5100427092749,,1654204.5553586474,1002409000.0
1992-07-27,413.51744228956267,405.9989433388434,409.7581928142032,412.0137424994188,,4117169.266823548,1002418000.0
1992-07-28,415.0211420797065,408.2544930240592,410.5100427092749,414.26929218463465,,1393456.5139498175,1002418000.0
1992-07-29,421.035941240282,415.0211420797065,416.5248418698504,420.2840913452101,,1245764.4558070172,1002418000.0
1992-07-30,428.5544401910013,418.7803915550662,422.5396410304258,427.0507404008574,,1176340.9933858206,1002418000.0
1992-07-31,430.8099898762171,423.2914909254978,425.9229655582496,429.3062900860733,,843094.8161490563,1002418000.0
1992-08-03,443.59143809244006,427.0507404008574,427.0507404008574,442.0877383022961,,578655.9561507994,1002418000.0
1992-08-04,449.6062372530155,437.5766389318646,443.59143809244006,439.0803387220084,,1960264.082972604,1002418000.0
1992-08-05,444.3432879875118,424.9831531894097,440.5840385121523,427.0507404008574,,3227098.525125166,1002418000.0
1992-08-06,427.8025902959294,415.0211420797065,425.9229655582496,424.7951907156417,,1065237.548783204,1002418000.0
1992-08-07,421.035941240282,409.7581928142032,421.035941240282,417.2766917649224,,1717689.2981997426,1002418000.0
1992-08-10,420.2840913452101,410.5100427092749,413.51744228956267,413.51744228956267,,793969.0402176966,1002418000.0
1992-08-11,415.3970670272424,388.70639575218894,415.3970670272424,394.7211949127644,,3967257.1492209216,1002418000.0
1992-08-12,398.48044438812406,390.9619454374047,396.2248947029082,393.9693450176924,,1838009.500014526,1002418000.0
1992-08-13,392.46564522754863,379.6841970113257,391.7137953324767,393.21749512262056,,1592927.766963966,1002418000.0
1992-08-14,396.2248947029082,387.2026959620451,392.0897202800126,394.7211949127644,,1571229.53042232,1002418000.0
1992-08-17,397.72859449305207,391.7137953324767,396.2248947029082,395.4730448078363,,670449.4833580276,1002418000.0
1992-08-18,403.7433936536276,390.9619454374047,396.97674459798026,396.2248947029082,,2175941.527943213,1002418000.0
1992-08-19,405.24709344377146,397.72859449305207,397.72859449305207,400.73599407333984,,1201140.5343637122,1002418000.0
1992-08-20,403.7433936536276,396.2248947029082,396.2248947029082,399.232294283196,,1175180.122599576,1002418000.0
1992-08-21,400.73599407333984,396.2248947029082,397.72859449305207,398.48044438812406,,505875.7735103571,1002418000.0
1992-08-24,401.0179377839919,384.9471462768293,389.45824564726087,386.4508460669732,,2234924.416296253,1002418000.0
1992-08-25,387.95454585711695,372.9175479556784,385.1351087505973,378.180497221182,,1848652.2278066685,1002418000.0
1992-08-26,382.6915965916135,374.4212477458222,375.92494753596606,379.6841970113257,,1571115.7432962437,1002418000.0
1992-08-27,383.4434464866854,375.1730976408942,383.4434464866854,378.9323471162538,,2367200.73985842,1002418000.0
1992-08-28,380.4360469063976,365.96293642626296,377.6166097998779,375.92494753596606,,1566253.159408501,1002418000.0
1992-08-31,,,,,,,
1992-09-01,378.180497221182,370.66199827046256,372.9175479556784,375.92494753596606,,520565.2072862497,1002418000.0
1992-09-02,381.1878968014696,372.1656980606064,375.1730976408942,379.6841970113257,,1658085.4226586483,1002418000.0
1992-09-03,385.6989961719012,378.180497221182,381.1878968014696,384.9471462768293,,4038817.146509399,1002418000.0
1992-09-04,388.70639575218894,381.1878968014696,387.2026959620451,384.1952963817573,,2146071.196846886,1002418000.0
1992-09-07,389.45824564726087,378.9323471162538,386.4508460669732,385.6989961719012,,1869457.1143584829,1002418000.0
1992-09-08,389.45824564726087,381.9397466965415,384.2892776186413,384.1952963817573,,4579146.209194,1002526000.0
1992-09-09,384.9471462768293,367.2786737426388,382.6915965916135,369.9101483753906,,6911506.29944898,1002526000.0
1992-09-10,387.95454585711695,368.4064485852468,372.1656980606064,386.4508460669732,,2726640.955618179,1002526000.0
1992-09-11,401.4878439684118,386.4508460669732,391.7137953324767,399.232294283196,,1431385.1524747491,1002526000.0
1992-09-14,421.035941240282,408.2544930240592,415.0211420797065,417.2766917649224,,3009202.2311960724,1002526000.0
1992-09-15,433.8173894565048,413.51744228956267,415.7729919747785,416.5248418698504,,2020619.6798466053,1002526000.0
1992-09-16,430.8099898762171,405.9989433388434,416.5248418698504,429.3062900860733,,3408741.5143855982,1002526000.0
1992-09-17,456.3728863086628,434.5692393515768,456.3728863086628,448.1025374628716,,6659213.60990868,1002526000.0
1992-09-18,474.69922750104126,445.8469877776558,445.8469877776558,471.40988421010144,,6253190.8815354975,1002526000.0
1992-09-21,481.1839328460366,462.3876854692381,470.6580343150295,472.91358400024535,,4338199.5487251,1002526000.0
1992-09-22,481.1839328460366,463.89138525938216,471.40988421010144,466.14693494459794,,3993845.811181159,1002526000.0
1992-09-23,475.1691336854612,460.8839856790945,464.83119762822207,463.89138525938216,,1285274.009083602,1002526000.0
1992-09-24,484.1913324263243,460.1321357840226,462.9515728905423,482.68763263618047,,2455102.505253576,1002526000.0
1992-09-25,490.2061315868997,473.6654338953173,484.9431823213963,477.424683370677,,4074296.9408210106,1002526000.0
1992-09-28,478.9283831608208,466.8987848396699,475.9209835805332,471.40988421010144,,3193289.2226644587,1002526000.0
1992-09-29,466.8987848396699,447.3506875677996,466.8987848396699,460.1321357840226,,2514367.440419124,1002526000.0
1992-09-30,466.14693494459794,454.8691865185189,457.1247362037348,464.64323515445415,,3869494.639900061,1002526000.0
1992-10-01,477.424683370677,461.6358355741664,463.13953536431023,472.16173410517337,,4150953.148756089,1002526000.0
1992-10-02,467.65063473474186,449.6062372530155,467.65063473474186,451.8617869382312,,3368797.391127509,1002614000.0
1992-10-03,,,,,,,
1992-10-05,443.59143809244006,421.7877911353541,443.59143809244006,424.0433408205697,,3313074.3828864163,1002614000.0
1992-10-06,436.0729391417207,424.7951907156417,424.7951907156417,427.8025902959294,,1541481.4599614576,1002614000.0
1992-10-07,437.5766389318646,424.0433408205697,425.54704061071374,436.0729391417207,,1350937.6543389212,1002614000.0
1992-10-08,438.3284888269364,429.3062900860733,437.5766389318646,436.0729391417207,,1148396.5699233997,1002614000.0
1992-10-09,446.5988376727277,435.6970141941847,435.6970141941847,442.8395881973681,,1732934.352091262,1002614000.0
1992-10-10,,,,,,,
1992-10-12,443.59143809244006,434.5692393515768,439.0803387220084,441.33588840722416,,1313723.2116053186,1002614000.0
1992-10-13,454.8691865185189,442.0877383022961,445.0951378825839,453.3654867283751,,1119420.7993182456,1002614000.0
1992-10-14,460.1321357840226,451.8617869382312,451.8617869382312,458.6284359938786,,3396222.509514541,1002614000.0
1992-10-15,456.3728863086628,441.89977582852816,456.3728863086628,445.8469877776558,,1204814.4059343615,1002614000.0
1992-10-16,447.3506875677996,436.0729391417207,445.0951378825839,439.0803387220084,,1174637.8179987024,1002614000.0
1992-10-19,439.0803387220084,429.3062900860733,436.0729391417207,437.5766389318646,,1776968.7593813855,1002614000.0
1992-10-20,454.117336623447,438.3284888269364,439.0803387220084,452.6136368333033,,3802578.125756564,1002614000.0
1992-10-21,469.15433452488566,455.6210364135909,457.1247362037348,463.13953536431023,,3680741.165761212,1002614000.0
1992-10-22,480.4320829509647,468.4024846298138,468.4024846298138,474.4172837903892,,3234572.160405954,1002614000.0
1992-10-23,476.672833475605,464.64323515445415,472.91358400024535,474.4172837903892,,2942277.243543186,1002614000.0
1992-10-26,479.6802330558927,469.9061844199575,472.16173410517337,472.16173410517337,,2122761.783020056,1002614000.0
1992-10-27,474.4172837903892,466.14693494459794,474.4172837903892,469.15433452488566,,2215001.9852222,1002614000.0
1992-10-28,466.14693494459794,458.6284359938786,462.3876854692381,460.1321357840226,,2454236.9967945926,1002614000.0
1992-10-29,462.3876854692381,454.8691865185189,458.6284359938786,460.8839856790945,,1711780.841153172,1002614000.0
1992-10-30,475.1691336854612,462.3876854692381,462.3876854692381,473.6654338953173,,1605869.2368031144,1002614000.0
1992-11-02,479.6802330558927,468.4024846298138,472.16173410517337,478.9283831608208,,1156942.709392522,1002614000.0
1992-11-03,482.68763263618047,472.16173410517337,482.68763263618047,478.9283831608208,,949612.8816710728,1002614000.0
1992-11-04,481.1839328460366,472.91358400024535,479.3043081083568,477.424683370677,,1475191.98551272,1002614000.0
1992-11-05,486.4468821115402,475.9209835805332,478.9283831608208,484.1913324263243,,1447509.0303400056,1002714000.0
1992-11-06,484.9431823213963,479.6802330558927,481.1839328460366,483.4394825312524,,2050352.013790032,1002714000.0
1992-11-07,,,,,,,
1992-11-08,,,,,,,
1992-11-09,481.9357827411085,470.6580343150295,481.1839328460366,472.91358400024535,,1590193.244434115,1002714000.0
1992-11-10,475.1691336854612,465.3950850495261,473.6654338953173,472.91358400024535,,486568.2771176511,1002714000.0
1992-11-11,474.5112650272732,466.14693494459794,471.7858091576374,468.4024846298138,,1451351.161597087,1002714000.0
1992-11-12,475.1691336854612,464.64323515445415,464.64323515445415,473.6654338953173,,1003635.1355277302,1002714000.0
1992-11-13,473.6654338953173,468.4024846298138,471.40988421010144,469.9061844199575,,1614469.8488325926,1002714000.0
1992-11-14,,,,,,,
1992-11-16,469.9061844199575,466.14693494459794,466.8987848396699,469.15433452488566,,543711.2034320134,1002714000.0
1992-11-17,471.40988421010144,462.3876854692381,464.64323515445415,464.64323515445415,,1393871.7159098613,1002714000.0
1992-11-18,465.3950850495261,444.3432879875118,462.3876854692381,454.117336623447,,3630769.249392328,1002714000.0
1992-11-19,456.3728863086628,445.8469877776558,453.3654867283751,446.5988376727277,,1963574.804140883,1002714000.0
1992-11-20,454.8691865185189,439.83218861708025,442.0877383022961,453.3654867283751,,1121749.8038987827,1002714000.0
1992-11-23,456.3728863086628,443.59143809244006,455.6210364135909,445.8469877776558,,1228371.9725361457,1002714000.0
1992-11-24,446.5988376727277,439.0803387220084,442.8395881973681,445.0951378825839,,4048399.4751266185,1002714000.0
1992-11-25,445.0951378825839,439.0803387220084,445.0951378825839,441.33588840722416,,2623971.07385995,1002714000.0
1992-11-26,454.8691865185189,439.83218861708025,442.8395881973681,454.117336623447,,4120124.100597504,1002714000.0
1992-11-27,468.4024846298138,451.1099370431593,456.3728863086628,465.3950850495261,,1724918.412209601,1002714000.0
1992-11-28,,,,,,,
1992-11-30,482.68763263618047,448.8543873579435,463.89138525938216,481.1839328460366,,2404375.236047761,1002714000.0
1992-12-01,492.4616812721157,477.424683370677,480.4320829509647,488.7024317967559,,2753976.4969059587,1002714000.0
1992-12-02,488.7024317967559,476.672833475605,488.7024317967559,478.9283831608208,,2870551.4075709595,1002731000.0
1992-12-03,489.45428169182793,476.672833475605,476.86079594937297,488.7024317967559,,1091230.6440835537,1002731000.0
1992-12-04,490.9579814819717,483.4394825312524,488.7024317967559,489.45428169182793,,975808.1306954088,1002731000.0
1992-12-07,499.2283303277629,481.9357827411085,488.7024317967559,484.9431823213963,,1286370.7232987615,1002731000.0
1992-12-08,493.9653810622595,483.4394825312524,484.1913324263243,492.4616812721157,,1034505.3407319176,1002731000.0
1992-12-09,492.4616812721157,486.4468821115402,491.7098313770436,489.45428169182793,,1497404.6851243912,1002731000.0
1992-12-10,490.9579814819717,481.1839328460366,489.45428169182793,484.1913324263243,,1697297.1926052894,1002731000.0
1992-12-11,484.9431823213963,475.9209835805332,481.27791408292063,479.6802330558927,,1518087.3110407407,1002731000.0
1992-12-14,484.1913324263243,474.4172837903892,478.9283831608208,481.9357827411085,,1932981.8037438383,1003085000.0
1992-12-15,482.68763263618047,466.14693494459794,480.8080078985007,468.4024846298138,,3416120.7305617696,1003085000.0
1992-12-16,480.4320829509647,460.1321357840226,466.5228598921339,478.9283831608208,,2538170.738793179,1003085000.0
1992-12-17,490.2061315868997,475.1691336854612,475.1691336854612,488.7024317967559,,1637542.004396541,1003085000.0
1992-12-18,501.4838800129787,490.9579814819717,490.9579814819717,499.2283303277629,,2010645.148794825,1003085000.0
1992-12-21,505.2431294883384,496.2209307474752,497.724630537619,504.49127959326654,,2064602.0355790555,1003085000.0
1992-12-22,513.8894032816658,494.7172309573313,505.1491482514544,505.9949793834103,,2581138.694401673,1003085000.0
1992-12-23,506.7468292784823,494.34130600979535,504.8672045408025,503.73942969819456,,1532206.5986849114,1003085000.0
1992-12-24,507.4986791735541,502.2357299080506,504.49127959326654,505.2431294883384,,126993.69570901484,1003085000.0
1992-12-25,,,,,,,
1992-12-28,,,,,,,
1992-12-29,507.4986791735541,502.2357299080506,505.9949793834103,505.9949793834103,,632017.2762751421,1003085000.0
1992-12-30,512.0097785439858,503.73942969819456,503.73942969819456,510.506078753842,,545847.738299294,1003085000.0
1992-12-31,513.5134783341296,509.75422885877,509.942191332538,513.8894032816658,,447142.2484336113,1003085000.0
1993-01-01,,,,,,,
1993-01-04,518.0245777045612,508.25052906862624,511.257928648914,515.0171781242735,,1747747.257003961,1003085000.0
1993-01-05,520.2801273897771,502.2357299080506,515.7690280193455,505.2431294883384,,1070176.3942554449,1003433000.0
1993-01-06,513.5134783341296,496.2209307474752,503.73942969819456,512.7616284390576,,2360826.239795474,1003433000.0
1993-01-07,515.7690280193455,506.7468292784823,510.13015380630594,511.257928648914,,1408085.4226586483,1003433000.0
1993-01-08,511.257928648914,504.49127959326654,510.8820037013779,505.9949793834103,,1014337.1778855931,1003433000.0
1993-01-11,509.0023789636981,492.4616812721157,507.4986791735541,502.2357299080506,,697734.1835894755,1003433000.0
1993-01-12,505.2431294883384,484.1913324263243,503.73942969819456,487.1987320066119,,1902789.4792907431,1003433000.0
1993-01-13,491.7098313770436,475.1691336854612,486.4468821115402,478.1765332657488,,2413550.836214327,1003433000.0
1993-01-14,492.4616812721157,478.9283831608208,478.9283831608208,488.7024317967559,,1190024.500547147,1003433000.0
1993-01-15,495.46908085240335,484.9431823213963,484.9431823213963,494.7172309573313,,1587994.973998431,1003433000.0
1993-01-18,497.724630537619,488.7024317967559,497.724630537619,491.7098313770436,,548223.9524321393,1003433000.0
1993-01-19,492.0857563245796,475.9209835805332,492.0857563245796,478.1765332657488,,836107.8024074452,1003433000.0
1993-01-20,490.2061315868997,476.296908528069,477.048758423141,484.9431823213963,,2731571.3275810312,1003433000.0
1993-01-21,494.7172309573313,481.9357827411085,490.2061315868997,493.9653810622595,,1913798.98898928,1003433000.0
1993-01-22,500.73203011790696,492.4616812721157,494.34130600979535,499.9801802228349,,2527127.3350570872,1003433000.0
1993-01-25,501.4838800129787,490.2061315868997,498.4764804326911,493.2135311671876,,993563.764368651,1003433000.0
1993-01-26,497.724630537619,487.1987320066119,494.34130600979535,492.4616812721157,,3377238.2169799446,1003433000.0
1993-01-27,496.2209307474752,487.1987320066119,492.3677000352317,495.46908085240335,,1960146.664342504,1003433000.0
1993-01-28,503.73942969819456,492.4616812721157,493.2135311671876,502.2357299080506,,2748051.092840611,1003433000.0
1993-01-29,505.2431294883384,496.2209307474752,501.4838800129787,498.4764804326911,,2309699.505147052,1003433000.0
1993-02-01,512.0097785439858,498.4764804326911,501.4838800129787,511.257928648914,,2674364.244695584,1003433000.0
1993-02-02,515.7690280193455,509.75422885877,512.7616284390576,512.0097785439858,,1728887.646107512,1003460000.0
1993-02-03,513.8894032816658,502.98757980312274,511.6338535964498,504.49127959326654,,3423295.372011272,1003460000.0
1993-02-04,508.25052906862624,487.1987320066119,505.2431294883384,498.4764804326911,,5699543.883094623,1003460000.0
1993-02-05,508.25052906862624,496.2209307474752,497.16074311631513,505.9949793834103,,2411592.245044208,1003460000.0
1993-02-08,512.7616284390576,503.73942969819456,503.73942969819456,510.506078753842,,1435088.0760775884,1003460000.0
1993-02-09,511.257928648914,502.2357299080506,510.13015380630594,505.9949793834103,,2868104.984360323,1003460000.0
1993-02-10,505.9949793834103,491.7098313770436,505.9949793834103,493.2135311671876,,2159996.8042764594,1003460000.0
1993-02-11,499.9801802228349,490.9579814819717,492.4616812721157,494.7172309573313,,1440977.165102699,1003460000.0
1993-02-12,499.2283303277629,488.7024317967559,495.0931559048673,496.9727806425472,,700796.7519828012,1003460000.0
1993-02-15,500.73203011790696,493.9653810622595,496.9727806425472,498.4764804326911,,626183.8703117283,1003460000.0
1993-02-16,499.9801802228349,490.58205653443576,497.724630537619,493.2135311671876,,1015115.5302480076,1003460000.0
1993-02-17,493.9653810622595,477.424683370677,492.4616812721157,489.45428169182793,,2616064.079099,1003460000.0
1993-02-18,493.2135311671876,483.4394825312524,487.762619427916,485.6950322164682,,2597542.198076756,1003460000.0
1993-02-19,487.1987320066119,481.1839328460366,484.9431823213963,485.6950322164682,,2797653.806300417,1003460000.0
1993-02-22,486.4468821115402,481.1839328460366,484.1913324263243,485.6950322164682,,1176562.5151312668,1003460000.0
1993-02-23,492.4616812721157,485.1311447951641,486.07095716400414,489.45428169182793,,2590000.7747208583,1003460000.0
1993-02-24,490.2061315868997,482.68763263618047,489.8302066393638,487.950581901684,,1337078.624483116,1003460000.0
1993-02-25,496.9727806425472,487.762619427916,487.762619427916,495.46908085240335,,1323208.7001152397,1003460000.0
1993-02-26,503.73942969819456,491.7098313770436,494.5292684835635,502.98757980312274,,1617205.5818637847,1003460000.0
1993-03-01,512.7616284390576,502.2357299080506,505.2431294883384,509.75422885877,,958922.8474865152,1003460000.0
1993-03-02,509.75422885877,499.9801802228349,507.6866416473222,504.49127959326654,,1483194.6098796278,1003460000.0
1993-03-03,518.7764275996333,503.3635047506586,503.3635047506586,512.7616284390576,,3261125.7178272954,1003460000.0
1993-03-04,516.5208779144174,509.75422885877,513.8894032816658,512.0097785439858,,1187229.4529502338,1003460000.0
1993-03-05,518.7764275996333,511.257928648914,512.7616284390576,517.2727278094894,,1449019.7360138677,1003460000.0
1993-03-08,527.7986263404964,515.7690280193455,518.7764275996333,527.0467764454244,,1777737.42773307,1003482000.0
1993-03-09,529.3023261306403,521.031977284849,527.7986263404964,526.2949265503526,,3818073.753425719,1003482000.0
1993-03-10,527.2347389191924,515.0171781242735,527.0467764454244,517.2727278094894,,3285016.172297919,1003482000.0
1993-03-11,519.7162399684731,498.4764804326911,516.3329154406493,507.4986791735541,,4792613.278715513,1003482000.0
1993-03-12,525.5430766552806,493.9653810622595,508.25052906862624,503.73942969819456,,4617199.529357079,1003482000.0
1993-03-15,502.2357299080506,492.4616812721157,496.2209307474752,498.4764804326911,,1261353.2920794478,1003482000.0
1993-03-16,500.3561051703709,492.4616812721157,497.44268682696713,497.724630537619,,1072794.708656537,1003482000.0
1993-03-17,501.4838800129787,490.9579814819717,498.664442906459,493.2135311671876,,1031939.0778884984,1003482000.0
1993-03-18,495.46908085240335,488.7024317967559,491.5218689032757,490.9579814819717,,777497.7484675053,1003482000.0
1993-03-19,498.4764804326911,485.6950322164682,488.8903942705238,496.9727806425472,,1326461.3172191395,1003482000.0
1993-03-22,512.7616284390576,491.7098313770436,499.2283303277629,496.9727806425472,,2304109.4099532263,1003482000.0
1993-03-23,517.2727278094894,494.7172309573313,496.0329682737072,504.49127959326654,,4953382.382847681,1003482000.0
1993-03-24,522.5356770749928,502.2357299080506,505.2431294883384,509.0023789636981,,2563010.2263153307,1003482000.0
1993-03-25,515.7690280193455,502.98757980312274,509.378303911234,508.25052906862624,,3695661.8052932806,1003482000.0
1993-03-26,513.5134783341296,502.2357299080506,508.908397726814,503.73942969819456,,2528147.787687749,1003482000.0
1993-03-29,507.4986791735541,498.1005554851551,500.73203011790696,505.9949793834103,,1271249.1405440478,1003482000.0
1993-03-30,515.0171781242735,501.8598049605147,503.73942969819456,513.5134783341296,,2244268.27614925,1003482000.0
1993-03-31,524.0393768651367,508.25052906862624,512.3857034915218,523.2875269700648,,2087315.8827459984,1003482000.0
1993-04-01,541.3319244517911,520.2801273897771,524.0393768651367,528.5504762355685,,4034268.0824690354,1003482000.0
1993-04-02,538.3245248715034,518.7764275996333,529.3963073675243,521.7838271799209,,1796203.6256936174,1003482000.0
1993-04-05,522.1597521274568,509.0023789636981,520.2801273897771,515.0171781242735,,771745.4460939543,1003482000.0
1993-04-06,521.7838271799209,501.4838800129787,511.8218160702178,501.4838800129787,,4353701.228900962,1003482000.0
1993-04-07,512.0097785439858,486.4468821115402,496.2209307474752,492.4616812721157,,3845731.288070268,1003568000.0
1993-04-08,502.98757980312274,487.1987320066119,493.9653810622595,498.4764804326911,,3525586.366849695,1003568000.0
1993-04-13,503.73942969819456,496.2209307474752,501.4838800129787,498.4764804326911,,1440896.0615128365,1003568000.0
1993-04-14,502.98757980312274,496.2209307474752,499.2283303277629,500.73203011790696,,3200616.3872829573,1003568000.0
1993-04-15,501.4838800129787,493.2135311671876,501.4838800129787,494.7172309573313,,2161202.4636123297,1003568000.0
1993-04-16,496.9727806425472,482.68763263618047,490.9579814819717,486.82280705907607,,3551486.2535467693,1003568000.0
1993-04-19,493.9653810622595,486.4468821115402,488.7024317967559,488.7024317967559,,978822.2790350852,1003568000.0
1993-04-20,496.2209307474752,481.9357827411085,489.45428169182793,494.7172309573313,,2413042.425651008,1003568000.0
1993-04-21,496.2209307474752,472.91358400024535,496.2209307474752,474.4172837903892,,5837327.98775941,1003568000.0
1993-04-22,490.2061315868997,470.6580343150295,475.1691336854612,488.7024317967559,,5134426.173944201,1003568000.0
1993-04-23,488.7024317967559,481.1839328460366,485.3191072689322,487.950581901684,,1756036.7701887414,1003568000.0
1993-04-26,496.2209307474752,487.1987320066119,490.2061315868997,490.2061315868997,,4540301.221153753,1003568000.0
1993-04-27,491.7098313770436,483.4394825312524,488.7024317967559,487.1987320066119,,5320510.492625626,1003568000.0
1993-04-28,487.950581901684,481.1839328460366,485.6950322164682,486.4468821115402,,2463436.8069879822,1003568000.0
1993-04-29,489.8302066393638,482.68763263618047,487.950581901684,486.4468821115402,,910873.2072475136,1003568000.0
1993-04-30,491.7098313770436,484.1913324263243,488.7024317967559,487.950581901684,,1952919.9713353284,1003568000.0
1993-05-03,,,,,,,
1993-05-04,491.7098313770436,483.4394825312524,490.2061315868997,484.9431823213963,,2015130.0562641025,1003568000.0
1993-05-05,482.68763263618047,472.16173410517337,481.1839328460366,474.4172837903892,,2613744.758529193,1003568000.0
1993-05-06,475.9209835805332,460.8839856790945,473.6654338953173,463.13953536431023,,6372082.691767623,1003568000.0
1993-05-07,463.89138525938216,457.1247362037348,459.38028588895054,459.38028588895054,,2060286.598297551,1003620000.0
1993-05-10,463.13953536431023,457.87658609880674,460.8839856790945,462.3876854692381,,1888112.1505282628,1003620000.0
1993-05-11,462.3876854692381,457.1247362037348,461.6358355741664,460.1321357840226,,1498365.823189332,1003620000.0
1993-05-12,471.40988421010144,454.8691865185189,460.8839856790945,469.9061844199575,,3832259.618643658,1003620000.0
1993-05-13,491.7098313770436,468.4024846298138,468.7784095773497,478.1765332657488,,4498806.445677542,1003620000.0
1993-05-14,486.4468821115402,476.672833475605,479.6802330558927,482.68763263618047,,3331644.68396231,1003620000.0
1993-05-17,481.1839328460366,473.6654338953173,481.1839328460366,480.4320829509647,,1920690.3731249336,1003620000.0
1993-05-18,482.68763263618047,478.9283831608208,478.9283831608208,480.4320829509647,,1463658.3287334284,1003620000.0
1993-05-19,487.1987320066119,478.1765332657488,480.4320829509647,481.1839328460366,,2970265.245053892,1003620000.0
1993-05-20,483.4394825312524,437.8585826425165,481.1839328460366,478.9283831608208,,11870011.52397277,1033155000.0
1993-05-21,482.68763263618047,477.9885707919809,479.3043081083568,478.9283831608208,,2250870.3504643487,1033155000.0
1993-05-24,484.9431823213963,475.9209835805332,475.9209835805332,484.9431823213963,,1171840.3493991073,1033155000.0
1993-05-25,490.2061315868997,481.1839328460366,481.9357827411085,489.45428169182793,,1324632.2496925327,1033155000.0
1993-05-26,503.73942969819456,488.7024317967559,493.2135311671876,502.98757980312274,,3317975.702817079,1033155000.0
1993-05-27,505.2431294883384,496.9727806425472,503.73942969819456,500.73203011790696,,2307228.8719095904,1033155000.0
1993-05-28,503.73942969819456,497.724630537619,500.73203011790696,502.2357299080506,,2125048.4200536497,1033155000.0
1993-06-01,503.73942969819456,496.2209307474752,498.4764804326911,501.4838800129787,,1167779.1173992625,1033155000.0
1993-06-02,507.4986791735541,490.9579814819717,501.4838800129787,506.7468292784823,,3927260.97440516,1033205000.0
1993-06-03,506.7468292784823,498.4764804326911,506.7468292784823,499.9801802228349,,1231527.7495327466,1033205000.0
1993-06-04,502.98757980312274,490.2061315868997,499.9801802228349,491.3339064295077,,2913978.1431877827,1033205000.0
1993-06-07,484.1913324263243,477.424683370677,477.424683370677,481.9357827411085,,1343792.064921608,1033205000.0
1993-06-08,488.7024317967559,483.4394825312524,483.4394825312524,486.4468821115402,,1259922.4794941074,1033205000.0
1993-06-09,490.2061315868997,484.9431823213963,488.32650684922,487.950581901684,,1967426.6194086943,1033205000.0
1993-06-10,498.4764804326911,485.6950322164682,486.4468821115402,488.7024317967559,,656211.5665824158,1033205000.0
1993-06-11,502.98757980312274,484.9431823213963,486.4468821115402,493.2135311671876,,2061885.670569323,1033205000.0
1993-06-14,499.2283303277629,491.7098313770436,491.7098313770436,496.2209307474752,,1364825.7362269158,1033205000.0
1993-06-15,500.73203011790696,488.7024317967559,496.9727806425472,490.2061315868997,,974164.269874011,1033205000.0
1993-06-16,494.7172309573313,487.1987320066119,490.2061315868997,490.58205653443576,,2123097.091891578,1033205000.0
1993-06-17,496.2209307474752,490.9579814819717,493.2135311671876,493.9653810622595,,1235480.0364118805,1033205000.0
1993-06-18,494.7172309573313,489.45428169182793,492.4616812721157,491.7098313770436,,2017986.8394294183,1033205000.0
1993-06-21,496.2209307474752,487.1987320066119,492.4616812721157,496.2209307474752,,642167.3300214018,1033205000.0
1993-06-22,509.75422885877,493.2135311671876,499.9801802228349,495.46908085240335,,1365113.8355461298,1033205000.0
1993-06-23,505.2431294883384,491.7098313770436,496.2209307474752,493.9653810622595,,972256.519760224,1033205000.0
1993-06-24,508.25052906862624,490.9579814819717,493.9653810622595,497.724630537619,,641930.0717585195,1033205000.0
1993-06-25,502.98757980312274,493.9653810622595,499.2283303277629,500.73203011790696,,826433.4756882911,1033205000.0
1993-06-28,509.0023789636981,499.9801802228349,501.4838800129787,506.7468292784823,,1482934.352091262,1033205000.0
1993-06-29,508.25052906862624,503.73942969819456,505.2431294883384,505.9949793834103,,2694240.67671867,1033205000.0
1993-06-30,507.4986791735541,503.73942969819456,505.9949793834103,506.7468292784823,,1276982.074896139,1033205000.0
1993-07-01,512.7616284390576,505.2431294883384,505.9949793834103,510.506078753842,,3562703.9694759985,1033205000.0
1993-07-02,511.257928648914,505.2431294883384,509.0023789636981,507.4986791735541,,2025536.736294704,1033205000.0
1993-07-05,509.0023789636981,502.98757980312274,506.7468292784823,508.25052906862624,,1328973.1075022032,1033218000.0
1993-07-06,514.2653282292016,506.7468292784823,506.7468292784823,513.5134783341296,,643199.8876654756,1033218000.0
1993-07-07,516.5208779144174,508.25052906862624,514.2653282292016,512.7616284390576,,1113611.6033816566,1033218000.0
1993-07-08,519.5282774947051,509.75422885877,515.7690280193455,512.0097785439858,,1906174.0410408373,1033218000.0
1993-07-09,516.5208779144174,509.0023789636981,513.5134783341296,510.506078753842,,617762.412480753,1033218000.0
1993-07-12,510.506078753842,507.4986791735541,509.0023789636981,510.506078753842,,1133810.028761512,1033218000.0
1993-07-13,512.0097785439858,505.2431294883384,510.506078753842,511.257928648914,,1396649.8164879968,1033218000.0
1993-07-14,512.7616284390576,496.9727806425472,512.7616284390576,503.73942969819456,,3315259.3378073466,1033218000.0
1993-07-15,510.506078753842,502.2357299080506,502.2357299080506,504.49127959326654,,1459898.511567551,1033218000.0
1993-07-16,505.2431294883384,499.2283303277629,505.2431294883384,502.98757980312274,,1993298.6645749204,1033218000.0
1993-07-19,514.2653282292016,500.73203011790696,503.73942969819456,513.5134783341296,,1858201.8728876752,1033218000.0
1993-07-20,522.5356770749928,511.257928648914,516.5208779144174,513.5134783341296,,1839808.305007602,1033218000.0
1993-07-21,515.0171781242735,505.9949793834103,515.0171781242735,507.4986791735541,,2142082.5949275154,1033218000.0
1993-07-22,512.7616284390576,505.2431294883384,509.0023789636981,509.0023789636981,,2066686.518888663,1033218000.0
1993-07-23,511.257928648914,504.49127959326654,508.25052906862624,506.7468292784823,,1472405.411425196,1033218000.0
1993-07-26,507.4986791735541,496.9727806425472,507.4986791735541,499.9801802228349,,1817462.450248395,1033218000.0
1993-07-27,510.3181162800741,498.4764804326911,499.5102740384149,505.9949793834103,,1177512.758684137,1033218000.0
1993-07-28,509.0023789636981,503.73942969819456,504.3033171194985,505.9949793834103,,1558363.1116663278,1033218000.0
1993-07-29,509.75422885877,498.4764804326911,509.0023789636981,500.73203011790696,,2246701.383845133,1033218000.0
1993-07-30,510.506078753842,490.39409406066784,500.73203011790696,505.2431294883384,,4468884.063023542,1033218000.0
1993-08-02,524.0393768651367,506.7468292784823,506.7468292784823,516.5208779144174,,2212112.5185206705,1033218000.0
1993-08-03,530.0541760257121,509.75422885877,517.2727278094894,519.5282774947051,,5656497.244898948,1033218000.0
1993-08-04,518.7764275996333,512.7616284390576,518.0245777045612,514.2653282292016,,1004283.9642466324,1033218000.0
1993-08-05,514.2653282292016,507.12275422601823,512.7616284390576,511.257928648914,,499277.33069928247,1033218000.0
1993-08-06,516.5208779144174,490.39409406066784,509.75422885877,509.0023789636981,,10043036.954184946,1062397000.0
1993-08-09,509.75422885877,500.73203011790696,506.7468292784823,506.7468292784823,,1373537.7143797877,1062397000.0
1993-08-10,515.0171781242735,504.49127959326654,506.3709043309464,509.75422885877,,3255551.359150906,1062400000.0
1993-08-11,516.5208779144174,505.2431294883384,513.5134783341296,515.0171781242735,,2697771.709131054,1062400000.0
1993-08-12,524.7912267602087,515.0171781242735,516.5208779144174,518.0245777045612,,1023595.0921433622,1062400000.0
1993-08-13,518.7764275996333,509.75422885877,518.0245777045612,515.7690280193455,,1543380.7365658565,1062400000.0
1993-08-16,521.6898459430369,502.2357299080506,517.2727278094894,516.5208779144174,,826508.5267714477,1062400000.0
1993-08-17,518.0245777045612,509.0023789636981,515.0171781242735,516.5208779144174,,857406.5735064835,1062400000.0
1993-08-18,525.3551141815127,515.0171781242735,519.9042024422412,521.031977284849,,2790408.955773123,1062400000.0
1993-08-19,522.5356770749928,509.75422885877,520.2801273897771,517.2727278094894,,1130764.4073869635,1062400000.0
1993-08-20,524.7912267602087,515.0171781242735,518.0245777045612,524.0393768651367,,2126554.2837221464,1062400000.0
1993-08-23,529.3023261306403,521.031977284849,524.7912267602087,524.7912267602087,,1613031.773239205,1062400000.0
1993-08-24,529.3023261306403,523.2875269700648,523.2875269700648,528.1745512880325,,1748528.0303690578,1062400000.0
1993-08-25,539.0763747665753,526.2949265503526,530.0541760257121,535.3171252912157,,3674333.982162052,1062400000.0
1993-08-26,545.0911739271507,532.309725710928,532.309725710928,544.3393240320789,,1689882.8718902222,1062400000.0
1993-08-27,554.1133726680141,545.0911739271507,545.8430238222227,551.8578229827982,,1873721.710583656,1062400000.0
1993-08-30,,,,,,,
1993-08-31,562.3837215138053,552.6096728778701,552.6096728778701,556.744847300766,,2349886.939174729,1062400000.0
1993-09-01,559.3763219335175,552.6096728778701,558.6244720384457,556.3689223532298,,2161874.2918567155,1062400000.0
1993-09-02,569.1503705694528,552.6096728778701,552.6096728778701,557.1207722483017,,1154808.595527924,1062917000.0
1993-09-03,556.3689223532298,547.3467236123665,554.8652225630859,550.3541231926542,,1881849.0165887105,1062917000.0
1993-09-06,557.1207722483017,548.8504234025105,548.8504234025105,552.6096728778701,,1964745.358937858,1062917000.0
1993-09-07,553.3615227729421,539.8282246616474,551.1059730877264,543.587474137007,,1091432.79780754,1062917000.0
1993-09-08,542.835624241935,532.309725710928,532.309725710928,539.8282246616474,,2286278.725196828,1062917000.0
1993-09-09,548.8504234025105,539.8282246616474,544.3393240320789,545.0911739271507,,2451008.5897175176,1062917000.0
1993-09-10,546.5948737172947,532.309725710928,546.5948737172947,536.0689751862877,,2833918.0054811505,1062917000.0
1993-09-13,536.8208250813598,527.0467764454244,536.0689751862877,528.5504762355685,,1455713.8084309,1062917000.0
1993-09-14,531.933800763392,521.031977284849,527.7986263404964,523.2875269700648,,5193662.05707756,1062917000.0
1993-09-15,520.2801273897771,506.5588668047142,520.0921649160091,508.25052906862624,,6569023.996978589,1062917000.0
1993-09-16,521.031977284849,505.6190544358744,509.75422885877,515.7690280193455,,3340690.7604853627,1062917000.0
1993-09-17,521.7838271799209,512.0097785439858,516.5208779144174,517.2727278094894,,3484974.0468512443,1062917000.0
1993-09-20,516.5208779144174,507.4986791735541,511.257928648914,514.2653282292016,,1748161.2484626635,1062917000.0
1993-09-21,517.2727278094894,509.75422885877,511.257928648914,514.2653282292016,,3157837.269883695,1062917000.0
1993-09-22,515.0171781242735,509.0023789636981,514.2653282292016,513.5134783341296,,2106581.011591761,1062917000.0
1993-09-23,518.7764275996333,513.5134783341296,515.0171781242735,518.7764275996333,,2548430.9481614907,1062917000.0
1993-09-24,522.5356770749928,514.2653282292016,517.2727278094894,521.031977284849,,1000999.8741078606,1062917000.0
1993-09-27,530.8060259207841,521.031977284849,524.0393768651367,527.7986263404964,,1008609.0855388668,1062917000.0
1993-09-28,531.557875815856,524.7912267602087,526.5768702610045,527.0467764454244,,2590475.291246623,1062917000.0
1993-09-29,522.6296583118768,512.7616284390576,522.5356770749928,514.2653282292016,,5577773.500673039,1062917000.0
1993-09-30,516.5208779144174,508.81441648993007,513.8894032816658,510.506078753842,,2700768.910451953,1062917000.0
1993-10-01,510.506078753842,505.9949793834103,509.75422885877,509.0023789636981,,981617.326631998,1062917000.0
1993-10-04,513.5134783341296,503.73942969819456,508.25052906862624,512.7616284390576,,689374.4613269032,1062917000.0
1993-10-05,515.0171781242735,505.9949793834103,511.257928648914,507.4986791735541,,2049521.609869944,1062917000.0
1993-10-06,516.5208779144174,507.4986791735541,509.0023789636981,513.5134783341296,,1859890.5222586987,1062917000.0
1993-10-07,515.7690280193455,510.506078753842,514.2653282292016,513.5134783341296,,1048446.6846789268,1062917000.0
1993-10-08,520.2801273897771,509.75422885877,515.0171781242735,519.5282774947051,,888316.7252549316,1062917000.0
1993-10-11,525.5430766552806,513.5134783341296,522.5356770749928,516.5208779144174,,1801637.566214424,1062917000.0
1993-10-12,518.0245777045612,505.9949793834103,516.5208779144174,512.7616284390576,,1807784.4920252173,1062917000.0
1993-10-13,511.257928648914,501.4838800129787,507.4986791735541,502.98757980312274,,3378201.776047568,1062917000.0
1993-10-14,514.2653282292016,496.2209307474752,504.49127959326654,499.9801802228349,,1080903.8571414738,1062917000.0
1993-10-15,502.7996173293547,490.2061315868997,498.1005554851551,496.2209307474752,,3143228.939697665,1062917000.0
1993-10-18,498.4764804326911,492.4616812721157,497.724630537619,495.46908085240335,,4747425.263647192,1062917000.0
1993-10-19,493.9653810622595,488.514469322988,493.9653810622595,490.9579814819717,,2350986.07439257,1062917000.0
1993-10-20,501.4838800129787,487.1987320066119,491.7098313770436,500.73203011790696,,2033470.3620851613,1063264000.0
1993-10-21,511.257928648914,496.9727806425472,502.2357299080506,509.75422885877,,3164778.28457434,1063264000.0
1993-10-22,515.0171781242735,509.0023789636981,511.257928648914,511.257928648914,,3368274.454548096,1063584000.0
1993-10-25,512.7616284390576,503.73942969819456,511.257928648914,510.506078753842,,1343408.3359964364,1063584000.0
1993-10-26,516.5208779144174,509.0023789636981,509.0023789636981,513.5134783341296,,2289357.030107589,1063584000.0
1993-10-27,515.0171781242735,504.49127959326654,512.0097785439858,508.25052906862624,,3328850.8468667385,1063584000.0
1993-10-28,515.0171781242735,507.4986791735541,507.8746041210901,513.5134783341296,,2229285.9010487786,1063584000.0
1993-10-29,518.7764275996333,509.75422885877,513.5134783341296,513.5134783341296,,2582703.872635891,1063584000.0
1993-11-01,514.2653282292016,505.9949793834103,514.2653282292016,512.0097785439858,,1041362.8308300166,1063584000.0
1993-11-02,513.5134783341296,507.4986791735541,513.5134783341296,510.506078753842,,1713775.7473635282,1063584000.0
1993-11-03,512.7616284390576,505.2431294883384,511.257928648914,507.4986791735541,,2686245.315359809,1064013000.0
1993-11-04,509.0023789636981,503.73942969819456,503.73942969819456,508.25052906862624,,1481118.600079409,1064013000.0
1993-11-05,507.4986791735541,496.2209307474752,506.7468292784823,499.2283303277629,,3955004.454644936,1064013000.0
1993-11-08,502.2357299080506,494.7172309573313,500.73203011790696,497.724630537619,,2704686.092792191,1064013000.0
1993-11-09,501.4838800129787,490.9579814819717,497.724630537619,493.2135311671876,,3282545.5390604576,1064013000.0
1993-11-10,492.4616812721157,484.9431823213963,488.7024317967559,486.4468821115402,,3276138.355461298,1064013000.0
1993-11-11,488.7024317967559,479.6802330558927,488.7024317967559,482.68763263618047,,1722202.0471998684,1064013000.0
1993-11-12,484.9431823213963,472.16173410517337,481.9357827411085,484.56725737386034,,2642243.5916059,1064013000.0
1993-11-15,490.2061315868997,482.68763263618047,482.68763263618047,488.7024317967559,,3644831.643473461,1064013000.0
1993-11-16,492.4616812721157,486.4468821115402,486.4468821115402,490.2061315868997,,3183107.695883327,1064013000.0
1993-11-17,496.9727806425472,488.7024317967559,491.7098313770436,494.7172309573313,,2065220.6017644268,1064013000.0
1993-11-18,511.257928648914,494.7172309573313,497.724630537619,509.75422885877,,4427281.552927961,1064013000.0
1993-11-19,510.506078753842,503.73942969819456,509.378303911234,509.0023789636981,,1920117.8059905288,1064013000.0
1993-11-22,512.7616284390576,505.2431294883384,508.25052906862624,509.75422885877,,1679970.076406845,1064013000.0
1993-11-23,518.4005026520972,507.4986791735541,507.4986791735541,514.2653282292016,,1924166.9329769616,1064013000.0
1993-11-24,522.5356770749928,512.7616284390576,514.2653282292016,521.031977284849,,2738894.860695506,1064013000.0
1993-11-25,528.9264011831043,521.031977284849,522.5356770749928,527.7986263404964,,4654768.648983663,1064013000.0
1993-11-26,536.8208250813598,527.4227013929603,527.4227013929603,533.0615756059999,,3361178.495685773,1064013000.0
1993-11-29,542.835624241935,531.557875815856,534.1893504486078,538.7004498190395,,2792722.223836224,1064013000.0
1993-11-30,545.0911739271507,535.6930502387517,541.3319244517911,544.3393240320789,,2784140.979828206,1064013000.0
1993-12-01,559.3763219335175,543.587474137007,546.5948737172947,552.6096728778701,,4178254.7960063145,1064013000.0
1993-12-02,563.1355714088771,554.1133726680141,554.1133726680141,558.6244720384457,,2763044.362453154,1064013000.0
1993-12-03,558.2485470909097,539.0763747665753,558.2485470909097,543.211549189471,,4492208.002866467,1064013000.0
1993-12-06,546.5948737172947,537.5726749764314,539.8282246616474,542.835624241935,,2352872.035482215,1064013000.0
1993-12-07,553.3615227729421,541.3319244517911,543.587474137007,551.8578229827982,,3090067.352294626,1064013000.0
1993-12-08,558.6244720384457,548.8504234025105,550.3541231926542,557.1207722483017,,4079100.210143033,1064013000.0
1993-12-09,569.1503705694528,557.1207722483017,557.8726221433736,566.8948208842369,,2176876.034978647,1064058000.0
1993-12-10,575.1651697300282,563.8874213039492,568.3985206743807,573.6614699398842,,3333729.1672719177,1064058000.0
1993-12-13,578.9244192053878,562.3837215138053,575.1651697300282,566.518895936701,,3070200.6042822697,1064058000.0
1993-12-14,575.9170196251,566.8008396473529,566.8948208842369,570.6540703595965,,5166675.140176056,1064058000.0
1993-12-15,571.4059202546684,564.6392711990211,567.6466707793088,569.1503705694528,,4883994.02496538,1064058000.0
1993-12-16,581.3679313643715,567.6466707793088,569.1503705694528,577.4207194152439,,2678391.5826578736,1064058000.0
1993-12-17,584.1873684708913,559.3763219335175,576.104982098868,582.3077437332114,,3581247.639522385,1064058000.0
1993-12-20,598.472516477258,568.0225957268447,584.1873684708913,587.194768051179,,2220425.031230935,1064058000.0
1993-12-21,590.2021676314668,578.1725693103158,586.8188431036431,580.4281189955317,,1620892.768949188,1064058000.0
1993-12-22,584.1873684708913,575.1651697300282,578.1725693103158,582.6836686807474,,2358934.2261991226,1064058000.0
1993-12-23,591.7058674216106,581.9318187856754,582.6836686807474,590.9540175265387,,2804027.0958620226,1064058000.0
1993-12-24,594.7132670018984,587.946617946251,587.946617946251,593.9614171068265,,668660.3623756815,1064058000.0
1993-12-27,,,,,,,
1993-12-28,,,,,,,
1993-12-29,612.005814588553,594.7132670018984,599.2243663723299,610.5021147984089,,1384176.8106679062,1064058000.0
1993-12-30,616.1409890114484,607.4947152181212,609.750264903337,611.2539646934808,,2343881.64202086,1064058000.0
1993-12-31,616.5169139589843,608.9984150082652,611.5359084041328,610.5021147984089,,706624.1054395089,1064058000.0
1994-01-03,,,,,,,
1994-01-04,635.3131613357828,611.2539646934808,613.5095143786966,634.5613114407107,,4378666.608562603,1064058000.0
1994-01-05,639.0724108111424,624.7872628047757,631.553911860423,627.0428124899915,,4078589.378577032,1064058000.0
1994-01-06,625.5391126998475,616.5169139589843,625.5391126998475,618.7724636442002,,4715148.455884489,1064058000.0
1994-01-07,634.5613114407107,617.2687638540563,617.2687638540563,633.0576116505669,,2397456.0103812595,1064058000.0
1994-01-10,642.831660286502,631.553911860423,635.3131613357828,636.8168611259266,,3144527.807636811,1064245000.0
1994-01-11,648.0946095520055,635.3131613357828,636.8168611259266,641.3279604963582,,3436846.9345264034,1064245000.0
1994-01-12,640.9520355488221,621.7798632244879,640.0122231799821,622.5317131195598,,2904714.1764233075,1064245000.0
1994-01-13,624.0354129097037,603.7354657427616,624.0354129097037,611.2539646934808,,4323421.748351297,1064245000.0
1994-01-14,615.0132141688405,608.9984150082652,611.6298896410168,611.2539646934808,,3509290.5977939824,1064245000.0
1994-01-17,615.7650640639125,602.9836158476896,615.0132141688405,608.9984150082652,,3452794.07919584,1064245000.0
1994-01-18,618.0206137491282,607.4947152181212,608.9984150082652,616.5169139589843,,7881265.554942235,1064245000.0
1994-01-19,636.8168611259266,615.7650640639125,617.2687638540563,635.3131613357828,,3446164.1633498934,1064245000.0
1994-01-20,659.3723579780846,633.8094615456388,638.3205609160705,658.9964330305486,,8486047.76154092,1064245000.0
1994-01-21,672.9056560893792,655.9890334502609,655.9890334502609,663.8834573485161,,6758664.768600564,1064245000.0
1994-01-24,661.6279076633003,648.0946095520055,660.1242078731564,653.357558817509,,1769164.6572344403,1064245000.0
1994-01-25,655.613108502725,639.0724108111424,654.4853336601169,641.3279604963582,,2159442.394662173,1064245000.0
1994-01-26,644.335360076646,631.553911860423,641.3279604963582,642.831660286502,,3349027.4832224515,1064245000.0
1994-01-27,646.5909097618618,637.5687110209985,640.5761106012861,645.0872099717178,,1671038.9975112097,1064245000.0
1994-01-28,654.109408712581,642.831660286502,648.8464594470773,653.357558817509,,4717229.307690073,1064245000.0
1994-01-31,672.9056560893792,652.6057089224371,655.237183555189,672.9056560893792,,2248643.027996476,1064245000.0
1994-02-01,674.4093558795231,656.3649583977966,671.4019562992354,663.8834573485161,,2338034.9205426923,1064245000.0
1994-02-02,676.664905564739,663.8834573485161,663.8834573485161,674.4093558795231,,3149561.0722136684,1064245000.0
1994-02-03,676.664905564739,657.8686581879406,675.1612057745951,659.3723579780846,,1849848.203131809,1064245000.0
1994-02-04,662.0038326108363,646.5909097618618,661.6279076633003,648.8464594470773,,3322561.081897679,1064245000.0
1994-02-07,640.5761106012861,618.7724636442002,620.2761634343441,639.0724108111424,,2937827.4406128046,1064245000.0
1994-02-08,665.38715713866,638.2265796791863,638.2265796791863,659.3723579780846,,3308267.4820603705,1064558000.0
1994-02-09,661.6279076633003,648.0946095520055,658.9964330305486,657.1168082928687,,4191466.207644559,1064558000.0
1994-02-10,659.3723579780846,648.8464594470773,657.4927332404047,651.1020091322932,,2408224.6303128907,1064558000.0
1994-02-11,654.109408712581,631.553911860423,650.7260841847573,640.5761106012861,,4910083.960373028,1064558000.0
1994-02-14,640.5761106012861,626.2909625949195,637.5687110209985,631.553911860423,,2583520.961041225,1064558000.0
1994-02-15,640.5761106012861,628.3585498063674,631.553911860423,637.5687110209985,,3251938.012647318,1064558000.0
1994-02-16,645.8390598667897,631.553911860423,637.1927860734625,643.583510181574,,1343186.8142509905,1064558000.0
1994-02-17,646.5909097618618,635.3131613357828,642.831660286502,641.3279604963582,,1195591.5962154886,1064558000.0
1994-02-18,643.583510181574,633.8094615456388,641.3279604963582,635.3131613357828,,1692322.0320928118,1064558000.0
1994-02-21,629.2983621752073,615.0132141688405,626.2909625949195,615.7650640639125,,1924769.7626448967,1064558000.0
1994-02-22,619.5243135392722,602.2317659526176,616.5169139589843,612.005814588553,,2254551.4850430456,1064558000.0
1994-02-23,627.7946623850634,612.1937770623207,612.7576644836247,622.5317131195598,,3500296.572828603,1064558000.0
1994-02-24,631.553911860423,617.2687638540563,622.5317131195598,621.0280133294159,,2425821.688310431,1064558000.0
1994-02-25,627.0428124899915,612.7576644836247,619.9002384868081,624.7872628047757,,5206313.006594812,1064558000.0
1994-02-28,642.831660286502,624.0354129097037,628.5465122801352,641.3279604963582,,1963479.1745349253,1064558000.0
1994-03-01,658.6205080830126,640.9520355488221,640.9520355488221,651.8538590273653,,6396193.457482351,1064558000.0
1994-03-02,660.1242078731564,628.5465122801352,651.8538590273653,636.0650112308547,,4168344.42152562,1064808000.0
1994-03-03,641.3279604963582,627.0428124899915,636.0650112308547,634.5613114407107,,1394015.7655694685,1064808000.0
1994-03-04,639.0724108111424,631.553911860423,633.0576116505669,636.8168611259266,,2005707.5138239253,1064808000.0
1994-03-07,646.5909097618618,635.3131613357828,639.8242607062143,645.8390598667897,,1941904.4091300853,1064808000.0
1994-03-08,648.8464594470773,636.8168611259266,646.5909097618618,641.3279604963582,,1250133.155147536,1064808000.0
1994-03-09,651.1020091322932,637.9446359685344,641.3279604963582,642.831660286502,,4323576.692522976,1064808000.0
1994-03-10,646.5909097618618,633.8094615456388,645.0872099717178,635.3131613357828,,3030220.165983944,1064808000.0
1994-03-11,639.8242607062143,623.2835630146318,635.7830675202026,627.0428124899915,,1927471.6016385348,1064808000.0
1994-03-14,637.1927860734625,621.7798632244879,621.7798632244879,635.3131613357828,,3500654.8812256088,1064808000.0
1994-03-15,644.7112850241818,631.177986912887,636.0650112308547,644.335360076646,,2363943.280749155,1064808000.0
1994-03-16,646.5909097618618,638.3205609160705,643.583510181574,641.3279604963582,,2397008.1248850026,1064808000.0
1994-03-17,649.5983093421494,639.7302794693303,639.7302794693303,647.3427596569337,,1392041.4378819133,1064808000.0
1994-03-18,650.8200654216413,643.583510181574,646.1210035774418,649.5983093421494,,3158890.4060505703,1064808000.0
1994-03-21,652.6057089224371,642.0798103914301,648.0946095520055,647.3427596569337,,796574.0391040354,1064808000.0
1994-03-22,654.109408712581,645.0872099717178,645.7450786299057,651.1020091322932,,1970360.874659849,1064808000.0
1994-03-23,657.8686581879406,639.0724108111424,651.8538590273653,640.5761106012861,,3425371.381811491,1064808000.0
1994-03-24,647.3427596569337,636.0650112308547,640.2001856537502,643.583510181574,,2272261.1196653205,1064808000.0
1994-03-25,646.5909097618618,630.0502120702793,643.771472655342,642.0798103914301,,2593765.433892101,1064808000.0
1994-03-28,646.5909097618618,634.5613114407107,637.5687110209985,639.0724108111424,,1944589.3011049456,1064808000.0
1994-03-29,646.5909097618618,632.3057617554949,638.4145421529543,634.5613114407107,,2379793.5853112927,1064808000.0
1994-03-30,662.3797575583723,621.0280133294159,636.0650112308547,626.2909625949195,,4263068.572479978,1064808000.0
1994-03-31,637.5687110209985,616.5169139589843,626.6668875424555,618.0206137491282,,2966912.1563386694,1064808000.0
1994-04-05,635.3131613357828,607.4947152181212,613.5095143786966,631.553911860423,,3413552.046715668,1064808000.0
1994-04-06,642.831660286502,622.3437506457918,624.7872628047757,639.0724108111424,,3087176.675091756,1064808000.0
1994-04-07,648.6584969733095,636.0650112308547,637.5687110209985,645.8390598667897,,1716408.5877807154,1064808000.0
1994-04-08,654.109408712581,645.8390598667897,645.8390598667897,651.1020091322932,,3231329.227312784,1064808000.0
1994-04-11,663.8834573485161,650.3501592372213,650.3501592372213,652.6057089224371,,2619904.99985474,1064808000.0
1994-04-12,658.9964330305486,647.3427596569337,654.861258607653,654.109408712581,,2881283.712462353,1064808000.0
1994-04-13,661.6279076633003,652.6057089224371,654.861258607653,659.3723579780846,,1528984.2441145426,1064808000.0
1994-04-14,663.5075324009802,654.109408712581,657.8686581879406,657.8686581879406,,2680838.005868511,1064808000.0
1994-04-15,659.3723579780846,644.335360076646,659.3723579780846,648.8464594470773,,2524314.129940056,1064808000.0
1994-04-18,654.109408712581,637.5687110209985,654.109408712581,639.0724108111424,,2094258.107937984,1064808000.0
1994-04-19,640.2001856537502,618.0206137491282,639.0724108111424,627.7946623850634,,14664102.824825931,1064808000.0
1994-04-20,629.6742871227432,618.0206137491282,627.7946623850634,621.0280133294159,,2796518.3560423385,1065461000.0
1994-04-21,622.5317131195598,612.7576644836247,622.5317131195598,613.8854393262327,,3055716.955734387,1065595000.0
1994-04-22,627.7946623850634,616.1409890114484,616.1409890114484,626.2909625949195,,2481972.00352498,1065595000.0
1994-04-25,630.6140994915831,616.5169139589843,624.7872628047757,619.5243135392722,,2786874.2918567155,1065595000.0
1994-04-26,627.7946623850634,617.1747826171724,621.7798632244879,627.0428124899915,,2761613.549867813,1065595000.0
1994-04-27,633.0576116505669,626.2909625949195,627.0428124899915,631.553911860423,,1745706.3517426378,1065595000.0
1994-04-28,637.5687110209985,627.7946623850634,627.7946623850634,631.553911860423,,727307.9418571997,1065595000.0
1994-04-29,638.3205609160705,630.0502120702793,633.0576116505669,637.5687110209985,,652601.8515828516,1065595000.0
1994-05-02,,,,,,,
1994-05-03,639.0724108111424,629.2983621752073,635.3131613357828,631.553911860423,,1335098.2442888548,1065595000.0
1994-05-04,637.5687110209985,626.2909625949195,629.2983621752073,634.5613114407107,,1085041.3507258166,1065595000.0
1994-05-05,635.3131613357828,628.5465122801352,632.3057617554949,634.5613114407107,,1492113.5837618508,1065595000.0
1994-05-06,640.5761106012861,631.7418743341909,631.7418743341909,635.3131613357828,,3184827.8182892227,1065595000.0
1994-05-09,636.0650112308547,628.5465122801352,630.0502120702793,633.8094615456388,,1278326.9418862518,1065595000.0
1994-05-10,635.3131613357828,624.7872628047757,635.3131613357828,629.2983621752073,,2006353.9215401453,1065595000.0
1994-05-11,640.5761106012861,626.2909625949195,628.9224372276713,638.3205609160705,,3354449.3187298453,1065595000.0
1994-05-12,639.8242607062143,633.8094615456388,634.5613114407107,637.5687110209985,,3429464.0868462087,1065595000.0
1994-05-13,655.613108502725,636.8168611259266,642.831660286502,645.0872099717178,,3188406.060253915,1065595000.0
1994-05-16,652.2297839749011,641.3279604963582,643.3955477078059,651.8538590273653,,4428429.108199452,1065595000.0
1994-05-17,669.1464066140196,645.4631349192537,652.2297839749011,666.8908569288038,,4759792.955850596,1065595000.0
1994-05-18,673.6575059844513,656.3649583977966,667.6427068238759,656.7408833453328,,3500476.937528447,1065595000.0
1994-05-19,661.6279076633003,654.109408712581,659.3723579780846,656.3649583977966,,4731159.757125012,1065595000.0
1994-05-20,657.1168082928687,642.831660286502,654.861258607653,652.6057089224371,,3919151.8259202233,1065595000.0
1994-05-23,654.109408712581,648.0946095520055,654.109408712581,651.1020091322932,,1061650.8333091233,1065595000.0
1994-05-24,657.8686581879406,648.8464594470773,652.2297839749011,651.8538590273653,,2669728.024558652,1065595000.0
1994-05-25,652.6057089224371,630.0502120702793,650.3501592372213,631.553911860423,,2513346.9877884625,1065595000.0
1994-05-26,640.5761106012861,632.3057617554949,635.3131613357828,636.8168611259266,,4310258.756766703,1065595000.0
1994-05-27,639.8242607062143,628.5465122801352,637.5687110209985,631.553911860423,,2757837.9961845,1065595000.0
1994-05-30,,,,,,,
1994-05-31,634.5613114407107,621.0280133294159,630.0502120702793,633.0576116505669,,1512802.2621849063,1065595000.0
1994-06-01,640.5761106012861,624.0354129097037,631.553911860423,626.2909625949195,,1324563.2511160823,1065595000.0
1994-06-02,629.2983621752073,618.7724636442002,625.9150376473835,621.7798632244879,,1597452.6209775042,1065595000.0
1994-06-03,619.5243135392722,605.2391655329053,618.7724636442002,614.2613642737685,,3754926.740458829,1065595000.0
1994-06-06,621.7798632244879,610.5021147984089,615.0132141688405,616.5169139589843,,2168074.479726524,1065595000.0
1994-06-07,627.7946623850634,615.0132141688405,615.7650640639125,626.2909625949195,,2496064.660139644,1065595000.0
1994-06-08,645.8390598667897,626.2909625949195,629.2983621752073,640.5761106012861,,3552835.9625422466,1065595000.0
1994-06-09,646.5909097618618,639.0724108111424,639.0724108111424,640.5761106012861,,2681409.3625015737,1065595000.0
1994-06-10,649.5983093421494,637.5687110209985,639.0724108111424,648.4705344995414,,1950691.438366114,1065595000.0
1994-06-13,652.6057089224371,639.0724108111424,651.8538590273653,645.0872099717178,,4220117.563890261,1065595000.0
1994-06-14,654.109408712581,640.5761106012861,645.0872099717178,652.6057089224371,,2061831.198008968,1065595000.0
1994-06-15,655.613108502725,650.3501592372213,650.3501592372213,653.357558817509,,1596992.6304678346,1065595000.0
1994-06-16,652.6057089224371,639.8242607062143,651.1020091322932,644.335360076646,,1814902.239911682,1065595000.0
1994-06-17,651.1020091322932,642.0798103914301,643.771472655342,645.8390598667897,,2858966.909735336,1065595000.0
1994-06-20,646.5909097618618,629.2983621752073,646.5909097618618,639.0724108111424,,1284838.2286007574,1065595000.0
1994-06-21,637.1927860734625,622.5317131195598,636.0650112308547,625.5391126998475,,1370593.775117903,1065595000.0
1994-06-22,637.5687110209985,630.0502120702793,633.0576116505669,632.3057617554949,,2710434.7636617185,1065595000.0
1994-06-23,639.0724108111424,627.0428124899915,630.6140994915831,627.7946623850634,,2347263.7827682714,1065595000.0
1994-06-24,625.5391126998475,612.7576644836247,624.0354129097037,615.0132141688405,,1277048.652469907,1065595000.0
1994-06-27,639.0724108111424,607.4947152181212,614.6372892213045,622.5317131195598,,1294000.513252569,1065595000.0
1994-06-28,628.5465122801352,612.7576644836247,627.7946623850634,616.5169139589843,,3560274.493284139,1065595000.0
1994-06-29,621.7798632244879,612.7576644836247,613.5095143786966,619.5243135392722,,3372600.786341672,1065595000.0
1994-06-30,621.7798632244879,613.5095143786966,620.2761634343441,620.2761634343441,,2143731.297754278,1065595000.0
1994-07-01,630.4261370178151,617.2687638540563,630.4261370178151,624.0354129097037,,1702637.9245228204,1065595000.0
1994-07-04,627.0428124899915,623.2835630146318,625.5391126998475,626.2909625949195,,1406023.9388745243,1065595000.0
1994-07-05,627.7946623850634,618.0206137491282,626.2909625949195,622.5317131195598,,1353072.9787048604,1065595000.0
1994-07-06,624.7872628047757,613.5095143786966,624.7872628047757,617.2687638540563,,1900180.8489003808,1065595000.0
1994-07-07,621.7798632244879,607.4947152181212,614.2613642737685,620.2761634343441,,2334183.105274881,1065595000.0
1994-07-08,621.7798632244879,610.5021147984089,616.5169139589843,612.005814588553,,1425184.964604941,1065595000.0
1994-07-11,618.0206137491282,611.2539646934808,614.2613642737685,615.7650640639125,,2026064.5148794823,1065595000.0
1994-07-12,618.7724636442002,608.2465651131931,617.2687638540563,609.750264903337,,1494871.1058171852,1065595000.0
1994-07-13,612.7576644836247,607.4947152181212,610.126189850873,612.005814588553,,3153193.786738716,1065595000.0
1994-07-14,627.7946623850634,611.6298896410168,612.005814588553,628.5465122801352,,3203904.108925753,1065595000.0
1994-07-15,638.3205609160705,630.0502120702793,633.0576116505669,633.0576116505669,,4302635.019319601,1065595000.0
1994-07-18,638.3205609160705,627.7946623850634,635.3131613357828,633.0576116505669,,1583249.808740788,1065595000.0
1994-07-19,642.831660286502,628.5465122801352,634.5613114407107,642.0798103914301,,3121521.019145289,1065595000.0
1994-07-20,646.5909097618618,637.1927860734625,642.831660286502,642.831660286502,,4368539.554341827,1065595000.0
1994-07-21,644.335360076646,631.553911860423,643.583510181574,643.583510181574,,1924939.2328326704,1066731000.0
1994-07-22,648.0946095520055,642.831660286502,646.5909097618618,645.8390598667897,,2906895.499840214,1066731000.0
1994-07-25,650.3501592372213,642.831660286502,646.5909097618618,648.4705344995414,,2149935.11712811,1066731000.0
1994-07-26,650.3501592372213,640.5761106012861,646.5909097618618,642.0798103914301,,1655227.428991991,1066731000.0
1994-07-27,644.335360076646,633.8094615456388,641.3279604963582,634.5613114407107,,2820929.3260896937,1066731000.0
1994-07-28,642.0798103914301,632.3057617554949,635.3131613357828,640.5761106012861,,2691725.2549315826,1066731000.0
1994-07-29,649.5983093421494,639.0724108111424,640.5761106012861,648.4705344995414,,3226766.847757668,1066731000.0
1994-08-01,666.8908569288038,648.0946095520055,651.1020091322932,664.635307243588,,4988965.069773298,1066731000.0
1994-08-02,674.4093558795231,662.3797575583723,662.3797575583723,667.6427068238759,,5442966.0188063495,1066731000.0
1994-08-03,673.6575059844513,661.6279076633003,667.6427068238759,663.8834573485161,,5735383.196304582,1066731000.0
1994-08-04,665.38715713866,654.109408712581,660.1242078731564,656.3649583977966,,2714113.477237733,1066731000.0
1994-08-05,661.6279076633003,648.8464594470773,650.3501592372213,660.8760577682283,,2155806.048633102,1066731000.0
1994-08-08,666.8908569288038,657.8686581879406,658.6205080830126,664.635307243588,,1683324.3756234082,1066731000.0
1994-08-09,669.1464066140196,654.861258607653,669.1464066140196,657.1168082928687,,1654388.551562515,1066731000.0
1994-08-10,659.3723579780846,652.6057089224371,657.8686581879406,657.8686581879406,,1328772.164279558,1066731000.0
1994-08-11,663.1316074534442,651.8538590273653,657.1168082928687,654.109408712581,,2277468.696435316,1066731000.0
1994-08-12,655.613108502725,647.3427596569337,649.5983093421494,654.861258607653,,3197626.448970105,1066731000.0
1994-08-15,659.3723579780846,652.6057089224371,657.8686581879406,654.861258607653,,694993.6085529183,1066731000.0
1994-08-16,657.1168082928687,652.6057089224371,652.6057089224371,655.613108502725,,2314220.7276565665,1066731000.0
1994-08-17,663.1316074534442,654.109408712581,654.109408712581,660.1242078731564,,2768083.679536717,1066731000.0
1994-08-18,661.6279076633003,647.3427596569337,660.8760577682283,649.5983093421494,,3144098.079660672,1066731000.0
1994-08-19,648.0946095520055,635.3131613357828,647.3427596569337,641.3279604963582,,1920219.488103193,1066731000.0
1994-08-22,645.8390598667897,632.023818044843,640.5761106012861,634.5613114407107,,1832876.974327688,1066731000.0
1994-08-23,642.0798103914301,627.7946623850634,633.0576116505669,640.5761106012861,,2306578.8326893467,1066731000.0
1994-08-24,655.4251460289569,636.0650112308547,644.335360076646,641.3279604963582,,1564109.361533173,1066731000.0
1994-08-25,656.3649583977966,642.831660286502,643.583510181574,649.5983093421494,,1748952.9163398314,1066731000.0
1994-08-26,657.8686581879406,647.3427596569337,648.8464594470773,656.3649583977966,,1325409.391553606,1066731000.0
1994-08-29,,,,,,,
1994-08-30,663.1316074534442,654.861258607653,661.6279076633003,661.6279076633003,,1923035.1142229068,1066731000.0
1994-08-31,669.1464066140196,661.6279076633003,663.1316074534442,663.8834573485161,,2738405.818153647,1066731000.0
1994-09-01,670.6501064041636,660.1242078731564,665.38715713866,661.6279076633003,,2098025.1881119087,1066731000.0
1994-09-02,667.6427068238759,660.1242078731564,660.1242078731564,664.635307243588,,1785289.7456010382,1066731000.0
1994-09-05,666.8908569288038,660.1242078731564,663.1316074534442,665.38715713866,,1103399.814066994,1066731000.0
1994-09-06,667.6427068238759,654.861258607653,665.293175901776,655.613108502725,,1242008.2701451634,1066731000.0
1994-09-07,670.6501064041636,661.6279076633003,665.199194664892,665.38715713866,,4932313.6070034765,1066731000.0
1994-09-08,670.6501064041636,664.635307243588,664.823269717356,669.1464066140196,,1833677.1157142443,1066731000.0
1994-09-09,676.664905564739,667.6427068238759,671.4019562992354,669.1464066140196,,3441101.8467408465,1066731000.0
1994-09-12,672.1538061943074,661.6279076633003,667.6427068238759,663.8834573485161,,3408742.7248869394,1066731000.0
1994-09-13,667.6427068238759,647.7186846044696,662.3797575583723,655.613108502725,,5827877.603788385,1066731000.0
1994-09-14,658.6205080830126,645.0872099717178,657.1168082928687,647.3427596569337,,1344017.2181710778,1066731000.0
1994-09-15,657.1168082928687,645.0872099717178,646.5909097618618,654.861258607653,,1488255.715987333,1066731000.0
1994-09-16,666.7028944550358,650.3501592372213,654.109408712581,652.6057089224371,,1489362.1142132226,1066731000.0
1994-09-19,665.38715713866,648.0946095520055,651.1020091322932,663.8834573485161,,2422707.068359432,1066731000.0
1994-09-20,669.1464066140196,659.3723579780846,663.8834573485161,665.38715713866,,2204560.2006527022,1066731000.0
1994-09-21,670.6501064041636,660.5001328206923,666.1390070337319,660.8760577682283,,4135451.4685802273,1066731000.0
1994-09-22,666.8908569288038,659.3723579780846,665.38715713866,665.38715713866,,691072.7947086566,1066731000.0
1994-09-23,669.1464066140196,660.1242078731564,666.1390070337319,668.3945567189477,,3071897.727162682,1066731000.0
1994-09-26,667.6427068238759,660.1242078731564,664.823269717356,666.1390070337319,,1085607.865353515,1066731000.0
1994-09-27,676.664905564739,665.38715713866,667.6427068238759,671.4019562992354,,5451083.640800674,1066731000.0
1994-09-28,680.4241550400986,669.1464066140196,669.1464066140196,679.6723051450268,,3041476.617956093,1066731000.0
1994-09-29,684.1834045154583,663.8834573485161,679.4843426712587,665.38715713866,,2565078.9731075023,1066731000.0
1994-09-30,665.38715713866,654.109408712581,665.38715713866,660.5001328206923,,3794212.350987285,1066731000.0
1994-10-03,663.1316074534442,646.9668347093976,660.1242078731564,654.861258607653,,1945882.1165373847,1066731000.0
1994-10-04,661.6279076633003,654.109408712581,655.613108502725,660.1242078731564,,2552607.177788753,1066731000.0
1994-10-05,660.1242078731564,648.8464594470773,660.1242078731564,650.3501592372213,,838917.3760204527,1066731000.0
1994-10-06,657.8686581879406,649.5983093421494,649.5983093421494,654.109408712581,,2479330.6895984043,1066731000.0
1994-10-07,661.6279076633003,648.8464594470773,654.109408712581,655.237183555189,,1633535.2449570517,1066731000.0
1994-10-10,664.635307243588,654.109408712581,657.8686581879406,662.3797575583723,,2277515.905987624,1066731000.0
1994-10-11,669.1464066140196,660.1242078731564,662.3797575583723,668.0186317714117,,1229444.4767244805,1066731000.0
1994-10-12,671.4019562992354,665.38715713866,668.3945567189477,670.6501064041636,,1612681.938351588,1066731000.0
1994-10-13,678.1686053548829,667.6427068238759,667.8306692976437,675.913055669667,,1987379.313016279,1066731000.0
1994-10-14,674.4093558795231,650.9140466585252,672.9056560893792,665.38715713866,,2436604.8342581564,1066731000.0
1994-10-17,675.1612057745951,663.8834573485161,666.1390070337319,669.8982565090917,,1451363.2666104997,1066731000.0
1994-10-18,673.4695435106833,658.6205080830126,670.6501064041636,662.3797575583723,,1919870.863716917,1066731000.0
1994-10-19,665.38715713866,652.6057089224371,660.1242078731564,657.1168082928687,,1327458.7703243175,1066731000.0
1994-10-20,657.8686581879406,648.8464594470773,656.3649583977966,651.8538590273653,,4087976.816478313,1066731000.0
1994-10-21,654.109408712581,642.831660286502,651.1020091322932,648.0946095520055,,4538509.679168724,1067146000.0
1994-10-24,655.613108502725,645.0872099717178,648.8464594470773,651.8538590273653,,2116228.707281408,1067146000.0
1994-10-25,651.4779340798291,636.0650112308547,651.1020091322932,642.831660286502,,2759760.272314382,1067146000.0
1994-10-26,648.8464594470773,635.3131613357828,646.5909097618618,636.8168611259266,,2990561.721042387,1067146000.0
1994-10-27,644.335360076646,631.9298368079591,633.4335365981028,642.831660286502,,2349222.3739383905,1067146000.0
1994-10-28,646.5909097618618,635.3131613357828,643.583510181574,644.335360076646,,2160542.7403813563,1067146000.0
1994-10-31,646.5909097618618,638.3205609160705,646.5909097618618,645.8390598667897,,3908173.789256559,1067146000.0
1994-11-01,655.613108502725,641.3279604963582,646.5909097618618,644.335360076646,,2981233.5977068264,1067146000.0
1994-11-02,649.5983093421494,643.583510181574,644.335360076646,648.0946095520055,,4039153.665882262,1067146000.0
1994-11-03,648.0946095520055,638.3205609160705,648.0946095520055,640.5761106012861,,3452315.931166052,1067146000.0
1994-11-04,642.831660286502,636.0650112308547,642.831660286502,637.5687110209985,,3105450.403339047,1067146000.0
1994-11-07,635.3131613357828,627.7946623850634,635.3131613357828,630.0502120702793,,2070740.4878804607,1067146000.0
1994-11-08,633.8094615456388,625.9150376473835,630.8020619653511,632.3057617554949,,2176627.882203693,1067146000.0
1994-11-09,638.3205609160705,629.2983621752073,630.0502120702793,630.8020619653511,,3429880.4993075933,1067146000.0
1994-11-10,633.5275178349867,622.5317131195598,631.553911860423,632.3057617554949,,2929609.347007157,1067146000.0
1994-11-11,631.553911860423,621.7798632244879,630.8020619653511,625.5391126998475,,3629296.069260045,1067146000.0
1994-11-14,631.553911860423,622.5317131195598,630.8020619653511,630.8020619653511,,2161439.721875212,1067146000.0
1994-11-15,646.5909097618618,627.2307749637595,629.6742871227432,645.8390598667897,,5156441.56183725,1067146000.0
1994-11-16,654.109408712581,643.583510181574,645.8390598667897,645.8390598667897,,8289274.716016386,1067146000.0
1994-11-17,648.0946095520055,639.0724108111424,644.7112850241818,640.5761106012861,,2674261.352081578,1067146000.0
1994-11-18,648.0946095520055,639.0724108111424,640.0122231799821,647.3427596569337,,1996215.972807298,1067146000.0
1994-11-21,648.0946095520055,641.3279604963582,645.0872099717178,642.831660286502,,2151775.079166788,1067146000.0
1994-11-22,644.335360076646,633.8094615456388,642.0798103914301,635.3131613357828,,3881803.017537744,1067146000.0
1994-11-23,631.553911860423,621.7798632244879,627.7946623850634,623.2835630146318,,4332538.033952142,1067146000.0
1994-11-24,625.5391126998475,621.0280133294159,624.7872628047757,624.0354129097037,,2012427.006769124,1067146000.0
1994-11-25,626.6668875424555,618.7724636442002,624.0354129097037,625.5391126998475,,3160234.0625393414,1067146000.0
1994-11-28,631.553911860423,625.5391126998475,627.7946623850634,628.1705873325993,,1109430.5317490292,1067146000.0
1994-11-29,631.553911860423,626.2909625949195,629.2983621752073,628.5465122801352,,1307708.2304407195,1067146000.0
1994-11-30,636.8168611259266,626.2909625949195,626.2909625949195,635.3131613357828,,3919155.457424247,1067146000.0
1994-12-01,637.5687110209985,627.7946623850634,636.8168611259266,630.8020619653511,,2981670.5886910125,1067146000.0
1994-12-02,630.0502120702793,624.7872628047757,629.2983621752073,626.2909625949195,,820332.5489284643,1067146000.0
1994-12-05,633.0576116505669,627.7946623850634,630.8020619653511,631.553911860423,,1580552.8117525156,1067146000.0
1994-12-06,632.3057617554949,622.5317131195598,632.3057617554949,626.2909625949195,,1237433.7855766346,1067146000.0
1994-12-07,629.2983621752073,620.2761634343441,627.7946623850634,624.0354129097037,,1354184.2189361146,1067146000.0
1994-12-08,633.0576116505669,624.0354129097037,627.7946623850634,627.7946623850634,,2443078.595431084,1067146000.0
1994-12-09,627.4187374375274,615.0132141688405,627.4187374375274,617.2687638540563,,1680120.178573158,1067146000.0
1994-12-12,621.7798632244879,607.4947152181212,621.0280133294159,609.750264903337,,1759316.0183221484,1067146000.0
1994-12-13,613.5095143786966,603.7354657427616,608.9984150082652,608.9984150082652,,6268954.030001066,1067146000.0
1994-12-14,620.6520883818799,607.6826776918891,607.6826776918891,615.7650640639125,,2627176.4814115413,1067146000.0
1994-12-15,621.403938276952,608.9984150082652,615.9530265376804,610.5021147984089,,2597826.665891946,1067146000.0
1994-12-16,621.7798632244879,605.2391655329053,610.5021147984089,621.0280133294159,,6980708.24012473,1067146000.0
1994-12-19,643.583510181574,618.7724636442002,621.7798632244879,620.2761634343441,,3777443.27590715,1067146000.0
1994-12-20,627.0428124899915,616.5169139589843,621.7798632244879,625.5391126998475,,2143274.938748632,1067146000.0
1994-12-21,627.7946623850634,620.2761634343441,625.5391126998475,621.7798632244879,,1617036.111676012,1067146000.0
1994-12-22,625.5391126998475,620.2761634343441,622.1557881720238,624.0354129097037,,2151295.7206356586,1067146000.0
1994-12-23,625.5391126998475,621.7798632244879,625.5391126998475,624.0354129097037,,334650.35879259754,1067146000.0
1994-12-26,,,,,,,
1994-12-27,,,,,,,
1994-12-28,627.7946623850634,622.5317131195598,624.7872628047757,626.2909625949195,,1106788.007321112,1067146000.0
1994-12-29,627.7946623850634,620.2761634343441,625.5391126998475,621.7798632244879,,453117.2830539497,1067146000.0
1994-12-30,624.7872628047757,619.5243135392722,622.5317131195598,621.7798632244879,,1061935.3011243136,1067146000.0
1995-01-02,,,,,,,
1995-01-03,625.5391126998475,618.7724636442002,621.7798632244879,623.2835630146318,,839487.5221521746,1067146000.0
1995-01-04,624.0354129097037,613.5095143786966,623.2835630146318,615.0132141688405,,1997413.15863378,1067146000.0
1995-01-05,612.7576644836247,601.4799160575458,608.9984150082652,602.9836158476896,,5906866.4478080245,1067146000.0
1995-01-06,604.4873156378335,593.9614171068265,603.7354657427616,603.7354657427616,,2375933.2965340926,1067146000.0
1995-01-09,606.7428653230493,599.9762162674019,605.2391655329053,600.7280661624737,,1127221.2699611671,1067146000.0
1995-01-10,602.9836158476896,587.946617946251,602.9836158476896,590.9540175265387,,3524553.809205621,1067146000.0
1995-01-11,605.2391655329053,584.9392183659631,592.0817923691468,586.4429181561072,,3211834.1032121866,1067146000.0
1995-01-12,590.2021676314668,582.6836686807474,587.194768051179,583.4355185758194,,4546793.139846799,1067146000.0
1995-01-13,593.9614171068265,581.1799688906035,582.6836686807474,592.4577173166826,,3938103.434918606,1067146000.0
1995-01-16,597.720666582186,592.4577173166826,596.9688166871141,592.8336422642185,,6643059.469509892,1067146000.0
1995-01-17,596.2169667920423,584.1873684708913,595.8410418445062,584.9392183659631,,2585388.7646107515,1067146000.0
1995-01-18,592.8336422642185,582.6836686807474,586.4429181561072,590.2021676314668,,7630950.824593514,1067146000.0
1995-01-19,593.9614171068265,583.4355185758194,589.4503177363948,584.1873684708913,,1525695.3119704055,1067146000.0
1995-01-20,585.6910682610351,575.1651697300282,585.6910682610351,576.292944572636,,5093698.856318333,1067146000.0
1995-01-23,576.668869520172,566.142970989165,572.9096200448123,568.3985206743807,,2610442.510870302,1067185000.0
1995-01-24,578.9244192053878,567.9286144899608,570.6540703595965,573.6614699398842,,2138135.1500537465,1067185000.0
1995-01-25,580.4281189955317,569.9022204645246,573.6614699398842,578.1725693103158,,3941042.532175126,1067185000.0
1995-01-26,585.6910682610351,575.7290571513321,575.9170196251,584.9392183659631,,885580.9922237394,1067185000.0
1995-01-27,594.7132670018984,583.0595936282834,583.6234810495874,592.4577173166826,,4746007.766576606,1067185000.0
1995-01-30,594.7132670018984,584.9392183659631,591.7058674216106,587.946617946251,,2089562.573235332,1067185000.0
1995-01-31,590.9540175265387,582.6836686807474,588.6984678413228,584.9392183659631,,1752718.786012415,1067185000.0
1995-02-01,588.3225428937869,582.4017249700955,583.0595936282834,585.6910682610351,,3821867.464629151,1067185000.0
1995-02-02,586.4429181561072,581.1799688906035,586.4429181561072,583.4355185758194,,1498610.3444602618,1067185000.0
1995-02-03,593.2095672117545,581.9318187856754,582.6836686807474,584.9392183659631,,2355823.2377521475,1067185000.0
1995-02-06,586.536899392991,568.9624080956846,586.4429181561072,577.4207194152439,,2774766.857441678,1067185000.0
1995-02-07,578.9244192053878,562.3837215138053,577.0447944677079,572.9096200448123,,4091705.1606093184,1067185000.0
1995-02-08,574.4133198349562,565.3911210940929,572.5336950972764,567.6466707793088,,2848135.343733961,1067185000.0
1995-02-09,575.1651697300282,558.2485470909097,565.9550085153969,572.9096200448123,,5319103.890067111,1067185000.0
1995-02-10,580.4281189955317,570.4661078858286,574.4133198349562,578.1725693103158,,1088786.6418755993,1067185000.0
1995-02-13,580.4281189955317,568.3985206743807,577.0447944677079,569.1503705694528,,1542418.387999574,1067185000.0
1995-02-14,573.6614699398842,565.3911210940929,569.9022204645246,566.8948208842369,,1706711.2615360778,1067185000.0
1995-02-15,568.3985206743807,557.1207722483017,567.6466707793088,558.6244720384457,,2059164.4635542256,1067185000.0
1995-02-16,560.8800217236615,544.3393240320789,559.0003969859815,546.5948737172947,,3645866.6221202174,1067185000.0
1995-02-17,549.6022732975824,541.3319244517911,547.3467236123665,545.0911739271507,,3458219.546207257,1067185000.0
1995-02-20,545.0911739271507,540.2041496091833,542.835624241935,542.083774346863,,1622326.002537211,1067185000.0
1995-02-21,549.6022732975824,541.6138681624432,542.459699294399,548.8504234025105,,2683524.1083447123,1067185000.0
1995-02-22,557.8726221433736,545.8430238222227,548.8504234025105,554.8652225630859,,4419402.399697859,1067185000.0
1995-02-23,563.8874213039492,554.3013351417819,555.6170724581578,562.3837215138053,,2712502.2999525485,1067185000.0
1995-02-24,564.6392711990211,554.8652225630859,561.6318716187334,557.1207722483017,,1309887.1328549434,1067185000.0
1995-02-27,561.6318716187334,548.8504234025105,548.8504234025105,560.1281718285895,,1423092.0077859447,1067185000.0
1995-02-28,563.1355714088771,552.6096728778701,559.5642844072855,553.737447720478,,1445965.6411299305,1067185000.0
1995-03-01,567.6466707793088,552.8916165885222,554.8652225630859,567.6466707793088,,3204395.5724702943,1067185000.0
1995-03-02,571.4059202546684,562.3837215138053,566.330933462933,566.8948208842369,,3024103.5027066814,1067185000.0
1995-03-03,568.3985206743807,562.3837215138053,567.6466707793088,566.142970989165,,2098108.7127044536,1067185000.0
1995-03-06,565.3911210940929,554.8652225630859,563.1355714088771,555.6170724581578,,2194888.294936231,1067185000.0
1995-03-07,558.6244720384457,543.587474137007,556.3689223532298,548.0985735074385,,2412667.170235225,1067185000.0
1995-03-08,570.6540703595965,543.963399084543,548.8504234025105,567.6466707793088,,5929178.408529677,1067185000.0
1995-03-09,577.4207194152439,562.3837215138053,566.706858410469,566.142970989165,,6082427.878330089,1067185000.0
1995-03-10,572.9096200448123,563.8874213039492,566.8948208842369,570.2781454120604,,3033901.300562641,1067185000.0
1995-03-13,575.1651697300282,556.3689223532298,574.4133198349562,562.7596464613412,,1170290.9076823257,1067185000.0
1995-03-14,575.1651697300282,560.8800217236615,563.3235338826452,574.4133198349562,,4427147.187279084,1067185000.0
1995-03-15,580.4281189955317,569.1503705694528,572.5336950972764,575.1651697300282,,3167811.800935476,1067185000.0
1995-03-16,585.6910682610351,574.0373948874203,575.541094677564,584.9392183659631,,4361276.5462944135,1067185000.0
1995-03-17,590.9540175265387,581.1799688906035,583.4355185758194,590.9540175265387,,3635025.372108113,1067185000.0
1995-03-20,584.9392183659631,573.6614699398842,575.9170196251,584.1873684708913,,3571494.6302160504,1067185000.0
1995-03-21,601.4799160575458,581.3679313643715,581.5558938381396,587.946617946251,,4509360.806871775,1067185000.0
1995-03-22,608.2465651131931,586.4429181561072,588.3225428937869,593.2095672117545,,4076924.9392328328,1067185000.0
1995-03-23,610.8780397459449,580.4281189955317,593.0216047379865,583.4355185758194,,3563628.792500702,1067185000.0
1995-03-24,587.946617946251,578.9244192053878,581.4619126012556,584.9392183659631,,1663048.478157714,1067185000.0
1995-03-27,590.2021676314668,584.1873684708913,587.946617946251,588.6984678413228,,1989036.4893524304,1067185000.0
1995-03-28,591.7058674216106,576.668869520172,588.3225428937869,586.4429181561072,,1403302.731859427,1067185000.0
1995-03-29,589.4503177363948,578.1725693103158,584.7512558921952,587.946617946251,,4454552.937644655,1067185000.0
1995-03-30,606.7428653230493,581.5558938381396,585.6910682610351,602.9836158476896,,2502822.889127761,1067185000.0
1995-03-31,607.1187902705852,586.2549556823392,604.1113906902975,602.9836158476896,,1656333.8272178806,1067185000.0
1995-04-03,608.2465651131931,599.9762162674019,600.7280661624737,605.2391655329053,,2573671.111627592,1067185000.0
1995-04-04,629.2983621752073,602.9836158476896,603.7354657427616,616.5169139589843,,2402133.387563793,1067185000.0
1995-04-05,623.2835630146318,607.4947152181212,618.0206137491282,608.9984150082652,,3681537.675643745,1067185000.0
1995-04-06,613.1335894311607,603.7354657427616,609.562302429569,609.750264903337,,3862108.160715842,1067185000.0
1995-04-07,620.2761634343441,608.9984150082652,611.2539646934808,613.5095143786966,,3396552.976380698,1067185000.0
1995-04-10,615.0132141688405,608.9984150082652,615.0132141688405,611.6298896410168,,1367664.361872113,1067185000.0
1995-04-11,614.9192329319565,605.2391655329053,612.3817395360888,607.4947152181212,,3166844.6103638285,1067185000.0
1995-04-12,623.6594879621678,603.7354657427616,605.2391655329053,610.5021147984089,,1926176.3652034127,1067185000.0
1995-04-13,613.5095143786966,608.9984150082652,611.2539646934808,612.005814588553,,689919.1869304591,1067185000.0
1995-04-14,,,,,,,
1995-04-17,,,,,,,
1995-04-18,626.2909625949195,609.750264903337,612.005814588553,612.005814588553,,884875.2699417991,1067185000.0
1995-04-19,619.5243135392722,603.7354657427616,610.5021147984089,606.7428653230493,,1415067.5943948948,1067185000.0
1995-04-20,606.7428653230493,598.472516477258,606.3669403755134,600.7280661624737,,2381795.754529696,1067185000.0
1995-04-21,605.9910154279772,596.2169667920423,604.4873156378335,597.720666582186,,4259330.544338243,1067343000.0
1995-04-24,598.472516477258,586.4429181561072,596.2169667920423,592.4577173166826,,1744257.381637179,1067343000.0
1995-04-25,601.1039911100097,587.194768051179,598.472516477258,590.2021676314668,,1766196.5079457308,1067343000.0
1995-04-26,607.4947152181212,581.9318187856754,585.6910682610351,593.2095672117545,,4577872.761783021,1067343000.0
1995-04-27,599.2243663723299,591.7058674216106,599.2243663723299,593.2095672117545,,2599578.261332713,1067343000.0
1995-04-28,601.4799160575458,588.6984678413228,592.4577173166826,593.9614171068265,,3837526.509979373,1067343000.0
1995-05-01,599.9762162674019,591.7058674216106,595.4651168969704,598.472516477258,,531935.4463844746,1067343000.0
1995-05-02,614.2613642737685,597.720666582186,597.720666582186,601.4799160575458,,1296860.9279219082,1067343000.0
1995-05-03,605.2391655329053,594.7132670018984,601.4799160575458,601.4799160575458,,1281813.18574901,1067343000.0
1995-05-04,609.750264903337,601.4799160575458,601.4799160575458,604.4873156378335,,1931799.1439334515,1067343000.0
1995-05-05,613.5095143786966,598.472516477258,601.4799160575458,600.7280661624737,,995670.0367024008,1067343000.0
1995-05-08,,,,,,,
1995-05-09,610.5021147984089,599.9762162674019,601.4799160575458,601.4799160575458,,1418844.3585795497,1067343000.0
1995-05-10,602.9836158476896,597.720666582186,601.4799160575458,599.9762162674019,,1985294.829706672,1067343000.0
1995-05-11,613.5095143786966,597.720666582186,599.2243663723299,602.9836158476896,,2618269.6125427308,1067343000.0
1995-05-12,611.2539646934808,602.9836158476896,603.7354657427616,608.9984150082652,,2633897.184858081,1067343000.0
1995-05-15,617.0808013802882,608.9984150082652,612.005814588553,615.0132141688405,,2046621.248656344,1067343000.0
1995-05-16,621.0280133294159,615.0132141688405,615.7650640639125,618.7724636442002,,1582324.9857160845,1067343000.0
1995-05-17,622.5317131195598,617.2687638540563,621.7798632244879,621.0280133294159,,2776267.8791048103,1067343000.0
1995-05-18,627.7946623850634,618.7724636442002,622.5317131195598,621.7798632244879,,1676911.139517543,1067343000.0
1995-05-19,618.0206137491282,610.5021147984089,615.0132141688405,613.5095143786966,,2930651.5886619603,1067343000.0
1995-05-22,620.2761634343441,611.2539646934808,611.2539646934808,619.5243135392722,,620454.5674636608,1067343000.0
1995-05-23,623.2835630146318,615.7650640639125,620.2761634343441,619.5243135392722,,1646214.036005152,1067343000.0
1995-05-24,633.0576116505669,618.2085762228963,619.5243135392722,631.553911860423,,3039125.8243514136,1067343000.0
1995-05-25,648.0946095520055,624.7872628047757,633.0576116505669,624.7872628047757,,2352902.2980157463,1067343000.0
1995-05-26,629.2983621752073,612.7576644836247,626.2909625949195,613.5095143786966,,1946708.888953449,1067343000.0
1995-05-29,,,,,,,
1995-05-30,618.3965386966642,605.2391655329053,615.0132141688405,607.4947152181212,,972763.7198222016,1067343000.0
1995-05-31,608.9984150082652,598.472516477258,607.4947152181212,604.4873156378335,,1006672.28339289,1067343000.0
1995-06-01,612.7576644836247,607.4947152181212,612.005814588553,610.5021147984089,,1820136.447711184,1067343000.0
1995-06-02,620.2761634343441,610.5021147984089,612.7576644836247,618.7724636442002,,2352499.2010691147,1067343000.0
1995-06-05,624.0354129097037,615.0132141688405,615.0132141688405,623.6594879621678,,1067468.502755101,1067343000.0
1995-06-06,627.0428124899915,620.2761634343441,627.0428124899915,622.5317131195598,,1289846.0726494486,1067343000.0
1995-06-07,624.0354129097037,616.5169139589843,624.0354129097037,622.5317131195598,,713412.5969611575,1067343000.0
1995-06-08,624.0354129097037,618.7724636442002,622.9076380670958,622.9076380670958,,2304970.076406845,1067343000.0
1995-06-09,621.7798632244879,614.2613642737685,621.7798632244879,615.7650640639125,,417437.7560210337,1067343000.0
1995-06-12,619.5243135392722,612.7576644836247,615.7650640639125,617.2687638540563,,1812788.7045698848,1067343000.0
1995-06-13,620.2761634343441,614.2613642737685,618.0206137491282,617.2687638540563,,2707028.412887481,1067343000.0
1995-06-14,620.2761634343441,612.005814588553,616.5169139589843,614.2613642737685,,1529436.9716161643,1067343000.0
1995-06-15,617.2687638540563,609.750264903337,614.6372892213045,615.0132141688405,,1929223.1970793025,1067343000.0
1995-06-16,616.5169139589843,605.2391655329053,615.0132141688405,607.4947152181212,,1280803.6276304196,1067343000.0
1995-06-19,619.5243135392722,605.2391655329053,605.2391655329053,615.7650640639125,,1680851.321383264,1067343000.0
1995-06-20,621.7798632244879,614.2613642737685,618.7724636442002,615.7650640639125,,1629004.338436807,1067343000.0
1995-06-21,627.7946623850634,614.2613642737685,616.5169139589843,626.2909625949195,,2505240.2603062084,1067343000.0
1995-06-22,633.0576116505669,624.7872628047757,624.7872628047757,630.8020619653511,,1105250.6706177432,1067343000.0
1995-06-23,639.0724108111424,629.2983621752073,631.553911860423,634.5613114407107,,1488969.9117786624,1067343000.0
1995-06-26,635.3131613357828,617.2687638540563,633.8094615456388,617.2687638540563,,2038376.5240211887,1067343000.0
1995-06-27,621.7798632244879,615.0132141688405,617.2687638540563,619.5243135392722,,1797893.485565982,1067343000.0
1995-06-28,619.5243135392722,607.4947152181212,618.0206137491282,613.5095143786966,,1991561.595150248,1067343000.0
1995-06-29,616.5169139589843,608.9984150082652,615.7650640639125,610.5021147984089,,798587.10283451,1067343000.0
1995-06-30,618.0206137491282,607.4947152181212,611.2539646934808,616.5169139589843,,3847245.625248153,1067343000.0
1995-07-03,625.5391126998475,614.2613642737685,617.2687638540563,624.7872628047757,,1603501.4961796578,1067343000.0
1995-07-04,634.9372363882467,626.2909625949195,626.2909625949195,631.553911860423,,1896775.7086274847,1067343000.0
1995-07-05,639.0724108111424,631.553911860423,636.0650112308547,638.3205609160705,,1146090.564868346,1067343000.0
1995-07-06,642.0798103914301,633.0576116505669,638.6964858636064,639.8242607062143,,2247309.055518433,1067343000.0
1995-07-07,659.3723579780846,643.583510181574,645.0872099717178,658.9964330305486,,3126505.863668497,1067343000.0
1995-07-10,666.8908569288038,658.6205080830126,661.6279076633003,660.1242078731564,,1537282.2308087118,1067343000.0
1995-07-11,666.1390070337319,654.109408712581,660.1242078731564,665.38715713866,,3213747.90583268,1067343000.0
1995-07-12,674.4093558795231,663.8834573485161,664.635307243588,669.1464066140196,,3697138.616929588,1067343000.0
1995-07-13,678.1686053548829,671.4019562992354,675.913055669667,672.9056560893792,,6391338.136602656,1067343000.0
1995-07-14,675.913055669667,667.6427068238759,674.0334309319871,672.1538061943074,,1213703.117283054,1067343000.0
1995-07-17,675.913055669667,670.6501064041636,670.6501064041636,673.6575059844513,,565704.802300921,1067343000.0
1995-07-18,680.4241550400986,661.6279076633003,674.4093558795231,663.8834573485161,,2702175.513010469,1067343000.0
1995-07-19,660.8760577682283,654.861258607653,657.8686581879406,657.8686581879406,,2369759.739693792,1067343000.0
1995-07-20,661.6279076633003,652.6057089224371,657.8686581879406,654.861258607653,,1515577.9417603596,1067343000.0
1995-07-21,657.8686581879406,647.3427596569337,653.357558817509,649.5983093421494,,880598.5687032142,1068293000.0
1995-07-24,657.8686581879406,646.5909097618618,651.1020091322932,656.3649583977966,,1616956.2185874905,1068293000.0
1995-07-25,666.8908569288038,656.3649583977966,660.1242078731564,663.8834573485161,,2061026.2146170456,1068293000.0
1995-07-26,675.913055669667,665.38715713866,665.38715713866,673.6575059844513,,2690833.1154430923,1068293000.0
1995-07-27,678.1686053548829,669.1464066140196,671.4019562992354,676.664905564739,,6336313.587635456,1068293000.0
1995-07-28,685.3111793580662,676.664905564739,676.664905564739,681.9278548302425,,1270113.6902859688,1068293000.0
1995-07-31,682.6797047253144,675.1612057745951,682.6797047253144,678.1686053548829,,874140.5440477228,1068293000.0
1995-08-01,679.6723051450268,671.4019562992354,675.1612057745951,674.4093558795231,,1363611.6033816566,1068293000.0
1995-08-02,691.7019034661776,674.7852808270592,675.1612057745951,684.1834045154583,,6595231.351016337,1068293000.0
1995-08-03,685.6871043056021,672.9056560893792,685.6871043056021,677.4167554598109,,1591489.6913705782,1068293000.0
1995-08-04,679.6723051450268,674.4093558795231,679.6723051450268,675.913055669667,,1155195.9559571194,1068293000.0
1995-08-07,679.6723051450268,674.4093558795231,676.2889806172029,678.1686053548829,,2080129.1362830831,1068293000.0
1995-08-08,678.9204552499548,665.38715713866,676.664905564739,666.8908569288038,,1217473.8289610026,1068293000.0
1995-08-09,667.6427068238759,661.6279076633003,667.6427068238759,663.8834573485161,,450442.0750898192,1068293000.0
1995-08-10,672.9056560893792,661.6279076633003,661.6279076633003,671.4019562992354,,5182153.820826434,1068293000.0
1995-08-11,675.913055669667,665.38715713866,670.2741814566275,668.3945567189477,,3063678.423055693,1068293000.0
1995-08-14,675.913055669667,657.8686581879406,666.1390070337319,659.3723579780846,,917630.2257342902,1068293000.0
1995-08-15,666.1390070337319,657.8686581879406,662.3797575583723,663.8834573485161,,2630387.94146984,1068293000.0
1995-08-16,670.6501064041636,661.9098513739523,661.9098513739523,667.6427068238759,,3214269.6319107525,1068293000.0
1995-08-17,669.1464066140196,664.635307243588,668.3945567189477,666.8908569288038,,960580.0238226664,1068293000.0
1995-08-18,672.1538061943074,664.635307243588,664.635307243588,671.4019562992354,,1513971.60648054,1068293000.0
1995-08-21,672.1538061943074,668.3945567189477,668.3945567189477,670.6501064041636,,890262.000910297,1068293000.0
1995-08-22,669.2403878509036,665.38715713866,669.2403878509036,668.3945567189477,,4002385.898143576,1068293000.0
1995-08-23,674.7852808270592,667.6427068238759,667.6427068238759,671.4019562992354,,1001649.913328104,1068293000.0
1995-08-24,676.664905564739,667.6427068238759,669.5223315615556,675.1612057745951,,1064240.095678026,1068293000.0
1995-08-25,672.9056560893792,666.1390070337319,669.5223315615556,669.8982565090917,,1320152.1842286205,1068293000.0
1995-08-28,,,,,,,
1995-08-29,670.6501064041636,661.6279076633003,666.8908569288038,665.38715713866,,3140478.6806503786,1068293000.0
1995-08-30,670.6501064041636,663.1316074534442,665.38715713866,665.38715713866,,939566.9310401595,1068293000.0
1995-08-31,664.2593822960522,654.109408712581,664.2593822960522,656.3649583977966,,2199736.352807879,1068293000.0
1995-09-01,657.8686581879406,645.0872099717178,657.8686581879406,648.0946095520055,,2175335.066771254,1068293000.0
1995-09-04,650.3501592372213,642.831660286502,648.8464594470773,648.8464594470773,,997736.3624918896,1068293000.0
1995-09-05,663.1316074534442,645.0872099717178,649.5983093421494,661.6279076633003,,2284816.439576615,1068293000.0
1995-09-06,687.1908040957461,669.1464066140196,672.7176936156114,680.4241550400986,,6585122.45431568,1068293000.0
1995-09-07,698.844477469361,681.9278548302425,681.9278548302425,691.7019034661776,,3515039.2686635097,1068293000.0
1995-09-08,700.7241022070407,690.1982036760337,691.7019034661776,696.9648527316812,,2625205.7852280103,1068293000.0
1995-09-11,699.2204024168968,682.6797047253144,697.7167026267531,684.9352544105302,,1882407.05770702,1068293000.0
1995-09-12,685.6871043056021,678.9204552499548,678.9204552499548,684.1834045154583,,2532791.270832728,1068293000.0
1995-09-13,690.9500535711057,681.1760049351705,681.1760049351705,689.4463537809619,,2322482.3993104985,1068293000.0
1995-09-14,691.7019034661776,687.942653990818,689.0704288334258,689.4463537809619,,986130.075632124,1068293000.0
1995-09-15,696.9648527316812,687.942653990818,693.9574531513935,689.4463537809619,,2199884.03397151,1068293000.0
1995-09-18,696.5889277841452,679.4843426712587,686.4389542006741,681.1760049351705,,727454.4125194891,1068293000.0
1995-09-19,681.9278548302425,676.664905564739,681.9278548302425,679.6723051450268,,858683.6524214869,1068293000.0
1995-09-20,693.9574531513935,679.6723051450268,682.6797047253144,682.6797047253144,,3021854.391214665,1068293000.0
1995-09-21,690.1982036760337,680.4241550400986,684.1834045154583,690.1982036760337,,1853721.8074237627,1068293000.0
1995-09-22,691.7019034661776,678.1686053548829,688.6945038858897,681.9278548302425,,1381005.2971538694,1068293000.0
1995-09-25,693.2056032563214,680.4241550400986,681.1760049351705,691.7019034661776,,1931327.0484103693,1068293000.0
1995-09-26,700.7241022070407,691.3259785186416,691.3259785186416,698.468552521825,,752987.5173101692,1068293000.0
1995-09-27,698.468552521825,684.1834045154583,696.5889277841452,688.6945038858897,,1219223.0033990878,1068293000.0
1995-09-28,697.7167026267531,684.1834045154583,687.1908040957461,687.942653990818,,1917632.6467369727,1068293000.0
1995-09-29,698.468552521825,677.510736696695,688.6945038858897,696.9648527316812,,2803907.25622924,1068293000.0
1995-10-02,709.746300947904,695.4611529415373,696.2130028366091,708.2426011577601,,2914476.869740372,1068293000.0
1995-10-03,709.746300947904,696.9648527316812,709.746300947904,705.9870514725444,,1980176.830035928,1068293000.0
1995-10-04,708.2426011577601,701.4759521021127,701.4759521021127,707.4907512626883,,1839074.7411948133,1068293000.0
1995-10-05,709.746300947904,695.4611529415373,707.4907512626883,697.7167026267531,,1065063.2365900662,1068293000.0
1995-10-06,699.2204024168968,686.4389542006741,698.468552521825,694.7093030464654,,2167609.6472114893,1068293000.0
1995-10-09,696.2130028366091,680.4241550400986,696.2130028366091,683.4315546203864,,4024823.751004717,1068293000.0
1995-10-10,682.6797047253144,669.1464066140196,682.6797047253144,675.913055669667,,1812308.1355374143,1068293000.0
1995-10-11,678.9204552499548,668.3945567189477,675.913055669667,671.4019562992354,,1800237.016162614,1068293000.0
1995-10-12,693.2056032563214,675.913055669667,681.9278548302425,690.9500535711057,,16026190.407018973,1068293000.0
1995-10-13,696.9648527316812,688.6945038858897,696.2130028366091,693.9574531513935,,13264952.112566942,1068293000.0
1995-10-16,699.2204024168968,684.1834045154583,685.6871043056021,690.9500535711057,,12692122.299371509,1068293000.0
1995-10-17,698.468552521825,689.4463537809619,692.4537533612495,690.1982036760337,,1563174.8544977389,1068293000.0
1995-10-18,707.4907512626883,690.1982036760337,691.7019034661776,700.7241022070407,,982482.8350909812,1068293000.0
1995-10-19,708.618526105296,696.9648527316812,702.9796518922566,699.2204024168968,,646120.8274018768,1068293000.0
1995-10-20,705.2352015774725,692.4537533612495,699.408364890665,693.9574531513935,,1589575.888750085,1068293000.0
1995-10-23,695.8370778890732,678.1686053548829,690.9500535711057,679.6723051450268,,2228231.5543805626,1068441000.0
1995-10-24,680.4241550400986,670.6501064041636,680.4241550400986,673.6575059844513,,1192169.508923816,1068441000.0
1995-10-25,680.8000799876345,671.4019562992354,676.664905564739,674.4093558795231,,1130449.6770382423,1068441000.0
1995-10-26,676.664905564739,666.8908569288038,671.4019562992354,669.1464066140196,,1508604.243533502,1068441000.0
1995-10-27,667.2667818763399,660.1242078731564,667.2667818763399,663.8834573485161,,2281726.029652441,1068441000.0
1995-10-30,666.8908569288038,661.6279076633003,666.1390070337319,663.8834573485161,,1284039.297715542,1068441000.0
1995-10-31,666.1390070337319,654.109408712581,665.38715713866,657.8686581879406,,2000352.2558903,1068441000.0
1995-11-01,662.3797575583723,653.357558817509,657.8686581879406,660.1242078731564,,1179792.1327096832,1068441000.0
1995-11-02,683.0556296728504,660.1242078731564,663.1316074534442,675.1612057745951,,2766933.703262544,1068441000.0
1995-11-03,681.9278548302425,669.1464066140196,675.913055669667,670.6501064041636,,458366.01686954673,1068441000.0
1995-11-06,687.942653990818,669.1464066140196,669.1464066140196,686.4389542006741,,1626884.7505883037,1068441000.0
1995-11-07,688.6945038858897,676.664905564739,686.4389542006741,680.4241550400986,,2246993.114668371,1068441000.0
1995-11-08,690.1982036760337,678.9204552499548,681.1760049351705,688.6945038858897,,1671515.9350396562,1068441000.0
1995-11-09,696.5889277841452,685.6871043056021,691.7019034661776,690.1982036760337,,1140117.95125069,1068441000.0
1995-11-10,690.1982036760337,676.664905564739,687.942653990818,679.6723051450268,,542137.5516884073,1068441000.0
1995-11-13,692.0778284137136,676.664905564739,676.664905564739,686.4389542006741,,532167.8626419918,1068441000.0
1995-11-14,687.1908040957461,677.4167554598109,683.4315546203864,678.9204552499548,,622830.781596506,1068441000.0
1995-11-15,686.0630292531381,677.4167554598109,679.6723051450268,680.4241550400986,,531489.9818909,1068441000.0
1995-11-16,689.8222787284978,678.3565678286508,678.3565678286508,683.4315546203864,,1586013.3833028288,1068441000.0
1995-11-17,686.4389542006741,681.1760049351705,683.4315546203864,683.4315546203864,,1158938.8261042193,1068441000.0
1995-11-20,695.8370778890732,681.1760049351705,682.6797047253144,689.4463537809619,,2520209.3198919264,1068441000.0
1995-11-21,701.8518770496487,686.4389542006741,687.1908040957461,692.4537533612495,,1135950.1951328162,1068441000.0
1995-11-22,698.468552521825,688.6945038858897,690.9500535711057,696.9648527316812,,1216291.1691506156,1068441000.0
1995-11-23,727.7906984296303,695.4611529415373,695.4611529415373,706.7389013676161,,2626445.3386014355,1068441000.0
1995-11-24,717.2647998986232,707.4907512626883,707.4907512626883,710.498150842976,,2621902.3270677784,1068441000.0
1995-11-27,725.1592237968787,708.994451052832,712.7537005281918,716.5129500035514,,2296802.823857529,1068441000.0
1995-11-28,722.1518242165909,713.5055504232637,716.1370250560153,715.7611001084794,,3019406.757502688,1068441000.0
1995-11-29,733.0536476951338,708.994451052832,717.2647998986232,710.498150842976,,1622180.7423762626,1068441000.0
1995-11-30,713.5055504232637,702.9796518922566,713.5055504232637,705.2352015774725,,1126327.9199713354,1068441000.0
1995-12-01,709.370376000368,699.2204024168968,706.3629764200803,702.9796518922566,,2410634.73848329,1068441000.0
1995-12-04,723.6555240067346,701.4759521021127,702.9796518922566,716.5129500035514,,2298907.885689937,1068441000.0
1995-12-05,721.3999743215189,711.2500007380479,717.2647998986232,715.7611001084794,,1700950.4856531385,1068441000.0
1995-12-06,721.3999743215189,708.994451052832,717.2647998986232,714.2574003183356,,2677653.17683972,1068441000.0
1995-12-07,719.8962745313751,708.2426011577601,713.5055504232637,708.994451052832,,1191426.261100297,1068441000.0
1995-12-08,707.4907512626883,697.7167026267531,706.7389013676161,702.2278019971848,,1150890.2026863447,1068441000.0
1995-12-11,711.2500007380479,701.4759521021127,701.4759521021127,708.2426011577601,,1839671.5183560424,1068441000.0
1995-12-12,712.0018506331197,705.2352015774725,709.746300947904,710.498150842976,,1312775.3890551312,1068441000.0
1995-12-13,714.2574003183356,707.4907512626883,710.498150842976,708.994451052832,,3093427.704017896,1068441000.0
1995-12-14,714.2574003183356,707.4907512626883,707.5377418811302,712.0018506331197,,2165307.27366046,1068441000.0
1995-12-15,713.1296254757276,708.2426011577601,711.2500007380479,711.6259256855838,,2431950.456601106,1068441000.0
1995-12-18,718.0166497936953,710.498150842976,712.7537005281918,711.2500007380479,,1752833.7836398324,1068441000.0
1995-12-19,711.7199069224679,693.9574531513935,711.7199069224679,699.2204024168968,,2671875.453938003,1068441000.0
1995-12-20,711.6259256855838,697.7167026267531,698.092627574289,699.2204024168968,,1285600.8444457357,1068441000.0
1995-12-21,711.6860736771896,696.2130028366091,699.9722523119689,705.2352015774725,,2315800.4319068785,1068441000.0
1995-12-22,712.0018506331197,702.9796518922566,703.7315017873284,708.2426011577601,,1425290.2782216284,1068441000.0
1995-12-25,,,,,,,
1995-12-26,,,,,,,
1995-12-27,710.498150842976,705.2352015774725,708.618526105296,708.994451052832,,773000.7359848155,1068441000.0
1995-12-28,710.498150842976,705.2352015774725,709.746300947904,707.4907512626883,,1239405.692261507,1068441000.0
1995-12-29,708.2426011577601,696.5889277841452,708.2426011577601,703.7315017873284,,606907.8469538945,1068441000.0
1996-01-01,,,,,,,
1996-01-02,705.9870514725444,690.1982036760337,705.9870514725444,697.7167026267531,,2191985.5127199483,1068441000.0
1996-01-03,705.2352015774725,687.942653990818,699.2204024168968,690.9500535711057,,2709765.356420015,1068441000.0
1996-01-04,692.0778284137136,678.9204552499548,692.0778284137136,686.4389542006741,,3136975.4897688427,1068441000.0
1996-01-05,691.7019034661776,680.4241550400986,685.1232168842982,690.1982036760337,,3403855.930972372,1068441000.0
1996-01-08,690.9500535711057,678.1686053548829,690.1982036760337,680.4241550400986,,2181822.143458935,1068441000.0
1996-01-09,681.9278548302425,670.6501064041636,680.8000799876345,672.1538061943074,,2278584.7786719347,1068441000.0
1996-01-10,671.0260313516994,657.8686581879406,671.0260313516994,659.3723579780846,,3766030.6692619817,1068441000.0
1996-01-11,661.2519827157644,651.4779340798291,657.1168082928687,658.6205080830126,,4730504.875899402,1068441000.0
1996-01-12,674.7852808270592,634.5613114407107,656.6469021084488,665.38715713866,,2520039.849704154,1068441000.0
1996-01-15,672.9056560893792,663.1316074534442,670.6501064041636,669.8982565090917,,1088565.1201301531,1068441000.0
1996-01-16,676.664905564739,667.8306692976437,670.6501064041636,671.4019562992354,,3383854.817311138,1068441000.0
1996-01-17,672.9056560893792,660.1242078731564,672.9056560893792,662.3797575583723,,3753274.4061280414,1068441000.0
1996-01-18,672.9056560893792,661.2519827157644,665.38715713866,672.1538061943074,,5094760.4659945965,1068441000.0
1996-01-19,675.913055669667,665.38715713866,673.6575059844513,668.3945567189477,,3439608.0880857618,1068441000.0
1996-01-22,669.1464066140196,661.6279076633003,668.3945567189477,666.1390070337319,,2353915.4876383604,1068749000.0
1996-01-23,669.8982565090917,660.1242078731564,665.38715713866,663.1316074534442,,2024088.9766905864,1068749000.0
1996-01-24,675.913055669667,660.1242078731564,661.8158701370684,674.4093558795231,,2150237.7424634187,1068749000.0
1996-01-25,681.9278548302425,672.1538061943074,675.1612057745951,680.4241550400986,,1069078.4695389443,1068749000.0
1996-01-26,688.6945038858897,675.1612057745951,680.4241550400986,680.4241550400986,,3359343.3756524604,1068749000.0
1996-01-29,684.1834045154583,676.664905564739,681.9278548302425,680.4241550400986,,1717054.9954969352,1068749000.0
1996-01-30,684.1834045154583,671.4019562992354,681.5519298827065,679.6723051450268,,1408936.405101537,1068749000.0
1996-01-31,690.9500535711057,677.0032380175213,677.0032380175213,689.4463537809619,,3698788.530257692,1068749000.0
1996-02-01,690.9500535711057,683.4315546203864,685.3111793580662,688.6945038858897,,3069181.362152949,1068749000.0
1996-02-02,717.2647998986232,689.4463537809619,689.4463537809619,715.0092502134075,,6772514.114445639,1068749000.0
1996-02-05,714.2574003183356,705.2352015774725,712.5657380544237,712.7537005281918,,2668045.427694334,1068749000.0
1996-02-06,714.2574003183356,702.9796518922566,708.994451052832,708.994451052832,,3954826.510947774,1068749000.0
1996-02-07,721.024049373983,699.2204024168968,710.498150842976,700.7241022070407,,3461460.058297745,1068749000.0
1996-02-08,704.8592766299364,689.4463537809619,702.9796518922566,694.7093030464654,,3813469.0063236593,1068749000.0
1996-02-09,699.2204024168968,685.6871043056021,693.9574531513935,687.942653990818,,4582196.672573914,1068749000.0
1996-02-12,700.7241022070407,684.9352544105302,686.81487914821,699.2204024168968,,1027001.4429175988,1068749000.0
1996-02-13,712.0018506331197,698.468552521825,700.7241022070407,709.746300947904,,14805047.548492683,1068749000.0
1996-02-14,712.0018506331197,701.4759521021127,710.8740757905119,703.7315017873284,,1302632.598316919,1068749000.0
1996-02-15,708.2426011577601,700.7241022070407,704.4833516824004,704.4833516824004,,2037028.0255270523,1068749000.0
1996-02-16,709.746300947904,700.7241022070407,705.2352015774725,702.9796518922566,,8147934.158411048,1068749000.0
1996-02-19,708.994451052832,680.4241550400986,685.3111793580662,687.942653990818,,13176555.25212322,1068749000.0
1996-02-20,706.7389013676161,673.0936185631474,688.6945038858897,681.1760049351705,,1653526.6746075556,1068749000.0
1996-02-21,698.468552521825,676.664905564739,680.4241550400986,684.1834045154583,,2685631.591179803,1068749000.0
1996-02-22,703.7315017873284,682.6797047253144,684.5593294629944,687.942653990818,,4507578.948897475,1068749000.0
1996-02-23,706.7389013676161,686.4389542006741,687.942653990818,687.1908040957461,,3421020.839991091,1068749000.0
1996-02-26,686.4389542006741,674.4093558795231,685.6871043056021,678.9204552499548,,1990752.9802543025,1068749000.0
1996-02-27,694.3333780989293,677.4167554598109,678.9204552499548,687.942653990818,,640577.9417603596,1068749000.0
1996-02-28,694.3333780989293,686.0630292531381,689.4463537809619,687.942653990818,,891914.3352410835,1068749000.0
1996-02-29,692.8296783087856,681.1760049351705,687.942653990818,684.9352544105302,,2721092.017469956,1068749477.0
1996-03-01,695.6491154153052,682.6797047253144,684.9352544105302,686.4389542006741,,4615830.452340142,1068749477.0
1996-03-04,701.4759521021127,684.9352544105302,690.1982036760337,687.942653990818,,2089048.110165306,1068749477.0
1996-03-05,699.2204024168968,687.1908040957461,688.6945038858897,694.7093030464654,,4847816.981881216,1068749477.0
1996-03-06,705.2352015774725,693.2056032563214,695.0852279940013,704.4833516824004,,2369344.537733748,1068749477.0
1996-03-07,702.9796518922566,687.4840255548241,702.9796518922566,690.1982036760337,,4665172.908011583,1068749477.0
1996-03-08,700.7241022070407,687.942653990818,691.7019034661776,693.2056032563214,,4697314.139624067,1068749477.0
1996-03-11,691.7019034661776,679.2963801974907,681.1760049351705,690.9500535711057,,1894715.4353447023,1068749477.0
1996-03-12,708.994451052832,688.3185789383539,691.7019034661776,693.9574531513935,,2665084.5414136723,1068749477.0
1996-03-13,705.2352015774725,684.1834045154583,693.9574531513935,687.942653990818,,1670477.3248888762,1068749477.0
1996-03-14,693.2056032563214,686.250991726906,687.5667290432821,690.9500535711057,,2282814.270358212,1068749477.0
1996-03-15,700.3481772595048,688.2245977014699,688.2719642448594,690.9500535711057,,3337071.3614750686,1068749477.0
1996-03-18,696.9648527316812,689.4463537809619,693.2056032563214,696.9648527316812,,679943.4453773375,1068749477.0
1996-03-19,718.0166497936953,693.9574531513935,694.1927821685509,703.7315017873284,,3617750.307467341,1068749477.0
1996-03-20,711.8138881593518,702.1338207603008,704.2953892086325,705.2352015774725,,3278566.621151817,1068749477.0
1996-03-21,712.0018506331197,703.7315017873284,705.9870514725444,705.9870514725444,,1596846.1598055451,1068749477.0
1996-03-22,707.8666762102242,699.9722523119689,704.4833516824004,705.2352015774725,,3264033.342048943,1068749477.0
1996-03-25,705.2352015774725,699.2204024168968,705.2352015774725,701.4759521021127,,2184738.241189972,1068749477.0
1996-03-26,705.6111265250083,693.9574531513935,699.9722523119689,695.4611529415373,,3239693.7915807213,1068749477.0
1996-03-27,706.7389013676161,694.4273593358132,694.4273593358132,705.2352015774725,,4034862.438627582,1068749477.0
1996-03-28,712.7537005281918,702.2278019971848,704.2014079717485,709.746300947904,,4425910.054908341,1068749477.0
1996-03-29,730.0462481148462,707.3027887889202,708.2426011577601,713.5055504232637,,2460480.7627126854,1068749477.0
1996-04-01,730.7980980099182,712.7537005281918,712.7537005281918,717.2647998986232,,3153179.260722621,1068749477.0
1996-04-02,724.7832988493426,708.994451052832,720.272199478911,711.2500007380479,,2080374.8680553536,1068749477.0
1996-04-03,715.7611001084794,705.2352015774725,712.3777755806557,710.498150842976,,2839983.8277020813,1068749477.0
1996-04-04,715.7611001084794,708.524544868412,710.8740757905119,712.7537005281918,,2499423.801361572,1068749477.0
1996-04-05,,,,,,,
1996-04-08,,,,,,,
1996-04-09,714.2574003183356,705.2352015774725,705.2352015774725,713.5055504232637,,2658273.05036654,1068749477.0
1996-04-10,724.0314489542706,714.2574003183356,714.2574003183356,722.5277491641269,,5296307.728808964,1068749477.0
1996-04-11,737.5647470655655,721.7758992690549,721.7758992690549,735.3091973803497,,7433850.943706846,1068749477.0
1996-04-12,751.8498950719321,731.54994790499,734.3693850115097,750.3461952817884,,5649059.924658397,1068749477.0
1996-04-15,772.9016921339463,750.3461952817884,752.6017449670042,753.3535948620761,,2419297.0860811714,1068749477.0
1996-04-16,767.6537798663442,754.8572946522199,755.6091445472919,762.3757936029392,,4015738.938438744,1068749477.0
1996-04-17,768.3905927635146,760.8720938127952,761.9998686554031,766.1350430782988,,3092283.7802504287,1068749477.0
1996-04-18,775.9090917142339,759.3683940226514,768.3905927635146,773.6535420290184,,4112761.831440109,1068749477.0
1996-04-19,787.1868401403129,772.1498422388743,774.4053919240902,786.4349902452411,,4363696.338475543,1068749477.0
1996-04-22,787.1868401403129,783.4275906649533,787.1868401403129,785.6831403501692,,2231065.3380203946,1068749477.0
1996-04-23,787.1868401403129,783.4275906649533,784.5553655075612,785.6831403501692,,2326687.6809699507,1068749477.0
1996-04-24,786.0590652977052,778.1646413994499,781.9238908748094,780.4201910846656,,6428484.79126115,1068749477.0
1996-04-25,783.4275906649533,775.8339067247268,778.1646413994499,781.1720409797375,,3119436.535835682,1068749477.0
1996-04-26,785.6831403501692,778.7285288207537,778.7285288207537,784.9312904550973,,3090173.876412655,1068749477.0
1996-04-29,787.9386900353849,784.1794405600252,784.1794405600252,786.4349902452411,,2577277.1951231323,1068749477.0
1996-04-30,789.4423898255287,783.4275906649533,786.4349902452411,785.6831403501692,,2455209.029371605,1069544276.0
1996-05-01,787.9386900353849,780.4201910846656,783.6606641324257,787.1868401403129,,2773925.5590095194,1069544276.0
1996-05-02,800.7201382516078,787.1868401403129,787.1868401403129,793.9534891959605,,3453356.9623195142,1069544276.0
1996-05-03,799.2164384614637,787.9386900353849,790.1942397206008,797.71273867132,,2748479.610315409,1069544276.0
1996-05-06,,,,,,,
1996-05-07,813.6218824510421,793.2016393008886,793.2016393008886,807.4867873072551,,3938570.688436323,1069544276.0
1996-05-08,811.246036782615,800.7201382516078,808.990487097399,804.4793877269674,,2676983.769598017,1069544276.0
1996-05-09,805.9830875171112,793.2016393008886,805.9830875171112,795.4571889861041,,1673240.8994509168,1069544276.0
1996-05-10,791.6979395107446,781.9238908748094,791.6979395107446,784.1794405600252,,2360189.516089984,1069544276.0
1996-05-13,784.9312904550973,772.9016921339463,782.6757407698815,773.6535420290184,,1150610.5768765192,1069544276.0
1996-05-14,790.9460896156726,770.6461424487306,775.9090917142339,789.4423898255287,,1939882.8718902224,1069544276.0
1996-05-15,793.2016393008886,784.1794405600252,787.9386900353849,786.4349902452411,,1072251.1935543225,1069544276.0
1996-05-16,787.1868401403129,776.6609416093061,786.998877666545,778.9164912945217,,1416362.8308300166,1069544276.0
1996-05-17,784.1794405600252,778.1646413994499,778.9164912945217,783.0516657174174,,1708551.2235747557,1069544276.0
1996-05-20,774.4053919240902,769.1424426585866,772.1498422388743,769.8942925536585,,1529942.961176801,1069544276.0
1996-05-21,769.1424426585866,757.8646942325076,769.1424426585866,758.6165441275796,,2514032.131547602,1069544276.0
1996-05-22,758.6165441275796,749.5943453867162,758.6165441275796,751.0980451768603,,2013896.555397384,1069544276.0
1996-05-23,753.3535948620761,744.3313961212128,752.6017449670042,748.0906455965726,,3109209.0100035835,1069544276.0
1996-05-24,759.3683940226514,746.5869458064286,746.5869458064286,757.1128443374357,,4106284.4387631584,1069544276.0
1996-05-27,,,,,,,
1996-05-28,768.3905927635146,755.6091445472919,756.3609944423639,766.1350430782988,,1076187.7439160205,1069544276.0
1996-05-29,766.8868929733708,761.6239437078673,763.879493393083,766.1350430782988,,973388.3385142792,1069544276.0
1996-05-30,766.8868929733708,757.1128443374357,765.007268235691,762.7517185504753,,2269934.536087466,1069544276.0
1996-05-31,766.1350430782988,754.105444757148,763.1276434980111,755.9850694948277,,1953084.5995177364,1070227423.0
1996-06-03,759.3683940226514,751.8498950719321,755.6091445472919,754.105444757148,,1935141.338136603,1070227423.0
1996-06-04,754.8572946522199,746.5869458064286,751.8498950719321,748.0906455965726,,4796130.995613144,1070227423.0
1996-06-05,750.3461952817884,742.075846435997,748.6545330178765,745.0832460162849,,3959162.52675208,1070227423.0
1996-06-06,747.3184957543336,724.0314489542706,743.767508699909,727.4147734820945,,3730102.989454113,1070227423.0
1996-06-07,736.0610472754215,724.0314489542706,727.7906984296303,730.0462481148462,,4841414.640287422,1070227423.0
1996-06-10,738.3165969606375,732.3017978000619,734.5573474852777,736.0610472754215,,2996242.603836805,1070227423.0
1996-06-11,742.075846435997,731.54994790499,739.0684468557093,740.5721466458531,,2960179.347878718,1070227423.0
1996-06-12,743.5795462261408,733.8054975902058,739.4443718032453,736.0610472754215,,1014303.2838480384,1070227423.0
1996-06-13,736.2490097491897,727.0388485345584,736.2490097491897,733.0536476951338,,4670471.27238217,1070227423.0
1996-06-14,734.5573474852777,720.272199478911,727.0388485345584,731.54994790499,,6476318.96226141,1070227423.0
1996-06-17,732.3017978000619,724.0314489542706,727.7906984296303,730.7980980099182,,2172598.1232387205,1070227423.0
1996-06-18,740.5721466458531,731.54994790499,732.865685221366,739.0684468557093,,2089062.636181401,1070227423.0
1996-06-19,744.3313961212128,737.5647470655655,739.8202967507813,742.827696331069,,1742221.3183812208,1070227423.0
1996-06-20,748.0906455965726,740.5721466458531,745.8350959113567,743.5795462261408,,3470935.862796936,1070227423.0
1996-06-21,748.0906455965726,731.54994790499,743.5795462261408,733.0536476951338,,3724437.8431771295,1070227423.0
1996-06-24,733.8054975902058,727.0388485345584,733.0536476951338,729.2943982197742,,2176146.102669882,1070227423.0
1996-06-25,733.0536476951338,721.7758992690549,730.7980980099182,725.5351487444145,,2814335.725283984,1070227423.0
1996-06-26,727.0388485345584,716.5129500035514,727.0388485345584,722.5277491641269,,2695077.133145464,1070227423.0
1996-06-27,721.7758992690549,714.2574003183356,718.7684996887672,715.7611001084794,,3037457.753503192,1070227423.0
1996-06-28,718.7684996887672,714.2574003183356,717.2647998986232,716.5129500035514,,904674.2298790468,1070227423.0
1996-07-01,727.0388485345584,716.5129500035514,716.5129500035514,725.5351487444145,,1858009.4031744187,1070369178.0
1996-07-02,730.7980980099182,721.024049373983,724.9712613231108,724.0314489542706,,1680123.8100771818,1070369178.0
1996-07-03,724.7832988493426,720.272199478911,721.7758992690549,721.7758992690549,,2486610.6446645944,1070369178.0
1996-07-04,720.272199478911,706.7389013676161,719.5203495838391,710.498150842976,,2945299.865392251,1070369178.0
1996-07-05,715.7611001084794,705.2352015774725,706.7389013676161,708.2426011577601,,2944831.401373193,1070369178.0
1996-07-08,712.0018506331197,702.9796518922566,702.9796518922566,708.2426011577601,,2494320.3277069232,1070369178.0
1996-07-09,714.2574003183356,708.994451052832,710.498150842976,713.5055504232637,,2084318.6814250995,1070369178.0
1996-07-10,719.144424636303,712.7537005281918,715.0092502134075,714.2574003183356,,3502825.310130444,1070369178.0
1996-07-11,712.7537005281918,704.4833516824004,712.7537005281918,707.4907512626883,,4208427.75243795,1070369178.0
1996-07-12,708.994451052832,684.1834045154583,708.994451052832,688.6945038858897,,4495886.716442483,1070369178.0
1996-07-15,686.4389542006741,675.1612057745951,682.6797047253144,676.664905564739,,3613501.447759605,1070369178.0
1996-07-16,676.2889806172029,663.8834573485161,664.635307243588,671.4019562992354,,5235187.095087302,1070369178.0
1996-07-17,677.4167554598109,666.8908569288038,677.4167554598109,674.4093558795231,,1968411.96750046,1070369178.0
1996-07-18,676.664905564739,670.6501064041636,675.913055669667,672.1538061943074,,2175537.2204952403,1070369178.0
1996-07-19,683.4315546203864,672.9056560893792,676.476943090971,674.4093558795231,,1561816.6719928726,1070369178.0
1996-07-22,674.4093558795231,667.6427068238759,672.5297311418433,671.4019562992354,,1737730.358405237,1070369178.0
1996-07-23,672.9056560893792,666.8908569288038,669.1464066140196,672.1538061943074,,1679420.5087979238,1070369178.0
1996-07-24,672.1538061943074,660.1242078731564,665.9510445599639,671.4019562992354,,2348585.6502329004,1070369178.0
1996-07-25,674.4093558795231,666.1390070337319,669.8982565090917,672.9056560893792,,1442357.1366317074,1070369178.0
1996-07-26,686.4389542006741,668.3945567189477,674.4093558795231,685.6871043056021,,1422572.7027105547,1070369178.0
1996-07-29,689.4463537809619,683.4315546203864,687.942653990818,687.942653990818,,1639397.702952655,1070369178.0
1996-07-30,691.7019034661776,684.9352544105302,687.1908040957461,689.4463537809619,,391437.3977126367,1070369178.0
1996-07-31,699.2204024168968,691.7019034661776,696.9648527316812,698.468552521825,,1171386.411396144,1070375877.0
1996-08-01,702.9796518922566,693.9574531513935,699.2204024168968,702.6037269447206,,1777183.0181187843,1070375877.0
1996-08-02,706.7389013676161,691.7019034661776,702.9796518922566,700.7241022070407,,1990490.301463254,1070375877.0
1996-08-05,706.7389013676161,699.2204024168968,702.9796518922566,703.7315017873284,,562862.5451517,1070375877.0
1996-08-06,702.9796518922566,693.9574531513935,702.2278019971848,696.2130028366091,,2076621.1033961824,1070375877.0
1996-08-07,699.2204024168968,691.7019034661776,694.7093030464654,693.2056032563214,,1011381.133610296,1070375877.0
1996-08-08,696.9648527316812,691.7019034661776,693.9574531513935,695.0852279940013,,1971393.4323039232,1070375877.0
1996-08-09,695.4611529415373,689.4463537809619,694.7093030464654,690.9500535711057,,697423.084744778,1070375877.0
1996-08-12,696.9648527316812,688.6945038858897,688.6945038858897,696.5889277841452,,2406759.9236899954,1070375877.0
1996-08-13,706.7389013676161,696.6829090210291,696.6829090210291,705.9870514725444,,905596.631901068,1070375877.0
1996-08-14,721.7758992690549,705.2352015774725,705.9870514725444,718.0166497936953,,2025093.692803812,1070375877.0
1996-08-15,727.0388485345584,716.5129500035514,716.5129500035514,721.024049373983,,2107632.9372572945,1070375877.0
1996-08-16,729.2943982197742,719.5203495838391,721.024049373983,728.5425483247022,,1963318.1778565408,1070375877.0
1996-08-19,742.075846435997,729.2943982197742,742.075846435997,730.7980980099182,,1566394.7880654254,1070375877.0
1996-08-20,739.0684468557093,729.5763419304262,729.5763419304262,736.8128971704936,,1840888.072203984,1070375877.0
1996-08-21,739.0684468557093,721.7758992690549,739.0684468557093,726.2869986394865,,2000819.5094080165,1070375877.0
1996-08-22,734.5573474852777,721.7758992690549,721.7758992690549,733.8054975902058,,1953786.690295653,1070375877.0
1996-08-23,742.827696331069,721.7758992690549,733.8054975902058,742.075846435997,,1118913.599256268,1070375877.0
1996-08-26,,,,,,,
1996-08-27,742.827696331069,725.5351487444145,741.2300153040412,738.6925219081734,,2222919.8744952213,1070375877.0
1996-08-28,740.5721466458531,727.7906984296303,727.7906984296303,733.4295726426699,,3768244.6762151015,1070375877.0
1996-08-29,740.5721466458531,709.746300947904,732.3017978000619,719.8962745313751,,2485323.881738861,1070375877.0
1996-08-30,735.3091973803497,713.5055504232637,715.7611001084794,716.5129500035514,,947829.8131954332,1070375877.0
1996-09-02,725.5351487444145,714.2574003183356,718.7684996887672,725.1592237968787,,485000.6778807512,1070375877.0
1996-09-03,727.0388485345584,716.5129500035514,720.272199478911,725.9110736919506,,881915.5941624783,1070375877.0
1996-09-04,736.0610472754215,727.0388485345584,728.1666233771663,733.8054975902058,,1001571.2307409236,1070375877.0
1996-09-05,736.0610472754215,725.5351487444145,731.831891615642,726.6629235870224,,1421950.5050211595,1070375877.0
1996-09-06,721.024049373983,710.498150842976,719.5203495838391,720.272199478911,,938939.8913453995,1070375877.0
1996-09-09,725.5351487444145,716.5129500035514,718.0166497936953,720.272199478911,,1677040.663161055,1070375877.0
1996-09-10,730.7980980099182,718.0166497936953,730.0462481148462,719.8962745313751,,2230802.6592293466,1070375877.0
1996-09-11,719.5203495838391,696.2130028366091,719.5203495838391,699.5963273644329,,3369346.9587364304,1070375877.0
1996-09-12,726.2869986394865,689.4463537809619,690.1982036760337,722.5277491641269,,4547411.706032171,1070375877.0
1996-09-13,724.0314489542706,707.4907512626883,721.7758992690549,715.7611001084794,,3054156.6195055344,1070375877.0
1996-09-16,723.2795990591989,712.7537005281918,713.8814753707996,721.3999743215189,,1500444.2539922334,1070375877.0
1996-09-17,723.2795990591989,710.498150842976,722.7157116378947,714.6333252658716,,3987396.260035056,1070375877.0
1996-09-18,713.8814753707996,701.4759521021127,705.2352015774725,703.7315017873284,,4920720.635658464,1070375877.0
1996-09-19,712.7537005281918,703.7315017873284,703.7315017873284,710.8740757905119,,2955509.233704231,1070375877.0
1996-09-20,718.0166497936953,708.994451052832,712.0018506331197,714.6333252658716,,2161520.8254650747,1070375877.0
1996-09-23,705.2352015774725,699.2204024168968,705.2352015774725,702.6037269447206,,1293344.4215256192,1070375877.0
1996-09-24,705.2352015774725,693.9574531513935,703.7315017873284,703.3555768397925,,1895334.0015300736,1070375877.0
1996-09-25,718.7684996887672,702.9796518922566,702.9796518922566,712.0018506331197,,923853.4131295818,1070375877.0
1996-09-26,718.0166497936953,710.12222589544,714.2574003183356,712.3777755806557,,3198430.221860686,1070375877.0
1996-09-27,737.5647470655655,713.5055504232637,714.2574003183356,734.9332724328139,,3461696.106059286,1070375877.0
1996-09-30,742.827696331069,732.3017978000619,735.3091973803497,735.6851223278857,,2012316.8511470712,1070451192.0
1996-10-01,742.827696331069,731.54994790499,736.0610472754215,735.6851223278857,,3856332.858816808,1070451192.0
1996-10-02,750.3461952817884,734.5573474852777,735.3091973803497,743.203621278605,,1381810.280545791,1070451192.0
1996-10-03,749.5943453867162,733.8054975902058,745.8350959113567,736.4369722229576,,2110894.027870583,1070451192.0
1996-10-04,744.3313961212128,731.54994790499,734.5573474852777,737.5647470655655,,1106237.22921085,1070451192.0
1996-10-07,742.075846435997,733.0536476951338,739.0684468557093,735.6851223278857,,1314709.7701984255,1070451192.0
1996-10-08,734.5573474852777,725.5351487444145,732.3017978000619,733.4295726426699,,1512394.32323291,1070451192.0
1996-10-09,731.54994790499,721.7758992690549,724.0314489542706,725.9110736919506,,1601927.8444360518,1070451192.0
1996-10-10,735.3091973803497,720.272199478911,726.0990361657184,723.6555240067346,,4767328.326699786,1070451192.0
1996-10-11,739.0684468557093,724.7832988493426,724.7832988493426,731.9258728525259,,3150973.72727889,1070451192.0
1996-10-14,749.5943453867162,735.3091973803497,736.0610472754215,742.4517713835331,,1152083.7570088028,1070451192.0
1996-10-15,750.3461952817884,740.5721466458531,742.4517713835331,741.6999214884611,,1928224.5334727832,1070451192.0
1996-10-16,747.3387957015005,736.8128971704936,744.3313961212128,740.1962216983172,,2151283.615622246,1070451192.0
1996-10-17,738.3165969606375,725.5351487444145,734.5573474852777,736.0610472754215,,4229032.906268461,1070451192.0
1996-10-18,742.075846435997,735.3091973803497,736.8128971704936,736.8128971704936,,4257001.539757706,1070451192.0
1996-10-21,744.3313961212128,736.8128971704936,743.5795462261408,739.4443718032453,,2868603.710912912,1070451192.0
1996-10-22,740.1962216983172,731.54994790499,740.1962216983172,732.677722747598,,2373045.040333905,1070451192.0
1996-10-23,736.4369722229576,723.2795990591989,730.0462481148462,725.5351487444145,,2120823.7703727377,1070451192.0
1996-10-24,736.0610472754215,725.5351487444145,731.54994790499,726.6629235870224,,1968109.3421651511,1070451192.0
1996-10-25,729.2943982197742,716.5129500035514,721.024049373983,727.4147734820945,,1170478.535390217,1070451192.0
1996-10-28,733.0536476951338,727.0388485345584,727.0388485345584,730.7980980099182,,3352404.7819644986,1070451192.0
1996-10-29,733.0536476951338,727.7906984296303,729.5763419304262,729.2943982197742,,4400306.741039869,1070451192.0
1996-10-30,734.5573474852777,723.1743400738886,730.0462481148462,727.7906984296303,,5233290.239485586,1070451192.0
1996-10-31,739.0684468557093,729.2943982197742,729.2943982197742,738.6925219081734,,4385688.726843109,1070694742.0
1996-11-01,742.075846435997,731.54994790499,738.0346532499855,733.0536476951338,,2505562.2536629774,1070694742.0
1996-11-04,733.0536476951338,721.7758992690549,733.0536476951338,723.2795990591989,,1729486.8442714235,1070694742.0
1996-11-05,727.0388485345584,714.2574003183356,723.6555240067346,715.3851751609435,,1333855.0594114058,1070694742.0
1996-11-06,719.5203495838391,702.9796518922566,716.5129500035514,708.618526105296,,2197960.5473402864,1070694742.0
1996-11-07,719.5203495838391,687.942653990818,710.498150842976,691.3259785186416,,3468616.542227129,1070694742.0
1996-11-08,695.4611529415373,688.6945038858897,690.9500535711057,691.7019034661776,,1175939.1069405305,1070694742.0
1996-11-11,700.7241022070407,691.7019034661776,691.7019034661776,696.5889277841452,,2430259.3862274,1070694742.0
1996-11-12,694.7093030464654,681.1760049351705,689.4463537809619,686.0630292531381,,3359150.905939204,1070694742.0
1996-11-13,693.2056032563214,683.4315546203864,683.8074795679222,692.4537533612495,,1630295.9433679054,1070694742.0
1996-11-14,696.9648527316812,682.6797047253144,691.5139409924096,686.4389542006741,,2078951.318478061,1070694742.0
1996-11-15,696.9648527316812,686.4389542006741,687.1908040957461,693.5815282038575,,2061291.3144107768,1070694742.0
1996-11-18,695.4611529415373,687.942653990818,692.4537533612495,692.8296783087856,,1554803.0272217542,1070694742.0
1996-11-19,704.4833516824004,690.1982036760337,690.1982036760337,702.9796518922566,,2401068.1463835062,1070694742.0
1996-11-20,712.0018506331197,699.9722523119689,711.2500007380479,708.2426011577601,,2816588.468280023,1070694742.0
1996-11-21,725.5351487444145,708.2426011577601,708.2426011577601,724.7832988493426,,4180029.390972565,1070694742.0
1996-11-22,739.0684468557093,727.0388485345584,727.0388485345584,737.5647470655655,,2706252.48152775,1070694742.0
1996-11-25,743.203621278605,735.3091973803497,738.3165969606375,737.9406720131014,,2735676.1376291607,1070694742.0
1996-11-26,739.0684468557093,724.0314489542706,739.0684468557093,730.7980980099182,,2023674.985231884,1070694742.0
1996-11-27,736.8128971704936,724.0314489542706,733.8054975902058,726.6629235870224,,1645470.7881816337,1070694742.0
1996-11-28,744.1434336474449,727.7906984296303,727.7906984296303,741.3239965409251,,3233658.231893321,1070694742.0
1996-11-29,755.6091445472919,742.827696331069,745.0832460162849,752.6017449670042,,3959553.518685299,1070694742.0
1996-12-02,755.6091445472919,739.0684468557093,755.6091445472919,740.948071593389,,2508169.6735519986,1070860098.0
1996-12-03,748.0906455965726,739.0684468557093,739.4443718032453,742.4517713835331,,1335676.8639299653,1070860098.0
1996-12-04,742.4517713835331,730.7980980099182,736.0610472754215,735.6851223278857,,3316448.05012444,1070860098.0
1996-12-05,736.8128971704936,727.7906984296303,735.0272536696976,733.4295726426699,,4420658.900090061,1070860098.0
1996-12-06,733.8054975902058,714.2574003183356,733.0536476951338,718.7684996887672,,3969853.674597872,1070860098.0
1996-12-09,730.7980980099182,721.7758992690549,725.5351487444145,728.5425483247022,,1287210.811229579,1070860098.0
1996-12-10,733.0536476951338,724.0314489542706,730.0462481148462,726.6629235870224,,2831006.749755479,1070860098.0
1996-12-11,721.7758992690549,709.746300947904,716.5129500035514,715.3851751609435,,4726987.159001772,1070860098.0
1996-12-12,721.024049373983,709.370376000368,711.8138881593518,710.8740757905119,,2535428.9532552804,1070860098.0
1996-12-13,704.4833516824004,695.4611529415373,699.9722523119689,701.8518770496487,,3184514.2984418427,1070860098.0
1996-12-16,716.5129500035514,701.4759521021127,702.2278019971848,715.0092502134075,,1513760.9792471651,1070860098.0
1996-12-17,708.994451052832,691.7019034661776,707.8666762102242,692.8296783087856,,1511991.2262862788,1070860098.0
1996-12-18,705.9870514725444,691.7019034661776,693.2056032563214,704.4833516824004,,3029854.594578891,1070860098.0
1996-12-19,708.994451052832,694.7093030464654,705.2352015774725,709.370376000368,,3373506.241344916,1070860098.0
1996-12-20,723.2795990591989,707.0922708183001,710.12222589544,710.498150842976,,4077108.935436701,1070860098.0
1996-12-23,710.8740757905119,703.7315017873284,710.8740757905119,705.2352015774725,,1006174.7673416424,1070860098.0
1996-12-24,712.0018506331197,703.7315017873284,704.3893704455164,710.498150842976,,1171817.3498736238,1070860098.0
1996-12-25,,,,,,,
1996-12-26,,,,,,,
1996-12-27,714.2574003183356,708.2426011577601,713.5055504232637,709.746300947904,,1681350.0479358532,1070860098.0
1996-12-30,715.7611001084794,708.994451052832,714.2574003183356,710.8740757905119,,1800596.535060961,1070860098.0
1996-12-31,710.498150842976,702.9796518922566,710.498150842976,704.1074267348644,,647091.6494775476,1070793698.0
1997-01-01,,,,,,,
1997-01-02,704.1074267348644,690.1982036760337,700.7241022070407,692.0778284137136,,926626.6717023524,1070793698.0
1997-01-03,702.9796518922566,693.9574531513935,695.4611529415373,701.1000271545768,,612769.0944481567,1070793698.0
1997-01-06,710.498150842976,699.2204024168968,703.7315017873284,708.618526105296,,1926434.201989096,1070793698.0
1997-01-07,713.603290909623,693.2056032563214,709.746300947904,696.5889277841452,,1810951.1635338888,1070793698.0
1997-01-08,704.4833516824004,695.4611529415373,695.4611529415373,702.6037269447206,,1662894.744487377,1070793698.0
1997-01-09,702.2278019971848,690.9500535711057,702.2278019971848,692.8296783087856,,3250231.2057561763,1070793698.0
1997-01-10,691.7019034661776,675.1612057745951,687.942653990818,679.2963801974907,,3475687.0805612854,1070793698.0
1997-01-13,689.4463537809619,672.9056560893792,678.1686053548829,685.3111793580662,,2898599.934148727,1070793698.0
1997-01-14,693.2056032563214,678.9204552499548,683.2435921466183,691.7019034661776,,3487244.947367402,1070793698.0
1997-01-15,693.9574531513935,682.6797047253144,693.9574531513935,684.1834045154583,,5148292.466808054,1070793698.0
1997-01-16,685.3111793580662,678.9204552499548,683.3375733835023,682.6797047253144,,3698984.631474972,1070793698.0
1997-01-17,687.942653990818,682.3037797777785,682.3037797777785,687.1908040957461,,5370087.785557266,1070793698.0
1997-01-20,690.9500535711057,682.6797047253144,690.3861661498016,687.942653990818,,3370320.201814784,1070793698.0
1997-01-21,693.9574531513935,685.5931230687181,688.3185789383539,690.9500535711057,,4729112.799356982,1070793698.0
1997-01-22,693.9574531513935,685.6871043056021,690.1982036760337,688.3185789383539,,3431249.576324531,1070793698.0
1997-01-23,708.2426011577601,687.942653990818,688.6945038858897,706.7389013676161,,5245780.192324453,1070793698.0
1997-01-24,707.1148263151523,693.9574531513935,706.3629764200803,698.092627574289,,2544092.5113545028,1070793698.0
1997-01-27,700.7241022070407,695.4611529415373,697.7167026267531,699.9722523119689,,2366530.1221153755,1070793698.0
1997-01-28,708.2426011577601,697.7167026267531,700.5361397332728,705.9870514725444,,2254664.0616677804,1070793698.0
1997-01-29,706.7389013676161,693.9574531513935,706.7389013676161,695.4611529415373,,2315706.0128022623,1070793698.0
1997-01-30,695.4611529415373,686.4389542006741,690.9500535711057,687.5667290432821,,2302869.856579801,1070793698.0
1997-01-31,688.6945038858897,678.1686053548829,688.6945038858897,684.1834045154583,,4031797.449231574,1070793698.0
1997-02-03,684.1834045154583,676.664905564739,682.6797047253144,677.0408305122749,,3170125.0689985766,1070793698.0
1997-02-04,679.6723051450268,663.8834573485161,679.6723051450268,668.7704816664835,,4584219.420315118,1070793698.0
1997-02-05,672.1538061943074,656.3649583977966,670.6501064041636,663.5075324009802,,5125501.147555272,1070793698.0
1997-02-06,680.4241550400986,660.1242078731564,661.2519827157644,677.4167554598109,,10801127.945149764,1070793698.0
1997-02-07,693.9574531513935,675.349168248363,675.5371307221312,692.0778284137136,,5841004.280332743,1070793698.0
1997-02-10,692.4537533612495,682.6797047253144,690.1982036760337,684.9352544105302,,1471273.5926711408,1070793698.0
1997-02-11,687.942653990818,681.9278548302425,683.9804050437888,683.8074795679222,,1179967.6554041624,1070793698.0
1997-02-12,685.6871043056021,676.664905564739,685.6871043056021,677.7926804073468,,2711759.0521290298,1070793698.0
1997-02-13,685.6871043056021,677.7926804073468,678.9204552499548,683.8074795679222,,3470520.660836892,1070793698.0
1997-02-14,687.1908040957461,674.4093558795231,684.1834045154583,678.1686053548829,,3500880.0344750783,1070793698.0
1997-02-17,687.1908040957461,675.1612057745951,678.9204552499548,684.1834045154583,,1822964.1788443103,1070793698.0
1997-02-18,691.7019034661776,683.4315546203864,684.1834045154583,686.4389542006741,,3418512.681212051,1070793698.0
1997-02-19,688.6945038858897,681.9278548302425,687.1908040957461,686.4389542006741,,3024718.437388029,1070793698.0
1997-02-20,700.7241022070407,686.3487322132653,687.1908040957461,693.2056032563214,,5525186.901407087,1070793698.0
1997-02-21,704.4833516824004,691.7019034661776,693.9574531513935,701.8518770496487,,5323811.529783175,1070793698.0
1997-02-24,705.2352015774725,696.2130028366091,701.4759521021127,703.3555768397925,,2957729.293164057,1070793698.0
1997-02-25,711.2500007380479,702.6037269447206,703.7315017873284,709.746300947904,,3533125.369202909,1070793698.0
1997-02-26,712.0018506331197,702.7916894184885,711.2500007380479,709.370376000368,,3742589.310788957,1070793698.0
1997-02-27,715.7611001084794,704.4833516824004,707.1148263151523,713.5055504232637,,5314330.883278619,1070793698.0
1997-02-28,714.2574003183356,696.9648527316812,714.2574003183356,704.8592766299364,,5558936.889302074,1070793698.0
1997-03-03,708.2426011577601,699.2204024168968,699.9722523119689,705.2352015774725,,2460218.083921637,1070793698.0
1997-03-04,712.6559600418323,704.8592766299364,704.8592766299364,707.4907512626883,,2886543.3407900217,1070793698.0
1997-03-05,718.7684996887672,701.4759521021127,706.7389013676161,716.5129500035514,,2952949.023367518,1070793698.0
1997-03-06,725.5351487444145,715.0092502134075,715.7611001084794,717.2647998986232,,3659507.7617346,1070793698.0
1997-03-07,724.0314489542706,714.2574003183356,717.6407248461593,722.5277491641269,,1879886.793914568,1070793698.0
1997-03-10,729.2943982197742,721.024049373983,723.2795990591989,723.2795990591989,,2015742.569942768,1070793698.0
1997-03-11,738.3165969606375,713.1296254757276,723.6555240067346,737.1888221180294,,5050419.801865141,1070793698.0
1997-03-12,749.5943453867162,718.3925747412313,738.3165969606375,736.0610472754215,,4275593.629857742,1070793698.0
1997-03-13,741.3239965409251,719.144424636303,736.0610472754215,739.8202967507813,,3804466.507848891,1070793698.0
1997-03-14,749.5943453867162,725.1592237968787,739.4443718032453,748.8424954916444,,41634472.17299517,1070793698.0
1997-03-17,746.5869458064286,725.5351487444145,730.7980980099182,731.1740229574541,,4202229.985570825,1070793698.0
1997-03-18,751.0980451768603,729.2943982197742,732.4427696553879,732.677722747598,,3096233.6461268803,1070793698.0
1997-03-19,739.8202967507813,720.272199478911,732.3017978000619,724.4073739018066,,5383404.510812199,1070793698.0
1997-03-20,728.5425483247022,706.7389013676161,721.024049373983,709.746300947904,,2626907.750113787,1070793698.0
1997-03-21,726.2869986394865,701.4759521021127,707.2557981704782,710.8740757905119,,2792903.799037409,1070793698.0
1997-03-24,721.7758992690549,700.7241022070407,708.2426011577601,702.9796518922566,,2520521.629237965,1070793698.0
1997-03-25,712.0018506331197,700.9120646808088,702.2278019971848,710.12222589544,,2276201.3015310424,1070793698.0
1997-03-26,728.5425483247022,708.4305636315281,710.498150842976,725.9110736919506,,3848704.279364342,1070793698.0
1997-03-27,731.54994790499,720.272199478911,725.9110736919506,724.4073739018066,,3577641.5560268443,1070793698.0
1997-03-28,,,,,,,
1997-03-31,,,,,,,
1997-04-01,717.8286873199271,699.9722523119689,702.9796518922566,716.8888749510874,,3221974.472947716,1070915315.0
1997-04-02,723.2795990591989,705.8930702356603,708.2426011577601,721.7758992690549,,2257233.956015223,1070915315.0
1997-04-03,726.2869986394865,711.2500007380479,720.8360869002149,714.6333252658716,,4246989.483164348,1070915315.0
1997-04-04,721.7758992690549,711.7199069224679,713.6935128970316,720.6481244264469,,5027928.686944986,1070915315.0
1997-04-07,724.7832988493426,716.5129500035514,720.272199478911,718.3925747412313,,2381014.9811646,1070915315.0
1997-04-08,731.1740229574541,710.498150842976,719.5203495838391,713.1296254757276,,1923478.1577137988,1070915315.0
1997-04-09,719.5203495838391,710.498150842976,712.9416630019597,712.3777755806557,,3210610.2863561977,1070915315.0
1997-04-10,714.2574003183356,708.994451052832,710.498150842976,713.1296254757276,,1221688.7946311843,1070915315.0
1997-04-11,715.7611001084794,700.7241022070407,711.2500007380479,702.6037269447206,,2325864.5400579106,1070915315.0
1997-04-14,711.2500007380479,695.4611529415373,702.9796518922566,710.12222589544,,2074158.9436681096,1070915315.0
1997-04-15,718.0166497936953,708.994451052832,711.2500007380479,717.6407248461593,,20897362.801777985,1070915315.0
1997-04-16,725.5351487444145,711.2500007380479,720.272199478911,716.8888749510874,,3460632.07538034,1070915315.0
1997-04-17,719.5203495838391,708.994451052832,718.7684996887672,710.8740757905119,,1718143.236202706,1070915315.0
1997-04-18,722.5277491641269,707.4907512626883,708.2426011577601,716.5129500035514,,2184197.147090439,1070915315.0
1997-04-21,726.2869986394865,714.2574003183356,714.2574003183356,721.7758992690549,,1954328.9948965264,1070915315.0
1997-04-22,723.2795990591989,718.0166497936953,721.7758992690549,721.3999743215189,,1553231.7964808303,1070915315.0
1997-04-23,733.0536476951338,723.2795990591989,723.2795990591989,729.2943982197742,,3392715.6871289816,1070915315.0
1997-04-24,734.5573474852777,722.5277491641269,730.7980980099182,731.1740229574541,,2469353.737543941,1070915315.0
1997-04-25,738.3165969606375,727.7906984296303,727.7906984296303,732.677722747598,,3515462.9441329422,1070915315.0
1997-04-28,733.0536476951338,727.7906984296303,730.0462481148462,729.6703231673101,,2240670.666163098,1070915315.0
1997-04-29,739.8202967507813,727.7906984296303,730.0462481148462,738.3165969606375,,3322024.8298035115,1070915315.0
1997-04-30,744.3313961212128,729.2943982197742,738.6925219081734,735.6851223278857,,1664235.979973466,1071407244.0
1997-05-01,745.8350959113567,733.9464694455318,733.9464694455318,743.9554711736768,,3777790.689792085,1071407244.0
1997-05-02,748.0906455965726,736.8128971704936,739.0684468557093,745.4591709638207,,2191404.4720761552,1071407244.0
1997-05-05,,,,,,,
1997-05-06,754.105444757148,740.5721466458531,754.105444757148,742.4517713835331,,2865675.508168463,1071407244.0
1997-05-07,748.0906455965726,740.5721466458531,744.1434336474449,745.8350959113567,,1925968.15897272,1071407244.0
1997-05-08,751.8498950719321,742.827696331069,745.8350959113567,750.7221202293244,,1341852.8417729489,1071407244.0
1997-05-09,757.1128443374357,749.5943453867162,751.8498950719321,755.2332195997558,,3083598.4331270643,1071407244.0
1997-05-12,759.3683940226514,752.6017449670042,753.3535948620761,756.3609944423639,,3194281.833764272,1071407244.0
1997-05-13,764.631343288155,755.6091445472919,757.1128443374357,762.7517185504753,,3001755.226944792,1071407244.0
1997-05-14,769.1424426585866,759.3683940226514,763.879493393083,765.007268235691,,1638106.0980215566,1071407244.0
1997-05-15,772.1498422388743,765.383193183227,765.383193183227,771.3979923438023,,2167523.7016162616,1071407244.0
1997-05-16,793.2016393008886,772.1498422388743,772.1498422388743,783.8035156124892,,3703777.0062849233,1071407244.0
1997-05-19,796.9608887762481,785.6831403501692,789.4423898255287,795.0812640385682,,2152789.479290744,1071407244.0
1997-05-20,800.7201382516078,789.4423898255287,796.9608887762481,790.570164668137,,2573092.491986481,1071407244.0
1997-05-21,799.9682883565359,789.4423898255287,791.1340520894406,798.4645885663921,,2824048.7880460573,1071407244.0
1997-05-22,809.742336992471,795.4571889861041,795.4571889861041,809.366412044935,,3841960.576392319,1071407244.0
1997-05-23,819.5163856284063,805.2312376220392,814.0654738891346,808.6145621498631,,5224060.166758665,1071407244.0
1997-05-26,,,,,,,
1997-05-27,808.2386372023271,801.4719881466797,808.2386372023271,804.8553126745032,,2931830.616968324,1071407244.0
1997-05-28,809.742336992471,801.4719881466797,804.4793877269674,807.8627122547912,,4208265.545258224,1071407244.0
1997-05-29,809.742336992471,795.4571889861041,807.8627122547912,796.5849638287121,,3580554.022253857,1071407244.0
1997-05-30,799.9682883565359,784.1794405600252,797.71273867132,788.6905399304569,,2717330.989802737,1071407244.0
1997-06-02,790.9460896156726,777.9766789256818,790.9460896156726,781.1720409797375,,2006126.347287993,1071407244.0
1997-06-03,784.9312904550973,772.9016921339463,784.9312904550973,775.5331667666981,,1476396.434347249,1071407244.0
1997-06-04,786.4349902452411,774.4053919240902,774.7813168716261,775.5331667666981,,2172527.914160929,1071407244.0
1997-06-05,776.6609416093061,764.631343288155,771.3979923438023,768.0146678159788,,2150518.5787745854,1071407244.0
1997-06-06,784.1794405600252,763.1276434980111,767.4507803946748,783.0516657174174,,1983665.4949013684,1071407244.0
1997-06-09,793.2016393008886,781.9238908748094,781.9238908748094,789.0664648779929,,1648084.2605773609,1071407244.0
1997-06-10,805.9830875171112,788.3146149829208,790.9460896156726,802.2238380417516,,4028589.6206773,1071407244.0
1997-06-11,811.9978866776868,802.9756879368236,802.9756879368236,810.1182619400068,,4642675.740584721,1071407244.0
1997-06-12,823.2756351037658,812.7497365727586,815.7571361530464,821.0200854185498,,2853007.6116324337,1071407244.0
1997-06-13,828.5385843692693,820.268235523478,820.268235523478,825.1552598414453,,1960645.390895093,1071407244.0
1997-06-16,834.5533835298448,819.5163856284063,824.4034099463738,833.8015336347728,,2161733.8737011324,1071407244.0
1997-06-17,849.5903814312834,828.5385843692693,837.5607831101324,831.545983949557,,6955244.1339105,1071407244.0
1997-06-18,833.8015336347728,757.1128443374357,833.8015336347728,815.3812112055106,,4918523.575724122,1071407244.0
1997-06-19,822.2411648331364,798.4645885663921,815.0052862579745,801.0960631991437,,5729531.63282105,1071407244.0
1997-06-20,802.2238380417516,792.9610473344654,801.0960631991437,799.592363409,,4912057.077559242,1071407244.0
1997-06-23,802.2238380417516,793.2016393008886,798.4645885663921,801.8479130942155,,2611414.5434473143,1071407244.0
1997-06-24,815.7571361530464,795.4571889861041,801.0960631991437,813.8775114153666,,6444042.154498708,1071407244.0
1997-06-25,821.0200854185498,810.4941868875429,814.6293613104385,815.0052862579745,,6063176.06499908,1071407244.0
1997-06-26,816.1330611005824,795.3444115018434,816.1330611005824,798.0886636188561,,5348842.276517243,1071407244.0
1997-06-27,799.9682883565359,784.1794405600252,799.9682883565359,788.3146149829208,,3782951.057009772,1071407244.0
1997-06-30,793.2016393008886,778.1646413994499,788.6905399304569,786.810915192777,,2262920.891316348,1071552084.0
1997-07-01,803.7275378318956,783.4275906649533,785.8711028239371,798.8405135139279,,2623791.919661447,1071552084.0
1997-07-02,815.0052862579745,789.2544273517607,800.7201382516078,792.8257143533525,,3678673.629470382,1071552084.0
1997-07-03,792.8257143533525,770.6461424487306,784.9312904550973,785.6831403501692,,5986332.22935611,1071552084.0
1997-07-04,795.4571889861041,780.4201910846656,787.1868401403129,782.2998158223455,,3148252.5202637925,1071552084.0
1997-07-07,790.1942397206008,766.8868929733708,787.1868401403129,768.0146678159788,,2727047.684068834,1071552084.0
1997-07-08,770.6461424487306,755.6091445472919,770.6461424487306,758.6165441275796,,3385209.3683119803,1071552084.0
1997-07-09,760.1202439177234,749.5943453867162,757.1128443374357,757.4887692849717,,6003807.026718186,1071552084.0
1997-07-10,771.3979923438023,756.1730319685958,760.8720938127952,769.5183676061225,,4269705.751333972,1071552084.0
1997-07-11,772.9016921339463,760.1202439177234,769.1424426585866,761.6239437078673,,3751873.8560762326,1071552084.0
1997-07-14,763.879493393083,756.3609944423639,761.6239437078673,758.6165441275796,,2449267.8887888207,1071552084.0
1997-07-15,757.1128443374357,749.5943453867162,757.1128443374357,751.4739701243961,,2873929.916814348,1071552084.0
1997-07-16,759.3683940226514,749.5943453867162,752.97766991454,754.8572946522199,,2525786.0995709985,1071552084.0
1997-07-17,772.1498422388743,750.3461952817884,754.8572946522199,766.8868929733708,,3637045.6988466345,1071552084.0
1997-07-18,779.6683411895935,766.8868929733708,769.8942925536585,768.7665177110507,,5076858.361659065,1071552084.0
1997-07-21,765.383193183227,750.3461952817884,765.383193183227,755.9850694948277,,1156174.0410408375,1071552084.0
1997-07-22,757.1128443374357,750.3461952817884,752.6017449670042,753.729519809612,,1717144.5725961863,1071552084.0
1997-07-23,763.1276434980111,750.3461952817884,754.8572946522199,751.8498950719321,,1827991.390914461,1071552084.0
1997-07-24,753.3535948620761,733.0536476951338,749.5943453867162,733.8054975902058,,1882781.1026214613,1071552084.0
1997-07-25,738.3165969606375,730.7980980099182,734.5573474852777,732.3017978000619,,1227640.8297260394,1071552084.0
1997-07-28,748.0906455965726,731.54994790499,731.9258728525259,746.2110208588927,,2989153.90798253,1071552084.0
1997-07-29,759.3683940226514,744.3313961212128,744.3313961212128,756.7369193898998,,2693319.4851979897,1071552084.0
1997-07-30,763.1276434980111,749.5943453867162,757.8646942325076,752.6017449670042,,2703620.851611904,1071552084.0
1997-07-31,760.8720938127952,742.827696331069,754.8572946522199,743.203621278605,,2775058.588264916,1071880127.0
1997-08-01,748.0906455965726,736.8128971704936,744.3313961212128,737.5647470655655,,2423069.008260461,1071880127.0
1997-08-04,740.5721466458531,733.0536476951338,739.0684468557093,736.0610472754215,,1263883.2398826298,1071880127.0
1997-08-05,745.8350959113567,736.0610472754215,738.3165969606375,744.3313961212128,,2611657.8542169025,1071880127.0
1997-08-06,760.8720938127952,745.6471334375886,745.6471334375886,760.1202439177234,,4457016.30787407,1071880127.0
1997-08-07,777.6082724770965,759.3683940226514,760.4961688652594,771.7739172913384,,4206586.579897931,1071880127.0
1997-08-08,805.9830875171112,774.4053919240902,774.4053919240902,803.3516128843594,,4449358.676389414,1071880127.0
1997-08-11,802.2238380417516,732.3017978000619,799.2164384614637,800.3442133040718,,2649455.7585969805,1071880127.0
1997-08-12,810.4941868875429,796.9608887762481,800.7201382516078,802.9756879368236,,1635521.677658019,1071880127.0
1997-08-13,799.9682883565359,783.4275906649533,799.9682883565359,788.3146149829208,,2209363.469974725,1071880127.0
1997-08-14,794.7053390910323,782.6757407698815,791.6979395107446,785.3072154026331,,1403113.8936501942,1071880127.0
1997-08-15,794.7053390910323,772.9016921339463,788.6905399304569,774.4053919240902,,1769486.650591209,1071880127.0
1997-08-18,816.5089860481183,759.3683940226514,763.1276434980111,761.2480187603314,,1512413.69125437,1071880127.0
1997-08-19,766.1350430782988,744.3313961212128,764.631343288155,750.7221202293244,,2470036.460300398,1071880127.0
1997-08-20,771.3979923438023,750.3461952817884,754.8572946522199,756.7369193898998,,2941918.9351461804,1071880127.0
1997-08-21,762.3757936029392,755.6091445472919,756.3609944423639,758.2406191800437,,2038923.6706274275,1071880127.0
1997-08-22,758.2406191800437,744.3313961212128,757.1128443374357,751.4739701243961,,1388643.5606170653,1071880127.0
1997-08-25,,,,,,,
1997-08-26,754.8572946522199,746.5869458064286,753.3535948620761,751.4739701243961,,929701.3451090904,1071880127.0
1997-08-27,757.1128443374357,748.8424954916444,752.6017449670042,755.2332195997558,,1434203.1995971452,1071880127.0
1997-08-28,760.8720938127952,748.0906455965726,754.8572946522199,749.9702703342524,,4038748.147932948,1071880127.0
1997-08-29,748.0906455965726,727.7906984296303,748.0906455965726,731.54994790499,,2379079.389519964,1071880127.0
1997-09-01,733.0536476951338,727.7906984296303,730.7980980099182,728.9184732722382,,2632333.217125205,1071880127.0
1997-09-02,732.3017978000619,722.5277491641269,728.5425483247022,727.4147734820945,,11033889.19554923,1071880127.0
1997-09-03,749.5943453867162,735.3091973803497,736.8128971704936,741.6999214884611,,3393071.5745233046,1071880127.0
1997-09-04,743.5795462261408,733.0536476951338,736.8128971704936,742.4517713835331,,3382002.7502590474,1071880127.0
1997-09-05,757.1128443374357,741.3239965409251,743.5795462261408,750.3461952817884,,988618.866389704,1071880127.0
1997-09-08,763.1276434980111,752.6017449670042,758.6165441275796,754.105444757148,,669495.6083011341,1071880127.0
1997-09-09,764.631343288155,752.6017449670042,753.3535948620761,760.4961688652594,,2105018.254360226,1071880127.0
1997-09-10,772.9016921339463,763.1276434980111,765.383193183227,770.6461424487306,,3083962.794030776,1071880127.0
1997-09-11,769.1424426585866,748.0906455965726,769.1424426585866,748.8424954916444,,2693395.746782488,1071880127.0
1997-09-12,750.3461952817884,733.8054975902058,750.3461952817884,734.9332724328139,,3008975.867445261,1071880127.0
1997-09-15,739.8202967507813,733.0536476951338,733.8054975902058,736.8128971704936,,1781833.764271811,1071880127.0
1997-09-16,730.7980980099182,718.3925747412313,729.2943982197742,728.5425483247022,,4584079.002159535,1071880127.0
1997-09-17,733.8054975902058,718.3925747412313,729.2943982197742,728.1666233771663,,3797841.434008309,1071880127.0
1997-09-18,750.3461952817884,726.2869986394865,726.2869986394865,745.4591709638207,,2574519.673067798,1071880127.0
1997-09-19,755.6091445472919,746.5869458064286,748.0906455965726,747.3387957015005,,3435399.174922286,1071880127.0
1997-09-22,755.6091445472919,742.075846435997,751.0980451768603,749.9702703342524,,2279072.610712453,1071880127.0
1997-09-23,757.4887692849717,736.8128971704936,754.8572946522199,738.6925219081734,,5282178.757154063,1071880127.0
1997-09-24,744.3313961212128,734.5573474852777,738.3165969606375,737.9406720131014,,3123388.822714816,1071880127.0
1997-09-25,741.3239965409251,734.5573474852777,740.5721466458531,736.8128971704936,,2922823.2764881905,1071880127.0
1997-09-26,748.0906455965726,737.5647470655655,739.8202967507813,739.8202967507813,,4513313.093750908,1071880127.0
1997-09-29,744.3313961212128,730.7980980099182,739.0684468557093,734.1814225377418,,4259360.806871775,1071880127.0
1997-09-30,747.3387957015005,734.5573474852777,737.5647470655655,744.7073210687487,,3565563.1736439965,1071947624.0
1997-10-01,759.3683940226514,744.3313961212128,745.8350959113567,758.2406191800437,,4424383.612717044,1071947624.0
1997-10-02,772.1498422388743,748.0906455965726,766.8868929733708,752.97766991454,,3315996.533124159,1071947624.0
1997-10-03,762.3757936029392,749.5943453867162,754.105444757148,752.6017449670042,,3063674.791551669,1071947624.0
1997-10-06,751.8498950719321,740.5721466458531,751.8498950719321,742.4517713835331,,2865670.666163098,1071947624.0
1997-10-07,745.8350959113567,737.5647470655655,745.8350959113567,740.5721466458531,,3075793.1204787777,1071947624.0
1997-10-08,745.0832460162849,731.54994790499,742.075846435997,733.8054975902058,,2474593.99785015,1071947624.0
1997-10-09,736.0610472754215,725.5351487444145,735.3091973803497,729.6703231673101,,3207738.977174787,1071947624.0
1997-10-10,736.8128971704936,729.2943982197742,732.3017978000619,732.677722747598,,3748304.087620929,1071947624.0
1997-10-13,749.5943453867162,730.7980980099182,733.8054975902058,746.2110208588927,,3442337.768610248,1071947624.0
1997-10-14,748.0906455965726,734.5573474852777,746.5869458064286,740.1962216983172,,3003267.1431199946,1071947624.0
1997-10-15,738.3165969606375,731.54994790499,738.1286344868693,736.8128971704936,,3472160.8901542667,1071947624.0
1997-10-16,742.827696331069,730.61013553615,735.8730848016536,742.075846435997,,3421668.458208652,1071947624.0
1997-10-17,740.5721466458531,726.6629235870224,736.8128971704936,733.8054975902058,,2586280.904099242,1071947624.0
1997-10-20,731.54994790499,706.7389013676161,725.5351487444145,722.5277491641269,,2869054.017411852,1071947624.0
1997-10-21,725.5351487444145,718.7684996887672,721.7758992690549,721.7758992690549,,1396079.6703562748,1071947624.0
1997-10-22,724.0314489542706,681.1760049351705,720.272199478911,695.4611529415373,,4544253.508032887,1071947624.0
1997-10-23,676.664905564739,641.3279604963582,676.664905564739,645.0872099717178,,12556101.8951609,1071947624.0
1997-10-24,676.664905564739,639.0724108111424,676.664905564739,643.583510181574,,1976801.9522965632,1071947624.0
1997-10-27,639.0724108111424,597.720666582186,639.0724108111424,601.4799160575458,,8633632.085064352,1071947624.0
1997-10-28,607.8706401656572,499.9801802228349,603.7354657427616,556.3689223532298,,11189916.765927777,1071947624.0
1997-10-29,608.9984150082652,515.0171781242735,608.9984150082652,603.7354657427616,,7459019.687593814,1071947624.0
1997-10-30,616.5169139589843,563.8874213039492,604.2053719271815,593.2095672117545,,5824796.877874941,1071947624.0
1997-10-31,593.5854921592904,542.459699294399,592.0817923691468,577.4207194152439,,3799478.0318216593,1071953559.0
1997-11-03,597.720666582186,586.4429181561072,590.2021676314668,590.2021676314668,,2640139.7402748326,1071953559.0
1997-11-04,593.2095672117545,587.194768051179,590.2021676314668,591.7058674216106,,2032621.8006449551,1071953559.0
1997-11-05,599.9762162674019,586.4429181561072,592.0817923691468,593.9614171068265,,3176811.8784075617,1071953559.0
1997-11-06,594.7132670018984,588.6984678413228,593.2095672117545,590.2021676314668,,2663102.950718069,1071953559.0
1997-11-07,592.0817923691468,562.0002780673186,591.1419800003066,564.2633462514851,,2198760.688726844,1071953559.0
1997-11-10,586.4429181561072,565.3911210940929,581.1799688906035,575.1651697300282,,2199342.939871977,1071953559.0
1997-11-11,579.6762691004596,567.6466707793088,572.7216575710444,575.1651697300282,,3141186.823935001,1071953559.0
1997-11-12,578.9244192053878,552.6096728778701,574.9772072562602,558.6244720384457,,2814056.0994741586,1071953559.0
1997-11-13,569.1503705694528,557.1207722483017,560.1281718285895,561.6318716187334,,2395395.737098477,1071953559.0
1997-11-14,578.7898380741699,553.3615227729421,562.0077965662692,567.6466707793088,,2025008.9577099248,1071953559.0
1997-11-17,593.9614171068265,560.1281718285895,566.8948208842369,566.8948208842369,,3388245.305675799,1071953559.0
1997-11-18,567.6466707793088,554.8652225630859,559.3763219335175,561.2559466711973,,3933183.957467825,1071953559.0
1997-11-19,580.8040439430675,531.557875815856,559.0003969859815,541.3319244517911,,4622185.584381628,1071953559.0
1997-11-20,551.8578229827982,542.083774346863,542.083774346863,548.0985735074385,,5250514.463070026,1071953559.0
1997-11-21,569.9022204645246,547.3467236123665,547.7226485599026,567.6466707793088,,4549066.461365639,1071953559.0
1997-11-24,568.3985206743807,551.1059730877264,565.015196146557,554.8652225630859,,1888587.8775553685,1071953559.0
1997-11-25,559.3763219335175,549.6022732975824,555.3821193659479,554.1133726680141,,1707541.665456165,1071953559.0
1997-11-26,560.1281718285895,545.8430238222227,553.1735602991741,558.6244720384457,,3531152.252016696,1071953559.0
1997-11-27,561.6318716187334,551.1059730877264,555.9929974056939,551.8578229827982,,1883555.8234798529,1071953559.0
1997-11-28,556.3689223532298,537.5726749764314,551.9518042196823,537.5726749764314,,1664131.8768581196,1071953559.0
1997-12-01,548.8504234025105,535.3171252912157,537.0388615509304,545.0911739271507,,2535627.475475243,1071953559.0
1997-12-02,551.1059730877264,534.1893504486078,543.963399084543,547.3467236123665,,3925919.738919071,1071953559.0
1997-12-03,559.3763219335175,546.692614203654,546.7828361910626,553.3615227729421,,5289125.824351414,1071953559.0
1997-12-04,558.6244720384457,552.5194508904615,552.985597825406,555.9929974056939,,3052127.819257624,1071953559.0
1997-12-05,574.7892447824922,555.9929974056939,558.6244720384457,565.7670460416289,,2553452.107724936,1071953559.0
1997-12-08,593.9614171068265,575.9170196251,576.668869520172,589.4503177363948,,3402667.2186552784,1071953559.0
1997-12-09,601.4799160575458,583.0595936282834,592.0817923691468,594.3373420543624,,1960013.5091949685,1071953559.0
1997-12-10,596.9688166871141,575.541094677564,596.9688166871141,586.4429181561072,,1785317.5871318867,1071953559.0
1997-12-11,587.570692998715,556.3689223532298,563.8874213039492,563.8874213039492,,3284533.182262766,1071953559.0
1997-12-12,564.6392711990211,538.3245248715034,556.3689223532298,539.8282246616474,,2813308.009645275,1071953559.0
1997-12-15,563.1355714088771,540.5800745567193,541.7078493993271,545.4670988746867,,2933662.105497613,1071953559.0
1997-12-16,555.6170724581578,526.2949265503526,552.6096728778701,542.083774346863,,5086588.371439916,1071953559.0
1997-12-17,560.1281718285895,539.5500402004707,545.0911739271507,551.1059730877264,,3246217.183308639,1071953559.0
1997-12-18,561.6318716187334,545.6550613484549,554.1133726680141,556.3689223532298,,2472992.5045756954,1071953559.0
1997-12-19,559.0003969859815,518.7764275996333,545.0911739271507,526.2949265503526,,4488198.822424295,1071953559.0
1997-12-22,551.8578229827982,511.257928648914,524.7912267602087,539.8282246616474,,2307802.649545336,1071953559.0
1997-12-23,555.6170724581578,540.1139276217746,548.8504234025105,552.985597825406,,2740472.143943136,1071953559.0
1997-12-24,552.6096728778701,526.2949265503526,548.0985735074385,530.0541760257121,,636457.3951947939,1071953559.0
1997-12-25,,,,,,,
1997-12-26,,,,,,,
1997-12-29,551.1059730877264,537.5726749764314,539.8282246616474,547.7226485599026,,1649603.4397606114,1071953559.0
1997-12-30,561.6318716187334,546.5948737172947,555.241147510622,556.3689223532298,,2062092.6662986744,1071953559.0
1997-12-31,568.3985206743807,557.4966971958377,565.015196146557,563.8874213039492,,957967.7619282802,1071953559.0
1998-01-01,,,,,,,
1998-01-02,574.4133198349562,563.1355714088771,571.4059202546684,567.6466707793088,,554426.56130463,1071953559.0
1998-01-05,590.2021676314668,566.8948208842369,571.4059202546684,577.4207194152439,,3132722.9985570824,1071953559.0
1998-01-06,584.9392183659631,560.1281718285895,577.4207194152439,581.1799688906035,,2619438.956838364,1071953559.0
1998-01-07,584.9392183659631,548.8504234025105,575.9170196251,553.3615227729421,,3763929.2389335968,1071953559.0
1998-01-08,563.1355714088771,542.835624241935,557.8726221433736,545.8430238222227,,3512574.6879327544,1071953559.0
1998-01-09,552.6096728778701,530.0541760257121,541.3319244517911,535.3171252912157,,2475179.8804993075,1071953559.0
1998-01-12,533.8134255010718,515.0171781242735,528.5504762355685,525.5430766552806,,3660477.37330893,1071953559.0
1998-01-13,535.3171252912157,518.7764275996333,532.309725710928,524.4153018126727,,3393287.0437620445,1071953559.0
1998-01-14,560.8800217236615,519.9042024422412,558.6244720384457,536.0689751862877,,4838918.586521794,1071953559.0
1998-01-15,553.3615227729421,537.0087875551276,543.587474137007,545.4670988746867,,3797287.024394023,1071953559.0
1998-01-16,563.1355714088771,542.083774346863,551.8578229827982,545.0911739271507,,12071130.26931234,1071953559.0
1998-01-19,553.4991113037403,544.7152489796149,553.3615227729421,551.1059730877264,,8545461.58837144,1071953559.0
1998-01-20,576.668869520172,547.3467236123665,547.3467236123665,566.142970989165,,7199419.201456476,1071953559.0
1998-01-21,597.720666582186,548.8504234025105,571.4059202546684,594.7132670018984,,10224523.78877236,1071953559.0
1998-01-22,595.4651168969704,573.6614699398842,582.6836686807474,587.946617946251,,3315681.802775437,1071953559.0
1998-01-23,593.9614171068265,572.1577701497405,587.946617946251,580.4281189955317,,3695141.289716549,1071953559.0
1998-01-26,592.4577173166826,579.3003441529237,582.3077437332114,587.194768051179,,6101571.957041728,1071953559.0
1998-01-27,595.4651168969704,566.142970989165,587.946617946251,571.7818452022044,,4800477.90592952,1071953559.0
1998-01-28,581.5558938381396,567.0827833580048,577.4207194152439,578.1725693103158,,3970207.1409895127,1071953559.0
1998-01-29,588.6984678413228,575.9170196251,577.4207194152439,582.6836686807474,,3289508.342775244,1071953559.0
1998-01-30,593.9614171068265,571.4059202546684,583.4355185758194,587.946617946251,,3130594.9371991907,1071953559.0
1998-02-02,613.5095143786966,593.9614171068265,597.720666582186,612.7576644836247,,5140467.786138307,1072121062.0
1998-02-03,640.2001856537502,602.517468912745,615.0132141688405,625.9150376473835,,7606871.531913658,1072121062.0
1998-02-04,627.0428124899915,604.1113906902975,625.5391126998475,607.4947152181212,,4588486.437542973,1072121062.0
1998-02-05,662.3797575583723,605.9007934405688,608.9984150082652,610.5021147984089,,5388639.929113042,1072121062.0
1998-02-06,627.7946623850634,606.7428653230493,612.005814588553,624.0354129097037,,2534916.911187938,1072121062.0
1998-02-09,638.5085233898384,616.5169139589843,627.7946623850634,623.2835630146318,,3139673.6972584566,1072121062.0
1998-02-10,630.0502120702793,592.4577173166826,620.2761634343441,605.2391655329053,,4773377.20190194,1072121062.0
1998-02-11,614.2613642737685,589.4503177363948,605.2391655329053,601.4799160575458,,2469994.092753455,1072121062.0
1998-02-12,620.2761634343441,594.2621570648552,601.4799160575458,615.0132141688405,,9247300.582009044,1072121062.0
1998-02-13,619.5243135392722,603.7354657427616,612.005814588553,607.4947152181212,,3481020.549470769,1072121062.0
1998-02-16,618.0206137491282,601.4799160575458,610.5021147984089,602.9836158476896,,1769710.5933393375,1072121062.0
1998-02-17,612.005814588553,601.8558410050816,601.8558410050816,605.2391655329053,,1585875.386149928,1072121062.0
1998-02-18,608.2465651131931,563.5114963564133,604.4873156378335,602.2317659526176,,1495063.5755304417,1072121062.0
1998-02-19,615.0132141688405,595.4651168969704,602.2317659526176,614.2613642737685,,1753195.723540862,1072121062.0
1998-02-20,614.0132538083949,599.2243663723299,608.9984150082652,603.3595407952256,,2450190.2908108425,1072121062.0
1998-02-23,612.7576644836247,591.7058674216106,612.7576644836247,596.9688166871141,,3771905.2322709975,1072121062.0
1998-02-24,599.9762162674019,578.9244192053878,599.9762162674019,589.4503177363948,,2712761.347239573,1072121062.0
1998-02-25,601.4799160575458,572.9096200448123,592.4577173166826,593.9614171068265,,1806311.3118929337,1072121062.0
1998-02-26,624.0354129097037,588.1947284116247,593.9614171068265,610.5021147984089,,5201968.517281118,1072121062.0
1998-02-27,627.0428124899915,608.622490060729,612.7576644836247,616.5169139589843,,3627572.3153501255,1072121062.0
1998-03-02,642.831660286502,580.4281189955317,620.2761634343441,636.8168611259266,,2408972.720141774,1072121062.0
1998-03-03,648.4705344995414,627.4412929343795,631.553911860423,637.9446359685344,,2219528.049737079,1072121062.0
1998-03-04,640.5761106012861,620.2761634343441,627.7946623850634,631.553911860423,,2189994.238013616,1072121062.0
1998-03-05,629.6742871227432,607.4947152181212,620.2761634343441,623.2835630146318,,2411660.0331193167,1072121062.0
1998-03-06,627.7946623850634,613.5095143786966,613.5095143786966,624.4113378572397,,1928760.7855669504,1072121062.0
1998-03-09,672.1538061943074,600.3521412149379,624.0354129097037,636.8168611259266,,1473260.0253721082,1072121062.0
1998-03-10,645.8390598667897,630.0502120702793,634.9372363882467,630.0502120702793,,2273700.40576005,1072121062.0
1998-03-11,641.3279604963582,624.7872628047757,633.0576116505669,636.0650112308547,,2722717.720771235,1072121062.0
1998-03-12,639.0724108111424,608.9984150082652,627.4187374375274,619.5243135392722,,2106426.0674200826,1072121062.0
1998-03-13,667.6427068238759,616.5169139589843,625.5391126998475,621.0280133294159,,1790626.8460145455,1072121062.0
1998-03-16,625.1631877523116,597.720666582186,601.4799160575458,602.9836158476896,,2250863.087456301,1072121062.0
1998-03-17,615.3891391163766,598.0514805360177,608.2465651131931,604.1113906902975,,3594787.097024104,1072121062.0
1998-03-18,621.7798632244879,604.4873156378335,610.126189850873,608.2465651131931,,2079267.259328124,1072121062.0
1998-03-19,615.3891391163766,606.7428653230493,610.5021147984089,612.005814588553,,1554648.0830500762,1072121062.0
1998-03-20,622.5317131195598,584.1873684708913,619.1483885917361,597.720666582186,,4300695.796170943,1072121062.0
1998-03-23,610.5021147984089,590.9540175265387,597.720666582186,590.9540175265387,,5440612.804198988,1072121062.0
1998-03-24,611.2539646934808,590.2021676314668,590.2021676314668,599.9762162674019,,4240955.133978289,1072121062.0
1998-03-25,608.9984150082652,593.9614171068265,598.472516477258,601.4799160575458,,5633294.355190146,1072121062.0
1998-03-26,607.4947152181212,597.720666582186,601.4799160575458,601.4799160575458,,4724338.582067149,1072121062.0
1998-03-27,641.3279604963582,596.2169667920423,601.4799160575458,607.4947152181212,,1695646.0687758443,1072121062.0
1998-03-30,615.0132141688405,597.720666582186,604.1113906902975,603.7354657427616,,1777599.4305801692,1072121062.0
1998-03-31,610.5021147984089,601.4799160575458,603.7354657427616,602.9836158476896,,1928667.576963676,1072121062.0
1998-04-01,612.7576644836247,598.472516477258,601.4799160575458,608.2465651131931,,3071981.251755228,1072121062.0
1998-04-02,612.005814588553,601.4799160575458,608.622490060729,603.7354657427616,,1756836.911575298,1072121062.0
1998-04-03,608.2465651131931,586.4429181561072,608.2465651131931,602.2317659526176,,5733692.125930876,1072121062.0
1998-04-06,610.5021147984089,596.2169667920423,605.2391655329053,598.472516477258,,2607490.0980990287,1072121062.0
1998-04-07,601.8558410050816,596.2169667920423,601.4799160575458,597.720666582186,,2077509.6113806493,1072121062.0
1998-04-08,599.9762162674019,586.4429181561072,596.2169667920423,592.4577173166826,,3702090.7779165823,1072121062.0
1998-04-09,601.4799160575458,575.1651697300282,601.4799160575458,593.2095672117545,,2099724.731995004,1072121062.0
1998-04-10,,,,,,,
1998-04-13,,,,,,,
1998-04-14,604.4873156378335,586.4429181561072,592.4577173166826,590.9540175265387,,1508963.7624318488,1072121062.0
1998-04-15,605.2391655329053,591.7058674216106,591.7058674216106,604.4873156378335,,4506127.557789334,1072121062.0
1998-04-16,635.3131613357828,605.9910154279772,610.5021147984089,625.5391126998475,,4457667.557595654,1072121062.0
1998-04-17,650.7260841847573,621.7798632244879,626.2909625949195,624.0354129097037,,7826456.475213775,1072121062.0
1998-04-20,638.3205609160705,624.0354129097037,633.8094615456388,630.0502120702793,,2910409.5852338206,1072121062.0
1998-04-21,631.7418743341909,616.5169139589843,628.5465122801352,627.0428124899915,,3601245.121679595,1072121062.0
1998-04-22,637.5687110209985,623.2835630146318,627.7946623850634,632.3057617554949,,3593685.54080358,1072121062.0
1998-04-23,652.6057089224371,624.7872628047757,640.2001856537502,650.3501592372213,,6641980.912814852,1072121062.0
1998-04-24,675.1612057745951,649.2223843946135,650.3501592372213,671.4019562992354,,3636590.55034233,1072121062.0
1998-04-27,658.6205080830126,637.9446359685344,658.6205080830126,642.831660286502,,4183734.735578087,1072121062.0
1998-04-28,657.8686581879406,634.5613114407107,642.831660286502,653.357558817509,,2498169.721972052,1072121062.0
1998-04-29,656.3649583977966,647.3427596569337,651.8538590273653,654.109408712581,,3882899.731752903,1072121062.0
1998-04-30,650.3501592372213,641.3279604963582,648.0946095520055,645.4631349192537,,7249495.220940705,1072215179.0
1998-05-01,648.8464594470773,639.0724108111424,640.2001856537502,647.3427596569337,,2171170.942157404,1072215179.0
1998-05-04,,,,,,,
1998-05-05,652.6057089224371,642.831660286502,646.5909097618618,649.2223843946135,,3005078.053126483,1072215179.0
1998-05-06,659.6091906950322,644.335360076646,645.0872099717178,654.861258607653,,2389831.062432817,1072215179.0
1998-05-07,649.5983093421494,640.5761106012861,643.9594351291098,648.4705344995414,,2576276.1105139307,1072215179.0
1998-05-08,650.3501592372213,622.5317131195598,646.5909097618618,648.0946095520055,,3905586.9478903385,1072215179.0
1998-05-11,663.5075324009802,639.8242607062143,646.5909097618618,662.7556825059082,,2482095.474661786,1072215179.0
1998-05-12,657.8686581879406,651.8538590273653,651.8538590273653,655.613108502725,,2559034.9399107136,1072215179.0
1998-05-13,653.357558817509,633.6214990718707,648.8464594470773,645.8390598667897,,3975969.127373793,1072215179.0
1998-05-14,643.207585234038,625.5391126998475,639.8242607062143,631.9298368079591,,5336220.379032181,1072215179.0
1998-05-15,630.0502120702793,616.5169139589843,624.0354129097037,629.2983621752073,,3951208.3224388217,1072215179.0
1998-05-18,624.7872628047757,608.9984150082652,621.0280133294159,614.6372892213045,,2944602.616619699,1072215179.0
1998-05-19,624.0354129097037,608.9984150082652,615.0132141688405,619.5243135392722,,2846147.700531652,1072215179.0
1998-05-20,660.1242078731564,613.5095143786966,615.7650640639125,619.5243135392722,,3039461.133222936,1072215179.0
1998-05-21,629.035214711932,614.2613642737685,622.5317131195598,614.2613642737685,,1952758.974656944,1072215179.0
1998-05-22,618.7724636442002,608.7653415407927,612.7576644836247,612.005814588553,,1552386.8665446483,1072215179.0
1998-05-25,,,,,,,
1998-05-26,648.8464594470773,602.2317659526176,648.8464594470773,604.4873156378335,,2626360.603507549,1072215179.0
1998-05-27,607.8706401656572,575.1651697300282,590.5780925790027,591.7058674216106,,3540980.3124061865,1072215179.0
1998-05-28,590.2021676314668,560.1281718285895,586.4429181561072,567.6466707793088,,6700416.654561654,1072215179.0
1998-05-29,584.9392183659631,566.142970989165,568.7744456219167,575.541094677564,,4759394.700909329,1072215179.0
1998-06-01,575.9170196251,557.8726221433736,563.8874213039492,571.4059202546684,,999255.5416751404,1072215179.0
1998-06-02,580.4281189955317,565.3911210940929,569.1503705694528,578.9244192053878,,944243.0977213524,1072215179.0
1998-06-03,595.8410418445062,575.1651697300282,580.4281189955317,583.8114435233554,,1470680.4470139353,1072215179.0
1998-06-04,584.1873684708913,562.3837215138053,577.4207194152439,567.6466707793088,,3327447.8758122465,1072215179.0
1998-06-05,581.9318187856754,561.2559466711973,570.6540703595965,572.9096200448123,,1218828.379961845,1072215179.0
1998-06-08,589.4503177363948,574.0373948874203,574.0373948874203,582.6836686807474,,2040776.9481808587,1072215179.0
1998-06-09,584.9392183659631,556.3689223532298,579.3003441529237,558.2485470909097,,5769416.441513417,1072215179.0
1998-06-10,563.8874213039492,542.083774346863,563.8874213039492,555.6170724581578,,3144329.2854168485,1072215179.0
1998-06-11,562.3837215138053,534.9412003436797,554.8652225630859,539.0763747665753,,3518983.082033255,1072215179.0
1998-06-12,541.3319244517911,520.2801273897771,537.9485999239674,527.0467764454244,,4914817.020617259,1072215179.0
1998-06-15,529.3023261306403,507.4986791735541,529.3023261306403,516.5208779144174,,5891131.140873305,1072215179.0
1998-06-16,522.5356770749928,510.13015380630594,522.5356770749928,511.257928648914,,3214333.7884818376,1072215179.0
1998-06-17,536.8208250813598,507.8746041210901,516.5208779144174,536.8208250813598,,5339861.567066616,1072215179.0
1998-06-18,548.8504234025105,530.0541760257121,543.587474137007,538.3245248715034,,2743104.984360323,1072215179.0
1998-06-19,542.835624241935,530.0541760257121,530.0541760257121,533.8134255010718,,3250158.575675702,1072215179.0
1998-06-22,541.3319244517911,526.2949265503526,529.3023261306403,531.1819508683202,,2447832.234198116,1072215179.0
1998-06-23,537.5726749764314,511.257928648914,531.557875815856,511.257928648914,,5059613.559551824,1072215179.0
1998-06-24,521.7838271799209,505.2431294883384,511.257928648914,521.031977284849,,1872076.6392609165,1072215179.0
1998-06-25,527.7986263404964,514.2653282292016,522.5356770749928,516.8968028619535,,2523391.727918035,1072215179.0
1998-06-26,523.6634519176008,510.506078753842,523.6634519176008,514.6412531767376,,1732747.934884712,1072215179.0
1998-06-29,522.5356770749928,511.257928648914,515.0171781242735,518.7764275996333,,2954055.421593407,1072215179.0
1998-06-30,521.4079022323849,496.2209307474752,515.7690280193455,507.4986791735541,,1650007.747208584,1072391066.0
1998-07-01,522.5356770749928,516.1449529668814,517.2727278094894,517.2727278094894,,8499602.955560075,1072391066.0
1998-07-02,524.0393768651367,515.0171781242735,518.0245777045612,518.7764275996333,,7088796.32588633,1072391066.0
1998-07-03,521.031977284849,510.8820037013779,518.7764275996333,519.5282774947051,,3889561.120633722,1072391066.0
1998-07-06,533.8134255010718,515.0171781242735,515.0171781242735,530.430100973248,,6289585.814861083,1072391066.0
1998-07-07,541.3319244517911,527.7986263404964,530.430100973248,533.0615756059999,,6470957.651821079,1072391066.0
1998-07-08,537.5726749764314,528.5504762355685,533.6254630273038,537.5726749764314,,3446353.0015591257,1072391066.0
1998-07-09,537.5726749764314,521.031977284849,537.5726749764314,524.7912267602087,,4138635.087107677,1072391066.0
1998-07-10,526.2949265503526,517.2727278094894,522.5356770749928,522.5356770749928,,2906471.8243707814,1072391066.0
1998-07-13,530.0541760257121,515.0171781242735,524.7912267602087,527.0467764454244,,2537613.9081762102,1072391066.0
1998-07-14,542.835624241935,517.2727278094894,527.0467764454244,539.8282246616474,,2537767.6418465474,1072391066.0
1998-07-15,543.587474137007,527.7986263404964,535.6930502387517,533.4375005535358,,2152061.9679846605,1072391066.0
1998-07-16,558.6244720384457,537.5726749764314,539.0763747665753,554.1133726680141,,5001050.715164193,1072391066.0
1998-07-17,596.9688166871141,552.5946358799688,558.6244720384457,569.1503705694528,,3363754.4425399224,1072391066.0
1998-07-20,569.1503705694528,556.744847300766,567.6466707793088,561.2559466711973,,2124940.6854342795,1072391066.0
1998-07-21,563.8874213039492,555.6170724581578,557.1207722483017,557.8726221433736,,1233424.6051344625,1072391066.0
1998-07-22,560.8800217236615,547.3467236123665,552.6096728778701,549.6022732975824,,8052890.435102602,1072391066.0
1998-07-23,550.3541231926542,531.557875815856,541.3319244517911,537.9485999239674,,2348140.185739326,1072391066.0
1998-07-24,539.8282246616474,526.2949265503526,539.8282246616474,526.2949265503526,,2257744.787581225,1072391066.0
1998-07-27,533.0615756059999,512.7616284390576,533.0615756059999,512.7616284390576,,3131468.919167563,1072391066.0
1998-07-28,522.9116020225289,511.257928648914,515.0171781242735,518.7764275996333,,2721210.6466013966,1072391066.0
1998-07-29,518.7764275996333,509.75422885877,518.7764275996333,511.257928648914,,2725580.556443257,1072391066.0
1998-07-30,514.6412531767376,509.75422885877,509.75422885877,512.0097785439858,,5128361.562224612,1072391066.0
1998-07-31,529.3023261306403,514.9419931347663,520.6560523373131,517.2727278094894,,3097486.5150150587,1072392085.0
1998-08-03,525.5430766552806,513.1375533865938,513.1375533865938,525.1671517077446,,2082184.567560501,1072392085.0
1998-08-04,527.0467764454244,511.257928648914,522.723639548761,518.0245777045612,,3870805.61285262,1072392085.0
1998-08-05,517.2727278094894,503.73942969819456,515.7690280193455,517.2727278094894,,2545821.107269787,1072392085.0
1998-08-06,524.0393768651367,502.2357299080506,524.0393768651367,510.506078753842,,4190269.021818076,1072392085.0
1998-08-07,512.0097785439858,502.98757980312274,509.0023789636981,511.257928648914,,2567357.136631708,1072392085.0
1998-08-10,511.257928648914,502.2357299080506,505.2431294883384,503.73942969819456,,1059595.4020317057,1072392085.0
1998-08-11,505.2431294883384,494.7172309573313,501.4838800129787,500.73203011790696,,2330751.3339724783,1072392085.0
1998-08-12,507.4986791735541,493.9653810622595,495.46908085240335,498.4764804326911,,1642468.7448553694,1072392085.0
1998-08-13,495.0931559048673,471.40988421010144,490.2061315868997,473.2895089477814,,2689543.931514676,1072392085.0
1998-08-14,492.4616812721157,473.6654338953173,492.4616812721157,473.6654338953173,,2515840.620551408,1072392085.0
1998-08-17,488.7024317967559,456.3728863086628,488.7024317967559,458.6284359938786,,4076477.053736576,1072392085.0
1998-08-18,475.1691336854612,458.6284359938786,463.13953536431023,473.6654338953173,,2432852.2801003265,1072392085.0
1998-08-19,488.7024317967559,465.3950850495261,468.4024846298138,486.4468821115402,,3375254.2052816595,1072392085.0
1998-08-20,487.1987320066119,472.16173410517337,486.82280705907607,475.5450586329971,,3813223.274551388,1072392085.0
1998-08-21,473.2895089477814,460.5080607315585,469.5302594724217,463.89138525938216,,5668701.519421284,1072392085.0
1998-08-24,472.5376590527094,458.6284359938786,469.9061844199575,467.65063473474186,,1717738.9287547332,1072392085.0
1998-08-25,483.4394825312524,465.3950850495261,469.15433452488566,471.7858091576374,,1417175.0772299855,1072392085.0
1998-08-26,469.9061844199575,448.8543873579435,467.65063473474186,451.1099370431593,,3044931.3887839788,1072392085.0
1998-08-27,452.6136368333033,428.5544401910013,452.6136368333033,428.5544401910013,,2643570.301075894,1072392085.0
1998-08-28,442.0877383022961,402.2396938634837,424.7951907156417,439.0803387220084,,2940599.4886842337,1072392085.0
1998-08-31,,,,,,,
1998-09-01,436.0729391417207,417.2766917649224,434.09775428237714,425.9229655582496,,1992407.735587771,1072392085.0
1998-09-02,443.59143809244006,425.54704061071374,426.2988905057856,436.0729391417207,,3973592.913240948,1072392085.0
1998-09-03,442.0877383022961,426.2988905057856,429.3062900860733,439.0803387220084,,10097060.418542944,1072392085.0
1998-09-04,458.6284359938786,428.5544401910013,428.5544401910013,456.3728863086628,,4290014.33233588,1072392085.0
1998-09-07,484.9431823213963,454.8691865185189,454.8691865185189,475.5450586329971,,1960714.389471544,1072392085.0
1998-09-08,478.9283831608208,468.4024846298138,478.3644957395168,471.40988421010144,,2483117.1377937887,1072392085.0
1998-09-09,472.91358400024535,458.6284359938786,463.89138525938216,467.65063473474186,,3045664.952596768,1072392085.0
1998-09-10,468.4024846298138,445.0951378825839,468.4024846298138,450.3580871480874,,4180660.062171349,1072392085.0
1998-09-11,468.4024846298138,439.83218861708025,445.0951378825839,468.4024846298138,,4588045.815054763,1072392085.0
1998-09-14,487.950581901684,466.14693494459794,466.14693494459794,486.82280705907607,,3472061.629044285,1072392085.0
1998-09-15,517.2727278094894,483.0635575837164,484.9431823213963,513.5134783341296,,4573393.906820449,1072392085.0
1998-09-16,518.7764275996333,488.7024317967559,511.257928648914,505.9949793834103,,9080624.231331648,1072392085.0
1998-09-17,505.9949793834103,492.4616812721157,505.9949793834103,500.73203011790696,,3349632.733893069,1072392085.0
1998-09-18,507.4986791735541,488.7024317967559,488.7024317967559,501.4838800129787,,2352610.5671925084,1072392085.0
1998-09-21,496.2209307474752,484.9431823213963,489.8302066393638,489.8302066393638,,4900022.273224679,1072392085.0
1998-09-22,506.7468292784823,490.2061315868997,490.2061315868997,499.9801802228349,,3108951.1732179,1072392085.0
1998-09-23,503.73942969819456,492.4616812721157,499.9801802228349,500.3561051703709,,5559573.613007563,1072392085.0
1998-09-24,541.3319244517911,502.2357299080506,506.7468292784823,519.5282774947051,,11593398.651985709,1072392085.0
1998-09-25,526.2949265503526,502.98757980312274,507.4986791735541,516.8968028619535,,8137711.474584314,1072392085.0
1998-09-28,526.2949265503526,515.0171781242735,515.0171781242735,521.031977284849,,7605757.870679721,1072392085.0
1998-09-29,547.7226485599026,515.7690280193455,518.7764275996333,543.587474137007,,3564639.561120634,1072392085.0
1998-09-30,539.4522997141113,519.5282774947051,526.2949265503526,527.4227013929603,,4747539.050773269,1066737165.0
1998-10-01,540.5800745567193,515.0171781242735,527.4227013929603,531.557875815856,,11364612.68799086,1066737165.0
1998-10-02,524.9791892339766,488.7024317967559,524.9791892339766,503.73942969819456,,6930720.587238411,1066737165.0
1998-10-05,511.257928648914,500.73203011790696,501.4838800129787,506.3709043309464,,4334148.000735985,1066737165.0
1998-10-06,509.75422885877,491.7098313770436,501.4838800129787,506.3709043309464,,5801976.50658997,1066737165.0
1998-10-07,509.75422885877,471.7858091576374,505.9949793834103,501.4838800129787,,5943542.2174447775,1066737165.0
1998-10-08,503.73942969819456,486.82280705907607,495.46908085240335,503.73942969819456,,2822147.0904389764,1066737165.0
1998-10-09,522.5356770749928,497.724630537619,504.1153546457305,507.4986791735541,,4023676.195733225,1066737165.0
1998-10-12,533.8134255010718,499.9801802228349,499.9801802228349,530.8060259207841,,4944318.148804509,1066737165.0
1998-10-13,531.933800763392,519.9042024422412,524.2273393389046,529.3023261306403,,3237351.4714854304,1066737165.0
1998-10-14,542.083774346863,517.2727278094894,526.2949265503526,520.2801273897771,,3923359.528582358,1066737165.0
1998-10-15,549.2413853479479,523.2875269700648,524.0393768651367,542.083774346863,,6673210.636917386,1066737165.0
1998-10-16,564.6392711990211,543.211549189471,559.0003969859815,559.0003969859815,,4378793.711203433,1066737165.0
1998-10-19,560.1281718285895,537.5726749764314,557.8726221433736,544.3393240320789,,6893124.83658232,1066737165.0
1998-10-20,563.8874213039492,545.4670988746867,550.3541231926542,557.8726221433736,,2931656.304775186,1066737165.0
1998-10-21,572.5336950972764,540.5800745567193,546.9707986648307,567.2707458317727,,6303683.313481112,1066737165.0
1998-10-22,578.1725693103158,563.1355714088771,564.6392711990211,571.0299953071326,,3603624.967316464,1066737165.0
1998-10-23,569.1503705694528,556.3689223532298,565.3911210940929,569.1503705694528,,2254177.440128604,1066737165.0
1998-10-26,570.6540703595965,542.083774346863,557.8726221433736,554.8652225630859,,2061475.3106146443,1066737165.0
1998-10-27,561.6318716187334,549.6022732975824,557.4966971958377,552.6096728778701,,1915487.638360304,1066737165.0
1998-10-28,560.1281718285895,533.8134255010718,548.8504234025105,536.8208250813598,,3511536.0777819743,1066737165.0
1998-10-29,540.5800745567193,522.5356770749928,530.8060259207841,532.309725710928,,2404945.382179484,1061780920.0
1998-10-30,554.8652225630859,533.8134255010718,535.3171252912157,545.0911739271507,,3371180.8682684023,1061780920.0
1998-11-02,563.8874213039492,547.7226485599026,557.4966971958377,557.1207722483017,,2418139.8467989503,1062319152.0
1998-11-03,563.8874213039492,553.737447720478,556.3689223532298,560.8800217236615,,2425562.6410234063,1062319152.0
1998-11-04,578.5484942578519,560.8800217236615,560.8800217236615,571.7818452022044,,2168253.6339250267,1062319152.0
1998-11-05,569.1503705694528,556.3689223532298,563.8874213039492,559.3763219335175,,3126547.020714099,1062319152.0
1998-11-06,575.1651697300282,559.3763219335175,568.3985206743807,567.6466707793088,,1503857.8677745175,1062319152.0
1998-11-09,570.2781454120604,531.557875815856,570.2781454120604,560.8800217236615,,2056466.256064612,1062319152.0
1998-11-10,560.8800217236615,545.0911739271507,545.8430238222227,551.4818980352622,,2980640.452049621,1062319152.0
1998-11-11,560.5040967761255,542.835624241935,556.744847300766,546.9707986648307,,3497637.1013819086,1062319152.0
1998-11-12,548.8504234025105,527.0467764454244,537.5726749764314,527.7986263404964,,2616242.022796161,1062319152.0
1998-11-13,535.8810127125196,519.5282774947051,527.7986263404964,523.2875269700648,,2739676.844561944,1062319152.0
1998-11-16,533.8134255010718,517.2727278094894,533.0615756059999,517.2727278094894,,4409742.5989948,1062319152.0
1998-11-17,526.2949265503526,516.1449529668814,518.4005026520972,519.1523525471691,,4245223.361707485,1062319152.0
1998-11-18,523.2875269700648,518.7764275996333,518.7764275996333,521.031977284849,,5893130.889089026,1062319152.0
1998-11-19,533.0615756059999,518.7764275996333,525.5430766552806,528.5504762355685,,2919752.234585476,1062319152.0
1998-11-20,531.933800763392,507.4986791735541,526.6708514978885,526.2949265503526,,8894035.13359093,1062319152.0
1998-11-23,541.3319244517911,526.2949265503526,532.309725710928,541.3319244517911,,2934789.082246303,1062319152.0
1998-11-24,553.1735602991741,541.7078493993271,544.3393240320789,546.5948737172947,,2509803.8503626664,1062319152.0
1998-11-25,561.2559466711973,542.083774346863,551.1059730877264,556.744847300766,,2872018.535196537,1062319152.0
1998-11-26,567.6466707793088,554.8652225630859,557.4816601979363,558.6244720384457,,2696005.587674191,1062319152.0
1998-11-27,563.1355714088771,545.0911739271507,557.8726221433736,550.3541231926542,,2898110.891606868,1062319152.0
1998-11-30,548.8504234025105,526.6708514978885,526.6708514978885,533.8134255010718,,1912905.638999448,1061780920.0
1998-12-01,536.0689751862877,526.2949265503526,530.0541760257121,530.0541760257121,,6023414.727443518,1061780920.0
1998-12-02,543.963399084543,530.0541760257121,543.963399084543,532.309725710928,,2384997.530577264,1061780920.0
1998-12-03,540.9559995042553,519.9042024422412,526.2949265503526,535.3171252912157,,1991245.6543001847,1061780920.0
1998-12-04,563.8874213039492,521.031977284849,521.031977284849,526.2949265503526,,4054062.2004009183,1061780920.0
1998-12-07,531.745838289624,509.0023789636981,528.1745512880325,518.7764275996333,,969615.205833648,1061780920.0
1998-12-08,523.6634519176008,507.8746041210901,523.6634519176008,521.7838271799209,,1674860.5502454897,1061780920.0
1998-12-09,524.0393768651367,511.257928648914,515.325436581253,518.7764275996333,,2604558.2638505567,1061780920.0
1998-12-10,518.7764275996333,489.45428169182793,507.8746041210901,515.0171781242735,,4849216.321431684,1061780920.0
1998-12-11,506.3709043309464,487.950581901684,503.73942969819456,494.7172309573313,,3190936.008057097,1061780920.0
1998-12-14,486.4468821115402,472.91358400024535,485.6950322164682,483.8154074787884,,4813373.376717702,1061780920.0
1998-12-15,513.5134783341296,480.4320829509647,484.9431823213963,490.9579814819717,,1324374.4129068495,1061780920.0
1998-12-16,514.2653282292016,486.4468821115402,487.1987320066119,510.8820037013779,,2110342.03925898,1061780920.0
1998-12-17,515.7690280193455,507.4986791735541,507.4986791735541,512.0097785439858,,1727472.5700396078,1061780920.0
1998-12-18,554.1133726680141,505.2431294883384,512.0097785439858,528.5504762355685,,2938577.95144437,1061780920.0
1998-12-21,555.6170724581578,511.257928648914,533.8134255010718,544.3393240320789,,2094394.894589544,1061780920.0
1998-12-22,543.1138087031117,517.3403943000459,532.309725710928,536.8208250813598,,1200758.0159398818,1061780920.0
1998-12-23,548.8504234025105,526.2949265503526,530.8060259207841,535.3171252912157,,1442237.2969989253,1061780920.0
1998-12-24,530.0541760257121,519.5282774947051,523.2875269700648,519.9042024422412,,324825.9299071304,1061780920.0
1998-12-25,,,,,,,
1998-12-28,,,,,,,
1998-12-29,531.557875815856,508.25052906862624,518.7764275996333,528.5504762355685,,1510158.5272556485,1061780920.0
1998-12-30,528.9264011831043,515.0171781242735,515.7690280193455,525.5430766552806,,769959.9566156319,1061780920.0
1998-12-31,,,,,,,
1999-01-01,,,,,,,
1999-01-04,539.0763747665753,486.4468821115402,518.7764275996333,531.1819508683202,,7275021.062723338,1060741590.0
1999-01-05,533.8134255010718,513.8894032816658,528.1745512880325,530.8060259207841,,4108911.22667364,1060741590.0
1999-01-06,543.587474137007,528.5504762355685,535.6930502387517,540.9559995042553,,3359060.1183386114,1060741590.0
1999-01-07,542.835624241935,527.7986263404964,542.083774346863,534.5652753961438,,8755489.623582503,1060741590.0
1999-01-08,539.0763747665753,516.1449529668814,539.0763747665753,524.4153018126727,,2112462.837608824,1060741590.0
1999-01-11,539.0763747665753,525.5430766552806,539.0763747665753,530.430100973248,,4854313.742579627,1060741590.0
1999-01-12,554.8652225630859,530.8060259207841,533.8134255010718,553.737447720478,,12367442.840126667,1060741590.0
1999-01-13,556.3689223532298,535.3171252912157,556.3689223532298,538.7004498190395,,7039946.544260771,1060741590.0
1999-01-14,542.835624241935,529.6782510781762,529.6782510781762,533.4375005535358,,3377164.3763981294,1060741590.0
1999-01-15,545.0911739271507,512.3857034915218,519.9042024422412,537.1967500288955,,2954753.8808673,1060741590.0
1999-01-18,539.4522997141113,527.4227013929603,537.9485999239674,532.309725710928,,3498047.461336588,1060741590.0
1999-01-19,537.5726749764314,524.0393768651367,532.309725710928,525.5430766552806,,2828810.900322478,1060741590.0
1999-01-20,533.8134255010718,520.844014811081,527.0467764454244,530.8060259207841,,6919236.56101411,1060741590.0
1999-01-21,545.6625798474054,526.6708514978885,530.0541760257121,539.4522997141113,,3352857.5094661205,1060741590.0
1999-01-22,538.7004498190395,521.4079022323849,532.309725710928,525.9190016028165,,4614630.845510977,1060741590.0
1999-01-25,554.8652225630859,518.4005026520972,525.9190016028165,542.835624241935,,5071407.474119482,1060741590.0
1999-01-26,548.0985735074385,534.1893504486078,541.7078493993271,539.0763747665753,,1358531.1292524913,1060741590.0
1999-01-27,556.3689223532298,536.0689751862877,539.0763747665753,552.6096728778701,,1843610.4897204228,1060741590.0
1999-01-28,560.1281718285895,542.083774346863,549.6022732975824,549.9781982451183,,2243012.986258389,1060741590.0
1999-01-29,555.6170724581578,545.8430238222227,551.8578229827982,550.3541231926542,,2706762.10259241,1060741590.0
1999-02-01,557.1207722483017,545.0911739271507,546.5948737172947,553.737447720478,,4288731.200914171,1060741590.0
1999-02-02,565.3911210940929,550.3541231926542,550.7300481401903,557.4966971958377,,6322901.232774566,1060741590.0
1999-02-03,561.2559466711973,548.8504234025105,550.3541231926542,554.1133726680141,,3924658.396521504,1060741590.0
1999-02-04,558.6244720384457,546.2189487697589,554.1133726680141,552.6096728778701,,3842626.352129999,1060741590.0
1999-02-05,567.2707458317727,545.0911739271507,545.0911739271507,564.6392711990211,,3052812.963016764,1060741590.0
1999-02-08,609.374339955801,561.6318716187334,564.6392711990211,593.9614171068265,,4542269.496334602,1060741590.0
1999-02-09,612.7576644836247,587.194768051179,587.194768051179,600.7280661624737,,7326512.158275472,1060741590.0
1999-02-10,613.5095143786966,590.9540175265387,595.4651168969704,609.750264903337,,7076101.798320793,1060741590.0
1999-02-11,608.9984150082652,590.2021676314668,603.7354657427616,607.8706401656572,,3825147.923263899,1060741590.0
1999-02-12,630.8020619653511,605.2391655329053,606.7428653230493,629.2983621752073,,6774667.596331697,1060741590.0
1999-02-15,632.3057617554949,612.005814588553,632.3057617554949,621.403938276952,,2626685.017867,1060741590.0
1999-02-16,615.7650640639125,591.7058674216106,612.7576644836247,594.7132670018984,,8434266.14566689,1060741590.0
1999-02-17,593.9614171068265,572.9096200448123,593.9614171068265,572.9096200448123,,3510313.4714273266,1060741590.0
1999-02-18,639.0724108111424,566.142970989165,566.142970989165,586.4429181561072,,3553677.2609744053,1060741590.0
1999-02-19,590.2021676314668,575.1651697300282,586.4429181561072,580.4281189955317,,4774645.807307554,1060741590.0
1999-02-22,586.4429181561072,568.3985206743807,581.1799688906035,584.1873684708913,,3564143.2555707274,1060741590.0
1999-02-23,597.720666582186,582.6836686807474,586.4429181561072,587.946617946251,,3974885.728673388,1060741590.0
1999-02-24,621.7798632244879,587.946617946251,587.946617946251,613.5095143786966,,6095813.602161472,1060741590.0
1999-02-25,616.5169139589843,592.4577173166826,613.5095143786966,612.7576644836247,,5741607.594201215,1060741590.0
1999-02-26,612.7576644836247,599.2243663723299,607.4947152181212,607.8706401656572,,4335030.456213745,1060741590.0
1999-03-01,605.9910154279772,577.4207194152439,597.720666582186,601.4799160575458,,3592061.0480036414,1060741590.0
1999-03-02,603.7354657427616,590.5780925790027,603.7354657427616,598.848441424794,,2149394.0230285777,1060741590.0
1999-03-03,601.4799160575458,587.946617946251,593.9614171068265,596.5928917395781,,1948057.387447585,1060741590.0
1999-03-04,611.2539646934808,590.2021676314668,592.4577173166826,602.6076909001536,,3064939.7654532604,1060741590.0
1999-03-05,626.2909625949195,595.4651168969704,601.4799160575458,616.1409890114484,,3509038.8135150056,1060741590.0
1999-03-08,630.8020619653511,602.9836158476896,614.2613642737685,626.2909625949195,,3478701.228900962,1060741590.0
1999-03-09,629.2983621752073,611.6298896410168,612.1937770623207,624.4113378572397,,4040111.1724431794,1060741590.0
1999-03-10,627.4187374375274,618.0206137491282,624.4113378572397,622.1557881720238,,2939052.4679701347,1060741590.0
1999-03-11,662.0038326108363,621.0280133294159,622.9076380670958,655.613108502725,,5985519.982956141,1060741590.0
1999-03-12,684.1834045154583,642.831660286502,651.4779340798291,669.1464066140196,,4428556.210840282,1060741590.0
1999-03-15,683.6495910899573,661.6279076633003,664.2593822960522,666.8908569288038,,5135331.628947445,1060741590.0
1999-03-16,682.3037797777785,662.3797575583723,666.8908569288038,664.2593822960522,,3949432.516971229,1060741590.0
1999-03-17,669.5072945636541,646.5909097618618,648.0946095520055,649.5983093421494,,5230520.612416839,1060741590.0
1999-03-18,645.4631349192537,631.553911860423,634.5613114407107,640.5761106012861,,3714993.5117128114,1060741590.0
1999-03-19,649.5983093421494,631.553911860423,648.0946095520055,642.0798103914301,,3108434.2891451926,1060741590.0
1999-03-22,645.8390598667897,630.0502120702793,640.5761106012861,633.8094615456388,,2488836.7566311266,1060741590.0
1999-03-23,647.3427596569337,620.2761634343441,620.2761634343441,640.2001856537502,,4019667.015291053,1060741590.0
1999-03-24,667.6427068238759,635.3131613357828,640.2001856537502,665.011232191124,,4848551.756195346,1060741590.0
1999-03-25,678.1686053548829,661.6279076633003,666.8908569288038,672.1538061943074,,6141485.817766286,1060741590.0
1999-03-26,681.9278548302425,652.6057089224371,672.1538061943074,667.2667818763399,,1960274.9774846751,1060741590.0
1999-03-29,676.664905564739,654.861258607653,665.38715713866,674.7852808270592,,3086916.4173033903,1060741590.0
1999-03-30,675.1612057745951,655.237183555189,671.0260313516994,662.7556825059082,,3961705.790070016,1060741590.0
1999-03-31,661.6279076633003,642.831660286502,654.109408712581,646.2149848143257,,2713003.44750782,1056637729.0
1999-04-01,650.3501592372213,635.6890862833187,643.9594351291098,644.7112850241818,,5228462.760136738,1056637729.0
1999-04-02,,,,,,,
1999-04-05,,,,,,,
1999-04-06,660.1242078731564,636.8168611259266,647.3427596569337,644.7112850241818,,2481813.4278492783,1056637729.0
1999-04-07,666.8908569288038,645.0872099717178,645.0872099717178,666.1390070337319,,3640029.58465278,1056637729.0
1999-04-08,690.9500535711057,661.6279076633003,664.2593822960522,678.5445303024188,,9960337.92355442,1056637729.0
1999-04-09,700.3481772595048,678.9204552499548,678.9204552499548,684.9352544105302,,11561247.736362493,1056637729.0
1999-04-12,682.3037797777785,649.5983093421494,672.9056560893792,675.1612057745951,,2730013.412354861,1056637729.0
1999-04-13,684.9352544105302,671.4019562992354,676.664905564739,677.0408305122749,,5093632.278744565,1056637729.0
1999-04-14,688.6945038858897,674.4093558795231,677.0408305122749,685.3111793580662,,8301501.990064206,1056637729.0
1999-04-15,758.6165441275796,699.5963273644329,702.9796518922566,754.8572946522199,,12107283.102369675,1056637729.0
1999-04-16,787.1868401403129,751.8498950719321,751.8498950719321,768.0146678159788,,11486786.167359076,1056637729.0
1999-04-19,806.7349374121832,749.5943453867162,749.5943453867162,801.4719881466797,,6650911.991710487,1056637729.0
1999-04-20,826.2830346840536,757.1128443374357,782.2998158223455,760.1202439177234,,8353726.649429128,1056637729.0
1999-04-21,781.9238908748094,736.8128971704936,755.6091445472919,750.3461952817884,,7507339.269631911,1056637729.0
1999-04-22,760.8720938127952,748.4665705441084,760.8720938127952,751.4739701243961,,5560634.012182486,1056637729.0
1999-04-23,775.5331667666981,751.4739701243961,751.4739701243961,760.8720938127952,,5241865.430986898,1056637729.0
1999-04-26,770.6461424487306,750.7221202293244,754.8572946522199,754.105444757148,,3064270.358211557,1056637729.0
1999-04-27,781.1720409797375,746.5869458064286,754.105444757148,770.6461424487306,,2976346.8037922587,1056637729.0
1999-04-28,785.6831403501692,755.6091445472919,766.8868929733708,771.3979923438023,,14045075.438443586,1056637729.0
1999-04-29,819.5163856284063,771.7739172913384,771.7739172913384,808.2386372023271,,7068959.840407504,1056637729.0
1999-04-30,832.2978338446289,810.4941868875429,814.2534363629023,816.1330611005824,,6664133.087359461,1056637729.0
1999-05-03,,,,,,,
1999-05-04,836.0570833199888,785.6831403501692,813.8775114153666,795.4571889861041,,4394140.447207616,1056637729.0
1999-05-05,795.0812640385682,763.1276434980111,784.1794405600252,767.6387428684427,,2322449.715774285,1056637729.0
1999-05-06,775.157241819162,744.3313961212128,770.6461424487306,753.729519809612,,2435561.382102012,1060829752.0
1999-05-07,756.3609944423639,728.5425483247022,746.5869458064286,736.8128971704936,,2401634.6610112046,1060829752.0
1999-05-10,748.0906455965726,712.7537005281918,729.2943982197742,725.9110736919506,,3239785.789682655,1060829752.0
1999-05-11,759.3683940226514,722.7157116378947,730.7980980099182,750.7221202293244,,4041816.76883298,1060829752.0
1999-05-12,751.0754896800081,721.7758992690549,743.9554711736768,725.9110736919506,,5312637.391902231,1060829752.0
1999-05-13,736.8128971704936,721.3999743215189,725.5351487444145,726.2869986394865,,2410881.6807569023,1060829752.0
1999-05-14,723.2795990591989,695.4611529415373,720.272199478911,707.4907512626883,,4054000.464832516,1060829752.0
1999-05-17,729.2943982197742,702.2278019971848,704.8592766299364,721.7758992690549,,3835222.925927002,1060829752.0
1999-05-18,731.54994790499,714.2574003183356,725.5351487444145,722.5277491641269,,4618126.773384465,1060829752.0
1999-05-19,763.1276434980111,712.7537005281918,721.7758992690549,755.9850694948277,,6849557.682809913,1060829752.0
1999-05-20,767.2628179209067,753.729519809612,755.6091445472919,766.8868929733708,,8468305.443382433,1060829752.0
1999-05-21,783.8035156124892,752.6017449670042,765.383193183227,778.1646413994499,,4676563.725632608,1060829752.0
1999-05-24,783.4275906649533,757.1128443374357,771.3979923438023,760.8720938127952,,3329883.4045108124,1060829752.0
1999-05-25,758.9924690751155,710.498150842976,758.9924690751155,724.7832988493426,,9078172.966115648,1060829752.0
1999-05-26,724.0314489542706,708.618526105296,719.8962745313751,712.7537005281918,,4669293.454577148,1060829752.0
1999-05-27,709.746300947904,684.5593294629944,705.6111265250083,694.7093030464654,,5982623.253246565,1060829752.0
1999-05-28,694.7093030464654,681.1760049351705,694.7093030464654,687.942653990818,,1888782.768271308,1060829752.0
1999-05-31,,,,,,,
1999-06-01,696.2130028366091,666.8908569288038,685.6871043056021,675.1612057745951,,4925638.902607905,1056847571.0
1999-06-02,702.9796518922566,675.1612057745951,675.1612057745951,702.9796518922566,,6073070.702962339,1056847571.0
1999-06-03,714.2574003183356,702.9796518922566,705.6111265250083,708.618526105296,,1274337.1294655397,1056847571.0
1999-06-04,710.498150842976,694.7093030464654,706.7389013676161,701.4759521021127,,1309406.5638224727,1056847571.0
1999-06-07,727.0388485345584,700.7241022070407,705.2352015774725,718.3925747412313,,1317464.8712510774,1056847571.0
1999-06-08,721.024049373983,702.6037269447206,709.746300947904,713.1296254757276,,3482588.1487076688,1056847571.0
1999-06-09,728.9184732722382,706.7389013676161,714.2574003183356,711.6259256855838,,4727375.729932309,1056847571.0
1999-06-10,745.6471334375886,710.12222589544,714.2574003183356,739.0684468557093,,6535008.909289872,1056847571.0
1999-06-11,802.9756879368236,751.8498950719321,751.8498950719321,801.0960631991437,,8323633.586086014,1056847571.0
1999-06-14,800.7201382516078,766.8868929733708,796.9608887762481,776.2850166617699,,5159528.340257402,1056847571.0
1999-06-15,785.6831403501692,772.1498422388743,775.9090917142339,781.9238908748094,,3565356.177914645,1056847571.0
1999-06-16,781.9238908748094,739.8202967507813,739.8202967507813,780.0442661371295,,1898799.666870031,1056847571.0
1999-06-17,778.1646413994499,760.8720938127952,775.9090917142339,774.7813168716261,,1177144.766276401,1056847571.0
1999-06-18,776.6609416093061,755.6091445472919,765.383193183227,768.0146678159788,,2982729.777364593,1056847571.0
1999-06-21,770.6461424487306,763.1276434980111,766.8868929733708,766.1350430782988,,3270355.790554216,1056847571.0
1999-06-22,767.6387428684427,755.6091445472919,763.1276434980111,763.1276434980111,,2500930.8755314103,1056847571.0
1999-06-23,765.383193183227,744.3313961212128,757.8646942325076,750.3461952817884,,6543309.316986724,1056847571.0
1999-06-24,761.9998686554031,743.767508699909,751.0980451768603,757.4887692849717,,3510756.514918219,1056847571.0
1999-06-25,774.4053919240902,732.3017978000619,759.3683940226514,771.0220673962664,,2153461.3075351287,1056847571.0
1999-06-28,797.71273867132,778.1646413994499,789.4423898255287,780.0442661371295,,1886392.028122368,1056847571.0
1999-06-29,787.1868401403129,777.0368665568418,780.0442661371295,780.7961160322016,,5013326.409265662,1056847571.0
1999-06-30,811.9978866776868,766.8868929733708,785.6831403501692,799.592363409,,4224503.210249557,1056847571.0
1999-07-01,838.3126330052044,784.9312904550973,814.2534363629023,828.5385843692693,,5653510.93809012,1056847571.0
1999-07-02,837.1848581625965,816.5089860481183,828.5385843692693,825.5311847889816,,4478948.171174574,1056847571.0
1999-07-05,868.3866288080816,823.2756351037658,823.2756351037658,856.7329554344666,,6186752.515421787,1056847571.0
1999-07-06,903.7235738764624,854.853330696787,854.853330696787,901.8439491387826,,4404869.120594986,1056847571.0
1999-07-07,928.534620413836,884.5514015521281,890.9421256602399,916.8809470402211,,7946471.630690567,1056847571.0
1999-07-08,933.7975696793396,892.4458254503835,921.016121463117,896.580999873279,,9486403.648935243,1056847571.0
1999-07-09,901.6183941702608,865.379229227794,896.580999873279,875.1532778637292,,4064265.516206192,1056847571.0
1999-07-12,879.6643772341605,859.3644300672186,866.507004070402,863.4996044901143,,2932439.4991429653,1056847571.0
1999-07-13,860.8681298573624,837.9367080576684,860.8681298573624,840.944107637956,,9247966.357746724,1056847571.0
1999-07-14,849.5903814312834,836.4330082675245,837.5607831101324,840.1922577428844,,6440155.234692001,1056847571.0
1999-07-15,857.1088803820027,830.042284159413,840.1922577428844,850.3422313263553,,2997185.584381628,1056847571.0
1999-07-16,870.6421784932975,851.0940812214275,858.6125801721466,855.229255644323,,12070383.389984798,1056847571.0
1999-07-19,868.3866288080816,848.0866816411394,848.0866816411394,851.4700061689631,,2779306.237471312,1056847571.0
1999-07-20,857.1088803820027,838.3126330052044,857.1088803820027,841.3200325854921,,6339969.301685987,1056847571.0
1999-07-21,845.8311319559238,824.7793348939098,834.5533835298448,841.6959575330283,,3246122.764204023,1056847571.0
1999-07-22,845.8311319559238,827.7867344741975,843.1996573231718,830.7941340544849,,5505157.946215005,1056847571.0
1999-07-23,845.4552070083879,821.7719353136218,827.0348845791253,822.8997101562297,,5133268.93466198,1056847571.0
1999-07-26,827.0348845791253,813.5015864678306,815.0052862579745,815.0052862579745,,2114300.37864482,1056847571.0
1999-07-27,825.5311847889816,811.246036782615,817.2608359431903,824.4034099463738,,3266735.181042581,1056847571.0
1999-07-28,851.0940812214275,818.0126858382622,824.7793348939098,850.3422313263553,,5567671.866980429,1056847571.0
1999-07-29,908.986523141966,842.071882480564,864.6273793327221,850.3422313263553,,12330695.650910782,1056847571.0
1999-07-30,881.1680770243046,849.5903814312834,851.8459311164992,880.0403021816966,,4721009.703378752,1056847571.0
1999-08-02,908.234673246894,872.8977281785133,877.4088275489448,904.0994988239984,,3494365.116256549,1056847571.0
1999-08-03,916.5050220926852,874.1082065095791,887.1828761848801,881.9199269193764,,5118930.546275046,1056847571.0
1999-08-04,908.234673246894,876.6569776538728,878.1606774440168,905.2272736666066,,4584706.041854295,1056847571.0
1999-08-05,919.512421672973,887.9347260799518,902.2198740863186,911.6179977747177,,3666447.565923903,1056847571.0
1999-08-06,928.534620413836,888.3106510274879,888.3106510274879,919.136496725437,,5002362.898618092,1056847571.0
1999-08-09,926.2790707286204,908.986523141966,909.7383730370378,924.7753709384764,,5069614.721633112,1056847571.0
1999-08-10,924.7753709384764,904.4754237715345,924.7753709384764,907.106898404286,,5492641.36234663,1056847571.0
1999-08-11,932.293869889196,905.9791235616784,912.1894036949724,919.888346620509,,3105397.1412800327,1056847571.0
1999-08-12,969.8863646427926,917.2568719877572,919.136496725437,965.751190219897,,11560074.760562835,1056847571.0
1999-08-13,966.1271151674327,940.5642187349872,954.097516846282,950.7141923184583,,8750353.466391642,1056847571.0
1999-08-16,954.849366741354,934.5494195744114,935.3012694694836,946.9549428430984,,4369032.22838771,1056847571.0
1999-08-17,953.34566695121,941.3160686300588,945.8271680004908,945.4512430529544,,6851924.212932029,1056847571.0
1999-08-18,948.0827176857064,921.767971358189,943.5716183152748,929.2864703089084,,5654473.286656402,1056847571.0
1999-08-19,926.2790707286204,889.8143508176317,920.2642715680452,892.4458254503835,,5912287.072814077,1056847571.0
1999-08-20,901.4680241912469,867.6347789130097,867.6347789130097,885.3032514472003,,4824739.984311903,1056847571.0
1999-08-23,896.2050749257431,875.1532778637292,893.1976753454554,886.8069512373439,,3460406.9221308697,1056847571.0
1999-08-24,887.1828761848801,860.8681298573624,887.1828761848801,865.379229227794,,3988945.701751838,1056847571.0
1999-08-25,869.8903285982254,838.3126330052044,866.8829290179378,851.0940812214275,,6320343.443440536,1056847571.0
1999-08-26,855.6051805918588,827.4108095266613,855.6051805918588,830.4182091069492,,6429686.819092996,1056847571.0
1999-08-27,848.8385315362111,821.3960103660859,821.3960103660859,840.1922577428844,,5421237.519731172,1056847571.0
1999-08-30,,,,,,,
1999-08-31,848.8385315362111,818.0126858382622,818.0126858382622,842.071882480564,,5163087.214200634,1057179138.0
1999-09-01,857.1088803820027,830.042284159413,852.5977810115711,834.5533835298448,,5449776.29935214,1057179138.0
1999-09-02,852.5977810115711,830.042284159413,838.3126330052044,842.071882480564,,7356359.489846315,1057179138.0
1999-09-03,879.6643772341605,838.3126330052044,842.071882480564,867.6347789130097,,3328231.070180026,1057179138.0
1999-09-06,874.4014279686572,862.3718296475064,864.6273793327221,871.3940283883694,,1370028.470991546,1057179138.0
1999-09-07,875.9051277588012,836.0570833199888,870.2662535457616,860.8681298573624,,2688659.0550342333,1057179138.0
1999-09-08,887.1828761848801,859.3644300672186,859.3644300672186,882.2958518669125,,4225369.929209881,1057179138.0
1999-09-09,884.1754766045922,858.6125801721466,882.4838143406802,863.8755294376498,,3288376.5240211887,1057179138.0
1999-09-10,864.6273793327221,830.7941340544849,860.8681298573624,833.0496837397008,,3477166.3132002754,1057179138.0
1999-09-13,856.3570304869307,802.9756879368236,854.1014808017148,805.6071625695755,,2585540.077278406,1057179138.0
1999-09-14,824.7793348939098,808.2386372023271,811.9978866776868,820.268235523478,,5409684.494930421,1057179138.0
1999-09-15,824.0274849988375,806.7349374121832,818.7645357333344,808.6145621498631,,6679719.502629209,1057179138.0
1999-09-16,805.9830875171112,761.6239437078673,802.2238380417516,766.1350430782988,,4728548.705731967,1057179138.0
1999-09-17,803.7275378318956,765.383193183227,774.4053919240902,767.2628179209067,,3448090.0709837987,1057179138.0
1999-09-20,784.1794405600252,774.4053919240902,781.9238908748094,781.1720409797375,,3038560.5202250564,1057179138.0
1999-09-21,784.1794405600252,769.1424426585866,770.6461424487306,781.9238908748094,,4701694.943977999,1057179138.0
1999-09-22,812.7497365727586,766.1350430782988,766.1350430782988,794.7053390910323,,4041597.668090216,1057179138.0
1999-09-23,811.9978866776868,786.4349902452411,786.4349902452411,794.7053390910323,,3735466.720897127,1057179138.0
1999-09-24,814.2534363629023,772.9016921339463,814.2534363629023,787.1868401403129,,2606234.808208168,1057179138.0
1999-09-27,806.7349374121832,771.3979923438023,797.71273867132,784.1794405600252,,4917700.434812082,1057179138.0
1999-09-28,810.4941868875429,781.1720409797375,781.1720409797375,802.9756879368236,,5144159.815229076,1057179138.0
1999-09-29,828.5385843692693,793.2016393008886,804.4793877269674,811.246036782615,,1907332.4908244,1057179138.0
1999-09-30,815.7571361530464,776.6609416093061,815.7571361530464,791.6979395107446,,2821543.0502697,1057179138.0
1999-10-01,804.6673502007353,777.4127915043779,792.4497894058164,790.9460896156726,,3283572.044197825,1057179138.0
1999-10-04,797.71273867132,778.1646413994499,793.2016393008886,784.1794405600252,,2494706.4776347773,1057179138.0
1999-10-05,827.0348845791253,784.1794405600252,784.1794405600252,818.7645357333344,,3272412.432332976,1057179138.0
1999-10-06,838.3126330052044,807.4867873072551,831.545983949557,837.5607831101324,,4032991.003554032,1057179138.0
1999-10-07,839.8163327953482,813.5015864678306,838.4557100402363,828.5385843692693,,3818549.480452824,1057179138.0
1999-10-08,838.3126330052044,811.9978866776868,830.7941340544849,816.5089860481183,,1697463.0312890387,1057179138.0
1999-10-11,816.5089860481183,791.3220145632085,811.9978866776868,796.9608887762481,,3320962.009625907,1057179138.0
1999-10-12,808.990487097399,786.4349902452411,789.4423898255287,802.2238380417516,,2783368.6799724977,1057179138.0
1999-10-13,810.4941868875429,784.9312904550973,799.9682883565359,808.990487097399,,2519072.6591325067,1057179138.0
1999-10-14,810.4941868875429,766.8568189775679,810.4941868875429,770.6461424487306,,2639148.3396763606,1057179138.0
1999-10-15,759.3683940226514,737.5647470655655,757.8646942325076,746.5869458064286,,3161967.500459991,1057179138.0
1999-10-18,748.8424954916444,718.0166497936953,739.0684468557093,730.7980980099182,,1362062.1616648752,1057179138.0
1999-10-19,763.879493393083,715.3851751609435,729.2943982197742,757.1128443374357,,4871113.080193293,1057179138.0
1999-10-20,760.8720938127952,729.2943982197742,729.2943982197742,745.8350959113567,,2547997.5886813286,1057179138.0
1999-10-21,759.3683940226514,724.0314489542706,751.8498950719321,728.5425483247022,,5339952.354667209,1057179138.0
1999-10-22,743.5795462261408,727.7906984296303,727.7906984296303,736.8128971704936,,3233043.297211973,1057179138.0
1999-10-25,744.3313961212128,732.3017978000619,744.3313961212128,736.8128971704936,,2531517.8234217484,1057179138.0
1999-10-26,770.6461424487306,736.8128971704936,742.4517713835331,763.879493393083,,3097787.9298490263,1057179138.0
1999-10-27,771.3979923438023,749.5943453867162,757.1128443374357,768.3905927635146,,2160501.5833357545,1057179138.0
1999-10-28,789.4423898255287,762.3757936029392,770.4581799749624,784.1794405600252,,2385104.054695293,1057179138.0
1999-10-29,786.4349902452411,766.8868929733708,784.1794405600252,782.6757407698815,,5180214.597677775,1057179138.0
1999-11-01,783.4275906649533,772.1498422388743,782.6757407698815,781.9238908748094,,2861067.12956238,1057179138.0
1999-11-02,787.9386900353849,768.3905927635146,774.4053919240902,781.1720409797375,,3349103.744806949,1057179138.0
1999-11-03,778.9164912945217,769.1424426585866,778.1646413994499,773.6535420290184,,3641882.862206212,1057179138.0
1999-11-04,786.4349902452411,763.1276434980111,774.4053919240902,772.9016921339463,,2763388.1448340644,1057179138.0
1999-11-05,772.1498422388743,749.5943453867162,766.8868929733708,765.383193183227,,2461524.21486883,1057179138.0
1999-11-08,770.6461424487306,759.3683940226514,765.383193183227,760.1202439177234,,2160793.3141589924,1057179138.0
1999-11-09,768.7665177110507,747.3387957015005,747.3387957015005,763.1276434980111,,2527012.33742967,1057179138.0
1999-11-10,783.4275906649533,760.8720938127952,762.3757936029392,774.4053919240902,,5297880.170051229,1057179138.0
1999-11-11,824.7793348939098,774.4053919240902,774.4053919240902,819.5163856284063,,5228185.555329596,1057179138.0
1999-11-12,845.0792820608516,826.0950722102856,827.0348845791253,827.0348845791253,,4210593.339337421,1061152411.0
1999-11-15,833.0496837397008,821.0200854185498,827.0348845791253,828.5385843692693,,2421406.989918945,1061152411.0
1999-11-16,864.6273793327221,819.5163856284063,828.5385843692693,863.1236795425781,,6029199.713353283,1061152411.0
1999-11-17,939.8123688399148,864.6273793327221,879.6643772341605,939.0605189448434,,9416627.930623747,1061152411.0
1999-11-18,936.0531193645556,902.9717239813904,902.9717239813904,932.293869889196,,7715102.456833523,1061152411.0
1999-11-19,925.5272208335484,911.2420728271818,924.7753709384764,924.7753709384764,,5670397.431800355,1061152411.0
1999-11-22,924.7753709384764,898.2726621371908,924.7753709384764,905.2272736666066,,3652590.957070781,1061152411.0
1999-11-23,917.2568719877572,890.1902757651677,907.106898404286,913.4976225123976,,2465027.405750366,1061152411.0
1999-11-24,913.4976225123976,891.6939755553116,911.2420728271818,912.7457726173257,,4733356.817059354,1061152411.0
1999-11-25,917.2568719877572,887.1828761848801,915.3772472500774,887.1828761848801,,4742241.896904022,1061152411.0
1999-11-26,894.7013751355992,872.1458782834413,887.1828761848801,880.4162271292327,,3073069.492460998,1061152411.0
1999-11-29,936.0531193645556,879.6643772341605,879.6643772341605,919.512421672973,,5327882.445793751,1061152411.0
1999-11-30,927.7827705187644,892.4458254503835,900.7161742961748,924.7753709384764,,3639834.693936841,1057386085.0
1999-12-01,954.849366741354,918.948534251669,924.7753709384764,951.0901172659942,,4284999.225279142,1057386085.0
1999-12-02,969.8863646427926,939.8123688399148,941.691993577595,964.6234153772888,,3202698.4495898825,1057386085.0
1999-12-03,973.645614118152,921.016121463117,962.3678656920732,940.5642187349872,,5197258.45656237,1057386085.0
1999-12-06,939.8123688399148,916.5050220926852,930.4142451515158,931.542019994124,,3955119.452272353,1057386085.0
1999-12-07,944.135505736579,918.7605717779012,924.0235210434046,933.7975696793396,,4813939.8913454,1057386085.0
1999-12-08,938.3086690497712,918.7605717779012,932.293869889196,936.0531193645556,,3555208.545171068,1057386085.0
1999-12-09,961.6160157970014,922.5198212532608,936.0531193645556,957.1049164265696,,3698041.6509301495,1057386085.0
1999-12-10,972.1419143280084,951.0901172659942,956.3530665314976,960.1123160068574,,3220164.773442569,1057386085.0
1999-12-13,959.5484285855534,944.3234682103468,954.849366741354,946.5790178955629,,4026014.884324492,1057386085.0
1999-12-14,962.3678656920732,939.8123688399148,946.5790178955629,945.8271680004908,,5017658.793565944,1057386085.0
1999-12-15,1027.0269566682591,924.0235210434046,924.0235210434046,1018.756607822468,,5752722.417516439,1057386085.0
1999-12-16,1118.752643867035,1003.7196099210294,1003.7196099210294,1103.7156459655964,,11195387.02148882,1057386085.0
1999-12-17,1099.580471542701,1075.1453499528627,1097.700846805021,1096.9489969099493,,5241900.535525794,1057386085.0
1999-12-20,1092.4378975395175,1071.3861004775033,1086.423098378942,1074.393500057791,,1752717.5755110737,1057386085.0
1999-12-21,1067.6268510021437,1036.0491554091225,1055.5972526809928,1050.334303415489,,1983131.663809884,1057386085.0
1999-12-22,1082.6638489035822,1033.793605723907,1045.0713541499856,1053.341702995777,,1556049.8436032268,1057386085.0
1999-12-23,1060.1083520514242,1024.0195570879716,1044.3195042549137,1036.0491554091225,,1115671.8766644394,1057386085.0
1999-12-24,1049.5824535204174,980.4122631737994,1014.9973583471084,1022.515857297828,,248115.2494116964,1057386085.0
1999-12-27,,,,,,,
1999-12-28,,,,,,,
1999-12-29,1089.4304979592298,1014.9973583471084,1014.9973583471084,1084.919398588798,,1498174.563977417,1057386085.0
1999-12-30,1127.7748426078983,1088.3027231166218,1090.1823478543015,1124.0155931325385,,1086664.6330244134,1057386085.0
1999-12-31,,,,,,,
2000-01-03,,,,,,,
2000-01-04,1131.5340920832575,1094.693447224733,1127.7748426078983,1108.2267453360282,,3633156.358037245,1057386085.0
2000-01-05,1108.9785952311,1054.845402785921,1107.474895440956,1059.3565021563525,,3342568.24806562,1057386085.0
2000-01-06,1110.8582199687798,1067.6268510021437,1067.6268510021437,1096.9489969099493,,9930789.585814862,1057386085.0
2000-01-07,1116.4970941818194,1078.9045994282226,1096.197147014877,1111.2341449163157,,8145602.732827828,1057386085.0
2000-01-10,1121.760043447323,1075.1453499528627,1114.2415444966034,1086.423098378942,,6561760.988931176,1057386085.0
2000-01-11,1086.423098378942,1037.5528551992666,1080.7842241659023,1060.1083520514242,,3210806.387573478,1057386085.0
2000-01-12,1050.334303415489,996.2011109703102,1039.8084048844823,998.456660655526,,3415899.2088163234,1057386085.0
2000-01-13,1028.5306564584032,984.1715126491592,1007.4788593963892,1018.756607822468,,6470657.447488452,1057386085.0
2000-01-14,1024.0195570879716,1002.2159101308856,1016.8769830847884,1012.7418086618928,,3922072.765656625,1057386085.0
2000-01-17,1026.2751067731876,1001.464060235814,1022.515857297828,1014.9973583471084,,5265028.374151439,1057386085.0
2000-01-18,1012.7418086618928,975.149313908296,996.2011109703102,994.6974111801665,,4095572.712394566,1057386085.0
2000-01-19,1033.793605723907,983.4196627540872,994.6974111801665,998.456660655526,,9879028.548463631,1057386085.0
2000-01-20,1023.2677071928996,962.3678656920732,1023.2677071928996,978.1567134885836,,6823712.268673195,1057386085.0
2000-01-21,992.4418614949504,936.0531193645556,992.4418614949504,961.6160157970014,,6000060.525067062,1057386085.0
2000-01-24,964.247490429753,933.7975696793396,962.3678656920732,943.5716183152748,,2492821.727046474,1057386085.0
2000-01-25,943.5716183152748,894.7013751355992,933.0457197842678,908.986523141966,,4619118.173982937,1057386085.0
2000-01-26,919.512421672973,883.4236267095205,917.2568719877572,890.9421256602399,,7371662.647802214,1057386085.0
2000-01-27,894.7013751355992,857.1088803820027,894.7013751355992,887.1828761848801,,4849716.258485614,1057386085.0
2000-01-28,902.2198740863186,858.6125801721466,894.7013751355992,879.6643772341605,,2591620.4255154314,1057386085.0
2000-01-31,881.1680770243046,823.2756351037658,866.8829290179378,869.1384787031535,,6068956.208903479,1057625646.0
2000-02-01,868.3866288080816,845.8311319559238,864.6273793327221,860.1162799622905,,4134588.381123928,1057625646.0
2000-02-02,872.8977281785133,854.4322947555465,860.8681298573624,868.3866288080816,,2512489.952838868,1057625646.0
2000-02-03,902.2198740863186,861.6199797524342,872.1458782834413,872.8977281785133,,5084123.79070916,1057625646.0
2000-02-04,875.9051277588012,857.1088803820027,865.379229227794,857.8607302770746,,3515562.2052429235,1057625646.0
2000-02-07,914.2494724074696,871.7699533359053,872.1458782834413,880.4162271292327,,5822844.339211528,1057625646.0
2000-02-08,892.4458254503835,841.6959575330283,887.558801132416,857.8607302770746,,5656730.871657806,1057625646.0
2000-02-09,857.1088803820027,800.7201382516078,853.3496309066429,806.7349374121832,,4864682.89706865,1057625646.0
2000-02-10,823.2756351037658,763.1276434980111,822.5237852086938,769.1424426585866,,6946874.727637199,1057625646.0
2000-02-11,805.2312376220392,763.1276434980111,780.4201910846656,780.4201910846656,,10236355.228881594,1057625646.0
2000-02-14,799.2164384614637,759.3683940226514,778.1646413994499,770.6461424487306,,3409475.078198387,1057625646.0
2000-02-15,818.7645357333344,774.4053919240902,778.1646413994499,796.2090388811761,,5725561.188421797,1057625646.0
2000-02-16,868.3866288080816,805.2312376220392,805.2312376220392,841.3200325854921,,5184660.769104132,1057625646.0
2000-02-17,853.3496309066429,827.7867344741975,845.8311319559238,840.5681826904201,,3702832.81523876,1057625646.0
2000-02-18,853.3496309066429,787.1868401403129,843.5755822707081,799.2164384614637,,3782879.637430639,1057625646.0
2000-02-21,825.1552598414453,778.1646413994499,778.1646413994499,820.268235523478,,6228646.756340606,1057625646.0
2000-02-22,815.7571361530464,770.6461424487306,808.2386372023271,771.3979923438023,,4602248.627291479,1057625646.0
2000-02-23,805.0432751482713,768.3905927635146,788.6905399304569,793.2016393008886,,5681760.407890532,1057625646.0
2000-02-24,840.5681826904201,729.2943982197742,840.5681826904201,737.5647470655655,,6574309.045834423,1057625646.0
2000-02-25,786.4349902452411,705.2352015774725,786.4349902452411,725.5351487444145,,8013757.347743141,1057625646.0
2000-02-28,736.0610472754215,687.942653990818,724.7832988493426,701.4759521021127,,5607019.213077288,1057625646.0
2000-02-29,718.0166497936953,699.2204024168968,714.2574003183356,705.2352015774725,,5047865.6440351335,1059179197.0
2000-03-01,739.0684468557093,702.9796518922566,703.7315017873284,712.0018506331197,,9483108.6642844,1059179197.0
2000-03-02,793.2016393008886,706.7389013676161,720.272199478911,784.9312904550973,,5129785.111801905,1059179197.0
2000-03-03,803.7275378318956,729.2943982197742,789.4423898255287,735.3091973803497,,4301784.036876713,1059179197.0
2000-03-06,751.8498950719321,703.7315017873284,737.5647470655655,742.075846435997,,2531190.988059615,1059179197.0
2000-03-07,751.0980451768603,706.7389013676161,751.0980451768603,716.5129500035514,,4173715.415976681,1059179197.0
2000-03-08,726.2869986394865,669.1464066140196,714.2574003183356,681.9278548302425,,5427357.814512459,1059179197.0
2000-03-09,693.2056032563214,661.6279076633003,680.4241550400986,679.6723051450268,,5937159.243872442,1059179197.0
2000-03-10,729.2943982197742,684.1834045154583,684.1834045154583,695.4611529415373,,8215311.873565556,1059179197.0
2000-03-13,703.7315017873284,657.8686581879406,657.8686581879406,676.664905564739,,4480799.027725323,1059179197.0
2000-03-14,736.8128971704936,676.664905564739,676.664905564739,720.272199478911,,5255347.994925579,1059179197.0
2000-03-15,774.4053919240902,701.4759521021127,718.7684996887672,762.3757936029392,,5147249.014651909,1059179197.0
2000-03-16,856.3570304869307,759.3683940226514,759.3683940226514,828.5385843692693,,15248450.55828322,1059179197.0
2000-03-17,872.8977281785133,769.8942925536585,803.7275378318956,774.4053919240902,,4924398.138733138,1059179197.0
2000-03-20,808.990487097399,733.0536476951338,808.990487097399,743.9554711736768,,4089614.6247930047,1059179197.0
2000-03-21,785.6831403501692,743.203621278605,743.5795462261408,771.7739172913384,,4365633.14062152,1059179197.0
2000-03-22,807.8627122547912,770.6461424487306,789.4423898255287,798.4645885663921,,4031003.360351724,1059179197.0
2000-03-23,796.9608887762481,735.3091973803497,791.3220145632085,751.8498950719321,,6901295.720635659,1059179197.0
2000-03-24,778.9164912945217,740.5721466458531,759.3683940226514,746.9628707539646,,3239635.687516342,1059179197.0
2000-03-27,781.1720409797375,739.8202967507813,751.8498950719321,768.3905927635146,,2913975.7221851004,1059179197.0
2000-03-28,777.2924955211663,740.5721466458531,754.481369704684,742.827696331069,,4863461.501215343,1059179197.0
2000-03-29,766.8868929733708,735.3091973803497,735.3091973803497,763.5035684455471,,3816495.259676748,1059179197.0
2000-03-30,775.157241819162,717.2647998986232,737.5647470655655,727.4147734820945,,3670671.005103474,1059179197.0
2000-03-31,796.9608887762481,736.8128971704936,736.8128971704936,791.3220145632085,,5744356.642747161,1061335687.0
2000-04-03,821.7719353136218,796.9608887762481,808.2386372023271,811.9978866776868,,3604191.4819441615,1061335687.0
2000-04-04,833.8015336347728,804.8553126745032,815.7571361530464,821.0200854185498,,5743525.028325732,1061335687.0
2000-04-05,832.7136068366036,769.5183676061225,819.5163856284063,825.5311847889816,,1158923.0895867834,1061335687.0
2000-04-06,822.5237852086938,778.9164912945217,814.2534363629023,787.5627650878489,,5132856.153704619,1061335687.0
2000-04-07,854.853330696787,760.8720938127952,781.9238908748094,826.6589596315895,,4631609.337323146,1061335687.0
2000-04-10,827.0348845791253,771.0220673962664,772.1498422388743,784.5553655075612,,3034843.0706061223,1061335687.0
2000-04-11,810.4941868875429,779.6683411895935,787.1868401403129,785.3072154026331,,3199936.085529183,1061335687.0
2000-04-12,793.9534891959605,740.5721466458531,793.9534891959605,751.4739701243961,,5168212.476879424,1061335687.0
2000-04-13,765.383193183227,718.0166497936953,740.5721466458531,729.6703231673101,,4570316.812411029,1061335687.0
2000-04-14,756.9248818636678,715.7611001084794,724.9712613231108,738.3165969606375,,5905933.151273932,1061335687.0
2000-04-17,727.7906984296303,686.81487914821,714.2574003183356,695.0852279940013,,3616715.328820584,1061335687.0
2000-04-18,714.2574003183356,686.4389542006741,708.2426011577601,687.942653990818,,4632162.53643609,1061335687.0
2000-04-19,706.7389013676161,680.4241550400986,693.5815282038575,703.3555768397925,,5771917.33728441,1061335687.0
2000-04-20,730.7980980099182,696.2130028366091,706.7389013676161,719.144424636303,,9024633.702294145,1061335687.0
2000-04-21,,,,,,,
2000-04-24,,,,,,,
2000-04-25,742.075846435997,702.9796518922566,723.4600430340159,730.4221730623822,,3399676.069841085,1061335687.0
2000-04-26,760.8720938127952,733.0536476951338,750.3461952817884,739.8202967507813,,3562053.930255755,1061335687.0
2000-04-27,742.4517713835331,717.2647998986232,734.3693850115097,734.9332724328139,,5997031.850711291,1061335687.0
2000-04-28,763.879493393083,733.8054975902058,738.3165969606375,748.0906455965726,,5766887.704211577,1061342429.0
2000-05-01,,,,,,,
2000-05-02,802.9756879368236,766.8868929733708,785.6831403501692,798.0886636188561,,5760266.2618750185,1112865687.0
2000-05-03,820.268235523478,796.9608887762481,796.9608887762481,804.8553126745032,,6919280.139062394,1112865687.0
2000-05-04,822.8997101562297,796.9608887762481,799.2164384614637,814.2534363629023,,2848140.185739326,1112865687.0
2000-05-05,833.0496837397008,813.1256615202947,813.5015864678306,817.6367608907262,,3980036.4118803446,1112865687.0
2000-05-08,839.0644829002762,787.5627650878489,811.9978866776868,813.8775114153666,,2767935.9983730866,1112865687.0
2000-05-09,816.5089860481183,795.4571889861041,813.8775114153666,803.7275378318956,,2915193.486534383,1112865687.0
2000-05-10,815.0052862579745,796.9608887762481,800.7201382516078,811.246036782615,,4133979.498949285,1112865687.0
2000-05-11,829.8543216856451,799.2164384614637,799.2164384614637,824.4034099463738,,2652739.8487357525,1112865687.0
2000-05-12,827.0348845791253,796.9608887762481,823.2756351037658,822.5237852086938,,2742300.0009684013,1112865687.0
2000-05-15,827.0348845791253,805.2312376220392,815.7571361530464,816.8849109956541,,2226799.5312938807,1112865687.0
2000-05-16,826.2830346840536,792.4497894058164,792.4497894058164,820.6441604710141,,1293078.1112305473,1112865687.0
2000-05-17,834.5533835298448,804.4793877269674,834.5533835298448,813.8775114153666,,5106698.430221861,1112865687.0
2000-05-18,823.2756351037658,801.4719881466797,801.4719881466797,818.0126858382622,,2540260.064108151,1112865687.0
2000-05-19,834.5533835298448,761.6239437078673,820.08027304971,830.042284159413,,4868890.599730785,1112865687.0
2000-05-22,836.0570833199888,819.5163856284063,823.2756351037658,834.1774585823088,,2381345.448030757,1112865687.0
2000-05-23,845.0792820608516,810.4941868875429,839.0644829002762,824.7793348939098,,3116795.2219091062,1112865687.0
2000-05-24,835.3052334249167,786.6229527190089,835.3052334249167,797.3368137237841,,6611890.27047442,1112865687.0
2000-05-25,800.7201382516078,728.9184732722382,790.9460896156726,746.5869458064286,,10102322.467873296,1112865687.0
2000-05-26,748.8424954916444,716.5129500035514,748.8424954916444,732.677722747598,,8256180.819848349,1112865687.0
2000-05-29,,,,,,,
2000-05-30,740.5721466458531,715.7611001084794,738.3165969606375,727.0388485345584,,5980151.409507762,1112865687.0
2000-05-31,744.3313961212128,729.1064357460062,733.0536476951338,742.075846435997,,4237692.832863659,1112865687.0
2000-06-01,765.383193183227,735.3091973803497,739.0684468557093,748.0906455965726,,6729768.891083932,1112865687.0
2000-06-02,757.4887692849717,729.2943982197742,750.3461952817884,736.8128971704936,,3571568.4707978657,1112865687.0
2000-06-05,757.1128443374357,732.3017978000619,740.5721466458531,748.0906455965726,,3602076.736101024,1112865687.0
2000-06-06,770.6461424487306,748.0906455965726,748.0906455965726,755.6091445472919,,4606587.064098467,1112865687.0
2000-06-07,768.0146678159788,740.948071593389,743.5795462261408,766.8868929733708,,3909626.390866041,1112865687.0
2000-06-08,826.2830346840536,759.3683940226514,826.2830346840536,778.9164912945217,,6972438.094961409,1112865687.0
2000-06-09,804.4793877269674,775.157241819162,781.9238908748094,800.7201382516078,,6812196.769414021,1112865687.0
2000-06-12,805.9830875171112,781.9238908748094,798.4645885663921,781.9238908748094,,2873149.143449251,1112865687.0
2000-06-13,789.8371110204416,771.3979923438023,784.1794405600252,771.3979923438023,,2121606.964740517,1112865687.0
2000-06-14,785.6831403501692,748.0906455965726,781.5479659272735,748.8424954916444,,10944715.193244437,1112865687.0
2000-06-15,773.8415045027862,751.8498950719321,759.3683940226514,763.1276434980111,,6213183.812207664,1112865687.0
2000-06-16,793.2016393008886,778.1646413994499,781.1720409797375,786.0590652977052,,6975595.082459352,1112865687.0
2000-06-19,787.9386900353849,735.3091973803497,754.8572946522199,750.3461952817884,,5733367.711571425,1112865687.0
2000-06-20,751.8498950719321,724.0314489542706,744.3313961212128,735.3091973803497,,5368355.558137959,1112865687.0
2000-06-21,758.6165441275796,734.5573474852777,742.4517713835331,750.3461952817884,,2894233.6558108907,1112865687.0
2000-06-22,769.5183676061225,739.8202967507813,751.8498950719321,744.3313961212128,,8659121.611806747,1112865687.0
2000-06-23,773.6535420290184,746.5869458064286,751.0980451768603,763.1276434980111,,3299846.024229395,1112865687.0
2000-06-26,766.1350430782988,752.6017449670042,765.383193183227,757.8646942325076,,5485369.8807898285,1112865687.0
2000-06-27,790.3822021943687,752.6017449670042,752.6017449670042,780.4201910846656,,5125214.258737399,1112865687.0
2000-06-28,788.6905399304569,751.8498950719321,781.9238908748094,788.6905399304569,,4197777.76163776,1112865687.0
2000-06-29,824.7793348939098,789.4423898255287,789.4423898255287,824.7793348939098,,10787957.690557122,1112865687.0
2000-06-30,822.5237852086938,799.9682883565359,811.246036782615,811.9978866776868,,4809516.719444525,1112865687.0
2000-07-03,825.5311847889816,807.4867873072551,818.7645357333344,819.5163856284063,,3552605.967287412,1112865687.0
2000-07-04,824.7793348939098,804.4793877269674,821.0200854185498,809.742336992471,,2860660.401111725,1112865687.0
2000-07-05,810.4941868875429,772.9016921339463,791.6979395107446,772.9016921339463,,2640702.623398507,1112865687.0
2000-07-06,815.7571361530464,766.8868929733708,804.4793877269674,806.7349374121832,,3435362.859882049,1112865687.0
2000-07-07,811.9978866776868,796.9608887762481,806.7349374121832,811.9978866776868,,3516506.396289088,1112865687.0
2000-07-10,833.0496837397008,784.9312904550973,823.2756351037658,827.0348845791253,,2663296.630932668,1112865687.0
2000-07-11,839.8163327953482,808.990487097399,828.5385843692693,822.5237852086938,,5567319.611090129,1112865687.0
2000-07-12,830.042284159413,815.7571361530464,822.5237852086938,826.2830346840536,,11524541.704192208,1112865687.0
2000-07-13,858.6125801721466,827.0348845791253,832.2978338446289,844.3274321657798,,11021045.77631872,1112865687.0
2000-07-14,868.3866288080816,844.7033571133157,847.3348317460675,850.3422313263553,,10864796.684194729,1112865687.0
2000-07-17,857.4848053295387,846.5829818509957,848.0866816411394,850.3422313263553,,6022590.376030137,1112865687.0
2000-07-18,861.6199797524342,817.2608359431903,861.6199797524342,819.5163856284063,,9487953.090652024,1112865687.0
2000-07-19,819.5163856284063,802.2238380417516,819.5163856284063,804.4793877269674,,2365952.7129756063,1112865687.0
2000-07-20,815.7571361530464,800.7201382516078,808.2386372023271,810.4941868875429,,1837649.9811161791,1112865687.0
2000-07-21,815.7571361530464,778.9164912945217,796.9608887762481,796.9608887762481,,4788967.248675711,1112865687.0
2000-07-24,804.4793877269674,788.6905399304569,801.4719881466797,790.1942397206008,,2292837.2214636416,1112865687.0
2000-07-25,796.9608887762481,759.3683940226514,796.9608887762481,784.1794405600252,,1801700.512284168,1112865687.0
2000-07-26,794.7053390910323,775.9090917142339,794.7053390910323,783.4275906649533,,5603812.595024356,1112865687.0
2000-07-27,804.4793877269674,770.6461424487306,793.2016393008886,798.4645885663921,,5819527.565536543,1112865687.0
2000-07-28,811.9978866776868,793.9534891959605,802.2238380417516,802.9756879368236,,4268346.358327765,1112865687.0
2000-07-31,808.2386372023271,781.9238908748094,800.3442133040718,805.9830875171112,,2474854.255638516,1112865687.0
2000-08-01,815.7571361530464,799.2164384614637,808.2386372023271,801.4719881466797,,3026162.565488123,1112865687.0
2000-08-02,811.246036782615,789.0664648779929,809.742336992471,805.2312376220392,,2950168.5017867,1112865687.0
2000-08-03,800.156250830304,773.6535420290184,785.6831403501692,780.4201910846656,,3598223.710331871,1112865687.0
2000-08-04,805.0432751482713,765.759118130763,781.9238908748094,793.2016393008886,,4809967.025943465,1112865687.0
2000-08-07,842.071882480564,770.6461424487306,812.7497365727586,827.0348845791253,,6024217.289832758,1112865687.0
2000-08-08,832.2978338446289,811.9978866776868,832.2978338446289,824.7793348939098,,4057581.12779989,1112865687.0
2000-08-09,833.8015336347728,819.5163856284063,827.0348845791253,826.2830346840536,,3610871.0283451,1112865687.0
2000-08-10,833.0496837397008,818.0126858382622,828.5385843692693,820.268235523478,,5492567.521764815,1112865687.0
2000-08-11,853.3496309066429,823.2756351037658,834.5533835298448,845.8311319559238,,3635812.1979799154,1112865687.0
2000-08-14,872.3338407572093,833.0496837397008,842.071882480564,838.3126330052044,,2823688.0586463693,1112865687.0
2000-08-15,860.8681298573624,827.0348845791253,848.8385315362111,858.6125801721466,,5109573.370907296,1112865687.0
2000-08-16,879.6643772341605,842.8237323756359,854.853330696787,875.9051277588012,,4967880.557411658,1112865687.0
2000-08-17,877.2208650751767,859.3644300672186,875.9051277588012,868.3866288080816,,3593093.605647716,1112865687.0
2000-08-18,870.6421784932975,830.042284159413,830.042284159413,864.6273793327221,,3058870.3117283056,1112865687.0
2000-08-21,875.9051277588012,853.3496309066429,855.6051805918588,874.4014279686572,,2926826.4044236564,1112865687.0
2000-08-22,899.9643244011027,872.1458782834413,872.1458782834413,881.1680770243046,,7461518.162362125,1112865687.0
2000-08-23,914.2494724074696,879.6643772341605,881.1680770243046,894.7013751355992,,6021174.089460892,1112865687.0
2000-08-24,927.2414385943124,880.5214861145427,897.708774715887,919.512421672973,,6489295.536639455,1112865687.0
2000-08-25,937.5568191546994,892.4458254503835,892.4458254503835,905.9791235616784,,5994561.217473829,1112865687.0
2000-08-28,,,,,,,
2000-08-29,895.4532250306714,851.0940812214275,894.7013751355992,860.1162799622905,,4538525.415686161,1112865687.0
2000-08-30,879.6643772341605,845.8311319559238,879.6643772341605,857.1088803820027,,4640569.468250971,1112865687.0
2000-08-31,854.853330696787,824.0274849988375,854.853330696787,826.2830346840536,,4544554.922866855,1063318637.0
2000-09-01,884.1754766045922,824.7793348939098,835.3052334249167,858.6125801721466,,6594429.999128439,1063318637.0
2000-09-04,887.1828761848801,847.7107566936036,883.4236267095205,865.379229227794,,5181350.047935854,1063318637.0
2000-09-05,887.1828761848801,857.1088803820027,859.3644300672186,872.1458782834413,,2420656.479087379,1063318637.0
2000-09-06,901.4680241912469,868.3866288080816,875.1532778637292,879.6643772341605,,5318177.8565410655,1063318637.0
2000-09-07,879.6643772341605,866.1310791228659,875.9051277588012,872.1458782834413,,7083579.065105605,1063318637.0
2000-09-08,910.49022293211,864.6273793327221,865.379229227794,897.708774715887,,5522974.104955309,1063318637.0
2000-09-11,936.8049692596276,864.6273793327221,936.8049692596276,908.234673246894,,4237913.144107764,1063318637.0
2000-09-12,916.5050220926852,866.1310791228659,905.9791235616784,876.6569776538728,,6534179.715871125,1063318637.0
2000-09-13,890.1902757651677,854.853330696787,867.6347789130097,860.8681298573624,,3023966.7160551217,1063318637.0
2000-09-14,870.6421784932975,845.0792820608516,869.7023661244575,851.0940812214275,,6489247.116585806,1063318637.0
2000-09-15,871.3940283883694,811.9978866776868,811.9978866776868,854.1014808017148,,4833678.326215586,1063318637.0
2000-09-18,869.1384787031535,828.9145093168053,834.5533835298448,864.6273793327221,,4204172.840223507,1063318637.0
2000-09-19,866.1310791228659,845.8311319559238,845.8311319559238,849.5903814312834,,5667544.280139063,1063318637.0
2000-09-20,845.8311319559238,778.1646413994499,845.8311319559238,796.9608887762481,,9304525.822414612,1063318637.0
2000-09-21,796.9608887762481,762.3757936029392,769.8942925536585,775.9090917142339,,3094972.3037293125,1063318637.0
2000-09-22,783.4275906649533,759.3683940226514,771.3979923438023,778.1646413994499,,1683029.0132961469,1063318637.0
2000-09-25,804.4793877269674,768.3905927635146,804.4793877269674,775.9090917142339,,3616847.2734667794,1063318637.0
2000-09-26,790.9460896156726,763.1276434980111,781.9238908748094,772.9016921339463,,3398724.6157868747,1063318637.0
2000-09-27,796.9608887762481,746.0230583851247,772.1498422388743,755.6091445472919,,2301757.405847206,1063318637.0
2000-09-28,763.1276434980111,740.5721466458531,751.8498950719321,751.8498950719321,,7886327.871551282,1063318637.0
2000-09-29,774.4053919240902,737.5647470655655,763.1276434980111,737.5647470655655,,6424954.969350106,1063318637.0
2000-10-02,757.8646942325076,744.3313961212128,750.3461952817884,744.3313961212128,,4199025.788520574,1063318637.0
2000-10-03,757.4887692849717,740.5721466458531,751.8498950719321,755.6091445472919,,5132698.788530258,1063318637.0
2000-10-04,779.6683411895935,755.6091445472919,755.6091445472919,776.6609416093061,,10054272.827634294,1063318637.0
2000-10-05,787.9386900353849,749.5943453867162,778.1646413994499,753.3535948620761,,5068762.5286888825,1063318637.0
2000-10-06,766.8868929733708,748.8424954916444,754.105444757148,759.3683940226514,,6545771.476714796,1063318637.0
2000-10-09,765.383193183227,748.8424954916444,759.3683940226514,751.8498950719321,,5161455.458392648,1063318637.0
2000-10-10,755.6091445472919,729.2943982197742,752.7897074407722,735.3091973803497,,6330626.652334332,1063318637.0
2000-10-11,750.3461952817884,729.2943982197742,733.0536476951338,740.5721466458531,,5382524.47633712,1063318637.0
2000-10-12,755.6091445472919,725.5351487444145,729.2943982197742,725.5351487444145,,4553012.695738067,1063318637.0
2000-10-13,786.4349902452411,718.7684996887672,727.9786609033985,725.5351487444145,,2862127.528737302,1063318637.0
2000-10-16,744.3313961212128,717.2647998986232,736.8128971704936,718.7684996887672,,7220732.498571609,1063318637.0
2000-10-17,760.8720938127952,721.7758992690549,736.8128971704936,724.0314489542706,,8637860.366249286,1063318637.0
2000-10-18,730.0462481148462,693.0176407825535,726.2869986394865,706.7389013676161,,4226732.953720113,1063318637.0
2000-10-19,723.8434864805027,704.4833516824004,715.7611001084794,710.498150842976,,7535436.216263328,1063318637.0
2000-10-20,742.827696331069,717.6407248461593,723.2795990591989,736.0610472754215,,4329590.463186233,1063318637.0
2000-10-23,763.879493393083,733.8054975902058,741.3239965409251,754.105444757148,,4015144.582280197,1063318637.0
2000-10-24,770.6461424487306,747.3387957015005,754.105444757148,763.1276434980111,,5066169.634815956,1063318637.0
2000-10-25,769.1424426585866,742.827696331069,763.1276434980111,742.827696331069,,5222407.832427879,1063318637.0
2000-10-26,781.9238908748094,744.3313961212128,744.3313961212128,772.9016921339463,,5517265.380630042,1063318637.0
2000-10-27,774.4429844188437,751.0980451768603,767.6387428684427,763.1276434980111,,3736812.798388581,1063318637.0
2000-10-30,800.7201382516078,763.879493393083,766.8868929733708,796.9608887762481,,2243204.245470304,1063318637.0
2000-10-31,857.8607302770746,796.3970013549441,796.9608887762481,838.3126330052044,,13765310.420963949,1063318637.0
2000-11-01,844.3274321657798,771.3979923438023,844.3274321657798,824.0274849988375,,5479024.432759072,1063318637.0
2000-11-02,830.7941340544849,789.4423898255287,789.4423898255287,819.5163856284063,,5164457.501718912,1063318637.0
2000-11-03,838.3126330052044,793.9534891959605,819.5163856284063,833.8015336347728,,4574874.34996078,1063318637.0
2000-11-06,849.5903814312834,819.5163856284063,838.3126330052044,847.3348317460675,,3256856.279596758,1063466762.0
2000-11-07,862.3718296475064,842.8237323756359,854.4774057492509,848.0866816411394,,4360159.253556454,1063466762.0
2000-11-08,852.5977810115711,837.9367080576684,849.2144564837474,842.071882480564,,4107137.8422087296,1063466762.0
2000-11-09,848.0866816411394,836.0570833199888,840.5681826904201,847.3348317460675,,2170689.162623592,1063466762.0
2000-11-10,849.5903814312834,830.7941340544849,849.5903814312834,842.071882480564,,3249492.7999380226,1063466762.0
2000-11-13,855.6051805918588,808.2386372023271,855.6051805918588,813.5015864678306,,6846692.426135208,1063466762.0
2000-11-14,819.5163856284063,791.6979395107446,817.2608359431903,791.6979395107446,,7413628.308300166,1063466762.0
2000-11-15,820.268235523478,787.1868401403129,820.268235523478,793.9534891959605,,5405710.419027145,1063466762.0
2000-11-16,800.7201382516078,789.4423898255287,798.4645885663921,798.4645885663921,,2938596.108964489,1063466762.0
2000-11-17,800.7201382516078,781.9238908748094,800.7201382516078,787.9386900353849,,3060464.541994713,1063466762.0
2000-11-20,787.1868401403129,760.1202439177234,787.1868401403129,772.1498422388743,,4104207.2184615983,1063466762.0
2000-11-21,786.4349902452411,763.879493393083,775.9090917142339,778.1646413994499,,2867047.006188083,1063466762.0
2000-11-22,781.9238908748094,754.8572946522199,781.9238908748094,766.8868929733708,,4013037.0994451065,1063466762.0
2000-11-23,787.9386900353849,768.3905927635146,770.6461424487306,771.3979923438023,,2507571.685889428,1063466762.0
2000-11-24,808.2386372023271,772.9016921339463,778.9164912945217,782.6757407698815,,2537189.0222054366,1063466762.0
2000-11-27,804.4793877269674,754.8572946522199,754.8572946522199,794.7053390910323,,877218.8489584847,1063466762.0
2000-11-28,815.7571361530464,782.6757407698815,796.9608887762481,782.6757407698815,,3444996.029555601,1063466762.0
2000-11-29,793.9534891959605,781.1720409797375,791.8859019845127,790.1942397206008,,3466213.6970647764,1063466762.0
2000-11-30,803.7275378318956,781.9238908748094,790.570164668137,793.2016393008886,,4434833.870795929,1084788745.0
2000-12-01,808.2386372023271,792.4497894058164,792.4497894058164,793.2016393008886,,2994852.948297067,1084788745.0
2000-12-04,822.5237852086938,795.4571889861041,796.9608887762481,819.5163856284063,,4697069.618353138,1084788745.0
2000-12-05,879.6643772341605,812.7497365727586,819.5163856284063,862.3718296475064,,6384845.007408269,1084788745.0
2000-12-06,888.6865759750236,819.5840521189625,839.8163327953482,883.4236267095205,,7758898.395359422,1084788745.0
2000-12-07,902.2198740863186,860.8681298573624,870.6421784932975,868.3866288080816,,7350641.081510318,1084788745.0
2000-12-08,946.5790178955629,845.8311319559238,845.8311319559238,919.512421672973,,7762092.908398943,1084788745.0
2000-12-11,918.7605717779012,884.9273264996641,918.7605717779012,894.7013751355992,,6529945.382179484,1084788745.0
2000-12-12,898.460624610959,875.9051277588012,894.7013751355992,886.4310262898081,,3807484.287692591,1084788745.0
2000-12-13,884.7393640258962,849.5903814312834,884.7393640258962,864.6273793327221,,6373437.242768466,1084788745.0
2000-12-14,872.1458782834413,807.4867873072551,807.4867873072551,834.5533835298448,,4652921.423936938,1084788745.0
2000-12-15,859.3644300672186,808.990487097399,844.3274321657798,831.545983949557,,6251179.028306364,1084788745.0
2000-12-18,874.4014279686572,823.2756351037658,823.2756351037658,863.1236795425781,,3610024.887907576,1084788745.0
2000-12-19,902.2198740863186,853.3496309066429,872.1458782834413,896.2050749257431,,3725544.24140302,1084788745.0
2000-12-20,918.5726093041332,862.3718296475064,895.2652625569034,905.9791235616784,,4240736.033235525,1084788745.0
2000-12-21,915.5652097238456,866.1310791228659,915.5652097238456,875.9051277588012,,3975546.6624057023,1084788745.0
2000-12-22,887.1828761848801,852.5977810115711,887.1828761848801,869.8903285982254,,997683.1004328752,1084788745.0
2000-12-25,,,,,,,
2000-12-26,,,,,,,
2000-12-27,902.2198740863186,839.0644829002762,863.1236795425781,902.2198740863186,,1862073.0561769465,1084788745.0
2000-12-28,903.7235738764624,789.4423898255287,903.7235738764624,888.6865759750236,,907474.1194813245,1084788745.0
2000-12-29,895.641187504439,875.9051277588012,889.0625009225598,885.6791763947361,,1113948.12275452,1084788745.0
2001-01-01,,,,,,,
2001-01-02,890.9421256602399,844.3274321657798,875.1532778637292,875.9051277588012,,3508335.512235748,1084788745.0
2001-01-03,864.6273793327221,830.7941340544849,864.6273793327221,849.5903814312834,,2449677.0382421585,1084788745.0
2001-01-04,933.7975696793396,864.6273793327221,864.6273793327221,926.2790707286204,,9033573.254699169,1063514965.0
2001-01-05,933.0457197842678,874.9803523878624,906.7309734567502,930.7901700990524,,10763248.937179822,1063514965.0
2001-01-08,957.8567663216415,921.016121463117,921.016121463117,936.8049692596276,,7476850.372350213,1063514965.0
2001-01-09,943.5716183152748,910.49022293211,943.5716183152748,923.2716711483328,,5296754.403803879,1063514965.0
2001-01-10,930.0383202039802,875.9051277588012,930.0383202039802,879.6643772341605,,5702755.343152921,1063514965.0
2001-01-11,899.9643244011027,874.4014279686572,880.9801145505367,879.6643772341605,,3943979.208428963,1063514965.0
2001-01-12,894.7013751355992,872.8977281785133,883.4236267095205,887.1828761848801,,4268502.513000784,1063514965.0
2001-01-15,912.7457726173257,884.1754766045922,895.2652625569034,890.9421256602399,,1451121.1663422524,1063514965.0
2001-01-16,901.4680241912469,867.6347789130097,890.9421256602399,896.9569248208151,,3943774.6337022944,1063514965.0
2001-01-17,917.2568719877572,886.6565812583295,890.1902757651677,887.1828761848801,,5347257.730261565,1063514965.0
2001-01-18,907.4828233518222,849.5903814312834,893.9495252405272,897.708774715887,,6141772.706584159,1063514965.0
2001-01-19,947.3308677906346,899.9643244011027,899.9643244011027,913.4976225123976,,6323128.807026719,1063514965.0
2001-01-22,939.8123688399148,909.7383730370378,909.7383730370378,939.8123688399148,,2574140.786147991,1063514965.0
2001-01-23,937.7447816284676,917.2568719877572,937.5568191546994,932.293869889196,,3399516.2836640426,1063514965.0
2001-01-24,944.3234682103468,902.2198740863186,936.0531193645556,911.2420728271818,,3920347.801245364,1063514965.0
2001-01-25,932.293869889196,877.4088275489448,904.4754237715345,896.9569248208151,,3966182.2240299047,1063514965.0
2001-01-26,913.4976225123976,892.4458254503835,896.9569248208151,905.9791235616784,,5826717.943503481,1063514965.0
2001-01-29,915.7531721976136,875.529202811265,904.4754237715345,890.9421256602399,,3149455.758596981,1063514965.0
2001-01-30,937.3688566809316,884.1754766045922,937.3688566809316,893.9495252405272,,2596492.6934139044,1063514965.0
2001-01-31,908.234673246894,872.8977281785133,905.9791235616784,896.2050749257431,,2823832.1083059763,1084788745.0
2001-02-01,916.5050220926852,896.2050749257431,904.4754237715345,909.7383730370378,,4703137.861576751,1084788745.0
2001-02-02,925.3392583597806,887.3708386586479,894.7013751355992,908.986523141966,,5728997.801729565,1084788745.0
2001-02-05,924.7753709384764,902.2198740863186,924.7753709384764,915.7531721976136,,4428055.06328501,1084788745.0
2001-02-06,935.3012694694836,906.7309734567502,935.3012694694836,921.767971358189,,34156995.971451536,1084788745.0
2001-02-07,933.7975696793396,916.5050220926852,928.534620413836,917.2568719877572,,1732327.8909193033,1084788745.0
2001-02-08,944.3234682103468,924.7753709384764,924.7753709384764,932.293869889196,,7401059.672874118,1084788745.0
2001-02-09,969.8863646427926,933.6096072055716,934.5494195744114,955.601216636426,,4592176.0456310585,1084788745.0
2001-02-12,996.2011109703102,945.8271680004908,946.5790178955629,978.1567134885836,,14726960.527972266,1084788745.0
2001-02-13,978.1567134885836,940.5642187349872,978.1567134885836,946.5790178955629,,6071144.795328434,1084788745.0
2001-02-14,965.3752652723608,933.7975696793396,945.0753181054188,948.8345675807784,,5054615.399513863,1084788745.0
2001-02-15,973.645614118152,945.4512430529544,948.8345675807784,968.3826648526486,,4556417.836010963,1084788745.0
2001-02-16,972.8937642230804,948.0827176857064,972.8937642230804,953.34566695121,,4722045.892526849,1084788745.0
2001-02-19,976.65301369844,940.5642187349872,940.5642187349872,969.1345147477208,,3350509.136864124,1084788745.0
2001-02-20,976.0891262771356,954.849366741354,967.6308149575768,957.8567663216415,,3770295.2654871545,1084788745.0
2001-02-21,969.8863646427926,952.781779529906,967.6308149575768,963.871565482217,,4237742.4634186495,1084788745.0
2001-02-22,962.3678656920732,941.3160686300588,945.0753181054188,957.8567663216415,,4601055.072969021,1084788745.0
2001-02-23,965.3752652723608,925.5272208335484,965.3752652723608,943.5716183152748,,4202742.027638167,1084788745.0
2001-02-26,964.6234153772888,932.293869889196,964.6234153772888,936.8049692596276,,3872907.043181004,1084788745.0
2001-02-27,960.8641659019294,941.3160686300588,957.8567663216415,960.1123160068574,,5483965.699233995,1084788745.0
2001-02-28,972.8937642230804,943.5716183152748,951.0901172659942,958.6086162167136,,4010601.570746541,1084788745.0
2001-03-01,968.3826648526486,949.3984550020824,967.6308149575768,958.6086162167136,,6661116.518017102,1084788745.0
2001-03-02,977.4048635935118,962.3678656920732,966.1271151674327,976.65301369844,,11221225.172617491,1084788745.0
2001-03-05,1002.9677600259574,976.65301369844,980.4122631737994,998.456660655526,,6782719.851253595,1084788745.0
2001-03-06,1012.1779212405888,977.4048635935118,977.4048635935118,984.9233625442312,,6442102.931350049,1084788745.0
2001-03-07,1018.1551279064108,969.8863646427926,969.8863646427926,998.456660655526,,2949174.6801855457,1084788745.0
2001-03-08,1014.9973583471084,990.9381617048068,993.1937113900224,995.449261075238,,5169291.033574466,1084788745.0
2001-03-09,1020.260307612612,990.5622367572709,998.268698181758,996.952960865382,,7231168.2306344,1084788745.0
2001-03-12,1015.3732832946444,983.4196627540872,1004.4714598161012,996.2011109703102,,6190825.852435045,1084788745.0
2001-03-13,987.1789122294468,947.3308677906346,981.9159629639436,957.8567663216415,,7677831.120536882,1084788745.0
2001-03-14,959.3604661117854,879.6643772341605,959.3604661117854,911.2420728271818,,7009824.428885467,1084788745.0
2001-03-15,917.2568719877572,881.5440019718405,911.2420728271818,911.2420728271818,,7225257.352585147,1084788745.0
2001-03-16,915.0013223025416,870.6421784932975,911.2420728271818,883.4236267095205,,9132738.735074518,1084788745.0
2001-03-19,932.293869889196,872.1458782834413,872.1458782834413,905.9791235616784,,6953975.528504886,1084788745.0
2001-03-20,947.3308677906346,897.708774715887,928.534620413836,918.7605717779012,,14188499.26885719,1084788745.0
2001-03-21,945.0753181054188,916.8809470402211,921.767971358189,921.767971358189,,6559445.299865393,1084788745.0
2001-03-22,934.173494626876,869.8903285982254,919.512421672973,885.6791763947361,,7027512.274483601,1084788745.0
2001-03-23,913.4976225123976,864.6273793327221,898.0846996634231,872.1458782834413,,5335408.132632211,1084788745.0
2001-03-26,881.9199269193764,860.1162799622905,872.1458782834413,878.9125273390887,,4333759.429805448,1084788745.0
2001-03-27,902.2198740863186,866.8829290179378,884.1754766045922,902.2198740863186,,4307779.650019852,1084788745.0
2001-03-28,922.3318587794928,882.6717768144483,899.9643244011027,898.460624610959,,4511022.825213291,1084788745.0
2001-03-29,939.0605189448434,879.6643772341605,900.7161742961748,894.7013751355992,,5645648.731878796,1084788745.0
2001-03-30,939.8123688399148,894.7013751355992,939.8123688399148,921.016121463117,,6090787.600592662,1084788745.0
2001-04-02,936.8049692596276,889.4384258700959,914.2494724074696,896.2050749257431,,4966689.424091882,1084788745.0
2001-04-03,922.5198212532608,868.3866288080816,896.2050749257431,878.1606774440168,,4873191.510996195,1084788745.0
2001-04-04,881.1680770243046,839.8163327953482,878.1606774440168,877.4088275489448,,5506046.454199472,1084788745.0
2001-04-05,938.3086690497712,872.8977281785133,872.8977281785133,909.7383730370378,,2837869.0818589428,1084788745.0
2001-04-06,932.293869889196,852.5977810115711,931.542019994124,931.542019994124,,4572599.817940598,1084788745.0
2001-04-09,939.0605189448434,907.4828233518222,917.2568719877572,933.7975696793396,,4724884.518172046,1084788745.0
2001-04-10,999.9603604456698,933.7975696793396,933.7975696793396,984.9233625442312,,38797575.12371324,1084788745.0
2001-04-11,1029.2825063534751,961.8641262623748,992.6298239687184,1014.9973583471084,,4280856.889689434,1084788745.0
2001-04-12,1019.50845771754,977.4048635935118,1007.4788593963892,994.6974111801665,,6944488.829493623,1084788745.0
2001-04-13,,,,,,,
2001-04-16,,,,,,,
2001-04-17,1033.0417558288348,985.6752124393032,1033.0417558288348,1005.9751596062456,,3157232.0192130776,1084788745.0
2001-04-18,1052.589853100705,987.1789122294468,1014.2455084520363,992.4418614949504,,4968152.920213436,1084788745.0
2001-04-19,1052.589853100705,996.952960865382,1007.4788593963892,1045.0713541499856,,7705153.346309908,1084788745.0
2001-04-20,1086.423098378942,1042.063954569698,1052.589853100705,1059.3565021563525,,7523363.886387186,1084788745.0
2001-04-23,1058.6046522612803,1028.5306564584032,1037.5528551992666,1040.5602547795545,,5249266.436187211,1084788745.0
2001-04-24,1059.3565021563525,1003.7196099210294,1043.5676543598418,1040.5602547795545,,6760164.5797623545,1084788745.0
2001-04-25,1044.3195042549137,979.6604132787276,1044.3195042549137,1018.756607822468,,3212257.778681619,1084788745.0
2001-04-26,1021.012157507684,975.901163803368,1018.756607822468,1011.2381088717488,,4735356.565275075,1084788745.0
2001-04-27,1093.1897474345894,1002.9677600259574,1021.012157507684,1052.589853100705,,4526323.562166507,1084788745.0
2001-04-30,1066.1231512119998,1042.063954569698,1052.589853100705,1064.619451421856,,5093005.239049805,1063999660.0
2001-05-01,1070.6342505824314,1026.2751067731876,1026.2751067731876,1066.8750011070715,,3929278.8801409993,1063999660.0
2001-05-02,1081.1601491134386,1052.589853100705,1060.860201946496,1054.845402785921,,20535023.435305968,1063999660.0
2001-05-03,1052.589853100705,1021.764007402756,1041.3121046746262,1027.0269566682591,,5111091.339589205,1063999660.0
2001-05-04,1058.6046522612803,1014.9973583471084,1037.5528551992666,1043.5676543598418,,2588306.072843129,1063999660.0
2001-05-07,,,,,,,
2001-05-08,1052.589853100705,1004.4714598161012,1051.838003205633,1022.515857297828,,8095159.931437205,1063999660.0
2001-05-09,1032.2899059337628,1003.7196099210294,1018.004757927396,1031.538056038691,,3380642.146751499,1063999660.0
2001-05-10,1067.6268510021437,1024.0195570879716,1031.538056038691,1035.2973055140503,,7553760.785566951,1063999660.0
2001-05-11,1052.589853100705,1016.5010581372524,1052.589853100705,1030.034356248547,,4369652.005074422,1063999660.0
2001-05-14,1033.793605723907,999.9603604456698,1033.793605723907,999.9603604456698,,3551244.153278522,1063999660.0
2001-05-15,1033.793605723907,1005.9751596062456,1014.9973583471084,1026.2751067731876,,5858565.023290047,1063999660.0
2001-05-16,1086.423098378942,1024.7714069830436,1033.793605723907,1086.423098378942,,7672432.284554971,1063999660.0
2001-05-17,1118.000793971963,1090.1823478543015,1090.1823478543015,1108.9785952311,,9365269.99021915,1063999660.0
2001-05-18,1104.4674958606686,1033.793605723907,1103.7156459655964,1075.1453499528627,,3772458.4313839423,1063999660.0
2001-05-21,1101.0841713328448,1060.1083520514242,1060.1083520514242,1092.4378975395175,,3826780.8895732258,1063999660.0
2001-05-22,1108.9785952311,1083.415698798654,1092.4378975395175,1099.9563964902366,,4802470.391137194,1063999660.0
2001-05-23,1090.1823478543015,1067.6268510021437,1082.6638489035822,1067.6268510021437,,6976918.160425322,1063999660.0
2001-05-24,1091.6860476444454,1050.334303415489,1072.1379503725757,1058.6046522612803,,3850914.6548134377,1063999660.0
2001-05-25,1059.3565021563525,1041.3121046746262,1045.0713541499856,1055.5972526809928,,4976220.911652771,1063999660.0
2001-05-28,,,,,,,
2001-05-29,1052.589853100705,1022.515857297828,1022.515857297828,1039.8084048844823,,3115192.51813331,1063999660.0
2001-05-30,1057.8528023662086,1023.2677071928996,1041.3121046746262,1047.3269038352016,,7499889.844377948,1063999660.0
2001-05-31,1060.860201946496,1026.2751067731876,1047.3269038352016,1056.349102576065,,5830048.03269322,1063999660.0
2001-06-01,1052.589853100705,1018.756607822468,1048.8306036253457,1027.7788065633315,,7567838.916165519,1063999660.0
2001-06-04,1067.6268510021437,1032.2899059337628,1032.2899059337628,1059.3565021563525,,2592034.4169741343,1063999660.0
2001-06-05,1060.860201946496,1037.5528551992666,1060.860201946496,1037.5528551992666,,3941575.152765269,1063999660.0
2001-06-06,1052.589853100705,1024.0195570879716,1045.0713541499856,1026.2751067731876,,3355410.4567947863,1063999660.0
2001-06-07,1061.6120518415682,1026.2751067731876,1030.034356248547,1037.5528551992666,,4560600.118144931,1064360511.0
2001-06-08,1051.838003205633,1031.538056038691,1038.8159630229873,1045.0713541499856,,2932456.4461617423,1064360511.0
2001-06-11,1060.1083520514242,1032.898904348771,1052.589853100705,1045.0713541499856,,5040221.328065231,1064360511.0
2001-06-12,1045.0713541499856,996.2011109703102,1045.0713541499856,996.2011109703102,,3647131.5960218087,1064360511.0
2001-06-13,1003.7196099210294,977.4048635935118,996.2011109703102,984.9233625442312,,4640472.628143672,1064360511.0
2001-06-14,987.930762124519,927.7827705187644,987.1789122294468,932.293869889196,,10038608.940278707,1064360511.0
2001-06-15,954.849366741354,924.7753709384764,950.3382673709224,937.5568191546994,,5360400.143323359,1064360511.0
2001-06-18,970.6382145378644,936.0531193645556,938.3086690497712,948.8345675807784,,5041787.71680079,1064360511.0
2001-06-19,975.901163803368,938.3086690497712,948.8345675807784,941.3160686300588,,6063224.48505273,1064360511.0
2001-06-20,952.593817056138,913.4976225123976,942.8197684202028,913.4976225123976,,4238560.762325325,1064360511.0
2001-06-21,938.6845939973074,894.7013751355992,938.6845939973074,894.7013751355992,,3932347.501041032,1064360511.0
2001-06-22,930.4142451515158,903.7235738764624,911.2420728271818,905.9791235616784,,5956329.953613589,1064360511.0
2001-06-25,910.49022293211,872.1458782834413,905.9791235616784,881.1680770243046,,8063143.381462867,1064360511.0
2001-06-26,913.4976225123976,879.6643772341605,887.9347260799518,913.4976225123976,,8231645.168162847,1064360511.0
2001-06-27,966.1271151674327,913.4976225123976,915.7531721976136,966.1271151674327,,7656066.306421468,1064360511.0
2001-06-28,948.8345675807784,920.2642715680452,945.0753181054188,924.7753709384764,,4563420.58627001,1064360511.0
2001-06-29,952.593817056138,929.4744327826762,933.0457197842678,948.8345675807784,,6057479.445687226,1064360511.0
2001-07-02,979.6604132787276,957.8567663216415,971.3900644329364,973.645614118152,,5399685.753851816,1064360511.0
2001-07-03,991.4644566313572,953.34566695121,977.4048635935118,973.645614118152,,4234041.960818493,1064360511.0
2001-07-04,976.65301369844,961.6160157970014,973.645614118152,972.8937642230804,,1782877.216427956,1064360511.0
2001-07-05,969.8863646427926,955.601216636426,969.8863646427926,961.6160157970014,,2709398.5745136207,1064360511.0
2001-07-06,972.1419143280084,939.8123688399148,957.1049164265696,949.58641747585,,5169632.394952694,1064360511.0
2001-07-09,958.6086162167136,917.2568719877572,941.616808588088,930.7901700990524,,5088106.340121825,1064360511.0
2001-07-10,936.7748952638246,913.4976225123976,932.985571792662,923.2716711483328,,5054537.927428024,1064360511.0
2001-07-11,929.2864703089084,913.4976225123976,921.016121463117,927.7827705187644,,5741323.126386024,1064360511.0
2001-07-12,945.4512430529544,924.7753709384764,924.7753709384764,933.7975696793396,,5169682.025507685,1064360511.0
2001-07-13,966.1271151674327,933.7975696793396,933.7975696793396,958.6086162167136,,4330878.436613308,1064360511.0
2001-07-16,993.9455612850944,951.8419671610663,969.6984021690243,958.6086162167136,,5001505.863668498,1064360511.0
2001-07-17,951.8419671610663,933.0457197842678,943.5716183152748,940.5642187349872,,5463430.7544812765,1064360511.0
2001-07-18,942.0679185251312,908.986523141966,942.0679185251312,921.016121463117,,6956855.3111956855,1064360511.0
2001-07-19,932.293869889196,894.7013751355992,932.293869889196,911.993922722254,,10233089.29626294,1064360511.0
2001-07-20,917.6327969352932,872.1458782834413,917.6327969352932,890.9421256602399,,7075958.959162527,1064360511.0
2001-07-23,893.1976753454554,861.6199797524342,893.1976753454554,872.8977281785133,,6341999.312435239,1064360511.0
2001-07-24,865.379229227794,833.3053127040251,865.379229227794,835.3052334249167,,7334292.050395592,1064360511.0
2001-07-25,845.0792820608516,800.7201382516078,845.0792820608516,801.4719881466797,,5008222.935611013,1064360511.0
2001-07-26,849.5903814312834,810.3738909043312,810.3738909043312,836.0570833199888,,5095636.868965651,1064360511.0
2001-07-27,868.3866288080816,842.071882480564,842.071882480564,863.8755294376498,,4928811.626623282,1064360511.0
2001-07-30,874.0255030211212,857.1088803820027,864.6273793327221,863.1236795425781,,4390972.565197603,1064360511.0
2001-07-31,887.1828761848801,849.5903814312834,863.1236795425781,887.1828761848801,,6625052.051557673,1064360511.0
2001-08-01,894.7013751355992,872.1458782834413,892.3856774587778,887.1828761848801,,6147978.946960674,1064360511.0
2001-08-02,908.986523141966,866.1310791228659,883.9109006265164,898.460624610959,,6504948.529482971,1064360511.0
2001-08-03,902.2198740863186,874.2886504843963,886.6370331610576,890.9421256602399,,3973717.594879096,1064360511.0
2001-08-06,905.9791235616784,875.2284628532362,887.1828761848801,893.9495252405272,,3040498.532872374,1064360511.0
2001-08-07,901.4980981870495,869.1384787031535,901.4980981870495,886.4310262898081,,3700617.5977842985,1064413803.0
2001-08-08,897.708774715887,865.379229227794,888.3132825021205,884.9273264996641,,5976073.230489139,1064413803.0
2001-08-09,884.9273264996641,839.8163327953482,869.310652329125,865.379229227794,,9144087.185148602,1064413803.0
2001-08-10,882.6717768144483,857.1088803820027,859.462170553578,868.3866288080816,,2491248.075302868,1064413803.0
2001-08-13,892.4458254503835,867.9655928668412,867.9658936067993,882.6717768144483,,1490527.8270048324,1064413803.0
2001-08-14,903.1596864551584,871.3940283883694,883.4236267095205,891.6939755553116,,2556095.8426541938,1064413803.0
2001-08-15,905.9791235616784,874.7247234235382,783.1018141054187,881.1680770243046,,3541160.6771060303,1064413803.0
2001-08-16,875.9051277588012,845.0792820608516,869.1384787031535,853.3496309066429,,6797778.487938565,1064413803.0
2001-08-17,885.6791763947361,846.5829818509957,872.8977281785133,846.5829818509957,,4078716.4812178616,1064413803.0
2001-08-20,875.1532778637292,857.8607302770746,863.8755294376498,866.1310791228659,,3443733.4766566926,1064413803.0
2001-08-21,882.6717768144483,860.1162799622905,878.1606774440168,875.9051277588012,,2394756.5923903044,1064413803.0
2001-08-22,897.708774715887,867.6347789130097,874.4014279686572,887.1828761848801,,2948236.5416460885,1064413803.0
2001-08-23,925.5272208335484,881.9199269193764,883.4236267095205,921.016121463117,,4780485.2657776745,1064413803.0
2001-08-24,943.9475432628108,907.4828233518222,921.016121463117,935.3012694694836,,3642160.0670133545,1064413803.0
2001-08-27,,,,,,,
2001-08-28,953.34566695121,917.2568719877572,953.34566695121,935.3012694694836,,2784385.501099136,1064413803.0
2001-08-29,944.6993931578828,923.5799296053124,923.580907010176,937.5568191546994,,3310189.7581902524,1064413803.0
2001-08-30,951.0901172659942,921.016121463117,939.8123688399148,921.016121463117,,3949664.933228746,1064413803.0
2001-08-31,936.0531193645556,902.2198740863186,927.9989273635972,932.293869889196,,4323800.635271104,1064413803.0
2001-09-03,945.8271680004908,899.9643244011027,909.2120781104876,905.2272736666066,,2276926.3918344425,1064413803.0
2001-09-04,931.542019994124,901.4680241912469,905.2272736666066,928.534620413836,,4789417.555174652,1064413803.0
2001-09-05,951.0901172659942,911.2420728271818,926.3423764897852,944.3234682103468,,9343685.54080358,1064413803.0
2001-09-06,952.593817056138,912.7457726173257,942.0679185251312,924.7753709384764,,3722484.094012376,1064413803.0
2001-09-07,948.3849613435254,882.6717768144483,909.7383730370378,882.6717768144483,,7706887.994731898,1064413803.0
2001-09-10,892.5157474906251,830.042284159413,846.5829818509957,870.6421784932975,,5339072.320192131,1064413803.0
2001-09-11,896.2050749257431,789.4423898255287,843.5755822707081,827.0348845791253,,4523736.720800287,1064413803.0
2001-09-12,887.1828761848801,793.2016393008886,832.3452003880186,821.0200854185498,,7304747.344160058,1064413803.0
2001-09-13,848.0866816411394,821.0200854185498,821.0200854185498,834.5533835298448,,4639638.592719561,1064413803.0
2001-09-14,834.5533835298448,763.879493393083,834.5533835298448,779.6683411895935,,8449201.311215054,1064413803.0
2001-09-17,802.2238380417516,763.1276434980111,789.4423898255287,774.4053919240902,,4122045.166226044,1064413803.0
2001-09-18,803.7275378318956,774.4053919240902,856.3570304869307,793.2016393008886,,8328162.071603576,1064413803.0
2001-09-19,800.7201382516078,736.8128971704936,800.7201382516078,754.8572946522199,,5397707.794660237,1064413803.0
2001-09-20,748.8424954916444,681.9278548302425,748.8424954916444,702.9796518922566,,14690270.232319418,1064413803.0
2001-09-21,714.2574003183356,654.861258607653,699.9722523119689,699.2204024168968,,10627730.891025828,1064413803.0
2001-09-24,750.3461952817884,708.2426011577601,718.7684996887672,737.5647470655655,,4324978.453076126,1064413803.0
2001-09-25,763.1276434980111,727.5350694653058,743.5795462261408,748.0906455965726,,6795172.278550885,1064413803.0
2001-09-26,768.916887690065,736.0610472754215,739.0684468557093,764.631343288155,,5721305.065706013,1064413803.0
2001-09-27,772.1498422388743,746.5869458064286,760.1202439177234,769.8942925536585,,5612060.951163534,1064413803.0
2001-09-28,834.5533835298448,769.8942925536585,778.9164912945217,804.4793877269674,,4376070.083185652,1064413803.0
2001-10-01,826.2830346840536,774.4053919240902,795.4571889861041,778.9164912945217,,4472222.62572267,1064413803.0
2001-10-02,796.2090388811761,767.6387428684427,785.6831403501692,788.6905399304569,,2334499.046124943,1064413803.0
2001-10-03,824.0274849988375,781.9238908748094,808.2386372023271,811.9978866776868,,4880322.574397413,1064413803.0
2001-10-04,860.8681298573624,818.0126858382622,819.5163856284063,825.5311847889816,,6908857.722514357,1064413803.0
2001-10-05,845.0792820608516,804.4793877269674,825.5311847889816,834.5533835298448,,6216367.430735114,1064413803.0
2001-10-08,845.8311319559238,810.4941868875429,827.0348845791253,831.545983949557,,1827894.5508071624,1064413803.0
2001-10-09,840.1922577428844,808.2386372023271,821.7719353136218,810.4941868875429,,4493487.502784153,1064413803.0
2001-10-10,874.4014279686572,800.7201382516078,810.4941868875429,869.8903285982254,,7157579.433098013,1064413803.0
2001-10-11,896.3404079068562,868.0107038605457,868.0107038605457,882.6717768144483,,11349809.46708889,1064413803.0
2001-10-12,892.4458254503835,855.4172181180909,869.8903285982254,876.6569776538728,,5455826.385055635,1064413803.0
2001-10-15,894.7013751355992,850.3422313263553,876.6569776538728,877.4088275489448,,1830908.6991468389,1064413803.0
2001-10-16,911.2420728271818,879.6643772341605,879.6643772341605,887.1828761848801,,5765362.47252162,1064413803.0
2001-10-17,903.7235738764624,850.3422313263553,887.1828761848801,888.6865759750236,,8717943.503481403,1064413803.0
2001-10-18,864.6273793327221,836.0570833199888,864.6273793327221,842.071882480564,,5339862.7775679575,1064413803.0
2001-10-19,868.3866288080816,811.9978866776868,857.1088803820027,820.268235523478,,7249973.368970493,1064413803.0
2001-10-22,830.7941340544849,811.9978866776868,820.268235523478,819.5163856284063,,6161592.245044208,1064413803.0
2001-10-23,867.6347789130097,830.7941340544849,837.0645621793849,850.3422313263553,,7317058.142800422,1064538237.0
2001-10-24,876.6569776538728,848.8385315362111,851.0940812214275,860.8681298573624,,5738477.23773278,1065038237.0
2001-10-25,887.1828761848801,853.3496309066429,860.8681298573624,857.1088803820027,,3185670.3272227226,1065038237.0
2001-10-26,883.4236267095205,842.071882480564,863.1236795425781,878.9125273390887,,5453699.534199084,1065038237.0
2001-10-29,878.3486399177847,849.5903814312834,876.6569776538728,849.5903814312834,,5417745.223361708,1065038237.0
2001-10-30,852.5977810115711,821.7719353136218,843.6357302623136,831.545983949557,,7600114.513426881,1065038237.0
2001-10-31,841.3200325854921,815.7571361530464,831.545983949557,839.0644829002762,,6672095.765182109,1065038237.0
2001-11-01,857.1088803820027,832.2978338446289,851.8459311164992,841.3200325854921,,2743494.765792201,1065038237.0
2001-11-02,855.6051805918588,833.0496837397008,842.071882480564,849.5903814312834,,3534771.6510269893,1065038237.0
2001-11-05,860.8681298573624,844.3875801573856,853.3496309066429,859.3644300672186,,3957818.870263308,1065038237.0
2001-11-06,882.6717768144483,857.1088803820027,859.3644300672186,860.8681298573624,,7310029.972013209,1065038237.0
2001-11-07,878.1606774440168,849.5903814312834,860.8681298573624,872.1458782834413,,5590083.088812063,1065038237.0
2001-11-08,887.1828761848801,854.1014808017148,872.1458782834413,882.6717768144483,,5453768.532775534,1065038237.0
2001-11-09,903.9115363502304,875.9051277588012,879.6643772341605,893.9495252405272,,9375137.997152902,1065038237.0
2001-11-12,907.4828233518222,872.1458782834413,894.7013751355992,890.1902757651677,,8288886.145085849,1065038237.0
2001-11-13,930.0383202039802,880.4162271292327,889.1376859120668,924.7753709384764,,7286710.874175649,1065038237.0
2001-11-14,984.1715126491592,924.7753709384764,924.7753709384764,963.1197155871452,,12096443.062858917,1065038237.0
2001-11-15,1012.7418086618928,963.1197155871452,965.187302798593,984.9233625442312,,23464349.52499928,1065038237.0
2001-11-16,997.7048107604542,963.1197155871452,977.4048635935118,984.9233625442312,,11569209.2036838,1065038237.0
2001-11-19,1018.004757927396,982.442257890494,996.2011109703102,1012.7418086618928,,7098100.239195066,1065038237.0
2001-11-20,1048.8306036253457,969.8863646427926,1004.4714598161012,977.4048635935118,,13646509.398332411,1065038237.0
2001-11-21,999.9603604456698,969.8863646427926,977.4048635935118,977.4048635935118,,6746080.396657079,1065038237.0
2001-11-22,988.72546746361,954.849366741354,988.72546746361,969.8863646427926,,6299984.021382296,1065038237.0
2001-11-23,999.9603604456698,959.3604661117854,971.3900644329364,981.9159629639436,,6547912.853587442,1065038237.0
2001-11-26,1025.5232568781153,996.6221469115504,1003.7196099210294,1012.7418086618928,,7880350.415928261,1065038237.0
2001-11-27,1022.515857297828,969.8863646427926,1008.0427468176932,992.4418614949504,,11968687.961806262,1065038237.0
2001-11-28,987.930762124519,959.3604661117854,980.4122631737994,963.871565482217,,7572372.2436884465,1065038237.0
2001-11-29,974.3974640132238,948.8345675807784,963.871565482217,962.3678656920732,,5958602.064631088,1065038237.0
2001-11-30,992.4418614949504,962.3678656920732,975.901163803368,988.6826120195908,,7514907.324017315,1065038237.0
2001-12-01,,,,,,,
2001-12-03,996.952960865382,970.2622895903282,988.6826120195908,988.6826120195908,,5385156.106252966,1065038237.0
2001-12-04,1002.9677600259574,988.6826120195908,996.2011109703102,996.2011109703102,,6190690.276284827,1065038237.0
2001-12-05,1027.7457251679482,981.1641130688716,995.449261075238,1027.0269566682591,,6665586.899470285,1065038237.0
2001-12-06,1047.3269038352016,1007.4788593963892,1047.3269038352016,1012.7418086618928,,6803806.784617918,1065038237.0
2001-12-07,1027.7788065633315,982.6678128590154,1027.7788065633315,996.952960865382,,5296268.992766044,1065038237.0
2001-12-10,1028.5306564584032,978.908563383656,1020.6678102557408,990.1863118097344,,2351680.90216244,1065038237.0
2001-12-11,996.2011109703102,977.4048635935118,990.1863118097344,977.4048635935118,,6779307.4479726525,1065038237.0
2001-12-12,1033.793605723907,963.1197155871452,1033.793605723907,971.3900644329364,,5088609.908679779,1065038237.0
2001-12-13,972.1419143280084,930.7901700990524,942.0679185251312,952.593817056138,,7223759.962426038,1065038237.0
2001-12-14,976.65301369844,939.8123688399148,976.65301369844,949.58641747585,,3290209.2230518195,1065038237.0
2001-12-17,977.4048635935118,907.4828233518222,943.5716183152748,958.6086162167136,,7262255.115578668,1065038237.0
2001-12-18,981.7280004901752,947.3308677906346,947.3308677906346,965.3752652723608,,6667378.441455314,1065038237.0
2001-12-19,988.6826120195908,927.0309206236924,988.6826120195908,947.3308677906346,,7639946.060060235,1065038237.0
2001-12-20,976.65301369844,928.534620413836,976.65301369844,938.3086690497712,,4934894.395862991,1065038237.0
2001-12-21,980.4122631737994,933.7975696793396,942.8197684202028,960.1123160068574,,3132194.0094709625,1065038237.0
2001-12-24,985.0586955253442,969.8863646427926,972.8937642230804,984.1715126491592,,606325.5958087601,1065038237.0
2001-12-25,,,,,,,
2001-12-26,,,,,,,
2001-12-27,992.4418614949504,959.3604661117854,992.4418614949504,973.645614118152,,1741422.3874960055,1065038237.0
2001-12-28,996.952960865382,970.6382145378644,978.1567134885836,987.930762124519,,1045079.0699476096,1065038237.0
2001-12-31,1009.734409081605,973.645614118152,1003.7196099210294,989.4344619146626,,313898.7342997976,1065038237.0
2002-01-01,,,,,,,
2002-01-02,1020.260307612612,974.2019830405056,974.20281007539,987.1789122294468,,1872511.20924242,1065038237.0
2002-01-03,1030.034356248547,999.9603604456698,1001.464060235814,1024.0195570879716,,3692992.649835856,1065038237.0
2002-01-04,1051.838003205633,996.952960865382,1024.0195570879716,1044.3195042549137,,6604825.78464697,1065038237.0
2002-01-07,1063.115751631712,1024.7714069830436,1024.7714069830436,1039.8084048844823,,3277035.3369551534,1065038237.0
2002-01-08,1049.206528572881,1021.012157507684,1035.2973055140503,1031.538056038691,,5440350.125407939,1065038237.0
2002-01-09,1051.0861533105613,1013.0575856178226,1021.012157507684,1048.8306036253457,,3575695.0698701376,1065038237.0
2002-01-10,1048.8306036253457,1031.538056038691,1048.8306036253457,1038.3047050943385,,4230947.919390295,1065038237.0
2002-01-11,1052.589853100705,1024.0195570879716,1042.8158044647698,1036.0491554091225,,5446676.205417236,1065038237.0
2002-01-14,1028.5306564584032,984.9233625442312,1028.5306564584032,1002.2159101308856,,5913736.042919536,1065038237.0
2002-01-15,1014.9973583471084,988.6375010258864,1003.4639809567052,1008.9825591865332,,5574517.252065116,1065038237.0
2002-01-16,1029.2825063534751,972.1419143280084,1029.2825063534751,972.1419143280084,,11522362.801777983,1065038237.0
2002-01-17,987.1789122294468,953.34566695121,979.6604132787276,966.1271151674327,,9603269.079922142,1065038237.0
2002-01-18,990.9381617048068,951.0901172659942,966.1271151674327,982.6678128590154,,5900626.313393956,1065038237.0
2002-01-21,996.2011109703102,964.6234153772888,984.9233625442312,977.4048635935118,,5246944.694614722,1065038237.0
2002-01-22,992.4418614949504,972.8937642230804,984.9233625442312,978.1567134885836,,7851847.951347531,1065038237.0
2002-01-23,1007.4788593963892,979.6604132787276,979.6604132787276,997.7048107604542,,4772661.79560927,1065038237.0
2002-01-24,1047.3269038352016,1003.4639809567052,1005.9751596062456,1030.034356248547,,7254924.319456146,1065038237.0
2002-01-25,1038.0791501258168,1007.4788593963892,1033.793605723907,1022.515857297828,,8574110.52361446,1065038237.0
2002-01-28,1078.1527495331509,1014.9973583471084,1029.4072382510674,1028.5306564584032,,5874348.750278416,1065038237.0
2002-01-29,1030.6659101604073,1011.9899587668206,1030.034356248547,1015.7492082421802,,5432743.334979615,1065038237.0
2002-01-30,1019.50845771754,999.9603604456698,999.9603604456698,1002.2159101308856,,8852466.517532902,1065038237.0
2002-01-31,1045.0713541499856,1002.2159101308856,1002.2159101308856,1045.0713541499856,,10275202.637924524,1065038237.0
2002-02-01,1074.393500057791,1046.5750539401297,1051.838003205633,1063.115751631712,,9545881.63233685,1065038237.0
2002-02-04,1086.423098378942,1058.6046522612803,1059.0591455228514,1068.3787008972156,,8215619.34090623,1065038237.0
2002-02-05,1073.6416501627195,1041.3121046746262,1051.0861533105613,1048.8306036253457,,8320907.537065552,1065038237.0
2002-02-06,1086.423098378942,1051.6124482371115,1067.6268510021437,1081.1601491134386,,12040082.12041099,1065038237.0
2002-02-07,1081.1601491134386,1048.8306036253457,1081.1601491134386,1060.860201946496,,13412074.02457802,1065038237.0
2002-02-08,1066.1231512119998,1042.063954569698,1061.6120518415682,1051.838003205633,,8841631.320027502,1065038237.0
2002-02-11,1082.6638489035822,1048.4546786778092,1048.4546786778092,1071.3861004775033,,4812378.344615206,1065038237.0
2002-02-12,1101.4600962803806,1059.95798207241,1072.8898002676472,1082.6638489035822,,14280513.107308524,1065038237.0
2002-02-13,1118.000793971963,1078.9045994282226,1083.0427812506982,1099.2045465951649,,12761927.069715194,1065038237.0
2002-02-14,1115.7452442867473,1095.1520756607272,1099.5887418915463,1099.2045465951649,,4808709.315049921,1065038237.0
2002-02-15,1105.2193457557405,1078.1527495331509,1099.5887418915463,1091.6860476444454,,7316912.882639474,1065038237.0
2002-02-18,1090.1823478543015,1072.8898002676472,1090.1823478543015,1086.423098378942,,3182868.0166177624,1065038237.0
2002-02-19,1097.700846805021,1077.400899638079,1089.4304979592298,1082.6638489035822,,4910346.639164076,1065038237.0
2002-02-20,1105.2193457557405,1056.349102576065,1071.3861004775033,1060.1083520514242,,6342332.200304078,1065038237.0
2002-02-21,1067.6268510021437,1048.3343826945977,1054.845402785921,1054.0935528908487,,4475224.669048933,1065038237.0
2002-02-22,1070.6342505824314,1047.9133467533577,1070.6342505824314,1058.6046522612803,,4730260.3546284735,1065038237.0
2002-02-25,1075.1453499528627,1056.349102576065,1066.54418715324,1067.6268510021437,,6632126.221395854,1064538237.0
2002-02-26,1095.4452971198052,1069.5064757398238,1069.5064757398238,1087.174948274014,,5344400.94709625,1064538237.0
2002-02-27,1100.7082463853085,1081.1601491134386,1091.6860476444454,1088.678648064158,,4149454.5480956393,1064538237.0
2002-02-28,1097.700846805021,1057.4016924291652,1097.700846805021,1069.1305507922875,,5675049.388454723,1064538237.0
2002-03-01,1086.5584313600552,1048.8306036253457,1069.1305507922875,1075.1453499528627,,3930026.969969883,1064538237.0
2002-03-04,1125.3538859457665,1075.1453499528627,1096.9489969099493,1121.760043447323,,4836059.382353796,1064538237.0
2002-03-05,1136.7970413487617,1104.4674958606686,1125.5192929226823,1108.2267453360282,,5981216.650688049,1064538237.0
2002-03-06,1108.9785952311,1082.6638489035822,1108.2267453360282,1088.678648064158,,9187176.19089122,1064538237.0
2002-03-07,1105.2193457557405,1036.0491554091225,1092.4378975395175,1103.7156459655964,,11616520.438104646,1064538237.0
2002-03-08,1103.7156459655964,1086.423098378942,1086.423098378942,1095.4452971198052,,7496041.660614161,1064538237.0
2002-03-11,1112.7378447064596,1078.9045994282226,1090.1823478543015,1105.2193457557405,,6129593.852589989,1064538237.0
2002-03-12,1105.2193457557405,1076.483642766091,1105.2193457557405,1090.1823478543015,,7037082.498087408,1064538237.0
2002-03-13,1095.4452971198052,1063.867601526784,1089.4906459508354,1070.6342505824314,,7214412.471069018,1064538237.0
2002-03-14,1072.1379503725757,1059.3565021563525,1071.0086718301773,1063.115751631712,,8602224.417264655,1064538237.0
2002-03-15,1072.1379503725757,1040.5602547795545,1063.4871654798776,1058.6046522612803,,9407149.705121871,1064538237.0
2002-03-18,1082.6638489035822,1049.5824535204174,1054.8378842869702,1074.393500057791,,3723134.13323262,1064538237.0
2002-03-19,1096.9489969099493,1074.0175751102552,1074.393500057791,1090.1823478543015,,10922594.491734698,1064538237.0
2002-03-20,1093.9415973296614,1060.860201946496,1090.1823478543015,1066.1231512119998,,5943915.0518578775,1064538237.0
2002-03-21,1068.1283348821569,1035.2973055140503,1068.1283348821569,1052.589853100705,,3993040.827789237,1064538237.0
2002-03-22,1066.1231512119998,1041.3121046746262,1052.589853100705,1054.0935528908487,,4076239.795473693,1064538237.0
2002-03-25,1063.115751631712,1015.7492082421802,1054.0935528908487,1028.5306564584032,,7745339.569836244,1064538237.0
2002-03-26,1042.063954569698,1022.9669672348708,1032.2899059337628,1031.538056038691,,9457170.041544406,1064538237.0
2002-03-27,1047.3269038352016,1019.538531713343,1031.8989439883258,1026.2751067731876,,7891927.650755838,1064538237.0
2002-03-28,1048.8306036253457,1026.2751067731876,1027.566033043026,1043.5676543598418,,5298255.425467012,1064538237.0
2002-03-29,,,,,,,
2002-04-01,,,,,,,
2002-04-02,1060.1083520514242,1036.0491554091225,1043.2022553108368,1045.0713541499856,,5671885.137948733,1064538237.0
2002-04-03,1078.837684787561,1045.0713541499856,1045.8232040450578,1060.860201946496,,9833368.43787223,1064538237.0
2002-04-04,1062.3639017366404,1025.88414482775,1062.1621804097924,1041.3121046746262,,9876990.06420499,1064538237.0
2002-04-05,1057.8528023662086,1029.2825063534751,1032.2899059337628,1051.0861533105613,,13576677.99695922,1064538237.0
2002-04-08,1057.8528023662086,1036.8010053041944,1057.8528023662086,1039.8084048844823,,7436140.001743122,1064538237.0
2002-04-09,1064.619451421856,1042.063954569698,1051.838003205633,1052.589853100705,,8493552.869856581,1064538237.0
2002-04-10,1052.589853100705,1033.793605723907,1052.589853100705,1048.078753730273,,7803933.887258748,1064538237.0
2002-04-11,1058.724948244492,1018.004757927396,1044.069138239855,1018.756607822468,,13681088.579646148,1064538237.0
2002-04-12,1035.2973055140503,1004.6293482940666,1023.84287236263,1013.4936585569644,,17958850.217406042,1064538237.0
2002-04-15,1027.7788065633315,1005.9751596062456,1022.7564492642508,1021.764007402756,,4622286.055992951,1064538237.0
2002-04-16,1032.6507938833977,1015.7492082421802,1015.7492082421802,1021.764007402756,,10670652.847583355,1064538237.0
2002-04-17,1033.793605723907,1013.4936585569644,1033.793605723907,1019.50845771754,,6292107.289154877,1064538237.0
2002-04-18,1030.034356248547,1000.7122103407418,1019.1516297573388,1004.4714598161012,,3082627.611051393,1064538237.0
2002-04-19,1025.5232568781153,996.2011109703102,1004.1195940652076,1017.2529080323242,,6260677.832331039,1064538237.0
2002-04-22,1027.5231775990069,1005.9751596062456,1017.608533032693,1014.9973583471084,,2047824.486989532,1064538237.0
2002-04-23,1014.6417333467392,968.3826648526486,1014.6417333467392,981.9159629639436,,11464487.522152176,1064538237.0
2002-04-24,984.2767716344692,951.8419671610663,978.1567134885836,978.908563383656,,8642967.47140796,1064538237.0
2002-04-25,979.6604132787276,947.3308677906346,979.6604132787276,960.8641659019294,,5802212.554351511,1064538237.0
2002-04-26,965.3752652723608,945.0753181054188,962.3678656920732,951.0901172659942,,4470052.196817834,1064538237.0
2002-04-29,975.901163803368,957.1049164265696,960.1123160068574,971.3900644329364,,14746314.023415938,1064538237.0
2002-04-30,983.6076252278552,957.1049164265696,971.0494764304688,958.6086162167136,,6114941.944355675,1064538237.0
2002-05-01,971.3900644329364,939.8123688399148,959.5672248329304,943.5716183152748,,6368134.036392513,1064538237.0
2002-05-02,954.097516846282,915.7531721976136,954.097516846282,921.016121463117,,14043344.42152562,1065359165.0
2002-05-03,954.097516846282,921.016121463117,923.4145226283964,945.8271680004908,,13646211.61500247,1065359165.0
2002-05-06,,,,,,,
2002-05-07,959.3604661117854,930.0383202039802,946.0158823241536,953.34566695121,,5709673.358318081,1065359165.0
2002-05-08,1009.734409081605,943.5716183152748,953.1546970778616,1005.9751596062456,,16291223.623175776,1065359165.0
2002-05-09,1011.2381088717488,993.9455612850944,1004.539126306658,995.449261075238,,5941066.74220195,1065359165.0
2002-05-10,1003.7196099210294,984.9233625442312,999.9603604456698,995.449261075238,,4336851.050230964,1065359165.0
2002-05-13,1006.8698609813808,990.4118667782562,1000.7122103407418,999.9603604456698,,2690515.9640916884,1065359165.0
2002-05-14,1008.230709291461,988.6826120195908,1000.1603525177588,1002.2159101308856,,8680207.334669728,1065359165.0
2002-05-15,1034.5454556189788,1011.9899587668206,1011.9899587668206,1029.2825063534751,,7790861.683274746,1065359165.0
2002-05-16,1036.8010053041944,1017.2529080323242,1035.2973055140503,1022.515857297828,,3734866.312231874,1065359165.0
2002-05-17,1047.3269038352016,1022.515857297828,1023.5774693496694,1024.0195570879716,,5693819.42225192,1065359165.0
2002-05-20,1054.0935528908487,1020.260307612612,1021.8241553943616,1024.0195570879716,,2170962.7359267115,1065359165.0
2002-05-21,1026.2751067731876,1008.9825591865332,1018.756607822468,1017.2529080323242,,5023436.516467661,1065359165.0
2002-05-22,1025.5232568781153,996.952960865382,1017.4559075039936,1006.7270095013172,,5503655.714050531,1065359165.0
2002-05-23,1018.004757927396,996.2011109703102,1005.9751596062456,1003.7196099210294,,5727711.038803832,1065359165.0
2002-05-24,1018.756607822468,1003.7196099210294,1011.9899587668206,1005.9751596062456,,5211521.793866148,1065359165.0
2002-05-27,1022.515857297828,999.584435498134,1011.2381088717488,1012.7418086618928,,2797161.132254535,1065359165.0
2002-05-28,1021.764007402756,989.4344619146626,1014.2455084520363,993.1937113900224,,5492093.00523905,1065359165.0
2002-05-29,1000.7122103407418,986.4270623343753,996.2011109703102,996.2011109703102,,3767513.533404995,1065359165.0
2002-05-30,1001.464060235814,977.4048635935118,1001.464060235814,984.9233625442312,,5168547.785750947,1065359165.0
2002-05-31,993.9455612850944,973.645614118152,990.878013713201,978.908563383656,,7640679.623873023,1065359165.0
2002-06-03,,,,,,,
2002-06-04,,,,,,,
2002-06-05,998.456660655526,973.645614118152,979.1040443563744,974.3974640132238,,5279679.071884412,1065359165.0
2002-06-06,1012.5087351944204,974.2019830405056,974.2019830405056,997.7048107604542,,7283274.260867882,1065359165.0
2002-06-07,999.2085105505976,980.4122631737994,997.5048186883648,990.1863118097344,,4228171.029313501,1065359165.0
2002-06-10,1003.7196099210294,995.9755560017886,997.1522010875764,999.9603604456698,,3708142.0741214175,1065359165.0
2002-06-11,1018.004757927396,977.4048635935118,999.9603604456698,1015.7492082421802,,8215184.7709247265,1065359165.0
2002-06-12,1013.4936585569644,997.7048107604542,1011.8245517899048,1000.7122103407418,,6448427.800858004,1065359165.0
2002-06-13,1022.515857297828,999.9603604456698,1011.2381088717488,1003.7196099210294,,5399992.010691148,1065359165.0
2002-06-14,1014.9973583471084,948.8345675807784,1014.9973583471084,958.6086162167136,,6522019.019397073,1065359165.0
2002-06-17,969.8863646427926,934.5494195744114,969.4878841984043,967.6308149575768,,4169387.873681764,1065359165.0
2002-06-18,970.6382145378644,944.3234682103468,970.6382145378644,954.849366741354,,4117237.054898657,1065359165.0
2002-06-19,961.0476172763268,930.0383202039802,961.0476172763268,941.3160686300588,,5040106.330437815,1065359165.0
2002-06-20,954.849366741354,934.5494195744114,945.0753181054188,934.5494195744114,,3504745.1652576434,1065359165.0
2002-06-21,945.6377018269324,918.7605717779012,945.6377018269324,932.293869889196,,4776378.034726863,1065359165.0
2002-06-24,946.5790178955629,914.2494724074696,932.293869889196,915.0013223025416,,5815307.757860996,1065359165.0
2002-06-25,932.293869889196,918.7605717779012,919.512421672973,923.2716711483328,,9595852.338204391,1065359165.0
2002-06-26,914.2494724074696,887.9347260799518,909.7383730370378,896.2050749257431,,8934278.250680303,1065359165.0
2002-06-27,916.5050220926852,872.8977281785133,896.3840152007702,878.1606774440168,,6415030.068853317,1065359165.0
2002-06-28,905.9791235616784,887.1828761848801,887.1828761848801,904.4754237715345,,5110670.085122455,1065359165.0
2002-07-01,917.2568719877572,894.7013751355992,901.4680241912469,914.2494724074696,,5297753.067410399,1065359165.0
2002-07-02,921.016121463117,893.1976753454554,914.066021033072,894.7013751355992,,4183233.588022816,1065359165.0
2002-07-03,906.7309734567502,878.1606774440168,894.5224348605722,881.1680770243046,,4204310.837376408,1065359165.0
2002-07-04,905.9791235616784,887.9347260799518,902.2198740863186,900.7161742961748,,2624467.3794098566,1065359165.0
2002-07-05,947.3308677906346,900.7161742961748,911.2420728271818,947.3308677906346,,6930597.116101605,1065359165.0
2002-07-08,963.871565482217,932.293869889196,947.1414016170764,948.0827176857064,,4755717.197834656,1065359165.0
2002-07-09,954.4584047959164,919.512421672973,947.8931011421696,927.7827705187644,,8007568.054385405,1065359165.0
2002-07-10,928.534620413836,905.9791235616784,927.968327072868,908.986523141966,,4826573.893843874,1065359165.0
2002-07-11,905.2272736666066,871.3940283883694,902.2198740863186,871.3940283883694,,5913134.423752942,1065359165.0
2002-07-12,902.2198740863186,862.3718296475064,871.5683071940471,872.1458782834413,,4337841.240328095,1065359165.0
2002-07-15,875.1532778637292,819.5163856284063,863.1236795425781,827.0348845791253,,8079540.832631243,1065359165.0
2002-07-16,854.0090032646211,803.7275378318956,854.0087777096525,833.8015336347728,,7928156.745397675,1065359165.0
2002-07-17,860.8681298573624,818.7645357333344,821.7719353136218,853.3496309066429,,12507529.318342486,1065359165.0
2002-07-18,898.460624610959,854.1014808017148,854.1014808017148,898.460624610959,,11272844.581311796,1065359165.0
2002-07-19,896.9569248208151,839.4404078478123,874.4014279686572,864.6273793327221,,5348578.387224853,1065359165.0
2002-07-22,890.2278682599214,824.7793348939098,853.3496309066429,831.545983949557,,6706023.696774256,1065359165.0
2002-07-23,849.5903814312834,796.9608887762481,834.2676805697172,807.4867873072551,,9870081.73305056,1065359165.0
2002-07-24,818.0126858382622,751.8498950719321,807.3252899497937,781.1720409797375,,6996248.656343511,1065359165.0
2002-07-25,813.1256615202947,781.9238908748094,799.9682883565359,796.9608887762481,,6800143.807559339,1065359165.0
2002-07-26,801.4719881466797,763.7817529067238,797.1202809540033,781.1720409797375,,11025171.164889652,1065359165.0
2002-07-29,827.0348845791253,781.0141525017723,781.0158065715417,827.0348845791253,,7972468.357494941,1065359165.0
2002-07-30,845.8311319559238,811.9978866776868,827.2002915560411,819.5163856284063,,40827760.18515829,1065359165.0
2002-07-31,855.0563301684564,811.9978866776868,819.3524823512803,827.0348845791253,,9302593.862274,1065359165.0
2002-08-01,827.0348845791253,778.1646413994499,827.0348845791253,778.1646413994499,,6453849.636365398,1065359165.0
2002-08-02,798.9608094971394,768.3905927635146,778.1646413994499,773.6535420290184,,5302834.752040906,1065359165.0
2002-08-05,776.6609416093061,730.0462481148462,776.6609416093061,737.5647470655655,,7305431.277417856,1065359165.0
2002-08-06,766.8868929733708,713.4754764274609,737.7122600149786,766.8868929733708,,10838785.43137426,1065359165.0
2002-08-07,782.6757407698815,757.8646942325076,766.7335155947762,768.3905927635146,,6536975.973969379,1065359165.0
2002-08-08,818.0126858382622,769.1424426585866,769.1424426585866,818.0126858382622,,5485992.078479223,1065359165.0
2002-08-09,834.5533835298448,802.2238380417516,827.5085500130209,820.268235523478,,5032844.532891743,1065359165.0
2002-08-12,830.7941340544849,802.2238380417516,818.7645357333344,810.4941868875429,,3331490.950291973,1065359165.0
2002-08-13,817.3961689243032,788.6153549409497,813.5015864678306,813.5015864678306,,6672924.958600855,1065359165.0
2002-08-14,808.2386372023271,774.4053919240902,789.4423898255287,783.4275906649533,,4479173.324424043,1065359165.0
2002-08-15,826.2830346840536,789.4423898255287,789.4423898255287,819.5163856284063,,3707430.299332772,1065359165.0
2002-08-16,830.042284159413,808.2386372023271,811.9978866776868,814.2534363629023,,5791794.979808838,1065359165.0
2002-08-19,844.3274321657798,811.9978866776868,826.2830346840536,842.071882480564,,3654440.6031201887,1065359165.0
2002-08-20,873.649578073585,834.7037535088591,837.5607831101324,855.6051805918588,,10330238.081403796,1065359165.0
2002-08-21,886.4310262898081,848.8385315362111,853.3496309066429,870.6421784932975,,8039637.866418757,1065359165.0
2002-08-22,893.9495252405272,857.1088803820027,864.6273793327221,883.4236267095205,,3990301.4632540215,1065359165.0
2002-08-23,900.7161742961748,868.3866288080816,885.6791763947361,869.8903285982254,,3097783.0878436617,1065359165.0
2002-08-26,,,,,,,
2002-08-27,908.234673246894,852.5977810115711,852.5977810115711,905.9791235616784,,4833744.903789354,1065359165.0
2002-08-28,898.460624610959,875.1532778637292,898.460624610959,875.1532778637292,,4398050.366539806,1065359165.0
2002-08-29,872.1458782834413,835.0195304647892,871.92032331492,849.5903814312834,,22839117.10874176,1065359165.0
2002-08-30,860.8681298573624,843.5755822707081,855.6051805918588,852.5977810115711,,3049860.55024549,1065359165.0
2002-09-02,858.6125801721466,836.8089332150603,843.5755822707081,853.3496309066429,,2127031.221250593,1065359165.0
2002-09-03,838.3126330052044,808.990487097399,836.8089332150603,813.5015864678306,,11030256.48102418,1065359165.0
2002-09-04,817.7668309225737,787.9386900353849,803.7275378318956,802.2238380417516,,8009529.066558206,1065359165.0
2002-09-05,804.4793877269674,781.1720409797375,802.2238380417516,790.1942397206008,,5784755.914509553,1065359165.0
2002-09-06,805.9830875171112,779.6683411895935,790.1942397206008,800.7201382516078,,7601093.809011941,1065359165.0
2002-09-09,816.5089860481183,797.71273867132,804.4793877269674,805.9830875171112,,4300723.637701791,1065359165.0
2002-09-10,849.7783439050513,817.2608359431903,819.5163856284063,848.0866816411394,,6870452.146460978,1065359165.0
2002-09-11,866.8829290179378,842.071882480564,842.071882480564,851.8459311164992,,5749382.64431597,1065359165.0
2002-09-12,848.8385315362111,829.290434264341,844.3274321657798,839.0644829002762,,4960386.343608069,1065359165.0
2002-09-13,833.8015336347728,811.246036782615,831.545983949557,826.2830346840536,,6448700.163659782,1065359165.0
2002-09-16,843.6733227570674,813.5015864678306,826.2830346840536,821.0200854185498,,2431628.4632443376,1065359165.0
2002-09-17,874.5517979476715,821.0200854185498,849.5903814312834,834.5533835298448,,9737276.420402274,1065359165.0
2002-09-18,824.7793348939098,797.71273867132,824.7793348939098,810.4941868875429,,10310542.014080552,1065359165.0
2002-09-19,808.2386372023271,778.9164912945217,799.2164384614637,785.6831403501692,,8908195.5782807,1065359165.0
2002-09-20,849.5903814312834,742.827696331069,785.8335103291836,793.2016393008886,,13791895.451420162,1065359165.0
2002-09-23,799.9682883565359,774.4053919240902,796.9608887762481,780.4201910846656,,5304117.883462615,1065359165.0
2002-09-24,781.1720409797375,739.0684468557093,778.9164912945217,745.0832460162849,,11142439.69282318,1065359165.0
2002-09-25,766.8868929733708,738.3165969606375,741.8878839622291,758.6165441275796,,9454450.04503065,1065359165.0
2002-09-26,796.2090388811761,758.6165441275796,766.1350430782988,795.4571889861041,,5680272.701742154,1065359165.0
2002-09-27,822.5237852086938,791.6979395107446,796.2090388811761,808.2386372023271,,9305979.634525437,1065359165.0
2002-09-30,786.4349902452411,757.1128443374357,782.7133332646349,768.3905927635146,,8599148.533356575,1065359165.0
2002-10-01,791.6979395107446,763.1276434980111,769.5183676061225,780.4201910846656,,5101475.11693443,1065359165.0
2002-10-02,792.4497894058164,766.8868929733708,790.9460896156726,781.1720409797375,,7744511.586918838,1065359165.0
2002-10-03,779.6683411895935,761.6239437078673,778.1646413994499,766.8868929733708,,4874276.120197942,1065359165.0
2002-10-04,785.6831403501692,760.1202439177234,774.4053919240902,781.9238908748094,,4664669.339453628,1065359165.0
2002-10-07,781.9238908748094,759.3683940226514,761.6239437078673,766.8868929733708,,3133357.30125989,1065359165.0
2002-10-08,782.6757407698815,760.8720938127952,761.6239437078673,763.879493393083,,6599050.482747936,1065359165.0
2002-10-09,775.9090917142339,754.8572946522199,769.8942925536585,768.3905927635146,,7354859.678684524,1065359165.0
2002-10-10,791.6979395107446,757.1128443374357,771.3979923438023,789.4423898255287,,7146743.025091272,1065359165.0
2002-10-11,826.2830346840536,789.4423898255287,789.4423898255287,826.2830346840536,,7168214.897882108,1065359165.0
2002-10-14,826.2830346840536,799.2164384614637,815.5691736792784,807.4867873072551,,5484798.524156765,1065359165.0
2002-10-15,848.8385315362111,805.9830875171112,807.4867873072551,845.8311319559238,,5887282.9571095165,1065359165.0
2002-10-16,855.6051805918588,830.042284159413,845.8311319559238,853.3496309066429,,9846421.273834772,1065359165.0
2002-10-17,883.4236267095205,853.3496309066429,853.3496309066429,883.4236267095205,,9393641.720655028,1065359165.0
2002-10-18,896.9569248208151,859.3644300672186,881.3443106397094,890.1902757651677,,7133722.872664943,1065359165.0
2002-10-21,890.1902757651677,872.1458782834413,890.1902757651677,881.1680770243046,,7258911.710874176,1065460297.0
2002-10-22,905.2272736666066,875.1532778637292,884.1754766045922,894.7013751355992,,7689615.351093809,1065460297.0
2002-10-23,909.7383730370378,879.6643772341605,898.460624610959,886.4310262898081,,10759380.174893234,1065460297.0
2002-10-24,902.2198740863186,882.6717768144483,887.9347260799518,900.7161742961748,,6240835.2943455065,1065460297.0
2002-10-25,896.9569248208151,881.581594466594,884.9273264996641,887.9347260799518,,6105418.930304175,1065460297.0
2002-10-28,908.234673246894,884.9273264996641,898.460624610959,900.7161742961748,,7524812.856492645,1065460297.0
2002-10-29,900.7161742961748,838.3126330052044,900.7161742961748,846.5829818509957,,5329417.361494437,1065460297.0
2002-10-30,870.8301409670654,840.5681826904201,857.1088803820027,869.1384787031535,,3699448.253488665,1065460297.0
2002-10-31,882.6717768144483,857.1088803820027,873.649578073585,868.3866288080816,,3981847.321886833,1065460297.0
2002-11-01,866.1310791228659,847.3348317460675,864.6273793327221,861.6199797524342,,6868885.75772542,1065460297.0
2002-11-04,908.234673246894,856.5299559627973,878.9125273390887,907.4828233518222,,4021109.932889806,1065460297.0
2002-11-05,921.016121463117,895.4532250306714,895.4532250306714,921.016121463117,,7247754.520012009,1065460297.0
2002-11-06,937.5568191546994,917.2568719877572,921.767971358189,930.7901700990524,,9624334.22426232,1065460297.0
2002-11-07,961.6160157970014,902.9717239813904,932.293869889196,921.016121463117,,9406457.298354687,1065460297.0
2002-11-08,935.3012694694836,907.1219354021875,917.2568719877572,911.2420728271818,,7381004.086652528,1065460297.0
2002-11-11,917.2568719877572,884.1754766045922,917.2568719877572,900.7161742961748,,6796166.100152039,1065460297.0
2002-11-12,923.2716711483328,895.4532250306714,908.55263056752,921.767971358189,,5925407.6968517285,1065460297.0
2002-11-13,917.2568719877572,892.4458254503835,917.2568719877572,913.4976225123976,,5319436.77793595,1065460297.0
2002-11-14,939.8123688399148,899.693658438877,909.7383730370378,932.293869889196,,9153650.145744365,1065460297.0
2002-11-15,948.0827176857064,894.543486657634,924.3469668682646,907.4828233518222,,16128454.770827888,1065460297.0
2002-11-18,925.5272208335484,902.9717239813904,911.2420728271818,913.4976225123976,,7082885.447837077,1065460297.0
2002-11-19,935.99447507274,897.708774715887,915.7531721976136,905.9791235616784,,5736550.119597533,1065460297.0
2002-11-20,916.5050220926852,905.9791235616784,909.7383730370378,911.2420728271818,,4554573.03196692,1065460297.0
2002-11-21,951.46604221353,910.9262958712516,921.767971358189,947.3308677906346,,6187857.703146336,1065460297.0
2002-11-22,954.097516846282,935.4892319432516,947.3308677906346,947.3308677906346,,4418716.045437379,1065460297.0
2002-11-25,954.849366741354,933.7975696793396,941.7669530121336,943.5716183152748,,3163821.988514764,1065460297.0
2002-11-26,947.5263487633534,914.2494724074696,942.1140069236988,914.2494724074696,,4828796.374306383,1065460297.0
2002-11-27,944.3234682103468,910.49022293211,921.1616796028028,941.3160686300588,,8114324.588671645,1065460297.0
2002-11-28,972.1419143280084,917.1967239961516,917.198678805879,965.3752652723608,,5456864.995206415,1065460297.0
2002-11-29,988.6826120195908,956.3530665314976,972.1419143280084,978.908563383656,,4851858.845859601,1065460297.0
2002-12-02,1007.4788593963892,976.6605321973908,978.908563383656,995.449261075238,,5496146.974230847,1065460297.0
2002-12-03,988.6826120195908,968.3826648526486,988.6826120195908,976.65301369844,,7510386.101507801,1065460297.0
2002-12-04,980.4122631737994,945.0753181054188,973.9068067717004,949.58641747585,,9893486.77648335,1065460297.0
2002-12-05,970.6382145378644,938.3086690497712,949.58641747585,951.8419671610663,,8273327.57134695,1065460297.0
2002-12-06,951.8419671610663,924.0235210434046,951.0901172659942,939.8123688399148,,4122526.945759856,1065460297.0
2002-12-09,940.5642187349872,908.986523141966,939.8123688399148,911.993922722254,,3899167.659277767,1065460297.0
2002-12-10,932.293869889196,903.7235738764624,911.993922722254,909.7383730370378,,6154593.126289184,1065460297.0
2002-12-11,928.0158439862364,902.9717239813904,928.0158439862364,914.2494724074696,,5813045.330854227,1065460297.0
2002-12-12,925.5272208335484,895.4532250306714,918.7605717779012,906.7309734567502,,4887372.534208768,1065460297.0
2002-12-13,921.016121463117,885.6791763947361,921.016121463117,905.9791235616784,,4257541.423355897,1065460297.0
2002-12-16,933.0457197842678,892.5586029346445,903.7235738764624,930.7901700990524,,3786232.7261458607,1065460297.0
2002-12-17,930.7901700990524,908.234673246894,923.2716711483328,912.7457726173257,,4666638.825135819,1065460297.0
2002-12-18,928.9857303508792,886.4310262898081,918.7605717779012,895.4532250306714,,5232826.617471892,1065460297.0
2002-12-19,922.5198212532608,896.9569248208151,903.7235738764624,910.49022293211,,5707203.935581961,1065460297.0
2002-12-20,924.0235210434046,905.9791235616784,907.5677823899651,919.512421672973,,4520381.211082382,1065460297.0
2002-12-23,933.7975696793396,910.49022293211,921.284757430626,933.7975696793396,,1772715.057668284,1065460297.0
2002-12-24,954.849366741354,919.2267187128454,919.2286735225728,933.7975696793396,,1137072.3298761416,1065460297.0
2002-12-25,,,,,,,
2002-12-26,,,,,,,
2002-12-27,928.534620413836,917.2568719877572,928.534620413836,917.2568719877572,,1483636.4428691787,1065481600.0
2002-12-30,934.5494195744114,911.2420728271818,914.2494724074696,927.0309206236924,,1101586.4830578233,1065481600.0
2002-12-31,936.0531193645556,918.8056827716056,918.8056827716056,932.293869889196,,765410.892575269,1065481600.0
2003-01-01,,,,,,,
2003-01-02,952.593817056138,924.7753709384764,932.293869889196,947.3308677906346,,3436951.0376417497,1065481600.0
2003-01-03,959.3604661117854,931.542019994124,931.8172722407096,954.849366741354,,3417676.224785257,1065481600.0
2003-01-06,964.6234153772888,939.8123688399148,954.849366741354,964.6234153772888,,6368482.660778789,1065481600.0
2003-01-07,967.6308149575768,948.8345675807784,959.3604661117854,962.3678656920732,,3810136.496131238,1065481600.0
2003-01-08,972.1419143280084,933.7975696793396,956.9695834454566,947.3308677906346,,5639150.760679043,1065481600.0
2003-01-09,962.3678656920732,926.2790707286204,939.8123688399148,936.0531193645556,,7837682.664652393,1065481600.0
2003-01-10,958.6086162167136,927.4594750638834,936.8049692596276,940.5642187349872,,7703349.699311467,1065481600.0
2003-01-13,960.8641659019294,935.3012694694836,935.3012694694836,954.849366741354,,7409913.279683914,1065481600.0
2003-01-14,959.3604661117854,929.7526172438526,954.849366741354,945.0753181054188,,7964285.368428188,1065481600.0
2003-01-15,954.097516846282,912.7457726173257,951.0059100777462,917.2568719877572,,9782366.384861955,1065481600.0
2003-01-16,921.016121463117,897.708774715887,921.016121463117,902.2198740863186,,9252588.05186756,1065481600.0
2003-01-17,911.2420728271818,898.6561055836778,905.3776436456204,907.4828233518222,,5221506.008928658,1065481600.0
2003-01-20,924.0235210434046,905.2272736666066,905.2272736666066,909.7383730370378,,6890073.162701065,1065481600.0
2003-01-21,921.767971358189,898.460624610959,914.8520800983698,898.460624610959,,7572412.190232707,1065481600.0
2003-01-22,898.460624610959,859.3644300672186,893.1976753454554,860.8681298573624,,10468865.905503424,1065481600.0
2003-01-23,871.0887773309703,849.5903814312834,871.0887773309703,860.8681298573624,,7609667.790011912,1065481600.0
2003-01-24,881.5440019718405,846.5829818509957,867.6347789130097,847.3348317460675,,8630708.724325268,1065481600.0
2003-01-27,848.8385315362111,812.5993665937442,846.5829818509957,821.7719353136218,,10313803.10469384,1065481600.0
2003-01-28,853.379704902446,827.0348845791253,830.7941340544849,852.5977810115711,,12110455.826385057,1065481600.0
2003-01-29,849.597899930234,810.4941868875429,849.597899930234,821.7719353136218,,12597411.463931903,1065481600.0
2003-01-30,851.4700061689631,815.3812112055106,816.6804078241948,842.071882480564,,11940806.484413585,1065481600.0
2003-01-31,848.8385315362111,830.042284159413,830.7941340544849,836.0570833199888,,8064424.0918818945,1065481600.0
2003-02-03,883.1604792462451,835.7638618609105,835.7638618609105,880.4162271292327,,10549318.245644616,1065481600.0
2003-02-04,895.4532250306714,848.8385315362111,880.4162271292327,872.1458782834413,,6825899.644596807,1065481600.0
2003-02-05,902.9717239813904,869.8903285982254,880.9706412418584,902.9717239813904,,7327271.142616427,1065481600.0
2003-02-06,916.5050220926852,875.5968693018216,875.5985985565802,890.9421256602399,,10480216.776580188,1065481600.0
2003-02-07,906.1753563842918,884.9273264996641,906.1751308293236,889.4384258700959,,6320150.973727279,1065481600.0
2003-02-10,905.2272736666066,881.9199269193764,895.8291499782072,893.9495252405272,,5420416.799821815,1065481600.0
2003-02-11,908.986523141966,887.7091711114304,901.4680241912469,902.9717239813904,,6485133.833028288,1065481600.0
2003-02-12,906.7309734567502,891.6939755553116,903.7235738764624,896.9569248208151,,6275401.1601444855,1065481600.0
2003-02-13,894.7991156219588,872.1458782834413,888.6865759750236,885.6791763947361,,5947177.352972508,1065481600.0
2003-02-14,896.2050749257431,874.4014279686572,885.6791763947361,878.9125273390887,,5654917.540648636,1065481600.0
2003-02-17,902.2198740863186,887.9347260799518,898.460624610959,902.2198740863186,,4783342.048942991,1065481600.0
2003-02-18,939.8123688399148,900.7161742961748,905.9791235616784,936.0531193645556,,8397483.85191211,1065481600.0
2003-02-19,942.0679185251312,921.016121463117,933.8050881782906,921.016121463117,,5315345.283402574,1065481600.0
2003-02-20,953.34566695121,915.4223582437816,928.1074944884458,945.8271680004908,,10137299.904128294,1065481600.0
2003-02-21,971.3900644329364,924.3242610014336,947.3937224418625,958.6086162167136,,9010918.722097944,1065481600.0
2003-02-24,976.1793482645444,950.639007328951,967.6308149575768,969.8863646427926,,8585800.335066771,1065481600.0
2003-02-25,960.8641659019294,941.3160686300588,958.6086162167136,941.3160686300588,,9155694.68250971,1065481600.0
2003-02-26,964.6234153772888,939.8123688399148,956.6861360350144,957.1049164265696,,8035871.996746173,1065481600.0
2003-02-27,966.1271151674327,933.3464597422968,956.3530665314976,947.3308677906346,,8484337.323145755,1065481600.0
2003-02-28,966.1271151674327,941.8348450576588,958.6086162167136,966.1271151674327,,9022827.63429302,1065481600.0
2003-03-03,982.7881088422268,963.1197155871452,969.1345147477208,975.901163803368,,7713806.00989706,1065481600.0
2003-03-04,975.149313908296,945.443724554004,975.149313908296,954.849366741354,,8802026.13714496,1065481600.0
2003-03-05,932.293869889196,902.9717239813904,932.293869889196,903.7235738764624,,13604636.946437735,1065481600.0
2003-03-06,916.5050220926852,889.4384258700959,909.7383730370378,897.708774715887,,9741841.220960071,1065481600.0
2003-03-07,902.9717239813904,872.8977281785133,887.1828761848801,900.7161742961748,,10430281.175251544,1065481600.0
2003-03-10,918.7605717779012,890.9421256602399,894.7013751355992,909.7383730370378,,7020883.569138995,1065481600.0
2003-03-11,908.986523141966,872.1458782834413,899.9643244011027,904.4754237715345,,8800289.067720288,1065481600.0
2003-03-12,912.715698621523,866.1310791228659,909.7383730370378,869.8903285982254,,12483095.348769648,1065481600.0
2003-03-13,912.7457726173257,872.1458782834413,880.4162271292327,905.2272736666066,,11079621.936221106,1065481600.0
2003-03-14,939.0605189448434,905.2272736666066,905.3235104531756,936.0531193645556,,8865384.987846566,1065481600.0
2003-03-17,965.3752652723608,906.7309734567502,917.2568719877572,955.601216636426,,6049255.2995748725,1065481600.0
2003-03-18,981.1641130688716,933.2863117506909,945.8271680004908,969.1345147477208,,10151167.407493489,1065481600.0
2003-03-19,984.9233625442312,957.8567663216415,976.9913461512224,966.1271151674327,,8763992.185003342,1065481600.0
2003-03-20,975.4876463610784,936.8049692596276,966.3677071338556,957.1049164265696,,7468439.809031309,1065481600.0
2003-03-21,979.6604132787276,954.849366741354,954.849366741354,971.3900644329364,,8851938.738948124,1065481600.0
2003-03-24,966.1271151674327,941.1656986510444,966.1271151674327,951.0901172659942,,5777036.547456495,1065481600.0
2003-03-25,958.6086162167136,932.293869889196,945.8271680004908,951.0901172659942,,4481870.3214123165,1065481600.0
2003-03-26,958.2326912691776,933.7975696793396,945.0753181054188,950.3382673709224,,5720172.036450617,1065481600.0
2003-03-27,948.0827176857064,920.0913460921784,948.0827176857064,924.7753709384764,,7411664.875124682,1065481600.0
2003-03-28,928.534620413836,899.9643244011027,924.7753709384764,905.2272736666066,,10929612.97851118,1065481600.0
2003-03-31,908.234673246894,878.1606774440168,903.7235738764624,886.4310262898081,,5662451.700996485,1065481600.0
2003-04-01,923.2716711483328,886.4310262898081,886.4310262898081,917.2568719877572,,7984919.574290888,1065481600.0
2003-04-02,939.8123688399148,914.2494724074696,914.2494724074696,934.5494195744114,,5345469.81978056,1065481600.0
2003-04-03,959.3604661117854,935.3012694694836,940.5642187349872,945.8271680004908,,6300774.478758123,1065916194.0
2003-04-04,951.8419671610663,926.2790707286204,942.8197684202028,934.5494195744114,,5249674.375139208,1065916194.0
2003-04-07,966.8789650625048,946.5414254008092,947.3308677906346,956.3530665314976,,7310240.599246585,1065916194.0
2003-04-08,965.3752652723608,945.0753181054188,951.0901172659942,948.0827176857064,,5461415.26974812,1065916194.0
2003-04-09,948.8345675807784,928.534620413836,945.8271680004908,935.3012694694836,,4769834.064476144,1065916194.0
2003-04-10,939.8123688399148,910.189482974081,937.5568191546994,911.2420728271818,,5421558.302586599,1065916194.0
2003-04-11,928.534620413836,910.49022293211,917.2568719877572,910.49022293211,,3432383.816081268,1065916194.0
2003-04-14,922.5198212532608,907.4828233518222,916.5050220926852,912.7457726173257,,5666215.149666386,1065916194.0
2003-04-15,931.542019994124,917.2568719877572,917.2568719877572,925.5272208335484,,5776712.133097044,1065916194.0
2003-04-16,940.5642187349872,908.234673246894,939.8123688399148,912.7457726173257,,7460271.345980652,1065916194.0
2003-04-17,929.2864703089084,903.7235738764624,913.4976225123976,927.7827705187644,,4576901.939707349,1065916194.0
2003-04-18,,,,,,,
2003-04-21,,,,,,,
2003-04-22,936.8049692596276,917.2568719877572,936.8049692596276,921.016121463117,,2889390.439944608,1065916194.0
2003-04-23,934.5494195744114,909.7383730370378,922.730339223881,913.4976225123976,,8576809.941605415,1065916194.0
2003-04-24,912.7457726173257,848.0866816411394,912.7457726173257,848.8385315362111,,17267112.857461046,1065916194.0
2003-04-25,869.8903285982254,848.8385315362111,848.8385315362111,865.379229227794,,15130547.727646884,1065916194.0
2003-04-28,885.6791763947361,857.8607302770746,864.0634919114179,885.6791763947361,,8452118.61944743,1065916194.0
2003-04-29,905.9791235616784,883.4236267095205,885.4611399251652,894.7013751355992,,8234031.066306421,1065916194.0
2003-04-30,913.4976225123976,890.9421256602399,902.2198740863186,899.212474506031,,7889605.909183348,1065929209.0
2003-05-01,916.5050220926852,884.1754766045922,904.4378312767808,891.6939755553116,,4971131.964014216,1065929209.0
2003-05-02,904.761126731662,887.2129501806829,892.4458254503835,899.212474506031,,5916745.349253847,1065929209.0
2003-05-05,,,,,,,
2003-05-06,904.4754237715345,881.9199269193764,896.5187467019672,887.9347260799518,,6725865.024258447,1065929209.0
2003-05-07,890.9421256602399,864.6273793327221,887.9347260799518,878.1606774440168,,7107622.042745224,1065929209.0
2003-05-08,882.6717768144483,866.8829290179378,872.1458782834413,868.3866288080816,,3978445.8131179614,1065929209.0
2003-05-09,884.9273264996641,867.2588539654738,868.3866288080816,878.1606774440168,,5995665.194697036,1065929209.0
2003-05-12,890.1902757651677,872.1458782834413,889.4384258700959,889.4384258700959,,4200692.648867455,1065929209.0
2003-05-13,899.9643244011027,884.1754766045922,888.6865759750236,893.9495252405272,,6577213.038552047,1065929209.0
2003-05-14,885.6791763947361,861.6199797524342,884.9273264996641,864.6273793327221,,8572315.350125408,1065929209.0
2003-05-15,880.4162271292327,845.8311319559238,870.6421784932975,857.1088803820027,,14030872.626206871,1065929209.0
2003-05-16,888.6865759750236,857.8607302770746,863.1236795425781,886.4310262898081,,8192932.124768794,1065929209.0
2003-05-19,892.4458254503835,853.1466314349738,885.1453629692352,858.6125801721466,,7000985.348091766,1065929209.0
2003-05-20,880.4162271292327,851.8459311164992,862.1537931779354,857.1088803820027,,6302414.708075497,1065929209.0
2003-05-21,867.1310394833116,845.8311319559238,867.1310394833116,858.6125801721466,,3894394.652489275,1065929209.0
2003-05-22,872.1458782834413,852.5977810115711,865.379229227794,868.3866288080816,,4123042.619331224,1065929209.0
2003-05-23,881.9199269193764,869.1384787031535,874.4014279686572,879.6643772341605,,6724600.050356857,1065929209.0
2003-05-26,,,,,,,
2003-05-27,886.4310262898081,864.6273793327221,886.4310262898081,881.9199269193764,,4942798.969621259,1065929209.0
2003-05-28,916.5050220926852,881.9199269193764,884.1754766045922,913.4976225123976,,9904504.759691274,1065929209.0
2003-05-29,918.7605717779012,903.7235738764624,908.986523141966,913.4976225123976,,5684464.667886852,1065929209.0
2003-05-30,916.5050220926852,898.2200326445361,905.9791235616784,899.212474506031,,4076233.742966988,1065929209.0
2003-06-02,927.7827705187644,899.212474506031,899.4380294745525,921.016121463117,,4392893.630826144,1065929209.0
2003-06-03,921.016121463117,903.2724639394193,920.7830479956448,912.7457726173257,,3176585.5146567505,1065929209.0
2003-06-04,921.767971358189,901.4680241912469,913.1743270575166,917.2568719877572,,5236609.434163254,1065929209.0
2003-06-05,938.3086690497712,921.767971358189,921.767971358189,933.0457197842678,,8505101.052651966,1065929209.0
2003-06-06,960.8641659019294,932.8953498052532,937.5568191546994,956.3530665314976,,6385646.359296166,1065929209.0
2003-06-09,955.1876991941364,937.5568191546994,946.3158704322876,951.8419671610663,,4728254.553906046,1065929209.0
2003-06-10,957.1049164265696,922.5198212532608,951.8419671610663,931.542019994124,,12479461.42374326,1065929209.0
2003-06-11,950.8871177943248,919.512421672973,939.0605189448434,924.0235210434046,,7048462.421196363,1065929209.0
2003-06-12,928.534620413836,904.4754237715345,918.0087218828291,907.4828233518222,,8259624.696164164,1065929209.0
2003-06-13,913.4976225123976,899.9643244011027,905.2272736666066,909.7383730370378,,7723699.437358977,1065929209.0
2003-06-16,925.9783307705916,905.2272736666066,907.4828233518222,918.0087218828291,,5604511.054298248,1065929209.0
2003-06-17,934.5494195744114,919.512421672973,919.512421672973,932.293869889196,,6339054.162672013,1065929209.0
2003-06-18,932.293869889196,912.3096996781836,919.512421672973,929.2864703089084,,10908265.787358493,1065929209.0
2003-06-19,990.509607264616,896.9569248208151,924.7753709384764,899.9643244011027,,5310210.336713053,1065929209.0
2003-06-20,912.7457726173257,898.3704026235504,898.460624610959,904.4754237715345,,4689873.1878794925,1065929209.0
2003-06-23,912.7457726173257,881.1680770243046,907.6707858255902,884.9273264996641,,6807993.908757252,1065929209.0
2003-06-24,901.317654212232,874.4014279686572,901.317654212232,881.9199269193764,,7481881.215924388,1065929209.0
2003-06-25,890.1902757651677,879.6643772341605,885.2355849566438,883.4236267095205,,8306644.199761773,1065929209.0
2003-06-26,883.1078497535902,860.1162799622905,883.1078497535902,867.6347789130097,,18457430.29933277,1065929209.0
2003-06-27,878.1606774440168,859.3644300672186,866.0558941333587,861.6199797524342,,10727838.14144466,1065929209.0
2003-06-30,880.4162271292327,857.1088803820027,858.6125801721466,857.1088803820027,,5632160.115433408,1065929209.0
2003-07-01,865.266451743533,846.5829818509957,862.3718296475064,853.3496309066429,,9769053.291111046,1065929209.0
2003-07-02,863.0484945530709,844.3274321657798,859.3644300672186,851.0940812214275,,15364547.320918432,1065929209.0
2003-07-03,892.4458254503835,848.8385315362111,848.8385315362111,857.1088803820027,,8894506.01861267,1065929209.0
2003-07-04,878.9125273390887,857.2968428557706,861.9959046999701,869.1384787031535,,6477583.936163002,1065929209.0
2003-07-07,900.7161742961748,872.1458782834413,872.1458782834413,898.460624610959,,12452055.673377687,1065929209.0
2003-07-08,905.5656061193883,888.6865759750236,899.9643244011027,899.9643244011027,,9240283.305733904,1065929209.0
2003-07-09,904.4754237715345,891.6939755553116,900.7161742961748,899.212474506031,,9722980.399562282,1065929209.0
2003-07-10,915.3246177574224,895.4532250306714,895.4532250306714,908.234673246894,,6876373.919022303,1065929209.0
2003-07-11,915.0013223025416,901.858986136684,904.4754237715345,911.993922722254,,5219248.423927254,1065929209.0
2003-07-14,941.3160686300588,909.7383730370378,912.7457726173257,939.8123688399148,,8102155.418688204,1065929209.0
2003-07-15,957.1049164265696,929.451877285824,936.0004898719004,951.0901172659942,,11718126.28918393,1065929209.0
2003-07-16,952.593817056138,901.4980981870495,952.593817056138,941.3160686300588,,12698738.899702702,1065929209.0
2003-07-17,940.0153683115846,922.5198212532608,936.0531193645556,937.5568191546994,,6729405.740681561,1065929209.0
2003-07-18,940.9025511877696,928.1586954663004,933.0457197842678,929.2864703089084,,7741593.06818512,1065929209.0
2003-07-21,939.8123688399148,928.534620413836,932.293869889196,932.293869889196,,4901867.077268722,1065929209.0
2003-07-22,936.8049692596276,915.0013223025416,932.293869889196,936.0531193645556,,4913506.047664701,1065929209.0
2003-07-23,963.871565482217,943.5716183152748,947.3308677906346,958.6086162167136,,13316346.368011776,1065929209.0
2003-07-24,983.4196627540872,954.849366741354,958.6086162167136,976.65301369844,,9348304.813921737,1065929209.0
2003-07-25,1003.7196099210294,917.2568719877572,967.6308149575768,1003.7196099210294,,14449129.89163592,1065929209.0
2003-07-28,1022.515857297828,988.2089465856952,1003.7196099210294,1018.756607822468,,13583226.809215304,1065929209.0
2003-07-29,1014.9973583471084,975.901163803368,1014.9973583471084,1003.7196099210294,,16730985.444931874,1065929209.0
2003-07-30,1001.464060235814,976.65301369844,993.1937113900224,976.65301369844,,16039545.868316824,1065929209.0
2003-07-31,971.3900644329364,945.8271680004908,958.6086162167136,969.8863646427926,,27107446.520050745,1065929209.0
2003-08-01,990.9381617048068,959.3604661117854,962.3678656920732,972.8937642230804,,15124687.690653965,1065929209.0
2003-08-04,978.1567134885836,958.6086162167136,966.1271151674327,961.6160157970014,,5118905.12574688,1065929209.0
2003-08-05,978.908563383656,960.1123160068574,967.6308149575768,969.1345147477208,,8073378.170303013,1065929209.0
2003-08-06,966.1271151674327,951.2404872450084,964.5858228825352,957.1049164265696,,9374693.743160669,1065929209.0
2003-08-07,965.5256352513752,951.0901172659942,964.6234153772888,959.3604661117854,,16191029.216660373,1065929209.0
2003-08-08,977.4048635935118,957.5936188583668,957.5936188583668,969.1345147477208,,6243922.072765657,1065929209.0
2003-08-11,981.9159629639436,966.1271151674327,966.1271151674327,975.149313908296,,3814485.827450297,1065929209.0
2003-08-12,978.908563383656,967.6308149575768,978.1567134885836,970.6382145378644,,9310677.59023077,1065929209.0
2003-08-13,973.645614118152,958.6086162167136,958.6086162167136,960.8641659019294,,6851220.911652771,1065929209.0
2003-08-14,960.8641659019294,942.8197684202028,943.5716183152748,954.849366741354,,9899734.173905466,1065929209.0
2003-08-15,980.4122631737994,943.5716183152748,957.1049164265696,976.65301369844,,8707329.82772145,1065929209.0
2003-08-18,1001.464060235814,981.1641130688716,982.6678128590154,997.7048107604542,,10481629.43164541,1065929209.0
2003-08-19,1024.7714069830436,1003.7196099210294,1004.4714598161012,1018.756607822468,,14108591.654319556,1065929209.0
2003-08-20,1035.6732304615866,1002.2159101308856,1017.2529080323242,1011.9899587668206,,10680145.599101324,1065929209.0
2003-08-21,1034.620640608486,1010.4862589766768,1010.4862589766768,1033.0417558288348,,6508152.726533221,1065929209.0
2003-08-22,1065.371301316928,1026.8765866892447,1026.8765866892447,1057.8528023662086,,12449126.260131896,1065929209.0
2003-08-25,,,,,,,
2003-08-26,1057.9580613515188,1021.764007402756,1057.9580613515188,1023.2677071928996,,14049740.710612709,1065929209.0
2003-08-27,1058.291882704931,1002.2159101308856,1035.823600440601,1013.4936585569644,,9206463.108761124,1065929209.0
2003-08-28,1042.063954569698,1014.0199534835148,1020.7941210381132,1030.034356248547,,7406435.509330545,1065929209.0
2003-08-29,1053.341702995777,1027.7788065633315,1033.793605723907,1045.8232040450578,,10676332.519876434,1065929209.0
2003-09-01,1072.775519083596,1048.8306036253457,1052.589853100705,1049.5824535204174,,5366720.17082595,1065929209.0
2003-09-02,1069.1305507922875,1048.8306036253457,1060.1083520514242,1048.8306036253457,,10337511.98396328,1065929209.0
2003-09-03,1066.8750011070715,1049.0937510886204,1049.0937510886204,1062.3639017366404,,8004996.949536621,1065929209.0
2003-09-04,1072.4010978358504,1045.8232040450578,1059.3489836574015,1053.341702995777,,7991968.323600903,1065929209.0
2003-09-05,1051.2891527822308,1033.793605723907,1051.2891527822308,1045.0713541499856,,5194879.821426842,1065929209.0
2003-09-08,1062.3639017366404,1033.793605723907,1055.5972526809928,1054.0935528908487,,5398752.457317723,1065929209.0
2003-09-09,1062.7022341894224,1026.2751067731876,1054.3043716014272,1036.8010053041944,,9286397.35432827,1065929209.0
2003-09-10,1030.034356248547,1012.7418086618928,1030.034356248547,1029.2825063534751,,8693654.794069512,1065929209.0
2003-09-11,1038.6430375471205,1013.4936585569644,1029.5381353177995,1021.012157507684,,7414917.492228582,1065929209.0
2003-09-12,1039.8610343771377,1022.515857297828,1028.5306564584032,1029.2825063534751,,5981861.847902928,1065929209.0
2003-09-15,1054.0634788950465,1025.5232568781153,1028.026917028705,1043.5676543598418,,9464972.93319001,1065929209.0
2003-09-16,1054.0935528908487,1029.9441342611383,1029.9441342611383,1049.5824535204174,,7775568.209329576,1065929209.0
2003-09-17,1063.115751631712,1041.3121046746262,1042.19176905186,1043.5676543598418,,6943968.313916892,1065929209.0
2003-09-18,1069.1305507922875,1036.8010053041944,1041.3121046746262,1067.6268510021437,,7941885.041108626,1065929209.0
2003-09-19,1072.8898002676472,1052.589853100705,1065.100635354702,1057.100952471137,,6478283.605938236,1065929209.0
2003-09-22,1067.1456670692974,1025.5232568781153,1061.2962748856378,1039.0565549894102,,6833628.695660595,1065929209.0
2003-09-23,1040.612884272209,1009.734409081605,1034.695825597993,1014.9973583471084,,10436172.685279336,1065929209.0
2003-09-24,1033.8687907134138,1014.741729382784,1022.3654873188132,1017.2529080323242,,5362572.9932308765,1065929209.0
2003-09-25,1028.139694512966,977.4048635935118,1028.139694512966,985.6752124393032,,13604802.785121487,1065929209.0
2003-09-26,992.1937510295768,975.901163803368,985.6752124393032,977.4048635935118,,7377004.5902210865,1065929209.0
2003-09-29,990.9381617048068,969.1345147477208,980.7280401297298,974.3974640132238,,9871373.33798166,1065929209.0
2003-09-30,987.930762124519,956.3530665314976,975.7357568264522,964.6234153772888,,10192972.071313055,1065929209.0
2003-10-01,974.0215390656884,961.6160157970014,970.8788065042876,969.8863646427926,,10352395.097953768,1065929209.0
2003-10-02,996.952960865382,969.5329951921088,969.5329951921088,996.952960865382,,11261907.701693734,1065929209.0
2003-10-03,1030.034356248547,985.9383599025782,985.9383599025782,1024.0195570879716,,9998095.881390236,1065929209.0
2003-10-06,1043.5676543598418,1005.471420176547,1005.471420176547,1028.5306564584032,,7131335.764020027,1065929209.0
2003-10-07,1033.0417558288348,1011.2381088717488,1033.0417558288348,1021.012157507684,,5243476.608272082,1065929209.0
2003-10-08,1044.3195042549137,1016.1476886865686,1028.5306564584032,1029.2825063534751,,15946436.526151672,1065929209.0
2003-10-09,1065.371301316928,1042.063954569698,1045.0713541499856,1062.3639017366404,,12754781.48029788,1065929209.0
2003-10-10,1071.3861004775033,1050.334303415489,1057.100952471137,1070.6342505824314,,8698392.696319109,1065929209.0
2003-10-13,1108.2267453360282,1065.371301316928,1065.371301316928,1102.2119461754528,,9794853.91669814,1065929209.0
2003-10-14,1121.1585635312654,1084.167548693726,1105.2193457557405,1085.67124848387,,16402883.89839536,1065929209.0
2003-10-15,1118.000793971963,1086.423098378942,1086.423098378942,1108.2267453360282,,8597301.30830985,1065929209.0
2003-10-16,1112.7378447064596,1067.6268510021437,1106.723045545884,1074.393500057791,,14794542.817853443,1065929209.0
2003-10-17,1092.4378975395175,1070.709435571939,1081.1601491134386,1090.1823478543015,,10259284.545287278,1065929209.0
2003-10-20,1093.1897474345894,1074.2807225735305,1093.1897474345894,1080.408299218367,,5132302.954591674,1065929209.0
2003-10-21,1098.4526967000932,1078.9045994282226,1086.423098378942,1090.1823478543015,,6454310.837376408,1065929209.0
2003-10-22,1085.67124848387,1051.0861533105613,1085.67124848387,1058.6046522612803,,12407980.10904196,1065929209.0
2003-10-23,1057.1836559595945,1027.0269566682591,1056.7551015194035,1055.5972526809928,,9422875.328045864,1065929209.0
2003-10-24,1051.0861533105613,1030.9741686173868,1048.8306036253457,1033.793605723907,,6541419.724393055,1066615426.0
2003-10-27,1055.9731776285284,1028.5306564584032,1037.0566342685188,1033.793605723907,,6137663.054530664,1066615426.0
2003-10-28,1047.3644963299553,1030.034356248547,1039.0565549894102,1042.8158044647698,,5994740.371672332,1066615426.0
2003-10-29,1054.0935528908487,1038.3047050943385,1041.0489572113509,1050.334303415489,,5581509.107812092,1066615426.0
2003-10-30,1096.9489969099493,1045.8232040450578,1045.8232040450578,1081.9119990085103,,10316991.565226655,1066615426.0
2003-10-31,1088.678648064158,1071.3861004775033,1081.9119990085103,1074.393500057791,,6990404.355868027,1066615426.0
2003-11-03,1098.4526967000932,1067.6268510021437,1067.6268510021437,1093.1897474345894,,5192400.714679992,1066615426.0
2003-11-04,1108.2267453360282,1086.423098378942,1086.806541825429,1096.9489969099493,,5963055.499065493,1066615426.0
2003-11-05,1090.1823478543015,1070.6342505824314,1090.1823478543015,1075.1453499528627,,5739984.311902618,1066615426.0
2003-11-06,1097.700846805021,1068.3787008972156,1090.9341977493734,1079.6564493232947,,7485369.880789828,1066615426.0
2003-11-07,1102.9637960705245,1084.167548693726,1089.4304979592298,1098.4526967000932,,10360722.136680128,1066615426.0
2003-11-10,1099.9563964902366,1081.9119990085103,1095.4452971198052,1086.423098378942,,6205879.647114649,1066615426.0
2003-11-11,1082.6638489035822,1067.6268510021437,1082.6638489035822,1079.6564493232947,,4524318.971945421,1066615426.0
2003-11-12,1091.8740101182134,1073.6416501627195,1075.8971998479349,1088.678648064158,,4174519.1888672616,1066615426.0
2003-11-13,1108.2267453360282,1087.926798169086,1099.9563964902366,1089.4304979592298,,6383971.025439897,1066615426.0
2003-11-14,1099.5579160458487,1081.1601491134386,1099.5579160458487,1088.678648064158,,7214061.42568006,1066615426.0
2003-11-17,1073.265725215183,1052.589853100705,1067.6268510021437,1054.845402785921,,4374054.598452495,1066615426.0
2003-11-18,1071.3033969890455,1030.034356248547,1071.3033969890455,1033.0417558288348,,7304608.136505816,1066615426.0
2003-11-19,1056.349102576065,1029.6584313010112,1032.2899059337628,1042.063954569698,,8775500.421254467,1066615426.0
2003-11-20,1051.0861533105613,1008.230709291461,1051.0861533105613,1027.0269566682591,,6267091.068436904,1066615426.0
2003-11-21,1042.8759524563757,1010.4862589766768,1019.50845771754,1032.2899059337628,,6165549.373928707,1066615426.0
2003-11-24,1050.334303415489,991.7727150883364,1029.2825063534751,1039.0565549894102,,5244311.854197535,1066615426.0
2003-11-25,1054.0935528908487,1032.2899059337628,1046.5750539401297,1036.8010053041944,,7337134.307544813,1066615426.0
2003-11-26,1062.3639017366404,1039.0565549894102,1039.0565549894102,1054.845402785921,,5933079.854352479,1066615426.0
2003-11-27,1078.5211559817362,1054.845402785921,1055.5972526809928,1060.1083520514242,,5739944.365358357,1066615426.0
2003-11-28,1067.6268510021437,1043.507506368236,1050.334303415489,1044.3195042549137,,3466022.4378528614,1066615426.0
2003-12-01,1090.1823478543015,1044.0563567916386,1044.0563567916386,1086.423098378942,,8527685.376175398,1066615426.0
2003-12-02,1098.4526967000932,1050.7703763546308,1087.174948274014,1068.3787008972156,,8908425.573535535,1066615426.0
2003-12-03,1087.926798169086,1068.1531459286944,1068.1531459286944,1087.926798169086,,7837481.7214297475,1066615426.0
2003-12-04,1097.700846805021,1083.415698798654,1087.65613220686,1090.1823478543015,,8853778.7009868,1066615426.0
2003-12-05,1101.4600962803806,1081.9119990085103,1093.4604133968153,1101.4600962803806,,6938643.318516797,1066615426.0
2003-12-08,1103.1517585442923,1084.6487326265722,1088.407982101932,1091.6860476444454,,6003572.1894579865,1066615426.0
2003-12-09,1127.7703315085275,1089.4304979592298,1093.9415973296614,1117.2489440768911,,11274251.183870312,1066615426.0
2003-12-10,1118.000793971963,1083.415698798654,1117.2489440768911,1094.693447224733,,9488923.912727697,1066615426.0
2003-12-11,1095.8362590652423,1063.115751631712,1094.2799297824438,1071.3861004775033,,11648454.67398778,1066615426.0
2003-12-12,1086.2200989072724,1069.8899191863102,1072.1379503725757,1079.6564493232947,,5158472.783087844,1066615426.0
2003-12-15,1103.7156459655964,1078.333193507968,1078.3344716527895,1095.4452971198052,,3331053.959307787,1066615426.0
2003-12-16,1090.1823478543015,1071.3861004775033,1090.1823478543015,1075.1453499528627,,6886836.282114601,1066615426.0
2003-12-17,1089.4304979592298,1075.1453499528627,1075.790437162835,1084.919398588798,,6931494.097595461,1066615426.0
2003-12-18,1096.9489969099493,1072.1379503725757,1084.919398588798,1095.4452971198052,,8006964.014216128,1066615426.0
2003-12-19,1113.489694601532,1091.6860476444454,1102.2119461754528,1105.971195650812,,11472015.62999332,1066615426.0
2003-12-22,1121.008193552251,1101.4600962803806,1107.7380429042314,1109.7304451261718,,6355669.504081811,1066615426.0
2003-12-23,1118.752643867035,1093.9415973296614,1114.602432446238,1115.7452442867473,,4438784.947173722,1066615426.0
2003-12-24,1135.2933415586176,1093.9415973296614,1114.2415444966034,1128.5266925029705,,1860818.9767874265,1066615426.0
2003-12-25,,,,,,,
2003-12-26,,,,,,,
2003-12-29,1152.585889145272,1123.2637432374668,1123.2637432374668,1149.5784895649845,,3894637.963258864,1066615426.0
2003-12-30,1172.1339864171423,1149.8641925251118,1149.8641925251118,1156.3451386206316,,4956286.375565304,1066615426.0
2003-12-31,1162.547900254975,1135.2933415586176,1156.8037670566257,1160.1043880959917,,1769835.2749774847,1066615426.0
2004-01-01,,,,,,,
2004-01-02,1172.1339864171423,1146.5710899846963,1157.8488384107757,1169.8784367319265,,2981250.544725604,1066615426.0
2004-01-04,,,,,,,
2004-01-05,1184.975582624971,1157.8488384107757,1160.1043880959917,1183.4117348432212,,4105722.766140825,1066615426.0
2004-01-06,1191.6820836890124,1163.8636375713509,1179.960743824841,1167.6228870467107,,8398113.312609551,1066615426.0
2004-01-07,1164.6154874664228,1090.1823478543015,1164.6154874664228,1136.7970413487617,,7964840.988543816,1066615426.0
2004-01-08,1156.7511375639704,1133.037791873402,1156.7511375639704,1133.7896417684738,,7812368.660604476,1066615426.0
2004-01-09,1142.811840509337,1102.2119461754528,1136.0451914536893,1105.2193457557405,,12268004.996949537,1066615426.0
2004-01-12,1121.9404874221402,1100.7082463853085,1105.882477363194,1114.2415444966034,,6351472.695931748,1066615426.0
2004-01-13,1121.760043447323,1093.9415973296614,1114.4295069703714,1107.474895440956,,6689039.152455381,1066615426.0
2004-01-14,1124.7674430276106,1113.5423240941866,1114.993394391675,1118.000793971963,,8414790.389587753,1066615426.0
2004-01-15,1118.000793971963,1080.408299218367,1118.000793971963,1084.167548693726,,11367453.73463874,1066615426.0
2004-01-16,1163.8636375713509,1084.167548693726,1090.9341977493734,1109.7304451261718,,8720472.240783243,1066615426.0
2004-01-19,1129.2785423980422,1105.986232648714,1118.752643867035,1126.2711428177545,,11177332.393984294,1066615426.0
2004-01-20,1130.7822421881858,1108.9785952311,1127.7748426078983,1113.489694601532,,8609724.68357495,1066615426.0
2004-01-21,1114.798665268852,1099.2045465951649,1114.2415444966034,1103.7156459655964,,6262021.48881981,1066615426.0
2004-01-22,1113.489694601532,1078.1527495331509,1105.971195650812,1085.67124848387,,9196032.218703698,1066615426.0
2004-01-23,1108.9785952311,1081.9119990085103,1092.4378975395175,1086.423098378942,,11984614.527952898,1066615426.0
2004-01-26,1111.985994811388,1080.408299218367,1098.926362133988,1101.4600962803806,,8433559.212883608,1066615426.0
2004-01-27,1106.9786745102083,1095.4452971198052,1105.2193457557405,1099.2045465951649,,10227339.414892072,1066615426.0
2004-01-28,1102.9637960705245,1086.0471734314062,1091.6860476444454,1095.4452971198052,,3937804.441087321,1066615426.0
2004-01-29,1090.1823478543015,1067.6268510021437,1086.423098378942,1072.1379503725757,,10823728.00519063,1066615426.0
2004-01-30,1101.4600962803806,1068.3787008972156,1075.8971998479349,1097.700846805021,,11799582.134937009,1066615426.0
2004-02-02,1093.1897474345894,1068.3787008972156,1082.6638489035822,1070.6342505824314,,8335029.245712405,1066615426.0
2004-02-03,1083.415698798654,1039.8084048844823,1075.1453499528627,1046.5750539401297,,12999065.492964568,1066615426.0
2004-02-04,1064.619451421856,1045.8232040450578,1051.0861533105613,1048.8306036253457,,11201973.359286483,1066615426.0
2004-02-05,1062.3037537450348,1030.838835636274,1051.0861533105613,1044.3195042549137,,11624158.701567842,1066615426.0
2004-02-06,1057.8528023662086,1034.5454556189788,1051.0861533105613,1042.063954569698,,11716955.734386954,1066615426.0
2004-02-09,1119.1661613093247,1047.5148663089694,1054.845402785921,1068.3787008972156,,10413164.686286474,1066615426.0
2004-02-10,1075.709237374167,1052.589853100705,1063.867601526784,1054.845402785921,,8407010.497467631,1066615426.0
2004-02-11,1063.867601526784,1051.0861533105613,1060.1083520514242,1061.6120518415682,,6749030.388425671,1066615426.0
2004-02-12,1095.4452971198052,1070.6342505824314,1071.3861004775033,1085.67124848387,,12205182.3983421,1066615426.0
2004-02-13,1113.489694601532,1080.408299218367,1084.167548693726,1091.6860476444454,,9810538.382576527,1066615426.0
2004-02-16,1098.4526967000932,1051.9056696961893,1092.0619725919814,1087.926798169086,,4004484.9074692777,1066615426.0
2004-02-17,1105.971195650812,1087.174948274014,1087.926798169086,1101.4600962803806,,6737615.36077782,1066615426.0
2004-02-18,1119.587197250565,1096.9489969099493,1104.4674958606686,1105.971195650812,,7756493.129194387,1066615426.0
2004-02-19,1120.256343657179,1099.46769405844,1111.2341449163157,1116.4970941818194,,8150205.058927205,1066615426.0
2004-02-20,1120.256343657179,1088.678648064158,1108.9785952311,1096.197147014877,,9617930.672167186,1066615426.0
2004-02-23,1094.693447224733,1075.1453499528627,1093.1897474345894,1077.400899638079,,6619953.419908389,1066615426.0
2004-02-24,1070.6342505824314,1045.8232040450578,1066.1231512119998,1061.6120518415682,,12537002.604998888,1066615426.0
2004-02-25,1078.1527495331509,1055.1987722366048,1057.100952471137,1075.1453499528627,,9263057.677967908,1066615426.0
2004-02-26,1090.407902822823,1064.4690814428418,1073.6416501627195,1090.1823478543015,,9027836.688843053,1066615426.0
2004-02-27,1105.2193457557405,1078.1527495331509,1085.67124848387,1083.415698798654,,8349896.623185459,1066615426.0
2004-03-01,1107.474895440956,1090.1823478543015,1095.4452971198052,1103.7156459655964,,8068488.955385763,1066615426.0
2004-03-02,1133.037791873402,1108.2267453360282,1108.2267453360282,1120.256343657179,,11774237.86835556,1066615426.0
2004-03-03,1112.7378447064596,1080.408299218367,1110.482295021244,1086.423098378942,,10136948.858739335,1066615426.0
2004-03-04,1093.9415973296614,1071.3861004775033,1086.423098378942,1078.1527495331509,,5624243.436661728,1066615426.0
2004-03-05,1095.4452971198052,1061.6120518415682,1084.167548693726,1084.167548693726,,8844843.990587141,1066615426.0
2004-03-08,1089.4304979592298,1074.393500057791,1076.6490497430068,1084.919398588798,,4267345.273718564,1066615426.0
2004-03-09,1087.926798169086,1063.867601526784,1077.400899638079,1063.867601526784,,8952668.187056351,1066615426.0
2004-03-10,1063.867601526784,1022.515857297828,1053.341702995777,1027.0269566682591,,15140002.953623274,1066615426.0
2004-03-11,1026.2751067731876,987.1789122294468,1022.515857297828,1000.7122103407418,,28729561.89535458,1066615426.0
2004-03-12,1093.7987458495977,984.9233625442312,995.449261075238,1030.034356248547,,12314545.142016018,1066615426.0
2004-03-15,1039.0565549894102,1006.7270095013172,1031.538056038691,1009.734409081605,,8743943.8617898,1066615426.0
2004-03-16,1027.2149191420274,993.9455612850944,1016.5010581372524,1019.50845771754,,9805831.953361806,1066615426.0
2004-03-17,1042.063954569698,1022.515857297828,1029.2825063534751,1036.0491554091225,,8205242.923409159,1066615426.0
2004-03-18,1033.793605723907,1009.734409081605,1033.793605723907,1010.4862589766768,,6980749.397170332,1066615426.0
2004-03-19,1026.2751067731876,1000.7122103407418,1026.2751067731876,1012.7418086618928,,7420436.167843275,1066615426.0
2004-03-22,1008.9825591865332,984.1715126491592,1008.9825591865332,999.2085105505976,,6652482.01195007,1066615426.0
2004-03-23,1018.004757927396,985.6752124393032,1010.4862589766768,988.6826120195908,,8966367.430735113,1066615426.0
2004-03-24,1001.464060235814,968.3826648526486,988.6826120195908,975.149313908296,,12140603.362288523,1066615426.0
2004-03-25,990.1863118097344,973.83357659192,975.149313908296,988.6826120195908,,8466831.052748807,1066615426.0
2004-03-26,1005.9751596062456,990.9381617048068,996.952960865382,1001.464060235814,,7128353.088715223,1066615426.0
2004-03-29,1021.012157507684,1001.464060235814,1008.230709291461,1017.2529080323242,,5131813.912049815,1066615426.0
2004-03-30,1023.2677071928996,1008.230709291461,1023.2677071928996,1017.2529080323242,,4272305.908214946,1066615426.0
2004-03-31,1040.9910647694303,1002.7797975521894,1020.260307612612,1008.9825591865332,,8900120.323833318,1066615426.0
2004-04-01,1023.8075354175614,1008.9825591865332,1017.2529080323242,1018.756607822468,,4978532.96921453,1066615426.0
2004-04-02,1063.1909366212192,1013.5462880496194,1019.50845771754,1059.3565021563525,,11641086.35232368,1066615426.0
2004-04-05,1058.4242082864632,1045.0713541499856,1055.5972526809928,1054.845402785921,,6156910.025856309,1066615426.0
2004-04-06,1058.6046522612803,1026.2751067731876,1058.6046522612803,1040.5602547795545,,6740194.939135993,1066615426.0
2004-04-07,1048.078753730273,1033.0417558288348,1033.0417558288348,1043.5676543598418,,5298688.784947174,1066615426.0
2004-04-08,1054.845402785921,1039.0565549894102,1048.8306036253457,1045.0713541499856,,5154302.605967288,1066615426.0
2004-04-09,,,,,,,
2004-04-12,,,,,,,
2004-04-13,1066.6404239398094,1037.7633731698866,1055.5972526809928,1039.0565549894102,,6874019.493913599,1066615426.0
2004-04-14,1041.853436599078,995.449261075238,1029.2825063534751,1005.2233097111732,,10366010.817039983,1066615426.0
2004-04-15,1011.2681828675516,984.9233625442312,1002.9677600259574,996.2011109703102,,10420914.315873062,1066615426.0
2004-04-16,1022.515857297828,1003.7196099210294,1004.4714598161012,1016.5010581372524,,11158328.733428238,1066615426.0
2004-04-19,1028.5306564584032,999.9603604456698,1023.2677071928996,1010.4862589766768,,8451376.582125254,1066615426.0
2004-04-20,1027.0269566682591,1005.9751596062456,1011.2381088717488,1008.230709291461,,9323575.482021635,1066615426.0
2004-04-21,992.4418614949504,959.3604661117854,992.4418614949504,964.6234153772888,,20733337.44903789,1066615426.0
2004-04-22,973.9839465709348,944.3234682103468,966.1271151674327,959.3604661117854,,24875303.835836653,1066615426.0
2004-04-23,982.6678128590154,964.4128974066688,972.8937642230804,967.6308149575768,,9526911.865818348,1066615426.0
2004-04-26,978.1567134885836,958.6086162167136,968.3826648526486,974.3974640132238,,8597947.71602607,1066615426.0
2004-04-27,978.1567134885836,966.8789650625048,974.3974640132238,968.3826648526486,,6271439.189254622,1066615426.0
2004-04-28,964.8113778510568,925.5272208335484,962.3678656920732,930.7901700990524,,14739410.534266872,1066615426.0
2004-04-29,948.8345675807784,912.7457726173257,928.534620413836,942.0679185251312,,22921074.102050107,1066615426.0
2004-04-30,944.5189491830656,918.0237588807304,936.8049692596276,930.0383202039802,,17844390.05258418,1066615426.0
2004-05-03,,,,,,,
2004-05-04,959.3604661117854,932.293869889196,941.3160686300588,954.097516846282,,18238776.231564067,1066615426.0
2004-05-05,971.3900644329364,933.6923106940296,954.097516846282,962.3678656920732,,13801193.31222219,1066615426.0
2004-05-06,957.1049164265696,939.0605189448434,957.1049164265696,954.097516846282,,10772200.59459826,1066615426.0
2004-05-07,954.097516846282,939.8123688399148,951.0901172659942,943.5716183152748,,14904084.715725863,1066615426.0
2004-05-10,925.5272208335484,913.4976225123976,921.016121463117,914.2494724074696,,16187208.874427434,1066615426.0
2004-05-11,945.4362060550534,912.8811055984384,915.6178392165002,936.0531193645556,,9178613.10440332,1066615426.0
2004-05-12,959.4281326023416,929.6849507532964,941.3160686300588,934.5494195744114,,13145567.628288932,1066615426.0
2004-05-13,951.8419671610663,931.542019994124,939.0605189448434,945.0753181054188,,8344935.988689076,1066615426.0
2004-05-14,948.3684206458338,893.1976753454554,945.0753181054188,911.2420728271818,,35678708.73400928,1066615426.0
2004-05-17,918.0087218828291,887.9347260799518,908.986523141966,916.5050220926852,,14100798.44668468,1066615426.0
2004-05-18,938.1733360686584,911.993922722254,918.0087218828291,921.767971358189,,10784285.029487813,1066615426.0
2004-05-19,966.1271151674327,943.5716183152748,943.5716183152748,963.871565482217,,21901746.0271346,1066615426.0
2004-05-20,960.0371310173502,933.7975696793396,952.593817056138,939.8123688399148,,11009286.96628996,1066615426.0
2004-05-21,969.8863646427926,947.3308677906346,947.3308677906346,966.1271151674327,,10540750.317151353,1066615426.0
2004-05-24,980.4122631737994,961.6160157970014,964.6234153772888,963.1197155871452,,8788624.676796142,1066615426.0
2004-05-25,964.6234153772888,945.0753181054188,958.6086162167136,960.1123160068574,,8316818.463534858,1066615426.0
2004-05-26,987.1789122294468,973.645614118152,973.645614118152,982.6678128590154,,10129074.5475146,1066615426.0
2004-05-27,1002.9677600259574,954.8192927455513,985.6752124393032,987.1789122294468,,10337833.977320047,1066615426.0
2004-05-28,993.1937113900224,978.1567134885836,988.6826120195908,987.930762124519,,8687166.50688049,1066615426.0
2004-05-31,,,,,,,
2004-06-01,994.6974111801665,976.9988646501732,988.6826120195908,988.6826120195908,,6714258.737398681,1066615426.0
2004-06-02,993.6733916230784,966.1271151674327,991.6900115998787,969.8863646427926,,7028243.417293707,1066615426.0
2004-06-03,988.7014082669676,952.593817056138,962.3678656920732,963.871565482217,,9590207.77045021,1066615426.0
2004-06-04,988.7014082669676,959.3604661117854,959.3604661117854,976.65301369844,,5175867.687361398,1066615426.0
2004-06-07,996.2011109703102,984.9233625442312,984.9233625442312,993.1937113900224,,6341826.210743442,1066615426.0
2004-06-08,999.9603604456698,990.9381617048068,993.1937113900224,991.6900115998787,,6126663.228842858,1066615426.0
2004-06-09,991.6900115998787,970.6382145378644,984.9233625442312,973.645614118152,,9691174.47682132,1066615426.0
2004-06-10,974.3974640132238,957.9169143132472,966.8789650625048,965.3752652723608,,7508080.0964527475,1066615426.0
2004-06-11,975.901163803368,964.6234153772888,971.3900644329364,972.8937642230804,,6359071.012850682,1066615426.0
2004-06-14,971.3900644329364,955.0298107161713,970.6382145378644,955.601216636426,,7573803.056273786,1066615426.0
2004-06-15,974.543322892868,945.0753181054188,958.6086162167136,960.1123160068574,,13935468.173498737,1066615426.0
2004-06-16,971.3900644329364,952.593817056138,963.1197155871452,955.601216636426,,12515891.46160774,1066615426.0
2004-06-17,963.8114174906112,950.4961558488876,955.601216636426,965.3752652723608,,7692248.191510997,1066615426.0
2004-06-18,982.8557753327832,956.3530665314976,960.2626859858718,975.901163803368,,7130148.262204275,1066615426.0
2004-06-21,988.6826120195908,971.3900644329364,980.4122631737994,972.8937642230804,,3898280.361794641,1066615426.0
2004-06-22,972.8937642230804,957.1049164265696,972.1419143280084,960.1123160068574,,5419847.864191433,1066615426.0
2004-06-23,973.3328445618024,960.1123160068574,966.8789650625048,962.3678656920732,,5454808.353427656,1066615426.0
2004-06-24,998.456660655526,972.1419143280084,972.8937642230804,996.2011109703102,,14998747.131111825,1066615426.0
2004-06-25,1014.2455084520363,989.4344619146626,989.4344619146626,1007.4788593963892,,10293454.577147672,1066615426.0
2004-06-28,1013.4936585569644,996.952960865382,1000.7122103407418,1004.4714598161012,,6973017.925103862,1066615426.0
2004-06-29,999.9603604456698,984.9233625442312,999.9603604456698,993.1937113900224,,8538731.20091417,1066615426.0
2004-06-30,999.9603604456698,989.4344619146626,990.1863118097344,996.952960865382,,9064250.990190098,1066615426.0
2004-07-01,1007.2307489310156,990.9381617048068,996.2011109703102,990.9381617048068,,6659341.923050852,1066615426.0
2004-07-02,996.952960865382,981.5400380164074,995.449261075238,987.1789122294468,,9302511.548182797,1066615426.0
2004-07-05,996.952960865382,988.6826120195908,995.449261075238,993.1937113900224,,3288428.575578862,1066615426.0
2004-07-06,1008.7419672201104,990.1863118097344,1005.9751596062456,993.9455612850944,,9414884.808692368,1066615426.0
2004-07-07,1051.010968321054,995.449261075238,995.449261075238,1001.464060235814,,6960317.345031619,1066615426.0
2004-07-08,1022.515857297828,999.2085105505976,1005.2233097111732,1022.515857297828,,10005162.78822037,1066615426.0
2004-07-09,1025.5232568781153,1012.7418086618928,1020.260307612612,1023.2677071928996,,8210561.866302548,1066615426.0
2004-07-12,1035.2973055140503,1017.2529080323242,1018.756607822468,1022.515857297828,,5614371.798223953,1066615426.0
2004-07-13,1035.2973055140503,1022.515857297828,1023.2677071928996,1030.786206143619,,3590481.343753329,1066615426.0
2004-07-14,1036.8010053041944,1015.7492082421802,1021.764007402756,1033.793605723907,,7160970.047354813,1066615426.0
2004-07-15,1051.838003205633,1030.786206143619,1030.786206143619,1046.5750539401297,,11093921.58856512,1066615426.0
2004-07-16,1065.371301316928,1042.063954569698,1047.3269038352016,1060.860201946496,,10463550.59411406,1066615426.0
2004-07-19,1064.296155966975,1034.5454556189788,1058.6046522612803,1037.5528551992666,,11340777.916581932,1066615426.0
2004-07-20,1038.3047050943385,1027.7788065633315,1035.2973055140503,1031.538056038691,,5924968.28486486,1066615426.0
2004-07-21,1051.838003205633,1033.793605723907,1043.5676543598418,1036.8010053041944,,8824087.524088977,1066615426.0
2004-07-22,1044.363863398723,1004.4714598161012,1028.5306564584032,1005.9751596062456,,8205460.813650582,1066615426.0
2004-07-23,1037.5528551992666,990.5923107530735,1010.4862589766768,993.9455612850944,,8999910.42290075,1066615426.0
2004-07-26,1007.4788593963892,990.1863118097344,999.9603604456698,995.449261075238,,4012226.063546479,1066615426.0
2004-07-27,1009.734409081605,996.952960865382,1002.2159101308856,1008.230709291461,,25410358.74417749,1066615426.0
2004-07-28,1028.5306564584032,1011.2381088717488,1018.004757927396,1024.0195570879716,,7326573.893843875,1066615426.0
2004-07-29,1062.3639017366404,1033.0417558288348,1040.30462581523,1060.860201946496,,50398613.24966349,1066615426.0
2004-07-30,1086.423098378942,1045.6427600702405,1062.3639017366404,1077.400899638079,,7470199.877981465,1066615426.0
2004-08-02,1075.2521126379634,1043.191729412306,1069.8824006873594,1060.1083520514242,,4139540.542110921,1066615426.0
2004-08-03,1081.1601491134386,1057.8528023662086,1060.1083520514242,1078.1527495331509,,9166814.347830296,1066615426.0
2004-08-04,1080.408299218367,1061.6120518415682,1071.3861004775033,1078.1527495331509,,6111213.600224669,1066615426.0
2004-08-05,1078.9045994282226,1056.6498425340935,1076.6490497430068,1072.1379503725757,,4939424.091881895,1066615426.0
2004-08-06,1059.3565021563525,1036.8010053041944,1056.349102576065,1047.3269038352016,,7849131.586337798,1066615426.0
2004-08-09,1050.334303415489,1028.5306564584032,1043.5676543598418,1036.8010053041944,,5090061.299787921,1066615426.0
2004-08-10,1044.3195042549137,1033.0417558288348,1036.0491554091225,1044.3195042549137,,9714998.353718176,1066615426.0
2004-08-11,1039.0565549894102,1016.5010581372524,1034.5454556189788,1019.50845771754,,6654853.38407755,1066615426.0
2004-08-12,1031.538056038691,1014.2455084520363,1018.004757927396,1029.2825063534751,,8490457.61792704,1066615426.0
2004-08-13,1025.5555864236037,1013.4936585569644,1015.7492082421802,1021.012157507684,,3876597.861770431,1066615426.0
2004-08-16,1044.7879067395438,1017.2529080323242,1024.0195570879716,1032.2899059337628,,12071596.312328717,1066615426.0
2004-08-17,1053.7477019391158,1030.034356248547,1038.3047050943385,1044.3195042549137,,7436328.839952355,1066615426.0
2004-08-18,1037.5528551992666,1028.5306564584032,1035.2973055140503,1031.538056038691,,3947429.137251484,1066615426.0
2004-08-19,1056.4242875655718,1032.8537933550667,1033.793605723907,1054.0935528908487,,6729333.110601087,1066615426.0
2004-08-20,1063.867601526784,1045.462316095423,1057.100952471137,1063.867601526784,,5269980.535138433,1066615426.0
2004-08-23,1075.1453499528627,1047.2592373446453,1063.867601526784,1067.6268510021437,,23243966.861315284,1066615426.0
2004-08-24,1059.3565021563525,1042.8158044647698,1058.6046522612803,1046.5750539401297,,5678387.95115385,1066615426.0
2004-08-25,1039.8084048844823,1022.515857297828,1037.5528551992666,1028.5306564584032,,7173591.944839875,1066615426.0
2004-08-26,1045.0713541499856,1030.786206143619,1037.5528551992666,1042.8158044647698,,3606206.9666773193,1066615426.0
2004-08-27,1054.845402785921,1039.620442410714,1042.8158044647698,1048.078753730273,,2915477.9543495737,1066615426.0
2004-08-30,,,,,,,
2004-08-31,1042.063954569698,1030.5305771792946,1030.786206143619,1036.8010053041944,,6848649.806803986,1066615426.0
2004-09-01,1048.078753730273,1032.2899059337628,1035.2973055140503,1045.8232040450578,,5661858.55533928,1066615426.0
2004-09-02,1052.589853100705,1039.8084048844823,1045.8232040450578,1043.5676543598418,,4364992.785412006,1066615426.0
2004-09-03,1045.0713541499856,1033.0417558288348,1041.3121046746262,1037.5528551992666,,5548290.530005908,1066615426.0
2004-09-06,1048.078753730273,1036.8010053041944,1038.3047050943385,1043.5676543598418,,3107158.4207315305,1066615426.0
2004-09-07,1045.8232040450578,1024.0195570879716,1042.8158044647698,1026.2751067731876,,8281560.190968692,1066615426.0
2004-09-08,1035.2973055140503,1021.764007402756,1021.764007402756,1030.786206143619,,5233857.964614625,1066615426.0
2004-09-09,1032.2899059337628,1015.7492082421802,1027.7788065633315,1015.7492082421802,,7498732.605095727,1066615426.0
2004-09-10,1023.2677071928996,1012.7418086618928,1018.756607822468,1013.4936585569644,,8889332.33588023,1066615426.0
2004-09-13,1035.1078393404923,1018.004757927396,1018.004757927396,1030.034356248547,,25431589.72720142,1066615426.0
2004-09-14,1042.8158044647698,1029.8313567768776,1030.034356248547,1039.0565549894102,,6324307.835333082,1066615426.0
2004-09-15,1059.3565021563525,1039.0565549894102,1039.0565549894102,1051.0861533105613,,11159456.92067827,1066615426.0
2004-09-16,1062.3639017366404,1049.5824535204174,1057.100952471137,1060.1083520514242,,7335724.073482274,1066615426.0
2004-09-17,1091.6860476444454,1053.341702995777,1053.341702995777,1088.678648064158,,10531052.990906715,1066615426.0
2004-09-20,1089.4304979592298,1075.1453499528627,1089.4304979592298,1081.1601491134386,,4699425.253963182,1066615426.0
2004-09-21,1091.6860476444454,1075.2731644350251,1077.400899638079,1085.67124848387,,8073220.805128653,1066615426.0
2004-09-22,1094.7836692121418,1083.415698798654,1090.9341977493734,1083.415698798654,,7162432.332975025,1066615426.0
2004-09-23,1093.1897474345894,1072.3033573494913,1087.174948274014,1078.9045994282226,,5077991.390914462,1066615426.0
2004-09-24,1079.6564493232947,1067.6268510021437,1073.6416501627195,1075.8971998479349,,7115945.449967559,1066615426.0
2004-09-27,1076.9197157052326,1063.115751631712,1072.1379503725757,1067.6268510021437,,4121981.009654959,1066615426.0
2004-09-28,1114.2415444966034,1069.1305507922875,1069.1305507922875,1106.723045545884,,12556952.87760379,1066615426.0
2004-09-29,1125.5192929226823,1103.3547580159618,1109.7304451261718,1124.7674430276106,,9342283.780250428,1066615426.0
2004-09-30,1123.2637432374668,1101.7608362384096,1118.000793971963,1117.2489440768911,,14626513.126676545,1066615426.0
2004-10-01,1151.8340392502,1117.2489440768911,1119.504493762107,1142.0599906142652,,9928849.152164862,1066615426.0
2004-10-04,1159.7284631484554,1125.5192929226823,1153.337739040344,1127.7748426078983,,6905634.157442647,1066615426.0
2004-10-05,1150.014562504126,1126.2711428177545,1134.5414916635457,1142.811840509337,,7950850.014041816,1066615426.0
2004-10-06,1169.8784367319265,1131.797239546533,1142.811840509337,1165.3673373614947,,27071356.633063152,1066615426.0
2004-10-07,1184.9154346333653,1166.8710371516388,1176.645085787574,1174.389536102358,,8370116.837589457,1066615426.0
2004-10-08,1180.4795202524406,1155.5932887255597,1163.8636375713509,1162.359937781207,,8232320.627911257,1066615426.0
2004-10-11,1179.6524853678616,1132.7596074122253,1167.6228870467107,1150.3303394600564,,6705872.384106602,1066615426.0
2004-10-12,1155.5932887255597,1124.7674430276106,1155.5932887255597,1130.030392293114,,9540812.052719755,1066615426.0
2004-10-13,1142.811840509337,1085.67124848387,1142.811840509337,1091.6860476444454,,14418706.36142665,1066615426.0
2004-10-14,1104.4674958606686,1072.8898002676472,1083.415698798654,1099.2045465951649,,9953516.74849656,1066615426.0
2004-10-15,1104.4674958606686,1084.167548693726,1099.9563964902366,1102.9637960705245,,6586427.374761532,1066615426.0
2004-10-18,1107.474895440956,1095.4452971198052,1098.4526967000932,1097.700846805021,,4090660.497951832,1066615426.0
2004-10-19,1111.2341449163157,1078.1527495331509,1100.7082463853085,1081.9119990085103,,4547057.029139188,1066615426.0
2004-10-20,1072.8898002676472,1042.063954569698,1066.8750011070715,1068.3787008972156,,11457298.354686577,1066615426.0
2004-10-21,1089.4304979592298,1072.8898002676472,1078.1527495331509,1090.1823478543015,,6270083.427752438,1066615426.0
2004-10-22,1105.971195650812,1089.4304979592298,1099.9563964902366,1093.9415973296614,,5360574.455516497,1066615426.0
2004-10-25,1093.9415973296614,1077.400899638079,1083.415698798654,1084.919398588798,,4391771.496082818,1066615426.0
2004-10-26,1092.4378975395175,1080.408299218367,1092.4378975395175,1088.678648064158,,2820665.436797304,1066615426.0
2004-10-27,1106.723045545884,1095.4452971198052,1099.9563964902366,1100.7082463853085,,4216076.910413217,1066615426.0
2004-10-28,1115.7452442867473,1046.5750539401297,1112.7378447064596,1069.8824006873594,,51827378.8772358,1066615426.0
2004-10-29,1078.1527495331509,1061.6120518415682,1075.8971998479349,1070.6342505824314,,8845098.195868801,1066615426.0
2004-11-01,1091.817621376083,1069.1305507922875,1078.8282114788833,1085.67124848387,,5252811.994615691,1067859819.0
2004-11-02,1093.1897474345894,1073.9047976259942,1093.1897474345894,1081.1601491134386,,3582207.5670859846,1067859819.0
2004-11-03,1102.2119461754528,1086.423098378942,1086.423098378942,1096.9489969099493,,5379367.488839178,1067859819.0
2004-11-04,1109.7304451261718,1086.423098378942,1105.2193457557405,1109.7304451261718,,5407293.754781481,1067859819.0
2004-11-05,1126.2711428177545,1112.7378447064596,1119.504493762107,1114.2415444966034,,6153380.203945266,1067859819.0
2004-11-08,1120.256343657179,1095.4452971198052,1117.2489440768911,1104.4674958606686,,5408638.621771594,1067859819.0
2004-11-09,1114.993394391675,1103.7156459655964,1103.7156459655964,1111.985994811388,,3629702.7977107,1067859819.0
2004-11-10,1154.8414388304875,1117.2489440768911,1117.2489440768911,1148.8266396699123,,11134859.533424364,1067859819.0
2004-11-11,1151.082189355128,1140.1803658765853,1148.8266396699123,1145.8192400896246,,4638107.308522898,1067859819.0
2004-11-12,1152.585889145272,1142.7742480145832,1149.5784895649845,1150.3303394600564,,4052877.119587849,1067859819.0
2004-11-15,1163.8636375713509,1146.5710899846963,1157.8488384107757,1151.8340392502,,5710294.345506135,1067859819.0
2004-11-16,1146.5710899846963,1136.7970413487617,1146.5710899846963,1141.308140719193,,5703670.482166895,1067859819.0
2004-11-17,1165.6680773195235,1146.5710899846963,1146.5710899846963,1163.8636375713509,,5282476.540484007,1067859819.0
2004-11-18,1169.1265868368546,1145.2252786725178,1163.1117876762792,1157.8488384107757,,7015535.574213416,1067859819.0
2004-11-19,1169.1265868368546,1151.8340392502,1158.6006883058474,1155.5932887255597,,3055173.4406321724,1067859819.0
2004-11-22,1155.5932887255597,1135.2933415586176,1146.5710899846963,1142.811840509337,,4305284.806755566,1067859819.0
2004-11-23,1161.608087886135,1143.5636904044088,1158.6006883058474,1148.8266396699123,,4268628.405140273,1067859819.0
2004-11-24,1164.6154874664228,1146.5710899846963,1154.8414388304875,1155.5932887255597,,6446574.523304572,1067859819.0
2004-11-25,1168.5100699228956,1152.585889145272,1163.8636375713509,1159.3525382009193,,5539600.340877178,1067859819.0
2004-11-26,1166.1191872565669,1152.1122237113768,1161.608087886135,1157.8488384107757,,6416413.671886349,1067859819.0
2004-11-29,1175.6676809239802,1155.5932887255597,1160.8562379910634,1162.359937781207,,5250388.570930537,1067859819.0
2004-11-30,1163.8636375713509,1142.0599906142652,1146.5495870776977,1152.585889145272,,8677096.346222753,1067859819.0
2004-12-01,1161.608087886135,1142.811840509337,1142.811840509337,1157.8488384107757,,8057186.504362647,1067859819.0
2004-12-02,1176.645085787574,1137.5488912438334,1165.3673373614947,1143.5636904044088,,7357770.934410196,1067859819.0
2004-12-03,1148.8191211709616,1112.7378447064596,1141.308140719193,1124.7674430276106,,13373965.021353245,1067859819.0
2004-12-06,1127.158325693939,1114.2415444966034,1117.2489440768911,1121.760043447323,,5204899.141028249,1067859819.0
2004-12-07,1119.369912630889,1097.700846805021,1108.9785952311,1108.2267453360282,,10346464.851883056,1067859819.0
2004-12-08,1102.008946703783,1068.3787008972156,1090.9341977493734,1084.167548693726,,9500202.153723989,1067859819.0
2004-12-09,1092.4378975395175,1069.1305507922875,1084.167548693726,1075.1453499528627,,8220086.090855389,1067859819.0
2004-12-10,1096.197147014877,1072.9725037561052,1075.1453499528627,1081.9119990085103,,3658470.362085161,1067859819.0
2004-12-13,1120.8555680235513,1070.5139545992197,1082.6638489035822,1090.9341977493734,,7870699.08873459,1067859819.0
2004-12-14,1108.2267453360282,1074.0702046029105,1108.2267453360282,1089.4304979592298,,7781002.1498503825,1067859819.0
2004-12-15,1097.2053777241686,1077.400899638079,1090.1823478543015,1077.400899638079,,5079046.948084019,1067859819.0
2004-12-16,1091.0620122315356,1075.8971998479349,1086.423098378942,1075.8971998479349,,6922397.180016076,1067859819.0
2004-12-17,1091.9161137123376,1081.9119990085103,1082.6638489035822,1090.9341977493734,,8936925.617113585,1067859819.0
2004-12-20,1108.2267453360282,1090.1823478543015,1090.1823478543015,1105.2193457557405,,6387319.272149754,1067859819.0
2004-12-21,1124.0155931325385,1109.5048901576504,1110.482295021244,1116.4970941818194,,6347672.932221609,1067859819.0
2004-12-22,1134.6166766530523,1117.421869552758,1118.000793971963,1125.5192929226823,,6933967.151835605,1067859819.0
2004-12-23,1133.7896417684738,1121.760043447323,1127.7748426078983,1127.0229927128266,,4568137.909996805,1067859819.0
2004-12-24,1130.7822421881858,1124.0155931325385,1126.2711428177545,1124.0155931325385,,833445.9099580683,1067859819.0
2004-12-27,,,,,,,
2004-12-28,,,,,,,
2004-12-29,1149.5784895649845,1124.0155931325385,1128.5266925029705,1144.315540299481,,3595343.927641072,1067859819.0
2004-12-30,1157.0969885157035,1142.811840509337,1142.811840509337,1150.3303394600564,,2603532.96921453,1067859819.0
2004-12-31,1152.585889145272,1145.3455746557297,1146.5710899846963,1152.585889145272,,613238.7689685561,1067859819.0
2005-01-03,,,,,,,
2005-01-04,1155.0745122979602,1109.7304451261718,1154.8414388304875,1114.2415444966034,,10797354.812469132,1067859819.0
2005-01-05,1121.008193552251,1098.4526967000932,1120.256343657179,1106.723045545884,,10366320.705383342,1067859819.0
2005-01-06,1122.5118933423946,1108.9785952311,1113.489694601532,1120.256343657179,,10662772.483851912,1067859819.0
2005-01-07,1128.5266925029705,1104.4674958606686,1124.0155931325385,1112.7378447064596,,9484353.059663191,1067859819.0
2005-01-10,1123.602075690249,1113.489694601532,1120.256343657179,1119.504493762107,,4573662.638118204,1067859819.0
2005-01-11,1142.811840509337,1128.5266925029705,1130.7822421881858,1133.7896417684738,,6560111.0756030725,1067859819.0
2005-01-12,1143.5636904044088,1127.7748426078983,1139.8044409290492,1135.2933415586176,,9777452.95991788,1067859819.0
2005-01-13,1153.337739040344,1134.879824116328,1136.6391528707964,1139.0525910339773,,6608814.386566341,1067859819.0
2005-01-14,1173.6376862072862,1148.0747897748406,1151.082189355128,1165.3673373614947,,16396172.878959551,1067859819.0
2005-01-17,1200.7042824298758,1174.389536102358,1180.4043352629335,1195.441333164372,,8188145.80246555,1067859819.0
2005-01-18,1195.441333164372,1176.645085787574,1188.6746841087247,1183.4117348432212,,10689878.029884858,1067859819.0
2005-01-19,1210.4783310658106,1186.419134423509,1205.3657517793215,1190.9302337939407,,12068599.111007815,1067859819.0
2005-01-20,1192.2459711103163,1176.645085787574,1190.9302337939407,1184.9154346333653,,7883100.674975548,1067859819.0
2005-01-21,1221.0042295968178,1179.6524853678616,1184.1635847382936,1217.9968300165303,,13992994.82873827,1067859819.0
2005-01-24,1270.6263226715655,1185.9830614843672,1236.7930773933283,1270.6263226715655,,16979408.161684245,1067859819.0
2005-01-25,1266.8670731962056,1241.30417676376,1263.107823720846,1248.0708258194074,,11016466.449744826,1067859819.0
2005-01-26,1255.5893247701267,1236.7930773933283,1245.5822026667197,1239.0486270785443,,7594192.740865557,1067859819.0
2005-01-27,1260.1004241405583,1233.033827917969,1249.5745256095513,1241.30417676376,,24762370.11320609,1067859819.0
2005-01-28,1245.8152761341917,1227.0190287573932,1241.30417676376,1230.026428337681,,7892518.37541036,1067859819.0
2005-01-31,1252.581925189839,1235.2893776031844,1243.559726448976,1240.5523268686882,,8285016.172297919,1067859819.0
2005-02-01,1287.9188702582196,1256.3411746651989,1256.3411746651989,1280.4003713075003,,14502974.201795416,1067859819.0
2005-02-02,1305.963267739946,1242.807876553904,1273.6337222518532,1266.8670731962056,,18644880.06352711,1067859819.0
2005-02-03,1286.7309474240062,1239.5749220050943,1286.7309474240062,1244.3115763440476,,15518621.142132226,1067859819.0
2005-02-04,1253.8976625062148,1225.5153289672494,1244.3115763440476,1239.0486270785443,,16951797.836592004,1067859819.0
2005-02-07,1269.1226228814214,1242.0560266588318,1256.3411746651989,1257.0930245602704,,15622416.790137803,1067859819.0
2005-02-08,1259.3485742454864,1230.3797977883648,1248.8226757144794,1240.5523268686882,,18812717.28499076,1067859819.0
2005-02-09,1233.033827917969,1218.4103474588198,1233.033827917969,1218.748679911602,,12558008.434773346,1067859819.0
2005-02-10,1245.8152761341917,1220.252379701746,1224.011629177106,1237.5449272884005,,7711523.004367489,1067859819.0
2005-02-11,1269.1226228814214,1241.868064185064,1244.3115763440476,1269.1226228814214,,8929623.873023251,1067859819.0
2005-02-14,1281.9792560871515,1255.5893247701267,1266.8670731962056,1268.3707729863495,,8296728.983275714,1067859819.0
2005-02-15,1290.1744199434356,1240.529771371836,1266.8670731962056,1290.1744199434356,,8426137.629160494,1067859819.0
2005-02-16,1309.0458523097411,1285.2873956254678,1294.6855193138674,1301.4521683695143,,7393864.452901814,1067859819.0
2005-02-17,1310.474367110378,1287.9188702582196,1301.4521683695143,1306.715117635018,,8934948.868423346,1067859819.0
2005-02-18,1317.9928660610972,1296.189219104011,1305.963267739946,1313.4817666906656,,6573425.379855322,1067859819.0
2005-02-21,1339.367206728097,1314.2336165857373,1324.7595151167443,1322.5039654315287,,4461520.583364807,1067859819.0
2005-02-22,1350.1600119718548,1321.7521155364566,1334.5335637526798,1337.540963332967,,15615279.67422988,1067859819.0
2005-02-23,1342.8039125984708,1311.9780669005218,1327.0150648019603,1327.7669146970322,,14608745.387989892,1067859819.0
2005-02-24,1349.683339138379,1314.2336165857373,1320.3637495202167,1327.7669146970322,,15151586.240957556,1067859819.0
2005-02-25,1381.9001071422117,1339.0446631231111,1339.0446631231111,1373.62975829642,,15566431.103105662,1067859819.0
2005-02-28,1397.688954938722,1363.6527101888155,1370.5179267657068,1379.6445574569957,,11347130.627620736,1067859819.0
2005-03-01,1387.163056407715,1327.3609157536937,1383.403806932355,1359.3446102900537,,9993071.090322768,1067859819.0
2005-03-02,1385.8555894401848,1321.0002656413849,1355.5853608146936,1342.0520627033989,,11246545.229172114,1067859819.0
2005-03-03,1377.3890077717797,1351.826111339334,1354.0816610245497,1376.6371578767078,,7152967.422987905,1067859819.0
2005-03-04,1384.907506722499,1339.4055510727458,1371.3742086112045,1382.6519570372832,,10183843.6806988,1067859819.0
2005-03-07,1485.4907375351172,1370.6223587161323,1387.163056407715,1391.6741557781463,,5547548.49268373,1067859819.0
2005-03-08,1393.9297054633623,1364.607559555557,1372.1260585062762,1372.1260585062762,,7941318.526480928,1067859819.0
2005-03-09,1412.7259528401603,1375.885307981636,1383.403806932355,1382.6519570372832,,8897945.052923119,1067859819.0
2005-03-10,1398.4408048337937,1336.0372635428234,1358.0223318795904,1345.8113121787585,,12305071.75851951,1067859819.0
2005-03-11,1362.2993803776862,1323.255815326601,1357.0890606048376,1351.0742614442624,,8934624.454063896,1067859819.0
2005-03-14,1375.885307981636,1340.548362913255,1364.607559555557,1345.0594622836866,,7245770.508313724,1067859819.0
2005-03-15,1389.5682242220498,1330.77431427732,1349.044266727568,1342.0520627033989,,8260458.731588275,1067859819.0
2005-03-16,1368.3668090309166,1339.6085505444153,1341.3002128083272,1348.0668618639745,,10479868.152193911,1067859819.0
2005-03-17,1373.7718579265888,1349.5705616541184,1359.3446102900537,1366.8631092407727,,5710902.017179435,1067859819.0
2005-03-18,1389.1780141265078,1360.7054586001336,1372.1260585062762,1366.8631092407727,,5479882.678210008,1067859819.0
2005-03-21,1381.1482572471396,1351.0742614442624,1372.1260585062762,1352.5779612344058,,5113120.139837115,1067859819.0
2005-03-22,1352.5779612344058,1321.7521155364566,1342.0520627033989,1344.3076123886149,,7923234.846944211,1067859819.0
2005-03-23,1344.3752788791712,1309.722517215306,1334.5335637526798,1317.2410161660252,,9332136.147506852,1067859819.0
2005-03-24,1352.0441478089049,1284.911470677932,1311.9780669005218,1286.415170468076,,15968563.280168116,1067859819.0
2005-03-25,,,,,,,
2005-03-28,,,,,,,
2005-03-29,1292.4653065737198,1256.3411746651989,1292.4652313887304,1262.355973825774,,19852743.722340047,1067859819.0
2005-03-30,1283.205523266014,1251.2661878734632,1255.5893247701267,1270.6263226715655,,10599468.10571066,1067859819.0
2005-03-31,1303.7077180547303,1272.536021405048,1302.9558681596582,1286.415170468076,,9097648.722194783,1067859819.0
2005-04-01,1300.7003184744426,1279.6485214124286,1300.7003184744426,1283.4077708877885,,7158570.833696485,1067859819.0
2005-04-04,1288.8684566756956,1270.6263226715655,1287.167020363148,1278.8966715173567,,5649959.327154934,1067859819.0
2005-04-05,1370.0885452906314,1263.107823720846,1291.6781197335797,1268.3707729863495,,4948698.95315844,1067859819.0
2005-04-06,1289.9007465816294,1258.799723822084,1268.3707729863495,1275.137422041997,,7347956.189535459,1067859819.0
2005-04-07,1297.692918894155,1266.2806302780496,1284.1596207828602,1297.692918894155,,18038409.207557403,1067859819.0
2005-04-08,1315.7373163758812,1296.9410689990827,1315.7373163758812,1304.4595679498022,,18767444.534828547,1067859819.0
2005-04-11,1297.692918894155,1271.7916900089267,1293.1818195237236,1293.9336694187953,,15287250.75777384,1067859819.0
2005-04-12,1308.9706673202338,1260.6116820692073,1307.46696753009,1291.6781197335797,,5113041.457249935,1067859819.0
2005-04-13,1306.1549894631896,1266.1152233011337,1300.7003184744426,1274.385572146925,,11721690.005132526,1067859819.0
2005-04-14,1281.1522212025725,1241.30417676376,1263.107823720846,1247.3189759243355,,11517273.85413943,1067859819.0
2005-04-15,1245.0634262391195,1209.613703686478,1229.274578442609,1227.0190287573932,,15540350.851708744,1067859819.0
2005-04-18,1227.966359625184,1195.441333164372,1227.0190287573932,1219.500529806674,,13395616.048342582,1067859819.0
2005-04-19,1245.411532740538,1230.026428337681,1240.5523268686882,1239.0486270785443,,19599371.265603364,1067859819.0
2005-04-20,1255.5893247701267,1242.0560266588318,1249.5745256095513,1245.8152761341917,,13899751.120924244,1067859819.0
2005-04-21,1248.0708258194074,1225.4401439777423,1225.4421739724592,1232.2819780228967,,6180226.702691187,1067859819.0
2005-04-22,1254.8374748750548,1206.6814890956975,1206.6814890956975,1252.581925189839,,4794470.187772969,1067859819.0
2005-04-25,1253.4691080660236,1239.0486270785443,1240.5523268686882,1253.333775084911,,5127828.941634468,1069221299.0
2005-04-26,1253.333775084911,1225.5153289672494,1251.830075294767,1231.530128127825,,6524183.395795203,1069221299.0
2005-04-27,1255.4765472858658,1192.4339335840846,1225.5153289672494,1201.4561323249477,,11951946.728256976,1069221299.0
2005-04-28,1201.4561323249477,1158.3676148383752,1199.9524325348038,1170.6302866269982,,16412618.750181576,1069221299.0
2005-04-29,1206.7190815904512,1170.4423241532304,1171.38213652207,1188.6746841087247,,10577553.189428937,1069221299.0
2005-05-02,,,,,,,
2005-05-03,1248.0873665170989,1183.9906592624268,1205.9672316953793,1202.2079822200194,,7442325.663596836,1069221299.0
2005-05-04,1229.650503390145,1189.4265340037969,1202.9598321150916,1206.7190815904512,,5831017.644267551,1069221299.0
2005-05-05,1236.7930773933283,1216.4931302263865,1233.033827917969,1231.530128127825,,7305488.170980894,1069221299.0
2005-05-06,1249.5745256095513,1227.2972132185698,1239.0486270785443,1245.0634262391195,,7010267.47237636,1069221299.0
2005-05-09,1281.9040710976442,1257.0930245602704,1281.9040710976442,1262.355973825774,,10763941.34394701,1069221299.0
2005-05-10,1271.7540975141735,1233.7856778130408,1263.107823720846,1240.5523268686882,,10053492.054269196,1069221299.0
2005-05-11,1248.8226757144794,1213.3955086586898,1236.7930773933283,1223.2597792820336,,9927139.924271036,1069221299.0
2005-05-12,1232.2819780228967,1202.9598321150916,1232.2819780228967,1208.974631275667,,8529875.173101692,1069221299.0
2005-05-13,1201.448613825997,1170.6302866269982,1198.4487327446598,1180.4043352629335,,13415321.799676554,1069221299.0
2005-05-16,1202.9598321150916,1167.6228870467107,1169.1265868368546,1198.4487327446598,,7720311.244104858,1069221299.0
2005-05-17,1212.7338807510268,1186.419134423509,1208.974631275667,1199.200582639732,,8533973.930643115,1069221299.0
2005-05-18,1231.7331275994943,1188.238611169583,1214.9894304362424,1226.267178862321,,11965921.96624154,1069221299.0
2005-05-19,1239.0486270785443,1188.5619066244635,1239.0486270785443,1217.244980121458,,7393119.994576954,1069221299.0
2005-05-20,1278.1448216222848,1196.945032954516,1214.2375805411705,1198.4487327446598,,6098927.011611129,1069221299.0
2005-05-23,1214.2375805411705,1197.696882849588,1214.2375805411705,1205.9672316953793,,6782941.372999041,1069221299.0
2005-05-24,1231.530128127825,1210.0347396277186,1225.5153289672494,1227.0190287573932,,9493721.129543012,1069221299.0
2005-05-25,1229.274578442609,1200.5088014571572,1227.0190287573932,1206.7190815904512,,5621493.177614441,1069221299.0
2005-05-26,1229.274578442609,1204.4635319052352,1214.2375805411705,1224.011629177106,,4145578.5228010034,1069221299.0
2005-05-27,1241.9883601682754,1210.4783310658106,1236.0412274982564,1216.4931302263865,,7156767.186698044,1069221299.0
2005-05-30,,,,,,,
2005-05-31,1242.807876553904,1106.647860556377,1221.7560794918895,1227.0190287573932,,7161575.298025431,1069221299.0
2005-06-01,1249.5745256095513,1217.9968300165303,1238.2967771834722,1248.8226757144794,,6229329.479097064,1069221299.0
2005-06-02,1266.8670731962056,1250.3263755046232,1266.8670731962056,1254.8374748750548,,5475963.074867087,1069221299.0
2005-06-03,1267.140746558012,1244.3115763440476,1266.1152233011337,1262.355973825774,,5195481.440593436,1069221299.0
2005-06-06,1281.1522212025725,1249.5745256095513,1281.1522212025725,1251.078225399695,,4066072.7947086566,1069221299.0
2005-06-07,1253.333775084911,1235.2893776031844,1251.078225399695,1248.0708258194074,,5522741.688697792,1069221299.0
2005-06-08,1260.8560332851057,1229.116689964644,1248.0708258194074,1239.0486270785443,,5006763.070993483,1069221299.0
2005-06-09,1244.3115763440476,1223.2597792820336,1242.807876553904,1229.274578442609,,4363058.404268712,1069221299.0
2005-06-10,1250.627115462652,1224.9439230469948,1242.807876553904,1241.30417676376,,4743768.33909532,1069221299.0
2005-06-13,1248.8226757144794,1228.522728547537,1248.8226757144794,1242.807876553904,,4256890.173634313,1069221299.0
2005-06-14,1253.3112195880587,1238.48473965724,1245.8152761341917,1245.8152761341917,,5027544.9580198135,1069221299.0
2005-06-15,1278.9718565068638,1255.5893247701267,1262.355973825774,1263.107823720846,,9122819.887084436,1069221299.0
2005-06-16,1313.4817666906656,1259.709462195121,1277.3929717272129,1311.9780669005218,,10511953.700744702,1069221299.0
2005-06-17,1337.540963332967,1314.4666900532095,1327.0150648019603,1324.7595151167443,,14183700.841540534,1069221299.0
2005-06-20,1327.0150648019603,1313.1058417431295,1327.0150648019603,1319.4965658512413,,3652818.531322933,1069221299.0
2005-06-21,1330.022464382248,1301.3769833800077,1330.022464382248,1305.2114178448742,,4707271.72365707,1069221299.0
2005-06-22,1310.474367110378,1288.3173507026077,1310.474367110378,1294.6855193138674,,5899138.6072455775,1069221299.0
2005-06-23,1295.4373692089391,1278.8966715173567,1293.1818195237236,1287.167020363148,,5170520.902937161,1069221299.0
2005-06-24,1284.1596207828602,1251.078225399695,1282.6559209927163,1257.8448744553425,,9122493.0517223,1069221299.0
2005-06-27,1266.1152233011337,1242.807876553904,1263.107823720846,1260.1004241405583,,6217870.873400928,1069221299.0
2005-06-28,1286.415170468076,1272.1300224617094,1272.881872356781,1277.3929717272129,,8785468.89979954,1069221299.0
2005-06-29,1285.9715790299836,1268.3707729863495,1274.385572146925,1278.1448216222848,,9883437.194348412,1069221299.0
2005-06-30,1291.3548242786983,1281.9040710976442,1284.911470677932,1284.1596207828602,,11015193.002333848,1069221299.0
2005-07-01,1303.7077180547303,1278.189932615989,1296.189219104011,1296.189219104011,,8895130.637304747,1069221299.0
2005-07-04,1320.5303594569648,1293.8810399261404,1303.7077180547303,1312.7299167955932,,4879182.282133969,1069221299.0
2005-07-05,1327.0150648019603,1308.1962619283102,1308.1985174779952,1314.2336165857373,,9787883.849975308,1069221299.0
2005-07-06,1356.3372107097657,1308.218817425162,1314.2336165857373,1349.5705616541184,,18044847.864191435,1069221299.0
2005-07-07,1348.292416832496,1296.189219104011,1337.540963332967,1337.540963332967,,10524632.491792802,1069221299.0
2005-07-08,1352.5779612344058,1327.0150648019603,1340.548362913255,1348.8187117590462,,7565354.967413304,1069221299.0
2005-07-11,1360.0964601851251,1342.3753581582798,1355.5853608146936,1354.0816610245497,,5163516.942176772,1069221299.0
2005-07-12,1350.3224115491903,1336.7891134378954,1342.8039125984708,1344.3076123886149,,4815306.547359655,1069221299.0
2005-07-13,1355.5853608146936,1342.0520627033989,1348.0668618639745,1351.0742614442624,,3773176.258679295,1069221299.0
2005-07-14,1365.3594094506288,1346.5631620738304,1360.8483100801973,1354.0816610245497,,9490506.03798069,1069221299.0
2005-07-15,1352.5779612344058,1327.0150648019603,1352.5779612344058,1327.0150648019603,,9500101.682112664,1069221299.0
2005-07-18,1335.2854136477515,1315.474168912606,1330.022464382248,1326.2632149068884,,7791840.978859805,1069221299.0
2005-07-19,1332.2780140674638,1314.9854664808097,1326.2632149068884,1323.255815326601,,10830175.13533405,1069221299.0
2005-07-20,1381.9001071422117,1344.067020422192,1351.826111339334,1381.9001071422117,,13645079.796248415,1069221299.0
2005-07-21,1415.7333524204485,1383.403806932355,1390.9223058830746,1399.9445046239375,,10518668.351684537,1069221299.0
2005-07-22,1415.552908445631,1393.9297054633623,1405.9593037845132,1414.9815025253763,,5692180.403435888,1069221299.0
2005-07-25,1423.2518513711675,1410.470403154945,1417.237052210592,1419.492601895808,,6589681.202366773,1069221299.0
2005-07-26,1415.7333524204485,1401.4482044140814,1409.7185532598728,1405.2074538894412,,3787207.1797255552,1069221299.0
2005-07-27,1416.222054852245,1400.6963545190097,1406.711153679585,1403.7037540992974,,8141984.544318875,1069221299.0
2005-07-28,1424.0037012662394,1407.4630035746568,1411.9741029450888,1415.7333524204485,,6060224.862729148,1069221299.0
2005-07-29,1445.055498328254,1415.7333524204485,1439.79254906275,1425.5074010563835,,11349413.633150306,1069221299.0
2005-08-01,1430.770350321887,1405.2074538894412,1427.7629507415993,1410.470403154945,,6661127.412529173,1069221299.0
2005-08-02,1445.055498328254,1406.8088941659444,1416.4852023155202,1439.79254906275,,8917913.48304814,1069221299.0
2005-08-03,1496.1812911931452,1439.79254906275,1458.5887964395483,1493.1738916128572,,13222361.833376912,1069221299.0
2005-08-04,1500.6923905635767,1439.4166241152143,1484.9035427670665,1487.1590924522816,,11631932.541181255,1069221299.0
2005-08-05,1503.6997901438642,1475.881344026203,1478.136893711419,1498.4368408783607,,7247350.212564036,1069221299.0
2005-08-08,1520.2404878354469,1493.1738916128572,1496.9331410882169,1518.7367880453028,,7283781.460929859,1069221299.0
2005-08-09,1555.5774329038277,1517.984938150231,1518.7367880453028,1539.788585107317,,11914801.284099825,1069221299.0
2005-08-10,1543.9237595302127,1505.2034899340083,1516.4812383600874,1527.758986786166,,9266534.237819936,1069221299.0
2005-08-11,1554.7804720150516,1526.2327314991703,1537.5330354221014,1544.2996844777483,,10068666.899082923,1069221299.0
2005-08-12,1560.8403821693312,1523.1426284304243,1551.2030950293097,1556.3292827988998,,7425074.808982889,1069221299.0
2005-08-15,1563.847781749619,1549.5626337432525,1550.314483638324,1560.088532274259,,5333281.281775661,1069221299.0
2005-08-16,1558.2465000313332,1524.3079957677862,1552.5700333235395,1532.2700861565977,,10656939.077888498,1069221299.0
2005-08-17,1529.26268657631,1491.6701918227134,1512.7219888847278,1492.4220417177853,,13430749.639270602,1069221299.0
2005-08-18,1498.376692886755,1476.633193921275,1487.1590924522816,1487.1590924522816,,7110639.822588924,1069221299.0
2005-08-19,1518.7367880453028,1495.429441298073,1503.6997901438642,1496.9331410882169,,6864468.638331252,1069221299.0
2005-08-22,1543.5478345826768,1515.7293884650153,1526.2552869960225,1540.5404350023891,,4496418.126531284,1069221299.0
2005-08-23,1541.2922848974613,1529.2250940815563,1533.0219360516696,1530.766386366454,,6353928.803153114,1069221299.0
2005-08-24,1542.0824791371815,1474.3776442360588,1530.766386366454,1478.8887436064906,,11776321.141163826,1069221299.0
2005-08-25,1479.6405935015623,1448.2433418833589,1458.5887964395483,1474.3776442360588,,8838470.701025538,1069221299.0
2005-08-26,1500.1811326349275,1454.829546964189,1484.9035427670665,1462.3480459149082,,4891441.029216661,1069221299.0
2005-08-29,,,,,,,
2005-08-30,1475.881344026203,1460.0924962296924,1465.355445495196,1460.8443461247643,,4439924.0289358245,1069221299.0
2005-08-31,1478.8887436064906,1451.8221473839012,1458.5887964395483,1472.8739444459152,,6991336.441900778,1069221299.0
2005-09-01,1510.4664391995116,1470.2650253100155,1492.4220417177853,1505.2034899340083,,6713833.851427908,1069221299.0
2005-09-02,1505.233563929811,1481.1442932917062,1503.6997901438642,1496.1812911931452,,6062401.34414069,1069221299.0
2005-09-05,1496.2880538782454,1460.0924962296924,1487.9109423473535,1463.09989580998,,4967217.202676661,1069221299.0
2005-09-06,1472.8739444459152,1445.8073482233256,1451.070297488829,1469.114694970555,,6377051.799773394,1069221299.0
2005-09-07,1484.151692871994,1461.5961960198365,1481.1442932917062,1466.8591452853398,,3969680.572906075,1069221299.0
2005-09-08,1469.8665448656277,1452.573997278973,1462.3480459149082,1455.5813968592606,,5316466.207644559,1069221299.0
2005-09-09,1473.625794340987,1456.3332467543323,1468.3628450754836,1467.6109951804117,,3799680.1855456457,1069221299.0
2005-09-12,1493.1738916128572,1473.625794340987,1481.896143186778,1490.1664920325695,,4529135.556782197,1069221299.0
2005-09-13,1502.1908274044547,1472.122094550843,1499.9405406685048,1484.9035427670665,,6849698.100965496,1069221299.0
2005-09-14,1508.962739409368,1478.136893711419,1489.4146421374974,1508.962739409368,,7500784.4048691215,1069221299.0
2005-09-15,1556.3292827988998,1510.744623660688,1533.7737859467416,1556.3292827988998,,11432267.607952513,1069221299.0
2005-09-16,1618.73282408987,1545.735717777336,1575.1255301756978,1615.7254245095824,,19110984.815471176,1069221299.0
2005-09-19,1639.0327712568126,1538.9765872206394,1587.1433996384858,1621.7402236701575,,11652749.532746485,1069221299.0
2005-09-20,1651.8142194730349,1558.6675359725734,1627.0031729356613,1618.73282408987,,10741479.281059043,1069221299.0
2005-09-21,1631.0105328763946,1506.9928926842797,1620.905670286628,1623.9957733553736,,8204384.677958224,1069221299.0
2005-09-22,1649.5586697878196,1621.7402236701575,1627.0031729356613,1625.4994731455172,,6387448.795793266,1069221299.0
2005-09-23,1652.5660693681073,1614.9735746145102,1625.4994731455172,1630.7624224110211,,7398608.407658116,1069221299.0
2005-09-26,1703.6918622329983,1665.3475175843298,1669.1067670596897,1703.6918622329983,,12589689.67587616,1069221299.0
2005-09-27,1730.1727673873268,1686.0233896988082,1714.217760764005,1702.188162442855,,10988945.701751838,1069221299.0
2005-09-28,1767.5991033141129,1690.9104140167758,1710.458511288646,1763.8398538387528,,11916698.13970154,1069221299.0
2005-09-29,1794.6656995367025,1715.7214605541492,1778.8768517401918,1742.7880567767388,,15391697.655501002,1069221299.0
2005-09-30,1775.2777462924823,1720.9844098196531,1773.50526016485,1742.7880567767388,,7027111.598539651,1069221299.0
2005-10-03,1753.810176238493,1717.653714784484,1733.7057100442696,1735.2695578260193,,7525011.378712608,1069221299.0
2005-10-04,1752.5621054126736,1721.7362597147248,1735.2695578260193,1734.5177079309476,,7439552.405024066,1069221299.0
2005-10-05,1734.5177079309476,1662.3777104987958,1699.1807628625668,1664.595667689258,,11477341.835894754,1069221299.0
2005-10-06,1713.2253189025105,1619.484673984942,1648.054969997675,1706.6992618132858,,18997416.790137805,1069221299.0
2005-10-07,1709.6871132963026,1657.8290186336103,1683.3919150660563,1679.6326655906964,,10154515.654203346,1069221299.0
2005-10-10,1717.977010239365,1693.1659637019914,1693.1659637019914,1717.2251603442933,,6357659.568286802,1069221299.0
2005-10-11,1737.525107511235,1702.4137174113764,1714.217760764005,1710.458511288646,,8750637.934206832,1069221299.0
2005-10-12,1729.3885879467664,1686.8504245833867,1705.1955620231422,1705.1955620231422,,10236473.858013036,1069221299.0
2005-10-13,1695.4215133872071,1623.9957733553736,1686.66998060857,1630.010572515949,,14949169.838180184,1069221299.0
2005-10-14,1657.0771687385386,1618.73282408987,1642.7920207321715,1627.0031729356613,,11769207.024781384,1069221299.0
2005-10-17,1652.5660693681073,1627.6196898496207,1642.0401708370996,1649.5586697878196,,8865992.659519868,1069221299.0
2005-10-18,1705.947411918214,1663.8438177941862,1691.6622639118475,1667.6030672695456,,8030822.995651879,1069221299.0
2005-10-19,1699.255947852074,1598.2373959502088,1646.5512702075316,1604.4476760835032,,19532211.44069028,1069221299.0
2005-10-20,1669.4977290051274,1593.1699276574243,1641.288320942028,1601.4402765032155,,14706931.572780184,1069221299.0
2005-10-21,1618.73282408987,1552.5700333235395,1593.9217775524962,1558.5848324841154,,16408986.035656529,1070000854.0
2005-10-24,1596.9291771327842,1554.8255830087558,1569.8625809101943,1595.42547734264,,12196758.51950844,1069800854.0
2005-10-25,1616.64268138157,1591.666227867281,1602.9439762933594,1599.936576713072,,11186102.476201544,1069800854.0
2005-10-26,1636.0253716765244,1541.2922848974613,1607.4550756637911,1606.7032257687188,,13566797.885012057,1069800854.0
2005-10-27,1619.0771713418126,1557.0811326939715,1596.9291771327842,1585.651428706705,,13223158.343259444,1069650854.0
2005-10-28,1607.831000611327,1566.712329849843,1578.1329297559855,1590.9143779722085,,18340855.388667773,1069400854.0
2005-10-31,1626.251323040589,1589.380604186262,1589.380604186262,1619.484673984942,,8871269.234866314,1069251268.0
2005-11-01,1651.0623695779632,1619.484673984942,1619.484673984942,1636.0253716765244,,6482251.6293348055,1069208524.0
2005-11-02,1649.5586697878196,1612.7180249292946,1642.0401708370996,1648.054969997675,,5972188.731685115,1069108524.0
2005-11-03,1696.925213177351,1663.091967899114,1672.1141666399776,1696.925213177351,,8251303.709944511,1068958524.0
2005-11-04,1699.9326127576387,1665.3475175843298,1686.3993146463436,1670.6104668498333,,6732026.476085336,1069558524.0
2005-11-07,1705.947411918214,1656.325318843467,1676.6252660104087,1694.669663492135,,6287685.327755343,1068858524.0
2005-11-08,1726.2473590851562,1687.1511645414162,1695.0079959449176,1698.4289129674949,,6829063.895102796,1068714968.0
2005-11-09,1710.458511288646,1695.4215133872071,1697.6770630724222,1705.1955620231422,,4668752.360477616,1068634968.0
2005-11-10,1735.2695578260193,1699.1807628625668,1705.1955620231422,1708.2029616034297,,6288150.160270378,1068534968.0
2005-11-11,1760.8324542584653,1721.7362597147248,1727.7510588752996,1756.3213548880335,,5137164.327978076,1068468174.0
2005-11-14,1784.891650900767,1730.0066085605158,1782.6361012155514,1736.0214077210917,,7932288.186475311,1068398174.0
2005-11-15,1775.117602264832,1724.7436592950128,1734.5177079309476,1762.3361540486092,,6056425.09901901,1068298174.0
2005-11-16,1768.3509532091844,1709.706661393574,1759.328754468321,1736.7732576161632,,8013294.93623079,1068298174.0
2005-11-17,1790.154600166271,1744.291756566883,1744.291756566883,1789.4027502711983,,7547803.908466731,1068298174.0
2005-11-18,1860.828490303032,1808.1989976479963,1813.4619469135005,1814.9656467036443,,10730629.55753755,1068298174.0
2005-11-21,1833.2092844075648,1805.943447962781,1826.2433951297232,1814.9656467036443,,5466752.3701616265,1068298174.0
2005-11-22,1823.987845444508,1769.8546529993282,1802.184198487421,1775.117602264832,,9335168.453366648,1068298174.0
2005-11-23,1795.882192666928,1752.5621054126736,1775.117602264832,1792.4101498514865,,7179474.98135828,1069800854.0
2005-11-24,1814.9656467036443,1788.6509003761266,1795.417549431774,1789.4027502711983,,4773196.837202096,1069800854.0
2005-11-25,1800.6804986972777,1780.3805515303354,1800.6804986972777,1793.161999746558,,4112582.677241607,1069800854.0
2005-11-28,1818.7444442762755,1769.4561725549397,1800.6804986972777,1774.3657523697602,,4629825.058346165,1069800854.0
2005-11-29,1804.439748172637,1710.0299568484545,1786.3953506909108,1789.4027502711983,,9173203.37390934,1069800854.0
2005-11-30,1815.22879416692,1757.073204783106,1782.6361012155514,1759.328754468321,,10575350.076987889,1069800854.0
2005-12-01,1809.7026974381408,1748.0510060422423,1759.328754468321,1805.943447962781,,8699012.47300582,1069800854.0
2005-12-02,1883.872689586987,1748.2991165076155,1821.732295759292,1883.38398715519,,12253414.824283626,1069800854.0
2005-12-05,1883.38398715519,1849.5507418769523,1879.6247376798297,1855.5655410375289,,5849938.990732403,1069800854.0
2005-12-06,1887.377061947917,1845.7914924015936,1854.8136911424565,1880.3765875749025,,6424735.868607343,1069800854.0
2005-12-07,1911.954283167924,1862.121672122556,1879.6247376798297,1872.1062387291115,,5250898.191995197,1069800854.0
2005-12-08,1868.3981150466168,1834.5137439755144,1856.3173909326008,1867.5951393586795,,6150349.108586812,1070800854.0
2005-12-09,1886.1192170734616,1843.3028692489056,1863.83588988332,1872.8580886241823,,5466703.950107977,1070800854.0
2005-12-12,1886.3913867354784,1869.850689043896,1873.609938519256,1872.1062387291115,,3326397.160648054,1070800854.0
2005-12-13,1872.1062387291115,1853.761101289356,1859.3247905128885,1860.0766404079604,,6982097.895664468,1070800854.0
2005-12-14,1878.8728877847584,1852.558141457241,1853.3099913523129,1869.850689043896,,6440547.437126561,1070800854.0
2005-12-15,1864.550147283638,1838.272993450874,1852.558141457241,1845.7914924015936,,10190823.431432365,1068532865.0
2005-12-16,1873.609938519256,1833.7618940804423,1839.776693241018,1871.354388834039,,11696056.428730523,1068382865.0
2005-12-19,1905.9394840073485,1861.039008273652,1861.5803401981043,1899.1728349517,,11624432.274870962,1068282865.0
2005-12-20,1936.7653297052973,1895.4135854763408,1899.1728349517,1927.743130964434,,12034133.716820158,1068260385.0
2005-12-21,1995.6652504852325,1936.6675892189376,1936.7653297052973,1970.5985749835345,,5959870.670036702,1068260385.0
2005-12-22,1979.6207737243976,1957.817126767312,1973.6059745638213,1970.5985749835345,,6371085.238662445,1068260385.0
2005-12-23,1984.883722989901,1971.5007948576208,1981.1244735145413,1981.1244735145413,,1343190.445755014,1068260385.0
2005-12-26,,,,,,,
2005-12-27,,,,,,,
2005-12-28,1988.6429724652603,1972.1022747736783,1984.883722989901,1984.883722989901,,3674675.343540281,1068260385.0
2005-12-29,2014.1908318998053,1950.8023672462905,1984.883722989901,1997.665171206124,,2777270.174215353,1068260385.0
2005-12-30,2002.928120471628,1981.274843493556,1985.6355728849728,1996.16147141598,,1123261.720073986,1068260385.0
2006-01-02,,,,,,,
2006-01-03,2034.5058160646483,1988.883564431684,2012.7021691075624,2032.250266379432,,16632937.257294482,1068260385.0
2006-01-04,2068.577397759623,2034.5058160646483,2045.031714595656,2044.279864700584,,13080017.77015969,1068272633.0
2006-01-05,2047.287264280872,1989.409859358234,2039.768765330152,1993.154071835692,,12185527.488064457,1068132633.0
2006-01-06,2039.4680253721235,1982.6281733046849,2007.4392198420587,2009.6947695272747,,9064654.087136729,1067994621.0
2006-01-09,2044.279864700584,2021.7243678484256,2037.513215644936,2029.9947166942163,,14168824.99055809,1067991592.0
2006-01-10,2053.271989445644,1956.313426977168,2021.7243678484256,1980.372623619469,,21999995.157994635,1067991592.0
2006-01-11,2047.287264280872,1996.913321311052,1996.913321311052,2044.279864700584,,18582586.4540058,1067591592.0
2006-01-12,2120.968553997921,2034.2802610961269,2061.572412287238,2090.142708299971,,22303575.578861743,1067451592.0
2006-01-13,2094.6538076704032,2071.3464609231733,2088.639008509828,2088.639008509828,,10876957.380668778,1067386897.0
2006-01-16,2109.6908055718413,2074.925266423716,2086.383458824612,2105.17970620141,,6458807.849859098,1067246897.0
2006-01-17,2128.562237938147,2092.3982579851872,2105.160158104138,2121.720403892992,,8583942.215507975,1067056395.0
2006-01-18,2115.705604732417,2053.302063441447,2074.714748453096,2095.405657565475,,12409068.349747732,1067031395.0
2006-01-19,2187.1313447642506,2077.248482599488,2119.464854207777,2172.846196757884,,10592099.78404656,1066731395.0
2006-01-20,2221.71643993756,2096.39809942697,2190.1387443445383,2160.064748541661,,16332798.291740509,1066731395.0
2006-01-23,2153.2980994860136,2120.968553997921,2134.501852109215,2151.7943996958697,,10040528.795405906,1066731395.0
2006-01-24,2180.364695708603,2132.998152319072,2165.3276978071644,2138.261101584575,,11702259.037603015,1066731395.0
2006-01-25,2224.7238395178474,2158.5610487515173,2158.5610487515173,2222.4682898326314,,8638345.777287122,1066731395.0
2006-01-26,2243.520086894646,2189.386894449466,2214.949790881912,2202.9201925607613,,14229260.480520612,1066731395.0
2006-01-27,2258.5570847960844,2184.123945183963,2192.5221085119165,2205.175742245977,,20664200.87543457,1066731395.0
2006-01-30,2291.826442653017,2190.913149736463,2263.0681841665155,2220.212740147416,,17856263.86024036,1066731395.0
2006-01-31,2281.496776944624,2146.56904292512,2206.6794420361207,2155.5536491712296,,17397452.378877237,1066731395.0
2006-02-01,2212.694241196697,2154.478503821277,2170.5906470726686,2193.1461439248264,,12657407.541907556,1066731395.0
2006-02-02,2251.775398742536,2142.7722009550066,2232.994188363639,2154.0499493810853,,17639436.438995574,1066731395.0
2006-02-03,2231.791228531524,2118.5024863420845,2137.8926951359904,2157.809198856445,,14671035.366007186,1066731395.0
2006-02-06,2190.8905942396104,2162.320298226877,2176.605446233244,2175.1017464431,,7591961.78689366,1066939751.0
2006-02-07,2201.078160317835,2125.479653368352,2190.8905942396104,2146.531450430366,,13329873.720500084,1067939751.0
2006-02-08,2165.3276978071644,2045.031714595656,2067.587211447814,2090.894558195044,,21349265.95198668,1066506484.0
2006-02-09,2157.057348961373,2091.202816652022,2122.472253788065,2132.246302424,,11391165.03491086,1065506484.0
2006-02-10,2167.959924289812,2054.0539133365182,2146.531450430366,2067.587211447814,,16259394.70090933,1065506484.0
2006-02-13,2150.33581089943,2029.9947166942163,2047.287264280872,2055.557613126663,,13954113.525657788,1065225530.0
2006-02-14,2096.157507460546,2052.550213546376,2060.068712497094,2075.105710398533,,11914478.080241714,1064725530.0
2006-02-15,2113.4425365482502,2059.1213816293034,2081.1205095591085,2090.894558195044,,19556241.102815144,1064431245.0
2006-02-16,2116.3973066358835,2051.572808682781,2090.142708299971,2114.201904942274,,13277899.634912796,1064431245.0
2006-02-17,2215.7016407769843,2087.1353087196835,2109.6908055718413,2155.5536491712296,,14541297.463757591,1064294120.0
2006-02-20,2220.212740147416,2133.674817224636,2163.072148121949,2214.19794098684,,8150272.847002315,1064479399.0
2006-02-21,2232.994188363639,2186.1238659048536,2186.1464214017064,2202.1683426656896,,10210285.871996747,1064496287.0
2006-02-22,2210.6191354862976,2126.735242693123,2151.042549800798,2161.5684483318046,,7508905.65836747,1064246287.0
2006-02-23,2174.349896548028,2114.201904942274,2160.064748541661,2121.720403892992,,10811048.003641188,1064121287.0
2006-02-24,2151.7943996958697,2048.445113119282,2110.442655466913,2090.142708299971,,10158515.150634788,1063871287.0
2006-02-27,2148.2155941953274,2073.602010608389,2101.420456726051,2077.3612600837487,,8357149.9472221425,1063771287.0
2006-02-28,2056.3094630217342,2007.4392198420587,2056.3094630217342,2014.9577187927785,,12777130.966561113,1063421287.0
2006-03-01,2094.8342516452203,2014.9577187927785,2014.9577187927785,2029.9947166942163,,11950452.969601892,1063278186.0
2006-03-02,2113.6304990220187,2006.687369946987,2036.009515854792,2031.4984164843604,,15372512.41974376,1063078186.0
2006-03-03,2061.572412287238,2020.9725179533527,2050.294663861159,2038.265065540008,,9139786.273883192,1063078186.0
2006-03-06,2056.3816406116616,2017.1907129811416,2040.520615225224,2021.7243678484256,,7674326.719154005,1062836860.0
2006-03-07,2039.949209304969,1956.313426977168,1998.4170211011951,1977.3652240391807,,12584350.154459972,1062113146.0
2006-03-08,1977.3652240391807,1917.217232433427,1977.3652240391807,1945.7875284461609,,26791960.818492588,1061627491.0
2006-03-09,1993.905921730764,1920.2246320137149,1984.883722989901,1972.1022747736783,,13462164.570078343,1061527491.0
2006-03-10,2011.1984693174188,1931.502380439794,1954.809727187024,2005.9355200519149,,29049389.66522375,1061413991.0
2006-03-13,2048.790964071015,1987.139272675117,2032.250266379432,2002.928120471628,,13439583.878058938,1061413991.0
2006-03-14,2010.4466194223464,1981.1244735145413,1992.4022219406204,2000.672570786412,,13857367.837463563,1061379954.0
2006-03-15,2078.1131099788204,1997.665171206124,2016.461418582922,2075.105710398533,,21755134.946689524,1061414299.0
2006-03-16,2084.8797590344675,2050.294663861159,2078.8649598738925,2075.105710398533,,17918749.939474933,1061423262.0
2006-03-17,2105.17970620141,2049.542813966087,2074.3538605034605,2052.550213546376,,17099667.838431966,1061423262.0
2006-03-20,2098.4130571457627,2033.806595662232,2072.8501607133167,2060.068712497094,,8601673.639154393,1061070483.0
2006-03-21,2064.489589880117,2023.6866960745635,2053.302063441447,2038.265065540008,,4677263.3954078425,1060874045.0
2006-03-22,2065.3316617625974,2024.731767428713,2029.9947166942163,2061.572412287238,,5652471.117437999,1060874045.0
2006-03-23,2099.164907040835,2072.8501607133167,2083.376059244324,2084.8797590344675,,11162448.06949246,1060939153.0
2006-03-24,2146.531450430366,2091.6464080901155,2092.3982579851872,2141.2685011648628,,10874990.31598927,1060559153.0
2006-03-27,2176.605446233244,2117.9611544176328,2172.846196757884,2122.472253788065,,7881195.345864444,1060463017.0
2006-03-28,2162.320298226877,2090.473522253803,2140.516651269791,2123.2241036831365,,14342247.465210192,1060490084.0
2006-03-29,2143.5240508500783,2084.8797590344675,2107.435255886626,2128.48705294864,,6156364.089751412,1060292077.0
2006-03-30,2256.3015351108684,2049.2646295049103,2179.612845813532,2241.26453720943,,10991025.34305608,1060299388.0
2006-03-31,2279.6088818580984,2178.86099591846,2255.5496852157967,2196.9053934001863,,13205624.231331648,1060118746.0
2006-04-03,2299.156979129969,2225.475689412919,2245.7756365798614,2295.397729654609,,11028863.19398042,1060123892.0
2006-04-04,2311.938427346192,2212.4762047271256,2265.323733851732,2288.631080598962,,11338763.642350117,1060123892.0
2006-04-05,2365.319769896299,2251.0385858453647,2308.179177870832,2357.049421050508,,10585851.176123103,1060056913.0
2006-04-06,2398.401165279464,2334.4939241983498,2379.6049179026654,2369.8308692667306,,9190416.702981709,1060182395.0
2006-04-07,2397.6493153843912,2302.9162286053283,2375.845668427306,2304.419928395472,,16288101.740216728,1060227822.0
2006-04-10,2346.2754120541263,2288.631080598962,2326.2235753525583,2342.012423149069,,13279170.661321094,1060088938.0
2006-04-11,2435.9936600330607,2324.795060551921,2398.401165279464,2352.538321680076,,19842973.766014934,1060125035.0
2006-04-12,2392.386366118888,2290.134780389106,2319.4569262969108,2324.719875562414,,9817289.3485566,1060125035.0
2006-04-13,2351.786471785004,2281.1125816482418,2338.253173673709,2300.660678920113,,9043937.567182826,1060125035.0
2006-04-14,,,,,,,
2006-04-17,,,,,,,
2006-04-18,2399.1680521724365,2327.1633877213976,2327.165643271084,2388.627116643528,,10381976.11922954,1060144474.0
2006-04-19,2421.708512026694,2364.5679200012264,2405.919664230183,2400.6567149646794,,7591289.958649275,1060144474.0
2006-04-20,2400.6567149646794,2297.6532793398246,2354.04202147022,2311.938427346192,,16874152.649061136,1059990752.0
2006-04-21,2387.1234168533847,2278.1051820679545,2297.6532793398246,2377.3493682174494,,9066972.197205195,1060002562.0
2006-04-24,2412.68631328583,2343.516122939213,2373.59011874209,2352.538321680076,,7045424.062829862,1059938217.0
2006-04-25,2387.8752667484564,2320.208776191983,2366.0716197913703,2354.04202147022,,9178528.369309437,1059751760.0
2006-04-26,2390.130816433673,2341.2605732539964,2383.364167378025,2352.538321680076,,5265536.784714757,1059851760.0
2006-04-27,2357.756159951875,2239.760837419286,2353.290171575148,2278.1051820679545,,18477663.829251524,1058854425.0
2006-04-28,2308.5280362221447,2241.26453720943,2281.8644315433144,2267.5792835369475,,8052010.400627525,1058759494.0
2006-05-01,,,,,,,
2006-05-02,2380.3567677977376,2301.4125288151845,2309.6828776609755,2369.079019371658,,10063450.84880354,1058759494.0
2006-05-03,2415.693712866118,2308.179177870832,2405.919664230183,2308.179177870832,,15616597.910190484,1058766582.0
2006-05-04,2405.167814335111,2287.1273808088176,2308.179177870832,2398.401165279464,,8735840.765811568,1058789458.0
2006-05-05,2517.437048066832,2354.793871365291,2394.641915804104,2451.030657934499,,12197927.863804074,1058742070.0
2006-05-08,2515.689748910685,2401.0326399122155,2481.1046537373763,2411.9344633907585,,19382862.206211325,1058592070.0
2006-05-09,2454.789907409858,2381.1086176928093,2409.678913705543,2447.27140845914,,14122844.09711126,1058592070.0
2006-05-10,2479.6009539472325,2394.927618764232,2458.549156885218,2466.819505731009,,9108747.808992572,1058542070.0
2006-05-11,2546.5155946086343,2459.496487753009,2466.819505731009,2497.6453514289587,,10027293.173740838,1058485483.0
2006-05-12,2518.912177560964,2380.3567677977376,2480.352803842304,2392.386366118888,,18346583.481014498,1058261483.0
2006-05-15,2368.327169476587,2214.19794098684,2368.327169476587,2276.601482277811,,18907026.23398507,1058261483.0
2006-05-16,2310.888844892671,2181.868395498747,2284.1199812285304,2230.738638678424,,20548134.37533289,1056776381.0
2006-05-17,2331.4865246180616,2108.187105781697,2230.738638678424,2117.209304522561,,22153081.210113984,1056776381.0
2006-05-18,2169.838797177596,2046.5880438784543,2169.838797177596,2115.705604732417,,20101662.74464232,1056026381.0
2006-05-19,2187.1313447642506,2068.339061342885,2105.17970620141,2076.6094101886765,,17215133.929868396,1055776381.0
2006-05-22,2143.185718397297,1964.5837758229588,2139.276098942922,1999.92072089134,,22963715.22229647,1055428578.0
2006-05-23,2190.1387443445383,2019.46881816321,2034.5058160646483,2150.290699905725,,18381818.75405518,1054980834.0
2006-05-24,2185.221646030768,2025.0851368793967,2120.2167041028483,2131.4944525289275,,19546590.986122813,1054884437.0
2006-05-25,2213.7543495487475,2106.134555568151,2131.4944525289275,2198.4090931903297,,12724132.79683914,1054655511.0
2006-05-26,2294.645879759537,2035.4080359387349,2239.008987524214,2276.601482277811,,12424120.933925996,1054555511.0
2006-05-29,,,,,,,
2006-05-30,2289.3829304940336,2200.6646428755457,2285.623681018674,2204.4238923509056,,13025991.88479901,1054275511.0
2006-05-31,2251.0633968919024,2124.727803473281,2188.6350445543944,2227.7312390981347,,10501542.178708734,1054159673.0
2006-06-01,2220.964590042488,2133.750002214143,2220.964590042488,2158.5610487515173,,12516989.38632424,1053821500.0
2006-06-02,2195.401693610042,2060.068712497094,2184.8757950790355,2163.823998017021,,9603263.027415436,1053521500.0
2006-06-05,2206.6794420361207,2151.042549800798,2202.1683426656896,2158.5610487515173,,5646149.879434067,1053324208.0
2006-06-06,2106.344321688877,2064.5798118675257,2100.668606830978,2075.105710398533,,9720402.031705452,1052927435.0
2006-06-07,2105.17970620141,2020.2206680582813,2105.17970620141,2085.63160892954,,13316974.618207878,1052527435.0
2006-06-08,2083.5489847201907,1933.7579301250096,1999.92072089134,1939.7727292855848,,33115792.926798563,1051577435.0
2006-06-09,2039.01691543508,1939.7727292855848,2014.9577187927785,1996.913321311052,,12348192.237297,1051438530.0
2006-06-12,2038.265065540008,1955.388651606229,1959.3208265574551,1981.1244735145413,,10516844.126163293,1051188530.0
2006-06-13,1930.7505305447216,1883.38398715519,1920.9764819087864,1914.961682748212,,18662641.74970705,1050488530.0
2006-06-14,2000.0786093693048,1879.6247376798297,2000.0786093693048,1943.5319787609444,,14733176.45235951,1050288530.0
2006-06-15,2084.127909139396,1914.4955358132668,1981.31995448726,2065.3316617625974,,14543130.162788222,1050188530.0
2006-06-16,2138.261101584575,2023.2280676385687,2109.6908055718413,2042.7761649104395,,18593637.12074993,1049612111.0
2006-06-19,2096.9093573556183,2017.213268477994,2051.0465137562305,2020.9725179533527,,13924039.830336131,1049702111.0
2006-06-20,2082.473839370238,1988.6429724652603,1996.16147141598,2080.3686596640364,,8165947.628869973,1049702111.0
2006-06-21,2105.17970620141,2045.783564490728,2085.63160892954,2102.9241565161947,,9834848.88101256,1049632111.0
2006-06-22,2167.58324749238,2073.0832341807886,2135.253702004288,2104.427856306338,,13172203.49980148,1049232111.0
2006-06-23,2122.472253788065,2067.587211447814,2112.69820515213,2105.931556096482,,5707040.517900894,1049072111.0
2006-06-26,2156.3054990663013,2108.9389556767696,2131.4944525289275,2112.69820515213,,10262285.3781122,1049072111.0
2006-06-27,2157.057348961373,2063.827961972453,2154.0499493810853,2067.587211447814,,26216791.106204547,1048622111.0
2006-06-28,2109.532917093876,2026.235467218857,2057.0613129168064,2048.039114175944,,11006178.398845669,1048422111.0
2006-06-29,2135.253702004288,2048.039114175944,2078.8649598738925,2131.4944525289275,,9694348.41133804,1048422111.0
2006-06-30,2199.160943085402,2131.4944525289275,2184.123945183963,2149.538850010654,,12503560.084444577,1048422111.0
2006-07-03,2184.123945183963,2144.275900745151,2169.838797177596,2181.116545603676,,7294798.2336364435,1048422111.0
2006-07-04,2183.3720952888907,2112.69820515213,2180.6619019721256,2178.86099591846,,3599196.9534102245,1048253015.0
2006-07-05,2165.3276978071644,2108.9389556767696,2160.8165984367333,2117.9611544176328,,7052283.973930644,1048078015.0
2006-07-06,2160.8165984367333,2108.9389556767696,2136.757401794431,2141.2685011648628,,8272183.647579482,1047418015.0
2006-07-07,2183.8983902154414,2122.712845754488,2172.846196757884,2150.290699905725,,10481553.170060912,1047418015.0
2006-07-10,2171.1470159950213,2120.2167041028483,2160.8165984367333,2129.990752738784,,5169523.449831983,1047248015.0
2006-07-11,2159.312898646589,2110.5855069469776,2123.9759535782086,2150.290699905725,,9115997.501525233,1046848015.0
2006-07-12,2190.1387443445383,2150.290699905725,2167.58324749238,2169.0869472825248,,8420537.849955939,1046748015.0
2006-07-13,2154.0499493810853,2107.435255886626,2154.0499493810853,2112.69820515213,,7744325.169712288,1046413015.0
2006-07-14,2171.822177200796,2029.9947166942163,2079.6168097689647,2048.790964071015,,10507398.584197631,1046213015.0
2006-07-17,2077.3612600837487,2002.928120471628,2077.3612600837487,2011.950319212491,,8814445.880906036,1046213015.0
2006-07-18,2026.235467218857,1973.37290109635,2004.4318202617712,1996.913321311052,,9187575.656333828,1045863015.0
2006-07-19,2093.1501078802594,1985.6355728849728,2011.1984693174188,2090.142708299971,,15366272.285329694,1045738015.0
2006-07-20,2113.4500550472017,2036.009515854792,2104.427856306338,2049.542813966087,,7547450.44207509,1045538015.0
2006-07-21,2042.7761649104395,1969.0948751933904,2031.4984164843604,1972.1022747736783,,9904150.082798293,1045538015.0
2006-07-24,2091.263716493524,1969.8467250884623,1969.8467250884623,2011.1984693174188,,8295888.895344896,1045105195.0
2006-07-25,2068.339061342885,2004.41678326387,2040.520615225224,2048.790964071015,,10232642.621268025,1044905195.0
2006-07-26,2069.0909112379577,1997.8907261746456,2054.0539133365182,2052.550213546376,,7849791.309568771,1044705195.0
2006-07-27,2110.442655466913,2069.8427611330294,2086.383458824612,2101.420456726051,,8552740.332936289,1044705195.0
2006-07-28,2127.162293433523,2069.0909112379577,2084.127909139396,2097.661207250691,,12486401.22793256,1044605195.0
2006-07-31,2125.479653368352,2072.098310818245,2108.9389556767696,2078.8649598738925,,8163641.62381492,1044405195.0
2006-08-01,2102.1723066211225,2053.4674704183626,2075.105710398533,2056.3094630217342,,11916395.51436623,1043840201.0
2006-08-02,2110.442655466913,2057.0613129168064,2077.3612600837487,2110.442655466913,,12114841.472744351,1043840201.0
2006-08-03,2178.86099591846,2072.8501607133167,2135.7574414339856,2086.383458824612,,10383847.554303093,1043640201.0
2006-08-04,2139.012951479648,2058.595086702753,2073.602010608389,2109.6908055718413,,14751849.646049408,1043005804.0
2006-08-07,2087.887158614756,2036.7613657498644,2075.105710398533,2080.3686596640364,,8568398.16778517,1042855804.0
2006-08-08,2106.683405991554,2041.272465120296,2102.1723066211225,2067.587211447814,,13387152.222964665,1042855804.0
2006-08-09,2055.148606783743,1996.16147141598,2049.542813966087,2046.5354143857992,,10245292.360283935,1042857597.0
2006-08-10,2049.542813966087,1999.92072089134,2026.235467218857,2035.2576659597205,,9206024.907275598,1042857597.0
2006-08-11,2045.031714595656,2007.4392198420587,2045.031714595656,2017.213268477994,,8647891.790864104,1042857597.0
2006-08-14,2049.542813966087,2014.078054415544,2029.9947166942163,2038.265065540008,,5808819.470671974,1042857597.0
2006-08-15,2036.7613657498644,1997.078728287968,2012.7021691075624,2026.235467218857,,6582933.867890726,1042857597.0
2006-08-16,2123.2241036831365,2032.250266379432,2039.01691543508,2101.420456726051,,12635866.670540271,1042610063.0
2006-08-17,2136.0055518993595,2067.587211447814,2102.9241565161947,2091.6464080901155,,12235155.62205243,1042610063.0
2006-08-18,2116.4574546274894,2042.7761649104395,2082.6961613842104,2046.5354143857992,,10761095.455293763,1042417069.0
2006-08-21,2074.3538605034605,2032.250266379432,2067.587211447814,2072.098310818245,,7454672.777277438,1042417069.0
2006-08-22,2103.975242669505,2052.550213546376,2102.9241565161947,2062.3242621823097,,5978966.328694693,1042417069.0
2006-08-23,2093.901957775331,2046.5354143857992,2051.798363651303,2051.798363651303,,7561017.741107658,1042417069.0
2006-08-24,2063.076112077382,1974.3578244588928,2029.9947166942163,1984.883722989901,,17041379.777848795,1042167069.0
2006-08-25,2021.814589835834,1977.3652240391807,1999.92072089134,1993.905921730764,,13681180.57774808,1042167069.0
2006-08-28,,,,,,,
2006-08-29,2026.987317113929,1974.3578244588928,2017.9651183730664,1984.883722989901,,11813040.488848863,1041669456.0
2006-08-30,2021.8371453326863,1976.6133741441097,1996.16147141598,2014.205868897706,,9852924.08703989,1041669456.0
2006-08-31,2029.9947166942163,1987.139272675117,2022.4762177434973,1997.665171206124,,9077532.610906132,1041419456.0
2006-09-01,2036.314766912192,1999.92072089134,2005.9355200519149,2018.7169682681376,,11121366.074973611,1041419456.0
2006-09-04,2089.5412283839137,2024.731767428713,2026.987317113929,2086.383458824612,,8446848.09660769,1041426856.0
2006-09-05,2125.479653368352,2074.3538605034605,2086.383458824612,2123.2241036831365,,14624139.333546383,1041426856.0
2006-09-06,2126.231503263424,2070.4216855522345,2120.2167041028483,2084.8797590344675,,12456271.84954921,1040801856.0
2006-09-07,2084.8797590344675,2030.7465665892887,2067.587211447814,2031.4984164843604,,10095598.132922731,1040401856.0
2006-09-08,2060.068712497094,1991.417298578076,2047.287264280872,2008.9429196322023,,10626597.86177043,1040101856.0
2006-09-11,1977.3652240391807,1884.887686945334,1973.6059745638213,1912.7061330629951,,21545204.9620871,1040101856.0
2006-09-12,1944.364276594789,1861.4525257159416,1872.1062387291115,1908.195033692564,,15554680.76658629,1039501856.0
2006-09-13,1929.6528296979168,1876.3316351394155,1894.661735581269,1887.8950865256213,,14891669.813970154,1039501856.0
2006-09-14,1943.5319787609444,1884.887686945334,1902.93208442706,1895.4135854763408,,12326932.20224088,1039001856.0
2006-09-15,1886.3913867354784,1827.9500943915368,1886.3913867354784,1828.49894481494,,22674659.607022844,1038501856.0
2006-09-18,1906.69133390242,1824.7396953395792,1842.032242926234,1860.0766404079604,,12197275.403581148,1038501856.0
2006-09-19,1880.3765875749025,1806.6952978578536,1860.828490303032,1811.206397228284,,13172196.23679343,1038501856.0
2006-09-20,1851.8062915621688,1765.7495525722356,1785.643500795839,1824.7396953395792,,15314839.29384194,1037976856.0
2006-09-21,1874.9143980872047,1817.574565839544,1824.7396953395792,1855.5655410375289,,16775599.682364449,1037776856.0
2006-09-22,1883.38398715519,1805.943447962781,1849.5507418769523,1809.7026974381408,,12797096.97568345,1036776856.0
2006-09-25,1826.9952450247952,1741.6753189320325,1819.476746074076,1768.3509532091844,,16757203.693481691,1035976856.0
2006-09-26,1839.776693241018,1763.8398538387528,1763.8398538387528,1830.002644605083,,10598013.083098495,1035076856.0
2006-09-27,1900.6765347418448,1814.9656467036443,1851.054441667097,1881.1284374699744,,13359993.414872704,1034726856.0
2006-09-28,1917.9690823285,1894.661735581269,1905.9394840073485,1914.961682748212,,8322718.44707204,1034541107.0
2006-09-29,1953.30602739688,1890.902486105909,1929.246830754577,1899.9246848467728,,13008911.710874176,1034341107.0
2006-10-02,1939.7727292855848,1910.45058337778,1933.7579301250096,1931.502380439794,,8125921.191520681,1034141107.0
2006-10-03,1918.7209322235708,1840.663876117203,1913.4579829580675,1864.587739778392,,13037547.330602445,1033291107.0
2006-10-04,1853.3099913523129,1790.9064500613429,1830.7544945001548,1805.1915980677093,,18120383.14788453,1033291107.0
2006-10-05,1875.1136383093988,1833.7618940804423,1857.8210907227444,1869.850689043896,,15191084.89972207,1032391107.0
2006-10-06,1893.1580357911257,1834.5137439755144,1869.850689043896,1851.8062915621688,,14560344.702361932,1032241107.0
2006-10-09,1940.5245791806565,1836.0174437656583,1857.0692408276725,1933.7579301250096,,10001074.925191017,1032091107.0
2006-10-10,1967.5911754032463,1851.9716985390844,1932.2542303348653,1948.043078131377,,11584149.211237326,1032091107.0
2006-10-11,1955.561577082096,1904.435784217204,1955.561577082096,1936.013479810225,,12106093.179551244,1031891107.0
2006-10-12,2003.6799703666995,1945.0356785510885,1954.809727187024,2003.6799703666995,,13966845.578764902,1031641107.0
2006-10-13,2062.3242621823097,1982.214655862396,2018.7169682681376,2057.8131628118786,,16622436.158159263,1031542727.0
2006-10-16,2087.1353087196835,2059.128900128254,2081.1205095591085,2080.3686596640364,,10603755.701461315,1031542727.0
2006-10-17,2085.748145663276,2004.7325602198,2081.1205095591085,2011.1984693174188,,17473762.383428723,1031042727.0
2006-10-18,2086.918024100008,2011.1984693174188,2011.1984693174188,2075.105710398533,,16030584.526887655,1031042727.0
2006-10-19,2157.809198856445,2057.8131628118786,2075.105710398533,2101.420456726051,,13062954.543253634,1031042727.0
2006-10-20,2151.7943996958697,2101.420456726051,2119.464854207777,2118.713004312705,,17872639.52238459,1031042727.0
2006-10-23,2202.416453131063,2102.1723066211225,2129.990752738784,2139.012951479648,,12296754.40380388,1031042727.0
2006-10-24,2146.531450430366,2105.17970620141,2126.983353158496,2142.7722009550066,,11958947.05751334,1030842727.0
2006-10-25,2188.6350445543944,2157.057348961373,2176.5302612437367,2176.605446233244,,8136158.401363509,1030746490.0
2006-10-26,2217.205340567128,2137.509251689504,2172.16953185232,2148.787000115582,,13077974.443895685,1030746490.0
2006-10-27,2195.401693610042,2146.531450430366,2183.3720952888907,2178.1091460233874,,12384973.32055044,1030746490.0
2006-10-30,2199.1293653898088,2134.501852109215,2178.1091460233874,2148.787000115582,,11766295.769055711,1030496682.0
2006-10-31,2179.612845813532,2131.4944525289275,2150.290699905725,2174.349896548028,,8983652.179386616,1030496682.0
2006-11-01,2245.7756365798614,2165.3276978071644,2195.401693610042,2233.7460382587105,,17034478.70970241,1030496682.0
2006-11-02,2231.979191005292,2182.6202453938195,2208.934991721337,2208.183141826265,,16462987.710990384,1030096682.0
2006-11-03,2217.205340567128,2163.823998017021,2214.949790881912,2195.401693610042,,8851979.895993724,1030096682.0
2006-11-06,2251.0385858453647,2194.64984371497,2194.64984371497,2244.271936789717,,7885551.94019155,1030109602.0
2006-11-07,2277.0044738215697,2245.023786684789,2269.082983327091,2266.827433641876,,7960380.2911013635,1030116161.0
2006-11-08,2267.166517944553,2207.71699489132,2266.827433641876,2248.031186265077,,10083646.853180714,1029628356.0
2006-11-09,2248.031186265077,2201.416492770617,2248.031186265077,2226.979389203064,,10283402.574010052,1029628356.0
2006-11-10,2259.308934691156,2151.644029716856,2230.738638678424,2165.3276978071644,,18217981.02902298,1029128356.0
2006-11-13,2201.559344250681,2052.550213546376,2135.253702004288,2078.8649598738925,,21229247.16500586,1029128356.0
2006-11-14,2111.1945053619856,2067.181212504475,2097.661207250691,2087.1353087196835,,10905733.418552628,1028432418.0
2006-11-15,2098.3303536573044,2048.790964071015,2075.105710398533,2081.87235945418,,15533160.473741803,1028432418.0
2006-11-16,2120.690369536744,2069.8427611330294,2086.383458824612,2093.1501078802594,,10126051.925665537,1028132418.0
2006-11-17,2081.218250045468,1996.16147141598,2074.3538605034605,2006.687369946987,,18161540.19348653,1027632418.0
2006-11-20,2070.5946110281006,1995.4096215209083,2010.4466194223464,2054.0539133365182,,10647476.58890406,1027632418.0
2006-11-21,2060.068712497094,2023.2280676385687,2029.9947166942163,2049.542813966087,,14796586.144117448,1027632418.0
2006-11-22,2093.901957775331,2032.250266379432,2093.901957775331,2036.009515854792,,13370195.520176638,1027382418.0
2006-11-23,2072.098310818245,2025.4836173237857,2057.8131628118786,2046.5354143857992,,6240751.769752962,1027382418.0
2006-11-24,2103.24970752076,2017.1907129811416,2046.5354143857992,2040.520615225224,,11819906.45245635,1026932418.0
2006-11-27,2062.3242621823097,2009.6947695272747,2045.031714595656,2020.9725179533527,,9916820.400337003,1026932418.0
2006-11-28,2045.783564490728,1992.4022219406204,2000.672570786412,1998.4170211011951,,12132466.37227274,1026932418.0
2006-11-29,2034.5058160646483,1998.4170211011951,2029.2428667991453,2025.4836173237857,,8731855.795396222,1026946690.0
2006-11-30,2089.578820878667,2033.7539661695769,2056.3094630217342,2041.272465120296,,11625674.249247069,1026946690.0
2006-12-01,2083.376059244324,2014.9577187927785,2038.265065540008,2039.01691543508,,9810930.58501109,1026946690.0
2006-12-04,2078.1131099788204,2033.002116274505,2056.3094630217342,2074.3538605034605,,11431473.51907266,1026500995.0
2006-12-05,2141.2685011648628,2056.9259799356937,2082.6242093492524,2128.48705294864,,14216592.583984584,1026500995.0
2006-12-06,2142.0203510599345,2101.420456726051,2133.750002214143,2129.238902843712,,8686264.68338127,1026500995.0
2006-12-07,2131.4944525289275,2098.4130571457627,2116.4574546274894,2109.6908055718413,,8324162.575172134,1026147008.0
2006-12-08,2108.3209350630204,2048.790964071015,2075.105710398533,2070.5946110281006,,13004913.424944077,1025600995.0
2006-12-11,2093.323033356125,2054.0539133365182,2086.383458824612,2066.083511657669,,10051400.307951542,1025250995.0
2006-12-12,2081.1205095591085,2051.798363651303,2057.0613129168064,2064.5798118675257,,9937869.808159748,1025250995.0
2006-12-13,2092.3982579851872,2056.3094630217342,2059.3168626020224,2092.3982579851872,,10154938.119171437,1025250995.0
2006-12-14,2142.7722009550066,2102.4429725833484,2105.931556096482,2142.7722009550066,,10992942.777180595,1025260563.0
2006-12-15,2166.0795477022366,2129.238902843712,2142.7722009550066,2132.246302424,,16958178.389161658,1025260563.0
2006-12-18,2149.7508716810644,2098.4130571457627,2116.4574546274894,2099.164907040835,,8532314.333304282,1025015224.0
2006-12-19,2106.9841459495824,2054.0539133365182,2078.8649598738925,2077.3612600837487,,9089627.94030776,1024715224.0
2006-12-20,2105.931556096482,2047.099301807104,2093.901957775331,2056.3094630217342,,10265399.9980632,1024315224.0
2006-12-21,2064.5798118675257,2002.176270576555,2056.3094630217342,2003.6799703666995,,16396239.456533318,1023815224.0
2006-12-22,2000.274090342024,1970.5985749835345,1992.4022219406204,1991.6503720455487,,6968977.271626817,1023665224.0
2006-12-25,,,,,,,
2006-12-26,,,,,,,
2006-12-27,2041.272465120296,1981.1244735145413,1999.168870996268,2036.7613657498644,,4015396.3665591744,1023665224.0
2006-12-28,2057.8131628118786,2030.7465665892887,2036.7613657498644,2045.031714595656,,4376195.975325141,1023665224.0
2006-12-29,2053.302063441447,2033.7539661695769,2040.520615225224,2043.528014805512,,2734942.573816372,1023665224.0
2007-01-01,,,,,,,
2007-01-02,2090.518633247508,2049.542813966087,2060.068712497094,2071.3464609231733,,8116353.388919556,1023665224.0
2007-01-03,2077.207130855259,1989.394822360333,2052.550213546376,1994.657771625836,,13458730.37777326,1023065224.0
2007-01-04,1988.6429724652603,1910.45058337778,1954.809727187024,1914.2098328531392,,19678528.36930944,1022565224.0
2007-01-05,1932.2542303348653,1875.038453319892,1918.7209322235708,1883.38398715519,,17935366.491386075,1022390926.0
2007-01-08,1918.81115421098,1881.8802873650463,1893.1580357911257,1905.187634112276,,12706981.203335172,1022270926.0
2007-01-09,1948.794928026448,1901.9621980624177,1939.7727292855848,1913.4579829580675,,23577188.828525223,1021820926.0
2007-01-10,1932.894054595572,1894.661735581269,1902.93208442706,1916.4653825383552,,14621281.339879723,1021581042.0
2007-01-11,2002.176270576555,1893.4437387512528,1959.3208265574551,1991.6503720455487,,20361314.07183599,1021581042.0
2007-01-12,2000.672570786412,1903.947081785408,1988.6429724652603,1978.117073934254,,21009815.95537608,1021581042.0
2007-01-15,1997.665171206124,1950.298627816592,1988.6429724652603,1952.5541775018075,,7499990.315989271,1021231042.0
2007-01-16,1987.034013689808,1898.4209850566288,1942.028278970801,1917.217232433427,,15361993.163088426,1020881042.0
2007-01-17,1944.2838286560168,1879.6247376798297,1879.6247376798297,1917.9690823285,,20971698.47864192,1020381042.0
2007-01-18,1953.30602739688,1902.93208442706,1936.7653297052973,1921.7283318038587,,21747794.46655627,1019981042.0
2007-01-19,1942.3590929246327,1902.93208442706,1921.7283318038587,1938.2690294954407,,15464521.41618973,1019981042.0
2007-01-22,1977.3652240391807,1916.9916774649057,1954.057877291952,1936.013479810225,,11803621.577912709,1019981042.0
2007-01-23,2005.3039661400544,1937.517179600369,1949.471592932013,1999.92072089134,,13754241.59669969,1019581042.0
2007-01-24,2086.383458824612,2023.979917533641,2023.979917533641,2075.105710398533,,21051198.154227555,1019581042.0
2007-01-25,2125.479653368352,2035.2576659597205,2078.8649598738925,2060.068712497094,,14406154.67301938,1019581042.0
2007-01-26,2139.1708399576123,2002.928120471628,2037.513215644936,2016.461418582922,,14438789.789179089,1019131042.0
2007-01-29,2036.7613657498644,1993.154071835692,2026.987317113929,2011.1984693174188,,11163923.670627428,1018948575.0
2007-01-30,2060.068712497094,1985.6355728849728,2011.1984693174188,2050.294663861159,,19903378.993443925,1018839455.0
2007-01-31,2057.8131628118786,2006.657295951184,2008.5970686804696,2041.272465120296,,15489772.474167902,1018989455.0
2007-02-01,2086.729309776345,2016.461418582922,2052.550213546376,2067.587211447814,,28731719.008744664,1018714455.0
2007-02-02,2076.6094101886765,2013.4540190026344,2072.7350524943818,2023.2280676385687,,27299887.181275,1018422101.0
2007-02-05,2042.7761649104395,1984.906278486753,1992.4022219406204,2031.4984164843604,,11229442.0557218,1018422101.0
2007-02-06,2047.287264280872,2014.9577187927785,2031.4984164843604,2033.7539661695769,,17661526.877971783,1018074101.0
2007-02-07,2075.2861543733497,2015.70956868785,2067.587211447814,2052.550213546376,,21977283.731830377,1017974101.0
2007-02-08,2044.3339978930285,2011.1984693174188,2037.513215644936,2024.731767428713,,19731192.440661225,1017474101.0
2007-02-09,2049.542813966087,2024.731767428713,2039.01691543508,2027.7391670090008,,11791525.038009742,1017099101.0
2007-02-12,2034.5058160646483,2011.1984693174188,2011.1984693174188,2019.46881816321,,13949529.357078528,1016799101.0
2007-02-13,2079.6168097689647,2014.9577187927785,2033.002116274505,2069.8427611330294,,11178949.623776184,1016799101.0
2007-02-14,2122.472253788065,2049.3322959954667,2097.661207250691,2120.2167041028483,,14935502.067536293,1016399101.0
2007-02-15,2142.7722009550066,2101.420456726051,2123.9759535782086,2130.742602633856,,9774159.18576838,1016049101.0
2007-02-16,2120.968553997921,2091.6464080901155,2120.968553997921,2104.427856306338,,11510889.670065757,1016049101.0
2007-02-19,2139.388876427183,2114.953754837345,2121.720403892992,2125.479653368352,,6733356.817059354,1015526988.0
2007-02-20,2150.553847369001,2105.931556096482,2142.7722009550066,2120.2167041028483,,13060715.11577235,1015143323.0
2007-02-21,2126.2916512550296,2086.864642757458,2101.420456726051,2099.9167569359065,,10064414.407871164,1014643323.0
2007-02-22,2228.242497026784,2088.511194027665,2120.0553571153664,2154.0499493810853,,14869242.855621085,1014643323.0
2007-02-23,2197.6572432952576,2125.720245334775,2150.290699905725,2185.627644974107,,18666941.45047113,1014380292.0
2007-02-26,2214.949790881912,2095.1124361063967,2197.6572432952576,2210.438691511481,,9179849.026272722,1014182292.0
2007-02-27,2178.1091460233874,2081.87235945418,2178.1091460233874,2104.427856306338,,24606524.118028723,1013182292.0
2007-02-28,2093.901957775331,2030.7465665892887,2061.572412287238,2057.0613129168064,,23056415.41500828,1012182292.0
2007-03-01,2104.427856306338,1966.0874756131027,2057.0613129168064,2023.2280676385687,,16689539.089509312,1010982292.0
2007-03-02,2045.031714595656,1983.3800231997573,2029.9947166942163,2018.7169682681376,,12564640.771621976,1010982292.0
2007-03-05,2014.9577187927785,1952.5541775018075,1972.1022747736783,1998.4170211011951,,15758725.293667626,1009432292.0
2007-03-06,2047.287264280872,2005.183670156843,2042.024315015368,2023.2280676385687,,14661483.299923496,1008932292.0
2007-03-07,2053.302063441447,1985.6355728849728,2023.2280676385687,2039.768765330152,,10964866.409071982,1008282292.0
2007-03-08,2077.3612600837487,2051.798363651303,2052.550213546376,2057.0613129168064,,15433766.20861296,1007893118.0
2007-03-09,2064.5798118675257,2018.7169682681376,2045.031714595656,2036.009515854792,,17836498.794340666,1007312844.0
2007-03-12,2093.5260328277946,2027.7391670090008,2060.8205623921663,2041.272465120296,,8687097.508304039,1007112844.0
2007-03-13,2048.790964071015,2014.9577187927785,2042.024315015368,2015.70956868785,,8477619.040701898,1006666703.0
2007-03-14,1991.5902240539424,1939.7727292855848,1973.6059745638213,1941.276429075729,,17248219.352527045,1006666703.0
2007-03-15,2041.272465120296,1972.1022747736783,1984.883722989901,2041.272465120296,,14801682.35476405,1006666703.0
2007-03-16,2054.0539133365182,2012.7021691075624,2042.7761649104395,2037.513215644936,,15071408.684620824,1006681054.0
2007-03-19,2081.87235945418,2044.279864700584,2067.587211447814,2069.8427611330294,,17950552.230711874,1006681054.0
2007-03-20,2090.142708299971,2039.4605068731728,2082.6242093492524,2087.1353087196835,,8007012.4342697775,1006681054.0
2007-03-21,2123.2241036831365,2064.5798118675257,2068.339061342885,2108.9389556767696,,16452581.030959783,1006681054.0
2007-03-22,2169.9891671566106,2127.735203053568,2148.0351502205103,2154.0499493810853,,12124374.17080658,1006681054.0
2007-03-23,2178.1091460233874,2136.757401794431,2146.531450430366,2165.3276978071644,,9363513.552773016,1006681054.0
2007-03-26,2208.832740135607,2122.472253788065,2180.364695708603,2139.012951479648,,21018722.82424489,1006681054.0
2007-03-27,2186.379494869179,2104.7210777654163,2180.364695708603,2168.335097387452,,14183302.586599266,1006681054.0
2007-03-28,2165.1246983354954,2114.953754837345,2142.7722009550066,2126.231503263424,,12915417.429282513,1006681054.0
2007-03-29,2175.1017464431,2121.2768124549,2142.7722009550066,2154.0499493810853,,9758072.8334447,1006681054.0
2007-03-30,2193.1461439248264,2153.403358471324,2163.823998017021,2181.868395498747,,10119587.848503336,1006681054.0
2007-04-02,2180.364695708603,2148.787000115582,2157.809198856445,2171.34249696774,,7290626.846014546,1006681054.0
2007-04-03,2253.2941355305807,2198.4090931903297,2205.175742245977,2251.790435740437,,13217740.139256077,1006681054.0
2007-04-04,2270.586683117235,2236.753437838998,2270.586683117235,2264.57188395666,,15552154.450287132,1006681054.0
2007-04-05,2291.638480179249,2243.520086894646,2266.827433641876,2289.3829304940336,,9615605.299090672,1005739671.0
2007-04-06,,,,,,,
2007-04-09,,,,,,,
2007-04-10,2372.086418951946,2289.3829304940336,2302.7959326221167,2345.771672624429,,11781447.614343958,1005739671.0
2007-04-11,2422.460361921765,2321.7124759821268,2345.771672624429,2329.2309749328456,,10191644.15134172,1005739671.0
2007-04-12,2375.447187982917,2306.675478080688,2345.0198227293567,2331.4865246180616,,10776490.611351598,1005617261.0
2007-04-13,2343.516122939213,2306.675478080688,2319.4569262969108,2342.012423149069,,11465780.337584617,1005617261.0
2007-04-16,2390.882666328744,2362.312370316011,2375.845668427306,2390.882666328744,,11162251.968275182,1005617261.0
2007-04-17,2399.904865069608,2345.771672624429,2393.1382160139606,2393.1382160139606,,8600575.714437893,1005635608.0
2007-04-18,2398.401165279464,2340.508723358925,2382.612317482953,2345.0198227293567,,12580592.758296777,1005635608.0
2007-04-19,2323.21617577227,2265.323733851732,2300.660678920113,2313.442127136336,,15371052.555126231,1005635608.0
2007-04-20,2357.187009581306,2180.364695708603,2330.734674722989,2330.734674722989,,9569805.980845029,1005635608.0
2007-04-23,2373.882588351273,2315.697676821552,2325.471725457486,2342.012423149069,,9251162.081287589,1005635608.0
2007-04-24,2371.334569056874,2298.405129234897,2342.012423149069,2317.953226506767,,16745657.931688989,1004708265.0
2007-04-25,2368.327169476587,2309.6828776609755,2323.21617577227,2339.005023568781,,6823863.5813408485,1004708265.0
2007-04-26,2380.3567677977376,2301.4125288151845,2364.5679200012264,2319.4569262969108,,14292650.804257091,1004708265.0
2007-04-27,2327.907719117519,2271.3084590165045,2311.938427346192,2302.164378710256,,14704468.202550769,1004009865.0
2007-04-30,2332.2383745131337,2292.4504780659267,2306.675478080688,2310.434727556048,,5261445.290181382,1004009865.0
2007-05-01,2323.020694799552,2266.827433641876,2274.345932592595,2300.660678920113,,5839286.5789295295,1004009865.0
2007-05-02,2345.0198227293567,2296.533022996168,2329.982824827918,2334.4939241983498,,10600992.126899278,1004009865.0
2007-05-03,2388.627116643528,2274.4211175821024,2339.005023568781,2378.1012181125216,,13972354.570368866,1004009865.0
2007-05-04,2494.810877324537,2351.5458798185805,2433.7381103478447,2488.623152688095,,16664346.13559552,1004009865.0
2007-05-06,,,,,,,
2007-05-07,,,,,,,
2007-05-08,2566.8155417755765,2482.60835352752,2488.623152688095,2484.863903212736,,16211863.155244377,1003830417.0
2007-05-09,3007.3995802877284,2484.863903212736,2484.863903212736,2751.770615963272,,32861676.011737023,1003830417.0
2007-05-10,2781.844611766149,2635.233882227122,2669.06712750536,2660.796778659568,,22761108.77080852,1003830417.0
2007-05-11,2879.5850981255003,2631.4746327517623,2648.767180338417,2745.755816802696,,26650412.05465656,1003849122.0
2007-05-14,2788.9323007269923,2632.361815627947,2714.178121209676,2650.2708801285607,,14603715.754917055,1003849122.0
2007-05-15,2717.7366267630505,2593.1302881030942,2623.204283905972,2616.437634850324,,19236495.64703718,1003849122.0
2007-05-16,2704.998033990847,2601.400636948885,2601.400636948885,2684.1041254067977,,14777400.908360207,1003849122.0
2007-05-17,2702.6071513245183,2607.588361585327,2677.3374763511506,2631.4746327517623,,10353795.64800558,1003849122.0
2007-05-18,2671.3226771905747,2599.1450872636697,2613.430235270036,2638.9931317024825,,9897983.78896604,1003849122.0
2007-05-21,2699.1411233082367,2627.715383276403,2658.541228974352,2680.3448759314383,,7530011.959753252,1003849122.0
2007-05-22,2716.7419293518697,2654.7819794989928,2705.907772363884,2666.0597279250715,,14833842.954397997,1001887948.0
2007-05-23,2729.357970591177,2672.51811852374,2706.659622258956,2689.367074672301,,7815982.007108064,1001691333.0
2007-05-24,2711.2910176125984,2641.2486813876976,2661.54862855464,2654.0301296039206,,8323132.438530742,1001491333.0
2007-05-25,2773.5742629203583,2617.941334640468,2617.941334640468,2763.048364389351,,14872897.359170277,1001499527.0
2007-05-28,,,,,,,
2007-05-29,2778.0853622907894,2723.200319950538,2767.5594637597824,2731.4706687963294,,7392605.53150693,1001503683.0
2007-05-30,2748.7632163829844,2687.111524987085,2690.118924567373,2732.974368586473,,6713544.541607353,1001403683.0
2007-05-31,2775.0779627105017,2740.492867537193,2748.0113664879123,2759.2891149139914,,8738035.404743228,1001414172.0
2007-06-01,2798.385309457732,2749.515066278056,2775.0779627105017,2790.8668105070124,,7976604.640577942,1001323617.0
2007-06-04,2808.911207988739,2648.5792178646493,2781.844611766149,2790.1149606119407,,5843474.913570205,1001123617.0
2007-06-05,2818.685256624673,2756.2817153337032,2805.151958513379,2763.800214284423,,7940909.37702759,1001123617.0
2007-06-06,2777.333512395717,2650.2708801285607,2757.0335652287754,2669.06712750536,,19917570.91116857,1001137937.0
2007-06-07,2742.2762554883034,2641.2486813876976,2669.06712750536,2663.8041782398554,,11397860.317829233,1001137937.0
2007-06-08,2672.803821483866,2590.122888522806,2663.8041782398554,2632.2264826468345,,11710860.860133834,1001137937.0
2007-06-11,2705.155922468812,2616.5579308335355,2674.330076770863,2700.6448230983806,,10884949.110523617,1001137937.0
2007-06-12,2722.4484700554667,2672.074527085647,2695.381873832877,2676.5856264560784,,11484458.37327988,1001146681.0
2007-06-13,2826.203755575393,2648.767180338417,2699.1411233082367,2797.63345956266,,11015265.63241432,1001146681.0
2007-06-14,2891.614696446651,2804.400108618307,2804.400108618307,2887.10359707622,,11316347.578513118,1001146681.0
2007-06-15,2966.047836058772,2867.555499804349,2890.862846551579,2944.244189101686,,15369463.16686519,1001146681.0
2007-06-18,2968.0627937775653,2894.967946978672,2943.4923392066144,2921.6886922495287,,9213950.059556669,1000663887.0
2007-06-19,2974.318184904563,2913.4183434037373,2930.710890990392,2934.470140465752,,15071794.834548678,1000663887.0
2007-06-20,2977.325584484852,2884.8480473910045,2962.2885865834123,2885.599897286076,,14641873.178195482,1000663887.0
2007-06-21,2919.4331425643127,2847.255552637407,2893.870246131867,2866.0518000142056,,8864745.843138395,1000213887.0
2007-06-22,2902.89244487273,2815.8207085244494,2890.862846551579,2848.007402532479,,8407182.388658088,1000042030.0
2007-06-25,2898.7572704498343,2785.6038612415086,2839.150610768532,2849.5111023226227,,10723597.755246311,1000042030.0
2007-06-26,2866.405169464889,2817.9334067296018,2821.6926562049616,2831.466704840897,,6311547.940695119,1000042030.0
2007-06-27,2843.120378214512,2730.7188189012577,2778.837212185861,2774.32611281543,,10465365.13562457,999567030.0
2007-06-28,2844.2481530571195,2793.122360192228,2808.1593580936665,2842.744453266976,,6857750.355887394,999192030.0
2007-06-29,2898.028727901509,2819.4371065197456,2857.0296012733425,2877.3295484402847,,7646618.343453125,998992030.0
2007-07-02,3017.925478818736,2852.0899474627195,2857.0296012733425,2963.792286373556,,12978126.240763877,998742030.0
2007-07-03,2996.873681756721,2848.007402532479,2992.3625823862903,2983.3403836454268,,7375809.825397287,998442030.0
2007-07-04,2978.4834333232625,2947.251588681974,2975.821884694707,2965.2959861637005,,3227432.623495347,998227030.0
2007-07-05,3067.547571893483,2969.0552356390604,2973.5663350094915,3008.1514301828006,,7620752.350793605,997942030.0
2007-07-06,3040.4809756708937,2968.303385743988,3008.1514301828006,3009.655129972944,,9095836.601686954,997652030.0
2007-07-09,3066.7957219984114,2980.0999105976666,3017.173628923664,3022.4365781891674,,9937342.02957497,997352030.0
2007-07-10,3065.292022208268,2911.914643613594,2995.3699819665776,2935.973840255895,,9793033.322680922,997052030.0
2007-07-11,3011.1588297630888,2907.403544243162,2940.484939626326,3002.1366310222247,,13288698.517377958,996802030.0
2007-07-12,3106.6512849361748,2863.27747390139,3044.9920750413257,2864.5481002240613,,50600601.13496606,996802030.0
2007-07-13,2970.9498973746413,2787.1075610316525,2913.4183434037373,2804.400108618307,,23198350.328772165,996802030.0
2007-07-16,2963.8674713630635,2744.2521170125524,2774.32611281543,2794.626059982372,,14509093.28607536,996802030.0
2007-07-17,2856.713072467517,2752.522465858344,2804.400108618307,2791.618660402084,,13520855.727608146,996802030.0
2007-07-18,2822.15053279106,2748.7632163829844,2751.770615963272,2762.296514494279,,11584002.740575038,996802030.0
2007-07-19,2863.79625032899,2769.063163549926,2795.377909877444,2853.2703517979826,,10024211.237326052,996802030.0
2007-07-20,2923.192392039673,2849.5111023226227,2861.540700643774,2860.7888507487014,,10081300.9015814,996802030.0
2007-07-23,2899.2813098267,2832.2185547359686,2849.5111023226227,2888.6072968663634,,7257904.573758268,996802030.0
2007-07-24,2893.870246131867,2794.626059982372,2876.577698545212,2801.39270903802,,8764722.117312107,996802030.0
2007-07-25,2852.443316913404,2684.85597530187,2775.0779627105017,2699.1411233082367,,12883672.031608611,996802030.0
2007-07-26,2725.4558696357544,2577.341440306584,2702.9003727835966,2578.093290201656,,18614244.695583124,996802030.0
2007-07-27,2616.5970270280795,2483.3602034225923,2585.724566636636,2509.6749497501096,,20583281.28177566,996802030.0
2007-07-30,2649.8723996841723,2490.638110406888,2539.7489455529867,2594.633987893238,,14076579.946350582,996802030.0
2007-07-31,2716.433670894891,2626.963533381331,2631.4746327517623,2711.170721629387,,12652364.59331997,996702110.0
2007-08-01,2711.170721629387,2563.056292300217,2601.400636948885,2590.122888522806,,14692450.345234985,996702110.0
2007-08-02,2611.926535479892,2492.382402163455,2567.567391670648,2507.4194000648936,,16596347.433252957,996702110.0
2007-08-03,2591.485992382572,2477.3454042620165,2536.7415459726994,2486.36760300288,,13223218.868326508,996702110.0
2007-08-06,2487.8713027930235,2396.145615594248,2461.556556465506,2420.204812236549,,18647362.801777985,996702110.0
2007-08-07,2516.091988604549,2375.845668427306,2469.826905311297,2458.549156885218,,13399265.709886407,996702110.0
2007-08-08,2511.178649540253,2440.715277374112,2458.549156885218,2499.9009011141743,,22306707.14583152,996702110.0
2007-08-09,2499.9009011141743,2399.153015174535,2460.052856675362,2409.678913705543,,20202687.555077814,996702110.0
2007-08-10,2476.6228765128526,2260.060784586228,2334.4939241983498,2261.564484376372,,20414142.77137019,996702110.0
2007-08-13,2451.030657934499,2261.564484376372,2338.253173673709,2420.956662131621,,15829857.983982649,996702110.0
2007-08-14,2448.023258354212,2375.845668427306,2403.664114544968,2387.1234168533847,,11741787.95890106,996702110.0
2007-08-15,2455.2124470508884,2305.171778290544,2312.690277241263,2367.5753195815146,,12852024.68454335,996702110.0
2007-08-16,2308.179177870832,2167.58324749238,2263.0681841665155,2202.1683426656896,,23763267.09469994,996706989.0
2007-08-17,2401.408564859752,2110.442655466913,2232.994188363639,2242.016387104502,,37779981.69721972,996706989.0
2007-08-20,2379.6049179026654,2274.345932592595,2293.1421799693926,2314.1939770314075,,18730123.567976914,996706989.0
2007-08-21,2358.553120840651,2284.1199812285304,2330.734674722989,2308.931027765904,,10974269.5834907,996706989.0
2007-08-22,2466.0676558359373,2320.208776191983,2320.208776191983,2466.0676558359373,,18496506.4931292,996706989.0
2007-08-23,2552.53039376921,2305.201852286347,2529.22304702198,2452.534357724642,,23127905.203218967,996706989.0
2007-08-24,2522.9751743939323,2424.715911606981,2450.278808039427,2510.4267996451817,,8596075.070451178,996706989.0
2007-08-27,,,,,,,
2007-08-28,2556.2896432445696,2435.9936600330607,2548.77114429385,2440.504759403492,,10767756.844174584,996706989.0
2007-08-29,2472.0824549965128,2390.2661494147856,2424.715911606981,2447.27140845914,,14665861.683274746,996706989.0
2007-08-30,2518.1806276130583,2422.460361921765,2472.0824549965128,2486.36760300288,,10489731.3171223,996706989.0
2007-08-31,2596.137687683382,2431.302116687812,2518.6971484909727,2578.8451400967274,,15946046.744719794,996706989.0
2007-09-03,2618.69318453554,2317.780301030901,2585.6117891523745,2603.656186634101,,5859946.205320396,996706989.0
2007-09-04,2726.207719530826,2551.778543874137,2591.62658831295,2652.5264298137768,,11537162.39117593,996706989.0
2007-09-05,2695.381873832877,2611.926535479892,2650.2708801285607,2650.2708801285607,,14226085.335502552,996706989.0
2007-09-06,2819.4371065197456,2687.8633748821576,2744.2521170125524,2793.8742100873,,29171371.88538005,996706989.0
2007-09-07,2845.751852847264,2690.118924567373,2789.363110716868,2702.148522888525,,15767506.270396948,996706989.0
2007-09-10,2766.0557639696385,2654.0301296039206,2717.9373706850347,2665.30787803,,10237149.317761444,996706989.0
2007-09-11,2769.815013444998,2682.6004256166543,2702.9003727835966,2769.815013444998,,8093700.066819674,996706989.0
2007-09-12,2803.926443184412,2667.563427715216,2669.06712750536,2756.2817153337032,,13247403.47462305,996706989.0
2007-09-13,2812.670457464098,2736.733618061833,2758.5372650189192,2800.640859142947,,10980346.3002237,996726492.0
2007-09-14,2811.9186075690263,2727.71141932097,2770.5668633400705,2788.6112608217963,,11321667.731907848,996726492.0
2007-09-17,2770.5668633400705,2704.4040725737405,2760.792814704135,2741.9965673273364,,12130674.830287714,996726492.0
2007-09-18,2812.670457464098,2708.1633220490994,2710.418871734316,2804.400108618307,,10878637.556530414,996726492.0
2007-09-19,2996.1218318616498,2777.243290408309,2909.659093928378,2967.5515358489165,,20567648.867454942,996726492.0
2007-09-20,3014.918079238448,2913.4183434037373,2917.1775928790967,3005.1440306025133,,12818545.8489488,996726492.0
2007-09-21,3047.9994746216125,2993.114432281362,3016.421779028592,3044.240225146253,,16942978.12381976,996726492.0
2007-09-24,3193.8583542655683,3066.04387210334,3066.04387210334,3160.776958882403,,14470220.456504269,996991414.0
2007-09-25,3192.3546544754245,3040.4809756708937,3172.8065572035543,3075.8179207392745,,21000434.569981504,997032265.0
2007-09-26,3122.4326142337345,3051.006874201901,3088.599368955497,3062.2846226279794,,10362783.620464252,997032265.0
2007-09-27,3153.927606338298,3075.8179207392745,3116.417815073159,3125.4400138140218,,11064559.668032112,997032265.0
2007-09-28,3193.8583542655683,3106.6437664372243,3119.1921411859744,3178.8213563641293,,12997231.583432594,997040465.0
2007-10-01,3263.0285446121857,3123.184464128806,3162.280658672548,3254.7581957663947,,11363932.386237085,997041860.0
2007-10-02,3293.8543903101345,3087.028002674797,3287.087741254488,3169.047307728194,,13432556.917773066,997045761.0
2007-10-03,3212.654601642366,3112.6585655978,3196.8657538458547,3161.5288087774748,,13598850.750026632,997047672.0
2007-10-04,3205.1361026916466,3044.240225146253,3072.810521158987,3105.891916542153,,12357279.470865654,997047672.0
2007-10-05,3205.1361026916466,3092.9976908416684,3126.740714132496,3195.362054055712,,11535025.85630865,997062249.0
2007-10-08,3290.8469907298468,3133.710362659813,3214.15830143251,3133.710362659813,,15268761.560287807,997062249.0
2007-10-09,3204.85039973152,3102.132667066792,3157.0177094070427,3184.084305629633,,10989594.53047074,997062249.0
2007-10-10,3319.4172867425805,3171.280301916558,3180.3250561542727,3314.154337477077,,13572349.244162964,997062249.0
2007-10-11,3456.253967645672,3329.191335378516,3329.9431852735875,3430.6910712132267,,15471663.37410302,997062249.0
2007-10-12,3444.224369324522,3309.643238106645,3353.250532020817,3440.465119849162,,13965919.545238856,997076662.0
2007-10-15,3500.6131114549166,3350.994982335602,3409.639274151212,3363.0245806567523,,12239471.059333935,997076662.0
2007-10-16,3419.413322787148,3308.1395383165013,3375.806028872976,3322.4246863228686,,11108123.190300496,997076662.0
2007-10-17,3291.268026671088,3187.8435551049924,3232.954548809309,3273.554443143192,,17166566.195055347,997076662.0
2007-10-18,3332.198734958803,3202.880553006431,3295.3580901002783,3252.5026460811787,,9444526.355035204,997076662.0
2007-10-19,3262.276694717113,3151.002910246468,3198.369453636,3162.280658672548,,13064242.51668071,997076662.0
2007-10-22,3205.4894721423307,3008.9032800778723,3205.4894721423307,3044.9920750413257,,14176326.467369726,997076662.0
2007-10-23,3229.711820211864,3086.343819270282,3087.0956691653537,3131.454812974597,,12516242.5069967,997076662.0
2007-10-24,3177.565767039359,3045.743924936397,3106.6437664372243,3073.5623710540585,,13426815.509911586,997076662.0
2007-10-25,3202.12870311136,3109.087278596208,3134.567471540196,3184.084305629633,,10558475.688291064,997076662.0
2007-10-26,3339.717233909522,3220.924950488157,3232.202698914237,3320.9209865327257,,9739997.627417373,997076662.0
2007-10-29,3454.750267855529,3351.7468322306736,3368.287529922256,3366.0319802370404,,10634772.377327794,997076662.0
2007-10-30,3363.0245806567523,3300.621039365781,3332.198734958803,3313.4024875820046,,8021571.133900817,997076662.0
2007-10-31,3391.594876669486,3247.991546710747,3340.4690838045944,3375.806028872976,,12145901.726659114,997082015.0
2007-11-01,3444.224369324522,3238.2174980748127,3409.639274151212,3312.6506376869334,,12706287.586066648,997082015.0
2007-11-02,3314.154337477077,3179.1972813116645,3251.750796186107,3281.824791988984,,14451484.316744624,997082015.0
2007-11-05,3267.5396439826163,3128.4474133943104,3250.9989462910344,3155.5140096169,,11401169.828496171,997082015.0
2007-11-06,3287.83959114956,3171.30285741341,3171.30285741341,3258.517445241754,,9534149.453337597,997082015.0
2007-11-07,3413.398523626572,3254.0063458713225,3335.206134539091,3270.547043562905,,12885647.569797508,997082015.0
2007-11-08,4315.61839771289,3270.547043562905,3284.080341674199,3981.797044300952,,70544288.61257179,997082015.0
2007-11-09,4383.284888269363,3994.578492517175,4059.989433388433,4228.403809884548,,32777153.9660866,997082015.0
2007-11-12,4458.469877776558,4210.35941240282,4211.111262297893,4253.966706316992,,18426495.9375575,997082015.0
2007-11-13,4210.35941240282,4009.615490418615,4169.007668173864,4052.470934437714,,14273122.99662028,997118253.0
2007-11-14,4190.81131513095,4059.2375834933614,4059.989433388433,4155.4743700625695,,11519006.08155874,997128351.0
2007-11-15,4202.840913452102,4045.704285382068,4112.6189260434685,4075.026431289872,,5633578.823005336,997145336.0
2007-11-16,4225.39641030426,3954.7304480783614,3993.074792727032,4044.952435486996,,11047713.120866138,997149669.0
2007-11-19,4086.304179715951,3770.52722378574,4065.2523826539377,3799.097519798472,,11604311.321576944,997149669.0
2007-11-20,3958.4896975537217,3691.582984803187,3834.434464866854,3881.8010082563856,,14561823.93500092,997158095.0
2007-11-21,3926.126318820352,3638.9534921481513,3781.804972211818,3684.064485852468,,10272552.850488558,997158095.0
2007-11-22,3753.527145808269,3638.9534921481513,3696.0940841736174,3702.860733229266,,5830098.873749552,997158095.0
2007-11-23,4059.2375834933614,3695.3422342785466,3721.656980606064,3996.08219230732,,13392000.280836312,997158095.0
2007-11-26,4187.803915550662,3901.349105528256,4187.803915550662,3933.678651016349,,10525063.43027028,997158095.0
2007-11-27,3984.804443881241,3796.8419701132575,3890.823206997249,3884.056557941602,,10365526.616503492,997158095.0
2007-11-28,4072.770881604657,3781.053122316747,3879.5454585711705,4059.989433388433,,9544574.290888317,997174711.0
2007-11-29,4285.544401910013,3947.211949127644,4094.574528561743,4238.177858520482,,11279020.55915478,997174711.0
2007-11-30,4356.218292046775,4142.6929218463465,4236.674158730338,4240.433408205697,,10144236.076813571,997200125.0
2007-12-03,4248.703757051489,4078.785680765232,4179.533566704871,4092.318978876527,,7329503.307089665,997200125.0
2007-12-04,4202.089063557029,4029.915437585557,4120.137424994188,4146.4521713217055,,6558389.742695835,997200125.0
2007-12-05,4306.596198972027,4180.285416599942,4193.818714711237,4300.581399811451,,8839118.319243098,997200125.0
2007-12-06,4293.062900860732,4072.019031709584,4198.730324520773,4197.577964186597,,5909626.390866041,997200125.0
2007-12-07,4353.210892466487,4211.863112192964,4247.951907156417,4320.129497083322,,5954672.777277438,997200125.0
2007-12-10,4448.695829140623,4256.97410589728,4257.725955792351,4348.699793096056,,8466478.796858508,997200125.0
2007-12-11,4419.373683232818,4213.366811983108,4383.284888269363,4270.507404008575,,7621730.435877323,997218210.0
2007-12-12,4323.136896663609,4106.604126882894,4164.496568803433,4253.21485642192,,6682341.448534326,997218210.0
2007-12-13,4240.433408205697,3952.474898393148,4135.174422895628,3980.293344510808,,6975460.716810475,997218210.0
2007-12-14,4029.1635876904857,3847.215913083077,3999.8414417826793,3891.5750568923218,,6380021.1595634455,997218210.0
2007-12-17,3826.915965916135,3741.205077877935,3823.156716440775,3768.271674100524,,5667086.710632076,997218210.0
2007-12-18,3902.8528053184,3697.9737089113,3751.730976408942,3802.8567692738334,,8442467.29225376,997218210.0
2007-12-19,3852.478862348581,3747.219877038511,3768.271674100524,3815.638217490055,,5427206.501844805,997246117.0
2007-12-20,3869.0195600401626,3778.7975726315312,3827.6678158112063,3856.989961719012,,5673098.060292651,997246117.0
2007-12-21,3984.804443881241,3866.7640103549465,3884.8084078366737,3968.2637461896575,,7657869.953419909,997246117.0
2007-12-24,4054.72648412293,3944.956399442429,3995.330342412248,4041.193186011635,,807881.3321325161,997246117.0
2007-12-25,,,,,,,
2007-12-26,,,,,,,
2007-12-27,4125.400374259692,3996.08219230732,4097.58192814203,4046.456135277139,,2228402.235069677,997246117.0
2007-12-28,4105.852276987822,3996.8340422023903,4001.345141572823,4037.433936536276,,1178817.679129989,997246117.0
2007-12-31,4036.682086641204,3968.2637461896575,4014.878439684117,3997.585892097464,,815118.919651763,997246117.0
2008-01-01,,,,,,,
2008-01-02,4069.0116321292967,3929.1675516459177,3985.556293776313,3950.971198603003,,3067909.125243311,997246117.0
2008-01-03,4037.433936536276,3895.33430636768,3955.4822979734354,4037.433936536276,,4219307.738492974,997246117.0
2008-01-04,4175.02246733444,3904.356505108543,4062.24498307365,3920.897202800127,,6608482.709198842,997316361.0
2008-01-07,3927.663851855774,3746.468027143439,3887.063957521889,3783.308672001963,,5535087.591877053,997316361.0
2008-01-08,3913.378703849408,3806.616018749193,3825.4122661259903,3859.9973612993,,3951903.15020869,997316361.0
2008-01-09,3901.349105528256,3731.431029241999,3823.156716440775,3760.001325254733,,5894269.970851128,997316361.0
2008-01-10,3872.02695962045,3766.76797431038,3793.83457053297,3778.04572273646,,5600431.664778285,997316361.0
2008-01-11,3864.508460669731,3708.8755323898417,3790.0753210576095,3849.471462768293,,20410679.52703292,997316361.0
2008-01-14,3921.6490526951975,3811.127118119624,3826.915965916135,3879.5454585711705,,4557075.138239253,997316361.0
2008-01-15,3941.94899986214,3756.242075779373,3941.94899986214,3756.242075779373,,6558497.477315205,997316361.0
2008-01-16,3864.508460669731,3478.0576146027583,3684.064485852468,3507.379760510564,,14826239.795473697,997316361.0
2008-01-17,3569.783301801534,3323.928386113012,3548.7315047395205,3367.5356800271843,,17756269.18644626,997316361.0
2008-01-18,3608.879496345274,3426.9318217378664,3496.1020120844846,3533.694506838082,,17761465.868704185,997320282.0
2008-01-21,3408.135574361069,3178.8213563641293,3394.6022762497737,3178.8213563641293,,14192829.23215479,997320282.0
2008-01-22,3269.795193667833,2908.155394138233,3018.677328713808,3229.1952993339487,,19015841.83105275,997320282.0
2008-01-23,3317.161737057364,3067.547571893483,3123.668354721275,3126.943713604166,,10957404.878804607,997320282.0
2008-01-24,3411.8948238364283,3178.0695064690576,3279.569242303767,3397.609675830062,,10518742.192266349,997320282.0
2008-01-25,3605.872096764987,3427.683671632939,3472.042815442183,3530.6871072577933,,12082161.568035018,997542790.0
2008-01-28,3492.342762609125,3325.4320859031554,3462.2687668062467,3420.16517268222,,8105493.981387332,997542790.0
2008-01-29,3544.97225526416,3429.939221318155,3477.3057647076857,3511.139009985924,,10789662.07644558,997542790.0
2008-01-30,3676.545986901748,3459.26136722596,3477.3057647076857,3623.1646443516415,,11116332.810396755,997542790.0
2008-01-31,3727.6717797666392,3595.3461982339795,3676.545986901748,3726.168079976496,,12988724.180006392,997542790.0
2008-02-01,4360.729391417206,3976.53409503545,4135.174422895628,4210.35941240282,,35393577.56408394,997542790.0
2008-02-04,4229.155659779618,4104.348577197678,4125.400374259692,4155.4743700625695,,12693231.11860008,997542790.0
2008-02-05,4152.466970482282,4044.952435486996,4097.58192814203,4085.552329820879,,16110444.931872986,997542790.0
2008-02-06,4153.970670272425,4011.1191902087576,4037.433936536276,4072.770881604657,,15183847.312202822,997542790.0
2008-02-07,4029.1635876904857,3916.386103429695,3990.067393146745,3926.1601520656295,,8805622.536629772,997542790.0
2008-02-08,4012.6228899989032,3887.815807416961,3928.4157017508455,4008.863640523544,,7011132.980835343,997542790.0
2008-02-11,3979.541494615737,3902.8528053184,3917.137953324767,3939.693450176925,,7942382.557159874,997542790.0
2008-02-12,4155.4743700625695,3964.5044967142976,3992.322942831959,4152.466970482282,,7561281.630400047,997542790.0
2008-02-13,4222.389010723971,4051.719084542643,4094.574528561743,4135.174422895628,,8173711.784472657,997542790.0
2008-02-14,4269.00370421843,4100.589327722318,4174.270617439367,4176.526167124584,,7358384.658590202,997542790.0
2008-02-15,4260.73335537264,4109.611526463181,4195.322414501382,4129.911473630124,,5597013.208990636,997585452.0
2008-02-18,4310.355448447387,4103.596727302606,4103.596727302606,4305.092499181884,,6793942.40918819,997585452.0
2008-02-19,4420.125533127889,4281.033302539582,4296.822150336092,4398.321886170804,,8556618.779233608,997702053.0
2008-02-20,4338.925744460121,4227.651959989475,4285.544401910013,4300.581399811451,,6054764.291178835,997702053.0
2008-02-21,4456.13688755215,4262.237055162783,4323.136896663609,4377.270089108789,,6832311.670201331,997702053.0
2008-02-22,4381.781188479221,4223.892710514114,4370.503440053141,4274.266653483934,,5030626.894434599,997702053.0
2008-02-25,4379.525638794005,4256.97410589728,4345.692393515768,4330.655395614329,,4273463.147497168,997702053.0
2008-02-26,4375.766389318645,4259.981505477567,4344.188693725625,4327.647996034042,,4522242.962145203,997702053.0
2008-02-27,4415.614433757459,4284.792552014942,4383.284888269363,4387.044137744724,,6266839.284157927,997702053.0
2008-02-28,4440.425480294832,4313.362848027675,4356.970141941846,4339.677594355192,,5808009.645274688,997702053.0
2008-02-29,4416.36628365253,4257.725955792351,4299.82954991638,4300.581399811451,,5435011.814493091,997702053.0
2008-03-03,4387.044137744724,4159.985469433001,4223.892710514114,4255.470406107136,,4873526.819867717,997702053.0
2008-03-04,4319.37764718825,4192.315014921093,4255.470406107136,4232.163059359907,,6537002.604998887,997828902.0
2008-03-05,4369.751590158071,4204.344613242245,4232.163059359907,4360.729391417206,,5734573.370907296,997828902.0
2008-03-06,4443.432879875119,4350.955342781272,4389.29968742994,4365.99234068271,,3755357.6789363087,997828902.0
2008-03-07,4262.237055162783,4148.707721006921,4225.39641030426,4205.848313032389,,7792309.442878863,997730976.0
2008-03-10,4135.174422895628,3953.2267482882194,4053.2227843327855,3953.2267482882194,,8354565.5268586045,997730976.0
2008-03-11,4044.952435486996,3828.41966570628,3841.9529638175727,3947.963799022715,,9712725.032199336,997730976.0
2008-03-12,4142.6929218463465,4041.193186011635,4059.989433388433,4091.567128981456,,6663150.160270378,997745228.0
2008-03-13,4099.837477827246,3915.634253534624,3915.634253534624,4065.2523826539377,,7205436.603623757,997752033.0
2008-03-14,4241.18525810077,4089.31157929624,4089.31157929624,4155.4743700625695,,7200554.651714555,997761793.0
2008-03-17,4063.748682863793,3778.7975726315312,4033.674687060916,3805.112318959048,,9465434.134201022,997776034.0
2008-03-18,3986.308143671384,3834.434464866854,3929.1675516459177,3964.5044967142976,,8462912.659907227,997778467.0
2008-03-19,4050.9672346475713,3790.8271709526816,3998.337741992536,3811.878968014697,,8843822.327455139,997782926.0
2008-03-20,3717.897731130705,3567.527752116319,3635.194242672793,3608.879496345274,,12770303.738996545,997782926.0
2008-03-21,,,,,,,
2008-03-24,,,,,,,
2008-03-25,3750.2272766187975,3656.246039734806,3725.416230081424,3747.9717269335815,,7460893.543670047,997784007.0
2008-03-26,3820.149316860487,3638.20164225308,3684.81633574754,3796.8419701132575,,5397385.801303468,997784058.0
2008-03-27,3913.378703849408,3759.24947535966,3759.24947535966,3875.78620909581,,6759237.335734968,997787850.0
2008-03-28,4042.696885801779,3725.077897628642,3909.619454374047,3884.8084078366737,,6229639.367440419,997789728.0
2008-03-31,3947.211949127644,3814.134517699912,3884.8084078366737,3934.430500911421,,5400527.052283974,997804468.0
2008-04-01,3963.000796924154,3812.630817909768,3860.749211194372,3934.430500911421,,6471481.798901834,997806391.0
2008-04-02,4047.2079851722106,3875.78620909581,3927.663851855774,4029.915437585557,,5415089.383419037,997806391.0
2008-04-03,4121.6411247843325,4031.4191373757,4084.800479925808,4091.567128981456,,5568773.423200953,997811049.0
2008-04-04,4281.033302539582,4082.544930240592,4082.544930240592,4281.033302539582,,5357711.619844475,997828902.0
2008-04-07,4398.321886170804,4297.574000231164,4320.881346978394,4390.803387220084,,6010410.3115346255,997843264.0
2008-04-08,4450.199528930766,4263.740754952928,4375.766389318645,4436.666230819471,,5416096.520534945,997852377.0
2008-04-09,4563.728863086629,4329.1516958241855,4357.721991836919,4511.099370431593,,7196848.096607692,997858049.0
2008-04-10,4526.136368333031,4331.407245509402,4503.250809376937,4441.177330189903,,5899044.18814096,997860301.0
2008-04-11,4518.617869382312,4353.962742361558,4485.536473999148,4435.9143809244,,4524460.600602346,997877453.0
2008-04-14,4414.862583862386,4300.581399811451,4386.292287849653,4377.270089108789,,3949409.5174457454,997880133.0
2008-04-15,4537.414116759112,4327.903624998366,4392.307087010227,4516.362319697096,,6013257.410689211,997881485.0
2008-04-16,4787.028281922992,4536.662266864038,4567.488112561989,4787.028281922992,,9718195.28776038,997914806.0
2008-04-17,4899.053916288711,4599.065808155009,4643.046470727075,4616.358355741663,,5792714.960828177,997914806.0
2008-04-18,4671.243398081913,4503.580871480874,4620.373234181348,4601.321357840226,,6341607.110000678,997925560.0
2008-04-21,4689.28779556364,4596.058408574721,4649.439751124828,4689.28779556364,,2666941.4504711274,997925560.0
2008-04-22,4805.82452929979,4695.302594724216,4702.821093674936,4800.561580034288,,4711156.222461095,997929030.0
2008-04-23,4879.50581901684,4729.135840002453,4756.954286120114,4859.95772174497,,5782820.322864918,997937799.0
2008-04-24,4843.417024053388,4596.058408574721,4812.5911783554375,4656.206400180476,,5199908.243998335,997944738.0
2008-04-25,4714.098842101015,4573.502911722563,4656.206400180476,4714.098842101015,,3345658.657989793,997952481.0
2008-04-28,4791.539381293424,4652.447150705117,4713.346992205943,4681.01744671785,,3173509.630748671,997955226.0
2008-04-29,4630.643503748031,4475.762425363213,4627.636104167742,4518.617869382312,,5237327.261458606,997972524.0
2008-04-30,4495.310522635083,4369.751590158071,4495.310522635083,4444.184729770191,,6679343.036712085,997972524.0
2008-05-01,4622.373154902239,4382.49544587954,4415.959532859295,4387.795987639797,,4703584.536571667,997972524.0
2008-05-02,4615.606505846591,4398.321886170804,4403.584835436307,4590.795459309218,,5024328.655956151,997972524.0
2008-05-05,,,,,,,
2008-05-06,4802.811866770237,4678.761897032634,4732.895089477813,4777.254233287056,,5697306.87661602,997972524.0
2008-05-07,4866.724370800617,4722.369190946806,4732.895089477813,4781.013482762416,,4308105.274880645,997976748.0
2008-05-08,4917.098313770436,4722.369190946806,4785.973962815133,4887.024317967559,,4451561.788830462,997979702.0
2008-05-09,4900.557616078854,4755.450586329971,4884.466299069557,4813.34302825051,,3278079.99961264,997979702.0
2008-05-12,4883.265068492199,4725.376590527094,4870.483620275976,4818.605977516014,,2710208.399910908,997985413.0
2008-05-13,5074.986791735541,4757.518173541418,4808.950119683583,4996.04255275299,,8828194.755139789,997985413.0
2008-05-14,5238.890068861224,5031.37949782137,5108.82003701378,5173.479127989965,,8484115.801400308,997987701.0
2008-05-15,5299.789910362051,5041.153546457305,5093.564250792873,5280.24181309018,,6400161.480878921,997987701.0
2008-05-16,5388.508197980537,5191.523525471692,5262.0457674846175,5239.641918756295,,5556563.096171911,998025675.0
2008-05-19,5334.375005535359,5217.838271799209,5244.153018126726,5321.593557319136,,3811748.883917764,998025675.0
2008-05-20,5300.5417602571215,4956.94635820925,5300.5417602571215,4956.94635820925,,6352577.883656295,998029073.0
2008-05-21,5066.716442889751,4924.616812721155,4987.772203907198,4993.035153172701,,3893357.252839836,998029073.0
2008-05-22,5160.697679773743,4939.653810622594,4988.263011518701,5014.086950234715,,5457080.464445155,998029073.0
2008-05-23,5015.590650024859,4735.9024890581,4965.968556950112,4735.9024890581,,7048058.11374839,998029073.0
2008-05-26,,,,,,,
2008-05-27,4849.431823213963,4644.928651754398,4784.772732237776,4644.928651754398,,4552494.601164019,998029073.0
2008-05-28,4735.9024890581,4553.202964555622,4587.036209833859,4614.102806056449,,4261416.238149192,998030341.0
2008-05-29,4806.576379194862,4578.765860988067,4721.617341051734,4646.43235154454,,5327262.669107038,998032627.0
2008-05-30,4621.621305007167,4426.140332288465,4557.714063926053,4552.451114660549,,7083828.428381899,998032627.0
2008-06-02,4660.717499550908,4544.180765814757,4559.451213108616,4638.9138525938215,,4666802.242816885,998032627.0
2008-06-03,4649.439751124828,4553.202964555622,4623.876854692384,4608.088006895872,,5306259.260335261,998032627.0
2008-06-04,4619.365755321951,4496.814222425226,4587.036209833859,4514.106770011881,,5350280.352110631,998032627.0
2008-06-05,4627.944362624722,4375.014539423573,4445.981651019413,4482.52907441886,,6837967.132467583,998032627.0
2008-06-06,4611.847256371231,4439.67363039976,4490.011259019647,4439.67363039976,,6354002.64373493,998038613.0
2008-06-09,4524.6326685428885,4399.825585960946,4472.003175887852,4413.358884072241,,3697063.565846431,998038613.0
2008-06-10,4433.658831239184,4295.3184505459485,4413.358884072241,4307.348048867098,,6829360.467931399,998038613.0
2008-06-11,4343.436843830552,4150.211420797066,4314.866547817819,4210.35941240282,,7619581.795996631,998038613.0
2008-06-12,4426.8921821835365,4173.518767544295,4210.35941240282,4381.02933858415,,7491611.225705239,998038613.0
2008-06-13,4478.7698249435,4285.544401910013,4330.655395614329,4447.943979245551,,7072264.509069077,998054876.0
2008-06-16,4526.136368333031,4346.444243410839,4478.7698249435,4424.636632498321,,5129000.706932784,998054876.0
2008-06-17,4636.658302908606,4468.995776307565,4487.040173789292,4578.765860988067,,7102714.670307855,998054876.0
2008-06-18,4625.380554482526,4463.732827042061,4522.377118857672,4577.262161197924,,4552091.504217387,998054876.0
2008-06-19,4687.784095773497,4483.280924313931,4558.465913821125,4571.99921193242,,7031793.817727551,998054876.0
2008-06-20,4597.562108364865,4445.688429560335,4544.93261570983,4496.062372530154,,6226747.479736208,998054876.0
2008-06-23,4606.406118680597,4409.599634596882,4501.171192567168,4491.551273159723,,5046996.504072127,998054876.0
2008-06-24,4611.09540647616,4456.966177986414,4476.233835247423,4518.617869382312,,6377665.523953401,998055198.0
2008-06-25,4496.062372530154,4362.984941102422,4473.506875677996,4405.840385121523,,6608767.177014032,998055198.0
2008-06-26,4416.36628365253,4261.485205267712,4400.157076579684,4286.296251805085,,7537305.230334195,998055198.0
2008-06-27,4398.321886170804,4232.914909254979,4314.114697922746,4393.0589369053,,4619400.220795445,998055198.0
2008-06-30,4553.202964555622,4393.810786800373,4426.8921821835365,4517.866019487241,,5281612.242526365,998060543.0
2008-07-01,4538.165966654182,4329.1516958241855,4505.836421166089,4333.662795194617,,5593201.3402670855,998060543.0
2008-07-02,4468.995776307565,4143.444771741419,4362.233091207351,4143.444771741419,,5733483.919700183,998060543.0
2008-07-03,4139.685522266059,3984.804443881241,4056.230183913074,4105.100427092751,,8075045.030649895,998060543.0
2008-07-04,4247.951907156417,4011.8710401038297,4101.838977432917,4210.35941240282,,4185148.6011446505,998060543.0
2008-07-07,4201.337213661956,4035.930236746132,4072.019031709584,4195.322414501382,,5353351.394013345,998060543.0
2008-07-08,4147.955871111849,3932.174951226205,4044.2005855919233,3957.7378476586505,,8360565.982007109,998060543.0
2008-07-09,4097.58192814203,3966.0081965044415,4014.126589789045,4072.019031709584,,7199284.835807598,998060543.0
2008-07-10,4135.174422895628,3961.497097134011,3989.315543251672,4120.137424994188,,7368807.07513824,998060543.0
2008-07-11,4207.352012822532,3986.308143671384,4077.857597254756,4016.3821394742617,,6326746.995535672,998060543.0
2008-07-14,4175.774317229511,4053.2227843327855,4131.993721914525,4102.844877407533,,4102364.835420238,998060543.0
2008-07-15,4058.4857335982906,3899.093555843041,4029.915437585557,3924.656452275486,,4605230.092094942,998060543.0
2008-07-16,4009.615490418615,3699.101483753905,3993.826642622104,3778.04572273646,,8153190.155234693,998060543.0
2008-07-17,3920.897202800127,3744.212477458223,3847.996333274162,3860.749211194372,,6710369.396589292,998064468.0
2008-07-18,3984.804443881241,3681.057086272181,3755.113173161923,3811.878968014697,,8702583.451962465,998066058.0
2008-07-21,3974.278545350234,3843.4566636077175,3858.493661509154,3924.656452275486,,5008071.622943359,998066058.0
2008-07-22,3981.797044300952,3785.564221687179,3924.656452275486,3826.915965916135,,4786646.717604564,998066058.0
2008-07-23,3955.4822979734354,3747.219877038511,3903.604655213472,3834.434464866854,,6363465.132719368,998066058.0
2008-07-24,3880.5769966272096,3648.727540784087,3820.487799683249,3687.8237353278273,,6297446.810571066,998066058.0
2008-07-25,3776.542022946316,3628.427593617144,3647.975690889016,3724.664380186352,,4278665.882261798,998066058.0
2008-07-28,3858.493661509154,3774.286473261099,3815.638217490055,3834.434464866854,,4836979.363373135,998066058.0
2008-07-29,3979.541494615737,3802.104919378761,3819.280028011805,3862.252910984515,,5986195.442704551,998066058.0
2008-07-30,4027.411777434967,3946.460099232572,3961.9181330752513,4025.404338215125,,4729819.732140264,998066058.0
2008-07-31,4142.6929218463465,3967.158526843902,4059.989433388433,4014.878439684117,,5801862.719463893,998066058.0
2008-08-01,3928.4157017508455,3763.760574730093,3894.582456472609,3794.5864204280415,,4553114.377850731,998066058.0
2008-08-04,3823.156716440775,3602.112847289628,3773.534623366028,3612.6387458206336,,5484365.164676603,998066058.0
2008-08-05,3644.216441413655,3478.0576146027583,3518.657508936642,3571.287001591678,,8155615.999922529,998066058.0
2008-08-06,3721.656980606064,3488.8391420980893,3582.837145234741,3657.74973952495,,7282436.593939747,998066058.0
2008-08-07,3749.475426723726,3594.594348338908,3693.838534488403,3617.149845191066,,6894489.071593892,998066058.0
2008-08-08,3601.360997394555,3454.750267855529,3574.294401171965,3522.4167584120014,,5661271.46218878,998072588.0
2008-08-11,3632.186843092504,3426.9318217378664,3544.3716775679777,3450.991018380169,,6153725.196827519,998072588.0
2008-08-12,3540.9122658307724,3354.754231810962,3540.9122658307724,3409.639274151212,,6610362.617781781,998072588.0
2008-08-13,3536.7019064183687,3385.3094115466843,3409.639274151212,3502.11681124506,,7105069.095416558,998072588.0
2008-08-14,3713.386631760273,3600.6091474994823,3646.471991098871,3608.879496345274,,7621021.082091359,998072588.0
2008-08-15,3587.82769928326,3458.509517330888,3556.25000369024,3462.2687668062467,,7242992.407735588,998078235.0
2008-08-18,3601.360997394555,3481.0650141830465,3543.860645194296,3520.913058621859,,3840472.870243941,998078235.0
2008-08-19,3572.03885148675,3387.8356271941266,3520.913058621859,3489.335363028837,,3816978.249711901,998078235.0
2008-08-20,3751.730976408942,3593.842498443836,3613.390595715707,3748.723576828653,,7389463.070025082,998078235.0
2008-08-21,3897.589856052896,3704.364433019409,3746.468027143439,3866.012160459875,,5378259.880111948,998078235.0
2008-08-22,3911.875004059262,3750.2272766187975,3862.252910984515,3893.830606577537,,4095445.609753736,998078235.0
2008-08-25,,,,,,,
2008-08-26,3917.137953324767,3744.212477458223,3893.830606577537,3872.02695962045,,4813263.2210956495,998078235.0
2008-08-27,3945.708249337501,3834.434464866854,3894.497271879497,3941.94899986214,,3465342.136099087,998078235.0
2008-08-28,4024.652488320052,3900.597255633184,3976.53409503545,3953.978598183291,,4107053.107114843,998078235.0
2008-08-29,4039.689486221492,3907.363904688832,3959.231247105232,3931.423101331133,,3654756.543970251,998080280.0
2008-09-01,3926.912001960701,3753.234676199085,3924.656452275486,3766.76797431038,,3264591.383167253,998080280.0
2008-09-02,3769.023523995597,3575.046251067038,3756.242075779373,3631.434993197433,,7141445.871222026,998080280.0
2008-09-03,3612.6387458206336,3462.2687668062467,3497.605711874629,3462.2687668062467,,6706124.168385579,998080280.0
2008-09-04,3631.434993197433,3361.5208808666084,3497.605711874629,3361.5208808666084,,8287187.811704095,998080280.0
2008-09-05,3475.05021502247,3217.9175509078696,3341.2209336996666,3244.232297235388,,9737471.311118212,998080280.0
2008-09-08,3459.26136722596,3348.739432650386,3380.3171282434064,3375.806028872976,,3560804.6928716,998080280.0
2008-09-09,3369.7912297124,3137.469612135173,3345.732033070098,3206.639802481791,,8890414.524079293,998080280.0
2008-09-10,3254.0063458713225,3049.503174411757,3112.6585655978,3120.9289144435907,,10959967.510144005,998080280.0
2008-09-11,3220.924950488157,3031.4587769300306,3097.6215676963607,3126.191863709094,,7566112.741252918,998080280.0
2008-09-12,3381.0689781384795,3197.617603740928,3220.173100593085,3375.806028872976,,7034516.235243989,998080280.0
2008-09-15,3299.869189470711,3120.177064548518,3299.869189470711,3153.258459931684,,9644364.389955744,998080280.0
2008-09-16,3099.1252674865045,2870.562899384637,3074.3142209491307,2911.162793718521,,16155861.7316948,998080280.0
2008-09-17,3155.5140096169,2710.418871734316,2992.3625823862903,2744.2521170125524,,16212579.772038387,998080280.0
2008-09-18,2892.366546341723,2701.396672993452,2853.2703517979826,2748.0113664879123,,14981065.338020395,998080280.0
2008-09-19,3247.991546710747,2879.5850981255003,2879.5850981255003,3133.710362659813,,22023252.520263795,998080280.0
2008-09-22,3322.4246863228686,3117.9215148633034,3176.565806678914,3187.8435551049924,,8323936.211421323,998080280.0
2008-09-23,3187.8435551049924,2953.26638784255,3187.8435551049924,3024.692127874383,,11452619.767002702,998080280.0
2008-09-24,3082.5845697949226,2952.514537947477,3014.166229343376,3001.384781127153,,7849815.519595596,998081023.0
2008-09-25,3037.473576090605,2880.336948020572,3035.2180264053904,2962.2885865834123,,7039373.977126367,998081023.0
2008-09-26,2938.981239836183,2785.6038612415086,2893.043211247288,2785.6038612415086,,6999008.599401529,998081023.0
2008-09-29,2744.2521170125524,2470.578755206369,2738.2373178519774,2488.623152688095,,11197880.654251764,998081023.0
2008-09-30,2645.7597807581296,2338.253173673709,2405.919664230183,2609.670985794676,,10975285.194115996,998081023.0
2008-10-01,2837.481504001472,2566.8155417755765,2786.355711136581,2621.7005841158275,,11660447.1107754,998081023.0
2008-10-02,2773.5742629203583,2397.6493153843912,2608.9191358996045,2413.4381631809024,,9934617.19105585,998081023.0
2008-10-03,2590.122888522806,2342.7642730441403,2424.715911606981,2554.7859434544257,,11953825.426338574,998081023.0
2008-10-06,2343.516122939213,2052.550213546376,2270.586683117235,2171.34249696774,,11522971.683952626,998081023.0
2008-10-07,2351.034621889932,2148.787000115582,2213.4460910917683,2193.1461439248264,,14454728.460339136,998081023.0
2008-10-08,2239.760837419286,1929.246830754577,2083.376059244324,1975.1096743539656,,18914910.229220536,1002669221.0
2008-10-09,2202.1683426656896,1996.913321311052,2030.7465665892887,2067.587211447814,,11920204.9620871,1002669221.0
2008-10-10,1945.0356785510885,1717.977010239365,1803.6878982775647,1822.484145654364,,17122319.950030506,998081939.0
2008-10-13,2112.69820515213,1910.45058337778,2007.4392198420587,2102.9241565161947,,11762573.477431413,998081939.0
2008-10-14,2329.2309749328456,2053.302063441447,2163.072148121949,2124.727803473281,,12996899.906065095,998081939.0
2008-10-15,2090.142708299971,1714.9696106590775,2033.7539661695769,1772.110202684544,,19428490.84376785,998081939.0
2008-10-16,1791.6582999564143,1492.4220417177853,1630.7624224110211,1541.2922848974613,,16352529.463602647,998081939.0
2008-10-17,1730.0066085605158,1472.122094550843,1654.069769158251,1691.6622639118475,,18835025.61420838,998081939.0
2008-10-20,1913.4579829580675,1750.3065557274583,1766.847253419041,1913.4579829580675,,13201562.999331804,998081939.0
2008-10-21,2006.687369946987,1848.0470420868087,1968.3430252983185,1924.7357313841464,,11846616.16455071,998081939.0
2008-10-22,1948.043078131377,1744.291756566883,1887.8950865256213,1796.169399326846,,19066099.425738163,998081939.0
2008-10-23,1744.291756566883,1525.5034371009506,1669.858616954761,1684.143764961128,,15550069.966977524,998081939.0
2008-10-24,1717.977010239365,1502.1960903537206,1652.1299964289651,1711.962211078789,,11478616.493807076,998084695.0
2008-10-27,1712.7140609738617,1514.2256886748714,1627.0031729356613,1686.3993146463436,,8884995.109574582,998084695.0
2008-10-28,1864.587739778392,1636.777221571596,1770.6065028944006,1697.6770630724222,,9926223.57475572,998084695.0
2008-10-29,2012.7021691075624,1808.950847543069,1838.272993450874,2012.7021691075624,18759.0,11918509.049708027,998084695.0
2008-10-30,2221.71643993756,2002.176270576555,2127.735203053568,2079.6168097689647,18911.0,11481328.016811443,998084695.0
2008-10-31,2240.512687314358,1996.913321311052,2048.039114175944,2153.2980994860136,15481.0,10976981.106495067,998134791.0
2008-11-03,2244.271936789717,2112.69820515213,2214.949790881912,2180.364695708603,13836.0,7198456.852890193,998134791.0
2008-11-04,2372.086418951946,2001.4244206814835,2167.58324749238,2357.049421050508,16513.0,8942151.351403698,998134791.0
2008-11-05,2402.160414754824,2171.34249696774,2357.049421050508,2216.4534906720564,14365.0,7633879.027337963,998138358.0
2008-11-06,2142.0203510599345,1881.8802873650463,2109.6908055718413,1884.135837050262,18592.0,18058255.37704696,998138358.0
2008-11-07,2042.024315015368,1866.091439568536,1927.743130964434,1968.3430252983185,15962.0,9085012.298693627,998138358.0
2008-11-10,2291.638480179249,2091.6464080901155,2105.17970620141,2138.261101584575,14818.0,9363099.561314316,998138358.0
2008-11-11,2126.983353158496,1927.743130964434,2075.105710398533,1948.794928026448,12463.0,6893970.977019843,998138358.0
2008-11-12,2049.542813966087,1844.2877926114493,2002.928120471628,1914.2098328531392,18341.0,11481969.582522295,998138358.0
2008-11-13,1944.2838286560168,1818.7248961790044,1820.228595969148,1932.2542303348653,15582.0,10547485.546613986,998138358.0
2008-11-14,2088.639008509828,1901.4283846369167,2056.3094630217342,1926.2394311742903,15978.0,9223475.494610848,998192127.0
2008-11-17,1958.568976662384,1785.643500795839,1939.7727292855848,1848.0470420868087,14909.0,9275381.792123027,998192127.0
2008-11-18,1878.1210378896867,1718.7288601344371,1866.632771492988,1855.5655410375289,14088.0,7081425.583219547,998192127.0
2008-11-19,1839.776693241018,1684.143764961128,1834.5137439755144,1696.925213177351,9919.0,5551294.994334854,998192127.0
2008-11-20,1639.0327712568126,1490.1664920325695,1574.373680280626,1520.2404878354469,17890.0,10549987.65288632,998192127.0
2008-11-21,1672.866016535049,1535.2774857368854,1578.1329297559855,1560.088532274259,19488.0,11833845.375400675,998193284.0
2008-11-24,1878.8728877847584,1563.847781749619,1605.1995259785751,1842.032242926234,19297.0,11888882.02938129,998193284.0
2008-11-25,1315.7373163758812,1056.349102576065,1217.9968300165303,1165.3673373614947,80894.0,83729362.16263328,998193284.0
2008-11-26,1206.7190815904512,1080.408299218367,1178.9006354727896,1178.148785577718,33904.0,33508627.243058987,998193284.0
2008-11-27,1266.1152233011337,1130.7822421881858,1165.3673373614947,1240.5523268686882,16933.0,15237805.409488397,998193284.0
2008-11-28,1272.1300224617094,1189.4265340037969,1255.5893247701267,1208.974631275667,16374.0,11721621.006556077,998193284.0
2008-12-01,1178.9006354727896,1063.115751631712,1157.0969885157035,1071.3861004775033,19963.0,12018441.987933723,998193284.0
2008-12-02,1042.8158044647698,930.7901700990524,1028.5306564584032,954.849366741354,30635.0,27062507.86825872,998193284.0
2008-12-03,988.6826120195908,825.5311847889816,979.6604132787276,863.1236795425781,29618.0,29926497.148058843,998193284.0
2008-12-04,899.9643244011027,748.0906455965726,857.8607302770746,817.2608359431903,30183.0,30733621.916853085,998193284.0
2008-12-05,854.1014808017148,766.1350430782988,825.5311847889816,788.6905399304569,18284.0,14842633.615138046,998193284.0
2008-12-08,915.7531721976136,815.0052862579745,851.0940812214275,909.7383730370378,17612.0,14404970.80270765,998193284.0
2008-12-09,952.593817056138,869.1384787031535,879.6643772341605,945.8271680004908,17973.0,12392668.477576671,998193284.0
2008-12-10,1142.811840509337,1026.2751067731876,1030.034356248547,1138.3007411389056,25725.0,27187266.978491813,998193284.0
2008-12-11,1224.011629177106,1093.9415973296614,1121.008193552251,1135.2933415586176,16628.0,13599396.68613153,998193284.0
2008-12-12,1157.0969885157035,1037.5528551992666,1052.589853100705,1118.752643867035,16755.0,12961340.218664965,998193284.0
2008-12-15,1187.1709843185808,1126.2711428177545,1151.8340392502,1158.6006883058474,14874.0,12631520.970725236,998193284.0
2008-12-16,1159.578093169441,1075.8971998479349,1159.578093169441,1128.5266925029705,13164.0,8994716.161645507,998193284.0
2008-12-17,1177.3969356826456,1112.7378447064596,1131.2935001168348,1171.38213652207,15287.0,10808760.156106254,998193284.0
2008-12-18,1195.441333164372,1119.504493762107,1148.6010847013908,1149.5784895649845,9992.0,6093349.021430716,998193284.0
2008-12-19,1139.8044409290492,1029.2825063534751,1139.8044409290492,1074.393500057791,14834.0,12158332.36493226,998193284.0
2008-12-22,1081.9119990085103,1002.9677600259574,1060.1083520514242,1018.756607822468,9648.0,5273395.359422059,998193284.0
2008-12-23,1090.1823478543015,1016.5010581372524,1019.50845771754,1052.589853100705,7083.0,4774557.440709645,998193284.0
2008-12-24,1074.393500057791,1022.515857297828,1022.515857297828,1033.793605723907,1265.0,834985.6676641199,998193284.0
2008-12-25,,,,,,,
2008-12-26,,,,,,,
2008-12-29,1113.489694601532,1014.9973583471084,1015.7492082421802,1090.1823478543015,4473.0,2494604.795522114,998193284.0
2008-12-30,1121.760043447323,1060.1083520514242,1100.7082463853085,1088.678648064158,4445.0,3168438.840630236,998193284.0
2008-12-31,1127.7748426078983,1086.423098378942,1127.0229927128266,1120.256343657179,1835.0,1719346.474535894,998193750.0
2009-01-01,,,,,,,
2009-01-02,1274.385572146925,1127.7748426078983,1136.7970413487617,1273.6337222518532,5501.0,4738031.773239205,998193750.0
2009-01-05,1337.540963332967,1270.6263226715655,1298.444768789227,1303.7077180547303,11266.0,7905336.374112703,998193750.0
2009-01-06,1463.8517457050518,1302.2040182645865,1315.7373163758812,1448.8147478036133,18213.0,12329558.990151362,998193750.0
2009-01-07,1434.5295997972464,1348.0668618639745,1423.2518513711675,1362.352009870341,13459.0,10415427.113293242,998193750.0
2009-01-08,1326.2632149068884,1225.5153289672494,1294.6855193138674,1300.7003184744426,13848.0,10071374.790583268,998193750.0
2009-01-09,1351.0742614442624,1201.4561323249477,1314.9854664808097,1225.5153289672494,14497.0,9994451.061851775,998193750.0
2009-01-12,1246.5671260292636,1179.6524853678616,1202.9598321150916,1208.222781380595,11045.0,8454362.888934081,998193750.0
2009-01-13,1180.4043352629335,1095.4452971198052,1179.6524853678616,1169.1265868368546,17372.0,12842151.835604236,998193750.0
2009-01-14,1194.6894832693,1012.7418086618928,1187.922834213653,1037.5528551992666,17874.0,14135866.670540271,998193750.0
2009-01-15,1118.752643867035,1011.9899587668206,1052.589853100705,1053.341702995777,20914.0,18930028.180471227,998193750.0
2009-01-16,1161.608087886135,1094.693447224733,1105.2193457557405,1133.037791873402,16741.0,13439213.46464852,998193750.0
2009-01-19,1207.4709314855231,1075.1453499528627,1160.1043880959917,1119.504493762107,14773.0,10441702.2554061,998193750.0
2009-01-20,1165.3673373614947,1084.144993196874,1114.6998721926393,1108.9785952311,13961.0,10609037.11881313,998193750.0
2009-01-21,1154.0895889354158,1057.100952471137,1096.9489969099493,1135.2933415586176,17664.0,11935167.969166111,998193750.0
2009-01-22,1229.274578442609,1147.3229398797685,1169.1265868368546,1154.8414388304875,19424.0,13436517.678161588,998193750.0
2009-01-23,1183.9523149177778,1092.4378975395175,1167.374776581337,1145.067390194553,15496.0,10831405.004696744,998193750.0
2009-01-26,1245.8152761341917,1115.7452442867473,1133.037791873402,1245.0634262391195,15970.0,10597445.357969455,998193750.0
2009-01-27,1269.1226228814214,1193.1857834791565,1244.3115763440476,1232.2819780228967,14844.0,11325059.556665989,998193750.0
2009-01-28,1222.5079293869617,1131.5340920832575,1221.7560794918895,1214.2375805411705,20415.0,16150441.106688747,998193750.0
2009-01-29,1184.9154346333653,1115.7452442867473,1165.3673373614947,1165.3673373614947,21104.0,20013800.925791427,998193750.0
2009-01-30,1253.333775084911,1127.7748426078983,1217.9968300165303,1132.28594197833,24040.0,21598833.803007856,998283690.0
2009-02-02,1214.2375805411705,1169.1265868368546,1206.7190815904512,1207.4709314855231,17223.0,16557786.9130279,998283690.0
2009-02-03,1260.8522740356302,1167.6228870467107,1229.274578442609,1259.3485742454864,15239.0,13747657.67990471,998283690.0
2009-02-04,1403.7037540992974,1236.0412274982564,1248.8226757144794,1399.1926547288658,21891.0,20097692.30024307,998283690.0
2009-02-05,1424.7555511613114,1324.0076652216726,1342.0520627033989,1381.1482572471396,20025.0,14472376.359393006,998283690.0
2009-02-06,1493.1738916128572,1360.8483100801973,1394.681555358434,1471.370244655771,20370.0,15786304.145724997,998283690.0
2009-02-09,1489.4146421374974,1398.4408048337937,1446.5591981183975,1443.5517985381098,17037.0,11746870.854032908,998283690.0
2009-02-10,1490.9183419276414,1386.4112065126428,1427.7629507415993,1430.770350321887,16752.0,12717298.306266524,998283690.0
2009-02-11,1535.2774857368854,1439.79254906275,1468.3628450754836,1480.3924433966345,22258.0,16772205.436603624,998283690.0
2009-02-12,1571.3662807003384,1206.7190815904512,1458.5887964395483,1457.8369465444764,30727.0,30082195.462072574,998283690.0
2009-02-13,1505.95533982908,1435.2814496923186,1493.9257415079292,1495.429441298073,18541.0,11667539.438133698,998283690.0
2009-02-16,1492.4220417177853,1436.0332995873905,1462.2691016759256,1447.3110480134692,6117.0,4436954.669145774,998283690.0
2009-02-17,1457.8369465444764,1381.9001071422117,1445.8178741218564,1426.2592509514552,13163.0,7441313.684475563,998283690.0
2009-02-18,1435.2814496923186,1355.5853608146936,1400.6963545190097,1416.4852023155202,14354.0,7796985.609560056,998283690.0
2009-02-19,1523.2478874157346,1432.2740501120306,1449.5665976986852,1503.6997901438642,17231.0,13126934.381143294,998283690.0
2009-02-20,1436.0332995873905,1354.0816610245497,1432.2740501120306,1360.8483100801973,15121.0,11679638.399039349,998283690.0
2009-02-23,1414.9815025253763,1345.0594622836866,1391.210264392887,1370.6223587161323,12666.0,8446087.901765395,998283690.0
2009-02-24,1358.5927603949815,1302.9558681596582,1342.0520627033989,1343.5557624935427,11450.0,8182681.599411213,998283690.0
2009-02-25,1393.1778555682904,1304.4595679498022,1327.3909897494964,1350.3224115491903,10396.0,6205453.550642534,998283690.0
2009-02-26,1427.0111008465274,1336.2553000123942,1369.8705088210604,1408.9667033648009,12179.0,7076403.21315476,998283690.0
2009-02-27,1421.748151581024,1317.2410161660252,1381.1482572471396,1354.0816610245497,13024.0,7718110.552666493,998476264.0
2009-03-02,1368.3668090309166,1244.3115763440476,1244.3115763440476,1264.61152351099,11651.0,8797117.55420625,998476264.0
2009-03-03,1300.7003184744426,1202.9598321150916,1287.167020363148,1217.244980121458,15768.0,9346538.692464871,998476264.0
2009-03-04,1387.914906302787,1262.355973825774,1269.8744727764931,1387.914906302787,15352.0,12173749.310014237,998501267.0
2009-03-05,1382.6519570372832,1284.1596207828602,1360.8483100801973,1302.9558681596582,13241.0,8489564.26793721,998511650.0
2009-03-06,1398.4408048337937,1305.2114178448742,1360.8483100801973,1372.1260585062762,16253.0,8849894.202182777,998511650.0
2009-03-09,1393.1778555682904,1319.4965658512413,1379.6445574569957,1346.5631620738304,13544.0,7255027.212070151,998511650.0
2009-03-10,1503.6997901438642,1394.681555358434,1399.9445046239375,1499.1886907734324,18375.0,13008630.87456301,998511650.0
2009-03-11,1599.936576713072,1470.6183947606994,1503.6997901438642,1566.8551813299066,19346.0,14157676.273205312,998511650.0
2009-03-12,1560.8403821693312,1487.9109423473535,1503.6997901438642,1548.8107838481803,16112.0,12780716.471533852,998527144.0
2009-03-13,1651.0623695779632,1556.3292827988998,1581.8921792313452,1561.592232064403,14406.0,9460134.559329093,998527144.0
2009-03-16,1586.4032786017772,1512.7219888847278,1534.5256358418137,1579.6366295461294,12580.0,6916877.293900042,998527144.0
2009-03-17,1578.1329297559855,1444.3036484331817,1578.1329297559855,1490.1664920325695,15736.0,10306399.678490844,998527144.0
2009-03-18,1466.1072953902676,1372.1260585062762,1437.5369993775344,1389.4186060929308,20538.0,13015477.470149038,998549031.0
2009-03-19,1564.599631644691,1390.9223058830746,1394.681555358434,1487.9109423473535,24793.0,18757104.43237172,998549031.0
2009-03-20,1549.5626337432525,1443.5517985381098,1445.8073482233256,1524.7515872058784,16077.0,14084328.36543583,998549031.0
2009-03-23,1733.7658580358757,1572.1181305954103,1584.8995788116329,1723.2399595048685,21017.0,16203744.322748711,998549031.0
2009-03-24,1758.5769045732493,1590.9143779722085,1737.525107511235,1684.8956148562,20597.0,12761997.278792985,998549031.0
2009-03-25,1716.4733104492211,1623.9957733553736,1650.3105196828906,1668.3549171646175,18518.0,12501632.966309328,998572592.0
2009-03-26,1798.424949012062,1705.1955620231422,1707.451111708358,1790.9064500613429,16662.0,12069324.201311216,998572592.0
2009-03-27,1881.1284374699744,1743.5399066718105,1747.29915614717,1863.084039988248,20421.0,12919950.75680544,998572592.0
2009-03-29,,,,,,,
2009-03-30,1854.061841247385,1752.5621054126736,1804.439748172637,1757.073204783106,14049.0,9582625.190048711,998572592.0
2009-03-31,1820.228595969148,1748.8028559373145,1763.8398538387528,1766.847253419041,15281.0,10239501.321867466,998566792.0
2009-04-01,1789.4027502711983,1684.143764961128,1729.254758665444,1765.3435536288966,13551.0,6778577.515663887,998566792.0
2009-04-02,1917.217232433427,1805.943447962781,1841.280393031161,1906.69133390242,16136.0,8658454.625567725,998566792.0
2009-04-03,1930.7505305447216,1843.535942716378,1894.924131194649,1872.1062387291115,14332.0,7519237.287314915,998566792.0
2009-04-06,1865.339589673464,1641.288320942028,1819.476746074076,1660.084568318826,19180.0,11852441.097004736,998566792.0
2009-04-07,1718.7288601344371,1598.432876922927,1680.3845154857688,1623.9957733553736,12242.0,7719345.264034553,998566792.0
2009-04-08,1704.4437121280705,1596.1773272377122,1611.879336371342,1686.3993146463436,13164.0,7905582.105884974,998566792.0
2009-04-09,1796.169399326846,1657.0771687385386,1706.6992618132858,1775.117602264832,11133.0,7502429.47619186,998566792.0
2009-04-10,,,,,,,
2009-04-13,,,,,,,
2009-04-14,1945.7875284461609,1805.1915980677093,1830.002644605083,1879.6247376798297,15499.0,9582255.987139637,998566792.0
2009-04-15,1839.024843345946,1760.8324542584653,1808.1989976479963,1782.6361012155514,12269.0,7764401.334456679,998566792.0
2009-04-16,1888.6469364206928,1805.943447962781,1819.476746074076,1860.0766404079604,11630.0,7292624.173227584,998566792.0
2009-04-17,1894.661735581269,1789.4027502711983,1879.6247376798297,1802.9360483824933,12364.0,8581898.88924397,998566792.0
2009-04-20,1834.5137439755144,1678.8808156956245,1785.643500795839,1708.9548114985018,11174.0,6162944.375042368,998566792.0
2009-04-21,1742.7880567767388,1655.573468948395,1668.3549171646175,1725.4955091900845,14888.0,9539370.345622344,998566792.0
2009-04-22,1866.843289463608,1701.436312547782,1736.7732576161632,1858.5729406178168,15135.0,9223815.645487737,998566792.0
2009-04-23,1984.1318730948287,1831.506344395227,1873.609938519256,1933.0060802299367,15060.0,9311366.365493933,998629580.0
2009-04-24,2025.4836173237857,1916.4653825383552,1947.2912282363045,2025.4836173237857,9316.0,5536874.291856715,998629580.0
2009-04-27,2037.513215644936,1927.743130964434,1978.827797640065,2019.46881816321,11757.0,5738040.246748594,998629580.0
2009-04-28,1966.8393255081744,1863.084039988248,1966.0874756131027,1893.1580357911257,11785.0,5990226.412170865,998640268.0
2009-04-29,2028.491016904073,1916.4653825383552,1931.502380439794,2015.70956868785,9521.0,5556168.472734668,998640268.0
2009-04-30,2100.668606830978,2026.235467218857,2051.0465137562305,2085.63160892954,9622.0,4917171.4457259625,998651060.0
2009-05-01,2144.275900745151,2052.550213546376,2136.378319077336,2142.7722009550066,6421.0,2838114.8136312137,998651060.0
2009-05-04,,,,,,,
2009-05-05,2330.734674722989,2174.349896548028,2255.5496852157967,2202.9201925607613,17371.0,11139303.28384804,998697311.0
2009-05-06,2262.316334271444,2157.057348961373,2220.681744111961,2225.475689412919,13159.0,7081620.473935486,998706718.0
2009-05-07,2400.6567149646794,2248.783036160149,2292.3903300743214,2269.834833222163,16736.0,8752322.952073831,998707168.0
2009-05-08,2352.538321680076,2239.760837419286,2270.586683117235,2254.797835320725,14504.0,9376180.238807704,998707168.0
2009-05-11,2278.1051820679545,2199.912792980473,2255.358038677543,2263.0681841665155,11232.0,7784587.654823122,998724835.0
2009-05-12,2275.8496323827385,2094.6538076704032,2234.4978881537827,2105.931556096482,14869.0,10375294.151825922,998729066.0
2009-05-13,2096.9093573556183,1866.091439568536,2096.9093573556183,1881.8802873650463,20715.0,15603304.184461037,998732070.0
2009-05-14,1951.050477711664,1810.4545473332128,1852.558141457241,1950.298627816592,19789.0,14604808.837628191,998732070.0
2009-05-15,2063.827961972453,1955.561577082096,2009.6947695272747,2002.928120471628,14712.0,10107049.47561082,998732690.0
2009-05-18,1995.4096215209083,1887.8950865256213,1939.7727292855848,1993.154071835692,11399.0,6019474.545577797,998732690.0
2009-05-19,2108.9389556767696,2041.272465120296,2052.550213546376,2063.827961972453,11906.0,7669637.2369580595,998732690.0
2009-05-20,2158.5610487515173,2072.098310818245,2105.17970620141,2153.2980994860136,12420.0,7792420.809002257,998732690.0
2009-05-21,2155.5536491712296,1993.154071835692,2108.9389556767696,1997.665171206124,11273.0,6665316.95767119,998739387.0
2009-05-22,2117.9611544176328,2039.01691543508,2071.3464609231733,2081.87235945418,9865.0,5276525.715890493,998739387.0
2009-05-25,,,,,,,
2009-05-26,2096.9469498503727,1984.883722989901,2076.6094101886765,2069.8427611330294,12209.0,7039142.771370191,998739387.0
2009-05-27,2119.464854207777,2023.979917533641,2035.896738370532,2057.8131628118786,10877.0,5289620.919399979,998739387.0
2009-05-28,2077.3612600837487,1987.139272675117,2050.6160796913023,2072.098310818245,11970.0,5574141.996649332,998739387.0
2009-05-29,2197.6572432952576,2055.557613126663,2097.661207250691,2105.17970620141,14646.0,11358362.86956606,998741901.0
2009-06-01,2279.6088818580984,2144.275900745151,2172.846196757884,2242.016387104502,10798.0,6510686.305840427,998741901.0
2009-06-02,2311.18657745112,2199.912792980473,2212.694241196697,2295.397729654609,11567.0,5920512.429427772,998749265.0
2009-06-03,2311.18657745112,2184.123945183963,2263.0681841665155,2189.386894449466,13452.0,7817541.132835575,998759954.0
2009-06-04,2209.686841616409,1969.8467250884623,2151.042549800798,2045.031714595656,27156.0,24586863.155244377,998761895.0
2009-06-05,2391.6345162238167,2200.6646428755457,2217.9571904622,2256.3015351108684,27761.0,28496146.97423085,998761895.0
2009-06-08,2236.753437838998,2129.990752738784,2235.2497380488544,2199.160943085402,16578.0,10342985.871028343,998774629.0
2009-06-09,2253.2941355305807,2176.605446233244,2185.627644974107,2219.460890252344,12663.0,7439114.203538538,998785098.0
2009-06-10,2397.6493153843912,2266.827433641876,2282.616281438386,2366.8234696864424,22423.0,14578856.899373446,998793614.0
2009-06-11,2398.401165279464,2278.1051820679545,2383.364167378025,2373.59011874209,13380.0,7154165.819315728,998866129.0
2009-06-12,2368.327169476587,2289.3829304940336,2360.808670525867,2342.7642730441403,14682.0,7123521.977862352,998956129.0
2009-06-15,2291.638480179249,2171.34249696774,2275.8496323827385,2180.364695708603,15676.0,8287829.377414951,998972340.0
2009-06-16,2198.4090931903297,2094.6538076704032,2184.123945183963,2126.983353158496,17417.0,12324311.466837106,998972340.0
2009-06-17,2125.1192404260987,1936.7253720028857,2116.018087362176,1960.3883699690864,25861.0,17379894.0,1523432818.0
2009-06-18,1983.1412526288943,1860.2756862659287,1976.770445484148,1864.826262797892,24503.0,18638560.0,1523432818.0
2009-06-19,1913.062374036685,1847.534071976437,1871.1970699426377,1906.6915668919385,29062.0,28250110.0,1523432818.0
2009-06-22,1950.377101598771,1822.050843397452,1906.6915668919385,1833.427284727356,30561.0,18720853.0,1523432818.0
2009-06-23,1859.3655709595373,1792.0170382865049,1811.129459720744,1837.5228036061208,37568.0,25791498.0,1523432818.0
2009-06-24,1940.8208908816512,1813.3592422214049,1830.5149157469,1939.4557179220624,36929.0,24739853.0,1523432818.0
2009-06-25,1949.466986292378,1874.8375311682069,1945.371467413613,1893.0398372960533,22715.0,14567745.0,1523432818.0
2009-06-26,1935.8152566964927,1842.528437791279,1893.0420215727888,1874.8375311682069,18797.0,12662104.0,1523432818.0
2009-06-29,1965.84906180744,1842.0733801380827,1893.0398372960533,1959.4782546626936,23855.0,15854938.0,1523432818.0
2009-06-30,1986.781713854464,1911.2421434239,1959.4782546626936,1915.7927199558617,12290.0,8370681.0,1523432818.0
2009-07-01,1998.158155184368,1930.3545648581392,1946.2815827200047,1964.028831194656,11201.0,8134508.0,1523432818.0
2009-07-02,1955.837793437125,1825.2362469698248,1943.096179147632,1852.0846485083985,17038.0,14225929.0,1523432818.0
2009-07-03,1880.298223006561,1757.887714296792,1852.0846485083985,1843.8936107508675,9841.0,6910237.0,1523432818.0
2009-07-06,1823.41601635704,1709.1965454048025,1806.578883188782,1715.5673525495483,18427.0,13032007.0,1523432818.0
2009-07-07,1803.848537269605,1716.0224102027448,1792.0170382865049,1747.4213882732802,16549.0,9146051.0,1523432818.0
2009-07-08,1791.5619806333082,1716.4774678559409,1772.3676488214942,1725.123563266668,14611.0,9863255.0,1523432818.0
2009-07-09,1812.039575027136,1713.237457365184,1725.123563266668,1790.1968076737198,12191.0,8831308.0,1523432818.0
2009-07-10,1788.44847617014,1713.237457365184,1757.3421001706097,1730.584255105022,10807.0,6600685.0,1523432818.0
2009-07-13,1763.348406135146,1658.2300882468314,1730.584255105022,1749.241618886065,12745.0,8145939.0,1523432818.0
2009-07-14,1842.983495444476,1783.8260005289735,1806.578883188782,1837.9778612593177,12764.0,10161498.0,1523432818.0
2009-07-15,1930.3545648581392,1812.949690333528,1837.9806826167671,1915.3376623026656,12868.0,8584205.0,1523432818.0
2009-07-16,1931.264680164532,1872.562242902226,1925.8039883261767,1893.49489494925,12408.0,5815112.0,1523432818.0
2009-07-17,1974.040099564972,1899.865702093996,1938.090544962474,1960.3883699690864,14221.0,8872181.0,1523445363.0
2009-07-20,2082.798878678854,1993.1525209992103,2012.2649424334493,2032.2874791740803,15255.0,8596627.0,1523445363.0
2009-07-21,2093.265204702367,2018.180691924999,2058.2257654062623,2078.70335980009,13256.0,11511512.0,1523445363.0
2009-07-22,2112.832683789802,2025.006556722942,2067.7819761233814,2106.9169342982523,13463.0,7274599.0,1523445363.0
2009-07-23,2203.38915677584,2117.83831797496,2138.770970021984,2193.377888405524,15200.0,9934583.0,1523445363.0
2009-07-24,2257.1769713836256,2143.7766042071416,2193.375704128788,2211.58019453337,11796.0,6428789.0,1523445363.0
2009-07-27,2262.0915940381446,2189.737427179954,2204.499497449638,2232.0577889271976,10246.0,5320305.0,1523445363.0
2009-07-28,2257.085959852987,2125.5742980792947,2250.2600950550445,2127.8495863452754,12200.0,6844782.0,1528978708.0
2009-07-29,2162.8890256413806,2067.7819761233814,2093.265204702367,2089.624743476797,12881.0,6977786.0,1523447337.0
2009-07-30,2259.816305772164,2126.484413385687,2131.490047570845,2240.703884337925,13412.0,8254429.0,1523447337.0
2009-07-31,2298.0411486406424,2218.4060593313125,2247.9848067890634,2265.2769976105174,11888.0,6097368.0,1523447337.0
2009-08-03,2397.243717037406,2244.3443455634947,2265.2769976105174,2375.4009496839903,13078.0,7492686.0,1523447337.0
2009-08-04,2481.884440531893,2278.473669553207,2357.399506004265,2338.996337428297,11890.0,6599752.0,1523447337.0
2009-08-05,2373.1256614180097,2254.35561393381,2331.001702553886,2296.2209180278574,14315.0,6876856.0,1523447337.0
2009-08-06,2359.928989475321,2233.8780195399827,2296.2209180278574,2270.737689448872,12606.0,5911671.0,1523447337.0
2009-08-07,2266.1871129169103,2162.433967988184,2247.9848067890634,2203.844214429036,16095.0,9892132.0,1523447337.0
2009-08-10,2194.288003711916,2120.568663894137,2188.827311873561,2132.4001628772367,14151.0,8742337.0,1523447337.0
2009-08-11,2177.905928196854,2082.343821025659,2132.4001628772367,2097.815781234329,12308.0,8074611.0,1523454993.0
2009-08-12,2134.220393490022,2006.804250595096,2097.815781234329,2104.1865883790747,15571.0,11409756.0,1523455206.0
2009-08-13,2241.6139996443176,2155.6081031902413,2200.658810856662,2192.922830752328,13172.0,7519639.0,1523456871.0
2009-08-14,2277.563554246815,2125.1192404260987,2238.8836537251395,2144.2316618603377,12251.0,8045578.0,1523456871.0
2009-08-17,2106.00681899186,2019.090807231392,2102.36635776629,2043.6639205039849,18245.0,8772857.0,1523458553.0
2009-08-18,2126.939471038884,2057.770707753066,2093.265204702367,2077.3381868405013,12688.0,6937501.0,1523458553.0
2009-08-19,2106.00681899186,2028.1919602953155,2077.3381868405013,2103.731530725879,11013.0,5988225.0,1523458553.0
2009-08-20,2165.164313907361,2115.1079720557823,2155.1530455370457,2124.664182772903,13527.0,7411810.0,1523458553.0
2009-08-21,2193.377888405524,2064.596572551008,2140.691313318472,2182.001447075619,12531.0,8749855.0,1523458553.0
2009-08-24,2300.771494559819,2210.215021573781,2224.3218088228627,2288.0298802703264,13519.0,6450181.0,1523461751.0
2009-08-25,2279.838842512795,2211.58019453337,2220.6813475972936,2257.5410175061834,11591.0,6802810.0,1523461751.0
2009-08-26,2270.737689448872,2147.872123085908,2256.1758445465944,2167.4396021733423,14941.0,8974063.0,1523464752.0
2009-08-27,2196.1082343247003,2134.220393490022,2151.05752665828,2158.793506762615,13497.0,7813578.0,1523464752.0
2009-08-28,2242.5241149507096,2185.641908301189,2242.5241149507096,2196.5632919778964,12060.0,7344468.0,1523464752.0
2009-08-31,,,,,,,
2009-09-01,2207.4846756546053,2121.478779200529,2206.5745603482123,2121.478779200529,14104.0,7469253.0,1523465768.0
2009-09-02,2161.978910334988,2059.135880712654,2116.018087362176,2104.1865883790747,14332.0,9238114.0,1523465768.0
2009-09-03,2182.456504728816,2126.484413385687,2131.490047570845,2134.220393490022,12919.0,7149689.0,1523465768.0
2009-09-04,2212.490309839762,2141.501315941161,2155.6081031902413,2198.383522590681,11457.0,7360227.0,1523465768.0
2009-09-07,2267.097228223302,2205.209387388624,2229.782500661217,2242.9791726039057,7894.0,4683745.0,1523465768.0
2009-09-08,2339.906452734689,2272.5579200616567,2275.288265980833,2322.6142619132347,14741.0,8241632.0,1523465768.0
2009-09-09,2350.8278364113976,2259.816305772164,2319.110317983624,2311.692878236527,10277.0,5810496.0,1523502568.0
2009-09-10,2385.218363494044,2282.569188431972,2311.692878236527,2316.2434547684884,11211.0,5929118.0,1523523774.0
2009-09-11,2409.5302736737026,2345.367144573043,2345.367144573043,2383.136929788325,14101.0,10165066.0,1523523774.0
2009-09-14,2376.7661226435785,2298.0411486406424,2298.9512639470336,2370.8503731520286,9896.0,7040769.0,1523529244.0
2009-09-15,2423.182003269588,2344.912086919848,2370.8503731520286,2409.985331326898,9697.0,5809029.0,1523529244.0
2009-09-16,2515.1036492152134,2426.367406841961,2440.0191364378456,2478.69903695952,15107.0,8714415.0,1523548036.0
2009-09-17,2522.202548605074,2439.1090211314536,2484.809460115108,2493.7159395149934,10270.0,4910229.0,1523548968.0
2009-09-18,2516.468822174802,2445.4798282762,2453.836416007964,2491.8957089022088,11069.0,8136432.0,1523551494.0
2009-09-21,2473.6934027743623,2399.9740629565827,2461.861903791262,2406.34487010133,10938.0,7177850.0,1523551494.0
2009-09-22,2517.3789374811945,2448.210174195377,2452.7607507273383,2464.1371920572424,11049.0,6723849.0,1523609521.0
2009-09-23,2521.019398706764,2444.569712969808,2474.6710486364886,2457.3113272593,9200.0,5435454.0,1523609521.0
2009-09-24,2490.9855935958167,2399.5190053033866,2439.1090211314536,2405.889812448133,14436.0,7746810.0,1523609521.0
2009-09-25,2451.39557776775,2364.4795660072828,2428.4240854113464,2393.603255811837,10415.0,6015870.0,1523609521.0
2009-09-28,2445.934885929396,2306.2776921634927,2425.120548872204,2445.024770623004,13269.0,6433561.0,1523609521.0
2009-09-29,2456.4012119529084,2393.603255811837,2445.024770623004,2430.4629257207266,8421.0,3787343.0,1523609954.0
2009-09-30,2480.1388393742327,2381.31669917554,2430.4629257207266,2428.6426951079425,13620.0,7622916.0,1523609954.0
2009-10-01,2463.6821344040463,2342.636798653866,2434.5584445994923,2344.457029266651,10567.0,5530094.0,1523609954.0
2009-10-02,2333.99070324314,2216.130771065332,2304.4119557853887,2280.293900165991,18737.0,9875432.0,1523623578.0
2009-10-05,2361.749220088105,2297.586090987446,2329.8951843643736,2333.5356455899428,13349.0,7553961.0,1523623578.0
2009-10-06,2507.822726764075,2377.221180296775,2389.962794586267,2494.17099716819,18563.0,10352040.0,1523623578.0
2009-10-07,2548.322857898534,2452.7607507273383,2517.3789374811945,2492.350766555405,13484.0,6563678.0,1523625721.0
2009-10-08,2593.8286232181504,2542.407108406984,2581.0870089286577,2585.182527807424,18064.0,10637730.0,1523625721.0
2009-10-09,2610.665756386408,2530.1205517706867,2585.182527807424,2597.46908444372,10346.0,5219967.0,1523625721.0
2009-10-12,2658.901867625202,2580.6319512754617,2606.570237507643,2637.9692155781786,9626.0,4898270.0,1523625721.0
2009-10-13,2686.660384470168,2587.002758420208,2608.1811415999573,2592.0083926053658,12822.0,6234481.0,1523626792.0
2009-10-14,2750.368455917632,2648.43554160169,2684.8401538573835,2728.525688564216,14537.0,9718345.0,1523626792.0
2009-10-15,2753.5538594900045,2653.4411757868484,2753.098801836809,2681.1996926318143,10719.0,4989274.0,1523626792.0
2009-10-16,2722.6099390726654,2602.929776282073,2681.1996926318143,2653.4411757868484,11422.0,5832129.0,1523720888.0
2009-10-17,,,,,,,
2009-10-19,2718.5144201939,2660.2670405847903,2675.283943140264,2704.4076329448185,8482.0,3861719.0,1523724284.0
2009-10-20,2769.9359350050668,2674.828885487068,2704.4076329448185,2685.2952115105795,11616.0,5588418.0,1523724284.0
2009-10-21,2761.812245780209,2621.5871400631167,2685.2952115105795,2707.593036517192,12271.0,6353719.0,1523725461.0
2009-10-22,2773.408024898954,2627.957947207863,2671.1884242614983,2671.1884242614983,11269.0,5272429.0,1523725461.0
2009-10-23,2775.8516844966166,2711.688555395957,2721.244766113077,2730.8009768301963,11419.0,5326259.0,1523729755.0
2009-10-26,2796.784336543641,2682.564865591404,2740.5301094555307,2703.9525752916225,9499.0,4117581.0,1523729755.0
2009-10-27,2719.8795931534887,2612.4859869991933,2689.845788042541,2612.4859869991933,16378.0,7204299.0,1523729755.0
2009-10-28,2597.924142096916,2430.4629257207266,2566.52516402638,2432.738213986708,19063.0,9046693.0,1523729755.0
2009-10-29,2546.5026272857485,2394.5133711182298,2423.182003269588,2535.5812436090414,15595.0,8047593.0,1523729755.0
2009-10-30,2623.862428329097,2425.457291535569,2566.52516402638,2450.9405201145537,13949.0,7694908.0,1523750020.0
2009-11-02,2576.991490049892,2432.283156333511,2450.9405201145537,2560.1543568816337,14104.0,7763013.0,1523750020.0
2009-11-03,2548.322857898534,2457.3113272593,2543.399134090951,2535.5812436090414,13134.0,6642231.0,1523750020.0
2009-11-04,2619.311851797136,2550.598146164514,2553.328492083692,2605.660122201251,10592.0,5854938.0,1523750020.0
2009-11-05,2638.4242732313746,2506.00249615129,2580.986805233424,2615.6713905715665,9686.0,4974472.0,1523750020.0
2009-11-06,2663.9075018103604,2567.435279332773,2615.6713905715665,2654.806348746437,12490.0,5816607.0,1523750020.0
2009-11-09,2795.874221237248,2699.4019987596607,2739.447072240924,2768.570762045478,11047.0,6324957.0,1523750020.0
2009-11-10,2797.6944518500327,2743.542591119689,2780.4022610285783,2769.4808773518707,10503.0,4734003.0,1523761777.0
2009-11-11,2917.8296722938207,2827.72825696098,2839.5597559440807,2837.739525331296,12359.0,7006880.0,1523773536.0
2009-11-12,2917.8296722938207,2797.448720717307,2876.146391261052,2821.3574498162334,12290.0,6394657.0,1523799767.0
2009-11-13,2855.941831459142,2786.318010520129,2809.9810084863293,2851.3912549271804,10644.0,4036498.0,1523799767.0
2009-11-16,3013.8468371182125,2944.2230161791986,2971.5264753709685,3007.931087626662,14998.0,7172670.0,1523811351.0
2009-11-17,3007.931087626662,2929.6611712769213,3007.931087626662,2941.947727913218,11627.0,5161994.0,1523844430.0
2009-11-18,3036.722585344384,2944.678073832395,2953.3241692431225,3012.4816641586235,13643.0,6452315.0,1523848244.0
2009-11-19,2989.27372384562,2883.2452906509125,2981.0826860880884,2897.8071355531893,13120.0,6451694.0,1523850329.0
2009-11-20,2924.2323334742905,2815.89675797788,2921.015075866195,2865.0429845230656,13017.0,7082184.0,1523850329.0
2009-11-23,3014.301894771408,2950.138765670749,3011.5715488522314,2971.5264753709685,11813.0,5332763.0,1523877414.0
2009-11-24,2994.2793580307766,2886.885751876482,2912.3689804554674,2886.885751876482,14688.0,7140057.0,1523877414.0
2009-11-25,2936.94209372806,2846.840678395219,2886.885751876482,2863.2227539102814,15764.0,7843256.0,1523878318.0
2009-11-26,2843.655274822846,2725.3402849918425,2843.655274822846,2725.3402849918425,11323.0,5913999.0,1523878318.0
2009-11-27,2838.194582984492,2639.3343885377667,2645.705195682513,2811.8012390991144,14884.0,7635023.0,1523878318.0
2009-11-30,2876.4194258529697,2769.4808773518707,2845.0204477824345,2810.436066139526,10887.0,6084325.0,1523878318.0
2009-12-01,2921.4701335193904,2830.4586028801573,2831.505235482509,2921.4701335193904,12236.0,7523777.0,1523884677.0
2009-12-02,2998.638810348396,2903.5408619834616,2921.4701335193904,2996.0995886435617,11638.0,5678320.0,1523902596.0
2009-12-03,3052.9817952930825,2897.352077899993,3014.301894771408,2897.352077899993,15216.0,7069941.0,1523910976.0
2009-12-04,3000.6501651755234,2839.5597559440807,2889.1610401424628,2844.110332476042,13517.0,6967842.0,1523910976.0
2009-12-07,2893.2565590212284,2784.9528375605405,2784.9528375605405,2884.610463610501,12125.0,5463772.0,1523918836.0
2009-12-08,2904.633000351132,2803.1551436883874,2827.273199307783,2809.5259508331333,12829.0,6602281.0,1523921422.0
2009-12-09,2875.054252893381,2798.149509503229,2839.5597559440807,2857.7620620719267,10761.0,6162001.0,1523921422.0
2009-12-10,2848.660909008004,2800.606820830488,2830.4586028801573,2816.806873284272,10238.0,4126792.0,1523921422.0
2009-12-11,2894.16667432762,2838.194582984492,2849.1159666612,2852.3013702335734,8625.0,4815655.0,1523921422.0
2009-12-14,2903.267827391544,2862.3126386038884,2891.436328408443,2890.071155448855,8249.0,4552565.0,1523921422.0
2009-12-15,2930.1162289301174,2805.430431954368,2923.290364132175,2850.0260819675923,10461.0,4661585.0,1523921422.0
2009-12-16,2904.633000351132,2836.829410024904,2847.295736048415,2900.5374814723664,9192.0,4772354.0,1523926822.0
2009-12-17,2887.7958671828737,2813.9309089160724,2866.863215135851,2852.3013702335734,10434.0,4969202.0,1523926822.0
2009-12-18,2910.548749842682,2844.110332476042,2848.660909008004,2850.481139620788,9977.0,7680563.0,1523926822.0
2009-12-21,2932.518933338993,2825.908026348196,2841.379986556865,2915.099326374644,7221.0,2868759.0,1523926822.0
2009-12-22,2956.054515162299,2910.6306602202576,2914.644268721448,2926.9308253577447,6829.0,3503174.0,1523930858.0
2009-12-23,3015.2120100778006,2907.9367189133363,2956.054515162299,2999.740049869132,7000.0,3513724.0,1523947144.0
2009-12-24,3067.088582542164,2985.178204966853,3003.3805110947005,3067.088582542164,1850.0,4166536.0,1523947144.0
2009-12-25,,,,,,,
2009-12-28,,,,,,,
2009-12-29,3128.5213657236463,3067.998697848556,3094.3920417339336,3112.5943478617805,7569.0,5206837.0,1523947144.0
2009-12-30,3100.307791225484,3051.161564680298,3095.3021570403257,3068.9088131549483,6318.0,2854389.0,1523952479.0
2009-12-31,3125.791019804469,3057.19562916168,3084.3807733636177,3085.29088867001,2407.0,937796.0,1523952479.0
2010-01-01,,,,,,,
2010-01-04,3159.988602442161,3050.706507027102,3050.706507027102,3157.645055528201,10958.0,4867598.0,1523969171.0
2010-01-05,3244.5610672886687,3154.9966199865994,3179.487822881617,3224.083472894841,10625.0,5192910.0,1523969171.0
2010-01-06,3332.8422520087247,3205.881166766994,3271.409468827243,3306.903965776543,12451.0,5849357.0,1523969171.0
2010-01-07,3337.392828540687,3251.841989739807,3306.903965776543,3310.544427002113,9650.0,5331787.0,1524068480.0
2010-01-08,3348.332414523523,3290.9769479146785,3307.022280766375,3311.4545423085056,10122.0,4326058.0,1524072513.0
2010-01-11,3442.056088775805,3285.516256076324,3315.767578745498,3297.3477550594243,11026.0,5878113.0,1524072513.0
2010-01-12,3315.5500611872703,3180.852995841205,3298.367084202583,3237.7352024907264,14733.0,6217690.0,1524080454.0
2010-01-13,3292.797178527462,3187.223802985952,3211.3418586053485,3220.443011669272,10732.0,5091951.0,1524091966.0
2010-01-14,3324.1961565979977,3264.128546376104,3280.9656795443625,3292.342120874266,13111.0,5971155.0,1524177686.0
2010-01-15,3350.1344428301795,3245.471182595061,3283.696025463539,3260.943142803731,15394.0,11685651.0,1524177686.0
2010-01-18,3314.6399458808787,3251.841989739807,3279.600506584773,3290.066832608285,7156.0,2886600.0,1524185665.0
2010-01-19,3330.111906089548,3225.4486458544297,3305.083735163759,3295.982582099836,8888.0,4303485.0,1524190688.0
2010-01-20,3271.864526480439,3133.071942255608,3267.3139499484773,3154.459651955827,15398.0,7794115.0,1524190688.0
2010-01-21,3216.3474927905067,2987.4534932328347,3181.7631111475976,2998.374876909542,23587.0,12492997.0,1524203930.0
2010-01-22,3068.4537555017523,2903.267827391544,3003.3805110947005,2996.0995886435617,22606.0,12713094.0,1524206174.0
2010-01-25,3057.9874294782403,2916.919556987429,2994.2793580307766,2930.5712865833134,16833.0,7177596.0,1524210425.0
2010-01-26,2905.9981733107206,2838.194582984492,2880.514944731736,2898.717250859582,18212.0,9203220.0,1524211453.0
2010-01-27,2907.363346270309,2793.1438753180714,2883.700348304108,2850.0260819675923,17459.0,8217676.0,1524211453.0
2010-01-28,2947.408419751572,2768.115704392282,2865.3958362273547,2779.03708806899,16861.0,9886258.0,1524233128.0
2010-01-29,2865.498042176262,2782.6775492945594,2849.3394909804497,2820.4473345098418,15854.0,9077472.0,1524235446.0
2010-02-01,2905.088058004329,2767.6606467390857,2775.8516844966166,2896.8970202467976,14629.0,6593874.0,1524240617.0
2010-02-02,3030.6839702864704,2923.290364132175,2966.9758988390067,2995.189473337169,19162.0,10496826.0,1524240617.0
2010-02-03,3045.700872841944,2939.217381994041,3029.318797326882,2952.869111589925,15991.0,8261757.0,1524240617.0
2010-02-04,2934.2117478088826,2791.3236447052864,2911.913922802271,2815.89675797788,18107.0,8805059.0,1524250835.0
2010-02-05,2797.9547448276608,2692.5761339617184,2766.7505314326936,2763.1100702071244,21883.0,12646216.0,1524250835.0
2010-02-08,2856.851946765536,2713.053728355546,2719.887147110532,2789.9584717456983,18433.0,7605645.0,1524250835.0
2010-02-09,2930.5712865833134,2792.688817664876,2807.7057202203487,2894.16667432762,17030.0,7836404.0,1524250835.0
2010-02-10,2955.599457509102,2837.739525331296,2882.33517534452,2857.3070044187307,18707.0,8645972.0,1524287266.0
2010-02-11,2991.5490121116004,2879.604829425344,2957.874745775084,2926.9308253577447,19102.0,11170699.0,1524287266.0
2010-02-12,3020.672701916155,2833.64400645253,2980.172570781696,2917.8296722938207,23104.0,13982238.0,1524293714.0
2010-02-15,3022.9479901821355,2966.9758988390067,2981.5377437412844,2980.6276284348914,9938.0,4650312.0,1524515873.0
2010-02-16,3072.094216727321,2987.9085508860303,3024.313163141724,3056.167198865456,15629.0,7702726.0,1524578909.0
2010-02-17,3130.7966539896274,3069.818928461341,3094.3920417339336,3094.3920417339336,13192.0,6501112.0,1524603706.0
2010-02-18,3143.993325932316,3027.9536243672937,3055.257083559063,3131.706769296019,15681.0,5898545.0,1524635268.0
2010-02-19,3139.89780705355,3061.627890703809,3130.3415963364314,3107.1336560234267,13134.0,9125449.0,1524669086.0
2010-02-22,3191.774379517913,3074.214785391215,3107.1336560234267,3155.824824915416,11960.0,6250424.0,1524693790.0
2010-02-23,3211.3418586053485,3064.358236622987,3175.847361656048,3075.279620299694,15138.0,7854930.0,1524775934.0
2010-02-24,3085.29088867001,3015.6670677309967,3057.532371825044,3060.2627177442214,12495.0,6075518.0,1524775934.0
2010-02-25,3061.627890703809,2918.7397876002133,3015.2120100778006,2958.32980342828,16311.0,7341585.0,1524825403.0
2010-02-26,3071.639159074125,2877.0474054143806,2958.32980342828,3061.627890703809,13038.0,6933497.0,1524836799.0
2010-03-01,3169.021496858105,3095.7572146935217,3146.723671851493,3156.7349402218088,12579.0,6555620.0,1524840836.0
2010-03-02,3245.9262402482573,3030.9843083375795,3138.594612946328,3233.63968361196,12352.0,5941740.0,1524881985.0
2010-03-03,3341.488347419453,3209.066570339368,3246.3812979014533,3313.729830574486,16078.0,7309975.0,1524925855.0
2010-03-04,3316.460176493663,3250.021759127023,3295.927975181452,3280.510621891166,12847.0,4897251.0,1525068061.0
2010-03-05,3394.859329216911,3302.353389244581,3307.8140810829364,3368.336748958026,14243.0,6908664.0,1525093336.0
2010-03-08,3434.3201086714707,3352.864788749356,3409.291937745681,3386.083997432677,10202.0,4855877.0,1525114686.0
2010-03-09,3393.819977537012,3300.533158631797,3376.527786715557,3361.965941813279,13406.0,6722688.0,1525131746.0
2010-03-10,3439.780800509824,3345.1288086450213,3392.600423026445,3422.033552035173,11039.0,5497381.0,1525347402.0
2010-03-11,3416.5728601968194,3306.448908123347,3402.9211306009342,3368.336748958026,16206.0,7091042.0,1525392619.0
2010-03-12,3411.1121683584656,3340.123174459864,3392.9098622306187,3375.162613755968,14196.0,7305787.0,1525415385.0
2010-03-15,3360.600768853691,3317.370291800056,3352.40973109616,3328.2916754767634,10588.0,4476156.0,1525457305.0
2010-03-16,3388.359285698657,3331.477079049137,3349.224327523787,3369.246864264418,10664.0,4328517.0,1525457305.0
2010-03-17,3459.803337250456,3386.994112739069,3402.9211306009342,3428.4043591799204,12291.0,7408907.0,1525457305.0
2010-03-18,3424.763897954351,3378.803074981538,3416.914335459778,3394.275035190208,10464.0,5464864.0,1525559027.0
2010-03-19,3422.033552035173,3316.460176493663,3385.62893977948,3340.123174459864,15080.0,10041731.0,1525577434.0
2010-03-22,3394.730092843404,3287.7915443423044,3316.005118840467,3394.730092843404,14750.0,5847778.0,1525598014.0
2010-03-23,3503.488871957288,3397.4604387625805,3411.1121683584656,3479.3708163378906,14987.0,7633171.0,1525598014.0
2010-03-24,3565.8317704451624,3449.337011226944,3508.494506142445,3528.9721005362726,14496.0,6190448.0,1525617087.0
2010-03-25,3562.191309219593,3501.2135836913067,3512.081179553408,3533.0676194150383,13671.0,5383310.0,1525617087.0
2010-03-26,3549.4496949301,3485.286565829441,3511.6799097148187,3515.775428593584,11338.0,5089919.0,1525633146.0
2010-03-29,3600.871209741268,3536.708080640608,3540.348541866177,3559.00590564722,9919.0,4920008.0,1525633146.0
2010-03-30,3650.472493939649,3533.0676194150383,3620.438688828702,3546.719349010923,14043.0,5860963.0,1525633146.0
2010-03-31,3570.1548181505264,3514.410255633996,3516.6855438999764,3554.000271462062,9222.0,5063321.0,1525664782.0
2010-04-01,3671.8602036398697,3588.1295954517745,3605.876843926425,3646.376975060884,13108.0,5680206.0,1525668199.0
2010-04-02,,,,,,,
2010-04-05,,,,,,,
2010-04-06,3735.113217434136,3641.371340875726,3646.376975060884,3696.888374565658,11635.0,4743210.0,1525700990.0
2010-04-07,3700.983893444424,3626.354438320253,3690.517567420912,3631.815130158607,10212.0,4033212.0,1525708647.0
2010-04-08,3617.7083429095255,3531.2473888022537,3599.506036781678,3554.000271462062,13767.0,6171356.0,1525719282.0
2010-04-09,3629.08478423943,3569.017174017536,3622.101560505012,3594.045344943325,10652.0,4294942.0,1525719282.0
2010-04-12,3641.826398528922,3542.1687724789613,3603.085793316312,3585.854307185793,8790.0,3486674.0,1525719282.0
2010-04-13,3571.7475199367127,3511.6799097148187,3549.4496949301,3528.9721005362726,11629.0,5260834.0,1525763477.0
2010-04-14,3611.337535764779,3566.2868280983585,3601.0532328025456,3603.601555660444,10142.0,4570020.0,1525776961.0
2010-04-15,3603.601555660444,3539.4384265597846,3581.758788307028,3597.685806168894,10890.0,4290620.0,1525780652.0
2010-04-16,3573.1126928963013,3447.061722960963,3526.696812270292,3458.438164290867,20312.0,9169369.0,1525784522.0
2010-04-19,3502.334845748782,3412.93239897125,3490.5503997270225,3452.5224147993167,13462.0,5468641.0,1525787193.0
2010-04-20,3503.943929610484,3449.337011226944,3501.2135836913067,3457.0729913312784,11360.0,5478930.0,1525789442.0
2010-04-21,3481.191046950676,3359.2355958941025,3459.043390969618,3359.2355958941025,19743.0,8252395.0,1525821544.0
2010-04-22,3422.033552035173,3281.875794850754,3376.740207628069,3316.91523414686,16647.0,7536114.0,1525845883.0
2010-04-23,3418.8481484628005,3307.8140810829364,3316.91523414686,3403.8312459073272,12938.0,5645320.0,1525845883.0
2010-04-26,3493.477603586972,3371.440242152824,3478.9157586846945,3462.0786255164367,13709.0,6555834.0,1525845883.0
2010-04-27,3412.0222836648577,3282.785910157146,3398.370554068973,3282.785910157146,15930.0,7631619.0,1525850020.0
2010-04-28,3291.8870632210696,3173.1170157368706,3262.763373416516,3227.2688764672143,23460.0,11199908.0,1525850020.0
2010-04-29,3272.7746417868307,3188.133918292344,3271.864526480439,3215.4373774841138,18004.0,7780332.0,1525850020.0
2010-04-30,3280.9656795443625,3039.785123350394,3213.162089218133,3075.279620299694,27112.0,12280646.0,1525850020.0
2010-05-03,,,,,,,
2010-05-04,2989.27372384562,2851.8463125803764,2930.5712865833134,2878.2396564657543,32871.0,17658539.0,1525851743.0
2010-05-05,2996.0995886435617,2844.565390129238,2955.8451886418284,2902.812769738348,29367.0,15183487.0,1525856902.0
2010-05-06,2962.425322307045,2803.6102013415825,2848.660909008004,2827.273199307783,20333.0,9449148.0,1525858456.0
2010-05-07,2991.093954458404,2771.301107964656,2816.806873284272,2846.385620742022,29409.0,15528356.0,1525858456.0
2010-05-10,3104.403310104249,3004.290626401093,3026.133393754508,3064.8132942761827,24645.0,12494372.0,1525858456.0
2010-05-11,3018.85247130337,2914.644268721448,3012.4816641586235,2999.284992215935,18226.0,8045432.0,1525860239.0
2010-05-12,3034.32443151204,2939.217381994041,2961.360487398566,2996.0995886435617,21774.0,10459625.0,1525860239.0
2010-05-13,3093.4819264275416,3032.504200899255,3048.886276414317,3092.571811121149,17999.0,7385378.0,1525860239.0
2010-05-14,3076.189735606087,2897.352077899993,3075.7346779528907,2921.4701335193904,22507.0,9496943.0,1525863739.0
2010-05-17,2950.593823323945,2822.267565122626,2900.5374814723664,2834.5541217589225,21284.0,9698401.0,1525863739.0
2010-05-18,2942.402785566414,2867.7733304422422,2893.711616674424,2910.548749842682,14078.0,6845509.0,1525863739.0
2010-05-19,2812.711354405507,2693.031191614915,2803.1551436883874,2716.2391319279195,29686.0,13786537.0,1525868042.0
2010-05-20,2732.621207442982,2503.7272078853093,2673.918770180676,2559.244241575242,33628.0,16004018.0,1525868042.0
2010-05-21,2666.637847729537,2547.412742592141,2607.480352814035,2647.525426295298,27172.0,15309782.0,1525868042.0
2010-05-24,2736.7167263217466,2641.609676803748,2684.8401538573835,2693.4862492681104,19616.0,9319756.0,1525868042.0
2010-05-25,2636.1489849653944,2543.7722813665723,2561.9745874944188,2599.289315056505,18509.0,8838377.0,1525868042.0
2010-05-26,2841.379986556865,2691.21096100213,2707.593036517192,2789.0483564393057,25768.0,14547037.0,1525868042.0
2010-05-27,2923.745421785371,2830.4586028801573,2832.733891146138,2901.9026544319554,19055.0,9288079.0,1525882949.0
2010-05-28,2966.0657835326147,2884.610463610501,2944.2230161791986,2902.357712085151,18794.0,8466248.0,1525882949.0
2010-05-31,,,,,,,
2010-06-01,2898.717250859582,2813.166412058703,2898.717250859582,2868.683445748635,16706.0,6824441.0,1525892658.0
2010-06-02,2868.683445748635,2784.497779907344,2808.160777873544,2855.941831459142,13544.0,6793682.0,1525895335.0
2010-06-03,2969.2511871049883,2869.593561055028,2930.5712865833134,2885.9756365700896,16392.0,7158604.0,1525899499.0
2010-06-04,2926.9308253577447,2772.666280924244,2885.9756365700896,2835.91929471851,21248.0,9693087.0,1525899499.0
2010-06-07,2825.452968694999,2703.9525752916225,2717.149247234311,2777.6719151094017,22684.0,9037151.0,1525901490.0
2010-06-08,2807.1114149252744,2706.6829212108,2785.4078952137365,2786.7730681733246,20130.0,7567849.0,1525901490.0
2010-06-09,2864.218420055475,2774.031453883832,2816.806873284272,2864.132869216673,16161.0,6482469.0,1525901490.0
2010-06-10,3002.925453441504,2839.5597559440807,2855.941831459142,2968.796129451792,21108.0,9430509.0,1525901490.0
2010-06-11,2988.363608539227,2880.05988707854,2937.423180679019,2925.565652398156,17674.0,9338571.0,1525901490.0
2010-06-14,3024.313163141724,2931.0445465426374,2971.5264753709685,3014.301894771408,11184.0,4529849.0,1525908133.0
2010-06-15,3044.228306276201,2957.874745775084,3026.462218414708,3032.0491432460594,12310.0,4683118.0,1525920352.0
2010-06-16,3085.29088867001,3017.9423559969778,3073.9144473401066,3038.8750080440013,12252.0,5753675.0,1525920352.0
2010-06-17,3079.8301968316564,2992.459127417992,3041.3414205243243,3021.582817222547,14984.0,7013107.0,1525927201.0
2010-06-18,3082.105485097637,3010.206375892644,3042.515469269571,3026.133393754508,15750.0,8726123.0,1525929467.0
2010-06-21,3211.3418586053485,3139.89780705355,3141.7180376663346,3176.302419309244,17200.0,8123797.0,1525931852.0
2010-06-22,3145.358498891904,3101.672964185072,3112.5943478617805,3135.347230521588,13858.0,5179283.0,1525931852.0
2010-06-23,3186.31368767956,3046.15593049514,3046.15593049514,3085.29088867001,17664.0,8121997.0,1525931852.0
2010-06-24,3128.0663080704503,2965.1556682262226,3121.6955009257035,2986.9984355796387,13663.0,6049673.0,1525931852.0
2010-06-25,3013.8468371182125,2878.6947141189507,2981.5377437412844,2902.357712085151,13159.0,5062764.0,1525931852.0
2010-06-28,2972.891648330557,2891.436328408443,2931.02634423651,2963.3354376134384,10213.0,4001962.0,1525931852.0
2010-06-29,2886.885751876482,2768.115704392282,2876.4194258529697,2774.031453883832,20606.0,8604921.0,1525931852.0
2010-06-30,2789.9584717456983,2681.1996926318143,2738.20931542423,2701.677287025642,20968.0,8440140.0,1525942959.0
2010-07-01,2723.474548613738,2607.480352814035,2701.677287025642,2643.4299074165324,17556.0,7181836.0,1525945064.0
2010-07-02,2748.548225304847,2648.43554160169,2675.7390007934605,2670.7333666083023,16250.0,7055749.0,1525945064.0
2010-07-05,2681.1996926318143,2605.205064548055,2675.7390007934605,2621.5871400631167,5404.0,1843296.0,1525945064.0
2010-07-06,2775.396626843421,2638.8793308845707,2653.4411757868484,2775.396626843421,10878.0,4886352.0,1525945064.0
2010-07-07,2764.930300819909,2690.3008456957373,2719.4245355002927,2763.1100702071244,14040.0,4944140.0,1525945064.0
2010-07-08,2845.4755054356306,2778.1269727625977,2810.436066139526,2797.2393941968367,12585.0,4864427.0,1525945064.0
2010-07-09,2913.2790957618595,2845.0204477824345,2866.863215135851,2887.3408095296777,14022.0,6786826.0,1525945064.0
2010-07-12,2927.044589771044,2812.25629675231,2867.7733304422422,2823.632738082214,13510.0,4904849.0,1525945064.0
2010-07-13,2885.065521263697,2782.2224916413634,2823.632738082214,2853.211485539965,13080.0,4505689.0,1525945064.0
2010-07-14,2896.8970202467976,2804.065258994779,2846.385620742022,2852.7564278867694,12048.0,4347830.0,1525945064.0
2010-07-15,2835.009179412119,2738.536956934532,2820.4473345098418,2758.104436021966,13062.0,5816012.0,1525947324.0
2010-07-16,2845.1387627722656,2728.525688564216,2743.997648772885,2734.896495708962,13254.0,7144660.0,1525947324.0
2010-07-19,2807.7057202203487,2708.503151823584,2714.4189013151345,2774.4865115370285,10123.0,4121234.0,1525947324.0
2010-07-20,2906.4532309639167,2774.031453883832,2817.716988590664,2887.7958671828737,17306.0,8825500.0,1525947324.0
2010-07-21,2995.189473337169,2899.1723085127787,2903.267827391544,2955.599457509102,15520.0,6381399.0,1525947324.0
2010-07-22,3043.4255845759626,2908.7285192298973,2961.487903541461,3016.577183037389,12307.0,5724129.0,1525947324.0
2010-07-23,3053.4368529462786,2994.2793580307766,3003.3805110947005,3035.689604471628,12190.0,5362984.0,1525947324.0
2010-07-26,3059.352602437829,2987.4534932328347,3035.689604471628,3048.886276414317,11320.0,6023700.0,1525947935.0
2010-07-27,3130.3415963364314,3019.7625866097624,3031.647418349817,3053.8919105994746,19458.0,7277015.0,1525947935.0
2010-07-28,3128.9764233768424,3023.612374355802,3028.654413153215,3083.0156004040296,12446.0,5197651.0,1525947935.0
2010-07-29,3123.5157315384886,3050.706507027102,3114.869636127761,3053.4368529462786,10650.0,4052653.0,1525948035.0
2010-07-30,3054.802025905867,2982.902916700873,3036.599719778021,3007.4760299734658,11913.0,5384607.0,1525959511.0
2010-08-02,3147.1787295046893,3007.4760299734658,3007.4760299734658,3139.89780705355,13004.0,5419867.0,1525959511.0
2010-08-03,3155.36976726222,3091.20663816156,3130.7966539896274,3124.8809044980767,9926.0,3648896.0,1525959511.0
2010-08-04,3135.347230521588,3058.96125285608,3124.8809044980767,3105.3134254106417,10754.0,3708740.0,1525959511.0
2010-08-05,3179.487822881617,3085.29088867001,3144.903441238708,3121.6955009257035,12210.0,4926384.0,1525960089.0
2010-08-06,3218.927669684129,3101.672964185072,3121.6955009257035,3122.605616232096,16239.0,6690841.0,1525960089.0
2010-08-09,3208.6115126861714,3120.7853856193115,3160.8304591005744,3144.903441238708,10301.0,4112020.0,1525960089.0
2010-08-10,3123.9707891916846,3057.077314171848,3115.7797514341537,3083.0156004040296,9237.0,4457995.0,1525961089.0
2010-08-11,3027.9536243672937,2951.503938630337,3005.2007417074847,2963.3354376134384,11789.0,5526350.0,1525962344.0
2010-08-12,2990.183839152012,2885.520578916893,2939.6724396472373,2971.981533024165,12625.0,5218982.0,1525962344.0
2010-08-13,3036.599719778021,2960.6050916942604,3030.6839702864704,2982.447859047677,14627.0,5654976.0,1525962344.0
2010-08-16,3034.32443151204,2950.138765670749,2996.0995886435617,3009.751318239447,8010.0,2755602.0,1525962344.0
2010-08-17,3099.8527335722874,3019.3075289565663,3030.6839702864704,3099.8527335722874,18279.0,9171472.0,1525962344.0
2010-08-18,3121.6955009257035,3035.234546818432,3114.414578474565,3065.2683519293787,20555.0,6305045.0,1525962344.0
2010-08-19,3112.5943478617805,2994.2793580307766,3098.032502959504,2994.2793580307766,15049.0,6437103.0,1525962344.0
2010-08-20,3026.5884514077047,2956.054515162299,3000.195107522328,2989.27372384562,10829.0,5709820.0,1525962344.0
2010-08-23,3064.780530125153,2989.728781498816,3005.331434265483,3006.1108570138776,9169.0,3548943.0,1525962344.0
2010-08-24,2957.874745775084,2847.295736048415,2957.874745775084,2877.329541159362,16498.0,6993365.0,1525962344.0
2010-08-25,2898.2621932063857,2780.4022610285783,2868.683445748635,2825.908026348196,14724.0,6826709.0,1525963536.0
2010-08-26,2913.7341534150555,2862.7676962570854,2879.149771772147,2891.436328408443,12554.0,4911611.0,1525963727.0
2010-08-27,2943.7679585260025,2855.486773805946,2877.039214376623,2933.756690155687,8986.0,3508117.0,1525963727.0
2010-08-30,,,,,,,
2010-08-31,3012.93672181182,2894.6217319808165,2903.267827391544,3003.3805110947005,13963.0,6376179.0,1525963727.0
2010-09-01,3189.9541489051285,3023.403047835332,3048.431218761121,3186.31368767956,17421.0,7914928.0,1525965327.0
2010-09-02,3200.875532581837,3141.7180376663346,3167.2012662453203,3169.931612164497,13744.0,5902090.0,1525969350.0
2010-09-03,3250.021759127023,3155.36976726222,3181.308053494401,3218.167723403291,11915.0,4806896.0,1525969350.0
2010-09-06,3253.662220352592,3172.6619580836746,3246.8363555546493,3194.504725437091,6180.0,2726603.0,1525972008.0
2010-09-07,3194.504725437091,3109.8640019426034,3164.46181917308,3137.62251878757,14463.0,5605289.0,1525973573.0
2010-09-08,3190.7186457624985,3073.45938968691,3125.791019804469,3158.5551708345934,13406.0,6731700.0,1525978146.0
2010-09-09,3261.853258110123,3133.526999908804,3163.5608050197507,3221.80818462886,16386.0,7912994.0,1525978146.0
2010-09-10,3234.342292628496,3173.1170157368706,3221.80818462886,3212.707031564937,8798.0,3371461.0,1525978746.0
2010-09-13,3300.533158631797,3259.1229121909464,3270.49935352085,3294.162351487051,12362.0,4518612.0,1525978746.0
2010-09-14,3326.926502517175,3274.594872399616,3299.167985672209,3296.437639753032,12166.0,5477585.0,1525978746.0
2010-09-15,3304.1736198573667,3237.7352024907264,3291.432005567874,3251.3869320866115,11818.0,5321007.0,1525992803.0
2010-09-16,3259.1229121909464,3203.6058785010136,3234.549798918353,3252.297047393003,11764.0,5409046.0,1525992803.0
2010-09-17,3326.016387210783,3214.681981779808,3282.785910157146,3237.7352024907264,16248.0,9442394.0,1525992803.0
2010-09-20,3300.988216284993,3240.0832999812183,3249.1116438206304,3280.05556423797,10616.0,4176665.0,1525999803.0
2010-09-21,3319.19052241284,3249.1116438206304,3269.589238214458,3249.1116438206304,10105.0,4620336.0,1525999803.0
2010-09-22,3353.774904055749,3248.201528514238,3287.3364866891084,3324.1961565979977,14160.0,7447861.0,1526001302.0
2010-09-23,3358.325480587711,3248.201528514238,3331.022021395941,3324.6512142511942,12859.0,4346490.0,1526001302.0
2010-09-24,3395.1851504966,3264.128546376104,3281.875794850754,3363.3311147728687,16397.0,8238135.0,1526002569.0
2010-09-27,3397.4604387625805,3336.9377708874904,3394.275035190208,3370.6120372240066,8982.0,3483621.0,1526011359.0
2010-09-28,3422.033552035173,3317.370291800056,3375.144866507494,3413.842514277643,14881.0,5218629.0,1526012341.0
2010-09-29,3449.337011226944,3389.7244586582456,3426.584128567135,3423.8537826479587,10142.0,4879616.0,1526012341.0
2010-09-30,3481.191046950676,3380.6233055943226,3413.27824278768,3386.539055085873,13465.0,5127784.0,1526013091.0
2010-10-01,3463.4437984760248,3383.808709166696,3429.1415525780976,3416.1178025436234,9123.0,3307733.0,1526013091.0
2010-10-02,,,,,,,
2010-10-04,3432.9549357118817,3357.870422934514,3430.6796474459006,3364.6962877324568,9590.0,4022760.0,1526013091.0
2010-10-05,3458.438164290867,3333.7523673151177,3368.8818170150244,3451.1572418397286,14363.0,5833535.0,1526013091.0
2010-10-06,3575.843038815478,3480.280931644283,3492.112430627384,3573.1126928963013,19597.0,7735564.0,1526037141.0
2010-10-07,3592.6801719837363,3504.3989872636803,3546.1459763678963,3517.595659206369,16160.0,5103395.0,1526039811.0
2010-10-08,3586.30936483899,3483.9213928698523,3552.1800408492777,3582.2138459602243,13723.0,5059913.0,1526039811.0
2010-10-11,3618.6184582159176,3538.0732536001965,3578.6006881938474,3542.623830132158,10294.0,4479157.0,1526039811.0
2010-10-12,3529.427158189469,3465.26402908881,3511.224852061622,3514.8653132871923,13660.0,4868736.0,1526039811.0
2010-10-13,3688.242279154931,3558.0957903408275,3558.0957903408275,3675.0456072122415,18000.0,7497688.0,1526039811.0
2010-10-14,3776.068406221791,3675.9557225186354,3677.77595313142,3762.871734279102,20540.0,10511228.0,1526039811.0
2010-10-15,3790.630251124068,3718.7311419190746,3770.0434428934745,3770.607714383437,14873.0,5845843.0,1526048550.0
2010-10-18,3788.8063800500586,3666.854569454712,3753.7796823682434,3713.27045008072,12273.0,4422880.0,1526070118.0
2010-10-19,3712.815392427524,3583.1239612666163,3705.989527629582,3593.1352296369323,19966.0,7719293.0,1526080191.0
2010-10-20,3691.427682727304,3609.062247498799,3622.2589194414873,3691.427682727304,18059.0,6600162.0,1526110275.0
2010-10-21,3804.73703837315,3657.298358737592,3669.5849153738886,3738.7536786597057,13568.0,5993210.0,1526110275.0
2010-10-22,3748.7649470300216,3678.686068437812,3735.7411969955465,3735.113217434136,9494.0,3461574.0,1526112433.0
2010-10-25,3869.355225127005,3822.4842868478,3826.12474807337,3829.7652092989374,13149.0,4625605.0,1526121827.0
2010-10-26,3825.510420241556,3735.568275087333,3800.6415194943847,3785.169559285715,13175.0,4523222.0,1526121827.0
2010-10-27,3722.371603144644,3666.3995118015146,3704.169297016797,3688.242279154931,14561.0,6451261.0,1526121827.0
2010-10-28,3772.4279449962223,3698.708605178442,3767.877368464261,3736.478390393725,10867.0,3889709.0,1526121827.0
2010-10-29,3709.629988855151,3617.2532852563295,3704.624354669993,3673.225376599458,11266.0,4826380.0,1526129411.0
2010-11-01,3747.399774070433,3673.680434252654,3731.472756208568,3713.27045008072,10092.0,3392898.0,1526134443.0
2010-11-02,3783.34932867293,3695.068143952874,3758.919285526501,3769.697599077045,10330.0,3410272.0,1526135509.0
2010-11-03,3809.287614905111,3716.0007959998975,3769.697599077045,3739.2087363129017,12074.0,4383527.0,1526139671.0
2010-11-04,3935.338584840449,3822.4842868478,3823.394402154193,3918.501451672192,19533.0,8025522.0,1526143671.0
2010-11-05,4004.507348126267,3912.130644527445,3920.694829560597,3955.36112158108,15654.0,6151960.0,1526192542.0
2010-11-08,3979.479177200479,3908.4901833018753,3948.8628982934392,3941.709391985197,12352.0,3813503.0,1526192542.0
2010-11-09,4075.041284371673,3938.523988412823,3941.709391985197,4053.653574671453,16047.0,6286727.0,1526196488.0
2010-11-10,4010.423097617817,3914.405932793426,4002.2320598602855,3943.529622597981,15513.0,5404710.0,1526196488.0
2010-11-11,4026.350115479683,3937.61387310643,3957.7911294491487,4005.872521085857,15984.0,4968661.0,1526198182.0
2010-11-12,3989.490445570793,3824.304517460585,3889.377761867637,3926.237431776526,16197.0,6323059.0,1526210565.0
2010-11-15,3979.479177200479,3845.2371695076095,3926.237431776526,3940.344219025607,13340.0,3832256.0,1526210565.0
2010-11-16,3895.293511359187,3739.2087363129017,3877.09120523134,3749.6750623364137,20065.0,7512389.0,1526210565.0
2010-11-17,3816.113479703054,3698.708605178442,3734.203102127744,3774.7032332622025,15561.0,5148345.0,1526210565.0
2010-11-18,3902.1193761571294,3816.56853735625,3828.40003633935,3896.658684318776,14288.0,5037008.0,1526210565.0
2010-11-19,3868.900167473809,3782.439213366538,3834.015447779792,3849.78774603957,16623.0,5946366.0,1526225444.0
2010-11-22,4004.507348126267,3640.4612255693337,3831.166786870783,3808.832557251915,10651.0,3400186.0,1526225444.0
2010-11-23,3781.529098060144,3694.158028646481,3708.719873548759,3704.169297016797,12866.0,5247836.0,1526225444.0
2010-11-24,3816.113479703054,3695.9782592592665,3747.854831723629,3802.916807760365,16621.0,5146246.0,1526225444.0
2010-11-25,3887.102473601656,3778.7987521409686,3799.731404187992,3885.737300642069,8852.0,3075867.0,1526225444.0
2010-11-26,3839.321420016058,3745.124485804452,3822.4842868478,3803.371865413561,10077.0,3412276.0,1526226444.0
2010-11-29,3863.894533288651,3679.596183744204,3810.916721303554,3679.596183744204,14427.0,5405520.0,1526232093.0
2010-11-30,3756.500927134356,3663.669165882338,3730.5626409021743,3712.815392427524,15128.0,5377864.0,1526232093.0
2010-12-01,3853.883264918336,3741.0289669256863,3771.51782968983,3828.855093992546,16687.0,6249638.0,1526232093.0
2010-12-02,4018.159077722152,3879.821551150517,3890.742934827225,4018.159077722152,16923.0,6134281.0,1526232705.0
2010-12-03,4053.653574671453,3820.545741245184,4001.321944553894,4019.069193028544,13866.0,4957697.0,1526232705.0
2010-12-06,4079.1368032504383,3975.838715974908,4012.807599720565,4055.9288629374337,11837.0,4277569.0,1526256553.0
2010-12-07,4179.249486953595,4004.507348126267,4049.558055792687,4100.069455297462,17976.0,6354511.0,1526286541.0
2010-12-08,4084.5974950887935,3968.5577935237698,4050.46817109908,3977.203888934497,16010.0,5341359.0,1526286541.0
2010-12-09,4071.400823146104,3947.625141476746,4040.911960381961,3987.67021495801,18056.0,5698150.0,1526286541.0
2010-12-10,4020.88942364133,3933.518354227665,3998.13654098152,4001.7770022070895,12666.0,3686208.0,1526286541.0
2010-12-13,4087.3278410079697,4020.434365988133,4030.900692011645,4076.4064573312617,9222.0,2912070.0,1526286541.0
2010-12-14,4084.5974950887935,4015.883789456171,4049.603561558008,4040.911960381961,9696.0,3393176.0,1526295697.0
2010-12-15,4052.2884017118654,3973.563427708928,4040.911960381961,4031.810807318037,8673.0,3488825.0,1526295697.0
2010-12-16,4085.96266804838,3968.102735870575,4006.837243310632,4010.423097617817,9639.0,3642200.0,1526295697.0
2010-12-17,4058.03395964112,3967.192620564182,4028.061132255701,4020.88942364133,14273.0,7760158.0,1526298238.0
2010-12-20,4069.5805925333193,3994.951137409148,4031.810807318037,4024.5298848668986,6059.0,2180556.0,1526298238.0
2010-12-21,4134.653836940372,4074.1311690652806,4095.5188787655006,4129.193145102016,7589.0,2980871.0,1526300238.0
2010-12-22,4175.153968074831,4102.799801216639,4121.966829569263,4167.873045623691,6266.0,2602497.0,1526303726.0
2010-12-23,4194.266389509068,4110.535781320975,4185.165236445145,4127.372914489231,4857.0,1656518.0,1526305176.0
2010-12-24,4161.957296132141,4117.816703772112,4129.50258430619,4161.957296132141,802.0,285490.0,1526305176.0
2010-12-27,,,,,,,
2010-12-28,,,,,,,
2010-12-29,4145.120162963883,4081.867149169616,4139.744111849023,4143.2999323510985,7053.0,1902517.0,1526305176.0
2010-12-30,4206.097888492168,4138.749355819136,4138.749355819136,4171.9685645024565,5789.0,1607362.0,1526305176.0
2010-12-31,4204.73271553258,4083.232322129204,4199.272023694227,4083.232322129204,2804.0,1262297.0,1526305176.0
2011-01-03,,,,,,,
2011-01-04,4200.182139000618,4080.957033863223,4083.232322129204,4097.339109378285,11607.0,4046235.0,1526305176.0
2011-01-05,4091.87841753993,4001.7770022070895,4066.850246614143,4074.1311690652806,14387.0,6044408.0,1526305176.0
2011-01-06,4145.575220617079,4012.6983858837984,4051.4328933238567,4038.181614462784,11240.0,3087918.0,1526305176.0
2011-01-07,4060.934497122593,3984.939869038832,4050.923228752276,4028.6254037456647,12533.0,4480225.0,1526305176.0
2011-01-10,4002.6871175134825,3949.9004297427273,3991.3106761835775,3994.496079755952,10575.0,3454985.0,1526305176.0
2011-01-11,4065.485073654554,3991.3106761835775,3995.406195062343,4046.372652220314,9045.0,4169074.0,1526307074.0
2011-01-12,4135.108894593568,4059.569324163003,4077.3165726376537,4134.198779287175,14299.0,5401880.0,1526307074.0
2011-01-13,4162.4123537853375,4076.0060065964494,4134.326195430071,4098.704282337874,11716.0,4055156.0,1526307074.0
2011-01-14,4107.3503777486,3995.86125271554,4098.704282337874,4037.271499156391,13190.0,4408837.0,1526427290.0
2011-01-17,4022.709654254113,3962.642044032219,4022.709654254113,3990.400560877186,9642.0,3006818.0,1526427290.0
2011-01-18,4094.608763459109,4028.1703460924687,4072.765996105693,4050.013113445884,14376.0,4760726.0,1526427290.0
2011-01-19,4091.87841753993,3971.2881394429473,4091.423359886735,3981.7544654664575,12930.0,4740429.0,1526427290.0
2011-01-20,3965.372389951397,3825.6696904201735,3965.372389951397,3856.1585531843166,21802.0,7748309.0,1526427290.0
2011-01-21,3934.883527187254,3832.04049756492,3893.928338399599,3861.61924502267,16171.0,5644074.0,1526427290.0
2011-01-24,3964.462274645005,3853.428207265141,3862.784192614852,3956.726294540669,13626.0,4867995.0,1526427290.0
2011-01-25,4008.147809351837,3887.102473601656,3990.400560877186,3904.394664423112,13308.0,4739508.0,1526427790.0
2011-01-26,4036.816441503194,3918.501451672192,3939.634329086622,4004.507348126267,17796.0,6092670.0,1526459809.0
2011-01-27,4075.951399678065,3999.5017139411098,4023.1647119073095,4017.24896241576,13531.0,6147321.0,1526459809.0
2011-01-28,3986.3050419984206,3887.102473601656,3959.9116981130433,3896.658684318776,15580.0,6009598.0,1526459809.0
2011-01-31,3925.782374123331,3823.849459807389,3885.282242988872,3895.293511359187,12739.0,5831245.0,1526459809.0
2011-02-01,3994.496079755952,3931.243065961683,3945.349853210766,3953.540890968297,14228.0,5818117.0,1526459809.0
2011-02-02,4102.344743563443,3992.2207914899705,4009.512982311424,4102.344743563443,16009.0,5843324.0,1526459809.0
2011-02-03,4125.097626223252,4042.277133341549,4109.170608361385,4090.0581869271455,12197.0,3981288.0,1526461555.0
2011-02-04,4136.929125206352,4066.3951889609457,4087.409751385545,4092.788532846324,9482.0,3644349.0,1526461555.0
2011-02-07,4209.2832920645415,4070.945765492907,4114.63130019974,4209.2832920645415,15771.0,6214636.0,1526461555.0
2011-02-08,4288.463323720675,4150.12579714904,4195.631562468658,4288.463323720675,18586.0,7094266.0,1526461555.0
2011-02-09,4293.468957905833,4232.491232377546,4275.721709431183,4240.227212481882,13572.0,4793441.0,1526505654.0
2011-02-10,4222.935021660427,4098.704282337874,4195.631562468658,4140.114528778725,21819.0,8552831.0,1526505654.0
2011-02-11,4229.760886458369,4074.586226718477,4127.827972142429,4207.918119104955,14968.0,4350334.0,1526285654.0
2011-02-14,4279.817228309948,4180.614659913184,4206.643957676005,4261.159864528905,12061.0,4845242.0,1526026964.0
2011-02-15,4287.327499818298,4125.552683876448,4211.558580330523,4141.024644085118,12460.0,4654870.0,1525752705.0
2011-02-16,4160.592123172552,4091.87841753993,4105.985204789012,4113.721184893348,12689.0,4442644.0,1525643636.0
2011-02-17,4182.889948179163,4025.44000017329,4182.889948179163,4094.153705805912,17371.0,6034506.0,1525279379.0
2011-02-18,4102.799801216639,3981.708959701139,4080.0469185568304,4001.7770022070895,15630.0,6648968.0,1525259593.0
2011-02-21,4012.243328230602,3914.405932793426,3995.406195062343,3923.9621435105455,13735.0,4519039.0,1524936159.0
2011-02-22,4034.434669746367,3852.5180919587474,3913.495817487034,3950.355487395924,12930.0,4997619.0,1524987464.0
2011-02-23,3963.552159338612,3828.855093992546,3963.552159338612,3828.855093992546,11988.0,5217533.0,1524328780.0
2011-02-24,3844.327054201217,3770.607714383437,3820.664056235016,3795.1808276560296,23334.0,8363737.0,1523977872.0
2011-02-25,3930.788008308488,3780.516321747192,3909.573220516482,3882.096839416498,8709.0,3716224.0,1523583300.0
2011-02-28,3960.3667557662393,3871.630513392987,3888.012588908049,3922.141912897762,10878.0,4061447.0,1523589839.0
2011-03-01,4002.6871175134825,3883.9170700292825,4000.411829247502,3908.03512564868,11524.0,3545568.0,1523203173.0
2011-03-02,3897.568799625168,3785.169559285715,3827.489921032958,3864.804648595044,13269.0,4640979.0,1522263202.0
2011-03-03,3975.838715974908,3859.34395675669,3864.804648595044,3959.9116981130433,12351.0,4736155.0,1521838202.0
2011-03-04,4007.237694045444,3907.125010342287,3967.6476782173777,3926.237431776526,9511.0,4235160.0,1521382736.0
2011-03-07,3937.158815453234,3831.5854399117234,3874.360859312165,3831.5854399117234,13636.0,4990459.0,1520926956.0
2011-03-08,3867.079936861025,3712.360334774328,3850.6978613459614,3772.8830026494174,20137.0,7192049.0,1520486617.0
2011-03-09,3787.899905204892,3693.247913340089,3763.781849585496,3720.5513725318574,15040.0,5559657.0,1520021306.0
2011-03-10,3731.80767864132,3556.275559728043,3640.4612255693337,3578.1183270814586,24581.0,10023145.0,1519593969.0
2011-03-11,3656.388243431199,3531.2473888022537,3549.4496949301,3607.242016886014,18297.0,6502628.0,1519593969.0
2011-03-14,3701.8940087508167,3600.4161520880707,3630.559171035785,3617.7083429095255,14104.0,4849509.0,1518711053.0
2011-03-15,3598.7743040753394,3449.337011226944,3523.966466351115,3581.303730653832,22548.0,8447234.0,1518354039.0
2011-03-16,3659.5736470035727,3518.9608321659566,3657.753416390788,3525.7866969638994,19594.0,6760985.0,1517554039.0
2011-03-17,3656.861503390524,3555.8205020748464,3578.1183270814586,3639.0960526097456,18459.0,6100573.0,1517584744.0
2011-03-18,3696.433316912462,3613.157766377564,3654.112955165219,3655.0230704716114,18282.0,8757484.0,1517384744.0
2011-03-19,,,,,,,
2011-03-21,3729.652525595783,3672.770318946261,3715.5457383467015,3692.792855686893,11871.0,4246616.0,1517024744.0
2011-03-22,3722.371603144644,3632.7252454649984,3672.315261293065,3652.74778220563,13535.0,4490189.0,1516274744.0
2011-03-23,3756.955984787552,3620.438688828702,3652.74778220563,3756.955984787552,12359.0,3903839.0,1515674744.0
2011-03-24,3860.7091297162783,3748.309889376825,3758.7762154003367,3851.1529189991593,13417.0,4732103.0,1515477598.0
2011-03-25,3891.197992480421,3829.7652092989374,3862.984417982259,3862.074302675867,12527.0,4562596.0,1515476315.0
2011-03-28,3901.664318503934,3807.922441945524,3847.967515426786,3894.383396052795,9232.0,2703695.0,1515226315.0
2011-03-29,3973.563427708928,3877.5462628845366,3891.6530501336174,3973.563427708928,17437.0,5517362.0,1514658740.0
2011-03-30,4069.1255348801214,4010.423097617817,4025.895057826487,4013.608501190192,17783.0,5591837.0,1514258740.0
2011-03-31,4042.277133341549,3977.658946587694,4012.6983858837984,3985.394926692029,15502.0,5724877.0,1513758740.0
2011-04-01,4038.181614462784,3986.3050419984206,4038.181614462784,4021.799538947722,13232.0,3851719.0,1513509390.0
2011-04-04,4093.24359049952,3996.81232321072,4015.428731802974,4075.49634202487,13038.0,4501902.0,1513509390.0
2011-04-05,4090.5132445803433,3998.13654098152,4075.49634202487,4016.338847109367,12010.0,3925948.0,1512922090.0
2011-04-06,4058.204151203415,4014.063558843388,4041.367018035157,4031.810807318037,12641.0,4034978.0,1512624202.0
2011-04-07,4051.2235668033854,3977.733576042817,4036.415990768384,3990.855618530382,12843.0,4262954.0,1512624202.0
2011-04-08,4117.361646118917,4031.810807318037,4044.097363954334,4117.361646118917,12080.0,3864965.0,1512185002.0
2011-04-11,4183.800063485556,4028.9985510212855,4079.0184882606063,4121.002107344487,10886.0,3209243.0,1511843197.0
2011-04-12,4061.389554775789,3969.012851176966,4051.378286405472,4007.237694045444,16264.0,5958953.0,1511843197.0
2011-04-13,4044.5524216075296,3982.664580772851,4008.957811974527,4012.243328230602,13925.0,4189653.0,1511843197.0
2011-04-14,4025.8859566734222,3931.69812361488,4015.537945639742,3959.00158280665,14599.0,5458370.0,1511843197.0
2011-04-15,3976.293773628105,3907.125010342287,3967.192620564182,3928.057662389312,14881.0,4451881.0,1511843197.0
2011-04-18,3940.344219025607,3805.192096026346,3938.068930759627,3823.849459807389,13929.0,7722092.0,1511843197.0
2011-04-19,3894.838453705992,3835.6809587904886,3848.422573079981,3850.242803692767,8143.0,2587821.0,1511843197.0
2011-04-20,3974.018485362125,3904.394664423112,3904.394664423112,3974.018485362125,10031.0,3480143.0,1510038050.0
2011-04-21,4062.754727735376,3980.3892925068703,4000.411829247502,4006.7826363922486,11434.0,3454032.0,1510038050.0
2011-04-26,4024.5298848668986,3948.9903144363343,4006.7826363922486,4009.512982311424,8202.0,2420092.0,1509788050.0
2011-04-27,4022.709654254113,3923.0520282041534,4009.512982311424,3944.894795557569,8852.0,3514065.0,1509368984.0
2011-04-28,3991.7657338367753,3934.883527187254,3936.7037578000377,3968.102735870575,8274.0,3397657.0,1509129532.0
2011-04-29,,,,,,,
2011-05-02,,,,,,,
2011-05-03,3968.102735870575,3884.372127682479,3952.175718008708,3906.669952689092,13744.0,4875701.0,1508429532.0
2011-05-04,3878.001320537732,3756.955984787552,3795.1808276560296,3778.7987521409686,19305.0,7380361.0,1509129496.0
2011-05-05,3839.776477669255,3700.528835791228,3827.2733681969553,3719.641257225466,17464.0,6062176.0,1507687597.0
2011-05-06,3797.911173575208,3651.837666899238,3735.113217434136,3777.8886368345766,20087.0,6811617.0,1506940614.0
2011-05-09,3851.607976652355,3743.986841671461,3767.422310811064,3763.781849585496,15476.0,5204904.0,1506940614.0
2011-05-10,3869.810282780201,3776.978521528183,3792.450481736854,3854.793380224729,13481.0,4980262.0,1506690614.0
2011-05-11,3904.4447207649614,3779.026280967566,3843.2076123743545,3807.922441945524,17850.0,6266568.0,1506140614.0
2011-05-12,3751.950350602395,3667.309627107908,3735.568275087333,3744.669428151256,21421.0,6372864.0,1505340614.0
2011-05-13,3819.7539409286233,3721.4614878382513,3764.236907238691,3725.101949063821,14486.0,4992113.0,1505040614.0
2011-05-16,3821.574171541408,3685.056875582558,3685.966990888951,3796.090942962423,16387.0,5650022.0,1504590614.0
2011-05-17,3840.340749159219,3731.0176985553694,3784.395961275281,3731.9278138617633,19511.0,5434486.0,1504090614.0
2011-05-18,3832.04049756492,3766.057137851476,3781.0740404069497,3788.354962858088,16228.0,5327825.0,1503840614.0
2011-05-19,3879.821551150517,3768.787483770652,3796.6097086870654,3776.978521528183,17018.0,6516822.0,1503145139.0
2011-05-20,3810.6527878647,3720.5513725318574,3798.366231228404,3745.124485804452,17308.0,5772251.0,1502745139.0
2011-05-23,3710.986060661676,3627.264553626645,3664.5792811887295,3670.49503068028,16732.0,5678264.0,1502045139.0
2011-05-24,3781.0740404069497,3704.169297016797,3704.169297016797,3745.124485804452,14361.0,4396828.0,1501545139.0
2011-05-25,3788.810020511284,3694.158028646481,3703.714239363601,3775.158290915399,15527.0,5287884.0,1501145139.0
2011-05-26,3828.855093992546,3761.506561319514,3822.4842868478,3775.613348568595,15437.0,5716255.0,1500670739.0
2011-05-27,3896.658684318776,3815.658422049857,3821.119113888212,3883.462012376088,14586.0,5831064.0,1500672709.0
2011-05-30,,,,,,,
2011-05-31,3908.945240955072,3843.234915833546,3884.8271853356746,3863.439475635456,13453.0,5261091.0,1500672709.0
2011-06-01,3929.4228353489,3839.321420016058,3884.372127682479,3872.5406286993793,15763.0,4994595.0,1500678419.0
2011-06-02,3811.562903171092,3757.8661000939446,3811.562903171092,3770.152656730241,17166.0,5264969.0,1500178419.0
2011-06-03,3799.276346534796,3689.152394461324,3793.360597043246,3738.2986210065096,16944.0,5209558.0,1499031099.0
2011-06-06,3795.6358853092265,3726.9221796766055,3727.377237329802,3775.158290915399,10979.0,3164890.0,1498631099.0
2011-06-07,3846.1472848140015,3768.3324261174566,3770.607714383437,3821.574171541408,15128.0,5312711.0,1498231099.0
2011-06-08,3809.742672558308,3721.4614878382513,3791.085308777265,3774.248175609008,16319.0,5161894.0,1497731099.0
2011-06-09,3823.849459807389,3736.478390393725,3767.877368464261,3822.029229194604,14987.0,4872770.0,1497231099.0
2011-06-10,3835.225901137293,3726.9221796766055,3810.6527878647,3735.113217434136,12702.0,4334637.0,1496931099.0
2011-06-13,3758.7762154003367,3707.35470058917,3725.101949063821,3736.478390393725,9214.0,2610660.0,1496681099.0
2011-06-14,3802.006692453973,3746.489658764041,3749.6750623364137,3771.51782968983,12602.0,4228543.0,1496281099.0
2011-06-15,3819.8103680776194,3731.472756208568,3787.020005726672,3741.9390822320793,18556.0,6395073.0,1495881099.0
2011-06-16,3722.371603144644,3659.118589350377,3698.708605178442,3713.27045008072,18530.0,5939550.0,1495181099.0
2011-06-17,3771.51782968983,3669.3846900064814,3713.6435973563416,3717.821026612682,18526.0,9163856.0,1494856099.0
2011-06-20,3731.0176985553694,3651.3826092460417,3663.669165882338,3726.9221796766055,15813.0,4385289.0,1494456099.0
2011-06-21,3842.506823588432,3740.57390927249,3747.854831723629,3838.866362362863,11976.0,4500534.0,1494056099.0
2011-06-22,3897.113741971971,3800.6415194943847,3822.4842868478,3878.911435844125,14020.0,4602190.0,1493756099.0
2011-06-23,3858.433841450298,3763.326791932299,3835.480733423082,3782.894271019734,12749.0,4343089.0,1493206099.0
2011-06-24,3928.967777695703,3851.607976652355,3877.09120523134,3865.714763901436,16590.0,5255176.0,1492906099.0
2011-06-27,3892.5631654400095,3817.4786526626426,3822.4842868478,3884.372127682479,9940.0,2720793.0,1492428099.0
2011-06-28,3966.737562910985,3868.445109820613,3877.09120523134,3947.625141476746,13321.0,3887926.0,1492439434.0
2011-06-29,4040.911960381961,3968.102735870575,3991.7657338367753,4015.428731802974,17064.0,4529450.0,1492089434.0
2011-06-30,4090.9683022335385,4009.057924658228,4015.428731802974,4086.872783354773,14362.0,4855518.0,1491498246.0
2011-07-01,4135.563952246763,4065.485073654554,4090.9683022335385,4124.642568570055,14932.0,4849262.0,1491498246.0
2011-07-04,4147.395451229863,4099.15933999107,4110.700512191431,4128.738087448821,7235.0,2601185.0,1490913696.0
2011-07-05,4109.170608361385,4058.6592088566113,4104.164974176227,4075.49634202487,15039.0,4304064.0,1490591458.0
2011-07-06,4094.608763459109,4050.013113445884,4094.153705805912,4089.603129273949,16210.0,3983689.0,1490251458.0
2011-07-07,4203.822600226187,4100.43350142002,4124.187510916859,4181.979832872773,16254.0,4962142.0,1489946458.0
2011-07-08,4208.373176758149,4084.142437435597,4161.465833866689,4096.884051725088,14582.0,4138371.0,1489956403.0
2011-07-11,4110.0807236677765,4034.996210890412,4069.1255348801214,4050.013113445884,16838.0,4313960.0,1489556403.0
2011-07-12,4026.350115479683,3913.696042854441,3976.293773628105,3994.041022102756,16987.0,5423373.0,1489256403.0
2011-07-13,4067.28710196121,3986.760099651617,3995.406195062343,4041.8220756883534,16239.0,5917866.0,1488856403.0
2011-07-14,4040.911960381961,3977.203888934497,3986.3050419984206,3993.130906796362,11891.0,4136488.0,1488089570.0
2011-07-15,4023.6197695605056,3932.153181268077,4004.3717409456144,3996.316310368736,13090.0,4414360.0,1487759570.0
2011-07-18,3966.282505257789,3918.501451672192,3942.619507291588,3920.776739938173,9843.0,2855829.0,1487384570.0
2011-07-19,3984.029753732439,3932.608238921274,3933.063296574469,3973.563427708928,11876.0,3730897.0,1487034570.0
2011-07-20,4081.41209151642,3994.951137409148,4018.159077722152,4023.1647119073095,11101.0,3349853.0,1486659570.0
2011-07-21,4035.4512685436057,3903.144165992128,4035.4512685436057,3983.119638426047,16886.0,5740836.0,1486329570.0
2011-07-22,4086.872783354773,4005.41746343266,4025.895057826487,4024.074827213703,8913.0,3135388.0,1485999570.0
2011-07-23,,,,,,,
2011-07-25,4044.5524216075296,3976.7488312813,4031.137321991307,4022.709654254113,7731.0,1859584.0,1485683570.0
2011-07-26,4068.215419573731,4006.327578739052,4055.9288629374337,4023.6197695605056,8045.0,2775009.0,1485358570.0
2011-07-27,4093.698648152717,3988.5803302644017,4046.782204108191,4000.866886900699,8998.0,3394656.0,1485018570.0
2011-07-28,3998.591598634717,3923.9621435105455,3953.995948621493,3962.186986379024,9823.0,3675238.0,1484659162.0
2011-07-29,3960.8218134194353,3868.445109820613,3913.495817487034,3913.495817487034,10972.0,4085403.0,1483904162.0
2011-08-01,4011.788270577406,3895.293511359187,3998.13654098152,3896.658684318776,14799.0,4641805.0,1483904162.0
2011-08-02,3890.742934827225,3772.8830026494174,3881.1867241101054,3800.6415194943847,15632.0,6628918.0,1483604162.0
2011-08-03,3788.960189536839,3645.466859754492,3716.4558536530935,3654.112955165219,15389.0,5131376.0,1483284162.0
2011-08-04,3660.0287046567687,3442.511146429001,3640.4612255693337,3455.2527607184943,22663.0,7830305.0,1482384162.0
2011-08-05,3480.735989297479,3272.319584133634,3309.6343116957205,3296.437639753032,29259.0,10378061.0,1481384162.0
2011-08-08,3375.0925348773767,3055.71214121226,3185.4035723731668,3083.0156004040296,24823.0,9661443.0,1480384162.0
2011-08-09,3247.291413207846,2917.3746146406247,3127.611250417254,3229.089107079999,36215.0,12641066.0,1479684162.0
2011-08-10,3327.8366178235674,3093.936984080738,3294.617409140247,3109.408944289407,29525.0,10122249.0,1478934162.0
2011-08-11,3258.2127968845534,3065.723409582576,3201.2668821635853,3214.0722045245257,24155.0,7812889.0,1478134402.0
2011-08-12,3360.145711200495,3158.5551708345934,3186.768745332756,3356.960307628122,21717.0,6800138.0,1477534402.0
2011-08-15,3428.4043591799204,3359.2355958941025,3412.477341318054,3361.965941813279,9951.0,3392411.0,1477534402.0
2011-08-16,3402.011015294542,3276.4151030124003,3344.6737509918257,3393.819977537012,12256.0,3981412.0,1477084402.0
2011-08-17,3442.9662040821977,3347.4040969110024,3367.426633651634,3402.9211306009342,13437.0,3798173.0,1476634402.0
2011-08-18,3356.360541641209,3147.6337871578858,3347.4040969110024,3180.397938188009,17593.0,6551213.0,1475909402.0
2011-08-19,3198.798649452649,2982.447859047677,3142.6281529727275,3123.060673885292,23263.0,8048467.0,1475259402.0
2011-08-22,3195.0917498097137,3070.2739861145374,3070.2739861145374,3113.5044631681726,15368.0,4307817.0,1474609907.0
2011-08-23,3243.1958943290806,3066.178467235772,3159.010228487789,3118.055039700134,18297.0,5029934.0,1474109907.0
2011-08-24,3244.106009635473,3089.8414652019724,3097.3419074650124,3190.4092065583254,15267.0,4164460.0,1473509907.0
2011-08-25,3281.4207371975585,3167.6563238985163,3230.4542800395875,3185.4035723731668,19635.0,5371304.0,1473509907.0
2011-08-26,3227.2688764672143,3100.307791225484,3184.493457066775,3206.3362244201903,12975.0,3816012.0,1472909907.0
2011-08-29,,,,,,,
2011-08-30,3393.364919883815,3285.97131372952,3386.083997432677,3343.3085780322367,15878.0,5268226.0,1472565510.0
2011-08-31,3467.8669588650914,3344.218693338629,3358.7805382409065,3460.258394903652,14576.0,6190805.0,1472034220.0
2011-09-01,3470.724720927164,3356.0501923217294,3398.989432477319,3429.769532139509,14923.0,4147809.0,1472034220.0
2011-09-02,3435.2302239778624,3321.920868332017,3366.4317229021444,3343.763635685433,12806.0,3963676.0,1471334220.0
2011-09-05,3265.4937193356923,3167.2012662453203,3238.190260143921,3174.937246349655,11344.0,4181320.0,1470634220.0
2011-09-06,3269.589238214458,3149.243781134893,3150.8191907302585,3229.9992223863915,17053.0,5088121.0,1469834220.0
2011-09-07,3371.977210183595,3276.870160665597,3323.286041291606,3364.6962877324568,13213.0,4826105.0,1469434220.0
2011-09-08,3403.8312459073272,3314.6399458808787,3322.093790240232,3364.6962877324568,12147.0,4456316.0,1468837539.0
2011-09-09,3372.432267836792,3226.358761160822,3341.033289766256,3243.6509519822766,14001.0,4753040.0,1468237539.0
2011-09-12,3222.720120165865,3096.2122723467187,3153.549536649436,3194.504725437091,14777.0,4828710.0,1467487539.0
2011-09-13,3245.9262402482573,3110.3190595958,3234.094741265157,3228.1789917736064,14374.0,5117524.0,1466987539.0
2011-09-14,3291.432005567874,3169.021496858105,3179.032765228421,3212.707031564937,13671.0,4852395.0,1466387539.0
2011-09-15,3328.2916754767634,3177.6675922688323,3247.910291616193,3281.875794850754,16314.0,5082536.0,1466387539.0
2011-09-16,3367.426633651634,3281.875794850754,3285.061198423128,3299.167985672209,14780.0,7974636.0,1465887539.0
2011-09-19,3242.740836675884,3149.909075423866,3221.80818462886,3189.9541489051285,11297.0,4380402.0,1465303625.0
2011-09-20,3269.864093036989,3126.7011351108613,3203.678687725525,3219.5328963628795,11919.0,4255650.0,1464703625.0
2011-09-21,3229.9992223863915,3058.49709404982,3219.9879540160755,3084.3807733636177,19671.0,7361083.0,1464153625.0
2011-09-22,2984.723147313657,2746.2729370388665,2962.425322307045,2751.278571224024,31632.0,12464183.0,1464156865.0
2011-09-23,2807.350775250856,2599.7443727097007,2782.6775492945594,2716.694189581115,24735.0,9116410.0,1463556865.0
2011-09-26,2725.7953426450385,2607.480352814035,2694.55108417659,2698.0368258000726,19447.0,8236000.0,1462906865.0
2011-09-27,2909.183576883094,2774.4865115370285,2821.3574498162334,2909.183576883094,17064.0,6546640.0,1462506865.0
2011-09-28,2936.94209372806,2772.211223271048,2871.4137916678123,2782.2224916413634,15758.0,5818651.0,1462056865.0
2011-09-29,2804.5203166479755,2680.2895773254218,2735.806611015354,2699.8570564128568,17240.0,6121615.0,1461556865.0
2011-09-30,2743.997648772885,2579.266778315873,2740.448199077955,2628.868062514255,14984.0,6523534.0,1461056865.0
2011-10-03,2649.6705680724644,2497.356400740563,2530.1205517706867,2566.070106373184,18132.0,5796842.0,1461056865.0
2011-10-04,2536.491358915433,2399.5190053033866,2521.929514013156,2468.687768589205,21199.0,8619244.0,1459606865.0
2011-10-05,2650.7108298676712,2530.575609423883,2575.6263170903035,2644.3400227229245,18776.0,6482091.0,1458906865.0
2011-10-06,2845.4755054356306,2700.7671717192497,2721.244766113077,2845.4755054356306,25536.0,9024851.0,1458906865.0
2011-10-07,2930.5712865833134,2817.261930937468,2845.4755054356306,2879.604829425344,20325.0,5955851.0,1458908610.0
2011-10-10,2978.352340168912,2866.408157482654,2912.3689804554674,2955.599457509102,13124.0,3922426.0,1458908610.0
2011-10-11,3008.0676049226204,2884.1554059573045,2953.3241692431225,2968.341071798596,11231.0,4151485.0,1458778610.0
2011-10-12,3073.317411699113,2918.284729947017,2928.5417294500585,3059.8076600910254,12958.0,5209592.0,1458473610.0
2011-10-13,3094.3920417339336,2941.0376126068254,3026.8978906118787,2988.363608539227,15446.0,4854404.0,1457573610.0
2011-10-14,3109.408944289407,2968.796129451792,3001.487471257404,3044.790757535551,11652.0,4118849.0,1457173610.0
2011-10-17,3167.5380089086857,2968.341071798596,3103.9482524510536,3005.2007417074847,15095.0,4611175.0,1456673610.0
2011-10-18,2920.922244104943,2825.452968694999,2895.076789634013,2875.5093105465776,21473.0,8723117.0,1456123610.0
2011-10-19,2938.3072666876483,2827.72825696098,2929.834093185136,2855.941831459142,16355.0,6151630.0,1455673610.0
2011-10-20,2821.1062579916697,2729.435803870608,2792.4185134188765,2743.997648772885,18177.0,7808557.0,1455074770.0
2011-10-21,2880.9700023849314,2772.211223271048,2775.8516844966166,2867.7733304422422,15166.0,5003615.0,1454574770.0
2011-10-24,3072.094216727321,2925.565652398156,2948.7735927111607,3070.2739861145374,18333.0,5564247.0,1454317180.0
2011-10-25,3092.116753467953,2950.138765670749,3048.886276414317,3005.655799360681,19426.0,5316766.0,1454317180.0
2011-10-26,3044.335699882355,2952.414053936729,3009.2962605862504,3003.3805110947005,12660.0,4295114.0,1454317180.0
2011-10-27,3296.372111450972,3135.8022881747843,3185.4035723731668,3242.285779022687,22190.0,8107667.0,1454317180.0
2011-10-28,3324.6512142511942,3197.690129009464,3209.831158208268,3294.617409140247,16111.0,5812878.0,1454317180.0
2011-10-31,3221.80818462886,3074.578831513773,3206.3362244201903,3080.740312138049,15015.0,5490794.0,1453917180.0
2011-11-01,3183.452285156262,2905.5431156575246,2966.9758988390067,2960.1500340410644,23354.0,6786707.0,1453441388.0
2011-11-02,3110.485610696869,2962.425322307045,3011.5715488522314,3071.639159074125,20286.0,7399085.0,1452841388.0
2011-11-03,3161.726012562064,2973.80176363695,2973.80176363695,3136.257345827981,22474.0,6879207.0,1452392047.0
2011-11-04,3233.63968361196,3111.684232555388,3117.1449243937423,3171.7518427772816,16912.0,5020491.0,1451942047.0
2011-11-07,3197.235071356268,3057.532371825044,3111.229174902192,3155.824824915416,13278.0,4360732.0,1451492047.0
2011-11-08,3251.3869320866115,3132.1618269492155,3154.7581515740185,3203.6058785010136,13740.0,4315669.0,1451542047.0
2011-11-09,3276.4151030124003,3114.414578474565,3200.989296995136,3171.296785124086,21299.0,6175687.0,1451092047.0
2011-11-10,3164.470920326144,3048.886276414317,3055.257083559063,3111.684232555388,16677.0,5545734.0,1450592047.0
2011-11-11,3155.824824915416,3061.172833050613,3113.82300352541,3155.824824915416,14493.0,4190445.0,1450442047.0
2011-11-14,3195.8698983966788,3095.3021570403257,3148.9989601174734,3115.324693780957,13663.0,4278875.0,1449992047.0
2011-11-15,3174.48218869646,3076.417264432685,3088.021234589188,3147.1787295046893,15383.0,4722066.0,1449551737.0
2011-11-16,3151.7293060366505,3086.146397058019,3112.5943478617805,3136.257345827981,14764.0,4641056.0,1449001737.0
2011-11-17,3112.6798987005814,3010.553129824378,3010.553129824378,3025.223278448116,14801.0,5322858.0,1448006527.0
2011-11-18,3029.318797326882,2964.2455529198296,3010.206375892644,2981.5377437412844,14210.0,5258263.0,1447456527.0
2011-11-21,2953.460686539081,2738.634339272316,2965.1556682262226,2805.885489607564,18822.0,6673374.0,1446806527.0
2011-11-22,2881.3158462013607,2739.424319358264,2739.424319358264,2780.4022610285783,16837.0,6687990.0,1446356527.0
2011-11-23,2832.278833492941,2696.671652840484,2824.3335268681367,2717.149247234311,16902.0,5868035.0,1445856527.0
2011-11-24,2832.242428880686,2721.244766113077,2753.098801836809,2758.104436021966,10268.0,3690381.0,1445456527.0
2011-11-25,2803.9560451580123,2690.3008456957373,2738.992014587728,2759.4696089815548,11426.0,3698491.0,1445056527.0
2011-11-28,2912.450890833042,2784.9528375605405,2799.0596248096217,2879.604829425344,15011.0,5529812.0,1444606527.0
2011-11-29,2881.425060038128,2799.5146824628173,2857.7620620719267,2856.396889112338,14220.0,4120794.0,1444156527.0
2011-11-30,3085.745946323206,2763.1100702071244,2842.7633618225814,3038.8750080440013,27298.0,11578049.0,1443738394.0
2011-12-01,3095.813641842518,2972.891648330557,3038.8750080440013,3007.0209723202693,18403.0,5756926.0,1443738394.0
2011-12-02,3095.7572146935217,3030.2289126332744,3055.71214121226,3045.700872841944,14843.0,5796000.0,1443338394.0
2011-12-05,3121.986737823749,3032.504200899255,3085.29088867001,3079.8301968316564,12060.0,3811396.0,1442888394.0
2011-12-06,3089.8414652019724,3022.037874875743,3076.731354326074,3049.7963917207094,11494.0,5024287.0,1442388394.0
2011-12-07,3135.347230521588,3012.4816641586235,3098.4875606127,3034.32443151204,13886.0,4267993.0,1441888394.0
2011-12-08,3073.9144473401066,2927.3858830109407,3064.8132942761827,2927.3858830109407,12988.0,4271105.0,1441340347.0
2011-12-09,3028.344063833736,2866.863215135851,2868.2283880954383,2953.7792268963185,15132.0,5247736.0,1440840347.0
2011-12-12,2949.228650364357,2836.101317779789,2942.402785566414,2838.649640637688,13237.0,4571200.0,1440340347.0
2011-12-13,2944.678073832395,2831.3687181865494,2853.211485539965,2898.717250859582,15930.0,5798897.0,1439840347.0
2011-12-14,2882.790232997716,2751.7336288772203,2866.863215135851,2762.6550125539284,20071.0,7923253.0,1439340347.0
2011-12-15,2823.1776804290184,2739.447072240924,2762.654967048163,2756.7392630623776,13230.0,5950856.0,1438841738.0
2011-12-16,2864.132869216673,2782.6775492945594,2809.9810084863293,2784.9528375605405,12626.0,7928815.0,1438341738.0
2011-12-19,2810.436066139526,2730.941134587381,2808.806959741084,2754.919032449593,12797.0,3580066.0,1437941738.0
2011-12-20,2847.303927086173,2690.793218076496,2690.793400099557,2817.716988590664,12539.0,4365259.0,1347541738.0
2011-12-21,2887.3408095296777,2792.23376001168,2804.2836866683133,2807.7057202203487,12618.0,3273086.0,1347141738.0
2011-12-22,2881.880117691324,2792.688817664876,2804.1289670662272,2857.7620620719267,9061.0,3104105.0,1346541738.0
2011-12-23,2904.059627708105,2852.3013702335734,2898.717250859582,2873.6890799337925,3156.0,1047914.0,1346541738.0
2011-12-27,,,,,,,
2011-12-28,2880.9700023849314,2813.166412058703,2866.863215135851,2813.166412058703,7556.0,1814155.0,1346541738.0
2011-12-29,2838.194582984492,2801.7899707287984,2821.81250746943,2835.464237065315,5532.0,1311626.0,1346541738.0
2011-12-30,2856.851946765536,2805.430431954368,2847.295736048415,2844.110332476042,2534.0,810932.0,1436458488.0
2012-01-02,,,,,,,
2012-01-03,3029.318797326882,2932.072976838861,2958.784861081476,3026.133393754508,15015.0,5179140.0,1436458488.0
2012-01-04,3065.2683519293787,3006.1108570138776,3039.785123350394,3041.6053539631785,12842.0,3950284.0,1436268717.0
2012-01-05,3053.4368529462786,2995.189473337169,3041.6053539631785,3022.4929325289395,14663.0,4177988.0,1435668717.0
2012-01-06,3044.790757535551,2992.9141850711885,2994.734415683973,3015.6670677309967,11347.0,3783923.0,1435118717.0
2012-01-09,3061.1427992455024,3001.560280481916,3016.759206098668,3013.391779465016,10654.0,4294767.0,1434518717.0
2012-01-10,3148.9989601174734,3049.7963917207094,3068.9088131549483,3120.3303279661154,13389.0,4767804.0,1434120427.0
2012-01-11,3185.4035723731668,3115.324693780957,3120.3303279661154,3175.392304002852,16650.0,5140654.0,1433720427.0
2012-01-12,3270.49935352085,3173.1170157368706,3185.4035723731668,3228.634049426803,17966.0,5493946.0,1433545427.0
2012-01-13,3292.797178527462,3185.4035723731668,3233.039007509742,3240.9206060630995,18788.0,6142381.0,1432745427.0
2012-01-16,3280.9656795443625,3197.3260828869065,3212.707031564937,3266.403834642085,13493.0,3572477.0,1432400427.0
2012-01-17,3367.738803201726,3299.167985672209,3316.005118840467,3361.965941813279,21441.0,8252293.0,1431950427.0
2012-01-18,3380.1682479411265,3289.611774955089,3337.392828540687,3376.982844368753,19168.0,5621969.0,1431500427.0
2012-01-19,3415.662744890428,3351.954673442964,3363.7861724260647,3392.9098622306187,14071.0,5834322.0,1430366829.0
2012-01-20,3392.9098622306187,3345.470101884918,3371.3765340813766,3353.3198464025527,11355.0,4273334.0,1430366829.0
2012-01-23,3418.8053730434,3341.488347419453,3361.219647262038,3400.190784681758,9576.0,3126418.0,1429966829.0
2012-01-24,3390.1795163114416,3339.8956456332653,3376.072729062361,3367.426633651634,11926.0,3899129.0,1429322829.0
2012-01-25,3420.213321422389,3342.85352037904,3364.386848528283,3377.892959675146,12229.0,3623877.0,1428722829.0
2012-01-26,3557.6407326876315,3378.348017328342,3420.213321422389,3543.0788877853543,17285.0,6543297.0,1428522829.0
2012-01-27,3537.163138293804,3330.566963742744,3443.239238674115,3467.53931735479,13279.0,4565943.0,1427522829.0
2012-01-30,3460.781711204827,3407.0166494797,3435.685281631059,3457.0729913312784,15367.0,4844656.0,1427047829.0
2012-01-31,3546.428112112877,3460.258394903652,3462.17873820014,3462.9887408228283,14216.0,5903958.0,1426297829.0
2012-02-01,3560.3710786068086,3451.6942098705003,3487.943683871066,3560.3710786068086,16768.0,5755511.0,1426297829.0
2012-02-02,3666.854569454712,3566.741885751555,3578.573384734655,3622.7139770946833,19700.0,6738929.0,1425445493.0
2012-02-03,3635.455591384176,3536.708080640608,3620.238463461296,3629.539841892625,16251.0,6296046.0,1425064402.0
2012-02-05,,,,,,,
2012-02-06,3620.893746481898,3546.719349010923,3617.770849628768,3591.314999024148,13742.0,4342867.0,1424407513.0
2012-02-07,3604.05661331364,3482.1011622570672,3586.090937165456,3521.691178085134,11656.0,4262387.0,1424408013.0
2012-02-08,3616.798227603133,3519.4158898191536,3562.191309219593,3525.331639310704,12045.0,4904580.0,1424408013.0
2012-02-09,3575.187755794876,3431.1347050990967,3567.776149886892,3472.089893886752,15366.0,5566789.0,1424410213.0
2012-02-10,3453.8875877589053,3375.6176714091644,3408.381822439289,3432.9549357118817,13770.0,5477169.0,1423810213.0
2012-02-13,3531.526794201316,3461.62356786324,3474.8202398059293,3499.8484107317176,8938.0,3039662.0,1423311040.0
2012-02-14,3456.6179336780824,3370.6120372240066,3434.3201086714707,3392.4548045774227,13364.0,4748392.0,1422611040.0
2012-02-15,3434.3201086714707,3349.861408238261,3425.218955607547,3351.954673442964,13974.0,3772277.0,1422624095.0
2012-02-16,3310.9994846553086,3247.291413207846,3310.9994846553086,3306.903965776543,21609.0,7270061.0,1422202049.0
2012-02-17,3368.336748958026,3286.426371382716,3350.2906732236743,3296.437639753032,15560.0,6968974.0,1421158746.0
2012-02-20,3421.056088196108,3269.134180561262,3357.4153652813184,3372.887325489988,13616.0,3953987.0,1420658746.0
2012-02-21,3414.2975719308392,3352.3824276369683,3381.0783632475186,3366.9715759984374,12505.0,4719220.0,1420267958.0
2012-02-22,3398.370554068973,3306.736504560168,3380.5095411810235,3333.2973096619216,15197.0,4617561.0,1419767958.0
2012-02-23,3403.3761882541303,3317.370291800056,3339.841038714882,3358.325480587711,10437.0,3247768.0,1419282410.0
2012-02-24,3396.5503234561884,3321.4658106788206,3358.325480587711,3340.57823211306,11342.0,3497606.0,1418742068.0
2012-02-27,3379.71319028793,3267.3139499484773,3310.544427002113,3369.246864264418,9862.0,5312795.0,1418198417.0
2012-02-28,3422.033552035173,3371.5221525304,3385.62893977948,3395.1851504966,13204.0,4598629.0,1417765064.0
2012-02-29,3393.2193014347927,3259.1229121909464,3314.212191686874,3261.853258110123,14057.0,6984547.0,1417343395.0
2012-03-01,3296.892697406228,3223.0022559108465,3274.904311603789,3271.409468827243,12216.0,4156547.0,1417343395.0
2012-03-02,3279.145448931577,3238.645317797119,3260.5335909158543,3240.010490756707,7178.0,2754170.0,1417193395.0
2012-03-05,3214.5272621777217,3106.6785983702307,3210.8868009521525,3114.414578474565,15957.0,5350242.0,1416309374.0
2012-03-06,3105.819449520996,3029.972260116871,3091.6616958147565,3054.34696825267,18128.0,5623300.0,1415909374.0
2012-03-07,3120.187439863012,3038.0194996559926,3058.03293524356,3067.088582542164,13543.0,4716490.0,1415617484.0
2012-03-08,3178.5777075752244,3086.2010039764027,3111.957267147306,3148.9989601174734,17804.0,6220011.0,1415317484.0
2012-03-09,3207.246339726584,3107.5887136766223,3157.669628641473,3193.594610130698,12915.0,4060501.0,1415067484.0
2012-03-12,3189.9541489051285,3134.4371152151966,3184.903008954651,3140.352864706747,10348.0,4095466.0,1414688095.0
2012-03-13,3233.812605520175,3152.639421343043,3166.2001394082886,3215.4373774841138,13963.0,4271584.0,1414293560.0
2012-03-14,3254.5723356589847,3167.2012662453203,3198.8186719893897,3167.2012662453203,15435.0,7025301.0,1413893560.0
2012-03-15,3238.190260143921,3170.3184111697137,3170.5140859605885,3228.634049426803,12796.0,4334622.0,1413511222.0
2012-03-16,3284.979288045552,3225.4486458544297,3229.089107079999,3256.8476239249653,17009.0,10905905.0,1413113835.0
2012-03-19,3311.909599961701,3224.083472894841,3266.1308000501667,3289.611774955089,12001.0,3633856.0,1412713835.0
2012-03-20,3253.662220352592,3138.532634093962,3249.1116438206304,3153.094478996239,19060.0,8351097.0,1412213835.0
2012-03-21,3198.8960317904334,3085.29088867001,3177.6675922688323,3127.156192764058,15374.0,5636605.0,1411918251.0
2012-03-22,3113.959520821369,3000.6501651755234,3097.1223876531108,3034.32443151204,16747.0,6487758.0,1411519295.0
2012-03-23,3087.566176935992,2978.352340168912,3034.160610756889,3078.465023872068,14401.0,5250844.0,1411128473.0
2012-03-26,3115.7797514341537,3030.2289126332744,3094.3920417339336,3062.082948357006,13962.0,4590091.0,1411131893.0
2012-03-27,3147.1787295046893,3074.824562646498,3076.9405807338603,3082.105485097637,14700.0,5224559.0,1410811073.0
2012-03-28,3112.063750638154,3013.8468371182125,3101.190603072684,3017.9423559969778,16106.0,5490784.0,1410813742.0
2012-03-29,3107.401229923506,3042.515469269571,3060.308223509541,3072.094216727321,19712.0,7013182.0,1410818927.0
2012-03-30,3180.8111305371112,3097.1223876531108,3121.6955009257035,3136.257345827981,20478.0,7158487.0,1410820576.0
2012-04-02,3241.830721369492,3160.204299769776,3197.235071356268,3236.3700295311373,17381.0,6261166.0,1410820576.0
2012-04-03,3261.6375607825084,3209.066570339368,3219.5328963628795,3213.162089218133,14790.0,5682359.0,1410828017.0
2012-04-04,3197.235071356268,3083.9584798614524,3232.420129101395,3100.307791225484,17744.0,5847358.0,1410829994.0
2012-04-05,3165.836093285732,3051.6166223334944,3106.114326880267,3148.9989601174734,16392.0,4890560.0,1410833499.0
2012-04-08,,,,,,,
2012-04-09,,,,,,,
2012-04-10,3103.4931947978566,3008.841202933055,3093.936984080738,3008.841202933055,11742.0,4102552.0,1410839353.0
2012-04-11,3088.9313498955794,3006.5659146670737,3055.4964438846446,3036.599719778021,15342.0,6144591.0,1410844460.0
2012-04-12,3191.774379517913,3056.167198865456,3065.031721949717,3173.572073390066,19977.0,7151425.0,1410854264.0
2012-04-13,3224.9935882012333,3132.134523490023,3148.4437897805738,3136.257345827981,16974.0,5595587.0,1410863025.0
2012-04-16,3190.864264211521,3130.7966539896274,3184.903008954651,3130.7966539896274,11310.0,3660311.0,1410863025.0
2012-04-17,3215.4373774841138,3056.167198865456,3085.29088867001,3201.330590235033,11697.0,4330613.0,1410865593.0
2012-04-18,3272.319584133634,3194.049667783894,3209.97668564576,3221.80818462886,14293.0,4875230.0,1410876084.0
2012-04-19,3266.1308000501667,3194.504725437091,3226.358761160822,3196.780013703072,14125.0,3973412.0,1410891742.0
2012-04-20,3247.855684697809,3177.2125346156363,3196.780013703072,3228.1789917736064,10439.0,3530262.0,1410904242.0
2012-04-23,3185.4035723731668,3056.167198865456,3183.5833417603826,3072.549274380517,13739.0,4765958.0,1410908592.0
2012-04-24,3121.2404432725075,3041.6053539631785,3085.8058501126734,3108.0437713298184,12460.0,4185191.0,1410911269.0
2012-04-25,3173.572073390066,3117.1449243937423,3125.3359621512727,3167.2012662453203,12103.0,4099323.0,1410911269.0
2012-04-26,3171.7518427772816,3115.7797514341537,3168.1113815517124,3159.920343794181,12686.0,4484374.0,1410917461.0
2012-04-27,3212.707031564937,3087.1111192827952,3110.774117248996,3188.5889759455404,12537.0,4897104.0,1410918168.0
2012-04-30,3205.881166766994,2997.62130143585,3104.6945470022947,3123.9707891916846,10471.0,4204384.0,1410919697.0
2012-05-01,3205.4261091137982,3101.217906531876,3123.9707891916846,3190.4092065583254,7481.0,2537288.0,1410927735.0
2012-05-02,3210.431743298956,3119.420212659723,3188.479762108773,3129.8865386832344,14805.0,4750980.0,1410928019.0
2012-05-03,3169.021496858105,3041.6053539631785,3129.8865386832344,3060.7177753974174,15029.0,5216709.0,1410929237.0
2012-05-04,3052.9817952930825,2902.230295942257,3052.9817952930825,2925.565652398156,24648.0,8107683.0,1410929237.0
2012-05-07,,,,,,,
2012-05-08,2927.341287360928,2809.9810084863293,2913.1323123652446,2828.183314614176,17045.0,6419228.0,1410931526.0
2012-05-09,2856.8191826145044,2774.031453883832,2850.481139620788,2845.9305630888266,16172.0,5388627.0,1410933071.0
2012-05-10,2910.548749842682,2840.924928903669,2885.065521263697,2866.408157482654,13857.0,4087212.0,1410933482.0
2012-05-11,2871.4137916678123,2778.4746368096394,2836.829410024904,2859.582292684712,13621.0,4694092.0,1410935982.0
2012-05-14,2828.9632834317545,2743.0875334664934,2816.806873284272,2769.4808773518707,14238.0,6090703.0,1410935982.0
2012-05-15,2806.130310624983,2664.817617116752,2785.4078952137365,2688.0255574297566,18153.0,6282644.0,1410935982.0
2012-05-16,2707.607598362093,2576.0813747435,2605.587986462066,2648.890599254886,21875.0,7404496.0,1410935982.0
2012-05-17,2665.727732423145,2570.1656252519497,2648.890599254886,2598.379199750112,17137.0,5237862.0,1410936413.0
2012-05-18,2576.821298487597,2502.8170925789173,2521.019398706764,2537.401474221825,21725.0,7910487.0,1410936413.0
2012-05-21,2587.002758420208,2519.6542257471747,2529.210436464295,2569.2555099455576,14343.0,6105480.0,1410936413.0
2012-05-22,2681.1996926318143,2607.8125449008685,2622.952313022705,2672.553597221088,18999.0,6624952.0,1410936413.0
2012-05-23,2663.795557627674,2532.395840036668,2599.7443727097007,2539.6767624878066,20105.0,6374462.0,1410936413.0
2012-05-24,2600.6635891691567,2539.6767624878066,2580.1768936222647,2583.3622971946384,17488.0,4946833.0,1410941164.0
2012-05-25,2605.205064548055,2534.216070649452,2579.266778315873,2543.7722813665723,11207.0,4092620.0,1410941164.0
2012-05-28,2648.43554160169,2589.278046686189,2648.43554160169,2600.6544880160923,8956.0,2866433.0,1410942809.0
2012-05-29,2681.457255263524,2623.862428329097,2658.4468099720057,2659.356925278398,14446.0,4940858.0,1410944563.0
2012-05-30,2624.3174859822934,2541.496993100591,2622.952313022705,2549.232973204926,15516.0,4814527.0,1410965467.0
2012-05-31,2595.9455514208184,2490.9855935958167,2566.3431409651016,2530.1205517706867,12793.0,7041436.0,1410965567.0
2012-06-01,2576.30344287826,2455.4910966465154,2531.640444332362,2522.3845716663523,17332.0,5828298.0,1410965567.0
2012-06-04,,,,,,,
2012-06-05,,,,,,,
2012-06-06,2638.8793308845707,2541.496993100591,2548.322857898534,2638.8793308845707,15773.0,6066522.0,1410965567.0
2012-06-07,2787.0633949560643,2608.390468120428,2625.154792064174,2743.997648772885,29209.0,11364199.0,1410966598.0
2012-06-08,2680.744634978618,2594.7387385245424,2639.3343885377667,2611.1208140396043,20350.0,8447879.0,1410966598.0
2012-06-11,2721.244766113077,2587.457816073404,2670.654186576646,2594.7387385245424,15425.0,8186129.0,1410967723.0
2012-06-12,2633.418639046217,2574.716201783911,2597.9605467091715,2621.1320824099203,15980.0,6322543.0,1410968679.0
2012-06-13,2661.177155891183,2571.5307982115387,2615.507569816416,2612.030929345997,14637.0,6322865.0,1410968679.0
2012-06-14,2617.946678837547,2544.2273390197684,2605.790905770779,2608.390468120428,15024.0,5653896.0,1410971174.0
2012-06-15,2698.9469411064647,2626.137716595078,2643.4299074165324,2671.1884242614983,18485.0,19009033.0,1410971174.0
2012-06-18,2747.935717703645,2650.2557722144747,2672.791137316055,2696.2165951872885,15148.0,4858914.0,1410971515.0
2012-06-19,2807.2506625671526,2709.8683247831727,2717.149247234311,2776.761799803009,13328.0,6123745.0,1410971515.0
2012-06-20,2857.3070044187307,2749.913398264436,2763.7058316866887,2816.806873284272,15733.0,7283462.0,1410972126.0
2012-06-21,2811.3461814459183,2712.59867070235,2777.773447572983,2730.3459191770003,15537.0,5882162.0,1410980082.0
2012-06-22,2732.166149789785,2664.817617116752,2703.0424599852304,2713.9638436619384,13883.0,4590782.0,1410982340.0
2012-06-25,2728.07063091102,2610.665756386408,2703.955760695195,2614.306217611978,14451.0,6825583.0,1410985820.0
2012-06-26,2667.547963035929,2611.575871692801,2639.523783533027,2630.233235473844,11930.0,3690283.0,1410986293.0
2012-06-27,2690.7559033489338,2604.750006894858,2639.3343885377667,2648.890599254886,10471.0,3326864.0,1410986293.0
2012-06-28,2662.542328850772,2590.290094906897,2661.63221354438,2651.165887520868,11562.0,3765774.0,1410986293.0
2012-06-29,2814.0765273650945,2695.306479880895,2730.3459191770003,2747.638109998454,15619.0,6165354.0,1410986293.0
2012-07-02,2818.6271038970567,2745.8178793856696,2762.1999549007323,2785.4078952137365,11855.0,3588881.0,1410988564.0
2012-07-03,2882.790232997716,2783.587664600952,2802.2450283819944,2873.234022280597,11763.0,4252610.0,1410988564.0
2012-07-04,2888.7059824892663,2855.486773805946,2879.604829425344,2860.037350337908,8223.0,2961496.0,1410988564.0
2012-07-05,2971.071417717772,2848.205851354808,2866.863215135851,2872.323906974204,18525.0,6767812.0,1410990225.0
2012-07-06,2869.138503401832,2777.6719151094017,2824.9259573256795,2793.1438753180714,11061.0,5327278.0,1410990717.0
2012-07-07,,,,,,,
2012-07-08,,,,,,,
2012-07-09,2799.605693993457,2746.727994692062,2932.8465748492945,2760.834781941144,9723.0,3902893.0,1410993217.0
2012-07-10,2814.986642671487,2725.3402849918425,2762.6550125539284,2766.295473779498,10267.0,3796540.0,1410993816.0
2012-07-11,2763.1100702071244,2707.593036517192,2730.3459191770003,2760.379724287948,10492.0,3486977.0,1410994577.0
2012-07-12,2713.508786008742,2620.677024756724,2675.7390007934605,2662.997386503967,17318.0,6749565.0,1411003403.0
2012-07-13,3246.199274840175,2677.104173753049,2687.1154421233646,2748.548225304847,14546.0,5513496.0,1411003687.0
2012-07-16,2728.07063091102,2672.098539567891,2724.5939904406005,2717.604304887507,7663.0,2669449.0,1411003687.0
2012-07-17,2707.975284945877,2643.4299074165324,2705.7728059044075,2654.3512910932404,12570.0,5400427.0,1411003687.0
2012-07-18,2675.089178464696,2595.8581803514053,2666.304654515867,2666.182790076341,13707.0,5364923.0,1411003687.0
2012-07-19,2717.604304887507,2656.171521706025,2671.643481914695,2712.143613049154,12067.0,4544932.0,1411003903.0
2012-07-20,2726.250400298235,2629.778177820647,2712.143613049154,2631.5984084334327,9656.0,6328559.0,1411003903.0
2012-07-23,2598.209008187817,2529.5744825868514,2587.002758420208,2569.710567598753,14830.0,5641483.0,1411003903.0
2012-07-24,2598.660425379788,2530.575609423883,2585.6375854606194,2540.1318201410027,11937.0,3574957.0,1411003903.0
2012-07-25,2571.5307982115387,2502.8170925789173,2540.1318201410027,2515.1036492152134,12875.0,4323805.0,1411003903.0
2012-07-26,2577.258153834665,2492.350766555405,2554.742811269825,2569.710567598753,17209.0,6361888.0,1411004839.0
2012-07-27,2650.538818074763,2537.4469799871454,2593.8286232181504,2632.0534660866288,14429.0,5197092.0,1411004839.0
2012-07-30,2703.9525752916225,2626.137716595078,2636.60404261859,2673.008654874284,10287.0,3677268.0,1411004839.0
2012-07-31,2731.7110921365884,2665.2726747699485,2681.654750285011,2681.654750285011,11490.0,4860176.0,1411009097.0
2012-08-01,2733.98638040257,2675.283943140264,2694.3963645745034,2733.98638040257,10364.0,3061492.0,1411009838.0
2012-08-02,2752.1886865304164,2643.4299074165324,2696.0285653649867,2648.43554160169,18686.0,6214685.0,1411009838.0
2012-08-03,2774.650332292179,2620.677024756724,2645.705195682513,2757.64937836877,13194.0,4741109.0,1411009838.0
2012-08-06,2845.4755054356306,2749.893375727695,2758.4757630669747,2828.638372267372,8824.0,3795447.0,1411009838.0
2012-08-07,2866.863215135851,2815.89675797788,2839.5597559440807,2849.1159666612,12320.0,4576728.0,1411012021.0
2012-08-08,3023.403047835332,2848.660909008004,2857.3070044187307,2930.5712865833134,16472.0,5755273.0,1411015589.0
2012-08-09,2945.133131485591,2895.220587852423,2875.5775691945564,2928.751055970529,11077.0,3529536.0,1411019905.0
2012-08-10,2927.8409406641363,2886.885751876482,2911.913922802271,2921.4701335193904,9763.0,2995409.0,1411021802.0
2012-08-13,2930.1162289301174,2885.065521263697,2910.9218971183027,2915.55438402784,8433.0,2709500.0,1411022997.0
2012-08-14,2935.121863115276,2886.840246111162,2921.4701335193904,2903.267827391544,11077.0,4327142.0,1411022997.0
2012-08-15,2902.139284411618,2757.137893566578,2828.638372267372,2764.930300819909,14099.0,5840527.0,1411023880.0
2012-08-16,2807.2506625671526,2759.9246666347512,2775.8516844966166,2776.761799803009,9019.0,2927658.0,1411024582.0
2012-08-17,2795.11700530233,2731.7110921365884,2791.7787023584824,2765.840416126301,10193.0,3820357.0,1411024582.0
2012-08-20,2766.295473779498,2710.7447658232286,2744.2825148637858,2730.3459191770003,8889.0,3059646.0,1411025109.0
2012-08-21,2813.463109648587,2740.923279267892,2747.638109998454,2787.2281258265207,10649.0,3683253.0,1411029559.0
2012-08-22,2739.90212989412,2698.0368258000726,2730.3459191770003,2711.688555395957,9760.0,3471058.0,1411030018.0
2012-08-23,2754.919032449593,2681.654750285011,2715.727647125727,2691.21096100213,11844.0,4691655.0,1411030018.0
2012-08-24,2662.087271197576,2586.0926431138155,2620.221967103528,2648.43554160169,15889.0,6923275.0,1411030018.0
2012-08-27,,,,,,,
2012-08-28,2647.525426295298,2583.3622971946384,2644.6130573148425,2604.750006894858,11987.0,5119450.0,1411030018.0
2012-08-29,2564.6030004992795,2511.9182456428407,2548.322857898534,2524.2048022791364,19968.0,8120904.0,1411032725.0
2012-08-30,2620.8863512771945,2453.215808380535,2620.8863512771945,2471.4181145083817,22636.0,8165864.0,1411032725.0
2012-08-31,2523.747924395328,2471.054068385825,2480.0642099191086,2489.620420636228,23988.0,8802044.0,1411033930.0
2012-09-03,2553.895402908044,2482.3394981850897,2491.6863823817384,2544.2273390197684,13972.0,5185788.0,1411033930.0
2012-09-04,2576.0813747435,2460.95178848487,2545.446893530334,2477.3338639999315,16203.0,5820869.0,1411033930.0
2012-09-05,2490.5218898472094,2410.1218486228577,2433.575520068588,2473.6934027743623,17090.0,6088327.0,1411033930.0
2012-09-06,2601.1095456692888,2491.4406512490127,2495.0811124745824,2590.1881619925807,17894.0,7115555.0,1411036935.0
2012-09-07,2767.2055890858896,2642.974849763336,2657.5366946656136,2749.4583406112392,27987.0,11474030.0,1411047447.0
2012-09-10,2840.4698712504724,2748.20693206495,2757.64937836877,2793.1438753180714,18962.0,7360019.0,1411048440.0
2012-09-11,2806.1001858083423,2732.166149789785,2743.997648772885,2794.0539906244635,14734.0,5292477.0,1411050349.0
2012-09-12,2861.8575809506924,2765.385358473105,2807.7057202203487,2800.42479776921,20491.0,7253512.0,1411050349.0
2012-09-13,2811.8012390991144,2740.357187547316,2805.885489607564,2801.7899707287984,14907.0,6693127.0,1411050973.0
2012-09-14,3018.85247130337,2807.7057202203487,2957.874745775084,2986.543377926442,31115.0,14314492.0,1411052456.0
2012-09-17,2990.183839152012,2905.3155868309263,2957.4196881218872,2926.9308253577447,14932.0,4927364.0,1411059213.0
2012-09-18,2918.284729947017,2826.818141654588,2895.9869049404047,2906.4532309639167,17368.0,6282407.0,1411065550.0
2012-09-19,2944.2230161791986,2856.396889112338,2916.4644993342326,2877.329541159362,14593.0,5641775.0,1411066631.0
2012-09-20,2816.806873284272,2779.03708806899,2812.25629675231,2800.42479776921,16576.0,6485451.0,1411068400.0
2012-09-21,2838.649640637688,2759.4696089815548,2831.3687181865494,2767.6606467390857,20945.0,8931695.0,1411068400.0
2012-09-24,2771.9414377907738,2699.4019987596607,2767.933681331004,2712.143613049154,14889.0,5315556.0,1411069838.0
2012-09-25,2713.053728355546,2665.2726747699485,2707.137978863996,2675.7390007934605,15224.0,6062565.0,1411069838.0
2012-09-26,2645.1824254505214,2577.4465477030885,2625.6826589418824,2585.6375854606194,19547.0,7202527.0,1411070193.0
2012-09-27,2650.682889327765,2607.935410467232,2639.3343885377667,2624.772543635489,13481.0,4721009.0,1411070610.0
2012-09-28,2677.9496708726874,2622.9864423466947,2652.9861181336514,2625.6826589418824,14953.0,4978360.0,1411071058.0
2012-10-01,2683.474980897795,2618.401736490744,2639.675681777664,2673.918770180676,14893.0,4331778.0,1411071058.0
2012-10-02,2732.411243841796,2649.3456569080827,2653.896233440044,2652.9861181336514,14166.0,4739998.0,1411071058.0
2012-10-03,2686.6139685895423,2625.227601288685,2632.9635813930204,2670.7333666083023,12322.0,3965454.0,1411071058.0
2012-10-04,2696.671652840484,2630.68829312704,2683.0199232446,2660.2670405847903,10558.0,3209190.0,1411071058.0
2012-10-05,2763.56512786032,2678.014289059441,2678.9244043658337,2718.5144201939,17464.0,5839579.0,1411071058.0
2012-10-08,2721.699823766273,2664.817617116752,2693.941306921307,2716.2391319279195,10255.0,3211047.0,1411071588.0
2012-10-09,2790.8685870520903,2728.07063091102,2748.548225304847,2757.64937836877,16192.0,5524397.0,1411071985.0
2012-10-10,2786.7730681733246,2731.2560344833923,2745.8178793856696,2731.2560344833923,11213.0,3807545.0,1411079931.0
2012-10-11,2806.795604913956,2719.4245355002927,2720.530052562968,2795.419163584052,18010.0,5166253.0,1411079931.0
2012-10-12,2819.537219203449,2750.368455917632,2763.9637583645203,2750.368455917632,14866.0,5317140.0,1411080348.0
2012-10-15,2737.171783974943,2693.00780165154,2703.0424599852304,2706.227863557604,15939.0,4686177.0,1411103002.0
2012-10-16,2797.2393941968367,2717.604304887507,2730.3459191770003,2785.8629528669326,14235.0,5242478.0,1411103002.0
2012-10-17,2905.5431156575246,2768.115704392282,2785.8629528669326,2897.8071355531893,21819.0,8090549.0,1411103002.0
2012-10-18,2982.7481970987865,2903.267827391544,2927.8409406641363,2966.9758988390067,18197.0,8157557.0,1411114415.0
2012-10-19,2961.515207000653,2904.633000351132,2952.414053936729,2912.824038108663,10999.0,4416375.0,1411116871.0
2012-10-22,2934.666805462078,2875.964368199774,2899.6273661659748,2906.908288617113,9414.0,3812894.0,1411121694.0
2012-10-23,2909.183576883094,2803.1551436883874,2906.908288617113,2850.481139620788,11515.0,4436400.0,1411121694.0
2012-10-24,2884.1554059573045,2797.6944518500327,2854.291792408653,2843.655274822846,11072.0,13172873.0,1411122195.0
2012-10-25,2895.9869049404047,2816.806873284272,2853.1204740093262,2821.3574498162334,11516.0,4139567.0,1411122658.0
2012-10-26,2855.941831459142,2760.379724287948,2794.0539906244635,2830.9136605333533,11104.0,4340097.0,1411123153.0
2012-10-29,2825.225439868401,2781.312376334971,2816.351815631076,2803.1551436883874,6576.0,2453778.0,1411123153.0
2012-10-30,2881.880117691324,2807.2871581909394,2835.009179412119,2860.037350337908,5057.0,1731158.0,1411124118.0
2012-10-31,2877.784598812558,2823.1776804290184,2856.396889112338,2825.452968694999,9290.0,4064442.0,1411124118.0
2012-11-01,2895.9869049404047,2806.9657964762514,2816.806873284272,2880.9700023849314,10685.0,3766172.0,1411124118.0
2012-11-02,2967.8860141454,2873.6890799337925,2885.520578916893,2925.11059474496,17887.0,7627430.0,1411131118.0
2012-11-05,2889.616097795659,2844.110332476042,2844.110332476042,2862.3126386038884,12741.0,5013453.0,1411131372.0
2012-11-06,2914.644268721448,2855.941831459142,2869.240527327677,2898.717250859582,9758.0,4352861.0,1411131372.0
2012-11-07,2944.2230161791986,2828.638372267372,2867.204690398809,2835.464237065315,13684.0,4853349.0,1411131788.0
2012-11-08,2858.67217737832,2795.419163584052,2850.9361972739844,2807.2506625671526,9018.0,3321075.0,1411132470.0
2012-11-09,2834.099064105726,2766.65041874899,2805.885489607564,2820.4473345098418,10667.0,3701610.0,1411132773.0
2012-11-12,2833.1889487993344,2789.503414092502,2821.3574498162334,2804.065258994779,8140.0,2430017.0,1411134261.0
2012-11-13,2814.531585018291,2739.447072240924,2781.312376334971,2811.8012390991144,11224.0,3669336.0,1411134976.0
2012-11-14,2817.716988590664,2743.0875334664934,2804.5203166479755,2753.098801836809,11462.0,4187960.0,1411134976.0
2012-11-15,2761.744897247536,2715.329016621527,2726.7054579514306,2730.3459191770003,10985.0,3947171.0,1411134976.0
2012-11-16,2747.729394563686,2655.716464052829,2722.52802869509,2670.7333666083023,15882.0,6204347.0,1411134976.0
2012-11-19,2764.548052391224,2703.9525752916225,2706.1651566129926,2753.098801836809,10206.0,3924491.0,1411134976.0
2012-11-20,2758.9009689381214,2722.15488141947,2749.4583406112392,2755.829147755986,7390.0,2728344.0,1411134976.0
2012-11-21,2737.6268416281387,2708.9582094767807,2720.789708459881,2727.615573257823,11441.0,4062732.0,1411138883.0
2012-11-22,2757.64937836877,2724.43016968545,2743.997648772885,2739.447072240924,8184.0,4519068.0,1411138883.0
2012-11-23,2749.4583406112392,2711.688555395957,2734.896495708962,2736.2616686685506,8064.0,2835266.0,1411148169.0
2012-11-26,2747.1830523452586,2704.8626905980154,2721.0627430517984,2724.885227338646,7096.0,2704667.0,1411148740.0
2012-11-27,2764.733806925259,2703.9525752916225,2747.1830523452586,2710.7784400895653,8500.0,3056024.0,1411149781.0
2012-11-28,2713.508786008742,2657.081637012417,2691.0642322124336,2676.1940584466565,11287.0,4597585.0,1411151346.0
2012-11-29,2821.3574498162334,2718.969477847096,2721.244766113077,2812.25629675231,17618.0,8149467.0,1411151346.0
2012-11-30,2837.739525331296,2802.281888051904,2804.838857005213,2815.441700324684,9631.0,3763935.0,1411163336.0
2012-12-03,2868.683445748635,2828.183314614176,2828.183314614176,2839.5597559440807,10511.0,4002438.0,1411163336.0
2012-12-04,2878.408937912744,2816.806873284272,2818.17204624386,2849.1159666612,9683.0,3492618.0,1411169697.0
2012-12-05,2945.133131485591,2887.905081019641,2889.616097795659,2936.031978421668,16375.0,6560895.0,1411184322.0
2012-12-06,2957.874745775084,2897.352077899993,2915.55438402784,2946.043246791984,19793.0,5880735.0,1411189739.0
2012-12-07,2997.4647616031502,2936.031978421668,2943.7679585260025,2963.3354376134384,11493.0,4235156.0,1411193929.0
2012-12-10,2991.5490121116004,2963.590269899228,2974.2568212901456,2982.902916700873,8306.0,3682004.0,1411196080.0
2012-12-11,3020.672701916155,2972.436590677361,2975.1305319842822,3011.5715488522314,8275.0,3794123.0,1411202723.0
2012-12-12,3029.318797326882,2992.004069764796,3009.2962605862504,3013.391779465016,10324.0,4489900.0,1411210597.0
2012-12-13,3047.0660458015327,3012.4816641586235,3013.391779465016,3038.4199503908053,10533.0,5414114.0,1411211446.0
2012-12-14,3092.571811121149,3023.403047835332,3039.785123350394,3085.29088867001,11186.0,4986811.0,1411211446.0
2012-12-17,3158.100113181397,3079.3751391784604,3091.6616958147565,3158.100113181397,12692.0,4842113.0,1411211446.0
2012-12-18,3255.5734624960155,3147.688394076269,3167.6563238985163,3247.291413207846,18493.0,8152685.0,1411211446.0
2012-12-19,3290.521890261481,3189.9541489051285,3221.80818462886,3191.3193218647166,16158.0,6748681.0,1411211446.0
2012-12-20,3243.6509519822766,3176.302419309244,3191.3193218647166,3180.852995841205,14170.0,4127570.0,1411211446.0
2012-12-21,3189.9541489051285,3126.2460774576657,3151.2742483834545,3176.302419309244,11761.0,6150504.0,1411211446.0
2012-12-24,3220.443011669272,3154.004594302632,3175.847361656048,3193.594610130698,5161.0,1035858.0,1411211446.0
2012-12-27,3283.5650598709494,3195.4148407434823,3197.235071356268,3223.1733575884487,7557.0,1847028.0,1411211446.0
2012-12-28,3260.943142803731,3200.875532581837,3241.632316232698,3217.712665750095,6421.0,1735468.0,1411211446.0
2012-12-31,3218.622781056487,3178.5167298496963,3195.4148407434823,3195.8698983966788,2853.0,718154.0,1411257251.0
2013-01-02,3391.544689271031,3281.875794850754,3281.875794850754,3359.2355958941025,17792.0,5519564.0,1411257251.0
2013-01-03,3359.2355958941025,3289.855967992947,3358.4392450010096,3329.656848436352,10758.0,3348956.0,1411257251.0
2013-01-04,3320.100637719232,3261.853258110123,3320.100637719232,3288.2466019955004,10612.0,3623154.0,1411257251.0
2013-01-07,3285.97131372952,3240.602065705862,3272.884001242047,3253.207162699396,9652.0,3407815.0,1411257251.0
2013-01-08,3238.190260143921,3207.70139737978,3235.9149718779413,3228.1789917736064,9890.0,3720822.0,1411257251.0
2013-01-09,3268.224065254869,3195.4148407434823,3235.4599142247457,3229.089107079999,12624.0,5117845.0,1411257251.0
2013-01-10,3255.4824509653763,3188.5889759455404,3240.010490756707,3195.8698983966788,11827.0,3872180.0,1411257251.0
2013-01-11,3180.9394567953123,3112.139290208584,3179.9428805348134,3156.2798825686127,13030.0,4726725.0,1411257251.0
2013-01-14,3204.971051460602,3144.448383585512,3155.36976726222,3161.28551675377,9539.0,3354014.0,1411257251.0
2013-01-15,3227.2688764672143,3139.89780705355,3155.36976726222,3176.302419309244,11162.0,3963289.0,1411257251.0
2013-01-16,3168.566439204909,3125.791019804469,3161.28551675377,3147.1787295046893,10556.0,3676734.0,1411257251.0
2013-01-17,3134.4371152151966,2997.373750072511,3003.3805110947005,3130.3415963364314,25851.0,11764683.0,1411257251.0
2013-01-18,3227.2688764672143,3161.740574406966,3194.049667783894,3187.678860639148,19093.0,6322477.0,1411257251.0
2013-01-21,3246.3812979014533,3069.286192466744,3219.077838709683,3235.4599142247457,7449.0,2319621.0,1411257251.0
2013-01-22,3261.967022523422,3174.48218869646,3204.6297582207053,3219.5328963628795,9595.0,3313643.0,1411257251.0
2013-01-23,3244.277111313074,3182.2181688007936,3211.796916258545,3186.31368767956,10045.0,3198834.0,1411257251.0
2013-01-24,3258.2127968845534,3195.8698983966788,3200.5569922245995,3253.662220352592,8293.0,3530921.0,1411257251.0
2013-01-25,3240.465548409903,3177.2125346156363,3218.685123954975,3201.785647888229,10244.0,3858539.0,1411257251.0
2013-01-28,3221.1255981490663,3180.397938188009,3203.6058785010136,3190.864264211521,8679.0,2165276.0,1411257251.0
2013-01-29,3263.218431069712,3198.1451866626594,3204.515993807406,3254.117278005788,7197.0,2763605.0,1411257251.0
2013-01-30,3297.3477550594243,3202.6957631946216,3283.1590574327674,3232.7295683055686,13439.0,4455409.0,1411257251.0
2013-01-31,3278.235333625185,3211.796916258545,3216.3474927905067,3240.010490756707,9095.0,3341081.0,1411257251.0
2013-02-01,3353.774904055749,3243.6509519822766,3259.8692067421875,3348.314212217395,9901.0,4054016.0,1411404685.0
2013-02-04,3361.510884160084,3267.7690076016734,3352.864788749356,3290.066832608285,10313.0,3446485.0,1411404685.0
2013-02-05,3323.286041291606,3280.510621891166,3280.510621891166,3299.167985672209,9840.0,3123514.0,1411404685.0
2013-02-06,3353.456363698512,3291.8870632210696,3317.825349453252,3331.022021395941,7967.0,2456797.0,1411404685.0
2013-02-07,3356.0501923217294,3294.162351487051,3326.016387210783,3331.022021395941,10265.0,4897994.0,1411404685.0
2013-02-08,3356.960307628122,3325.1062719043903,3340.57823211306,3329.201790783156,7622.0,2253911.0,1411404685.0
2013-02-11,3345.583866298218,3301.44327393819,3312.8197152680937,3327.381560170372,5841.0,1545787.0,1411404685.0
2013-02-12,3344.6737509918257,3316.005118840467,3325.1062719043903,3340.123174459864,8634.0,2585456.0,1411404685.0
2013-02-13,3448.4268959205515,3372.261166159189,3376.527786715557,3419.3032061159965,15826.0,5484712.0,1411404685.0
2013-02-14,3524.5216366880145,3354.229961708945,3524.5216366880145,3408.8368800924845,19065.0,8249857.0,1411404685.0
2013-02-15,3428.8958214453714,3380.746735432175,3419.394217646636,3397.9154964157774,9176.0,3964883.0,1411404685.0
2013-02-18,3446.03329266474,3351.499615789768,3401.10089998815,3377.43790202195,9418.0,3993852.0,1411404685.0
2013-02-19,3402.5115787130585,3332.3871943555287,3376.527786715557,3379.71319028793,10828.0,3825067.0,1411404685.0
2013-02-20,3410.2020530520736,3290.521890261481,3379.71319028793,3318.735464759644,17015.0,4962530.0,1411404685.0
2013-02-21,3323.8102677080874,3201.785647888229,3269.134180561262,3202.240705541425,15221.0,7501625.0,1411404685.0
2013-02-22,3268.970359806111,3153.094478996239,3195.960909927317,3163.5608050197507,21108.0,6918688.0,1411404685.0
2013-02-25,3224.538530548037,3177.1100101263705,3199.510359622248,3212.2519739117406,15708.0,6635728.0,1411404685.0
2013-02-26,3208.6115126861714,3153.549536649436,3167.2012662453203,3185.4035723731668,15875.0,5624277.0,1411404685.0
2013-02-27,3225.903703507626,3146.2686141982967,3194.8915244423074,3217.257608096899,12756.0,3646612.0,1411404685.0
2013-02-28,3271.864526480439,3183.1743359416896,3187.417384511621,3222.718299935253,12817.0,4334723.0,1411940651.0
2013-03-01,3209.521627992564,3089.8414652019724,3208.156455032975,3132.616884602412,16750.0,4927427.0,1411940651.0
2013-03-04,3091.6616958147565,3007.931087626662,3076.189735606087,3017.9423559969778,24847.0,7522318.0,1411940651.0
2013-03-05,3159.47438729405,3048.886276414317,3058.8975447846324,3129.4314810300384,19597.0,6245243.0,1411940651.0
2013-03-06,3101.672964185072,3060.7097663827217,3073.45938968691,3066.178467235772,11855.0,3723835.0,1411940651.0
2013-03-07,3167.2012662453203,3083.925715710422,3098.032502959504,3139.89780705355,15095.0,5208576.0,1411940651.0
2013-03-08,3174.937246349655,3090.296522855168,3169.931612164497,3117.5999820469383,14143.0,5565827.0,1411940651.0
2013-03-11,3128.9764233768424,3093.936984080738,3114.651208454227,3128.9764233768424,7206.0,2104656.0,1411940651.0
2013-03-12,3170.84172747089,3089.8414652019724,3144.913953070497,3137.1674611343733,10480.0,3584251.0,1411940651.0
2013-03-13,3150.8191907302585,3052.9817952930825,3114.414578474565,3073.45938968691,11259.0,3669322.0,1411940651.0
2013-03-14,3084.835831016814,2997.9198192563463,3080.740312138049,3013.391779465016,18180.0,7732677.0,1411940651.0
2013-03-15,3074.369504993302,3003.3805110947005,3023.218294428134,3014.301894771408,13237.0,5723790.0,1411940651.0
2013-03-18,3002.925453441504,2936.94209372806,2961.0601493474564,2982.447859047677,13284.0,3555823.0,1411940651.0
2013-03-19,2925.11059474496,2814.0765273650945,2910.548749842682,2827.72825696098,23093.0,8063691.0,1411940651.0
2013-03-20,2875.964368199774,2837.284467678099,2848.7309878865963,2853.211485539965,15600.0,4809131.0,1411940651.0
2013-03-21,2880.9700023849314,2822.267565122626,2853.130485277696,2861.8575809506924,14035.0,4451496.0,1411940651.0
2013-03-22,2889.616097795659,2829.093429920569,2855.941831459142,2829.093429920569,12347.0,4013483.0,1411940651.0
2013-03-25,2871.4137916678123,2784.042722254148,2860.4924079911034,2793.598932971267,11807.0,5006926.0,1411940651.0
2013-03-26,2838.649640637688,2771.301107964656,2786.318010520129,2808.160777873544,11268.0,3876763.0,1411940651.0
2013-03-27,2872.778964627401,2817.261930937468,2866.863215135851,2825.452968694999,12516.0,4323497.0,1411940651.0
2013-03-28,2858.826896980406,2796.784336543641,2858.826896980406,2807.7057202203487,12290.0,4710127.0,1411940651.0
2013-04-01,,,,,,,
2013-04-02,2825.908026348196,2768.570762045478,2796.3292788904446,2807.7057202203487,11224.0,3596307.0,1412136489.0
2013-04-03,2808.615835526741,2730.3459191770003,2808.615835526741,2752.6437441836124,13243.0,4368962.0,1412136489.0
2013-04-04,2808.160777873544,2730.8009768301963,2740.812245200512,2743.0875334664934,12196.0,3586266.0,1412136489.0
2013-04-05,2759.0145513283587,2668.458078342322,2752.6437441836124,2685.7502691637765,15339.0,5142818.0,1412136489.0
2013-04-08,2728.810554655117,2664.817617116752,2701.2222293724453,2722.6099390726654,9687.0,4131629.0,1412136489.0
2013-04-09,2870.50367636142,2789.503414092502,2821.3574498162334,2853.211485539965,17942.0,6470629.0,1412136489.0
2013-04-10,2907.8184039235057,2856.851946765536,2890.981270755248,2856.851946765536,13314.0,4098402.0,1412136489.0
2013-04-11,2891.436328408443,2824.08779573541,2858.67217737832,2857.7620620719267,13335.0,4469869.0,1412136489.0
2013-04-12,2854.576658499554,2790.4135293988943,2830.4586028801573,2803.6102013415825,13306.0,4321087.0,1412136489.0
2013-04-15,2739.90212989412,2679.3794620190297,2730.3459191770003,2705.7728059044075,20205.0,7053882.0,1412136489.0
2013-04-16,2769.9359350050668,2691.438489828728,2725.7953426450385,2695.306479880895,15981.0,6309148.0,1412136489.0
2013-04-17,2688.480797106014,2579.7218359690687,2680.2895773254218,2597.924142096916,21344.0,6899664.0,1412136489.0
2013-04-18,2639.3343885377667,2553.328492083692,2566.52516402638,2619.311851797136,15708.0,5224452.0,1412136489.0
2013-04-19,2705.317748251211,2633.418639046217,2666.637847729537,2657.5366946656136,13704.0,4420482.0,1412136489.0
2013-04-22,2693.031191614915,2609.30058342682,2685.1078187689936,2628.868062514255,11119.0,3705198.0,1412136489.0
2013-04-23,2673.918770180676,2586.0926431138155,2609.755641080016,2647.525426295298,14947.0,5390807.0,1412136489.0
2013-04-24,2793.1438753180714,2661.177155891183,2661.63221354438,2730.8009768301963,16671.0,5038290.0,1412136489.0
2013-04-25,2787.683183479717,2714.873958968331,2736.2616686685506,2768.570762045478,14532.0,5274010.0,1412136489.0
2013-04-26,2745.2658034408123,2680.744634978618,2744.907764079277,2693.4862492681104,11169.0,3718974.0,1412136489.0
2013-04-29,2726.3814569023552,2692.5761339617184,2703.0424599852304,2704.8626905980154,10630.0,3664813.0,1412136489.0
2013-04-30,2747.1830523452586,2634.783812005805,2703.497517638426,2656.626579359221,13672.0,5391106.0,1412136489.0
2013-05-01,2707.593036517192,2629.778177820647,2656.228767958797,2645.705195682513,7018.0,2325329.0,1412274841.0
2013-05-02,2649.3456569080827,2585.6375854606194,2607.480352814035,2643.8849650697284,12279.0,3871028.0,1412274841.0
2013-05-03,2778.582030415794,2652.5083075977964,2657.5366946656136,2750.823513570828,15535.0,5891903.0,1412274841.0
2013-05-06,,,,,,,
2013-05-07,2833.1889487993344,2775.396626843421,2786.381718591577,2796.3292788904446,16333.0,5027749.0,1412274841.0
2013-05-08,2852.3013702335734,2786.7730681733246,2820.9023921630373,2822.267565122626,12394.0,3953851.0,1412274841.0
2013-05-09,2842.745159516454,2792.23376001168,2796.2728517414484,2813.166412058703,8888.0,2586154.0,1412274841.0
2013-05-10,2854.576658499554,2751.7336288772203,2814.986642671487,2764.0201855135165,12865.0,4320969.0,1412274841.0
2013-05-13,2800.3155839324427,2723.9751120322544,2769.9359350050668,2731.2560344833923,7856.0,2376312.0,1412274841.0
2013-05-14,2733.758851575972,2652.07600282726,2730.3459191770003,2700.7671717192497,14008.0,4746666.0,1412274841.0
2013-05-15,2698.0368258000726,2634.783812005805,2698.0368258000726,2652.07600282726,13861.0,5256680.0,1412274841.0
2013-05-16,2656.171521706025,2577.4465477030885,2640.699561497356,2619.311851797136,17795.0,6125550.0,1412274841.0
2013-05-17,2666.182790076341,2606.570237507643,2614.098802333652,2638.8793308845707,12617.0,5142374.0,1412274841.0
2013-05-20,2650.7108298676712,2602.0196609756813,2614.761275265174,2642.5197921101403,9499.0,3201002.0,1412274841.0
2013-05-21,2751.278571224024,2643.8849650697284,2644.7950803761214,2711.2334977427613,18676.0,7798879.0,1412274841.0
2013-05-22,2795.874221237248,2675.7390007934605,2709.539500122973,2769.0258196986747,16933.0,7622290.0,1412274841.0
2013-05-23,2686.2053268169725,2629.323120167452,2639.3343885377667,2651.165887520868,15424.0,6433086.0,1412274841.0
2013-05-24,2658.731676062907,2604.750006894858,2647.980483948494,2609.30058342682,10551.0,3997985.0,1412274841.0
2013-05-27,,,,,,,
2013-05-28,2638.4242732313746,2548.322857898534,2556.513895656064,2621.5871400631167,13487.0,5524667.0,1412274841.0
2013-05-29,2662.997386503967,2590.643219645777,2621.1320824099203,2603.38483393527,17276.0,6068834.0,1412274841.0
2013-05-30,2692.121076308523,2580.1768936222647,2637.510062406104,2669.3681936487137,12809.0,4683991.0,1412274841.0
2013-05-31,2670.2783089551062,2599.445372528092,2609.626049761539,2600.1994303628967,13825.0,9735145.0,1412274841.0
2013-06-03,2649.3456569080827,2590.159402348899,2620.348018073464,2621.1320824099203,15137.0,5560865.0,1412392011.0
2013-06-04,2664.3625594635564,2614.958770286661,2644.3400227229245,2622.952313022705,13308.0,3994559.0,1412392011.0
2013-06-05,2632.0534660866288,2553.7835497368874,2592.463450258562,2561.9745874944188,13354.0,4502209.0,1412392011.0
2013-06-06,2557.879068615653,2495.0811124745824,2539.2217048346106,2500.541804312936,13368.0,5556233.0,1412392011.0
2013-06-07,2562.884702800811,2470.9630568551856,2490.9855935958167,2555.6037803496724,16521.0,6009632.0,1412392011.0
2013-06-10,2547.412742592141,2467.777653282812,2539.2217048346106,2493.7159395149934,12903.0,4400707.0,1412392011.0
2013-06-11,2471.007197447545,2401.339235916172,2465.957422670027,2459.5866155252806,19817.0,7341568.0,1412392011.0
2013-06-12,2489.165362983032,2433.6483292931,2438.653963478258,2448.210174195377,13134.0,4604179.0,1412392011.0
2013-06-13,2532.395840036668,2396.3336017310144,2399.063947650191,2511.463187989644,15008.0,8742611.0,1412392011.0
2013-06-14,2602.4747186288773,2528.300321157902,2561.5195298412227,2535.5812436090414,14414.0,5327591.0,1412392011.0
2013-06-17,2563.339760454008,2521.929514013156,2530.1205517706867,2544.2273390197684,8955.0,2610497.0,1412392011.0
2013-06-18,2562.884702800811,2516.013764521606,2525.11491758553,2558.3341262688496,10952.0,4091494.0,1412392011.0
2013-06-19,2621.5871400631167,2492.751217290217,2575.1712594371074,2548.77791555173,15360.0,5916087.0,1412392011.0
2013-06-20,2481.854588749844,2413.6257925524683,2471.8731721615777,2434.103386946296,21224.0,7355517.0,1412392011.0
2013-06-21,2489.165362983032,2430.9634891392425,2455.4910966465154,2433.6483292931,15763.0,7455006.0,1412392011.0
2013-06-24,2419.9510939318952,2347.389602806909,2402.70440887576,2349.917721105005,10489.0,4519062.0,1412392011.0
2013-06-25,2425.9123491887644,2354.4682976369663,2379.0414109095595,2410.895446633292,13420.0,5646677.0,1412392011.0
2013-06-26,2427.277522148353,2379.951526215952,2420.906715003607,2411.350504286488,13566.0,5945703.0,1412392011.0
2013-06-27,2488.7103053298365,2403.1594665289563,2462.555548172029,2459.5866155252806,13145.0,5007685.0,1412392011.0
2013-06-28,2491.8957089022088,2425.457291535569,2465.047307363636,2441.8393670506307,11582.0,4369413.0,1412392011.0
2013-07-01,2501.9069772725247,2425.9123491887644,2455.4910966465154,2488.7103053298365,10205.0,3484882.0,1412412546.0
2013-07-02,2525.11491758553,2442.749482357023,2500.996861966132,2451.39557776775,10787.0,3547877.0,1412412546.0
2013-07-03,2420.906715003607,2370.8503731520286,2411.805561939684,2410.895446633292,10909.0,3542414.0,1412412546.0
2013-07-04,2541.496993100591,2433.6483292931,2434.5584445994923,2509.642957376859,10943.0,4221494.0,1412412546.0
2013-07-05,2510.4966455342555,2386.549862187296,2504.637323191702,2399.063947650191,18432.0,5947016.0,1412412546.0
2013-07-08,2447.73363782095,2401.225471502873,2419.0864843908216,2429.5528104143336,8983.0,2950421.0,1412412546.0
2013-07-09,2515.558706868409,2457.3113272593,2457.3113272593,2490.53053594262,10168.0,3972010.0,1412412546.0
2013-07-10,2490.9855935958167,2451.8506354209467,2486.8900747170514,2465.957422670027,11176.0,3638319.0,1412412546.0
2013-07-11,2623.862428329097,2555.1487226964764,2564.2498757603994,2578.811720662677,19393.0,6844184.0,1412412546.0
2013-07-12,2586.0926431138155,2519.6542257471747,2580.1768936222647,2547.412742592141,10977.0,3792895.0,1412412546.0
2013-07-15,2622.042197716313,2546.5026272857485,2566.070106373184,2554.238607390084,10872.0,3375955.0,1412412546.0
2013-07-16,2651.7773029837017,2582.907239541442,2598.379199750112,2623.862428329097,12832.0,5585468.0,1412412546.0
2013-07-17,2683.930038550991,2619.766909450332,2641.609676803748,2652.9861181336514,11747.0,5218274.0,1412412546.0
2013-07-18,2691.21096100213,2630.68829312704,2644.7950803761214,2683.474980897795,10141.0,3644146.0,1412412546.0
2013-07-19,2697.581768146876,2609.30058342682,2613.4598103770327,2655.261406399633,11243.0,5024350.0,1412412546.0
2013-07-22,2675.7390007934605,2615.50966308162,2656.171521706025,2641.609676803748,8671.0,2755771.0,1412412546.0
2013-07-23,2730.3459191770003,2647.980483948494,2664.3625594635564,2730.3459191770003,11823.0,5646526.0,1412412546.0
2013-07-24,2773.576396230636,2679.8345196722257,2721.244766113077,2703.497517638426,14771.0,5165873.0,1412412546.0
2013-07-25,2690.3008456957373,2621.5871400631167,2690.3008456957373,2652.9861181336514,14305.0,4493017.0,1412412546.0
2013-07-26,2702.276306718003,2641.154619150552,2663.4524441571634,2657.5366946656136,10440.0,3323162.0,1412412546.0
2013-07-29,2692.5761339617184,2634.3287543526094,2657.5366946656136,2675.283943140264,9103.0,2735043.0,1412412546.0
2013-07-30,2698.0368258000726,2668.003020689126,2675.283943140264,2692.121076308523,7920.0,3435662.0,1412412546.0
2013-07-31,2733.0762650961774,2678.014289059441,2689.845788042541,2689.390730389345,10129.0,4468947.0,1412412546.0
2013-08-01,2766.7505314326936,2715.329016621527,2721.699823766273,2764.930300819909,12087.0,4040146.0,1412598198.0
2013-08-02,2777.216857456205,2727.615573257823,2762.1999549007323,2763.1100702071244,12804.0,5277815.0,1412598198.0
2013-08-05,2794.0539906244635,2747.0977745410496,2767.6606467390857,2771.756165617852,9810.0,3753967.0,1412598198.0
2013-08-06,2762.6550125539284,2698.4918834532687,2760.379724287948,2729.890861523804,9262.0,3652604.0,1412598198.0
2013-08-07,2711.2334977427613,2655.971296338619,2695.306479880895,2688.0255574297566,9723.0,3957187.0,1412598198.0
2013-08-08,2752.6437441836124,2643.8849650697284,2689.390730389345,2745.362821732473,12175.0,4729059.0,1412598198.0
2013-08-09,2890.526213102051,2756.2842054091825,2767.6606467390857,2882.790232997716,15743.0,6353659.0,1412598198.0
2013-08-12,2939.217381994041,2861.4025232974964,2892.801501368032,2905.088058004329,13303.0,5139849.0,1412598198.0
2013-08-13,2976.9871672093227,2907.8184039235057,2907.8184039235057,2969.7062447581843,17055.0,8181102.0,1412598198.0
2013-08-14,2930.5712865833134,2882.33517534452,2907.8184039235057,2906.4532309639167,9478.0,3790118.0,1412598198.0
2013-08-15,2893.8663362765105,2799.5146824628173,2893.2565590212284,2824.08779573541,12476.0,4932341.0,1412598198.0
2013-08-16,2859.582292684712,2804.9753743011715,2810.891123792722,2825.452968694999,11921.0,4161669.0,1412598198.0
2013-08-19,2812.25629675231,2769.4808773518707,2794.0539906244635,2780.4022610285783,8286.0,2976889.0,1412598198.0
2013-08-20,2780.857318681775,2705.7728059044075,2748.548225304847,2775.396626843421,11511.0,3781301.0,1412598198.0
2013-08-21,2762.6550125539284,2705.7728059044075,2734.896495708962,2718.5144201939,8282.0,3746475.0,1412598198.0
2013-08-22,2786.318010520129,2713.9638436619384,2719.4245355002927,2769.9359350050668,10270.0,3355716.0,1412598198.0
2013-08-23,2820.9023921630373,2752.1886865304164,2761.28983959434,2793.1438753180714,9096.0,2506816.0,1412598198.0
2013-08-26,,,,,,,
2013-08-27,2765.840416126301,2709.4132671299767,2739.447072240924,2723.520054379058,11035.0,3546277.0,1412598198.0
2013-08-28,2712.143613049154,2663.9075018103604,2688.480615082953,2707.593036517192,10914.0,3677074.0,1412598198.0
2013-08-29,2786.6588851069846,2666.582876765031,2786.6588851069846,2680.744634978618,7632.0,2355720.0,1412598198.0
2013-08-30,2695.306479880895,2647.0703686421016,2683.930038550991,2651.165887520868,8550.0,3244293.0,1412598198.0
2013-09-02,2789.0483564393057,2708.503151823584,2721.244766113077,2762.1999549007323,10194.0,3887301.0,1412634526.0
2013-09-03,2809.5259508331333,2747.1830523452586,2808.615835526741,2783.587664600952,11650.0,3660091.0,1412634526.0
2013-09-04,2821.3574498162334,2772.211223271048,2821.3574498162334,2803.1551436883874,10180.0,3412605.0,1412634526.0
2013-09-05,2838.194582984492,2785.8629528669326,2803.1551436883874,2819.9922768566453,8964.0,2848656.0,1412634526.0
2013-09-06,2845.0204477824345,2789.503414092502,2810.436066139526,2818.6271038970567,9908.0,2704197.0,1412634526.0
2013-09-09,2864.587926869869,2830.003545226961,2834.099064105726,2849.1159666612,9211.0,3105573.0,1412634526.0
2013-09-10,2942.402785566414,2882.592555953168,2898.2621932063857,2928.2959983173328,14039.0,5465791.0,1412634526.0
2013-09-11,2966.5208411858107,2899.6273661659748,2932.391517196098,2918.7397876002133,10492.0,3776803.0,1412634526.0
2013-09-12,2936.94209372806,2868.683445748635,2915.099326374644,2900.0824238191703,11369.0,3802252.0,1412634526.0
2013-09-13,2888.7059824892663,2826.363084001392,2885.065521263697,2860.4924079911034,9602.0,3602610.0,1412634526.0
2013-09-16,2917.8296722938207,2870.7833547950736,2903.267827391544,2896.441962593601,7267.0,2423059.0,1412634526.0
2013-09-17,2891.436328408443,2851.3912549271804,2868.683445748635,2867.7733304422422,7517.0,3614798.0,1412634526.0
2013-09-18,2853.666543193161,2808.615835526741,2848.660909008004,2831.8237758397454,9569.0,3551801.0,1412634526.0
2013-09-19,2938.7623243408443,2859.127235031516,2931.936459542902,2859.127235031516,13439.0,4626438.0,1412634526.0
2013-09-20,2881.880117691324,2818.17204624386,2862.3126386038884,2823.632738082214,8539.0,3712081.0,1412634526.0
2013-09-23,2837.284467678099,2797.6944518500327,2825.908026348196,2821.3574498162334,5937.0,1915899.0,1412634526.0
2013-09-24,2837.284467678099,2786.7730681733246,2812.711354405507,2827.273199307783,7962.0,2784675.0,1412634526.0
2013-09-25,2863.2227539102814,2808.615835526741,2816.806873284272,2856.851946765536,10245.0,3264489.0,1412634526.0
2013-09-26,2881.425060038128,2838.194582984492,2847.750793701611,2858.217119725123,6918.0,2271415.0,1412634526.0
2013-09-27,2855.8833110449414,2771.301107964656,2852.3013702335734,2791.3236447052864,10962.0,3365135.0,1412634526.0
2013-09-30,2759.0145513283587,2708.9582094767807,2744.907764079277,2751.278571224024,10726.0,3622877.0,1412634526.0
2013-10-01,2759.9246666347512,2696.671652840484,2752.1886865304164,2726.7054579514306,8828.0,2764476.0,1412647192.0
2013-10-02,2763.1100702071244,2678.014289059441,2704.4076329448185,2755.829147755986,10400.0,2962735.0,1412647192.0
2013-10-03,2787.2281258265207,2719.4245355002927,2750.368455917632,2730.3459191770003,8493.0,2516958.0,1412647192.0
2013-10-04,2752.1886865304164,2702.1323446788383,2734.896495708962,2739.447072240924,6801.0,2330458.0,1412647192.0
2013-10-07,2735.351553362158,2687.1154421233646,2723.520054379058,2730.3459191770003,7718.0,2226783.0,1412647192.0
2013-10-08,2727.1605156046267,2671.1884242614983,2726.7054579514306,2708.9582094767807,8990.0,3911256.0,1412647192.0
2013-10-09,2730.8009768301963,2673.463712527479,2712.143613049154,2691.6660186553268,10179.0,3507153.0,1412647192.0
2013-10-10,2761.744897247536,2692.121076308523,2702.1323446788383,2743.997648772885,8959.0,2936566.0,1412647192.0
2013-10-11,2807.7057202203487,2748.0931676516507,2778.582030415794,2802.700086035192,7509.0,2545124.0,1412647192.0
2013-10-14,2812.711354405507,2776.306742149813,2786.7730681733246,2806.795604913956,7837.0,2208361.0,1412647192.0
2013-10-15,2930.5712865833134,2866.408157482654,2875.964368199774,2926.020710051352,15675.0,5665023.0,1412647192.0
2013-10-16,2938.7623243408443,2891.436328408443,2916.4644993342326,2926.020710051352,10529.0,4150259.0,1412647192.0
2013-10-17,2926.475767704548,2883.2452906509125,2909.183576883094,2904.633000351132,9472.0,2336284.0,1412647192.0
2013-10-18,2950.138765670749,2903.72288504474,2915.099326374644,2930.5712865833134,7442.0,2933752.0,1412647192.0
2013-10-21,2962.880379960241,2922.3711476727185,2934.666805462078,2950.593823323945,7467.0,2416674.0,1412647192.0
2013-10-22,2998.543248241225,2932.391517196098,2936.94209372806,2968.341071798596,9559.0,3479804.0,1412647192.0
2013-10-23,2964.2455529198296,2898.2621932063857,2951.958996283533,2930.5712865833134,10955.0,4233876.0,1412647192.0
2013-10-24,2960.1500340410644,2920.5600182129974,2931.4814018897064,2944.2230161791986,6715.0,2253974.0,1412647192.0
2013-10-25,2951.958996283533,2901.447596778759,2925.11059474496,2932.8465748492945,7217.0,2494966.0,1412647192.0
2013-10-28,2958.784861081476,2892.801501368032,2955.144399855907,2905.5431156575246,7798.0,2473266.0,1412647192.0
2013-10-29,2930.1162289301174,2864.587926869869,2886.4306942232856,2906.4532309639167,7229.0,2393374.0,1412647192.0
2013-10-30,2946.043246791984,2904.177942697936,2917.3746146406247,2912.824038108663,5994.0,1868480.0,1412647192.0
2013-10-31,2921.4701335193904,2869.593561055028,2905.088058004329,2874.144137586989,8395.0,3233794.0,1412658143.0
2013-11-01,2930.5712865833134,2856.396889112338,2875.054252893381,2897.8071355531893,9970.0,3089242.0,1412658143.0
2013-11-04,2998.8299345627383,2918.284729947017,2918.284729947017,2993.824300377581,9184.0,3681693.0,1412658143.0
2013-11-05,3075.7346779528907,2966.8994218498106,2981.859169164043,3031.139027939666,16455.0,5648400.0,1412658143.0
2013-11-06,3076.6447932592832,2998.1291457768166,3019.933205926251,3026.133393754508,10420.0,3081178.0,1412658143.0
2013-11-07,3077.09985091248,2978.807397822108,3011.116491199035,2997.9198192563463,12121.0,3320452.0,1412658143.0
2013-11-08,3022.4929325289395,2948.7735927111607,2954.6893422027106,3020.672701916155,8388.0,2599128.0,1412658143.0
2013-11-11,2993.824300377581,2951.503938630337,2981.5377437412844,2979.7175131285,8629.0,2648416.0,1412658143.0
2013-11-12,2983.357974354069,2950.138765670749,2979.7175131285,2973.346705983753,8304.0,2593915.0,1412658143.0
2013-11-13,2960.6050916942604,2878.2396564657543,2951.0488809771414,2907.363346270309,13039.0,4129601.0,1412658143.0
2013-11-14,2968.796129451792,2903.267827391544,2955.144399855907,2938.7623243408443,7759.0,2852103.0,1412658143.0
2013-11-15,2976.532109556127,2923.290364132175,2949.683708017553,2961.0601493474564,8350.0,3114946.0,1412658143.0
2013-11-18,2997.555773133789,2933.756690155687,2996.0995886435617,2971.071417717772,7527.0,3110279.0,1412658143.0
2013-11-19,2984.723147313657,2913.2790957618595,2955.144399855907,2966.0657835326147,7432.0,2474435.0,1412658143.0
2013-11-20,3019.7625866097624,2927.3858830109407,2936.487036074864,3003.3805110947005,7778.0,2921444.0,1412658143.0
2013-11-21,3004.7456840542886,2951.958996283533,2969.7062447581843,2954.6893422027106,7915.0,2729294.0,1412658143.0
2013-11-22,2964.7006105730256,2895.9869049404047,2958.32980342828,2906.908288617113,8641.0,2859015.0,1412658143.0
2013-11-25,2930.5712865833134,2870.50367636142,2911.913922802271,2879.604829425344,6024.0,1950069.0,1412658143.0
2013-11-26,2898.2621932063857,2819.0821615502527,2880.9700023849314,2830.4586028801573,8726.0,4612552.0,1412658143.0
2013-11-27,2888.7059824892663,2820.042333198496,2825.452968694999,2856.851946765536,7964.0,2803862.0,1412658143.0
2013-11-28,2998.374876909542,2889.1610401424628,2907.8184039235057,2967.8860141454,10166.0,4479518.0,1412658143.0
2013-11-29,3017.9423559969778,2953.7792268963185,2956.509572815495,2968.341071798596,10969.0,3690123.0,1412658143.0
2013-12-02,2985.178204966853,2930.5712865833134,2963.3354376134384,2940.582554953629,7960.0,2359506.0,1412663575.0
2013-12-03,2944.2230161791986,2867.3182727890467,2921.4701335193904,2912.3689804554674,10067.0,3595101.0,1412663575.0
2013-12-04,2987.9085508860303,2928.751055970529,2928.751055970529,2969.2511871049883,10011.0,4028940.0,1412663575.0
2013-12-05,3026.7158675506,2935.576920768472,2965.1556682262226,2974.7118789433416,10893.0,3630683.0,1412663575.0
2013-12-06,3021.582817222547,2966.5208411858107,2990.183839152012,3007.931087626662,9664.0,3622747.0,1412663575.0
2013-12-09,3005.2007417074847,2955.599457509102,3005.2007417074847,2994.734415683973,6725.0,2283987.0,1412663575.0
2013-12-10,2990.183839152012,2948.7735927111607,2976.07705190293,2963.3354376134384,6807.0,2434795.0,1412663575.0
2013-12-11,2987.9085508860303,2916.919556987429,2944.2230161791986,2924.655537091763,11228.0,3306079.0,1412663575.0
2013-12-12,2954.234284549514,2876.942742154145,2927.3858830109407,2905.088058004329,12079.0,3620236.0,1412663575.0
2013-12-13,2904.177942697936,2842.745159516454,2888.7059824892663,2894.16667432762,8513.0,2918876.0,1412663575.0
2013-12-16,2951.503938630337,2844.110332476042,2883.2452906509125,2929.2061136237253,7445.0,2330141.0,1412663575.0
2013-12-17,2986.9984355796387,2876.0221423194234,2876.0221423194234,2962.425322307045,9051.0,3412257.0,1412663575.0
2013-12-18,2997.009703949954,2940.582554953629,2940.582554953629,2956.509572815495,9053.0,2563470.0,1412663575.0
2013-12-19,2994.734415683973,2952.414053936729,2971.5264753709685,2991.5490121116004,11046.0,3355879.0,1412663575.0
2013-12-20,3015.6670677309967,2956.964630468691,2988.818666192423,3015.6670677309967,12466.0,8295280.0,1412663575.0
2013-12-23,3029.318797326882,2997.4647616031502,3019.7625866097624,3020.2176442629584,7107.0,2211978.0,1412663575.0
2013-12-24,3027.043509060901,2999.740049869132,3022.037874875743,3026.133393754508,1547.0,347219.0,1412663575.0
2013-12-27,3085.29088867001,2959.2399187346728,2959.2399187346728,3075.279620299694,8079.0,2326207.0,1412663575.0
2013-12-30,3112.5943478617805,3057.9874294782403,3057.9874294782403,3102.583079491465,7714.0,2012894.0,1412663575.0
2013-12-31,3110.3190595958,3087.1111192827952,3093.4819264275416,3103.0381371446606,1501.0,550669.0,1412694744.0
2014-01-02,3104.403310104249,3027.043509060901,3098.942618265895,3067.088582542164,12856.0,3126315.0,1412694744.0
2014-01-03,3079.2932288008847,3037.998567003945,3067.088582542164,3067.088582542164,8713.0,2169219.0,1412694744.0
2014-01-06,3057.9874294782403,2967.8860141454,3053.4368529462786,2972.436590677361,13498.0,3706076.0,1412694744.0
2014-01-07,2974.7118789433416,2916.4644993342326,2954.6893422027106,2926.020710051352,14211.0,3871178.0,1412694744.0
2014-01-08,2932.391517196098,2900.0824238191703,2916.919556987429,2903.267827391544,14951.0,4403138.0,1412694744.0
2014-01-09,2912.3689804554674,2824.997911041803,2906.4532309639167,2835.009179412119,17917.0,4978979.0,1412694744.0
2014-01-10,2903.267827391544,2795.874221237248,2835.009179412119,2857.7620620719267,19068.0,5964462.0,1412694744.0
2014-01-13,2908.1596971634026,2857.7620620719267,2876.874483506166,2891.436328408443,11463.0,3062336.0,1412694744.0
2014-01-14,2890.7264384694568,2852.7564278867694,2875.5093105465776,2883.2452906509125,10321.0,2920272.0,1412694744.0
2014-01-15,2962.880379960241,2894.16667432762,2908.7285192298973,2961.515207000653,15552.0,4798578.0,1412694744.0
2014-01-16,3091.20663816156,2971.5264753709685,2980.6276284348914,3034.779489165235,28689.0,8826788.0,1412694744.0
2014-01-17,3132.020577053663,3016.367856516919,3042.970526922767,3078.9200815252643,22290.0,8244104.0,1412694744.0
2014-01-20,3092.571811121149,3030.2289126332744,3043.4255845759626,3036.1446621248247,13666.0,4585261.0,1412694744.0
2014-01-21,3028.8637396736854,2932.619046022697,3022.4929325289395,2941.0376126068254,19051.0,6026048.0,1412694744.0
2014-01-22,3021.582817222547,2943.3129008728065,2950.138765670749,2954.234284549514,15383.0,5134513.0,1412694744.0
2014-01-23,2984.268089660461,2905.9981733107206,2926.020710051352,2927.8409406641363,13199.0,3997998.0,1412694744.0
2014-01-24,2939.6724396472373,2854.576658499554,2921.4701335193904,2860.4924079911034,16797.0,5422769.0,1412694744.0
2014-01-27,2899.1723085127787,2832.733891146138,2848.660909008004,2857.7620620719267,18295.0,5203651.0,1412694744.0
2014-01-28,2943.7679585260025,2884.610463610501,2884.610463610501,2924.200479438567,16184.0,6445265.0,1412694744.0
2014-01-29,2999.740049869132,2893.2565590212284,2920.523367869609,2955.599457509102,18855.0,5339311.0,1412694744.0
2014-01-30,2971.071417717772,2913.7341534150555,2938.3072666876483,2949.228650364357,11657.0,3325729.0,1412694744.0
2014-01-31,2962.425322307045,2905.088058004329,2933.756690155687,2951.958996283533,14273.0,3751304.0,1412820041.0
2014-02-03,3000.6501651755234,2919.1948452534093,2962.425322307045,2929.6611712769213,15461.0,6133712.0,1412820041.0
2014-02-04,2958.32980342828,2893.996664788386,2910.0936921894863,2948.7735927111607,18913.0,4688254.0,1412820041.0
2014-02-05,2991.093954458404,2915.55438402784,2948.318535057964,2979.262455475304,15581.0,3918398.0,1412820041.0
2014-02-06,3044.335699882355,2969.7062447581843,2998.374876909542,3038.4199503908053,16603.0,4037957.0,1412820041.0
2014-02-07,3112.139290208584,3045.245815188748,3048.886276414317,3100.7628488786804,18530.0,5097099.0,1412820041.0
2014-02-10,3126.873510949892,3072.094216727321,3115.7797514341537,3078.009966218872,13082.0,3709623.0,1412820041.0
2014-02-11,3148.9989601174734,3057.9874294782403,3093.026868774345,3148.9989601174734,16564.0,4819241.0,1412820041.0
2014-02-12,3211.3418586053485,3150.364133077062,3171.7518427772816,3194.504725437091,26032.0,7952636.0,1412820041.0
2014-02-13,3260.943142803731,3089.386407548776,3242.285779022687,3183.128284107186,36192.0,12071591.0,1412820041.0
2014-02-14,3212.2519739117406,3154.914709609024,3156.2798825686127,3199.965417275444,19835.0,5772210.0,1412820041.0
2014-02-17,3250.476816780219,3187.678860639148,3214.0722045245257,3239.100375450315,14757.0,5140301.0,1412820041.0
2014-02-18,3349.7339920953664,3199.965417275444,3248.074112371344,3249.5667014738265,19720.0,6103299.0,1412820041.0
2014-02-19,3302.8084468977777,3229.5441647331954,3253.662220352592,3301.44327393819,17046.0,4975588.0,1412820041.0
2014-02-20,3270.49935352085,3216.290155526204,3217.257608096899,3270.49935352085,22592.0,5340461.0,1412820041.0
2014-02-21,3314.6399458808787,3238.645317797119,3279.145448931577,3277.325218318793,19948.0,5802164.0,1412820041.0
2014-02-24,3254.5723356589847,3206.3362244201903,3244.5610672886687,3218.622781056487,22380.0,5681612.0,1412820041.0
2014-02-25,3173.526567624747,3089.386407548776,3156.2798825686127,3129.8865386832344,28993.0,10186424.0,1412820041.0
2014-02-26,3139.89780705355,3091.6616958147565,3114.869636127761,3101.217906531876,18046.0,4536412.0,1412820041.0
2014-02-27,3154.914709609024,3064.358236622987,3094.3920417339336,3148.088844811081,15135.0,4193703.0,1412820041.0
2014-02-28,3200.4937028061927,3093.4819264275416,3187.7570759485784,3123.9707891916846,13915.0,4544728.0,1413386259.0
2014-03-03,3066.633524888968,3018.397413650174,3047.9761611079243,3049.341334067513,18471.0,4694540.0,1413386259.0
2014-03-04,3098.942618265895,3037.9648927376093,3093.4819264275416,3077.554908565676,15632.0,3728222.0,1413386259.0
2014-03-05,3031.139027939666,2970.1613024113803,3017.4872983437813,2975.1669365965377,19068.0,9482062.0,1413386259.0
2014-03-06,3055.075060497785,2976.532109556127,2997.4647616031502,3012.93672181182,13536.0,3611874.0,1413386259.0
2014-03-07,3011.990201893172,2889.1610401424628,2994.2793580307766,2912.3689804554674,20940.0,6413516.0,1413386259.0
2014-03-10,2914.644268721448,2824.997911041803,2850.481139620788,2857.3070044187307,26086.0,8316775.0,1413386259.0
2014-03-11,2915.099326374644,2849.1159666612,2891.436328408443,2871.4137916678123,19175.0,5346506.0,1413386259.0
2014-03-12,2907.627006674571,2829.093429920569,2850.481139620788,2888.2509248360698,21478.0,6286110.0,1413386259.0
2014-03-13,2950.138765670749,2875.964368199774,2930.5712865833134,2877.784598812558,17965.0,5276170.0,1413386259.0
2014-03-14,2874.144137586989,2823.45262626308,2841.753133832485,2858.217119725123,16659.0,5202490.0,1413386259.0
2014-03-17,2924.200479438567,2860.4924079911034,2865.498042176262,2893.711616674424,12444.0,4295859.0,1413386259.0
2014-03-18,2929.6611712769213,2867.7733304422422,2897.352077899993,2903.267827391544,10319.0,2851222.0,1413386259.0
2014-03-19,2912.3689804554674,2850.9361972739844,2892.3464437148355,2861.8575809506924,11794.0,3754114.0,1413386259.0
2014-03-20,2880.05988707854,2825.908026348196,2850.9361972739844,2873.234022280597,12086.0,4601245.0,1413386259.0
2014-03-21,2933.756690155687,2884.1554059573045,2889.1610401424628,2918.7397876002133,14044.0,6721841.0,1413386259.0
2014-03-24,2957.1483827490515,2893.2565590212284,2945.588189138787,2902.357712085151,12226.0,4158903.0,1413386259.0
2014-03-25,3003.3805110947005,2940.127497300434,2956.509572815495,2987.9085508860303,17072.0,4640367.0,1413386259.0
2014-03-26,3046.610988148336,3001.560280481916,3011.116491199035,3007.0209723202693,18271.0,6125958.0,1413386259.0
2014-03-27,3003.3805110947005,2947.408419751572,3000.6501651755234,2980.6276284348914,13794.0,3875054.0,1413386259.0
2014-03-28,3048.431218761121,2956.964630468691,3003.3805110947005,2984.723147313657,11813.0,3549419.0,1413386259.0
2014-03-31,3060.2627177442214,3007.4760299734658,3012.0266065054275,3037.5098350844123,14826.0,5139001.0,1413386259.0
2014-04-01,3094.3920417339336,3037.5098350844123,3061.172833050613,3071.639159074125,13586.0,3879242.0,1413707369.0
2014-04-02,3087.566176935992,3057.532371825044,3071.639159074125,3073.45938968691,14586.0,4794976.0,1413707369.0
2014-04-03,3076.189735606087,3001.105222828719,3053.4368529462786,3017.9423559969778,14418.0,4224923.0,1413707369.0
2014-04-04,3102.87149503206,3030.6839702864704,3033.869373858844,3076.6447932592832,11260.0,3765269.0,1413707369.0
2014-04-07,3091.6616958147565,3022.4929325289395,3078.9200815252643,3042.970526922767,11286.0,2990476.0,1413707369.0
2014-04-08,3126.2460774576657,3042.515469269571,3076.189735606087,3118.5100973533304,18561.0,5301770.0,1413707369.0
2014-04-09,3140.807922359943,3077.09985091248,3121.6955009257035,3088.021234589188,14348.0,4197896.0,1413707369.0
2014-04-10,3123.060673885292,3057.077314171848,3096.6673299999147,3078.465023872068,10366.0,3729275.0,1413707369.0
2014-04-11,3067.088582542164,3002.925453441504,3048.431218761121,3031.139027939666,15492.0,4107885.0,1413707369.0
2014-04-14,3103.0381371446606,3013.8468371182125,3021.582817222547,3101.672964185072,16583.0,4478166.0,1413707369.0
2014-04-15,3080.740312138049,2995.189473337169,3061.627890703809,3005.655799360681,13020.0,4626157.0,1413707369.0
2014-04-16,3047.9761611079243,2984.268089660461,3026.5884514077047,3008.3861452798583,15105.0,3444997.0,1413707369.0
2014-04-17,3017.701175440784,2955.599457509102,3006.1108570138776,2992.9141850711885,12308.0,3106888.0,1413707369.0
2014-04-22,2991.093954458404,2945.133131485591,2964.2455529198296,2964.2455529198296,12858.0,4667535.0,1413707369.0
2014-04-23,2984.268089660461,2951.503938630337,2968.341071798596,2956.964630468691,11022.0,3106756.0,1413707369.0
2014-04-24,3006.1108570138776,2957.496128706471,2974.7118789433416,2983.813032007265,12013.0,3855343.0,1413707369.0
2014-04-25,3006.5659146670737,2963.7904952666345,2987.4534932328347,2983.813032007265,8444.0,2390971.0,1413707369.0
2014-04-28,2959.6949763878683,2890.071155448855,2955.144399855907,2899.1723085127787,14432.0,4839772.0,1413707369.0
2014-04-29,2930.862523481359,2870.50367636142,2907.363346270309,2930.5712865833134,11513.0,4212053.0,1413707369.0
2014-04-30,2950.593823323945,2900.5374814723664,2911.913922802271,2934.666805462078,12781.0,3836158.0,1413798919.0
2014-05-01,2927.8409406641363,2866.863215135851,2866.863215135851,2912.3689804554674,5868.0,1905520.0,1413798919.0
2014-05-02,2956.054515162299,2897.8071355531893,2916.919556987429,2955.144399855907,10505.0,3045727.0,1413798919.0
2014-05-05,,,,,,,
2014-05-06,2949.683708017553,2900.992539125563,2946.49830444518,2926.020710051352,10904.0,3170055.0,1413798919.0
2014-05-07,2957.874745775084,2888.2509248360698,2896.8970202467976,2955.144399855907,11720.0,4118027.0,1413800371.0
2014-05-08,2965.1556682262226,2914.189211068252,2943.349332788521,2916.919556987429,14333.0,4467886.0,1413800371.0
2014-05-09,2962.880379960241,2901.9026544319554,2922.3292550651654,2901.9026544319554,11301.0,4714204.0,1413800371.0
2014-05-12,3061.627890703809,2954.6893422027106,2955.144399855907,3039.785123350394,19564.0,6793685.0,1413800371.0
2014-05-13,3069.3638708081444,3010.66143354584,3047.0660458015327,3031.139027939666,14078.0,4560858.0,1413800371.0
2014-05-14,3085.29088867001,3015.2120100778006,3032.959258552451,3070.7290437677334,11359.0,4121830.0,1413800371.0
2014-05-15,3103.9482524510536,3036.5922295290493,3036.5922295290493,3066.178467235772,13383.0,4200224.0,1413800371.0
2014-05-16,3044.335699882355,2967.430956492203,3025.6783361013127,2991.093954458404,14792.0,5415303.0,1413800371.0
2014-05-19,2954.234284549514,2919.649902906606,2922.380248825783,2935.121863115276,14372.0,4533638.0,1413800371.0
2014-05-20,2950.593823323945,2900.0824238191703,2929.6611712769213,2915.099326374644,13387.0,4804273.0,1413800371.0
2014-05-21,2915.55438402784,2870.958734014616,2885.9756365700896,2902.812769738348,11690.0,4153845.0,1413800371.0
2014-05-22,2963.3354376134384,2880.457334432841,2936.487036074864,2939.6724396472373,11064.0,3531491.0,1413800371.0
2014-05-23,2969.7062447581843,2905.5431156575246,2939.6724396472373,2964.7006105730256,9632.0,2502968.0,1413800371.0
2014-05-26,,,,,,,
2014-05-27,2989.728781498816,2939.6724396472373,2988.363608539227,2945.133131485591,12171.0,4566049.0,1413800371.0
2014-05-28,2944.2230161791986,2882.33517534452,2944.2230161791986,2891.8913860616394,12640.0,4684206.0,1413800371.0
2014-05-29,2901.9026544319554,2875.755041679304,2885.065521263697,2901.9026544319554,7759.0,2158585.0,1413800371.0
2014-05-30,2873.234022280597,2773.576396230636,2869.138503401832,2782.2224916413634,27294.0,9521785.0,1413800371.0
2014-06-02,2848.660909008004,2815.8195801998977,2821.81250746943,2839.5597559440807,10622.0,3258056.0,1413813184.0
2014-06-03,2859.127235031516,2805.430431954368,2829.5484875737648,2838.649640637688,13449.0,3588226.0,1413813184.0
2014-06-04,2877.329541159362,2821.3574498162334,2834.832298502321,2847.750793701611,14771.0,5056145.0,1413813184.0
2014-06-05,2874.144137586989,2830.4586028801573,2848.660909008004,2861.4025232974964,11946.0,3280447.0,1413813184.0
2014-06-06,2899.6273661659748,2851.3912549271804,2855.486773805946,2883.700348304108,12048.0,3165627.0,1413813184.0
2014-06-09,2912.824038108663,2879.604829425344,2892.801501368032,2887.3408095296777,8569.0,2689066.0,1413813184.0
2014-06-10,2887.3408095296777,2852.958109438666,2875.964368199774,2865.498042176262,9011.0,2448399.0,1413813184.0
2014-06-11,2882.790232997716,2849.1159666612,2860.4924079911034,2872.778964627401,9191.0,2345063.0,1413813184.0
2014-06-12,2843.655274822846,2770.84605031146,2839.5597559440807,2783.132606947756,19043.0,6030976.0,1413813184.0
2014-06-13,2808.342800934824,2740.357187547316,2766.7505314326936,2746.2729370388665,13571.0,4202885.0,1413813184.0
2014-06-16,2784.042722254148,2752.1886865304164,2754.008917143201,2753.098801836809,11265.0,3708672.0,1413813184.0
2014-06-17,2789.7974814491504,2732.621207442982,2789.7974814491504,2774.941569190225,11806.0,3997440.0,1413813184.0
2014-06-18,2815.441700324684,2780.4022610285783,2806.086133628012,2802.700086035192,10563.0,2782183.0,1413813184.0
2014-06-19,2849.1159666612,2794.788544688253,2842.745159516454,2803.1551436883874,10561.0,3276722.0,1413813184.0
2014-06-20,2841.835044210061,2800.879855422406,2804.065258994779,2800.879855422406,14496.0,6656939.0,1413813184.0
2014-06-23,2897.352077899993,2835.464237065315,2855.941831459142,2845.9305630888266,16369.0,4537461.0,1413813184.0
2014-06-24,2858.67217737832,2792.23376001168,2845.4755054356306,2817.716988590664,10646.0,3398898.0,1413813184.0
2014-06-25,2858.5943716207767,2769.0258196986747,2858.0241206732494,2819.0821615502527,11891.0,3687875.0,1413813184.0
2014-06-26,2884.610463610501,2845.0204477824345,2848.660909008004,2853.666543193161,11972.0,2982433.0,1413813184.0
2014-06-27,2856.396889112338,2829.5484875737648,2855.941831459142,2842.290101863257,7680.0,2307731.0,1413813184.0
2014-06-30,2848.205851354808,2817.716988590664,2830.4586028801573,2829.093429920569,6777.0,2155052.0,1413829656.0
2014-07-01,2929.2061136237253,2889.450429506436,2894.16667432762,2914.644268721448,12894.0,5078591.0,1413829656.0
2014-07-02,2969.2511871049883,2913.8263480955925,2925.078331157348,2948.318535057964,11343.0,3907894.0,1413829656.0
2014-07-03,3011.5715488522314,2951.503938630337,2966.9758988390067,3001.105222828719,13970.0,4293396.0,1413829656.0
2014-07-04,3014.7569524246046,2969.7062447581843,2985.178204966853,2991.5490121116004,6918.0,1893912.0,1413829656.0
2014-07-07,2983.813032007265,2945.133131485591,2976.07705190293,2969.2511871049883,9252.0,2991487.0,1413829656.0
2014-07-08,3026.133393754508,2965.6107258794186,3003.3805110947005,2965.6107258794186,13940.0,4337534.0,1413829656.0
2014-07-09,2981.0826860880884,2933.301632502491,2975.621994249734,2967.8860141454,10970.0,2840806.0,1413829656.0
2014-07-10,2973.80176363695,2908.7285192298973,2957.874745775084,2925.11059474496,12479.0,3584145.0,1413829656.0
2014-07-11,2921.333616223432,2869.593561055028,2913.7341534150555,2915.55438402784,12077.0,3178084.0,1413829656.0
2014-07-14,2960.1500340410644,2916.919556987429,2925.11059474496,2950.593823323945,6067.0,1700339.0,1413829656.0
2014-07-15,3002.470395788308,2947.863477404768,2976.07705190293,2952.869111589925,12248.0,3254882.0,1413829656.0
2014-07-16,3047.9761611079243,2988.818666192423,3004.290626401093,3034.779489165235,13708.0,4895616.0,1413829656.0
2014-07-17,3047.0660458015327,3005.2007417074847,3034.779489165235,3017.032240690585,12613.0,4007728.0,1413829656.0
2014-07-18,3001.560280481916,2959.2399187346728,2998.8299345627383,2998.8299345627383,9760.0,3208662.0,1413829656.0
2014-07-21,3006.2246214271763,2971.071417717772,3003.3805110947005,2993.824300377581,7075.0,1880099.0,1413829656.0
2014-07-22,3053.928315211731,3015.6670677309967,3017.032240690585,3037.0547774312167,11537.0,3780378.0,1413829656.0
2014-07-23,3093.4819264275416,3029.7738549800783,3029.7738549800783,3086.2010039764027,12983.0,4399288.0,1413829656.0
2014-07-24,3136.7124034811773,3067.998697848556,3094.3920417339336,3132.1618269492155,15073.0,4359600.0,1413829656.0
2014-07-25,3141.7180376663346,3102.742349670083,3108.0437713298184,3111.684232555388,10624.0,3060496.0,1413829902.0
2014-07-28,3158.5551708345934,3078.9200815252643,3121.6955009257035,3114.869636127761,11837.0,3249372.0,1413829902.0
2014-07-29,3174.513059807652,3120.7360573697047,3121.2404432725075,3162.650689713359,12150.0,3514938.0,1413829902.0
2014-07-30,3168.566439204909,3112.207548856564,3161.28551675377,3125.3359621512727,13283.0,4153310.0,1413829902.0
2014-07-31,3143.083210625924,3073.9144473401066,3124.4258468448807,3087.1111192827952,14044.0,4136261.0,1413853046.0
2014-08-01,3076.6447932592832,2996.5546462967577,3074.369504993302,3052.9817952930825,19004.0,4908092.0,1413853046.0
2014-08-04,3092.571811121149,3055.71214121226,3091.6616958147565,3058.4424871314363,9534.0,2381992.0,1413853046.0
2014-08-05,3089.8414652019724,3044.335699882355,3081.1953697912445,3049.7963917207094,9131.0,2356027.0,1413853046.0
2014-08-06,3085.745946323206,3012.93672181182,3035.234546818432,3085.745946323206,14869.0,4282269.0,1413853046.0
2014-08-07,3181.7631111475976,3058.8975447846324,3139.89780705355,3069.818928461341,19820.0,5535115.0,1413853046.0
2014-08-08,3084.835831016814,2986.425062936611,3057.9874294782403,3076.189735606087,17855.0,4284234.0,1413853046.0
2014-08-11,3194.9597830902867,3097.622951071626,3112.5943478617805,3187.223802985952,14919.0,6854577.0,1413853046.0
2014-08-12,3213.162089218133,3166.7462085921247,3183.5833417603826,3199.0553019690524,14710.0,4029656.0,1413853046.0
2014-08-13,3132.1618269492155,3094.3920417339336,3130.7966539896274,3115.7797514341537,11876.0,3957902.0,1413853046.0
2014-08-14,3094.3920417339336,3048.886276414317,3091.6616958147565,3072.549274380517,12858.0,3833533.0,1413853046.0
2014-08-15,3134.4371152151966,3089.8414652019724,3089.8414652019724,3099.8527335722874,13150.0,3879270.0,1413853046.0
2014-08-18,3142.6281529727275,3089.909723849951,3113.049405514977,3105.3134254106417,7806.0,2547898.0,1413853046.0
2014-08-19,3135.8022881747843,3074.369504993302,3114.869636127761,3107.5887136766223,12271.0,3834023.0,1413853046.0
2014-08-20,3153.094478996239,3089.8414652019724,3117.1449243937423,3147.1787295046893,9885.0,3345041.0,1413853046.0
2014-08-21,3138.532634093962,3062.909242043679,3121.6955009257035,3124.4258468448807,8912.0,2575864.0,1413853046.0
2014-08-22,3123.060673885292,3066.633524888968,3118.5100973533304,3087.566176935992,8332.0,2602965.0,1413853046.0
2014-08-25,,,,,,,
2014-08-26,3069.2518902208462,3023.403047835332,3067.088582542164,3055.71214121226,13192.0,4000219.0,1413853046.0
2014-08-27,3069.818928461341,3017.032240690585,3063.448121316594,3035.689604471628,12177.0,3204285.0,1413853046.0
2014-08-28,2988.43232224486,2913.2790957618595,2983.357974354069,2920.5600182129974,23027.0,8690915.0,1413853046.0
2014-08-29,2953.3241692431225,2912.824038108663,2937.397151381256,2924.655537091763,10880.0,3980222.0,1413915352.0
2014-09-01,2951.503938630337,2917.3746146406247,2930.5712865833134,2940.582554953629,6572.0,2143772.0,1413915352.0
2014-09-02,2988.363608539227,2940.582554953629,2957.4196881218872,2945.588189138787,11344.0,3384801.0,1413915352.0
2014-09-03,2983.357974354069,2916.009441681036,2935.121863115276,2962.880379960241,10961.0,3880878.0,1413915352.0
2014-09-04,2971.5264753709685,2930.1162289301174,2957.874745775084,2950.138765670749,16297.0,4955442.0,1413915352.0
2014-09-05,2942.85784321961,2892.3464437148355,2925.565652398156,2931.4814018897064,14400.0,4209850.0,1413915352.0
2014-09-08,2948.318535057964,2909.6386345362903,2923.290364132175,2926.9308253577447,9147.0,3105702.0,1413915352.0
2014-09-09,2966.5208411858107,2908.2734615767017,2944.2230161791986,2934.2117478088826,11466.0,4326871.0,1413915352.0
2014-09-10,2962.880379960241,2911.913922802271,2921.4701335193904,2926.020710051352,11365.0,3838143.0,1413915352.0
2014-09-11,2935.0536044672963,2904.177942697936,2929.6611712769213,2916.009441681036,10176.0,3402894.0,1413915352.0
2014-09-12,2951.503938630337,2879.451292973154,2916.919556987429,2916.919556987429,8722.0,2917096.0,1413915352.0
2014-09-15,2956.964630468691,2898.2621932063857,2913.2790957618595,2944.2230161791986,11037.0,3389562.0,1413915352.0
2014-09-16,2951.0488809771414,2914.189211068252,2939.6724396472373,2941.0376126068254,9799.0,3576779.0,1413915352.0
2014-09-17,2979.7175131285,2941.492670260022,2970.616360064576,2948.318535057964,10054.0,3507026.0,1413915352.0
2014-09-18,2956.054515162299,2914.189211068252,2939.217381994041,2939.217381994041,10435.0,3564963.0,1413915352.0
2014-09-19,2930.5712865833134,2882.790232997716,2926.020710051352,2893.2565590212284,16250.0,8107898.0,1413915352.0
2014-09-22,2849.1159666612,2777.6719151094017,2849.1159666612,2783.587664600952,16089.0,5999359.0,1413915352.0
2014-09-23,2836.374352371707,2782.2224916413634,2830.003545226961,2828.638372267372,17797.0,5741316.0,1413915352.0
2014-09-24,2898.717250859582,2839.1046982908847,2842.554035302111,2896.441962593601,16432.0,5537255.0,1413915352.0
2014-09-25,2883.700348304108,2812.25629675231,2880.514944731736,2825.908026348196,14444.0,4936705.0,1413915352.0
2014-09-26,2848.205851354808,2794.8912967063447,2825.452968694999,2812.25629675231,9394.0,3016013.0,1413915352.0
2014-09-29,2793.598932971267,2753.5538594900045,2787.683183479717,2776.761799803009,10672.0,3146811.0,1413915352.0
2014-09-30,2796.7144396881104,2746.727994692062,2779.4921457221867,2759.0145513283587,14183.0,6088599.0,1413916620.0
2014-10-01,2770.390992658264,2739.447072240924,2760.834781941144,2748.548225304847,10431.0,3467362.0,1413916620.0
2014-10-02,2757.194320715574,2684.8401538573835,2749.4583406112392,2719.4245355002927,15252.0,4959981.0,1413916620.0
2014-10-03,2749.913398264436,2663.4524441571634,2742.6324758132973,2684.3850962041874,18128.0,5645806.0,1413916620.0
2014-10-06,2750.368455917632,2671.643481914695,2689.390730389345,2727.615573257823,15541.0,4476677.0,1413916620.0
2014-10-07,2897.8071355531893,2675.7390007934605,2894.16667432762,2749.003282958043,32872.0,13684049.0,1413916620.0
2014-10-08,2769.0258196986747,2702.358126084048,2766.7505314326936,2720.3346508066843,19287.0,6134089.0,1413916620.0
2014-10-09,2806.340547260761,2733.148346228444,2733.148346228444,2778.582030415794,15831.0,5857142.0,1413916620.0
2014-10-10,2744.452706426081,2689.845788042541,2730.8009768301963,2698.4918834532687,19363.0,5975134.0,1413916620.0
2014-10-13,2821.3574498162334,2699.128964167743,2712.143613049154,2812.25629675231,21273.0,6260641.0,1413916620.0
2014-10-14,2907.8184039235057,2858.67217737832,2907.8184039235057,2879.149771772147,20612.0,6819951.0,1413916620.0
2014-10-15,2912.3689804554674,2769.5714884317754,2879.604829425344,2796.3292788904446,26399.0,8135571.0,1413916620.0
2014-10-16,2857.7620620719267,2740.812245200512,2760.4725742515056,2805.885489607564,36128.0,10416811.0,1413916620.0
2014-10-17,2838.649640637688,2766.7505314326936,2771.9478176990715,2820.4473345098418,20131.0,6261508.0,1413916620.0
2014-10-20,2840.0148135972763,2797.2393941968367,2800.484073579115,2802.2450283819944,14093.0,4119640.0,1413916620.0
2014-10-21,2871.4137916678123,2794.50904827766,2807.7057202203487,2857.7620620719267,12773.0,5029058.0,1413916620.0
2014-10-22,2865.953099829458,2797.965147445613,2865.953099829458,2811.8012390991144,15853.0,5244526.0,1413916620.0
2014-10-23,2843.515845157906,2742.6324758132973,2788.767995419172,2786.318010520129,17420.0,6126747.0,1413916620.0
2014-10-24,2782.5592343047283,2730.3459191770003,2772.666280924244,2741.7223605069044,13586.0,3928654.0,1413916620.0
2014-10-27,2778.1269727625977,2691.21096100213,2765.385358473105,2718.5144201939,14016.0,3908687.0,1413916620.0
2014-10-28,2762.6550125539284,2727.615573257823,2735.806611015354,2751.7336288772203,15186.0,4165236.0,1413916844.0
2014-10-29,2790.3372617362184,2712.143613049154,2775.8516844966166,2718.059362540704,16507.0,4450335.0,1413916844.0
2014-10-30,2737.6268416281387,2653.4411757868484,2737.6268416281387,2681.654750285011,20470.0,6270675.0,1413916844.0
2014-10-31,2752.762059173444,2664.3625594635564,2752.762059173444,2704.4076329448185,13188.0,4945726.0,1413921397.0
2014-11-03,2740.812245200512,2678.9244043658337,2695.7615375340924,2702.1323446788383,11471.0,3026924.0,1413921397.0
2014-11-04,2721.699823766273,2671.643481914695,2687.5704997765606,2690.7559033489338,10395.0,3142126.0,1413921397.0
2014-11-05,2725.3402849918425,2670.2783089551062,2696.671652840484,2719.4245355002927,10362.0,3706492.0,1413921397.0
2014-11-06,2719.4245355002927,2677.5592314062446,2684.8401538573835,2700.7671717192497,11793.0,3570962.0,1413921397.0
2014-11-07,2781.312376334971,2722.15488141947,2723.064996725862,2765.840416126301,13818.0,4376860.0,1413921397.0
2014-11-10,2807.2506625671526,2728.980746217412,2774.941569190225,2752.1886865304164,10047.0,2974001.0,1413921397.0
2014-11-11,2739.447072240924,2673.008654874284,2739.447072240924,2717.604304887507,16403.0,4846687.0,1413921397.0
2014-11-12,2754.919032449593,2694.4790030443232,2703.0424599852304,2749.4583406112392,10296.0,3901790.0,1413921397.0
2014-11-13,2783.132606947756,2736.5200686063413,2736.5200686063413,2770.84605031146,7702.0,2823084.0,1413921397.0
2014-11-14,2773.576396230636,2713.508786008742,2766.7505314326936,2766.7505314326936,10529.0,3422411.0,1413921397.0
2014-11-17,2809.9810084863293,2753.3546352494354,2758.5594936751627,2783.132606947756,7893.0,2512699.0,1413921397.0
2014-11-18,2782.6775492945594,2727.1605156046267,2753.098801836809,2733.98638040257,14158.0,4719562.0,1413921397.0
2014-11-19,2700.7671717192497,2657.5366946656136,2681.654750285011,2677.5592314062446,18049.0,6353899.0,1413921397.0
2014-11-20,2707.4147904344354,2561.5195298412227,2671.5562928683426,2607.480352814035,19097.0,7259752.0,1413921397.0
2014-11-21,2782.245244524024,2573.5876588039846,2618.85679414394,2768.570762045478,31393.0,11799028.0,1413921397.0
2014-11-24,2752.6437441836124,2700.3121140660537,2752.6437441836124,2708.9582094767807,15102.0,4502293.0,1413921397.0
2014-11-25,2726.7054579514306,2665.727732423145,2698.4918834532687,2717.604304887507,13779.0,4496384.0,1413921397.0
2014-11-26,2763.1464748193803,2712.143613049154,2726.250400298235,2732.166149789785,11077.0,3909098.0,1413921397.0
2014-11-27,2787.2281258265207,2730.8009768301963,2742.177418160101,2741.2673028537083,10592.0,3687210.0,1413921397.0
2014-11-28,2784.497779907344,2702.1323446788383,2763.1100702071244,2723.520054379058,15128.0,4973681.0,1413965403.0
2014-12-01,2723.520054379058,2598.379199750112,2612.030929345997,2690.3008456957373,17335.0,4889630.0,1413965403.0
2014-12-02,2752.6437441836124,2675.7390007934605,2691.21096100213,2709.4132671299767,16203.0,4779686.0,1413965403.0
2014-12-03,2769.699305025405,2696.671652840484,2703.0424599852304,2740.357187547316,11093.0,3937428.0,1413965403.0
2014-12-04,2757.64937836877,2618.23336515906,2740.357187547316,2669.82325130191,23119.0,7663941.0,1413965403.0
2014-12-05,2668.003020689126,2617.946678837547,2635.238869659001,2637.5141579249826,12061.0,4565726.0,1413965403.0
2014-12-08,2657.5366946656136,2606.115179854447,2621.1320824099203,2623.862428329097,12177.0,3701647.0,1413965403.0
2014-12-09,2645.250138029317,2540.1318201410027,2571.9858558647347,2593.3735655649543,18571.0,6306612.0,1413965403.0
2014-12-10,2604.2949492416624,2546.0475696325525,2591.0982772989737,2546.0475696325525,11183.0,3556673.0,1413965403.0
2014-12-11,2560.1543568816337,2476.670480953102,2535.1261859558454,2500.996861966132,15068.0,5460932.0,1413965403.0
2014-12-12,2486.4350170638545,2439.1090211314536,2463.2270767508508,2441.3843093974347,14660.0,4789136.0,1413965403.0
2014-12-15,2482.7945558382853,2378.1312956031675,2426.8224644951574,2381.31669917554,13072.0,4545505.0,1413965403.0
2014-12-16,2484.1597287978743,2366.299796620067,2381.7717568287367,2481.884440531893,22462.0,7827543.0,1413965403.0
2014-12-17,2583.3622971946384,2412.8749474246947,2413.69904773348,2549.688030858122,27982.0,9296742.0,1413965403.0
2014-12-18,2600.1994303628967,2514.614917295681,2569.466283549365,2560.1543568816337,19307.0,6247532.0,1413965403.0
2014-12-19,2628.868062514255,2555.6037803496724,2561.5930671579786,2613.851159958782,15763.0,7463853.0,1413965403.0
2014-12-22,2678.9244043658337,2595.1937961777394,2631.5984084334327,2605.205064548055,9046.0,2509778.0,1413965403.0
2014-12-23,2646.16025333571,2561.155483718665,2584.727470154227,2634.3287543526094,8791.0,2602620.0,1413965403.0
2014-12-24,2635.693927312198,2594.7387385245424,2625.6826589418824,2627.957947207863,2131.0,509337.0,1413965403.0
2014-12-29,2718.5144201939,2657.5366946656136,2662.087271197576,2699.4019987596607,8960.0,2730380.0,1413965403.0
2014-12-30,2736.7167263217466,2672.553597221088,2680.2895773254218,2724.43016968545,12193.0,3801515.0,1413965403.0
2014-12-31,2737.6268416281387,2692.121076308523,2705.317748251211,2730.3459191770003,3905.0,1228430.0,1414146374.0
2015-01-02,2757.194320715574,2680.2895773254218,2746.727994692062,2703.0424599852304,9283.0,2698600.0,1414146374.0
2015-01-05,2721.244766113077,2612.030929345997,2704.8626905980154,2624.3174859822934,14320.0,4141115.0,1414146374.0
2015-01-06,2708.048094170388,2614.761275265174,2638.8793308845707,2679.8345196722257,17884.0,7118388.0,1414146374.0
2015-01-07,2714.4189013151345,2656.626579359221,2686.660384470168,2696.2165951872885,11937.0,3612881.0,1414146374.0
2015-01-08,2765.840416126301,2718.3804057150337,2743.997648772885,2755.374090102789,11468.0,4640881.0,1414146374.0
2015-01-09,2749.4583406112392,2695.7615375340924,2744.452706426081,2716.694189581115,11069.0,3824114.0,1414146374.0
2015-01-12,2730.3459191770003,2623.4073706759013,2723.064996725862,2661.63221354438,15122.0,4238402.0,1414146374.0
2015-01-13,2665.2726747699485,2632.9635813930204,2650.2557722144747,2657.5366946656136,14779.0,3531958.0,1414146374.0
2015-01-14,2561.9745874944188,2499.176631353348,2559.244241575242,2552.4183767773,23811.0,7613324.0,1414146374.0
2015-01-15,2593.3735655649543,2471.8731721615777,2532.883252289006,2587.002758420208,24760.0,7825399.0,1414146374.0
2015-01-16,2634.783812005805,2535.5812436090414,2565.6150487199884,2628.868062514255,17963.0,5093992.0,1414146374.0
2015-01-19,2631.143350780236,2561.9745874944188,2628.4130048610587,2599.289315056505,12328.0,3404896.0,1414146374.0
2015-01-20,2626.137716595078,2556.058838002868,2602.929776282073,2626.137716595078,15690.0,4606225.0,1414146374.0
2015-01-21,2661.63221354438,2595.1937961777394,2632.9635813930204,2661.63221354438,14188.0,3991933.0,1414146374.0
2015-01-22,2738.536956934532,2670.676939459306,2679.8345196722257,2699.8570564128568,17822.0,5305897.0,1414146374.0
2015-01-23,2714.1155325800546,2609.755641080016,2713.508786008742,2623.862428329097,15907.0,5445307.0,1414146374.0
2015-01-26,2699.8570564128568,2543.7722813665723,2699.8570564128568,2627.957947207863,13705.0,4110154.0,1414146374.0
2015-01-27,2662.087271197576,2585.182527807424,2622.042197716313,2614.306217611978,13408.0,4806207.0,1414146374.0
2015-01-28,2651.620945174064,2606.570237507643,2641.154619150552,2634.3287543526094,13178.0,8380857.0,1414146627.0
2015-01-29,2663.4524441571634,2607.0252951608386,2612.409182368487,2626.592774248274,14930.0,4377338.0,1414146627.0
2015-01-30,2693.031191614915,2615.21633291837,2665.2726747699485,2662.087271197576,17012.0,5342209.0,1414169250.0
2015-02-02,2696.671652840484,2615.21633291837,2648.43554160169,2694.851422227699,18782.0,5475391.0,1414169250.0
2015-02-03,2803.1551436883874,2706.4371900780743,2739.447072240924,2799.5146824628173,26272.0,8279669.0,1414169250.0
2015-02-04,2849.5710243143963,2746.727994692062,2802.700086035192,2779.03708806899,20963.0,5537398.0,1414169250.0
2015-02-05,2822.267565122626,2731.483563309991,2761.28983959434,2803.6102013415825,14226.0,3715224.0,1414169250.0
2015-02-06,2798.149509503229,2749.003282958043,2792.23376001168,2756.2842054091825,13755.0,3605352.0,1414169250.0
2015-02-09,2824.08779573541,2746.2729370388665,2757.64937836877,2816.806873284272,14865.0,4732246.0,1414169250.0
2015-02-10,2821.3574498162334,2712.59867070235,2819.537219203449,2723.520054379058,24542.0,6470580.0,1414169250.0
2015-02-11,2795.3310644223934,2668.9131359955177,2723.520054379058,2704.4076329448185,15203.0,4591131.0,1414169250.0
2015-02-12,2819.537219203449,2719.4245355002927,2739.447072240924,2766.295473779498,20131.0,6192248.0,1414169250.0
2015-02-13,2877.784598812558,2804.9753743011715,2812.25629675231,2868.2283880954383,22597.0,6269555.0,1414169250.0
2015-02-16,2892.801501368032,2845.0204477824345,2868.2283880954383,2879.149771772147,11804.0,3091806.0,1414169250.0
2015-02-17,2960.6050916942604,2827.72825696098,2851.8463125803764,2894.16667432762,22020.0,6294039.0,1414169250.0
2015-02-18,2980.328573646365,2839.8953063563936,2980.328573646365,2913.7341534150555,19628.0,4881605.0,1414027250.0
2015-02-19,2949.683708017553,2877.7054187809026,2894.16667432762,2930.5712865833134,21612.0,5758642.0,1413881050.0
2015-02-20,2985.178204966853,2908.3990574889835,2920.104960559802,2946.49830444518,14030.0,6249055.0,1413735750.0
2015-02-23,2927.8409406641363,2856.851946765536,2897.352077899993,2867.3182727890467,18843.0,4746443.0,1413587750.0
2015-02-24,2946.4170857552376,2819.2532632278544,2869.593561055028,2906.4532309639167,18033.0,4735657.0,1413443750.0
2015-02-25,2941.947727913218,2872.778964627401,2907.8184039235057,2885.520578916893,12444.0,3117065.0,1413296350.0
2015-02-26,2957.874745775084,2889.1610401424628,2900.5374814723664,2905.088058004329,15655.0,4071059.0,1413149850.0
2015-02-27,2915.55438402784,2866.863215135851,2903.267827391544,2905.088058004329,10864.0,3461077.0,1413004850.0
2015-03-02,2956.259291106237,2851.8463125803764,2952.414053936729,2870.50367636142,14944.0,6431480.0,1412858850.0
2015-03-03,2905.515812198332,2835.464237065315,2863.2227539102814,2853.211485539965,16391.0,3795986.0,1412710850.0
2015-03-04,2851.3912549271804,2777.6719151094017,2843.655274822846,2797.2393941968367,19524.0,5251049.0,1412558850.0
2015-03-05,2748.548225304847,2676.649116099852,2725.7953426450385,2716.694189581115,19398.0,6510169.0,1412402350.0
2015-03-06,2705.7728059044075,2647.0703686421016,2703.497517638426,2655.261406399633,22764.0,5933337.0,1412243350.0
2015-03-09,2655.261406399633,2603.38483393527,2654.3512910932404,2648.890599254886,15344.0,4381788.0,1412085350.0
2015-03-10,2634.3287543526094,2575.1712594371074,2630.233235473844,2575.6263170903035,17966.0,5185260.0,1411921350.0
2015-03-11,2598.379199750112,2558.7891839220456,2577.4465477030885,2588.367931379796,17867.0,4538660.0,1411756350.0
2015-03-12,2658.901867625202,2596.103911484131,2612.030929345997,2600.1994303628967,18349.0,5030625.0,1411593850.0
2015-03-13,2615.21633291837,2545.137454326161,2597.46908444372,2556.968953309261,18334.0,5748463.0,1411428100.0
2015-03-16,2598.868841784951,2559.244241575242,2571.075740558342,2592.0083926053658,14778.0,4347552.0,1411286901.0
2015-03-17,2648.650146790938,2597.2415556171213,2602.929776282073,2615.21633291837,19161.0,5289203.0,1411124301.0
2015-03-18,2607.480352814035,2564.2498757603994,2595.1937961777394,2576.0813747435,17482.0,5526462.0,1410959301.0
2015-03-19,2632.9635813930204,2570.916470379724,2598.379199750112,2589.7331043393847,15746.0,4308088.0,1410794801.0
2015-03-20,2656.171521706025,2566.9802216795765,2597.924142096916,2652.531060480456,21021.0,8435540.0,1410631801.0
2015-03-23,2688.0255574297566,2560.1079410010084,2560.1079410010084,2678.014289059441,16400.0,4927295.0,1410481801.0
2015-03-24,2678.6968755392354,2618.401736490744,2652.9861181336514,2624.772543635489,17571.0,4602402.0,1410320301.0
2015-03-25,2681.083461806035,2529.618786999967,2529.618786999967,2662.997386503967,17938.0,3748297.0,1410170301.0
2015-03-26,2708.048094170388,2604.2949492416624,2640.24450384416,2618.401736490744,17218.0,4120422.0,1410011801.0
2015-03-27,2614.818612529477,2528.414085571201,2607.0252951608386,2556.968953309261,19736.0,7122913.0,1410011801.0
2015-03-30,2602.4747186288773,2476.5972439743964,2568.3453946391646,2563.339760454008,13691.0,3575593.0,1410011849.0
2015-03-31,2615.6713905715665,2522.8396293195483,2600.6544880160923,2522.8396293195483,17817.0,5414923.0,1410699458.0
2015-04-01,2559.6992992284377,2505.092380844898,2530.1205517706867,2513.738476255625,22324.0,5516849.0,1410699458.0
2015-04-02,2538.266083762898,2493.2608818617978,2504.637323191702,2503.7272078853093,14434.0,5609194.0,1410699458.0
2015-04-06,,,,,,,
2015-04-07,2607.662375875313,2521.019398706764,2521.019398706764,2604.750006894858,20201.0,5094282.0,1410537458.0
2015-04-08,2677.0635644080776,2591.0982772989737,2662.087271197576,2597.014026790523,18591.0,4904324.0,1410374758.0
2015-04-09,2615.6713905715665,2513.738476255625,2566.52516402638,2596.103911484131,17427.0,4495064.0,1410210258.0
2015-04-10,2622.042197716313,2555.1487226964764,2606.570237507643,2581.9971242350503,11774.0,3675649.0,1410044258.0
2015-04-13,2591.0982772989737,2520.1092834003707,2560.1543568816337,2561.0644721880262,16003.0,4099127.0,1409877258.0
2015-04-14,2642.0647344569443,2539.494739426528,2548.322857898534,2632.5085237398243,23306.0,7130344.0,1409714258.0
2015-04-15,2681.1996926318143,2600.6544880160923,2612.030929345997,2650.2557722144747,19783.0,5792346.0,1409553258.0
2015-04-16,2650.2557722144747,2583.8173548478344,2617.6804428069686,2586.5477007670115,19007.0,5663516.0,1409553258.0
2015-04-17,2611.575871692801,2530.575609423883,2566.9802216795765,2549.232973204926,17268.0,5065226.0,1409394258.0
2015-04-20,2624.3174859822934,2545.037341642457,2554.238607390084,2615.6713905715665,13318.0,3778488.0,1409237258.0
2015-04-21,2604.2949492416624,2546.5026272857485,2602.929776282073,2559.244241575242,15747.0,4936733.0,1409078258.0
2015-04-22,2608.390468120428,2560.2678573614944,2580.6319512754617,2606.115179854447,20662.0,7338325.0,1408918258.0
2015-04-23,2694.3963645745034,2560.2678573614944,2614.761275265174,2692.121076308523,20697.0,6564249.0,1408761258.0
2015-04-24,2766.7505314326936,2684.3850962041874,2707.137978863996,2733.531322749373,24546.0,7912578.0,1408672594.0
2015-04-27,2795.874221237248,2701.677287025642,2789.503414092502,2743.0875334664934,19083.0,4995312.0,1408522594.0
2015-04-28,2742.6324758132973,2691.21096100213,2721.699823766273,2711.688555395957,17151.0,6487296.0,1408380143.0
2015-04-29,2680.744634978618,2634.3287543526094,2674.828885487068,2653.4411757868484,20952.0,5603789.0,1408229143.0
2015-04-30,2660.7220982379868,2592.463450258562,2653.4411757868484,2625.6826589418824,21409.0,6343458.0,1408074843.0
2015-05-01,2769.4808773518707,2664.817617116752,2740.5125988370355,2727.615573257823,24312.0,6408003.0,1408386782.0
2015-05-04,,,,,,,
2015-05-05,2775.8516844966166,2688.309513405351,2730.3459191770003,2740.357187547316,26008.0,7302686.0,1408236782.0
2015-05-06,2763.1100702071244,2713.508786008742,2735.806611015354,2737.6268416281387,20309.0,5437216.0,1408087282.0
2015-05-07,2730.3459191770003,2684.8401538573835,2712.143613049154,2700.7671717192497,20637.0,5695838.0,1407937682.0
2015-05-08,2744.452706426081,2684.8401538573835,2701.2222293724453,2728.980746217412,17647.0,4561942.0,1407786082.0
2015-05-11,2786.318010520129,2703.497517638426,2721.244766113077,2757.64937836877,17625.0,4701468.0,1407636082.0
2015-05-12,2781.312376334971,2693.031191614915,2734.441438055766,2725.7953426450385,16516.0,4505401.0,1407487582.0
2015-05-13,2760.834781941144,2698.0368258000726,2724.43016968545,2710.7784400895653,13379.0,3833339.0,1407337582.0
2015-05-14,2709.4132671299767,2654.3512910932404,2683.930038550991,2689.390730389345,12608.0,3491614.0,1407186582.0
2015-05-15,2721.244766113077,2654.3512910932404,2708.9582094767807,2667.0929053827326,13271.0,5578402.0,1407034582.0
2015-05-18,2702.5874023320343,2655.830228466128,2658.4468099720057,2662.087271197576,11988.0,3369696.0,1406881082.0
2015-05-19,2671.1884242614983,2578.3566630094806,2663.9075018103604,2591.0982772989737,18601.0,5960726.0,1406727282.0
2015-05-20,2633.418639046217,2554.238607390084,2571.075740558342,2609.30058342682,14590.0,4488572.0,1406569282.0
2015-05-21,2663.9075018103604,2607.935410467232,2625.6826589418824,2615.21633291837,10429.0,3077680.0,1406412282.0
2015-05-22,2669.363024193773,2608.390468120428,2619.311851797136,2641.609676803748,10238.0,3061392.0,1406255782.0
2015-05-25,,,,,,,
2015-05-26,2693.4862492681104,2602.4747186288773,2675.7390007934605,2616.1264482247625,12036.0,3294693.0,1406100782.0
2015-05-27,2636.60404261859,2598.379199750112,2616.581505877958,2622.042197716313,10001.0,2597266.0,1405944282.0
2015-05-28,2625.036477074344,2580.6319512754617,2613.3961023055854,2624.772543635489,9550.0,3016359.0,1405788082.0
2015-05-29,2638.8793308845707,2587.002758420208,2624.772543635489,2599.289315056505,12058.0,3859029.0,1405632082.0
2015-06-01,2622.952313022705,2572.4409135179308,2599.7443727097007,2579.7218359690687,12959.0,3528958.0,1405387381.0
2015-06-02,2660.2670405847903,2565.159991066792,2588.822989032992,2641.154619150552,17140.0,5025155.0,1405228581.0
2015-06-03,2655.261406399633,2606.684001920942,2652.9861181336514,2622.497255369509,12155.0,4365056.0,1405073581.0
2015-06-04,2621.5871400631167,2576.536432396696,2612.030929345997,2593.8286232181504,14746.0,3833739.0,1404917581.0
2015-06-05,2633.873696699413,2571.5307982115387,2591.5533349521697,2596.103911484131,16142.0,5193587.0,1404759681.0
2015-06-08,2598.379199750112,2557.424010962457,2593.8286232181504,2565.159991066792,10067.0,3138268.0,1404601681.0
2015-06-09,2577.992252840801,2506.00249615129,2577.99207081774,2531.03066707708,17643.0,5179965.0,1404442081.0
2015-06-10,2600.1994303628967,2526.480090545117,2529.210436464295,2586.0926431138155,16221.0,5937142.0,1404282081.0
2015-06-11,2627.0478319014705,2565.159991066792,2593.8286232181504,2583.8173548478344,13591.0,3675806.0,1404123781.0
2015-06-12,2599.289315056505,2558.732756773049,2572.8959711711263,2576.991490049892,11174.0,3331803.0,1403965281.0
2015-06-15,2585.182527807424,2539.6767624878066,2561.9745874944188,2554.238607390084,8341.0,2369226.0,1403806281.0
2015-06-16,2531.940782383472,2491.8957089022088,2512.3733032960367,2498.721573700152,14625.0,4956199.0,1403646281.0
2015-06-17,2502.8170925789173,2465.047307363636,2497.811458393759,2477.7889216531275,11500.0,4697285.0,1403482281.0
2015-06-18,2526.480090545117,2451.8506354209467,2459.1315578720846,2502.3620349257208,15404.0,5300207.0,1403317281.0
2015-06-19,2516.355057761503,2477.7889216531275,2488.25524767664,2486.4350170638545,10587.0,4096191.0,1403153681.0
2015-06-22,2589.920715508644,2475.4772287748915,2589.920715508644,2521.019398706764,10806.0,3164669.0,1402988681.0
2015-06-23,2532.0927716396395,2484.1597287978743,2519.199168093979,2510.5530726832512,12770.0,4011117.0,1402826181.0
2015-06-24,2552.6011006273634,2525.11491758553,2525.5699752387254,2530.575609423883,11244.0,3603912.0,1402724681.0
2015-06-25,2534.216070649452,2481.884440531893,2511.008130336448,2487.345132370247,12274.0,3806488.0,1402623681.0
2015-06-26,2499.176631353348,2437.288790518669,2472.3282298147737,2465.047307363636,13845.0,4323101.0,1402521181.0
2015-06-29,2470.507999201989,2429.496383265338,2435.0135022526883,2449.575347154965,14024.0,4346864.0,1402417781.0
2015-06-30,2453.670866033731,2379.0414109095595,2449.575347154965,2379.0414109095595,17691.0,5860568.0,1402306469.0
2015-07-01,2419.0864843908216,2374.0357767244022,2398.153832343799,2385.412218054306,14670.0,4348968.0,1402008567.0
2015-07-02,2427.732579801549,2357.1986435561435,2366.7548542732634,2396.3336017310144,14004.0,4245778.0,1401804567.0
2015-07-03,2389.962794586267,2344.457029266651,2377.676237949971,2371.7604884584207,9191.0,3014515.0,1401804567.0
2015-07-06,2358.1087588625364,2316.2434547684884,2329.8951843643736,2346.277259879436,11786.0,3354723.0,1401595567.0
2015-07-07,2346.732317532632,2257.9960751593794,2345.367144573043,2268.462401182891,19022.0,5644563.0,1401379195.0
2015-07-08,2287.5748226171304,2218.8611169845085,2237.0634231123554,2261.181478731752,23563.0,7505532.0,1401189195.0
2015-07-09,2329.8951843643736,2276.198381287226,2293.9456297618767,2301.226552213015,18459.0,5097297.0,1400989195.0
2015-07-10,2375.4009496839903,2276.6989447057417,2366.299796620067,2311.237820583331,17735.0,5174398.0,1400774195.0
2015-07-13,2366.7548542732634,2278.9287272064025,2325.3446078324114,2366.7548542732634,15059.0,5867715.0,1400574195.0
2015-07-14,2381.7717568287367,2343.5469139602587,2369.48520019244,2348.5525481454165,14201.0,4031924.0,1400364195.0
2015-07-15,2404.691827670329,2340.361510387885,2357.1986435561435,2363.5694507008893,15953.0,4925083.0,1400154195.0
2015-07-16,2408.1651007141145,2337.6311644687084,2372.2155461116167,2386.777391013894,10997.0,3870964.0,1399954195.0
2015-07-17,2389.962794586267,2348.5525481454165,2381.31669917554,2359.928989475321,9930.0,3558487.0,1399744195.0
2015-07-20,2374.4908343775983,2345.367144573043,2364.0245083540867,2358.1087588625364,8519.0,2558059.0,1399544195.0
2015-07-21,2375.4009496839903,2331.7154149771586,2352.6480670241817,2363.5694507008893,11485.0,2987419.0,1399344195.0
2015-07-22,2321.249088953646,2265.8958760188643,2311.692878236527,2277.563554246815,18196.0,5676288.0,1399129195.0
2015-07-23,2301.226552213015,2251.1702103614366,2274.8332083276377,2264.3668823041257,13191.0,3827181.0,1398910195.0
2015-07-24,2287.5748226171304,2163.3440832945766,2270.737689448872,2184.7317929947967,19412.0,6568553.0,1398686695.0
2015-07-27,2220.6813475972936,2159.703622069007,2197.018349631093,2178.816043503246,19297.0,5938309.0,1398466695.0
2015-07-28,2214.458889247489,2169.2598327861265,2184.2767353416,2189.737427179954,21170.0,6744345.0,1398246695.0
2015-07-29,2241.6139996443176,2191.102600139543,2216.130771065332,2233.422961886786,15562.0,4684602.0,1398036695.0
2015-07-30,2255.2657292402023,2214.3105404525472,2241.6139996443176,2235.698250152768,13222.0,4402093.0,1397816695.0
2015-07-31,2268.0073435296954,2207.4846756546053,2247.074691482672,2263.001709344537,16092.0,5604908.0,1397596695.0
2015-08-03,2257.085959852987,2186.552023607581,2253.445498627418,2213.855482799351,14170.0,4929196.0,1397412612.0
2015-08-04,2273.468035368049,2198.838580243877,2213.855482799351,2248.4398644422595,17026.0,4704410.0,1397190112.0
2015-08-05,2360.8391047817126,2267.5522858765,2275.288265980833,2336.7210491623164,19999.0,6976350.0,1396975112.0
2015-08-06,2387.232448667091,2312.602993542919,2380.861641522344,2344.0019716134548,21086.0,6018797.0,1396761112.0
2015-08-07,2393.1481981586408,2331.7154149771586,2342.636798653866,2354.923355290163,19216.0,6824812.0,1396549112.0
2015-08-10,2398.153832343799,2316.6985124216844,2349.007605798612,2398.153832343799,17804.0,5430274.0,1406802663.0
2015-08-11,2403.1594665289563,2319.4288583408616,2355.37841294336,2323.979434872824,27245.0,8311209.0,1406605463.0
2015-08-12,2352.6480670241817,2245.2544608698863,2271.192747102068,2324.889550179216,30934.0,10021746.0,1406399863.0
2015-08-13,2314.8782818089003,2227.5072123952364,2283.9343613915607,2237.973538418748,21500.0,5710244.0,1406189863.0
2015-08-14,2274.3781506744413,2215.675713412136,2242.069057297513,2241.158941991121,13613.0,3553688.0,1405979063.0
2015-08-17,2252.0803256678287,2207.4846756546053,2237.973538418748,2225.231924129256,11429.0,4184172.0,1405768063.0
2015-08-18,2225.686981782452,2172.900294011696,2202.4790414694467,2195.1981190183083,13516.0,3746742.0,1405552063.0
2015-08-19,2207.4846756546053,2103.731530725879,2197.4734072842894,2114.1978567493907,20462.0,6547119.0,1405332563.0
2015-08-20,2171.535121052108,2102.36635776629,2102.8214154194866,2148.7822383922994,19530.0,5609549.0,1405109563.0
2015-08-21,2164.2541986009687,2104.1865883790747,2121.478779200529,2106.9169342982523,15148.0,4171954.0,1404888063.0
2015-08-24,2039.113343972023,1918.3228405076325,2010.444711820665,1960.843427622283,34924.0,9856403.0,1404651063.0
2015-08-25,2093.265204702367,1991.7873480396213,2011.3548271270563,2042.7538051975928,31986.0,10234660.0,1404419063.0
2015-08-26,2065.9617455105968,1987.498884715901,2029.557133254904,2002.2536740631333,24844.0,6318048.0,1404185063.0
2015-08-27,2153.332814924261,2033.652652133669,2052.765073567908,2137.860854715592,22407.0,6736767.0,1403958063.0
2015-08-28,2187.4621389139734,2114.6529144025867,2169.714890439323,2173.355351664892,18782.0,6266439.0,1393292526.0
2015-08-31,,,,,,,
2015-09-01,2161.523852681792,2044.118978157181,2139.681085328376,2066.8718608169893,23734.0,6702507.0,1393066526.0
2015-09-02,2120.568663894137,2054.1302465274966,2082.798878678854,2062.776341938224,17735.0,4804701.0,1392839526.0
2015-09-03,2162.8890256413806,2078.70335980009,2078.70335980009,2130.5799322644525,23512.0,6305288.0,1392616926.0
2015-09-04,2140.591200634768,2027.2818449889223,2112.377626136606,2034.1077097868656,18958.0,5032402.0,1392388526.0
2015-09-07,2087.8045128640133,2040.0234592784152,2080.068532759678,2048.6695546891424,13410.0,3949475.0,1392158526.0
2015-09-08,2108.2821072578404,2065.9617455105968,2066.416803163793,2101.9113001130936,14226.0,4037039.0,1391932026.0
2015-09-09,2202.4790414694467,2146.5069501263183,2166.52948686695,2163.799140947773,19511.0,5591736.0,1391715026.0
2015-09-10,2185.641908301189,2107.8270496046443,2147.872123085908,2152.4226996178686,21045.0,6042651.0,1391495626.0
2015-09-11,2226.597097088844,2162.8890256413806,2171.990178705304,2168.8047751329304,19550.0,5931892.0,1391280666.0
2015-09-14,2229.782500661217,2146.9620077795144,2179.271101156442,2182.001447075619,18565.0,6939486.0,1391052666.0
2015-09-15,2186.552023607581,2111.012453177018,2166.0744292137533,2173.8104093180887,19103.0,5226791.0,1390820666.0
2015-09-16,2198.383522590681,2118.293375628156,2186.096965954385,2180.181216462835,21778.0,6285144.0,1390588666.0
2015-09-17,2218.4060593313125,2128.304643998471,2191.102600139543,2131.034989917649,18706.0,5361367.0,1390356366.0
2015-09-18,2149.2372960454954,2034.1077097868656,2120.568663894137,2092.810147049171,21902.0,8333632.0,1390118766.0
2015-09-21,2114.1978567493907,2065.7979247554467,2079.613475106482,2070.0572643893624,11651.0,3474582.0,1390118766.0
2015-09-22,2068.692091429774,1960.3883699690864,2064.141514897812,1996.79298222478,20385.0,5871137.0,1389857966.0
2015-09-23,2059.59093836585,1981.776079669305,1992.6974633460145,2022.2762108037648,13171.0,4330725.0,1389600966.0
2015-09-24,2051.3999006083195,1981.3210220161093,2013.6301153930376,1989.0570021204444,20589.0,5235981.0,1389340566.0
2015-09-25,2053.220131221104,2001.3435587567408,2022.7312684569608,2017.7256342718028,15658.0,4738370.0,1389082887.0
2015-09-28,2020.9110378441767,1911.6972010770965,2020.9110378441767,1921.253411794216,21337.0,6844545.0,1388838387.0
2015-09-29,1973.5850419117755,1902.596048013173,1908.056739851527,1956.292851090321,20738.0,6128245.0,1388603387.0
2015-09-30,2032.742536827277,1984.506425588483,2029.557133254904,2011.3548271270563,20924.0,6172810.0,1388363387.0
2015-10-01,2077.7932444936973,2007.2593082482915,2057.770707753066,2020.4559801909809,20363.0,5122616.0,1387942527.0
2015-10-02,2055.950477140281,1997.703097531172,2019.545864884588,2040.478516931612,14910.0,4171823.0,1387707527.0
2015-10-05,2112.832683789802,2081.433705719266,2093.265204702367,2107.3719919514483,18129.0,5084660.0,1387658815.0
2015-10-06,2124.664182772903,2078.248302146893,2122.843952160118,2106.00681899186,14886.0,4241788.0,1387438815.0
2015-10-07,2309.8726476237425,2172.9549009300795,2184.2767353416,2263.4567669977337,41152.0,13567264.0,1387438815.0
2015-10-08,2296.2209180278574,2214.765598105744,2238.428596071944,2293.49057210868,22655.0,6116521.0,1387438815.0
2015-10-09,2385.412218054306,2322.6142619132347,2324.889550179216,2365.8447389668704,29881.0,7690543.0,1387438815.0
2015-10-12,2378.586353256364,2292.580456802288,2370.8503731520286,2308.96253231735,17798.0,4849612.0,1387212815.0
2015-10-13,2320.79403130045,2264.3668823041257,2319.883915994058,2295.7658603746613,15170.0,3850515.0,1386987815.0
2015-10-14,2344.0019716134548,2255.2657292402023,2270.737689448872,2300.771494559819,18180.0,4923220.0,1386760815.0
2015-10-15,2358.563816515732,2285.754592004346,2326.2547231388044,2287.119764963934,15062.0,4481138.0,1386533815.0
2015-10-16,2307.1423017045654,2257.085959852987,2302.591725172604,2268.462401182891,11825.0,3455367.0,1386303815.0
2015-10-19,2262.54665169134,2214.765598105744,2252.5353833210247,2220.6813475972936,11748.0,3445074.0,1386072815.0
2015-10-20,2217.951001678117,2175.175582277677,2204.754329735428,2209.759963920585,13190.0,3565845.0,1385847815.0
2015-10-21,2243.889287910298,2166.52948686695,2207.9397333078014,2207.9397333078014,14626.0,3367090.0,1385622815.0
2015-10-22,2258.451132812575,2189.2823695267584,2211.58019453337,2246.619633829475,15852.0,3891801.0,1385397815.0
2015-10-23,2325.3446078324114,2222.046520556882,2267.097228223302,2281.204015472384,23668.0,6109722.0,1385167815.0
2015-10-26,2303.501840478996,2242.9791726039057,2268.917458836087,2263.9118246509297,12431.0,3282187.0,1384935815.0
2015-10-27,2255.720786893399,2201.568926163055,2247.9848067890634,2213.855482799351,15530.0,3755206.0,1384700815.0
2015-10-28,2210.215021573781,2136.950739409199,2184.2767353416,2197.9284649374854,24197.0,6352790.0,1384470815.0
2015-10-29,2161.523852681792,2113.742799096194,2161.523852681792,2145.596834819926,20349.0,5943336.0,1384225815.0
2015-10-30,2182.911562382012,2129.942851549978,2140.1361429815724,2146.5069501263183,14446.0,4212212.0,1384003779.0
2015-11-02,2156.973276149831,2096.4506082747403,2124.209125119706,2112.832683789802,15736.0,4378077.0,1383760279.0
2015-11-03,2137.083233995503,2073.697725614932,2116.928202668568,2136.4956817560023,19064.0,5771689.0,1383515279.0
2015-11-04,2215.22065575894,2154.6979878838497,2156.518218496634,2157.4283338030264,20920.0,5770941.0,1383270279.0
2015-11-05,2151.05752665828,2079.158417453286,2138.770970021984,2092.3550893959746,21282.0,6179973.0,1383021779.0
2015-11-06,2140.591200634768,2054.1302465274966,2120.113606240941,2076.883129187305,25627.0,7262784.0,1382771779.0
2015-11-09,2135.1305087964142,2061.866226631831,2071.877495002147,2085.074166944836,23375.0,6051153.0,1382519779.0
2015-11-10,2115.1079720557823,2054.5853041806927,2100.546127153505,2110.102337870625,20338.0,6034063.0,1382268779.0
2015-11-11,2146.5069501263183,2080.9786480660705,2111.467510830213,2099.6360118471134,15897.0,4236558.0,1382020779.0
2015-11-12,2137.405797062396,2034.5627674400607,2106.9169342982523,2036.8380557060425,20731.0,6022998.0,1381771779.0
2015-11-13,2077.7932444936973,2024.09644141655,2038.6582863188269,2042.2987475443967,19263.0,4765244.0,1381514779.0
2015-11-16,2095.085435315152,2015.9054036590185,2032.742536827277,2021.366095497372,20633.0,5168875.0,1381260279.0
2015-11-17,2082.798878678854,2006.3491929418992,2043.2088628507888,2014.9952883526264,22523.0,6176430.0,1381001279.0
2015-11-18,2068.2370337765774,1993.607578652406,2002.2536740631333,2057.31565009987,18166.0,4913987.0,1380741779.0
2015-11-19,2119.203490934548,2072.332552655343,2077.7932444936973,2084.164051638444,22858.0,6959279.0,1380487779.0
2015-11-20,2121.933836853725,2071.877495002147,2089.624743476797,2089.624743476797,15273.0,4659432.0,1380236779.0
2015-11-23,2116.018087362176,2037.748171012435,2065.9617455105968,2075.06289857452,19292.0,5680967.0,1379986379.0
2015-11-24,2087.8045128640133,2029.557133254904,2061.866226631831,2069.6022067361664,17213.0,4419797.0,1379734379.0
2015-11-25,2085.529224598032,2027.2818449889223,2067.326918470186,2047.3043817295545,14080.0,4022421.0,1379479379.0
2015-11-26,2093.265204702367,2036.3829980528465,2044.118978157181,2066.8718608169893,12203.0,3305915.0,1379223779.0
2015-11-27,2047.7594393827503,1986.349409083928,2047.7594393827503,2001.3435587567408,13525.0,4716586.0,1378964779.0
2015-11-30,2021.366095497372,1957.6580240499093,1993.1525209992103,2009.989654167469,17947.0,6328973.0,1378733998.0
2015-12-01,2040.478516931612,1998.158155184368,2022.2762108037648,2015.4503460058224,14516.0,4074033.0,1378733998.0
2015-12-02,2030.922306214492,1978.5906760969328,2020.4559801909809,1991.7873480396213,16007.0,4406829.0,1378474498.0
2015-12-03,1984.0513679352875,1923.983757713393,1984.0513679352875,1923.983757713393,25639.0,7065005.0,1378211498.0
2015-12-04,1952.6523898647515,1878.02293474058,1911.2421434239,1893.949952602446,22192.0,6529057.0,1377961498.0
2015-12-07,1913.517431689881,1871.1970699426377,1893.49489494925,1880.298223006561,15854.0,4565512.0,1377657498.0
2015-12-08,1865.736378104284,1722.848275000687,1838.4329189125133,1722.848275000687,33391.0,11090097.0,1377379498.0
2015-12-09,1821.3732625518423,1703.735853566448,1770.1742709330886,1789.7417500205238,36527.0,10425515.0,1377087498.0
2015-12-10,1849.8093602424176,1770.6293285862848,1797.477730124859,1793.837268899289,19614.0,5711692.0,1376794998.0
2015-12-11,1825.2362469698248,1702.825738260056,1794.2923265524855,1716.0224102027448,20032.0,6349231.0,1376484998.0
2015-12-14,1747.4213882732802,1677.3425096810706,1721.9381596942949,1681.8930862130323,16940.0,5244019.0,1376160998.0
2015-12-15,1738.320235209357,1692.81446988974,1701.9156229536636,1710.5617183643908,16935.0,4885768.0,1375830998.0
2015-12-16,1763.348406135146,1703.2807959132522,1720.1179290815105,1728.7640244922372,14616.0,5590658.0,1375505998.0
2015-12-17,1759.2528872563803,1691.904354583348,1747.4213882732802,1691.904354583348,17080.0,5102430.0,1375184998.0
2015-12-18,1721.4831020410988,1681.8930862130323,1685.533547438601,1695.0897581557208,21500.0,10248310.0,1374827098.0
2015-12-21,1763.803463788342,1686.4436627449938,1686.4436627449938,1695.5448158089173,16262.0,4865825.0,1374827098.0
2015-12-22,1731.494370411414,1705.1010265260368,1706.466199485625,1727.853909185845,10314.0,2749556.0,1374827098.0
2015-12-23,1842.983495444476,1766.078752054323,1766.078752054323,1833.427284727356,18286.0,5280053.0,1374827098.0
2015-12-24,1849.76840505363,1807.9440561483705,1836.612688299729,1826.146362276217,2285.0,770844.0,1374827098.0
2015-12-28,,,,,,,
2015-12-29,1833.427284727356,1776.545078077835,1829.3317658485903,1800.2080760440354,13572.0,3612334.0,1374827098.0
2015-12-30,1810.219344414351,1766.9888673607154,1789.2866923673275,1782.9158852225812,10097.0,2735289.0,1374827098.0
2015-12-31,1803.3934796164087,1782.9158852225812,1782.9158852225812,1801.573249003624,2678.0,887165.0,1374045089.0
2016-01-04,1783.8260005289735,1722.3932173474911,1783.8260005289735,1731.494370411414,21076.0,5641577.0,1374045089.0
2016-01-05,1793.382211246093,1726.9437938794526,1752.882080111634,1765.1686367479308,15362.0,4257560.0,1374045089.0
2016-01-06,1753.7921954180265,1656.4098576340468,1752.882080111634,1680.5279132534438,22643.0,6030597.0,1374045089.0
2016-01-07,1639.5727244657885,1583.6006331226602,1620.0052453783535,1624.100764257119,24605.0,7370506.0,1374045089.0
2016-01-08,1666.4211260043623,1582.690517816268,1651.859281102085,1582.690517816268,18574.0,5965275.0,1374045089.0
2016-01-11,1599.982708637722,1540.8252137222205,1568.5837305671866,1544.4656749477897,22962.0,6158561.0,1374045089.0
2016-01-12,1574.954537711933,1490.3138142174455,1531.2690030051008,1503.5104861601346,23046.0,6504489.0,1374045089.0
2016-01-13,1582.2354601630718,1515.9616826553577,1521.2577346347855,1532.1791183114935,25069.0,6226491.0,1374045089.0
2016-01-14,1597.7074203717411,1503.965543813331,1521.7127922879813,1579.0500565906984,22052.0,6571019.0,1374045089.0
2016-01-15,1569.038788220383,1488.9486412578574,1559.9376351564597,1495.7745060558002,23786.0,7765539.0,1374045089.0
2016-01-18,1519.892561675197,1466.6508162512455,1483.032891766307,1485.7632376854842,16632.0,5100741.0,1374045089.0
2016-01-19,1570.8590188331673,1499.4149672813692,1526.2633688199433,1508.0610626920966,17647.0,5743394.0,1374045089.0
2016-01-20,1471.6564504364032,1417.049532052863,1465.7407009448532,1435.7068958339062,19272.0,6175607.0,1374045089.0
2016-01-21,1529.4487723923162,1434.7967805275136,1450.2687407361832,1521.7127922879813,21620.0,6804801.0,1374045089.0
2016-01-22,1585.420863735445,1490.3138142174455,1557.6623468904786,1504.8756591197234,24134.0,8044698.0,1374045089.0
2016-01-25,1519.437504022001,1451.1788560425755,1517.1622157560198,1464.3755279852644,18556.0,5908710.0,1374045089.0
2016-01-26,1541.2802713754168,1429.33608868916,1441.6226453254562,1536.729694843455,19302.0,5970001.0,1374045089.0
2016-01-27,1562.6679810756364,1498.504851974977,1520.3476193283932,1562.6679810756364,20019.0,6066383.0,1374045089.0
2016-01-28,1606.3535157824683,1533.0892336178858,1551.2915397457325,1547.1960208669668,24553.0,6969482.0,1374045089.0
2016-01-29,1585.8759213886408,1503.0554285069388,1575.4095953651292,1559.9376351564597,16828.0,5844873.0,1374056329.0
2016-02-01,1569.4938458735792,1498.504851974977,1565.3983269948135,1543.5555596413976,14798.0,3977014.0,1374056329.0
2016-02-02,1526.2633688199433,1446.1732218574175,1518.5273887156084,1472.1115080895993,19328.0,6420406.0,1374056329.0
2016-02-03,1552.6817408762463,1462.5552973724798,1471.201392783207,1533.5442912710816,18918.0,6136054.0,1374056329.0
2016-02-04,1721.4831020410988,1590.4264979206027,1620.0052453783535,1690.9942392769556,28684.0,10108049.0,1374056329.0
2016-02-05,1716.4774678559409,1607.2636310888608,1684.623432132209,1654.5896270212622,31921.0,9817208.0,1374056329.0
2016-02-08,1722.848275000687,1631.8367443614538,1683.713316825817,1675.0672214150898,25492.0,7591164.0,1374056329.0
2016-02-09,1665.9660683511663,1551.7465973989283,1658.685145900028,1593.611901492976,20118.0,5838871.0,1374056329.0
2016-02-10,1627.7412254826882,1576.7747683247178,1611.8142076208226,1606.3535157824683,18245.0,5129006.0,1374056329.0
2016-02-11,1576.7747683247178,1460.2800091064987,1560.8477504628518,1551.7465973989283,25529.0,7893109.0,1374056329.0
2016-02-12,1684.623432132209,1548.5611938265554,1552.2016550521246,1681.438028559836,22268.0,7674305.0,1374056329.0
2016-02-15,1727.398851532649,1638.6626091593964,1703.735853566448,1684.623432132209,17546.0,5602263.0,1374056329.0
2016-02-16,1753.3371377648305,1650.4941081424968,1718.7527561219215,1685.533547438601,17830.0,5726568.0,1374056329.0
2016-02-17,1777.9102510374232,1686.89872039819,1701.4605653004671,1775.6349627714426,20914.0,6198252.0,1374056329.0
2016-02-18,1768.354040320304,1700.550449994075,1765.6236944011268,1718.7527561219215,19183.0,6081748.0,1374056329.0
2016-02-19,1739.6854081689453,1682.3481438662284,1700.550449994075,1721.4831020410988,17627.0,5503571.0,1374056329.0
2016-02-22,1879.843165353365,1761.9832331755574,1788.3765770609352,1866.646493410676,26779.0,8129377.0,1374056329.0
2016-02-23,1861.6408592255184,1801.1181913504277,1847.0790143232405,1809.3092291079588,22269.0,6709164.0,1374056329.0
2016-02-24,1799.2797584315156,1701.005507647271,1795.2024418588776,1705.5560841792328,24348.0,8747095.0,1374056329.0
2016-02-25,1698.2751617280942,1633.656974974239,1683.713316825817,1644.1233009977502,17516.0,5258056.0,1374056329.0
2016-02-26,1747.0485140322514,1670.516644883128,1670.971702536324,1693.2695275429364,18550.0,5388243.0,1374056329.0
2016-02-29,1741.960696434926,1652.7693964084776,1669.6065295767355,1732.8595433710027,15992.0,5914965.0,1374323146.0
2016-03-01,1809.7642867611548,1714.657237243156,1721.4831020410988,1765.6236944011268,17456.0,5260035.0,1374323146.0
2016-03-02,1834.027960829575,1777.9102510374232,1783.8260005289735,1827.0564775826087,21104.0,7118527.0,1374323146.0
2016-03-03,1918.0680082218423,1807.0339408419784,1849.8093602424176,1831.1519964613751,31125.0,8421636.0,1374323146.0
2016-03-04,1942.641121494436,1854.3599367743795,1865.736378104284,1938.54560261567,26370.0,7328477.0,1374323146.0
2016-03-07,2058.6808230594584,1897.5904138280148,1962.208600581871,2035.9279403996493,45706.0,12501573.0,1374323146.0
2016-03-08,1964.028831194656,1833.882342380552,1964.028831194656,1843.8936107508675,36883.0,9807258.0,1374323146.0
2016-03-09,1863.914236249356,1801.573249003624,1834.7924576869443,1847.9891296296328,24276.0,6804786.0,1374323146.0
2016-03-10,1886.2139724981112,1779.7304816502078,1852.5397061615947,1781.0956546097966,21869.0,6840538.0,1374323146.0
2016-03-11,1844.80372605726,1783.3709428757777,1820.2306127846668,1820.2306127846668,18772.0,5662018.0,1374323146.0
2016-03-14,1893.949952602446,1789.2866923673275,1836.612688299729,1821.5957857442552,19029.0,5075948.0,1374323146.0
2016-03-15,1766.9888673607154,1727.853909185845,1759.2528872563803,1748.7865612328687,16262.0,4999395.0,1374323146.0
2016-03-16,1782.9158852225812,1739.2303505157497,1754.2472530712228,1756.0674836840076,13409.0,4354259.0,1374323146.0
2016-03-17,1863.9161474914988,1812.949690333528,1818.4103821718825,1851.1745332020064,25011.0,7145819.0,1374323146.0
2016-03-18,1881.208338312953,1823.9761923281249,1857.0902826935564,1833.882342380552,19131.0,8300079.0,1374323146.0
2016-03-21,1852.994763814791,1802.02830665682,1819.3204974782743,1832.9722270741595,13386.0,3696475.0,1374323146.0
2016-03-22,1829.7868235017863,1776.545078077835,1826.146362276217,1813.8598056399203,16375.0,4691673.0,1374323146.0
2016-03-23,1828.4216505421973,1771.0843862394806,1819.3204974782743,1792.0170382865049,15622.0,4392437.0,1374323146.0
2016-03-24,1770.1742709330886,1708.2864300984097,1753.7921954180265,1763.348406135146,16539.0,4379324.0,1374323146.0
2016-03-28,,,,,,,
2016-03-29,1775.6349627714426,1679.1627402938554,1770.1742709330886,1695.5448158089173,18845.0,5660077.0,1374323146.0
2016-03-30,1821.5957857442552,1729.2190821454335,1765.0576936920816,1795.657499512074,20036.0,7150830.0,1374323146.0
2016-03-31,1805.6687678823896,1742.8708117413184,1776.545078077835,1779.7304816502078,16073.0,4916736.0,1374434336.0
2016-04-01,1809.3092291079588,1737.4101199029649,1768.354040320304,1768.354040320304,16973.0,4373558.0,1374434336.0
2016-04-04,1827.5115352358057,1764.913804462141,1775.1799051182463,1797.9327877780545,17852.0,4613150.0,1374434336.0
2016-04-05,1764.913804462141,1721.0280443879026,1760.1630025627728,1754.2472530712228,19880.0,6112472.0,1374434336.0
2016-04-06,1790.1968076737198,1721.9381596942949,1756.0529218391048,1760.618060215969,14348.0,3914127.0,1374434336.0
2016-04-07,1798.842903084447,1738.320235209357,1780.1855393034043,1745.1461000072993,21923.0,7172143.0,1374434336.0
2016-04-08,1813.8598056399203,1759.7079449095768,1762.438290828754,1808.8541714547628,14610.0,4002491.0,1374434336.0
2016-04-11,1860.7307439191256,1805.6687678823896,1820.2306127846668,1847.9891296296328,13909.0,3850011.0,1374434336.0
2016-04-12,1918.9781235282355,1865.736378104284,1865.736378104284,1898.955586787604,17669.0,4834737.0,1374434336.0
2016-04-13,2043.2088628507888,1954.509025089792,1963.57377354146,2043.2088628507888,26492.0,8090667.0,1374434336.0
2016-04-14,2080.9786480660705,2004.9840199823109,2040.0234592784152,2040.933574584808,22847.0,5914298.0,1374434336.0
2016-04-15,2056.9939243390595,1994.9727516119945,2035.0178250932568,2030.0121909081,16793.0,5772361.0,1374434336.0
2016-04-18,2068.692091429774,1973.1299842585788,1990.4221750800327,2064.596572551008,18576.0,5162142.0,1374434336.0
2016-04-19,2134.220393490022,2055.495419487085,2111.467510830213,2123.2990098133137,23952.0,6322342.0,1374434336.0
2016-04-20,2212.490309839762,2128.304643998471,2147.872123085908,2205.66444504182,29237.0,7876865.0,1374434336.0
2016-04-21,2263.9118246509297,2151.05752665828,2230.237558314413,2188.372254220365,34320.0,8197502.0,1374434336.0
2016-04-22,2145.596834819926,2104.0062035253486,2123.2990098133137,2124.664182772903,23944.0,6340551.0,1374434336.0
2016-04-25,2106.9169342982523,2025.006556722942,2106.9169342982523,2036.3829980528465,24288.0,6097643.0,1374434336.0
2016-04-26,2035.4728827464533,1979.500791403325,2003.1637893695256,2020.9110378441767,23513.0,6353942.0,1374434336.0
2016-04-27,2042.7538051975928,1969.0344653798136,1982.2311373225027,2033.1975944804728,19189.0,5457150.0,1374434336.0
2016-04-28,2122.843952160118,2023.186326110157,2027.2818449889223,2120.113606240941,25907.0,6547972.0,1374434336.0
2016-04-29,2143.3215465539456,2076.883129187305,2093.265204702367,2093.720262355563,21132.0,5162929.0,1374542036.0
2016-05-02,,,,,,,
2016-05-03,2046.394266423162,1944.0062944540248,2032.2874791740803,1960.843427622283,30835.0,8300467.0,1374542036.0
2016-05-04,1951.742274558359,1904.4162786259576,1924.893873019785,1913.062374036685,26687.0,7958490.0,1374542036.0
2016-05-05,1949.9220439455748,1892.5847796428573,1923.0736424070008,1924.4388153665889,12855.0,3320711.0,1374542036.0
2016-05-06,1949.466986292378,1866.646493410676,1910.332028117508,1941.731006188044,19668.0,5100091.0,1374542036.0
2016-05-09,1879.3881077001683,1778.8203663438155,1879.3881077001683,1787.921519407739,24082.0,7932436.0,1374542036.0
2016-05-10,1836.612688299729,1764.2585214415385,1797.9327877780545,1821.1407280910591,22118.0,5759285.0,1374542036.0
2016-05-11,1866.19143575748,1819.7755551314708,1826.146362276217,1848.8992449360253,17236.0,4365424.0,1374542036.0
2016-05-12,1851.1745332020064,1777.9102510374232,1842.983495444476,1794.7473842056816,16981.0,6762196.0,1374542036.0
2016-05-13,1819.3204974782743,1755.612426030811,1773.3596745054615,1812.949690333528,18013.0,5040255.0,1374542036.0
2016-05-16,1864.371205144695,1802.02830665682,1802.02830665682,1831.1519964613751,11762.0,3080129.0,1374542036.0
2016-05-17,1884.8487995385224,1810.219344414351,1848.8992449360253,1851.1745332020064,18149.0,4647808.0,1374542036.0
2016-05-18,1829.3317658485903,1774.2697898118545,1827.5115352358057,1814.3148632931168,16735.0,4396022.0,1374542036.0
2016-05-19,1767.4439250139117,1716.0224102027448,1756.5225413372034,1765.1686367479308,23498.0,6850265.0,1374542036.0
2016-05-20,1819.3204974782743,1776.545078077835,1789.7417500205238,1777.000135731031,11816.0,3762936.0,1374542036.0
2016-05-23,1774.72484746505,1738.7752928625528,1765.6236944011268,1769.2641556266965,12432.0,3741207.0,1374542036.0
2016-05-24,1808.3991138015665,1752.882080111634,1761.0731178691651,1786.5563464481506,13722.0,3861924.0,1374542036.0
2016-05-25,1824.7811893166288,1775.1799051182463,1812.949690333528,1804.303594922801,13250.0,3451086.0,1374542036.0
2016-05-26,1852.0846485083985,1782.4608275693852,1829.7868235017863,1792.0170382865049,14543.0,3887054.0,1374542036.0
2016-05-27,1836.612688299729,1768.8090979734998,1803.848537269605,1787.4664617545432,15326.0,4125084.0,1374542036.0
2016-05-30,,,,,,,
2016-05-31,1830.1601528004687,1758.7978296031845,1799.2979607376435,1767.8989826671077,16704.0,5603543.0,1374560902.0
2016-06-01,1756.5225413372034,1691.4492969301516,1755.1573683776153,1700.095392340879,23735.0,8301077.0,1374560902.0
2016-06-02,1720.1179290815105,1686.4436627449938,1706.466199485625,1697.8201040748982,14381.0,6773518.0,1374560902.0
2016-06-03,1740.1404658221416,1707.8313724452137,1714.2021795899602,1724.6685056134718,16764.0,5004947.0,1374560902.0
2016-06-06,1849.354302589221,1787.4664617545432,1793.382211246093,1834.337400033748,18912.0,6702120.0,1374560902.0
2016-06-07,1890.3094913768768,1821.1407280910591,1849.8093602424176,1832.9722270741595,18683.0,4952648.0,1374560902.0
2016-06-08,1878.9330500469723,1828.2522780836784,1828.4216505421973,1856.63522504036,14674.0,3847819.0,1374560902.0
2016-06-09,1874.8375311682069,1784.7361158353656,1856.63522504036,1790.651865326916,12280.0,4270848.0,1374560902.0
2016-06-10,1796.11255716527,1749.551058090238,1783.8260005289735,1767.4439250139117,14567.0,4143238.0,1374560902.0
2016-06-13,1787.921519407739,1749.6966765392608,1749.6966765392608,1776.0900204246389,12346.0,3713568.0,1374560902.0
2016-06-14,1781.5507122629926,1721.0280443879026,1759.7079449095768,1725.123563266668,15541.0,4884740.0,1374560902.0
2016-06-15,1813.8598056399203,1739.6854081689453,1739.6854081689453,1792.472095939701,16433.0,5352186.0,1374560902.0
2016-06-16,1785.6462311417583,1752.882080111634,1764.2585214415385,1779.2754239970122,15929.0,4731470.0,1374560902.0
2016-06-17,1836.612688299729,1782.005769916189,1783.8260005289735,1825.2362469698248,15199.0,6589775.0,1374560902.0
2016-06-20,1870.286954636245,1832.517169420964,1869.3768393298528,1857.0902826935564,13846.0,3721748.0,1374560902.0
2016-06-21,1859.820628612733,1811.129459720744,1823.41601635704,1848.8992449360253,12146.0,3474784.0,1374560902.0
2016-06-22,1898.5005291344075,1839.7980918721016,1873.0173005554225,1881.6633959661488,15860.0,4724812.0,1374560902.0
2016-06-23,1935.8152566964927,1867.101551063872,1884.8487995385224,1902.140990359977,16568.0,3738835.0,1374560902.0
2016-06-24,1928.5343342453543,1758.3427719499882,1758.3427719499882,1890.764549030072,30216.0,8466922.0,1374560902.0
2016-06-27,1934.82960181967,1875.7476464746,1915.7927199558617,1898.0454714812115,22419.0,6559424.0,1374560902.0
2016-06-28,1971.7648112989905,1842.983495444476,1942.1860638412395,1940.8208908816512,15430.0,5161068.0,1374560902.0
2016-06-29,2017.2705766186075,1956.747908743517,1971.3097536457933,2017.2705766186075,13903.0,4625567.0,1374560902.0
2016-06-30,2089.624743476797,1983.1412526288943,2015.4503460058224,2087.8045128640133,19148.0,6238505.0,1374572578.0
2016-07-01,2140.1361429815724,2080.5235904128745,2105.096703685467,2134.220393490022,16116.0,4163178.0,1374572578.0
2016-07-04,2190.6475424863465,2142.4114312475526,2176.995812890462,2144.2316618603377,13478.0,3179686.0,1374572578.0
2016-07-05,2155.1530455370457,2085.9842822512283,2140.1361429815724,2117.383260321764,17498.0,4054638.0,1374572578.0
2016-07-06,2180.636274116031,2066.416803163793,2110.102337870625,2120.568663894137,19286.0,5009357.0,1374572578.0
2016-07-07,2179.225595391122,2124.209125119706,2149.2372960454954,2129.66981695806,13962.0,4444285.0,1374572578.0
2016-07-08,2188.827311873561,2130.5799322644525,2163.799140947773,2155.1530455370457,16113.0,4321217.0,1374572578.0
2016-07-11,2240.703884337925,2194.743061365112,2198.838580243877,2225.231924129256,16392.0,4316417.0,1374572578.0
2016-07-12,2273.0129777148527,2213.855482799351,2225.231924129256,2263.001709344537,18988.0,5026317.0,1374572578.0
2016-07-13,2314.423224155704,2239.338711378336,2261.636536384949,2239.338711378336,20454.0,5660641.0,1374572578.0
2016-07-14,2314.423224155704,2257.5410175061834,2265.732055263714,2266.642170570106,17140.0,3950039.0,1374572578.0
2016-07-15,2272.1028624084606,2225.231924129256,2266.1871129169103,2247.5297491358674,14802.0,4074900.0,1374572578.0
2016-07-18,2247.074691482672,2194.039724256332,2207.0296180014084,2241.158941991121,13202.0,5232054.0,1374572578.0
2016-07-19,2220.6813475972936,2143.3215465539456,2220.6813475972936,2163.3440832945766,21586.0,6094598.0,1374572578.0
2016-07-20,2143.3215465539456,2091.4449740895816,2135.1305087964142,2128.759701651668,15794.0,4904706.0,1374572578.0
2016-07-21,2189.2823695267584,2140.591200634768,2143.3215465539456,2163.3440832945766,17362.0,4436838.0,1374572578.0
2016-07-22,2169.2598327861265,2115.5630297089792,2156.518218496634,2150.602469005084,11197.0,2961968.0,1374572578.0
2016-07-25,2179.271101156442,2121.933836853725,2159.2485644158114,2139.22602767518,9000.0,2277693.0,1374572578.0
2016-07-26,2207.9397333078014,2156.973276149831,2158.3384491094184,2205.209387388624,11066.0,3160485.0,1374572578.0
2016-07-27,2268.917458836087,2218.8611169845085,2225.231924129256,2235.698250152768,14259.0,3659564.0,1374572578.0
2016-07-28,2282.114130778776,2198.816828488055,2252.990440974221,2239.338711378336,15067.0,4351995.0,1374572578.0
2016-07-29,2244.7994032166907,2200.2037532034665,2229.782500661217,2240.248826684729,15017.0,4691076.0,1374572578.0
2016-08-01,2293.035514455484,2252.5353833210247,2260.726421078556,2262.54665169134,16332.0,6036173.0,1374684640.0
2016-08-02,2272.1028624084606,2203.38915677584,2220.6813475972936,2222.046520556882,14401.0,3985155.0,1374684640.0
2016-08-03,2240.703884337925,2187.4621389139734,2231.602731274002,2205.209387388624,18293.0,4549868.0,1374684640.0
2016-08-04,2222.046520556882,2160.6137373753995,2183.366620035208,2202.934099122643,19781.0,5906170.0,1374684640.0
2016-08-05,2290.760226189504,2235.698250152768,2250.2600950550445,2261.181478731752,22462.0,6482049.0,1374684640.0
2016-08-08,2332.1704726303547,2236.153307805964,2285.299534351149,2298.4962062938384,12473.0,4614185.0,1374684640.0
2016-08-09,2313.513108849312,2282.325951015186,2301.226552213015,2298.0411486406424,12010.0,3959064.0,1374684640.0
2016-08-10,2308.415553018208,2268.462401182891,2293.49057210868,2276.198381287226,11424.0,3291096.0,1374684640.0
2016-08-11,2289.850110883111,2225.231924129256,2261.181478731752,2265.2769976105174,14414.0,4609923.0,1374684640.0
2016-08-12,2283.9343613915607,2185.641908301189,2269.8275741424795,2192.4677730991307,19154.0,5966729.0,1374684640.0
2016-08-15,2222.956635863274,2181.546389422423,2186.096965954385,2216.5858287185283,9121.0,2683931.0,1374684640.0
2016-08-16,2295.310802721465,2222.501578210078,2222.501578210078,2263.001709344537,19348.0,5266416.0,1374684640.0
2016-08-17,2272.5579200616567,2194.894777586688,2260.726421078556,2217.4959440249204,10833.0,2880036.0,1374684640.0
2016-08-18,2268.0073435296954,2237.973538418748,2244.3443455634947,2243.4342302571017,11911.0,3522172.0,1374684640.0
2016-08-19,2250.715152708241,2202.4790414694467,2247.9848067890634,2226.142039435648,8955.0,2453206.0,1374684640.0
2016-08-22,2216.130771065332,2152.877757271065,2216.130771065332,2171.990178705304,13329.0,3758518.0,1374684640.0
2016-08-23,2233.8780195399827,2172.254066638392,2184.2767353416,2229.782500661217,10508.0,3127026.0,1374684640.0
2016-08-24,2217.951001678117,2166.0744292137533,2215.22065575894,2175.175582277677,14353.0,3440421.0,1374684640.0
2016-08-25,2182.911562382012,2126.029355732491,2161.523852681792,2174.2654669712847,12919.0,4047402.0,1374684640.0
2016-08-26,2249.3499797486525,2185.641908301189,2188.372254220365,2245.709518523083,17211.0,4917879.0,1374684640.0
2016-08-29,,,,,,,
2016-08-30,2192.922830752328,2134.220393490022,2182.001447075619,2139.22602767518,15251.0,5570854.0,1374684640.0
2016-08-31,2121.478779200529,2076.4280715341088,2106.00681899186,2094.175320008759,18082.0,6230313.0,1374684640.0
2016-09-01,2128.759701651668,2069.6022067361664,2106.9169342982523,2092.3550893959746,16175.0,5503084.0,1374702846.0
2016-09-02,2136.0406241028068,2081.433705719266,2110.102337870625,2117.83831797496,16256.0,5428090.0,1374702846.0
2016-09-05,2157.4283338030264,2110.102337870625,2129.66981695806,2117.83831797496,8558.0,2122242.0,1374702846.0
2016-09-06,2144.2316618603377,2105.096703685467,2122.843952160118,2114.1978567493907,9240.0,2529267.0,1374702846.0
2016-09-07,2126.484413385687,2089.624743476797,2120.568663894137,2124.209125119706,12638.0,3211598.0,1374702846.0
2016-09-08,2172.4452363585,2116.928202668568,2126.939471038884,2156.518218496634,16749.0,4962115.0,1374702846.0
2016-09-09,2182.456504728816,2126.939471038884,2152.877757271065,2138.770970021984,11957.0,3850279.0,1374702846.0
2016-09-12,2097.815781234329,2053.220131221104,2086.4393399044247,2088.259570517209,17181.0,5074347.0,1374702846.0
2016-09-13,2109.647280217429,2050.944842955124,2085.074166944836,2054.1302465274966,12114.0,3899910.0,1374702846.0
2016-09-14,2111.467510830213,2059.59093836585,2068.692091429774,2072.332552655343,12550.0,3844953.0,1374702846.0
2016-09-15,2094.175320008759,2055.0403618338883,2065.9617455105968,2090.5348587831904,15383.0,5893583.0,1374702846.0
2016-09-16,2095.540492968348,2057.31565009987,2075.517956227716,2074.607840921324,11312.0,5017402.0,1374702846.0
2016-09-19,2152.877757271065,2098.2708388875244,2098.2708388875244,2146.9620077795144,11148.0,3940774.0,1374702846.0
2016-09-20,2182.456504728816,2141.9563735943566,2153.332814924261,2147.872123085908,12476.0,3530239.0,1374702846.0
2016-09-21,2206.193677092487,2155.49825227276,2175.6306399308733,2194.288003711916,13930.0,4156618.0,1374702846.0
2016-09-22,2297.586090987446,2215.962499846333,2297.586090987446,2266.1871129169103,19510.0,6575082.0,1374702846.0
2016-09-23,2294.4006874150723,2229.327443008021,2229.782500661217,2292.580456802288,13961.0,3613240.0,1374702846.0
2016-09-26,2298.0411486406424,2250.715152708241,2284.389419044757,2260.27136342536,15750.0,4043772.0,1374702846.0
2016-09-27,2288.939995576718,2215.675713412136,2275.7433236340294,2238.8836537251395,18411.0,4231535.0,1374702846.0
2016-09-28,2316.6985124216844,2258.9061904657715,2266.1871129169103,2298.4962062938384,17528.0,7783851.0,1374702846.0
2016-09-29,2398.153832343799,2344.0019716134548,2363.1143930476933,2397.243717037406,21036.0,7777493.0,1374702846.0
2016-09-30,2379.618241990752,2329.8951843643736,2351.7379517177897,2343.0918563070622,19753.0,5694621.0,1374708833.0
2016-10-03,2382.6818721351287,2330.8052996707656,2330.8052996707656,2372.2155461116167,15642.0,3495521.0,1374708833.0
2016-10-04,2444.114655316612,2359.0844024709886,2386.3223333606984,2383.5919874415213,19322.0,8211067.0,1374708833.0
2016-10-05,2404.9796971417413,2357.6537012093395,2377.676237949971,2403.1594665289563,14298.0,3876549.0,1374708833.0
2016-10-06,2409.075216020506,2371.305430805225,2409.075216020506,2384.0470450947178,12184.0,3127567.0,1374708833.0
2016-10-07,2472.78328746797,2378.751548285627,2407.254985407722,2435.92361755908,17567.0,5982595.0,1374708833.0
2016-10-10,2490.075478289424,2436.3786752122764,2450.485462461358,2486.8900747170514,13703.0,3684042.0,1374708833.0
2016-10-11,2548.322857898534,2433.193271639904,2497.356400740563,2438.653963478258,23854.0,6095426.0,1374708833.0
2016-10-12,2474.603518080755,2417.721311431233,2461.4068461380657,2464.1371920572424,18043.0,4238983.0,1374708833.0
2016-10-13,2387.232448667091,2320.8395370657704,2366.299796620067,2344.457029266651,25301.0,7227363.0,1374708833.0
2016-10-14,2425.1255545063887,2360.023641467186,2414.0808502056643,2362.6593353944977,15312.0,4756746.0,1374708833.0
2016-10-17,2387.232448667091,2349.462663451809,2373.1256614180097,2355.833470596556,13312.0,4423256.0,1374708833.0
2016-10-18,2415.901080818449,2374.4908343775983,2381.31669917554,2380.406583869148,14999.0,5030859.0,1374708833.0
2016-10-19,2399.9740629565827,2359.018874168928,2384.502102747914,2387.687506320287,10136.0,3291407.0,1374708833.0
2016-10-20,2423.182003269588,2355.833470596556,2398.153832343799,2383.136929788325,9921.0,2738710.0,1374708833.0
2016-10-21,2436.8337328654725,2380.861641522344,2389.052679279875,2428.6426951079425,13182.0,3854295.0,1374708833.0
2016-10-24,2488.7103053298365,2430.9179833739227,2452.7607507273383,2435.0135022526883,14419.0,3756573.0,1374708833.0
2016-10-25,2565.159991066792,2476.423748693539,2476.423748693539,2544.6823966729644,19688.0,6683500.0,1374708833.0
2016-10-26,2540.1318201410027,2508.277784417271,2519.199168093979,2540.1318201410027,16282.0,4296487.0,1374708833.0
2016-10-27,2553.7835497368874,2504.637323191702,2514.6485915620174,2545.137454326161,13393.0,4853291.0,1374708833.0
2016-10-28,2577.4465477030885,2522.3845716663523,2549.232973204926,2576.991490049892,15223.0,4552829.0,1374708833.0
2016-10-31,2599.7443727097007,2565.463787556065,2568.3453946391646,2584.2724125010304,11522.0,3624565.0,1374708833.0
2016-11-01,2630.233235473844,2578.811720662677,2605.660122201251,2588.367931379796,16551.0,4113390.0,1374801830.0
2016-11-02,2589.7331043393847,2545.592511979357,2563.339760454008,2575.6263170903035,15270.0,4364798.0,1374801830.0
2016-11-03,2562.4902770293265,2516.013764521606,2541.496993100591,2537.856531875022,14799.0,5060801.0,1374801830.0
2016-11-04,2541.09381201986,2465.957422670027,2516.468822174802,2482.3394981850897,18847.0,7567834.0,1374801830.0
2016-11-07,2581.5420665818538,2545.592511979357,2546.5026272857485,2571.075740558342,13811.0,5196191.0,1374801830.0
2016-11-08,2619.766909450332,2565.451227964838,2581.0870089286577,2613.851159958782,14772.0,4168820.0,1374801830.0
2016-11-09,2793.5266698159394,2525.5699752387254,2546.5026272857485,2792.688817664876,32527.0,11813254.0,1374801830.0
2016-11-10,2927.8409406641363,2840.924928903669,2871.4137916678123,2864.587926869869,39697.0,16099215.0,1374801830.0
2016-11-11,2887.3408095296777,2755.829147755986,2867.7733304422422,2793.1438753180714,23279.0,6528585.0,1374801830.0
2016-11-14,2894.16667432762,2794.964105930856,2832.278833492941,2862.7676962570854,22878.0,6235934.0,1374801830.0
2016-11-15,2820.3361184194005,2714.4189013151345,2816.806873284272,2733.98638040257,25110.0,6772821.0,1374801830.0
2016-11-16,2773.12133857744,2696.8809793609544,2752.1886865304164,2697.12671049368,18743.0,5228296.0,1374801830.0
2016-11-17,2750.368455917632,2701.2222293724453,2721.244766113077,2749.4583406112392,16821.0,5247147.0,1374801830.0
2016-11-18,2713.053728355546,2656.626579359221,2708.503151823584,2670.2783089551062,15241.0,4125671.0,1374801830.0
2016-11-21,2730.8009768301963,2675.283943140264,2714.4189013151345,2702.5874023320343,17496.0,4058252.0,1374801830.0
2016-11-22,2807.7057202203487,2764.930300819909,2807.7057202203487,2796.784336543641,17448.0,4811573.0,1374801830.0
2016-11-23,2856.396889112338,2749.913398264436,2844.110332476042,2820.9023921630373,17770.0,4349959.0,1374801830.0
2016-11-24,2837.739525331296,2789.9584717456983,2821.3574498162334,2824.08779573541,13371.0,4946846.0,1374801830.0
2016-11-25,2903.267827391544,2818.17204624386,2903.267827391544,2833.1889487993344,13774.0,3857443.0,1374801830.0
2016-11-28,2874.672004464697,2817.2638694830707,2865.953099829458,2857.7620620719267,17546.0,4459059.0,1374801830.0
2016-11-29,2821.3574498162334,2756.7392630623776,2821.3574498162334,2791.3236447052864,13895.0,3743933.0,1374801830.0
2016-11-30,2803.109728934598,2686.660384470168,2728.525688564216,2721.244766113077,23067.0,7877663.0,1374807240.0
2016-12-01,2776.306742149813,2681.654750285011,2752.6437441836124,2755.829147755986,19364.0,5010309.0,1374807240.0
2016-12-02,2751.7336288772203,2670.7333666083023,2730.3459191770003,2735.351553362158,12218.0,3069709.0,1374807240.0
2016-12-05,2808.160777873544,2689.1541004096835,2760.834781941144,2779.4921457221867,13181.0,4257423.0,1374807240.0
2016-12-06,2770.84605031146,2714.4189013151345,2770.84605031146,2749.913398264436,14085.0,4560717.0,1374807240.0
2016-12-07,2949.4561791909546,2833.1889487993344,2833.1889487993344,2931.936459542902,25447.0,7988449.0,1374807240.0
2016-12-08,3040.24018100359,2914.644268721448,2957.874745775084,2997.9198192563463,25122.0,6452483.0,1374807240.0
2016-12-09,3017.032240690585,2932.268196572082,3017.032240690585,2933.756690155687,14711.0,3990351.0,1374807240.0
2016-12-12,2981.5377437412844,2930.5712865833134,2948.7735927111607,2953.3241692431225,15291.0,4495318.0,1374807240.0
2016-12-13,2941.492670260022,2852.7564278867694,2903.267827391544,2885.9756365700896,14401.0,4957342.0,1374807240.0
2016-12-14,2928.2959983173328,2855.0317161527496,2887.7958671828737,2882.790232997716,12995.0,3486473.0,1374807240.0
2016-12-15,2860.037350337908,2765.840416126301,2855.941831459142,2810.891123792722,19882.0,6299588.0,1374807240.0
2016-12-16,2849.1159666612,2786.7730681733246,2815.89675797788,2813.6214697118985,15060.0,7364630.0,1374807240.0
2016-12-19,2810.653856732345,2753.098801836809,2792.23376001168,2775.8516844966166,12676.0,3764768.0,1374807240.0
2016-12-20,2819.9922768566453,2748.0931676516507,2779.4921457221867,2815.441700324684,12045.0,3620234.0,1374807240.0
2016-12-21,2835.464237065315,2768.570762045478,2832.278833492941,2831.8237758397454,10211.0,2613625.0,1374807240.0
2016-12-22,2817.261930937468,2782.2224916413634,2816.351815631076,2804.065258994779,7913.0,2086743.0,1374807240.0
2016-12-23,2808.160777873544,2768.570762045478,2775.8516844966166,2788.5932987861097,3478.0,894496.0,1374807240.0
2016-12-27,,,,,,,
2016-12-28,2903.267827391544,2838.194582984492,2860.4924079911034,2881.880117691324,12649.0,2939471.0,1374807240.0
2016-12-29,2903.267827391544,2846.385620742022,2846.385620742022,2866.863215135851,8368.0,1899197.0,1374807240.0
2016-12-30,2875.054252893381,2838.649640637688,2855.0317161527496,2874.5991952401846,3699.0,1372219.0,1374821679.0
2017-01-02,,,,,,,
2017-01-03,2906.4532309639167,2847.295736048415,2883.700348304108,2854.576658499554,14720.0,4149503.0,1374821679.0
2017-01-04,2869.593561055028,2775.8516844966166,2867.3182727890467,2830.4586028801573,12591.0,3296748.0,1374821679.0
2017-01-05,2866.863215135851,2791.3236447052864,2866.863215135851,2830.9136605333533,14399.0,5051645.0,1374821679.0
2017-01-06,2837.739525331296,2794.50904827766,2821.3574498162334,2816.806873284272,12073.0,2897098.0,1374821679.0
2017-01-09,2858.217119725123,2815.89675797788,2849.5710243143963,2851.3912549271804,11484.0,3539091.0,1374821679.0
2017-01-10,3012.8093056689254,2887.7958671828737,2889.616097795659,2997.4647616031502,19021.0,5690162.0,1374821679.0
2017-01-11,3072.094216727321,2895.203932742316,2999.740049869132,3045.245815188748,18499.0,4516699.0,1374821679.0
2017-01-12,3156.7349402218088,3063.448121316594,3064.8132942761827,3098.4875606127,21953.0,7178040.0,1374821679.0
2017-01-13,3142.620963061808,3058.8975447846324,3088.021234589188,3110.3190595958,12877.0,4236031.0,1374821679.0
2017-01-16,3183.5833417603826,3116.6898667405458,3148.9989601174734,3174.48218869646,11126.0,2922302.0,1374821679.0
2017-01-17,3162.1956320601626,3099.343069000708,3151.2742483834545,3103.9482524510536,17290.0,4213627.0,1374821679.0
2017-01-18,3184.493457066775,3094.3920417339336,3094.3920417339336,3184.493457066775,17747.0,4751025.0,1374821679.0
2017-01-19,3198.181591274916,3128.114444069005,3152.639421343043,3147.6337871578858,16481.0,4431276.0,1374821679.0
2017-01-20,3159.9022324995854,3080.740312138049,3109.408944289407,3139.89780705355,14274.0,5303868.0,1374821679.0
2017-01-23,3165.836093285732,3086.489173785865,3093.7682487029324,3162.1956320601626,14575.0,3562130.0,1374821679.0
2017-01-24,3315.5500611872703,3093.7682487029324,3230.909337692784,3290.066832608285,26214.0,7653944.0,1374821679.0
2017-01-25,3353.774904055749,3222.354253812696,3331.9321367023326,3253.662220352592,21958.0,5086074.0,1374821679.0
2017-01-26,3322.6900977889804,3206.791282073388,3294.617409140247,3215.8924351373103,19971.0,5149813.0,1374821679.0
2017-01-27,3268.679122908065,3208.156455032975,3208.156455032975,3246.8363555546493,13634.0,3860634.0,1374821679.0
2017-01-30,3245.9262402482573,3177.2125346156363,3245.9262402482573,3186.31368767956,12836.0,3258761.0,1374821679.0
2017-01-31,3246.3812979014533,3177.2125346156363,3190.864264211521,3177.2125346156363,14148.0,4107946.0,1374913719.0
2017-02-01,3236.8250871843343,3191.774379517913,3203.6058785010136,3203.150820847818,12292.0,3029273.0,1374913719.0
2017-02-02,3226.358761160822,3179.194492718367,3199.0553019690524,3199.0553019690524,16620.0,4717921.0,1374913719.0
2017-02-03,3134.4371152151966,3074.369504993302,3126.7011351108613,3085.745946323206,21089.0,5201329.0,1374913719.0
2017-02-06,3126.2460774576657,3057.532371825044,3106.6785983702307,3080.740312138049,20049.0,4357863.0,1374913719.0
2017-02-07,3155.36976726222,3062.1193529692614,3109.8640019426034,3126.2460774576657,17438.0,4704242.0,1374913719.0
2017-02-08,3245.0434284010566,3046.15593049514,3230.909337692784,3073.9144473401066,27514.0,7083430.0,1374913719.0
2017-02-09,3122.584319533926,3013.8468371182125,3117.1449243937423,3078.009966218872,22277.0,5827776.0,1374913719.0
2017-02-10,3256.8476239249653,3141.2629800131385,3148.9989601174734,3251.3869320866115,22148.0,8433831.0,1374913719.0
2017-02-13,3384.263766819892,3036.942742237,3310.9994846553086,3348.7692698705905,30409.0,7196512.0,1374913719.0
2017-02-14,3348.314212217395,3289.156717301893,3317.370291800056,3312.8197152680937,19985.0,4266469.0,1374913719.0
2017-02-15,3351.954673442964,3292.342120874266,3316.460176493663,3326.016387210783,13919.0,3266358.0,1374913719.0
2017-02-16,3332.3871943555287,3290.521890261481,3332.3871943555287,3319.19052241284,16758.0,3732899.0,1374913719.0
2017-02-17,3305.538792816956,3257.302681578162,3287.7915443423044,3275.9600453592043,14246.0,4595238.0,1374913719.0
2017-02-20,3327.8366178235674,3265.948776988888,3319.645580066036,3318.2804071064475,10349.0,2693646.0,1374913719.0
2017-02-21,3383.24656734655,3311.4545423085056,3327.381560170372,3317.825349453252,13555.0,4557070.0,1374913719.0
2017-02-22,3325.1062719043903,3236.8250871843343,3311.4545423085056,3283.696025463539,16142.0,4596051.0,1374913719.0
2017-02-23,3199.510359622248,3103.0381371446606,3167.2012662453203,3110.774117248996,19518.0,5384498.0,1374913719.0
2017-02-24,3093.026868774345,2961.0601493474564,3068.4537555017523,3017.4872983437813,29724.0,6351915.0,1374913719.0
2017-02-27,3064.358236622987,3009.751318239447,3035.234546818432,3040.24018100359,14982.0,3319249.0,1374913719.0
2017-02-28,3019.7625866097624,2980.6276284348914,3003.835568747897,3000.6501651755234,13625.0,4163579.0,1374931981.0
2017-03-01,3104.503422787953,3016.122125384193,3026.133393754508,3099.8527335722874,17325.0,5171863.0,1374884481.0
2017-03-02,3166.7462085921247,3047.0660458015327,3158.100113181397,3052.9817952930825,20184.0,6149132.0,1374837481.0
2017-03-03,3058.4424871314363,2986.9984355796387,3002.470395788308,3039.785123350394,18989.0,5691747.0,1374789781.0
2017-03-06,3018.85247130337,2967.430956492203,3016.122125384193,2976.532109556127,14228.0,3764022.0,1374742041.0
2017-03-07,3045.245815188748,2986.088320273246,2999.740049869132,2993.824300377581,19231.0,4952544.0,1374691591.0
2017-03-08,3051.6166223334944,2959.2399187346728,2989.728781498816,2967.8860141454,18755.0,4728614.0,1374642991.0
2017-03-09,2940.127497300434,2883.2452906509125,2926.020710051352,2914.644268721448,24381.0,6238822.0,1374593991.0
2017-03-10,2958.32980342828,2888.2509248360698,2912.3689804554674,2892.801501368032,20732.0,5140294.0,1374543118.0
2017-03-13,3013.391779465016,2962.425322307045,2976.07705190293,3007.4760299734658,17443.0,4484700.0,1374492891.0
2017-03-14,3021.582817222547,2954.6893422027106,2981.5377437412844,3017.032240690585,20048.0,5950935.0,1374446318.0
2017-03-15,3098.032502959504,3042.970526922767,3065.723409582576,3045.700872841944,16709.0,5440368.0,1374398591.0
2017-03-16,3223.628415241645,3131.2517116428226,3166.7462085921247,3143.993325932316,25848.0,6930146.0,1374398591.0
2017-03-17,3174.48218869646,3087.1111192827952,3094.3920417339336,3143.083210625924,19966.0,12263676.0,1374350191.0
2017-03-20,3158.415923192715,3118.965155006527,3130.7966539896274,3158.100113181397,11742.0,2681050.0,1374258056.0
2017-03-21,3136.7124034811773,3007.931087626662,3126.2460774576657,3027.9536243672937,20806.0,4825590.0,1374211956.0
2017-03-22,3023.858105488528,2932.391517196098,2967.8860141454,3012.0266065054275,24698.0,4840213.0,1374163856.0
2017-03-23,3036.1446621248247,2944.8164113589664,3007.931087626662,2972.891648330557,17359.0,4164467.0,1374115456.0
2017-03-24,3007.931087626662,2954.6893422027106,2980.6276284348914,2964.7006105730256,11585.0,2615796.0,1374066456.0
2017-03-27,2938.7623243408443,2832.733891146138,2907.8184039235057,2850.481139620788,25318.0,6108837.0,1374017356.0
2017-03-28,2944.678073832395,2863.2227539102814,2889.616097795659,2930.5712865833134,19626.0,4728831.0,1373964656.0
2017-03-29,2976.532109556127,2919.649902906606,2957.874745775084,2965.6107258794186,17072.0,3975799.0,1373914956.0
2017-03-30,2994.734415683973,2946.9533620983752,2962.425322307045,2994.2793580307766,12794.0,3331262.0,1373865856.0
2017-03-31,2952.869111589925,2902.812769738348,2948.7735927111607,2921.015075866195,15803.0,4162365.0,1373817256.0
2017-04-03,2963.7904952666345,2897.352077899993,2942.402785566414,2900.0824238191703,15251.0,3579275.0,1373779379.0
2017-04-04,2978.807397822108,2905.088058004329,2911.4588651490744,2971.071417717772,18564.0,4123009.0,1373729079.0
2017-04-05,3036.599719778021,2969.7062447581843,3021.582817222547,2974.2568212901456,19508.0,4182863.0,1373680079.0
2017-04-06,2996.0995886435617,2928.2959983173328,2983.4489858847087,2964.7006105730256,19644.0,6158023.0,1373630779.0
2017-04-07,2962.425322307045,2888.2509248360698,2930.5712865833134,2962.425322307045,18781.0,4873824.0,1373581679.0
2017-04-10,3015.6670677309967,2959.2399187346728,3003.3805110947005,2968.796129451792,15855.0,3370884.0,1373532479.0
2017-04-11,3042.970526922767,2953.3241692431225,2981.5377437412844,2981.0826860880884,22151.0,6552012.0,1373483479.0
2017-04-12,2992.459127417992,2855.0317161527496,2968.341071798596,2862.3126386038884,24654.0,6218982.0,1373434579.0
2017-04-13,2866.863215135851,2804.923716156381,2866.863215135851,2840.4698712504724,21538.0,4332379.0,1373383579.0
2017-04-17,,,,,,,
2017-04-18,2839.394515409052,2732.5299228777503,2780.4022610285783,2733.0762650961774,25257.0,6096976.0,1373331679.0
2017-04-19,2785.8629528669326,2743.542591119689,2764.4752431667134,2758.104436021966,16653.0,4732086.0,1373285399.0
2017-04-20,2807.7057202203487,2749.003282958043,2757.64937836877,2792.23376001168,22272.0,5043705.0,1373232299.0
2017-04-21,2898.762756624902,2778.582030415794,2890.981270755248,2783.587664600952,23530.0,6160914.0,1373179799.0
2017-04-24,2877.784598812558,2817.261930937468,2857.7620620719267,2832.733891146138,17354.0,3944578.0,1373127499.0
2017-04-25,2851.3912549271804,2794.50904827766,2803.1551436883874,2820.9023921630373,12895.0,3882610.0,1373076099.0
2017-04-26,2845.0204477824345,2785.4078952137365,2830.4586028801573,2832.278833492941,16597.0,4409439.0,1373024499.0
2017-04-27,2811.8012390991144,2739.447072240924,2809.5259508331333,2757.64937836877,18715.0,4444276.0,1372973099.0
2017-04-28,2816.351815631076,2784.497779907344,2785.8629528669326,2786.7730681733246,14335.0,3742323.0,1373025832.0
2017-05-01,,,,,,,
2017-05-02,2820.5064920047566,2747.638109998454,2806.795604913956,2772.211223271048,21415.0,4567728.0,1372869432.0
2017-05-03,2760.379724287948,2684.5853215715933,2757.64937836877,2696.2165951872885,24805.0,6131825.0,1372816932.0
2017-05-04,2696.2165951872885,2626.592774248274,2680.2895773254218,2648.43554160169,26367.0,6419423.0,1372762932.0
2017-05-05,2720.3346508066843,2623.4073706759013,2638.4242732313746,2711.2334977427613,22211.0,5127949.0,1372707932.0
2017-05-08,2698.4918834532687,2640.699561497356,2698.4918834532687,2671.1884242614983,15305.0,3955128.0,1372652432.0
2017-05-09,2725.7953426450385,2668.003020689126,2683.474980897795,2701.677287025642,16279.0,4357431.0,1372597932.0
2017-05-10,2728.07063091102,2693.941306921307,2716.694189581115,2710.323382436369,16324.0,3830223.0,1372544032.0
2017-05-11,2772.666280924244,2710.7784400895653,2722.15488141947,2721.244766113077,27571.0,7829437.0,1372490332.0
2017-05-12,2740.357187547316,2689.390730389345,2735.351553362158,2703.0424599852304,17247.0,4032091.0,1372441292.0
2017-05-15,2760.379724287948,2699.420201065789,2730.3459191770003,2748.0931676516507,16395.0,4206855.0,1372325489.0
2017-05-16,2830.9136605333533,2724.43016968545,2748.548225304847,2821.81250746943,24655.0,6313110.0,1372206852.0
2017-05-17,2873.6890799337925,2796.784336543641,2844.565390129238,2817.261930937468,24487.0,6014359.0,1372090852.0
2017-05-18,2825.908026348196,2759.0145513283587,2823.1776804290184,2822.7226227758224,27860.0,6208547.0,1371973352.0
2017-05-19,2892.3464437148355,2798.646396055908,2866.863215135851,2882.790232997716,18986.0,4841124.0,1371859352.0
2017-05-22,2938.3072666876483,2899.1723085127787,2903.267827391544,2922.380248825783,23360.0,5894898.0,1371746852.0
2017-05-23,2941.947727913218,2879.562054005942,2897.8071355531893,2905.5431156575246,19044.0,4354693.0,1371634052.0
2017-05-24,2929.388136685004,2768.570762045478,2914.189211068252,2890.071155448855,18791.0,5188159.0,1371519202.0
2017-05-25,2923.290364132175,2845.4755054356306,2909.183576883094,2880.9700023849314,15679.0,3087755.0,1371405190.0
2017-05-26,2923.745421785371,2874.5991952401846,2885.065521263697,2903.267827391544,16818.0,4360949.0,1371290190.0
2017-05-29,,,,,,,
2017-05-30,2907.8184039235057,2874.5991952401846,2883.700348304108,2896.8970202467976,11164.0,3022419.0,1371175540.0
2017-05-31,2897.352077899993,2822.503284986982,2875.5093105465776,2823.632738082214,24240.0,5535829.0,1371295440.0
2017-06-01,2863.2227539102814,2803.6102013415825,2813.166412058703,2860.4924079911034,20714.0,4533935.0,1370950014.0
2017-06-02,2876.874483506166,2828.183314614176,2875.054252893381,2872.323906974204,19799.0,4667718.0,1370834014.0
2017-06-05,2869.138503401832,2825.908026348196,2868.2283880954383,2833.1889487993344,11660.0,2254425.0,1370718014.0
2017-06-06,2865.498042176262,2806.977627975234,2832.733891146138,2865.498042176262,14743.0,3465283.0,1370601214.0
2017-06-07,2914.189211068252,2831.511560783888,2865.0429845230656,2881.880117691324,17190.0,3850791.0,1370487214.0
2017-06-08,2938.3072666876483,2875.054252893381,2882.33517534452,2934.2117478088826,18877.0,4041612.0,1370373975.0
2017-06-09,3001.105222828719,2824.696753886918,2973.346705983753,2971.071417717772,19784.0,5091490.0,1370261275.0
2017-06-12,2992.6227661500816,2932.391517196098,2955.599457509102,2954.234284549514,16221.0,4318718.0,1370147875.0
2017-06-13,2955.599457509102,2918.284729947017,2948.7735927111607,2928.2959983173328,14557.0,7012149.0,1370033475.0
2017-06-14,2944.678073832395,2860.037350337908,2925.565652398156,2860.037350337908,16788.0,4934003.0,1369919075.0
2017-06-15,2844.110332476042,2769.9359350050668,2841.379986556865,2796.784336543641,22199.0,5402594.0,1369799925.0
2017-06-16,2843.655274822846,2770.390992658264,2807.2506625671526,2770.390992658264,16774.0,7929236.0,1369681025.0
2017-06-19,2828.638372267372,2794.0539906244635,2807.2506625671526,2810.436066139526,16020.0,3483634.0,1369562175.0
2017-06-20,2833.1889487993344,2724.885227338646,2813.166412058703,2730.3459191770003,23203.0,5457063.0,1369439720.0
2017-06-21,2784.042722254148,2717.149247234311,2731.2560344833923,2748.548225304847,20632.0,4591955.0,1369317320.0
2017-06-22,2770.84605031146,2703.0424599852304,2742.6324758132973,2765.385358473105,14378.0,4454805.0,1369194511.0
2017-06-23,2796.3292788904446,2737.46353053756,2775.396626843421,2778.1269727625977,16881.0,4630198.0,1369073761.0
2017-06-26,2816.351815631076,2769.9359350050668,2790.4135293988943,2782.2224916413634,13663.0,3413349.0,1368953861.0
2017-06-27,2899.6273661659748,2821.81250746943,2821.81250746943,2873.234022280597,20856.0,4857860.0,1368837211.0
2017-06-28,2918.7397876002133,2843.655274822846,2878.2396564657543,2871.8688493210084,24664.0,6189345.0,1368722711.0
2017-06-29,2975.621994249734,2877.982457880168,2948.318535057964,2941.947727913218,23001.0,5399990.0,1368668286.0
2017-06-30,3004.7456840542886,2933.301632502491,2946.49830444518,2950.593823323945,18760.0,4832256.0,1368725072.0
2017-07-03,3076.189735606087,2939.6724396472373,2939.6724396472373,3071.1841014209285,24032.0,6071882.0,1368582193.0
2017-07-04,3090.296522855168,3007.4760299734658,3012.4816641586235,3074.824562646498,18468.0,4278240.0,1368529693.0
2017-07-05,3134.4371152151966,3043.8806422291595,3085.29088867001,3067.54364019536,28687.0,6527955.0,1368477306.0
2017-07-06,3080.740312138049,2995.707592879945,3037.9648927376093,3046.610988148336,20056.0,4301699.0,1368424456.0
2017-07-07,3077.09985091248,3032.0491432460594,3046.15593049514,3059.8076600910254,15318.0,2857155.0,1368371266.0
2017-07-10,3097.577445306307,3003.3805110947005,3065.723409582576,3093.026868774345,18092.0,4814579.0,1368318061.0
2017-07-11,3139.89780705355,3046.3106500972267,3101.672964185072,3117.5999820469383,16360.0,4323510.0,1368265786.0
2017-07-12,3154.914709609024,3105.7684830638377,3139.89780705355,3142.6281529727275,20474.0,5672333.0,1368214056.0
2017-07-13,3175.919442788313,3101.217906531876,3138.9876917471584,3112.5943478617805,16500.0,4333828.0,1368162556.0
2017-07-14,3163.515299254432,3113.5044631681726,3136.257345827981,3138.077576440766,15345.0,3646430.0,1368111556.0
2017-07-17,3191.3193218647166,3145.416746271513,3153.094478996239,3160.3754014473784,17420.0,3970257.0,1368061056.0
2017-07-18,3141.2156540172064,3086.6560616295988,3138.9876917471584,3138.077576440766,17794.0,4711207.0,1368016456.0
2017-07-19,3161.740574406966,3111.229174902192,3120.499882447696,3136.7124034811773,17441.0,3759765.0,1367965356.0
2017-07-20,3139.89780705355,3067.088582542164,3135.347230521588,3081.1953697912445,24928.0,5934403.0,1367913856.0
2017-07-21,3101.217906531876,3047.521103454728,3079.8301968316564,3051.6166223334944,16681.0,4140231.0,1367861856.0
2017-07-24,3064.358236622987,3004.7456840542886,3048.886276414317,3025.223278448116,17725.0,5322193.0,1367809256.0
2017-07-25,3168.1113815517124,3052.5267376398865,3053.4368529462786,3162.650689713359,20811.0,5458898.0,1367757756.0
2017-07-26,3192.229437171109,3138.9876917471584,3179.487822881617,3148.9989601174734,21254.0,4850240.0,1367707256.0
2017-07-27,3199.510359622248,3143.53826827912,3157.189997875005,3181.7631111475976,21359.0,4202628.0,1367657006.0
2017-07-28,3203.4497937259675,3123.060673885292,3143.53826827912,3189.0440335987364,16862.0,4111371.0,1367606846.0
2017-07-31,3266.403834642085,3198.600244315856,3240.9206060630995,3203.6058785010136,18718.0,5115540.0,1367660662.0
2017-08-01,3224.9935882012333,3165.836093285732,3222.2632422820566,3187.223802985952,15983.0,3645880.0,1367660662.0
2017-08-02,3139.442749400354,3077.933516533135,3117.1449243937423,3097.1223876531108,19358.0,4947462.0,1367660662.0
2017-08-03,3175.847361656048,3065.2683519293787,3106.223540717034,3173.1170157368706,19727.0,5111061.0,1367660662.0
2017-08-04,3255.4824509653763,3101.031787951719,3169.931612164497,3227.2688764672143,18331.0,4924592.0,1367063006.0
2017-08-07,3316.91523414686,3118.527544263754,3250.021759127023,3310.089369348917,19398.0,5215647.0,1366794951.0
2017-08-08,3304.1736198573667,3253.662220352592,3253.662220352592,3299.167985672209,19164.0,4828996.0,1366535351.0
2017-08-09,3302.353389244581,3205.307794123967,3277.7802759719893,3275.5049877060083,22257.0,4712248.0,1366269351.0
2017-08-10,3225.4486458544297,3148.088844811081,3190.4092065583254,3166.7462085921247,16491.0,3457690.0,1365995751.0
2017-08-11,3089.8414652019724,2962.880379960241,3030.6839702864704,3067.088582542164,27392.0,6219134.0,1365719251.0
2017-08-14,3165.3426287666057,3067.088582542164,3071.639159074125,3106.223540717034,16479.0,4317999.0,1365433451.0
2017-08-15,3091.6616958147565,3052.5267376398865,3078.465023872068,3072.094216727321,13227.0,3365230.0,1365151451.0
2017-08-16,3164.92597797934,3100.7628488786804,3108.0437713298184,3145.358498891904,15341.0,3387626.0,1364863351.0
2017-08-17,3165.836093285732,3108.953886636211,3151.7293060366505,3121.2404432725075,12634.0,2813723.0,1364583351.0
2017-08-18,3163.5608050197507,3073.9144473401066,3126.2460774576657,3121.2404432725075,19171.0,4413156.0,1364300551.0
2017-08-21,3172.6619580836746,3125.791019804469,3138.077576440766,3144.903441238708,16437.0,3376317.0,1364014885.0
2017-08-22,3240.465548409903,3126.0276497841314,3185.4035723731668,3221.353126975664,18501.0,4662503.0,1363734585.0
2017-08-23,3298.257870365816,3180.397938188009,3215.4373774841138,3290.066832608285,18926.0,4568645.0,1363462785.0
2017-08-24,3327.381560170372,3229.5987716515783,3317.370291800056,3317.825349453252,17422.0,4614468.0,1363180550.0
2017-08-25,3406.106534173308,3321.0107530256246,3321.0107530256246,3331.9321367023326,20176.0,4627065.0,1362921250.0
2017-08-28,,,,,,,
2017-08-29,3332.8422520087247,3260.4880851505345,3298.257870365816,3332.3871943555287,19908.0,6766207.0,1362668250.0
2017-08-30,3362.876057119672,3320.5556953724285,3359.2355958941025,3348.314212217395,13929.0,4381625.0,1362413250.0
2017-08-31,3431.1347050990967,3347.979435403091,3362.876057119672,3409.746995398877,18466.0,5440513.0,1362675170.0
2017-09-01,3444.331377041786,3411.1121683584656,3431.1347050990967,3421.5784943819776,12771.0,3337428.0,1361917070.0
2017-09-04,3415.207687237232,3379.2581326347336,3388.359285698657,3399.735727028562,9036.0,2379418.0,1361669070.0
2017-09-05,3426.584128567135,3353.3198464025527,3409.291937745681,3363.3311147728687,14980.0,3903478.0,1361419070.0
2017-09-06,3383.808709166696,3317.1232865059,3351.954673442964,3368.336748958026,14759.0,3802454.0,1361167978.0
2017-09-07,3398.825611722169,3359.2355958941025,3370.6120372240066,3381.533420900715,12449.0,3102968.0,1360918191.0
2017-09-08,3362.876057119672,3275.231725585264,3360.600768853691,3276.870160665597,19387.0,5947828.0,1360670191.0
2017-09-11,3353.774904055749,3276.578923767552,3303.7185622041707,3347.4040969110024,14109.0,4671966.0,1360415191.0
2017-09-12,3386.820826784732,3335.5725979279023,3349.224327523787,3358.7805382409065,14084.0,6531647.0,1360165691.0
2017-09-13,3348.314212217395,3283.2409678103427,3345.1288086450213,3298.7129280190125,16397.0,5099765.0,1359919209.0
2017-09-14,3272.7746417868307,3180.397938188009,3265.948776988888,3185.4035723731668,20698.0,7220790.0,1359667106.0
2017-09-15,3208.156455032975,3133.982057562,3185.8586300263632,3142.1730953195315,19694.0,11341238.0,1359407106.0
2017-09-18,3185.4035723731668,3139.442749400354,3171.7518427772816,3185.4035723731668,12001.0,4156665.0,1359148509.0
2017-09-19,3210.8868009521525,3164.470920326144,3189.9541489051285,3201.785647888229,16959.0,4127746.0,1358893009.0
2017-09-20,3201.785647888229,3158.5551708345934,3183.5833417603826,3191.774379517913,16485.0,3669905.0,1358638709.0
2017-09-21,3172.2471275270204,3120.3303279661154,3143.53826827912,3154.004594302632,20672.0,7289365.0,1358383309.0
2017-09-22,3199.0553019690524,3116.6898667405458,3136.7124034811773,3185.4035723731668,18160.0,4583397.0,1358123309.0
2017-09-25,3179.032765228421,3124.4258468448807,3178.5777075752244,3127.156192764058,12431.0,3593791.0,1357867809.0
2017-09-26,3167.6563238985163,3105.7684830638377,3142.6281529727275,3109.8640019426034,14665.0,3522038.0,1357604509.0
2017-09-27,3184.038399413578,3109.8640019426034,3148.9989601174734,3116.6898667405458,16364.0,4103493.0,1357340609.0
2017-09-28,3123.9707891916846,3070.911066829012,3104.858367757445,3109.8640019426034,16962.0,5062736.0,1357077809.0
2017-09-29,3173.1170157368706,3129.7161650978783,3143.53826827912,3160.8304591005744,14103.0,4069668.0,1356812809.0
2017-10-02,3235.9149718779413,3179.032765228421,3186.31368767956,3233.1846259587646,14532.0,4077162.0,1356560163.0
2017-10-03,3277.325218318793,3225.903703507626,3230.909337692784,3267.3139499484773,13994.0,3228048.0,1356304163.0
2017-10-04,3328.2629886423056,3251.841989739807,3256.8476239249653,3286.881429035913,13429.0,3635474.0,1356050384.0
2017-10-05,3352.40973109616,3276.4151030124003,3279.600506584773,3345.583866298218,12680.0,3087038.0,1355798184.0
2017-10-06,3376.527786715557,3285.516256076324,3356.5052499749254,3376.527786715557,11974.0,4708230.0,1355549784.0
2017-10-09,3360.145711200495,3295.982582099836,3358.325480587711,3300.988216284993,15879.0,4758340.0,1355300084.0
2017-10-10,3358.325480587711,3263.218431069712,3306.448908123347,3285.516256076324,14853.0,4816141.0,1355046084.0
2017-10-11,3292.342120874266,3242.740836675884,3280.9656795443625,3248.201528514238,14889.0,6474400.0,1354792484.0
2017-10-12,3277.7802759719893,3242.890732666847,3260.943142803731,3259.1229121909464,11444.0,2999742.0,1354534582.0
2017-10-13,3373.8451308384347,3270.044295867653,3275.5049877060083,3356.960307628122,18321.0,4755831.0,1354536082.0
2017-10-16,3463.4437984760248,3373.79744079638,3412.93239897125,3383.808709166696,19535.0,5107306.0,1354031482.0
2017-10-17,3407.926764786093,3365.1513453856523,3385.62893977948,3376.072729062361,18189.0,5205035.0,1353757200.0
2017-10-18,3395.1851504966,3270.044295867653,3368.336748958026,3275.5049877060083,19343.0,5155464.0,1353503100.0
2017-10-19,3294.162351487051,3223.1733575884487,3273.684757093224,3276.870160665597,18810.0,4641413.0,1353243100.0
2017-10-20,3355.140077015337,3252.297047393003,3331.022021395941,3276.4151030124003,14832.0,3851153.0,1352986100.0
2017-10-23,3295.52752444664,3243.1958943290806,3290.9769479146785,3263.673488722908,13041.0,2417979.0,1352726300.0
2017-10-24,3301.44327393819,3244.5610672886687,3301.44327393819,3267.3139499484773,16537.0,3477723.0,1352464800.0
2017-10-25,3260.4880851505345,3169.021496858105,3253.207162699396,3182.2181688007936,19893.0,4014191.0,1352207363.0
2017-10-26,3264.5836040293,3185.8586300263632,3186.31368767956,3245.0161249418647,18892.0,3866903.0,1351944863.0
2017-10-27,3235.004856571549,3163.1057473665546,3167.2012662453203,3235.004856571549,19405.0,5129871.0,1351679163.0
2017-10-30,3254.117278005788,3193.2305640081413,3219.5328963628795,3243.6509519822766,14601.0,3962258.0,1351417213.0
2017-10-31,3243.161947028152,3193.594610130698,3219.9879540160755,3229.5441647331954,12194.0,2707192.0,1351681057.0
2017-11-01,3356.960307628122,3224.6143977599786,3267.3139499484773,3324.1961565979977,22563.0,5712246.0,1350903177.0
2017-11-02,3412.0222836648577,3326.471444863979,3331.022021395941,3407.0166494797,21009.0,5412729.0,1350649286.0
2017-11-03,3435.2302239778624,3364.2412300792607,3406.5615918265044,3390.1795163114416,13722.0,2616568.0,1350396936.0
2017-11-06,3464.3539137824177,3398.9715942173148,3411.1121683584656,3434.3201086714707,12398.0,2688404.0,1350396936.0
2017-11-07,3487.106796442225,3385.173882126284,3444.7864346949823,3397.9154964157774,17043.0,4698877.0,1350396936.0
2017-11-08,3447.9718382673555,3401.5559576413466,3423.3987249947622,3433.8650510182742,14698.0,3608130.0,1350396936.0
2017-11-09,3452.9774724525128,3324.1961565979977,3444.7864346949823,3347.4040969110024,19830.0,4979865.0,1350396936.0
2017-11-10,3386.994112739069,3347.4040969110024,3369.246864264418,3362.876057119672,12738.0,2866978.0,1350396936.0
2017-11-13,3412.0222836648577,3326.471444863979,3402.011015294542,3366.516518345241,15121.0,3527899.0,1350143452.0
2017-11-14,3356.960307628122,3265.4937193356923,3353.774904055749,3269.134180561262,20995.0,5798905.0,1349885231.0
2017-11-15,3243.1958943290806,3167.6563238985163,3203.6058785010136,3240.465548409903,24220.0,5889845.0,1349620098.0
2017-11-16,3266.8588922952813,3198.1451866626594,3254.117278005788,3229.9992223863915,16944.0,7434798.0,1349357428.0
2017-11-17,3241.3756637162955,3183.128284107186,3230.909337692784,3227.2688764672143,17071.0,3814892.0,1349094141.0
2017-11-20,3239.100375450315,3187.4759049258223,3220.8980693224685,3228.634049426803,14610.0,3045132.0,1348831126.0
2017-11-21,3272.319584133634,3187.4759049258223,3239.100375450315,3251.841989739807,15929.0,4951095.0,1348569953.0
2017-11-22,3317.370291800056,3187.4759049258223,3258.2127968845534,3306.448908123347,18895.0,4359166.0,1348221953.0
2017-11-23,3348.7692698705905,3187.4759049258223,3282.785910157146,3334.6624826215093,10675.0,2163252.0,1347874478.0
2017-11-24,3347.7453901509,3187.4759049258223,3321.920868332017,3326.471444863979,12056.0,2800415.0,1347546478.0
2017-11-27,3354.229961708945,3276.4151030124003,3303.7185622041707,3286.426371382716,15504.0,3134589.0,1347219478.0
2017-11-28,3334.6624826215093,3234.549798918353,3276.4151030124003,3262.763373416516,16075.0,4979732.0,1346883478.0
2017-11-29,3354.002432882347,3187.4759049258223,3246.3812979014533,3201.785647888229,17603.0,3352291.0,1346546998.0
2017-11-30,3354.002432882347,3174.48218869646,3192.229437171109,3186.768745332756,18353.0,5955433.0,1346209366.0
2017-12-01,3240.465548409903,3152.639421343043,3179.032765228421,3187.223802985952,20252.0,5194038.0,1345874758.0
2017-12-04,3261.853258110123,3205.4261091137982,3233.63968361196,3221.80818462886,20594.0,4367688.0,1345537680.0
2017-12-05,3215.4373774841138,3148.088844811081,3213.162089218133,3156.7349402218088,19977.0,4278925.0,1345198380.0
2017-12-06,3185.4035723731668,3093.4819264275416,3109.408944289407,3184.038399413578,20619.0,4937667.0,1344856987.0
2017-12-07,3163.5608050197507,3100.307791225484,3115.7797514341537,3131.2517116428226,21463.0,7871689.0,1344511717.0
2017-12-08,3174.48218869646,3113.5044631681726,3139.89780705355,3156.7349402218088,15980.0,3840373.0,1344511717.0
2017-12-11,3235.004856571549,3141.2629800131385,3151.2742483834545,3219.9879540160755,18058.0,4394856.0,1343824014.0
2017-12-12,3229.5441647331954,3178.1226499220274,3212.707031564937,3222.718299935253,19400.0,5457043.0,1343484014.0
2017-12-13,3242.740836675884,3197.690129009464,3218.622781056487,3228.1789917736064,16940.0,5221959.0,1343150014.0
2017-12-14,3272.7746417868307,3216.802550443703,3216.802550443703,3241.830721369492,16677.0,10065850.0,1342816014.0
2017-12-15,3298.7129280190125,3221.80818462886,3235.9149718779413,3298.7129280190125,21717.0,8227159.0,1342489684.0
2017-12-18,3352.864788749356,3307.35902342974,3320.100637719232,3341.943405072648,16316.0,2920443.0,1342427384.0
2017-12-19,3353.774904055749,3309.1792540425245,3350.1344428301795,3316.91523414686,19058.0,4813288.0,1342366304.0
2017-12-20,3376.527786715557,3332.8422520087247,3343.763635685433,3376.527786715557,12453.0,3226641.0,1342292297.0
2017-12-21,3434.7751663246663,3379.71319028793,3380.1682479411265,3433.8650510182742,12354.0,2827927.0,1342220297.0
2017-12-22,3439.325742856628,3409.746995398877,3435.685281631059,3409.746995398877,6019.0,1173915.0,1342185797.0
2017-12-27,3485.286565829441,3431.1347050990967,3431.1347050990967,3457.9831066376714,13605.0,3343342.0,1342056797.0
2017-12-28,3513.955197980799,3458.438164290867,3458.438164290867,3511.224852061622,10457.0,2371563.0,1341925838.0
2017-12-29,3587.674537798578,3503.033814304092,3518.505774512761,3587.674537798578,8607.0,2344426.0,1342057937.0
2018-01-02,3629.9948995458217,3506.674275529661,3589.039710758167,3629.9948995458217,18135.0,4118285.0,1341671878.0
2018-01-03,3635.000533730981,3597.230748515697,3604.05661331364,3628.174668933037,22006.0,3623295.0,1341548178.0
2018-01-04,3643.646629141707,3594.045344943325,3640.4612255693337,3628.174668933037,18771.0,4540247.0,1341423778.0
2018-01-05,3635.910649037372,3585.399249532598,3623.1690347478793,3603.601555660444,17374.0,3086031.0,1341299778.0
2018-01-08,3674.590549559046,3592.138380341841,3614.067881683956,3674.590549559046,16380.0,3771372.0,1341174978.0
2018-01-09,3730.5626409021743,3695.750730432668,3701.8940087508167,3726.012064370213,22258.0,5007291.0,1341052778.0
2018-01-10,3726.012064370213,3685.726720448063,3697.343432218855,3721.4614878382513,17094.0,4979053.0,1340931946.0
2018-01-11,3792.90553939005,3717.365968959486,3727.8322949829976,3791.085308777265,20064.0,4765923.0,1340810946.0
2018-01-12,3798.366231228404,3746.9447164172366,3776.978521528183,3795.1808276560296,17829.0,4229279.0,1340692046.0
2018-01-15,3812.928076130681,3767.877368464261,3810.6527878647,3797.456115922011,9143.0,2332626.0,1340574646.0
2018-01-16,3787.444847551696,3662.3039929227502,3765.147022545084,3682.781587316577,22696.0,4681822.0,1340458346.0
2018-01-17,3703.714239363601,3639.0960526097456,3655.933185778004,3644.556744448099,18275.0,4215271.0,1340338146.0
2018-01-18,3681.871472010185,3623.1690347478793,3645.921917407688,3649.107320980061,15418.0,4030658.0,1340217146.0
2018-01-19,3696.888374565658,3648.1972056736686,3662.3039929227502,3655.478128124808,12245.0,2933618.0,1340096846.0
2018-01-22,3663.2141082291423,3606.7869592328175,3628.174668933037,3639.5511102629416,16812.0,3996119.0,1339976346.0
2018-01-23,3630.905014852215,3555.8205020748464,3622.2589194414873,3586.764422492186,23267.0,4513704.0,1339856346.0
2018-01-24,3605.876843926425,3566.2868280983585,3595.4105179029134,3566.2868280983585,17344.0,3700069.0,1339735046.0
2018-01-25,3596.775690862502,3559.916020953612,3578.573384734655,3583.579018919813,15612.0,2856063.0,1339614846.0
2018-01-26,3593.590287290129,3529.427158189469,3585.854307185793,3588.1295954517745,13492.0,3007913.0,1339495846.0
2018-01-29,3677.320895478224,3588.1295954517745,3614.522939337152,3662.759050575946,17356.0,4618385.0,1339376046.0
2018-01-30,3645.466859754492,3585.854307185793,3606.7869592328175,3601.326267394464,15827.0,3935527.0,1339257646.0
2018-01-31,3595.4105179029134,3519.8709474723496,3564.9216551387703,3569.472231670731,14787.0,4121228.0,1339465847.0
2018-02-01,3618.6184582159176,3562.6463668727893,3563.1014245259853,3575.843038815478,16596.0,3881158.0,1339102368.0
2018-02-02,3611.337535764779,3533.5226770682343,3595.865575556109,3550.8148678896887,19812.0,4095376.0,1338982568.0
2018-02-05,3589.494768411363,3494.8427765465603,3520.3260051255456,3547.629464317316,23986.0,4960293.0,1338860968.0
2018-02-06,3594.9554602497174,3386.083997432677,3422.943667341566,3499.3933530785216,38286.0,6879643.0,1338738368.0
2018-02-07,3613.157766377564,3480.735989297479,3611.337535764779,3531.7024464554497,27305.0,6176391.0,1338613068.0
2018-02-08,3494.8427765465603,3412.93239897125,3486.651738789029,3419.3032061159965,30431.0,6601591.0,1338380768.0
2018-02-09,3492.56748828058,3416.5728601968194,3426.584128567135,3447.9718382673555,29768.0,6111631.0,1338146768.0
2018-02-12,3568.5621163643395,3513.045082674407,3513.955197980799,3545.354176051336,22587.0,4658646.0,1347377567.0
2018-02-13,3617.7083429095255,3542.623830132158,3559.460963300416,3599.506036781678,18861.0,4035156.0,1337688923.0
2018-02-14,3679.141126091008,3563.1014245259853,3623.1690347478793,3664.1242235355344,24695.0,5420671.0,1337464923.0
2018-02-15,3783.8043863261264,3716.0007959998975,3741.9390822320793,3754.680696521572,27500.0,5354755.0,1337464923.0
2018-02-16,3778.7987521409686,3720.096314878663,3776.068406221791,3733.292986821352,20408.0,5152343.0,1337041390.0
2018-02-19,3736.478390393725,3604.015840147914,3728.287352636194,3690.517567420912,16288.0,3847824.0,1336827210.0
2018-02-20,3691.8827403805008,3598.595921475287,3676.8658378250266,3631.815130158607,20380.0,4481229.0,1336560110.0
2018-02-21,3655.0230704716114,3583.1239612666163,3601.326267394464,3655.0230704716114,21321.0,5937760.0,1336292112.0
2018-02-22,3671.4051459866737,3573.1126928963013,3609.517305151994,3661.393877616357,19106.0,4147437.0,1336025112.0
2018-02-23,3667.764684761104,3620.438688828702,3659.118589350377,3641.826398528922,12696.0,2381592.0,1335757112.0
2018-02-26,3710.9951618147393,3649.562378633257,3667.309627107908,3698.708605178442,13918.0,2809215.0,1335488112.0
2018-02-27,3719.641257225466,3644.430511455103,3700.528835791228,3683.6917026229694,19102.0,3995469.0,1335223112.0
2018-02-28,3683.900938131909,3564.4665974855743,3647.742148020473,3573.1126928963013,25548.0,7235046.0,1344954011.0
2018-03-01,3489.382084708206,3424.763897954351,3481.191046950676,3440.6909158162166,25587.0,4904074.0,1334680622.0
2018-03-02,3425.218955607547,3305.083735163759,3422.4886096883697,3311.4545423085056,26565.0,5821136.0,1334389130.0
2018-03-05,3374.7075561027723,3305.538792816956,3312.8197152680937,3362.876057119672,20976.0,4958643.0,1334093030.0
2018-03-06,3446.151607654571,3387.4491703922654,3406.5615918265044,3411.1121683584656,20501.0,4626510.0,1333797199.0
2018-03-07,3421.5784943819776,3326.926502517175,3377.43790202195,3404.286303560524,20167.0,4608771.0,1333506999.0
2018-03-08,3404.74136121372,3342.3984627258446,3386.083997432677,3361.055826506888,19263.0,3865073.0,1333215999.0
2018-03-09,3415.207687237232,3299.623043325405,3327.8366178235674,3391.544689271031,17282.0,3569097.0,1332921189.0
2018-03-12,3399.735727028562,3343.763635685433,3396.5503234561884,3379.71319028793,16228.0,2998032.0,1332627389.0
2018-03-13,3420.213321422389,3363.7861724260647,3364.2412300792607,3381.533420900715,16854.0,4164355.0,1332338389.0
2018-03-14,3441.601031122609,3352.864788749356,3414.752629584036,3382.898593860303,19396.0,4455405.0,1332046389.0
2018-03-15,3437.5055122438434,3381.988478553911,3393.819977537012,3401.10089998815,14926.0,4533248.0,1331754389.0
2018-03-16,3452.5224147993167,3386.083997432677,3406.106534173308,3399.280669375365,14998.0,6752738.0,1331464389.0
2018-03-19,3374.2524984495767,3283.2409678103427,3368.791806611222,3286.881429035913,18916.0,4287721.0,1331172171.0
2018-03-20,3349.224327523787,3298.7129280190125,3306.903965776543,3329.656848436352,16354.0,4188937.0,1330913671.0
2018-03-21,3398.370554068973,3289.156717301893,3316.460176493663,3381.0783632475186,18613.0,4114377.0,1330658171.0
2018-03-22,3407.978186300904,3226.358761160822,3358.7805382409065,3261.853258110123,24468.0,5440138.0,1330407671.0
2018-03-23,3271.864526480439,3197.235071356268,3223.1733575884487,3245.9262402482573,23914.0,4724864.0,1330146371.0
2018-03-26,3271.409468827243,3204.515993807406,3250.021759127023,3218.167723403291,15836.0,3480744.0,1329887300.0
2018-03-27,3321.920868332017,3248.656586167434,3288.7016596486965,3275.9600453592043,18287.0,5315664.0,1329626900.0
2018-03-28,3234.094741265157,3171.7518427772816,3224.538530548037,3206.3362244201903,17133.0,4004700.0,1329369600.0
2018-03-29,3318.2804071064475,3212.707031564937,3222.718299935253,3286.426371382716,17101.0,4769882.0,1329626900.0
2018-04-03,3346.038923951414,3279.600506584773,3338.7580015002745,3304.1736198573667,20397.0,4602824.0,1328847700.0
2018-04-04,3282.785910157146,3191.774379517913,3281.875794850754,3219.9879540160755,20579.0,5087551.0,1328590800.0
2018-04-05,3330.566963742744,3263.673488722908,3278.235333625185,3317.825349453252,15309.0,3800554.0,1328327900.0
2018-04-06,3279.145448931577,3228.1789917736064,3279.145448931577,3240.010490756707,13344.0,3195301.0,1328071559.0
2018-04-09,3285.516256076324,3206.791282073388,3271.864526480439,3276.870160665597,16822.0,4193569.0,1327810259.0
2018-04-10,3392.4548045774227,3345.583866298218,3371.977210183595,3378.348017328342,20615.0,4961638.0,1327552659.0
2018-04-11,3402.9211306009342,3335.208551805345,3365.6064030388493,3386.994112739069,18741.0,4287453.0,1327303659.0
2018-04-12,3412.93239897125,3343.763635685433,3385.173882126284,3412.93239897125,16233.0,4021518.0,1327055859.0
2018-04-13,3480.735989297479,3404.310694650734,3453.8875877589053,3444.7864346949823,14691.0,4238085.0,1326810359.0
2018-04-16,3457.5280489844745,3393.819977537012,3427.9493015267244,3394.730092843404,13606.0,3317072.0,1326567886.0
2018-04-17,3451.1572418397286,3388.814343351853,3414.752629584036,3435.685281631059,16636.0,3840585.0,1326322786.0
2018-04-18,3626.354438320253,3458.438164290867,3458.438164290867,3619.5285735223097,24215.0,6578047.0,1326160078.0
2018-04-19,3670.49503068028,3577.201567933329,3670.49503068028,3596.775690862502,25562.0,5424938.0,1325933933.0
2018-04-20,3645.011802101296,3594.9554602497174,3612.2476510711713,3628.629726586233,12051.0,3673702.0,1325701142.0
2018-04-23,3668.7430587154754,3535.797965334215,3635.910649037372,3593.590287290129,21465.0,4857247.0,1325466842.0
2018-04-24,3632.2701878118014,3533.5226770682343,3540.348541866177,3617.2532852563295,15891.0,3718386.0,1325228942.0
2018-04-25,3590.404883717755,3518.050716859565,3554.000271462062,3571.2924622835167,16808.0,3894260.0,1324992942.0
2018-04-26,3617.7083429095255,3522.6012933915263,3549.4496949301,3592.6801719837363,15716.0,4249011.0,1324751542.0
2018-04-27,3627.719611279841,3562.191309219593,3567.652001057947,3620.438688828702,13821.0,3250126.0,1324513342.0
2018-04-30,3639.0960526097456,3591.314999024148,3630.905014852215,3591.314999024148,12003.0,3634126.0,1324274642.0
2018-05-01,3614.977996990349,3554.4553291152583,3569.472231670731,3562.6463668727893,9950.0,2812528.0,1324033642.0
2018-05-02,3671.4051459866737,3605.876843926425,3605.876843926425,3666.854569454712,16322.0,4116046.0,1323787442.0
2018-05-03,3708.719873548759,3626.354438320253,3676.8658378250266,3640.4612255693337,17033.0,4084709.0,1323548342.0
2018-05-04,3709.174931201955,3655.933185778004,3676.410780171831,3708.719873548759,13556.0,3755016.0,1323306442.0
2018-05-07,,,,,,,
2018-05-08,3720.5513725318574,3650.472493939649,3704.169297016797,3662.3039929227502,16143.0,5407884.0,1323069542.0
2018-05-09,3756.045869481161,3667.764684761104,3682.326529663381,3756.045869481161,17534.0,4186488.0,1322828742.0
2018-05-10,3820.732314882995,3752.860465908787,3771.51782968983,3819.298883275428,13828.0,2694008.0,1322594611.0
2018-05-11,3872.5406286993793,3822.4842868478,3827.034863379762,3844.327054201217,16045.0,4128435.0,1322366123.0
2018-05-14,3866.6248792078286,3830.6753246053313,3846.1472848140015,3859.7990144098862,14655.0,3180557.0,1322137218.0
2018-05-15,3866.6248792078286,3807.0123266391306,3812.017960824289,3849.3326883863742,16882.0,3550738.0,1321910018.0
2018-05-16,3971.743197096143,3862.529360329063,3866.6248792078286,3959.00158280665,21644.0,6236868.0,1321680518.0
2018-05-17,3994.041022102756,3902.1193761571294,3971.2881394429473,3965.827447604593,20848.0,3917267.0,1321457218.0
2018-05-18,3968.102735870575,3923.9621435105455,3963.097101685416,3949.9004297427273,19028.0,4011272.0,1321234518.0
2018-05-21,4011.33321292421,3914.405932793426,3938.068930759627,3999.956771594306,16576.0,3237924.0,1321009518.0
2018-05-22,4030.445634358448,3942.164449638392,3983.574696079243,4018.159077722152,20801.0,3999557.0,1320787218.0
2018-05-23,3980.8443501600655,3881.6417817633023,3968.102735870575,3890.742934827225,27217.0,7117778.0,1320521873.0
2018-05-24,3954.451006274689,3859.7990144098862,3915.3160480998185,3860.7091297162783,20472.0,4891618.0,1320286273.0
2018-05-25,3893.473280746403,3838.866362362863,3886.192358295264,3880.276608803714,17382.0,3271396.0,1320046603.0
2018-05-28,,,,,,,
2018-05-29,3893.928338399599,3829.310151645743,3841.1416506288433,3836.136016443685,19637.0,4030493.0,1319816377.0
2018-05-30,3878.456378190929,3791.540366430461,3791.995424083657,3878.456378190929,15605.0,3700489.0,1319578377.0
2018-05-31,3928.5127200425054,3844.782111854413,3910.765471567856,3858.8888991034937,16728.0,4609748.0,1319826383.0
2018-06-01,3939.4341037192153,3858.8888991034937,3881.6417817633023,3906.214895035895,14198.0,2860285.0,1319589383.0
2018-06-04,3946.7150261703546,3906.214895035895,3936.2487001468426,3929.4228353489,10818.0,2318179.0,1319353383.0
2018-06-05,3976.7488312813,3899.3890302379527,3912.585702180642,3957.6364098470617,14255.0,3235083.0,1319117383.0
2018-06-06,4089.060409314443,3985.394926692029,4001.321944553894,4088.237956314362,21713.0,5615875.0,1318889683.0
2018-06-07,4132.8336063275865,4050.013113445884,4095.5188787655006,4050.013113445884,21246.0,4150948.0,1318663683.0
2018-06-08,4069.1255348801214,3986.3050419984206,4009.057924658228,4022.709654254113,18395.0,3319608.0,1318663683.0
2018-06-11,4070.490707839712,3981.7544654664575,4021.799538947722,4021.799538947722,18603.0,3390964.0,1317728260.0
2018-06-12,4023.1647119073095,3978.114004240889,4004.507348126267,3990.400560877186,16289.0,3184239.0,1317496760.0
2018-06-13,4013.1534435369936,3942.164449638392,3972.653312402535,4001.7770022070895,16718.0,5234909.0,1317266760.0
2018-06-14,4019.52425068174,3929.4228353489,3964.007216991808,4006.327578739052,15883.0,6686112.0,1317036760.0
2018-06-15,4013.1534435369936,3840.2315353224512,3994.496079755952,3840.2315353224512,20215.0,9469781.0,1316799160.0
2018-06-18,3884.8271853356746,3825.2146327669775,3865.25970624824,3875.270974618556,17403.0,2900571.0,1316556660.0
2018-06-19,3790.630251124068,3727.377237329802,3776.978521528183,3749.6750623364137,27089.0,6172597.0,1316308660.0
2018-06-20,3858.051593021613,3749.6750623364137,3781.529098060144,3751.040235296002,21423.0,3981917.0,1316059660.0
2018-06-21,3823.394402154193,3730.107583248978,3823.394402154193,3733.748044474548,15046.0,2835524.0,1315810460.0
2018-06-22,3826.12474807337,3760.1413883599257,3768.787483770652,3806.102211332739,14093.0,2636366.0,1315562460.0
2018-06-25,3795.6358853092265,3673.225376599458,3778.7987521409686,3679.141126091008,14079.0,2808169.0,1315311660.0
2018-06-26,3750.13011998961,3688.697336808128,3704.169297016797,3736.933448046921,17322.0,3342537.0,1315059660.0
2018-06-27,3842.961881241628,3718.276084265879,3767.877368464261,3810.197730211504,22470.0,4403109.0,1314809440.0
2018-06-28,3845.688777823793,3760.1413883599257,3789.26507816448,3807.922441945524,19412.0,3766272.0,1314600940.0
2018-06-29,3908.03512564868,3812.017960824289,3881.1867241101054,3823.394402154193,19818.0,4367053.0,1314396440.0
2018-07-02,3757.8661000939446,3700.0737781380312,3753.315523561983,3700.0737781380312,22073.0,4477678.0,1314848931.0
2018-07-03,3770.607714383437,3666.3995118015146,3695.068143952874,3693.702970993285,33103.0,6423566.0,1314637351.0
2018-07-04,3687.332163848539,3596.093104382708,3683.6917026229694,3609.517305151994,15572.0,2776351.0,1314422351.0
2018-07-05,3692.337798033697,3607.242016886014,3607.242016886014,3674.590549559046,16322.0,2805033.0,1314209001.0
2018-07-06,3729.652525595783,3642.2814561821183,3686.4220485421465,3705.079412323189,15271.0,2890780.0,1313997201.0
2018-07-09,3809.742672558308,3723.281718451036,3786.079674592107,3786.9897898985,14983.0,2948428.0,1313789101.0
2018-07-10,3803.288134805374,3746.9447164172366,3800.1864618411887,3773.3380603026144,15610.0,2849549.0,1313582601.0
2018-07-11,3715.090680693505,3628.629726586233,3706.4445852827776,3660.4837623099647,23570.0,4585973.0,1313370001.0
2018-07-12,3698.253547525247,3622.2589194414873,3685.966990888951,3657.298358737592,17530.0,3699468.0,1313156701.0
2018-07-13,3699.618720484836,3633.1803031181953,3680.961356703792,3676.410780171831,12653.0,2594483.0,1312943701.0
2018-07-16,3674.1354919058494,3608.1521321924056,3674.1354919058494,3644.1016867949033,12979.0,2226530.0,1312729001.0
2018-07-17,3717.365968959486,3620.438688828702,3653.2028398588254,3706.4445852827776,15332.0,2847565.0,1312516001.0
2018-07-18,3755.135754174768,3681.416414356989,3699.618720484836,3749.6750623364137,18457.0,3350967.0,1312303901.0
2018-07-19,3776.068406221791,3690.062509767716,3776.068406221791,3705.079412323189,22785.0,3805299.0,1312089701.0
2018-07-20,3735.113217434136,3668.674800067496,3695.068143952874,3719.641257225466,23262.0,4420200.0,1311876701.0
2018-07-23,3719.641257225466,3663.669165882338,3688.697336808128,3698.253547525247,16112.0,2784858.0,1311663701.0
2018-07-24,3912.130644527445,3736.0233327405294,3736.0233327405294,3873.905801658967,31674.0,6582290.0,1311454931.0
2018-07-25,3900.754203197542,3763.326791932299,3796.090942962423,3794.7257700028335,24997.0,5030165.0,1311247231.0
2018-07-26,3814.7483067434655,3758.3211577471407,3798.366231228404,3786.9897898985,16838.0,3245158.0,1311039781.0
2018-07-27,3856.1585531843166,3781.529098060144,3799.731404187992,3787.899905204892,17615.0,2862119.0,1310833158.0
2018-07-30,3795.1808276560296,3731.0176985553694,3753.315523561983,3776.523463874988,14770.0,2724103.0,1310833158.0
2018-07-31,3860.7091297162783,3746.034601110845,3761.96161897271,3819.298883275428,16259.0,3050749.0,1310179764.0
2018-08-01,3772.4279449962223,3637.730879650157,3772.4279449962223,3689.607452114519,28049.0,5965943.0,1310179764.0
2018-08-02,3638.6409949565486,3532.796405053734,3638.6409949565486,3556.730617381239,28780.0,8871733.0,1309894534.0
2018-08-03,3640.0061679161377,3543.0788877853543,3579.483500041048,3633.1803031181953,22893.0,4977438.0,1309597613.0
2018-08-06,3628.174668933037,3540.348541866177,3625.899380667056,3570.382346977124,19185.0,6022313.0,1309305108.0
2018-08-07,3676.8658378250266,3584.0340765730093,3592.22511433054,3605.876843926425,19017.0,4210842.0,1309029671.0
2018-08-08,3643.646629141707,3573.5677505494973,3594.500402596521,3596.775690862502,18487.0,4124344.0,1308770127.0
2018-08-09,3572.657635243105,3528.0619852298805,3559.00590564722,3532.6125617618422,18456.0,4092892.0,1308529278.0
2018-08-10,3499.3933530785216,3452.035230075805,3496.207949506149,3461.168510210044,22844.0,6054193.0,1308315532.0
2018-08-13,3501.668641344503,3420.213321422389,3443.8763193885898,3479.8258739910866,13062.0,2548280.0,1308138475.0
2018-08-14,3503.033814304092,3404.74136121372,3492.56748828058,3435.685281631059,17716.0,3766302.0,1307753343.0
2018-08-15,3429.769532139509,3305.083735163759,3428.859416833116,3321.4658106788206,27431.0,5706846.0,1307412806.0
2018-08-16,3403.3761882541303,3356.960307628122,3371.977210183595,3357.870422934514,20370.0,3867428.0,1307082335.0
2018-08-17,3381.988478553911,3330.111906089548,3358.325480587711,3372.887325489988,17223.0,3245429.0,1306751053.0
2018-08-20,3442.056088775805,3383.3536515134992,3413.842514277643,3383.3536515134992,16175.0,4182914.0,1306425796.0
2018-08-21,3403.3761882541303,3322.830983638409,3394.730092843404,3337.392828540687,17494.0,3388148.0,1306095152.0
2018-08-22,3380.6233055943226,3310.089369348917,3335.5725979279023,3364.6962877324568,19545.0,4359994.0,1305768532.0
2018-08-23,3359.2355958941025,3321.920868332017,3335.1175402747053,3332.3871943555287,16229.0,3460704.0,1305439650.0
2018-08-24,3386.083997432677,3335.1175402747053,3340.123174459864,3384.7188244730883,16640.0,3407662.0,1305112812.0
2018-08-27,,,,,,,
2018-08-28,3461.168510210044,3411.1121683584656,3426.129070913939,3429.314474486312,22214.0,5056355.0,1304793305.0
2018-08-29,3438.415627550236,3381.0783632475186,3419.758263769193,3392.4548045774227,13625.0,4607259.0,1304484746.0
2018-08-30,3381.3513978394367,3330.111906089548,3369.7019219176145,3356.0501923217294,14991.0,3176804.0,1304203509.0
2018-08-31,3356.0501923217294,3312.8197152680937,3344.6737509918257,3330.111906089548,12225.0,3836703.0,1304485197.0
2018-09-03,3345.1288086450213,3312.8197152680937,3312.8197152680937,3321.920868332017,10662.0,2218820.0,1303651191.0
2018-09-04,3331.022021395941,3235.9149718779413,3312.8197152680937,3252.7521050462,18736.0,3392567.0,1303309559.0
2018-09-05,3272.7746417868307,3213.6171468713296,3224.083472894841,3244.106009635473,20375.0,3781972.0,1302964325.0
2018-09-06,3284.6061407699312,3211.796916258545,3237.7352024907264,3225.903703507626,15196.0,3496442.0,1302620142.0
2018-09-07,3264.128546376104,3179.032765228421,3247.746470861042,3194.049667783894,23282.0,5835574.0,1302272252.0
2018-09-10,3224.538530548037,3183.5833417603826,3223.628415241645,3199.510359622248,15951.0,3433572.0,1301926183.0
2018-09-11,3213.162089218133,3148.9989601174734,3194.504725437091,3172.6619580836746,19227.0,5000054.0,1301575203.0
2018-09-12,3231.819452999176,3175.392304002852,3177.2125346156363,3216.802550443703,18698.0,5674229.0,1301231499.0
2018-09-13,3274.13981474642,3217.257608096899,3240.010490756707,3240.010490756707,18891.0,3741817.0,1300891052.0
2018-09-14,3287.3364866891084,3258.2127968845534,3271.864526480439,3273.229699440027,14876.0,2821326.0,1300561100.0
2018-09-17,3292.342120874266,3247.291413207846,3251.3869320866115,3280.9656795443625,12932.0,2492011.0,1300242637.0
2018-09-18,3333.7523673151177,3275.049930052812,3290.066832608285,3290.521890261481,19054.0,5364994.0,1299909383.0
2018-09-19,3405.196418866916,3304.1736198573667,3344.6737509918257,3387.9042280454614,27458.0,5974711.0,1299582359.0
2018-09-20,3498.48323777213,3432.499878058685,3456.6179336780824,3473.910124499537,29932.0,11762280.0,1289815201.0
2018-09-21,3569.472231670731,3528.517042883077,3554.000271462062,3568.5621163643395,23409.0,7668701.0,1298959068.0
2018-09-24,3573.1126928963013,3511.6799097148187,3541.2586571725697,3557.6407326876315,18080.0,4362377.0,1298648765.0
2018-09-25,3613.157766377564,3522.1462357383307,3548.084521970512,3601.326267394464,20406.0,4792812.0,1298343105.0
2018-09-26,3593.1352296369323,3529.6000800976835,3586.764422492186,3536.708080640608,18583.0,3968951.0,1298037464.0
2018-09-27,3543.9890030917463,3503.943929610484,3523.966466351115,3528.9721005362726,14611.0,2933855.0,1297728080.0
2018-09-28,3552.6350985024737,3494.8427765465603,3533.0676194150383,3531.2473888022537,15844.0,3440609.0,1298040844.0
2018-10-01,3542.1687724789613,3477.550585725105,3531.7024464554497,3497.573122465737,13877.0,3122386.0,1297113991.0
2018-10-02,3550.3598102364926,3471.043261284401,3493.022545933776,3540.803599519373,18150.0,3577892.0,1296804075.0
2018-10-03,3585.399249532598,3523.511408697919,3535.797965334215,3565.376712791966,19305.0,3888891.0,1296495346.0
2018-10-04,3600.4161520880707,3536.2530229874114,3569.472231670731,3550.8148678896887,16127.0,3523809.0,1296183643.0
2018-10-05,3528.517042883077,3383.3536515134992,3528.0619852298805,3407.926764786093,22738.0,4446143.0,1295860747.0
2018-10-08,3446.606665307767,3397.9154964157774,3413.842514277643,3397.9154964157774,12436.0,2972742.0,1295537889.0
2018-10-09,3456.6179336780824,3402.8282988396827,3422.943667341566,3452.5224147993167,18701.0,4838298.0,1295245548.0
2018-10-10,3455.2527607184943,3311.4545423085056,3448.8819535737475,3318.2804071064475,17330.0,4596853.0,1294906420.0
2018-10-11,3350.589500483376,3238.190260143921,3277.325218318793,3302.8084468977777,30390.0,6731184.0,1294563831.0
2018-10-12,3407.0166494797,3340.123174459864,3367.426633651634,3344.218693338629,17859.0,3183482.0,1294241073.0
2018-10-15,3407.471707132896,3324.1961565979977,3340.57823211306,3400.645842334954,14498.0,2620274.0,1293922173.0
2018-10-16,3412.477341318054,3355.140077015337,3379.2581326347336,3402.011015294542,19136.0,3963008.0,1293606323.0
2018-10-17,3492.112430627384,3391.0896316178346,3429.769532139509,3452.9774724525128,25353.0,4804067.0,1293606323.0
2018-10-18,3464.8089714356133,3384.263766819892,3386.083997432677,3397.4604387625805,16551.0,2978827.0,1292979423.0
2018-10-19,3415.207687237232,3344.6737509918257,3409.291937745681,3346.4939816046103,14476.0,3281292.0,1292659123.0
2018-10-22,3419.8529157610574,3361.510884160084,3390.6345739646385,3367.426633651634,13575.0,2702283.0,1292338023.0
2018-10-23,3362.876057119672,3266.403834642085,3357.870422934514,3302.353389244581,19893.0,3597769.0,1292009323.0
2018-10-24,3368.336748958026,3274.13981474642,3343.763635685433,3275.9600453592043,19321.0,3830188.0,1291688623.0
2018-10-25,3351.499615789768,3230.909337692784,3242.285779022687,3326.926502517175,20136.0,3516917.0,1291365491.0
2018-10-26,3335.1175402747053,3234.549798918353,3276.4151030124003,3335.1175402747053,19449.0,3231432.0,1291028391.0
2018-10-29,3462.0786255164367,3330.111906089548,3349.224327523787,3389.269401005049,19191.0,3194618.0,1290717966.0
2018-10-30,3424.763897954351,3352.864788749356,3385.62893977948,3374.2524984495767,17914.0,3263217.0,1290392449.0
2018-10-31,3502.5787566508952,3408.832329515953,3427.0391862203314,3461.62356786324,19519.0,3987444.0,1290718680.0
2018-11-01,3532.157504108646,3425.218955607547,3449.337011226944,3508.9495637956416,19342.0,3235603.0,1289758459.0
2018-11-02,3609.972362805191,3486.196681135833,3588.584653104971,3506.674275529661,23143.0,3584429.0,1289449573.0
2018-11-05,3602.236382700856,3513.500140327604,3514.410255633996,3571.2924622835167,19239.0,3673247.0,1289145173.0
2018-11-06,3596.0678941887204,3514.410255633996,3585.854307185793,3520.781062778742,16210.0,2882769.0,1288840750.0
2018-11-07,3633.635360771391,3546.719349010923,3549.4496949301,3577.2082117750665,14816.0,3185900.0,1288536424.0
2018-11-08,3627.719611279841,3590.859941370952,3595.865575556109,3621.803861788291,16231.0,4293610.0,1288246424.0
2018-11-09,3593.1352296369323,3469.359547967575,3586.764422492186,3503.488871957288,18380.0,3745510.0,1287961424.0
2018-11-12,3655.0230704716114,3535.797965334215,3641.371340875726,3535.797965334215,27093.0,7245186.0,1287665924.0
2018-11-13,3563.1014245259853,3457.0729913312784,3562.191309219593,3500.3034683849146,23825.0,6326513.0,1287365524.0
2018-11-14,3464.3539137824177,3347.4040969110024,3458.438164290867,3376.527786715557,29194.0,6005464.0,1287055024.0
2018-11-15,3469.359547967575,3416.1178025436234,3438.415627550236,3458.8932219440626,24042.0,4700515.0,1286747524.0
2018-11-16,3581.303730653832,3458.8932219440626,3523.0563510447223,3558.5508479940245,19450.0,4506279.0,1286444524.0
2018-11-19,3599.506036781678,3535.34290768102,3589.039710758167,3539.4384265597846,17954.0,2825763.0,1286143824.0
2018-11-20,3543.9890030917463,3434.3201086714707,3516.6855438999764,3465.7190867420054,22378.0,3590662.0,1285843324.0
2018-11-21,3512.5900250212107,3448.4268959205515,3457.5280489844745,3503.943929610484,16654.0,2931633.0,1285529824.0
2018-11-22,3485.741623482637,3417.938033156408,3485.741623482637,3429.314474486312,14010.0,2151982.0,1285219024.0
2018-11-23,3410.6571107052696,3296.892697406228,3406.106534173308,3314.6399458808787,25209.0,4106309.0,1284901524.0
2018-11-26,3343.763635685433,3255.2822255979704,3321.920868332017,3302.8084468977777,17155.0,3517242.0,1284589524.0
2018-11-27,3303.7185622041707,3213.162089218133,3291.8870632210696,3234.549798918353,19086.0,3890710.0,1284260524.0
2018-11-28,3270.954411174047,3229.5441647331954,3256.392566271769,3245.471182595061,18568.0,4390210.0,1283928724.0
2018-11-29,3341.033289766256,3281.4207371975585,3335.5725979279023,3293.7072938338542,20922.0,4324934.0,1283602224.0
2018-11-30,3307.35902342974,3239.100375450315,3298.7129280190125,3239.100375450315,17361.0,6259123.0,1283273636.0
2018-12-03,3456.6179336780824,3363.3311147728687,3427.494243873528,3368.791806611222,26126.0,6073351.0,1282945586.0
2018-12-04,3398.825611722169,3330.566963742744,3365.6064030388493,3390.6345739646385,16063.0,3306330.0,1282629086.0
2018-12-05,3365.6064030388493,3321.4658106788206,3363.3311147728687,3321.920868332017,11420.0,2163392.0,1282310586.0
2018-12-06,3289.156717301893,3175.392304002852,3272.7746417868307,3197.690129009464,24162.0,5002299.0,1281974936.0
2018-12-07,3322.830983638409,3220.8980693224685,3236.3700295311373,3262.308315763319,16645.0,3261840.0,1281641736.0
2018-12-10,3276.4151030124003,3195.4148407434823,3227.7239341204104,3209.97668564576,18975.0,3795827.0,1281304736.0
2018-12-11,3340.123174459864,3249.5667014738265,3254.5723356589847,3315.0950035340743,16509.0,3367743.0,1281641736.0
2018-12-12,3394.275035190208,3302.353389244581,3325.1062719043903,3376.072729062361,14995.0,3513143.0,1280649736.0
2018-12-13,3435.685281631059,3381.0783632475186,3398.825611722169,3398.825611722169,24095.0,3855650.0,1280330236.0
2018-12-14,3357.870422934514,3310.1913932747634,3331.9321367023326,3345.1288086450213,17809.0,3909110.0,1280010316.0
2018-12-17,3432.499878058685,3374.2524984495767,3406.106534173308,3424.3088403011548,16342.0,3365908.0,1279686816.0
2018-12-18,3420.668379075585,3369.246864264418,3391.544689271031,3396.5503234561884,18437.0,4189230.0,1279363616.0
2018-12-19,3492.112430627384,3388.359285698657,3397.0053811093844,3479.8258739910866,19613.0,7190041.0,1279041116.0
2018-12-20,3445.696550001374,3353.774904055749,3358.325480587711,3409.746995398877,21474.0,4573593.0,1278719616.0
2018-12-21,3473.0000091931443,3401.5559576413466,3412.0222836648577,3458.438164290867,20332.0,6820941.0,1278402826.0
2018-12-24,3457.9831066376714,3389.269401005049,3389.269401005049,3435.685281631059,3686.0,566611.0,1278297726.0
2018-12-27,3465.7190867420054,3354.685019362141,3461.168510210044,3378.348017328342,14157.0,2580079.0,1278214226.0
2018-12-28,3452.5224147993167,3404.74136121372,3417.938033156408,3424.3088403011548,11186.0,1564630.0,1278128626.0
2018-12-31,3462.0786255164367,3394.730092843404,3452.9774724525128,3394.730092843404,4094.0,1366059.0,1278176458.0
2019-01-02,3370.156979570811,3264.5836040293,3322.830983638409,3358.7805382409065,20358.0,4436445.0,1277760647.0
2019-01-03,3352.40973109616,3294.162351487051,3331.022021395941,3315.5500611872703,21165.0,3271480.0,1277433116.0
2019-01-04,3467.994375007987,3352.864788749356,3374.2524984495767,3452.5224147993167,21552.0,3784778.0,1277114160.0
2019-01-07,3523.511408697919,3374.2524984495767,3491.657372974187,3486.651738789029,16465.0,3536281.0,1276809160.0
2019-01-08,3550.3598102364926,3468.449432661183,3470.724720927164,3514.410255633996,16719.0,3307581.0,1276499594.0
2019-01-09,3587.219480145382,3531.7024464554497,3559.916020953612,3554.4553291152583,21783.0,3901749.0,1276201581.0
2019-01-10,3552.6350985024737,3490.2922000145986,3541.713714825765,3533.5226770682343,16019.0,3103469.0,1275963161.0
2019-01-11,3609.062247498799,3512.5900250212107,3549.4496949301,3519.8709474723496,12501.0,2898621.0,1275617396.0
2019-01-14,3536.2530229874114,3475.2752974591253,3489.382084708206,3513.955197980799,12271.0,2196395.0,1275307165.0
2019-01-15,3593.1352296369323,3525.7866969638994,3559.916020953612,3551.269925542885,14618.0,2608471.0,1275002959.0
2019-01-16,3588.584653104971,3510.3147367552306,3576.298096468674,3530.3372734958616,10772.0,2464491.0,1274694527.0
2019-01-17,3563.1014245259853,3495.7528918529524,3527.151869923488,3546.719349010923,12613.0,2670766.0,1274388889.0
2019-01-18,3615.888112296741,3541.2586571725697,3593.590287290129,3572.2025775899087,17991.0,5028085.0,1274087556.0
2019-01-21,3585.854307185793,3549.4496949301,3549.4496949301,3577.663269428263,9660.0,1581976.0,1273787658.0
2019-01-22,3563.291620422715,3466.174144395202,3522.1462357383307,3499.8484107317176,14531.0,3055957.0,1273479035.0
2019-01-23,3487.106796442225,3417.482975503212,3473.4550668463403,3423.3987249947622,16455.0,3442234.0,1273165423.0
2019-01-24,3452.0673571461207,3412.93239897125,3422.033552035173,3426.584128567135,14662.0,3285963.0,1272855698.0
2019-01-25,3542.623830132158,3436.140339284255,3439.325742856628,3529.427158189469,17776.0,3545930.0,1272855698.0
2019-01-28,3638.6409949565486,3552.6350985024737,3622.2589194414873,3589.949826064559,24967.0,4799367.0,1272251353.0
2019-01-29,3713.27045008072,3587.219480145382,3602.236382700856,3710.9951618147393,23667.0,5483175.0,1271961886.0
2019-01-30,3827.944978686156,3749.6750623364137,3822.4842868478,3761.96161897271,33941.0,6062851.0,1271682420.0
2019-01-31,3830.6753246053313,3765.60208019828,3776.978521528183,3811.107845517896,23664.0,4942895.0,1271406148.0
2019-02-01,3879.3664934973217,3816.931946398093,3831.5854399117234,3849.78774603957,19759.0,3595571.0,1271131120.0
2019-02-04,3883.462012376088,3779.708867447361,3779.708867447361,3883.462012376088,23167.0,5457109.0,1270973802.0
2019-02-05,3945.804910863962,3901.664318503934,3944.894795557569,3916.22616340621,19722.0,4199864.0,1270815878.0
2019-02-06,3954.451006274689,3892.5631654400095,3917.136278712602,3912.130644527445,16797.0,3330739.0,1270529252.0
2019-02-07,3960.3667557662393,3883.462012376088,3943.529622597981,3883.462012376088,22211.0,3990727.0,1270371134.0
2019-02-08,3916.681221059406,3849.78774603957,3849.78774603957,3881.6417817633023,17562.0,3560921.0,1270069914.0
2019-02-11,3945.349853210766,3888.467646561244,3928.967777695703,3901.664318503934,15858.0,3422521.0,1269770146.0
2019-02-12,3941.709391985197,3884.8271853356746,3934.883527187254,3908.4901833018753,20312.0,4061073.0,1269470621.0
2019-02-13,3984.939869038832,3906.669952689092,3913.495817487034,3963.097101685416,17355.0,3793605.0,1269174264.0
2019-02-14,4002.6871175134825,3931.69812361488,3981.7544654664575,3956.726294540669,15046.0,3088917.0,1268878312.0
2019-02-15,4029.0804613988607,3923.0520282041534,3928.057662389312,4002.6871175134825,16406.0,3637329.0,1268584993.0
2019-02-18,4013.608501190192,3968.5577935237698,4004.507348126267,3974.928600668517,11879.0,2527021.0,1268290305.0
2019-02-19,4014.97367414978,3952.37958383734,3964.007216991808,4008.147809351837,14397.0,2918935.0,1267997646.0
2019-02-20,4063.664843041768,3974.018485362125,4040.911960381961,4049.102998139492,15765.0,3310725.0,1267707456.0
2019-02-21,4052.2884017118654,3963.097101685416,4022.709654254113,3997.2264256751287,14368.0,2898345.0,1267718385.0
2019-02-22,4075.49634202487,3997.2264256751287,4025.895057826487,4063.664843041768,14483.0,3427061.0,1267146804.0
2019-02-25,4085.507610395185,3995.406195062343,4077.3165726376537,4027.260230786075,18939.0,3457012.0,1266861506.0
2019-02-26,4014.518616496583,3954.451006274689,3999.046656287912,3991.7657338367753,17353.0,3371330.0,1266573331.0
2019-02-27,4076.861514984457,3991.7657338367753,4050.013113445884,4027.260230786075,18257.0,4355815.0,1266289615.0
2019-02-28,3986.3050419984206,3918.956509325388,3986.3050419984206,3946.2599685171576,17357.0,5151816.0,1266579640.0
2019-03-01,3993.130906796362,3958.410007857496,3972.653312402535,3964.462274645005,13531.0,2649606.0,1266142669.0
2019-03-04,4039.091729769176,3990.400560877186,4009.057924658228,4000.411829247502,11252.0,2441481.0,1266066474.0
2019-03-05,4050.46817109908,3995.406195062343,4013.608501190192,4042.277133341549,11895.0,2350635.0,1265990174.0
2019-03-06,4079.1368032504383,4035.906326196802,4037.271499156391,4075.49634202487,12113.0,2791532.0,1265914215.0
2019-03-07,3965.456921516401,3898.076894849496,3948.8491684647,3933.190429873095,17657.0,4434459.0,1265832368.0
2019-03-08,3910.888590060809,3852.0650675690326,3890.959286398767,3909.939575600712,20213.0,4382842.0,1265732368.0
2019-03-11,3970.201993816888,3909.939575600712,3931.766908182949,3938.884516633678,10360.0,1970140.0,1265667327.0
2019-03-12,3974.947066117374,3918.006198511538,3956.4412841454778,3957.3902986055737,11699.0,3668118.0,1265585791.0
2019-03-13,3984.911717948394,3928.445357572608,3931.766908182949,3969.252979356791,11215.0,3381656.0,1265504637.0
2019-03-14,3977.7941094976654,3925.550863469311,3959.288327525769,3956.4412841454778,11955.0,2770261.0,1265424335.0
2019-03-15,3990.605804708978,3939.359023863727,3969.727486586839,3939.359023863727,10006.0,5579539.0,1265424335.0
2019-03-18,4060.358367526128,3994.401862549368,4018.1272240518,4049.444701235009,15955.0,3230484.0,1265265437.0
2019-03-19,4120.78686327282,4056.562309685738,4060.358367526128,4085.5072507187047,14435.0,2681046.0,1265187485.0
2019-03-20,4023.821310812383,3899.97492376969,3900.449430999739,3989.656790248882,21316.0,4169219.0,1265107476.0
2019-03-21,4091.6758447093366,4039.4800494039873,4066.52696151676,4064.154425366517,14794.0,3252713.0,1265028801.0
2019-03-22,4092.1503519393855,4000.57045654,4071.2720338172458,4015.280180671507,14165.0,2516283.0,1264948793.0
2019-03-25,4083.6092217985097,3973.523544427228,3993.45284808927,4080.28767118817,17904.0,5368564.0,1264869461.0
2019-03-26,4114.92669898172,4054.664280765543,4085.5072507187047,4092.624859169434,13039.0,2738181.0,1264791268.0
2019-03-27,4155.734320765902,4098.793453160066,4122.518814662498,4113.503177291574,14592.0,2815337.0,1264713720.0
2019-03-28,4194.16940639984,4141.499103864443,4151.938262925512,4160.004885836339,14031.0,2955348.0,1264637035.0
2019-03-29,4267.24351982733,4219.318289592418,4250.635766775628,4233.553506493877,15759.0,3746905.0,1264561559.0
2019-04-01,4368.788067057737,4301.408040390832,4334.149039264185,4333.2000248040895,17061.0,4185258.0,1264502838.0
2019-04-02,4377.803704428661,4309.474663301658,4322.76086574302,4369.737081517834,13512.0,2909156.0,1264429280.0
2019-04-03,4426.20344189362,4375.431168278417,4411.9682249921625,4402.478080391191,12052.0,3708576.0,1264356654.0
2019-04-04,4369.262574287785,4339.818451648808,4357.874400766618,4354.552850156278,11750.0,2956481.0,1264283277.0
2019-04-05,4440.913166025128,4374.95666104837,4408.855457563043,4426.67794912367,8769.0,2440618.0,1264210117.0
2019-04-08,4477.450222738873,4426.67794912367,4446.132745555663,4477.450222738873,10476.0,3454654.0,1264283277.0
2019-04-09,4504.022627621596,4458.944440766976,4473.179657668435,4475.552193818679,12660.0,2778298.0,1264065014.0
2019-04-10,4529.1715108141725,4462.740498607365,4484.093323959553,4519.206858983153,14193.0,2493232.0,1263993312.0
2019-04-11,4488.83839626004,4456.571904616733,4474.603179358581,4472.705150438388,14313.0,2506217.0,1263921152.0
2019-04-12,4546.253771095925,4467.485570907852,4489.787410720138,4528.222496354077,13484.0,2554119.0,1263849862.0
2019-04-15,4516.35981560286,4447.08176001576,4515.885308372812,4462.740498607365,13715.0,2353380.0,1263777685.0
2019-04-16,4513.038264992521,4424.305412973426,4484.093323959553,4434.270064804447,15798.0,2843254.0,1263705288.0
2019-04-17,4338.894111564674,4267.718027057379,4289.545359639616,4315.168750062241,28899.0,5120865.0,1263630401.0
2019-04-18,4378.27821165871,4312.685179220167,4318.015793442534,4365.466516447397,13168.0,2606522.0,1263556176.0
2019-04-23,4408.646674381823,4361.044109063343,4396.783993630605,4400.5800514709945,10848.0,4446764.0,1263491543.0
2019-04-24,4376.854689968563,4295.713953630248,4365.466516447397,4322.76086574302,11602.0,2726625.0,1263416425.0
2019-04-25,4329.4039669637,4280.055215038643,4315.64325729229,4311.847199451902,9798.0,2266668.0,1263340653.0
2019-04-26,4313.745228372096,4273.412113817962,4303.3060693110265,4313.270721142047,11007.0,2191857.0,1263264428.0
2019-04-29,4328.929459733652,4278.631693348497,4319.913822362728,4278.631693348497,8195.0,1823510.0,1263188422.0
2019-04-30,4244.941680015044,4204.134058230862,4243.992665554947,4237.349564334266,12797.0,2885505.0,1263264604.0
2019-05-01,4253.48281015592,4204.134058230862,4237.349564334266,4212.200681141689,5148.0,2596253.0,1263035468.0
2019-05-02,4162.851929216631,4126.789379732935,4152.88727738561,4136.754031563957,12352.0,2772658.0,1262942838.0
2019-05-03,4211.251666681592,4142.44811832454,4142.44811832454,4182.781232878674,9635.0,1884851.0,1262842838.0
2019-05-06,,,,,,,
2019-05-07,4259.651404146552,4173.76559550775,4188.475319639257,4185.153769028917,21063.0,3845745.0,1262769827.0
2019-05-08,4217.894767902272,4157.1578424560485,4170.9185521274585,4196.541942550084,15867.0,4112272.0,1262696693.0
2019-05-09,4175.369429945315,4129.161915883179,4141.024596634395,4148.142205085123,15677.0,4845247.0,1262622625.0
2019-05-10,4222.165332972711,4163.32643644668,4199.388985930375,4187.051797949111,10410.0,2182725.0,1262549161.0
2019-05-13,4212.200681141689,4139.126567714199,4212.200681141689,4145.295161704831,15991.0,2480905.0,1262475212.0
2019-05-14,4275.310142738156,4161.902914756534,4170.44404489741,4275.310142738156,12979.0,3546302.0,1262420273.0
2019-05-15,4312.32170668195,4223.114347432807,4297.611982550442,4289.070852409566,13312.0,2429550.0,1262341189.0
2019-05-16,4411.019210532064,4329.4039669637,4336.996082644479,4374.007646588272,12423.0,2717191.0,1262265125.0
2019-05-17,4452.775846776344,4391.089906870022,4441.387673255177,4434.744572034496,17140.0,2644125.0,1262188526.0
2019-05-20,4471.281628748241,4414.815268372455,4460.367962457123,4438.0661226448365,11414.0,2071689.0,1262035539.0
2019-05-21,4450.403310626101,4371.635110438029,4447.08176001576,4400.5800514709945,15754.0,2806914.0,1262035539.0
2019-05-22,4463.215005837415,4426.20344189362,4444.709223865517,4436.642600954691,10199.0,1763945.0,1261953867.0
2019-05-23,4441.387673255177,4331.301995883895,4417.662311752745,4355.501864616374,16810.0,3066339.0,1261884499.0
2019-05-24,4429.5249925039625,4393.936950250315,4393.936950250315,4405.325123771481,14412.0,2496066.0,1261794727.0
2019-05-27,,,,,,,
2019-05-28,4575.198712128891,4504.022627621596,4527.747989124029,4532.493061424514,20758.0,6403417.0,1261749879.0
2019-05-29,4488.83839626004,4377.803704428661,4484.567831189604,4408.1721671517735,22441.0,4319950.0,1261668518.0
2019-05-30,4429.050485273912,4399.156529780849,4417.187804522697,4408.1721671517735,10780.0,2211483.0,1261586927.0
2019-05-31,4349.807777855792,4267.718027057379,4336.52157541443,4305.204098231221,19008.0,4277118.0,1261524155.0
2019-06-03,4365.466516447397,4237.349564334266,4261.074925836698,4360.721444146911,15711.0,2953641.0,1261446132.0
2019-06-04,4376.380182738514,4325.133401893263,4357.874400766618,4371.160603207979,12991.0,3004020.0,1261357994.0
2019-06-05,4377.329197198611,4278.631693348497,4377.329197198611,4290.494374099713,14110.0,2585018.0,1261254447.0
2019-06-06,4322.286358512971,4237.824071564315,4243.992665554947,4307.102127151415,13227.0,2508144.0,1261160650.0
2019-06-07,4319.439315132679,4242.569143864801,4249.686752315532,4288.121837949469,14984.0,2678719.0,1261092278.0
2019-06-10,4373.533139358223,4315.64325729229,4319.439315132679,4353.129328466132,12328.0,1784266.0,1261044001.0
2019-06-11,4484.093323959553,4403.901602081335,4411.9682249921625,4457.046411846783,16507.0,3111855.0,1261017480.0
2019-06-12,4494.532483020624,4403.901602081335,4451.826832316248,4472.230643208339,14697.0,2276590.0,1260942032.0
2019-06-13,4566.183074757966,4455.148382926588,4462.265991377317,4560.963495227433,16152.0,3020169.0,1260905570.0
2019-06-14,4583.739842269766,4497.854033630964,4554.794901236801,4526.7989746639305,13416.0,2545709.0,1260832218.0
2019-06-17,4555.269408466848,4505.446149311742,4539.136162645194,4529.646018044222,10276.0,2335393.0,1260751136.0
2019-06-18,4653.966912316964,4559.065466307237,4564.75955306782,4628.818029124386,17809.0,5150503.0,1260709794.0
2019-06-19,4653.492405086915,4380.6507478089525,4646.849303866236,4411.9682249921625,29568.0,6470293.0,1260490330.0
2019-06-20,4490.736425180236,4401.529065931092,4460.367962457123,4443.76020940542,21814.0,3336862.0,1260459957.0
2019-06-21,4474.603179358581,4429.050485273912,4448.505281705907,4450.403310626101,15403.0,5992765.0,1260416457.0
2019-06-24,4508.767699922083,4445.183731095566,4449.928803396053,4508.767699922083,11955.0,2727644.0,1260344627.0
2019-06-25,4548.151800016119,4476.975715508825,4484.093323959553,4529.646018044222,13439.0,2393806.0,1260324303.0
2019-06-26,4583.265335039718,4520.630380673298,4556.218422926946,4581.841813349572,12979.0,2571233.0,1260303657.0
2019-06-27,4664.406071378034,4572.351668748598,4645.425782176088,4582.316320579621,18397.0,3167776.0,1260220325.0
2019-06-28,4657.762970157352,4571.402654288501,4580.892798889474,4631.665072504678,15346.0,2782237.0,1260178446.0
2019-07-01,4708.5472962562,4643.527753255894,4683.386360579979,4664.880578608082,12965.0,2255578.0,1260094302.0
2019-07-02,4730.3625763547925,4678.166781049444,4700.4686208617295,4722.770460674015,12758.0,2115921.0,1260054660.0
2019-07-03,4782.083864430093,4713.280316073042,4745.072300486299,4713.280316073042,12902.0,2389631.0,1260015978.0
2019-07-04,4698.096084711487,4646.374796636186,4686.70791119032,4661.084520767693,9167.0,1710446.0,1259915978.0
2019-07-05,4586.586885650058,4447.08176001576,4556.218422926946,4482.669802269407,21165.0,4003351.0,1259915978.0
2019-07-08,4720.87243175382,4524.426438513688,4524.426438513688,4557.167437387043,14185.0,2227433.0,1259561703.0
2019-07-09,4603.374951449178,4530.149280412412,4555.269408466848,4559.539973537286,12583.0,3183470.0,1259547339.0
2019-07-10,4634.986623115018,4559.065466307237,4583.739842269766,4608.414218232295,11531.0,2280621.0,1259519365.0
2019-07-11,4643.0532460258455,4550.5243361663615,4634.51211588497,4578.045755509183,11976.0,2145817.0,1259456204.0
2019-07-12,4626.445492974142,4550.049828936312,4557.167437387043,4563.336031377676,12714.0,2028961.0,1259345337.0
2019-07-15,4648.272825556379,4592.75547964069,4593.229986870738,4619.802391753462,12877.0,2021572.0,1259310317.0
2019-07-16,4625.021971283997,4547.202785556022,4552.896872316605,4602.720131471711,15944.0,2641433.0,1259231867.0
2019-07-17,4638.782680955407,4564.955999061061,4567.606596448113,4627.394507434239,12610.0,2155275.0,1259180498.0
2019-07-18,4621.7004206736565,4525.849960203833,4621.7004206736565,4536.289119264904,14649.0,2745408.0,1259155753.0
2019-07-19,4624.547464053949,4537.712640955049,4571.877161518551,4603.66914593181,12331.0,2316316.0,1258949729.0
2019-07-22,4643.527753255894,4562.387016917578,4589.43392903035,4572.351668748598,15979.0,2849892.0,1258891908.0
2019-07-23,4657.762970157352,4582.316320579621,4606.990696542149,4582.316320579621,12158.0,2582125.0,1258870205.0
2019-07-24,4482.19529503936,4349.333270625742,4475.552193818679,4371.635110438029,29707.0,5024597.0,1258476111.0
2019-07-25,4387.768356259683,4299.984518700685,4307.576634381464,4342.215662175014,17761.0,3075431.0,1258386464.0
2019-07-26,4397.258500860655,4334.623546494235,4346.486227245451,4370.686095977932,14899.0,2964200.0,1258386464.0
2019-07-29,4466.536556447755,4364.04299475725,4371.160603207979,4442.811194945323,11714.0,2319518.0,1258359408.0
2019-07-30,4518.257844523056,4466.536556447755,4484.093323959553,4487.414874569894,15336.0,2689034.0,1258131002.0
2019-07-31,4508.150840523021,4409.59568884192,4491.685439640332,4458.469933536928,14052.0,4055038.0,1258359408.0
2019-08-01,4427.626963583767,4290.968881329762,4427.152456353719,4308.051141611512,18573.0,6959382.0,1257826441.0
2019-08-02,4237.349564334266,4092.1503519393855,4173.76559550775,4162.851929216631,30483.0,5687059.0,1257598009.0
2019-08-05,4078.389642267975,3955.966776915429,3983.0136890282006,4071.2720338172458,28065.0,4208935.0,1257259355.0
2019-08-06,4088.354294098997,4011.958630061167,4056.562309685738,4011.958630061167,21853.0,3720714.0,1257102766.0
2019-08-07,4024.295818042432,3928.919864802657,3952.645226305088,3981.115660108006,19894.0,3364319.0,1256975221.0
2019-08-08,3993.42807692598,3926.1986480215023,3948.288317518689,3993.42807692598,17778.0,3300269.0,1256839759.0
2019-08-09,3961.734203299584,3878.657837581908,3961.734203299584,3895.4651948080273,16657.0,3098417.0,1256691206.0
2019-08-12,3918.515284718134,3872.8953151043806,3884.900570265895,3880.57867840775,13948.0,2451556.0,1256638442.0
2019-08-13,3979.021770732164,3852.246276226577,3862.810900768709,3954.531050202676,22162.0,3392174.0,1256601157.0
2019-08-14,3972.298827841716,3874.816155930224,3970.377987015873,3900.747507079093,15080.0,3066992.0,1256375659.0
2019-08-15,3910.831921414765,3826.314925077707,3886.341200885276,3866.6525824203936,17042.0,2509745.0,1256310062.0
2019-08-16,3895.4651948080273,3832.5576577616944,3880.098468201289,3846.48375374905,11120.0,2590432.0,1256210062.0
2019-08-19,3920.9163357504367,3870.014053865618,3877.217206962526,3904.108978524317,13374.0,2626753.0,1256110337.0
2019-08-20,3926.803712881642,3850.805645607196,3884.420360059434,3850.805645607196,16163.0,2731657.0,1256000337.0
2019-08-21,3861.850480355788,3820.55240260018,3849.3650149878135,3832.077447555234,13459.0,2612968.0,1255872734.0
2019-08-22,3858.969219117024,3767.729279889519,3836.879549619839,3789.818949386705,14892.0,2676239.0,1255710313.0
2019-08-23,3839.7608108586014,3760.0459165861503,3809.987778058048,3769.169910508901,12014.0,1923651.0,1255648392.0
2019-08-26,,,,,,,
2019-08-27,3931.6154191503774,3746.119820598794,3764.848018650756,3778.774114638112,13344.0,2805304.0,1255577546.0
2019-08-28,3834.9587087939967,3767.5255266989184,3823.433663838944,3831.117027142313,12570.0,2443490.0,1255556033.0
2019-08-29,3901.7079274920143,3810.948198470969,3814.789880122654,3882.979729440052,14961.0,2409339.0,1255556032.0
2019-08-30,4083.707595740564,3901.227717285554,3902.668347904935,3985.264503416151,19843.0,3678747.0,1255556033.0
2019-09-02,4129.327565354318,3982.8634523838487,4003.992701468113,3982.8634523838487,8849.0,2556340.0,1255556033.0
2019-09-03,3996.309338164744,3937.723692976556,3981.9030319709273,3965.575884951268,14739.0,2534368.0,1255556033.0
2019-09-04,4053.118205589026,3971.818617635256,4001.59165043581,4040.968887365575,12360.0,2334403.0,1255556033.0
2019-09-05,4088.509697805171,3991.507236100138,4067.3804487209054,4053.45435273355,15257.0,3193995.0,1255556033.0
2019-09-06,4091.390959043933,4008.3145933262576,4038.5678363332727,4069.301289546748,11556.0,2577650.0,1255556033.0
2019-09-09,4102.916003998987,4008.794803532718,4081.786754914722,4051.533511907708,9132.0,2373040.0,1255556033.0
2019-09-10,4082.747175327643,4028.00321179114,4033.7657342686666,4082.747175327643,12787.0,2563209.0,1255556033.0
2019-09-11,4150.937024645043,4105.31705503129,4129.327565354318,4118.762940812185,9623.0,1969035.0,1255549793.0
2019-09-12,4213.364351484916,4128.847355147857,4161.981859393635,4160.541228774253,15136.0,2572108.0,1255479384.0
2019-09-13,4259.944741511588,4161.981859393635,4161.981859393635,4250.340537382378,15357.0,2858946.0,1255475157.0
2019-09-16,4222.008135201206,4158.140177741951,4190.794471781269,4161.021438980714,11660.0,2827329.0,1255376508.0
2019-09-17,4142.773451135214,4066.4200283079854,4129.807775560778,4094.2722202826967,15095.0,3971211.0,1255190744.0
2019-09-18,4142.773451135214,4080.346124295341,4110.599367302356,4094.752430489158,9066.0,2153414.0,1255153337.0
2019-09-19,4100.514952966685,4037.607415920352,4058.736665004617,4081.306544708263,15539.0,3530608.0,1255056806.0
2019-09-20,4095.712850902079,4026.0823709652977,4064.018977275682,4065.459607895064,13662.0,5620206.0,1254998921.0
2019-09-23,4098.113901934382,4042.409517984957,4082.266965121183,4076.984652850117,15207.0,2194262.0,1254895914.0
2019-09-24,4090.683945556962,3974.2196686675584,4071.22213037259,3974.2196686675584,13686.0,2532092.0,1254721956.0
2019-09-25,4016.478166836088,3900.267296872633,3901.227717285554,4011.195854565021,10003.0,1890964.0,1254631564.0
2019-09-26,4078.90549367596,3998.710389197046,4004.953121881033,4000.6312300228888,11565.0,2324967.0,1254514820.0
2019-09-27,4088.0294875987097,4018.284909716874,4024.161530139456,4081.306544708263,8376.0,2240973.0,1254514820.0
2019-09-30,4095.232640695618,4038.5678363332727,4093.311799869776,4042.409517984957,8284.0,1945961.0,1254391370.0
2019-10-01,4085.6284365664073,4025.1219505523777,4052.9741425270895,4035.206364888049,13821.0,2069557.0,1254285036.0
2019-10-02,4023.4172043194426,3845.043123129669,4015.9979566296265,3847.444174161971,18959.0,3898659.0,1254010411.0
2019-10-03,3852.7264864330377,3777.813694225191,3847.444174161971,3834.478498587536,18547.0,2806197.0,1253872772.0
2019-10-04,3888.2620417111184,3806.146096406364,3848.4045945748926,3875.776576343144,11853.0,2076798.0,1253710042.0
2019-10-07,3897.8662458403296,3834.478498587536,3868.093213039776,3894.024564188645,7984.0,1351360.0,1253710042.0
2019-10-08,3944.446635867004,3861.850480355788,3925.718437815042,3867.132792626854,12671.0,2001780.0,1253698783.0
2019-10-09,3903.628768317857,3818.1513515678776,3846.00354354259,3859.449429323485,12254.0,2123102.0,1253562564.0
2019-10-10,3973.259248254637,3884.420360059434,3889.22246212404,3941.56537462824,12478.0,2819371.0,1253562477.0
2019-10-11,4043.369938397878,3918.515284718134,3971.818617635256,4042.889728191418,21202.0,4008171.0,1253556431.0
2019-10-14,4019.35942807485,3952.1299991703727,4016.958377042548,3952.1299991703727,14693.0,2487697.0,1253444938.0
2019-10-15,3954.531050202676,3842.1618618909056,3953.090419583294,3859.929639529946,17601.0,3448311.0,1253272540.0
2019-10-16,3826.795135284168,3765.808439063677,3789.338739180245,3795.581471864232,21351.0,3306515.0,1253269593.0
2019-10-17,3857.5285884976433,3756.2042349344656,3768.20949009598,3804.705465786982,18752.0,3262851.0,1253086555.0
2019-10-18,3838.320180239221,3760.2082276359342,3782.615796289797,3804.705465786982,12046.0,2018788.0,1252991485.0
2019-10-21,3863.7713211816304,3789.818949386705,3806.146096406364,3840.721231271524,14347.0,2272206.0,1252893712.0
2019-10-22,3880.57867840775,3812.869039296812,3833.037867968155,3868.573423246236,13098.0,1816527.0,1252893712.0
2019-10-23,3927.639278640884,3854.186709628843,3870.4942640720783,3897.386035633869,8579.0,1677016.0,1252893712.0
2019-10-24,3942.525795041162,3888.7422519175793,3903.628768317857,3907.950660176001,8639.0,1333037.0,1252893712.0
2019-10-25,3955.011260409136,3880.098468201289,3895.4651948080273,3955.011260409136,7011.0,1362538.0,1252893712.0
2019-10-28,3996.789548371205,3943.9664256605433,3949.2487379316094,3976.1405094934007,9234.0,1769936.0,1252893712.0
2019-10-29,4019.35942807485,3971.338407428794,3991.9874463066,3990.546815687216,10095.0,1796866.0,1252843712.0
2019-10-30,3970.8581972223337,3895.4651948080273,3957.8925216478992,3902.1881376984734,9161.0,2267577.0,1252693712.0
2019-10-31,3911.312131621225,3831.597237348773,3892.103723362803,3855.127537465341,11500.0,2122268.0,1252843712.0
2019-11-01,4003.032281055192,3860.890059942867,3860.890059942867,4003.032281055192,11752.0,4119273.0,1252843712.0
2019-11-04,4162.942279806556,4046.251199636642,4062.5783466563,4124.045253083252,20189.0,3455325.0,1252843712.0
2019-11-05,4219.126873962441,4120.681860797201,4166.303751251781,4171.105853316386,16216.0,3034822.0,1252567434.0
2019-11-06,4184.07152889082,4125.966093909094,4138.451559277069,4175.907955380992,11113.0,2253818.0,1252478918.0
2019-11-07,4224.889396439968,4158.620387948412,4176.388165587452,4161.021438980714,13803.0,3134393.0,1252394807.0
2019-11-08,4146.134922580437,4029.443842410522,4144.694291961056,4039.5282567461945,16960.0,2842805.0,1252240342.0
2019-11-11,4021.2730657475954,3891.143302949882,4015.037536216705,3975.66029928694,15842.0,3678795.0,1252115161.0
2019-11-12,4046.251199636642,3980.4624013515454,4043.369938397878,3981.422821764467,11820.0,2080534.0,1251971562.0
2019-11-13,3955.011260409136,3905.5496091436985,3930.520539879648,3915.1538132729097,12357.0,3714446.0,1251824768.0
2019-11-14,3955.011260409136,3884.900570265895,3914.673603066449,3929.560119466727,12887.0,2242799.0,1251756509.0
2019-11-15,4025.602160758838,3929.560119466727,3976.1405094934007,3990.0666054807566,10793.0,1978641.0,1251756509.0
2019-11-18,4012.6364851844014,3965.095674744807,3998.710389197046,4001.59165043581,11240.0,2051878.0,1251736685.0
2019-11-19,4113.480628541119,4016.478166836088,4020.800058694232,4047.691830256024,13728.0,2385045.0,1251614849.0
2019-11-20,4038.087626126812,3935.8028521507135,4023.6813199329954,3981.9030319709273,15374.0,2474680.0,1251536213.0
2019-11-21,3954.531050202676,3911.7923418276855,3933.882011324872,3934.8424317377926,11879.0,2014378.0,1251362257.0
2019-11-22,4043.369938397878,3963.1748339189658,3972.298827841716,4018.879217868389,13560.0,2235068.0,1260762642.0
2019-11-25,4115.881679573422,4040.968887365575,4082.266965121183,4055.855403765852,8667.0,1574971.0,1260692379.0
2019-11-26,4096.193061108539,4052.013722114168,4057.776244591695,4088.509697805171,8783.0,2744785.0,1260643268.0
2019-11-27,4149.496394025661,4069.781499753208,4139.89218989645,4071.702340579052,9894.0,1726228.0,1260587263.0
2019-11-28,4110.599367302356,4055.375193559392,4075.063812024274,4100.995163173145,6333.0,1022864.0,1260546124.0
2019-11-29,4092.447421498147,4035.206364888049,4087.0690671857888,4035.206364888049,8283.0,1655826.0,1251166346.0
2019-12-02,4146.134922580437,4044.3303588108,4081.786754914722,4062.5783466563,12393.0,1942733.0,1251166346.0
2019-12-03,4074.583601817815,3981.422821764467,4067.860658927367,4009.2750137391786,15570.0,2598088.0,1250903464.0
2019-12-04,4059.9919344843033,3973.739458461098,3983.8238727967687,4014.077115803784,13638.0,2015050.0,1250760129.0
2019-12-05,4020.800058694232,3963.655044125426,4003.032281055192,3966.0560951577286,9694.0,1706721.0,1250677013.0
2019-12-06,4061.137716036918,3985.744713622611,3998.2301789905855,4049.612671081865,7374.0,1289352.0,1250626987.0
2019-12-09,4117.802520399264,4072.662760991973,4072.662760991973,4088.0294875987097,9406.0,2078421.0,1250567789.0
2019-12-10,4090.9107488374734,4011.676064771481,4072.182550785512,4088.0294875987097,10211.0,1994197.0,1250477648.0
2019-12-11,4163.902700219478,4100.514952966685,4104.356634618369,4147.095342993358,12433.0,3279946.0,1250453542.0
2019-12-12,4216.245612723677,4116.842099986343,4136.050508244765,4176.8683757939125,14017.0,2249828.0,1250413290.0
2019-12-13,4278.304330209071,4143.253661341673,4218.16645354952,4149.496394025661,23422.0,3928903.0,1250299493.0
2019-12-16,4312.2876540157895,4183.591318684361,4187.433000336046,4235.454020982101,12108.0,2329247.0,1250290799.0
2019-12-17,4301.723029473657,4178.309006413295,4178.309006413295,4280.113570182932,14955.0,2366555.0,1250249255.0
2019-12-18,4306.525131538263,4256.583270066365,4256.583270066365,4288.757353899222,10233.0,4409337.0,1250199189.0
2019-12-19,4346.382578674489,4283.955251834616,4300.762609060736,4318.5303866997765,10311.0,2367373.0,1250142269.0
2019-12-20,4382.952986947493,4317.089756080394,4337.738794958199,4353.585731771397,13488.0,3798594.0,1250086094.0
2019-12-23,4388.593055822372,4307.005341744723,4343.021107229265,4378.556662507346,7275.0,1276482.0,1250035885.0
2019-12-24,4380.477503333188,4338.219005164659,4379.997293126728,4355.506572597239,3339.0,414912.0,1249972656.0
2019-12-27,4412.171376959585,4353.225574116552,4377.596242094425,4368.472248171674,7146.0,989863.0,1249923674.0
2019-12-30,4365.11077672645,4314.640684027446,4349.263839913252,4328.614801035449,8917.0,988121.0,1249860596.0
2019-12-31,4356.947203216621,4297.401137615512,4297.401137615512,4324.773119383764,2677.0,664279.0,1249923674.0
2020-01-02,4369.912878791057,4331.496062274212,4340.139845990502,4347.34299908741,9918.0,1294950.0,1249710004.0
2020-01-03,4339.17942557758,4270.02915584726,4312.2876540157895,4325.733539796684,8510.0,1566534.0,1249685702.0
2020-01-06,4304.60429071242,4250.820747588839,4299.802188647816,4254.662429240522,11601.0,1874583.0,1249411639.0
2020-01-07,4286.35630286692,4224.409186233507,4276.271888531248,4264.266633369734,10384.0,1695816.0,1249393987.0
2020-01-08,4324.773119383764,4233.052969949797,4263.306212956813,4321.891858145001,11264.0,1971142.0,1249289298.0
2020-01-09,4356.46699301016,4274.831257911866,4356.46699301016,4274.831257911866,12031.0,3104013.0,1249155875.0
2020-01-10,4336.778374545277,4258.023900685747,4300.762609060736,4310.366813189948,8768.0,2471401.0,1249101547.0
2020-01-13,4381.437923746109,4309.406392777026,4332.936692893592,4374.714980855661,9250.0,1517151.0,1249100191.0
2020-01-14,4409.067298185024,4357.427413423081,4383.358764571952,4365.11077672645,7918.0,1703462.0,1248957037.0
2020-01-15,4399.68591159161,4311.327233602869,4366.071197139371,4343.981527642186,9214.0,1788967.0,1248867902.0
2020-01-16,4376.155611475044,4322.37206835146,4342.5408970228045,4347.34299908741,9025.0,1521370.0,1248866211.0
2020-01-17,4505.332157012934,4392.962968701162,4397.7650707657685,4466.915340496088,17869.0,3184514.0,1248807809.0
2020-01-20,4513.015520316301,4458.751766986258,4458.751766986258,4491.886271232036,9023.0,1500369.0,1248745449.0
2020-01-21,4446.266301618284,4348.303419500331,4442.4246199666,4426.097472946941,14019.0,2130866.0,1248616313.0
2020-01-22,4473.158073180075,4418.894319850033,4439.063148521376,4421.295370882335,14255.0,2205185.0,1248532433.0
2020-01-23,4398.7254911786895,4245.538435317772,4393.443178907623,4250.820747588839,18982.0,3161656.0,1248334492.0
2020-01-24,4338.219005164659,4253.221798621141,4303.163660093038,4262.826002750352,14352.0,2049178.0,1248300615.0
2020-01-27,4129.807775560778,4040.008466952654,4090.9107488374734,4049.132460875405,19968.0,4724797.0,1248099449.0
2020-01-28,4113.000418334659,4012.156274977942,4054.894983352931,4081.786754914722,15708.0,2500160.0,1248044767.0
2020-01-29,4145.174502167517,4071.22213037259,4117.322310192804,4072.662760991973,16019.0,2366891.0,1247969847.0
2020-01-30,4060.657505830459,3970.377987015873,3991.507236100138,4001.59165043581,16940.0,2719103.0,1247783535.0
2020-01-31,4025.1219505523777,3901.7079274920143,4020.319848487772,3922.3569663698177,14647.0,2443832.0,1248039324.0
2020-02-03,3950.689368550991,3869.053633452696,3901.227717285554,3921.876756163357,12601.0,2130633.0,1247623209.0
2020-02-04,4056.815824178774,3991.9874463066,3995.348917751823,4040.008466952654,16600.0,2680464.0,1247619150.0
2020-02-05,4151.417234851504,3992.94786671952,4009.2750137391786,4103.876424411908,17567.0,2955785.0,1247548692.0
2020-02-06,4170.145432903465,4045.2907792237206,4165.343330838859,4120.683781638028,17331.0,3033388.0,1247461474.0
2020-02-07,4136.050508244765,4006.873962706876,4086.108646772868,4021.2802689006926,14570.0,3136884.0,1247325039.0
2020-02-10,4042.889728191418,3940.604954215319,4008.794803532718,3959.333152267281,12422.0,2356335.0,1247237541.0
2020-02-11,4046.731409843104,3985.744713622611,4018.3990076619298,3988.145764654914,16552.0,2608243.0,1247137541.0
2020-02-12,4115.881679573422,3985.744713622611,3995.348917751823,4094.2722202826967,13420.0,2205826.0,1247129767.0
2020-02-13,4069.781499753208,4013.116695390863,4060.1772956239975,4051.533511907708,12149.0,1799650.0,1246977590.0
2020-02-14,4076.024232437196,4016.478166836088,4038.5678363332727,4030.884473029904,9674.0,2257361.0,1246940337.0
2020-02-17,4087.5492773922497,4034.726154681588,4043.8501486043374,4045.770989430181,7352.0,1488293.0,1246889254.0
2020-02-18,4020.319848487772,3977.100929906321,3997.2697585776655,4006.873962706876,9278.0,1458419.0,1246797777.0
2020-02-19,4060.657505830459,4010.2354341521,4028.483421997601,4035.206364888049,8160.0,1426004.0,1246701044.0
2020-02-20,4093.311799869776,4040.968887365575,4052.013722114168,4042.889728191418,10285.0,2027985.0,1246600188.0
2020-02-21,4054.894983352931,3968.937356396492,4006.3937525004153,4036.16678530097,14061.0,2735770.0,1246568117.0
2020-02-24,3919.475705131055,3782.135586083336,3919.475705131055,3808.547147438667,23217.0,4570482.0,1246473627.0
2020-02-25,3857.5285884976433,3759.56570637969,3853.686906845959,3760.5261267926094,17546.0,2825170.0,1246362831.0
2020-02-26,3822.473243426023,3700.4998509850416,3760.0459165861503,3757.644865553848,18280.0,4022963.0,1246305096.0
2020-02-27,3692.816487681672,3493.529252000542,3673.60807942325,3533.386699136768,34373.0,5398364.0,1246305096.0
2020-02-28,3533.386699136768,3331.2182022168745,3378.759012656469,3465.196849819369,44068.0,8223538.0,1246676222.0
2020-03-02,3740.357298121268,3472.957046755772,3640.953785383933,3572.763936066533,36922.0,8118693.0,1246676222.0
2020-03-03,3779.734535051033,3599.6557076283248,3649.597569100223,3670.246607978027,29416.0,4772535.0,1246676222.0
2020-03-04,3840.2410210650633,3698.5790101591992,3736.995826676044,3773.4918023670457,25395.0,4070950.0,1246676222.0
2020-03-05,3668.325767152184,3468.0781110581324,3668.325767152184,3504.093876542674,21361.0,4618975.0,1246676222.0
2020-03-06,3473.360423329199,3366.2735472884947,3408.532045457024,3366.2735472884947,31344.0,6126854.0,1246676222.0
2020-03-09,3371.0756493531007,3055.577543708516,3264.468983518857,3120.40592158069,46362.0,8179158.0,1246676222.0
2020-03-10,3388.2671747443887,3199.1603954402217,3248.1418364991982,3226.0521670020125,45911.0,6812750.0,1246676222.0
2020-03-11,3362.912075843271,3202.71846494397,3302.8858000357013,3231.3344792730786,36481.0,5154638.0,1246676222.0
2020-03-12,3103.11835414811,2850.527785549858,3039.7306068953167,2850.527785549858,46289.0,6277296.0,1246676222.0
2020-03-13,3298.083697971096,2977.3032800554447,3255.8251998025667,3144.416431903718,49748.0,9024745.0,1246676222.0
2020-03-16,3245.2605752604345,2923.039526725402,3021.002408843356,3224.611536382631,41659.0,6954655.0,1246676222.0
2020-03-17,3360.9912350174286,3124.727813438835,3360.9912350174286,3259.186671247791,34157.0,5995751.0,1246676222.0
2020-03-18,3191.957242343313,2992.6700066621825,3025.804510907961,3134.8122277745065,29571.0,5310923.0,1246676222.0
2020-03-19,3218.368803698644,2933.1239410610738,3110.801717451479,3046.933759992225,30696.0,5695594.0,1246676222.0
2020-03-20,3283.677391777279,3043.5722885470013,3196.279134201458,3084.870366302609,35993.0,6008232.0,1246676222.0
2020-03-23,3086.9880933131003,2837.0818997689626,2882.2216591762544,2977.3032800554447,34398.0,4772808.0,1246676222.0
2020-03-24,3414.7747781410108,3104.558984767492,3115.123609309624,3414.7747781410108,29709.0,5443428.0,1246676222.0
2020-03-25,3687.0539652041457,3363.3922860497314,3531.9460685173863,3668.8059773586447,42233.0,7793575.0,1246676222.0
2020-03-26,3608.400623614096,3442.626970115723,3462.3155885806063,3601.576548454166,24070.0,4386367.0,1246676222.0
2020-03-27,3479.122945806725,3301.2602884868325,3431.10192516067,3388.3632167856804,32699.0,4916774.0,1246676222.0
2020-03-30,3548.753425743506,3363.872496256192,3419.096669999156,3528.5845970721625,21854.0,3557793.0,1246676222.0
2020-03-31,3578.0462483376,3463.756219199988,3518.980392942952,3571.323305447152,32508.0,5336308.0,1246679820.0
2020-04-01,3546.832584917664,3426.2998230960643,3442.626970115723,3464.236429406448,26030.0,3762961.0,1246679820.0
2020-04-02,3616.463064854444,3468.5583212645934,3473.840633535659,3574.204566685916,26987.0,3956787.0,1246679820.0
2020-04-03,3642.874626209775,3512.737660258964,3536.7481705819923,3612.1411729962992,26489.0,3793673.0,1246679820.0
2020-04-06,3696.658169333357,3610.700542376917,3624.146428157813,3627.027689396577,16935.0,2744861.0,1246679820.0
2020-04-07,3760.0459165861503,3592.4525545314164,3692.336277475212,3627.027689396577,30918.0,4488849.0,1246679820.0
2020-04-08,3593.4129749443377,3489.687570348857,3554.515948221033,3550.674266569348,15778.0,2885638.0,1246679820.0
2020-04-09,3703.861322430265,3532.426278723847,3647.676728274381,3700.4998509850416,23150.0,4118124.0,1246679820.0
2020-04-14,3786.6418786607614,3648.156938480841,3755.724024728005,3671.687238597408,15906.0,3017610.0,1246679820.0
2020-04-15,3673.12786921679,3515.138711291267,3637.5923139387087,3523.302284801096,16356.0,3415947.0,1246679820.0
2020-04-16,3594.853605563719,3528.104386865702,3530.9856481044653,3547.7930053305845,20135.0,3989480.0,1246679820.0
2020-04-17,3764.367808444296,3643.3548364162352,3721.148889862845,3665.444505913421,21584.0,7086337.0,1246679820.0
2020-04-20,3682.25186313954,3572.2837258600725,3649.597569100223,3680.811232520159,14643.0,2097466.0,1246679820.0
2020-04-21,3592.4525545314164,3486.8063091100944,3568.922254414849,3489.687570348857,15774.0,2299472.0,1246679820.0
2020-04-22,3618.3839056802863,3476.7218947744227,3499.771984684529,3618.3839056802863,12814.0,2269162.0,1246679820.0
2020-04-23,3680.331022313698,3564.600362556705,3568.922254414849,3633.270422080564,12152.0,2162364.0,1246679820.0
2020-04-24,3665.444505913421,3572.763936066533,3590.531713705574,3601.576548454166,12403.0,2240792.0,1246679820.0
2020-04-27,3676.4893406620135,3583.3045500983426,3634.7110526999454,3611.6609627898383,8831.0,1542838.0,1246679820.0
2020-04-28,3668.8059773586447,3566.5212033825464,3611.180752583378,3622.705797538432,10628.0,1631559.0,1246679820.0
2020-04-29,3790.299159593165,3605.4182301058513,3635.191262906406,3786.937688147942,16917.0,2721116.0,1246679820.0
2020-04-30,3762.687072721684,3528.5845970721625,3741.3177185341888,3538.669011407834,24436.0,4431149.0,1246691016.0
2020-05-01,3471.4395825033566,3385.0017453404566,3432.0623455735904,3471.4395825033566,12328.0,1919451.0,1246691016.0
2020-05-04,3460.394747754764,3379.7194330693906,3445.028021148026,3416.2154087603926,13065.0,2377111.0,1246691016.0
2020-05-05,3507.455347987898,3417.6560393797745,3482.004207045489,3456.0728558966184,12519.0,1885304.0,1246691016.0
2020-05-06,3523.782495007557,3433.5029761929727,3433.5029761929727,3461.355168167685,12077.0,2144884.0,1246691016.0
2020-05-07,3612.1411729962992,3476.2589721353943,3486.326098903634,3578.0462483376,12903.0,3604525.0,1246691016.0
2020-05-08,,,,,,,
2020-05-11,3623.666217951353,3469.9989518839743,3606.378650518772,3528.5845970721625,12517.0,2353602.0,1246691016.0
2020-05-12,3612.1411729962992,3501.692825510371,3519.460603149412,3566.5212033825464,14656.0,2148648.0,1246691016.0
2020-05-13,3619.344326093208,3511.297029639583,3554.996158427493,3582.848350402205,11704.0,2243068.0,1246691016.0
2020-05-14,3636.631893525788,3490.167780555318,3538.669011407834,3608.299491344615,19140.0,3052573.0,1246691016.0
2020-05-15,3808.066937232206,3610.700542376917,3665.924716119882,3766.7688594765978,27608.0,4115630.0,1246691016.0
2020-05-18,4085.6284365664073,3864.251531388091,3889.7026723305007,4058.736665004617,27228.0,4483973.0,1246691016.0
2020-05-19,4129.807775560778,4018.879217868389,4102.916003998987,4100.514952966685,19006.0,3082245.0,1246691016.0
2020-05-20,4145.174502167517,4021.760479107153,4070.741920166129,4116.842099986343,14328.0,2453369.0,1246691016.0
2020-05-21,4125.005673496173,4044.3303588108,4076.024232437196,4044.3303588108,11203.0,2619159.0,1246691016.0
2020-05-22,4096.193061108539,3921.876756163357,3937.723692976556,4093.7920100762367,14922.0,2253401.0,1246691016.0
2020-05-25,,,,,,,
2020-05-26,4135.186129873136,3980.942611558006,4110.119157095896,4014.077115803784,16766.0,3008530.0,1246691016.0
2020-05-27,4118.762940812185,4003.512491261653,4028.00321179114,4090.430538631013,19254.0,2873119.0,1246691016.0
2020-05-28,4147.095342993358,4086.5888569793287,4129.807775560778,4118.762940812185,15348.0,2584371.0,1246691016.0
2020-05-29,4237.855072014403,4117.802520399264,4130.28798576724,4142.293240928752,17959.0,4011425.0,1246691016.0
2020-06-01,4306.525131538263,4164.297048841023,4302.683449886578,4203.760147355703,10995.0,2097645.0,1246691016.0
2020-06-02,4276.271888531248,4193.675733020033,4227.290447472272,4267.147894608496,14344.0,2343568.0,1246691016.0
2020-06-03,4340.620056196962,4239.2957026337845,4307.965762157644,4340.139845990502,13316.0,2586144.0,1246691016.0
2020-06-04,4343.021107229265,4279.153149770012,4314.208494841631,4293.079245757368,12459.0,2025149.0,1246691016.0
2020-06-05,4372.313929823359,4284.536306184434,4341.100266403423,4369.912878791057,15763.0,2848743.0,1246691016.0
2020-06-08,4419.374530056493,4331.496062274212,4331.496062274212,4381.91813395257,16045.0,2536026.0,1246691016.0
2020-06-09,4432.820415837389,4284.435462041077,4417.933899437112,4345.902368468028,15670.0,3075697.0,1246691016.0
2020-06-10,4411.691166753125,4327.654380622527,4369.912878791057,4397.284860559308,10946.0,1909537.0,1246691016.0
2020-06-11,4351.184680739094,4286.35630286692,4321.891858145001,4317.089756080394,18853.0,3325487.0,1246691016.0
2020-06-12,4440.023568934297,4233.533180156258,4234.49360056918,4414.092217785426,26275.0,5157313.0,1246691016.0
2020-06-15,4321.891858145001,4218.646663755981,4254.662429240522,4303.163660093038,16007.0,2592580.0,1246691016.0
2020-06-16,4448.187142444127,4350.224260326172,4417.933899437112,4399.68591159161,17644.0,3074130.0,1246691016.0
2020-06-17,4429.458944392165,4338.69921537112,4398.7254911786895,4404.007803449756,18762.0,2816979.0,1246691016.0
2020-06-18,4398.7254911786895,4299.321978441354,4360.308674661845,4326.693960209605,19438.0,2946958.0,1246691016.0
2020-06-19,4382.398344159031,4283.475041628156,4321.891858145001,4290.197984518604,16031.0,9717765.0,1246691016.0
2020-06-22,4359.348254248924,4261.865582337431,4261.865582337431,4346.382578674489,14585.0,1804106.0,1246691016.0
2020-06-23,4435.701677076152,4344.461737848646,4374.234770649201,4418.894319850033,13258.0,2366712.0,1246691016.0
2020-06-24,4413.131797372506,4308.445972364104,4384.319184984873,4317.089756080394,12499.0,1884149.0,1246691016.0
2020-06-25,4376.635821681503,4250.340537382378,4250.340537382378,4351.184680739094,10763.0,1458858.0,1246691016.0
2020-06-26,4440.023568934297,4344.461737848646,4420.334950469414,4354.065941977858,9776.0,1367898.0,1246691016.0
2020-06-29,4385.279605397794,4294.5198763767485,4315.649125461013,4358.387833836003,12412.0,1935376.0,1246691016.0
2020-06-30,4387.200446223636,4309.406392777026,4358.387833836003,4368.952458378135,10790.0,1846660.0,1246691069.0
2020-07-01,4369.912878791057,4269.5489456408,4360.308674661845,4271.949996673104,11186.0,1814336.0,1246691069.0
2020-07-02,4391.522338081781,4310.366813189948,4356.46699301016,4365.11077672645,11743.0,1842005.0,1246691069.0
2020-07-03,4358.387833836003,4252.74158841468,4343.981527642186,4282.0344110087735,6485.0,1057358.0,1246691069.0
2020-07-06,4374.234770649201,4328.614801035449,4336.298164338817,4369.912878791057,11644.0,1653126.0,1246691069.0
2020-07-07,4393.923389114083,4296.920927409051,4366.071197139371,4389.121287049478,7941.0,1436966.0,1246691069.0
2020-07-08,4436.662097489073,4352.625311358476,4378.556662507346,4429.458944392165,12903.0,1804747.0,1246691069.0
2020-07-09,4487.084169167431,4404.488013656216,4463.553869050864,4429.458944392165,13935.0,1952950.0,1246691069.0
2020-07-10,4456.350715953956,4363.67014610707,4371.353509410437,4433.30062604385,8218.0,1683014.0,1246691069.0
2020-07-13,4608.577351401952,4488.044589580352,4495.727952883722,4571.6011655044895,14270.0,2135557.0,1246691069.0
2020-07-14,4633.5482821379,4515.896781555065,4534.144769400566,4633.5482821379,18977.0,3154530.0,1246691069.0
2020-07-15,4737.2736867333815,4630.186810692678,4707.980864139287,4652.756690396323,17018.0,2793935.0,1246691069.0
2020-07-16,4670.524468035364,4579.764739014319,4606.176300369649,4632.10765151852,10704.0,1616005.0,1246691069.0
2020-07-17,4751.199782720737,4650.355639364021,4667.643206796601,4745.4372602432095,13056.0,3231107.0,1246691069.0
2020-07-20,4770.888401185621,4695.975608977773,4726.709062191248,4763.205037882251,10933.0,2102260.0,1246691069.0
2020-07-21,4793.458280889266,4610.4689954472415,4762.72482767579,4653.236900602784,17196.0,2394692.0,1246691069.0
2020-07-22,4694.054768151931,4581.685579840161,4668.12341700306,4629.226390279756,13403.0,2119077.0,1246691069.0
2020-07-23,4658.51921287385,4603.295039130887,4638.350384202507,4625.384708628072,11930.0,1581794.0,1246691069.0
2020-07-24,4575.442847156174,4525.035181784009,4562.957381788199,4559.595910342976,11795.0,1407449.0,1246691069.0
2020-07-27,4663.321314938455,4556.714649104212,4589.3689431435305,4647.474378125256,11843.0,1965635.0,1246691069.0
2020-07-28,4671.004678241824,4539.427081671633,4645.073327092955,4576.403267569094,11456.0,1557840.0,1246691069.0
2020-07-29,4662.360894525534,4542.788553116856,4576.883477775556,4608.097141195492,10523.0,1684383.0,1246691069.0
2020-07-30,4633.0680719314405,4425.61726274048,4626.345129040992,4490.4456406126565,14259.0,1998512.0,1246691069.0
2020-07-31,4513.975940729223,4397.7650707657685,4478.440385451141,4432.340205630928,15509.0,2835685.0,1246700002.0
2020-08-03,4633.5482821379,4440.023568934297,4440.023568934297,4615.3002942924,15871.0,2081028.0,1246700002.0
2020-08-04,4613.859663673018,4531.743718368263,4565.838643026963,4583.126210459543,12286.0,1955667.0,1246700002.0
2020-08-05,4761.764407262869,4598.01272685982,4601.8544085115045,4761.764407262869,16076.0,2825646.0,1246700002.0
2020-08-06,4625.384708628072,4511.57488969692,4621.062816769926,4533.1843489876455,15147.0,2488291.0,1246700002.0
2020-08-07,4560.556330755897,4472.677862973615,4516.3769917615255,4484.683118135128,10978.0,2213384.0,1246700002.0
2020-08-10,4557.194859310673,4473.158073180075,4509.173838664617,4507.252997838775,10193.0,1429868.0,1246700002.0
2020-08-11,4643.632696473573,4519.738463206749,4527.421826510118,4542.788553116856,17443.0,2433553.0,1246700002.0
2020-08-12,4658.999423080311,4496.208163090182,4523.099934651973,4646.513957712336,14221.0,2024269.0,1246700002.0
2020-08-13,4585.047051285384,4509.654048871078,4571.120955298029,4564.398012407581,9173.0,1225598.0,1246700002.0
2020-08-14,4560.076120549436,4467.87576090901,4535.105189813487,4519.258253000289,9695.0,1439697.0,1246700002.0
2020-08-17,4637.389963789586,4542.308342910395,4542.308342910395,4594.171045208135,9389.0,1921075.0,1246700002.0
2020-08-18,4659.479633286771,4554.31359807191,4588.40852273061,4607.616930989031,9899.0,1430277.0,1246700002.0
2020-08-19,4635.949333170203,4556.234438897752,4597.532516653359,4600.893988098584,7319.0,1040722.0,1246700002.0
2020-08-20,4554.79380827837,4472.677862973615,4515.416571348604,4479.400805864062,12388.0,2160757.0,1246700002.0
2020-08-21,4513.015520316301,4429.939154598625,4489.965430406195,4500.530054948326,11197.0,2740472.0,1246700002.0
2020-08-24,4622.983657595769,4525.020775477816,4555.75422869129,4543.268763323316,8418.0,1131680.0,1246700002.0
2020-08-25,4561.996961375278,4426.097472946941,4511.094679490459,4440.503779140759,9681.0,1629102.0,1246700002.0
2020-08-26,4510.134259077538,4424.656842327559,4443.865250585981,4510.134259077538,8278.0,1481143.0,1246700002.0
2020-08-27,4532.223928574724,4427.057893359863,4498.129003916024,4427.057893359863,8047.0,1409405.0,1246700002.0
2020-08-28,4469.316391528391,4408.80990551436,4454.429875128114,4451.54861388935,10777.0,2003863.0,1246700002.0
2020-08-31,,,,,,,
2020-09-01,4493.326901851418,4388.160866636557,4484.202907928669,4470.757022147772,15912.0,2648302.0,1246700002.0
2020-09-02,4571.6011655044895,4473.638283386536,4514.456150935683,4473.638283386536,11003.0,1870385.0,1246700002.0
2020-09-03,4487.084169167431,4312.76786422225,4473.158073180075,4324.773119383764,11526.0,1822726.0,1246700002.0
2020-09-04,4460.672607812102,4301.723029473657,4318.050176493315,4394.403599320544,14286.0,1808756.0,1246700002.0
2020-09-07,4512.05509990338,4419.374530056493,4443.865250585981,4495.247742677261,7026.0,1131291.0,1246700002.0
2020-09-08,4529.34266733596,4440.023568934297,4507.733208045235,4513.975940729223,10160.0,1866366.0,1246700002.0
2020-09-09,4620.5826065634665,4499.089424328946,4507.733208045235,4600.413777892122,15878.0,1988293.0,1246700002.0
2020-09-10,4640.423739789921,4536.065610226408,4618.181555531164,4594.651255414597,9775.0,1607175.0,1246700002.0
2020-09-11,4832.835517819031,4595.6116758275175,4595.6116758275175,4794.418701302187,14635.0,2238021.0,1246700002.0
2020-09-14,4856.0508000401605,4785.294707379437,4839.558460709479,4802.102064605555,12140.0,1585904.0,1246700002.0
2020-09-15,4970.175636866751,4831.8750974061095,4850.123085251612,4931.758820349906,15549.0,3663837.0,1246700002.0
2020-09-16,4918.31293456901,4834.756358644874,4864.529391445429,4850.123085251612,16410.0,4185545.0,1246700002.0
2020-09-17,4812.666689147688,4677.247410925811,4689.732876293786,4792.497860476345,18388.0,6600148.0,1246700002.0
2020-09-18,4897.183685484746,4808.825007496004,4825.152154515663,4808.825007496004,15184.0,5001452.0,1246700002.0
2020-09-21,4770.533045632839,4570.160534885107,4735.833056113999,4613.859663673018,16181.0,2421971.0,1246700002.0
2020-09-22,4629.226390279756,4571.6011655044895,4585.527261491845,4583.606420666002,11174.0,2321478.0,1246700002.0
2020-09-23,4646.033747505876,4541.347922497474,4642.672276060652,4588.888732937069,15392.0,2212594.0,1246700002.0
2020-09-24,4635.469122963744,4515.416571348604,4515.416571348604,4622.023237182848,13088.0,2789732.0,1246700002.0
2020-09-25,4612.419033053636,4490.925850819116,4605.696090163189,4545.66981435562,12888.0,2092867.0,1246700002.0
2020-09-28,4578.804318601397,4447.7069322376665,4534.144769400566,4493.326901851418,11656.0,3120827.0,1246700002.0
2020-09-29,4536.065610226408,4456.350715953956,4476.99975483176,4525.500985684276,10778.0,1879769.0,1246700002.0
2020-09-30,4583.606420666002,4469.796601734852,4490.925850819116,4471.237232354233,11824.0,2349645.0,1246701870.0
2020-10-01,4549.031285800843,4447.7069322376665,4522.139514239052,4464.514289463785,12415.0,2127105.0,1246701870.0
2020-10-02,4515.896781555065,4382.398344159031,4414.092217785426,4508.213418251696,11022.0,1813734.0,1246701870.0
2020-10-05,4551.432336833145,4463.553869050864,4541.828132703934,4501.010265154788,9338.0,1209149.0,1246701870.0
2020-10-06,4564.398012407581,4448.667352650587,4563.43759199466,4468.355971115469,10838.0,1441019.0,1246701870.0
2020-10-07,4604.255459543807,4424.176632121099,4456.350715953956,4573.522006330332,12223.0,1968590.0,1246701870.0
2020-10-08,4584.086630872464,4497.168583503103,4573.522006330332,4551.912547039607,11902.0,1626898.0,1246701870.0
2020-10-09,4675.80678030643,4563.91780220112,4587.928312524148,4610.498192227795,11213.0,1715521.0,1246701870.0
2020-10-12,4600.413777892122,4531.263508161803,4556.234438897752,4542.308342910395,10888.0,1799366.0,1246701870.0
2020-10-13,4564.398012407581,4488.044589580352,4537.98645105225,4527.902036716579,10434.0,1510523.0,1246701870.0
2020-10-14,4576.403267569094,4500.049844741867,4546.6302347685405,4521.659304032591,8838.0,1248309.0,1246701870.0
2020-10-15,4489.485220199735,4400.646332004531,4459.71218739918,4473.158073180075,14637.0,2456856.0,1246701870.0
2020-10-16,4546.15002456208,4462.593448637944,4465.954920083167,4462.593448637944,10844.0,1973246.0,1246701870.0
2020-10-19,4493.326901851418,4418.894319850033,4450.107983269969,4424.656842327559,10631.0,2490058.0,1246701870.0
2020-10-20,4439.063148521376,4368.952458378135,4388.160866636557,4408.329695307901,9176.0,1507558.0,1246701870.0
2020-10-21,4450.107983269969,4345.422158261567,4428.018313772783,4401.606752417452,11982.0,1810656.0,1246701870.0
2020-10-22,4417.4536892306505,4336.778374545277,4396.804650352848,4366.551407345832,10701.0,1667914.0,1246701870.0
2020-10-23,4443.38504037952,4341.100266403423,4353.585731771397,4396.804650352848,10880.0,1951801.0,1246701870.0
2020-10-26,4367.992037965214,4289.237564105682,4308.926182570565,4308.926182570565,12432.0,1710989.0,1246701870.0
2020-10-27,4276.271888531248,4222.008135201206,4270.02915584726,4251.781168001759,16383.0,2327089.0,1246701870.0
2020-10-28,4221.047714788284,4088.989908011631,4213.364351484916,4097.15348152146,22627.0,3284657.0,1246701870.0
2020-10-29,4193.675733020033,4084.1878059470255,4093.7920100762367,4162.462069600096,21790.0,2733590.0,1246701870.0
2020-10-30,4201.8393065298615,4118.762940812185,4120.203571431567,4184.551739097282,14836.0,2366988.0,1246790228.0
2020-11-02,4295.96050699613,4149.496394025661,4187.913210542505,4252.261378208219,13657.0,2213919.0,1246790228.0
2020-11-03,4390.081707462399,4299.321978441354,4318.5303866997765,4320.451227525618,14442.0,2007854.0,1246790228.0
2020-11-04,4304.60429071242,4193.195522813572,4239.2957026337845,4264.746843576194,15753.0,2500533.0,1246790228.0
2020-11-05,4360.788884868305,4266.187474195575,4270.509366053721,4314.688705048093,13828.0,2534335.0,1246790228.0
2020-11-06,4459.23197719272,4293.559455963828,4320.93143773208,4439.063148521376,13622.0,3113016.0,1246790228.0
2020-11-09,4639.310804615428,4451.54861388935,4521.179093826131,4451.54861388935,22098.0,2895940.0,1246790228.0
2020-11-10,4609.0575616084125,4450.107983269969,4493.80711205788,4586.487681904767,23857.0,3073367.0,1246790228.0
2020-11-11,4599.453357479201,4479.90982868291,4479.90982868291,4584.086630872464,15243.0,2619357.0,1246790228.0
2020-11-12,4599.453357479201,4503.411316187091,4555.75422869129,4576.403267569094,14752.0,2745027.0,1246790228.0
2020-11-13,4581.685579840161,4502.450895774169,4549.991706213765,4544.709393942699,12166.0,2057775.0,1246790228.0
2020-11-16,4625.384708628072,4568.527820183142,4574.962636949713,4592.730414588754,18300.0,2783154.0,1246790228.0
2020-11-17,4626.8253392474535,4516.857201967986,4586.487681904767,4559.1157001365145,12215.0,2491062.0,1246790228.0
2020-11-18,4610.498192227795,4528.8624571295,4556.234438897752,4607.616930989031,14389.0,2191309.0,1246790228.0
2020-11-19,4593.690835001675,4527.421826510118,4543.268763323316,4529.34266733596,12483.0,1853570.0,1246790228.0
2020-11-20,4614.820084085939,4550.471916420224,4553.8333878654485,4584.086630872464,14828.0,2241004.0,1246790228.0
2020-11-23,4678.688041545193,4606.65651057611,4630.186810692678,4673.405729274127,16295.0,2520778.0,1246790228.0
2020-11-24,4874.133595574639,4678.207831338733,4733.432005081697,4853.004346490374,18908.0,3125666.0,1246790228.0
2020-11-25,4836.677199470717,4691.653717119628,4822.270893276899,4723.827800952487,20347.0,3057900.0,1246790228.0
2020-11-26,4768.967560359777,4690.213086500246,4764.165458295172,4707.500653932827,7666.0,1098449.0,1246790228.0
2020-11-27,4739.194527559223,4653.717110809243,4653.717110809243,4727.669482604169,14724.0,4102561.0,1246790228.0
2020-11-30,4744.4768398302895,4642.672276060652,4713.743386616814,4642.672276060652,13545.0,3861173.0,1246898844.0
2020-12-01,4812.666689147688,4665.722365970758,4686.371404848563,4799.701013573253,16962.0,2481438.0,1246898844.0
2020-12-02,5060.455155681335,4763.205037882251,4801.141644192635,5031.642543293702,21984.0,3249555.0,1246898844.0
2020-12-03,5185.30980936108,5042.207167835833,5090.228188481889,5168.0222419285,21022.0,3023718.0,1246898844.0
2020-12-04,5248.697556613873,5139.209629540866,5188.1910705998425,5234.291250420056,13681.0,2403980.0,1246898844.0
2020-12-07,5297.678997672849,5231.409989181293,5273.668487349823,5244.855874962189,11745.0,2048411.0,1246898844.0
2020-12-08,5300.560258911613,5189.151491012764,5235.251670832978,5228.528727942529,15138.0,3679993.0,1246898844.0
2020-12-09,5263.103862807689,5142.090890779629,5221.805785052081,5156.497196973446,14539.0,3857485.0,1246898844.0
2020-12-10,5342.818757080142,5181.468127709395,5206.439058445344,5306.322781389139,14133.0,2436336.0,1246898844.0
2020-12-11,5360.106324512722,5277.510169001505,5295.758156847007,5326.491610060482,13581.0,2045335.0,1246898844.0
2020-12-14,5411.969026810461,5298.63941808577,5329.372871299247,5322.649928408799,12375.0,2177571.0,1246898844.0
2020-12-15,5415.810708462145,5304.401940563297,5330.333291712168,5381.235573596986,10942.0,2080391.0,1246898844.0
2020-12-16,5468.633831172808,5324.5707692346405,5412.929447223382,5329.372871299247,11737.0,3103358.0,1246898844.0
2020-12-17,5453.267104566069,5374.5126307065375,5392.76061855204,5383.156414422828,10553.0,1873910.0,1246898844.0
2020-12-18,5530.100737599758,5394.681459377881,5474.396353650333,5430.217014655962,13362.0,4014357.0,1246898844.0
2020-12-21,5512.813170167178,5290.956054782402,5380.275153184066,5385.077255248671,19861.0,2901243.0,1246898844.0
2020-12-22,5456.91670213517,5306.322781389139,5322.649928408799,5359.145904099802,8596.0,1266179.0,1246898844.0
2020-12-23,5386.998096074512,5321.689507995878,5350.502120383511,5378.354312358223,6288.0,1018891.0,1246898844.0
2020-12-24,5415.810708462145,5334.174973363852,5396.602300203724,5353.383381622273,1779.0,304294.0,1246898844.0
2020-12-28,,,,,,,
2020-12-29,5542.586202967733,5384.11683483575,5406.206504332935,5409.087765571698,15672.0,1984575.0,1246898844.0
2020-12-30,5415.677690234957,5308.243622214982,5391.800198139118,5322.649928408799,6801.0,940096.0,1246898844.0
2020-12-31,5317.847826344192,5219.884944226239,5263.103862807689,5253.499658678478,3803.0,782292.0,1246904242.0
2021-01-04,5581.963439897499,5362.027165338564,5362.027165338564,5525.298635535153,17421.0,2082626.0,1246904242.0
2021-01-05,5543.546623380654,5452.306684153148,5491.683921082914,5539.704941728969,10591.0,1320785.0,1246904242.0
2021-01-06,5884.495869967648,5529.140317186837,5581.963439897499,5872.970825012595,24332.0,2831561.0,1246904242.0
2021-01-07,6078.500793377713,5916.1897435940455,6002.627580756945,6060.252805532212,20033.0,3847488.0,1246904242.0
2021-01-08,6125.561393610847,5989.181694976049,6076.579952551871,6060.252805532212,17338.0,3719438.0,1246904242.0
2021-01-11,6054.490283054685,5861.445780057541,6041.044397273789,5948.844037633363,19784.0,3319441.0,1246904242.0
2021-01-12,5951.128877795703,5794.216351153063,5921.952266071572,5885.45629038057,16620.0,2106997.0,1246904242.0
2021-01-13,5861.445780057541,5735.630705964875,5817.266441063171,5756.75995504914,12187.0,1862957.0,1246904242.0
2021-01-14,5906.585539464834,5738.51196720364,5749.076591745772,5889.297972032254,11688.0,1834333.0,1246904242.0
2021-01-15,5888.337551619333,5619.419836001422,5879.146328267678,5710.659775228928,13988.0,2311809.0,1246904242.0
2021-01-18,5744.2744896811655,5671.282538299161,5684.728424080056,5737.551546790719,8169.0,1073887.0,1246904242.0
2021-01-19,5842.23737179912,5661.678334169951,5785.572567436773,5682.807583254215,13507.0,2012582.0,1246904242.0
2021-01-20,5807.662236933959,5697.213889448031,5724.105661009823,5795.176771565984,12523.0,2153289.0,1246904242.0
2021-01-21,5836.474849321593,5679.926322015452,5829.7519064311455,5689.530526144664,13231.0,1810891.0,1246904242.0
2021-01-22,5673.203379125004,5574.280076594129,5667.440856647477,5643.43034632445,17994.0,1813806.0,1246904242.0
2021-01-25,5745.234910094087,5607.894791046368,5682.807583254215,5644.3907667373705,19735.0,2244763.0,1246904242.0
2021-01-26,5729.86818348735,5611.736472698053,5611.736472698053,5675.124219950846,12886.0,1512687.0,1246904242.0
2021-01-27,5627.103199304791,5421.573230939673,5575.240497007051,5507.050647689653,25744.0,3108561.0,1246904242.0
2021-01-28,5519.536113057626,5334.174973363852,5358.185483686879,5459.990047456517,21279.0,2399023.0,1246904242.0
2021-01-29,5446.544161675622,5285.193532304875,5285.193532304875,5367.78968781609,14865.0,2188729.0,1246983686.0
2021-02-01,5517.615272231784,5377.393891945301,5404.285663507092,5447.504582088543,18333.0,1728760.0,1246983686.0
2021-02-02,5488.80265984415,5356.264642861037,5459.990047456517,5395.641879790802,19422.0,2343446.0,1246983686.0
2021-02-03,5521.4569538834685,5354.343802035195,5506.090227276731,5413.889867636304,15552.0,1635111.0,1246983686.0
2021-02-04,5525.298635535153,5371.631369467776,5490.723500669993,5424.454492178435,14742.0,1522257.0,1246983686.0
2021-02-05,5439.821218785174,5358.185483686879,5434.058696307647,5397.5627206166455,17367.0,2488764.0,1246983686.0
2021-02-08,5543.546623380654,5462.87130869528,5503.208966037967,5532.0215784256,16750.0,2029109.0,1246983686.0
2021-02-09,5568.517554116603,5499.367284386283,5568.517554116603,5541.625782554812,13474.0,1831522.0,1246983686.0
2021-02-10,5738.51196720364,5588.686382787946,5638.628244259844,5687.60968531882,16879.0,2414793.0,1246983686.0
2021-02-11,5752.918273397456,5633.826142195238,5728.907763074429,5678.005481189609,13746.0,2919855.0,1246983686.0
2021-02-12,5710.659775228928,5581.963439897499,5629.024040130632,5699.134730273874,10032.0,1403688.0,1246983686.0
2021-02-15,5968.052445891784,5781.730885785089,5782.69130619801,5941.1606743299935,11775.0,1458166.0,1246983686.0
2021-02-16,6201.699202055375,5923.873106897414,6039.123556447948,6012.231784886157,17910.0,2091674.0,1246983686.0
2021-02-17,6293.634965872042,5985.340013324365,6072.738270900186,5988.221274563128,20759.0,2822680.0,1246983686.0
2021-02-18,6251.376467703512,5927.714788549099,6055.450703467606,5988.221274563128,19728.0,2594386.0,1246983686.0
2021-02-19,6148.611483520955,5950.764878459205,5984.379592911444,6100.590462874898,16190.0,3124445.0,1246983686.0
2021-02-22,6178.384516321508,6016.07346653784,6129.403075262531,6069.857009661423,19850.0,2317725.0,1246983686.0
2021-02-23,6172.621993843981,5924.833527310335,6148.611483520955,6062.173646358054,20795.0,2096019.0,1246983686.0
2021-02-24,6175.503255082745,5976.887449312288,6040.0839768608685,6103.471724113661,20586.0,1854481.0,1246983686.0
2021-02-25,6242.732683987223,6162.05736930185,6185.107459211956,6223.524275728801,22783.0,2600006.0,1246983686.0
2021-02-26,6164.938630540613,5927.714788549099,6089.0654179198455,5942.121094742915,26755.0,3751171.0,1247681907.0
2021-03-01,6088.104997506924,6000.706739931104,6027.5985114928935,6053.529862641763,18166.0,2020838.0,1247681907.0
2021-03-02,6237.930581922617,5977.656650020996,6027.5985114928935,6181.265777560271,20679.0,3064314.0,1247681907.0
2021-03-03,6285.951602568673,6081.382054616476,6244.653524813065,6180.30535714735,19337.0,2375949.0,1247681907.0
2021-03-04,5936.4886723022455,5675.426803273424,5906.403475499668,5704.541509856564,32262.0,3190546.0,1247681907.0
2021-03-05,5845.262591675073,5612.344939009954,5638.548174934779,5681.249744590052,21316.0,2522171.0,1247681907.0
2021-03-08,5866.61337650271,5670.574352176234,5731.715236000828,5861.76092540552,17676.0,2227726.0,1247681907.0
2021-03-09,5804.502002458677,5544.4106236492935,5724.921804464761,5647.282586909721,27857.0,3361292.0,1247681907.0
2021-03-10,5571.5843497935575,5258.116008915084,5571.5843497935575,5482.299249605261,33166.0,3259221.0,1247681907.0
2021-03-11,5669.603861956795,5575.46631067131,5580.318761768499,5610.403958571077,22335.0,2693436.0,1247681907.0
2021-03-12,5621.079350984896,5521.118858382782,5579.348271549062,5575.46631067131,15219.0,1716885.0,1247681907.0
2021-03-15,5593.726666444168,5391.07316897809,5562.849937818616,5431.833758194485,23341.0,4557036.0,1247681907.0
2021-03-16,5470.653366972006,5385.250227661462,5454.15503324156,5444.45013104718,18518.0,3838063.0,1247681907.0
2021-03-17,5449.30258214437,5298.87659813148,5422.128856000106,5298.87659813148,23940.0,3889415.0,1247681907.0
2021-03-18,5424.069836438981,5318.28640252024,5341.578167786752,5393.984639636404,27167.0,3295874.0,1247681907.0
2021-03-19,5404.660032050221,5259.086499134522,5336.725716689562,5309.5519905452975,22166.0,5813356.0,1247681907.0
2021-03-22,5279.46679374272,5204.7390468459935,5260.05698935396,5227.060321893067,18901.0,2465539.0,1247681907.0
2021-03-23,5256.175028476207,5162.037477190722,5188.240713115547,5187.27022289611,16232.0,2066005.0,1247681907.0
2021-03-24,5284.3192448399095,5173.683359823977,5183.388262018358,5261.997969792836,16338.0,2280123.0,1247681907.0
2021-03-25,5263.938950231712,5118.365417316011,5229.001302331944,5191.152183773862,21075.0,2345921.0,1247681907.0
2021-03-26,5386.2207178809,5249.381596940142,5262.968460012274,5369.722384150454,17033.0,2075399.0,1247681907.0
2021-03-29,5407.571502708536,5318.28640252024,5347.40110910338,5318.28640252024,14683.0,1794414.0,1247681907.0
2021-03-30,5443.479640827742,5350.312579761694,5350.312579761694,5413.394444025164,15133.0,1872217.0,1247681907.0
2021-03-31,5459.007484338749,5380.397776564271,5423.099346219543,5386.2207178809,16514.0,2414817.0,1247682690.0
2021-04-01,5436.686209291676,5304.629178907198,5389.358118662299,5318.28640252024,15303.0,2028582.0,1247682690.0
2021-04-06,5537.617192113227,5441.5386603888655,5459.007484338749,5460.948464777625,19270.0,2178499.0,1247682690.0
2021-04-07,5621.079350984896,5489.092681141327,5524.030329041096,5573.525330232434,15081.0,2226747.0,1247682690.0
2021-04-08,5667.662881517919,5528.882780138286,5628.8432727404,5585.17121286569,14745.0,1691460.0,1247682690.0
2021-04-09,5672.515332615109,5495.886112677394,5625.931802082086,5495.886112677394,14647.0,2208056.0,1247682690.0
2021-04-12,5562.849937818616,5451.243562583245,5483.2697398247,5478.41728872751,13451.0,1608976.0,1247682690.0
2021-04-13,5554.115525843674,5492.97464201908,5512.384446407839,5532.764741016038,11807.0,1463430.0,1247682690.0
2021-04-14,5689.984156564994,5522.08934860222,5560.908957379739,5676.3972934928615,13675.0,1782968.0,1247682690.0
2021-04-15,5813.23641443362,5715.851117628785,5716.187392489819,5807.4134731169925,16480.0,3096193.0,1247682690.0
2021-04-16,5914.167397255172,5821.970826408561,5846.233081894511,5875.347788477651,15660.0,2492853.0,1247682690.0
2021-04-19,5954.927986471568,5854.967493869453,5904.462495060791,5909.3149461579815,12985.0,1668002.0,1247682690.0
2021-04-20,5988.8951441518975,5779.2692567532895,5919.019848352362,5779.2692567532895,15510.0,2055790.0,1247682690.0
2021-04-21,5847.20357211395,5756.947981706216,5812.265924214182,5797.708570922612,15209.0,1514466.0,1247682690.0
2021-04-22,5853.997003650015,5775.387295875537,5827.79376772519,5827.79376772519,15390.0,1944994.0,1247682690.0
2021-04-23,5949.10504515494,5800.620041580925,5832.64621882238,5938.429652741122,14085.0,1889925.0,1247682690.0
2021-04-26,6064.593381268061,5952.987006032691,5973.367300640889,6036.449164904359,13186.0,1564462.0,1247682690.0
2021-04-27,6075.26877368188,5953.957496252129,6065.5638714875,5973.367300640889,18530.0,2473015.0,1247682690.0
2021-04-28,6033.537694246046,5918.602537558003,5952.987006032691,5985.013183274146,11618.0,2095748.0,1247682690.0
2021-04-29,6072.357303023566,5960.750927788195,6039.360635562673,5974.337790860328,13872.0,1781876.0,1247682690.0
2021-04-30,5982.101712615831,5883.111710233156,5967.544359324262,5896.698573305288,16370.0,2711078.0,1247755878.0
2021-05-03,,,,,,,
2021-05-04,6060.711420390309,5905.432985280229,5930.665730985617,5937.459162521684,17113.0,2515054.0,1247755878.0
2021-05-05,6219.871816378142,6011.216419198971,6019.950831173914,6218.901326158703,19830.0,2745117.0,1247755878.0
2021-05-06,6285.865151299925,6048.667636767084,6048.667636767084,6285.865151299925,22841.0,2833829.0,1247755878.0
2021-05-07,6411.058389607428,6264.708464516177,6308.186426347,6342.15358402733,19458.0,2233402.0,1247755878.0
2021-05-10,6587.687609545144,6427.556723337874,6511.98937242898,6461.523881018204,25471.0,3501942.0,1247755878.0
2021-05-11,6363.504368854966,6226.665247914208,6328.5667209551975,6347.976525343958,26799.0,2691566.0,1247755878.0
2021-05-12,6482.874665845839,6314.009367663627,6419.79280158237,6380.9731928048495,20328.0,2538993.0,1247755878.0
2021-05-13,6230.54720879196,6067.504851926376,6196.5800511116295,6117.970343337152,24895.0,2774887.0,1247755878.0
2021-05-14,6116.999853117713,5925.813279888428,6089.826126973449,5953.957496252129,24044.0,2690891.0,1247755878.0
2021-05-17,6130.586716189845,5920.60397953755,5996.659065907402,6089.826126973449,14191.0,1756225.0,1247755878.0
2021-05-18,6231.517699011398,6036.449164904359,6186.875148917249,6065.5638714875,18180.0,1780874.0,1247755878.0
2021-05-19,5991.806614810212,5815.177394872495,5939.40014296056,5860.790435186082,20490.0,2367176.0,1247755878.0
2021-05-20,5915.13788747461,5768.593864339472,5885.052690672032,5850.115042772264,15263.0,1707622.0,1247755878.0
2021-05-21,5897.669063524726,5811.295433994744,5835.557689480694,5817.118375311372,16165.0,1946449.0,1247755878.0
2021-05-24,5840.410140577884,5750.15455017015,5806.4429828975535,5815.177394872495,8394.0,917352.0,1247755878.0
2021-05-25,5875.347788477651,5717.157882709257,5861.76092540552,5730.74474578139,14020.0,1528220.0,1247755878.0
2021-05-26,5747.243079511835,5656.312998401592,5710.364451173192,5739.479157756332,17780.0,1835564.0,1247755878.0
2021-05-27,5946.193574496626,5783.151217631042,5803.531512239239,5894.757592866411,16765.0,3076017.0,1247755878.0
2021-05-28,5967.544359324262,5856.90847430833,5930.665730985617,5885.052690672032,13392.0,2068571.0,1247761974.0
2021-05-31,,,,,,,
2021-06-01,6168.435834747927,5939.40014296056,6002.482007224029,6118.9408335565895,20418.0,2515542.0,1247761974.0
2021-06-02,6148.05554013973,6051.977008415367,6122.822794434342,6118.9408335565895,10565.0,1286659.0,1247761974.0
2021-06-03,6133.49818684816,5964.632888665948,6114.0883824594,5989.865634371336,12886.0,2383319.0,1247761974.0
2021-06-04,6042.272106220988,5971.426320202014,5995.688575687964,6035.478674684922,9812.0,1164730.0,1247761974.0
2021-06-07,6071.386812804128,5956.868966910444,6066.5343617069375,5959.780437568757,11353.0,1278809.0,1247761974.0
2021-06-08,6022.862301832227,5939.40014296056,5949.10504515494,6009.275438760095,9516.0,1100748.0,1247761974.0
2021-06-09,5998.600046346278,5871.4658275999,5987.92465393246,5888.934651549784,15275.0,2800861.0,1247761974.0
2021-06-10,5951.046025593815,5827.79376772519,5949.10504515494,5854.967493869453,15775.0,2518070.0,1247761974.0
2021-06-11,5972.396810421451,5900.580534183039,5921.931319010675,5938.429652741122,9085.0,1669210.0,1247761974.0
2021-06-14,5969.485339763138,5851.085532991701,5878.259259135966,5912.226416816296,9039.0,1968544.0,1247761974.0
2021-06-15,5942.311613618874,5815.122562175098,5933.577201643931,5836.528179700131,14703.0,1849413.0,1247761974.0
2021-06-16,5881.170729794279,5750.15455017015,5844.292101455635,5842.35112101676,15487.0,3023898.0,1247761974.0
2021-06-17,5814.206904653058,5677.997631864715,5765.682393681157,5708.423470734315,20222.0,3039195.0,1247761974.0
2021-06-18,5775.387295875537,5637.577684715341,5668.633371737357,5637.577684715341,24766.0,5002925.0,1247761974.0
2021-06-21,5642.430135812532,5451.243562583245,5494.915622457956,5621.079350984896,20602.0,3212351.0,1247761974.0
2021-06-22,5726.8627849036375,5611.471497812459,5668.633371737357,5707.452980514878,13585.0,1548517.0,1247761974.0
2021-06-23,5792.856119825422,5727.833275123076,5750.15455017015,5751.125040389587,13400.0,1931229.0,1247761974.0
2021-06-24,5840.410140577884,5722.010333806448,5757.918471925653,5822.941316627999,13266.0,1824834.0,1247761974.0
2021-06-25,5902.521514621915,5795.767590483735,5824.882297066875,5883.111710233156,9418.0,1695785.0,1247761974.0
2021-06-28,5909.3149461579815,5824.882297066875,5839.439650358446,5824.882297066875,9473.0,1029433.0,1247761974.0
2021-06-29,5900.580534183039,5794.797100264297,5829.734748164065,5850.115042772264,10130.0,1282379.0,1247761974.0
2021-06-30,5913.196907035734,5773.446315436661,5888.934651549784,5773.446315436661,10509.0,2064663.0,1247781564.0
2021-07-01,5861.76092540552,5735.59719687858,5822.941316627999,5758.888962145092,14185.0,1474878.0,1247781564.0
2021-07-02,5810.324943775306,5726.086392728087,5754.0365110479015,5780.239746972728,12058.0,1482244.0,1247781564.0
2021-07-05,5882.141220013717,5806.4429828975535,5835.557689480694,5861.76092540552,7446.0,818861.0,1247781564.0
2021-07-06,5878.259259135966,5691.92513700387,5863.701905844396,5711.33494139263,8655.0,1462632.0,1247781564.0
2021-07-07,5869.524847161024,5784.576867763396,5790.915139386546,5859.819944966644,13469.0,1447188.0,1247781564.0
2021-07-08,5799.649551361488,5617.197390107143,5798.67906114205,5692.895627223308,19395.0,2592379.0,1247781564.0
2021-07-09,5934.547691863369,5722.980824025885,5731.715236000828,5925.813279888428,16829.0,2276248.0,1247781564.0
2021-07-12,5943.282103838311,5836.528179700131,5934.547691863369,5919.9903385718,11121.0,1169271.0,1247781564.0
2021-07-13,6010.245928979533,5875.347788477651,5977.249261518642,5896.698573305288,10392.0,1040351.0,1247781564.0
2021-07-14,5950.075535374378,5845.262591675073,5880.200239574841,5908.344455938543,10235.0,1308577.0,1247781564.0
2021-07-15,6008.304948540657,5875.347788477651,5968.5148495437,5960.750927788195,12313.0,1585669.0,1247781564.0
2021-07-16,5999.570536565716,5730.74474578139,5978.21975173808,5755.977491486778,15470.0,2209431.0,1247781564.0
2021-07-19,5725.892294684199,5540.528662771541,5708.423470734315,5585.17121286569,23097.0,2582660.0,1247781564.0
2021-07-20,5736.567687098017,5562.849937818616,5626.902292301524,5663.780920640168,15619.0,2401922.0,1247781564.0
2021-07-21,5833.616709041818,5625.931802082086,5663.780920640168,5794.797100264297,13571.0,1734847.0,1247781564.0
2021-07-22,5828.764257944628,5643.40062603197,5773.446315436661,5673.485822834547,13245.0,1618035.0,1247781564.0
2021-07-23,5771.505334997786,5688.043176126117,5733.656216439704,5751.125040389587,13231.0,1505748.0,1247781564.0
2021-07-26,5953.957496252129,5784.724382276751,5789.944649167108,5929.695240766179,16426.0,2089625.0,1247781564.0
2021-07-27,5909.3149461579815,5772.475825217223,5884.0822004525935,5862.731415624958,14184.0,1696539.0,1247781564.0
2021-07-28,5959.780437568757,5757.918471925653,5814.206904653058,5946.193574496626,13267.0,1711956.0,1247781564.0
2021-07-29,6138.758243837514,5905.432985280229,5919.9903385718,6100.501519387267,19514.0,2263887.0,1247781564.0
2021-07-30,6007.334458321219,5864.672396063833,5944.252594057749,5920.960828791238,19036.0,2309067.0,1247876929.0
2021-08-02,6103.412990045582,5982.101712615831,5993.747595249088,6032.567204026607,13194.0,1532514.0,1247876929.0
2021-08-03,6122.822794434342,5989.865634371336,6033.360191584911,6095.649068290078,13802.0,1623158.0,1247876929.0
2021-08-04,6154.848971675796,6074.298283462442,6128.645735750969,6106.324460703896,13292.0,3033541.0,1247876929.0
2021-08-05,6078.180244340194,5795.767590483735,6067.504851926376,5849.144552552826,24727.0,3341406.0,1247876929.0
2021-08-06,5901.551024402477,5808.854651092856,5823.911806847437,5854.967493869453,14167.0,1939304.0,1247876929.0
2021-08-09,5925.813279888428,5769.56435455891,5802.561022019801,5910.28543637742,13715.0,1605943.0,1247876929.0
2021-08-10,5992.77710502965,5855.937984088891,5912.226416816296,5982.101712615831,15700.0,2796576.0,1247876929.0
2021-08-11,6041.3016160015495,5882.141220013717,5998.600046346278,5920.960828791238,22978.0,3450972.0,1247876929.0
2021-08-12,5665.51711508,5536.6154587439005,5655.3177,5592.811557,23700.0,4442247.0,1247876929.0
2021-08-13,5642.419607,5576.936981,5625.55287,5605.70965,17098.0,1879384.0,1247876929.0
2021-08-16,5587.850751999999,5432.0325614627,5556.1016,5490.618974,15801.0,2667308.0,1247876929.0
2021-08-17,5509.470033,5426.128509,5476.72872,5436.050119,18781.0,2697694.0,1247876929.0
2021-08-18,5473.752237,5267.335323704199,5470.775753999999,5296.155417999999,25937.0,3069834.0,1247876929.0
2021-08-19,5228.68847,5061.013261,5119.55076,5151.299912,32800.0,3608547.0,1247876929.0
2021-08-20,5222.735504,5128.480208999999,5204.876606,5185.033386,16312.0,2154955.0,1247876929.0
2021-08-23,5238.61008,5146.339107,5224.719826,5212.813894,13376.0,1699957.0,1247876929.0
2021-08-24,5385.449908,5241.586563,5256.468978,5367.59101,17543.0,2476460.0,1247876929.0
2021-08-25,5398.718573133499,5312.029994,5358.661561,5379.496942,10815.0,2659984.0,1247876929.0
2021-08-26,5345.763468,5259.445460999999,5339.810501999999,5274.327875999999,14247.0,1689730.0,1247876929.0
2021-08-27,5373.543976,5275.320037,5277.304359,5361.638043999999,11440.0,1130466.0,1247876929.0
2021-08-30,,,,,,,
2021-08-31,5472.760076,5294.171096,5432.081475,5339.810501999999,14452.0,2619793.0,1247886616.0
2021-09-01,5334.849697,5242.578724,5301.116223,5290.202452,18378.0,2053502.0,1247886616.0
2021-09-02,5391.402873999999,5302.108384,5319.967282,5363.622366,12161.0,1756871.0,1247886616.0
2021-09-03,5444.979568,5350.724273,5387.43423,5365.606688,13721.0,1782526.0,1247886616.0
2021-09-06,5403.308806,5295.163257,5383.465585999999,5295.163257,9948.0,1382019.0,1247886616.0
2021-09-07,5387.43423,5274.327875999999,5286.233808,5317.982959999999,13845.0,2245500.0,1247886616.0
2021-09-08,5320.07641971,5241.586563,5310.045672,5263.414105,14943.0,1500606.0,1247886616.0
2021-09-09,5214.798216,5119.55076,5208.845249999999,5122.527243,24357.0,3245569.0,1247886616.0
2021-09-10,5251.508173,5158.245038999999,5177.096098,5222.735504,14194.0,1759182.0,1247886616.0
2021-09-13,5253.492495,5185.033386,5206.860928,5245.555206999999,14058.0,2147055.0,1247886616.0
2021-09-14,5217.774699,5118.558599,5166.182327,5138.401819,14942.0,2173325.0,1247886616.0
2021-09-15,5231.664953,5125.503726,5158.245038999999,5178.088259,18610.0,2891026.0,1247886616.0
2021-09-16,5139.39398,4968.241246695,5109.62915,4970.72661,20324.0,3872658.0,1247886616.0
2021-09-17,4911.19695,4753.443351,4911.19695,4791.6415495,40092.0,9377788.0,1247886616.0
2021-09-20,4712.764749999999,4510.363906,4667.6214245,4677.046954,43898.0,5514654.0,1247886616.0
2021-09-21,4793.129790999999,4665.141022,4739.553097,4670.101827,20643.0,3808801.0,1247886616.0
2021-09-22,4869.526188,4670.101827,4670.101827,4803.051401,27134.0,3385308.0,1247886616.0
2021-09-23,4892.8419715,4758.404156,4892.8419715,4819.918138,22310.0,4567002.0,1247886616.0
2021-09-24,4826.3671845,4748.9786265,4815.949494,4792.6337105,16566.0,3096278.0,1247886616.0
2021-09-27,4862.0849805,4730.1275675,4822.894621,4765.349283,21993.0,3460180.0,1247886616.0
2021-09-28,4785.192503,4697.3862545,4743.521741,4738.0648555,27471.0,4160650.0,1247886616.0
2021-09-29,4802.05924,4694.905852,4743.521741,4782.7121005,22911.0,2878385.0,1247886616.0
2021-09-30,4900.283179,4719.79765348367,4873.9909125,4874.9830735,21969.0,3262052.0,1247889883.0
2021-10-01,4827.855426,4756.419833999999,4782.7121005,4770.310088,20663.0,2421780.0,1247889883.0
2021-10-04,4841.74568,4762.3728,4770.8061685,4774.7748125,16546.0,2040251.0,1247889883.0
2021-10-05,4782.9934773596,4682.007759,4775.7669735,4769.317927,19208.0,2268165.0,1247889883.0
2021-10-06,4778.743456499999,4688.4568055,4769.317927,4746.9943045,20497.0,3632935.0,1247889883.0
2021-10-07,4975.687414999999,4802.05924,4817.933816,4911.6930305,26255.0,3875865.0,1247889883.0
2021-10-08,4964.773644,4873.9909125,4937.985297,4890.361569,16190.0,2885831.0,1247889883.0
2021-10-11,5112.605633,4956.3402755,4991.561991,5061.013261,20767.0,2626828.0,1247889883.0
2021-10-12,5011.405211,4915.165594,4956.3402755,4965.765805,20092.0,2682514.0,1247889883.0
2021-10-13,4942.946102,4800.570998499999,4910.204788999999,4891.35373,23907.0,3594457.0,1247889883.0
2021-10-14,5099.707539999999,4971.718771,5019.342498999999,5070.934871,17578.0,2648456.0,1247889883.0
2021-10-15,5050.09949,4962.789322,5010.41305,4998.507118,16381.0,3350618.0,1247889883.0
2021-10-18,5049.9378669731,4949.891229,5012.397371999999,4962.789322,16024.0,2144392.0,1247889883.0
2021-10-19,5059.028939,4966.757966,5049.107329,5010.41305,17665.0,2732488.0,1247889883.0
2021-10-20,5010.41305,4754.9315925,5010.41305,4847.2025655,24770.0,3501997.0,1247889883.0
2021-10-21,4872.3644629727,4612.556489,4842.47467029475,4612.556489,21567.0,4085910.0,1247889883.0
2021-10-22,4713.756911,4635.8722725,4659.188056,4635.8722725,14104.0,2418428.0,1247889883.0
2021-10-25,4761.380639,4684.984242,4692.92153,4729.1354065,16961.0,2407685.0,1247889883.0
2021-10-26,4768.8218465,4687.960725,4750.9629485,4687.960725,12885.0,2091230.0,1247889883.0
2021-10-27,4656.7076535,4604.1231205,4621.485938,4620.9898575,15147.0,2327353.0,1247889883.0
2021-10-28,4638.352675,4546.5777825,4563.9406,4559.971955999999,25542.0,3721185.0,1247889883.0
2021-10-29,4581.799497999999,4473.653949,4499.450135,4524.7502405,16067.0,4139280.0,1247889883.0
2021-11-01,4562.948439,4494.9854105,4562.948439,4524.7502405,13124.0,2008322.0,1248016961.0
2021-11-02,4464.7245,4364.0201585,4456.2911315,4425.5341405,19756.0,3189151.0,1248016961.0
2021-11-03,4513.8364695,4414.124288999999,4487.544203,4426.030221,12744.0,1857461.0,1248016961.0
2021-11-04,4467.700983,4397.257552,4455.2989705,4400.7301155,13786.0,3200121.0,1248016961.0
2021-11-05,4439.920475,4366.500561,4439.920475,4389.8163445,16215.0,2700214.0,1248016961.0
2021-11-08,4462.2440975,4364.516239,4415.11645,4438.928314,15359.0,2592496.0,1248016961.0
2021-11-09,4487.048122499999,4395.7693105,4458.771534,4405.6909205,18225.0,2923713.0,1248016961.0
2021-11-10,4433.967509,4365.0123195,4400.234035,4410.155645,20818.0,4295687.0,1248016961.0
2021-11-11,4582.791659,4451.3303265,4475.638271,4560.964117,29423.0,4894512.0,1248016961.0
2021-11-12,4613.54865,4511.8521475,4593.70543,4526.7345625,18976.0,3969292.0,1248016961.0
2021-11-15,4528.7188845,4454.3068095,4510.363906,4478.614754,14243.0,1990486.0,1248016961.0
2021-11-16,4484.56772,4418.5890135,4478.614754,4418.5890135,16197.0,2544123.0,1248016961.0
2021-11-17,4436.2290407834,4383.8633785,4404.202679,4418.092933,14921.0,2659691.0,1248016961.0
2021-11-18,4402.7144375,4319.868994,4396.7614715,4341.200455499999,16361.0,2331638.0,1248016961.0
2021-11-19,4431.983187,4366.9966415,4408.171323,4420.077255,15781.0,3099139.0,1248016961.0
2021-11-22,4545.9362511974,4428.510623499999,4453.810729,4503.9148595,17893.0,3168081.0,1248016961.0
2021-11-23,4657.6998145,4566.917082999999,4585.768142,4633.8879505,23743.0,4384770.0,1248016961.0
2021-11-24,4742.529579999999,4636.368353,4658.195895,4681.015598,25353.0,4777981.0,1248016961.0
2021-11-25,4707.3078645,4582.791659,4703.3392205,4631.407548,11274.0,4370608.0,1248016961.0
2021-11-26,4549.058185,4444.88128,4474.64611,4506.8913425,25865.0,5792814.0,1248016961.0
2021-11-29,4666.133183,4516.316871999999,4586.760303,4585.2720615,26912.0,4370306.0,1248016961.0
2021-11-30,4662.6606195,4495.481491,4548.5621045,4575.846532,20876.0,5763718.0,1248135096.0
2021-12-01,4744.0178215,4575.846532,4575.846532,4654.723331499999,22741.0,4105049.0,1248135096.0
2021-12-02,4708.796106,4584.775981,4584.775981,4683.992080999999,18181.0,2836402.0,1248135096.0
2021-12-03,4724.1746015,4514.33255,4719.709877,4542.6091385,15824.0,5598887.0,1248135096.0
2021-12-06,4574.358290499999,4463.732339,4498.9540545,4556.4993925,16765.0,2704846.0,1248135096.0
2021-12-07,4787.176825,4653.23509,4659.6841365,4775.270893,20208.0,3329216.0,1248135096.0
2021-12-08,4797.5945155,4690.937207999999,4745.0099825,4701.3548985,12789.0,2001994.0,1248135096.0
2021-12-09,4827.855426,4669.605746499999,4824.878943,4737.568775,12199.0,2131088.0,1248135096.0
2021-12-10,4791.6415495,4704.827462,4719.2137965,4716.733394,10700.0,2144526.0,1248135096.0
2021-12-13,4820.4142185,4710.05615047,4787.176825,4710.780428,13663.0,3223715.0,1248135096.0
2021-12-14,4856.1320145,4749.474706999999,4759.8923975,4815.949494,20924.0,2882800.0,1248135096.0
2021-12-15,4778.743456499999,4691.929369,4760.388478,4707.803945,12665.0,2210132.0,1248135096.0
2021-12-16,4868.0379465,4707.803945,4807.516125499999,4844.722163,13103.0,4114689.0,1248135096.0
2021-12-17,4874.148368450699,4801.5631595,4837.777036,4837.777036,15048.0,5082966.0,1248135096.0
2021-12-20,4777.7512955,4682.007759,4692.92153,4722.1902795,13559.0,2114630.0,1248135096.0
2021-12-21,4888.8733275,4821.90246,4844.722163,4864.565383,15223.0,2688859.0,1248135096.0
2021-12-22,4825.871104,4741.0413385,4798.090596,4816.4455745,11158.0,1688256.0,1248135096.0
2021-12-23,4851.667289999999,4776.7591345,4840.753519,4826.3671845,7348.0,1580519.0,1248135096.0
2021-12-24,4863.573222,4816.941655,4819.918138,4828.3515065,1843.0,251318.0,1248135096.0
2021-12-27,,,,,,,
2021-12-28,,,,,,,
2021-12-29,4867.0457855,4780.7277785,4827.855426,4808.012205999999,11037.0,1859058.0,1248135096.0
2021-12-30,4907.228306,4809.5004475,4809.996528,4862.0849805,7685.0,1221459.0,1248135096.0
2021-12-31,4858.846566996,4817.4377355,4849.682968,4853.651612,2116.0,575721.0,1248140681.0
2022-01-03,,,,,,,
2022-01-04,4921.11856,4795.6101935,4882.424281,4899.7870985,13349.0,2803728.0,1248140681.0
2022-01-05,4997.514956999999,4855.1398535,4913.6773525,4995.530635,11041.0,2319636.0,1248140681.0
2022-01-06,5100.699701,4932.032330999999,4957.3324365,5038.193558,18295.0,2800836.0,1248140681.0
2022-01-07,5207.853089,5100.699701,5130.464531,5171.143132,15367.0,2515892.0,1248140681.0
2022-01-10,5213.806055,5130.464531,5185.033386,5161.221522,12671.0,2497572.0,1248140681.0
2022-01-11,5279.288681,5193.962834999999,5239.602241,5259.445460999999,16906.0,3818872.0,1248140681.0
2022-01-12,5469.783593,5286.233808,5308.06135,5409.261772,19907.0,3972055.0,1248140681.0
2022-01-13,5453.909017,5358.661561,5431.089314,5420.175542999999,13890.0,5233296.0,1248140681.0
2022-01-14,5409.0633398,5330.881053,5357.6694,5349.732112,12161.0,2035863.0,1248140681.0
2022-01-17,5414.44429521867,5331.4763496000005,5401.324484,5350.724273,8610.0,2845850.0,1248140681.0
2022-01-18,5457.877661,5297.147579,5346.755629,5400.332323,16530.0,3017134.0,1248140681.0
2022-01-19,5639.443123999999,5372.551815,5397.35584,5609.678293999999,21601.0,4251601.0,1248140681.0
2022-01-20,5657.302022,5531.862709905599,5610.670455,5536.25838,21288.0,4190313.0,1248140681.0
2022-01-21,5435.057957999999,5336.834019,5379.496942,5414.222577,19778.0,5494940.0,1248140681.0
2022-01-24,5394.379357,5153.284234,5319.967282,5222.735504,21053.0,6189085.0,1248140681.0
2022-01-25,5311.037832999999,5234.641436,5270.359232,5269.367071,14722.0,2613767.0,1248140681.0
2022-01-26,5462.838466,5345.763468,5379.496942,5391.402873999999,16683.0,3081737.0,1248140681.0
2022-01-27,5578.921303,5341.794824,5356.677239,5525.344609,23117.0,5084629.0,1248140681.0
2022-01-28,5620.592065,5322.943765,5583.882108,5343.779146,26721.0,6333110.0,1248140681.0
2022-01-31,5366.598849,5137.409658,5357.6694,5144.354785,16756.0,3403011.0,1248222187.0
2022-02-01,5321.951604,5193.962834999999,5238.61008,5308.06135,14162.0,3647710.0,1248222187.0
2022-02-02,5400.913729346,5296.155417999999,5381.481264,5313.022155,10212.0,2176724.0,1248222187.0
2022-02-03,5472.760076,5320.959443,5446.96389,5331.873214,11619.0,1931823.0,1248222187.0
2022-02-04,5446.96389,5316.990799,5378.504781,5324.928087,12685.0,2861993.0,1248222187.0
2022-02-07,5516.41516,5336.834019,5375.528298,5472.760076,14964.0,6754436.0,1248222187.0
2022-02-08,5657.0043737,5519.391643,5537.250540999999,5572.968336999999,21525.0,4344608.0,1248222187.0
2022-02-09,5658.294183,5476.72872,5585.86643,5627.537192,14678.0,2744262.0,1248222187.0
2022-02-10,5796.204562,5673.176598,5691.035496,5761.478927,20656.0,3514594.0,1248222187.0
2022-02-11,5768.424054,5619.599904,5691.035496,5681.113886,15303.0,4054681.0,1248222187.0
2022-02-14,5722.784648,5584.874269,5678.137403,5677.145242,15898.0,3283853.0,1248222187.0
2022-02-15,5673.0292620915,5540.227024,5576.936981,5601.741006,19006.0,2772958.0,1248222187.0
2022-02-16,5679.6256445,5569.991854,5615.63126,5663.254988,12271.0,3417388.0,1248222187.0
2022-02-17,5663.254988,5512.446516,5642.419607,5544.195667999999,14895.0,4551587.0,1248222187.0
2022-02-18,5661.270665999999,5375.528298,5634.482319,5612.654777,11131.0,2248090.0,1248222187.0
2022-02-21,5722.784648,5556.1016,5678.137403,5649.364734,12723.0,2089648.0,1248222187.0
2022-02-22,5728.737614,5522.368125999999,5557.093761,5646.388250999999,11001.0,2616294.0,1248222187.0
2022-02-23,5695.00414,5514.430838,5577.929142,5524.352448,17286.0,5190637.0,1248222187.0
2022-02-24,5542.51991799261,5342.786985,5408.269611,5424.144187,25718.0,4043545.0,1248222187.0
2022-02-25,5638.450962999999,5415.214738,5499.548423,5622.576387,21421.0,3004551.0,1248222187.0
2022-02-28,5775.369181,5603.725328,5626.545031,5745.604351,17025.0,3551653.0,1249215735.0
2022-03-01,5955.942483,5746.596512,5809.102655,5872.600958999999,18829.0,3064466.0,1249215735.0
2022-03-02,6173.225742,5821.577323450029,5837.01778932609,6079.962608,25121.0,4734168.0,1249215735.0
2022-03-03,6293.277223,6070.040998,6172.233581,6080.954769,22865.0,3545817.0,1249215735.0
2022-03-04,6158.343327,5578.8928279793,6111.71176,5980.746508,24005.0,3810322.0,1249215735.0
2022-03-07,6233.895097340699,5968.840576,6101.79015,5971.817059,34758.0,7862187.0,1249215735.0
2022-03-08,5955.942483,5751.993867839999,5900.381467,5840.851807,27489.0,4426673.0,1249215735.0
2022-03-09,5865.655832,5574.952659,5841.843968,5771.400537,30764.0,6198087.0,1249215735.0
2022-03-10,5523.0,5365.6862,5510.0,5499.0,30986.0,6546533.0,1249215735.0
2022-03-11,5647.0,5504.0,5588.0,5564.0,18747.0,2849231.0,1249215735.0
2022-03-14,5524.0,5299.0,5522.0,5299.0,21199.0,4923788.0,1249215735.0
2022-03-15,5210.0,5052.636,5143.0,5210.0,21340.0,5537861.0,1249215735.0
2022-03-16,5449.0,5275.0,5440.0,5418.0,21219.0,4975618.0,1249215735.0
2022-03-17,5595.0,5425.0,5444.0,5595.0,21807.0,3719228.0,1249215735.0
2022-03-18,5694.0,5559.0,5694.0,5621.0,17703.0,6414782.0,1249215735.0
2022-03-21,5818.0,5572.0,5597.0,5804.0,14527.0,2533513.0,1249215735.0
2022-03-22,5893.575,5694.0,5825.0,5709.0,14496.0,3148569.0,1249215735.0
2022-03-23,5824.0,5715.0125,5750.0,5800.0,11386.0,1998060.0,1249215735.0
2022-03-24,5916.0,5812.0285,5893.0,5857.0,14486.0,2072704.0,1249215735.0
2022-03-25,5945.0,5842.0,5860.0,5925.0,11590.0,1643042.0,1249215735.0
2022-03-28,5991.8083,5848.0,5985.0,5863.0,12687.0,2210889.0,1249215735.0
2022-03-29,6018.0,5764.0,5917.0,5845.0,18407.0,2557238.0,1249215735.0
2022-03-30,6076.0,5915.0,5954.0,6076.0,15159.0,3061011.0,1249215735.0
2022-03-31,6160.0,6061.0,6132.0,6081.0,14146.0,2753203.0,1249216054.0
2022-04-01,6241.0,6061.0,6090.0,6225.0,12778.0,2157031.0,1249216054.0
2022-04-04,6241.0,6108.0,6220.0,6132.0,12905.0,2756532.0,1249216054.0
2022-04-05,6147.0,6026.0,6138.0,6120.0,15381.0,4672575.0,1249216054.0
2022-04-06,6122.0,6033.0,6069.0,6109.0,15141.0,3783175.0,1249216054.0
2022-04-07,6120.0,5993.0,6099.0,6088.0,12158.0,1932253.0,1249216054.0
2022-04-08,6207.0,6125.3482,6151.0,6138.0,10774.0,2366659.0,1249216054.0
2022-04-11,6176.0,6021.0,6139.0,6070.0,16456.0,2498539.0,1249216054.0
2022-04-12,6169.0,6066.8466,6071.0,6154.0,11977.0,1627563.0,1249216054.0
2022-04-13,6220.0,6135.0,6185.0,6181.0,13673.0,1592445.0,1249216054.0
2022-04-14,6233.0,6122.0,6180.0,6212.0,11364.0,2646511.0,1249216054.0
2022-04-19,6290.0,6138.0,6230.0,6142.0,17147.0,2306908.0,1249216054.0
2022-04-20,6061.0,5760.0,6045.0,5850.0,23291.0,5145665.0,1249216054.0
2022-04-21,5862.0,5657.0,5840.0,5745.0,25448.0,5106588.0,1249216054.0
2022-04-22,5770.8815,5659.0,5678.0,5664.0,15678.0,3231801.0,1249216054.0
2022-04-25,5492.0,5316.0,5490.0,5372.0,30391.0,4088162.0,1249216054.0
2022-04-26,5531.0,5320.0,5502.0,5453.0,20289.0,2910979.0,1249216054.0
2022-04-27,5691.0,5482.0,5489.0,5675.0,26330.0,4302405.0,1249216054.0
2022-04-28,5736.0,5599.0526,5720.0,5628.0,18127.0,2936549.0,1249216054.0
2022-04-29,5791.0,5656.0,5764.0,5706.0,13429.0,2680333.0,1249216054.0
2022-05-02,,,,,,,
2022-05-03,5733.0,5585.02,5699.0,5645.0,16579.0,2242966.0,1249216054.0
2022-05-04,5620.0,5464.0,5595.0,5492.0,17476.0,3453814.0,1249216054.0
2022-05-05,5686.0,5465.0,5630.0,5481.0,17148.0,2623334.0,1249216054.0
2022-05-06,5496.0,5364.0,5477.0,5440.0,18688.0,2921670.0,1249216054.0
2022-05-09,5370.0,5171.0,5370.0,5188.0,20322.0,3111954.0,1249216054.0
2022-05-10,5269.0,5155.453,5221.0,5163.0,15740.0,2162339.0,1249282069.0
2022-05-11,5381.0,5220.0,5285.0,5357.0,20786.0,3633559.0,1249282069.0
2022-05-12,5222.0,5036.0,5163.0,5203.0,21857.0,3628002.0,1249282069.0
2022-05-13,5342.0,5209.0065,5263.0,5320.0,11712.0,1722228.0,1249282069.0
2022-05-16,5396.0,5226.006,5238.0,5339.0,12719.0,2078056.0,1249282069.0
2022-05-17,5486.0,5352.0,5364.0,5470.0,15065.0,2316243.0,1249282069.0
2022-05-18,5461.0,5360.0,5461.0,5372.0,9023.0,2391048.0,1249282069.0
2022-05-19,5391.0,5267.0,5362.0,5347.0,14655.0,2754792.0,1249282069.0
2022-05-20,5516.0,5403.0,5434.0,5449.0,16210.0,2418537.0,1249282069.0
2022-05-23,5601.0,5498.0,5524.0,5562.0,11618.0,2177899.0,1249282069.0
2022-05-24,5583.0,5445.0,5472.0,5541.0,10088.0,1524842.0,1249282069.0
2022-05-25,5673.0,5592.0,5638.0,5646.0,13405.0,2401437.0,1249282069.0
2022-05-26,5660.0,5577.0,5584.0,5631.0,7914.0,1777837.0,1249282069.0
2022-05-27,5768.0,5657.0,5666.0,5702.0,16767.0,1984674.0,1249282069.0
2022-05-30,5759.0,5679.0,5731.0,5735.0,6703.0,1022068.0,1249282069.0
2022-05-31,5851.0,5728.0,5729.0,5750.0,13100.0,4249755.0,1249290002.0
2022-06-01,5830.0,5655.0,5788.0,5758.0,13756.0,1867890.0,1249290002.0
2022-06-02,,,,,,,
2022-06-03,,,,,,,
2022-06-06,6004.0,5876.0,5954.0,5956.0,15162.0,2333037.0,1249290002.0
2022-06-07,6118.0,5999.0,6017.0,6091.0,14578.0,4182521.0,1249290002.0
2022-06-08,6074.0,5963.0,6056.0,6065.0,15037.0,2617053.0,1249290002.0
2022-06-09,6026.0,5886.0,5992.0,5900.0,11897.0,2441116.0,1249290002.0
2022-06-10,5900.4515,5674.0,5898.0,5690.0,13923.0,2362109.0,1249290002.0
2022-06-13,5650.0,5471.0,5615.0,5580.0,19486.0,3355899.0,1249290002.0
2022-06-14,5646.0,5519.0,5622.0,5555.0,12279.0,2441943.0,1249290002.0
2022-06-15,5710.0,5539.0,5602.0,5635.0,14626.0,2914345.0,1249290002.0
2022-06-16,5629.0,5412.0,5601.0,5444.0,16909.0,2612228.0,1249290002.0
2022-06-17,5442.0,5166.0,5439.0,5177.0,18445.0,4409420.0,1249290002.0
2022-06-20,5185.0,4952.5,5111.0,5125.0,15074.0,2083198.0,1249290002.0
2022-06-21,5280.0,5155.0,5174.0,5250.0,14596.0,1841822.0,1249290002.0
2022-06-22,5141.0,5017.0,5104.0,5019.0,17682.0,2868315.0,1249290002.0
2022-06-23,5057.0,4894.5,4981.5,4910.0,26506.0,3414489.0,1249290002.0
2022-06-24,4994.5,4850.6561,4920.0,4979.0,22272.0,3071350.0,1249290002.0
2022-06-27,5199.0,5032.0,5071.0,5051.0,16099.0,2493120.0,1249290002.0
2022-06-28,5283.0,5135.0,5219.0,5150.0,15128.0,2856670.0,1249290002.0
2022-06-29,5196.0,5070.0,5076.0,5098.0,14081.0,2483332.0,1249290002.0
2022-06-30,5051.0,4864.5,5046.0,4916.5,21202.0,3286058.0,1255816577.0
2022-07-01,4937.5,4765.0,4839.5,4834.5,21626.0,2631552.0,1255816577.0
2022-07-04,4896.5,4832.5,4852.0,4835.0,11776.0,1488917.0,1255816577.0
2022-07-05,4861.5,4625.0,4854.0,4641.0,29817.0,4334281.0,1255816577.0
2022-07-06,4801.5,4600.0,4624.0,4687.5,23877.0,3133263.0,1255816577.0
2022-07-07,4938.5,4729.5,4731.0,4860.0,27523.0,4642620.0,1255816577.0
2022-07-08,4882.0,4713.5,4786.5,4835.0,18705.0,2212379.0,1255816577.0
2022-07-11,4811.5,4671.5,4717.5,4811.5,14954.0,2792219.0,1255816577.0
2022-07-12,4791.5,4699.0,4750.0,4780.0,12604.0,2898844.0,1255816577.0
2022-07-13,4880.5,4706.5,4724.0,4792.0,19594.0,3832626.0,1255816577.0
2022-07-14,4788.3,4530.5,4742.0,4567.0,21331.0,3239245.0,1255816577.0
2022-07-15,4598.5,4436.95,4500.0,4579.0,24681.0,3888379.0,1255816577.0
2022-07-18,4774.0,4680.0,4690.5,4711.0,15571.0,2310620.0,1255816577.0
2022-07-19,4727.5,4637.5,4658.0,4707.5,13398.0,2443428.0,1255816577.0
2022-07-20,4796.5,4664.0,4765.5,4691.0,15322.0,2152611.0,1255816577.0
2022-07-21,4724.0,4612.5,4696.0,4692.5,16771.0,2590355.0,1255816577.0
2022-07-22,4818.0,4692.5,4751.0,4772.0,16824.0,2099025.0,1255816577.0
2022-07-25,4884.0,4741.0,4741.0,4850.0,16704.0,1889389.0,1255816577.0
2022-07-26,4968.0,4808.5,4918.5,4823.5,15396.0,2254911.0,1255816577.0
2022-07-27,4803.0,4600.0,4680.0,4788.0,22797.0,3027866.0,1255816577.0
2022-07-28,4950.5,4812.0,4829.0,4838.5,19353.0,3057962.0,1255816577.0
2022-07-29,4963.0,4848.0,4900.5,4924.5,14850.0,2767168.0,1249382241.0
2022-08-01,4977.9293,4831.5,4960.0,4864.5,12072.0,1447565.0,1249382241.0
2022-08-02,4872.5,4762.5,4833.5,4800.5,15589.0,1858838.0,1249382241.0
2022-08-03,4851.0,4775.0,4821.0,4798.5,10358.0,1679894.0,1249382241.0
2022-08-04,4859.0,4728.5,4814.0,4830.0,14644.0,2601811.0,1249382241.0
2022-08-05,4975.0,4621.387,4883.0,4927.5,9729.0,1455428.0,1249382241.0
2022-08-08,5017.0,4924.5,4955.0,4957.5,11864.0,1661674.0,1249382241.0
2022-08-09,4997.5,4908.0,4944.5,4985.0,9480.0,1724879.0,1249382241.0
2022-08-10,5038.0,4959.0,4989.5,5003.0,13875.0,2636319.0,1249382241.0
2022-08-11,4872.5,4766.3114,4775.5,4816.0,16887.0,1974908.0,1249382241.0
2022-08-12,4904.0,4773.5,4881.0,4844.0,14808.0,1995962.0,1249382241.0
2022-08-15,4834.0,4691.0,4825.0,4735.5,15849.0,2106587.0,1249382241.0
2022-08-16,4951.0,4795.5,4811.5,4918.0,17812.0,2514550.0,1249382241.0
2022-08-17,4925.0,4822.0,4919.0,4888.5,13646.0,1983437.0,1249382241.0
2022-08-18,4950.5,4820.0,4886.0,4946.5,11633.0,2522225.0,1249382241.0
2022-08-19,4966.5,4899.0,4950.0,4911.5,10570.0,2447776.0,1249382241.0
2022-08-22,4950.7307,4837.5,4903.0,4940.0,10986.0,1495077.0,1249382241.0
2022-08-23,5048.0,4917.5,4922.5,5045.0,14693.0,2047057.0,1249382241.0
2022-08-24,5003.0,4923.0,4982.0,4931.5,16052.0,1883758.0,1249382241.0
2022-08-25,5006.0,4938.0,4976.5,4951.0,9166.0,1027109.0,1249382241.0
2022-08-26,5075.0,4974.0,5031.0,4980.0,9639.0,1971801.0,1249382241.0
2022-08-29,,,,,,,
2022-08-30,4928.5,4802.5,4881.5,4815.0,19563.0,2907454.0,1249382241.0
2022-08-31,4873.0,4733.5,4858.0,4771.0,16860.0,6875576.0,1249387394.0
2022-09-01,4737.8096,4585.0,4737.0,4607.5,22948.0,2639284.0,1249387394.0
2022-09-02,4719.0,4554.5,4618.0,4700.5,14641.0,2314262.0,1249387394.0
2022-09-05,4815.5,4706.0,4737.0,4732.5,8672.0,1234207.0,1249387394.0
2022-09-06,4749.5,4680.5,4715.0,4733.5,10926.0,1599173.0,1249387394.0
2022-09-07,4665.5,4564.5,4610.5,4632.0,16372.0,3795411.0,1249387394.0
2022-09-08,4737.5,4656.5,4700.0,4725.5,12947.0,2674262.0,1249387394.0
2022-09-09,5018.0,4832.0,4847.5,4860.0,17568.0,2091514.0,1249387394.0
2022-09-12,5002.0,4917.5,4940.0,4944.5,17391.0,3605892.0,1249387394.0
2022-09-13,5044.0,4905.5,4971.5,4909.0,14446.0,3004373.0,1249387394.0
2022-09-14,4883.5,4772.0,4868.0,4798.0,15719.0,5337228.0,1249387394.0
2022-09-15,4838.5,4735.5,4790.0,4770.0,14895.0,1603652.0,1249387394.0
2022-09-16,4787.5,4655.5,4677.5,4785.5,22335.0,7335186.0,1249387394.0
2022-09-19,,,,,,,
2022-09-20,4860.5,4692.0,4837.5,4744.0,16964.0,2199281.0,1249387394.0
2022-09-21,4774.0,4694.5,4737.0,4720.0,11725.0,4286766.0,1249387394.0
2022-09-22,4875.5,4645.0,4679.0,4828.0,18629.0,3349473.0,1249387394.0
2022-09-23,4835.0,4623.0,4835.0,4677.5,30240.0,3749932.0,1249387394.0
2022-09-26,4763.5,4602.5,4645.0,4698.0,23342.0,4064293.0,1249387394.0
2022-09-27,4844.0,4737.0,4750.0,4781.5,18132.0,2220107.0,1249387394.0
2022-09-28,4888.0,4672.0,4720.0,4854.0,22721.0,2794294.0,1249387394.0
2022-09-29,4972.0,4698.0,4804.0,4894.0,21803.0,2860480.0,1249387394.0
2022-09-30,4925.0,4821.5,4883.5,4896.0,17311.0,3191893.0,1249401480.0
2022-10-03,4958.0,4787.5,4810.5,4940.0,15933.0,1946975.0,1249401480.0
2022-10-04,5100.0,4979.0,5029.0,5089.0,13846.0,2000550.0,1249401480.0
2022-10-05,5085.0,4976.5,5049.0,5084.0,14332.0,1894862.0,1249401480.0
2022-10-06,5145.0,5015.531,5127.0,5060.0,11825.0,1940807.0,1249401480.0
2022-10-07,5089.0,4989.0,5027.0,5066.0,11156.0,1365239.0,1249401480.0
2022-10-10,5192.0,5028.0,5066.0,5120.0,13349.0,1733872.0,1249401480.0
2022-10-11,5115.0,4933.0,5052.0,4998.5,13739.0,2096248.0,1249401480.0
2022-10-12,5068.0,4914.0,5035.0,4951.0,17090.0,2417286.0,1249401480.0
2022-10-13,4963.5,4755.0,4916.0,4878.0,16678.0,2183775.0,1249401480.0
2022-10-14,4982.50922,4741.5,4931.0,4751.5,15766.0,2301936.0,1249401480.0
2022-10-17,4840.5,4742.5,4762.5,4820.0,16537.0,3471305.0,1249401480.0
2022-10-18,4873.0,4742.5,4800.5,4748.0,14319.0,1819679.0,1249401480.0
2022-10-19,4800.0,4701.0,4773.0,4733.0,11497.0,1585742.0,1249401480.0
2022-10-20,4756.0,4608.0,4700.5,4729.0,20456.0,2691813.0,1249401480.0
2022-10-21,4815.0,4645.5,4683.5,4805.0,14432.0,1883026.0,1249401480.0
2022-10-24,4765.0,4674.0,4735.0,4750.0,14672.0,1669270.0,1249401480.0
2022-10-25,4740.0,4620.5,4740.0,4714.0,15087.0,1471566.0,1249401480.0
2022-10-26,4849.0,4659.563,4711.5,4843.0,12778.0,1726938.0,1249401480.0
2022-10-27,4785.0,4637.5,4779.5,4664.0,23266.0,6648943.0,1249401480.0
2022-10-28,4598.5,4473.0,4570.0,4486.0,20297.0,2669638.0,1249401480.0
2022-10-31,4617.0,4424.5,4501.5,4537.0,15792.0,4251509.0,1249526281.0
2022-11-01,4754.0,4644.0,4702.5,4735.0,18812.0,6673052.0,1249526281.0
2022-11-02,4782.5,4604.0,4718.0,4610.5,18942.0,3741571.0,1249526281.0
2022-11-03,4690.0,4557.335,4574.0,4675.0,13006.0,1566726.0,1249526281.0
2022-11-04,5128.0,4792.0,4880.5,5030.0,28949.0,3744669.0,1249526281.0
2022-11-07,5140.0,4934.0,4969.5,5044.0,16941.0,3544797.0,1249526281.0
2022-11-08,5122.0,4914.0,5001.0,5111.0,12332.0,3229499.0,1249526281.0
2022-11-09,5185.0,5097.0,5128.0,5119.0,16134.0,1890039.0,1249526281.0
2022-11-10,5168.0,4987.0,5074.0,5148.0,14586.0,1767759.0,1249526281.0
2022-11-11,5482.0,5275.6014,5280.0,5398.0,24650.0,3094920.0,1249526281.0
2022-11-14,5453.0,5308.8078,5400.0,5407.0,17516.0,4491743.0,1249526281.0
2022-11-15,5478.0,5395.0,5439.0,5459.0,18489.0,2260271.0,1249526281.0
2022-11-16,5500.0,5342.0,5475.0,5378.0,16985.0,2114717.0,1249526281.0
2022-11-17,5417.0,5255.0,5348.0,5367.0,17321.0,2014071.0,1249526281.0
2022-11-18,5430.0,5359.0,5399.0,5385.0,8696.0,1639304.0,1249526281.0
2022-11-21,5333.0,5228.0,5300.0,5270.0,11350.0,2477490.0,1249526281.0
2022-11-22,5425.0,5312.506,5323.0,5387.0,14472.0,1745574.0,1249526281.0
2022-11-23,5440.0,5350.0,5419.0,5378.0,8622.0,1022858.0,1249526281.0
2022-11-24,5470.0,5381.0,5401.0,5407.0,6893.0,938175.0,1249526281.0
2022-11-25,5464.0,5353.0,5427.0,5379.0,8123.0,1205069.0,1249526281.0
2022-11-28,5406.0,5277.0,5320.0,5363.0,11709.0,1637757.0,1249526281.0
2022-11-29,5582.0,5429.4173,5440.0,5563.0,16119.0,2719492.0,1249526281.0
2022-11-30,5657.0,5495.0,5600.0,5585.0,15842.0,6082636.0,1249653702.0
2022-12-01,5658.0,5542.0,5640.0,5598.0,13463.0,2120682.0,1249653702.0
2022-12-02,5590.0,5447.0,5515.0,5584.0,11103.0,1430552.0,1249653702.0
2022-12-05,5791.0,5651.0,5690.0,5671.0,14005.0,1599537.0,1249653702.0
2022-12-06,5712.0,5624.81,5635.0,5680.0,11211.0,1666691.0,1249653702.0
2022-12-07,5669.0,5572.98,5627.0,5616.0,11666.0,1838818.0,1249653702.0
2022-12-08,5804.0,5608.0,5627.0,5780.0,15828.0,2225458.0,1249653702.0
2022-12-09,5895.0,5768.0,5800.0,5835.0,14469.0,2413042.0,1249653702.0
2022-12-12,5805.0,5666.0,5792.0,5679.0,11340.0,2949130.0,1249653702.0
2022-12-13,5854.0,5645.998,5668.0,5747.0,16533.0,2268007.0,1249653702.0
2022-12-14,5729.0,5590.0,5684.0,5622.0,15547.0,4046078.0,1249653702.0
2022-12-15,5707.0,5578.2677,5588.0,5657.0,14582.0,2544090.0,1249653702.0
2022-12-16,5700.0,5582.0,5653.0,5612.0,14212.0,7972660.0,1249653702.0
2022-12-19,5667.0,5587.502,5648.0,5609.0,8356.0,1911794.0,1249653702.0
2022-12-20,5676.0,5549.0,5583.0,5663.0,7721.0,1371484.0,1249653702.0
2022-12-21,5790.0,5643.0,5680.0,5782.0,10442.0,3067130.0,1249653702.0
2022-12-22,5835.0,5713.0,5790.0,5739.0,9564.0,1458008.0,1249653702.0
2022-12-23,5815.0,5753.0,5779.0,5808.0,3254.0,471369.0,1249653702.0
2022-12-27,,,,,,,
2022-12-28,5916.0,5790.0,5911.0,5818.0,8599.0,1399775.0,1249653702.0
2022-12-29,5865.0,5780.0,5803.0,5834.0,8270.0,1093940.0,1249653702.0
2022-12-30,5846.0,5787.0,5803.0,5798.0,2555.0,541756.0,1249654725.0
2023-01-02,,,,,,,
2023-01-03,5905.0,5810.0,5818.0,5839.0,13502.0,1599043.0,1249654725.0
2023-01-04,5941.0,5793.0,5910.0,5845.0,13761.0,1833235.0,1249654725.0
2023-01-05,5974.0,5836.92,5875.0,5940.0,10190.0,1742753.0,1249654725.0
2023-01-06,6069.0,5993.88,5994.0,6058.0,11654.0,3940995.0,1249654725.0
2023-01-09,6125.0,6030.0,6076.0,6091.0,10883.0,4107760.0,1249654725.0
2023-01-10,6092.0,5981.0,6045.0,6073.0,9130.0,2324888.0,1249654725.0
2023-01-11,6212.8472,6109.0,6125.0,6127.0,11838.0,6334217.0,1249654725.0
2023-01-12,6298.0,6148.0,6205.0,6288.0,15179.0,2461639.0,1249654725.0
2023-01-13,6329.0,6201.0,6276.0,6219.0,12608.0,2239633.0,1249654725.0
2023-01-16,6193.0,6096.0,6178.0,6096.0,8257.0,1271515.0,1249654725.0
2023-01-17,6148.0,6071.0,6080.0,6148.0,12672.0,1700379.0,1249654725.0
2023-01-18,6256.46,6151.0,6194.0,6204.0,15399.0,2248840.0,1249654725.0
2023-01-19,6201.0,6077.0,6120.0,6151.0,12184.0,1777499.0,1249654725.0
2023-01-20,6269.0,6144.0,6233.0,6213.0,10695.0,2163529.0,1249654725.0
2023-01-23,6333.0,6229.66,6232.0,6249.0,9600.0,1358184.0,1249654725.0
2023-01-24,6325.0,6206.44,6317.0,6280.0,14098.0,2543230.0,1249654725.0
2023-01-25,6354.0,6261.0,6301.0,6336.0,11236.0,1557223.0,1249654725.0
2023-01-26,6406.0,6323.0,6368.0,6377.0,10157.0,1346060.0,1249654725.0
2023-01-27,6370.0,6213.0,6352.0,6291.0,11543.0,1529306.0,1249654725.0
2023-01-30,6349.0,6251.0,6273.0,6318.0,10430.0,1653890.0,1249654725.0
2023-01-31,6330.0,6206.0,6290.0,6319.0,11165.0,2294815.0,1249654725.0
2023-02-01,6353.0,6151.0,6328.0,6202.0,14357.0,2331840.0,1249654725.0
2023-02-02,6222.196,6026.0,6221.0,6064.0,20175.0,3443179.0,1249654725.0
2023-02-03,6179.5,6089.0,6108.0,6128.0,13786.0,3111739.0,1249654725.0
2023-02-06,6124.0,5970.0,6120.0,6047.0,11541.0,6282599.0,1249654725.0
2023-02-07,6119.0,6037.0,6059.0,6081.0,10010.0,2548640.0,1249654725.0
2023-02-08,6172.3385,6050.0,6146.0,6051.0,8427.0,1605298.0,1249654725.0
2023-02-09,6148.0,6058.0,6100.0,6079.0,8984.0,7548488.0,1249654725.0
2023-02-10,6095.0,5905.0,6031.0,5967.0,12368.0,2672093.0,1249654725.0
2023-02-13,5993.0,5908.0,5980.0,5977.0,7902.0,4888242.0,1249654725.0
2023-02-14,6054.0,5966.0,5984.0,6018.0,8276.0,2733099.0,1249654725.0
2023-02-15,6049.0,5906.0,6010.0,6037.0,13275.0,3515885.0,1249654725.0
2023-02-16,6158.0,6060.0,6084.0,6139.0,7938.0,1486433.0,1249654725.0
2023-02-17,6140.0,6076.0,6114.0,6103.0,8821.0,4705244.0,1249654725.0
2023-02-20,6308.0,6119.0,6121.0,6277.0,9206.0,3200441.0,1249654725.0
2023-02-21,6277.0,6176.0,6270.0,6204.0,18701.0,3330015.0,1249654725.0
2023-02-22,6169.0,5888.0,6146.0,5983.0,19175.0,2803708.0,1249654725.0
2023-02-23,6016.0,5836.0,5990.0,5836.0,16115.0,2316195.0,1249654725.0
2023-02-24,5855.2,5666.78,5853.0,5667.0,14946.0,2302222.0,1249654725.0
2023-02-27,5699.0,5568.0,5583.0,5648.0,12096.0,3061553.0,1249654725.0
2023-02-28,5728.0,5593.0,5648.0,5712.0,10358.0,2984167.0,1249654725.0
2023-03-01,6005.0,5713.708,5913.0,5972.0,18139.0,2257727.0,1249654725.0
2023-03-02,6054.0,5956.0,5981.0,6018.0,13025.0,7743299.0,1249654725.0
2023-03-03,6232.0,6077.608,6082.0,6144.0,17881.0,2375924.0,1249654725.0
2023-03-06,6108.0,5925.581,6085.0,5972.0,13508.0,2255426.0,1249654725.0
2023-03-07,6025.0,5868.0,5986.0,5894.0,12616.0,3172064.0,1249654725.0
2023-03-08,5985.0,5868.74,5881.0,5960.0,11849.0,5121672.0,1249654725.0
2023-03-09,5807.0,5666.0,5782.0,5690.0,14832.0,6256373.0,1249654725.0
2023-03-10,5658.0,5536.0,5583.0,5634.0,17754.0,2348602.0,1249654725.0
2023-03-13,5652.0,5414.0,5630.0,5548.0,16338.0,2454635.0,1249654725.0
2023-03-14,5642.0,5485.0,5549.0,5642.0,13649.0,2126853.0,1249654725.0
2023-03-15,5632.286,5315.0,5632.0,5334.0,17750.0,5903082.0,1249654725.0
2023-03-16,5416.0,5225.0,5358.0,5281.0,15609.0,4048028.0,1249654725.0
2023-03-17,5449.86,5204.0,5305.75,5250.0,24035.0,7676047.0,1249654725.0
2023-03-20,5375.0,5204.0,5236.0,5360.0,14861.0,2197689.0,1249654725.0
2023-03-21,5426.0,5307.0,5385.0,5340.0,15376.0,2404996.0,1249654725.0
2023-03-22,5326.25,5231.0,5326.0,5319.0,8415.0,1907688.0,1249654725.0
2023-03-23,5331.0,5197.0,5319.0,5288.0,11861.0,3776603.0,1249654725.0
2023-03-24,5296.0,5136.0,5289.0,5253.0,10694.0,1819793.0,1249654725.0
2023-03-27,5292.0,5159.0,5284.0,5232.0,9361.0,1591674.0,1249654725.0
2023-03-28,5342.0,5265.0,5281.0,5338.0,6840.0,5681204.0,1249654725.0
2023-03-29,5410.0,5317.0,5353.0,5393.0,7813.0,1208797.0,1249654725.0
2023-03-30,5490.0,5393.0,5410.0,5439.0,8368.0,1761858.0,1249654725.0
2023-03-31,5512.0,5417.1,5486.0,5478.0,10351.0,2072491.0,1249654725.0
2023-04-03,5521.0,5390.0,5521.0,5405.0,9672.0,2446654.0,1249654725.0
2023-04-04,5465.0,5295.0,5438.0,5312.0,10506.0,1974066.0,1249654725.0
2023-04-05,5353.196,5247.0,5350.0,5283.0,10176.0,2781482.0,1249654725.0
2023-04-06,5377.0,5284.0,5330.0,5295.0,7224.0,2399297.0,1249654725.0
2023-04-11,5572.0,5403.52,5441.0,5555.0,11619.0,4824891.0,1249654725.0
2023-04-12,5591.0,5500.0,5529.0,5520.0,9077.0,1890855.0,1249654725.0
2023-04-13,5585.72,5462.0,5494.0,5537.0,8935.0,1740309.0,1249654725.0
2023-04-14,5560.0,5431.0,5555.0,5462.0,7942.0,1743999.0,1249654725.0
2023-04-17,5589.0,5521.718,5526.0,5551.0,7712.0,1273143.0,1249654725.0
2023-04-18,5614.0,5553.0,5597.0,5609.0,9163.0,1328229.0,1249654725.0
2023-04-19,5606.0,5487.0,5582.0,5530.0,7703.0,1342907.0,1249654725.0
2023-04-20,5519.0,5427.0,5500.0,5442.0,10265.0,2753699.0,1249654725.0
2023-04-21,5331.9905,5110.0,5330.0,5131.0,18669.0,3386910.0,1249654725.0
2023-04-24,5189.0,5069.0,5075.0,5141.0,11416.0,2449164.0,1249654725.0
2023-04-25,5109.789,4949.5,5100.0,4984.5,15013.0,2832571.0,1249654725.0
2023-04-26,5100.0858,5016.0,5032.0,5037.0,12351.0,3403861.0,1249654725.0
2023-04-27,5060.055,4992.5,5034.0,5044.0,9680.0,1568826.0,1249654725.0
2023-04-28,5065.0,4947.425,5045.0,5049.0,8244.0,2880332.0,1249654725.0
2023-05-02,5065.118,4898.5,5056.0,4915.0,14719.0,4093977.0,1249654725.0
2023-05-03,4975.5,4925.0,4928.0,4954.5,7920.0,1377959.0,1249654725.0
2023-05-04,4970.0,4857.0,4956.5,4870.0,9296.0,1983988.0,1249654725.0
2023-05-05,4993.5,4909.0,4928.0,4992.0,7464.0,1146120.0,1249654725.0
2023-05-08,,,,,,,
2023-05-09,5044.0,4959.5,5002.0,5027.0,9095.0,2021974.0,1249654725.0
2023-05-10,5099.0,4973.5,5023.0,4984.5,8680.0,2423577.0,1249654725.0
2023-05-11,4973.5,4819.33,4934.0,4882.5,12488.0,6882839.0,1249654725.0
2023-05-12,4926.0,4870.0,4886.5,4917.5,9616.0,2162135.0,1249654725.0
2023-05-15,4990.0,4933.0,4946.0,4963.0,9910.0,1208472.0,1249654725.0
2023-05-16,4985.0,4909.5,4942.0,4916.5,10431.0,1946970.0,1249654725.0
2023-05-17,4996.5,4894.5,4903.0,4970.5,8764.0,1713136.0,1249654725.0
2023-05-18,4992.5,4895.0,4988.5,4936.0,8039.0,3430761.0,1249654725.0
2023-05-19,5022.0,4940.5,4979.0,4948.5,8354.0,1894151.0,1249654725.0
2023-05-22,4961.5,4875.0,4897.5,4936.5,8431.0,2950722.0,1249654725.0
2023-05-23,4944.0,4876.5,4904.5,4895.0,9576.0,1558131.0,1249654725.0
2023-05-24,4825.5,4750.79,4813.0,4774.0,12889.0,2508796.0,1249654725.0
2023-05-25,4826.0,4746.0,4776.0,4758.0,12703.0,2089244.0,1249654725.0
2023-05-26,4968.3915,4899.5,4929.5,4925.0,12911.0,3871990.0,1249654725.0
2023-05-29,,,,,,,
2023-05-30,4953.0,4835.0,4903.5,4839.5,14116.0,2768283.0,1249654725.0
2023-05-31,4871.5,4774.5,4806.5,4782.0,13241.0,4825098.0,1249654725.0
2023-06-01,4897.5,4803.0,4848.0,4886.0,15709.0,4559054.0,1249654725.0
2023-06-02,5145.0,4957.0,4971.5,5070.0,18758.0,3592681.0,1249654725.0
2023-06-05,5099.0,5005.0,5069.0,5055.0,11395.0,1713619.0,1249654725.0
2023-06-06,5123.0,5013.0,5080.0,5102.0,9550.0,1630013.0,1249654725.0
2023-06-07,5168.0,5053.0,5095.0,5103.0,10430.0,3699778.0,1249654725.0
2023-06-08,5196.8507,5114.0,5195.0,5127.0,9730.0,1401377.0,1249654725.0
2023-06-09,5198.0,5118.0,5132.0,5125.0,7605.0,1177909.0,1249654725.0
2023-06-12,5106.0,5019.0,5094.0,5068.0,11499.0,2395296.0,1249654725.0
2023-06-13,5253.0,5131.0,5134.0,5203.0,14325.0,5935586.0,1249654725.0
2023-06-14,5411.0,5203.0,5212.0,5338.0,16542.0,3778858.0,1249654725.0
2023-06-15,5360.0,5249.38,5307.0,5343.0,10541.0,6366702.0,1249654725.0
2023-06-16,5386.0,5267.0,5357.0,5300.0,13376.0,5853680.0,1249654725.0
2023-06-19,5273.0,5214.0,5273.0,5214.0,4269.0,1147253.0,1249654725.0
2023-06-20,5251.0,5152.0,5202.0,5153.0,12461.0,1985625.0,1249654725.0
2023-06-21,5138.0,5074.9,5136.0,5105.0,10381.0,1716332.0,1249654725.0
2023-06-22,5121.0,5039.0,5088.0,5080.0,9048.0,2264282.0,1249654725.0
2023-06-23,5066.0,4960.0,5064.0,4971.5,8053.0,1496913.0,1249654725.0
2023-06-26,5037.0,4958.0,4998.5,5013.0,5420.0,1209369.0,1249654725.0
2023-06-27,5120.0,4990.0,5079.0,5042.0,10915.0,1977696.0,1249654725.0
2023-06-28,5082.0,4971.0,5066.0,5003.0,9074.0,2778205.0,1249654725.0
2023-06-29,5029.0,4964.5,5006.0,4998.0,7125.0,1346123.0,1249654725.0
2023-06-30,5045.0,4985.0,5018.0,4985.5,6546.0,1548178.0,1249654725.0
2023-07-03,5142.0,5043.0,5050.0,5091.0,9725.0,2864844.0,1249654725.0
2023-07-04,5067.0,5026.0,5067.0,5050.0,3490.0,696512.0,1249654725.0
2023-07-05,5045.0,4988.5,5014.0,5017.0,9896.0,2470769.0,1249654725.0
2023-07-06,5000.0,4872.5,4971.5,4896.0,13422.0,2428196.0,1249654725.0
2023-07-07,4940.0,4878.5,4910.0,4915.0,10185.0,2071633.0,1249654725.0
2023-07-10,4861.0,4831.5,4833.5,4835.0,671.0,111213.0,1249654725.0
2023-07-11,,,,,,,
2023-07-12,,,,,,,
2023-07-13,,,,,,,
2023-07-14,,,,,,,
2023-07-17,,,,,,,
2023-07-18,,,,,,,
2023-07-19,,,,,,,
2023-07-20,,,,,,,
2023-07-21,,,,,,,
