Date,HIGH,LOW,CLOSE,OPEN,COUNT,VOLUME
1983-01-04,,,,,0.0,0.0
1983-01-05,,,,,0.0,1.0
1983-01-06,,,,,0.0,1.0
1983-01-07,,,,,0.0,1.0
1983-01-10,,,,,0.0,1.0
1983-01-11,,,,,0.0,1.0
1983-01-12,,,,,0.0,1.0
1983-01-13,,,,,0.0,1.0
1983-01-14,,,,,0.0,1.0
1983-01-17,,,,,0.0,1.0
1983-01-18,,,,,0.0,1.0
1983-01-19,,,,,0.0,1.0
1983-01-20,,,,,0.0,1.0
1983-01-21,,,,,0.0,1.0
1983-01-24,,,,,0.0,1.0
1983-01-25,,,,,0.0,1.0
1983-01-26,,,,,0.0,1.0
1983-01-27,,,,,0.0,1.0
1983-01-28,,,,,0.0,1.0
1983-01-31,,,,,0.0,1.0
1983-02-01,,,,,0.0,1.0
1983-02-02,,,,,0.0,1.0
1983-02-03,,,,,0.0,1.0
1983-02-04,,,,,0.0,1.0
1983-02-07,,,,,0.0,1.0
1983-02-08,,,,,0.0,1.0
1983-02-09,,,,,0.0,1.0
1983-02-10,,,,,0.0,1.0
1983-02-11,,,,,0.0,1.0
1983-02-14,,,,,0.0,1.0
1983-02-15,,,,,0.0,1.0
1983-02-16,,,,,0.0,1.0
1983-02-17,,,,,0.0,1.0
1983-02-18,,,,,0.0,1.0
1983-02-21,,,,,0.0,1.0
1983-02-22,,,,,0.0,1.0
1983-02-23,,,,,0.0,1.0
1983-02-24,,,,,0.0,1.0
1983-02-25,,,,,0.0,1.0
1983-02-28,,,,,0.0,1.0
1983-03-01,,,,,0.0,1.0
1983-03-02,,,,,0.0,1.0
1983-03-03,,,,,0.0,1.0
1983-03-04,,,,,0.0,1.0
1983-03-07,,,,,0.0,1.0
1983-03-08,,,,,0.0,1.0
1983-03-09,,,,,0.0,1.0
1983-03-10,,,,,0.0,1.0
1983-03-11,,,,,0.0,1.0
1983-03-14,,,,,0.0,1.0
1983-03-15,,,,,0.0,1.0
1983-03-16,,,,,0.0,1.0
1983-03-17,,,,,0.0,1.0
1983-03-18,,,,,0.0,1.0
1983-03-21,,,,,0.0,1.0
1983-03-22,,,,,0.0,1.0
1983-03-23,,,,,0.0,1.0
1983-03-24,,,,,0.0,1.0
1983-03-25,,,,,0.0,1.0
1983-03-28,,,,,0.0,1.0
1983-03-29,,,,,0.0,1.0
1983-03-30,,,,,0.0,1.0
1983-03-31,,,,,0.0,1.0
1983-04-01,,,,,0.0,1.0
1983-04-04,,,,,0.0,1.0
1983-04-05,,,,,0.0,1.0
1983-04-06,,,,,0.0,1.0
1983-04-07,,,,,0.0,1.0
1983-04-08,,,,,0.0,1.0
1983-04-11,,,,,0.0,1.0
1983-04-12,,,,,0.0,1.0
1983-04-13,,,,,0.0,1.0
1983-04-14,,,,,0.0,1.0
1983-04-15,,,,,0.0,1.0
1983-04-18,,,,,0.0,1.0
1983-04-19,,,,,0.0,1.0
1983-04-20,,,,,0.0,1.0
1983-04-21,,,,,0.0,1.0
1983-04-22,,,,,0.0,1.0
1983-04-25,,,,,0.0,1.0
1983-04-26,,,,,0.0,1.0
1983-04-27,,,,,0.0,1.0
1983-04-28,,,,,0.0,1.0
1983-04-29,,,,,0.0,1.0
1983-05-02,,,,,0.0,1.0
1983-05-03,,,,,0.0,1.0
1983-05-04,,,,,0.0,1.0
1983-05-05,,,,,0.0,1.0
1983-05-06,,,,,0.0,1.0
1983-05-09,,,,,0.0,1.0
1983-05-10,,,,,0.0,1.0
1983-05-11,,,,,0.0,1.0
1983-05-12,,,,,0.0,1.0
1983-05-13,,,,,0.0,1.0
1983-05-16,,,,,0.0,1.0
1983-05-17,,,,,0.0,1.0
1983-05-18,,,,,0.0,1.0
1983-05-19,,,,,0.0,1.0
1983-05-20,,,,,0.0,1.0
1983-05-23,,,,,0.0,1.0
1983-05-24,,,,,0.0,1.0
1983-05-25,,,,,0.0,1.0
1983-05-26,,,,,0.0,1.0
1983-05-27,,,,,0.0,1.0
1983-05-30,,,,,0.0,1.0
1983-05-31,,,,,0.0,1.0
1983-06-01,,,,,0.0,1.0
1983-06-02,,,,,0.0,1.0
1983-06-03,,,,,0.0,1.0
1983-06-06,,,,,0.0,1.0
1983-06-07,,,,,0.0,1.0
1983-06-08,,,,,0.0,1.0
1983-06-09,,,,,0.0,1.0
1983-06-10,,,,,0.0,1.0
1983-06-13,,,,,0.0,1.0
1983-06-14,,,,,0.0,1.0
1983-06-15,,,,,0.0,1.0
1983-06-16,,,,,0.0,1.0
1983-06-17,,,,,0.0,1.0
1983-06-20,,,,,0.0,1.0
1983-06-21,,,,,0.0,1.0
1983-06-22,,,,,0.0,1.0
1983-06-23,,,,,0.0,1.0
1983-06-24,,,,,0.0,1.0
1983-06-27,,,,,0.0,1.0
1983-06-28,,,,,0.0,1.0
1983-06-29,,,,,0.0,1.0
1983-06-30,,,,,0.0,1.0
1983-07-01,,,,,0.0,1.0
1983-07-04,,,,,0.0,1.0
1983-07-05,,,,,0.0,1.0
1983-07-06,,,,,0.0,1.0
1983-07-07,,,,,0.0,1.0
1983-07-08,,,,,0.0,1.0
1983-07-11,,,,,0.0,1.0
1983-07-12,,,,,0.0,1.0
1983-07-13,,,,,0.0,1.0
1983-07-14,,,,,0.0,1.0
1983-07-15,,,,,0.0,1.0
1983-07-18,,,,,0.0,1.0
1983-07-19,,,,,0.0,1.0
1983-07-20,,,,,0.0,1.0
1983-07-21,,,,,0.0,1.0
1983-07-22,,,,,0.0,1.0
1983-07-25,,,,,0.0,1.0
1983-07-26,,,,,0.0,1.0
1983-07-27,,,,,0.0,1.0
1983-07-28,,,,,0.0,1.0
1983-07-29,,,,,0.0,1.0
1983-08-01,,,,,0.0,1.0
1983-08-02,,,,,0.0,1.0
1983-08-03,,,,,0.0,1.0
1983-08-04,,,,,0.0,1.0
1983-08-05,,,,,0.0,1.0
1983-08-08,,,,,0.0,1.0
1983-08-09,,,,,0.0,1.0
1983-08-10,,,,,0.0,1.0
1983-08-11,,,,,0.0,1.0
1983-08-12,,,,,0.0,1.0
1983-08-15,,,,,0.0,1.0
1983-08-16,,,,,0.0,1.0
1983-08-17,,,,,0.0,1.0
1983-08-18,,,,,0.0,1.0
1983-08-19,,,,,0.0,1.0
1983-08-22,,,,,0.0,1.0
1983-08-23,,,,,0.0,1.0
1983-08-24,,,,,0.0,1.0
1983-08-25,,,,,0.0,1.0
1983-08-26,,,,,0.0,1.0
1983-08-29,,,,,0.0,1.0
1983-08-30,,,,,0.0,1.0
1983-08-31,,,,,0.0,1.0
1983-09-01,,,,,0.0,1.0
1983-09-02,,,,,0.0,1.0
1983-09-05,,,,,0.0,1.0
1983-09-06,,,,,0.0,1.0
1983-09-07,,,,,0.0,1.0
1983-09-08,,,,,0.0,1.0
1983-09-09,,,,,0.0,1.0
1983-09-12,,,,,0.0,1.0
1983-09-13,,,,,0.0,1.0
1983-09-14,,,,,0.0,1.0
1983-09-15,,,,,0.0,1.0
1983-09-16,,,,,0.0,1.0
1983-09-19,,,,,0.0,1.0
1983-09-20,,,,,0.0,1.0
1983-09-21,,,,,0.0,1.0
1983-09-22,,,,,0.0,1.0
1983-09-23,,,,,0.0,1.0
1983-09-26,,,,,0.0,1.0
1983-09-27,,,,,0.0,1.0
1983-09-28,,,,,0.0,1.0
1983-09-29,,,,,0.0,1.0
1983-09-30,,,,,0.0,1.0
1983-10-03,,,,,0.0,1.0
1983-10-04,,,,,0.0,1.0
1983-10-05,,,,,0.0,1.0
1983-10-06,,,,,0.0,1.0
1983-10-07,,,,,0.0,1.0
1983-10-10,,,,,0.0,1.0
1983-10-11,,,,,0.0,1.0
1983-10-12,,,,,0.0,1.0
1983-10-13,,,,,0.0,1.0
1983-10-14,,,,,0.0,1.0
1983-10-17,,,,,0.0,1.0
1983-10-18,,,,,0.0,1.0
1983-10-19,,,,,0.0,1.0
1983-10-20,,,,,0.0,1.0
1983-10-21,,,,,0.0,1.0
1983-10-24,,,,,0.0,1.0
1983-10-25,,,,,0.0,1.0
1983-10-26,,,,,0.0,1.0
1983-10-27,,,,,0.0,1.0
1983-10-28,,,,,0.0,1.0
1983-10-31,,,,,0.0,1.0
1983-11-01,,,,,0.0,1.0
1983-11-02,,,,,0.0,1.0
1983-11-03,,,,,0.0,1.0
1983-11-04,,,,,0.0,1.0
1983-11-07,,,,,0.0,1.0
1983-11-08,,,,,0.0,1.0
1983-11-09,,,,,0.0,1.0
1983-11-10,,,,,0.0,1.0
1983-11-11,,,,,0.0,1.0
1983-11-14,,,,,0.0,1.0
1983-11-15,,,,,0.0,1.0
1983-11-16,,,,,0.0,1.0
1983-11-17,,,,,0.0,1.0
1983-11-18,,,,,0.0,1.0
1983-11-21,,,,,0.0,1.0
1983-11-22,,,,,0.0,1.0
1983-11-23,,,,,0.0,1.0
1983-11-24,,,,,0.0,1.0
1983-11-25,,,,,0.0,1.0
1983-11-28,,,,,0.0,1.0
1983-11-29,,,,,0.0,1.0
1983-11-30,,,,,0.0,1.0
1983-12-01,,,,,0.0,1.0
1983-12-02,,,,,0.0,1.0
1983-12-05,,,,,0.0,1.0
1983-12-06,,,,,0.0,1.0
1983-12-07,,,,,0.0,1.0
1983-12-08,,,,,0.0,1.0
1983-12-09,,,,,0.0,1.0
1983-12-12,,,,,0.0,1.0
1983-12-13,,,,,0.0,1.0
1983-12-14,,,,,0.0,1.0
1983-12-15,,,,,0.0,1.0
1983-12-16,,,,,0.0,1.0
1983-12-19,,,,,0.0,1.0
1983-12-20,,,,,0.0,1.0
1983-12-21,,,,,0.0,1.0
1983-12-22,,,,,0.0,1.0
1983-12-23,,,,,0.0,1.0
1983-12-26,,,,,0.0,1.0
1983-12-27,,,,,0.0,1.0
1983-12-28,,,,,0.0,1.0
1983-12-29,,,,,0.0,1.0
1983-12-30,,,,,0.0,1.0
1984-01-02,,,,,0.0,1.0
1984-01-03,,,,,0.0,1.0
1984-01-04,,,,,0.0,1.0
1984-01-05,,,,,0.0,1.0
1984-01-06,,,,,0.0,1.0
1984-01-09,,,,,0.0,1.0
1984-01-10,,,,,0.0,1.0
1984-01-11,,,,,0.0,1.0
1984-01-12,,,,,0.0,1.0
1984-01-13,,,,,0.0,1.0
1984-01-16,,,,,0.0,1.0
1984-01-17,,,,,0.0,1.0
1984-01-18,,,,,0.0,1.0
1984-01-19,,,,,0.0,1.0
1984-01-20,,,,,0.0,1.0
1984-01-23,,,,,0.0,1.0
1984-01-24,,,,,0.0,1.0
1984-01-25,,,,,0.0,1.0
1984-01-26,,,,,0.0,1.0
1984-01-27,,,,,0.0,1.0
1984-01-30,,,,,0.0,1.0
1984-01-31,,,,,0.0,1.0
1984-02-01,,,,,0.0,1.0
1984-02-02,,,,,0.0,1.0
1984-02-03,,,,,0.0,1.0
1984-02-06,,,,,0.0,1.0
1984-02-07,,,,,0.0,1.0
1984-02-08,,,,,0.0,1.0
1984-02-09,,,,,0.0,1.0
1984-02-10,,,,,0.0,1.0
1984-02-13,,,,,0.0,1.0
1984-02-14,,,,,0.0,1.0
1984-02-15,,,,,0.0,1.0
1984-02-16,,,,,0.0,1.0
1984-02-17,,,,,0.0,1.0
1984-02-20,,,,,0.0,1.0
1984-02-21,,,,,0.0,1.0
1984-02-22,,,,,0.0,1.0
1984-02-23,,,,,0.0,1.0
1984-02-24,,,,,0.0,1.0
1984-02-27,,,,,0.0,1.0
1984-02-28,,,,,0.0,1.0
1984-02-29,,,,,0.0,1.0
1984-03-01,,,,,0.0,1.0
1984-03-02,,,,,0.0,1.0
1984-03-05,,,,,0.0,1.0
1984-03-06,,,,,0.0,1.0
1984-03-07,,,,,0.0,1.0
1984-03-08,,,,,0.0,1.0
1984-03-09,,,,,0.0,1.0
1984-03-12,,,,,0.0,1.0
1984-03-13,,,,,0.0,1.0
1984-03-14,,,,,0.0,1.0
1984-03-15,,,,,0.0,1.0
1984-03-16,,,,,0.0,1.0
1984-03-19,,,,,0.0,1.0
1984-03-20,,,,,0.0,1.0
1984-03-21,,,,,0.0,1.0
1984-03-22,,,,,0.0,1.0
1984-03-23,,,,,0.0,1.0
1984-03-26,,,,,0.0,1.0
1984-03-27,,,,,0.0,1.0
1984-03-28,,,,,0.0,1.0
1984-03-29,,,,,0.0,1.0
1984-03-30,,,,,0.0,1.0
1984-04-02,,,,,0.0,1.0
1984-04-03,,,,,0.0,1.0
1984-04-04,,,,,0.0,1.0
1984-04-05,,,,,0.0,1.0
1984-04-06,,,,,0.0,1.0
1984-04-09,,,,,0.0,1.0
1984-04-10,,,,,0.0,1.0
1984-04-11,,,,,0.0,1.0
1984-04-12,,,,,0.0,1.0
1984-04-13,,,,,0.0,1.0
1984-04-16,,,,,0.0,1.0
1984-04-17,,,,,0.0,1.0
1984-04-18,,,,,0.0,1.0
1984-04-19,,,,,0.0,1.0
1984-04-20,,,,,0.0,1.0
1984-04-23,,,,,0.0,1.0
1984-04-24,,,,,0.0,1.0
1984-04-25,,,,,0.0,1.0
1984-04-26,,,,,0.0,1.0
1984-04-27,,,,,0.0,1.0
1984-04-30,,,,,0.0,1.0
1984-05-01,,,,,0.0,1.0
1984-05-02,,,,,0.0,1.0
1984-05-03,,,,,0.0,1.0
1984-05-04,,,,,0.0,1.0
1984-05-07,,,,,0.0,1.0
1984-05-08,,,,,0.0,1.0
1984-05-09,,,,,0.0,1.0
1984-05-10,,,,,0.0,1.0
1984-05-11,,,,,0.0,1.0
1984-05-14,,,,,0.0,1.0
1984-05-15,,,,,0.0,1.0
1984-05-16,,,,,0.0,1.0
1984-05-17,,,,,0.0,1.0
1984-05-18,,,,,0.0,1.0
1984-05-21,,,,,0.0,1.0
1984-05-22,,,,,0.0,1.0
1984-05-23,,,,,0.0,1.0
1984-05-24,,,,,0.0,1.0
1984-05-25,,,,,0.0,1.0
1984-05-28,,,,,0.0,1.0
1984-05-29,,,,,0.0,1.0
1984-05-30,,,,,0.0,1.0
1984-05-31,,,,,0.0,1.0
1984-06-01,,,,,0.0,1.0
1984-06-04,,,,,0.0,1.0
1984-06-05,,,,,0.0,1.0
1984-06-06,,,,,0.0,1.0
1984-06-07,,,,,0.0,1.0
1984-06-08,,,,,0.0,1.0
1984-06-11,,,,,0.0,1.0
1984-06-12,,,,,0.0,1.0
1984-06-13,,,,,0.0,1.0
1984-06-14,,,,,0.0,1.0
1984-06-15,,,,,0.0,1.0
1984-06-18,,,,,0.0,1.0
1984-06-19,,,,,0.0,1.0
1984-06-20,,,,,0.0,1.0
1984-06-21,,,,,0.0,1.0
1984-06-22,,,,,0.0,1.0
1984-06-25,,,,,0.0,1.0
1984-06-26,,,,,0.0,1.0
1984-06-27,,,,,0.0,1.0
1984-06-28,,,,,0.0,1.0
1984-06-29,,,,,0.0,1.0
1984-07-02,,,,,0.0,1.0
1984-07-03,,,,,0.0,1.0
1984-07-04,,,,,0.0,1.0
1984-07-05,,,,,0.0,1.0
1984-07-06,,,,,0.0,1.0
1984-07-09,,,,,0.0,1.0
1984-07-10,,,,,0.0,1.0
1984-07-11,,,,,0.0,1.0
1984-07-12,,,,,0.0,1.0
1984-07-13,,,,,0.0,1.0
1984-07-16,,,,,0.0,1.0
1984-07-17,,,,,0.0,1.0
1984-07-18,,,,,0.0,1.0
1984-07-19,,,,,0.0,1.0
1984-07-20,,,,,0.0,1.0
1984-07-23,,,,,0.0,1.0
1984-07-24,,,,,0.0,1.0
1984-07-25,,,,,0.0,1.0
1984-07-26,,,,,0.0,1.0
1984-07-27,,,,,0.0,1.0
1984-07-30,,,,,0.0,1.0
1984-07-31,,,,,0.0,1.0
1984-08-01,,,,,0.0,1.0
1984-08-02,,,,,0.0,1.0
1984-08-03,,,,,0.0,1.0
1984-08-06,,,,,0.0,1.0
1984-08-07,,,,,0.0,1.0
1984-08-08,,,,,0.0,1.0
1984-08-09,,,,,0.0,1.0
1984-08-10,,,,,0.0,1.0
1984-08-13,,,,,0.0,1.0
1984-08-14,,,,,0.0,1.0
1984-08-15,,,,,0.0,1.0
1984-08-16,,,,,0.0,1.0
1984-08-17,,,,,0.0,1.0
1984-08-20,,,,,0.0,1.0
1984-08-21,,,,,0.0,1.0
1984-08-22,,,,,0.0,1.0
1984-08-23,,,,,0.0,1.0
1984-08-24,,,,,0.0,1.0
1984-08-27,,,,,0.0,1.0
1984-08-28,,,,,0.0,1.0
1984-08-29,,,,,0.0,1.0
1984-08-30,,,,,0.0,1.0
1984-08-31,,,,,0.0,1.0
1984-09-03,,,,,0.0,1.0
1984-09-04,,,,,0.0,1.0
1984-09-05,,,,,0.0,1.0
1984-09-06,,,,,0.0,1.0
1984-09-07,,,,,0.0,1.0
1984-09-10,,,,,0.0,1.0
1984-09-11,,,,,0.0,1.0
1984-09-12,,,,,0.0,1.0
1984-09-13,,,,,0.0,1.0
1984-09-14,,,,,0.0,1.0
1984-09-17,,,,,0.0,1.0
1984-09-18,,,,,0.0,1.0
1984-09-19,,,,,0.0,1.0
1984-09-20,,,,,0.0,1.0
1984-09-21,,,,,0.0,1.0
1984-09-24,,,,,0.0,1.0
1984-09-25,,,,,0.0,1.0
1984-09-26,,,,,0.0,1.0
1984-09-27,,,,,0.0,1.0
1984-09-28,,,,,0.0,1.0
1984-10-01,,,,,0.0,1.0
1984-10-02,,,,,0.0,1.0
1984-10-03,,,,,0.0,1.0
1984-10-04,,,,,0.0,1.0
1984-10-05,,,,,0.0,1.0
1984-10-08,,,,,0.0,1.0
1984-10-09,,,,,0.0,1.0
1984-10-10,,,,,0.0,1.0
1984-10-11,,,,,0.0,1.0
1984-10-12,,,,,0.0,1.0
1984-10-15,,,,,0.0,1.0
1984-10-16,,,,,0.0,1.0
1984-10-17,,,,,0.0,1.0
1984-10-18,,,,,0.0,1.0
1984-10-19,,,,,0.0,1.0
1984-10-22,,,,,0.0,1.0
1984-10-23,,,,,0.0,1.0
1984-10-24,,,,,0.0,1.0
1984-10-25,,,,,0.0,1.0
1984-10-26,,,,,0.0,1.0
1984-10-29,,,,,0.0,1.0
1984-10-30,,,,,0.0,1.0
1984-10-31,,,,,0.0,1.0
1984-11-01,,,,,0.0,1.0
1984-11-02,,,,,0.0,1.0
1984-11-05,,,,,0.0,1.0
1984-11-06,,,,,0.0,1.0
1984-11-07,,,,,0.0,1.0
1984-11-08,,,,,0.0,1.0
1984-11-09,,,,,0.0,1.0
1984-11-12,,,,,0.0,1.0
1984-11-13,,,,,0.0,1.0
1984-11-14,,,,,0.0,1.0
1984-11-15,,,,,0.0,1.0
1984-11-16,,,,,0.0,1.0
1984-11-19,,,,,0.0,1.0
1984-11-20,,,,,0.0,1.0
1984-11-21,,,,,0.0,1.0
1984-11-22,,,,,0.0,1.0
1984-11-23,,,,,0.0,1.0
1984-11-26,,,,,0.0,1.0
1984-11-27,,,,,0.0,1.0
1984-11-28,,,,,0.0,1.0
1984-11-29,,,,,0.0,1.0
1984-11-30,,,,,0.0,1.0
1984-12-03,,,,,0.0,1.0
1984-12-04,,,,,0.0,1.0
1984-12-05,,,,,0.0,1.0
1984-12-06,,,,,0.0,1.0
1984-12-07,,,,,0.0,1.0
1984-12-10,,,,,0.0,1.0
1984-12-11,,,,,0.0,1.0
1984-12-12,,,,,0.0,1.0
1984-12-13,,,,,0.0,1.0
1984-12-14,,,,,0.0,1.0
1984-12-17,,,,,0.0,1.0
1984-12-18,,,,,0.0,1.0
1984-12-19,,,,,0.0,1.0
1984-12-20,,,,,0.0,1.0
1984-12-21,,,,,0.0,1.0
1984-12-24,,,,,0.0,1.0
1984-12-25,,,,,0.0,1.0
1984-12-26,,,,,0.0,1.0
1984-12-27,,,,,0.0,1.0
1984-12-28,,,,,0.0,1.0
1984-12-31,,,,,0.0,1.0
1985-01-01,,,,,0.0,1.0
1985-01-02,,,,,0.0,1.0
1985-01-03,,,,,0.0,1.0
1985-01-04,,,,,0.0,1.0
1985-01-07,,,,,0.0,1.0
1985-01-08,,,,,0.0,1.0
1985-01-09,,,,,0.0,1.0
1985-01-10,,,,,0.0,1.0
1985-01-11,,,,,0.0,1.0
1985-01-14,,,,,0.0,1.0
1985-01-15,,,,,0.0,1.0
1985-01-16,,,,,0.0,1.0
1985-01-17,,,,,0.0,1.0
1985-01-18,,,,,0.0,1.0
1985-01-21,,,,,0.0,1.0
1985-01-22,,,,,0.0,1.0
1985-01-23,,,,,0.0,1.0
1985-01-24,,,,,0.0,1.0
1985-01-25,,,,,0.0,1.0
1985-01-28,,,,,0.0,1.0
1985-01-29,,,,,0.0,1.0
1985-01-30,,,,,0.0,1.0
1985-01-31,,,,,0.0,1.0
1985-02-01,,,,,0.0,1.0
1985-02-04,,,,,0.0,1.0
1985-02-05,,,,,0.0,1.0
1985-02-06,,,,,0.0,1.0
1985-02-07,,,,,0.0,1.0
1985-02-08,,,,,0.0,1.0
1985-02-11,,,,,0.0,1.0
1985-02-12,,,,,0.0,1.0
1985-02-13,,,,,0.0,1.0
1985-02-14,,,,,0.0,1.0
1985-02-15,,,,,0.0,1.0
1985-02-18,,,,,0.0,1.0
1985-02-19,,,,,0.0,1.0
1985-02-20,,,,,0.0,1.0
1985-02-21,,,,,0.0,1.0
1985-02-22,,,,,0.0,1.0
1985-02-25,,,,,0.0,1.0
1985-02-26,,,,,0.0,1.0
1985-02-27,,,,,0.0,1.0
1985-02-28,,,,,0.0,1.0
1985-03-01,,,,,0.0,1.0
1985-03-04,,,,,0.0,1.0
1985-03-05,,,,,0.0,1.0
1985-03-06,,,,,0.0,1.0
1985-03-07,,,,,0.0,1.0
1985-03-08,,,,,0.0,1.0
1985-03-11,,,,,0.0,1.0
1985-03-12,,,,,0.0,1.0
1985-03-13,,,,,0.0,1.0
1985-03-14,,,,,0.0,1.0
1985-03-15,,,,,0.0,1.0
1985-03-18,,,,,0.0,1.0
1985-03-19,,,,,0.0,1.0
1985-03-20,,,,,0.0,1.0
1985-03-21,,,,,0.0,1.0
1985-03-22,,,,,0.0,1.0
1985-03-25,,,,,0.0,1.0
1985-03-26,,,,,0.0,1.0
1985-03-27,,,,,0.0,1.0
1985-03-28,,,,,0.0,1.0
1985-03-29,,,,,0.0,1.0
1985-04-01,,,,,0.0,1.0
1985-04-02,,,,,0.0,1.0
1985-04-03,,,,,0.0,1.0
1985-04-04,,,,,0.0,1.0
1985-04-05,,,,,0.0,1.0
1985-04-08,,,,,0.0,1.0
1985-04-09,,,,,0.0,1.0
1985-04-10,,,,,0.0,1.0
1985-04-11,,,,,0.0,1.0
1985-04-12,,,,,0.0,1.0
1985-04-15,,,,,0.0,1.0
1985-04-16,,,,,0.0,1.0
1985-04-17,,,,,0.0,1.0
1985-04-18,,,,,0.0,1.0
1985-04-19,,,,,0.0,1.0
1985-04-22,,,,,0.0,1.0
1985-04-23,,,,,0.0,1.0
1985-04-24,,,,,0.0,1.0
1985-04-25,,,,,0.0,1.0
1985-04-26,,,,,0.0,1.0
1985-04-29,,,,,0.0,1.0
1985-04-30,,,,,0.0,1.0
1985-05-01,,,,,0.0,1.0
1985-05-02,,,,,0.0,1.0
1985-05-03,,,,,0.0,1.0
1985-05-06,,,,,0.0,1.0
1985-05-07,,,,,0.0,1.0
1985-05-08,,,,,0.0,1.0
1985-05-09,,,,,0.0,1.0
1985-05-10,,,,,0.0,1.0
1985-05-13,,,,,0.0,1.0
1985-05-14,,,,,0.0,1.0
1985-05-15,,,,,0.0,1.0
1985-05-16,,,,,0.0,1.0
1985-05-17,,,,,0.0,1.0
1985-05-20,,,,,0.0,1.0
1985-05-21,,,,,0.0,1.0
1985-05-22,,,,,0.0,1.0
1985-05-23,,,,,0.0,1.0
1985-05-24,,,,,0.0,1.0
1985-05-27,,,,,0.0,1.0
1985-05-28,,,,,0.0,1.0
1985-05-29,,,,,0.0,1.0
1985-05-30,,,,,0.0,1.0
1985-05-31,,,,,0.0,1.0
1985-06-03,,,,,0.0,1.0
1985-06-04,,,,,0.0,1.0
1985-06-05,,,,,0.0,1.0
1985-06-06,,,,,0.0,1.0
1985-06-07,,,,,0.0,1.0
1985-06-10,,,,,0.0,1.0
1985-06-11,,,,,0.0,1.0
1985-06-12,,,,,0.0,1.0
1985-06-13,,,,,0.0,1.0
1985-06-14,,,,,0.0,1.0
1985-06-17,,,,,0.0,1.0
1985-06-18,,,,,0.0,1.0
1985-06-19,,,,,0.0,1.0
1985-06-20,,,,,0.0,1.0
1985-06-21,,,,,0.0,1.0
1985-06-24,,,,,0.0,1.0
1985-06-25,,,,,0.0,1.0
1985-06-26,,,,,0.0,1.0
1985-06-27,,,,,0.0,1.0
1985-06-28,,,,,0.0,1.0
1985-07-01,,,,,0.0,1.0
1985-07-02,,,,,0.0,1.0
1985-07-03,,,,,0.0,1.0
1985-07-04,,,,,0.0,1.0
1985-07-05,,,,,0.0,1.0
1985-07-08,,,,,0.0,1.0
1985-07-09,,,,,0.0,1.0
1985-07-10,,,,,0.0,1.0
1985-07-11,,,,,0.0,1.0
1985-07-12,,,,,0.0,1.0
1985-07-15,,,,,0.0,1.0
1985-07-16,,,,,0.0,1.0
1985-07-17,,,,,0.0,1.0
1985-07-18,,,,,0.0,1.0
1985-07-19,,,,,0.0,1.0
1985-07-22,,,,,0.0,1.0
1985-07-23,,,,,0.0,1.0
1985-07-24,,,,,0.0,1.0
1985-07-25,,,,,0.0,1.0
1985-07-26,,,,,0.0,1.0
1985-07-29,,,,,0.0,1.0
1985-07-30,,,,,0.0,1.0
1985-07-31,,,,,0.0,1.0
1985-08-01,,,,,0.0,1.0
1985-08-02,,,,,0.0,1.0
1985-08-05,,,,,0.0,1.0
1985-08-06,,,,,0.0,1.0
1985-08-07,,,,,0.0,1.0
1985-08-08,,,,,0.0,1.0
1985-08-09,,,,,0.0,1.0
1985-08-12,,,,,0.0,1.0
1985-08-13,,,,,0.0,1.0
1985-08-14,,,,,0.0,1.0
1985-08-15,,,,,0.0,1.0
1985-08-16,,,,,0.0,1.0
1985-08-19,,,,,0.0,1.0
1985-08-20,,,,,0.0,1.0
1985-08-21,,,,,0.0,1.0
1985-08-22,,,,,0.0,1.0
1985-08-23,,,,,0.0,1.0
1985-08-26,,,,,0.0,1.0
1985-08-27,,,,,0.0,1.0
1985-08-28,,,,,0.0,1.0
1985-08-29,,,,,0.0,1.0
1985-08-30,,,,,0.0,1.0
1985-09-02,,,,,0.0,1.0
1985-09-03,,,,,0.0,1.0
1985-09-04,,,,,0.0,1.0
1985-09-05,,,,,0.0,1.0
1985-09-06,,,,,0.0,1.0
1985-09-09,,,,,0.0,1.0
1985-09-10,,,,,0.0,1.0
1985-09-11,,,,,0.0,1.0
1985-09-12,,,,,0.0,1.0
1985-09-13,,,,,0.0,1.0
1985-09-16,,,,,0.0,1.0
1985-09-17,,,,,0.0,1.0
1985-09-18,,,,,0.0,1.0
1985-09-19,,,,,0.0,1.0
1985-09-20,,,,,0.0,1.0
1985-09-23,,,,,0.0,1.0
1985-09-24,,,,,0.0,1.0
1985-09-25,,,,,0.0,1.0
1985-09-26,,,,,0.0,1.0
1985-09-27,,,,,0.0,1.0
1985-09-30,,,,,0.0,1.0
1985-10-01,,,,,0.0,1.0
1985-10-02,,,,,0.0,1.0
1985-10-03,,,,,0.0,1.0
1985-10-04,,,,,0.0,1.0
1985-10-07,,,,,0.0,1.0
1985-10-08,,,,,0.0,1.0
1985-10-09,,,,,0.0,1.0
1985-10-10,,,,,0.0,1.0
1985-10-11,,,,,0.0,1.0
1985-10-14,,,,,0.0,1.0
1985-10-15,,,,,0.0,1.0
1985-10-16,,,,,0.0,1.0
1985-10-17,,,,,0.0,1.0
1985-10-18,,,,,0.0,1.0
1985-10-21,,,,,0.0,1.0
1985-10-22,,,,,0.0,1.0
1985-10-23,,,,,0.0,1.0
1985-10-24,,,,,0.0,1.0
1985-10-25,,,,,0.0,1.0
1985-10-28,,,,,0.0,1.0
1985-10-29,,,,,0.0,1.0
1985-10-30,,,,,0.0,1.0
1985-10-31,,,,,0.0,1.0
1985-11-01,,,,,0.0,1.0
1985-11-04,,,,,0.0,1.0
1985-11-05,,,,,0.0,1.0
1985-11-06,,,,,0.0,1.0
1985-11-07,,,,,0.0,1.0
1985-11-08,,,,,0.0,1.0
1985-11-11,,,,,0.0,1.0
1985-11-12,,,,,0.0,1.0
1985-11-13,,,,,0.0,1.0
1985-11-14,,,,,0.0,1.0
1985-11-15,,,,,0.0,1.0
1985-11-18,,,,,0.0,1.0
1985-11-19,,,,,0.0,1.0
1985-11-20,,,,,0.0,1.0
1985-11-21,,,,,0.0,1.0
1985-11-22,,,,,0.0,1.0
1985-11-25,,,,,0.0,1.0
1985-11-26,,,,,0.0,1.0
1985-11-27,,,,,0.0,1.0
1985-11-28,,,,,0.0,1.0
1985-11-29,,,,,0.0,1.0
1985-12-02,,,,,0.0,1.0
1985-12-03,,,,,0.0,1.0
1985-12-04,,,,,0.0,1.0
1985-12-05,,,,,0.0,1.0
1985-12-06,,,,,0.0,1.0
1985-12-09,,,,,0.0,1.0
1985-12-10,,,,,0.0,1.0
1985-12-11,,,,,0.0,1.0
1985-12-12,,,,,0.0,1.0
1985-12-13,,,,,0.0,1.0
1985-12-16,,,,,0.0,1.0
1985-12-17,,,,,0.0,1.0
1985-12-18,,,,,0.0,1.0
1985-12-19,,,,,0.0,1.0
1985-12-20,,,,,0.0,1.0
1985-12-23,,,,,0.0,1.0
1985-12-24,,,,,0.0,1.0
1985-12-25,,,,,0.0,1.0
1985-12-26,,,,,0.0,1.0
1985-12-27,,,,,0.0,1.0
1985-12-30,,,,,0.0,1.0
1985-12-31,,,,,0.0,1.0
1986-01-02,,,,,0.0,1.0
1986-01-03,,,,,0.0,1.0
1986-01-06,,,,,0.0,1.0
1986-01-07,,,,,0.0,1.0
1986-01-08,,,,,0.0,1.0
1986-01-09,,,,,0.0,1.0
1986-01-10,,,,,0.0,1.0
1986-01-13,,,,,0.0,1.0
1986-01-14,,,,,0.0,1.0
1986-01-15,,,,,0.0,1.0
1986-01-16,,,,,0.0,1.0
1986-01-17,,,,,0.0,1.0
1986-01-20,,,,,0.0,1.0
1986-01-21,,,,,0.0,1.0
1986-01-22,,,,,0.0,1.0
1986-01-23,,,,,0.0,1.0
1986-01-24,,,,,0.0,1.0
1986-01-27,,,,,0.0,1.0
1986-01-28,,,,,0.0,1.0
1986-01-29,,,,,0.0,1.0
1986-01-30,,,,,0.0,1.0
1986-01-31,,,,,0.0,1.0
1986-02-03,,,,,0.0,1.0
1986-02-04,,,,,0.0,1.0
1986-02-05,,,,,0.0,1.0
1986-02-06,,,,,0.0,1.0
1986-02-07,,,,,0.0,1.0
1986-02-10,,,,,0.0,1.0
1986-02-11,,,,,0.0,1.0
1986-02-12,,,,,0.0,1.0
1986-02-13,,,,,0.0,1.0
1986-02-14,,,,,0.0,1.0
1986-02-17,,,,,0.0,1.0
1986-02-18,,,,,0.0,1.0
1986-02-19,,,,,0.0,1.0
1986-02-20,,,,,0.0,1.0
1986-02-21,,,,,0.0,1.0
1986-02-24,,,,,0.0,1.0
1986-02-25,,,,,0.0,1.0
1986-02-26,,,,,0.0,1.0
1986-02-27,,,,,0.0,1.0
1986-02-28,,,,,0.0,1.0
1986-03-03,,,,,0.0,1.0
1986-03-04,,,,,0.0,1.0
1986-03-05,,,,,0.0,1.0
1986-03-06,,,,,0.0,1.0
1986-03-07,,,,,0.0,1.0
1986-03-10,,,,,0.0,1.0
1986-03-11,,,,,0.0,1.0
1986-03-12,,,,,0.0,1.0
1986-03-13,,,,,0.0,1.0
1986-03-14,,,,,0.0,1.0
1986-03-17,,,,,0.0,1.0
1986-03-18,,,,,0.0,1.0
1986-03-19,,,,,0.0,1.0
1986-03-20,,,,,0.0,1.0
1986-03-21,,,,,0.0,1.0
1986-03-24,,,,,0.0,1.0
1986-03-25,,,,,0.0,1.0
1986-03-26,,,,,0.0,1.0
1986-03-27,,,,,0.0,1.0
1986-04-01,,,,,0.0,1.0
1986-04-02,,,,,0.0,1.0
1986-04-03,,,,,0.0,1.0
1986-04-04,,,,,0.0,1.0
1986-04-07,,,,,0.0,1.0
1986-04-08,,,,,0.0,1.0
1986-04-09,,,,,0.0,1.0
1986-04-10,,,,,0.0,1.0
1986-04-11,,,,,0.0,1.0
1986-04-14,,,,,0.0,1.0
1986-04-15,,,,,0.0,1.0
1986-04-16,,,,,0.0,1.0
1986-04-17,,,,,0.0,1.0
1986-04-18,,,,,0.0,1.0
1986-04-21,,,,,0.0,1.0
1986-04-22,,,,,0.0,1.0
1986-04-23,,,,,0.0,1.0
1986-04-24,,,,,0.0,1.0
1986-04-25,,,,,0.0,1.0
1986-04-28,,,,,0.0,1.0
1986-04-29,,,,,0.0,1.0
1986-04-30,,,,,0.0,1.0
1986-05-01,,,,,0.0,1.0
1986-05-02,,,,,0.0,1.0
1986-05-05,,,,,0.0,1.0
1986-05-06,,,,,0.0,1.0
1986-05-07,,,,,0.0,1.0
1986-05-08,,,,,0.0,1.0
1986-05-09,,,,,0.0,1.0
1986-05-12,,,,,0.0,1.0
1986-05-13,,,,,0.0,1.0
1986-05-14,,,,,0.0,1.0
1986-05-15,,,,,0.0,1.0
1986-05-16,,,,,0.0,1.0
1986-05-19,,,,,0.0,1.0
1986-05-20,,,,,0.0,1.0
1986-05-21,,,,,0.0,1.0
1986-05-22,,,,,0.0,1.0
1986-05-23,,,,,0.0,1.0
1986-05-26,,,,,0.0,1.0
1986-05-27,,,,,0.0,1.0
1986-05-28,,,,,0.0,1.0
1986-05-29,,,,,0.0,1.0
1986-05-30,,,,,0.0,1.0
1986-06-02,,,,,0.0,1.0
1986-06-03,,,,,0.0,1.0
1986-06-04,,,,,0.0,1.0
1986-06-05,,,,,0.0,1.0
1986-06-06,,,,,0.0,1.0
1986-06-09,,,,,0.0,1.0
1986-06-10,,,,,0.0,1.0
1986-06-11,,,,,0.0,1.0
1986-06-12,,,,,0.0,1.0
1986-06-13,,,,,0.0,1.0
1986-06-16,,,,,0.0,1.0
1986-06-17,,,,,0.0,1.0
1986-06-18,,,,,0.0,1.0
1986-06-19,,,,,0.0,1.0
1986-06-20,,,,,0.0,1.0
1986-06-23,,,,,0.0,1.0
1986-06-24,,,,,0.0,1.0
1986-06-25,,,,,0.0,1.0
1986-06-26,,,,,0.0,1.0
1986-06-27,,,,,0.0,1.0
1986-06-30,,,,,0.0,1.0
1986-07-01,,,,,0.0,1.0
1986-07-02,,,,,0.0,1.0
1986-07-03,,,,,0.0,1.0
1986-07-04,,,,,0.0,1.0
1986-07-07,,,,,0.0,1.0
1986-07-08,,,,,0.0,1.0
1986-07-09,,,,,0.0,1.0
1986-07-10,,,,,0.0,1.0
1986-07-11,,,,,0.0,1.0
1986-07-14,,,,,0.0,1.0
1986-07-15,,,,,0.0,1.0
1986-07-16,,,,,0.0,1.0
1986-07-17,,,,,0.0,1.0
1986-07-18,,,,,0.0,1.0
1986-07-21,,,,,0.0,1.0
1986-07-22,,,,,0.0,1.0
1986-07-23,,,,,0.0,1.0
1986-07-24,,,,,0.0,1.0
1986-07-25,,,,,0.0,1.0
1986-07-28,,,,,0.0,1.0
1986-07-29,,,,,0.0,1.0
1986-07-30,,,,,0.0,1.0
1986-07-31,,,,,0.0,1.0
1986-08-01,,,,,0.0,1.0
1986-08-04,,,,,0.0,1.0
1986-08-05,,,,,0.0,1.0
1986-08-06,,,,,0.0,1.0
1986-08-07,,,,,0.0,1.0
1986-08-08,,,,,0.0,1.0
1986-08-11,,,,,0.0,1.0
1986-08-12,,,,,0.0,1.0
1986-08-13,,,,,0.0,1.0
1986-08-14,,,,,0.0,1.0
1986-08-15,,,,,0.0,1.0
1986-08-18,,,,,0.0,1.0
1986-08-19,,,,,0.0,1.0
1986-08-20,,,,,0.0,1.0
1986-08-21,,,,,0.0,1.0
1986-08-22,,,,,0.0,1.0
1986-08-25,,,,,0.0,1.0
1986-08-26,,,,,0.0,1.0
1986-08-27,,,,,0.0,1.0
1986-08-28,,,,,0.0,1.0
1986-08-29,,,,,0.0,1.0
1986-09-01,,,,,0.0,1.0
1986-09-02,,,,,0.0,1.0
1986-09-03,,,,,0.0,1.0
1986-09-04,,,,,0.0,1.0
1986-09-05,,,,,0.0,1.0
1986-09-08,,,,,0.0,1.0
1986-09-09,,,,,0.0,1.0
1986-09-10,,,,,0.0,1.0
1986-09-11,,,,,0.0,1.0
1986-09-12,,,,,0.0,1.0
1986-09-15,,,,,0.0,1.0
1986-09-16,,,,,0.0,1.0
1986-09-17,,,,,0.0,1.0
1986-09-18,,,,,0.0,1.0
1986-09-19,,,,,0.0,1.0
1986-09-22,,,,,0.0,1.0
1986-09-23,,,,,0.0,1.0
1986-09-24,,,,,0.0,1.0
1986-09-25,,,,,0.0,1.0
1986-09-26,,,,,0.0,1.0
1986-09-29,,,,,0.0,1.0
1986-09-30,,,,,0.0,1.0
1986-10-01,,,,,0.0,1.0
1986-10-02,,,,,0.0,1.0
1986-10-03,,,,,0.0,1.0
1986-10-06,,,,,0.0,1.0
1986-10-07,,,,,0.0,1.0
1986-10-08,,,,,0.0,1.0
1986-10-09,,,,,0.0,1.0
1986-10-10,,,,,0.0,1.0
1986-10-13,,,,,0.0,1.0
1986-10-14,,,,,0.0,1.0
1986-10-15,,,,,0.0,1.0
1986-10-16,,,,,0.0,1.0
1986-10-17,,,,,0.0,1.0
1986-10-20,,,,,0.0,1.0
1986-10-21,,,,,0.0,1.0
1986-10-22,,,,,0.0,1.0
1986-10-23,,,,,0.0,1.0
1986-10-24,,,,,0.0,1.0
1986-10-27,,,,,0.0,1.0
1986-10-28,,,,,0.0,1.0
1986-10-29,,,,,0.0,1.0
1986-10-30,,,,,0.0,1.0
1986-10-31,,,,,0.0,1.0
1986-11-03,,,,,0.0,1.0
1986-11-04,,,,,0.0,1.0
1986-11-05,,,,,0.0,1.0
1986-11-06,,,,,0.0,1.0
1986-11-07,,,,,0.0,1.0
1986-11-10,,,,,0.0,1.0
1986-11-11,,,,,0.0,1.0
1986-11-12,,,,,0.0,1.0
1986-11-13,,,,,0.0,1.0
1986-11-14,,,,,0.0,1.0
1986-11-17,,,,,0.0,1.0
1986-11-18,,,,,0.0,1.0
1986-11-19,,,,,0.0,1.0
1986-11-20,,,,,0.0,1.0
1986-11-21,,,,,0.0,1.0
1986-11-24,,,,,0.0,1.0
1986-11-25,,,,,0.0,1.0
1986-11-26,,,,,0.0,1.0
1986-11-27,,,,,0.0,1.0
1986-11-28,,,,,0.0,1.0
1986-12-01,,,,,0.0,1.0
1986-12-02,,,,,0.0,1.0
1986-12-03,,,,,0.0,1.0
1986-12-04,,,,,0.0,1.0
1986-12-05,,,,,0.0,1.0
1986-12-08,,,,,0.0,1.0
1986-12-09,,,,,0.0,1.0
1986-12-10,,,,,0.0,1.0
1986-12-11,,,,,0.0,1.0
1986-12-12,,,,,0.0,1.0
1986-12-15,,,,,0.0,1.0
1986-12-16,,,,,0.0,1.0
1986-12-17,,,,,0.0,1.0
1986-12-18,,,,,0.0,1.0
1986-12-19,,,,,0.0,1.0
1986-12-22,,,,,0.0,1.0
1986-12-23,,,,,0.0,1.0
1986-12-24,,,,,0.0,1.0
1986-12-29,,,,,0.0,1.0
1986-12-30,,,,,0.0,1.0
1986-12-31,,,,,0.0,1.0
1987-01-02,,,,,0.0,1.0
1987-01-05,,,,,0.0,1.0
1987-01-06,,,,,0.0,1.0
1987-01-07,,,,,0.0,1.0
1987-01-08,,,,,0.0,1.0
1987-01-09,,,,,0.0,1.0
1987-01-12,,,,,0.0,1.0
1987-01-13,,,,,0.0,1.0
1987-01-14,,,,,0.0,1.0
1987-01-15,,,,,0.0,1.0
1987-01-16,,,,,0.0,1.0
1987-01-19,,,,,0.0,1.0
1987-01-20,,,,,0.0,1.0
1987-01-21,,,,,0.0,1.0
1987-01-22,,,,,0.0,1.0
1987-01-23,,,,,0.0,1.0
1987-01-26,,,,,0.0,1.0
1987-01-27,,,,,0.0,1.0
1987-01-28,,,,,0.0,1.0
1987-01-29,,,,,0.0,1.0
1987-01-30,,,,,0.0,1.0
1987-02-02,,,,,0.0,1.0
1987-02-03,,,,,0.0,1.0
1987-02-04,,,,,0.0,1.0
1987-02-05,,,,,0.0,1.0
1987-02-06,,,,,0.0,1.0
1987-02-09,,,,,0.0,1.0
1987-02-10,,,,,0.0,1.0
1987-02-11,,,,,0.0,1.0
1987-02-12,,,,,0.0,1.0
1987-02-13,,,,,0.0,1.0
1987-02-16,,,,,0.0,1.0
1987-02-17,,,,,0.0,1.0
1987-02-18,,,,,0.0,1.0
1987-02-19,,,,,0.0,1.0
1987-02-20,,,,,0.0,1.0
1987-02-23,,,,,0.0,1.0
1987-02-24,,,,,0.0,1.0
1987-02-25,,,,,0.0,1.0
1987-02-26,,,,,0.0,1.0
1987-02-27,,,,,0.0,1.0
1987-03-02,,,,,0.0,1.0
1987-03-03,,,,,0.0,1.0
1987-03-04,,,,,0.0,1.0
1987-03-05,,,,,0.0,1.0
1987-03-06,,,,,0.0,1.0
1987-03-09,,,,,0.0,1.0
1987-03-10,,,,,0.0,1.0
1987-03-11,,,,,0.0,1.0
1987-03-12,,,,,0.0,1.0
1987-03-13,,,,,0.0,1.0
1987-03-16,,,,,0.0,1.0
1987-03-17,,,,,0.0,1.0
1987-03-18,,,,,0.0,1.0
1987-03-19,,,,,0.0,1.0
1987-03-20,,,,,0.0,1.0
1987-03-23,,,,,0.0,1.0
1987-03-24,,,,,0.0,1.0
1987-03-25,,,,,0.0,1.0
1987-03-26,,,,,0.0,1.0
1987-03-27,,,,,0.0,1.0
1987-03-30,,,,,0.0,1.0
1987-03-31,,,,,0.0,1.0
1987-04-01,,,,,0.0,1.0
1987-04-02,,,,,0.0,1.0
1987-04-03,,,,,0.0,1.0
1987-04-06,,,,,0.0,1.0
1987-04-07,,,,,0.0,1.0
1987-04-08,,,,,0.0,1.0
1987-04-09,,,,,0.0,1.0
1987-04-10,,,,,0.0,1.0
1987-04-13,,,,,0.0,1.0
1987-04-14,,,,,0.0,1.0
1987-04-15,,,,,0.0,1.0
1987-04-16,,,,,0.0,1.0
1987-04-21,,,,,0.0,1.0
1987-04-22,,,,,0.0,1.0
1987-04-23,,,,,0.0,1.0
1987-04-24,,,,,0.0,1.0
1987-04-27,,,,,0.0,1.0
1987-04-28,,,,,0.0,1.0
1987-04-29,,,,,0.0,1.0
1987-04-30,,,,,0.0,1.0
1987-05-01,,,,,0.0,1.0
1987-05-04,,,,,0.0,1.0
1987-05-05,,,,,0.0,1.0
1987-05-06,,,,,0.0,1.0
1987-05-07,,,,,0.0,1.0
1987-05-08,,,,,0.0,1.0
1987-05-11,,,,,0.0,1.0
1987-05-12,,,,,0.0,1.0
1987-05-13,,,,,0.0,1.0
1987-05-14,,,,,0.0,1.0
1987-05-15,,,,,0.0,1.0
1987-05-18,,,,,0.0,1.0
1987-05-19,,,,,0.0,1.0
1987-05-20,,,,,0.0,1.0
1987-05-21,,,,,0.0,1.0
1987-05-22,,,,,0.0,1.0
1987-05-25,,,,,0.0,1.0
1987-05-26,,,,,0.0,1.0
1987-05-27,,,,,0.0,1.0
1987-05-28,,,,,0.0,1.0
1987-05-29,,,,,0.0,1.0
1987-06-01,,,,,0.0,1.0
1987-06-02,,,,,0.0,1.0
1987-06-03,,,,,0.0,1.0
1987-06-04,,,,,0.0,1.0
1987-06-05,,,,,0.0,1.0
1987-06-08,,,,,0.0,1.0
1987-06-09,,,,,0.0,1.0
1987-06-10,,,,,0.0,1.0
1987-06-11,,,,,0.0,1.0
1987-06-12,,,,,0.0,1.0
1987-06-15,,,,,0.0,1.0
1987-06-16,,,,,0.0,1.0
1987-06-17,,,,,0.0,1.0
1987-06-18,,,,,0.0,1.0
1987-06-19,,,,,0.0,1.0
1987-06-22,,,,,0.0,1.0
1987-06-23,,,,,0.0,1.0
1987-06-24,,,,,0.0,1.0
1987-06-25,,,,,0.0,1.0
1987-06-26,,,,,0.0,1.0
1987-06-29,,,,,0.0,1.0
1987-06-30,,,,,0.0,1.0
1987-07-01,,,,,0.0,1.0
1987-07-02,,,,,0.0,1.0
1987-07-03,,,,,0.0,1.0
1987-07-06,,,,,0.0,1.0
1987-07-07,,,,,0.0,1.0
1987-07-08,,,,,0.0,1.0
1987-07-09,,,,,0.0,1.0
1987-07-10,,,,,0.0,1.0
1987-07-13,,,,,0.0,1.0
1987-07-14,,,,,0.0,1.0
1987-07-15,,,,,0.0,1.0
1987-07-16,,,,,0.0,1.0
1987-07-17,,,,,0.0,1.0
1987-07-20,,,,,0.0,1.0
1987-07-21,,,,,0.0,1.0
1987-07-22,,,,,0.0,1.0
1987-07-23,,,,,0.0,1.0
1987-07-24,,,,,0.0,1.0
1987-07-27,,,,,0.0,1.0
1987-07-28,,,,,0.0,1.0
1987-07-29,,,,,0.0,1.0
1987-07-30,,,,,0.0,1.0
1987-07-31,,,,,0.0,1.0
1987-08-03,,,,,0.0,1.0
1987-08-04,,,,,0.0,1.0
1987-08-05,,,,,0.0,1.0
1987-08-06,,,,,0.0,1.0
1987-08-07,,,,,0.0,1.0
1987-08-10,,,,,0.0,1.0
1987-08-11,,,,,0.0,1.0
1987-08-12,,,,,0.0,1.0
1987-08-13,,,,,0.0,1.0
1987-08-14,,,,,0.0,1.0
1987-08-17,,,,,0.0,1.0
1987-08-18,,,,,0.0,1.0
1987-08-19,,,,,0.0,1.0
1987-08-20,,,,,0.0,1.0
1987-08-21,,,,,0.0,1.0
1987-08-24,,,,,0.0,1.0
1987-08-25,,,,,0.0,1.0
1987-08-26,,,,,0.0,1.0
1987-08-27,,,,,0.0,1.0
1987-08-28,,,,,0.0,1.0
1987-08-31,,,,,0.0,1.0
1987-09-01,,,,,0.0,1.0
1987-09-02,,,,,0.0,1.0
1987-09-03,,,,,0.0,1.0
1987-09-04,,,,,0.0,1.0
1987-09-07,,,,,0.0,1.0
1987-09-08,,,,,0.0,1.0
1987-09-09,,,,,0.0,1.0
1987-09-10,,,,,0.0,1.0
1987-09-11,,,,,0.0,1.0
1987-09-14,,,,,0.0,1.0
1987-09-15,,,,,0.0,1.0
1987-09-16,,,,,0.0,1.0
1987-09-17,,,,,0.0,1.0
1987-09-18,,,,,0.0,1.0
1987-09-21,,,,,0.0,1.0
1987-09-22,,,,,0.0,1.0
1987-09-23,,,,,0.0,1.0
1987-09-24,,,,,0.0,1.0
1987-09-25,,,,,0.0,1.0
1987-09-28,,,,,0.0,1.0
1987-09-29,,,,,0.0,1.0
1987-09-30,,,,,0.0,1.0
1987-10-01,,,,,0.0,1.0
1987-10-02,,,,,0.0,1.0
1987-10-05,,,,,0.0,1.0
1987-10-06,,,,,0.0,1.0
1987-10-07,,,,,0.0,1.0
1987-10-08,,,,,0.0,1.0
1987-10-09,,,,,0.0,1.0
1987-10-12,,,,,0.0,1.0
1987-10-13,,,,,0.0,1.0
1987-10-14,,,,,0.0,1.0
1987-10-15,,,,,0.0,1.0
1987-10-16,,,,,0.0,1.0
1987-10-19,,,,,0.0,1.0
1987-10-20,,,,,0.0,1.0
1987-10-21,,,,,0.0,1.0
1987-10-22,,,,,0.0,1.0
1987-10-23,,,,,0.0,1.0
1987-10-26,,,,,0.0,1.0
1987-10-27,,,,,0.0,1.0
1987-10-28,,,,,0.0,1.0
1987-10-29,,,,,0.0,1.0
1987-10-30,,,,,0.0,1.0
1987-11-02,,,,,0.0,1.0
1987-11-03,,,,,0.0,1.0
1987-11-04,,,,,0.0,1.0
1987-11-05,,,,,0.0,1.0
1987-11-06,,,,,0.0,1.0
1987-11-09,,,,,0.0,1.0
1987-11-10,,,,,0.0,1.0
1987-11-11,,,,,0.0,1.0
1987-11-12,,,,,0.0,1.0
1987-11-13,,,,,0.0,1.0
1987-11-16,,,,,0.0,1.0
1987-11-17,,,,,0.0,1.0
1987-11-18,,,,,0.0,1.0
1987-11-19,,,,,0.0,1.0
1987-11-20,,,,,0.0,1.0
1987-11-23,,,,,0.0,1.0
1987-11-24,,,,,0.0,1.0
1987-11-25,,,,,0.0,1.0
1987-11-26,,,,,0.0,1.0
1987-11-27,,,,,0.0,1.0
1987-11-30,,,,,0.0,1.0
1987-12-01,,,,,0.0,1.0
1987-12-02,,,,,0.0,1.0
1987-12-03,,,,,0.0,1.0
1987-12-04,,,,,0.0,1.0
1987-12-07,,,,,0.0,1.0
1987-12-08,,,,,0.0,1.0
1987-12-09,,,,,0.0,1.0
1987-12-10,,,,,0.0,1.0
1987-12-11,,,,,0.0,1.0
1987-12-14,,,,,0.0,1.0
1987-12-15,,,,,0.0,1.0
1987-12-16,,,,,0.0,1.0
1987-12-17,,,,,0.0,1.0
1987-12-18,,,,,0.0,1.0
1987-12-21,,,,,0.0,1.0
1987-12-22,,,,,0.0,1.0
1987-12-23,,,,,0.0,1.0
1987-12-24,,,,,0.0,1.0
1987-12-28,,,,,0.0,1.0
1987-12-29,,,,,0.0,1.0
1987-12-30,,,,,0.0,1.0
1987-12-31,,,,,0.0,1.0
1988-01-04,,,,,0.0,1.0
1988-01-05,,,,,0.0,1.0
1988-01-06,,,,,0.0,1.0
1988-01-07,,,,,0.0,1.0
1988-01-08,,,,,0.0,1.0
1988-01-11,,,,,0.0,1.0
1988-01-12,,,,,0.0,1.0
1988-01-13,,,,,0.0,1.0
1988-01-14,,,,,0.0,1.0
1988-01-15,,,,,0.0,1.0
1988-01-18,,,,,0.0,1.0
1988-01-19,,,,,0.0,1.0
1988-01-20,,,,,0.0,1.0
1988-01-21,,,,,0.0,1.0
1988-01-22,,,,,0.0,1.0
1988-01-25,,,,,0.0,1.0
1988-01-26,,,,,0.0,1.0
1988-01-27,,,,,0.0,1.0
1988-01-28,,,,,0.0,1.0
1988-01-29,,,,,0.0,1.0
1988-02-01,,,,,0.0,1.0
1988-02-02,,,,,0.0,1.0
1988-02-03,,,,,0.0,1.0
1988-02-04,,,,,0.0,1.0
1988-02-05,,,,,0.0,1.0
1988-02-06,,,,,0.0,1.0
1988-02-08,,,,,0.0,1.0
1988-02-09,,,,,0.0,1.0
1988-02-10,,,,,0.0,1.0
1988-02-11,,,,,0.0,1.0
1988-02-12,,,,,0.0,1.0
1988-02-15,,,,,0.0,1.0
1988-02-16,,,,,0.0,1.0
1988-02-17,,,,,0.0,1.0
1988-02-18,,,,,0.0,1.0
1988-02-19,,,,,0.0,1.0
1988-02-22,,,,,0.0,1.0
1988-02-23,,,,,0.0,1.0
1988-02-24,,,,,0.0,1.0
1988-02-25,,,,,0.0,1.0
1988-02-26,,,,,0.0,1.0
1988-02-29,,,,,0.0,1.0
1988-03-01,,,,,0.0,1.0
1988-03-02,,,,,0.0,1.0
1988-03-03,,,,,0.0,1.0
1988-03-04,,,,,0.0,1.0
1988-03-07,,,,,0.0,1.0
1988-03-08,,,,,0.0,1.0
1988-03-09,,,,,0.0,1.0
1988-03-10,,,,,0.0,1.0
1988-03-11,,,,,0.0,1.0
1988-03-14,,,,,0.0,1.0
1988-03-15,,,,,0.0,1.0
1988-03-16,,,,,0.0,1.0
1988-03-17,,,,,0.0,1.0
1988-03-18,,,,,0.0,1.0
1988-03-21,,,,,0.0,1.0
1988-03-22,,,,,0.0,1.0
1988-03-23,,,,,0.0,1.0
1988-03-24,,,,,0.0,1.0
1988-03-25,,,,,0.0,1.0
1988-03-28,,,,,0.0,1.0
1988-03-29,,,,,0.0,1.0
1988-03-30,,,,,0.0,1.0
1988-03-31,,,,,0.0,1.0
1988-04-05,,,,,0.0,1.0
1988-04-06,,,,,0.0,1.0
1988-04-07,,,,,0.0,1.0
1988-04-08,,,,,0.0,1.0
1988-04-11,,,,,0.0,1.0
1988-04-12,,,,,0.0,1.0
1988-04-13,,,,,0.0,1.0
1988-04-14,,,,,0.0,1.0
1988-04-15,,,,,0.0,1.0
1988-04-18,,,,,0.0,1.0
1988-04-19,,,,,0.0,1.0
1988-04-20,,,,,0.0,1.0
1988-04-21,,,,,0.0,1.0
1988-04-22,,,,,0.0,1.0
1988-04-25,,,,,0.0,1.0
1988-04-26,,,,,0.0,1.0
1988-04-27,,,,,0.0,1.0
1988-04-28,,,,,0.0,1.0
1988-04-29,,,,,0.0,1.0
1988-05-02,,,,,0.0,1.0
1988-05-03,,,,,0.0,1.0
1988-05-04,,,,,0.0,1.0
1988-05-05,,,,,0.0,1.0
1988-05-06,,,,,0.0,1.0
1988-05-09,,,,,0.0,1.0
1988-05-10,,,,,0.0,1.0
1988-05-11,,,,,0.0,1.0
1988-05-12,,,,,0.0,1.0
1988-05-13,,,,,0.0,1.0
1988-05-16,,,,,0.0,1.0
1988-05-17,,,,,0.0,1.0
1988-05-18,,,,,0.0,1.0
1988-05-19,,,,,0.0,1.0
1988-05-20,,,,,0.0,1.0
1988-05-23,,,,,0.0,1.0
1988-05-24,,,,,0.0,1.0
1988-05-25,,,,,0.0,1.0
1988-05-26,,,,,0.0,1.0
1988-05-27,,,,,0.0,1.0
1988-05-30,,,,,0.0,1.0
1988-05-31,,,,,0.0,1.0
1988-06-01,,,,,0.0,1.0
1988-06-02,,,,,0.0,1.0
1988-06-03,,,,,0.0,1.0
1988-06-06,,,,,0.0,1.0
1988-06-07,,,,,0.0,1.0
1988-06-08,,,,,0.0,1.0
1988-06-09,,,,,0.0,1.0
1988-06-10,,,,,0.0,1.0
1988-06-13,,,,,0.0,1.0
1988-06-14,,,,,0.0,1.0
1988-06-15,,,,,0.0,1.0
1988-06-16,,,,,0.0,1.0
1988-06-17,,,,,0.0,1.0
1988-06-20,,,,,0.0,1.0
1988-06-21,,,,,0.0,1.0
1988-06-22,,,,,0.0,1.0
1988-06-23,,,,,0.0,1.0
1988-06-24,,,,,0.0,1.0
1988-06-27,,,,,0.0,1.0
1988-06-28,,,,,0.0,1.0
1988-06-29,,,,,0.0,1.0
1988-06-30,,,,,0.0,1.0
1988-07-01,,,,,0.0,1.0
1988-07-04,,,,,0.0,1.0
1988-07-05,,,,,0.0,1.0
1988-07-06,,,,,0.0,1.0
1988-07-07,,,,,0.0,1.0
1988-07-08,,,,,0.0,1.0
1988-07-11,,,,,0.0,1.0
1988-07-12,,,,,0.0,1.0
1988-07-13,,,,,0.0,1.0
1988-07-14,,,,,0.0,1.0
1988-07-15,,,,,0.0,1.0
1988-07-18,,,,,0.0,1.0
1988-07-19,,,,,0.0,1.0
1988-07-20,,,,,0.0,1.0
1988-07-21,,,,,0.0,1.0
1988-07-22,,,,,0.0,1.0
1988-07-25,,,,,0.0,1.0
1988-07-26,,,,,0.0,1.0
1988-07-27,,,,,0.0,1.0
1988-07-28,,,,,0.0,1.0
1988-07-29,,,,,0.0,1.0
1988-08-01,,,,,0.0,1.0
1988-08-02,,,,,0.0,1.0
1988-08-03,,,,,0.0,1.0
1988-08-04,,,,,0.0,1.0
1988-08-05,,,,,0.0,1.0
1988-08-08,,,,,0.0,1.0
1988-08-09,,,,,0.0,1.0
1988-08-10,,,,,0.0,1.0
1988-08-11,,,,,0.0,1.0
1988-08-12,,,,,0.0,1.0
1988-08-15,,,,,0.0,1.0
1988-08-16,,,,,0.0,1.0
1988-08-17,,,,,0.0,1.0
1988-08-18,,,,,0.0,1.0
1988-08-19,,,,,0.0,1.0
1988-08-22,,,,,0.0,1.0
1988-08-23,,,,,0.0,1.0
1988-08-24,,,,,0.0,1.0
1988-08-25,,,,,0.0,1.0
1988-08-26,,,,,0.0,1.0
1988-08-29,,,,,0.0,1.0
1988-08-30,,,,,0.0,1.0
1988-08-31,,,,,0.0,1.0
1988-09-01,,,,,0.0,1.0
1988-09-02,,,,,0.0,1.0
1988-09-05,,,,,0.0,1.0
1988-09-06,,,,,0.0,1.0
1988-09-07,,,,,0.0,1.0
1988-09-08,,,,,0.0,1.0
1988-09-09,,,,,0.0,1.0
1988-09-12,,,,,0.0,1.0
1988-09-13,,,,,0.0,1.0
1988-09-14,,,,,0.0,1.0
1988-09-15,,,,,0.0,1.0
1988-09-16,,,,,0.0,1.0
1988-09-19,,,,,0.0,1.0
1988-09-20,,,,,0.0,1.0
1988-09-21,,,,,0.0,1.0
1988-09-22,,,,,0.0,1.0
1988-09-23,,,,,0.0,1.0
1988-09-26,,,,,0.0,1.0
1988-09-27,,,,,0.0,1.0
1988-09-28,,,,,0.0,1.0
1988-09-29,,,,,0.0,1.0
1988-09-30,,,,,0.0,1.0
1988-10-03,,,,,0.0,1.0
1988-10-04,,,,,0.0,1.0
1988-10-05,,,,,0.0,1.0
1988-10-06,,,,,0.0,1.0
1988-10-07,,,,,0.0,1.0
1988-10-10,,,,,0.0,1.0
1988-10-11,,,,,0.0,1.0
1988-10-12,,,,,0.0,1.0
1988-10-13,,,,,0.0,1.0
1988-10-14,,,,,0.0,1.0
1988-10-17,,,,,0.0,1.0
1988-10-18,,,,,0.0,1.0
1988-10-19,,,,,0.0,1.0
1988-10-20,,,,,0.0,1.0
1988-10-21,,,,,0.0,1.0
1988-10-24,,,,,0.0,1.0
1988-10-25,,,,,0.0,1.0
1988-10-26,,,,,0.0,1.0
1988-10-27,,,,,0.0,1.0
1988-10-28,,,,,0.0,1.0
1988-10-31,,,,,0.0,1.0
1988-11-01,,,,,0.0,1.0
1988-11-02,,,,,0.0,1.0
1988-11-03,,,,,0.0,1.0
1988-11-04,,,,,0.0,1.0
1988-11-07,,,,,0.0,1.0
1988-11-08,,,,,0.0,1.0
1988-11-09,,,,,0.0,1.0
1988-11-10,,,,,0.0,1.0
1988-11-11,,,,,0.0,1.0
1988-11-14,,,,,0.0,1.0
1988-11-15,,,,,0.0,1.0
1988-11-16,,,,,0.0,1.0
1988-11-17,,,,,0.0,1.0
1988-11-18,,,,,0.0,1.0
1988-11-21,,,,,0.0,1.0
1988-11-22,,,,,0.0,1.0
1988-11-23,,,,,0.0,1.0
1988-11-24,,,,,0.0,1.0
1988-11-25,,,,,0.0,1.0
1988-11-28,,,,,0.0,1.0
1988-11-29,,,,,0.0,1.0
1988-11-30,,,,,0.0,1.0
1988-12-01,,,,,0.0,1.0
1988-12-02,,,,,0.0,1.0
1988-12-05,,,,,0.0,1.0
1988-12-06,,,,,0.0,1.0
1988-12-07,,,,,0.0,1.0
1988-12-08,,,,,0.0,1.0
1988-12-09,,,,,0.0,1.0
1988-12-12,,,,,0.0,1.0
1988-12-13,,,,,0.0,1.0
1988-12-14,,,,,0.0,1.0
1988-12-15,,,,,0.0,1.0
1988-12-16,,,,,0.0,1.0
1988-12-19,,,,,0.0,1.0
1988-12-20,,,,,0.0,1.0
1988-12-21,,,,,0.0,1.0
1988-12-22,,,,,0.0,1.0
1988-12-23,,,,,0.0,1.0
1988-12-26,,,,,0.0,1.0
1988-12-27,,,,,0.0,1.0
1988-12-28,,,,,0.0,1.0
1988-12-29,,,,,0.0,1.0
1988-12-30,,,,,0.0,1.0
1989-01-02,,,,,0.0,1.0
1989-01-03,,,,,0.0,1.0
1989-01-04,,,,,0.0,1.0
1989-01-05,,,,,0.0,1.0
1989-01-06,,,,,0.0,1.0
1989-01-09,,,,,0.0,1.0
1989-01-10,,,,,0.0,1.0
1989-01-11,,,,,0.0,1.0
1989-01-12,,,,,0.0,1.0
1989-01-13,,,,,0.0,1.0
1989-01-16,,,,,0.0,1.0
1989-01-17,,,,,0.0,1.0
1989-01-18,,,,,0.0,1.0
1989-01-19,,,,,0.0,1.0
1989-01-20,,,,,0.0,1.0
1989-01-23,,,,,0.0,1.0
1989-01-24,,,,,0.0,1.0
1989-01-25,,,,,0.0,1.0
1989-01-26,,,,,0.0,1.0
1989-01-27,,,,,0.0,1.0
1989-01-30,,,,,0.0,1.0
1989-01-31,,,,,0.0,1.0
1989-02-01,,,,,0.0,1.0
1989-02-02,,,,,0.0,1.0
1989-02-03,,,,,0.0,1.0
1989-02-06,,,,,0.0,1.0
1989-02-07,,,,,0.0,1.0
1989-02-08,,,,,0.0,1.0
1989-02-09,,,,,0.0,1.0
1989-02-10,,,,,0.0,1.0
1989-02-13,,,,,0.0,1.0
1989-02-14,,,,,0.0,1.0
1989-02-15,,,,,0.0,1.0
1989-02-16,,,,,0.0,1.0
1989-02-17,,,,,0.0,1.0
1989-02-20,,,,,0.0,1.0
1989-02-21,,,,,0.0,1.0
1989-02-22,,,,,0.0,1.0
1989-02-23,,,,,0.0,1.0
1989-02-24,,,,,0.0,1.0
1989-02-27,,,,,0.0,1.0
1989-02-28,,,,,0.0,1.0
1989-03-01,,,,,0.0,1.0
1989-03-02,,,,,0.0,1.0
1989-03-03,,,,,0.0,1.0
1989-03-06,,,,,0.0,1.0
1989-03-07,,,,,0.0,1.0
1989-03-08,,,,,0.0,1.0
1989-03-09,,,,,0.0,1.0
1989-03-10,,,,,0.0,1.0
1989-03-13,,,,,0.0,1.0
1989-03-14,,,,,0.0,1.0
1989-03-15,,,,,0.0,1.0
1989-03-16,,,,,0.0,1.0
1989-03-17,,,,,0.0,1.0
1989-03-20,,,,,0.0,1.0
1989-03-21,,,,,0.0,1.0
1989-03-22,,,,,0.0,1.0
1989-03-23,,,,,0.0,1.0
1989-03-24,,,,,0.0,1.0
1989-03-27,,,,,0.0,1.0
1989-03-28,,,,,0.0,1.0
1989-03-29,,,,,0.0,1.0
1989-03-30,,,,,0.0,1.0
1989-03-31,,,,,0.0,1.0
1989-04-03,,,,,0.0,1.0
1989-04-04,,,,,0.0,1.0
1989-04-05,,,,,0.0,1.0
1989-04-06,,,,,0.0,1.0
1989-04-07,,,,,0.0,1.0
1989-04-10,,,,,0.0,1.0
1989-04-11,,,,,0.0,1.0
1989-04-12,,,,,0.0,1.0
1989-04-13,,,,,0.0,1.0
1989-04-14,,,,,0.0,1.0
1989-04-17,,,,,0.0,1.0
1989-04-18,,,,,0.0,1.0
1989-04-19,,,,,0.0,1.0
1989-04-20,,,,,0.0,1.0
1989-04-21,,,,,0.0,1.0
1989-04-24,,,,,0.0,1.0
1989-04-25,,,,,0.0,1.0
1989-04-26,,,,,0.0,1.0
1989-04-27,,,,,0.0,1.0
1989-04-28,,,,,0.0,1.0
1989-05-01,,,,,0.0,1.0
1989-05-02,,,,,0.0,1.0
1989-05-03,,,,,0.0,1.0
1989-05-04,,,,,0.0,1.0
1989-05-05,,,,,0.0,1.0
1989-05-08,,,,,0.0,1.0
1989-05-09,,,,,0.0,1.0
1989-05-10,,,,,0.0,1.0
1989-05-11,,,,,0.0,1.0
1989-05-12,,,,,0.0,1.0
1989-05-15,,,,,0.0,1.0
1989-05-16,,,,,0.0,1.0
1989-05-17,,,,,0.0,1.0
1989-05-18,,,,,0.0,1.0
1989-05-19,,,,,0.0,1.0
1989-05-22,,,,,0.0,1.0
1989-05-23,,,,,0.0,1.0
1989-05-24,,,,,0.0,1.0
1989-05-25,,,,,0.0,1.0
1989-05-26,,,,,0.0,1.0
1989-05-29,,,,,0.0,1.0
1989-05-30,,,,,0.0,1.0
1989-05-31,,,,,0.0,1.0
1989-06-01,,,,,0.0,1.0
1989-06-02,,,,,0.0,1.0
1989-06-05,,,,,0.0,1.0
1989-06-06,,,,,0.0,1.0
1989-06-07,,,,,0.0,1.0
1989-06-08,,,,,0.0,1.0
1989-06-09,,,,,0.0,1.0
1989-06-12,,,,,0.0,1.0
1989-06-13,,,,,0.0,1.0
1989-06-14,,,,,0.0,1.0
1989-06-15,,,,,0.0,1.0
1989-06-16,,,,,0.0,1.0
1989-06-19,,,,,0.0,1.0
1989-06-20,,,,,0.0,1.0
1989-06-21,,,,,0.0,1.0
1989-06-22,,,,,0.0,1.0
1989-06-23,,,,,0.0,1.0
1989-06-26,,,,,0.0,1.0
1989-06-27,,,,,0.0,1.0
1989-06-28,,,,,0.0,1.0
1989-06-29,,,,,0.0,1.0
1989-06-30,,,,,0.0,1.0
1989-07-03,,,,,0.0,1.0
1989-07-04,,,,,0.0,1.0
1989-07-05,,,,,0.0,1.0
1989-07-06,,,,,0.0,1.0
1989-07-07,,,,,0.0,1.0
1989-07-10,,,,,0.0,1.0
1989-07-11,,,,,0.0,1.0
1989-07-12,,,,,0.0,1.0
1989-07-13,,,,,0.0,1.0
1989-07-14,,,,,0.0,1.0
1989-07-17,,,,,0.0,1.0
1989-07-18,,,,,0.0,1.0
1989-07-19,,,,,0.0,1.0
1989-07-20,,,,,0.0,1.0
1989-07-21,,,,,0.0,1.0
1989-07-24,,,,,0.0,1.0
1989-07-25,,,,,0.0,1.0
1989-07-26,,,,,0.0,1.0
1989-07-27,,,,,0.0,1.0
1989-07-28,,,,,0.0,1.0
1989-07-31,,,,,0.0,1.0
1989-08-01,,,,,0.0,1.0
1989-08-02,,,,,0.0,1.0
1989-08-03,,,,,0.0,1.0
1989-08-04,,,,,0.0,1.0
1989-08-07,,,,,0.0,1.0
1989-08-08,,,,,0.0,1.0
1989-08-09,,,,,0.0,1.0
1989-08-10,,,,,0.0,1.0
1989-08-11,,,,,0.0,1.0
1989-08-14,,,,,0.0,1.0
1989-08-15,,,,,0.0,1.0
1989-08-16,,,,,0.0,1.0
1989-08-17,,,,,0.0,1.0
1989-08-18,,,,,0.0,1.0
1989-08-21,,,,,0.0,1.0
1989-08-22,,,,,0.0,1.0
1989-08-23,,,,,0.0,1.0
1989-08-24,,,,,0.0,1.0
1989-08-25,,,,,0.0,1.0
1989-08-28,,,,,0.0,1.0
1989-08-29,,,,,0.0,1.0
1989-08-30,,,,,0.0,1.0
1989-08-31,,,,,0.0,1.0
1989-09-01,,,,,0.0,1.0
1989-09-04,,,,,0.0,1.0
1989-09-05,,,,,0.0,1.0
1989-09-06,,,,,0.0,1.0
1989-09-07,,,,,0.0,1.0
1989-09-08,,,,,0.0,1.0
1989-09-11,,,,,0.0,1.0
1989-09-12,,,,,0.0,1.0
1989-09-13,,,,,0.0,1.0
1989-09-14,,,,,0.0,1.0
1989-09-15,,,,,0.0,1.0
1989-09-18,,,,,0.0,1.0
1989-09-19,,,,,0.0,1.0
1989-09-20,,,,,0.0,1.0
1989-09-21,,,,,0.0,1.0
1989-09-22,,,,,0.0,1.0
1989-09-25,,,,,0.0,1.0
1989-09-26,,,,,0.0,1.0
1989-09-27,,,,,0.0,1.0
1989-09-28,,,,,0.0,1.0
1989-09-29,,,,,0.0,1.0
1989-10-02,,,,,0.0,1.0
1989-10-03,,,,,0.0,1.0
1989-10-04,,,,,0.0,1.0
1989-10-05,,,,,0.0,1.0
1989-10-06,,,,,0.0,1.0
1989-10-09,,,,,0.0,1.0
1989-10-10,,,,,0.0,1.0
1989-10-11,,,,,0.0,1.0
1989-10-12,,,,,0.0,1.0
1989-10-13,,,,,0.0,1.0
1989-10-16,,,,,0.0,1.0
1989-10-17,,,,,0.0,1.0
1989-10-18,,,,,0.0,1.0
1989-10-19,,,,,0.0,1.0
1989-10-20,,,,,0.0,1.0
1989-10-23,,,,,0.0,1.0
1989-10-24,,,,,0.0,1.0
1989-10-25,,,,,0.0,1.0
1989-10-26,,,,,0.0,1.0
1989-10-27,,,,,0.0,1.0
1989-10-30,,,,,0.0,1.0
1989-10-31,,,,,0.0,1.0
1989-11-01,,,,,0.0,1.0
1989-11-02,,,,,0.0,1.0
1989-11-03,,,,,0.0,1.0
1989-11-06,,,,,0.0,1.0
1989-11-07,,,,,0.0,1.0
1989-11-08,,,,,0.0,1.0
1989-11-09,,,,,0.0,1.0
1989-11-10,,,,,0.0,1.0
1989-11-13,,,,,0.0,1.0
1989-11-14,,,,,0.0,1.0
1989-11-15,,,,,0.0,1.0
1989-11-16,,,,,0.0,1.0
1989-11-17,,,,,0.0,1.0
1989-11-20,,,,,0.0,1.0
1989-11-21,,,,,0.0,1.0
1989-11-22,,,,,0.0,1.0
1989-11-23,,,,,0.0,1.0
1989-11-24,,,,,0.0,1.0
1989-11-27,,,,,0.0,1.0
1989-11-28,,,,,0.0,1.0
1989-11-29,,,,,0.0,1.0
1989-11-30,,,,,0.0,1.0
1989-12-01,,,,,0.0,1.0
1989-12-04,,,,,0.0,1.0
1989-12-05,,,,,0.0,1.0
1989-12-06,,,,,0.0,1.0
1989-12-07,,,,,0.0,1.0
1989-12-08,,,,,0.0,1.0
1989-12-11,,,,,0.0,1.0
1989-12-12,,,,,0.0,1.0
1989-12-13,,,,,0.0,1.0
1989-12-14,,,,,0.0,1.0
1989-12-15,,,,,0.0,1.0
1989-12-18,,,,,0.0,1.0
1989-12-19,,,,,0.0,1.0
1989-12-20,,,,,0.0,1.0
1989-12-21,,,,,0.0,1.0
1989-12-22,,,,,0.0,1.0
1989-12-25,,,,,0.0,1.0
1989-12-26,,,,,0.0,1.0
1989-12-27,,,,,0.0,1.0
1989-12-28,,,,,0.0,1.0
1989-12-29,,,,,0.0,1.0
1990-01-01,,,,,0.0,1.0
1990-01-02,,,,,0.0,1.0
1990-01-03,,,,,0.0,1.0
1990-01-04,,,,,0.0,1.0
1990-01-05,,,,,0.0,1.0
1990-01-08,,,,,0.0,1.0
1990-01-09,,,,,0.0,1.0
1990-01-10,,,,,0.0,1.0
1990-01-11,,,,,0.0,1.0
1990-01-12,,,,,0.0,1.0
1990-01-15,,,,,0.0,1.0
1990-01-16,,,,,0.0,1.0
1990-01-17,,,,,0.0,1.0
1990-01-18,,,,,0.0,1.0
1990-01-19,,,,,0.0,1.0
1990-01-22,,,,,0.0,1.0
1990-01-23,,,,,0.0,1.0
1990-01-24,,,,,0.0,1.0
1990-01-25,,,,,0.0,1.0
1990-01-26,,,,,0.0,1.0
1990-01-29,,,,,0.0,1.0
1990-01-30,,,,,0.0,1.0
1990-01-31,,,,,0.0,1.0
1990-02-01,,,,,0.0,1.0
1990-02-02,,,,,0.0,1.0
1990-02-05,,,,,0.0,1.0
1990-02-06,,,,,0.0,1.0
1990-02-07,,,,,0.0,1.0
1990-02-08,,,,,0.0,1.0
1990-02-09,,,,,0.0,1.0
1990-02-12,,,,,0.0,1.0
1990-02-13,,,,,0.0,1.0
1990-02-14,,,,,0.0,1.0
1990-02-15,,,,,0.0,1.0
1990-02-16,,,,,0.0,1.0
1990-02-19,,,,,0.0,1.0
1990-02-20,,,,,0.0,1.0
1990-02-21,,,,,0.0,1.0
1990-02-22,,,,,0.0,1.0
1990-02-23,,,,,0.0,1.0
1990-02-26,,,,,0.0,1.0
1990-02-27,,,,,0.0,1.0
1990-02-28,,,,,0.0,1.0
1990-03-01,,,,,0.0,1.0
1990-03-02,,,,,0.0,1.0
1990-03-05,,,,,0.0,1.0
1990-03-06,,,,,0.0,1.0
1990-03-07,,,,,0.0,1.0
1990-03-08,,,,,0.0,1.0
1990-03-09,,,,,0.0,1.0
1990-03-12,,,,,0.0,1.0
1990-03-13,,,,,0.0,1.0
1990-03-14,,,,,0.0,1.0
1990-03-15,,,,,0.0,1.0
1990-03-16,,,,,0.0,1.0
1990-03-19,,,,,0.0,1.0
1990-03-20,,,,,0.0,1.0
1990-03-21,,,,,0.0,1.0
1990-03-22,,,,,0.0,1.0
1990-03-23,,,,,0.0,1.0
1990-03-26,,,,,0.0,1.0
1990-03-27,,,,,0.0,1.0
1990-03-28,,,,,0.0,1.0
1990-03-29,,,,,0.0,1.0
1990-03-30,,,,,0.0,1.0
1990-04-02,,,,,0.0,1.0
1990-04-03,,,,,0.0,1.0
1990-04-04,,,,,0.0,1.0
1990-04-05,,,,,0.0,1.0
1990-04-06,,,,,0.0,1.0
1990-04-09,,,,,0.0,1.0
1990-04-10,,,,,0.0,1.0
1990-04-11,,,,,0.0,1.0
1990-04-12,,,,,0.0,1.0
1990-04-13,,,,,0.0,1.0
1990-04-16,,,,,0.0,1.0
1990-04-17,,,,,0.0,1.0
1990-04-18,,,,,0.0,1.0
1990-04-19,,,,,0.0,1.0
1990-04-20,,,,,0.0,1.0
1990-04-23,,,,,0.0,1.0
1990-04-24,,,,,0.0,1.0
1990-04-25,,,,,0.0,1.0
1990-04-26,,,,,0.0,1.0
1990-04-27,,,,,0.0,1.0
1990-04-30,,,,,0.0,1.0
1990-05-01,,,,,0.0,1.0
1990-05-02,,,,,0.0,1.0
1990-05-03,,,,,0.0,1.0
1990-05-04,,,,,0.0,1.0
1990-05-07,,,,,0.0,1.0
1990-05-08,,,,,0.0,1.0
1990-05-09,,,,,0.0,1.0
1990-05-10,,,,,0.0,1.0
1990-05-11,,,,,0.0,1.0
1990-05-14,,,,,0.0,1.0
1990-05-15,,,,,0.0,1.0
1990-05-16,,,,,0.0,1.0
1990-05-17,,,,,0.0,1.0
1990-05-18,,,,,0.0,1.0
1990-05-21,,,,,0.0,1.0
1990-05-22,,,,,0.0,1.0
1990-05-23,,,,,0.0,1.0
1990-05-24,,,,,0.0,1.0
1990-05-25,,,,,0.0,1.0
1990-05-28,,,,,0.0,1.0
1990-05-29,,,,,0.0,1.0
1990-05-30,,,,,0.0,1.0
1990-05-31,,,,,0.0,1.0
1990-06-01,,,,,0.0,1.0
1990-06-04,,,,,0.0,1.0
1990-06-05,,,,,0.0,1.0
1990-06-06,,,,,0.0,1.0
1990-06-07,,,,,0.0,1.0
1990-06-08,,,,,0.0,1.0
1990-06-11,,,,,0.0,1.0
1990-06-12,,,,,0.0,1.0
1990-06-13,,,,,0.0,1.0
1990-06-14,,,,,0.0,1.0
1990-06-15,,,,,0.0,1.0
1990-06-18,,,,,0.0,1.0
1990-06-19,,,,,0.0,1.0
1990-06-20,,,,,0.0,1.0
1990-06-21,,,,,0.0,1.0
1990-06-22,,,,,0.0,1.0
1990-06-25,,,,,0.0,1.0
1990-06-26,,,,,0.0,1.0
1990-06-27,,,,,0.0,1.0
1990-06-28,,,,,0.0,1.0
1990-06-29,,,,,0.0,1.0
1990-07-02,,,,,0.0,1.0
1990-07-03,,,,,0.0,1.0
1990-07-04,,,,,0.0,1.0
1990-07-05,,,,,0.0,1.0
1990-07-06,,,,,0.0,1.0
1990-07-09,,,,,0.0,1.0
1990-07-10,,,,,0.0,1.0
1990-07-11,,,,,0.0,1.0
1990-07-12,,,,,0.0,1.0
1990-07-13,,,,,0.0,1.0
1990-07-16,,,,,0.0,1.0
1990-07-17,,,,,0.0,1.0
1990-07-18,,,,,0.0,1.0
1990-07-19,,,,,0.0,1.0
1990-07-20,,,,,0.0,1.0
1990-07-23,,,,,0.0,1.0
1990-07-24,,,,,0.0,1.0
1990-07-25,,,,,0.0,1.0
1990-07-26,,,,,0.0,1.0
1990-07-27,,,,,0.0,1.0
1990-07-30,,,,,0.0,1.0
1990-07-31,,,,,0.0,1.0
1990-08-01,,,,,0.0,1.0
1990-08-02,,,,,0.0,1.0
1990-08-03,,,,,0.0,1.0
1990-08-06,,,,,0.0,1.0
1990-08-07,,,,,0.0,1.0
1990-08-08,,,,,0.0,1.0
1990-08-09,,,,,0.0,1.0
1990-08-10,,,,,0.0,1.0
1990-08-13,,,,,0.0,1.0
1990-08-14,,,,,0.0,1.0
1990-08-15,,,,,0.0,1.0
1990-08-16,,,,,0.0,1.0
1990-08-17,,,,,0.0,1.0
1990-08-20,,,,,0.0,1.0
1990-08-21,,,,,0.0,1.0
1990-08-22,,,,,0.0,1.0
1990-08-23,,,,,0.0,1.0
1990-08-24,,,,,0.0,1.0
1990-08-27,,,,,0.0,1.0
1990-08-28,,,,,0.0,1.0
1990-08-29,,,,,0.0,1.0
1990-08-30,,,,,0.0,1.0
1990-08-31,,,,,0.0,1.0
1990-09-03,,,,,0.0,1.0
1990-09-04,,,,,0.0,1.0
1990-09-05,,,,,0.0,1.0
1990-09-06,,,,,0.0,1.0
1990-09-07,,,,,0.0,1.0
1990-09-10,,,,,0.0,1.0
1990-09-11,,,,,0.0,1.0
1990-09-12,,,,,0.0,1.0
1990-09-13,,,,,0.0,1.0
1990-09-14,,,,,0.0,1.0
1990-09-17,,,,,0.0,1.0
1990-09-18,,,,,0.0,1.0
1990-09-19,,,,,0.0,1.0
1990-09-20,,,,,0.0,1.0
1990-09-21,,,,,0.0,1.0
1990-09-24,,,,,0.0,1.0
1990-09-25,,,,,0.0,1.0
1990-09-26,,,,,0.0,1.0
1990-09-27,,,,,0.0,1.0
1990-09-28,,,,,0.0,1.0
1990-10-01,,,,,0.0,1.0
1990-10-02,,,,,0.0,1.0
1990-10-03,,,,,0.0,1.0
1990-10-04,,,,,0.0,1.0
1990-10-05,,,,,0.0,1.0
1990-10-08,,,,,0.0,1.0
1990-10-09,,,,,0.0,1.0
1990-10-10,,,,,0.0,1.0
1990-10-11,,,,,0.0,1.0
1990-10-12,,,,,0.0,1.0
1990-10-15,,,,,0.0,1.0
1990-10-16,,,,,0.0,1.0
1990-10-17,,,,,0.0,1.0
1990-10-18,,,,,0.0,1.0
1990-10-19,,,,,0.0,1.0
1990-10-22,,,,,0.0,1.0
1990-10-23,,,,,0.0,1.0
1990-10-24,,,,,0.0,1.0
1990-10-25,,,,,0.0,1.0
1990-10-26,,,,,0.0,1.0
1990-10-29,,,,,0.0,1.0
1990-10-30,,,,,0.0,1.0
1990-10-31,,,,,0.0,1.0
1990-11-01,,,,,0.0,1.0
1990-11-02,,,,,0.0,1.0
1990-11-05,,,,,0.0,1.0
1990-11-06,,,,,0.0,1.0
1990-11-07,,,,,0.0,1.0
1990-11-08,,,,,0.0,1.0
1990-11-09,,,,,0.0,1.0
1990-11-12,,,,,0.0,1.0
1990-11-13,,,,,0.0,1.0
1990-11-14,,,,,0.0,1.0
1990-11-15,,,,,0.0,1.0
1990-11-16,,,,,0.0,1.0
1990-11-19,,,,,0.0,1.0
1990-11-20,,,,,0.0,1.0
1990-11-21,,,,,0.0,1.0
1990-11-22,,,,,0.0,1.0
1990-11-23,,,,,0.0,1.0
1990-11-26,,,,,0.0,1.0
1990-11-27,,,,,0.0,1.0
1990-11-28,,,,,0.0,1.0
1990-11-29,,,,,0.0,1.0
1990-11-30,,,,,0.0,1.0
1990-12-03,,,,,0.0,1.0
1990-12-04,,,,,0.0,1.0
1990-12-05,,,,,0.0,1.0
1990-12-06,,,,,0.0,1.0
1990-12-07,,,,,0.0,1.0
1990-12-10,,,,,0.0,1.0
1990-12-11,,,,,0.0,1.0
1990-12-12,,,,,0.0,1.0
1990-12-13,,,,,0.0,1.0
1990-12-14,,,,,0.0,1.0
1990-12-17,,,,,0.0,1.0
1990-12-18,,,,,0.0,1.0
1990-12-19,,,,,0.0,1.0
1990-12-20,,,,,0.0,1.0
1990-12-21,,,,,0.0,1.0
1990-12-24,,,,,0.0,1.0
1990-12-25,,,,,0.0,1.0
1990-12-26,,,,,0.0,1.0
1990-12-27,,,,,0.0,1.0
1990-12-28,,,,,0.0,1.0
1990-12-31,,,,,0.0,1.0
1991-01-01,,,,,0.0,1.0
1991-01-02,,,,,0.0,1.0
1991-01-03,,,,,0.0,1.0
1991-01-04,,,,,0.0,1.0
1991-01-07,,,,,0.0,1.0
1991-01-08,,,,,0.0,1.0
1991-01-09,,,,,0.0,1.0
1991-01-10,,,,,0.0,1.0
1991-01-11,,,,,0.0,1.0
1991-01-14,,,,,0.0,1.0
1991-01-15,,,,,0.0,1.0
1991-01-16,,,,,0.0,1.0
1991-01-17,,,,,0.0,1.0
1991-01-18,,,,,0.0,1.0
1991-01-21,,,,,0.0,1.0
1991-01-22,,,,,0.0,1.0
1991-01-23,,,,,0.0,1.0
1991-01-24,,,,,0.0,1.0
1991-01-25,,,,,0.0,1.0
1991-01-28,,,,,0.0,1.0
1991-01-29,,,,,0.0,1.0
1991-01-30,,,,,0.0,1.0
1991-01-31,,,,,0.0,1.0
1991-02-01,,,,,0.0,1.0
1991-02-04,,,,,0.0,1.0
1991-02-05,,,,,0.0,1.0
1991-02-06,,,,,0.0,1.0
1991-02-07,,,,,0.0,1.0
1991-02-08,,,,,0.0,1.0
1991-02-11,,,,,0.0,1.0
1991-02-12,,,,,0.0,1.0
1991-02-13,,,,,0.0,1.0
1991-02-14,,,,,0.0,1.0
1991-02-15,,,,,0.0,1.0
1991-02-18,,,,,0.0,1.0
1991-02-19,,,,,0.0,1.0
1991-02-20,,,,,0.0,1.0
1991-02-21,,,,,0.0,1.0
1991-02-22,,,,,0.0,1.0
1991-02-25,,,,,0.0,1.0
1991-02-26,,,,,0.0,1.0
1991-02-27,,,,,0.0,1.0
1991-02-28,,,,,0.0,1.0
1991-03-01,,,,,0.0,1.0
1991-03-04,,,,,0.0,1.0
1991-03-05,,,,,0.0,1.0
1991-03-06,,,,,0.0,1.0
1991-03-07,,,,,0.0,1.0
1991-03-08,,,,,0.0,1.0
1991-03-11,,,,,0.0,1.0
1991-03-12,,,,,0.0,1.0
1991-03-13,,,,,0.0,1.0
1991-03-14,,,,,0.0,1.0
1991-03-15,,,,,0.0,1.0
1991-03-18,,,,,0.0,1.0
1991-03-19,,,,,0.0,1.0
1991-03-20,,,,,0.0,1.0
1991-03-21,,,,,0.0,1.0
1991-03-22,,,,,0.0,1.0
1991-03-25,,,,,0.0,1.0
1991-03-26,,,,,0.0,1.0
1991-03-27,,,,,0.0,1.0
1991-03-28,,,,,0.0,1.0
1991-03-29,,,,,0.0,1.0
1991-04-01,,,,,0.0,1.0
1991-04-02,,,,,0.0,1.0
1991-04-03,,,,,0.0,1.0
1991-04-04,,,,,0.0,1.0
1991-04-05,,,,,0.0,1.0
1991-04-08,,,,,0.0,1.0
1991-04-09,,,,,0.0,1.0
1991-04-10,,,,,0.0,1.0
1991-04-11,,,,,0.0,1.0
1991-04-12,,,,,0.0,1.0
1991-04-15,,,,,0.0,1.0
1991-04-16,,,,,0.0,1.0
1991-04-17,,,,,0.0,1.0
1991-04-18,,,,,0.0,1.0
1991-04-19,,,,,0.0,1.0
1991-04-22,,,,,0.0,1.0
1991-04-23,,,,,0.0,1.0
1991-04-24,,,,,0.0,1.0
1991-04-25,,,,,0.0,1.0
1991-04-26,,,,,0.0,1.0
1991-04-29,,,,,0.0,1.0
1991-04-30,,,,,0.0,1.0
1991-05-01,,,,,0.0,1.0
1991-05-02,,,,,0.0,1.0
1991-05-03,,,,,0.0,1.0
1991-05-06,,,,,0.0,1.0
1991-05-07,,,,,0.0,1.0
1991-05-08,,,,,0.0,1.0
1991-05-09,,,,,0.0,1.0
1991-05-10,,,,,0.0,1.0
1991-05-13,,,,,0.0,1.0
1991-05-14,,,,,0.0,1.0
1991-05-15,,,,,0.0,1.0
1991-05-16,,,,,0.0,1.0
1991-05-17,,,,,0.0,1.0
1991-05-20,,,,,0.0,1.0
1991-05-21,,,,,0.0,1.0
1991-05-22,,,,,0.0,1.0
1991-05-23,,,,,0.0,1.0
1991-05-24,,,,,0.0,1.0
1991-05-27,,,,,0.0,1.0
1991-05-28,,,,,0.0,1.0
1991-05-29,,,,,0.0,1.0
1991-05-30,,,,,0.0,1.0
1991-05-31,,,,,0.0,1.0
1991-06-03,,,,,0.0,1.0
1991-06-04,,,,,0.0,1.0
1991-06-05,,,,,0.0,1.0
1991-06-06,,,,,0.0,1.0
1991-06-07,,,,,0.0,1.0
1991-06-10,,,,,0.0,1.0
1991-06-11,,,,,0.0,1.0
1991-06-12,,,,,0.0,1.0
1991-06-13,,,,,0.0,1.0
1991-06-14,,,,,0.0,1.0
1991-06-17,,,,,0.0,1.0
1991-06-18,,,,,0.0,1.0
1991-06-19,,,,,0.0,1.0
1991-06-20,,,,,0.0,1.0
1991-06-21,,,,,0.0,1.0
1991-06-24,,,,,0.0,1.0
1991-06-25,,,,,0.0,1.0
1991-06-26,,,,,0.0,1.0
1991-06-27,,,,,0.0,1.0
1991-06-28,,,,,0.0,1.0
1991-07-01,,,,,0.0,1.0
1991-07-02,,,,,0.0,1.0
1991-07-03,,,,,0.0,1.0
1991-07-04,,,,,0.0,1.0
1991-07-05,,,,,0.0,1.0
1991-07-08,,,,,0.0,1.0
1991-07-09,,,,,0.0,1.0
1991-07-10,,,,,0.0,1.0
1991-07-11,,,,,0.0,1.0
1991-07-12,,,,,0.0,1.0
1991-07-15,,,,,0.0,1.0
1991-07-16,,,,,0.0,1.0
1991-07-17,,,,,0.0,1.0
1991-07-18,,,,,0.0,1.0
1991-07-19,,,,,0.0,1.0
1991-07-22,,,,,0.0,1.0
1991-07-23,,,,,0.0,1.0
1991-07-24,,,,,0.0,1.0
1991-07-25,,,,,0.0,1.0
1991-07-26,,,,,0.0,1.0
1991-07-29,,,,,0.0,1.0
1991-07-30,,,,,0.0,1.0
1991-07-31,,,,,0.0,1.0
1991-08-01,,,,,0.0,1.0
1991-08-02,,,,,0.0,1.0
1991-08-05,,,,,0.0,1.0
1991-08-06,,,,,0.0,1.0
1991-08-07,,,,,0.0,1.0
1991-08-08,,,,,0.0,1.0
1991-08-09,,,,,0.0,1.0
1991-08-12,,,,,0.0,1.0
1991-08-13,,,,,0.0,1.0
1991-08-14,,,,,0.0,1.0
1991-08-15,,,,,0.0,1.0
1991-08-16,,,,,0.0,1.0
1991-08-19,,,,,0.0,1.0
1991-08-20,,,,,0.0,1.0
1991-08-21,,,,,0.0,1.0
1991-08-22,,,,,0.0,1.0
1991-08-23,,,,,0.0,1.0
1991-08-26,,,,,0.0,1.0
1991-08-27,,,,,0.0,1.0
1991-08-28,,,,,0.0,1.0
1991-08-29,,,,,0.0,1.0
1991-08-30,,,,,0.0,1.0
1991-09-02,,,,,0.0,1.0
1991-09-03,,,,,0.0,1.0
1991-09-04,,,,,0.0,1.0
1991-09-05,,,,,0.0,1.0
1991-09-06,,,,,0.0,1.0
1991-09-09,,,,,0.0,1.0
1991-09-10,,,,,0.0,1.0
1991-09-11,,,,,0.0,1.0
1991-09-12,,,,,0.0,1.0
1991-09-13,,,,,0.0,1.0
1991-09-16,,,,,0.0,1.0
1991-09-17,,,,,0.0,1.0
1991-09-18,,,,,0.0,1.0
1991-09-19,,,,,0.0,1.0
1991-09-20,,,,,0.0,1.0
1991-09-23,,,,,0.0,1.0
1991-09-24,,,,,0.0,1.0
1991-09-25,,,,,0.0,1.0
1991-09-26,,,,,0.0,1.0
1991-09-27,,,,,0.0,1.0
1991-09-30,,,,,0.0,1.0
1991-10-01,,,,,0.0,1.0
1991-10-02,,,,,0.0,1.0
1991-10-03,,,,,0.0,1.0
1991-10-04,,,,,0.0,1.0
1991-10-07,,,,,0.0,1.0
1991-10-08,,,,,0.0,1.0
1991-10-09,,,,,0.0,1.0
1991-10-10,,,,,0.0,1.0
1991-10-11,,,,,0.0,1.0
1991-10-14,,,,,0.0,1.0
1991-10-15,,,,,0.0,1.0
1991-10-16,,,,,0.0,1.0
1991-10-17,,,,,0.0,1.0
1991-10-18,,,,,0.0,1.0
1991-10-21,,,,,0.0,1.0
1991-10-22,,,,,0.0,1.0
1991-10-23,,,,,0.0,1.0
1991-10-24,,,,,0.0,1.0
1991-10-25,,,,,0.0,1.0
1991-10-28,,,,,0.0,1.0
1991-10-29,,,,,0.0,1.0
1991-10-30,,,,,0.0,1.0
1991-10-31,,,,,0.0,1.0
1991-11-01,,,,,0.0,1.0
1991-11-04,,,,,0.0,1.0
1991-11-05,,,,,0.0,1.0
1991-11-06,,,,,0.0,1.0
1991-11-07,,,,,0.0,1.0
1991-11-08,,,,,0.0,1.0
1991-11-11,,,,,0.0,1.0
1991-11-12,,,,,0.0,1.0
1991-11-13,,,,,0.0,1.0
1991-11-14,,,,,0.0,1.0
1991-11-15,,,,,0.0,1.0
1991-11-18,,,,,0.0,1.0
1991-11-19,,,,,0.0,1.0
1991-11-20,,,,,0.0,1.0
1991-11-21,,,,,0.0,1.0
1991-11-22,,,,,0.0,1.0
1991-11-25,,,,,0.0,1.0
1991-11-26,,,,,0.0,1.0
1991-11-27,,,,,0.0,1.0
1991-11-28,,,,,0.0,1.0
1991-11-29,,,,,0.0,1.0
1991-12-02,,,,,0.0,1.0
1991-12-03,,,,,0.0,1.0
1991-12-04,,,,,0.0,1.0
1991-12-05,,,,,0.0,1.0
1991-12-06,,,,,0.0,1.0
1991-12-09,,,,,0.0,1.0
1991-12-10,,,,,0.0,1.0
1991-12-11,,,,,0.0,1.0
1991-12-12,,,,,0.0,1.0
1991-12-13,,,,,0.0,1.0
1991-12-16,,,,,0.0,1.0
1991-12-17,,,,,0.0,1.0
1991-12-18,,,,,0.0,1.0
1991-12-19,,,,,0.0,1.0
1991-12-20,,,,,0.0,1.0
1991-12-23,,,,,0.0,1.0
1991-12-24,,,,,0.0,1.0
1991-12-25,,,,,0.0,1.0
1991-12-26,,,,,0.0,1.0
1991-12-27,,,,,0.0,1.0
1991-12-30,,,,,0.0,1.0
1991-12-31,,,,,0.0,1.0
1992-01-01,,,,,0.0,1.0
1992-01-02,,,,,0.0,1.0
1992-01-03,,,,,0.0,1.0
1992-01-06,,,,,0.0,1.0
1992-01-07,,,,,0.0,1.0
1992-01-08,,,,,0.0,1.0
1992-01-09,,,,,0.0,1.0
1992-01-10,,,,,0.0,1.0
1992-01-13,,,,,0.0,1.0
1992-01-14,,,,,0.0,1.0
1992-01-15,,,,,0.0,1.0
1992-01-16,,,,,0.0,1.0
1992-01-17,,,,,0.0,1.0
1992-01-20,,,,,0.0,1.0
1992-01-21,,,,,0.0,1.0
1992-01-22,,,,,0.0,1.0
1992-01-23,,,,,0.0,1.0
1992-01-24,,,,,0.0,1.0
1992-01-27,,,,,0.0,1.0
1992-01-28,,,,,0.0,1.0
1992-01-29,,,,,0.0,1.0
1992-01-30,,,,,0.0,1.0
1992-01-31,,,,,0.0,1.0
1992-02-03,,,,,0.0,1.0
1992-02-04,,,,,0.0,1.0
1992-02-05,,,,,0.0,1.0
1992-02-06,,,,,0.0,1.0
1992-02-07,,,,,0.0,1.0
1992-02-10,,,,,0.0,1.0
1992-02-11,,,,,0.0,1.0
1992-02-12,,,,,0.0,1.0
1992-02-13,,,,,0.0,1.0
1992-02-14,,,,,0.0,1.0
1992-02-17,,,,,0.0,1.0
1992-02-18,,,,,0.0,1.0
1992-02-19,,,,,0.0,1.0
1992-02-20,,,,,0.0,1.0
1992-02-21,,,,,0.0,1.0
1992-02-24,,,,,0.0,1.0
1992-02-25,,,,,0.0,1.0
1992-02-26,,,,,0.0,1.0
1992-02-27,,,,,0.0,1.0
1992-02-28,,,,,0.0,1.0
1992-03-02,,,,,0.0,1.0
1992-03-03,,,,,0.0,1.0
1992-03-04,,,,,0.0,1.0
1992-03-05,,,,,0.0,1.0
1992-03-06,,,,,0.0,1.0
1992-03-09,,,,,0.0,1.0
1992-03-10,,,,,0.0,1.0
1992-03-11,,,,,0.0,1.0
1992-03-12,,,,,0.0,1.0
1992-03-13,,,,,0.0,1.0
1992-03-16,,,,,0.0,1.0
1992-03-17,,,,,0.0,1.0
1992-03-18,,,,,0.0,1.0
1992-03-19,,,,,0.0,1.0
1992-03-20,,,,,0.0,1.0
1992-03-23,,,,,0.0,1.0
1992-03-24,,,,,0.0,1.0
1992-03-25,,,,,0.0,1.0
1992-03-26,,,,,0.0,1.0
1992-03-27,,,,,0.0,1.0
1992-03-30,,,,,0.0,1.0
1992-03-31,,,,,0.0,1.0
1992-04-01,,,,,0.0,1.0
1992-04-02,,,,,0.0,1.0
1992-04-03,,,,,0.0,1.0
1992-04-06,,,,,0.0,1.0
1992-04-07,,,,,0.0,1.0
1992-04-08,,,,,0.0,1.0
1992-04-09,,,,,0.0,1.0
1992-04-10,,,,,0.0,1.0
1992-04-13,,,,,0.0,1.0
1992-04-14,,,,,0.0,1.0
1992-04-15,,,,,0.0,1.0
1992-04-16,,,,,0.0,1.0
1992-04-17,,,,,0.0,1.0
1992-04-20,,,,,0.0,1.0
1992-04-21,,,,,0.0,1.0
1992-04-22,,,,,0.0,1.0
1992-04-23,,,,,0.0,1.0
1992-04-24,,,,,0.0,1.0
1992-04-27,,,,,0.0,1.0
1992-04-28,,,,,0.0,1.0
1992-04-29,,,,,0.0,1.0
1992-04-30,,,,,0.0,1.0
1992-05-01,,,,,0.0,1.0
1992-05-04,,,,,0.0,1.0
1992-05-05,,,,,0.0,1.0
1992-05-06,,,,,0.0,1.0
1992-05-07,,,,,0.0,1.0
1992-05-08,,,,,0.0,1.0
1992-05-11,,,,,0.0,1.0
1992-05-12,,,,,0.0,1.0
1992-05-13,,,,,0.0,1.0
1992-05-14,,,,,0.0,1.0
1992-05-15,,,,,0.0,1.0
1992-05-18,,,,,0.0,1.0
1992-05-19,,,,,0.0,1.0
1992-05-20,,,,,0.0,1.0
1992-05-21,,,,,0.0,1.0
1992-05-22,,,,,0.0,1.0
1992-05-25,,,,,0.0,1.0
1992-05-26,,,,,0.0,1.0
1992-05-27,,,,,0.0,1.0
1992-05-28,,,,,0.0,1.0
1992-05-29,,,,,0.0,1.0
1992-06-01,,,,,0.0,1.0
1992-06-02,,,,,0.0,1.0
1992-06-03,,,,,0.0,1.0
1992-06-04,,,,,0.0,1.0
1992-06-05,,,,,0.0,1.0
1992-06-08,,,,,0.0,1.0
1992-06-09,,,,,0.0,1.0
1992-06-10,,,,,0.0,1.0
1992-06-11,,,,,0.0,1.0
1992-06-12,,,,,0.0,1.0
1992-06-15,,,,,0.0,1.0
1992-06-16,,,,,0.0,1.0
1992-06-17,,,,,0.0,1.0
1992-06-18,,,,,0.0,1.0
1992-06-19,,,,,0.0,1.0
1992-06-22,,,,,0.0,1.0
1992-06-23,,,,,0.0,1.0
1992-06-24,,,,,0.0,1.0
1992-06-25,,,,,0.0,1.0
1992-06-26,,,,,0.0,1.0
1992-06-29,,,,,0.0,1.0
1992-06-30,,,,,0.0,1.0
1992-07-01,,,,,0.0,1.0
1992-07-02,,,,,0.0,1.0
1992-07-03,,,,,0.0,1.0
1992-07-06,,,,,0.0,1.0
1992-07-07,,,,,0.0,1.0
1992-07-08,,,,,0.0,1.0
1992-07-09,,,,,0.0,1.0
1992-07-10,,,,,0.0,1.0
1992-07-13,,,,,0.0,1.0
1992-07-14,,,,,0.0,1.0
1992-07-15,,,,,0.0,1.0
1992-07-16,,,,,0.0,1.0
1992-07-17,,,,,0.0,1.0
1992-07-20,,,,,0.0,1.0
1992-07-21,,,,,0.0,1.0
1992-07-22,,,,,0.0,1.0
1992-07-23,,,,,0.0,1.0
1992-07-24,,,,,0.0,1.0
1992-07-27,,,,,0.0,1.0
1992-07-28,,,,,0.0,1.0
1992-07-29,,,,,0.0,1.0
1992-07-30,,,,,0.0,1.0
1992-07-31,,,,,0.0,1.0
1992-08-03,,,,,0.0,1.0
1992-08-04,,,,,0.0,1.0
1992-08-05,,,,,0.0,1.0
1992-08-06,,,,,0.0,1.0
1992-08-07,,,,,0.0,1.0
1992-08-10,,,,,0.0,1.0
1992-08-11,,,,,0.0,1.0
1992-08-12,,,,,0.0,1.0
1992-08-13,,,,,0.0,1.0
1992-08-14,,,,,0.0,1.0
1992-08-17,,,,,0.0,1.0
1992-08-18,,,,,0.0,1.0
1992-08-19,,,,,0.0,1.0
1992-08-20,,,,,0.0,1.0
1992-08-21,,,,,0.0,1.0
1992-08-24,,,,,0.0,1.0
1992-08-25,,,,,0.0,1.0
1992-08-26,,,,,0.0,1.0
1992-08-27,,,,,0.0,1.0
1992-08-28,,,,,0.0,1.0
1992-08-31,,,,,0.0,1.0
1992-09-01,,,,,0.0,1.0
1992-09-02,,,,,0.0,1.0
1992-09-03,,,,,0.0,1.0
1992-09-04,,,,,0.0,1.0
1992-09-07,,,,,0.0,1.0
1992-09-08,,,,,0.0,1.0
1992-09-09,,,,,0.0,1.0
1992-09-10,,,,,0.0,1.0
1992-09-11,,,,,0.0,1.0
1992-09-14,,,,,0.0,1.0
1992-09-15,,,,,0.0,1.0
1992-09-16,,,,,0.0,1.0
1992-09-17,,,,,0.0,1.0
1992-09-18,,,,,0.0,1.0
1992-09-21,,,,,0.0,1.0
1992-09-22,,,,,0.0,1.0
1992-09-23,,,,,0.0,1.0
1992-09-24,,,,,0.0,1.0
1992-09-25,,,,,0.0,1.0
1992-09-28,,,,,0.0,1.0
1992-09-29,,,,,0.0,1.0
1992-09-30,,,,,0.0,1.0
1992-10-01,,,,,0.0,1.0
1992-10-02,,,,,0.0,1.0
1992-10-03,,,,,0.0,1.0
1992-10-05,,,,,0.0,1.0
1992-10-06,,,,,0.0,1.0
1992-10-07,,,,,0.0,1.0
1992-10-08,,,,,0.0,1.0
1992-10-09,,,,,0.0,1.0
1992-10-10,,,,,0.0,1.0
1992-10-12,,,,,0.0,1.0
1992-10-13,,,,,0.0,1.0
1992-10-14,,,,,0.0,1.0
1992-10-15,,,,,0.0,1.0
1992-10-16,,,,,0.0,1.0
1992-10-19,,,,,0.0,1.0
1992-10-20,,,,,0.0,1.0
1992-10-21,,,,,0.0,1.0
1992-10-22,,,,,0.0,1.0
1992-10-23,,,,,0.0,1.0
1992-10-26,,,,,0.0,1.0
1992-10-27,,,,,0.0,1.0
1992-10-28,,,,,0.0,1.0
1992-10-29,,,,,0.0,1.0
1992-10-30,,,,,0.0,1.0
1992-11-02,,,,,0.0,1.0
1992-11-03,,,,,0.0,1.0
1992-11-04,,,,,0.0,1.0
1992-11-05,,,,,0.0,1.0
1992-11-06,,,,,0.0,1.0
1992-11-07,,,,,0.0,1.0
1992-11-08,,,,,0.0,1.0
1992-11-09,,,,,0.0,1.0
1992-11-10,,,,,0.0,1.0
1992-11-11,,,,,0.0,1.0
1992-11-12,,,,,0.0,1.0
1992-11-13,,,,,0.0,1.0
1992-11-14,,,,,0.0,1.0
1992-11-16,,,,,0.0,1.0
1992-11-17,,,,,0.0,1.0
1992-11-18,,,,,0.0,1.0
1992-11-19,,,,,0.0,1.0
1992-11-20,,,,,0.0,1.0
1992-11-23,,,,,0.0,1.0
1992-11-24,,,,,0.0,1.0
1992-11-25,,,,,0.0,1.0
1992-11-26,,,,,0.0,1.0
1992-11-27,,,,,0.0,1.0
1992-11-28,,,,,0.0,1.0
1992-11-30,,,,,0.0,1.0
1992-12-01,,,,,0.0,1.0
1992-12-02,,,,,0.0,1.0
1992-12-03,,,,,0.0,1.0
1992-12-04,,,,,0.0,1.0
1992-12-07,,,,,0.0,1.0
1992-12-08,,,,,0.0,1.0
1992-12-09,,,,,0.0,1.0
1992-12-10,,,,,0.0,1.0
1992-12-11,,,,,0.0,1.0
1992-12-14,,,,,0.0,1.0
1992-12-15,,,,,0.0,1.0
1992-12-16,,,,,0.0,1.0
1992-12-17,,,,,0.0,1.0
1992-12-18,,,,,0.0,1.0
1992-12-21,,,,,0.0,1.0
1992-12-22,,,,,0.0,1.0
1992-12-23,,,,,0.0,1.0
1992-12-24,,,,,0.0,1.0
1992-12-25,,,,,0.0,1.0
1992-12-28,,,,,0.0,1.0
1992-12-29,,,,,0.0,1.0
1992-12-30,,,,,0.0,1.0
1992-12-31,,,,,0.0,1.0
1993-01-01,,,,,0.0,1.0
1993-01-04,,,,,0.0,1.0
1993-01-05,,,,,0.0,1.0
1993-01-06,,,,,0.0,1.0
1993-01-07,,,,,0.0,1.0
1993-01-08,,,,,0.0,1.0
1993-01-11,,,,,0.0,1.0
1993-01-12,,,,,0.0,1.0
1993-01-13,,,,,0.0,1.0
1993-01-14,,,,,0.0,1.0
1993-01-15,,,,,0.0,1.0
1993-01-18,,,,,0.0,1.0
1993-01-19,,,,,0.0,1.0
1993-01-20,,,,,0.0,1.0
1993-01-21,,,,,0.0,1.0
1993-01-22,,,,,0.0,1.0
1993-01-25,,,,,0.0,1.0
1993-01-26,,,,,0.0,1.0
1993-01-27,,,,,0.0,1.0
1993-01-28,,,,,0.0,1.0
1993-01-29,,,,,0.0,1.0
1993-02-01,,,,,0.0,1.0
1993-02-02,,,,,0.0,1.0
1993-02-03,,,,,0.0,1.0
1993-02-04,,,,,0.0,1.0
1993-02-05,,,,,0.0,1.0
1993-02-08,,,,,0.0,1.0
1993-02-09,,,,,0.0,1.0
1993-02-10,,,,,0.0,1.0
1993-02-11,,,,,0.0,1.0
1993-02-12,,,,,0.0,1.0
1993-02-15,,,,,0.0,1.0
1993-02-16,,,,,0.0,1.0
1993-02-17,,,,,0.0,1.0
1993-02-18,,,,,0.0,1.0
1993-02-19,,,,,0.0,1.0
1993-02-22,,,,,0.0,1.0
1993-02-23,,,,,0.0,1.0
1993-02-24,,,,,0.0,1.0
1993-02-25,,,,,0.0,1.0
1993-02-26,,,,,0.0,1.0
1993-03-01,,,,,0.0,1.0
1993-03-02,,,,,0.0,1.0
1993-03-03,,,,,0.0,1.0
1993-03-04,,,,,0.0,1.0
1993-03-05,,,,,0.0,1.0
1993-03-08,,,,,0.0,1.0
1993-03-09,,,,,0.0,1.0
1993-03-10,,,,,0.0,1.0
1993-03-11,,,,,0.0,1.0
1993-03-12,,,,,0.0,1.0
1993-03-15,,,,,0.0,1.0
1993-03-16,,,,,0.0,1.0
1993-03-17,,,,,0.0,1.0
1993-03-18,,,,,0.0,1.0
1993-03-19,,,,,0.0,1.0
1993-03-22,,,,,0.0,1.0
1993-03-23,,,,,0.0,1.0
1993-03-24,,,,,0.0,1.0
1993-03-25,,,,,0.0,1.0
1993-03-26,,,,,0.0,1.0
1993-03-29,,,,,0.0,1.0
1993-03-30,,,,,0.0,1.0
1993-03-31,,,,,0.0,1.0
1993-04-01,,,,,0.0,1.0
1993-04-02,,,,,0.0,1.0
1993-04-05,,,,,0.0,1.0
1993-04-06,,,,,0.0,1.0
1993-04-07,,,,,0.0,1.0
1993-04-08,,,,,0.0,1.0
1993-04-09,,,,,0.0,1.0
1993-04-12,,,,,0.0,1.0
1993-04-13,,,,,0.0,1.0
1993-04-14,,,,,0.0,1.0
1993-04-15,,,,,0.0,1.0
1993-04-16,,,,,0.0,1.0
1993-04-19,,,,,0.0,1.0
1993-04-20,,,,,0.0,1.0
1993-04-21,,,,,0.0,1.0
1993-04-22,,,,,0.0,1.0
1993-04-23,,,,,0.0,1.0
1993-04-26,,,,,0.0,1.0
1993-04-27,,,,,0.0,1.0
1993-04-28,,,,,0.0,1.0
1993-04-29,,,,,0.0,1.0
1993-04-30,,,,,0.0,1.0
1993-05-03,,,,,0.0,1.0
1993-05-04,,,,,0.0,1.0
1993-05-05,,,,,0.0,1.0
1993-05-06,,,,,0.0,1.0
1993-05-07,,,,,0.0,1.0
1993-05-10,,,,,0.0,1.0
1993-05-11,,,,,0.0,1.0
1993-05-12,,,,,0.0,1.0
1993-05-13,,,,,0.0,1.0
1993-05-14,,,,,0.0,1.0
1993-05-17,,,,,0.0,1.0
1993-05-18,,,,,0.0,1.0
1993-05-19,,,,,0.0,1.0
1993-05-20,,,,,0.0,1.0
1993-05-21,,,,,0.0,1.0
1993-05-24,,,,,0.0,1.0
1993-05-25,,,,,0.0,1.0
1993-05-26,,,,,0.0,1.0
1993-05-27,,,,,0.0,1.0
1993-05-28,,,,,0.0,1.0
1993-05-31,,,,,0.0,1.0
1993-06-01,,,,,0.0,1.0
1993-06-02,,,,,0.0,1.0
1993-06-03,,,,,0.0,1.0
1993-06-04,,,,,0.0,1.0
1993-06-07,,,,,0.0,1.0
1993-06-08,,,,,0.0,1.0
1993-06-09,,,,,0.0,1.0
1993-06-10,,,,,0.0,1.0
1993-06-11,,,,,0.0,1.0
1993-06-14,,,,,0.0,1.0
1993-06-15,,,,,0.0,1.0
1993-06-16,,,,,0.0,1.0
1993-06-17,,,,,0.0,1.0
1993-06-18,,,,,0.0,1.0
1993-06-21,,,,,0.0,1.0
1993-06-22,,,,,0.0,1.0
1993-06-23,,,,,0.0,1.0
1993-06-24,,,,,0.0,1.0
1993-06-25,,,,,0.0,1.0
1993-06-28,,,,,0.0,1.0
1993-06-29,,,,,0.0,1.0
1993-06-30,,,,,0.0,1.0
1993-07-01,,,,,0.0,1.0
1993-07-02,,,,,0.0,1.0
1993-07-05,,,,,0.0,1.0
1993-07-06,,,,,0.0,1.0
1993-07-07,,,,,0.0,1.0
1993-07-08,,,,,0.0,1.0
1993-07-09,,,,,0.0,1.0
1993-07-12,,,,,0.0,1.0
1993-07-13,,,,,0.0,1.0
1993-07-14,,,,,0.0,1.0
1993-07-15,,,,,0.0,1.0
1993-07-16,,,,,0.0,1.0
1993-07-19,,,,,0.0,1.0
1993-07-20,,,,,0.0,1.0
1993-07-21,,,,,0.0,1.0
1993-07-22,,,,,0.0,1.0
1993-07-23,,,,,0.0,1.0
1993-07-26,,,,,0.0,1.0
1993-07-27,,,,,0.0,1.0
1993-07-28,,,,,0.0,1.0
1993-07-29,,,,,0.0,1.0
1993-07-30,,,,,0.0,1.0
1993-08-02,,,,,0.0,1.0
1993-08-03,,,,,0.0,1.0
1993-08-04,,,,,0.0,1.0
1993-08-05,,,,,0.0,1.0
1993-08-06,,,,,0.0,1.0
1993-08-09,,,,,0.0,1.0
1993-08-10,,,,,0.0,1.0
1993-08-11,,,,,0.0,1.0
1993-08-12,,,,,0.0,1.0
1993-08-13,,,,,0.0,1.0
1993-08-16,,,,,0.0,1.0
1993-08-17,,,,,0.0,1.0
1993-08-18,,,,,0.0,1.0
1993-08-19,,,,,0.0,1.0
1993-08-20,,,,,0.0,1.0
1993-08-23,,,,,0.0,1.0
1993-08-24,,,,,0.0,1.0
1993-08-25,,,,,0.0,1.0
1993-08-26,,,,,0.0,1.0
1993-08-27,,,,,0.0,1.0
1993-08-30,,,,,0.0,1.0
1993-08-31,,,,,0.0,1.0
1993-09-01,,,,,0.0,1.0
1993-09-02,,,,,0.0,1.0
1993-09-03,,,,,0.0,1.0
1993-09-06,,,,,0.0,1.0
1993-09-07,,,,,0.0,1.0
1993-09-08,,,,,0.0,1.0
1993-09-09,,,,,0.0,1.0
1993-09-10,,,,,0.0,1.0
1993-09-13,,,,,0.0,1.0
1993-09-14,,,,,0.0,1.0
1993-09-15,,,,,0.0,1.0
1993-09-16,,,,,0.0,1.0
1993-09-17,,,,,0.0,1.0
1993-09-20,,,,,0.0,1.0
1993-09-21,,,,,0.0,1.0
1993-09-22,,,,,0.0,1.0
1993-09-23,,,,,0.0,1.0
1993-09-24,,,,,0.0,1.0
1993-09-27,,,,,0.0,1.0
1993-09-28,,,,,0.0,1.0
1993-09-29,,,,,0.0,1.0
1993-09-30,,,,,0.0,1.0
1993-10-01,,,,,0.0,1.0
1993-10-04,,,,,0.0,1.0
1993-10-05,,,,,0.0,1.0
1993-10-06,,,,,0.0,1.0
1993-10-07,,,,,0.0,1.0
1993-10-08,,,,,0.0,1.0
1993-10-11,,,,,0.0,1.0
1993-10-12,,,,,0.0,1.0
1993-10-13,,,,,0.0,1.0
1993-10-14,,,,,0.0,1.0
1993-10-15,,,,,0.0,1.0
1993-10-18,,,,,0.0,1.0
1993-10-19,,,,,0.0,1.0
1993-10-20,,,,,0.0,1.0
1993-10-21,,,,,0.0,1.0
1993-10-22,,,,,0.0,1.0
1993-10-25,,,,,0.0,1.0
1993-10-26,,,,,0.0,1.0
1993-10-27,,,,,0.0,1.0
1993-10-28,,,,,0.0,1.0
1993-10-29,,,,,0.0,1.0
1993-11-01,,,,,0.0,1.0
1993-11-02,,,,,0.0,1.0
1993-11-03,,,,,0.0,1.0
1993-11-04,,,,,0.0,1.0
1993-11-05,,,,,0.0,1.0
1993-11-08,,,,,0.0,1.0
1993-11-09,,,,,0.0,1.0
1993-11-10,,,,,0.0,1.0
1993-11-11,,,,,0.0,1.0
1993-11-12,,,,,0.0,1.0
1993-11-15,,,,,0.0,1.0
1993-11-16,,,,,0.0,1.0
1993-11-17,,,,,0.0,1.0
1993-11-18,,,,,0.0,1.0
1993-11-19,,,,,0.0,1.0
1993-11-22,,,,,0.0,1.0
1993-11-23,,,,,0.0,1.0
1993-11-24,,,,,0.0,1.0
1993-11-25,,,,,0.0,1.0
1993-11-26,,,,,0.0,1.0
1993-11-29,,,,,0.0,1.0
1993-11-30,,,,,0.0,1.0
1993-12-01,,,,,0.0,1.0
1993-12-02,,,,,0.0,1.0
1993-12-03,,,,,0.0,1.0
1993-12-06,,,,,0.0,1.0
1993-12-07,,,,,0.0,1.0
1993-12-08,,,,,0.0,1.0
1993-12-09,,,,,0.0,1.0
1993-12-10,,,,,0.0,1.0
1993-12-13,,,,,0.0,1.0
1993-12-14,,,,,0.0,1.0
1993-12-15,,,,,0.0,1.0
1993-12-16,,,,,0.0,1.0
1993-12-17,,,,,0.0,1.0
1993-12-20,,,,,0.0,1.0
1993-12-21,,,,,0.0,1.0
1993-12-22,,,,,0.0,1.0
1993-12-23,,,,,0.0,1.0
1993-12-24,,,,,0.0,1.0
1993-12-27,,,,,0.0,1.0
1993-12-28,,,,,0.0,1.0
1993-12-29,,,,,0.0,1.0
1993-12-30,,,,,0.0,1.0
1993-12-31,,,,,0.0,1.0
1994-01-03,,,,,0.0,1.0
1994-01-04,,,,,0.0,1.0
1994-01-05,,,,,0.0,1.0
1994-01-06,,,,,0.0,1.0
1994-01-07,,,,,0.0,1.0
1994-01-10,,,,,0.0,1.0
1994-01-11,,,,,0.0,1.0
1994-01-12,,,,,0.0,1.0
1994-01-13,,,,,0.0,1.0
1994-01-14,,,,,0.0,1.0
1994-01-17,,,,,0.0,1.0
1994-01-18,,,,,0.0,1.0
1994-01-19,,,,,0.0,1.0
1994-01-20,,,,,0.0,1.0
1994-01-21,,,,,0.0,1.0
1994-01-24,,,,,0.0,1.0
1994-01-25,,,,,0.0,1.0
1994-01-26,,,,,0.0,1.0
1994-01-27,,,,,0.0,1.0
1994-01-28,,,,,0.0,1.0
1994-01-31,,,,,0.0,1.0
1994-02-01,,,,,0.0,1.0
1994-02-02,,,,,0.0,1.0
1994-02-03,,,,,0.0,1.0
1994-02-04,,,,,0.0,1.0
1994-02-07,,,,,0.0,1.0
1994-02-08,,,,,0.0,1.0
1994-02-09,,,,,0.0,1.0
1994-02-10,,,,,0.0,1.0
1994-02-11,,,,,0.0,1.0
1994-02-14,,,,,0.0,1.0
1994-02-15,,,,,0.0,1.0
1994-02-16,,,,,0.0,1.0
1994-02-17,,,,,0.0,1.0
1994-02-18,,,,,0.0,1.0
1994-02-21,,,,,0.0,1.0
1994-02-22,,,,,0.0,1.0
1994-02-23,,,,,0.0,1.0
1994-02-24,,,,,0.0,1.0
1994-02-25,,,,,0.0,1.0
1994-02-28,,,,,0.0,1.0
1994-03-01,,,,,0.0,1.0
1994-03-02,,,,,0.0,1.0
1994-03-03,,,,,0.0,1.0
1994-03-04,,,,,0.0,1.0
1994-03-07,,,,,0.0,1.0
1994-03-08,,,,,0.0,1.0
1994-03-09,,,,,0.0,1.0
1994-03-10,,,,,0.0,1.0
1994-03-11,,,,,0.0,1.0
1994-03-14,,,,,0.0,1.0
1994-03-15,,,,,0.0,1.0
1994-03-16,,,,,0.0,1.0
1994-03-17,,,,,0.0,1.0
1994-03-18,,,,,0.0,1.0
1994-03-21,,,,,0.0,1.0
1994-03-22,,,,,0.0,1.0
1994-03-23,,,,,0.0,1.0
1994-03-24,,,,,0.0,1.0
1994-03-25,,,,,0.0,1.0
1994-03-28,,,,,0.0,1.0
1994-03-29,,,,,0.0,1.0
1994-03-30,,,,,0.0,1.0
1994-03-31,,,,,0.0,1.0
1994-04-01,,,,,0.0,1.0
1994-04-04,,,,,0.0,1.0
1994-04-05,,,,,0.0,1.0
1994-04-06,,,,,0.0,1.0
1994-04-07,,,,,0.0,1.0
1994-04-08,,,,,0.0,1.0
1994-04-11,,,,,0.0,1.0
1994-04-12,,,,,0.0,1.0
1994-04-13,,,,,0.0,1.0
1994-04-14,,,,,0.0,1.0
1994-04-15,,,,,0.0,1.0
1994-04-18,,,,,0.0,1.0
1994-04-19,,,,,0.0,1.0
1994-04-20,,,,,0.0,1.0
1994-04-21,,,,,0.0,1.0
1994-04-22,,,,,0.0,1.0
1994-04-25,,,,,0.0,1.0
1994-04-26,,,,,0.0,1.0
1994-04-27,,,,,0.0,1.0
1994-04-28,,,,,0.0,1.0
1994-04-29,,,,,0.0,1.0
1994-05-02,,,,,0.0,1.0
1994-05-03,,,,,0.0,1.0
1994-05-04,,,,,0.0,1.0
1994-05-05,,,,,0.0,1.0
1994-05-06,,,,,0.0,1.0
1994-05-09,,,,,0.0,1.0
1994-05-10,,,,,0.0,1.0
1994-05-11,,,,,0.0,1.0
1994-05-12,,,,,0.0,1.0
1994-05-13,,,,,0.0,1.0
1994-05-16,,,,,0.0,1.0
1994-05-17,,,,,0.0,1.0
1994-05-18,,,,,0.0,1.0
1994-05-19,,,,,0.0,1.0
1994-05-20,,,,,0.0,1.0
1994-05-23,,,,,0.0,1.0
1994-05-24,,,,,0.0,1.0
1994-05-25,,,,,0.0,1.0
1994-05-26,,,,,0.0,1.0
1994-05-27,,,,,0.0,1.0
1994-05-30,,,,,0.0,1.0
1994-05-31,,,,,0.0,1.0
1994-06-01,,,,,0.0,1.0
1994-06-02,,,,,0.0,1.0
1994-06-03,,,,,0.0,1.0
1994-06-06,,,,,0.0,1.0
1994-06-07,,,,,0.0,1.0
1994-06-08,,,,,0.0,1.0
1994-06-09,,,,,0.0,1.0
1994-06-10,,,,,0.0,1.0
1994-06-13,,,,,0.0,1.0
1994-06-14,,,,,0.0,1.0
1994-06-15,,,,,0.0,1.0
1994-06-16,,,,,0.0,1.0
1994-06-17,,,,,0.0,1.0
1994-06-20,,,,,0.0,1.0
1994-06-21,,,,,0.0,1.0
1994-06-22,,,,,0.0,1.0
1994-06-23,,,,,0.0,1.0
1994-06-24,,,,,0.0,1.0
1994-06-27,,,,,0.0,1.0
1994-06-28,,,,,0.0,1.0
1994-06-29,,,,,0.0,1.0
1994-06-30,,,,,0.0,1.0
1994-07-01,,,,,0.0,1.0
1994-07-04,,,,,0.0,1.0
1994-07-05,,,,,0.0,1.0
1994-07-06,,,,,0.0,1.0
1994-07-07,,,,,0.0,1.0
1994-07-08,,,,,0.0,1.0
1994-07-11,,,,,0.0,1.0
1994-07-12,,,,,0.0,1.0
1994-07-13,,,,,0.0,1.0
1994-07-14,,,,,0.0,1.0
1994-07-15,,,,,0.0,1.0
1994-07-18,,,,,0.0,1.0
1994-07-19,,,,,0.0,1.0
1994-07-20,,,,,0.0,1.0
1994-07-21,,,,,0.0,1.0
1994-07-22,,,,,0.0,1.0
1994-07-25,,,,,0.0,1.0
1994-07-26,,,,,0.0,1.0
1994-07-27,,,,,0.0,1.0
1994-07-28,,,,,0.0,1.0
1994-07-29,,,,,0.0,1.0
1994-08-01,,,,,0.0,1.0
1994-08-02,,,,,0.0,1.0
1994-08-03,,,,,0.0,1.0
1994-08-04,,,,,0.0,1.0
1994-08-05,,,,,0.0,1.0
1994-08-08,,,,,0.0,1.0
1994-08-09,,,,,0.0,1.0
1994-08-10,,,,,0.0,1.0
1994-08-11,,,,,0.0,1.0
1994-08-12,,,,,0.0,1.0
1994-08-15,,,,,0.0,1.0
1994-08-16,,,,,0.0,1.0
1994-08-17,,,,,0.0,1.0
1994-08-18,,,,,0.0,1.0
1994-08-19,,,,,0.0,1.0
1994-08-22,,,,,0.0,1.0
1994-08-23,,,,,0.0,1.0
1994-08-24,,,,,0.0,1.0
1994-08-25,,,,,0.0,1.0
1994-08-26,,,,,0.0,1.0
1994-08-29,,,,,0.0,1.0
1994-08-30,,,,,0.0,1.0
1994-08-31,,,,,0.0,1.0
1994-09-01,,,,,0.0,1.0
1994-09-02,,,,,0.0,1.0
1994-09-05,,,,,0.0,1.0
1994-09-06,,,,,0.0,1.0
1994-09-07,,,,,0.0,1.0
1994-09-08,,,,,0.0,1.0
1994-09-09,,,,,0.0,1.0
1994-09-12,,,,,0.0,1.0
1994-09-13,,,,,0.0,1.0
1994-09-14,,,,,0.0,1.0
1994-09-15,,,,,0.0,1.0
1994-09-16,,,,,0.0,1.0
1994-09-19,,,,,0.0,1.0
1994-09-20,,,,,0.0,1.0
1994-09-21,,,,,0.0,1.0
1994-09-22,,,,,0.0,1.0
1994-09-23,,,,,0.0,1.0
1994-09-26,,,,,0.0,1.0
1994-09-27,,,,,0.0,1.0
1994-09-28,,,,,0.0,1.0
1994-09-29,,,,,0.0,1.0
1994-09-30,,,,,0.0,1.0
1994-10-03,,,,,0.0,1.0
1994-10-04,,,,,0.0,1.0
1994-10-05,,,,,0.0,1.0
1994-10-06,,,,,0.0,1.0
1994-10-07,,,,,0.0,1.0
1994-10-10,,,,,0.0,1.0
1994-10-11,,,,,0.0,1.0
1994-10-12,,,,,0.0,1.0
1994-10-13,,,,,0.0,1.0
1994-10-14,,,,,0.0,1.0
1994-10-17,,,,,0.0,1.0
1994-10-18,,,,,0.0,1.0
1994-10-19,,,,,0.0,1.0
1994-10-20,,,,,0.0,1.0
1994-10-21,,,,,0.0,1.0
1994-10-24,,,,,0.0,1.0
1994-10-25,,,,,0.0,1.0
1994-10-26,,,,,0.0,1.0
1994-10-27,,,,,0.0,1.0
1994-10-28,,,,,0.0,1.0
1994-10-31,,,,,0.0,1.0
1994-11-01,,,,,0.0,1.0
1994-11-02,,,,,0.0,1.0
1994-11-03,,,,,0.0,1.0
1994-11-04,,,,,0.0,1.0
1994-11-07,,,,,0.0,1.0
1994-11-08,,,,,0.0,1.0
1994-11-09,,,,,0.0,1.0
1994-11-10,,,,,0.0,1.0
1994-11-11,,,,,0.0,1.0
1994-11-14,,,,,0.0,1.0
1994-11-15,,,,,0.0,1.0
1994-11-16,,,,,0.0,1.0
1994-11-17,,,,,0.0,1.0
1994-11-18,,,,,0.0,1.0
1994-11-21,,,,,0.0,1.0
1994-11-22,,,,,0.0,1.0
1994-11-23,,,,,0.0,1.0
1994-11-24,,,,,0.0,1.0
1994-11-25,,,,,0.0,1.0
1994-11-28,,,,,0.0,1.0
1994-11-29,,,,,0.0,1.0
1994-11-30,,,,,0.0,1.0
1994-12-01,,,,,0.0,1.0
1994-12-02,,,,,0.0,1.0
1994-12-05,,,,,0.0,1.0
1994-12-06,,,,,0.0,1.0
1994-12-07,,,,,0.0,1.0
1994-12-08,,,,,0.0,1.0
1994-12-09,,,,,0.0,1.0
1994-12-12,,,,,0.0,1.0
1994-12-13,,,,,0.0,1.0
1994-12-14,,,,,0.0,1.0
1994-12-15,,,,,0.0,1.0
1994-12-16,,,,,0.0,1.0
1994-12-19,,,,,0.0,1.0
1994-12-20,,,,,0.0,1.0
1994-12-21,,,,,0.0,1.0
1994-12-22,,,,,0.0,1.0
1994-12-23,,,,,0.0,1.0
1994-12-26,,,,,0.0,1.0
1994-12-27,,,,,0.0,1.0
1994-12-28,,,,,0.0,1.0
1994-12-29,,,,,0.0,1.0
1994-12-30,,,,,0.0,1.0
1995-01-02,,,,,0.0,1.0
1995-01-03,,,,,0.0,1.0
1995-01-04,,,,,0.0,1.0
1995-01-05,,,,,0.0,1.0
1995-01-06,,,,,0.0,1.0
1995-01-09,,,,,0.0,1.0
1995-01-10,,,,,0.0,1.0
1995-01-11,,,,,0.0,1.0
1995-01-12,,,,,0.0,1.0
1995-01-13,,,,,0.0,1.0
1995-01-16,,,,,0.0,1.0
1995-01-17,,,,,0.0,1.0
1995-01-18,,,,,0.0,1.0
1995-01-19,,,,,0.0,1.0
1995-01-20,,,,,0.0,1.0
1995-01-23,,,,,0.0,1.0
1995-01-24,,,,,0.0,1.0
1995-01-25,,,,,0.0,1.0
1995-01-26,,,,,0.0,1.0
1995-01-27,,,,,0.0,1.0
1995-01-30,,,,,0.0,1.0
1995-01-31,,,,,0.0,1.0
1995-02-01,,,,,0.0,1.0
1995-02-02,,,,,0.0,1.0
1995-02-03,,,,,0.0,1.0
1995-02-06,,,,,0.0,1.0
1995-02-07,,,,,0.0,1.0
1995-02-08,,,,,0.0,1.0
1995-02-09,,,,,0.0,1.0
1995-02-10,,,,,0.0,1.0
1995-02-13,,,,,0.0,1.0
1995-02-14,,,,,0.0,1.0
1995-02-15,,,,,0.0,1.0
1995-02-16,,,,,0.0,1.0
1995-02-17,,,,,0.0,1.0
1995-02-20,,,,,0.0,1.0
1995-02-21,,,,,0.0,1.0
1995-02-22,,,,,0.0,1.0
1995-02-23,,,,,0.0,1.0
1995-02-24,,,,,0.0,1.0
1995-02-27,,,,,0.0,1.0
1995-02-28,,,,,0.0,1.0
1995-03-01,,,,,0.0,1.0
1995-03-02,,,,,0.0,1.0
1995-03-03,,,,,0.0,1.0
1995-03-06,,,,,0.0,1.0
1995-03-07,,,,,0.0,1.0
1995-03-08,,,,,0.0,1.0
1995-03-09,,,,,0.0,1.0
1995-03-10,,,,,0.0,1.0
1995-03-13,,,,,0.0,1.0
1995-03-14,,,,,0.0,1.0
1995-03-15,,,,,0.0,1.0
1995-03-16,,,,,0.0,1.0
1995-03-17,,,,,0.0,1.0
1995-03-20,,,,,0.0,1.0
1995-03-21,,,,,0.0,1.0
1995-03-22,,,,,0.0,1.0
1995-03-23,,,,,0.0,1.0
1995-03-24,,,,,0.0,1.0
1995-03-27,,,,,0.0,1.0
1995-03-28,,,,,0.0,1.0
1995-03-29,,,,,0.0,1.0
1995-03-30,,,,,0.0,1.0
1995-03-31,,,,,0.0,1.0
1995-04-03,,,,,0.0,1.0
1995-04-04,,,,,0.0,1.0
1995-04-05,,,,,0.0,1.0
1995-04-06,,,,,0.0,1.0
1995-04-07,,,,,0.0,1.0
1995-04-10,,,,,0.0,1.0
1995-04-11,,,,,0.0,1.0
1995-04-12,,,,,0.0,1.0
1995-04-13,,,,,0.0,1.0
1995-04-14,,,,,0.0,1.0
1995-04-17,,,,,0.0,1.0
1995-04-18,,,,,0.0,1.0
1995-04-19,,,,,0.0,1.0
1995-04-20,,,,,0.0,1.0
1995-04-21,,,,,0.0,1.0
1995-04-24,,,,,0.0,1.0
1995-04-25,,,,,0.0,1.0
1995-04-26,,,,,0.0,1.0
1995-04-27,,,,,0.0,1.0
1995-04-28,,,,,0.0,1.0
1995-05-01,,,,,0.0,1.0
1995-05-02,,,,,0.0,1.0
1995-05-03,,,,,0.0,1.0
1995-05-04,,,,,0.0,1.0
1995-05-05,,,,,0.0,1.0
1995-05-08,,,,,0.0,1.0
1995-05-09,,,,,0.0,1.0
1995-05-10,,,,,0.0,1.0
1995-05-11,,,,,0.0,1.0
1995-05-12,,,,,0.0,1.0
1995-05-15,,,,,0.0,1.0
1995-05-16,,,,,0.0,1.0
1995-05-17,,,,,0.0,1.0
1995-05-18,,,,,0.0,1.0
1995-05-19,,,,,0.0,1.0
1995-05-22,,,,,0.0,1.0
1995-05-23,,,,,0.0,1.0
1995-05-24,,,,,0.0,1.0
1995-05-25,,,,,0.0,1.0
1995-05-26,,,,,0.0,1.0
1995-05-29,,,,,0.0,1.0
1995-05-30,,,,,0.0,1.0
1995-05-31,,,,,0.0,1.0
1995-06-01,,,,,0.0,1.0
1995-06-02,,,,,0.0,1.0
1995-06-05,,,,,0.0,1.0
1995-06-06,,,,,0.0,1.0
1995-06-07,,,,,0.0,1.0
1995-06-08,,,,,0.0,1.0
1995-06-09,,,,,0.0,1.0
1995-06-12,,,,,0.0,1.0
1995-06-13,,,,,0.0,1.0
1995-06-14,,,,,0.0,1.0
1995-06-15,,,,,0.0,1.0
1995-06-16,,,,,0.0,1.0
1995-06-19,,,,,0.0,1.0
1995-06-20,,,,,0.0,1.0
1995-06-21,,,,,0.0,1.0
1995-06-22,,,,,0.0,1.0
1995-06-23,,,,,0.0,1.0
1995-06-26,,,,,0.0,1.0
1995-06-27,,,,,0.0,1.0
1995-06-28,,,,,0.0,1.0
1995-06-29,,,,,0.0,1.0
1995-06-30,,,,,0.0,1.0
1995-07-03,,,,,0.0,1.0
1995-07-04,,,,,0.0,1.0
1995-07-05,,,,,0.0,1.0
1995-07-06,,,,,0.0,1.0
1995-07-07,,,,,0.0,1.0
1995-07-10,,,,,0.0,1.0
1995-07-11,,,,,0.0,1.0
1995-07-12,,,,,0.0,1.0
1995-07-13,,,,,0.0,1.0
1995-07-14,,,,,0.0,1.0
1995-07-17,,,,,0.0,1.0
1995-07-18,,,,,0.0,1.0
1995-07-19,,,,,0.0,1.0
1995-07-20,,,,,0.0,1.0
1995-07-21,,,,,0.0,1.0
1995-07-24,,,,,0.0,1.0
1995-07-25,,,,,0.0,1.0
1995-07-26,,,,,0.0,1.0
1995-07-27,,,,,0.0,1.0
1995-07-28,,,,,0.0,1.0
1995-07-31,,,,,0.0,1.0
1995-08-01,,,,,0.0,1.0
1995-08-02,,,,,0.0,1.0
1995-08-03,,,,,0.0,1.0
1995-08-04,,,,,0.0,1.0
1995-08-07,,,,,0.0,1.0
1995-08-08,,,,,0.0,1.0
1995-08-09,,,,,0.0,1.0
1995-08-10,,,,,0.0,1.0
1995-08-11,,,,,0.0,1.0
1995-08-14,,,,,0.0,1.0
1995-08-15,,,,,0.0,1.0
1995-08-16,,,,,0.0,1.0
1995-08-17,,,,,0.0,1.0
1995-08-18,,,,,0.0,1.0
1995-08-21,,,,,0.0,1.0
1995-08-22,,,,,0.0,1.0
1995-08-23,,,,,0.0,1.0
1995-08-24,,,,,0.0,1.0
1995-08-25,,,,,0.0,1.0
1995-08-28,,,,,0.0,1.0
1995-08-29,,,,,0.0,1.0
1995-08-30,,,,,0.0,1.0
1995-08-31,,,,,0.0,1.0
1995-09-01,,,,,0.0,1.0
1995-09-04,,,,,0.0,1.0
1995-09-05,,,,,0.0,1.0
1995-09-06,,,,,0.0,1.0
1995-09-07,,,,,0.0,1.0
1995-09-08,,,,,0.0,1.0
1995-09-11,,,,,0.0,1.0
1995-09-12,,,,,0.0,1.0
1995-09-13,,,,,0.0,1.0
1995-09-14,,,,,0.0,1.0
1995-09-15,,,,,0.0,1.0
1995-09-18,,,,,0.0,1.0
1995-09-19,,,,,0.0,1.0
1995-09-20,,,,,0.0,1.0
1995-09-21,,,,,0.0,1.0
1995-09-22,,,,,0.0,1.0
1995-09-25,,,,,0.0,1.0
1995-09-26,,,,,0.0,1.0
1995-09-27,,,,,0.0,1.0
1995-09-28,,,,,0.0,1.0
1995-09-29,,,,,0.0,1.0
1995-10-02,,,,,0.0,1.0
1995-10-03,,,,,0.0,1.0
1995-10-04,,,,,0.0,1.0
1995-10-05,,,,,0.0,1.0
1995-10-06,,,,,0.0,1.0
1995-10-09,,,,,0.0,1.0
1995-10-10,,,,,0.0,1.0
1995-10-11,,,,,0.0,1.0
1995-10-12,,,,,0.0,1.0
1995-10-13,,,,,0.0,1.0
1995-10-16,,,,,0.0,1.0
1995-10-17,,,,,0.0,1.0
1995-10-18,,,,,0.0,1.0
1995-10-19,,,,,0.0,1.0
1995-10-20,,,,,0.0,1.0
1995-10-23,,,,,0.0,1.0
1995-10-24,,,,,0.0,1.0
1995-10-25,,,,,0.0,1.0
1995-10-26,,,,,0.0,1.0
1995-10-27,,,,,0.0,1.0
1995-10-30,,,,,0.0,1.0
1995-10-31,,,,,0.0,1.0
1995-11-01,,,,,0.0,1.0
1995-11-02,,,,,0.0,1.0
1995-11-03,,,,,0.0,1.0
1995-11-06,,,,,0.0,1.0
1995-11-07,,,,,0.0,1.0
1995-11-08,,,,,0.0,1.0
1995-11-09,,,,,0.0,1.0
1995-11-10,,,,,0.0,1.0
1995-11-13,,,,,0.0,1.0
1995-11-14,,,,,0.0,1.0
1995-11-15,,,,,0.0,1.0
1995-11-16,,,,,0.0,1.0
1995-11-17,,,,,0.0,1.0
1995-11-20,,,,,0.0,1.0
1995-11-21,,,,,0.0,1.0
1995-11-22,,,,,0.0,1.0
1995-11-23,,,,,0.0,1.0
1995-11-24,,,,,0.0,1.0
1995-11-27,,,,,0.0,1.0
1995-11-28,,,,,0.0,1.0
1995-11-29,,,,,0.0,1.0
1995-11-30,,,,,0.0,1.0
1995-12-01,,,,,0.0,1.0
1995-12-04,,,,,0.0,1.0
1995-12-05,,,,,0.0,1.0
1995-12-06,,,,,0.0,1.0
1995-12-07,,,,,0.0,1.0
1995-12-08,,,,,0.0,1.0
1995-12-11,,,,,0.0,1.0
1995-12-12,,,,,0.0,1.0
1995-12-13,,,,,0.0,1.0
1995-12-14,,,,,0.0,1.0
1995-12-15,,,,,0.0,1.0
1995-12-18,,,,,0.0,1.0
1995-12-19,,,,,0.0,1.0
1995-12-20,,,,,0.0,1.0
1995-12-21,,,,,0.0,1.0
1995-12-22,,,,,0.0,1.0
1995-12-25,,,,,0.0,1.0
1995-12-26,,,,,0.0,1.0
1995-12-27,,,,,0.0,1.0
1995-12-28,,,,,0.0,1.0
1995-12-29,,,,,0.0,1.0
1996-01-01,,,,,0.0,1.0
1996-01-02,,,,,0.0,1.0
1996-01-03,,,,,0.0,1.0
1996-01-04,,,,,0.0,1.0
1996-01-05,,,,,0.0,1.0
1996-01-08,,,,,0.0,1.0
1996-01-09,,,,,0.0,1.0
1996-01-10,,,,,0.0,1.0
1996-01-11,,,,,0.0,1.0
1996-01-12,,,,,0.0,1.0
1996-01-15,,,,,0.0,1.0
1996-01-16,,,,,0.0,1.0
1996-01-17,,,,,0.0,1.0
1996-01-18,,,,,0.0,1.0
1996-01-19,,,,,0.0,1.0
1996-01-22,,,,,0.0,1.0
1996-01-23,,,,,0.0,1.0
1996-01-24,,,,,0.0,1.0
1996-01-25,,,,,0.0,1.0
1996-01-26,,,,,0.0,1.0
1996-01-29,,,,,0.0,1.0
1996-01-30,,,,,0.0,1.0
1996-01-31,,,,,0.0,1.0
1996-02-01,,,,,0.0,1.0
1996-02-02,,,,,0.0,1.0
1996-02-05,,,,,0.0,1.0
1996-02-06,,,,,0.0,1.0
1996-02-07,,,,,0.0,1.0
1996-02-08,,,,,0.0,1.0
1996-02-09,,,,,0.0,1.0
1996-02-12,,,,,0.0,1.0
1996-02-13,,,,,0.0,1.0
1996-02-14,,,,,0.0,1.0
1996-02-15,,,,,0.0,1.0
1996-02-16,,,,,0.0,1.0
1996-02-19,,,,,0.0,1.0
1996-02-20,,,,,0.0,1.0
1996-02-21,,,,,0.0,1.0
1996-02-22,,,,,0.0,1.0
1996-02-23,,,,,0.0,1.0
1996-02-26,,,,,0.0,1.0
1996-02-27,,,,,0.0,1.0
1996-02-28,,,,,0.0,1.0
1996-02-29,,,,,0.0,1.0
1996-03-01,,,,,0.0,1.0
1996-03-04,,,,,0.0,1.0
1996-03-05,,,,,0.0,1.0
1996-03-06,,,,,0.0,1.0
1996-03-07,,,,,0.0,1.0
1996-03-08,,,,,0.0,1.0
1996-03-11,,,,,0.0,1.0
1996-03-12,,,,,0.0,1.0
1996-03-13,,,,,0.0,1.0
1996-03-14,,,,,0.0,1.0
1996-03-15,,,,,0.0,1.0
1996-03-18,,,,,0.0,1.0
1996-03-19,,,,,0.0,1.0
1996-03-20,,,,,0.0,1.0
1996-03-21,,,,,0.0,1.0
1996-03-22,,,,,0.0,1.0
1996-03-25,,,,,0.0,1.0
1996-03-26,,,,,0.0,1.0
1996-03-27,,,,,0.0,1.0
1996-03-28,,,,,0.0,1.0
1996-03-29,,,,,0.0,1.0
1996-04-01,,,,,0.0,1.0
1996-04-02,,,,,0.0,1.0
1996-04-03,,,,,0.0,1.0
1996-04-04,,,,,0.0,1.0
1996-04-05,,,,,0.0,1.0
1996-04-08,,,,,0.0,1.0
1996-04-09,,,,,0.0,1.0
1996-04-10,,,,,0.0,1.0
1996-04-11,,,,,0.0,1.0
1996-04-12,,,,,0.0,1.0
1996-04-15,,,,,0.0,1.0
1996-04-16,,,,,0.0,1.0
1996-04-17,,,,,0.0,1.0
1996-04-18,,,,,0.0,1.0
1996-04-19,,,,,0.0,1.0
1996-04-22,,,,,0.0,1.0
1996-04-23,,,,,0.0,1.0
1996-04-24,,,,,0.0,1.0
1996-04-25,,,,,0.0,1.0
1996-04-26,,,,,0.0,1.0
1996-04-29,,,,,0.0,1.0
1996-04-30,,,,,0.0,1.0
1996-05-01,,,,,0.0,1.0
1996-05-02,,,,,0.0,1.0
1996-05-03,,,,,0.0,1.0
1996-05-06,,,,,0.0,1.0
1996-05-07,,,,,0.0,1.0
1996-05-08,,,,,0.0,1.0
1996-05-09,,,,,0.0,1.0
1996-05-10,,,,,0.0,1.0
1996-05-13,,,,,0.0,1.0
1996-05-14,,,,,0.0,1.0
1996-05-15,,,,,0.0,1.0
1996-05-16,,,,,0.0,1.0
1996-05-17,,,,,0.0,1.0
1996-05-20,,,,,0.0,1.0
1996-05-21,,,,,0.0,1.0
1996-05-22,,,,,0.0,1.0
1996-05-23,,,,,0.0,1.0
1996-05-24,,,,,0.0,1.0
1996-05-27,,,,,0.0,1.0
1996-05-28,,,,,0.0,1.0
1996-05-29,,,,,0.0,1.0
1996-05-30,,,,,0.0,1.0
1996-05-31,,,,,0.0,1.0
1996-06-03,,,,,0.0,1.0
1996-06-04,,,,,0.0,1.0
1996-06-05,,,,,0.0,1.0
1996-06-06,,,,,0.0,1.0
1996-06-07,,,,,0.0,1.0
1996-06-10,,,,,0.0,1.0
1996-06-11,,,,,0.0,1.0
1996-06-12,,,,,0.0,1.0
1996-06-13,,,,,0.0,1.0
1996-06-14,,,,,0.0,1.0
1996-06-17,,,,,0.0,1.0
1996-06-18,,,,,0.0,1.0
1996-06-19,,,,,0.0,1.0
1996-06-20,,,,,0.0,1.0
1996-06-21,,,,,0.0,1.0
1996-06-24,,,,,0.0,1.0
1996-06-25,,,,,0.0,1.0
1996-06-26,,,,,0.0,1.0
1996-06-27,,,,,0.0,1.0
1996-06-28,,,,,0.0,1.0
1996-07-01,,,,,0.0,1.0
1996-07-02,,,,,0.0,1.0
1996-07-03,,,,,0.0,1.0
1996-07-04,,,,,0.0,1.0
1996-07-05,,,,,0.0,1.0
1996-07-08,,,,,0.0,1.0
1996-07-09,,,,,0.0,1.0
1996-07-10,,,,,0.0,1.0
1996-07-11,,,,,0.0,1.0
1996-07-12,,,,,0.0,1.0
1996-07-15,,,,,0.0,1.0
1996-07-16,,,,,0.0,1.0
1996-07-17,,,,,0.0,1.0
1996-07-18,,,,,0.0,1.0
1996-07-19,,,,,0.0,1.0
1996-07-22,,,,,0.0,1.0
1996-07-23,,,,,0.0,1.0
1996-07-24,,,,,0.0,1.0
1996-07-25,,,,,0.0,1.0
1996-07-26,,,,,0.0,1.0
1996-07-29,,,,,0.0,1.0
1996-07-30,,,,,0.0,1.0
1996-07-31,,,,,0.0,1.0
1996-08-01,,,,,0.0,1.0
1996-08-02,,,,,0.0,1.0
1996-08-05,,,,,0.0,1.0
1996-08-06,,,,,0.0,1.0
1996-08-07,,,,,0.0,1.0
1996-08-08,,,,,0.0,1.0
1996-08-09,,,,,0.0,1.0
1996-08-12,,,,,0.0,1.0
1996-08-13,,,,,0.0,1.0
1996-08-14,,,,,0.0,1.0
1996-08-15,,,,,0.0,1.0
1996-08-16,,,,,0.0,1.0
1996-08-19,,,,,0.0,1.0
1996-08-20,,,,,0.0,1.0
1996-08-21,,,,,0.0,1.0
1996-08-22,,,,,0.0,1.0
1996-08-23,,,,,0.0,1.0
1996-08-26,,,,,0.0,1.0
1996-08-27,,,,,0.0,1.0
1996-08-28,,,,,0.0,1.0
1996-08-29,,,,,0.0,1.0
1996-08-30,,,,,0.0,1.0
1996-09-02,,,,,0.0,1.0
1996-09-03,,,,,0.0,1.0
1996-09-04,,,,,0.0,1.0
1996-09-05,,,,,0.0,1.0
1996-09-06,,,,,0.0,1.0
1996-09-09,,,,,0.0,1.0
1996-09-10,,,,,0.0,1.0
1996-09-11,,,,,0.0,1.0
1996-09-12,,,,,0.0,1.0
1996-09-13,,,,,0.0,1.0
1996-09-16,,,,,0.0,1.0
1996-09-17,,,,,0.0,1.0
1996-09-18,,,,,0.0,1.0
1996-09-19,,,,,0.0,1.0
1996-09-20,,,,,0.0,1.0
1996-09-23,,,,,0.0,1.0
1996-09-24,,,,,0.0,1.0
1996-09-25,,,,,0.0,1.0
1996-09-26,,,,,0.0,1.0
1996-09-27,,,,,0.0,1.0
1996-09-30,,,,,0.0,1.0
1996-10-01,,,,,0.0,1.0
1996-10-02,,,,,0.0,1.0
1996-10-03,,,,,0.0,1.0
1996-10-04,,,,,0.0,1.0
1996-10-07,,,,,0.0,1.0
1996-10-08,,,,,0.0,1.0
1996-10-09,,,,,0.0,1.0
1996-10-10,,,,,0.0,1.0
1996-10-11,,,,,0.0,1.0
1996-10-14,,,,,0.0,1.0
1996-10-15,,,,,0.0,1.0
1996-10-16,,,,,0.0,1.0
1996-10-17,,,,,0.0,1.0
1996-10-18,,,,,0.0,1.0
1996-10-21,,,,,0.0,1.0
1996-10-22,,,,,0.0,1.0
1996-10-23,,,,,0.0,1.0
1996-10-24,,,,,0.0,1.0
1996-10-25,,,,,0.0,1.0
1996-10-28,,,,,0.0,1.0
1996-10-29,,,,,0.0,1.0
1996-10-30,,,,,0.0,1.0
1996-10-31,,,,,0.0,1.0
1996-11-01,,,,,0.0,1.0
1996-11-04,,,,,0.0,1.0
1996-11-05,,,,,0.0,1.0
1996-11-06,,,,,0.0,1.0
1996-11-07,,,,,0.0,1.0
1996-11-08,,,,,0.0,1.0
1996-11-11,,,,,0.0,1.0
1996-11-12,,,,,0.0,1.0
1996-11-13,,,,,0.0,1.0
1996-11-14,,,,,0.0,1.0
1996-11-15,,,,,0.0,1.0
1996-11-18,,,,,0.0,1.0
1996-11-19,,,,,0.0,1.0
1996-11-20,,,,,0.0,1.0
1996-11-21,,,,,0.0,1.0
1996-11-22,,,,,0.0,1.0
1996-11-25,,,,,0.0,1.0
1996-11-26,,,,,0.0,1.0
1996-11-27,,,,,0.0,1.0
1996-11-28,,,,,0.0,1.0
1996-11-29,,,,,0.0,1.0
1996-12-02,,,,,0.0,1.0
1996-12-03,,,,,0.0,1.0
1996-12-04,,,,,0.0,1.0
1996-12-05,,,,,0.0,1.0
1996-12-06,,,,,0.0,1.0
1996-12-09,,,,,0.0,1.0
1996-12-10,,,,,0.0,1.0
1996-12-11,,,,,0.0,1.0
1996-12-12,,,,,0.0,1.0
1996-12-13,,,,,0.0,1.0
1996-12-16,,,,,0.0,1.0
1996-12-17,,,,,0.0,1.0
1996-12-18,,,,,0.0,1.0
1996-12-19,,,,,0.0,1.0
1996-12-20,,,,,0.0,1.0
1996-12-23,,,,,0.0,1.0
1996-12-24,,,,,0.0,1.0
1996-12-25,,,,,0.0,1.0
1996-12-26,,,,,0.0,1.0
1996-12-27,,,,,0.0,1.0
1996-12-30,,,,,0.0,1.0
1996-12-31,,,,,0.0,1.0
1997-01-01,,,,,0.0,1.0
1997-01-02,,,,,0.0,1.0
1997-01-03,,,,,0.0,1.0
1997-01-06,,,,,0.0,1.0
1997-01-07,,,,,0.0,1.0
1997-01-08,,,,,0.0,1.0
1997-01-09,,,,,0.0,1.0
1997-01-10,,,,,0.0,1.0
1997-01-13,,,,,0.0,1.0
1997-01-14,,,,,0.0,1.0
1997-01-15,,,,,0.0,1.0
1997-01-16,,,,,0.0,1.0
1997-01-17,,,,,0.0,1.0
1997-01-20,,,,,0.0,1.0
1997-01-21,,,,,0.0,1.0
1997-01-22,,,,,0.0,1.0
1997-01-23,,,,,0.0,1.0
1997-01-24,,,,,0.0,1.0
1997-01-27,,,,,0.0,1.0
1997-01-28,,,,,0.0,1.0
1997-01-29,,,,,0.0,1.0
1997-01-30,,,,,0.0,1.0
1997-01-31,,,,,0.0,1.0
1997-02-03,,,,,0.0,1.0
1997-02-04,,,,,0.0,1.0
1997-02-05,,,,,0.0,1.0
1997-02-06,,,,,0.0,1.0
1997-02-07,,,,,0.0,1.0
1997-02-10,,,,,0.0,1.0
1997-02-11,,,,,0.0,1.0
1997-02-12,,,,,0.0,1.0
1997-02-13,,,,,0.0,1.0
1997-02-14,,,,,0.0,1.0
1997-02-17,,,,,0.0,1.0
1997-02-18,,,,,0.0,1.0
1997-02-19,,,,,0.0,1.0
1997-02-20,,,,,0.0,1.0
1997-02-21,,,,,0.0,1.0
1997-02-24,,,,,0.0,1.0
1997-02-25,,,,,0.0,1.0
1997-02-26,,,,,0.0,1.0
1997-02-27,,,,,0.0,1.0
1997-02-28,,,,,0.0,1.0
1997-03-03,,,,,0.0,1.0
1997-03-04,,,,,0.0,1.0
1997-03-05,,,,,0.0,1.0
1997-03-06,,,,,0.0,1.0
1997-03-07,,,,,0.0,1.0
1997-03-10,,,,,0.0,1.0
1997-03-11,,,,,0.0,1.0
1997-03-12,,,,,0.0,1.0
1997-03-13,,,,,0.0,1.0
1997-03-14,,,,,0.0,1.0
1997-03-17,,,,,0.0,1.0
1997-03-18,,,,,0.0,1.0
1997-03-19,,,,,0.0,1.0
1997-03-20,,,,,0.0,1.0
1997-03-21,,,,,0.0,1.0
1997-03-24,,,,,0.0,1.0
1997-03-25,,,,,0.0,1.0
1997-03-26,,,,,0.0,1.0
1997-03-27,,,,,0.0,1.0
1997-03-28,,,,,0.0,1.0
1997-03-31,,,,,0.0,1.0
1997-04-01,,,,,0.0,1.0
1997-04-02,,,,,0.0,1.0
1997-04-03,,,,,0.0,1.0
1997-04-04,,,,,0.0,1.0
1997-04-07,,,,,0.0,1.0
1997-04-08,,,,,0.0,1.0
1997-04-09,,,,,0.0,1.0
1997-04-10,,,,,0.0,1.0
1997-04-11,,,,,0.0,1.0
1997-04-14,,,,,0.0,1.0
1997-04-15,,,,,0.0,1.0
1997-04-16,,,,,0.0,1.0
1997-04-17,,,,,0.0,1.0
1997-04-18,,,,,0.0,1.0
1997-04-21,,,,,0.0,1.0
1997-04-22,,,,,0.0,1.0
1997-04-23,,,,,0.0,1.0
1997-04-24,,,,,0.0,1.0
1997-04-25,,,,,0.0,1.0
1997-04-28,,,,,0.0,1.0
1997-04-29,,,,,0.0,1.0
1997-04-30,,,,,0.0,1.0
1997-05-01,,,,,0.0,1.0
1997-05-02,,,,,0.0,1.0
1997-05-05,,,,,0.0,1.0
1997-05-06,,,,,0.0,1.0
1997-05-07,,,,,0.0,1.0
1997-05-08,,,,,0.0,1.0
1997-05-09,,,,,0.0,1.0
1997-05-12,,,,,0.0,1.0
1997-05-13,,,,,0.0,1.0
1997-05-14,,,,,0.0,1.0
1997-05-15,,,,,0.0,1.0
1997-05-16,,,,,0.0,1.0
1997-05-19,,,,,0.0,1.0
1997-05-20,,,,,0.0,1.0
1997-05-21,,,,,0.0,1.0
1997-05-22,,,,,0.0,1.0
1997-05-23,,,,,0.0,1.0
1997-05-26,,,,,0.0,1.0
1997-05-27,,,,,0.0,1.0
1997-05-28,,,,,0.0,1.0
1997-05-29,,,,,0.0,1.0
1997-05-30,,,,,0.0,1.0
1997-06-02,,,,,0.0,1.0
1997-06-03,,,,,0.0,1.0
1997-06-04,,,,,0.0,1.0
1997-06-05,,,,,0.0,1.0
1997-06-06,,,,,0.0,1.0
1997-06-09,,,,,0.0,1.0
1997-06-10,,,,,0.0,1.0
1997-06-11,,,,,0.0,1.0
1997-06-12,,,,,0.0,1.0
1997-06-13,,,,,0.0,1.0
1997-06-16,,,,,0.0,1.0
1997-06-17,,,,,0.0,1.0
1997-06-18,,,,,0.0,1.0
1997-06-19,,,,,0.0,1.0
1997-06-20,,,,,0.0,1.0
1997-06-23,,,,,0.0,1.0
1997-06-24,,,,,0.0,1.0
1997-06-25,,,,,0.0,1.0
1997-06-26,,,,,0.0,1.0
1997-06-27,,,,,0.0,1.0
1997-06-30,,,,,0.0,1.0
1997-07-01,,,,,0.0,1.0
1997-07-02,,,,,0.0,1.0
1997-07-03,,,,,0.0,1.0
1997-07-04,,,,,0.0,1.0
1997-07-07,,,,,0.0,1.0
1997-07-08,,,,,0.0,1.0
1997-07-09,,,,,0.0,1.0
1997-07-10,,,,,0.0,1.0
1997-07-11,,,,,0.0,1.0
1997-07-14,,,,,0.0,1.0
1997-07-15,,,,,0.0,1.0
1997-07-16,,,,,0.0,1.0
1997-07-17,,,,,0.0,1.0
1997-07-18,,,,,0.0,1.0
1997-07-21,,,,,0.0,1.0
1997-07-22,,,,,0.0,1.0
1997-07-23,,,,,0.0,1.0
1997-07-24,,,,,0.0,1.0
1997-07-25,,,,,0.0,1.0
1997-07-28,,,,,0.0,1.0
1997-07-29,,,,,0.0,1.0
1997-07-30,,,,,0.0,1.0
1997-07-31,,,,,0.0,1.0
1997-08-01,,,,,0.0,1.0
1997-08-04,,,,,0.0,1.0
1997-08-05,,,,,0.0,1.0
1997-08-06,,,,,0.0,1.0
1997-08-07,,,,,0.0,1.0
1997-08-08,,,,,0.0,1.0
1997-08-11,,,,,0.0,1.0
1997-08-12,,,,,0.0,1.0
1997-08-13,,,,,0.0,1.0
1997-08-14,,,,,0.0,1.0
1997-08-15,,,,,0.0,1.0
1997-08-18,,,,,0.0,1.0
1997-08-19,,,,,0.0,1.0
1997-08-20,,,,,0.0,1.0
1997-08-21,,,,,0.0,1.0
1997-08-22,,,,,0.0,1.0
1997-08-25,,,,,0.0,1.0
1997-08-26,,,,,0.0,1.0
1997-08-27,,,,,0.0,1.0
1997-08-28,,,,,0.0,1.0
1997-08-29,,,,,0.0,1.0
1997-09-01,,,,,0.0,1.0
1997-09-02,,,,,0.0,1.0
1997-09-03,,,,,0.0,1.0
1997-09-04,,,,,0.0,1.0
1997-09-05,,,,,0.0,1.0
1997-09-08,,,,,0.0,1.0
1997-09-09,,,,,0.0,1.0
1997-09-10,,,,,0.0,1.0
1997-09-11,,,,,0.0,1.0
1997-09-12,,,,,0.0,1.0
1997-09-15,,,,,0.0,1.0
1997-09-16,,,,,0.0,1.0
1997-09-17,,,,,0.0,1.0
1997-09-18,,,,,0.0,1.0
1997-09-19,,,,,0.0,1.0
1997-09-22,,,,,0.0,1.0
1997-09-23,,,,,0.0,1.0
1997-09-24,,,,,0.0,1.0
1997-09-25,,,,,0.0,1.0
1997-09-26,,,,,0.0,1.0
1997-09-29,,,,,0.0,1.0
1997-09-30,,,,,0.0,1.0
1997-10-01,,,,,0.0,1.0
1997-10-02,,,,,0.0,1.0
1997-10-03,,,,,0.0,1.0
1997-10-06,,,,,0.0,1.0
1997-10-07,,,,,0.0,1.0
1997-10-08,,,,,0.0,1.0
1997-10-09,,,,,0.0,1.0
1997-10-10,,,,,0.0,1.0
1997-10-13,,,,,0.0,1.0
1997-10-14,,,,,0.0,1.0
1997-10-15,,,,,0.0,1.0
1997-10-16,,,,,0.0,1.0
1997-10-17,,,,,0.0,1.0
1997-10-20,,,,,0.0,1.0
1997-10-21,,,,,0.0,1.0
1997-10-22,,,,,0.0,1.0
1997-10-23,,,,,0.0,1.0
1997-10-24,,,,,0.0,1.0
1997-10-27,,,,,0.0,1.0
1997-10-28,,,,,0.0,1.0
1997-10-29,,,,,0.0,1.0
1997-10-30,,,,,0.0,1.0
1997-10-31,,,,,0.0,1.0
1997-11-03,,,,,0.0,1.0
1997-11-04,,,,,0.0,1.0
1997-11-05,,,,,0.0,1.0
1997-11-06,,,,,0.0,1.0
1997-11-07,,,,,0.0,1.0
1997-11-10,,,,,0.0,1.0
1997-11-11,,,,,0.0,1.0
1997-11-12,,,,,0.0,1.0
1997-11-13,,,,,0.0,1.0
1997-11-14,,,,,0.0,1.0
1997-11-17,,,,,0.0,1.0
1997-11-18,,,,,0.0,1.0
1997-11-19,,,,,0.0,1.0
1997-11-20,,,,,0.0,1.0
1997-11-21,,,,,0.0,1.0
1997-11-24,,,,,0.0,1.0
1997-11-25,,,,,0.0,1.0
1997-11-26,,,,,0.0,1.0
1997-11-27,,,,,0.0,1.0
1997-11-28,,,,,0.0,1.0
1997-12-01,,,,,0.0,1.0
1997-12-02,,,,,0.0,1.0
1997-12-03,,,,,0.0,1.0
1997-12-04,,,,,0.0,1.0
1997-12-05,,,,,0.0,1.0
1997-12-08,,,,,0.0,1.0
1997-12-09,,,,,0.0,1.0
1997-12-10,,,,,0.0,1.0
1997-12-11,,,,,0.0,1.0
1997-12-12,,,,,0.0,1.0
1997-12-15,,,,,0.0,1.0
1997-12-16,,,,,0.0,1.0
1997-12-17,,,,,0.0,1.0
1997-12-18,,,,,0.0,1.0
1997-12-19,,,,,0.0,1.0
1997-12-22,,,,,0.0,1.0
1997-12-23,,,,,0.0,1.0
1997-12-24,,,,,0.0,1.0
1997-12-25,,,,,0.0,1.0
1997-12-26,,,,,0.0,1.0
1997-12-29,,,,,0.0,1.0
1997-12-30,,,,,0.0,1.0
1997-12-31,,,,,0.0,1.0
1998-01-01,,,,,0.0,1.0
1998-01-02,,,,,0.0,1.0
1998-01-05,,,,,0.0,1.0
1998-01-06,,,,,0.0,1.0
1998-01-07,,,,,0.0,1.0
1998-01-08,,,,,0.0,1.0
1998-01-09,,,,,0.0,1.0
1998-01-12,,,,,0.0,1.0
1998-01-13,,,,,0.0,1.0
1998-01-14,,,,,0.0,1.0
1998-01-15,,,,,0.0,1.0
1998-01-16,,,,,0.0,1.0
1998-01-19,,,,,0.0,1.0
1998-01-20,,,,,0.0,1.0
1998-01-21,,,,,0.0,1.0
1998-01-22,,,,,0.0,1.0
1998-01-23,,,,,0.0,1.0
1998-01-26,,,,,0.0,1.0
1998-01-27,,,,,0.0,1.0
1998-01-28,,,,,0.0,1.0
1998-01-29,,,,,0.0,1.0
1998-01-30,,,,,0.0,1.0
1998-02-02,,,,,0.0,1.0
1998-02-03,,,,,0.0,1.0
1998-02-04,,,,,0.0,1.0
1998-02-05,,,,,0.0,1.0
1998-02-06,,,,,0.0,1.0
1998-02-09,,,,,0.0,1.0
1998-02-10,,,,,0.0,1.0
1998-02-11,,,,,0.0,1.0
1998-02-12,,,,,0.0,1.0
1998-02-13,,,,,0.0,1.0
1998-02-16,,,,,0.0,1.0
1998-02-17,,,,,0.0,1.0
1998-02-18,,,,,0.0,1.0
1998-02-19,,,,,0.0,1.0
1998-02-20,,,,,0.0,1.0
1998-02-23,,,,,0.0,1.0
1998-02-24,,,,,0.0,1.0
1998-02-25,,,,,0.0,1.0
1998-02-26,,,,,0.0,1.0
1998-02-27,,,,,0.0,1.0
1998-03-02,,,,,0.0,1.0
1998-03-03,,,,,0.0,1.0
1998-03-04,,,,,0.0,1.0
1998-03-05,,,,,0.0,1.0
1998-03-06,,,,,0.0,1.0
1998-03-09,,,,,0.0,1.0
1998-03-10,,,,,0.0,1.0
1998-03-11,,,,,0.0,1.0
1998-03-12,,,,,0.0,1.0
1998-03-13,,,,,0.0,1.0
1998-03-16,,,,,0.0,1.0
1998-03-17,,,,,0.0,1.0
1998-03-18,,,,,0.0,1.0
1998-03-19,,,,,0.0,1.0
1998-03-20,,,,,0.0,1.0
1998-03-23,,,,,0.0,1.0
1998-03-24,,,,,0.0,1.0
1998-03-25,,,,,0.0,1.0
1998-03-26,,,,,0.0,1.0
1998-03-27,,,,,0.0,1.0
1998-03-30,,,,,0.0,1.0
1998-03-31,,,,,0.0,1.0
1998-04-01,,,,,0.0,1.0
1998-04-02,,,,,0.0,1.0
1998-04-03,,,,,0.0,1.0
1998-04-06,,,,,0.0,1.0
1998-04-07,,,,,0.0,1.0
1998-04-08,,,,,0.0,1.0
1998-04-09,,,,,0.0,1.0
1998-04-10,,,,,0.0,1.0
1998-04-13,,,,,0.0,1.0
1998-04-14,,,,,0.0,1.0
1998-04-15,,,,,0.0,1.0
1998-04-16,,,,,0.0,1.0
1998-04-17,,,,,0.0,1.0
1998-04-20,,,,,0.0,1.0
1998-04-21,,,,,0.0,1.0
1998-04-22,,,,,0.0,1.0
1998-04-23,,,,,0.0,1.0
1998-04-24,,,,,0.0,1.0
1998-04-27,,,,,0.0,1.0
1998-04-28,,,,,0.0,1.0
1998-04-29,,,,,0.0,1.0
1998-04-30,,,,,0.0,1.0
1998-05-01,,,,,0.0,1.0
1998-05-04,,,,,0.0,1.0
1998-05-05,,,,,0.0,1.0
1998-05-06,,,,,0.0,1.0
1998-05-07,,,,,0.0,1.0
1998-05-08,,,,,0.0,1.0
1998-05-11,,,,,0.0,1.0
1998-05-12,,,,,0.0,1.0
1998-05-13,,,,,0.0,1.0
1998-05-14,,,,,0.0,1.0
1998-05-15,,,,,0.0,1.0
1998-05-18,,,,,0.0,1.0
1998-05-19,,,,,0.0,1.0
1998-05-20,,,,,0.0,1.0
1998-05-21,,,,,0.0,1.0
1998-05-22,,,,,0.0,1.0
1998-05-25,,,,,0.0,1.0
1998-05-26,,,,,0.0,1.0
1998-05-27,,,,,0.0,1.0
1998-05-28,,,,,0.0,1.0
1998-05-29,,,,,0.0,1.0
1998-06-01,,,,,0.0,1.0
1998-06-02,,,,,0.0,1.0
1998-06-03,,,,,0.0,1.0
1998-06-04,,,,,0.0,1.0
1998-06-05,,,,,0.0,1.0
1998-06-08,,,,,0.0,1.0
1998-06-09,,,,,0.0,1.0
1998-06-10,,,,,0.0,1.0
1998-06-11,,,,,0.0,1.0
1998-06-12,,,,,0.0,1.0
1998-06-15,,,,,0.0,1.0
1998-06-16,,,,,0.0,1.0
1998-06-17,,,,,0.0,1.0
1998-06-18,,,,,0.0,1.0
1998-06-19,,,,,0.0,1.0
1998-06-22,,,,,0.0,1.0
1998-06-23,,,,,0.0,1.0
1998-06-24,,,,,0.0,1.0
1998-06-25,,,,,0.0,1.0
1998-06-26,,,,,0.0,1.0
1998-06-29,,,,,0.0,1.0
1998-06-30,,,,,0.0,1.0
1998-07-01,,,,,0.0,1.0
1998-07-02,,,,,0.0,1.0
1998-07-03,,,,,0.0,1.0
1998-07-06,,,,,0.0,1.0
1998-07-07,,,,,0.0,1.0
1998-07-08,,,,,0.0,1.0
1998-07-09,,,,,0.0,1.0
1998-07-10,,,,,0.0,1.0
1998-07-13,,,,,0.0,1.0
1998-07-14,,,,,0.0,1.0
1998-07-15,,,,,0.0,1.0
1998-07-16,,,,,0.0,1.0
1998-07-17,,,,,0.0,1.0
1998-07-20,,,,,0.0,1.0
1998-07-21,,,,,0.0,1.0
1998-07-22,,,,,0.0,1.0
1998-07-23,,,,,0.0,1.0
1998-07-24,,,,,0.0,1.0
1998-07-27,,,,,0.0,1.0
1998-07-28,,,,,0.0,1.0
1998-07-29,,,,,0.0,1.0
1998-07-30,,,,,0.0,1.0
1998-07-31,,,,,0.0,1.0
1998-08-03,,,,,0.0,1.0
1998-08-04,,,,,0.0,1.0
1998-08-05,,,,,0.0,1.0
1998-08-06,,,,,0.0,1.0
1998-08-07,,,,,0.0,1.0
1998-08-10,,,,,0.0,1.0
1998-08-11,,,,,0.0,1.0
1998-08-12,,,,,0.0,1.0
1998-08-13,,,,,0.0,1.0
1998-08-14,,,,,0.0,1.0
1998-08-17,,,,,0.0,1.0
1998-08-18,,,,,0.0,1.0
1998-08-19,,,,,0.0,1.0
1998-08-20,,,,,0.0,1.0
1998-08-21,,,,,0.0,1.0
1998-08-24,,,,,0.0,1.0
1998-08-25,,,,,0.0,1.0
1998-08-26,,,,,0.0,1.0
1998-08-27,,,,,0.0,1.0
1998-08-28,,,,,0.0,1.0
1998-08-31,,,,,0.0,1.0
1998-09-01,,,,,0.0,1.0
1998-09-02,,,,,0.0,1.0
1998-09-03,,,,,0.0,1.0
1998-09-04,,,,,0.0,1.0
1998-09-07,,,,,0.0,1.0
1998-09-08,,,,,0.0,1.0
1998-09-09,,,,,0.0,1.0
1998-09-10,,,,,0.0,1.0
1998-09-11,,,,,0.0,1.0
1998-09-14,,,,,0.0,1.0
1998-09-15,,,,,0.0,1.0
1998-09-16,,,,,0.0,1.0
1998-09-17,,,,,0.0,1.0
1998-09-18,,,,,0.0,1.0
1998-09-21,,,,,0.0,1.0
1998-09-22,,,,,0.0,1.0
1998-09-23,,,,,0.0,1.0
1998-09-24,,,,,0.0,1.0
1998-09-25,,,,,0.0,1.0
1998-09-28,,,,,0.0,1.0
1998-09-29,,,,,0.0,1.0
1998-09-30,,,,,0.0,1.0
1998-10-01,,,,,0.0,1.0
1998-10-02,,,,,0.0,1.0
1998-10-05,,,,,0.0,1.0
1998-10-06,,,,,0.0,1.0
1998-10-07,,,,,0.0,1.0
1998-10-08,,,,,0.0,1.0
1998-10-09,,,,,0.0,1.0
1998-10-12,,,,,0.0,1.0
1998-10-13,,,,,0.0,1.0
1998-10-14,,,,,0.0,1.0
1998-10-15,,,,,0.0,1.0
1998-10-16,,,,,0.0,1.0
1998-10-19,,,,,0.0,1.0
1998-10-20,,,,,0.0,1.0
1998-10-21,,,,,0.0,1.0
1998-10-22,,,,,0.0,1.0
1998-10-23,,,,,0.0,1.0
1998-10-26,,,,,0.0,1.0
1998-10-27,,,,,0.0,1.0
1998-10-28,,,,,0.0,1.0
1998-10-29,,,,,0.0,1.0
1998-10-30,,,,,0.0,1.0
1998-11-02,,,,,0.0,1.0
1998-11-03,,,,,0.0,1.0
1998-11-04,,,,,0.0,1.0
1998-11-05,,,,,0.0,1.0
1998-11-06,,,,,0.0,1.0
1998-11-09,,,,,0.0,1.0
1998-11-10,,,,,0.0,1.0
1998-11-11,,,,,0.0,1.0
1998-11-12,,,,,0.0,1.0
1998-11-13,,,,,0.0,1.0
1998-11-16,,,,,0.0,1.0
1998-11-17,,,,,0.0,1.0
1998-11-18,,,,,0.0,1.0
1998-11-19,,,,,0.0,1.0
1998-11-20,,,,,0.0,1.0
1998-11-23,,,,,0.0,1.0
1998-11-24,,,,,0.0,1.0
1998-11-25,,,,,0.0,1.0
1998-11-26,,,,,0.0,1.0
1998-11-27,,,,,0.0,1.0
1998-11-30,,,,,0.0,1.0
1998-12-01,,,,,0.0,1.0
1998-12-02,,,,,0.0,1.0
1998-12-03,,,,,0.0,1.0
1998-12-04,,,,,0.0,1.0
1998-12-07,,,,,0.0,1.0
1998-12-08,,,,,0.0,1.0
1998-12-09,,,,,0.0,1.0
1998-12-10,,,,,0.0,1.0
1998-12-11,,,,,0.0,1.0
1998-12-14,,,,,0.0,1.0
1998-12-15,,,,,0.0,1.0
1998-12-16,,,,,0.0,1.0
1998-12-17,,,,,0.0,1.0
1998-12-18,,,,,0.0,1.0
1998-12-21,,,,,0.0,1.0
1998-12-22,,,,,0.0,1.0
1998-12-23,,,,,0.0,1.0
1998-12-24,,,,,0.0,1.0
1998-12-25,,,,,0.0,1.0
1998-12-28,,,,,0.0,1.0
1998-12-29,,,,,0.0,1.0
1998-12-30,,,,,0.0,1.0
1998-12-31,,,,,0.0,1.0
1999-01-01,,,,,0.0,1.0
1999-01-04,,,,,0.0,1.0
1999-01-05,,,,,0.0,1.0
1999-01-06,,,,,0.0,1.0
1999-01-07,,,,,0.0,1.0
1999-01-08,,,,,0.0,1.0
1999-01-11,,,,,0.0,1.0
1999-01-12,,,,,0.0,1.0
1999-01-13,,,,,0.0,1.0
1999-01-14,,,,,0.0,1.0
1999-01-15,,,,,0.0,1.0
1999-01-18,,,,,0.0,1.0
1999-01-19,,,,,0.0,1.0
1999-01-20,,,,,0.0,1.0
1999-01-21,,,,,0.0,1.0
1999-01-22,,,,,0.0,1.0
1999-01-25,,,,,0.0,1.0
1999-01-26,,,,,0.0,1.0
1999-01-27,,,,,0.0,1.0
1999-01-28,,,,,0.0,1.0
1999-01-29,,,,,0.0,1.0
1999-02-01,,,,,0.0,1.0
1999-02-02,,,,,0.0,1.0
1999-02-03,,,,,0.0,1.0
1999-02-04,,,,,0.0,1.0
1999-02-05,,,,,0.0,1.0
1999-02-08,,,,,0.0,1.0
1999-02-09,,,,,0.0,1.0
1999-02-10,,,,,0.0,1.0
1999-02-11,,,,,0.0,1.0
1999-02-12,,,,,0.0,1.0
1999-02-15,,,,,0.0,1.0
1999-02-16,,,,,0.0,1.0
1999-02-17,,,,,0.0,1.0
1999-02-18,,,,,0.0,1.0
1999-02-19,,,,,0.0,1.0
1999-02-22,,,,,0.0,1.0
1999-02-23,,,,,0.0,1.0
1999-02-24,,,,,0.0,1.0
1999-02-25,,,,,0.0,1.0
1999-02-26,,,,,0.0,1.0
1999-03-01,,,,,0.0,1.0
1999-03-02,,,,,0.0,1.0
1999-03-03,,,,,0.0,1.0
1999-03-04,,,,,0.0,1.0
1999-03-05,,,,,0.0,1.0
1999-03-08,,,,,0.0,1.0
1999-03-09,,,,,0.0,1.0
1999-03-10,,,,,0.0,1.0
1999-03-11,,,,,0.0,1.0
1999-03-12,,,,,0.0,1.0
1999-03-15,,,,,0.0,1.0
1999-03-16,,,,,0.0,1.0
1999-03-17,,,,,0.0,1.0
1999-03-18,,,,,0.0,1.0
1999-03-19,,,,,0.0,1.0
1999-03-22,,,,,0.0,1.0
1999-03-23,,,,,0.0,1.0
1999-03-24,,,,,0.0,1.0
1999-03-25,,,,,0.0,1.0
1999-03-26,,,,,0.0,1.0
1999-03-29,,,,,0.0,1.0
1999-03-30,,,,,0.0,1.0
1999-03-31,,,,,0.0,1.0
1999-04-01,,,,,0.0,1.0
1999-04-02,,,,,0.0,1.0
1999-04-05,,,,,0.0,1.0
1999-04-06,,,,,0.0,1.0
1999-04-07,,,,,0.0,1.0
1999-04-08,,,,,0.0,1.0
1999-04-09,,,,,0.0,1.0
1999-04-12,,,,,0.0,1.0
1999-04-13,,,,,0.0,1.0
1999-04-14,,,,,0.0,1.0
1999-04-15,,,,,0.0,1.0
1999-04-16,,,,,0.0,1.0
1999-04-19,,,,,0.0,1.0
1999-04-20,,,,,0.0,1.0
1999-04-21,,,,,0.0,1.0
1999-04-22,,,,,0.0,1.0
1999-04-23,,,,,0.0,1.0
1999-04-26,,,,,0.0,1.0
1999-04-27,,,,,0.0,1.0
1999-04-28,,,,,0.0,1.0
1999-04-29,,,,,0.0,1.0
1999-04-30,,,,,0.0,1.0
1999-05-03,,,,,0.0,1.0
1999-05-04,,,,,0.0,1.0
1999-05-05,,,,,0.0,1.0
1999-05-06,,,,,0.0,1.0
1999-05-07,,,,,0.0,1.0
1999-05-10,,,,,0.0,1.0
1999-05-11,,,,,0.0,1.0
1999-05-12,,,,,0.0,1.0
1999-05-13,,,,,0.0,1.0
1999-05-14,,,,,0.0,1.0
1999-05-17,,,,,0.0,1.0
1999-05-18,,,,,0.0,1.0
1999-05-19,,,,,0.0,1.0
1999-05-20,,,,,0.0,1.0
1999-05-21,,,,,0.0,1.0
1999-05-24,,,,,0.0,1.0
1999-05-25,,,,,0.0,1.0
1999-05-26,,,,,0.0,1.0
1999-05-27,,,,,0.0,1.0
1999-05-28,,,,,0.0,1.0
1999-05-31,,,,,0.0,1.0
1999-06-01,,,,,0.0,1.0
1999-06-02,,,,,0.0,1.0
1999-06-03,,,,,0.0,1.0
1999-06-04,,,,,0.0,1.0
1999-06-07,,,,,0.0,1.0
1999-06-08,,,,,0.0,1.0
1999-06-09,,,,,0.0,1.0
1999-06-10,,,,,0.0,1.0
1999-06-11,,,,,0.0,1.0
1999-06-14,,,,,0.0,1.0
1999-06-15,,,,,0.0,1.0
1999-06-16,,,,,0.0,1.0
1999-06-17,,,,,0.0,1.0
1999-06-18,,,,,0.0,1.0
1999-06-21,,,,,0.0,1.0
1999-06-22,,,,,0.0,1.0
1999-06-23,,,,,0.0,1.0
1999-06-24,,,,,0.0,1.0
1999-06-25,,,,,0.0,1.0
1999-06-28,,,,,0.0,1.0
1999-06-29,,,,,0.0,1.0
1999-06-30,,,,,0.0,1.0
1999-07-01,,,,,0.0,1.0
1999-07-02,,,,,0.0,1.0
1999-07-05,,,,,0.0,1.0
1999-07-06,,,,,0.0,1.0
1999-07-07,,,,,0.0,1.0
1999-07-08,,,,,0.0,1.0
1999-07-09,,,,,0.0,1.0
1999-07-12,,,,,0.0,1.0
1999-07-13,,,,,0.0,1.0
1999-07-14,,,,,0.0,1.0
1999-07-15,,,,,0.0,1.0
1999-07-16,,,,,0.0,1.0
1999-07-19,,,,,0.0,1.0
1999-07-20,,,,,0.0,1.0
1999-07-21,,,,,0.0,1.0
1999-07-22,,,,,0.0,1.0
1999-07-23,,,,,0.0,1.0
1999-07-26,,,,,0.0,1.0
1999-07-27,,,,,0.0,1.0
1999-07-28,,,,,0.0,1.0
1999-07-29,,,,,0.0,1.0
1999-07-30,,,,,0.0,1.0
1999-08-02,,,,,0.0,1.0
1999-08-03,,,,,0.0,1.0
1999-08-04,,,,,0.0,1.0
1999-08-05,,,,,0.0,1.0
1999-08-06,,,,,0.0,1.0
1999-08-09,,,,,0.0,1.0
1999-08-10,,,,,0.0,1.0
1999-08-11,,,,,0.0,1.0
1999-08-12,,,,,0.0,1.0
1999-08-13,,,,,0.0,1.0
1999-08-16,,,,,0.0,1.0
1999-08-17,,,,,0.0,1.0
1999-08-18,,,,,0.0,1.0
1999-08-19,,,,,0.0,1.0
1999-08-20,,,,,0.0,1.0
1999-08-23,,,,,0.0,1.0
1999-08-24,,,,,0.0,1.0
1999-08-25,,,,,0.0,1.0
1999-08-26,,,,,0.0,1.0
1999-08-27,,,,,0.0,1.0
1999-08-30,,,,,0.0,1.0
1999-08-31,,,,,0.0,1.0
1999-09-01,,,,,0.0,1.0
1999-09-02,,,,,0.0,1.0
1999-09-03,,,,,0.0,1.0
1999-09-06,,,,,0.0,1.0
1999-09-07,,,,,0.0,1.0
1999-09-08,,,,,0.0,1.0
1999-09-09,,,,,0.0,1.0
1999-09-10,,,,,0.0,1.0
1999-09-13,,,,,0.0,1.0
1999-09-14,,,,,0.0,1.0
1999-09-15,,,,,0.0,1.0
1999-09-16,,,,,0.0,1.0
1999-09-17,,,,,0.0,1.0
1999-09-20,,,,,0.0,1.0
1999-09-21,,,,,0.0,1.0
1999-09-22,,,,,0.0,1.0
1999-09-23,,,,,0.0,1.0
1999-09-24,,,,,0.0,1.0
1999-09-27,,,,,0.0,1.0
1999-09-28,,,,,0.0,1.0
1999-09-29,,,,,0.0,1.0
1999-09-30,,,,,0.0,1.0
1999-10-01,,,,,0.0,1.0
1999-10-04,,,,,0.0,1.0
1999-10-05,,,,,0.0,1.0
1999-10-06,,,,,0.0,1.0
1999-10-07,,,,,0.0,1.0
1999-10-08,,,,,0.0,1.0
1999-10-11,,,,,0.0,1.0
1999-10-12,,,,,0.0,1.0
1999-10-13,,,,,0.0,1.0
1999-10-14,,,,,0.0,1.0
1999-10-15,,,,,0.0,1.0
1999-10-18,,,,,0.0,1.0
1999-10-19,,,,,0.0,1.0
1999-10-20,,,,,0.0,1.0
1999-10-21,,,,,0.0,1.0
1999-10-22,,,,,0.0,1.0
1999-10-25,,,,,0.0,1.0
1999-10-26,,,,,0.0,1.0
1999-10-27,,,,,0.0,1.0
1999-10-28,,,,,0.0,1.0
1999-10-29,,,,,0.0,1.0
1999-11-01,,,,,0.0,1.0
1999-11-02,,,,,0.0,1.0
1999-11-03,,,,,0.0,1.0
1999-11-04,,,,,0.0,1.0
1999-11-05,,,,,0.0,1.0
1999-11-08,,,,,0.0,1.0
1999-11-09,,,,,0.0,1.0
1999-11-10,,,,,0.0,1.0
1999-11-11,,,,,0.0,1.0
1999-11-12,,,,,0.0,1.0
1999-11-15,,,,,0.0,1.0
1999-11-16,,,,,0.0,1.0
1999-11-17,,,,,0.0,1.0
1999-11-18,,,,,0.0,1.0
1999-11-19,,,,,0.0,1.0
1999-11-22,,,,,0.0,1.0
1999-11-23,,,,,0.0,1.0
1999-11-24,,,,,0.0,1.0
1999-11-25,,,,,0.0,1.0
1999-11-26,,,,,0.0,1.0
1999-11-29,,,,,0.0,1.0
1999-11-30,,,,,0.0,1.0
1999-12-01,,,,,0.0,1.0
1999-12-02,,,,,0.0,1.0
1999-12-03,,,,,0.0,1.0
1999-12-06,,,,,0.0,1.0
1999-12-07,,,,,0.0,1.0
1999-12-08,,,,,0.0,1.0
1999-12-09,,,,,0.0,1.0
1999-12-10,,,,,0.0,1.0
1999-12-13,,,,,0.0,1.0
1999-12-14,,,,,0.0,1.0
1999-12-15,,,,,0.0,1.0
1999-12-16,,,,,0.0,1.0
1999-12-17,,,,,0.0,1.0
1999-12-20,,,,,0.0,1.0
1999-12-21,,,,,0.0,1.0
1999-12-22,,,,,0.0,1.0
1999-12-23,,,,,0.0,1.0
1999-12-24,,,,,0.0,1.0
1999-12-27,,,,,0.0,1.0
1999-12-28,,,,,0.0,1.0
1999-12-29,,,,,0.0,1.0
1999-12-30,,,,,0.0,1.0
1999-12-31,,,,,0.0,1.0
2000-01-03,,,,,0.0,1.0
2000-01-04,,,,,0.0,1.0
2000-01-05,,,,,0.0,1.0
2000-01-06,,,,,0.0,1.0
2000-01-07,,,,,0.0,1.0
2000-01-10,,,,,0.0,1.0
2000-01-11,,,,,0.0,1.0
2000-01-12,,,,,0.0,1.0
2000-01-13,,,,,0.0,1.0
2000-01-14,,,,,0.0,1.0
2000-01-17,,,,,0.0,1.0
2000-01-18,,,,,0.0,1.0
2000-01-19,,,,,0.0,1.0
2000-01-20,,,,,0.0,1.0
2000-01-21,,,,,0.0,1.0
2000-01-24,,,,,0.0,1.0
2000-01-25,,,,,0.0,1.0
2000-01-26,,,,,0.0,1.0
2000-01-27,,,,,0.0,1.0
2000-01-28,,,,,0.0,1.0
2000-01-31,,,,,0.0,1.0
2000-02-01,,,,,0.0,1.0
2000-02-02,,,,,0.0,1.0
2000-02-03,,,,,0.0,1.0
2000-02-04,,,,,0.0,1.0
2000-02-07,,,,,0.0,1.0
2000-02-08,,,,,0.0,1.0
2000-02-09,,,,,0.0,1.0
2000-02-10,,,,,0.0,1.0
2000-02-11,,,,,0.0,1.0
2000-02-14,,,,,0.0,1.0
2000-02-15,,,,,0.0,1.0
2000-02-16,,,,,0.0,1.0
2000-02-17,,,,,0.0,1.0
2000-02-18,,,,,0.0,1.0
2000-02-21,,,,,0.0,1.0
2000-02-22,,,,,0.0,1.0
2000-02-23,,,,,0.0,1.0
2000-02-24,,,,,0.0,1.0
2000-02-25,,,,,0.0,1.0
2000-02-28,,,,,0.0,1.0
2000-02-29,,,,,0.0,1.0
2000-03-01,,,,,0.0,1.0
2000-03-02,,,,,0.0,1.0
2000-03-03,,,,,0.0,1.0
2000-03-06,,,,,0.0,1.0
2000-03-07,,,,,0.0,1.0
2000-03-08,,,,,0.0,1.0
2000-03-09,,,,,0.0,1.0
2000-03-10,,,,,0.0,1.0
2000-03-13,,,,,0.0,1.0
2000-03-14,,,,,0.0,1.0
2000-03-15,,,,,0.0,1.0
2000-03-16,,,,,0.0,1.0
2000-03-17,,,,,0.0,1.0
2000-03-20,,,,,0.0,1.0
2000-03-21,,,,,0.0,1.0
2000-03-22,,,,,0.0,1.0
2000-03-23,,,,,0.0,1.0
2000-03-24,,,,,0.0,1.0
2000-03-27,,,,,0.0,1.0
2000-03-28,,,,,0.0,1.0
2000-03-29,,,,,0.0,1.0
2000-03-30,,,,,0.0,1.0
2000-03-31,,,,,0.0,1.0
2000-04-03,,,,,0.0,1.0
2000-04-04,,,,,0.0,1.0
2000-04-05,,,,,0.0,1.0
2000-04-06,,,,,0.0,1.0
2000-04-07,,,,,0.0,1.0
2000-04-10,,,,,0.0,1.0
2000-04-11,,,,,0.0,1.0
2000-04-12,,,,,0.0,1.0
2000-04-13,,,,,0.0,1.0
2000-04-14,,,,,0.0,1.0
2000-04-17,,,,,0.0,1.0
2000-04-18,,,,,0.0,1.0
2000-04-19,,,,,0.0,1.0
2000-04-20,,,,,0.0,1.0
2000-04-21,,,,,0.0,1.0
2000-04-24,,,,,0.0,1.0
2000-04-25,,,,,0.0,1.0
2000-04-26,,,,,0.0,1.0
2000-04-27,,,,,0.0,1.0
2000-04-28,,,,,0.0,1.0
2000-05-01,,,,,0.0,1.0
2000-05-02,,,,,0.0,1.0
2000-05-03,,,,,0.0,1.0
2000-05-04,,,,,0.0,1.0
2000-05-05,,,,,0.0,1.0
2000-05-08,,,,,0.0,1.0
2000-05-09,,,,,0.0,1.0
2000-05-10,,,,,0.0,1.0
2000-05-11,,,,,0.0,1.0
2000-05-12,,,,,0.0,1.0
2000-05-15,,,,,0.0,1.0
2000-05-16,,,,,0.0,1.0
2000-05-17,,,,,0.0,1.0
2000-05-18,,,,,0.0,1.0
2000-05-19,,,,,0.0,1.0
2000-05-22,,,,,0.0,1.0
2000-05-23,,,,,0.0,1.0
2000-05-24,,,,,0.0,1.0
2000-05-25,,,,,0.0,1.0
2000-05-26,,,,,0.0,1.0
2000-05-29,,,,,0.0,1.0
2000-05-30,,,,,0.0,1.0
2000-05-31,,,,,0.0,1.0
2000-06-01,,,,,0.0,1.0
2000-06-02,,,,,0.0,1.0
2000-06-05,,,,,0.0,1.0
2000-06-06,,,,,0.0,1.0
2000-06-07,,,,,0.0,1.0
2000-06-08,,,,,0.0,1.0
2000-06-09,,,,,0.0,1.0
2000-06-12,,,,,0.0,1.0
2000-06-13,,,,,0.0,1.0
2000-06-14,,,,,0.0,1.0
2000-06-15,,,,,0.0,1.0
2000-06-16,,,,,0.0,1.0
2000-06-19,,,,,0.0,1.0
2000-06-20,,,,,0.0,1.0
2000-06-21,,,,,0.0,1.0
2000-06-22,,,,,0.0,1.0
2000-06-23,,,,,0.0,1.0
2000-06-26,,,,,0.0,1.0
2000-06-27,,,,,0.0,1.0
2000-06-28,,,,,0.0,1.0
2000-06-29,,,,,0.0,1.0
2000-06-30,,,,,0.0,1.0
2000-07-03,,,,,0.0,1.0
2000-07-04,,,,,0.0,1.0
2000-07-05,,,,,0.0,1.0
2000-07-06,,,,,0.0,1.0
2000-07-07,,,,,0.0,1.0
2000-07-10,,,,,0.0,1.0
2000-07-11,,,,,0.0,1.0
2000-07-12,,,,,0.0,1.0
2000-07-13,,,,,0.0,1.0
2000-07-14,,,,,0.0,1.0
2000-07-17,,,,,0.0,1.0
2000-07-18,,,,,0.0,1.0
2000-07-19,,,,,0.0,1.0
2000-07-20,,,,,0.0,1.0
2000-07-21,,,,,0.0,1.0
2000-07-24,,,,,0.0,1.0
2000-07-25,,,,,0.0,1.0
2000-07-26,,,,,0.0,1.0
2000-07-27,,,,,0.0,1.0
2000-07-28,,,,,0.0,1.0
2000-07-31,,,,,0.0,1.0
2000-08-01,,,,,0.0,1.0
2000-08-02,,,,,0.0,1.0
2000-08-03,,,,,0.0,1.0
2000-08-04,,,,,0.0,1.0
2000-08-07,,,,,0.0,1.0
2000-08-08,,,,,0.0,1.0
2000-08-09,,,,,0.0,1.0
2000-08-10,,,,,0.0,1.0
2000-08-11,,,,,0.0,1.0
2000-08-14,,,,,0.0,1.0
2000-08-15,,,,,0.0,1.0
2000-08-16,,,,,0.0,1.0
2000-08-17,,,,,0.0,1.0
2000-08-18,,,,,0.0,1.0
2000-08-21,,,,,0.0,1.0
2000-08-22,,,,,0.0,1.0
2000-08-23,,,,,0.0,1.0
2000-08-24,,,,,0.0,1.0
2000-08-25,,,,,0.0,1.0
2000-08-28,,,,,0.0,1.0
2000-08-29,,,,,0.0,1.0
2000-08-30,,,,,0.0,1.0
2000-08-31,,,,,0.0,1.0
2000-09-01,,,,,0.0,1.0
2000-09-04,,,,,0.0,1.0
2000-09-05,,,,,0.0,1.0
2000-09-06,,,,,0.0,1.0
2000-09-07,,,,,0.0,1.0
2000-09-08,,,,,0.0,1.0
2000-09-11,,,,,0.0,1.0
2000-09-12,,,,,0.0,1.0
2000-09-13,,,,,0.0,1.0
2000-09-14,,,,,0.0,1.0
2000-09-15,,,,,0.0,1.0
2000-09-18,,,,,0.0,1.0
2000-09-19,,,,,0.0,1.0
2000-09-20,,,,,0.0,1.0
2000-09-21,,,,,0.0,1.0
2000-09-22,,,,,0.0,1.0
2000-09-25,,,,,0.0,1.0
2000-09-26,,,,,0.0,1.0
2000-09-27,,,,,0.0,1.0
2000-09-28,,,,,0.0,1.0
2000-09-29,,,,,0.0,1.0
2000-10-02,,,,,0.0,1.0
2000-10-03,,,,,0.0,1.0
2000-10-04,,,,,0.0,1.0
2000-10-05,,,,,0.0,1.0
2000-10-06,,,,,0.0,1.0
2000-10-09,,,,,0.0,1.0
2000-10-10,,,,,0.0,1.0
2000-10-11,,,,,0.0,1.0
2000-10-12,,,,,0.0,1.0
2000-10-13,,,,,0.0,1.0
2000-10-16,,,,,0.0,1.0
2000-10-17,,,,,0.0,1.0
2000-10-18,,,,,0.0,1.0
2000-10-19,,,,,0.0,1.0
2000-10-20,,,,,0.0,1.0
2000-10-23,,,,,0.0,1.0
2000-10-24,,,,,0.0,1.0
2000-10-25,,,,,0.0,1.0
2000-10-26,,,,,0.0,1.0
2000-10-27,,,,,0.0,1.0
2000-10-30,,,,,0.0,1.0
2000-10-31,,,,,0.0,1.0
2000-11-01,,,,,0.0,1.0
2000-11-02,,,,,0.0,1.0
2000-11-03,,,,,0.0,1.0
2000-11-06,,,,,0.0,1.0
2000-11-07,,,,,0.0,1.0
2000-11-08,,,,,0.0,1.0
2000-11-09,,,,,0.0,1.0
2000-11-10,,,,,0.0,1.0
2000-11-13,,,,,0.0,1.0
2000-11-14,,,,,0.0,1.0
2000-11-15,,,,,0.0,1.0
2000-11-16,,,,,0.0,1.0
2000-11-17,,,,,0.0,1.0
2000-11-20,,,,,0.0,1.0
2000-11-21,,,,,0.0,1.0
2000-11-22,,,,,0.0,1.0
2000-11-23,,,,,0.0,1.0
2000-11-24,,,,,0.0,1.0
2000-11-27,,,,,0.0,1.0
2000-11-28,,,,,0.0,1.0
2000-11-29,,,,,0.0,1.0
2000-11-30,,,,,0.0,1.0
2000-12-01,,,,,0.0,1.0
2000-12-04,,,,,0.0,1.0
2000-12-05,,,,,0.0,1.0
2000-12-06,,,,,0.0,1.0
2000-12-07,,,,,0.0,1.0
2000-12-08,,,,,0.0,1.0
2000-12-11,,,,,0.0,1.0
2000-12-12,,,,,0.0,1.0
2000-12-13,,,,,0.0,1.0
2000-12-14,,,,,0.0,1.0
2000-12-15,,,,,0.0,1.0
2000-12-18,,,,,0.0,1.0
2000-12-19,,,,,0.0,1.0
2000-12-20,,,,,0.0,1.0
2000-12-21,,,,,0.0,1.0
2000-12-22,,,,,0.0,1.0
2000-12-25,,,,,0.0,1.0
2000-12-26,,,,,0.0,1.0
2000-12-27,,,,,0.0,1.0
2000-12-28,,,,,0.0,1.0
2000-12-29,,,,,0.0,1.0
2001-01-01,,,,,0.0,1.0
2001-01-02,,,,,0.0,1.0
2001-01-03,,,,,0.0,1.0
2001-01-04,,,,,0.0,1.0
2001-01-05,,,,,0.0,1.0
2001-01-08,,,,,0.0,1.0
2001-01-09,,,,,0.0,1.0
2001-01-10,,,,,0.0,1.0
2001-01-11,,,,,0.0,1.0
2001-01-12,,,,,0.0,1.0
2001-01-15,,,,,0.0,1.0
2001-01-16,,,,,0.0,1.0
2001-01-17,,,,,0.0,1.0
2001-01-18,,,,,0.0,1.0
2001-01-19,,,,,0.0,1.0
2001-01-22,,,,,0.0,1.0
2001-01-23,,,,,0.0,1.0
2001-01-24,,,,,0.0,1.0
2001-01-25,,,,,0.0,1.0
2001-01-26,,,,,0.0,1.0
2001-01-29,,,,,0.0,1.0
2001-01-30,,,,,0.0,1.0
2001-01-31,,,,,0.0,1.0
2001-02-01,,,,,0.0,1.0
2001-02-02,,,,,0.0,1.0
2001-02-05,,,,,0.0,1.0
2001-02-06,,,,,0.0,1.0
2001-02-07,,,,,0.0,1.0
2001-02-08,,,,,0.0,1.0
2001-02-09,,,,,0.0,1.0
2001-02-12,,,,,0.0,1.0
2001-02-13,,,,,0.0,1.0
2001-02-14,,,,,0.0,1.0
2001-02-15,,,,,0.0,1.0
2001-02-16,,,,,0.0,1.0
2001-02-19,,,,,0.0,1.0
2001-02-20,,,,,0.0,1.0
2001-02-21,,,,,0.0,1.0
2001-02-22,,,,,0.0,1.0
2001-02-23,,,,,0.0,1.0
2001-02-26,,,,,0.0,1.0
2001-02-27,,,,,0.0,1.0
2001-02-28,,,,,0.0,1.0
2001-03-01,,,,,0.0,1.0
2001-03-02,,,,,0.0,1.0
2001-03-05,,,,,0.0,1.0
2001-03-06,,,,,0.0,1.0
2001-03-07,,,,,0.0,1.0
2001-03-08,,,,,0.0,1.0
2001-03-09,,,,,0.0,1.0
2001-03-12,,,,,0.0,1.0
2001-03-13,,,,,0.0,1.0
2001-03-14,,,,,0.0,1.0
2001-03-15,,,,,0.0,1.0
2001-03-16,,,,,0.0,1.0
2001-03-19,,,,,0.0,1.0
2001-03-20,,,,,0.0,1.0
2001-03-21,,,,,0.0,1.0
2001-03-22,,,,,0.0,1.0
2001-03-23,,,,,0.0,1.0
2001-03-26,,,,,0.0,1.0
2001-03-27,,,,,0.0,1.0
2001-03-28,,,,,0.0,1.0
2001-03-29,,,,,0.0,1.0
2001-03-30,,,,,0.0,1.0
2001-04-02,,,,,0.0,1.0
2001-04-03,,,,,0.0,1.0
2001-04-04,,,,,0.0,1.0
2001-04-05,,,,,0.0,1.0
2001-04-06,,,,,0.0,1.0
2001-04-09,,,,,0.0,1.0
2001-04-10,,,,,0.0,1.0
2001-04-11,,,,,0.0,1.0
2001-04-12,,,,,0.0,1.0
2001-04-13,,,,,0.0,1.0
2001-04-16,,,,,0.0,1.0
2001-04-17,,,,,0.0,1.0
2001-04-18,,,,,0.0,1.0
2001-04-19,,,,,0.0,1.0
2001-04-20,,,,,0.0,1.0
2001-04-23,,,,,0.0,1.0
2001-04-24,,,,,0.0,1.0
2001-04-25,,,,,0.0,1.0
2001-04-26,,,,,0.0,1.0
2001-04-27,,,,,0.0,1.0
2001-04-30,,,,,0.0,1.0
2001-05-01,,,,,0.0,1.0
2001-05-02,,,,,0.0,1.0
2001-05-03,,,,,0.0,1.0
2001-05-04,,,,,0.0,1.0
2001-05-07,,,,,0.0,1.0
2001-05-08,,,,,0.0,1.0
2001-05-09,,,,,0.0,1.0
2001-05-10,,,,,0.0,1.0
2001-05-11,,,,,0.0,1.0
2001-05-14,,,,,0.0,1.0
2001-05-15,,,,,0.0,1.0
2001-05-16,,,,,0.0,1.0
2001-05-17,,,,,0.0,1.0
2001-05-18,,,,,0.0,1.0
2001-05-21,,,,,0.0,1.0
2001-05-22,,,,,0.0,1.0
2001-05-23,,,,,0.0,1.0
2001-05-24,,,,,0.0,1.0
2001-05-25,,,,,0.0,1.0
2001-05-28,,,,,0.0,1.0
2001-05-29,,,,,0.0,1.0
2001-05-30,,,,,0.0,1.0
2001-05-31,,,,,0.0,1.0
2001-06-01,,,,,0.0,1.0
2001-06-04,,,,,0.0,1.0
2001-06-05,,,,,0.0,1.0
2001-06-06,,,,,0.0,1.0
2001-06-07,,,,,0.0,1.0
2001-06-08,,,,,0.0,1.0
2001-06-11,,,,,0.0,1.0
2001-06-12,,,,,0.0,1.0
2001-06-13,,,,,0.0,1.0
2001-06-14,,,,,0.0,1.0
2001-06-15,,,,,0.0,1.0
2001-06-18,,,,,0.0,1.0
2001-06-19,,,,,0.0,1.0
2001-06-20,,,,,0.0,1.0
2001-06-21,,,,,0.0,1.0
2001-06-22,,,,,0.0,1.0
2001-06-25,,,,,0.0,1.0
2001-06-26,,,,,0.0,1.0
2001-06-27,,,,,0.0,1.0
2001-06-28,,,,,0.0,1.0
2001-06-29,,,,,0.0,1.0
2001-07-02,,,,,0.0,1.0
2001-07-03,,,,,0.0,1.0
2001-07-04,,,,,0.0,1.0
2001-07-05,,,,,0.0,1.0
2001-07-06,,,,,0.0,1.0
2001-07-09,,,,,0.0,1.0
2001-07-10,,,,,0.0,1.0
2001-07-11,,,,,0.0,1.0
2001-07-12,,,,,0.0,1.0
2001-07-13,,,,,0.0,1.0
2001-07-16,,,,,0.0,1.0
2001-07-17,,,,,0.0,1.0
2001-07-18,,,,,0.0,1.0
2001-07-19,,,,,0.0,1.0
2001-07-20,,,,,0.0,1.0
2001-07-23,,,,,0.0,1.0
2001-07-24,,,,,0.0,1.0
2001-07-25,,,,,0.0,1.0
2001-07-26,,,,,0.0,1.0
2001-07-27,,,,,0.0,1.0
2001-07-30,,,,,0.0,1.0
2001-07-31,,,,,0.0,1.0
2001-08-01,,,,,0.0,1.0
2001-08-02,,,,,0.0,1.0
2001-08-03,,,,,0.0,1.0
2001-08-06,,,,,0.0,1.0
2001-08-07,,,,,0.0,1.0
2001-08-08,,,,,0.0,1.0
2001-08-09,,,,,0.0,1.0
2001-08-10,,,,,0.0,1.0
2001-08-13,,,,,0.0,1.0
2001-08-14,,,,,0.0,1.0
2001-08-15,,,,,0.0,1.0
2001-08-16,,,,,0.0,1.0
2001-08-17,,,,,0.0,1.0
2001-08-20,,,,,0.0,1.0
2001-08-21,,,,,0.0,1.0
2001-08-22,,,,,0.0,1.0
2001-08-23,,,,,0.0,1.0
2001-08-24,,,,,0.0,1.0
2001-08-27,,,,,0.0,1.0
2001-08-28,,,,,0.0,1.0
2001-08-29,,,,,0.0,1.0
2001-08-30,,,,,0.0,1.0
2001-08-31,,,,,0.0,1.0
2001-09-03,,,,,0.0,1.0
2001-09-04,,,,,0.0,1.0
2001-09-05,,,,,0.0,1.0
2001-09-06,,,,,0.0,1.0
2001-09-07,,,,,0.0,1.0
2001-09-10,,,,,0.0,1.0
2001-09-11,,,,,0.0,1.0
2001-09-12,,,,,0.0,1.0
2001-09-13,,,,,0.0,1.0
2001-09-14,,,,,0.0,1.0
2001-09-17,,,,,0.0,1.0
2001-09-18,,,,,0.0,1.0
2001-09-19,,,,,0.0,1.0
2001-09-20,,,,,0.0,1.0
2001-09-21,,,,,0.0,1.0
2001-09-24,,,,,0.0,1.0
2001-09-25,,,,,0.0,1.0
2001-09-26,,,,,0.0,1.0
2001-09-27,,,,,0.0,1.0
2001-09-28,,,,,0.0,1.0
2001-10-01,,,,,0.0,1.0
2001-10-02,,,,,0.0,1.0
2001-10-03,,,,,0.0,1.0
2001-10-04,,,,,0.0,1.0
2001-10-05,,,,,0.0,1.0
2001-10-08,,,,,0.0,1.0
2001-10-09,,,,,0.0,1.0
2001-10-10,,,,,0.0,1.0
2001-10-11,,,,,0.0,1.0
2001-10-12,,,,,0.0,1.0
2001-10-15,,,,,0.0,1.0
2001-10-16,,,,,0.0,1.0
2001-10-17,,,,,0.0,1.0
2001-10-18,,,,,0.0,1.0
2001-10-19,,,,,0.0,1.0
2001-10-22,,,,,0.0,1.0
2001-10-23,,,,,0.0,1.0
2001-10-24,,,,,0.0,1.0
2001-10-25,,,,,0.0,1.0
2001-10-26,,,,,0.0,1.0
2001-10-29,,,,,0.0,1.0
2001-10-30,,,,,0.0,1.0
2001-10-31,,,,,0.0,1.0
2001-11-01,,,,,0.0,1.0
2001-11-02,,,,,0.0,1.0
2001-11-05,,,,,0.0,1.0
2001-11-06,,,,,0.0,1.0
2001-11-07,,,,,0.0,1.0
2001-11-08,,,,,0.0,1.0
2001-11-09,,,,,0.0,1.0
2001-11-12,,,,,0.0,1.0
2001-11-13,,,,,0.0,1.0
2001-11-14,,,,,0.0,1.0
2001-11-15,,,,,0.0,1.0
2001-11-16,,,,,0.0,1.0
2001-11-19,,,,,0.0,1.0
2001-11-20,,,,,0.0,1.0
2001-11-21,,,,,0.0,1.0
2001-11-22,,,,,0.0,1.0
2001-11-23,,,,,0.0,1.0
2001-11-26,,,,,0.0,1.0
2001-11-27,,,,,0.0,1.0
2001-11-28,,,,,0.0,1.0
2001-11-29,,,,,0.0,1.0
2001-11-30,,,,,0.0,1.0
2001-12-01,,,,,0.0,1.0
2001-12-03,,,,,0.0,1.0
2001-12-04,,,,,0.0,1.0
2001-12-05,,,,,0.0,1.0
2001-12-06,,,,,0.0,1.0
2001-12-07,,,,,0.0,1.0
2001-12-10,,,,,0.0,1.0
2001-12-11,,,,,0.0,1.0
2001-12-12,,,,,0.0,1.0
2001-12-13,,,,,0.0,1.0
2001-12-14,,,,,0.0,1.0
2001-12-17,,,,,0.0,1.0
2001-12-18,,,,,0.0,1.0
2001-12-19,,,,,0.0,1.0
2001-12-20,,,,,0.0,1.0
2001-12-21,,,,,0.0,1.0
2001-12-24,,,,,0.0,1.0
2001-12-25,,,,,0.0,1.0
2001-12-26,,,,,0.0,1.0
2001-12-27,,,,,0.0,1.0
2001-12-28,,,,,0.0,1.0
2001-12-31,,,,,0.0,1.0
2002-01-01,,,,,0.0,1.0
2002-01-02,,,,,0.0,1.0
2002-01-03,,,,,0.0,1.0
2002-01-04,,,,,0.0,1.0
2002-01-07,,,,,0.0,1.0
2002-01-08,,,,,0.0,1.0
2002-01-09,,,,,0.0,1.0
2002-01-10,,,,,0.0,1.0
2002-01-11,,,,,0.0,1.0
2002-01-14,,,,,0.0,1.0
2002-01-15,,,,,0.0,1.0
2002-01-16,,,,,0.0,1.0
2002-01-17,,,,,0.0,1.0
2002-01-18,,,,,0.0,1.0
2002-01-21,,,,,0.0,1.0
2002-01-22,,,,,0.0,1.0
2002-01-23,,,,,0.0,1.0
2002-01-24,,,,,0.0,1.0
2002-01-25,,,,,0.0,1.0
2002-01-28,,,,,0.0,1.0
2002-01-29,,,,,0.0,1.0
2002-01-30,,,,,0.0,1.0
2002-01-31,,,,,0.0,1.0
2002-02-01,,,,,0.0,1.0
2002-02-04,,,,,0.0,1.0
2002-02-05,,,,,0.0,1.0
2002-02-06,,,,,0.0,1.0
2002-02-07,,,,,0.0,1.0
2002-02-08,,,,,0.0,1.0
2002-02-11,,,,,0.0,1.0
2002-02-12,,,,,0.0,1.0
2002-02-13,,,,,0.0,1.0
2002-02-14,,,,,0.0,1.0
2002-02-15,,,,,0.0,1.0
2002-02-18,,,,,0.0,1.0
2002-02-19,,,,,0.0,1.0
2002-02-20,,,,,0.0,1.0
2002-02-21,,,,,0.0,1.0
2002-02-22,,,,,0.0,1.0
2002-02-25,,,,,0.0,1.0
2002-02-26,,,,,0.0,1.0
2002-02-27,,,,,0.0,1.0
2002-02-28,,,,,0.0,1.0
2002-03-01,,,,,0.0,1.0
2002-03-04,,,,,0.0,1.0
2002-03-05,,,,,0.0,1.0
2002-03-06,,,,,0.0,1.0
2002-03-07,,,,,0.0,1.0
2002-03-08,,,,,0.0,1.0
2002-03-11,,,,,0.0,1.0
2002-03-12,,,,,0.0,1.0
2002-03-13,,,,,0.0,1.0
2002-03-14,,,,,0.0,1.0
2002-03-15,,,,,0.0,1.0
2002-03-18,,,,,0.0,1.0
2002-03-19,,,,,0.0,1.0
2002-03-20,,,,,0.0,1.0
2002-03-21,,,,,0.0,1.0
2002-03-22,,,,,0.0,1.0
2002-03-25,,,,,0.0,1.0
2002-03-26,,,,,0.0,1.0
2002-03-27,,,,,0.0,1.0
2002-03-28,,,,,0.0,1.0
2002-03-29,,,,,0.0,1.0
2002-04-01,,,,,0.0,1.0
2002-04-02,,,,,0.0,1.0
2002-04-03,,,,,0.0,1.0
2002-04-04,,,,,0.0,1.0
2002-04-05,,,,,0.0,1.0
2002-04-08,,,,,0.0,1.0
2002-04-09,,,,,0.0,1.0
2002-04-10,,,,,0.0,1.0
2002-04-11,,,,,0.0,1.0
2002-04-12,,,,,0.0,1.0
2002-04-15,,,,,0.0,1.0
2002-04-16,,,,,0.0,1.0
2002-04-17,,,,,0.0,1.0
2002-04-18,,,,,0.0,1.0
2002-04-19,,,,,0.0,1.0
2002-04-22,,,,,0.0,1.0
2002-04-23,,,,,0.0,1.0
2002-04-24,,,,,0.0,1.0
2002-04-25,,,,,0.0,1.0
2002-04-26,,,,,0.0,1.0
2002-04-29,,,,,0.0,1.0
2002-04-30,,,,,0.0,1.0
2002-05-01,,,,,0.0,1.0
2002-05-02,,,,,0.0,1.0
2002-05-03,,,,,0.0,1.0
2002-05-06,,,,,0.0,1.0
2002-05-07,,,,,0.0,1.0
2002-05-08,,,,,0.0,1.0
2002-05-09,,,,,0.0,1.0
2002-05-10,,,,,0.0,1.0
2002-05-13,,,,,0.0,1.0
2002-05-14,,,,,0.0,1.0
2002-05-15,,,,,0.0,1.0
2002-05-16,,,,,0.0,1.0
2002-05-17,,,,,0.0,1.0
2002-05-20,,,,,0.0,1.0
2002-05-21,,,,,0.0,1.0
2002-05-22,,,,,0.0,1.0
2002-05-23,,,,,0.0,1.0
2002-05-24,,,,,0.0,1.0
2002-05-27,,,,,0.0,1.0
2002-05-28,,,,,0.0,1.0
2002-05-29,,,,,0.0,1.0
2002-05-30,,,,,0.0,1.0
2002-05-31,,,,,0.0,1.0
2002-06-03,,,,,0.0,1.0
2002-06-04,,,,,0.0,1.0
2002-06-05,,,,,0.0,1.0
2002-06-06,,,,,0.0,1.0
2002-06-07,,,,,0.0,1.0
2002-06-10,,,,,0.0,1.0
2002-06-11,,,,,0.0,1.0
2002-06-12,,,,,0.0,1.0
2002-06-13,,,,,0.0,1.0
2002-06-14,,,,,0.0,1.0
2002-06-17,,,,,0.0,1.0
2002-06-18,,,,,0.0,1.0
2002-06-19,,,,,0.0,1.0
2002-06-20,,,,,0.0,1.0
2002-06-21,,,,,0.0,1.0
2002-06-24,,,,,0.0,1.0
2002-06-25,,,,,0.0,1.0
2002-06-26,,,,,0.0,1.0
2002-06-27,,,,,0.0,1.0
2002-06-28,,,,,0.0,1.0
2002-07-01,,,,,0.0,1.0
2002-07-02,,,,,0.0,1.0
2002-07-03,,,,,0.0,1.0
2002-07-04,,,,,0.0,1.0
2002-07-05,,,,,0.0,1.0
2002-07-08,,,,,0.0,1.0
2002-07-09,,,,,0.0,1.0
2002-07-10,,,,,0.0,1.0
2002-07-11,,,,,0.0,1.0
2002-07-12,,,,,0.0,1.0
2002-07-15,,,,,0.0,1.0
2002-07-16,,,,,0.0,1.0
2002-07-17,,,,,0.0,1.0
2002-07-18,,,,,0.0,1.0
2002-07-19,,,,,0.0,1.0
2002-07-22,,,,,0.0,1.0
2002-07-23,,,,,0.0,1.0
2002-07-24,,,,,0.0,1.0
2002-07-25,,,,,0.0,1.0
2002-07-26,,,,,0.0,1.0
2002-07-29,,,,,0.0,1.0
2002-07-30,,,,,0.0,1.0
2002-07-31,,,,,0.0,1.0
2002-08-01,,,,,0.0,1.0
2002-08-02,,,,,0.0,1.0
2002-08-05,,,,,0.0,1.0
2002-08-06,,,,,0.0,1.0
2002-08-07,,,,,0.0,1.0
2002-08-08,,,,,0.0,1.0
2002-08-09,,,,,0.0,1.0
2002-08-12,,,,,0.0,1.0
2002-08-13,,,,,0.0,1.0
2002-08-14,,,,,0.0,1.0
2002-08-15,,,,,0.0,1.0
2002-08-16,,,,,0.0,1.0
2002-08-19,,,,,0.0,1.0
2002-08-20,,,,,0.0,1.0
2002-08-21,,,,,0.0,1.0
2002-08-22,,,,,0.0,1.0
2002-08-23,,,,,0.0,1.0
2002-08-26,,,,,0.0,1.0
2002-08-27,,,,,0.0,1.0
2002-08-28,,,,,0.0,1.0
2002-08-29,,,,,0.0,1.0
2002-08-30,,,,,0.0,1.0
2002-09-02,,,,,0.0,1.0
2002-09-03,,,,,0.0,1.0
2002-09-04,,,,,0.0,1.0
2002-09-05,,,,,0.0,1.0
2002-09-06,,,,,0.0,1.0
2002-09-09,,,,,0.0,1.0
2002-09-10,,,,,0.0,1.0
2002-09-11,,,,,0.0,1.0
2002-09-12,,,,,0.0,1.0
2002-09-13,,,,,0.0,1.0
2002-09-16,,,,,0.0,1.0
2002-09-17,,,,,0.0,1.0
2002-09-18,,,,,0.0,1.0
2002-09-19,,,,,0.0,1.0
2002-09-20,,,,,0.0,1.0
2002-09-23,,,,,0.0,1.0
2002-09-24,,,,,0.0,1.0
2002-09-25,,,,,0.0,1.0
2002-09-26,,,,,0.0,1.0
2002-09-27,,,,,0.0,1.0
2002-09-30,,,,,0.0,1.0
2002-10-01,,,,,0.0,1.0
2002-10-02,,,,,0.0,1.0
2002-10-03,,,,,0.0,1.0
2002-10-04,,,,,0.0,1.0
2002-10-07,,,,,0.0,1.0
2002-10-08,,,,,0.0,1.0
2002-10-09,,,,,0.0,1.0
2002-10-10,,,,,0.0,1.0
2002-10-11,,,,,0.0,1.0
2002-10-14,,,,,0.0,1.0
2002-10-15,,,,,0.0,1.0
2002-10-16,,,,,0.0,1.0
2002-10-17,,,,,0.0,1.0
2002-10-18,,,,,0.0,1.0
2002-10-21,,,,,0.0,1.0
2002-10-22,,,,,0.0,1.0
2002-10-23,,,,,0.0,1.0
2002-10-24,,,,,0.0,1.0
2002-10-25,,,,,0.0,1.0
2002-10-28,,,,,0.0,1.0
2002-10-29,,,,,0.0,1.0
2002-10-30,,,,,0.0,1.0
2002-10-31,,,,,0.0,1.0
2002-11-01,,,,,0.0,1.0
2002-11-04,,,,,0.0,1.0
2002-11-05,,,,,0.0,1.0
2002-11-06,,,,,0.0,1.0
2002-11-07,,,,,0.0,1.0
2002-11-08,,,,,0.0,1.0
2002-11-11,,,,,0.0,1.0
2002-11-12,,,,,0.0,1.0
2002-11-13,,,,,0.0,1.0
2002-11-14,,,,,0.0,1.0
2002-11-15,,,,,0.0,1.0
2002-11-18,,,,,0.0,1.0
2002-11-19,,,,,0.0,1.0
2002-11-20,,,,,0.0,1.0
2002-11-21,,,,,0.0,1.0
2002-11-22,,,,,0.0,1.0
2002-11-25,,,,,0.0,1.0
2002-11-26,,,,,0.0,1.0
2002-11-27,,,,,0.0,1.0
2002-11-28,,,,,0.0,1.0
2002-11-29,,,,,0.0,1.0
2002-12-02,,,,,0.0,1.0
2002-12-03,,,,,0.0,1.0
2002-12-04,,,,,0.0,1.0
2002-12-05,,,,,0.0,1.0
2002-12-06,,,,,0.0,1.0
2002-12-09,,,,,0.0,1.0
2002-12-10,,,,,0.0,1.0
2002-12-11,,,,,0.0,1.0
2002-12-12,,,,,0.0,1.0
2002-12-13,,,,,0.0,1.0
2002-12-16,,,,,0.0,1.0
2002-12-17,,,,,0.0,1.0
2002-12-18,,,,,0.0,1.0
2002-12-19,,,,,0.0,1.0
2002-12-20,,,,,0.0,1.0
2002-12-23,,,,,0.0,1.0
2002-12-24,,,,,0.0,1.0
2002-12-25,,,,,0.0,1.0
2002-12-26,,,,,0.0,1.0
2002-12-27,,,,,0.0,1.0
2002-12-30,,,,,0.0,1.0
2002-12-31,,,,,0.0,1.0
2003-01-01,,,,,0.0,1.0
2003-01-02,,,,,0.0,1.0
2003-01-03,,,,,0.0,1.0
2003-01-06,,,,,0.0,1.0
2003-01-07,,,,,0.0,1.0
2003-01-08,,,,,0.0,1.0
2003-01-09,,,,,0.0,1.0
2003-01-10,,,,,0.0,1.0
2003-01-13,,,,,0.0,1.0
2003-01-14,,,,,0.0,1.0
2003-01-15,,,,,0.0,1.0
2003-01-16,,,,,0.0,1.0
2003-01-17,,,,,0.0,1.0
2003-01-20,,,,,0.0,1.0
2003-01-21,,,,,0.0,1.0
2003-01-22,,,,,0.0,1.0
2003-01-23,,,,,0.0,1.0
2003-01-24,,,,,0.0,1.0
2003-01-27,,,,,0.0,1.0
2003-01-28,,,,,0.0,1.0
2003-01-29,,,,,0.0,1.0
2003-01-30,,,,,0.0,1.0
2003-01-31,,,,,0.0,1.0
2003-02-03,,,,,0.0,1.0
2003-02-04,,,,,0.0,1.0
2003-02-05,,,,,0.0,1.0
2003-02-06,,,,,0.0,1.0
2003-02-07,,,,,0.0,1.0
2003-02-10,,,,,0.0,1.0
2003-02-11,,,,,0.0,1.0
2003-02-12,,,,,0.0,1.0
2003-02-13,,,,,0.0,1.0
2003-02-14,,,,,0.0,1.0
2003-02-17,,,,,0.0,1.0
2003-02-18,,,,,0.0,1.0
2003-02-19,,,,,0.0,1.0
2003-02-20,,,,,0.0,1.0
2003-02-21,,,,,0.0,1.0
2003-02-24,,,,,0.0,1.0
2003-02-25,,,,,0.0,1.0
2003-02-26,,,,,0.0,1.0
2003-02-27,,,,,0.0,1.0
2003-02-28,,,,,0.0,1.0
2003-03-03,,,,,0.0,1.0
2003-03-04,,,,,0.0,1.0
2003-03-05,,,,,0.0,1.0
2003-03-06,,,,,0.0,1.0
2003-03-07,,,,,0.0,1.0
2003-03-10,,,,,0.0,1.0
2003-03-11,,,,,0.0,1.0
2003-03-12,,,,,0.0,1.0
2003-03-13,,,,,0.0,1.0
2003-03-14,,,,,0.0,1.0
2003-03-17,,,,,0.0,1.0
2003-03-18,,,,,0.0,1.0
2003-03-19,,,,,0.0,1.0
2003-03-20,,,,,0.0,1.0
2003-03-21,,,,,0.0,1.0
2003-03-24,,,,,0.0,1.0
2003-03-25,,,,,0.0,1.0
2003-03-26,,,,,0.0,1.0
2003-03-27,,,,,0.0,1.0
2003-03-28,,,,,0.0,1.0
2003-03-31,,,,,0.0,1.0
2003-04-01,,,,,0.0,1.0
2003-04-02,,,,,0.0,1.0
2003-04-03,,,,,0.0,1.0
2003-04-04,,,,,0.0,1.0
2003-04-07,,,,,0.0,1.0
2003-04-08,,,,,0.0,1.0
2003-04-09,,,,,0.0,1.0
2003-04-10,,,,,0.0,1.0
2003-04-11,,,,,0.0,1.0
2003-04-14,,,,,0.0,1.0
2003-04-15,,,,,0.0,1.0
2003-04-16,,,,,0.0,1.0
2003-04-17,,,,,0.0,1.0
2003-04-18,,,,,0.0,1.0
2003-04-21,,,,,0.0,1.0
2003-04-22,,,,,0.0,1.0
2003-04-23,,,,,0.0,1.0
2003-04-24,,,,,0.0,1.0
2003-04-25,,,,,0.0,1.0
2003-04-28,,,,,0.0,1.0
2003-04-29,,,,,0.0,1.0
2003-04-30,,,,,0.0,1.0
2003-05-01,,,,,0.0,1.0
2003-05-02,,,,,0.0,1.0
2003-05-05,,,,,0.0,1.0
2003-05-06,,,,,0.0,1.0
2003-05-07,,,,,0.0,1.0
2003-05-08,,,,,0.0,1.0
2003-05-09,,,,,0.0,1.0
2003-05-12,,,,,0.0,1.0
2003-05-13,,,,,0.0,1.0
2003-05-14,,,,,0.0,1.0
2003-05-15,,,,,0.0,1.0
2003-05-16,,,,,0.0,1.0
2003-05-19,,,,,0.0,1.0
2003-05-20,,,,,0.0,1.0
2003-05-21,,,,,0.0,1.0
2003-05-22,,,,,0.0,1.0
2003-05-23,,,,,0.0,1.0
2003-05-26,,,,,0.0,1.0
2003-05-27,,,,,0.0,1.0
2003-05-28,,,,,0.0,1.0
2003-05-29,,,,,0.0,1.0
2003-05-30,,,,,0.0,1.0
2003-06-02,,,,,0.0,1.0
2003-06-03,,,,,0.0,1.0
2003-06-04,,,,,0.0,1.0
2003-06-05,,,,,0.0,1.0
2003-06-06,,,,,0.0,1.0
2003-06-09,,,,,0.0,1.0
2003-06-10,,,,,0.0,1.0
2003-06-11,,,,,0.0,1.0
2003-06-12,,,,,0.0,1.0
2003-06-13,300.0,272.25,280.5,290.0,0.0,38303170.0
2003-06-16,286.0,274.0,275.0,285.0,0.0,6409016.0
2003-06-17,279.0,274.0,275.0,278.0,0.0,4273409.0
2003-06-18,283.5,266.75,269.0,283.5,0.0,4313056.0
2003-06-19,271.27,264.75,266.5,269.25,0.0,3645563.0
2003-06-20,270.0,262.0,270.0,267.0,0.0,5952466.0
2003-06-23,273.5,262.87,263.25,273.5,0.0,999643.0
2003-06-24,267.44,263.0,264.0,267.44,0.0,2612998.0
2003-06-25,270.0,267.0,268.0,267.5,0.0,3285559.0
2003-06-26,275.0,264.75,273.0,268.0,0.0,2110788.0
2003-06-27,287.43,275.0,285.0,277.0,0.0,2358620.0
2003-06-30,284.0,281.5,282.0,283.0,0.0,692487.0
2003-07-01,285.0,278.0,282.0,285.0,0.0,748113.0
2003-07-02,284.0,275.0,275.0,280.6,0.0,798066.0
2003-07-03,281.0,273.0,274.0,277.5,0.0,1077483.0
2003-07-04,280.22,273.0,273.0,279.97,0.0,291956.0
2003-07-07,290.73,278.0,282.5,290.73,0.0,803859.0
2003-07-08,288.576,280.0,281.5,284.16,0.0,1859014.0
2003-07-09,281.38,277.0,277.0,281.38,0.0,132351.0
2003-07-10,278.5,273.5,275.0,278.5,0.0,3988356.0
2003-07-11,276.0,272.0,273.0,276.0,0.0,270754.0
2003-07-14,276.0,270.0,273.0,270.22,0.0,87815.0
2003-07-15,270.0,265.0,265.0,267.0,0.0,2034228.0
2003-07-16,265.69,261.0,263.0,264.0,0.0,754032.0
2003-07-17,274.75,258.0,270.0,270.0,0.0,4721863.0
2003-07-18,273.0,268.0,270.75,268.0,0.0,486460.0
2003-07-21,272.9,269.0,269.0,272.9,0.0,433153.0
2003-07-22,275.0,267.0,275.0,270.0,0.0,787136.0
2003-07-23,276.75,270.0,270.0,276.75,0.0,145322.0
2003-07-24,278.0,272.5,277.0,273.0,0.0,609050.0
2003-07-25,279.13,273.0,278.0,279.13,0.0,82078.0
2003-07-28,277.69,269.59,274.75,274.0,0.0,1158840.0
2003-07-29,277.25,272.0,274.75,277.25,0.0,543323.0
2003-07-30,278.0,271.05,275.0,278.0,0.0,926358.0
2003-07-31,280.0,275.25,278.0,276.0,0.0,598343.0
2003-08-01,280.0,272.5,278.0,272.5,0.0,276853.0
2003-08-04,276.13,270.0,274.0,276.13,0.0,4388608.0
2003-08-05,273.0,270.0,271.0,270.0,0.0,884049.0
2003-08-06,280.0,272.23,280.0,280.0,0.0,99980.0
2003-08-07,277.0,272.0,272.0,275.0,0.0,350247.0
2003-08-08,277.0,275.0,277.0,275.0,0.0,57970.0
2003-08-11,281.0,276.0,281.0,276.0,0.0,687858.0
2003-08-12,280.0,277.0,280.0,277.75,0.0,780755.0
2003-08-13,278.0,277.0,277.0,278.0,0.0,75136.0
2003-08-14,281.5,277.56,281.5,277.56,0.0,724949.0
2003-08-15,281.5,279.0,279.0,281.5,0.0,39962.0
2003-08-18,277.0,277.0,279.0,277.0,0.0,393200.0
2003-08-19,279.0,274.0,279.0,278.4,0.0,25250.0
2003-08-20,279.0,275.0,277.0,275.0,0.0,208910.0
2003-08-21,281.0,278.5,278.5,279.0,0.0,781456.0
2003-08-22,281.0,278.0,279.0,278.0,0.0,1763270.0
2003-08-25,279.0,279.0,279.0,279.0,0.0,0.0
2003-08-26,280.5,277.25,278.75,277.62,0.0,134751.0
2003-08-27,280.0,278.0,280.0,279.5,0.0,113243.0
2003-08-28,282.0,282.0,282.0,282.0,0.0,149819.0
2003-08-29,288.0,282.68,287.5,283.0,0.0,353643.0
2003-09-01,290.5,286.0,289.0,290.0,0.0,702553.0
2003-09-02,305.0,292.0,297.0,292.0,0.0,759051.0
2003-09-03,295.0,287.0,287.5,295.0,0.0,946195.0
2003-09-04,293.75,290.0,290.5,293.75,0.0,655265.0
2003-09-05,317.0,290.0,292.0,292.0,0.0,941147.0
2003-09-08,300.0,294.0,295.0,300.0,0.0,184366.0
2003-09-09,295.0,293.0,294.0,293.0,0.0,103500.0
2003-09-10,294.44,293.0,294.0,294.28,0.0,8890.0
2003-09-11,291.5,285.0,290.0,291.5,0.0,28022.0
2003-09-12,290.0,285.0,286.0,287.5,0.0,1399094.0
2003-09-15,290.0,284.43,288.0,285.0,0.0,311786.0
2003-09-16,290.145,287.0,290.0,290.0,0.0,1759709.0
2003-09-17,292.0,288.0,290.5,289.5,0.0,1106564.0
2003-09-18,300.0,290.0,298.75,290.0,0.0,677831.0
2003-09-19,306.0,297.5,304.0,298.5,0.0,6500759.0
2003-09-22,303.0,299.5,299.5,303.0,0.0,354308.0
2003-09-23,302.0,295.0,296.5,298.5,0.0,4125117.0
2003-09-24,292.0,288.0,288.5,288.0,0.0,118966.0
2003-09-25,295.5,288.5,291.0,289.0,0.0,84900.0
2003-09-26,290.25,270.0,277.0,290.25,0.0,258678.0
2003-09-29,281.0,277.0,280.0,280.0,0.0,227041.0
2003-09-30,280.0,270.0,270.5,279.9,0.0,338315.0
2003-10-01,279.75,268.0,275.0,278.77,0.0,179663.0
2003-10-02,279.16,274.0,274.0,279.16,0.0,245749.0
2003-10-03,278.0,272.0,273.75,272.0,0.0,750352.0
2003-10-06,280.0,280.0,280.0,280.0,0.0,1.0
2003-10-07,280.0,280.0,280.0,280.0,0.0,0.0
2003-10-08,292.125,280.0,283.0,280.0,0.0,426972.0
2003-10-09,290.0,280.0,280.5,287.125,0.0,276704.0
2003-10-10,288.25,280.0,280.0,283.75,0.0,18393.0
2003-10-13,284.409,280.0,280.25,284.125,0.0,454705.0
2003-10-14,288.0,276.25,288.0,276.25,0.0,92564.0
2003-10-15,288.5,274.75,281.5,279.0,0.0,66194.0
2003-10-16,285.0,275.25,281.25,275.25,0.0,163742.0
2003-10-17,285.0,280.0,280.0,281.0,0.0,221499.0
2003-10-20,282.5,280.0,281.25,280.0,0.0,20843.0
2003-10-21,290.0,282.75,283.0,287.0,0.0,29231.0
2003-10-22,283.0,283.0,283.0,283.0,0.0,0.0
2003-10-23,283.5,280.0,280.25,283.0,0.0,681677.0
2003-10-24,286.0,280.0,280.25,286.0,0.0,52643.0
2003-10-27,300.0,278.0,280.5,298.25,0.0,303749.0
2003-10-28,284.5,278.25,279.25,284.5,0.0,208715.0
2003-10-29,284.2,278.25,280.0,283.0,0.0,189211.0
2003-10-30,280.0,272.0,278.0,272.0,0.0,516035.0
2003-10-31,285.0,271.0,278.0,278.0,0.0,1013174.0
2003-11-03,280.0,272.0,278.0,278.6,0.0,33912.0
2003-11-04,282.73,273.0,280.0,279.98,0.0,2345023.0
2003-11-05,279.5,276.0,277.5,279.5,0.0,142454.0
2003-11-06,278.0,275.0,275.0,277.7,0.0,32905.0
2003-11-07,279.02,272.0,275.5,272.0,0.0,23951.0
2003-11-10,280.0,272.5,280.0,279.98,0.0,161177.0
2003-11-11,280.0,270.0,278.75,280.0,0.0,20417.0
2003-11-12,277.73,275.0,275.0,275.3,0.0,110681.0
2003-11-13,277.0,274.0,274.0,277.0,0.0,167319.0
2003-11-14,276.56,274.0,274.0,276.56,0.0,50835.0
2003-11-17,275.4,270.0,270.0,275.34,0.0,67704.0
2003-11-18,269.5,266.0,268.0,268.0,0.0,146949.0
2003-11-19,266.25,262.0,264.0,262.0,0.0,108789.0
2003-11-20,264.48,257.0,258.0,262.5,0.0,219367.0
2003-11-21,262.41,258.0,260.0,258.0,0.0,445888.0
2003-11-24,263.75,256.75,256.75,263.75,0.0,2514822.0
2003-11-25,261.3,257.58,260.0,259.5,0.0,1489332.0
2003-11-26,260.0,257.0,257.0,259.5,0.0,396555.0
2003-11-27,260.0,250.1,260.0,251.0,0.0,233751.0
2003-11-28,259.9,255.0,255.0,259.9,0.0,69770.0
2003-12-01,260.0,255.1,258.0,255.1,0.0,81036.0
2003-12-02,258.5,255.5,258.5,255.5,0.0,186950.0
2003-12-03,260.0,255.55,258.0,259.5,0.0,698341.0
2003-12-04,263.0,258.5,258.5,259.9,0.0,1161357.0
2003-12-05,263.0,260.0,262.25,260.0,0.0,145969.0
2003-12-08,269.9,260.0,265.0,269.9,0.0,60005.0
2003-12-09,265.0,259.0,265.0,264.45,0.0,1125342.0
2003-12-10,266.7,259.0,260.25,266.7,0.0,104650.0
2003-12-11,259.74,250.0,251.5,259.35,0.0,464802.0
2003-12-12,254.69,247.25,250.0,254.06,0.0,512570.0
2003-12-15,256.3,250.5,253.0,256.3,0.0,645823.0
2003-12-16,260.0,257.0,257.0,260.0,0.0,292236.0
2003-12-17,268.55,258.5,260.0,264.0,0.0,323598.0
2003-12-18,264.7,258.0,260.0,261.0,0.0,19639552.0
2003-12-19,267.0,260.0,263.0,267.0,0.0,965296.0
2003-12-22,269.99,258.75,263.0,263.75,0.0,933788.0
2003-12-23,267.99,260.0,260.0,267.0,0.0,429356.0
2003-12-24,274.0,260.0,265.0,268.0,0.0,25792.0
2003-12-25,265.0,265.0,265.0,265.0,0.0,0.0
2003-12-26,265.0,265.0,265.0,265.0,0.0,0.0
2003-12-29,270.0,260.0,264.0,270.0,0.0,140468.0
2003-12-30,265.0,264.0,265.0,264.0,0.0,139820.0
2003-12-31,263.1,261.0,261.0,263.0,0.0,142820.0
2004-01-01,261.0,261.0,261.0,261.0,0.0,0.0
2004-01-02,270.0,260.0,260.0,262.0,0.0,223335.0
2004-01-04,260.0,260.0,260.0,260.0,0.0,0.0
2004-01-05,265.0,260.0,263.5,260.0,0.0,984135.0
2004-01-06,263.0,258.25,263.0,260.0,0.0,1244872.0
2004-01-07,264.5,260.0,260.25,261.4,0.0,327356.0
2004-01-08,264.0,259.0,261.0,260.4,0.0,2734449.0
2004-01-09,264.47,258.75,258.75,263.5,0.0,9257.0
2004-01-12,258.25,250.27,252.75,255.52,0.0,190331.0
2004-01-13,255.25,251.7,252.0,251.7,0.0,160338.0
2004-01-14,255.73,252.5,254.0,252.5,0.0,253303.0
2004-01-15,254.0,250.0,250.0,250.0,0.0,323409.0
2004-01-16,255.0,245.02,254.5,245.02,0.0,702796.0
2004-01-19,258.0,250.0,250.0,253.75,0.0,3387193.0
2004-01-20,259.98,251.0,259.5,259.98,0.0,181460.0
2004-01-21,260.0,257.0,259.5,259.98,0.0,446370.0
2004-01-22,263.5,250.25,252.75,263.5,0.0,490135.0
2004-01-23,254.98,250.88,251.0,253.75,0.0,273065.0
2004-01-26,257.98,248.25,248.5,256.71,0.0,13403.0
2004-01-27,250.5,245.0,245.0,245.5,0.0,406014.0
2004-01-28,249.98,235.5,235.5,249.98,0.0,147730.0
2004-01-29,249.0,235.0,237.0,242.0,0.0,902958.0
2004-01-30,250.0,237.0,248.75,239.35,0.0,249725.0
2004-02-02,244.75,238.25,239.0,238.7,0.0,45695.0
2004-02-03,245.0,239.0,239.0,245.0,0.0,39753.0
2004-02-04,246.0,237.5,238.0,243.0,0.0,168830.0
2004-02-05,243.0,239.25,243.0,240.0,0.0,240242.0
2004-02-06,252.0,244.5,248.0,247.0,0.0,182146.0
2004-02-09,253.5,247.0,252.5,250.0,0.0,95128.0
2004-02-10,256.25,248.5,251.25,252.5,0.0,69367.0
2004-02-11,252.0,250.0,250.0,250.0,0.0,106100.0
2004-02-12,254.7,251.0,251.0,251.0,0.0,355504.0
2004-02-13,251.5,250.0,250.25,251.5,0.0,74690.0
2004-02-16,254.5,248.5,254.5,250.0,0.0,467129.0
2004-02-17,251.0,249.13,250.0,250.0,0.0,543496.0
2004-02-18,254.75,248.0,251.75,248.0,0.0,1727381.0
2004-02-19,254.75,250.0,254.0,250.0,0.0,1707189.0
2004-02-20,258.0,253.75,258.0,255.0,0.0,2416854.0
2004-02-23,257.0,251.0,252.0,256.0,0.0,218376.0
2004-02-24,254.0,252.96,253.0,253.37,0.0,298799.0
2004-02-25,253.39,253.0,253.0,253.0,0.0,2465493.0
2004-02-26,255.0,251.21,253.0,255.0,0.0,53734.0
2004-02-27,253.0,251.0,253.0,252.75,0.0,614457.0
2004-03-01,254.5,250.75,251.0,254.5,0.0,604796.0
2004-03-02,254.3,243.75,246.0,254.3,0.0,77348.0
2004-03-03,250.0,246.25,250.0,246.25,0.0,171173.0
2004-03-04,256.63,248.0,254.0,250.0,0.0,319786.0
2004-03-05,255.54,252.0,254.0,255.0,0.0,213840.0
2004-03-08,263.75,255.0,261.0,263.67,0.0,219504.0
2004-03-09,265.0,261.0,263.0,261.0,0.0,120878.0
2004-03-10,266.19,260.0,264.0,262.0,0.0,82779.0
2004-03-11,262.75,260.0,262.75,260.46,0.0,548314.0
2004-03-12,268.0,260.71,268.0,260.71,0.0,38306.0
2004-03-15,265.0,258.2,260.0,263.92,0.0,563734.0
2004-03-16,263.13,246.5,250.0,263.13,0.0,2058185.0
2004-03-17,254.05,245.0,253.5,245.0,0.0,670110.0
2004-03-18,259.0,252.0,259.0,257.4,0.0,70829.0
2004-03-19,267.0,259.0,267.0,259.0,0.0,140956.0
2004-03-22,269.0,260.0,264.0,269.0,0.0,103804.0
2004-03-23,261.57,257.75,258.0,261.25,0.0,960438.0
2004-03-24,255.4,250.0,253.0,255.4,0.0,231948.0
2004-03-25,260.0,250.0,255.0,250.0,0.0,73512.0
2004-03-26,262.0,255.0,262.0,255.87,0.0,52674.0
2004-03-29,264.0,260.0,261.0,264.0,0.0,79277.0
2004-03-30,262.75,255.0,260.25,260.0,0.0,111047.0
2004-03-31,263.13,258.0,260.5,261.0,0.0,980635.0
2004-04-01,262.0,259.03,259.75,262.0,0.0,704664.0
2004-04-02,263.0,256.25,261.0,263.0,0.0,40717.0
2004-04-05,260.2,258.0,260.0,258.0,0.0,595132.0
2004-04-06,260.75,259.5,260.0,259.5,0.0,196238.0
2004-04-07,265.0,260.0,263.75,262.25,0.0,2026189.0
2004-04-08,262.0,257.0,259.5,257.8,0.0,431278.0
2004-04-09,259.5,259.5,259.5,259.5,0.0,0.0
2004-04-12,259.5,259.5,259.5,259.5,0.0,0.0
2004-04-13,260.0,257.0,259.5,260.0,0.0,780600.0
2004-04-14,257.9,252.48,254.0,257.9,0.0,47318.0
2004-04-15,258.0,252.0,254.5,254.0,0.0,52881.0
2004-04-16,262.5,254.0,255.5,255.1,0.0,853132.0
2004-04-19,261.0,241.2,261.0,254.0,0.0,539297.0
2004-04-20,260.0,255.0,260.0,258.75,0.0,343464.0
2004-04-21,259.5,253.5,254.0,259.5,0.0,152119.0
2004-04-22,260.0,254.0,259.0,255.25,0.0,849671.0
2004-04-23,261.63,258.0,258.0,261.13,0.0,409520.0
2004-04-26,266.33,257.0,265.0,264.0,0.0,413941.0
2004-04-27,264.35,255.75,258.0,260.0,0.0,723015.0
2004-04-28,268.67,258.0,260.0,258.0,0.0,70535.0
2004-04-29,268.0,258.0,260.5,268.0,0.0,635710.0
2004-04-30,263.75,259.7,263.0,259.7,0.0,277758.0
2004-05-03,263.0,263.0,263.0,263.0,0.0,0.0
2004-05-04,273.9,260.0,264.0,264.2,0.0,959426.0
2004-05-05,266.0,263.0,264.0,263.45,0.0,512127.0
2004-05-06,265.0,262.5,263.0,265.0,0.0,1454805.0
2004-05-07,265.25,260.5,263.0,262.0,0.0,436052.0
2004-05-10,263.5,252.0,260.0,255.99,0.0,564859.0
2004-05-11,263.75,250.0,258.0,263.67,0.0,521589.0
2004-05-12,260.0,255.0,255.0,258.0,0.0,668493.0
2004-05-13,258.5,258.5,255.0,258.5,0.0,17284.0
2004-05-14,255.0,249.0,249.0,254.25,0.0,391467.0
2004-05-17,251.97,245.0,249.25,246.0,0.0,34882.0
2004-05-18,254.25,243.0,244.0,252.5,0.0,620858.0
2004-05-19,254.25,247.75,249.5,249.83,0.0,1149883.0
2004-05-20,251.25,240.0,244.5,248.5,0.0,1840304.0
2004-05-21,253.0,245.0,248.5,247.5,0.0,134850.0
2004-05-24,255.0,246.23,247.0,246.23,0.0,52703.0
2004-05-25,247.0,240.5,243.0,245.5,0.0,98741.0
2004-05-26,245.0,242.0,245.0,244.0,0.0,250474.0
2004-05-27,247.5,245.0,247.25,245.5,0.0,111215.0
2004-05-28,244.0,231.15,243.0,231.15,0.0,192082.0
2004-05-31,243.0,243.0,243.0,243.0,0.0,0.0
2004-06-01,246.5,231.15,244.0,231.15,0.0,10728.0
2004-06-02,250.0,242.0,250.0,248.0,0.0,137730.0
2004-06-03,250.0,243.0,243.0,250.0,0.0,197354.0
2004-06-04,254.0,246.0,250.0,254.0,0.0,268086.0
2004-06-07,256.71,243.25,246.0,256.71,0.0,16943.0
2004-06-08,249.75,235.0,247.25,235.0,0.0,83933.0
2004-06-09,250.0,249.0,249.75,249.0,0.0,39322.0
2004-06-10,255.0,243.5,246.0,250.75,0.0,106966.0
2004-06-11,250.0,247.0,250.0,250.0,0.0,515190.0
2004-06-14,250.0,247.75,250.0,250.0,0.0,22130.0
2004-06-15,249.27,244.75,247.75,245.0,0.0,99626.0
2004-06-16,250.0,247.5,248.0,249.5,0.0,149400.0
2004-06-17,250.0,246.75,250.0,249.52,0.0,240602.0
2004-06-18,250.0,245.0,245.0,249.0,0.0,100358.0
2004-06-21,250.0,245.95,250.0,245.95,0.0,63993.0
2004-06-22,250.0,245.0,245.0,249.52,0.0,4200.0
2004-06-23,251.75,245.95,250.5,249.55,0.0,676517.0
2004-06-24,251.8,245.0,250.0,251.6,0.0,356085.0
2004-06-25,253.5,247.3,250.0,247.3,0.0,247464.0
2004-06-28,252.0,247.5,252.0,247.8,0.0,125489.0
2004-06-29,252.0,248.0,248.0,251.17,0.0,15685.0
2004-06-30,254.37,248.0,252.0,248.0,0.0,156195.0
2004-07-01,254.75,251.0,253.0,254.75,0.0,14604.0
2004-07-02,253.0,245.68,252.5,251.0,0.0,554722.0
2004-07-05,252.25,246.0,252.25,249.03,0.0,96714.0
2004-07-06,250.25,248.25,250.25,249.0,0.0,844151.0
2004-07-07,251.0,245.0,248.0,245.0,0.0,55484.0
2004-07-08,248.0,244.8,245.0,245.0,0.0,85300.0
2004-07-09,245.98,245.0,245.0,245.3,0.0,27493.0
2004-07-12,248.0,245.0,245.0,245.5,0.0,153638.0
2004-07-13,248.0,245.25,246.0,247.7,0.0,99315.0
2004-07-14,248.0,245.48,246.75,247.8,0.0,29546.0
2004-07-15,246.57,244.65,245.25,246.125,0.0,437192.0
2004-07-16,246.72,245.0,246.5,245.0,0.0,108771.0
2004-07-19,248.0,237.0,237.0,246.5,0.0,291493.0
2004-07-20,242.0,230.0,237.0,240.0,0.0,314485.0
2004-07-21,238.0,223.48,225.0,230.63,0.0,153899.0
2004-07-22,242.0,227.85,235.0,230.05,0.0,449455.0
2004-07-23,240.0,230.0,235.0,238.13,0.0,619227.0
2004-07-26,235.5,232.0,233.25,235.5,0.0,181705.0
2004-07-27,233.5,230.0,230.0,232.75,0.0,92432.0
2004-07-28,238.0,228.0,228.0,233.18,0.0,167978.0
2004-07-29,236.75,234.0,234.5,236.75,0.0,2091524.0
2004-07-30,237.04,230.0,233.5,236.0,0.0,1122888.0
2004-08-02,240.0,228.5,232.25,235.868,0.0,594054.0
2004-08-03,236.75,229.13,234.0,229.13,0.0,436670.0
2004-08-04,236.0,232.38,233.5,232.375,0.0,988496.0
2004-08-05,235.0,229.27,233.0,234.0,0.0,463264.0
2004-08-06,230.0,224.5,225.25,230.0,0.0,322396.0
2004-08-09,234.0,226.25,233.75,230.0,0.0,41795.0
2004-08-10,235.0,222.25,227.5,234.0,0.0,383775.0
2004-08-11,230.0,220.0,227.0,222.0,0.0,435200.0
2004-08-12,230.0,223.0,228.0,229.75,0.0,104674.0
2004-08-13,229.0,223.56,224.5,224.06,0.0,11950.0
2004-08-16,227.25,225.0,227.25,226.0,0.0,19541.0
2004-08-17,230.0,225.0,229.0,227.63,0.0,310795.0
2004-08-18,229.0,227.5,227.5,229.0,0.0,21260.0
2004-08-19,230.0,225.0,228.0,228.25,0.0,123486.0
2004-08-20,227.0,224.77,227.0,224.775,0.0,11310.0
2004-08-23,229.0,226.46,227.5,228.5,0.0,93826.0
2004-08-24,226.38,215.25,224.0,226.38,0.0,85719.0
2004-08-25,224.0,215.0,218.25,223.5,0.0,24755.0
2004-08-26,225.0,221.78,223.25,221.78,0.0,32454.0
2004-08-27,228.0,223.0,228.0,228.0,0.0,405506.0
2004-08-30,228.0,228.0,228.0,228.0,0.0,0.0
2004-08-31,230.0,218.92,220.0,228.0,0.0,3470124.0
2004-09-01,226.0,220.0,220.0,222.0,0.0,539374.0
2004-09-02,225.0,210.0,223.5,220.0,0.0,1119010.0
2004-09-03,232.0,222.0,232.0,224.0,0.0,3169073.0
2004-09-06,244.5,233.7,237.25,235.0,0.0,395307.0
2004-09-07,243.75,230.0,240.0,240.0,0.0,1045532.0
2004-09-08,259.75,247.0,252.5,250.0,0.0,4352720.0
2004-09-09,253.0,243.7,248.0,253.0,0.0,595189.0
2004-09-10,258.5,247.0,250.0,247.11,0.0,3473508.0
2004-09-13,257.0,250.0,256.75,250.0,0.0,2331656.0
2004-09-14,263.82,257.75,260.0,263.82,0.0,1055057.0
2004-09-15,256.3,240.75,245.0,251.5,0.0,173173.0
2004-09-16,252.25,238.5,251.5,238.5,0.0,294976.0
2004-09-17,250.92,242.5,244.25,250.92,0.0,131781.0
2004-09-20,249.25,242.5,248.0,245.0,0.0,1139650.0
2004-09-21,248.0,243.5,243.5,248.0,0.0,114621.0
2004-09-22,245.9,238.0,240.0,245.9,0.0,67919.0
2004-09-23,241.0,235.0,236.5,241.0,0.0,581697.0
2004-09-24,239.0,229.25,235.0,236.43,0.0,229796.0
2004-09-27,238.0,234.5,236.0,237.0,0.0,1163888.0
2004-09-28,240.0,234.0,234.0,235.5,0.0,174158.0
2004-09-29,245.0,234.0,239.0,234.0,0.0,234504.0
2004-09-30,243.75,238.75,240.0,243.1,0.0,134708.0
2004-10-01,247.0,241.0,245.0,244.38,0.0,724349.0
2004-10-04,250.75,245.75,250.0,249.44,0.0,367330.0
2004-10-05,256.75,247.5,256.75,251.0,0.0,545739.0
2004-10-06,265.0,250.0,255.25,250.0,0.0,716413.0
2004-10-07,259.0,255.75,258.25,257.0,0.0,425793.0
2004-10-08,261.0,255.0,259.25,255.0,0.0,179680.0
2004-10-11,260.82,258.0,260.75,259.25,0.0,94334.0
2004-10-12,263.0,255.5,260.75,255.5,0.0,221246.0
2004-10-13,273.62,256.5,256.5,256.75,0.0,254912.0
2004-10-14,265.0,252.25,263.0,255.75,0.0,720795.0
2004-10-15,257.0,242.5,255.5,242.5,0.0,6727445.0
2004-10-18,258.5,253.0,256.5,258.5,0.0,3414835.0
2004-10-19,262.0,256.0,262.0,258.0,0.0,898558.0
2004-10-20,264.25,256.0,261.75,262.75,0.0,863984.0
2004-10-21,284.75,264.0,277.0,265.0,0.0,4188877.0
2004-10-22,278.0,272.0,275.0,275.25,0.0,531967.0
2004-10-25,275.5,237.18,275.0,239.0,0.0,3013318.0
2004-10-26,282.0,271.0,280.25,271.0,0.0,608027.0
2004-10-27,281.75,275.0,276.0,281.75,0.0,834478.0
2004-10-28,278.0,269.25,270.25,271.46,0.0,1269317.0
2004-10-29,272.0,266.0,268.25,266.4,0.0,800326.0
2004-11-01,273.75,264.27,273.0,264.27,0.0,1067037.0
2004-11-02,273.0,270.25,272.25,272.5,0.0,529474.0
2004-11-03,273.0,269.25,272.75,272.75,0.0,221846.0
2004-11-04,273.75,267.0,273.5,267.0,0.0,27020.0
2004-11-05,275.0,266.68,273.0,266.68,0.0,316772.0
2004-11-08,276.63,269.12,275.25,269.12,0.0,1227199.0
2004-11-09,279.75,270.75,271.0,279.75,0.0,2609585.0
2004-11-10,271.25,263.25,270.25,266.5,0.0,34307055.0
2004-11-11,272.544,268.0,272.5,272.0,0.0,3177468.0
2004-11-12,275.55,272.0,274.0,273.25,0.0,2146263.0
2004-11-15,279.5,269.25,272.25,270.0,0.0,1152198.0
2004-11-16,273.0,268.0,272.0,272.0,0.0,527472.0
2004-11-17,272.5,268.0,272.0,272.0,0.0,1414595.0
2004-11-18,275.25,269.75,273.75,269.75,0.0,1763979.0
2004-11-19,274.25,268.0,274.0,270.0,0.0,660980.0
2004-11-22,271.0,268.0,268.25,268.96,0.0,530730.0
2004-11-23,277.5,268.5,269.5,277.5,0.0,1073358.0
2004-11-24,271.5,266.5,268.0,270.25,0.0,879204.0
2004-11-25,269.0,265.0,268.0,265.0,0.0,994133.0
2004-11-26,268.125,248.0,264.25,265.5,0.0,11056828.0
2004-11-29,267.6,261.5,267.0,267.6,0.0,1437440.0
2004-11-30,267.75,263.21,264.0,267.75,0.0,1585358.0
2004-12-01,265.25,263.5,264.75,265.0,0.0,822300.0
2004-12-02,272.25,259.5,263.0,264.75,0.0,3322455.0
2004-12-03,265.0,261.5,262.25,263.0,0.0,2026582.0
2004-12-06,265.0,262.37,264.0,262.37,0.0,936223.0
2004-12-07,267.0,263.0,265.0,264.0,0.0,1042714.0
2004-12-08,266.75,263.75,264.0,265.0,0.0,568137.0
2004-12-09,268.5,260.0,267.5,264.75,0.0,182909.0
2004-12-10,269.0,262.0,268.0,268.0,0.0,830682.0
2004-12-13,281.13,268.46,276.5,270.25,0.0,977919.0
2004-12-14,277.75,274.0,275.25,277.0,0.0,164712.0
2004-12-15,281.0,264.38,279.25,276.0,0.0,510913.0
2004-12-16,285.0,275.0,285.0,279.5,0.0,1511395.0
2004-12-17,292.75,277.0,288.0,290.0,0.0,2291129.0
2004-12-20,290.21,284.0,286.25,288.0,0.0,2511521.0
2004-12-21,288.0,281.0,284.0,286.0,0.0,1235051.0
2004-12-22,288.0,272.25,285.25,272.25,0.0,203726.0
2004-12-23,289.7,280.25,287.0,285.25,0.0,669563.0
2004-12-24,292.75,286.0,288.0,287.31,0.0,104707.0
2004-12-27,288.0,288.0,288.0,288.0,0.0,0.0
2004-12-28,288.0,288.0,288.0,288.0,0.0,0.0
2004-12-29,294.0,283.0,289.25,285.0,0.0,2791606.0
2004-12-30,291.0,287.0,291.0,287.5,0.0,329461.0
2004-12-31,295.0,285.25,295.0,292.88,0.0,36800.0
2005-01-03,295.0,295.0,295.0,295.0,0.0,0.0
2005-01-04,293.5,281.68,282.5,293.5,0.0,530329.0
2005-01-05,285.0,275.75,282.25,282.5,0.0,691661.0
2005-01-06,289.0,275.0,284.75,275.0,0.0,677207.0
2005-01-07,289.75,273.0,278.5,279.75,0.0,773030.0
2005-01-10,292.0,275.0,286.25,277.5,0.0,259587.0
2005-01-11,300.0,283.0,286.0,286.75,0.0,469617.0
2005-01-12,290.0,285.62,290.0,285.62,0.0,147549.0
2005-01-13,294.0,288.3,293.75,288.3,0.0,654945.0
2005-01-14,295.0,290.0,293.5,292.34,0.0,707812.0
2005-01-17,294.25,290.0,293.0,290.0,0.0,1389479.0
2005-01-18,293.5,291.5,293.5,292.793,0.0,618671.0
2005-01-19,295.0,290.0,292.0,290.0,0.0,344313.0
2005-01-20,292.5,283.0,287.5,290.31,0.0,779464.0
2005-01-21,295.0,285.0,290.0,285.5,0.0,420594.0
2005-01-24,292.25,280.25,282.0,285.0,0.0,236868.0
2005-01-25,291.0,278.75,287.0,279.75,0.0,507479.0
2005-01-26,291.5,287.75,290.25,287.75,0.0,1547300.0
2005-01-27,294.75,287.0,291.5,293.0,0.0,464110.0
2005-01-28,299.7,289.0,294.0,289.0,0.0,1389781.0
2005-01-31,299.75,292.75,299.5,295.0,0.0,338592.0
2005-02-01,310.0,298.0,303.75,300.0,0.0,2256256.0
2005-02-02,310.0,300.75,307.0,305.0,0.0,178294.0
2005-02-03,308.25,297.5,300.0,308.25,0.0,293391.0
2005-02-04,303.713,295.0,300.0,301.0,0.0,204140.0
2005-02-07,300.0,294.0,294.75,298.0,0.0,300340.0
2005-02-08,300.0,290.5,297.5,295.0,0.0,672670.0
2005-02-09,295.25,280.5,294.75,293.0,0.0,993123.0
2005-02-10,299.5,287.25,288.0,295.0,0.0,782242.0
2005-02-11,292.25,283.5,286.0,292.25,0.0,312367.0
2005-02-14,292.0,283.0,285.0,290.0,0.0,1195978.0
2005-02-15,287.38,280.0,284.25,285.0,0.0,560581.0
2005-02-16,288.0,271.0,278.25,284.0,0.0,165407.0
2005-02-17,285.0,274.0,280.75,275.0,0.0,1320182.0
2005-02-18,284.75,270.0,277.25,281.0,0.0,368057.0
2005-02-21,284.0,275.0,275.0,276.15,0.0,168758.0
2005-02-22,280.25,272.0,274.25,275.0,0.0,123895.0
2005-02-23,273.75,259.09,270.75,272.0,0.0,161538.0
2005-02-24,274.75,262.0,263.0,274.75,0.0,411373.0
2005-02-25,275.0,260.0,272.25,260.0,0.0,1126826.0
2005-02-28,278.0,268.0,272.25,277.0,0.0,1007308.0
2005-03-01,281.5,272.0,280.25,272.0,0.0,1657430.0
2005-03-02,285.0,280.0,283.0,280.0,0.0,1797523.0
2005-03-03,284.25,280.0,280.25,282.0,0.0,535770.0
2005-03-04,284.56,276.45,278.0,282.75,0.0,668422.0
2005-03-07,279.0,274.0,274.75,277.0,0.0,171914.0
2005-03-08,280.0,274.0,275.0,276.0,0.0,949920.0
2005-03-09,280.0,270.25,272.0,280.0,0.0,508784.0
2005-03-10,279.75,270.0,275.0,270.25,0.0,1179105.0
2005-03-11,273.89,254.5,258.0,272.0,0.0,14813182.0
2005-03-14,266.5,258.0,265.0,259.33,0.0,819879.0
2005-03-15,267.0,260.0,262.0,264.75,0.0,1428849.0
2005-03-16,262.25,260.0,261.75,262.0,0.0,4156993.0
2005-03-17,264.4,259.0,260.0,261.0,0.0,2382517.0
2005-03-18,262.0,255.5,259.75,259.0,0.0,2904126.0
2005-03-21,263.0,252.75,259.75,261.5,0.0,4894776.0
2005-03-22,262.75,256.5,259.25,258.75,0.0,5106765.0
2005-03-23,259.0,250.0,258.0,258.0,0.0,3449923.0
2005-03-24,261.25,258.25,260.0,258.75,0.0,183376.0
2005-03-25,260.0,260.0,260.0,260.0,0.0,0.0
2005-03-28,260.0,260.0,260.0,260.0,0.0,0.0
2005-03-29,261.25,258.0,260.0,260.0,0.0,807965.0
2005-03-30,260.0,253.0,253.0,253.0,0.0,979815.0
2005-03-31,254.5,253.0,254.25,254.5,0.0,212031.0
2005-04-01,262.0,255.0,259.25,255.75,0.0,661643.0
2005-04-04,265.0,257.5,259.5,257.5,0.0,507987.0
2005-04-05,263.0,258.25,259.5,259.0,0.0,273762.0
2005-04-06,262.45,255.0,260.5,259.0,0.0,690618.0
2005-04-07,262.25,260.5,262.25,260.5,0.0,92269.0
2005-04-08,264.5,260.0,264.5,261.75,0.0,143348.0
2005-04-11,263.2,260.0,262.5,261.8,0.0,443681.0
2005-04-12,262.0,261.0,261.5,261.0,0.0,183946.0
2005-04-13,265.0,261.5,262.5,263.0,0.0,699955.0
2005-04-14,264.25,260.25,262.25,260.25,0.0,2987245.0
2005-04-15,264.45,258.25,262.25,260.25,0.0,702886.0
2005-04-18,264.0,258.75,260.75,263.0,0.0,1765092.0
2005-04-19,262.25,259.0,261.25,260.75,0.0,1551557.0
2005-04-20,265.0,261.0,262.0,261.25,0.0,366195.0
2005-04-21,264.75,260.5,263.0,262.0,0.0,326850.0
2005-04-22,268.25,263.25,265.25,268.25,0.0,779573.0
2005-04-25,266.75,260.03,265.75,260.03,0.0,827786.0
2005-04-26,268.5,264.0,268.5,264.75,0.0,326860.0
2005-04-27,270.5,265.0,270.0,265.75,0.0,2554137.0
2005-04-28,272.5,259.5,272.5,272.25,0.0,5170415.0
2005-04-29,272.75,265.65,269.0,270.25,0.0,3346035.0
2005-05-02,269.0,269.0,269.0,269.0,0.0,0.0
2005-05-03,272.25,265.0,272.0,265.0,0.0,568386.0
2005-05-04,279.75,269.5,272.0,273.0,0.0,595836.0
2005-05-05,280.5,269.25,273.5,274.25,0.0,310685.0
2005-05-06,275.75,272.0,272.0,275.0,0.0,200004.0
2005-05-09,278.0,270.0,271.0,273.5,0.0,1246768.0
2005-05-10,273.25,264.0,265.0,273.25,0.0,519004.0
2005-05-11,267.0,263.5,265.25,263.5,0.0,2532612.0
2005-05-12,269.75,263.5,264.5,266.75,0.0,1593161.0
2005-05-13,270.5,258.25,259.0,264.0,0.0,859211.0
2005-05-16,262.25,256.5,260.0,260.0,0.0,1077400.0
2005-05-17,265.25,260.0,264.0,260.0,0.0,701966.0
2005-05-18,265.0,263.25,264.0,265.0,0.0,98603.0
2005-05-19,272.5,264.0,270.75,265.5,0.0,1652837.0
2005-05-20,272.0,263.0,268.5,272.0,0.0,5758102.0
2005-05-23,273.0,263.0,268.0,273.0,0.0,271586.0
2005-05-24,270.0,263.0,268.0,268.25,0.0,2222551.0
2005-05-25,270.0,265.0,265.0,269.75,0.0,492241.0
2005-05-26,268.0,264.25,268.0,266.25,0.0,2050967.0
2005-05-27,275.0,265.0,268.0,267.0,0.0,659446.0
2005-05-30,268.0,268.0,268.0,268.0,0.0,0.0
2005-05-31,280.0,269.75,274.0,270.0,0.0,1003041.0
2005-06-01,272.99,267.0,270.0,272.99,0.0,655189.0
2005-06-02,280.0,265.0,277.25,268.0,0.0,3080598.0
2005-06-03,277.0,270.0,277.0,270.0,0.0,745887.0
2005-06-06,278.25,276.0,277.0,277.0,0.0,1028750.0
2005-06-07,280.0,270.25,275.0,279.5,0.0,538849.0
2005-06-08,277.0,271.0,271.0,273.25,0.0,899946.0
2005-06-09,277.25,270.5,276.75,271.0,0.0,461491.0
2005-06-10,255.0,248.38,254.0,255.0,0.0,21265578.0
2005-06-13,263.0,254.0,258.75,259.5,0.0,3303896.0
2005-06-14,267.5,259.25,263.0,262.0,0.0,1519650.0
2005-06-15,268.72,260.0,260.0,265.75,0.0,3330504.0
2005-06-16,265.0,255.53,261.75,265.0,0.0,551887.0
2005-06-17,265.0,258.5,265.0,261.75,0.0,281178.0
2005-06-20,267.25,261.25,265.0,265.0,0.0,272318.0
2005-06-21,270.0,262.0,269.75,267.5,0.0,335890.0
2005-06-22,267.75,264.5,267.5,267.0,0.0,488995.0
2005-06-23,269.0,259.0,267.75,265.0,0.0,135829.0
2005-06-24,264.5,260.0,263.5,263.65,0.0,140723.0
2005-06-27,262.0,258.75,260.0,262.0,0.0,412090.0
2005-06-28,270.25,255.5,266.0,255.5,0.0,1096511.0
2005-06-29,267.0,261.75,266.0,266.0,0.0,284219.0
2005-06-30,267.0,260.0,264.5,261.0,0.0,1134379.0
2005-07-01,278.0,263.25,277.0,264.0,0.0,468229.0
2005-07-04,281.25,264.5,278.75,278.25,0.0,328344.0
2005-07-05,283.0,268.0,281.5,278.25,0.0,395589.0
2005-07-06,294.25,263.25,285.0,294.25,0.0,141390.0
2005-07-07,287.75,253.0,282.25,275.25,0.0,961533.0
2005-07-08,295.0,278.25,285.0,280.0,0.0,559041.0
2005-07-11,286.0,276.5,285.0,280.0,0.0,309283.0
2005-07-12,289.25,275.5,283.0,289.25,0.0,494272.0
2005-07-13,280.0,272.25,273.0,278.0,0.0,452941.0
2005-07-14,277.0,271.0,271.0,273.0,0.0,405891.0
2005-07-15,279.0,258.75,261.25,279.0,0.0,459765.0
2005-07-18,267.5,255.0,258.5,255.0,0.0,467083.0
2005-07-19,271.25,257.22,263.0,257.22,0.0,1689385.0
2005-07-20,270.0,259.0,261.5,260.25,0.0,1680587.0
2005-07-21,275.0,261.5,271.0,263.25,0.0,417107.0
2005-07-22,279.5,265.0,265.25,270.0,0.0,81533.0
2005-07-25,276.5,263.0,266.0,267.75,0.0,454234.0
2005-07-26,271.0,263.0,264.25,271.0,0.0,85331.0
2005-07-27,274.25,269.25,269.75,273.5,0.0,1693362.0
2005-07-28,278.25,270.05,273.0,270.05,0.0,328435.0
2005-07-29,276.25,270.0,271.0,276.25,0.0,700164.0
2005-08-01,283.75,270.5,275.75,275.0,0.0,1635587.0
2005-08-02,276.5,273.5,273.5,273.75,0.0,239778.0
2005-08-03,280.0,273.23,273.5,280.0,0.0,288197.0
2005-08-04,275.0,270.0,270.0,274.75,0.0,433768.0
2005-08-05,273.5,265.0,267.75,265.25,0.0,38332.0
2005-08-08,273.5,270.0,270.5,273.5,0.0,221933.0
2005-08-09,273.5,268.0,273.5,270.46,0.0,55034.0
2005-08-10,274.5,268.0,273.25,268.0,0.0,180903.0
2005-08-11,273.5,267.65,270.5,268.55,0.0,244295.0
2005-08-12,278.5,270.0,278.5,275.5,0.0,509511.0
2005-08-15,273.75,270.0,271.25,270.5,0.0,304342.0
2005-08-16,274.0,270.0,274.0,270.04,0.0,104874.0
2005-08-17,276.0,270.0,274.25,270.0,0.0,239081.0
2005-08-18,275.0,272.0,274.0,272.04,0.0,171330.0
2005-08-19,279.75,273.0,275.25,273.0,0.0,47856.0
2005-08-22,277.0,271.75,277.0,272.0,0.0,88375.0
2005-08-23,280.5,274.0,280.0,274.0,0.0,1652291.0
2005-08-24,290.0,278.25,287.75,278.25,0.0,687259.0
2005-08-25,288.25,279.25,288.0,285.0,0.0,371139.0
2005-08-26,287.75,279.75,282.75,283.25,0.0,418418.0
2005-08-29,282.75,282.75,282.75,282.75,0.0,0.0
2005-08-30,295.0,282.75,285.75,282.75,0.0,3108297.0
2005-08-31,289.0,283.25,285.0,285.0,0.0,470840.0
2005-09-01,299.75,285.75,296.0,285.75,0.0,2555101.0
2005-09-02,301.75,290.0,301.75,298.75,0.0,1316237.0
2005-09-05,300.0,290.0,297.0,299.5,0.0,1067705.0
2005-09-06,303.0,290.5,295.5,297.0,0.0,162882.0
2005-09-07,297.0,292.0,296.75,297.0,0.0,438488.0
2005-09-08,295.0,275.25,295.0,284.0,0.0,782273.0
2005-09-09,303.0,290.0,303.0,291.0,0.0,667824.0
2005-09-12,306.5,295.0,302.0,298.75,0.0,2089404.0
2005-09-13,300.0,294.5,298.0,297.05,0.0,3631407.0
2005-09-14,300.0,285.3,300.0,285.3,0.0,393572.0
2005-09-15,305.305,291.5,300.0,298.75,0.0,5877094.0
2005-09-16,307.5,294.75,299.75,300.0,0.0,816083.0
2005-09-19,310.0,287.0,299.0,310.0,0.0,1335954.0
2005-09-20,296.0,292.0,295.75,296.0,0.0,12588311.0
2005-09-21,299.5,290.0,298.5,291.25,0.0,2004581.0
2005-09-22,300.0,296.0,299.75,298.75,0.0,1989558.0
2005-09-23,303.5,298.5,303.0,300.0,0.0,2069673.0
2005-09-26,310.75,300.25,306.5,300.25,0.0,4000988.0
2005-09-27,306.0,300.0,304.0,305.0,0.0,1715119.0
2005-09-28,308.0,305.0,307.5,305.0,0.0,1025354.0
2005-09-29,319.75,305.0,309.5,305.0,0.0,2097095.0
2005-09-30,315.0,305.0,311.5,312.0,0.0,1353073.0
2005-10-03,316.75,307.0,314.0,313.5,0.0,1773174.0
2005-10-04,317.5,305.5,312.5,306.25,0.0,409758.0
2005-10-05,315.75,306.5,309.0,307.0,0.0,899679.0
2005-10-06,312.0,302.75,307.25,307.5,0.0,542716.0
2005-10-07,314.75,305.0,307.0,307.0,0.0,352605.0
2005-10-10,315.25,306.35,313.0,310.0,0.0,1068658.0
2005-10-11,333.0,315.0,323.75,316.75,0.0,2387666.0
2005-10-12,330.0,309.25,318.75,323.75,0.0,1835497.0
2005-10-13,316.0,297.0,304.0,316.0,0.0,982509.0
2005-10-14,320.0,297.0,303.5,305.0,0.0,277872.0
2005-10-17,314.25,300.85,306.5,300.85,0.0,118908.0
2005-10-18,318.0,300.75,308.0,307.0,0.0,650307.0
2005-10-19,309.75,301.0,308.25,302.5,0.0,796038.0
2005-10-20,316.0,306.75,310.5,316.0,0.0,512362.0
2005-10-21,312.0,305.0,309.0,305.0,0.0,1444943.0
2005-10-24,314.25,306.25,313.0,308.0,0.0,157800.0
2005-10-25,324.75,306.5,313.25,314.4,0.0,243503.0
2005-10-26,323.5,306.25,323.5,306.25,0.0,654779.0
2005-10-27,320.0,307.5,319.0,319.5,0.0,98584.0
2005-10-28,322.0,315.0,320.0,319.5,0.0,968297.0
2005-10-31,323.0,312.5,320.0,323.0,0.0,562819.0
2005-11-01,323.0,317.5,320.0,319.75,0.0,1483686.0
2005-11-02,323.0,310.0,321.0,320.0,0.0,1160904.0
2005-11-03,323.0,318.5,322.0,322.5,0.0,1199386.0
2005-11-04,323.0,315.35,322.0,315.35,0.0,236356.0
2005-11-07,323.0,312.0,318.0,312.0,0.0,170178.0
2005-11-08,326.0,316.5,326.0,316.5,0.0,637088.0
2005-11-09,325.0,320.0,322.0,320.0,0.0,224245.0
2005-11-10,323.75,320.0,320.5,323.0,0.0,478632.0
2005-11-11,323.0,320.18,322.0,323.0,0.0,511203.0
2005-11-14,335.0,321.25,332.0,321.5,0.0,2194951.0
2005-11-15,340.0,320.0,327.0,320.0,0.0,1203182.0
2005-11-16,326.25,318.25,324.25,318.25,0.0,1218696.0
2005-11-17,335.5,325.0,329.25,329.75,0.0,1566986.0
2005-11-18,334.5,327.75,330.0,330.0,0.0,3399213.0
2005-11-21,335.0,326.75,331.25,326.75,0.0,1248143.0
2005-11-22,331.25,325.25,329.25,331.25,0.0,977374.0
2005-11-23,335.0,328.75,332.25,330.0,0.0,1061586.0
2005-11-24,333.0,317.0,330.75,317.0,0.0,181257.0
2005-11-25,339.0,330.25,334.5,330.75,0.0,184194.0
2005-11-28,343.9,330.5,336.0,337.75,0.0,472910.0
2005-11-29,340.0,331.25,332.75,334.75,0.0,158887.0
2005-11-30,337.75,325.0,330.25,329.5,0.0,1310821.0
2005-12-01,349.75,331.25,336.0,334.0,0.0,575716.0
2005-12-02,337.75,329.0,334.0,336.0,0.0,155134.0
2005-12-05,337.75,328.0,333.0,337.75,0.0,505577.0
2005-12-06,333.25,324.2,324.25,332.25,0.0,1847817.0
2005-12-07,339.75,321.5,337.0,321.5,0.0,2693628.0
2005-12-08,335.0,330.0,331.5,334.75,0.0,5332426.0
2005-12-09,340.0,330.0,338.25,331.5,0.0,614952.0
2005-12-12,346.5,331.25,340.5,333.0,0.0,992627.0
2005-12-13,344.0,335.25,340.75,335.25,0.0,1160673.0
2005-12-14,347.25,340.0,343.0,342.0,0.0,1890548.0
2005-12-15,344.344,340.0,340.0,340.25,0.0,466606.0
2005-12-16,345.0,340.25,344.0,340.25,0.0,715562.0
2005-12-19,345.25,341.0,344.0,345.0,0.0,1368643.0
2005-12-20,359.25,342.75,352.25,342.75,0.0,1970885.0
2005-12-21,364.75,350.25,361.0,352.25,0.0,2945958.0
2005-12-22,360.5,359.25,360.0,360.0,0.0,1076541.0
2005-12-23,360.0,359.75,360.0,360.0,0.0,206009.0
2005-12-26,360.0,360.0,360.0,360.0,0.0,0.0
2005-12-27,360.0,360.0,360.0,360.0,0.0,0.0
2005-12-28,360.0,357.75,359.5,360.0,0.0,267532.0
2005-12-29,360.0,358.75,360.0,360.0,0.0,141663.0
2005-12-30,360.0,357.28,360.0,360.0,0.0,314073.0
2006-01-02,360.0,360.0,360.0,360.0,0.0,0.0
2006-01-03,368.5,359.0,361.25,360.0,0.0,1389102.0
2006-01-04,365.0,360.75,362.0,364.75,0.0,2857276.0
2006-01-05,364.0,358.25,360.0,361.75,0.0,476427.0
2006-01-06,362.75,357.0,359.0,357.5,0.0,628114.0
2006-01-09,361.0,356.63,358.0,356.63,0.0,369322.0
2006-01-10,364.0,357.0,358.25,360.0,0.0,2767214.0
2006-01-11,362.25,352.5,356.5,362.0,0.0,3785471.0
2006-01-12,364.0,338.0,358.5,364.0,0.0,2938118.0
2006-01-13,362.75,353.0,354.5,360.0,0.0,3078772.0
2006-01-16,360.91,350.0,352.75,354.5,0.0,379099.0
2006-01-17,354.0,348.5,350.25,351.0,0.0,2106530.0
2006-01-18,355.0,345.0,355.0,345.25,0.0,1004123.0
2006-01-19,362.0,350.0,352.5,362.0,0.0,4143122.0
2006-01-20,362.25,354.25,358.0,354.25,0.0,1620703.0
2006-01-23,358.0,345.5,355.0,345.5,0.0,625953.0
2006-01-24,360.0,351.0,355.0,354.0,0.0,1040202.0
2006-01-25,362.5,354.0,355.0,362.5,0.0,1182722.0
2006-01-26,368.5,354.0,366.75,360.75,0.0,4172112.0
2006-01-27,368.885,364.25,365.5,367.5,0.0,1367336.0
2006-01-30,368.0,363.0,367.25,363.0,0.0,1131026.0
2006-01-31,368.0,357.0,360.5,368.0,0.0,396718.0
2006-02-01,367.0,356.0,363.25,358.25,0.0,1247050.0
2006-02-02,370.0,355.0,356.75,365.0,0.0,2143082.0
2006-02-03,364.0,348.0,355.5,353.5,0.0,1082930.0
2006-02-06,360.0,353.34,356.0,353.34,0.0,784746.0
2006-02-07,360.0,351.0,356.25,359.5,0.0,3059374.0
2006-02-08,362.77,353.25,358.0,353.25,0.0,2149886.0
2006-02-09,362.75,351.75,354.25,357.75,0.0,1693755.0
2006-02-10,361.0,351.0,354.0,351.0,0.0,1509205.0
2006-02-13,355.0,351.0,352.0,355.0,0.0,947114.0
2006-02-14,357.25,354.0,357.0,354.0,0.0,512072.0
2006-02-15,360.25,355.0,356.0,356.75,0.0,1053529.0
2006-02-16,360.0,356.0,356.0,358.5,0.0,212017.0
2006-02-17,362.0,358.48,359.0,359.75,0.0,1414627.0
2006-02-20,360.5,358.75,359.0,360.5,0.0,162171.0
2006-02-21,361.75,355.0,357.0,360.25,0.0,1184885.0
2006-02-22,358.75,355.0,356.0,357.945,0.0,460711.0
2006-02-23,360.0,355.25,358.75,355.25,0.0,715244.0
2006-02-24,360.0,355.34,358.5,355.34,0.0,700123.0
2006-02-27,358.5,355.0,355.25,355.34,0.0,1270669.0
2006-02-28,360.0,351.0,355.0,359.75,0.0,3840516.0
2006-03-01,363.0,355.0,362.0,355.0,0.0,1797432.0
2006-03-02,363.75,360.5,361.75,362.0,0.0,3168227.0
2006-03-03,361.75,356.25,360.0,356.25,0.0,787745.0
2006-03-06,366.0,360.0,362.0,360.34,0.0,671405.0
2006-03-07,361.25,353.5,356.0,360.25,0.0,1454974.0
2006-03-08,360.0,332.0,343.5,352.435,0.0,1057712.0
2006-03-09,368.0,349.0,360.0,349.25,0.0,2088642.0
2006-03-10,370.75,359.25,360.0,360.2,0.0,1303291.0
2006-03-13,370.0,363.0,368.0,368.0,0.0,642383.0
2006-03-14,369.5,365.5,366.75,366.0,0.0,401292.0
2006-03-15,378.0,363.45,378.0,366.75,0.0,1858810.0
2006-03-16,385.0,370.0,385.0,372.0,0.0,2088008.0
2006-03-17,391.5,385.0,389.5,385.5,0.0,1370378.0
2006-03-20,395.0,381.75,386.75,389.75,0.0,852484.0
2006-03-21,395.0,383.38,394.5,388.5,0.0,1577199.0
2006-03-22,395.0,389.0,391.0,394.5,0.0,274228.0
2006-03-23,393.0,382.23,392.0,390.75,0.0,5882865.0
2006-03-24,393.5,389.0,393.0,392.0,0.0,535159.0
2006-03-27,392.41,385.5,386.5,389.5,0.0,2270919.0
2006-03-28,390.0,382.0,385.0,390.0,0.0,910930.0
2006-03-29,386.25,379.25,383.0,381.0,0.0,740732.0
2006-03-30,387.75,375.0,378.75,387.75,0.0,887638.0
2006-03-31,381.5,372.1,377.0,381.0,0.0,700905.0
2006-04-03,387.75,376.7,380.0,387.75,0.0,1458218.0
2006-04-04,383.0,373.5,378.75,377.0,0.0,2147832.0
2006-04-05,384.0,375.5,382.5,378.5,0.0,815563.0
2006-04-06,385.0,376.5,382.25,384.25,0.0,310636.0
2006-04-07,385.0,376.34,383.25,376.34,0.0,430977.0
2006-04-10,385.5,381.25,382.25,381.25,0.0,436155.0
2006-04-11,386.75,379.0,380.0,385.0,0.0,318697.0
2006-04-12,380.15,367.5,379.0,378.0,0.0,781168.0
2006-04-13,382.75,379.0,382.75,382.0,0.0,309070.0
2006-04-14,382.75,382.75,382.75,382.75,0.0,0.0
2006-04-17,382.75,382.75,382.75,382.75,0.0,0.0
2006-04-18,381.75,379.0,380.0,379.0,0.0,672661.0
2006-04-19,389.25,383.75,386.0,384.0,0.0,727224.0
2006-04-20,389.5,375.59,388.0,382.5,0.0,1262119.0
2006-04-21,390.0,380.25,388.25,389.75,0.0,397729.0
2006-04-24,390.0,387.5,389.5,388.25,0.0,1037156.0
2006-04-25,394.5,385.75,389.5,385.75,0.0,633132.0
2006-04-26,390.0,388.0,388.5,388.75,0.0,220878.0
2006-04-27,390.0,386.5,390.0,386.75,0.0,202502.0
2006-04-28,390.0,387.0,388.5,387.75,0.0,239667.0
2006-05-01,388.5,388.5,388.5,388.5,0.0,0.0
2006-05-02,392.0,387.75,392.0,389.5,0.0,1705696.0
2006-05-03,396.0,390.0,391.5,394.66,0.0,959454.0
2006-05-04,397.25,388.75,392.25,397.25,0.0,632961.0
2006-05-05,396.0,391.5,391.75,395.75,0.0,630982.0
2006-05-08,399.75,388.25,390.75,399.75,0.0,1288279.0
2006-05-09,394.0,391.0,392.75,391.25,0.0,573629.0
2006-05-10,396.5,393.75,394.75,393.75,0.0,784413.0
2006-05-11,400.75,390.25,390.25,400.75,0.0,388737.0
2006-05-12,388.0,374.25,377.0,382.25,0.0,234246.0
2006-05-15,379.764,365.5,370.0,379.7638,0.0,1020419.0
2006-05-16,386.0,366.0,376.0,386.0,0.0,441673.0
2006-05-17,388.25,373.0,373.0,376.0,0.0,887022.0
2006-05-18,377.25,361.8,371.0,368.59,0.0,918091.0
2006-05-19,374.5,365.75,368.5,368.0,0.0,326843.0
2006-05-22,370.75,362.25,362.25,365.25,0.0,971880.0
2006-05-23,388.5,360.0,371.0,368.0,0.0,649879.0
2006-05-24,382.5,363.25,363.25,365.0,0.0,2566973.0
2006-05-25,365.0,356.0,363.0,360.75,0.0,361593.0
2006-05-26,384.75,364.25,381.25,365.0,0.0,696823.0
2006-05-29,381.25,381.25,381.25,381.25,0.0,0.0
2006-05-30,368.75,358.0,365.0,364.75,0.0,412267.0
2006-05-31,370.0,357.5,361.5,357.75,0.0,973266.0
2006-06-01,382.767,352.0,365.0,356.25,0.0,1538969.0
2006-06-02,374.5,352.0,370.0,374.5,0.0,693251.0
2006-06-05,364.75,352.5,358.25,352.5,0.0,303193.0
2006-06-06,365.0,345.0,351.0,365.0,0.0,593524.0
2006-06-07,360.0,346.57,356.0,354.25,0.0,858734.0
2006-06-08,355.0,346.0,355.0,346.0,0.0,569676.0
2006-06-09,364.0,352.0,354.75,364.0,0.0,426914.0
2006-06-12,359.0,345.0,352.5,345.0,0.0,633937.0
2006-06-13,347.75,330.59,337.5,342.0,0.0,603892.0
2006-06-14,353.0,340.0,345.0,353.0,0.0,559825.0
2006-06-15,360.0,343.25,346.75,350.25,0.0,1186779.0
2006-06-16,356.0,342.0,349.75,351.75,0.0,620401.0
2006-06-19,358.5,340.0,344.25,355.0,0.0,1877324.0
2006-06-20,350.0,340.0,349.0,340.0,0.0,12449798.0
2006-06-21,347.0,343.0,344.75,345.75,0.0,555838.0
2006-06-22,350.25,340.5,344.75,349.75,0.0,1184097.0
2006-06-23,347.75,340.0,346.5,340.0,0.0,829410.0
2006-06-26,347.625,340.5,341.25,347.625,0.0,1174668.0
2006-06-27,345.0,340.0,342.0,343.75,0.0,650482.0
2006-06-28,343.587,340.0,342.75,340.0,0.0,217329.0
2006-06-29,354.5,340.75,346.5,344.0,0.0,547778.0
2006-06-30,356.75,340.5,344.75,356.75,0.0,1027558.0
2006-07-03,350.0,342.0,345.5,350.0,0.0,898457.0
2006-07-04,350.0,340.0,347.5,340.0,0.0,303470.0
2006-07-05,360.75,340.25,346.0,340.25,0.0,2948902.0
2006-07-06,349.5,342.5,344.75,345.07,0.0,300194.0
2006-07-07,363.5,345.0,354.5,350.0,0.0,8983262.0
2006-07-10,362.75,352.75,361.5,352.75,0.0,656560.0
2006-07-11,368.25,351.75,365.0,358.0,0.0,786656.0
2006-07-12,375.0,350.5,366.0,370.5,0.0,653488.0
2006-07-13,367.25,350.5,354.75,360.75,0.0,691494.0
2006-07-14,352.0,342.25,347.5,349.25,0.0,1192704.0
2006-07-17,348.25,343.5,346.25,345.0,0.0,331614.0
2006-07-18,348.25,343.0,344.5,343.25,0.0,562343.0
2006-07-19,350.0,337.75,350.0,344.0,0.0,885159.0
2006-07-20,360.0,349.25,358.5,350.0,0.0,583038.0
2006-07-21,352.75,345.0,350.25,345.75,0.0,659202.0
2006-07-24,364.0,350.25,356.5,351.5,0.0,244624.0
2006-07-25,361.75,354.0,360.0,354.0,0.0,618359.0
2006-07-26,365.3,345.0,360.0,365.0,0.0,709159.0
2006-07-27,369.0,356.25,365.0,359.23,0.0,1372101.0
2006-07-28,370.25,352.25,370.25,359.75,0.0,642794.0
2006-07-31,369.25,355.0,360.5,366.25,0.0,451054.0
2006-08-01,368.0,350.25,362.5,352.425,0.0,356682.0
2006-08-02,370.0,359.3,370.0,366.95,0.0,99429.0
2006-08-03,370.0,354.5,363.25,370.0,0.0,685004.0
2006-08-04,373.25,366.0,371.25,369.75,0.0,286575.0
2006-08-07,371.0,362.75,370.0,363.75,0.0,617331.0
2006-08-08,370.0,360.0,360.25,370.0,0.0,661301.0
2006-08-09,365.75,358.0,364.0,358.0,0.0,413359.0
2006-08-10,365.75,350.25,362.0,361.25,0.0,1369859.0
2006-08-11,367.0,359.5,365.5,359.75,0.0,188576.0
2006-08-14,370.0,355.0,369.25,370.0,0.0,687224.0
2006-08-15,370.0,350.55,369.75,362.5,0.0,552062.0
2006-08-16,369.25,363.0,367.75,363.25,0.0,202151.0
2006-08-17,369.0,359.0,362.5,367.5,0.0,410805.0
2006-08-18,370.375,350.25,365.75,350.25,0.0,304558.0
2006-08-21,370.0,358.0,367.75,362.0,0.0,469576.0
2006-08-22,371.5,364.0,369.5,371.5,0.0,258071.0
2006-08-23,370.25,365.25,370.25,365.25,0.0,1326562.0
2006-08-24,370.25,360.75,368.5,370.25,0.0,341608.0
2006-08-25,370.0,365.5,366.0,368.0,0.0,829347.0
2006-08-28,366.0,366.0,366.0,366.0,0.0,0.0
2006-08-29,375.25,364.75,369.0,364.75,0.0,550495.0
2006-08-30,370.0,366.5,369.0,370.0,0.0,584833.0
2006-08-31,370.0,362.25,369.0,368.75,0.0,1705169.0
2006-09-01,380.5,367.75,372.5,369.0,0.0,1772455.0
2006-09-04,389.0,367.0,389.0,369.0,0.0,2046561.0
2006-09-05,389.25,370.25,384.75,370.25,0.0,1268894.0
2006-09-06,385.193,382.5,382.5,385.0,0.0,625137.0
2006-09-07,384.25,374.25,375.0,379.75,0.0,1043594.0
2006-09-08,383.5,377.0,377.25,380.75,0.0,5367360.0
2006-09-11,376.5,360.17,364.5,376.5,0.0,812706.0
2006-09-12,379.25,364.5,375.0,367.0,0.0,2414635.0
2006-09-13,377.5,367.5,371.25,377.5,0.0,321110.0
2006-09-14,376.5,359.5,360.5,375.0,0.0,562630.0
2006-09-15,370.0,359.75,363.0,369.0,0.0,1368272.0
2006-09-18,369.5,360.5,364.75,360.5,0.0,216107.0
2006-09-19,366.5,361.0,364.5,365.5,0.0,271035.0
2006-09-20,367.75,360.25,366.0,360.25,0.0,2563150.0
2006-09-21,369.0,362.5,368.25,364.75,0.0,542970.0
2006-09-22,367.75,361.5,363.75,361.5,0.0,274889.0
2006-09-25,368.75,360.0,366.0,360.0,0.0,329079.0
2006-09-26,370.0,363.0,369.5,370.0,0.0,440397.0
2006-09-27,370.0,365.63,366.75,369.25,0.0,416610.0
2006-09-28,365.0,363.25,365.0,365.0,0.0,1078145.0
2006-09-29,367.0,362.25,365.5,366.0,0.0,741381.0
2006-10-02,365.0,357.25,360.0,360.75,0.0,8714083.0
2006-10-03,367.0,351.75,366.5,356.5,0.0,3242112.0
2006-10-04,367.25,362.25,366.75,362.25,0.0,1082864.0
2006-10-05,371.5,364.0,369.25,367.0,0.0,661207.0
2006-10-06,380.75,369.13,369.25,369.25,0.0,3070462.0
2006-10-09,372.25,365.0,365.5,369.25,0.0,2546017.0
2006-10-10,372.0,365.25,370.0,365.75,0.0,490356.0
2006-10-11,370.0,367.0,369.25,367.0,0.0,721490.0
2006-10-12,372.0,368.75,370.0,369.0,0.0,1057073.0
2006-10-13,378.75,368.0,377.0,370.0,0.0,1355566.0
2006-10-16,350.0,334.0,347.0,343.0,0.0,6622125.0
2006-10-17,351.95,343.5,350.0,343.5,0.0,6781045.0
2006-10-18,349.0,338.75,343.5,345.25,0.0,4016166.0
2006-10-19,348.0,338.25,344.0,338.25,0.0,2875305.0
2006-10-20,349.25,333.5,340.0,342.75,0.0,3026317.0
2006-10-23,340.0,329.7,340.0,335.0,0.0,981165.0
2006-10-24,343.75,335.0,340.5,335.25,0.0,1105160.0
2006-10-25,349.5,336.5,337.5,343.75,0.0,1387078.0
2006-10-26,344.75,340.0,342.5,340.0,0.0,1196432.0
2006-10-27,340.5,332.5,338.5,339.75,0.0,1173221.0
2006-10-30,340.5,333.0,340.25,333.25,0.0,647096.0
2006-10-31,349.0,337.3,348.5,343.25,0.0,1217479.0
2006-11-01,351.0,342.5,351.0,347.565,0.0,1849725.0
2006-11-02,347.25,337.25,346.0,345.5,0.0,1443273.0
2006-11-03,347.91,343.25,345.75,347.91,0.0,2372072.0
2006-11-06,347.5,344.3,345.75,344.3,0.0,516395.0
2006-11-07,349.25,343.0,348.0,346.75,0.0,1223164.0
2006-11-08,348.25,344.5,345.5,347.31,0.0,829143.0
2006-11-09,347.5,343.0,345.0,343.0,0.0,612843.0
2006-11-10,347.25,342.25,345.0,342.25,0.0,531784.0
2006-11-13,349.0,343.0,347.0,348.75,0.0,203120.0
2006-11-14,351.5,343.5,345.0,351.5,0.0,241615.0
2006-11-15,350.0,343.75,347.5,350.0,0.0,1075322.0
2006-11-16,354.5,346.5,353.5,347.0,0.0,2341340.0
2006-11-17,364.75,355.25,362.0,355.25,0.0,2715725.0
2006-11-20,369.75,359.75,364.25,359.75,0.0,1620776.0
2006-11-21,366.25,349.25,350.25,366.25,0.0,2405993.0
2006-11-22,353.75,342.75,349.75,353.5,0.0,1168907.0
2006-11-23,352.25,345.75,347.25,351.75,0.0,668092.0
2006-11-24,355.0,343.75,348.0,350.0,0.0,1068295.0
2006-11-27,350.156,337.75,339.25,348.0,0.0,914909.0
2006-11-28,366.0,335.0,335.0,337.5,0.0,370852.0
2006-11-29,345.0,335.0,339.75,335.0,0.0,1319536.0
2006-11-30,343.5,335.75,336.0,343.5,0.0,339200.0
2006-12-01,344.266,336.75,337.5,336.75,0.0,2120116.0
2006-12-04,340.0,335.6,336.25,339.75,0.0,610206.0
2006-12-05,338.0,334.18,334.5,336.0,0.0,1931761.0
2006-12-06,338.25,334.25,334.5,337.75,0.0,1656873.0
2006-12-07,339.5,335.75,337.5,335.75,0.0,3797927.0
2006-12-08,343.25,335.0,341.0,335.0,0.0,2215383.0
2006-12-11,342.75,339.5,340.0,339.55,0.0,1590644.0
2006-12-12,344.0,338.23,341.5,338.25,0.0,3880574.0
2006-12-13,341.75,337.75,340.0,340.0,0.0,3275148.0
2006-12-14,355.25,340.38,348.0,342.75,0.0,1023698.0
2006-12-15,351.75,342.0,349.0,345.0,0.0,1241100.0
2006-12-18,355.25,348.75,353.75,350.5,0.0,1442379.0
2006-12-19,355.5,347.0,354.25,351.5,0.0,831513.0
2006-12-20,359.5,352.0,357.5,352.0,0.0,986350.0
2006-12-21,360.0,352.25,358.5,356.25,0.0,999569.0
2006-12-22,356.0,347.5,353.25,350.25,0.0,227844.0
2006-12-25,353.25,353.25,353.25,353.25,0.0,0.0
2006-12-26,353.25,353.25,353.25,353.25,0.0,0.0
2006-12-27,359.7,352.5,358.0,359.7,0.0,901084.0
2006-12-28,360.0,352.5,357.0,360.0,0.0,640732.0
2006-12-29,360.0,350.95,357.5,357.0,0.0,308403.0
2007-01-01,357.5,357.5,357.5,357.5,0.0,0.0
2007-01-02,367.25,355.5,365.25,357.5,0.0,1831258.0
2007-01-03,369.75,363.38,366.5,367.375,0.0,2032008.0
2007-01-04,365.0,355.0,364.25,360.25,0.0,1504097.0
2007-01-05,366.25,360.0,363.5,360.0,0.0,1790232.0
2007-01-08,365.25,360.5,363.5,365.0975,0.0,577525.0
2007-01-09,375.0,365.0,370.0,365.0,0.0,1598058.0
2007-01-10,370.74,359.5,369.0,365.75,0.0,4808325.0
2007-01-11,375.0,368.0,374.0,370.0,0.0,2856160.0
2007-01-12,380.0,373.0,378.5,373.0,0.0,1718175.0
2007-01-15,391.25,378.0,381.0,378.1111,0.0,1239289.0
2007-01-16,381.75,368.75,372.0,379.25,0.0,1250921.0
2007-01-17,375.0,370.25,372.5,373.5,0.0,1050033.0
2007-01-18,373.0,360.75,362.0,360.75,0.0,1659309.0
2007-01-19,360.25,350.5,359.0,350.5,0.0,3208913.0
2007-01-22,358.0,343.0,343.0,358.0,0.0,4930083.0
2007-01-23,345.0,334.5,335.0,345.0,0.0,6216790.0
2007-01-24,348.75,335.0,344.5,335.0,0.0,6275359.0
2007-01-25,345.0,340.5,342.5,340.5,0.0,9327409.0
2007-01-26,351.5,338.0,347.0,341.5,0.0,8541305.0
2007-01-29,347.467,341.0,344.75,345.0,0.0,2317925.0
2007-01-30,351.75,342.25,349.75,342.25,0.0,1345169.0
2007-01-31,347.0,342.0,345.0,345.0,0.0,1334930.0
2007-02-01,353.0,346.25,348.0,353.0,0.0,1564029.0
2007-02-02,353.0,346.0,347.5,350.25,0.0,1022445.0
2007-02-05,354.0,346.75,349.75,347.5,0.0,1277381.0
2007-02-06,363.0,350.0,356.0,350.0,0.0,1577482.0
2007-02-07,363.5,345.0,350.0,354.25,0.0,2009984.0
2007-02-08,355.0,347.0,349.0,355.0,0.0,781086.0
2007-02-09,357.75,337.13,348.0,350.75,0.0,573266.0
2007-02-12,363.0,335.25,351.25,343.25,0.0,1741153.0
2007-02-13,355.0,349.0,352.5,349.0,0.0,1615413.0
2007-02-14,357.5,352.5,353.25,354.75,0.0,270270.0
2007-02-15,356.0,352.0,354.0,352.0,0.0,377583.0
2007-02-16,356.0,349.5,353.0,356.0,0.0,450795.0
2007-02-19,355.0,351.0,352.75,351.0,0.0,197703.0
2007-02-20,355.0,352.5,353.5,353.75,0.0,397620.0
2007-02-21,357.0,352.5,354.0,356.75,0.0,1857652.0
2007-02-22,355.25,351.5,353.0,354.75,0.0,880547.0
2007-02-23,353.75,333.0,347.0,348.5,0.0,2881247.0
2007-02-26,349.0,322.83,344.5,343.75,0.0,749156.0
2007-02-27,350.0,326.0,336.75,341.5,0.0,713349.0
2007-02-28,349.5,320.75,347.0,330.25,0.0,2482806.0
2007-03-01,352.75,328.5,342.25,349.75,0.0,1827304.0
2007-03-02,347.5,331.98,346.0,342.0,0.0,1170067.0
2007-03-05,352.025,329.25,338.75,330.0,0.0,1319117.0
2007-03-06,351.5,333.75,347.0,343.75,0.0,3409054.0
2007-03-07,350.0,340.0,344.75,341.5,0.0,594470.0
2007-03-08,344.0,303.25,333.5,313.25,0.0,9458878.0
2007-03-09,350.0,310.0,340.25,330.0,0.0,8824092.0
2007-03-12,349.75,328.0,330.0,345.51,0.0,3740385.0
2007-03-13,335.25,324.54,327.25,327.5,0.0,4475393.0
2007-03-14,324.25,313.5,313.5,321.25,0.0,3176393.0
2007-03-15,325.75,317.5,323.25,322.75,0.0,2290743.0
2007-03-16,329.5,315.0,322.0,319.25,0.0,2120949.0
2007-03-19,331.25,315.0,329.5,317.0,0.0,1162147.0
2007-03-20,333.0,324.25,330.75,325.25,0.0,1217577.0
2007-03-21,336.5,329.5,333.75,334.0,0.0,1155993.0
2007-03-22,353.0,333.0,336.0,341.475,0.0,2451624.0
2007-03-23,338.5,327.0,335.25,333.0,0.0,944670.0
2007-03-26,338.75,325.15,328.5,330.0,0.0,1167232.0
2007-03-27,335.0,323.25,326.75,334.5,0.0,1105474.0
2007-03-28,320.463,312.0,317.75,312.0,0.0,1769904.0
2007-03-29,326.28,305.75,320.5,315.25,0.0,531337.0
2007-03-30,327.75,313.0,324.25,316.25,0.0,2299546.0
2007-04-02,326.5,322.0,325.5,323.25,0.0,1401464.0
2007-04-03,334.0,326.0,332.75,326.25,0.0,1974761.0
2007-04-04,336.0,331.0,334.25,331.0,0.0,2400880.0
2007-04-05,333.25,317.25,332.0,331.5,0.0,1680443.0
2007-04-06,332.0,332.0,332.0,332.0,0.0,0.0
2007-04-09,332.0,332.0,332.0,332.0,0.0,0.0
2007-04-10,333.0,319.33,329.0,329.5,0.0,1596177.0
2007-04-11,330.0,317.0,325.0,329.0,0.0,965386.0
2007-04-12,330.402,320.75,326.75,320.75,0.0,1086064.0
2007-04-13,332.75,317.5,329.5,326.9686,0.0,1011265.0
2007-04-16,335.45,327.25,334.25,334.0,0.0,992604.0
2007-04-17,334.0,325.25,332.0,325.25,0.0,1225632.0
2007-04-18,334.25,323.25,326.75,332.0,0.0,1298626.0
2007-04-19,331.25,320.5,328.25,320.5,0.0,1105255.0
2007-04-20,334.75,324.0,327.25,334.75,0.0,886957.0
2007-04-23,330.5,319.5,321.25,330.5,0.0,1055471.0
2007-04-24,326.0,318.25,323.75,321.25,0.0,848979.0
2007-04-25,326.0,317.0,317.0,323.5,0.0,970407.0
2007-04-26,326.0,319.0,324.0,321.75,0.0,1361222.0
2007-04-27,324.25,317.5,321.5,317.5,0.0,1031872.0
2007-04-30,320.75,313.75,317.0,317.75,0.0,1323357.0
2007-05-01,318.75,310.25,316.0,310.25,0.0,753864.0
2007-05-02,324.6,314.75,320.5,321.0,0.0,2600249.0
2007-05-03,334.5,313.5,316.25,324.0,0.0,1711990.0
2007-05-04,332.0,312.68,332.0,314.25,0.0,1416234.0
2007-05-06,332.0,332.0,332.0,332.0,0.0,0.0
2007-05-07,332.0,332.0,332.0,332.0,0.0,0.0
2007-05-08,333.25,320.75,333.0,320.75,0.0,2157422.0
2007-05-09,335.75,329.25,333.0,329.25,0.0,1330534.0
2007-05-10,336.25,322.5,335.0,329.5,0.0,1449272.0
2007-05-11,336.5,323.75,332.0,330.0,0.0,778696.0
2007-05-14,338.0,325.25,328.75,337.0,0.0,659104.0
2007-05-15,335.75,315.5,332.0,315.5,0.0,750069.0
2007-05-16,329.75,322.75,325.5,327.0,0.0,1183996.0
2007-05-17,326.5,319.0,322.0,323.0,0.0,962618.0
2007-05-18,320.5,316.0,316.0,319.75,0.0,1381968.0
2007-05-21,318.0,313.5,315.0,316.0,0.0,1662146.0
2007-05-22,317.25,311.5,314.0,315.5,0.0,1416117.0
2007-05-23,322.0,312.25,318.5,312.25,0.0,1211213.0
2007-05-24,331.25,311.0,311.0,321.25,0.0,1898365.0
2007-05-25,315.0,303.23,312.5,310.25,0.0,1150278.0
2007-05-28,312.5,312.5,312.5,312.5,0.0,0.0
2007-05-29,318.0,306.5,317.0,306.5,0.0,704412.0
2007-05-30,316.75,305.25,313.5,311.625,0.0,371985.0
2007-05-31,317.25,308.5,312.75,317.25,0.0,892841.0
2007-06-01,319.5,310.25,316.0,313.25,0.0,1584231.0
2007-06-04,319.5,310.5,312.25,312.5,0.0,1608352.0
2007-06-05,315.0,310.39,314.0,313.0,0.0,3393470.0
2007-06-06,313.75,311.0,312.0,311.5,0.0,1457178.0
2007-06-07,315.0,310.0,312.5,315.0,0.0,1970504.0
2007-06-08,315.75,304.25,313.25,310.0,0.0,1104017.0
2007-06-11,318.0,307.5,311.5,318.0,0.0,2471076.0
2007-06-12,313.25,306.75,311.0,308.75,0.0,398815.0
2007-06-13,316.25,306.0,307.75,309.0,0.0,611709.0
2007-06-14,313.25,305.0,307.75,313.25,0.0,716824.0
2007-06-15,319.0,306.25,318.0,306.25,0.0,1455815.0
2007-06-18,320.25,310.77,313.0,320.25,0.0,910089.0
2007-06-19,316.5,307.25,312.25,312.5,0.0,2025544.0
2007-06-20,316.066,307.5,315.0,309.75,0.0,1257652.0
2007-06-21,313.5,301.25,305.0,310.25,0.0,3689791.0
2007-06-22,307.75,299.5,304.75,304.25,0.0,3354456.0
2007-06-25,320.25,300.0,320.25,300.0,0.0,1401077.0
2007-06-26,321.5,300.49,319.0,315.25,0.0,5512393.0
2007-06-27,318.0,311.0,316.0,311.75,0.0,4146415.0
2007-06-28,326.75,313.75,326.75,320.811,0.0,1897376.0
2007-06-29,325.25,315.5,323.25,324.75,0.0,1478100.0
2007-07-02,322.25,316.71,322.0,316.7125,0.0,1562330.0
2007-07-03,345.75,321.03,333.25,321.25,0.0,1609125.0
2007-07-04,334.75,326.99,328.0,334.025,0.0,478973.0
2007-07-05,349.088,319.0,334.0,332.0,0.0,1242337.0
2007-07-06,333.25,319.25,329.5,329.0,0.0,1391056.0
2007-07-09,339.75,328.25,335.75,333.0,0.0,424680.0
2007-07-10,339.5,325.0,330.5,332.5,0.0,867971.0
2007-07-11,335.5,325.5,328.0,325.75,0.0,1121842.0
2007-07-12,338.652,326.25,332.25,327.25,0.0,1231817.0
2007-07-13,357.0,335.25,342.25,337.0,0.0,928259.0
2007-07-16,347.25,336.0,337.25,343.75,0.0,351420.0
2007-07-17,335.75,327.25,333.0,334.0,0.0,1357499.0
2007-07-18,338.5,329.0,332.5,329.0,0.0,712808.0
2007-07-19,339.0,332.0,333.75,337.25,0.0,355854.0
2007-07-20,343.0,324.5,339.0,330.75,0.0,736853.0
2007-07-23,342.75,333.75,336.25,338.5,0.0,1348645.0
2007-07-24,334.75,324.75,331.5,332.75,0.0,823649.0
2007-07-25,344.75,320.75,328.75,326.0,0.0,1050073.0
2007-07-26,330.0,302.25,320.0,330.0,0.0,1662054.0
2007-07-27,325.0,308.5,319.5,313.0,0.0,1182445.0
2007-07-30,326.0,314.5,325.0,314.5,0.0,1220679.0
2007-07-31,331.0,318.96,331.0,324.0,0.0,1740435.0
2007-08-01,332.25,322.0,325.0,331.0,0.0,4395533.0
2007-08-02,330.75,316.0,318.75,330.75,0.0,1547214.0
2007-08-03,326.0,305.5,320.75,319.0,0.0,1865546.0
2007-08-06,330.0,309.75,316.5,317.0,0.0,1508090.0
2007-08-07,321.25,307.0,317.75,316.0253,0.0,1243799.0
2007-08-08,348.75,315.0,323.0,323.75,0.0,6321323.0
2007-08-09,344.25,323.25,339.0,323.25,0.0,6961631.0
2007-08-10,345.0,318.5,330.0,332.25,0.0,6696621.0
2007-08-13,333.75,305.0,320.25,332.25,0.0,2311643.0
2007-08-14,329.0,311.75,324.0,311.75,0.0,1506352.0
2007-08-15,327.75,312.0,326.5,315.75,0.0,1006204.0
2007-08-16,327.75,315.0,317.75,321.5,0.0,1254876.0
2007-08-17,343.5,315.59,323.75,323.0,0.0,2190760.0
2007-08-20,329.5,304.75,311.75,326.75,0.0,1366132.0
2007-08-21,307.5,287.5,302.5,307.0,0.0,1625130.0
2007-08-22,317.0,305.75,311.0,307.0,0.0,1104776.0
2007-08-23,316.5,300.25,303.75,315.0,0.0,1653570.0
2007-08-24,312.25,303.0,306.75,305.25,0.0,886466.0
2007-08-27,306.75,306.75,306.75,306.75,0.0,0.0
2007-08-28,315.0,300.0,300.0,311.5,0.0,1411920.0
2007-08-29,327.5,295.5,301.5,295.5,0.0,1553341.0
2007-08-30,312.0,300.0,305.25,305.5,0.0,799932.0
2007-08-31,312.0,296.75,305.5,311.5,0.0,1230643.0
2007-09-03,315.5,304.75,311.25,308.5,0.0,3147317.0
2007-09-04,316.75,299.75,306.75,308.75,0.0,1326529.0
2007-09-05,310.25,299.5,305.75,302.0,0.0,1624354.0
2007-09-06,310.0,270.0,289.0,310.0,0.0,3966079.0
2007-09-07,301.0,284.5,295.0,289.0,0.0,3619718.0
2007-09-10,302.125,290.5,295.0,296.0925,0.0,3353902.0
2007-09-11,298.01,289.0,291.25,298.01,0.0,2528094.0
2007-09-12,294.75,279.0,283.0,294.75,0.0,2179746.0
2007-09-13,287.0,272.75,277.75,278.75,0.0,1084976.0
2007-09-14,285.0,274.75,280.75,274.75,0.0,2491469.0
2007-09-17,278.75,270.25,272.5,278.0,0.0,814719.0
2007-09-18,284.0,269.82,276.25,272.25,0.0,809631.0
2007-09-19,285.0,277.25,279.5,282.75,0.0,751796.0
2007-09-20,279.293,269.3,272.0,277.25,0.0,1783261.0
2007-09-21,277.25,267.25,273.0,267.75,0.0,2633527.0
2007-09-24,272.0,259.75,270.0,269.25,0.0,2632456.0
2007-09-25,275.0,265.5,271.25,270.0,0.0,1710086.0
2007-09-26,275.0,267.0,272.0,270.0,0.0,2652206.0
2007-09-27,276.0,267.0,270.0,276.0,0.0,1643595.0
2007-09-28,305.0,276.75,290.0,297.0,0.0,5455598.0
2007-10-01,304.5,286.42,303.5,287.25,0.0,3597706.0
2007-10-02,308.0,297.25,300.0,308.0,0.0,2160752.0
2007-10-03,315.25,302.5,304.0,303.5,0.0,1911689.0
2007-10-04,300.0,285.5,290.5,300.0,0.0,3106739.0
2007-10-05,300.0,289.25,291.0,300.0,0.0,761167.0
2007-10-08,292.75,285.75,291.0,292.5575,0.0,324873.0
2007-10-09,291.0,278.25,282.25,291.0,0.0,2143279.0
2007-10-10,286.0,271.0,274.25,282.7275,0.0,1816378.0
2007-10-11,284.25,275.49,279.0,280.76,0.0,754958.0
2007-10-12,297.18,275.0,284.25,275.0,0.0,1922038.0
2007-10-15,285.25,276.0,278.5,284.0,0.0,1054169.0
2007-10-16,286.75,276.0,279.25,276.0,0.0,1280707.0
2007-10-17,289.326,274.0,285.25,277.0,0.0,4319677.0
2007-10-18,283.0,276.75,279.5,281.5,0.0,903186.0
2007-10-19,281.5,276.0,280.0,276.0,0.0,887272.0
2007-10-22,281.0,273.5,277.0,275.25,0.0,1529001.0
2007-10-23,281.0,275.5,280.25,275.5,0.0,1010309.0
2007-10-24,281.0,276.25,278.0,278.0,0.0,1023064.0
2007-10-25,294.75,275.0,288.25,276.0,0.0,1172130.0
2007-10-26,298.092,275.0,291.0,285.75,0.0,995901.0
2007-10-29,299.305,286.25,289.75,289.62,0.0,445558.0
2007-10-30,295.0,286.5,288.75,290.0,0.0,545412.0
2007-10-31,305.0,288.75,303.75,293.0,0.0,1871875.0
2007-11-01,298.25,285.0,288.75,298.25,0.0,932668.0
2007-11-02,297.5,283.5,289.25,283.5,0.0,734381.0
2007-11-05,289.0,283.5,284.5,285.25,0.0,205104.0
2007-11-06,288.75,277.0,278.0,288.75,0.0,368367.0
2007-11-07,282.0,271.25,273.75,282.0,0.0,619492.0
2007-11-08,280.0,266.75,270.0,266.75,0.0,1443120.0
2007-11-09,276.5,256.75,257.5,273.0,0.0,1867874.0
2007-11-12,265.75,255.0,264.0,255.0,0.0,1373811.0
2007-11-13,268.75,260.0,267.0,264.5,0.0,815736.0
2007-11-14,274.0,264.0,273.0,272.5,0.0,955893.0
2007-11-15,281.75,268.5,275.0,268.5,0.0,769242.0
2007-11-16,282.0,271.0,278.25,278.0,0.0,698805.0
2007-11-19,283.5,267.5,273.0,278.0,0.0,854897.0
2007-11-20,279.0,268.25,276.25,275.0,0.0,786990.0
2007-11-21,279.5,260.0,272.0,272.75,0.0,651068.0
2007-11-22,283.25,264.93,277.25,275.0,0.0,848299.0
2007-11-23,283.75,277.25,279.0,279.75,0.0,461887.0
2007-11-26,284.5,276.0,281.75,279.0,0.0,856107.0
2007-11-27,335.5,276.0,300.0,278.25,0.0,1727732.0
2007-11-28,316.75,301.5,304.25,307.25,0.0,1273101.0
2007-11-29,306.0,298.25,301.25,300.25,0.0,764510.0
2007-11-30,309.75,297.5,304.0,301.0,0.0,838980.0
2007-12-03,310.75,281.5,281.5,304.25,0.0,886576.0
2007-12-04,304.75,279.5,296.25,279.5,0.0,993286.0
2007-12-05,300.75,287.75,295.25,296.75,0.0,724132.0
2007-12-06,301.0,292.0,296.5,295.25,0.0,662472.0
2007-12-07,307.0,300.0,304.0,300.5,0.0,1175227.0
2007-12-10,300.0,278.5,297.25,290.0,0.0,1539204.0
2007-12-11,293.25,274.0,282.0,290.0,0.0,1423565.0
2007-12-12,295.5,275.5,284.0,275.5,0.0,1443048.0
2007-12-13,287.0,271.0,285.25,279.5,0.0,1396543.0
2007-12-14,289.75,264.25,272.25,289.5,0.0,1829965.0
2007-12-17,280.75,262.75,274.0,267.75,0.0,1069360.0
2007-12-18,287.5,268.45,278.25,272.25,0.0,1045233.0
2007-12-19,282.25,272.5,276.25,282.25,0.0,490181.0
2007-12-20,281.75,274.25,281.5,274.75,0.0,403894.0
2007-12-21,290.0,275.0,285.0,284.75,0.0,978619.0
2007-12-24,290.0,279.0,285.0,290.0,0.0,1390337.0
2007-12-25,285.0,285.0,285.0,285.0,0.0,0.0
2007-12-26,285.0,285.0,285.0,285.0,0.0,0.0
2007-12-27,289.5,277.0,282.75,277.0,0.0,638117.0
2007-12-28,294.0,277.75,284.5,278.5,0.0,540634.0
2007-12-31,294.75,275.25,277.0,289.75,0.0,230074.0
2008-01-01,277.0,277.0,277.0,277.0,0.0,0.0
2008-01-02,282.75,274.9,278.25,276.0,0.0,595268.0
2008-01-03,286.0,275.25,277.5,275.25,0.0,838021.0
2008-01-04,283.0,273.0,275.0,274.0,0.0,1107169.0
2008-01-07,278.0,273.0,275.5,273.0,0.0,836663.0
2008-01-08,281.0,274.0,275.0,279.75,0.0,591807.0
2008-01-09,278.75,271.0,275.0,277.75,0.0,1366466.0
2008-01-10,282.0,273.0,275.0,275.25,0.0,910510.0
2008-01-11,279.5,269.0,273.5,275.0,0.0,1833031.0
2008-01-14,279.5,270.0,276.0,270.0,0.0,1033186.0
2008-01-15,275.5,270.0,273.0,270.25,0.0,1424134.0
2008-01-16,273.25,261.5,272.0,268.5,0.0,773707.0
2008-01-17,278.0,265.5,274.0,265.5,0.0,873911.0
2008-01-18,280.0,256.75,260.0,280.0,0.0,909606.0
2008-01-21,271.25,248.5,265.0,253.5,0.0,939170.0
2008-01-22,270.0,255.0,267.75,266.25,0.0,1014096.0
2008-01-23,279.25,262.5,269.75,272.0,0.0,1454097.0
2008-01-24,281.0,263.75,272.75,281.0,0.0,1080220.0
2008-01-25,275.0,262.25,267.75,270.25,0.0,1468539.0
2008-01-28,272.75,262.25,269.25,264.75,0.0,770479.0
2008-01-29,274.25,263.75,265.5,267.0,0.0,1091753.0
2008-01-30,275.5,260.0,274.0,260.0,0.0,1150794.0
2008-01-31,275.75,263.75,266.25,268.0,0.0,1339396.0
2008-02-01,274.75,262.0,266.0,262.0,0.0,1875436.0
2008-02-04,275.25,267.5,272.0,272.0,0.0,1230649.0
2008-02-05,277.5,264.75,271.0,265.0,0.0,1376749.0
2008-02-06,276.0,267.25,274.0,270.5,0.0,890973.0
2008-02-07,275.38,266.25,272.0,267.5,0.0,1252573.0
2008-02-08,274.25,263.5,266.75,269.5,0.0,693726.0
2008-02-11,270.5,260.0,262.75,261.0,0.0,534488.0
2008-02-12,269.5,257.0,260.5,269.0,0.0,966342.0
2008-02-13,260.0,247.25,253.75,256.0,0.0,1398459.0
2008-02-14,262.75,253.25,255.0,260.0,0.0,1592607.0
2008-02-15,260.75,244.5,247.75,256.0,0.0,989871.0
2008-02-18,260.5,248.0,258.0,248.5,0.0,791246.0
2008-02-19,270.25,254.0,269.25,254.0,0.0,846140.0
2008-02-20,272.75,259.0,261.5,269.25,0.0,1431013.0
2008-02-21,269.0,260.75,265.0,262.75,0.0,658349.0
2008-02-22,267.0,261.75,266.5,261.75,0.0,813456.0
2008-02-25,278.0,268.25,275.0,268.25,0.0,1446568.0
2008-02-26,280.0,270.75,274.0,277.0,0.0,918690.0
2008-02-27,279.25,273.0,275.5,276.75,0.0,542126.0
2008-02-28,282.75,272.0,275.75,276.75,0.0,1017202.0
2008-02-29,278.25,267.0,269.25,276.5,0.0,864618.0
2008-03-03,271.25,263.5,268.75,268.0,0.0,793931.0
2008-03-04,275.75,264.0,267.75,269.25,0.0,812979.0
2008-03-05,275.0,267.25,273.75,267.25,0.0,779332.0
2008-03-06,276.75,270.0,273.5,276.75,0.0,671723.0
2008-03-07,275.0,265.0,266.5,269.0,0.0,1298474.0
2008-03-10,273.5,267.0,269.75,267.0,0.0,1097441.0
2008-03-11,275.0,265.75,268.0,272.5,0.0,1300138.0
2008-03-12,274.5,252.36,259.75,273.0,0.0,1688095.0
2008-03-13,241.0,207.0,230.75,231.0,0.0,2958118.0
2008-03-14,251.0,218.5,247.75,226.0,0.0,1795071.0
2008-03-17,254.038,226.25,249.75,236.0,0.0,2200591.0
2008-03-18,249.75,228.0,240.0,247.0,0.0,1329153.0
2008-03-19,247.25,236.75,240.0,242.5,0.0,1223761.0
2008-03-20,250.75,234.5,246.25,238.75,0.0,1760942.0
2008-03-21,246.25,246.25,246.25,246.25,0.0,0.0
2008-03-24,246.25,246.25,246.25,246.25,0.0,0.0
2008-03-25,251.5,239.75,247.25,247.0,0.0,1101080.0
2008-03-26,242.75,232.25,242.5,236.0,0.0,856765.0
2008-03-27,248.75,239.25,246.0,243.0,0.0,1135270.0
2008-03-28,250.5,243.51,249.0,248.0,0.0,782046.0
2008-03-31,259.0,244.0,249.0,250.75,0.0,1016580.0
2008-04-01,260.25,243.25,257.0,243.25,0.0,994872.0
2008-04-02,264.75,254.5,258.25,254.5,0.0,1181848.0
2008-04-03,262.5,248.5,251.0,258.5,0.0,563626.0
2008-04-04,257.25,248.5,252.0,249.5,0.0,449883.0
2008-04-07,250.5,244.75,248.5,249.25,0.0,414652.0
2008-04-08,250.25,243.5,246.75,250.25,0.0,327846.0
2008-04-09,249.25,236.0,242.5,246.0,0.0,491583.0
2008-04-10,249.5,236.0,244.75,244.0,0.0,666688.0
2008-04-11,248.5,239.0,245.0,243.75,0.0,663317.0
2008-04-14,249.5,240.75,248.25,240.75,0.0,490946.0
2008-04-15,251.5,244.0,248.5,244.5,0.0,412556.0
2008-04-16,253.75,240.0,250.5,247.75,0.0,804110.0
2008-04-17,250.0,242.75,247.0,250.0,0.0,300954.0
2008-04-18,254.75,245.25,250.75,246.0,0.0,296006.0
2008-04-21,252.75,245.75,251.75,249.25,0.0,493428.0
2008-04-22,257.5,247.0,250.5,249.459,0.0,442302.0
2008-04-23,252.25,244.0,248.75,244.0,0.0,253673.0
2008-04-24,254.25,246.75,252.75,248.25,0.0,355196.0
2008-04-25,254.5,249.0,252.5,250.0,0.0,280869.0
2008-04-28,258.75,252.75,255.0,253.75,0.0,192010.0
2008-04-29,255.0,248.0,248.0,252.0,0.0,184736.0
2008-04-30,269.0,247.25,264.0,247.25,0.0,526010.0
2008-05-01,266.0,261.75,264.25,261.75,0.0,262485.0
2008-05-02,274.75,257.25,271.0,263.25,0.0,1173275.0
2008-05-05,271.0,271.0,271.0,271.0,0.0,0.0
2008-05-06,269.0,256.5,262.25,269.0,0.0,1033371.0
2008-05-07,267.75,260.25,262.0,261.25,0.0,565547.0
2008-05-08,264.5,257.5,260.75,257.5,0.0,404850.0
2008-05-09,267.113,253.25,255.5,255.75,0.0,249711.0
2008-05-12,266.75,254.75,262.0,260.0,0.0,342637.0
2008-05-13,263.75,255.5,257.0,263.75,0.0,622609.0
2008-05-14,259.0,254.5,256.0,255.75,0.0,409465.0
2008-05-15,264.0,255.25,263.5,257.75,0.0,305830.0
2008-05-16,266.0,259.25,261.25,263.0,0.0,370662.0
2008-05-19,266.0,262.0,266.0,265.0,0.0,270613.0
2008-05-20,266.5,260.25,264.25,260.25,0.0,587318.0
2008-05-21,266.0,254.0,255.0,262.0,0.0,799637.0
2008-05-22,264.0,247.25,262.0,253.0,0.0,584270.0
2008-05-23,266.0,255.75,264.0,258.75,0.0,806309.0
2008-05-26,264.0,264.0,264.0,264.0,0.0,0.0
2008-05-27,264.0,257.25,259.25,260.0,0.0,280636.0
2008-05-28,264.75,255.25,262.5,261.25,0.0,171582.0
2008-05-29,269.75,261.5,266.25,263.5,0.0,230495.0
2008-05-30,270.75,257.0,257.0,264.5,0.0,602658.0
2008-06-02,261.75,251.0,259.75,257.5,0.0,598171.0
2008-06-03,265.0,252.0,262.0,254.0,0.0,417489.0
2008-06-04,267.0,258.75,266.0,258.75,0.0,274469.0
2008-06-05,266.0,261.0,264.5,265.75,0.0,242129.0
2008-06-06,266.0,257.5,259.25,265.0,0.0,269123.0
2008-06-09,269.25,257.0,266.0,257.0,0.0,527151.0
2008-06-10,265.075,258.75,261.25,261.5,0.0,361008.0
2008-06-11,266.0,255.5,264.0,260.5,0.0,1169307.0
2008-06-12,263.75,257.25,260.75,262.0,0.0,532727.0
2008-06-13,262.25,256.25,259.0,258.5,0.0,613891.0
2008-06-16,260.25,248.0,255.75,260.25,0.0,462975.0
2008-06-17,260.25,250.25,257.75,250.25,0.0,699601.0
2008-06-18,258.25,252.0,257.0,257.25,0.0,508612.0
2008-06-19,255.75,247.75,251.25,253.5,0.0,262036.0
2008-06-20,253.5,247.5,250.25,250.0,0.0,855269.0
2008-06-23,253.75,246.5,249.5,246.5,0.0,427680.0
2008-06-24,251.0,244.0,247.75,244.0,0.0,3256923.0
2008-06-25,253.25,247.5,252.0,247.5,0.0,365749.0
2008-06-26,251.0,244.25,244.25,249.75,0.0,524238.0
2008-06-27,248.5,238.25,243.0,248.5,0.0,586502.0
2008-06-30,246.0,238.0,244.5,245.0,0.0,508417.0
2008-07-01,253.5,238.75,240.75,239.0,0.0,978594.0
2008-07-02,249.5,240.0,240.75,240.75,0.0,882822.0
2008-07-03,242.0,232.5,238.25,239.0,0.0,786851.0
2008-07-04,238.5,235.75,236.75,236.5,0.0,168370.0
2008-07-07,239.5,236.5,238.25,238.0,0.0,180444.0
2008-07-08,234.75,228.0,229.75,233.25,0.0,446313.0
2008-07-09,245.0,230.25,241.0,230.25,0.0,710248.0
2008-07-10,239.0,231.25,235.25,236.0,0.0,384491.0
2008-07-11,241.0,226.25,227.0,240.5,0.0,449454.0
2008-07-14,234.0,225.0,225.25,230.0,0.0,787444.0
2008-07-15,233.25,224.5,228.5,228.25,0.0,1239065.0
2008-07-16,238.0,222.0,228.5,231.0,0.0,832016.0
2008-07-17,240.75,228.0,230.25,235.71,0.0,564556.0
2008-07-18,236.75,224.0,235.25,230.0,0.0,685606.0
2008-07-21,254.75,234.0,250.0,237.75,0.0,836295.0
2008-07-22,251.5,245.75,250.0,247.75,0.0,443864.0
2008-07-23,260.0,246.75,253.0,250.5,0.0,546020.0
2008-07-24,264.75,245.75,251.5,253.0,0.0,924372.0
2008-07-25,255.0,242.0,252.25,249.75,0.0,579219.0
2008-07-28,252.0,239.5,245.0,252.0,0.0,760424.0
2008-07-29,241.25,235.25,238.25,241.25,0.0,1149289.0
2008-07-30,255.0,237.0,250.5,240.25,0.0,1491011.0
2008-07-31,254.25,241.25,243.25,246.01,0.0,597824.0
2008-08-01,248.0,238.0,245.5,238.0,0.0,578311.0
2008-08-04,248.75,244.25,245.5,248.75,0.0,517352.0
2008-08-05,251.5,243.75,246.75,248.0,0.0,1202350.0
2008-08-06,251.0,244.75,248.25,250.5,0.0,1348153.0
2008-08-07,248.0,235.75,239.0,248.0,0.0,418949.0
2008-08-08,248.5,235.25,247.75,235.25,0.0,4878144.0
2008-08-11,257.5,247.25,255.25,250.25,0.0,987689.0
2008-08-12,258.0,251.0,257.25,253.75,0.0,753350.0
2008-08-13,279.0,263.0,268.5,263.0,0.0,1317135.0
2008-08-14,276.25,267.25,276.0,267.75,0.0,1449447.0
2008-08-15,274.75,264.0,274.75,273.5,0.0,1679758.0
2008-08-18,276.5,269.0,273.5,273.5,0.0,519466.0
2008-08-19,269.75,266.0,267.75,269.0,0.0,379957.0
2008-08-20,270.0,265.75,269.25,270.0,0.0,374564.0
2008-08-21,273.5,264.75,271.0,269.75,0.0,863424.0
2008-08-22,358.0,344.75,345.5,345.0,0.0,5366762.0
2008-08-25,345.5,345.5,345.5,345.5,0.0,0.0
2008-08-26,346.0,342.0,344.75,343.0,0.0,25740940.0
2008-08-27,344.0,340.5,344.0,340.5,0.0,2482224.0
2008-08-28,348.5,343.5,347.5,344.0,0.0,696695.0
2008-08-29,349.0,344.0,344.0,345.75,0.0,4605599.0
2008-09-01,353.5,346.25,352.0,346.25,0.0,715472.0
2008-09-02,362.0,350.5,354.0,354.0,0.0,553190.0
2008-09-03,351.75,348.75,349.5,350.25,0.0,791444.0
2008-09-04,349.75,347.0,347.5,347.5,0.0,339980.0
2008-09-05,347.0,343.0,343.25,346.25,0.0,1041046.0
2008-09-08,349.0,342.5,344.5,347.0,0.0,310336.0
2008-09-09,345.0,341.5,343.0,344.5,0.0,3845365.0
2008-09-10,346.75,342.75,342.75,346.75,0.0,1453641.0
2008-09-11,344.5,340.25,342.0,344.5,0.0,943891.0
2008-09-12,345.25,340.5,340.75,342.13,0.0,1272868.0
2008-09-15,341.25,337.25,338.0,341.0,0.0,899408.0
2008-09-16,340.0,327.0,331.0,336.0,0.0,2713232.0
2008-09-17,336.5,330.0,332.0,331.0,0.0,7765422.0
2008-09-18,337.0,330.25,333.0,333.7791,0.0,2002335.0
2008-09-19,358.0,331.0,331.0,333.08,0.0,5405057.0
2008-09-22,339.0,330.0,334.0,330.0,0.0,3141375.0
2008-09-23,340.25,332.0,332.0,335.1781,0.0,398877.0
2008-09-24,336.0,332.0,332.0,334.0,0.0,935488.0
2008-09-25,333.5,332.0,333.0,333.0,0.0,496355.0
2008-09-26,335.0,332.5,335.0,333.0,0.0,353850.0
2008-09-29,336.0,332.0,332.0,333.51,0.0,870142.0
2008-09-30,336.0,330.25,334.0,332.0,0.0,1059045.0
2008-10-01,334.25,332.0,332.0,333.25,0.0,2231714.0
2008-10-02,336.5,330.25,336.0,332.0,0.0,1457664.0
2008-10-03,336.0,330.25,336.0,330.25,0.0,1969688.0
2008-10-06,334.0,322.0,329.0,332.0,0.0,2686512.0
2008-10-07,337.0,330.0,333.0,331.75,0.0,5298285.0
2008-10-08,332.0,318.5,318.5,330.0,0.0,4999815.0
2008-10-09,330.75,321.75,325.0,325.25,0.0,2240974.0
2008-10-10,335.0,315.0,335.0,325.0,0.0,2508918.0
2008-10-13,340.0,328.5,340.0,334.75,0.0,1158786.0
2008-10-14,342.0,331.0,339.75,340.0,0.0,261846.0
2008-10-15,341.0,335.5,338.0,335.5,0.0,1245551.0
2008-10-16,341.0,336.75,338.0,338.0,0.0,891269.0
2008-10-17,346.0,338.5,340.0,346.0,0.0,232322.0
2008-10-20,340.0,338.0,338.75,338.0,0.0,130596.0
2008-10-21,340.25,336.25,339.0,338.98,0.0,169708.0
2008-10-22,340.0,335.0,335.0,338.0,0.0,412502.0
2008-10-23,341.25,338.75,339.0,340.0,0.0,107021.0
2008-10-24,345.0,337.25,338.0,345.0,0.0,1377127.0
2008-10-27,342.5,336.0,336.0,342.5,0.0,261030.0
2008-10-28,341.25,334.0,336.0,338.0,0.0,1017022.0
2008-10-29,340.0,335.0,335.0,336.5,105.0,235194.0
2008-10-30,339.5,336.25,339.0,337.13,239.0,1309104.0
2008-10-31,339.5,336.25,338.25,336.25,137.0,2200004.0
2008-11-03,342.0,338.0,342.0,338.65,286.0,776924.0
2008-11-04,345.25,341.25,342.5,341.25,147.0,457350.0
2008-11-05,344.5,342.5,344.5,343.75,219.0,404483.0
2008-11-06,344.5,339.0,343.25,344.25,166.0,1147647.0
2008-11-07,344.75,341.5,343.0,344.75,139.0,372114.0
2008-11-10,345.0,342.5,343.0,342.5,193.0,205745.0
2008-11-11,345.0,343.25,344.0,344.75,239.0,323375.0
2008-11-12,345.0,343.0,345.0,344.0,166.0,268787.0
2008-11-13,344.75,342.5,344.5,343.5,98.0,126048.0
2008-11-14,345.0,342.5,343.0,344.5,119.0,286283.0
2008-11-17,345.0,342.0,342.5,345.0,181.0,264448.0
2008-11-18,345.0,342.0,344.25,343.75,230.0,319952.0
2008-11-19,348.0,346.0,347.25,346.0,202.0,23863143.0
2008-11-20,347.75,346.75,346.75,347.5,247.0,10335983.0
2008-11-21,347.1,345.0,346.0,347.0,214.0,26093524.0
2008-11-24,347.0,346.25,347.0,346.25,133.0,202149.0
2008-11-25,348.25,346.25,348.0,347.0,112.0,587191.0
2008-11-26,349.5,347.5,349.25,348.0,213.0,848372.0
2008-11-27,350.0,347.5,349.0,347.5,94.0,1293933.0
2008-11-28,349.0,349.0,349.0,349.0,0.0,0.0
2008-12-01,349.0,349.0,349.0,349.0,0.0,0.0
2008-12-02,349.0,349.0,349.0,349.0,0.0,0.0
2008-12-03,349.0,349.0,349.0,349.0,0.0,0.0
2008-12-04,349.0,349.0,349.0,349.0,0.0,0.0
2008-12-05,349.0,349.0,349.0,349.0,0.0,0.0
2008-12-08,349.0,349.0,349.0,349.0,0.0,0.0
2008-12-09,349.0,349.0,349.0,349.0,0.0,0.0
2008-12-10,349.0,349.0,349.0,349.0,0.0,0.0
2008-12-11,349.0,349.0,349.0,349.0,0.0,0.0
2008-12-12,349.0,349.0,349.0,349.0,0.0,0.0
2008-12-15,349.0,349.0,349.0,349.0,0.0,0.0
2008-12-16,349.0,349.0,349.0,349.0,0.0,0.0
2008-12-17,349.0,349.0,349.0,349.0,0.0,0.0
2008-12-18,349.0,349.0,349.0,349.0,0.0,0.0
2008-12-19,349.0,349.0,349.0,349.0,0.0,0.0
2008-12-22,349.0,349.0,349.0,349.0,0.0,0.0
2008-12-23,349.0,349.0,349.0,349.0,0.0,0.0
2008-12-24,349.0,349.0,349.0,349.0,0.0,0.0
2008-12-25,349.0,349.0,349.0,349.0,0.0,0.0
2008-12-26,349.0,349.0,349.0,349.0,0.0,0.0
2008-12-29,349.0,349.0,349.0,349.0,0.0,0.0
2008-12-30,349.0,349.0,349.0,349.0,0.0,0.0
2008-12-31,349.0,349.0,349.0,349.0,0.0,0.0
2009-01-01,349.0,349.0,349.0,349.0,0.0,0.0
2009-01-02,349.0,349.0,349.0,349.0,0.0,0.0
2009-01-05,349.0,349.0,349.0,349.0,0.0,0.0
2009-01-06,349.0,349.0,349.0,349.0,0.0,0.0
2009-01-07,349.0,349.0,349.0,349.0,0.0,0.0
2009-01-08,349.0,349.0,349.0,349.0,0.0,0.0
2009-01-09,349.0,349.0,349.0,349.0,0.0,0.0
2009-01-12,349.0,349.0,349.0,349.0,0.0,0.0
2009-01-13,349.0,349.0,349.0,349.0,0.0,0.0
2009-01-14,349.0,349.0,349.0,349.0,0.0,0.0
2009-01-15,349.0,349.0,349.0,349.0,0.0,0.0
2009-01-16,349.0,349.0,349.0,349.0,0.0,0.0
2009-01-19,349.0,349.0,349.0,349.0,0.0,0.0
2009-01-20,349.0,349.0,349.0,349.0,0.0,0.0
2009-01-21,349.0,349.0,349.0,349.0,0.0,0.0
2009-01-22,349.0,349.0,349.0,349.0,0.0,0.0
2009-01-23,349.0,349.0,349.0,349.0,0.0,0.0
2009-01-26,349.0,349.0,349.0,349.0,0.0,0.0
2009-01-27,349.0,349.0,349.0,349.0,0.0,0.0
2009-01-28,349.0,349.0,349.0,349.0,0.0,0.0
2009-01-29,349.0,349.0,349.0,349.0,0.0,0.0
2009-01-30,349.0,349.0,349.0,349.0,0.0,0.0
2009-02-02,349.0,349.0,349.0,349.0,0.0,0.0
2009-02-03,349.0,349.0,349.0,349.0,0.0,0.0
2009-02-04,349.0,349.0,349.0,349.0,0.0,0.0
2009-02-05,349.0,349.0,349.0,349.0,0.0,0.0
2009-02-06,349.0,349.0,349.0,349.0,0.0,0.0
2009-02-09,349.0,349.0,349.0,349.0,0.0,0.0
2009-02-10,349.0,349.0,349.0,349.0,0.0,0.0
2009-02-11,349.0,349.0,349.0,349.0,0.0,0.0
2009-02-12,349.0,349.0,349.0,349.0,0.0,0.0
2009-02-13,349.0,349.0,349.0,349.0,0.0,0.0
2009-02-16,349.0,349.0,349.0,349.0,0.0,0.0
2009-02-17,349.0,349.0,349.0,349.0,0.0,0.0
2009-02-18,349.0,349.0,349.0,349.0,0.0,0.0
2009-02-19,349.0,349.0,349.0,349.0,0.0,0.0
2009-02-20,349.0,349.0,349.0,349.0,0.0,0.0
2009-02-23,349.0,349.0,349.0,349.0,0.0,0.0
2009-02-24,349.0,349.0,349.0,349.0,0.0,0.0
2009-02-25,349.0,349.0,349.0,349.0,0.0,0.0
2009-02-26,349.0,349.0,349.0,349.0,0.0,0.0
2009-02-27,349.0,349.0,349.0,349.0,0.0,0.0
2009-03-02,349.0,349.0,349.0,349.0,0.0,0.0
2009-03-03,349.0,349.0,349.0,349.0,0.0,0.0
2009-03-04,349.0,349.0,349.0,349.0,0.0,0.0
2009-03-05,349.0,349.0,349.0,349.0,0.0,0.0
2009-03-06,349.0,349.0,349.0,349.0,0.0,0.0
2009-03-09,349.0,349.0,349.0,349.0,0.0,0.0
2009-03-10,349.0,349.0,349.0,349.0,0.0,0.0
2009-03-11,349.0,349.0,349.0,349.0,0.0,0.0
2009-03-12,349.0,349.0,349.0,349.0,0.0,0.0
2009-03-13,349.0,349.0,349.0,349.0,0.0,0.0
2009-03-16,349.0,349.0,349.0,349.0,0.0,0.0
2009-03-17,349.0,349.0,349.0,349.0,0.0,0.0
2009-03-18,349.0,349.0,349.0,349.0,0.0,0.0
2009-03-19,349.0,349.0,349.0,349.0,0.0,0.0
2009-03-20,349.0,349.0,349.0,349.0,0.0,0.0
2009-03-23,349.0,349.0,349.0,349.0,0.0,0.0
2009-03-24,349.0,349.0,349.0,349.0,0.0,0.0
2009-03-25,349.0,349.0,349.0,349.0,0.0,0.0
2009-03-26,349.0,349.0,349.0,349.0,0.0,0.0
2009-03-27,349.0,349.0,349.0,349.0,0.0,0.0
2009-03-29,349.0,349.0,349.0,349.0,0.0,0.0
2009-03-30,349.0,349.0,349.0,349.0,0.0,0.0
2009-03-31,349.0,349.0,349.0,349.0,0.0,0.0
2009-04-01,349.0,349.0,349.0,349.0,0.0,0.0
2009-04-02,349.0,349.0,349.0,349.0,0.0,0.0
2009-04-03,349.0,349.0,349.0,349.0,0.0,0.0
2009-04-06,349.0,349.0,349.0,349.0,0.0,0.0
2009-04-07,349.0,349.0,349.0,349.0,0.0,0.0
2009-04-08,349.0,349.0,349.0,349.0,0.0,0.0
2009-04-09,349.0,349.0,349.0,349.0,0.0,0.0
2009-04-10,349.0,349.0,349.0,349.0,0.0,0.0
2009-04-13,349.0,349.0,349.0,349.0,0.0,0.0
2009-04-14,349.0,349.0,349.0,349.0,0.0,0.0
2009-04-15,349.0,349.0,349.0,349.0,0.0,0.0
2009-04-16,349.0,349.0,349.0,349.0,0.0,0.0
2009-04-17,349.0,349.0,349.0,349.0,0.0,0.0
2009-04-20,349.0,349.0,349.0,349.0,0.0,0.0
2009-04-21,349.0,349.0,349.0,349.0,0.0,0.0
2009-04-22,349.0,349.0,349.0,349.0,0.0,0.0
2009-04-23,349.0,349.0,349.0,349.0,0.0,0.0
2009-04-24,349.0,349.0,349.0,349.0,0.0,0.0
2009-04-27,349.0,349.0,349.0,349.0,0.0,0.0
2009-04-28,349.0,349.0,349.0,349.0,0.0,0.0
2009-04-29,349.0,349.0,349.0,349.0,0.0,0.0
2009-04-30,349.0,349.0,349.0,349.0,0.0,0.0
2009-05-01,349.0,349.0,349.0,349.0,0.0,0.0
2009-05-04,349.0,349.0,349.0,349.0,0.0,0.0
2009-05-05,349.0,349.0,349.0,349.0,0.0,0.0
2009-05-06,349.0,349.0,349.0,349.0,0.0,0.0
2009-05-07,349.0,349.0,349.0,349.0,0.0,0.0
2009-05-08,349.0,349.0,349.0,349.0,0.0,0.0
2009-05-11,349.0,349.0,349.0,349.0,0.0,0.0
2009-05-12,349.0,349.0,349.0,349.0,0.0,0.0
2009-05-13,349.0,349.0,349.0,349.0,0.0,0.0
2009-05-14,349.0,349.0,349.0,349.0,0.0,0.0
2009-05-15,349.0,349.0,349.0,349.0,0.0,0.0
2009-05-18,349.0,349.0,349.0,349.0,0.0,0.0
2009-05-19,349.0,349.0,349.0,349.0,0.0,0.0
2009-05-20,349.0,349.0,349.0,349.0,0.0,0.0
2009-05-21,349.0,349.0,349.0,349.0,0.0,0.0
2009-05-22,349.0,349.0,349.0,349.0,0.0,0.0
2009-05-25,349.0,349.0,349.0,349.0,0.0,0.0
2009-05-26,349.0,349.0,349.0,349.0,0.0,0.0
2009-05-27,349.0,349.0,349.0,349.0,0.0,0.0
2009-05-28,349.0,349.0,349.0,349.0,0.0,0.0
2009-05-29,349.0,349.0,349.0,349.0,0.0,0.0
2009-06-01,349.0,349.0,349.0,349.0,0.0,0.0
2009-06-02,349.0,349.0,349.0,349.0,0.0,0.0
2009-06-03,349.0,349.0,349.0,349.0,0.0,0.0
2009-06-04,349.0,349.0,349.0,349.0,0.0,0.0
2009-06-05,349.0,349.0,349.0,349.0,0.0,0.0
2009-06-08,349.0,349.0,349.0,349.0,0.0,0.0
2009-06-09,349.0,349.0,349.0,349.0,0.0,0.0
2009-06-10,349.0,349.0,349.0,349.0,0.0,0.0
2009-06-11,349.0,349.0,349.0,349.0,0.0,0.0
2009-06-12,349.0,349.0,349.0,349.0,0.0,0.0
2009-06-15,349.0,349.0,349.0,349.0,0.0,0.0
2009-06-16,349.0,349.0,349.0,349.0,0.0,0.0
2009-06-17,349.0,349.0,349.0,349.0,0.0,0.0
2009-06-18,349.0,349.0,349.0,349.0,0.0,0.0
2009-06-19,349.0,349.0,349.0,349.0,0.0,0.0
2009-06-22,349.0,349.0,349.0,349.0,0.0,0.0
2009-06-23,349.0,349.0,349.0,349.0,0.0,0.0
2009-06-24,349.0,349.0,349.0,349.0,0.0,0.0
2009-06-25,349.0,349.0,349.0,349.0,0.0,0.0
2009-06-26,349.0,349.0,349.0,349.0,0.0,0.0
2009-06-29,349.0,349.0,349.0,349.0,0.0,0.0
2009-06-30,349.0,349.0,349.0,349.0,0.0,0.0
2009-07-01,349.0,349.0,349.0,349.0,0.0,0.0
2009-07-02,349.0,349.0,349.0,349.0,0.0,0.0
2009-07-03,349.0,349.0,349.0,349.0,0.0,0.0
2009-07-06,349.0,349.0,349.0,349.0,0.0,0.0
2009-07-07,349.0,349.0,349.0,349.0,0.0,0.0
2009-07-08,349.0,349.0,349.0,349.0,0.0,0.0
2009-07-09,349.0,349.0,349.0,349.0,0.0,0.0
2009-07-10,349.0,349.0,349.0,349.0,0.0,0.0
2009-07-13,349.0,349.0,349.0,349.0,0.0,0.0
2009-07-14,349.0,349.0,349.0,349.0,0.0,0.0
2009-07-15,349.0,349.0,349.0,349.0,0.0,0.0
2009-07-16,349.0,349.0,349.0,349.0,0.0,0.0
2009-07-17,349.0,349.0,349.0,349.0,0.0,0.0
2009-07-20,349.0,349.0,349.0,349.0,0.0,0.0
2009-07-21,349.0,349.0,349.0,349.0,0.0,0.0
2009-07-22,349.0,349.0,349.0,349.0,0.0,0.0
2009-07-23,349.0,349.0,349.0,349.0,0.0,0.0
2009-07-24,349.0,349.0,349.0,349.0,0.0,0.0
2009-07-27,349.0,349.0,349.0,349.0,0.0,0.0
2009-07-28,349.0,349.0,349.0,349.0,0.0,0.0
2009-07-29,349.0,349.0,349.0,349.0,0.0,0.0
2009-07-30,349.0,349.0,349.0,349.0,0.0,0.0
2009-07-31,349.0,349.0,349.0,349.0,0.0,0.0
2009-08-03,349.0,349.0,349.0,349.0,0.0,0.0
2009-08-04,349.0,349.0,349.0,349.0,0.0,0.0
2009-08-05,349.0,349.0,349.0,349.0,0.0,0.0
2009-08-06,349.0,349.0,349.0,349.0,0.0,0.0
2009-08-07,349.0,349.0,349.0,349.0,0.0,0.0
2009-08-10,349.0,349.0,349.0,349.0,0.0,0.0
2009-08-11,349.0,349.0,349.0,349.0,0.0,0.0
2009-08-12,349.0,349.0,349.0,349.0,0.0,0.0
2009-08-13,349.0,349.0,349.0,349.0,0.0,0.0
2009-08-14,349.0,349.0,349.0,349.0,0.0,0.0
2009-08-17,349.0,349.0,349.0,349.0,0.0,0.0
2009-08-18,349.0,349.0,349.0,349.0,0.0,0.0
2009-08-19,349.0,349.0,349.0,349.0,0.0,0.0
2009-08-20,349.0,349.0,349.0,349.0,0.0,0.0
2009-08-21,349.0,349.0,349.0,349.0,0.0,0.0
2009-08-24,349.0,349.0,349.0,349.0,0.0,0.0
2009-08-25,349.0,349.0,349.0,349.0,0.0,0.0
2009-08-26,349.0,349.0,349.0,349.0,0.0,0.0
2009-08-27,349.0,349.0,349.0,349.0,0.0,0.0
2009-08-28,349.0,349.0,349.0,349.0,0.0,0.0
2009-08-31,349.0,349.0,349.0,349.0,0.0,0.0
2009-09-01,349.0,349.0,349.0,349.0,0.0,0.0
2009-09-02,349.0,349.0,349.0,349.0,0.0,0.0
2009-09-03,349.0,349.0,349.0,349.0,0.0,0.0
2009-09-04,349.0,349.0,349.0,349.0,0.0,0.0
2009-09-07,349.0,349.0,349.0,349.0,0.0,0.0
2009-09-08,349.0,349.0,349.0,349.0,0.0,0.0
2009-09-09,349.0,349.0,349.0,349.0,0.0,0.0
2009-09-10,349.0,349.0,349.0,349.0,0.0,0.0
2009-09-11,349.0,349.0,349.0,349.0,0.0,0.0
2009-09-14,349.0,349.0,349.0,349.0,0.0,0.0
2009-09-15,349.0,349.0,349.0,349.0,0.0,0.0
2009-09-16,349.0,349.0,349.0,349.0,0.0,0.0
2009-09-17,349.0,349.0,349.0,349.0,0.0,0.0
2009-09-18,349.0,349.0,349.0,349.0,0.0,0.0
2009-09-21,349.0,349.0,349.0,349.0,0.0,0.0
2009-09-22,349.0,349.0,349.0,349.0,0.0,0.0
2009-09-23,349.0,349.0,349.0,349.0,0.0,0.0
2009-09-24,349.0,349.0,349.0,349.0,0.0,0.0
2009-09-25,349.0,349.0,349.0,349.0,0.0,0.0
2009-09-28,349.0,349.0,349.0,349.0,0.0,0.0
2009-09-29,349.0,349.0,349.0,349.0,0.0,0.0
2009-09-30,349.0,349.0,349.0,349.0,0.0,0.0
2009-10-01,349.0,349.0,349.0,349.0,0.0,0.0
2009-10-02,349.0,349.0,349.0,349.0,0.0,0.0
2009-10-05,349.0,349.0,349.0,349.0,0.0,0.0
2009-10-06,349.0,349.0,349.0,349.0,0.0,0.0
2009-10-07,349.0,349.0,349.0,349.0,0.0,0.0
2009-10-08,349.0,349.0,349.0,349.0,0.0,0.0
2009-10-09,349.0,349.0,349.0,349.0,0.0,0.0
2009-10-12,349.0,349.0,349.0,349.0,0.0,0.0
2009-10-13,349.0,349.0,349.0,349.0,0.0,0.0
2009-10-14,349.0,349.0,349.0,349.0,0.0,0.0
2009-10-15,349.0,349.0,349.0,349.0,0.0,0.0
2009-10-16,349.0,349.0,349.0,349.0,0.0,0.0
2009-10-17,349.0,349.0,349.0,349.0,0.0,0.0
2009-10-19,349.0,349.0,349.0,349.0,0.0,0.0
2009-10-20,349.0,349.0,349.0,349.0,0.0,0.0
2009-10-21,349.0,349.0,349.0,349.0,0.0,0.0
2009-10-22,349.0,349.0,349.0,349.0,0.0,0.0
2009-10-23,349.0,349.0,349.0,349.0,0.0,0.0
2009-10-26,349.0,349.0,349.0,349.0,0.0,0.0
2009-10-27,349.0,349.0,349.0,349.0,0.0,0.0
2009-10-28,349.0,349.0,349.0,349.0,0.0,0.0
2009-10-29,349.0,349.0,349.0,349.0,0.0,0.0
2009-10-30,349.0,349.0,349.0,349.0,0.0,0.0
2009-11-02,349.0,349.0,349.0,349.0,0.0,0.0
2009-11-03,349.0,349.0,349.0,349.0,0.0,0.0
2009-11-04,349.0,349.0,349.0,349.0,0.0,0.0
2009-11-05,349.0,349.0,349.0,349.0,0.0,0.0
2009-11-06,349.0,349.0,349.0,349.0,0.0,0.0
2009-11-09,349.0,349.0,349.0,349.0,0.0,0.0
2009-11-10,349.0,349.0,349.0,349.0,0.0,0.0
2009-11-11,349.0,349.0,349.0,349.0,0.0,0.0
2009-11-12,349.0,349.0,349.0,349.0,0.0,0.0
2009-11-13,349.0,349.0,349.0,349.0,0.0,0.0
2009-11-16,349.0,349.0,349.0,349.0,0.0,0.0
2009-11-17,349.0,349.0,349.0,349.0,0.0,0.0
2009-11-18,349.0,349.0,349.0,349.0,0.0,0.0
2009-11-19,349.0,349.0,349.0,349.0,0.0,0.0
2009-11-20,349.0,349.0,349.0,349.0,0.0,0.0
2009-11-23,349.0,349.0,349.0,349.0,0.0,0.0
2009-11-24,349.0,349.0,349.0,349.0,0.0,0.0
2009-11-25,349.0,349.0,349.0,349.0,0.0,0.0
2009-11-26,349.0,349.0,349.0,349.0,0.0,0.0
2009-11-27,349.0,349.0,349.0,349.0,0.0,0.0
2009-11-30,349.0,349.0,349.0,349.0,0.0,0.0
2009-12-01,349.0,349.0,349.0,349.0,0.0,0.0
2009-12-02,349.0,349.0,349.0,349.0,0.0,0.0
2009-12-03,349.0,349.0,349.0,349.0,0.0,0.0
2009-12-04,349.0,349.0,349.0,349.0,0.0,0.0
2009-12-07,349.0,349.0,349.0,349.0,0.0,0.0
2009-12-08,349.0,349.0,349.0,349.0,0.0,0.0
2009-12-09,349.0,349.0,349.0,349.0,0.0,0.0
2009-12-10,349.0,349.0,349.0,349.0,0.0,0.0
2009-12-11,349.0,349.0,349.0,349.0,0.0,0.0
2009-12-14,349.0,349.0,349.0,349.0,0.0,0.0
2009-12-15,349.0,349.0,349.0,349.0,0.0,0.0
2009-12-16,349.0,349.0,349.0,349.0,0.0,0.0
2009-12-17,349.0,349.0,349.0,349.0,0.0,0.0
2009-12-18,349.0,349.0,349.0,349.0,0.0,0.0
2009-12-21,349.0,349.0,349.0,349.0,0.0,0.0
2009-12-22,349.0,349.0,349.0,349.0,0.0,0.0
2009-12-23,349.0,349.0,349.0,349.0,0.0,0.0
2009-12-24,349.0,349.0,349.0,349.0,0.0,0.0
2009-12-25,349.0,349.0,349.0,349.0,0.0,0.0
2009-12-28,349.0,349.0,349.0,349.0,0.0,0.0
2009-12-29,349.0,349.0,349.0,349.0,0.0,0.0
2009-12-30,349.0,349.0,349.0,349.0,0.0,0.0
2009-12-31,349.0,349.0,349.0,349.0,0.0,0.0
2010-01-01,349.0,349.0,349.0,349.0,0.0,0.0
2010-01-04,349.0,349.0,349.0,349.0,0.0,0.0
2010-01-05,349.0,349.0,349.0,349.0,0.0,0.0
2010-01-06,349.0,349.0,349.0,349.0,0.0,0.0
2010-01-07,349.0,349.0,349.0,349.0,0.0,0.0
2010-01-08,349.0,349.0,349.0,349.0,0.0,0.0
2010-01-11,349.0,349.0,349.0,349.0,0.0,0.0
2010-01-12,349.0,349.0,349.0,349.0,0.0,0.0
2010-01-13,349.0,349.0,349.0,349.0,0.0,0.0
2010-01-14,349.0,349.0,349.0,349.0,0.0,0.0
2010-01-15,349.0,349.0,349.0,349.0,0.0,0.0
2010-01-18,349.0,349.0,349.0,349.0,0.0,0.0
2010-01-19,349.0,349.0,349.0,349.0,0.0,0.0
2010-01-20,349.0,349.0,349.0,349.0,0.0,0.0
2010-01-21,349.0,349.0,349.0,349.0,0.0,0.0
2010-01-22,349.0,349.0,349.0,349.0,0.0,0.0
2010-01-25,349.0,349.0,349.0,349.0,0.0,0.0
2010-01-26,349.0,349.0,349.0,349.0,0.0,0.0
2010-01-27,349.0,349.0,349.0,349.0,0.0,0.0
2010-01-28,349.0,349.0,349.0,349.0,0.0,0.0
2010-01-29,349.0,349.0,349.0,349.0,0.0,0.0
2010-02-01,349.0,349.0,349.0,349.0,0.0,0.0
2010-02-02,349.0,349.0,349.0,349.0,0.0,0.0
2010-02-03,349.0,349.0,349.0,349.0,0.0,0.0
2010-02-04,349.0,349.0,349.0,349.0,0.0,0.0
2010-02-05,349.0,349.0,349.0,349.0,0.0,0.0
2010-02-08,349.0,349.0,349.0,349.0,0.0,0.0
2010-02-09,349.0,349.0,349.0,349.0,0.0,0.0
2010-02-10,349.0,349.0,349.0,349.0,0.0,0.0
2010-02-11,349.0,349.0,349.0,349.0,0.0,0.0
2010-02-12,349.0,349.0,349.0,349.0,0.0,0.0
2010-02-15,349.0,349.0,349.0,349.0,0.0,0.0
2010-02-16,349.0,349.0,349.0,349.0,0.0,0.0
2010-02-17,349.0,349.0,349.0,349.0,0.0,0.0
2010-02-18,349.0,349.0,349.0,349.0,0.0,0.0
2010-02-19,349.0,349.0,349.0,349.0,0.0,0.0
2010-02-22,349.0,349.0,349.0,349.0,0.0,0.0
2010-02-23,349.0,349.0,349.0,349.0,0.0,0.0
2010-02-24,349.0,349.0,349.0,349.0,0.0,0.0
2010-02-25,349.0,349.0,349.0,349.0,0.0,0.0
2010-02-26,349.0,349.0,349.0,349.0,0.0,0.0
2010-03-01,349.0,349.0,349.0,349.0,0.0,0.0
2010-03-02,349.0,349.0,349.0,349.0,0.0,0.0
2010-03-03,349.0,349.0,349.0,349.0,0.0,0.0
2010-03-04,349.0,349.0,349.0,349.0,0.0,0.0
2010-03-05,349.0,349.0,349.0,349.0,0.0,0.0
2010-03-08,349.0,349.0,349.0,349.0,0.0,0.0
2010-03-09,349.0,349.0,349.0,349.0,0.0,0.0
2010-03-10,349.0,349.0,349.0,349.0,0.0,0.0
2010-03-11,349.0,349.0,349.0,349.0,0.0,0.0
2010-03-12,349.0,349.0,349.0,349.0,0.0,0.0
2010-03-15,349.0,349.0,349.0,349.0,0.0,0.0
2010-03-16,349.0,349.0,349.0,349.0,0.0,0.0
2010-03-17,349.0,349.0,349.0,349.0,0.0,0.0
2010-03-18,349.0,349.0,349.0,349.0,0.0,0.0
2010-03-19,349.0,349.0,349.0,349.0,0.0,0.0
2010-03-22,349.0,349.0,349.0,349.0,0.0,0.0
2010-03-23,349.0,349.0,349.0,349.0,0.0,0.0
2010-03-24,349.0,349.0,349.0,349.0,0.0,0.0
2010-03-25,349.0,349.0,349.0,349.0,0.0,0.0
2010-03-26,349.0,349.0,349.0,349.0,0.0,0.0
2010-03-29,349.0,349.0,349.0,349.0,0.0,0.0
2010-03-30,349.0,349.0,349.0,349.0,0.0,0.0
2010-03-31,349.0,349.0,349.0,349.0,0.0,0.0
2010-04-01,349.0,349.0,349.0,349.0,0.0,0.0
2010-04-02,349.0,349.0,349.0,349.0,0.0,0.0
2010-04-05,349.0,349.0,349.0,349.0,0.0,0.0
2010-04-06,349.0,349.0,349.0,349.0,0.0,0.0
2010-04-07,349.0,349.0,349.0,349.0,0.0,0.0
2010-04-08,349.0,349.0,349.0,349.0,0.0,0.0
2010-04-09,349.0,349.0,349.0,349.0,0.0,0.0
2010-04-12,349.0,349.0,349.0,349.0,0.0,0.0
2010-04-13,349.0,349.0,349.0,349.0,0.0,0.0
2010-04-14,349.0,349.0,349.0,349.0,0.0,0.0
2010-04-15,349.0,349.0,349.0,349.0,0.0,0.0
2010-04-16,349.0,349.0,349.0,349.0,0.0,0.0
2010-04-19,349.0,349.0,349.0,349.0,0.0,0.0
2010-04-20,349.0,349.0,349.0,349.0,0.0,0.0
2010-04-21,349.0,349.0,349.0,349.0,0.0,0.0
2010-04-22,349.0,349.0,349.0,349.0,0.0,0.0
2010-04-23,349.0,349.0,349.0,349.0,0.0,0.0
2010-04-26,349.0,349.0,349.0,349.0,0.0,0.0
2010-04-27,349.0,349.0,349.0,349.0,0.0,0.0
2010-04-28,349.0,349.0,349.0,349.0,0.0,0.0
2010-04-29,349.0,349.0,349.0,349.0,0.0,0.0
2010-04-30,349.0,349.0,349.0,349.0,0.0,0.0
2010-05-03,349.0,349.0,349.0,349.0,0.0,0.0
2010-05-04,349.0,349.0,349.0,349.0,0.0,0.0
2010-05-05,349.0,349.0,349.0,349.0,0.0,0.0
2010-05-06,349.0,349.0,349.0,349.0,0.0,0.0
2010-05-07,349.0,349.0,349.0,349.0,0.0,0.0
2010-05-10,349.0,349.0,349.0,349.0,0.0,0.0
2010-05-11,349.0,349.0,349.0,349.0,0.0,0.0
2010-05-12,349.0,349.0,349.0,349.0,0.0,0.0
2010-05-13,349.0,349.0,349.0,349.0,0.0,0.0
2010-05-14,349.0,349.0,349.0,349.0,0.0,0.0
2010-05-17,349.0,349.0,349.0,349.0,0.0,0.0
2010-05-18,349.0,349.0,349.0,349.0,0.0,0.0
2010-05-19,349.0,349.0,349.0,349.0,0.0,0.0
2010-05-20,349.0,349.0,349.0,349.0,0.0,0.0
2010-05-21,349.0,349.0,349.0,349.0,0.0,0.0
2010-05-24,349.0,349.0,349.0,349.0,0.0,0.0
2010-05-25,349.0,349.0,349.0,349.0,0.0,0.0
2010-05-26,349.0,349.0,349.0,349.0,0.0,0.0
2010-05-27,349.0,349.0,349.0,349.0,0.0,0.0
2010-05-28,349.0,349.0,349.0,349.0,0.0,0.0
2010-05-31,349.0,349.0,349.0,349.0,0.0,0.0
2010-06-01,349.0,349.0,349.0,349.0,0.0,0.0
2010-06-02,349.0,349.0,349.0,349.0,0.0,0.0
2010-06-03,349.0,349.0,349.0,349.0,0.0,0.0
2010-06-04,349.0,349.0,349.0,349.0,0.0,0.0
2010-06-07,349.0,349.0,349.0,349.0,0.0,0.0
2010-06-08,349.0,349.0,349.0,349.0,0.0,0.0
2010-06-09,349.0,349.0,349.0,349.0,0.0,0.0
2010-06-10,349.0,349.0,349.0,349.0,0.0,0.0
2010-06-11,349.0,349.0,349.0,349.0,0.0,0.0
2010-06-14,349.0,349.0,349.0,349.0,0.0,0.0
2010-06-15,349.0,349.0,349.0,349.0,0.0,0.0
2010-06-16,349.0,349.0,349.0,349.0,0.0,0.0
2010-06-17,349.0,349.0,349.0,349.0,0.0,0.0
2010-06-18,349.0,349.0,349.0,349.0,0.0,0.0
2010-06-21,349.0,349.0,349.0,349.0,0.0,0.0
2010-06-22,349.0,349.0,349.0,349.0,0.0,0.0
2010-06-23,349.0,349.0,349.0,349.0,0.0,0.0
2010-06-24,349.0,349.0,349.0,349.0,0.0,0.0
2010-06-25,349.0,349.0,349.0,349.0,0.0,0.0
2010-06-28,349.0,349.0,349.0,349.0,0.0,0.0
2010-06-29,349.0,349.0,349.0,349.0,0.0,0.0
2010-06-30,349.0,349.0,349.0,349.0,0.0,0.0
2010-07-01,349.0,349.0,349.0,349.0,0.0,0.0
2010-07-02,349.0,349.0,349.0,349.0,0.0,0.0
2010-07-05,349.0,349.0,349.0,349.0,0.0,0.0
2010-07-06,349.0,349.0,349.0,349.0,0.0,0.0
2010-07-07,349.0,349.0,349.0,349.0,0.0,0.0
2010-07-08,349.0,349.0,349.0,349.0,0.0,0.0
2010-07-09,349.0,349.0,349.0,349.0,0.0,0.0
2010-07-12,349.0,349.0,349.0,349.0,0.0,0.0
2010-07-13,349.0,349.0,349.0,349.0,0.0,0.0
2010-07-14,349.0,349.0,349.0,349.0,0.0,0.0
2010-07-15,349.0,349.0,349.0,349.0,0.0,0.0
2010-07-16,349.0,349.0,349.0,349.0,0.0,0.0
2010-07-19,349.0,349.0,349.0,349.0,0.0,0.0
2010-07-20,349.0,349.0,349.0,349.0,0.0,0.0
2010-07-21,349.0,349.0,349.0,349.0,0.0,0.0
2010-07-22,349.0,349.0,349.0,349.0,0.0,0.0
2010-07-23,349.0,349.0,349.0,349.0,0.0,0.0
2010-07-26,349.0,349.0,349.0,349.0,0.0,0.0
2010-07-27,349.0,349.0,349.0,349.0,0.0,0.0
2010-07-28,349.0,349.0,349.0,349.0,0.0,0.0
2010-07-29,349.0,349.0,349.0,349.0,0.0,0.0
2010-07-30,349.0,349.0,349.0,349.0,0.0,0.0
2010-08-02,349.0,349.0,349.0,349.0,0.0,0.0
2010-08-03,349.0,349.0,349.0,349.0,0.0,0.0
2010-08-04,349.0,349.0,349.0,349.0,0.0,0.0
2010-08-05,349.0,349.0,349.0,349.0,0.0,0.0
2010-08-06,349.0,349.0,349.0,349.0,0.0,0.0
2010-08-09,349.0,349.0,349.0,349.0,0.0,0.0
2010-08-10,349.0,349.0,349.0,349.0,0.0,0.0
2010-08-11,349.0,349.0,349.0,349.0,0.0,0.0
2010-08-12,349.0,349.0,349.0,349.0,0.0,0.0
2010-08-13,349.0,349.0,349.0,349.0,0.0,0.0
2010-08-16,349.0,349.0,349.0,349.0,0.0,0.0
2010-08-17,349.0,349.0,349.0,349.0,0.0,0.0
2010-08-18,349.0,349.0,349.0,349.0,0.0,0.0
2010-08-19,349.0,349.0,349.0,349.0,0.0,0.0
2010-08-20,349.0,349.0,349.0,349.0,0.0,0.0
2010-08-23,349.0,349.0,349.0,349.0,0.0,0.0
2010-08-24,349.0,349.0,349.0,349.0,0.0,0.0
2010-08-25,349.0,349.0,349.0,349.0,0.0,0.0
2010-08-26,349.0,349.0,349.0,349.0,0.0,0.0
2010-08-27,349.0,349.0,349.0,349.0,0.0,0.0
2010-08-30,349.0,349.0,349.0,349.0,0.0,0.0
2010-08-31,349.0,349.0,349.0,349.0,0.0,0.0
2010-09-01,349.0,349.0,349.0,349.0,0.0,0.0
2010-09-02,349.0,349.0,349.0,349.0,0.0,0.0
2010-09-03,349.0,349.0,349.0,349.0,0.0,0.0
2010-09-06,349.0,349.0,349.0,349.0,0.0,0.0
2010-09-07,349.0,349.0,349.0,349.0,0.0,0.0
2010-09-08,349.0,349.0,349.0,349.0,0.0,0.0
2010-09-09,349.0,349.0,349.0,349.0,0.0,0.0
2010-09-10,349.0,349.0,349.0,349.0,0.0,0.0
2010-09-13,349.0,349.0,349.0,349.0,0.0,0.0
2010-09-14,349.0,349.0,349.0,349.0,0.0,0.0
2010-09-15,349.0,349.0,349.0,349.0,0.0,0.0
2010-09-16,349.0,349.0,349.0,349.0,0.0,0.0
2010-09-17,349.0,349.0,349.0,349.0,0.0,0.0
2010-09-20,349.0,349.0,349.0,349.0,0.0,0.0
2010-09-21,349.0,349.0,349.0,349.0,0.0,0.0
2010-09-22,349.0,349.0,349.0,349.0,0.0,0.0
2010-09-23,349.0,349.0,349.0,349.0,0.0,0.0
2010-09-24,349.0,349.0,349.0,349.0,0.0,0.0
2010-09-27,349.0,349.0,349.0,349.0,0.0,0.0
2010-09-28,349.0,349.0,349.0,349.0,0.0,0.0
2010-09-29,349.0,349.0,349.0,349.0,0.0,0.0
2010-09-30,349.0,349.0,349.0,349.0,0.0,0.0
2010-10-01,349.0,349.0,349.0,349.0,0.0,0.0
2010-10-02,349.0,349.0,349.0,349.0,0.0,0.0
2010-10-04,349.0,349.0,349.0,349.0,0.0,0.0
2010-10-05,349.0,349.0,349.0,349.0,0.0,0.0
2010-10-06,349.0,349.0,349.0,349.0,0.0,0.0
2010-10-07,349.0,349.0,349.0,349.0,0.0,0.0
2010-10-08,349.0,349.0,349.0,349.0,0.0,0.0
2010-10-11,349.0,349.0,349.0,349.0,0.0,0.0
2010-10-12,349.0,349.0,349.0,349.0,0.0,0.0
2010-10-13,349.0,349.0,349.0,349.0,0.0,0.0
2010-10-14,349.0,349.0,349.0,349.0,0.0,0.0
2010-10-15,349.0,349.0,349.0,349.0,0.0,0.0
2010-10-18,349.0,349.0,349.0,349.0,0.0,0.0
2010-10-19,349.0,349.0,349.0,349.0,0.0,0.0
2010-10-20,349.0,349.0,349.0,349.0,0.0,0.0
2010-10-21,349.0,349.0,349.0,349.0,0.0,0.0
2010-10-22,349.0,349.0,349.0,349.0,0.0,0.0
2010-10-25,349.0,349.0,349.0,349.0,0.0,0.0
2010-10-26,349.0,349.0,349.0,349.0,0.0,0.0
2010-10-27,349.0,349.0,349.0,349.0,0.0,0.0
2010-10-28,349.0,349.0,349.0,349.0,0.0,0.0
2010-10-29,349.0,349.0,349.0,349.0,0.0,0.0
2010-11-01,349.0,349.0,349.0,349.0,0.0,0.0
2010-11-02,349.0,349.0,349.0,349.0,0.0,0.0
2010-11-03,349.0,349.0,349.0,349.0,0.0,0.0
2010-11-04,349.0,349.0,349.0,349.0,0.0,0.0
2010-11-05,349.0,349.0,349.0,349.0,0.0,0.0
2010-11-08,349.0,349.0,349.0,349.0,0.0,0.0
2010-11-09,349.0,349.0,349.0,349.0,0.0,0.0
2010-11-10,349.0,349.0,349.0,349.0,0.0,0.0
2010-11-11,349.0,349.0,349.0,349.0,0.0,0.0
2010-11-12,349.0,349.0,349.0,349.0,0.0,0.0
2010-11-15,349.0,349.0,349.0,349.0,0.0,0.0
2010-11-16,349.0,349.0,349.0,349.0,0.0,0.0
2010-11-17,349.0,349.0,349.0,349.0,0.0,0.0
2010-11-18,349.0,349.0,349.0,349.0,0.0,0.0
2010-11-19,349.0,349.0,349.0,349.0,0.0,0.0
2010-11-22,349.0,349.0,349.0,349.0,0.0,0.0
2010-11-23,349.0,349.0,349.0,349.0,0.0,0.0
2010-11-24,349.0,349.0,349.0,349.0,0.0,0.0
2010-11-25,349.0,349.0,349.0,349.0,0.0,0.0
2010-11-26,349.0,349.0,349.0,349.0,0.0,0.0
2010-11-29,349.0,349.0,349.0,349.0,0.0,0.0
2010-11-30,349.0,349.0,349.0,349.0,0.0,0.0
2010-12-01,349.0,349.0,349.0,349.0,0.0,0.0
2010-12-02,349.0,349.0,349.0,349.0,0.0,0.0
2010-12-03,349.0,349.0,349.0,349.0,0.0,0.0
2010-12-06,349.0,349.0,349.0,349.0,0.0,0.0
2010-12-07,349.0,349.0,349.0,349.0,0.0,0.0
2010-12-08,349.0,349.0,349.0,349.0,0.0,0.0
2010-12-09,349.0,349.0,349.0,349.0,0.0,0.0
2010-12-10,349.0,349.0,349.0,349.0,0.0,0.0
2010-12-13,349.0,349.0,349.0,349.0,0.0,0.0
2010-12-14,349.0,349.0,349.0,349.0,0.0,0.0
2010-12-15,349.0,349.0,349.0,349.0,0.0,0.0
2010-12-16,349.0,349.0,349.0,349.0,0.0,0.0
2010-12-17,349.0,349.0,349.0,349.0,0.0,0.0
2010-12-20,349.0,349.0,349.0,349.0,0.0,0.0
2010-12-21,349.0,349.0,349.0,349.0,0.0,0.0
2010-12-22,349.0,349.0,349.0,349.0,0.0,0.0
2010-12-23,349.0,349.0,349.0,349.0,0.0,0.0
2010-12-24,349.0,349.0,349.0,349.0,0.0,0.0
2010-12-27,349.0,349.0,349.0,349.0,0.0,0.0
2010-12-28,349.0,349.0,349.0,349.0,0.0,0.0
2010-12-29,349.0,349.0,349.0,349.0,0.0,0.0
2010-12-30,349.0,349.0,349.0,349.0,0.0,0.0
2010-12-31,349.0,349.0,349.0,349.0,0.0,0.0
2011-01-03,349.0,349.0,349.0,349.0,0.0,0.0
2011-01-04,349.0,349.0,349.0,349.0,0.0,0.0
2011-01-05,349.0,349.0,349.0,349.0,0.0,0.0
2011-01-06,349.0,349.0,349.0,349.0,0.0,0.0
2011-01-07,349.0,349.0,349.0,349.0,0.0,0.0
2011-01-10,349.0,349.0,349.0,349.0,0.0,0.0
2011-01-11,349.0,349.0,349.0,349.0,0.0,0.0
2011-01-12,349.0,349.0,349.0,349.0,0.0,0.0
2011-01-13,349.0,349.0,349.0,349.0,0.0,0.0
2011-01-14,349.0,349.0,349.0,349.0,0.0,0.0
2011-01-17,349.0,349.0,349.0,349.0,0.0,0.0
2011-01-18,349.0,349.0,349.0,349.0,0.0,0.0
2011-01-19,349.0,349.0,349.0,349.0,0.0,0.0
2011-01-20,349.0,349.0,349.0,349.0,0.0,0.0
2011-01-21,349.0,349.0,349.0,349.0,0.0,0.0
2011-01-24,349.0,349.0,349.0,349.0,0.0,0.0
2011-01-25,349.0,349.0,349.0,349.0,0.0,0.0
2011-01-26,349.0,349.0,349.0,349.0,0.0,0.0
2011-01-27,349.0,349.0,349.0,349.0,0.0,0.0
2011-01-28,349.0,349.0,349.0,349.0,0.0,0.0
2011-01-31,349.0,349.0,349.0,349.0,0.0,0.0
2011-02-01,349.0,349.0,349.0,349.0,0.0,0.0
2011-02-02,349.0,349.0,349.0,349.0,0.0,0.0
2011-02-03,349.0,349.0,349.0,349.0,0.0,0.0
2011-02-04,349.0,349.0,349.0,349.0,0.0,0.0
2011-02-07,349.0,349.0,349.0,349.0,0.0,0.0
2011-02-08,349.0,349.0,349.0,349.0,0.0,0.0
2011-02-09,349.0,349.0,349.0,349.0,0.0,0.0
2011-02-10,349.0,349.0,349.0,349.0,0.0,0.0
2011-02-11,349.0,349.0,349.0,349.0,0.0,0.0
2011-02-14,349.0,349.0,349.0,349.0,0.0,0.0
2011-02-15,349.0,349.0,349.0,349.0,0.0,0.0
2011-02-16,349.0,349.0,349.0,349.0,0.0,0.0
2011-02-17,349.0,349.0,349.0,349.0,0.0,0.0
2011-02-18,349.0,349.0,349.0,349.0,0.0,0.0
2011-02-21,349.0,349.0,349.0,349.0,0.0,0.0
2011-02-22,349.0,349.0,349.0,349.0,0.0,0.0
2011-02-23,349.0,349.0,349.0,349.0,0.0,0.0
2011-02-24,349.0,349.0,349.0,349.0,0.0,0.0
2011-02-25,349.0,349.0,349.0,349.0,0.0,0.0
2011-02-28,349.0,349.0,349.0,349.0,0.0,0.0
2011-03-01,349.0,349.0,349.0,349.0,0.0,0.0
2011-03-02,349.0,349.0,349.0,349.0,0.0,0.0
2011-03-03,349.0,349.0,349.0,349.0,0.0,0.0
2011-03-04,349.0,349.0,349.0,349.0,0.0,0.0
2011-03-07,349.0,349.0,349.0,349.0,0.0,0.0
2011-03-08,349.0,349.0,349.0,349.0,0.0,0.0
2011-03-09,349.0,349.0,349.0,349.0,0.0,0.0
2011-03-10,349.0,349.0,349.0,349.0,0.0,0.0
2011-03-11,349.0,349.0,349.0,349.0,0.0,0.0
2011-03-14,349.0,349.0,349.0,349.0,0.0,0.0
2011-03-15,349.0,349.0,349.0,349.0,0.0,0.0
2011-03-16,349.0,349.0,349.0,349.0,0.0,0.0
2011-03-17,349.0,349.0,349.0,349.0,0.0,0.0
2011-03-18,349.0,349.0,349.0,349.0,0.0,0.0
2011-03-19,349.0,349.0,349.0,349.0,0.0,0.0
2011-03-21,349.0,349.0,349.0,349.0,0.0,0.0
2011-03-22,349.0,349.0,349.0,349.0,0.0,0.0
2011-03-23,349.0,349.0,349.0,349.0,0.0,0.0
2011-03-24,349.0,349.0,349.0,349.0,0.0,0.0
2011-03-25,349.0,349.0,349.0,349.0,0.0,0.0
2011-03-28,349.0,349.0,349.0,349.0,0.0,0.0
2011-03-29,349.0,349.0,349.0,349.0,0.0,0.0
2011-03-30,349.0,349.0,349.0,349.0,0.0,0.0
2011-03-31,349.0,349.0,349.0,349.0,0.0,0.0
2011-04-01,349.0,349.0,349.0,349.0,0.0,0.0
2011-04-04,349.0,349.0,349.0,349.0,0.0,0.0
2011-04-05,349.0,349.0,349.0,349.0,0.0,0.0
2011-04-06,349.0,349.0,349.0,349.0,0.0,0.0
2011-04-07,349.0,349.0,349.0,349.0,0.0,0.0
2011-04-08,349.0,349.0,349.0,349.0,0.0,0.0
2011-04-11,349.0,349.0,349.0,349.0,0.0,0.0
2011-04-12,349.0,349.0,349.0,349.0,0.0,0.0
2011-04-13,349.0,349.0,349.0,349.0,0.0,0.0
2011-04-14,349.0,349.0,349.0,349.0,0.0,0.0
2011-04-15,349.0,349.0,349.0,349.0,0.0,0.0
2011-04-18,349.0,349.0,349.0,349.0,0.0,0.0
2011-04-19,349.0,349.0,349.0,349.0,0.0,0.0
2011-04-20,349.0,349.0,349.0,349.0,0.0,0.0
2011-04-21,349.0,349.0,349.0,349.0,0.0,0.0
2011-04-26,349.0,349.0,349.0,349.0,0.0,0.0
2011-04-27,349.0,349.0,349.0,349.0,0.0,0.0
2011-04-28,349.0,349.0,349.0,349.0,0.0,0.0
2011-04-29,349.0,349.0,349.0,349.0,0.0,0.0
2011-05-02,349.0,349.0,349.0,349.0,0.0,0.0
2011-05-03,349.0,349.0,349.0,349.0,0.0,0.0
2011-05-04,349.0,349.0,349.0,349.0,0.0,0.0
2011-05-05,349.0,349.0,349.0,349.0,0.0,0.0
2011-05-06,349.0,349.0,349.0,349.0,0.0,0.0
2011-05-09,349.0,349.0,349.0,349.0,0.0,0.0
2011-05-10,349.0,349.0,349.0,349.0,0.0,0.0
2011-05-11,349.0,349.0,349.0,349.0,0.0,0.0
2011-05-12,349.0,349.0,349.0,349.0,0.0,0.0
2011-05-13,349.0,349.0,349.0,349.0,0.0,0.0
2011-05-16,349.0,349.0,349.0,349.0,0.0,0.0
2011-05-17,349.0,349.0,349.0,349.0,0.0,0.0
2011-05-18,349.0,349.0,349.0,349.0,0.0,0.0
2011-05-19,349.0,349.0,349.0,349.0,0.0,0.0
2011-05-20,349.0,349.0,349.0,349.0,0.0,0.0
2011-05-23,349.0,349.0,349.0,349.0,0.0,0.0
2011-05-24,349.0,349.0,349.0,349.0,0.0,0.0
2011-05-25,349.0,349.0,349.0,349.0,0.0,0.0
2011-05-26,349.0,349.0,349.0,349.0,0.0,0.0
2011-05-27,349.0,349.0,349.0,349.0,0.0,0.0
2011-05-30,349.0,349.0,349.0,349.0,0.0,0.0
2011-05-31,349.0,349.0,349.0,349.0,0.0,0.0
2011-06-01,349.0,349.0,349.0,349.0,0.0,0.0
2011-06-02,349.0,349.0,349.0,349.0,0.0,0.0
2011-06-03,349.0,349.0,349.0,349.0,0.0,0.0
2011-06-06,349.0,349.0,349.0,349.0,0.0,0.0
2011-06-07,349.0,349.0,349.0,349.0,0.0,0.0
2011-06-08,349.0,349.0,349.0,349.0,0.0,0.0
2011-06-09,349.0,349.0,349.0,349.0,0.0,0.0
2011-06-10,349.0,349.0,349.0,349.0,0.0,0.0
2011-06-13,349.0,349.0,349.0,349.0,0.0,0.0
2011-06-14,349.0,349.0,349.0,349.0,0.0,0.0
2011-06-15,349.0,349.0,349.0,349.0,0.0,0.0
2011-06-16,349.0,349.0,349.0,349.0,0.0,0.0
2011-06-17,349.0,349.0,349.0,349.0,0.0,0.0
2011-06-20,349.0,349.0,349.0,349.0,0.0,0.0
2011-06-21,349.0,349.0,349.0,349.0,0.0,0.0
2011-06-22,349.0,349.0,349.0,349.0,0.0,0.0
2011-06-23,349.0,349.0,349.0,349.0,0.0,0.0
2011-06-24,349.0,349.0,349.0,349.0,0.0,0.0
2011-06-27,349.0,349.0,349.0,349.0,0.0,0.0
2011-06-28,349.0,349.0,349.0,349.0,0.0,0.0
2011-06-29,349.0,349.0,349.0,349.0,0.0,0.0
2011-06-30,349.0,349.0,349.0,349.0,0.0,0.0
2011-07-01,349.0,349.0,349.0,349.0,0.0,0.0
2011-07-04,349.0,349.0,349.0,349.0,0.0,0.0
2011-07-05,349.0,349.0,349.0,349.0,0.0,0.0
2011-07-06,349.0,349.0,349.0,349.0,0.0,0.0
2011-07-07,349.0,349.0,349.0,349.0,0.0,0.0
2011-07-08,349.0,349.0,349.0,349.0,0.0,0.0
2011-07-11,349.0,349.0,349.0,349.0,0.0,0.0
2011-07-12,349.0,349.0,349.0,349.0,0.0,0.0
2011-07-13,349.0,349.0,349.0,349.0,0.0,0.0
2011-07-14,349.0,349.0,349.0,349.0,0.0,0.0
2011-07-15,349.0,349.0,349.0,349.0,0.0,0.0
2011-07-18,349.0,349.0,349.0,349.0,0.0,0.0
2011-07-19,349.0,349.0,349.0,349.0,0.0,0.0
2011-07-20,349.0,349.0,349.0,349.0,0.0,0.0
2011-07-21,349.0,349.0,349.0,349.0,0.0,0.0
2011-07-22,349.0,349.0,349.0,349.0,0.0,0.0
2011-07-23,349.0,349.0,349.0,349.0,0.0,0.0
2011-07-25,349.0,349.0,349.0,349.0,0.0,0.0
2011-07-26,349.0,349.0,349.0,349.0,0.0,0.0
2011-07-27,349.0,349.0,349.0,349.0,0.0,0.0
2011-07-28,349.0,349.0,349.0,349.0,0.0,0.0
2011-07-29,349.0,349.0,349.0,349.0,0.0,0.0
2011-08-01,349.0,349.0,349.0,349.0,0.0,0.0
2011-08-02,349.0,349.0,349.0,349.0,0.0,0.0
2011-08-03,349.0,349.0,349.0,349.0,0.0,0.0
2011-08-04,349.0,349.0,349.0,349.0,0.0,0.0
2011-08-05,349.0,349.0,349.0,349.0,0.0,0.0
2011-08-08,349.0,349.0,349.0,349.0,0.0,0.0
2011-08-09,349.0,349.0,349.0,349.0,0.0,0.0
2011-08-10,349.0,349.0,349.0,349.0,0.0,0.0
2011-08-11,349.0,349.0,349.0,349.0,0.0,0.0
2011-08-12,349.0,349.0,349.0,349.0,0.0,0.0
2011-08-15,349.0,349.0,349.0,349.0,0.0,0.0
2011-08-16,349.0,349.0,349.0,349.0,0.0,0.0
2011-08-17,349.0,349.0,349.0,349.0,0.0,0.0
2011-08-18,349.0,349.0,349.0,349.0,0.0,0.0
2011-08-19,349.0,349.0,349.0,349.0,0.0,0.0
2011-08-22,349.0,349.0,349.0,349.0,0.0,0.0
2011-08-23,349.0,349.0,349.0,349.0,0.0,0.0
2011-08-24,349.0,349.0,349.0,349.0,0.0,0.0
2011-08-25,349.0,349.0,349.0,349.0,0.0,0.0
2011-08-26,349.0,349.0,349.0,349.0,0.0,0.0
2011-08-29,349.0,349.0,349.0,349.0,0.0,0.0
2011-08-30,349.0,349.0,349.0,349.0,0.0,0.0
2011-08-31,349.0,349.0,349.0,349.0,0.0,0.0
2011-09-01,349.0,349.0,349.0,349.0,0.0,0.0
2011-09-02,349.0,349.0,349.0,349.0,0.0,0.0
2011-09-05,349.0,349.0,349.0,349.0,0.0,0.0
2011-09-06,349.0,349.0,349.0,349.0,0.0,0.0
2011-09-07,349.0,349.0,349.0,349.0,0.0,0.0
2011-09-08,349.0,349.0,349.0,349.0,0.0,0.0
2011-09-09,349.0,349.0,349.0,349.0,0.0,0.0
2011-09-12,349.0,349.0,349.0,349.0,0.0,0.0
2011-09-13,349.0,349.0,349.0,349.0,0.0,0.0
2011-09-14,349.0,349.0,349.0,349.0,0.0,0.0
2011-09-15,349.0,349.0,349.0,349.0,0.0,0.0
2011-09-16,349.0,349.0,349.0,349.0,0.0,0.0
2011-09-19,349.0,349.0,349.0,349.0,0.0,0.0
2011-09-20,349.0,349.0,349.0,349.0,0.0,0.0
2011-09-21,349.0,349.0,349.0,349.0,0.0,0.0
2011-09-22,349.0,349.0,349.0,349.0,0.0,0.0
2011-09-23,349.0,349.0,349.0,349.0,0.0,0.0
2011-09-26,349.0,349.0,349.0,349.0,0.0,0.0
2011-09-27,349.0,349.0,349.0,349.0,0.0,0.0
2011-09-28,349.0,349.0,349.0,349.0,0.0,0.0
2011-09-29,349.0,349.0,349.0,349.0,0.0,0.0
2011-09-30,349.0,349.0,349.0,349.0,0.0,0.0
2011-10-03,349.0,349.0,349.0,349.0,0.0,0.0
2011-10-04,349.0,349.0,349.0,349.0,0.0,0.0
2011-10-05,349.0,349.0,349.0,349.0,0.0,0.0
2011-10-06,349.0,349.0,349.0,349.0,0.0,0.0
2011-10-07,349.0,349.0,349.0,349.0,0.0,0.0
2011-10-10,349.0,349.0,349.0,349.0,0.0,0.0
2011-10-11,349.0,349.0,349.0,349.0,0.0,0.0
2011-10-12,349.0,349.0,349.0,349.0,0.0,0.0
2011-10-13,349.0,349.0,349.0,349.0,0.0,0.0
2011-10-14,349.0,349.0,349.0,349.0,0.0,0.0
2011-10-17,349.0,349.0,349.0,349.0,0.0,0.0
2011-10-18,349.0,349.0,349.0,349.0,0.0,0.0
2011-10-19,349.0,349.0,349.0,349.0,0.0,0.0
2011-10-20,349.0,349.0,349.0,349.0,0.0,0.0
2011-10-21,349.0,349.0,349.0,349.0,0.0,0.0
2011-10-24,349.0,349.0,349.0,349.0,0.0,0.0
2011-10-25,349.0,349.0,349.0,349.0,0.0,0.0
2011-10-26,349.0,349.0,349.0,349.0,0.0,0.0
2011-10-27,349.0,349.0,349.0,349.0,0.0,0.0
2011-10-28,349.0,349.0,349.0,349.0,0.0,0.0
2011-10-31,349.0,349.0,349.0,349.0,0.0,0.0
2011-11-01,349.0,349.0,349.0,349.0,0.0,0.0
2011-11-02,349.0,349.0,349.0,349.0,0.0,0.0
2011-11-03,349.0,349.0,349.0,349.0,0.0,0.0
2011-11-04,349.0,349.0,349.0,349.0,0.0,0.0
2011-11-07,349.0,349.0,349.0,349.0,0.0,0.0
2011-11-08,349.0,349.0,349.0,349.0,0.0,0.0
2011-11-09,349.0,349.0,349.0,349.0,0.0,0.0
2011-11-10,349.0,349.0,349.0,349.0,0.0,0.0
2011-11-11,349.0,349.0,349.0,349.0,0.0,0.0
2011-11-14,349.0,349.0,349.0,349.0,0.0,0.0
2011-11-15,349.0,349.0,349.0,349.0,0.0,0.0
2011-11-16,349.0,349.0,349.0,349.0,0.0,0.0
2011-11-17,349.0,349.0,349.0,349.0,0.0,0.0
2011-11-18,349.0,349.0,349.0,349.0,0.0,0.0
2011-11-21,349.0,349.0,349.0,349.0,0.0,0.0
2011-11-22,349.0,349.0,349.0,349.0,0.0,0.0
2011-11-23,349.0,349.0,349.0,349.0,0.0,0.0
2011-11-24,349.0,349.0,349.0,349.0,0.0,0.0
2011-11-25,349.0,349.0,349.0,349.0,0.0,0.0
2011-11-28,349.0,349.0,349.0,349.0,0.0,0.0
2011-11-29,349.0,349.0,349.0,349.0,0.0,0.0
2011-11-30,349.0,349.0,349.0,349.0,0.0,0.0
2011-12-01,349.0,349.0,349.0,349.0,0.0,0.0
2011-12-02,349.0,349.0,349.0,349.0,0.0,0.0
2011-12-05,349.0,349.0,349.0,349.0,0.0,0.0
2011-12-06,349.0,349.0,349.0,349.0,0.0,0.0
2011-12-07,349.0,349.0,349.0,349.0,0.0,0.0
2011-12-08,349.0,349.0,349.0,349.0,0.0,0.0
2011-12-09,349.0,349.0,349.0,349.0,0.0,0.0
2011-12-12,349.0,349.0,349.0,349.0,0.0,0.0
2011-12-13,349.0,349.0,349.0,349.0,0.0,0.0
2011-12-14,349.0,349.0,349.0,349.0,0.0,0.0
2011-12-15,349.0,349.0,349.0,349.0,0.0,0.0
2011-12-16,349.0,349.0,349.0,349.0,0.0,0.0
2011-12-19,349.0,349.0,349.0,349.0,0.0,0.0
2011-12-20,349.0,349.0,349.0,349.0,0.0,0.0
2011-12-21,349.0,349.0,349.0,349.0,0.0,0.0
2011-12-22,349.0,349.0,349.0,349.0,0.0,0.0
2011-12-23,349.0,349.0,349.0,349.0,0.0,0.0
2011-12-27,349.0,349.0,349.0,349.0,0.0,0.0
2011-12-28,349.0,349.0,349.0,349.0,0.0,0.0
2011-12-29,349.0,349.0,349.0,349.0,0.0,0.0
2011-12-30,349.0,349.0,349.0,349.0,0.0,0.0
2012-01-02,349.0,349.0,349.0,349.0,0.0,0.0
2012-01-03,349.0,349.0,349.0,349.0,0.0,0.0
2012-01-04,349.0,349.0,349.0,349.0,0.0,0.0
2012-01-05,349.0,349.0,349.0,349.0,0.0,0.0
2012-01-06,349.0,349.0,349.0,349.0,0.0,0.0
2012-01-09,349.0,349.0,349.0,349.0,0.0,0.0
2012-01-10,349.0,349.0,349.0,349.0,0.0,0.0
2012-01-11,349.0,349.0,349.0,349.0,0.0,0.0
2012-01-12,349.0,349.0,349.0,349.0,0.0,0.0
2012-01-13,349.0,349.0,349.0,349.0,0.0,0.0
2012-01-16,349.0,349.0,349.0,349.0,0.0,0.0
2012-01-17,349.0,349.0,349.0,349.0,0.0,0.0
2012-01-18,349.0,349.0,349.0,349.0,0.0,0.0
2012-01-19,349.0,349.0,349.0,349.0,0.0,0.0
2012-01-20,349.0,349.0,349.0,349.0,0.0,0.0
2012-01-23,349.0,349.0,349.0,349.0,0.0,0.0
2012-01-24,349.0,349.0,349.0,349.0,0.0,0.0
2012-01-25,349.0,349.0,349.0,349.0,0.0,0.0
2012-01-26,349.0,349.0,349.0,349.0,0.0,0.0
2012-01-27,349.0,349.0,349.0,349.0,0.0,0.0
2012-01-30,349.0,349.0,349.0,349.0,0.0,0.0
2012-01-31,349.0,349.0,349.0,349.0,0.0,0.0
2012-02-01,349.0,349.0,349.0,349.0,0.0,0.0
2012-02-02,349.0,349.0,349.0,349.0,0.0,0.0
2012-02-03,349.0,349.0,349.0,349.0,0.0,0.0
2012-02-05,349.0,349.0,349.0,349.0,0.0,0.0
2012-02-06,349.0,349.0,349.0,349.0,0.0,0.0
2012-02-07,349.0,349.0,349.0,349.0,0.0,0.0
2012-02-08,349.0,349.0,349.0,349.0,0.0,0.0
2012-02-09,349.0,349.0,349.0,349.0,0.0,0.0
2012-02-10,349.0,349.0,349.0,349.0,0.0,0.0
2012-02-13,349.0,349.0,349.0,349.0,0.0,0.0
2012-02-14,349.0,349.0,349.0,349.0,0.0,0.0
2012-02-15,349.0,349.0,349.0,349.0,0.0,0.0
2012-02-16,349.0,349.0,349.0,349.0,0.0,0.0
2012-02-17,349.0,349.0,349.0,349.0,0.0,0.0
2012-02-20,349.0,349.0,349.0,349.0,0.0,0.0
2012-02-21,349.0,349.0,349.0,349.0,0.0,0.0
2012-02-22,349.0,349.0,349.0,349.0,0.0,0.0
2012-02-23,349.0,349.0,349.0,349.0,0.0,0.0
2012-02-24,349.0,349.0,349.0,349.0,0.0,0.0
2012-02-27,349.0,349.0,349.0,349.0,0.0,0.0
2012-02-28,349.0,349.0,349.0,349.0,0.0,0.0
2012-02-29,349.0,349.0,349.0,349.0,0.0,0.0
2012-03-01,349.0,349.0,349.0,349.0,0.0,0.0
2012-03-02,349.0,349.0,349.0,349.0,0.0,0.0
2012-03-05,349.0,349.0,349.0,349.0,0.0,0.0
2012-03-06,349.0,349.0,349.0,349.0,0.0,0.0
2012-03-07,349.0,349.0,349.0,349.0,0.0,0.0
2012-03-08,349.0,349.0,349.0,349.0,0.0,0.0
2012-03-09,349.0,349.0,349.0,349.0,0.0,0.0
2012-03-12,349.0,349.0,349.0,349.0,0.0,0.0
2012-03-13,349.0,349.0,349.0,349.0,0.0,0.0
2012-03-14,349.0,349.0,349.0,349.0,0.0,0.0
2012-03-15,349.0,349.0,349.0,349.0,0.0,0.0
2012-03-16,349.0,349.0,349.0,349.0,0.0,0.0
2012-03-19,349.0,349.0,349.0,349.0,0.0,0.0
2012-03-20,349.0,349.0,349.0,349.0,0.0,0.0
2012-03-21,349.0,349.0,349.0,349.0,0.0,0.0
2012-03-22,349.0,349.0,349.0,349.0,0.0,0.0
2012-03-23,349.0,349.0,349.0,349.0,0.0,0.0
2012-03-26,349.0,349.0,349.0,349.0,0.0,0.0
2012-03-27,349.0,349.0,349.0,349.0,0.0,0.0
2012-03-28,349.0,349.0,349.0,349.0,0.0,0.0
2012-03-29,349.0,349.0,349.0,349.0,0.0,0.0
2012-03-30,349.0,349.0,349.0,349.0,0.0,0.0
2012-04-02,349.0,349.0,349.0,349.0,0.0,0.0
2012-04-03,349.0,349.0,349.0,349.0,0.0,0.0
2012-04-04,349.0,349.0,349.0,349.0,0.0,0.0
2012-04-05,349.0,349.0,349.0,349.0,0.0,0.0
2012-04-08,349.0,349.0,349.0,349.0,0.0,0.0
2012-04-09,349.0,349.0,349.0,349.0,0.0,0.0
2012-04-10,349.0,349.0,349.0,349.0,0.0,0.0
2012-04-11,349.0,349.0,349.0,349.0,0.0,0.0
2012-04-12,349.0,349.0,349.0,349.0,0.0,0.0
2012-04-13,349.0,349.0,349.0,349.0,0.0,0.0
2012-04-16,349.0,349.0,349.0,349.0,0.0,0.0
2012-04-17,349.0,349.0,349.0,349.0,0.0,0.0
2012-04-18,349.0,349.0,349.0,349.0,0.0,0.0
2012-04-19,349.0,349.0,349.0,349.0,0.0,0.0
2012-04-20,349.0,349.0,349.0,349.0,0.0,0.0
2012-04-23,349.0,349.0,349.0,349.0,0.0,0.0
2012-04-24,349.0,349.0,349.0,349.0,0.0,0.0
2012-04-25,349.0,349.0,349.0,349.0,0.0,0.0
2012-04-26,349.0,349.0,349.0,349.0,0.0,0.0
2012-04-27,349.0,349.0,349.0,349.0,0.0,0.0
2012-04-30,349.0,349.0,349.0,349.0,0.0,0.0
2012-05-01,349.0,349.0,349.0,349.0,0.0,0.0
2012-05-02,349.0,349.0,349.0,349.0,0.0,0.0
2012-05-03,349.0,349.0,349.0,349.0,0.0,0.0
2012-05-04,349.0,349.0,349.0,349.0,0.0,0.0
2012-05-07,349.0,349.0,349.0,349.0,0.0,0.0
2012-05-08,349.0,349.0,349.0,349.0,0.0,0.0
2012-05-09,349.0,349.0,349.0,349.0,0.0,0.0
2012-05-10,349.0,349.0,349.0,349.0,0.0,0.0
2012-05-11,349.0,349.0,349.0,349.0,0.0,0.0
2012-05-14,349.0,349.0,349.0,349.0,0.0,0.0
2012-05-15,349.0,349.0,349.0,349.0,0.0,0.0
2012-05-16,349.0,349.0,349.0,349.0,0.0,0.0
2012-05-17,349.0,349.0,349.0,349.0,0.0,0.0
2012-05-18,349.0,349.0,349.0,349.0,0.0,0.0
2012-05-21,349.0,349.0,349.0,349.0,0.0,0.0
2012-05-22,349.0,349.0,349.0,349.0,0.0,0.0
2012-05-23,349.0,349.0,349.0,349.0,0.0,0.0
2012-05-24,349.0,349.0,349.0,349.0,0.0,0.0
2012-05-25,349.0,349.0,349.0,349.0,0.0,0.0
2012-05-28,349.0,349.0,349.0,349.0,0.0,0.0
2012-05-29,349.0,349.0,349.0,349.0,0.0,0.0
2012-05-30,349.0,349.0,349.0,349.0,0.0,0.0
2012-05-31,349.0,349.0,349.0,349.0,0.0,0.0
2012-06-01,349.0,349.0,349.0,349.0,0.0,0.0
2012-06-04,349.0,349.0,349.0,349.0,0.0,0.0
2012-06-05,349.0,349.0,349.0,349.0,0.0,0.0
2012-06-06,349.0,349.0,349.0,349.0,0.0,0.0
2012-06-07,349.0,349.0,349.0,349.0,0.0,0.0
2012-06-08,349.0,349.0,349.0,349.0,0.0,0.0
2012-06-11,349.0,349.0,349.0,349.0,0.0,0.0
2012-06-12,349.0,349.0,349.0,349.0,0.0,0.0
2012-06-13,349.0,349.0,349.0,349.0,0.0,0.0
2012-06-14,349.0,349.0,349.0,349.0,0.0,0.0
2012-06-15,349.0,349.0,349.0,349.0,0.0,0.0
2012-06-18,349.0,349.0,349.0,349.0,0.0,0.0
2012-06-19,349.0,349.0,349.0,349.0,0.0,0.0
2012-06-20,349.0,349.0,349.0,349.0,0.0,0.0
2012-06-21,349.0,349.0,349.0,349.0,0.0,0.0
2012-06-22,349.0,349.0,349.0,349.0,0.0,0.0
2012-06-25,349.0,349.0,349.0,349.0,0.0,0.0
2012-06-26,349.0,349.0,349.0,349.0,0.0,0.0
2012-06-27,349.0,349.0,349.0,349.0,0.0,0.0
2012-06-28,349.0,349.0,349.0,349.0,0.0,0.0
2012-06-29,349.0,349.0,349.0,349.0,0.0,0.0
2012-07-02,349.0,349.0,349.0,349.0,0.0,0.0
2012-07-03,349.0,349.0,349.0,349.0,0.0,0.0
2012-07-04,349.0,349.0,349.0,349.0,0.0,0.0
2012-07-05,349.0,349.0,349.0,349.0,0.0,0.0
2012-07-06,349.0,349.0,349.0,349.0,0.0,0.0
2012-07-07,349.0,349.0,349.0,349.0,0.0,0.0
2012-07-08,349.0,349.0,349.0,349.0,0.0,0.0
2012-07-09,349.0,349.0,349.0,349.0,0.0,0.0
2012-07-10,349.0,349.0,349.0,349.0,0.0,0.0
2012-07-11,349.0,349.0,349.0,349.0,0.0,0.0
2012-07-12,349.0,349.0,349.0,349.0,0.0,0.0
2012-07-13,349.0,349.0,349.0,349.0,0.0,0.0
2012-07-16,349.0,349.0,349.0,349.0,0.0,0.0
2012-07-17,349.0,349.0,349.0,349.0,0.0,0.0
2012-07-18,349.0,349.0,349.0,349.0,0.0,0.0
2012-07-19,349.0,349.0,349.0,349.0,0.0,0.0
2012-07-20,349.0,349.0,349.0,349.0,0.0,0.0
2012-07-23,349.0,349.0,349.0,349.0,0.0,0.0
2012-07-24,349.0,349.0,349.0,349.0,0.0,0.0
2012-07-25,349.0,349.0,349.0,349.0,0.0,0.0
2012-07-26,349.0,349.0,349.0,349.0,0.0,0.0
2012-07-27,349.0,349.0,349.0,349.0,0.0,0.0
2012-07-30,349.0,349.0,349.0,349.0,0.0,0.0
2012-07-31,349.0,349.0,349.0,349.0,0.0,0.0
2012-08-01,349.0,349.0,349.0,349.0,0.0,0.0
2012-08-02,349.0,349.0,349.0,349.0,0.0,0.0
2012-08-03,349.0,349.0,349.0,349.0,0.0,0.0
2012-08-06,349.0,349.0,349.0,349.0,0.0,0.0
2012-08-07,349.0,349.0,349.0,349.0,0.0,0.0
2012-08-08,349.0,349.0,349.0,349.0,0.0,0.0
2012-08-09,349.0,349.0,349.0,349.0,0.0,0.0
2012-08-10,349.0,349.0,349.0,349.0,0.0,0.0
2012-08-13,349.0,349.0,349.0,349.0,0.0,0.0
2012-08-14,349.0,349.0,349.0,349.0,0.0,0.0
2012-08-15,349.0,349.0,349.0,349.0,0.0,0.0
2012-08-16,349.0,349.0,349.0,349.0,0.0,0.0
2012-08-17,349.0,349.0,349.0,349.0,0.0,0.0
2012-08-20,349.0,349.0,349.0,349.0,0.0,0.0
2012-08-21,349.0,349.0,349.0,349.0,0.0,0.0
2012-08-22,349.0,349.0,349.0,349.0,0.0,0.0
2012-08-23,349.0,349.0,349.0,349.0,0.0,0.0
2012-08-24,349.0,349.0,349.0,349.0,0.0,0.0
2012-08-27,349.0,349.0,349.0,349.0,0.0,0.0
2012-08-28,349.0,349.0,349.0,349.0,0.0,0.0
2012-08-29,349.0,349.0,349.0,349.0,0.0,0.0
2012-08-30,349.0,349.0,349.0,349.0,0.0,0.0
2012-08-31,349.0,349.0,349.0,349.0,0.0,0.0
2012-09-03,349.0,349.0,349.0,349.0,0.0,0.0
2012-09-04,349.0,349.0,349.0,349.0,0.0,0.0
2012-09-05,349.0,349.0,349.0,349.0,0.0,0.0
2012-09-06,349.0,349.0,349.0,349.0,0.0,0.0
2012-09-07,349.0,349.0,349.0,349.0,0.0,0.0
2012-09-10,349.0,349.0,349.0,349.0,0.0,0.0
2012-09-11,349.0,349.0,349.0,349.0,0.0,0.0
2012-09-12,349.0,349.0,349.0,349.0,0.0,0.0
2012-09-13,349.0,349.0,349.0,349.0,0.0,0.0
2012-09-14,349.0,349.0,349.0,349.0,0.0,0.0
2012-09-17,349.0,349.0,349.0,349.0,0.0,0.0
2012-09-18,349.0,349.0,349.0,349.0,0.0,0.0
2012-09-19,349.0,349.0,349.0,349.0,0.0,0.0
2012-09-20,349.0,349.0,349.0,349.0,0.0,0.0
2012-09-21,349.0,349.0,349.0,349.0,0.0,0.0
2012-09-24,349.0,349.0,349.0,349.0,0.0,0.0
2012-09-25,349.0,349.0,349.0,349.0,0.0,0.0
2012-09-26,349.0,349.0,349.0,349.0,0.0,0.0
2012-09-27,349.0,349.0,349.0,349.0,0.0,0.0
2012-09-28,349.0,349.0,349.0,349.0,0.0,0.0
2012-10-01,349.0,349.0,349.0,349.0,0.0,0.0
2012-10-02,349.0,349.0,349.0,349.0,0.0,0.0
2012-10-03,349.0,349.0,349.0,349.0,0.0,0.0
2012-10-04,349.0,349.0,349.0,349.0,0.0,0.0
2012-10-05,349.0,349.0,349.0,349.0,0.0,0.0
2012-10-08,349.0,349.0,349.0,349.0,0.0,0.0
2012-10-09,349.0,349.0,349.0,349.0,0.0,0.0
2012-10-10,349.0,349.0,349.0,349.0,0.0,0.0
2012-10-11,349.0,349.0,349.0,349.0,0.0,0.0
2012-10-12,349.0,349.0,349.0,349.0,0.0,0.0
2012-10-15,349.0,349.0,349.0,349.0,0.0,0.0
2012-10-16,349.0,349.0,349.0,349.0,0.0,0.0
2012-10-17,349.0,349.0,349.0,349.0,0.0,0.0
2012-10-18,349.0,349.0,349.0,349.0,0.0,0.0
2012-10-19,349.0,349.0,349.0,349.0,0.0,0.0
2012-10-22,349.0,349.0,349.0,349.0,0.0,0.0
2012-10-23,349.0,349.0,349.0,349.0,0.0,0.0
2012-10-24,349.0,349.0,349.0,349.0,0.0,0.0
2012-10-25,349.0,349.0,349.0,349.0,0.0,0.0
2012-10-26,349.0,349.0,349.0,349.0,0.0,0.0
2012-10-29,349.0,349.0,349.0,349.0,0.0,0.0
2012-10-30,349.0,349.0,349.0,349.0,0.0,0.0
2012-10-31,349.0,349.0,349.0,349.0,0.0,0.0
2012-11-01,349.0,349.0,349.0,349.0,0.0,0.0
2012-11-02,349.0,349.0,349.0,349.0,0.0,0.0
2012-11-05,349.0,349.0,349.0,349.0,0.0,0.0
2012-11-06,349.0,349.0,349.0,349.0,0.0,0.0
2012-11-07,349.0,349.0,349.0,349.0,0.0,0.0
2012-11-08,349.0,349.0,349.0,349.0,0.0,0.0
2012-11-09,349.0,349.0,349.0,349.0,0.0,0.0
2012-11-12,349.0,349.0,349.0,349.0,0.0,0.0
2012-11-13,349.0,349.0,349.0,349.0,0.0,0.0
2012-11-14,349.0,349.0,349.0,349.0,0.0,0.0
2012-11-15,349.0,349.0,349.0,349.0,0.0,0.0
2012-11-16,349.0,349.0,349.0,349.0,0.0,0.0
2012-11-19,349.0,349.0,349.0,349.0,0.0,0.0
2012-11-20,349.0,349.0,349.0,349.0,0.0,0.0
2012-11-21,349.0,349.0,349.0,349.0,0.0,0.0
2012-11-22,349.0,349.0,349.0,349.0,0.0,0.0
2012-11-23,349.0,349.0,349.0,349.0,0.0,0.0
2012-11-26,349.0,349.0,349.0,349.0,0.0,0.0
2012-11-27,349.0,349.0,349.0,349.0,0.0,0.0
2012-11-28,349.0,349.0,349.0,349.0,0.0,0.0
2012-11-29,349.0,349.0,349.0,349.0,0.0,0.0
2012-11-30,349.0,349.0,349.0,349.0,0.0,0.0
2012-12-03,349.0,349.0,349.0,349.0,0.0,0.0
2012-12-04,349.0,349.0,349.0,349.0,0.0,0.0
2012-12-05,349.0,349.0,349.0,349.0,0.0,0.0
2012-12-06,349.0,349.0,349.0,349.0,0.0,0.0
2012-12-07,349.0,349.0,349.0,349.0,0.0,0.0
2012-12-10,349.0,349.0,349.0,349.0,0.0,0.0
2012-12-11,349.0,349.0,349.0,349.0,0.0,0.0
2012-12-12,349.0,349.0,349.0,349.0,0.0,0.0
2012-12-13,349.0,349.0,349.0,349.0,0.0,0.0
2012-12-14,349.0,349.0,349.0,349.0,0.0,0.0
2012-12-17,349.0,349.0,349.0,349.0,0.0,0.0
2012-12-18,349.0,349.0,349.0,349.0,0.0,0.0
2012-12-19,349.0,349.0,349.0,349.0,0.0,0.0
2012-12-20,349.0,349.0,349.0,349.0,0.0,0.0
2012-12-21,349.0,349.0,349.0,349.0,0.0,0.0
2012-12-24,349.0,349.0,349.0,349.0,0.0,0.0
2012-12-27,349.0,349.0,349.0,349.0,0.0,0.0
2012-12-28,349.0,349.0,349.0,349.0,0.0,0.0
2012-12-31,349.0,349.0,349.0,349.0,0.0,0.0
2013-01-02,349.0,349.0,349.0,349.0,0.0,0.0
2013-01-03,349.0,349.0,349.0,349.0,0.0,0.0
2013-01-04,349.0,349.0,349.0,349.0,0.0,0.0
2013-01-07,349.0,349.0,349.0,349.0,0.0,0.0
2013-01-08,349.0,349.0,349.0,349.0,0.0,0.0
2013-01-09,349.0,349.0,349.0,349.0,0.0,0.0
2013-01-10,349.0,349.0,349.0,349.0,0.0,0.0
2013-01-11,349.0,349.0,349.0,349.0,0.0,0.0
2013-01-14,349.0,349.0,349.0,349.0,0.0,0.0
2013-01-15,349.0,349.0,349.0,349.0,0.0,0.0
2013-01-16,349.0,349.0,349.0,349.0,0.0,0.0
2013-01-17,349.0,349.0,349.0,349.0,0.0,0.0
2013-01-18,349.0,349.0,349.0,349.0,0.0,0.0
2013-01-21,349.0,349.0,349.0,349.0,0.0,0.0
2013-01-22,349.0,349.0,349.0,349.0,0.0,0.0
2013-01-23,349.0,349.0,349.0,349.0,0.0,0.0
2013-01-24,349.0,349.0,349.0,349.0,0.0,0.0
2013-01-25,349.0,349.0,349.0,349.0,0.0,0.0
2013-01-28,349.0,349.0,349.0,349.0,0.0,0.0
2013-01-29,349.0,349.0,349.0,349.0,0.0,0.0
2013-01-30,349.0,349.0,349.0,349.0,0.0,0.0
2013-01-31,349.0,349.0,349.0,349.0,0.0,0.0
2013-02-01,349.0,349.0,349.0,349.0,0.0,0.0
2013-02-04,349.0,349.0,349.0,349.0,0.0,0.0
2013-02-05,349.0,349.0,349.0,349.0,0.0,0.0
2013-02-06,349.0,349.0,349.0,349.0,0.0,0.0
2013-02-07,349.0,349.0,349.0,349.0,0.0,0.0
2013-02-08,349.0,349.0,349.0,349.0,0.0,0.0
2013-02-11,349.0,349.0,349.0,349.0,0.0,0.0
2013-02-12,349.0,349.0,349.0,349.0,0.0,0.0
2013-02-13,349.0,349.0,349.0,349.0,0.0,0.0
2013-02-14,349.0,349.0,349.0,349.0,0.0,0.0
2013-02-15,349.0,349.0,349.0,349.0,0.0,0.0
2013-02-18,349.0,349.0,349.0,349.0,0.0,0.0
2013-02-19,349.0,349.0,349.0,349.0,0.0,0.0
2013-02-20,349.0,349.0,349.0,349.0,0.0,0.0
2013-02-21,349.0,349.0,349.0,349.0,0.0,0.0
2013-02-22,349.0,349.0,349.0,349.0,0.0,0.0
2013-02-25,349.0,349.0,349.0,349.0,0.0,0.0
2013-02-26,349.0,349.0,349.0,349.0,0.0,0.0
2013-02-27,349.0,349.0,349.0,349.0,0.0,0.0
2013-02-28,349.0,349.0,349.0,349.0,0.0,0.0
2013-03-01,349.0,349.0,349.0,349.0,0.0,0.0
2013-03-04,349.0,349.0,349.0,349.0,0.0,0.0
2013-03-05,349.0,349.0,349.0,349.0,0.0,0.0
2013-03-06,349.0,349.0,349.0,349.0,0.0,0.0
2013-03-07,349.0,349.0,349.0,349.0,0.0,0.0
2013-03-08,349.0,349.0,349.0,349.0,0.0,0.0
2013-03-11,349.0,349.0,349.0,349.0,0.0,0.0
2013-03-12,349.0,349.0,349.0,349.0,0.0,0.0
2013-03-13,349.0,349.0,349.0,349.0,0.0,0.0
2013-03-14,349.0,349.0,349.0,349.0,0.0,0.0
2013-03-15,349.0,349.0,349.0,349.0,0.0,0.0
2013-03-18,349.0,349.0,349.0,349.0,0.0,0.0
2013-03-19,349.0,349.0,349.0,349.0,0.0,0.0
2013-03-20,349.0,349.0,349.0,349.0,0.0,0.0
2013-03-21,349.0,349.0,349.0,349.0,0.0,0.0
2013-03-22,349.0,349.0,349.0,349.0,0.0,0.0
2013-03-25,349.0,349.0,349.0,349.0,0.0,0.0
2013-03-26,349.0,349.0,349.0,349.0,0.0,0.0
2013-03-27,349.0,349.0,349.0,349.0,0.0,0.0
2013-03-28,349.0,349.0,349.0,349.0,0.0,0.0
2013-04-01,349.0,349.0,349.0,349.0,0.0,0.0
2013-04-02,349.0,349.0,349.0,349.0,0.0,0.0
2013-04-03,349.0,349.0,349.0,349.0,0.0,0.0
2013-04-04,349.0,349.0,349.0,349.0,0.0,0.0
2013-04-05,349.0,349.0,349.0,349.0,0.0,0.0
2013-04-08,349.0,349.0,349.0,349.0,0.0,0.0
2013-04-09,349.0,349.0,349.0,349.0,0.0,0.0
2013-04-10,349.0,349.0,349.0,349.0,0.0,0.0
2013-04-11,349.0,349.0,349.0,349.0,0.0,0.0
2013-04-12,349.0,349.0,349.0,349.0,0.0,0.0
2013-04-15,349.0,349.0,349.0,349.0,0.0,0.0
2013-04-16,349.0,349.0,349.0,349.0,0.0,0.0
2013-04-17,349.0,349.0,349.0,349.0,0.0,0.0
2013-04-18,349.0,349.0,349.0,349.0,0.0,0.0
2013-04-19,349.0,349.0,349.0,349.0,0.0,0.0
2013-04-22,349.0,349.0,349.0,349.0,0.0,0.0
2013-04-23,349.0,349.0,349.0,349.0,0.0,0.0
2013-04-24,349.0,349.0,349.0,349.0,0.0,0.0
2013-04-25,349.0,349.0,349.0,349.0,0.0,0.0
2013-04-26,349.0,349.0,349.0,349.0,0.0,0.0
2013-04-29,349.0,349.0,349.0,349.0,0.0,0.0
2013-04-30,349.0,349.0,349.0,349.0,0.0,0.0
2013-05-01,349.0,349.0,349.0,349.0,0.0,0.0
2013-05-02,349.0,349.0,349.0,349.0,0.0,0.0
2013-05-03,349.0,349.0,349.0,349.0,0.0,0.0
2013-05-06,349.0,349.0,349.0,349.0,0.0,0.0
2013-05-07,349.0,349.0,349.0,349.0,0.0,0.0
2013-05-08,349.0,349.0,349.0,349.0,0.0,0.0
2013-05-09,349.0,349.0,349.0,349.0,0.0,0.0
2013-05-10,349.0,349.0,349.0,349.0,0.0,0.0
2013-05-13,349.0,349.0,349.0,349.0,0.0,0.0
2013-05-14,349.0,349.0,349.0,349.0,0.0,0.0
2013-05-15,349.0,349.0,349.0,349.0,0.0,0.0
2013-05-16,349.0,349.0,349.0,349.0,0.0,0.0
2013-05-17,349.0,349.0,349.0,349.0,0.0,0.0
2013-05-20,349.0,349.0,349.0,349.0,0.0,0.0
2013-05-21,349.0,349.0,349.0,349.0,0.0,0.0
2013-05-22,349.0,349.0,349.0,349.0,0.0,0.0
2013-05-23,349.0,349.0,349.0,349.0,0.0,0.0
2013-05-24,349.0,349.0,349.0,349.0,0.0,0.0
2013-05-27,349.0,349.0,349.0,349.0,0.0,0.0
2013-05-28,349.0,349.0,349.0,349.0,0.0,0.0
2013-05-29,349.0,349.0,349.0,349.0,0.0,0.0
2013-05-30,349.0,349.0,349.0,349.0,0.0,0.0
2013-05-31,349.0,349.0,349.0,349.0,0.0,0.0
2013-06-03,349.0,349.0,349.0,349.0,0.0,0.0
2013-06-04,349.0,349.0,349.0,349.0,0.0,0.0
2013-06-05,349.0,349.0,349.0,349.0,0.0,0.0
2013-06-06,349.0,349.0,349.0,349.0,0.0,0.0
2013-06-07,349.0,349.0,349.0,349.0,0.0,0.0
2013-06-10,349.0,349.0,349.0,349.0,0.0,0.0
2013-06-11,349.0,349.0,349.0,349.0,0.0,0.0
2013-06-12,349.0,349.0,349.0,349.0,0.0,0.0
2013-06-13,349.0,349.0,349.0,349.0,0.0,0.0
2013-06-14,349.0,349.0,349.0,349.0,0.0,0.0
2013-06-17,349.0,349.0,349.0,349.0,0.0,0.0
2013-06-18,349.0,349.0,349.0,349.0,0.0,0.0
2013-06-19,349.0,349.0,349.0,349.0,0.0,0.0
2013-06-20,349.0,349.0,349.0,349.0,0.0,0.0
2013-06-21,349.0,349.0,349.0,349.0,0.0,0.0
2013-06-24,349.0,349.0,349.0,349.0,0.0,0.0
2013-06-25,349.0,349.0,349.0,349.0,0.0,0.0
2013-06-26,349.0,349.0,349.0,349.0,0.0,0.0
2013-06-27,349.0,349.0,349.0,349.0,0.0,0.0
2013-06-28,349.0,349.0,349.0,349.0,0.0,0.0
2013-07-01,349.0,349.0,349.0,349.0,0.0,0.0
2013-07-02,349.0,349.0,349.0,349.0,0.0,0.0
2013-07-03,349.0,349.0,349.0,349.0,0.0,0.0
2013-07-04,349.0,349.0,349.0,349.0,0.0,0.0
2013-07-05,349.0,349.0,349.0,349.0,0.0,0.0
2013-07-08,349.0,349.0,349.0,349.0,0.0,0.0
2013-07-09,349.0,349.0,349.0,349.0,0.0,0.0
2013-07-10,349.0,349.0,349.0,349.0,0.0,0.0
2013-07-11,349.0,349.0,349.0,349.0,0.0,0.0
2013-07-12,349.0,349.0,349.0,349.0,0.0,0.0
2013-07-15,349.0,349.0,349.0,349.0,0.0,0.0
2013-07-16,349.0,349.0,349.0,349.0,0.0,0.0
2013-07-17,349.0,349.0,349.0,349.0,0.0,0.0
2013-07-18,349.0,349.0,349.0,349.0,0.0,0.0
2013-07-19,349.0,349.0,349.0,349.0,0.0,0.0
2013-07-22,349.0,349.0,349.0,349.0,0.0,0.0
2013-07-23,349.0,349.0,349.0,349.0,0.0,0.0
2013-07-24,349.0,349.0,349.0,349.0,0.0,0.0
2013-07-25,349.0,349.0,349.0,349.0,0.0,0.0
2013-07-26,349.0,349.0,349.0,349.0,0.0,0.0
2013-07-29,349.0,349.0,349.0,349.0,0.0,0.0
2013-07-30,349.0,349.0,349.0,349.0,0.0,0.0
2013-07-31,349.0,349.0,349.0,349.0,0.0,0.0
2013-08-01,349.0,349.0,349.0,349.0,0.0,0.0
2013-08-02,349.0,349.0,349.0,349.0,0.0,0.0
2013-08-05,349.0,349.0,349.0,349.0,0.0,0.0
2013-08-06,349.0,349.0,349.0,349.0,0.0,0.0
2013-08-07,349.0,349.0,349.0,349.0,0.0,0.0
2013-08-08,349.0,349.0,349.0,349.0,0.0,0.0
2013-08-09,349.0,349.0,349.0,349.0,0.0,0.0
2013-08-12,349.0,349.0,349.0,349.0,0.0,0.0
2013-08-13,349.0,349.0,349.0,349.0,0.0,0.0
2013-08-14,349.0,349.0,349.0,349.0,0.0,0.0
2013-08-15,349.0,349.0,349.0,349.0,0.0,0.0
2013-08-16,349.0,349.0,349.0,349.0,0.0,0.0
2013-08-19,349.0,349.0,349.0,349.0,0.0,0.0
2013-08-20,349.0,349.0,349.0,349.0,0.0,0.0
2013-08-21,349.0,349.0,349.0,349.0,0.0,0.0
2013-08-22,349.0,349.0,349.0,349.0,0.0,0.0
2013-08-23,349.0,349.0,349.0,349.0,0.0,0.0
2013-08-26,349.0,349.0,349.0,349.0,0.0,0.0
2013-08-27,349.0,349.0,349.0,349.0,0.0,0.0
2013-08-28,349.0,349.0,349.0,349.0,0.0,0.0
2013-08-29,349.0,349.0,349.0,349.0,0.0,0.0
2013-08-30,349.0,349.0,349.0,349.0,0.0,0.0
2013-09-02,349.0,349.0,349.0,349.0,0.0,0.0
2013-09-03,349.0,349.0,349.0,349.0,0.0,0.0
2013-09-04,349.0,349.0,349.0,349.0,0.0,0.0
2013-09-05,349.0,349.0,349.0,349.0,0.0,0.0
2013-09-06,349.0,349.0,349.0,349.0,0.0,0.0
2013-09-09,349.0,349.0,349.0,349.0,0.0,0.0
2013-09-10,349.0,349.0,349.0,349.0,0.0,0.0
2013-09-11,349.0,349.0,349.0,349.0,0.0,0.0
2013-09-12,349.0,349.0,349.0,349.0,0.0,0.0
2013-09-13,349.0,349.0,349.0,349.0,0.0,0.0
2013-09-16,349.0,349.0,349.0,349.0,0.0,0.0
2013-09-17,349.0,349.0,349.0,349.0,0.0,0.0
2013-09-18,349.0,349.0,349.0,349.0,0.0,0.0
2013-09-19,349.0,349.0,349.0,349.0,0.0,0.0
2013-09-20,349.0,349.0,349.0,349.0,0.0,0.0
2013-09-23,349.0,349.0,349.0,349.0,0.0,0.0
2013-09-24,349.0,349.0,349.0,349.0,0.0,0.0
2013-09-25,349.0,349.0,349.0,349.0,0.0,0.0
2013-09-26,349.0,349.0,349.0,349.0,0.0,0.0
2013-09-27,349.0,349.0,349.0,349.0,0.0,0.0
2013-09-30,349.0,349.0,349.0,349.0,0.0,0.0
2013-10-01,349.0,349.0,349.0,349.0,0.0,0.0
2013-10-02,349.0,349.0,349.0,349.0,0.0,0.0
2013-10-03,349.0,349.0,349.0,349.0,0.0,0.0
2013-10-04,349.0,349.0,349.0,349.0,0.0,0.0
2013-10-07,349.0,349.0,349.0,349.0,0.0,0.0
2013-10-08,349.0,349.0,349.0,349.0,0.0,0.0
2013-10-09,349.0,349.0,349.0,349.0,0.0,0.0
2013-10-10,349.0,349.0,349.0,349.0,0.0,0.0
2013-10-11,349.0,349.0,349.0,349.0,0.0,0.0
2013-10-14,349.0,349.0,349.0,349.0,0.0,0.0
2013-10-15,349.0,349.0,349.0,349.0,0.0,0.0
2013-10-16,349.0,349.0,349.0,349.0,0.0,0.0
2013-10-17,349.0,349.0,349.0,349.0,0.0,0.0
2013-10-18,349.0,349.0,349.0,349.0,0.0,0.0
2013-10-21,349.0,349.0,349.0,349.0,0.0,0.0
2013-10-22,349.0,349.0,349.0,349.0,0.0,0.0
2013-10-23,349.0,349.0,349.0,349.0,0.0,0.0
2013-10-24,349.0,349.0,349.0,349.0,0.0,0.0
2013-10-25,349.0,349.0,349.0,349.0,0.0,0.0
2013-10-28,349.0,349.0,349.0,349.0,0.0,0.0
2013-10-29,349.0,349.0,349.0,349.0,0.0,0.0
2013-10-30,349.0,349.0,349.0,349.0,0.0,0.0
2013-10-31,349.0,349.0,349.0,349.0,0.0,0.0
2013-11-01,349.0,349.0,349.0,349.0,0.0,0.0
2013-11-04,349.0,349.0,349.0,349.0,0.0,0.0
2013-11-05,349.0,349.0,349.0,349.0,0.0,0.0
2013-11-06,349.0,349.0,349.0,349.0,0.0,0.0
2013-11-07,349.0,349.0,349.0,349.0,0.0,0.0
2013-11-08,349.0,349.0,349.0,349.0,0.0,0.0
2013-11-11,349.0,349.0,349.0,349.0,0.0,0.0
2013-11-12,349.0,349.0,349.0,349.0,0.0,0.0
2013-11-13,349.0,349.0,349.0,349.0,0.0,0.0
2013-11-14,349.0,349.0,349.0,349.0,0.0,0.0
2013-11-15,349.0,349.0,349.0,349.0,0.0,0.0
2013-11-18,349.0,349.0,349.0,349.0,0.0,0.0
2013-11-19,349.0,349.0,349.0,349.0,0.0,0.0
2013-11-20,349.0,349.0,349.0,349.0,0.0,0.0
2013-11-21,349.0,349.0,349.0,349.0,0.0,0.0
2013-11-22,349.0,349.0,349.0,349.0,0.0,0.0
2013-11-25,349.0,349.0,349.0,349.0,0.0,0.0
2013-11-26,349.0,349.0,349.0,349.0,0.0,0.0
2013-11-27,349.0,349.0,349.0,349.0,0.0,0.0
2013-11-28,349.0,349.0,349.0,349.0,0.0,0.0
2013-11-29,349.0,349.0,349.0,349.0,0.0,0.0
2013-12-02,349.0,349.0,349.0,349.0,0.0,0.0
2013-12-03,349.0,349.0,349.0,349.0,0.0,0.0
2013-12-04,349.0,349.0,349.0,349.0,0.0,0.0
2013-12-05,349.0,349.0,349.0,349.0,0.0,0.0
2013-12-06,349.0,349.0,349.0,349.0,0.0,0.0
2013-12-09,349.0,349.0,349.0,349.0,0.0,0.0
2013-12-10,349.0,349.0,349.0,349.0,0.0,0.0
2013-12-11,349.0,349.0,349.0,349.0,0.0,0.0
2013-12-12,349.0,349.0,349.0,349.0,0.0,0.0
2013-12-13,349.0,349.0,349.0,349.0,0.0,0.0
2013-12-16,349.0,349.0,349.0,349.0,0.0,0.0
2013-12-17,349.0,349.0,349.0,349.0,0.0,0.0
2013-12-18,349.0,349.0,349.0,349.0,0.0,0.0
2013-12-19,349.0,349.0,349.0,349.0,0.0,0.0
2013-12-20,349.0,349.0,349.0,349.0,0.0,0.0
2013-12-23,349.0,349.0,349.0,349.0,0.0,0.0
2013-12-24,349.0,349.0,349.0,349.0,0.0,0.0
2013-12-27,349.0,349.0,349.0,349.0,0.0,0.0
2013-12-30,349.0,349.0,349.0,349.0,0.0,0.0
2013-12-31,349.0,349.0,349.0,349.0,0.0,0.0
2014-01-02,349.0,349.0,349.0,349.0,0.0,0.0
2014-01-03,349.0,349.0,349.0,349.0,0.0,0.0
2014-01-06,349.0,349.0,349.0,349.0,0.0,0.0
2014-01-07,349.0,349.0,349.0,349.0,0.0,0.0
2014-01-08,349.0,349.0,349.0,349.0,0.0,0.0
2014-01-09,349.0,349.0,349.0,349.0,0.0,0.0
2014-01-10,349.0,349.0,349.0,349.0,0.0,0.0
2014-01-13,349.0,349.0,349.0,349.0,0.0,0.0
2014-01-14,349.0,349.0,349.0,349.0,0.0,0.0
2014-01-15,349.0,349.0,349.0,349.0,0.0,0.0
2014-01-16,349.0,349.0,349.0,349.0,0.0,0.0
2014-01-17,349.0,349.0,349.0,349.0,0.0,0.0
2014-01-20,349.0,349.0,349.0,349.0,0.0,0.0
2014-01-21,349.0,349.0,349.0,349.0,0.0,0.0
2014-01-22,349.0,349.0,349.0,349.0,0.0,0.0
2014-01-23,349.0,349.0,349.0,349.0,0.0,0.0
2014-01-24,349.0,349.0,349.0,349.0,0.0,0.0
2014-01-27,349.0,349.0,349.0,349.0,0.0,0.0
2014-01-28,349.0,349.0,349.0,349.0,0.0,0.0
2014-01-29,349.0,349.0,349.0,349.0,0.0,0.0
2014-01-30,349.0,349.0,349.0,349.0,0.0,0.0
2014-01-31,349.0,349.0,349.0,349.0,0.0,0.0
2014-02-03,349.0,349.0,349.0,349.0,0.0,0.0
2014-02-04,349.0,349.0,349.0,349.0,0.0,0.0
2014-02-05,349.0,349.0,349.0,349.0,0.0,0.0
2014-02-06,349.0,349.0,349.0,349.0,0.0,0.0
2014-02-07,349.0,349.0,349.0,349.0,0.0,0.0
2014-02-10,349.0,349.0,349.0,349.0,0.0,0.0
2014-02-11,349.0,349.0,349.0,349.0,0.0,0.0
2014-02-12,349.0,349.0,349.0,349.0,0.0,0.0
2014-02-13,349.0,349.0,349.0,349.0,0.0,0.0
2014-02-14,349.0,349.0,349.0,349.0,0.0,0.0
2014-02-17,349.0,349.0,349.0,349.0,0.0,0.0
2014-02-18,349.0,349.0,349.0,349.0,0.0,0.0
2014-02-19,349.0,349.0,349.0,349.0,0.0,0.0
2014-02-20,349.0,349.0,349.0,349.0,0.0,0.0
2014-02-21,349.0,349.0,349.0,349.0,0.0,0.0
2014-02-24,349.0,349.0,349.0,349.0,0.0,0.0
2014-02-25,349.0,349.0,349.0,349.0,0.0,0.0
2014-02-26,349.0,349.0,349.0,349.0,0.0,0.0
2014-02-27,349.0,349.0,349.0,349.0,0.0,0.0
2014-02-28,349.0,349.0,349.0,349.0,0.0,0.0
2014-03-03,349.0,349.0,349.0,349.0,0.0,0.0
2014-03-04,349.0,349.0,349.0,349.0,0.0,0.0
2014-03-05,349.0,349.0,349.0,349.0,0.0,0.0
2014-03-06,349.0,349.0,349.0,349.0,0.0,0.0
2014-03-07,349.0,349.0,349.0,349.0,0.0,0.0
2014-03-10,349.0,349.0,349.0,349.0,0.0,0.0
2014-03-11,349.0,349.0,349.0,349.0,0.0,0.0
2014-03-12,349.0,349.0,349.0,349.0,0.0,0.0
2014-03-13,349.0,349.0,349.0,349.0,0.0,0.0
2014-03-14,349.0,349.0,349.0,349.0,0.0,0.0
2014-03-17,349.0,349.0,349.0,349.0,0.0,0.0
2014-03-18,349.0,349.0,349.0,349.0,0.0,0.0
2014-03-19,349.0,349.0,349.0,349.0,0.0,0.0
2014-03-20,349.0,349.0,349.0,349.0,0.0,0.0
2014-03-21,349.0,349.0,349.0,349.0,0.0,0.0
2014-03-24,349.0,349.0,349.0,349.0,0.0,0.0
2014-03-25,349.0,349.0,349.0,349.0,0.0,0.0
2014-03-26,349.0,349.0,349.0,349.0,0.0,0.0
2014-03-27,349.0,349.0,349.0,349.0,0.0,0.0
2014-03-28,349.0,349.0,349.0,349.0,0.0,0.0
2014-03-31,349.0,349.0,349.0,349.0,0.0,0.0
2014-04-01,349.0,349.0,349.0,349.0,0.0,0.0
2014-04-02,349.0,349.0,349.0,349.0,0.0,0.0
2014-04-03,349.0,349.0,349.0,349.0,0.0,0.0
2014-04-04,349.0,349.0,349.0,349.0,0.0,0.0
2014-04-07,349.0,349.0,349.0,349.0,0.0,0.0
2014-04-08,349.0,349.0,349.0,349.0,0.0,0.0
2014-04-09,349.0,349.0,349.0,349.0,0.0,0.0
2014-04-10,349.0,349.0,349.0,349.0,0.0,0.0
2014-04-11,349.0,349.0,349.0,349.0,0.0,0.0
2014-04-14,349.0,349.0,349.0,349.0,0.0,0.0
2014-04-15,349.0,349.0,349.0,349.0,0.0,0.0
2014-04-16,349.0,349.0,349.0,349.0,0.0,0.0
2014-04-17,349.0,349.0,349.0,349.0,0.0,0.0
2014-04-22,349.0,349.0,349.0,349.0,0.0,0.0
2014-04-23,349.0,349.0,349.0,349.0,0.0,0.0
2014-04-24,349.0,349.0,349.0,349.0,0.0,0.0
2014-04-25,349.0,349.0,349.0,349.0,0.0,0.0
2014-04-28,349.0,349.0,349.0,349.0,0.0,0.0
2014-04-29,349.0,349.0,349.0,349.0,0.0,0.0
2014-04-30,349.0,349.0,349.0,349.0,0.0,0.0
2014-05-01,349.0,349.0,349.0,349.0,0.0,0.0
2014-05-02,349.0,349.0,349.0,349.0,0.0,0.0
2014-05-05,349.0,349.0,349.0,349.0,0.0,0.0
2014-05-06,349.0,349.0,349.0,349.0,0.0,0.0
2014-05-07,349.0,349.0,349.0,349.0,0.0,0.0
2014-05-08,349.0,349.0,349.0,349.0,0.0,0.0
2014-05-09,349.0,349.0,349.0,349.0,0.0,0.0
2014-05-12,349.0,349.0,349.0,349.0,0.0,0.0
2014-05-13,349.0,349.0,349.0,349.0,0.0,0.0
2014-05-14,349.0,349.0,349.0,349.0,0.0,0.0
2014-05-15,349.0,349.0,349.0,349.0,0.0,0.0
2014-05-16,349.0,349.0,349.0,349.0,0.0,0.0
2014-05-19,349.0,349.0,349.0,349.0,0.0,0.0
2014-05-20,349.0,349.0,349.0,349.0,0.0,0.0
2014-05-21,349.0,349.0,349.0,349.0,0.0,0.0
2014-05-22,349.0,349.0,349.0,349.0,0.0,0.0
2014-05-23,349.0,349.0,349.0,349.0,0.0,0.0
2014-05-26,349.0,349.0,349.0,349.0,0.0,0.0
2014-05-27,349.0,349.0,349.0,349.0,0.0,0.0
2014-05-28,349.0,349.0,349.0,349.0,0.0,0.0
2014-05-29,349.0,349.0,349.0,349.0,0.0,0.0
2014-05-30,349.0,349.0,349.0,349.0,0.0,0.0
2014-06-02,349.0,349.0,349.0,349.0,0.0,0.0
2014-06-03,349.0,349.0,349.0,349.0,0.0,0.0
2014-06-04,349.0,349.0,349.0,349.0,0.0,0.0
2014-06-05,349.0,349.0,349.0,349.0,0.0,0.0
2014-06-06,349.0,349.0,349.0,349.0,0.0,0.0
2014-06-09,349.0,349.0,349.0,349.0,0.0,0.0
2014-06-10,349.0,349.0,349.0,349.0,0.0,0.0
2014-06-11,349.0,349.0,349.0,349.0,0.0,0.0
2014-06-12,349.0,349.0,349.0,349.0,0.0,0.0
2014-06-13,349.0,349.0,349.0,349.0,0.0,0.0
2014-06-16,349.0,349.0,349.0,349.0,0.0,0.0
2014-06-17,349.0,349.0,349.0,349.0,0.0,0.0
2014-06-18,349.0,349.0,349.0,349.0,0.0,0.0
2014-06-19,349.0,349.0,349.0,349.0,0.0,0.0
2014-06-20,349.0,349.0,349.0,349.0,0.0,0.0
2014-06-23,349.0,349.0,349.0,349.0,0.0,0.0
2014-06-24,349.0,349.0,349.0,349.0,0.0,0.0
2014-06-25,349.0,349.0,349.0,349.0,0.0,0.0
2014-06-26,349.0,349.0,349.0,349.0,0.0,0.0
2014-06-27,349.0,349.0,349.0,349.0,0.0,0.0
2014-06-30,349.0,349.0,349.0,349.0,0.0,0.0
2014-07-01,349.0,349.0,349.0,349.0,0.0,0.0
2014-07-02,349.0,349.0,349.0,349.0,0.0,0.0
2014-07-03,349.0,349.0,349.0,349.0,0.0,0.0
2014-07-04,349.0,349.0,349.0,349.0,0.0,0.0
2014-07-07,349.0,349.0,349.0,349.0,0.0,0.0
2014-07-08,349.0,349.0,349.0,349.0,0.0,0.0
2014-07-09,349.0,349.0,349.0,349.0,0.0,0.0
2014-07-10,349.0,349.0,349.0,349.0,0.0,0.0
2014-07-11,349.0,349.0,349.0,349.0,0.0,0.0
2014-07-14,349.0,349.0,349.0,349.0,0.0,0.0
2014-07-15,349.0,349.0,349.0,349.0,0.0,0.0
2014-07-16,349.0,349.0,349.0,349.0,0.0,0.0
2014-07-17,349.0,349.0,349.0,349.0,0.0,0.0
2014-07-18,349.0,349.0,349.0,349.0,0.0,0.0
2014-07-21,349.0,349.0,349.0,349.0,0.0,0.0
2014-07-22,349.0,349.0,349.0,349.0,0.0,0.0
2014-07-23,349.0,349.0,349.0,349.0,0.0,0.0
2014-07-24,349.0,349.0,349.0,349.0,0.0,0.0
2014-07-25,349.0,349.0,349.0,349.0,0.0,0.0
2014-07-28,349.0,349.0,349.0,349.0,0.0,0.0
2014-07-29,349.0,349.0,349.0,349.0,0.0,0.0
2014-07-30,349.0,349.0,349.0,349.0,0.0,0.0
2014-07-31,349.0,349.0,349.0,349.0,0.0,0.0
2014-08-01,349.0,349.0,349.0,349.0,0.0,0.0
2014-08-04,349.0,349.0,349.0,349.0,0.0,0.0
2014-08-05,349.0,349.0,349.0,349.0,0.0,0.0
2014-08-06,349.0,349.0,349.0,349.0,0.0,0.0
2014-08-07,349.0,349.0,349.0,349.0,0.0,0.0
2014-08-08,349.0,349.0,349.0,349.0,0.0,0.0
2014-08-11,349.0,349.0,349.0,349.0,0.0,0.0
2014-08-12,349.0,349.0,349.0,349.0,0.0,0.0
2014-08-13,349.0,349.0,349.0,349.0,0.0,0.0
2014-08-14,349.0,349.0,349.0,349.0,0.0,0.0
2014-08-15,349.0,349.0,349.0,349.0,0.0,0.0
2014-08-18,349.0,349.0,349.0,349.0,0.0,0.0
2014-08-19,349.0,349.0,349.0,349.0,0.0,0.0
2014-08-20,349.0,349.0,349.0,349.0,0.0,0.0
2014-08-21,349.0,349.0,349.0,349.0,0.0,0.0
2014-08-22,349.0,349.0,349.0,349.0,0.0,0.0
2014-08-25,349.0,349.0,349.0,349.0,0.0,0.0
2014-08-26,349.0,349.0,349.0,349.0,0.0,0.0
2014-08-27,349.0,349.0,349.0,349.0,0.0,0.0
2014-08-28,349.0,349.0,349.0,349.0,0.0,0.0
2014-08-29,349.0,349.0,349.0,349.0,0.0,0.0
2014-09-01,349.0,349.0,349.0,349.0,0.0,0.0
2014-09-02,349.0,349.0,349.0,349.0,0.0,0.0
2014-09-03,349.0,349.0,349.0,349.0,0.0,0.0
2014-09-04,349.0,349.0,349.0,349.0,0.0,0.0
2014-09-05,349.0,349.0,349.0,349.0,0.0,0.0
2014-09-08,349.0,349.0,349.0,349.0,0.0,0.0
2014-09-09,349.0,349.0,349.0,349.0,0.0,0.0
2014-09-10,349.0,349.0,349.0,349.0,0.0,0.0
2014-09-11,349.0,349.0,349.0,349.0,0.0,0.0
2014-09-12,349.0,349.0,349.0,349.0,0.0,0.0
2014-09-15,349.0,349.0,349.0,349.0,0.0,0.0
2014-09-16,349.0,349.0,349.0,349.0,0.0,0.0
2014-09-17,349.0,349.0,349.0,349.0,0.0,0.0
2014-09-18,349.0,349.0,349.0,349.0,0.0,0.0
2014-09-19,349.0,349.0,349.0,349.0,0.0,0.0
2014-09-22,349.0,349.0,349.0,349.0,0.0,0.0
2014-09-23,349.0,349.0,349.0,349.0,0.0,0.0
2014-09-24,349.0,349.0,349.0,349.0,0.0,0.0
2014-09-25,349.0,349.0,349.0,349.0,0.0,0.0
2014-09-26,349.0,349.0,349.0,349.0,0.0,0.0
2014-09-29,349.0,349.0,349.0,349.0,0.0,0.0
2014-09-30,349.0,349.0,349.0,349.0,0.0,0.0
2014-10-01,349.0,349.0,349.0,349.0,0.0,0.0
2014-10-02,349.0,349.0,349.0,349.0,0.0,0.0
2014-10-03,349.0,349.0,349.0,349.0,0.0,0.0
2014-10-06,349.0,349.0,349.0,349.0,0.0,0.0
2014-10-07,349.0,349.0,349.0,349.0,0.0,0.0
2014-10-08,349.0,349.0,349.0,349.0,0.0,0.0
2014-10-09,349.0,349.0,349.0,349.0,0.0,0.0
2014-10-10,349.0,349.0,349.0,349.0,0.0,0.0
2014-10-13,349.0,349.0,349.0,349.0,0.0,0.0
2014-10-14,349.0,349.0,349.0,349.0,0.0,0.0
2014-10-15,349.0,349.0,349.0,349.0,0.0,0.0
2014-10-16,349.0,349.0,349.0,349.0,0.0,0.0
2014-10-17,349.0,349.0,349.0,349.0,0.0,0.0
2014-10-20,349.0,349.0,349.0,349.0,0.0,0.0
2014-10-21,349.0,349.0,349.0,349.0,0.0,0.0
2014-10-22,349.0,349.0,349.0,349.0,0.0,0.0
2014-10-23,349.0,349.0,349.0,349.0,0.0,0.0
2014-10-24,349.0,349.0,349.0,349.0,0.0,0.0
2014-10-27,349.0,349.0,349.0,349.0,0.0,0.0
2014-10-28,349.0,349.0,349.0,349.0,0.0,0.0
2014-10-29,349.0,349.0,349.0,349.0,0.0,0.0
2014-10-30,349.0,349.0,349.0,349.0,0.0,0.0
2014-10-31,349.0,349.0,349.0,349.0,0.0,0.0
2014-11-03,349.0,349.0,349.0,349.0,0.0,0.0
2014-11-04,349.0,349.0,349.0,349.0,0.0,0.0
2014-11-05,349.0,349.0,349.0,349.0,0.0,0.0
2014-11-06,349.0,349.0,349.0,349.0,0.0,0.0
2014-11-07,349.0,349.0,349.0,349.0,0.0,0.0
2014-11-10,349.0,349.0,349.0,349.0,0.0,0.0
2014-11-11,349.0,349.0,349.0,349.0,0.0,0.0
2014-11-12,349.0,349.0,349.0,349.0,0.0,0.0
2014-11-13,349.0,349.0,349.0,349.0,0.0,0.0
2014-11-14,349.0,349.0,349.0,349.0,0.0,0.0
2014-11-17,349.0,349.0,349.0,349.0,0.0,0.0
2014-11-18,349.0,349.0,349.0,349.0,0.0,0.0
2014-11-19,349.0,349.0,349.0,349.0,0.0,0.0
2014-11-20,349.0,349.0,349.0,349.0,0.0,0.0
2014-11-21,349.0,349.0,349.0,349.0,0.0,0.0
2014-11-24,349.0,349.0,349.0,349.0,0.0,0.0
2014-11-25,349.0,349.0,349.0,349.0,0.0,0.0
2014-11-26,349.0,349.0,349.0,349.0,0.0,0.0
2014-11-27,349.0,349.0,349.0,349.0,0.0,0.0
2014-11-28,349.0,349.0,349.0,349.0,0.0,0.0
2014-12-01,349.0,349.0,349.0,349.0,0.0,0.0
2014-12-02,349.0,349.0,349.0,349.0,0.0,0.0
2014-12-03,349.0,349.0,349.0,349.0,0.0,0.0
2014-12-04,349.0,349.0,349.0,349.0,0.0,0.0
2014-12-05,349.0,349.0,349.0,349.0,0.0,0.0
2014-12-08,349.0,349.0,349.0,349.0,0.0,0.0
2014-12-09,349.0,349.0,349.0,349.0,0.0,0.0
2014-12-10,349.0,349.0,349.0,349.0,0.0,0.0
2014-12-11,349.0,349.0,349.0,349.0,0.0,0.0
2014-12-12,349.0,349.0,349.0,349.0,0.0,0.0
2014-12-15,349.0,349.0,349.0,349.0,0.0,0.0
2014-12-16,349.0,349.0,349.0,349.0,0.0,0.0
2014-12-17,349.0,349.0,349.0,349.0,0.0,0.0
2014-12-18,349.0,349.0,349.0,349.0,0.0,0.0
2014-12-19,349.0,349.0,349.0,349.0,0.0,0.0
2014-12-22,349.0,349.0,349.0,349.0,0.0,0.0
2014-12-23,349.0,349.0,349.0,349.0,0.0,0.0
2014-12-24,349.0,349.0,349.0,349.0,0.0,0.0
2014-12-29,349.0,349.0,349.0,349.0,0.0,0.0
2014-12-30,349.0,349.0,349.0,349.0,0.0,0.0
2014-12-31,349.0,349.0,349.0,349.0,0.0,0.0
2015-01-02,349.0,349.0,349.0,349.0,0.0,0.0
2015-01-05,349.0,349.0,349.0,349.0,0.0,0.0
2015-01-06,349.0,349.0,349.0,349.0,0.0,0.0
2015-01-07,349.0,349.0,349.0,349.0,0.0,0.0
2015-01-08,349.0,349.0,349.0,349.0,0.0,0.0
2015-01-09,349.0,349.0,349.0,349.0,0.0,0.0
2015-01-12,349.0,349.0,349.0,349.0,0.0,0.0
2015-01-13,349.0,349.0,349.0,349.0,0.0,0.0
2015-01-14,349.0,349.0,349.0,349.0,0.0,0.0
2015-01-15,349.0,349.0,349.0,349.0,0.0,0.0
2015-01-16,349.0,349.0,349.0,349.0,0.0,0.0
2015-01-19,349.0,349.0,349.0,349.0,0.0,0.0
2015-01-20,349.0,349.0,349.0,349.0,0.0,0.0
2015-01-21,349.0,349.0,349.0,349.0,0.0,0.0
2015-01-22,349.0,349.0,349.0,349.0,0.0,0.0
2015-01-23,349.0,349.0,349.0,349.0,0.0,0.0
2015-01-26,349.0,349.0,349.0,349.0,0.0,0.0
2015-01-27,349.0,349.0,349.0,349.0,0.0,0.0
2015-01-28,349.0,349.0,349.0,349.0,0.0,0.0
2015-01-29,349.0,349.0,349.0,349.0,0.0,0.0
2015-01-30,349.0,349.0,349.0,349.0,0.0,0.0
2015-02-02,349.0,349.0,349.0,349.0,0.0,0.0
2015-02-03,349.0,349.0,349.0,349.0,0.0,0.0
2015-02-04,349.0,349.0,349.0,349.0,0.0,0.0
2015-02-05,349.0,349.0,349.0,349.0,0.0,0.0
2015-02-06,349.0,349.0,349.0,349.0,0.0,0.0
2015-02-09,349.0,349.0,349.0,349.0,0.0,0.0
2015-02-10,349.0,349.0,349.0,349.0,0.0,0.0
2015-02-11,349.0,349.0,349.0,349.0,0.0,0.0
2015-02-12,349.0,349.0,349.0,349.0,0.0,0.0
2015-02-13,349.0,349.0,349.0,349.0,0.0,0.0
2015-02-16,349.0,349.0,349.0,349.0,0.0,0.0
2015-02-17,349.0,349.0,349.0,349.0,0.0,0.0
2015-02-18,349.0,349.0,349.0,349.0,0.0,0.0
2015-02-19,349.0,349.0,349.0,349.0,0.0,0.0
2015-02-20,349.0,349.0,349.0,349.0,0.0,0.0
2015-02-23,349.0,349.0,349.0,349.0,0.0,0.0
2015-02-24,349.0,349.0,349.0,349.0,0.0,0.0
2015-02-25,349.0,349.0,349.0,349.0,0.0,0.0
2015-02-26,349.0,349.0,349.0,349.0,0.0,0.0
2015-02-27,349.0,349.0,349.0,349.0,0.0,0.0
2015-03-02,349.0,349.0,349.0,349.0,0.0,0.0
2015-03-03,349.0,349.0,349.0,349.0,0.0,0.0
2015-03-04,349.0,349.0,349.0,349.0,0.0,0.0
2015-03-05,349.0,349.0,349.0,349.0,0.0,0.0
2015-03-06,349.0,349.0,349.0,349.0,0.0,0.0
2015-03-09,349.0,349.0,349.0,349.0,0.0,0.0
2015-03-10,349.0,349.0,349.0,349.0,0.0,0.0
2015-03-11,349.0,349.0,349.0,349.0,0.0,0.0
2015-03-12,349.0,349.0,349.0,349.0,0.0,0.0
2015-03-13,349.0,349.0,349.0,349.0,0.0,0.0
2015-03-16,349.0,349.0,349.0,349.0,0.0,0.0
2015-03-17,349.0,349.0,349.0,349.0,0.0,0.0
2015-03-18,349.0,349.0,349.0,349.0,0.0,0.0
2015-03-19,349.0,349.0,349.0,349.0,0.0,0.0
2015-03-20,349.0,349.0,349.0,349.0,0.0,0.0
2015-03-23,349.0,349.0,349.0,349.0,0.0,0.0
2015-03-24,349.0,349.0,349.0,349.0,0.0,0.0
2015-03-25,349.0,349.0,349.0,349.0,0.0,0.0
2015-03-26,349.0,349.0,349.0,349.0,0.0,0.0
2015-03-27,349.0,349.0,349.0,349.0,0.0,0.0
2015-03-30,349.0,349.0,349.0,349.0,0.0,0.0
2015-03-31,349.0,349.0,349.0,349.0,0.0,0.0
2015-04-01,349.0,349.0,349.0,349.0,0.0,0.0
2015-04-02,349.0,349.0,349.0,349.0,0.0,0.0
2015-04-06,349.0,349.0,349.0,349.0,0.0,0.0
2015-04-07,349.0,349.0,349.0,349.0,0.0,0.0
2015-04-08,349.0,349.0,349.0,349.0,0.0,0.0
2015-04-09,349.0,349.0,349.0,349.0,0.0,0.0
2015-04-10,349.0,349.0,349.0,349.0,0.0,0.0
2015-04-13,349.0,349.0,349.0,349.0,0.0,0.0
2015-04-14,349.0,349.0,349.0,349.0,0.0,0.0
2015-04-15,349.0,349.0,349.0,349.0,0.0,0.0
2015-04-16,349.0,349.0,349.0,349.0,0.0,0.0
2015-04-17,349.0,349.0,349.0,349.0,0.0,0.0
2015-04-20,349.0,349.0,349.0,349.0,0.0,0.0
2015-04-21,349.0,349.0,349.0,349.0,0.0,0.0
2015-04-22,349.0,349.0,349.0,349.0,0.0,0.0
2015-04-23,349.0,349.0,349.0,349.0,0.0,0.0
2015-04-24,349.0,349.0,349.0,349.0,0.0,0.0
2015-04-27,349.0,349.0,349.0,349.0,0.0,0.0
2015-04-28,349.0,349.0,349.0,349.0,0.0,0.0
2015-04-29,349.0,349.0,349.0,349.0,0.0,0.0
2015-04-30,349.0,349.0,349.0,349.0,0.0,0.0
2015-05-01,349.0,349.0,349.0,349.0,0.0,0.0
2015-05-04,349.0,349.0,349.0,349.0,0.0,0.0
2015-05-05,349.0,349.0,349.0,349.0,0.0,0.0
2015-05-06,349.0,349.0,349.0,349.0,0.0,0.0
2015-05-07,349.0,349.0,349.0,349.0,0.0,0.0
2015-05-08,349.0,349.0,349.0,349.0,0.0,0.0
2015-05-11,349.0,349.0,349.0,349.0,0.0,0.0
2015-05-12,349.0,349.0,349.0,349.0,0.0,0.0
2015-05-13,349.0,349.0,349.0,349.0,0.0,0.0
2015-05-14,349.0,349.0,349.0,349.0,0.0,0.0
2015-05-15,349.0,349.0,349.0,349.0,0.0,0.0
2015-05-18,349.0,349.0,349.0,349.0,0.0,0.0
2015-05-19,349.0,349.0,349.0,349.0,0.0,0.0
2015-05-20,349.0,349.0,349.0,349.0,0.0,0.0
2015-05-21,349.0,349.0,349.0,349.0,0.0,0.0
2015-05-22,349.0,349.0,349.0,349.0,0.0,0.0
2015-05-25,349.0,349.0,349.0,349.0,0.0,0.0
2015-05-26,349.0,349.0,349.0,349.0,0.0,0.0
2015-05-27,349.0,349.0,349.0,349.0,0.0,0.0
2015-05-28,349.0,349.0,349.0,349.0,0.0,0.0
2015-05-29,349.0,349.0,349.0,349.0,0.0,0.0
2015-06-01,349.0,349.0,349.0,349.0,0.0,0.0
2015-06-02,349.0,349.0,349.0,349.0,0.0,0.0
2015-06-03,349.0,349.0,349.0,349.0,0.0,0.0
2015-06-04,349.0,349.0,349.0,349.0,0.0,0.0
2015-06-05,349.0,349.0,349.0,349.0,0.0,0.0
2015-06-08,349.0,349.0,349.0,349.0,0.0,0.0
2015-06-09,349.0,349.0,349.0,349.0,0.0,0.0
2015-06-10,349.0,349.0,349.0,349.0,0.0,0.0
2015-06-11,349.0,349.0,349.0,349.0,0.0,0.0
2015-06-12,349.0,349.0,349.0,349.0,0.0,0.0
2015-06-15,349.0,349.0,349.0,349.0,0.0,0.0
2015-06-16,349.0,349.0,349.0,349.0,0.0,0.0
2015-06-17,349.0,349.0,349.0,349.0,0.0,0.0
2015-06-18,349.0,349.0,349.0,349.0,0.0,0.0
2015-06-19,349.0,349.0,349.0,349.0,0.0,0.0
2015-06-22,349.0,349.0,349.0,349.0,0.0,0.0
2015-06-23,349.0,349.0,349.0,349.0,0.0,0.0
2015-06-24,349.0,349.0,349.0,349.0,0.0,0.0
2015-06-25,349.0,349.0,349.0,349.0,0.0,0.0
2015-06-26,349.0,349.0,349.0,349.0,0.0,0.0
2015-06-29,349.0,349.0,349.0,349.0,0.0,0.0
2015-06-30,349.0,349.0,349.0,349.0,0.0,0.0
2015-07-01,349.0,349.0,349.0,349.0,0.0,0.0
2015-07-02,349.0,349.0,349.0,349.0,0.0,0.0
2015-07-03,349.0,349.0,349.0,349.0,0.0,0.0
2015-07-06,349.0,349.0,349.0,349.0,0.0,0.0
2015-07-07,349.0,349.0,349.0,349.0,0.0,0.0
2015-07-08,349.0,349.0,349.0,349.0,0.0,0.0
2015-07-09,349.0,349.0,349.0,349.0,0.0,0.0
2015-07-10,349.0,349.0,349.0,349.0,0.0,0.0
2015-07-13,349.0,349.0,349.0,349.0,0.0,0.0
2015-07-14,349.0,349.0,349.0,349.0,0.0,0.0
2015-07-15,349.0,349.0,349.0,349.0,0.0,0.0
2015-07-16,349.0,349.0,349.0,349.0,0.0,0.0
2015-07-17,349.0,349.0,349.0,349.0,0.0,0.0
2015-07-20,349.0,349.0,349.0,349.0,0.0,0.0
2015-07-21,349.0,349.0,349.0,349.0,0.0,0.0
2015-07-22,349.0,349.0,349.0,349.0,0.0,0.0
2015-07-23,349.0,349.0,349.0,349.0,0.0,0.0
2015-07-24,349.0,349.0,349.0,349.0,0.0,0.0
2015-07-27,349.0,349.0,349.0,349.0,0.0,0.0
2015-07-28,349.0,349.0,349.0,349.0,0.0,0.0
2015-07-29,349.0,349.0,349.0,349.0,0.0,0.0
2015-07-30,349.0,349.0,349.0,349.0,0.0,0.0
2015-07-31,349.0,349.0,349.0,349.0,0.0,0.0
2015-08-03,349.0,349.0,349.0,349.0,0.0,0.0
2015-08-04,349.0,349.0,349.0,349.0,0.0,0.0
2015-08-05,349.0,349.0,349.0,349.0,0.0,0.0
2015-08-06,349.0,349.0,349.0,349.0,0.0,0.0
2015-08-07,349.0,349.0,349.0,349.0,0.0,0.0
2015-08-10,349.0,349.0,349.0,349.0,0.0,0.0
2015-08-11,349.0,349.0,349.0,349.0,0.0,0.0
2015-08-12,349.0,349.0,349.0,349.0,0.0,0.0
2015-08-13,349.0,349.0,349.0,349.0,0.0,0.0
2015-08-14,349.0,349.0,349.0,349.0,0.0,0.0
2015-08-17,349.0,349.0,349.0,349.0,0.0,0.0
2015-08-18,349.0,349.0,349.0,349.0,0.0,0.0
2015-08-19,349.0,349.0,349.0,349.0,0.0,0.0
2015-08-20,349.0,349.0,349.0,349.0,0.0,0.0
2015-08-21,349.0,349.0,349.0,349.0,0.0,0.0
2015-08-24,349.0,349.0,349.0,349.0,0.0,0.0
2015-08-25,349.0,349.0,349.0,349.0,0.0,0.0
2015-08-26,349.0,349.0,349.0,349.0,0.0,0.0
2015-08-27,349.0,349.0,349.0,349.0,0.0,0.0
2015-08-28,349.0,349.0,349.0,349.0,0.0,0.0
2015-08-31,349.0,349.0,349.0,349.0,0.0,0.0
2015-09-01,349.0,349.0,349.0,349.0,0.0,0.0
2015-09-02,349.0,349.0,349.0,349.0,0.0,0.0
2015-09-03,349.0,349.0,349.0,349.0,0.0,0.0
2015-09-04,349.0,349.0,349.0,349.0,0.0,0.0
2015-09-07,349.0,349.0,349.0,349.0,0.0,0.0
2015-09-08,349.0,349.0,349.0,349.0,0.0,0.0
2015-09-09,349.0,349.0,349.0,349.0,0.0,0.0
2015-09-10,349.0,349.0,349.0,349.0,0.0,0.0
2015-09-11,349.0,349.0,349.0,349.0,0.0,0.0
2015-09-14,349.0,349.0,349.0,349.0,0.0,0.0
2015-09-15,349.0,349.0,349.0,349.0,0.0,0.0
2015-09-16,349.0,349.0,349.0,349.0,0.0,0.0
2015-09-17,349.0,349.0,349.0,349.0,0.0,0.0
2015-09-18,349.0,349.0,349.0,349.0,0.0,0.0
2015-09-21,349.0,349.0,349.0,349.0,0.0,0.0
2015-09-22,349.0,349.0,349.0,349.0,0.0,0.0
2015-09-23,349.0,349.0,349.0,349.0,0.0,0.0
2015-09-24,349.0,349.0,349.0,349.0,0.0,0.0
2015-09-25,349.0,349.0,349.0,349.0,0.0,0.0
2015-09-28,349.0,349.0,349.0,349.0,0.0,0.0
2015-09-29,349.0,349.0,349.0,349.0,0.0,0.0
2015-09-30,349.0,349.0,349.0,349.0,0.0,0.0
2015-10-01,349.0,349.0,349.0,349.0,0.0,0.0
2015-10-02,349.0,349.0,349.0,349.0,0.0,0.0
2015-10-05,349.0,349.0,349.0,349.0,0.0,0.0
2015-10-06,349.0,349.0,349.0,349.0,0.0,0.0
2015-10-07,349.0,349.0,349.0,349.0,0.0,0.0
2015-10-08,349.0,349.0,349.0,349.0,0.0,0.0
2015-10-09,349.0,349.0,349.0,349.0,0.0,0.0
2015-10-12,349.0,349.0,349.0,349.0,0.0,0.0
2015-10-13,349.0,349.0,349.0,349.0,0.0,0.0
2015-10-14,349.0,349.0,349.0,349.0,0.0,0.0
2015-10-15,349.0,349.0,349.0,349.0,0.0,0.0
2015-10-16,349.0,349.0,349.0,349.0,0.0,0.0
2015-10-19,349.0,349.0,349.0,349.0,0.0,0.0
2015-10-20,349.0,349.0,349.0,349.0,0.0,0.0
2015-10-21,349.0,349.0,349.0,349.0,0.0,0.0
2015-10-22,349.0,349.0,349.0,349.0,0.0,0.0
2015-10-23,349.0,349.0,349.0,349.0,0.0,0.0
2015-10-26,349.0,349.0,349.0,349.0,0.0,0.0
2015-10-27,349.0,349.0,349.0,349.0,0.0,0.0
2015-10-28,349.0,349.0,349.0,349.0,0.0,0.0
2015-10-29,349.0,349.0,349.0,349.0,0.0,0.0
2015-10-30,349.0,349.0,349.0,349.0,0.0,0.0
2015-11-02,349.0,349.0,349.0,349.0,0.0,0.0
2015-11-03,349.0,349.0,349.0,349.0,0.0,0.0
2015-11-04,349.0,349.0,349.0,349.0,0.0,0.0
2015-11-05,349.0,349.0,349.0,349.0,0.0,0.0
2015-11-06,349.0,349.0,349.0,349.0,0.0,0.0
2015-11-09,349.0,349.0,349.0,349.0,0.0,0.0
2015-11-10,349.0,349.0,349.0,349.0,0.0,0.0
2015-11-11,349.0,349.0,349.0,349.0,0.0,0.0
2015-11-12,349.0,349.0,349.0,349.0,0.0,0.0
2015-11-13,349.0,349.0,349.0,349.0,0.0,0.0
2015-11-16,349.0,349.0,349.0,349.0,0.0,0.0
2015-11-17,349.0,349.0,349.0,349.0,0.0,0.0
2015-11-18,349.0,349.0,349.0,349.0,0.0,0.0
2015-11-19,349.0,349.0,349.0,349.0,0.0,0.0
2015-11-20,349.0,349.0,349.0,349.0,0.0,0.0
2015-11-23,349.0,349.0,349.0,349.0,0.0,0.0
2015-11-24,349.0,349.0,349.0,349.0,0.0,0.0
2015-11-25,349.0,349.0,349.0,349.0,0.0,0.0
2015-11-26,349.0,349.0,349.0,349.0,0.0,0.0
2015-11-27,349.0,349.0,349.0,349.0,0.0,0.0
2015-11-30,349.0,349.0,349.0,349.0,0.0,0.0
2015-12-01,349.0,349.0,349.0,349.0,0.0,0.0
2015-12-02,349.0,349.0,349.0,349.0,0.0,0.0
2015-12-03,349.0,349.0,349.0,349.0,0.0,0.0
2015-12-04,349.0,349.0,349.0,349.0,0.0,0.0
2015-12-07,349.0,349.0,349.0,349.0,0.0,0.0
2015-12-08,349.0,349.0,349.0,349.0,0.0,0.0
2015-12-09,349.0,349.0,349.0,349.0,0.0,0.0
2015-12-10,349.0,349.0,349.0,349.0,0.0,0.0
2015-12-11,349.0,349.0,349.0,349.0,0.0,0.0
2015-12-14,349.0,349.0,349.0,349.0,0.0,0.0
2015-12-15,349.0,349.0,349.0,349.0,0.0,0.0
2015-12-16,349.0,349.0,349.0,349.0,0.0,0.0
2015-12-17,349.0,349.0,349.0,349.0,0.0,0.0
2015-12-18,349.0,349.0,349.0,349.0,0.0,0.0
2015-12-21,349.0,349.0,349.0,349.0,0.0,0.0
2015-12-22,349.0,349.0,349.0,349.0,0.0,0.0
2015-12-23,349.0,349.0,349.0,349.0,0.0,0.0
2015-12-24,349.0,349.0,349.0,349.0,0.0,0.0
2015-12-28,349.0,349.0,349.0,349.0,0.0,0.0
2015-12-29,349.0,349.0,349.0,349.0,0.0,0.0
2015-12-30,349.0,349.0,349.0,349.0,0.0,0.0
2015-12-31,349.0,349.0,349.0,349.0,0.0,0.0
2016-01-04,349.0,349.0,349.0,349.0,0.0,0.0
2016-01-05,349.0,349.0,349.0,349.0,0.0,0.0
2016-01-06,349.0,349.0,349.0,349.0,0.0,0.0
2016-01-07,349.0,349.0,349.0,349.0,0.0,0.0
2016-01-08,349.0,349.0,349.0,349.0,0.0,0.0
2016-01-11,349.0,349.0,349.0,349.0,0.0,0.0
2016-01-12,349.0,349.0,349.0,349.0,0.0,0.0
2016-01-13,349.0,349.0,349.0,349.0,0.0,0.0
2016-01-14,349.0,349.0,349.0,349.0,0.0,0.0
2016-01-15,349.0,349.0,349.0,349.0,0.0,0.0
2016-01-18,349.0,349.0,349.0,349.0,0.0,0.0
2016-01-19,349.0,349.0,349.0,349.0,0.0,0.0
2016-01-20,349.0,349.0,349.0,349.0,0.0,0.0
2016-01-21,349.0,349.0,349.0,349.0,0.0,0.0
2016-01-22,349.0,349.0,349.0,349.0,0.0,0.0
2016-01-25,349.0,349.0,349.0,349.0,0.0,0.0
2016-01-26,349.0,349.0,349.0,349.0,0.0,0.0
2016-01-27,349.0,349.0,349.0,349.0,0.0,0.0
2016-01-28,349.0,349.0,349.0,349.0,0.0,0.0
2016-01-29,349.0,349.0,349.0,349.0,0.0,0.0
2016-02-01,349.0,349.0,349.0,349.0,0.0,0.0
2016-02-02,349.0,349.0,349.0,349.0,0.0,0.0
2016-02-03,349.0,349.0,349.0,349.0,0.0,0.0
2016-02-04,349.0,349.0,349.0,349.0,0.0,0.0
2016-02-05,349.0,349.0,349.0,349.0,0.0,0.0
2016-02-08,349.0,349.0,349.0,349.0,0.0,0.0
2016-02-09,349.0,349.0,349.0,349.0,0.0,0.0
2016-02-10,349.0,349.0,349.0,349.0,0.0,0.0
2016-02-11,349.0,349.0,349.0,349.0,0.0,0.0
2016-02-12,349.0,349.0,349.0,349.0,0.0,0.0
2016-02-15,349.0,349.0,349.0,349.0,0.0,0.0
2016-02-16,349.0,349.0,349.0,349.0,0.0,0.0
2016-02-17,349.0,349.0,349.0,349.0,0.0,0.0
2016-02-18,349.0,349.0,349.0,349.0,0.0,0.0
2016-02-19,349.0,349.0,349.0,349.0,0.0,0.0
2016-02-22,349.0,349.0,349.0,349.0,0.0,0.0
2016-02-23,349.0,349.0,349.0,349.0,0.0,0.0
2016-02-24,349.0,349.0,349.0,349.0,0.0,0.0
2016-02-25,349.0,349.0,349.0,349.0,0.0,0.0
2016-02-26,349.0,349.0,349.0,349.0,0.0,0.0
2016-02-29,349.0,349.0,349.0,349.0,0.0,0.0
2016-03-01,349.0,349.0,349.0,349.0,0.0,0.0
2016-03-02,349.0,349.0,349.0,349.0,0.0,0.0
2016-03-03,349.0,349.0,349.0,349.0,0.0,0.0
2016-03-04,349.0,349.0,349.0,349.0,0.0,0.0
2016-03-07,349.0,349.0,349.0,349.0,0.0,0.0
2016-03-08,349.0,349.0,349.0,349.0,0.0,0.0
2016-03-09,349.0,349.0,349.0,349.0,0.0,0.0
2016-03-10,349.0,349.0,349.0,349.0,0.0,0.0
2016-03-11,349.0,349.0,349.0,349.0,0.0,0.0
2016-03-14,349.0,349.0,349.0,349.0,0.0,0.0
2016-03-15,349.0,349.0,349.0,349.0,0.0,0.0
2016-03-16,349.0,349.0,349.0,349.0,0.0,0.0
2016-03-17,349.0,349.0,349.0,349.0,0.0,0.0
2016-03-18,349.0,349.0,349.0,349.0,0.0,0.0
2016-03-21,349.0,349.0,349.0,349.0,0.0,0.0
2016-03-22,349.0,349.0,349.0,349.0,0.0,0.0
2016-03-23,349.0,349.0,349.0,349.0,0.0,0.0
2016-03-24,349.0,349.0,349.0,349.0,0.0,0.0
2016-03-28,349.0,349.0,349.0,349.0,0.0,0.0
2016-03-29,349.0,349.0,349.0,349.0,0.0,0.0
2016-03-30,349.0,349.0,349.0,349.0,0.0,0.0
2016-03-31,349.0,349.0,349.0,349.0,0.0,0.0
2016-04-01,349.0,349.0,349.0,349.0,0.0,0.0
2016-04-04,349.0,349.0,349.0,349.0,0.0,0.0
2016-04-05,349.0,349.0,349.0,349.0,0.0,0.0
2016-04-06,349.0,349.0,349.0,349.0,0.0,0.0
2016-04-07,349.0,349.0,349.0,349.0,0.0,0.0
2016-04-08,349.0,349.0,349.0,349.0,0.0,0.0
2016-04-11,349.0,349.0,349.0,349.0,0.0,0.0
2016-04-12,349.0,349.0,349.0,349.0,0.0,0.0
2016-04-13,349.0,349.0,349.0,349.0,0.0,0.0
2016-04-14,349.0,349.0,349.0,349.0,0.0,0.0
2016-04-15,349.0,349.0,349.0,349.0,0.0,0.0
2016-04-18,349.0,349.0,349.0,349.0,0.0,0.0
2016-04-19,349.0,349.0,349.0,349.0,0.0,0.0
2016-04-20,349.0,349.0,349.0,349.0,0.0,0.0
2016-04-21,349.0,349.0,349.0,349.0,0.0,0.0
2016-04-22,349.0,349.0,349.0,349.0,0.0,0.0
2016-04-25,349.0,349.0,349.0,349.0,0.0,0.0
2016-04-26,349.0,349.0,349.0,349.0,0.0,0.0
2016-04-27,349.0,349.0,349.0,349.0,0.0,0.0
2016-04-28,349.0,349.0,349.0,349.0,0.0,0.0
2016-04-29,349.0,349.0,349.0,349.0,0.0,0.0
2016-05-02,349.0,349.0,349.0,349.0,0.0,0.0
2016-05-03,349.0,349.0,349.0,349.0,0.0,0.0
2016-05-04,349.0,349.0,349.0,349.0,0.0,0.0
2016-05-05,349.0,349.0,349.0,349.0,0.0,0.0
2016-05-06,349.0,349.0,349.0,349.0,0.0,0.0
2016-05-09,349.0,349.0,349.0,349.0,0.0,0.0
2016-05-10,349.0,349.0,349.0,349.0,0.0,0.0
2016-05-11,349.0,349.0,349.0,349.0,0.0,0.0
2016-05-12,349.0,349.0,349.0,349.0,0.0,0.0
2016-05-13,349.0,349.0,349.0,349.0,0.0,0.0
2016-05-16,349.0,349.0,349.0,349.0,0.0,0.0
2016-05-17,349.0,349.0,349.0,349.0,0.0,0.0
2016-05-18,349.0,349.0,349.0,349.0,0.0,0.0
2016-05-19,349.0,349.0,349.0,349.0,0.0,0.0
2016-05-20,349.0,349.0,349.0,349.0,0.0,0.0
2016-05-23,349.0,349.0,349.0,349.0,0.0,0.0
2016-05-24,349.0,349.0,349.0,349.0,0.0,0.0
2016-05-25,349.0,349.0,349.0,349.0,0.0,0.0
2016-05-26,349.0,349.0,349.0,349.0,0.0,0.0
2016-05-27,349.0,349.0,349.0,349.0,0.0,0.0
2016-05-30,349.0,349.0,349.0,349.0,0.0,0.0
2016-05-31,349.0,349.0,349.0,349.0,0.0,0.0
2016-06-01,349.0,349.0,349.0,349.0,0.0,0.0
2016-06-02,349.0,349.0,349.0,349.0,0.0,0.0
2016-06-03,349.0,349.0,349.0,349.0,0.0,0.0
2016-06-06,349.0,349.0,349.0,349.0,0.0,0.0
2016-06-07,349.0,349.0,349.0,349.0,0.0,0.0
2016-06-08,349.0,349.0,349.0,349.0,0.0,0.0
2016-06-09,349.0,349.0,349.0,349.0,0.0,0.0
2016-06-10,349.0,349.0,349.0,349.0,0.0,0.0
2016-06-13,349.0,349.0,349.0,349.0,0.0,0.0
2016-06-14,349.0,349.0,349.0,349.0,0.0,0.0
2016-06-15,349.0,349.0,349.0,349.0,0.0,0.0
2016-06-16,349.0,349.0,349.0,349.0,0.0,0.0
2016-06-17,349.0,349.0,349.0,349.0,0.0,0.0
2016-06-20,349.0,349.0,349.0,349.0,0.0,0.0
2016-06-21,349.0,349.0,349.0,349.0,0.0,0.0
2016-06-22,349.0,349.0,349.0,349.0,0.0,0.0
2016-06-23,349.0,349.0,349.0,349.0,0.0,0.0
2016-06-24,349.0,349.0,349.0,349.0,0.0,0.0
2016-06-27,349.0,349.0,349.0,349.0,0.0,0.0
2016-06-28,349.0,349.0,349.0,349.0,0.0,0.0
2016-06-29,349.0,349.0,349.0,349.0,0.0,0.0
2016-06-30,349.0,349.0,349.0,349.0,0.0,0.0
2016-07-01,349.0,349.0,349.0,349.0,0.0,0.0
2016-07-04,349.0,349.0,349.0,349.0,0.0,0.0
2016-07-05,349.0,349.0,349.0,349.0,0.0,0.0
2016-07-06,349.0,349.0,349.0,349.0,0.0,0.0
2016-07-07,349.0,349.0,349.0,349.0,0.0,0.0
2016-07-08,349.0,349.0,349.0,349.0,0.0,0.0
2016-07-11,349.0,349.0,349.0,349.0,0.0,0.0
2016-07-12,349.0,349.0,349.0,349.0,0.0,0.0
2016-07-13,349.0,349.0,349.0,349.0,0.0,0.0
2016-07-14,349.0,349.0,349.0,349.0,0.0,0.0
2016-07-15,349.0,349.0,349.0,349.0,0.0,0.0
2016-07-18,349.0,349.0,349.0,349.0,0.0,0.0
2016-07-19,349.0,349.0,349.0,349.0,0.0,0.0
2016-07-20,349.0,349.0,349.0,349.0,0.0,0.0
2016-07-21,349.0,349.0,349.0,349.0,0.0,0.0
2016-07-22,349.0,349.0,349.0,349.0,0.0,0.0
2016-07-25,349.0,349.0,349.0,349.0,0.0,0.0
2016-07-26,349.0,349.0,349.0,349.0,0.0,0.0
2016-07-27,349.0,349.0,349.0,349.0,0.0,0.0
2016-07-28,349.0,349.0,349.0,349.0,0.0,0.0
2016-07-29,349.0,349.0,349.0,349.0,0.0,0.0
2016-08-01,349.0,349.0,349.0,349.0,0.0,0.0
2016-08-02,349.0,349.0,349.0,349.0,0.0,0.0
2016-08-03,349.0,349.0,349.0,349.0,0.0,0.0
2016-08-04,349.0,349.0,349.0,349.0,0.0,0.0
2016-08-05,349.0,349.0,349.0,349.0,0.0,0.0
2016-08-08,349.0,349.0,349.0,349.0,0.0,0.0
2016-08-09,349.0,349.0,349.0,349.0,0.0,0.0
2016-08-10,349.0,349.0,349.0,349.0,0.0,0.0
2016-08-11,349.0,349.0,349.0,349.0,0.0,0.0
2016-08-12,349.0,349.0,349.0,349.0,0.0,0.0
2016-08-15,349.0,349.0,349.0,349.0,0.0,0.0
2016-08-16,349.0,349.0,349.0,349.0,0.0,0.0
2016-08-17,349.0,349.0,349.0,349.0,0.0,0.0
2016-08-18,349.0,349.0,349.0,349.0,0.0,0.0
2016-08-19,349.0,349.0,349.0,349.0,0.0,0.0
2016-08-22,349.0,349.0,349.0,349.0,0.0,0.0
2016-08-23,349.0,349.0,349.0,349.0,0.0,0.0
2016-08-24,349.0,349.0,349.0,349.0,0.0,0.0
2016-08-25,349.0,349.0,349.0,349.0,0.0,0.0
2016-08-26,349.0,349.0,349.0,349.0,0.0,0.0
2016-08-29,349.0,349.0,349.0,349.0,0.0,0.0
2016-08-30,349.0,349.0,349.0,349.0,0.0,0.0
2016-08-31,349.0,349.0,349.0,349.0,0.0,0.0
2016-09-01,349.0,349.0,349.0,349.0,0.0,0.0
2016-09-02,349.0,349.0,349.0,349.0,0.0,0.0
2016-09-05,349.0,349.0,349.0,349.0,0.0,0.0
2016-09-06,349.0,349.0,349.0,349.0,0.0,0.0
2016-09-07,349.0,349.0,349.0,349.0,0.0,0.0
2016-09-08,349.0,349.0,349.0,349.0,0.0,0.0
2016-09-09,349.0,349.0,349.0,349.0,0.0,0.0
2016-09-12,349.0,349.0,349.0,349.0,0.0,0.0
2016-09-13,349.0,349.0,349.0,349.0,0.0,0.0
2016-09-14,349.0,349.0,349.0,349.0,0.0,0.0
2016-09-15,349.0,349.0,349.0,349.0,0.0,0.0
2016-09-16,349.0,349.0,349.0,349.0,0.0,0.0
2016-09-19,349.0,349.0,349.0,349.0,0.0,0.0
2016-09-20,349.0,349.0,349.0,349.0,0.0,0.0
2016-09-21,349.0,349.0,349.0,349.0,0.0,0.0
2016-09-22,349.0,349.0,349.0,349.0,0.0,0.0
2016-09-23,349.0,349.0,349.0,349.0,0.0,0.0
2016-09-26,349.0,349.0,349.0,349.0,0.0,0.0
2016-09-27,349.0,349.0,349.0,349.0,0.0,0.0
2016-09-28,349.0,349.0,349.0,349.0,0.0,0.0
2016-09-29,349.0,349.0,349.0,349.0,0.0,0.0
2016-09-30,349.0,349.0,349.0,349.0,0.0,0.0
2016-10-03,349.0,349.0,349.0,349.0,0.0,0.0
2016-10-04,349.0,349.0,349.0,349.0,0.0,0.0
2016-10-05,349.0,349.0,349.0,349.0,0.0,0.0
2016-10-06,349.0,349.0,349.0,349.0,0.0,0.0
2016-10-07,349.0,349.0,349.0,349.0,0.0,0.0
2016-10-10,349.0,349.0,349.0,349.0,0.0,0.0
2016-10-11,349.0,349.0,349.0,349.0,0.0,0.0
2016-10-12,349.0,349.0,349.0,349.0,0.0,0.0
2016-10-13,349.0,349.0,349.0,349.0,0.0,0.0
2016-10-14,349.0,349.0,349.0,349.0,0.0,0.0
2016-10-17,349.0,349.0,349.0,349.0,0.0,0.0
2016-10-18,349.0,349.0,349.0,349.0,0.0,0.0
2016-10-19,349.0,349.0,349.0,349.0,0.0,0.0
2016-10-20,349.0,349.0,349.0,349.0,0.0,0.0
2016-10-21,349.0,349.0,349.0,349.0,0.0,0.0
2016-10-24,349.0,349.0,349.0,349.0,0.0,0.0
2016-10-25,349.0,349.0,349.0,349.0,0.0,0.0
2016-10-26,349.0,349.0,349.0,349.0,0.0,0.0
2016-10-27,349.0,349.0,349.0,349.0,0.0,0.0
2016-10-28,349.0,349.0,349.0,349.0,0.0,0.0
2016-10-31,349.0,349.0,349.0,349.0,0.0,0.0
2016-11-01,349.0,349.0,349.0,349.0,0.0,0.0
2016-11-02,349.0,349.0,349.0,349.0,0.0,0.0
2016-11-03,349.0,349.0,349.0,349.0,0.0,0.0
2016-11-04,349.0,349.0,349.0,349.0,0.0,0.0
2016-11-07,349.0,349.0,349.0,349.0,0.0,0.0
2016-11-08,349.0,349.0,349.0,349.0,0.0,0.0
2016-11-09,349.0,349.0,349.0,349.0,0.0,0.0
2016-11-10,349.0,349.0,349.0,349.0,0.0,0.0
2016-11-11,349.0,349.0,349.0,349.0,0.0,0.0
2016-11-14,349.0,349.0,349.0,349.0,0.0,0.0
2016-11-15,349.0,349.0,349.0,349.0,0.0,0.0
2016-11-16,349.0,349.0,349.0,349.0,0.0,0.0
2016-11-17,349.0,349.0,349.0,349.0,0.0,0.0
2016-11-18,349.0,349.0,349.0,349.0,0.0,0.0
2016-11-21,349.0,349.0,349.0,349.0,0.0,0.0
2016-11-22,349.0,349.0,349.0,349.0,0.0,0.0
2016-11-23,349.0,349.0,349.0,349.0,0.0,0.0
2016-11-24,349.0,349.0,349.0,349.0,0.0,0.0
2016-11-25,349.0,349.0,349.0,349.0,0.0,0.0
2016-11-28,349.0,349.0,349.0,349.0,0.0,0.0
2016-11-29,349.0,349.0,349.0,349.0,0.0,0.0
2016-11-30,349.0,349.0,349.0,349.0,0.0,0.0
2016-12-01,349.0,349.0,349.0,349.0,0.0,0.0
2016-12-02,349.0,349.0,349.0,349.0,0.0,0.0
2016-12-05,349.0,349.0,349.0,349.0,0.0,0.0
2016-12-06,349.0,349.0,349.0,349.0,0.0,0.0
2016-12-07,349.0,349.0,349.0,349.0,0.0,0.0
2016-12-08,349.0,349.0,349.0,349.0,0.0,0.0
2016-12-09,349.0,349.0,349.0,349.0,0.0,0.0
2016-12-12,349.0,349.0,349.0,349.0,0.0,0.0
2016-12-13,349.0,349.0,349.0,349.0,0.0,0.0
2016-12-14,349.0,349.0,349.0,349.0,0.0,0.0
2016-12-15,349.0,349.0,349.0,349.0,0.0,0.0
2016-12-16,349.0,349.0,349.0,349.0,0.0,0.0
2016-12-19,349.0,349.0,349.0,349.0,0.0,0.0
2016-12-20,349.0,349.0,349.0,349.0,0.0,0.0
2016-12-21,349.0,349.0,349.0,349.0,0.0,0.0
2016-12-22,349.0,349.0,349.0,349.0,0.0,0.0
2016-12-23,349.0,349.0,349.0,349.0,0.0,0.0
2016-12-27,349.0,349.0,349.0,349.0,0.0,0.0
2016-12-28,349.0,349.0,349.0,349.0,0.0,0.0
2016-12-29,349.0,349.0,349.0,349.0,0.0,0.0
2016-12-30,349.0,349.0,349.0,349.0,0.0,0.0
2017-01-02,349.0,349.0,349.0,349.0,0.0,0.0
2017-01-03,349.0,349.0,349.0,349.0,0.0,0.0
2017-01-04,349.0,349.0,349.0,349.0,0.0,0.0
2017-01-05,349.0,349.0,349.0,349.0,0.0,0.0
2017-01-06,349.0,349.0,349.0,349.0,0.0,0.0
2017-01-09,349.0,349.0,349.0,349.0,0.0,0.0
2017-01-10,349.0,349.0,349.0,349.0,0.0,0.0
2017-01-11,349.0,349.0,349.0,349.0,0.0,0.0
2017-01-12,349.0,349.0,349.0,349.0,0.0,0.0
2017-01-13,349.0,349.0,349.0,349.0,0.0,0.0
2017-01-16,349.0,349.0,349.0,349.0,0.0,0.0
2017-01-17,349.0,349.0,349.0,349.0,0.0,0.0
2017-01-18,349.0,349.0,349.0,349.0,0.0,0.0
2017-01-19,349.0,349.0,349.0,349.0,0.0,0.0
2017-01-20,349.0,349.0,349.0,349.0,0.0,0.0
2017-01-23,349.0,349.0,349.0,349.0,0.0,0.0
2017-01-24,349.0,349.0,349.0,349.0,0.0,0.0
2017-01-25,349.0,349.0,349.0,349.0,0.0,0.0
2017-01-26,349.0,349.0,349.0,349.0,0.0,0.0
2017-01-27,349.0,349.0,349.0,349.0,0.0,0.0
2017-01-30,349.0,349.0,349.0,349.0,0.0,0.0
2017-01-31,349.0,349.0,349.0,349.0,0.0,0.0
2017-02-01,349.0,349.0,349.0,349.0,0.0,0.0
2017-02-02,349.0,349.0,349.0,349.0,0.0,0.0
2017-02-03,349.0,349.0,349.0,349.0,0.0,0.0
2017-02-06,349.0,349.0,349.0,349.0,0.0,0.0
2017-02-07,349.0,349.0,349.0,349.0,0.0,0.0
2017-02-08,349.0,349.0,349.0,349.0,0.0,0.0
2017-02-09,349.0,349.0,349.0,349.0,0.0,0.0
2017-02-10,349.0,349.0,349.0,349.0,0.0,0.0
2017-02-13,349.0,349.0,349.0,349.0,0.0,0.0
2017-02-14,349.0,349.0,349.0,349.0,0.0,0.0
2017-02-15,349.0,349.0,349.0,349.0,0.0,0.0
2017-02-16,349.0,349.0,349.0,349.0,0.0,0.0
2017-02-17,349.0,349.0,349.0,349.0,0.0,0.0
2017-02-20,349.0,349.0,349.0,349.0,0.0,0.0
2017-02-21,349.0,349.0,349.0,349.0,0.0,0.0
2017-02-22,349.0,349.0,349.0,349.0,0.0,0.0
2017-02-23,349.0,349.0,349.0,349.0,0.0,0.0
2017-02-24,349.0,349.0,349.0,349.0,0.0,0.0
2017-02-27,349.0,349.0,349.0,349.0,0.0,0.0
2017-02-28,349.0,349.0,349.0,349.0,0.0,0.0
2017-03-01,349.0,349.0,349.0,349.0,0.0,0.0
2017-03-02,349.0,349.0,349.0,349.0,0.0,0.0
2017-03-03,349.0,349.0,349.0,349.0,0.0,0.0
2017-03-06,349.0,349.0,349.0,349.0,0.0,0.0
2017-03-07,349.0,349.0,349.0,349.0,0.0,0.0
2017-03-08,349.0,349.0,349.0,349.0,0.0,0.0
2017-03-09,349.0,349.0,349.0,349.0,0.0,0.0
2017-03-10,349.0,349.0,349.0,349.0,0.0,0.0
2017-03-13,349.0,349.0,349.0,349.0,0.0,0.0
2017-03-14,349.0,349.0,349.0,349.0,0.0,0.0
2017-03-15,349.0,349.0,349.0,349.0,0.0,0.0
2017-03-16,349.0,349.0,349.0,349.0,0.0,0.0
2017-03-17,349.0,349.0,349.0,349.0,0.0,0.0
2017-03-20,349.0,349.0,349.0,349.0,0.0,0.0
2017-03-21,349.0,349.0,349.0,349.0,0.0,0.0
2017-03-22,349.0,349.0,349.0,349.0,0.0,0.0
2017-03-23,349.0,349.0,349.0,349.0,0.0,0.0
2017-03-24,349.0,349.0,349.0,349.0,0.0,0.0
2017-03-27,349.0,349.0,349.0,349.0,0.0,0.0
2017-03-28,349.0,349.0,349.0,349.0,0.0,0.0
2017-03-29,349.0,349.0,349.0,349.0,0.0,0.0
2017-03-30,349.0,349.0,349.0,349.0,0.0,0.0
2017-03-31,349.0,349.0,349.0,349.0,0.0,0.0
2017-04-03,349.0,349.0,349.0,349.0,0.0,0.0
2017-04-04,349.0,349.0,349.0,349.0,0.0,0.0
2017-04-05,349.0,349.0,349.0,349.0,0.0,0.0
2017-04-06,349.0,349.0,349.0,349.0,0.0,0.0
2017-04-07,349.0,349.0,349.0,349.0,0.0,0.0
2017-04-10,349.0,349.0,349.0,349.0,0.0,0.0
2017-04-11,349.0,349.0,349.0,349.0,0.0,0.0
2017-04-12,349.0,349.0,349.0,349.0,0.0,0.0
2017-04-13,349.0,349.0,349.0,349.0,0.0,0.0
2017-04-17,349.0,349.0,349.0,349.0,0.0,0.0
2017-04-18,349.0,349.0,349.0,349.0,0.0,0.0
2017-04-19,349.0,349.0,349.0,349.0,0.0,0.0
2017-04-20,349.0,349.0,349.0,349.0,0.0,0.0
2017-04-21,349.0,349.0,349.0,349.0,0.0,0.0
2017-04-24,349.0,349.0,349.0,349.0,0.0,0.0
2017-04-25,349.0,349.0,349.0,349.0,0.0,0.0
2017-04-26,349.0,349.0,349.0,349.0,0.0,0.0
2017-04-27,349.0,349.0,349.0,349.0,0.0,0.0
2017-04-28,349.0,349.0,349.0,349.0,0.0,0.0
2017-05-01,349.0,349.0,349.0,349.0,0.0,0.0
2017-05-02,349.0,349.0,349.0,349.0,0.0,0.0
2017-05-03,349.0,349.0,349.0,349.0,0.0,0.0
2017-05-04,349.0,349.0,349.0,349.0,0.0,0.0
2017-05-05,349.0,349.0,349.0,349.0,0.0,0.0
2017-05-08,349.0,349.0,349.0,349.0,0.0,0.0
2017-05-09,349.0,349.0,349.0,349.0,0.0,0.0
2017-05-10,349.0,349.0,349.0,349.0,0.0,0.0
2017-05-11,349.0,349.0,349.0,349.0,0.0,0.0
2017-05-12,349.0,349.0,349.0,349.0,0.0,0.0
2017-05-15,349.0,349.0,349.0,349.0,0.0,0.0
2017-05-16,349.0,349.0,349.0,349.0,0.0,0.0
2017-05-17,349.0,349.0,349.0,349.0,0.0,0.0
2017-05-18,349.0,349.0,349.0,349.0,0.0,0.0
2017-05-19,349.0,349.0,349.0,349.0,0.0,0.0
2017-05-22,349.0,349.0,349.0,349.0,0.0,0.0
2017-05-23,349.0,349.0,349.0,349.0,0.0,0.0
2017-05-24,349.0,349.0,349.0,349.0,0.0,0.0
2017-05-25,349.0,349.0,349.0,349.0,0.0,0.0
2017-05-26,349.0,349.0,349.0,349.0,0.0,0.0
2017-05-29,349.0,349.0,349.0,349.0,0.0,0.0
2017-05-30,349.0,349.0,349.0,349.0,0.0,0.0
2017-05-31,349.0,349.0,349.0,349.0,0.0,0.0
2017-06-01,349.0,349.0,349.0,349.0,0.0,0.0
2017-06-02,349.0,349.0,349.0,349.0,0.0,0.0
2017-06-05,349.0,349.0,349.0,349.0,0.0,0.0
2017-06-06,349.0,349.0,349.0,349.0,0.0,0.0
2017-06-07,349.0,349.0,349.0,349.0,0.0,0.0
2017-06-08,349.0,349.0,349.0,349.0,0.0,0.0
2017-06-09,349.0,349.0,349.0,349.0,0.0,0.0
2017-06-12,349.0,349.0,349.0,349.0,0.0,0.0
2017-06-13,349.0,349.0,349.0,349.0,0.0,0.0
2017-06-14,349.0,349.0,349.0,349.0,0.0,0.0
2017-06-15,349.0,349.0,349.0,349.0,0.0,0.0
2017-06-16,349.0,349.0,349.0,349.0,0.0,0.0
2017-06-19,349.0,349.0,349.0,349.0,0.0,0.0
2017-06-20,349.0,349.0,349.0,349.0,0.0,0.0
2017-06-21,349.0,349.0,349.0,349.0,0.0,0.0
2017-06-22,349.0,349.0,349.0,349.0,0.0,0.0
2017-06-23,349.0,349.0,349.0,349.0,0.0,0.0
2017-06-26,349.0,349.0,349.0,349.0,0.0,0.0
2017-06-27,349.0,349.0,349.0,349.0,0.0,0.0
2017-06-28,349.0,349.0,349.0,349.0,0.0,0.0
2017-06-29,349.0,349.0,349.0,349.0,0.0,0.0
2017-06-30,349.0,349.0,349.0,349.0,0.0,0.0
2017-07-03,349.0,349.0,349.0,349.0,0.0,0.0
2017-07-04,349.0,349.0,349.0,349.0,0.0,0.0
2017-07-05,349.0,349.0,349.0,349.0,0.0,0.0
2017-07-06,349.0,349.0,349.0,349.0,0.0,0.0
2017-07-07,349.0,349.0,349.0,349.0,0.0,0.0
2017-07-10,349.0,349.0,349.0,349.0,0.0,0.0
2017-07-11,349.0,349.0,349.0,349.0,0.0,0.0
2017-07-12,349.0,349.0,349.0,349.0,0.0,0.0
2017-07-13,349.0,349.0,349.0,349.0,0.0,0.0
2017-07-14,349.0,349.0,349.0,349.0,0.0,0.0
2017-07-17,349.0,349.0,349.0,349.0,0.0,0.0
2017-07-18,349.0,349.0,349.0,349.0,0.0,0.0
2017-07-19,349.0,349.0,349.0,349.0,0.0,0.0
2017-07-20,349.0,349.0,349.0,349.0,0.0,0.0
2017-07-21,349.0,349.0,349.0,349.0,0.0,0.0
2017-07-24,349.0,349.0,349.0,349.0,0.0,0.0
2017-07-25,349.0,349.0,349.0,349.0,0.0,0.0
2017-07-26,349.0,349.0,349.0,349.0,0.0,0.0
2017-07-27,349.0,349.0,349.0,349.0,0.0,0.0
2017-07-28,349.0,349.0,349.0,349.0,0.0,0.0
2017-07-31,349.0,349.0,349.0,349.0,0.0,0.0
2017-08-01,349.0,349.0,349.0,349.0,0.0,0.0
2017-08-02,349.0,349.0,349.0,349.0,0.0,0.0
2017-08-03,349.0,349.0,349.0,349.0,0.0,0.0
2017-08-04,349.0,349.0,349.0,349.0,0.0,0.0
2017-08-07,349.0,349.0,349.0,349.0,0.0,0.0
2017-08-08,349.0,349.0,349.0,349.0,0.0,0.0
2017-08-09,349.0,349.0,349.0,349.0,0.0,0.0
2017-08-10,349.0,349.0,349.0,349.0,0.0,0.0
2017-08-11,349.0,349.0,349.0,349.0,0.0,0.0
2017-08-14,349.0,349.0,349.0,349.0,0.0,0.0
2017-08-15,349.0,349.0,349.0,349.0,0.0,0.0
2017-08-16,349.0,349.0,349.0,349.0,0.0,0.0
2017-08-17,349.0,349.0,349.0,349.0,0.0,0.0
2017-08-18,349.0,349.0,349.0,349.0,0.0,0.0
2017-08-21,349.0,349.0,349.0,349.0,0.0,0.0
2017-08-22,349.0,349.0,349.0,349.0,0.0,0.0
2017-08-23,349.0,349.0,349.0,349.0,0.0,0.0
2017-08-24,349.0,349.0,349.0,349.0,0.0,0.0
2017-08-25,349.0,349.0,349.0,349.0,0.0,0.0
2017-08-28,349.0,349.0,349.0,349.0,0.0,0.0
2017-08-29,349.0,349.0,349.0,349.0,0.0,0.0
2017-08-30,349.0,349.0,349.0,349.0,0.0,0.0
2017-08-31,349.0,349.0,349.0,349.0,0.0,0.0
2017-09-01,349.0,349.0,349.0,349.0,0.0,0.0
2017-09-04,349.0,349.0,349.0,349.0,0.0,0.0
2017-09-05,349.0,349.0,349.0,349.0,0.0,0.0
2017-09-06,349.0,349.0,349.0,349.0,0.0,0.0
2017-09-07,349.0,349.0,349.0,349.0,0.0,0.0
2017-09-08,349.0,349.0,349.0,349.0,0.0,0.0
2017-09-11,349.0,349.0,349.0,349.0,0.0,0.0
2017-09-12,349.0,349.0,349.0,349.0,0.0,0.0
2017-09-13,349.0,349.0,349.0,349.0,0.0,0.0
2017-09-14,349.0,349.0,349.0,349.0,0.0,0.0
2017-09-15,349.0,349.0,349.0,349.0,0.0,0.0
2017-09-18,349.0,349.0,349.0,349.0,0.0,0.0
2017-09-19,349.0,349.0,349.0,349.0,0.0,0.0
2017-09-20,349.0,349.0,349.0,349.0,0.0,0.0
2017-09-21,349.0,349.0,349.0,349.0,0.0,0.0
2017-09-22,349.0,349.0,349.0,349.0,0.0,0.0
2017-09-25,349.0,349.0,349.0,349.0,0.0,0.0
2017-09-26,349.0,349.0,349.0,349.0,0.0,0.0
2017-09-27,349.0,349.0,349.0,349.0,0.0,0.0
2017-09-28,349.0,349.0,349.0,349.0,0.0,0.0
2017-09-29,349.0,349.0,349.0,349.0,0.0,0.0
2017-10-02,349.0,349.0,349.0,349.0,0.0,0.0
2017-10-03,349.0,349.0,349.0,349.0,0.0,0.0
2017-10-04,349.0,349.0,349.0,349.0,0.0,0.0
2017-10-05,349.0,349.0,349.0,349.0,0.0,0.0
2017-10-06,349.0,349.0,349.0,349.0,0.0,0.0
2017-10-09,349.0,349.0,349.0,349.0,0.0,0.0
2017-10-10,349.0,349.0,349.0,349.0,0.0,0.0
2017-10-11,349.0,349.0,349.0,349.0,0.0,0.0
2017-10-12,349.0,349.0,349.0,349.0,0.0,0.0
2017-10-13,349.0,349.0,349.0,349.0,0.0,0.0
2017-10-16,349.0,349.0,349.0,349.0,0.0,0.0
2017-10-17,349.0,349.0,349.0,349.0,0.0,0.0
2017-10-18,349.0,349.0,349.0,349.0,0.0,0.0
2017-10-19,349.0,349.0,349.0,349.0,0.0,0.0
2017-10-20,349.0,349.0,349.0,349.0,0.0,0.0
2017-10-23,349.0,349.0,349.0,349.0,0.0,0.0
2017-10-24,349.0,349.0,349.0,349.0,0.0,0.0
2017-10-25,349.0,349.0,349.0,349.0,0.0,0.0
2017-10-26,349.0,349.0,349.0,349.0,0.0,0.0
2017-10-27,349.0,349.0,349.0,349.0,0.0,0.0
2017-10-30,349.0,349.0,349.0,349.0,0.0,0.0
2017-10-31,349.0,349.0,349.0,349.0,0.0,0.0
2017-11-01,349.0,349.0,349.0,349.0,0.0,0.0
2017-11-02,349.0,349.0,349.0,349.0,0.0,0.0
2017-11-03,349.0,349.0,349.0,349.0,0.0,0.0
2017-11-06,349.0,349.0,349.0,349.0,0.0,0.0
2017-11-07,349.0,349.0,349.0,349.0,0.0,0.0
2017-11-08,349.0,349.0,349.0,349.0,0.0,0.0
2017-11-09,349.0,349.0,349.0,349.0,0.0,0.0
2017-11-10,349.0,349.0,349.0,349.0,0.0,0.0
2017-11-13,349.0,349.0,349.0,349.0,0.0,0.0
2017-11-14,349.0,349.0,349.0,349.0,0.0,0.0
2017-11-15,349.0,349.0,349.0,349.0,0.0,0.0
2017-11-16,349.0,349.0,349.0,349.0,0.0,0.0
2017-11-17,349.0,349.0,349.0,349.0,0.0,0.0
2017-11-20,349.0,349.0,349.0,349.0,0.0,0.0
2017-11-21,349.0,349.0,349.0,349.0,0.0,0.0
2017-11-22,349.0,349.0,349.0,349.0,0.0,0.0
2017-11-23,349.0,349.0,349.0,349.0,0.0,0.0
2017-11-24,349.0,349.0,349.0,349.0,0.0,0.0
2017-11-27,349.0,349.0,349.0,349.0,0.0,0.0
2017-11-28,349.0,349.0,349.0,349.0,0.0,0.0
2017-11-29,349.0,349.0,349.0,349.0,0.0,0.0
2017-11-30,349.0,349.0,349.0,349.0,0.0,0.0
2017-12-01,349.0,349.0,349.0,349.0,0.0,0.0
2017-12-04,349.0,349.0,349.0,349.0,0.0,0.0
2017-12-05,349.0,349.0,349.0,349.0,0.0,0.0
2017-12-06,349.0,349.0,349.0,349.0,0.0,0.0
2017-12-07,349.0,349.0,349.0,349.0,0.0,0.0
2017-12-08,349.0,349.0,349.0,349.0,0.0,0.0
2017-12-11,349.0,349.0,349.0,349.0,0.0,0.0
2017-12-12,349.0,349.0,349.0,349.0,0.0,0.0
2017-12-13,349.0,349.0,349.0,349.0,0.0,0.0
2017-12-14,349.0,349.0,349.0,349.0,0.0,0.0
2017-12-15,349.0,349.0,349.0,349.0,0.0,0.0
2017-12-18,349.0,349.0,349.0,349.0,0.0,0.0
2017-12-19,349.0,349.0,349.0,349.0,0.0,0.0
2017-12-20,349.0,349.0,349.0,349.0,0.0,0.0
2017-12-21,349.0,349.0,349.0,349.0,0.0,0.0
2017-12-22,349.0,349.0,349.0,349.0,0.0,0.0
2017-12-27,349.0,349.0,349.0,349.0,0.0,0.0
2017-12-28,349.0,349.0,349.0,349.0,0.0,0.0
2017-12-29,349.0,349.0,349.0,349.0,0.0,0.0
2018-01-02,349.0,349.0,349.0,349.0,0.0,0.0
2018-01-03,349.0,349.0,349.0,349.0,0.0,0.0
2018-01-04,349.0,349.0,349.0,349.0,0.0,0.0
2018-01-05,349.0,349.0,349.0,349.0,0.0,0.0
2018-01-08,349.0,349.0,349.0,349.0,0.0,0.0
2018-01-09,349.0,349.0,349.0,349.0,0.0,0.0
2018-01-10,349.0,349.0,349.0,349.0,0.0,0.0
2018-01-11,349.0,349.0,349.0,349.0,0.0,0.0
2018-01-12,349.0,349.0,349.0,349.0,0.0,0.0
2018-01-15,349.0,349.0,349.0,349.0,0.0,0.0
2018-01-16,349.0,349.0,349.0,349.0,0.0,0.0
2018-01-17,349.0,349.0,349.0,349.0,0.0,0.0
2018-01-18,349.0,349.0,349.0,349.0,0.0,0.0
2018-01-19,349.0,349.0,349.0,349.0,0.0,0.0
2018-01-22,349.0,349.0,349.0,349.0,0.0,0.0
2018-01-23,349.0,349.0,349.0,349.0,0.0,0.0
2018-01-24,349.0,349.0,349.0,349.0,0.0,0.0
2018-01-25,349.0,349.0,349.0,349.0,0.0,0.0
2018-01-26,349.0,349.0,349.0,349.0,0.0,0.0
2018-01-29,349.0,349.0,349.0,349.0,0.0,0.0
2018-01-30,349.0,349.0,349.0,349.0,0.0,0.0
2018-01-31,349.0,349.0,349.0,349.0,0.0,0.0
2018-02-01,349.0,349.0,349.0,349.0,0.0,0.0
2018-02-02,349.0,349.0,349.0,349.0,0.0,0.0
2018-02-05,349.0,349.0,349.0,349.0,0.0,0.0
2018-02-06,349.0,349.0,349.0,349.0,0.0,0.0
2018-02-07,349.0,349.0,349.0,349.0,0.0,0.0
2018-02-08,349.0,349.0,349.0,349.0,0.0,0.0
2018-02-09,349.0,349.0,349.0,349.0,0.0,0.0
2018-02-12,349.0,349.0,349.0,349.0,0.0,0.0
2018-02-13,349.0,349.0,349.0,349.0,0.0,0.0
2018-02-14,349.0,349.0,349.0,349.0,0.0,0.0
2018-02-15,349.0,349.0,349.0,349.0,0.0,0.0
2018-02-16,349.0,349.0,349.0,349.0,0.0,0.0
2018-02-19,349.0,349.0,349.0,349.0,0.0,0.0
2018-02-20,349.0,349.0,349.0,349.0,0.0,0.0
2018-02-21,349.0,349.0,349.0,349.0,0.0,0.0
2018-02-22,349.0,349.0,349.0,349.0,0.0,0.0
2018-02-23,349.0,349.0,349.0,349.0,0.0,0.0
2018-02-26,349.0,349.0,349.0,349.0,0.0,0.0
2018-02-27,349.0,349.0,349.0,349.0,0.0,0.0
2018-02-28,349.0,349.0,349.0,349.0,0.0,0.0
2018-03-01,349.0,349.0,349.0,349.0,0.0,0.0
2018-03-02,349.0,349.0,349.0,349.0,0.0,0.0
2018-03-05,349.0,349.0,349.0,349.0,0.0,0.0
2018-03-06,349.0,349.0,349.0,349.0,0.0,0.0
2018-03-07,349.0,349.0,349.0,349.0,0.0,0.0
2018-03-08,349.0,349.0,349.0,349.0,0.0,0.0
2018-03-09,349.0,349.0,349.0,349.0,0.0,0.0
2018-03-12,349.0,349.0,349.0,349.0,0.0,0.0
2018-03-13,349.0,349.0,349.0,349.0,0.0,0.0
2018-03-14,349.0,349.0,349.0,349.0,0.0,0.0
2018-03-15,349.0,349.0,349.0,349.0,0.0,0.0
2018-03-16,349.0,349.0,349.0,349.0,0.0,0.0
2018-03-19,349.0,349.0,349.0,349.0,0.0,0.0
2018-03-20,349.0,349.0,349.0,349.0,0.0,0.0
2018-03-21,349.0,349.0,349.0,349.0,0.0,0.0
2018-03-22,349.0,349.0,349.0,349.0,0.0,0.0
2018-03-23,349.0,349.0,349.0,349.0,0.0,0.0
2018-03-26,349.0,349.0,349.0,349.0,0.0,0.0
2018-03-27,349.0,349.0,349.0,349.0,0.0,0.0
2018-03-28,349.0,349.0,349.0,349.0,0.0,0.0
2018-03-29,349.0,349.0,349.0,349.0,0.0,0.0
2018-04-03,349.0,349.0,349.0,349.0,0.0,0.0
2018-04-04,349.0,349.0,349.0,349.0,0.0,0.0
2018-04-05,349.0,349.0,349.0,349.0,0.0,0.0
2018-04-06,349.0,349.0,349.0,349.0,0.0,0.0
2018-04-09,349.0,349.0,349.0,349.0,0.0,0.0
2018-04-10,349.0,349.0,349.0,349.0,0.0,0.0
2018-04-11,349.0,349.0,349.0,349.0,0.0,0.0
2018-04-12,349.0,349.0,349.0,349.0,0.0,0.0
2018-04-13,349.0,349.0,349.0,349.0,0.0,0.0
2018-04-16,349.0,349.0,349.0,349.0,0.0,0.0
2018-04-17,349.0,349.0,349.0,349.0,0.0,0.0
2018-04-18,349.0,349.0,349.0,349.0,0.0,0.0
2018-04-19,349.0,349.0,349.0,349.0,0.0,0.0
2018-04-20,349.0,349.0,349.0,349.0,0.0,0.0
2018-04-23,349.0,349.0,349.0,349.0,0.0,0.0
2018-04-24,349.0,349.0,349.0,349.0,0.0,0.0
2018-04-25,349.0,349.0,349.0,349.0,0.0,0.0
2018-04-26,349.0,349.0,349.0,349.0,0.0,0.0
2018-04-27,349.0,349.0,349.0,349.0,0.0,0.0
2018-04-30,349.0,349.0,349.0,349.0,0.0,0.0
2018-05-01,349.0,349.0,349.0,349.0,0.0,0.0
2018-05-02,349.0,349.0,349.0,349.0,0.0,0.0
2018-05-03,349.0,349.0,349.0,349.0,0.0,0.0
2018-05-04,349.0,349.0,349.0,349.0,0.0,0.0
2018-05-07,349.0,349.0,349.0,349.0,0.0,0.0
2018-05-08,349.0,349.0,349.0,349.0,0.0,0.0
2018-05-09,349.0,349.0,349.0,349.0,0.0,0.0
2018-05-10,349.0,349.0,349.0,349.0,0.0,0.0
2018-05-11,349.0,349.0,349.0,349.0,0.0,0.0
2018-05-14,349.0,349.0,349.0,349.0,0.0,0.0
2018-05-15,349.0,349.0,349.0,349.0,0.0,0.0
2018-05-16,349.0,349.0,349.0,349.0,0.0,0.0
2018-05-17,349.0,349.0,349.0,349.0,0.0,0.0
2018-05-18,349.0,349.0,349.0,349.0,0.0,0.0
2018-05-21,349.0,349.0,349.0,349.0,0.0,0.0
2018-05-22,349.0,349.0,349.0,349.0,0.0,0.0
2018-05-23,349.0,349.0,349.0,349.0,0.0,0.0
2018-05-24,349.0,349.0,349.0,349.0,0.0,0.0
2018-05-25,349.0,349.0,349.0,349.0,0.0,0.0
2018-05-28,349.0,349.0,349.0,349.0,0.0,0.0
2018-05-29,349.0,349.0,349.0,349.0,0.0,0.0
2018-05-30,349.0,349.0,349.0,349.0,0.0,0.0
2018-05-31,349.0,349.0,349.0,349.0,0.0,0.0
2018-06-01,349.0,349.0,349.0,349.0,0.0,0.0
2018-06-04,349.0,349.0,349.0,349.0,0.0,0.0
2018-06-05,349.0,349.0,349.0,349.0,0.0,0.0
2018-06-06,349.0,349.0,349.0,349.0,0.0,0.0
2018-06-07,349.0,349.0,349.0,349.0,0.0,0.0
2018-06-08,349.0,349.0,349.0,349.0,0.0,0.0
2018-06-11,349.0,349.0,349.0,349.0,0.0,0.0
2018-06-12,349.0,349.0,349.0,349.0,0.0,0.0
2018-06-13,349.0,349.0,349.0,349.0,0.0,0.0
2018-06-14,349.0,349.0,349.0,349.0,0.0,0.0
2018-06-15,349.0,349.0,349.0,349.0,0.0,0.0
2018-06-18,349.0,349.0,349.0,349.0,0.0,0.0
2018-06-19,349.0,349.0,349.0,349.0,0.0,0.0
2018-06-20,349.0,349.0,349.0,349.0,0.0,0.0
2018-06-21,349.0,349.0,349.0,349.0,0.0,0.0
2018-06-22,349.0,349.0,349.0,349.0,0.0,0.0
2018-06-25,349.0,349.0,349.0,349.0,0.0,0.0
2018-06-26,349.0,349.0,349.0,349.0,0.0,0.0
2018-06-27,349.0,349.0,349.0,349.0,0.0,0.0
2018-06-28,349.0,349.0,349.0,349.0,0.0,0.0
2018-06-29,349.0,349.0,349.0,349.0,0.0,0.0
2018-07-02,349.0,349.0,349.0,349.0,0.0,0.0
2018-07-03,349.0,349.0,349.0,349.0,0.0,0.0
2018-07-04,349.0,349.0,349.0,349.0,0.0,0.0
2018-07-05,349.0,349.0,349.0,349.0,0.0,0.0
2018-07-06,349.0,349.0,349.0,349.0,0.0,0.0
2018-07-09,349.0,349.0,349.0,349.0,0.0,0.0
2018-07-10,349.0,349.0,349.0,349.0,0.0,0.0
2018-07-11,349.0,349.0,349.0,349.0,0.0,0.0
2018-07-12,349.0,349.0,349.0,349.0,0.0,0.0
2018-07-13,349.0,349.0,349.0,349.0,0.0,0.0
2018-07-16,349.0,349.0,349.0,349.0,0.0,0.0
2018-07-17,349.0,349.0,349.0,349.0,0.0,0.0
2018-07-18,349.0,349.0,349.0,349.0,0.0,0.0
2018-07-19,349.0,349.0,349.0,349.0,0.0,0.0
2018-07-20,349.0,349.0,349.0,349.0,0.0,0.0
2018-07-23,349.0,349.0,349.0,349.0,0.0,0.0
2018-07-24,349.0,349.0,349.0,349.0,0.0,0.0
2018-07-25,349.0,349.0,349.0,349.0,0.0,0.0
2018-07-26,349.0,349.0,349.0,349.0,0.0,0.0
2018-07-27,349.0,349.0,349.0,349.0,0.0,0.0
2018-07-30,349.0,349.0,349.0,349.0,0.0,0.0
2018-07-31,349.0,349.0,349.0,349.0,0.0,0.0
2018-08-01,349.0,349.0,349.0,349.0,0.0,0.0
2018-08-02,349.0,349.0,349.0,349.0,0.0,0.0
2018-08-03,349.0,349.0,349.0,349.0,0.0,0.0
2018-08-06,349.0,349.0,349.0,349.0,0.0,0.0
2018-08-07,349.0,349.0,349.0,349.0,0.0,0.0
2018-08-08,349.0,349.0,349.0,349.0,0.0,0.0
2018-08-09,349.0,349.0,349.0,349.0,0.0,0.0
2018-08-10,349.0,349.0,349.0,349.0,0.0,0.0
2018-08-13,349.0,349.0,349.0,349.0,0.0,0.0
2018-08-14,349.0,349.0,349.0,349.0,0.0,0.0
2018-08-15,349.0,349.0,349.0,349.0,0.0,0.0
2018-08-16,349.0,349.0,349.0,349.0,0.0,0.0
2018-08-17,349.0,349.0,349.0,349.0,0.0,0.0
2018-08-20,349.0,349.0,349.0,349.0,0.0,0.0
2018-08-21,349.0,349.0,349.0,349.0,0.0,0.0
2018-08-22,349.0,349.0,349.0,349.0,0.0,0.0
2018-08-23,349.0,349.0,349.0,349.0,0.0,0.0
2018-08-24,349.0,349.0,349.0,349.0,0.0,0.0
2018-08-27,349.0,349.0,349.0,349.0,0.0,0.0
2018-08-28,349.0,349.0,349.0,349.0,0.0,0.0
2018-08-29,349.0,349.0,349.0,349.0,0.0,0.0
2018-08-30,349.0,349.0,349.0,349.0,0.0,0.0
2018-08-31,349.0,349.0,349.0,349.0,0.0,0.0
2018-09-03,349.0,349.0,349.0,349.0,0.0,0.0
2018-09-04,349.0,349.0,349.0,349.0,0.0,0.0
2018-09-05,349.0,349.0,349.0,349.0,0.0,0.0
2018-09-06,349.0,349.0,349.0,349.0,0.0,0.0
2018-09-07,349.0,349.0,349.0,349.0,0.0,0.0
2018-09-10,349.0,349.0,349.0,349.0,0.0,0.0
2018-09-11,349.0,349.0,349.0,349.0,0.0,0.0
2018-09-12,349.0,349.0,349.0,349.0,0.0,0.0
2018-09-13,349.0,349.0,349.0,349.0,0.0,0.0
2018-09-14,349.0,349.0,349.0,349.0,0.0,0.0
2018-09-17,349.0,349.0,349.0,349.0,0.0,0.0
2018-09-18,349.0,349.0,349.0,349.0,0.0,0.0
2018-09-19,349.0,349.0,349.0,349.0,0.0,0.0
2018-09-20,349.0,349.0,349.0,349.0,0.0,0.0
2018-09-21,349.0,349.0,349.0,349.0,0.0,0.0
2018-09-24,349.0,349.0,349.0,349.0,0.0,0.0
2018-09-25,349.0,349.0,349.0,349.0,0.0,0.0
2018-09-26,349.0,349.0,349.0,349.0,0.0,0.0
2018-09-27,349.0,349.0,349.0,349.0,0.0,0.0
2018-09-28,349.0,349.0,349.0,349.0,0.0,0.0
2018-10-01,349.0,349.0,349.0,349.0,0.0,0.0
2018-10-02,349.0,349.0,349.0,349.0,0.0,0.0
2018-10-03,349.0,349.0,349.0,349.0,0.0,0.0
2018-10-04,349.0,349.0,349.0,349.0,0.0,0.0
2018-10-05,349.0,349.0,349.0,349.0,0.0,0.0
2018-10-08,349.0,349.0,349.0,349.0,0.0,0.0
2018-10-09,349.0,349.0,349.0,349.0,0.0,0.0
2018-10-10,349.0,349.0,349.0,349.0,0.0,0.0
2018-10-11,349.0,349.0,349.0,349.0,0.0,0.0
2018-10-12,349.0,349.0,349.0,349.0,0.0,0.0
2018-10-15,349.0,349.0,349.0,349.0,0.0,0.0
2018-10-16,349.0,349.0,349.0,349.0,0.0,0.0
2018-10-17,349.0,349.0,349.0,349.0,0.0,0.0
2018-10-18,349.0,349.0,349.0,349.0,0.0,0.0
2018-10-19,349.0,349.0,349.0,349.0,0.0,0.0
2018-10-22,349.0,349.0,349.0,349.0,0.0,0.0
2018-10-23,349.0,349.0,349.0,349.0,0.0,0.0
2018-10-24,349.0,349.0,349.0,349.0,0.0,0.0
2018-10-25,349.0,349.0,349.0,349.0,0.0,0.0
2018-10-26,349.0,349.0,349.0,349.0,0.0,0.0
2018-10-29,349.0,349.0,349.0,349.0,0.0,0.0
2018-10-30,349.0,349.0,349.0,349.0,0.0,0.0
2018-10-31,349.0,349.0,349.0,349.0,0.0,0.0
2018-11-01,349.0,349.0,349.0,349.0,0.0,0.0
2018-11-02,349.0,349.0,349.0,349.0,0.0,0.0
2018-11-05,349.0,349.0,349.0,349.0,0.0,0.0
2018-11-06,349.0,349.0,349.0,349.0,0.0,0.0
2018-11-07,349.0,349.0,349.0,349.0,0.0,0.0
2018-11-08,349.0,349.0,349.0,349.0,0.0,0.0
2018-11-09,349.0,349.0,349.0,349.0,0.0,0.0
2018-11-12,349.0,349.0,349.0,349.0,0.0,0.0
2018-11-13,349.0,349.0,349.0,349.0,0.0,0.0
2018-11-14,349.0,349.0,349.0,349.0,0.0,0.0
2018-11-15,349.0,349.0,349.0,349.0,0.0,0.0
2018-11-16,349.0,349.0,349.0,349.0,0.0,0.0
2018-11-19,349.0,349.0,349.0,349.0,0.0,0.0
2018-11-20,349.0,349.0,349.0,349.0,0.0,0.0
2018-11-21,349.0,349.0,349.0,349.0,0.0,0.0
2018-11-22,349.0,349.0,349.0,349.0,0.0,0.0
2018-11-23,349.0,349.0,349.0,349.0,0.0,0.0
2018-11-26,349.0,349.0,349.0,349.0,0.0,0.0
2018-11-27,349.0,349.0,349.0,349.0,0.0,0.0
2018-11-28,349.0,349.0,349.0,349.0,0.0,0.0
2018-11-29,349.0,349.0,349.0,349.0,0.0,0.0
2018-11-30,349.0,349.0,349.0,349.0,0.0,0.0
2018-12-03,349.0,349.0,349.0,349.0,0.0,0.0
2018-12-04,349.0,349.0,349.0,349.0,0.0,0.0
2018-12-05,349.0,349.0,349.0,349.0,0.0,0.0
2018-12-06,349.0,349.0,349.0,349.0,0.0,0.0
2018-12-07,349.0,349.0,349.0,349.0,0.0,0.0
2018-12-10,349.0,349.0,349.0,349.0,0.0,0.0
2018-12-11,349.0,349.0,349.0,349.0,0.0,0.0
2018-12-12,349.0,349.0,349.0,349.0,0.0,0.0
2018-12-13,349.0,349.0,349.0,349.0,0.0,0.0
2018-12-14,349.0,349.0,349.0,349.0,0.0,0.0
2018-12-17,349.0,349.0,349.0,349.0,0.0,0.0
2018-12-18,349.0,349.0,349.0,349.0,0.0,0.0
2018-12-19,349.0,349.0,349.0,349.0,0.0,0.0
2018-12-20,349.0,349.0,349.0,349.0,0.0,0.0
2018-12-21,349.0,349.0,349.0,349.0,0.0,0.0
2018-12-24,349.0,349.0,349.0,349.0,0.0,0.0
2018-12-27,349.0,349.0,349.0,349.0,0.0,0.0
2018-12-28,349.0,349.0,349.0,349.0,0.0,0.0
2018-12-31,349.0,349.0,349.0,349.0,0.0,0.0
2019-01-02,349.0,349.0,349.0,349.0,0.0,0.0
2019-01-03,349.0,349.0,349.0,349.0,0.0,0.0
2019-01-04,349.0,349.0,349.0,349.0,0.0,0.0
2019-01-07,349.0,349.0,349.0,349.0,0.0,0.0
2019-01-08,349.0,349.0,349.0,349.0,0.0,0.0
2019-01-09,349.0,349.0,349.0,349.0,0.0,0.0
2019-01-10,349.0,349.0,349.0,349.0,0.0,0.0
2019-01-11,349.0,349.0,349.0,349.0,0.0,0.0
2019-01-14,349.0,349.0,349.0,349.0,0.0,0.0
2019-01-15,349.0,349.0,349.0,349.0,0.0,0.0
2019-01-16,349.0,349.0,349.0,349.0,0.0,0.0
2019-01-17,349.0,349.0,349.0,349.0,0.0,0.0
2019-01-18,349.0,349.0,349.0,349.0,0.0,0.0
2019-01-21,349.0,349.0,349.0,349.0,0.0,0.0
2019-01-22,349.0,349.0,349.0,349.0,0.0,0.0
2019-01-23,349.0,349.0,349.0,349.0,0.0,0.0
2019-01-24,349.0,349.0,349.0,349.0,0.0,0.0
2019-01-25,349.0,349.0,349.0,349.0,0.0,0.0
2019-01-28,349.0,349.0,349.0,349.0,0.0,0.0
2019-01-29,349.0,349.0,349.0,349.0,0.0,0.0
2019-01-30,349.0,349.0,349.0,349.0,0.0,0.0
2019-01-31,349.0,349.0,349.0,349.0,0.0,0.0
2019-02-01,349.0,349.0,349.0,349.0,0.0,0.0
2019-02-04,349.0,349.0,349.0,349.0,0.0,0.0
2019-02-05,349.0,349.0,349.0,349.0,0.0,0.0
2019-02-06,349.0,349.0,349.0,349.0,0.0,0.0
2019-02-07,349.0,349.0,349.0,349.0,0.0,0.0
2019-02-08,349.0,349.0,349.0,349.0,0.0,0.0
2019-02-11,349.0,349.0,349.0,349.0,0.0,0.0
2019-02-12,349.0,349.0,349.0,349.0,0.0,0.0
2019-02-13,349.0,349.0,349.0,349.0,0.0,0.0
2019-02-14,349.0,349.0,349.0,349.0,0.0,0.0
2019-02-15,349.0,349.0,349.0,349.0,0.0,0.0
2019-02-18,349.0,349.0,349.0,349.0,0.0,0.0
2019-02-19,349.0,349.0,349.0,349.0,0.0,0.0
2019-02-20,349.0,349.0,349.0,349.0,0.0,0.0
2019-02-21,349.0,349.0,349.0,349.0,0.0,0.0
2019-02-22,349.0,349.0,349.0,349.0,0.0,0.0
2019-02-25,349.0,349.0,349.0,349.0,0.0,0.0
2019-02-26,349.0,349.0,349.0,349.0,0.0,0.0
2019-02-27,349.0,349.0,349.0,349.0,0.0,0.0
2019-02-28,349.0,349.0,349.0,349.0,0.0,0.0
2019-03-01,349.0,349.0,349.0,349.0,0.0,0.0
2019-03-04,349.0,349.0,349.0,349.0,0.0,0.0
2019-03-05,349.0,349.0,349.0,349.0,0.0,0.0
2019-03-06,349.0,349.0,349.0,349.0,0.0,0.0
2019-03-07,349.0,349.0,349.0,349.0,0.0,0.0
2019-03-08,349.0,349.0,349.0,349.0,0.0,0.0
2019-03-11,349.0,349.0,349.0,349.0,0.0,0.0
2019-03-12,349.0,349.0,349.0,349.0,0.0,0.0
2019-03-13,349.0,349.0,349.0,349.0,0.0,0.0
2019-03-14,349.0,349.0,349.0,349.0,0.0,0.0
2019-03-15,349.0,349.0,349.0,349.0,0.0,0.0
2019-03-18,349.0,349.0,349.0,349.0,0.0,0.0
2019-03-19,349.0,349.0,349.0,349.0,0.0,0.0
2019-03-20,349.0,349.0,349.0,349.0,0.0,0.0
2019-03-21,349.0,349.0,349.0,349.0,0.0,0.0
2019-03-22,349.0,349.0,349.0,349.0,0.0,0.0
2019-03-25,349.0,349.0,349.0,349.0,0.0,0.0
2019-03-26,349.0,349.0,349.0,349.0,0.0,0.0
2019-03-27,349.0,349.0,349.0,349.0,0.0,0.0
2019-03-28,349.0,349.0,349.0,349.0,0.0,0.0
2019-03-29,349.0,349.0,349.0,349.0,0.0,0.0
2019-04-01,349.0,349.0,349.0,349.0,0.0,0.0
2019-04-02,349.0,349.0,349.0,349.0,0.0,0.0
2019-04-03,349.0,349.0,349.0,349.0,0.0,0.0
2019-04-04,349.0,349.0,349.0,349.0,0.0,0.0
2019-04-05,349.0,349.0,349.0,349.0,0.0,0.0
2019-04-08,349.0,349.0,349.0,349.0,0.0,0.0
2019-04-09,349.0,349.0,349.0,349.0,0.0,0.0
2019-04-10,349.0,349.0,349.0,349.0,0.0,0.0
2019-04-11,349.0,349.0,349.0,349.0,0.0,0.0
2019-04-12,349.0,349.0,349.0,349.0,0.0,0.0
2019-04-15,349.0,349.0,349.0,349.0,0.0,0.0
2019-04-16,349.0,349.0,349.0,349.0,0.0,0.0
2019-04-17,349.0,349.0,349.0,349.0,0.0,0.0
2019-04-18,349.0,349.0,349.0,349.0,0.0,0.0
2019-04-23,349.0,349.0,349.0,349.0,0.0,0.0
2019-04-24,349.0,349.0,349.0,349.0,0.0,0.0
2019-04-25,349.0,349.0,349.0,349.0,0.0,0.0
2019-04-26,349.0,349.0,349.0,349.0,0.0,0.0
2019-04-29,349.0,349.0,349.0,349.0,0.0,0.0
2019-04-30,349.0,349.0,349.0,349.0,0.0,0.0
2019-05-01,349.0,349.0,349.0,349.0,0.0,0.0
2019-05-02,349.0,349.0,349.0,349.0,0.0,0.0
2019-05-03,349.0,349.0,349.0,349.0,0.0,0.0
2019-05-06,349.0,349.0,349.0,349.0,0.0,0.0
2019-05-07,349.0,349.0,349.0,349.0,0.0,0.0
2019-05-08,349.0,349.0,349.0,349.0,0.0,0.0
2019-05-09,349.0,349.0,349.0,349.0,0.0,0.0
2019-05-10,349.0,349.0,349.0,349.0,0.0,0.0
2019-05-13,349.0,349.0,349.0,349.0,0.0,0.0
2019-05-14,349.0,349.0,349.0,349.0,0.0,0.0
2019-05-15,349.0,349.0,349.0,349.0,0.0,0.0
2019-05-16,349.0,349.0,349.0,349.0,0.0,0.0
2019-05-17,349.0,349.0,349.0,349.0,0.0,0.0
2019-05-20,349.0,349.0,349.0,349.0,0.0,0.0
2019-05-21,349.0,349.0,349.0,349.0,0.0,0.0
2019-05-22,349.0,349.0,349.0,349.0,0.0,0.0
2019-05-23,349.0,349.0,349.0,349.0,0.0,0.0
2019-05-24,349.0,349.0,349.0,349.0,0.0,0.0
2019-05-27,349.0,349.0,349.0,349.0,0.0,0.0
2019-05-28,349.0,349.0,349.0,349.0,0.0,0.0
2019-05-29,349.0,349.0,349.0,349.0,0.0,0.0
2019-05-30,349.0,349.0,349.0,349.0,0.0,0.0
2019-05-31,349.0,349.0,349.0,349.0,0.0,0.0
2019-06-03,349.0,349.0,349.0,349.0,0.0,0.0
2019-06-04,349.0,349.0,349.0,349.0,0.0,0.0
2019-06-05,349.0,349.0,349.0,349.0,0.0,0.0
2019-06-06,349.0,349.0,349.0,349.0,0.0,0.0
2019-06-07,349.0,349.0,349.0,349.0,0.0,0.0
2019-06-10,349.0,349.0,349.0,349.0,0.0,0.0
2019-06-11,349.0,349.0,349.0,349.0,0.0,0.0
2019-06-12,349.0,349.0,349.0,349.0,0.0,0.0
2019-06-13,349.0,349.0,349.0,349.0,0.0,0.0
2019-06-14,349.0,349.0,349.0,349.0,0.0,0.0
2019-06-17,349.0,349.0,349.0,349.0,0.0,0.0
2019-06-18,349.0,349.0,349.0,349.0,0.0,0.0
2019-06-19,349.0,349.0,349.0,349.0,0.0,0.0
2019-06-20,349.0,349.0,349.0,349.0,0.0,0.0
2019-06-21,349.0,349.0,349.0,349.0,0.0,0.0
2019-06-24,349.0,349.0,349.0,349.0,0.0,0.0
2019-06-25,349.0,349.0,349.0,349.0,0.0,0.0
2019-06-26,349.0,349.0,349.0,349.0,0.0,0.0
2019-06-27,349.0,349.0,349.0,349.0,0.0,0.0
2019-06-28,349.0,349.0,349.0,349.0,0.0,0.0
2019-07-01,349.0,349.0,349.0,349.0,0.0,0.0
2019-07-02,349.0,349.0,349.0,349.0,0.0,0.0
2019-07-03,349.0,349.0,349.0,349.0,0.0,0.0
2019-07-04,349.0,349.0,349.0,349.0,0.0,0.0
2019-07-05,349.0,349.0,349.0,349.0,0.0,0.0
2019-07-08,349.0,349.0,349.0,349.0,0.0,0.0
2019-07-09,349.0,349.0,349.0,349.0,0.0,0.0
2019-07-10,349.0,349.0,349.0,349.0,0.0,0.0
2019-07-11,349.0,349.0,349.0,349.0,0.0,0.0
2019-07-12,349.0,349.0,349.0,349.0,0.0,0.0
2019-07-15,349.0,349.0,349.0,349.0,0.0,0.0
2019-07-16,349.0,349.0,349.0,349.0,0.0,0.0
2019-07-17,349.0,349.0,349.0,349.0,0.0,0.0
2019-07-18,349.0,349.0,349.0,349.0,0.0,0.0
2019-07-19,349.0,349.0,349.0,349.0,0.0,0.0
2019-07-22,349.0,349.0,349.0,349.0,0.0,0.0
2019-07-23,349.0,349.0,349.0,349.0,0.0,0.0
2019-07-24,349.0,349.0,349.0,349.0,0.0,0.0
2019-07-25,349.0,349.0,349.0,349.0,0.0,0.0
2019-07-26,349.0,349.0,349.0,349.0,0.0,0.0
2019-07-29,349.0,349.0,349.0,349.0,0.0,0.0
2019-07-30,349.0,349.0,349.0,349.0,0.0,0.0
2019-07-31,349.0,349.0,349.0,349.0,0.0,0.0
2019-08-01,349.0,349.0,349.0,349.0,0.0,0.0
2019-08-02,349.0,349.0,349.0,349.0,0.0,0.0
2019-08-05,349.0,349.0,349.0,349.0,0.0,0.0
2019-08-06,349.0,349.0,349.0,349.0,0.0,0.0
2019-08-07,349.0,349.0,349.0,349.0,0.0,0.0
2019-08-08,349.0,349.0,349.0,349.0,0.0,0.0
2019-08-09,349.0,349.0,349.0,349.0,0.0,0.0
2019-08-12,349.0,349.0,349.0,349.0,0.0,0.0
2019-08-13,349.0,349.0,349.0,349.0,0.0,0.0
2019-08-14,349.0,349.0,349.0,349.0,0.0,0.0
2019-08-15,349.0,349.0,349.0,349.0,0.0,0.0
2019-08-16,349.0,349.0,349.0,349.0,0.0,0.0
2019-08-19,349.0,349.0,349.0,349.0,0.0,0.0
2019-08-20,349.0,349.0,349.0,349.0,0.0,0.0
2019-08-21,349.0,349.0,349.0,349.0,0.0,0.0
2019-08-22,349.0,349.0,349.0,349.0,0.0,0.0
2019-08-23,349.0,349.0,349.0,349.0,0.0,0.0
2019-08-26,349.0,349.0,349.0,349.0,0.0,0.0
2019-08-27,349.0,349.0,349.0,349.0,0.0,0.0
2019-08-28,349.0,349.0,349.0,349.0,0.0,0.0
2019-08-29,349.0,349.0,349.0,349.0,0.0,0.0
2019-08-30,349.0,349.0,349.0,349.0,0.0,0.0
2019-09-02,349.0,349.0,349.0,349.0,0.0,0.0
2019-09-03,349.0,349.0,349.0,349.0,0.0,0.0
2019-09-04,349.0,349.0,349.0,349.0,0.0,0.0
2019-09-05,349.0,349.0,349.0,349.0,0.0,0.0
2019-09-06,349.0,349.0,349.0,349.0,0.0,0.0
2019-09-09,349.0,349.0,349.0,349.0,0.0,0.0
2019-09-10,349.0,349.0,349.0,349.0,0.0,0.0
2019-09-11,349.0,349.0,349.0,349.0,0.0,0.0
2019-09-12,349.0,349.0,349.0,349.0,0.0,0.0
2019-09-13,349.0,349.0,349.0,349.0,0.0,0.0
2019-09-16,349.0,349.0,349.0,349.0,0.0,0.0
2019-09-17,349.0,349.0,349.0,349.0,0.0,0.0
2019-09-18,349.0,349.0,349.0,349.0,0.0,0.0
2019-09-19,349.0,349.0,349.0,349.0,0.0,0.0
2019-09-20,349.0,349.0,349.0,349.0,0.0,0.0
2019-09-23,349.0,349.0,349.0,349.0,0.0,0.0
2019-09-24,349.0,349.0,349.0,349.0,0.0,0.0
2019-09-25,349.0,349.0,349.0,349.0,0.0,0.0
2019-09-26,349.0,349.0,349.0,349.0,0.0,0.0
2019-09-27,349.0,349.0,349.0,349.0,0.0,0.0
2019-09-30,349.0,349.0,349.0,349.0,0.0,0.0
2019-10-01,349.0,349.0,349.0,349.0,0.0,0.0
2019-10-02,349.0,349.0,349.0,349.0,0.0,0.0
2019-10-03,349.0,349.0,349.0,349.0,0.0,0.0
2019-10-04,349.0,349.0,349.0,349.0,0.0,0.0
2019-10-07,349.0,349.0,349.0,349.0,0.0,0.0
2019-10-08,349.0,349.0,349.0,349.0,0.0,0.0
2019-10-09,349.0,349.0,349.0,349.0,0.0,0.0
2019-10-10,349.0,349.0,349.0,349.0,0.0,0.0
2019-10-11,349.0,349.0,349.0,349.0,0.0,0.0
2019-10-14,349.0,349.0,349.0,349.0,0.0,0.0
2019-10-15,349.0,349.0,349.0,349.0,0.0,0.0
2019-10-16,349.0,349.0,349.0,349.0,0.0,0.0
2019-10-17,349.0,349.0,349.0,349.0,0.0,0.0
2019-10-18,349.0,349.0,349.0,349.0,0.0,0.0
2019-10-21,349.0,349.0,349.0,349.0,0.0,0.0
2019-10-22,349.0,349.0,349.0,349.0,0.0,0.0
2019-10-23,349.0,349.0,349.0,349.0,0.0,0.0
2019-10-24,349.0,349.0,349.0,349.0,0.0,0.0
2019-10-25,349.0,349.0,349.0,349.0,0.0,0.0
2019-10-28,349.0,349.0,349.0,349.0,0.0,0.0
2019-10-29,349.0,349.0,349.0,349.0,0.0,0.0
2019-10-30,349.0,349.0,349.0,349.0,0.0,0.0
2019-10-31,349.0,349.0,349.0,349.0,0.0,0.0
2019-11-01,349.0,349.0,349.0,349.0,0.0,0.0
2019-11-04,349.0,349.0,349.0,349.0,0.0,0.0
2019-11-05,349.0,349.0,349.0,349.0,0.0,0.0
2019-11-06,349.0,349.0,349.0,349.0,0.0,0.0
2019-11-07,349.0,349.0,349.0,349.0,0.0,0.0
2019-11-08,349.0,349.0,349.0,349.0,0.0,0.0
2019-11-11,349.0,349.0,349.0,349.0,0.0,0.0
2019-11-12,349.0,349.0,349.0,349.0,0.0,0.0
2019-11-13,349.0,349.0,349.0,349.0,0.0,0.0
2019-11-14,349.0,349.0,349.0,349.0,0.0,0.0
2019-11-15,349.0,349.0,349.0,349.0,0.0,0.0
2019-11-18,349.0,349.0,349.0,349.0,0.0,0.0
2019-11-19,349.0,349.0,349.0,349.0,0.0,0.0
2019-11-20,349.0,349.0,349.0,349.0,0.0,0.0
2019-11-21,349.0,349.0,349.0,349.0,0.0,0.0
2019-11-22,349.0,349.0,349.0,349.0,0.0,0.0
2019-11-25,349.0,349.0,349.0,349.0,0.0,0.0
2019-11-26,349.0,349.0,349.0,349.0,0.0,0.0
2019-11-27,349.0,349.0,349.0,349.0,0.0,0.0
2019-11-28,349.0,349.0,349.0,349.0,0.0,0.0
2019-11-29,349.0,349.0,349.0,349.0,0.0,0.0
2019-12-02,349.0,349.0,349.0,349.0,0.0,0.0
2019-12-03,349.0,349.0,349.0,349.0,0.0,0.0
2019-12-04,349.0,349.0,349.0,349.0,0.0,0.0
2019-12-05,349.0,349.0,349.0,349.0,0.0,0.0
2019-12-06,349.0,349.0,349.0,349.0,0.0,0.0
2019-12-09,349.0,349.0,349.0,349.0,0.0,0.0
2019-12-10,349.0,349.0,349.0,349.0,0.0,0.0
2019-12-11,349.0,349.0,349.0,349.0,0.0,0.0
2019-12-12,349.0,349.0,349.0,349.0,0.0,0.0
2019-12-13,349.0,349.0,349.0,349.0,0.0,0.0
2019-12-16,349.0,349.0,349.0,349.0,0.0,0.0
2019-12-17,349.0,349.0,349.0,349.0,0.0,0.0
2019-12-18,349.0,349.0,349.0,349.0,0.0,0.0
2019-12-19,349.0,349.0,349.0,349.0,0.0,0.0
2019-12-20,349.0,349.0,349.0,349.0,0.0,0.0
2019-12-23,349.0,349.0,349.0,349.0,0.0,0.0
2019-12-24,349.0,349.0,349.0,349.0,0.0,0.0
2019-12-27,349.0,349.0,349.0,349.0,0.0,0.0
2019-12-30,349.0,349.0,349.0,349.0,0.0,0.0
2019-12-31,349.0,349.0,349.0,349.0,0.0,0.0
2020-01-02,349.0,349.0,349.0,349.0,0.0,0.0
2020-01-03,349.0,349.0,349.0,349.0,0.0,0.0
2020-01-06,349.0,349.0,349.0,349.0,0.0,0.0
2020-01-07,349.0,349.0,349.0,349.0,0.0,0.0
2020-01-08,349.0,349.0,349.0,349.0,0.0,0.0
2020-01-09,349.0,349.0,349.0,349.0,0.0,0.0
2020-01-10,349.0,349.0,349.0,349.0,0.0,0.0
2020-01-13,349.0,349.0,349.0,349.0,0.0,0.0
2020-01-14,349.0,349.0,349.0,349.0,0.0,0.0
2020-01-15,349.0,349.0,349.0,349.0,0.0,0.0
2020-01-16,349.0,349.0,349.0,349.0,0.0,0.0
2020-01-17,349.0,349.0,349.0,349.0,0.0,0.0
2020-01-20,349.0,349.0,349.0,349.0,0.0,0.0
2020-01-21,349.0,349.0,349.0,349.0,0.0,0.0
2020-01-22,349.0,349.0,349.0,349.0,0.0,0.0
2020-01-23,349.0,349.0,349.0,349.0,0.0,0.0
2020-01-24,349.0,349.0,349.0,349.0,0.0,0.0
2020-01-27,349.0,349.0,349.0,349.0,0.0,0.0
2020-01-28,349.0,349.0,349.0,349.0,0.0,0.0
2020-01-29,349.0,349.0,349.0,349.0,0.0,0.0
2020-01-30,349.0,349.0,349.0,349.0,0.0,0.0
2020-01-31,349.0,349.0,349.0,349.0,0.0,0.0
2020-02-03,349.0,349.0,349.0,349.0,0.0,0.0
2020-02-04,349.0,349.0,349.0,349.0,0.0,0.0
2020-02-05,349.0,349.0,349.0,349.0,0.0,0.0
2020-02-06,349.0,349.0,349.0,349.0,0.0,0.0
2020-02-07,349.0,349.0,349.0,349.0,0.0,0.0
2020-02-10,349.0,349.0,349.0,349.0,0.0,0.0
2020-02-11,349.0,349.0,349.0,349.0,0.0,0.0
2020-02-12,349.0,349.0,349.0,349.0,0.0,0.0
2020-02-13,349.0,349.0,349.0,349.0,0.0,0.0
2020-02-14,349.0,349.0,349.0,349.0,0.0,0.0
2020-02-17,349.0,349.0,349.0,349.0,0.0,0.0
2020-02-18,349.0,349.0,349.0,349.0,0.0,0.0
2020-02-19,349.0,349.0,349.0,349.0,0.0,0.0
2020-02-20,349.0,349.0,349.0,349.0,0.0,0.0
2020-02-21,349.0,349.0,349.0,349.0,0.0,0.0
2020-02-24,349.0,349.0,349.0,349.0,0.0,0.0
2020-02-25,349.0,349.0,349.0,349.0,0.0,0.0
2020-02-26,349.0,349.0,349.0,349.0,0.0,0.0
2020-02-27,349.0,349.0,349.0,349.0,0.0,0.0
2020-02-28,349.0,349.0,349.0,349.0,0.0,0.0
2020-03-02,349.0,349.0,349.0,349.0,0.0,0.0
2020-03-03,349.0,349.0,349.0,349.0,0.0,0.0
2020-03-04,349.0,349.0,349.0,349.0,0.0,0.0
2020-03-05,349.0,349.0,349.0,349.0,0.0,0.0
2020-03-06,349.0,349.0,349.0,349.0,0.0,0.0
2020-03-09,349.0,349.0,349.0,349.0,0.0,0.0
2020-03-10,349.0,349.0,349.0,349.0,0.0,0.0
2020-03-11,349.0,349.0,349.0,349.0,0.0,0.0
2020-03-12,349.0,349.0,349.0,349.0,0.0,0.0
2020-03-13,349.0,349.0,349.0,349.0,0.0,0.0
2020-03-16,349.0,349.0,349.0,349.0,0.0,0.0
2020-03-17,349.0,349.0,349.0,349.0,0.0,0.0
2020-03-18,349.0,349.0,349.0,349.0,0.0,0.0
2020-03-19,349.0,349.0,349.0,349.0,0.0,0.0
2020-03-20,349.0,349.0,349.0,349.0,0.0,0.0
2020-03-23,349.0,349.0,349.0,349.0,0.0,0.0
2020-03-24,349.0,349.0,349.0,349.0,0.0,0.0
2020-03-25,349.0,349.0,349.0,349.0,0.0,0.0
2020-03-26,349.0,349.0,349.0,349.0,0.0,0.0
2020-03-27,349.0,349.0,349.0,349.0,0.0,0.0
2020-03-30,349.0,349.0,349.0,349.0,0.0,0.0
2020-03-31,349.0,349.0,349.0,349.0,0.0,0.0
2020-04-01,349.0,349.0,349.0,349.0,0.0,0.0
2020-04-02,349.0,349.0,349.0,349.0,0.0,0.0
2020-04-03,349.0,349.0,349.0,349.0,0.0,0.0
2020-04-06,349.0,349.0,349.0,349.0,0.0,0.0
2020-04-07,349.0,349.0,349.0,349.0,0.0,0.0
2020-04-08,349.0,349.0,349.0,349.0,0.0,0.0
2020-04-09,349.0,349.0,349.0,349.0,0.0,0.0
2020-04-14,349.0,349.0,349.0,349.0,0.0,0.0
2020-04-15,349.0,349.0,349.0,349.0,0.0,0.0
2020-04-16,349.0,349.0,349.0,349.0,0.0,0.0
2020-04-17,349.0,349.0,349.0,349.0,0.0,0.0
2020-04-20,349.0,349.0,349.0,349.0,0.0,0.0
2020-04-21,349.0,349.0,349.0,349.0,0.0,0.0
2020-04-22,349.0,349.0,349.0,349.0,0.0,0.0
2020-04-23,349.0,349.0,349.0,349.0,0.0,0.0
2020-04-24,349.0,349.0,349.0,349.0,0.0,0.0
2020-04-27,349.0,349.0,349.0,349.0,0.0,0.0
2020-04-28,349.0,349.0,349.0,349.0,0.0,0.0
2020-04-29,349.0,349.0,349.0,349.0,0.0,0.0
2020-04-30,349.0,349.0,349.0,349.0,0.0,0.0
2020-05-01,349.0,349.0,349.0,349.0,0.0,0.0
2020-05-04,349.0,349.0,349.0,349.0,0.0,0.0
2020-05-05,349.0,349.0,349.0,349.0,0.0,0.0
2020-05-06,349.0,349.0,349.0,349.0,0.0,0.0
2020-05-07,349.0,349.0,349.0,349.0,0.0,0.0
2020-05-08,349.0,349.0,349.0,349.0,0.0,0.0
2020-05-11,349.0,349.0,349.0,349.0,0.0,0.0
2020-05-12,349.0,349.0,349.0,349.0,0.0,0.0
2020-05-13,349.0,349.0,349.0,349.0,0.0,0.0
2020-05-14,349.0,349.0,349.0,349.0,0.0,0.0
2020-05-15,349.0,349.0,349.0,349.0,0.0,0.0
2020-05-18,349.0,349.0,349.0,349.0,0.0,0.0
2020-05-19,349.0,349.0,349.0,349.0,0.0,0.0
2020-05-20,349.0,349.0,349.0,349.0,0.0,0.0
2020-05-21,349.0,349.0,349.0,349.0,0.0,0.0
2020-05-22,349.0,349.0,349.0,349.0,0.0,0.0
2020-05-25,349.0,349.0,349.0,349.0,0.0,0.0
2020-05-26,349.0,349.0,349.0,349.0,0.0,0.0
2020-05-27,349.0,349.0,349.0,349.0,0.0,0.0
2020-05-28,349.0,349.0,349.0,349.0,0.0,0.0
2020-05-29,349.0,349.0,349.0,349.0,0.0,0.0
2020-06-01,349.0,349.0,349.0,349.0,0.0,0.0
2020-06-02,349.0,349.0,349.0,349.0,0.0,0.0
2020-06-03,349.0,349.0,349.0,349.0,0.0,0.0
2020-06-04,349.0,349.0,349.0,349.0,0.0,0.0
2020-06-05,349.0,349.0,349.0,349.0,0.0,0.0
2020-06-08,349.0,349.0,349.0,349.0,0.0,0.0
2020-06-09,349.0,349.0,349.0,349.0,0.0,0.0
2020-06-10,349.0,349.0,349.0,349.0,0.0,0.0
2020-06-11,349.0,349.0,349.0,349.0,0.0,0.0
2020-06-12,349.0,349.0,349.0,349.0,0.0,0.0
2020-06-15,349.0,349.0,349.0,349.0,0.0,0.0
2020-06-16,349.0,349.0,349.0,349.0,0.0,0.0
2020-06-17,349.0,349.0,349.0,349.0,0.0,0.0
2020-06-18,349.0,349.0,349.0,349.0,0.0,0.0
2020-06-19,349.0,349.0,349.0,349.0,0.0,0.0
2020-06-22,349.0,349.0,349.0,349.0,0.0,0.0
2020-06-23,349.0,349.0,349.0,349.0,0.0,0.0
2020-06-24,349.0,349.0,349.0,349.0,0.0,0.0
2020-06-25,349.0,349.0,349.0,349.0,0.0,0.0
2020-06-26,349.0,349.0,349.0,349.0,0.0,0.0
2020-06-29,349.0,349.0,349.0,349.0,0.0,0.0
2020-06-30,349.0,349.0,349.0,349.0,0.0,0.0
2020-07-01,349.0,349.0,349.0,349.0,0.0,0.0
2020-07-02,349.0,349.0,349.0,349.0,0.0,0.0
2020-07-03,349.0,349.0,349.0,349.0,0.0,0.0
2020-07-06,349.0,349.0,349.0,349.0,0.0,0.0
2020-07-07,349.0,349.0,349.0,349.0,0.0,0.0
2020-07-08,349.0,349.0,349.0,349.0,0.0,0.0
2020-07-09,349.0,349.0,349.0,349.0,0.0,0.0
2020-07-10,349.0,349.0,349.0,349.0,0.0,0.0
2020-07-13,349.0,349.0,349.0,349.0,0.0,0.0
2020-07-14,349.0,349.0,349.0,349.0,0.0,0.0
2020-07-15,349.0,349.0,349.0,349.0,0.0,0.0
2020-07-16,349.0,349.0,349.0,349.0,0.0,0.0
2020-07-17,349.0,349.0,349.0,349.0,0.0,0.0
2020-07-20,349.0,349.0,349.0,349.0,0.0,0.0
2020-07-21,349.0,349.0,349.0,349.0,0.0,0.0
2020-07-22,349.0,349.0,349.0,349.0,0.0,0.0
2020-07-23,349.0,349.0,349.0,349.0,0.0,0.0
2020-07-24,349.0,349.0,349.0,349.0,0.0,0.0
2020-07-27,349.0,349.0,349.0,349.0,0.0,0.0
2020-07-28,349.0,349.0,349.0,349.0,0.0,0.0
2020-07-29,349.0,349.0,349.0,349.0,0.0,0.0
2020-07-30,349.0,349.0,349.0,349.0,0.0,0.0
2020-07-31,349.0,349.0,349.0,349.0,0.0,0.0
2020-08-03,349.0,349.0,349.0,349.0,0.0,0.0
2020-08-04,349.0,349.0,349.0,349.0,0.0,0.0
2020-08-05,349.0,349.0,349.0,349.0,0.0,0.0
2020-08-06,349.0,349.0,349.0,349.0,0.0,0.0
2020-08-07,349.0,349.0,349.0,349.0,0.0,0.0
2020-08-10,349.0,349.0,349.0,349.0,0.0,0.0
2020-08-11,349.0,349.0,349.0,349.0,0.0,0.0
2020-08-12,349.0,349.0,349.0,349.0,0.0,0.0
2020-08-13,349.0,349.0,349.0,349.0,0.0,0.0
2020-08-14,349.0,349.0,349.0,349.0,0.0,0.0
2020-08-17,349.0,349.0,349.0,349.0,0.0,0.0
2020-08-18,349.0,349.0,349.0,349.0,0.0,0.0
2020-08-19,349.0,349.0,349.0,349.0,0.0,0.0
2020-08-20,349.0,349.0,349.0,349.0,0.0,0.0
2020-08-21,349.0,349.0,349.0,349.0,0.0,0.0
2020-08-24,349.0,349.0,349.0,349.0,0.0,0.0
2020-08-25,349.0,349.0,349.0,349.0,0.0,0.0
2020-08-26,349.0,349.0,349.0,349.0,0.0,0.0
2020-08-27,349.0,349.0,349.0,349.0,0.0,0.0
2020-08-28,349.0,349.0,349.0,349.0,0.0,0.0
2020-08-31,349.0,349.0,349.0,349.0,0.0,0.0
2020-09-01,349.0,349.0,349.0,349.0,0.0,0.0
2020-09-02,349.0,349.0,349.0,349.0,0.0,0.0
2020-09-03,349.0,349.0,349.0,349.0,0.0,0.0
2020-09-04,349.0,349.0,349.0,349.0,0.0,0.0
2020-09-07,349.0,349.0,349.0,349.0,0.0,0.0
2020-09-08,349.0,349.0,349.0,349.0,0.0,0.0
2020-09-09,349.0,349.0,349.0,349.0,0.0,0.0
2020-09-10,349.0,349.0,349.0,349.0,0.0,0.0
2020-09-11,349.0,349.0,349.0,349.0,0.0,0.0
2020-09-14,349.0,349.0,349.0,349.0,0.0,0.0
2020-09-15,349.0,349.0,349.0,349.0,0.0,0.0
2020-09-16,349.0,349.0,349.0,349.0,0.0,0.0
2020-09-17,349.0,349.0,349.0,349.0,0.0,0.0
2020-09-18,349.0,349.0,349.0,349.0,0.0,0.0
2020-09-21,349.0,349.0,349.0,349.0,0.0,0.0
2020-09-22,349.0,349.0,349.0,349.0,0.0,0.0
2020-09-23,349.0,349.0,349.0,349.0,0.0,0.0
2020-09-24,349.0,349.0,349.0,349.0,0.0,0.0
2020-09-25,349.0,349.0,349.0,349.0,0.0,0.0
2020-09-28,349.0,349.0,349.0,349.0,0.0,0.0
2020-09-29,349.0,349.0,349.0,349.0,0.0,0.0
2020-09-30,349.0,349.0,349.0,349.0,0.0,0.0
2020-10-01,349.0,349.0,349.0,349.0,0.0,0.0
2020-10-02,349.0,349.0,349.0,349.0,0.0,0.0
2020-10-05,349.0,349.0,349.0,349.0,0.0,0.0
2020-10-06,349.0,349.0,349.0,349.0,0.0,0.0
2020-10-07,349.0,349.0,349.0,349.0,0.0,0.0
2020-10-08,349.0,349.0,349.0,349.0,0.0,0.0
2020-10-09,349.0,349.0,349.0,349.0,0.0,0.0
2020-10-12,349.0,349.0,349.0,349.0,0.0,0.0
2020-10-13,349.0,349.0,349.0,349.0,0.0,0.0
2020-10-14,349.0,349.0,349.0,349.0,0.0,0.0
2020-10-15,349.0,349.0,349.0,349.0,0.0,0.0
2020-10-16,349.0,349.0,349.0,349.0,0.0,0.0
2020-10-19,349.0,349.0,349.0,349.0,0.0,0.0
2020-10-20,349.0,349.0,349.0,349.0,0.0,0.0
2020-10-21,349.0,349.0,349.0,349.0,0.0,0.0
2020-10-22,349.0,349.0,349.0,349.0,0.0,0.0
2020-10-23,349.0,349.0,349.0,349.0,0.0,0.0
2020-10-26,349.0,349.0,349.0,349.0,0.0,0.0
2020-10-27,349.0,349.0,349.0,349.0,0.0,0.0
2020-10-28,349.0,349.0,349.0,349.0,0.0,0.0
2020-10-29,349.0,349.0,349.0,349.0,0.0,0.0
2020-10-30,349.0,349.0,349.0,349.0,0.0,0.0
2020-11-02,349.0,349.0,349.0,349.0,0.0,0.0
2020-11-03,349.0,349.0,349.0,349.0,0.0,0.0
2020-11-04,349.0,349.0,349.0,349.0,0.0,0.0
2020-11-05,349.0,349.0,349.0,349.0,0.0,0.0
2020-11-06,349.0,349.0,349.0,349.0,0.0,0.0
2020-11-09,349.0,349.0,349.0,349.0,0.0,0.0
2020-11-10,349.0,349.0,349.0,349.0,0.0,0.0
2020-11-11,349.0,349.0,349.0,349.0,0.0,0.0
2020-11-12,349.0,349.0,349.0,349.0,0.0,0.0
2020-11-13,349.0,349.0,349.0,349.0,0.0,0.0
2020-11-16,349.0,349.0,349.0,349.0,0.0,0.0
2020-11-17,349.0,349.0,349.0,349.0,0.0,0.0
2020-11-18,349.0,349.0,349.0,349.0,0.0,0.0
2020-11-19,349.0,349.0,349.0,349.0,0.0,0.0
2020-11-20,349.0,349.0,349.0,349.0,0.0,0.0
2020-11-23,349.0,349.0,349.0,349.0,0.0,0.0
2020-11-24,349.0,349.0,349.0,349.0,0.0,0.0
2020-11-25,349.0,349.0,349.0,349.0,0.0,0.0
2020-11-26,349.0,349.0,349.0,349.0,0.0,0.0
2020-11-27,349.0,349.0,349.0,349.0,0.0,0.0
2020-11-30,349.0,349.0,349.0,349.0,0.0,0.0
2020-12-01,349.0,349.0,349.0,349.0,0.0,0.0
2020-12-02,349.0,349.0,349.0,349.0,0.0,0.0
2020-12-03,349.0,349.0,349.0,349.0,0.0,0.0
2020-12-04,349.0,349.0,349.0,349.0,0.0,0.0
2020-12-07,349.0,349.0,349.0,349.0,0.0,0.0
2020-12-08,349.0,349.0,349.0,349.0,0.0,0.0
2020-12-09,349.0,349.0,349.0,349.0,0.0,0.0
2020-12-10,349.0,349.0,349.0,349.0,0.0,0.0
2020-12-11,349.0,349.0,349.0,349.0,0.0,0.0
2020-12-14,349.0,349.0,349.0,349.0,0.0,0.0
2020-12-15,349.0,349.0,349.0,349.0,0.0,0.0
2020-12-16,349.0,349.0,349.0,349.0,0.0,0.0
2020-12-17,349.0,349.0,349.0,349.0,0.0,0.0
2020-12-18,349.0,349.0,349.0,349.0,0.0,0.0
2020-12-21,349.0,349.0,349.0,349.0,0.0,0.0
2020-12-22,349.0,349.0,349.0,349.0,0.0,0.0
2020-12-23,349.0,349.0,349.0,349.0,0.0,0.0
2020-12-24,349.0,349.0,349.0,349.0,0.0,0.0
2020-12-28,349.0,349.0,349.0,349.0,0.0,0.0
2020-12-29,349.0,349.0,349.0,349.0,0.0,0.0
2020-12-30,349.0,349.0,349.0,349.0,0.0,0.0
2020-12-31,349.0,349.0,349.0,349.0,0.0,0.0
2021-01-04,349.0,349.0,349.0,349.0,0.0,0.0
2021-01-05,349.0,349.0,349.0,349.0,0.0,0.0
2021-01-06,349.0,349.0,349.0,349.0,0.0,0.0
2021-01-07,349.0,349.0,349.0,349.0,0.0,0.0
2021-01-08,349.0,349.0,349.0,349.0,0.0,0.0
2021-01-11,349.0,349.0,349.0,349.0,0.0,0.0
2021-01-12,349.0,349.0,349.0,349.0,0.0,0.0
2021-01-13,349.0,349.0,349.0,349.0,0.0,0.0
2021-01-14,349.0,349.0,349.0,349.0,0.0,0.0
2021-01-15,349.0,349.0,349.0,349.0,0.0,0.0
2021-01-18,349.0,349.0,349.0,349.0,0.0,0.0
2021-01-19,349.0,349.0,349.0,349.0,0.0,0.0
2021-01-20,349.0,349.0,349.0,349.0,0.0,0.0
2021-01-21,349.0,349.0,349.0,349.0,0.0,0.0
2021-01-22,349.0,349.0,349.0,349.0,0.0,0.0
2021-01-25,349.0,349.0,349.0,349.0,0.0,0.0
2021-01-26,349.0,349.0,349.0,349.0,0.0,0.0
2021-01-27,349.0,349.0,349.0,349.0,0.0,0.0
2021-01-28,349.0,349.0,349.0,349.0,0.0,0.0
2021-01-29,349.0,349.0,349.0,349.0,0.0,0.0
2021-02-01,349.0,349.0,349.0,349.0,0.0,0.0
2021-02-02,349.0,349.0,349.0,349.0,0.0,0.0
2021-02-03,349.0,349.0,349.0,349.0,0.0,0.0
2021-02-04,349.0,349.0,349.0,349.0,0.0,0.0
2021-02-05,349.0,349.0,349.0,349.0,0.0,0.0
2021-02-08,349.0,349.0,349.0,349.0,0.0,0.0
2021-02-09,349.0,349.0,349.0,349.0,0.0,0.0
2021-02-10,349.0,349.0,349.0,349.0,0.0,0.0
2021-02-11,349.0,349.0,349.0,349.0,0.0,0.0
2021-02-12,349.0,349.0,349.0,349.0,0.0,0.0
2021-02-15,349.0,349.0,349.0,349.0,0.0,0.0
2021-02-16,349.0,349.0,349.0,349.0,0.0,0.0
2021-02-17,349.0,349.0,349.0,349.0,0.0,0.0
2021-02-18,349.0,349.0,349.0,349.0,0.0,0.0
2021-02-19,349.0,349.0,349.0,349.0,0.0,0.0
2021-02-22,349.0,349.0,349.0,349.0,0.0,0.0
2021-02-23,349.0,349.0,349.0,349.0,0.0,0.0
2021-02-24,349.0,349.0,349.0,349.0,0.0,0.0
2021-02-25,349.0,349.0,349.0,349.0,0.0,0.0
2021-02-26,349.0,349.0,349.0,349.0,0.0,0.0
2021-03-01,349.0,349.0,349.0,349.0,0.0,0.0
2021-03-02,349.0,349.0,349.0,349.0,0.0,0.0
2021-03-03,349.0,349.0,349.0,349.0,0.0,0.0
2021-03-04,349.0,349.0,349.0,349.0,0.0,0.0
2021-03-05,349.0,349.0,349.0,349.0,0.0,0.0
2021-03-08,349.0,349.0,349.0,349.0,0.0,0.0
2021-03-09,349.0,349.0,349.0,349.0,0.0,0.0
2021-03-10,349.0,349.0,349.0,349.0,0.0,0.0
2021-03-11,349.0,349.0,349.0,349.0,0.0,0.0
2021-03-12,349.0,349.0,349.0,349.0,0.0,0.0
2021-03-15,349.0,349.0,349.0,349.0,0.0,0.0
2021-03-16,349.0,349.0,349.0,349.0,0.0,0.0
2021-03-17,349.0,349.0,349.0,349.0,0.0,0.0
2021-03-18,349.0,349.0,349.0,349.0,0.0,0.0
2021-03-19,349.0,349.0,349.0,349.0,0.0,0.0
2021-03-22,349.0,349.0,349.0,349.0,0.0,0.0
2021-03-23,349.0,349.0,349.0,349.0,0.0,0.0
2021-03-24,349.0,349.0,349.0,349.0,0.0,0.0
2021-03-25,349.0,349.0,349.0,349.0,0.0,0.0
2021-03-26,349.0,349.0,349.0,349.0,0.0,0.0
2021-03-29,349.0,349.0,349.0,349.0,0.0,0.0
2021-03-30,349.0,349.0,349.0,349.0,0.0,0.0
2021-03-31,349.0,349.0,349.0,349.0,0.0,0.0
2021-04-01,349.0,349.0,349.0,349.0,0.0,0.0
2021-04-06,349.0,349.0,349.0,349.0,0.0,0.0
2021-04-07,349.0,349.0,349.0,349.0,0.0,0.0
2021-04-08,349.0,349.0,349.0,349.0,0.0,0.0
2021-04-09,349.0,349.0,349.0,349.0,0.0,0.0
2021-04-12,349.0,349.0,349.0,349.0,0.0,0.0
2021-04-13,349.0,349.0,349.0,349.0,0.0,0.0
2021-04-14,349.0,349.0,349.0,349.0,0.0,0.0
2021-04-15,349.0,349.0,349.0,349.0,0.0,0.0
2021-04-16,349.0,349.0,349.0,349.0,0.0,0.0
2021-04-19,349.0,349.0,349.0,349.0,0.0,0.0
2021-04-20,349.0,349.0,349.0,349.0,0.0,0.0
2021-04-21,349.0,349.0,349.0,349.0,0.0,0.0
2021-04-22,349.0,349.0,349.0,349.0,0.0,0.0
2021-04-23,349.0,349.0,349.0,349.0,0.0,0.0
2021-04-26,349.0,349.0,349.0,349.0,0.0,0.0
2021-04-27,349.0,349.0,349.0,349.0,0.0,0.0
2021-04-28,349.0,349.0,349.0,349.0,0.0,0.0
2021-04-29,349.0,349.0,349.0,349.0,0.0,0.0
2021-04-30,349.0,349.0,349.0,349.0,0.0,0.0
2021-05-03,349.0,349.0,349.0,349.0,0.0,0.0
2021-05-04,349.0,349.0,349.0,349.0,0.0,0.0
2021-05-05,349.0,349.0,349.0,349.0,0.0,0.0
2021-05-06,349.0,349.0,349.0,349.0,0.0,0.0
2021-05-07,349.0,349.0,349.0,349.0,0.0,0.0
2021-05-10,349.0,349.0,349.0,349.0,0.0,0.0
2021-05-11,349.0,349.0,349.0,349.0,0.0,0.0
2021-05-12,349.0,349.0,349.0,349.0,0.0,0.0
2021-05-13,349.0,349.0,349.0,349.0,0.0,0.0
2021-05-14,349.0,349.0,349.0,349.0,0.0,0.0
2021-05-17,349.0,349.0,349.0,349.0,0.0,0.0
2021-05-18,349.0,349.0,349.0,349.0,0.0,0.0
2021-05-19,349.0,349.0,349.0,349.0,0.0,0.0
2021-05-20,349.0,349.0,349.0,349.0,0.0,0.0
2021-05-21,349.0,349.0,349.0,349.0,0.0,0.0
2021-05-24,349.0,349.0,349.0,349.0,0.0,0.0
2021-05-25,349.0,349.0,349.0,349.0,0.0,0.0
2021-05-26,349.0,349.0,349.0,349.0,0.0,0.0
2021-05-27,349.0,349.0,349.0,349.0,0.0,0.0
2021-05-28,349.0,349.0,349.0,349.0,0.0,0.0
2021-05-31,349.0,349.0,349.0,349.0,0.0,0.0
2021-06-01,349.0,349.0,349.0,349.0,0.0,0.0
2021-06-02,349.0,349.0,349.0,349.0,0.0,0.0
2021-06-03,349.0,349.0,349.0,349.0,0.0,0.0
2021-06-04,349.0,349.0,349.0,349.0,0.0,0.0
2021-06-07,349.0,349.0,349.0,349.0,0.0,0.0
2021-06-08,349.0,349.0,349.0,349.0,0.0,0.0
2021-06-09,349.0,349.0,349.0,349.0,0.0,0.0
2021-06-10,349.0,349.0,349.0,349.0,0.0,0.0
2021-06-11,349.0,349.0,349.0,349.0,0.0,0.0
2021-06-14,349.0,349.0,349.0,349.0,0.0,0.0
2021-06-15,349.0,349.0,349.0,349.0,0.0,0.0
2021-06-16,349.0,349.0,349.0,349.0,0.0,0.0
2021-06-17,349.0,349.0,349.0,349.0,0.0,0.0
2021-06-18,349.0,349.0,349.0,349.0,0.0,0.0
2021-06-21,349.0,349.0,349.0,349.0,0.0,0.0
2021-06-22,349.0,349.0,349.0,349.0,0.0,0.0
2021-06-23,349.0,349.0,349.0,349.0,0.0,0.0
2021-06-24,349.0,349.0,349.0,349.0,0.0,0.0
2021-06-25,349.0,349.0,349.0,349.0,0.0,0.0
2021-06-28,349.0,349.0,349.0,349.0,0.0,0.0
2021-06-29,349.0,349.0,349.0,349.0,0.0,0.0
2021-06-30,349.0,349.0,349.0,349.0,0.0,0.0
2021-07-01,349.0,349.0,349.0,349.0,0.0,0.0
2021-07-02,349.0,349.0,349.0,349.0,0.0,0.0
2021-07-05,349.0,349.0,349.0,349.0,0.0,0.0
2021-07-06,349.0,349.0,349.0,349.0,0.0,0.0
2021-07-07,349.0,349.0,349.0,349.0,0.0,0.0
2021-07-08,349.0,349.0,349.0,349.0,0.0,0.0
2021-07-09,349.0,349.0,349.0,349.0,0.0,0.0
2021-07-12,349.0,349.0,349.0,349.0,0.0,0.0
2021-07-13,349.0,349.0,349.0,349.0,0.0,0.0
2021-07-14,349.0,349.0,349.0,349.0,0.0,0.0
2021-07-15,349.0,349.0,349.0,349.0,0.0,0.0
2021-07-16,349.0,349.0,349.0,349.0,0.0,0.0
2021-07-19,349.0,349.0,349.0,349.0,0.0,0.0
2021-07-20,349.0,349.0,349.0,349.0,0.0,0.0
2021-07-21,349.0,349.0,349.0,349.0,0.0,0.0
2021-07-22,349.0,349.0,349.0,349.0,0.0,0.0
2021-07-23,349.0,349.0,349.0,349.0,0.0,0.0
2021-07-26,349.0,349.0,349.0,349.0,0.0,0.0
2021-07-27,349.0,349.0,349.0,349.0,0.0,0.0
2021-07-28,349.0,349.0,349.0,349.0,0.0,0.0
2021-07-29,349.0,349.0,349.0,349.0,0.0,0.0
2021-07-30,349.0,349.0,349.0,349.0,0.0,0.0
2021-08-02,349.0,349.0,349.0,349.0,0.0,0.0
2021-08-03,349.0,349.0,349.0,349.0,0.0,0.0
2021-08-04,349.0,349.0,349.0,349.0,0.0,0.0
2021-08-05,349.0,349.0,349.0,349.0,0.0,0.0
2021-08-06,349.0,349.0,349.0,349.0,0.0,0.0
2021-08-09,349.0,349.0,349.0,349.0,0.0,0.0
2021-08-10,349.0,349.0,349.0,349.0,0.0,0.0
2021-08-11,349.0,349.0,349.0,349.0,0.0,0.0
2021-08-12,349.0,349.0,349.0,349.0,0.0,0.0
2021-08-13,349.0,349.0,349.0,349.0,0.0,0.0
2021-08-16,349.0,349.0,349.0,349.0,0.0,0.0
2021-08-17,349.0,349.0,349.0,349.0,0.0,0.0
2021-08-18,349.0,349.0,349.0,349.0,0.0,0.0
2021-08-19,349.0,349.0,349.0,349.0,0.0,0.0
2021-08-20,349.0,349.0,349.0,349.0,0.0,0.0
2021-08-23,349.0,349.0,349.0,349.0,0.0,0.0
2021-08-24,349.0,349.0,349.0,349.0,0.0,0.0
2021-08-25,349.0,349.0,349.0,349.0,0.0,0.0
2021-08-26,349.0,349.0,349.0,349.0,0.0,0.0
2021-08-27,349.0,349.0,349.0,349.0,0.0,0.0
2021-08-30,349.0,349.0,349.0,349.0,0.0,0.0
2021-08-31,349.0,349.0,349.0,349.0,0.0,0.0
2021-09-01,349.0,349.0,349.0,349.0,0.0,0.0
2021-09-02,349.0,349.0,349.0,349.0,0.0,0.0
2021-09-03,349.0,349.0,349.0,349.0,0.0,0.0
2021-09-06,349.0,349.0,349.0,349.0,0.0,0.0
2021-09-07,349.0,349.0,349.0,349.0,0.0,0.0
2021-09-08,349.0,349.0,349.0,349.0,0.0,0.0
2021-09-09,349.0,349.0,349.0,349.0,0.0,0.0
2021-09-10,349.0,349.0,349.0,349.0,0.0,0.0
2021-09-13,349.0,349.0,349.0,349.0,0.0,0.0
2021-09-14,349.0,349.0,349.0,349.0,0.0,0.0
2021-09-15,349.0,349.0,349.0,349.0,0.0,0.0
2021-09-16,349.0,349.0,349.0,349.0,0.0,0.0
2021-09-17,349.0,349.0,349.0,349.0,0.0,0.0
2021-09-20,349.0,349.0,349.0,349.0,0.0,0.0
2021-09-21,349.0,349.0,349.0,349.0,0.0,0.0
2021-09-22,349.0,349.0,349.0,349.0,0.0,0.0
2021-09-23,349.0,349.0,349.0,349.0,0.0,0.0
2021-09-24,349.0,349.0,349.0,349.0,0.0,0.0
2021-09-27,349.0,349.0,349.0,349.0,0.0,0.0
2021-09-28,349.0,349.0,349.0,349.0,0.0,0.0
2021-09-29,349.0,349.0,349.0,349.0,0.0,0.0
2021-09-30,349.0,349.0,349.0,349.0,0.0,0.0
2021-10-01,349.0,349.0,349.0,349.0,0.0,0.0
2021-10-04,349.0,349.0,349.0,349.0,0.0,0.0
2021-10-05,349.0,349.0,349.0,349.0,0.0,0.0
2021-10-06,349.0,349.0,349.0,349.0,0.0,0.0
2021-10-07,349.0,349.0,349.0,349.0,0.0,0.0
2021-10-08,349.0,349.0,349.0,349.0,0.0,0.0
2021-10-11,349.0,349.0,349.0,349.0,0.0,0.0
2021-10-12,349.0,349.0,349.0,349.0,0.0,0.0
2021-10-13,349.0,349.0,349.0,349.0,0.0,0.0
2021-10-14,349.0,349.0,349.0,349.0,0.0,0.0
2021-10-15,349.0,349.0,349.0,349.0,0.0,0.0
2021-10-18,349.0,349.0,349.0,349.0,0.0,0.0
2021-10-19,349.0,349.0,349.0,349.0,0.0,0.0
2021-10-20,349.0,349.0,349.0,349.0,0.0,0.0
2021-10-21,349.0,349.0,349.0,349.0,0.0,0.0
2021-10-22,349.0,349.0,349.0,349.0,0.0,0.0
2021-10-25,349.0,349.0,349.0,349.0,0.0,0.0
2021-10-26,349.0,349.0,349.0,349.0,0.0,0.0
2021-10-27,349.0,349.0,349.0,349.0,0.0,0.0
2021-10-28,349.0,349.0,349.0,349.0,0.0,0.0
2021-10-29,349.0,349.0,349.0,349.0,0.0,0.0
2021-11-01,349.0,349.0,349.0,349.0,0.0,0.0
2021-11-02,349.0,349.0,349.0,349.0,0.0,0.0
2021-11-03,349.0,349.0,349.0,349.0,0.0,0.0
2021-11-04,349.0,349.0,349.0,349.0,0.0,0.0
2021-11-05,349.0,349.0,349.0,349.0,0.0,0.0
2021-11-08,349.0,349.0,349.0,349.0,0.0,0.0
2021-11-09,349.0,349.0,349.0,349.0,0.0,0.0
2021-11-10,349.0,349.0,349.0,349.0,0.0,0.0
2021-11-11,349.0,349.0,349.0,349.0,0.0,0.0
2021-11-12,349.0,349.0,349.0,349.0,0.0,0.0
2021-11-15,349.0,349.0,349.0,349.0,0.0,0.0
2021-11-16,349.0,349.0,349.0,349.0,0.0,0.0
2021-11-17,349.0,349.0,349.0,349.0,0.0,0.0
2021-11-18,349.0,349.0,349.0,349.0,0.0,0.0
2021-11-19,349.0,349.0,349.0,349.0,0.0,0.0
2021-11-22,349.0,349.0,349.0,349.0,0.0,0.0
2021-11-23,349.0,349.0,349.0,349.0,0.0,0.0
2021-11-24,349.0,349.0,349.0,349.0,0.0,0.0
2021-11-25,349.0,349.0,349.0,349.0,0.0,0.0
2021-11-26,349.0,349.0,349.0,349.0,0.0,0.0
2021-11-29,349.0,349.0,349.0,349.0,0.0,0.0
2021-11-30,349.0,349.0,349.0,349.0,0.0,0.0
2021-12-01,349.0,349.0,349.0,349.0,0.0,0.0
2021-12-02,349.0,349.0,349.0,349.0,0.0,0.0
2021-12-03,349.0,349.0,349.0,349.0,0.0,0.0
2021-12-06,349.0,349.0,349.0,349.0,0.0,0.0
2021-12-07,349.0,349.0,349.0,349.0,0.0,0.0
2021-12-08,349.0,349.0,349.0,349.0,0.0,0.0
2021-12-09,349.0,349.0,349.0,349.0,0.0,0.0
2021-12-10,349.0,349.0,349.0,349.0,0.0,0.0
2021-12-13,349.0,349.0,349.0,349.0,0.0,0.0
2021-12-14,349.0,349.0,349.0,349.0,0.0,0.0
2021-12-15,349.0,349.0,349.0,349.0,0.0,0.0
2021-12-16,349.0,349.0,349.0,349.0,0.0,0.0
2021-12-17,349.0,349.0,349.0,349.0,0.0,0.0
2021-12-20,349.0,349.0,349.0,349.0,0.0,0.0
2021-12-21,349.0,349.0,349.0,349.0,0.0,0.0
2021-12-22,349.0,349.0,349.0,349.0,0.0,0.0
2021-12-23,349.0,349.0,349.0,349.0,0.0,0.0
2021-12-24,349.0,349.0,349.0,349.0,0.0,0.0
2021-12-27,349.0,349.0,349.0,349.0,0.0,0.0
2021-12-28,349.0,349.0,349.0,349.0,0.0,0.0
2021-12-29,349.0,349.0,349.0,349.0,0.0,0.0
2021-12-30,349.0,349.0,349.0,349.0,0.0,0.0
2021-12-31,349.0,349.0,349.0,349.0,0.0,0.0
2022-01-03,349.0,349.0,349.0,349.0,0.0,0.0
2022-01-04,349.0,349.0,349.0,349.0,0.0,0.0
2022-01-05,349.0,349.0,349.0,349.0,0.0,0.0
2022-01-06,349.0,349.0,349.0,349.0,0.0,0.0
2022-01-07,349.0,349.0,349.0,349.0,0.0,0.0
2022-01-10,349.0,349.0,349.0,349.0,0.0,0.0
2022-01-11,349.0,349.0,349.0,349.0,0.0,0.0
2022-01-12,349.0,349.0,349.0,349.0,0.0,0.0
2022-01-13,349.0,349.0,349.0,349.0,0.0,0.0
2022-01-14,349.0,349.0,349.0,349.0,0.0,0.0
2022-01-17,349.0,349.0,349.0,349.0,0.0,0.0
2022-01-18,349.0,349.0,349.0,349.0,0.0,0.0
2022-01-19,349.0,349.0,349.0,349.0,0.0,0.0
2022-01-20,349.0,349.0,349.0,349.0,0.0,0.0
2022-01-21,349.0,349.0,349.0,349.0,0.0,0.0
2022-01-24,349.0,349.0,349.0,349.0,0.0,0.0
2022-01-25,349.0,349.0,349.0,349.0,0.0,0.0
2022-01-26,349.0,349.0,349.0,349.0,0.0,0.0
2022-01-27,349.0,349.0,349.0,349.0,0.0,0.0
2022-01-28,349.0,349.0,349.0,349.0,0.0,0.0
2022-01-31,349.0,349.0,349.0,349.0,0.0,0.0
2022-02-01,349.0,349.0,349.0,349.0,0.0,0.0
2022-02-02,349.0,349.0,349.0,349.0,0.0,0.0
2022-02-03,349.0,349.0,349.0,349.0,0.0,0.0
2022-02-04,349.0,349.0,349.0,349.0,0.0,0.0
2022-02-07,349.0,349.0,349.0,349.0,0.0,0.0
2022-02-08,349.0,349.0,349.0,349.0,0.0,0.0
2022-02-09,349.0,349.0,349.0,349.0,0.0,0.0
2022-02-10,349.0,349.0,349.0,349.0,0.0,0.0
2022-02-11,349.0,349.0,349.0,349.0,0.0,0.0
2022-02-14,349.0,349.0,349.0,349.0,0.0,0.0
2022-02-15,349.0,349.0,349.0,349.0,0.0,0.0
2022-02-16,349.0,349.0,349.0,349.0,0.0,0.0
2022-02-17,349.0,349.0,349.0,349.0,0.0,0.0
2022-02-18,349.0,349.0,349.0,349.0,0.0,0.0
2022-02-21,349.0,349.0,349.0,349.0,0.0,0.0
2022-02-22,349.0,349.0,349.0,349.0,0.0,0.0
2022-02-23,349.0,349.0,349.0,349.0,0.0,0.0
2022-02-24,349.0,349.0,349.0,349.0,0.0,0.0
2022-02-25,349.0,349.0,349.0,349.0,0.0,0.0
2022-02-28,349.0,349.0,349.0,349.0,0.0,0.0
2022-03-01,349.0,349.0,349.0,349.0,0.0,0.0
2022-03-02,349.0,349.0,349.0,349.0,0.0,0.0
2022-03-03,349.0,349.0,349.0,349.0,0.0,0.0
2022-03-04,349.0,349.0,349.0,349.0,0.0,0.0
2022-03-07,349.0,349.0,349.0,349.0,0.0,0.0
2022-03-08,349.0,349.0,349.0,349.0,0.0,0.0
2022-03-09,349.0,349.0,349.0,349.0,0.0,0.0
2022-03-10,349.0,349.0,349.0,349.0,0.0,0.0
2022-03-11,349.0,349.0,349.0,349.0,0.0,0.0
2022-03-14,349.0,349.0,349.0,349.0,0.0,0.0
2022-03-15,349.0,349.0,349.0,349.0,0.0,0.0
2022-03-16,349.0,349.0,349.0,349.0,0.0,0.0
2022-03-17,349.0,349.0,349.0,349.0,0.0,0.0
2022-03-18,349.0,349.0,349.0,349.0,0.0,0.0
2022-03-21,349.0,349.0,349.0,349.0,0.0,0.0
2022-03-22,349.0,349.0,349.0,349.0,0.0,0.0
2022-03-23,349.0,349.0,349.0,349.0,0.0,0.0
2022-03-24,349.0,349.0,349.0,349.0,0.0,0.0
2022-03-25,349.0,349.0,349.0,349.0,0.0,0.0
2022-03-28,349.0,349.0,349.0,349.0,0.0,0.0
2022-03-29,349.0,349.0,349.0,349.0,0.0,0.0
2022-03-30,349.0,349.0,349.0,349.0,0.0,0.0
2022-03-31,349.0,349.0,349.0,349.0,0.0,0.0
2022-04-01,349.0,349.0,349.0,349.0,0.0,0.0
2022-04-04,349.0,349.0,349.0,349.0,0.0,0.0
2022-04-05,349.0,349.0,349.0,349.0,0.0,0.0
2022-04-06,349.0,349.0,349.0,349.0,0.0,0.0
2022-04-07,349.0,349.0,349.0,349.0,0.0,0.0
2022-04-08,349.0,349.0,349.0,349.0,0.0,0.0
2022-04-11,349.0,349.0,349.0,349.0,0.0,0.0
2022-04-12,349.0,349.0,349.0,349.0,0.0,0.0
2022-04-13,349.0,349.0,349.0,349.0,0.0,0.0
2022-04-14,349.0,349.0,349.0,349.0,0.0,0.0
2022-04-19,349.0,349.0,349.0,349.0,0.0,0.0
2022-04-20,349.0,349.0,349.0,349.0,0.0,0.0
2022-04-21,349.0,349.0,349.0,349.0,0.0,0.0
2022-04-22,349.0,349.0,349.0,349.0,0.0,0.0
2022-04-25,349.0,349.0,349.0,349.0,0.0,0.0
2022-04-26,349.0,349.0,349.0,349.0,0.0,0.0
2022-04-27,349.0,349.0,349.0,349.0,0.0,0.0
2022-04-28,349.0,349.0,349.0,349.0,0.0,0.0
2022-04-29,349.0,349.0,349.0,349.0,0.0,0.0
2022-05-02,349.0,349.0,349.0,349.0,0.0,0.0
2022-05-03,349.0,349.0,349.0,349.0,0.0,0.0
2022-05-04,349.0,349.0,349.0,349.0,0.0,0.0
2022-05-05,349.0,349.0,349.0,349.0,0.0,0.0
2022-05-06,349.0,349.0,349.0,349.0,0.0,0.0
2022-05-09,349.0,349.0,349.0,349.0,0.0,0.0
2022-05-10,349.0,349.0,349.0,349.0,0.0,0.0
2022-05-11,349.0,349.0,349.0,349.0,0.0,0.0
2022-05-12,349.0,349.0,349.0,349.0,0.0,0.0
2022-05-13,349.0,349.0,349.0,349.0,0.0,0.0
2022-05-16,349.0,349.0,349.0,349.0,0.0,0.0
2022-05-17,349.0,349.0,349.0,349.0,0.0,0.0
2022-05-18,349.0,349.0,349.0,349.0,0.0,0.0
2022-05-19,349.0,349.0,349.0,349.0,0.0,0.0
2022-05-20,349.0,349.0,349.0,349.0,0.0,0.0
2022-05-23,349.0,349.0,349.0,349.0,0.0,0.0
2022-05-24,349.0,349.0,349.0,349.0,0.0,0.0
2022-05-25,349.0,349.0,349.0,349.0,0.0,0.0
2022-05-26,349.0,349.0,349.0,349.0,0.0,0.0
2022-05-27,349.0,349.0,349.0,349.0,0.0,0.0
2022-05-30,349.0,349.0,349.0,349.0,0.0,0.0
2022-05-31,349.0,349.0,349.0,349.0,0.0,0.0
2022-06-01,349.0,349.0,349.0,349.0,0.0,0.0
2022-06-02,349.0,349.0,349.0,349.0,0.0,0.0
2022-06-03,349.0,349.0,349.0,349.0,0.0,0.0
2022-06-06,349.0,349.0,349.0,349.0,0.0,0.0
2022-06-07,349.0,349.0,349.0,349.0,0.0,0.0
2022-06-08,349.0,349.0,349.0,349.0,0.0,0.0
2022-06-09,349.0,349.0,349.0,349.0,0.0,0.0
2022-06-10,349.0,349.0,349.0,349.0,0.0,0.0
2022-06-13,349.0,349.0,349.0,349.0,0.0,0.0
2022-06-14,349.0,349.0,349.0,349.0,0.0,0.0
2022-06-15,349.0,349.0,349.0,349.0,0.0,0.0
2022-06-16,349.0,349.0,349.0,349.0,0.0,0.0
2022-06-17,349.0,349.0,349.0,349.0,0.0,0.0
2022-06-20,349.0,349.0,349.0,349.0,0.0,0.0
2022-06-21,349.0,349.0,349.0,349.0,0.0,0.0
2022-06-22,349.0,349.0,349.0,349.0,0.0,0.0
2022-06-23,349.0,349.0,349.0,349.0,0.0,0.0
2022-06-24,349.0,349.0,349.0,349.0,0.0,0.0
2022-06-27,349.0,349.0,349.0,349.0,0.0,0.0
2022-06-28,349.0,349.0,349.0,349.0,0.0,0.0
2022-06-29,349.0,349.0,349.0,349.0,0.0,0.0
2022-06-30,349.0,349.0,349.0,349.0,0.0,0.0
2022-07-01,349.0,349.0,349.0,349.0,0.0,0.0
2022-07-04,349.0,349.0,349.0,349.0,0.0,0.0
2022-07-05,349.0,349.0,349.0,349.0,0.0,0.0
2022-07-06,349.0,349.0,349.0,349.0,0.0,0.0
2022-07-07,349.0,349.0,349.0,349.0,0.0,0.0
2022-07-08,349.0,349.0,349.0,349.0,0.0,0.0
2022-07-11,349.0,349.0,349.0,349.0,0.0,0.0
2022-07-12,349.0,349.0,349.0,349.0,0.0,0.0
2022-07-13,349.0,349.0,349.0,349.0,0.0,0.0
2022-07-14,349.0,349.0,349.0,349.0,0.0,0.0
2022-07-15,349.0,349.0,349.0,349.0,0.0,0.0
2022-07-18,349.0,349.0,349.0,349.0,0.0,0.0
2022-07-19,349.0,349.0,349.0,349.0,0.0,0.0
2022-07-20,349.0,349.0,349.0,349.0,0.0,0.0
2022-07-21,349.0,349.0,349.0,349.0,0.0,0.0
2022-07-22,349.0,349.0,349.0,349.0,0.0,0.0
2022-07-25,349.0,349.0,349.0,349.0,0.0,0.0
2022-07-26,349.0,349.0,349.0,349.0,0.0,0.0
2022-07-27,349.0,349.0,349.0,349.0,0.0,0.0
2022-07-28,349.0,349.0,349.0,349.0,0.0,0.0
2022-07-29,349.0,349.0,349.0,349.0,0.0,0.0
2022-08-01,349.0,349.0,349.0,349.0,0.0,0.0
2022-08-02,349.0,349.0,349.0,349.0,0.0,0.0
2022-08-03,349.0,349.0,349.0,349.0,0.0,0.0
2022-08-04,349.0,349.0,349.0,349.0,0.0,0.0
2022-08-05,349.0,349.0,349.0,349.0,0.0,0.0
2022-08-08,349.0,349.0,349.0,349.0,0.0,0.0
2022-08-09,349.0,349.0,349.0,349.0,0.0,0.0
2022-08-10,349.0,349.0,349.0,349.0,0.0,0.0
2022-08-11,349.0,349.0,349.0,349.0,0.0,0.0
2022-08-12,349.0,349.0,349.0,349.0,0.0,0.0
2022-08-15,349.0,349.0,349.0,349.0,0.0,0.0
2022-08-16,349.0,349.0,349.0,349.0,0.0,0.0
2022-08-17,349.0,349.0,349.0,349.0,0.0,0.0
2022-08-18,349.0,349.0,349.0,349.0,0.0,0.0
2022-08-19,349.0,349.0,349.0,349.0,0.0,0.0
2022-08-22,349.0,349.0,349.0,349.0,0.0,0.0
2022-08-23,349.0,349.0,349.0,349.0,0.0,0.0
2022-08-24,349.0,349.0,349.0,349.0,0.0,0.0
2022-08-25,349.0,349.0,349.0,349.0,0.0,0.0
2022-08-26,349.0,349.0,349.0,349.0,0.0,0.0
2022-08-29,349.0,349.0,349.0,349.0,0.0,0.0
2022-08-30,349.0,349.0,349.0,349.0,0.0,0.0
2022-08-31,349.0,349.0,349.0,349.0,0.0,0.0
2022-09-01,349.0,349.0,349.0,349.0,0.0,0.0
2022-09-02,349.0,349.0,349.0,349.0,0.0,0.0
2022-09-05,349.0,349.0,349.0,349.0,0.0,0.0
2022-09-06,349.0,349.0,349.0,349.0,0.0,0.0
2022-09-07,349.0,349.0,349.0,349.0,0.0,0.0
2022-09-08,349.0,349.0,349.0,349.0,0.0,0.0
2022-09-09,349.0,349.0,349.0,349.0,0.0,0.0
2022-09-12,349.0,349.0,349.0,349.0,0.0,0.0
2022-09-13,349.0,349.0,349.0,349.0,0.0,0.0
2022-09-14,349.0,349.0,349.0,349.0,0.0,0.0
2022-09-15,349.0,349.0,349.0,349.0,0.0,0.0
2022-09-16,349.0,349.0,349.0,349.0,0.0,0.0
2022-09-19,349.0,349.0,349.0,349.0,0.0,0.0
2022-09-20,349.0,349.0,349.0,349.0,0.0,0.0
2022-09-21,349.0,349.0,349.0,349.0,0.0,0.0
2022-09-22,349.0,349.0,349.0,349.0,0.0,0.0
2022-09-23,349.0,349.0,349.0,349.0,0.0,0.0
2022-09-26,349.0,349.0,349.0,349.0,0.0,0.0
2022-09-27,349.0,349.0,349.0,349.0,0.0,0.0
2022-09-28,349.0,349.0,349.0,349.0,0.0,0.0
2022-09-29,349.0,349.0,349.0,349.0,0.0,0.0
2022-09-30,349.0,349.0,349.0,349.0,0.0,0.0
2022-10-03,349.0,349.0,349.0,349.0,0.0,0.0
2022-10-04,349.0,349.0,349.0,349.0,0.0,0.0
2022-10-05,349.0,349.0,349.0,349.0,0.0,0.0
2022-10-06,349.0,349.0,349.0,349.0,0.0,0.0
2022-10-07,349.0,349.0,349.0,349.0,0.0,0.0
2022-10-10,349.0,349.0,349.0,349.0,0.0,0.0
2022-10-11,349.0,349.0,349.0,349.0,0.0,0.0
2022-10-12,349.0,349.0,349.0,349.0,0.0,0.0
2022-10-13,349.0,349.0,349.0,349.0,0.0,0.0
2022-10-14,349.0,349.0,349.0,349.0,0.0,0.0
2022-10-17,349.0,349.0,349.0,349.0,0.0,0.0
2022-10-18,349.0,349.0,349.0,349.0,0.0,0.0
2022-10-19,349.0,349.0,349.0,349.0,0.0,0.0
2022-10-20,349.0,349.0,349.0,349.0,0.0,0.0
2022-10-21,349.0,349.0,349.0,349.0,0.0,0.0
2022-10-24,349.0,349.0,349.0,349.0,0.0,0.0
2022-10-25,349.0,349.0,349.0,349.0,0.0,0.0
2022-10-26,349.0,349.0,349.0,349.0,0.0,0.0
2022-10-27,349.0,349.0,349.0,349.0,0.0,0.0
2022-10-28,349.0,349.0,349.0,349.0,0.0,0.0
2022-10-31,349.0,349.0,349.0,349.0,0.0,0.0
2022-11-01,349.0,349.0,349.0,349.0,0.0,0.0
2022-11-02,349.0,349.0,349.0,349.0,0.0,0.0
2022-11-03,349.0,349.0,349.0,349.0,0.0,0.0
2022-11-04,349.0,349.0,349.0,349.0,0.0,0.0
2022-11-07,349.0,349.0,349.0,349.0,0.0,0.0
2022-11-08,349.0,349.0,349.0,349.0,0.0,0.0
2022-11-09,349.0,349.0,349.0,349.0,0.0,0.0
2022-11-10,349.0,349.0,349.0,349.0,0.0,0.0
2022-11-11,349.0,349.0,349.0,349.0,0.0,0.0
2022-11-14,349.0,349.0,349.0,349.0,0.0,0.0
2022-11-15,349.0,349.0,349.0,349.0,0.0,0.0
2022-11-16,349.0,349.0,349.0,349.0,0.0,0.0
2022-11-17,349.0,349.0,349.0,349.0,0.0,0.0
2022-11-18,349.0,349.0,349.0,349.0,0.0,0.0
2022-11-21,349.0,349.0,349.0,349.0,0.0,0.0
2022-11-22,349.0,349.0,349.0,349.0,0.0,0.0
2022-11-23,349.0,349.0,349.0,349.0,0.0,0.0
2022-11-24,349.0,349.0,349.0,349.0,0.0,0.0
2022-11-25,349.0,349.0,349.0,349.0,0.0,0.0
2022-11-28,349.0,349.0,349.0,349.0,0.0,0.0
2022-11-29,349.0,349.0,349.0,349.0,0.0,0.0
2022-11-30,349.0,349.0,349.0,349.0,0.0,0.0
2022-12-01,349.0,349.0,349.0,349.0,0.0,0.0
2022-12-02,349.0,349.0,349.0,349.0,0.0,0.0
2022-12-05,349.0,349.0,349.0,349.0,0.0,0.0
2022-12-06,349.0,349.0,349.0,349.0,0.0,0.0
2022-12-07,349.0,349.0,349.0,349.0,0.0,0.0
2022-12-08,349.0,349.0,349.0,349.0,0.0,0.0
2022-12-09,349.0,349.0,349.0,349.0,0.0,0.0
2022-12-12,349.0,349.0,349.0,349.0,0.0,0.0
2022-12-13,349.0,349.0,349.0,349.0,0.0,0.0
2022-12-14,349.0,349.0,349.0,349.0,0.0,0.0
2022-12-15,349.0,349.0,349.0,349.0,0.0,0.0
2022-12-16,349.0,349.0,349.0,349.0,0.0,0.0
2022-12-19,349.0,349.0,349.0,349.0,0.0,0.0
2022-12-20,349.0,349.0,349.0,349.0,0.0,0.0
2022-12-21,349.0,349.0,349.0,349.0,0.0,0.0
2022-12-22,349.0,349.0,349.0,349.0,0.0,0.0
2022-12-23,349.0,349.0,349.0,349.0,0.0,0.0
2022-12-27,349.0,349.0,349.0,349.0,0.0,0.0
2022-12-28,349.0,349.0,349.0,349.0,0.0,0.0
2022-12-29,349.0,349.0,349.0,349.0,0.0,0.0
2022-12-30,349.0,349.0,349.0,349.0,0.0,0.0
2023-01-02,349.0,349.0,349.0,349.0,0.0,0.0
2023-01-03,349.0,349.0,349.0,349.0,0.0,0.0
2023-01-04,349.0,349.0,349.0,349.0,0.0,0.0
2023-01-05,349.0,349.0,349.0,349.0,0.0,0.0
2023-01-06,349.0,349.0,349.0,349.0,0.0,0.0
2023-01-09,349.0,349.0,349.0,349.0,0.0,0.0
2023-01-10,349.0,349.0,349.0,349.0,0.0,0.0
2023-01-11,349.0,349.0,349.0,349.0,0.0,0.0
2023-01-12,349.0,349.0,349.0,349.0,0.0,0.0
2023-01-13,349.0,349.0,349.0,349.0,0.0,0.0
2023-01-16,349.0,349.0,349.0,349.0,0.0,0.0
2023-01-17,349.0,349.0,349.0,349.0,0.0,0.0
2023-01-18,349.0,349.0,349.0,349.0,0.0,0.0
2023-01-19,349.0,349.0,349.0,349.0,0.0,0.0
2023-01-20,349.0,349.0,349.0,349.0,0.0,0.0
2023-01-23,349.0,349.0,349.0,349.0,0.0,0.0
2023-01-24,349.0,349.0,349.0,349.0,0.0,0.0
2023-01-25,349.0,349.0,349.0,349.0,0.0,0.0
2023-01-26,349.0,349.0,349.0,349.0,0.0,0.0
2023-01-27,349.0,349.0,349.0,349.0,0.0,0.0
2023-01-30,349.0,349.0,349.0,349.0,0.0,0.0
2023-01-31,349.0,349.0,349.0,349.0,0.0,0.0
2023-02-01,349.0,349.0,349.0,349.0,0.0,0.0
2023-02-02,349.0,349.0,349.0,349.0,0.0,0.0
2023-02-03,349.0,349.0,349.0,349.0,0.0,0.0
2023-02-06,349.0,349.0,349.0,349.0,0.0,0.0
2023-02-07,349.0,349.0,349.0,349.0,0.0,0.0
2023-02-08,349.0,349.0,349.0,349.0,0.0,0.0
2023-02-09,349.0,349.0,349.0,349.0,0.0,0.0
2023-02-10,349.0,349.0,349.0,349.0,0.0,0.0
2023-02-13,349.0,349.0,349.0,349.0,0.0,0.0
2023-02-14,349.0,349.0,349.0,349.0,0.0,0.0
2023-02-15,349.0,349.0,349.0,349.0,0.0,0.0
2023-02-16,349.0,349.0,349.0,349.0,0.0,0.0
2023-02-17,349.0,349.0,349.0,349.0,0.0,0.0
2023-02-20,349.0,349.0,349.0,349.0,0.0,0.0
2023-02-21,349.0,349.0,349.0,349.0,0.0,0.0
2023-02-22,349.0,349.0,349.0,349.0,0.0,0.0
2023-02-23,349.0,349.0,349.0,349.0,0.0,0.0
2023-02-24,349.0,349.0,349.0,349.0,0.0,0.0
2023-02-27,349.0,349.0,349.0,349.0,0.0,0.0
2023-02-28,349.0,349.0,349.0,349.0,0.0,0.0
2023-03-01,349.0,349.0,349.0,349.0,0.0,0.0
2023-03-02,349.0,349.0,349.0,349.0,0.0,0.0
2023-03-03,349.0,349.0,349.0,349.0,0.0,0.0
2023-03-06,349.0,349.0,349.0,349.0,0.0,0.0
2023-03-07,349.0,349.0,349.0,349.0,0.0,0.0
2023-03-08,349.0,349.0,349.0,349.0,0.0,0.0
2023-03-09,349.0,349.0,349.0,349.0,0.0,0.0
2023-03-10,349.0,349.0,349.0,349.0,0.0,0.0
2023-03-13,349.0,349.0,349.0,349.0,0.0,0.0
2023-03-14,349.0,349.0,349.0,349.0,0.0,0.0
2023-03-15,349.0,349.0,349.0,349.0,0.0,0.0
2023-03-16,349.0,349.0,349.0,349.0,0.0,0.0
2023-03-17,349.0,349.0,349.0,349.0,0.0,0.0
2023-03-20,349.0,349.0,349.0,349.0,0.0,0.0
2023-03-21,349.0,349.0,349.0,349.0,0.0,0.0
2023-03-22,349.0,349.0,349.0,349.0,0.0,0.0
2023-03-23,349.0,349.0,349.0,349.0,0.0,0.0
2023-03-24,349.0,349.0,349.0,349.0,0.0,0.0
2023-03-27,349.0,349.0,349.0,349.0,0.0,0.0
2023-03-28,349.0,349.0,349.0,349.0,0.0,0.0
2023-03-29,349.0,349.0,349.0,349.0,0.0,0.0
2023-03-30,349.0,349.0,349.0,349.0,0.0,0.0
2023-03-31,349.0,349.0,349.0,349.0,0.0,0.0
2023-04-03,349.0,349.0,349.0,349.0,0.0,0.0
2023-04-04,349.0,349.0,349.0,349.0,0.0,0.0
2023-04-05,349.0,349.0,349.0,349.0,0.0,0.0
2023-04-06,349.0,349.0,349.0,349.0,0.0,0.0
2023-04-11,349.0,349.0,349.0,349.0,0.0,0.0
2023-04-12,349.0,349.0,349.0,349.0,0.0,0.0
2023-04-13,349.0,349.0,349.0,349.0,0.0,0.0
2023-04-14,349.0,349.0,349.0,349.0,0.0,0.0
2023-04-17,349.0,349.0,349.0,349.0,0.0,0.0
2023-04-18,349.0,349.0,349.0,349.0,0.0,0.0
2023-04-19,349.0,349.0,349.0,349.0,0.0,0.0
2023-04-20,349.0,349.0,349.0,349.0,0.0,0.0
2023-04-21,349.0,349.0,349.0,349.0,0.0,0.0
2023-04-24,349.0,349.0,349.0,349.0,0.0,0.0
2023-04-25,349.0,349.0,349.0,349.0,0.0,0.0
2023-04-26,349.0,349.0,349.0,349.0,0.0,0.0
2023-04-27,349.0,349.0,349.0,349.0,0.0,0.0
2023-04-28,349.0,349.0,349.0,349.0,0.0,0.0
2023-05-02,349.0,349.0,349.0,349.0,0.0,0.0
2023-05-03,349.0,349.0,349.0,349.0,0.0,0.0
2023-05-04,349.0,349.0,349.0,349.0,0.0,0.0
2023-05-05,349.0,349.0,349.0,349.0,0.0,0.0
2023-05-08,349.0,349.0,349.0,349.0,0.0,0.0
2023-05-09,349.0,349.0,349.0,349.0,0.0,0.0
2023-05-10,349.0,349.0,349.0,349.0,0.0,0.0
2023-05-11,349.0,349.0,349.0,349.0,0.0,0.0
2023-05-12,349.0,349.0,349.0,349.0,0.0,0.0
2023-05-15,349.0,349.0,349.0,349.0,0.0,0.0
2023-05-16,349.0,349.0,349.0,349.0,0.0,0.0
2023-05-17,349.0,349.0,349.0,349.0,0.0,0.0
2023-05-18,349.0,349.0,349.0,349.0,0.0,0.0
2023-05-19,349.0,349.0,349.0,349.0,0.0,0.0
2023-05-22,349.0,349.0,349.0,349.0,0.0,0.0
2023-05-23,349.0,349.0,349.0,349.0,0.0,0.0
2023-05-24,349.0,349.0,349.0,349.0,0.0,0.0
2023-05-25,349.0,349.0,349.0,349.0,0.0,0.0
2023-05-26,349.0,349.0,349.0,349.0,0.0,0.0
2023-05-29,349.0,349.0,349.0,349.0,0.0,0.0
2023-05-30,349.0,349.0,349.0,349.0,0.0,0.0
2023-05-31,349.0,349.0,349.0,349.0,0.0,0.0
2023-06-01,349.0,349.0,349.0,349.0,0.0,0.0
2023-06-02,349.0,349.0,349.0,349.0,0.0,0.0
2023-06-05,349.0,349.0,349.0,349.0,0.0,0.0
2023-06-06,349.0,349.0,349.0,349.0,0.0,0.0
2023-06-07,349.0,349.0,349.0,349.0,0.0,0.0
2023-06-08,349.0,349.0,349.0,349.0,0.0,0.0
2023-06-09,349.0,349.0,349.0,349.0,0.0,0.0
2023-06-12,349.0,349.0,349.0,349.0,0.0,0.0
2023-06-13,349.0,349.0,349.0,349.0,0.0,0.0
2023-06-14,349.0,349.0,349.0,349.0,0.0,0.0
2023-06-15,349.0,349.0,349.0,349.0,0.0,0.0
2023-06-16,349.0,349.0,349.0,349.0,0.0,0.0
2023-06-19,349.0,349.0,349.0,349.0,0.0,0.0
2023-06-20,349.0,349.0,349.0,349.0,0.0,0.0
2023-06-21,349.0,349.0,349.0,349.0,0.0,0.0
2023-06-22,349.0,349.0,349.0,349.0,0.0,0.0
2023-06-23,349.0,349.0,349.0,349.0,0.0,0.0
2023-06-26,349.0,349.0,349.0,349.0,0.0,0.0
2023-06-27,349.0,349.0,349.0,349.0,0.0,0.0
2023-06-28,349.0,349.0,349.0,349.0,0.0,0.0
2023-06-29,349.0,349.0,349.0,349.0,0.0,0.0
2023-06-30,349.0,349.0,349.0,349.0,0.0,0.0
2023-07-03,349.0,349.0,349.0,349.0,0.0,0.0
2023-07-04,349.0,349.0,349.0,349.0,0.0,0.0
2023-07-05,349.0,349.0,349.0,349.0,0.0,0.0
2023-07-06,349.0,349.0,349.0,349.0,0.0,0.0
2023-07-07,349.0,349.0,349.0,349.0,0.0,0.0
2023-07-10,349.0,349.0,349.0,349.0,0.0,0.0
2023-07-11,349.0,349.0,349.0,349.0,0.0,0.0
2023-07-12,349.0,349.0,349.0,349.0,0.0,0.0
2023-07-13,349.0,349.0,349.0,349.0,0.0,0.0
2023-07-14,349.0,349.0,349.0,349.0,0.0,0.0
2023-07-17,349.0,349.0,349.0,349.0,0.0,0.0
2023-07-18,349.0,349.0,349.0,349.0,0.0,0.0
2023-07-19,349.0,349.0,349.0,349.0,0.0,0.0
2023-07-20,349.0,349.0,349.0,349.0,0.0,0.0
2023-07-21,349.0,349.0,349.0,349.0,0.0,0.0
2023-07-24,349.0,349.0,349.0,349.0,0.0,0.0
2023-07-25,349.0,349.0,349.0,349.0,0.0,0.0
2023-07-26,349.0,349.0,349.0,349.0,0.0,0.0
2023-07-27,349.0,349.0,349.0,349.0,0.0,0.0
