Date,HIGH,LOW,CLOSE,OPEN,COUNT,VOLUME
1983-01-04,,,,,0.0,0.0
1983-01-05,,,,,0.0,1.0
1983-01-06,,,,,0.0,1.0
1983-01-07,,,,,0.0,1.0
1983-01-10,,,,,0.0,1.0
1983-01-11,,,,,0.0,1.0
1983-01-12,,,,,0.0,1.0
1983-01-13,,,,,0.0,1.0
1983-01-14,,,,,0.0,1.0
1983-01-17,,,,,0.0,1.0
1983-01-18,,,,,0.0,1.0
1983-01-19,,,,,0.0,1.0
1983-01-20,,,,,0.0,1.0
1983-01-21,,,,,0.0,1.0
1983-01-24,,,,,0.0,1.0
1983-01-25,,,,,0.0,1.0
1983-01-26,,,,,0.0,1.0
1983-01-27,,,,,0.0,1.0
1983-01-28,,,,,0.0,1.0
1983-01-31,,,,,0.0,1.0
1983-02-01,,,,,0.0,1.0
1983-02-02,,,,,0.0,1.0
1983-02-03,,,,,0.0,1.0
1983-02-04,,,,,0.0,1.0
1983-02-07,,,,,0.0,1.0
1983-02-08,,,,,0.0,1.0
1983-02-09,,,,,0.0,1.0
1983-02-10,,,,,0.0,1.0
1983-02-11,,,,,0.0,1.0
1983-02-14,,,,,0.0,1.0
1983-02-15,,,,,0.0,1.0
1983-02-16,,,,,0.0,1.0
1983-02-17,,,,,0.0,1.0
1983-02-18,,,,,0.0,1.0
1983-02-21,,,,,0.0,1.0
1983-02-22,,,,,0.0,1.0
1983-02-23,,,,,0.0,1.0
1983-02-24,,,,,0.0,1.0
1983-02-25,,,,,0.0,1.0
1983-02-28,,,,,0.0,1.0
1983-03-01,,,,,0.0,1.0
1983-03-02,,,,,0.0,1.0
1983-03-03,,,,,0.0,1.0
1983-03-04,,,,,0.0,1.0
1983-03-07,,,,,0.0,1.0
1983-03-08,,,,,0.0,1.0
1983-03-09,,,,,0.0,1.0
1983-03-10,,,,,0.0,1.0
1983-03-11,,,,,0.0,1.0
1983-03-14,,,,,0.0,1.0
1983-03-15,,,,,0.0,1.0
1983-03-16,,,,,0.0,1.0
1983-03-17,,,,,0.0,1.0
1983-03-18,,,,,0.0,1.0
1983-03-21,,,,,0.0,1.0
1983-03-22,,,,,0.0,1.0
1983-03-23,,,,,0.0,1.0
1983-03-24,,,,,0.0,1.0
1983-03-25,,,,,0.0,1.0
1983-03-28,,,,,0.0,1.0
1983-03-29,,,,,0.0,1.0
1983-03-30,,,,,0.0,1.0
1983-03-31,,,,,0.0,1.0
1983-04-01,,,,,0.0,1.0
1983-04-04,,,,,0.0,1.0
1983-04-05,,,,,0.0,1.0
1983-04-06,,,,,0.0,1.0
1983-04-07,,,,,0.0,1.0
1983-04-08,,,,,0.0,1.0
1983-04-11,,,,,0.0,1.0
1983-04-12,,,,,0.0,1.0
1983-04-13,,,,,0.0,1.0
1983-04-14,,,,,0.0,1.0
1983-04-15,,,,,0.0,1.0
1983-04-18,,,,,0.0,1.0
1983-04-19,,,,,0.0,1.0
1983-04-20,,,,,0.0,1.0
1983-04-21,,,,,0.0,1.0
1983-04-22,,,,,0.0,1.0
1983-04-25,,,,,0.0,1.0
1983-04-26,,,,,0.0,1.0
1983-04-27,,,,,0.0,1.0
1983-04-28,,,,,0.0,1.0
1983-04-29,,,,,0.0,1.0
1983-05-02,,,,,0.0,1.0
1983-05-03,,,,,0.0,1.0
1983-05-04,,,,,0.0,1.0
1983-05-05,,,,,0.0,1.0
1983-05-06,,,,,0.0,1.0
1983-05-09,,,,,0.0,1.0
1983-05-10,,,,,0.0,1.0
1983-05-11,,,,,0.0,1.0
1983-05-12,,,,,0.0,1.0
1983-05-13,,,,,0.0,1.0
1983-05-16,,,,,0.0,1.0
1983-05-17,,,,,0.0,1.0
1983-05-18,,,,,0.0,1.0
1983-05-19,,,,,0.0,1.0
1983-05-20,,,,,0.0,1.0
1983-05-23,,,,,0.0,1.0
1983-05-24,,,,,0.0,1.0
1983-05-25,,,,,0.0,1.0
1983-05-26,,,,,0.0,1.0
1983-05-27,,,,,0.0,1.0
1983-05-30,,,,,0.0,1.0
1983-05-31,,,,,0.0,1.0
1983-06-01,,,,,0.0,1.0
1983-06-02,,,,,0.0,1.0
1983-06-03,,,,,0.0,1.0
1983-06-06,,,,,0.0,1.0
1983-06-07,,,,,0.0,1.0
1983-06-08,,,,,0.0,1.0
1983-06-09,,,,,0.0,1.0
1983-06-10,,,,,0.0,1.0
1983-06-13,,,,,0.0,1.0
1983-06-14,,,,,0.0,1.0
1983-06-15,,,,,0.0,1.0
1983-06-16,,,,,0.0,1.0
1983-06-17,,,,,0.0,1.0
1983-06-20,,,,,0.0,1.0
1983-06-21,,,,,0.0,1.0
1983-06-22,,,,,0.0,1.0
1983-06-23,,,,,0.0,1.0
1983-06-24,,,,,0.0,1.0
1983-06-27,,,,,0.0,1.0
1983-06-28,,,,,0.0,1.0
1983-06-29,,,,,0.0,1.0
1983-06-30,,,,,0.0,1.0
1983-07-01,,,,,0.0,1.0
1983-07-04,,,,,0.0,1.0
1983-07-05,,,,,0.0,1.0
1983-07-06,,,,,0.0,1.0
1983-07-07,,,,,0.0,1.0
1983-07-08,,,,,0.0,1.0
1983-07-11,,,,,0.0,1.0
1983-07-12,,,,,0.0,1.0
1983-07-13,,,,,0.0,1.0
1983-07-14,,,,,0.0,1.0
1983-07-15,,,,,0.0,1.0
1983-07-18,,,,,0.0,1.0
1983-07-19,,,,,0.0,1.0
1983-07-20,,,,,0.0,1.0
1983-07-21,,,,,0.0,1.0
1983-07-22,,,,,0.0,1.0
1983-07-25,,,,,0.0,1.0
1983-07-26,,,,,0.0,1.0
1983-07-27,,,,,0.0,1.0
1983-07-28,,,,,0.0,1.0
1983-07-29,,,,,0.0,1.0
1983-08-01,,,,,0.0,1.0
1983-08-02,,,,,0.0,1.0
1983-08-03,,,,,0.0,1.0
1983-08-04,,,,,0.0,1.0
1983-08-05,,,,,0.0,1.0
1983-08-08,,,,,0.0,1.0
1983-08-09,,,,,0.0,1.0
1983-08-10,,,,,0.0,1.0
1983-08-11,,,,,0.0,1.0
1983-08-12,,,,,0.0,1.0
1983-08-15,,,,,0.0,1.0
1983-08-16,,,,,0.0,1.0
1983-08-17,,,,,0.0,1.0
1983-08-18,,,,,0.0,1.0
1983-08-19,,,,,0.0,1.0
1983-08-22,,,,,0.0,1.0
1983-08-23,,,,,0.0,1.0
1983-08-24,,,,,0.0,1.0
1983-08-25,,,,,0.0,1.0
1983-08-26,,,,,0.0,1.0
1983-08-29,,,,,0.0,1.0
1983-08-30,,,,,0.0,1.0
1983-08-31,,,,,0.0,1.0
1983-09-01,,,,,0.0,1.0
1983-09-02,,,,,0.0,1.0
1983-09-05,,,,,0.0,1.0
1983-09-06,,,,,0.0,1.0
1983-09-07,,,,,0.0,1.0
1983-09-08,,,,,0.0,1.0
1983-09-09,,,,,0.0,1.0
1983-09-12,,,,,0.0,1.0
1983-09-13,,,,,0.0,1.0
1983-09-14,,,,,0.0,1.0
1983-09-15,,,,,0.0,1.0
1983-09-16,,,,,0.0,1.0
1983-09-19,,,,,0.0,1.0
1983-09-20,,,,,0.0,1.0
1983-09-21,,,,,0.0,1.0
1983-09-22,,,,,0.0,1.0
1983-09-23,,,,,0.0,1.0
1983-09-26,,,,,0.0,1.0
1983-09-27,,,,,0.0,1.0
1983-09-28,,,,,0.0,1.0
1983-09-29,,,,,0.0,1.0
1983-09-30,,,,,0.0,1.0
1983-10-03,,,,,0.0,1.0
1983-10-04,,,,,0.0,1.0
1983-10-05,,,,,0.0,1.0
1983-10-06,,,,,0.0,1.0
1983-10-07,,,,,0.0,1.0
1983-10-10,,,,,0.0,1.0
1983-10-11,,,,,0.0,1.0
1983-10-12,,,,,0.0,1.0
1983-10-13,,,,,0.0,1.0
1983-10-14,,,,,0.0,1.0
1983-10-17,,,,,0.0,1.0
1983-10-18,,,,,0.0,1.0
1983-10-19,,,,,0.0,1.0
1983-10-20,,,,,0.0,1.0
1983-10-21,,,,,0.0,1.0
1983-10-24,,,,,0.0,1.0
1983-10-25,,,,,0.0,1.0
1983-10-26,,,,,0.0,1.0
1983-10-27,,,,,0.0,1.0
1983-10-28,,,,,0.0,1.0
1983-10-31,,,,,0.0,1.0
1983-11-01,,,,,0.0,1.0
1983-11-02,,,,,0.0,1.0
1983-11-03,,,,,0.0,1.0
1983-11-04,,,,,0.0,1.0
1983-11-07,,,,,0.0,1.0
1983-11-08,,,,,0.0,1.0
1983-11-09,,,,,0.0,1.0
1983-11-10,,,,,0.0,1.0
1983-11-11,,,,,0.0,1.0
1983-11-14,,,,,0.0,1.0
1983-11-15,,,,,0.0,1.0
1983-11-16,,,,,0.0,1.0
1983-11-17,,,,,0.0,1.0
1983-11-18,,,,,0.0,1.0
1983-11-21,,,,,0.0,1.0
1983-11-22,,,,,0.0,1.0
1983-11-23,,,,,0.0,1.0
1983-11-24,,,,,0.0,1.0
1983-11-25,,,,,0.0,1.0
1983-11-28,,,,,0.0,1.0
1983-11-29,,,,,0.0,1.0
1983-11-30,,,,,0.0,1.0
1983-12-01,,,,,0.0,1.0
1983-12-02,,,,,0.0,1.0
1983-12-05,,,,,0.0,1.0
1983-12-06,,,,,0.0,1.0
1983-12-07,,,,,0.0,1.0
1983-12-08,,,,,0.0,1.0
1983-12-09,,,,,0.0,1.0
1983-12-12,,,,,0.0,1.0
1983-12-13,,,,,0.0,1.0
1983-12-14,,,,,0.0,1.0
1983-12-15,,,,,0.0,1.0
1983-12-16,,,,,0.0,1.0
1983-12-19,,,,,0.0,1.0
1983-12-20,,,,,0.0,1.0
1983-12-21,,,,,0.0,1.0
1983-12-22,,,,,0.0,1.0
1983-12-23,,,,,0.0,1.0
1983-12-26,,,,,0.0,1.0
1983-12-27,,,,,0.0,1.0
1983-12-28,,,,,0.0,1.0
1983-12-29,,,,,0.0,1.0
1983-12-30,,,,,0.0,1.0
1984-01-02,,,,,0.0,1.0
1984-01-03,,,,,0.0,1.0
1984-01-04,,,,,0.0,1.0
1984-01-05,,,,,0.0,1.0
1984-01-06,,,,,0.0,1.0
1984-01-09,,,,,0.0,1.0
1984-01-10,,,,,0.0,1.0
1984-01-11,,,,,0.0,1.0
1984-01-12,,,,,0.0,1.0
1984-01-13,,,,,0.0,1.0
1984-01-16,,,,,0.0,1.0
1984-01-17,,,,,0.0,1.0
1984-01-18,,,,,0.0,1.0
1984-01-19,,,,,0.0,1.0
1984-01-20,,,,,0.0,1.0
1984-01-23,,,,,0.0,1.0
1984-01-24,,,,,0.0,1.0
1984-01-25,,,,,0.0,1.0
1984-01-26,,,,,0.0,1.0
1984-01-27,,,,,0.0,1.0
1984-01-30,,,,,0.0,1.0
1984-01-31,,,,,0.0,1.0
1984-02-01,,,,,0.0,1.0
1984-02-02,,,,,0.0,1.0
1984-02-03,,,,,0.0,1.0
1984-02-06,,,,,0.0,1.0
1984-02-07,,,,,0.0,1.0
1984-02-08,,,,,0.0,1.0
1984-02-09,,,,,0.0,1.0
1984-02-10,,,,,0.0,1.0
1984-02-13,,,,,0.0,1.0
1984-02-14,,,,,0.0,1.0
1984-02-15,,,,,0.0,1.0
1984-02-16,,,,,0.0,1.0
1984-02-17,,,,,0.0,1.0
1984-02-20,,,,,0.0,1.0
1984-02-21,,,,,0.0,1.0
1984-02-22,,,,,0.0,1.0
1984-02-23,,,,,0.0,1.0
1984-02-24,,,,,0.0,1.0
1984-02-27,,,,,0.0,1.0
1984-02-28,,,,,0.0,1.0
1984-02-29,,,,,0.0,1.0
1984-03-01,,,,,0.0,1.0
1984-03-02,,,,,0.0,1.0
1984-03-05,,,,,0.0,1.0
1984-03-06,,,,,0.0,1.0
1984-03-07,,,,,0.0,1.0
1984-03-08,,,,,0.0,1.0
1984-03-09,,,,,0.0,1.0
1984-03-12,,,,,0.0,1.0
1984-03-13,,,,,0.0,1.0
1984-03-14,,,,,0.0,1.0
1984-03-15,,,,,0.0,1.0
1984-03-16,,,,,0.0,1.0
1984-03-19,,,,,0.0,1.0
1984-03-20,,,,,0.0,1.0
1984-03-21,,,,,0.0,1.0
1984-03-22,,,,,0.0,1.0
1984-03-23,,,,,0.0,1.0
1984-03-26,,,,,0.0,1.0
1984-03-27,,,,,0.0,1.0
1984-03-28,,,,,0.0,1.0
1984-03-29,,,,,0.0,1.0
1984-03-30,,,,,0.0,1.0
1984-04-02,,,,,0.0,1.0
1984-04-03,,,,,0.0,1.0
1984-04-04,,,,,0.0,1.0
1984-04-05,,,,,0.0,1.0
1984-04-06,,,,,0.0,1.0
1984-04-09,,,,,0.0,1.0
1984-04-10,,,,,0.0,1.0
1984-04-11,,,,,0.0,1.0
1984-04-12,,,,,0.0,1.0
1984-04-13,,,,,0.0,1.0
1984-04-16,,,,,0.0,1.0
1984-04-17,,,,,0.0,1.0
1984-04-18,,,,,0.0,1.0
1984-04-19,,,,,0.0,1.0
1984-04-20,,,,,0.0,1.0
1984-04-23,,,,,0.0,1.0
1984-04-24,,,,,0.0,1.0
1984-04-25,,,,,0.0,1.0
1984-04-26,,,,,0.0,1.0
1984-04-27,,,,,0.0,1.0
1984-04-30,,,,,0.0,1.0
1984-05-01,,,,,0.0,1.0
1984-05-02,,,,,0.0,1.0
1984-05-03,,,,,0.0,1.0
1984-05-04,,,,,0.0,1.0
1984-05-07,,,,,0.0,1.0
1984-05-08,,,,,0.0,1.0
1984-05-09,,,,,0.0,1.0
1984-05-10,,,,,0.0,1.0
1984-05-11,,,,,0.0,1.0
1984-05-14,,,,,0.0,1.0
1984-05-15,,,,,0.0,1.0
1984-05-16,,,,,0.0,1.0
1984-05-17,,,,,0.0,1.0
1984-05-18,,,,,0.0,1.0
1984-05-21,,,,,0.0,1.0
1984-05-22,,,,,0.0,1.0
1984-05-23,,,,,0.0,1.0
1984-05-24,,,,,0.0,1.0
1984-05-25,,,,,0.0,1.0
1984-05-28,,,,,0.0,1.0
1984-05-29,,,,,0.0,1.0
1984-05-30,,,,,0.0,1.0
1984-05-31,,,,,0.0,1.0
1984-06-01,,,,,0.0,1.0
1984-06-04,,,,,0.0,1.0
1984-06-05,,,,,0.0,1.0
1984-06-06,,,,,0.0,1.0
1984-06-07,,,,,0.0,1.0
1984-06-08,,,,,0.0,1.0
1984-06-11,,,,,0.0,1.0
1984-06-12,,,,,0.0,1.0
1984-06-13,,,,,0.0,1.0
1984-06-14,,,,,0.0,1.0
1984-06-15,,,,,0.0,1.0
1984-06-18,,,,,0.0,1.0
1984-06-19,,,,,0.0,1.0
1984-06-20,,,,,0.0,1.0
1984-06-21,,,,,0.0,1.0
1984-06-22,,,,,0.0,1.0
1984-06-25,,,,,0.0,1.0
1984-06-26,,,,,0.0,1.0
1984-06-27,,,,,0.0,1.0
1984-06-28,,,,,0.0,1.0
1984-06-29,,,,,0.0,1.0
1984-07-02,,,,,0.0,1.0
1984-07-03,,,,,0.0,1.0
1984-07-04,,,,,0.0,1.0
1984-07-05,,,,,0.0,1.0
1984-07-06,,,,,0.0,1.0
1984-07-09,,,,,0.0,1.0
1984-07-10,,,,,0.0,1.0
1984-07-11,,,,,0.0,1.0
1984-07-12,,,,,0.0,1.0
1984-07-13,,,,,0.0,1.0
1984-07-16,,,,,0.0,1.0
1984-07-17,,,,,0.0,1.0
1984-07-18,,,,,0.0,1.0
1984-07-19,,,,,0.0,1.0
1984-07-20,,,,,0.0,1.0
1984-07-23,,,,,0.0,1.0
1984-07-24,,,,,0.0,1.0
1984-07-25,,,,,0.0,1.0
1984-07-26,,,,,0.0,1.0
1984-07-27,,,,,0.0,1.0
1984-07-30,,,,,0.0,1.0
1984-07-31,,,,,0.0,1.0
1984-08-01,,,,,0.0,1.0
1984-08-02,,,,,0.0,1.0
1984-08-03,,,,,0.0,1.0
1984-08-06,,,,,0.0,1.0
1984-08-07,,,,,0.0,1.0
1984-08-08,,,,,0.0,1.0
1984-08-09,,,,,0.0,1.0
1984-08-10,,,,,0.0,1.0
1984-08-13,,,,,0.0,1.0
1984-08-14,,,,,0.0,1.0
1984-08-15,,,,,0.0,1.0
1984-08-16,,,,,0.0,1.0
1984-08-17,,,,,0.0,1.0
1984-08-20,,,,,0.0,1.0
1984-08-21,,,,,0.0,1.0
1984-08-22,,,,,0.0,1.0
1984-08-23,,,,,0.0,1.0
1984-08-24,,,,,0.0,1.0
1984-08-27,,,,,0.0,1.0
1984-08-28,,,,,0.0,1.0
1984-08-29,,,,,0.0,1.0
1984-08-30,,,,,0.0,1.0
1984-08-31,,,,,0.0,1.0
1984-09-03,,,,,0.0,1.0
1984-09-04,,,,,0.0,1.0
1984-09-05,,,,,0.0,1.0
1984-09-06,,,,,0.0,1.0
1984-09-07,,,,,0.0,1.0
1984-09-10,,,,,0.0,1.0
1984-09-11,,,,,0.0,1.0
1984-09-12,,,,,0.0,1.0
1984-09-13,,,,,0.0,1.0
1984-09-14,,,,,0.0,1.0
1984-09-17,,,,,0.0,1.0
1984-09-18,,,,,0.0,1.0
1984-09-19,,,,,0.0,1.0
1984-09-20,,,,,0.0,1.0
1984-09-21,,,,,0.0,1.0
1984-09-24,,,,,0.0,1.0
1984-09-25,,,,,0.0,1.0
1984-09-26,,,,,0.0,1.0
1984-09-27,,,,,0.0,1.0
1984-09-28,,,,,0.0,1.0
1984-10-01,,,,,0.0,1.0
1984-10-02,,,,,0.0,1.0
1984-10-03,,,,,0.0,1.0
1984-10-04,,,,,0.0,1.0
1984-10-05,,,,,0.0,1.0
1984-10-08,,,,,0.0,1.0
1984-10-09,,,,,0.0,1.0
1984-10-10,,,,,0.0,1.0
1984-10-11,,,,,0.0,1.0
1984-10-12,,,,,0.0,1.0
1984-10-15,,,,,0.0,1.0
1984-10-16,,,,,0.0,1.0
1984-10-17,,,,,0.0,1.0
1984-10-18,,,,,0.0,1.0
1984-10-19,,,,,0.0,1.0
1984-10-22,,,,,0.0,1.0
1984-10-23,,,,,0.0,1.0
1984-10-24,,,,,0.0,1.0
1984-10-25,,,,,0.0,1.0
1984-10-26,,,,,0.0,1.0
1984-10-29,,,,,0.0,1.0
1984-10-30,,,,,0.0,1.0
1984-10-31,,,,,0.0,1.0
1984-11-01,,,,,0.0,1.0
1984-11-02,,,,,0.0,1.0
1984-11-05,,,,,0.0,1.0
1984-11-06,,,,,0.0,1.0
1984-11-07,,,,,0.0,1.0
1984-11-08,,,,,0.0,1.0
1984-11-09,,,,,0.0,1.0
1984-11-12,,,,,0.0,1.0
1984-11-13,,,,,0.0,1.0
1984-11-14,,,,,0.0,1.0
1984-11-15,,,,,0.0,1.0
1984-11-16,,,,,0.0,1.0
1984-11-19,,,,,0.0,1.0
1984-11-20,,,,,0.0,1.0
1984-11-21,,,,,0.0,1.0
1984-11-22,,,,,0.0,1.0
1984-11-23,,,,,0.0,1.0
1984-11-26,,,,,0.0,1.0
1984-11-27,,,,,0.0,1.0
1984-11-28,,,,,0.0,1.0
1984-11-29,,,,,0.0,1.0
1984-11-30,,,,,0.0,1.0
1984-12-03,,,,,0.0,1.0
1984-12-04,,,,,0.0,1.0
1984-12-05,,,,,0.0,1.0
1984-12-06,,,,,0.0,1.0
1984-12-07,,,,,0.0,1.0
1984-12-10,,,,,0.0,1.0
1984-12-11,,,,,0.0,1.0
1984-12-12,,,,,0.0,1.0
1984-12-13,,,,,0.0,1.0
1984-12-14,,,,,0.0,1.0
1984-12-17,,,,,0.0,1.0
1984-12-18,,,,,0.0,1.0
1984-12-19,,,,,0.0,1.0
1984-12-20,,,,,0.0,1.0
1984-12-21,,,,,0.0,1.0
1984-12-24,,,,,0.0,1.0
1984-12-25,,,,,0.0,1.0
1984-12-26,,,,,0.0,1.0
1984-12-27,,,,,0.0,1.0
1984-12-28,,,,,0.0,1.0
1984-12-31,,,,,0.0,1.0
1985-01-01,,,,,0.0,1.0
1985-01-02,,,,,0.0,1.0
1985-01-03,,,,,0.0,1.0
1985-01-04,,,,,0.0,1.0
1985-01-07,,,,,0.0,1.0
1985-01-08,,,,,0.0,1.0
1985-01-09,,,,,0.0,1.0
1985-01-10,,,,,0.0,1.0
1985-01-11,,,,,0.0,1.0
1985-01-14,,,,,0.0,1.0
1985-01-15,,,,,0.0,1.0
1985-01-16,,,,,0.0,1.0
1985-01-17,,,,,0.0,1.0
1985-01-18,,,,,0.0,1.0
1985-01-21,,,,,0.0,1.0
1985-01-22,,,,,0.0,1.0
1985-01-23,,,,,0.0,1.0
1985-01-24,,,,,0.0,1.0
1985-01-25,,,,,0.0,1.0
1985-01-28,,,,,0.0,1.0
1985-01-29,,,,,0.0,1.0
1985-01-30,,,,,0.0,1.0
1985-01-31,,,,,0.0,1.0
1985-02-01,,,,,0.0,1.0
1985-02-04,,,,,0.0,1.0
1985-02-05,,,,,0.0,1.0
1985-02-06,,,,,0.0,1.0
1985-02-07,,,,,0.0,1.0
1985-02-08,,,,,0.0,1.0
1985-02-11,,,,,0.0,1.0
1985-02-12,,,,,0.0,1.0
1985-02-13,,,,,0.0,1.0
1985-02-14,,,,,0.0,1.0
1985-02-15,,,,,0.0,1.0
1985-02-18,,,,,0.0,1.0
1985-02-19,,,,,0.0,1.0
1985-02-20,,,,,0.0,1.0
1985-02-21,,,,,0.0,1.0
1985-02-22,,,,,0.0,1.0
1985-02-25,,,,,0.0,1.0
1985-02-26,,,,,0.0,1.0
1985-02-27,,,,,0.0,1.0
1985-02-28,,,,,0.0,1.0
1985-03-01,,,,,0.0,1.0
1985-03-04,,,,,0.0,1.0
1985-03-05,,,,,0.0,1.0
1985-03-06,,,,,0.0,1.0
1985-03-07,,,,,0.0,1.0
1985-03-08,,,,,0.0,1.0
1985-03-11,,,,,0.0,1.0
1985-03-12,,,,,0.0,1.0
1985-03-13,,,,,0.0,1.0
1985-03-14,,,,,0.0,1.0
1985-03-15,,,,,0.0,1.0
1985-03-18,,,,,0.0,1.0
1985-03-19,,,,,0.0,1.0
1985-03-20,,,,,0.0,1.0
1985-03-21,,,,,0.0,1.0
1985-03-22,,,,,0.0,1.0
1985-03-25,,,,,0.0,1.0
1985-03-26,,,,,0.0,1.0
1985-03-27,,,,,0.0,1.0
1985-03-28,,,,,0.0,1.0
1985-03-29,,,,,0.0,1.0
1985-04-01,,,,,0.0,1.0
1985-04-02,,,,,0.0,1.0
1985-04-03,,,,,0.0,1.0
1985-04-04,,,,,0.0,1.0
1985-04-05,,,,,0.0,1.0
1985-04-08,,,,,0.0,1.0
1985-04-09,,,,,0.0,1.0
1985-04-10,,,,,0.0,1.0
1985-04-11,,,,,0.0,1.0
1985-04-12,,,,,0.0,1.0
1985-04-15,,,,,0.0,1.0
1985-04-16,,,,,0.0,1.0
1985-04-17,,,,,0.0,1.0
1985-04-18,,,,,0.0,1.0
1985-04-19,,,,,0.0,1.0
1985-04-22,,,,,0.0,1.0
1985-04-23,,,,,0.0,1.0
1985-04-24,,,,,0.0,1.0
1985-04-25,,,,,0.0,1.0
1985-04-26,,,,,0.0,1.0
1985-04-29,,,,,0.0,1.0
1985-04-30,,,,,0.0,1.0
1985-05-01,,,,,0.0,1.0
1985-05-02,,,,,0.0,1.0
1985-05-03,,,,,0.0,1.0
1985-05-06,,,,,0.0,1.0
1985-05-07,,,,,0.0,1.0
1985-05-08,,,,,0.0,1.0
1985-05-09,,,,,0.0,1.0
1985-05-10,,,,,0.0,1.0
1985-05-13,,,,,0.0,1.0
1985-05-14,,,,,0.0,1.0
1985-05-15,,,,,0.0,1.0
1985-05-16,,,,,0.0,1.0
1985-05-17,,,,,0.0,1.0
1985-05-20,,,,,0.0,1.0
1985-05-21,,,,,0.0,1.0
1985-05-22,,,,,0.0,1.0
1985-05-23,,,,,0.0,1.0
1985-05-24,,,,,0.0,1.0
1985-05-27,,,,,0.0,1.0
1985-05-28,,,,,0.0,1.0
1985-05-29,,,,,0.0,1.0
1985-05-30,,,,,0.0,1.0
1985-05-31,,,,,0.0,1.0
1985-06-03,,,,,0.0,1.0
1985-06-04,,,,,0.0,1.0
1985-06-05,,,,,0.0,1.0
1985-06-06,,,,,0.0,1.0
1985-06-07,,,,,0.0,1.0
1985-06-10,,,,,0.0,1.0
1985-06-11,,,,,0.0,1.0
1985-06-12,,,,,0.0,1.0
1985-06-13,,,,,0.0,1.0
1985-06-14,,,,,0.0,1.0
1985-06-17,,,,,0.0,1.0
1985-06-18,,,,,0.0,1.0
1985-06-19,,,,,0.0,1.0
1985-06-20,,,,,0.0,1.0
1985-06-21,,,,,0.0,1.0
1985-06-24,,,,,0.0,1.0
1985-06-25,,,,,0.0,1.0
1985-06-26,,,,,0.0,1.0
1985-06-27,,,,,0.0,1.0
1985-06-28,,,,,0.0,1.0
1985-07-01,,,,,0.0,1.0
1985-07-02,,,,,0.0,1.0
1985-07-03,,,,,0.0,1.0
1985-07-04,,,,,0.0,1.0
1985-07-05,,,,,0.0,1.0
1985-07-08,,,,,0.0,1.0
1985-07-09,,,,,0.0,1.0
1985-07-10,,,,,0.0,1.0
1985-07-11,,,,,0.0,1.0
1985-07-12,,,,,0.0,1.0
1985-07-15,,,,,0.0,1.0
1985-07-16,,,,,0.0,1.0
1985-07-17,,,,,0.0,1.0
1985-07-18,,,,,0.0,1.0
1985-07-19,,,,,0.0,1.0
1985-07-22,,,,,0.0,1.0
1985-07-23,,,,,0.0,1.0
1985-07-24,,,,,0.0,1.0
1985-07-25,,,,,0.0,1.0
1985-07-26,,,,,0.0,1.0
1985-07-29,,,,,0.0,1.0
1985-07-30,,,,,0.0,1.0
1985-07-31,,,,,0.0,1.0
1985-08-01,,,,,0.0,1.0
1985-08-02,,,,,0.0,1.0
1985-08-05,,,,,0.0,1.0
1985-08-06,,,,,0.0,1.0
1985-08-07,,,,,0.0,1.0
1985-08-08,,,,,0.0,1.0
1985-08-09,,,,,0.0,1.0
1985-08-12,,,,,0.0,1.0
1985-08-13,,,,,0.0,1.0
1985-08-14,,,,,0.0,1.0
1985-08-15,,,,,0.0,1.0
1985-08-16,,,,,0.0,1.0
1985-08-19,,,,,0.0,1.0
1985-08-20,,,,,0.0,1.0
1985-08-21,,,,,0.0,1.0
1985-08-22,,,,,0.0,1.0
1985-08-23,,,,,0.0,1.0
1985-08-26,,,,,0.0,1.0
1985-08-27,,,,,0.0,1.0
1985-08-28,,,,,0.0,1.0
1985-08-29,,,,,0.0,1.0
1985-08-30,,,,,0.0,1.0
1985-09-02,,,,,0.0,1.0
1985-09-03,,,,,0.0,1.0
1985-09-04,,,,,0.0,1.0
1985-09-05,,,,,0.0,1.0
1985-09-06,,,,,0.0,1.0
1985-09-09,,,,,0.0,1.0
1985-09-10,,,,,0.0,1.0
1985-09-11,,,,,0.0,1.0
1985-09-12,,,,,0.0,1.0
1985-09-13,,,,,0.0,1.0
1985-09-16,,,,,0.0,1.0
1985-09-17,,,,,0.0,1.0
1985-09-18,,,,,0.0,1.0
1985-09-19,,,,,0.0,1.0
1985-09-20,,,,,0.0,1.0
1985-09-23,,,,,0.0,1.0
1985-09-24,,,,,0.0,1.0
1985-09-25,,,,,0.0,1.0
1985-09-26,,,,,0.0,1.0
1985-09-27,,,,,0.0,1.0
1985-09-30,,,,,0.0,1.0
1985-10-01,,,,,0.0,1.0
1985-10-02,,,,,0.0,1.0
1985-10-03,,,,,0.0,1.0
1985-10-04,,,,,0.0,1.0
1985-10-07,,,,,0.0,1.0
1985-10-08,,,,,0.0,1.0
1985-10-09,,,,,0.0,1.0
1985-10-10,,,,,0.0,1.0
1985-10-11,,,,,0.0,1.0
1985-10-14,,,,,0.0,1.0
1985-10-15,,,,,0.0,1.0
1985-10-16,,,,,0.0,1.0
1985-10-17,,,,,0.0,1.0
1985-10-18,,,,,0.0,1.0
1985-10-21,,,,,0.0,1.0
1985-10-22,,,,,0.0,1.0
1985-10-23,,,,,0.0,1.0
1985-10-24,,,,,0.0,1.0
1985-10-25,,,,,0.0,1.0
1985-10-28,,,,,0.0,1.0
1985-10-29,,,,,0.0,1.0
1985-10-30,,,,,0.0,1.0
1985-10-31,,,,,0.0,1.0
1985-11-01,,,,,0.0,1.0
1985-11-04,,,,,0.0,1.0
1985-11-05,,,,,0.0,1.0
1985-11-06,,,,,0.0,1.0
1985-11-07,,,,,0.0,1.0
1985-11-08,,,,,0.0,1.0
1985-11-11,,,,,0.0,1.0
1985-11-12,,,,,0.0,1.0
1985-11-13,,,,,0.0,1.0
1985-11-14,,,,,0.0,1.0
1985-11-15,,,,,0.0,1.0
1985-11-18,,,,,0.0,1.0
1985-11-19,,,,,0.0,1.0
1985-11-20,,,,,0.0,1.0
1985-11-21,,,,,0.0,1.0
1985-11-22,,,,,0.0,1.0
1985-11-25,,,,,0.0,1.0
1985-11-26,,,,,0.0,1.0
1985-11-27,,,,,0.0,1.0
1985-11-28,,,,,0.0,1.0
1985-11-29,,,,,0.0,1.0
1985-12-02,,,,,0.0,1.0
1985-12-03,,,,,0.0,1.0
1985-12-04,,,,,0.0,1.0
1985-12-05,,,,,0.0,1.0
1985-12-06,,,,,0.0,1.0
1985-12-09,,,,,0.0,1.0
1985-12-10,,,,,0.0,1.0
1985-12-11,,,,,0.0,1.0
1985-12-12,,,,,0.0,1.0
1985-12-13,,,,,0.0,1.0
1985-12-16,,,,,0.0,1.0
1985-12-17,,,,,0.0,1.0
1985-12-18,,,,,0.0,1.0
1985-12-19,,,,,0.0,1.0
1985-12-20,,,,,0.0,1.0
1985-12-23,,,,,0.0,1.0
1985-12-24,,,,,0.0,1.0
1985-12-25,,,,,0.0,1.0
1985-12-26,,,,,0.0,1.0
1985-12-27,,,,,0.0,1.0
1985-12-30,,,,,0.0,1.0
1985-12-31,,,,,0.0,1.0
1986-01-02,,,,,0.0,1.0
1986-01-03,,,,,0.0,1.0
1986-01-06,,,,,0.0,1.0
1986-01-07,,,,,0.0,1.0
1986-01-08,,,,,0.0,1.0
1986-01-09,,,,,0.0,1.0
1986-01-10,,,,,0.0,1.0
1986-01-13,,,,,0.0,1.0
1986-01-14,,,,,0.0,1.0
1986-01-15,,,,,0.0,1.0
1986-01-16,,,,,0.0,1.0
1986-01-17,,,,,0.0,1.0
1986-01-20,,,,,0.0,1.0
1986-01-21,,,,,0.0,1.0
1986-01-22,,,,,0.0,1.0
1986-01-23,,,,,0.0,1.0
1986-01-24,,,,,0.0,1.0
1986-01-27,,,,,0.0,1.0
1986-01-28,,,,,0.0,1.0
1986-01-29,,,,,0.0,1.0
1986-01-30,,,,,0.0,1.0
1986-01-31,,,,,0.0,1.0
1986-02-03,,,,,0.0,1.0
1986-02-04,,,,,0.0,1.0
1986-02-05,,,,,0.0,1.0
1986-02-06,,,,,0.0,1.0
1986-02-07,,,,,0.0,1.0
1986-02-10,,,,,0.0,1.0
1986-02-11,,,,,0.0,1.0
1986-02-12,,,,,0.0,1.0
1986-02-13,,,,,0.0,1.0
1986-02-14,,,,,0.0,1.0
1986-02-17,,,,,0.0,1.0
1986-02-18,,,,,0.0,1.0
1986-02-19,,,,,0.0,1.0
1986-02-20,,,,,0.0,1.0
1986-02-21,,,,,0.0,1.0
1986-02-24,,,,,0.0,1.0
1986-02-25,,,,,0.0,1.0
1986-02-26,,,,,0.0,1.0
1986-02-27,,,,,0.0,1.0
1986-02-28,,,,,0.0,1.0
1986-03-03,,,,,0.0,1.0
1986-03-04,,,,,0.0,1.0
1986-03-05,,,,,0.0,1.0
1986-03-06,,,,,0.0,1.0
1986-03-07,,,,,0.0,1.0
1986-03-10,,,,,0.0,1.0
1986-03-11,,,,,0.0,1.0
1986-03-12,,,,,0.0,1.0
1986-03-13,,,,,0.0,1.0
1986-03-14,,,,,0.0,1.0
1986-03-17,,,,,0.0,1.0
1986-03-18,,,,,0.0,1.0
1986-03-19,,,,,0.0,1.0
1986-03-20,,,,,0.0,1.0
1986-03-21,,,,,0.0,1.0
1986-03-24,,,,,0.0,1.0
1986-03-25,,,,,0.0,1.0
1986-03-26,,,,,0.0,1.0
1986-03-27,,,,,0.0,1.0
1986-04-01,,,,,0.0,1.0
1986-04-02,,,,,0.0,1.0
1986-04-03,,,,,0.0,1.0
1986-04-04,,,,,0.0,1.0
1986-04-07,,,,,0.0,1.0
1986-04-08,,,,,0.0,1.0
1986-04-09,,,,,0.0,1.0
1986-04-10,,,,,0.0,1.0
1986-04-11,,,,,0.0,1.0
1986-04-14,,,,,0.0,1.0
1986-04-15,,,,,0.0,1.0
1986-04-16,,,,,0.0,1.0
1986-04-17,,,,,0.0,1.0
1986-04-18,,,,,0.0,1.0
1986-04-21,,,,,0.0,1.0
1986-04-22,,,,,0.0,1.0
1986-04-23,,,,,0.0,1.0
1986-04-24,,,,,0.0,1.0
1986-04-25,,,,,0.0,1.0
1986-04-28,,,,,0.0,1.0
1986-04-29,,,,,0.0,1.0
1986-04-30,,,,,0.0,1.0
1986-05-01,,,,,0.0,1.0
1986-05-02,,,,,0.0,1.0
1986-05-05,,,,,0.0,1.0
1986-05-06,,,,,0.0,1.0
1986-05-07,,,,,0.0,1.0
1986-05-08,,,,,0.0,1.0
1986-05-09,,,,,0.0,1.0
1986-05-12,,,,,0.0,1.0
1986-05-13,,,,,0.0,1.0
1986-05-14,,,,,0.0,1.0
1986-05-15,,,,,0.0,1.0
1986-05-16,,,,,0.0,1.0
1986-05-19,,,,,0.0,1.0
1986-05-20,,,,,0.0,1.0
1986-05-21,,,,,0.0,1.0
1986-05-22,,,,,0.0,1.0
1986-05-23,,,,,0.0,1.0
1986-05-26,,,,,0.0,1.0
1986-05-27,,,,,0.0,1.0
1986-05-28,,,,,0.0,1.0
1986-05-29,,,,,0.0,1.0
1986-05-30,,,,,0.0,1.0
1986-06-02,,,,,0.0,1.0
1986-06-03,,,,,0.0,1.0
1986-06-04,,,,,0.0,1.0
1986-06-05,,,,,0.0,1.0
1986-06-06,,,,,0.0,1.0
1986-06-09,,,,,0.0,1.0
1986-06-10,,,,,0.0,1.0
1986-06-11,,,,,0.0,1.0
1986-06-12,,,,,0.0,1.0
1986-06-13,,,,,0.0,1.0
1986-06-16,,,,,0.0,1.0
1986-06-17,,,,,0.0,1.0
1986-06-18,,,,,0.0,1.0
1986-06-19,,,,,0.0,1.0
1986-06-20,,,,,0.0,1.0
1986-06-23,,,,,0.0,1.0
1986-06-24,,,,,0.0,1.0
1986-06-25,,,,,0.0,1.0
1986-06-26,,,,,0.0,1.0
1986-06-27,,,,,0.0,1.0
1986-06-30,,,,,0.0,1.0
1986-07-01,,,,,0.0,1.0
1986-07-02,,,,,0.0,1.0
1986-07-03,,,,,0.0,1.0
1986-07-04,,,,,0.0,1.0
1986-07-07,,,,,0.0,1.0
1986-07-08,,,,,0.0,1.0
1986-07-09,,,,,0.0,1.0
1986-07-10,,,,,0.0,1.0
1986-07-11,,,,,0.0,1.0
1986-07-14,,,,,0.0,1.0
1986-07-15,,,,,0.0,1.0
1986-07-16,,,,,0.0,1.0
1986-07-17,,,,,0.0,1.0
1986-07-18,,,,,0.0,1.0
1986-07-21,,,,,0.0,1.0
1986-07-22,,,,,0.0,1.0
1986-07-23,,,,,0.0,1.0
1986-07-24,,,,,0.0,1.0
1986-07-25,,,,,0.0,1.0
1986-07-28,,,,,0.0,1.0
1986-07-29,,,,,0.0,1.0
1986-07-30,,,,,0.0,1.0
1986-07-31,,,,,0.0,1.0
1986-08-01,,,,,0.0,1.0
1986-08-04,,,,,0.0,1.0
1986-08-05,,,,,0.0,1.0
1986-08-06,,,,,0.0,1.0
1986-08-07,,,,,0.0,1.0
1986-08-08,,,,,0.0,1.0
1986-08-11,,,,,0.0,1.0
1986-08-12,,,,,0.0,1.0
1986-08-13,,,,,0.0,1.0
1986-08-14,,,,,0.0,1.0
1986-08-15,,,,,0.0,1.0
1986-08-18,,,,,0.0,1.0
1986-08-19,,,,,0.0,1.0
1986-08-20,,,,,0.0,1.0
1986-08-21,,,,,0.0,1.0
1986-08-22,,,,,0.0,1.0
1986-08-25,,,,,0.0,1.0
1986-08-26,,,,,0.0,1.0
1986-08-27,,,,,0.0,1.0
1986-08-28,,,,,0.0,1.0
1986-08-29,,,,,0.0,1.0
1986-09-01,,,,,0.0,1.0
1986-09-02,,,,,0.0,1.0
1986-09-03,,,,,0.0,1.0
1986-09-04,,,,,0.0,1.0
1986-09-05,,,,,0.0,1.0
1986-09-08,,,,,0.0,1.0
1986-09-09,,,,,0.0,1.0
1986-09-10,,,,,0.0,1.0
1986-09-11,,,,,0.0,1.0
1986-09-12,,,,,0.0,1.0
1986-09-15,,,,,0.0,1.0
1986-09-16,,,,,0.0,1.0
1986-09-17,,,,,0.0,1.0
1986-09-18,,,,,0.0,1.0
1986-09-19,,,,,0.0,1.0
1986-09-22,,,,,0.0,1.0
1986-09-23,,,,,0.0,1.0
1986-09-24,,,,,0.0,1.0
1986-09-25,,,,,0.0,1.0
1986-09-26,,,,,0.0,1.0
1986-09-29,,,,,0.0,1.0
1986-09-30,,,,,0.0,1.0
1986-10-01,,,,,0.0,1.0
1986-10-02,,,,,0.0,1.0
1986-10-03,,,,,0.0,1.0
1986-10-06,,,,,0.0,1.0
1986-10-07,,,,,0.0,1.0
1986-10-08,,,,,0.0,1.0
1986-10-09,,,,,0.0,1.0
1986-10-10,,,,,0.0,1.0
1986-10-13,,,,,0.0,1.0
1986-10-14,,,,,0.0,1.0
1986-10-15,,,,,0.0,1.0
1986-10-16,,,,,0.0,1.0
1986-10-17,,,,,0.0,1.0
1986-10-20,,,,,0.0,1.0
1986-10-21,,,,,0.0,1.0
1986-10-22,,,,,0.0,1.0
1986-10-23,,,,,0.0,1.0
1986-10-24,,,,,0.0,1.0
1986-10-27,,,,,0.0,1.0
1986-10-28,,,,,0.0,1.0
1986-10-29,,,,,0.0,1.0
1986-10-30,,,,,0.0,1.0
1986-10-31,,,,,0.0,1.0
1986-11-03,,,,,0.0,1.0
1986-11-04,,,,,0.0,1.0
1986-11-05,,,,,0.0,1.0
1986-11-06,,,,,0.0,1.0
1986-11-07,,,,,0.0,1.0
1986-11-10,,,,,0.0,1.0
1986-11-11,,,,,0.0,1.0
1986-11-12,,,,,0.0,1.0
1986-11-13,,,,,0.0,1.0
1986-11-14,,,,,0.0,1.0
1986-11-17,,,,,0.0,1.0
1986-11-18,,,,,0.0,1.0
1986-11-19,,,,,0.0,1.0
1986-11-20,,,,,0.0,1.0
1986-11-21,,,,,0.0,1.0
1986-11-24,,,,,0.0,1.0
1986-11-25,,,,,0.0,1.0
1986-11-26,,,,,0.0,1.0
1986-11-27,,,,,0.0,1.0
1986-11-28,,,,,0.0,1.0
1986-12-01,,,,,0.0,1.0
1986-12-02,,,,,0.0,1.0
1986-12-03,,,,,0.0,1.0
1986-12-04,,,,,0.0,1.0
1986-12-05,,,,,0.0,1.0
1986-12-08,,,,,0.0,1.0
1986-12-09,,,,,0.0,1.0
1986-12-10,,,,,0.0,1.0
1986-12-11,,,,,0.0,1.0
1986-12-12,,,,,0.0,1.0
1986-12-15,,,,,0.0,1.0
1986-12-16,,,,,0.0,1.0
1986-12-17,,,,,0.0,1.0
1986-12-18,,,,,0.0,1.0
1986-12-19,,,,,0.0,1.0
1986-12-22,,,,,0.0,1.0
1986-12-23,,,,,0.0,1.0
1986-12-24,,,,,0.0,1.0
1986-12-29,,,,,0.0,1.0
1986-12-30,,,,,0.0,1.0
1986-12-31,,,,,0.0,1.0
1987-01-02,,,,,0.0,1.0
1987-01-05,,,,,0.0,1.0
1987-01-06,,,,,0.0,1.0
1987-01-07,,,,,0.0,1.0
1987-01-08,,,,,0.0,1.0
1987-01-09,,,,,0.0,1.0
1987-01-12,,,,,0.0,1.0
1987-01-13,,,,,0.0,1.0
1987-01-14,,,,,0.0,1.0
1987-01-15,,,,,0.0,1.0
1987-01-16,,,,,0.0,1.0
1987-01-19,,,,,0.0,1.0
1987-01-20,,,,,0.0,1.0
1987-01-21,,,,,0.0,1.0
1987-01-22,,,,,0.0,1.0
1987-01-23,,,,,0.0,1.0
1987-01-26,,,,,0.0,1.0
1987-01-27,,,,,0.0,1.0
1987-01-28,,,,,0.0,1.0
1987-01-29,,,,,0.0,1.0
1987-01-30,,,,,0.0,1.0
1987-02-02,,,,,0.0,1.0
1987-02-03,,,,,0.0,1.0
1987-02-04,,,,,0.0,1.0
1987-02-05,,,,,0.0,1.0
1987-02-06,,,,,0.0,1.0
1987-02-09,,,,,0.0,1.0
1987-02-10,,,,,0.0,1.0
1987-02-11,,,,,0.0,1.0
1987-02-12,,,,,0.0,1.0
1987-02-13,,,,,0.0,1.0
1987-02-16,,,,,0.0,1.0
1987-02-17,,,,,0.0,1.0
1987-02-18,,,,,0.0,1.0
1987-02-19,,,,,0.0,1.0
1987-02-20,,,,,0.0,1.0
1987-02-23,,,,,0.0,1.0
1987-02-24,,,,,0.0,1.0
1987-02-25,,,,,0.0,1.0
1987-02-26,,,,,0.0,1.0
1987-02-27,,,,,0.0,1.0
1987-03-02,,,,,0.0,1.0
1987-03-03,,,,,0.0,1.0
1987-03-04,,,,,0.0,1.0
1987-03-05,,,,,0.0,1.0
1987-03-06,,,,,0.0,1.0
1987-03-09,,,,,0.0,1.0
1987-03-10,,,,,0.0,1.0
1987-03-11,,,,,0.0,1.0
1987-03-12,,,,,0.0,1.0
1987-03-13,,,,,0.0,1.0
1987-03-16,,,,,0.0,1.0
1987-03-17,,,,,0.0,1.0
1987-03-18,,,,,0.0,1.0
1987-03-19,,,,,0.0,1.0
1987-03-20,,,,,0.0,1.0
1987-03-23,,,,,0.0,1.0
1987-03-24,,,,,0.0,1.0
1987-03-25,,,,,0.0,1.0
1987-03-26,,,,,0.0,1.0
1987-03-27,,,,,0.0,1.0
1987-03-30,,,,,0.0,1.0
1987-03-31,,,,,0.0,1.0
1987-04-01,,,,,0.0,1.0
1987-04-02,,,,,0.0,1.0
1987-04-03,,,,,0.0,1.0
1987-04-06,,,,,0.0,1.0
1987-04-07,,,,,0.0,1.0
1987-04-08,,,,,0.0,1.0
1987-04-09,,,,,0.0,1.0
1987-04-10,,,,,0.0,1.0
1987-04-13,,,,,0.0,1.0
1987-04-14,,,,,0.0,1.0
1987-04-15,,,,,0.0,1.0
1987-04-16,,,,,0.0,1.0
1987-04-21,,,,,0.0,1.0
1987-04-22,,,,,0.0,1.0
1987-04-23,,,,,0.0,1.0
1987-04-24,,,,,0.0,1.0
1987-04-27,,,,,0.0,1.0
1987-04-28,,,,,0.0,1.0
1987-04-29,,,,,0.0,1.0
1987-04-30,,,,,0.0,1.0
1987-05-01,,,,,0.0,1.0
1987-05-04,,,,,0.0,1.0
1987-05-05,,,,,0.0,1.0
1987-05-06,,,,,0.0,1.0
1987-05-07,,,,,0.0,1.0
1987-05-08,,,,,0.0,1.0
1987-05-11,,,,,0.0,1.0
1987-05-12,,,,,0.0,1.0
1987-05-13,,,,,0.0,1.0
1987-05-14,,,,,0.0,1.0
1987-05-15,,,,,0.0,1.0
1987-05-18,,,,,0.0,1.0
1987-05-19,,,,,0.0,1.0
1987-05-20,,,,,0.0,1.0
1987-05-21,,,,,0.0,1.0
1987-05-22,,,,,0.0,1.0
1987-05-25,,,,,0.0,1.0
1987-05-26,,,,,0.0,1.0
1987-05-27,,,,,0.0,1.0
1987-05-28,,,,,0.0,1.0
1987-05-29,,,,,0.0,1.0
1987-06-01,,,,,0.0,1.0
1987-06-02,,,,,0.0,1.0
1987-06-03,,,,,0.0,1.0
1987-06-04,,,,,0.0,1.0
1987-06-05,,,,,0.0,1.0
1987-06-08,,,,,0.0,1.0
1987-06-09,,,,,0.0,1.0
1987-06-10,,,,,0.0,1.0
1987-06-11,,,,,0.0,1.0
1987-06-12,,,,,0.0,1.0
1987-06-15,,,,,0.0,1.0
1987-06-16,,,,,0.0,1.0
1987-06-17,,,,,0.0,1.0
1987-06-18,,,,,0.0,1.0
1987-06-19,,,,,0.0,1.0
1987-06-22,,,,,0.0,1.0
1987-06-23,,,,,0.0,1.0
1987-06-24,,,,,0.0,1.0
1987-06-25,,,,,0.0,1.0
1987-06-26,,,,,0.0,1.0
1987-06-29,,,,,0.0,1.0
1987-06-30,,,,,0.0,1.0
1987-07-01,,,,,0.0,1.0
1987-07-02,,,,,0.0,1.0
1987-07-03,,,,,0.0,1.0
1987-07-06,,,,,0.0,1.0
1987-07-07,,,,,0.0,1.0
1987-07-08,,,,,0.0,1.0
1987-07-09,,,,,0.0,1.0
1987-07-10,,,,,0.0,1.0
1987-07-13,,,,,0.0,1.0
1987-07-14,,,,,0.0,1.0
1987-07-15,,,,,0.0,1.0
1987-07-16,,,,,0.0,1.0
1987-07-17,,,,,0.0,1.0
1987-07-20,,,,,0.0,1.0
1987-07-21,,,,,0.0,1.0
1987-07-22,,,,,0.0,1.0
1987-07-23,,,,,0.0,1.0
1987-07-24,,,,,0.0,1.0
1987-07-27,,,,,0.0,1.0
1987-07-28,,,,,0.0,1.0
1987-07-29,,,,,0.0,1.0
1987-07-30,,,,,0.0,1.0
1987-07-31,,,,,0.0,1.0
1987-08-03,,,,,0.0,1.0
1987-08-04,,,,,0.0,1.0
1987-08-05,,,,,0.0,1.0
1987-08-06,,,,,0.0,1.0
1987-08-07,,,,,0.0,1.0
1987-08-10,,,,,0.0,1.0
1987-08-11,,,,,0.0,1.0
1987-08-12,,,,,0.0,1.0
1987-08-13,,,,,0.0,1.0
1987-08-14,,,,,0.0,1.0
1987-08-17,,,,,0.0,1.0
1987-08-18,,,,,0.0,1.0
1987-08-19,,,,,0.0,1.0
1987-08-20,,,,,0.0,1.0
1987-08-21,,,,,0.0,1.0
1987-08-24,,,,,0.0,1.0
1987-08-25,,,,,0.0,1.0
1987-08-26,,,,,0.0,1.0
1987-08-27,,,,,0.0,1.0
1987-08-28,,,,,0.0,1.0
1987-08-31,,,,,0.0,1.0
1987-09-01,,,,,0.0,1.0
1987-09-02,,,,,0.0,1.0
1987-09-03,,,,,0.0,1.0
1987-09-04,,,,,0.0,1.0
1987-09-07,,,,,0.0,1.0
1987-09-08,,,,,0.0,1.0
1987-09-09,,,,,0.0,1.0
1987-09-10,,,,,0.0,1.0
1987-09-11,,,,,0.0,1.0
1987-09-14,,,,,0.0,1.0
1987-09-15,,,,,0.0,1.0
1987-09-16,,,,,0.0,1.0
1987-09-17,,,,,0.0,1.0
1987-09-18,,,,,0.0,1.0
1987-09-21,,,,,0.0,1.0
1987-09-22,,,,,0.0,1.0
1987-09-23,,,,,0.0,1.0
1987-09-24,,,,,0.0,1.0
1987-09-25,,,,,0.0,1.0
1987-09-28,,,,,0.0,1.0
1987-09-29,,,,,0.0,1.0
1987-09-30,,,,,0.0,1.0
1987-10-01,,,,,0.0,1.0
1987-10-02,,,,,0.0,1.0
1987-10-05,,,,,0.0,1.0
1987-10-06,,,,,0.0,1.0
1987-10-07,,,,,0.0,1.0
1987-10-08,,,,,0.0,1.0
1987-10-09,,,,,0.0,1.0
1987-10-12,,,,,0.0,1.0
1987-10-13,,,,,0.0,1.0
1987-10-14,,,,,0.0,1.0
1987-10-15,,,,,0.0,1.0
1987-10-16,,,,,0.0,1.0
1987-10-19,,,,,0.0,1.0
1987-10-20,,,,,0.0,1.0
1987-10-21,,,,,0.0,1.0
1987-10-22,,,,,0.0,1.0
1987-10-23,,,,,0.0,1.0
1987-10-26,,,,,0.0,1.0
1987-10-27,,,,,0.0,1.0
1987-10-28,,,,,0.0,1.0
1987-10-29,,,,,0.0,1.0
1987-10-30,,,,,0.0,1.0
1987-11-02,,,,,0.0,1.0
1987-11-03,,,,,0.0,1.0
1987-11-04,,,,,0.0,1.0
1987-11-05,,,,,0.0,1.0
1987-11-06,,,,,0.0,1.0
1987-11-09,,,,,0.0,1.0
1987-11-10,,,,,0.0,1.0
1987-11-11,,,,,0.0,1.0
1987-11-12,,,,,0.0,1.0
1987-11-13,,,,,0.0,1.0
1987-11-16,,,,,0.0,1.0
1987-11-17,,,,,0.0,1.0
1987-11-18,,,,,0.0,1.0
1987-11-19,,,,,0.0,1.0
1987-11-20,,,,,0.0,1.0
1987-11-23,,,,,0.0,1.0
1987-11-24,,,,,0.0,1.0
1987-11-25,,,,,0.0,1.0
1987-11-26,,,,,0.0,1.0
1987-11-27,,,,,0.0,1.0
1987-11-30,,,,,0.0,1.0
1987-12-01,,,,,0.0,1.0
1987-12-02,,,,,0.0,1.0
1987-12-03,,,,,0.0,1.0
1987-12-04,,,,,0.0,1.0
1987-12-07,,,,,0.0,1.0
1987-12-08,,,,,0.0,1.0
1987-12-09,,,,,0.0,1.0
1987-12-10,,,,,0.0,1.0
1987-12-11,,,,,0.0,1.0
1987-12-14,,,,,0.0,1.0
1987-12-15,,,,,0.0,1.0
1987-12-16,,,,,0.0,1.0
1987-12-17,,,,,0.0,1.0
1987-12-18,,,,,0.0,1.0
1987-12-21,,,,,0.0,1.0
1987-12-22,,,,,0.0,1.0
1987-12-23,,,,,0.0,1.0
1987-12-24,,,,,0.0,1.0
1987-12-28,,,,,0.0,1.0
1987-12-29,,,,,0.0,1.0
1987-12-30,,,,,0.0,1.0
1987-12-31,,,,,0.0,1.0
1988-01-04,,,,,0.0,1.0
1988-01-05,,,,,0.0,1.0
1988-01-06,,,,,0.0,1.0
1988-01-07,,,,,0.0,1.0
1988-01-08,,,,,0.0,1.0
1988-01-11,,,,,0.0,1.0
1988-01-12,,,,,0.0,1.0
1988-01-13,,,,,0.0,1.0
1988-01-14,,,,,0.0,1.0
1988-01-15,,,,,0.0,1.0
1988-01-18,,,,,0.0,1.0
1988-01-19,,,,,0.0,1.0
1988-01-20,,,,,0.0,1.0
1988-01-21,,,,,0.0,1.0
1988-01-22,,,,,0.0,1.0
1988-01-25,,,,,0.0,1.0
1988-01-26,,,,,0.0,1.0
1988-01-27,,,,,0.0,1.0
1988-01-28,,,,,0.0,1.0
1988-01-29,,,,,0.0,1.0
1988-02-01,,,,,0.0,1.0
1988-02-02,,,,,0.0,1.0
1988-02-03,,,,,0.0,1.0
1988-02-04,,,,,0.0,1.0
1988-02-05,,,,,0.0,1.0
1988-02-06,,,,,0.0,1.0
1988-02-08,,,,,0.0,1.0
1988-02-09,,,,,0.0,1.0
1988-02-10,,,,,0.0,1.0
1988-02-11,,,,,0.0,1.0
1988-02-12,,,,,0.0,1.0
1988-02-15,,,,,0.0,1.0
1988-02-16,,,,,0.0,1.0
1988-02-17,,,,,0.0,1.0
1988-02-18,,,,,0.0,1.0
1988-02-19,,,,,0.0,1.0
1988-02-22,,,,,0.0,1.0
1988-02-23,,,,,0.0,1.0
1988-02-24,,,,,0.0,1.0
1988-02-25,,,,,0.0,1.0
1988-02-26,,,,,0.0,1.0
1988-02-29,,,,,0.0,1.0
1988-03-01,,,,,0.0,1.0
1988-03-02,,,,,0.0,1.0
1988-03-03,,,,,0.0,1.0
1988-03-04,,,,,0.0,1.0
1988-03-07,,,,,0.0,1.0
1988-03-08,,,,,0.0,1.0
1988-03-09,,,,,0.0,1.0
1988-03-10,,,,,0.0,1.0
1988-03-11,,,,,0.0,1.0
1988-03-14,,,,,0.0,1.0
1988-03-15,,,,,0.0,1.0
1988-03-16,,,,,0.0,1.0
1988-03-17,,,,,0.0,1.0
1988-03-18,,,,,0.0,1.0
1988-03-21,,,,,0.0,1.0
1988-03-22,,,,,0.0,1.0
1988-03-23,,,,,0.0,1.0
1988-03-24,,,,,0.0,1.0
1988-03-25,,,,,0.0,1.0
1988-03-28,,,,,0.0,1.0
1988-03-29,,,,,0.0,1.0
1988-03-30,,,,,0.0,1.0
1988-03-31,,,,,0.0,1.0
1988-04-05,,,,,0.0,1.0
1988-04-06,,,,,0.0,1.0
1988-04-07,,,,,0.0,1.0
1988-04-08,,,,,0.0,1.0
1988-04-11,,,,,0.0,1.0
1988-04-12,,,,,0.0,1.0
1988-04-13,,,,,0.0,1.0
1988-04-14,,,,,0.0,1.0
1988-04-15,,,,,0.0,1.0
1988-04-18,,,,,0.0,1.0
1988-04-19,,,,,0.0,1.0
1988-04-20,,,,,0.0,1.0
1988-04-21,,,,,0.0,1.0
1988-04-22,,,,,0.0,1.0
1988-04-25,,,,,0.0,1.0
1988-04-26,,,,,0.0,1.0
1988-04-27,,,,,0.0,1.0
1988-04-28,,,,,0.0,1.0
1988-04-29,,,,,0.0,1.0
1988-05-02,,,,,0.0,1.0
1988-05-03,,,,,0.0,1.0
1988-05-04,,,,,0.0,1.0
1988-05-05,,,,,0.0,1.0
1988-05-06,,,,,0.0,1.0
1988-05-09,,,,,0.0,1.0
1988-05-10,,,,,0.0,1.0
1988-05-11,,,,,0.0,1.0
1988-05-12,,,,,0.0,1.0
1988-05-13,,,,,0.0,1.0
1988-05-16,,,,,0.0,1.0
1988-05-17,,,,,0.0,1.0
1988-05-18,,,,,0.0,1.0
1988-05-19,,,,,0.0,1.0
1988-05-20,,,,,0.0,1.0
1988-05-23,,,,,0.0,1.0
1988-05-24,,,,,0.0,1.0
1988-05-25,,,,,0.0,1.0
1988-05-26,,,,,0.0,1.0
1988-05-27,,,,,0.0,1.0
1988-05-30,,,,,0.0,1.0
1988-05-31,,,,,0.0,1.0
1988-06-01,,,,,0.0,1.0
1988-06-02,,,,,0.0,1.0
1988-06-03,,,,,0.0,1.0
1988-06-06,,,,,0.0,1.0
1988-06-07,,,,,0.0,1.0
1988-06-08,,,,,0.0,1.0
1988-06-09,,,,,0.0,1.0
1988-06-10,,,,,0.0,1.0
1988-06-13,,,,,0.0,1.0
1988-06-14,,,,,0.0,1.0
1988-06-15,,,,,0.0,1.0
1988-06-16,,,,,0.0,1.0
1988-06-17,,,,,0.0,1.0
1988-06-20,,,,,0.0,1.0
1988-06-21,,,,,0.0,1.0
1988-06-22,,,,,0.0,1.0
1988-06-23,,,,,0.0,1.0
1988-06-24,,,,,0.0,1.0
1988-06-27,,,,,0.0,1.0
1988-06-28,,,,,0.0,1.0
1988-06-29,,,,,0.0,1.0
1988-06-30,,,,,0.0,1.0
1988-07-01,,,,,0.0,1.0
1988-07-04,,,,,0.0,1.0
1988-07-05,,,,,0.0,1.0
1988-07-06,,,,,0.0,1.0
1988-07-07,,,,,0.0,1.0
1988-07-08,,,,,0.0,1.0
1988-07-11,,,,,0.0,1.0
1988-07-12,,,,,0.0,1.0
1988-07-13,,,,,0.0,1.0
1988-07-14,,,,,0.0,1.0
1988-07-15,,,,,0.0,1.0
1988-07-18,,,,,0.0,1.0
1988-07-19,,,,,0.0,1.0
1988-07-20,,,,,0.0,1.0
1988-07-21,,,,,0.0,1.0
1988-07-22,,,,,0.0,1.0
1988-07-25,,,,,0.0,1.0
1988-07-26,,,,,0.0,1.0
1988-07-27,,,,,0.0,1.0
1988-07-28,,,,,0.0,1.0
1988-07-29,,,,,0.0,1.0
1988-08-01,,,,,0.0,1.0
1988-08-02,,,,,0.0,1.0
1988-08-03,,,,,0.0,1.0
1988-08-04,,,,,0.0,1.0
1988-08-05,,,,,0.0,1.0
1988-08-08,,,,,0.0,1.0
1988-08-09,,,,,0.0,1.0
1988-08-10,,,,,0.0,1.0
1988-08-11,,,,,0.0,1.0
1988-08-12,,,,,0.0,1.0
1988-08-15,,,,,0.0,1.0
1988-08-16,,,,,0.0,1.0
1988-08-17,,,,,0.0,1.0
1988-08-18,,,,,0.0,1.0
1988-08-19,,,,,0.0,1.0
1988-08-22,,,,,0.0,1.0
1988-08-23,,,,,0.0,1.0
1988-08-24,,,,,0.0,1.0
1988-08-25,,,,,0.0,1.0
1988-08-26,,,,,0.0,1.0
1988-08-29,,,,,0.0,1.0
1988-08-30,,,,,0.0,1.0
1988-08-31,,,,,0.0,1.0
1988-09-01,,,,,0.0,1.0
1988-09-02,,,,,0.0,1.0
1988-09-05,,,,,0.0,1.0
1988-09-06,,,,,0.0,1.0
1988-09-07,,,,,0.0,1.0
1988-09-08,,,,,0.0,1.0
1988-09-09,,,,,0.0,1.0
1988-09-12,,,,,0.0,1.0
1988-09-13,,,,,0.0,1.0
1988-09-14,,,,,0.0,1.0
1988-09-15,,,,,0.0,1.0
1988-09-16,,,,,0.0,1.0
1988-09-19,,,,,0.0,1.0
1988-09-20,,,,,0.0,1.0
1988-09-21,,,,,0.0,1.0
1988-09-22,,,,,0.0,1.0
1988-09-23,,,,,0.0,1.0
1988-09-26,,,,,0.0,1.0
1988-09-27,,,,,0.0,1.0
1988-09-28,,,,,0.0,1.0
1988-09-29,,,,,0.0,1.0
1988-09-30,,,,,0.0,1.0
1988-10-03,,,,,0.0,1.0
1988-10-04,,,,,0.0,1.0
1988-10-05,,,,,0.0,1.0
1988-10-06,,,,,0.0,1.0
1988-10-07,,,,,0.0,1.0
1988-10-10,,,,,0.0,1.0
1988-10-11,,,,,0.0,1.0
1988-10-12,,,,,0.0,1.0
1988-10-13,,,,,0.0,1.0
1988-10-14,,,,,0.0,1.0
1988-10-17,,,,,0.0,1.0
1988-10-18,,,,,0.0,1.0
1988-10-19,,,,,0.0,1.0
1988-10-20,,,,,0.0,1.0
1988-10-21,,,,,0.0,1.0
1988-10-24,,,,,0.0,1.0
1988-10-25,,,,,0.0,1.0
1988-10-26,,,,,0.0,1.0
1988-10-27,,,,,0.0,1.0
1988-10-28,,,,,0.0,1.0
1988-10-31,,,,,0.0,1.0
1988-11-01,,,,,0.0,1.0
1988-11-02,,,,,0.0,1.0
1988-11-03,,,,,0.0,1.0
1988-11-04,,,,,0.0,1.0
1988-11-07,,,,,0.0,1.0
1988-11-08,,,,,0.0,1.0
1988-11-09,,,,,0.0,1.0
1988-11-10,,,,,0.0,1.0
1988-11-11,,,,,0.0,1.0
1988-11-14,,,,,0.0,1.0
1988-11-15,,,,,0.0,1.0
1988-11-16,,,,,0.0,1.0
1988-11-17,,,,,0.0,1.0
1988-11-18,,,,,0.0,1.0
1988-11-21,,,,,0.0,1.0
1988-11-22,,,,,0.0,1.0
1988-11-23,,,,,0.0,1.0
1988-11-24,,,,,0.0,1.0
1988-11-25,,,,,0.0,1.0
1988-11-28,,,,,0.0,1.0
1988-11-29,,,,,0.0,1.0
1988-11-30,,,,,0.0,1.0
1988-12-01,,,,,0.0,1.0
1988-12-02,,,,,0.0,1.0
1988-12-05,,,,,0.0,1.0
1988-12-06,,,,,0.0,1.0
1988-12-07,,,,,0.0,1.0
1988-12-08,,,,,0.0,1.0
1988-12-09,,,,,0.0,1.0
1988-12-12,,,,,0.0,1.0
1988-12-13,,,,,0.0,1.0
1988-12-14,,,,,0.0,1.0
1988-12-15,,,,,0.0,1.0
1988-12-16,,,,,0.0,1.0
1988-12-19,,,,,0.0,1.0
1988-12-20,,,,,0.0,1.0
1988-12-21,,,,,0.0,1.0
1988-12-22,,,,,0.0,1.0
1988-12-23,,,,,0.0,1.0
1988-12-26,,,,,0.0,1.0
1988-12-27,,,,,0.0,1.0
1988-12-28,,,,,0.0,1.0
1988-12-29,,,,,0.0,1.0
1988-12-30,,,,,0.0,1.0
1989-01-02,,,,,0.0,1.0
1989-01-03,,,,,0.0,1.0
1989-01-04,,,,,0.0,1.0
1989-01-05,,,,,0.0,1.0
1989-01-06,,,,,0.0,1.0
1989-01-09,,,,,0.0,1.0
1989-01-10,,,,,0.0,1.0
1989-01-11,,,,,0.0,1.0
1989-01-12,,,,,0.0,1.0
1989-01-13,,,,,0.0,1.0
1989-01-16,,,,,0.0,1.0
1989-01-17,,,,,0.0,1.0
1989-01-18,,,,,0.0,1.0
1989-01-19,,,,,0.0,1.0
1989-01-20,,,,,0.0,1.0
1989-01-23,,,,,0.0,1.0
1989-01-24,,,,,0.0,1.0
1989-01-25,,,,,0.0,1.0
1989-01-26,,,,,0.0,1.0
1989-01-27,,,,,0.0,1.0
1989-01-30,,,,,0.0,1.0
1989-01-31,,,,,0.0,1.0
1989-02-01,,,,,0.0,1.0
1989-02-02,,,,,0.0,1.0
1989-02-03,,,,,0.0,1.0
1989-02-06,,,,,0.0,1.0
1989-02-07,,,,,0.0,1.0
1989-02-08,,,,,0.0,1.0
1989-02-09,,,,,0.0,1.0
1989-02-10,,,,,0.0,1.0
1989-02-13,,,,,0.0,1.0
1989-02-14,,,,,0.0,1.0
1989-02-15,,,,,0.0,1.0
1989-02-16,,,,,0.0,1.0
1989-02-17,,,,,0.0,1.0
1989-02-20,,,,,0.0,1.0
1989-02-21,,,,,0.0,1.0
1989-02-22,,,,,0.0,1.0
1989-02-23,,,,,0.0,1.0
1989-02-24,,,,,0.0,1.0
1989-02-27,,,,,0.0,1.0
1989-02-28,,,,,0.0,1.0
1989-03-01,,,,,0.0,1.0
1989-03-02,,,,,0.0,1.0
1989-03-03,,,,,0.0,1.0
1989-03-06,,,,,0.0,1.0
1989-03-07,,,,,0.0,1.0
1989-03-08,,,,,0.0,1.0
1989-03-09,,,,,0.0,1.0
1989-03-10,,,,,0.0,1.0
1989-03-13,,,,,0.0,1.0
1989-03-14,,,,,0.0,1.0
1989-03-15,,,,,0.0,1.0
1989-03-16,,,,,0.0,1.0
1989-03-17,,,,,0.0,1.0
1989-03-20,,,,,0.0,1.0
1989-03-21,,,,,0.0,1.0
1989-03-22,,,,,0.0,1.0
1989-03-23,,,,,0.0,1.0
1989-03-24,,,,,0.0,1.0
1989-03-27,,,,,0.0,1.0
1989-03-28,,,,,0.0,1.0
1989-03-29,,,,,0.0,1.0
1989-03-30,,,,,0.0,1.0
1989-03-31,,,,,0.0,1.0
1989-04-03,,,,,0.0,1.0
1989-04-04,,,,,0.0,1.0
1989-04-05,,,,,0.0,1.0
1989-04-06,,,,,0.0,1.0
1989-04-07,,,,,0.0,1.0
1989-04-10,,,,,0.0,1.0
1989-04-11,,,,,0.0,1.0
1989-04-12,,,,,0.0,1.0
1989-04-13,,,,,0.0,1.0
1989-04-14,,,,,0.0,1.0
1989-04-17,,,,,0.0,1.0
1989-04-18,,,,,0.0,1.0
1989-04-19,,,,,0.0,1.0
1989-04-20,,,,,0.0,1.0
1989-04-21,,,,,0.0,1.0
1989-04-24,,,,,0.0,1.0
1989-04-25,,,,,0.0,1.0
1989-04-26,,,,,0.0,1.0
1989-04-27,,,,,0.0,1.0
1989-04-28,,,,,0.0,1.0
1989-05-01,,,,,0.0,1.0
1989-05-02,,,,,0.0,1.0
1989-05-03,,,,,0.0,1.0
1989-05-04,,,,,0.0,1.0
1989-05-05,,,,,0.0,1.0
1989-05-08,,,,,0.0,1.0
1989-05-09,,,,,0.0,1.0
1989-05-10,,,,,0.0,1.0
1989-05-11,,,,,0.0,1.0
1989-05-12,,,,,0.0,1.0
1989-05-15,,,,,0.0,1.0
1989-05-16,,,,,0.0,1.0
1989-05-17,,,,,0.0,1.0
1989-05-18,,,,,0.0,1.0
1989-05-19,,,,,0.0,1.0
1989-05-22,,,,,0.0,1.0
1989-05-23,,,,,0.0,1.0
1989-05-24,,,,,0.0,1.0
1989-05-25,,,,,0.0,1.0
1989-05-26,,,,,0.0,1.0
1989-05-29,,,,,0.0,1.0
1989-05-30,,,,,0.0,1.0
1989-05-31,,,,,0.0,1.0
1989-06-01,,,,,0.0,1.0
1989-06-02,,,,,0.0,1.0
1989-06-05,,,,,0.0,1.0
1989-06-06,,,,,0.0,1.0
1989-06-07,,,,,0.0,1.0
1989-06-08,,,,,0.0,1.0
1989-06-09,,,,,0.0,1.0
1989-06-12,,,,,0.0,1.0
1989-06-13,,,,,0.0,1.0
1989-06-14,,,,,0.0,1.0
1989-06-15,,,,,0.0,1.0
1989-06-16,,,,,0.0,1.0
1989-06-19,,,,,0.0,1.0
1989-06-20,,,,,0.0,1.0
1989-06-21,,,,,0.0,1.0
1989-06-22,,,,,0.0,1.0
1989-06-23,,,,,0.0,1.0
1989-06-26,,,,,0.0,1.0
1989-06-27,,,,,0.0,1.0
1989-06-28,,,,,0.0,1.0
1989-06-29,,,,,0.0,1.0
1989-06-30,,,,,0.0,1.0
1989-07-03,,,,,0.0,1.0
1989-07-04,,,,,0.0,1.0
1989-07-05,,,,,0.0,1.0
1989-07-06,,,,,0.0,1.0
1989-07-07,,,,,0.0,1.0
1989-07-10,,,,,0.0,1.0
1989-07-11,,,,,0.0,1.0
1989-07-12,,,,,0.0,1.0
1989-07-13,,,,,0.0,1.0
1989-07-14,,,,,0.0,1.0
1989-07-17,,,,,0.0,1.0
1989-07-18,,,,,0.0,1.0
1989-07-19,,,,,0.0,1.0
1989-07-20,,,,,0.0,1.0
1989-07-21,,,,,0.0,1.0
1989-07-24,,,,,0.0,1.0
1989-07-25,,,,,0.0,1.0
1989-07-26,,,,,0.0,1.0
1989-07-27,,,,,0.0,1.0
1989-07-28,,,,,0.0,1.0
1989-07-31,,,,,0.0,1.0
1989-08-01,,,,,0.0,1.0
1989-08-02,,,,,0.0,1.0
1989-08-03,,,,,0.0,1.0
1989-08-04,,,,,0.0,1.0
1989-08-07,,,,,0.0,1.0
1989-08-08,,,,,0.0,1.0
1989-08-09,,,,,0.0,1.0
1989-08-10,,,,,0.0,1.0
1989-08-11,,,,,0.0,1.0
1989-08-14,,,,,0.0,1.0
1989-08-15,,,,,0.0,1.0
1989-08-16,,,,,0.0,1.0
1989-08-17,,,,,0.0,1.0
1989-08-18,,,,,0.0,1.0
1989-08-21,,,,,0.0,1.0
1989-08-22,,,,,0.0,1.0
1989-08-23,,,,,0.0,1.0
1989-08-24,,,,,0.0,1.0
1989-08-25,,,,,0.0,1.0
1989-08-28,,,,,0.0,1.0
1989-08-29,,,,,0.0,1.0
1989-08-30,,,,,0.0,1.0
1989-08-31,,,,,0.0,1.0
1989-09-01,,,,,0.0,1.0
1989-09-04,,,,,0.0,1.0
1989-09-05,,,,,0.0,1.0
1989-09-06,,,,,0.0,1.0
1989-09-07,,,,,0.0,1.0
1989-09-08,,,,,0.0,1.0
1989-09-11,,,,,0.0,1.0
1989-09-12,,,,,0.0,1.0
1989-09-13,,,,,0.0,1.0
1989-09-14,,,,,0.0,1.0
1989-09-15,,,,,0.0,1.0
1989-09-18,,,,,0.0,1.0
1989-09-19,,,,,0.0,1.0
1989-09-20,,,,,0.0,1.0
1989-09-21,,,,,0.0,1.0
1989-09-22,,,,,0.0,1.0
1989-09-25,,,,,0.0,1.0
1989-09-26,,,,,0.0,1.0
1989-09-27,,,,,0.0,1.0
1989-09-28,,,,,0.0,1.0
1989-09-29,,,,,0.0,1.0
1989-10-02,,,,,0.0,1.0
1989-10-03,,,,,0.0,1.0
1989-10-04,,,,,0.0,1.0
1989-10-05,,,,,0.0,1.0
1989-10-06,,,,,0.0,1.0
1989-10-09,,,,,0.0,1.0
1989-10-10,,,,,0.0,1.0
1989-10-11,,,,,0.0,1.0
1989-10-12,,,,,0.0,1.0
1989-10-13,,,,,0.0,1.0
1989-10-16,,,,,0.0,1.0
1989-10-17,,,,,0.0,1.0
1989-10-18,,,,,0.0,1.0
1989-10-19,,,,,0.0,1.0
1989-10-20,,,,,0.0,1.0
1989-10-23,,,,,0.0,1.0
1989-10-24,,,,,0.0,1.0
1989-10-25,,,,,0.0,1.0
1989-10-26,,,,,0.0,1.0
1989-10-27,,,,,0.0,1.0
1989-10-30,,,,,0.0,1.0
1989-10-31,,,,,0.0,1.0
1989-11-01,,,,,0.0,1.0
1989-11-02,,,,,0.0,1.0
1989-11-03,,,,,0.0,1.0
1989-11-06,,,,,0.0,1.0
1989-11-07,,,,,0.0,1.0
1989-11-08,,,,,0.0,1.0
1989-11-09,,,,,0.0,1.0
1989-11-10,,,,,0.0,1.0
1989-11-13,,,,,0.0,1.0
1989-11-14,,,,,0.0,1.0
1989-11-15,,,,,0.0,1.0
1989-11-16,,,,,0.0,1.0
1989-11-17,,,,,0.0,1.0
1989-11-20,,,,,0.0,1.0
1989-11-21,,,,,0.0,1.0
1989-11-22,,,,,0.0,1.0
1989-11-23,,,,,0.0,1.0
1989-11-24,,,,,0.0,1.0
1989-11-27,,,,,0.0,1.0
1989-11-28,,,,,0.0,1.0
1989-11-29,,,,,0.0,1.0
1989-11-30,,,,,0.0,1.0
1989-12-01,,,,,0.0,1.0
1989-12-04,,,,,0.0,1.0
1989-12-05,,,,,0.0,1.0
1989-12-06,,,,,0.0,1.0
1989-12-07,,,,,0.0,1.0
1989-12-08,,,,,0.0,1.0
1989-12-11,,,,,0.0,1.0
1989-12-12,,,,,0.0,1.0
1989-12-13,,,,,0.0,1.0
1989-12-14,,,,,0.0,1.0
1989-12-15,,,,,0.0,1.0
1989-12-18,,,,,0.0,1.0
1989-12-19,,,,,0.0,1.0
1989-12-20,,,,,0.0,1.0
1989-12-21,,,,,0.0,1.0
1989-12-22,,,,,0.0,1.0
1989-12-25,,,,,0.0,1.0
1989-12-26,,,,,0.0,1.0
1989-12-27,,,,,0.0,1.0
1989-12-28,,,,,0.0,1.0
1989-12-29,,,,,0.0,1.0
1990-01-01,,,,,0.0,1.0
1990-01-02,,,,,0.0,1.0
1990-01-03,,,,,0.0,1.0
1990-01-04,,,,,0.0,1.0
1990-01-05,,,,,0.0,1.0
1990-01-08,,,,,0.0,1.0
1990-01-09,,,,,0.0,1.0
1990-01-10,,,,,0.0,1.0
1990-01-11,,,,,0.0,1.0
1990-01-12,,,,,0.0,1.0
1990-01-15,,,,,0.0,1.0
1990-01-16,,,,,0.0,1.0
1990-01-17,,,,,0.0,1.0
1990-01-18,,,,,0.0,1.0
1990-01-19,,,,,0.0,1.0
1990-01-22,,,,,0.0,1.0
1990-01-23,,,,,0.0,1.0
1990-01-24,,,,,0.0,1.0
1990-01-25,,,,,0.0,1.0
1990-01-26,,,,,0.0,1.0
1990-01-29,,,,,0.0,1.0
1990-01-30,,,,,0.0,1.0
1990-01-31,,,,,0.0,1.0
1990-02-01,,,,,0.0,1.0
1990-02-02,,,,,0.0,1.0
1990-02-05,,,,,0.0,1.0
1990-02-06,,,,,0.0,1.0
1990-02-07,,,,,0.0,1.0
1990-02-08,,,,,0.0,1.0
1990-02-09,,,,,0.0,1.0
1990-02-12,,,,,0.0,1.0
1990-02-13,,,,,0.0,1.0
1990-02-14,,,,,0.0,1.0
1990-02-15,,,,,0.0,1.0
1990-02-16,,,,,0.0,1.0
1990-02-19,,,,,0.0,1.0
1990-02-20,,,,,0.0,1.0
1990-02-21,,,,,0.0,1.0
1990-02-22,,,,,0.0,1.0
1990-02-23,,,,,0.0,1.0
1990-02-26,,,,,0.0,1.0
1990-02-27,,,,,0.0,1.0
1990-02-28,,,,,0.0,1.0
1990-03-01,,,,,0.0,1.0
1990-03-02,,,,,0.0,1.0
1990-03-05,,,,,0.0,1.0
1990-03-06,,,,,0.0,1.0
1990-03-07,,,,,0.0,1.0
1990-03-08,,,,,0.0,1.0
1990-03-09,,,,,0.0,1.0
1990-03-12,,,,,0.0,1.0
1990-03-13,,,,,0.0,1.0
1990-03-14,,,,,0.0,1.0
1990-03-15,,,,,0.0,1.0
1990-03-16,,,,,0.0,1.0
1990-03-19,,,,,0.0,1.0
1990-03-20,,,,,0.0,1.0
1990-03-21,,,,,0.0,1.0
1990-03-22,,,,,0.0,1.0
1990-03-23,,,,,0.0,1.0
1990-03-26,,,,,0.0,1.0
1990-03-27,,,,,0.0,1.0
1990-03-28,,,,,0.0,1.0
1990-03-29,,,,,0.0,1.0
1990-03-30,,,,,0.0,1.0
1990-04-02,,,,,0.0,1.0
1990-04-03,,,,,0.0,1.0
1990-04-04,,,,,0.0,1.0
1990-04-05,,,,,0.0,1.0
1990-04-06,,,,,0.0,1.0
1990-04-09,,,,,0.0,1.0
1990-04-10,,,,,0.0,1.0
1990-04-11,,,,,0.0,1.0
1990-04-12,,,,,0.0,1.0
1990-04-13,,,,,0.0,1.0
1990-04-16,,,,,0.0,1.0
1990-04-17,,,,,0.0,1.0
1990-04-18,,,,,0.0,1.0
1990-04-19,,,,,0.0,1.0
1990-04-20,,,,,0.0,1.0
1990-04-23,,,,,0.0,1.0
1990-04-24,,,,,0.0,1.0
1990-04-25,,,,,0.0,1.0
1990-04-26,,,,,0.0,1.0
1990-04-27,,,,,0.0,1.0
1990-04-30,,,,,0.0,1.0
1990-05-01,,,,,0.0,1.0
1990-05-02,,,,,0.0,1.0
1990-05-03,,,,,0.0,1.0
1990-05-04,,,,,0.0,1.0
1990-05-07,,,,,0.0,1.0
1990-05-08,,,,,0.0,1.0
1990-05-09,,,,,0.0,1.0
1990-05-10,,,,,0.0,1.0
1990-05-11,,,,,0.0,1.0
1990-05-14,,,,,0.0,1.0
1990-05-15,,,,,0.0,1.0
1990-05-16,,,,,0.0,1.0
1990-05-17,,,,,0.0,1.0
1990-05-18,,,,,0.0,1.0
1990-05-21,,,,,0.0,1.0
1990-05-22,,,,,0.0,1.0
1990-05-23,,,,,0.0,1.0
1990-05-24,,,,,0.0,1.0
1990-05-25,,,,,0.0,1.0
1990-05-28,,,,,0.0,1.0
1990-05-29,,,,,0.0,1.0
1990-05-30,,,,,0.0,1.0
1990-05-31,,,,,0.0,1.0
1990-06-01,,,,,0.0,1.0
1990-06-04,,,,,0.0,1.0
1990-06-05,,,,,0.0,1.0
1990-06-06,,,,,0.0,1.0
1990-06-07,,,,,0.0,1.0
1990-06-08,,,,,0.0,1.0
1990-06-11,,,,,0.0,1.0
1990-06-12,,,,,0.0,1.0
1990-06-13,,,,,0.0,1.0
1990-06-14,,,,,0.0,1.0
1990-06-15,,,,,0.0,1.0
1990-06-18,,,,,0.0,1.0
1990-06-19,,,,,0.0,1.0
1990-06-20,,,,,0.0,1.0
1990-06-21,,,,,0.0,1.0
1990-06-22,,,,,0.0,1.0
1990-06-25,,,,,0.0,1.0
1990-06-26,,,,,0.0,1.0
1990-06-27,,,,,0.0,1.0
1990-06-28,,,,,0.0,1.0
1990-06-29,,,,,0.0,1.0
1990-07-02,,,,,0.0,1.0
1990-07-03,,,,,0.0,1.0
1990-07-04,,,,,0.0,1.0
1990-07-05,,,,,0.0,1.0
1990-07-06,,,,,0.0,1.0
1990-07-09,,,,,0.0,1.0
1990-07-10,,,,,0.0,1.0
1990-07-11,,,,,0.0,1.0
1990-07-12,,,,,0.0,1.0
1990-07-13,,,,,0.0,1.0
1990-07-16,,,,,0.0,1.0
1990-07-17,,,,,0.0,1.0
1990-07-18,,,,,0.0,1.0
1990-07-19,,,,,0.0,1.0
1990-07-20,,,,,0.0,1.0
1990-07-23,,,,,0.0,1.0
1990-07-24,,,,,0.0,1.0
1990-07-25,,,,,0.0,1.0
1990-07-26,,,,,0.0,1.0
1990-07-27,,,,,0.0,1.0
1990-07-30,,,,,0.0,1.0
1990-07-31,,,,,0.0,1.0
1990-08-01,,,,,0.0,1.0
1990-08-02,,,,,0.0,1.0
1990-08-03,,,,,0.0,1.0
1990-08-06,,,,,0.0,1.0
1990-08-07,,,,,0.0,1.0
1990-08-08,,,,,0.0,1.0
1990-08-09,,,,,0.0,1.0
1990-08-10,,,,,0.0,1.0
1990-08-13,,,,,0.0,1.0
1990-08-14,,,,,0.0,1.0
1990-08-15,,,,,0.0,1.0
1990-08-16,,,,,0.0,1.0
1990-08-17,,,,,0.0,1.0
1990-08-20,,,,,0.0,1.0
1990-08-21,,,,,0.0,1.0
1990-08-22,,,,,0.0,1.0
1990-08-23,,,,,0.0,1.0
1990-08-24,,,,,0.0,1.0
1990-08-27,,,,,0.0,1.0
1990-08-28,,,,,0.0,1.0
1990-08-29,,,,,0.0,1.0
1990-08-30,,,,,0.0,1.0
1990-08-31,,,,,0.0,1.0
1990-09-03,,,,,0.0,1.0
1990-09-04,,,,,0.0,1.0
1990-09-05,,,,,0.0,1.0
1990-09-06,,,,,0.0,1.0
1990-09-07,,,,,0.0,1.0
1990-09-10,,,,,0.0,1.0
1990-09-11,,,,,0.0,1.0
1990-09-12,,,,,0.0,1.0
1990-09-13,,,,,0.0,1.0
1990-09-14,,,,,0.0,1.0
1990-09-17,,,,,0.0,1.0
1990-09-18,,,,,0.0,1.0
1990-09-19,,,,,0.0,1.0
1990-09-20,,,,,0.0,1.0
1990-09-21,,,,,0.0,1.0
1990-09-24,,,,,0.0,1.0
1990-09-25,,,,,0.0,1.0
1990-09-26,,,,,0.0,1.0
1990-09-27,,,,,0.0,1.0
1990-09-28,,,,,0.0,1.0
1990-10-01,,,,,0.0,1.0
1990-10-02,,,,,0.0,1.0
1990-10-03,,,,,0.0,1.0
1990-10-04,,,,,0.0,1.0
1990-10-05,,,,,0.0,1.0
1990-10-08,,,,,0.0,1.0
1990-10-09,,,,,0.0,1.0
1990-10-10,,,,,0.0,1.0
1990-10-11,,,,,0.0,1.0
1990-10-12,,,,,0.0,1.0
1990-10-15,,,,,0.0,1.0
1990-10-16,,,,,0.0,1.0
1990-10-17,,,,,0.0,1.0
1990-10-18,,,,,0.0,1.0
1990-10-19,,,,,0.0,1.0
1990-10-22,,,,,0.0,1.0
1990-10-23,,,,,0.0,1.0
1990-10-24,,,,,0.0,1.0
1990-10-25,,,,,0.0,1.0
1990-10-26,,,,,0.0,1.0
1990-10-29,,,,,0.0,1.0
1990-10-30,,,,,0.0,1.0
1990-10-31,,,,,0.0,1.0
1990-11-01,,,,,0.0,1.0
1990-11-02,,,,,0.0,1.0
1990-11-05,,,,,0.0,1.0
1990-11-06,,,,,0.0,1.0
1990-11-07,,,,,0.0,1.0
1990-11-08,,,,,0.0,1.0
1990-11-09,,,,,0.0,1.0
1990-11-12,,,,,0.0,1.0
1990-11-13,,,,,0.0,1.0
1990-11-14,,,,,0.0,1.0
1990-11-15,,,,,0.0,1.0
1990-11-16,,,,,0.0,1.0
1990-11-19,,,,,0.0,1.0
1990-11-20,,,,,0.0,1.0
1990-11-21,,,,,0.0,1.0
1990-11-22,,,,,0.0,1.0
1990-11-23,,,,,0.0,1.0
1990-11-26,,,,,0.0,1.0
1990-11-27,,,,,0.0,1.0
1990-11-28,,,,,0.0,1.0
1990-11-29,,,,,0.0,1.0
1990-11-30,,,,,0.0,1.0
1990-12-03,,,,,0.0,1.0
1990-12-04,,,,,0.0,1.0
1990-12-05,,,,,0.0,1.0
1990-12-06,,,,,0.0,1.0
1990-12-07,,,,,0.0,1.0
1990-12-10,,,,,0.0,1.0
1990-12-11,,,,,0.0,1.0
1990-12-12,,,,,0.0,1.0
1990-12-13,,,,,0.0,1.0
1990-12-14,,,,,0.0,1.0
1990-12-17,,,,,0.0,1.0
1990-12-18,,,,,0.0,1.0
1990-12-19,,,,,0.0,1.0
1990-12-20,,,,,0.0,1.0
1990-12-21,,,,,0.0,1.0
1990-12-24,,,,,0.0,1.0
1990-12-25,,,,,0.0,1.0
1990-12-26,,,,,0.0,1.0
1990-12-27,,,,,0.0,1.0
1990-12-28,,,,,0.0,1.0
1990-12-31,,,,,0.0,1.0
1991-01-01,,,,,0.0,1.0
1991-01-02,,,,,0.0,1.0
1991-01-03,,,,,0.0,1.0
1991-01-04,,,,,0.0,1.0
1991-01-07,,,,,0.0,1.0
1991-01-08,,,,,0.0,1.0
1991-01-09,,,,,0.0,1.0
1991-01-10,,,,,0.0,1.0
1991-01-11,,,,,0.0,1.0
1991-01-14,,,,,0.0,1.0
1991-01-15,,,,,0.0,1.0
1991-01-16,,,,,0.0,1.0
1991-01-17,,,,,0.0,1.0
1991-01-18,,,,,0.0,1.0
1991-01-21,,,,,0.0,1.0
1991-01-22,,,,,0.0,1.0
1991-01-23,,,,,0.0,1.0
1991-01-24,,,,,0.0,1.0
1991-01-25,,,,,0.0,1.0
1991-01-28,,,,,0.0,1.0
1991-01-29,,,,,0.0,1.0
1991-01-30,,,,,0.0,1.0
1991-01-31,,,,,0.0,1.0
1991-02-01,,,,,0.0,1.0
1991-02-04,,,,,0.0,1.0
1991-02-05,,,,,0.0,1.0
1991-02-06,,,,,0.0,1.0
1991-02-07,,,,,0.0,1.0
1991-02-08,,,,,0.0,1.0
1991-02-11,,,,,0.0,1.0
1991-02-12,,,,,0.0,1.0
1991-02-13,,,,,0.0,1.0
1991-02-14,,,,,0.0,1.0
1991-02-15,,,,,0.0,1.0
1991-02-18,,,,,0.0,1.0
1991-02-19,,,,,0.0,1.0
1991-02-20,,,,,0.0,1.0
1991-02-21,,,,,0.0,1.0
1991-02-22,,,,,0.0,1.0
1991-02-25,,,,,0.0,1.0
1991-02-26,,,,,0.0,1.0
1991-02-27,,,,,0.0,1.0
1991-02-28,,,,,0.0,1.0
1991-03-01,,,,,0.0,1.0
1991-03-04,,,,,0.0,1.0
1991-03-05,,,,,0.0,1.0
1991-03-06,,,,,0.0,1.0
1991-03-07,,,,,0.0,1.0
1991-03-08,,,,,0.0,1.0
1991-03-11,,,,,0.0,1.0
1991-03-12,,,,,0.0,1.0
1991-03-13,,,,,0.0,1.0
1991-03-14,,,,,0.0,1.0
1991-03-15,,,,,0.0,1.0
1991-03-18,,,,,0.0,1.0
1991-03-19,,,,,0.0,1.0
1991-03-20,,,,,0.0,1.0
1991-03-21,,,,,0.0,1.0
1991-03-22,,,,,0.0,1.0
1991-03-25,,,,,0.0,1.0
1991-03-26,,,,,0.0,1.0
1991-03-27,,,,,0.0,1.0
1991-03-28,,,,,0.0,1.0
1991-03-29,,,,,0.0,1.0
1991-04-01,,,,,0.0,1.0
1991-04-02,,,,,0.0,1.0
1991-04-03,,,,,0.0,1.0
1991-04-04,,,,,0.0,1.0
1991-04-05,,,,,0.0,1.0
1991-04-08,,,,,0.0,1.0
1991-04-09,,,,,0.0,1.0
1991-04-10,,,,,0.0,1.0
1991-04-11,,,,,0.0,1.0
1991-04-12,,,,,0.0,1.0
1991-04-15,,,,,0.0,1.0
1991-04-16,,,,,0.0,1.0
1991-04-17,,,,,0.0,1.0
1991-04-18,,,,,0.0,1.0
1991-04-19,,,,,0.0,1.0
1991-04-22,,,,,0.0,1.0
1991-04-23,,,,,0.0,1.0
1991-04-24,,,,,0.0,1.0
1991-04-25,,,,,0.0,1.0
1991-04-26,,,,,0.0,1.0
1991-04-29,,,,,0.0,1.0
1991-04-30,,,,,0.0,1.0
1991-05-01,,,,,0.0,1.0
1991-05-02,,,,,0.0,1.0
1991-05-03,,,,,0.0,1.0
1991-05-06,,,,,0.0,1.0
1991-05-07,,,,,0.0,1.0
1991-05-08,,,,,0.0,1.0
1991-05-09,,,,,0.0,1.0
1991-05-10,,,,,0.0,1.0
1991-05-13,,,,,0.0,1.0
1991-05-14,,,,,0.0,1.0
1991-05-15,,,,,0.0,1.0
1991-05-16,,,,,0.0,1.0
1991-05-17,,,,,0.0,1.0
1991-05-20,,,,,0.0,1.0
1991-05-21,,,,,0.0,1.0
1991-05-22,,,,,0.0,1.0
1991-05-23,,,,,0.0,1.0
1991-05-24,,,,,0.0,1.0
1991-05-27,,,,,0.0,1.0
1991-05-28,,,,,0.0,1.0
1991-05-29,,,,,0.0,1.0
1991-05-30,,,,,0.0,1.0
1991-05-31,,,,,0.0,1.0
1991-06-03,,,,,0.0,1.0
1991-06-04,,,,,0.0,1.0
1991-06-05,,,,,0.0,1.0
1991-06-06,,,,,0.0,1.0
1991-06-07,,,,,0.0,1.0
1991-06-10,,,,,0.0,1.0
1991-06-11,,,,,0.0,1.0
1991-06-12,,,,,0.0,1.0
1991-06-13,,,,,0.0,1.0
1991-06-14,,,,,0.0,1.0
1991-06-17,,,,,0.0,1.0
1991-06-18,,,,,0.0,1.0
1991-06-19,,,,,0.0,1.0
1991-06-20,,,,,0.0,1.0
1991-06-21,,,,,0.0,1.0
1991-06-24,,,,,0.0,1.0
1991-06-25,,,,,0.0,1.0
1991-06-26,,,,,0.0,1.0
1991-06-27,,,,,0.0,1.0
1991-06-28,,,,,0.0,1.0
1991-07-01,,,,,0.0,1.0
1991-07-02,,,,,0.0,1.0
1991-07-03,,,,,0.0,1.0
1991-07-04,,,,,0.0,1.0
1991-07-05,,,,,0.0,1.0
1991-07-08,,,,,0.0,1.0
1991-07-09,,,,,0.0,1.0
1991-07-10,,,,,0.0,1.0
1991-07-11,,,,,0.0,1.0
1991-07-12,,,,,0.0,1.0
1991-07-15,,,,,0.0,1.0
1991-07-16,,,,,0.0,1.0
1991-07-17,,,,,0.0,1.0
1991-07-18,,,,,0.0,1.0
1991-07-19,,,,,0.0,1.0
1991-07-22,,,,,0.0,1.0
1991-07-23,,,,,0.0,1.0
1991-07-24,,,,,0.0,1.0
1991-07-25,,,,,0.0,1.0
1991-07-26,,,,,0.0,1.0
1991-07-29,,,,,0.0,1.0
1991-07-30,,,,,0.0,1.0
1991-07-31,,,,,0.0,1.0
1991-08-01,,,,,0.0,1.0
1991-08-02,,,,,0.0,1.0
1991-08-05,,,,,0.0,1.0
1991-08-06,,,,,0.0,1.0
1991-08-07,,,,,0.0,1.0
1991-08-08,,,,,0.0,1.0
1991-08-09,,,,,0.0,1.0
1991-08-12,,,,,0.0,1.0
1991-08-13,,,,,0.0,1.0
1991-08-14,,,,,0.0,1.0
1991-08-15,,,,,0.0,1.0
1991-08-16,,,,,0.0,1.0
1991-08-19,,,,,0.0,1.0
1991-08-20,,,,,0.0,1.0
1991-08-21,,,,,0.0,1.0
1991-08-22,,,,,0.0,1.0
1991-08-23,,,,,0.0,1.0
1991-08-26,,,,,0.0,1.0
1991-08-27,,,,,0.0,1.0
1991-08-28,,,,,0.0,1.0
1991-08-29,,,,,0.0,1.0
1991-08-30,,,,,0.0,1.0
1991-09-02,,,,,0.0,1.0
1991-09-03,,,,,0.0,1.0
1991-09-04,,,,,0.0,1.0
1991-09-05,,,,,0.0,1.0
1991-09-06,,,,,0.0,1.0
1991-09-09,,,,,0.0,1.0
1991-09-10,,,,,0.0,1.0
1991-09-11,,,,,0.0,1.0
1991-09-12,,,,,0.0,1.0
1991-09-13,,,,,0.0,1.0
1991-09-16,,,,,0.0,1.0
1991-09-17,,,,,0.0,1.0
1991-09-18,,,,,0.0,1.0
1991-09-19,,,,,0.0,1.0
1991-09-20,,,,,0.0,1.0
1991-09-23,,,,,0.0,1.0
1991-09-24,,,,,0.0,1.0
1991-09-25,,,,,0.0,1.0
1991-09-26,,,,,0.0,1.0
1991-09-27,,,,,0.0,1.0
1991-09-30,,,,,0.0,1.0
1991-10-01,,,,,0.0,1.0
1991-10-02,,,,,0.0,1.0
1991-10-03,,,,,0.0,1.0
1991-10-04,,,,,0.0,1.0
1991-10-07,,,,,0.0,1.0
1991-10-08,,,,,0.0,1.0
1991-10-09,,,,,0.0,1.0
1991-10-10,,,,,0.0,1.0
1991-10-11,,,,,0.0,1.0
1991-10-14,,,,,0.0,1.0
1991-10-15,,,,,0.0,1.0
1991-10-16,,,,,0.0,1.0
1991-10-17,,,,,0.0,1.0
1991-10-18,,,,,0.0,1.0
1991-10-21,,,,,0.0,1.0
1991-10-22,,,,,0.0,1.0
1991-10-23,,,,,0.0,1.0
1991-10-24,,,,,0.0,1.0
1991-10-25,,,,,0.0,1.0
1991-10-28,,,,,0.0,1.0
1991-10-29,,,,,0.0,1.0
1991-10-30,,,,,0.0,1.0
1991-10-31,,,,,0.0,1.0
1991-11-01,,,,,0.0,1.0
1991-11-04,,,,,0.0,1.0
1991-11-05,,,,,0.0,1.0
1991-11-06,,,,,0.0,1.0
1991-11-07,,,,,0.0,1.0
1991-11-08,,,,,0.0,1.0
1991-11-11,,,,,0.0,1.0
1991-11-12,,,,,0.0,1.0
1991-11-13,,,,,0.0,1.0
1991-11-14,,,,,0.0,1.0
1991-11-15,,,,,0.0,1.0
1991-11-18,,,,,0.0,1.0
1991-11-19,,,,,0.0,1.0
1991-11-20,,,,,0.0,1.0
1991-11-21,,,,,0.0,1.0
1991-11-22,,,,,0.0,1.0
1991-11-25,,,,,0.0,1.0
1991-11-26,,,,,0.0,1.0
1991-11-27,,,,,0.0,1.0
1991-11-28,,,,,0.0,1.0
1991-11-29,,,,,0.0,1.0
1991-12-02,,,,,0.0,1.0
1991-12-03,,,,,0.0,1.0
1991-12-04,,,,,0.0,1.0
1991-12-05,,,,,0.0,1.0
1991-12-06,,,,,0.0,1.0
1991-12-09,,,,,0.0,1.0
1991-12-10,,,,,0.0,1.0
1991-12-11,,,,,0.0,1.0
1991-12-12,,,,,0.0,1.0
1991-12-13,,,,,0.0,1.0
1991-12-16,,,,,0.0,1.0
1991-12-17,,,,,0.0,1.0
1991-12-18,,,,,0.0,1.0
1991-12-19,,,,,0.0,1.0
1991-12-20,,,,,0.0,1.0
1991-12-23,,,,,0.0,1.0
1991-12-24,,,,,0.0,1.0
1991-12-25,,,,,0.0,1.0
1991-12-26,,,,,0.0,1.0
1991-12-27,,,,,0.0,1.0
1991-12-30,,,,,0.0,1.0
1991-12-31,,,,,0.0,1.0
1992-01-01,,,,,0.0,1.0
1992-01-02,,,,,0.0,1.0
1992-01-03,,,,,0.0,1.0
1992-01-06,,,,,0.0,1.0
1992-01-07,,,,,0.0,1.0
1992-01-08,,,,,0.0,1.0
1992-01-09,,,,,0.0,1.0
1992-01-10,,,,,0.0,1.0
1992-01-13,,,,,0.0,1.0
1992-01-14,,,,,0.0,1.0
1992-01-15,,,,,0.0,1.0
1992-01-16,,,,,0.0,1.0
1992-01-17,,,,,0.0,1.0
1992-01-20,,,,,0.0,1.0
1992-01-21,,,,,0.0,1.0
1992-01-22,,,,,0.0,1.0
1992-01-23,,,,,0.0,1.0
1992-01-24,,,,,0.0,1.0
1992-01-27,,,,,0.0,1.0
1992-01-28,,,,,0.0,1.0
1992-01-29,,,,,0.0,1.0
1992-01-30,,,,,0.0,1.0
1992-01-31,,,,,0.0,1.0
1992-02-03,,,,,0.0,1.0
1992-02-04,,,,,0.0,1.0
1992-02-05,,,,,0.0,1.0
1992-02-06,,,,,0.0,1.0
1992-02-07,,,,,0.0,1.0
1992-02-10,,,,,0.0,1.0
1992-02-11,,,,,0.0,1.0
1992-02-12,,,,,0.0,1.0
1992-02-13,,,,,0.0,1.0
1992-02-14,,,,,0.0,1.0
1992-02-17,,,,,0.0,1.0
1992-02-18,,,,,0.0,1.0
1992-02-19,,,,,0.0,1.0
1992-02-20,,,,,0.0,1.0
1992-02-21,,,,,0.0,1.0
1992-02-24,,,,,0.0,1.0
1992-02-25,,,,,0.0,1.0
1992-02-26,,,,,0.0,1.0
1992-02-27,,,,,0.0,1.0
1992-02-28,,,,,0.0,1.0
1992-03-02,,,,,0.0,1.0
1992-03-03,,,,,0.0,1.0
1992-03-04,,,,,0.0,1.0
1992-03-05,,,,,0.0,1.0
1992-03-06,,,,,0.0,1.0
1992-03-09,,,,,0.0,1.0
1992-03-10,,,,,0.0,1.0
1992-03-11,,,,,0.0,1.0
1992-03-12,,,,,0.0,1.0
1992-03-13,,,,,0.0,1.0
1992-03-16,,,,,0.0,1.0
1992-03-17,,,,,0.0,1.0
1992-03-18,,,,,0.0,1.0
1992-03-19,,,,,0.0,1.0
1992-03-20,,,,,0.0,1.0
1992-03-23,,,,,0.0,1.0
1992-03-24,,,,,0.0,1.0
1992-03-25,,,,,0.0,1.0
1992-03-26,,,,,0.0,1.0
1992-03-27,,,,,0.0,1.0
1992-03-30,,,,,0.0,1.0
1992-03-31,,,,,0.0,1.0
1992-04-01,,,,,0.0,1.0
1992-04-02,,,,,0.0,1.0
1992-04-03,,,,,0.0,1.0
1992-04-06,,,,,0.0,1.0
1992-04-07,,,,,0.0,1.0
1992-04-08,,,,,0.0,1.0
1992-04-09,,,,,0.0,1.0
1992-04-10,,,,,0.0,1.0
1992-04-13,,,,,0.0,1.0
1992-04-14,,,,,0.0,1.0
1992-04-15,,,,,0.0,1.0
1992-04-16,,,,,0.0,1.0
1992-04-17,,,,,0.0,1.0
1992-04-20,,,,,0.0,1.0
1992-04-21,,,,,0.0,1.0
1992-04-22,,,,,0.0,1.0
1992-04-23,,,,,0.0,1.0
1992-04-24,,,,,0.0,1.0
1992-04-27,,,,,0.0,1.0
1992-04-28,,,,,0.0,1.0
1992-04-29,,,,,0.0,1.0
1992-04-30,,,,,0.0,1.0
1992-05-01,,,,,0.0,1.0
1992-05-04,,,,,0.0,1.0
1992-05-05,,,,,0.0,1.0
1992-05-06,,,,,0.0,1.0
1992-05-07,,,,,0.0,1.0
1992-05-08,,,,,0.0,1.0
1992-05-11,,,,,0.0,1.0
1992-05-12,,,,,0.0,1.0
1992-05-13,,,,,0.0,1.0
1992-05-14,,,,,0.0,1.0
1992-05-15,,,,,0.0,1.0
1992-05-18,,,,,0.0,1.0
1992-05-19,,,,,0.0,1.0
1992-05-20,,,,,0.0,1.0
1992-05-21,,,,,0.0,1.0
1992-05-22,,,,,0.0,1.0
1992-05-25,,,,,0.0,1.0
1992-05-26,,,,,0.0,1.0
1992-05-27,,,,,0.0,1.0
1992-05-28,,,,,0.0,1.0
1992-05-29,,,,,0.0,1.0
1992-06-01,,,,,0.0,1.0
1992-06-02,,,,,0.0,1.0
1992-06-03,,,,,0.0,1.0
1992-06-04,,,,,0.0,1.0
1992-06-05,,,,,0.0,1.0
1992-06-08,,,,,0.0,1.0
1992-06-09,,,,,0.0,1.0
1992-06-10,,,,,0.0,1.0
1992-06-11,,,,,0.0,1.0
1992-06-12,,,,,0.0,1.0
1992-06-15,,,,,0.0,1.0
1992-06-16,,,,,0.0,1.0
1992-06-17,,,,,0.0,1.0
1992-06-18,,,,,0.0,1.0
1992-06-19,,,,,0.0,1.0
1992-06-22,,,,,0.0,1.0
1992-06-23,,,,,0.0,1.0
1992-06-24,,,,,0.0,1.0
1992-06-25,,,,,0.0,1.0
1992-06-26,,,,,0.0,1.0
1992-06-29,,,,,0.0,1.0
1992-06-30,,,,,0.0,1.0
1992-07-01,,,,,0.0,1.0
1992-07-02,,,,,0.0,1.0
1992-07-03,,,,,0.0,1.0
1992-07-06,,,,,0.0,1.0
1992-07-07,,,,,0.0,1.0
1992-07-08,,,,,0.0,1.0
1992-07-09,,,,,0.0,1.0
1992-07-10,,,,,0.0,1.0
1992-07-13,,,,,0.0,1.0
1992-07-14,,,,,0.0,1.0
1992-07-15,,,,,0.0,1.0
1992-07-16,,,,,0.0,1.0
1992-07-17,,,,,0.0,1.0
1992-07-20,,,,,0.0,1.0
1992-07-21,,,,,0.0,1.0
1992-07-22,,,,,0.0,1.0
1992-07-23,,,,,0.0,1.0
1992-07-24,,,,,0.0,1.0
1992-07-27,,,,,0.0,1.0
1992-07-28,,,,,0.0,1.0
1992-07-29,,,,,0.0,1.0
1992-07-30,,,,,0.0,1.0
1992-07-31,,,,,0.0,1.0
1992-08-03,,,,,0.0,1.0
1992-08-04,,,,,0.0,1.0
1992-08-05,,,,,0.0,1.0
1992-08-06,,,,,0.0,1.0
1992-08-07,,,,,0.0,1.0
1992-08-10,,,,,0.0,1.0
1992-08-11,,,,,0.0,1.0
1992-08-12,,,,,0.0,1.0
1992-08-13,,,,,0.0,1.0
1992-08-14,,,,,0.0,1.0
1992-08-17,,,,,0.0,1.0
1992-08-18,,,,,0.0,1.0
1992-08-19,,,,,0.0,1.0
1992-08-20,,,,,0.0,1.0
1992-08-21,,,,,0.0,1.0
1992-08-24,,,,,0.0,1.0
1992-08-25,,,,,0.0,1.0
1992-08-26,,,,,0.0,1.0
1992-08-27,,,,,0.0,1.0
1992-08-28,,,,,0.0,1.0
1992-08-31,,,,,0.0,1.0
1992-09-01,,,,,0.0,1.0
1992-09-02,,,,,0.0,1.0
1992-09-03,,,,,0.0,1.0
1992-09-04,,,,,0.0,1.0
1992-09-07,,,,,0.0,1.0
1992-09-08,,,,,0.0,1.0
1992-09-09,,,,,0.0,1.0
1992-09-10,,,,,0.0,1.0
1992-09-11,,,,,0.0,1.0
1992-09-14,,,,,0.0,1.0
1992-09-15,,,,,0.0,1.0
1992-09-16,,,,,0.0,1.0
1992-09-17,,,,,0.0,1.0
1992-09-18,,,,,0.0,1.0
1992-09-21,,,,,0.0,1.0
1992-09-22,,,,,0.0,1.0
1992-09-23,,,,,0.0,1.0
1992-09-24,,,,,0.0,1.0
1992-09-25,,,,,0.0,1.0
1992-09-28,,,,,0.0,1.0
1992-09-29,,,,,0.0,1.0
1992-09-30,,,,,0.0,1.0
1992-10-01,,,,,0.0,1.0
1992-10-02,,,,,0.0,1.0
1992-10-03,,,,,0.0,1.0
1992-10-05,,,,,0.0,1.0
1992-10-06,,,,,0.0,1.0
1992-10-07,,,,,0.0,1.0
1992-10-08,,,,,0.0,1.0
1992-10-09,,,,,0.0,1.0
1992-10-10,,,,,0.0,1.0
1992-10-12,,,,,0.0,1.0
1992-10-13,,,,,0.0,1.0
1992-10-14,,,,,0.0,1.0
1992-10-15,,,,,0.0,1.0
1992-10-16,,,,,0.0,1.0
1992-10-19,,,,,0.0,1.0
1992-10-20,,,,,0.0,1.0
1992-10-21,,,,,0.0,1.0
1992-10-22,,,,,0.0,1.0
1992-10-23,,,,,0.0,1.0
1992-10-26,,,,,0.0,1.0
1992-10-27,,,,,0.0,1.0
1992-10-28,,,,,0.0,1.0
1992-10-29,,,,,0.0,1.0
1992-10-30,,,,,0.0,1.0
1992-11-02,,,,,0.0,1.0
1992-11-03,,,,,0.0,1.0
1992-11-04,,,,,0.0,1.0
1992-11-05,,,,,0.0,1.0
1992-11-06,,,,,0.0,1.0
1992-11-07,,,,,0.0,1.0
1992-11-08,,,,,0.0,1.0
1992-11-09,,,,,0.0,1.0
1992-11-10,,,,,0.0,1.0
1992-11-11,,,,,0.0,1.0
1992-11-12,,,,,0.0,1.0
1992-11-13,,,,,0.0,1.0
1992-11-14,,,,,0.0,1.0
1992-11-16,,,,,0.0,1.0
1992-11-17,,,,,0.0,1.0
1992-11-18,,,,,0.0,1.0
1992-11-19,,,,,0.0,1.0
1992-11-20,,,,,0.0,1.0
1992-11-23,,,,,0.0,1.0
1992-11-24,,,,,0.0,1.0
1992-11-25,,,,,0.0,1.0
1992-11-26,,,,,0.0,1.0
1992-11-27,,,,,0.0,1.0
1992-11-28,,,,,0.0,1.0
1992-11-30,,,,,0.0,1.0
1992-12-01,,,,,0.0,1.0
1992-12-02,,,,,0.0,1.0
1992-12-03,,,,,0.0,1.0
1992-12-04,,,,,0.0,1.0
1992-12-07,,,,,0.0,1.0
1992-12-08,,,,,0.0,1.0
1992-12-09,,,,,0.0,1.0
1992-12-10,,,,,0.0,1.0
1992-12-11,,,,,0.0,1.0
1992-12-14,,,,,0.0,1.0
1992-12-15,,,,,0.0,1.0
1992-12-16,,,,,0.0,1.0
1992-12-17,,,,,0.0,1.0
1992-12-18,,,,,0.0,1.0
1992-12-21,,,,,0.0,1.0
1992-12-22,,,,,0.0,1.0
1992-12-23,,,,,0.0,1.0
1992-12-24,,,,,0.0,1.0
1992-12-25,,,,,0.0,1.0
1992-12-28,,,,,0.0,1.0
1992-12-29,,,,,0.0,1.0
1992-12-30,,,,,0.0,1.0
1992-12-31,,,,,0.0,1.0
1993-01-01,,,,,0.0,1.0
1993-01-04,,,,,0.0,1.0
1993-01-05,,,,,0.0,1.0
1993-01-06,,,,,0.0,1.0
1993-01-07,,,,,0.0,1.0
1993-01-08,,,,,0.0,1.0
1993-01-11,,,,,0.0,1.0
1993-01-12,,,,,0.0,1.0
1993-01-13,,,,,0.0,1.0
1993-01-14,,,,,0.0,1.0
1993-01-15,,,,,0.0,1.0
1993-01-18,,,,,0.0,1.0
1993-01-19,,,,,0.0,1.0
1993-01-20,,,,,0.0,1.0
1993-01-21,,,,,0.0,1.0
1993-01-22,,,,,0.0,1.0
1993-01-25,,,,,0.0,1.0
1993-01-26,,,,,0.0,1.0
1993-01-27,,,,,0.0,1.0
1993-01-28,,,,,0.0,1.0
1993-01-29,,,,,0.0,1.0
1993-02-01,,,,,0.0,1.0
1993-02-02,,,,,0.0,1.0
1993-02-03,,,,,0.0,1.0
1993-02-04,,,,,0.0,1.0
1993-02-05,,,,,0.0,1.0
1993-02-08,,,,,0.0,1.0
1993-02-09,,,,,0.0,1.0
1993-02-10,,,,,0.0,1.0
1993-02-11,,,,,0.0,1.0
1993-02-12,,,,,0.0,1.0
1993-02-15,,,,,0.0,1.0
1993-02-16,,,,,0.0,1.0
1993-02-17,,,,,0.0,1.0
1993-02-18,,,,,0.0,1.0
1993-02-19,,,,,0.0,1.0
1993-02-22,,,,,0.0,1.0
1993-02-23,,,,,0.0,1.0
1993-02-24,,,,,0.0,1.0
1993-02-25,,,,,0.0,1.0
1993-02-26,,,,,0.0,1.0
1993-03-01,,,,,0.0,1.0
1993-03-02,,,,,0.0,1.0
1993-03-03,,,,,0.0,1.0
1993-03-04,,,,,0.0,1.0
1993-03-05,,,,,0.0,1.0
1993-03-08,,,,,0.0,1.0
1993-03-09,,,,,0.0,1.0
1993-03-10,,,,,0.0,1.0
1993-03-11,,,,,0.0,1.0
1993-03-12,,,,,0.0,1.0
1993-03-15,,,,,0.0,1.0
1993-03-16,,,,,0.0,1.0
1993-03-17,,,,,0.0,1.0
1993-03-18,,,,,0.0,1.0
1993-03-19,,,,,0.0,1.0
1993-03-22,,,,,0.0,1.0
1993-03-23,,,,,0.0,1.0
1993-03-24,,,,,0.0,1.0
1993-03-25,,,,,0.0,1.0
1993-03-26,,,,,0.0,1.0
1993-03-29,,,,,0.0,1.0
1993-03-30,,,,,0.0,1.0
1993-03-31,,,,,0.0,1.0
1993-04-01,,,,,0.0,1.0
1993-04-02,,,,,0.0,1.0
1993-04-05,,,,,0.0,1.0
1993-04-06,,,,,0.0,1.0
1993-04-07,,,,,0.0,1.0
1993-04-08,,,,,0.0,1.0
1993-04-09,,,,,0.0,1.0
1993-04-12,,,,,0.0,1.0
1993-04-13,,,,,0.0,1.0
1993-04-14,,,,,0.0,1.0
1993-04-15,,,,,0.0,1.0
1993-04-16,,,,,0.0,1.0
1993-04-19,,,,,0.0,1.0
1993-04-20,,,,,0.0,1.0
1993-04-21,,,,,0.0,1.0
1993-04-22,,,,,0.0,1.0
1993-04-23,,,,,0.0,1.0
1993-04-26,,,,,0.0,1.0
1993-04-27,,,,,0.0,1.0
1993-04-28,,,,,0.0,1.0
1993-04-29,,,,,0.0,1.0
1993-04-30,,,,,0.0,1.0
1993-05-03,,,,,0.0,1.0
1993-05-04,,,,,0.0,1.0
1993-05-05,,,,,0.0,1.0
1993-05-06,,,,,0.0,1.0
1993-05-07,,,,,0.0,1.0
1993-05-10,,,,,0.0,1.0
1993-05-11,,,,,0.0,1.0
1993-05-12,,,,,0.0,1.0
1993-05-13,,,,,0.0,1.0
1993-05-14,,,,,0.0,1.0
1993-05-17,,,,,0.0,1.0
1993-05-18,,,,,0.0,1.0
1993-05-19,,,,,0.0,1.0
1993-05-20,,,,,0.0,1.0
1993-05-21,,,,,0.0,1.0
1993-05-24,,,,,0.0,1.0
1993-05-25,,,,,0.0,1.0
1993-05-26,,,,,0.0,1.0
1993-05-27,,,,,0.0,1.0
1993-05-28,,,,,0.0,1.0
1993-05-31,,,,,0.0,1.0
1993-06-01,,,,,0.0,1.0
1993-06-02,,,,,0.0,1.0
1993-06-03,,,,,0.0,1.0
1993-06-04,,,,,0.0,1.0
1993-06-07,,,,,0.0,1.0
1993-06-08,,,,,0.0,1.0
1993-06-09,,,,,0.0,1.0
1993-06-10,,,,,0.0,1.0
1993-06-11,,,,,0.0,1.0
1993-06-14,,,,,0.0,1.0
1993-06-15,,,,,0.0,1.0
1993-06-16,,,,,0.0,1.0
1993-06-17,,,,,0.0,1.0
1993-06-18,,,,,0.0,1.0
1993-06-21,,,,,0.0,1.0
1993-06-22,,,,,0.0,1.0
1993-06-23,,,,,0.0,1.0
1993-06-24,,,,,0.0,1.0
1993-06-25,,,,,0.0,1.0
1993-06-28,,,,,0.0,1.0
1993-06-29,,,,,0.0,1.0
1993-06-30,,,,,0.0,1.0
1993-07-01,,,,,0.0,1.0
1993-07-02,,,,,0.0,1.0
1993-07-05,,,,,0.0,1.0
1993-07-06,,,,,0.0,1.0
1993-07-07,,,,,0.0,1.0
1993-07-08,,,,,0.0,1.0
1993-07-09,,,,,0.0,1.0
1993-07-12,,,,,0.0,1.0
1993-07-13,,,,,0.0,1.0
1993-07-14,,,,,0.0,1.0
1993-07-15,,,,,0.0,1.0
1993-07-16,,,,,0.0,1.0
1993-07-19,,,,,0.0,1.0
1993-07-20,,,,,0.0,1.0
1993-07-21,,,,,0.0,1.0
1993-07-22,,,,,0.0,1.0
1993-07-23,,,,,0.0,1.0
1993-07-26,,,,,0.0,1.0
1993-07-27,,,,,0.0,1.0
1993-07-28,,,,,0.0,1.0
1993-07-29,,,,,0.0,1.0
1993-07-30,,,,,0.0,1.0
1993-08-02,,,,,0.0,1.0
1993-08-03,,,,,0.0,1.0
1993-08-04,,,,,0.0,1.0
1993-08-05,,,,,0.0,1.0
1993-08-06,,,,,0.0,1.0
1993-08-09,,,,,0.0,1.0
1993-08-10,,,,,0.0,1.0
1993-08-11,,,,,0.0,1.0
1993-08-12,,,,,0.0,1.0
1993-08-13,,,,,0.0,1.0
1993-08-16,,,,,0.0,1.0
1993-08-17,,,,,0.0,1.0
1993-08-18,,,,,0.0,1.0
1993-08-19,,,,,0.0,1.0
1993-08-20,,,,,0.0,1.0
1993-08-23,,,,,0.0,1.0
1993-08-24,,,,,0.0,1.0
1993-08-25,,,,,0.0,1.0
1993-08-26,,,,,0.0,1.0
1993-08-27,,,,,0.0,1.0
1993-08-30,,,,,0.0,1.0
1993-08-31,,,,,0.0,1.0
1993-09-01,,,,,0.0,1.0
1993-09-02,,,,,0.0,1.0
1993-09-03,,,,,0.0,1.0
1993-09-06,,,,,0.0,1.0
1993-09-07,,,,,0.0,1.0
1993-09-08,,,,,0.0,1.0
1993-09-09,,,,,0.0,1.0
1993-09-10,,,,,0.0,1.0
1993-09-13,,,,,0.0,1.0
1993-09-14,,,,,0.0,1.0
1993-09-15,,,,,0.0,1.0
1993-09-16,,,,,0.0,1.0
1993-09-17,,,,,0.0,1.0
1993-09-20,,,,,0.0,1.0
1993-09-21,,,,,0.0,1.0
1993-09-22,,,,,0.0,1.0
1993-09-23,,,,,0.0,1.0
1993-09-24,,,,,0.0,1.0
1993-09-27,,,,,0.0,1.0
1993-09-28,,,,,0.0,1.0
1993-09-29,,,,,0.0,1.0
1993-09-30,,,,,0.0,1.0
1993-10-01,,,,,0.0,1.0
1993-10-04,,,,,0.0,1.0
1993-10-05,,,,,0.0,1.0
1993-10-06,,,,,0.0,1.0
1993-10-07,,,,,0.0,1.0
1993-10-08,,,,,0.0,1.0
1993-10-11,,,,,0.0,1.0
1993-10-12,,,,,0.0,1.0
1993-10-13,,,,,0.0,1.0
1993-10-14,,,,,0.0,1.0
1993-10-15,,,,,0.0,1.0
1993-10-18,,,,,0.0,1.0
1993-10-19,,,,,0.0,1.0
1993-10-20,,,,,0.0,1.0
1993-10-21,,,,,0.0,1.0
1993-10-22,,,,,0.0,1.0
1993-10-25,,,,,0.0,1.0
1993-10-26,,,,,0.0,1.0
1993-10-27,,,,,0.0,1.0
1993-10-28,,,,,0.0,1.0
1993-10-29,,,,,0.0,1.0
1993-11-01,,,,,0.0,1.0
1993-11-02,,,,,0.0,1.0
1993-11-03,,,,,0.0,1.0
1993-11-04,,,,,0.0,1.0
1993-11-05,,,,,0.0,1.0
1993-11-08,,,,,0.0,1.0
1993-11-09,,,,,0.0,1.0
1993-11-10,,,,,0.0,1.0
1993-11-11,,,,,0.0,1.0
1993-11-12,,,,,0.0,1.0
1993-11-15,,,,,0.0,1.0
1993-11-16,,,,,0.0,1.0
1993-11-17,,,,,0.0,1.0
1993-11-18,,,,,0.0,1.0
1993-11-19,,,,,0.0,1.0
1993-11-22,,,,,0.0,1.0
1993-11-23,,,,,0.0,1.0
1993-11-24,,,,,0.0,1.0
1993-11-25,,,,,0.0,1.0
1993-11-26,,,,,0.0,1.0
1993-11-29,,,,,0.0,1.0
1993-11-30,,,,,0.0,1.0
1993-12-01,,,,,0.0,1.0
1993-12-02,,,,,0.0,1.0
1993-12-03,,,,,0.0,1.0
1993-12-06,,,,,0.0,1.0
1993-12-07,,,,,0.0,1.0
1993-12-08,,,,,0.0,1.0
1993-12-09,,,,,0.0,1.0
1993-12-10,,,,,0.0,1.0
1993-12-13,,,,,0.0,1.0
1993-12-14,,,,,0.0,1.0
1993-12-15,,,,,0.0,1.0
1993-12-16,,,,,0.0,1.0
1993-12-17,,,,,0.0,1.0
1993-12-20,,,,,0.0,1.0
1993-12-21,,,,,0.0,1.0
1993-12-22,,,,,0.0,1.0
1993-12-23,,,,,0.0,1.0
1993-12-24,,,,,0.0,1.0
1993-12-27,,,,,0.0,1.0
1993-12-28,,,,,0.0,1.0
1993-12-29,,,,,0.0,1.0
1993-12-30,,,,,0.0,1.0
1993-12-31,,,,,0.0,1.0
1994-01-03,,,,,0.0,1.0
1994-01-04,,,,,0.0,1.0
1994-01-05,,,,,0.0,1.0
1994-01-06,,,,,0.0,1.0
1994-01-07,,,,,0.0,1.0
1994-01-10,,,,,0.0,1.0
1994-01-11,,,,,0.0,1.0
1994-01-12,,,,,0.0,1.0
1994-01-13,,,,,0.0,1.0
1994-01-14,,,,,0.0,1.0
1994-01-17,,,,,0.0,1.0
1994-01-18,,,,,0.0,1.0
1994-01-19,,,,,0.0,1.0
1994-01-20,,,,,0.0,1.0
1994-01-21,,,,,0.0,1.0
1994-01-24,,,,,0.0,1.0
1994-01-25,,,,,0.0,1.0
1994-01-26,,,,,0.0,1.0
1994-01-27,,,,,0.0,1.0
1994-01-28,,,,,0.0,1.0
1994-01-31,,,,,0.0,1.0
1994-02-01,,,,,0.0,1.0
1994-02-02,,,,,0.0,1.0
1994-02-03,,,,,0.0,1.0
1994-02-04,,,,,0.0,1.0
1994-02-07,,,,,0.0,1.0
1994-02-08,,,,,0.0,1.0
1994-02-09,,,,,0.0,1.0
1994-02-10,,,,,0.0,1.0
1994-02-11,,,,,0.0,1.0
1994-02-14,,,,,0.0,1.0
1994-02-15,,,,,0.0,1.0
1994-02-16,,,,,0.0,1.0
1994-02-17,,,,,0.0,1.0
1994-02-18,,,,,0.0,1.0
1994-02-21,,,,,0.0,1.0
1994-02-22,,,,,0.0,1.0
1994-02-23,,,,,0.0,1.0
1994-02-24,,,,,0.0,1.0
1994-02-25,,,,,0.0,1.0
1994-02-28,,,,,0.0,1.0
1994-03-01,,,,,0.0,1.0
1994-03-02,,,,,0.0,1.0
1994-03-03,,,,,0.0,1.0
1994-03-04,,,,,0.0,1.0
1994-03-07,,,,,0.0,1.0
1994-03-08,,,,,0.0,1.0
1994-03-09,,,,,0.0,1.0
1994-03-10,,,,,0.0,1.0
1994-03-11,,,,,0.0,1.0
1994-03-14,,,,,0.0,1.0
1994-03-15,,,,,0.0,1.0
1994-03-16,,,,,0.0,1.0
1994-03-17,,,,,0.0,1.0
1994-03-18,,,,,0.0,1.0
1994-03-21,,,,,0.0,1.0
1994-03-22,,,,,0.0,1.0
1994-03-23,,,,,0.0,1.0
1994-03-24,,,,,0.0,1.0
1994-03-25,,,,,0.0,1.0
1994-03-28,,,,,0.0,1.0
1994-03-29,,,,,0.0,1.0
1994-03-30,,,,,0.0,1.0
1994-03-31,,,,,0.0,1.0
1994-04-01,,,,,0.0,1.0
1994-04-04,,,,,0.0,1.0
1994-04-05,,,,,0.0,1.0
1994-04-06,,,,,0.0,1.0
1994-04-07,,,,,0.0,1.0
1994-04-08,,,,,0.0,1.0
1994-04-11,,,,,0.0,1.0
1994-04-12,,,,,0.0,1.0
1994-04-13,,,,,0.0,1.0
1994-04-14,,,,,0.0,1.0
1994-04-15,,,,,0.0,1.0
1994-04-18,,,,,0.0,1.0
1994-04-19,,,,,0.0,1.0
1994-04-20,,,,,0.0,1.0
1994-04-21,,,,,0.0,1.0
1994-04-22,,,,,0.0,1.0
1994-04-25,,,,,0.0,1.0
1994-04-26,,,,,0.0,1.0
1994-04-27,,,,,0.0,1.0
1994-04-28,,,,,0.0,1.0
1994-04-29,,,,,0.0,1.0
1994-05-02,,,,,0.0,1.0
1994-05-03,,,,,0.0,1.0
1994-05-04,,,,,0.0,1.0
1994-05-05,,,,,0.0,1.0
1994-05-06,,,,,0.0,1.0
1994-05-09,,,,,0.0,1.0
1994-05-10,,,,,0.0,1.0
1994-05-11,,,,,0.0,1.0
1994-05-12,,,,,0.0,1.0
1994-05-13,,,,,0.0,1.0
1994-05-16,,,,,0.0,1.0
1994-05-17,,,,,0.0,1.0
1994-05-18,,,,,0.0,1.0
1994-05-19,,,,,0.0,1.0
1994-05-20,,,,,0.0,1.0
1994-05-23,,,,,0.0,1.0
1994-05-24,,,,,0.0,1.0
1994-05-25,,,,,0.0,1.0
1994-05-26,,,,,0.0,1.0
1994-05-27,,,,,0.0,1.0
1994-05-30,,,,,0.0,1.0
1994-05-31,,,,,0.0,1.0
1994-06-01,,,,,0.0,1.0
1994-06-02,,,,,0.0,1.0
1994-06-03,,,,,0.0,1.0
1994-06-06,,,,,0.0,1.0
1994-06-07,,,,,0.0,1.0
1994-06-08,,,,,0.0,1.0
1994-06-09,,,,,0.0,1.0
1994-06-10,,,,,0.0,1.0
1994-06-13,,,,,0.0,1.0
1994-06-14,,,,,0.0,1.0
1994-06-15,,,,,0.0,1.0
1994-06-16,,,,,0.0,1.0
1994-06-17,,,,,0.0,1.0
1994-06-20,,,,,0.0,1.0
1994-06-21,,,,,0.0,1.0
1994-06-22,,,,,0.0,1.0
1994-06-23,,,,,0.0,1.0
1994-06-24,,,,,0.0,1.0
1994-06-27,,,,,0.0,1.0
1994-06-28,,,,,0.0,1.0
1994-06-29,,,,,0.0,1.0
1994-06-30,,,,,0.0,1.0
1994-07-01,,,,,0.0,1.0
1994-07-04,,,,,0.0,1.0
1994-07-05,,,,,0.0,1.0
1994-07-06,,,,,0.0,1.0
1994-07-07,,,,,0.0,1.0
1994-07-08,,,,,0.0,1.0
1994-07-11,,,,,0.0,1.0
1994-07-12,,,,,0.0,1.0
1994-07-13,,,,,0.0,1.0
1994-07-14,,,,,0.0,1.0
1994-07-15,,,,,0.0,1.0
1994-07-18,,,,,0.0,1.0
1994-07-19,,,,,0.0,1.0
1994-07-20,,,,,0.0,1.0
1994-07-21,,,,,0.0,1.0
1994-07-22,,,,,0.0,1.0
1994-07-25,,,,,0.0,1.0
1994-07-26,,,,,0.0,1.0
1994-07-27,,,,,0.0,1.0
1994-07-28,,,,,0.0,1.0
1994-07-29,,,,,0.0,1.0
1994-08-01,,,,,0.0,1.0
1994-08-02,,,,,0.0,1.0
1994-08-03,,,,,0.0,1.0
1994-08-04,,,,,0.0,1.0
1994-08-05,,,,,0.0,1.0
1994-08-08,,,,,0.0,1.0
1994-08-09,,,,,0.0,1.0
1994-08-10,,,,,0.0,1.0
1994-08-11,,,,,0.0,1.0
1994-08-12,,,,,0.0,1.0
1994-08-15,,,,,0.0,1.0
1994-08-16,,,,,0.0,1.0
1994-08-17,,,,,0.0,1.0
1994-08-18,,,,,0.0,1.0
1994-08-19,,,,,0.0,1.0
1994-08-22,,,,,0.0,1.0
1994-08-23,,,,,0.0,1.0
1994-08-24,,,,,0.0,1.0
1994-08-25,,,,,0.0,1.0
1994-08-26,,,,,0.0,1.0
1994-08-29,,,,,0.0,1.0
1994-08-30,,,,,0.0,1.0
1994-08-31,,,,,0.0,1.0
1994-09-01,,,,,0.0,1.0
1994-09-02,,,,,0.0,1.0
1994-09-05,,,,,0.0,1.0
1994-09-06,,,,,0.0,1.0
1994-09-07,,,,,0.0,1.0
1994-09-08,,,,,0.0,1.0
1994-09-09,,,,,0.0,1.0
1994-09-12,,,,,0.0,1.0
1994-09-13,,,,,0.0,1.0
1994-09-14,,,,,0.0,1.0
1994-09-15,,,,,0.0,1.0
1994-09-16,,,,,0.0,1.0
1994-09-19,,,,,0.0,1.0
1994-09-20,,,,,0.0,1.0
1994-09-21,,,,,0.0,1.0
1994-09-22,,,,,0.0,1.0
1994-09-23,,,,,0.0,1.0
1994-09-26,,,,,0.0,1.0
1994-09-27,,,,,0.0,1.0
1994-09-28,,,,,0.0,1.0
1994-09-29,,,,,0.0,1.0
1994-09-30,,,,,0.0,1.0
1994-10-03,,,,,0.0,1.0
1994-10-04,,,,,0.0,1.0
1994-10-05,,,,,0.0,1.0
1994-10-06,,,,,0.0,1.0
1994-10-07,,,,,0.0,1.0
1994-10-10,,,,,0.0,1.0
1994-10-11,,,,,0.0,1.0
1994-10-12,,,,,0.0,1.0
1994-10-13,,,,,0.0,1.0
1994-10-14,,,,,0.0,1.0
1994-10-17,,,,,0.0,1.0
1994-10-18,,,,,0.0,1.0
1994-10-19,,,,,0.0,1.0
1994-10-20,,,,,0.0,1.0
1994-10-21,,,,,0.0,1.0
1994-10-24,,,,,0.0,1.0
1994-10-25,,,,,0.0,1.0
1994-10-26,,,,,0.0,1.0
1994-10-27,,,,,0.0,1.0
1994-10-28,,,,,0.0,1.0
1994-10-31,,,,,0.0,1.0
1994-11-01,,,,,0.0,1.0
1994-11-02,,,,,0.0,1.0
1994-11-03,,,,,0.0,1.0
1994-11-04,,,,,0.0,1.0
1994-11-07,,,,,0.0,1.0
1994-11-08,,,,,0.0,1.0
1994-11-09,,,,,0.0,1.0
1994-11-10,,,,,0.0,1.0
1994-11-11,,,,,0.0,1.0
1994-11-14,,,,,0.0,1.0
1994-11-15,,,,,0.0,1.0
1994-11-16,,,,,0.0,1.0
1994-11-17,,,,,0.0,1.0
1994-11-18,,,,,0.0,1.0
1994-11-21,,,,,0.0,1.0
1994-11-22,,,,,0.0,1.0
1994-11-23,,,,,0.0,1.0
1994-11-24,,,,,0.0,1.0
1994-11-25,,,,,0.0,1.0
1994-11-28,,,,,0.0,1.0
1994-11-29,,,,,0.0,1.0
1994-11-30,,,,,0.0,1.0
1994-12-01,,,,,0.0,1.0
1994-12-02,,,,,0.0,1.0
1994-12-05,,,,,0.0,1.0
1994-12-06,,,,,0.0,1.0
1994-12-07,,,,,0.0,1.0
1994-12-08,,,,,0.0,1.0
1994-12-09,,,,,0.0,1.0
1994-12-12,,,,,0.0,1.0
1994-12-13,,,,,0.0,1.0
1994-12-14,,,,,0.0,1.0
1994-12-15,,,,,0.0,1.0
1994-12-16,,,,,0.0,1.0
1994-12-19,,,,,0.0,1.0
1994-12-20,,,,,0.0,1.0
1994-12-21,,,,,0.0,1.0
1994-12-22,,,,,0.0,1.0
1994-12-23,,,,,0.0,1.0
1994-12-26,,,,,0.0,1.0
1994-12-27,,,,,0.0,1.0
1994-12-28,,,,,0.0,1.0
1994-12-29,,,,,0.0,1.0
1994-12-30,,,,,0.0,1.0
1995-01-02,,,,,0.0,1.0
1995-01-03,,,,,0.0,1.0
1995-01-04,,,,,0.0,1.0
1995-01-05,,,,,0.0,1.0
1995-01-06,,,,,0.0,1.0
1995-01-09,,,,,0.0,1.0
1995-01-10,,,,,0.0,1.0
1995-01-11,,,,,0.0,1.0
1995-01-12,,,,,0.0,1.0
1995-01-13,,,,,0.0,1.0
1995-01-16,,,,,0.0,1.0
1995-01-17,,,,,0.0,1.0
1995-01-18,,,,,0.0,1.0
1995-01-19,,,,,0.0,1.0
1995-01-20,,,,,0.0,1.0
1995-01-23,,,,,0.0,1.0
1995-01-24,,,,,0.0,1.0
1995-01-25,,,,,0.0,1.0
1995-01-26,,,,,0.0,1.0
1995-01-27,,,,,0.0,1.0
1995-01-30,,,,,0.0,1.0
1995-01-31,,,,,0.0,1.0
1995-02-01,,,,,0.0,1.0
1995-02-02,,,,,0.0,1.0
1995-02-03,,,,,0.0,1.0
1995-02-06,,,,,0.0,1.0
1995-02-07,,,,,0.0,1.0
1995-02-08,,,,,0.0,1.0
1995-02-09,,,,,0.0,1.0
1995-02-10,,,,,0.0,1.0
1995-02-13,,,,,0.0,1.0
1995-02-14,,,,,0.0,1.0
1995-02-15,,,,,0.0,1.0
1995-02-16,,,,,0.0,1.0
1995-02-17,,,,,0.0,1.0
1995-02-20,,,,,0.0,1.0
1995-02-21,,,,,0.0,1.0
1995-02-22,,,,,0.0,1.0
1995-02-23,,,,,0.0,1.0
1995-02-24,,,,,0.0,1.0
1995-02-27,,,,,0.0,1.0
1995-02-28,,,,,0.0,1.0
1995-03-01,,,,,0.0,1.0
1995-03-02,,,,,0.0,1.0
1995-03-03,,,,,0.0,1.0
1995-03-06,,,,,0.0,1.0
1995-03-07,,,,,0.0,1.0
1995-03-08,,,,,0.0,1.0
1995-03-09,,,,,0.0,1.0
1995-03-10,,,,,0.0,1.0
1995-03-13,,,,,0.0,1.0
1995-03-14,,,,,0.0,1.0
1995-03-15,,,,,0.0,1.0
1995-03-16,,,,,0.0,1.0
1995-03-17,,,,,0.0,1.0
1995-03-20,,,,,0.0,1.0
1995-03-21,,,,,0.0,1.0
1995-03-22,,,,,0.0,1.0
1995-03-23,,,,,0.0,1.0
1995-03-24,,,,,0.0,1.0
1995-03-27,,,,,0.0,1.0
1995-03-28,,,,,0.0,1.0
1995-03-29,,,,,0.0,1.0
1995-03-30,,,,,0.0,1.0
1995-03-31,,,,,0.0,1.0
1995-04-03,,,,,0.0,1.0
1995-04-04,,,,,0.0,1.0
1995-04-05,,,,,0.0,1.0
1995-04-06,,,,,0.0,1.0
1995-04-07,,,,,0.0,1.0
1995-04-10,,,,,0.0,1.0
1995-04-11,,,,,0.0,1.0
1995-04-12,,,,,0.0,1.0
1995-04-13,,,,,0.0,1.0
1995-04-14,,,,,0.0,1.0
1995-04-17,,,,,0.0,1.0
1995-04-18,,,,,0.0,1.0
1995-04-19,,,,,0.0,1.0
1995-04-20,,,,,0.0,1.0
1995-04-21,,,,,0.0,1.0
1995-04-24,,,,,0.0,1.0
1995-04-25,,,,,0.0,1.0
1995-04-26,,,,,0.0,1.0
1995-04-27,,,,,0.0,1.0
1995-04-28,,,,,0.0,1.0
1995-05-01,,,,,0.0,1.0
1995-05-02,,,,,0.0,1.0
1995-05-03,,,,,0.0,1.0
1995-05-04,,,,,0.0,1.0
1995-05-05,,,,,0.0,1.0
1995-05-08,,,,,0.0,1.0
1995-05-09,,,,,0.0,1.0
1995-05-10,,,,,0.0,1.0
1995-05-11,,,,,0.0,1.0
1995-05-12,,,,,0.0,1.0
1995-05-15,,,,,0.0,1.0
1995-05-16,,,,,0.0,1.0
1995-05-17,,,,,0.0,1.0
1995-05-18,,,,,0.0,1.0
1995-05-19,,,,,0.0,1.0
1995-05-22,,,,,0.0,1.0
1995-05-23,,,,,0.0,1.0
1995-05-24,,,,,0.0,1.0
1995-05-25,,,,,0.0,1.0
1995-05-26,,,,,0.0,1.0
1995-05-29,,,,,0.0,1.0
1995-05-30,,,,,0.0,1.0
1995-05-31,,,,,0.0,1.0
1995-06-01,,,,,0.0,1.0
1995-06-02,,,,,0.0,1.0
1995-06-05,,,,,0.0,1.0
1995-06-06,,,,,0.0,1.0
1995-06-07,,,,,0.0,1.0
1995-06-08,,,,,0.0,1.0
1995-06-09,,,,,0.0,1.0
1995-06-12,,,,,0.0,1.0
1995-06-13,,,,,0.0,1.0
1995-06-14,,,,,0.0,1.0
1995-06-15,,,,,0.0,1.0
1995-06-16,,,,,0.0,1.0
1995-06-19,,,,,0.0,1.0
1995-06-20,,,,,0.0,1.0
1995-06-21,,,,,0.0,1.0
1995-06-22,,,,,0.0,1.0
1995-06-23,,,,,0.0,1.0
1995-06-26,,,,,0.0,1.0
1995-06-27,,,,,0.0,1.0
1995-06-28,,,,,0.0,1.0
1995-06-29,,,,,0.0,1.0
1995-06-30,,,,,0.0,1.0
1995-07-03,,,,,0.0,1.0
1995-07-04,,,,,0.0,1.0
1995-07-05,,,,,0.0,1.0
1995-07-06,,,,,0.0,1.0
1995-07-07,,,,,0.0,1.0
1995-07-10,,,,,0.0,1.0
1995-07-11,,,,,0.0,1.0
1995-07-12,,,,,0.0,1.0
1995-07-13,,,,,0.0,1.0
1995-07-14,,,,,0.0,1.0
1995-07-17,,,,,0.0,1.0
1995-07-18,,,,,0.0,1.0
1995-07-19,,,,,0.0,1.0
1995-07-20,,,,,0.0,1.0
1995-07-21,,,,,0.0,1.0
1995-07-24,,,,,0.0,1.0
1995-07-25,,,,,0.0,1.0
1995-07-26,,,,,0.0,1.0
1995-07-27,,,,,0.0,1.0
1995-07-28,,,,,0.0,1.0
1995-07-31,,,,,0.0,1.0
1995-08-01,,,,,0.0,1.0
1995-08-02,,,,,0.0,1.0
1995-08-03,,,,,0.0,1.0
1995-08-04,,,,,0.0,1.0
1995-08-07,,,,,0.0,1.0
1995-08-08,,,,,0.0,1.0
1995-08-09,,,,,0.0,1.0
1995-08-10,,,,,0.0,1.0
1995-08-11,,,,,0.0,1.0
1995-08-14,,,,,0.0,1.0
1995-08-15,,,,,0.0,1.0
1995-08-16,,,,,0.0,1.0
1995-08-17,,,,,0.0,1.0
1995-08-18,,,,,0.0,1.0
1995-08-21,,,,,0.0,1.0
1995-08-22,,,,,0.0,1.0
1995-08-23,,,,,0.0,1.0
1995-08-24,,,,,0.0,1.0
1995-08-25,,,,,0.0,1.0
1995-08-28,,,,,0.0,1.0
1995-08-29,,,,,0.0,1.0
1995-08-30,,,,,0.0,1.0
1995-08-31,,,,,0.0,1.0
1995-09-01,,,,,0.0,1.0
1995-09-04,,,,,0.0,1.0
1995-09-05,,,,,0.0,1.0
1995-09-06,,,,,0.0,1.0
1995-09-07,,,,,0.0,1.0
1995-09-08,,,,,0.0,1.0
1995-09-11,,,,,0.0,1.0
1995-09-12,,,,,0.0,1.0
1995-09-13,,,,,0.0,1.0
1995-09-14,,,,,0.0,1.0
1995-09-15,,,,,0.0,1.0
1995-09-18,,,,,0.0,1.0
1995-09-19,,,,,0.0,1.0
1995-09-20,,,,,0.0,1.0
1995-09-21,,,,,0.0,1.0
1995-09-22,,,,,0.0,1.0
1995-09-25,,,,,0.0,1.0
1995-09-26,,,,,0.0,1.0
1995-09-27,,,,,0.0,1.0
1995-09-28,,,,,0.0,1.0
1995-09-29,,,,,0.0,1.0
1995-10-02,,,,,0.0,1.0
1995-10-03,,,,,0.0,1.0
1995-10-04,,,,,0.0,1.0
1995-10-05,,,,,0.0,1.0
1995-10-06,,,,,0.0,1.0
1995-10-09,,,,,0.0,1.0
1995-10-10,,,,,0.0,1.0
1995-10-11,,,,,0.0,1.0
1995-10-12,,,,,0.0,1.0
1995-10-13,,,,,0.0,1.0
1995-10-16,,,,,0.0,1.0
1995-10-17,,,,,0.0,1.0
1995-10-18,,,,,0.0,1.0
1995-10-19,,,,,0.0,1.0
1995-10-20,,,,,0.0,1.0
1995-10-23,,,,,0.0,1.0
1995-10-24,,,,,0.0,1.0
1995-10-25,,,,,0.0,1.0
1995-10-26,,,,,0.0,1.0
1995-10-27,,,,,0.0,1.0
1995-10-30,,,,,0.0,1.0
1995-10-31,,,,,0.0,1.0
1995-11-01,,,,,0.0,1.0
1995-11-02,,,,,0.0,1.0
1995-11-03,,,,,0.0,1.0
1995-11-06,,,,,0.0,1.0
1995-11-07,,,,,0.0,1.0
1995-11-08,,,,,0.0,1.0
1995-11-09,,,,,0.0,1.0
1995-11-10,,,,,0.0,1.0
1995-11-13,,,,,0.0,1.0
1995-11-14,,,,,0.0,1.0
1995-11-15,,,,,0.0,1.0
1995-11-16,,,,,0.0,1.0
1995-11-17,,,,,0.0,1.0
1995-11-20,,,,,0.0,1.0
1995-11-21,,,,,0.0,1.0
1995-11-22,,,,,0.0,1.0
1995-11-23,,,,,0.0,1.0
1995-11-24,,,,,0.0,1.0
1995-11-27,,,,,0.0,1.0
1995-11-28,,,,,0.0,1.0
1995-11-29,,,,,0.0,1.0
1995-11-30,,,,,0.0,1.0
1995-12-01,,,,,0.0,1.0
1995-12-04,,,,,0.0,1.0
1995-12-05,,,,,0.0,1.0
1995-12-06,,,,,0.0,1.0
1995-12-07,,,,,0.0,1.0
1995-12-08,,,,,0.0,1.0
1995-12-11,,,,,0.0,1.0
1995-12-12,,,,,0.0,1.0
1995-12-13,,,,,0.0,1.0
1995-12-14,,,,,0.0,1.0
1995-12-15,,,,,0.0,1.0
1995-12-18,,,,,0.0,1.0
1995-12-19,,,,,0.0,1.0
1995-12-20,,,,,0.0,1.0
1995-12-21,,,,,0.0,1.0
1995-12-22,,,,,0.0,1.0
1995-12-25,,,,,0.0,1.0
1995-12-26,,,,,0.0,1.0
1995-12-27,,,,,0.0,1.0
1995-12-28,,,,,0.0,1.0
1995-12-29,,,,,0.0,1.0
1996-01-01,,,,,0.0,1.0
1996-01-02,,,,,0.0,1.0
1996-01-03,,,,,0.0,1.0
1996-01-04,,,,,0.0,1.0
1996-01-05,,,,,0.0,1.0
1996-01-08,,,,,0.0,1.0
1996-01-09,,,,,0.0,1.0
1996-01-10,,,,,0.0,1.0
1996-01-11,,,,,0.0,1.0
1996-01-12,,,,,0.0,1.0
1996-01-15,,,,,0.0,1.0
1996-01-16,,,,,0.0,1.0
1996-01-17,,,,,0.0,1.0
1996-01-18,,,,,0.0,1.0
1996-01-19,,,,,0.0,1.0
1996-01-22,,,,,0.0,1.0
1996-01-23,,,,,0.0,1.0
1996-01-24,,,,,0.0,1.0
1996-01-25,,,,,0.0,1.0
1996-01-26,,,,,0.0,1.0
1996-01-29,,,,,0.0,1.0
1996-01-30,,,,,0.0,1.0
1996-01-31,,,,,0.0,1.0
1996-02-01,,,,,0.0,1.0
1996-02-02,,,,,0.0,1.0
1996-02-05,,,,,0.0,1.0
1996-02-06,,,,,0.0,1.0
1996-02-07,,,,,0.0,1.0
1996-02-08,,,,,0.0,1.0
1996-02-09,,,,,0.0,1.0
1996-02-12,,,,,0.0,1.0
1996-02-13,,,,,0.0,1.0
1996-02-14,,,,,0.0,1.0
1996-02-15,,,,,0.0,1.0
1996-02-16,,,,,0.0,1.0
1996-02-19,,,,,0.0,1.0
1996-02-20,,,,,0.0,1.0
1996-02-21,,,,,0.0,1.0
1996-02-22,,,,,0.0,1.0
1996-02-23,,,,,0.0,1.0
1996-02-26,,,,,0.0,1.0
1996-02-27,,,,,0.0,1.0
1996-02-28,,,,,0.0,1.0
1996-02-29,,,,,0.0,1.0
1996-03-01,,,,,0.0,1.0
1996-03-04,,,,,0.0,1.0
1996-03-05,,,,,0.0,1.0
1996-03-06,,,,,0.0,1.0
1996-03-07,,,,,0.0,1.0
1996-03-08,,,,,0.0,1.0
1996-03-11,,,,,0.0,1.0
1996-03-12,,,,,0.0,1.0
1996-03-13,,,,,0.0,1.0
1996-03-14,,,,,0.0,1.0
1996-03-15,,,,,0.0,1.0
1996-03-18,,,,,0.0,1.0
1996-03-19,,,,,0.0,1.0
1996-03-20,,,,,0.0,1.0
1996-03-21,,,,,0.0,1.0
1996-03-22,,,,,0.0,1.0
1996-03-25,,,,,0.0,1.0
1996-03-26,,,,,0.0,1.0
1996-03-27,,,,,0.0,1.0
1996-03-28,,,,,0.0,1.0
1996-03-29,,,,,0.0,1.0
1996-04-01,,,,,0.0,1.0
1996-04-02,,,,,0.0,1.0
1996-04-03,,,,,0.0,1.0
1996-04-04,,,,,0.0,1.0
1996-04-05,,,,,0.0,1.0
1996-04-08,,,,,0.0,1.0
1996-04-09,,,,,0.0,1.0
1996-04-10,,,,,0.0,1.0
1996-04-11,,,,,0.0,1.0
1996-04-12,,,,,0.0,1.0
1996-04-15,,,,,0.0,1.0
1996-04-16,,,,,0.0,1.0
1996-04-17,,,,,0.0,1.0
1996-04-18,,,,,0.0,1.0
1996-04-19,,,,,0.0,1.0
1996-04-22,,,,,0.0,1.0
1996-04-23,,,,,0.0,1.0
1996-04-24,,,,,0.0,1.0
1996-04-25,,,,,0.0,1.0
1996-04-26,,,,,0.0,1.0
1996-04-29,,,,,0.0,1.0
1996-04-30,,,,,0.0,1.0
1996-05-01,,,,,0.0,1.0
1996-05-02,,,,,0.0,1.0
1996-05-03,,,,,0.0,1.0
1996-05-06,,,,,0.0,1.0
1996-05-07,,,,,0.0,1.0
1996-05-08,,,,,0.0,1.0
1996-05-09,,,,,0.0,1.0
1996-05-10,,,,,0.0,1.0
1996-05-13,,,,,0.0,1.0
1996-05-14,,,,,0.0,1.0
1996-05-15,,,,,0.0,1.0
1996-05-16,,,,,0.0,1.0
1996-05-17,,,,,0.0,1.0
1996-05-20,,,,,0.0,1.0
1996-05-21,,,,,0.0,1.0
1996-05-22,,,,,0.0,1.0
1996-05-23,,,,,0.0,1.0
1996-05-24,,,,,0.0,1.0
1996-05-27,,,,,0.0,1.0
1996-05-28,,,,,0.0,1.0
1996-05-29,,,,,0.0,1.0
1996-05-30,,,,,0.0,1.0
1996-05-31,,,,,0.0,1.0
1996-06-03,,,,,0.0,1.0
1996-06-04,,,,,0.0,1.0
1996-06-05,,,,,0.0,1.0
1996-06-06,,,,,0.0,1.0
1996-06-07,,,,,0.0,1.0
1996-06-10,,,,,0.0,1.0
1996-06-11,,,,,0.0,1.0
1996-06-12,,,,,0.0,1.0
1996-06-13,,,,,0.0,1.0
1996-06-14,,,,,0.0,1.0
1996-06-17,,,,,0.0,1.0
1996-06-18,,,,,0.0,1.0
1996-06-19,,,,,0.0,1.0
1996-06-20,,,,,0.0,1.0
1996-06-21,,,,,0.0,1.0
1996-06-24,,,,,0.0,1.0
1996-06-25,,,,,0.0,1.0
1996-06-26,,,,,0.0,1.0
1996-06-27,,,,,0.0,1.0
1996-06-28,,,,,0.0,1.0
1996-07-01,,,,,0.0,1.0
1996-07-02,,,,,0.0,1.0
1996-07-03,,,,,0.0,1.0
1996-07-04,,,,,0.0,1.0
1996-07-05,,,,,0.0,1.0
1996-07-08,,,,,0.0,1.0
1996-07-09,,,,,0.0,1.0
1996-07-10,,,,,0.0,1.0
1996-07-11,,,,,0.0,1.0
1996-07-12,,,,,0.0,1.0
1996-07-15,,,,,0.0,1.0
1996-07-16,,,,,0.0,1.0
1996-07-17,,,,,0.0,1.0
1996-07-18,,,,,0.0,1.0
1996-07-19,,,,,0.0,1.0
1996-07-22,,,,,0.0,1.0
1996-07-23,,,,,0.0,1.0
1996-07-24,,,,,0.0,1.0
1996-07-25,,,,,0.0,1.0
1996-07-26,,,,,0.0,1.0
1996-07-29,,,,,0.0,1.0
1996-07-30,,,,,0.0,1.0
1996-07-31,,,,,0.0,1.0
1996-08-01,,,,,0.0,1.0
1996-08-02,,,,,0.0,1.0
1996-08-05,,,,,0.0,1.0
1996-08-06,,,,,0.0,1.0
1996-08-07,,,,,0.0,1.0
1996-08-08,,,,,0.0,1.0
1996-08-09,,,,,0.0,1.0
1996-08-12,,,,,0.0,1.0
1996-08-13,,,,,0.0,1.0
1996-08-14,,,,,0.0,1.0
1996-08-15,,,,,0.0,1.0
1996-08-16,,,,,0.0,1.0
1996-08-19,,,,,0.0,1.0
1996-08-20,,,,,0.0,1.0
1996-08-21,,,,,0.0,1.0
1996-08-22,,,,,0.0,1.0
1996-08-23,,,,,0.0,1.0
1996-08-26,,,,,0.0,1.0
1996-08-27,,,,,0.0,1.0
1996-08-28,,,,,0.0,1.0
1996-08-29,,,,,0.0,1.0
1996-08-30,,,,,0.0,1.0
1996-09-02,,,,,0.0,1.0
1996-09-03,,,,,0.0,1.0
1996-09-04,,,,,0.0,1.0
1996-09-05,,,,,0.0,1.0
1996-09-06,,,,,0.0,1.0
1996-09-09,,,,,0.0,1.0
1996-09-10,,,,,0.0,1.0
1996-09-11,,,,,0.0,1.0
1996-09-12,,,,,0.0,1.0
1996-09-13,,,,,0.0,1.0
1996-09-16,,,,,0.0,1.0
1996-09-17,,,,,0.0,1.0
1996-09-18,,,,,0.0,1.0
1996-09-19,,,,,0.0,1.0
1996-09-20,,,,,0.0,1.0
1996-09-23,,,,,0.0,1.0
1996-09-24,,,,,0.0,1.0
1996-09-25,,,,,0.0,1.0
1996-09-26,,,,,0.0,1.0
1996-09-27,,,,,0.0,1.0
1996-09-30,,,,,0.0,1.0
1996-10-01,,,,,0.0,1.0
1996-10-02,,,,,0.0,1.0
1996-10-03,,,,,0.0,1.0
1996-10-04,,,,,0.0,1.0
1996-10-07,,,,,0.0,1.0
1996-10-08,,,,,0.0,1.0
1996-10-09,,,,,0.0,1.0
1996-10-10,,,,,0.0,1.0
1996-10-11,,,,,0.0,1.0
1996-10-14,,,,,0.0,1.0
1996-10-15,,,,,0.0,1.0
1996-10-16,,,,,0.0,1.0
1996-10-17,,,,,0.0,1.0
1996-10-18,,,,,0.0,1.0
1996-10-21,,,,,0.0,1.0
1996-10-22,,,,,0.0,1.0
1996-10-23,,,,,0.0,1.0
1996-10-24,,,,,0.0,1.0
1996-10-25,,,,,0.0,1.0
1996-10-28,,,,,0.0,1.0
1996-10-29,,,,,0.0,1.0
1996-10-30,,,,,0.0,1.0
1996-10-31,,,,,0.0,1.0
1996-11-01,,,,,0.0,1.0
1996-11-04,,,,,0.0,1.0
1996-11-05,,,,,0.0,1.0
1996-11-06,,,,,0.0,1.0
1996-11-07,,,,,0.0,1.0
1996-11-08,,,,,0.0,1.0
1996-11-11,,,,,0.0,1.0
1996-11-12,,,,,0.0,1.0
1996-11-13,,,,,0.0,1.0
1996-11-14,,,,,0.0,1.0
1996-11-15,,,,,0.0,1.0
1996-11-18,,,,,0.0,1.0
1996-11-19,,,,,0.0,1.0
1996-11-20,,,,,0.0,1.0
1996-11-21,,,,,0.0,1.0
1996-11-22,,,,,0.0,1.0
1996-11-25,,,,,0.0,1.0
1996-11-26,,,,,0.0,1.0
1996-11-27,,,,,0.0,1.0
1996-11-28,,,,,0.0,1.0
1996-11-29,,,,,0.0,1.0
1996-12-02,,,,,0.0,1.0
1996-12-03,,,,,0.0,1.0
1996-12-04,,,,,0.0,1.0
1996-12-05,,,,,0.0,1.0
1996-12-06,,,,,0.0,1.0
1996-12-09,,,,,0.0,1.0
1996-12-10,,,,,0.0,1.0
1996-12-11,,,,,0.0,1.0
1996-12-12,,,,,0.0,1.0
1996-12-13,,,,,0.0,1.0
1996-12-16,,,,,0.0,1.0
1996-12-17,,,,,0.0,1.0
1996-12-18,,,,,0.0,1.0
1996-12-19,,,,,0.0,1.0
1996-12-20,,,,,0.0,1.0
1996-12-23,,,,,0.0,1.0
1996-12-24,,,,,0.0,1.0
1996-12-25,,,,,0.0,1.0
1996-12-26,,,,,0.0,1.0
1996-12-27,,,,,0.0,1.0
1996-12-30,,,,,0.0,1.0
1996-12-31,,,,,0.0,1.0
1997-01-01,,,,,0.0,1.0
1997-01-02,,,,,0.0,1.0
1997-01-03,,,,,0.0,1.0
1997-01-06,,,,,0.0,1.0
1997-01-07,,,,,0.0,1.0
1997-01-08,,,,,0.0,1.0
1997-01-09,,,,,0.0,1.0
1997-01-10,,,,,0.0,1.0
1997-01-13,,,,,0.0,1.0
1997-01-14,,,,,0.0,1.0
1997-01-15,,,,,0.0,1.0
1997-01-16,,,,,0.0,1.0
1997-01-17,,,,,0.0,1.0
1997-01-20,,,,,0.0,1.0
1997-01-21,,,,,0.0,1.0
1997-01-22,,,,,0.0,1.0
1997-01-23,,,,,0.0,1.0
1997-01-24,,,,,0.0,1.0
1997-01-27,,,,,0.0,1.0
1997-01-28,,,,,0.0,1.0
1997-01-29,,,,,0.0,1.0
1997-01-30,,,,,0.0,1.0
1997-01-31,,,,,0.0,1.0
1997-02-03,,,,,0.0,1.0
1997-02-04,,,,,0.0,1.0
1997-02-05,,,,,0.0,1.0
1997-02-06,,,,,0.0,1.0
1997-02-07,,,,,0.0,1.0
1997-02-10,,,,,0.0,1.0
1997-02-11,,,,,0.0,1.0
1997-02-12,,,,,0.0,1.0
1997-02-13,,,,,0.0,1.0
1997-02-14,,,,,0.0,1.0
1997-02-17,,,,,0.0,1.0
1997-02-18,,,,,0.0,1.0
1997-02-19,,,,,0.0,1.0
1997-02-20,,,,,0.0,1.0
1997-02-21,,,,,0.0,1.0
1997-02-24,,,,,0.0,1.0
1997-02-25,,,,,0.0,1.0
1997-02-26,,,,,0.0,1.0
1997-02-27,,,,,0.0,1.0
1997-02-28,,,,,0.0,1.0
1997-03-03,,,,,0.0,1.0
1997-03-04,,,,,0.0,1.0
1997-03-05,,,,,0.0,1.0
1997-03-06,,,,,0.0,1.0
1997-03-07,,,,,0.0,1.0
1997-03-10,,,,,0.0,1.0
1997-03-11,,,,,0.0,1.0
1997-03-12,,,,,0.0,1.0
1997-03-13,,,,,0.0,1.0
1997-03-14,,,,,0.0,1.0
1997-03-17,,,,,0.0,1.0
1997-03-18,,,,,0.0,1.0
1997-03-19,,,,,0.0,1.0
1997-03-20,,,,,0.0,1.0
1997-03-21,,,,,0.0,1.0
1997-03-24,,,,,0.0,1.0
1997-03-25,,,,,0.0,1.0
1997-03-26,,,,,0.0,1.0
1997-03-27,,,,,0.0,1.0
1997-03-28,,,,,0.0,1.0
1997-03-31,,,,,0.0,1.0
1997-04-01,,,,,0.0,1.0
1997-04-02,,,,,0.0,1.0
1997-04-03,,,,,0.0,1.0
1997-04-04,,,,,0.0,1.0
1997-04-07,,,,,0.0,1.0
1997-04-08,,,,,0.0,1.0
1997-04-09,,,,,0.0,1.0
1997-04-10,,,,,0.0,1.0
1997-04-11,,,,,0.0,1.0
1997-04-14,,,,,0.0,1.0
1997-04-15,,,,,0.0,1.0
1997-04-16,,,,,0.0,1.0
1997-04-17,,,,,0.0,1.0
1997-04-18,,,,,0.0,1.0
1997-04-21,,,,,0.0,1.0
1997-04-22,,,,,0.0,1.0
1997-04-23,,,,,0.0,1.0
1997-04-24,,,,,0.0,1.0
1997-04-25,,,,,0.0,1.0
1997-04-28,,,,,0.0,1.0
1997-04-29,,,,,0.0,1.0
1997-04-30,,,,,0.0,1.0
1997-05-01,,,,,0.0,1.0
1997-05-02,,,,,0.0,1.0
1997-05-05,,,,,0.0,1.0
1997-05-06,,,,,0.0,1.0
1997-05-07,,,,,0.0,1.0
1997-05-08,,,,,0.0,1.0
1997-05-09,,,,,0.0,1.0
1997-05-12,,,,,0.0,1.0
1997-05-13,,,,,0.0,1.0
1997-05-14,,,,,0.0,1.0
1997-05-15,,,,,0.0,1.0
1997-05-16,,,,,0.0,1.0
1997-05-19,,,,,0.0,1.0
1997-05-20,,,,,0.0,1.0
1997-05-21,,,,,0.0,1.0
1997-05-22,,,,,0.0,1.0
1997-05-23,,,,,0.0,1.0
1997-05-26,,,,,0.0,1.0
1997-05-27,,,,,0.0,1.0
1997-05-28,,,,,0.0,1.0
1997-05-29,,,,,0.0,1.0
1997-05-30,,,,,0.0,1.0
1997-06-02,,,,,0.0,1.0
1997-06-03,,,,,0.0,1.0
1997-06-04,,,,,0.0,1.0
1997-06-05,,,,,0.0,1.0
1997-06-06,,,,,0.0,1.0
1997-06-09,,,,,0.0,1.0
1997-06-10,,,,,0.0,1.0
1997-06-11,,,,,0.0,1.0
1997-06-12,,,,,0.0,1.0
1997-06-13,,,,,0.0,1.0
1997-06-16,,,,,0.0,1.0
1997-06-17,,,,,0.0,1.0
1997-06-18,,,,,0.0,1.0
1997-06-19,,,,,0.0,1.0
1997-06-20,,,,,0.0,1.0
1997-06-23,,,,,0.0,1.0
1997-06-24,,,,,0.0,1.0
1997-06-25,,,,,0.0,1.0
1997-06-26,,,,,0.0,1.0
1997-06-27,,,,,0.0,1.0
1997-06-30,,,,,0.0,1.0
1997-07-01,,,,,0.0,1.0
1997-07-02,,,,,0.0,1.0
1997-07-03,,,,,0.0,1.0
1997-07-04,,,,,0.0,1.0
1997-07-07,,,,,0.0,1.0
1997-07-08,,,,,0.0,1.0
1997-07-09,,,,,0.0,1.0
1997-07-10,,,,,0.0,1.0
1997-07-11,,,,,0.0,1.0
1997-07-14,,,,,0.0,1.0
1997-07-15,,,,,0.0,1.0
1997-07-16,,,,,0.0,1.0
1997-07-17,,,,,0.0,1.0
1997-07-18,,,,,0.0,1.0
1997-07-21,,,,,0.0,1.0
1997-07-22,,,,,0.0,1.0
1997-07-23,,,,,0.0,1.0
1997-07-24,,,,,0.0,1.0
1997-07-25,,,,,0.0,1.0
1997-07-28,,,,,0.0,1.0
1997-07-29,,,,,0.0,1.0
1997-07-30,,,,,0.0,1.0
1997-07-31,,,,,0.0,1.0
1997-08-01,,,,,0.0,1.0
1997-08-04,,,,,0.0,1.0
1997-08-05,,,,,0.0,1.0
1997-08-06,,,,,0.0,1.0
1997-08-07,,,,,0.0,1.0
1997-08-08,,,,,0.0,1.0
1997-08-11,,,,,0.0,1.0
1997-08-12,,,,,0.0,1.0
1997-08-13,,,,,0.0,1.0
1997-08-14,,,,,0.0,1.0
1997-08-15,,,,,0.0,1.0
1997-08-18,,,,,0.0,1.0
1997-08-19,,,,,0.0,1.0
1997-08-20,,,,,0.0,1.0
1997-08-21,,,,,0.0,1.0
1997-08-22,,,,,0.0,1.0
1997-08-25,,,,,0.0,1.0
1997-08-26,,,,,0.0,1.0
1997-08-27,,,,,0.0,1.0
1997-08-28,,,,,0.0,1.0
1997-08-29,,,,,0.0,1.0
1997-09-01,,,,,0.0,1.0
1997-09-02,,,,,0.0,1.0
1997-09-03,,,,,0.0,1.0
1997-09-04,,,,,0.0,1.0
1997-09-05,,,,,0.0,1.0
1997-09-08,,,,,0.0,1.0
1997-09-09,,,,,0.0,1.0
1997-09-10,,,,,0.0,1.0
1997-09-11,,,,,0.0,1.0
1997-09-12,,,,,0.0,1.0
1997-09-15,,,,,0.0,1.0
1997-09-16,,,,,0.0,1.0
1997-09-17,,,,,0.0,1.0
1997-09-18,,,,,0.0,1.0
1997-09-19,,,,,0.0,1.0
1997-09-22,,,,,0.0,1.0
1997-09-23,,,,,0.0,1.0
1997-09-24,,,,,0.0,1.0
1997-09-25,,,,,0.0,1.0
1997-09-26,,,,,0.0,1.0
1997-09-29,,,,,0.0,1.0
1997-09-30,,,,,0.0,1.0
1997-10-01,,,,,0.0,1.0
1997-10-02,,,,,0.0,1.0
1997-10-03,,,,,0.0,1.0
1997-10-06,,,,,0.0,1.0
1997-10-07,,,,,0.0,1.0
1997-10-08,,,,,0.0,1.0
1997-10-09,,,,,0.0,1.0
1997-10-10,,,,,0.0,1.0
1997-10-13,,,,,0.0,1.0
1997-10-14,,,,,0.0,1.0
1997-10-15,,,,,0.0,1.0
1997-10-16,,,,,0.0,1.0
1997-10-17,,,,,0.0,1.0
1997-10-20,,,,,0.0,1.0
1997-10-21,,,,,0.0,1.0
1997-10-22,,,,,0.0,1.0
1997-10-23,,,,,0.0,1.0
1997-10-24,,,,,0.0,1.0
1997-10-27,,,,,0.0,1.0
1997-10-28,,,,,0.0,1.0
1997-10-29,,,,,0.0,1.0
1997-10-30,,,,,0.0,1.0
1997-10-31,,,,,0.0,1.0
1997-11-03,,,,,0.0,1.0
1997-11-04,,,,,0.0,1.0
1997-11-05,,,,,0.0,1.0
1997-11-06,,,,,0.0,1.0
1997-11-07,,,,,0.0,1.0
1997-11-10,,,,,0.0,1.0
1997-11-11,,,,,0.0,1.0
1997-11-12,,,,,0.0,1.0
1997-11-13,,,,,0.0,1.0
1997-11-14,,,,,0.0,1.0
1997-11-17,,,,,0.0,1.0
1997-11-18,,,,,0.0,1.0
1997-11-19,,,,,0.0,1.0
1997-11-20,,,,,0.0,1.0
1997-11-21,,,,,0.0,1.0
1997-11-24,,,,,0.0,1.0
1997-11-25,,,,,0.0,1.0
1997-11-26,,,,,0.0,1.0
1997-11-27,,,,,0.0,1.0
1997-11-28,,,,,0.0,1.0
1997-12-01,,,,,0.0,1.0
1997-12-02,,,,,0.0,1.0
1997-12-03,,,,,0.0,1.0
1997-12-04,,,,,0.0,1.0
1997-12-05,,,,,0.0,1.0
1997-12-08,,,,,0.0,1.0
1997-12-09,,,,,0.0,1.0
1997-12-10,,,,,0.0,1.0
1997-12-11,,,,,0.0,1.0
1997-12-12,,,,,0.0,1.0
1997-12-15,,,,,0.0,1.0
1997-12-16,,,,,0.0,1.0
1997-12-17,,,,,0.0,1.0
1997-12-18,,,,,0.0,1.0
1997-12-19,,,,,0.0,1.0
1997-12-22,,,,,0.0,1.0
1997-12-23,,,,,0.0,1.0
1997-12-24,,,,,0.0,1.0
1997-12-25,,,,,0.0,1.0
1997-12-26,,,,,0.0,1.0
1997-12-29,,,,,0.0,1.0
1997-12-30,,,,,0.0,1.0
1997-12-31,,,,,0.0,1.0
1998-01-01,,,,,0.0,1.0
1998-01-02,,,,,0.0,1.0
1998-01-05,,,,,0.0,1.0
1998-01-06,,,,,0.0,1.0
1998-01-07,,,,,0.0,1.0
1998-01-08,,,,,0.0,1.0
1998-01-09,,,,,0.0,1.0
1998-01-12,,,,,0.0,1.0
1998-01-13,,,,,0.0,1.0
1998-01-14,,,,,0.0,1.0
1998-01-15,,,,,0.0,1.0
1998-01-16,,,,,0.0,1.0
1998-01-19,,,,,0.0,1.0
1998-01-20,,,,,0.0,1.0
1998-01-21,,,,,0.0,1.0
1998-01-22,,,,,0.0,1.0
1998-01-23,,,,,0.0,1.0
1998-01-26,,,,,0.0,1.0
1998-01-27,,,,,0.0,1.0
1998-01-28,,,,,0.0,1.0
1998-01-29,,,,,0.0,1.0
1998-01-30,,,,,0.0,1.0
1998-02-02,,,,,0.0,1.0
1998-02-03,,,,,0.0,1.0
1998-02-04,,,,,0.0,1.0
1998-02-05,,,,,0.0,1.0
1998-02-06,,,,,0.0,1.0
1998-02-09,,,,,0.0,1.0
1998-02-10,,,,,0.0,1.0
1998-02-11,,,,,0.0,1.0
1998-02-12,,,,,0.0,1.0
1998-02-13,,,,,0.0,1.0
1998-02-16,,,,,0.0,1.0
1998-02-17,,,,,0.0,1.0
1998-02-18,,,,,0.0,1.0
1998-02-19,,,,,0.0,1.0
1998-02-20,,,,,0.0,1.0
1998-02-23,,,,,0.0,1.0
1998-02-24,,,,,0.0,1.0
1998-02-25,,,,,0.0,1.0
1998-02-26,,,,,0.0,1.0
1998-02-27,,,,,0.0,1.0
1998-03-02,,,,,0.0,1.0
1998-03-03,,,,,0.0,1.0
1998-03-04,,,,,0.0,1.0
1998-03-05,,,,,0.0,1.0
1998-03-06,,,,,0.0,1.0
1998-03-09,,,,,0.0,1.0
1998-03-10,,,,,0.0,1.0
1998-03-11,,,,,0.0,1.0
1998-03-12,,,,,0.0,1.0
1998-03-13,,,,,0.0,1.0
1998-03-16,,,,,0.0,1.0
1998-03-17,,,,,0.0,1.0
1998-03-18,,,,,0.0,1.0
1998-03-19,,,,,0.0,1.0
1998-03-20,,,,,0.0,1.0
1998-03-23,,,,,0.0,1.0
1998-03-24,,,,,0.0,1.0
1998-03-25,,,,,0.0,1.0
1998-03-26,,,,,0.0,1.0
1998-03-27,,,,,0.0,1.0
1998-03-30,,,,,0.0,1.0
1998-03-31,,,,,0.0,1.0
1998-04-01,,,,,0.0,1.0
1998-04-02,,,,,0.0,1.0
1998-04-03,,,,,0.0,1.0
1998-04-06,,,,,0.0,1.0
1998-04-07,,,,,0.0,1.0
1998-04-08,,,,,0.0,1.0
1998-04-09,,,,,0.0,1.0
1998-04-10,,,,,0.0,1.0
1998-04-13,,,,,0.0,1.0
1998-04-14,,,,,0.0,1.0
1998-04-15,,,,,0.0,1.0
1998-04-16,,,,,0.0,1.0
1998-04-17,,,,,0.0,1.0
1998-04-20,,,,,0.0,1.0
1998-04-21,,,,,0.0,1.0
1998-04-22,,,,,0.0,1.0
1998-04-23,,,,,0.0,1.0
1998-04-24,,,,,0.0,1.0
1998-04-27,,,,,0.0,1.0
1998-04-28,,,,,0.0,1.0
1998-04-29,,,,,0.0,1.0
1998-04-30,,,,,0.0,1.0
1998-05-01,,,,,0.0,1.0
1998-05-04,,,,,0.0,1.0
1998-05-05,,,,,0.0,1.0
1998-05-06,,,,,0.0,1.0
1998-05-07,,,,,0.0,1.0
1998-05-08,,,,,0.0,1.0
1998-05-11,,,,,0.0,1.0
1998-05-12,,,,,0.0,1.0
1998-05-13,,,,,0.0,1.0
1998-05-14,,,,,0.0,1.0
1998-05-15,,,,,0.0,1.0
1998-05-18,,,,,0.0,1.0
1998-05-19,,,,,0.0,1.0
1998-05-20,,,,,0.0,1.0
1998-05-21,,,,,0.0,1.0
1998-05-22,,,,,0.0,1.0
1998-05-25,,,,,0.0,1.0
1998-05-26,,,,,0.0,1.0
1998-05-27,,,,,0.0,1.0
1998-05-28,,,,,0.0,1.0
1998-05-29,,,,,0.0,1.0
1998-06-01,,,,,0.0,1.0
1998-06-02,,,,,0.0,1.0
1998-06-03,,,,,0.0,1.0
1998-06-04,,,,,0.0,1.0
1998-06-05,,,,,0.0,1.0
1998-06-08,,,,,0.0,1.0
1998-06-09,,,,,0.0,1.0
1998-06-10,,,,,0.0,1.0
1998-06-11,,,,,0.0,1.0
1998-06-12,,,,,0.0,1.0
1998-06-15,,,,,0.0,1.0
1998-06-16,,,,,0.0,1.0
1998-06-17,,,,,0.0,1.0
1998-06-18,,,,,0.0,1.0
1998-06-19,,,,,0.0,1.0
1998-06-22,,,,,0.0,1.0
1998-06-23,,,,,0.0,1.0
1998-06-24,,,,,0.0,1.0
1998-06-25,,,,,0.0,1.0
1998-06-26,,,,,0.0,1.0
1998-06-29,,,,,0.0,1.0
1998-06-30,,,,,0.0,1.0
1998-07-01,,,,,0.0,1.0
1998-07-02,,,,,0.0,1.0
1998-07-03,,,,,0.0,1.0
1998-07-06,,,,,0.0,1.0
1998-07-07,,,,,0.0,1.0
1998-07-08,,,,,0.0,1.0
1998-07-09,,,,,0.0,1.0
1998-07-10,,,,,0.0,1.0
1998-07-13,,,,,0.0,1.0
1998-07-14,,,,,0.0,1.0
1998-07-15,,,,,0.0,1.0
1998-07-16,,,,,0.0,1.0
1998-07-17,,,,,0.0,1.0
1998-07-20,,,,,0.0,1.0
1998-07-21,,,,,0.0,1.0
1998-07-22,,,,,0.0,1.0
1998-07-23,,,,,0.0,1.0
1998-07-24,,,,,0.0,1.0
1998-07-27,,,,,0.0,1.0
1998-07-28,,,,,0.0,1.0
1998-07-29,,,,,0.0,1.0
1998-07-30,,,,,0.0,1.0
1998-07-31,,,,,0.0,1.0
1998-08-03,,,,,0.0,1.0
1998-08-04,,,,,0.0,1.0
1998-08-05,,,,,0.0,1.0
1998-08-06,,,,,0.0,1.0
1998-08-07,,,,,0.0,1.0
1998-08-10,,,,,0.0,1.0
1998-08-11,,,,,0.0,1.0
1998-08-12,,,,,0.0,1.0
1998-08-13,,,,,0.0,1.0
1998-08-14,,,,,0.0,1.0
1998-08-17,,,,,0.0,1.0
1998-08-18,,,,,0.0,1.0
1998-08-19,,,,,0.0,1.0
1998-08-20,,,,,0.0,1.0
1998-08-21,,,,,0.0,1.0
1998-08-24,,,,,0.0,1.0
1998-08-25,,,,,0.0,1.0
1998-08-26,,,,,0.0,1.0
1998-08-27,,,,,0.0,1.0
1998-08-28,,,,,0.0,1.0
1998-08-31,,,,,0.0,1.0
1998-09-01,,,,,0.0,1.0
1998-09-02,,,,,0.0,1.0
1998-09-03,,,,,0.0,1.0
1998-09-04,,,,,0.0,1.0
1998-09-07,,,,,0.0,1.0
1998-09-08,,,,,0.0,1.0
1998-09-09,,,,,0.0,1.0
1998-09-10,,,,,0.0,1.0
1998-09-11,,,,,0.0,1.0
1998-09-14,,,,,0.0,1.0
1998-09-15,,,,,0.0,1.0
1998-09-16,,,,,0.0,1.0
1998-09-17,,,,,0.0,1.0
1998-09-18,,,,,0.0,1.0
1998-09-21,,,,,0.0,1.0
1998-09-22,,,,,0.0,1.0
1998-09-23,,,,,0.0,1.0
1998-09-24,,,,,0.0,1.0
1998-09-25,,,,,0.0,1.0
1998-09-28,,,,,0.0,1.0
1998-09-29,,,,,0.0,1.0
1998-09-30,,,,,0.0,1.0
1998-10-01,,,,,0.0,1.0
1998-10-02,,,,,0.0,1.0
1998-10-05,,,,,0.0,1.0
1998-10-06,,,,,0.0,1.0
1998-10-07,,,,,0.0,1.0
1998-10-08,,,,,0.0,1.0
1998-10-09,,,,,0.0,1.0
1998-10-12,,,,,0.0,1.0
1998-10-13,,,,,0.0,1.0
1998-10-14,,,,,0.0,1.0
1998-10-15,,,,,0.0,1.0
1998-10-16,,,,,0.0,1.0
1998-10-19,,,,,0.0,1.0
1998-10-20,,,,,0.0,1.0
1998-10-21,,,,,0.0,1.0
1998-10-22,,,,,0.0,1.0
1998-10-23,,,,,0.0,1.0
1998-10-26,,,,,0.0,1.0
1998-10-27,,,,,0.0,1.0
1998-10-28,,,,,0.0,1.0
1998-10-29,,,,,0.0,1.0
1998-10-30,,,,,0.0,1.0
1998-11-02,,,,,0.0,1.0
1998-11-03,,,,,0.0,1.0
1998-11-04,,,,,0.0,1.0
1998-11-05,,,,,0.0,1.0
1998-11-06,,,,,0.0,1.0
1998-11-09,,,,,0.0,1.0
1998-11-10,,,,,0.0,1.0
1998-11-11,,,,,0.0,1.0
1998-11-12,,,,,0.0,1.0
1998-11-13,,,,,0.0,1.0
1998-11-16,,,,,0.0,1.0
1998-11-17,,,,,0.0,1.0
1998-11-18,,,,,0.0,1.0
1998-11-19,,,,,0.0,1.0
1998-11-20,,,,,0.0,1.0
1998-11-23,,,,,0.0,1.0
1998-11-24,,,,,0.0,1.0
1998-11-25,,,,,0.0,1.0
1998-11-26,,,,,0.0,1.0
1998-11-27,,,,,0.0,1.0
1998-11-30,,,,,0.0,1.0
1998-12-01,,,,,0.0,1.0
1998-12-02,,,,,0.0,1.0
1998-12-03,,,,,0.0,1.0
1998-12-04,,,,,0.0,1.0
1998-12-07,,,,,0.0,1.0
1998-12-08,,,,,0.0,1.0
1998-12-09,,,,,0.0,1.0
1998-12-10,,,,,0.0,1.0
1998-12-11,,,,,0.0,1.0
1998-12-14,,,,,0.0,1.0
1998-12-15,,,,,0.0,1.0
1998-12-16,,,,,0.0,1.0
1998-12-17,,,,,0.0,1.0
1998-12-18,,,,,0.0,1.0
1998-12-21,,,,,0.0,1.0
1998-12-22,,,,,0.0,1.0
1998-12-23,,,,,0.0,1.0
1998-12-24,,,,,0.0,1.0
1998-12-25,,,,,0.0,1.0
1998-12-28,,,,,0.0,1.0
1998-12-29,,,,,0.0,1.0
1998-12-30,,,,,0.0,1.0
1998-12-31,,,,,0.0,1.0
1999-01-01,,,,,0.0,1.0
1999-01-04,,,,,0.0,1.0
1999-01-05,,,,,0.0,1.0
1999-01-06,,,,,0.0,1.0
1999-01-07,,,,,0.0,1.0
1999-01-08,,,,,0.0,1.0
1999-01-11,,,,,0.0,1.0
1999-01-12,,,,,0.0,1.0
1999-01-13,,,,,0.0,1.0
1999-01-14,,,,,0.0,1.0
1999-01-15,,,,,0.0,1.0
1999-01-18,,,,,0.0,1.0
1999-01-19,,,,,0.0,1.0
1999-01-20,,,,,0.0,1.0
1999-01-21,,,,,0.0,1.0
1999-01-22,,,,,0.0,1.0
1999-01-25,,,,,0.0,1.0
1999-01-26,,,,,0.0,1.0
1999-01-27,,,,,0.0,1.0
1999-01-28,,,,,0.0,1.0
1999-01-29,,,,,0.0,1.0
1999-02-01,,,,,0.0,1.0
1999-02-02,,,,,0.0,1.0
1999-02-03,,,,,0.0,1.0
1999-02-04,,,,,0.0,1.0
1999-02-05,,,,,0.0,1.0
1999-02-08,,,,,0.0,1.0
1999-02-09,,,,,0.0,1.0
1999-02-10,,,,,0.0,1.0
1999-02-11,,,,,0.0,1.0
1999-02-12,,,,,0.0,1.0
1999-02-15,,,,,0.0,1.0
1999-02-16,,,,,0.0,1.0
1999-02-17,,,,,0.0,1.0
1999-02-18,,,,,0.0,1.0
1999-02-19,,,,,0.0,1.0
1999-02-22,,,,,0.0,1.0
1999-02-23,,,,,0.0,1.0
1999-02-24,,,,,0.0,1.0
1999-02-25,,,,,0.0,1.0
1999-02-26,,,,,0.0,1.0
1999-03-01,,,,,0.0,1.0
1999-03-02,,,,,0.0,1.0
1999-03-03,,,,,0.0,1.0
1999-03-04,,,,,0.0,1.0
1999-03-05,,,,,0.0,1.0
1999-03-08,,,,,0.0,1.0
1999-03-09,,,,,0.0,1.0
1999-03-10,,,,,0.0,1.0
1999-03-11,,,,,0.0,1.0
1999-03-12,,,,,0.0,1.0
1999-03-15,,,,,0.0,1.0
1999-03-16,,,,,0.0,1.0
1999-03-17,,,,,0.0,1.0
1999-03-18,,,,,0.0,1.0
1999-03-19,,,,,0.0,1.0
1999-03-22,,,,,0.0,1.0
1999-03-23,,,,,0.0,1.0
1999-03-24,,,,,0.0,1.0
1999-03-25,,,,,0.0,1.0
1999-03-26,,,,,0.0,1.0
1999-03-29,,,,,0.0,1.0
1999-03-30,,,,,0.0,1.0
1999-03-31,,,,,0.0,1.0
1999-04-01,,,,,0.0,1.0
1999-04-02,,,,,0.0,1.0
1999-04-05,,,,,0.0,1.0
1999-04-06,,,,,0.0,1.0
1999-04-07,,,,,0.0,1.0
1999-04-08,,,,,0.0,1.0
1999-04-09,,,,,0.0,1.0
1999-04-12,,,,,0.0,1.0
1999-04-13,,,,,0.0,1.0
1999-04-14,,,,,0.0,1.0
1999-04-15,,,,,0.0,1.0
1999-04-16,,,,,0.0,1.0
1999-04-19,,,,,0.0,1.0
1999-04-20,,,,,0.0,1.0
1999-04-21,,,,,0.0,1.0
1999-04-22,,,,,0.0,1.0
1999-04-23,,,,,0.0,1.0
1999-04-26,,,,,0.0,1.0
1999-04-27,,,,,0.0,1.0
1999-04-28,,,,,0.0,1.0
1999-04-29,,,,,0.0,1.0
1999-04-30,,,,,0.0,1.0
1999-05-03,,,,,0.0,1.0
1999-05-04,,,,,0.0,1.0
1999-05-05,,,,,0.0,1.0
1999-05-06,,,,,0.0,1.0
1999-05-07,,,,,0.0,1.0
1999-05-10,,,,,0.0,1.0
1999-05-11,,,,,0.0,1.0
1999-05-12,,,,,0.0,1.0
1999-05-13,,,,,0.0,1.0
1999-05-14,,,,,0.0,1.0
1999-05-17,,,,,0.0,1.0
1999-05-18,,,,,0.0,1.0
1999-05-19,,,,,0.0,1.0
1999-05-20,,,,,0.0,1.0
1999-05-21,,,,,0.0,1.0
1999-05-24,,,,,0.0,1.0
1999-05-25,,,,,0.0,1.0
1999-05-26,,,,,0.0,1.0
1999-05-27,,,,,0.0,1.0
1999-05-28,,,,,0.0,1.0
1999-05-31,,,,,0.0,1.0
1999-06-01,,,,,0.0,1.0
1999-06-02,,,,,0.0,1.0
1999-06-03,,,,,0.0,1.0
1999-06-04,,,,,0.0,1.0
1999-06-07,,,,,0.0,1.0
1999-06-08,,,,,0.0,1.0
1999-06-09,,,,,0.0,1.0
1999-06-10,,,,,0.0,1.0
1999-06-11,,,,,0.0,1.0
1999-06-14,,,,,0.0,1.0
1999-06-15,,,,,0.0,1.0
1999-06-16,,,,,0.0,1.0
1999-06-17,,,,,0.0,1.0
1999-06-18,,,,,0.0,1.0
1999-06-21,,,,,0.0,1.0
1999-06-22,,,,,0.0,1.0
1999-06-23,,,,,0.0,1.0
1999-06-24,,,,,0.0,1.0
1999-06-25,,,,,0.0,1.0
1999-06-28,,,,,0.0,1.0
1999-06-29,,,,,0.0,1.0
1999-06-30,,,,,0.0,1.0
1999-07-01,,,,,0.0,1.0
1999-07-02,,,,,0.0,1.0
1999-07-05,,,,,0.0,1.0
1999-07-06,,,,,0.0,1.0
1999-07-07,,,,,0.0,1.0
1999-07-08,,,,,0.0,1.0
1999-07-09,,,,,0.0,1.0
1999-07-12,,,,,0.0,1.0
1999-07-13,,,,,0.0,1.0
1999-07-14,,,,,0.0,1.0
1999-07-15,,,,,0.0,1.0
1999-07-16,,,,,0.0,1.0
1999-07-19,,,,,0.0,1.0
1999-07-20,,,,,0.0,1.0
1999-07-21,,,,,0.0,1.0
1999-07-22,,,,,0.0,1.0
1999-07-23,,,,,0.0,1.0
1999-07-26,,,,,0.0,1.0
1999-07-27,,,,,0.0,1.0
1999-07-28,,,,,0.0,1.0
1999-07-29,,,,,0.0,1.0
1999-07-30,,,,,0.0,1.0
1999-08-02,,,,,0.0,1.0
1999-08-03,,,,,0.0,1.0
1999-08-04,,,,,0.0,1.0
1999-08-05,,,,,0.0,1.0
1999-08-06,,,,,0.0,1.0
1999-08-09,,,,,0.0,1.0
1999-08-10,,,,,0.0,1.0
1999-08-11,,,,,0.0,1.0
1999-08-12,,,,,0.0,1.0
1999-08-13,,,,,0.0,1.0
1999-08-16,,,,,0.0,1.0
1999-08-17,,,,,0.0,1.0
1999-08-18,,,,,0.0,1.0
1999-08-19,,,,,0.0,1.0
1999-08-20,,,,,0.0,1.0
1999-08-23,,,,,0.0,1.0
1999-08-24,,,,,0.0,1.0
1999-08-25,,,,,0.0,1.0
1999-08-26,,,,,0.0,1.0
1999-08-27,,,,,0.0,1.0
1999-08-30,,,,,0.0,1.0
1999-08-31,,,,,0.0,1.0
1999-09-01,,,,,0.0,1.0
1999-09-02,,,,,0.0,1.0
1999-09-03,,,,,0.0,1.0
1999-09-06,,,,,0.0,1.0
1999-09-07,,,,,0.0,1.0
1999-09-08,,,,,0.0,1.0
1999-09-09,,,,,0.0,1.0
1999-09-10,,,,,0.0,1.0
1999-09-13,,,,,0.0,1.0
1999-09-14,,,,,0.0,1.0
1999-09-15,,,,,0.0,1.0
1999-09-16,,,,,0.0,1.0
1999-09-17,,,,,0.0,1.0
1999-09-20,,,,,0.0,1.0
1999-09-21,,,,,0.0,1.0
1999-09-22,,,,,0.0,1.0
1999-09-23,,,,,0.0,1.0
1999-09-24,,,,,0.0,1.0
1999-09-27,,,,,0.0,1.0
1999-09-28,,,,,0.0,1.0
1999-09-29,,,,,0.0,1.0
1999-09-30,,,,,0.0,1.0
1999-10-01,,,,,0.0,1.0
1999-10-04,,,,,0.0,1.0
1999-10-05,,,,,0.0,1.0
1999-10-06,,,,,0.0,1.0
1999-10-07,,,,,0.0,1.0
1999-10-08,,,,,0.0,1.0
1999-10-11,,,,,0.0,1.0
1999-10-12,,,,,0.0,1.0
1999-10-13,,,,,0.0,1.0
1999-10-14,,,,,0.0,1.0
1999-10-15,,,,,0.0,1.0
1999-10-18,,,,,0.0,1.0
1999-10-19,,,,,0.0,1.0
1999-10-20,,,,,0.0,1.0
1999-10-21,,,,,0.0,1.0
1999-10-22,,,,,0.0,1.0
1999-10-25,,,,,0.0,1.0
1999-10-26,,,,,0.0,1.0
1999-10-27,,,,,0.0,1.0
1999-10-28,,,,,0.0,1.0
1999-10-29,,,,,0.0,1.0
1999-11-01,,,,,0.0,1.0
1999-11-02,,,,,0.0,1.0
1999-11-03,,,,,0.0,1.0
1999-11-04,,,,,0.0,1.0
1999-11-05,,,,,0.0,1.0
1999-11-08,,,,,0.0,1.0
1999-11-09,,,,,0.0,1.0
1999-11-10,,,,,0.0,1.0
1999-11-11,,,,,0.0,1.0
1999-11-12,,,,,0.0,1.0
1999-11-15,,,,,0.0,1.0
1999-11-16,,,,,0.0,1.0
1999-11-17,,,,,0.0,1.0
1999-11-18,,,,,0.0,1.0
1999-11-19,,,,,0.0,1.0
1999-11-22,,,,,0.0,1.0
1999-11-23,,,,,0.0,1.0
1999-11-24,,,,,0.0,1.0
1999-11-25,,,,,0.0,1.0
1999-11-26,,,,,0.0,1.0
1999-11-29,,,,,0.0,1.0
1999-11-30,,,,,0.0,1.0
1999-12-01,,,,,0.0,1.0
1999-12-02,,,,,0.0,1.0
1999-12-03,,,,,0.0,1.0
1999-12-06,,,,,0.0,1.0
1999-12-07,,,,,0.0,1.0
1999-12-08,,,,,0.0,1.0
1999-12-09,,,,,0.0,1.0
1999-12-10,,,,,0.0,1.0
1999-12-13,,,,,0.0,1.0
1999-12-14,,,,,0.0,1.0
1999-12-15,,,,,0.0,1.0
1999-12-16,,,,,0.0,1.0
1999-12-17,,,,,0.0,1.0
1999-12-20,,,,,0.0,1.0
1999-12-21,,,,,0.0,1.0
1999-12-22,,,,,0.0,1.0
1999-12-23,,,,,0.0,1.0
1999-12-24,,,,,0.0,1.0
1999-12-27,,,,,0.0,1.0
1999-12-28,,,,,0.0,1.0
1999-12-29,,,,,0.0,1.0
1999-12-30,,,,,0.0,1.0
1999-12-31,,,,,0.0,1.0
2000-01-03,,,,,0.0,1.0
2000-01-04,,,,,0.0,1.0
2000-01-05,,,,,0.0,1.0
2000-01-06,,,,,0.0,1.0
2000-01-07,,,,,0.0,1.0
2000-01-10,,,,,0.0,1.0
2000-01-11,,,,,0.0,1.0
2000-01-12,,,,,0.0,1.0
2000-01-13,,,,,0.0,1.0
2000-01-14,,,,,0.0,1.0
2000-01-17,,,,,0.0,1.0
2000-01-18,,,,,0.0,1.0
2000-01-19,,,,,0.0,1.0
2000-01-20,,,,,0.0,1.0
2000-01-21,,,,,0.0,1.0
2000-01-24,,,,,0.0,1.0
2000-01-25,,,,,0.0,1.0
2000-01-26,,,,,0.0,1.0
2000-01-27,,,,,0.0,1.0
2000-01-28,,,,,0.0,1.0
2000-01-31,,,,,0.0,1.0
2000-02-01,,,,,0.0,1.0
2000-02-02,,,,,0.0,1.0
2000-02-03,,,,,0.0,1.0
2000-02-04,,,,,0.0,1.0
2000-02-07,,,,,0.0,1.0
2000-02-08,,,,,0.0,1.0
2000-02-09,,,,,0.0,1.0
2000-02-10,,,,,0.0,1.0
2000-02-11,,,,,0.0,1.0
2000-02-14,,,,,0.0,1.0
2000-02-15,,,,,0.0,1.0
2000-02-16,,,,,0.0,1.0
2000-02-17,,,,,0.0,1.0
2000-02-18,,,,,0.0,1.0
2000-02-21,,,,,0.0,1.0
2000-02-22,,,,,0.0,1.0
2000-02-23,,,,,0.0,1.0
2000-02-24,,,,,0.0,1.0
2000-02-25,,,,,0.0,1.0
2000-02-28,,,,,0.0,1.0
2000-02-29,,,,,0.0,1.0
2000-03-01,,,,,0.0,1.0
2000-03-02,,,,,0.0,1.0
2000-03-03,,,,,0.0,1.0
2000-03-06,,,,,0.0,1.0
2000-03-07,,,,,0.0,1.0
2000-03-08,,,,,0.0,1.0
2000-03-09,,,,,0.0,1.0
2000-03-10,,,,,0.0,1.0
2000-03-13,,,,,0.0,1.0
2000-03-14,,,,,0.0,1.0
2000-03-15,,,,,0.0,1.0
2000-03-16,,,,,0.0,1.0
2000-03-17,,,,,0.0,1.0
2000-03-20,,,,,0.0,1.0
2000-03-21,,,,,0.0,1.0
2000-03-22,,,,,0.0,1.0
2000-03-23,,,,,0.0,1.0
2000-03-24,,,,,0.0,1.0
2000-03-27,,,,,0.0,1.0
2000-03-28,,,,,0.0,1.0
2000-03-29,,,,,0.0,1.0
2000-03-30,,,,,0.0,1.0
2000-03-31,,,,,0.0,1.0
2000-04-03,,,,,0.0,1.0
2000-04-04,,,,,0.0,1.0
2000-04-05,,,,,0.0,1.0
2000-04-06,,,,,0.0,1.0
2000-04-07,,,,,0.0,1.0
2000-04-10,,,,,0.0,1.0
2000-04-11,,,,,0.0,1.0
2000-04-12,,,,,0.0,1.0
2000-04-13,,,,,0.0,1.0
2000-04-14,,,,,0.0,1.0
2000-04-17,,,,,0.0,1.0
2000-04-18,,,,,0.0,1.0
2000-04-19,,,,,0.0,1.0
2000-04-20,,,,,0.0,1.0
2000-04-21,,,,,0.0,1.0
2000-04-24,,,,,0.0,1.0
2000-04-25,,,,,0.0,1.0
2000-04-26,,,,,0.0,1.0
2000-04-27,,,,,0.0,1.0
2000-04-28,,,,,0.0,1.0
2000-05-01,,,,,0.0,1.0
2000-05-02,,,,,0.0,1.0
2000-05-03,,,,,0.0,1.0
2000-05-04,,,,,0.0,1.0
2000-05-05,,,,,0.0,1.0
2000-05-08,,,,,0.0,1.0
2000-05-09,,,,,0.0,1.0
2000-05-10,,,,,0.0,1.0
2000-05-11,,,,,0.0,1.0
2000-05-12,,,,,0.0,1.0
2000-05-15,,,,,0.0,1.0
2000-05-16,,,,,0.0,1.0
2000-05-17,,,,,0.0,1.0
2000-05-18,,,,,0.0,1.0
2000-05-19,,,,,0.0,1.0
2000-05-22,,,,,0.0,1.0
2000-05-23,,,,,0.0,1.0
2000-05-24,,,,,0.0,1.0
2000-05-25,,,,,0.0,1.0
2000-05-26,,,,,0.0,1.0
2000-05-29,,,,,0.0,1.0
2000-05-30,,,,,0.0,1.0
2000-05-31,,,,,0.0,1.0
2000-06-01,,,,,0.0,1.0
2000-06-02,,,,,0.0,1.0
2000-06-05,,,,,0.0,1.0
2000-06-06,,,,,0.0,1.0
2000-06-07,,,,,0.0,1.0
2000-06-08,,,,,0.0,1.0
2000-06-09,,,,,0.0,1.0
2000-06-12,,,,,0.0,1.0
2000-06-13,,,,,0.0,1.0
2000-06-14,,,,,0.0,1.0
2000-06-15,,,,,0.0,1.0
2000-06-16,,,,,0.0,1.0
2000-06-19,,,,,0.0,1.0
2000-06-20,,,,,0.0,1.0
2000-06-21,,,,,0.0,1.0
2000-06-22,,,,,0.0,1.0
2000-06-23,,,,,0.0,1.0
2000-06-26,,,,,0.0,1.0
2000-06-27,,,,,0.0,1.0
2000-06-28,,,,,0.0,1.0
2000-06-29,,,,,0.0,1.0
2000-06-30,,,,,0.0,1.0
2000-07-03,,,,,0.0,1.0
2000-07-04,,,,,0.0,1.0
2000-07-05,,,,,0.0,1.0
2000-07-06,,,,,0.0,1.0
2000-07-07,,,,,0.0,1.0
2000-07-10,,,,,0.0,1.0
2000-07-11,,,,,0.0,1.0
2000-07-12,,,,,0.0,1.0
2000-07-13,,,,,0.0,1.0
2000-07-14,,,,,0.0,1.0
2000-07-17,,,,,0.0,1.0
2000-07-18,,,,,0.0,1.0
2000-07-19,,,,,0.0,1.0
2000-07-20,,,,,0.0,1.0
2000-07-21,,,,,0.0,1.0
2000-07-24,,,,,0.0,1.0
2000-07-25,,,,,0.0,1.0
2000-07-26,,,,,0.0,1.0
2000-07-27,,,,,0.0,1.0
2000-07-28,,,,,0.0,1.0
2000-07-31,,,,,0.0,1.0
2000-08-01,,,,,0.0,1.0
2000-08-02,,,,,0.0,1.0
2000-08-03,,,,,0.0,1.0
2000-08-04,,,,,0.0,1.0
2000-08-07,,,,,0.0,1.0
2000-08-08,,,,,0.0,1.0
2000-08-09,,,,,0.0,1.0
2000-08-10,,,,,0.0,1.0
2000-08-11,,,,,0.0,1.0
2000-08-14,,,,,0.0,1.0
2000-08-15,,,,,0.0,1.0
2000-08-16,,,,,0.0,1.0
2000-08-17,,,,,0.0,1.0
2000-08-18,,,,,0.0,1.0
2000-08-21,,,,,0.0,1.0
2000-08-22,,,,,0.0,1.0
2000-08-23,,,,,0.0,1.0
2000-08-24,,,,,0.0,1.0
2000-08-25,,,,,0.0,1.0
2000-08-28,,,,,0.0,1.0
2000-08-29,,,,,0.0,1.0
2000-08-30,,,,,0.0,1.0
2000-08-31,,,,,0.0,1.0
2000-09-01,,,,,0.0,1.0
2000-09-04,,,,,0.0,1.0
2000-09-05,,,,,0.0,1.0
2000-09-06,,,,,0.0,1.0
2000-09-07,,,,,0.0,1.0
2000-09-08,,,,,0.0,1.0
2000-09-11,,,,,0.0,1.0
2000-09-12,,,,,0.0,1.0
2000-09-13,,,,,0.0,1.0
2000-09-14,,,,,0.0,1.0
2000-09-15,,,,,0.0,1.0
2000-09-18,,,,,0.0,1.0
2000-09-19,,,,,0.0,1.0
2000-09-20,,,,,0.0,1.0
2000-09-21,,,,,0.0,1.0
2000-09-22,,,,,0.0,1.0
2000-09-25,,,,,0.0,1.0
2000-09-26,,,,,0.0,1.0
2000-09-27,,,,,0.0,1.0
2000-09-28,,,,,0.0,1.0
2000-09-29,,,,,0.0,1.0
2000-10-02,,,,,0.0,1.0
2000-10-03,,,,,0.0,1.0
2000-10-04,,,,,0.0,1.0
2000-10-05,,,,,0.0,1.0
2000-10-06,,,,,0.0,1.0
2000-10-09,,,,,0.0,1.0
2000-10-10,,,,,0.0,1.0
2000-10-11,,,,,0.0,1.0
2000-10-12,,,,,0.0,1.0
2000-10-13,,,,,0.0,1.0
2000-10-16,,,,,0.0,1.0
2000-10-17,,,,,0.0,1.0
2000-10-18,,,,,0.0,1.0
2000-10-19,,,,,0.0,1.0
2000-10-20,,,,,0.0,1.0
2000-10-23,,,,,0.0,1.0
2000-10-24,,,,,0.0,1.0
2000-10-25,,,,,0.0,1.0
2000-10-26,,,,,0.0,1.0
2000-10-27,,,,,0.0,1.0
2000-10-30,,,,,0.0,1.0
2000-10-31,,,,,0.0,1.0
2000-11-01,,,,,0.0,1.0
2000-11-02,,,,,0.0,1.0
2000-11-03,,,,,0.0,1.0
2000-11-06,,,,,0.0,1.0
2000-11-07,,,,,0.0,1.0
2000-11-08,,,,,0.0,1.0
2000-11-09,,,,,0.0,1.0
2000-11-10,,,,,0.0,1.0
2000-11-13,,,,,0.0,1.0
2000-11-14,,,,,0.0,1.0
2000-11-15,,,,,0.0,1.0
2000-11-16,,,,,0.0,1.0
2000-11-17,,,,,0.0,1.0
2000-11-20,,,,,0.0,1.0
2000-11-21,,,,,0.0,1.0
2000-11-22,,,,,0.0,1.0
2000-11-23,,,,,0.0,1.0
2000-11-24,,,,,0.0,1.0
2000-11-27,,,,,0.0,1.0
2000-11-28,,,,,0.0,1.0
2000-11-29,,,,,0.0,1.0
2000-11-30,,,,,0.0,1.0
2000-12-01,,,,,0.0,1.0
2000-12-04,,,,,0.0,1.0
2000-12-05,,,,,0.0,1.0
2000-12-06,,,,,0.0,1.0
2000-12-07,,,,,0.0,1.0
2000-12-08,,,,,0.0,1.0
2000-12-11,,,,,0.0,1.0
2000-12-12,,,,,0.0,1.0
2000-12-13,,,,,0.0,1.0
2000-12-14,,,,,0.0,1.0
2000-12-15,,,,,0.0,1.0
2000-12-18,,,,,0.0,1.0
2000-12-19,,,,,0.0,1.0
2000-12-20,,,,,0.0,1.0
2000-12-21,,,,,0.0,1.0
2000-12-22,,,,,0.0,1.0
2000-12-25,,,,,0.0,1.0
2000-12-26,,,,,0.0,1.0
2000-12-27,,,,,0.0,1.0
2000-12-28,,,,,0.0,1.0
2000-12-29,,,,,0.0,1.0
2001-01-01,,,,,0.0,1.0
2001-01-02,,,,,0.0,1.0
2001-01-03,,,,,0.0,1.0
2001-01-04,,,,,0.0,1.0
2001-01-05,,,,,0.0,1.0
2001-01-08,,,,,0.0,1.0
2001-01-09,,,,,0.0,1.0
2001-01-10,,,,,0.0,1.0
2001-01-11,,,,,0.0,1.0
2001-01-12,,,,,0.0,1.0
2001-01-15,,,,,0.0,1.0
2001-01-16,,,,,0.0,1.0
2001-01-17,,,,,0.0,1.0
2001-01-18,,,,,0.0,1.0
2001-01-19,,,,,0.0,1.0
2001-01-22,,,,,0.0,1.0
2001-01-23,,,,,0.0,1.0
2001-01-24,,,,,0.0,1.0
2001-01-25,,,,,0.0,1.0
2001-01-26,,,,,0.0,1.0
2001-01-29,,,,,0.0,1.0
2001-01-30,,,,,0.0,1.0
2001-01-31,,,,,0.0,1.0
2001-02-01,,,,,0.0,1.0
2001-02-02,,,,,0.0,1.0
2001-02-05,,,,,0.0,1.0
2001-02-06,,,,,0.0,1.0
2001-02-07,,,,,0.0,1.0
2001-02-08,,,,,0.0,1.0
2001-02-09,,,,,0.0,1.0
2001-02-12,,,,,0.0,1.0
2001-02-13,,,,,0.0,1.0
2001-02-14,,,,,0.0,1.0
2001-02-15,,,,,0.0,1.0
2001-02-16,,,,,0.0,1.0
2001-02-19,,,,,0.0,1.0
2001-02-20,,,,,0.0,1.0
2001-02-21,,,,,0.0,1.0
2001-02-22,,,,,0.0,1.0
2001-02-23,,,,,0.0,1.0
2001-02-26,,,,,0.0,1.0
2001-02-27,,,,,0.0,1.0
2001-02-28,,,,,0.0,1.0
2001-03-01,,,,,0.0,1.0
2001-03-02,,,,,0.0,1.0
2001-03-05,,,,,0.0,1.0
2001-03-06,,,,,0.0,1.0
2001-03-07,,,,,0.0,1.0
2001-03-08,,,,,0.0,1.0
2001-03-09,,,,,0.0,1.0
2001-03-12,,,,,0.0,1.0
2001-03-13,,,,,0.0,1.0
2001-03-14,,,,,0.0,1.0
2001-03-15,,,,,0.0,1.0
2001-03-16,,,,,0.0,1.0
2001-03-19,,,,,0.0,1.0
2001-03-20,,,,,0.0,1.0
2001-03-21,,,,,0.0,1.0
2001-03-22,,,,,0.0,1.0
2001-03-23,,,,,0.0,1.0
2001-03-26,,,,,0.0,1.0
2001-03-27,,,,,0.0,1.0
2001-03-28,,,,,0.0,1.0
2001-03-29,,,,,0.0,1.0
2001-03-30,,,,,0.0,1.0
2001-04-02,,,,,0.0,1.0
2001-04-03,,,,,0.0,1.0
2001-04-04,,,,,0.0,1.0
2001-04-05,,,,,0.0,1.0
2001-04-06,,,,,0.0,1.0
2001-04-09,,,,,0.0,1.0
2001-04-10,,,,,0.0,1.0
2001-04-11,,,,,0.0,1.0
2001-04-12,,,,,0.0,1.0
2001-04-13,,,,,0.0,1.0
2001-04-16,,,,,0.0,1.0
2001-04-17,,,,,0.0,1.0
2001-04-18,,,,,0.0,1.0
2001-04-19,,,,,0.0,1.0
2001-04-20,,,,,0.0,1.0
2001-04-23,,,,,0.0,1.0
2001-04-24,,,,,0.0,1.0
2001-04-25,,,,,0.0,1.0
2001-04-26,,,,,0.0,1.0
2001-04-27,,,,,0.0,1.0
2001-04-30,,,,,0.0,1.0
2001-05-01,,,,,0.0,1.0
2001-05-02,,,,,0.0,1.0
2001-05-03,,,,,0.0,1.0
2001-05-04,,,,,0.0,1.0
2001-05-07,,,,,0.0,1.0
2001-05-08,,,,,0.0,1.0
2001-05-09,,,,,0.0,1.0
2001-05-10,,,,,0.0,1.0
2001-05-11,,,,,0.0,1.0
2001-05-14,,,,,0.0,1.0
2001-05-15,,,,,0.0,1.0
2001-05-16,,,,,0.0,1.0
2001-05-17,,,,,0.0,1.0
2001-05-18,,,,,0.0,1.0
2001-05-21,,,,,0.0,1.0
2001-05-22,,,,,0.0,1.0
2001-05-23,,,,,0.0,1.0
2001-05-24,,,,,0.0,1.0
2001-05-25,,,,,0.0,1.0
2001-05-28,,,,,0.0,1.0
2001-05-29,,,,,0.0,1.0
2001-05-30,,,,,0.0,1.0
2001-05-31,,,,,0.0,1.0
2001-06-01,,,,,0.0,1.0
2001-06-04,,,,,0.0,1.0
2001-06-05,,,,,0.0,1.0
2001-06-06,,,,,0.0,1.0
2001-06-07,,,,,0.0,1.0
2001-06-08,,,,,0.0,1.0
2001-06-11,,,,,0.0,1.0
2001-06-12,,,,,0.0,1.0
2001-06-13,,,,,0.0,1.0
2001-06-14,,,,,0.0,1.0
2001-06-15,,,,,0.0,1.0
2001-06-18,,,,,0.0,1.0
2001-06-19,,,,,0.0,1.0
2001-06-20,,,,,0.0,1.0
2001-06-21,,,,,0.0,1.0
2001-06-22,,,,,0.0,1.0
2001-06-25,,,,,0.0,1.0
2001-06-26,,,,,0.0,1.0
2001-06-27,,,,,0.0,1.0
2001-06-28,,,,,0.0,1.0
2001-06-29,,,,,0.0,1.0
2001-07-02,,,,,0.0,1.0
2001-07-03,,,,,0.0,1.0
2001-07-04,,,,,0.0,1.0
2001-07-05,,,,,0.0,1.0
2001-07-06,,,,,0.0,1.0
2001-07-09,,,,,0.0,1.0
2001-07-10,,,,,0.0,1.0
2001-07-11,,,,,0.0,1.0
2001-07-12,,,,,0.0,1.0
2001-07-13,,,,,0.0,1.0
2001-07-16,,,,,0.0,1.0
2001-07-17,,,,,0.0,1.0
2001-07-18,,,,,0.0,1.0
2001-07-19,,,,,0.0,1.0
2001-07-20,,,,,0.0,1.0
2001-07-23,,,,,0.0,1.0
2001-07-24,,,,,0.0,1.0
2001-07-25,,,,,0.0,1.0
2001-07-26,,,,,0.0,1.0
2001-07-27,,,,,0.0,1.0
2001-07-30,,,,,0.0,1.0
2001-07-31,,,,,0.0,1.0
2001-08-01,,,,,0.0,1.0
2001-08-02,,,,,0.0,1.0
2001-08-03,,,,,0.0,1.0
2001-08-06,,,,,0.0,1.0
2001-08-07,,,,,0.0,1.0
2001-08-08,,,,,0.0,1.0
2001-08-09,,,,,0.0,1.0
2001-08-10,,,,,0.0,1.0
2001-08-13,,,,,0.0,1.0
2001-08-14,,,,,0.0,1.0
2001-08-15,,,,,0.0,1.0
2001-08-16,,,,,0.0,1.0
2001-08-17,,,,,0.0,1.0
2001-08-20,,,,,0.0,1.0
2001-08-21,,,,,0.0,1.0
2001-08-22,,,,,0.0,1.0
2001-08-23,,,,,0.0,1.0
2001-08-24,,,,,0.0,1.0
2001-08-27,,,,,0.0,1.0
2001-08-28,,,,,0.0,1.0
2001-08-29,,,,,0.0,1.0
2001-08-30,,,,,0.0,1.0
2001-08-31,,,,,0.0,1.0
2001-09-03,,,,,0.0,1.0
2001-09-04,,,,,0.0,1.0
2001-09-05,,,,,0.0,1.0
2001-09-06,,,,,0.0,1.0
2001-09-07,,,,,0.0,1.0
2001-09-10,,,,,0.0,1.0
2001-09-11,,,,,0.0,1.0
2001-09-12,,,,,0.0,1.0
2001-09-13,,,,,0.0,1.0
2001-09-14,,,,,0.0,1.0
2001-09-17,,,,,0.0,1.0
2001-09-18,,,,,0.0,1.0
2001-09-19,,,,,0.0,1.0
2001-09-20,,,,,0.0,1.0
2001-09-21,,,,,0.0,1.0
2001-09-24,,,,,0.0,1.0
2001-09-25,,,,,0.0,1.0
2001-09-26,,,,,0.0,1.0
2001-09-27,,,,,0.0,1.0
2001-09-28,,,,,0.0,1.0
2001-10-01,,,,,0.0,1.0
2001-10-02,,,,,0.0,1.0
2001-10-03,,,,,0.0,1.0
2001-10-04,,,,,0.0,1.0
2001-10-05,,,,,0.0,1.0
2001-10-08,,,,,0.0,1.0
2001-10-09,,,,,0.0,1.0
2001-10-10,,,,,0.0,1.0
2001-10-11,,,,,0.0,1.0
2001-10-12,,,,,0.0,1.0
2001-10-15,,,,,0.0,1.0
2001-10-16,,,,,0.0,1.0
2001-10-17,,,,,0.0,1.0
2001-10-18,,,,,0.0,1.0
2001-10-19,,,,,0.0,1.0
2001-10-22,,,,,0.0,1.0
2001-10-23,,,,,0.0,1.0
2001-10-24,,,,,0.0,1.0
2001-10-25,,,,,0.0,1.0
2001-10-26,,,,,0.0,1.0
2001-10-29,,,,,0.0,1.0
2001-10-30,,,,,0.0,1.0
2001-10-31,,,,,0.0,1.0
2001-11-01,,,,,0.0,1.0
2001-11-02,,,,,0.0,1.0
2001-11-05,,,,,0.0,1.0
2001-11-06,,,,,0.0,1.0
2001-11-07,,,,,0.0,1.0
2001-11-08,,,,,0.0,1.0
2001-11-09,,,,,0.0,1.0
2001-11-12,,,,,0.0,1.0
2001-11-13,,,,,0.0,1.0
2001-11-14,,,,,0.0,1.0
2001-11-15,,,,,0.0,1.0
2001-11-16,,,,,0.0,1.0
2001-11-19,,,,,0.0,1.0
2001-11-20,,,,,0.0,1.0
2001-11-21,,,,,0.0,1.0
2001-11-22,,,,,0.0,1.0
2001-11-23,,,,,0.0,1.0
2001-11-26,,,,,0.0,1.0
2001-11-27,,,,,0.0,1.0
2001-11-28,,,,,0.0,1.0
2001-11-29,,,,,0.0,1.0
2001-11-30,,,,,0.0,1.0
2001-12-01,,,,,0.0,1.0
2001-12-03,,,,,0.0,1.0
2001-12-04,,,,,0.0,1.0
2001-12-05,,,,,0.0,1.0
2001-12-06,,,,,0.0,1.0
2001-12-07,,,,,0.0,1.0
2001-12-10,,,,,0.0,1.0
2001-12-11,,,,,0.0,1.0
2001-12-12,,,,,0.0,1.0
2001-12-13,,,,,0.0,1.0
2001-12-14,,,,,0.0,1.0
2001-12-17,,,,,0.0,1.0
2001-12-18,,,,,0.0,1.0
2001-12-19,,,,,0.0,1.0
2001-12-20,,,,,0.0,1.0
2001-12-21,,,,,0.0,1.0
2001-12-24,,,,,0.0,1.0
2001-12-25,,,,,0.0,1.0
2001-12-26,,,,,0.0,1.0
2001-12-27,,,,,0.0,1.0
2001-12-28,,,,,0.0,1.0
2001-12-31,,,,,0.0,1.0
2002-01-01,,,,,0.0,1.0
2002-01-02,,,,,0.0,1.0
2002-01-03,,,,,0.0,1.0
2002-01-04,,,,,0.0,1.0
2002-01-07,,,,,0.0,1.0
2002-01-08,,,,,0.0,1.0
2002-01-09,,,,,0.0,1.0
2002-01-10,,,,,0.0,1.0
2002-01-11,,,,,0.0,1.0
2002-01-14,,,,,0.0,1.0
2002-01-15,,,,,0.0,1.0
2002-01-16,,,,,0.0,1.0
2002-01-17,,,,,0.0,1.0
2002-01-18,,,,,0.0,1.0
2002-01-21,,,,,0.0,1.0
2002-01-22,,,,,0.0,1.0
2002-01-23,,,,,0.0,1.0
2002-01-24,,,,,0.0,1.0
2002-01-25,,,,,0.0,1.0
2002-01-28,,,,,0.0,1.0
2002-01-29,,,,,0.0,1.0
2002-01-30,,,,,0.0,1.0
2002-01-31,,,,,0.0,1.0
2002-02-01,,,,,0.0,1.0
2002-02-04,,,,,0.0,1.0
2002-02-05,,,,,0.0,1.0
2002-02-06,,,,,0.0,1.0
2002-02-07,,,,,0.0,1.0
2002-02-08,,,,,0.0,1.0
2002-02-11,,,,,0.0,1.0
2002-02-12,,,,,0.0,1.0
2002-02-13,,,,,0.0,1.0
2002-02-14,,,,,0.0,1.0
2002-02-15,,,,,0.0,1.0
2002-02-18,,,,,0.0,1.0
2002-02-19,,,,,0.0,1.0
2002-02-20,,,,,0.0,1.0
2002-02-21,,,,,0.0,1.0
2002-02-22,,,,,0.0,1.0
2002-02-25,,,,,0.0,1.0
2002-02-26,,,,,0.0,1.0
2002-02-27,,,,,0.0,1.0
2002-02-28,,,,,0.0,1.0
2002-03-01,,,,,0.0,1.0
2002-03-04,,,,,0.0,1.0
2002-03-05,,,,,0.0,1.0
2002-03-06,,,,,0.0,1.0
2002-03-07,,,,,0.0,1.0
2002-03-08,,,,,0.0,1.0
2002-03-11,,,,,0.0,1.0
2002-03-12,,,,,0.0,1.0
2002-03-13,,,,,0.0,1.0
2002-03-14,,,,,0.0,1.0
2002-03-15,,,,,0.0,1.0
2002-03-18,,,,,0.0,1.0
2002-03-19,,,,,0.0,1.0
2002-03-20,,,,,0.0,1.0
2002-03-21,,,,,0.0,1.0
2002-03-22,,,,,0.0,1.0
2002-03-25,,,,,0.0,1.0
2002-03-26,,,,,0.0,1.0
2002-03-27,,,,,0.0,1.0
2002-03-28,,,,,0.0,1.0
2002-03-29,,,,,0.0,1.0
2002-04-01,,,,,0.0,1.0
2002-04-02,,,,,0.0,1.0
2002-04-03,,,,,0.0,1.0
2002-04-04,,,,,0.0,1.0
2002-04-05,,,,,0.0,1.0
2002-04-08,,,,,0.0,1.0
2002-04-09,,,,,0.0,1.0
2002-04-10,,,,,0.0,1.0
2002-04-11,,,,,0.0,1.0
2002-04-12,,,,,0.0,1.0
2002-04-15,,,,,0.0,1.0
2002-04-16,,,,,0.0,1.0
2002-04-17,,,,,0.0,1.0
2002-04-18,,,,,0.0,1.0
2002-04-19,,,,,0.0,1.0
2002-04-22,,,,,0.0,1.0
2002-04-23,,,,,0.0,1.0
2002-04-24,,,,,0.0,1.0
2002-04-25,,,,,0.0,1.0
2002-04-26,,,,,0.0,1.0
2002-04-29,,,,,0.0,1.0
2002-04-30,,,,,0.0,1.0
2002-05-01,,,,,0.0,1.0
2002-05-02,,,,,0.0,1.0
2002-05-03,,,,,0.0,1.0
2002-05-06,,,,,0.0,1.0
2002-05-07,,,,,0.0,1.0
2002-05-08,,,,,0.0,1.0
2002-05-09,,,,,0.0,1.0
2002-05-10,,,,,0.0,1.0
2002-05-13,,,,,0.0,1.0
2002-05-14,,,,,0.0,1.0
2002-05-15,,,,,0.0,1.0
2002-05-16,,,,,0.0,1.0
2002-05-17,,,,,0.0,1.0
2002-05-20,,,,,0.0,1.0
2002-05-21,,,,,0.0,1.0
2002-05-22,,,,,0.0,1.0
2002-05-23,,,,,0.0,1.0
2002-05-24,,,,,0.0,1.0
2002-05-27,,,,,0.0,1.0
2002-05-28,,,,,0.0,1.0
2002-05-29,,,,,0.0,1.0
2002-05-30,,,,,0.0,1.0
2002-05-31,,,,,0.0,1.0
2002-06-03,,,,,0.0,1.0
2002-06-04,,,,,0.0,1.0
2002-06-05,,,,,0.0,1.0
2002-06-06,,,,,0.0,1.0
2002-06-07,,,,,0.0,1.0
2002-06-10,,,,,0.0,1.0
2002-06-11,,,,,0.0,1.0
2002-06-12,,,,,0.0,1.0
2002-06-13,,,,,0.0,1.0
2002-06-14,,,,,0.0,1.0
2002-06-17,,,,,0.0,1.0
2002-06-18,,,,,0.0,1.0
2002-06-19,,,,,0.0,1.0
2002-06-20,,,,,0.0,1.0
2002-06-21,,,,,0.0,1.0
2002-06-24,,,,,0.0,1.0
2002-06-25,,,,,0.0,1.0
2002-06-26,,,,,0.0,1.0
2002-06-27,,,,,0.0,1.0
2002-06-28,,,,,0.0,1.0
2002-07-01,,,,,0.0,1.0
2002-07-02,,,,,0.0,1.0
2002-07-03,,,,,0.0,1.0
2002-07-04,,,,,0.0,1.0
2002-07-05,,,,,0.0,1.0
2002-07-08,,,,,0.0,1.0
2002-07-09,,,,,0.0,1.0
2002-07-10,,,,,0.0,1.0
2002-07-11,,,,,0.0,1.0
2002-07-12,,,,,0.0,1.0
2002-07-15,,,,,0.0,1.0
2002-07-16,,,,,0.0,1.0
2002-07-17,,,,,0.0,1.0
2002-07-18,,,,,0.0,1.0
2002-07-19,,,,,0.0,1.0
2002-07-22,,,,,0.0,1.0
2002-07-23,,,,,0.0,1.0
2002-07-24,,,,,0.0,1.0
2002-07-25,,,,,0.0,1.0
2002-07-26,,,,,0.0,1.0
2002-07-29,,,,,0.0,1.0
2002-07-30,,,,,0.0,1.0
2002-07-31,,,,,0.0,1.0
2002-08-01,,,,,0.0,1.0
2002-08-02,,,,,0.0,1.0
2002-08-05,,,,,0.0,1.0
2002-08-06,,,,,0.0,1.0
2002-08-07,,,,,0.0,1.0
2002-08-08,,,,,0.0,1.0
2002-08-09,,,,,0.0,1.0
2002-08-12,,,,,0.0,1.0
2002-08-13,,,,,0.0,1.0
2002-08-14,,,,,0.0,1.0
2002-08-15,,,,,0.0,1.0
2002-08-16,,,,,0.0,1.0
2002-08-19,,,,,0.0,1.0
2002-08-20,,,,,0.0,1.0
2002-08-21,,,,,0.0,1.0
2002-08-22,,,,,0.0,1.0
2002-08-23,,,,,0.0,1.0
2002-08-26,,,,,0.0,1.0
2002-08-27,,,,,0.0,1.0
2002-08-28,,,,,0.0,1.0
2002-08-29,,,,,0.0,1.0
2002-08-30,,,,,0.0,1.0
2002-09-02,,,,,0.0,1.0
2002-09-03,,,,,0.0,1.0
2002-09-04,,,,,0.0,1.0
2002-09-05,,,,,0.0,1.0
2002-09-06,,,,,0.0,1.0
2002-09-09,,,,,0.0,1.0
2002-09-10,,,,,0.0,1.0
2002-09-11,,,,,0.0,1.0
2002-09-12,,,,,0.0,1.0
2002-09-13,,,,,0.0,1.0
2002-09-16,,,,,0.0,1.0
2002-09-17,,,,,0.0,1.0
2002-09-18,,,,,0.0,1.0
2002-09-19,,,,,0.0,1.0
2002-09-20,,,,,0.0,1.0
2002-09-23,,,,,0.0,1.0
2002-09-24,,,,,0.0,1.0
2002-09-25,,,,,0.0,1.0
2002-09-26,,,,,0.0,1.0
2002-09-27,,,,,0.0,1.0
2002-09-30,,,,,0.0,1.0
2002-10-01,,,,,0.0,1.0
2002-10-02,,,,,0.0,1.0
2002-10-03,,,,,0.0,1.0
2002-10-04,,,,,0.0,1.0
2002-10-07,,,,,0.0,1.0
2002-10-08,,,,,0.0,1.0
2002-10-09,,,,,0.0,1.0
2002-10-10,,,,,0.0,1.0
2002-10-11,,,,,0.0,1.0
2002-10-14,,,,,0.0,1.0
2002-10-15,,,,,0.0,1.0
2002-10-16,,,,,0.0,1.0
2002-10-17,,,,,0.0,1.0
2002-10-18,,,,,0.0,1.0
2002-10-21,,,,,0.0,1.0
2002-10-22,,,,,0.0,1.0
2002-10-23,,,,,0.0,1.0
2002-10-24,,,,,0.0,1.0
2002-10-25,,,,,0.0,1.0
2002-10-28,,,,,0.0,1.0
2002-10-29,,,,,0.0,1.0
2002-10-30,,,,,0.0,1.0
2002-10-31,,,,,0.0,1.0
2002-11-01,,,,,0.0,1.0
2002-11-04,,,,,0.0,1.0
2002-11-05,,,,,0.0,1.0
2002-11-06,,,,,0.0,1.0
2002-11-07,,,,,0.0,1.0
2002-11-08,,,,,0.0,1.0
2002-11-11,,,,,0.0,1.0
2002-11-12,,,,,0.0,1.0
2002-11-13,,,,,0.0,1.0
2002-11-14,,,,,0.0,1.0
2002-11-15,,,,,0.0,1.0
2002-11-18,,,,,0.0,1.0
2002-11-19,,,,,0.0,1.0
2002-11-20,,,,,0.0,1.0
2002-11-21,,,,,0.0,1.0
2002-11-22,,,,,0.0,1.0
2002-11-25,,,,,0.0,1.0
2002-11-26,,,,,0.0,1.0
2002-11-27,,,,,0.0,1.0
2002-11-28,,,,,0.0,1.0
2002-11-29,,,,,0.0,1.0
2002-12-02,,,,,0.0,1.0
2002-12-03,,,,,0.0,1.0
2002-12-04,,,,,0.0,1.0
2002-12-05,,,,,0.0,1.0
2002-12-06,,,,,0.0,1.0
2002-12-09,,,,,0.0,1.0
2002-12-10,,,,,0.0,1.0
2002-12-11,,,,,0.0,1.0
2002-12-12,,,,,0.0,1.0
2002-12-13,,,,,0.0,1.0
2002-12-16,,,,,0.0,1.0
2002-12-17,,,,,0.0,1.0
2002-12-18,,,,,0.0,1.0
2002-12-19,,,,,0.0,1.0
2002-12-20,,,,,0.0,1.0
2002-12-23,,,,,0.0,1.0
2002-12-24,,,,,0.0,1.0
2002-12-25,,,,,0.0,1.0
2002-12-26,,,,,0.0,1.0
2002-12-27,,,,,0.0,1.0
2002-12-30,,,,,0.0,1.0
2002-12-31,,,,,0.0,1.0
2003-01-01,,,,,0.0,1.0
2003-01-02,,,,,0.0,1.0
2003-01-03,,,,,0.0,1.0
2003-01-06,,,,,0.0,1.0
2003-01-07,,,,,0.0,1.0
2003-01-08,,,,,0.0,1.0
2003-01-09,,,,,0.0,1.0
2003-01-10,,,,,0.0,1.0
2003-01-13,,,,,0.0,1.0
2003-01-14,,,,,0.0,1.0
2003-01-15,,,,,0.0,1.0
2003-01-16,,,,,0.0,1.0
2003-01-17,,,,,0.0,1.0
2003-01-20,,,,,0.0,1.0
2003-01-21,,,,,0.0,1.0
2003-01-22,,,,,0.0,1.0
2003-01-23,,,,,0.0,1.0
2003-01-24,,,,,0.0,1.0
2003-01-27,,,,,0.0,1.0
2003-01-28,,,,,0.0,1.0
2003-01-29,,,,,0.0,1.0
2003-01-30,,,,,0.0,1.0
2003-01-31,,,,,0.0,1.0
2003-02-03,,,,,0.0,1.0
2003-02-04,,,,,0.0,1.0
2003-02-05,,,,,0.0,1.0
2003-02-06,,,,,0.0,1.0
2003-02-07,,,,,0.0,1.0
2003-02-10,,,,,0.0,1.0
2003-02-11,,,,,0.0,1.0
2003-02-12,,,,,0.0,1.0
2003-02-13,,,,,0.0,1.0
2003-02-14,,,,,0.0,1.0
2003-02-17,,,,,0.0,1.0
2003-02-18,,,,,0.0,1.0
2003-02-19,,,,,0.0,1.0
2003-02-20,,,,,0.0,1.0
2003-02-21,,,,,0.0,1.0
2003-02-24,,,,,0.0,1.0
2003-02-25,,,,,0.0,1.0
2003-02-26,,,,,0.0,1.0
2003-02-27,,,,,0.0,1.0
2003-02-28,,,,,0.0,1.0
2003-03-03,,,,,0.0,1.0
2003-03-04,,,,,0.0,1.0
2003-03-05,,,,,0.0,1.0
2003-03-06,,,,,0.0,1.0
2003-03-07,,,,,0.0,1.0
2003-03-10,,,,,0.0,1.0
2003-03-11,,,,,0.0,1.0
2003-03-12,,,,,0.0,1.0
2003-03-13,,,,,0.0,1.0
2003-03-14,,,,,0.0,1.0
2003-03-17,,,,,0.0,1.0
2003-03-18,,,,,0.0,1.0
2003-03-19,,,,,0.0,1.0
2003-03-20,,,,,0.0,1.0
2003-03-21,,,,,0.0,1.0
2003-03-24,,,,,0.0,1.0
2003-03-25,,,,,0.0,1.0
2003-03-26,,,,,0.0,1.0
2003-03-27,,,,,0.0,1.0
2003-03-28,,,,,0.0,1.0
2003-03-31,,,,,0.0,1.0
2003-04-01,,,,,0.0,1.0
2003-04-02,,,,,0.0,1.0
2003-04-03,,,,,0.0,1.0
2003-04-04,,,,,0.0,1.0
2003-04-07,,,,,0.0,1.0
2003-04-08,,,,,0.0,1.0
2003-04-09,,,,,0.0,1.0
2003-04-10,,,,,0.0,1.0
2003-04-11,,,,,0.0,1.0
2003-04-14,,,,,0.0,1.0
2003-04-15,,,,,0.0,1.0
2003-04-16,,,,,0.0,1.0
2003-04-17,,,,,0.0,1.0
2003-04-18,,,,,0.0,1.0
2003-04-21,,,,,0.0,1.0
2003-04-22,,,,,0.0,1.0
2003-04-23,,,,,0.0,1.0
2003-04-24,,,,,0.0,1.0
2003-04-25,,,,,0.0,1.0
2003-04-28,,,,,0.0,1.0
2003-04-29,,,,,0.0,1.0
2003-04-30,,,,,0.0,1.0
2003-05-01,,,,,0.0,1.0
2003-05-02,,,,,0.0,1.0
2003-05-05,,,,,0.0,1.0
2003-05-06,,,,,0.0,1.0
2003-05-07,,,,,0.0,1.0
2003-05-08,,,,,0.0,1.0
2003-05-09,,,,,0.0,1.0
2003-05-12,,,,,0.0,1.0
2003-05-13,,,,,0.0,1.0
2003-05-14,,,,,0.0,1.0
2003-05-15,,,,,0.0,1.0
2003-05-16,,,,,0.0,1.0
2003-05-19,,,,,0.0,1.0
2003-05-20,,,,,0.0,1.0
2003-05-21,,,,,0.0,1.0
2003-05-22,,,,,0.0,1.0
2003-05-23,,,,,0.0,1.0
2003-05-26,,,,,0.0,1.0
2003-05-27,,,,,0.0,1.0
2003-05-28,,,,,0.0,1.0
2003-05-29,,,,,0.0,1.0
2003-05-30,,,,,0.0,1.0
2003-06-02,,,,,0.0,1.0
2003-06-03,,,,,0.0,1.0
2003-06-04,,,,,0.0,1.0
2003-06-05,,,,,0.0,1.0
2003-06-06,,,,,0.0,1.0
2003-06-09,,,,,0.0,1.0
2003-06-10,,,,,0.0,1.0
2003-06-11,,,,,0.0,1.0
2003-06-12,,,,,0.0,1.0
2003-06-13,,,,,0.0,1.0
2003-06-16,,,,,0.0,1.0
2003-06-17,,,,,0.0,1.0
2003-06-18,,,,,0.0,1.0
2003-06-19,,,,,0.0,1.0
2003-06-20,,,,,0.0,1.0
2003-06-23,,,,,0.0,1.0
2003-06-24,,,,,0.0,1.0
2003-06-25,,,,,0.0,1.0
2003-06-26,,,,,0.0,1.0
2003-06-27,,,,,0.0,1.0
2003-06-30,,,,,0.0,1.0
2003-07-01,,,,,0.0,1.0
2003-07-02,,,,,0.0,1.0
2003-07-03,,,,,0.0,1.0
2003-07-04,,,,,0.0,1.0
2003-07-07,,,,,0.0,1.0
2003-07-08,,,,,0.0,1.0
2003-07-09,,,,,0.0,1.0
2003-07-10,,,,,0.0,1.0
2003-07-11,,,,,0.0,1.0
2003-07-14,,,,,0.0,1.0
2003-07-15,,,,,0.0,1.0
2003-07-16,,,,,0.0,1.0
2003-07-17,,,,,0.0,1.0
2003-07-18,,,,,0.0,1.0
2003-07-21,,,,,0.0,1.0
2003-07-22,,,,,0.0,1.0
2003-07-23,,,,,0.0,1.0
2003-07-24,,,,,0.0,1.0
2003-07-25,,,,,0.0,1.0
2003-07-28,,,,,0.0,1.0
2003-07-29,,,,,0.0,1.0
2003-07-30,,,,,0.0,1.0
2003-07-31,,,,,0.0,1.0
2003-08-01,,,,,0.0,1.0
2003-08-04,,,,,0.0,1.0
2003-08-05,,,,,0.0,1.0
2003-08-06,,,,,0.0,1.0
2003-08-07,,,,,0.0,1.0
2003-08-08,,,,,0.0,1.0
2003-08-11,,,,,0.0,1.0
2003-08-12,,,,,0.0,1.0
2003-08-13,,,,,0.0,1.0
2003-08-14,,,,,0.0,1.0
2003-08-15,,,,,0.0,1.0
2003-08-18,,,,,0.0,1.0
2003-08-19,,,,,0.0,1.0
2003-08-20,,,,,0.0,1.0
2003-08-21,,,,,0.0,1.0
2003-08-22,,,,,0.0,1.0
2003-08-25,,,,,0.0,1.0
2003-08-26,,,,,0.0,1.0
2003-08-27,,,,,0.0,1.0
2003-08-28,,,,,0.0,1.0
2003-08-29,,,,,0.0,1.0
2003-09-01,,,,,0.0,1.0
2003-09-02,,,,,0.0,1.0
2003-09-03,,,,,0.0,1.0
2003-09-04,,,,,0.0,1.0
2003-09-05,,,,,0.0,1.0
2003-09-08,,,,,0.0,1.0
2003-09-09,,,,,0.0,1.0
2003-09-10,,,,,0.0,1.0
2003-09-11,,,,,0.0,1.0
2003-09-12,,,,,0.0,1.0
2003-09-15,,,,,0.0,1.0
2003-09-16,,,,,0.0,1.0
2003-09-17,,,,,0.0,1.0
2003-09-18,,,,,0.0,1.0
2003-09-19,,,,,0.0,1.0
2003-09-22,,,,,0.0,1.0
2003-09-23,,,,,0.0,1.0
2003-09-24,,,,,0.0,1.0
2003-09-25,,,,,0.0,1.0
2003-09-26,,,,,0.0,1.0
2003-09-29,,,,,0.0,1.0
2003-09-30,,,,,0.0,1.0
2003-10-01,,,,,0.0,1.0
2003-10-02,,,,,0.0,1.0
2003-10-03,,,,,0.0,1.0
2003-10-06,,,,,0.0,1.0
2003-10-07,,,,,0.0,1.0
2003-10-08,,,,,0.0,1.0
2003-10-09,,,,,0.0,1.0
2003-10-10,,,,,0.0,1.0
2003-10-13,,,,,0.0,1.0
2003-10-14,,,,,0.0,1.0
2003-10-15,,,,,0.0,1.0
2003-10-16,,,,,0.0,1.0
2003-10-17,,,,,0.0,1.0
2003-10-20,,,,,0.0,1.0
2003-10-21,,,,,0.0,1.0
2003-10-22,,,,,0.0,1.0
2003-10-23,,,,,0.0,1.0
2003-10-24,,,,,0.0,1.0
2003-10-27,,,,,0.0,1.0
2003-10-28,,,,,0.0,1.0
2003-10-29,,,,,0.0,1.0
2003-10-30,,,,,0.0,1.0
2003-10-31,,,,,0.0,1.0
2003-11-03,,,,,0.0,1.0
2003-11-04,,,,,0.0,1.0
2003-11-05,,,,,0.0,1.0
2003-11-06,,,,,0.0,1.0
2003-11-07,,,,,0.0,1.0
2003-11-10,,,,,0.0,1.0
2003-11-11,,,,,0.0,1.0
2003-11-12,,,,,0.0,1.0
2003-11-13,,,,,0.0,1.0
2003-11-14,,,,,0.0,1.0
2003-11-17,,,,,0.0,1.0
2003-11-18,,,,,0.0,1.0
2003-11-19,,,,,0.0,1.0
2003-11-20,,,,,0.0,1.0
2003-11-21,,,,,0.0,1.0
2003-11-24,,,,,0.0,1.0
2003-11-25,,,,,0.0,1.0
2003-11-26,,,,,0.0,1.0
2003-11-27,,,,,0.0,1.0
2003-11-28,,,,,0.0,1.0
2003-12-01,,,,,0.0,1.0
2003-12-02,,,,,0.0,1.0
2003-12-03,,,,,0.0,1.0
2003-12-04,,,,,0.0,1.0
2003-12-05,,,,,0.0,1.0
2003-12-08,,,,,0.0,1.0
2003-12-09,,,,,0.0,1.0
2003-12-10,,,,,0.0,1.0
2003-12-11,,,,,0.0,1.0
2003-12-12,,,,,0.0,1.0
2003-12-15,,,,,0.0,1.0
2003-12-16,,,,,0.0,1.0
2003-12-17,,,,,0.0,1.0
2003-12-18,,,,,0.0,1.0
2003-12-19,,,,,0.0,1.0
2003-12-22,,,,,0.0,1.0
2003-12-23,,,,,0.0,1.0
2003-12-24,,,,,0.0,1.0
2003-12-25,,,,,0.0,1.0
2003-12-26,,,,,0.0,1.0
2003-12-29,,,,,0.0,1.0
2003-12-30,,,,,0.0,1.0
2003-12-31,,,,,0.0,1.0
2004-01-01,,,,,0.0,1.0
2004-01-02,,,,,0.0,1.0
2004-01-04,,,,,0.0,1.0
2004-01-05,,,,,0.0,1.0
2004-01-06,,,,,0.0,1.0
2004-01-07,,,,,0.0,1.0
2004-01-08,,,,,0.0,1.0
2004-01-09,,,,,0.0,1.0
2004-01-12,,,,,0.0,1.0
2004-01-13,,,,,0.0,1.0
2004-01-14,,,,,0.0,1.0
2004-01-15,,,,,0.0,1.0
2004-01-16,,,,,0.0,1.0
2004-01-19,,,,,0.0,1.0
2004-01-20,,,,,0.0,1.0
2004-01-21,,,,,0.0,1.0
2004-01-22,,,,,0.0,1.0
2004-01-23,,,,,0.0,1.0
2004-01-26,,,,,0.0,1.0
2004-01-27,,,,,0.0,1.0
2004-01-28,,,,,0.0,1.0
2004-01-29,,,,,0.0,1.0
2004-01-30,,,,,0.0,1.0
2004-02-02,,,,,0.0,1.0
2004-02-03,,,,,0.0,1.0
2004-02-04,,,,,0.0,1.0
2004-02-05,,,,,0.0,1.0
2004-02-06,,,,,0.0,1.0
2004-02-09,,,,,0.0,1.0
2004-02-10,,,,,0.0,1.0
2004-02-11,,,,,0.0,1.0
2004-02-12,,,,,0.0,1.0
2004-02-13,,,,,0.0,1.0
2004-02-16,,,,,0.0,1.0
2004-02-17,,,,,0.0,1.0
2004-02-18,,,,,0.0,1.0
2004-02-19,,,,,0.0,1.0
2004-02-20,,,,,0.0,1.0
2004-02-23,,,,,0.0,1.0
2004-02-24,,,,,0.0,1.0
2004-02-25,,,,,0.0,1.0
2004-02-26,,,,,0.0,1.0
2004-02-27,,,,,0.0,1.0
2004-03-01,,,,,0.0,1.0
2004-03-02,,,,,0.0,1.0
2004-03-03,,,,,0.0,1.0
2004-03-04,,,,,0.0,1.0
2004-03-05,,,,,0.0,1.0
2004-03-08,,,,,0.0,1.0
2004-03-09,,,,,0.0,1.0
2004-03-10,,,,,0.0,1.0
2004-03-11,,,,,0.0,1.0
2004-03-12,,,,,0.0,1.0
2004-03-15,,,,,0.0,1.0
2004-03-16,,,,,0.0,1.0
2004-03-17,,,,,0.0,1.0
2004-03-18,,,,,0.0,1.0
2004-03-19,,,,,0.0,1.0
2004-03-22,,,,,0.0,1.0
2004-03-23,,,,,0.0,1.0
2004-03-24,,,,,0.0,1.0
2004-03-25,,,,,0.0,1.0
2004-03-26,,,,,0.0,1.0
2004-03-29,,,,,0.0,1.0
2004-03-30,,,,,0.0,1.0
2004-03-31,,,,,0.0,1.0
2004-04-01,,,,,0.0,1.0
2004-04-02,,,,,0.0,1.0
2004-04-05,,,,,0.0,1.0
2004-04-06,,,,,0.0,1.0
2004-04-07,,,,,0.0,1.0
2004-04-08,,,,,0.0,1.0
2004-04-09,,,,,0.0,1.0
2004-04-12,,,,,0.0,1.0
2004-04-13,,,,,0.0,1.0
2004-04-14,,,,,0.0,1.0
2004-04-15,,,,,0.0,1.0
2004-04-16,,,,,0.0,1.0
2004-04-19,,,,,0.0,1.0
2004-04-20,,,,,0.0,1.0
2004-04-21,,,,,0.0,1.0
2004-04-22,,,,,0.0,1.0
2004-04-23,,,,,0.0,1.0
2004-04-26,,,,,0.0,1.0
2004-04-27,,,,,0.0,1.0
2004-04-28,,,,,0.0,1.0
2004-04-29,,,,,0.0,1.0
2004-04-30,,,,,0.0,1.0
2004-05-03,,,,,0.0,1.0
2004-05-04,,,,,0.0,1.0
2004-05-05,,,,,0.0,1.0
2004-05-06,,,,,0.0,1.0
2004-05-07,,,,,0.0,1.0
2004-05-10,,,,,0.0,1.0
2004-05-11,,,,,0.0,1.0
2004-05-12,,,,,0.0,1.0
2004-05-13,,,,,0.0,1.0
2004-05-14,,,,,0.0,1.0
2004-05-17,,,,,0.0,1.0
2004-05-18,,,,,0.0,1.0
2004-05-19,,,,,0.0,1.0
2004-05-20,,,,,0.0,1.0
2004-05-21,,,,,0.0,1.0
2004-05-24,,,,,0.0,1.0
2004-05-25,,,,,0.0,1.0
2004-05-26,,,,,0.0,1.0
2004-05-27,,,,,0.0,1.0
2004-05-28,,,,,0.0,1.0
2004-05-31,,,,,0.0,1.0
2004-06-01,,,,,0.0,1.0
2004-06-02,,,,,0.0,1.0
2004-06-03,,,,,0.0,1.0
2004-06-04,,,,,0.0,1.0
2004-06-07,,,,,0.0,1.0
2004-06-08,,,,,0.0,1.0
2004-06-09,,,,,0.0,1.0
2004-06-10,,,,,0.0,1.0
2004-06-11,,,,,0.0,1.0
2004-06-14,,,,,0.0,1.0
2004-06-15,,,,,0.0,1.0
2004-06-16,,,,,0.0,1.0
2004-06-17,,,,,0.0,1.0
2004-06-18,,,,,0.0,1.0
2004-06-21,,,,,0.0,1.0
2004-06-22,,,,,0.0,1.0
2004-06-23,,,,,0.0,1.0
2004-06-24,,,,,0.0,1.0
2004-06-25,,,,,0.0,1.0
2004-06-28,,,,,0.0,1.0
2004-06-29,,,,,0.0,1.0
2004-06-30,,,,,0.0,1.0
2004-07-01,,,,,0.0,1.0
2004-07-02,,,,,0.0,1.0
2004-07-05,,,,,0.0,1.0
2004-07-06,,,,,0.0,1.0
2004-07-07,,,,,0.0,1.0
2004-07-08,,,,,0.0,1.0
2004-07-09,,,,,0.0,1.0
2004-07-12,,,,,0.0,1.0
2004-07-13,,,,,0.0,1.0
2004-07-14,,,,,0.0,1.0
2004-07-15,,,,,0.0,1.0
2004-07-16,,,,,0.0,1.0
2004-07-19,,,,,0.0,1.0
2004-07-20,,,,,0.0,1.0
2004-07-21,,,,,0.0,1.0
2004-07-22,,,,,0.0,1.0
2004-07-23,,,,,0.0,1.0
2004-07-26,,,,,0.0,1.0
2004-07-27,1058.98346,939.09854,1058.98346,939.09854,0.0,24882.03687336156
2004-07-28,1058.98346,979.06018,979.06018,1058.98346,0.0,4297.796586926863
2004-07-29,979.06018,979.06018,979.06018,979.06018,0.0,3473.1057083743312
2004-07-30,999.041,979.06018,999.041,979.06018,0.0,6306.748171496465
2004-08-02,1438.6190399999998,999.041,1398.6573999999998,999.041,0.0,45662.46530422675
2004-08-03,1578.48478,1398.6573999999998,1448.60945,1398.6573999999998,0.0,25563.36526729133
2004-08-04,1448.60945,1298.7533,1338.7149399999998,1448.60945,0.0,12141.844028423258
2004-08-05,1358.69576,1298.7533,1308.74371,1338.7149399999998,0.0,6787.409125351212
2004-08-06,1298.7533,1168.87797,1258.79166,1298.7533,0.0,8697.641037755207
2004-08-09,1298.7533,1238.81084,1298.7533,1258.79166,0.0,4276.476140618854
2004-08-10,1308.74371,1278.77248,1278.77248,1298.7533,0.0,3933.397127845604
2004-08-11,1358.69576,1278.77248,1358.69576,1278.77248,0.0,15597.708202165875
2004-08-12,1498.5614999999998,1358.69576,1478.58068,1358.69576,0.0,11800.491671512982
2004-08-13,1458.5998599999998,1388.6669899999995,1398.6573999999998,1458.5998599999998,0.0,8353.786281043522
2004-08-16,1418.63822,1378.67658,1378.67658,1418.63822,0.0,3663.2630692834414
2004-08-17,1388.6669899999995,1358.69576,1388.6669899999995,1378.67658,0.0,2665.0307645031585
2004-08-18,1388.6669899999995,1378.67658,1378.67658,1388.6669899999995,0.0,1289.511641664356
2004-08-19,1398.6573999999998,1388.6669899999995,1398.6573999999998,1388.6669899999995,0.0,606.6818078537318
2004-08-20,1398.6573999999998,1388.6669899999995,1388.6669899999995,1398.6573999999998,0.0,3448.3069263423627
2004-08-23,1378.67658,1218.83002,1218.83002,1378.67658,0.0,4955.151990759138
2004-08-24,1218.83002,1218.83002,1218.83002,1218.83002,0.0,566.9436990073481
2004-08-25,1218.83002,1118.92592,1118.92592,1218.83002,0.0,4230.306864282848
2004-08-26,1118.92592,1039.00264,1078.96428,1118.92592,0.0,6205.951507495689
2004-08-27,1118.92592,1078.96428,1118.92592,1078.96428,0.0,3179.248899694808
2004-08-30,1118.92592,1118.92592,1118.92592,1118.92592,0.0,0.0
2004-08-31,1118.92592,1108.93551,1108.93551,1118.92592,0.0,2229.212815089671
2004-09-01,1108.93551,1048.99305,1078.96428,1108.93551,0.0,3424.1837922567743
2004-09-02,1088.95469,1078.96428,1088.95469,1078.96428,0.0,16986.23980397201
2004-09-03,1308.74371,1118.92592,1288.76289,1118.92592,0.0,22248.38620236808
2004-09-06,1358.69576,1288.76289,1288.76289,1288.76289,0.0,16170.282300726398
2004-09-07,1288.76289,1288.76289,1288.76289,1288.76289,0.0,4098.855802714804
2004-09-08,1288.76289,1288.76289,1288.76289,1288.76289,0.0,3894.885194901911
2004-09-09,1288.76289,1288.76289,1288.76289,1288.76289,0.0,2327.356935300954
2004-09-10,1288.76289,1288.76289,1288.76289,1288.76289,0.0,9643.222850713835
2004-09-13,1288.76289,1288.76289,1288.76289,1288.76289,0.0,1634.4674542886628
2004-09-14,1298.7533,1288.76289,1298.7533,1288.76289,0.0,1436.5776779931955
2004-09-15,1298.7533,1298.7533,1298.7533,1298.7533,0.0,1392.3602735022887
2004-09-16,1298.7533,1298.7533,1298.7533,1298.7533,0.0,2302.5581532689853
2004-09-17,1338.7149399999998,1298.7533,1338.7149399999998,1298.7533,0.0,11147.265227353031
2004-09-20,1338.7149399999998,1338.7149399999998,1338.7149399999998,1338.7149399999998,0.0,1457.3225723468809
2004-09-21,1338.7149399999998,1338.7149399999998,1338.7149399999998,1338.7149399999998,0.0,5908.416171108093
2004-09-22,1438.6190399999998,1338.7149399999998,1438.6190399999998,1338.7149399999998,0.0,19394.39922886048
2004-09-23,1538.52314,1438.6190399999998,1538.52314,1438.6190399999998,0.0,11674.07043354577
2004-09-24,1538.52314,1518.54232,1528.53273,1538.52314,0.0,19296.53037262735
2004-09-27,1598.4655999999998,1528.53273,1598.4655999999998,1528.53273,0.0,28458.491693534103
2004-09-28,1598.4655999999998,1598.4655999999998,1598.4655999999998,1598.4655999999998,0.0,5310.542810555323
2004-09-29,1588.47519,1568.49437,1568.49437,1588.47519,0.0,6530.963193702761
2004-09-30,1578.48478,1568.49437,1568.49437,1568.49437,0.0,3447.80644638208
2004-10-01,1578.48478,1568.49437,1578.48478,1568.49437,0.0,2293.2242020097274
2004-10-04,1808.26421,1568.49437,1808.26421,1568.49437,0.0,33366.198184058514
2004-10-05,1988.09159,1808.26421,1918.15872,1808.26421,0.0,32990.46285387687
2004-10-06,1948.12995,1798.2738,1828.24503,1918.15872,0.0,23801.45059111688
2004-10-07,1848.22585,1698.3696999999995,1768.3025699999998,1838.23544,0.0,14993.879130085752
2004-10-08,1768.3025699999998,1698.3696999999995,1698.3696999999995,1768.3025699999998,0.0,4453.746142550706
2004-10-11,1858.21626,1698.3696999999995,1858.21626,1698.3696999999995,0.0,15338.70982271999
2004-10-12,1858.21626,1768.3025699999998,1858.21626,1858.21626,0.0,6672.649070458569
2004-10-13,1798.2738,1768.3025699999998,1768.3025699999998,1768.3025699999998,0.0,5826.6877935940565
2004-10-14,1768.3025699999998,1668.39847,1668.39847,1768.3025699999998,0.0,2555.85106116766
2004-10-15,1768.3025699999998,1668.39847,1768.3025699999998,1668.39847,0.0,6567.998710763623
2004-10-18,1768.3025699999998,1718.35052,1728.3409299999998,1768.3025699999998,0.0,1171.9989469901636
2004-10-19,1728.3409299999998,1678.38888,1678.38888,1728.3409299999998,0.0,4510.22530606852
2004-10-20,1678.38888,1638.42724,1638.42724,1678.38888,0.0,2962.5410768927404
2004-10-21,1638.42724,1638.42724,1638.42724,1638.42724,0.0,7956.029832609473
2004-10-22,1738.33134,1648.41765,1738.33134,1648.41765,0.0,9179.352999526543
2004-10-25,1738.33134,1688.37929,1688.37929,1738.33134,0.0,2880.437339408493
2004-10-26,1738.33134,1688.37929,1718.35052,1688.37929,0.0,5429.73211309646
2004-10-27,1718.35052,1718.35052,1718.35052,1718.35052,0.0,4532.22140032291
2004-10-28,1778.29298,1718.35052,1758.31216,1718.35052,0.0,13198.607464558512
2004-10-29,1778.29298,1768.3025699999998,1768.3025699999998,1768.3025699999998,0.0,5011.030578324613
2004-11-01,1838.23544,1768.3025699999998,1838.23544,1768.3025699999998,0.0,26582.267394431263
2004-11-02,1958.12036,1838.23544,1918.15872,1838.23544,0.0,14275.014739134833
2004-11-03,1958.12036,1918.15872,1938.13954,1918.15872,0.0,33964.52197657553
2004-11-04,1958.12036,1938.13954,1938.13954,1938.13954,0.0,25873.212410701864
2004-11-05,1948.12995,1918.15872,1928.14913,1918.15872,0.0,17963.877358386693
2004-11-08,2068.01487,1928.14913,2068.01487,1928.14913,0.0,9644.849410584751
2004-11-09,2257.83266,2068.01487,2237.85184,2068.01487,0.0,24452.09956348138
2004-11-10,2697.4107,2247.84225,2607.49701,2247.84225,0.0,22075.89578405692
2004-11-11,2917.19972,2567.53537,2677.42988,2587.5161900000003,0.0,41260.74405354735
2004-11-12,2717.39152,2657.44906,2697.4107,2677.42988,0.0,18227.430105471147
2004-11-15,2717.39152,2687.42029,2717.39152,2687.42029,0.0,28502.884266011108
2004-11-16,2697.4107,2497.6025,2527.57373,2697.4107,0.0,17983.22090885159
2004-11-17,2547.55455,2497.6025,2497.6025,2547.55455,0.0,2905.686553404715
2004-11-18,2497.6025,2497.6025,2497.6025,2497.6025,0.0,7031.3180339946
2004-11-19,2497.6025,2477.62168,2477.62168,2497.6025,0.0,1917.5639438221256
2004-11-22,2477.62168,2477.62168,2477.62168,2477.62168,0.0,2977.8307396793525
2004-11-23,2877.23808,2597.5066,2637.46824,2597.5066,0.0,22030.752491639483
2004-11-24,2637.46824,2597.5066,2597.5066,2637.46824,0.0,7725.208474927455
2004-11-25,2597.5066,2477.62168,2497.6025,2597.5066,0.0,9761.686457312562
2004-11-26,2497.6025,2457.64086,2477.62168,2497.6025,0.0,4317.615593354027
2004-11-29,2477.62168,2347.74635,2347.74635,2477.62168,0.0,7204.459076254128
2004-11-30,2377.7175799999995,2157.92856,2157.92856,2367.72717,0.0,10954.530394648467
2004-12-01,2197.8902,1998.082,2197.8902,2157.92856,0.0,15675.983267953969
2004-12-02,2217.87102,2097.9861,2137.94774,2217.87102,0.0,11168.860937639196
2004-12-03,2177.90938,2018.06282,2058.02446,2137.94774,0.0,6215.710866721186
2004-12-06,2207.88061,2078.00528,2207.88061,2078.00528,0.0,15866.44091683925
2004-12-07,2207.88061,2207.88061,2207.88061,2207.88061,0.0,5527.450825341502
2004-12-08,2187.89979,2038.04364,2038.04364,2187.89979,0.0,8406.712036843333
2004-12-09,2058.02446,2038.04364,2058.02446,2038.04364,0.0,3671.170652655897
2004-12-10,2137.94774,2058.02446,2137.94774,2058.02446,0.0,8504.005341122136
2004-12-13,2137.94774,2117.96692,2117.96692,2137.94774,0.0,2722.6360079316064
2004-12-14,2117.96692,2038.04364,2038.04364,2117.96692,0.0,4182.385908085855
2004-12-15,2018.06282,1828.24503,1848.22585,2018.06282,0.0,6723.372714433142
2004-12-16,2018.06282,1848.22585,1938.13954,1848.22585,0.0,8930.063931310127
2004-12-17,1938.13954,1838.23544,1838.23544,1938.13954,0.0,2480.628923137289
2004-12-20,1888.18749,1828.24503,1888.18749,1838.23544,0.0,1880.9288107294888
2004-12-21,1888.18749,1838.23544,1838.23544,1888.18749,0.0,2259.616972676797
2004-12-22,1838.23544,1828.24503,1828.24503,1838.23544,0.0,5974.704741847432
2004-12-23,1828.24503,1778.29298,1778.29298,1828.24503,0.0,2602.195505489765
2004-12-24,1818.25462,1778.29298,1798.2738,1778.29298,0.0,471.7524105617287
2004-12-27,1798.2738,1798.2738,1798.2738,1798.2738,0.0,0.0
2004-12-28,1798.2738,1798.2738,1798.2738,1798.2738,0.0,0.0
2004-12-29,1888.18749,1818.25462,1878.19708,1818.25462,0.0,3975.887876473538
2004-12-30,2038.04364,1888.18749,2038.04364,1888.18749,0.0,4183.812275972658
2004-12-31,2217.87102,2038.04364,2217.87102,2058.02446,0.0,7712.271067954168
2005-01-03,2217.87102,2217.87102,2217.87102,2217.87102,0.0,0.0
2005-01-04,2337.75594,2217.87102,2317.77512,2217.87102,0.0,13575.393802656748
2005-01-05,2357.73676,2277.81348,2277.81348,2337.75594,0.0,7855.708624570963
2005-01-06,2297.7943,2277.81348,2297.7943,2277.81348,0.0,2348.0517816586107
2005-01-07,2297.7943,2297.7943,2297.7943,2297.7943,0.0,5082.999596613152
2005-01-10,2357.73676,2297.7943,2357.73676,2297.7943,0.0,2607.775857046908
2005-01-11,2357.73676,2327.76553,2327.76553,2357.73676,0.0,1359.7039560938942
2005-01-12,2327.76553,2317.77512,2317.77512,2327.76553,0.0,2130.242902943924
2005-01-13,2327.76553,2217.87102,2217.87102,2327.76553,0.0,5411.890002512409
2005-01-14,2217.87102,2078.00528,2097.9861,2217.87102,0.0,4265.565677484708
2005-01-17,2147.93815,2117.96692,2147.93815,2117.96692,0.0,1576.9873308502854
2005-01-18,2157.92856,2147.93815,2147.93815,2147.93815,0.0,31358.22253541146
2005-01-19,2157.92856,2147.93815,2157.92856,2147.93815,0.0,15105.786449204788
2005-01-20,2157.92856,2157.92856,2157.92856,2157.92856,0.0,1551.688068858035
2005-01-21,2157.92856,2157.92856,2157.92856,2157.92856,0.0,5228.364001077033
2005-01-24,2147.93815,2097.9861,2117.96692,2147.93815,0.0,3307.221625538892
2005-01-25,2137.94774,2117.96692,2137.94774,2117.96692,0.0,1133.587110038527
2005-01-26,2137.94774,2137.94774,2137.94774,2137.94774,0.0,1584.919938220754
2005-01-27,2137.94774,2117.96692,2137.94774,2137.94774,0.0,5194.231267785807
2005-01-28,2397.6984,2137.94774,2317.77512,2137.94774,0.0,38090.15345716542
2005-01-31,2317.77512,2257.83266,2277.81348,2317.77512,0.0,2936.791382936236
2005-02-01,2297.7943,2197.8902,2197.8902,2277.81348,0.0,3550.8552702041256
2005-02-02,2197.8902,2157.92856,2177.90938,2197.8902,0.0,2691.1057704338464
2005-02-03,2177.90938,2177.90938,2177.90938,2177.90938,0.0,902.5655603723972
2005-02-04,2177.90938,2177.90938,2177.90938,2177.90938,0.0,3812.7314094216354
2005-02-07,2217.87102,2177.90938,2217.87102,2177.90938,0.0,1637.620478038439
2005-02-08,2217.87102,2197.8902,2197.8902,2217.87102,0.0,1521.4590792570075
2005-02-09,2217.87102,2197.8902,2217.87102,2197.8902,0.0,1063.5199155990597
2005-02-10,2217.87102,2177.90938,2177.90938,2217.87102,0.0,1827.077167003156
2005-02-11,2177.90938,2177.90938,2177.90938,2177.90938,0.0,1601.560896900127
2005-02-14,2177.90938,2177.90938,2177.90938,2177.90938,0.0,13465.388307386786
2005-02-15,2257.83266,2197.8902,2257.83266,2197.8902,0.0,6689.39012513
2005-02-16,2397.6984,2257.83266,2397.6984,2257.83266,0.0,19639.38416941848
2005-02-17,2517.58332,2317.77512,2497.6025,2417.67922,0.0,21857.38623339783
2005-02-18,2557.54496,2417.67922,2557.54496,2497.6025,0.0,16659.22619792381
2005-02-21,2777.3339799999994,2477.62168,2477.62168,2717.39152,0.0,163372.59932275052
2005-02-22,2497.6025,2457.64086,2497.6025,2477.62168,0.0,4408.177442167039
2005-02-23,2457.64086,2337.75594,2337.75594,2457.64086,0.0,2684.049002993871
2005-02-24,2417.67922,2357.73676,2417.67922,2357.73676,0.0,1398.8164649899254
2005-02-25,2417.67922,2397.6984,2397.6984,2417.67922,0.0,631.6807818698132
2005-02-28,2397.6984,2257.83266,2257.83266,2397.6984,0.0,1519.9326153781478
2005-03-01,2337.75594,2257.83266,2337.75594,2257.83266,0.0,3389.525555007252
2005-03-02,2337.75594,2337.75594,2337.75594,2337.75594,0.0,3586.6646113622965
2005-03-03,2337.75594,2277.81348,2337.75594,2337.75594,0.0,38495.39208100569
2005-03-04,2337.75594,2337.75594,2337.75594,2337.75594,0.0,4468.31010939491
2005-03-07,2357.73676,2337.75594,2357.73676,2337.75594,0.0,4705.762826550663
2005-03-08,2357.73676,2357.73676,2357.73676,2357.73676,0.0,3293.633594617238
2005-03-09,2357.73676,2337.75594,2337.75594,2357.73676,0.0,9550.483914073597
2005-03-10,2337.75594,2317.77512,2317.77512,2337.75594,0.0,788.5812494181921
2005-03-11,2317.77512,2257.83266,2267.82307,2317.77512,0.0,2027.4443191020189
2005-03-14,2297.7943,2257.83266,2297.7943,2267.82307,0.0,15101.257105564237
2005-03-15,2337.75594,2297.7943,2337.75594,2297.7943,0.0,17359.697950334372
2005-03-16,2337.75594,2337.75594,2337.75594,2337.75594,0.0,206.42295961827395
2005-03-17,2337.75594,2297.7943,2297.7943,2337.75594,0.0,684.4313696835266
2005-03-18,2337.75594,2317.77512,2337.75594,2337.75594,0.0,3672.546972546673
2005-03-21,2337.75594,2267.82307,2267.82307,2337.75594,0.0,15546.283886246913
2005-03-22,2257.83266,2177.90938,2197.8902,2257.83266,0.0,1445.411149292171
2005-03-23,2197.8902,2177.90938,2177.90938,2197.8902,0.0,1349.0937809359175
2005-03-24,2177.90938,2177.90938,2177.90938,2177.90938,0.0,184.27672137579933
2005-03-25,2177.90938,2177.90938,2177.90938,2177.90938,0.0,0.0
2005-03-28,2177.90938,2177.90938,2177.90938,2177.90938,0.0,0.0
2005-03-29,2177.90938,2097.9861,2137.94774,2177.90938,0.0,12269.341298305077
2005-03-30,2137.94774,2038.04364,2038.04364,2137.94774,0.0,2408.3095688765525
2005-03-31,2038.04364,1958.12036,2018.06282,2038.04364,0.0,5431.608912947517
2005-04-01,2038.04364,2038.04364,2038.04364,2038.04364,0.0,4438.256287779981
2005-04-04,2058.02446,2038.04364,2038.04364,2038.04364,0.0,1845.144493569333
2005-04-05,2038.04364,2038.04364,2038.04364,2038.04364,0.0,1434.2003981818566
2005-04-06,2038.04364,2038.04364,2038.04364,2038.04364,0.0,2093.632793849302
2005-04-07,2058.02446,2058.02446,2058.02446,2058.02446,0.0,2062.5780123138093
2005-04-08,2078.00528,2058.02446,2078.00528,2058.02446,0.0,274.3130662305151
2005-04-11,2097.9861,2078.00528,2078.00528,2078.00528,0.0,6705.055147886824
2005-04-12,2097.9861,2078.00528,2078.00528,2097.9861,0.0,128.82354177656373
2005-04-13,2078.00528,2078.00528,2078.00528,2078.00528,0.0,4297.771562928849
2005-04-14,2058.02446,1898.1779,1938.13954,2058.02446,0.0,4200.303090663947
2005-04-15,1938.13954,1818.25462,1818.25462,1938.13954,0.0,2159.070548656161
2005-04-18,1818.25462,1518.54232,1638.42724,1818.25462,0.0,9944.136426833333
2005-04-19,1718.35052,1638.42724,1698.3696999999995,1638.42724,0.0,4354.325798440705
2005-04-20,1738.33134,1688.37929,1688.37929,1698.3696999999995,0.0,2200.960721331757
2005-04-21,1798.2738,1688.37929,1778.29298,1688.37929,0.0,7722.430811147891
2005-04-22,1778.29298,1778.29298,1778.29298,1778.29298,0.0,564.7666111801218
2005-04-25,1778.29298,1778.29298,1778.29298,1778.29298,0.0,50.04799602819104
2005-04-26,1778.29298,1598.4655999999998,1758.31216,1778.29298,0.0,5070.137261633908
2005-04-27,1778.29298,1738.33134,1738.33134,1758.31216,0.0,1115.770023452491
2005-04-28,1738.33134,1738.33134,1738.33134,1738.33134,0.0,1174.5764187856155
2005-04-29,1738.33134,1658.4080599999998,1718.35052,1738.33134,0.0,2617.159856302194
2005-05-02,1718.35052,1718.35052,1718.35052,1718.35052,0.0,0.0
2005-05-03,1738.33134,1718.35052,1718.35052,1718.35052,0.0,3554.383653924114
2005-05-04,1718.35052,1638.42724,1638.42724,1718.35052,0.0,1629.4376306878298
2005-05-05,1638.42724,1638.42724,1638.42724,1638.42724,0.0,1095.9760410233414
2005-05-06,1638.42724,1638.42724,1638.42724,1638.42724,0.0,1252.851484573706
2005-05-09,1638.42724,1638.42724,1638.42724,1638.42724,0.0,425.40796623962376
2005-05-10,1618.44642,1598.4655999999998,1598.4655999999998,1618.44642,0.0,1448.5641730419472
2005-05-11,1598.4655999999998,1558.50396,1558.50396,1598.4655999999998,0.0,1276.5241866950405
2005-05-12,1558.50396,1558.50396,1558.50396,1558.50396,0.0,1283.8311941151564
2005-05-13,1538.52314,1458.5998599999998,1468.59027,1538.52314,0.0,6011.339874940068
2005-05-16,1468.59027,1338.7149399999998,1338.7149399999998,1468.59027,0.0,10638.5773957225
2005-05-17,1488.57109,1358.69576,1448.60945,1358.69576,0.0,95747.7721134568
2005-05-18,1448.60945,1258.79166,1278.77248,1448.60945,0.0,10719.60510129214
2005-05-19,1308.74371,1278.77248,1308.74371,1278.77248,0.0,7347.170936928514
2005-05-20,1308.74371,1218.83002,1248.80125,1308.74371,0.0,11479.859184958375
2005-05-23,1248.80125,1248.80125,1248.80125,1248.80125,0.0,7757.289240381526
2005-05-24,1428.6286300000002,1268.78207,1358.69576,1268.78207,0.0,11116.135373823498
2005-05-25,1408.64781,1358.69576,1408.64781,1358.69576,0.0,19278.58816605125
2005-05-26,1428.6286300000002,1408.64781,1428.6286300000002,1408.64781,0.0,12995.312504692
2005-05-27,1428.6286300000002,1428.6286300000002,1428.6286300000002,1428.6286300000002,0.0,10015.47984517152
2005-05-30,1428.6286300000002,1428.6286300000002,1428.6286300000002,1428.6286300000002,0.0,0.0
2005-05-31,1428.6286300000002,1428.6286300000002,1428.6286300000002,1428.6286300000002,0.0,27704.74384935153
2005-06-01,1428.6286300000002,1398.6573999999998,1398.6573999999998,1428.6286300000002,0.0,4537.801751880053
2005-06-02,1488.57109,1398.6573999999998,1458.5998599999998,1398.6573999999998,0.0,59065.94424052667
2005-06-03,1438.6190399999998,1438.6190399999998,1438.6190399999998,1438.6190399999998,0.0,2333.5879108064632
2005-06-06,1488.57109,1418.63822,1478.58068,1418.63822,0.0,5579.6508851989065
2005-06-07,1548.51355,1478.58068,1478.58068,1488.57109,0.0,39152.62236484789
2005-06-08,1518.54232,1478.58068,1518.54232,1478.58068,0.0,13135.872301537174
2005-06-09,1528.53273,1508.55191,1528.53273,1508.55191,0.0,24642.33199638453
2005-06-10,1548.51355,1528.53273,1538.52314,1528.53273,0.0,8519.645339880946
2005-06-13,1738.33134,1538.52314,1708.3601099999998,1538.52314,0.0,22896.9581828974
2005-06-14,1798.2738,1658.4080599999998,1658.4080599999998,1698.3696999999995,0.0,15805.03202571266
2005-06-15,1718.35052,1658.4080599999998,1718.35052,1658.4080599999998,0.0,2341.5205181769315
2005-06-16,1718.35052,1618.44642,1618.44642,1718.35052,0.0,7119.3024110121605
2005-06-17,1638.42724,1598.4655999999998,1638.42724,1618.44642,0.0,5915.322794559984
2005-06-20,1658.4080599999998,1618.44642,1618.44642,1638.42724,0.0,4622.733201139893
2005-06-21,1658.4080599999998,1618.44642,1658.4080599999998,1618.44642,0.0,9408.848085313815
2005-06-22,1778.29298,1658.4080599999998,1758.31216,1658.4080599999998,0.0,19953.685584475512
2005-06-23,1778.29298,1758.31216,1758.31216,1758.31216,0.0,5938.920424687275
2005-06-24,1758.31216,1698.3696999999995,1698.3696999999995,1758.31216,0.0,6938.12866539011
2005-06-27,1698.3696999999995,1618.44642,1618.44642,1698.3696999999995,0.0,2618.1357922247435
2005-06-28,1638.42724,1618.44642,1638.42724,1618.44642,0.0,3786.806547479032
2005-06-29,1658.4080599999998,1638.42724,1658.4080599999998,1638.42724,0.0,1276.7494026771674
2005-06-30,1798.2738,1658.4080599999998,1758.31216,1658.4080599999998,0.0,12257.229683266252
2005-07-01,1778.29298,1738.33134,1738.33134,1738.33134,0.0,122263.62581715864
2005-07-04,1738.33134,1738.33134,1738.33134,1738.33134,0.0,2534.8058788378057
2005-07-05,1738.33134,1738.33134,1738.33134,1738.33134,0.0,2174.860691403056
2005-07-06,1738.33134,1738.33134,1738.33134,1738.33134,0.0,8030.601346691478
2005-07-07,1738.33134,1678.38888,1678.38888,1738.33134,0.0,5762.576310681945
2005-07-08,1678.38888,1678.38888,1678.38888,1678.38888,0.0,3208.1766413991018
2005-07-11,1678.38888,1618.44642,1618.44642,1678.38888,0.0,736.1059255826337
2005-07-12,1618.44642,1618.44642,1618.44642,1618.44642,0.0,3746.6930786624375
2005-07-13,1618.44642,1618.44642,1618.44642,1618.44642,0.0,10246.025938875382
2005-07-14,1618.44642,1598.4655999999998,1598.4655999999998,1618.44642,0.0,1991.9352659200167
2005-07-15,1598.4655999999998,1558.50396,1558.50396,1598.4655999999998,0.0,3588.541411213353
2005-07-18,1578.48478,1558.50396,1578.48478,1558.50396,0.0,8070.314431539848
2005-07-19,1678.38888,1578.48478,1638.42724,1578.48478,0.0,35513.582525642094
2005-07-20,1638.42724,1638.42724,1638.42724,1638.42724,0.0,812.0287355573996
2005-07-21,1718.35052,1638.42724,1698.3696999999995,1638.42724,0.0,19346.152960689305
2005-07-22,1698.3696999999995,1678.38888,1678.38888,1698.3696999999995,0.0,9171.595560142176
2005-07-25,1678.38888,1638.42724,1658.4080599999998,1658.4080599999998,0.0,4780.609604610822
2005-07-26,1658.4080599999998,1658.4080599999998,1658.4080599999998,1658.4080599999998,0.0,4300.09879474416
2005-07-27,1658.4080599999998,1658.4080599999998,1658.4080599999998,1658.4080599999998,0.0,3014.916304736242
2005-07-28,1658.4080599999998,1658.4080599999998,1658.4080599999998,1658.4080599999998,0.0,2215.3995681858905
2005-07-29,1658.4080599999998,1658.4080599999998,1658.4080599999998,1658.4080599999998,0.0,178.04574587028964
2005-08-01,1658.4080599999998,1638.42724,1638.42724,1658.4080599999998,0.0,5330.111577002345
2005-08-02,1638.42724,1598.4655999999998,1598.4655999999998,1638.42724,0.0,3039.164558811901
2005-08-03,1598.4655999999998,1598.4655999999998,1598.4655999999998,1598.4655999999998,0.0,1964.383844106498
2005-08-04,1638.42724,1598.4655999999998,1638.42724,1598.4655999999998,0.0,17160.431854148126
2005-08-05,1678.38888,1638.42724,1678.38888,1638.42724,0.0,14076.474338890996
2005-08-08,1678.38888,1678.38888,1678.38888,1678.38888,0.0,3398.2839543121854
2005-08-09,1678.38888,1658.4080599999998,1658.4080599999998,1678.38888,0.0,10501.821246575466
2005-08-10,1658.4080599999998,1658.4080599999998,1658.4080599999998,1658.4080599999998,0.0,2565.059892436847
2005-08-11,1658.4080599999998,1638.42724,1638.42724,1658.4080599999998,0.0,6635.26321742551
2005-08-12,1638.42724,1588.47519,1588.47519,1638.42724,0.0,2883.5152911642263
2005-08-15,1598.4655999999998,1588.47519,1598.4655999999998,1588.47519,0.0,8360.642856499384
2005-08-16,1658.4080599999998,1598.4655999999998,1658.4080599999998,1598.4655999999998,0.0,13538.508429583972
2005-08-17,1878.19708,1688.37929,1878.19708,1688.37929,0.0,26327.17275867557
2005-08-18,2038.04364,1878.19708,1938.13954,1878.19708,0.0,54673.90727707872
2005-08-19,2018.06282,1958.12036,1998.082,1958.12036,0.0,32814.394003849695
2005-08-22,2177.90938,1998.082,1998.082,2018.06282,0.0,43330.579025285246
2005-08-23,2008.07241,1998.082,1998.082,1998.082,0.0,2848.70690992662
2005-08-24,2008.07241,1938.13954,1938.13954,2008.07241,0.0,8680.399503123495
2005-08-25,1938.13954,1878.19708,1878.19708,1938.13954,0.0,7210.715075757651
2005-08-26,1878.19708,1858.21626,1858.21626,1878.19708,0.0,6911.628251493183
2005-08-29,1858.21626,1858.21626,1858.21626,1858.21626,0.0,0.0
2005-08-30,1858.21626,1818.25462,1818.25462,1858.21626,0.0,8305.840300848515
2005-08-31,1938.13954,1818.25462,1938.13954,1818.25462,0.0,5209.345762586321
2005-09-01,1938.13954,1898.1779,1898.1779,1938.13954,0.0,1987.4809942735085
2005-09-02,1898.1779,1868.20667,1868.20667,1898.1779,0.0,2322.3771596961487
2005-09-05,1868.20667,1868.20667,1868.20667,1868.20667,0.0,1573.2587551461852
2005-09-06,1868.20667,1738.33134,1778.29298,1868.20667,0.0,6225.670417930796
2005-09-07,1818.25462,1778.29298,1788.28339,1778.29298,0.0,1659.0159963404906
2005-09-08,1788.28339,1788.28339,1788.28339,1788.28339,0.0,2789.6252506153405
2005-09-09,1788.28339,1758.31216,1758.31216,1788.28339,0.0,4025.310272551377
2005-09-12,1758.31216,1658.4080599999998,1688.37929,1758.31216,0.0,12707.911887500111
2005-09-13,1748.32175,1678.38888,1718.35052,1688.37929,0.0,9657.886913550095
2005-09-14,1718.35052,1678.38888,1678.38888,1718.35052,0.0,24880.310217498583
2005-09-15,1848.22585,1678.38888,1848.22585,1678.38888,0.0,37980.748537847794
2005-09-16,1848.22585,1848.22585,1848.22585,1848.22585,0.0,12643.825428586017
2005-09-19,1848.22585,1848.22585,1848.22585,1848.22585,0.0,5543.190920092368
2005-09-20,1848.22585,1848.22585,1848.22585,1848.22585,0.0,7097.606604733939
2005-09-21,1888.18749,1888.18749,1888.18749,1888.18749,0.0,4793.622083578151
2005-09-22,1888.18749,1888.18749,1888.18749,1888.18749,0.0,1934.4301184836256
2005-09-23,1888.18749,1888.18749,1888.18749,1888.18749,0.0,7410.932083868431
2005-09-26,1868.20667,1868.20667,1868.20667,1868.20667,0.0,6929.370266085176
2005-09-27,1868.20667,1868.20667,1868.20667,1868.20667,0.0,11722.491869703046
2005-09-28,1908.16831,1868.20667,1908.16831,1868.20667,0.0,5554.376647204669
2005-09-29,2018.06282,1908.16831,2018.06282,1908.16831,0.0,29370.716517139936
2005-09-30,2177.90938,2018.06282,2117.96692,2018.06282,0.0,30253.488095083187
2005-10-03,2117.96692,2117.96692,2117.96692,2117.96692,0.0,15368.48838035676
2005-10-04,2117.96692,2018.06282,2018.06282,2117.96692,0.0,20015.6199795604
2005-10-05,2018.06282,1948.12995,1948.12995,2018.06282,0.0,2259.341708698642
2005-10-06,1948.12995,1878.19708,1878.19708,1948.12995,0.0,23321.340165218448
2005-10-07,1858.21626,1858.21626,1858.21626,1858.21626,0.0,1203.003680529628
2005-10-10,1898.1779,1858.21626,1898.1779,1858.21626,0.0,2004.8726728933048
2005-10-11,1898.1779,1898.1779,1898.1779,1898.1779,0.0,1640.823549784243
2005-10-12,1898.1779,1798.2738,1798.2738,1898.1779,0.0,6461.496575215632
2005-10-13,1798.2738,1678.38888,1678.38888,1798.2738,0.0,7243.546561152145
2005-10-14,1718.35052,1658.4080599999998,1658.4080599999998,1678.38888,0.0,6902.469468220023
2005-10-17,1938.13954,1758.31216,1838.23544,1758.31216,0.0,25522.025622572048
2005-10-18,1838.23544,1718.35052,1718.35052,1838.23544,0.0,8013.785220026005
2005-10-19,1718.35052,1578.48478,1678.38888,1718.35052,0.0,28213.83206495029
2005-10-20,1738.33134,1678.38888,1688.37929,1678.38888,0.0,22926.66166854013
2005-10-21,1688.37929,1678.38888,1678.38888,1688.37929,0.0,941.3527572942452
2005-10-24,1718.35052,1678.38888,1718.35052,1678.38888,0.0,4456.073374366018
2005-10-25,1768.3025699999998,1698.3696999999995,1698.3696999999995,1718.35052,0.0,15354.47494146887
2005-10-26,1698.3696999999995,1698.3696999999995,1698.3696999999995,1698.3696999999995,0.0,2581.500659132108
2005-10-27,1698.3696999999995,1658.4080599999998,1658.4080599999998,1698.3696999999995,0.0,3348.361078274065
2005-10-28,1658.4080599999998,1628.43683,1638.42724,1658.4080599999998,0.0,8348.9566494268
2005-10-31,1648.41765,1638.42724,1648.41765,1638.42724,0.0,4685.993868119527
2005-11-01,1718.35052,1648.41765,1718.35052,1648.41765,0.0,21044.68184989405
2005-11-02,1738.33134,1718.35052,1738.33134,1718.35052,0.0,19932.16494618339
2005-11-03,1748.32175,1738.33134,1748.32175,1738.33134,0.0,26223.5483828992
2005-11-04,1768.3025699999998,1748.32175,1768.3025699999998,1748.32175,0.0,8530.73097100119
2005-11-07,1808.26421,1768.3025699999998,1808.26421,1768.3025699999998,0.0,8408.16342872815
2005-11-08,1808.26421,1738.33134,1738.33134,1808.26421,0.0,10431.003332195576
2005-11-09,1828.24503,1738.33134,1828.24503,1738.33134,0.0,23421.51122926887
2005-11-10,1878.19708,1828.24503,1868.20667,1828.24503,0.0,12197.897783974831
2005-11-11,1838.23544,1818.25462,1818.25462,1838.23544,0.0,4303.301866489964
2005-11-14,1818.25462,1818.25462,1818.25462,1818.25462,0.0,845.3106529161466
2005-11-15,1838.23544,1818.25462,1838.23544,1818.25462,0.0,95895.48877373402
2005-11-16,2457.64086,2217.87102,2277.81348,2217.87102,0.0,211708.60355080524
2005-11-17,4895.3009,2337.75594,4475.70368,2337.75594,0.0,388336.8150055904
2005-11-18,6333.91994,4875.32008,5155.05156,4875.32008,0.0,352204.5641770458
2005-11-21,5115.089919999999,4136.02974,4315.85712,4755.435159999999,0.0,193606.6938193728
2005-11-22,4775.41598,3476.66268,4555.62696,4255.91466,0.0,157873.1753751848
2005-11-23,4835.35844,4375.79958,4475.70368,4575.607779999999,0.0,56410.69785924702
2005-11-24,4775.41598,4195.9722,4275.89548,4555.62696,0.0,43055.99069507658
2005-11-25,4235.93384,3956.20236,4195.9722,4235.93384,0.0,41155.31794991397
2005-11-28,4595.5886,4195.9722,4535.64614,4195.9722,0.0,36536.93892442853
2005-11-29,4595.5886,4275.89548,4375.79958,4595.5886,0.0,39883.3481308575
2005-11-30,4375.79958,4175.99138,4195.9722,4375.79958,0.0,26466.406283626
2005-12-01,4575.607779999999,3776.37498,3996.164,4235.93384,0.0,91890.0225316078
2005-12-02,3936.22154,3296.8353,3416.72022,3916.24072,0.0,100109.3798953196
2005-12-05,4076.08728,3416.72022,3836.31744,3416.72022,0.0,60292.99598314784
2005-12-06,4096.0681,3836.31744,3856.29826,3836.31744,0.0,26925.42147919855
2005-12-07,4016.14482,3856.29826,3996.164,3856.29826,0.0,19172.63655845956
2005-12-08,4096.0681,3736.41334,3736.41334,3996.164,0.0,21616.80551649032
2005-12-09,3696.4517,3196.9311999999995,3356.77776,3396.7393999999995,0.0,100224.46526218644
2005-12-12,3436.70104,3196.9311999999995,3256.87366,3436.70104,0.0,21635.84877897904
2005-12-13,3636.50924,3256.87366,3416.72022,3256.87366,0.0,32584.873894064407
2005-12-14,3416.72022,3156.96956,3216.91202,3416.72022,0.0,31660.26219144159
2005-12-15,3436.70104,3256.87366,3396.7393999999995,3316.8161199999995,0.0,25769.888322901665
2005-12-16,4036.12564,3436.70104,3896.2599,3436.70104,0.0,73649.00439521502
2005-12-19,4056.10646,3656.49006,3816.33662,3676.47088,0.0,62647.50395629408
2005-12-20,3936.22154,3696.4517,3836.31744,3816.33662,0.0,46663.500296784616
2005-12-21,3836.31744,3696.4517,3696.4517,3836.31744,0.0,102623.2156638216
2005-12-22,4295.8763,3736.41334,4195.9722,3736.41334,0.0,78520.47613661502
2005-12-23,4715.47352,4195.9722,4695.4927,4195.9722,0.0,50422.00470250971
2005-12-26,4695.4927,4695.4927,4695.4927,4695.4927,0.0,0.0
2005-12-27,4695.4927,4695.4927,4695.4927,4695.4927,0.0,0.0
2005-12-28,4975.224179999999,4455.72286,4575.607779999999,4695.4927,0.0,53721.66908064834
2005-12-29,4975.224179999999,4635.5502400000005,4975.224179999999,4635.5502400000005,0.0,67697.54694752269
2005-12-30,5694.5337,4915.28172,5694.5337,4975.224179999999,0.0,67376.46402900382
2006-01-02,5694.5337,5694.5337,5694.5337,5694.5337,0.0,0.0
2006-01-03,5674.55288,5254.95566,5374.84058,5674.55288,0.0,113926.38039880246
2006-01-04,5574.64878,5294.917299999999,5374.84058,5374.84058,0.0,53797.16648265687
2006-01-05,5874.36108,5155.05156,5854.380259999999,5374.84058,0.0,170000.23022078173
2006-01-06,6553.70896,5854.380259999999,6293.958299999999,5854.380259999999,0.0,170052.98080859546
2006-01-09,6633.632239999999,6293.958299999999,6433.82404,6293.958299999999,0.0,104955.10194276313
2006-01-10,6733.53634,6234.01584,6493.7665,6453.80486,0.0,89804.42244112105
2006-01-11,6533.728139999999,6293.958299999999,6373.881579999999,6513.74732,0.0,46619.332940289736
2006-01-12,6333.91994,5834.399439999999,5874.36108,6333.91994,0.0,67640.26701606842
2006-01-13,6074.16928,5554.667959999999,5974.26518,5914.32272,0.0,70294.26219744736
2006-01-16,6313.93912,5974.26518,6194.0542,5974.26518,0.0,40140.5948304424
2006-01-17,6453.80486,6154.09256,6293.958299999999,6154.09256,0.0,45471.05674341694
2006-01-18,6293.958299999999,5934.30354,6214.03502,6293.958299999999,0.0,43636.7226169897
2006-01-19,6273.97748,6114.13092,6154.09256,6214.03502,0.0,22659.13010577144
2006-01-20,6194.0542,5994.245999999999,6034.20764,6154.09256,0.0,20112.913283839203
2006-01-23,6253.996660000001,5894.341899999999,6094.150099999999,6034.20764,0.0,28047.247310170456
2006-01-24,6114.13092,5774.45698,5854.380259999999,6114.13092,0.0,52044.06025378338
2006-01-25,9470.90868,7892.4239,9371.00458,7892.4239,0.0,352217.62670400913
2006-01-26,10010.39082,8891.464899999999,9051.31146,9390.9854,0.0,380571.4430138503
2006-01-27,9071.29228,8411.92522,8851.50326,9071.29228,0.0,104786.69043612824
2006-01-30,8851.50326,8252.07866,8351.982759999999,8851.50326,0.0,66544.39107103713
2006-01-31,8332.00194,7732.577339999999,8052.27046,8332.00194,0.0,94411.44057150808
2006-02-01,8431.90604,7952.36636,8312.02112,8072.251279999999,0.0,57981.35411859975
2006-02-02,8411.92522,8072.251279999999,8411.92522,8332.00194,0.0,27644.8614221038
2006-02-03,8411.92522,8032.28964,8172.155379999999,8411.92522,0.0,25932.44421400123
2006-02-06,8631.71424,8212.11702,8391.9444,8212.11702,0.0,49684.39733704623
2006-02-07,8391.9444,8172.155379999999,8172.155379999999,8391.9444,0.0,20097.273285080395
2006-02-08,8971.38818,7832.48144,8971.38818,8152.174559999999,0.0,47124.167076226106
2006-02-09,9371.00458,8851.50326,9251.11966,8911.44572,0.0,114846.43773378672
2006-02-10,9410.966219999998,9011.34982,9191.1772,9311.06212,0.0,42251.11882295121
2006-02-13,9650.73606,9211.15802,9590.7936,9211.15802,0.0,30369.84968584873
2006-02-14,10290.1223,9410.966219999998,10290.1223,9590.7936,0.0,89848.68989360797
2006-02-15,10869.56608,10270.14148,10629.79624,10290.1223,0.0,80770.25867807228
2006-02-16,10689.7387,10130.27574,10190.2182,10649.77706,0.0,35814.946533725844
2006-02-17,10390.0264,9670.71688,10370.045579999998,10190.2182,0.0,42100.27416292224
2006-02-20,10370.045579999998,10030.37164,10150.25656,10370.045579999998,0.0,25058.28089137483
2006-02-21,10170.23738,9890.5059,10070.33328,10150.25656,0.0,41229.0386480635
2006-02-22,10749.68116,10070.33328,10569.853779999998,10070.33328,0.0,36263.35155414042
2006-02-23,10829.60444,10250.16066,10330.08394,10569.853779999998,0.0,30483.033228866483
2006-02-24,10729.70034,9670.71688,10170.23738,10310.10312,0.0,71008.17183679149
2006-02-27,10549.87296,9930.46754,10370.045579999998,10150.25656,0.0,33937.070650754074
2006-02-28,10469.94968,10390.0264,10429.98804,10390.0264,0.0,12276.423089743064
2006-03-01,10589.834599999998,10429.98804,10529.89214,10429.98804,0.0,27947.17634211209
2006-03-02,10569.853779999998,10350.06476,10350.06476,10529.89214,0.0,11692.187808107976
2006-03-03,10350.06476,10050.352459999998,10090.3141,10350.06476,0.0,24015.90625409768
2006-03-06,10190.2182,10010.39082,10050.352459999998,10090.3141,0.0,22044.29047456511
2006-03-07,10050.352459999998,9830.56344,9990.41,10050.352459999998,0.0,49252.13279535074
2006-03-08,10669.75788,9970.42918,10230.17984,10589.834599999998,0.0,48998.78983945604
2006-03-09,10230.17984,9930.46754,9930.46754,10230.17984,0.0,14951.46345345186
2006-03-10,9910.48672,9450.92786,9550.83196,9910.48672,0.0,34382.572887399016
2006-03-13,9730.65934,9550.83196,9670.71688,9550.83196,0.0,57803.733780695686
2006-03-14,9790.6018,9071.29228,9410.966219999998,9562.820452,0.0,45983.64831873767
2006-03-15,9790.6018,9031.33064,9610.77442,9390.9854,0.0,40880.75464370332
2006-03-16,9710.67852,9231.13884,9510.870319999998,9618.766748,0.0,23529.58987669175
2006-03-17,9590.7936,9151.21556,9371.00458,9550.83196,0.0,17034.235832163045
2006-03-20,9790.6018,9191.1772,9530.85114,9191.1772,0.0,19021.89199442265
2006-03-21,9590.7936,9151.21556,9271.10048,9560.82237,0.0,20960.826432548816
2006-03-22,9710.67852,9201.16761,9630.75524,9386.1900032,0.0,27451.45094145285
2006-03-23,10601.823092,9450.92786,10509.91132,9450.92786,0.0,42677.90310908161
2006-03-24,10831.602522,10030.37164,10469.94968,10429.98804,0.0,21345.220066043337
2006-03-27,10469.94968,8791.5608,9231.13884,10469.94968,0.0,105257.81724673964
2006-03-28,9351.02376,8391.9444,8631.71424,8801.55121,0.0,80350.48111138583
2006-03-29,9191.1772,8351.982759999999,8811.54162,8711.63752,0.0,37017.17447031704
2006-03-30,9239.131168,8831.52244,8911.44572,8842.7116992,0.0,48393.909759459326
2006-03-31,9071.29228,8711.63752,8891.464899999999,8961.39777,0.0,17971.05924581674
2006-04-03,8991.368999999999,8391.9444,8471.86768,8987.372835999999,0.0,37659.31528335674
2006-04-04,8955.403524,8312.02112,8491.8485,8312.02112,0.0,58218.33137979322
2006-04-05,8911.44572,8511.829319999999,8641.70465,8511.829319999999,0.0,51024.7076946792
2006-04-06,8871.48408,8312.02112,8551.79096,8791.5608,0.0,39652.85208514966
2006-04-07,8711.63752,8387.548619599998,8491.8485,8671.675879999999,0.0,52408.059328896416
2006-04-10,8701.64711,7952.36636,8112.21292,8431.90604,0.0,37854.92787583293
2006-04-11,8591.7526,7792.5198,8252.07866,8072.251279999999,0.0,32988.510982031774
2006-04-12,8471.86768,7952.36636,8092.2321,8072.251279999999,0.0,17330.745184632062
2006-04-13,8711.63752,7912.404719999999,8511.829319999999,7964.354852,0.0,47967.97628926141
2006-04-14,8511.829319999999,8511.829319999999,8511.829319999999,8511.829319999999,0.0,0.0
2006-04-17,8511.829319999999,8511.829319999999,8511.829319999999,8511.829319999999,0.0,0.0
2006-04-18,8951.40736,8551.79096,8791.5608,8739.610668,0.0,47028.37521182814
2006-04-19,9351.02376,8641.70465,8731.61834,8711.63752,0.0,39011.43696805237
2006-04-20,9271.10048,8631.71424,8971.38818,8813.9393184,0.0,44422.42610663627
2006-04-21,9810.58262,8911.44572,9810.58262,9002.5582592,0.0,99733.39432515785
2006-04-24,10390.0264,9670.71688,10100.30451,9790.6018,0.0,60707.44343825729
2006-04-25,10250.16066,9470.90868,9730.65934,10150.25656,0.0,79801.47961895457
2006-04-26,10390.0264,9590.7936,10030.37164,9790.6018,0.0,42520.70235355706
2006-04-27,10140.26615,9670.71688,9830.56344,9970.42918,0.0,50039.7631328444
2006-04-28,10150.25656,9870.52508,10070.33328,9950.44836,0.0,38817.72619942525
2006-05-01,10070.33328,10070.33328,10070.33328,10070.33328,0.0,0.0
2006-05-02,10469.94968,9750.64016,10170.23738,10070.33328,0.0,62113.61695866336
2006-05-03,10350.06476,9870.52508,10090.3141,9910.48672,0.0,70492.40221372296
2006-05-04,10270.14148,9730.65934,10070.33328,10070.33328,0.0,32058.644239826
2006-05-05,10150.25656,9870.52508,9970.42918,9990.41,0.0,29636.546448043675
2006-05-08,10110.29492,9790.6018,9870.52508,9920.47713,0.0,13612.354247723566
2006-05-09,10190.2182,9390.9854,9590.7936,10190.2182,0.0,22954.663522317904
2006-05-10,9790.6018,9311.06212,9510.870319999998,9520.86073,0.0,23869.99132167749
2006-05-11,10150.25656,9470.90868,9830.56344,9670.71688,0.0,48140.91713953682
2006-05-12,9958.440688,9191.1772,9470.90868,9710.67852,0.0,13120.382446766447
2006-05-15,10569.853779999998,9191.1772,9351.02376,9910.48672,0.0,107411.68280380886
2006-05-16,9710.67852,8749.601078,9051.31146,9550.83196,0.0,53523.77930435288
2006-05-17,9398.977727999998,8391.9444,8541.80055,9171.19638,0.0,68400.69626772075
2006-05-18,8751.59916,7592.7116,7872.443079999999,8631.71424,0.0,79815.66822582857
2006-05-19,8391.9444,7592.7116,7942.37595,7818.494866,0.0,57052.48833631453
2006-05-22,7952.36636,6433.82404,6853.42126,7952.36636,0.0,75263.70289107253
2006-05-23,7632.673239999999,6793.478799999999,7432.865039999999,6833.440439999999,0.0,99723.08443797602
2006-05-24,7392.9034,6513.74732,6583.68019,7392.9034,0.0,74044.65882781587
2006-05-25,7153.13356,6513.74732,6733.53634,6753.51716,0.0,26071.427498971512
2006-05-26,7752.55816,6713.55552,7572.73078,6793.478799999999,0.0,113043.13336489694
2006-05-29,7572.73078,7572.73078,7572.73078,7572.73078,0.0,0.0
2006-05-30,8192.1362,7013.26782,7812.50062,7429.268492399999,0.0,67189.03428387825
2006-05-31,7672.63488,6393.862399999999,7452.845859999999,7672.63488,0.0,56635.51345740565
2006-06-01,7712.596519999999,7233.056839999999,7392.9034,7233.056839999999,0.0,19098.165140369616
2006-06-02,7512.78832,7025.256312,7133.15274,7512.78832,0.0,17322.1119053172
2006-06-05,7273.01848,6923.35413,7053.2294600000005,7033.24864,0.0,19114.53083507084
2006-06-06,7258.632289599999,6713.55552,6893.382899999999,6953.32536,0.0,36318.5294697615
2006-06-07,7193.0952,6740.3298188,6873.40208,6833.440439999999,0.0,10981.981720469932
2006-06-08,6913.363719999999,6062.9800208,6104.140509999999,6833.440439999999,0.0,103940.8042312578
2006-06-09,6913.363719999999,6114.13092,6323.929529999999,6393.862399999999,0.0,47201.24099010952
2006-06-12,6449.808696,5274.93648,5634.59124,6449.808696,0.0,72026.29821999298
2006-06-13,5594.629599999999,4835.35844,4995.205,5514.70632,0.0,130538.91181643197
2006-06-14,5494.7255,4275.89548,4345.82835,4885.31049,0.0,79970.89208551
2006-06-15,4955.24336,4195.9722,4695.4927,4555.62696,0.0,72992.77507129338
2006-06-16,5195.013199999999,4675.51188,4975.224179999999,4763.427487999999,0.0,81700.02532428599
2006-06-19,5754.476159999999,4865.32967,5614.61042,5095.1091,0.0,68953.95183981438
2006-06-20,6433.82404,5272.938397999998,6184.06379,5553.868727199999,0.0,72016.66398075756
2006-06-21,6873.40208,5874.36108,6313.93912,6253.996660000001,0.0,55288.79695628108
2006-06-22,6713.55552,6273.97748,6353.90076,6283.96789,0.0,39776.44561134128
2006-06-23,6573.68978,6273.97748,6453.80486,6393.862399999999,0.0,45628.58281091567
2006-06-26,6673.593879999999,5834.399439999999,6293.958299999999,6493.7665,0.0,43438.75776870018
2006-06-27,6305.5471756,5782.8489244,5954.28436,6273.97748,0.0,38766.75231547053
2006-06-28,6226.023512000001,5474.74468,5654.57206,5865.569519199999,0.0,52960.93954101984
2006-06-29,5794.4378,3763.5872552,3856.29826,5794.4378,0.0,316275.1328524054
2006-06-30,4096.0681,3436.70104,3856.29826,3936.22154,0.0,185303.881422284
2006-07-03,3836.31744,3523.8174152,3566.57637,3676.47088,0.0,118643.77938442968
2006-07-04,3956.20236,3558.584042,3736.41334,3596.5476,0.0,105569.24090202503
2006-07-05,3916.24072,3596.5476,3616.52842,3788.363472,0.0,56927.74370621426
2006-07-06,3736.41334,3476.66268,3576.56678,3634.511158,0.0,96682.31834329122
2006-07-07,3616.52842,3236.89284,3426.71063,3616.52842,0.0,128274.51526013447
2006-07-10,3916.24072,3356.77776,3636.50924,3371.1639504,0.0,135149.73359451717
2006-07-11,3996.164,3596.5476,3736.41334,3656.49006,0.0,133611.48341259267
2006-07-12,4076.08728,3796.3558,3856.29826,3826.32703,0.0,152318.82375197817
2006-07-13,3956.20236,3676.47088,3746.40375,3916.24072,0.0,41722.46184090543
2006-07-14,3776.37498,3556.58596,3616.52842,3756.39416,0.0,23850.647771212592
2006-07-17,3616.52842,3236.89284,3456.68186,3616.52842,0.0,56067.24348650356
2006-07-18,3504.635828,3027.09423,3097.0271,3504.635828,0.0,84379.3447916552
2006-07-19,3396.7393999999995,3077.04628,3256.87366,3156.96956,0.0,46881.35922349534
2006-07-20,3516.62432,3236.89284,3306.82571,3296.8353,0.0,24330.20766915472
2006-07-21,3352.781596,3037.08464,3166.95997,3236.89284,0.0,36983.14183301786
2006-07-24,3696.4517,3087.03669,3546.59555,3087.03669,0.0,81726.55076218094
2006-07-25,3656.49006,3436.70104,3456.68186,3476.66268,0.0,35513.20716567188
2006-07-26,3552.589796,3396.7393999999995,3456.68186,3476.66268,0.0,30062.93035020585
2006-07-27,3556.58596,3236.89284,3276.85448,3481.657885,0.0,28327.59115992237
2006-07-28,3356.77776,3047.0750499999995,3206.92161,3351.782555,0.0,38560.179211864175
2006-07-31,3316.8161199999995,3057.06546,3186.94079,3176.95038,0.0,35042.155427054546
2006-08-01,3346.78735,3077.04628,3176.95038,3126.9983300000004,0.0,23734.686564415275
2006-08-02,3236.89284,2797.3148,2957.16136,3123.002166,0.0,72960.96956981745
2006-08-03,3156.96956,2803.309046,2927.1901299999995,2923.193966,0.0,42195.21521138773
2006-08-04,3053.069296,2805.307128,2857.2572600000003,2957.16136,0.0,18520.31097822812
2006-08-07,2917.19972,2637.46824,2857.2572600000003,2917.19972,0.0,40889.9634749725
2006-08-08,2927.9893627999995,2757.35316,2867.24767,2907.20931,0.0,28414.19921704915
2006-08-09,2903.6127624,2657.44906,2767.34357,2757.35316,0.0,17245.838759370235
2006-08-10,2757.35316,2617.48742,2717.39152,2677.42988,0.0,32140.072329363866
2006-08-11,3676.47088,2677.42988,3686.46129,2747.36275,0.0,98774.04931329146
2006-08-14,4076.08728,3356.77776,3506.63391,3716.43252,0.0,95696.22267754778
2006-08-15,3526.61473,3117.00792,3426.71063,3436.70104,0.0,53625.30166429606
2006-08-16,3474.2649816,3172.5545996,3206.92161,3379.5558948,0.0,28572.92643645256
2006-08-17,3636.50924,3117.00792,3546.59555,3156.96956,0.0,47599.69811048796
2006-08-18,3876.27908,3556.58596,3636.50924,3556.58596,0.0,76698.55391320276
2006-08-21,3877.8775456,3614.530338,3696.4517,3687.6601392,0.0,26140.66890147652
2006-08-22,3996.164,3576.56678,3736.41334,3636.50924,0.0,37549.13462010068
2006-08-23,4006.5540264,3731.6179432,3836.31744,3856.29826,0.0,30143.732839793363
2006-08-24,3946.21195,3716.43252,3816.33662,3912.244556,0.0,17994.03127599368
2006-08-25,3956.20236,3756.39416,3856.29826,3912.244556,0.0,36236.87616424151
2006-08-28,3856.29826,3856.29826,3856.29826,3856.29826,0.0,0.0
2006-08-29,3916.24072,3476.66268,3736.41334,3766.38457,0.0,35600.415798751004
2006-08-30,3876.27908,3669.6774012,3776.37498,3676.47088,0.0,16162.925245310253
2006-08-31,3836.31744,3671.6754832,3746.40375,3834.83885932,0.0,13495.96763296001
2006-09-01,3836.31744,3656.49006,3776.37498,3656.49006,0.0,14862.928548477992
2006-09-04,3856.29826,3662.484306,3836.31744,3816.33662,0.0,16371.0748607915
2006-09-05,3916.24072,3766.38457,3846.30785,3800.351964,0.0,18414.134154654315
2006-09-06,3956.20236,3796.3558,3866.28867,3802.350046000001,0.0,21718.07763645336
2006-09-07,4395.7804,3796.3558,4036.12564,3866.28867,0.0,110418.86669315876
2006-09-08,4475.70368,3916.24072,4235.93384,4046.11605,0.0,44034.90447338998
2006-09-11,4355.81876,3836.31744,3916.24072,4355.81876,0.0,36333.31865258784
2006-09-12,3956.20236,3636.50924,3806.34621,3956.20236,0.0,17949.213295550435
2006-09-13,4315.85712,3642.503486,3856.29826,3852.302096,0.0,76325.84648678082
2006-09-14,3996.164,3716.43252,3916.24072,3816.33662,0.0,31022.325410068257
2006-09-15,4235.93384,3756.39416,3806.34621,4195.9722,0.0,51716.1958318027
2006-09-18,3916.24072,3516.62432,3736.41334,3796.3558,0.0,32888.81537394361
2006-09-19,3756.39416,3455.8826272,3616.52842,3756.39416,0.0,23762.81353818312
2006-09-20,3876.27908,3396.7393999999995,3726.42293,3636.50924,0.0,34638.31814710308
2006-09-21,3816.33662,3556.58596,3576.56678,3680.467044,0.0,82016.52885116827
2006-09-22,3799.07319152,3556.58596,3806.34621,3557.3851928,0.0,33067.9371517285
2006-09-25,3996.164,3696.4517,3896.2599,3825.1281808,0.0,57859.76251224925
2006-09-26,3956.20236,3716.43252,3796.3558,3916.24072,0.0,16033.801415557518
2006-09-27,3844.309768,3676.47088,3736.41334,3766.38457,0.0,24894.924232338813
2006-09-28,3744.405668,3556.58596,3696.4517,3686.46129,0.0,19867.277719332844
2006-09-29,3926.23113,3616.52842,3826.32703,3626.51883,0.0,18849.92708006979
2006-10-02,3751.5987632,3623.7215152,3716.43252,3736.41334,0.0,12048.629635820753
2006-10-03,3776.37498,3476.66268,3676.47088,3622.522666,0.0,28473.78135632071
2006-10-04,3676.47088,3236.89284,3416.72022,3596.5476,0.0,42293.43440359305
2006-10-05,3522.618566,3257.2732764,3316.8161199999995,3436.70104,0.0,12073.97894580903
2006-10-06,3332.800776,3117.00792,3226.90243,3276.85448,0.0,24084.9975126146
2006-10-09,3236.89284,2935.182458,3067.05587,3156.96956,0.0,24751.8119876962
2006-10-10,3396.7393999999995,3041.080804,3306.82571,3117.00792,0.0,20376.616174911745
2006-10-11,3556.58596,3206.92161,3546.59555,3386.74899,0.0,44059.22779945969
2006-10-12,4076.08728,3516.62432,3586.5571899999995,3986.17359,0.0,120267.18623159612
2006-10-13,3856.29826,3276.85448,3296.8353,3856.29826,0.0,35485.80588784644
2006-10-16,3356.77776,3156.96956,3246.88325,3356.77776,0.0,26531.793990436832
2006-10-17,3356.77776,3037.08464,3236.89284,3276.85448,0.0,63242.12419710503
2006-10-18,3436.70104,3247.2828664000003,3236.89284,3256.87366,0.0,37443.93373244942
2006-10-19,3355.89860392,3196.9311999999995,3306.82571,3276.85448,0.0,39411.42055230967
2006-10-20,3376.75858,3246.88325,3286.84489,3256.87366,0.0,34253.62422563238
2006-10-23,3346.78735,3077.04628,3117.00792,3283.16841912,0.0,27424.52511958969
2006-10-24,3256.87366,3089.034772,3156.96956,3206.92161,0.0,28374.78642017695
2006-10-25,3226.90243,3077.04628,3186.94079,3168.27870412,0.0,13473.29589075924
2006-10-26,3242.00792992,3133.3921924,3196.9311999999995,3196.9311999999995,0.0,38714.45215962108
2006-10-27,3266.86407,3156.96956,3226.90243,3226.90243,0.0,6991.029397191907
2006-10-30,3243.886127,2997.123,3037.08464,3176.95038,0.0,19342.674624965344
2006-10-31,3117.8071528,2917.19972,2987.13259,3077.04628,0.0,25547.049620586145
2006-11-01,3117.00792,3017.10382,3067.05587,3017.10382,0.0,17820.915257732166
2006-11-02,3189.3384884,3037.08464,3136.98874,3146.97915,0.0,14852.843877278312
2006-11-03,3196.9311999999995,3037.08464,3087.03669,3192.935036,0.0,10032.446115825076
2006-11-06,3136.98874,2921.195884,3037.08464,3037.08464,0.0,17862.930550397832
2006-11-07,3077.04628,2917.19972,3007.11341,3037.08464,0.0,33904.51442933774
2006-11-08,3356.77776,2987.13259,3176.95038,3013.42734912,0.0,57096.03009285906
2006-11-09,3356.77776,3206.92161,3266.86407,3216.91202,0.0,87881.37824173382
2006-11-10,3356.77776,3196.9311999999995,3266.86407,3336.79694,0.0,29280.65514828721
2006-11-13,3296.8353,3162.963806,3176.95038,3186.94079,0.0,25683.755721737147
2006-11-14,3276.85448,3037.08464,3097.0271,3160.965724,0.0,12607.090199501325
2006-11-15,3176.1511472,2993.9260688000004,3067.05587,3136.5891236,0.0,14940.127582351475
2006-11-16,3117.00792,2957.16136,3027.09423,2997.123,0.0,8996.852982009748
2006-11-17,3037.08464,2843.2706860000003,2927.1901299999995,2957.16136,0.0,28471.25393252129
2006-11-20,2982.7368096,2797.3148,2847.26685,2887.22849,0.0,27440.99091028296
2006-11-21,2957.16136,2797.3148,2857.2572600000003,2844.4695352000003,0.0,15732.462431471784
2006-11-22,2917.19972,2797.3148,2807.30521,2811.7009904,0.0,15598.08356213609
2006-11-23,3196.9311999999995,2797.3148,3077.04628,2798.5136492,0.0,85592.20792740239
2006-11-24,3156.96956,2897.2189,2927.1901299999995,3117.00792,0.0,24020.785933710427
2006-11-27,3134.47115668,2797.3148,2857.2572600000003,2877.23808,0.0,25527.15554216493
2006-11-28,2877.23808,2793.318636,2857.2572600000003,2877.23808,0.0,24379.004465282207
2006-11-29,2957.16136,2843.2706860000003,2947.17095,2913.2035560000004,0.0,6410.772931241061
2006-11-30,2997.123,2837.27644,2887.22849,2957.16136,0.0,23310.905158046568
2006-12-01,2917.19972,2797.3148,2877.23808,2837.27644,0.0,9994.75997481585
2006-12-04,2917.19972,2797.3148,2837.27644,2909.207392,0.0,11545.49713174935
2006-12-05,2917.19972,2797.3148,2857.2572600000003,2798.313841,0.0,13666.531203424083
2006-12-06,2897.2189,2717.39152,2767.34357,2897.2189,0.0,13125.51236635934
2006-12-07,2833.280276,2457.64086,2737.37234,2724.3848069999995,0.0,50057.1548114642
2006-12-08,2837.27644,2597.5066,2817.29562,2697.4107,0.0,23833.20604459677
2006-12-11,2877.23808,2797.3148,2827.28603,2800.9113476,0.0,12574.158618114772
2006-12-12,2871.2438339999994,2685.8218243999995,2827.28603,2777.3339799999994,0.0,25776.719874359515
2006-12-13,2847.26685,2617.48742,2727.38193,2847.26685,0.0,40429.54693551116
2006-12-14,2782.9286096,2603.1012296,2717.39152,2697.8103164,0.0,18224.40220171144
2006-12-15,2777.3339799999994,2637.46824,2697.4107,2761.349324,0.0,8941.75013838271
2006-12-18,2757.35316,2517.58332,2557.54496,2755.355078,0.0,16922.02822506784
2006-12-19,2629.475912,2477.62168,2517.58332,2527.1741136,0.0,17764.836478182577
2006-12-20,2577.52578,2317.77512,2397.6984,2497.6025,0.0,25808.275135855285
2006-12-21,2553.548796,2427.66963,2467.63127,2427.66963,0.0,33004.02586080051
2006-12-22,2507.59291,2397.6984,2497.6025,2397.6984,0.0,23664.99472994602
2006-12-25,2497.6025,2497.6025,2497.6025,2497.6025,0.0,0.0
2006-12-26,2497.6025,2497.6025,2497.6025,2497.6025,0.0,0.0
2006-12-27,2517.58332,2317.77512,2417.67922,2517.58332,0.0,16807.793674133492
2006-12-28,2517.58332,2357.73676,2457.64086,2451.646614,0.0,10206.863381983325
2006-12-29,2553.548796,2397.6984,2487.61209,2507.59291,0.0,1560.3213481728978
2007-01-01,2487.61209,2487.61209,2487.61209,2487.61209,0.0,0.0
2007-01-02,2557.54496,2317.77512,2417.67922,2483.2163096,0.0,17475.458965147576
2007-01-03,2487.61209,2357.73676,2467.63127,2482.616885,0.0,41735.59943986283
2007-01-04,2517.58332,2357.73676,2387.70799,2517.58332,0.0,18446.11482411633
2007-01-05,2397.6984,2317.77512,2347.74635,2358.85568592,0.0,11144.462539575452
2007-01-08,2393.702236,2197.8902,2247.84225,2387.70799,0.0,13138.024365366387
2007-01-09,2337.75594,2157.92856,2207.88061,2207.88061,0.0,16999.67769090558
2007-01-10,2237.85184,2117.96692,2217.87102,2177.90938,0.0,11540.317164160431
2007-01-11,2317.77512,2078.00528,2277.81348,2198.0900082,0.0,24334.161460840947
2007-01-12,2297.7943,2201.886364,2247.84225,2227.86143,0.0,6064.4658227239925
2007-01-15,2557.54496,2284.2073424,2447.65045,2284.32722732,0.0,60969.89512942913
2007-01-16,2457.64086,2177.90938,2157.92856,2457.64086,0.0,72222.98684438376
2007-01-17,2457.64086,2197.8902,2147.93815,2457.64086,0.0,50923.61074270225
2007-01-18,2270.6203848,2078.00528,2107.97651,2097.9861,0.0,37489.47740883508
2007-01-19,2190.6971048,1936.141458,2018.06282,2121.963084,0.0,27926.9569517167
2007-01-22,2038.04364,1809.8626756,1968.11077,1998.082,0.0,24436.45956472257
2007-01-23,2187.89979,1918.15872,2097.9861,1923.7533496,0.0,64487.24326629238
2007-01-24,2197.8902,1998.082,2048.03405,2048.03405,0.0,23564.62347391148
2007-01-25,2117.96692,1998.082,2087.99569,1998.082,0.0,22512.0640694426
2007-01-26,2117.96692,1918.15872,1988.09159,2101.5826476,0.0,12850.398532192372
2007-01-29,2117.96692,1918.15872,2018.06282,1929.3479792,0.0,17223.91773710989
2007-01-30,2068.01487,1958.12036,2028.05323,2035.2463252,0.0,21312.663844627
2007-01-31,2127.47779032,1968.11077,2097.9861,1968.11077,0.0,40571.43300425108
2007-02-01,2156.7297108,2074.8083488,2117.96692,2085.1983752,0.0,18685.169077144983
2007-02-02,2517.58332,2117.96692,2437.66004,2127.95733,0.0,79092.52473121724
2007-02-05,2897.2189,2477.62168,2897.2189,2477.62168,0.0,212346.66545216864
2007-02-06,3156.96956,2717.39152,2847.26685,2957.16136,0.0,101493.13191350506
2007-02-07,2900.13609972,2567.53537,2757.35316,2797.3148,0.0,41987.94143583697
2007-02-08,2797.3148,2677.42988,2727.38193,2717.39152,0.0,15128.308047417471
2007-02-09,2836.43724556,2647.45865,2737.37234,2717.39152,0.0,17328.317856824695
2007-02-12,2877.23808,2687.42029,2797.3148,2771.339733999999,0.0,10711.222061957418
2007-02-13,2837.27644,2677.42988,2717.39152,2837.27644,0.0,3514.745641069786
2007-02-14,2764.1466388,2597.5066,2687.42029,2637.46824,0.0,60809.66647014488
2007-02-15,2737.37234,2439.658122,2727.38193,2642.4634449999994,0.0,110406.12947816956
2007-02-16,2747.36275,2557.54496,2707.40111,2747.36275,0.0,15756.260253583188
2007-02-19,2877.23808,2610.0945166,2657.44906,2717.39152,0.0,25169.78782652564
2007-02-20,2727.38193,2597.5066,2677.42988,2611.81286712,0.0,7173.704582694804
2007-02-21,2737.37234,2603.9004623999995,2697.4107,2687.42029,0.0,149298.45221567486
2007-02-22,2749.360832,2557.54496,2617.48742,2737.37234,0.0,204799.0022431512
2007-02-23,2690.6172212,2487.61209,2657.44906,2557.54496,0.0,19943.500817283777
2007-02-26,2787.32439,2597.5066,2747.36275,2677.42988,0.0,64941.078494276015
2007-02-27,2717.39152,2397.6984,2707.40111,2437.66004,0.0,79266.46654141322
2007-02-28,2697.4107,2517.58332,2647.45865,2611.0935576,0.0,28893.158539038937
2007-03-01,2717.39152,2615.489338,2647.45865,2717.39152,0.0,2541.212022329414
2007-03-02,2684.2233588,2557.54496,2587.5161900000003,2579.9234784,0.0,8355.788200884648
2007-03-05,2557.54496,2437.66004,2507.59291,2557.54496,0.0,9099.076013897327
2007-03-06,2685.422208,2517.58332,2647.45865,2587.5161900000003,0.0,26332.953302216825
2007-03-07,2796.5155672,2622.6824332,2757.35316,2629.0762956000003,0.0,18595.658236248564
2007-03-08,2877.23808,2757.35316,2787.32439,2790.1217047999994,0.0,28857.649485856942
2007-03-09,2865.249588,2677.42988,2787.32439,2789.3224719999994,0.0,29190.86904341264
2007-03-12,2827.28603,2782.9286096,2797.3148,2782.9286096,0.0,18691.50014864255
2007-03-13,2807.30521,2683.424126,2787.32439,2797.3148,0.0,42639.11591215977
2007-03-14,2717.39152,2597.5066,2737.37234,2656.6498272,0.0,15486.426482997194
2007-03-15,2797.3148,2677.42988,2707.40111,2683.424126,0.0,5160.523942460821
2007-03-16,2767.34357,2638.6670892,2717.39152,2719.90910332,0.0,51960.680292400415
2007-03-19,2767.66326312,2647.45865,2677.42988,2747.1629418,0.0,15959.329997467572
2007-03-20,2689.418372,2517.58332,2577.52578,2597.5066,0.0,32181.43699808116
2007-03-21,2657.44906,2477.62168,2547.55455,2637.46824,0.0,17564.59444607379
2007-03-22,2667.43947,2437.66004,2577.52578,2617.48742,0.0,34059.71326502116
2007-03-23,2617.48742,2517.58332,2577.52578,2524.7764152,0.0,18198.977819729123
2007-03-26,2557.54496,2398.8972492,2497.6025,2495.604418,0.0,37707.58657552593
2007-03-27,2563.9388224,2397.6984,2517.58332,2397.6984,0.0,4316.489513443392
2007-03-28,2637.46824,2477.62168,2597.5066,2507.59291,0.0,82721.60501921343
2007-03-29,2637.46824,2447.65045,2537.56414,2557.54496,0.0,345851.9970651855
2007-03-30,2576.1271226000003,2277.81348,2337.75594,2576.1271226000003,0.0,30111.627050341274
2007-04-02,2396.2997426,2202.2859804,2267.82307,2317.77512,0.0,21731.49049938892
2007-04-03,2317.77512,2127.95733,2167.91897,2207.88061,0.0,22952.786722466848
2007-04-04,2197.0909672,1964.5142224,2008.07241,2197.0909672,0.0,93904.9798757008
2007-04-05,2217.87102,1978.10118,2127.95733,1998.40169312,0.0,48864.886426082616
2007-04-06,2127.95733,2127.95733,2127.95733,2127.95733,0.0,0.0
2007-04-09,2127.95733,2127.95733,2127.95733,2127.95733,0.0,0.0
2007-04-10,2197.8902,2038.04364,2117.96692,2177.90938,0.0,32815.820371736496
2007-04-11,2197.8902,2048.8332828,2097.9861,2153.932396,0.0,17585.114124445343
2007-04-12,2117.96692,1968.11077,2078.00528,2117.96692,0.0,22766.93348921616
2007-04-13,2117.96692,1918.15872,1988.09159,1998.082,0.0,58299.38410936088
2007-04-16,2177.90938,1998.082,2078.00528,1998.082,0.0,32445.84056109809
2007-04-17,2137.94774,2003.6766296,2058.02446,2117.96692,0.0,18872.37360628843
2007-04-18,2157.92856,1998.082,2107.97651,2028.05323,0.0,35508.75289402537
2007-04-19,2153.932396,1892.183654,1948.12995,2153.932396,0.0,57667.02767954469
2007-04-20,2028.05323,1738.33134,1918.15872,1848.22585,0.0,52630.923055209954
2007-04-23,1958.12036,1798.2738,1918.15872,1842.231604,0.0,22188.078367154103
2007-04-24,1998.082,1798.2738,1958.12036,1998.082,0.0,19846.55784897717
2007-04-25,1998.082,1838.23544,1908.16831,1908.16831,0.0,14967.704028163009
2007-04-26,1958.12036,1798.2738,1848.22585,1958.12036,0.0,12418.384230477028
2007-04-27,1898.1779,1799.4726492,1828.24503,1799.4726492,0.0,10389.863879460405
2007-04-30,1898.1779,1788.28339,1848.22585,1875.199957,0.0,20156.02963241749
2007-05-01,1838.23544,1715.5532052,1788.28339,1771.0998848,0.0,41222.73260056395
2007-05-02,1838.23544,1718.35052,1818.25462,1838.23544,0.0,31325.36602601896
2007-05-03,1898.1779,1818.25462,1838.23544,1838.23544,0.0,15844.745110561027
2007-05-04,1992.087754,1821.0519348,1908.16831,1858.21626,0.0,29492.78357945269
2007-05-06,1908.16831,1908.16831,1908.16831,1908.16831,0.0,0.0
2007-05-07,1908.16831,1908.16831,1908.16831,1908.16831,0.0,0.0
2007-05-08,1983.096385,1798.2738,1858.21626,1848.22585,0.0,17808.378234727104
2007-05-09,1918.15872,1758.31216,1778.29298,1906.170228,0.0,25597.72321656469
2007-05-10,1838.23544,1728.3409299999998,1748.32175,1738.33134,0.0,14846.4377337867
2007-05-11,1838.23544,1688.37929,1748.32175,1756.314078,0.0,19315.67373110813
2007-05-14,1868.20667,1678.38888,1778.29298,1838.23544,0.0,20002.582476595057
2007-05-15,1834.239276,1688.37929,1738.33134,1834.239276,0.0,27432.13241498597
2007-05-16,1758.31216,1598.4655999999998,1718.35052,1688.37929,0.0,27692.081706356395
2007-05-17,1733.9355595999998,1673.9930995999998,1728.3409299999998,1683.7837014,0.0,12706.660687599408
2007-05-18,1750.319832,1717.9509036,1728.3409299999998,1750.319832,0.0,40216.61773640922
2007-05-21,1878.19708,1678.38888,1818.25462,1732.337094,0.0,21117.10130014684
2007-05-22,2008.07241,1717.1516708,1788.28339,1854.0202878,0.0,46692.0526785187
2007-05-23,1837.236399,1742.327504,1778.29298,1808.6638264,0.0,3909.924617708383
2007-05-24,2127.95733,1918.15872,1948.12995,2127.95733,0.0,145557.63977654572
2007-05-25,2123.961166,1958.12036,1988.09159,1998.082,0.0,74776.56072173214
2007-05-28,1988.09159,1988.09159,1988.09159,1988.09159,0.0,0.0
2007-05-29,2100.50368332,1825.0480988,1868.20667,2100.50368332,0.0,23372.16390518508
2007-05-30,1949.128991,1808.26421,1838.23544,1808.26421,0.0,133297.23204553168
2007-05-31,1868.20667,1746.323668,1818.25462,1788.28339,0.0,10749.283562936856
2007-06-01,1878.19708,1758.31216,1778.29298,1782.289144,0.0,8023.294339271361
2007-06-04,1778.29298,1598.4655999999998,1718.35052,1758.31216,0.0,116620.63919298608
2007-06-05,1722.7463003999997,1598.4655999999998,1648.41765,1698.3696999999995,0.0,25085.632121204235
2007-06-06,1777.4937472,1603.6606132,1728.3409299999998,1653.0132386,0.0,21204.760365190217
2007-06-07,1790.2814719999997,1690.377372,1738.33134,1690.377372,0.0,29928.77669685228
2007-06-08,1791.0807047999997,1654.411896,1748.32175,1654.411896,0.0,4518.533273409199
2007-06-11,1762.308324,1692.7750704,1748.32175,1692.7750704,0.0,10374.849480651948
2007-06-12,1758.31216,1704.7635623999995,1738.33134,1718.35052,0.0,13462.485523617148
2007-06-13,1774.2968159999998,1717.9509036,1738.33134,1728.3409299999998,0.0,3666.8164770014446
2007-06-14,1778.29298,1702.365864,1728.3409299999998,1702.365864,0.0,11147.24020335502
2007-06-15,1758.31216,1678.38888,1738.33134,1690.377372,0.0,8583.656726801002
2007-06-18,1824.248866,1678.38888,1768.3025699999998,1718.35052,0.0,3607.2843857259113
2007-06-19,1788.28339,1718.35052,1768.3025699999998,1725.5436151999995,0.0,16226.210936287902
2007-06-20,1908.16831,1718.35052,1798.2738,1718.35052,0.0,28853.4955021866
2007-06-21,1798.2738,1768.3025699999998,1798.2738,1798.2738,0.0,10535.003067942158
2007-06-22,1888.18749,1732.337094,1858.21626,1818.25462,0.0,44488.464437395465
2007-06-25,1918.15872,1798.2738,1888.18749,1898.1779,0.0,17000.803770816212
2007-06-26,1950.128032,1842.231604,1918.15872,1896.179818,0.0,19318.85177885592
2007-06-27,1958.12036,1838.23544,1888.18749,1948.12995,0.0,17651.12743120653
2007-06-28,1943.7341696,1800.2718819999998,1848.22585,1850.223932,0.0,5396.199955757572
2007-06-29,1878.19708,1798.2738,1838.23544,1878.19708,0.0,13306.56099199132
2007-07-02,1878.5966964,1798.2738,1848.22585,1806.266128,0.0,7194.724741026645
2007-07-03,1838.23544,1738.33134,1768.3025699999998,1798.2738,0.0,7851.6797608906945
2007-07-04,1828.24503,1718.35052,1758.31216,1826.246948,0.0,2330.1345990805185
2007-07-05,1798.2738,1687.5800571999998,1728.3409299999998,1718.35052,0.0,17064.13950978989
2007-07-06,1843.0308368,1758.31216,1768.3025699999998,1788.28339,0.0,19626.671978427312
2007-07-09,1848.22585,1730.3390119999997,1828.24503,1730.3390119999997,0.0,17583.86292454464
2007-07-10,1838.23544,1798.2738,1828.24503,1801.0711147999998,0.0,18429.799177411136
2007-07-11,1838.23544,1766.3044880000002,1828.24503,1838.23544,0.0,17192.537643600215
2007-07-12,1838.23544,1718.35052,1778.29298,1788.28339,0.0,6098.948891987416
2007-07-13,1858.21626,1778.29298,1828.24503,1824.248866,0.0,8302.987565074907
2007-07-16,1878.19708,1778.29298,1838.23544,1778.29298,0.0,12420.761510288368
2007-07-17,1878.19708,1758.31216,1858.21626,1838.23544,0.0,5955.661479358705
2007-07-18,1892.9828868,1778.29298,1838.23544,1789.0826228,0.0,9153.453161581958
2007-07-19,1918.15872,1638.42724,1808.26421,1808.26421,0.0,47899.36048670676
2007-07-20,1759.1113928000002,1618.44642,1658.4080599999998,1740.3294219999998,0.0,62241.88997248361
2007-07-23,1658.4080599999998,1598.4655999999998,1628.43683,1638.42724,0.0,83807.92179700334
2007-07-24,1652.413814,1598.4655999999998,1618.44642,1608.45601,0.0,18470.663366168155
2007-07-25,1633.6318432000005,1518.54232,1508.55191,1598.4655999999998,0.0,39395.23002559455
2007-07-26,1591.4723130000002,1478.58068,1528.53273,1478.58068,0.0,15858.55835746481
2007-07-27,1578.48478,1488.57109,1548.51355,1518.54232,0.0,17692.69229190794
2007-07-30,1558.50396,1498.5614999999998,1538.52314,1520.5404019999996,0.0,4079.337084263809
2007-07-31,1552.509714,1488.57109,1518.54232,1498.5614999999998,0.0,7725.033306941356
2007-08-01,1538.52314,1448.60945,1488.57109,1488.57109,0.0,16035.252807442335
2007-08-02,1638.42724,1456.6017780000002,1538.52314,1516.5442380000002,0.0,17822.46674560904
2007-08-03,1598.8652163999998,1525.7354151999998,1548.51355,1598.4655999999998,0.0,11695.39087985378
2007-08-06,1478.58068,1418.63822,1448.60945,1478.58068,0.0,16549.520990630015
2007-08-07,1518.54232,1408.64781,1458.5998599999998,1478.58068,0.0,19022.79285835116
2007-08-08,1558.50396,1448.60945,1528.53273,1448.60945,0.0,9248.744546019634
2007-08-09,1598.4655999999998,1478.58068,1548.51355,1568.49437,0.0,16203.23890611096
2007-08-10,1558.50396,1442.615204,1518.54232,1478.58068,0.0,11237.376644201791
2007-08-13,1558.50396,1398.6573999999998,1408.64781,1558.50396,0.0,24291.645688215
2007-08-14,1478.58068,1398.6573999999998,1438.6190399999998,1398.6573999999998,0.0,7181.487046077188
2007-08-15,1472.586434,1358.69576,1408.64781,1408.64781,0.0,6234.178577255589
2007-08-16,1358.69576,1240.808922,1278.77248,1358.69576,0.0,22687.28210353729
2007-08-17,1238.81084,979.06018,1048.99305,1238.81084,0.0,89917.90627211497
2007-08-20,1188.8587899999998,1078.96428,1178.86838,1078.96428,0.0,37217.81688639405
2007-08-21,1228.82043,1098.9451,1218.83002,1198.8492,0.0,15407.450745264709
2007-08-22,1408.64781,1238.81084,1358.69576,1238.81084,0.0,25559.886931567373
2007-08-23,1468.59027,1298.7533,1288.76289,1398.6573999999998,0.0,17878.995957122883
2007-08-24,1338.7149399999998,1248.80125,1298.7533,1288.76289,0.0,4223.1500008508165
2007-08-27,1298.7533,1298.7533,1298.7533,1298.7533,0.0,0.0
2007-08-28,1272.778234,1158.88756,1238.81084,1268.78207,0.0,9071.64971207388
2007-08-29,1277.9732471999998,1139.7059728,1248.80125,1230.818512,0.0,8643.338962064621
2007-08-30,1274.776316,1180.0672292,1208.83961,1274.776316,0.0,6596.726260483805
2007-08-31,1298.7533,1178.86838,1268.78207,1178.86838,0.0,13084.548081610264
2007-09-03,1268.78207,1118.92592,1148.89715,1180.866462,0.0,19874.109270790686
2007-09-04,1268.78207,1168.87797,1228.82043,1168.87797,0.0,13978.505386665813
2007-09-05,1268.78207,1198.8492,1228.82043,1214.833856,0.0,4533.672792207728
2007-09-06,1238.81084,1118.92592,1138.90674,1236.812758,0.0,29566.053845637965
2007-09-07,1166.0806552,1118.1266872,1138.90674,1140.904822,0.0,5997.0261480760055
2007-09-10,1124.920166,1009.03141,1068.97387,1118.92592,0.0,65059.6421968668
2007-09-11,1098.9451,979.06018,999.041,1039.00264,0.0,14367.82874776911
2007-09-12,1039.00264,919.11772,959.07936,985.054426,0.0,23307.9523262809
2007-09-13,1019.02182,879.15608,989.05059,919.11772,0.0,65258.18259711063
2007-09-14,999.041,899.1369,909.12731,999.041,0.0,34523.75828419455
2007-09-17,904.5317214,835.9975088,849.1848499999999,904.5317214,0.0,33049.69465717623
2007-09-18,879.15608,800.8312655999999,859.17526,855.179096,0.0,32620.28285125436
2007-09-19,899.1369,839.19444,879.15608,861.173342,0.0,15576.212587871769
2007-09-20,899.1369,859.17526,869.16567,899.1369,0.0,3861.4030855590513
2007-09-21,862.7718075999999,829.2040299999999,839.19444,839.19444,0.0,7041.57787318038
2007-09-24,869.16567,819.21362,839.19444,865.1695059999998,0.0,3439.473455043387
2007-09-25,859.17526,779.25198,809.22321,852.3817811999999,0.0,19333.96627365644
2007-09-26,848.3856172000001,779.25198,849.1848499999999,799.4326081999999,0.0,21578.243535550595
2007-09-27,1068.97387,822.8101676,989.05059,859.17526,0.0,91254.6131740339
2007-09-28,1178.86838,959.07936,1108.93551,959.07936,0.0,83135.65209035465
2007-10-01,1298.7533,1138.90674,1188.8587899999998,1138.90674,0.0,89297.76155332965
2007-10-02,1202.0461312,1029.01223,1068.97387,1123.7213167999998,0.0,21904.3813016683
2007-10-03,1029.8114627999998,949.08895,999.041,1029.8114627999998,0.0,34564.272136979365
2007-10-04,1041.7999548,959.07936,969.06977,1016.2245052,0.0,14963.875356466851
2007-10-05,1058.98346,973.065934,1019.02182,999.041,0.0,12341.53553257574
2007-10-08,1046.994968,959.07936,999.041,999.041,0.0,13862.51915587048
2007-10-09,1039.00264,929.1081299999998,949.08895,1009.03141,0.0,29858.884670398915
2007-10-10,939.4981564,859.17526,879.15608,939.4981564,0.0,63477.85025839781
2007-10-11,919.11772,859.17526,889.14649,909.12731,0.0,15819.27068058268
2007-10-12,939.09854,849.1848499999999,869.16567,939.09854,0.0,13857.314164283547
2007-10-15,891.144572,829.2040299999999,859.17526,829.2040299999999,0.0,20258.953336249466
2007-10-16,899.1369,839.19444,859.17526,879.15608,0.0,20253.07269671616
2007-10-17,879.15608,829.2040299999999,859.17526,879.15608,0.0,4529.794072515543
2007-10-18,909.12731,823.209784,859.17526,823.4095922,0.0,7577.49181465025
2007-10-19,889.14649,839.19444,869.16567,849.1848499999999,0.0,3134.831303219788
2007-10-22,879.15608,800.4316491999999,839.19444,839.19444,0.0,16562.233181621174
2007-10-23,879.15608,819.21362,849.1848499999999,839.19444,0.0,7230.584130180844
2007-10-24,866.3683551999999,799.2327999999999,829.2040299999999,835.9975088,0.0,8074.168127234018
2007-10-25,859.17526,720.1087527999999,779.25198,856.3779452,0.0,44986.64218986008
2007-10-26,859.17526,745.284586,799.2327999999999,799.2327999999999,0.0,36228.24288492664
2007-10-29,886.7487916,786.4450751999999,819.21362,827.205948,0.0,66331.78718390937
2007-10-30,859.17526,619.40542,689.33829,789.24239,0.0,363805.8147763705
2007-10-31,719.3095199999999,639.3862399999999,669.3574699999999,699.3286999999999,0.0,25763.932611374308
2007-11-01,699.3286999999999,599.4245999999999,629.3958299999999,678.7484554,0.0,36204.94554277552
2007-11-02,679.34788,599.4245999999999,619.40542,639.3862399999999,0.0,47390.87284706034
2007-11-05,637.9875826,539.48214,579.4437800000001,605.4188459999999,0.0,20649.60296924751
2007-11-06,659.36706,563.459124,649.3766499999999,599.4245999999999,0.0,25455.11145188236
2007-11-07,659.36706,619.40542,649.3766499999999,642.90286432,0.0,20562.01897619817
2007-11-08,655.7705124,579.4437800000001,639.3862399999999,649.3766499999999,0.0,43354.702159370834
2007-11-09,639.3862399999999,601.422682,649.3766499999999,627.31782472,0.0,20742.391953883773
2007-11-12,679.34788,621.403502,659.36706,671.355552,0.0,9971.162344688555
2007-11-13,659.36706,589.43419,609.4150099999999,647.3785679999999,0.0,20717.99355582003
2007-11-14,639.3862399999999,589.43419,609.4150099999999,619.40542,0.0,5765.353974461509
2007-11-15,599.4245999999999,549.47255,569.45337,589.43419,0.0,28286.076347216986
2007-11-16,599.4245999999999,539.48214,579.4437800000001,549.47255,0.0,10380.55495219916
2007-11-19,585.438026,539.48214,549.47255,562.4600829999999,0.0,3651.802078192987
2007-11-20,529.8913464,489.53009,509.51091,529.49173,0.0,12979.021881984823
2007-11-21,539.48214,499.5205,529.49173,499.7203082,0.0,8911.045692819414
2007-11-22,549.47255,509.51091,539.48214,509.51091,0.0,3434.54372743461
2007-11-23,559.46296,501.518582,539.48214,519.50132,0.0,18294.89480411715
2007-11-26,559.46296,497.1228016,509.51091,523.497484,0.0,21072.108151717497
2007-11-27,559.46296,459.55886,499.5205,511.1093756,0.0,64467.07392389302
2007-11-28,559.46296,479.53968,539.48214,479.53968,0.0,58509.83593265943
2007-11-29,579.4437800000001,519.50132,559.46296,539.48214,0.0,6764.36202318023
2007-11-30,565.4572059999999,479.53968,489.53009,543.478304,0.0,38171.10609074102
2007-12-03,509.51091,479.53968,519.50132,499.5205,0.0,8430.685026940837
2007-12-04,509.51091,479.53968,509.51091,479.53968,0.0,17580.709900794864
2007-12-05,519.50132,479.53968,509.51091,507.1132116,0.0,4220.797745037491
2007-12-06,559.46296,465.553106,489.53009,522.6982512,0.0,36694.089631957046
2007-12-07,519.50132,465.9527224,539.48214,479.53968,0.0,15929.826703808954
2007-12-10,509.51091,499.5205,499.5205,509.51091,0.0,17760.757566506283
2007-12-11,499.5205,479.53968,479.53968,479.53968,0.0,15948.819918301651
2007-12-12,508.71167720000005,459.55886,479.53968,469.54927,0.0,18277.40302950529
2007-12-13,499.5205,439.57804,479.53968,499.5205,0.0,19574.69713455204
2007-12-14,599.4245999999999,489.53009,579.4437800000001,489.53009,0.0,25754.17325214881
2007-12-17,599.4245999999999,529.49173,539.48214,599.4245999999999,0.0,18835.63837720374
2007-12-18,573.449534,529.49173,539.48214,559.46296,0.0,4190.743923422562
2007-12-19,553.468714,469.54927,479.53968,553.468714,0.0,23006.713438187224
2007-12-20,499.5205,459.55886,469.54927,499.5205,0.0,21061.44792856349
2007-12-21,539.48214,439.57804,549.47255,469.54927,0.0,81448.38400025625
2007-12-24,599.4245999999999,549.47255,589.43419,549.47255,0.0,46236.19050669592
2007-12-25,589.43419,589.43419,589.43419,589.43419,0.0,0.0
2007-12-26,589.43419,589.43419,589.43419,589.43419,0.0,0.0
2007-12-27,709.31911,569.45337,699.3286999999999,576.6464652,0.0,68881.03190960131
2007-12-28,708.5198772,639.3862399999999,679.34788,679.34788,0.0,34210.482853056084
2007-12-31,719.3095199999999,669.3574699999999,689.33829,688.5390572,0.0,35689.200943705015
2008-01-01,689.33829,689.33829,689.33829,689.33829,0.0,0.0
2008-01-02,759.27116,699.3286999999999,739.29034,699.3286999999999,0.0,30125.91575320733
2008-01-03,767.2634879999999,729.2999299999999,749.2807499999999,757.2730779999999,0.0,20148.72262499737
2008-01-04,759.27116,689.33829,709.31911,759.27116,0.0,34775.14936824415
2008-01-07,899.1369,695.3325359999999,879.15608,716.1125888000001,0.0,135911.9645740265
2008-01-08,1238.81084,869.16567,1138.90674,869.16567,0.0,387352.496043706
2008-01-09,1358.69576,1058.98346,1278.77248,1098.9451,0.0,213645.8113330684
2008-01-10,1418.63822,1098.9451,1138.90674,1318.73412,0.0,174214.77196631572
2008-01-11,1118.92592,949.08895,1019.02182,1118.92592,0.0,137017.6249022813
2008-01-14,1044.996886,979.06018,1009.03141,1019.02182,0.0,65607.61770537947
2008-01-15,1019.02182,889.14649,909.12731,981.058262,0.0,82946.64583335418
2008-01-16,1039.00264,829.2040299999999,989.05059,859.17526,0.0,76377.29582669781
2008-01-17,1035.006476,939.09854,949.08895,979.06018,0.0,34215.16234068472
2008-01-18,979.06018,899.1369,969.06977,919.11772,0.0,20636.440346292096
2008-01-21,941.096622,849.1848499999999,909.12731,941.096622,0.0,27555.32555720937
2008-01-22,879.15608,799.2327999999999,859.17526,871.5633684,0.0,23521.982581295462
2008-01-23,874.160875,779.25198,799.2327999999999,874.160875,0.0,20240.635769703145
2008-01-24,999.041,803.6285803999999,859.17526,834.1992349999999,0.0,73449.2378190685
2008-01-25,989.05059,849.1848499999999,889.14649,883.5518603999999,0.0,46658.64564116988
2008-01-28,869.16567,799.2327999999999,839.19444,869.16567,0.0,557954.5534167266
2008-01-29,875.159916,779.25198,829.2040299999999,799.2327999999999,0.0,43320.91976205181
2008-01-30,839.19444,759.27116,799.2327999999999,837.1963579999999,0.0,27123.386327488064
2008-01-31,859.17526,761.2692420000001,849.1848499999999,779.25198,0.0,14443.801605739904
2008-02-01,875.5595324,796.4354851999999,839.19444,833.200194,0.0,16803.889930443296
2008-02-04,879.15608,789.6420064,889.14649,869.16567,0.0,18962.234783157048
2008-02-05,1039.00264,863.9706567999999,999.041,863.9706567999999,0.0,113807.54143223351
2008-02-06,1078.96428,921.115802,1019.02182,999.041,0.0,57846.02433733951
2008-02-07,1039.00264,899.1369,929.1081299999998,1003.4367804,0.0,24260.61593067752
2008-02-08,1039.00264,959.07936,1009.03141,959.07936,0.0,56941.05647315776
2008-02-11,1106.937428,1019.02182,1048.99305,1027.014148,0.0,56700.50078024826
2008-02-12,1074.9681159999998,1000.6394656,1039.00264,1058.98346,0.0,8352.359913156717
2008-02-13,1073.5694586,999.041,1048.99305,1039.00264,0.0,10976.826776879028
2008-02-14,1052.989214,932.3050611999998,999.041,1048.99305,0.0,29301.700330617063
2008-02-15,1000.2398492,919.11772,979.06018,969.06977,0.0,16185.82220349315
2008-02-18,961.8766748,901.134982,929.1081299999998,961.077442,0.0,13962.064619970552
2008-02-19,905.131146,831.2021119999999,869.16567,905.131146,0.0,21541.98376242817
2008-02-20,923.9131168,859.17526,909.12731,893.5422704,0.0,16125.614464271235
2008-02-21,973.065934,889.14649,929.1081299999998,891.5441883999999,0.0,9015.79614850642
2008-02-22,957.081278,849.1848499999999,889.14649,903.133064,0.0,26530.017286577822
2008-02-25,923.9131168,865.9687388,899.1369,918.5182954,0.0,1906.7285526820224
2008-02-26,909.12731,839.19444,869.16567,881.154162,0.0,18701.15941187599
2008-02-27,979.06018,879.15608,899.1369,909.12731,0.0,43437.606664791536
2008-02-28,963.8747568,839.19444,889.14649,955.083196,0.0,15409.677881087966
2008-02-29,909.12731,839.19444,879.15608,859.17526,0.0,13606.3735121982
2008-03-03,899.1369,839.19444,899.1369,869.16567,0.0,21901.17822992249
2008-03-04,901.134982,849.1848499999999,879.15608,879.15608,0.0,8865.451968437732
2008-03-05,919.11772,839.19444,909.12731,851.5825484,0.0,22979.362208357816
2008-03-06,919.11772,839.19444,839.19444,872.3626011999999,0.0,18812.566251034743
2008-03-07,869.16567,821.211702,859.17526,855.179096,0.0,14992.677978181076
2008-03-10,870.3645192,799.2327999999999,829.2040299999999,870.3645192,0.0,15128.783503379742
2008-03-11,859.17526,799.2327999999999,839.19444,853.181014,0.0,5082.248876672729
2008-03-12,857.5767944,799.2327999999999,819.21362,851.9821648,0.0,11489.96888015607
2008-03-13,869.16567,809.22321,869.16567,809.22321,0.0,17600.328715237913
2008-03-14,879.5556964000001,839.19444,849.1848499999999,879.15608,0.0,17551.18158313823
2008-03-17,839.19444,760.0703928,779.25198,839.19444,0.0,15622.732200179971
2008-03-18,829.2040299999999,780.8504456000001,809.22321,811.2212920000001,0.0,15815.467032884537
2008-03-19,809.22321,739.29034,799.2327999999999,799.2327999999999,0.0,109506.817037539
2008-03-20,799.2327999999999,739.29034,789.24239,795.2366359999999,0.0,10355.180618212868
2008-03-21,789.24239,789.24239,789.24239,789.24239,0.0,0.0
2008-03-24,789.24239,789.24239,789.24239,789.24239,0.0,0.0
2008-03-25,819.21362,774.4565832,809.22321,809.22321,0.0,15932.579343590503
2008-03-26,813.219374,764.4661731999998,779.25198,789.24239,0.0,5806.818739170865
2008-03-27,817.2155379999999,769.26157,789.24239,779.25198,0.0,9866.08657702737
2008-03-28,811.2212920000001,759.27116,779.25198,811.2212920000001,0.0,8032.252930560408
2008-03-31,1158.88756,799.2327999999999,1148.89715,829.2040299999999,0.0,335679.7418724557
2008-04-01,1318.73412,1009.03141,1019.02182,1178.86838,0.0,279925.5486011085
2008-04-02,1138.90674,946.6912516,969.06977,1088.95469,0.0,97935.74537981926
2008-04-03,1039.00264,919.11772,989.05059,959.07936,0.0,48921.51573358852
2008-04-04,1039.00264,952.6854976,989.05059,1013.027574,0.0,16694.735251105812
2008-04-07,1017.8229708,949.08895,959.07936,979.06018,0.0,18539.12902473472
2008-04-08,939.09854,889.14649,899.1369,939.09854,0.0,25929.1910942594
2008-04-09,919.11772,843.5902204,909.12731,918.7181035999998,0.0,17428.73916085526
2008-04-10,919.11772,829.2040299999999,849.1848499999999,919.11772,0.0,125311.99920723974
2008-04-11,879.15608,805.227046,849.1848499999999,843.190604,0.0,70766.01460800908
2008-04-14,859.17526,785.2462259999999,859.17526,839.19444,0.0,55268.32732590554
2008-04-15,859.17526,799.2327999999999,809.22321,833.5998103999999,0.0,33993.19947829969
2008-04-16,843.5902204,752.8772975999999,799.2327999999999,819.21362,0.0,89780.17418704538
2008-04-17,899.1369,781.2500620000001,849.1848499999999,801.230882,0.0,107358.3316400428
2008-04-18,871.1637519999999,789.24239,799.2327999999999,871.1637519999999,0.0,21494.83855016961
2008-04-21,857.5767944,789.24239,829.2040299999999,812.4201412,0.0,34017.92318833762
2008-04-22,853.181014,799.2327999999999,809.22321,809.22321,0.0,11481.761008807449
2008-04-23,829.2040299999999,729.2999299999999,759.27116,799.2327999999999,0.0,56010.21379502943
2008-04-24,829.2040299999999,739.29034,749.2807499999999,775.255816,0.0,64261.72699618935
2008-04-25,789.24239,659.36706,759.27116,709.31911,0.0,117706.68070679782
2008-04-28,797.2347179999999,719.3095199999999,739.29034,745.284586,0.0,15547.61015814166
2008-04-29,739.29034,709.31911,729.2999299999999,739.29034,0.0,22108.301861485168
2008-04-30,729.0601601599999,679.34788,699.3286999999999,719.3095199999999,0.0,35874.90403296762
2008-05-01,749.2807499999999,689.33829,729.2999299999999,715.3133559999999,0.0,14401.561097092112
2008-05-02,763.2673239999999,719.3095199999999,739.29034,719.3095199999999,0.0,11160.152586330292
2008-05-05,739.29034,739.29034,739.29034,739.29034,0.0,0.0
2008-05-06,807.2251279999999,725.303766,769.26157,725.303766,0.0,24133.8193327401
2008-05-07,779.25198,739.29034,759.27116,753.276914,0.0,15356.426813313969
2008-05-08,819.21362,749.2807499999999,799.2327999999999,783.2481440000001,0.0,42876.49355732148
2008-05-09,845.188686,763.2673239999999,819.21362,769.26157,0.0,34612.96883711479
2008-05-12,809.22321,779.25198,809.22321,789.24239,0.0,17548.328847364624
2008-05-13,825.207866,759.27116,769.26157,801.6304983999999,0.0,32770.376791342904
2008-05-14,779.25198,749.2807499999999,769.26157,749.2807499999999,0.0,18991.13750086333
2008-05-15,799.2327999999999,739.29034,799.2327999999999,786.4450751999999,0.0,33811.65037270743
2008-05-16,795.2366359999999,739.29034,769.26157,779.25198,0.0,3115.162440780709
2008-05-19,795.2366359999999,719.3095199999999,739.29034,747.6822844000001,0.0,12549.810268047058
2008-05-20,770.4604192,719.3095199999999,729.2999299999999,770.4604192,0.0,9349.941593988637
2008-05-21,753.276914,708.1202608,719.3095199999999,753.276914,0.0,17900.216307438834
2008-05-22,738.8907235999999,699.3286999999999,709.31911,712.316233,0.0,7729.362458597796
2008-05-23,771.259652,689.33829,729.2999299999999,689.33829,0.0,19774.438686700545
2008-05-26,729.2999299999999,729.2999299999999,729.2999299999999,729.2999299999999,0.0,0.0
2008-05-27,728.9003135999999,699.3286999999999,709.31911,719.3095199999999,0.0,11413.070134258754
2008-05-28,719.3095199999999,689.7379064,709.31911,699.3286999999999,0.0,19056.124823705934
2008-05-29,729.2999299999999,689.33829,719.3095199999999,706.9214116,0.0,11249.613379230685
2008-05-30,749.2807499999999,709.31911,739.29034,738.4911072,0.0,11344.003899739851
2008-06-02,759.27116,725.303766,759.27116,752.8772975999999,0.0,13845.502837220896
2008-06-03,759.27116,699.3286999999999,729.2999299999999,759.27116,0.0,9734.560443465283
2008-06-04,739.29034,699.3286999999999,739.29034,709.7187264,0.0,24860.16589909724
2008-06-05,733.296094,709.31911,719.3095199999999,709.31911,0.0,5676.543805509484
2008-06-06,740.8888056,709.31911,729.2999299999999,709.31911,0.0,6007.936611210151
2008-06-09,739.29034,689.33829,699.3286999999999,719.3095199999999,0.0,26383.25153822516
2008-06-10,712.9156576,669.3574699999999,679.34788,694.5333031999999,0.0,14547.476029512303
2008-06-11,704.9233296,669.3574699999999,679.34788,671.355552,0.0,4684.067020272441
2008-06-12,691.1365638000001,643.3824040000001,689.33829,672.27466972,0.0,40776.77993195475
2008-06-13,719.3095199999999,659.36706,729.2999299999999,691.1365638000001,0.0,18777.23236583884
2008-06-16,719.3095199999999,679.34788,709.31911,709.31911,0.0,16011.42996133292
2008-06-17,699.5285081999999,655.3708959999999,689.33829,699.5285081999999,0.0,22717.63621312839
2008-06-18,719.3095199999999,684.5428931999999,699.3286999999999,689.33829,0.0,23836.60930832669
2008-06-19,719.3095199999999,669.3574699999999,679.34788,679.34788,0.0,26134.56304596108
2008-06-20,719.3095199999999,659.36706,709.31911,680.9463455999999,0.0,6723.798122399382
2008-06-23,719.3095199999999,659.36706,689.33829,709.31911,0.0,5037.15563225133
2008-06-24,689.33829,619.40542,669.3574699999999,663.363224,0.0,19588.08497348958
2008-06-25,659.36706,619.40542,649.3766499999999,639.3862399999999,0.0,24720.48194218256
2008-06-26,659.36706,619.40542,629.3958299999999,639.3862399999999,0.0,16363.092205425002
2008-06-27,642.9827876,579.4437800000001,599.4245999999999,642.9827876,0.0,11816.18171826782
2008-06-30,615.0096396,573.449534,589.43419,598.0259426,0.0,10525.518972694814
2008-07-01,564.2583567999999,439.57804,499.5205,563.8587404,0.0,69033.65327348928
2008-07-02,519.50132,499.5205,509.51091,519.50132,0.0,20270.439351337933
2008-07-03,519.50132,439.57804,479.53968,499.5205,0.0,19380.285693980528
2008-07-04,479.53968,439.9776564,469.54927,459.55886,0.0,17509.116242476535
2008-07-07,481.81749348,449.56845,469.54927,469.54927,0.0,18758.689583310395
2008-07-08,499.1208836,448.7692172,459.55886,499.1208836,0.0,16508.957089849166
2008-07-09,469.54927,389.62599,409.60681,449.56845,0.0,21219.524524018536
2008-07-10,399.6164,350.4635828,399.6164,379.63558,0.0,50503.13250407141
2008-07-11,479.53968,409.60681,449.56845,409.60681,0.0,59635.74067530762
2008-07-14,469.54927,409.60681,419.59722,469.54927,0.0,11797.638935739376
2008-07-15,439.57804,392.4233048,395.620236,439.57804,0.0,14154.499164698947
2008-07-16,409.60681,389.62599,395.2206196,399.6164,0.0,29723.805129118828
2008-07-17,421.595302,369.64517,409.60681,399.6164,0.0,16931.387200325113
2008-07-18,441.9757384,399.6164,419.59722,419.59722,0.0,12250.773491778617
2008-07-21,459.55886,384.4309768,409.60681,459.55886,0.0,30633.50252892524
2008-07-22,429.58763,389.62599,399.2167836,399.6164,0.0,55491.34119620717
2008-07-23,430.6665942799999,393.622154,397.61831799999993,393.622154,0.0,36162.05441017936
2008-07-24,424.3926167999999,369.64517,379.63558,424.3926167999999,0.0,20007.78746818199
2008-07-25,409.60681,369.64517,389.2263736,409.60681,0.0,14874.689827544616
2008-07-28,392.8229212,369.64517,388.4271408,387.627908,0.0,9415.70466076968
2008-07-29,399.8162082,369.64517,369.2455536,371.643252,0.0,7169.325383042337
2008-07-30,383.2321276,360.4539928,370.4444028,361.652842,0.0,6127.951705685753
2008-07-31,399.6164,370.0447864,384.0313603999999,385.629826,0.0,17412.92399411035
2008-08-01,409.60681,359.65475999999995,389.2263736,369.64517,0.0,14758.3782847751
2008-08-04,387.627908,367.647088,386.8286752,367.647088,0.0,1272.6454670028556
2008-08-05,389.62599,359.65475999999995,374.84018320000007,369.64517,0.0,9668.021632745804
2008-08-06,389.4261818,359.65475999999995,371.643252,359.65475999999995,0.0,7543.684393333207
2008-08-07,399.6164,359.65475999999995,383.631744,379.2359636,0.0,10481.651904176106
2008-08-08,388.4271408,353.2608976,374.04095039999993,385.629826,0.0,24692.35496841471
2008-08-11,399.6164,359.65475999999995,378.8363472,363.6509239999999,0.0,6182.954453320735
2008-08-12,399.6164,363.6509239999999,377.637498,394.4213868,0.0,2247.180045663792
2008-08-13,393.8219622,362.8516912,380.83442919999993,385.629826,0.0,43823.47671416889
2008-08-14,399.33666852,379.63558,387.627908,399.33666852,0.0,14513.743680189302
2008-08-15,459.55886,379.63558,459.55886,379.63558,0.0,39101.79862488127
2008-08-18,509.51091,439.57804,459.55886,469.54927,0.0,123806.83075068991
2008-08-19,463.1554076,419.59722,429.58763,439.57804,0.0,14082.430050418352
2008-08-20,439.57804,388.8267572,394.8210032,439.57804,0.0,9130.280939420903
2008-08-21,426.7903152,389.62599,396.8190852,399.6164,0.0,22577.35168026137
2008-08-22,399.6164,369.64517,379.63558,399.6164,0.0,14439.07207011524
2008-08-25,379.63558,379.63558,379.63558,379.63558,0.0,0.0
2008-08-26,384.79063156,363.6509239999999,370.8440192,364.05054039999993,0.0,9887.23185534928
2008-08-27,390.4252228,357.65667799999994,354.8593632,382.4328948,0.0,16985.464060033573
2008-08-28,389.26633524,350.4635828,364.8497732,359.65475999999995,0.0,20816.037580039258
2008-08-29,391.62407200000007,359.65475999999995,354.8593632,365.649006,0.0,12585.719705197283
2008-09-01,389.62599,351.26281559999995,354.8593632,389.62599,0.0,11417.048949942997
2008-09-02,377.637498,350.0639664,353.660514,351.70239364,0.0,14743.814317930895
2008-09-03,391.62407200000007,337.675858,346.8670351999999,357.17713832000004,0.0,15260.059396961686
2008-09-04,369.64517,333.679694,350.0639664,347.66626799999995,0.0,35967.99330558005
2008-09-05,380.1950429599999,334.8785432,350.86319919999994,375.19983796,0.0,8836.349058747339
2008-09-08,369.64517,350.0639664,350.0639664,369.64517,0.0,259.1985714300014
2008-09-09,369.64517,325.687366,329.68353,349.31668373200006,0.0,28981.11789205849
2008-09-10,359.65475999999995,299.7123,332.8804612,337.675858,0.0,21657.76980123939
2008-09-11,339.67394,312.1004084,322.8900512,316.57611208,0.0,8951.95992957246
2008-09-12,330.0831463999999,300.5115328,324.8881332,319.69312,0.0,28215.033216854965
2008-09-15,333.2800776,290.1215064,306.9053952,290.1215064,0.0,12156.45804326349
2008-09-16,309.70271,199.8082,275.735316,291.719972,0.0,52996.29845021376
2008-09-17,279.73148,251.758332,244.9648532,279.73148,0.0,58713.70644448026
2008-09-18,279.3318636,241.3683056,260.1502764,255.754496,0.0,10309.31162985303
2008-09-19,299.7123,255.754496,279.73148,279.3318636,0.0,10422.54522086681
2008-09-22,295.716136,271.3395356,283.727644,283.727644,0.0,6209.730131195817
2008-09-23,303.708464,254.9552632,249.76025,299.7123,0.0,81573.77925430489
2008-09-24,293.71805399999994,261.748742,256.9533452,273.3376176,0.0,2615.6834404193623
2008-09-25,261.748742,223.785184,246.9629352,261.748742,0.0,38660.55046789871
2008-09-26,256.5537288,231.777512,241.767922,249.76025,0.0,58370.82762369112
2008-09-29,250.9590992,235.773676,240.9686892,249.76025,0.0,29514.70460171304
2008-09-30,249.76025,223.785184,237.3721416,239.76984,0.0,11296.03289554683
2008-10-01,319.69312,220.9878692,284.9264932,247.762168,0.0,113084.14769764204
2008-10-02,299.7123,239.76984,259.75066,249.76025,0.0,35951.77775486692
2008-10-03,275.735316,231.777512,240.9686892,275.735316,0.0,22508.986117686865
2008-10-06,239.76984,169.83697,224.9840332,230.5786628,0.0,24451.84932350124
2008-10-07,239.76984,179.82737999999998,199.8082,239.76984,0.0,24270.57548188713
2008-10-08,209.79861,179.82737999999998,169.83697,199.8082,0.0,12683.51348943637
2008-10-09,205.802446,159.84655999999998,175.03198319999998,179.82737999999998,0.0,19140.65588899755
2008-10-10,161.84464199999996,135.0703432,145.0607532,159.84655999999998,0.0,23398.41407910186
2008-10-13,199.00896720000003,149.85615,155.850396,179.82737999999998,0.0,35838.91952382335
2008-10-14,199.8082,147.858068,155.4507796,199.8082,0.0,112861.53421130864
2008-10-15,187.819708,139.86574,149.0569172,171.835052,0.0,33915.2747484838
2008-10-16,147.858068,139.86574,138.2672744,139.86574,0.0,39490.37126604414
2008-10-17,175.831216,154.6515468,157.0492452,165.840806,0.0,123311.20544602277
2008-10-20,171.835052,171.835052,161.84464199999996,171.835052,0.0,12460.79990711092
2008-10-21,197.810118,179.82737999999998,171.835052,197.810118,0.0,11452.758195109109
2008-10-22,243.766004,193.813954,205.0032132,195.81203600000003,0.0,50500.88034425014
2008-10-23,229.77943,189.81779,207.0012952,207.800528,0.0,24862.71834689467
2008-10-24,219.78902,181.825462,189.4181736,219.78902,0.0,22689.73445534268
2008-10-27,217.790938,171.835052,205.0032132,185.821626,0.0,16333.088431806103
2008-10-28,219.78902,179.82737999999998,169.0377372,219.78902,0.0,17252.370022851916
2008-10-29,219.78902,155.850396,177.0300652,219.78902,167.0,125502.13154415083
2008-10-30,195.4124196,159.84655999999998,195.4124196,193.813954,32.0,14352.188749010302
2008-10-31,199.8082,179.82737999999998,189.81779,199.8082,30.0,25063.58597895381
2008-11-03,199.8082,180.2269964,197.0108852,199.8082,90.0,34868.83921680892
2008-11-04,207.800528,172.63428480000002,207.800528,205.802446,60.0,43738.970672875286
2008-11-05,239.76984,201.806282,239.76984,225.783266,41.0,21474.61915977422
2008-11-06,119.88492,119.88492,169.83697,119.88492,22.0,6139.662936756349
2008-11-07,249.76025,204.20398040000003,230.9782792,227.781348,121.0,63777.087226650365
2008-11-10,323.689284,255.754496,299.7123,255.754496,205.0,89264.15432399671
2008-11-11,347.66626799999995,279.73148,322.8900512,279.73148,136.0,62086.015488853816
2008-11-12,330.48276279999993,220.9878692,229.77943,299.7123,121.0,66497.87145872893
2008-11-13,243.766004,207.800528,214.9936232,243.766004,79.0,32140.998217290384
2008-11-14,259.75066,209.79861,229.77943,209.79861,72.0,27452.47692537143
2008-11-17,249.76025,219.78902,234.9744432,239.76984,25.0,8738.355082524142
2008-11-18,289.72189000000003,219.78902,249.76025,239.76984,35.0,19383.438717730307
2008-11-19,240.5690728,211.796692,229.77943,237.771758,49.0,26265.01314760856
2008-11-20,223.785184,212.5959248,200.2078164,219.78902,31.0,7171.027014907297
2008-11-21,238.1713744,203.804364,217.790938,236.9725252,26.0,11907.71950300338
2008-11-24,255.754496,229.77943,237.3721416,229.77943,34.0,16811.49722583958
2008-11-25,219.78902,206.801487,215.79285600000003,219.78902,22.0,8361.743912412003
2008-11-26,238.9706072,199.8082,189.81779,219.78902,29.0,16878.061060557076
2008-11-27,228.5805808,185.0223932,174.2327504,213.794774,39.0,14147.842781227198
2008-11-28,200.6074328,189.81779,214.9936232,199.8082,26.0,13771.682043079312
2008-12-01,222.9859512,179.82737999999998,201.806282,211.796692,28.0,13233.641061778248
2008-12-02,199.8082,190.2174064,190.2174064,199.8082,64.0,47571.09568075785
2008-12-03,235.773676,179.82737999999998,189.81779,235.773676,26.0,11084.329872347582
2008-12-04,199.8082,191.815872,183.823544,199.8082,37.0,22231.19471573239
2008-12-05,195.81203600000003,170.23658639999996,183.0243112,195.81203600000003,63.0,35615.60536554556
2008-12-08,219.78902,179.82737999999998,193.813954,191.815872,28.0,15908.806545477111
2008-12-09,179.82737999999998,177.82929800000002,177.82929800000002,179.82737999999998,23.0,18877.45347788529
2008-12-10,197.810118,172.63428480000002,175.43159959999997,180.2269964,17.0,7958.707400396981
2008-12-11,223.785184,169.83697,179.82737999999998,223.785184,33.0,19135.375825416577
2008-12-12,181.825462,163.84272399999998,181.825462,169.83697,25.0,12421.337062242692
2008-12-15,191.815872,169.83697,173.83313399999997,179.82737999999998,29.0,8677.321551367762
2008-12-16,179.82737999999998,167.838888,171.835052,175.831216,23.0,17772.068413608653
2008-12-17,179.82737999999998,149.85615,161.4450256,169.83697,55.0,35473.34393683543
2008-12-18,169.83697,159.84655999999998,150.2557664,167.838888,22.0,9818.540980800588
2008-12-19,163.84272399999998,139.86574,157.848478,163.84272399999998,36.0,17099.02296302154
2008-12-22,159.4469436,139.86574,159.84655999999998,139.86574,16.0,9022.577651968237
2008-12-23,155.850396,139.86574,145.859986,149.0569172,23.0,8581.404566979734
2008-12-24,155.850396,149.0569172,143.06267119999998,149.13684048,21.0,12533.369501351795
2008-12-25,143.06267119999998,143.06267119999998,143.06267119999998,143.06267119999998,0.0,0.0
2008-12-26,143.06267119999998,143.06267119999998,143.06267119999998,143.06267119999998,0.0,0.0
2008-12-29,155.850396,145.859986,147.858068,155.850396,11.0,6892.710108994526
2008-12-30,159.84655999999998,129.87533,141.863822,129.87533,22.0,7290.066173460349
2008-12-31,159.84655999999998,145.0607532,145.0607532,159.84655999999998,7.0,714.8855752666807
2009-01-01,145.0607532,145.0607532,145.0607532,145.0607532,0.0,0.0
2009-01-02,215.79285600000003,169.83697,215.79285600000003,173.83313399999997,22.0,8926.910907560352
2009-01-05,199.8082,172.23466839999998,185.821626,179.82737999999998,40.0,19155.545167815937
2009-01-06,193.813954,185.0223932,185.0223932,187.819708,28.0,7229.0076183059555
2009-01-07,197.810118,169.83697,185.821626,169.83697,26.0,14549.277757369317
2009-01-08,189.81779,169.83697,185.0223932,169.83697,9.0,2356.584964981417
2009-01-09,195.4124196,163.84272399999998,183.0243112,187.819708,20.0,16294.22616289021
2009-01-12,195.4124196,164.6419568,175.03198319999998,195.4124196,8.0,4251.15185462859
2009-01-13,169.83697,139.86574,159.84655999999998,169.83697,61.0,42072.19723715043
2009-01-14,192.73498972,149.85615,159.84655999999998,159.84655999999998,25.0,19064.08245507442
2009-01-15,182.34496332,140.6649728,149.85615,182.34496332,20.0,10907.910686348208
2009-01-16,175.831216,149.85615,159.84655999999998,159.84655999999998,19.0,6311.402635127087
2009-01-19,177.82929800000002,144.6611368,160.64579279999998,145.26056139999997,19.0,8822.685955831643
2009-01-20,159.84655999999998,143.06267119999998,155.0511632,159.84655999999998,32.0,25650.623948366487
2009-01-21,155.850396,129.87533,139.86574,155.850396,24.0,15800.177370097925
2009-01-22,154.6515468,135.0703432,144.2615204,153.852314,10.0,1669.325883522298
2009-01-23,157.848478,147.858068,147.858068,155.850396,19.0,12457.847075345257
2009-01-26,179.82737999999998,145.859986,153.0530812,179.82737999999998,22.0,18659.294263198408
2009-01-27,169.43735360000002,130.27494639999998,144.2615204,169.43735360000002,26.0,13316.94595116717
2009-01-28,151.45461559999998,130.27494639999998,144.2615204,149.85615,12.0,4798.151427218703
2009-01-29,155.850396,131.07417919999995,143.4622876,150.6553828,14.0,8038.859266036129
2009-01-30,169.83697,159.84655999999998,169.83697,159.84655999999998,36.0,24098.4854475442
2009-02-02,179.82737999999998,149.85615,155.0511632,178.62853079999996,17.0,7268.495487172198
2009-02-03,159.84655999999998,139.86574,145.859986,159.84655999999998,12.0,8001.073029034846
2009-02-04,159.84655999999998,133.871494,143.861904,159.84655999999998,23.0,13023.78981443204
2009-02-05,159.84655999999998,139.86574,155.0511632,148.2576844,33.0,12879.201153906595
2009-02-06,159.4469436,139.86574,155.0511632,152.6534648,26.0,6981.219989970382
2009-02-09,160.2461764,141.06458919999997,149.0569172,159.4469436,27.0,9980.6464399359
2009-02-10,175.831216,135.869576,147.858068,157.848478,43.0,29272.42225294057
2009-02-11,151.854232,139.86574,149.0569172,139.86574,29.0,11487.491504352674
2009-02-12,159.84655999999998,142.66305479999997,151.05499919999997,151.854232,13.0,5626.746049461433
2009-02-13,160.64579279999998,143.861904,151.854232,146.2596024,50.0,44156.62119973054
2009-02-16,157.24905339999998,122.6822348,143.06267119999998,155.0511632,28.0,11103.423182832335
2009-02-17,159.4469436,133.871494,147.858068,155.850396,17.0,3115.0122967926245
2009-02-18,151.854232,131.07417919999995,139.0665072,139.86574,18.0,7856.284176525289
2009-02-19,156.2500124,131.4737956,137.4680416,133.871494,12.0,8161.251640323071
2009-02-20,149.85615,135.869576,139.86574,135.869576,13.0,5890.398892537944
2009-02-23,159.04732719999998,129.87533,145.859986,149.85615,19.0,21250.30404157588
2009-02-24,153.0530812,129.87533,144.6611368,140.22539475999997,11.0,4106.738362089244
2009-02-25,158.2480944,134.67072679999998,143.861904,147.4584516,7.0,9309.978269160123
2009-02-26,148.6573008,131.87341199999997,143.06267119999998,148.6573008,6.0,1069.1002671562028
2009-02-27,159.4469436,144.6611368,144.6611368,159.4469436,9.0,1513.7016398726378
2009-03-02,139.86574,123.0818512,129.87533,129.87533,30.0,19759.67452787223
2009-03-03,146.6592188,111.89259199999998,133.0722612,123.0818512,35.0,22165.40662495333
2009-03-04,129.87533,121.883002,122.2826184,129.87533,9.0,4200.478258650046
2009-03-05,139.0665072,119.88492,127.0780152,119.88492,15.0,9816.564084957474
2009-03-06,127.877248,117.886838,118.6860708,121.00384592,30.0,23486.07314414524
2009-03-09,119.88492,101.90218199999998,111.0933592,118.6860708,16.0,15243.543558272384
2009-03-10,118.20653112,99.9041,107.896428,103.900264,31.0,17651.92819914298
2009-03-11,117.84687636,103.900264,115.0895232,117.72699144,16.0,5432.760016856165
2009-03-12,119.72507344,111.89259199999998,111.89259199999998,117.886838,15.0,19139.10440112068
2009-03-13,117.886838,99.9041,107.0971952,109.89451,28.0,17922.888049639605
2009-03-16,209.79861,113.890674,179.02814720000003,113.890674,319.0,239655.7798929173
2009-03-17,179.82737999999998,154.6515468,160.2461764,179.82737999999998,80.0,51268.74172331266
2009-03-18,179.82737999999998,167.838888,174.6323668,169.83697,83.0,55044.36254367939
2009-03-19,175.831216,149.85615,159.84655999999998,169.83697,42.0,27372.57529971243
2009-03-20,175.03198319999998,155.0511632,160.2461764,173.43351759999996,28.0,12134.962428969382
2009-03-23,169.43735360000002,145.0607532,151.05499919999997,155.850396,43.0,30072.43946945121
2009-03-24,166.16049912,141.863822,147.858068,159.84655999999998,37.0,20460.99709621527
2009-03-25,156.56970552,144.2615204,149.85615,151.854232,20.0,17118.64177746459
2009-03-26,163.0434912,142.2634384,155.0511632,142.2634384,35.0,26625.45881500359
2009-03-27,159.84655999999998,155.0511632,155.0511632,159.4469436,24.0,10516.435261415698
2009-03-29,155.0511632,155.0511632,155.0511632,155.0511632,0.0,0.0
2009-03-30,169.83697,151.854232,162.24425839999998,151.854232,56.0,43704.26238762974
2009-03-31,171.835052,150.2557664,155.850396,159.96644492,16.0,7272.274110872328
2009-04-01,159.84655999999998,151.854232,155.0511632,159.84655999999998,22.0,9413.978004906709
2009-04-02,177.82929800000002,153.4526976,167.03965519999997,153.89227563999998,129.0,195226.19692284905
2009-04-03,179.82737999999998,159.84655999999998,169.0377372,173.0339012,148.0,214747.2175816608
2009-04-06,179.78741835999998,153.0530812,163.84272399999998,179.78741835999998,89.0,96823.62886007682
2009-04-07,169.0377372,140.26535639999997,159.04732719999998,159.84655999999998,68.0,67151.37316686704
2009-04-08,169.0377372,149.85615,163.84272399999998,165.44118959999997,18.0,10532.02521217848
2009-04-09,167.838888,157.848478,157.848478,159.84655999999998,22.0,7276.603262528765
2009-04-10,157.848478,157.848478,157.848478,157.848478,0.0,0.0
2009-04-13,157.848478,157.848478,157.848478,157.848478,0.0,0.0
2009-04-14,165.840806,139.86574,151.05499919999997,165.40122795999997,74.0,109578.21050387324
2009-04-15,151.854232,139.86574,148.2576844,151.05499919999997,80.0,107078.56334224522
2009-04-16,151.05499919999997,140.6649728,148.2576844,144.6611368,76.0,105242.52758395302
2009-04-17,154.2519304,139.0665072,135.869576,148.57737751999997,85.0,101648.25567719444
2009-04-20,160.64579279999998,131.87341199999997,150.2557664,131.87341199999997,101.0,123839.91247606456
2009-04-21,161.04540920000002,139.86574,151.05499919999997,147.858068,75.0,67148.99588705569
2009-04-22,216.1924724,147.858068,195.81203600000003,165.44118959999997,208.0,218717.3499385911
2009-04-23,209.79861,165.840806,187.0204752,203.0051312,145.0,95246.31621725234
2009-04-24,209.79861,119.88492,155.850396,197.810118,217.0,162790.01562498437
2009-04-27,175.03198319999998,136.6688088,151.854232,141.863822,70.0,54998.243315339416
2009-04-28,159.84655999999998,129.87533,149.85615,129.87533,74.0,66429.43082416037
2009-04-29,155.850396,109.89451,131.87341199999997,140.26535639999997,86.0,81807.6285157466
2009-04-30,153.53262088,119.88492,143.861904,147.858068,157.0,328845.11246285186
2009-05-01,175.35167632,139.86574,156.2500124,149.85615,209.0,187678.30849784944
2009-05-04,156.2500124,156.2500124,156.2500124,156.2500124,0.0,0.0
2009-05-05,177.82929800000002,143.861904,157.848478,167.838888,101.0,103155.75136555955
2009-05-06,169.43735360000002,145.859986,155.0511632,159.84655999999998,114.0,94561.8347995728
2009-05-07,159.84655999999998,143.861904,149.0569172,159.84655999999998,62.0,55254.18876702759
2009-05-08,164.841765,130.6745628,155.0511632,143.861904,52.0,29139.94520745395
2009-05-11,178.14899112,149.85615,159.4469436,152.4536566,58.0,43306.60603518775
2009-05-12,179.18799375999998,151.854232,160.2461764,171.35551232,73.0,68455.89920733984
2009-05-13,174.6323668,149.85615,154.2519304,173.0339012,75.0,54908.98271442313
2009-05-14,169.43735360000002,149.4565336,155.850396,167.4392716,37.0,29150.230070637743
2009-05-15,160.16625312,135.869576,145.4603696,159.84655999999998,86.0,84156.60618533174
2009-05-18,157.848478,126.2787824,143.861904,157.848478,71.0,58971.178360047285
2009-05-19,159.4469436,131.87341199999997,150.6553828,145.859986,191.0,238141.7529410705
2009-05-20,155.850396,135.869576,145.0607532,151.854232,75.0,78070.0191483633
2009-05-21,151.854232,125.879166,135.869576,140.02558656,98.0,102176.91265924022
2009-05-22,153.4526976,127.0780152,139.86574,141.4642056,82.0,76901.348393109
2009-05-25,139.86574,139.86574,139.86574,139.86574,0.0,0.0
2009-05-26,143.4622876,129.87533,135.869576,129.87533,67.0,58635.25621070607
2009-05-27,152.6534648,131.31394904,143.06267119999998,131.31394904,142.0,162956.12492380192
2009-05-28,151.854232,138.2672744,138.2672744,149.85615,31.0,21182.989486917955
2009-05-29,150.6553828,136.6688088,145.859986,149.0569172,59.0,49492.03786431188
2009-06-01,170.23658639999996,131.87341199999997,150.6553828,149.85615,98.0,90597.00753022148
2009-06-02,160.64579279999998,148.2576844,151.45461559999998,157.4488616,106.0,92850.59371937688
2009-06-03,181.4258456,150.2557664,146.2596024,150.2557664,204.0,202117.35554396667
2009-06-04,167.03965519999997,151.05499919999997,150.2557664,159.00736556,63.0,44935.94356988352
2009-06-05,185.58185616,139.86574,164.24234040000002,157.848478,324.0,294189.70292510523
2009-06-08,227.781348,153.852314,189.0185572,161.4450256,465.0,343036.1216406534
2009-06-09,229.77943,187.42009160000003,186.6208588,191.815872,719.0,575380.8152017785
2009-06-10,204.92328992,171.835052,179.4277636,198.32961932,335.0,437171.09708210174
2009-06-11,188.6189408,149.85615,163.0434912,183.823544,306.0,333434.8139866132
2009-06-12,178.58856916000002,156.6496288,169.0377372,166.44023059999998,284.0,328287.45266710775
2009-06-15,188.13940112,159.84655999999998,160.2461764,160.0463682,257.0,381166.08827865927
2009-06-16,167.838888,147.0588352,153.852314,167.55915652,155.0,152996.3484982098
2009-06-17,155.0511632,139.86574,149.4565336,155.0511632,258.0,1638719.0815992537
2009-06-18,172.63428480000002,145.859986,157.0492452,151.854232,239.0,310954.80565862666
2009-06-19,163.84272399999998,151.854232,155.0511632,159.84655999999998,98.0,155016.3356659036
2009-06-22,163.84272399999998,141.863822,143.861904,159.84655999999998,186.0,218537.22720088568
2009-06-23,153.852314,139.86574,145.859986,153.852314,76.0,69104.57128386122
2009-06-24,157.848478,143.861904,147.0588352,147.858068,119.0,134505.81607761845
2009-06-25,150.41561296,141.06458919999997,143.861904,147.4584516,71.0,79163.99326954549
2009-06-26,147.858068,140.26535639999997,141.863822,146.6592188,86.0,78128.24999174208
2009-06-29,160.12629148,143.861904,149.85615,147.4584516,164.0,189729.12523109664
2009-06-30,161.76471872000002,140.26535639999997,141.863822,147.858068,112.0,124150.46029141948
2009-07-01,156.2500124,139.86574,147.4584516,150.89515264,68.0,85202.18389435469
2009-07-02,153.852314,140.6649728,145.859986,149.2567254,56.0,50550.928340278326
2009-07-03,157.848478,140.26535639999997,144.2615204,151.854232,95.0,81181.42798944187
2009-07-06,152.2538484,140.26535639999997,145.0607532,147.73818308,46.0,37850.2734122023
2009-07-07,146.6592188,140.6649728,142.66305479999997,143.06267119999998,88.0,103809.25307369768
2009-07-08,143.861904,135.0703432,139.4661236,143.861904,79.0,102608.55160098536
2009-07-09,151.854232,141.863822,147.0588352,141.863822,336.0,460899.4525750194
2009-07-10,150.0559582,141.4642056,144.2615204,149.85615,99.0,92533.01416058
2009-07-13,155.65058779999998,131.87341199999997,139.86574,147.858068,105.0,129596.85838719332
2009-07-14,147.4584516,132.67264479999997,137.867658,132.872453,109.0,93492.83462840864
2009-07-15,149.85615,130.6745628,140.26535639999997,139.86574,241.0,396884.7875112233
2009-07-16,147.4584516,138.2672744,138.6668908,140.6649728,156.0,214026.45136686083
2009-07-17,148.6573008,137.0684252,142.66305479999997,137.0684252,184.0,249204.2618871498
2009-07-20,145.859986,139.4661236,139.4661236,143.06267119999998,137.0,171614.57838066708
2009-07-21,143.06267119999998,136.6688088,138.2672744,141.06458919999997,105.0,176805.6316007051
2009-07-22,142.66305479999997,125.879166,135.4699596,139.86574,162.0,179402.5720666119
2009-07-23,139.86574,131.07417919999995,135.869576,139.0665072,78.0,101513.12608791832
2009-07-24,140.10550983999997,129.4757136,136.2691924,139.4661236,82.0,126699.57989712134
2009-07-27,151.05499919999997,136.2691924,147.0588352,136.46900060000002,297.0,335628.9431564871
2009-07-28,175.831216,147.858068,157.0492452,151.854232,499.0,609356.6980734525
2009-07-29,161.84464199999996,150.2557664,155.0511632,159.84655999999998,221.0,234769.9443766572
2009-07-30,165.840806,142.2634384,145.859986,152.6534648,197.0,237654.26043575787
2009-07-31,160.64579279999998,142.2634384,149.85615,149.2567254,196.0,268660.39531911106
2009-08-03,163.84272399999998,152.2538484,158.6477108,155.4507796,237.0,243811.8906030884
2009-08-04,158.76759572,144.6611368,149.85615,155.850396,107.0,97722.34072475503
2009-08-05,158.847519,146.6592188,147.858068,151.854232,145.0,108424.95453139562
2009-08-06,167.838888,141.4642056,153.0530812,151.854232,404.0,215473.9645319862
2009-08-07,156.6496288,140.26535639999997,147.858068,155.850396,117.0,147026.1731000029
2009-08-10,153.852314,145.859986,149.0569172,149.85615,176.0,171075.8117034236
2009-08-11,156.88939864,147.0588352,149.4565336,149.85615,239.0,293585.04806109064
2009-08-12,155.4507796,147.858068,151.05499919999997,149.4565336,211.0,295796.9442695545
2009-08-13,187.819708,149.85615,165.04157319999996,151.05499919999997,789.0,1259320.7636123043
2009-08-14,191.815872,165.44118959999997,191.0166392,165.44118959999997,1123.0,1430037.6310882135
2009-08-17,235.3740596,199.8082,224.5844168,199.8082,1679.0,2110810.7174780616
2009-08-18,279.73148,225.783266,249.3606336,229.3798136,2235.0,2838358.0353559065
2009-08-19,279.73148,219.78902,236.1732924,259.75066,1638.0,2038063.5529472765
2009-08-20,243.766004,229.77943,236.5729088,239.76984,678.0,847694.2137509873
2009-08-21,261.10935576,221.787102,258.1521944,238.49106752,450.0,515141.7459343511
2009-08-24,271.739152,255.754496,262.9475912,255.754496,680.0,794915.6741314922
2009-08-25,269.74107,244.9648532,267.742988,265.744906,469.0,475671.5940587024
2009-08-26,267.742988,239.76984,248.1617844,267.3433716,489.0,447979.687520332
2009-08-27,269.74107,241.767922,253.756414,252.9571812,461.0,488648.18861287984
2009-08-28,254.9552632,223.785184,240.1694564,247.762168,840.0,2051662.7695960428
2009-08-31,240.1694564,240.1694564,240.1694564,240.1694564,0.0,0.0
2009-09-01,251.758332,203.804364,227.3817316,239.76984,507.0,968823.4516901708
2009-09-02,228.5805808,206.2020624,211.796692,219.78902,228.0,694052.4212719998
2009-09-03,233.775594,210.9974592,226.9821152,217.31139832,143.0,268020.0312099303
2009-09-04,233.45590088,223.3855676,230.9782792,230.9782792,178.0,222323.5082444064
2009-09-07,231.777512,216.1924724,218.1905544,231.777512,204.0,346256.5600410794
2009-09-08,222.9859512,200.6074328,210.1982264,219.3894036,299.0,471491.885718404
2009-09-09,213.3951576,199.8082,202.2058984,211.796692,469.0,982162.3436875964
2009-09-10,215.79285600000003,201.0070492,210.1982264,208.2001444,284.0,530668.8364141212
2009-09-11,229.77943,203.804364,224.9840332,203.92424892,332.0,506138.1364728775
2009-09-14,231.777512,212.5959248,220.1886364,223.785184,161.0,177052.34319712606
2009-09-15,223.785184,211.796692,216.9917052,220.3884446,126.0,184031.6363392493
2009-09-16,218.5901708,212.1963084,215.79285600000003,212.1963084,158.0,272842.7812271969
2009-09-17,218.9897872,210.1982264,215.3932396,218.9897872,234.0,301596.55609729735
2009-09-18,215.79285600000003,209.79861,212.9955412,215.3932396,162.0,237519.95663841625
2009-09-21,222.70621972,211.796692,215.79285600000003,213.794774,224.0,277457.80703694845
2009-09-22,224.70430172,210.9974592,216.9917052,212.9955412,102.0,88745.23167717842
2009-09-23,230.9782792,213.3951576,216.9917052,216.9917052,158.0,199635.30025294257
2009-09-24,215.87277928,207.800528,212.5959248,214.47412188,131.0,179472.76438104143
2009-09-25,215.79285600000003,205.802446,212.9955412,215.79285600000003,105.0,146226.85655543668
2009-09-28,214.07450548,206.2020624,209.3989936,212.9955412,90.0,81884.37711765584
2009-09-29,212.5959248,203.804364,207.40091160000003,212.5959248,126.0,130799.06129978652
2009-09-30,245.764086,205.802446,243.3663876,205.802446,191.0,276694.09964155627
2009-10-01,269.74107,233.775594,243.3663876,244.9648532,441.0,535266.3204012648
2009-10-02,247.762168,219.78902,230.9782792,239.76984,165.0,149060.97447452106
2009-10-05,232.9763612,222.5863348,223.785184,227.781348,93.0,100284.4227614282
2009-10-06,233.3759776,215.79285600000003,220.9878692,226.74234536,116.0,138471.7944508784
2009-10-07,238.5709908,218.5901708,227.781348,222.9859512,170.0,195008.8635000966
2009-10-08,247.762168,224.5844168,238.9706072,232.85647628,209.0,228153.39910974624
2009-10-09,243.766004,229.77943,239.3702236,243.766004,120.0,173916.08552601945
2009-10-12,259.75066,225.783266,250.5594828,238.5709908,227.0,269724.1654746902
2009-10-13,257.752578,239.76984,246.1637024,251.758332,128.0,141557.22838201837
2009-10-14,249.76025,236.9725252,248.1617844,240.1694564,98.0,123564.49835392142
2009-10-15,270.54030279999995,242.9667712,252.5575648,250.1598664,218.0,236780.84783307192
2009-10-16,263.74682399999995,244.1656204,246.9629352,256.5537288,181.0,282730.21327453025
2009-10-17,246.9629352,246.9629352,246.9629352,246.9629352,0.0,0.0
2009-10-19,259.75066,243.766004,258.9514272,243.766004,175.0,182227.75641840528
2009-10-20,269.74107,251.758332,257.3529616,260.54989279999995,268.0,355685.9778527608
2009-10-21,267.742988,247.762168,256.9533452,261.748742,136.0,132103.71246024937
2009-10-22,259.75066,240.9686892,250.5594828,255.3548796,145.0,207879.95687864663
2009-10-23,269.74107,251.758332,256.9533452,253.756414,97.0,142309.9001942863
2009-10-26,266.5441388,201.0070492,235.773676,263.74682399999995,394.0,447773.4897766959
2009-10-27,249.76025,215.79285600000003,226.1828824,245.764086,116.0,127226.51022330415
2009-10-28,231.3778956,212.1963084,213.3951576,229.77943,113.0,119521.12075480384
2009-10-29,228.9801972,201.0070492,228.9801972,213.3951576,147.0,175278.79236187504
2009-10-30,234.9744432,219.78902,222.9859512,226.1828824,150.0,184028.1329795273
2009-11-02,224.34464696,209.3989936,218.5901708,224.34464696,64.0,54938.5610800758
2009-11-03,219.78902,205.802446,218.5901708,213.3951576,122.0,83992.37368636523
2009-11-04,234.9744432,211.796692,214.9936232,223.785184,114.0,109827.4495240936
2009-11-05,222.5863348,207.800528,217.790938,214.1943904,141.0,98391.63257564003
2009-11-06,220.82802264,207.40091160000003,215.79285600000003,219.78902,64.0,69504.30462813839
2009-11-09,219.78902,210.1982264,212.9955412,219.78902,51.0,40418.61144837899
2009-11-10,219.78902,203.804364,210.5978428,214.9936232,92.0,101011.895407696
2009-11-11,215.79285600000003,205.802446,211.3970756,212.31619332,64.0,41484.45859579337
2009-11-12,219.74905836,208.9993772,214.1943904,209.79861,64.0,44661.10499969471
2009-11-13,222.30660332,211.796692,221.787102,217.790938,86.0,126104.38410435608
2009-11-16,245.764086,225.783266,232.9763612,225.783266,318.0,370178.9766385964
2009-11-17,234.5748268,212.1963084,216.5920888,232.1771284,314.0,305113.1785382182
2009-11-18,218.3903626,203.804364,207.800528,214.43416024,329.0,303852.24430228595
2009-11-19,212.1963084,203.804364,209.3989936,207.0012952,211.0,264574.1265873973
2009-11-20,215.79285600000003,203.804364,205.0032132,203.804364,195.0,286943.7040121477
2009-11-23,209.3989936,201.806282,205.4028296,208.2001444,132.0,154589.82664375138
2009-11-24,219.5892118,204.20398040000003,204.6035968,205.802446,195.0,238327.5561263252
2009-11-25,209.91849492,200.2078164,207.0012952,205.802446,169.0,266814.62522559136
2009-11-26,209.79861,195.0128032,201.806282,207.0012952,223.0,294259.26963958435
2009-11-27,207.40091160000003,191.815872,201.4066656,191.815872,103.0,180475.87636543444
2009-11-30,214.9936232,201.0070492,208.5997608,203.56459416,111.0,176585.19520219893
2009-12-01,217.3913216,199.8082,208.9993772,210.71772772,131.0,138737.0488298278
2009-12-02,208.5997608,200.6074328,204.20398040000003,208.5997608,42.0,64073.82179510151
2009-12-03,210.03837984,198.2097344,205.4028296,201.92616692,77.0,98453.29170674676
2009-12-04,214.1943904,200.2078164,203.0051312,205.802446,74.0,73665.79549788247
2009-12-07,207.800528,195.81203600000003,202.6055148,199.8082,71.0,58577.72603927166
2009-12-08,205.802446,192.2154884,197.4105016,201.28678068,82.0,62543.72943652964
2009-12-09,199.8082,191.815872,199.00896720000003,196.85103864,90.0,103508.5647135603
2009-12-10,201.72635872,190.2174064,191.815872,201.72635872,53.0,45357.84817640117
2009-12-11,200.2078164,191.4162556,198.6093508,193.0147212,96.0,82699.55887696301
2009-12-14,202.0060902,182.2250784,188.2193244,199.4085836,86.0,68636.64754499565
2009-12-15,195.0128032,184.6227768,191.0166392,189.4181736,103.0,84354.74620160734
2009-12-16,195.4124196,172.23466839999998,177.0300652,192.85487464,175.0,146632.09517927695
2009-12-17,193.69406908,165.840806,192.2154884,179.82737999999998,150.0,124235.31666868526
2009-12-18,199.4085836,165.840806,175.03198319999998,181.64563461999995,141.0,160697.3087190616
2009-12-21,177.82929800000002,165.840806,177.82929800000002,167.838888,74.0,60133.6932117901
2009-12-22,195.4124196,177.82929800000002,195.0128032,177.82929800000002,89.0,89008.45911228869
2009-12-23,195.0128032,186.2212424,188.6189408,194.29349368,36.0,24127.41318924849
2009-12-24,195.81203600000003,187.819708,193.813954,193.73403072,32.0,23767.24278583161
2009-12-25,193.813954,193.813954,193.813954,193.813954,0.0,0.0
2009-12-28,193.813954,193.813954,193.813954,193.813954,0.0,0.0
2009-12-29,211.03742084,187.819708,207.0012952,193.813954,114.0,99568.4111062509
2009-12-30,219.3894036,203.804364,208.9993772,211.796692,45.0,39698.3707375373
2009-12-31,226.9821152,208.9993772,216.9917052,208.9993772,35.0,31756.854823776004
2010-01-01,216.9917052,216.9917052,216.9917052,216.9917052,0.0,0.0
2010-01-04,237.771758,202.2058984,207.0012952,216.07258748,194.0,233065.38470393108
2010-01-05,219.78902,207.800528,209.3989936,207.800528,165.0,292896.2374917546
2010-01-06,240.5690728,215.79285600000003,216.9917052,219.78902,324.0,336652.67491524376
2010-01-07,226.22284404,209.79861,212.9955412,223.34560596,161.0,186788.83048843843
2010-01-08,217.790938,204.20398040000003,207.800528,211.796692,103.0,92318.33328161707
2010-01-11,211.3970756,194.6131868,200.2078164,207.800528,210.0,153333.0964394855
2010-01-12,203.64451744,191.815872,200.2078164,201.0070492,133.0,156710.05994748964
2010-01-13,200.2078164,195.81203600000003,199.8082,199.74825754,145.0,181220.5154743399
2010-01-14,199.8082,192.2154884,195.0128032,198.12981112,138.0,195385.8250061809
2010-01-15,205.88236928,191.815872,196.2116524,193.4143376,203.0,266811.1719138654
2010-01-18,197.810118,189.4181736,193.0147212,197.810118,115.0,127391.89382617932
2010-01-19,212.1963084,180.2269964,193.4143376,199.8082,338.0,464833.7255427956
2010-01-20,194.2135704,186.2212424,191.4162556,193.813954,161.0,204615.4762417158
2010-01-21,193.4143376,184.2231604,189.0185572,189.77782836,98.0,103134.03053528334
2010-01-22,188.2193244,177.4296816,181.4258456,188.2193244,182.0,189582.434554738
2010-01-25,187.819708,176.2308324,180.6266128,183.0243112,86.0,119563.2611674596
2010-01-26,175.831216,167.838888,171.0358192,175.831216,259.0,280312.5447303965
2010-01-27,171.43543559999998,153.852314,159.84655999999998,171.0358192,268.0,374938.8413488536
2010-01-28,165.840806,158.2480944,160.2461764,162.6438748,278.0,456361.2254151732
2010-01-29,169.95685492,159.84655999999998,169.0377372,160.2461764,178.0,327670.9114040365
2010-02-01,169.83697,159.84655999999998,165.44118959999997,169.0377372,84.0,110331.33274810544
2010-02-02,165.76088271999998,158.6477108,161.84464199999996,163.4431076,161.0,245202.2239327515
2010-02-03,165.44118959999997,155.850396,160.64579279999998,162.6438748,115.0,190834.3851753832
2010-02-04,170.11670147999996,154.2519304,161.04540920000002,163.84272399999998,496.0,1157653.539744615
2010-02-05,168.6381208,155.4507796,161.84464199999996,162.24425839999998,138.0,127117.35554396668
2010-02-08,163.84272399999998,152.2538484,155.0511632,159.84655999999998,87.0,129032.2419200013
2010-02-09,162.32418167999998,148.2576844,158.2480944,154.6515468,184.0,229356.7781502461
2010-02-10,167.03965519999997,153.852314,157.848478,161.84464199999996,153.0,218937.73628910127
2010-02-11,160.0463682,149.85615,152.6534648,159.84655999999998,154.0,194850.7118326475
2010-02-12,159.84655999999998,146.6592188,152.6534648,159.84655999999998,119.0,156382.92122145137
2010-02-15,163.84272399999998,149.4565336,153.852314,152.6534648,117.0,161949.634699677
2010-02-16,159.84655999999998,153.0530812,155.4507796,156.13012748,83.0,89854.09507717902
2010-02-17,163.84272399999998,151.45461559999998,156.2500124,158.2480944,140.0,283025.7967390728
2010-02-18,158.2480944,154.2519304,155.850396,156.6496288,99.0,182478.6470224945
2010-02-19,155.850396,152.2538484,153.4526976,155.850396,106.0,178497.00362647782
2010-02-22,155.850396,151.05499919999997,153.4526976,153.4526976,107.0,118900.32541207016
2010-02-23,155.69054943999998,147.858068,151.854232,154.89131664,104.0,145162.48582390515
2010-02-24,156.09016584,149.85615,149.85615,152.6534648,99.0,121906.75858147963
2010-02-25,156.09016584,148.2576844,153.0530812,150.6553828,116.0,160080.56726400618
2010-02-26,155.850396,151.05499919999997,151.45461559999998,152.73338808,103.0,98499.58610307286
2010-03-01,149.85615,129.87533,133.4718776,147.858068,662.0,4560136.245659588
2010-03-02,142.2634384,131.87341199999997,139.4661236,135.869576,294.0,1258992.273590373
2010-03-03,145.38044631999998,133.4718776,139.86574,139.86574,189.0,450441.02294100047
2010-03-04,139.86574,131.07417919999995,137.4680416,139.86574,134.0,185855.9108184749
2010-03-05,143.62213416,136.6688088,142.2634384,139.5660277,295.0,486538.0399803412
2010-03-08,167.838888,143.06267119999998,169.0377372,143.06267119999998,553.0,1505308.9662986803
2010-03-09,188.6189408,165.840806,165.04157319999996,184.2231604,836.0,1803508.31447358
2010-03-10,169.83697,156.2500124,163.84272399999998,165.04157319999996,245.0,483773.0383437717
2010-03-11,167.03965519999997,152.6534648,162.6438748,161.4450256,131.0,157413.48453166586
2010-03-12,173.2337094,161.4450256,167.838888,166.56011551999998,274.0,472782.39831998886
2010-03-15,175.831216,163.84272399999998,169.0377372,175.43159959999997,285.0,456644.0466407285
2010-03-16,173.83313399999997,166.6400388,169.83697,173.83313399999997,130.0,249424.79838164803
2010-03-17,175.831216,166.6400388,168.6381208,170.83601099999998,126.0,226351.07067677905
2010-03-18,171.835052,164.6419568,165.44118959999997,169.23754540000002,91.0,109381.62197547448
2010-03-19,170.63620279999998,159.84655999999998,168.23850439999998,170.63620279999998,130.0,215210.0864729276
2010-03-22,169.83697,160.2461764,169.43735360000002,167.31938668,116.0,141409.18640976696
2010-03-23,169.83697,162.6438748,168.23850439999998,169.43735360000002,106.0,227249.6824454652
2010-03-24,169.0377372,165.04157319999996,166.6400388,168.4383126,88.0,146592.10683045042
2010-03-25,169.0377372,166.6400388,166.6400388,169.0377372,104.0,168130.66230515065
2010-03-26,169.79700836,165.04157319999996,167.838888,167.4392716,137.0,238516.21204735345
2010-03-29,171.835052,156.2500124,160.2461764,171.835052,214.0,301424.74132693256
2010-03-30,165.840806,153.852314,159.04732719999998,158.2480944,187.0,281381.2446135845
2010-03-31,159.84655999999998,151.05499919999997,151.45461559999998,153.852314,210.0,409525.13460408535
2010-04-01,159.84655999999998,150.2557664,158.6477108,155.33089468,190.0,418901.05110801256
2010-04-02,158.6477108,158.6477108,158.6477108,158.6477108,0.0,0.0
2010-04-05,158.6477108,158.6477108,158.6477108,158.6477108,0.0,0.0
2010-04-06,161.4450256,151.45461559999998,159.4469436,153.852314,169.0,410055.2179540179
2010-04-07,163.4431076,157.0492452,159.4469436,159.16721212000002,136.0,234406.4958295005
2010-04-08,159.84655999999998,151.854232,156.6496288,159.2471354,126.0,209735.6614993779
2010-04-09,160.2461764,154.2519304,156.6496288,156.48978223999998,114.0,188422.9476067549
2010-04-12,164.00257056,154.6515468,160.64579279999998,162.24425839999998,101.0,192281.64810052843
2010-04-13,159.84655999999998,154.6515468,158.2480944,159.84655999999998,43.0,42936.3759845692
2010-04-14,162.6438748,155.4507796,157.0492452,159.16721212000002,125.0,212432.1474293848
2010-04-15,159.84655999999998,149.85615,155.850396,159.84655999999998,95.0,156262.53076700558
2010-04-16,159.84655999999998,151.854232,155.850396,152.6534648,71.0,126856.18007669356
2010-04-19,161.04540920000002,155.0511632,159.4469436,159.84655999999998,107.0,230403.0315072154
2010-04-20,166.6400388,153.852314,159.4469436,159.84655999999998,110.0,208995.1763741428
2010-04-21,167.31938668,155.4507796,159.04732719999998,164.6419568,240.0,450165.4336508712
2010-04-22,159.84655999999998,150.6553828,151.854232,159.56682851999997,200.0,431411.1733152093
2010-04-23,157.0492452,144.6611368,147.858068,157.0492452,284.0,661118.2624136547
2010-04-26,154.13204548,137.0684252,140.6649728,145.859986,259.0,774469.7414820814
2010-04-27,143.861904,139.0665072,140.26535639999997,143.861904,154.0,309715.8925409468
2010-04-28,155.17104812,129.87533,142.2634384,139.22635376,144.0,218707.1401474013
2010-04-29,148.01791456,135.869576,146.2596024,139.86574,75.0,138409.00923986104
2010-04-30,147.858068,134.2711104,137.4680416,147.858068,88.0,66718.05761725495
2010-05-03,137.4680416,137.4680416,137.4680416,137.4680416,0.0,0.0
2010-05-04,155.850396,131.87341199999997,141.06458919999997,143.861904,185.0,205838.0987366885
2010-05-05,141.06458919999997,127.4776316,130.6745628,141.06458919999997,218.0,353887.2028275116
2010-05-06,135.869576,125.879166,134.67072679999998,131.92536213199998,155.0,241289.34648327748
2010-05-07,131.87341199999997,107.0971952,121.4833856,131.87341199999997,231.0,320966.98233606026
2010-05-10,135.4699596,123.881084,131.87341199999997,135.4699596,185.0,263193.8779289339
2010-05-11,134.67072679999998,120.6841528,130.6745628,134.67072679999998,117.0,193749.15544006703
2010-05-12,135.869576,125.0799332,133.4718776,131.6736038,130.0,389169.56361150346
2010-05-13,131.4737956,125.879166,129.0760972,131.4737956,111.0,192739.6122881844
2010-05-14,130.0751382,123.881084,124.6803168,129.87533,109.0,193059.7442947787
2010-05-17,131.4737956,119.88492,128.2768644,131.4737956,116.0,168861.7884551285
2010-05-18,129.87533,121.0837692,125.4795496,128.2768644,95.0,112091.32057643282
2010-05-19,129.4757136,117.886838,124.2807004,125.4795496,83.0,156301.71834789563
2010-05-20,126.2787824,110.6937428,112.2922084,123.0818512,124.0,217945.60983983643
2010-05-21,124.6803168,102.7014148,112.2922084,119.88492,130.0,204087.51993161443
2010-05-24,131.07417919999995,115.888756,129.0760972,123.881084,155.0,204466.83369351208
2010-05-25,133.871494,115.0895232,118.6860708,131.4737956,113.0,147014.16158095613
2010-05-26,129.4757136,120.28453639999998,122.2826184,126.6783988,58.0,66673.08949282362
2010-05-27,137.0684252,123.881084,133.4718776,129.4757136,137.0,263634.6506299541
2010-05-28,135.869576,126.2787824,131.4737956,131.4737956,69.0,160274.87860858563
2010-05-31,131.4737956,131.4737956,131.4737956,131.4737956,0.0,0.0
2010-06-01,135.869576,123.0818512,123.4814676,132.67264479999997,58.0,83504.75606106257
2010-06-02,133.4718776,120.28453639999998,125.0799332,120.28453639999998,47.0,56036.56406493829
2010-06-03,127.877248,120.28453639999998,125.4795496,120.28453639999998,49.0,82292.19321329155
2010-06-04,127.877248,117.886838,119.0856872,125.4795496,166.0,322367.77569689334
2010-06-07,125.00000992,116.2883724,118.2864544,120.80403772,69.0,102302.90848924118
2010-06-08,123.0818512,111.89259199999998,119.88492,121.16369248,94.0,192725.52377730244
2010-06-09,126.99809192,114.6899068,123.4814676,114.6899068,71.0,112733.33626948245
2010-06-10,126.0789742,117.0876052,122.6822348,122.80211972,57.0,57176.75751045253
2010-06-11,129.87533,117.0876052,127.0780152,117.96676128,93.0,112229.90347743484
2010-06-14,135.869576,111.89259199999998,136.2691924,126.95813028,107.0,170583.43951849826
2010-06-15,143.4622876,135.869576,137.0684252,135.869576,150.0,230656.6497270883
2010-06-16,143.4622876,131.87341199999997,136.6688088,139.50608524,93.0,150690.56224919698
2010-06-17,138.38715932,128.6764808,134.67072679999998,132.2730284,103.0,102624.2416477402
2010-06-18,137.867658,131.07417919999995,135.869576,136.86861699999997,40.0,41689.730451503
2010-06-21,143.861904,136.2691924,139.0665072,139.6659318,92.0,86597.17168764846
2010-06-22,139.86574,125.879166,131.87341199999997,138.6668908,55.0,80042.76100780649
2010-06-23,133.871494,123.881084,129.0760972,129.79540672000002,25.0,35228.68430825161
2010-06-24,133.871494,121.0837692,134.67072679999998,133.871494,47.0,74411.4856147045
2010-06-25,134.75065008,122.2826184,126.6783988,131.87341199999997,42.0,101515.62848771972
2010-06-28,131.4737956,115.888756,129.4757136,131.4737956,90.0,130931.288105293
2010-06-29,130.874371,121.883002,125.0799332,123.12181284,54.0,58620.742291857896
2010-06-30,128.19694112000002,117.886838,122.6822348,128.19694112000002,44.0,60415.61357341691
2010-07-01,124.24073876,113.4910576,120.28453639999998,124.24073876,65.0,74530.47472526153
2010-07-02,126.2787824,113.890674,124.6803168,119.88492,58.0,75653.25146815796
2010-07-05,127.877248,114.2902904,124.6803168,114.45013695999998,46.0,67168.11422153846
2010-07-06,127.877248,115.888756,122.2826184,119.88492,50.0,79310.458729922
2010-07-07,127.877248,118.2864544,124.2807004,123.881084,39.0,51247.17103702451
2010-07-08,131.87341199999997,119.88492,118.2864544,131.87341199999997,49.0,81298.76551612998
2010-07-09,127.877248,117.4872216,121.4833856,127.877248,67.0,114582.50962673203
2010-07-12,130.27494639999998,117.4872216,123.0818512,125.879166,79.0,133595.61819785176
2010-07-13,128.876289,117.0876052,123.0818512,128.876289,61.0,80620.01459399564
2010-07-14,123.881084,117.886838,123.0818512,122.2826184,60.0,84719.44594866477
2010-07-15,123.881084,116.6879888,120.28453639999998,120.4843446,58.0,58804.343365287314
2010-07-16,127.4776316,118.2864544,123.0818512,122.2826184,44.0,61145.96397945631
2010-07-19,125.879166,117.886838,123.4814676,117.886838,34.0,39786.505258542944
2010-07-20,131.07417919999995,121.4833856,126.2787824,124.36062368,62.0,96869.47282443864
2010-07-21,131.87341199999997,119.88492,126.6783988,120.40442131999998,38.0,60163.24655344476
2010-07-22,147.858068,122.6822348,126.2787824,131.87341199999997,199.0,337651.10741200816
2010-07-23,125.879166,117.886838,125.0799332,125.71931944,96.0,181792.21373296992
2010-07-26,126.2787824,117.4872216,123.881084,117.4872216,54.0,70176.39916680097
2010-07-27,137.867658,123.881084,127.877248,126.0789742,62.0,113789.3990336733
2010-07-28,128.71644244,124.6803168,126.6783988,128.4766726,45.0,65830.93186365724
2010-07-29,131.07417919999995,123.881084,128.6764808,125.879166,47.0,89801.92004131964
2010-07-30,136.22923076,123.4814676,126.6783988,129.87533,81.0,161385.01823248496
2010-08-02,137.0684252,125.879166,127.0780152,137.0684252,42.0,50716.81242311377
2010-08-03,127.877248,121.4833856,125.879166,127.877248,50.0,140539.4773587871
2010-08-04,128.6764808,120.6841528,125.4795496,123.881084,48.0,94115.23150701524
2010-08-05,129.4757136,125.0799332,128.2768644,125.95908928,71.0,123344.03693141724
2010-08-06,131.07417919999995,123.0818512,123.4814676,129.4757136,136.0,258812.35104465185
2010-08-09,129.87533,121.0837692,122.6822348,129.87533,73.0,107229.4330262722
2010-08-10,127.0780152,119.0856872,121.883002,125.879166,103.0,157097.0060287816
2010-08-11,123.881084,116.6879888,122.6822348,116.6879888,96.0,214250.51624507905
2010-08-12,123.881084,119.0856872,123.4814676,123.64131416,81.0,178803.7728181326
2010-08-13,124.92008663999998,116.6879888,120.28453639999998,124.92008663999998,108.0,373238.6108277839
2010-08-16,124.4805086,115.888756,119.88492,123.881084,68.0,104921.8950973984
2010-08-17,123.881084,116.6879888,119.0856872,123.881084,63.0,94288.59776525688
2010-08-18,128.6764808,117.886838,121.4833856,125.879166,301.0,511950.5605876035
2010-08-19,125.879166,115.888756,118.6860708,122.2826184,155.0,177088.52789825443
2010-08-20,123.16177448,116.6879888,117.886838,119.88492,147.0,169345.82764871512
2010-08-23,121.883002,114.2902904,119.4853036,121.883002,90.0,202551.54693350923
2010-08-24,121.883002,115.888756,117.886838,116.6879888,66.0,172378.81128001754
2010-08-25,118.6860708,113.0914412,115.0895232,117.886838,109.0,233306.74116477705
2010-08-26,118.64610915999998,114.6899068,116.2883724,118.64610915999998,74.0,181988.3518294044
2010-08-27,116.36829568,112.2922084,114.6899068,116.04860255999998,88.0,126891.11357792122
2010-08-30,114.6899068,114.6899068,114.6899068,114.6899068,0.0,0.0
2010-08-31,117.80691472,109.4948936,110.29412639999998,116.6879888,90.0,145797.34465352274
2010-09-01,112.93159464,103.1010312,108.6956608,112.93159464,460.0,1523210.133518044
2010-09-02,109.89451,100.7033328,102.3017984,106.2979624,237.0,1205630.4496011676
2010-09-03,118.76599407999998,103.50064759999998,118.2864544,104.2998804,381.0,1060297.2000148145
2010-09-06,127.03805355999998,117.886838,120.6841528,119.88492,247.0,714630.8559908953
2010-09-07,147.0588352,119.88492,134.67072679999998,124.2807004,520.0,1012270.1170422436
2010-09-08,143.861904,127.877248,142.66305479999997,134.67072679999998,374.0,484340.4074507452
2010-09-09,145.4603696,125.879166,128.2768644,139.86574,234.0,417570.3749896151
2010-09-10,139.86574,124.6803168,137.4680416,124.6803168,222.0,639812.4801684816
2010-09-13,149.85615,134.67072679999998,135.869576,142.90282463999998,113.0,253090.6389227269
2010-09-14,143.06267119999998,132.2730284,136.6688088,135.0703432,80.0,139290.17928193137
2010-09-15,140.26535639999997,124.6803168,131.4737956,136.6688088,98.0,136064.73608190255
2010-09-16,133.871494,117.0876052,127.0780152,132.2730284,215.0,601671.0275153873
2010-09-17,127.877248,115.888756,123.881084,126.23882076,172.0,530424.3019055275
2010-09-20,125.879166,110.29412639999998,121.4833856,123.4814676,200.0,443941.28969681927
2010-09-21,124.2807004,116.2883724,122.2826184,121.883002,90.0,141422.3740567204
2010-09-22,127.0780152,119.4853036,123.0818512,121.72315544,166.0,268772.75307019433
2010-09-23,129.87533,116.2883724,126.6783988,123.881084,101.0,127438.93894244582
2010-09-24,129.0760972,120.6841528,125.4795496,126.4785906,86.0,90533.59671925378
2010-09-27,127.877248,124.2807004,127.0780152,127.4776316,77.0,109810.383157448
2010-09-28,128.6764808,121.883002,127.0780152,124.6803168,86.0,143244.5715441108
2010-09-29,133.79157071999998,125.0799332,125.879166,129.0760972,124.0,303931.6704719827
2010-09-30,127.877248,121.883002,125.0799332,124.880125,108.0,230886.0447168835
2010-10-01,127.877248,121.4833856,124.6803168,124.32066204,144.0,235414.78778148248
2010-10-02,124.6803168,124.6803168,124.6803168,124.6803168,0.0,0.0
2010-10-04,135.869576,120.28453639999998,123.4814676,124.6803168,109.0,217788.08377233768
2010-10-05,126.4785906,119.88492,123.0818512,123.881084,95.0,262498.31088013406
2010-10-06,129.87533,119.88492,120.28453639999998,129.87533,90.0,138686.82566581352
2010-10-07,125.4795496,116.2883724,121.4833856,121.92296364,82.0,183506.30754893945
2010-10-08,135.869576,119.4853036,122.6822348,121.883002,119.0,272953.83773038344
2010-10-11,127.0780152,117.886838,122.6822348,123.4814676,133.0,154892.54194772788
2010-10-12,124.84016336,119.0856872,120.6841528,121.20365412,159.0,196606.79591728467
2010-10-13,127.11797684,118.2864544,121.4833856,123.0818512,134.0,257724.6829709692
2010-10-14,126.878207,120.6841528,122.6822348,122.64227316,76.0,123844.51689169914
2010-10-15,125.4795496,118.6860708,122.2826184,121.4833856,82.0,170232.30277836445
2010-10-18,124.64035516,118.6860708,123.881084,121.4833856,82.0,203329.0425518072
2010-10-19,126.6783988,121.0837692,123.881084,123.4814676,116.0,197133.00054752507
2010-10-20,183.823544,129.87533,167.4392716,143.861904,1771.0,3125280.644137728
2010-10-21,179.82737999999998,157.848478,161.4450256,169.83697,802.0,1324776.9861296986
2010-10-22,167.838888,144.2615204,144.6611368,163.4431076,403.0,837934.904573486
2010-10-25,153.852314,139.86574,141.06458919999997,145.0607532,346.0,739172.341275283
2010-10-26,143.4622876,134.67072679999998,136.2691924,143.4622876,194.0,365700.2064980316
2010-10-27,143.4622876,127.4776316,134.2711104,136.2691924,272.0,438331.38479802135
2010-10-28,149.85615,132.67264479999997,147.858068,133.871494,333.0,512324.9446218925
2010-10-29,166.2404224,146.6592188,158.6477108,147.858068,421.0,630203.0146910888
2010-11-01,169.83697,156.6496288,162.24425839999998,156.6496288,378.0,619503.0784522358
2010-11-02,166.6400388,155.0511632,165.840806,162.72379808,237.0,393430.4247773615
2010-11-03,169.43735360000002,161.84464199999996,163.4431076,168.19854275999998,212.0,420679.60674286645
2010-11-04,167.838888,155.850396,165.44118959999997,163.84272399999998,188.0,355097.9639474256
2010-11-05,179.82737999999998,161.84464199999996,178.2289144,167.838888,281.0,467459.91906238085
2010-11-08,180.94630592,159.84655999999998,173.83313399999997,179.82737999999998,499.0,756129.1278335925
2010-11-09,185.70174108,171.835052,183.4239276,178.2289144,591.0,976919.4657676712
2010-11-10,215.79285600000003,185.0223932,199.00896720000003,185.0223932,1161.0,1900400.3839682247
2010-11-11,211.796692,197.810118,205.0032132,201.0070492,977.0,1279218.5455852165
2010-11-12,231.777512,203.0051312,230.9782792,211.796692,1085.0,1392468.6774616858
2010-11-15,277.733398,232.1771284,267.3433716,232.1771284,1793.0,2128188.6078749523
2010-11-16,239.76984,209.79861,218.5901708,239.76984,2153.0,3710900.128222966
2010-11-17,222.5863348,199.8082,204.6035968,219.3894036,658.0,1008717.3349241924
2010-11-18,227.781348,202.2058984,224.5844168,224.9840332,588.0,825330.9924217325
2010-11-19,233.29605432,211.3970756,214.9936232,227.781348,302.0,536165.6578658933
2010-11-22,226.9821152,191.0166392,207.40091160000003,220.1886364,342.0,472446.2259306676
2010-11-23,223.785184,201.4066656,217.790938,206.6016788,268.0,416838.3479757087
2010-11-24,229.77943,214.1943904,215.79285600000003,215.79285600000003,312.0,523557.89201844565
2010-11-25,223.785184,206.6016788,208.5997608,223.785184,278.0,549290.5446323024
2010-11-26,215.79285600000003,203.804364,205.0032132,208.5997608,339.0,821467.9627763026
2010-11-29,217.3913216,208.9993772,213.3951576,209.1991854,302.0,394808.871707968
2010-11-30,225.94311256,199.8082,209.3989936,215.71293272,451.0,705464.0900623698
2010-12-01,214.23435204,201.806282,208.2001444,208.2001444,259.0,329830.28224066884
2010-12-02,215.79285600000003,204.20398040000003,205.802446,211.3970756,216.0,257209.8642598252
2010-12-03,211.796692,203.804364,211.3970756,208.5997608,182.0,284968.9352088653
2010-12-06,216.9917052,199.8082,205.802446,216.1924724,399.0,642049.3503269636
2010-12-07,208.9993772,199.8082,207.40091160000003,205.0032132,302.0,406429.0654737894
2010-12-08,208.5997608,199.00896720000003,203.0051312,205.0032132,384.0,464917.4808641488
2010-12-09,219.78902,197.810118,204.20398040000003,201.44662724,317.0,464749.6449094682
2010-12-10,214.1943904,199.8082,201.806282,214.1943904,161.0,194408.4627157444
2010-12-13,215.3932396,200.2078164,203.0051312,204.6035968,163.0,196537.1040828154
2010-12-14,209.79861,190.6170228,199.8082,202.221883056,216.0,296848.65285809094
2010-12-15,203.4047476,189.81779,199.4085836,201.2068574,163.0,213064.9292671672
2010-12-16,199.8082,191.815872,198.2097344,197.0108852,208.0,255797.50981190964
2010-12-17,203.0051312,193.4143376,195.81203600000003,199.8082,168.0,220300.46814895485
2010-12-20,205.802446,197.0108852,198.2097344,197.0108852,155.0,245274.7184549984
2010-12-21,229.77943,197.810118,228.9801972,197.810118,395.0,492684.1841325832
2010-12-22,231.777512,209.79861,214.9936232,227.781348,410.0,565997.8669544093
2010-12-23,229.61958344,209.79861,224.9840332,216.5920888,259.0,287798.42368831707
2010-12-24,233.3759776,219.78902,227.3817316,227.781348,163.0,184096.07313413563
2010-12-27,227.3817316,227.3817316,227.3817316,227.3817316,0.0,0.0
2010-12-28,227.3817316,227.3817316,227.3817316,227.3817316,0.0,0.0
2010-12-29,233.775594,212.9955412,222.1867184,233.3759776,226.0,268045.28042392654
2010-12-30,231.777512,212.1963084,222.9859512,230.9782792,147.0,135110.2457256509
2010-12-31,232.5767448,219.78902,223.785184,232.5767448,124.0,141663.93070955045
2011-01-03,223.785184,223.785184,223.785184,223.785184,0.0,0.0
2011-01-04,227.781348,216.1924724,220.1886364,227.3817316,272.0,330298.33109952445
2011-01-05,251.758332,220.5882528,250.5594828,221.787102,776.0,914674.1224834616
2011-01-06,267.742988,232.5767448,245.764086,249.3606336,810.0,1086767.8353541046
2011-01-07,258.1521944,234.5748268,247.3625516,246.9629352,454.0,464903.2672332768
2011-01-10,259.75066,237.3721416,246.5633188,246.9629352,328.0,400045.0181724274
2011-01-11,249.76025,238.5709908,246.9629352,249.76025,226.0,265220.0710481352
2011-01-12,250.1598664,235.3740596,236.5729088,250.1598664,404.0,664739.1098063042
2011-01-13,247.88205292,222.5863348,234.5748268,238.9706072,380.0,499242.5235801133
2011-01-14,239.3702236,222.9859512,235.773676,237.771758,259.0,389465.5474600142
2011-01-17,237.771758,224.1848004,230.5786628,235.773676,248.0,265052.835669407
2011-01-18,243.766004,227.3817316,231.777512,228.5805808,259.0,312878.5255059602
2011-01-19,240.36926459999995,225.783266,229.77943,234.5748268,173.0,207687.57238191427
2011-01-20,235.1742514,215.3932396,226.5824988,232.1771284,401.0,574434.2574528974
2011-01-21,233.775594,220.9878692,227.3817316,223.3855676,181.0,243179.6092452662
2011-01-24,238.5709908,219.78902,224.9840332,219.78902,118.0,140590.55133873384
2011-01-25,235.69375272,219.78902,229.77943,225.783266,221.0,312519.60630244407
2011-01-26,231.777512,220.5882528,221.3874856,231.777512,196.0,290802.62972190336
2011-01-27,227.781348,219.78902,220.1886364,223.785184,152.0,195998.86290953023
2011-01-28,223.785184,213.794774,220.5882528,220.1886364,122.0,137143.8209242664
2011-01-31,245.764086,222.5863348,228.9801972,223.785184,348.0,423204.0777105244
2011-02-01,240.1694564,221.787102,228.5805808,226.9821152,180.0,239233.9503583937
2011-02-02,231.777512,219.78902,224.1848004,230.1790464,117.0,140623.38282412835
2011-02-03,227.781348,216.1924724,223.785184,225.783266,204.0,333072.341375379
2011-02-04,229.3798136,214.9936232,219.3894036,229.3798136,202.0,241666.0827733797
2011-02-07,223.3855676,214.5940068,214.9936232,220.9878692,198.0,272536.46246750635
2011-02-08,218.9897872,205.802446,209.3989936,207.0012952,279.0,321551.79316964967
2011-02-09,211.3970756,202.2058984,209.3989936,207.0012952,266.0,330514.9388263345
2011-02-10,214.27431368,203.4047476,206.6016788,207.169134088,183.0,232332.8321860665
2011-02-11,218.86990228,203.0051312,206.2020624,216.5920888,362.0,576470.7104112845
2011-02-14,213.794774,206.2020624,206.2020624,206.2020624,139.0,154402.24675463772
2011-02-15,210.861589624,200.6074328,206.2020624,208.2001444,158.0,187480.56886554207
2011-02-16,206.6016788,196.6112688,204.20398040000003,205.802446,284.0,418715.4981627381
2011-02-17,205.802446,199.8082,202.2058984,202.6055148,113.0,193539.1790727308
2011-02-18,206.36190896,198.2097344,203.0051312,199.8082,195.0,448083.71228007664
2011-02-21,208.67968408,196.57130716,201.806282,204.6035968,218.0,339724.2205274858
2011-02-22,205.802446,191.3415273332,201.806282,199.8082,226.0,458808.87270892784
2011-02-23,198.79585497081115,175.15186812,197.0108852,187.42009160000003,449.0,973741.4180198812
2011-02-24,195.81203600000003,181.30919757284,192.0156802,189.81779,148.0,219285.31962151703
2011-02-25,218.941833232,178.2289144,189.81779,218.941833232,108.0,232170.526534947
2011-02-28,209.79861,187.2202834,189.81779,208.5997608,586.0,854708.115082364
2011-03-01,211.03742084,195.81203600000003,191.815872,199.8082,421.0,557980.5533506633
2011-03-02,204.20398040000003,200.2078164,199.6083918,201.4066656,290.0,295054.2320084962
2011-03-03,219.78902,198.72923572,201.6064738,202.52559152,353.0,404520.88552922255
2011-03-04,222.9859512,209.79861,213.1953494,211.796692,444.0,606839.4840652186
2011-03-07,230.9782792,217.27143668,218.3903626,219.78902,462.0,534486.7227671337
2011-03-08,237.771758,229.3798136,228.3807726,230.9782792,478.0,623438.1521879483
2011-03-09,234.1752104,212.9955412,230.778471,228.1809644,289.0,401684.3402823308
2011-03-10,223.785184,207.0012952,215.5930478,219.78902,229.0,298182.15668826405
2011-03-11,211.75673036,202.2058984,208.3999526,209.79861,255.0,320331.4478584963
2011-03-14,208.799569,195.81203600000003,206.0022542,204.88332828,241.0,337597.7562482421
2011-03-15,203.4047476,181.0262292,200.0080082,199.74825754,223.0,290720.65110440913
2011-03-16,204.68352008,193.0147212,195.4124196,193.4143376,174.0,493947.0201923645
2011-03-17,203.0051312,193.49426088,202.805323,200.2078164,142.0,153367.67960474096
2011-03-18,207.56075816,197.65027144,197.810118,199.00896720000003,141.0,176821.04638348176
2011-03-19,197.810118,197.810118,197.810118,197.810118,0.0,0.0
2011-03-21,207.800528,198.6093508,201.6064738,203.4047476,166.0,224749.659923867
2011-03-22,203.4047476,191.0166392,201.0070492,199.8082,200.0,304368.16406934254
2011-03-23,203.804364,196.2116524,198.6093508,199.00896720000003,115.0,133718.51105209897
2011-03-24,203.76440236,196.6112688,200.2078164,196.6112688,96.0,109447.38504225554
2011-03-25,207.6007198,199.8082,205.2030214,202.2058984,110.0,202485.38348276
2011-03-28,210.1982264,200.2078164,202.4057066,203.48467087999995,131.0,166085.35085146656
2011-03-29,204.6035968,196.25161404,200.4076246,204.6035968,153.0,327864.72226865566
2011-03-30,207.800528,197.89004128,199.2087754,201.806282,136.0,217118.8920174448
2011-03-31,206.6016788,192.77495136,199.4085836,198.6093508,132.0,242241.48458371585
2011-04-01,201.0070492,195.85199764,198.0099262,197.4105016,124.0,233084.9784943761
2011-04-04,205.44279124,195.53230452,197.4105016,199.44854524,146.0,166868.92730128195
2011-04-05,203.4047476,189.69790508,195.6122278,199.00896720000003,108.0,313427.12661442324
2011-04-06,199.8082,189.81779,199.2087754,190.6170228,114.0,105124.41431332647
2011-04-07,204.32386532000004,191.815872,198.809159,191.815872,156.0,127273.75553155477
2011-04-08,199.8082,193.13460612,199.00896720000003,197.810118,128.0,148110.98843791196
2011-04-11,202.84528464,191.2164474,192.4152966,198.56938916,140.0,217907.32312287483
2011-04-12,207.800528,190.2174064,197.2106934,199.8082,201.0,447890.0515594456
2011-04-13,206.64164044,184.2231604,204.4037886,189.81779,182.0,246381.60495915584
2011-04-14,207.36094996,197.810118,200.4076246,207.36094996,157.0,310810.81757405354
2011-04-15,207.800528,193.0147212,204.6035968,193.0147212,84.0,149112.24864645195
2011-04-18,206.6016788,199.4085836,202.805323,204.6035968,184.0,287671.4769463916
2011-04-19,205.36286796,191.815872,198.6093508,199.8082,121.0,157714.34805978934
2011-04-20,199.8082,193.93383892,199.6083918,199.584414816,99.0,169432.1354178657
2011-04-21,202.48562988,191.815872,196.811077,197.338570648,88.0,226762.890612097
2011-04-26,199.8082,184.6227768,192.814913,199.8082,263.0,332965.9893838191
2011-04-27,201.806282,191.815872,197.4105016,192.09560348,126.0,182853.35636875764
2011-04-28,201.28678068,190.2174064,197.4105016,195.236588384,145.0,192475.93442110985
2011-04-29,197.4105016,197.4105016,197.4105016,197.4105016,0.0,0.0
2011-05-02,197.4105016,197.4105016,197.4105016,197.4105016,0.0,0.0
2011-05-03,201.4066656,187.0204752,190.2174064,197.066831496,118.0,140357.05241326435
2011-05-04,199.600399472,185.0223932,189.81779,193.65410744,124.0,179447.61526303727
2011-05-05,195.0128032,174.2327504,182.2250784,189.162419104,334.0,731674.0504143473
2011-05-06,309.70271,174.2327504,222.786143,187.819708,1757.0,4534427.29077185
2011-05-09,246.9629352,221.787102,227.9811562,233.775594,765.0,1428744.240726857
2011-05-10,235.773676,202.12597512,213.9945822,232.452863716,419.0,573271.1170012042
2011-05-11,223.785184,204.96325156,213.5949658,221.743144196,178.0,241618.2368891767
2011-05-12,214.5940068,200.2078164,202.2058984,211.033424676,234.0,387419.960742352
2011-05-13,214.1943904,192.6151048,208.3999526,199.8082,255.0,296201.4071494563
2011-05-16,213.11542612,199.8082,201.2068574,199.8082,215.0,322387.3444633404
2011-05-17,209.3989936,190.2174064,191.2164474,209.3989936,345.0,472512.53952540486
2011-05-18,207.800528,189.81779,193.813954,199.8082,260.0,398432.8721243673
2011-05-19,207.800528,81.92136199999999,199.6083918,189.81779,207.0,309297.1159341809
2011-05-20,208.5997608,187.819708,191.0166392,200.319708992,249.0,303984.2458918103
2011-05-23,197.69023308,181.0262292,187.6198998,194.948864576,185.0,264349.761421203
2011-05-24,195.4124196,179.82737999999998,186.0214342,179.82737999999998,163.0,208116.2584918937
2011-05-25,192.89483628,180.02718819999998,189.6179818,182.6246948,150.0,191395.5733548473
2011-05-26,193.65410744,184.2231604,187.819708,190.95669674,90.0,579830.8327686251
2011-05-27,192.05564184,179.82737999999998,184.0233522,184.2231604,106.0,163272.1029467259
2011-05-30,184.0233522,184.0233522,184.0233522,184.0233522,0.0,0.0
2011-05-31,193.813954,177.62948980000002,186.0214342,185.821626,147.0,173095.2483431611
2011-06-01,191.4162556,179.82737999999998,181.6256538,190.6170228,128.0,212263.66085075587
2011-06-02,183.0243112,175.831216,177.82929800000002,181.0262292,124.0,183410.6408045316
2011-06-03,183.823544,165.28134303999997,168.23850439999998,178.796369688,122.0,147707.55154192873
2011-06-06,180.90634428,163.0434912,172.834093,173.83313399999997,172.0,301732.8618144801
2011-06-07,175.831216,164.24234040000002,168.23850439999998,175.831216,100.0,144724.24054668428
2011-06-08,171.835052,162.24425839999998,165.44118959999997,171.835052,142.0,184894.2135507952
2011-06-09,171.835052,158.6477108,164.6419568,171.835052,239.0,297725.3185805187
2011-06-10,173.35359432,159.84655999999998,168.4383126,163.0434912,80.0,104351.04765470086
2011-06-13,193.813954,166.839847,179.22795539999998,175.831216,214.0,295940.3818261713
2011-06-14,189.81779,174.2327504,178.4287226,189.81779,131.0,181616.01976295267
2011-06-15,184.34304532,167.03965519999997,172.0348602,180.66657444,102.0,120161.33471999648
2011-06-16,179.82737999999998,158.40794096,160.2461764,179.82737999999998,206.0,272076.94679197355
2011-06-17,169.83697,157.848478,161.4450256,167.03965519999997,362.0,609858.4292336351
2011-06-20,189.81779,159.84655999999998,180.2269964,161.84464199999996,599.0,864872.5878117115
2011-06-21,190.45717624,169.83697,178.82833899999997,181.825462,243.0,322158.67516948754
2011-06-22,185.821626,168.19854275999998,175.2317914,183.375973632,156.0,202461.0851806883
2011-06-23,184.6227768,163.84272399999998,167.6390798,175.831216,162.0,241585.33033178825
2011-06-24,179.82737999999998,167.03965519999997,173.0339012,175.831216,162.0,219975.78177472195
2011-06-27,183.4239276,165.44118959999997,171.2356274,165.44118959999997,166.0,192351.5651509798
2011-06-28,179.34784032,159.84655999999998,165.44118959999997,179.34784032,172.0,252500.5480255565
2011-06-29,179.02814720000003,163.84272399999998,167.23946339999998,177.74937472000002,111.0,157598.6621169702
2011-06-30,171.0358192,164.32226368,166.839847,170.19662476000002,128.0,192237.98122399385
2011-07-01,189.4181736,165.840806,176.4306406,168.68607476799997,175.0,186768.3608580629
2011-07-04,179.82737999999998,170.23658639999996,173.43351759999996,179.82737999999998,143.0,197278.18978400287
2011-07-05,190.53709952,173.71324908000005,183.4239276,179.82737999999998,255.0,428748.6949985036
2011-07-06,197.810118,183.823544,191.0166392,183.823544,248.0,335658.0460661775
2011-07-07,203.4047476,177.0300652,182.4248866,197.810118,337.0,528928.9428561991
2011-07-08,191.815872,170.63620279999998,171.2356274,175.831216,230.0,357725.0583309394
2011-07-11,183.823544,167.838888,174.2327504,167.838888,192.0,293677.5367577507
2011-07-12,178.10902948,165.20141976000002,171.2356274,167.838888,154.0,229743.74925553607
2011-07-13,171.59528215999998,165.04157319999996,169.6371618,170.43639459999997,154.0,317781.4273888659
2011-07-14,173.83313399999997,165.840806,168.6381208,171.0358192,200.0,218585.0480610906
2011-07-15,173.95301891999998,163.84272399999998,170.83601099999998,169.86893931199998,113.0,139718.91543990688
2011-07-18,172.67424644,163.84272399999998,167.03965519999997,172.23466839999998,103.0,147810.5252937567
2011-07-19,168.35838932,155.850396,159.84655999999998,166.97172041199997,360.0,528370.5073165165
2011-07-20,177.4296816,160.2461764,172.63428480000002,161.50896422399998,312.0,506718.6181548105
2011-07-21,179.82737999999998,169.0377372,171.835052,172.0348602,170.0,319849.3355127567
2011-07-22,179.4277636,170.23658639999996,170.43639459999997,172.31459168,135.0,279930.2030647391
2011-07-23,170.43639459999997,170.43639459999997,170.43639459999997,170.43639459999997,0.0,0.0
2011-07-25,175.831216,166.6400388,171.2356274,175.831216,124.0,147180.52111975386
2011-07-26,172.75416972000002,167.75896472,171.2356274,167.838888,78.0,96919.27058048669
2011-07-27,177.0300652,167.03965519999997,169.23754540000002,168.6381208,102.0,121642.93057041704
2011-07-28,173.79317235999997,164.88172664,166.0406142,173.0339012,124.0,172136.80419522323
2011-07-29,167.838888,157.20909175999998,163.0434912,159.84655999999998,150.0,274158.8433307542
2011-08-01,169.43735360000002,159.84655999999998,162.6438748,168.6381208,110.0,126313.0091757996
2011-08-02,169.39739196,158.32801768,161.04540920000002,167.03965519999997,124.0,163040.1805331313
2011-08-03,169.83697,141.863822,150.0559582,168.6381208,413.0,749302.8814633234
2011-08-04,163.4431076,129.87533,140.0655482,163.4431076,307.0,597364.5976491456
2011-08-05,149.85615,119.88492,141.06458919999997,148.2576844,322.0,684851.5476341812
2011-08-08,148.33760768,121.60327052,136.6688088,139.86574,195.0,343328.22676947195
2011-08-09,145.50033123999998,117.6870298,136.2691924,131.87341199999997,252.0,382065.3506712938
2011-08-10,149.85615,131.87341199999997,139.0665072,139.86574,151.0,869577.3496783415
2011-08-11,156.6496288,130.27494639999998,147.858068,131.87341199999997,144.0,1241903.1851545633
2011-08-12,169.83697,146.2596024,160.64579279999998,156.993298904,156.0,254851.85292695696
2011-08-15,174.6323668,161.04540920000002,162.4440666,165.393235632,176.0,273952.1701311558
2011-08-16,171.27558903999997,151.93415528,156.84943699999997,165.840806,122.0,190575.66205991543
2011-08-17,166.6400388,154.2519304,164.6419568,166.6400388,74.0,103273.88966018413
2011-08-18,167.838888,149.85615,153.25288940000002,166.95973192,107.0,133109.20172445377
2011-08-19,161.4450256,139.86574,152.853273,153.27287022000002,117.0,150989.94936143764
2011-08-22,167.838888,145.50033123999998,149.0569172,167.838888,62.0,68557.22137529892
2011-08-23,153.73242908,147.09879683999998,149.6563418,149.908100132,44.0,54440.75868758139
2011-08-24,159.2471354,147.0588352,150.0559582,153.852314,77.0,123067.59682535552
2011-08-25,155.69054943999998,143.861904,145.0607532,155.67056861999998,84.0,165449.56613392243
2011-08-26,149.85615,141.863822,149.2567254,143.861904,68.0,98316.0851256355
2011-08-29,149.2567254,149.2567254,149.2567254,149.2567254,0.0,0.0
2011-08-30,152.2538484,145.0607532,148.45749259999997,149.85615,77.0,132333.08242604657
2011-08-31,154.37181532,142.2634384,149.4565336,142.2634384,123.0,152907.938713226
2011-09-01,153.852314,145.4603696,151.2548074,145.4603696,57.0,72519.62131684285
2011-09-02,149.85615,144.50129024,149.6563418,147.0588352,62.0,120278.22181472034
2011-09-05,149.85615,142.66305479999997,145.0607532,143.861904,49.0,80912.09469881616
2011-09-06,155.850396,143.861904,146.2596024,149.85615,66.0,92199.64445903622
2011-09-07,151.21484575999995,145.34048468,149.0569172,145.34048468,43.0,75191.5336807999
2011-09-08,159.84655999999998,145.93990928,148.85710899999998,149.85615,114.0,152539.66053445256
2011-09-09,178.62853079999996,151.854232,159.2471354,151.854232,494.0,851771.0234114516
2011-09-12,167.838888,147.0588352,154.2519304,159.84655999999998,176.0,235588.028919734
2011-09-13,163.84272399999998,149.85615,158.847519,149.85615,59.0,94023.99401025585
2011-09-14,164.00257056,149.53645688,160.4459846,153.852314,114.0,183051.0209290709
2011-09-15,165.52111287999998,151.854232,162.04445019999997,160.64179663599998,75.0,117471.35502947328
2011-09-16,164.92168827999996,156.2500124,156.84943699999997,164.80180335999995,98.0,151650.60793300776
2011-09-19,165.840806,151.6544238,153.25288940000002,160.15826079199996,69.0,141226.46117626806
2011-09-20,161.04540920000002,150.41561296,151.6544238,156.098158168,144.0,272111.6801012171
2011-09-21,158.00832456,145.4603696,145.0607532,153.852314,134.0,187564.32418689525
2011-09-22,147.4584516,139.86574,142.2634384,146.391475812,135.0,228075.12404395817
2011-09-23,149.2567254,139.86574,144.0617122,145.859986,127.0,218963.886367026
2011-09-26,151.854232,141.863822,143.6620958,151.854232,75.0,107526.6180266876
2011-09-27,143.02270956,135.4699596,140.864781,141.863822,393.0,907009.8974916948
2011-09-28,143.861904,129.87533,135.27015139999995,141.863822,180.0,739327.1647509963
2011-09-29,138.46708259999997,134.51088024,134.870535,137.0684252,86.0,223903.5985510104
2011-09-30,151.05499919999997,129.87533,134.4709186,135.086327856,173.0,407408.504756061
2011-10-03,139.86574,125.879166,128.876289,130.27494639999998,155.0,334918.3116608828
2011-10-04,133.871494,115.888756,123.2816594,131.87341199999997,272.0,583951.9349055744
2011-10-05,136.46900060000002,124.6803168,129.4757136,129.87533,99.0,175452.80924406505
2011-10-06,139.86574,125.43958795999998,139.6659318,131.87341199999997,154.0,260461.6827537609
2011-10-07,143.4622876,135.70972944,141.06458919999997,143.4622876,213.0,359458.99617733405
2011-10-10,143.861904,139.6659318,140.46516459999998,143.861904,252.0,509730.1311958168
2011-10-11,144.50129024,135.869576,139.2663154,139.86574,141.0,306704.4795959325
2011-10-12,146.85902699999997,137.867658,141.6640138,146.85902699999997,110.0,212280.3768814293
2011-10-13,147.57833652,140.6649728,144.6611368,141.863822,200.0,435512.9819496898
2011-10-14,153.69246744,143.18255612,152.2538484,144.868937328,248.0,643125.4823375617
2011-10-17,161.40506396,149.85615,155.65058779999998,155.850396,237.0,324192.1002241149
2011-10-18,167.838888,152.4536566,160.0463682,155.962288592,125.0,215259.2085810292
2011-10-19,160.64579279999998,154.0521222,156.84943699999997,159.80659835999998,118.0,236383.6919605902
2011-10-20,159.84655999999998,151.17488411999997,156.2500124,155.850396,87.0,139871.71197178093
2011-10-21,159.60679016,150.6553828,153.0530812,154.6515468,73.0,87776.92807402299
2011-10-24,158.76759572,149.85615,152.0540402,158.40794096,86.0,141715.90555342572
2011-10-25,160.64579279999998,149.85615,152.0540402,151.007045232,101.0,172044.96612251148
2011-10-26,156.6496288,149.85615,152.2538484,155.37085631999997,70.0,99078.39117713888
2011-10-27,159.84655999999998,151.29476903999998,153.0530812,153.64850963599997,133.0,266506.6799060299
2011-10-28,169.83697,151.05499919999997,158.4479026,154.203976432,423.0,596872.1503922262
2011-10-31,165.36126631999997,152.37373332,160.64579279999998,159.84655999999998,172.0,265547.71025413374
2011-11-01,163.40314596000002,154.2519304,158.0482862,161.892595968,111.0,238994.87108136705
2011-11-02,163.0434912,155.69054943999998,158.6477108,161.6448338,257.0,133746.71309786086
2011-11-03,164.6419568,156.60966716,159.84655999999998,161.341125336,86.0,135042.68093101284
2011-11-04,175.07194484,160.64579279999998,168.4383126,165.840806,328.0,502435.3605107298
2011-11-07,175.831216,163.84272399999998,168.837929,171.487385732,255.0,480444.6464159129
2011-11-08,171.835052,163.84272399999998,165.64099779999995,167.6390798,186.0,427745.9583740808
2011-11-09,168.15858112,151.854232,159.6467518,167.99873455999997,189.0,439355.4668927502
2011-11-10,161.84464199999996,150.2557664,158.6477108,159.5468477,192.0,280612.08198662515
2011-11-11,161.4450256,152.2538484,159.6467518,158.515837388,173.0,255112.70308225587
2011-11-14,159.84655999999998,156.2500124,157.848478,159.678721112,113.0,156593.89854870824
2011-11-15,159.84655999999998,155.0511632,158.0482862,159.84655999999998,88.0,145792.489997908
2011-11-16,159.84655999999998,154.6515468,157.6486698,159.84655999999998,105.0,143538.27820880225
2011-11-17,159.84655999999998,156.28997404,158.847519,156.72955208,130.0,138683.0470421134
2011-11-18,163.60295416,155.850396,164.4421486,157.90842045999997,104.0,166544.165855055
2011-11-21,169.83697,155.850396,156.84943699999997,166.6400388,121.0,172240.82895496784
2011-11-22,161.32514068,153.852314,158.0482862,158.56778752,106.0,208400.70627732
2011-11-23,160.64579279999998,151.854232,152.853273,160.64579279999998,139.0,211866.029522312
2011-11-24,157.0492452,150.6553828,153.852314,150.6553828,81.0,91694.1847231495
2011-11-25,159.4469436,147.09879683999998,157.4488616,154.6515468,183.0,297854.7176742496
2011-11-28,165.840806,145.859986,156.0502042,145.859986,156.0,236070.29140946167
2011-11-29,167.4392716,156.2500124,157.24905339999998,156.477793748,269.0,488855.0870284603
2011-11-30,160.32609968,155.25097139999997,157.6486698,159.18039946119998,179.0,303968.1054130912
2011-12-01,161.4450256,153.77239071999998,156.0502042,159.103273496,122.0,217441.77666382064
2011-12-02,160.64579279999998,154.01216055999998,159.4469436,157.4488616,115.0,157761.61839203798
2011-12-05,166.71996208,155.850396,159.4469436,166.71996208,166.0,315222.9237839088
2011-12-06,161.4450256,152.6534648,157.848478,160.2461764,111.0,96608.4224771556
2011-12-07,159.84655999999998,152.2538484,157.0492452,156.134123644,54.0,53336.199415239214
2011-12-08,160.36606132,143.861904,154.851355,158.847519,102.0,149576.74409758957
2011-12-09,160.20621476000002,149.97603492,158.847519,154.11206466,79.0,170386.3254861412
2011-12-12,163.84272399999998,151.854232,156.4498206,163.84272399999998,109.0,161369.62847370628
2011-12-13,163.84272399999998,153.0530812,157.848478,163.84272399999998,123.0,71847.17644220809
2011-12-14,160.4459846,154.2519304,156.6496288,155.298925368,72.0,137179.05471347022
2011-12-15,159.84655999999998,154.01216055999998,157.6486698,159.04732719999998,96.0,129063.89727748912
2011-12-16,163.4431076,154.2519304,156.84943699999997,159.76663672,111.0,131175.72251789467
2011-12-19,167.838888,150.6553828,157.4488616,159.84655999999998,237.0,557609.6226281004
2011-12-20,185.821626,151.854232,157.4488616,183.823544,312.0,561887.9505445722
2011-12-21,165.840806,152.4536566,154.0521222,165.836809836,116.0,190904.6025138108
2011-12-22,159.84655999999998,150.6553828,156.4498206,151.97411692,113.0,167720.2937617175
2011-12-23,157.4488616,149.17680212,152.0540402,155.49873356799998,74.0,122458.46266569642
2011-12-27,152.0540402,152.0540402,152.0540402,152.0540402,0.0,0.0
2011-12-28,159.84655999999998,140.54508787999998,152.853273,159.84655999999998,172.0,274950.70272391225
2011-12-29,154.61158516,142.2634384,149.85615,144.6611368,117.0,197088.7831430341
2011-12-30,151.854232,141.2643974,144.86094500000002,149.85615,74.0,141269.1771408781
2012-01-02,144.86094500000002,144.86094500000002,144.86094500000002,144.86094500000002,0.0,0.0
2012-01-03,159.84655999999998,143.6620958,150.0559582,145.859986,173.0,199040.4297721515
2012-01-04,157.0492452,142.66305479999997,153.25288940000002,156.96932191999997,178.0,804450.618142799
2012-01-05,157.848478,148.29764604,150.855191,155.850396,131.0,130546.84442380242
2012-01-06,153.852314,146.61925716,149.6563418,149.93607328,129.0,196182.93943892192
2012-01-09,150.6553828,143.4622876,147.25864339999998,143.4622876,147.0,206613.76760313145
2012-01-10,149.4565336,140.864781,143.6620958,146.531341552,287.0,509827.0491401254
2012-01-11,148.97699391999998,140.6649728,144.6611368,148.97299775599998,107.0,175529.98325394053
2012-01-12,147.858068,136.54892388,141.2643974,144.78102172,206.0,422319.5044047241
2012-01-13,146.2596024,140.6649728,142.66305479999997,146.19965994,188.0,641004.9487458473
2012-01-16,146.2596024,138.34719768,142.862863,143.4622876,180.0,309709.8867814234
2012-01-17,147.61829816,140.6649728,145.26056139999997,143.861904,147.0,329914.18770601007
2012-01-18,148.6573008,135.869576,147.6582598,135.869576,97.0,197053.27408985217
2012-01-19,149.85615,142.2634384,149.2567254,145.943905444,197.0,372785.1509597704
2012-01-20,153.4526976,145.0607532,149.4565336,145.0607532,159.0,184353.7702656848
2012-01-23,155.850396,145.859986,149.6563418,154.33185368,213.0,265772.0503963301
2012-01-24,156.6496288,147.858068,153.0530812,149.53645688,133.0,193708.29125131
2012-01-25,158.6477108,150.2557664,152.4536566,154.77143172,250.0,374896.0503122495
2012-01-26,157.4488616,147.858068,156.0502042,149.4565336,167.0,348439.503483841
2012-01-27,157.96836291999998,145.859986,155.65058779999998,145.859986,129.0,232223.752578723
2012-01-30,157.848478,148.81714735999998,151.45461559999998,155.850396,174.0,421994.292526533
2012-01-31,153.0530812,147.858068,152.853273,148.09783783999998,150.0,329864.76530993223
2012-02-01,156.88939864,145.859986,149.4565336,145.859986,125.0,205180.64323686413
2012-02-02,151.854232,146.6592188,149.6563418,151.854232,114.0,152417.49337614773
2012-02-03,153.852314,145.859986,150.855191,148.93703227999998,192.0,299452.4749234516
2012-02-05,150.855191,150.855191,150.855191,150.855191,0.0,0.0
2012-02-06,165.72092107999998,147.858068,160.84560100000002,151.45461559999998,400.0,623114.1915096578
2012-02-07,161.84464199999996,151.854232,156.84943699999997,161.4450256,230.0,410691.9786074846
2012-02-08,161.84464199999996,152.97315792,155.25097139999997,161.84464199999996,184.0,232277.77939043543
2012-02-09,155.4507796,150.2557664,150.4555746,154.61158516,180.0,299927.3553337651
2012-02-10,154.6515468,145.859986,153.25288940000002,150.2557664,147.0,222357.7160496917
2012-02-13,154.6515468,147.858068,150.4555746,154.6515468,199.0,1994895.3045971089
2012-02-14,154.6515468,146.85902699999997,149.2567254,153.852314,185.0,351647.0545252898
2012-02-15,153.852314,145.58025451999998,148.85710899999998,147.858068,113.0,223403.86931066896
2012-02-16,150.6553828,146.29956404,149.0569172,146.29956404,110.0,117760.13196655591
2012-02-17,159.84655999999998,141.863822,149.85615,149.90010780400002,289.0,563810.8696239694
2012-02-20,153.852314,143.6620958,151.45461559999998,151.05499919999997,248.0,498605.51268666657
2012-02-21,155.0511632,143.74201908,148.45749259999997,143.75800373599998,165.0,468041.9272081927
2012-02-22,153.0530812,145.82002436,148.0578762,146.22363692399998,140.0,265866.3408208472
2012-02-23,151.854232,145.859986,147.6582598,151.854232,67.0,107285.81209379795
2012-02-24,151.05499919999997,145.859986,149.4565336,147.4584516,199.0,347736.6294276211
2012-02-27,151.854232,147.25864339999998,148.85710899999998,147.25864339999998,211.0,583793.232710169
2012-02-28,149.85615,146.6592188,147.25864339999998,149.4565336,181.0,330180.7933808522
2012-02-29,151.13492248,146.6592188,147.858068,149.85615,370.0,819887.021653766
2012-03-01,150.2557664,145.859986,149.2567254,145.859986,196.0,296559.20027306187
2012-03-02,151.854232,144.74106008,148.0578762,151.854232,157.0,288781.6415942889
2012-03-05,149.85615,145.859986,147.6582598,145.859986,147.0,1504499.4149389265
2012-03-06,155.0511632,141.06458919999997,146.85902699999997,155.0511632,214.0,319054.9987437953
2012-03-07,148.49745424,139.86574,144.4613286,147.7505711884,181.0,381035.8383689959
2012-03-08,146.6592188,142.02366856,144.2615204,142.4632466,211.0,402198.3582255383
2012-03-09,165.840806,143.861904,161.2452174,143.861904,810.0,1488882.8886902542
2012-03-12,167.838888,159.04732719999998,162.4440666,164.24234040000002,634.0,1063038.8042132405
2012-03-13,189.81779,161.36510232,184.2231604,167.838888,1059.0,1711175.5673691072
2012-03-14,201.806282,170.27654804000002,180.02718819999998,184.6227768,1878.0,2906980.9947739886
2012-03-15,187.819708,173.83313399999997,179.22795539999998,186.397073616,375.0,609982.1478798168
2012-03-16,187.819708,176.2308324,180.826421,181.661619276,313.0,391636.1540717548
2012-03-19,199.8082,180.2269964,189.81779,182.0252702,533.0,768718.1256825296
2012-03-20,199.8082,177.94918292000003,182.0252702,190.05755984,486.0,795506.3155566189
2012-03-21,188.57897916,175.831216,177.82929800000002,188.57897916,319.0,553593.12080285
2012-03-22,185.4220096,165.24138139999997,171.2356274,185.4220096,291.0,448628.5597888375
2012-03-23,172.47443823999998,164.24234040000002,170.0367782,171.835052,400.0,582668.8294074017
2012-03-26,176.2308324,159.84655999999998,165.64099779999995,175.11190648,510.0,955845.4057441086
2012-03-27,170.63620279999998,157.848478,167.23946339999998,168.0386962,219.0,327796.35670608113
2012-03-28,173.0339012,161.84464199999996,163.6429158,171.835052,169.0,233293.27825384543
2012-03-29,172.23466839999998,160.0463682,163.84272399999998,161.84464199999996,242.0,407701.6108448002
2012-03-30,169.23754540000002,160.84560100000002,166.839847,169.23754540000002,108.0,154708.34029834613
2012-04-02,169.83697,160.64579279999998,168.4383126,163.0434912,187.0,308007.62931651453
2012-04-03,170.63620279999998,165.840806,168.23850439999998,166.2404224,208.0,417083.883444223
2012-04-04,169.83697,163.84272399999998,165.04157319999996,167.4392716,192.0,422212.0013092556
2012-04-05,186.0214342,160.2461764,167.23946339999998,163.84272399999998,282.0,467910.2008826464
2012-04-08,167.23946339999998,167.23946339999998,167.23946339999998,167.23946339999998,0.0,0.0
2012-04-09,167.23946339999998,167.23946339999998,167.23946339999998,167.23946339999998,0.0,0.0
2012-04-10,179.02814720000003,163.84272399999998,167.838888,167.03965519999997,176.0,260304.1066382661
2012-04-11,170.67616443999998,160.64579279999998,162.24425839999998,164.48211024,220.0,435030.59433997207
2012-04-12,173.83313399999997,161.4450256,163.6429158,167.838888,214.0,317646.9233995402
2012-04-13,175.831216,161.84464199999996,166.6400388,161.84464199999996,219.0,454831.43334457744
2012-04-16,174.6323668,163.0434912,165.24138139999997,174.6323668,159.0,380133.4980246056
2012-04-17,169.43735360000002,162.6438748,165.24138139999997,165.44118959999997,101.0,149845.1515002888
2012-04-18,168.6381208,160.48594624,163.4431076,167.19950176,188.0,246561.0270249169
2012-04-19,174.2327504,162.6438748,167.4392716,168.6381208,176.0,292944.25854394364
2012-04-20,177.82929800000002,163.84272399999998,166.6400388,177.0300652,150.0,215487.727730894
2012-04-23,177.82929800000002,160.64579279999998,166.2404224,177.82929800000002,156.0,274662.42626678984
2012-04-24,169.99681655999996,161.00544756,168.23850439999998,162.24425839999998,97.0,184315.85890869345
2012-04-25,166.6400388,160.64579279999998,163.24329939999998,165.18543510400002,144.0,265696.2276823473
2012-04-26,175.831216,160.2461764,162.843683,163.69086976799997,103.0,124211.0433906116
2012-04-27,168.79796736,161.84464199999996,163.0434912,162.56395151999996,140.0,211771.7641217928
2012-04-30,169.43735360000002,161.2452174,162.6438748,162.6438748,104.0,178218.38643258886
2012-05-01,164.92168827999996,159.60679016,162.6438748,161.84464199999996,85.0,121166.8740321969
2012-05-02,165.840806,158.2480944,163.24329939999998,163.14339529999998,76.0,92827.44652121385
2012-05-03,163.4431076,158.847519,161.2452174,161.4450256,79.0,104570.05768532024
2012-05-04,162.6438748,152.2538484,159.2471354,160.2461764,171.0,279844.2956795568
2012-05-07,159.2471354,159.2471354,159.2471354,159.2471354,0.0,0.0
2012-05-08,161.84464199999996,151.854232,153.4526976,161.84464199999996,159.0,220870.614919708
2012-05-09,159.4469436,140.26535639999997,148.0578762,159.4469436,252.0,485233.3137478842
2012-05-10,155.41081795999995,142.0636302,146.4594106,148.17776112,240.0,489903.717665241
2012-05-11,147.858068,141.74393708,147.25864339999998,141.74393708,133.0,248899.56968733016
2012-05-14,147.858068,136.2691924,141.6640138,144.033739052,145.0,343568.6323183934
2012-05-15,147.858068,136.2691924,137.4680416,147.858068,169.0,301853.77777288423
2012-05-16,143.4622876,130.6745628,134.2711104,143.4622876,231.0,332018.2805310293
2012-05-17,135.869576,126.2787824,129.0760972,135.4699596,285.0,566461.2863736323
2012-05-18,131.87341199999997,122.2826184,129.0760972,131.87341199999997,207.0,429190.4186114484
2012-05-21,133.871494,126.2787824,128.876289,133.871494,150.0,278852.16923029185
2012-05-22,135.869576,123.4814676,132.67264479999997,129.87533,199.0,466108.3979536376
2012-05-23,137.867658,129.87533,134.67072679999998,133.871494,106.0,196674.78611988897
2012-05-24,145.42040795999998,132.67264479999997,139.86574,136.6688088,154.0,373020.8019490692
2012-05-25,153.0530812,137.867658,138.86669899999998,147.858068,202.0,381871.1644467045
2012-05-28,147.4584516,130.27494639999998,132.2730284,136.44901978,144.0,214095.5926733738
2012-05-29,135.869576,127.79732472,130.874371,129.2759054,122.0,169637.1320095972
2012-05-30,137.4680416,125.879166,126.0789742,137.4680416,190.0,369101.6935240896
2012-05-31,133.4718776,125.0799332,126.6783988,125.879166,174.0,331922.41359463724
2012-06-01,125.879166,118.0866462,120.28453639999998,123.881084,489.0,2649153.6383391675
2012-06-04,120.28453639999998,120.28453639999998,120.28453639999998,120.28453639999998,0.0,0.0
2012-06-05,120.28453639999998,120.28453639999998,120.28453639999998,120.28453639999998,0.0,0.0
2012-06-06,137.58792652,118.2864544,122.4824266,123.881084,217.0,527675.5658676671
2012-06-07,125.879166,119.0856872,121.2835774,120.99984975599996,182.0,461674.1705295378
2012-06-08,122.6822348,118.6860708,120.6841528,121.70317462,132.0,226501.99040880203
2012-06-11,123.4814676,119.96484328,121.883002,122.6822348,102.0,167520.95259353722
2012-06-12,123.881084,118.0866462,120.6841528,122.2826184,74.0,173293.66362341488
2012-06-13,120.6841528,115.4891396,115.4891396,120.28453639999998,232.0,424161.67104252975
2012-06-14,119.88492,106.2979624,108.0962362,118.358385352,498.0,1332002.2901962982
2012-06-15,115.888756,107.4968116,114.6899068,109.05131939599998,279.0,480782.6455570893
2012-06-18,119.0856872,107.896428,111.6927838,117.0876052,150.0,289242.4585177185
2012-06-19,116.2883724,111.4929756,115.0895232,116.2883724,171.0,334968.81008887524
2012-06-20,116.64802716,111.2931674,115.2893314,116.62804633999998,59.0,112521.1327663229
2012-06-21,122.04284856,111.0933592,115.4891396,118.9857831,125.0,260907.76054236013
2012-06-22,119.4853036,109.89451,119.2854954,117.0876052,114.0,220023.62765892493
2012-06-25,123.0818512,106.33792404,112.4920166,118.6860708,228.0,444505.330612057
2012-06-26,117.0876052,108.2960444,111.4929756,114.2902904,130.0,207489.8577736049
2012-06-27,111.89259199999998,107.2970034,111.2931674,111.89259199999998,76.0,137589.2480889173
2012-06-28,111.89259199999998,101.90218199999998,105.2989214,106.301958564,192.0,376102.0568725408
2012-06-29,116.6879888,106.09815419999998,116.08856419999998,107.896428,145.0,318579.5678055255
2012-07-02,121.4833856,111.0933592,114.889715,111.0933592,176.0,336735.75458865054
2012-07-03,119.88492,111.05339756,114.0904822,114.6899068,176.0,305726.0412735814
2012-07-04,116.84783536,109.77462508,110.893551,115.4891396,99.0,111993.52679219372
2012-07-05,115.0895232,107.896428,111.6927838,112.6918248,115.0,259318.586524477
2012-07-06,115.4891396,107.896428,114.0904822,109.89451,133.0,297394.2010387962
2012-07-07,114.0904822,114.0904822,114.0904822,114.0904822,0.0,0.0
2012-07-08,114.0904822,114.0904822,114.0904822,114.0904822,0.0,0.0
2012-07-09,120.4843446,111.89259199999998,114.889715,119.88492,424.0,861581.0061849315
2012-07-10,118.6860708,112.6918248,114.4900986,117.886838,129.0,233853.6906893711
2012-07-11,117.886838,109.2950854,110.4939346,113.890674,195.0,431970.1093348522
2012-07-12,115.888756,107.896428,108.895469,114.2902904,128.0,438489.4363694784
2012-07-13,113.17136448,105.77846108,108.895469,112.6918248,118.0,186207.7732545512
2012-07-16,111.61286052,105.0991132,106.2979624,109.89451,171.0,294927.61057854485
2012-07-17,108.2960444,99.9041,103.50064759999998,108.2960444,198.0,515024.6586476431
2012-07-18,108.2960444,101.90218199999998,105.898346,107.0971952,96.0,293353.27579148405
2012-07-19,107.4968116,101.90218199999998,104.2998804,107.17711848,92.0,192558.5386385544
2012-07-20,105.01918992,101.90218199999998,103.900264,103.900264,103.0,269120.8869305664
2012-07-23,103.900264,98.74521244,99.7042918,102.505602764,185.0,340084.3909309028
2012-07-24,101.90218199999998,98.7052508,99.1048672,100.7033328,78.0,136354.5390029038
2012-07-25,103.900264,97.26663176,99.30467539999998,103.900264,119.0,237633.21525342803
2012-07-26,100.30371639999998,91.87181036,95.5083196,99.66433016,192.0,325726.2965183611
2012-07-27,99.9041,91.91177199999998,93.3104294,95.95588996799998,235.0,803271.612476365
2012-07-30,111.4929756,91.91177199999998,105.4987296,97.6063057,603.0,1025016.2906227072
2012-07-31,107.896428,97.86605636,101.90218199999998,102.86126136,172.0,392942.4317920887
2012-08-01,103.1010312,96.7071688,100.1039082,97.90601800000002,141.0,151870.0934195894
2012-08-02,102.5016066,97.90601800000002,99.30467539999998,102.5016066,51.0,73011.76828578606
2012-08-03,103.50064759999998,95.26854975999998,96.906977,97.90601800000002,188.0,491133.8974076138
2012-08-06,109.89451,95.02877992,101.3027574,95.02877992,186.0,352009.5021125259
2012-08-07,107.896428,98.7052508,101.90218199999998,105.91832682,105.0,229835.4622082577
2012-08-08,105.898346,97.90601800000002,101.7023738,101.68239298,76.0,155124.83972129272
2012-08-09,106.93734864,99.7042918,103.1010312,102.5016066,128.0,381503.7120598654
2012-08-10,107.45684996,99.7042918,103.50064759999998,102.86126136,112.0,272848.0112427819
2012-08-13,102.7014148,93.51023759999998,98.905059,101.990097608,181.0,369981.2620302871
2012-08-14,103.1010312,97.18670848,98.1058262,103.1010312,105.0,249345.79761991752
2012-08-15,99.1048672,95.74808944,96.7071688,97.72619062,92.0,196686.4473029636
2012-08-16,105.4987296,95.22858811999998,97.90601800000002,99.9041,462.0,1155691.7834203
2012-08-17,102.5016066,96.7071688,99.30467539999998,99.18479048,175.0,403000.6526258682
2012-08-20,103.1010312,97.06682356,98.7052508,98.7052508,132.0,240710.91676918167
2012-08-21,101.18287248,95.907936,96.5073606,97.770148424,166.0,301432.69895830104
2012-08-22,103.3008394,95.907936,99.1048672,96.1013503376,109.0,255596.04160389816
2012-08-23,105.4987296,97.1067852,99.30467539999998,101.95413213199998,104.0,257514.1060276805
2012-08-24,104.6994968,95.06874156,101.3027574,104.164010824,142.0,278377.4639879645
2012-08-27,101.3027574,101.3027574,101.3027574,101.3027574,0.0,0.0
2012-08-28,111.89259199999998,100.7033328,109.0952772,100.78325608,432.0,1155246.9818555997
2012-08-29,125.19981812,108.4958526,115.888756,109.89451,662.0,1374521.4160379805
2012-08-30,123.881084,110.0943182,116.4881806,117.886838,258.0,562870.3176346116
2012-08-31,119.88492,112.2922084,115.888756,119.88492,122.0,166841.20071148232
2012-09-03,119.0856872,109.89451,111.6927838,116.66800798,163.0,271632.22029926704
2012-09-04,117.886838,108.2960444,111.89259199999998,110.41401132,137.0,199107.3439428412
2012-09-05,117.4872216,107.896428,111.0933592,117.4872216,115.0,170060.08762403144
2012-09-06,111.89259199999998,107.0971952,109.0952772,111.89259199999998,192.0,305607.1022110204
2012-09-07,114.206370956,106.649624832,108.4958526,114.206370956,136.0,246533.90101106965
2012-09-10,111.89259199999998,107.4968116,108.895469,107.4968116,111.0,141650.56789461095
2012-09-11,111.720756948,104.6994968,106.897387,111.720756948,142.0,209374.39004004843
2012-09-12,109.862540688,103.900264,106.4977706,109.862540688,80.0,169818.93135516965
2012-09-13,110.29412639999998,106.31794322,108.2960444,110.170245316,84.0,151210.28566395174
2012-09-14,110.6937428,105.898346,107.0971952,108.03629374,125.0,273635.8918202556
2012-09-17,109.4948936,104.2998804,104.899305,107.45684996,79.0,126757.68562051006
2012-09-18,109.4948936,105.0991132,107.2970034,105.2989214,61.0,131357.14650349686
2012-09-19,109.89451,105.45876796,106.897387,105.45876796,69.0,148204.30292650653
2012-09-20,109.6947018,105.4987296,106.4977706,105.898346,77.0,118761.81758306216
2012-09-21,107.0971952,103.900264,106.4977706,105.898346,97.0,179939.88735197054
2012-09-24,108.7955649,102.2594390616,106.6975788,105.898346,113.0,255767.83135026493
2012-09-25,107.0971952,101.5025656,103.900264,104.53965024,95.0,200435.1423014671
2012-09-26,106.2979624,100.30371639999998,103.3008394,100.839202376,137.0,123232.58004426246
2012-09-27,109.770628916,101.5025656,103.50064759999998,102.869253688,51.0,429793.371843598
2012-09-28,108.6956608,101.90218199999998,102.5016066,102.3017984,70.0,132595.08368525415
2012-10-01,113.4910576,102.3017984,103.900264,106.897387,144.0,242572.07662148
2012-10-02,107.896428,101.674400652,102.901223,103.18095448,186.0,380217.7037779231
2012-10-03,110.6937428,101.410653828,103.3008394,101.410653828,101.0,146075.1110314792
2012-10-04,108.25608276,104.2998804,106.4977706,105.898346,54.0,89252.61826091222
2012-10-05,107.896428,103.900264,107.0971952,105.898346,98.0,165981.7264756902
2012-10-08,109.49888976399998,101.5025656,104.6994968,106.5976747,161.0,381092.24246051966
2012-10-09,105.898346,100.7033328,102.3017984,105.898346,129.0,276668.3749715978
2012-10-10,103.900264,99.140832676,101.7023738,103.900264,105.0,254601.2876348418
2012-10-11,105.898346,99.7042918,102.7014148,102.669445488,71.0,201608.5425923461
2012-10-12,103.900264,98.66528916,102.7014148,98.98498228,164.0,286674.2706255299
2012-10-15,103.900264,95.907936,99.7042918,99.800199736,127.0,280439.1911843458
2012-10-16,103.900264,97.90601800000002,99.30467539999998,98.56538506,105.0,191971.85100511392
2012-10-17,103.900264,98.3056344,100.7033328,100.7033328,83.0,198572.8563692581
2012-10-18,103.900264,99.30467539999998,101.5025656,99.87612685199998,86.0,165738.36809500313
2012-10-19,106.2979624,99.9041,102.901223,103.1010312,113.0,231303.49505175464
2012-10-22,105.6985378,98.7052508,103.3008394,104.4996886,109.0,264895.9352018586
2012-10-23,102.7014148,98.56538506,101.5025656,100.30371639999998,81.0,160277.15579240493
2012-10-24,103.900264,99.5044836,99.5044836,101.90218199999998,74.0,216408.93616978684
2012-10-25,100.7033328,89.91368999999999,93.51023759999998,100.671363488,415.0,947509.9620536094
2012-10-26,95.907936,92.1115802,93.3104294,94.3094704,259.0,521063.0995124324
2012-10-29,95.10870319999998,88.5150326,89.7138818,93.909854,206.0,455406.6850109255
2012-10-30,94.26950876,85.917526,91.3123474,89.91368999999999,154.0,339703.3755371402
2012-10-31,92.69102398,88.31522439999999,88.7148408,92.4112925,139.0,383037.6080661354
2012-11-01,91.91177199999998,86.71675879999998,90.91273099999998,90.1134982,164.0,657058.694287822
2012-11-02,93.909854,90.7129228,94.908895,92.826893556,84.0,481845.1895367658
2012-11-05,96.46739896,88.31522439999999,93.1106212,94.64914434,79.0,121188.7199824632
2012-11-06,94.7090868,85.917526,91.5121556,89.91368999999999,137.0,317677.2775091313
2012-11-07,93.909854,85.67775616,88.7148408,88.31522439999999,160.0,257586.75069391547
2012-11-08,88.99457228,83.1202112,84.5188686,86.980505624,267.0,556238.6578729001
2012-11-09,91.91177199999998,81.12212919999999,82.72059479999999,85.114297036,149.0,311811.3270626531
2012-11-12,87.63587652,79.00416228,83.919444,81.98929678799999,233.0,564562.7156443029
2012-11-13,86.60047042759999,78.40473768,82.920403,82.452851812,166.0,476878.8017708984
2012-11-14,89.51407360000002,82.3209784,86.91656699999999,82.82449506399999,223.0,400639.88865321846
2012-11-15,89.1144572,84.71867680000001,85.71771779999999,86.628843192,135.0,362267.83985842427
2012-11-16,91.91177199999998,84.71867680000001,85.917526,89.55403523999999,101.0,173751.0522591165
2012-11-19,93.909854,85.917526,94.908895,89.51407360000002,116.0,306813.55920327595
2012-11-20,93.909854,87.915608,88.5150326,88.7148408,130.0,379380.1505643913
2012-11-21,93.51023759999998,87.915608,88.31522439999999,92.27142676,121.0,520440.5775138357
2012-11-22,93.909854,85.11829319999998,87.915608,87.915608,79.0,219212.374667306
2012-11-23,88.7148408,83.04028791999998,85.5179096,87.1163752,69.0,139760.12996463611
2012-11-26,91.5121556,80.7225128,85.71771779999999,86.71675879999998,82.0,179409.25347408166
2012-11-27,90.848792376,84.71867680000001,86.71675879999998,87.27622176,113.0,238780.76575435844
2012-11-28,88.35518603999999,83.1202112,84.5188686,84.57881105999999,56.0,140205.85741726315
2012-11-29,89.91368999999999,81.16209083999999,88.91464900000001,83.919444,99.0,190935.156815386
2012-11-30,93.909854,84.918485,89.91368999999999,89.91368999999999,177.0,456746.269672616
2012-12-03,93.909854,89.41416949999999,92.5111966,90.7129228,162.0,327382.359682936
2012-12-04,95.98785928,88.31522439999999,90.3133064,91.35230904,79.0,168594.08172437368
2012-12-05,95.58824287999998,87.915608,90.5131146,87.915608,66.0,195348.1638891697
2012-12-06,98.7052508,88.31522439999999,92.7110048,89.15441884,70.0,152450.4499815323
2012-12-07,93.909854,88.31522439999999,91.91177199999998,93.35039104,72.0,277114.42773619905
2012-12-10,93.909854,90.3133064,92.7110048,90.3133064,70.0,162978.37125803647
2012-12-11,94.757040768,89.95365163999999,91.7119638,94.757040768,68.0,95522.70627531804
2012-12-12,95.5083196,87.915608,90.91273099999998,89.1144572,49.0,84364.90594480107
2012-12-13,92.39131168,87.915608,88.91464900000001,89.91368999999999,77.0,122825.81495654334
2012-12-14,91.59207888,88.0155121,88.91464900000001,91.59207888,67.0,83753.64474531075
2012-12-17,96.10774419999998,85.90154134399998,87.71579979999998,91.116535364,90.0,184257.92835329083
2012-12-18,93.1106212,85.5179096,94.3094704,91.5121556,126.0,192364.15222198088
2012-12-19,93.1106212,88.5150326,91.1125392,88.5150326,66.0,127912.74332084467
2012-12-20,93.909854,86.71675879999998,90.3133064,88.95461064,84.0,115857.68251753433
2012-12-21,107.05723356,79.92327999999999,90.91273099999998,87.19629847999998,111.0,207566.8816394923
2012-12-24,94.852948704,88.7148408,92.910813,90.7129228,50.0,71907.38418143
2012-12-27,93.909854,88.67487915999999,90.91273099999998,91.91177199999998,101.0,202371.699459782
2012-12-28,93.51023759999998,87.35614503999999,91.7119638,91.1125392,44.0,31954.36924010126
2012-12-31,93.909854,87.915608,91.91177199999998,91.3123474,53.0,92611.81473032638
2013-01-02,93.69006498,88.31522439999999,89.1144572,89.43415031999999,127.0,185493.0378232725
2013-01-03,94.86893336,88.279258924,91.3123474,88.63491752,133.0,250466.897754947
2013-01-04,97.90601800000002,88.7148408,91.5121556,88.7148408,126.0,299222.8046696782
2013-01-07,97.90601800000002,89.91368999999999,92.3113884,91.5121556,192.0,295755.154192871
2013-01-08,91.91177199999998,80.40281968000001,89.1144572,80.40281968000001,174.0,530524.4229215819
2013-01-09,99.9041,87.915608,90.3133064,91.1125392,83.0,192720.2937617175
2013-01-10,91.91177199999998,87.915608,89.31426539999998,90.7129228,129.0,353227.19487988984
2013-01-11,89.91368999999999,87.03645191999999,87.71579979999998,89.91368999999999,100.0,301748.8521492111
2013-01-14,88.7148408,82.3209784,84.71867680000001,88.7148408,291.0,493253.2048234257
2013-01-15,87.1163752,81.92136199999999,82.920403,86.31714240000001,166.0,492115.5137777128
2013-01-16,90.908734836,78.96420064,79.92327999999999,82.72059479999999,455.0,924399.4991196558
2013-01-17,84.27909876,79.179993496,79.7234718,79.92327999999999,275.0,473889.6852081146
2013-01-18,86.75672043999998,75.927116,79.52366359999999,82.3209784,468.0,1175426.233758174
2013-01-21,85.917526,77.925198,82.52078659999998,85.917526,183.0,416465.4153333047
2013-01-22,85.565863568,79.52366359999999,83.1202112,83.1202112,137.0,328439.2482390613
2013-01-23,86.39706568,82.3209784,85.71771779999999,82.52078659999998,204.0,602547.2428058509
2013-01-24,88.7148408,85.11829319999998,87.51599159999999,87.51599159999999,154.0,548651.7320109985
2013-01-25,89.43415031999999,85.69773697999999,86.31714240000001,87.915608,92.0,260429.90227628296
2013-01-28,87.75576144,81.24201412,84.11925219999999,85.5179096,180.0,584908.2269896831
2013-01-29,85.59783287999998,81.12212919999999,83.1202112,85.27813975999999,90.0,226504.2175446253
2013-01-30,89.07449556,83.1202112,84.71867680000001,87.120371364,248.0,724892.7221205136
2013-01-31,87.1163752,81.92136199999999,82.920403,84.27110643199998,95.0,196606.67079729465
2013-02-01,87.23626011999998,79.92327999999999,84.5188686,79.92327999999999,120.0,195745.7952176137
2013-02-04,86.71675879999998,80.7225128,83.1202112,85.581848224,266.0,529885.760444266
2013-02-05,83.51982759999999,80.71452047199999,82.12117020000001,82.54076742000001,105.0,235837.29296395244
2013-02-06,76.690383324,63.938624,66.1365142,68.3344044,1190.0,10738766.62719548
2013-02-07,68.29444276000001,63.938624,65.7368978,65.93670599999999,565.0,2722373.8064804147
2013-02-08,67.5351716,63.938624,64.937665,65.89674436,323.0,2010650.013362815
2013-02-11,67.5351716,62.34015839999999,63.1393912,63.938624,334.0,2087024.506501736
2013-02-12,64.7378568,62.1403502,63.539007600000005,63.21931448,189.0,970464.6756239232
2013-02-13,63.938624,61.940542,63.7388158,62.34015839999999,138.0,384031.9866752216
2013-02-14,63.938624,63.11141805199999,63.3391994,63.411130352,109.0,660258.5879858786
2013-02-15,64.71787598,61.5409256,62.7397748,63.89866236,160.0,444960.6672799215
2013-02-18,65.13747319999999,61.1413092,63.3391994,63.89866236,190.0,552861.3690529218
2013-02-19,63.539007600000005,61.417044516,62.53996659999999,63.539007600000005,123.0,300546.82440460403
2013-02-20,63.938624,60.82161608,61.1413092,63.17935284,125.0,346482.0512871844
2013-02-21,63.1393912,60.3420764,60.941501,63.1393912,147.0,531875.4435503648
2013-02-22,61.32113658,56.793482768,59.343035400000005,61.30115576,536.0,3387185.961336922
2013-02-25,59.678713176,58.34399439999999,58.943419,59.30307376,136.0,432501.0435007172
2013-02-26,61.10134756,57.5447616,59.5428436,60.7416928,375.0,1767067.993205484
2013-02-27,60.82960840799999,58.34399439999999,60.3420764,59.5428436,152.0,844666.0847752995
2013-02-28,61.940542,59.02334228,60.5418846,59.906494524,171.0,742724.9982733441
2013-03-01,61.940542,58.7436108,60.5418846,60.62180787999999,211.0,1550547.0746445842
2013-03-04,65.93670599999999,58.30403276,66.53613059999999,60.22219147999999,379.0,3192312.12733011
2013-03-05,71.930952,63.57896923999999,69.1336372,65.13747319999999,250.0,1333847.709953846
2013-03-06,71.1317192,63.6389117,66.1365142,71.1317192,348.0,900653.8270201122
2013-03-07,68.17855400399999,64.7378568,65.3372814,67.66704501199999,227.0,607094.4786049823
2013-03-08,67.5351716,64.3382404,65.3372814,67.5351716,97.0,258619.190803981
2013-03-11,66.33632239999999,59.94246,63.7388158,66.33632239999999,227.0,673521.5071253332
2013-03-12,63.870689212,59.94246,62.1403502,62.26023512,112.0,410691.6783195085
2013-03-13,63.650900192,60.7416928,61.7407338,60.7416928,133.0,482388.13522167766
2013-03-14,63.950612492000005,59.94246,62.939583,59.94246,72.0,194485.03614966752
2013-03-15,63.938624,61.940542,63.3391994,61.940542,86.0,285910.71337412583
2013-03-18,64.490094632,59.94246,61.3411174,63.539007600000005,69.0,207284.2606059211
2013-03-19,63.57896923999999,58.519825616,61.7407338,62.304192924,101.0,311346.9066835095
2013-03-20,63.539007600000005,61.02142428,62.53996659999999,62.85965972,72.0,237746.19860446168
2013-03-21,65.23737729999999,61.1413092,64.1384322,61.1413092,190.0,823574.6831211132
2013-03-22,67.934788,62.7397748,67.33536339999999,63.69885416,270.0,1149310.5888547115
2013-03-25,69.93287,64.7378568,68.7340208,66.65601552,257.0,951603.4126727532
2013-03-26,71.930952,68.7340208,70.931911,69.93287,184.0,816953.2081265935
2013-03-27,72.3305684,69.85694288399999,71.33152739999998,69.956846984,200.0,800262.0513072036
2013-03-28,75.927116,71.1317192,74.7282668,73.5294176,295.0,943027.6134813286
2013-04-01,74.7282668,74.7282668,74.7282668,74.7282668,0.0,0.0
2013-04-02,75.52749959999998,71.1317192,73.1298012,75.52749959999998,132.0,417319.2591695436
2013-04-03,75.1278832,69.45333031999999,72.1307602,73.5294176,148.0,401575.83622694167
2013-04-04,76.60246771599999,70.73210279999999,71.7311438,71.53133559999999,99.0,313957.38513234194
2013-04-05,73.929034,69.8329659,71.7311438,73.28964776000001,86.0,177718.45700026327
2013-04-08,73.929034,67.7349798,68.5342126,73.929034,57.0,401050.3322686456
2013-04-09,71.61125888,65.93670599999999,68.933829,65.93670599999999,33.0,140847.97320630486
2013-04-10,69.95285082,67.1355552,67.7349798,67.934788,225.0,384058.8124010927
2013-04-11,68.41432768,67.107582052,67.5351716,67.5351716,100.0,402671.5620279849
2013-04-12,68.3344044,63.862696884,66.33632239999999,67.5351716,129.0,855813.2499066606
2013-04-15,69.93287,63.938624,64.937665,65.93670599999999,134.0,467669.4199737549
2013-04-16,67.5351716,63.539007600000005,64.1384322,65.53708959999999,80.0,289488.74470617325
2013-04-17,69.93287,63.938624,62.939583,65.53708959999999,46.0,387490.9788487159
2013-04-18,64.7378568,63.29923776,63.7388158,63.85870072,89.0,331492.47628475714
2013-04-19,74.7282668,63.1393912,63.539007600000005,63.1393912,138.0,824578.7960654268
2013-04-22,66.33632239999999,63.1393912,66.7359388,65.53708959999999,60.0,299137.99834040843
2013-04-23,67.934788,64.3382404,66.1365142,64.3382404,64.0,204036.3708796736
2013-04-24,67.55515242,63.539007600000005,66.53613059999999,65.53708959999999,122.0,426207.7081921563
2013-04-25,69.1336372,64.7378568,67.5351716,66.33632239999999,68.0,210143.0521870473
2013-04-26,68.89386736,66.33632239999999,67.5351716,66.33632239999999,46.0,192311.22646618108
2013-04-29,68.49425095999999,65.93670599999999,66.1365142,68.49425095999999,27.0,53315.52959287957
2013-04-30,71.53133559999999,63.938624,65.3372814,66.61605388,26.0,43670.98047027099
2013-05-01,66.53613059999999,64.21835548,65.13747319999999,65.3372814,21.0,44010.83138730042
2013-05-02,66.33632239999999,64.530056272,65.53708959999999,65.93670599999999,27.0,155759.59845491828
2013-05-03,66.7359388,62.34015839999999,65.7368978,66.4969681928,35.0,265490.3052026894
2013-05-06,65.7368978,65.7368978,65.7368978,65.7368978,0.0,0.0
2013-05-07,64.937665,61.1413092,63.539007600000005,63.539007600000005,37.0,86188.85511205246
2013-05-08,65.13747319999999,61.940542,64.1384322,61.940542,30.0,96587.37729482574
2013-05-09,63.906654688,59.343035400000005,62.1403502,63.906654688,68.0,268907.2570595201
2013-05-10,65.13747319999999,61.5409256,62.34015839999999,63.938624,42.0,171306.35779712745
2013-05-13,63.29923776,59.1432272,60.7416928,63.29923776,63.0,147962.1206737261
2013-05-14,62.46004331999999,59.78261344,60.5418846,62.46004331999999,52.0,149360.13637077957
2013-05-15,62.50000496,57.944378,59.5428436,57.944378,99.0,325905.0179121778
2013-05-16,60.549876928,58.6437067,59.1432272,59.94246,44.0,234519.70439651623
2013-05-17,59.94246,57.78453144,60.7416928,59.1432272,77.0,355039.10750409646
2013-05-20,63.1393912,57.944378,59.7426518,63.1393912,62.0,167085.03454813166
2013-05-21,63.938624,57.944378,62.939583,58.7436108,68.0,198020.0512291288
2013-05-22,62.71979397999999,57.30499175999999,61.1413092,61.429033008,37.0,165146.50049397373
2013-05-23,62.34015839999999,59.38299703999999,59.7426518,62.34015839999999,48.0,157792.09762161915
2013-05-24,60.50192296,58.7436108,59.5428436,59.24712746399999,35.0,113141.85303706254
2013-05-27,59.5428436,59.5428436,59.5428436,59.5428436,0.0,0.0
2013-05-28,61.5409256,57.5447616,59.94246,57.944378,45.0,142430.31567273015
2013-05-29,63.539007600000005,56.7455288,58.7436108,63.539007600000005,39.0,160086.22268755737
2013-05-30,61.38107904,57.944378,60.3420764,57.944378,21.0,60624.11352487035
2013-05-31,61.5409256,57.5447616,60.7416928,57.5447616,33.0,95948.08921755964
2013-06-03,61.5409256,57.944378,59.5428436,57.944378,24.0,32452.346800581763
2013-06-04,61.1413092,57.944378,61.940542,59.5428436,35.0,90427.19467969784
2013-06-05,62.7397748,59.28309294,61.3411174,59.5428436,66.0,137762.11386719864
2013-06-06,63.938624,59.5428436,62.34015839999999,63.938624,20.0,54015.42579333581
2013-06-07,62.7397748,59.1432272,60.3420764,59.94246,38.0,143772.8781901844
2013-06-10,61.1413092,59.1432272,60.14226819999999,59.60278606,24.0,67999.53655555678
2013-06-11,61.1413092,59.02334228,60.3420764,59.06330392,23.0,70832.9788266948
2013-06-12,61.5409256,59.5428436,59.7426518,61.5409256,40.0,113905.13502448848
2013-06-13,61.940542,58.7436108,59.343035400000005,61.940542,19.0,35059.54710567434
2013-06-14,61.5409256,58.96339982,58.943419,61.5409256,34.0,224593.15984028683
2013-06-17,59.94246,58.34399439999999,59.343035400000005,58.34399439999999,20.0,45075.352262820044
2013-06-18,59.94246,58.34399439999999,58.943419,59.94246,13.0,80112.55293826779
2013-06-19,61.1413092,57.5447616,56.7455288,61.1413092,30.0,54797.92621123658
2013-06-20,58.092236068,55.502721796,56.5457206,57.1451452,26.0,56889.93244521497
2013-06-21,59.94246,53.94821400000001,58.5438026,58.208124824,54.0,103676.675932219
2013-06-24,58.32401358,52.08999774,55.7464878,58.32401358,112.0,289024.4994950157
2013-06-25,57.92439718,53.45268966399999,54.747446800000006,53.45268966399999,59.0,147578.15244819783
2013-06-26,57.5447616,54.747446800000006,55.7464878,54.747446800000006,26.0,99783.61748917212
2013-06-27,56.46579732,51.950132,54.3478304,56.46579732,44.0,138496.26792093617
2013-06-28,55.5466796,54.052114264,54.5476386,54.052114264,36.0,102144.556629808
2013-07-01,55.5466796,53.5485976,55.3468714,53.94821400000001,48.0,261085.105616286
2013-07-02,54.747446800000006,51.39066904,52.7493648,53.5485976,68.0,272273.18498440005
2013-07-03,53.021103952,50.087919576,51.75032379999999,52.829288080000005,67.0,155556.9040710041
2013-07-04,52.5495566,51.23082248,51.3507074,51.71036216,82.0,286217.50758977863
2013-07-05,52.3497484,50.19181984,51.75032379999999,51.5505156,69.0,274874.9801059216
2013-07-08,52.3497484,50.15185819999999,51.3507074,50.27174312,73.0,267271.6885493188
2013-07-09,53.5485976,51.154895364,52.5495566,53.5485976,112.0,731940.7061371857
2013-07-10,53.1489812,50.71132116,51.5505156,51.3507074,51.0,115449.26584594628
2013-07-11,52.3497484,50.3516664,50.15185819999999,51.43063067999999,102.0,488679.6938263796
2013-07-12,51.950132,47.1547352,48.3535844,51.11093756,186.0,837662.2931391204
2013-07-15,60.7416928,48.873085720000006,57.7445698,51.5505156,614.0,3702597.941425828
2013-07-16,61.5409256,53.6485017,57.3449534,61.1413092,167.0,699392.9178081781
2013-07-17,59.1432272,53.94821400000001,54.947255,56.3459124,55.0,120847.34260155488
2013-07-18,54.12804138,47.953968,50.5514746,52.3497484,144.0,383629.6258111529
2013-07-19,55.5466796,49.95204999999999,51.3507074,49.95204999999999,60.0,206638.81662514352
2013-07-22,55.94629599999999,49.1528172,52.7493648,51.1508992,71.0,209385.7259111488
2013-07-23,53.94821400000001,48.7532008,52.7493648,48.7532008,20.0,156057.359007288
2013-07-24,53.94821400000001,51.5505156,52.949173,51.5505156,26.0,135668.95652931163
2013-07-25,54.70748516,51.1508992,52.1499402,54.70748516,26.0,71795.37676631889
2013-07-26,53.3487894,50.7512828,51.950132,53.3487894,26.0,60433.98118795926
2013-07-29,53.5485976,50.7512828,51.5505156,53.5485976,35.0,85781.13911240881
2013-07-30,51.950132,50.7512828,52.1499402,50.7512828,21.0,42293.18416361291
2013-07-31,51.950132,48.7532008,50.7512828,51.23082248,58.0,159401.46600589965
2013-08-01,51.950132,47.953968,48.95300900000001,51.154895364,98.0,436708.12809484295
2013-08-02,50.67135952,47.953968,49.3526254,47.953968,46.0,136882.32014501907
2013-08-05,50.5514746,48.3535844,49.3526254,50.03197328,102.0,350551.7291082148
2013-08-06,50.7512828,47.953968,49.5524336,47.953968,51.0,152055.69641285995
2013-08-07,50.3516664,47.953968,48.7532008,47.953968,125.0,382329.8042823068
2013-08-08,51.950132,47.953968,50.7512828,49.47251032,44.0,372051.222122015
2013-08-09,53.94821400000001,49.1528172,52.1499402,49.1528172,37.0,124647.53698797149
2013-08-12,53.5485976,51.1508992,51.75032379999999,52.98913464,44.0,124628.76898946088
2013-08-13,53.1489812,50.7512828,51.75032379999999,52.7493648,44.0,172640.0367952867
2013-08-14,52.3497484,47.953968,50.7512828,52.3497484,60.0,154251.3520466127
2013-08-15,51.1508992,49.99201164,50.5514746,49.99201164,10.0,22628.876092172395
2013-08-16,51.5505156,49.5524336,51.3507074,49.95204999999999,15.0,44901.685716602224
2013-08-19,55.17327803584,49.95204999999999,51.75032379999999,51.950132,26.0,104309.83312997164
2013-08-20,52.92919218,49.940061508,50.5514746,51.5505156,30.0,129568.43112544932
2013-08-21,56.3459124,49.1528172,52.949173,49.1528172,66.0,181209.3047232296
2013-08-22,54.747446800000006,49.95204999999999,52.3497484,49.95204999999999,46.0,140258.7081010689
2013-08-23,53.5485976,50.83120608,51.75032379999999,50.83120608,44.0,445920.3876517581
2013-08-26,51.75032379999999,51.75032379999999,51.75032379999999,51.75032379999999,0.0,0.0
2013-08-27,54.747446800000006,50.3516664,52.5495566,50.3516664,79.0,371833.8636752646
2013-08-28,54.5476386,50.7512828,51.3507074,51.950132,65.0,251337.0322138931
2013-08-29,52.829288080000005,50.623405552,51.1508992,50.7512828,43.0,232418.98981122897
2013-08-30,51.950132,50.3516664,50.5514746,51.950132,36.0,107378.27576646004
2013-09-02,53.94821400000001,49.95204999999999,50.95109099999999,52.3497484,28.0,63949.67774095357
2013-09-03,51.11093756,47.953968,50.7512828,49.95204999999999,57.0,171716.62624456856
2013-09-04,51.246807136,48.7532008,50.3516664,51.03101428,31.0,99766.5511225265
2013-09-05,51.35869972799999,49.512471960000006,50.95109099999999,50.15185819999999,39.0,141513.56150548375
2013-09-06,51.314741924,48.5533926,49.75224180000001,48.5533926,80.0,257778.3093987133
2013-09-09,51.31074576,48.541404108,50.3516664,50.95109099999999,57.0,233399.7303413974
2013-09-10,51.1508992,49.95204999999999,50.5514746,50.11189656,76.0,516228.7633840853
2013-09-11,51.4506115,50.03197328,50.3516664,50.03197328,26.0,63229.9875580682
2013-09-12,51.950132,47.953968,48.7532008,51.950132,69.0,207829.108114682
2013-09-13,53.94821400000001,47.39450504,50.5514746,53.94821400000001,140.0,587213.9381667019
2013-09-16,53.94821400000001,48.7532008,50.15185819999999,51.85022790000001,72.0,795392.5064136507
2013-09-17,51.950132,49.95204999999999,51.1508992,51.63043888,79.0,364722.9443035872
2013-09-18,52.7493648,47.953968,50.15185819999999,50.3516664,142.0,482983.631302419
2013-09-19,51.5505156,47.953968,49.1528172,51.5505156,40.0,136147.66561132128
2013-09-20,50.5514746,47.953968,48.1537762,47.953968,131.0,573737.0888682246
2013-09-23,50.3516664,47.1547352,48.7532008,47.1547352,68.0,230155.469094862
2013-09-24,49.1528172,47.953968,48.5533926,48.3535844,44.0,101500.56404091524
2013-09-25,51.1508992,47.27462012,47.953968,51.1508992,70.0,242792.03756402392
2013-09-26,49.5524336,47.953968,48.7532008,48.1537762,27.0,83375.25687133962
2013-09-27,49.95204999999999,46.75511879999999,48.95300900000001,49.95204999999999,71.0,191392.59549908363
2013-09-30,47.953968,41.959722,43.35837939999999,47.953968,355.0,2346268.046056168
2013-10-01,43.7579958,35.3660514,39.5620236,42.03964528,527.0,4544471.64831073
2013-10-02,44.3574204,37.16420531508,38.5629826,41.36029739999999,186.0,1746215.5707323323
2013-10-03,39.92167836,36.6911793824,36.964517,38.00351964,220.0,2673082.9865841344
2013-10-04,39.1624072,36.3650924,38.5629826,36.3650924,114.0,661526.4538692606
2013-10-07,41.75991379999999,38.20332784,38.962599,41.75991379999999,84.0,419210.2226034767
2013-10-08,45.95588599999999,35.965476,44.75703680000001,37.963558,124.0,574830.9128454188
2013-10-09,45.71611615999999,40.7608728,43.5581876,43.957804,151.0,530830.8668012625
2013-10-10,42.1595302,36.1652842,38.3631744,40.40121803999999,343.0,2134065.3436645744
2013-10-11,41.1604892,38.20332784,40.5610646,40.84079608,175.0,688973.0251311008
2013-10-14,42.2594343,39.1624072,40.960681,41.959722,91.0,493322.6464179148
2013-10-15,43.5581876,40.3612564,41.959722,41.959722,59.0,383021.9430433786
2013-10-16,43.957804,40.3612564,42.55914659999999,40.3612564,80.0,340080.28699522844
2013-10-17,47.55435159999999,42.137327512816,45.55626959999999,43.5581876,158.0,972503.931270088
2013-10-18,46.3555024,42.359338400000006,43.957804,46.3555024,110.0,496967.8421606321
2013-10-21,46.75511879999999,41.5601056,46.3555024,44.65713269999999,117.0,492184.5549882337
2013-10-22,50.7512828,44.3574204,46.3555024,46.61525306000001,103.0,488324.7284145496
2013-10-23,47.81010609599999,41.959722,44.5572286,45.37644222,68.0,282450.3699047387
2013-10-24,47.953968,42.359338400000006,45.75607779999999,42.359338400000006,108.0,533277.0376791343
2013-10-25,46.47538732,42.359338400000006,43.1585712,45.420400024,148.0,626496.1598172648
2013-10-28,48.401538368,43.59814923999999,45.75607779999999,43.957804,129.0,619712.4542436197
2013-10-29,47.55435159999999,43.957804,45.55626959999999,47.358539564,61.0,175233.5990214616
2013-10-30,46.3555024,44.485297648,45.75607779999999,44.485297648,85.0,545622.3518354102
2013-10-31,47.1547352,45.1566532,46.1556942,46.75511879999999,34.0,93226.77948152278
2013-11-01,46.31554076,40.30131394,44.75703680000001,45.41640386,84.0,319446.89957669406
2013-11-04,45.91592436,42.359338400000006,44.3574204,45.91592436,98.0,336065.9622578052
2013-11-05,44.75703680000001,43.430310352,43.7579958,43.430310352,55.0,220897.4406455791
2013-11-06,43.957804,40.3612564,41.959722,42.7589548,136.0,690366.2111965375
2013-11-07,43.1585712,39.64194688,40.960681,41.5601056,128.0,539255.4709966859
2013-11-08,45.95588599999999,42.043641444,45.55626959999999,43.957804,150.0,844325.3580183396
2013-11-11,47.1547352,45.1566532,45.95588599999999,46.19565583999999,44.0,355214.17539420305
2013-11-12,46.11573256,45.1566532,45.55626959999999,46.11573256,46.0,144918.0013633074
2013-11-13,46.327529252000005,44.99680664,45.55626959999999,44.99680664,29.0,140106.0116651869
2013-11-14,46.3555024,44.75703680000001,45.75607779999999,46.3555024,47.0,316122.2862725354
2013-11-15,45.95588599999999,43.957804,45.3564614,45.1566532,31.0,94342.62457696932
2013-11-18,45.95588599999999,43.957804,44.956845,43.957804,21.0,66351.85643031668
2013-11-19,46.27158295599999,45.1566532,45.95588599999999,45.1566532,63.0,224481.85309712013
2013-11-20,46.3555024,45.07672991999999,45.55626959999999,46.3555024,39.0,222454.45882601416
2013-11-21,47.953968,45.1566532,45.75607779999999,46.51534896,68.0,807585.949925979
2013-11-22,47.1547352,43.957804,45.75607779999999,47.1547352,37.0,175044.8680284393
2013-11-25,46.3555024,45.23657648,45.95588599999999,46.03580928,48.0,186569.47012184685
2013-11-26,45.95588599999999,44.59719024,45.55626959999999,44.59719024,30.0,138841.82430951283
2013-11-27,46.34751007199999,44.932868016,45.95588599999999,45.828008752,29.0,124358.58488290272
2013-11-28,46.3555024,43.957804,45.75607779999999,43.957804,29.0,127742.75530233496
2013-11-29,45.95588599999999,43.957804,45.3564614,45.1566532,61.0,357830.7596985509
2013-12-02,45.380438384,40.7608728,41.75991379999999,45.380438384,130.0,729957.4792225745
2013-12-03,43.957804,40.3612564,41.5601056,43.957804,35.0,295982.7724788072
2013-12-04,42.7589548,40.3612564,41.36029739999999,40.90073854,19.0,80366.72168609696
2013-12-05,42.359338400000006,40.68094952,41.75991379999999,41.83983708,25.0,193777.65777380508
2013-12-06,42.11956856,40.960681,41.75991379999999,42.11956856,17.0,42956.01982301027
2013-12-09,42.19949184,40.3612564,40.960681,41.20045083999999,31.0,191066.4327089679
2013-12-10,43.1585712,40.7608728,42.1595302,43.1585712,17.0,132689.44918176532
2013-12-11,42.91880136,41.1604892,42.1595302,42.359338400000006,20.0,85619.0336532735
2013-12-12,42.27941512,40.5610646,41.36029739999999,42.27941512,10.0,60105.24092604808
2013-12-13,49.5524336,35.48593632,43.7579958,39.1624072,234.0,1159069.3224802583
2013-12-16,46.499364304,41.959722,44.1576122,43.957804,82.0,341733.44737603364
2013-12-17,44.75703680000001,41.959722,43.957804,43.99776564,18.0,121645.43297021843
2013-12-18,43.957804,41.5601056,42.7589548,43.5581876,37.0,147551.852226285
2013-12-19,44.569217092,41.823852424,42.958763,44.569217092,216.0,112774.30055423152
2013-12-20,44.11765056,42.39930004,43.1585712,43.957804,20.0,81442.07795275669
2013-12-23,47.55435159999999,42.19949184,44.956845,42.19949184,30.0,93504.57088347724
2013-12-24,45.77605861999999,41.959722,45.3564614,41.959722,17.0,39520.19987167694
2013-12-27,45.95588599999999,44.42403645387999,45.55626959999999,44.42403645387999,20.0,53933.7474638178
2013-12-30,45.95588599999999,43.957804,45.1566532,45.41640386,37.0,121821.87718021584
2013-12-31,45.6561737,43.957804,44.956845,45.53628877999999,10.0,26772.95025929867
2014-01-02,46.1556942,44.3574204,45.3564614,45.95588599999999,36.0,160061.99945747975
2014-01-03,45.95588599999999,44.3574204,44.956845,45.55626959999999,28.0,86859.89864279845
2014-01-06,45.95588599999999,42.7589548,44.5572286,44.2575163,32.0,111763.03074648588
2014-01-07,44.455326418,42.231461152,43.35837939999999,44.2575163,58.0,453043.74395044846
2014-01-08,48.7532008,44.75703680000001,48.3535844,47.1547352,286.0,2213741.3029094907
2014-01-09,49.5524336,47.09790974791999,48.1537762,49.5524336,103.0,475663.6364273338
2014-01-10,63.539007600000005,48.19373784,63.539007600000005,49.1528172,436.0,2260383.808071941
2014-01-13,62.939583,52.365733056,55.5466796,56.3459124,420.0,1813664.3541155967
2014-01-14,61.441021500000005,52.3497484,54.14802219999999,57.944378,125.0,632630.2424024639
2014-01-15,57.944378,51.003041132,51.950132,57.265030120000006,87.0,276045.72785301105
2014-01-16,52.933188344,47.953968,52.3497484,50.91112936,102.0,615495.5852662704
2014-01-17,58.34399439999999,52.78932644,53.7484058,57.680631176,155.0,850931.1179421066
2014-01-20,55.14706319999999,51.770304620000005,53.3487894,54.3478304,38.0,213131.34295789665
2014-01-21,53.1489812,49.676314684000005,51.75032379999999,51.1508992,59.0,318885.66134923394
2014-01-22,53.50863596,50.735298144,52.5495566,53.50863596,21.0,84989.0044552726
2014-01-23,53.94821400000001,51.950132,52.949173,52.7493648,46.0,338113.15051134035
2014-01-24,62.50000496,55.94629599999999,57.3449534,55.94629599999999,335.0,1797564.414273288
2014-01-27,61.940542,56.3459124,57.3449534,61.940542,192.0,1057713.597339849
2014-01-28,58.34399439999999,53.5485976,55.3468714,58.34399439999999,76.0,301490.55444170965
2014-01-29,56.50575896,53.5485976,55.3468714,55.86637271999999,65.0,441994.34757932863
2014-01-30,55.46675632,52.3497484,52.949173,55.46675632,52.0,217416.4774018284
2014-01-31,53.94821400000001,51.59047724,53.5485976,52.829288080000005,53.0,296917.79416460387
2014-02-03,54.3478304,50.7512828,52.3497484,51.1508992,47.0,414419.077895702
2014-02-04,55.5466796,51.874204884,52.5495566,54.483699976,120.0,904914.06258602
2014-02-05,55.5466796,51.87020872,52.7493648,55.5466796,23.0,99356.68305905364
2014-02-06,53.5485976,50.731301980000005,52.1499402,52.7493648,45.0,252067.1323799524
2014-02-07,53.3487894,50.41160886,52.5495566,53.3487894,39.0,214175.6694670189
2014-02-10,52.829288080000005,50.763271292,52.3497484,51.45860382800001,28.0,80816.92843436856
2014-02-11,52.24584813599999,50.32501198612,51.1508992,52.24584813599999,58.0,204108.5651139443
2014-02-12,51.950132,49.95204999999999,50.95109099999999,50.23178148,34.0,214425.15872721944
2014-02-13,51.950132,49.11285556,49.75224180000001,51.950132,41.0,147141.5587548459
2014-02-14,50.91112936,48.209722496,49.5524336,50.91112936,55.0,346408.38063703093
2014-02-17,49.95204999999999,47.953968,48.95300900000001,49.3526254,40.0,223356.87424239848
2014-02-18,52.70940316,45.95588599999999,51.950132,47.55435159999999,64.0,309514.1991169532
2014-02-19,55.14706319999999,49.984019312,52.3497484,50.7512828,35.0,152748.61091787025
2014-02-20,54.0481181,51.3507074,51.950132,52.38971004,43.0,172312.59778127226
2014-02-21,59.90249836,48.3535844,50.95109099999999,50.7512828,124.0,545122.6976670627
2014-02-24,53.42871268,49.5524336,52.1499402,51.638431208,49.0,175043.24146856836
2014-02-25,53.94821400000001,50.3516664,51.950132,52.3497484,83.0,349733.2441811698
2014-02-26,52.753360964,49.5524336,51.75032379999999,49.5524336,19.0,132066.6268951925
2014-02-27,52.913207524,49.95204999999999,50.7512828,49.95204999999999,24.0,145137.386753897
2014-02-28,53.94821400000001,48.42951151599999,50.5514746,49.95204999999999,80.0,344779.5686062934
2014-03-03,52.3497484,46.83504208,48.1537762,49.1528172,66.0,430674.2165736941
2014-03-04,49.5524336,46.3555024,48.5533926,49.5524336,87.0,429026.9618564203
2014-03-05,47.953968,45.95588599999999,46.954927,47.47442832,32.0,162390.4324246953
2014-03-06,48.3535844,46.563302928,47.1547352,47.69421734,35.0,167235.1034642222
2014-03-07,47.842075408,46.3555024,47.1547352,46.59527224,29.0,204912.03564218088
2014-03-10,47.63427487999999,44.79699844,46.5553106,46.1556942,73.0,356348.98868014425
2014-03-11,46.75511879999999,45.3564614,45.55626959999999,46.75511879999999,52.0,268382.6039171566
2014-03-12,47.33456258,45.1566532,45.95588599999999,45.95588599999999,44.0,185488.1831676578
2014-03-13,46.1556942,43.957804,45.1566532,44.75703680000001,74.0,450466.87273094896
2014-03-14,46.23561748,43.5581876,42.958763,45.95588599999999,65.0,375818.9353590093
2014-03-17,47.7541598,41.959722,44.956845,41.959722,71.0,289966.22761228017
2014-03-18,45.95588599999999,43.610137732,43.7579958,45.45636549999999,45.0,284544.9536105125
2014-03-19,44.97682582,43.01071313199999,43.35837939999999,43.957804,49.0,233297.782573488
2014-03-20,43.5581876,41.959722,43.1585712,42.902816704,54.0,345814.26087618025
2014-03-21,43.286448448,42.59910824000001,42.958763,42.754958636,24.0,120760.2090404698
2014-03-24,43.5581876,41.959722,43.7579958,43.1585712,52.0,277258.4408447702
2014-03-25,43.686064848,41.959722,42.958763,41.959722,30.0,195044.6728412548
2014-03-26,45.49708641116,41.26039329999999,44.75703680000001,41.26039329999999,36.0,134902.27127815576
2014-03-27,43.957804,41.959722,42.7589548,42.7589548,35.0,177135.82325450107
2014-03-28,43.47826432,41.959722,42.359338400000006,42.59910824000001,27.0,95897.39059758309
2014-03-31,44.75703680000001,39.20236884,40.960681,41.24041248,76.0,401272.82063498895
2014-04-01,43.957804,40.441179680000005,41.75991379999999,40.48114131999999,28.0,163032.3730457509
2014-04-02,42.47922332,39.96164,40.960681,39.96164,30.0,158806.2702131344
2014-04-03,43.957804,40.1614482,42.359338400000006,41.959722,48.0,224379.80523321865
2014-04-04,42.7589548,40.3612564,41.1604892,41.959722,53.0,350255.26980374183
2014-04-07,42.7589548,40.7608728,41.75991379999999,41.75991379999999,35.0,130154.8184709136
2014-04-08,42.43926168,39.96164,41.1604892,42.359338400000006,98.0,568256.9333991298
2014-04-09,44.677113520000006,40.84079608,43.35837939999999,43.31841776,29.0,118617.30399453075
2014-04-10,43.1585712,40.7608728,43.7579958,41.959722,58.0,210742.401963483
2014-04-11,43.1585712,41.5601056,42.55914659999999,42.91880136,143.0,284655.5096337388
2014-04-14,43.11860956,40.904734704,42.1595302,42.47922332,31.0,113856.8637323193
2014-04-15,42.27941512,40.3612564,41.5601056,42.27941512,36.0,161381.539896761
2014-04-16,42.7589548,38.7627908,41.5601056,41.52014395999999,73.0,362758.36026749655
2014-04-17,41.959722,40.04156328,40.3612564,41.959722,27.0,97873.5106967582
2014-04-22,43.5581876,38.3631744,40.1614482,43.5581876,42.0,203368.5053966754
2014-04-23,41.959722,38.3631744,39.3622154,38.7627908,42.0,214221.71362336483
2014-04-24,40.329287088,37.963558,40.1614482,37.963558,55.0,252788.37405071463
2014-04-25,40.72091115999999,38.98293947476,40.3612564,39.24233047999999,53.0,253930.14400810385
2014-04-28,41.5601056,38.810744768,40.1614482,39.96164,47.0,268002.0639793562
2014-04-29,40.7608728,38.38315522,39.96164,40.7608728,41.0,247636.53343556472
2014-04-30,41.1604892,37.3641334,39.3622154,39.02254146,39.0,246183.039534914
2014-05-01,40.1614482,38.00351964,39.3622154,39.64194688,36.0,171466.7616243978
2014-05-02,40.7608728,37.5639416,40.1614482,37.5639416,42.0,246648.8112099504
2014-05-05,40.1614482,40.1614482,40.1614482,40.1614482,0.0,0.0
2014-05-06,40.589037748,37.88363472,39.96164,37.88363472,25.0,110409.28250191934
2014-05-07,39.96164,38.1633662,38.962599,39.1624072,30.0,159493.45422259948
2014-05-08,39.96164,39.074491592,39.5620236,39.60198524,33.0,159322.21500418903
2014-05-09,39.96164,38.7627908,39.3622154,39.32225376,43.0,351554.7660206138
2014-05-12,39.849747408,37.963558,38.7627908,37.963558,28.0,208309.8191165328
2014-05-13,40.3612564,38.7627908,40.3612564,38.866691064,19.0,113108.97150367204
2014-05-14,40.72091115999999,38.7627908,39.3622154,40.04156328,40.0,184646.77625843184
2014-05-15,40.42787245388,38.7627908,39.5620236,38.7627908,40.0,194190.00321308133
2014-05-16,39.84175508,38.431109188,39.5620236,39.2623113,39.0,225374.0837463128
2014-05-19,39.96164,38.7627908,39.7618318,38.7627908,35.0,126202.15286459716
2014-05-20,40.089517248,38.459082336,39.1624072,40.089517248,29.0,195598.8042532789
2014-05-21,39.96164,38.7627908,39.5620236,39.1624072,56.0,588706.1441922805
2014-05-22,39.965636164,38.766786964,39.5620236,39.96164,20.0,126728.8079268018
2014-05-23,41.91976036,38.82273326,40.960681,38.82273326,11.0,56861.85551944315
2014-05-26,40.960681,40.960681,40.960681,40.960681,0.0,0.0
2014-05-27,43.37836021999999,41.959722,42.7589548,42.359338400000006,70.0,400851.5666524197
2014-05-28,45.55626959999999,42.1595302,45.1566532,42.547158108,56.0,440831.5074156116
2014-05-29,47.55435159999999,44.3574204,45.95588599999999,45.95588599999999,62.0,286669.6411858973
2014-05-30,47.55435159999999,43.20652516799999,45.75607779999999,44.5572286,73.0,192171.96791723263
2014-06-02,46.71515716,41.208443168,43.7579958,46.71515716,71.0,410473.3689608335
2014-06-03,45.1566532,39.5620236,42.359338400000006,42.359338400000006,42.0,181752.6007441136
2014-06-04,48.23369948,41.1604892,44.3574204,41.1604892,118.0,626174.6014427837
2014-06-05,45.732100816,43.1585712,44.5572286,44.75703680000001,44.0,235173.9568245948
2014-06-06,44.533251616,42.7589548,43.7579958,42.7589548,51.0,321203.9095492578
2014-06-09,45.1566532,42.615092896,43.35837939999999,44.75703680000001,31.0,215181.7092591796
2014-06-10,44.75703680000001,43.07864792,43.7579958,44.693098176,25.0,79634.39438421447
2014-06-11,45.55626959999999,42.89082821199999,44.956845,42.89082821199999,55.0,344516.46629117324
2014-06-12,49.27270212,43.957804,47.3545434,43.957804,99.0,547071.5165844045
2014-06-13,49.600387568,45.95588599999999,46.5553106,46.71515716,70.0,422758.37528189534
2014-06-16,49.436544844,45.55626959999999,48.3535844,46.5553106,40.0,159164.163432732
2014-06-17,53.5485976,45.95588599999999,50.7512828,46.99488863999999,109.0,430680.1973092196
2014-06-18,54.535650108,49.1528172,52.7493648,51.07097592,77.0,381583.9389974986
2014-06-19,55.32689058,51.950132,52.949173,55.05115526399999,59.0,296964.43889690214
2014-06-20,53.94821400000001,50.3516664,51.1508992,53.94821400000001,51.0,234472.90952023
2014-06-23,54.319857252,49.49249114,53.1489812,50.0519541,56.0,327160.3467725549
2014-06-24,54.70748516,50.76726745599999,51.75032379999999,50.76726745599999,15.0,29854.80575872261
2014-06-25,52.97314998399999,48.3535844,51.1508992,48.3535844,32.0,116249.73349442116
2014-06-26,53.5485976,49.5524336,52.5495566,52.3497484,73.0,447807.99786995735
2014-06-27,53.1489812,50.199812168,51.75032379999999,53.1489812,41.0,167327.56713688426
2014-06-30,53.5485976,49.5524336,52.3497484,51.950132,53.0,257268.2952951881
2014-07-01,53.26886612,49.900099868,52.949173,52.3497484,68.0,449474.62116169406
2014-07-02,53.5485976,50.7512828,51.75032379999999,53.5485976,27.0,110924.2263330534
2014-07-03,59.46292032,51.918162688,57.1451452,51.918162688,172.0,1263079.543282007
2014-07-04,65.93670599999999,53.94821400000001,60.7416928,53.94821400000001,197.0,1064566.5192920011
2014-07-07,65.93670599999999,59.5428436,63.938624,62.531974272,182.0,934657.88691355
2014-07-08,75.24377195599999,61.1413092,69.3334454,64.01455111599999,357.0,2029444.912671252
2014-07-09,67.934788,53.94821400000001,60.14226819999999,67.934788,295.0,1386013.7121499518
2014-07-10,61.289167268,56.3459124,57.3449534,58.7436108,89.0,543130.6372811527
2014-07-11,59.27322241491999,55.42679468,58.5438026,56.88539454,90.0,495797.9952774711
2014-07-14,60.18222983999999,54.3478304,58.943419,54.3478304,54.0,491076.16704419546
2014-07-15,67.33536339999999,58.943419,64.3382404,58.943419,154.0,794198.9117563744
2014-07-16,69.17359884,62.28325302464,62.53996659999999,62.34015839999999,62.0,433191.7558939023
2014-07-17,65.13747319999999,61.1413092,62.34015839999999,65.13747319999999,42.0,199337.814964551
2014-07-18,65.93670599999999,57.5447616,58.14418619999999,62.53996659999999,95.0,647110.8793332807
2014-07-21,59.94246,53.94821400000001,56.1461042,59.22315048,82.0,498309.3036221737
2014-07-22,58.7436108,54.3478304,55.5466796,58.7436108,32.0,191532.22940800228
2014-07-23,56.110138724,52.3497484,53.94821400000001,55.18702483999999,51.0,321697.6330300759
2014-07-24,53.94821400000001,52.3497484,54.3478304,52.7493648,37.0,235270.5494569292
2014-07-25,54.30786876,52.3497484,53.7484058,53.5485976,24.0,111225.16493317092
2014-07-28,53.53660910799999,48.7532008,49.5524336,52.06602075599999,128.0,571814.1697888274
2014-07-29,52.453648664,48.7532008,51.1508992,49.672318520000005,54.0,247512.1141174386
2014-07-30,55.38683303999999,50.683348012,51.3507074,55.38683303999999,13.0,103571.97552452802
2014-07-31,55.5466796,51.67040051999999,54.14802219999999,51.91017036,52.0,250664.3120752802
2014-08-01,58.779576276,55.14706319999999,57.1451452,55.86637271999999,89.0,693145.4514879769
2014-08-04,60.7416928,54.3478304,59.5428436,57.5447616,102.0,444751.5417285177
2014-08-05,63.4391035,58.58376424,59.5428436,61.1413092,110.0,542440.1250799517
2014-08-06,61.652818192,56.46579732,56.945337,58.34399439999999,69.0,253311.40063320723
2014-08-07,58.7436108,56.3459124,57.3449534,56.82545208,27.0,83175.81560716729
2014-08-08,59.1432272,55.23098264400001,58.7436108,58.77434130116,34.0,285151.76053835626
2014-08-11,61.940542,57.1451452,60.941501,57.1451452,61.0,271137.9713144906
2014-08-12,61.7407338,57.42487668,59.7426518,61.5409256,73.0,329920.9942334699
2014-08-13,61.1413092,57.3449534,58.5438026,61.0414051,63.0,285093.3545269914
2014-08-14,61.1413092,58.7436108,60.941501,60.7416928,33.0,157611.02397198914
2014-08-15,63.539007600000005,57.944378,61.5409256,61.02142428,87.0,394851.11221661576
2014-08-18,63.3391994,60.78565060399999,62.1403502,62.81969808,63.0,340152.05582153285
2014-08-19,64.3382404,56.38587404,62.7397748,56.38587404,78.0,402296.5774177436
2014-08-20,64.29827876,59.94246,61.5409256,63.89866236,63.0,337509.0461752821
2014-08-21,64.7378568,60.8415969,63.7388158,63.11941038,105.0,410587.5034157758
2014-08-22,68.7340208,64.194378496,67.5351716,65.53708959999999,157.0,754394.8396512256
2014-08-25,67.5351716,67.5351716,67.5351716,67.5351716,0.0,0.0
2014-08-26,72.7301848,67.5351716,71.7311438,69.93287,126.0,494231.36788179865
2014-08-27,75.40761468,71.07577290399999,73.1298012,73.1298012,122.0,530263.3475503008
2014-08-28,74.7282668,65.93670599999999,71.7311438,74.7282668,139.0,670429.4418347195
2014-08-29,75.1278832,71.6312397,72.1307602,75.1278832,97.0,350870.20953094016
2014-09-01,74.3286504,70.25256311999999,72.3305684,71.65122052,151.0,714370.5063155566
2014-09-02,72.314583744,68.91384818,68.933829,71.930952,103.0,367584.0130685328
2014-09-03,72.7301848,65.69293999599999,66.7359388,70.73210279999999,98.0,564472.0536994978
2014-09-04,67.411290516,63.57896923999999,65.13747319999999,65.05754991999999,84.0,304567.805525499
2014-09-05,68.65409752,64.082485904,67.7349798,66.33632239999999,55.0,266463.2882934735
2014-09-08,69.1336372,65.13747319999999,66.7359388,69.05371391999999,54.0,224867.24769053524
2014-09-09,68.89386736,65.51710878,66.33632239999999,65.51710878,44.0,167428.73916085527
2014-09-10,68.7340208,65.51710878,67.5351716,65.51710878,38.0,163670.00953914804
2014-09-11,71.930952,67.379321204,70.73210279999999,71.930952,84.0,339534.463550545
2014-09-12,71.930952,67.583125568,69.7330618,70.21260147999999,58.0,259753.27839397985
2014-09-15,70.97187264,66.65601552,67.5351716,68.09463456,51.0,216080.57126784587
2014-09-16,69.29348376,65.13747319999999,65.93670599999999,67.11349637472,53.0,287597.2807922798
2014-09-17,67.934788,65.13747319999999,67.934788,66.01662927999999,41.0,147112.63101314162
2014-09-18,69.93287,67.33536339999999,68.1345962,69.93287,55.0,305748.91320776625
2014-09-19,71.45141231999999,68.3344044,70.53229459999999,70.37244804,66.0,481145.3433843056
2014-09-22,71.1317192,67.61509488,70.13267819999999,71.1317192,45.0,185564.2060736246
2014-09-23,67.1355552,59.94246,65.7368978,59.94246,157.0,946221.2011318856
2014-09-24,67.934788,63.938624,66.33632239999999,65.93670599999999,59.0,410255.2097461466
2014-09-25,67.1355552,62.34015839999999,65.93670599999999,66.57609224,41.0,178092.96615454223
2014-09-26,67.63507569999999,63.539007600000005,65.7368978,65.53708959999999,44.0,188516.5874073236
2014-09-29,67.09559356,64.09847056000001,64.937665,64.09847056000001,31.0,155257.71715074757
2014-09-30,66.640030864,63.938624,64.937665,65.93670599999999,32.0,197249.5373062768
2014-10-01,63.97858564,60.38203803999999,63.1393912,63.97858564,57.0,333377.5590791569
2014-10-02,62.7397748,60.86157771999999,61.3411174,61.429033008,36.0,154024.33433662885
2014-10-03,63.41912268,58.34399439999999,59.343035400000005,61.209243988,58.0,293141.2224323126
2014-10-06,62.18031184,57.10518356,60.941501,57.10518356,41.0,129752.20736686482
2014-10-07,61.764710784,58.86349572,60.3420764,61.764710784,14.0,32190.52070936028
2014-10-08,61.71220118904,57.944378,59.343035400000005,61.5409256,48.0,340953.8497419025
2014-10-09,60.310107088,56.497766632,57.3449534,58.14418619999999,50.0,292369.08194958966
2014-10-10,57.5447616,50.3516664,54.3478304,55.94629599999999,160.0,1376818.3437916962
2014-10-13,56.457804992,51.1508992,52.5495566,54.747446800000006,94.0,384369.5353844337
2014-10-14,53.54060527200001,50.67135952,51.950132,52.42967168,61.0,269552.0504163493
2014-10-15,53.94821400000001,48.3535844,49.5524336,52.7493648,72.0,354042.326591201
2014-10-16,52.7493648,48.7532008,51.75032379999999,50.0519541,72.0,203596.8744025521
2014-10-17,54.82737008,51.5505156,52.949173,52.72938398,60.0,356686.4873413604
2014-10-20,59.1432272,52.58951824,56.945337,59.1432272,47.0,228257.1235815147
2014-10-21,58.10422455999999,54.5476386,56.3459124,58.10422455999999,34.0,196808.01388531603
2014-10-22,58.58376424,55.14706319999999,55.94629599999999,55.14706319999999,14.0,61645.81833978785
2014-10-23,55.94629599999999,50.13587354399999,52.949173,55.76646862,77.0,388150.18602840125
2014-10-24,56.38587404,51.1508992,54.947255,51.1508992,24.0,114350.7623811235
2014-10-27,57.5447616,54.020144952,54.947255,56.617651552000005,34.0,222373.70638442264
2014-10-28,56.00224229599999,52.421679352000005,53.7484058,52.925196016,26.0,88522.41799886091
2014-10-29,63.938624,55.94629599999999,62.939583,58.711641488,144.0,607254.1066883141
2014-10-30,65.31730058,59.81458275199999,61.940542,63.938624,81.0,313071.0100986847
2014-10-31,62.34015839999999,58.38395604,59.94246,61.940542,68.0,369396.45119669766
2014-11-03,60.7416928,55.94629599999999,57.5447616,59.1432272,79.0,262834.4081974614
2014-11-04,58.42391768,55.3468714,56.3459124,56.3459124,72.0,328428.5629919093
2014-11-05,57.1451452,53.061065592,54.947255,54.5476386,61.0,390555.9181254824
2014-11-06,53.5485976,49.996007804,52.7493648,53.5485976,90.0,359631.76185962337
2014-11-07,58.539806436,51.89018954,57.3449534,53.94821400000001,132.0,644607.9039799168
2014-11-10,56.7455288,54.3478304,56.1461042,56.7455288,35.0,84782.40632766824
2014-11-11,57.38491504,53.1489812,55.7464878,55.7464878,34.0,107652.18844872231
2014-11-12,56.66560551999999,51.950132,54.5476386,53.94821400000001,87.0,255354.33480708
2014-11-13,57.50479996,53.94821400000001,54.747446800000006,54.5476386,23.0,114008.43408829068
2014-11-14,55.5466796,52.3497484,54.747446800000006,55.5466796,37.0,152992.2195385375
2014-11-17,55.6465837,52.7493648,54.14802219999999,52.7493648,37.0,230715.4060744253
2014-11-18,60.80163526,51.950132,57.944378,52.3497484,41.0,127206.59112088494
2014-11-19,59.82257508,53.94821400000001,55.94629599999999,57.18510684,37.0,119754.6196802734
2014-11-20,55.5466796,54.3478304,54.947255,54.88731254,9.0,38798.132408980215
2014-11-21,59.0433231,52.80930726,54.5476386,59.0433231,35.0,178494.60132266843
2014-11-24,55.94629599999999,53.1489812,54.3478304,53.94821400000001,52.0,269937.0696497942
2014-11-25,56.7455288,53.81070599676,55.14706319999999,54.747446800000006,36.0,160269.87380898284
2014-11-26,55.5466796,52.7493648,53.5485976,53.5485976,70.0,389857.2481009289
2014-11-27,58.4438985,48.04388169,55.946296,50.20181025,107.0,550445.8775966152
2014-11-28,55.326868601098,49.95205,52.4496525,55.19701525,77.0,486359.41868251655
2014-12-01,52.1124761625,49.4525295,49.827169875,51.4506115,52.0,303437.9970391606
2014-12-02,49.4525295,44.956845,47.4544475,49.20276925,114.0,567370.1079335082
2014-12-03,49.20276925,45.4563655,47.953968,46.176487240333,70.0,284607.939013514
2014-12-04,49.70228975,47.20468725,48.078848125,49.70228975,30.0,137909.25497552153
2014-12-05,47.953968,44.4573245,45.70612575,47.71419816,59.0,167371.50927739704
2014-12-08,47.80411185,43.3583794,43.957804,46.8550229,64.0,273645.425963499
2014-12-09,45.20660525,40.960681,41.585081625,45.20660525,64.0,337509.6717752325
2014-12-10,41.959722,37.963558,38.587958625,41.959722,80.0,629589.7765957554
2014-12-11,41.83983708,37.963558,40.71092075,41.60006724,54.0,356982.34606988105
2014-12-12,44.901897745,40.35126599,43.70804375,40.79084403,49.0,281169.64168637723
2014-12-15,46.24560789,42.20948225,45.70612575,42.20948225,77.0,406756.0790798376
2014-12-16,45.791044235,43.957804,44.831964875,45.791044235,40.0,267197.2421552269
2014-12-17,45.4563655,44.4573245,45.081725125,44.4573245,22.0,76852.7017409696
2014-12-18,46.954927,43.957804,46.954927,43.957804,73.0,404109.5410498668
2014-12-19,53.5485976,47.3920074375,52.949173,47.953968,84.0,460474.59513673617
2014-12-22,55.76646862,50.70133075,51.825251875,53.948214,77.0,523889.40994413645
2014-12-23,50.71132116,47.953968,50.076930125,50.4515705,34.0,211328.6641889572
2014-12-24,49.977026025,48.953009,49.827169875,49.1528172,18.0,65299.62233782197
2014-12-29,63.938624,55.832206516841,62.19030225,57.4448575,289.0,1597437.942987325
2014-12-30,62.68982275,59.268107325,60.941501,60.4419805,99.0,628825.0432164446
2014-12-31,65.78684985,60.07233533,65.18742525,60.07233533,111.0,463111.12356750126
2015-01-02,70.60722267499999,62.939583,68.933829,62.939583,132.0,621105.6403090564
2015-01-05,71.3315274,66.4362265,68.18454824999999,69.5332536,177.0,668481.0733493421
2015-01-06,67.934788,59.94246,60.69174075,67.800484920288,188.0,841980.4592604308
2015-01-07,61.6408297,55.946296,58.69365875,61.6408297,106.0,435473.6192008136
2015-01-08,63.796842099362,58.410597466347,60.4419805,59.94246,89.0,478130.5271755614
2015-01-09,62.68982275,58.902790999653,59.4429395,60.19222025,43.0,135308.76110189673
2015-01-12,59.993328170597,55.361857015,57.070217125,59.993328170597,45.0,312845.0183726193
2015-01-13,57.944378,54.947255,56.19605625,56.747219177372,96.0,326992.5858898684
2015-01-14,56.778829833653,52.949173,54.073094125,56.778829833653,57.0,247454.30868202608
2015-01-15,54.59759065,51.20085125,52.949173,54.59759065,84.0,394819.6320271141
2015-01-16,55.83640149,52.00008405,54.4477345,52.164925815,32.0,139329.6171028016
2015-01-19,59.94246,55.946296,56.945337,55.946296,59.0,225577.3286581832
2015-01-20,58.943419,56.610658265,57.69461775,57.39490545,42.0,163350.65327649217
2015-01-21,58.69365875,56.4458165,57.4448575,58.69365875,33.0,192497.6052033901
2015-01-22,58.1441862,56.38097074677199,57.4448575,56.69557675,41.0,220502.46186092464
2015-01-23,58.943419,56.69557675,57.944378,56.69557675,27.0,61527.00439721694
2015-01-26,59.0433231,55.09711115,57.69461775,58.67367793,66.0,373591.2740317965
2015-01-27,59.2431313,54.947255,55.571655625,55.946296,91.0,407620.9084512047
2015-01-28,57.05523151,53.4486935,54.322854375,54.572614625,108.0,330342.7987439955
2015-01-29,56.4458165,53.74840579999999,55.821415875,55.731502185,39.0,229733.3142483642
2015-01-30,57.19509725,53.823333875,56.69557675,53.823333875,23.0,169544.5932649411
2015-02-02,57.944378,56.19605625,58.19413825,56.19605625,37.0,176939.6851580666
2015-02-03,59.537848395,57.19509725,59.19317925,57.19509725,46.0,187506.81903945885
2015-02-04,59.4704131275,57.944378,58.4438985,59.4704131275,25.0,175583.3844657026
2015-02-05,59.69269975,56.70556716,58.943419,58.507473473076,51.0,182866.3688477249
2015-02-06,62.4400625,57.652990708653,61.19126125,57.862623477847,95.0,566494.268003015
2015-02-09,64.5380486,58.943419,61.940542,58.943419,71.0,635637.5764358019
2015-02-10,63.08943915,61.4410215,61.940542,61.8781019375,20.0,67152.39915078561
2015-02-11,62.5399666,59.94246,60.566860625,62.5399666,38.0,139430.71405477854
2015-02-12,61.19126125,58.943419,59.567819625,59.94246,26.0,77300.13082546162
2015-02-13,60.417004475,58.69365875,59.19317925,59.37300663,46.0,175814.60620735286
2015-02-16,58.943419,56.945337,57.944378,58.6312186875,71.0,428135.5820231602
2015-02-17,59.19317925,57.19509725,58.568778625,57.19509725,19.0,62066.52179440083
2015-02-18,59.4429395,57.4423598975,58.69365875,57.4448575,37.0,110436.9089957269
2015-02-19,59.69269975,57.19509725,58.818538875,57.19509725,26.0,141480.67997209323
2015-02-20,59.4429395,57.11017876499999,59.068299125,57.11017876499999,60.0,160946.34754729786
2015-02-23,59.94246,57.2478466148,59.94246,57.69461775,45.0,339446.52922152344
2015-02-24,62.939583,58.99337104999999,61.940542,60.8415969,65.0,302450.0495975641
2015-02-25,62.68982275,59.69269975,60.4419805,60.19222025,104.0,316839.8494155896
2015-02-26,62.1403502,59.94246,61.4410215,60.167244225,38.0,185616.0057495138
2015-02-27,61.7407338,55.946296,57.69461775,59.8344636679,82.0,388680.7448342961
2015-03-02,59.94246,56.4458165,59.068299125,56.4458165,68.0,283325.7093552717
2015-03-03,60.4419805,57.4448575,59.567819625,58.6437067,58.0,272914.7252214874
2015-03-04,59.94246,58.4438985,59.817579875,58.778577235,42.0,165907.10491361216
2015-03-05,59.94246,58.943419,59.19317925,59.2431313,26.0,198223.0959490151
2015-03-06,60.4419805,58.59375465,59.318059375,59.0433231,23.0,142124.29720101578
2015-03-09,64.937665,59.8425559,62.4400625,60.3358823458,115.0,535509.5536619618
2015-03-10,64.0723955899,61.69078175,62.814702875,63.4391035,62.0,350557.1843397819
2015-03-11,63.938624,61.26119412,62.19030225,62.939583,49.0,321014.85324426123
2015-03-12,62.939583,60.941501,62.19030225,61.51095437,17.0,52763.60029268068
2015-03-13,63.254280915,60.4419805,62.19030225,60.4419805,20.0,137884.23097750742
2015-03-16,62.939583,60.69174075,61.066381125,62.3139835258,87.0,380564.9617983647
2015-03-17,61.9067744142,59.94246,60.4419805,61.496635115347,49.0,421355.0795212609
2015-03-18,62.19030225,60.7416928,61.940542,60.941501,51.0,270579.48572681204
2015-03-19,64.38819245,61.19126125,61.69078175,62.939583,51.0,245503.4377968472
2015-03-20,63.114415175,61.5409256,63.18934325,61.59087765,47.0,249849.60577193528
2015-03-23,67.0980911625,63.18934325,64.68790475,64.8252728875,158.0,889480.0113308664
2015-03-24,69.4165656112,64.43814449999999,68.18454824999999,64.43814449999999,153.0,670466.9778317406
2015-03-25,72.929993,67.934788,70.30751037499999,68.6341167,265.0,855459.3855507432
2015-03-26,72.65525672499999,67.934788,68.55918862499999,70.822099410403,77.0,373418.107965539
2015-03-27,70.931911,67.7337809508,69.18358925,70.4323905,65.0,226123.85277481104
2015-03-30,70.48234255,67.934788,69.43334949999999,68.98378104999999,89.0,323287.03226394113
2015-03-31,71.006839075,67.67253973749999,68.68406875,69.43334949999999,72.0,248864.6612101005
2015-04-01,69.93287,66.93574699999999,69.43334949999999,66.93574699999999,49.0,189046.295397286
2015-04-02,70.1300806934,67.26033542089999,68.309428375,68.78397285,49.0,326254.87842841283
2015-04-06,68.309428375,68.309428375,68.309428375,68.309428375,0.0,0.0
2015-04-07,71.7311438,66.93574699999999,70.931911,66.93574699999999,59.0,335704.9410384559
2015-04-08,73.1298012,68.933829,71.18167125,70.1326782,74.0,352489.03698647005
2015-04-09,71.2316233,68.933829,70.18263025,70.68215074999999,89.0,385141.3505551824
2015-04-10,70.4323905,68.68406875,69.68310975,68.933829,38.0,152549.294773688
2015-04-13,69.93287,67.83488390000001,69.68310975,68.18454824999999,38.0,219667.6612871744
2015-04-14,69.93287,68.7340208,69.058709125,69.7404547034,15.0,60732.24222028926
2015-04-15,74.5284586,67.68502775,73.929034,67.934788,137.0,659653.6078098897
2015-04-16,75.8147238875,73.17975324999999,74.67831475,73.84911072,132.0,663277.0827223307
2015-04-17,74.92807499999999,72.7717449056,74.17879425,73.4595846341,78.0,473984.551184586
2015-04-20,81.95526145921198,75.927116,80.4228005,75.927116,274.0,1216806.917834203
2015-04-21,84.91848499999999,78.67447874999999,82.67064275,78.67447874999999,214.0,1020241.4115136416
2015-04-22,84.91848499999999,81.3219374,83.544803625,81.7215538,89.0,505654.92307122535
2015-04-23,88.96460105,82.15114143,83.794563875,85.88755477,258.0,1201061.818283734
2015-04-24,85.06834115000001,78.67447874999999,78.799358875,82.42088249999999,236.0,1113590.9337054235
2015-04-27,79.72417112870001,71.68119175,74.17879425,79.72417112870001,215.0,1086067.53876968
2015-04-28,73.929034,69.93287,71.68119175,73.4295135,122.0,681904.9468440234
2015-04-29,75.52749959999998,72.4304725,74.05391412499999,72.4304725,86.0,414000.02602495794
2015-04-30,76.97610904999999,71.93095199999999,76.17687624999999,75.27274414499999,59.0,285664.95268962934
2015-05-01,76.70636798,74.17879425,75.30271537499999,74.92807499999999,61.0,255455.9822870133
2015-05-04,75.30271537499999,75.30271537499999,75.30271537499999,75.30271537499999,0.0,0.0
2015-05-05,74.523463395,71.18167125,72.68023275,74.42855449999999,108.0,382291.61766133725
2015-05-06,76.550025056787,72.4304725,74.05391412499999,72.755160825,44.0,172406.33767783304
2015-05-07,75.87716395,72.4304725,72.929993,75.87716395,43.0,188628.8951104109
2015-05-08,76.07697215,71.4314315,71.4314315,76.07697215,67.0,285499.79430273635
2015-05-11,71.580288609,67.31538257999999,68.68406875,70.931911,122.0,490926.7988000493
2015-05-12,72.4304725,69.5332536,70.807030875,69.5332536,33.0,117546.72731149172
2015-05-13,72.2431523125,68.4343085,69.058709125,70.18263025,48.0,328599.1265623733
2015-05-14,71.93095199999999,67.4352675,70.4323905,71.356503425,23.0,50065.012346840624
2015-05-15,71.68119175,69.93287,70.807030875,71.26159453,41.0,147094.06320661516
2015-05-18,71.4314315,69.43334949999999,70.057750125,69.88291795,69.0,206113.66300281973
2015-05-19,70.4323905,67.4227794875,68.4343085,69.93287,74.0,305211.69801839965
2015-05-20,70.25256311999999,67.79741986249999,69.93287,67.959764025,61.0,405116.5067299541
2015-05-21,71.68119175,68.009716075,71.18167125,68.6341167,55.0,274691.4290804882
2015-05-22,72.68023275,69.118651585,71.806071875,71.4314315,37.0,186808.1490149053
2015-05-25,71.806071875,71.806071875,71.806071875,71.806071875,0.0,0.0
2015-05-26,72.68023275,68.08464415,71.806071875,69.18358925,48.0,342907.8486268332
2015-05-27,72.56284543249998,70.68215074999999,71.806071875,71.6886845575,42.0,88811.16991194556
2015-05-28,71.4314315,68.4343085,70.18263025,70.18263025,32.0,97722.71608472524
2015-05-29,71.616254085,66.93574699999999,67.560147625,71.616254085,115.0,654885.0347483237
2015-06-01,71.18167125,65.936706,69.308469375,68.933829,63.0,255739.25394453283
2015-06-02,69.558229625,68.18454824999999,68.059668125,68.933829,26.0,77595.41400202794
2015-06-03,70.090739457861,67.1592324717,68.68406875,68.309428375,31.0,160635.0490120025
2015-06-04,69.43334949999999,65.936706,68.68406875,66.93574699999999,66.0,355442.86971205386
2015-06-05,67.934788,65.936706,66.810866875,67.216477521,36.0,132247.82566481255
2015-06-08,74.92807499999999,67.809907875,68.68406875,70.65717472499999,153.0,708858.795584966
2015-06-09,71.5900792108,67.4352675,67.809907875,69.65813372499998,47.0,166758.92180601196
2015-06-10,69.2460293125,65.936706,65.811825875,69.2460293125,60.0,328165.7109167692
2015-06-11,67.24100997179599,65.4371855,66.06158612499999,65.602048244861,61.0,274179.9385610801
2015-06-12,69.68310975,65.61377598716,68.933829,67.4352675,136.0,516601.42076251126
2015-06-15,68.190098921796,65.68694574999999,66.561106625,67.18550725,56.0,347889.62615147926
2015-06-16,66.93574699999999,65.68694574999999,66.311346375,66.28637035,58.0,242976.01399742355
2015-06-17,67.23545929999999,63.07944874,64.18838425,67.23545929999999,102.0,604821.0233614036
2015-06-18,65.4371855,62.5399666,63.563983625,63.28924735,55.0,293865.81731880875
2015-06-19,66.93574699999999,63.1393912,66.06158612499999,64.73166274580001,44.0,220712.66344424305
2015-06-22,67.934788,64.39755845937499,66.561106625,66.161490225,91.0,347973.7067848066
2015-06-23,66.4362265,64.68790475,65.18742525,65.68694574999999,39.0,222817.6821571888
2015-06-24,65.94170120499999,62.939583,65.062545125,65.94170120499999,45.0,141291.4985471067
2015-06-25,66.177537820583,63.18934325,65.4371855,65.936706,34.0,167606.73485872953
2015-06-26,66.18646625,64.18838425,65.68694574999999,64.563024625,55.0,121530.54779533572
2015-06-29,65.487772940076,62.4400625,63.4391035,63.938624,120.0,287666.872530757
2015-06-30,66.344871193837,62.0404461,64.063504125,63.3391994,78.0,447903.5394943751
2015-07-01,65.2448701075,63.938624,64.68790475,63.938624,18.0,135201.6583903964
2015-07-02,65.15745402,64.30027684199999,64.81278487499999,65.048558551,10.0,136768.16066607877
2015-07-03,65.64698410999999,63.5390076,65.18742525,64.68790475,22.0,171406.3787171898
2015-07-06,65.462161525,63.0394871,64.68790475,63.68886375,16.0,150050.89881196068
2015-07-07,65.4371855,62.19030225,64.063504125,64.81278487499999,25.0,176463.22823587822
2015-07-08,64.43814449999999,61.69078175,62.814702875,62.7029101871,56.0,243566.5803505562
2015-07-09,65.68694574999999,62.3126847725,63.813743875,64.28828834999999,25.0,75152.07083593166
2015-07-10,65.68694574999999,61.69078175,63.813743875,61.69078175,31.0,123987.90440031992
2015-07-13,64.68790475,61.4410215,63.18934325,61.4410215,38.0,124016.93223801626
2015-07-14,62.939583,61.19126125,62.19030225,62.4927119607,24.0,139771.04042777023
2015-07-15,63.68886375,61.69078175,62.68982275,61.7407338,31.0,111764.18185039454
2015-07-16,63.88867195,61.69078175,61.316141375,62.10323582685,14.0,31887.58018940164
2015-07-17,61.940542,60.941501,61.4410215,61.436026295,37.0,215521.68529619905
2015-07-20,62.68982275,60.39202845,61.940542,62.68982275,24.0,113226.58429433827
2015-07-21,61.940542,60.4244972825,60.566860625,60.4419805,21.0,95370.46027140028
2015-07-22,62.5774306375,59.5428436,60.067340125,61.515949575,49.0,137291.66270453366
2015-07-23,65.64198890499999,60.941501,63.938624,60.941501,118.0,601568.9045794917
2015-07-24,64.05850892000001,60.4419805,61.4410215,64.05850892000001,99.0,307367.76568729413
2015-07-27,61.6408297,57.5447616,58.319018375,60.24217229999999,66.0,478331.7201195947
2015-07-28,60.19222025,58.4438985,59.318059375,58.943419,98.0,316934.9406080431
2015-07-29,60.941501,58.943419,60.4419805,59.4429395,53.0,271630.49364340404
2015-07-30,61.19126125,59.4429395,60.19222025,60.1347753925,43.0,91143.40652685928
2015-07-31,61.42628564525,58.19413825,60.941501,58.19413825,42.0,171840.7953227145
2015-08-03,60.5233024374,57.944378,59.69269975,59.94246,93.0,456527.810169953
2015-08-04,59.69269975,57.944378,58.943419,58.99337104999999,35.0,109480.99227158846
2015-08-05,59.068299125,56.4458165,57.19509725,58.19413825,33.0,180529.1274332085
2015-08-06,56.69557675,52.4496525,54.19797425,56.69557675,163.0,689547.2758375282
2015-08-07,54.1355341875,52.4496525,54.19797425,53.89826195,41.0,136433.84005261047
2015-08-10,55.4467755,53.0490771,54.073094125,53.0490771,12.0,21336.461666738403
2015-08-11,53.69845375,52.4496525,53.69845375,52.4496525,13.0,36260.77408234497
2015-08-12,53.273861325,50.9045356894,51.20085125,52.79297593677301,74.0,456395.68346043857
2015-08-13,53.8008554525,51.950132,52.574532625,52.19989225,35.0,188470.7434429618
2015-08-14,56.9428393975,51.33072658,55.072135125,53.99816605,73.0,555021.2653935124
2015-08-17,55.69653575,53.69845375,54.073094125,55.59663165,40.0,158858.34515300175
2015-08-18,55.69653575,53.69845375,55.072135125,53.69845375,31.0,111612.03594246884
2015-08-19,53.948214,52.69941275,53.074053125,53.948214,48.0,201899.621737246
2015-08-20,54.49768655,50.951091,52.949173,54.49768655,60.0,208086.555006251
2015-08-21,52.69941275,49.6523377,49.577409625,50.20181025,78.0,471034.7222986845
2015-08-24,50.6136149502,45.955886,48.70324875,50.6136149502,101.0,700700.9722323709
2015-08-25,51.4506115,48.0538721,49.577409625,48.40353645,49.0,212867.1395868638
2015-08-26,51.20085125,49.34063690799999,50.70133075,50.07193492,31.0,105077.76958102822
2015-08-27,51.142609157782,49.95205,51.325731375,51.142609157782,28.0,123020.97711705526
2015-08-28,52.852215071909,50.70133075,51.325731375,51.70037175,31.0,279559.09717419004
2015-08-31,51.325731375,51.325731375,51.325731375,51.325731375,0.0,0.0
2015-09-01,51.96012241,49.95205,50.326690375,51.96012241,48.0,334865.13566510286
2015-09-02,51.4506115,49.95205,51.075971125,50.79124444,33.0,234764.13880911795
2015-09-03,52.4496525,50.1199887921,51.70037175,51.70037175,56.0,246854.7336896084
2015-09-04,51.90017995,50.951091,51.825251875,51.22083207,22.0,68133.33987293814
2015-09-07,51.18087042999999,50.20181025,50.951091,50.88115813,22.0,120801.84897316528
2015-09-08,51.40065945,49.70228975,50.326690375,51.40065945,56.0,160209.6410457629
2015-09-09,51.4928709343,50.4515705,50.70133075,50.50152255,52.0,269839.77634551533
2015-09-10,51.16088961,49.20276925,49.577409625,50.41160886,25.0,109245.76669025596
2015-09-11,49.95205,47.4544475,49.20276925,49.727265775,53.0,169330.38784194042
2015-09-14,49.32265416999999,45.4563655,46.580286625,47.953968,78.0,348058.78837805457
2015-09-15,47.4544475,45.90593395,46.954927,45.90593395,13.0,36630.12829303302
2015-09-16,49.70228975,46.26558871,49.20276925,47.70420775,54.0,225108.8794153593
2015-09-17,50.20181025,48.953009,49.4525295,48.953009,48.0,361403.5860390114
2015-09-18,51.635434085,48.953009,50.951091,50.076930125,76.0,416133.0716156795
2015-09-21,54.19797425,50.73130198,53.19893325,50.73130198,44.0,240065.22254842395
2015-09-22,53.8483099,50.951091,51.70037175,52.7493648,41.0,235653.9921784992
2015-09-23,53.948214,50.951091,53.4486935,52.32976758,60.0,196036.9994825037
2015-09-24,58.10422455999999,53.73841539,56.320936375,54.947255,57.0,251270.968859136
2015-09-25,60.4419805,55.84639189999999,57.819497875,57.19509725,136.0,643481.0983733401
2015-09-28,63.938624,57.19509725,58.319018375,59.0433231,101.0,633789.8044224412
2015-09-29,60.858247916347,58.263151003239,59.068299125,58.263151003239,39.0,224703.490647531
2015-09-30,62.61988988,59.19317925,60.69174075,60.22219148,43.0,378837.3049754715
2015-10-01,63.563983625,60.49193255,62.315182375,60.49193255,40.0,143065.19952634576
2015-10-02,61.79068585,58.19413825,59.69269975,61.19126125,55.0,146687.67347886623
2015-10-05,61.940542,59.12324638,60.941501,59.12324638,53.0,192790.8864601153
2015-10-06,61.940542,61.19126125,61.565901625,61.4410215,30.0,110404.87827826886
2015-10-07,63.18934325,59.4429395,61.69078175,59.4429395,59.0,262190.44063256664
2015-10-08,62.68982275,61.50595916499999,61.69078175,62.2402543,25.0,85852.3323867589
2015-10-09,66.4362265,62.4400625,65.18742525,62.4400625,82.0,455602.923203352
2015-10-12,66.011634075,63.4391035,64.81278487499999,65.94669641,26.0,187218.5425823365
2015-10-13,64.5053799593,61.4410215,61.565901625,64.18838425,32.0,252097.76175352163
2015-10-14,61.73074339,59.69269975,60.317100375,61.73074339,66.0,275208.9253594197
2015-10-15,62.4400625,60.19222025,60.941501,60.6417887,32.0,190414.6076086968
2015-10-16,63.7388158,61.940542,63.18934325,62.68982275,55.0,179711.3431781078
2015-10-19,63.563983625,60.19222025,61.815661875,63.563983625,23.0,70884.9786945681
2015-10-20,61.79068585,60.19222025,61.066381125,60.19222025,30.0,93149.33020766916
2015-10-21,61.69078175,59.94246,60.4419805,60.19222025,26.0,95382.47179044705
2015-10-22,60.7879483983,60.19222025,60.69174075,60.19222025,30.0,79955.67749471744
2015-10-23,61.940542,60.89154895,61.940542,60.89154895,19.0,80482.18241293401
2015-10-26,61.69078175,59.94246,60.4419805,61.09135714999999,43.0,148095.02312717898
2015-10-27,60.8010358354,58.57377383,59.19317925,60.69174075,52.0,297021.8439483465
2015-10-28,61.19126125,56.1046439985,58.19413825,60.66176951999999,114.0,634935.9035314868
2015-10-29,57.99433005,56.4458165,57.569737625,57.6446657,48.0,234120.5215801954
2015-10-30,58.19413825,56.4458165,57.319977375,57.33496299,62.0,171187.1684945863
2015-11-02,58.4438985,56.8339439285,58.069258125,57.49480954999999,27.0,130972.60272601426
2015-11-03,58.0135116372,55.19701525,56.945337,58.0135116372,34.0,148671.57604142374
2015-11-04,58.943419,56.69557675,58.069258125,56.69557675,23.0,88652.01728457591
2015-11-05,58.468874525,52.87924013,53.074053125,58.468874525,103.0,634592.5742787333
2015-11-06,54.26790712,52.949173,54.073094125,53.3487894,24.0,121791.79833460288
2015-11-09,56.320936375,54.05810851,56.071176125,54.4477345,34.0,132150.73255251787
2015-11-10,56.945337,53.948214,54.073094125,55.6270024964,23.0,123277.2228567196
2015-11-11,54.38779204,50.951091,51.075971125,53.948214,49.0,233731.14817109608
2015-11-12,52.1374521875,48.953009,49.20276925,51.08096633,66.0,323633.3643964562
2015-11-13,50.6388906875,47.20468725,47.829087875,50.6388906875,76.0,231016.54486652705
2015-11-16,49.95205,46.1556942,49.327649375,47.4544475,72.0,416965.8702695885
2015-11-17,49.70228975,48.953009,49.077889125,49.39258704,17.0,111340.77580399605
2015-11-18,48.953009,46.77509962,47.579327625,48.953009,35.0,90378.6731475485
2015-11-19,48.0164080625,46.954927,47.579327625,46.954927,20.0,122235.22357941266
2015-11-20,47.67423652,44.956845,45.831005875,46.70516675,63.0,412536.6226210936
2015-11-23,46.954927,42.958763,44.332444375,45.20660525,64.0,432287.5637736589
2015-11-24,45.44637509,41.70996175,41.834841875,44.4701122248,48.0,376640.19794983394
2015-11-25,44.20756425,42.20948225,43.583163625,44.20756425,32.0,103067.84206053606
2015-11-26,43.7579958,42.4592425,42.584122625,43.39834104,27.0,133166.70687189014
2015-11-27,44.6927984637,41.959722,43.832923875,43.2343984119,38.0,149516.3862143796
2015-11-30,48.191739758,43.970791533,46.330526375,44.0475178818,53.0,231310.8270831728
2015-12-01,46.5178465625,45.1566532,45.70612575,45.20660525,10.0,23234.281676127408
2015-12-02,46.1432061875,44.831964875,45.20660525,45.4563655,16.0,34462.049105091784
2015-12-03,44.6395495784,44.1708994453,44.332444375,44.6395495784,11.0,22748.81611465396
2015-12-04,44.831964875,42.958763,43.20852325,44.72313234558301,31.0,208549.9994494721
2015-12-07,43.4582835,37.963558,39.087479125,43.4582835,124.0,798145.4214591794
2015-12-08,39.21235925,34.4547261998,36.340116375,37.963558,98.0,631204.3249476248
2015-12-09,38.21331825,35.21619525,37.71379775,36.11533215,37.0,436832.92277293926
2015-12-10,40.21140025,37.71379775,39.087479125,38.22330866,41.0,317155.15179056715
2015-12-11,40.34127558,38.4630785,39.96164,38.48305932,27.0,273221.01895718
2015-12-14,40.4611605,38.21331825,38.962599,40.4611605,38.0,284192.54064648
2015-12-15,39.96164,38.71283875,39.4621195,38.7865679758,7.0,25637.586445401143
2015-12-16,39.4621195,38.4630785,39.4621195,38.744808062,11.0,56132.8313852985
2015-12-17,39.4621195,38.4630785,39.21235925,38.962599,12.0,40828.15419987768
2015-12-18,39.683906602,38.7618916631,38.962599,38.7822720995,12.0,83180.77035877407
2015-12-21,39.21235925,38.4630785,39.337239375,38.962599,11.0,53160.98138114452
2015-12-22,40.4611605,38.71283875,39.21235925,40.4611605,10.0,62934.35404552967
2015-12-23,39.67191811,37.98353882,38.71283875,39.67191811,23.0,442155.0266705771
2015-12-24,38.552992190000005,38.34319358,38.71283875,38.34319358,5.0,16880.188100388274
2015-12-28,38.71283875,38.71283875,38.71283875,38.71283875,0.0,0.0
2015-12-29,38.92263736,32.1691202,32.968353,37.4640375,109.0,574458.9060909413
2015-12-30,34.591794625,31.944335975,33.967394,33.33799817,107.0,1206252.7964317782
2015-12-31,35.39101743459,34.56680860959,35.21619525,34.56680860959,24.0,112668.04865866368
2016-01-04,36.71475675,34.7791148125,35.840595875,35.3909275209,48.0,269437.3904574487
2016-01-05,35.5658596,33.96740399041,34.966435,35.21619525,19.0,67282.52394045891
2016-01-06,34.4681133492,33.7838701683,34.21715425,33.967394,25.0,159120.59665218944
2016-01-07,34.4669145,32.968353,34.21715425,33.967394,45.0,411237.3766442018
2016-01-08,34.950450344000004,33.967394,34.4669145,34.11725015,27.0,272480.30861596274
2016-01-11,36.4649965,34.0672981,35.965475999999995,34.4170623541,24.0,134671.14963249757
2016-01-12,36.64482388,35.077328550999994,36.090356125,35.5658596,23.0,129596.282835239
2016-01-13,35.7156158459,34.966435,35.091315125,35.7156158459,9.0,28415.250224965745
2016-01-14,34.966435,34.2921822291,34.71667475,34.966435,24.0,131479.08844581954
2016-01-15,34.7666268,30.5399840413,31.095151125,34.4669145,33.0,329734.21511229273
2016-01-18,30.970271,28.4726685,29.4717095,29.97123,60.0,418334.18248099927
2016-01-19,30.72051075,28.4726685,28.72242875,29.3971810414,32.0,202336.04026261184
2016-01-20,29.97123,23.0899354961,24.351624375,29.45172868,98.0,714952.6395813585
2016-01-21,26.974107,23.4774635,25.4755455,23.4774635,60.0,473153.75445051806
2016-01-22,29.3593173875,25.95508518,27.72338775,25.95508518,57.0,362864.9875230346
2016-01-25,27.86325349,25.4755455,26.72434675,27.86325349,28.0,114842.13360612828
2016-01-26,26.619447445,25.5176051261,25.975066,25.76526739,21.0,113861.19288397572
2016-01-27,27.502374904775,26.3793778927,26.974107,26.996213779248,15.0,72381.413775811
2016-01-28,31.969312,27.82329185,31.095151125,27.82329185,74.0,395416.20413977007
2016-01-29,34.0487159374,31.1412069151,33.4678735,31.5691960795,25.0,159330.79823550786
2016-02-01,35.71571575,32.71859275,35.4659555,33.8606964212,50.0,281014.4928986899
2016-02-02,35.71571575,33.71763375,32.968353,34.4669145,22.0,157091.6508932066
2016-02-03,37.963558,32.478402313739004,36.340116375,33.17815161,52.0,325625.27463837824
2016-02-04,37.71379775,35.965475999999995,36.340116375,36.75471839,15.0,117284.475812304
2016-02-05,37.51398955,36.664804700000005,37.21427725,37.18430602,18.0,78914.67917733107
2016-02-08,37.788725825,35.21619525,36.21523625,37.0020809416,16.0,95525.60905908768
2016-02-09,35.21619525,33.617729649999994,33.592753625,35.21619525,22.0,163123.43537452418
2016-02-10,34.21715425,29.72146975,30.345870375,33.669380069700004,36.0,245853.7737690445
2016-02-11,30.9008376505,28.8722849,30.22099025,29.4717095,34.0,131582.1873176376
2016-02-12,33.110017013800004,29.22194925,32.21907225,29.22194925,33.0,191735.874703841
2016-02-15,38.962599,31.22003125,36.340116375,31.22003125,96.0,690448.1397660356
2016-02-16,37.963558,35.4659555,36.964517,35.4659555,36.0,295571.4530234495
2016-02-17,37.5362681643,36.4649965,37.089397125,37.5362681643,39.0,215798.95119419525
2016-02-18,42.39045852715,37.963558,40.835800875,38.1409876816,140.0,1101749.5778451536
2016-02-19,48.20372825,39.96164,45.20660525,39.96164,129.0,752907.0378492975
2016-02-22,52.949173,44.4573245,52.075012125,44.4573245,152.0,941386.7899315445
2016-02-23,59.19317925,50.951091,52.949173,52.49960455,231.0,1760730.5405884243
2016-02-24,57.4448575,48.40353645,48.578368625,53.69845375,135.0,1089083.431010339
2016-02-25,50.80123485,44.9569449041,48.4534885,50.6047234853,106.0,787514.2261428711
2016-02-26,50.951091,47.20468725,49.827169875,47.20468725,58.0,342965.90430222586
2016-02-29,53.8819775817,44.3158602944,46.20564625,50.951091,112.0,665906.6044336519
2016-03-01,46.8274493684,40.272341751,42.958763,46.8274493684,102.0,688712.475263778
2016-03-02,44.7605334435,41.959722,43.20852325,44.70708475,49.0,290281.3798432697
2016-03-03,43.0385863759,40.8316049028,42.084602125,43.0385863759,34.0,268158.1636789681
2016-03-04,44.73705598,41.1604892,43.957804,41.7897851259,51.0,321196.02698988334
2016-03-07,46.6404288932,43.20852325,44.831964875,43.20852325,45.0,189834.0508547697
2016-03-08,48.60334465,43.603144445,45.581245625,43.603144445,75.0,425877.4164423682
2016-03-09,46.954927,44.70708475,45.831005875,46.5553106,40.0,364529.5838709322
2016-03-10,46.4554065,44.70708475,45.831005875,45.9557860959,24.0,162180.53112935307
2016-03-11,46.70516675,44.956845,45.4563655,45.2940213375,27.0,145294.3372694414
2016-03-14,45.5562696,42.958763,43.70804375,44.20756425,41.0,171460.43055290024
2016-03-15,43.20852325,40.71092075,41.4602015,43.20852325,39.0,203486.1432113397
2016-03-16,41.986696107,40.71092075,41.70996175,40.8607769,21.0,106645.27281663116
2016-03-17,43.20852325,40.5574680524,41.585081625,42.334362375,38.0,228254.89644569144
2016-03-18,43.0833434127,40.583043502,41.959722,40.71092075,31.0,315057.1397970654
2016-03-21,42.958763,40.71092075,41.4602015,41.07057551,14.0,26656.563644535112
2016-03-22,42.4592425,40.4611605,41.335321375,42.2719223125,15.0,72013.06052504352
2016-03-23,42.958763,41.40025904,41.834841875,42.334362375,15.0,74495.4411280418
2016-03-24,41.959722,40.4611605,41.70996175,41.21044125,29.0,144807.8707480474
2016-03-28,41.70996175,41.70996175,41.70996175,41.70996175,0.0,0.0
2016-03-29,42.958763,40.6484806875,41.959722,40.6484806875,14.0,82980.5783746613
2016-03-30,43.2709633125,41.21044125,42.4592425,41.7980771662,17.0,63007.42411973082
2016-03-31,43.40833145,39.96164,40.960681,41.61005765,30.0,169227.28897012235
2016-04-01,40.960681,38.962599,38.962599,40.11149615,30.0,153231.9494395125
2016-04-04,39.8542430925,37.963558,39.087479125,38.21331825,32.0,266243.32735092955
2016-04-05,38.670046826847,37.21427725,37.838677875,38.21331825,57.0,371558.3244331314
2016-04-06,39.96164,37.963558,38.962599,38.0259980625,61.0,467313.15331402817
2016-04-07,41.5226415625,38.962599,39.71187975,39.26231129999999,58.0,357031.3931059887
2016-04-08,39.96164,37.963558,38.21331825,39.88671192499999,39.0,244249.2350163808
2016-04-11,39.434146352,37.963558,38.962599,39.434146352,38.0,318102.0598754205
2016-04-12,39.5894972275,38.4630785,39.337239375,39.1349335725,44.0,234703.0802539636
2016-04-13,43.788966071,39.4621195,42.584122625,39.4621195,119.0,729356.452838272
2016-04-14,43.957804,41.959722,42.70900275,42.20948225,30.0,148896.7920235506
2016-04-15,43.133595175,39.21235925,40.21140025,43.133595175,45.0,256463.94892702103
2016-04-18,41.6475216875,38.777776415,41.959722,40.10150574,36.0,252590.23403443905
2016-04-19,44.3948844375,41.4602015,42.334362375,42.958763,41.0,296871.69996026193
2016-04-20,41.8598179,40.960681,41.21044125,41.21044125,22.0,150268.10711472304
2016-04-21,41.3602974,38.962599,38.71283875,40.960681,41.0,380089.5058360968
2016-04-22,40.42119886,38.82523086249999,39.4621195,40.1614482,26.0,222469.3481048325
2016-04-25,41.0231210625,39.61197565,40.586040625,39.9991040375,30.0,153855.54747002377
2016-04-26,41.5226415625,38.962599,40.4611605,40.1489601875,50.0,367975.8888774335
2016-04-27,40.61101665,37.963558,38.71283875,40.61101665,43.0,224123.9348535245
2016-04-28,40.0240800625,37.963558,39.087479125,39.64194688,33.0,214755.9509569677
2016-04-29,40.753879513,38.962599,39.836759875,40.186424225,23.0,160042.48073902875
2016-05-02,39.836759875,39.836759875,39.836759875,39.836759875,0.0,0.0
2016-05-03,40.11149615,38.962599,39.4621195,39.586999625,21.0,76677.53375487092
2016-05-04,40.086520125,38.962599,39.71187975,39.7743198125,16.0,185842.2226915612
2016-05-05,40.4611605,38.962599,39.71187975,40.4611605,24.0,189766.98654009195
2016-05-06,40.382754763279,37.963558,39.337239375,39.62196606,26.0,273464.25221787696
2016-05-09,40.4137060525,38.21331825,38.962599,38.554657591347,33.0,193869.92125448305
2016-05-10,39.1499191875,36.964517,37.963558,39.1499191875,44.0,455521.8454497864
2016-05-11,37.888629925,36.7622111975,36.71475675,37.7762378125,38.0,295769.64308772114
2016-05-12,37.7013097375,34.71667475,34.591794625,37.0269570625,40.0,198331.199620436
2016-05-13,36.8954832669,33.51782555,36.589876625,34.5185649197,55.0,352983.51118722855
2016-05-16,37.0644211,35.965475999999995,36.839636875,35.965475999999995,36.0,528593.9215707864
2016-05-17,36.908370895800005,35.4659555,36.21523625,36.3324237593,32.0,276583.2433303538
2016-05-18,36.9607206442,35.928011962499994,36.21523625,35.928011962499994,14.0,120690.7424219827
2016-05-19,37.21427725,35.965475999999995,36.4649965,36.3650924,24.0,112693.07265667776
2016-05-20,37.489013525,36.21523625,36.71475675,36.964517,25.0,188405.6810481252
2016-05-23,36.964517,36.126321601,36.4649965,36.589876625,16.0,109412.92699699012
2016-05-24,37.4640375,35.965475999999995,36.4649965,37.047770083653,36.0,376270.8437391458
2016-05-25,37.0019810375,35.965475999999995,36.4649965,36.7861881815,19.0,168824.9030820557
2016-05-26,36.664804700000005,35.965475999999995,36.21523625,36.664804700000005,14.0,142024.2012089594
2016-05-27,36.4649965,34.4669145,34.71667475,36.300154735,44.0,381051.4283197587
2016-05-30,34.71667475,34.71667475,34.71667475,34.71667475,0.0,0.0
2016-05-31,36.3875708225,34.71667475,35.4659555,36.3875708225,31.0,294984.8905099991
2016-06-01,35.965475999999995,33.967394,35.21619525,35.71571575,24.0,151798.5748332651
2016-06-02,35.4659555,33.1556731875,34.966435,34.4669145,49.0,327842.4008624271
2016-06-03,35.965475999999995,34.21715425,35.4659555,35.18622402,18.0,100809.67647974408
2016-06-06,36.21523625,35.420999654041005,35.71571575,35.420999654041005,19.0,191764.90254153733
2016-06-07,36.11533215,35.58584042,35.71571575,35.58584042,21.0,179034.69427180666
2016-06-08,35.965475999999995,35.21619525,35.4659555,35.21619525,14.0,113654.9951403396
2016-06-09,35.965475999999995,35.21619525,35.4659555,35.95548559,27.0,152513.26021654767
2016-06-10,35.91552395,34.966435,34.71667475,35.91552395,27.0,107829.40840265815
2016-06-13,34.966435,34.21715425,34.71667475,34.4669145,16.0,71398.47113381734
2016-06-14,34.4669145,33.24808448,33.842513875,34.4669145,16.0,160251.68136242658
2016-06-15,34.4669145,30.970271,33.342993375,33.627720059999994,62.0,455530.85408907145
2016-06-16,33.4054334375,31.22003125,31.969312,32.593712625,29.0,313922.05124714604
2016-06-17,33.967394,31.4697915,33.21811325,31.7969774275,30.0,343243.17020022206
2016-06-20,33.967394,33.270562902500004,33.592753625,33.967394,19.0,129495.18588326203
2016-06-21,33.633714305999995,30.970271,32.4688325,33.633714305999995,16.0,95011.11565991786
2016-06-22,33.56527999749999,31.164084954,31.969312,32.1316561625,36.0,286192.4585677665
2016-06-23,33.8999587325,31.22003125,33.21811325,32.71859275,38.0,244226.21293820773
2016-06-24,33.967394,30.1992111562,34.092274125,30.970271,82.0,875649.748108436
2016-06-27,34.6542346875,32.4688325,33.21811325,32.4688325,47.0,343538.45337678835
2016-06-28,34.5293545625,32.968353,33.967394,33.7649882934,21.0,122117.11030878613
2016-06-29,35.965475999999995,34.4095695466,35.091315125,34.9138854434,34.0,120180.25286249514
2016-06-30,36.5098534409,35.35606099,35.965475999999995,35.5283955625,24.0,85657.14520224895
2016-07-01,37.4259740379,35.4659555,37.089397125,36.3650924,37.0,232331.80620214788
2016-07-04,37.6624470426,35.71571575,37.339157375,35.83560067,53.0,295553.43574487936
2016-07-05,37.1643252,36.589876625,36.340116375,37.0644211,21.0,94715.83248335154
2016-07-06,37.439061475,35.85559148041,36.4649965,36.21523625,19.0,67862.07973446535
2016-07-07,36.71475675,35.381037015,35.4659555,35.71571575,24.0,158838.32595459046
2016-07-08,35.440979475,34.21715425,34.966435,35.21619525,20.0,258725.1173875747
2016-07-11,35.21619525,34.381996015,34.591794625,34.4669145,13.0,107146.75373683363
2016-07-12,34.8914070209,34.21715425,34.342034375,34.866530899999994,19.0,72449.47905040934
2016-07-13,34.966435,34.3745032075,34.71667475,34.4044744375,18.0,65577.88919573871
2016-07-14,35.690739725,34.21715425,34.966435,34.81657885,25.0,174902.73171971922
2016-07-15,36.964517,34.8741236116,35.965475999999995,35.45345749709,15.0,99896.80103218988
2016-07-18,36.01542805,34.21715425,34.71667475,36.01542805,24.0,268624.61100195086
2016-07-19,35.1787312125,33.4678735,33.967394,35.1787312125,32.0,288784.9447620268
2016-07-20,34.6542346875,33.4678735,34.21715425,33.792561825,10.0,60472.99360086323
2016-07-21,35.3660514,33.592753625,35.21619525,34.8439525734,26.0,159757.20716166805
2016-07-22,35.5283955625,34.4669145,34.71667475,34.6542346875,24.0,228125.7726159387
2016-07-25,35.965475999999995,34.0605046212,34.966435,35.26614729999999,39.0,331783.18006968684
2016-07-26,34.5303536035,33.342993375,33.967394,34.35701999,48.0,331455.8661756625
2016-07-27,34.21715425,32.4688325,33.967394,33.967394,39.0,291160.2226535247
2016-07-28,34.4669145,32.608708230409995,32.843472875,32.6760336034,18.0,219960.9425438996
2016-07-29,33.522820755,31.969312,33.21811325,32.21907225,26.0,185376.77632849905
2016-08-01,33.867489899999995,33.030793062499995,32.968353,33.735516583899994,13.0,26465.38029970742
2016-08-02,34.4669145,32.21907225,33.71763375,32.21907225,14.0,85440.93785940717
2016-08-03,33.21811325,32.21907225,32.843472875,33.1681612,38.0,303721.26869668014
2016-08-04,33.21811325,31.969312,32.094192125,32.5312725625,28.0,286324.58527728094
2016-08-05,32.8684489,32.21907225,32.593712625,32.8684489,11.0,56703.37854001988
2016-08-08,34.4231565042,32.21907225,33.71763375,33.342993375,50.0,610478.4488324303
2016-08-09,35.299115652999994,33.4678735,34.841554875,33.5429014791,43.0,551494.883593366
2016-08-10,36.964517,35.097309371,36.4649965,35.341075375,47.0,286711.95676653914
2016-08-11,39.1499191875,36.018025556599994,37.838677875,36.964517,84.0,630347.5032556221
2016-08-12,38.42311686,37.4640375,38.21331825,37.9011179375,42.0,559209.2817011514
2016-08-15,38.2757583125,37.4640375,37.838677875,38.2757583125,23.0,209507.9180934516
2016-08-16,38.11341415,37.4640375,38.088438125,37.4640375,14.0,178147.84378218712
2016-08-17,38.088438125,37.71379775,37.963558,37.9012178416,14.0,103070.84494029776
2016-08-18,38.1633662,37.21427725,37.588917625,37.9011179375,26.0,225244.00900463545
2016-08-19,37.963558,36.964517,37.588917625,37.4640375,20.0,92517.7244977934
2016-08-22,37.81370185,37.21427725,37.71379775,37.4015974375,17.0,97777.76888035626
2016-08-23,38.21331825,36.964517,37.339157375,37.29420053,32.0,481929.1700741011
2016-08-24,37.3266693625,34.7791148125,36.4649965,37.3266693625,51.0,666705.3704502619
2016-08-25,36.964517,35.9030359375,37.089397125,35.9030359375,30.0,197146.06307448843
2016-08-26,36.5023606334,34.786707524099995,35.71571575,35.4085106425,33.0,244825.7879306255
2016-08-29,35.71571575,35.71571575,35.71571575,35.71571575,0.0,0.0
2016-08-30,36.71475675,35.7781558125,36.4649965,35.7781558125,14.0,77098.9378814283
2016-08-31,37.486016402,34.966435,36.839636875,34.966435,22.0,152160.9223245092
2016-09-01,37.339157375,36.2651883,36.964517,36.39506363,14.0,149483.354537001
2016-09-02,37.1643252,36.4650964041,37.089397125,37.1643252,5.0,33619.24085197705
2016-09-05,36.964517,35.2162951541,35.71571575,36.4817803888,23.0,204514.12904975872
2016-09-06,36.4138456008,35.21619525,35.965475999999995,36.270183505,21.0,136665.0617942607
2016-09-07,36.38507322,35.5658596,35.840595875,36.00543764,14.0,175489.2942331696
2016-09-08,36.4649965,35.336080169999995,36.090356125,36.2776763125,16.0,104422.1408330589
2016-09-09,37.1643252,34.966435,35.965475999999995,36.2776763125,27.0,181411.97408314573
2016-09-12,36.2651883,34.966435,36.090356125,34.966435,13.0,64623.97439144139
2016-09-13,36.1874629102,35.3211944591,36.21523625,35.391027425,10.0,50296.23408849086
2016-09-14,35.21619525,34.097693922425,34.4669145,35.21619525,35.0,231017.5458264476
2016-09-15,34.81656885959,33.442897475,34.092274125,34.81656885959,26.0,191306.46289791912
2016-09-16,33.7800738125,31.969312,32.843472875,33.548129460653,41.0,253551.1555581803
2016-09-19,34.1672022,32.843472875,33.967394,32.843472875,32.0,231255.7742875417
2016-09-20,33.967394,33.4678735,33.967394,33.967394,12.0,81859.50326362983
2016-09-21,34.092274125,32.5687366,33.842513875,32.968353,21.0,188208.49194377408
2016-09-22,34.0671981959,32.4688325,33.4678735,33.3056292416,24.0,184897.31652654897
2016-09-23,34.047317279999994,32.71859275,33.592753625,32.71859275,12.0,59744.29477869277
2016-09-26,34.71667475,33.342993375,34.21715425,34.1547141875,34.0,283337.7208743185
2016-09-27,34.71667475,33.6676817,33.71763375,34.0298340625,23.0,224965.74214671872
2016-09-28,34.4931892783,33.108318644099995,33.4678735,33.108318644099995,14.0,58190.80498197772
2016-09-29,34.431948065,33.21811325,33.71763375,33.6650841934,21.0,194845.8571770328
2016-09-30,34.4942882234,33.21811325,33.967394,33.655193687499995,20.0,75774.66790652236
2016-10-03,34.0298340625,33.5685768328,33.71763375,33.655193687499995,11.0,51213.11337572733
2016-10-04,33.967394,32.968353,33.4678735,33.21811325,31.0,221154.0867692117
2016-10-05,33.87748031,33.21811325,33.592753625,33.87748031,12.0,36616.114854145126
2016-10-06,33.967394,32.968353,33.4678735,33.76757580959,22.0,166486.6607076186
2016-10-07,33.967394,32.968353,33.4678735,33.0184049541,24.0,99698.61096791824
2016-10-10,33.7800738125,33.195534923400004,33.4678735,33.4054334375,14.0,97916.90230931464
2016-10-11,34.71667475,33.3056292416,33.842513875,33.589756502,21.0,251857.53137258632
2016-10-12,34.12972817209,32.968353,33.71763375,33.323112459099995,21.0,126761.56434020224
2016-10-13,34.126130625449,32.61868865,33.967394,32.61868865,3.0,20792.940429872247
2016-10-14,33.4178215459,32.2191721541,32.968353,33.21811325,28.0,244260.2455755069
2016-10-17,33.179150651,32.2441481791,32.343952375,32.3190762541,14.0,69235.39674547892
2016-10-18,33.12819955999999,31.30994494,32.21907225,33.12819955999999,45.0,515008.89352889423
2016-10-19,32.768544799999994,32.021861556599994,32.593712625,32.5038988391,17.0,109959.45111361796
2016-10-20,32.718492845899995,32.16422489909999,32.4688325,32.16422489909999,17.0,89979.29013924355
2016-10-21,32.968353,32.3540426891,32.843472875,32.3540426891,28.0,340721.75216032175
2016-10-24,33.8550018875,32.368928399999994,32.843472875,32.4688325,29.0,259472.83444823587
2016-10-25,33.967394,32.21907225,33.093233125,32.21907225,11.0,62875.2974102164
2016-10-26,33.3679694,32.2738196968,32.4688325,33.21811325,13.0,99612.52841474974
2016-10-27,32.1691202,29.4717095,31.71955175,31.969312,45.0,332794.1495894563
2016-10-28,32.21907225,28.72242875,30.970271,31.4697915,50.0,574028.4933250988
2016-10-31,32.8684489,30.22099025,32.094192125,31.71955175,35.0,387499.6121280308
2016-11-01,32.166123077,31.22003125,31.844431875,31.6694997959,13.0,113031.39710982834
2016-11-02,36.6741956854,31.71955175,35.590835625,32.71859275,121.0,1219643.6382490809
2016-11-03,36.589876625,34.71667475,35.71571575,35.540883575,23.0,171486.4555108349
2016-11-04,36.71475675,34.841554875,35.590835625,36.090356125,17.0,88611.97888775336
2016-11-07,36.07537051,34.3046702416,34.342034375,35.21619525,19.0,104118.84997712808
2016-11-08,37.089397125,34.686703519999995,35.091315125,34.71667475,46.0,261649.9222754622
2016-11-09,34.966435,34.15222657541,34.71667475,34.4044744375,16.0,119238.3495772446
2016-11-10,35.5283955625,34.21715425,34.966435,35.440879570899995,16.0,97593.59225497252
2016-11-11,35.440879570899995,34.2696039025,34.966435,35.21619525,8.0,38140.57681316383
2016-11-14,35.0663391,34.21715425,34.71667475,34.21715425,15.0,146630.6187633941
2016-11-15,35.26613730959,34.10735964409999,34.966435,34.10735964409999,5.0,31962.652183443923
2016-11-16,34.84154488458999,33.21811325,34.21715425,34.21715425,34.0,457407.6539401286
2016-11-17,34.189181102,33.4678735,34.71667475,33.4678735,9.0,105331.01244093086
2016-11-18,34.7915029209,33.29803653,34.591794625,34.189181102,13.0,39848.21443764571
2016-11-21,34.342034375,33.21811325,34.092274125,33.21811325,9.0,43163.39369455308
2016-11-22,34.342034375,32.4688325,32.21907225,34.342034375,26.0,127320.09997587687
2016-11-23,33.71763375,31.71955175,32.968353,32.21907225,38.0,273377.1687047879
2016-11-24,33.71763375,31.3356202937,32.843472875,32.1380500249,19.0,163791.07564154026
2016-11-25,33.71763375,31.71955175,32.71859275,33.21811325,13.0,58211.82514030956
2016-11-28,33.621725814,31.969312,32.71859275,32.71859275,22.0,222420.3010687249
2016-11-29,33.0781476059,31.969312,32.71859275,32.11916815,14.0,84936.45405944301
2016-11-30,34.5293545625,31.5198434541,33.967394,33.21811325,26.0,385180.3879920844
2016-12-01,34.71667475,32.59870783,33.342993375,33.967394,14.0,63859.24101213064
2016-12-02,34.5293545625,32.60869824,33.592753625,32.60869824,16.0,198531.3916045488
2016-12-05,33.9049539375,32.21907225,32.968353,33.9049539375,16.0,94816.92943532848
2016-12-06,33.313022145,32.239053070000004,32.4688325,32.368928399999994,21.0,195199.1960289918
2016-12-07,34.119248232,32.6811287125,33.592753625,32.6811287125,21.0,166262.44568541233
2016-12-08,33.633714305999995,32.21907225,33.093233125,33.633714305999995,25.0,247404.26068599787
2016-12-09,34.71667475,33.342993375,34.21715425,33.9049539375,29.0,332701.06031684385
2016-12-12,37.21427725,33.967394,34.591794625,34.966435,57.0,660292.2202392095
2016-12-13,34.5668186,33.5303135625,33.71763375,34.5668186,20.0,196120.07915591053
2016-12-14,34.966435,33.71763375,34.841554875,33.71763375,18.0,89020.3705353434
2016-12-15,35.4659555,34.11725015,34.4669145,34.21715425,15.0,120638.69250611337
2016-12-16,34.81657885,33.912446745,34.4669145,34.81657885,7.0,43879.08003775621
2016-12-19,34.81657885,33.5469975472,34.21715425,33.71763375,13.0,222429.30970801
2016-12-20,34.1047621375,33.592753625,33.967394,33.850506203,21.0,271808.6645092644
2016-12-21,34.71667475,33.9609002335,34.21715425,33.9609002335,19.0,155017.66193779834
2016-12-22,34.966435,33.21811325,33.967394,34.31705835,32.0,279195.7487230254
2016-12-23,36.9518291793,34.3461304431,36.21523625,34.3461304431,32.0,273229.02663654444
2016-12-27,36.21523625,36.21523625,36.21523625,36.21523625,0.0,0.0
2016-12-28,36.759713595,34.966435,35.840595875,36.5174461525,30.0,169161.22561536514
2016-12-29,36.5274365625,34.21715425,34.4669145,35.7781558125,36.0,242516.5733938848
2016-12-30,35.2786353125,33.967394,34.966435,35.2786353125,9.0,130793.43090023332
2017-01-02,34.966435,34.966435,34.966435,34.966435,0.0,0.0
2017-01-03,35.71571575,34.4669145,34.966435,34.71667475,33.0,226731.4354465933
2017-01-04,35.64578288,34.329346554299995,35.21619525,35.4659555,30.0,199867.67309850143
2017-01-05,36.0279160625,34.21715425,35.4659555,34.21715425,22.0,157175.73152653396
2017-01-06,35.8060290564,34.488893401999995,35.341075375,35.0663391,25.0,218974.99702214423
2017-01-09,36.21523625,34.21715425,34.966435,34.35701999,40.0,337510.672735153
2017-01-10,35.21619525,34.21715425,34.841554875,34.41696245,24.0,124241.14726022255
2017-01-11,35.4659555,34.267106299999995,34.966435,34.267106299999995,27.0,224328.1306773196
2017-01-12,35.077328550999994,34.4669145,34.591794625,34.73665557,19.0,254448.0156470055
2017-01-13,35.249163603,34.6542346875,35.091315125,34.6542346875,24.0,58514.11503631983
2017-01-16,35.21619525,34.4669145,34.71667475,35.141067366799994,18.0,148072.001049006
2017-01-17,34.91648295,34.01734604999999,34.841554875,34.4669145,24.0,184293.737694449
2017-01-18,34.777616251,34.342034375,34.71667475,34.777616251,15.0,44855.01596030594
2017-01-19,34.966435,34.21715425,34.591794625,34.21715425,20.0,222259.1465215141
2017-01-20,34.7595336089,34.18718302,34.591794625,34.18718302,22.0,154885.53522828393
2017-01-23,34.91648295,33.5612838335,34.21715425,34.21715425,13.0,173959.8274745481
2017-01-24,34.71667475,33.967394,34.092274125,33.967394,9.0,43235.46280883368
2017-01-25,34.4669145,32.968353,33.71763375,34.0298340625,31.0,306727.15133813326
2017-01-26,34.71667475,32.968353,33.4678735,33.21811325,16.0,70600.70607712796
2017-01-27,34.41696245,33.018305049999995,33.4678735,34.41696245,18.0,158237.75000225217
2017-01-30,34.966435,33.2680653,34.71667475,33.2680653,28.0,201441.1820936278
2017-01-31,35.4659555,33.7675858,35.21619525,33.7675858,16.0,116123.36230444995
2017-02-01,35.4659555,33.833522506,34.4669145,34.21715425,37.0,197241.154266942
2017-02-02,40.21140025,34.4552257203,39.836759875,34.4552257203,120.0,796811.1418850678
2017-02-03,40.72690540599999,36.5174461525,39.337239375,39.5245595625,170.0,1274035.800332519
2017-02-06,48.8961635671,38.6204274575,47.329567375,40.094512453,341.0,2722995.352543089
2017-02-07,52.0125720625,46.9004792655,48.328608375,47.70420775,306.0,2475958.444147938
2017-02-08,54.947255,47.879039925,53.19893325,47.879039925,223.0,1674436.7848766968
2017-02-09,61.6283416875,53.69845375,59.19317925,53.69845375,425.0,3863079.693425996
2017-02-10,63.68886375,51.5130515625,54.19797425,58.943419,476.0,3861004.703510666
2017-02-13,59.4429395,53.19893325,58.943419,54.69749475,169.0,1406276.6192778875
2017-02-14,63.8838765532,56.6032653616,61.19126125,58.5063385625,203.0,1489062.010468039
2017-02-15,61.42343837839999,57.19509725,58.4438985,60.065342043,190.0,1609947.9400745316
2017-02-16,60.4419805,55.5342914916,59.318059375,58.0442821,128.0,1007031.7434419608
2017-02-17,60.69174075,57.944378,58.4438985,59.817579875,78.0,465824.72591214976
2017-02-20,70.56965873339999,58.8436148041,67.560147625,60.0422641959,485.0,3440851.776854004
2017-02-21,76.4266365,67.934788,73.304633375,68.4343085,426.0,3407863.140751981
2017-02-22,79.146026102,68.18454824999999,70.931911,74.92807499999999,328.0,2315719.7752644788
2017-02-23,74.68167152776,71.18167125,74.553434625,71.93095199999999,178.0,1615263.037252725
2017-02-24,73.77917785,67.290406555,68.68406875,72.929993,257.0,2031539.2461370456
2017-02-27,72.2180763834,67.560147625,70.30751037499999,69.43334949999999,160.0,1059035.6151549337
2017-02-28,71.93095199999999,63.18934325,65.062545125,71.68119175,293.0,2178559.238309539
2017-03-01,66.18646625,58.19413825,62.939583,63.4391035,310.0,2151503.291656699
2017-03-02,65.2531621478,61.940542,62.68982275,62.8771429375,70.0,407386.6838297928
2017-03-03,64.937665,60.2972194591,61.4410215,62.0405460041,71.0,503276.64229996566
2017-03-06,70.4323905,63.6188309759,68.933829,63.68886375,347.0,2604394.6144352434
2017-03-07,71.93095199999999,64.2759002416,65.936706,67.75046493549999,165.0,828666.6913570114
2017-03-08,66.93574699999999,61.19126125,63.4391035,66.0789694384,133.0,768297.7975878868
2017-03-09,64.43814449999999,59.06581151291,61.316141375,63.9460169034,93.0,471950.6006260004
2017-03-10,63.97578832519999,60.941501,63.4391035,61.72075298,73.0,344187.0754053137
2017-03-13,70.90193977,61.69078175,67.31038737499999,62.4400625,148.0,835851.5816668185
2017-03-14,69.558229625,63.26137410609999,64.18838425,67.23545929999999,97.0,1364822.8651276575
2017-03-15,69.308469375,64.18838425,67.934788,65.0001050625,99.0,501569.0046754838
2017-03-16,68.2345003,65.93373884822999,67.18550725,67.934788,41.0,181883.4262057313
2017-03-17,67.934788,63.46917463409999,65.936706,67.4352675,62.0,338936.0396620359
2017-03-20,67.26243340699999,64.937665,66.68598675,65.4371855,48.0,214107.3289284424
2017-03-21,67.4352675,64.43814449999999,66.561106625,65.080385000137,105.0,458300.51018927153
2017-03-22,67.8647552259,66.4362265,66.68598675,66.93574699999999,72.0,297249.06185031444
2017-03-23,72.929993,65.936706,70.057750125,66.4362265,141.0,901583.618690324
2017-03-24,76.17687624999999,69.6206696875,73.054873125,70.18263025,241.0,1548393.909759459
2017-03-27,74.92807499999999,71.47705770246999,73.929034,73.67927375,123.0,744432.9111618042
2017-03-28,74.67831475,70.18263025,72.305592375,73.1298012,66.0,278532.1122956916
2017-03-29,72.929993,69.43334949999999,71.68119175,71.64123011,71.0,720594.0496936563
2017-03-30,73.929034,71.18167125,72.929993,72.1182721875,75.0,576025.4083666236
2017-03-31,75.4900355625,72.18071225,74.05391412499999,73.67927375,103.0,791316.872881093
2017-04-03,76.6138567834,72.2431523125,73.4295135,72.929993,131.0,962508.0452153616
2017-04-04,75.927116,72.18071225,73.929034,75.17783525,90.0,587468.3821785093
2017-04-05,74.1163541875,71.92771510716,73.17975324999999,73.07984915,33.0,254869.41977356287
2017-04-06,74.92807499999999,72.18071225,74.17879425,74.92807499999999,84.0,643121.7537618576
2017-04-07,79.9231800959,73.9291339041,78.799358875,73.9291339041,201.0,1315797.8501382826
2017-04-10,82.0161709909,76.8637169375,78.549598625,78.924239,141.0,1023991.0073760736
2017-04-11,78.924239,74.42855449999999,74.67831475,78.924239,121.0,793880.331237657
2017-04-12,77.9876380625,75.3651554375,77.42567749999999,75.3651554375,76.0,511718.73827000096
2017-04-13,74.03403320909999,67.934788,71.806071875,73.929034,340.0,3298449.212795071
2017-04-17,71.806071875,71.806071875,71.806071875,71.806071875,0.0,0.0
2017-04-18,74.42855449999999,70.18263025,72.305592375,71.93095199999999,128.0,2296425.2718356904
2017-04-19,73.93236080653,70.68215074999999,72.929993,72.929993,66.0,333407.7380207619
2017-04-20,74.2396358469,72.1663260596,73.17975324999999,72.70530867909999,47.0,551191.5927374352
2017-04-21,74.92807499999999,71.93095199999999,74.303674375,73.02989709999999,80.0,565031.8655590712
2017-04-24,74.50347258459,72.18071225,73.4295135,72.3056922791,68.0,407629.9170904898
2017-04-25,73.7430125658,72.18071225,72.68023275,73.58926015589999,28.0,210758.11703423585
2017-04-26,74.17879425,71.93095199999999,72.80511287499999,72.6054045791,55.0,204406.02537833783
2017-04-27,74.67831475,71.68119175,72.4304725,72.68023275,59.0,235539.8827475549
2017-04-28,72.4304725,70.931911,71.4314315,72.18071225,66.0,244803.76681237307
2017-05-01,71.4314315,71.4314315,71.4314315,71.4314315,0.0,0.0
2017-05-02,73.53381338039999,67.934788,68.55918862499999,71.18167125,109.0,467369.2070695797
2017-05-03,71.3763843409,67.4352675,70.18263025,67.4352675,80.0,393512.3783708577
2017-05-04,70.8319069959,65.18742525,66.68598675,70.24508030291,184.0,985354.9554022308
2017-05-05,69.18358925,65.18448806946,65.811825875,67.8847360459,48.0,233219.657651688
2017-05-08,69.43334949999999,61.5840841712,63.813743875,69.43334949999999,108.0,580685.8777567687
2017-05-09,63.01450108459,57.9444779041,61.19126125,62.19031224041,135.0,945689.9166300484
2017-05-10,61.99049405,59.94246,60.816620875,61.203249742,57.0,371048.8358335644
2017-05-11,62.68982275,59.4430394041,62.315182375,60.6843478466,92.0,930015.8852339394
2017-05-12,65.312305375,61.7407338,64.313264375,62.939583,102.0,417199.0939310799
2017-05-15,65.1249851875,62.68982275,62.939583,62.96156190199999,88.0,566685.4513478426
2017-05-16,64.18838425,61.69078175,62.315182375,63.6814708466,79.0,445613.3431961251
2017-05-17,62.939583,61.0514954141,61.4410215,62.8396789,51.0,334714.9916770183
2017-05-18,63.4391035,60.07233533,61.940542,61.7532218125,36.0,273283.0784722549
2017-05-19,63.18934325,59.94246,61.565901625,60.69174075,55.0,368136.0424647237
2017-05-22,62.4400625,59.23394012279999,60.4419805,61.00145345041,44.0,313704.8429443837
2017-05-23,62.939583,59.2107623716,61.4410215,60.5044205625,44.0,242573.62810935688
2017-05-24,62.4400625,59.7927037541,60.941501,60.941501,46.0,230176.73949317395
2017-05-25,61.940542,59.19317925,59.94246,61.5633041184,59.0,381615.9697149567
2017-05-26,60.5867415409,51.950132,59.94246,54.947255,182.0,1445552.2846409706
2017-05-29,59.94246,59.94246,59.94246,59.94246,0.0,0.0
2017-05-30,60.4419805,57.19509725,57.944378,60.19222025,67.0,333385.7169025095
2017-05-31,58.5438026,55.946296,56.4458165,57.5523543116,53.0,285448.7453467876
2017-06-01,57.3449534,53.4486935,54.4477345,56.6331366875,86.0,545372.0117592772
2017-06-02,54.947255,52.949173,53.074053125,54.5476386,45.0,322346.1299386111
2017-06-05,52.53956619,46.5953721441,50.076930125,52.4497524041,155.0,5555764.978614491
2017-06-06,49.1776933209,46.5429224916,47.4544475,48.70324875,105.0,725289.5526810212
2017-06-07,47.953968,45.70612575,45.70612575,47.176714102,111.0,719898.3825488643
2017-06-08,45.955886,42.958763,44.20756425,44.956845,172.0,1618698.3317001006
2017-06-09,47.20468725,44.70708475,45.20660525,45.70612575,85.0,519028.7485698785
2017-06-12,47.47722563479999,44.956845,45.4563655,45.577249461,110.0,457393.64050124073
2017-06-13,50.4515705,44.956845,49.327649375,45.4563655,96.0,564412.2713682422
2017-06-14,49.70228975,47.4544475,48.70324875,49.22275007,56.0,251050.7576766119
2017-06-15,49.60238565,47.3920074375,48.328608375,48.07685004299999,49.0,310536.8047957992
2017-06-16,49.1403291875,47.4544475,48.328608375,47.4544475,23.0,54673.43182111645
2017-06-19,49.70228975,46.130718175,47.20468725,47.70420775,29.0,148982.87457671907
2017-06-20,47.87404472,45.4563655,45.20660525,47.4544475,27.0,376090.6709534444
2017-06-21,46.1182301625,44.20756425,45.081725125,44.813982137,47.0,235142.50165909107
2017-06-22,45.778056702,43.20852325,43.20852325,45.778056702,40.0,633172.2121514532
2017-06-23,45.20660525,42.78912583819999,43.20852325,44.73705598,74.0,813379.0304902402
2017-06-26,45.2440692875,42.4117880525,42.334362375,44.20756425,92.0,531992.1805011006
2017-06-27,49.4525295,42.4592425,48.70324875,44.14762179,150.0,2519451.1536563565
2017-06-28,53.948214,45.60622165,47.953968,51.4506115,232.0,2371407.1794851264
2017-06-29,48.28365152999999,46.4529088975,47.20468725,46.4554065,60.0,428462.8959171846
2017-06-30,48.7532008,46.5553106,47.579327625,47.2546393,36.0,377337.8670144669
2017-07-03,49.20276925,46.20564625,47.20468725,48.175755102,33.0,162924.24435033198
2017-07-04,48.953009,46.0682781125,48.20372825,48.02390087,38.0,254634.19419223035
2017-07-05,61.4410215,48.6408086875,54.572614625,49.0154490625,248.0,1681138.2115448716
2017-07-06,59.94246,54.9397621925,56.69557675,56.4458165,117.0,1010862.4170579588
2017-07-07,57.60470406,52.949173,54.19797425,57.60470406,53.0,492834.6284086439
2017-07-10,56.945337,52.949173,54.822374875,52.949173,50.0,359327.59516376205
2017-07-11,56.19605625,53.0490771,54.073094125,54.1505198025,29.0,186117.48666971628
2017-07-12,53.69845375,49.4525295,53.19893325,52.949173,46.0,368968.8411186328
2017-07-13,53.3487894,50.5721547487,51.70037175,51.950132,21.0,155184.82224453252
2017-07-14,53.6360136875,51.325731375,53.074053125,51.4506115,87.0,396286.03831074
2017-07-17,53.323813375,51.5580084075,51.4506115,53.06006655099999,32.0,173157.0576182559
2017-07-18,52.949173,50.951091,51.4506115,52.949173,30.0,254404.97437042123
2017-07-19,51.2283248775,49.09287474,50.576450625,50.8886509375,41.0,268527.5178896562
2017-07-20,50.951091,48.078848125,48.70324875,49.95205,38.0,410549.7171787745
2017-07-21,49.70228975,47.20468725,48.4534885,48.0164080625,30.0,314643.74334987253
2017-07-24,48.76319121,47.60430365,48.20372825,48.76319121,37.0,191920.05132922475
2017-07-25,48.5533926,45.2690453125,47.20468725,47.7475661294,62.0,496627.2655476602
2017-07-26,46.3555024,45.20660525,46.080766125,46.3555024,46.0,295524.407907183
2017-07-27,47.4544475,45.20660525,46.830046875,46.0932541375,46.0,357166.5226952648
2017-07-28,49.70228975,46.0183260625,48.70324875,46.580286625,41.0,204611.22216205343
2017-07-31,54.947255,47.7310819529,53.573573625,48.57337342,91.0,962774.3005542316
2017-08-01,56.60566306,52.69941275,53.4486935,54.7606341412,66.0,405078.4702529726
2017-08-02,54.947255,50.951091,52.574532625,54.69749475,72.0,602865.1476766219
2017-08-03,52.949173,50.70133075,51.950132,51.775299825,28.0,209397.8125021896
2017-08-04,52.19989225,50.4515705,51.325731375,52.19989225,28.0,217886.95358849136
2017-08-07,51.4880755375,48.60334465,48.953009,51.4880755375,52.0,401351.89646871353
2017-08-08,49.293681981,47.70420775,49.4525295,48.98298023,29.0,204495.110811268
2017-08-09,50.20181025,48.4534885,49.4525295,48.73321998,9.0,58231.84433872084
2017-08-10,49.063902551,47.4544475,48.20372825,48.1147136969,21.0,134414.90389283324
2017-08-11,49.4525295,47.70420775,48.078848125,48.953009,24.0,76385.25345806629
2017-08-14,48.5533926,47.02485987,47.20468725,47.841076367,32.0,188866.1226115845
2017-08-15,47.079807125,46.20564625,46.954927,46.954927,49.0,311428.6600850216
2017-08-16,46.700171545,44.956845,46.580286625,46.5178465625,60.0,492765.562174125
2017-08-17,56.19605625,49.20276925,55.571655625,49.20276925,425.0,3982316.041083399
2017-08-18,56.01622887,53.6360136875,54.69749475,56.01622887,134.0,1214662.8616843554
2017-08-21,60.941501,53.975188107,60.69174075,54.2154574675,178.0,1617235.9292561568
2017-08-22,67.18550725,59.817579875,61.69078175,61.066381125,275.0,2231193.714772467
2017-08-23,63.88867195,61.19126125,62.814702875,61.96052282,69.0,271378.25174342195
2017-08-24,63.304232965,60.941501,61.4410215,61.90058036,51.0,293390.36135654093
2017-08-25,60.8790609375,57.944378,59.19317925,60.8790609375,83.0,604591.8035395945
2017-08-28,59.19317925,59.19317925,59.19317925,59.19317925,0.0,0.0
2017-08-29,60.941501,57.4448575,59.068299125,57.944378,50.0,344751.6168005117
2017-08-30,60.69174075,58.4438985,59.817579875,58.4438985,34.0,165688.89565092925
2017-08-31,60.4544685125,57.4448575,58.69365875,60.4544685125,33.0,183309.79409253475
2017-09-01,59.69269975,57.6337761531,57.69461775,58.95340941,41.0,866879.3372844558
2017-09-04,60.7541808125,57.50479996,58.568778625,57.944378,77.0,492789.5852122185
2017-09-05,63.813743875,59.248126505,63.18934325,59.94246,109.0,631943.0333690009
2017-09-06,66.9975876379,62.68982275,63.68886375,62.68982275,152.0,951974.9439712684
2017-09-07,64.94765541,60.3845356425,62.19030225,63.4391035,67.0,459341.5085066579
2017-09-08,62.59990906,60.1447658025,60.941501,62.015470075,61.0,283800.1643576189
2017-09-11,64.612976675,59.94246,62.939583,60.19222025,132.0,994766.9815352923
2017-09-12,64.43814449999999,61.4410215,63.4391035,62.4400625,64.0,494698.41578073375
2017-09-13,64.271304653,61.4410215,62.68982275,61.4410215,52.0,215604.7649696059
2017-09-14,63.938624,62.4400625,63.314223375,63.6389117,46.0,191555.7019181395
2017-09-15,64.5305557925,61.27867733749999,62.939583,63.938624,75.0,444986.74228585215
2017-09-18,63.59895005999999,61.69078175,62.315182375,63.59895005999999,22.0,116135.37382349672
2017-09-19,63.18934325,61.2187348775,62.4400625,61.8781019375,25.0,155563.18509450564
2017-09-20,62.19030225,59.94246,60.317100375,60.3338842638,40.0,249525.2947576726
2017-09-21,61.4410215,60.2809350908,60.816620875,60.2809350908,30.0,158913.39794863274
2017-09-22,63.938624,59.27310253,62.564942625,60.60782130599999,80.0,504153.4831903796
2017-09-25,65.312305375,61.066381125,63.4391035,62.315182375,65.0,437606.6647915351
2017-09-26,74.42855449999999,66.73843640249999,70.807030875,67.934788,344.0,2020588.7446060767
2017-09-27,72.929993,66.93574699999999,67.18550725,71.4314315,157.0,816730.2443042878
2017-09-28,68.933829,57.944378,65.562065625,68.933829,308.0,1951716.696311763
2017-09-29,69.93287,63.736817718,67.4352675,65.68694574999999,80.0,396702.4376376946
2017-10-02,71.4314315,67.18550725,69.18358925,71.4314315,116.0,832949.798857104
2017-10-03,70.54568174939999,67.56514283,69.558229625,69.807989875,58.0,317716.6903060035
2017-10-04,70.68215074999999,67.934788,68.059668125,68.933829,59.0,279685.2181241811
2017-10-05,70.66216993,67.70500856999999,69.43334949999999,68.1967365502,40.0,226024.75774267525
2017-10-06,72.055832125,68.3868540525,70.68215074999999,69.68310975,76.0,928303.2428098548
2017-10-09,72.79012725999999,69.7905066575,70.68215074999999,72.59281666249998,86.0,803264.3304929427
2017-10-10,70.931911,67.934788,69.68310975,69.93287,80.0,568196.900827894
2017-10-11,70.931911,67.59511406,68.68406875,70.527299395,57.0,320700.5518292042
2017-10-12,70.931911,66.93574699999999,68.18454824999999,70.931911,87.0,336078.29908882617
2017-10-13,69.72307139,66.93574699999999,67.934788,67.74497021,37.0,254086.669115682
2017-10-16,69.68310975,67.100588765,67.934788,68.94132180749999,27.0,80326.03266532606
2017-10-17,67.934788,65.4371855,66.4362265,67.4352675,69.0,393456.3246153061
2017-10-18,66.93574699999999,64.81278487499999,65.562065625,66.18646625,94.0,496332.98333101446
2017-10-19,66.1390118025,63.4391035,64.063504125,64.75534001749999,46.0,154683.34132433005
2017-10-20,64.937665,62.4400625,63.18934325,63.4391035,67.0,387851.95002006926
2017-10-23,66.352307056,63.68886375,64.81278487499999,66.352307056,38.0,112652.03329993464
2017-10-24,66.8882925525,63.18934325,65.68694574999999,63.89670423964,31.0,153915.60506525758
2017-10-25,62.505000165,57.48481914,58.568778625,62.505000165,252.0,1968413.708746688
2017-10-26,59.0,55.0,56.75,58.0,180.0,1339262.0
2017-10-27,59.0,56.2384,57.625,57.14,97.0,965165.0
2017-10-30,60.0,56.75,57.25,57.55,51.0,455715.0
2017-10-31,58.0,56.46,57.0,56.46,40.0,570098.0
2017-11-01,57.5,54.9026,56.625,56.3,85.0,627784.0
2017-11-02,57.25,56.0,57.125,56.0,45.0,364121.0
2017-11-03,57.5,56.5,56.75,57.425,50.0,368799.0
2017-11-06,57.5,56.25,56.875,56.62,45.0,293512.0
2017-11-07,57.75,55.25,56.0,56.5,55.0,532990.0
2017-11-08,62.5,57.3375,57.875,60.0,154.0,1191836.0
2017-11-09,58.225,56.4825,56.75,57.0,59.0,744206.0
2017-11-10,59.75,56.5,58.75,59.75,87.0,843927.0
2017-11-13,59.092,57.0,58.0,58.5625,102.0,817172.0
2017-11-14,58.5,56.7975,58.0,56.7975,148.0,2152611.0
2017-11-15,58.89,56.975,57.25,58.5,56.0,446074.0
2017-11-16,58.761,56.5,56.875,56.9834,87.0,491624.0
2017-11-17,58.0,56.5,57.0,56.75,31.0,135309.0
2017-11-20,59.25,55.73,55.75,59.25,52.0,226612.0
2017-11-21,57.25,55.125,56.0,56.0,54.0,249336.0
2017-11-22,58.625,54.9825,55.75,55.75,41.0,209964.0
2017-11-23,55.5625,52.93,53.5,55.5,127.0,848586.0
2017-11-24,54.75,52.675,53.75,54.0,58.0,406313.0
2017-11-27,58.625,50.5,52.0,53.5,97.0,622677.0
2017-11-28,52.75,50.6594,51.75,50.75,64.0,524188.0
2017-11-29,56.25,51.475,54.75,51.75,100.0,661382.0
2017-11-30,55.188,52.425,53.0,55.0,59.0,491773.0
2017-12-01,54.5,52.0,53.25,53.25,72.0,347861.0
2017-12-04,54.5,54.0,53.625,54.5,38.0,243155.0
2017-12-05,54.75,52.5,54.0,53.0,38.0,209277.0
2017-12-06,55.0,53.25,54.0,54.5,39.0,266270.0
2017-12-07,54.75,52.5,53.5,53.0,29.0,69077.0
2017-12-08,55.5,52.0,53.5,52.75,44.0,310956.0
2017-12-11,54.0,52.0,53.75,52.0,76.0,1040872.0
2017-12-12,54.0,52.0,54.5,52.0,39.0,235718.0
2017-12-13,56.5,54.0,56.5,55.0,93.0,608064.0
2017-12-14,55.25,53.5,53.5,54.75,33.0,167086.0
2017-12-15,56.0,53.5,55.25,53.5,52.0,260457.0
2017-12-18,54.75,52.5,53.25,53.75,43.0,227091.0
2017-12-19,53.0,51.75,52.375,52.5,47.0,264522.0
2017-12-20,54.75,46.0,49.0,54.75,223.0,1565725.0
2017-12-21,50.75,48.0,49.0,50.25,84.0,834479.0
2017-12-22,51.0,49.25,49.5,50.0,56.0,459290.0
2017-12-27,51.75,51.5,50.375,51.75,20.0,97706.0
2017-12-28,51.75,49.0,51.0,49.0,33.0,135341.0
2017-12-29,50.5,50.5,51.0,50.5,8.0,1.0
2018-01-02,52.27,49.0,49.5,52.0,51.0,339277.0
2018-01-03,51.0,49.1975,50.45,50.4,38.0,247341.0
2018-01-04,50.3175,49.0,49.75,49.05,55.0,430135.0
2018-01-05,50.2,39.3,39.3,50.2,62.0,886059.0
2018-01-08,37.6,33.0,36.75,36.5,556.0,6207672.0
2018-01-09,37.825,36.5,37.5,37.0,161.0,3458481.0
2018-01-10,40.0,36.75,39.75,38.0,152.0,1994918.0
2018-01-11,40.75,38.85,40.15,40.0,82.0,1075626.0
2018-01-12,41.5,38.0,38.5,41.5,75.0,684711.0
2018-01-15,39.5,38.0,39.0,38.0,53.0,318077.0
2018-01-16,39.95,37.7,38.125,39.0,43.0,328396.0
2018-01-17,38.5525,36.0,38.25,37.8,96.0,1150328.0
2018-01-18,38.75,36.35,36.9,38.5,77.0,385612.0
2018-01-19,38.533,36.2,37.725,36.5,42.0,1694570.0
2018-01-22,38.75,37.05,37.5,38.75,35.0,277739.0
2018-01-23,38.0,36.222,37.0,38.0,31.0,249591.0
2018-01-24,38.95,36.45,37.5,38.95,25.0,129743.0
2018-01-25,40.873,37.05,40.275,38.0,79.0,4371839.0
2018-01-26,40.5591,39.18,39.75,39.65,62.0,443047.0
2018-01-29,40.0,39.0,39.35,39.9,29.0,220914.0
2018-01-30,39.9,37.8606,38.175,39.9,50.0,584785.0
2018-01-31,38.3,37.0,37.25,38.3,57.0,1515550.0
2018-02-01,38.45,37.05,37.375,37.05,31.0,201145.0
2018-02-02,38.45,37.05,37.5,38.0,18.0,71785.0
2018-02-05,37.05,33.369,35.35,37.05,78.0,683002.0
2018-02-06,35.85,33.978,35.0,35.0,90.0,868475.0
2018-02-07,35.8813,33.8207,35.45,35.25,28.0,134239.0
2018-02-08,35.345,34.05,34.525,34.85,29.0,262142.0
2018-02-09,35.0,33.05,35.0,34.5,57.0,325709.0
2018-02-12,34.7803,33.2,34.0,33.75,53.0,662539.0
2018-02-13,34.3875,29.2,30.05,33.25,131.0,2589776.0
2018-02-14,33.25,29.1,33.1,29.1,109.0,1337341.0
2018-02-15,36.5,33.25,36.4,33.25,62.0,695425.0
2018-02-16,36.852,32.0,34.25,35.05,132.0,1728586.0
2018-02-19,35.862,33.305,35.45,34.2,46.0,340299.0
2018-02-20,36.5606,35.0,36.0,35.65,58.0,448860.0
2018-02-21,36.2,34.55,35.275,34.55,25.0,185258.0
2018-02-22,35.75,34.75,35.275,35.0,22.0,141942.0
2018-02-23,36.0313,35.15,35.475,35.8,16.0,139081.0
2018-02-26,36.868,34.8,35.5,34.8,30.0,449272.0
2018-02-27,35.95,34.5,34.5,35.05,23.0,199011.0
2018-02-28,36.4,34.55,35.475,34.75,35.0,387680.0
2018-03-01,35.475,35.475,35.475,35.475,18.0,0.0
2018-03-02,35.678,33.3,35.475,34.55,31.0,231854.0
2018-03-05,35.95,33.35,35.0,33.35,13.0,56084.0
2018-03-06,35.95,34.55,35.25,34.55,9.0,11183.0
2018-03-07,35.95,33.6574,33.85,35.95,37.0,279250.0
2018-03-08,34.5,33.55,33.75,33.65,21.0,128514.0
2018-03-09,34.6175,33.65,34.0,33.8,41.0,475646.0
2018-03-12,34.6,34.0,34.475,34.2,15.0,84994.0
2018-03-13,34.3818,33.99,34.15,34.0,16.0,356055.0
2018-03-14,34.15,33.5,33.65,33.95,16.0,141552.0
2018-03-15,34.16,32.95,33.6,33.3,35.0,303855.0
2018-03-16,34.0573,32.35,33.35,32.5,30.0,467949.0
2018-03-19,33.45,32.0,32.825,32.35,31.0,229238.0
2018-03-20,33.45,32.2625,33.0,33.45,18.0,317646.0
2018-03-21,35.0,32.5449,34.5,33.5,31.0,177063.0
2018-03-22,33.75,32.75,33.25,33.0,32.0,200562.0
2018-03-23,33.95,32.8,33.0,32.8,18.0,90317.0
2018-03-26,33.0637,32.62,32.8,32.75,21.0,253921.0
2018-03-27,33.7,32.6,33.125,32.6,15.0,47346.0
2018-03-28,32.95,32.4,32.7,32.6,32.0,285666.0
2018-03-29,33.95,32.4,33.175,32.4,18.0,49351.0
2018-04-03,33.95,32.35,33.475,32.35,33.0,184090.0
2018-04-04,33.9,32.4,33.475,33.9,26.0,141670.0
2018-04-05,34.0,32.3662,33.15,33.0,20.0,169495.0
2018-04-06,33.15,33.15,33.15,33.15,13.0,0.0
2018-04-09,33.3,31.925,32.7,32.35,22.0,365010.0
2018-04-10,34.0,32.1,33.225,32.1,11.0,220091.0
2018-04-11,33.95,31.9625,32.0,32.5,30.0,550555.0
2018-04-12,32.0,32.0,32.0,32.0,20.0,0.0
2018-04-13,32.0,32.0,32.0,32.0,27.0,0.0
2018-04-16,33.188,32.0,32.475,32.2,22.0,253402.0
2018-04-17,32.475,32.475,32.475,32.475,12.0,0.0
2018-04-18,32.45,31.05,31.975,32.0,37.0,279676.0
2018-04-19,32.2363,31.0,31.75,31.0,22.0,270518.0
2018-04-20,32.2486,31.0,31.6,31.0,19.0,209208.0
2018-04-23,31.95,29.7,31.1,31.0,48.0,395171.0
2018-04-24,31.724,27.0,30.5,30.05,62.0,1313652.0
2018-04-25,32.9,29.8,32.425,30.45,58.0,852240.0
2018-04-26,33.0,31.0,32.75,32.0,57.0,1033745.0
2018-04-27,32.955,32.1,32.65,32.55,51.0,605958.0
2018-04-30,32.95,31.55,32.25,32.88,13.0,802147.0
2018-05-01,33.5,32.1515,32.775,32.2,24.0,135206.0
2018-05-02,33.0,31.5525,32.5,31.8,22.0,261180.0
2018-05-03,33.5,31.15353,32.5,31.6,29.0,442922.0
2018-05-04,33.0,31.311,31.75,32.161,13.0,82226.0
2018-05-07,31.75,31.75,31.75,31.75,0.0,0.0
2018-05-08,33.55,31.777,32.625,32.5,45.0,467929.0
2018-05-09,33.33,32.25,32.375,32.444,15.0,125561.0
2018-05-10,33.0,31.78988,32.125,32.283,29.0,201554.0
2018-05-11,33.45,31.833,32.75,31.833,73.0,1816071.0
2018-05-14,32.95,32.0375,32.6,32.26125,22.0,114281.0
2018-05-15,33.45,32.05,33.2,32.05,14.0,82018.0
2018-05-16,33.45,32.05,32.625,33.065,19.0,109837.0
2018-05-17,33.0,32.105,32.5,32.105,18.0,54143.0
2018-05-18,32.85,32.163,32.525,32.163,17.0,152419.0
2018-05-21,33.31,32.0425,32.45,32.15,10.0,73157.0
2018-05-22,32.9,31.55,32.35,32.0425,47.0,843087.0
2018-05-23,32.9,31.61,32.325,32.69,25.0,179605.0
2018-05-24,30.5,28.0,29.6,29.55,171.0,1851511.0
2018-05-25,30.45,28.089,30.0,30.0,57.0,445753.0
2018-05-28,30.0,30.0,30.0,30.0,0.0,0.0
2018-05-29,30.5,27.738,28.875,29.0,74.0,582438.0
2018-05-30,29.95,27.666,29.8,27.666,31.0,205137.0
2018-05-31,30.25,27.661,30.0,27.661,54.0,591630.0
2018-06-01,30.2,28.65,29.525,28.66,39.0,287764.0
2018-06-04,30.95,29.15,29.85,30.545,27.0,205557.0
2018-06-05,31.0,29.2633,30.075,30.45,12.0,106890.0
2018-06-06,31.0,29.25,31.0,30.6185,14.0,120219.0
2018-06-07,31.25,30.77,31.125,30.94,22.0,568626.0
2018-06-08,32.0,30.55,31.675,31.25,33.0,219569.0
2018-06-11,32.45,31.12,31.9,32.45,26.0,331305.0
2018-06-12,33.0,30.98,32.075,32.12,23.0,1596556.0
2018-06-13,32.25,31.43,31.775,31.43,10.0,135964.0
2018-06-14,33.0,31.35,32.0,32.9335,20.0,148195.0
2018-06-15,32.0965,31.05,31.75,31.25,15.0,137462.0
2018-06-18,32.3,31.0,31.525,32.0,13.0,59673.0
2018-06-19,32.45,30.5,31.025,31.05,19.0,217039.0
2018-06-20,32.45,30.445,30.9,30.7,31.0,413690.0
2018-06-21,30.65,30.2,30.225,30.24,12.0,88687.0
2018-06-22,30.95,29.35,29.875,30.0975,16.0,87055.0
2018-06-25,29.5,27.5,27.5,29.35,45.0,713117.0
2018-06-26,29.9,27.45,28.0,29.0,47.0,407420.0
2018-06-27,28.6,27.75,28.0,28.6,24.0,156034.0
2018-06-28,28.95,27.4,27.7,27.4,28.0,249851.0
2018-06-29,28.95,27.2425,28.5,27.2425,30.0,285463.0
2018-07-02,29.17125,28.42875,28.6,28.9,7.0,32336.0
2018-07-03,29.0965,28.511,28.5,29.0965,3.0,3023.0
2018-07-04,29.0965,27.75,28.75,29.0965,18.0,268067.0
2018-07-05,29.05125,28.0,28.5,28.25,14.0,379914.0
2018-07-06,29.45,27.55,28.5,28.75,12.0,49909.0
2018-07-09,28.711,27.85,28.75,27.85,5.0,7881.0
2018-07-10,28.95,27.5,28.0,27.55,13.0,83719.0
2018-07-11,27.85,27.5,27.55,27.65,16.0,504075.0
2018-07-12,27.75,27.12,27.325,27.66,18.0,356109.0
2018-07-13,27.5,27.075,27.3,27.45,13.0,248674.0
2018-07-16,27.55,26.5725,26.775,27.0,45.0,1049975.0
2018-07-17,27.3985,26.41613,26.875,26.6165,12.0,321327.0
2018-07-18,27.4525,26.422,27.025,26.422,20.0,270763.0
2018-07-19,27.4775,27.05,27.25,27.05,15.0,137499.0
2018-07-20,27.5,26.55,27.0,26.719,30.0,659295.0
2018-07-23,27.5,26.6175,27.0,26.6175,34.0,330626.0
2018-07-24,27.45,26.75,27.25,27.0,21.0,902111.0
2018-07-25,29.61397,26.6475,27.25,26.6475,28.0,520593.0
2018-07-26,27.4,26.5315,26.95,27.0,26.0,1008367.0
2018-07-27,28.125,27.0,28.125,27.0,54.0,1813930.0
2018-07-30,29.1,27.688,27.95,27.793,32.0,318901.0
2018-07-31,28.98,27.05,28.5,27.38,25.0,228812.0
2018-08-01,28.93738,27.333,28.175,27.333,20.0,165020.0
2018-08-02,28.95,28.2,28.3,28.25,19.0,183934.0
2018-08-03,30.9,28.56,30.575,28.56,49.0,416204.0
2018-08-06,32.955,30.0,32.5,30.121,94.0,1196585.0
2018-08-07,35.425,32.832,34.275,32.832,130.0,1897006.0
2018-08-08,34.98743,31.4547,32.475,34.98743,56.0,610606.0
2018-08-09,32.1335,31.183,31.875,31.55,12.0,70287.0
2018-08-10,33.0,30.74947,31.5,31.525,58.0,606089.0
2018-08-13,31.75,30.0,31.2,31.5,41.0,1115401.0
2018-08-14,31.45,30.339,30.825,30.339,13.0,65024.0
2018-08-15,31.8,30.52,31.65,30.52,43.0,857758.0
2018-08-16,33.4,30.145,32.675,30.145,35.0,328679.0
2018-08-17,32.95,31.22,32.95,31.34,24.0,433966.0
2018-08-20,32.6,31.6755,32.375,32.0,14.0,2115616.0
2018-08-21,32.6,31.65,32.075,32.05,16.0,74535.0
2018-08-22,32.8,31.55,33.2,31.78,20.0,340505.0
2018-08-23,33.5,32.525,33.475,33.4,11.0,118821.0
2018-08-24,35.5,32.988,34.725,33.6,96.0,1275241.0
2018-08-27,34.725,34.725,34.725,34.725,0.0,0.0
2018-08-28,38.924,34.69393,38.525,35.5,99.0,1062241.0
2018-08-29,39.8,38.1,38.925,38.1,52.0,676928.0
2018-08-30,39.75,37.6485,38.175,38.45,24.0,142066.0
2018-08-31,38.0,37.05,37.5,37.704,15.0,134922.0
2018-09-03,37.3,36.5,36.9,37.05,21.0,726261.0
2018-09-04,37.222,36.745,36.775,36.745,10.0,23630.0
2018-09-05,37.5213,36.55,37.05,36.55,18.0,11346684.0
2018-09-06,37.6,36.55,36.75,36.76,26.0,169141.0
2018-09-07,38.95,36.8,38.0,37.0,30.0,320273.0
2018-09-10,38.95,37.0,36.825,37.64489,28.0,211855.0
2018-09-11,39.0,37.0,39.0,37.0325,27.0,381880.0
2018-09-12,43.5,38.5455,40.35,38.95,81.0,808764.0
2018-09-13,40.62,38.50909,38.975,40.62,23.0,368227.0
2018-09-14,39.95,38.26,39.0,38.738,14.0,130375.0
2018-09-17,40.45,38.35,38.825,39.285,20.0,216843.0
2018-09-18,40.45,38.09848,38.975,38.85,21.0,221691.0
2018-09-19,39.248,38.0595,38.425,38.09848,11.0,75179.0
2018-09-20,38.85,37.95,38.175,37.95,15.0,133396.0
2018-09-21,38.8,37.2308,37.95,38.05,13.0,72096.0
2018-09-24,38.18392,37.1365,37.975,37.385,22.0,46507.0
2018-09-25,38.14251,33.9,34.475,38.0,62.0,693150.0
2018-09-26,35.1525,33.0,34.725,34.3,42.0,761615.0
2018-09-27,36.0,34.51,36.05,34.51,30.0,358826.0
2018-09-28,35.9425,34.3,35.05,35.23432,47.0,871169.0
2018-10-01,35.572,34.295,34.725,35.572,30.0,587144.0
2018-10-02,35.45,34.25,34.6,34.33,46.0,1987507.0
2018-10-03,35.14,33.3,33.825,33.6365,44.0,491346.0
2018-10-04,34.05,32.5885,33.625,33.35,24.0,273478.0
2018-10-05,33.15,32.05,32.4,33.11,40.0,494138.0
2018-10-08,32.127,31.05,31.4,32.127,26.0,109652.0
2018-10-09,32.4,31.102,31.725,31.377,15.0,89973.0
2018-10-10,31.7795,29.2385,29.65,31.25,44.0,396959.0
2018-10-11,29.23184,27.0,27.4,29.0225,46.0,504185.0
2018-10-12,28.95,26.5,28.2,27.754,29.0,223749.0
2018-10-15,28.95,27.777,28.675,28.0125,25.0,99055.0
2018-10-16,28.95,28.05,28.125,28.794,23.0,310981.0
2018-10-17,28.345,27.755,28.0,28.114,10.0,170657.0
2018-10-18,28.2375,27.5635,27.775,27.7,24.0,391688.0
2018-10-19,29.0,27.15,28.05,27.6,11.0,106629.0
2018-10-22,28.95,27.0695,27.375,28.95,23.0,196625.0
2018-10-23,27.48,26.1425,26.525,27.48,25.0,309665.0
2018-10-24,27.95,26.1,26.275,26.1925,13.0,87780.0
2018-10-25,26.95,25.4875,25.4,26.05,22.0,173608.0
2018-10-26,26.35,25.16,26.0,25.16,11.0,63610.0
2018-10-29,26.33,25.6,26.0,25.6,8.0,15950.0
2018-10-30,25.61,25.26,25.225,25.4,9.0,29112.0
2018-10-31,27.5,25.26,26.75,25.26,20.0,312519.0
2018-11-01,27.66,25.77467,26.675,25.77467,11.0,61290.0
2018-11-02,27.95,26.25,26.975,26.6,8.0,47083.0
2018-11-05,26.95,25.5025,26.225,26.0,6.0,29768.0
2018-11-06,27.095,26.5,26.225,27.095,7.0,71559.0
2018-11-07,26.6174,25.825,26.225,26.0535,9.0,25316.0
2018-11-08,26.95,25.6,26.1,26.0,12.0,81309.0
2018-11-09,26.45,25.55,26.225,25.65,18.0,211056.0
2018-11-12,26.3,25.55,25.875,26.3,17.0,62803.0
2018-11-13,26.0,25.5725,25.775,25.7811,13.0,197722.0
2018-11-14,25.85,25.5,25.45,25.74092,8.0,132164.0
2018-11-15,25.85,24.222,24.5,25.5134,19.0,172167.0
2018-11-16,24.95,24.1,24.5,24.36,8.0,15889.0
2018-11-19,24.95,24.05,24.5,24.05,8.0,59338.0
2018-11-20,24.5,23.59,23.65,24.095,9.0,99646.0
2018-11-21,23.95,23.0,23.625,23.086,14.0,218429.0
2018-11-22,23.7,23.125,23.5,23.7,11.0,73860.0
2018-11-23,23.55,23.077,23.5,23.104,10.0,31352.0
2018-11-26,23.45,22.3495,23.0,23.125,13.0,144839.0
2018-11-27,23.0,20.83886,21.3,22.01,31.0,383014.0
2018-11-28,23.79295,21.15756,23.75,21.65,46.0,478222.0
2018-11-29,23.9,22.88,23.425,23.9,6.0,43470.0
2018-11-30,24.194,22.3,23.475,22.3,9.0,162107.0
2018-12-03,24.144,22.05,23.9,22.05,8.0,28859.0
2018-12-04,23.1,23.0,23.375,23.1,6.0,42152.0
2018-12-05,22.6145,22.55,23.625,22.572,6.0,41732.0
2018-12-06,23.15,22.15,22.475,22.522,14.0,98493.0
2018-12-07,22.85,21.8,21.8,22.24947,19.0,201920.0
2018-12-10,21.883,19.73,20.315,21.883,31.0,329721.0
2018-12-11,21.65,19.5723,19.75,19.5723,11.0,97399.0
2018-12-12,21.5,19.6478,20.475,20.68937,17.0,204023.0
2018-12-13,21.5,19.98,19.77,21.5,35.0,648566.0
2018-12-14,20.6188,19.7372,19.87,19.7372,25.0,395318.0
2018-12-17,20.7,19.5,19.55,20.6328,12.0,55478.0
2018-12-18,19.502,19.0,19.0,19.25,37.0,571999.0
2018-12-19,19.02,18.1932,18.4,19.0,17.0,239692.0
2018-12-20,18.0,15.98,15.87,18.0,68.0,914747.0
2018-12-21,16.7,15.68,15.84,16.4542,35.0,488717.0
2018-12-24,24.9,17.4,24.0,17.4,608.0,8899009.0
2018-12-27,29.355,25.3,26.25,25.3,251.0,3774765.0
2018-12-28,26.44,23.5,23.625,26.44,119.0,2071970.0
2018-12-31,24.8,22.425,22.875,24.75,64.0,1091715.0
2019-01-02,24.865,22.665,24.0,24.46,91.0,1268527.0
2019-01-03,24.65,22.7105,23.8,23.75,34.0,417478.0
2019-01-04,23.4896,22.75,22.9,23.265,37.0,515156.0
2019-01-07,22.75,21.55,22.075,22.75,30.0,488217.0
2019-01-08,22.31,20.7326,21.1,21.9,29.0,505087.0
2019-01-09,21.6,20.5,20.75,20.825,36.0,509138.0
2019-01-10,20.95,20.25,20.525,20.655,21.0,238707.0
2019-01-11,20.95,20.05,20.25,20.312,24.0,249127.0
2019-01-14,20.95,19.657,20.235,20.0,21.0,188643.0
2019-01-15,20.65,19.4982,19.885,20.45,18.0,206353.0
2019-01-16,20.225,18.41,18.6,19.6625,29.0,432079.0
2019-01-17,19.2416,16.5,17.27,19.2416,59.0,794028.0
2019-01-18,18.02,15.9,16.15,17.5,126.0,1714335.0
2019-01-21,17.68,16.11,16.75,17.68,76.0,976591.0
2019-01-22,17.728,16.62,16.79,16.62,56.0,865744.0
2019-01-23,17.202,16.0,16.74,16.712,34.0,818763.0
2019-01-24,17.48,16.0,16.39,16.4,29.0,358888.0
2019-01-25,16.55,15.54,15.8,15.54,34.0,594002.0
2019-01-28,15.925,13.75,13.75,15.632,94.0,2817119.0
2019-01-29,15.2,13.97,14.2,14.5966,76.0,1259840.0
2019-01-30,15.96588,14.36,14.89,15.04811,74.0,2236331.0
2019-01-31,15.8,13.0,13.7,14.5,57.0,1420254.0
2019-02-01,14.78,13.8116,14.4,13.8116,31.0,337654.0
2019-02-04,15.0,14.14,14.61,14.68569,41.0,591305.0
2019-02-05,15.5,14.4,15.01,14.64,22.0,470494.0
2019-02-06,14.958,14.719,15.25,14.719,5.0,55062.0
2019-02-07,15.77,15.0,15.31,15.1,14.0,291484.0
2019-02-08,15.81032,14.75,14.81,15.23,17.0,198937.0
2019-02-11,15.7,14.72,15.34,15.7,16.0,207084.0
2019-02-12,15.666,14.9,15.24,15.666,6.0,67610.0
2019-02-13,15.5,14.66,14.96,14.66,20.0,227891.0
2019-02-14,14.633,14.12,14.3,14.12,22.0,335628.0
2019-02-15,14.97101,13.82,14.24,14.131,23.0,317691.0
2019-02-18,14.3288,13.65,14.0,14.0355,11.0,81056.0
2019-02-19,14.5,13.135,13.67,14.5,32.0,728355.0
2019-02-20,14.16,13.55,14.33,13.95,24.0,298692.0
2019-02-21,14.77962,14.065,14.51,14.7,14.0,162292.0
2019-02-22,15.4,14.085,15.05,14.085,24.0,383394.0
2019-02-25,14.632,14.55,14.84,14.632,2.0,1909.0
2019-02-26,15.268,14.425,14.84,15.0072,8.0,109076.0
2019-02-27,15.295,14.3,14.9,14.3,6.0,77210.0
2019-02-28,15.7,14.565,15.26,15.074,26.0,401012.0
2019-03-01,15.6,14.655,15.08,14.655,8.0,40487.0
2019-03-04,15.1,14.76,14.86,15.0,8.0,128933.0
2019-03-05,15.296,14.855,15.04,14.872,11.0,125847.0
2019-03-06,13.7,12.9372,13.25,13.7,61.0,1268329.0
2019-03-07,15.0,13.02,14.8,14.0,69.0,1516206.0
2019-03-08,15.3777,14.25,14.94,15.0,24.0,617818.0
2019-03-11,15.3,14.61,14.87,15.3,8.0,76267.0
2019-03-12,15.1,14.32,14.24,15.1,14.0,212552.0
2019-03-13,15.0,14.2,14.51,15.0,13.0,182010.0
2019-03-14,14.3864,14.1,14.25,14.2,10.0,59345.0
2019-03-15,14.4762,13.8,14.05,14.0,5.0,54818.0
2019-03-18,14.0,13.2,14.1,13.8,18.0,341680.0
2019-03-19,13.551,13.2,13.4,13.2,25.0,168442.0
2019-03-20,13.6,13.2,13.59,13.418,15.0,167532.0
2019-03-21,13.5861,13.2,13.5,13.5861,10.0,97013.0
2019-03-22,13.5102,13.1,13.32,13.5102,19.0,220570.0
2019-03-25,13.362,12.811,12.96,13.1,18.0,196760.0
2019-03-26,13.145,12.825,12.98,13.02,8.0,87874.0
2019-03-27,13.115,12.855,12.98,12.855,10.0,70465.0
2019-03-28,13.141,12.863,13.13,12.91,17.0,441875.0
2019-03-29,13.133,12.855,12.9,13.133,13.0,131952.0
2019-04-01,13.3825,12.865,13.25,12.865,19.0,353936.0
2019-04-02,13.28,12.7725,12.85,13.28,13.0,151282.0
2019-04-03,12.95,12.6484,12.9,12.8525,16.0,366290.0
2019-04-04,13.125,12.65,12.75,13.125,24.0,247420.0
2019-04-05,13.4,12.55,12.875,12.56207,36.0,678994.0
2019-04-08,13.5,12.8575,13.375,12.8575,17.0,639635.0
2019-04-09,13.75,12.55,13.45,13.125,19.0,932147.0
2019-04-10,15.3,13.26,14.325,13.268,39.0,896464.0
2019-04-11,14.8405,14.05,14.45,14.1095,12.0,209557.0
2019-04-12,14.6,13.9651,14.125,14.084,14.0,413688.0
2019-04-15,14.77,14.1,14.25,14.1,19.0,259349.0
2019-04-16,14.655,14.19,14.225,14.655,10.0,39672.0
2019-04-17,14.838,14.2434,14.4,14.25,17.0,292215.0
2019-04-18,15.4955,14.696,15.125,14.696,60.0,1529041.0
2019-04-23,15.738,14.9863,15.125,15.23331,50.0,1088596.0
2019-04-24,15.45,15.05,15.15,15.05,23.0,446884.0
2019-04-25,15.24,14.088,14.225,15.24,22.0,698028.0
2019-04-26,14.666,14.38,14.475,14.666,5.0,106094.0
2019-04-29,14.6,14.38,14.45,14.6,8.0,46514.0
2019-04-30,14.6,14.05,14.225,14.35,11.0,216772.0
2019-05-01,14.6,14.0,14.45,14.395,6.0,168837.0
2019-05-02,14.385,13.933,14.025,14.161,12.0,141340.0
2019-05-03,14.345,13.5,13.625,13.5,11.0,206865.0
2019-05-06,13.625,13.625,13.625,13.625,0.0,0.0
2019-05-07,14.16,13.5,14.0,13.6,12.0,131017.0
2019-05-08,13.8,13.2,13.55,13.8,13.0,162937.0
2019-05-09,14.2675,13.155,13.275,13.26,26.0,440478.0
2019-05-10,13.745,13.0275,13.125,13.745,10.0,106607.0
2019-05-13,13.37,12.0,12.175,13.24,22.0,413128.0
2019-05-14,12.54,11.625,11.75,12.5,31.0,550833.0
2019-05-15,12.0,11.26518,11.85,11.7,23.0,845855.0
2019-05-16,12.8725,11.7,12.85,11.7,37.0,656422.0
2019-05-17,12.9,12.05,12.15,12.146,22.0,342377.0
2019-05-20,12.3175,11.815,12.125,12.036,12.0,226688.0
2019-05-21,12.25,12.1,12.55,12.1,7.0,140699.0
2019-05-22,13.07,12.09,12.2,13.07,15.0,186190.0
2019-05-23,12.7,12.05505,12.375,12.105,15.0,167747.0
2019-05-24,12.56115,11.588,12.25,11.844,18.0,233914.0
2019-05-27,12.25,12.25,12.25,12.25,0.0,0.0
2019-05-28,12.37,11.76,12.125,11.76,10.0,26523.0
2019-05-29,12.35,11.8,12.1,11.8,13.0,134009.0
2019-05-30,12.222,11.662,12.1,11.662,13.0,119659.0
2019-05-31,12.3875,11.992,12.5,11.992,13.0,129398.0
2019-06-03,12.272,12.0095,12.1,12.059,20.0,224315.0
2019-06-04,12.5725,11.8925,12.05,12.5725,12.0,32996.0
2019-06-05,12.725,11.9685,12.275,11.9685,9.0,74984.0
2019-06-06,12.645,12.011,12.2,12.011,9.0,29990.0
2019-06-07,12.4,12.055,12.175,12.315,9.0,160824.0
2019-06-10,12.475,11.95,12.125,11.95,13.0,99855.0
2019-06-11,12.55,11.65,11.8,12.55,21.0,495044.0
2019-06-12,11.935,11.688,11.65,11.688,5.0,28747.0
2019-06-13,11.9775,11.7,11.725,11.922,17.0,225770.0
2019-06-14,11.965,11.75,11.725,11.75,3.0,11454.0
2019-06-17,12.095,11.785,11.725,11.965,14.0,135866.0
2019-06-18,12.075,11.75,11.825,11.75,7.0,72335.0
2019-06-19,11.875,11.55,11.65,11.8,13.0,246506.0
2019-06-20,11.846,11.5,11.675,11.61,18.0,216027.0
2019-06-21,11.846,11.5,11.575,11.586,13.0,123278.0
2019-06-24,12.0,11.563,11.7,11.563,15.0,166338.0
2019-06-25,12.085,11.66,11.925,11.6765,6.0,108111.0
2019-06-26,12.0,11.65,11.625,11.7675,11.0,195848.0
2019-06-27,12.75,11.77,12.5,12.065,19.0,674345.0
2019-06-28,13.45,12.1,12.775,12.1045,27.0,831530.0
2019-07-01,13.5,12.55,13.15,12.615,30.0,1302691.0
2019-07-02,13.4,12.55,12.75,12.7,22.0,347634.0
2019-07-03,13.11,12.55,12.625,12.66,24.0,579732.0
2019-07-04,12.85,12.2,12.425,12.504,20.0,132554.0
2019-07-05,12.912,12.25,12.325,12.311,28.0,590056.0
2019-07-08,13.0,12.05,12.45,12.05,21.0,499166.0
2019-07-09,12.3,11.8,11.925,12.08,7.0,149854.0
2019-07-10,12.95,11.75,12.35,11.938,12.0,185105.0
2019-07-11,11.8195,11.8195,12.125,11.8195,3.0,8720.0
2019-07-12,12.0,11.6675,11.875,11.6675,13.0,185152.0
2019-07-15,12.95,11.725,12.05,11.725,13.0,332599.0
2019-07-16,12.41,11.8,12.2,11.8,9.0,236940.0
2019-07-17,12.45,11.878,11.95,12.45,7.0,32052.0
2019-07-18,12.0,11.5,11.65,11.5,4.0,14347.0
2019-07-19,12.0,11.7,11.8,11.85,15.0,250135.0
2019-07-22,13.0,11.239,12.6,12.0,52.0,1439378.0
2019-07-23,14.65,12.1955,13.975,12.1955,90.0,2123663.0
2019-07-24,14.15,13.1271,13.875,14.123,25.0,1037967.0
2019-07-25,14.2,13.583,13.675,14.15,12.0,192389.0
2019-07-26,14.0,13.6001,13.825,14.0,10.0,136599.0
2019-07-29,16.5,14.35,14.725,16.0,85.0,1661028.0
2019-07-30,15.5,14.26,15.0,14.88,19.0,370371.0
2019-07-31,15.45,14.26,14.375,15.1,15.0,339656.0
2019-08-01,15.45,14.28,14.375,14.822,11.0,60313.0
2019-08-02,14.95,14.05,14.525,14.3,12.0,185406.0
2019-08-05,14.2,13.6576,13.75,14.1001,23.0,639277.0
2019-08-06,13.7276,13.0,13.15,13.7276,17.0,314074.0
2019-08-07,13.0826,12.5,12.975,13.0826,12.0,194290.0
2019-08-08,13.125,12.55,12.825,12.6501,4.0,32190.0
2019-08-09,13.0,12.65,12.8,12.6501,5.0,30391.0
2019-08-12,12.87499,12.2301,12.625,12.6051,12.0,206264.0
2019-08-13,12.58,12.58,13.05,12.58,1.0,5000.0
2019-08-14,12.479,12.1605,12.325,12.4,4.0,65092.0
2019-08-15,12.46,12.1,12.25,12.1,10.0,47672.0
2019-08-16,12.4,12.0,12.05,12.045,16.0,328480.0
2019-08-19,12.4,11.7601,12.175,11.7601,5.0,102428.0
2019-08-20,12.25,11.7601,11.725,11.7601,6.0,240389.0
2019-08-21,12.1,11.1,11.5,11.5451,17.0,177570.0
2019-08-22,11.99,11.5,11.625,11.99,22.0,525867.0
2019-08-23,12.2,11.45,11.475,11.6476,30.0,545646.0
2019-08-26,11.475,11.475,11.475,11.475,0.0,0.0
2019-08-27,11.4455,11.0676,11.175,11.4455,10.0,37454.0
2019-08-28,11.21564,11.1101,11.175,11.1101,5.0,69603.0
2019-08-29,11.4,10.45,10.8,11.0676,23.0,392754.0
2019-08-30,11.1,10.6,11.05,10.6,9.0,23276.0
2019-09-02,11.609,11.1,11.075,11.1,8.0,187020.0
2019-09-03,11.3,10.8501,10.95,10.8501,8.0,18682.0
2019-09-04,11.5599,10.7411,11.025,10.8801,7.0,64249.0
2019-09-05,11.5222,10.65,11.25,10.86001,9.0,86275.0
2019-09-06,11.12,10.8601,10.975,11.12,9.0,204922.0
2019-09-09,12.05,10.608,10.7,10.8601,10.0,227652.0
2019-09-10,11.37499,10.5,10.375,11.3749,18.0,321960.0
2019-09-11,10.4599,10.1,10.15,10.1851,10.0,273527.0
2019-09-12,10.44,10.0,10.25,10.018,10.0,146210.0
2019-09-13,10.39,10.0,10.15,10.018,10.0,116809.0
2019-09-16,10.7,10.05,10.25,10.7,7.0,24931.0
2019-09-17,10.0,9.20705,9.26,10.0,28.0,646138.0
2019-09-18,9.633,9.265,9.2,9.265,17.0,238872.0
2019-09-19,9.6324,9.0335,9.17,9.375,9.0,312489.0
2019-09-20,9.68,9.15,9.17,9.68,17.0,183996.0
2019-09-23,9.5,9.0332,9.17,9.0332,9.0,145234.0
2019-09-24,9.2,9.0,9.01,9.111,10.0,189223.0
2019-09-25,8.94,8.02,8.5,8.9,55.0,902699.0
2019-09-26,8.79,8.2593,8.35,8.5957,12.0,226706.0
2019-09-27,8.48,7.5,8.27,8.02,22.0,442400.0
2019-09-30,8.944,8.5,8.61,8.5,24.0,487904.0
2019-10-01,8.81899,8.02,8.34,8.5292,19.0,427753.0
2019-10-02,8.6509,8.0,7.7,8.6509,10.0,536365.0
2019-10-03,8.3083,7.52,7.6,7.52,27.0,6563446.0
2019-10-04,8.0,7.611,7.9,7.87,32.0,4151823.0
2019-10-07,8.5,7.847,8.05,7.847,28.0,1370901.0
2019-10-08,8.07475,7.99,7.95,8.028,10.0,295621.0
2019-10-09,8.08,7.7,7.65,7.9108,14.0,2157797.0
2019-10-10,7.9588,7.529,7.73,7.529,7.0,488727.0
2019-10-11,7.9234,7.5312,7.65,7.9234,10.0,206382.0
2019-10-14,7.8756,7.6,7.73,7.6,18.0,517337.0
2019-10-15,8.625,7.677,8.24,7.8,23.0,1162856.0
2019-10-16,8.78,8.2,8.44,8.78,19.0,560909.0
2019-10-17,8.88,8.052,8.06,8.7259,30.0,1701202.0
2019-10-18,8.8,8.05,8.25,8.1764,65.0,2801524.0
2019-10-21,8.75,8.123,8.27,8.28,23.0,1042126.0
2019-10-22,8.51338,8.158,8.28,8.51338,12.0,289799.0
2019-10-23,8.5,8.05,8.14,8.5,11.0,193909.0
2019-10-24,8.068,7.858,8.12,8.068,10.0,152635.0
2019-10-25,8.299,7.898,8.12,7.898,19.0,382422.0
2019-10-28,8.26793,7.9368,8.02,8.26793,15.0,263399.0
2019-10-29,8.19,7.8308,8.12,8.19,11.0,211520.0
2019-10-30,8.15,7.8884,7.98,7.8884,4.0,21947.0
2019-10-31,8.26,7.88242,7.98,7.88242,6.0,76397.0
2019-11-01,8.29,7.936,7.86,7.936,14.0,280172.0
2019-11-04,8.2,7.736,7.8,7.9221,15.0,478529.0
2019-11-05,8.0,7.73,7.8,7.778,11.0,190980.0
2019-11-06,7.92,7.7301,7.82,7.7625,7.0,126923.0
2019-11-07,8.0476,7.3,7.65,7.94,39.0,1931665.0
2019-11-08,7.8689,7.5642,7.67,7.8689,3.0,20000.0
2019-11-11,7.8337,7.27735,7.6,7.27735,20.0,376281.0
2019-11-12,7.7,7.3907,7.57,7.3907,23.0,423703.0
2019-11-13,7.712,7.3,7.55,7.712,17.0,492778.0
2019-11-14,7.85,7.42,7.65,7.5,11.0,126783.0
2019-11-15,7.65,7.12,7.42,7.575,15.0,351814.0
2019-11-18,7.65,7.1401,7.25,7.2624,14.0,285859.0
2019-11-19,7.7,7.15615,7.32,7.2,8.0,91602.0
2019-11-20,7.835,7.36,7.54,7.36,6.0,129875.0
2019-11-21,7.45,7.25,7.28,7.45,13.0,421513.0
2019-11-22,7.44,7.02,7.4,7.3,24.0,854948.0
2019-11-25,7.64,7.174,7.47,7.174,17.0,440790.0
2019-11-26,7.69639,7.2,7.3,7.69639,6.0,63734.0
2019-11-27,7.18,6.754,7.03,7.1,23.0,489056.0
2019-11-28,7.384,7.0,7.06,7.384,3.0,38792.0
2019-11-29,7.311,6.62,6.79,6.835,32.0,1780872.0
2019-12-02,7.0716,6.6,6.68,6.72,18.0,618752.0
2019-12-03,6.84,6.5,6.63,6.84,16.0,544816.0
2019-12-04,6.8,6.511,6.75,6.511,19.0,402862.0
2019-12-05,6.965,6.725,6.79,6.965,9.0,67739.0
2019-12-06,7.2727,6.725,6.92,6.725,38.0,1789144.0
2019-12-09,7.0,6.6064,6.85,6.9746,27.0,525956.0
2019-12-10,6.95,6.677,6.8,6.677,12.0,308928.0
2019-12-11,6.95,6.52,6.71,6.615,11.0,53143.0
2019-12-12,6.85,6.6,6.71,6.678,9.0,238812.0
2019-12-13,6.92,6.6,6.7,6.7,12.0,196088.0
2019-12-16,6.98,6.6,6.7,6.6,18.0,173344.0
2019-12-17,6.98,6.29,6.26,6.5,34.0,2815439.0
2019-12-18,6.7,6.0,6.49,6.32058,24.0,648916.0
2019-12-19,6.4,6.0276,6.27,6.0276,19.0,584134.0
2019-12-20,6.7,6.12,6.22,6.7,9.0,53398.0
2019-12-23,6.344,6.0775,6.1,6.0775,24.0,734143.0
2019-12-24,6.7,6.26,6.39,6.7,4.0,120392.0
2019-12-27,6.69,6.26,6.19,6.26,7.0,243803.0
2019-12-30,6.64,6.1,6.32,6.1,21.0,633565.0
2019-12-31,6.64,6.365,6.5,6.625,7.0,110673.0
2020-01-02,6.738,6.38,6.47,6.385,23.0,508849.0
2020-01-03,6.74,6.44,6.49,6.5308,15.0,491054.0
2020-01-06,6.88,6.4,6.56,6.4,13.0,381668.0
2020-01-07,7.0,6.4246,6.85,6.6845,14.0,737478.0
2020-01-08,7.414,6.6,7.15,6.6,20.0,614261.0
2020-01-09,7.785,6.85,7.59,6.85,23.0,736857.0
2020-01-10,7.754,7.289,7.47,7.754,18.0,516358.0
2020-01-13,7.6,7.228,7.45,7.228,12.0,276518.0
2020-01-14,8.02,7.335,7.71,7.376,26.0,1033052.0
2020-01-15,7.9,7.5,7.63,7.5338,12.0,339055.0
2020-01-16,7.98,7.62,7.57,7.98,7.0,457025.0
2020-01-17,7.74,7.425,7.5,7.64,19.0,366873.0
2020-01-20,7.4256,7.42,7.47,7.42,5.0,12952.0
2020-01-21,7.65,7.325,7.44,7.4322,9.0,28067.0
2020-01-22,7.64,7.24,7.31,7.286,17.0,167985.0
2020-01-23,7.4728,7.283,7.3,7.283,9.0,146718.0
2020-01-24,7.487,7.24,7.35,7.3,8.0,185764.0
2020-01-27,7.5,7.24,7.37,7.5,13.0,481193.0
2020-01-28,7.59,7.26,7.43,7.45,10.0,269363.0
2020-01-29,7.59456,7.2478,7.37,7.5,12.0,576316.0
2020-01-30,7.5046,7.24,7.55,7.26,6.0,95777.0
2020-01-31,7.51215,7.24,7.38,7.2756,7.0,119407.0
2020-02-03,7.98,7.24,7.41,7.24,10.0,66684.0
2020-02-04,7.6128,7.3,7.37,7.3,9.0,64119.0
2020-02-05,7.26,5.45,5.54,7.26,106.0,3199856.0
2020-02-06,5.946,5.52,5.75,5.6,24.0,420540.0
2020-02-07,5.9904,5.52,5.77,5.577,21.0,221549.0
2020-02-10,5.95,5.5,5.77,5.55,11.0,139508.0
2020-02-11,5.5488,5.109,5.17,5.5488,16.0,334268.0
2020-02-12,5.5,5.1,5.21,5.139,13.0,169549.0
2020-02-13,5.7,5.15,5.36,5.171,5.0,56082.0
2020-02-14,5.828,5.25,5.39,5.692,12.0,220387.0
2020-02-17,5.8,5.15,5.37,5.288,18.0,120559.0
2020-02-18,5.3488,5.18,5.23,5.25,15.0,355386.0
2020-02-19,5.45,5.12,5.28,5.12,5.0,96328.0
2020-02-20,5.4584,5.1155,5.17,5.21,6.0,186235.0
2020-02-21,5.19659,4.5656,4.72,5.19659,27.0,1732404.0
2020-02-24,4.72,3.65,3.97,4.567,43.0,1450094.0
2020-02-25,4.244,3.8,3.97,3.85,24.0,750921.0
2020-02-26,4.3348,3.9,4.22,4.3348,6.0,35295.0
2020-02-27,3.97,3.51,3.915,3.8755,23.0,665233.0
2020-02-28,3.9,3.119,3.46,3.9,18.0,1022830.0
2020-03-02,3.852,3.45,3.605,3.45,19.0,3369277.0
2020-03-03,4.0,3.5196,4.0,3.5196,16.0,546971.0
2020-03-04,3.91,3.6,3.585,3.91,13.0,344072.0
2020-03-05,3.8725,3.3,3.51,3.51,16.0,653407.0
2020-03-06,3.9,3.05,3.75,3.41,33.0,1127904.0
2020-03-09,3.65,2.4765,3.26,2.6,24.0,5783846.0
2020-03-10,3.45,3.1,3.35,3.4,12.0,1439076.0
2020-03-11,3.84,3.032,3.58,3.032,15.0,343398.0
2020-03-12,4.0,3.6,3.62,3.99,29.0,1067558.0
2020-03-13,4.295,3.62,4.005,3.62,18.0,716989.0
2020-03-16,3.99,2.8,3.2,3.99,42.0,2566709.0
2020-03-17,3.85,3.0394,3.475,3.85,9.0,1044957.0
2020-03-18,3.444,3.11,3.27,3.444,9.0,186771.0
2020-03-19,3.65,3.12,3.385,3.65,8.0,490044.0
2020-03-20,3.7112,3.3304,3.505,3.7112,9.0,147794.0
2020-03-23,3.6146,3.1301,3.365,3.6146,7.0,139179.0
2020-03-24,3.635,3.11,3.28,3.11,11.0,296968.0
2020-03-25,3.9612,3.2915,3.515,3.75,41.0,2895552.0
2020-03-26,3.555,3.3,3.335,3.555,24.0,607872.0
2020-03-27,3.909,3.3,3.595,3.3,7.0,229132.0
2020-03-30,3.74,3.3714,3.47,3.74,4.0,13410.0
2020-03-31,3.888,3.0,3.25,3.888,13.0,205655.0
2020-04-01,3.4606,3.0147,3.115,3.0147,11.0,273468.0
2020-04-02,3.5,3.058,3.4,3.058,15.0,356906.0
2020-04-03,3.64,3.039,3.35,3.596,7.0,142898.0
2020-04-06,3.442,3.034,3.145,3.059,18.0,333956.0
2020-04-07,3.8275,3.1322,3.75,3.1322,21.0,855451.0
2020-04-08,3.6,3.31,3.7,3.6,12.0,195809.0
2020-04-09,4.09,3.3229,3.75,4.09,11.0,102331.0
2020-04-14,3.84577,3.31,3.65,3.84577,9.0,120540.0
2020-04-15,3.7892,3.4,3.475,3.7892,10.0,223921.0
2020-04-16,3.64,3.31,3.65,3.64,7.0,38563.0
2020-04-17,4.09,3.41,3.805,4.045,29.0,742615.0
2020-04-20,4.401,3.51,4.0,3.5946,19.0,522606.0
2020-04-21,4.1865,3.6,3.785,3.64,11.0,7726201.0
2020-04-22,4.2115,3.6445,3.95,4.0625,11.0,264997.0
2020-04-23,4.3815,3.7337,4.0,4.3665,9.0,176533.0
2020-04-24,4.4605,3.828,4.0,3.865,13.0,247154.0
2020-04-27,4.7307,3.91,4.09,4.4482,18.0,322434.0
2020-04-28,4.49,3.82,4.205,3.8576,18.0,499563.0
2020-04-29,4.442,3.95,4.25,3.95,8.0,166293.0
2020-04-30,4.544,4.1,4.185,4.4322,23.0,1245755.0
2020-05-01,4.39,3.81,3.925,4.3108,23.0,842777.0
2020-05-04,3.9344,3.5,3.57,3.835,16.0,607470.0
2020-05-05,3.94,3.4,3.34,3.94,21.0,1355096.0
2020-05-06,3.9344,3.25,3.57,3.271,18.0,1391453.0
2020-05-07,3.9032,3.362,3.455,3.362,12.0,43005.0
2020-05-08,3.455,3.455,3.455,3.455,0.0,0.0
2020-05-11,3.5,3.35,3.36,3.35,11.0,540393.0
2020-05-12,3.5,3.34818,3.35,3.5,8.0,17964.0
2020-05-13,3.6,3.31,3.475,3.4,28.0,709550.0
2020-05-14,3.475,3.31,3.36,3.36,11.0,478393.0
2020-05-15,3.475,3.3157,3.365,3.3157,5.0,47177.0
2020-05-18,3.9474,3.2,3.505,3.31,19.0,769595.0
2020-05-19,3.7,3.337,3.505,3.337,6.0,74938.0
2020-05-20,3.675,3.377,3.575,3.675,4.0,130513.0
2020-05-21,3.715,3.367,3.625,3.367,9.0,98088.0
2020-05-22,4.2051,3.325,3.625,3.325,12.0,677604.0
2020-05-25,3.625,3.625,3.625,3.625,0.0,0.0
2020-05-26,3.96,3.5,3.6,3.525,20.0,1159951.0
2020-05-27,3.85,3.5372,3.665,3.5372,11.0,134154.0
2020-05-28,3.99,3.5345,3.71,3.99,11.0,444520.0
2020-05-29,3.933,3.51,3.72,3.9,10.0,186593.0
2020-06-01,3.85,3.62,3.735,3.85,3.0,133148.0
2020-06-02,3.825,3.5855,3.635,3.825,8.0,91729.0
2020-06-03,3.822,3.5788,3.62,3.5855,9.0,208347.0
2020-06-04,3.98,3.5855,3.615,3.5855,13.0,123942.0
2020-06-05,3.94,3.5856,3.8,3.809,23.0,780290.0
2020-06-08,4.7715,3.88,4.325,3.88,42.0,2350667.0
2020-06-09,4.8,4.1244,4.35,4.8,20.0,735073.0
2020-06-10,4.222,4.11,4.195,4.11,12.0,258718.0
2020-06-11,4.5,3.81,4.25,4.1214,20.0,568694.0
2020-06-12,4.308,3.8,3.945,3.85,4.0,76944.0
2020-06-15,4.04,3.7087,3.79,4.04,13.0,620391.0
2020-06-16,4.16,3.77,3.89,4.16,13.0,401017.0
2020-06-17,3.839,3.839,3.88,3.839,1.0,100000.0
2020-06-18,4.151,3.8,3.925,4.151,11.0,35767.0
2020-06-19,4.151,3.8,3.885,4.151,15.0,303241.0
2020-06-22,4.151,3.7,3.75,4.1145,20.0,735222.0
2020-06-23,4.1145,3.71,3.815,4.1145,18.0,415939.0
2020-06-24,4.19,3.71,3.815,3.71,7.0,108051.0
2020-06-25,4.07,3.668,3.665,4.07,10.0,339465.0
2020-06-26,3.94,3.5,3.655,3.8057,14.0,335375.0
2020-06-29,3.89,3.5,3.75,3.53,5.0,81000.0
2020-06-30,3.816,3.51,3.68,3.51,11.0,156964.0
2020-07-01,3.9175,3.629,3.775,3.629,20.0,584650.0
2020-07-02,4.0,3.7,3.77,4.0,8.0,242059.0
2020-07-03,3.914,3.0,3.375,3.914,27.0,1459702.0
2020-07-06,3.71,3.24,3.6,3.685,7.0,106680.0
2020-07-07,3.96,3.255,3.595,3.295,13.0,243062.0
2020-07-08,3.9925,3.2344,3.815,3.2344,13.0,413580.0
2020-07-09,3.9265,3.5,3.75,3.8922,9.0,35500.0
2020-07-10,3.925,3.525,3.75,3.925,7.0,25958.0
2020-07-13,4.2,3.525,3.75,3.525,11.0,366855.0
2020-07-14,4.0,3.623,3.8,3.65,5.0,301044.0
2020-07-15,3.6822,3.61,3.8,3.61,5.0,2431579.0
2020-07-16,3.6898,3.353,3.75,3.6898,11.0,544996.0
2020-07-17,3.652,3.3,3.35,3.51,13.0,846857.0
2020-07-20,3.6615,3.3,3.45,3.3211,9.0,563321.0
2020-07-21,3.526,3.425,3.425,3.526,3.0,25000.0
2020-07-22,3.942,3.32,3.6,3.76,11.0,348114.0
2020-07-23,3.769,3.337,3.575,3.6126,15.0,205921.0
2020-07-24,3.599,3.3202,3.475,3.327,4.0,18209.0
2020-07-27,3.9853,3.4,3.7,3.4,25.0,532765.0
2020-07-28,3.9755,3.5724,3.7,3.9755,17.0,437430.0
2020-07-29,3.8415,3.54261,3.65,3.5724,5.0,235951.0
2020-07-30,3.5187,3.5,3.65,3.5187,4.0,39697.0
2020-07-31,3.8285,3.5,3.65,3.5247,6.0,171112.0
2020-08-03,3.8,3.334,3.61,3.8,9.0,262935.0
2020-08-04,3.7,3.39,3.6,3.46,10.0,345547.0
2020-08-05,3.661,3.3,3.42,3.3,9.0,116207.0
2020-08-06,3.4873,3.328,3.355,3.4873,6.0,132430.0
2020-08-07,3.762,3.328,3.545,3.328,13.0,347188.0
2020-08-10,3.672,3.375,3.43,3.51,13.0,201931.0
2020-08-11,3.658,3.348,3.43,3.658,11.0,298647.0
2020-08-12,3.7,3.393,3.435,3.6405,7.0,88786.0
2020-08-13,3.625,2.99,3.195,3.625,35.0,2079784.0
2020-08-14,3.394,3.01,3.15,3.394,10.0,185540.0
2020-08-17,3.376,3.026,3.085,3.376,10.0,197915.0
2020-08-18,3.26,3.02,3.13,3.25,8.0,112771.0
2020-08-19,3.25,3.01,3.015,3.01,10.0,98711.0
2020-08-20,3.3,3.05,3.25,3.3,6.0,189145.0
2020-08-21,3.5,3.02,3.125,3.5,14.0,445691.0
2020-08-24,3.388,3.048,3.13,3.05,5.0,24826.0
2020-08-25,3.407,3.048,3.295,3.397,11.0,114890.0
2020-08-26,3.11,2.677,3.145,3.1,38.0,1739788.0
2020-08-27,3.25,2.86,3.15,2.9376,5.0,123524.0
2020-08-28,3.28,3.0,3.25,3.2368,14.0,389311.0
2020-08-31,3.25,3.25,3.25,3.25,0.0,0.0
2020-09-01,3.49,3.0,3.13,3.0,16.0,202214.0
2020-09-02,3.274,3.2035,3.14,3.2035,6.0,209586.0
2020-09-03,3.252,3.032,3.23,3.032,2.0,115000.0
2020-09-04,3.274,3.0244,3.125,3.0244,3.0,103200.0
2020-09-07,3.1,2.9922,3.025,2.9922,3.0,384450.0
2020-09-08,2.86,2.81,3.15,2.86,5.0,27022.0
2020-09-09,3.185,2.8586,3.025,2.8586,4.0,35606.0
2020-09-10,3.025,3.025,3.025,3.025,0.0,0.0
2020-09-11,3.0,3.0,3.3,3.0,1.0,35287.0
2020-09-14,3.0,2.7,2.79,2.9898,24.0,1342184.0
2020-09-15,3.512,2.6,2.765,3.512,16.0,1585080.0
2020-09-16,3.37,2.766,3.215,2.766,22.0,1098024.0
2020-09-17,3.4449,3.147,3.145,3.298,7.0,381946.0
2020-09-18,3.352,3.048,3.115,3.352,3.0,8206.0
2020-09-21,3.225,2.8195,2.92,3.048,13.0,455993.0
2020-09-22,2.83,2.83,2.92,2.83,1.0,82726.0
2020-09-23,2.995,2.995,2.995,2.995,0.0,1.0
2020-09-24,3.009,2.81,3.15,2.8244,5.0,121482.0
2020-09-25,2.8,2.8,2.92,2.8,1.0,100000.0
2020-09-28,3.0665,2.8,2.86,3.0665,3.0,155354.0
2020-09-29,2.7811,2.7811,2.86,2.7811,1.0,1663.0
2020-09-30,2.8875,2.2,2.415,2.7,30.0,1134691.0
2020-10-01,2.7275,2.35,2.45,2.35,6.0,193333.0
2020-10-02,2.8275,2.4,2.705,2.4,15.0,397770.0
2020-10-05,2.75,2.2118,2.4,2.2118,16.0,677722.0
2020-10-06,2.88,2.224,2.7,2.44,7.0,157638.0
2020-10-07,2.489,2.3825,2.37,2.482,5.0,136834.0
2020-10-08,2.3825,2.22,2.26,2.3825,9.0,1007375.0
2020-10-09,2.474,2.11,2.3,2.199,12.0,325420.0
2020-10-12,3.0,2.288,2.5,3.0,9.0,208194.0
2020-10-13,3.0,2.31,2.47,2.31,11.0,143650.0
2020-10-14,2.76,2.3896,2.46,2.542,9.0,350061.0
2020-10-15,2.5898,2.3436,2.7,2.3544,7.0,264584.0
2020-10-16,2.727,2.0776,2.41,2.0776,7.0,23541.0
2020-10-19,2.6,2.2364,2.405,2.2364,8.0,220807.0
2020-10-20,2.5905,2.3166,2.405,2.3166,7.0,137167.0
2020-10-21,2.6415,2.31,2.405,2.5905,12.0,20792.0
2020-10-22,2.625,2.39,2.465,2.5905,7.0,250901.0
2020-10-23,2.4432,2.3,2.355,2.3234,8.0,192605.0
2020-10-26,2.43,2.2,2.34,2.2,12.0,274762.0
2020-10-27,2.7143,2.2639,2.595,2.2639,7.0,409131.0
2020-10-28,2.4099,2.2,2.24,2.4099,8.0,430707.0
2020-10-29,2.428,2.1265,2.26,2.1625,14.0,180213.0
2020-10-30,2.422,2.0526,2.305,2.0652,9.0,102489.0
2020-11-02,2.2813,2.0,2.125,2.0159,10.0,163404.0
2020-11-03,2.15,2.01,2.155,2.044,14.0,353975.0
2020-11-04,2.665,2.07,2.3,2.665,3.0,18040.0
2020-11-05,2.477,2.0,2.35,2.053,8.0,193589.0
2020-11-06,2.4,2.0,2.25,2.0,6.0,171258.0
2020-11-09,2.5544,1.848,2.295,2.2,27.0,933240.0
2020-11-10,2.5,2.0295,2.195,2.5,13.0,384463.0
2020-11-11,2.487,2.0,2.295,2.0,15.0,312588.0
2020-11-12,4.95,2.631,4.4,2.631,357.0,18377731.0
2020-11-13,8.15,4.4636,6.59,4.5,2164.0,34590206.0
2020-11-16,7.425,5.52,6.1,6.4,466.0,7203732.0
2020-11-17,6.7,4.5,4.755,5.682,285.0,5707710.0
2020-11-18,5.5,4.51,4.755,4.7,119.0,1911271.0
2020-11-19,5.5,4.55,4.93,4.79,75.0,794485.0
2020-11-20,5.35,4.65,5.0,5.0,30.0,733693.0
2020-11-23,5.15,4.18,4.18,5.0,100.0,1411185.0
2020-11-24,5.5,4.5,4.85,5.0,81.0,1281802.0
2020-11-25,5.5,5.0,5.25,4.75,46.0,1112771.0
2020-11-26,5.222,4.75,5.0,5.25,51.0,258621.0
2020-11-27,5.0,4.62,4.75,4.75,12.0,284839.0
2020-11-30,4.92,4.51,4.75,4.75,22.0,612160.0
2020-12-01,5.4,4.665,4.7,4.75,48.0,388251.0
2020-12-02,4.88,4.5,4.75,5.1,11.0,450539.0
2020-12-03,4.8,4.5,4.75,4.75,7.0,142935.0
2020-12-04,5.5,4.6,4.75,4.75,46.0,2175389.0
2020-12-07,5.5,4.5,5.0,4.75,19.0,248467.0
2020-12-08,5.15,4.7,5.0,5.0,9.0,163968.0
2020-12-09,5.155,4.61,4.75,5.0,11.0,1296182.0
2020-12-10,5.28,4.85,5.0,5.0,8.0,319787.0
2020-12-11,5.28,4.75,5.0,5.0,13.0,1173867.0
2020-12-14,5.5,4.5,5.0,5.0,9.0,100942.0
2020-12-15,5.171,4.73,5.0,5.0,7.0,352774.0
2020-12-16,5.28,4.7688,5.0,5.0,52.0,349887.0
2020-12-17,5.0,4.57173,5.0,5.0,16.0,681615.0
2020-12-18,5.24,4.72,5.0,5.0,9.0,168196.0
2020-12-21,5.15,4.78,5.0,5.0,8.0,202749.0
2020-12-22,5.14,4.65,5.0,5.0,7.0,111955.0
2020-12-23,5.0,4.5,4.75,5.0,25.0,138219.0
2020-12-24,4.975,4.5,4.75,4.75,4.0,106650.0
2020-12-28,4.75,4.75,4.75,4.75,0.0,0.0
2020-12-29,5.0,4.5,4.75,4.75,15.0,400272.0
2020-12-30,4.5,4.0,4.25,4.75,16.0,618697.0
2020-12-31,4.175,4.03,4.25,4.25,3.0,83024.0
2021-01-04,4.89,4.2,4.5,4.25,37.0,321888.0
2021-01-05,4.69,4.2,4.5,4.5,12.0,82030.0
2021-01-06,4.74,4.2,4.5,4.5,11.0,176160.0
2021-01-07,4.8,4.0,4.5,4.5,13.0,122840.0
2021-01-08,5.2,4.26,4.85,4.5,17.0,607395.0
2021-01-11,5.3,4.7922,5.0,4.85,9.0,74036.0
2021-01-12,5.74,4.7922,5.5,5.0,28.0,1774494.0
2021-01-13,6.0,5.0,5.5,5.5,19.0,393850.0
2021-01-14,5.74,5.03,5.25,5.5,12.0,252269.0
2021-01-15,5.395,5.0,5.25,5.25,14.0,305790.0
2021-01-18,5.375,5.044,5.25,5.25,6.0,34083.0
2021-01-19,5.5,5.03,5.25,5.25,14.0,308167.0
2021-01-20,6.0,5.0,5.25,5.25,41.0,319339.0
2021-01-21,6.0,5.0,5.5,5.25,8.0,123930.0
2021-01-22,5.3,4.71,4.75,5.5,24.0,805659.0
2021-01-25,5.05,4.71,4.75,4.85,12.0,145635.0
2021-01-26,4.85,4.51,4.75,4.75,15.0,254770.0
2021-01-27,4.84,4.51,4.75,4.75,13.0,332752.0
2021-01-28,5.0,4.2,4.75,4.85,51.0,881395.0
2021-01-29,4.97,4.5,4.75,4.75,15.0,489386.0
2021-02-01,4.835,4.5,4.75,4.75,13.0,290635.0
2021-02-02,4.798,4.5141,4.75,4.75,10.0,253778.0
2021-02-03,5.0,4.0,4.625,4.75,33.0,1187811.0
2021-02-04,4.9625,4.2875,4.625,4.625,18.0,206972.0
2021-02-05,5.0,4.0,4.25,4.625,64.0,1287053.0
2021-02-08,4.75,4.207,4.48,4.25,28.0,126505.0
2021-02-09,4.75,4.5,4.625,4.5,21.0,206607.0
2021-02-10,4.7438,4.55,4.625,4.625,8.0,67451.0
2021-02-11,4.75,4.25,4.5,4.625,19.0,39311.0
2021-02-12,4.49,4.36,4.5,4.5,10.0,36588.0
2021-02-15,4.75,4.25,4.73,4.5,24.0,563142.0
2021-02-16,4.6,4.3,4.5,4.5,11.0,101041.0
2021-02-17,4.65,4.3,4.5,4.5,9.0,95247.0
2021-02-18,4.62,4.2625,4.5,4.5,11.0,140106.0
2021-02-19,4.675,4.3,4.5,4.5,9.0,71038.0
2021-02-22,4.62,4.26,4.5,4.5,16.0,241364.0
2021-02-23,4.62,4.28,4.5,4.5,9.0,41594.0
2021-02-24,4.62,4.28,4.5,4.5,5.0,66646.0
2021-02-25,4.62,4.325,4.5,4.5,6.0,34440.0
2021-02-26,4.325,4.28,4.5,4.5,6.0,116562.0
2021-03-01,4.675,4.26,4.5,4.5,6.0,78411.0
2021-03-02,4.59,4.26,4.5,4.5,5.0,55437.0
2021-03-03,4.566,4.26,4.5,4.5,7.0,84459.0
2021-03-04,4.675,4.29,4.5,4.5,9.0,182191.0
2021-03-05,4.622,4.33,4.5,4.5,10.0,88012.0
2021-03-08,4.611,4.25,4.5,4.5,11.0,179751.0
2021-03-09,4.75,4.0,4.25,4.5,34.0,318154.0
2021-03-10,4.5,4.0,4.25,4.25,20.0,493122.0
2021-03-11,4.15,4.15,4.25,4.25,2.0,57630.0
2021-03-12,4.35,4.175,4.25,4.25,12.0,379030.0
2021-03-15,4.44,4.05,4.25,4.25,13.0,183877.0
2021-03-16,4.4,4.05,4.25,4.25,8.0,139816.0
2021-03-17,4.28,4.05,4.25,4.25,7.0,244543.0
2021-03-18,4.5,4.0,4.25,4.25,9.0,48829.0
2021-03-19,4.277,4.05,4.25,4.25,10.0,66320.0
2021-03-22,4.5,4.0,4.25,4.25,28.0,273835.0
2021-03-23,4.4,4.06,4.25,4.25,17.0,413622.0
2021-03-24,4.399,4.11,4.25,4.25,6.0,103500.0
2021-03-25,4.4,4.125,4.25,4.25,5.0,251304.0
2021-03-26,4.11,3.92,4.25,4.25,7.0,48049.0
2021-03-29,4.4,4.0,4.25,4.25,14.0,532577.0
2021-03-30,4.5,4.111,4.25,4.25,17.0,1244874.0
2021-03-31,4.25,3.9875,3.9,4.25,27.0,333213.0
2021-04-01,5.5,4.0,4.5,4.0,167.0,3085558.0
2021-04-06,5.5,4.5,4.7,5.125,52.0,1352234.0
2021-04-07,5.5,4.5,5.0,4.75,32.0,528107.0
2021-04-08,5.49,4.5,5.0,5.0,29.0,578673.0
2021-04-09,5.5,5.0,5.25,5.0,29.0,1036008.0
2021-04-12,5.425,5.0,5.25,5.25,16.0,370174.0
2021-04-13,5.3,5.0,5.15,5.25,29.0,164855.0
2021-04-14,5.3,4.5,4.9,5.15,10.0,118968.0
2021-04-15,5.0,4.5,4.75,4.9,14.0,149095.0
2021-04-16,5.0,4.5125,4.75,4.75,7.0,87757.0
2021-04-19,6.5,4.5,6.15,4.75,119.0,4932007.0
2021-04-20,6.5,5.5,6.1,6.15,51.0,1131982.0
2021-04-21,6.5,5.5,5.65,6.1,28.0,335720.0
2021-04-22,5.8,5.0,5.35,5.65,16.0,67520.0
2021-04-23,5.21,5.133,5.35,5.35,5.0,14783.0
2021-04-26,5.5,5.0,5.25,5.35,13.0,171911.0
2021-04-27,5.42,5.15,5.25,5.25,8.0,42194.0
2021-04-28,5.5,5.0,5.35,5.25,22.0,427465.0
2021-04-29,6.5,5.171,6.1,5.35,45.0,1800267.0
2021-04-30,6.292,5.755,6.1,6.1,27.0,990442.0
2021-05-03,6.1,6.1,6.1,6.1,0.0,0.0
2021-05-04,6.5,5.5,5.75,6.1,30.0,390446.0
2021-05-05,5.845,5.5,5.75,5.75,9.0,283842.0
2021-05-06,5.9875,5.65,5.75,5.75,11.0,175979.0
2021-05-07,5.61,5.5,5.75,5.75,9.0,81456.0
2021-05-10,6.0,5.0,5.5,5.75,19.0,290870.0
2021-05-11,5.7,5.0,5.5,5.5,7.0,177565.0
2021-05-12,5.7,5.2,5.5,5.5,8.0,143570.0
2021-05-13,5.98,5.255,5.75,5.5,7.0,801544.0
2021-05-14,5.97,5.666,5.75,5.75,7.0,69611.0
2021-05-17,5.685,5.67,5.75,5.75,9.0,231417.0
2021-05-18,6.3,5.7,6.15,5.75,23.0,431462.0
2021-05-19,6.29,5.62,5.85,6.15,18.0,845192.0
2021-05-20,5.696,5.666,5.85,5.85,2.0,25688.0
2021-05-21,6.24,5.666,6.0,5.85,14.0,450921.0
2021-05-24,5.866,5.5,5.9,6.0,8.0,56120.0
2021-05-25,5.95,5.5,5.75,5.9,8.0,65032.0
2021-05-26,6.1321,5.5,5.75,5.75,15.0,948317.0
2021-05-27,5.9875,5.52,5.75,5.75,13.0,310847.0
2021-05-28,5.975,5.52,5.75,5.75,11.0,111684.0
2021-05-31,5.75,5.75,5.75,5.75,0.0,0.0
2021-06-01,5.665,5.52,5.75,5.75,6.0,37794.0
2021-06-02,6.0,5.0,5.5,5.5,14.0,174472.0
2021-06-03,5.6985,5.232,5.5,5.5,8.0,8376.0
2021-06-04,6.4,5.56,6.0,5.75,31.0,654355.0
2021-06-07,6.088,5.6,6.0,6.0,4.0,139103.0
2021-06-08,6.5,5.62,6.0,6.0,10.0,70552.0
2021-06-09,6.0,5.733,6.0,6.0,4.0,19863.0
2021-06-10,5.733,5.5,6.0,6.0,6.0,28601.0
2021-06-11,5.733,5.733,6.0,6.0,2.0,12115.0
2021-06-14,5.733,5.66,6.0,6.0,4.0,142750.0
2021-06-15,6.1,5.55,6.0,6.0,11.0,187063.0
2021-06-16,6.123,5.85,6.0,6.0,5.0,218376.0
2021-06-17,6.0,5.6,6.0,6.0,6.0,624529.0
2021-06-18,6.15,5.5,5.75,6.0,22.0,632863.0
2021-06-21,5.9875,5.6,5.75,5.75,7.0,10736.0
2021-06-22,5.97,5.6,5.75,5.75,5.0,518985.0
2021-06-23,5.9875,5.6,5.75,5.75,3.0,1433.0
2021-06-24,5.7,5.0,5.5,5.75,8.0,16125621.0
2021-06-25,5.9,5.155,5.5,5.5,6.0,73253.0
2021-06-28,5.155,5.155,5.5,5.5,3.0,3768.0
2021-06-29,5.688,5.16,5.5,5.5,7.0,61250.0
2021-06-30,5.65,5.0,5.25,5.5,9.0,415485.0
2021-07-01,5.0,5.0,5.25,5.25,1.0,1969.0
2021-07-02,5.45,5.4,5.25,5.25,5.0,269208.0
2021-07-05,5.4,5.13,5.25,5.25,4.0,262030.0
2021-07-06,5.381,5.16,5.25,5.25,5.0,19498.0
2021-07-07,5.34,5.01,5.25,5.25,3.0,94592.0
2021-07-08,5.381,5.152,5.25,5.25,5.0,110889.0
2021-07-09,5.362,5.01,5.25,5.25,3.0,160481.0
2021-07-12,5.339,5.0,5.25,5.25,4.0,111343.0
2021-07-13,4.9,4.0,4.25,5.0,35.0,1162523.0
2021-07-14,4.2,4.0,4.15,4.25,10.0,644979.0
2021-07-15,4.25,4.005,4.125,4.15,6.0,66638.0
2021-07-16,4.25,3.8,4.025,4.125,16.0,228107.0
2021-07-19,3.81,3.8,4.05,4.15,3.0,74590.0
2021-07-20,4.5,3.5,3.75,4.05,18.0,243174.0
2021-07-21,3.956,3.55,3.75,3.75,10.0,194682.0
2021-07-22,3.9,3.66,3.75,3.75,6.0,73757.0
2021-07-23,3.94,3.687,3.75,3.75,9.0,171877.0
2021-07-26,3.911,3.687,3.75,3.75,7.0,351580.0
2021-07-27,3.9875,3.71,3.75,3.75,7.0,127507.0
2021-07-28,3.9875,3.65,3.75,3.75,8.0,111171.0
2021-07-29,3.888,3.5,3.75,3.75,5.0,105013.0
2021-07-30,3.875,3.52,3.75,3.75,2.0,34094.0
2021-08-02,3.875,3.5,3.75,3.75,13.0,95328.0
2021-08-03,3.888,3.5,3.75,3.75,5.0,114707.0
2021-08-04,3.6,3.55,3.6,3.75,2.0,33120.0
2021-08-05,3.74,3.5,3.75,3.75,7.0,40214.0
2021-08-06,3.699,3.5,3.75,3.75,8.0,491283.0
2021-08-09,4.0,3.25,3.85,3.75,27.0,226746.0
2021-08-10,4.0,3.26,3.6,3.5,7.0,154707.0
2021-08-11,3.7,3.262,3.6,3.6,6.0,69889.0
2021-08-12,3.5,3.2,3.35,3.6,15.0,216262.0
2021-08-13,3.5,3.3,3.35,3.35,7.0,375793.0
2021-08-16,3.5,3.285,3.35,3.35,6.0,210639.0
2021-08-17,3.68,3.325,3.55,3.35,20.0,543669.0
2021-08-18,3.68,3.45,3.55,3.55,5.0,101136.0
2021-08-19,3.45,3.45,3.55,3.55,2.0,29376.0
2021-08-20,3.68,3.35,3.55,3.55,9.0,24884.0
2021-08-23,3.74,3.74,3.55,3.55,1.0,26624.0
2021-08-24,3.74,3.4,3.55,3.55,6.0,656839.0
2021-08-25,3.47,3.3,3.4,3.55,5.0,1230660.0
2021-08-26,3.7,3.3,3.45,3.4,13.0,602254.0
2021-08-27,3.6,3.35,3.45,3.45,8.0,583205.0
2021-08-30,3.45,3.45,3.45,3.45,0.0,0.0
2021-08-31,3.45,3.3,3.45,3.45,8.0,254282.0
2021-09-01,3.39,3.39,3.45,3.45,10.0,21884.0
2021-09-02,3.5,3.3,3.4,3.45,8.0,56017.0
2021-09-03,3.411,3.377,3.45,3.4,5.0,52565.0
2021-09-06,3.477,3.377,3.45,3.45,9.0,146930.0
2021-09-07,3.38,3.38,3.45,3.45,1.0,1000.0
2021-09-08,3.46,3.388,3.45,3.45,10.0,136426.0
2021-09-09,3.45,3.393,3.45,3.45,6.0,105513.0
2021-09-10,3.5,3.3,3.4,3.45,8.0,59105.0
2021-09-13,3.38,3.38,3.4,3.4,4.0,16638.0
2021-09-14,3.393,3.377,3.4,3.4,2.0,5647.0
2021-09-15,3.45,3.332,3.4,3.4,7.0,23561.0
2021-09-16,3.45,3.333,3.4,3.4,4.0,102104.0
2021-09-17,3.6,3.3,3.45,3.4,8.0,196151.0
2021-09-20,3.8,3.3,3.5,3.45,13.0,284871.0
2021-09-21,3.8314,3.3,3.7,3.5,21.0,761847.0
2021-09-22,3.69,3.5,3.65,3.7,6.0,168135.0
2021-09-23,3.688,3.535,3.65,3.65,3.0,161740.0
2021-09-24,3.7067,3.5,3.65,3.65,8.0,594911.0
2021-09-27,3.785,3.6,3.65,3.65,3.0,26201.0
2021-09-28,3.688,3.5,3.6,3.65,4.0,29667.0
2021-09-29,3.875,3.777,3.75,3.75,5.0,106211.0
2021-09-30,3.8,3.5,3.65,3.75,12.0,693844.0
2021-10-01,3.64,3.5,3.65,3.65,4.0,110650.0
2021-10-04,3.75,3.5,3.65,3.65,10.0,350727.0
2021-10-05,3.8,3.5,3.5,3.65,8.0,231109.0
2021-10-06,3.55,3.212,3.35,3.5,12.0,115829.0
2021-10-07,3.44,3.212,3.35,3.35,6.0,21341.0
2021-10-08,3.212,3.212,3.35,3.35,1.0,2934.0
2021-10-11,3.5,3.212,3.26,3.35,15.0,367831.0
2021-10-12,3.475,3.286,3.375,3.375,5.0,62420.0
2021-10-13,3.475,3.286,3.375,3.375,9.0,132543.0
2021-10-14,3.485,3.288,3.375,3.375,6.0,81957.0
2021-10-15,3.4725,3.29,3.375,3.375,5.0,104943.0
2021-10-18,3.4725,3.4625,3.375,3.375,4.0,129933.0
2021-10-19,3.29,3.275,3.375,3.375,3.0,258395.0
2021-10-20,3.288,3.255,3.375,3.375,3.0,244614.0
2021-10-21,3.4,3.25,3.375,3.375,3.0,44473.0
2021-10-22,3.5,3.0,3.25,3.375,17.0,255871.0
2021-10-25,3.275,3.03,3.25,3.25,7.0,205116.0
2021-10-26,3.34,3.01,3.34,3.25,4.0,58834.0
2021-10-27,3.01,3.01,3.25,3.25,1.0,2794.0
2021-10-28,3.34,3.25,3.25,3.25,3.0,63339.0
2021-10-29,3.25,3.0,3.125,3.25,14.0,371593.0
2021-11-01,3.25,3.05,3.125,3.125,5.0,155403.0
2021-11-02,3.25,3.0,3.1,3.125,16.0,185949.0
2021-11-03,3.1,3.004,3.1,3.1,3.0,1068.0
2021-11-04,3.1,3.0,3.1,3.1,2.0,11450.0
2021-11-05,3.2,2.85,3.2,3.1,8.0,229698.0
2021-11-08,3.2,2.8,3.0,3.1,18.0,604845.0
2021-11-09,2.82,2.8,3.0,3.0,6.0,207177.0
2021-11-10,3.2,2.7,2.85,3.0,15.0,297683.0
2021-11-11,2.9,2.888,2.85,2.85,2.0,29000.0
2021-11-12,2.898,2.72,2.85,2.85,11.0,153708.0
2021-11-15,2.898,2.72,2.85,2.85,8.0,15271.0
2021-11-16,4.45,2.75,3.85,3.0,179.0,10026460.0
2021-11-17,4.052,3.5,3.68,4.0,37.0,1382401.0
2021-11-18,3.648,3.504,3.6,3.6,11.0,404328.0
2021-11-19,3.6,3.555,3.6,3.6,2.0,61000.0
2021-11-22,3.574,3.4,3.5,3.55,11.0,104922.0
2021-11-23,3.54,3.4,3.5,3.5,4.0,26289.0
2021-11-24,3.574,3.2,3.35,3.5,15.0,465328.0
2021-11-25,3.5,3.215,3.35,3.35,5.0,147549.0
2021-11-26,3.5,3.025,3.25,3.25,6.0,49793.0
2021-11-29,3.21,3.025,3.25,3.25,3.0,10184.0
2021-11-30,3.202,3.0,3.15,3.25,9.0,158419.0
2021-12-01,3.077,3.0,3.125,3.15,5.0,49642.0
2021-12-02,3.08,2.9175,3.0,3.125,5.0,371530.0
2021-12-03,3.19,2.907,3.075,3.0,4.0,136858.0
2021-12-06,3.14,2.907,3.075,3.075,5.0,254987.0
2021-12-07,3.165,2.907,3.075,3.075,3.0,33491.0
2021-12-08,2.92,2.9,3.05,3.075,3.0,12653.0
2021-12-09,3.2,2.9,3.05,3.05,3.0,214197.0
2021-12-10,3.25,2.906,3.075,3.05,7.0,171405.0
2021-12-13,3.2,2.9,2.9,3.075,13.0,218603.0
2021-12-14,3.285,2.9,3.15,3.05,17.0,881986.0
2021-12-15,3.285,3.088,3.15,3.15,2.0,197.0
2021-12-16,3.1,3.088,3.15,3.15,2.0,48617.0
2021-12-17,3.215,3.05,3.15,3.15,10.0,508893.0
2021-12-20,3.05,3.006,3.15,3.15,2.0,5620.0
2021-12-21,3.145,3.006,3.15,3.15,5.0,29929.0
2021-12-22,3.125,3.006,3.15,3.15,2.0,5294.0
2021-12-23,3.47,3.285,3.4,3.15,8.0,196092.0
2021-12-24,3.45,3.333,3.4,3.4,2.0,20318.0
2021-12-27,3.4,3.4,3.4,3.4,0.0,0.0
2021-12-28,3.4,3.4,3.4,3.4,0.0,0.0
2021-12-29,3.8,3.333,3.7,3.4,15.0,1474954.0
2021-12-30,3.85,3.5,3.6,3.7,11.0,237939.0
2021-12-31,3.871,3.55,3.7,3.65,8.0,373400.0
2022-01-03,3.7,3.7,3.7,3.7,0.0,0.0
2022-01-04,3.9,3.5,3.7,3.7,6.0,43308.0
2022-01-05,3.866,3.715,3.7,3.7,8.0,29053.0
2022-01-06,4.0,3.7,3.75,3.7,10.0,137672.0
2022-01-07,4.95,3.723,4.5,3.75,103.0,3359850.0
2022-01-10,4.62,4.2,4.5,4.5,32.0,702857.0
2022-01-11,4.5,4.3,4.4,4.35,11.0,199158.0
2022-01-12,4.471,4.29,4.29,4.4,7.0,95000.0
2022-01-13,4.6,4.3,4.45,4.35,15.0,365935.0
2022-01-14,4.785,4.4,4.7,4.45,21.0,2048388.0
2022-01-17,4.9,4.58,4.58,4.7,13.0,1003534.0
2022-01-18,5.5,4.752,5.5,4.8,46.0,2339143.0
2022-01-19,5.5,4.804,4.9,5.5,30.0,2044831.0
2022-01-20,5.0,4.7,4.85,4.9,8.0,69405.0
2022-01-21,5.0,4.504,4.6,4.85,8.0,492412.0
2022-01-24,4.585,4.2885,4.375,4.6,9.0,200624.0
2022-01-25,4.5,4.25,4.35,4.375,9.0,416379.0
2022-01-26,4.318,4.315,4.35,4.35,4.0,19430.0
2022-01-27,4.5,4.0,4.2,4.35,9.0,196362.0
2022-01-28,4.34,4.175,4.2,4.2,5.0,105295.0
2022-01-31,4.185,4.185,4.2,4.2,2.0,11713.0
2022-02-01,4.1875,4.0,4.15,4.2,5.0,142574.0
2022-02-02,4.5,4.2,4.46,4.3,18.0,415854.0
2022-02-03,4.5,4.2,4.35,4.4,6.0,94467.0
2022-02-04,4.333,4.206,4.35,4.35,6.0,144591.0
2022-02-07,4.212,4.2,4.35,4.35,3.0,58102.0
2022-02-08,4.5,4.1,4.2,4.35,11.0,423504.0
2022-02-09,4.3,4.18,4.3,4.2,4.0,191762.0
2022-02-10,4.5,4.2,4.35,4.3,14.0,312687.0
2022-02-11,4.45,4.2511,4.35,4.35,4.0,23420.0
2022-02-14,4.3,4.125,4.2,4.35,7.0,288349.0
2022-02-15,4.29,4.1,4.2,4.2,5.0,75108.0
2022-02-16,4.28,4.14,4.2,4.2,5.0,105122.0
2022-02-17,4.3,4.2,4.25,4.2,6.0,23564.0
2022-02-18,4.29,4.2,4.3,4.25,5.0,94435.0
2022-02-21,4.21,4.15,4.2,4.3,4.0,93113.0
2022-02-22,4.29,4.28,4.2,4.2,3.0,38177.0
2022-02-23,4.29,4.155,4.2,4.2,3.0,5582.0
2022-02-24,4.3,4.0,4.15,4.2,9.0,145054.0
2022-02-25,4.5,4.0,4.3,4.15,16.0,776231.0
2022-02-28,4.5,4.0,4.25,4.25,7.0,61112.0
2022-03-01,4.3,4.0,4.125,4.25,13.0,519309.0
2022-03-02,4.065,4.065,4.125,4.125,1.0,57341.0
2022-03-03,4.5,4.0,4.25,4.125,16.0,167548.0
2022-03-04,4.2,3.9,3.9,4.1,18.0,584068.0
2022-03-07,3.9,3.815,3.9,3.9,2.0,495.0
2022-03-08,3.941,3.815,3.9,3.9,2.0,20050.0
2022-03-09,3.941,3.81,3.9,3.9,8.0,158901.0
2022-03-10,3.941,3.8,3.9,3.9,4.0,1522.0
2022-03-11,3.94,3.825,3.9,3.9,4.0,1856.0
2022-03-14,4.2,3.8,4.0,3.9,19.0,7491594.0
2022-03-15,3.9322,3.8533,4.0,4.0,8.0,57842.0
2022-03-16,3.929,3.8,3.9,4.0,11.0,216683.0
2022-03-17,4.0,3.82,3.9,3.9,5.0,1033801.0
2022-03-18,3.844,3.8,4.0,4.0,3.0,200673.0
2022-03-21,3.85,3.844,4.0,4.0,2.0,10633.0
2022-03-22,4.14,3.999,4.0,4.0,5.0,813500.0
2022-03-23,3.999,3.8,4.0,4.0,7.0,54552.0
2022-03-24,3.844,3.808,4.0,4.0,2.0,42650.0
2022-03-25,3.986,3.8122,4.0,4.0,3.0,13888.0
2022-03-28,4.072,3.8,4.0,4.0,4.0,6384.0
2022-03-29,4.0,3.7,3.85,4.0,13.0,768828.0
2022-03-30,3.82,3.7,3.85,3.85,11.0,372578.0
2022-03-31,3.97,3.725,3.85,3.85,6.0,5983.0
2022-04-01,3.95,3.725,3.85,3.85,8.0,44467.0
2022-04-04,3.85,3.85,3.85,3.85,0.0,0.0
2022-04-05,3.85,3.85,3.85,3.85,0.0,0.0
2022-04-06,3.85,3.85,3.85,3.85,0.0,0.0
2022-04-07,3.85,3.85,3.85,3.85,0.0,0.0
2022-04-08,3.85,3.85,3.85,3.85,0.0,0.0
2022-04-11,3.85,3.85,3.85,3.85,0.0,0.0
2022-04-12,3.85,3.85,3.85,3.85,0.0,0.0
2022-04-13,3.85,3.85,3.85,3.85,0.0,0.0
2022-04-14,3.85,3.85,3.85,3.85,0.0,0.0
2022-04-19,3.85,3.85,3.85,3.85,0.0,0.0
2022-04-20,3.85,3.85,3.85,3.85,0.0,0.0
2022-04-21,3.85,3.85,3.85,3.85,0.0,0.0
2022-04-22,3.85,3.85,3.85,3.85,0.0,0.0
2022-04-25,3.85,3.85,3.85,3.85,0.0,0.0
2022-04-26,3.85,3.85,3.85,3.85,0.0,0.0
2022-04-27,3.85,3.85,3.85,3.85,0.0,0.0
2022-04-28,3.85,3.85,3.85,3.85,0.0,0.0
2022-04-29,3.85,3.85,3.85,3.85,0.0,0.0
2022-05-02,3.85,3.85,3.85,3.85,0.0,0.0
2022-05-03,3.85,3.85,3.85,3.85,0.0,0.0
2022-05-04,3.85,3.85,3.85,3.85,0.0,0.0
2022-05-05,3.85,3.85,3.85,3.85,0.0,0.0
2022-05-06,3.85,3.85,3.85,3.85,0.0,0.0
2022-05-09,3.85,3.85,3.85,3.85,0.0,0.0
2022-05-10,3.85,3.85,3.85,3.85,0.0,0.0
2022-05-11,3.85,3.85,3.85,3.85,0.0,0.0
2022-05-12,3.85,3.85,3.85,3.85,0.0,0.0
2022-05-13,3.85,3.85,3.85,3.85,0.0,0.0
2022-05-16,3.85,3.85,3.85,3.85,0.0,0.0
2022-05-17,3.85,3.85,3.85,3.85,0.0,0.0
2022-05-18,3.85,3.85,3.85,3.85,0.0,0.0
2022-05-19,3.85,3.85,3.85,3.85,0.0,0.0
2022-05-20,3.85,3.85,3.85,3.85,0.0,0.0
2022-05-23,3.85,3.85,3.85,3.85,0.0,0.0
2022-05-24,3.85,3.85,3.85,3.85,0.0,0.0
2022-05-25,3.85,3.85,3.85,3.85,0.0,0.0
2022-05-26,3.85,3.85,3.85,3.85,0.0,0.0
2022-05-27,3.85,3.85,3.85,3.85,0.0,0.0
2022-05-30,3.85,3.85,3.85,3.85,0.0,0.0
2022-05-31,3.85,3.85,3.85,3.85,0.0,0.0
2022-06-01,3.85,3.85,3.85,3.85,0.0,0.0
2022-06-02,3.85,3.85,3.85,3.85,0.0,0.0
2022-06-03,3.85,3.85,3.85,3.85,0.0,0.0
2022-06-06,3.85,3.85,3.85,3.85,0.0,0.0
2022-06-07,3.85,3.85,3.85,3.85,0.0,0.0
2022-06-08,3.85,3.85,3.85,3.85,0.0,0.0
2022-06-09,3.85,3.85,3.85,3.85,0.0,0.0
2022-06-10,3.85,3.85,3.85,3.85,0.0,0.0
2022-06-13,3.85,3.85,3.85,3.85,0.0,0.0
2022-06-14,3.85,3.85,3.85,3.85,0.0,0.0
2022-06-15,3.85,3.85,3.85,3.85,0.0,0.0
2022-06-16,3.85,3.85,3.85,3.85,0.0,0.0
2022-06-17,3.85,3.85,3.85,3.85,0.0,0.0
2022-06-20,3.85,3.85,3.85,3.85,0.0,0.0
2022-06-21,3.85,3.85,3.85,3.85,0.0,0.0
2022-06-22,3.85,3.85,3.85,3.85,0.0,0.0
2022-06-23,3.85,3.85,3.85,3.85,0.0,0.0
2022-06-24,3.85,3.85,3.85,3.85,0.0,0.0
2022-06-27,3.85,3.85,3.85,3.85,0.0,0.0
2022-06-28,3.85,3.85,3.85,3.85,0.0,0.0
2022-06-29,3.85,3.85,3.85,3.85,0.0,0.0
2022-06-30,3.85,3.85,3.85,3.85,0.0,0.0
2022-07-01,3.85,3.85,3.85,3.85,0.0,0.0
2022-07-04,3.85,3.85,3.85,3.85,0.0,0.0
2022-07-05,3.85,3.85,3.85,3.85,0.0,0.0
2022-07-06,3.85,3.85,3.85,3.85,0.0,0.0
2022-07-07,3.85,3.85,3.85,3.85,0.0,0.0
2022-07-08,3.85,3.85,3.85,3.85,0.0,0.0
2022-07-11,3.85,3.85,3.85,3.85,0.0,0.0
2022-07-12,3.85,3.85,3.85,3.85,0.0,0.0
2022-07-13,3.85,3.85,3.85,3.85,0.0,0.0
2022-07-14,3.85,3.85,3.85,3.85,0.0,0.0
2022-07-15,3.85,3.85,3.85,3.85,0.0,0.0
2022-07-18,3.85,3.85,3.85,3.85,0.0,0.0
2022-07-19,3.85,3.85,3.85,3.85,0.0,0.0
2022-07-20,3.85,3.85,3.85,3.85,0.0,0.0
2022-07-21,3.85,3.85,3.85,3.85,0.0,0.0
2022-07-22,3.85,3.85,3.85,3.85,0.0,0.0
2022-07-25,3.85,3.85,3.85,3.85,0.0,0.0
2022-07-26,3.85,3.85,3.85,3.85,0.0,0.0
2022-07-27,3.85,3.85,3.85,3.85,0.0,0.0
2022-07-28,3.85,3.85,3.85,3.85,0.0,0.0
2022-07-29,3.85,3.85,3.85,3.85,0.0,0.0
2022-08-01,3.85,3.85,3.85,3.85,0.0,0.0
2022-08-02,3.85,3.85,3.85,3.85,0.0,0.0
2022-08-03,3.85,3.85,3.85,3.85,0.0,0.0
2022-08-04,3.85,3.85,3.85,3.85,0.0,0.0
2022-08-05,3.85,3.85,3.85,3.85,0.0,0.0
2022-08-08,3.85,3.85,3.85,3.85,0.0,0.0
2022-08-09,3.85,3.85,3.85,3.85,0.0,0.0
2022-08-10,3.85,3.85,3.85,3.85,0.0,0.0
2022-08-11,3.85,3.85,3.85,3.85,0.0,0.0
2022-08-12,3.85,3.85,3.85,3.85,0.0,0.0
2022-08-15,3.85,3.85,3.85,3.85,0.0,0.0
2022-08-16,3.85,3.85,3.85,3.85,0.0,0.0
2022-08-17,3.85,3.85,3.85,3.85,0.0,0.0
2022-08-18,3.85,3.85,3.85,3.85,0.0,0.0
2022-08-19,3.85,3.85,3.85,3.85,0.0,0.0
2022-08-22,3.85,3.85,3.85,3.85,0.0,0.0
2022-08-23,3.85,3.85,3.85,3.85,0.0,0.0
2022-08-24,3.85,3.85,3.85,3.85,0.0,0.0
2022-08-25,3.85,3.85,3.85,3.85,0.0,0.0
2022-08-26,3.85,3.85,3.85,3.85,0.0,0.0
2022-08-29,3.85,3.85,3.85,3.85,0.0,0.0
2022-08-30,3.85,3.85,3.85,3.85,0.0,0.0
2022-08-31,3.85,3.85,3.85,3.85,0.0,0.0
2022-09-01,3.85,3.85,3.85,3.85,0.0,0.0
2022-09-02,3.85,3.85,3.85,3.85,0.0,0.0
2022-09-05,3.85,3.85,3.85,3.85,0.0,0.0
2022-09-06,3.85,3.85,3.85,3.85,0.0,0.0
2022-09-07,3.85,3.85,3.85,3.85,0.0,0.0
2022-09-08,3.85,3.85,3.85,3.85,0.0,0.0
2022-09-09,3.85,3.85,3.85,3.85,0.0,0.0
2022-09-12,3.85,3.85,3.85,3.85,0.0,0.0
2022-09-13,3.85,3.85,3.85,3.85,0.0,0.0
2022-09-14,3.85,3.85,3.85,3.85,0.0,0.0
2022-09-15,3.85,3.85,3.85,3.85,0.0,0.0
2022-09-16,3.85,3.85,3.85,3.85,0.0,0.0
2022-09-19,3.85,3.85,3.85,3.85,0.0,0.0
2022-09-20,3.85,3.85,3.85,3.85,0.0,0.0
2022-09-21,3.85,3.85,3.85,3.85,0.0,0.0
2022-09-22,3.85,3.85,3.85,3.85,0.0,0.0
2022-09-23,3.85,3.85,3.85,3.85,0.0,0.0
2022-09-26,3.85,3.85,3.85,3.85,0.0,0.0
2022-09-27,3.85,3.85,3.85,3.85,0.0,0.0
2022-09-28,3.85,3.85,3.85,3.85,0.0,0.0
2022-09-29,3.85,3.85,3.85,3.85,0.0,0.0
2022-09-30,3.85,3.85,3.85,3.85,0.0,0.0
2022-10-03,3.85,3.85,3.85,3.85,0.0,0.0
2022-10-04,3.85,3.85,3.85,3.85,0.0,0.0
2022-10-05,3.85,3.85,3.85,3.85,0.0,0.0
2022-10-06,3.85,3.85,3.85,3.85,0.0,0.0
2022-10-07,3.85,3.85,3.85,3.85,0.0,0.0
2022-10-10,3.85,3.85,3.85,3.85,0.0,0.0
2022-10-11,3.85,3.85,3.85,3.85,0.0,0.0
2022-10-12,3.85,3.85,3.85,3.85,0.0,0.0
2022-10-13,3.85,3.85,3.85,3.85,0.0,0.0
2022-10-14,3.85,3.85,3.85,3.85,0.0,0.0
2022-10-17,3.85,3.85,3.85,3.85,0.0,0.0
2022-10-18,3.85,3.85,3.85,3.85,0.0,0.0
2022-10-19,3.85,3.85,3.85,3.85,0.0,0.0
2022-10-20,3.85,3.85,3.85,3.85,0.0,0.0
2022-10-21,3.85,3.85,3.85,3.85,0.0,0.0
2022-10-24,3.85,3.85,3.85,3.85,0.0,0.0
2022-10-25,3.85,3.85,3.85,3.85,0.0,0.0
2022-10-26,3.85,3.85,3.85,3.85,0.0,0.0
2022-10-27,3.85,3.85,3.85,3.85,0.0,0.0
2022-10-28,3.85,3.85,3.85,3.85,0.0,0.0
2022-10-31,3.85,3.85,3.85,3.85,0.0,0.0
2022-11-01,3.85,3.85,3.85,3.85,0.0,0.0
2022-11-02,3.85,3.85,3.85,3.85,0.0,0.0
2022-11-03,3.85,3.85,3.85,3.85,0.0,0.0
2022-11-04,3.85,3.85,3.85,3.85,0.0,0.0
2022-11-07,3.85,3.85,3.85,3.85,0.0,0.0
2022-11-08,3.85,3.85,3.85,3.85,0.0,0.0
2022-11-09,3.85,3.85,3.85,3.85,0.0,0.0
2022-11-10,3.85,3.85,3.85,3.85,0.0,0.0
2022-11-11,3.85,3.85,3.85,3.85,0.0,0.0
2022-11-14,3.85,3.85,3.85,3.85,0.0,0.0
2022-11-15,3.85,3.85,3.85,3.85,0.0,0.0
2022-11-16,3.85,3.85,3.85,3.85,0.0,0.0
2022-11-17,3.85,3.85,3.85,3.85,0.0,0.0
2022-11-18,3.85,3.85,3.85,3.85,0.0,0.0
2022-11-21,3.85,3.85,3.85,3.85,0.0,0.0
2022-11-22,3.85,3.85,3.85,3.85,0.0,0.0
2022-11-23,3.85,3.85,3.85,3.85,0.0,0.0
2022-11-24,3.85,3.85,3.85,3.85,0.0,0.0
2022-11-25,3.85,3.85,3.85,3.85,0.0,0.0
2022-11-28,3.85,3.85,3.85,3.85,0.0,0.0
2022-11-29,3.85,3.85,3.85,3.85,0.0,0.0
2022-11-30,3.85,3.85,3.85,3.85,0.0,0.0
2022-12-01,3.85,3.85,3.85,3.85,0.0,0.0
2022-12-02,3.85,3.85,3.85,3.85,0.0,0.0
2022-12-05,3.85,3.85,3.85,3.85,0.0,0.0
2022-12-06,3.85,3.85,3.85,3.85,0.0,0.0
2022-12-07,3.85,3.85,3.85,3.85,0.0,0.0
2022-12-08,3.85,3.85,3.85,3.85,0.0,0.0
2022-12-09,3.85,3.85,3.85,3.85,0.0,0.0
2022-12-12,3.85,3.85,3.85,3.85,0.0,0.0
2022-12-13,3.85,3.85,3.85,3.85,0.0,0.0
2022-12-14,3.85,3.85,3.85,3.85,0.0,0.0
2022-12-15,3.85,3.85,3.85,3.85,0.0,0.0
2022-12-16,3.85,3.85,3.85,3.85,0.0,0.0
2022-12-19,3.85,3.85,3.85,3.85,0.0,0.0
2022-12-20,3.85,3.85,3.85,3.85,0.0,0.0
2022-12-21,3.85,3.85,3.85,3.85,0.0,0.0
2022-12-22,3.85,3.85,3.85,3.85,0.0,0.0
2022-12-23,3.85,3.85,3.85,3.85,0.0,0.0
2022-12-27,3.85,3.85,3.85,3.85,0.0,0.0
2022-12-28,3.85,3.85,3.85,3.85,0.0,0.0
2022-12-29,3.85,3.85,3.85,3.85,0.0,0.0
2022-12-30,3.85,3.85,3.85,3.85,0.0,0.0
2023-01-02,3.85,3.85,3.85,3.85,0.0,0.0
2023-01-03,3.85,3.85,3.85,3.85,0.0,0.0
2023-01-04,3.85,3.85,3.85,3.85,0.0,0.0
2023-01-05,3.85,3.85,3.85,3.85,0.0,0.0
2023-01-06,3.85,3.85,3.85,3.85,0.0,0.0
2023-01-09,3.85,3.85,3.85,3.85,0.0,0.0
2023-01-10,3.85,3.85,3.85,3.85,0.0,0.0
2023-01-11,3.85,3.85,3.85,3.85,0.0,0.0
2023-01-12,3.85,3.85,3.85,3.85,0.0,0.0
2023-01-13,3.85,3.85,3.85,3.85,0.0,0.0
2023-01-16,3.85,3.85,3.85,3.85,0.0,0.0
2023-01-17,3.85,3.85,3.85,3.85,0.0,0.0
2023-01-18,3.85,3.85,3.85,3.85,0.0,0.0
2023-01-19,3.85,3.85,3.85,3.85,0.0,0.0
2023-01-20,3.85,3.85,3.85,3.85,0.0,0.0
2023-01-23,3.85,3.85,3.85,3.85,0.0,0.0
2023-01-24,3.85,3.85,3.85,3.85,0.0,0.0
2023-01-25,3.85,3.85,3.85,3.85,0.0,0.0
2023-01-26,3.85,3.85,3.85,3.85,0.0,0.0
2023-01-27,3.85,3.85,3.85,3.85,0.0,0.0
2023-01-30,3.85,3.85,3.85,3.85,0.0,0.0
2023-01-31,3.85,3.85,3.85,3.85,0.0,0.0
2023-02-01,3.85,3.85,3.85,3.85,0.0,0.0
2023-02-02,3.85,3.85,3.85,3.85,0.0,0.0
2023-02-03,3.85,3.85,3.85,3.85,0.0,0.0
2023-02-06,3.85,3.85,3.85,3.85,0.0,0.0
2023-02-07,3.85,3.85,3.85,3.85,0.0,0.0
2023-02-08,3.85,3.85,3.85,3.85,0.0,0.0
2023-02-09,3.85,3.85,3.85,3.85,0.0,0.0
2023-02-10,3.85,3.85,3.85,3.85,0.0,0.0
2023-02-13,3.85,3.85,3.85,3.85,0.0,0.0
2023-02-14,3.85,3.85,3.85,3.85,0.0,0.0
2023-02-15,3.85,3.85,3.85,3.85,0.0,0.0
2023-02-16,3.85,3.85,3.85,3.85,0.0,0.0
2023-02-17,3.85,3.85,3.85,3.85,0.0,0.0
2023-02-20,3.85,3.85,3.85,3.85,0.0,0.0
2023-02-21,3.85,3.85,3.85,3.85,0.0,0.0
2023-02-22,3.85,3.85,3.85,3.85,0.0,0.0
2023-02-23,3.85,3.85,3.85,3.85,0.0,0.0
2023-02-24,3.85,3.85,3.85,3.85,0.0,0.0
2023-02-27,3.85,3.85,3.85,3.85,0.0,0.0
2023-02-28,3.85,3.85,3.85,3.85,0.0,0.0
2023-03-01,3.85,3.85,3.85,3.85,0.0,0.0
2023-03-02,3.85,3.85,3.85,3.85,0.0,0.0
2023-03-03,3.85,3.85,3.85,3.85,0.0,0.0
2023-03-06,3.85,3.85,3.85,3.85,0.0,0.0
2023-03-07,3.85,3.85,3.85,3.85,0.0,0.0
2023-03-08,3.85,3.85,3.85,3.85,0.0,0.0
2023-03-09,3.85,3.85,3.85,3.85,0.0,0.0
2023-03-10,3.85,3.85,3.85,3.85,0.0,0.0
2023-03-13,3.85,3.85,3.85,3.85,0.0,0.0
2023-03-14,3.85,3.85,3.85,3.85,0.0,0.0
2023-03-15,3.85,3.85,3.85,3.85,0.0,0.0
2023-03-16,3.85,3.85,3.85,3.85,0.0,0.0
2023-03-17,3.85,3.85,3.85,3.85,0.0,0.0
2023-03-20,3.85,3.85,3.85,3.85,0.0,0.0
2023-03-21,3.85,3.85,3.85,3.85,0.0,0.0
2023-03-22,3.85,3.85,3.85,3.85,0.0,0.0
2023-03-23,3.85,3.85,3.85,3.85,0.0,0.0
2023-03-24,3.85,3.85,3.85,3.85,0.0,0.0
2023-03-27,3.85,3.85,3.85,3.85,0.0,0.0
2023-03-28,3.85,3.85,3.85,3.85,0.0,0.0
2023-03-29,3.85,3.85,3.85,3.85,0.0,0.0
2023-03-30,3.85,3.85,3.85,3.85,0.0,0.0
2023-03-31,3.85,3.85,3.85,3.85,0.0,0.0
2023-04-03,3.85,3.85,3.85,3.85,0.0,0.0
2023-04-04,3.85,3.85,3.85,3.85,0.0,0.0
2023-04-05,3.85,3.85,3.85,3.85,0.0,0.0
2023-04-06,3.85,3.85,3.85,3.85,0.0,0.0
2023-04-11,3.85,3.85,3.85,3.85,0.0,0.0
2023-04-12,3.85,3.85,3.85,3.85,0.0,0.0
2023-04-13,3.85,3.85,3.85,3.85,0.0,0.0
2023-04-14,3.85,3.85,3.85,3.85,0.0,0.0
2023-04-17,3.85,3.85,3.85,3.85,0.0,0.0
2023-04-18,3.85,3.85,3.85,3.85,0.0,0.0
2023-04-19,3.85,3.85,3.85,3.85,0.0,0.0
2023-04-20,3.85,3.85,3.85,3.85,0.0,0.0
2023-04-21,3.85,3.85,3.85,3.85,0.0,0.0
2023-04-24,3.85,3.85,3.85,3.85,0.0,0.0
2023-04-25,3.85,3.85,3.85,3.85,0.0,0.0
2023-04-26,3.85,3.85,3.85,3.85,0.0,0.0
2023-04-27,3.85,3.85,3.85,3.85,0.0,0.0
2023-04-28,3.85,3.85,3.85,3.85,0.0,0.0
2023-05-02,3.85,3.85,3.85,3.85,0.0,0.0
2023-05-03,3.85,3.85,3.85,3.85,0.0,0.0
2023-05-04,3.85,3.85,3.85,3.85,0.0,0.0
2023-05-05,3.85,3.85,3.85,3.85,0.0,0.0
2023-05-08,3.85,3.85,3.85,3.85,0.0,0.0
2023-05-09,3.85,3.85,3.85,3.85,0.0,0.0
2023-05-10,3.85,3.85,3.85,3.85,0.0,0.0
2023-05-11,3.85,3.85,3.85,3.85,0.0,0.0
2023-05-12,3.85,3.85,3.85,3.85,0.0,0.0
2023-05-15,3.85,3.85,3.85,3.85,0.0,0.0
2023-05-16,3.85,3.85,3.85,3.85,0.0,0.0
2023-05-17,3.85,3.85,3.85,3.85,0.0,0.0
2023-05-18,3.85,3.85,3.85,3.85,0.0,0.0
2023-05-19,3.85,3.85,3.85,3.85,0.0,0.0
2023-05-22,3.85,3.85,3.85,3.85,0.0,0.0
2023-05-23,3.85,3.85,3.85,3.85,0.0,0.0
2023-05-24,3.85,3.85,3.85,3.85,0.0,0.0
2023-05-25,3.85,3.85,3.85,3.85,0.0,0.0
2023-05-26,3.85,3.85,3.85,3.85,0.0,0.0
2023-05-29,3.85,3.85,3.85,3.85,0.0,0.0
2023-05-30,3.85,3.85,3.85,3.85,0.0,0.0
2023-05-31,3.85,3.85,3.85,3.85,0.0,0.0
2023-06-01,3.85,3.85,3.85,3.85,0.0,0.0
2023-06-02,3.85,3.85,3.85,3.85,0.0,0.0
2023-06-05,3.85,3.85,3.85,3.85,0.0,0.0
2023-06-06,3.85,3.85,3.85,3.85,0.0,0.0
2023-06-07,3.85,3.85,3.85,3.85,0.0,0.0
2023-06-08,3.85,3.85,3.85,3.85,0.0,0.0
2023-06-09,3.85,3.85,3.85,3.85,0.0,0.0
2023-06-12,3.85,3.85,3.85,3.85,0.0,0.0
2023-06-13,3.85,3.85,3.85,3.85,0.0,0.0
2023-06-14,3.85,3.85,3.85,3.85,0.0,0.0
2023-06-15,3.85,3.85,3.85,3.85,0.0,0.0
2023-06-16,3.85,3.85,3.85,3.85,0.0,0.0
2023-06-19,3.85,3.85,3.85,3.85,0.0,0.0
2023-06-20,3.85,3.85,3.85,3.85,0.0,0.0
2023-06-21,3.85,3.85,3.85,3.85,0.0,0.0
2023-06-22,3.85,3.85,3.85,3.85,0.0,0.0
2023-06-23,3.85,3.85,3.85,3.85,0.0,0.0
2023-06-26,3.85,3.85,3.85,3.85,0.0,0.0
2023-06-27,3.85,3.85,3.85,3.85,0.0,0.0
2023-06-28,3.85,3.85,3.85,3.85,0.0,0.0
2023-06-29,3.85,3.85,3.85,3.85,0.0,0.0
2023-06-30,3.85,3.85,3.85,3.85,0.0,0.0
2023-07-03,3.85,3.85,3.85,3.85,0.0,0.0
2023-07-04,3.85,3.85,3.85,3.85,0.0,0.0
2023-07-05,3.85,3.85,3.85,3.85,0.0,0.0
2023-07-06,3.85,3.85,3.85,3.85,0.0,0.0
2023-07-07,3.85,3.85,3.85,3.85,0.0,0.0
2023-07-10,3.85,3.85,3.85,3.85,0.0,0.0
2023-07-11,3.85,3.85,3.85,3.85,0.0,0.0
2023-07-12,3.85,3.85,3.85,3.85,0.0,0.0
2023-07-13,3.85,3.85,3.85,3.85,0.0,0.0
2023-07-14,3.85,3.85,3.85,3.85,0.0,0.0
2023-07-17,3.85,3.85,3.85,3.85,0.0,0.0
2023-07-18,3.85,3.85,3.85,3.85,0.0,0.0
2023-07-19,3.85,3.85,3.85,3.85,0.0,0.0
2023-07-20,3.85,3.85,3.85,3.85,0.0,0.0
2023-07-21,3.85,3.85,3.85,3.85,0.0,0.0
2023-07-24,3.85,3.85,3.85,3.85,0.0,0.0
2023-07-25,3.85,3.85,3.85,3.85,0.0,0.0
2023-07-26,3.85,3.85,3.85,3.85,0.0,0.0
2023-07-27,3.85,3.85,3.85,3.85,0.0,0.0
