Date,HIGH,LOW,CLOSE,OPEN,COUNT,VOLUME
2003-11-14,5.40246,5.30091,5.38215,5.30091,0.0,14006781.0
2003-11-17,5.371995,5.250135,5.275522,5.36184,0.0,1241250.0
2003-11-18,5.23998,5.15874,5.15874,5.23998,0.0,603646.0
2003-11-19,5.09781,5.006415,5.03688,5.09781,0.0,6705438.0
2003-11-20,5.01657,4.97595,4.981027,5.01657,0.0,5454075.0
2003-11-21,4.97595,4.950562,4.950562,4.97595,0.0,3835431.0
2003-11-24,4.95564,4.93533,4.93533,4.95564,0.0,753538.0
2003-11-25,4.945485,4.91502,4.93533,4.93533,0.0,381693.0
2003-11-26,4.99626,4.91502,4.965795,4.91502,0.0,301500.0
2003-11-27,4.97595,4.93533,4.93533,4.93533,0.0,338800.0
2003-11-28,4.97595,4.93533,4.945485,4.93533,0.0,626250.0
2003-12-01,4.99626,4.91502,4.981027,4.97595,0.0,1461654.0
2003-12-02,5.01657,4.95564,5.006415,4.97595,0.0,3736987.0
2003-12-03,5.38215,5.01657,5.2806,5.01657,0.0,1847414.0
2003-12-04,5.2806,5.21967,5.229825,5.2806,0.0,1229323.0
2003-12-05,5.23998,5.19936,5.224747,5.19936,0.0,417590.0
2003-12-08,5.2806,5.21967,5.265367,5.2806,0.0,541370.0
2003-12-09,5.2806,5.229825,5.229825,5.2806,0.0,20000.0
2003-12-10,5.2806,5.17905,5.224747,5.19936,0.0,1455132.0
2003-12-11,5.17905,5.17905,5.209515,5.17905,0.0,704.0
2003-12-12,5.173972,5.173972,5.19936,5.173972,0.0,7067.0
2003-12-15,5.23998,5.19936,5.168895,5.23998,0.0,174220.0
2003-12-16,5.21967,5.148585,5.148585,5.21967,0.0,187160.0
2003-12-17,5.168895,5.148585,5.189205,5.148585,0.0,101450.0
2003-12-18,5.17905,5.15874,5.15874,5.17905,0.0,109869.0
2003-12-19,5.17905,5.11812,5.128275,5.17905,0.0,190000.0
2003-12-22,5.23998,5.13843,5.229825,5.13843,0.0,136350.0
2003-12-23,5.21967,5.21967,5.21967,5.21967,0.0,1.0
2003-12-24,5.209515,5.209515,5.209515,5.209515,0.0,1.0
2003-12-25,5.209515,5.209515,5.209515,5.209515,0.0,0.0
2003-12-26,5.209515,5.209515,5.209515,5.209515,0.0,0.0
2003-12-29,5.17905,5.17905,5.17905,5.17905,0.0,1.0
2003-12-30,5.26029,5.23998,5.26029,5.23998,0.0,157516.0
2003-12-31,5.24784,5.21967,5.209515,5.23998,0.0,85000.0
2004-01-01,5.209515,5.209515,5.209515,5.209515,0.0,0.0
2004-01-02,5.270445,5.19936,5.270445,5.19936,0.0,324282.0
2004-01-04,5.270445,5.270445,5.270445,5.270445,0.0,0.0
2004-01-05,5.23998,5.232465,5.250135,5.232465,0.0,33250.0
2004-01-06,5.279828,5.17905,5.21967,5.17905,0.0,368115.0
2004-01-07,5.2806,5.229825,5.26029,5.26029,0.0,380625.0
2004-01-08,5.282225,5.186768,5.19936,5.26029,0.0,282034.0
2004-01-09,5.19936,5.17905,5.189205,5.19936,0.0,416317.0
2004-01-12,5.209515,5.209515,5.209515,5.209515,0.0,100000.0
2004-01-13,5.23998,5.17905,5.17905,5.17905,0.0,50616.0
2004-01-14,5.133352,5.11812,5.11812,5.133352,0.0,87200.0
2004-01-15,5.17905,5.087046,5.113042,5.17905,0.0,158500.0
2004-01-16,5.082577,4.983058,5.0775,5.0775,0.0,354838.0
2004-01-19,5.186829,5.17905,5.17905,5.17905,0.0,738001.0
2004-01-20,5.32122,5.17905,5.311065,5.17905,0.0,2903015.0
2004-01-21,5.534475,5.42277,5.534475,5.38215,0.0,2263963.0
2004-01-22,5.580172,5.44308,5.534475,5.44308,0.0,1735385.0
2004-01-23,5.58525,5.478216,5.453235,5.534475,0.0,388588.0
2004-01-26,5.52432,5.52432,5.52432,5.52432,0.0,1.0
2004-01-27,5.4837,5.38215,5.412615,5.40246,0.0,21162.0
2004-01-28,5.392305,5.38215,5.392305,5.38215,0.0,160250.0
2004-01-29,5.366917,5.331375,5.366917,5.331375,0.0,38670.0
2004-01-30,5.331375,5.331375,5.346607,5.331375,0.0,50000.0
2004-02-02,5.38215,5.371995,5.371995,5.34153,0.0,341409.0
2004-02-03,5.38215,5.38215,5.356762,5.38215,0.0,610.0
2004-02-04,5.356762,5.356762,5.356762,5.356762,0.0,0.0
2004-02-05,5.344069,5.2806,5.346607,5.331375,0.0,138347.0
2004-02-06,5.352213,5.305987,5.326297,5.34153,0.0,431116.0
2004-02-09,5.371995,5.305987,5.34153,5.305987,0.0,22268.0
2004-02-10,5.34153,5.32122,5.346607,5.34153,0.0,47000.0
2004-02-11,5.36184,5.34153,5.316142,5.34153,0.0,28921.0
2004-02-12,5.38215,5.30091,5.336452,5.32122,0.0,577005.0
2004-02-13,5.36184,5.34153,5.366917,5.34153,0.0,419222.0
2004-02-16,5.371995,5.34153,5.351685,5.36184,0.0,1535727.0
2004-02-17,5.378494,5.343764,5.371995,5.374635,0.0,229029.0
2004-02-18,5.36184,5.356762,5.371995,5.36184,0.0,124254.0
2004-02-19,5.36184,5.36184,5.36184,5.36184,0.0,230200.0
2004-02-20,5.44308,5.32122,5.40246,5.32122,0.0,7703465.0
2004-02-23,5.42277,5.36184,5.42277,5.38215,0.0,731549.0
2004-02-24,5.42277,5.36184,5.42277,5.42277,0.0,274709.0
2004-02-25,5.40246,5.38215,5.392305,5.40246,0.0,218000.0
2004-02-26,5.38215,5.331375,5.34153,5.36184,0.0,155382.0
2004-02-27,5.38215,5.34153,5.351685,5.351685,0.0,44410.0
2004-03-01,5.38215,5.32122,5.38215,5.38215,0.0,456377.0
2004-03-02,5.38215,5.270039,5.351685,5.38215,0.0,373690.0
2004-03-03,5.40246,5.34153,5.377072,5.40246,0.0,481581.0
2004-03-04,5.40246,5.34153,5.346607,5.40246,0.0,1385470.0
2004-03-05,5.350893,5.346607,5.351685,5.346607,0.0,300000.0
2004-03-08,5.38215,5.34153,5.366917,5.34153,0.0,3706080.0
2004-03-09,5.529844,5.38215,5.514165,5.38215,0.0,1733726.0
2004-03-10,5.54463,5.493043,5.498932,5.54463,0.0,1639215.0
2004-03-11,5.4837,5.42277,5.432925,5.4837,0.0,640633.0
2004-03-12,5.46339,5.38215,5.42277,5.38215,0.0,53596.0
2004-03-15,5.38215,5.047035,5.05719,5.38215,0.0,3566451.0
2004-03-16,5.11812,4.95564,4.99626,4.97595,0.0,2647214.0
2004-03-17,5.067345,5.01657,5.01657,5.05719,0.0,589214.0
2004-03-18,5.15874,5.01657,5.13843,5.01657,0.0,1533085.0
2004-03-19,5.30091,5.17905,5.17905,5.194282,0.0,2046499.0
2004-03-22,5.32122,5.17905,5.17905,5.32122,0.0,7280147.0
2004-03-23,5.26029,5.0775,5.09781,5.26029,0.0,210536.0
2004-03-24,5.085116,5.03688,5.067345,5.0775,0.0,535840.0
2004-03-25,5.13843,5.05719,5.11812,5.11812,0.0,919237.0
2004-03-26,5.09781,5.05719,5.09781,5.09781,0.0,379428.0
2004-03-29,5.11812,5.087655,5.087655,5.11812,0.0,539063.0
2004-03-30,5.087655,5.01657,5.041957,5.087655,0.0,54718.0
2004-03-31,5.047035,4.8744,4.8744,5.041957,0.0,251144.0
2004-04-01,5.05719,4.91502,4.945485,4.91502,0.0,895806.0
2004-04-02,5.01657,4.922332,5.01657,4.97595,0.0,35754.0
2004-04-05,4.99626,4.965795,4.981027,4.97595,0.0,266316.0
2004-04-06,5.03688,4.93533,5.03688,4.97595,0.0,169363.0
2004-04-07,5.03688,5.01657,5.01657,5.03688,0.0,274588.0
2004-04-08,4.91502,4.8744,4.864245,4.8744,0.0,192600.0
2004-04-09,4.864245,4.864245,4.864245,4.864245,0.0,0.0
2004-04-12,4.864245,4.864245,4.864245,4.864245,0.0,0.0
2004-04-13,5.003978,4.762695,4.767772,5.003978,0.0,108360.0
2004-04-14,4.81347,4.75254,4.77285,4.81347,0.0,776265.0
2004-04-15,4.83378,4.742385,4.767772,4.742385,0.0,1737317.0
2004-04-16,4.79316,4.625602,4.6713,4.79316,0.0,2677347.0
2004-04-19,4.722075,4.579905,4.722075,4.6713,0.0,506308.0
2004-04-20,4.75254,4.6713,4.75254,4.681455,0.0,341879.0
2004-04-21,4.75254,4.71192,4.71192,4.716997,0.0,244570.0
2004-04-22,4.73223,4.6713,4.681455,4.71192,0.0,561714.0
2004-04-23,4.71192,4.71192,4.742385,4.71192,0.0,13300.0
2004-04-26,4.762695,4.73223,4.747462,4.73223,0.0,1134.0
2004-04-27,4.77285,4.6713,4.73223,4.722075,0.0,143894.0
2004-04-28,4.77285,4.63068,4.701765,4.77285,0.0,365516.0
2004-04-29,4.77285,4.635757,4.635757,4.77285,0.0,33897.0
2004-04-30,4.698647,4.63068,4.63068,4.69161,0.0,25034.0
2004-05-03,4.63068,4.63068,4.63068,4.63068,0.0,0.0
2004-05-04,4.71192,4.6713,4.65099,4.71192,0.0,514136.0
2004-05-05,4.6713,4.640835,4.656067,4.640835,0.0,17910.0
2004-05-06,4.6713,4.59006,4.61037,4.6713,0.0,191568.0
2004-05-07,4.59006,4.59006,4.640835,4.59006,0.0,4894.0
2004-05-10,4.63068,4.595137,4.620525,4.61037,0.0,86067.0
2004-05-11,4.629766,4.56975,4.600215,4.579905,0.0,256726.0
2004-05-12,4.629868,4.48851,4.48851,4.629868,0.0,229684.0
2004-05-13,4.48851,4.376805,4.38696,4.48851,0.0,64157.0
2004-05-14,4.473277,4.2651,4.320952,4.473277,0.0,92125.0
2004-05-17,4.473277,4.2651,4.38696,4.310797,0.0,4436395.0
2004-05-18,4.4682,4.40727,4.44789,4.40727,0.0,31422.0
2004-05-19,4.54944,4.40727,4.518975,4.4682,0.0,361195.0
2004-05-20,4.564672,4.539285,4.539285,4.564672,0.0,5003.0
2004-05-21,4.59006,4.5403,4.56975,4.54944,0.0,1055000.0
2004-05-24,4.59006,4.59006,4.56975,4.59006,0.0,1694.0
2004-05-25,4.579905,4.4682,4.56975,4.54944,0.0,813595.0
2004-05-26,4.4682,4.44789,4.4682,4.4682,0.0,324166.0
2004-05-27,4.4682,4.44789,4.4682,4.4682,0.0,68240.0
2004-05-28,4.48851,4.437735,4.458045,4.4682,0.0,1928500.0
2004-05-31,4.458045,4.458045,4.458045,4.458045,0.0,0.0
2004-06-01,4.50882,4.50882,4.50882,4.50882,0.0,1.0
2004-06-02,4.56975,4.4682,4.493587,4.56975,0.0,42095.0
2004-06-03,4.4682,4.4682,4.4682,4.4682,0.0,49900.0
2004-06-04,4.54944,4.42758,4.54944,4.4682,0.0,131594.0
2004-06-07,4.473277,4.42758,4.42758,4.4682,0.0,109450.0
2004-06-08,4.48851,4.42758,4.42758,4.4682,0.0,57650.0
2004-06-09,4.54944,4.402192,4.452967,4.54944,0.0,21446.0
2004-06-10,4.52913,4.47084,4.48851,4.48851,0.0,1016805.0
2004-06-11,4.524052,4.524052,4.524052,4.524052,0.0,1.0
2004-06-14,4.498665,4.498665,4.48851,4.498665,0.0,2000.0
2004-06-15,4.52913,4.38696,4.38696,4.432657,0.0,220023.0
2004-06-16,4.473277,4.473277,4.473277,4.473277,0.0,1.0
2004-06-17,4.417425,4.371727,4.371727,4.38696,0.0,230266.0
2004-06-18,4.450429,4.36665,4.36665,4.371727,0.0,62498.0
2004-06-21,4.4682,4.36665,4.432657,4.36665,0.0,740823.0
2004-06-22,4.4682,4.40727,4.44789,4.4682,0.0,222688.0
2004-06-23,4.4682,4.417425,4.458045,4.4682,0.0,667180.0
2004-06-24,4.48851,4.438954,4.48851,4.4682,0.0,495140.0
2004-06-25,4.48851,4.473277,4.493587,4.473277,0.0,24800.0
2004-06-28,4.579905,4.4682,4.579905,4.50882,0.0,130657.0
2004-06-29,4.581124,4.56975,4.605292,4.56975,0.0,782.0
2004-06-30,4.63068,4.605292,4.63068,4.61037,0.0,32850.0
2004-07-01,4.83378,4.640835,4.803315,4.640835,0.0,847321.0
2004-07-02,4.823625,4.75254,4.79316,4.823625,0.0,416710.0
2004-07-05,4.83378,4.81347,4.81347,4.83378,0.0,5558.0
2004-07-06,4.808392,4.75254,4.77285,4.77285,0.0,365449.0
2004-07-07,4.790723,4.742385,4.757617,4.75254,0.0,7131.0
2004-07-08,4.849012,4.63068,4.71192,4.783614,0.0,571049.0
2004-07-09,4.6713,4.668863,4.681455,4.668863,0.0,24600.0
2004-07-12,4.6713,4.615447,4.635757,4.63068,0.0,16714.0
2004-07-13,4.722075,4.554517,4.595137,4.71192,0.0,1118582.0
2004-07-14,4.59006,4.56975,4.59006,4.56975,0.0,5100.0
2004-07-15,4.727152,4.59006,4.676377,4.59006,0.0,422832.0
2004-07-16,4.73223,4.69161,4.676377,4.73223,0.0,130430.0
2004-07-19,4.73223,4.6713,4.71192,4.73223,0.0,614011.0
2004-07-20,4.6713,4.54944,4.579905,4.63068,0.0,6823922.0
2004-07-21,4.63068,4.513897,4.513897,4.52913,0.0,916052.0
2004-07-22,4.54944,4.40727,4.432657,4.513897,0.0,339154.0
2004-07-23,4.452967,4.398537,4.40727,4.452967,0.0,525264.0
2004-07-26,4.42758,4.36665,4.36665,4.422502,0.0,36071.0
2004-07-27,4.432657,4.36665,4.376805,4.432657,0.0,749793.0
2004-07-28,4.40727,4.36665,4.36665,4.36665,0.0,1016023.0
2004-07-29,4.336185,4.310797,4.310797,4.331107,0.0,25967.0
2004-07-30,4.334093,4.310797,4.310797,4.331107,0.0,101624.0
2004-08-02,4.271498,4.260022,4.2651,4.2651,0.0,356609.0
2004-08-03,4.271498,4.24479,4.234635,4.2651,0.0,57950.0
2004-08-04,4.229557,4.18386,4.188937,4.22448,0.0,813148.0
2004-08-05,4.190136,4.18386,4.173705,4.18386,0.0,311451.0
2004-08-06,4.178782,4.062,4.117852,4.16355,0.0,1127014.0
2004-08-09,4.129124,4.00107,4.12293,4.00107,0.0,32248.0
2004-08-10,4.16355,4.087387,4.097542,4.16355,0.0,918718.0
2004-08-11,4.12293,4.097542,4.10262,4.12293,0.0,19302.0
2004-08-12,4.10262,4.072155,4.097542,4.072155,0.0,103626.0
2004-08-13,4.092465,4.092465,4.092465,4.092465,0.0,1.0
2004-08-16,4.08231,4.04169,4.08231,4.04169,0.0,17888.0
2004-08-17,4.10262,3.990915,4.062,3.990915,0.0,17753.0
2004-08-18,4.062,3.990915,4.062,4.02138,0.0,503581.0
2004-08-19,4.10262,4.031535,4.08231,4.062,0.0,196229.0
2004-08-20,4.10262,4.052251,4.051845,4.062,0.0,120763.0
2004-08-23,4.062,4.04169,4.062,4.04169,0.0,7132.0
2004-08-24,4.12293,4.04169,4.12293,4.04169,0.0,886325.0
2004-08-25,4.106682,4.10262,4.10262,4.10262,0.0,53798.0
2004-08-26,4.12293,4.10262,4.107697,4.12293,0.0,5762.0
2004-08-27,4.12293,4.12293,4.097542,4.12293,0.0,1340.0
2004-08-30,4.097542,4.097542,4.097542,4.097542,0.0,0.0
2004-08-31,4.12293,4.053876,4.08231,4.062,0.0,1326945.0
2004-09-01,4.12293,4.072155,4.097542,4.12293,0.0,70941.0
2004-09-02,4.16355,4.117852,4.16355,4.158472,0.0,37535.0
2004-09-03,4.229557,4.18386,4.229557,4.20417,0.0,64628.0
2004-09-06,4.32603,4.28541,4.34634,4.300642,0.0,12472.0
2004-09-07,4.40727,4.275255,4.341262,4.36665,0.0,54717.0
2004-09-08,4.38696,4.275255,4.32603,4.38696,0.0,1004000.0
2004-09-09,4.412347,4.36665,4.315875,4.412347,0.0,6302.0
2004-09-10,4.417425,4.417425,4.36665,4.417425,0.0,220.0
2004-09-13,4.44789,4.34634,4.38696,4.44789,0.0,467529.0
2004-09-14,4.417425,4.36665,4.371727,4.417425,0.0,234435.0
2004-09-15,4.44789,4.40727,4.42758,4.40727,0.0,562493.0
2004-09-16,4.42758,4.42758,4.381882,4.42758,0.0,741798.0
2004-09-17,4.392037,4.32603,4.32603,4.392037,0.0,73503.0
2004-09-20,4.38696,4.12293,4.133085,4.38696,0.0,75687.0
2004-09-21,4.24479,4.046767,4.036612,4.24479,0.0,187370.0
2004-09-22,4.16355,4.04169,4.112775,4.10262,0.0,1336130.0
2004-09-23,4.20417,4.10262,4.20417,4.16355,0.0,776933.0
2004-09-24,4.1865,4.12293,4.173705,4.1865,0.0,208500.0
2004-09-27,4.22448,4.12293,4.22448,4.133085,0.0,1294406.0
2004-09-28,4.16355,4.12293,4.12293,4.16355,0.0,30364.0
2004-09-29,4.30572,4.16355,4.270177,4.16355,0.0,343996.0
2004-09-30,4.34634,4.22448,4.32603,4.22448,0.0,15675.0
2004-10-01,4.40727,4.280332,4.371727,4.30572,0.0,261267.0
2004-10-04,4.4682,4.376805,4.376805,4.42758,0.0,109871.0
2004-10-05,4.463122,4.40727,4.44789,4.463122,0.0,25362.0
2004-10-06,4.437786,4.36665,4.452967,4.437786,0.0,408192.0
2004-10-07,4.4682,4.36665,4.40727,4.4682,0.0,101259.0
2004-10-08,4.52913,4.34634,4.493587,4.34634,0.0,26392.0
2004-10-11,4.4682,4.351417,4.36665,4.4682,0.0,325072.0
2004-10-12,4.36665,4.22448,4.234635,4.310797,0.0,653216.0
2004-10-13,4.24479,4.16355,4.16355,4.20417,0.0,1122001.0
2004-10-14,4.2651,4.16355,4.16355,4.2651,0.0,15040.0
2004-10-15,4.234635,4.22448,4.209247,4.22448,0.0,15001.0
2004-10-18,4.252508,4.252508,4.214325,4.252508,0.0,95.0
2004-10-19,4.214325,4.188937,4.239712,4.20417,0.0,5400.0
2004-10-20,4.229557,4.209247,4.229557,4.209247,0.0,4104.0
2004-10-21,4.16355,4.12293,4.199092,4.16355,0.0,1838867.0
2004-10-22,4.199092,4.199092,4.199092,4.199092,0.0,0.0
2004-10-25,4.16355,4.16355,4.214325,4.16355,0.0,1056.0
2004-10-26,4.38696,4.24479,4.341262,4.24479,0.0,187100.0
2004-10-27,4.361572,4.28541,4.32603,4.34634,0.0,105149.0
2004-10-28,4.2651,4.2651,4.315875,4.2651,0.0,300100.0
2004-10-29,4.36665,4.34634,4.34634,4.36665,0.0,5283.0
2004-11-01,4.402192,4.36665,4.38696,4.36665,0.0,72137.0
2004-11-02,4.42758,4.32603,4.32603,4.392037,0.0,27101.0
2004-11-03,4.422502,4.417425,4.412347,4.422502,0.0,1866.0
2004-11-04,4.48851,4.36665,4.36665,4.4682,0.0,133623.0
2004-11-05,4.50882,4.48851,4.50882,4.48851,0.0,2144.0
2004-11-08,4.50882,4.437735,4.493587,4.50882,0.0,4061.0
2004-11-09,4.518975,4.463122,4.442812,4.518975,0.0,10023.0
2004-11-10,4.4682,4.42758,4.42758,4.452967,0.0,33000.0
2004-11-11,4.4682,4.36665,4.381882,4.4682,0.0,251550.0
2004-11-12,4.44789,4.38696,4.38696,4.44789,0.0,368.0
2004-11-15,4.44789,4.38696,4.42758,4.44789,0.0,114406.0
2004-11-16,4.44789,4.36665,4.38696,4.44789,0.0,25114.0
2004-11-17,4.44789,4.44789,4.44789,4.44789,0.0,2062.0
2004-11-18,4.38696,4.32603,4.376805,4.36665,0.0,408731.0
2004-11-19,4.40727,4.32603,4.32603,4.40727,0.0,5801.0
2004-11-22,4.36665,4.28541,4.28541,4.36665,0.0,420739.0
2004-11-23,4.361572,4.2651,4.2651,4.361572,0.0,7226.0
2004-11-24,4.336185,4.00107,4.138162,4.2651,0.0,589712.0
2004-11-25,4.191476,4.14324,4.153395,4.14324,0.0,18798.0
2004-11-26,4.234635,4.199092,4.199092,4.202342,0.0,35993.0
2004-11-29,4.113445,4.113445,4.16355,4.113445,0.0,42979.0
2004-11-30,4.22448,4.128007,4.16355,4.22448,0.0,15315.0
2004-12-01,4.22448,4.16355,4.22448,4.16355,0.0,12870.0
2004-12-02,4.2651,4.08231,4.2651,4.08231,0.0,95047.0
2004-12-03,4.30572,4.178782,4.260022,4.178782,0.0,16802.0
2004-12-06,4.24479,4.24479,4.24479,4.24479,0.0,1.0
2004-12-07,4.320952,4.20417,4.18386,4.2651,0.0,20286.0
2004-12-08,4.196554,4.196554,4.199092,4.196554,0.0,2207.0
2004-12-09,4.234635,4.234635,4.234635,4.234635,0.0,1.0
2004-12-10,4.230167,4.230167,4.14324,4.230167,0.0,3979.0
2004-12-13,4.128007,4.10262,4.133085,4.128007,0.0,556717.0
2004-12-14,4.117852,4.10262,4.112775,4.107697,0.0,1222652.0
2004-12-15,4.202403,4.14324,4.14324,4.14324,0.0,21952.0
2004-12-16,4.168629,4.087387,4.12293,4.087387,0.0,202316.0
2004-12-17,4.16355,4.117852,4.158472,4.138162,0.0,44100.0
2004-12-20,4.16355,4.062,4.16355,4.16355,0.0,12427.0
2004-12-21,4.158472,4.08231,4.14324,4.151364,0.0,34131.0
2004-12-22,4.16355,4.08231,4.12293,4.092465,0.0,207090.0
2004-12-23,4.16355,4.097542,4.12293,4.112775,0.0,51313.0
2004-12-24,4.12293,4.12293,4.12293,4.12293,0.0,0.0
2004-12-27,4.12293,4.12293,4.12293,4.12293,0.0,0.0
2004-12-28,4.12293,4.12293,4.12293,4.12293,0.0,0.0
2004-12-29,4.068093,4.00107,4.00107,4.062,0.0,1240156.0
2004-12-30,4.031535,3.98076,4.016302,3.995992,0.0,457534.0
2004-12-31,4.043315,3.970605,3.970605,4.042909,0.0,1179980.0
2005-01-03,3.970605,3.970605,3.970605,3.970605,0.0,0.0
2005-01-04,3.955372,3.89952,3.91983,3.955372,0.0,1796584.0
2005-01-05,3.970605,3.73704,3.96045,3.91983,0.0,1349319.0
2005-01-06,4.00107,3.89952,4.00107,3.89952,0.0,91974.0
2005-01-07,4.188937,4.00107,4.188937,4.00107,0.0,444026.0
2005-01-10,4.345121,4.199092,4.315875,4.199092,0.0,83435.0
2005-01-11,4.28541,4.2651,4.275255,4.28541,0.0,83300.0
2005-01-12,4.341262,4.257382,4.28541,4.257382,0.0,262241.0
2005-01-13,4.2651,4.234635,4.24479,4.254945,0.0,8075.0
2005-01-14,4.2651,4.20417,4.234635,4.20417,0.0,456430.0
2005-01-17,4.260022,4.214325,4.24479,4.235675,0.0,108339.0
2005-01-18,4.24479,4.209247,4.24479,4.24479,0.0,5870052.0
2005-01-19,4.2651,4.062,4.092465,4.2651,0.0,1063304.0
2005-01-20,3.828435,3.767505,3.767505,3.782737,0.0,445011.0
2005-01-21,3.726885,3.569482,3.665955,3.726885,0.0,2141666.0
2005-01-24,3.67611,3.6558,3.6558,3.6558,0.0,21383.0
2005-01-25,3.893224,3.6558,3.79797,3.6558,0.0,179669.0
2005-01-26,3.77766,3.69642,3.752272,3.77766,0.0,11200.0
2005-01-27,3.79797,3.67611,3.726885,3.67611,0.0,49483.0
2005-01-28,3.69642,3.63549,3.686265,3.67611,0.0,9825.0
2005-01-31,3.75735,3.693983,3.75735,3.71673,0.0,29953.0
2005-02-01,3.79797,3.706575,3.79797,3.735821,0.0,30100.0
2005-02-02,3.929985,3.71673,3.929985,3.71673,0.0,243633.0
2005-02-03,3.872711,3.851182,3.869055,3.863977,0.0,37266.0
2005-02-04,3.917393,3.8589,3.904597,3.8589,0.0,56887.0
2005-02-07,3.912214,3.8589,3.909675,3.907136,0.0,198625.0
2005-02-08,3.96045,3.87921,3.96045,3.96045,0.0,30027.0
2005-02-09,3.96045,3.8589,3.87921,3.8589,0.0,660464.0
2005-02-10,3.89952,3.874132,3.89952,3.87921,0.0,53002.0
2005-02-11,3.894442,3.8589,3.884287,3.8589,0.0,1092.0
2005-02-14,3.89952,3.81828,3.8589,3.89952,0.0,1946065.0
2005-02-15,3.8589,3.8589,3.8589,3.8589,0.0,3000.0
2005-02-16,3.904597,3.752272,3.8589,3.8589,0.0,75761.0
2005-02-17,3.833512,3.73704,3.813202,3.81828,0.0,19023.0
2005-02-18,3.813202,3.75735,3.75735,3.75735,0.0,9428.0
2005-02-21,3.96045,3.81828,3.81828,3.84184,0.0,206784.0
2005-02-22,3.907238,3.813202,3.81828,3.907238,0.0,549424.0
2005-02-23,3.8589,3.772582,3.83859,3.832903,0.0,47297.0
2005-02-24,3.886928,3.79797,3.828435,3.886928,0.0,20110.0
2005-02-25,3.89952,3.79797,3.803047,3.79797,0.0,10147.0
2005-02-28,3.886928,3.73704,3.73704,3.886928,0.0,167296.0
2005-03-01,3.805688,3.69642,3.69642,3.805688,0.0,41107.0
2005-03-02,3.869055,3.752882,3.869055,3.75735,0.0,56600.0
2005-03-03,3.89952,3.81828,3.83859,3.889365,0.0,306792.0
2005-03-04,3.935062,3.8589,3.91983,3.8589,0.0,17883.0
2005-03-07,3.950295,3.8589,3.8589,3.950295,0.0,35818.0
2005-03-08,3.91983,3.8589,3.8589,3.912315,0.0,39718.0
2005-03-09,3.947858,3.8589,3.8589,3.947858,0.0,11394.0
2005-03-10,3.912315,3.8589,3.904597,3.8589,0.0,27333.0
2005-03-11,3.907238,3.81828,3.83859,3.907238,0.0,30896.0
2005-03-14,3.83859,3.81828,3.81828,3.83859,0.0,24498.0
2005-03-15,3.904597,3.787815,3.808125,3.904597,0.0,63785.0
2005-03-16,3.8589,3.77766,3.808125,3.77766,0.0,66035.0
2005-03-17,3.907238,3.767505,3.77766,3.77766,0.0,18041.0
2005-03-18,3.87921,3.81828,3.83859,3.81828,0.0,24284.0
2005-03-21,3.823357,3.816452,3.8589,3.81828,0.0,8916.0
2005-03-22,3.889974,3.767505,3.8589,3.848745,0.0,100219.0
2005-03-23,3.847526,3.77766,3.77766,3.847526,0.0,54965.0
2005-03-24,3.8589,3.813202,3.8589,3.833512,0.0,43152.0
2005-03-25,3.8589,3.8589,3.8589,3.8589,0.0,0.0
2005-03-28,3.8589,3.8589,3.8589,3.8589,0.0,0.0
2005-03-29,3.808125,3.75735,3.808125,3.808125,0.0,81876.0
2005-03-30,3.828435,3.77766,3.81828,3.77766,0.0,146973.0
2005-03-31,3.814218,3.75735,3.75735,3.762427,0.0,267288.0
2005-04-01,3.747195,3.59487,3.671032,3.747195,0.0,118194.0
2005-04-04,3.822139,3.640567,3.671032,3.706575,0.0,58015.0
2005-04-05,3.73704,3.6558,3.6558,3.73704,0.0,117419.0
2005-04-06,3.73704,3.625335,3.67611,3.69642,0.0,46779.0
2005-04-07,3.75735,3.6558,3.6558,3.69642,0.0,221890.0
2005-04-08,3.723026,3.6558,3.645645,3.69642,0.0,52310.0
2005-04-11,3.69642,3.61518,3.61518,3.6558,0.0,175377.0
2005-04-12,3.626554,3.51363,3.61518,3.626554,0.0,26441.0
2005-04-13,3.752272,3.51363,3.69642,3.51363,0.0,412322.0
2005-04-14,3.75735,3.720995,3.73704,3.73704,0.0,284241.0
2005-04-15,3.701497,3.61518,3.63549,3.701497,0.0,679297.0
2005-04-18,3.59487,3.478087,3.59487,3.503475,0.0,239210.0
2005-04-19,3.6558,3.51363,3.63549,3.51363,0.0,42700.0
2005-04-20,3.650722,3.539017,3.539017,3.650722,0.0,134471.0
2005-04-21,3.603197,3.53394,3.584715,3.53394,0.0,10024.0
2005-04-22,3.630412,3.55425,3.620257,3.61518,0.0,19177.0
2005-04-25,3.625335,3.49332,3.625335,3.518707,0.0,55759.0
2005-04-26,3.75735,3.523785,3.686265,3.523785,0.0,63260.0
2005-04-27,3.75735,3.6558,3.686265,3.6558,0.0,359453.0
2005-04-28,3.71673,3.49332,3.61518,3.71673,0.0,47885.0
2005-04-29,3.605025,3.49332,3.605025,3.498397,0.0,25088.0
2005-05-02,3.605025,3.605025,3.605025,3.605025,0.0,0.0
2005-05-03,3.61518,3.49332,3.53394,3.61518,0.0,38366.0
2005-05-04,3.61518,3.49332,3.503475,3.549172,0.0,69557.0
2005-05-05,3.575779,3.504287,3.57456,3.518707,0.0,58833.0
2005-05-06,3.544095,3.523785,3.523785,3.544095,0.0,11095.0
2005-05-09,3.55425,3.4527,3.523785,3.537799,0.0,92893.0
2005-05-10,3.55425,3.39177,3.39177,3.55425,0.0,15963.0
2005-05-11,3.31053,3.224212,3.300375,3.31053,0.0,654378.0
2005-05-12,3.503475,3.26991,3.478087,3.26991,0.0,80955.0
2005-05-13,3.488242,3.437467,3.4527,3.4527,0.0,22344.0
2005-05-16,3.47301,3.41208,3.4527,3.41208,0.0,153744.0
2005-05-17,3.4527,3.41208,3.43239,3.4527,0.0,1380963.0
2005-05-18,3.4527,3.366382,3.422235,3.4527,0.0,310123.0
2005-05-19,3.51363,3.4527,3.457777,3.4527,0.0,210802.0
2005-05-20,3.508552,3.39177,3.483165,3.407002,0.0,24402.0
2005-05-23,3.483165,3.41208,3.47301,3.483165,0.0,370609.0
2005-05-24,3.474614,3.4527,3.457777,3.4527,0.0,407906.0
2005-05-25,3.49332,3.4527,3.47301,3.488242,0.0,36826.0
2005-05-26,3.51363,3.478087,3.51363,3.49332,0.0,15860.0
2005-05-27,3.51363,3.508552,3.51363,3.508552,0.0,2620.0
2005-05-30,3.51363,3.51363,3.51363,3.51363,0.0,0.0
2005-05-31,3.589792,3.51363,3.549172,3.51363,0.0,40618.0
2005-06-01,3.559327,3.53394,3.549172,3.559327,0.0,8219.0
2005-06-02,3.549172,3.53394,3.549172,3.539627,0.0,66099.0
2005-06-03,3.61518,3.59487,3.61518,3.59487,0.0,12392.0
2005-06-06,3.61518,3.559327,3.564405,3.600557,0.0,370945.0
2005-06-07,3.59487,3.53394,3.559327,3.59487,0.0,11802.0
2005-06-08,3.630412,3.47301,3.630412,3.55425,0.0,102702.0
2005-06-09,3.762427,3.63549,3.75735,3.63549,0.0,1174200.0
2005-06-10,3.59487,3.0465,3.0465,3.589792,0.0,4510207.0
2005-06-13,3.198825,3.06681,3.18867,3.153127,0.0,169703.0
2005-06-14,3.29022,3.20898,3.239445,3.20898,0.0,168580.0
2005-06-15,3.325762,3.198825,3.325762,3.22929,0.0,338890.0
2005-06-16,3.386692,3.26991,3.376537,3.29347,0.0,978949.0
2005-06-17,3.467932,3.335917,3.41208,3.340995,0.0,2115983.0
2005-06-20,3.41208,3.35115,3.35115,3.41208,0.0,114464.0
2005-06-21,3.437467,3.361305,3.39177,3.381615,0.0,258977.0
2005-06-22,3.4527,3.37146,3.386692,3.386692,0.0,368675.0
2005-06-23,3.4527,3.29022,3.39177,3.4527,0.0,446200.0
2005-06-24,3.39177,3.315607,3.366382,3.35115,0.0,601187.0
2005-06-27,3.379178,3.280065,3.35115,3.302812,0.0,55152.0
2005-06-28,3.361305,3.346072,3.356227,3.35115,0.0,742148.0
2005-06-29,3.361305,3.305452,3.346072,3.361305,0.0,101193.0
2005-06-30,3.35115,3.28433,3.325762,3.28433,0.0,509750.0
2005-07-01,3.35115,3.305452,3.33084,3.315607,0.0,30694.0
2005-07-04,3.35115,3.26991,3.35115,3.340995,0.0,112861.0
2005-07-05,3.39177,3.315607,3.320685,3.35115,0.0,264153.0
2005-07-06,3.379584,3.311749,3.325762,3.311749,0.0,1953051.0
2005-07-07,3.344854,3.2496,3.280065,3.306671,0.0,396909.0
2005-07-08,3.31053,3.20898,3.285142,3.20898,0.0,5700.0
2005-07-11,3.31053,3.295297,3.305452,3.31053,0.0,32275.0
2005-07-12,3.325762,3.20898,3.2496,3.325762,0.0,521631.0
2005-07-13,3.35115,3.281893,3.300375,3.29022,0.0,22786.0
2005-07-14,3.29022,3.199434,3.244522,3.254677,0.0,639507.0
2005-07-15,3.2496,3.173437,3.214057,3.2496,0.0,382287.0
2005-07-18,3.16836,3.16836,3.224212,3.16836,0.0,10.0
2005-07-19,3.2496,3.174453,3.2496,3.211519,0.0,32482.0
2005-07-20,3.2496,3.16836,3.244522,3.223197,0.0,11799.0
2005-07-21,3.295297,3.22929,3.274987,3.279049,0.0,24225.0
2005-07-22,3.33084,3.264832,3.280065,3.33084,0.0,174590.0
2005-07-25,3.37146,3.2496,3.37146,3.2496,0.0,23250.0
2005-07-26,3.325762,3.26991,3.29022,3.300375,0.0,217473.0
2005-07-27,3.33084,3.33084,3.285142,3.33084,0.0,29214.0
2005-07-28,3.329824,3.324747,3.300375,3.329824,0.0,767.0
2005-07-29,3.305452,3.20898,3.2496,3.274987,0.0,20436.0
2005-08-01,3.33084,3.2496,3.26991,3.284127,0.0,748922.0
2005-08-02,3.29022,3.254677,3.26991,3.289204,0.0,136517.0
2005-08-03,3.31053,3.289204,3.31053,3.289204,0.0,36377.0
2005-08-04,3.304437,3.2496,3.26991,3.304437,0.0,98213.0
2005-08-05,3.325762,3.295297,3.274987,3.300375,0.0,129478.0
2005-08-08,3.31053,3.18867,3.239445,3.309514,0.0,6681.0
2005-08-09,3.26991,3.207355,3.239445,3.2496,0.0,18866.0
2005-08-10,3.239445,3.14805,3.198825,3.198825,0.0,3064947.0
2005-08-11,3.2496,3.165313,3.214057,3.165313,0.0,3900.0
2005-08-12,3.280065,3.203902,3.244522,3.24635,0.0,71975.0
2005-08-15,3.295297,3.239445,3.244522,3.289204,0.0,136551.0
2005-08-16,3.304437,3.18867,3.203902,3.304437,0.0,1322312.0
2005-08-17,3.2496,3.10743,3.18867,3.18867,0.0,547621.0
2005-08-18,3.198825,3.14805,3.18867,3.14805,0.0,4206.0
2005-08-19,3.14805,3.06681,3.112507,3.14805,0.0,560297.0
2005-08-22,3.18014,3.083058,3.097275,3.180134,0.0,57606.0
2005-08-23,3.065794,3.00588,3.02619,3.0465,0.0,67627.0
2005-08-24,3.106414,2.986585,3.08712,3.045484,0.0,1350396.0
2005-08-25,3.259755,3.126724,3.198825,3.126724,0.0,6754962.0
2005-08-26,3.2496,3.22929,3.22929,3.2496,0.0,84089.0
2005-08-29,3.22929,3.22929,3.22929,3.22929,0.0,0.0
2005-08-30,3.25285,3.110883,3.178515,3.14805,0.0,329070.0
2005-08-31,3.082042,2.96526,3.02619,3.082042,0.0,1297416.0
2005-09-01,2.94495,2.6403,2.82309,2.94495,0.0,3075415.0
2005-09-02,2.94495,2.742256,2.894175,2.80278,0.0,2363795.0
2005-09-05,2.878942,2.803795,2.86371,2.8434,0.0,175779.0
2005-09-06,2.94495,2.78247,2.853555,2.844415,0.0,2073258.0
2005-09-07,2.947895,2.8434,2.873865,2.844415,0.0,3967413.0
2005-09-08,2.914485,2.82309,2.8434,2.86371,0.0,415464.0
2005-09-09,2.78247,2.6403,2.772315,2.76216,0.0,2179490.0
2005-09-12,2.78247,2.711385,2.752005,2.744592,0.0,194333.0
2005-09-13,2.8434,2.752005,2.80278,2.752005,0.0,311550.0
2005-09-14,2.885462,2.75302,2.873865,2.75302,0.0,80409.0
2005-09-15,2.909407,2.829183,2.853555,2.873865,0.0,9689.0
2005-09-16,2.848477,2.787751,2.828167,2.818012,0.0,613488.0
2005-09-19,2.914485,2.86371,2.899252,2.86371,0.0,30179.0
2005-09-20,2.92464,2.86371,2.88402,2.905345,0.0,62899.0
2005-09-21,2.914485,2.839338,2.88402,2.88402,0.0,541384.0
2005-09-22,2.92464,2.833245,2.88402,2.88402,0.0,285584.0
2005-09-23,2.891474,2.635222,2.6403,2.72154,0.0,1064938.0
2005-09-26,2.630145,2.528595,2.564137,2.630145,0.0,111570.0
2005-09-27,2.57937,2.508285,2.55906,2.528595,0.0,955423.0
2005-09-28,2.548905,2.493052,2.548905,2.51844,0.0,82561.0
2005-09-29,2.609835,2.485335,2.584447,2.485375,0.0,56182.0
2005-09-30,2.609835,2.51844,2.548905,2.528595,0.0,309495.0
2005-10-03,2.613897,2.467665,2.467665,2.613897,0.0,64908.0
2005-10-04,2.564137,2.482897,2.533672,2.53875,0.0,37943.0
2005-10-05,2.51844,2.442277,2.51844,2.5093,0.0,398511.0
2005-10-06,2.49813,2.467665,2.49813,2.47782,0.0,43363.0
2005-10-07,2.53875,2.456494,2.533672,2.47782,0.0,62757.0
2005-10-10,2.53875,2.51844,2.528595,2.51844,0.0,80335.0
2005-10-11,2.491712,2.487975,2.508285,2.487975,0.0,80151.0
2005-10-12,2.53875,2.4372,2.53875,2.486959,0.0,89372.0
2005-10-13,2.548905,2.508285,2.528595,2.53875,0.0,641904.0
2005-10-14,2.53875,2.41689,2.467665,2.53875,0.0,166436.0
2005-10-17,2.508285,2.49813,2.472742,2.49813,0.0,2746.0
2005-10-18,2.47782,2.320417,2.345805,2.442277,0.0,237003.0
2005-10-19,2.455052,2.27472,2.4372,2.455052,0.0,132508.0
2005-10-20,2.47782,2.37627,2.411812,2.47782,0.0,6317871.0
2005-10-21,2.391502,2.345805,2.371192,2.36713,0.0,4885.0
2005-10-24,2.361037,2.361037,2.361037,2.361037,0.0,1.0
2005-10-25,2.41689,2.340727,2.391502,2.41689,0.0,2650.0
2005-10-26,2.72154,2.340727,2.68092,2.341743,0.0,618185.0
2005-10-27,2.61999,2.349258,2.487975,2.61999,0.0,396359.0
2005-10-28,2.513362,2.43395,2.482897,2.513362,0.0,627926.0
2005-10-31,2.57937,2.47782,2.564137,2.49813,0.0,1205934.0
2005-11-01,2.57937,2.491021,2.508285,2.572932,0.0,785466.0
2005-11-02,2.55906,2.508285,2.53875,2.508285,0.0,297154.0
2005-11-03,2.55906,2.522502,2.55906,2.536983,0.0,280903.0
2005-11-04,2.51844,2.4372,2.452432,2.51844,0.0,22250.0
2005-11-07,2.350882,2.259487,2.264565,2.350882,0.0,30075.0
2005-11-08,2.236131,2.122395,2.208712,2.236131,0.0,215801.0
2005-11-09,2.157937,2.031,2.117317,2.15286,0.0,2189099.0
2005-11-10,2.138745,2.05131,2.122395,2.07162,0.0,431548.0
2005-11-11,2.15286,2.092945,2.137627,2.092945,0.0,320735.0
2005-11-14,2.13255,2.07162,2.122395,2.076697,0.0,119503.0
2005-11-15,2.15286,2.107162,2.117317,2.13255,0.0,1360263.0
2005-11-16,2.15286,2.130316,2.15286,2.15286,0.0,569212.0
2005-11-17,2.279797,2.11224,2.300107,2.11224,0.0,75606.0
2005-11-18,2.31534,2.109193,2.31534,2.310262,0.0,48142.0
2005-11-21,2.31534,2.29503,2.27472,2.314934,0.0,16160.0
2005-11-22,2.37627,1.99038,2.05131,2.366115,0.0,389944.0
2005-11-23,2.07162,2.031,2.081775,2.033031,0.0,564298.0
2005-11-24,2.054356,2.054356,2.07162,2.054356,0.0,194.0
2005-11-25,2.239177,2.086852,2.239177,2.086852,0.0,123860.0
2005-11-28,2.179263,2.179263,2.208712,2.179263,0.0,2103.0
2005-11-29,2.191246,2.17317,2.208712,2.17317,0.0,1076981.0
2005-11-30,2.39658,2.185153,2.33565,2.198557,0.0,1937364.0
2005-12-01,2.345805,2.27472,2.320417,2.300107,0.0,61998.0
2005-12-02,2.330572,2.284875,2.330572,2.284875,0.0,55258.0
2005-12-05,2.325495,2.259487,2.259487,2.310262,0.0,2306302.0
2005-12-06,2.293202,2.05131,2.097007,2.25441,0.0,506822.0
2005-12-07,2.104827,2.081775,2.127472,2.081775,0.0,298038.0
2005-12-08,2.15286,2.15286,2.15286,2.15286,0.0,9400.0
2005-12-09,2.17317,2.15286,2.163015,2.16267,0.0,95513.0
2005-12-12,2.172154,2.15286,2.163015,2.172154,0.0,23487.0
2005-12-13,2.15286,2.147782,2.147782,2.15286,0.0,95057.0
2005-12-14,2.168092,2.107162,2.15286,2.127472,0.0,278678.0
2005-12-15,2.239177,2.13255,2.239177,2.13255,0.0,116087.0
2005-12-16,2.249332,2.223945,2.2341,2.248317,0.0,771623.0
2005-12-19,2.25441,2.202619,2.229022,2.21379,0.0,82408.0
2005-12-20,2.269642,2.157937,2.208712,2.21379,0.0,241095.0
2005-12-21,2.19348,2.13255,2.163015,2.183325,0.0,31944.0
2005-12-22,2.17317,1.99038,2.11224,2.137627,0.0,266178.0
2005-12-23,2.07162,2.031,2.05131,2.07162,0.0,95240.0
2005-12-26,2.05131,2.05131,2.05131,2.05131,0.0,0.0
2005-12-27,2.05131,2.05131,2.05131,2.05131,0.0,0.0
2005-12-28,2.163015,2.033031,2.076697,2.066542,0.0,65067.0
2005-12-29,2.056387,2.031,2.031,2.056387,0.0,289964.0
2005-12-30,2.11224,2.031,2.11224,2.05131,0.0,2164917.0
2006-01-02,2.11224,2.11224,2.11224,2.11224,0.0,0.0
2006-01-03,2.13255,2.07162,2.102085,2.075682,0.0,277380.0
2006-01-04,2.111224,2.07162,2.05131,2.111224,0.0,104314.0
2006-01-05,2.09193,2.074006,2.081775,2.074006,0.0,34490.0
2006-01-06,2.086852,2.056794,2.061465,2.056875,0.0,331773.0
2006-01-09,2.086852,2.031,2.066542,2.031,0.0,22928.0
2006-01-10,2.11224,2.025922,2.09193,2.09193,0.0,93590.0
2006-01-11,2.09193,2.048263,2.081775,2.07162,0.0,2863053.0
2006-01-12,2.07162,2.000535,2.000535,2.05131,0.0,748283.0
2006-01-13,2.041155,2.031,2.015767,2.031,0.0,23448.0
2006-01-16,2.041155,1.975147,2.005612,2.041155,0.0,85010.0
2006-01-17,1.94976,1.80759,1.90914,1.94976,0.0,643893.0
2006-01-18,1.92945,1.87177,1.88883,1.88883,0.0,217810.0
2006-01-19,1.94976,1.869535,1.94976,1.897969,0.0,7169430.0
2006-01-20,1.92945,1.878675,1.878675,1.898985,0.0,310540.0
2006-01-23,1.883752,1.8279,1.84821,1.853287,0.0,55940.0
2006-01-24,1.86852,1.8279,1.838055,1.84821,0.0,1693700.0
2006-01-25,1.86852,1.8279,1.832977,1.8279,0.0,33710.0
2006-01-26,1.8279,1.810027,1.817745,1.810027,0.0,12797.0
2006-01-27,1.80759,1.66542,1.721272,1.80759,0.0,817222.0
2006-01-30,1.457242,1.32015,1.32015,1.457242,0.0,1518977.0
2006-01-31,1.36077,1.213522,1.223677,1.36077,0.0,537967.0
2006-02-01,1.277357,1.11705,1.132282,1.17798,0.0,668400.0
2006-02-02,1.264297,1.147515,1.167825,1.165591,0.0,1896176.0
2006-02-03,1.19829,1.172902,1.19829,1.198087,0.0,8116562.0
2006-02-06,1.198087,1.167825,1.172902,1.198087,0.0,526931.0
2006-02-07,1.17798,1.172902,1.167825,1.17798,0.0,881522.0
2006-02-08,1.161529,1.13736,1.15767,1.15767,0.0,3002929.0
2006-02-09,1.15767,1.127205,1.132282,1.141422,0.0,5840788.0
2006-02-10,1.162747,1.162747,1.162747,1.162747,0.0,1.0
2006-02-13,1.2186,1.15767,1.203367,1.193212,0.0,4003064.0
2006-02-14,1.23891,1.208445,1.17798,1.23891,0.0,22180.0
2006-02-15,1.213522,1.188135,1.183057,1.19829,0.0,815654.0
2006-02-16,1.203367,1.203367,1.203367,1.203367,0.0,1.0
2006-02-17,1.25922,1.19829,1.25922,1.213522,0.0,51354.0
2006-02-20,1.25922,1.216163,1.183057,1.25922,0.0,131151.0
2006-02-21,1.233629,1.216772,1.228755,1.2186,0.0,1122406.0
2006-02-22,1.309995,1.22185,1.309995,1.223677,0.0,1987031.0
2006-02-23,1.32015,1.274656,1.325227,1.284607,0.0,1468833.0
2006-02-24,1.4217,1.36077,1.411545,1.36077,0.0,1763216.0
2006-02-27,1.44201,1.406264,1.40139,1.406264,0.0,94338.0
2006-02-28,1.38108,1.36077,1.345537,1.38108,0.0,34850.0
2006-03-01,1.331524,1.326243,1.345537,1.33152,0.0,600000.0
2006-03-02,1.342471,1.330305,1.335382,1.342471,0.0,1165027.0
2006-03-03,1.330305,1.330305,1.350615,1.330305,0.0,20287.0
2006-03-06,1.4217,1.365847,1.38108,1.396312,0.0,1132922.0
2006-03-07,1.394281,1.394281,1.376002,1.394281,0.0,437.0
2006-03-08,1.4217,1.379049,1.406467,1.38108,0.0,70160.0
2006-03-09,1.416622,1.350615,1.386157,1.394281,0.0,106404.0
2006-03-10,1.40139,1.391235,1.38108,1.40139,0.0,31927.0
2006-03-13,1.38108,1.38108,1.38108,1.38108,0.0,0.0
2006-03-14,1.40139,1.388188,1.391235,1.396719,0.0,54784.0
2006-03-15,1.370316,1.370316,1.386157,1.370316,0.0,1323.0
2006-03-16,1.40139,1.396312,1.38108,1.40139,0.0,98676.0
2006-03-17,1.38108,1.34046,1.376002,1.36077,0.0,3250.0
2006-03-20,1.370925,1.32015,1.350615,1.36077,0.0,108559.0
2006-03-21,1.40139,1.370925,1.391235,1.370925,0.0,675267.0
2006-03-22,1.402791,1.402791,1.386157,1.402791,0.0,500000.0
2006-03-23,1.382461,1.32015,1.365847,1.36077,0.0,399623.0
2006-03-24,1.386157,1.386157,1.34046,1.386157,0.0,274892.0
2006-03-27,1.386157,1.350615,1.396312,1.350615,0.0,88565.0
2006-03-28,1.436932,1.411545,1.4217,1.411545,0.0,185350.0
2006-03-29,1.44201,1.40139,1.40139,1.44201,0.0,147684.0
2006-03-30,1.396312,1.391235,1.391235,1.396312,0.0,3614.0
2006-03-31,1.44201,1.411545,1.411545,1.44201,0.0,5518.0
2006-04-03,1.438557,1.416622,1.416622,1.4217,0.0,16543.0
2006-04-04,1.614645,1.431855,1.60449,1.431855,0.0,717948.0
2006-04-05,1.609771,1.558792,1.574025,1.583063,0.0,96161.0
2006-04-06,1.640032,1.60449,1.60449,1.60449,0.0,178216.0
2006-04-07,1.583164,1.583164,1.60449,1.583164,0.0,1200.0
2006-04-10,1.6248,1.579102,1.614645,1.579102,0.0,121242.0
2006-04-11,1.64511,1.58418,1.64511,1.589257,0.0,157487.0
2006-04-12,1.6248,1.60449,1.6248,1.60449,0.0,5326.0
2006-04-13,1.650797,1.60449,1.64511,1.60449,0.0,3084528.0
2006-04-14,1.64511,1.64511,1.64511,1.64511,0.0,0.0
2006-04-17,1.64511,1.64511,1.64511,1.64511,0.0,0.0
2006-04-18,1.68573,1.606094,1.670497,1.606094,0.0,23477.0
2006-04-19,1.670497,1.629877,1.629877,1.670497,0.0,38451.0
2006-04-20,1.802512,1.609567,1.802512,1.609567,0.0,340457.0
2006-04-21,1.80759,1.74666,1.78728,1.78728,0.0,289244.0
2006-04-24,1.90914,1.782202,1.8279,1.78728,0.0,147482.0
2006-04-25,1.92945,1.878675,1.92945,1.88883,0.0,480208.0
2006-04-26,1.927521,1.816729,1.873597,1.927521,0.0,54488.0
2006-04-27,1.84821,1.76697,1.792357,1.8279,0.0,704722.0
2006-04-28,1.86852,1.80759,1.832977,1.84821,0.0,112829.0
2006-05-01,1.832977,1.832977,1.832977,1.832977,0.0,0.0
2006-05-02,1.84691,1.84691,1.858365,1.84691,0.0,10000.0
2006-05-03,1.88883,1.8279,1.84821,1.839334,0.0,3636776.0
2006-05-04,1.88883,1.8279,1.86852,1.8279,0.0,482338.0
2006-05-05,1.86852,1.86852,1.86852,1.86852,0.0,29775.0
2006-05-08,1.789067,1.789067,1.80759,1.789067,0.0,5400.0
2006-05-09,1.80759,1.78728,1.80759,1.78728,0.0,7214.0
2006-05-10,1.78728,1.70604,1.731427,1.78728,0.0,65322.0
2006-05-11,1.772047,1.700962,1.751737,1.772047,0.0,3708.0
2006-05-12,1.74666,1.690807,1.70604,1.74666,0.0,26919.0
2006-05-15,1.675575,1.66542,1.66542,1.66542,0.0,5575.0
2006-05-16,1.70604,1.701978,1.70604,1.70604,0.0,65059.0
2006-05-17,1.72635,1.675575,1.721272,1.701978,0.0,12532.0
2006-05-18,1.70604,1.64511,1.70604,1.66542,0.0,44925.0
2006-05-19,1.70604,1.670497,1.70604,1.70604,0.0,84765.0
2006-05-22,1.66542,1.50294,1.50294,1.64511,0.0,54677.0
2006-05-23,1.60449,1.533405,1.60449,1.54356,0.0,86023.0
2006-05-24,1.556761,1.54356,1.574025,1.54356,0.0,132970.0
2006-05-25,1.609567,1.609567,1.594335,1.609567,0.0,3750.0
2006-05-26,1.566226,1.56387,1.594335,1.566216,0.0,11652652.0
2006-05-29,1.594335,1.594335,1.594335,1.594335,0.0,0.0
2006-05-30,1.629877,1.629877,1.594335,1.629877,0.0,433.0
2006-05-31,1.66542,1.553715,1.66542,1.558792,0.0,73181.0
2006-06-01,1.6248,1.6248,1.589257,1.6248,0.0,7093.0
2006-06-02,1.562306,1.54356,1.54356,1.548637,0.0,277364.0
2006-06-05,1.533405,1.533405,1.553715,1.533405,0.0,846.0
2006-06-06,1.553715,1.457242,1.558792,1.508017,0.0,98777.0
2006-06-07,1.6248,1.54356,1.58418,1.56387,0.0,69959.0
2006-06-08,1.54356,1.54356,1.56387,1.54356,0.0,3351.0
2006-06-09,1.54356,1.54356,1.56387,1.54356,0.0,34630.0
2006-06-12,1.56387,1.538482,1.56387,1.54356,0.0,539939.0
2006-06-13,1.52325,1.48263,1.52325,1.508017,0.0,25000.0
2006-06-14,1.614645,1.50294,1.52325,1.52325,0.0,130850.0
2006-06-15,1.528327,1.426777,1.50294,1.528327,0.0,112448.0
2006-06-16,1.568947,1.528327,1.558792,1.528327,0.0,85809.0
2006-06-19,1.614645,1.563813,1.548637,1.568947,0.0,51977.0
2006-06-20,1.518172,1.518172,1.513095,1.518172,0.0,3750.0
2006-06-21,1.505499,1.50294,1.518172,1.50294,0.0,353470.0
2006-06-22,1.54356,1.528327,1.54356,1.54356,0.0,90534.0
2006-06-23,1.568947,1.513095,1.568947,1.553715,0.0,877155.0
2006-06-26,1.568947,1.568947,1.568947,1.568947,0.0,0.0
2006-06-27,1.568947,1.52325,1.538482,1.568947,0.0,19160.0
2006-06-28,1.568947,1.50294,1.538482,1.50294,0.0,29502.0
2006-06-29,1.56387,1.56387,1.589257,1.56387,0.0,5833.0
2006-06-30,1.6248,1.56387,1.6248,1.599412,0.0,39679.0
2006-07-03,1.60449,1.58418,1.558792,1.60449,0.0,73057.0
2006-07-04,1.558792,1.553715,1.558792,1.558792,0.0,7198.0
2006-07-05,1.629877,1.558792,1.574025,1.56387,0.0,28684.0
2006-07-06,1.56387,1.56387,1.56387,1.56387,0.0,16243.0
2006-07-07,1.60449,1.56387,1.60449,1.56387,0.0,3514820.0
2006-07-10,1.614645,1.56387,1.609567,1.56387,0.0,2771920.0
2006-07-11,1.627562,1.58418,1.589257,1.58418,0.0,5510858.0
2006-07-12,1.609567,1.574025,1.614645,1.574025,0.0,92240.0
2006-07-13,1.58418,1.58418,1.60449,1.58418,0.0,10000.0
2006-07-14,1.58418,1.574025,1.60449,1.574025,0.0,26143.0
2006-07-17,1.60449,1.60449,1.60449,1.60449,0.0,0.0
2006-07-18,1.60449,1.60449,1.60449,1.60449,0.0,0.0
2006-07-19,1.650187,1.6248,1.634955,1.6248,0.0,11228.0
2006-07-20,1.634955,1.634955,1.634955,1.634955,0.0,0.0
2006-07-21,1.660342,1.6248,1.64511,1.655265,0.0,33504.0
2006-07-24,1.6248,1.6248,1.64511,1.6248,0.0,8382.0
2006-07-25,1.646491,1.634955,1.640032,1.646491,0.0,25000.0
2006-07-26,1.647547,1.64511,1.64511,1.647547,0.0,164660.0
2006-07-27,1.648156,1.64511,1.64511,1.648156,0.0,1.0
2006-07-28,1.64511,1.64511,1.64511,1.64511,0.0,17900.0
2006-07-31,1.634955,1.6248,1.64511,1.6248,0.0,9360.0
2006-08-01,1.64511,1.64511,1.64511,1.64511,0.0,0.0
2006-08-02,1.64511,1.64511,1.64511,1.64511,0.0,0.0
2006-08-03,1.64511,1.64511,1.64511,1.64511,0.0,200000.0
2006-08-04,1.675575,1.675575,1.655265,1.675575,0.0,4653.0
2006-08-07,1.6248,1.6248,1.650187,1.6248,0.0,934.0
2006-08-08,1.650187,1.650187,1.650187,1.650187,0.0,0.0
2006-08-09,1.629877,1.629877,1.66542,1.629877,0.0,10050.0
2006-08-10,1.66542,1.66542,1.66542,1.66542,0.0,0.0
2006-08-11,1.66542,1.66542,1.66542,1.66542,0.0,0.0
2006-08-14,1.66542,1.66542,1.66542,1.66542,0.0,0.0
2006-08-15,1.66542,1.66542,1.66542,1.66542,0.0,0.0
2006-08-16,1.66542,1.66542,1.66542,1.66542,0.0,0.0
2006-08-17,1.646125,1.640032,1.670497,1.646125,0.0,9120.0
2006-08-18,1.670497,1.670497,1.670497,1.670497,0.0,0.0
2006-08-21,1.671858,1.66542,1.670497,1.666801,0.0,65400.0
2006-08-22,1.634955,1.634955,1.670497,1.634955,0.0,381.0
2006-08-23,1.670497,1.670497,1.670497,1.670497,0.0,0.0
2006-08-24,1.670497,1.670497,1.670497,1.670497,0.0,0.0
2006-08-25,1.670497,1.670497,1.670497,1.670497,0.0,0.0
2006-08-28,1.670497,1.670497,1.670497,1.670497,0.0,0.0
2006-08-29,1.711117,1.634955,1.68573,1.655265,0.0,27649.0
2006-08-30,1.72635,1.64511,1.695885,1.64511,0.0,27908.0
2006-08-31,1.8279,1.68573,1.70604,1.721272,0.0,80551.0
2006-09-01,1.72635,1.690807,1.695885,1.690807,0.0,32208.0
2006-09-04,1.695885,1.695885,1.695885,1.695885,0.0,0.0
2006-09-05,1.66542,1.66542,1.700962,1.66542,0.0,372.0
2006-09-06,1.711117,1.711117,1.711117,1.711117,0.0,1.0
2006-09-07,1.711117,1.711117,1.711117,1.711117,0.0,0.0
2006-09-08,1.68573,1.68573,1.675575,1.68573,0.0,13180.0
2006-09-11,1.72635,1.66217,1.72635,1.721272,0.0,405669.0
2006-09-12,1.741582,1.64511,1.70604,1.741582,0.0,58150.0
2006-09-13,1.70604,1.675575,1.690807,1.675575,0.0,84410.0
2006-09-14,1.76697,1.670497,1.761892,1.670497,0.0,54598.0
2006-09-15,1.795648,1.785757,1.8279,1.795648,0.0,6422.0
2006-09-18,1.8279,1.8279,1.8279,1.8279,0.0,0.0
2006-09-19,1.822822,1.76697,1.797435,1.76697,0.0,3188320.0
2006-09-20,1.787483,1.74666,1.751737,1.787483,0.0,7222140.0
2006-09-21,1.76697,1.695885,1.716195,1.76697,0.0,138310.0
2006-09-22,1.68573,1.58418,1.614645,1.68573,0.0,75559.0
2006-09-25,1.707746,1.52325,1.589257,1.548637,0.0,694624.0
2006-09-26,1.66542,1.6248,1.680652,1.6248,0.0,98364.0
2006-09-27,1.680652,1.634955,1.670497,1.634955,0.0,46573.0
2006-09-28,1.680652,1.6248,1.64511,1.655265,0.0,131374.0
2006-09-29,1.72635,1.631705,1.72635,1.64511,0.0,530750.0
2006-10-02,1.66542,1.640032,1.64511,1.655265,0.0,26990.0
2006-10-03,1.6248,1.6248,1.650187,1.6248,0.0,20460.0
2006-10-04,1.629877,1.60449,1.619722,1.629877,0.0,26400.0
2006-10-05,1.629877,1.594335,1.6248,1.629877,0.0,482140.0
2006-10-06,1.6248,1.6248,1.6248,1.6248,0.0,0.0
2006-10-09,1.6248,1.568947,1.609567,1.568947,0.0,276934.0
2006-10-10,1.609567,1.609567,1.609567,1.609567,0.0,0.0
2006-10-11,1.579102,1.56387,1.619722,1.579102,0.0,2485.0
2006-10-12,1.60449,1.573619,1.609567,1.594335,0.0,54400.0
2006-10-13,1.589257,1.58418,1.58418,1.58418,0.0,19525.0
2006-10-16,1.6248,1.6248,1.619722,1.6248,0.0,14999.0
2006-10-17,1.670497,1.6248,1.670497,1.6248,0.0,82499.0
2006-10-18,1.66542,1.6248,1.66542,1.6248,0.0,296430.0
2006-10-19,1.6248,1.599616,1.594335,1.6248,0.0,586992.0
2006-10-20,1.58743,1.574025,1.594335,1.58418,0.0,706902.0
2006-10-23,1.594335,1.594335,1.594335,1.594335,0.0,0.0
2006-10-24,1.60774,1.599616,1.6248,1.60449,0.0,20000.0
2006-10-25,1.6248,1.6248,1.6248,1.6248,0.0,0.0
2006-10-26,1.62805,1.60449,1.609567,1.6248,0.0,129735.0
2006-10-27,1.6248,1.60449,1.609567,1.6248,0.0,540134.0
2006-10-30,1.650187,1.58418,1.629877,1.58418,0.0,111842.0
2006-10-31,1.700962,1.627237,1.700962,1.629877,0.0,177339.0
2006-11-01,1.646329,1.640032,1.634955,1.64511,0.0,130248.0
2006-11-02,1.68573,1.634955,1.655265,1.634955,0.0,89000.0
2006-11-03,1.680652,1.6248,1.655265,1.6248,0.0,218233.0
2006-11-06,1.679637,1.6248,1.680652,1.6248,0.0,472350.0
2006-11-07,1.670497,1.6248,1.670497,1.638814,0.0,402.0
2006-11-08,1.655265,1.6248,1.690807,1.629877,0.0,22803.0
2006-11-09,1.6248,1.6248,1.680652,1.6248,0.0,3063.0
2006-11-10,1.629877,1.6248,1.6248,1.629877,0.0,14942.0
2006-11-13,1.64511,1.56387,1.6248,1.64511,0.0,491337.0
2006-11-14,1.66542,1.619722,1.64511,1.619722,0.0,42053.0
2006-11-15,1.66542,1.58418,1.6248,1.599412,0.0,34273.0
2006-11-16,1.594335,1.594335,1.634955,1.594335,0.0,30965.0
2006-11-17,1.64511,1.640032,1.629877,1.64511,0.0,62402.0
2006-11-20,1.634143,1.634143,1.634955,1.634143,0.0,911.0
2006-11-21,1.651203,1.651203,1.6248,1.651203,0.0,1780.0
2006-11-22,1.64511,1.64511,1.629877,1.64511,0.0,8409.0
2006-11-23,1.614645,1.594335,1.594335,1.614645,0.0,536425.0
2006-11-24,1.594335,1.594335,1.594335,1.594335,0.0,0.0
2006-11-27,1.621753,1.58418,1.574025,1.621753,0.0,229700.0
2006-11-28,1.579102,1.553715,1.579102,1.579102,0.0,150188.0
2006-11-29,1.594335,1.50294,1.50294,1.594335,0.0,292760.0
2006-11-30,1.56387,1.46232,1.56387,1.50294,0.0,543806.0
2006-12-01,1.54356,1.508017,1.54356,1.508017,0.0,12903.0
2006-12-04,1.52325,1.52325,1.52325,1.52325,0.0,400000.0
2006-12-05,1.52325,1.52325,1.52325,1.52325,0.0,0.0
2006-12-06,1.538482,1.513095,1.518172,1.528327,0.0,2324318.0
2006-12-07,1.574025,1.518172,1.533405,1.518172,0.0,103514.0
2006-12-08,1.568947,1.533405,1.56387,1.568947,0.0,192829.0
2006-12-11,1.54356,1.54356,1.548637,1.54356,0.0,981381.0
2006-12-12,1.548231,1.50294,1.50294,1.54356,0.0,4976422.0
2006-12-13,1.50294,1.487707,1.52325,1.487707,0.0,16987.0
2006-12-14,1.56387,1.48263,1.56387,1.48263,0.0,3014349.0
2006-12-15,1.589257,1.558792,1.589257,1.558792,0.0,51970.0
2006-12-18,1.58418,1.58418,1.574025,1.58418,0.0,12500.0
2006-12-19,1.58418,1.579102,1.579102,1.58418,0.0,860.0
2006-12-20,1.579102,1.579102,1.579102,1.579102,0.0,0.0
2006-12-21,1.594335,1.581743,1.599412,1.581743,0.0,71219.0
2006-12-22,1.599412,1.599412,1.599412,1.599412,0.0,0.0
2006-12-25,1.599412,1.599412,1.599412,1.599412,0.0,0.0
2006-12-26,1.599412,1.599412,1.599412,1.599412,0.0,0.0
2006-12-27,1.599412,1.599412,1.599412,1.599412,0.0,0.0
2006-12-28,1.619722,1.619722,1.619722,1.619722,0.0,138.0
2006-12-29,1.660342,1.619722,1.660342,1.619722,0.0,62500.0
2007-01-01,1.660342,1.660342,1.660342,1.660342,0.0,0.0
2007-01-02,1.66542,1.64511,1.634955,1.64511,0.0,58881.0
2007-01-03,1.6248,1.614645,1.64511,1.6248,0.0,9671.0
2007-01-04,1.619722,1.614645,1.655265,1.614645,0.0,522594.0
2007-01-05,1.619722,1.618707,1.650187,1.619722,0.0,12090.0
2007-01-08,1.60449,1.574025,1.58418,1.60449,0.0,554393.0
2007-01-09,1.64511,1.594335,1.619722,1.594335,0.0,70445.0
2007-01-10,1.619722,1.619722,1.619722,1.619722,0.0,0.0
2007-01-11,1.619722,1.579102,1.609567,1.619722,0.0,14045.0
2007-01-12,1.629877,1.594335,1.6248,1.629877,0.0,58830.0
2007-01-15,1.612106,1.612106,1.609567,1.612106,0.0,10759.0
2007-01-16,1.609567,1.609567,1.609567,1.609567,0.0,0.0
2007-01-17,1.64511,1.614645,1.634955,1.614645,0.0,15593.0
2007-01-18,1.660342,1.60449,1.634955,1.619722,0.0,417340.0
2007-01-19,1.629877,1.60449,1.660342,1.6248,0.0,514898.0
2007-01-22,1.6248,1.60449,1.6248,1.6248,0.0,26707.0
2007-01-23,1.609567,1.609567,1.609567,1.609567,0.0,1.0
2007-01-24,1.599412,1.599412,1.589257,1.599412,0.0,2500.0
2007-01-25,1.614645,1.58418,1.599412,1.58418,0.0,3514.0
2007-01-26,1.609567,1.609567,1.609567,1.609567,0.0,1.0
2007-01-29,1.646125,1.64511,1.609567,1.64511,0.0,7492.0
2007-01-30,1.609567,1.609567,1.609567,1.609567,0.0,0.0
2007-01-31,1.675575,1.566104,1.675575,1.574025,0.0,43667.0
2007-02-01,1.66542,1.6248,1.574025,1.64511,0.0,17254.0
2007-02-02,1.64511,1.64511,1.609567,1.64511,0.0,3000.0
2007-02-05,1.646125,1.644094,1.60449,1.644094,0.0,4944.0
2007-02-06,1.568947,1.568947,1.568947,1.568947,0.0,6770.0
2007-02-07,1.591898,1.590882,1.58418,1.590882,0.0,3405.0
2007-02-08,1.586617,1.567932,1.568947,1.579306,0.0,49973.0
2007-02-09,1.60449,1.568947,1.58418,1.568947,0.0,22722.0
2007-02-12,1.584383,1.584383,1.58418,1.584383,0.0,1449.0
2007-02-13,1.6248,1.60449,1.60449,1.60449,0.0,21722.0
2007-02-14,1.614645,1.614645,1.614645,1.614645,0.0,1.0
2007-02-15,1.650187,1.619722,1.619722,1.6248,0.0,78478.0
2007-02-16,1.619722,1.619722,1.619722,1.619722,0.0,0.0
2007-02-19,1.619722,1.619722,1.619722,1.619722,0.0,0.0
2007-02-20,1.650187,1.6248,1.634955,1.650187,0.0,40848.0
2007-02-21,1.634955,1.634955,1.634955,1.634955,0.0,0.0
2007-02-22,1.6248,1.6248,1.614645,1.6248,0.0,33442.0
2007-02-23,1.614645,1.614645,1.614645,1.614645,0.0,0.0
2007-02-26,1.614645,1.614645,1.614645,1.614645,0.0,0.0
2007-02-27,1.629877,1.58418,1.58418,1.589257,0.0,16779.0
2007-02-28,1.66542,1.6248,1.66542,1.6248,0.0,1220629.0
2007-03-01,1.716195,1.6248,1.6248,1.634955,0.0,1065157.0
2007-03-02,1.614645,1.614645,1.614645,1.614645,0.0,1.0
2007-03-05,1.64511,1.60449,1.6248,1.6248,0.0,797359.0
2007-03-06,1.627562,1.6248,1.640032,1.6248,0.0,1494340.0
2007-03-07,1.64511,1.640032,1.640032,1.640032,0.0,1217400.0
2007-03-08,1.671716,1.634955,1.660342,1.671716,0.0,547934.0
2007-03-09,1.655265,1.655265,1.655265,1.655265,0.0,1.0
2007-03-12,1.660342,1.660342,1.650187,1.660342,0.0,228.0
2007-03-13,1.64511,1.64511,1.64511,1.64511,0.0,1.0
2007-03-14,1.675575,1.6248,1.68573,1.640032,0.0,466597.0
2007-03-15,1.74666,1.660342,1.731427,1.665623,0.0,1552264.0
2007-03-16,1.72899,1.68573,1.68573,1.716957,0.0,1202692.0
2007-03-19,1.690807,1.670497,1.68573,1.68573,0.0,12430.0
2007-03-20,1.700962,1.64511,1.700962,1.670497,0.0,88169.0
2007-03-21,1.742598,1.741582,1.716195,1.741582,0.0,199953.0
2007-03-22,1.817745,1.736505,1.80759,1.736505,0.0,1041044.0
2007-03-23,1.80759,1.74666,1.74666,1.767579,0.0,3290746.0
2007-03-26,1.8279,1.80759,1.8279,1.80759,0.0,50000.0
2007-03-27,1.86852,1.843132,1.863442,1.843132,0.0,335802.0
2007-03-28,1.873597,1.817745,1.86852,1.873597,0.0,1253009.0
2007-03-29,1.871363,1.865677,1.878675,1.865717,0.0,1003187.0
2007-03-30,1.92945,1.853287,1.92945,1.853287,0.0,539112.0
2007-04-02,1.964992,1.873597,1.939605,1.90914,0.0,68025.0
2007-04-03,1.944682,1.90914,1.90914,1.944682,0.0,33113.0
2007-04-04,1.92945,1.883752,1.883752,1.92945,0.0,1593932.0
2007-04-05,1.88883,1.887611,1.88883,1.88883,0.0,34595.0
2007-04-06,1.88883,1.88883,1.88883,1.88883,0.0,0.0
2007-04-09,1.88883,1.88883,1.88883,1.88883,0.0,0.0
2007-04-10,1.99038,1.904062,1.94976,1.939605,0.0,102420.0
2007-04-11,1.898985,1.88883,1.88883,1.893907,0.0,4186132.0
2007-04-12,1.88883,1.86852,1.898985,1.878675,0.0,395053.0
2007-04-13,1.88883,1.84821,1.904062,1.84821,0.0,5922.0
2007-04-16,1.92945,1.84821,1.88883,1.92945,0.0,51230.0
2007-04-17,1.90914,1.84821,1.883752,1.90914,0.0,267446.0
2007-04-18,1.90914,1.8279,1.88883,1.881518,0.0,497336.0
2007-04-19,1.92945,1.878675,1.90914,1.92945,0.0,5778552.0
2007-04-20,1.92945,1.898985,1.914217,1.92945,0.0,9499978.0
2007-04-23,1.904062,1.898985,1.904062,1.904062,0.0,1165447.0
2007-04-24,1.92945,1.928231,1.90914,1.92945,0.0,16340.0
2007-04-25,1.898985,1.898985,1.898985,1.898985,0.0,1.0
2007-04-26,1.928231,1.928231,1.914217,1.928231,0.0,10993.0
2007-04-27,1.902641,1.897766,1.914217,1.902641,0.0,40613.0
2007-04-30,1.90914,1.898985,1.904062,1.90914,0.0,27286.0
2007-05-01,1.902214,1.898985,1.90914,1.898985,0.0,623337.0
2007-05-02,1.92945,1.898985,1.92945,1.92945,0.0,156274.0
2007-05-03,2.005612,1.898985,2.005612,1.898985,0.0,840264.0
2007-05-04,2.07162,2.000535,2.000535,2.01069,0.0,427383.0
2007-05-06,2.000535,2.000535,2.000535,2.000535,0.0,0.0
2007-05-07,2.000535,2.000535,2.000535,2.000535,0.0,0.0
2007-05-08,2.07162,1.99038,2.025922,2.07162,0.0,523667.0
2007-05-09,2.01069,1.94976,1.99038,1.983881,0.0,415767.0
2007-05-10,1.94976,1.92945,1.959915,1.94976,0.0,42840.0
2007-05-11,1.92945,1.919295,1.964992,1.92945,0.0,4149091.0
2007-05-14,1.931278,1.914217,1.914217,1.919295,0.0,202500.0
2007-05-15,1.995457,1.957072,2.036077,1.995457,0.0,27248779.0
2007-05-16,2.031,1.97007,2.031,1.975757,0.0,5418956.0
2007-05-17,1.976366,1.959915,2.005612,1.959915,0.0,75957.0
2007-05-18,1.964992,1.959915,1.995457,1.964992,0.0,17570.0
2007-05-21,1.965805,1.965805,2.000535,1.965805,0.0,15503.0
2007-05-22,2.05131,1.99038,2.000535,1.99038,0.0,35479.0
2007-05-23,2.07162,2.025922,2.066542,2.025922,0.0,58158.0
2007-05-24,2.107162,2.05131,2.107162,2.05131,0.0,106644.0
2007-05-25,2.13255,1.99038,2.11224,2.076697,0.0,10075854.0
2007-05-28,2.11224,2.11224,2.11224,2.11224,0.0,0.0
2007-05-29,2.07162,2.07162,2.086852,2.07162,0.0,2500.0
2007-05-30,2.086852,2.086852,2.086852,2.086852,0.0,0.0
2007-05-31,2.13255,1.99038,2.05131,1.99038,0.0,1088788.0
2007-06-01,2.056387,2.056387,2.056387,2.056387,0.0,1.0
2007-06-04,2.097007,2.036077,2.056387,2.036077,0.0,31600.0
2007-06-05,2.041155,2.031,2.031,2.041155,0.0,5596.0
2007-06-06,2.11224,2.05131,2.081775,2.061465,0.0,47477.0
2007-06-07,2.041155,2.031,2.020845,2.041155,0.0,15946.0
2007-06-08,2.09193,2.031,2.061465,2.031,0.0,64768.0
2007-06-11,2.13255,2.09193,2.13255,2.092133,0.0,23808.0
2007-06-12,2.13255,2.13255,2.13255,2.13255,0.0,0.0
2007-06-13,2.054356,2.05131,2.081775,2.05131,0.0,12092.0
2007-06-14,2.183325,2.108584,2.183325,2.13255,0.0,36798.0
2007-06-15,2.157937,2.01069,2.01069,2.09193,0.0,76460.0
2007-06-18,2.081775,2.05131,2.081775,2.05131,0.0,44495.0
2007-06-19,2.050498,2.046232,2.061465,2.046232,0.0,3000.0
2007-06-20,2.05131,2.05131,2.061465,2.05131,0.0,13811.0
2007-06-21,2.061465,2.061465,2.061465,2.061465,0.0,0.0
2007-06-22,2.041155,2.01069,2.056387,2.041155,0.0,8000.0
2007-06-25,2.031,2.01069,2.000535,2.020845,0.0,15774.0
2007-06-26,1.97007,1.97007,1.995457,1.97007,0.0,42949.0
2007-06-27,2.031,1.97007,2.000535,1.97007,0.0,37459.0
2007-06-28,2.031,1.97007,2.000535,2.031,0.0,29020.0
2007-06-29,2.05131,2.025922,2.020845,2.025922,0.0,19590.0
2007-07-02,1.980225,1.97007,2.000535,1.97007,0.0,181156.0
2007-07-03,1.97007,1.97007,1.97007,1.97007,0.0,1556.0
2007-07-04,2.041155,2.041155,2.041155,2.041155,0.0,1585.0
2007-07-05,2.025922,2.025922,2.025922,2.025922,0.0,320.0
2007-07-06,2.025922,2.025922,2.025922,2.025922,0.0,0.0
2007-07-09,2.025922,2.025922,2.025922,2.025922,0.0,0.0
2007-07-10,2.031,1.924372,2.000535,1.944682,0.0,103695.0
2007-07-11,2.045,1.96,1.99,2.03,0.0,74307.0
2007-07-12,1.985,1.985,1.985,1.985,0.0,1.0
2007-07-13,2.03,1.965,2.0,2.02,0.0,8625.0
2007-07-16,1.985,1.9778,1.985,1.9778,0.0,2113932.0
2007-07-17,2.02,2.0,2.02,2.0,0.0,5000.0
2007-07-18,2.02,1.99,2.025,2.02,0.0,4873631.0
2007-07-19,2.03,2.03,2.04,2.03,0.0,3500000.0
2007-07-20,2.0,2.0,2.0125,2.0,0.0,4540.0
2007-07-23,2.0,2.0,2.03,2.0,0.0,4080.0
2007-07-24,2.02,2.02,2.025,2.02,0.0,11400.0
2007-07-25,2.02,2.0,2.035,2.02,0.0,36000.0
2007-07-26,2.037,2.02,2.0375,2.02,0.0,22350.0
2007-07-27,2.04,2.0025,2.0025,2.04,0.0,5.0
2007-07-30,2.0025,2.0025,2.0025,2.0025,0.0,0.0
2007-07-31,2.0025,2.0025,2.0025,2.0025,0.0,0.0
2007-08-01,2.03,1.96,2.005,1.9625,0.0,4557.0
2007-08-02,1.97,1.96,1.995,1.97,0.0,10886.0
2007-08-03,1.96,1.95,1.9825,1.96,0.0,9520.0
2007-08-06,1.95,1.95,1.97,1.95,0.0,8780.0
2007-08-07,1.97,1.97,1.97,1.97,0.0,0.0
2007-08-08,1.985,1.965,1.965,1.985,0.0,25142.0
2007-08-09,2.03,1.945,2.03,1.945,0.0,11288.0
2007-08-10,2.0,2.0,2.0175,2.0,0.0,2954.0
2007-08-13,2.023,2.02,2.05,2.0225,0.0,801.0
2007-08-14,2.025,2.02,2.0425,2.02,0.0,5000.0
2007-08-15,2.0425,2.0425,2.0425,2.0425,0.0,0.0
2007-08-16,2.1,2.06,2.06,2.06,0.0,5029.0
2007-08-17,2.115,2.06,2.0975,2.06,0.0,15534.0
2007-08-20,2.0875,2.0875,2.0875,2.0875,0.0,1.0
2007-08-21,2.0875,2.0875,2.0875,2.0875,0.0,0.0
2007-08-22,2.0875,2.0875,2.0875,2.0875,0.0,0.0
2007-08-23,2.07,2.07,2.05,2.07,0.0,5000.0
2007-08-24,2.05,2.05,2.06,2.05,0.0,44500.0
2007-08-27,2.06,2.06,2.06,2.06,0.0,0.0
2007-08-28,2.06,2.06,2.06,2.06,0.0,0.0
2007-08-29,2.11,2.11,2.07,2.11,0.0,1477.0
2007-08-30,2.07,2.07,2.07,2.07,0.0,0.0
2007-08-31,2.07,2.07,2.07,2.07,0.0,0.0
2007-09-03,2.07,2.07,2.07,2.07,0.0,0.0
2007-09-04,2.07,2.07,2.07,2.07,0.0,0.0
2007-09-05,2.07,2.07,2.07,2.07,0.0,0.0
2007-09-06,2.07,2.07,2.07,2.07,0.0,0.0
2007-09-07,2.07,2.07,2.07,2.07,0.0,0.0
2007-09-10,2.07,2.07,2.07,2.07,0.0,0.0
2007-09-11,2.11,2.11,2.07,2.11,0.0,1477.0
2007-09-12,2.07,2.07,2.07,2.07,0.0,0.0
2007-09-13,2.07,2.07,2.07,2.07,0.0,0.0
2007-09-14,2.07,2.07,2.07,2.07,0.0,0.0
2007-09-17,2.07,2.07,2.07,2.07,0.0,0.0
2007-09-18,2.07,2.07,2.07,2.07,0.0,0.0
2007-09-19,2.07,2.07,2.07,2.07,0.0,0.0
2007-09-20,2.07,2.07,2.07,2.07,0.0,0.0
2007-09-21,2.07,2.07,2.07,2.07,0.0,0.0
2007-09-24,2.07,2.07,2.07,2.07,0.0,0.0
2007-09-25,2.081,2.0,2.085,2.05,0.0,30395.0
2007-09-26,2.085,2.085,2.085,2.085,0.0,0.0
2007-09-27,2.02,2.01,2.045,2.02,0.0,3100.0
2007-09-28,2.045,2.045,2.045,2.045,0.0,0.0
2007-10-01,2.045,2.045,2.045,2.045,0.0,0.0
2007-10-02,2.0,2.0,2.04,2.0,0.0,2096.0
2007-10-03,2.04,2.04,2.04,2.04,0.0,0.0
2007-10-04,2.04,2.04,2.04,2.04,0.0,0.0
2007-10-05,2.04,2.04,2.04,2.04,0.0,0.0
2007-10-08,2.04,2.04,2.04,2.04,0.0,0.0
2007-10-09,2.04,2.04,2.04,2.04,0.0,0.0
2007-10-10,2.0,2.0,1.995,2.0,0.0,5500.0
2007-10-11,1.995,1.995,1.995,1.995,0.0,0.0
2007-10-12,1.995,1.995,1.995,1.995,0.0,0.0
2007-10-15,1.988,1.98,1.9875,1.98,0.0,10070.0
2007-10-16,1.9875,1.9875,1.9875,1.9875,0.0,0.0
2007-10-17,1.9875,1.9875,1.9875,1.9875,0.0,0.0
2007-10-18,1.9875,1.9875,1.9875,1.9875,0.0,0.0
2007-10-19,1.9875,1.9875,1.9875,1.9875,0.0,0.0
2007-10-22,1.9875,1.9875,1.9875,1.9875,0.0,0.0
2007-10-23,1.9875,1.9875,1.9875,1.9875,0.0,0.0
2007-10-24,1.9875,1.9875,1.9875,1.9875,0.0,0.0
2007-10-25,1.9875,1.9875,1.9875,1.9875,0.0,0.0
2007-10-26,1.9875,1.9875,1.9875,1.9875,0.0,0.0
2007-10-29,1.9875,1.9875,1.9875,1.9875,0.0,0.0
2007-10-30,1.9875,1.9875,1.9875,1.9875,0.0,0.0
2007-10-31,1.93,1.93,1.93,1.93,0.0,720.0
2007-11-01,1.93,1.93,1.93,1.93,0.0,0.0
2007-11-02,1.93,1.93,1.93,1.93,0.0,0.0
2007-11-05,1.93,1.93,1.93,1.93,0.0,0.0
2007-11-06,1.93,1.93,1.93,1.93,0.0,0.0
2007-11-07,1.93,1.93,1.93,1.93,0.0,0.0
2007-11-08,1.93,1.93,1.93,1.93,0.0,0.0
2007-11-09,1.93,1.93,1.93,1.93,0.0,0.0
2007-11-12,1.98,1.98,1.98,1.98,0.0,2241.0
2007-11-13,1.93,1.93,1.955,1.93,0.0,2241.0
2007-11-14,1.93,1.93,1.93,1.93,0.0,648.0
2007-11-15,1.93,1.93,1.93,1.93,0.0,0.0
2007-11-16,1.92,1.92,1.92,1.92,0.0,584.0
2007-11-19,1.92,1.92,1.92,1.92,0.0,0.0
2007-11-20,1.95,1.95,1.935,1.95,0.0,2500.0
2007-11-21,1.935,1.935,1.935,1.935,0.0,0.0
2007-11-22,1.935,1.935,1.935,1.935,0.0,0.0
2007-11-23,1.92,1.92,1.9225,1.92,0.0,1820.0
2007-11-26,1.9225,1.9225,1.9225,1.9225,0.0,0.0
2007-11-27,1.9225,1.9225,1.9225,1.9225,0.0,0.0
2007-11-28,1.9225,1.9225,1.9225,1.9225,0.0,0.0
2007-11-29,1.9225,1.9225,1.9225,1.9225,0.0,0.0
2007-11-30,1.9225,1.9225,1.9225,1.9225,0.0,0.0
2007-12-03,1.9225,1.9225,1.9225,1.9225,0.0,0.0
2007-12-04,1.9225,1.9225,1.9225,1.9225,0.0,0.0
2007-12-05,1.9225,1.9225,1.9225,1.9225,0.0,0.0
2007-12-06,1.895,1.89,1.8875,1.895,0.0,2500.0
2007-12-07,1.8875,1.8875,1.8875,1.8875,0.0,0.0
2007-12-10,1.92,1.92,1.92,1.92,0.0,2500.0
2007-12-11,1.92,1.92,1.92,1.92,0.0,0.0
2007-12-12,1.92,1.92,1.92,1.92,0.0,0.0
2007-12-13,1.92,1.92,1.92,1.92,0.0,0.0
2007-12-14,1.92,1.92,1.92,1.92,0.0,0.0
2007-12-17,1.92,1.92,1.92,1.92,0.0,0.0
2007-12-18,1.95,1.95,1.955,1.95,0.0,2500.0
2007-12-19,1.955,1.955,1.955,1.955,0.0,0.0
2007-12-20,1.955,1.955,1.955,1.955,0.0,0.0
2007-12-21,1.955,1.955,1.955,1.955,0.0,0.0
2007-12-24,1.955,1.955,1.955,1.955,0.0,0.0
2007-12-25,1.955,1.955,1.955,1.955,0.0,0.0
2007-12-26,1.955,1.955,1.955,1.955,0.0,0.0
2007-12-27,1.955,1.955,1.955,1.955,0.0,0.0
2007-12-28,1.955,1.955,1.955,1.955,0.0,0.0
2007-12-31,1.955,1.955,1.955,1.955,0.0,0.0
2008-01-01,1.955,1.955,1.955,1.955,0.0,0.0
2008-01-02,1.955,1.955,1.955,1.955,0.0,0.0
2008-01-03,1.955,1.955,1.955,1.955,0.0,0.0
2008-01-04,1.98,1.98,1.9775,1.98,0.0,2650.0
2008-01-07,1.9775,1.9775,1.9775,1.9775,0.0,0.0
2008-01-08,1.9775,1.9775,1.9775,1.9775,0.0,0.0
2008-01-09,1.9775,1.9775,1.9775,1.9775,0.0,0.0
2008-01-10,1.9775,1.9775,1.9775,1.9775,0.0,0.0
2008-01-11,1.9775,1.9775,1.9775,1.9775,0.0,0.0
2008-01-14,1.9775,1.9775,1.9775,1.9775,0.0,0.0
2008-01-15,1.9775,1.9775,1.9775,1.9775,0.0,0.0
2008-01-16,1.9775,1.9775,1.9775,1.9775,0.0,0.0
2008-01-17,1.9775,1.9775,1.9775,1.9775,0.0,0.0
2008-01-18,1.9775,1.9775,1.9775,1.9775,0.0,0.0
2008-01-21,1.9775,1.9775,1.9775,1.9775,0.0,0.0
2008-01-22,1.9775,1.9775,1.9775,1.9775,0.0,0.0
2008-01-23,1.9775,1.9775,1.9775,1.9775,0.0,0.0
2008-01-24,1.9775,1.9775,1.9775,1.9775,0.0,0.0
2008-01-25,1.9775,1.9775,1.9775,1.9775,0.0,0.0
2008-01-28,2.04,2.04,2.025,2.04,0.0,1612.0
2008-01-29,2.08,2.05,2.04,2.05,0.0,4707.0
2008-01-30,2.04,2.04,2.04,2.04,0.0,0.0
2008-01-31,2.04,2.04,2.04,2.04,0.0,0.0
2008-02-01,2.04,2.04,2.04,2.04,0.0,0.0
2008-02-04,2.04,2.04,2.04,2.04,0.0,0.0
2008-02-05,2.04,2.04,2.04,2.04,0.0,0.0
2008-02-06,2.04,2.04,2.04,2.04,0.0,0.0
2008-02-07,2.04,2.04,2.04,2.04,0.0,0.0
2008-02-08,2.04,2.04,2.04,2.04,0.0,0.0
2008-02-11,2.04,2.04,2.04,2.04,0.0,0.0
2008-02-12,2.04,2.04,2.04,2.04,0.0,0.0
2008-02-13,2.04,2.04,2.04,2.04,0.0,0.0
2008-02-14,2.04,2.04,2.04,2.04,0.0,0.0
2008-02-15,2.04,2.04,2.04,2.04,0.0,0.0
2008-02-18,2.04,2.04,2.04,2.04,0.0,0.0
2008-02-19,2.04,2.04,2.04,2.04,0.0,0.0
2008-02-20,2.04,2.04,2.04,2.04,0.0,0.0
2008-02-21,2.04,2.04,2.04,2.04,0.0,0.0
2008-02-22,2.04,2.04,2.04,2.04,0.0,0.0
2008-02-25,2.04,2.04,2.04,2.04,0.0,0.0
2008-02-26,2.03,2.0,2.03,2.03,0.0,22000.0
2008-02-27,2.02,2.02,2.03,2.02,0.0,8640.0
2008-02-28,2.04,2.04,2.06,2.04,0.0,2500.0
2008-02-29,2.06,2.06,2.06,2.06,0.0,0.0
2008-03-03,2.06,2.06,2.06,2.06,0.0,0.0
2008-03-04,2.06,2.06,2.06,2.06,0.0,0.0
2008-03-05,2.06,2.06,2.06,2.06,0.0,0.0
2008-03-06,2.06,2.06,2.06,2.06,0.0,0.0
2008-03-07,2.06,2.06,2.06,2.06,0.0,0.0
2008-03-10,2.06,2.06,2.06,2.06,0.0,0.0
2008-03-11,2.06,2.06,2.06,2.06,0.0,0.0
2008-03-12,2.06,2.06,2.06,2.06,0.0,0.0
2008-03-13,2.04,2.04,2.06,2.04,0.0,4404.0
2008-03-14,2.09,2.08,2.09,2.08,0.0,5150.0
2008-03-17,2.09,2.09,2.09,2.09,0.0,0.0
2008-03-18,2.09,2.09,2.09,2.09,0.0,0.0
2008-03-19,2.09,2.09,2.09,2.09,0.0,0.0
2008-03-20,2.09,2.09,2.09,2.09,0.0,0.0
2008-03-21,2.09,2.09,2.09,2.09,0.0,0.0
2008-03-24,2.09,2.09,2.09,2.09,0.0,0.0
2008-03-25,2.0725,2.0725,2.0725,2.0725,0.0,1.0
2008-03-26,2.07,2.07,2.07,2.07,0.0,1.0
2008-03-27,2.09,2.09,2.09,2.09,0.0,1.0
2008-03-28,2.08,2.08,2.09,2.08,0.0,256.0
2008-03-31,2.09,2.09,2.09,2.09,0.0,0.0
2008-04-01,2.09,2.09,2.09,2.09,0.0,0.0
2008-04-02,2.08,2.08,2.09,2.08,0.0,1612.0
2008-04-03,2.07,2.07,2.07,2.07,0.0,1.0
2008-04-04,2.09,2.09,2.09,2.09,0.0,1.0
2008-04-07,2.095,2.095,2.095,2.095,0.0,1.0
2008-04-08,2.08,2.08,2.08,2.08,0.0,1.0
2008-04-09,2.095,2.095,2.095,2.095,0.0,1.0
2008-04-10,2.08,2.08,2.095,2.08,0.0,81333.0
2008-04-11,2.08,2.08,2.08,2.08,0.0,1.0
2008-04-14,2.095,2.095,2.095,2.095,0.0,1.0
2008-04-15,2.08,2.08,2.095,2.08,0.0,592.0
2008-04-16,2.095,2.095,2.095,2.095,0.0,0.0
2008-04-17,2.0825,2.0825,2.0825,2.0825,0.0,1.0
2008-04-18,2.11,2.11,2.0925,2.11,0.0,574.0
2008-04-21,2.105,2.105,2.105,2.105,0.0,1.0
2008-04-22,2.0925,2.0925,2.0925,2.0925,0.0,1.0
2008-04-23,2.0925,2.0925,2.0925,2.0925,0.0,0.0
2008-04-24,2.0925,2.0925,2.0925,2.0925,0.0,0.0
2008-04-25,2.09,2.09,2.09,2.09,0.0,1.0
2008-04-28,2.09,2.09,2.09,2.09,0.0,0.0
2008-04-29,2.09,2.09,2.09,2.09,0.0,0.0
2008-04-30,2.09,2.09,2.09,2.09,0.0,0.0
2008-05-01,2.09,2.09,2.09,2.09,0.0,0.0
2008-05-02,2.09,2.09,2.09,2.09,0.0,0.0
2008-05-05,2.09,2.09,2.09,2.09,0.0,0.0
2008-05-06,2.09,2.09,2.09,2.09,0.0,0.0
2008-05-07,2.09,2.09,2.09,2.09,0.0,0.0
2008-05-08,2.09,2.09,2.09,2.09,0.0,0.0
2008-05-09,2.09,2.09,2.09,2.09,0.0,0.0
2008-05-12,2.09,2.09,2.09,2.09,0.0,0.0
2008-05-13,2.09,2.09,2.09,2.09,0.0,0.0
2008-05-14,2.09,2.09,2.09,2.09,0.0,0.0
2008-05-15,2.09,2.09,2.09,2.09,0.0,0.0
2008-05-16,2.09,2.09,2.09,2.09,0.0,0.0
2008-05-19,2.09,2.09,2.09,2.09,0.0,0.0
2008-05-20,2.09,2.09,2.09,2.09,0.0,0.0
2008-05-21,2.09,2.09,2.09,2.09,0.0,0.0
2008-05-22,2.09,2.09,2.09,2.09,0.0,0.0
2008-05-23,2.09,2.09,2.09,2.09,0.0,0.0
2008-05-26,2.09,2.09,2.09,2.09,0.0,0.0
2008-05-27,2.09,2.09,2.09,2.09,0.0,0.0
2008-05-28,2.09,2.09,2.09,2.09,0.0,0.0
2008-05-29,2.12,2.12,2.12,2.12,0.0,1.0
2008-05-30,2.12,2.12,2.12,2.12,0.0,0.0
2008-06-02,2.12,2.12,2.12,2.12,0.0,0.0
2008-06-03,2.1,2.1,2.1,2.1,0.0,1.0
2008-06-04,2.12,2.12,2.12,2.12,0.0,1.0
2008-06-05,2.12,2.12,2.12,2.12,0.0,0.0
2008-06-06,2.12,2.12,2.12,2.12,0.0,0.0
2008-06-09,2.12,2.12,2.12,2.12,0.0,0.0
2008-06-10,2.17,2.13,2.14,2.13,0.0,3624.0
2008-06-11,2.14,2.14,2.14,2.14,0.0,0.0
2008-06-12,2.14,2.14,2.14,2.14,0.0,0.0
2008-06-13,2.14,2.14,2.14,2.14,0.0,0.0
2008-06-16,2.145,2.145,2.145,2.145,0.0,1.0
2008-06-17,2.14,2.14,2.14,2.14,0.0,1.0
2008-06-18,2.11,2.1,2.1025,2.11,0.0,197.0
2008-06-19,2.145,2.145,2.145,2.145,0.0,1.0
2008-06-20,2.145,2.145,2.145,2.145,0.0,0.0
2008-06-23,2.145,2.145,2.145,2.145,0.0,0.0
2008-06-24,2.18,2.18,2.145,2.18,0.0,72.0
2008-06-25,2.16,2.16,2.16,2.16,0.0,1.0
2008-06-26,2.16,2.16,2.16,2.16,0.0,0.0
2008-06-27,2.16,2.16,2.16,2.16,0.0,0.0
2008-06-30,2.18,2.18,2.16,2.18,0.0,1142.0
2008-07-01,2.155,2.155,2.155,2.155,0.0,1.0
2008-07-02,2.14,2.14,2.14,2.14,0.0,1.0
2008-07-03,2.13,2.13,2.13,2.13,0.0,3.0
2008-07-04,2.17,2.17,2.17,2.17,0.0,1.0
2008-07-07,2.13,2.13,2.13,2.13,0.0,63.0
2008-07-08,2.175,2.175,2.175,2.175,0.0,1.0
2008-07-09,2.17,2.17,2.17,2.17,0.0,1.0
2008-07-10,2.17,2.17,2.17,2.17,0.0,0.0
2008-07-11,2.14,2.14,2.175,2.14,0.0,66.0
2008-07-14,2.175,2.175,2.175,2.175,0.0,0.0
2008-07-15,2.175,2.175,2.175,2.175,0.0,0.0
2008-07-16,2.17,2.17,2.17,2.17,0.0,1.0
2008-07-17,2.17,2.17,2.17,2.17,0.0,0.0
2008-07-18,2.17,2.17,2.17,2.17,0.0,0.0
2008-07-21,2.17,2.17,2.17,2.17,0.0,0.0
2008-07-22,2.21,2.21,2.17,2.21,0.0,67.0
2008-07-23,2.17,2.17,2.17,2.17,0.0,0.0
2008-07-24,2.17,2.17,2.17,2.17,0.0,0.0
2008-07-25,2.17,2.17,2.17,2.17,0.0,0.0
2008-07-28,2.17,2.17,2.17,2.17,0.0,0.0
2008-07-29,2.17,2.17,2.17,2.17,0.0,0.0
2008-07-30,2.17,2.17,2.17,2.17,0.0,0.0
2008-07-31,2.17,2.17,2.17,2.17,0.0,0.0
2008-08-01,2.17,2.17,2.17,2.17,0.0,0.0
2008-08-04,2.17,2.17,2.17,2.17,0.0,0.0
2008-08-05,2.17,2.17,2.17,2.17,0.0,0.0
2008-08-06,2.17,2.17,2.17,2.17,0.0,0.0
2008-08-07,2.17,2.17,2.17,2.17,0.0,0.0
2008-08-08,2.17,2.17,2.17,2.17,0.0,0.0
2008-08-11,2.17,2.17,2.17,2.17,0.0,0.0
2008-08-12,2.21,2.21,2.17,2.21,0.0,597.0
2008-08-13,2.13,2.13,2.17,2.13,0.0,67.0
2008-08-14,2.17,2.17,2.17,2.17,0.0,0.0
2008-08-15,2.17,2.17,2.17,2.17,0.0,0.0
2008-08-18,2.17,2.17,2.17,2.17,0.0,0.0
2008-08-19,2.17,2.17,2.17,2.17,0.0,0.0
2008-08-20,2.1675,2.1675,2.1675,2.1675,0.0,1.0
2008-08-21,2.17,2.17,2.17,2.17,0.0,1.0
2008-08-22,2.17,2.17,2.17,2.17,0.0,0.0
2008-08-25,2.17,2.17,2.17,2.17,0.0,0.0
2008-08-26,2.17,2.17,2.17,2.17,0.0,0.0
2008-08-27,2.17,2.17,2.17,2.17,0.0,0.0
2008-08-28,2.17,2.17,2.17,2.17,0.0,0.0
2008-08-29,2.17,2.17,2.17,2.17,0.0,0.0
2008-09-01,2.17,2.17,2.17,2.17,0.0,0.0
2008-09-02,2.17,2.17,2.17,2.17,0.0,0.0
2008-09-03,2.18,2.18,2.18,2.18,0.0,1.0
2008-09-04,2.17,2.17,2.17,2.17,0.0,1.0
2008-09-05,2.17,2.17,2.17,2.17,0.0,0.0
2008-09-08,2.17,2.17,2.17,2.17,0.0,0.0
2008-09-09,2.17,2.17,2.17,2.17,0.0,0.0
2008-09-10,2.17,2.17,2.17,2.17,0.0,0.0
2008-09-11,2.17,2.17,2.17,2.17,0.0,0.0
2008-09-12,2.17,2.17,2.17,2.17,0.0,0.0
2008-09-15,2.17,2.17,2.17,2.17,0.0,0.0
2008-09-16,2.12,2.08,2.1075,2.12,0.0,6000.0
2008-09-17,2.0275,2.0275,2.0275,2.0275,0.0,1.0
2008-09-18,2.0075,2.0075,2.0075,2.0075,0.0,1.0
2008-09-19,2.01,2.01,2.01,2.01,0.0,1.0
2008-09-22,2.01,2.01,2.01,2.01,0.0,0.0
2008-09-23,2.01,2.01,2.01,2.01,0.0,0.0
2008-09-24,2.01,2.01,2.01,2.01,0.0,0.0
2008-09-25,2.01,2.01,2.01,2.01,0.0,0.0
2008-09-26,2.01,2.01,2.01,2.01,0.0,0.0
2008-09-29,2.11,2.11,2.01,2.11,0.0,239.0
2008-09-30,2.01,2.01,2.01,2.01,0.0,0.0
2008-10-01,2.01,2.01,2.01,2.01,0.0,0.0
2008-10-02,2.055,2.055,2.055,2.055,0.0,1.0
2008-10-03,2.11,2.11,2.0925,2.11,0.0,1262.0
2008-10-06,2.0875,2.0875,2.0875,2.0875,0.0,1.0
2008-10-07,2.19,2.19,2.09,2.19,0.0,1501.0
2008-10-08,2.0,2.0,2.075,2.0,0.0,1.0
2008-10-09,1.9725,1.815,1.69,1.9725,0.0,12000.0
2008-10-10,1.5725,1.5725,1.5725,1.5725,0.0,1.0
2008-10-13,1.653,1.57,1.6825,1.5725,0.0,13992.0
2008-10-14,1.6224,1.62,1.6825,1.62,0.0,102000.0
2008-10-15,1.6825,1.6825,1.6825,1.6825,0.0,0.0
2008-10-16,1.6825,1.6825,1.6825,1.6825,0.0,0.0
2008-10-17,1.6825,1.6825,1.6825,1.6825,0.0,0.0
2008-10-20,1.6825,1.6825,1.6825,1.6825,0.0,0.0
2008-10-21,1.6825,1.6825,1.6825,1.6825,0.0,0.0
2008-10-22,1.6825,1.6825,1.6825,1.6825,0.0,0.0
2008-10-23,1.6825,1.6825,1.6825,1.6825,0.0,0.0
2008-10-24,1.6775,1.6775,1.6775,1.6775,0.0,1.0
2008-10-27,1.8,1.8,1.8,1.8,0.0,1.0
2008-10-28,1.675,1.675,1.675,1.675,0.0,1.0
2008-10-29,1.675,1.675,1.675,1.675,0.0,0.0
2008-10-30,1.805,1.805,1.805,1.805,0.0,1.0
2008-10-31,1.805,1.805,1.805,1.805,0.0,0.0
2008-11-03,1.805,1.805,1.805,1.805,0.0,0.0
2008-11-04,1.805,1.805,1.805,1.805,0.0,0.0
2008-11-05,1.805,1.805,1.805,1.805,0.0,0.0
2008-11-06,1.805,1.805,1.805,1.805,0.0,0.0
2008-11-07,1.805,1.805,1.805,1.805,0.0,0.0
2008-11-10,1.7825,1.7825,1.7825,1.7825,0.0,1.0
2008-11-11,1.7825,1.7825,1.7825,1.7825,0.0,0.0
2008-11-12,1.7825,1.7825,1.7825,1.7825,0.0,0.0
2008-11-13,1.7675,1.7675,1.7675,1.7675,0.0,1.0
2008-11-14,1.76,1.76,1.76,1.76,0.0,1.0
2008-11-17,1.745,1.745,1.745,1.745,0.0,1.0
2008-11-18,1.715,1.715,1.715,1.715,0.0,1.0
2008-11-19,1.7075,1.7075,1.7075,1.7075,0.0,1.0
2008-11-20,1.6525,1.6525,1.6525,1.6525,0.0,1.0
2008-11-21,1.645,1.645,1.645,1.645,0.0,1.0
2008-11-24,1.6775,1.6775,1.6775,1.6775,0.0,1.0
2008-11-25,1.68,1.68,1.68,1.68,0.0,1.0
2008-11-26,1.6775,1.6775,1.6775,1.6775,0.0,1.0
2008-11-27,1.6775,1.6775,1.6775,1.6775,0.0,0.0
2008-11-28,1.6775,1.6775,1.6775,1.6775,0.0,0.0
2008-12-01,1.68,1.68,1.68,1.68,0.0,1.0
2008-12-02,1.635,1.635,1.635,1.635,0.0,1.0
2008-12-03,1.615,1.615,1.615,1.615,0.0,1.0
2008-12-04,1.645,1.64,1.6075,1.645,0.0,2.0
2008-12-05,1.653,1.65,1.6075,1.6525,0.0,2.0
2008-12-08,1.6075,1.6075,1.6075,1.6075,0.0,0.0
2008-12-09,1.6075,1.6075,1.6075,1.6075,0.0,0.0
2008-12-10,1.6075,1.6075,1.6075,1.6075,0.0,0.0
2008-12-11,1.6075,1.6075,1.6075,1.6075,0.0,0.0
2008-12-12,1.6075,1.6075,1.6075,1.6075,0.0,0.0
2008-12-15,1.6075,1.6075,1.6075,1.6075,0.0,0.0
2008-12-16,1.6075,1.6075,1.6075,1.6075,0.0,0.0
2008-12-17,1.6075,1.6075,1.6075,1.6075,0.0,0.0
2008-12-18,1.6075,1.6075,1.6075,1.6075,0.0,0.0
2008-12-19,1.6075,1.6075,1.6075,1.6075,0.0,0.0
2008-12-22,1.6075,1.6075,1.6075,1.6075,0.0,0.0
2008-12-23,1.6075,1.6075,1.6075,1.6075,0.0,0.0
2008-12-24,1.6075,1.6075,1.6075,1.6075,0.0,0.0
2008-12-25,1.6075,1.6075,1.6075,1.6075,0.0,0.0
2008-12-26,1.6075,1.6075,1.6075,1.6075,0.0,0.0
2008-12-29,1.605,1.605,1.605,1.605,0.0,1.0
2008-12-30,1.6075,1.6075,1.6075,1.6075,0.0,1.0
2008-12-31,1.6075,1.6075,1.6075,1.6075,0.0,0.0
2009-01-01,1.6075,1.6075,1.6075,1.6075,0.0,0.0
2009-01-02,1.6075,1.6075,1.6075,1.6075,0.0,0.0
2009-01-05,1.6,1.6,1.6,1.6,0.0,1.0
2009-01-06,1.605,1.605,1.605,1.605,0.0,1.0
2009-01-07,1.6,1.6,1.6,1.6,0.0,1.0
2009-01-08,1.685,1.68,1.6075,1.685,0.0,1.0
2009-01-09,1.6075,1.6075,1.6075,1.6075,0.0,0.0
2009-01-12,1.605,1.605,1.605,1.605,0.0,1.0
2009-01-13,1.6075,1.6075,1.6075,1.6075,0.0,1.0
2009-01-14,1.6075,1.6075,1.6075,1.6075,0.0,0.0
2009-01-15,1.6075,1.6075,1.6075,1.6075,0.0,0.0
2009-01-16,1.6075,1.6075,1.6075,1.6075,0.0,0.0
2009-01-19,1.605,1.605,1.605,1.605,0.0,1.0
2009-01-20,1.605,1.605,1.605,1.605,0.0,0.0
2009-01-21,1.6075,1.6075,1.6075,1.6075,0.0,1.0
2009-01-22,1.6075,1.6075,1.6075,1.6075,0.0,0.0
2009-01-23,1.6075,1.6075,1.6075,1.6075,0.0,0.0
2009-01-26,1.59,1.59,1.59,1.59,0.0,1.0
2009-01-27,1.6,1.6,1.6,1.6,0.0,1.0
2009-01-28,1.6075,1.6075,1.6075,1.6075,0.0,1.0
2009-01-29,1.6075,1.6075,1.6075,1.6075,0.0,0.0
2009-01-30,1.6075,1.6075,1.6075,1.6075,0.0,0.0
2009-02-02,1.6075,1.6075,1.6075,1.6075,0.0,0.0
2009-02-03,1.53,1.465,1.505,1.53,0.0,12000.0
2009-02-04,1.505,1.505,1.505,1.505,0.0,0.0
2009-02-05,1.505,1.505,1.505,1.505,0.0,0.0
2009-02-06,1.505,1.505,1.505,1.505,0.0,0.0
2009-02-09,1.44,1.4,1.4275,1.44,0.0,6000.0
2009-02-10,1.3925,1.3925,1.3925,1.3925,0.0,1.0
2009-02-11,1.365,1.365,1.365,1.365,0.0,1.0
2009-02-12,1.3625,1.3625,1.3625,1.3625,0.0,1.0
2009-02-13,1.355,1.355,1.355,1.355,0.0,1.0
2009-02-16,1.365,1.365,1.365,1.365,0.0,1.0
2009-02-17,1.3575,1.3575,1.3575,1.3575,0.0,1.0
2009-02-18,1.3575,1.3575,1.3575,1.3575,0.0,0.0
2009-02-19,1.3525,1.3525,1.3525,1.3525,0.0,1.0
2009-02-20,1.3575,1.3575,1.3575,1.3575,0.0,1.0
2009-02-23,1.3575,1.3575,1.3575,1.3575,0.0,0.0
2009-02-24,1.3575,1.3575,1.3575,1.3575,0.0,0.0
2009-02-25,1.3575,1.3575,1.3575,1.3575,0.0,0.0
2009-02-26,1.3575,1.3575,1.3575,1.3575,0.0,0.0
2009-02-27,1.355,1.355,1.355,1.355,0.0,1.0
2009-03-02,1.3575,1.3575,1.3575,1.3575,0.0,1.0
2009-03-03,1.3575,1.3575,1.3575,1.3575,0.0,0.0
2009-03-04,1.3575,1.3575,1.3575,1.3575,0.0,0.0
2009-03-05,1.355,1.355,1.355,1.355,0.0,1.0
2009-03-06,1.3575,1.3575,1.3575,1.3575,0.0,1.0
2009-03-09,1.3575,1.3575,1.3575,1.3575,0.0,0.0
2009-03-10,1.3575,1.3575,1.3575,1.3575,0.0,0.0
2009-03-11,1.3575,1.3575,1.3575,1.3575,0.0,0.0
2009-03-12,1.3575,1.3575,1.3575,1.3575,0.0,0.0
2009-03-13,1.3575,1.3575,1.3575,1.3575,0.0,0.0
2009-03-16,1.3575,1.3575,1.3575,1.3575,0.0,0.0
2009-03-17,1.3575,1.3575,1.3575,1.3575,0.0,0.0
2009-03-18,1.3575,1.3575,1.3575,1.3575,0.0,0.0
2009-03-19,1.425,1.42,1.29,1.425,0.0,3000.0
2009-03-20,1.4,1.3875,1.4,1.3875,0.0,11900.0
2009-03-23,1.3925,1.3925,1.3925,1.3925,0.0,1.0
2009-03-24,1.3875,1.3875,1.3875,1.3875,0.0,1.0
2009-03-25,1.3925,1.3925,1.3925,1.3925,0.0,1.0
2009-03-26,1.465,1.45,1.425,1.45,0.0,6100.0
2009-03-27,1.4325,1.4325,1.4325,1.4325,0.0,1.0
2009-03-29,1.4325,1.4325,1.4325,1.4325,0.0,0.0
2009-03-30,1.4325,1.4325,1.4325,1.4325,0.0,0.0
2009-03-31,1.4625,1.4575,1.4575,1.4625,0.0,3000.0
2009-04-01,1.4575,1.4575,1.4575,1.4575,0.0,0.0
2009-04-02,1.51,1.51,1.51,1.51,0.0,1.0
2009-04-03,1.51,1.51,1.51,1.51,0.0,0.0
2009-04-06,1.52,1.52,1.52,1.52,0.0,1.0
2009-04-07,1.51,1.51,1.51,1.51,0.0,1.0
2009-04-08,1.5,1.5,1.5,1.5,0.0,1.0
2009-04-09,1.51,1.51,1.51,1.51,0.0,1.0
2009-04-10,1.51,1.51,1.51,1.51,0.0,0.0
2009-04-13,1.51,1.51,1.51,1.51,0.0,0.0
2009-04-14,1.505,1.505,1.505,1.505,0.0,1.0
2009-04-15,1.5,1.5,1.5,1.5,0.0,1.0
2009-04-16,1.52,1.52,1.52,1.52,0.0,1.0
2009-04-17,1.52,1.52,1.52,1.52,0.0,0.0
2009-04-20,1.505,1.505,1.505,1.505,0.0,1.0
2009-04-21,1.505,1.505,1.505,1.505,0.0,0.0
2009-04-22,1.53,1.53,1.53,1.53,0.0,1.0
2009-04-23,1.52,1.52,1.52,1.52,0.0,1.0
2009-04-24,1.545,1.545,1.545,1.545,0.0,1.0
2009-04-27,1.545,1.545,1.545,1.545,0.0,0.0
2009-04-28,1.545,1.545,1.545,1.545,0.0,0.0
2009-04-29,1.52,1.52,1.52,1.52,0.0,1.0
2009-04-30,1.52,1.52,1.52,1.52,0.0,0.0
2009-05-01,1.52,1.52,1.52,1.52,0.0,0.0
2009-05-04,1.52,1.52,1.52,1.52,0.0,0.0
2009-05-05,1.52,1.52,1.52,1.52,0.0,0.0
2009-05-06,1.52,1.52,1.52,1.52,0.0,0.0
2009-05-07,1.57,1.57,1.57,1.57,0.0,1.0
2009-05-08,1.57,1.57,1.57,1.57,0.0,0.0
2009-05-11,1.57,1.57,1.57,1.57,0.0,0.0
2009-05-12,1.57,1.57,1.57,1.57,0.0,0.0
2009-05-13,1.57,1.57,1.57,1.57,0.0,0.0
2009-05-14,1.57,1.57,1.57,1.57,0.0,0.0
2009-05-15,1.57,1.57,1.57,1.57,0.0,0.0
2009-05-18,1.57,1.57,1.57,1.57,0.0,0.0
2009-05-19,1.57,1.57,1.57,1.57,0.0,0.0
2009-05-20,1.57,1.57,1.57,1.57,0.0,0.0
2009-05-21,1.57,1.57,1.57,1.57,0.0,0.0
2009-05-22,1.57,1.57,1.57,1.57,0.0,0.0
2009-05-25,1.57,1.57,1.57,1.57,0.0,0.0
2009-05-26,1.57,1.57,1.57,1.57,0.0,0.0
2009-05-27,1.57,1.57,1.57,1.57,0.0,0.0
2009-05-28,1.57,1.57,1.57,1.57,0.0,0.0
2009-05-29,1.57,1.57,1.57,1.57,0.0,0.0
2009-06-01,1.57,1.57,1.57,1.57,0.0,0.0
2009-06-02,1.57,1.57,1.57,1.57,0.0,0.0
2009-06-03,1.57,1.57,1.57,1.57,0.0,0.0
2009-06-04,1.57,1.57,1.57,1.57,0.0,0.0
2009-06-05,1.57,1.57,1.57,1.57,0.0,0.0
2009-06-08,1.57,1.57,1.57,1.57,0.0,0.0
2009-06-09,1.57,1.57,1.57,1.57,0.0,0.0
2009-06-10,1.57,1.57,1.57,1.57,0.0,0.0
2009-06-11,1.6,1.6,1.57,1.6,0.0,405880.0
2009-06-12,1.57,1.57,1.57,1.57,0.0,0.0
2009-06-15,1.57,1.57,1.57,1.57,0.0,0.0
2009-06-16,1.57,1.57,1.57,1.57,0.0,0.0
2009-06-17,1.57,1.57,1.57,1.57,0.0,0.0
2009-06-18,1.57,1.57,1.57,1.57,0.0,0.0
2009-06-19,1.57,1.57,1.57,1.57,0.0,0.0
2009-06-22,1.57,1.57,1.57,1.57,0.0,0.0
2009-06-23,1.5275,1.52,1.5275,1.52,0.0,3000.0
2009-06-24,1.55,1.55,1.55,1.55,0.0,1.0
2009-06-25,1.55,1.55,1.55,1.55,0.0,0.0
2009-06-26,1.55,1.55,1.55,1.55,0.0,0.0
2009-06-29,1.48,1.47,1.495,1.48,0.0,6000.0
2009-06-30,1.495,1.495,1.495,1.495,0.0,0.0
2009-07-01,1.495,1.495,1.495,1.495,0.0,0.0
2009-07-02,1.495,1.495,1.495,1.495,0.0,0.0
2009-07-03,1.495,1.495,1.495,1.495,0.0,0.0
2009-07-06,1.52,1.52,1.52,1.52,0.0,1.0
2009-07-07,1.52,1.52,1.52,1.52,0.0,0.0
2009-07-08,1.45,1.43,1.43,1.45,0.0,6000.0
2009-07-09,1.43,1.43,1.43,1.43,0.0,0.0
2009-07-10,1.43,1.43,1.43,1.43,0.0,0.0
2009-07-13,1.43,1.43,1.43,1.43,0.0,0.0
2009-07-14,1.43,1.43,1.43,1.43,0.0,0.0
2009-07-15,1.43,1.43,1.43,1.43,0.0,0.0
2009-07-16,1.43,1.43,1.43,1.43,0.0,0.0
2009-07-17,1.36,1.36,1.5025,1.36,0.0,6000.0
2009-07-20,1.405,1.405,1.405,1.405,0.0,1.0
2009-07-21,1.405,1.405,1.405,1.405,0.0,0.0
2009-07-22,1.405,1.405,1.405,1.405,0.0,0.0
2009-07-23,1.405,1.405,1.405,1.405,0.0,0.0
2009-07-24,1.405,1.405,1.405,1.405,0.0,0.0
2009-07-27,1.405,1.405,1.405,1.405,0.0,0.0
2009-07-28,1.405,1.405,1.405,1.405,0.0,0.0
2009-07-29,1.405,1.405,1.405,1.405,0.0,0.0
2009-07-30,1.405,1.405,1.405,1.405,0.0,0.0
2009-07-31,1.405,1.405,1.405,1.405,0.0,0.0
2009-08-03,1.405,1.405,1.405,1.405,0.0,0.0
2009-08-04,1.405,1.405,1.405,1.405,0.0,0.0
2009-08-05,1.49,1.49,1.49,1.49,0.0,1.0
2009-08-06,1.485,1.485,1.485,1.485,0.0,1.0
2009-08-07,1.485,1.485,1.485,1.485,0.0,0.0
2009-08-10,1.485,1.485,1.485,1.485,0.0,0.0
2009-08-11,1.485,1.485,1.485,1.485,0.0,0.0
2009-08-12,1.485,1.485,1.485,1.485,0.0,0.0
2009-08-13,1.42,1.42,1.485,1.42,0.0,2863.0
2009-08-14,1.485,1.485,1.485,1.485,0.0,0.0
2009-08-17,1.485,1.485,1.485,1.485,0.0,0.0
2009-08-18,1.485,1.485,1.485,1.485,0.0,0.0
2009-08-19,1.485,1.485,1.485,1.485,0.0,0.0
2009-08-20,1.485,1.485,1.485,1.485,0.0,0.0
2009-08-21,1.485,1.485,1.485,1.485,0.0,0.0
2009-08-24,1.485,1.485,1.485,1.485,0.0,0.0
2009-08-25,1.485,1.485,1.485,1.485,0.0,0.0
2009-08-26,1.485,1.485,1.485,1.485,0.0,0.0
2009-08-27,1.485,1.485,1.485,1.485,0.0,0.0
2009-08-28,1.485,1.485,1.485,1.485,0.0,0.0
2009-08-31,1.485,1.485,1.485,1.485,0.0,0.0
2009-09-01,1.485,1.485,1.485,1.485,0.0,0.0
2009-09-02,1.485,1.485,1.485,1.485,0.0,0.0
2009-09-03,1.485,1.485,1.485,1.485,0.0,0.0
2009-09-04,1.485,1.485,1.485,1.485,0.0,0.0
2009-09-07,1.485,1.485,1.485,1.485,0.0,0.0
2009-09-08,1.485,1.485,1.485,1.485,0.0,0.0
2009-09-09,1.485,1.485,1.485,1.485,0.0,0.0
2009-09-10,1.485,1.485,1.485,1.485,0.0,0.0
2009-09-11,1.485,1.485,1.485,1.485,0.0,0.0
2009-09-14,1.485,1.485,1.485,1.485,0.0,0.0
2009-09-15,1.485,1.485,1.485,1.485,0.0,0.0
2009-09-16,1.485,1.485,1.485,1.485,0.0,0.0
2009-09-17,1.485,1.485,1.485,1.485,0.0,0.0
2009-09-18,1.485,1.485,1.485,1.485,0.0,0.0
2009-09-21,1.485,1.485,1.485,1.485,0.0,0.0
2009-09-22,1.42,1.36,1.365,1.42,0.0,12000.0
2009-09-23,1.365,1.365,1.365,1.365,0.0,0.0
2009-09-24,1.365,1.365,1.365,1.365,0.0,0.0
2009-09-25,1.365,1.365,1.365,1.365,0.0,0.0
2009-09-28,1.365,1.365,1.365,1.365,0.0,0.0
2009-09-29,1.365,1.365,1.365,1.365,0.0,0.0
2009-09-30,1.365,1.365,1.365,1.365,0.0,0.0
2009-10-01,1.365,1.365,1.365,1.365,0.0,0.0
2009-10-02,1.43,1.43,1.365,1.43,0.0,20.0
2009-10-05,1.365,1.365,1.365,1.365,0.0,0.0
2009-10-06,1.365,1.365,1.365,1.365,0.0,0.0
2009-10-07,1.365,1.365,1.365,1.365,0.0,0.0
2009-10-08,1.365,1.365,1.365,1.365,0.0,0.0
2009-10-09,1.365,1.365,1.365,1.365,0.0,0.0
2009-10-12,1.365,1.365,1.365,1.365,0.0,0.0
2009-10-13,1.365,1.365,1.365,1.365,0.0,0.0
2009-10-14,1.365,1.365,1.365,1.365,0.0,0.0
2009-10-15,1.365,1.365,1.365,1.365,0.0,0.0
2009-10-16,1.365,1.365,1.365,1.365,0.0,0.0
2009-10-17,1.365,1.365,1.365,1.365,0.0,0.0
2009-10-19,1.365,1.365,1.365,1.365,0.0,0.0
2009-10-20,1.365,1.365,1.365,1.365,0.0,0.0
2009-10-21,1.365,1.365,1.365,1.365,0.0,0.0
2009-10-22,1.365,1.365,1.365,1.365,0.0,0.0
2009-10-23,1.365,1.365,1.365,1.365,0.0,0.0
2009-10-26,1.365,1.365,1.365,1.365,0.0,0.0
2009-10-27,1.365,1.365,1.365,1.365,0.0,0.0
2009-10-28,1.365,1.365,1.365,1.365,0.0,0.0
2009-10-29,1.365,1.365,1.365,1.365,0.0,0.0
2009-10-30,1.365,1.365,1.365,1.365,0.0,0.0
2009-11-02,1.365,1.365,1.365,1.365,0.0,0.0
2009-11-03,1.365,1.365,1.365,1.365,0.0,0.0
2009-11-04,1.365,1.365,1.365,1.365,0.0,0.0
2009-11-05,1.365,1.365,1.365,1.365,0.0,0.0
2009-11-06,1.365,1.365,1.365,1.365,0.0,0.0
2009-11-09,1.365,1.365,1.365,1.365,0.0,0.0
2009-11-10,1.365,1.365,1.365,1.365,0.0,0.0
2009-11-11,1.365,1.365,1.365,1.365,0.0,0.0
2009-11-12,1.365,1.365,1.365,1.365,0.0,0.0
2009-11-13,1.365,1.365,1.365,1.365,0.0,0.0
2009-11-16,1.365,1.365,1.365,1.365,0.0,0.0
2009-11-17,1.3625,1.3625,1.3625,1.3625,0.0,1.0
2009-11-18,1.3625,1.3625,1.3625,1.3625,0.0,0.0
2009-11-19,1.3625,1.3625,1.3625,1.3625,0.0,0.0
2009-11-20,1.3625,1.3625,1.3625,1.3625,0.0,0.0
2009-11-23,1.3625,1.3625,1.3625,1.3625,0.0,0.0
2009-11-24,1.3625,1.3625,1.3625,1.3625,0.0,0.0
2009-11-25,1.3625,1.3625,1.3625,1.3625,0.0,0.0
2009-11-26,1.3625,1.3625,1.3625,1.3625,0.0,0.0
2009-11-27,1.3525,1.3525,1.3525,1.3525,0.0,1.0
2009-11-30,1.3525,1.3525,1.3525,1.3525,0.0,0.0
2009-12-01,1.3525,1.3525,1.3525,1.3525,0.0,0.0
2009-12-02,1.3525,1.3525,1.3525,1.3525,0.0,0.0
2009-12-03,1.3525,1.3525,1.3525,1.3525,0.0,0.0
2009-12-04,1.3525,1.3525,1.3525,1.3525,0.0,0.0
2009-12-07,1.3525,1.3525,1.3525,1.3525,0.0,0.0
2009-12-08,1.3525,1.3525,1.3525,1.3525,0.0,0.0
2009-12-09,1.3525,1.3525,1.3525,1.3525,0.0,0.0
2009-12-10,1.3525,1.3525,1.3525,1.3525,0.0,0.0
2009-12-11,1.3525,1.3525,1.3525,1.3525,0.0,0.0
2009-12-14,1.3525,1.3525,1.3525,1.3525,0.0,0.0
2009-12-15,1.3525,1.3525,1.3525,1.3525,0.0,0.0
2009-12-16,1.3525,1.3525,1.3525,1.3525,0.0,0.0
2009-12-17,1.3525,1.3525,1.3525,1.3525,0.0,0.0
2009-12-18,1.3525,1.3525,1.3525,1.3525,0.0,0.0
2009-12-21,1.3525,1.3525,1.3525,1.3525,0.0,0.0
2009-12-22,1.325,1.325,1.325,1.325,0.0,1.0
2009-12-23,1.3525,1.3525,1.3525,1.3525,0.0,1.0
2009-12-24,1.325,1.325,1.325,1.325,0.0,1.0
2009-12-25,1.325,1.325,1.325,1.325,0.0,0.0
2009-12-28,1.325,1.325,1.325,1.325,0.0,0.0
2009-12-29,1.325,1.325,1.325,1.325,0.0,0.0
2009-12-30,1.325,1.325,1.325,1.325,0.0,0.0
2009-12-31,1.325,1.325,1.325,1.325,0.0,0.0
2010-01-01,1.325,1.325,1.325,1.325,0.0,0.0
2010-01-04,1.325,1.325,1.325,1.325,0.0,0.0
2010-01-05,1.325,1.325,1.325,1.325,0.0,0.0
2010-01-06,1.325,1.325,1.325,1.325,0.0,0.0
2010-01-07,1.325,1.325,1.325,1.325,0.0,0.0
2010-01-08,1.325,1.325,1.325,1.325,0.0,0.0
2010-01-11,1.325,1.325,1.325,1.325,0.0,0.0
2010-01-12,1.325,1.325,1.325,1.325,0.0,0.0
2010-01-13,1.325,1.325,1.325,1.325,0.0,0.0
2010-01-14,1.3225,1.3225,1.3225,1.3225,0.0,1.0
2010-01-15,1.3225,1.3225,1.3225,1.3225,0.0,0.0
2010-01-18,1.3225,1.3225,1.3225,1.3225,0.0,0.0
2010-01-19,1.3225,1.3225,1.3225,1.3225,0.0,0.0
2010-01-20,1.3225,1.3225,1.3225,1.3225,0.0,0.0
2010-01-21,1.3225,1.3225,1.3225,1.3225,0.0,0.0
2010-01-22,1.3225,1.3225,1.3225,1.3225,0.0,0.0
2010-01-25,1.3225,1.3225,1.3225,1.3225,0.0,0.0
2010-01-26,1.3225,1.3225,1.3225,1.3225,0.0,0.0
2010-01-27,1.3225,1.3225,1.3225,1.3225,0.0,0.0
2010-01-28,1.3225,1.3225,1.3225,1.3225,0.0,0.0
2010-01-29,1.3225,1.3225,1.3225,1.3225,0.0,0.0
2010-02-01,1.3225,1.3225,1.3225,1.3225,0.0,0.0
2010-02-02,1.325,1.325,1.325,1.325,0.0,1.0
2010-02-03,1.325,1.325,1.325,1.325,0.0,0.0
2010-02-04,1.325,1.325,1.325,1.325,0.0,0.0
2010-02-05,1.325,1.325,1.325,1.325,0.0,0.0
2010-02-08,1.325,1.325,1.325,1.325,0.0,0.0
2010-02-09,1.325,1.325,1.325,1.325,0.0,0.0
2010-02-10,1.325,1.325,1.325,1.325,0.0,0.0
2010-02-11,1.325,1.325,1.325,1.325,0.0,0.0
2010-02-12,1.325,1.325,1.325,1.325,0.0,0.0
2010-02-15,1.325,1.325,1.325,1.325,0.0,0.0
2010-02-16,1.325,1.325,1.325,1.325,0.0,0.0
2010-02-17,1.325,1.325,1.325,1.325,0.0,0.0
2010-02-18,1.325,1.325,1.325,1.325,0.0,0.0
2010-02-19,1.325,1.325,1.325,1.325,0.0,0.0
2010-02-22,1.325,1.325,1.325,1.325,0.0,0.0
2010-02-23,1.325,1.325,1.325,1.325,0.0,0.0
2010-02-24,1.325,1.325,1.325,1.325,0.0,0.0
2010-02-25,1.325,1.325,1.325,1.325,0.0,0.0
2010-02-26,1.325,1.325,1.325,1.325,0.0,0.0
2010-03-01,1.325,1.325,1.325,1.325,0.0,0.0
2010-03-02,1.325,1.325,1.325,1.325,0.0,0.0
2010-03-03,1.325,1.325,1.325,1.325,0.0,0.0
2010-03-04,1.325,1.325,1.325,1.325,0.0,0.0
2010-03-05,1.325,1.325,1.325,1.325,0.0,0.0
2010-03-08,1.325,1.325,1.325,1.325,0.0,0.0
2010-03-09,1.325,1.325,1.325,1.325,0.0,0.0
2010-03-10,1.325,1.325,1.325,1.325,0.0,0.0
2010-03-11,1.325,1.325,1.325,1.325,0.0,0.0
2010-03-12,1.325,1.325,1.325,1.325,0.0,0.0
2010-03-15,1.325,1.325,1.325,1.325,0.0,0.0
2010-03-16,1.325,1.325,1.325,1.325,0.0,0.0
2010-03-17,1.325,1.325,1.325,1.325,0.0,0.0
2010-03-18,1.305,1.305,1.305,1.305,0.0,1.0
2010-03-19,1.325,1.325,1.325,1.325,0.0,1.0
2010-03-22,1.325,1.325,1.325,1.325,0.0,0.0
2010-03-23,1.325,1.325,1.325,1.325,0.0,0.0
2010-03-24,1.325,1.325,1.325,1.325,0.0,0.0
2010-03-25,1.325,1.325,1.325,1.325,0.0,0.0
2010-03-26,1.325,1.325,1.325,1.325,0.0,0.0
2010-03-29,1.325,1.325,1.325,1.325,0.0,0.0
2010-03-30,1.325,1.325,1.325,1.325,0.0,0.0
2010-03-31,1.325,1.325,1.325,1.325,0.0,0.0
2010-04-01,1.325,1.325,1.325,1.325,0.0,0.0
2010-04-02,1.325,1.325,1.325,1.325,0.0,0.0
2010-04-05,1.325,1.325,1.325,1.325,0.0,0.0
2010-04-06,1.325,1.325,1.325,1.325,0.0,0.0
2010-04-07,1.325,1.325,1.325,1.325,0.0,0.0
2010-04-08,1.325,1.325,1.325,1.325,0.0,0.0
2010-04-09,1.325,1.325,1.325,1.325,0.0,0.0
2010-04-12,1.325,1.325,1.325,1.325,0.0,0.0
2010-04-13,1.325,1.325,1.325,1.325,0.0,0.0
2010-04-14,1.26,1.26,1.325,1.26,0.0,468.0
2010-04-15,1.26,1.26,1.315,1.26,0.0,936.0
2010-04-16,1.315,1.315,1.315,1.315,0.0,0.0
2010-04-19,1.315,1.315,1.315,1.315,0.0,0.0
2010-04-20,1.315,1.315,1.315,1.315,0.0,0.0
2010-04-21,1.315,1.315,1.315,1.315,0.0,0.0
2010-04-22,1.315,1.315,1.315,1.315,0.0,0.0
2010-04-23,1.315,1.315,1.315,1.315,0.0,0.0
2010-04-26,1.315,1.315,1.315,1.315,0.0,0.0
2010-04-27,1.315,1.315,1.315,1.315,0.0,0.0
2010-04-28,1.315,1.315,1.315,1.315,0.0,0.0
2010-04-29,1.315,1.315,1.315,1.315,0.0,0.0
2010-04-30,1.315,1.315,1.315,1.315,0.0,0.0
2010-05-03,1.315,1.315,1.315,1.315,0.0,0.0
2010-05-04,1.315,1.315,1.315,1.315,0.0,0.0
2010-05-05,1.315,1.315,1.315,1.315,0.0,0.0
2010-05-06,1.315,1.315,1.315,1.315,0.0,0.0
2010-05-07,1.315,1.315,1.315,1.315,0.0,0.0
2010-05-10,1.315,1.315,1.315,1.315,0.0,0.0
2010-05-11,1.315,1.315,1.315,1.315,0.0,0.0
2010-05-12,1.315,1.315,1.315,1.315,0.0,0.0
2010-05-13,1.315,1.315,1.315,1.315,0.0,0.0
2010-05-14,1.315,1.315,1.315,1.315,0.0,0.0
2010-05-17,1.315,1.315,1.315,1.315,0.0,0.0
2010-05-18,1.315,1.315,1.315,1.315,0.0,0.0
2010-05-19,1.315,1.315,1.315,1.315,0.0,0.0
2010-05-20,1.315,1.315,1.315,1.315,0.0,0.0
2010-05-21,1.315,1.315,1.315,1.315,0.0,0.0
2010-05-24,1.315,1.315,1.315,1.315,0.0,0.0
2010-05-25,1.315,1.315,1.315,1.315,0.0,0.0
2010-05-26,1.315,1.315,1.315,1.315,0.0,0.0
2010-05-27,1.315,1.315,1.315,1.315,0.0,0.0
2010-05-28,1.315,1.315,1.315,1.315,0.0,0.0
2010-05-31,1.315,1.315,1.315,1.315,0.0,0.0
2010-06-01,1.315,1.315,1.315,1.315,0.0,0.0
2010-06-02,1.315,1.315,1.315,1.315,0.0,0.0
2010-06-03,1.315,1.315,1.315,1.315,0.0,0.0
2010-06-04,1.315,1.315,1.315,1.315,0.0,0.0
2010-06-07,1.315,1.315,1.315,1.315,0.0,0.0
2010-06-08,1.315,1.315,1.315,1.315,0.0,0.0
2010-06-09,1.315,1.315,1.315,1.315,0.0,0.0
2010-06-10,1.315,1.315,1.315,1.315,0.0,0.0
2010-06-11,1.315,1.315,1.315,1.315,0.0,0.0
2010-06-14,1.315,1.315,1.315,1.315,0.0,0.0
2010-06-15,1.315,1.315,1.315,1.315,0.0,0.0
2010-06-16,1.315,1.315,1.315,1.315,0.0,0.0
2010-06-17,1.315,1.315,1.315,1.315,0.0,0.0
2010-06-18,1.25,1.25,1.1925,1.25,0.0,3000.0
2010-06-21,1.1925,1.1925,1.1925,1.1925,0.0,0.0
2010-06-22,1.1925,1.1925,1.1925,1.1925,0.0,0.0
2010-06-23,1.1925,1.1925,1.1925,1.1925,0.0,0.0
2010-06-24,1.1925,1.1925,1.1925,1.1925,0.0,0.0
2010-06-25,1.1925,1.1925,1.1925,1.1925,0.0,0.0
2010-06-28,1.1925,1.1925,1.1925,1.1925,0.0,0.0
2010-06-29,1.1925,1.1925,1.1925,1.1925,0.0,0.0
2010-06-30,1.19,1.19,1.19,1.19,0.0,1.0
2010-07-01,1.19,1.19,1.19,1.19,0.0,0.0
2010-07-02,1.133,1.13,1.185,1.1325,0.0,3000.0
2010-07-05,1.185,1.185,1.185,1.185,0.0,0.0
2010-07-06,1.185,1.185,1.185,1.185,0.0,0.0
2010-07-07,1.185,1.185,1.185,1.185,0.0,0.0
2010-07-08,1.185,1.185,1.185,1.185,0.0,0.0
2010-07-09,1.185,1.185,1.185,1.185,0.0,0.0
2010-07-12,1.1825,1.1825,1.1825,1.1825,0.0,1.0
2010-07-13,1.1825,1.1825,1.1825,1.1825,0.0,0.0
2010-07-14,1.1825,1.1825,1.1825,1.1825,0.0,0.0
2010-07-15,1.1825,1.1825,1.1825,1.1825,0.0,0.0
2010-07-16,1.19,1.19,1.19,1.19,0.0,1.0
2010-07-19,1.19,1.19,1.19,1.19,0.0,0.0
2010-07-20,1.19,1.19,1.19,1.19,0.0,0.0
2010-07-21,1.19,1.19,1.19,1.19,0.0,0.0
2010-07-22,1.19,1.19,1.19,1.19,0.0,0.0
2010-07-23,1.205,1.205,1.205,1.205,0.0,1.0
2010-07-26,1.205,1.205,1.205,1.205,0.0,0.0
2010-07-27,1.205,1.205,1.205,1.205,0.0,0.0
2010-07-28,1.205,1.205,1.205,1.205,0.0,0.0
2010-07-29,1.205,1.205,1.205,1.205,0.0,0.0
2010-07-30,1.205,1.205,1.205,1.205,0.0,0.0
2010-08-02,1.205,1.205,1.205,1.205,0.0,0.0
2010-08-03,1.205,1.205,1.205,1.205,0.0,0.0
2010-08-04,1.205,1.205,1.205,1.205,0.0,0.0
2010-08-05,1.145,1.12,1.1425,1.145,0.0,14318.0
2010-08-06,1.12,0.98,0.9525,1.12,0.0,9000.0
2010-08-09,0.92,0.915,0.92,0.915,0.0,4000.0
2010-08-10,0.92,0.92,0.92,0.92,0.0,0.0
2010-08-11,0.92,0.92,0.92,0.92,0.0,0.0
2010-08-12,0.92,0.92,0.92,0.92,0.0,0.0
2010-08-13,0.9225,0.9225,0.9225,0.9225,0.0,1.0
2010-08-16,0.9225,0.9225,0.9225,0.9225,0.0,0.0
2010-08-17,0.9225,0.9225,0.9225,0.9225,0.0,0.0
2010-08-18,0.9225,0.9225,0.9225,0.9225,0.0,0.0
2010-08-19,0.9225,0.9225,0.9225,0.9225,0.0,0.0
2010-08-20,0.9225,0.9225,0.9225,0.9225,0.0,0.0
2010-08-23,0.9225,0.9225,0.9225,0.9225,0.0,0.0
2010-08-24,0.9225,0.9225,0.9225,0.9225,0.0,0.0
2010-08-25,0.9225,0.9225,0.9225,0.9225,0.0,0.0
2010-08-26,0.9225,0.9225,0.9225,0.9225,0.0,0.0
2010-08-27,0.9225,0.9225,0.9225,0.9225,0.0,0.0
2010-08-30,0.9225,0.9225,0.9225,0.9225,0.0,0.0
2010-08-31,0.9225,0.9225,0.9225,0.9225,0.0,0.0
2010-09-01,0.9225,0.9225,0.9225,0.9225,0.0,0.0
2010-09-02,0.9225,0.9225,0.9225,0.9225,0.0,0.0
2010-09-03,0.9225,0.9225,0.9225,0.9225,0.0,0.0
2010-09-06,0.9225,0.9225,0.9225,0.9225,0.0,0.0
2010-09-07,0.9225,0.9225,0.9225,0.9225,0.0,0.0
2010-09-08,0.9225,0.9225,0.9225,0.9225,0.0,0.0
2010-09-09,0.9225,0.9225,0.9225,0.9225,0.0,0.0
2010-09-10,0.9225,0.9225,0.9225,0.9225,0.0,0.0
2010-09-13,0.9225,0.9225,0.9225,0.9225,0.0,0.0
2010-09-14,0.9225,0.9225,0.9225,0.9225,0.0,0.0
2010-09-15,0.9225,0.9225,0.9225,0.9225,0.0,0.0
2010-09-16,0.9225,0.9225,0.9225,0.9225,0.0,0.0
2010-09-17,0.9225,0.9225,0.9225,0.9225,0.0,0.0
2010-09-20,0.86,0.86,0.86,0.86,0.0,1.0
2010-09-21,0.86,0.86,0.86,0.86,0.0,0.0
2010-09-22,0.86,0.86,0.86,0.86,0.0,0.0
2010-09-23,0.86,0.86,0.86,0.86,0.0,0.0
2010-09-24,0.85,0.85,0.85,0.85,0.0,1.0
2010-09-27,0.86,0.86,0.86,0.86,0.0,1.0
2010-09-28,0.835,0.835,0.835,0.835,0.0,1.0
2010-09-29,0.835,0.835,0.835,0.835,0.0,0.0
2010-09-30,0.8175,0.79,0.79,0.8175,0.0,16040.0
2010-10-01,0.8075,0.8075,0.8075,0.8075,0.0,1.0
2010-10-02,0.8075,0.8075,0.8075,0.8075,0.0,0.0
2010-10-04,0.8075,0.8075,0.8075,0.8075,0.0,0.0
2010-10-05,0.8075,0.8075,0.8075,0.8075,0.0,0.0
2010-10-06,0.8075,0.8075,0.8075,0.8075,0.0,0.0
2010-10-07,0.8075,0.8075,0.8075,0.8075,0.0,0.0
2010-10-08,0.8075,0.8075,0.8075,0.8075,0.0,0.0
2010-10-11,0.79,0.79,0.79,0.79,0.0,1.0
2010-10-12,0.79,0.79,0.79,0.79,0.0,0.0
2010-10-13,0.79,0.79,0.79,0.79,0.0,0.0
2010-10-14,0.79,0.79,0.79,0.79,0.0,0.0
2010-10-15,0.79,0.79,0.79,0.79,0.0,0.0
2010-10-18,0.79,0.79,0.79,0.79,0.0,0.0
2010-10-19,0.79,0.79,0.79,0.79,0.0,0.0
2010-10-20,0.79,0.79,0.79,0.79,0.0,0.0
2010-10-21,0.79,0.79,0.79,0.79,0.0,0.0
2010-10-22,0.79,0.79,0.79,0.79,0.0,0.0
2010-10-25,0.79,0.79,0.79,0.79,0.0,0.0
2010-10-26,0.79,0.79,0.79,0.79,0.0,0.0
2010-10-27,0.79,0.79,0.79,0.79,0.0,0.0
2010-10-28,0.79,0.79,0.79,0.79,0.0,0.0
2010-10-29,0.79,0.79,0.79,0.79,0.0,0.0
2010-11-01,0.79,0.79,0.79,0.79,0.0,0.0
2010-11-02,0.77,0.76,0.7325,0.77,0.0,1822.0
2010-11-03,0.7325,0.7325,0.7325,0.7325,0.0,0.0
2010-11-04,0.7325,0.7325,0.7325,0.7325,0.0,0.0
2010-11-05,0.7325,0.7325,0.7325,0.7325,0.0,0.0
2010-11-08,0.7325,0.7325,0.7325,0.7325,0.0,0.0
2010-11-09,0.6925,0.6925,0.6925,0.6925,0.0,1.0
2010-11-10,0.6925,0.6925,0.6925,0.6925,0.0,0.0
2010-11-11,0.6875,0.6875,0.6875,0.6875,0.0,1.0
2010-11-12,0.6875,0.6875,0.6875,0.6875,0.0,0.0
2010-11-15,0.6875,0.6875,0.6875,0.6875,0.0,0.0
2010-11-16,0.6875,0.6875,0.6875,0.6875,0.0,0.0
2010-11-17,0.6525,0.65,0.65,0.6525,0.0,3000.0
2010-11-18,0.65,0.65,0.65,0.65,0.0,0.0
2010-11-19,0.65,0.65,0.65,0.65,0.0,0.0
2010-11-22,0.65,0.65,0.65,0.65,0.0,0.0
2010-11-23,0.62,0.62,0.63,0.62,0.0,1464.0
2010-11-24,0.68,0.64,0.6725,0.65,0.0,21800.0
2010-11-25,0.71,0.71,0.71,0.71,0.0,3000.0
2010-11-26,0.71,0.71,0.71,0.71,0.0,0.0
2010-11-29,0.745,0.74,0.88,0.74,0.0,12000.0
2010-11-30,0.86,0.86,0.88,0.86,0.0,6000.0
2010-12-01,0.88,0.88,0.88,0.88,0.0,0.0
2010-12-02,0.88,0.88,0.88,0.88,0.0,0.0
2010-12-03,0.9775,0.92,0.9775,0.88,2.0,4000.0
2010-12-06,1.02,1.02,1.075,0.9775,1.0,2000.0
2010-12-07,1.25,1.1726,1.225,1.075,2.0,6157.0
2010-12-08,1.225,1.225,1.225,1.225,0.0,0.0
2010-12-09,1.225,1.225,1.225,1.225,0.0,0.0
2010-12-10,1.225,1.225,1.225,1.225,0.0,0.0
2010-12-13,1.225,1.225,1.225,1.225,0.0,0.0
2010-12-14,1.225,1.225,1.225,1.225,0.0,0.0
2010-12-15,1.225,1.225,1.225,1.225,0.0,0.0
2010-12-16,1.225,1.225,1.225,1.225,0.0,0.0
2010-12-17,1.225,1.225,1.225,1.225,0.0,0.0
2010-12-20,1.225,1.225,1.225,1.225,0.0,0.0
2010-12-21,1.25,1.25,1.25,1.25,0.0,1.0
2010-12-22,1.1,1.1,1.2,1.275,1.0,6000.0
2010-12-23,1.3,1.3,1.2,1.2,2.0,200.0
