Date,HIGH,LOW,CLOSE,OPEN,COUNT,VOLUME
2005-05-20,60.5,57.5,60.5,57.5,0.0,6603.0
2005-05-23,61.5,60.5,61.5,60.5,0.0,4000.0
2005-05-24,73.0,61.5,73.0,61.5,0.0,13000.0
2005-05-25,73.0,73.0,73.0,73.0,0.0,3064.0
2005-05-26,75.5,73.0,75.0,75.5,0.0,58894.0
2005-05-27,75.0,75.0,75.0,75.0,0.0,0.0
2005-05-30,75.0,75.0,75.0,75.0,0.0,0.0
2005-05-31,75.0,75.0,75.0,75.0,0.0,5000.0
2005-06-01,75.0,65.0,65.0,75.0,0.0,7740.0
2005-06-02,65.0,65.0,65.0,65.0,0.0,2807.0
2005-06-03,65.0,65.0,65.0,65.0,0.0,0.0
2005-06-06,65.0,60.0,60.0,65.0,0.0,11600.0
2005-06-07,60.0,60.0,60.0,60.0,0.0,0.0
2005-06-08,60.0,59.0,59.0,60.0,0.0,2540.0
2005-06-09,59.0,55.0,55.0,59.0,0.0,5807.0
2005-06-10,55.0,55.0,55.0,55.0,0.0,7780.0
2005-06-13,55.0,55.0,55.0,55.0,0.0,0.0
2005-06-14,55.0,50.0,50.0,55.0,0.0,10000.0
2005-06-15,51.5,48.5,50.0,50.0,0.0,11053.0
2005-06-16,50.0,50.0,50.0,50.0,0.0,0.0
2005-06-17,50.0,50.0,50.0,50.0,0.0,0.0
2005-06-20,50.0,50.0,50.0,50.0,0.0,3720.0
2005-06-21,50.0,50.0,50.0,50.0,0.0,0.0
2005-06-22,50.0,50.0,50.0,50.0,0.0,0.0
2005-06-23,50.0,50.0,50.0,50.0,0.0,3000.0
2005-06-24,50.0,50.0,50.0,50.0,0.0,0.0
2005-06-27,50.0,50.0,50.0,50.0,0.0,0.0
2005-06-28,50.0,50.0,50.0,50.0,0.0,0.0
2005-06-29,50.0,50.0,50.0,50.0,0.0,0.0
2005-06-30,50.0,50.0,50.0,50.0,0.0,0.0
2005-07-01,51.5,51.5,51.5,51.5,0.0,1.0
2005-07-04,51.5,51.5,51.5,51.5,0.0,750.0
2005-07-05,51.5,51.5,51.5,51.5,0.0,0.0
2005-07-06,51.5,51.5,51.5,51.5,0.0,0.0
2005-07-07,51.5,51.5,51.5,51.5,0.0,0.0
2005-07-08,53.0,48.0,49.0,53.0,0.0,5000.0
2005-07-11,49.0,48.0,49.0,48.0,0.0,7500.0
2005-07-12,49.0,49.0,49.0,49.0,0.0,20000.0
2005-07-13,49.0,49.0,49.0,49.0,0.0,37403.0
2005-07-14,49.0,49.0,49.0,49.0,0.0,0.0
2005-07-15,49.0,49.0,49.0,49.0,0.0,0.0
2005-07-18,49.0,49.0,49.0,49.0,0.0,0.0
2005-07-19,49.0,49.0,49.0,49.0,0.0,0.0
2005-07-20,49.0,45.0,45.0,49.0,0.0,16000.0
2005-07-21,45.0,45.0,45.0,45.0,0.0,0.0
2005-07-22,45.0,45.0,45.0,45.0,0.0,0.0
2005-07-25,45.0,45.0,45.0,45.0,0.0,0.0
2005-07-26,44.0,44.0,44.0,44.0,0.0,1.0
2005-07-27,44.0,44.0,44.0,44.0,0.0,260.0
2005-07-28,45.0,44.0,45.0,44.0,0.0,4166.0
2005-07-29,45.0,45.0,45.0,45.0,0.0,0.0
2005-08-01,45.0,45.0,45.0,45.0,0.0,0.0
2005-08-02,45.0,45.0,45.0,45.0,0.0,0.0
2005-08-03,45.0,45.0,45.0,45.0,0.0,0.0
2005-08-04,45.0,45.0,45.0,45.0,0.0,0.0
2005-08-05,45.0,45.0,45.0,45.0,0.0,0.0
2005-08-08,45.0,45.0,45.0,45.0,0.0,0.0
2005-08-09,45.0,45.0,45.0,45.0,0.0,0.0
2005-08-10,45.0,45.0,45.0,45.0,0.0,0.0
2005-08-11,45.0,45.0,45.0,45.0,0.0,0.0
2005-08-12,45.0,45.0,45.0,45.0,0.0,0.0
2005-08-15,45.0,45.0,45.0,45.0,0.0,3000.0
2005-08-16,45.0,45.0,45.0,45.0,0.0,0.0
2005-08-17,45.0,45.0,45.0,45.0,0.0,0.0
2005-08-18,45.0,45.0,45.0,45.0,0.0,1743.0
2005-08-19,45.0,45.0,45.0,45.0,0.0,0.0
2005-08-22,45.0,45.0,45.0,45.0,0.0,19876.0
2005-08-23,45.0,45.0,45.0,45.0,0.0,75260.0
2005-08-24,45.0,45.0,45.0,45.0,0.0,0.0
2005-08-25,45.0,45.0,45.0,45.0,0.0,0.0
2005-08-26,45.0,45.0,45.0,45.0,0.0,0.0
2005-08-29,45.0,45.0,45.0,45.0,0.0,0.0
2005-08-30,45.0,45.0,45.0,45.0,0.0,0.0
2005-08-31,45.0,45.0,45.0,45.0,0.0,0.0
2005-09-01,45.0,45.0,45.0,45.0,0.0,0.0
2005-09-02,45.0,45.0,45.0,45.0,0.0,0.0
2005-09-05,45.0,45.0,45.0,45.0,0.0,0.0
2005-09-06,45.0,45.0,45.0,45.0,0.0,0.0
2005-09-07,45.0,45.0,45.0,45.0,0.0,2961.0
2005-09-08,45.0,45.0,45.0,45.0,0.0,10000.0
2005-09-09,45.0,45.0,45.0,45.0,0.0,0.0
2005-09-12,45.0,45.0,45.0,45.0,0.0,260.0
2005-09-13,45.0,45.0,45.0,45.0,0.0,0.0
2005-09-14,45.0,45.0,45.0,45.0,0.0,0.0
2005-09-15,45.0,45.0,45.0,45.0,0.0,0.0
2005-09-16,45.0,45.0,45.0,45.0,0.0,0.0
2005-09-19,45.0,45.0,45.0,45.0,0.0,0.0
2005-09-20,45.0,45.0,45.0,45.0,0.0,0.0
2005-09-21,45.0,43.5,43.5,45.0,0.0,14500.0
2005-09-22,46.5,45.0,46.5,45.0,0.0,2000.0
2005-09-23,46.5,46.5,46.5,46.5,0.0,0.0
2005-09-26,50.0,46.5,50.0,46.5,0.0,11000.0
2005-09-27,50.0,50.0,50.0,50.0,0.0,11454.0
2005-09-28,50.0,50.0,50.0,50.0,0.0,0.0
2005-09-29,50.0,50.0,50.0,50.0,0.0,0.0
2005-09-30,50.0,50.0,50.0,50.0,0.0,0.0
2005-10-03,50.0,50.0,50.0,50.0,0.0,472.0
2005-10-04,50.0,50.0,50.0,50.0,0.0,0.0
2005-10-05,50.0,50.0,50.0,50.0,0.0,0.0
2005-10-06,50.0,50.0,50.0,50.0,0.0,0.0
2005-10-07,50.0,48.0,48.0,50.0,0.0,7054.0
2005-10-10,48.0,48.0,48.0,48.0,0.0,0.0
2005-10-11,48.0,48.0,48.0,48.0,0.0,0.0
2005-10-12,48.0,48.0,48.0,48.0,0.0,0.0
2005-10-13,48.0,48.0,48.0,48.0,0.0,0.0
2005-10-14,48.0,48.0,48.0,48.0,0.0,0.0
2005-10-17,48.0,48.0,48.0,48.0,0.0,7000.0
2005-10-18,48.0,48.0,48.0,48.0,0.0,0.0
2005-10-19,48.0,48.0,48.0,48.0,0.0,0.0
2005-10-20,48.0,48.0,48.0,48.0,0.0,0.0
2005-10-21,48.0,48.0,48.0,48.0,0.0,0.0
2005-10-24,48.0,48.0,48.0,48.0,0.0,0.0
2005-10-25,48.0,48.0,48.0,48.0,0.0,0.0
2005-10-26,48.0,48.0,48.0,48.0,0.0,0.0
2005-10-27,48.0,48.0,48.0,48.0,0.0,0.0
2005-10-28,48.0,48.0,48.0,48.0,0.0,0.0
2005-10-31,48.0,48.0,48.0,48.0,0.0,0.0
2005-11-01,48.0,48.0,48.0,48.0,0.0,0.0
2005-11-02,48.0,48.0,48.0,48.0,0.0,0.0
2005-11-03,48.0,48.0,48.0,48.0,0.0,0.0
2005-11-04,48.0,48.0,48.0,48.0,0.0,0.0
2005-11-07,48.0,48.0,48.0,48.0,0.0,0.0
2005-11-08,48.0,48.0,48.0,48.0,0.0,0.0
2005-11-09,48.0,48.0,48.0,48.0,0.0,0.0
2005-11-10,48.0,48.0,48.0,48.0,0.0,0.0
2005-11-11,48.0,48.0,48.0,48.0,0.0,0.0
2005-11-14,48.0,48.0,48.0,48.0,0.0,0.0
2005-11-15,48.0,48.0,48.0,48.0,0.0,3000.0
2005-11-16,48.0,48.0,48.0,48.0,0.0,0.0
2005-11-17,48.0,48.0,48.0,48.0,0.0,0.0
2005-11-18,48.0,48.0,48.0,48.0,0.0,0.0
2005-11-21,48.0,48.0,48.0,48.0,0.0,1452.0
2005-11-22,48.0,48.0,48.0,48.0,0.0,0.0
2005-11-23,48.0,48.0,48.0,48.0,0.0,0.0
2005-11-24,49.0,49.0,49.0,49.0,0.0,1.0
2005-11-25,49.0,49.0,49.0,49.0,0.0,0.0
2005-11-28,49.0,49.0,49.0,49.0,0.0,0.0
2005-11-29,49.0,49.0,49.0,49.0,0.0,1800.0
2005-11-30,49.0,49.0,49.0,49.0,0.0,0.0
2005-12-01,49.0,49.0,49.0,49.0,0.0,0.0
2005-12-02,50.0,49.0,49.0,50.0,0.0,3000.0
2005-12-05,49.0,49.0,49.0,49.0,0.0,392.0
2005-12-06,49.0,49.0,49.0,49.0,0.0,0.0
2005-12-07,49.0,49.0,49.0,49.0,0.0,170.0
2005-12-08,49.0,49.0,49.0,49.0,0.0,0.0
2005-12-09,49.0,49.0,49.0,49.0,0.0,0.0
2005-12-12,49.0,49.0,49.0,49.0,0.0,0.0
2005-12-13,49.0,43.0,43.0,49.0,0.0,20741.0
2005-12-14,43.0,43.0,43.0,43.0,0.0,750.0
2005-12-15,43.0,43.0,43.0,43.0,0.0,0.0
2005-12-16,43.0,43.0,43.0,43.0,0.0,0.0
2005-12-19,43.0,43.0,43.0,43.0,0.0,0.0
2005-12-20,43.0,43.0,43.0,43.0,0.0,0.0
2005-12-21,43.0,43.0,43.0,43.0,0.0,0.0
2005-12-22,43.0,43.0,43.0,43.0,0.0,0.0
2005-12-23,43.0,43.0,43.0,43.0,0.0,70000.0
2005-12-26,43.0,43.0,43.0,43.0,0.0,0.0
2005-12-27,43.0,43.0,43.0,43.0,0.0,0.0
2005-12-28,43.0,43.0,43.0,43.0,0.0,0.0
2005-12-29,43.0,43.0,43.0,43.0,0.0,0.0
2005-12-30,43.0,43.0,43.0,43.0,0.0,0.0
2006-01-02,43.0,43.0,43.0,43.0,0.0,0.0
2006-01-03,43.0,43.0,43.0,43.0,0.0,0.0
2006-01-04,43.0,43.0,43.0,43.0,0.0,0.0
2006-01-05,43.0,43.0,43.0,43.0,0.0,0.0
2006-01-06,43.0,43.0,43.0,43.0,0.0,0.0
2006-01-09,43.0,43.0,43.0,43.0,0.0,0.0
2006-01-10,43.0,43.0,43.0,43.0,0.0,0.0
2006-01-11,43.0,43.0,43.0,43.0,0.0,0.0
2006-01-12,43.0,43.0,43.0,43.0,0.0,0.0
2006-01-13,43.0,43.0,43.0,43.0,0.0,0.0
2006-01-16,43.0,43.0,43.0,43.0,0.0,0.0
2006-01-17,43.0,43.0,43.0,43.0,0.0,0.0
2006-01-18,43.0,43.0,43.0,43.0,0.0,0.0
2006-01-19,43.0,43.0,43.0,43.0,0.0,0.0
2006-01-20,43.0,43.0,43.0,43.0,0.0,0.0
2006-01-23,43.0,43.0,43.0,43.0,0.0,0.0
2006-01-24,43.0,43.0,43.0,43.0,0.0,0.0
2006-01-25,43.0,40.0,40.0,43.0,0.0,4000.0
2006-01-26,40.0,40.0,40.0,40.0,0.0,460.0
2006-01-27,41.5,40.0,41.5,40.0,0.0,12650.0
2006-01-30,43.5,41.5,43.5,41.5,0.0,22084.0
2006-01-31,43.5,42.5,42.5,43.5,0.0,10000.0
2006-02-01,45.5,42.5,45.5,42.5,0.0,4330.0
2006-02-02,48.5,46.5,48.5,46.5,0.0,13326.0
2006-02-03,53.0,48.5,53.0,48.5,0.0,13469.0
2006-02-06,56.5,53.0,56.5,53.0,0.0,6750.0
2006-02-07,56.5,56.5,56.5,56.5,0.0,0.0
2006-02-08,56.5,56.5,56.5,56.5,0.0,0.0
2006-02-09,56.5,55.0,55.0,56.5,0.0,88804.0
2006-02-10,55.0,55.0,55.0,55.0,0.0,0.0
2006-02-13,55.0,55.0,55.0,55.0,0.0,8700.0
2006-02-14,55.0,55.0,55.0,55.0,0.0,0.0
2006-02-15,55.0,55.0,55.0,55.0,0.0,0.0
2006-02-16,55.0,53.5,55.0,55.0,0.0,1735.0
2006-02-17,55.0,53.0,53.0,55.0,0.0,31944.0
2006-02-20,53.0,51.5,51.5,53.0,0.0,5000.0
2006-02-21,51.5,51.5,51.5,51.5,0.0,0.0
2006-02-22,51.5,51.5,51.5,51.5,0.0,0.0
2006-02-23,51.5,51.5,51.5,51.5,0.0,0.0
2006-02-24,51.5,51.5,51.5,51.5,0.0,0.0
2006-02-27,51.5,51.5,51.5,51.5,0.0,0.0
2006-02-28,52.5,51.5,51.5,51.5,0.0,16013.0
2006-03-01,52.5,52.5,52.5,52.5,0.0,10000.0
2006-03-02,53.5,52.5,53.5,52.5,0.0,4825.0
2006-03-03,53.5,53.5,53.5,53.5,0.0,0.0
2006-03-06,53.5,53.5,53.5,53.5,0.0,5000.0
2006-03-07,53.5,53.5,53.5,53.5,0.0,0.0
2006-03-08,53.5,53.5,53.5,53.5,0.0,0.0
2006-03-09,53.5,53.5,53.5,53.5,0.0,0.0
2006-03-10,53.5,53.5,53.5,53.5,0.0,0.0
2006-03-13,54.5,53.5,54.5,53.5,0.0,10000.0
2006-03-14,54.5,53.5,53.5,54.5,0.0,7500.0
2006-03-15,53.5,53.5,53.5,53.5,0.0,0.0
2006-03-16,53.5,53.5,53.5,53.5,0.0,4873.0
2006-03-17,53.5,53.5,53.5,53.5,0.0,0.0
2006-03-20,53.5,53.0,53.0,53.5,0.0,1332.0
2006-03-21,53.0,53.0,53.0,53.0,0.0,3650.0
2006-03-22,53.0,53.0,53.0,53.0,0.0,0.0
2006-03-23,53.0,53.0,53.0,53.0,0.0,0.0
2006-03-24,53.0,53.0,53.0,53.0,0.0,0.0
2006-03-27,53.0,53.0,53.0,53.0,0.0,0.0
2006-03-28,53.0,53.0,53.0,53.0,0.0,0.0
2006-03-29,53.0,53.0,53.0,53.0,0.0,0.0
2006-03-30,56.5,56.0,56.5,56.0,0.0,25000.0
2006-03-31,56.5,56.5,56.5,56.5,0.0,974.0
2006-04-03,58.5,56.5,58.5,56.5,0.0,18094.0
2006-04-04,58.5,58.5,58.5,58.5,0.0,27538.0
2006-04-05,58.5,58.5,58.5,58.5,0.0,5791.0
2006-04-06,58.5,56.5,56.5,58.5,0.0,15000.0
2006-04-07,56.5,56.5,56.5,56.5,0.0,2200.0
2006-04-10,56.5,56.5,56.5,56.5,0.0,1025.0
2006-04-11,57.5,56.5,57.5,56.5,0.0,5576.0
2006-04-12,57.5,57.5,57.5,57.5,0.0,1122.0
2006-04-13,57.5,57.5,57.5,57.5,0.0,0.0
2006-04-14,57.5,57.5,57.5,57.5,0.0,0.0
2006-04-17,57.5,57.5,57.5,57.5,0.0,0.0
2006-04-18,57.5,56.5,56.5,57.5,0.0,5000.0
2006-04-19,56.5,56.5,56.5,56.5,0.0,0.0
2006-04-20,56.5,56.5,56.5,56.5,0.0,0.0
2006-04-21,57.5,56.5,57.5,56.5,0.0,7500.0
2006-04-24,57.5,57.5,57.5,57.5,0.0,3470.0
2006-04-25,57.5,57.5,57.5,57.5,0.0,0.0
2006-04-26,57.5,56.5,56.5,57.5,0.0,7500.0
2006-04-27,56.5,56.5,56.5,56.5,0.0,0.0
2006-04-28,56.5,56.5,56.5,56.5,0.0,100.0
2006-05-01,56.5,56.5,56.5,56.5,0.0,0.0
2006-05-02,57.5,56.5,57.5,56.5,0.0,10807.0
2006-05-03,58.0,57.5,58.0,57.5,0.0,4500.0
2006-05-04,58.0,58.0,58.0,58.0,0.0,0.0
2006-05-05,58.5,58.0,58.5,58.0,0.0,7000.0
2006-05-08,58.5,58.5,58.5,58.5,0.0,0.0
2006-05-09,58.5,58.5,58.5,58.5,0.0,0.0
2006-05-10,58.5,58.5,58.5,58.5,0.0,919.0
2006-05-11,58.5,58.5,58.5,58.5,0.0,0.0
2006-05-12,58.5,58.5,58.5,58.5,0.0,806.0
2006-05-15,58.5,56.5,56.5,58.5,0.0,5000.0
2006-05-16,56.5,56.5,56.5,56.5,0.0,0.0
2006-05-17,56.5,53.5,53.5,56.5,0.0,6034.0
2006-05-18,53.5,53.5,53.5,53.5,0.0,0.0
2006-05-19,53.5,53.5,53.5,53.5,0.0,0.0
2006-05-22,53.5,53.5,53.5,53.5,0.0,0.0
2006-05-23,53.5,51.5,51.5,53.5,0.0,4000.0
2006-05-24,51.5,51.5,51.5,51.5,0.0,0.0
2006-05-25,51.5,51.5,51.5,51.5,0.0,0.0
2006-05-26,51.5,51.5,51.5,51.5,0.0,0.0
2006-05-29,51.5,51.5,51.5,51.5,0.0,0.0
2006-05-30,51.5,50.5,50.5,51.5,0.0,5000.0
2006-05-31,50.5,50.5,50.5,50.5,0.0,0.0
2006-06-01,50.5,50.5,50.5,50.5,0.0,0.0
2006-06-02,50.5,50.5,50.5,50.5,0.0,0.0
2006-06-05,50.5,50.5,50.5,50.5,0.0,0.0
2006-06-06,50.5,49.0,49.0,50.5,0.0,6740.0
2006-06-07,49.0,49.0,49.0,49.0,0.0,0.0
2006-06-08,49.0,48.5,48.5,49.0,0.0,48902.0
2006-06-09,56.5,52.5,55.5,52.5,0.0,47325.0
2006-06-12,56.5,55.5,56.5,55.5,0.0,6644.0
2006-06-13,56.5,56.5,56.5,56.5,0.0,200.0
2006-06-14,61.5,57.5,61.5,57.5,0.0,5000.0
2006-06-15,61.5,61.5,61.5,61.5,0.0,300.0
2006-06-16,61.5,61.5,61.5,61.5,0.0,0.0
2006-06-19,61.5,61.5,61.5,61.5,0.0,1656.0
2006-06-20,61.5,61.5,61.5,61.5,0.0,0.0
2006-06-21,61.5,61.5,61.5,61.5,0.0,0.0
2006-06-22,61.5,61.5,61.5,61.5,0.0,0.0
2006-06-23,61.5,61.5,61.5,61.5,0.0,0.0
2006-06-26,61.5,61.5,61.5,61.5,0.0,0.0
2006-06-27,61.5,61.5,61.5,61.5,0.0,0.0
2006-06-28,61.5,61.5,61.5,61.5,0.0,3076.0
2006-06-29,61.5,61.5,61.5,61.5,0.0,0.0
2006-06-30,61.5,61.5,61.5,61.5,0.0,0.0
2006-07-03,61.5,61.5,61.5,61.5,0.0,0.0
2006-07-04,67.5,61.5,67.5,61.5,0.0,11666.0
2006-07-05,67.5,67.5,67.5,67.5,0.0,5356.0
2006-07-06,91.0,67.5,83.5,67.5,0.0,39258.0
2006-07-07,83.5,77.5,77.5,83.5,0.0,77426.0
2006-07-10,86.0,77.5,86.0,77.5,0.0,79701.0
2006-07-11,98.0,86.5,93.5,86.5,0.0,43943.0
2006-07-12,93.5,88.0,88.5,93.5,0.0,20820.0
2006-07-13,88.5,74.5,76.5,88.5,0.0,20383.0
2006-07-14,83.5,77.5,83.5,77.5,0.0,18515.0
2006-07-17,83.5,83.5,83.5,83.5,0.0,1174.0
2006-07-18,84.5,83.5,84.5,83.5,0.0,2931.0
2006-07-19,85.5,85.5,85.5,85.5,0.0,1.0
2006-07-20,86.5,85.5,86.5,85.5,0.0,6500.0
2006-07-21,86.5,86.5,86.5,86.5,0.0,0.0
2006-07-24,86.5,86.5,86.5,86.5,0.0,772.0
2006-07-25,88.5,88.5,88.5,88.5,0.0,72154.0
2006-07-26,89.0,89.0,89.0,89.0,0.0,5234.0
2006-07-27,91.5,89.0,90.0,89.0,0.0,74769.0
2006-07-28,90.0,90.0,90.0,90.0,0.0,12946.0
2006-07-31,90.0,90.0,90.0,90.0,0.0,21338.0
2006-08-01,91.5,89.5,91.5,90.0,0.0,56389.0
2006-08-02,94.5,91.5,94.5,91.5,0.0,60097.0
2006-08-03,94.5,93.0,93.0,94.5,0.0,11530.0
2006-08-04,94.0,93.0,94.0,93.0,0.0,31259.0
2006-08-07,96.5,92.5,92.5,96.0,0.0,63559.0
2006-08-08,92.5,91.5,92.5,92.5,0.0,13041.0
2006-08-09,93.5,92.5,93.5,92.5,0.0,18714.0
2006-08-10,93.5,93.5,93.5,93.5,0.0,6034.0
2006-08-11,93.5,93.5,93.5,93.5,0.0,2000.0
2006-08-14,93.5,93.5,93.5,93.5,0.0,3913.0
2006-08-15,93.5,93.5,93.5,93.5,0.0,1445.0
2006-08-16,93.5,93.5,93.5,93.5,0.0,1801.0
2006-08-17,93.5,86.0,86.5,93.5,0.0,62485.0
2006-08-18,87.5,86.5,87.5,86.5,0.0,6370.0
2006-08-21,87.5,87.5,87.5,87.5,0.0,3225.0
2006-08-22,88.5,87.5,88.5,87.5,0.0,3723.0
2006-08-23,88.5,88.5,88.5,88.5,0.0,0.0
2006-08-24,88.5,88.5,88.5,88.5,0.0,116.0
2006-08-25,88.5,88.5,88.5,88.5,0.0,5100.0
2006-08-28,88.5,88.5,88.5,88.5,0.0,0.0
2006-08-29,88.5,87.5,87.5,88.5,0.0,2288.0
2006-08-30,87.5,87.5,87.5,87.5,0.0,1118.0
2006-08-31,87.5,87.5,87.5,87.5,0.0,5698.0
2006-09-01,88.5,87.5,88.5,87.5,0.0,8040.0
2006-09-04,89.5,87.5,88.5,88.5,0.0,28166.0
2006-09-05,88.5,88.5,88.5,88.5,0.0,1689.0
2006-09-06,88.5,88.5,88.5,88.5,0.0,3066.0
2006-09-07,88.5,88.5,88.5,88.5,0.0,42594.0
2006-09-08,88.5,87.5,87.5,88.5,0.0,3977.0
2006-09-11,87.5,87.5,87.5,87.5,0.0,1530.0
2006-09-12,87.5,87.5,87.5,87.5,0.0,15592.0
2006-09-13,87.5,87.5,87.5,87.5,0.0,16604.0
2006-09-14,87.5,87.5,87.5,87.5,0.0,333.0
2006-09-15,90.0,87.5,90.0,87.5,0.0,31500.0
2006-09-18,90.0,90.0,90.0,90.0,0.0,1700.0
2006-09-19,90.0,90.0,90.0,90.0,0.0,1307.0
2006-09-20,90.0,90.0,90.0,90.0,0.0,0.0
2006-09-21,90.0,90.0,90.0,90.0,0.0,19022.0
2006-09-22,94.5,93.5,94.5,93.5,0.0,3910.0
2006-09-25,94.5,94.5,94.5,94.5,0.0,6494.0
2006-09-26,94.5,93.5,93.5,94.5,0.0,6800.0
2006-09-27,93.5,93.5,93.5,93.5,0.0,2890.0
2006-09-28,93.5,93.5,93.5,93.5,0.0,977.0
2006-09-29,93.5,93.5,93.5,93.5,0.0,5544.0
2006-10-02,93.5,93.5,93.5,93.5,0.0,1000.0
2006-10-03,96.0,92.5,96.0,93.5,0.0,16666.0
2006-10-04,96.5,96.0,96.5,96.0,0.0,30469.0
2006-10-05,96.5,96.5,96.5,96.5,0.0,30556.0
2006-10-06,97.5,96.5,97.5,96.5,0.0,5930.0
2006-10-09,97.5,97.5,97.5,97.5,0.0,12023.0
2006-10-10,98.5,96.5,96.5,98.5,0.0,1185.0
2006-10-11,96.5,93.0,93.0,96.5,0.0,16250.0
2006-10-12,93.0,93.0,93.0,93.0,0.0,6973.0
2006-10-13,93.0,92.0,92.0,93.0,0.0,10090.0
2006-10-16,92.0,92.0,92.0,92.0,0.0,3891.0
2006-10-17,92.0,92.0,92.0,92.0,0.0,2601.0
2006-10-18,92.0,92.0,92.0,92.0,0.0,6461.0
2006-10-19,92.0,92.0,92.0,92.0,0.0,0.0
2006-10-20,92.0,92.0,92.0,92.0,0.0,9552.0
2006-10-23,92.5,92.0,92.5,92.0,0.0,3500.0
2006-10-24,92.5,92.5,92.5,92.5,0.0,4500.0
2006-10-25,92.5,92.5,92.5,92.5,0.0,0.0
2006-10-26,92.5,92.5,92.5,92.5,0.0,4210.0
2006-10-27,92.5,92.5,92.5,92.5,0.0,5565.0
2006-10-30,92.5,87.5,87.5,91.5,0.0,15239.0
2006-10-31,87.5,80.5,80.5,87.5,0.0,16026.0
2006-11-01,80.5,80.5,80.5,80.5,0.0,6285.0
2006-11-02,80.5,80.5,80.5,80.5,0.0,3875.0
2006-11-03,80.5,80.0,80.0,80.5,0.0,6429.0
2006-11-06,80.0,80.0,80.0,80.0,0.0,0.0
2006-11-07,80.0,75.0,75.0,80.0,0.0,25812.0
2006-11-08,75.0,66.5,70.0,75.0,0.0,36062.0
2006-11-09,79.5,69.0,79.5,70.0,0.0,40498.0
2006-11-10,83.5,79.5,83.5,79.5,0.0,20077.0
2006-11-13,83.5,82.5,82.5,83.5,0.0,2000.0
2006-11-14,82.5,82.5,82.5,82.5,0.0,8713.0
2006-11-15,82.5,82.5,82.5,82.5,0.0,2500.0
2006-11-16,82.5,82.5,82.5,82.5,0.0,500.0
2006-11-17,83.0,82.5,83.0,82.5,0.0,5000.0
2006-11-20,83.0,83.0,83.0,83.0,0.0,5701.0
2006-11-21,84.0,83.0,84.0,83.0,0.0,3656.0
2006-11-22,84.5,84.0,84.5,84.0,0.0,6956.0
2006-11-23,84.5,84.5,84.5,84.5,0.0,4870.0
2006-11-24,84.5,84.5,84.5,84.5,0.0,0.0
2006-11-27,84.5,84.5,84.5,84.5,0.0,13772.0
2006-11-28,84.5,84.5,84.5,84.5,0.0,0.0
2006-11-29,84.5,84.5,84.5,84.5,0.0,2840.0
2006-11-30,84.5,84.5,84.5,84.5,0.0,1504.0
2006-12-01,84.5,84.5,84.5,84.5,0.0,750.0
2006-12-04,84.5,84.5,84.5,84.5,0.0,0.0
2006-12-05,84.5,84.5,84.5,84.5,0.0,472.0
2006-12-06,84.5,81.0,81.5,84.5,0.0,36554.0
2006-12-07,81.5,80.5,80.5,81.5,0.0,4214.0
2006-12-08,80.5,79.5,80.5,80.5,0.0,2150.0
2006-12-11,80.5,80.5,80.5,80.5,0.0,67.0
2006-12-12,80.5,80.5,80.5,80.5,0.0,0.0
2006-12-13,80.5,80.5,80.5,80.5,0.0,25542.0
2006-12-14,80.5,80.5,80.5,80.5,0.0,0.0
2006-12-15,80.5,80.5,80.5,80.5,0.0,4948.0
2006-12-18,80.5,80.5,80.5,80.5,0.0,18634.0
2006-12-19,80.5,80.0,80.0,80.5,0.0,6102.0
2006-12-20,80.0,80.0,80.0,80.0,0.0,600.0
2006-12-21,85.0,80.0,85.0,80.0,0.0,53192.0
2006-12-22,89.0,85.0,89.0,85.0,0.0,23418.0
2006-12-25,89.0,89.0,89.0,89.0,0.0,0.0
2006-12-26,89.0,89.0,89.0,89.0,0.0,0.0
2006-12-27,89.0,87.5,87.5,89.0,0.0,2000.0
2006-12-28,87.5,86.5,87.5,87.5,0.0,2000.0
2006-12-29,87.5,87.5,87.5,87.5,0.0,0.0
2007-01-01,87.5,87.5,87.5,87.5,0.0,0.0
2007-01-02,87.5,87.5,87.5,87.5,0.0,100.0
2007-01-03,87.5,87.5,87.5,87.5,0.0,528.0
2007-01-04,87.5,87.5,87.5,87.5,0.0,3612.0
2007-01-05,87.5,87.5,87.5,87.5,0.0,0.0
2007-01-08,87.5,85.0,85.0,87.5,0.0,16567.0
2007-01-09,85.0,85.0,85.0,85.0,0.0,1600.0
2007-01-10,85.0,85.0,85.0,85.0,0.0,574.0
2007-01-11,85.0,81.5,81.5,85.0,0.0,11109.0
2007-01-12,84.0,80.5,80.5,81.5,0.0,61000.0
2007-01-15,106.5,88.5,100.5,88.5,0.0,242565.0
2007-01-16,109.5,100.5,108.5,100.5,0.0,65143.0
2007-01-17,113.5,108.5,110.0,108.5,0.0,53544.0
2007-01-18,110.0,105.5,105.5,110.0,0.0,34083.0
2007-01-19,105.5,105.0,105.0,105.5,0.0,17859.0
2007-01-22,125.5,105.0,125.5,105.0,0.0,43836.0
2007-01-23,125.5,124.5,124.5,125.5,0.0,15199.0
2007-01-24,124.5,115.5,115.5,124.5,0.0,26315.0
2007-01-25,121.0,115.5,121.0,115.5,0.0,11266.0
2007-01-26,125.5,121.0,125.5,121.0,0.0,15217.0
2007-01-29,125.5,124.0,124.0,125.5,0.0,3968.0
2007-01-30,124.0,119.5,119.5,124.0,0.0,7900.0
2007-01-31,119.5,118.0,118.0,119.5,0.0,12220.0
2007-02-01,118.0,116.5,117.5,118.0,0.0,7000.0
2007-02-02,117.5,117.5,117.5,117.5,0.0,3150.0
2007-02-05,124.0,117.5,122.0,117.5,0.0,11391.0
2007-02-06,126.5,122.0,126.5,122.0,0.0,12562.0
2007-02-07,136.5,130.0,136.0,130.0,0.0,41231.0
2007-02-08,156.5,136.0,153.5,136.0,0.0,78640.0
2007-02-09,164.25,146.5,150.0,155.0,0.0,67476.0
2007-02-12,150.0,148.5,148.5,150.0,0.0,22666.0
2007-02-13,145.0,139.0,139.0,145.0,0.0,13056.0
2007-02-14,141.5,139.0,141.5,139.0,0.0,15738.0
2007-02-15,143.5,138.0,138.0,141.5,0.0,18205.0
2007-02-16,138.0,138.0,138.0,138.0,0.0,21181.0
2007-02-19,138.0,131.5,132.5,138.0,0.0,23430.0
2007-02-20,132.5,127.5,132.5,130.0,0.0,21440.0
2007-02-21,132.5,132.5,132.5,132.5,0.0,500.0
2007-02-22,134.0,132.5,134.0,132.5,0.0,10883.0
2007-02-23,134.0,134.0,134.0,134.0,0.0,4610.0
2007-02-26,136.0,134.0,136.0,134.0,0.0,3964.0
2007-02-27,136.0,133.0,133.0,136.0,0.0,10619.0
2007-02-28,131.0,129.0,131.0,130.0,0.0,12475.0
2007-03-01,131.5,131.0,131.5,131.0,0.0,2000.0
2007-03-02,132.5,131.5,132.5,131.5,0.0,739.0
2007-03-05,132.5,117.5,117.5,132.5,0.0,26541.0
2007-03-06,117.5,117.5,117.5,117.5,0.0,4119.0
2007-03-07,120.0,119.0,120.0,119.0,0.0,2196.0
2007-03-08,120.0,120.0,120.0,120.0,0.0,747.0
2007-03-09,120.0,120.0,120.0,120.0,0.0,1035.0
2007-03-12,123.0,120.0,123.0,120.0,0.0,12668.0
2007-03-13,124.0,123.5,124.0,123.5,0.0,5683.0
2007-03-14,124.0,124.0,124.0,124.0,0.0,11028.0
2007-03-15,124.0,124.0,124.0,124.0,0.0,17730.0
2007-03-16,124.0,124.0,124.0,124.0,0.0,3739.0
2007-03-19,127.0,124.0,127.0,124.0,0.0,16916.0
2007-03-20,127.0,127.0,127.0,127.0,0.0,500.0
2007-03-21,127.0,126.5,126.5,127.0,0.0,12781.0
2007-03-22,127.0,126.5,127.0,126.5,0.0,378.0
2007-03-23,128.0,127.0,128.0,127.0,0.0,4595.0
2007-03-26,136.5,128.0,136.5,128.0,0.0,27849.0
2007-03-27,137.5,136.5,136.5,136.5,0.0,16983.0
2007-03-28,136.5,136.5,136.5,136.5,0.0,10486.0
2007-03-29,139.0,136.5,139.0,136.5,0.0,7322.0
2007-03-30,143.5,142.5,143.5,143.5,0.0,13601.0
2007-04-02,143.5,135.0,135.0,143.5,0.0,22521.0
2007-04-03,136.5,135.0,136.5,135.0,0.0,4321.0
2007-04-04,136.5,135.0,135.0,136.5,0.0,2352.0
2007-04-05,137.5,135.0,136.5,135.0,0.0,13226.0
2007-04-06,136.5,136.5,136.5,136.5,0.0,0.0
2007-04-09,136.5,136.5,136.5,136.5,0.0,0.0
2007-04-10,134.0,125.0,133.5,134.0,0.0,62877.0
2007-04-11,133.5,133.5,133.5,133.5,0.0,40611.0
2007-04-12,136.0,133.5,136.0,133.5,0.0,4914.0
2007-04-13,136.0,132.5,132.5,136.0,0.0,18000.0
2007-04-16,132.5,128.5,128.5,132.5,0.0,21113.0
2007-04-17,127.5,122.5,122.5,127.5,0.0,10483.0
2007-04-18,122.5,119.0,119.0,122.5,0.0,6781.0
2007-04-19,119.0,113.5,113.5,119.0,0.0,6407.0
2007-04-20,116.5,113.5,116.5,113.5,0.0,11543.0
2007-04-23,116.5,116.5,116.5,116.5,0.0,2070.0
2007-04-24,116.5,113.5,113.5,116.5,0.0,2000.0
2007-04-25,112.5,107.5,107.5,112.5,0.0,12796.0
2007-04-26,107.5,103.5,105.0,107.5,0.0,15657.0
2007-04-27,109.0,105.0,107.5,105.0,0.0,29528.0
2007-04-30,112.0,109.5,109.5,112.0,0.0,18377.0
2007-05-01,109.5,109.5,109.5,109.5,0.0,6000.0
2007-05-02,109.5,109.5,109.5,109.5,0.0,12730.0
2007-05-03,110.0,110.0,110.0,110.0,0.0,5318.0
2007-05-04,111.0,111.0,111.0,111.0,0.0,5658.0
2007-05-06,111.0,111.0,111.0,111.0,0.0,0.0
2007-05-07,111.0,111.0,111.0,111.0,0.0,0.0
2007-05-08,121.0,111.0,121.0,111.0,0.0,28559.0
2007-05-09,117.5,112.5,112.5,117.5,0.0,38247.0
2007-05-10,112.5,111.5,112.5,112.5,0.0,7502.0
2007-05-11,115.5,112.5,115.5,112.5,0.0,8419.0
2007-05-14,116.5,114.0,114.0,116.5,0.0,9345.0
2007-05-15,114.0,114.0,114.0,114.0,0.0,10000.0
2007-05-16,114.0,114.0,114.0,114.0,0.0,837.0
2007-05-17,114.0,114.0,114.0,114.0,0.0,38546.0
2007-05-18,115.0,114.0,115.0,114.0,0.0,3000.0
2007-05-21,115.0,115.0,115.0,115.0,0.0,663.0
2007-05-22,115.0,115.0,115.0,115.0,0.0,6732.0
2007-05-23,115.0,115.0,115.0,115.0,0.0,5000.0
2007-05-24,115.0,115.0,115.0,115.0,0.0,1341.0
2007-05-25,115.0,115.0,115.0,115.0,0.0,511.0
2007-05-28,115.0,115.0,115.0,115.0,0.0,0.0
2007-05-29,115.0,115.0,115.0,115.0,0.0,2849.0
2007-05-30,115.0,115.0,115.0,115.0,0.0,3525.0
2007-05-31,115.0,115.0,115.0,115.0,0.0,2106.0
2007-06-01,115.0,115.0,115.0,115.0,0.0,370.0
2007-06-04,117.5,115.0,117.5,115.0,0.0,17313.0
2007-06-05,121.0,117.5,121.0,117.5,0.0,4307.0
2007-06-06,121.5,121.0,121.0,121.0,0.0,12994.0
2007-06-07,121.0,121.0,121.0,121.0,0.0,1948.0
2007-06-08,121.0,121.0,121.0,121.0,0.0,5000.0
2007-06-11,121.0,121.0,121.0,121.0,0.0,3834.0
2007-06-12,121.0,119.0,119.0,121.0,0.0,2171.0
2007-06-13,119.0,119.0,119.0,119.0,0.0,200.0
2007-06-14,119.0,119.0,119.0,119.0,0.0,1712.0
2007-06-15,119.0,116.5,116.5,119.0,0.0,2749.0
2007-06-18,118.0,116.5,116.5,118.0,0.0,5182.0
2007-06-19,116.5,116.5,116.5,116.5,0.0,869.0
2007-06-20,116.5,114.0,114.0,116.5,0.0,2500.0
2007-06-21,114.0,110.5,110.5,114.0,0.0,4950.0
2007-06-22,108.0,108.0,108.0,108.0,0.0,8500.0
2007-06-25,106.5,103.5,103.5,106.5,0.0,5061.0
2007-06-26,107.5,103.5,107.5,103.5,0.0,5000.0
2007-06-27,107.5,107.5,107.5,107.5,0.0,600.0
2007-06-28,107.5,107.5,107.5,107.5,0.0,7545.0
2007-06-29,107.5,107.5,107.5,107.5,0.0,10000.0
2007-07-02,107.5,107.5,107.5,107.5,0.0,27034.0
2007-07-03,107.5,107.5,107.5,107.5,0.0,12500.0
2007-07-04,107.5,107.5,107.5,107.5,0.0,5000.0
2007-07-05,108.0,107.5,108.0,107.5,0.0,9040.0
2007-07-06,118.5,108.0,118.5,108.0,0.0,76268.0
2007-07-09,118.5,115.5,118.5,118.5,0.0,26394.0
2007-07-10,119.5,117.5,117.5,118.5,0.0,44811.0
2007-07-11,115.0,114.0,114.0,115.0,0.0,2000.0
2007-07-12,114.0,114.0,114.0,114.0,0.0,31614.0
2007-07-13,114.0,114.0,114.0,114.0,0.0,5000.0
2007-07-16,116.5,114.0,116.5,114.0,0.0,20015.0
2007-07-17,119.0,116.5,119.0,116.5,0.0,11812.0
2007-07-18,116.5,116.5,116.5,116.5,0.0,200.0
2007-07-19,116.5,116.5,116.5,116.5,0.0,38784.0
2007-07-20,116.5,116.5,116.5,116.5,0.0,1416.0
2007-07-23,116.5,116.5,116.5,116.5,0.0,11308.0
2007-07-24,116.5,116.5,116.5,116.5,0.0,0.0
2007-07-25,116.5,115.0,116.5,115.0,0.0,1896.0
2007-07-26,116.5,116.5,116.5,116.5,0.0,595.0
2007-07-27,111.0,111.0,111.0,111.0,0.0,19969.0
2007-07-30,112.5,111.0,112.5,111.0,0.0,13039.0
2007-07-31,112.5,112.5,112.5,112.5,0.0,20000.0
2007-08-01,112.5,112.5,112.5,112.5,0.0,18833.0
2007-08-02,112.5,112.5,112.5,112.5,0.0,0.0
2007-08-03,112.5,112.5,112.5,112.5,0.0,10916.0
2007-08-06,112.5,112.5,112.5,112.5,0.0,1703.0
2007-08-07,112.5,112.5,112.5,112.5,0.0,459.0
2007-08-08,112.5,109.5,109.5,112.5,0.0,3803.0
2007-08-09,109.5,109.5,109.5,109.5,0.0,16864.0
2007-08-10,109.5,109.0,109.0,109.5,0.0,2600.0
2007-08-13,109.5,109.5,109.5,109.5,0.0,1.0
2007-08-14,109.5,108.5,108.5,109.5,0.0,8500.0
2007-08-15,108.0,107.0,107.0,108.0,0.0,450.0
2007-08-16,102.5,90.0,94.0,102.5,0.0,6256.0
2007-08-17,94.0,89.0,92.5,94.0,0.0,17210.0
2007-08-20,92.5,90.0,90.0,92.5,0.0,28000.0
2007-08-21,91.0,90.0,91.0,90.0,0.0,16913.0
2007-08-22,91.0,91.0,91.0,91.0,0.0,1244.0
2007-08-23,91.0,91.0,91.0,91.0,0.0,1045.0
2007-08-24,91.0,91.0,91.0,91.0,0.0,0.0
2007-08-27,91.0,91.0,91.0,91.0,0.0,0.0
2007-08-28,93.5,91.0,93.5,91.0,0.0,5418.0
2007-08-29,93.5,93.5,93.5,93.5,0.0,3580.0
2007-08-30,96.5,93.5,96.5,93.5,0.0,7615.0
2007-08-31,97.5,96.0,97.5,96.0,0.0,2500.0
2007-09-03,100.0,97.5,100.0,97.5,0.0,11500.0
2007-09-04,102.5,102.5,102.5,102.5,0.0,1.0
2007-09-05,102.5,102.5,102.5,102.5,0.0,5000.0
2007-09-06,104.5,102.5,104.5,102.5,0.0,9643.0
2007-09-07,107.5,107.0,107.5,107.0,0.0,12842.0
2007-09-10,107.5,107.5,107.5,107.5,0.0,1830.0
2007-09-11,107.5,107.5,107.5,107.5,0.0,0.0
2007-09-12,107.5,107.5,107.5,107.5,0.0,0.0
2007-09-13,107.5,107.5,107.5,107.5,0.0,87.0
2007-09-14,107.5,105.0,105.0,107.5,0.0,1000.0
2007-09-17,105.0,105.0,105.0,105.0,0.0,116.0
2007-09-18,105.0,105.0,105.0,105.0,0.0,475.0
2007-09-19,105.0,105.0,105.0,105.0,0.0,9214.0
2007-09-20,105.0,105.0,105.0,105.0,0.0,5512.0
2007-09-21,111.0,110.0,110.0,111.0,0.0,5500.0
2007-09-24,110.0,110.0,110.0,110.0,0.0,446.0
2007-09-25,110.0,108.5,108.5,110.0,0.0,8678.0
2007-09-26,108.5,107.5,107.5,108.5,0.0,3382.0
2007-09-27,107.5,107.5,107.5,107.5,0.0,5833.0
2007-09-28,107.5,107.5,107.5,107.5,0.0,893.0
2007-10-01,107.5,107.5,107.5,107.5,0.0,2000.0
2007-10-02,107.5,107.5,107.5,107.5,0.0,2519.0
2007-10-03,107.5,102.5,102.5,107.5,0.0,3000.0
2007-10-04,102.5,102.5,102.5,102.5,0.0,0.0
2007-10-05,102.5,102.5,102.5,102.5,0.0,121.0
2007-10-08,102.5,102.5,102.5,102.5,0.0,6088.0
2007-10-09,102.5,101.0,101.0,102.5,0.0,4358.0
2007-10-10,100.0,100.0,100.0,100.0,0.0,1.0
2007-10-11,100.0,99.0,99.0,100.0,0.0,1646.0
2007-10-12,99.0,99.0,99.0,99.0,0.0,61830.0
2007-10-15,99.0,99.0,99.0,99.0,0.0,5097.0
2007-10-16,99.0,99.0,99.0,99.0,0.0,750.0
2007-10-17,99.0,99.0,99.0,99.0,0.0,0.0
2007-10-18,99.0,99.0,99.0,99.0,0.0,0.0
2007-10-19,99.0,99.0,99.0,99.0,0.0,0.0
2007-10-22,99.0,99.0,99.0,99.0,0.0,400.0
2007-10-23,99.0,99.0,99.0,99.0,0.0,200.0
2007-10-24,99.0,99.0,99.0,99.0,0.0,194.0
2007-10-25,99.0,99.0,99.0,99.0,0.0,21000.0
2007-10-26,99.0,99.0,99.0,99.0,0.0,3751.0
2007-10-29,99.0,99.0,99.0,99.0,0.0,633.0
2007-10-30,99.0,99.0,99.0,99.0,0.0,1190.0
2007-10-31,99.0,99.0,99.0,99.0,0.0,479.0
2007-11-01,99.0,99.0,99.0,99.0,0.0,4355.0
2007-11-02,99.0,99.0,99.0,99.0,0.0,6501.0
2007-11-05,99.0,99.0,99.0,99.0,0.0,19708.0
2007-11-06,99.0,99.0,99.0,99.0,0.0,2000.0
2007-11-07,99.0,99.0,99.0,99.0,0.0,4500.0
2007-11-08,99.0,97.5,97.5,99.0,0.0,6830.0
2007-11-09,97.5,97.5,97.5,97.5,0.0,0.0
2007-11-12,96.5,93.0,93.0,96.5,0.0,5027.0
2007-11-13,93.0,93.0,93.0,93.0,0.0,0.0
2007-11-14,93.0,93.0,93.0,93.0,0.0,3000.0
2007-11-15,93.0,93.0,93.0,93.0,0.0,1500.0
2007-11-16,93.0,93.0,93.0,93.0,0.0,0.0
2007-11-19,93.0,93.0,93.0,93.0,0.0,0.0
2007-11-20,93.0,93.0,93.0,93.0,0.0,109.0
2007-11-21,93.0,93.0,93.0,93.0,0.0,1000.0
2007-11-22,93.0,93.0,93.0,93.0,0.0,0.0
2007-11-23,93.0,93.0,93.0,93.0,0.0,0.0
2007-11-26,93.0,93.0,93.0,93.0,0.0,0.0
2007-11-27,90.5,88.5,88.5,90.5,0.0,8128.0
2007-11-28,88.5,88.5,88.5,88.5,0.0,2072.0
2007-11-29,88.5,88.5,88.5,88.5,0.0,0.0
2007-11-30,88.5,88.5,88.5,88.5,0.0,3319.0
2007-12-03,90.0,88.5,90.0,88.5,0.0,7859.0
2007-12-04,90.0,90.0,90.0,90.0,0.0,0.0
2007-12-05,87.0,87.0,87.0,87.0,0.0,2000.0
2007-12-06,87.0,87.0,87.0,87.0,0.0,0.0
2007-12-07,87.0,87.0,87.0,87.0,0.0,568.0
2007-12-10,87.0,87.0,87.0,87.0,0.0,6300.0
2007-12-11,87.0,87.0,87.0,87.0,0.0,1000.0
2007-12-12,87.0,87.0,87.0,87.0,0.0,0.0
2007-12-13,87.0,87.0,87.0,87.0,0.0,2252.0
2007-12-14,87.0,87.0,87.0,87.0,0.0,1469.0
2007-12-17,87.0,87.0,87.0,87.0,0.0,0.0
2007-12-18,87.0,87.0,87.0,87.0,0.0,2000.0
2007-12-19,87.0,87.0,87.0,87.0,0.0,1051.0
2007-12-20,87.0,87.0,87.0,87.0,0.0,0.0
2007-12-21,87.0,87.0,87.0,87.0,0.0,0.0
2007-12-24,87.0,87.0,87.0,87.0,0.0,0.0
2007-12-25,87.0,87.0,87.0,87.0,0.0,0.0
2007-12-26,87.0,87.0,87.0,87.0,0.0,0.0
2007-12-27,87.0,87.0,87.0,87.0,0.0,0.0
2007-12-28,87.0,87.0,87.0,87.0,0.0,2500.0
2007-12-31,86.0,86.0,86.0,86.0,0.0,1.0
2008-01-01,86.0,86.0,86.0,86.0,0.0,0.0
2008-01-02,89.0,86.0,89.0,86.0,0.0,1000.0
2008-01-03,89.0,89.0,89.0,89.0,0.0,0.0
2008-01-04,89.0,89.0,89.0,89.0,0.0,0.0
2008-01-07,89.0,88.0,88.0,89.0,0.0,4000.0
2008-01-08,88.0,88.0,88.0,88.0,0.0,0.0
2008-01-09,88.0,88.0,88.0,88.0,0.0,0.0
2008-01-10,88.0,88.0,88.0,88.0,0.0,1500.0
2008-01-11,88.0,86.5,88.0,88.0,0.0,3550.0
2008-01-14,88.0,88.0,88.0,88.0,0.0,0.0
2008-01-15,88.0,88.0,88.0,88.0,0.0,35000.0
2008-01-16,88.0,88.0,88.0,88.0,0.0,29200.0
2008-01-17,88.0,88.0,88.0,88.0,0.0,0.0
2008-01-18,88.0,88.0,88.0,88.0,0.0,3622.0
2008-01-21,88.0,88.0,88.0,88.0,0.0,0.0
2008-01-22,88.0,86.5,86.5,88.0,0.0,13236.0
2008-01-23,86.5,86.5,86.5,86.5,0.0,0.0
2008-01-24,86.5,86.5,86.5,86.5,0.0,7483.0
2008-01-25,86.5,86.5,86.5,86.5,0.0,20000.0
2008-01-28,88.0,86.5,86.5,88.0,0.0,4000.0
2008-01-29,86.5,86.5,86.5,86.5,0.0,600.0
2008-01-30,86.5,86.5,86.5,86.5,0.0,18109.0
2008-01-31,86.5,86.5,86.5,86.5,0.0,0.0
2008-02-01,86.5,86.5,86.5,86.5,0.0,56.0
2008-02-04,86.5,86.5,86.5,86.5,0.0,500.0
2008-02-05,86.5,86.5,86.5,86.5,0.0,0.0
2008-02-06,86.5,86.5,86.5,86.5,0.0,4105.0
2008-02-07,86.5,86.5,86.5,86.5,0.0,17359.0
2008-02-08,86.5,86.5,86.5,86.5,0.0,0.0
2008-02-11,86.5,86.5,86.5,86.5,0.0,0.0
2008-02-12,86.5,86.5,86.5,86.5,0.0,0.0
2008-02-13,86.5,86.5,86.5,86.5,0.0,20000.0
2008-02-14,86.5,86.5,86.5,86.5,0.0,0.0
2008-02-15,86.5,86.5,86.5,86.5,0.0,750.0
2008-02-18,86.5,86.5,86.5,86.5,0.0,0.0
2008-02-19,86.5,86.5,86.5,86.5,0.0,0.0
2008-02-20,86.5,86.5,86.5,86.5,0.0,4250.0
2008-02-21,86.5,86.5,86.5,86.5,0.0,0.0
2008-02-22,86.5,86.5,86.5,86.5,0.0,0.0
2008-02-25,86.5,86.5,86.5,86.5,0.0,0.0
2008-02-26,86.5,86.5,86.5,86.5,0.0,381.0
2008-02-27,86.5,86.5,86.5,86.5,0.0,1000.0
2008-02-28,86.5,86.5,86.5,86.5,0.0,0.0
2008-02-29,86.5,86.5,86.5,86.5,0.0,0.0
2008-03-03,86.5,86.5,86.5,86.5,0.0,0.0
2008-03-04,86.5,86.5,86.5,86.5,0.0,45000.0
2008-03-05,86.5,86.5,86.5,86.5,0.0,5042.0
2008-03-06,86.5,86.5,86.5,86.5,0.0,76.0
2008-03-07,95.5,90.5,93.5,90.5,0.0,7116.0
2008-03-10,93.5,90.0,90.0,93.5,0.0,5000.0
2008-03-11,90.0,90.0,90.0,90.0,0.0,10000.0
2008-03-12,90.0,90.0,90.0,90.0,0.0,300.0
2008-03-13,90.0,90.0,90.0,90.0,0.0,0.0
2008-03-14,90.0,90.0,90.0,90.0,0.0,0.0
2008-03-17,90.0,90.0,90.0,90.0,0.0,4356.0
2008-03-18,90.0,90.0,90.0,90.0,0.0,200.0
2008-03-19,90.0,90.0,90.0,90.0,0.0,0.0
2008-03-20,90.0,90.0,90.0,90.0,0.0,4000.0
2008-03-21,90.0,90.0,90.0,90.0,0.0,0.0
2008-03-24,90.0,90.0,90.0,90.0,0.0,0.0
2008-03-25,90.0,90.0,90.0,90.0,0.0,0.0
2008-03-26,90.0,89.0,89.0,90.0,0.0,21100.0
2008-03-27,87.5,86.5,86.5,87.5,0.0,2273.0
2008-03-28,84.641,83.5,83.5,84.641,0.0,3166.0
2008-03-31,82.0,82.0,82.0,82.0,0.0,1.0
2008-04-01,82.0,82.0,82.0,82.0,0.0,4.0
2008-04-02,82.0,82.0,82.0,82.0,0.0,3000.0
2008-04-03,82.0,82.0,82.0,82.0,0.0,0.0
2008-04-04,82.0,82.0,82.0,82.0,0.0,1058.0
2008-04-07,82.0,82.0,82.0,82.0,0.0,0.0
2008-04-08,82.0,82.0,82.0,82.0,0.0,0.0
2008-04-09,82.0,82.0,82.0,82.0,0.0,0.0
2008-04-10,82.0,82.0,82.0,82.0,0.0,25000.0
2008-04-11,79.5,79.5,79.5,79.5,0.0,3000.0
2008-04-14,79.5,79.5,79.5,79.5,0.0,9000.0
2008-04-15,79.5,79.5,79.5,79.5,0.0,0.0
2008-04-16,79.5,79.5,79.5,79.5,0.0,0.0
2008-04-17,79.5,79.5,79.5,79.5,0.0,0.0
2008-04-18,79.5,79.5,79.5,79.5,0.0,0.0
2008-04-21,79.5,79.5,79.5,79.5,0.0,969.0
2008-04-22,79.5,79.5,79.5,79.5,0.0,1935.0
2008-04-23,79.5,79.5,79.5,79.5,0.0,0.0
2008-04-24,79.5,79.5,79.5,79.5,0.0,0.0
2008-04-25,79.5,79.5,79.5,79.5,0.0,68.0
2008-04-28,79.5,79.5,79.5,79.5,0.0,23500.0
2008-04-29,79.5,79.5,79.5,79.5,0.0,306.0
2008-04-30,79.5,79.5,79.5,79.5,0.0,472.0
2008-05-01,79.5,79.5,79.5,79.5,0.0,472.0
2008-05-02,79.5,79.5,79.5,79.5,0.0,25000.0
2008-05-05,79.5,79.5,79.5,79.5,0.0,0.0
2008-05-06,79.5,78.5,78.5,79.5,0.0,2000.0
2008-05-07,78.5,77.0,77.0,78.5,0.0,4351.0
2008-05-08,77.0,77.0,77.0,77.0,0.0,10190.0
2008-05-09,77.0,77.0,77.0,77.0,0.0,1275.0
2008-05-12,77.0,74.0,74.0,77.0,0.0,1188.0
2008-05-13,74.0,74.0,74.0,74.0,0.0,54.0
2008-05-14,74.0,74.0,74.0,74.0,0.0,1287.0
2008-05-15,74.0,74.0,74.0,74.0,0.0,6609.0
2008-05-16,74.0,74.0,74.0,74.0,0.0,130.0
2008-05-19,74.0,74.0,74.0,74.0,0.0,280.0
2008-05-20,74.0,74.0,74.0,74.0,0.0,0.0
2008-05-21,74.0,74.0,74.0,74.0,0.0,0.0
2008-05-22,74.0,74.0,74.0,74.0,0.0,0.0
2008-05-23,74.0,74.0,74.0,74.0,0.0,2000.0
2008-05-26,74.0,74.0,74.0,74.0,0.0,0.0
2008-05-27,74.0,74.0,74.0,74.0,0.0,0.0
2008-05-28,74.0,74.0,74.0,74.0,0.0,0.0
2008-05-29,74.0,74.0,74.0,74.0,0.0,0.0
2008-05-30,74.0,74.0,74.0,74.0,0.0,88955.0
2008-06-02,74.0,72.5,72.5,74.0,0.0,6661.0
2008-06-03,72.5,68.5,68.5,72.5,0.0,3215.0
2008-06-04,68.5,68.5,68.5,68.5,0.0,0.0
2008-06-05,68.5,68.5,68.5,68.5,0.0,1449.0
2008-06-06,68.5,68.5,68.5,68.5,0.0,0.0
2008-06-09,68.5,67.5,67.5,68.5,0.0,1883.0
2008-06-10,67.5,67.5,67.5,67.5,0.0,2000.0
2008-06-11,67.5,67.5,67.5,67.5,0.0,0.0
2008-06-12,67.5,67.5,67.5,67.5,0.0,0.0
2008-06-13,67.5,65.0,65.0,67.5,0.0,919.0
2008-06-16,65.0,65.0,65.0,65.0,0.0,0.0
2008-06-17,65.0,65.0,65.0,65.0,0.0,0.0
2008-06-18,65.0,65.0,65.0,65.0,0.0,0.0
2008-06-19,65.0,65.0,65.0,65.0,0.0,689.0
2008-06-20,65.0,65.0,65.0,65.0,0.0,0.0
2008-06-23,65.0,65.0,65.0,65.0,0.0,0.0
2008-06-24,65.0,65.0,65.0,65.0,0.0,0.0
2008-06-25,65.0,65.0,65.0,65.0,0.0,0.0
2008-06-26,67.5,65.0,65.0,67.5,0.0,4178.0
2008-06-27,65.0,65.0,65.0,65.0,0.0,800.0
2008-06-30,65.0,65.0,65.0,65.0,0.0,260.0
2008-07-01,65.0,65.0,65.0,65.0,0.0,8500.0
2008-07-02,65.0,65.0,65.0,65.0,0.0,0.0
2008-07-03,65.0,65.0,65.0,65.0,0.0,600.0
2008-07-04,65.0,65.0,65.0,65.0,0.0,0.0
2008-07-07,65.0,65.0,65.0,65.0,0.0,0.0
2008-07-08,65.0,65.0,65.0,65.0,0.0,974.0
2008-07-09,65.0,65.0,65.0,65.0,0.0,0.0
2008-07-10,65.0,63.5,63.5,65.0,0.0,2000.0
2008-07-11,63.5,63.5,63.5,63.5,0.0,140.0
2008-07-14,63.5,63.5,63.5,63.5,0.0,1500.0
2008-07-15,63.5,60.0,60.0,63.5,0.0,8984.0
2008-07-16,60.0,60.0,60.0,60.0,0.0,0.0
2008-07-17,60.0,60.0,60.0,60.0,0.0,5293.0
2008-07-18,60.0,60.0,60.0,60.0,0.0,0.0
2008-07-21,60.0,60.0,60.0,60.0,0.0,0.0
2008-07-22,60.0,60.0,60.0,60.0,0.0,0.0
2008-07-23,60.0,60.0,60.0,60.0,0.0,0.0
2008-07-24,60.0,60.0,60.0,60.0,0.0,0.0
2008-07-25,60.0,60.0,60.0,60.0,0.0,0.0
2008-07-28,60.0,60.0,60.0,60.0,0.0,0.0
2008-07-29,60.0,60.0,60.0,60.0,0.0,0.0
2008-07-30,60.0,60.0,60.0,60.0,0.0,0.0
2008-07-31,60.0,60.0,60.0,60.0,0.0,0.0
2008-08-01,60.0,60.0,60.0,60.0,0.0,0.0
2008-08-04,60.0,60.0,60.0,60.0,0.0,0.0
2008-08-05,60.0,60.0,60.0,60.0,0.0,0.0
2008-08-06,60.0,57.5,57.5,60.0,0.0,3510.0
2008-08-07,57.5,57.5,57.5,57.5,0.0,0.0
2008-08-08,57.5,57.5,57.5,57.5,0.0,0.0
2008-08-11,60.0,57.5,60.0,57.5,0.0,2000.0
2008-08-12,60.0,60.0,60.0,60.0,0.0,1850.0
2008-08-13,60.0,60.0,60.0,60.0,0.0,1626.0
2008-08-14,60.0,60.0,60.0,60.0,0.0,0.0
2008-08-15,60.0,60.0,60.0,60.0,0.0,0.0
2008-08-18,60.0,60.0,60.0,60.0,0.0,0.0
2008-08-19,60.0,60.0,60.0,60.0,0.0,0.0
2008-08-20,60.0,60.0,60.0,60.0,0.0,0.0
2008-08-21,60.0,60.0,60.0,60.0,0.0,0.0
2008-08-22,60.0,60.0,60.0,60.0,0.0,0.0
2008-08-25,60.0,60.0,60.0,60.0,0.0,0.0
2008-08-26,60.0,60.0,60.0,60.0,0.0,1000.0
2008-08-27,60.0,60.0,60.0,60.0,0.0,0.0
2008-08-28,65.0,55.0,60.0,60.0,0.0,8143.0
2008-08-29,60.0,60.0,60.0,60.0,0.0,0.0
2008-09-01,60.0,60.0,60.0,60.0,0.0,0.0
2008-09-02,60.0,60.0,60.0,60.0,0.0,0.0
2008-09-03,60.0,60.0,60.0,60.0,0.0,0.0
2008-09-04,60.0,60.0,60.0,60.0,0.0,0.0
2008-09-05,60.0,60.0,60.0,60.0,0.0,0.0
2008-09-08,60.0,60.0,60.0,60.0,0.0,0.0
2008-09-09,60.0,58.5,58.5,60.0,0.0,2588.0
2008-09-10,58.5,58.5,58.5,58.5,0.0,0.0
2008-09-11,58.5,58.5,58.5,58.5,0.0,57.0
2008-09-12,60.0,58.5,60.0,58.5,0.0,5000.0
2008-09-15,60.0,55.0,55.0,60.0,0.0,13275.0
2008-09-16,55.0,50.0,55.0,55.0,0.0,52500.0
2008-09-17,55.0,55.0,55.0,55.0,0.0,2500.0
2008-09-18,60.0,59.0,59.0,60.0,0.0,750.0
2008-09-19,59.0,59.0,59.0,59.0,0.0,0.0
2008-09-22,59.0,59.0,59.0,59.0,0.0,0.0
2008-09-23,59.0,59.0,59.0,59.0,0.0,3309.0
2008-09-24,59.0,59.0,59.0,59.0,0.0,5766.0
2008-09-25,60.0,58.0,58.0,60.0,0.0,2500.0
2008-09-26,58.0,58.0,58.0,58.0,0.0,0.0
2008-09-29,58.0,56.0,56.0,58.0,0.0,2509.0
2008-09-30,55.0,50.0,55.0,50.0,0.0,2000.0
2008-10-01,55.0,55.0,55.0,55.0,0.0,0.0
2008-10-02,55.0,55.0,55.0,55.0,0.0,0.0
2008-10-03,55.0,55.0,55.0,55.0,0.0,0.0
2008-10-06,55.0,55.0,55.0,55.0,0.0,0.0
2008-10-07,55.0,55.0,55.0,55.0,0.0,0.0
2008-10-08,55.0,52.5,52.5,55.0,0.0,2000.0
2008-10-09,55.0,52.5,55.0,52.5,0.0,3800.0
2008-10-10,50.0,50.0,50.0,50.0,0.0,1.0
2008-10-13,50.0,50.0,50.0,50.0,0.0,0.0
2008-10-14,50.0,50.0,50.0,50.0,0.0,0.0
2008-10-15,50.0,47.5,47.5,50.0,0.0,2250.0
2008-10-16,47.5,47.5,47.5,47.5,0.0,0.0
2008-10-17,47.5,47.5,47.5,47.5,0.0,200.0
2008-10-20,47.5,45.0,45.0,47.5,0.0,9200.0
2008-10-21,45.0,45.0,45.0,45.0,0.0,1000.0
2008-10-22,45.0,45.0,45.0,45.0,0.0,512.0
2008-10-23,45.0,45.0,45.0,45.0,0.0,1083.0
2008-10-24,45.0,45.0,45.0,45.0,0.0,0.0
2008-10-27,41.5,41.5,41.5,41.5,0.0,1.0
2008-10-28,41.5,40.5,40.5,41.5,0.0,1056.0
2008-10-29,40.5,40.5,40.5,40.5,0.0,0.0
2008-10-30,40.5,40.5,40.5,40.5,0.0,0.0
2008-10-31,39.0,39.0,39.0,39.0,0.0,1.0
2008-11-03,39.0,39.0,39.0,39.0,0.0,0.0
2008-11-04,39.0,37.5,37.5,39.0,1.0,3000.0
2008-11-05,38.5,38.5,38.5,38.5,2.0,2750.0
2008-11-06,38.5,38.5,38.5,38.5,1.0,370.0
2008-11-07,38.5,38.5,38.5,38.5,2.0,65000.0
2008-11-10,38.5,38.5,38.5,38.5,2.0,1938.0
2008-11-11,38.5,38.5,38.5,38.5,0.0,0.0
2008-11-12,38.5,38.5,38.5,38.5,0.0,0.0
2008-11-13,38.5,38.5,38.5,38.5,0.0,0.0
2008-11-14,38.5,38.5,38.5,38.5,1.0,711.0
2008-11-17,38.5,38.5,38.5,38.5,1.0,3500.0
2008-11-18,38.5,38.5,38.5,38.5,0.0,0.0
2008-11-19,38.5,38.5,38.5,38.5,0.0,0.0
2008-11-20,38.5,38.5,38.5,38.5,1.0,400.0
2008-11-21,38.5,38.0,38.0,38.5,2.0,2617.0
2008-11-24,38.0,38.0,38.0,38.0,0.0,0.0
2008-11-25,38.0,38.0,38.0,38.0,0.0,0.0
2008-11-26,38.0,38.0,38.0,38.0,0.0,0.0
2008-11-27,38.0,38.0,38.0,38.0,0.0,0.0
2008-11-28,38.0,38.0,38.0,38.0,0.0,0.0
2008-12-01,38.0,38.0,38.0,38.0,0.0,0.0
2008-12-02,38.0,38.0,38.0,38.0,0.0,0.0
2008-12-03,38.0,38.0,38.0,38.0,0.0,0.0
2008-12-04,38.0,38.0,38.0,38.0,0.0,0.0
2008-12-05,38.0,38.0,38.0,38.0,1.0,4200.0
2008-12-08,38.0,37.5,37.5,38.0,1.0,5000.0
2008-12-09,37.5,37.5,37.5,37.5,0.0,0.0
2008-12-10,37.5,37.5,37.5,37.5,0.0,0.0
2008-12-11,37.5,37.5,37.5,37.5,0.0,0.0
2008-12-12,37.5,37.5,37.5,37.5,0.0,0.0
2008-12-15,37.5,37.5,37.5,37.5,0.0,0.0
2008-12-16,37.5,37.5,37.5,37.5,0.0,0.0
2008-12-17,37.5,37.5,37.5,37.5,0.0,0.0
2008-12-18,37.5,37.5,37.5,37.5,0.0,0.0
2008-12-19,37.5,37.5,37.5,37.5,0.0,0.0
2008-12-22,37.5,37.5,37.5,37.5,0.0,0.0
2008-12-23,37.5,37.5,37.5,37.5,1.0,2000.0
2008-12-24,37.5,37.5,37.5,37.5,0.0,0.0
2008-12-25,37.5,37.5,37.5,37.5,0.0,0.0
2008-12-26,37.5,37.5,37.5,37.5,0.0,0.0
2008-12-29,37.5,37.5,37.5,37.5,0.0,0.0
2008-12-30,37.5,37.5,37.5,37.5,0.0,0.0
2008-12-31,37.5,37.5,37.5,37.5,0.0,0.0
2009-01-01,37.5,37.5,37.5,37.5,0.0,0.0
2009-01-02,37.5,37.5,37.5,37.5,2.0,3250.0
2009-01-05,37.5,37.5,37.5,37.5,0.0,0.0
2009-01-06,37.5,37.5,37.5,37.5,0.0,0.0
2009-01-07,37.5,37.5,37.5,37.5,0.0,0.0
2009-01-08,35.5,32.5,35.5,34.0,2.0,11491.0
2009-01-09,35.5,35.5,35.5,35.5,1.0,300.0
2009-01-12,35.5,35.5,35.5,35.5,1.0,450.0
2009-01-13,38.0,35.5,36.5,35.5,1.0,1000.0
2009-01-14,36.5,36.5,36.5,36.5,0.0,0.0
2009-01-15,36.5,36.5,36.5,36.5,0.0,0.0
2009-01-16,35.5,35.5,35.5,35.5,0.0,1.0
2009-01-19,35.5,34.5,34.5,35.5,2.0,10000.0
2009-01-20,34.5,32.5,32.5,34.5,2.0,15000.0
2009-01-21,32.5,32.5,32.5,32.5,1.0,1071.0
2009-01-22,32.5,32.5,32.5,32.5,0.0,0.0
2009-01-23,32.5,32.5,32.5,32.5,0.0,0.0
2009-01-26,32.5,32.5,32.5,32.5,1.0,3000.0
2009-01-27,32.5,32.5,32.5,32.5,0.0,0.0
2009-01-28,32.5,32.5,32.5,32.5,0.0,0.0
2009-01-29,32.5,32.5,32.5,32.5,0.0,0.0
2009-01-30,32.5,32.5,32.5,32.5,1.0,3000.0
2009-02-02,32.5,32.5,32.5,32.5,0.0,0.0
2009-02-03,32.5,32.5,32.5,32.5,0.0,0.0
2009-02-04,32.5,32.5,32.5,32.5,0.0,0.0
2009-02-05,32.5,32.5,32.5,32.5,0.0,0.0
2009-02-06,32.5,32.5,32.5,32.5,0.0,0.0
2009-02-09,30.5,30.5,30.5,30.5,0.0,1.0
2009-02-10,30.5,30.5,30.5,30.5,1.0,100.0
2009-02-11,30.5,30.5,30.5,30.5,0.0,0.0
2009-02-12,30.5,30.5,30.5,30.5,0.0,0.0
2009-02-13,30.5,30.5,30.5,30.5,0.0,0.0
2009-02-16,32.0,32.0,32.0,32.0,0.0,1.0
2009-02-17,32.0,32.0,32.0,32.0,0.0,0.0
2009-02-18,32.0,32.0,32.0,32.0,0.0,0.0
2009-02-19,32.0,32.0,32.0,32.0,0.0,0.0
2009-02-20,32.0,32.0,32.0,32.0,2.0,1100.0
2009-02-23,32.0,32.0,32.0,32.0,0.0,0.0
2009-02-24,32.0,32.0,32.0,32.0,0.0,0.0
2009-02-25,32.0,32.0,32.0,32.0,0.0,0.0
2009-02-26,32.0,31.0,31.0,32.0,1.0,3948.0
2009-02-27,31.0,31.0,31.0,31.0,0.0,0.0
2009-03-02,31.0,31.0,31.0,31.0,0.0,0.0
2009-03-03,31.0,31.0,31.0,31.0,0.0,0.0
2009-03-04,31.0,31.0,31.0,31.0,0.0,0.0
2009-03-05,34.5,31.0,34.5,31.0,3.0,5212.0
2009-03-06,35.5,34.5,35.5,34.5,1.0,7000.0
2009-03-09,36.0,36.0,36.0,36.0,0.0,1.0
2009-03-10,36.0,36.0,36.0,36.0,0.0,0.0
2009-03-11,36.0,36.0,36.0,36.0,1.0,762.0
2009-03-12,36.0,36.0,36.0,36.0,0.0,0.0
2009-03-13,38.5,36.0,38.5,36.0,4.0,8700.0
2009-03-16,37.5,37.5,37.5,37.5,0.0,1.0
2009-03-17,37.5,36.5,36.5,37.5,3.0,5732.0
2009-03-18,36.5,36.5,36.5,36.5,1.0,1000.0
2009-03-19,37.5,36.5,37.5,36.5,1.0,1000.0
2009-03-20,37.5,37.5,37.5,37.5,0.0,0.0
2009-03-23,37.5,37.5,37.5,37.5,0.0,0.0
2009-03-24,37.5,37.5,37.5,37.5,0.0,0.0
2009-03-25,37.5,37.5,37.5,37.5,1.0,6000.0
2009-03-26,37.5,37.5,37.5,37.5,0.0,0.0
2009-03-27,37.5,37.5,37.5,37.5,0.0,0.0
2009-03-29,37.5,37.5,37.5,37.5,0.0,0.0
2009-03-30,38.5,37.5,38.5,37.5,1.0,2455.0
2009-03-31,38.5,36.5,36.5,38.5,2.0,5500.0
2009-04-01,36.5,36.5,36.5,36.5,1.0,559.0
2009-04-02,36.5,36.5,36.5,36.5,0.0,0.0
2009-04-03,36.5,36.5,36.5,36.5,0.0,0.0
2009-04-06,36.5,36.5,36.5,36.5,0.0,0.0
2009-04-07,36.5,36.5,36.5,36.5,1.0,75.0
2009-04-08,36.5,36.5,36.5,36.5,0.0,0.0
2009-04-09,36.5,36.5,36.5,36.5,2.0,5546.0
2009-04-10,36.5,36.5,36.5,36.5,0.0,0.0
2009-04-13,36.5,36.5,36.5,36.5,0.0,0.0
2009-04-14,36.0,35.5,35.5,36.0,2.0,5650.0
2009-04-15,35.5,35.5,35.5,35.5,0.0,0.0
2009-04-16,35.5,35.5,35.5,35.5,0.0,0.0
2009-04-17,38.0,35.5,36.5,35.5,1.0,5000.0
2009-04-20,38.5,36.5,38.5,36.5,2.0,7000.0
2009-04-21,46.0,38.5,44.5,38.5,2.0,8260.0
2009-04-22,47.5,44.5,47.5,44.5,5.0,22833.0
2009-04-23,47.5,47.5,47.5,47.5,1.0,3000.0
2009-04-24,47.5,47.5,47.5,47.5,0.0,0.0
2009-04-27,50.5,49.0,50.5,49.0,1.0,750.0
2009-04-28,50.5,50.5,50.5,50.5,0.0,0.0
2009-04-29,50.5,47.5,47.5,50.5,2.0,5749.0
2009-04-30,47.5,47.5,47.5,47.5,0.0,0.0
2009-05-01,47.5,47.5,47.5,47.5,0.0,0.0
2009-05-04,47.5,47.5,47.5,47.5,0.0,0.0
2009-05-05,47.5,47.5,47.5,47.5,0.0,0.0
2009-05-06,47.5,47.5,47.5,47.5,0.0,0.0
2009-05-07,45.5,45.5,45.5,45.5,0.0,1.0
2009-05-08,45.5,45.5,45.5,45.5,0.0,0.0
2009-05-11,45.5,45.5,45.5,45.5,0.0,0.0
2009-05-12,45.5,45.5,45.5,45.5,2.0,12000.0
2009-05-13,45.5,45.5,45.5,45.5,0.0,0.0
2009-05-14,45.0,45.0,45.0,45.0,1.0,402.0
2009-05-15,45.0,45.0,45.0,45.0,0.0,0.0
2009-05-18,45.0,45.0,45.0,45.0,2.0,95000.0
2009-05-19,45.5,45.5,45.5,45.5,0.0,1.0
2009-05-20,45.5,45.5,45.5,45.5,1.0,1500.0
2009-05-21,45.5,45.5,45.5,45.5,0.0,0.0
2009-05-22,45.5,45.5,45.5,45.5,0.0,0.0
2009-05-25,45.5,45.5,45.5,45.5,0.0,0.0
2009-05-26,45.5,45.5,45.5,45.5,1.0,837.0
2009-05-27,45.5,45.5,45.5,45.5,0.0,0.0
2009-05-28,45.5,40.5,42.5,45.5,1.0,2000.0
2009-05-29,44.5,42.5,44.5,42.5,1.0,1500.0
2009-06-01,44.5,44.5,44.5,44.5,0.0,0.0
2009-06-02,44.5,44.5,44.5,44.5,1.0,5000.0
2009-06-03,44.5,44.5,44.5,44.5,1.0,1700.0
2009-06-04,44.5,44.5,44.5,44.5,0.0,0.0
2009-06-05,44.5,44.5,44.5,44.5,2.0,86.0
2009-06-08,44.5,44.5,44.5,44.5,1.0,883.0
2009-06-09,44.5,44.5,44.5,44.5,0.0,0.0
2009-06-10,44.5,44.5,44.5,44.5,0.0,0.0
2009-06-11,44.5,44.5,44.5,44.5,1.0,839.0
2009-06-12,44.5,44.5,44.5,44.5,0.0,0.0
2009-06-15,44.5,44.5,44.5,44.5,0.0,0.0
2009-06-16,44.5,43.5,43.5,44.5,1.0,1000.0
2009-06-17,43.5,43.5,43.5,43.5,1.0,10000.0
2009-06-18,43.5,43.5,43.5,43.5,1.0,3254.0
2009-06-19,43.5,43.5,43.5,43.5,0.0,0.0
2009-06-22,43.5,43.5,43.5,43.5,0.0,0.0
2009-06-23,43.5,43.5,43.5,43.5,1.0,5000.0
2009-06-24,44.5,43.5,44.5,43.5,3.0,32996.0
2009-06-25,45.5,44.5,45.5,44.5,2.0,8000.0
2009-06-26,45.5,45.5,45.5,45.5,2.0,2900.0
2009-06-29,45.5,45.5,45.5,45.5,0.0,0.0
2009-06-30,45.5,45.5,45.5,45.5,1.0,600.0
2009-07-01,45.5,45.5,45.5,45.5,0.0,0.0
2009-07-02,45.5,45.5,45.5,45.5,0.0,0.0
2009-07-03,45.5,45.5,45.5,45.5,1.0,5000.0
2009-07-06,46.0,46.0,46.0,46.0,0.0,1.0
2009-07-07,46.0,46.0,46.0,46.0,1.0,4135.0
2009-07-08,45.5,45.5,45.5,45.5,0.0,1.0
2009-07-09,45.5,45.5,45.5,45.5,0.0,0.0
2009-07-10,45.5,45.5,45.5,45.5,0.0,0.0
2009-07-13,45.5,45.5,45.5,45.5,0.0,0.0
2009-07-14,45.5,45.5,45.5,45.5,0.0,0.0
2009-07-15,45.5,45.5,45.5,45.5,0.0,0.0
2009-07-16,45.5,45.5,45.5,45.5,0.0,0.0
2009-07-17,45.5,45.5,45.5,45.5,0.0,0.0
2009-07-20,45.5,43.5,43.5,45.5,2.0,14000.0
2009-07-21,43.5,43.5,43.5,43.5,0.0,0.0
2009-07-22,43.5,43.5,43.5,43.5,1.0,754.0
2009-07-23,43.5,43.5,43.5,43.5,0.0,0.0
2009-07-24,43.5,43.5,43.5,43.5,0.0,0.0
2009-07-27,43.5,43.5,43.5,43.5,0.0,0.0
2009-07-28,43.5,43.5,43.5,43.5,0.0,0.0
2009-07-29,43.5,43.5,43.5,43.5,0.0,0.0
2009-07-30,43.5,43.5,43.5,43.5,0.0,0.0
2009-07-31,43.5,43.5,43.5,43.5,1.0,1500.0
2009-08-03,43.5,43.5,43.5,43.5,3.0,4500.0
2009-08-04,43.5,42.5,42.5,43.5,3.0,30500.0
2009-08-05,42.5,42.5,42.5,42.5,0.0,0.0
2009-08-06,44.5,43.0,44.5,43.0,7.0,15100.0
2009-08-07,44.5,44.5,44.5,44.5,0.0,0.0
2009-08-10,44.5,44.5,44.5,44.5,0.0,0.0
2009-08-11,44.5,44.5,44.5,44.5,2.0,2037.0
2009-08-12,44.5,44.5,44.5,44.5,0.0,0.0
2009-08-13,44.5,44.5,44.5,44.5,0.0,0.0
2009-08-14,44.5,44.5,44.5,44.5,1.0,2089.0
2009-08-17,44.5,44.5,44.5,44.5,1.0,3000.0
2009-08-18,46.0,45.0,46.0,46.0,5.0,24046.0
2009-08-19,46.0,46.0,46.0,46.0,1.0,1500.0
2009-08-20,46.0,46.0,46.0,46.0,2.0,5000.0
2009-08-21,50.0,46.0,50.0,46.0,2.0,8000.0
2009-08-24,51.0,50.0,51.0,50.0,2.0,10716.0
2009-08-25,51.0,51.0,51.0,51.0,0.0,0.0
2009-08-26,50.0,50.0,50.0,50.0,0.0,1.0
2009-08-27,50.0,50.0,50.0,50.0,0.0,0.0
2009-08-28,50.0,50.0,50.0,50.0,0.0,0.0
2009-08-31,50.0,50.0,50.0,50.0,0.0,0.0
2009-09-01,50.0,50.0,50.0,50.0,0.0,0.0
2009-09-02,50.0,50.0,50.0,50.0,0.0,0.0
2009-09-03,50.0,50.0,50.0,50.0,1.0,5000.0
2009-09-04,50.0,50.0,50.0,50.0,0.0,0.0
2009-09-07,50.0,50.0,50.0,50.0,0.0,0.0
2009-09-08,50.0,50.0,50.0,50.0,0.0,0.0
2009-09-09,50.0,50.0,50.0,50.0,0.0,0.0
2009-09-10,50.5,50.0,50.5,50.0,1.0,5000.0
2009-09-11,50.5,50.5,50.5,50.5,1.0,10000.0
2009-09-14,50.5,50.5,50.5,50.5,2.0,23101.0
2009-09-15,47.5,47.5,47.5,47.5,2.0,4000.0
2009-09-16,49.5,47.5,49.5,47.5,2.0,3000.0
2009-09-17,54.5,52.0,54.5,52.0,4.0,52236.0
2009-09-18,54.5,53.0,53.0,54.5,1.0,7671.0
2009-09-21,53.5,52.5,52.5,52.5,1.0,7500.0
2009-09-22,52.5,52.5,52.5,52.5,0.0,0.0
2009-09-23,52.5,52.5,52.5,52.5,1.0,2000.0
2009-09-24,52.0,52.0,52.0,52.0,0.0,1.0
2009-09-25,51.0,51.0,51.0,51.0,0.0,1.0
2009-09-28,50.5,50.5,50.5,50.5,0.0,1.0
2009-09-29,50.5,50.5,50.5,50.5,0.0,0.0
2009-09-30,50.5,50.5,50.5,50.5,0.0,0.0
2009-10-01,50.5,50.5,50.5,50.5,0.0,0.0
2009-10-02,50.5,48.5,48.5,50.5,1.0,5604.0
2009-10-05,48.5,48.5,48.5,48.5,0.0,0.0
2009-10-06,48.5,48.5,48.5,48.5,0.0,0.0
2009-10-07,48.5,48.5,48.5,48.5,0.0,0.0
2009-10-08,48.0,48.0,48.0,48.0,0.0,1.0
2009-10-09,48.0,48.0,48.0,48.0,1.0,400.0
2009-10-12,48.0,48.0,48.0,48.0,1.0,25000.0
2009-10-13,48.0,48.0,48.0,48.0,1.0,5000.0
2009-10-14,52.5,48.0,52.5,48.0,3.0,11500.0
2009-10-15,52.5,52.5,52.5,52.5,0.0,0.0
2009-10-16,52.5,52.5,52.5,52.5,0.0,0.0
2009-10-17,52.5,52.5,52.5,52.5,0.0,0.0
2009-10-19,52.5,52.5,52.5,52.5,1.0,6000.0
2009-10-20,52.5,52.5,52.5,52.5,2.0,3574.0
2009-10-21,52.5,52.5,52.5,52.5,0.0,0.0
2009-10-22,52.5,52.5,52.5,52.5,0.0,0.0
2009-10-23,52.5,52.5,52.5,52.5,0.0,0.0
2009-10-26,52.5,52.5,52.5,52.5,1.0,2588.0
2009-10-27,52.5,52.5,52.5,52.5,0.0,0.0
2009-10-28,52.5,52.5,52.5,52.5,0.0,0.0
2009-10-29,52.5,52.5,52.5,52.5,0.0,0.0
2009-10-30,52.5,52.5,52.5,52.5,0.0,0.0
2009-11-02,52.5,52.5,52.5,52.5,0.0,0.0
2009-11-03,52.5,52.5,52.5,52.5,0.0,0.0
2009-11-04,52.5,52.5,52.5,52.5,1.0,100.0
2009-11-05,52.5,52.5,52.5,52.5,0.0,0.0
2009-11-06,52.5,52.5,52.5,52.5,0.0,0.0
2009-11-09,54.5,54.5,54.5,54.5,0.0,1.0
2009-11-10,54.5,54.5,54.5,54.5,0.0,0.0
2009-11-11,54.5,54.5,54.5,54.5,0.0,0.0
2009-11-12,56.0,56.0,56.0,56.0,0.0,1.0
2009-11-13,55.5,55.5,55.5,55.5,0.0,1.0
2009-11-16,55.5,55.5,55.5,55.5,0.0,0.0
2009-11-17,55.5,55.5,55.5,55.5,0.0,0.0
2009-11-18,55.5,53.0,53.0,55.5,1.0,5000.0
2009-11-19,52.5,52.5,52.5,52.5,0.0,1.0
2009-11-20,51.5,51.5,51.5,51.5,0.0,1.0
2009-11-23,51.5,51.5,51.5,51.5,0.0,0.0
2009-11-24,51.5,51.5,51.5,51.5,0.0,0.0
2009-11-25,50.5,50.5,50.5,50.5,0.0,1.0
2009-11-26,50.5,50.5,50.5,50.5,0.0,0.0
2009-11-27,47.5,47.5,47.5,47.5,0.0,1.0
2009-11-30,46.5,46.5,46.5,46.5,0.0,1.0
2009-12-01,46.5,46.5,46.5,46.5,0.0,0.0
2009-12-02,46.5,46.5,46.5,46.5,0.0,0.0
2009-12-03,46.5,46.5,46.5,46.5,0.0,0.0
2009-12-04,46.5,46.5,46.5,46.5,2.0,3500.0
2009-12-07,46.5,46.5,46.5,46.5,0.0,0.0
2009-12-08,46.5,46.5,46.5,46.5,0.0,0.0
2009-12-09,46.5,46.5,46.5,46.5,0.0,0.0
2009-12-10,46.5,46.5,46.5,46.5,0.0,0.0
2009-12-11,46.5,46.5,46.5,46.5,0.0,0.0
2009-12-14,46.5,46.5,46.5,46.5,0.0,0.0
2009-12-15,46.5,46.5,46.5,46.5,0.0,0.0
2009-12-16,46.5,46.5,46.5,46.5,1.0,310000.0
2009-12-17,46.5,46.5,46.5,46.5,0.0,0.0
2009-12-18,46.5,46.5,46.5,46.5,0.0,0.0
2009-12-21,46.5,46.5,46.5,46.5,0.0,0.0
2009-12-22,46.5,46.5,46.5,46.5,1.0,675000.0
2009-12-23,48.5,48.5,48.5,48.5,0.0,1.0
2009-12-24,48.5,48.5,48.5,48.5,0.0,0.0
2009-12-25,48.5,48.5,48.5,48.5,0.0,0.0
2009-12-28,48.5,48.5,48.5,48.5,0.0,0.0
2009-12-29,48.5,48.5,48.5,48.5,0.0,0.0
2009-12-30,48.5,48.5,48.5,48.5,0.0,0.0
2009-12-31,48.5,48.5,48.5,48.5,0.0,0.0
2010-01-01,48.5,48.5,48.5,48.5,0.0,0.0
2010-01-04,48.5,48.5,48.5,48.5,0.0,0.0
2010-01-05,48.5,48.5,48.5,48.5,0.0,0.0
2010-01-06,48.5,48.5,48.5,48.5,0.0,0.0
2010-01-07,48.5,48.5,48.5,48.5,0.0,0.0
2010-01-08,53.0,53.0,53.0,53.0,0.0,1.0
2010-01-11,54.0,54.0,54.0,54.0,0.0,1.0
2010-01-12,54.0,54.0,54.0,54.0,0.0,0.0
2010-01-13,54.0,54.0,54.0,54.0,0.0,0.0
2010-01-14,54.0,54.0,54.0,54.0,0.0,0.0
2010-01-15,54.0,54.0,54.0,54.0,0.0,0.0
2010-01-18,54.0,54.0,54.0,54.0,0.0,0.0
2010-01-19,53.0,53.0,53.0,53.0,0.0,1.0
2010-01-20,51.5,51.5,51.5,51.5,0.0,1.0
2010-01-21,52.0,52.0,52.0,52.0,0.0,1.0
2010-01-22,52.0,49.5,49.5,52.0,1.0,670.0
2010-01-25,49.5,49.5,49.5,49.5,0.0,0.0
2010-01-26,49.5,49.5,49.5,49.5,0.0,0.0
2010-01-27,49.5,49.5,49.5,49.5,0.0,0.0
2010-01-28,49.5,49.5,49.5,49.5,0.0,0.0
2010-01-29,49.5,49.5,49.5,49.5,0.0,0.0
2010-02-01,49.0,49.0,49.0,49.0,0.0,1.0
2010-02-02,49.0,49.0,49.0,49.0,0.0,0.0
2010-02-03,49.0,49.0,49.0,49.0,0.0,0.0
2010-02-04,49.0,49.0,49.0,49.0,0.0,0.0
2010-02-05,49.0,49.0,49.0,49.0,0.0,0.0
2010-02-08,49.0,49.0,49.0,49.0,0.0,0.0
2010-02-09,49.0,49.0,49.0,49.0,0.0,0.0
2010-02-10,49.0,49.0,49.0,49.0,0.0,0.0
2010-02-11,49.0,48.0,48.0,49.0,1.0,10000.0
2010-02-12,48.0,48.0,48.0,48.0,0.0,0.0
2010-02-15,48.0,48.0,48.0,48.0,2.0,30000.0
2010-02-16,48.0,48.0,48.0,48.0,0.0,0.0
2010-02-17,49.0,49.0,49.0,49.0,0.0,1.0
2010-02-18,52.5,50.5,52.5,50.5,2.0,12000.0
2010-02-19,52.5,52.5,52.5,52.5,0.0,0.0
2010-02-22,52.5,52.5,52.5,52.5,0.0,0.0
2010-02-23,51.5,51.5,51.5,51.5,0.0,1.0
2010-02-24,50.5,50.5,50.5,50.5,0.0,1.0
2010-02-25,49.5,49.5,49.5,49.5,0.0,1.0
2010-02-26,49.5,49.5,49.5,49.5,0.0,0.0
2010-03-01,49.5,49.5,49.5,49.5,0.0,0.0
2010-03-02,48.0,48.0,48.0,48.0,1.0,10000.0
2010-03-03,49.5,48.0,49.5,48.0,2.0,56364.0
2010-03-04,49.5,49.5,49.5,49.5,0.0,0.0
2010-03-05,48.5,48.5,48.5,48.5,0.0,1.0
2010-03-08,49.5,49.5,49.5,49.5,0.0,1.0
2010-03-09,49.5,49.5,49.5,49.5,0.0,0.0
2010-03-10,49.5,49.5,49.5,49.5,0.0,0.0
2010-03-11,49.5,49.5,49.5,49.5,0.0,0.0
2010-03-12,49.5,49.5,49.5,49.5,0.0,0.0
2010-03-15,49.5,49.5,49.5,49.5,0.0,0.0
2010-03-16,49.5,49.5,49.5,49.5,0.0,0.0
2010-03-17,49.5,49.5,49.5,49.5,0.0,0.0
2010-03-18,49.5,49.5,49.5,49.5,0.0,0.0
2010-03-19,50.0,50.0,50.0,50.0,0.0,1.0
2010-03-22,51.5,50.0,50.0,51.5,1.0,10000.0
2010-03-23,50.0,50.0,50.0,50.0,0.0,0.0
2010-03-24,49.5,49.5,49.5,49.5,0.0,1.0
2010-03-25,49.5,49.5,49.5,49.5,1.0,3000.0
2010-03-26,49.5,49.5,49.5,49.5,0.0,0.0
2010-03-29,49.5,49.5,49.5,49.5,0.0,0.0
2010-03-30,49.5,49.5,49.5,49.5,0.0,0.0
2010-03-31,49.5,49.5,49.5,49.5,0.0,0.0
2010-04-01,51.5,51.5,51.5,51.5,0.0,1.0
2010-04-02,51.5,51.5,51.5,51.5,0.0,0.0
2010-04-05,51.5,51.5,51.5,51.5,0.0,0.0
2010-04-06,52.0,51.5,52.0,51.5,1.0,10000.0
2010-04-07,51.5,51.5,51.5,51.5,0.0,1.0
2010-04-08,51.5,51.5,51.5,51.5,0.0,0.0
2010-04-09,51.5,51.5,51.5,51.5,0.0,0.0
2010-04-12,54.5,54.5,54.5,54.5,0.0,1.0
2010-04-13,54.5,54.5,54.5,54.5,0.0,0.0
2010-04-14,55.0,55.0,55.0,55.0,0.0,1.0
2010-04-15,55.0,55.0,55.0,55.0,0.0,0.0
2010-04-16,55.0,55.0,55.0,55.0,1.0,20000.0
2010-04-19,55.5,55.5,55.5,55.5,0.0,1.0
2010-04-20,55.5,55.5,55.5,55.5,0.0,0.0
2010-04-21,55.5,55.5,55.5,55.5,0.0,0.0
2010-04-22,55.5,55.5,55.5,55.5,0.0,0.0
2010-04-23,55.5,55.5,55.5,55.5,0.0,0.0
2010-04-26,62.5,62.5,62.5,62.5,0.0,1.0
2010-04-27,62.5,62.5,62.5,62.5,0.0,0.0
2010-04-28,62.5,62.0,62.0,62.5,1.0,1700.0
2010-04-29,62.0,62.0,62.0,62.0,1.0,1645.0
2010-04-30,62.0,62.0,62.0,62.0,0.0,0.0
2010-05-03,62.0,62.0,62.0,62.0,0.0,0.0
2010-05-04,62.0,62.0,62.0,62.0,0.0,0.0
2010-05-05,62.0,62.0,62.0,62.0,0.0,0.0
2010-05-06,62.0,62.0,62.0,62.0,0.0,0.0
2010-05-07,62.5,62.5,62.5,62.5,0.0,1.0
2010-05-10,64.0,64.0,64.0,64.0,0.0,1.0
2010-05-11,64.0,64.0,64.0,64.0,1.0,10000.0
2010-05-12,64.0,64.0,64.0,64.0,0.0,0.0
2010-05-13,67.0,67.0,67.0,67.0,0.0,1.0
2010-05-14,67.0,67.0,67.0,67.0,0.0,0.0
2010-05-17,67.5,67.5,67.5,67.5,0.0,1.0
2010-05-18,67.5,67.5,67.5,67.5,0.0,0.0
2010-05-19,67.5,67.5,69.5,67.5,1.0,541.0
2010-05-20,67.0,67.0,67.0,67.0,0.0,1.0
2010-05-21,63.5,63.5,63.5,63.5,0.0,1.0
2010-05-24,63.5,63.5,63.5,63.5,0.0,0.0
2010-05-25,63.5,63.5,63.5,63.5,0.0,0.0
2010-05-26,63.5,63.5,63.5,63.5,1.0,50000.0
2010-05-27,66.5,65.5,66.5,65.5,1.0,5000.0
2010-05-28,66.5,66.5,66.5,66.5,0.0,0.0
2010-05-31,66.5,66.5,66.5,66.5,0.0,0.0
2010-06-01,66.5,66.5,66.5,66.5,0.0,0.0
2010-06-02,66.5,66.5,66.5,66.5,0.0,0.0
2010-06-03,66.5,66.5,66.5,66.5,0.0,0.0
2010-06-04,66.5,66.5,66.5,66.5,0.0,0.0
2010-06-07,66.5,66.5,66.5,66.5,0.0,0.0
2010-06-08,66.5,66.5,66.5,66.5,0.0,0.0
2010-06-09,64.5,64.5,64.5,64.5,0.0,1.0
2010-06-10,64.5,64.5,64.5,64.5,0.0,0.0
2010-06-11,64.5,64.5,64.5,64.5,0.0,0.0
2010-06-14,64.5,64.5,64.5,64.5,0.0,0.0
2010-06-15,64.5,64.5,64.5,64.5,0.0,0.0
2010-06-16,64.5,64.5,64.5,64.5,0.0,0.0
2010-06-17,64.5,64.5,64.5,64.5,0.0,0.0
2010-06-18,63.5,63.5,63.5,63.5,0.0,1.0
2010-06-21,62.5,62.5,62.5,62.5,0.0,1.0
2010-06-22,61.5,61.5,61.5,61.5,0.0,1.0
2010-06-23,61.5,61.5,61.5,61.5,0.0,0.0
2010-06-24,61.5,61.5,61.5,61.5,0.0,0.0
2010-06-25,61.5,61.5,61.5,61.5,0.0,0.0
2010-06-28,61.5,61.5,61.5,61.5,0.0,0.0
2010-06-29,61.5,57.0,57.0,61.5,3.0,2776000.0
2010-06-30,56.5,56.5,56.5,56.5,0.0,1.0
2010-07-01,56.5,56.5,56.5,56.5,0.0,0.0
2010-07-02,56.5,56.5,56.5,56.5,2.0,20000.0
2010-07-05,56.5,56.5,56.5,56.5,0.0,0.0
2010-07-06,57.0,56.5,57.0,56.5,1.0,20000.0
2010-07-07,57.5,57.5,57.5,57.5,0.0,1.0
2010-07-08,58.5,58.5,58.5,58.5,0.0,1.0
2010-07-09,58.5,58.5,58.5,58.5,2.0,25435.0
2010-07-12,58.5,58.5,58.5,58.5,1.0,20000.0
2010-07-13,58.5,58.5,58.5,58.5,0.0,0.0
2010-07-14,58.5,58.5,58.5,58.5,2.0,55000.0
2010-07-15,58.5,58.5,58.5,58.5,3.0,57228.0
2010-07-16,58.5,58.5,58.5,58.5,0.0,0.0
2010-07-19,58.5,58.5,58.5,58.5,0.0,0.0
2010-07-20,58.5,58.5,58.5,58.5,0.0,0.0
2010-07-21,58.5,58.5,58.5,58.5,0.0,0.0
2010-07-22,58.5,58.5,58.5,58.5,0.0,0.0
2010-07-23,58.5,58.5,58.5,58.5,0.0,0.0
2010-07-26,57.5,57.5,57.5,57.5,0.0,1.0
2010-07-27,57.5,57.5,57.5,57.5,0.0,0.0
2010-07-28,57.5,57.5,57.5,57.5,0.0,0.0
2010-07-29,57.5,57.5,57.5,57.5,0.0,0.0
2010-07-30,57.5,57.5,57.5,57.5,0.0,0.0
2010-08-02,57.5,57.5,57.5,57.5,0.0,0.0
2010-08-03,57.5,57.5,57.5,57.5,0.0,0.0
2010-08-04,57.5,57.5,57.5,57.5,0.0,0.0
2010-08-05,57.5,57.5,57.5,57.5,0.0,0.0
2010-08-06,57.5,57.5,57.5,57.5,0.0,0.0
2010-08-09,57.5,57.5,57.5,57.5,0.0,0.0
2010-08-10,57.5,57.5,57.5,57.5,0.0,0.0
2010-08-11,57.5,57.5,57.5,57.5,0.0,0.0
2010-08-12,57.5,57.5,57.5,57.5,0.0,0.0
2010-08-13,57.5,57.5,57.5,57.5,0.0,0.0
2010-08-16,57.5,57.5,57.5,57.5,0.0,0.0
2010-08-17,57.5,57.5,57.5,57.5,0.0,0.0
2010-08-18,57.5,57.5,57.5,57.5,1.0,5000.0
2010-08-19,57.5,57.5,57.5,57.5,0.0,0.0
2010-08-20,57.5,57.5,57.5,57.5,0.0,0.0
2010-08-23,57.5,57.5,57.5,57.5,0.0,0.0
2010-08-24,57.5,57.5,57.5,57.5,0.0,0.0
2010-08-25,57.5,57.5,57.5,57.5,0.0,0.0
2010-08-26,56.5,56.5,56.5,56.5,0.0,1.0
2010-08-27,56.5,56.5,56.5,56.5,0.0,0.0
2010-08-30,56.5,56.5,56.5,56.5,0.0,0.0
2010-08-31,55.5,55.5,55.5,55.5,1.0,4000.0
2010-09-01,55.5,53.0,53.0,55.5,1.0,9873.0
2010-09-02,53.0,53.0,53.0,53.0,0.0,0.0
2010-09-03,53.0,53.0,53.0,53.0,0.0,0.0
2010-09-06,53.0,53.0,53.0,53.0,0.0,0.0
2010-09-07,53.0,53.0,53.0,53.0,0.0,0.0
2010-09-08,53.0,53.0,53.0,53.0,0.0,0.0
2010-09-09,54.0,53.0,54.0,53.0,2.0,29000.0
2010-09-10,54.0,54.0,54.0,54.0,0.0,0.0
2010-09-13,56.5,56.5,56.5,56.5,0.0,1.0
2010-09-14,59.5,56.5,59.5,56.5,1.0,7500.0
2010-09-15,62.5,60.5,60.5,62.5,1.0,15800.0
2010-09-16,59.5,59.5,59.5,59.5,0.0,1.0
2010-09-17,59.5,59.5,59.5,59.5,0.0,0.0
2010-09-20,59.5,59.5,59.5,59.5,0.0,0.0
2010-09-21,58.5,58.5,58.5,58.5,0.0,1.0
2010-09-22,58.5,58.5,58.5,58.5,2.0,170000.0
2010-09-23,60.5,59.5,60.5,59.5,2.0,29795.0
2010-09-24,60.5,60.5,60.5,60.5,0.0,0.0
2010-09-27,59.5,59.5,59.5,59.5,0.0,1.0
2010-09-28,57.5,57.5,57.5,57.5,0.0,1.0
2010-09-29,57.5,57.5,57.5,57.5,0.0,0.0
2010-09-30,56.5,56.5,56.5,56.5,0.0,1.0
2010-10-01,57.5,57.5,57.5,57.5,0.0,1.0
2010-10-02,57.5,57.5,57.5,57.5,0.0,0.0
2010-10-04,57.5,57.5,57.5,57.5,2.0,100000.0
2010-10-05,57.5,57.5,57.5,57.5,1.0,7014.0
2010-10-06,57.5,57.5,57.5,57.5,2.0,40000.0
2010-10-07,57.5,57.5,57.5,57.5,0.0,0.0
2010-10-08,57.5,57.5,57.5,57.5,0.0,0.0
2010-10-11,57.5,57.5,57.5,57.5,1.0,2466.0
2010-10-12,57.5,57.5,57.5,57.5,1.0,30000.0
2010-10-13,57.5,57.5,57.5,57.5,0.0,0.0
2010-10-14,57.5,57.5,57.5,57.5,0.0,0.0
2010-10-15,57.5,57.5,57.5,57.5,0.0,0.0
2010-10-18,57.5,57.5,57.5,57.5,1.0,1000.0
2010-10-19,57.5,57.5,57.5,57.5,0.0,0.0
2010-10-20,52.5,52.5,52.5,52.5,0.0,1.0
2010-10-21,52.5,52.5,52.5,52.5,0.0,0.0
2010-10-22,52.5,52.5,52.5,52.5,2.0,9167.0
2010-10-25,52.5,52.5,52.5,52.5,0.0,0.0
2010-10-26,52.5,52.5,52.5,52.5,0.0,0.0
2010-10-27,52.5,52.5,52.5,52.5,0.0,0.0
2010-10-28,52.5,52.5,52.5,52.5,0.0,0.0
2010-10-29,52.5,52.5,52.5,52.5,0.0,0.0
2010-11-01,58.5,52.5,58.5,52.5,2.0,7500.0
2010-11-02,58.5,58.5,58.5,58.5,3.0,37481.0
2010-11-03,58.5,58.5,58.5,58.5,0.0,0.0
2010-11-04,58.5,57.5,57.5,58.5,1.0,1000.0
2010-11-05,57.5,57.5,57.5,57.5,1.0,10000.0
2010-11-08,57.5,57.5,57.5,57.5,1.0,486.0
2010-11-09,56.5,56.5,56.5,56.5,0.0,1.0
2010-11-10,56.5,56.5,56.5,56.5,1.0,10000.0
2010-11-11,56.5,56.5,56.5,56.5,0.0,0.0
2010-11-12,56.5,56.5,56.5,56.5,0.0,0.0
2010-11-15,56.5,56.5,56.5,56.5,1.0,10000.0
2010-11-16,56.5,56.5,56.5,56.5,0.0,0.0
2010-11-17,56.5,56.5,56.5,56.5,0.0,0.0
2010-11-18,57.5,57.5,57.5,57.5,0.0,1.0
2010-11-19,57.5,57.5,57.5,57.5,0.0,0.0
2010-11-22,56.5,56.5,56.5,56.5,0.0,1.0
2010-11-23,56.5,55.0,55.0,56.5,1.0,10000.0
2010-11-24,55.0,55.0,55.0,55.0,0.0,0.0
2010-11-25,55.0,55.0,55.0,55.0,0.0,0.0
2010-11-26,54.5,54.5,54.5,54.5,0.0,1.0
2010-11-29,54.5,54.5,54.5,54.5,0.0,0.0
2010-11-30,54.5,52.5,52.5,54.5,1.0,2105.0
2010-12-01,52.5,52.5,52.5,52.5,0.0,0.0
2010-12-02,52.5,52.5,52.5,52.5,0.0,0.0
2010-12-03,52.5,50.5,52.5,52.5,4.0,138989.0
2010-12-06,53.5,52.5,53.5,52.5,2.0,14450.0
2010-12-07,53.5,53.5,53.5,53.5,1.0,3050.0
2010-12-08,53.5,52.5,52.5,53.5,2.0,2565.0
2010-12-09,53.5,52.5,52.5,52.5,2.0,11000.0
2010-12-10,52.5,52.5,52.5,52.5,0.0,0.0
2010-12-13,52.5,52.5,52.5,52.5,0.0,0.0
2010-12-14,52.5,52.5,52.5,52.5,1.0,7300.0
2010-12-15,54.5,52.5,54.5,52.5,4.0,54409.0
2010-12-16,56.5,56.5,56.5,56.5,1.0,30000.0
2010-12-17,57.5,56.5,57.5,56.5,1.0,5000.0
2010-12-20,59.5,59.5,59.5,59.5,0.0,1.0
2010-12-21,59.5,59.5,59.5,59.5,0.0,0.0
2010-12-22,59.5,59.5,59.5,59.5,4.0,4192636.0
2010-12-23,60.5,60.5,60.5,60.5,0.0,1.0
2010-12-24,67.5,61.0,67.5,61.0,2.0,26500.0
2010-12-27,67.5,67.5,67.5,67.5,0.0,0.0
2010-12-28,67.5,67.5,67.5,67.5,0.0,0.0
2010-12-29,67.5,67.5,67.5,67.5,1.0,1000.0
2010-12-30,66.5,66.0,66.0,66.5,1.0,3795.0
2010-12-31,66.0,66.0,66.0,66.0,1.0,2500.0
2011-01-03,66.0,66.0,66.0,66.0,0.0,0.0
2011-01-04,65.5,65.5,65.5,65.5,0.0,1.0
2011-01-05,66.5,66.5,66.5,66.5,0.0,1.0
2011-01-06,67.5,66.5,67.5,66.5,2.0,14500.0
2011-01-07,67.5,67.5,67.5,67.5,1.0,853.0
2011-01-10,67.5,67.5,67.5,67.5,1.0,3763.0
2011-01-11,66.5,66.5,66.5,66.5,0.0,1.0
2011-01-12,65.5,65.5,65.5,65.5,0.0,1.0
2011-01-13,65.5,65.0,65.0,65.5,3.0,10352.0
2011-01-14,65.0,65.0,65.0,65.0,0.0,0.0
2011-01-17,65.0,65.0,65.0,65.0,0.0,0.0
2011-01-18,65.0,65.0,65.0,65.0,0.0,0.0
2011-01-19,65.0,63.5,64.0,65.0,1.0,2000.0
2011-01-20,64.0,64.0,64.0,64.0,0.0,0.0
2011-01-21,64.5,64.0,64.5,64.0,1.0,4700.0
2011-01-24,64.5,64.5,64.5,64.5,1.0,4716.0
2011-01-25,64.5,64.5,64.5,64.5,1.0,2000.0
2011-01-26,64.5,64.5,64.5,64.5,0.0,0.0
2011-01-27,65.5,64.5,65.5,64.5,4.0,17080.0
2011-01-28,65.5,65.5,65.5,65.5,1.0,5000.0
2011-01-31,65.5,65.5,65.5,65.5,0.0,0.0
2011-02-01,65.5,65.5,65.5,65.5,0.0,0.0
2011-02-02,65.5,63.5,64.5,65.5,4.0,13500.0
2011-02-03,64.5,61.0,61.5,64.5,6.0,18324.0
2011-02-04,62.5,62.5,62.5,62.5,5.0,160276.0
2011-02-07,62.5,62.5,62.5,62.5,1.0,2000.0
2011-02-08,62.5,62.5,62.5,62.5,0.0,0.0
2011-02-09,62.5,62.5,62.5,62.5,0.0,0.0
2011-02-10,62.5,62.5,62.5,62.5,0.0,0.0
2011-02-11,62.5,62.5,62.5,62.5,0.0,0.0
2011-02-14,62.5,62.5,62.5,62.5,3.0,115000.0
2011-02-15,62.5,62.5,62.5,62.5,0.0,0.0
2011-02-16,65.0,62.8,64.5,62.5,2.0,12500.0
2011-02-17,64.5,64.5,64.5,64.5,0.0,0.0
2011-02-18,64.5,64.5,64.5,64.5,0.0,0.0
2011-02-21,62.0,62.0,64.5,64.5,1.0,5000.0
2011-02-22,64.5,64.5,64.5,64.5,0.0,0.0
2011-02-23,64.5,64.5,64.5,64.5,0.0,0.0
2011-02-24,66.0,64.5,64.5,64.5,1.0,25000.0
2011-02-25,70.0,67.0,68.5,64.5,3.0,12000.0
2011-02-28,68.5,67.75,68.5,68.5,2.0,144000.0
2011-03-01,66.5,66.5,66.5,66.5,0.0,1.0
2011-03-02,65.0,65.0,65.0,66.5,2.0,1953.0
2011-03-03,65.6,65.0,65.0,65.0,1.0,1067.0
2011-03-04,65.0,65.0,65.0,65.0,0.0,0.0
2011-03-07,65.0,65.0,65.0,65.0,0.0,0.0
2011-03-08,69.0,67.0,67.5,68.5,2.0,1714.0
2011-03-09,68.0,66.5,66.5,66.5,3.0,17795.0
2011-03-10,65.0,61.5,63.5,65.5,2.0,5000.0
2011-03-11,62.5,62.0,62.0,63.0,2.0,7500.0
2011-03-14,63.0,61.0,62.0,61.5,4.0,13316.0
2011-03-15,62.0,59.75,59.75,60.0,1.0,3188.0
2011-03-16,59.725,58.75,58.75,58.75,1.0,1400.0
2011-03-17,59.725,58.75,58.75,58.75,2.0,2413.0
2011-03-18,62.0,59.0,59.75,58.75,3.0,51450.0
2011-03-19,59.75,59.75,59.75,59.75,0.0,0.0
2011-03-21,58.75,58.75,58.75,58.75,0.0,1.0
2011-03-22,59.625,57.875,58.75,58.75,4.0,11000.0
2011-03-23,60.0,57.625,60.0,58.5,6.0,24800.0
2011-03-24,60.0,58.6,60.0,60.0,2.0,3066.0
2011-03-25,60.0,60.0,60.0,60.0,0.0,0.0
2011-03-28,61.0,61.0,61.0,61.0,0.0,1.0
2011-03-29,61.0,60.0,61.0,61.0,1.0,2500.0
2011-03-30,61.5,60.5,61.0,61.0,4.0,390000.0
2011-03-31,64.0,61.25,61.25,61.0,2.0,12650.0
2011-04-01,61.25,61.25,61.25,61.25,0.0,0.0
2011-04-04,63.5,61.0,63.0,61.25,5.0,39300.0
2011-04-05,64.5,63.5,64.0,64.0,3.0,130000.0
2011-04-06,64.68,63.5,64.0,64.0,3.0,3029.0
2011-04-07,65.2,63.0,64.5,64.5,6.0,146844.0
2011-04-08,64.5,64.5,64.5,64.5,0.0,0.0
2011-04-11,65.07,63.45,64.5,64.5,4.0,1901.0
2011-04-12,64.5,64.5,64.5,64.5,0.0,0.0
2011-04-13,64.5,64.5,64.5,64.5,0.0,0.0
2011-04-14,64.5,64.5,64.5,64.5,0.0,0.0
2011-04-15,64.5,64.5,64.5,64.5,0.0,0.0
2011-04-18,64.5,64.5,64.5,64.5,0.0,0.0
2011-04-19,64.5,64.5,64.5,64.5,0.0,0.0
2011-04-20,64.5,63.15,64.5,64.5,1.0,9500.0
2011-04-21,64.5,64.5,64.5,64.5,0.0,0.0
2011-04-26,64.5,63.0,64.5,64.5,2.0,2000.0
2011-04-27,65.055,64.5,64.5,64.5,1.0,3036.0
2011-04-28,64.5,64.5,64.5,64.5,0.0,0.0
2011-04-29,64.5,64.5,64.5,64.5,0.0,0.0
2011-05-02,64.5,64.5,64.5,64.5,0.0,0.0
2011-05-03,65.04,64.5,64.5,64.5,1.0,3000.0
2011-05-04,65.055,64.5,64.5,64.5,4.0,522228.0
2011-05-05,66.0,64.0,64.5,64.5,3.0,7220.0
2011-05-06,65.517,63.5,64.5,64.5,2.0,6645.0
2011-05-09,64.5,63.543,64.5,64.5,1.0,9000.0
2011-05-10,64.5,64.5,64.5,64.5,0.0,0.0
2011-05-11,64.5,63.543,64.5,64.5,3.0,71424.0
2011-05-12,64.5,64.5,64.5,64.5,0.0,0.0
2011-05-13,64.5,64.5,64.5,64.5,0.0,0.0
2011-05-16,65.25,63.543,64.5,64.5,2.0,7747.0
2011-05-17,65.5,64.5,64.5,64.5,1.0,50000.0
2011-05-18,64.5,64.5,64.5,64.5,0.0,0.0
2011-05-19,64.5,63.0,64.5,64.5,1.0,5000.0
2011-05-20,64.5,64.5,64.5,64.5,0.0,0.0
2011-05-23,63.75,59.0,59.0,64.5,2.0,318080.0
2011-05-24,61.0,59.5,59.5,59.0,1.0,5000.0
2011-05-25,59.5,59.5,59.5,59.5,0.0,0.0
2011-05-26,59.5,59.5,59.5,59.5,0.0,0.0
2011-05-27,66.0,62.25,64.0,61.5,5.0,43000.0
2011-05-30,64.0,64.0,64.0,64.0,0.0,0.0
2011-05-31,64.7,64.0,64.0,64.0,1.0,5000.0
2011-06-01,65.5,65.0,65.5,64.0,1.0,6000.0
2011-06-02,65.5,65.5,65.5,65.5,0.0,0.0
2011-06-03,65.5,65.5,65.5,65.5,0.0,0.0
2011-06-06,65.5,64.25,65.5,65.5,2.0,3740.0
2011-06-07,65.5,65.5,65.5,65.5,0.0,0.0
2011-06-08,66.75,60.0,65.5,65.5,1.0,4200.0
2011-06-09,65.5,65.5,65.5,65.5,0.0,0.0
2011-06-10,65.5,65.5,65.5,65.5,0.0,0.0
2011-06-13,67.25,64.2,66.0,65.5,4.0,65000.0
2011-06-14,66.0,66.0,66.0,66.0,0.0,0.0
2011-06-15,66.0,66.0,66.0,66.0,0.0,0.0
2011-06-16,65.0,61.0,64.0,65.5,3.0,9800.0
2011-06-17,65.8,62.0,64.0,64.0,3.0,14974.0
2011-06-20,62.5,62.5,62.5,62.5,0.0,1.0
2011-06-21,62.5,60.0,62.5,62.5,1.0,800.0
2011-06-22,62.5,62.5,62.5,62.5,0.0,0.0
2011-06-23,65.0,62.75,63.5,62.5,10.0,31716.0
2011-06-24,64.97,64.5,64.5,63.5,1.0,600.0
2011-06-27,68.0,67.0,68.0,64.5,2.0,6000.0
2011-06-28,70.0,69.0,69.0,68.0,3.0,17000.0
2011-06-29,69.0,69.0,69.0,69.0,0.0,0.0
2011-06-30,71.75,68.25,71.0,69.0,2.0,5600.0
2011-07-01,71.0,70.5,71.0,71.0,2.0,1455.0
2011-07-04,71.0,68.0,69.5,71.0,4.0,131000.0
2011-07-05,70.25,70.0,70.0,69.5,1.0,5085.0
2011-07-06,70.0,70.0,70.0,70.0,0.0,0.0
2011-07-07,70.0,70.0,70.0,70.0,0.0,0.0
2011-07-08,70.0,68.0,70.0,69.0,2.0,1650.0
2011-07-11,70.68,70.5,70.5,70.0,1.0,390.0
2011-07-12,70.5,70.5,70.5,70.5,0.0,0.0
2011-07-13,69.0,69.0,69.0,70.5,2.0,16856.0
2011-07-14,68.5,64.0,66.5,69.0,6.0,53477.0
2011-07-15,67.0,67.0,67.0,66.5,1.0,5000.0
2011-07-18,67.0,67.0,67.0,67.0,0.0,0.0
2011-07-19,67.0,67.0,67.0,67.0,1.0,10000.0
2011-07-20,67.0,65.84,67.0,67.0,1.0,1818.0
2011-07-21,67.0,67.0,67.0,67.0,0.0,0.0
2011-07-22,67.0,67.0,67.0,67.0,0.0,0.0
2011-07-23,67.0,67.0,67.0,67.0,0.0,0.0
2011-07-25,68.4,65.2,67.0,67.0,3.0,11200.0
2011-07-26,68.4,67.0,67.0,67.0,1.0,10000.0
2011-07-27,67.0,67.0,67.0,67.0,0.0,0.0
2011-07-28,67.0,67.0,67.0,67.0,0.0,0.0
2011-07-29,67.0,67.0,67.0,67.0,0.0,0.0
2011-08-01,67.0,67.0,67.0,67.0,0.0,0.0
2011-08-02,67.0,67.0,67.0,67.0,0.0,0.0
2011-08-03,66.0,63.0,66.0,67.0,2.0,12000.0
2011-08-04,64.5,64.5,64.5,64.5,0.0,1.0
2011-08-05,64.5,64.0,64.5,64.5,2.0,400000.0
2011-08-08,64.5,64.5,64.5,64.5,0.0,0.0
2011-08-09,62.5,61.0,62.5,64.5,3.0,18500.0
2011-08-10,62.5,62.5,62.5,62.5,0.0,0.0
2011-08-11,62.0,61.25,62.0,62.5,1.0,3000.0
2011-08-12,51.6,46.0,51.0,57.5,6.0,52137.0
2011-08-15,54.1,52.0,53.5,51.0,4.0,14599.0
2011-08-16,54.1,53.5,53.5,53.5,1.0,3000.0
2011-08-17,54.0,53.5,53.5,53.5,1.0,11200.0
2011-08-18,53.5,53.5,53.5,53.5,0.0,0.0
2011-08-19,53.5,53.5,53.5,53.5,0.0,0.0
2011-08-22,53.5,53.5,53.5,53.5,0.0,0.0
2011-08-23,53.5,52.75,53.5,53.5,2.0,3000.0
2011-08-24,53.5,53.5,53.5,53.5,0.0,0.0
2011-08-25,53.5,53.5,53.5,53.5,0.0,0.0
2011-08-26,53.5,52.77,53.5,53.5,1.0,1538.0
2011-08-29,53.5,53.5,53.5,53.5,0.0,0.0
2011-08-30,53.5,53.125,53.5,53.5,1.0,10000.0
2011-08-31,53.5,53.5,53.5,53.5,0.0,0.0
2011-09-01,54.98,53.5,53.5,53.5,1.0,3000.0
2011-09-02,53.5,52.8,53.5,53.5,1.0,404.0
2011-09-05,53.5,53.5,53.5,53.5,0.0,0.0
2011-09-06,53.5,53.5,53.5,53.5,0.0,0.0
2011-09-07,54.625,53.5,53.5,53.5,1.0,2000.0
2011-09-08,53.5,53.5,53.5,53.5,0.0,0.0
2011-09-09,53.5,53.5,53.5,53.5,0.0,0.0
2011-09-12,53.5,53.5,53.5,53.5,0.0,0.0
2011-09-13,55.0,55.0,55.0,55.0,0.0,1.0
2011-09-14,54.5,53.5,53.5,55.0,2.0,2000.0
2011-09-15,53.0,53.0,53.0,53.0,0.0,1.0
2011-09-16,53.0,53.0,53.0,53.0,0.0,0.0
2011-09-19,53.0,53.0,53.0,53.0,0.0,0.0
2011-09-20,53.0,53.0,53.0,53.0,0.0,0.0
2011-09-21,53.0,53.0,53.0,53.0,0.0,0.0
2011-09-22,53.0,53.0,53.0,53.0,0.0,0.0
2011-09-23,52.5,50.0,52.5,53.0,3.0,4148.0
2011-09-26,52.5,52.5,52.5,52.5,0.0,0.0
2011-09-27,52.5,51.0,52.5,52.5,1.0,100000.0
2011-09-28,52.5,50.0,52.5,52.5,2.0,5160.0
2011-09-29,52.5,52.5,52.5,52.5,0.0,0.0
2011-09-30,52.5,52.5,52.5,52.5,0.0,0.0
2011-10-03,51.5,51.5,51.5,51.5,0.0,1.0
2011-10-04,51.5,51.5,51.5,51.5,0.0,0.0
2011-10-05,50.45,50.0,50.0,51.5,2.0,2453.0
2011-10-06,50.0,50.0,50.0,50.0,0.0,0.0
2011-10-07,50.5,49.0,50.5,50.0,3.0,56080.0
2011-10-10,51.0,51.0,51.0,51.0,0.0,1.0
2011-10-11,51.0,50.42,51.0,51.0,1.0,5000.0
2011-10-12,51.0,51.0,51.0,51.0,0.0,0.0
2011-10-13,53.0,52.0,52.5,51.0,2.0,37000.0
2011-10-14,52.5,52.5,52.5,52.5,0.0,0.0
2011-10-17,52.5,52.5,52.5,52.5,0.0,0.0
2011-10-18,52.5,50.0,52.5,52.5,1.0,5000.0
2011-10-19,53.25,53.0,53.0,52.5,1.0,750.0
2011-10-20,51.5,49.0,51.5,53.0,2.0,8600.0
2011-10-21,51.5,51.5,51.5,51.5,0.0,0.0
2011-10-24,51.5,51.5,51.5,51.5,0.0,0.0
2011-10-25,51.5,51.5,51.5,51.5,0.0,0.0
2011-10-26,51.5,51.5,51.5,51.5,0.0,0.0
2011-10-27,51.0,51.0,51.0,51.0,0.0,1.0
2011-10-28,53.0,51.0,51.0,51.0,3.0,8209.0
2011-10-31,52.36,50.0,51.0,51.0,5.0,2423.0
2011-11-01,53.0,52.0,52.0,51.0,3.0,22500.0
2011-11-02,57.0,54.0,55.5,52.0,4.0,19500.0
2011-11-03,60.0,57.0,58.0,55.5,5.0,24000.0
2011-11-04,58.0,57.5,58.0,58.0,2.0,20500.0
2011-11-07,58.0,58.0,58.0,58.0,0.0,0.0
2011-11-08,58.0,57.0,58.0,58.0,1.0,966.0
2011-11-09,58.0,58.0,58.0,58.0,0.0,0.0
2011-11-10,58.0,57.0,58.0,58.0,1.0,990.0
2011-11-11,58.0,58.0,58.0,58.0,0.0,0.0
2011-11-14,58.0,58.0,58.0,58.0,0.0,0.0
2011-11-15,58.0,58.0,58.0,58.0,0.0,0.0
2011-11-16,58.0,57.0,58.0,58.0,1.0,1700.0
2011-11-17,56.0,55.5,55.5,58.0,1.0,3000.0
2011-11-18,55.5,53.0,55.5,55.5,1.0,10000.0
2011-11-21,58.75,57.5,57.5,57.5,1.0,9361.0
2011-11-22,56.5,54.0,56.5,57.5,1.0,10000.0
2011-11-23,56.5,55.3,56.5,56.5,1.0,600.0
2011-11-24,56.5,56.5,56.5,56.5,0.0,0.0
2011-11-25,56.5,53.0,56.5,56.5,2.0,8500.0
2011-11-28,56.5,56.5,56.5,56.5,0.0,0.0
2011-11-29,56.5,56.5,56.5,56.5,0.0,0.0
2011-11-30,56.5,56.5,56.5,56.5,0.0,0.0
2011-12-01,56.5,56.5,56.5,56.5,0.0,0.0
2011-12-02,56.5,56.5,56.5,56.5,0.0,0.0
2011-12-05,56.5,55.0,56.5,56.5,1.0,5000.0
2011-12-06,56.65,50.0,53.5,56.5,8.0,65463.0
2011-12-07,53.5,53.5,53.5,53.5,0.0,0.0
2011-12-08,55.0,55.0,55.0,53.5,3.0,22000.0
2011-12-09,56.5,55.0,56.5,55.5,4.0,33576.0
2011-12-12,56.5,55.5,56.5,56.5,1.0,5045.0
2011-12-13,56.5,56.5,56.5,56.5,0.0,0.0
2011-12-14,56.5,56.5,56.5,56.5,0.0,0.0
2011-12-15,56.5,56.5,56.5,56.5,0.0,0.0
2011-12-16,56.5,56.5,56.5,56.5,0.0,0.0
2011-12-19,56.5,56.5,56.5,56.5,0.0,0.0
2011-12-20,55.0,54.0,55.0,56.5,4.0,19218.0
2011-12-21,55.0,55.0,55.0,55.0,0.0,0.0
2011-12-22,55.0,55.0,55.0,55.0,0.0,0.0
2011-12-23,55.0,55.0,55.0,55.0,0.0,0.0
2011-12-27,55.0,55.0,55.0,55.0,0.0,0.0
2011-12-28,55.0,55.0,55.0,55.0,1.0,173.0
2011-12-29,54.5,53.8,54.5,55.0,1.0,1608.0
2011-12-30,54.5,54.5,54.5,54.5,0.0,0.0
2012-01-02,54.5,54.5,54.5,54.5,0.0,0.0
2012-01-03,54.5,54.5,54.5,54.5,0.0,0.0
2012-01-04,54.5,54.5,54.5,54.5,0.0,0.0
2012-01-05,54.5,52.0,54.5,54.5,1.0,6000.0
2012-01-06,54.5,54.5,54.5,54.5,0.0,0.0
2012-01-09,53.0,52.75,53.0,54.5,3.0,27000.0
2012-01-10,53.0,53.0,53.0,53.0,0.0,0.0
2012-01-11,53.0,53.0,53.0,53.0,0.0,0.0
2012-01-12,53.0,53.0,53.0,53.0,0.0,0.0
2012-01-13,53.0,53.0,53.0,53.0,0.0,0.0
2012-01-16,53.0,51.0,53.0,53.0,1.0,330.0
2012-01-17,53.0,53.0,53.0,53.0,0.0,0.0
2012-01-18,53.0,53.0,53.0,53.0,0.0,0.0
2012-01-19,52.0,51.0,52.0,53.0,1.0,4960.0
2012-01-20,52.0,52.0,52.0,52.0,1.0,1896.0
2012-01-23,52.0,47.5,52.0,52.0,1.0,42000.0
2012-01-24,52.0,52.0,52.0,52.0,0.0,0.0
2012-01-25,52.0,52.0,52.0,52.0,0.0,0.0
2012-01-26,52.0,52.0,52.0,52.0,0.0,0.0
2012-01-27,52.0,52.0,52.0,52.0,0.0,0.0
2012-01-30,52.0,49.751,52.0,52.0,1.0,10000.0
2012-01-31,52.0,52.0,52.0,52.0,0.0,0.0
2012-02-01,52.5,52.5,52.5,52.5,0.0,1.0
2012-02-02,52.5,52.5,52.5,52.5,0.0,0.0
2012-02-03,52.5,52.5,52.5,52.5,0.0,0.0
2012-02-05,52.5,52.5,52.5,52.5,0.0,0.0
2012-02-06,52.5,52.5,52.5,52.5,0.0,0.0
2012-02-07,52.5,52.5,52.5,52.5,0.0,0.0
2012-02-08,52.5,51.0,52.5,52.5,1.0,30000.0
2012-02-09,52.5,52.5,52.5,52.5,0.0,0.0
2012-02-10,52.5,52.5,52.5,52.5,0.0,0.0
2012-02-13,52.5,52.5,52.5,52.5,0.0,0.0
2012-02-14,52.5,50.623,52.5,52.5,1.0,1896.0
2012-02-15,53.0,53.0,53.0,52.5,1.0,25000.0
2012-02-16,55.0,52.63,53.5,53.0,4.0,53402.0
2012-02-17,53.5,53.5,53.5,53.5,0.0,0.0
2012-02-20,54.5,54.0,54.5,53.5,1.0,2500.0
2012-02-21,56.0,54.5,54.5,54.5,1.0,12900.0
2012-02-22,57.0,55.0,55.0,54.5,1.0,2500.0
2012-02-23,55.0,55.0,55.0,55.0,0.0,0.0
2012-02-24,55.0,55.0,55.0,55.0,0.0,0.0
2012-02-27,55.0,55.0,55.0,55.0,0.0,0.0
2012-02-28,55.0,55.0,55.0,55.0,0.0,0.0
2012-02-29,57.0,55.0,55.0,55.0,1.0,137.0
2012-03-01,55.0,55.0,55.0,55.0,0.0,0.0
2012-03-02,55.0,55.0,55.0,55.0,0.0,0.0
2012-03-05,54.95,54.5,54.5,55.0,1.0,4044.0
2012-03-06,57.0,53.0,54.5,54.5,1.0,8771.0
2012-03-07,58.929,56.5,56.5,56.0,6.0,17298.0
2012-03-08,56.5,56.5,56.5,56.5,0.0,0.0
2012-03-09,56.5,56.5,56.5,56.5,0.0,0.0
2012-03-12,56.5,56.5,56.5,56.5,0.0,0.0
2012-03-13,58.0,55.0,56.5,56.5,3.0,9160.0
2012-03-14,55.5,55.5,55.5,55.5,0.0,1.0
2012-03-15,55.0,55.0,55.0,55.5,1.0,23190.0
2012-03-16,55.0,55.0,55.0,55.0,0.0,0.0
2012-03-19,56.5,54.28,55.0,55.0,2.0,4060.0
2012-03-20,55.0,55.0,55.0,55.0,0.0,0.0
2012-03-21,55.5,54.6,55.5,55.0,3.0,25500.0
2012-03-22,55.0,55.0,55.0,55.0,0.0,1.0
2012-03-23,55.0,55.0,55.0,55.0,0.0,0.0
2012-03-26,55.0,54.28,55.0,55.0,1.0,3000.0
2012-03-27,55.0,55.0,55.0,55.0,0.0,0.0
2012-03-28,55.0,55.0,55.0,55.0,0.0,0.0
2012-03-29,57.0,55.0,55.0,55.0,1.0,2000.0
2012-03-30,55.6,55.5,55.5,55.0,2.0,2736.0
2012-04-02,55.5,55.5,55.5,55.5,0.0,0.0
2012-04-03,55.5,55.5,55.5,55.5,0.0,0.0
2012-04-04,55.5,55.5,55.5,55.5,0.0,0.0
2012-04-05,55.5,55.5,55.5,55.5,0.0,0.0
2012-04-08,55.5,55.5,55.5,55.5,0.0,0.0
2012-04-09,55.5,55.5,55.5,55.5,0.0,0.0
2012-04-10,62.0,59.5,59.5,62.0,0.0,1.0
2012-04-11,55.5,54.25,55.5,55.5,1.0,2000.0
2012-04-12,58.0,56.0,56.0,55.5,2.0,11675.0
2012-04-13,58.0,56.5,56.5,56.0,4.0,7550.0
2012-04-16,56.5,56.5,56.5,56.5,0.0,0.0
2012-04-17,56.5,56.5,56.5,56.5,0.0,0.0
2012-04-18,60.0,57.5,57.5,57.5,1.0,63.0
2012-04-19,57.5,57.5,57.5,57.5,0.0,0.0
2012-04-20,60.0,57.5,57.5,57.5,1.0,1890.0
2012-04-23,57.5,57.5,57.5,57.5,0.0,0.0
2012-04-24,57.6,57.5,57.5,57.5,1.0,1500.0
2012-04-25,57.6,57.5,57.5,57.5,1.0,83.0
2012-04-26,57.5,57.5,57.5,57.5,0.0,0.0
2012-04-27,58.08,58.0,58.0,57.5,1.0,3000.0
2012-04-30,58.0,58.0,58.0,58.0,0.0,0.0
2012-05-01,60.0,58.08,58.5,58.0,2.0,3500.0
2012-05-02,62.25,61.0,62.25,58.5,3.0,8200.0
2012-05-03,62.25,62.0,62.25,62.25,1.0,5500.0
2012-05-04,63.0,62.115,62.5,62.25,3.0,4831.0
2012-05-07,62.5,62.5,62.5,62.5,0.0,0.0
2012-05-08,61.5,61.5,61.5,61.5,0.0,1.0
2012-05-09,60.0,60.0,60.0,61.5,1.0,11000.0
2012-05-10,62.0,62.0,59.5,60.0,1.0,528.0
2012-05-11,59.5,59.5,59.5,59.5,0.0,0.0
2012-05-14,59.5,59.5,59.5,59.5,0.0,0.0
2012-05-15,60.28,57.981,58.5,59.5,3.0,7217.0
2012-05-16,55.5,55.5,55.5,55.5,0.0,1.0
2012-05-17,55.5,55.5,55.5,55.5,0.0,0.0
2012-05-18,55.5,55.5,55.5,55.5,0.0,0.0
2012-05-21,54.0,46.214,54.0,55.5,2.0,45000.0
2012-05-22,54.5,54.0,54.0,54.0,2.0,158600.0
2012-05-23,54.0,54.0,54.0,54.0,0.0,0.0
2012-05-24,54.8,53.5,53.5,54.0,1.0,12000.0
2012-05-25,53.5,53.5,53.5,53.5,0.0,0.0
2012-05-28,53.5,53.5,53.5,53.5,0.0,0.0
2012-05-29,52.0,50.0,52.0,53.5,3.0,23112.0
2012-05-30,52.0,52.0,52.0,52.0,0.0,0.0
2012-05-31,51.5,50.2,51.5,52.0,2.0,3655.0
2012-06-01,50.0,49.0,50.0,51.5,1.0,9000.0
2012-06-04,50.0,50.0,50.0,50.0,0.0,0.0
2012-06-05,50.0,50.0,50.0,50.0,0.0,0.0
2012-06-06,51.4,50.5,50.5,50.0,1.0,2000.0
2012-06-07,50.5,49.0,50.5,50.5,3.0,11834.0
2012-06-08,50.5,50.5,50.5,50.5,0.0,0.0
2012-06-11,51.1,50.5,50.5,50.5,1.0,3000.0
2012-06-12,50.5,50.5,50.5,50.5,0.0,0.0
2012-06-13,49.038,49.0,49.0,50.5,3.0,6314.0
2012-06-14,50.0,48.0,50.0,49.0,2.0,3753.0
2012-06-15,50.0,48.0,50.0,50.0,1.0,5800.0
2012-06-18,50.0,50.0,50.0,50.0,0.0,0.0
2012-06-19,50.0,50.0,50.0,50.0,0.0,0.0
2012-06-20,48.0,48.0,50.0,50.0,1.0,438.0
2012-06-21,50.0,50.0,50.0,50.0,0.0,0.0
2012-06-22,50.0,50.0,50.0,50.0,0.0,0.0
2012-06-25,50.0,50.0,50.0,50.0,0.0,0.0
2012-06-26,50.0,50.0,50.0,50.0,0.0,0.0
2012-06-27,49.0,48.0,49.0,50.0,1.0,427.0
2012-06-28,49.0,49.0,49.0,49.0,1.0,5000.0
2012-06-29,49.0,49.0,49.0,49.0,0.0,0.0
2012-07-02,49.0,49.0,49.0,49.0,0.0,0.0
2012-07-03,49.0,48.0,49.0,49.0,1.0,5000.0
2012-07-04,49.5,49.0,49.0,49.0,1.0,1867.0
2012-07-05,48.0,46.0,48.0,48.0,1.0,76.0
2012-07-06,41.5,40.0,41.5,40.0,0.0,1.0
2012-07-07,34.0,31.0,34.0,31.0,0.0,1.0
2012-07-08,34.0,34.0,34.0,34.0,0.0,0.0
2012-07-09,48.0,48.0,48.0,48.0,0.0,1.0
2012-07-10,38.5,38.0,38.5,48.0,1.0,2197.0
2012-07-11,46.5,46.0,46.5,48.0,3.0,12144.0
2012-07-12,46.5,46.5,46.5,46.5,0.0,0.0
2012-07-13,46.5,46.5,46.5,46.5,0.0,0.0
2012-07-16,46.5,46.5,46.5,46.5,0.0,0.0
2012-07-17,46.5,46.5,46.5,46.5,0.0,0.0
2012-07-18,46.5,44.5,46.5,46.5,1.0,7500.0
2012-07-19,46.5,46.5,46.5,46.5,0.0,0.0
2012-07-20,46.5,46.5,46.5,46.5,0.0,0.0
2012-07-23,43.5,42.0,43.5,46.5,4.0,48000.0
2012-07-24,44.5,44.5,44.5,44.5,0.0,1.0
2012-07-25,43.5,43.0,43.5,44.5,1.0,10000.0
2012-07-26,43.5,42.0,43.5,43.5,1.0,50000.0
2012-07-27,43.5,43.5,43.5,43.5,0.0,0.0
2012-07-30,43.5,42.0,43.5,43.5,3.0,2203.0
2012-07-31,43.5,43.5,43.5,43.5,0.0,0.0
2012-08-01,43.5,43.5,43.5,43.5,0.0,0.0
2012-08-02,43.5,43.5,43.5,43.5,0.0,0.0
2012-08-03,43.5,43.5,43.5,43.5,0.0,0.0
2012-08-06,40.0,40.0,41.5,43.5,1.0,5000.0
2012-08-07,33.0,31.0,34.0,35.0,11.0,793343.0
2012-08-08,40.0,36.133,38.5,34.0,3.0,20886.0
2012-08-09,39.0,38.35,38.5,38.5,2.0,7000.0
2012-08-10,38.0,38.0,38.5,38.5,1.0,13100.0
2012-08-13,38.0,38.0,38.0,38.0,0.0,1.0
2012-08-14,38.0,38.0,38.0,38.0,0.0,0.0
2012-08-15,38.68,38.0,38.0,38.0,2.0,6507.0
2012-08-16,39.0,38.5,38.5,38.0,1.0,1000.0
2012-08-17,38.5,38.05,38.5,38.5,1.0,2729.0
2012-08-20,38.5,38.5,38.5,38.5,0.0,0.0
2012-08-21,38.5,33.9,38.5,38.5,2.0,905000.0
2012-08-22,38.5,38.5,38.5,38.5,0.0,0.0
2012-08-23,38.5,38.1,38.5,38.5,1.0,4000.0
2012-08-24,38.5,38.5,38.5,38.5,1.0,2900.0
2012-08-27,38.5,38.5,38.5,38.5,0.0,0.0
2012-08-28,40.0,38.5,38.5,38.5,2.0,8000.0
2012-08-29,38.5,37.25,38.5,38.5,2.0,9500.0
2012-08-30,38.5,38.5,38.5,38.5,0.0,0.0
2012-08-31,38.5,38.5,38.5,38.5,0.0,0.0
2012-09-03,38.5,38.5,38.5,38.5,0.0,0.0
2012-09-04,38.5,38.5,38.5,38.5,1.0,128538.0
2012-09-05,38.5,38.5,38.5,38.5,0.0,0.0
2012-09-06,38.5,38.5,38.5,38.5,0.0,0.0
2012-09-07,38.5,35.5,38.5,38.5,2.0,16157.0
2012-09-10,37.75,35.0,37.0,38.5,3.0,14240.0
2012-09-11,37.0,35.0,37.0,37.0,1.0,7920.0
2012-09-12,38.0,38.0,37.0,37.0,1.0,1330.0
2012-09-13,37.0,37.0,37.0,37.0,0.0,0.0
2012-09-14,35.2,35.0,37.0,37.0,2.0,50000.0
2012-09-17,38.0,37.0,37.0,37.0,1.0,1293.0
2012-09-18,37.0,37.0,37.0,37.0,0.0,0.0
2012-09-19,37.0,35.4,37.0,37.0,1.0,1067.0
2012-09-20,37.0,34.4419,37.0,37.0,2.0,3800.0
2012-09-21,37.0,37.0,37.0,37.0,0.0,0.0
2012-09-24,37.0,37.0,37.0,37.0,0.0,0.0
2012-09-25,36.4,35.24,37.0,37.0,2.0,2200.0
2012-09-26,37.0,37.0,37.0,37.0,0.0,0.0
2012-09-27,36.0,35.0,36.0,37.0,1.0,1960.0
2012-09-28,36.0,36.0,36.0,36.0,0.0,0.0
2012-10-01,36.0,36.0,36.0,36.0,0.0,0.0
2012-10-02,38.0,35.4,36.0,36.0,2.0,2885.0
2012-10-03,36.0,36.0,36.0,36.0,0.0,0.0
2012-10-04,36.0,36.0,36.0,36.0,0.0,0.0
2012-10-05,36.0,36.0,36.0,36.0,0.0,0.0
2012-10-08,37.5,37.5,37.5,37.5,0.0,1.0
2012-10-09,37.5,37.5,37.5,37.5,0.0,0.0
2012-10-10,37.5,37.5,37.5,37.5,0.0,0.0
2012-10-11,37.5,37.5,37.5,37.5,0.0,0.0
2012-10-12,37.5,37.5,37.5,37.5,0.0,0.0
2012-10-15,39.0,38.0,38.0,37.5,5.0,20065.0
2012-10-16,44.5,38.9,42.5,38.0,6.0,464986.0
2012-10-17,44.5,42.3,43.0,42.5,5.0,10025.0
2012-10-18,43.0,43.0,43.0,43.0,0.0,0.0
2012-10-19,43.0,42.52,43.0,43.0,1.0,722.0
2012-10-22,45.0,43.0,43.0,43.0,2.0,6620.0
2012-10-23,43.0,43.0,43.0,43.0,0.0,0.0
2012-10-24,43.0,43.0,43.0,43.0,0.0,0.0
2012-10-25,43.0,43.0,43.0,43.0,0.0,0.0
2012-10-26,44.0,44.0,44.0,43.0,3.0,29608.0
2012-10-29,46.0,44.0,44.0,44.0,4.0,346.0
2012-10-30,44.0,44.0,44.0,44.0,0.0,0.0
2012-10-31,44.0,43.12,44.0,44.0,2.0,13000.0
2012-11-01,44.0,42.305,44.0,44.0,1.0,10000.0
2012-11-02,44.0,44.0,44.0,44.0,0.0,0.0
2012-11-05,44.0,44.0,44.0,44.0,0.0,0.0
2012-11-06,44.0,44.0,44.0,44.0,0.0,0.0
2012-11-07,44.0,40.0,44.0,44.0,1.0,25000.0
2012-11-08,44.0,44.0,44.0,44.0,0.0,0.0
2012-11-09,44.0,42.0,44.0,44.0,2.0,2000.0
2012-11-12,46.0,42.0,44.5,44.0,10.0,47911.0
2012-11-13,46.0,44.87,45.5,44.5,8.0,90500.0
2012-11-14,49.95,45.64,49.5,46.0,5.0,24985.0
2012-11-15,49.5,49.5,49.5,49.5,0.0,0.0
2012-11-16,49.95,49.5,49.5,49.5,1.0,9000.0
2012-11-19,49.5,49.5,49.5,49.5,0.0,0.0
2012-11-20,49.5,49.5,49.5,49.5,0.0,0.0
2012-11-21,55.6477,50.95,52.0,49.5,7.0,18975.0
2012-11-22,51.0,48.5,49.0,50.5,11.0,116307.0
2012-11-23,49.5,47.0,49.5,49.5,2.0,60000.0
2012-11-26,50.5,49.5,49.5,49.5,1.0,2943.0
2012-11-27,49.5,49.5,49.5,49.5,0.0,0.0
2012-11-28,49.5,48.25,49.5,49.5,1.0,250.0
2012-11-29,50.5,47.0,49.5,49.5,4.0,131823.0
2012-11-30,49.5,49.5,49.5,49.5,0.0,0.0
2012-12-03,49.5,49.5,49.5,49.5,0.0,0.0
2012-12-04,49.5,49.5,49.5,49.5,0.0,0.0
2012-12-05,49.5,49.5,49.5,49.5,0.0,0.0
2012-12-06,49.5,49.5,49.5,49.5,0.0,0.0
2012-12-07,49.5,49.5,49.5,49.5,0.0,0.0
2012-12-10,48.25,48.25,49.5,49.5,1.0,933.0
2012-12-11,49.5,49.5,49.5,49.5,0.0,0.0
2012-12-12,49.5,49.5,49.5,49.5,0.0,0.0
2012-12-13,50.5,49.5,49.5,49.5,1.0,198.0
2012-12-14,49.5,49.5,49.5,49.5,0.0,0.0
2012-12-17,49.5,48.25,49.5,49.5,1.0,500.0
2012-12-18,49.5,49.5,49.5,49.5,0.0,0.0
2012-12-19,49.5,49.5,49.5,49.5,0.0,0.0
2012-12-20,49.0,46.0,49.0,49.5,2.0,13770.0
2012-12-21,49.0,48.0,49.0,49.0,2.0,6198.0
2012-12-24,49.0,49.0,49.0,49.0,0.0,0.0
2012-12-27,48.5,48.5,48.5,48.5,0.0,1.0
2012-12-28,48.5,48.5,48.5,48.5,0.0,0.0
2012-12-31,48.5,48.5,48.5,48.5,0.0,0.0
2013-01-02,48.5,48.5,48.5,48.5,0.0,0.0
2013-01-03,48.5,48.5,48.5,48.5,0.0,0.0
2013-01-04,48.5,48.5,48.5,48.5,0.0,0.0
2013-01-07,50.0,47.0,50.0,48.5,4.0,26500.0
2013-01-08,50.0,50.0,50.0,50.0,0.0,0.0
2013-01-09,51.0,48.0,50.0,50.0,2.0,10700.0
2013-01-10,53.0,50.5,51.5,50.0,2.0,11443.0
2013-01-11,53.0,50.5,52.0,51.5,4.0,27647.0
2013-01-14,54.0,52.0,52.0,52.0,1.0,10000.0
2013-01-15,53.0,52.0,52.0,52.0,2.0,6104.0
2013-01-16,52.305,52.0,52.0,52.0,1.0,4847.0
2013-01-17,51.5,51.0,51.5,52.0,1.0,9361.0
2013-01-18,51.5,51.5,51.5,51.5,0.0,0.0
2013-01-21,52.0,48.0,51.5,51.5,2.0,50000.0
2013-01-22,51.5,50.0,51.5,51.5,1.0,421920.0
2013-01-23,51.5,51.5,51.5,51.5,0.0,0.0
2013-01-24,51.5,50.0,51.5,51.5,3.0,9908.0
2013-01-25,50.5,48.0,50.5,51.5,5.0,1524768.0
2013-01-28,53.0,53.0,50.5,50.5,1.0,25000.0
2013-01-29,50.5,50.5,50.5,50.5,0.0,0.0
2013-01-30,53.0,50.48,51.5,50.5,3.0,9514.0
2013-01-31,55.0,50.0,54.0,51.5,4.0,6000.0
2013-02-01,54.5,54.5,54.5,54.5,0.0,1.0
2013-02-04,52.3,47.11,51.0,52.5,3.0,12173.0
2013-02-05,51.0,51.0,51.0,51.0,0.0,0.0
2013-02-06,51.0,51.0,51.0,51.0,0.0,0.0
2013-02-07,51.0,49.0,49.0,51.0,3.0,15283.0
2013-02-08,50.4,50.0,50.0,49.0,1.0,5000.0
2013-02-11,50.0,48.6,50.0,50.0,1.0,1967.0
2013-02-12,51.5,50.0,50.0,50.0,2.0,18580.0
2013-02-13,53.0,50.0,50.0,50.0,1.0,5000.0
2013-02-14,50.6,50.0,50.0,50.0,1.0,415.0
2013-02-15,50.0,50.0,50.0,50.0,0.0,0.0
2013-02-18,50.0,50.0,50.0,50.0,0.0,0.0
2013-02-19,50.0,49.75,50.0,50.0,7.0,370000.0
2013-02-20,50.0,50.0,50.0,50.0,0.0,0.0
2013-02-21,50.0,50.0,50.0,50.0,0.0,0.0
2013-02-22,50.0,50.0,50.0,50.0,0.0,0.0
2013-02-25,50.6,50.0,50.0,50.0,1.0,1088.0
2013-02-26,50.0,50.0,50.0,50.0,0.0,0.0
2013-02-27,52.0,50.5,50.5,50.0,1.0,5000.0
2013-02-28,52.0,51.5,51.5,50.5,2.0,1379.0
2013-03-01,51.5,51.5,51.5,51.5,0.0,0.0
2013-03-04,52.0,51.5,51.5,51.5,2.0,2019.0
2013-03-05,54.4,53.5,53.5,51.5,1.0,5000.0
2013-03-06,58.0,56.2,56.5,55.0,4.0,16497.0
2013-03-07,65.0,56.5,61.5,56.5,9.0,20220.0
2013-03-08,63.0,60.45,62.5,61.5,3.0,7482.0
2013-03-11,65.5,62.65,66.0,62.5,6.0,8843.0
2013-03-12,66.0,64.5,66.0,66.0,2.0,25972.0
2013-03-13,65.0,61.6,63.0,63.5,5.0,15294.0
2013-03-14,66.0,65.0,65.0,64.0,2.0,3200.0
2013-03-15,69.5,63.1,69.0,65.0,5.0,8300.0
2013-03-18,71.0,68.0,69.0,69.0,2.0,11000.0
2013-03-19,69.0,67.0,69.0,69.0,1.0,2500.0
2013-03-20,69.0,69.0,69.0,69.0,0.0,0.0
2013-03-21,68.6228,66.0,67.0,69.0,5.0,13604.0
2013-03-22,67.0,65.2,67.0,67.0,2.0,3370.0
2013-03-25,67.0,65.0,67.0,67.0,1.0,1282.0
2013-03-26,67.0,64.0,67.0,67.0,1.0,2432.0
2013-03-27,67.0,66.6,67.0,67.0,1.0,400.0
2013-03-28,67.0,67.0,67.0,67.0,0.0,0.0
2013-04-01,67.0,67.0,67.0,67.0,0.0,0.0
2013-04-02,65.0,64.0,65.0,67.0,4.0,4590.0
2013-04-03,65.0,65.0,65.0,65.0,0.0,0.0
2013-04-04,65.0,65.0,65.0,65.0,0.0,0.0
2013-04-05,65.0,65.0,65.0,65.0,0.0,0.0
2013-04-08,65.0,61.0,64.0,65.0,4.0,26345.0
2013-04-09,64.1,62.0,64.0,64.0,2.0,8117.0
2013-04-10,64.0,64.0,64.0,64.0,0.0,0.0
2013-04-11,63.0,63.0,64.0,64.0,2.0,25000.0
2013-04-12,65.0,64.0,64.0,64.0,2.0,430.0
2013-04-15,64.9,64.0,64.0,64.0,3.0,157.0
2013-04-16,64.9,62.0,64.0,64.0,4.0,388858.0
2013-04-17,64.0,64.0,64.0,64.0,0.0,0.0
2013-04-18,64.0,64.0,64.0,64.0,0.0,0.0
2013-04-19,64.8,64.0,64.0,64.0,2.0,1678.0
2013-04-22,64.0,64.0,64.0,64.0,0.0,0.0
2013-04-23,64.0,64.0,64.0,64.0,0.0,0.0
2013-04-24,66.0,64.5,64.5,64.0,1.0,6000.0
2013-04-25,66.0,65.0,65.0,64.5,2.0,4500.0
2013-04-26,65.0,65.0,65.0,65.0,0.0,0.0
2013-04-29,65.0,65.0,65.0,65.0,0.0,0.0
2013-04-30,65.0,64.0,65.0,65.0,1.0,2300.0
2013-05-01,65.0,65.0,65.0,65.0,0.0,0.0
2013-05-02,67.0,65.5,65.5,65.0,1.0,1600.0
2013-05-03,69.5,66.5,66.5,65.5,1.0,15827.0
2013-05-06,66.5,66.5,66.5,66.5,0.0,0.0
2013-05-07,66.5,66.5,66.5,66.5,0.0,0.0
2013-05-08,65.5,65.0,65.5,66.5,1.0,25000.0
2013-05-09,65.5,65.5,65.5,65.5,0.0,0.0
2013-05-10,67.5,65.5,65.5,65.5,1.0,299.0
2013-05-13,67.5,65.5,65.5,65.5,2.0,15000.0
2013-05-14,65.5,65.5,65.5,65.5,0.0,0.0
2013-05-15,67.5,65.5,65.5,65.5,2.0,12350.0
2013-05-16,65.5,65.5,65.5,65.5,0.0,0.0
2013-05-17,67.5,67.5,65.5,65.5,1.0,280.0
2013-05-20,65.5,65.5,65.5,65.5,0.0,0.0
2013-05-21,65.5,65.5,65.5,65.5,0.0,0.0
2013-05-22,65.5,65.5,65.5,65.5,0.0,0.0
2013-05-23,65.5,63.4211,65.5,65.5,3.0,62715.0
2013-05-24,65.5,63.3727,65.5,65.5,1.0,3076.0
2013-05-27,65.5,65.5,65.5,65.5,0.0,0.0
2013-05-28,65.5,65.5,65.5,65.5,0.0,0.0
2013-05-29,63.5,63.1,65.5,65.5,2.0,5769.0
2013-05-30,65.5,65.5,65.5,65.5,0.0,0.0
2013-05-31,65.5,65.5,65.5,65.5,0.0,0.0
2013-06-03,68.0,63.75,65.5,65.5,3.0,12497.0
2013-06-04,65.5,63.75,65.5,65.5,1.0,1804.0
2013-06-05,65.5,63.0,65.5,65.5,1.0,1320.0
2013-06-06,65.5,65.5,65.5,65.5,0.0,0.0
2013-06-07,65.5,65.5,65.5,65.5,0.0,0.0
2013-06-10,65.5,63.0,65.5,65.5,1.0,2000.0
2013-06-11,65.5,65.5,65.5,65.5,0.0,0.0
2013-06-12,65.5,65.5,65.5,65.5,0.0,0.0
2013-06-13,65.5,65.5,65.5,65.5,0.0,0.0
2013-06-14,65.5,65.5,65.5,65.5,0.0,0.0
2013-06-17,65.5,65.5,65.5,65.5,0.0,0.0
2013-06-18,63.0,60.7316,61.75,65.5,2.0,9904.0
2013-06-19,61.75,61.75,61.75,61.75,0.0,0.0
2013-06-20,61.0,58.5,59.75,61.75,4.0,6109.0
2013-06-21,59.75,59.75,59.75,59.75,0.0,0.0
2013-06-24,59.75,59.75,59.75,59.75,0.0,0.0
2013-06-25,60.0,60.0,59.75,59.75,1.0,8272.0
2013-06-26,57.5,57.5,59.75,59.75,1.0,392.0
2013-06-27,62.0,60.875,59.75,59.75,2.0,50000.0
2013-06-28,60.0,60.0,59.75,59.75,1.0,25000.0
2013-07-01,62.0,59.5,61.75,59.75,5.0,11855.0
2013-07-02,63.0,62.0,63.5,63.0,4.0,48000.0
2013-07-03,65.0,62.5,63.0,63.5,5.0,61533.0
2013-07-04,63.0,63.0,63.0,63.0,0.0,0.0
2013-07-05,63.0,63.0,63.0,63.0,0.0,0.0
2013-07-08,63.0,63.0,63.0,63.0,0.0,0.0
2013-07-09,60.5,60.25,63.0,63.0,2.0,1776600.0
2013-07-10,63.0,63.0,63.0,63.0,0.0,0.0
2013-07-11,72.0,64.0,71.5,63.0,11.0,45245.0
2013-07-12,73.0,67.54,71.75,71.5,4.0,27425.0
2013-07-15,71.7,70.75,72.0,71.75,2.0,6371.0
2013-07-16,71.8,71.8,72.0,72.0,1.0,750.0
2013-07-17,72.5,72.5,73.0,72.0,1.0,3500.0
2013-07-18,72.0,72.0,73.0,73.0,2.0,3974.0
2013-07-19,73.0,73.0,73.0,73.0,0.0,0.0
2013-07-22,71.0,71.0,73.0,73.0,1.0,1137.0
2013-07-23,71.375,71.375,71.25,73.0,1.0,10000.0
2013-07-24,69.665,69.665,70.5,71.25,1.0,750.0
2013-07-25,73.0,73.0,71.0,70.5,1.0,8843.0
2013-07-26,72.0,72.0,71.0,71.0,1.0,600.0
2013-07-29,71.0,71.0,71.0,71.0,0.0,0.0
2013-07-30,71.0,71.0,71.0,71.0,0.0,0.0
2013-07-31,71.0,71.0,71.0,71.0,0.0,0.0
2013-08-01,71.0,71.0,71.0,71.0,0.0,0.0
2013-08-02,71.0,71.0,71.0,71.0,0.0,0.0
2013-08-05,71.0,71.0,71.0,71.0,0.0,0.0
2013-08-06,72.0,72.0,71.0,71.0,1.0,1923.0
2013-08-07,71.0,71.0,71.0,71.0,0.0,0.0
2013-08-08,72.0,72.0,71.0,71.0,2.0,1412.0
2013-08-09,74.0,71.0,72.0,71.0,4.0,3660.0
2013-08-12,74.0,74.0,72.0,72.0,1.0,2673.0
2013-08-13,72.0,72.0,72.0,72.0,0.0,0.0
2013-08-14,88.0,75.0,87.0,73.0,21.0,55480.0
2013-08-15,90.0,83.8,88.5,86.5,17.0,38790.0
2013-08-16,90.0,85.0,86.0,88.5,13.0,99932.0
2013-08-19,86.3,83.0,84.0,86.0,9.0,24158.0
2013-08-20,84.2,84.2,84.0,84.0,1.0,1167.0
2013-08-21,84.2,84.2,84.5,84.0,3.0,8220.0
2013-08-22,84.5,84.5,84.5,84.5,0.0,0.0
2013-08-23,84.9,83.82,84.5,84.5,5.0,10523.0
2013-08-26,84.5,84.5,84.5,84.5,0.0,0.0
2013-08-27,84.5,84.5,84.5,84.5,0.0,0.0
2013-08-28,84.0,83.0,83.0,84.5,4.0,17367.0
2013-08-29,83.4,82.0,81.5,83.0,2.0,3500.0
2013-08-30,79.0,79.0,80.5,81.5,1.0,2018.0
2013-09-02,81.5,78.0,80.0,80.5,2.0,3701.0
2013-09-03,78.0,78.0,80.0,80.0,2.0,3139.0
2013-09-04,80.0,80.0,80.0,80.0,0.0,0.0
2013-09-05,81.5,79.0,80.0,80.0,2.0,2746.0
2013-09-06,80.0,80.0,80.0,80.0,1.0,6000.0
2013-09-09,80.8,80.8,80.0,80.0,1.0,15000.0
2013-09-10,81.2,78.0,80.0,80.0,4.0,3578.0
2013-09-11,84.5,80.0,81.5,82.5,6.0,14673.0
2013-09-12,81.5,80.0,81.5,81.5,2.0,14423.0
2013-09-13,81.1,80.9,81.5,81.5,3.0,5239.0
2013-09-16,80.8,78.0,80.0,81.5,6.0,18191.0
2013-09-17,80.0,78.0,80.0,80.0,2.0,1170.0
2013-09-18,80.0,75.0,77.5,80.0,6.0,851698.0
2013-09-19,77.6,77.0,78.5,77.5,2.0,6000.0
2013-09-20,80.0,77.6,79.0,78.5,4.0,38585.0
2013-09-23,85.3061,80.0,82.5,80.0,10.0,122395.0
2013-09-24,84.5,84.5,82.5,82.5,1.0,300.0
2013-09-25,83.75,81.0,82.5,82.5,2.0,8550.0
2013-09-26,82.5,82.5,82.5,82.5,0.0,0.0
2013-09-27,80.0,80.0,80.0,82.5,2.0,3750.0
2013-09-30,80.9,78.0,80.0,80.0,3.0,9200.0
2013-10-01,81.75,78.0,80.0,80.0,2.0,7326.0
2013-10-02,78.0,78.0,80.0,80.0,1.0,500.0
2013-10-03,80.0,80.0,80.0,80.0,0.0,0.0
2013-10-04,81.6,78.0,80.0,80.0,3.0,15522.0
2013-10-07,81.0,81.0,80.0,80.0,1.0,3500.0
2013-10-08,81.0,78.0,80.0,80.0,3.0,6733.0
2013-10-09,80.0,80.0,80.0,80.0,0.0,0.0
2013-10-10,80.0,80.0,80.0,80.0,0.0,0.0
2013-10-11,80.0,80.0,80.0,80.0,0.0,0.0
2013-10-14,80.0,80.0,80.0,80.0,0.0,0.0
2013-10-15,80.4,80.4,80.0,80.0,2.0,12200.0
2013-10-16,81.5,80.0,80.0,80.0,2.0,124675.0
2013-10-17,81.5,78.0,80.0,80.0,3.0,10550.0
2013-10-18,81.0,78.0,80.0,80.0,3.0,15234.0
2013-10-21,83.0,81.0,82.5,80.0,3.0,23305.0
2013-10-22,81.0,81.0,82.5,82.5,1.0,2000.0
2013-10-23,82.5,82.5,82.5,82.5,0.0,0.0
2013-10-24,80.6,80.0,82.5,82.5,2.0,4183.0
2013-10-25,85.0,85.0,82.5,82.5,1.0,45.0
2013-10-28,85.0,84.5,83.0,82.5,4.0,289.0
2013-10-29,85.0,83.0,84.0,83.0,3.0,22324.0
2013-10-30,84.0,84.0,84.0,84.0,0.0,0.0
2013-10-31,85.5,84.9,86.5,84.0,7.0,30500.0
2013-11-01,88.0,87.0,87.5,86.5,5.0,24562.0
2013-11-04,87.75,85.0,87.5,87.5,9.0,17915.0
2013-11-05,87.0,87.0,87.5,87.5,1.0,1225.0
2013-11-06,87.35,87.0,87.5,87.5,3.0,6440.0
2013-11-07,87.35,87.35,87.5,87.5,3.0,6826.0
2013-11-08,87.5,86.4615,86.5,87.5,4.0,9716.0
2013-11-11,87.5,85.0,86.5,86.5,3.0,4337.0
2013-11-12,88.0,83.0,85.0,86.5,4.0,20963.0
2013-11-13,88.0,83.0,85.0,85.0,5.0,19899.0
2013-11-14,89.0636,84.0,87.5,85.0,4.0,6064.0
2013-11-15,87.0,87.0,86.5,87.5,1.0,5000.0
2013-11-18,89.0,86.1,86.5,86.5,3.0,14862.0
2013-11-19,88.0,88.0,87.5,86.5,1.0,1682.0
2013-11-20,88.0,88.0,89.5,87.5,1.0,20000.0
2013-11-21,92.0,88.5,90.0,89.5,7.0,92700.0
2013-11-22,90.0,90.0,90.0,90.0,0.0,0.0
2013-11-25,98.2031,88.0,90.5,90.0,7.0,34842.0
2013-11-26,99.4256,91.94,96.0,90.5,20.0,66923.0
2013-11-27,95.0,94.9,92.0,97.5,4.0,13283.0
2013-11-28,92.0,89.0,89.5,92.0,5.0,19734.0
2013-11-29,89.0,85.0,87.5,89.5,7.0,34080.0
2013-12-02,90.0,86.0,89.0,87.5,13.0,41109.0
2013-12-03,89.76,85.0,85.0,89.0,7.0,302749.0
2013-12-04,83.0,82.0,84.0,85.0,3.0,7736.0
2013-12-05,85.0,85.0,85.5,84.0,3.0,9497.0
2013-12-06,84.0,84.0,85.5,84.5,1.0,5000.0
2013-12-09,84.0,81.24,84.5,85.5,2.0,4848.0
2013-12-10,82.0,82.0,83.0,84.5,1.0,1000.0
2013-12-11,86.0,83.4,84.0,83.0,3.0,29032.0
2013-12-12,87.0,84.0,85.5,84.0,7.0,91500.0
2013-12-13,87.0,87.0,86.0,85.5,2.0,7578.0
2013-12-16,87.0,85.4,85.5,86.0,4.0,55000.0
2013-12-17,84.75,84.75,85.5,85.5,1.0,3500.0
2013-12-18,85.5,85.5,85.5,85.5,1.0,5000.0
2013-12-19,87.0,87.0,85.5,85.5,1.0,16000.0
2013-12-20,85.5,85.5,85.5,85.5,0.0,0.0
2013-12-23,84.75,84.75,85.5,85.5,1.0,77.0
2013-12-24,85.5,85.5,85.5,85.5,0.0,0.0
2013-12-27,84.75,84.75,87.5,85.5,2.0,692.0
2013-12-30,93.0,86.0,89.5,87.5,7.0,31258.0
2013-12-31,91.0,91.0,91.0,91.0,0.0,1.0
2014-01-02,92.0,91.5,91.0,91.0,2.0,1793.0
2014-01-03,91.7,91.7,91.0,91.0,1.0,545.0
2014-01-06,94.7,91.5,94.0,91.0,7.0,21621.0
2014-01-07,95.0,93.0,94.0,94.0,4.0,10900.0
2014-01-08,100.0,95.0,98.0,94.0,8.0,14224.0
2014-01-09,105.1613,98.0,103.5,98.0,29.0,116382.0
2014-01-10,103.0,103.0,102.0,103.5,3.0,21000.0
2014-01-13,103.0,95.31,101.0,102.0,13.0,48942.0
2014-01-14,102.0,100.0,101.0,101.0,6.0,13633.0
2014-01-15,102.0,98.0,100.5,101.0,6.0,16622.0
2014-01-16,101.55,95.5,99.5,100.5,4.0,14191.0
2014-01-17,99.6,99.0,99.5,99.5,2.0,5500.0
2014-01-20,95.6,94.0,96.0,99.5,2.0,18900.0
2014-01-21,96.0,94.0,95.5,96.0,5.0,31050.0
2014-01-22,96.0,94.0,95.5,95.5,4.0,16268.0
2014-01-23,97.0,97.0,96.5,95.5,3.0,3600.0
2014-01-24,102.0,98.0,100.0,96.5,7.0,32989.0
2014-01-27,98.0,98.0,99.0,99.0,1.0,2122.0
2014-01-28,100.0,99.0,99.0,99.0,2.0,2000.0
2014-01-29,102.0,99.25,99.0,100.0,3.0,1812.0
2014-01-30,99.0,99.0,97.5,99.0,1.0,1043.0
2014-01-31,97.5,97.5,97.5,97.5,0.0,0.0
2014-02-03,100.0,100.0,97.5,97.5,2.0,3376.0
2014-02-04,100.0,100.0,97.5,97.5,1.0,500.0
2014-02-05,100.0,99.0,98.5,97.5,3.0,18300.0
2014-02-06,98.0,98.0,98.5,98.5,1.0,5000.0
2014-02-07,99.0,97.0,97.5,98.5,4.0,11306.0
2014-02-10,100.0,100.0,97.5,97.5,1.0,400.0
2014-02-11,97.5,97.5,97.5,97.5,0.0,0.0
2014-02-12,95.0,95.0,97.5,97.5,1.0,1950.0
2014-02-13,100.0,94.1837,96.5,97.5,7.0,24621.0
2014-02-14,95.0,93.0,95.0,96.5,2.0,4800.0
2014-02-17,96.5,93.0,96.5,95.0,6.0,54306.0
2014-02-18,98.0,95.0,95.5,96.5,4.0,18241.0
2014-02-19,97.0,97.0,95.5,95.5,1.0,90.0
2014-02-20,98.0,93.0,96.5,95.5,3.0,14444.0
2014-02-21,96.5,96.5,96.5,96.5,0.0,0.0
2014-02-24,98.0,95.6,96.0,96.5,3.0,15000.0
2014-02-25,96.5,95.6,96.0,96.0,4.0,13756.0
2014-02-26,96.0,96.0,96.0,96.0,0.0,0.0
2014-02-27,96.0,96.0,96.0,96.0,0.0,0.0
2014-02-28,97.0,95.0,96.5,96.0,5.0,22758.0
2014-03-03,97.25,95.0,96.0,96.5,3.0,12187.0
2014-03-04,100.75,97.0,99.0,96.0,5.0,73723.0
2014-03-05,106.0,102.0,103.5,101.5,10.0,17141.0
2014-03-06,103.0,100.0,102.5,103.5,9.0,29599.0
2014-03-07,102.5,100.0,102.5,102.5,10.0,38437.0
2014-03-10,102.0,98.0,99.5,102.5,5.0,19757.0
2014-03-11,98.0,93.275,95.5,99.5,13.0,33313.0
2014-03-12,95.5,95.5,95.5,95.5,0.0,0.0
2014-03-13,94.0,94.0,95.5,95.5,1.0,215.0
2014-03-14,94.0,94.0,95.5,95.5,1.0,436.0
2014-03-17,103.0,98.0,101.0,95.5,8.0,12884.0
2014-03-18,102.945,98.4,100.0,101.0,13.0,116795.0
2014-03-19,101.0,100.0,100.0,100.0,3.0,53894.0
2014-03-20,100.0,100.0,100.0,100.0,1.0,2000.0
2014-03-21,101.0,99.0,100.0,100.0,3.0,7117.0
2014-03-24,100.6,100.6,100.0,100.0,1.0,18.0
2014-03-25,99.0,99.0,100.0,100.0,1.0,782.0
2014-03-26,100.0,100.0,100.0,100.0,0.0,0.0
2014-03-27,101.0,100.0,100.0,100.0,5.0,114457.0
2014-03-28,101.0,100.5,99.5,100.0,3.0,12256.0
2014-03-31,99.5,99.5,99.5,99.5,0.0,0.0
2014-04-01,101.0,98.9,100.5,99.5,4.0,7083.0
2014-04-02,101.0,101.0,100.5,100.5,1.0,2943.0
2014-04-03,105.3,103.0,105.0,100.5,7.0,48924.0
2014-04-04,105.8,105.0,105.0,105.0,3.0,55379.0
2014-04-07,106.0,104.5,105.0,105.0,5.0,4680.0
2014-04-08,106.0,104.0,104.5,105.0,2.0,5943.0
2014-04-09,105.4,99.7,104.5,104.5,8.0,690655.0
2014-04-10,105.7,103.0,104.5,104.5,8.0,105587.0
2014-04-11,129.99,106.0,119.5,105.0,44.0,99527.0
2014-04-14,119.8,116.3,117.0,119.5,18.0,27620.0
2014-04-15,123.0,117.0,121.0,117.0,11.0,19812.0
2014-04-16,122.4,119.0,121.0,121.0,9.0,22588.0
2014-04-17,123.0,120.0,120.0,121.0,11.0,27461.0
2014-04-22,123.0,119.0,120.5,120.0,17.0,88776.0
2014-04-23,121.4,121.4,120.5,120.5,3.0,3577.0
2014-04-24,121.4,119.0,120.5,120.5,4.0,19841.0
2014-04-25,121.4,118.0,119.5,120.5,4.0,3701.0
2014-04-28,120.0,118.0,120.5,119.5,5.0,8736.0
2014-04-29,121.4,118.0739,120.5,120.5,5.0,13321.0
2014-04-30,117.3,115.02,119.5,120.5,4.0,22942.0
2014-05-01,120.4,116.5451,119.5,119.5,10.0,24692.0
2014-05-02,120.0,116.02,118.0,119.5,3.0,3943.0
2014-05-05,118.0,118.0,118.0,118.0,0.0,0.0
2014-05-06,117.0,113.0,113.0,118.0,9.0,97220.0
2014-05-07,113.0,111.2,112.0,113.0,5.0,10238.0
2014-05-08,114.598,110.0,113.5,112.0,4.0,19700.0
2014-05-09,116.58,115.5,115.0,113.5,2.0,416.0
2014-05-12,117.0,115.4,116.0,115.0,3.0,17204.0
2014-05-13,120.0,117.0,119.0,116.0,9.0,18049.0
2014-05-14,119.6,117.1717,119.0,119.0,2.0,5113.0
2014-05-15,120.0,119.0,119.0,119.0,4.0,20915.0
2014-05-16,119.4,118.0,119.0,119.0,2.0,4512.0
2014-05-19,122.0,118.0,120.0,119.0,12.0,92779.0
2014-05-20,123.0,118.0,119.0,120.0,8.0,23776.0
2014-05-21,119.38,118.0,119.0,119.0,2.0,865.0
2014-05-22,119.4,119.398,119.5,119.0,2.0,5039.0
2014-05-23,119.65,114.0,119.0,119.5,6.0,40708.0
2014-05-26,119.0,119.0,119.0,119.0,0.0,0.0
2014-05-27,118.0,113.0,116.5,119.0,6.0,41224.0
2014-05-28,115.0,115.0,116.5,116.5,2.0,3397.0
2014-05-29,115.0,115.0,116.5,116.5,3.0,1727.0
2014-05-30,116.0,113.0,116.5,116.5,4.0,6934.0
2014-06-02,117.0,114.0,116.0,116.5,5.0,9719.0
2014-06-03,116.0,116.0,116.0,116.0,0.0,0.0
2014-06-04,116.0,116.0,116.0,116.0,0.0,0.0
2014-06-05,115.0,110.0,112.5,116.0,9.0,18742.0
2014-06-06,110.0,110.0,111.5,112.5,4.0,5302.0
2014-06-09,112.0,110.0,111.0,111.5,5.0,39764.0
2014-06-10,110.0,108.0,109.0,111.0,5.0,10000.0
2014-06-11,110.0,108.0,110.0,109.0,3.0,5730.0
2014-06-12,112.0,112.0,110.0,110.0,1.0,885.0
2014-06-13,112.5,112.5,111.0,110.0,1.0,14000.0
2014-06-16,110.0,109.0,111.0,111.0,2.0,3345.0
2014-06-17,112.95,110.0,111.5,111.0,4.0,17248.0
2014-06-18,111.333,111.333,111.5,111.5,1.0,8000.0
2014-06-19,113.0,111.0,112.0,111.5,5.0,38299.0
2014-06-20,112.99,111.0,113.0,112.0,5.0,56656.0
2014-06-23,115.0779,111.0,113.0,113.0,3.0,1346.0
2014-06-24,125.0,117.0,119.0,115.0,17.0,90350.0
2014-06-25,117.2,116.0,117.0,117.0,2.0,64.0
2014-06-26,118.0,116.0,117.0,117.0,4.0,18916.0
2014-06-27,116.0,116.0,116.0,117.0,1.0,1000.0
2014-06-30,115.5,115.5,115.5,115.5,0.0,1.0
2014-07-01,116.0,112.0,114.0,115.5,5.0,38362.0
2014-07-02,114.0,114.0,114.0,114.0,0.0,0.0
2014-07-03,116.0,112.0,111.5,114.0,6.0,23871.0
2014-07-04,113.0,112.0,112.0,111.5,5.0,35735.0
2014-07-07,112.595,110.0,112.5,112.0,6.0,43674.0
2014-07-08,112.2,112.0,112.5,112.5,2.0,29962.0
2014-07-09,112.595,112.0,112.5,112.5,2.0,8782.0
2014-07-10,113.0,112.0,112.5,112.5,5.0,17179.0
2014-07-11,112.0,112.0,112.5,112.5,1.0,2500.0
2014-07-14,112.5,112.5,112.5,112.5,1.0,1354.0
2014-07-15,113.0,113.0,112.5,112.5,1.0,1043.0
2014-07-16,112.5,112.5,112.5,112.5,0.0,0.0
2014-07-17,112.25,112.25,112.5,112.5,1.0,122.0
2014-07-18,112.25,112.25,113.0,112.5,1.0,880.0
2014-07-21,112.5,109.0,113.0,113.0,3.0,12062.0
2014-07-22,112.0,110.0,110.0,113.0,4.0,6000.0
2014-07-23,109.0,107.5933,109.0,110.0,3.0,4137.0
2014-07-24,109.0,103.0,108.5,109.0,13.0,82500.0
2014-07-25,109.0,107.5,109.0,108.5,5.0,37448.0
2014-07-28,109.8,109.5,110.0,109.0,2.0,10500.0
2014-07-29,111.4,111.0,110.0,110.0,3.0,8026.0
2014-07-30,110.5,110.0,109.0,110.0,4.0,65100.0
2014-07-31,110.985,108.5,111.0,109.0,7.0,103059.0
2014-08-01,112.0,110.25,111.0,111.0,4.0,28681.0
2014-08-04,111.0,109.0,111.0,111.0,2.0,25000.0
2014-08-05,111.69,111.69,111.0,111.0,1.0,8942.0
2014-08-06,111.0,111.0,111.0,111.0,0.0,0.0
2014-08-07,110.21,110.11,111.0,111.0,3.0,11494.0
2014-08-08,111.0,111.0,111.0,111.0,0.0,0.0
2014-08-11,110.1,110.1,111.0,111.0,1.0,304.0
2014-08-12,110.1,110.1,111.0,111.0,1.0,1000.0
2014-08-13,111.0,111.0,111.0,111.0,1.0,10000.0
2014-08-14,110.2,110.2,111.0,111.0,2.0,8579.0
2014-08-15,111.8,110.2,111.0,111.0,2.0,1397.0
2014-08-18,111.0,111.0,111.0,111.0,0.0,0.0
2014-08-19,112.0,110.25,111.0,111.0,6.0,60155.0
2014-08-20,111.9,111.0,111.5,111.0,7.0,301056.0
2014-08-21,112.95,111.2,112.5,111.5,4.0,16337.0
2014-08-22,114.0,112.5,112.5,112.5,3.0,210000.0
2014-08-25,112.5,112.5,112.5,112.5,0.0,0.0
2014-08-26,116.975,112.5,115.5,112.5,6.0,7749.0
2014-08-27,115.5,115.5,115.5,115.5,0.0,0.0
2014-08-28,115.5,115.5,115.5,115.5,0.0,0.0
2014-08-29,117.0,117.0,115.5,115.5,1.0,24.0
2014-09-01,118.0,116.0,117.0,115.5,7.0,160298.0
2014-09-02,117.0,117.0,117.0,117.0,0.0,0.0
2014-09-03,118.18,117.0,118.0,117.0,4.0,32446.0
2014-09-04,119.6735,119.0,118.0,118.0,3.0,15753.0
2014-09-05,118.69,117.4587,118.0,118.0,2.0,11000.0
2014-09-08,120.0,117.5,118.0,118.0,5.0,16025.0
2014-09-09,125.0,118.0,120.0,124.5,15.0,42869.0
2014-09-10,121.0,118.0,120.5,120.5,7.0,20990.0
2014-09-11,120.5,118.0,118.0,120.5,3.0,4937.0
2014-09-12,119.7,116.8,118.0,118.0,6.0,22430.0
2014-09-15,117.0,117.0,118.0,118.0,1.0,10255.0
2014-09-16,120.0,116.82,118.0,118.0,7.0,27510.0
2014-09-17,117.22,117.22,118.0,118.0,2.0,3318.0
2014-09-18,118.0,118.0,118.0,118.0,0.0,0.0
2014-09-19,123.0,119.8,120.0,118.0,3.0,6364.0
2014-09-22,123.0,120.0,121.5,120.0,3.0,3250.0
2014-09-23,123.0,121.5,121.5,121.5,2.0,1101.0
2014-09-24,121.5,121.5,121.5,121.5,0.0,0.0
2014-09-25,121.5,121.5,121.5,121.5,1.0,560.0
2014-09-26,123.0,123.0,122.5,121.5,2.0,19065.0
2014-09-29,125.0,121.5,122.5,122.5,5.0,2980.0
2014-09-30,122.5,122.5,122.5,122.5,0.0,0.0
2014-10-01,127.0,124.0,124.5,122.5,4.0,2824.0
2014-10-02,132.0,127.0,130.5,124.5,11.0,38972.0
2014-10-03,128.2,124.0,125.5,130.5,8.0,12660.0
2014-10-06,128.0,123.275,125.5,125.5,3.0,1881.0
2014-10-07,125.0,122.0,124.5,125.5,7.0,16514.0
2014-10-08,122.5,118.0,121.0,124.5,3.0,7529.0
2014-10-09,120.0,117.0,118.5,121.0,2.0,6000.0
2014-10-10,115.0,108.0,108.5,118.5,6.0,30415.0
2014-10-13,110.0,108.4,110.0,108.0,5.0,40480.0
2014-10-14,111.0,108.4,110.0,110.0,3.0,10538.0
2014-10-15,108.6,108.0,109.0,110.0,2.0,5521.0
2014-10-16,111.0,108.3,110.0,109.0,7.0,18811.0
2014-10-17,111.5,100.0,110.0,110.0,4.0,151431.0
2014-10-20,112.0,111.6,110.0,110.0,5.0,5258.0
2014-10-21,122.0,117.0,121.0,116.0,9.0,8842.0
2014-10-22,119.0,117.0,116.5,118.5,4.0,14000.0
2014-10-23,117.4,115.0,116.0,116.5,5.0,14810.0
2014-10-24,116.5,116.5,116.5,116.5,0.0,1.0
2014-10-27,118.0,115.8,116.5,116.5,3.0,22000.0
2014-10-28,120.0,115.5,118.0,116.5,9.0,98000.0
2014-10-29,120.0,117.0,120.0,118.0,5.0,26474.0
2014-10-30,120.0,120.0,120.0,120.0,1.0,5000.0
2014-10-31,120.4,118.0,120.0,120.0,6.0,20164.0
2014-11-03,120.0,118.0,120.0,120.0,4.0,3359.0
2014-11-04,118.0,118.0,119.5,120.0,1.0,5200.0
2014-11-05,116.0,112.5,116.0,119.5,5.0,14144.0
2014-11-06,116.0,112.4218,116.0,116.0,5.0,21487.0
2014-11-07,116.0,114.0,116.0,116.0,2.0,21111.0
2014-11-10,114.25,112.5,114.5,116.0,4.0,14233.0
2014-11-11,114.2,113.0,114.5,114.5,5.0,42641.0
2014-11-12,112.0,108.0,110.0,114.5,4.0,9864.0
2014-11-13,113.0,107.0,110.5,109.5,6.0,34296.0
2014-11-14,110.0,110.0,111.5,111.5,3.0,18928.0
2014-11-17,115.0,110.0,112.5,111.5,3.0,13599.0
2014-11-18,110.0,110.0,112.5,112.5,1.0,5000.0
2014-11-19,110.0,108.0,111.5,112.5,2.0,16000.0
2014-11-20,110.0,108.0,111.5,111.5,2.0,3110.0
2014-11-21,110.0,110.0,111.5,111.5,1.0,100.0
2014-11-24,113.0,108.0,111.5,111.5,5.0,5419.0
2014-11-25,113.0,110.0,111.5,111.5,4.0,11500.0
2014-11-26,110.0,110.0,111.5,111.5,3.0,5045.0
2014-11-27,110.0,110.0,111.5,111.5,2.0,2126.0
2014-11-28,110.0,110.0,111.5,111.5,2.0,990.0
2014-12-01,112.0,112.0,111.5,111.5,1.0,1260.0
2014-12-02,110.6,110.0,111.5,111.5,2.0,7226.0
2014-12-03,110.0,110.0,111.5,111.5,1.0,1800.0
2014-12-04,110.0,100.0,111.5,111.5,3.0,202500.0
2014-12-05,111.2,110.0,111.5,111.5,3.0,10314.0
2014-12-08,110.0,100.0,111.5,111.5,4.0,100705.0
2014-12-09,110.0,101.0,106.5,111.5,5.0,32500.0
2014-12-10,104.0,101.0,105.5,106.5,4.0,7185.0
2014-12-11,104.0,102.0,105.5,105.5,2.0,20000.0
2014-12-12,104.0,104.0,105.5,105.5,1.0,1664.0
2014-12-15,103.0,103.0,105.0,105.5,1.0,2500.0
2014-12-16,105.0,105.0,105.0,105.0,0.0,0.0
2014-12-17,103.5,103.5,103.5,103.5,0.0,1.0
2014-12-18,100.0,98.0,99.5,103.5,10.0,34151.0
2014-12-19,98.0,98.0,100.0,100.0,1.0,7500.0
2014-12-22,100.8,98.0,100.0,100.0,3.0,10500.0
2014-12-23,99.0,94.2,98.5,97.5,11.0,20487.0
2014-12-24,100.4,99.0,100.5,98.5,4.0,16192.0
2014-12-29,104.0,99.0,103.0,101.0,14.0,46121.0
2014-12-30,105.0,103.0,104.0,103.0,10.0,24363.0
2014-12-31,105.0,105.0,105.5,104.0,2.0,491.0
2015-01-02,105.5,105.5,105.5,105.5,2.0,3065.0
2015-01-05,103.2,96.5,98.5,105.5,18.0,86525.0
2015-01-06,98.5,95.0,96.5,98.5,9.0,35106.0
2015-01-07,100.0,95.6771,98.0,96.5,6.0,33032.0
2015-01-08,104.0,101.0,101.5,101.0,9.0,18918.0
2015-01-09,101.5,98.0,99.0,101.5,4.0,11000.0
2015-01-12,101.0,99.0,100.0,99.0,4.0,10480.0
2015-01-13,101.0,98.0,100.0,100.0,5.0,22077.0
2015-01-14,100.0,98.0,100.0,100.0,3.0,7785.0
2015-01-15,100.0,100.0,100.0,100.0,0.0,0.0
2015-01-16,100.0,100.0,100.0,100.0,0.0,0.0
2015-01-19,99.9,97.0,99.5,100.0,5.0,18251.0
2015-01-20,97.0,97.0,98.5,99.5,3.0,2394.0
2015-01-21,98.5,98.5,98.5,98.5,0.0,0.0
2015-01-22,97.0,92.0,94.5,98.5,7.0,25872.0
2015-01-23,93.0,87.1,90.0,94.5,20.0,41866.0
2015-01-26,90.4,87.0,90.0,90.0,5.0,57682.0
2015-01-27,90.0,88.0,90.0,90.0,2.0,4000.0
2015-01-28,89.25,86.0,88.5,90.0,12.0,54285.0
2015-01-29,92.75,89.05,92.0,88.5,12.0,75142.0
2015-01-30,93.0,88.0,90.5,92.0,16.0,79013.0
2015-02-02,88.65,85.5,87.0,90.5,11.0,38991.0
2015-02-03,89.5,87.0,89.0,87.0,4.0,12919.0
2015-02-04,88.6,85.5,88.0,89.0,2.0,6507.0
2015-02-05,87.0,83.0,83.0,88.0,13.0,64920.0
2015-02-06,82.0,82.0,83.0,83.0,2.0,26200.0
2015-02-09,85.0,83.5,83.0,83.0,4.0,53710.0
2015-02-10,83.0,83.0,83.0,83.0,0.0,0.0
2015-02-11,83.0,83.0,83.0,83.0,0.0,0.0
2015-02-12,81.0,81.0,83.0,83.0,1.0,420.0
2015-02-13,82.8,80.0,82.5,83.0,6.0,12954.0
2015-02-16,83.5,82.0,83.0,82.5,5.0,67077.0
2015-02-17,84.58,84.58,83.5,83.0,1.0,1000.0
2015-02-18,83.5,83.5,83.5,83.5,0.0,0.0
2015-02-19,85.0,84.7,84.0,83.5,3.0,150982.0
2015-02-20,83.0,78.0,81.0,84.0,16.0,41732.0
2015-02-23,82.0,78.0,80.5,81.0,6.0,23292.0
2015-02-24,80.95,78.5,80.5,80.5,2.0,7800.0
2015-02-25,81.0,78.5,80.5,80.5,4.0,10729.0
2015-02-26,84.0,80.0,81.5,80.5,10.0,77481.0
2015-02-27,85.0,82.0,84.0,81.5,8.0,17500.0
2015-03-02,88.0,83.0,86.5,84.0,8.0,37846.0
2015-03-03,92.0,87.0,89.5,86.5,18.0,86454.0
2015-03-04,90.25,85.5,86.5,89.5,9.0,26371.0
2015-03-05,90.0,87.5,87.5,86.5,4.0,13000.0
2015-03-06,90.0,86.5,87.5,87.5,3.0,2153.0
2015-03-09,97.5,88.25,92.0,87.5,17.0,65364.0
2015-03-10,102.0,90.0,92.5,101.5,50.0,206823.0
2015-03-11,95.0,92.15,94.0,92.5,11.0,23822.0
2015-03-12,94.6,93.0,94.0,94.0,7.0,38363.0
2015-03-13,95.75,93.4,94.0,94.0,9.0,29868.0
2015-03-16,95.0,93.4,94.5,94.0,6.0,13242.0
2015-03-17,95.0,91.0,94.5,94.5,16.0,4477493.0
2015-03-18,94.7,89.0,91.5,94.5,22.0,106462.0
2015-03-19,92.9,89.1,91.5,91.5,6.0,12238.0
2015-03-20,92.5,89.15,91.5,91.5,3.0,30292.0
2015-03-23,94.0,89.0,91.5,91.5,5.0,48021.0
2015-03-24,89.2,89.2,91.5,91.5,1.0,4000.0
2015-03-25,94.0,89.2,92.5,91.5,5.0,13200.0
2015-03-26,93.0,90.0,92.5,92.5,6.0,49861.0
2015-03-27,95.0475,94.0,92.5,92.5,3.0,8766.0
2015-03-30,94.9249,92.0,93.5,92.5,9.0,97067.0
2015-03-31,95.0,92.0,94.0,93.5,9.0,72345.0
2015-04-01,97.95,95.5599,96.0,94.0,9.0,13043.0
2015-04-02,101.1094,97.9999,100.0,96.0,7.0,24612.0
2015-04-06,100.0,100.0,100.0,100.0,0.0,0.0
2015-04-07,105.0,99.0,102.5,100.0,21.0,88089.0
2015-04-08,107.0,103.0,104.5,102.5,17.0,44711.0
2015-04-09,105.5,102.0,104.5,104.5,4.0,38500.0
2015-04-10,104.0,102.0,103.0,104.5,5.0,5715.0
2015-04-13,103.9,100.0,102.5,103.0,7.0,11953.0
2015-04-14,102.0,100.0,100.5,102.5,8.0,34447.0
2015-04-15,101.0,98.0,100.0,100.5,10.0,8811.0
2015-04-16,98.04,96.0,97.5,98.5,3.0,13000.0
2015-04-17,97.53,97.53,97.5,97.5,1.0,205.0
2015-04-20,98.0,96.25,98.0,97.5,4.0,19300.0
2015-04-21,101.75,99.25,100.0,98.0,8.0,30071.0
2015-04-22,100.9999,98.25,100.0,100.0,4.0,38500.0
2015-04-23,98.77931,98.3,100.0,100.0,2.0,22626.0
2015-04-24,100.0,100.0,100.0,100.0,0.0,0.0
2015-04-27,100.0,100.0,100.0,100.0,0.0,0.0
2015-04-28,100.0,98.0,100.0,100.0,4.0,15951.0
2015-04-29,99.8,96.0,98.5,100.0,6.0,12567.0
2015-04-30,95.0,92.5,93.5,98.5,10.0,27743.0
2015-05-01,94.75,92.65,93.5,93.5,3.0,19313.0
2015-05-04,93.5,93.5,93.5,93.5,0.0,0.0
2015-05-05,97.2499,94.4,96.0,93.5,6.0,18378.0
2015-05-06,95.0001,93.0,95.0,96.0,4.0,30333.0
2015-05-07,93.0,91.0,93.0,95.0,3.0,10213.0
2015-05-08,94.0,91.0,93.5,93.0,3.0,1854.0
2015-05-11,94.0,90.0,92.5,93.5,10.0,680269.0
2015-05-12,91.0,88.25,90.5,92.5,9.0,14619.0
2015-05-13,90.5,90.0,91.5,90.5,3.0,6793.0
2015-05-14,91.0,91.0,91.5,91.5,1.0,2100.0
2015-05-15,93.0,89.0,91.0,91.5,11.0,35415.0
2015-05-18,91.04,89.0201,90.0,91.0,6.0,8348.0
2015-05-19,91.0,88.25,90.0,90.0,8.0,30908.0
2015-05-20,90.0,88.0,88.5,90.0,5.0,300260.0
2015-05-21,87.75,87.0,88.0,88.5,5.0,15500.0
2015-05-22,88.0,87.2401,88.0,88.0,7.0,11003.0
2015-05-25,88.0,88.0,88.0,88.0,0.0,0.0
2015-05-26,88.0,88.0,88.0,88.0,2.0,3022.0
2015-05-27,88.0,87.3501,88.0,88.0,3.0,13206.0
2015-05-28,88.0,87.35,88.0,88.0,3.0,34000.0
2015-05-29,88.75,87.2601,88.0,88.0,5.0,38840.0
2015-06-01,89.0,87.3501,88.0,88.0,5.0,20932.0
2015-06-02,90.0,88.9,88.5,88.0,4.0,22854.0
2015-06-03,91.0,89.0,91.5,88.5,4.0,3467.0
2015-06-04,94.0,94.0,92.0,91.5,1.0,866.0
2015-06-05,92.0,92.0,92.0,92.0,0.0,0.0
2015-06-08,91.3501,91.3501,92.0,92.0,3.0,6205.0
2015-06-09,92.0,92.0,92.0,92.0,0.0,0.0
2015-06-10,93.0,93.0,92.0,92.0,1.0,10600.0
2015-06-11,98.0,98.0,93.5,92.0,1.0,18600.0
2015-06-12,96.0499,94.0,94.5,93.5,7.0,47809.0
2015-06-15,100.0,96.5251,98.5,95.0,15.0,28367.0
2015-06-16,98.9999,96.0,97.0,98.5,7.0,12552.0
2015-06-17,101.0,96.0001,99.5,98.0,7.0,20382.0
2015-06-18,101.0,97.5,98.0,99.5,4.0,33038.0
2015-06-19,96.0,94.8685,96.0,98.0,5.0,11958.0
2015-06-22,96.1899,93.1,95.0,96.0,4.0,3828.0
2015-06-23,95.8,95.8,95.5,95.0,2.0,1861.0
2015-06-24,94.25,94.25,95.0,95.5,2.0,2957.0
2015-06-25,94.0,92.25,93.5,95.0,2.0,8500.0
2015-06-26,93.75,92.0,93.5,93.5,2.0,2342.0
2015-06-29,93.75,90.0,92.0,93.5,11.0,65102.0
2015-06-30,92.0,92.0,92.0,92.0,0.0,0.0
2015-07-01,92.2,90.0,92.0,92.0,7.0,15222.0
2015-07-02,93.0,90.0,92.0,92.0,2.0,13000.0
2015-07-03,90.3801,90.0,91.0,92.0,2.0,4480.0
2015-07-06,87.445,84.6,86.5,90.0,5.0,20871.0
2015-07-07,86.195,85.0,86.5,86.5,3.0,5300.0
2015-07-08,85.0,82.0,85.0,86.5,3.0,16997.0
2015-07-09,84.5,81.0,84.5,85.0,5.0,40288.0
2015-07-10,84.0,82.001,84.0,84.5,3.0,6826.0
2015-07-13,84.0,84.0,84.0,84.0,0.0,0.0
2015-07-14,85.4,81.5,83.5,85.0,11.0,40699.0
2015-07-15,84.2931,82.0,83.5,83.5,10.0,60547.0
2015-07-16,82.4,82.0,83.5,83.5,3.0,19696.0
2015-07-17,83.3499,81.0,82.0,83.5,7.0,35336.0
2015-07-20,82.4,80.0,82.0,82.0,4.0,5905.0
2015-07-21,83.9,80.0001,82.0,82.0,5.0,16797.0
2015-07-22,82.4,82.39,82.0,82.0,2.0,11500.0
2015-07-23,85.0,82.5,84.0,82.5,16.0,73120.0
2015-07-24,86.9999,84.0,85.5,84.0,13.0,84989.0
2015-07-27,85.9,84.6,85.5,85.5,4.0,14047.0
2015-07-28,85.5,85.5,85.5,85.5,0.0,0.0
2015-07-29,85.9,84.6,86.0,85.5,4.0,22000.0
2015-07-30,86.4,86.4,86.0,86.0,1.0,5772.0
2015-07-31,86.6999,85.001,86.5,86.0,4.0,14107.0
2015-08-03,88.8,86.0,87.5,87.5,4.0,9725.0
2015-08-04,88.7,84.0,86.5,87.5,5.0,30724.0
2015-08-05,86.35,86.35,86.5,86.5,1.0,600.0
2015-08-06,86.5,86.5,86.5,86.5,0.0,0.0
2015-08-07,86.5,85.0,86.5,86.5,4.0,98080.0
2015-08-10,86.35,85.001,86.5,86.5,5.0,32160.0
2015-08-11,86.28,86.28,86.5,86.5,1.0,3558.0
2015-08-12,85.0445,85.001,86.5,86.5,2.0,1989.0
2015-08-13,86.28,86.28,86.5,86.5,1.0,2550.0
2015-08-14,86.5,86.5,86.5,86.5,0.0,0.0
2015-08-17,85.001,84.6202,86.5,86.5,2.0,4586.0
2015-08-18,86.5,86.5,86.5,86.5,0.0,0.0
2015-08-19,86.195,85.0,85.5,86.5,3.0,17100.0
2015-08-20,86.0,85.445,85.5,85.5,3.0,15100.0
2015-08-21,84.9999,82.0,83.0,85.5,3.0,9898.0
2015-08-24,80.375,78.0001,79.5,83.0,10.0,50459.0
2015-08-25,82.39999,78.0,81.0,79.5,8.0,46567.0
2015-08-26,81.0,81.0,81.0,81.0,0.0,0.0
2015-08-27,82.5,79.2001,81.5,81.0,6.0,91587.0
2015-08-28,83.9999,82.9499,83.0,81.5,17.0,121776.0
2015-08-31,83.0,83.0,83.0,83.0,0.0,0.0
2015-09-01,84.0,82.001,83.0,83.0,7.0,34074.0
2015-09-02,84.0,84.0,83.0,83.0,2.0,1702.0
2015-09-03,84.0,83.5,83.0,83.0,9.0,76791.0
2015-09-04,86.75,82.001,86.5,83.0,40.0,191980.0
2015-09-07,87.695,86.2501,87.0,86.5,36.0,199507.0
2015-09-08,92.5,85.0,90.5,92.5,53.0,344707.0
2015-09-09,91.945,90.4835,91.5,90.5,22.0,86074.0
2015-09-10,91.9,91.75,91.5,91.5,5.0,7706.0
2015-09-11,91.375,90.0,91.5,91.5,9.0,52969.0
2015-09-14,97.75,92.0,93.5,93.5,90.0,475150.0
2015-09-15,93.0499,90.0,91.5,93.5,25.0,71078.0
2015-09-16,91.33,88.001,90.5,91.5,27.0,47329.0
2015-09-17,90.0,88.001,90.5,90.5,12.0,49876.0
2015-09-18,90.0,90.0,90.5,90.5,7.0,12055.0
2015-09-21,90.0,87.4054,90.0,90.5,10.0,16188.0
2015-09-22,89.79,87.1,89.5,90.0,12.0,35038.0
2015-09-23,89.65,87.1,89.5,89.5,7.0,17431.0
2015-09-24,90.4499,87.365,89.0,89.5,9.0,29199.0
2015-09-25,90.129,88.2,89.5,89.0,3.0,7978.0
2015-09-28,89.7,87.0,89.5,89.5,10.0,53451.0
2015-09-29,88.7,85.5101,87.0,89.5,9.0,23105.0
2015-09-30,85.7499,82.002,84.0,87.0,11.0,42610.0
2015-10-01,83.001,80.001,82.5,84.0,17.0,35638.0
2015-10-02,84.9321,80.2501,83.5,82.5,13.0,22112.0
2015-10-05,88.5,84.0,87.5,83.5,19.0,1639558.0
2015-10-06,88.999,84.9814,86.5,87.5,8.0,32093.0
2015-10-07,85.4999,84.0,85.0,86.5,9.0,28264.0
2015-10-08,88.0,84.0,87.5,85.0,10.0,35333.0
2015-10-09,89.9999,87.22,88.5,87.5,6.0,19530.0
2015-10-12,90.3199,86.0,88.5,88.5,7.0,52086.0
2015-10-13,90.0,87.6001,88.5,88.5,5.0,24600.0
2015-10-14,89.999,88.5401,89.0,88.5,3.0,10730.0
2015-10-15,90.0,88.6001,89.5,89.0,3.0,8398.0
2015-10-16,88.1,88.1,89.5,89.5,1.0,1713.0
2015-10-19,88.1,88.1,89.5,89.5,1.0,1934.0
2015-10-20,91.0,88.0001,89.5,89.5,5.0,15572.0
2015-10-21,90.0,88.0,90.0,89.5,4.0,9339.0
2015-10-22,88.999,86.3215,88.0,90.0,5.0,23210.0
2015-10-23,89.0,88.5,88.0,88.0,3.0,31122.0
2015-10-26,88.5799,87.1917,88.5,88.0,2.0,5570.0
2015-10-27,87.001,85.22,87.5,88.5,2.0,6931.0
2015-10-28,87.4,84.0,86.0,87.5,8.0,31778.0
2015-10-29,87.5,85.0,86.5,86.0,7.0,13066.0
2015-10-30,86.9999,85.6301,86.5,86.5,2.0,4500.0
2015-11-02,87.357,85.001,86.5,86.5,6.0,22129.0
2015-11-03,87.5,85.001,86.5,86.5,4.0,2720.0
2015-11-04,85.7599,83.0,85.0,86.5,11.0,61023.0
2015-11-05,86.0,85.0,86.0,86.0,16.0,64549.0
2015-11-06,87.0,84.00001,86.0,86.0,10.0,37958.0
2015-11-09,86.5866,84.00001,86.0,86.0,16.0,62525.0
2015-11-10,85.3,84.2081,85.0,86.0,9.0,41576.0
2015-11-11,85.3,84.999,84.5,85.0,9.0,30360.0
2015-11-12,86.0,84.5,84.5,84.5,10.0,45956.0
2015-11-13,85.3,84.5,84.5,84.5,5.0,20914.0
2015-11-16,85.9,84.5,85.0,84.5,12.0,52656.0
2015-11-17,85.75,84.5,85.0,85.0,7.0,23700.0
2015-11-18,86.75,83.15001,85.0,85.0,13.0,61850.0
2015-11-19,86.5,85.572,85.0,85.0,5.0,42851.0
2015-11-20,85.5992,85.5992,85.0,85.0,1.0,1000.0
2015-11-23,86.5,83.0,85.0,85.0,7.0,16486.0
2015-11-24,85.0,85.0,85.0,85.0,0.0,0.0
2015-11-25,85.15,83.0,85.0,85.0,5.0,36900.0
2015-11-26,86.4,83.5,85.0,85.0,14.0,159894.0
2015-11-27,84.5,84.0,83.5,85.0,2.0,4559.0
2015-11-30,84.5,82.0,83.5,83.5,3.0,5326.0
2015-12-01,83.4,83.4,83.5,83.5,1.0,1369.0
2015-12-02,83.4,80.5,82.5,83.5,3.0,13359.0
2015-12-03,83.4,76.5,80.0,82.5,27.0,148291.0
2015-12-04,83.6,78.0,81.5,80.0,43.0,210408.0
2015-12-07,84.6,81.0,81.0,81.5,7.0,25725.0
2015-12-08,83.4,81.0,83.0,82.5,11.0,41154.0
2015-12-09,83.0,80.5001,83.0,83.0,13.0,50537.0
2015-12-10,83.0,81.65,81.5,81.5,4.0,22912.0
2015-12-11,82.15,79.8005,80.5,81.5,16.0,60488.0
2015-12-14,81.0,77.001,79.5,80.5,24.0,135174.0
2015-12-15,80.4,78.15,79.5,79.5,8.0,85702.0
2015-12-16,80.1,78.25,79.5,79.5,5.0,17276.0
2015-12-17,80.1,77.6384,79.5,79.5,14.0,98547.0
2015-12-18,81.2214,78.2,80.0,79.5,7.0,44124.0
2015-12-21,81.0,78.25,80.0,80.0,2.0,4481.0
2015-12-22,81.1599,78.35,80.0,80.0,13.0,44030.0
2015-12-23,80.97,80.0,80.0,80.0,2.0,18000.0
2015-12-24,81.0,78.6401,80.0,80.0,3.0,3748.0
2015-12-28,80.0,80.0,80.0,80.0,0.0,0.0
2015-12-29,89.0,81.2125,86.5,80.5,18.0,57094.0
2015-12-30,87.0,84.295,85.5,86.0,13.0,55032.0
2015-12-31,86.0,86.0,85.5,85.5,2.0,7127.0
2016-01-04,86.0,83.0,85.0,85.5,12.0,50919.0
2016-01-05,86.0,85.0,85.5,85.5,5.0,30680.0
2016-01-06,85.9,84.5001,85.0,85.5,4.0,9510.0
2016-01-07,84.7,82.2,83.5,85.0,8.0,33317.0
2016-01-08,83.5,82.4801,83.5,83.5,6.0,37782.0
2016-01-11,84.7,82.2,82.5,83.5,6.0,33394.0
2016-01-12,82.0,80.0,82.0,82.5,14.0,136114.0
2016-01-13,80.02,80.02,82.0,82.0,1.0,12727.0
2016-01-14,82.784,79.3579,82.0,82.0,12.0,42912.0
2016-01-15,83.0964,80.5001,82.0,82.0,2.0,4178.0
2016-01-18,81.4,80.25,81.0,82.0,10.0,62594.0
2016-01-19,81.98,80.25,81.5,81.0,3.0,8624.0
2016-01-20,80.55,80.55,81.5,81.5,5.0,30882.0
2016-01-21,82.98,82.98,81.5,81.5,2.0,3188.0
2016-01-22,82.98,80.3301,81.5,81.5,2.0,7725.0
2016-01-25,87.306,81.0,82.5,83.0,31.0,106783.0
2016-01-26,82.4999,79.1,81.0,82.5,13.0,58300.0
2016-01-27,82.4999,79.1,81.0,81.0,3.0,22043.0
2016-01-28,81.0,79.0,81.0,81.0,7.0,37360.0
2016-01-29,81.0,79.02,80.5,81.0,10.0,22540.0
2016-02-01,81.49,78.625,80.5,80.5,12.0,145229.0
2016-02-02,80.5,80.3499,80.5,80.5,2.0,5990.0
2016-02-03,79.0,79.0,80.5,80.5,1.0,770.0
2016-02-04,80.3499,78.0001,80.0,80.5,6.0,22566.0
2016-02-05,82.0,78.6,80.0,80.0,4.0,55043.0
2016-02-08,82.0,79.5,80.0,80.0,9.0,73008.0
2016-02-09,80.7,78.55,80.0,80.0,4.0,18489.0
2016-02-10,80.5999,78.55,79.5,80.0,4.0,13480.0
2016-02-11,79.7,79.5,79.5,79.5,6.0,86378.0
2016-02-12,78.78,73.02,77.0,79.5,36.0,111706.0
2016-02-15,78.0,76.2501,78.0,77.0,5.0,19280.0
2016-02-16,79.7,76.02,78.0,78.0,4.0,28689.0
2016-02-17,79.7,78.0,78.0,78.0,3.0,9247.0
2016-02-18,78.5,76.2,77.5,78.0,5.0,26891.0
2016-02-19,80.0,78.5,78.5,77.5,8.0,26919.0
2016-02-22,79.7,76.02,78.0,78.5,4.0,6743.0
2016-02-23,79.7,79.7,78.0,78.0,3.0,9600.0
2016-02-24,80.0,79.6799,78.5,78.0,3.0,46343.0
2016-02-25,80.0,76.02,78.0,78.5,8.0,24276.0
2016-02-26,78.5,76.02,78.0,78.0,3.0,15864.0
2016-02-29,77.5,75.6174,76.0,78.0,5.0,41458.0
2016-03-01,80.0,75.32,78.5,76.0,25.0,157150.0
2016-03-02,80.0,77.0,78.5,78.5,9.0,73193.0
2016-03-03,79.3599,77.0,78.5,78.5,5.0,45000.0
2016-03-04,77.55,77.4801,78.5,78.5,2.0,12500.0
2016-03-07,82.255,77.9601,81.5,78.5,17.0,56902.0
2016-03-08,83.0,80.9601,82.0,81.5,13.0,40426.0
2016-03-09,84.98,77.7083,80.0,84.5,44.0,289837.0
2016-03-10,83.0,79.0,82.5,80.0,27.0,440613.0
2016-03-11,86.1,81.5,85.5,82.5,63.0,279727.0
2016-03-14,86.8,81.0001,84.5,85.5,32.0,124035.0
2016-03-15,86.0,83.1501,85.0,84.5,13.0,57341.0
2016-03-16,89.3,84.0,87.5,85.0,26.0,173885.0
2016-03-17,91.8,87.0,89.5,87.5,34.0,210328.0
2016-03-18,90.0,86.0,87.0,89.5,22.0,104016.0
2016-03-21,88.4,86.0001,87.5,87.0,15.0,42171.0
2016-03-22,90.0,86.5001,88.0,87.5,11.0,69317.0
2016-03-23,93.3506,89.9999,90.0,88.0,25.0,96717.0
2016-03-24,91.8,88.2,90.5,90.0,13.0,57400.0
2016-03-28,90.5,90.5,90.5,90.5,0.0,0.0
2016-03-29,91.0,88.0,90.0,90.5,10.0,29103.0
2016-03-30,91.80843,87.0,89.5,90.0,9.0,41324.0
2016-03-31,92.0,88.0001,89.5,89.5,26.0,91417.0
2016-04-01,91.8,87.0,89.0,89.5,10.0,22450.0
2016-04-04,90.0,87.0,89.0,89.0,14.0,51058.0
2016-04-05,91.3,89.0,90.0,89.0,7.0,24870.0
2016-04-06,91.2799,88.0,90.0,90.0,7.0,23189.0
2016-04-07,90.8,88.11,89.0,90.0,14.0,96188.0
2016-04-08,90.8572,89.0,89.5,89.0,18.0,112451.0
2016-04-11,90.8,88.1,89.5,89.5,13.0,235912.0
2016-04-12,90.8,88.0,89.5,89.5,13.0,81279.0
2016-04-13,91.0,90.0,90.0,89.5,7.0,58093.0
2016-04-14,90.0,87.0,89.0,89.0,11.0,36857.0
2016-04-15,89.0,87.0,89.0,89.0,2.0,15868.0
2016-04-18,88.9,82.0,85.5,89.0,20.0,86791.0
2016-04-19,88.0,84.5,85.0,85.5,8.0,38877.0
2016-04-20,87.0,85.0001,85.0,85.0,3.0,21149.0
2016-04-21,85.2001,84.65,85.0,85.0,3.0,11980.0
2016-04-22,86.9999,84.65,85.0,85.0,5.0,25783.0
2016-04-25,88.0,83.8401,86.0,85.0,9.0,82148.0
2016-04-26,87.9999,86.75,86.0,86.0,2.0,5523.0
2016-04-27,87.85,86.75,86.0,86.0,5.0,10184.0
2016-04-28,87.85,86.75,86.0,86.0,4.0,8951.0
2016-04-29,87.9999,85.2,86.5,86.0,7.0,41748.0
2016-05-02,86.5,86.5,86.5,86.5,0.0,0.0
2016-05-03,91.9999,85.2,90.0,86.5,24.0,113943.0
2016-05-04,90.9,88.0,89.5,90.0,12.0,58455.0
2016-05-05,89.56,86.0,88.0,89.5,12.0,37227.0
2016-05-06,90.0,86.6,88.0,88.0,5.0,12997.0
2016-05-09,92.0,88.0,90.5,88.0,13.0,75607.0
2016-05-10,92.0,90.0,90.5,90.5,8.0,93589.0
2016-05-11,91.25,89.02,90.5,90.5,3.0,286059.0
2016-05-12,91.25,89.02,90.5,90.5,4.0,12526.0
2016-05-13,92.0,89.63,90.5,90.5,12.0,92060.0
2016-05-16,92.56,89.75,91.5,90.5,11.0,266851.0
2016-05-17,95.0,92.0,94.0,91.5,31.0,112420.0
2016-05-18,95.8753,93.2,94.5,94.0,7.0,41153.0
2016-05-19,96.7,93.02,95.0,94.5,12.0,43623.0
2016-05-20,96.0,93.02,95.0,95.0,4.0,43151.0
2016-05-23,97.0,94.3,96.0,95.0,7.0,33335.0
2016-05-24,98.0,94.84,95.5,96.0,8.0,32148.0
2016-05-25,99.0,95.7,97.5,95.5,12.0,78725.0
2016-05-26,97.01,94.02,95.5,97.5,7.0,54996.0
2016-05-27,95.5,95.5,95.5,95.5,0.0,0.0
2016-05-30,95.5,95.5,95.5,95.5,0.0,0.0
2016-05-31,96.95,95.95,96.5,95.5,5.0,13558.0
2016-06-01,96.95,93.0,95.0,96.5,14.0,23230.0
2016-06-02,95.0,93.0,94.5,95.0,7.0,14252.0
2016-06-03,95.0,91.0,94.5,94.5,9.0,39458.0
2016-06-06,97.0,94.4,95.0,95.0,9.0,101737.0
2016-06-07,98.0,93.0,95.0,95.0,13.0,122054.0
2016-06-08,95.0,92.0,94.0,95.0,10.0,44158.0
2016-06-09,93.0,88.0,89.0,93.5,14.0,34348.0
2016-06-10,89.0,85.0,85.5,89.0,19.0,95792.0
2016-06-13,87.0,79.0,83.5,85.5,35.0,131793.0
2016-06-14,82.02,75.1,78.5,83.5,39.0,148408.0
2016-06-15,79.4,78.0,79.0,78.5,10.0,44459.0
2016-06-16,80.3,78.2,80.0,79.0,5.0,12988.0
2016-06-17,80.58,79.0,80.0,80.0,6.0,9044.0
2016-06-20,85.0,80.58,81.5,80.0,18.0,50395.0
2016-06-21,82.0,80.02,81.5,81.5,2.0,13500.0
2016-06-22,83.0,80.0,80.5,82.0,8.0,40133.0
2016-06-23,85.8,80.1,85.5,80.5,26.0,125280.0
2016-06-24,81.95,75.0005,81.5,78.0,12.0,26306.0
2016-06-27,78.0,44.11,44.75,80.0,122.0,418471.0
2016-06-28,53.0,45.1,51.5,46.5,52.0,185407.0
2016-06-29,51.9,50.0,51.5,51.5,24.0,157822.0
2016-06-30,51.74,51.0,51.5,51.5,12.0,127907.0
2016-07-01,51.6,47.0,47.5,51.5,23.0,93248.0
2016-07-04,49.3999,46.8429,49.0,47.5,12.0,70411.0
2016-07-05,49.3,47.0,47.0,49.0,13.0,69517.0
2016-07-06,46.0,35.5,40.75,47.0,34.0,100741.0
2016-07-07,40.5,38.0,40.0,40.75,15.0,106614.0
2016-07-08,39.7,38.0,39.0,40.0,17.0,148261.0
2016-07-11,42.1,39.39,42.0,39.0,13.0,66472.0
2016-07-12,47.6,42.02,45.5,42.0,23.0,117062.0
2016-07-13,46.95133,44.02,46.0,45.5,12.0,84873.0
2016-07-14,46.54,43.25,46.5,46.0,10.0,110167.0
2016-07-15,46.0,44.0,45.5,46.5,10.0,34047.0
2016-07-18,47.0,45.84,47.0,45.5,7.0,100000.0
2016-07-19,47.0,46.02,47.0,47.0,5.0,29407.0
2016-07-20,47.1,45.25,46.5,47.0,7.0,32835.0
2016-07-21,45.02,45.0,46.5,46.5,2.0,57500.0
2016-07-22,47.78,46.1,47.0,46.5,7.0,26674.0
2016-07-25,51.7,48.0,49.5,47.0,22.0,69785.0
2016-07-26,51.0,48.0,48.5,49.5,10.0,30904.0
2016-07-27,50.4,47.8,49.5,48.5,7.0,42289.0
2016-07-28,50.7,49.0,48.5,49.5,6.0,20742.0
2016-07-29,51.0,48.32,49.0,48.5,4.0,36769.0
2016-08-01,56.4,51.0,55.0,49.0,21.0,52663.0
2016-08-02,56.2,53.555,55.0,55.0,6.0,43834.0
2016-08-03,57.8,54.0,55.5,57.0,8.0,21726.0
2016-08-04,55.5,53.0,55.5,55.5,8.0,47808.0
2016-08-05,55.5,51.5,54.0,55.5,7.0,58968.0
2016-08-08,53.65,51.0,53.0,54.0,5.0,58552.0
2016-08-09,53.9,52.0,53.5,53.0,12.0,99882.0
2016-08-10,54.7,52.0,52.5,53.5,8.0,33508.0
2016-08-11,52.98,52.0,53.5,52.5,3.0,13838.0
2016-08-12,52.02,52.02,53.5,53.5,1.0,263.0
2016-08-15,53.7,51.02,52.5,53.5,12.0,22640.0
2016-08-16,51.0,51.0,52.5,52.5,2.0,3495.0
2016-08-17,54.0,51.6,52.5,52.5,10.0,28994.0
2016-08-18,54.55,52.22,53.5,52.5,5.0,17789.0
2016-08-19,56.7397,54.0,54.0,53.5,4.0,28091.0
2016-08-22,55.0,53.5,54.0,54.0,6.0,18000.0
2016-08-23,63.0,55.5,62.0,54.0,29.0,100705.0
2016-08-24,62.97,58.4,59.0,62.0,21.0,105265.0
2016-08-25,59.4,58.0,60.0,59.0,12.0,110133.0
2016-08-26,59.352,57.0001,57.5,60.0,14.0,43057.0
2016-08-29,57.5,57.5,57.5,57.5,0.0,0.0
2016-08-30,59.352,57.0,58.0,57.5,16.0,108999.0
2016-08-31,59.6,58.0,58.0,58.0,14.0,113856.0
2016-09-01,59.352,56.0,58.0,58.0,17.0,108938.0
2016-09-02,58.95,57.77,58.0,58.0,18.0,74284.0
2016-09-05,60.0,56.55,57.875,58.5,27.0,305643.0
2016-09-06,49.1045,40.0023,45.5,44.5,142.0,905662.0
2016-09-07,45.6,42.0,43.25,45.5,33.0,196300.0
2016-09-08,46.0,43.0,46.0,43.25,32.0,408290.0
2016-09-09,46.0,45.0,45.25,46.0,19.0,89309.0
2016-09-12,45.185,42.6,45.0,45.25,25.0,134517.0
2016-09-13,44.2,43.0,45.0,45.0,10.0,44452.0
2016-09-14,44.82,43.02,45.0,44.5,13.0,41502.0
2016-09-15,44.82,44.02,45.0,45.0,5.0,123273.0
2016-09-16,44.82,43.3,44.0,45.0,6.0,28439.0
2016-09-19,44.8,43.0,44.0,44.0,11.0,43692.0
2016-09-20,44.0058,42.02,42.75,44.0,14.0,200028.0
2016-09-21,43.5,42.525,42.5,42.75,11.0,61786.0
2016-09-22,42.9,40.0,41.0,42.5,8.0,56581.0
2016-09-23,41.4,39.5,41.0,41.0,14.0,75562.0
2016-09-26,41.5,39.0,40.75,41.0,9.0,64596.0
2016-09-27,41.5,40.4667,40.75,40.75,4.0,26532.0
2016-09-28,41.0,40.0,40.75,40.75,2.0,5352.0
2016-09-29,42.0,40.0,41.0,40.75,4.0,4870.0
2016-09-30,40.0,38.0,39.5,41.0,6.0,47500.0
2016-10-03,39.0397,34.0,36.5,39.5,26.0,169404.0
2016-10-04,36.0,32.0,34.0,36.5,33.0,254647.0
2016-10-05,35.6,33.2,35.0,34.0,17.0,208709.0
2016-10-06,35.4,34.5,35.25,35.0,14.0,72213.0
2016-10-07,35.0,30.5001,31.5,35.25,34.0,261123.0
2016-10-10,32.8,31.4,33.0,31.5,21.0,132065.0
2016-10-11,32.4,32.0,33.0,33.0,3.0,3217.0
2016-10-12,32.6,30.75,33.0,33.0,10.0,60483.0
2016-10-13,32.4,32.0,33.0,33.0,5.0,35782.0
2016-10-14,33.4,32.4,33.0,33.0,7.0,43195.0
2016-10-17,34.6,33.55,34.0,33.0,7.0,22188.0
2016-10-18,34.7862,34.6,34.0,34.0,3.0,20722.0
2016-10-19,38.0,33.6,37.25,34.0,18.0,76052.0
2016-10-20,37.8,35.25,36.0,37.25,9.0,22818.0
2016-10-21,36.0,35.0,36.25,36.0,9.0,99827.0
2016-10-24,37.92,35.845,37.0,36.25,7.0,29722.0
2016-10-25,37.98,37.98,37.0,37.0,1.0,500.0
2016-10-26,37.0,36.1,36.25,37.0,3.0,19015.0
2016-10-27,36.175,36.175,36.25,36.25,1.0,15914.0
2016-10-28,37.0,35.74,36.25,36.25,7.0,127442.0
2016-10-31,36.76,35.5,36.25,36.25,4.0,28370.0
2016-11-01,36.8978,35.32,35.75,36.0,7.0,55812.0
2016-11-02,35.6,35.45,35.75,35.75,3.0,5657.0
2016-11-03,35.225,35.225,35.75,35.75,1.0,3095.0
2016-11-04,35.55,34.02,35.0,35.75,4.0,48930.0
2016-11-07,35.48,35.4,35.0,35.0,2.0,24124.0
2016-11-08,36.1,34.0,36.0,35.0,4.0,61506.0
2016-11-09,34.98,33.02,34.0,34.5,6.0,35191.0
2016-11-10,36.25,33.25,34.5,34.0,8.0,49459.0
2016-11-11,34.75,34.6,34.5,34.5,3.0,3539.0
2016-11-14,34.75,34.6,34.0,34.5,2.0,14237.0
2016-11-15,35.0,35.0,34.0,34.0,1.0,2500.0
2016-11-16,38.0,34.35,36.5,34.0,15.0,95678.0
2016-11-17,37.7,35.6,36.5,36.5,14.0,49134.0
2016-11-18,37.98,37.0,37.0,36.5,6.0,63974.0
2016-11-21,36.66,35.33,36.5,37.0,6.0,37551.0
2016-11-22,37.5,34.35,34.5,36.5,4.0,38205.0
2016-11-23,35.4,35.3,34.5,34.5,3.0,16624.0
2016-11-24,33.9,33.9,34.5,34.5,1.0,10000.0
2016-11-25,36.0,34.0,34.5,34.5,6.0,95081.0
2016-11-28,34.65,34.65,34.25,34.5,1.0,7363.0
2016-11-29,35.4,33.55,34.25,34.25,2.0,11661.0
2016-11-30,34.25,34.125,34.25,34.25,2.0,7596.0
2016-12-01,31.98,26.5,31.0,26.5,124.0,5093711.0
2016-12-02,33.0,31.48,33.0,31.0,30.0,842722.0
2016-12-05,36.8556,34.0,35.75,33.0,20.0,123532.0
2016-12-06,40.75,35.975,37.0,35.75,40.0,276388.0
2016-12-07,38.4,36.66,38.0,37.0,9.0,30086.0
2016-12-08,40.0,37.4,38.5,38.0,7.0,105220.0
2016-12-09,39.5,38.0,38.5,38.5,9.0,105761.0
2016-12-12,38.4,38.0,38.5,38.5,7.0,49909.0
2016-12-13,38.4,36.5637,38.0,38.5,7.0,22373.0
2016-12-14,38.375,36.0,37.5,38.0,8.0,78098.0
2016-12-15,38.1,37.0,37.5,37.5,2.0,25000.0
2016-12-16,38.375,36.75,37.5,37.5,3.0,6351.0
2016-12-19,38.375,36.3,37.5,37.5,3.0,5203.0
2016-12-20,38.1,36.02,37.5,37.5,3.0,1700.0
2016-12-21,38.4,37.0,37.5,37.5,4.0,45655.0
2016-12-22,36.02,33.0,35.0,37.5,11.0,50833.0
2016-12-23,35.0,33.5,34.75,35.0,7.0,31185.0
2016-12-27,34.75,34.75,34.75,34.75,0.0,0.0
2016-12-28,38.0,35.98,37.5,34.75,10.0,53504.0
2016-12-29,38.2,37.0,38.5,37.5,6.0,38958.0
2016-12-30,39.99,38.0,39.0,38.5,8.0,53462.0
2017-01-02,39.0,39.0,39.0,39.0,0.0,0.0
2017-01-03,38.8,37.0,38.5,39.0,12.0,91051.0
2017-01-04,38.5,37.02,38.0,38.5,6.0,46257.0
2017-01-05,37.5,37.5,38.0,38.0,2.0,1562.0
2017-01-06,38.4,37.375,37.75,38.0,5.0,16771.0
2017-01-09,38.05,37.02,37.75,37.75,6.0,33314.0
2017-01-10,39.4,37.33,39.0,37.75,8.0,27751.0
2017-01-11,39.0,37.1826,39.0,39.0,3.0,17915.0
2017-01-12,38.0,38.0,39.0,39.0,1.0,3126.0
2017-01-13,39.75,38.02,39.0,39.0,6.0,72887.0
2017-01-16,38.4,37.0,39.0,39.0,6.0,44415.0
2017-01-17,38.2,38.02,39.0,39.0,5.0,30000.0
2017-01-18,38.1,36.0,39.0,39.0,3.0,28844.0
2017-01-19,38.0,38.0,38.5,39.0,6.0,7894.0
2017-01-20,38.5,38.5,38.5,38.5,0.0,0.0
2017-01-23,39.0,35.0033,37.75,38.5,6.0,17834.0
2017-01-24,37.0,34.5,37.75,37.75,6.0,36033.0
2017-01-25,37.0,37.0,37.75,37.75,7.0,57508.0
2017-01-26,37.8,36.5,38.0,37.75,3.0,10777.0
2017-01-27,37.5,36.6708,38.0,38.0,3.0,19410.0
2017-01-30,37.0,37.0,38.0,38.0,1.0,2220.0
2017-01-31,37.65,36.0,37.25,38.0,3.0,26484.0
2017-02-01,37.15,37.0,37.25,37.25,2.0,3466.0
2017-02-02,37.15,37.0,37.25,37.25,3.0,9872.0
2017-02-03,37.2,37.2,37.25,37.25,1.0,2000.0
2017-02-06,37.2,35.5,37.25,37.25,4.0,20800.0
2017-02-07,37.25,36.5,37.25,37.25,5.0,45427.0
2017-02-08,37.25,37.25,37.25,37.25,0.0,0.0
2017-02-09,35.5,35.5,37.25,37.25,1.0,15000.0
2017-02-10,37.05,37.0,37.25,37.25,3.0,15604.0
2017-02-13,37.0,35.25,35.875,37.25,13.0,56116.0
2017-02-14,39.0907,35.88,38.625,35.875,16.0,146611.0
2017-02-15,39.8,38.0,39.5,39.125,8.0,54959.0
2017-02-16,39.9768,39.15,39.5,39.5,5.0,32498.0
2017-02-17,39.98,38.0587,39.5,39.5,8.0,75541.0
2017-02-20,39.0,37.0,39.5,39.5,7.0,38180.0
2017-02-21,39.1,38.0,38.625,39.5,4.0,21970.0
2017-02-22,39.0,38.5,39.125,38.625,3.0,18788.0
2017-02-23,38.5,33.75,35.5,39.125,17.0,122616.0
2017-02-24,35.35,34.0,35.125,35.5,5.0,29179.0
2017-02-27,35.25,34.525,35.5,35.125,4.0,14907.0
2017-02-28,35.55,35.0,35.625,35.5,3.0,18978.0
2017-03-01,35.5,33.5,35.625,35.625,3.0,4175.0
2017-03-02,35.25,35.02,35.625,35.625,5.0,45599.0
2017-03-03,35.25,35.02,35.625,35.625,4.0,18000.0
2017-03-06,35.25,35.0,35.625,35.625,6.0,27473.0
2017-03-07,35.125,34.0,35.5,35.625,2.0,7000.0
2017-03-08,35.02,35.0,34.75,35.5,3.0,2720.0
2017-03-09,33.5,32.0,32.625,33.75,15.0,181809.0
2017-03-10,34.25,32.15,33.5,32.625,16.0,180294.0
2017-03-13,36.23,33.5,35.625,33.5,11.0,71716.0
2017-03-14,42.7,33.02,36.0,34.5,47.0,544078.0
2017-03-15,39.98,36.0,38.0,36.5,19.0,288862.0
2017-03-16,39.75,37.0,39.0,38.0,15.0,1081401.0
2017-03-17,39.0,39.0,39.0,39.0,0.0,0.0
2017-03-20,37.75,36.52,37.75,39.0,5.0,116395.0
2017-03-21,38.0,36.02,37.25,37.75,7.0,130900.0
2017-03-22,37.48,36.0,36.5,37.25,6.0,87554.0
2017-03-23,36.695,36.2,36.0,36.5,2.0,20000.0
2017-03-24,35.8,33.5,34.0,36.0,17.0,162816.0
2017-03-27,35.0,33.525,35.0,34.0,12.0,127362.0
2017-03-28,35.695,34.2,35.25,35.0,5.0,15835.0
2017-03-29,35.695,35.695,35.25,35.25,1.0,5603.0
2017-03-30,36.0,34.5,35.5,35.25,7.0,132098.0
2017-03-31,37.2858,35.5,36.0,35.5,5.0,107656.0
2017-04-03,37.0,35.02,35.5,36.0,16.0,309802.0
2017-04-04,36.0,35.1,35.5,35.5,8.0,76238.0
2017-04-05,35.75,35.0,35.5,35.5,6.0,165982.0
2017-04-06,35.7,35.275,35.0,35.5,4.0,23860.0
2017-04-07,35.4,35.22,35.0,35.0,2.0,4656.0
2017-04-10,35.0,35.0,35.0,35.0,0.0,0.0
2017-04-11,36.1,34.66,35.5,35.0,5.0,12378.0
2017-04-12,35.5,35.5,35.5,35.5,0.0,0.0
2017-04-13,35.1,35.1,35.5,35.5,1.0,1573.0
2017-04-17,35.5,35.5,35.5,35.5,0.0,0.0
2017-04-18,37.0,35.1,36.0,35.5,6.0,6349.0
2017-04-19,37.0,35.1,36.0,36.0,3.0,113481.0
2017-04-20,36.98,35.35,36.0,36.0,5.0,30786.0
2017-04-21,35.35,35.35,36.0,36.0,1.0,3994.0
2017-04-24,38.655143,35.5,38.0,36.0,10.0,46970.0
2017-04-25,38.0,36.52,37.75,38.0,6.0,59224.0
2017-04-26,38.3,37.1,38.0,38.0,5.0,47318.0
2017-04-27,38.5,37.02,38.0,38.0,4.0,57601.0
2017-04-28,38.7,38.4,38.0,38.0,2.0,6545.0
2017-05-01,38.0,38.0,38.0,38.0,0.0,0.0
2017-05-02,39.6,38.3278,39.25,38.0,8.0,46370.0
2017-05-03,40.0,37.0,38.0,39.25,8.0,84565.0
2017-05-04,38.0,36.5,37.5,38.0,4.0,25947.0
2017-05-05,37.8,37.0,37.5,37.5,4.0,90977.0
2017-05-08,37.7,37.7,37.5,37.5,2.0,3626.0
2017-05-09,37.7,37.3,38.0,37.5,3.0,21019.0
2017-05-10,38.5,37.375,37.25,38.0,4.0,61159.0
2017-05-11,38.5,38.0,37.25,37.25,4.0,38833.0
2017-05-12,38.6644,38.22,37.75,37.75,4.0,9073.0
2017-05-15,39.0,38.22,39.25,37.75,5.0,41272.0
2017-05-16,48.0,39.125,46.5,39.25,24.0,199989.0
2017-05-17,50.0,44.0,48.5,46.5,80.0,1016625.0
2017-05-18,47.88,46.25,47.0,47.25,57.0,1399593.0
2017-05-19,47.612,45.0,46.0,47.0,31.0,488301.0
2017-05-22,45.98,41.0,43.5,45.5,22.0,112793.0
2017-05-23,44.0,42.25,43.5,43.5,4.0,79510.0
2017-05-24,42.3,42.3,43.5,43.5,2.0,13831.0
2017-05-25,42.5,42.4,43.0,43.5,2.0,15519.0
2017-05-26,42.55,42.5,43.25,43.0,5.0,53667.0
2017-05-29,43.25,43.25,43.25,43.25,0.0,0.0
2017-05-30,43.7,41.5,44.0,43.25,12.0,109450.0
2017-05-31,43.9,42.3,44.75,44.0,7.0,87030.0
2017-06-01,44.25,43.52,45.0,44.75,5.0,19018.0
2017-06-02,44.8,41.75,44.75,45.0,5.0,71367.0
2017-06-05,43.65,42.5,43.5,44.75,6.0,24443.0
2017-06-06,43.3,41.8464,43.0,43.5,8.0,56960.0
2017-06-07,44.75,43.0,43.75,43.0,5.0,116390.0
2017-06-08,44.0,43.5,43.5,43.75,8.0,47578.0
2017-06-09,43.8,42.54,43.0,43.0,5.0,26892.0
2017-06-12,44.5,43.7,44.5,43.0,13.0,61281.0
2017-06-13,44.5,44.4,44.5,44.5,15.0,118956.0
2017-06-14,44.9,44.9,44.5,44.5,5.0,42627.0
2017-06-15,44.9,41.02,42.5,44.5,11.0,250710.0
2017-06-16,43.7,42.59,42.5,42.5,8.0,16854.0
2017-06-19,46.2025,41.75,45.25,42.5,24.0,304546.0
2017-06-20,45.8,44.8,45.25,45.25,11.0,90682.0
2017-06-21,45.55,43.2512,43.75,45.25,9.0,78909.0
2017-06-22,43.4,43.4,43.75,43.75,2.0,20000.0
2017-06-23,45.0,43.4,43.75,43.75,5.0,24140.0
2017-06-26,45.325,42.0,43.75,43.75,9.0,63080.0
2017-06-27,43.75,42.0,43.75,43.75,5.0,739115.0
2017-06-28,43.4,42.25,43.75,43.75,4.0,28576.0
2017-06-29,43.4,42.25,43.75,43.75,5.0,37722.0
2017-06-30,44.0,42.25,43.75,43.75,14.0,108897.0
2017-07-03,44.4,44.0,43.75,43.75,6.0,55283.0
2017-07-04,44.0,44.0,43.75,43.75,1.0,484.0
2017-07-05,45.1791,44.0,43.75,43.75,4.0,20238.0
2017-07-06,44.0,44.0,43.75,43.75,2.0,35432.0
2017-07-07,45.48,43.75,43.75,43.75,5.0,81198.0
2017-07-10,45.5,43.75,43.75,43.75,4.0,6000.0
2017-07-11,45.465,42.8981,43.75,43.75,5.0,37079.0
2017-07-12,44.45,43.25,44.5,43.75,4.0,3086.0
2017-07-13,43.25,43.25,44.5,44.5,1.0,7.0
2017-07-14,44.5,42.4738,43.75,44.5,8.0,31469.0
2017-07-17,43.2,40.0,44.5,44.5,5.0,32000.0
2017-07-18,44.5,44.5,44.5,44.5,0.0,0.0
2017-07-19,43.0,42.0,44.5,44.5,3.0,22833.0
2017-07-20,44.5,43.0,44.5,44.5,2.0,21879.0
2017-07-21,43.0,42.5,44.0,44.5,2.0,5435.0
2017-07-24,44.5,42.25,45.0,44.0,3.0,110229.0
2017-07-25,44.35,42.5,43.5,45.0,13.0,73855.0
2017-07-26,44.38,42.6048,43.5,43.5,12.0,112196.0
2017-07-27,44.26,44.26,43.5,43.5,9.0,53977.0
2017-07-28,44.26,42.02,43.5,43.5,17.0,302426.0
2017-07-31,44.1,42.0,42.5,43.5,10.0,197976.0
2017-08-01,43.5,42.3,42.5,42.5,9.0,98365.0
2017-08-02,42.3,41.02,42.5,42.5,5.0,33933.0
2017-08-03,44.0,42.3,42.5,42.5,10.0,218582.0
2017-08-04,43.7,43.0,42.5,42.5,5.0,31144.0
2017-08-07,43.3,41.5,41.5,42.5,6.0,79242.0
2017-08-08,43.0,42.0,42.0,41.5,6.0,19006.0
2017-08-09,42.0,41.02,41.5,42.0,2.0,8378.0
2017-08-10,42.0,42.0,41.5,41.5,2.0,29370.0
2017-08-11,42.0,42.0,41.5,41.5,2.0,4624.0
2017-08-14,41.5,41.5,41.5,41.5,0.0,0.0
2017-08-15,42.98,42.0,41.5,41.5,3.0,20198.0
2017-08-16,43.9,40.02,43.0,41.5,5.0,17183.0
2017-08-17,43.0,43.0,43.0,43.0,0.0,0.0
2017-08-18,49.9996,44.4,47.0,43.0,14.0,136007.0
2017-08-21,46.0,46.0,47.0,47.0,1.0,7500.0
2017-08-22,46.2,46.0,47.0,47.0,4.0,71684.0
2017-08-23,46.0,46.0,47.0,47.0,4.0,27804.0
2017-08-24,46.1,46.1,47.0,47.0,1.0,1000.0
2017-08-25,46.1,46.0,47.0,47.0,2.0,13684.0
2017-08-28,47.0,47.0,47.0,47.0,0.0,0.0
2017-08-29,42.0,40.0,41.5,41.0,9.0,221109.0
2017-08-30,42.0,40.02,41.5,41.5,5.0,41146.0
2017-08-31,42.0,42.0,41.5,41.5,2.0,53000.0
2017-09-01,42.0,40.15,41.5,41.5,4.0,49973.0
2017-09-04,42.0,41.62,41.5,41.5,8.0,352860.0
2017-09-05,42.4,40.02,41.5,41.5,9.0,167850.0
2017-09-06,37.0,31.0,32.5,41.5,5.0,47000.0
2017-09-07,30.0,24.02,26.25,31.5,76.0,987056.0
2017-09-08,28.5,24.52,28.5,26.5,41.0,1427239.0
2017-09-11,28.5,28.5,28.5,28.5,0.0,0.0
2017-09-12,28.5,28.5,28.5,28.5,0.0,0.0
2017-09-13,28.5,28.5,28.5,28.5,0.0,0.0
2017-09-14,30.0,30.0,30.0,30.0,1.0,1794.0
2017-09-15,30.0,30.0,30.0,30.0,0.0,0.0
2017-09-18,30.0,30.0,30.0,30.0,0.0,0.0
2017-09-19,30.0,30.0,30.0,30.0,0.0,0.0
2017-09-20,30.0,30.0,30.0,30.0,0.0,0.0
2017-09-21,30.0,30.0,30.0,30.0,0.0,0.0
2017-09-22,30.0,30.0,30.0,30.0,0.0,0.0
2017-09-25,30.0,30.0,30.0,30.0,0.0,0.0
2017-09-26,30.0,30.0,30.0,30.0,0.0,0.0
2017-09-27,30.0,30.0,30.0,30.0,0.0,0.0
2017-09-28,30.0,30.0,30.0,30.0,0.0,0.0
2017-09-29,30.0,30.0,30.0,30.0,0.0,0.0
2017-10-02,30.0,30.0,30.0,30.0,0.0,0.0
2017-10-03,30.0,30.0,30.0,30.0,0.0,0.0
2017-10-04,30.0,30.0,30.0,30.0,0.0,0.0
2017-10-05,30.0,30.0,30.0,30.0,0.0,0.0
2017-10-06,30.0,30.0,30.0,30.0,0.0,0.0
2017-10-09,30.0,30.0,30.0,30.0,0.0,0.0
2017-10-10,35.0,28.0,32.0,28.0,10.0,273500.0
2017-10-11,33.6,32.0,32.0,32.0,3.0,3490.0
2017-10-12,32.0,32.0,32.0,32.0,1.0,20.0
2017-10-13,32.0,30.0,31.5,32.0,3.0,53030.0
2017-10-16,31.5,30.0,31.5,31.5,3.0,4240.0
2017-10-17,30.0,30.0,31.5,31.5,1.0,4000.0
2017-10-18,30.0,30.0,31.0,31.5,1.0,1024.0
2017-10-19,30.8,30.0,30.5,31.0,6.0,14237.0
2017-10-20,30.5,30.5,30.5,30.5,0.0,0.0
2017-10-23,30.5,30.5,30.5,30.5,0.0,0.0
2017-10-24,30.5,30.5,30.5,30.5,0.0,0.0
2017-10-25,30.5,30.5,30.5,30.5,0.0,0.0
2017-10-26,30.5,30.5,30.5,30.5,0.0,0.0
2017-10-27,30.5,30.5,30.5,30.5,0.0,0.0
2017-10-30,30.3,30.0,30.5,30.5,3.0,20873.0
2017-10-31,30.0,30.0,30.5,30.5,1.0,3000.0
2017-11-01,30.6,30.5,30.5,30.5,2.0,3000.0
2017-11-02,30.0,30.0,30.5,30.5,1.0,100.0
2017-11-03,30.5,30.5,30.5,30.5,0.0,0.0
2017-11-06,30.0,30.0,30.25,30.5,1.0,3615.0
2017-11-07,30.3,30.3,30.25,30.25,1.0,324.0
2017-11-08,30.0,30.0,30.25,30.25,1.0,1039.0
2017-11-09,30.25,30.25,30.25,30.25,0.0,0.0
2017-11-10,30.25,30.25,30.25,30.25,0.0,0.0
2017-11-13,30.25,30.25,30.25,30.25,0.0,0.0
2017-11-14,29.85,27.3993,28.5,29.75,2.0,16486.0
2017-11-15,28.0,28.0,28.5,28.5,1.0,6000.0
2017-11-16,28.4,27.0,27.5,28.5,6.0,44052.0
2017-11-17,27.2,27.0,27.5,27.5,3.0,8588.0
2017-11-20,27.2,27.0,27.5,27.5,4.0,8316.0
2017-11-21,27.0,26.0,27.0,27.5,3.0,11600.0
2017-11-22,27.0,27.0,27.0,27.0,0.0,0.0
2017-11-23,26.4,26.4,27.0,27.0,1.0,3187.0
2017-11-24,27.4,27.4,27.0,27.0,1.0,3649.0
2017-11-27,26.0,26.0,27.0,27.0,3.0,8257.0
2017-11-28,27.0,27.0,27.0,27.0,0.0,0.0
2017-11-29,27.0,27.0,27.0,27.0,0.0,0.0
2017-11-30,24.0,24.0,27.0,27.0,1.0,13854.0
2017-12-01,26.0,26.0,26.5,27.0,2.0,15238.0
2017-12-04,26.3,26.3,26.5,26.5,1.0,5665.0
2017-12-05,26.0,24.7328,26.5,26.5,3.0,23821.0
2017-12-06,26.5,26.5,26.5,26.5,0.0,0.0
2017-12-07,26.0,26.0,26.5,26.5,2.0,4177.0
2017-12-08,26.5,26.0,26.5,26.5,2.0,5400.0
2017-12-11,26.5,26.5,26.5,26.5,0.0,0.0
2017-12-12,26.5,26.5,26.5,26.5,0.0,0.0
2017-12-13,26.5,26.5,26.5,26.5,0.0,0.0
2017-12-14,26.5,24.7328,26.5,26.5,2.0,20168.0
2017-12-15,26.0,26.0,26.5,26.5,2.0,9010.0
2017-12-18,26.2,26.2,26.5,26.5,2.0,9723.0
2017-12-19,26.0,26.0,26.5,26.5,1.0,2234.0
2017-12-20,26.5,26.5,26.5,26.5,0.0,0.0
2017-12-21,26.5,26.5,26.5,26.5,0.0,0.0
2017-12-22,26.5,26.2,26.5,26.5,2.0,8370.0
2017-12-27,26.0,26.0,26.5,26.5,1.0,900.0
2017-12-28,26.5,26.5,26.5,26.5,0.0,0.0
2017-12-29,26.0,26.0,26.5,26.5,1.0,400.0
2018-01-02,26.6,25.9189,26.5,26.5,2.0,6504.0
2018-01-03,26.0,26.0,26.5,26.5,1.0,2500.0
2018-01-04,26.0,26.0,26.5,26.5,2.0,2683.0
2018-01-05,26.6,26.6,26.5,26.5,1.0,3740.0
2018-01-08,26.5,26.5,26.5,26.5,0.0,0.0
2018-01-09,26.05,26.0,26.5,26.5,2.0,4778.0
2018-01-10,26.5,26.05,26.5,26.5,4.0,33206.0
2018-01-11,26.6,26.05,26.5,26.5,3.0,40500.0
2018-01-12,26.5,26.5,26.5,26.5,0.0,0.0
2018-01-15,26.5,26.5,26.5,26.5,0.0,0.0
2018-01-16,26.5,26.05,26.5,26.5,3.0,27023.0
2018-01-17,26.5,26.5,26.5,26.5,0.0,0.0
2018-01-18,26.05,26.05,26.5,26.5,1.0,1990.0
2018-01-19,26.5,26.5,26.5,26.5,0.0,0.0
2018-01-22,26.5,26.5,26.5,26.5,0.0,0.0
2018-01-23,26.5,26.5,26.5,26.5,0.0,0.0
2018-01-24,26.05,26.05,26.5,26.5,2.0,20000.0
2018-01-25,26.05,26.05,26.5,26.5,1.0,1144.0
2018-01-26,26.5,26.5,26.5,26.5,0.0,0.0
2018-01-29,26.05,26.05,26.5,26.5,1.0,3800.0
2018-01-30,26.05,26.05,26.5,26.5,1.0,5452.0
2018-01-31,26.5,26.5,26.5,26.5,0.0,0.0
2018-02-01,26.05,26.05,26.5,26.5,2.0,7100.0
2018-02-02,26.5,26.05,26.5,26.5,3.0,45235.0
2018-02-05,26.5,26.05,26.5,26.5,3.0,43075.0
2018-02-06,27.0,27.0,26.5,26.5,1.0,1000.0
2018-02-07,26.5,26.5,26.5,26.5,0.0,0.0
2018-02-08,26.1,26.1,26.5,26.5,1.0,1503.0
2018-02-09,26.5,26.5,26.5,26.5,0.0,0.0
2018-02-12,26.83,26.83,26.5,26.5,1.0,3.0
2018-02-13,26.05,26.0,26.5,26.5,2.0,2803.0
2018-02-14,27.0,27.0,26.5,26.5,1.0,30.0
2018-02-15,26.5,26.5,26.5,26.5,0.0,0.0
2018-02-16,26.5,26.5,26.5,26.5,0.0,0.0
2018-02-19,26.05,26.05,26.5,26.5,1.0,914.0
2018-02-20,26.0,26.0,26.5,26.5,1.0,1500.0
2018-02-21,26.5,26.5,26.5,26.5,0.0,0.0
2018-02-22,26.5,26.5,26.5,26.5,0.0,0.0
2018-02-23,26.75,26.25,26.5,26.5,2.0,6309.0
2018-02-26,26.5,26.0,26.5,26.5,3.0,1340.0
2018-02-27,26.0,22.1,22.0,26.5,5.0,13264.0
2018-02-28,21.35,21.3,22.0,22.0,3.0,14440.0
2018-03-01,21.25,21.25,22.0,22.0,1.0,1500.0
2018-03-02,22.0,22.0,22.0,22.0,0.0,0.0
2018-03-05,21.0,21.0,22.0,22.0,1.0,926.0
2018-03-06,22.0,22.0,22.0,22.0,0.0,0.0
2018-03-07,22.0,22.0,22.0,22.0,0.0,0.0
2018-03-08,21.0,21.0,22.0,22.0,1.0,367.0
2018-03-09,22.0,22.0,22.0,22.0,0.0,0.0
2018-03-12,22.0,22.0,22.0,22.0,0.0,0.0
2018-03-13,22.0,22.0,22.0,22.0,0.0,0.0
2018-03-14,22.0,22.0,22.0,22.0,0.0,0.0
2018-03-15,19.2,18.0,18.0,19.0,6.0,22336.0
2018-03-16,20.0,19.2,19.0,18.0,3.0,9307.0
2018-03-19,19.2,18.0,19.0,19.0,5.0,25740.0
2018-03-20,19.0,19.0,19.0,19.0,0.0,0.0
2018-03-21,18.0,18.0,19.0,19.0,1.0,846.0
2018-03-22,18.04,18.0,19.0,19.0,2.0,150000.0
2018-03-23,19.0,19.0,19.0,19.0,0.0,0.0
2018-03-26,19.2,19.2,19.0,19.0,1.0,20773.0
2018-03-27,19.0,19.0,19.0,19.0,0.0,0.0
2018-03-28,19.0,19.0,19.0,19.0,0.0,0.0
2018-03-29,18.1,18.0,19.0,19.0,2.0,680.0
2018-04-03,17.1,17.1,18.5,19.0,1.0,33898.0
2018-04-04,18.5,18.5,18.5,18.5,0.0,0.0
2018-04-05,17.0,15.0,17.5,18.5,2.0,23056.0
2018-04-06,18.0,15.75,17.5,17.5,4.0,36704.0
2018-04-09,18.0,17.99,19.0,17.5,4.0,11522.0
2018-04-10,20.0,19.53,19.5,19.0,3.0,26355.0
2018-04-11,19.53,19.3,19.8,19.5,2.0,3463.0
2018-04-12,19.8,19.8,19.8,19.8,0.0,0.0
2018-04-13,19.8,19.8,19.8,19.8,0.0,0.0
2018-04-16,19.8,19.8,19.8,19.8,0.0,0.0
2018-04-17,19.824,19.824,19.8,19.8,1.0,978.0
2018-04-18,19.8,19.8,19.8,19.8,0.0,0.0
2018-04-19,19.8,19.8,19.8,19.8,0.0,0.0
2018-04-20,19.8,19.8,19.8,19.8,0.0,0.0
2018-04-23,19.8,19.8,19.8,19.8,0.0,0.0
2018-04-24,19.8,19.8,19.8,19.8,0.0,0.0
2018-04-25,19.8,19.8,19.8,19.8,0.0,0.0
2018-04-26,19.824,19.824,19.8,19.8,1.0,1412.0
2018-04-27,19.8,19.8,19.8,19.8,0.0,0.0
2018-04-30,19.86,19.86,19.8,19.8,1.0,5000.0
2018-05-01,19.8978,19.824,19.8,19.8,3.0,12033.0
2018-05-02,19.8,19.8,19.8,19.8,0.0,0.0
2018-05-03,19.8,19.8,19.8,19.8,0.0,0.0
2018-05-04,19.8,19.8,19.8,19.8,0.0,0.0
2018-05-07,19.8,19.8,19.8,19.8,0.0,0.0
2018-05-08,19.8,19.8,19.8,19.8,0.0,0.0
2018-05-09,19.64,19.6,19.8,19.8,2.0,19000.0
2018-05-10,19.6,19.6,19.8,19.8,1.0,665.0
2018-05-11,19.8,19.8,19.8,19.8,0.0,0.0
2018-05-14,19.824,18.6,19.4,19.8,3.0,54625.0
2018-05-15,19.424,19.2,19.6,19.4,3.0,34265.0
2018-05-16,20.0,19.0,20.0,19.6,4.0,61466.0
2018-05-17,24.0,14.5,16.0,19.2,34.0,7217441.0
2018-05-18,16.0,12.0,14.5,15.5,35.0,665001.0
2018-05-21,15.6,14.55,15.0,15.0,9.0,52087.0
2018-05-22,15.9048,14.62,15.0,15.0,9.0,37138.0
2018-05-23,17.0,14.5,16.0,15.0,26.0,102784.0
2018-05-24,15.0,14.0,15.5,16.0,3.0,18668.0
2018-05-25,15.0,14.3,14.75,15.5,10.0,226247.0
2018-05-28,14.75,14.75,14.75,14.75,0.0,0.0
2018-05-29,14.3,13.875,14.0,14.75,5.0,36640.0
2018-05-30,14.56369,13.26,14.0,14.0,5.0,30466.0
2018-05-31,13.26,13.26,14.0,14.0,1.0,20000.0
2018-06-01,14.0,13.26,14.0,14.0,3.0,92323.0
2018-06-04,14.84,13.2,14.0,14.0,8.0,186667.0
2018-06-05,15.0,12.5,13.8,14.0,9.0,453809.0
2018-06-06,13.8,12.25,14.0,13.8,6.0,242217.0
2018-06-07,13.25,13.0,13.3,13.5,6.0,48549.0
2018-06-08,13.6,11.44,12.0,13.3,9.0,214343.0
2018-06-11,16.0,13.0,13.0,12.0,5.0,631414.0
