Date,HIGH,LOW,CLOSE,OPEN,COUNT,VOLUME
2004-07-01,163.5,163.5,163.5,163.5,0.0,0.0
2004-07-02,166.5,166.5,166.5,166.5,0.0,1.0
2004-07-05,166.5,165.0,165.0,166.5,0.0,1.0
2004-07-06,165.0,161.5,161.5,165.0,0.0,1.0
2004-07-07,161.0,158.5,158.5,161.0,0.0,1.0
2004-07-08,159.5,158.5,159.5,158.5,0.0,1.0
2004-07-09,160.5,160.5,160.5,160.5,0.0,1.0
2004-07-12,167.5,160.5,166.5,160.5,0.0,1.0
2004-07-13,164.0,164.0,164.0,164.0,0.0,1.0
2004-07-14,166.0,164.0,166.0,164.0,0.0,1500.0
2004-07-15,163.5,163.5,163.5,163.5,0.0,500.0
2004-07-16,163.5,163.5,163.5,163.5,0.0,0.0
2004-07-19,161.5,161.5,161.5,161.5,0.0,1.0
2004-07-20,158.5,158.5,158.5,158.5,0.0,1.0
2004-07-21,160.0,160.0,160.0,160.0,0.0,6250.0
2004-07-22,160.0,158.5,158.5,160.0,0.0,1.0
2004-07-23,158.5,156.5,156.5,158.5,0.0,1.0
2004-07-26,156.5,156.5,156.5,156.5,0.0,0.0
2004-07-27,156.5,156.5,156.5,156.5,0.0,0.0
2004-07-28,156.5,154.0,154.0,156.5,0.0,1.0
2004-07-29,154.0,154.0,154.0,154.0,0.0,0.0
2004-07-30,154.0,154.0,154.0,154.0,0.0,0.0
2004-08-02,154.0,153.5,154.0,154.0,0.0,0.0
2004-08-03,154.0,154.0,154.0,154.0,0.0,2.0
2004-08-04,154.0,154.0,154.0,154.0,0.0,2000.0
2004-08-05,158.5,157.5,158.5,157.5,0.0,1.0
2004-08-06,158.5,158.5,158.5,158.5,0.0,0.0
2004-08-09,158.5,155.5,155.5,158.5,0.0,1.0
2004-08-10,152.0,152.0,152.0,152.0,0.0,1.0
2004-08-11,153.5,153.5,153.5,153.5,0.0,1.0
2004-08-12,152.5,152.5,152.5,152.5,0.0,1.0
2004-08-13,148.5,148.5,148.5,148.5,0.0,1.0
2004-08-16,148.5,148.5,148.5,148.5,0.0,6400.0
2004-08-17,154.5,154.5,154.5,154.5,0.0,1.0
2004-08-18,161.5,155.5,161.5,155.5,0.0,1.0
2004-08-19,163.5,163.5,163.5,163.5,0.0,1.0
2004-08-20,163.5,163.5,163.5,163.5,0.0,1197.0
2004-08-23,163.5,163.5,163.5,163.5,0.0,0.0
2004-08-24,162.5,161.5,161.5,162.5,0.0,1800.0
2004-08-25,161.5,161.5,161.5,161.5,0.0,0.0
2004-08-26,162.5,162.5,162.5,162.5,0.0,1.0
2004-08-27,162.5,162.5,162.5,162.5,0.0,0.0
2004-08-30,162.5,162.5,162.5,162.5,0.0,0.0
2004-08-31,162.5,162.5,162.5,162.5,0.0,0.0
2004-09-01,161.5,161.5,161.5,161.5,0.0,1.0
2004-09-02,161.5,161.5,161.5,161.5,0.0,0.0
2004-09-03,161.5,161.5,161.5,161.5,0.0,0.0
2004-09-06,161.5,161.5,161.5,161.5,0.0,0.0
2004-09-07,161.5,161.5,161.5,161.5,0.0,0.0
2004-09-08,161.5,161.5,161.5,161.5,0.0,0.0
2004-09-09,161.5,161.5,161.5,161.5,0.0,0.0
2004-09-10,161.5,161.5,161.5,161.5,0.0,0.0
2004-09-13,161.5,161.5,161.5,161.5,0.0,0.0
2004-09-14,161.5,161.5,161.5,161.5,0.0,0.0
2004-09-15,162.5,162.5,162.5,162.5,0.0,1.0
2004-09-16,169.5,165.5,169.5,165.5,0.0,1.0
2004-09-17,170.5,170.5,170.5,170.5,0.0,1.0
2004-09-20,178.5,170.5,178.5,170.5,0.0,1.0
2004-09-21,191.5,178.5,191.5,178.5,0.0,10000.0
2004-09-22,196.5,196.5,196.5,196.5,0.0,1.0
2004-09-23,205.5,198.5,205.5,198.5,0.0,1.0
2004-09-24,207.5,206.5,207.5,206.5,0.0,1.0
2004-09-27,211.5,211.5,211.5,211.5,0.0,680.0
2004-09-28,212.5,211.5,211.5,212.5,0.0,1.0
2004-09-29,211.5,211.5,211.5,211.5,0.0,250.0
2004-09-30,221.5,213.5,221.5,213.5,0.0,4000.0
2004-10-01,260.0,248.5,253.0,248.5,0.0,9596.0
2004-10-04,252.0,250.0,250.0,250.0,0.0,2000.0
2004-10-05,250.0,246.5,246.5,250.0,0.0,1500.0
2004-10-06,260.0,255.0,257.5,255.0,0.0,2750.0
2004-10-07,253.5,253.5,253.5,253.5,0.0,1.0
2004-10-08,263.0,257.0,263.0,257.0,0.0,10243.0
2004-10-11,275.0,273.5,273.5,275.0,0.0,4152.0
2004-10-12,277.0,265.5,269.0,273.5,0.0,9076.0
2004-10-13,263.0,258.0,258.0,263.0,0.0,1.0
2004-10-14,265.0,258.0,265.0,258.0,0.0,5000.0
2004-10-15,265.0,264.0,264.0,265.0,0.0,1.0
2004-10-18,275.0,272.5,272.5,275.0,0.0,116.0
2004-10-19,287.5,270.0,272.5,270.0,0.0,1.0
2004-10-20,265.0,265.0,265.0,265.0,0.0,1.0
2004-10-21,270.0,265.0,270.0,265.0,0.0,4000.0
2004-10-22,270.0,270.0,270.0,270.0,0.0,0.0
2004-10-25,275.0,275.0,275.0,275.0,0.0,947.0
2004-10-26,270.0,270.0,270.0,270.0,0.0,1.0
2004-10-27,270.0,262.5,270.0,262.5,0.0,3000.0
2004-10-28,285.0,280.0,285.0,280.0,0.0,1.0
2004-10-29,292.5,285.0,292.5,285.0,0.0,127.0
2004-11-01,305.0,300.0,305.0,300.0,0.0,10162.0
2004-11-02,305.0,300.0,300.0,305.0,0.0,2237.0
2004-11-03,292.5,285.0,285.0,285.0,0.0,5180.0
2004-11-04,285.0,277.5,285.0,277.5,0.0,7500.0
2004-11-05,285.0,285.0,285.0,285.0,0.0,0.0
2004-11-08,280.0,280.0,280.0,280.0,0.0,2000.0
2004-11-09,277.5,277.5,277.5,277.5,0.0,4906.0
2004-11-10,272.5,272.5,272.5,272.5,0.0,775.0
2004-11-11,275.0,272.5,275.0,272.5,0.0,3575.0
2004-11-12,275.0,270.0,270.0,275.0,0.0,3794.0
2004-11-15,270.0,270.0,270.0,270.0,0.0,0.0
2004-11-16,267.5,267.5,267.5,267.5,0.0,1.0
2004-11-17,270.0,262.5,270.0,262.5,0.0,1.0
2004-11-18,270.0,270.0,270.0,270.0,0.0,2500.0
2004-11-19,270.0,270.0,270.0,270.0,0.0,1775.0
2004-11-22,270.0,270.0,270.0,270.0,0.0,192.0
2004-11-23,270.0,270.0,270.0,270.0,0.0,0.0
2004-11-24,267.5,267.5,267.5,267.5,0.0,1.0
2004-11-25,267.5,267.5,267.5,267.5,0.0,0.0
2004-11-26,270.0,270.0,270.0,270.0,0.0,1.0
2004-11-29,270.0,270.0,270.0,270.0,0.0,0.0
2004-11-30,270.0,270.0,270.0,270.0,0.0,4215.0
2004-12-01,270.0,270.0,270.0,270.0,0.0,0.0
2004-12-02,270.0,260.0,260.0,270.0,0.0,1.0
2004-12-03,260.0,260.0,260.0,260.0,0.0,0.0
2004-12-06,260.0,255.0,255.0,260.0,0.0,3000.0
2004-12-07,240.0,240.0,240.0,240.0,0.0,1220.0
2004-12-08,210.0,205.0,210.0,205.0,0.0,2400.0
2004-12-09,222.5,220.0,220.0,222.5,0.0,250.0
2004-12-10,220.0,220.0,220.0,220.0,0.0,0.0
2004-12-13,220.0,220.0,220.0,220.0,0.0,0.0
2004-12-14,222.5,222.5,222.5,222.5,0.0,1.0
2004-12-15,220.0,220.0,220.0,220.0,0.0,862.0
2004-12-16,220.0,220.0,220.0,220.0,0.0,0.0
2004-12-17,217.5,217.5,217.5,217.5,0.0,1.0
2004-12-20,210.0,210.0,210.0,210.0,0.0,1.0
2004-12-21,210.0,210.0,210.0,210.0,0.0,0.0
2004-12-22,210.0,210.0,210.0,210.0,0.0,0.0
2004-12-23,205.0,205.0,205.0,205.0,0.0,1.0
2004-12-24,200.0,200.0,200.0,200.0,0.0,1.0
2004-12-27,200.0,200.0,200.0,200.0,0.0,0.0
2004-12-28,200.0,200.0,200.0,200.0,0.0,0.0
2004-12-29,205.0,205.0,205.0,205.0,0.0,1.0
2004-12-30,210.0,205.0,210.0,205.0,0.0,1.0
2004-12-31,250.0,230.0,250.0,230.0,0.0,6000.0
2005-01-03,250.0,250.0,250.0,250.0,0.0,0.0
2005-01-04,245.0,230.0,230.0,245.0,0.0,3000.0
2005-01-05,225.0,225.0,225.0,225.0,0.0,1.0
2005-01-06,225.0,225.0,225.0,225.0,0.0,0.0
2005-01-07,220.0,220.0,220.0,220.0,0.0,1.0
2005-01-10,220.0,220.0,220.0,220.0,0.0,0.0
2005-01-11,220.0,220.0,220.0,220.0,0.0,0.0
2005-01-12,220.0,220.0,220.0,220.0,0.0,0.0
2005-01-13,220.0,220.0,220.0,220.0,0.0,0.0
2005-01-14,220.0,220.0,220.0,220.0,0.0,3500.0
2005-01-17,215.0,215.0,215.0,215.0,0.0,420000.0
2005-01-18,210.0,210.0,210.0,210.0,0.0,1.0
2005-01-19,215.0,212.5,215.0,212.5,0.0,1886.0
2005-01-20,217.5,215.0,217.5,215.0,0.0,1.0
2005-01-21,217.5,217.5,217.5,217.5,0.0,0.0
2005-01-24,220.0,217.5,220.0,217.5,0.0,1.0
2005-01-25,219.0,219.0,219.0,219.0,0.0,826.0
2005-01-26,219.0,219.0,219.0,219.0,0.0,0.0
2005-01-27,219.0,219.0,219.0,219.0,0.0,0.0
2005-01-28,219.0,219.0,219.0,219.0,0.0,0.0
2005-01-31,219.0,219.0,219.0,219.0,0.0,0.0
2005-02-01,219.0,219.0,219.0,219.0,0.0,1500.0
2005-02-02,219.0,219.0,219.0,219.0,0.0,0.0
2005-02-03,219.0,218.0,218.0,219.0,0.0,1.0
2005-02-04,218.0,218.0,218.0,218.0,0.0,500.0
2005-02-07,215.0,215.0,215.0,215.0,0.0,877.0
2005-02-08,215.0,215.0,215.0,215.0,0.0,0.0
2005-02-09,215.0,210.0,210.0,215.0,0.0,3829.0
2005-02-10,215.0,215.0,215.0,215.0,0.0,2300.0
2005-02-11,220.0,220.0,220.0,220.0,0.0,1.0
2005-02-14,220.0,220.0,220.0,220.0,0.0,0.0
2005-02-15,220.0,220.0,220.0,220.0,0.0,1000.0
2005-02-16,225.0,215.0,216.5,215.0,0.0,1436.0
2005-02-17,210.0,210.0,210.0,210.0,0.0,1.0
2005-02-18,200.0,200.0,200.0,200.0,0.0,1.0
2005-02-21,200.0,200.0,200.0,200.0,0.0,0.0
2005-02-22,200.0,200.0,200.0,200.0,0.0,1000.0
2005-02-23,195.0,195.0,195.0,195.0,0.0,1.0
2005-02-24,195.0,195.0,195.0,195.0,0.0,0.0
2005-02-25,205.0,197.5,205.0,197.5,0.0,256916.0
2005-02-28,205.0,205.0,205.0,205.0,0.0,347.0
2005-03-01,205.0,205.0,205.0,205.0,0.0,1000.0
2005-03-02,205.0,205.0,205.0,205.0,0.0,0.0
2005-03-03,205.0,205.0,205.0,205.0,0.0,0.0
2005-03-04,205.0,205.0,205.0,205.0,0.0,0.0
2005-03-07,205.0,205.0,205.0,205.0,0.0,436.0
2005-03-08,205.0,205.0,205.0,205.0,0.0,0.0
2005-03-09,202.5,202.5,202.5,202.5,0.0,1000.0
2005-03-10,197.5,197.5,197.5,197.5,0.0,1.0
2005-03-11,190.0,190.0,190.0,190.0,0.0,1700.0
2005-03-14,216.5,215.0,216.5,215.0,0.0,230.0
2005-03-15,228.0,224.0,228.0,224.0,0.0,7000.0
2005-03-16,226.5,225.0,225.0,226.5,0.0,1.0
2005-03-17,215.0,215.0,215.0,215.0,0.0,1.0
2005-03-18,215.0,215.0,215.0,215.0,0.0,433.0
2005-03-21,215.0,210.0,215.0,210.0,0.0,130000.0
2005-03-22,212.5,212.5,212.5,212.5,0.0,1.0
2005-03-23,205.0,200.0,200.0,205.0,0.0,1.0
2005-03-24,200.0,200.0,200.0,200.0,0.0,0.0
2005-03-25,200.0,200.0,200.0,200.0,0.0,0.0
2005-03-28,200.0,200.0,200.0,200.0,0.0,0.0
2005-03-29,200.0,200.0,200.0,200.0,0.0,0.0
2005-03-30,200.0,200.0,200.0,200.0,0.0,0.0
2005-03-31,202.5,202.5,202.5,202.5,0.0,1.0
2005-04-01,202.5,202.5,202.5,202.5,0.0,0.0
2005-04-04,202.5,202.5,202.5,202.5,0.0,0.0
2005-04-05,200.0,200.0,200.0,200.0,0.0,1.0
2005-04-06,202.5,202.5,202.5,202.5,0.0,1.0
2005-04-07,205.0,205.0,205.0,205.0,0.0,500.0
2005-04-08,205.0,205.0,205.0,205.0,0.0,0.0
2005-04-11,205.0,205.0,205.0,205.0,0.0,0.0
2005-04-12,195.0,195.0,195.0,195.0,0.0,1.0
2005-04-13,195.0,195.0,195.0,195.0,0.0,0.0
2005-04-14,195.0,195.0,195.0,195.0,0.0,0.0
2005-04-15,190.0,190.0,190.0,190.0,0.0,1.0
2005-04-18,165.0,165.0,165.0,165.0,0.0,1.0
2005-04-19,167.5,167.5,167.5,167.5,0.0,1000.0
2005-04-20,180.0,175.0,180.0,175.0,0.0,1500.0
2005-04-21,180.0,180.0,180.0,180.0,0.0,797.0
2005-04-22,180.0,180.0,180.0,180.0,0.0,0.0
2005-04-25,175.0,175.0,175.0,175.0,0.0,4000.0
2005-04-26,180.0,177.5,180.0,180.0,0.0,1.0
2005-04-27,180.0,180.0,180.0,180.0,0.0,0.0
2005-04-28,180.0,180.0,180.0,180.0,0.0,0.0
2005-04-29,180.0,180.0,180.0,180.0,0.0,0.0
2005-05-02,180.0,180.0,180.0,180.0,0.0,0.0
2005-05-03,170.5,170.0,170.0,170.5,0.0,1622.0
2005-05-04,170.0,170.0,170.0,170.0,0.0,0.0
2005-05-05,175.0,175.0,175.0,175.0,0.0,1.0
2005-05-06,177.0,177.0,177.0,177.0,0.0,1.0
2005-05-09,177.0,177.0,177.0,177.0,0.0,800.0
2005-05-10,177.0,177.0,177.0,177.0,0.0,0.0
2005-05-11,180.0,178.5,180.0,178.5,0.0,1350.0
2005-05-12,180.0,180.0,180.0,180.0,0.0,0.0
2005-05-13,180.0,180.0,180.0,180.0,0.0,0.0
2005-05-16,177.5,177.5,177.5,177.5,0.0,1.0
2005-05-17,172.5,172.5,172.5,172.5,0.0,1.0
2005-05-18,172.5,170.0,170.0,172.5,0.0,1.0
2005-05-19,170.0,170.0,170.0,170.0,0.0,0.0
2005-05-20,170.0,170.0,170.0,170.0,0.0,1200.0
2005-05-23,171.0,171.0,171.0,171.0,0.0,1.0
2005-05-24,171.0,171.0,171.0,171.0,0.0,0.0
2005-05-25,171.0,171.0,171.0,171.0,0.0,0.0
2005-05-26,171.0,171.0,171.0,171.0,0.0,0.0
2005-05-27,171.0,171.0,171.0,171.0,0.0,0.0
2005-05-30,171.0,171.0,171.0,171.0,0.0,0.0
2005-05-31,171.0,171.0,171.0,171.0,0.0,0.0
2005-06-01,173.5,171.0,173.5,171.0,0.0,2722.0
2005-06-02,171.0,171.0,171.0,171.0,0.0,1.0
2005-06-03,171.0,171.0,171.0,171.0,0.0,0.0
2005-06-06,171.0,171.0,171.0,171.0,0.0,0.0
2005-06-07,170.0,170.0,170.0,170.0,0.0,1382.0
2005-06-08,170.0,170.0,170.0,170.0,0.0,1245.0
2005-06-09,170.0,170.0,170.0,170.0,0.0,384.0
2005-06-10,170.0,167.5,167.5,170.0,0.0,10000.0
2005-06-13,167.5,167.5,167.5,167.5,0.0,1198.0
2005-06-14,167.5,167.5,167.5,167.5,0.0,1457.0
2005-06-15,167.5,167.5,167.5,167.5,0.0,0.0
2005-06-16,167.5,167.5,167.5,167.5,0.0,571.0
2005-06-17,167.5,167.5,167.5,167.5,0.0,2375.0
2005-06-20,175.0,167.5,175.0,167.5,0.0,1.0
2005-06-21,175.0,175.0,175.0,175.0,0.0,0.0
2005-06-22,175.0,175.0,175.0,175.0,0.0,0.0
2005-06-23,175.0,175.0,175.0,175.0,0.0,0.0
2005-06-24,175.0,175.0,175.0,175.0,0.0,0.0
2005-06-27,175.0,175.0,175.0,175.0,0.0,0.0
2005-06-28,172.5,172.5,172.5,172.5,0.0,1.0
2005-06-29,172.5,172.5,172.5,172.5,0.0,0.0
2005-06-30,175.0,170.0,172.5,170.0,0.0,1.0
2005-07-01,178.0,178.0,178.0,178.0,0.0,1.0
2005-07-04,215.0,198.0,205.0,190.0,0.0,21372.0
2005-07-05,192.5,192.5,192.5,192.5,0.0,16335.0
2005-07-06,190.0,185.0,185.0,190.0,0.0,1244.0
2005-07-07,187.5,186.5,186.5,187.5,0.0,2548.0
2005-07-08,186.5,186.5,186.5,186.5,0.0,3112.0
2005-07-11,199.5,187.5,199.5,187.5,0.0,741402.0
2005-07-12,203.5,201.0,203.0,201.0,0.0,7975.0
2005-07-13,205.0,203.0,204.5,203.0,0.0,1250.0
2005-07-14,202.0,196.5,196.5,202.0,0.0,571.0
2005-07-15,196.5,196.5,196.5,196.5,0.0,2700.0
2005-07-18,197.5,197.5,197.5,197.5,0.0,2963.0
2005-07-19,197.5,197.5,197.5,197.5,0.0,238.0
2005-07-20,200.0,197.5,200.0,197.5,0.0,2849.0
2005-07-21,201.5,200.0,201.5,200.0,0.0,1500.0
2005-07-22,201.5,201.5,201.5,201.5,0.0,0.0
2005-07-25,201.5,197.5,197.5,201.5,0.0,4000.0
2005-07-26,197.5,197.5,197.5,197.5,0.0,728.0
2005-07-27,197.5,196.5,196.5,197.5,0.0,200.0
2005-07-28,196.5,192.5,192.5,196.5,0.0,3750.0
2005-07-29,194.5,192.5,193.5,192.5,0.0,3246.0
2005-08-01,193.5,192.5,192.5,193.5,0.0,8500.0
2005-08-02,192.5,191.5,191.5,192.5,0.0,2445.0
2005-08-03,182.5,180.0,182.5,180.0,0.0,9284.0
2005-08-04,182.5,182.5,182.5,182.5,0.0,5173.0
2005-08-05,182.5,182.5,182.5,182.5,0.0,0.0
2005-08-08,181.5,181.5,181.5,181.5,0.0,1.0
2005-08-09,182.5,181.5,182.5,181.5,0.0,1.0
2005-08-10,187.5,182.5,186.5,182.5,0.0,27368.0
2005-08-11,191.5,191.5,191.5,191.5,0.0,1.0
2005-08-12,193.5,191.5,192.5,191.5,0.0,20000.0
2005-08-15,201.5,200.0,201.5,201.5,0.0,8809.0
2005-08-16,197.5,196.5,196.5,197.5,0.0,586.0
2005-08-17,196.5,196.5,196.5,196.5,0.0,1481.0
2005-08-18,196.5,192.5,192.5,196.5,0.0,1000.0
2005-08-19,192.5,192.5,192.5,192.5,0.0,0.0
2005-08-22,192.5,192.5,192.5,192.5,0.0,0.0
2005-08-23,192.5,192.5,192.5,192.5,0.0,0.0
2005-08-24,192.5,191.5,191.5,192.5,0.0,2000.0
2005-08-25,191.5,191.5,191.5,191.5,0.0,0.0
2005-08-26,191.5,191.5,191.5,191.5,0.0,0.0
2005-08-29,191.5,191.5,191.5,191.5,0.0,0.0
2005-08-30,191.5,186.5,186.5,191.5,0.0,5614.0
2005-08-31,186.5,186.5,186.5,186.5,0.0,0.0
2005-09-01,187.5,187.5,187.5,187.5,0.0,1.0
2005-09-02,186.5,186.5,186.5,186.5,0.0,1.0
2005-09-05,186.5,186.5,186.5,186.5,0.0,0.0
2005-09-06,186.5,186.5,186.5,186.5,0.0,51500.0
2005-09-07,185.0,181.5,181.5,185.0,0.0,1.0
2005-09-08,181.5,175.5,175.5,181.5,0.0,2000.0
2005-09-09,177.5,177.5,177.5,177.5,0.0,1.0
2005-09-12,177.5,177.5,177.5,177.5,0.0,1164.0
2005-09-13,185.5,179.0,185.0,179.0,0.0,356.0
2005-09-14,185.0,185.0,185.0,185.0,0.0,0.0
2005-09-15,182.5,177.5,179.0,182.5,0.0,684.0
2005-09-16,177.5,177.5,177.5,177.5,0.0,7500.0
2005-09-19,175.0,171.5,172.5,174.0,0.0,8340.0
2005-09-20,186.5,183.0,185.0,183.0,0.0,21664.0
2005-09-21,180.0,180.0,180.0,180.0,0.0,1.0
2005-09-22,182.5,182.5,182.5,182.5,0.0,1.0
2005-09-23,182.5,182.5,182.5,182.5,0.0,0.0
2005-09-26,187.5,185.0,187.5,185.0,0.0,1.0
2005-09-27,188.5,187.5,187.5,188.5,0.0,1.0
2005-09-28,187.5,187.5,187.5,187.5,0.0,0.0
2005-09-29,187.5,187.5,187.5,187.5,0.0,0.0
2005-09-30,187.5,187.5,187.5,187.5,0.0,0.0
2005-10-03,192.5,190.0,192.5,190.0,0.0,11750.0
2005-10-04,192.5,192.5,192.5,192.5,0.0,976.0
2005-10-05,192.5,192.5,192.5,192.5,0.0,1000.0
2005-10-06,187.5,187.5,187.5,187.5,0.0,106.0
2005-10-07,187.5,187.5,187.5,187.5,0.0,2430.0
2005-10-10,189.0,189.0,189.0,189.0,0.0,1.0
2005-10-11,189.0,189.0,189.0,189.0,0.0,520.0
2005-10-12,189.0,189.0,189.0,189.0,0.0,0.0
2005-10-13,195.0,193.0,193.5,193.0,0.0,15000.0
2005-10-14,193.5,190.0,190.0,192.5,0.0,1.0
2005-10-17,190.0,187.5,187.5,190.0,0.0,1.0
2005-10-18,193.5,188.5,192.5,188.5,0.0,6000.0
2005-10-19,192.5,192.5,192.5,192.5,0.0,0.0
2005-10-20,192.5,191.5,191.5,192.5,0.0,1.0
2005-10-21,191.0,187.5,187.5,191.0,0.0,1100.0
2005-10-24,187.5,186.5,186.5,187.5,0.0,1.0
2005-10-25,186.5,185.0,185.0,186.5,0.0,1.0
2005-10-26,184.0,184.0,184.0,184.0,0.0,1.0
2005-10-27,176.0,176.0,176.0,176.0,0.0,1.0
2005-10-28,172.5,172.5,172.5,172.5,0.0,14574.0
2005-10-31,172.5,170.5,172.5,170.5,0.0,14000.0
2005-11-01,172.5,172.5,172.5,172.5,0.0,0.0
2005-11-02,172.5,172.5,172.5,172.5,0.0,0.0
2005-11-03,172.5,172.5,172.5,172.5,0.0,0.0
2005-11-04,172.5,172.5,172.5,172.5,0.0,0.0
2005-11-07,172.5,172.5,172.5,172.5,0.0,0.0
2005-11-08,172.5,172.5,172.5,172.5,0.0,0.0
2005-11-09,172.5,172.5,172.5,172.5,0.0,0.0
2005-11-10,177.5,172.5,177.5,172.5,0.0,50000.0
2005-11-11,177.5,177.5,177.5,177.5,0.0,0.0
2005-11-14,177.5,177.5,177.5,177.5,0.0,1400.0
2005-11-15,177.5,177.5,177.5,177.5,0.0,0.0
2005-11-16,177.5,177.5,177.5,177.5,0.0,0.0
2005-11-17,187.5,178.5,187.5,178.5,0.0,11238.0
2005-11-18,185.0,184.0,184.0,185.0,0.0,1250.0
2005-11-21,183.5,183.5,183.5,183.5,0.0,1600.0
2005-11-22,183.5,183.5,183.5,183.5,0.0,0.0
2005-11-23,183.5,182.5,182.5,183.5,0.0,1.0
2005-11-24,195.0,187.5,195.0,187.5,0.0,1.0
2005-11-25,195.0,195.0,195.0,195.0,0.0,0.0
2005-11-28,197.5,195.0,197.5,195.0,0.0,4250.0
2005-11-29,197.5,197.5,197.5,197.5,0.0,0.0
2005-11-30,197.5,196.5,196.5,197.5,0.0,1250.0
2005-12-01,196.5,195.0,195.0,196.5,0.0,770.0
2005-12-02,195.0,195.0,195.0,195.0,0.0,19.0
2005-12-05,195.0,195.0,195.0,195.0,0.0,5000.0
2005-12-06,195.0,195.0,195.0,195.0,0.0,0.0
2005-12-07,199.0,197.5,199.0,197.5,0.0,3700.0
2005-12-08,199.0,199.0,199.0,199.0,0.0,0.0
2005-12-09,205.0,201.5,203.5,202.5,0.0,29377.0
2005-12-12,203.5,203.5,203.5,203.5,0.0,1900.0
2005-12-13,203.5,203.5,203.5,203.5,0.0,0.0
2005-12-14,206.0,206.0,206.0,206.0,0.0,52271.0
2005-12-15,205.0,200.0,200.0,205.0,0.0,5950.0
2005-12-16,199.0,198.5,199.0,198.5,0.0,10728.0
2005-12-19,199.0,199.0,199.0,199.0,0.0,0.0
2005-12-20,199.0,199.0,199.0,199.0,0.0,0.0
2005-12-21,199.0,196.5,197.5,199.0,0.0,1.0
2005-12-22,205.0,200.0,205.0,200.0,0.0,5000.0
2005-12-23,207.5,207.5,207.5,207.5,0.0,469.0
2005-12-26,207.5,207.5,207.5,207.5,0.0,0.0
2005-12-27,207.5,207.5,207.5,207.5,0.0,0.0
2005-12-28,207.5,207.5,207.5,207.5,0.0,0.0
2005-12-29,222.5,222.5,222.5,222.5,0.0,5900.0
2005-12-30,222.5,222.5,222.5,222.5,0.0,0.0
2006-01-02,222.5,222.5,222.5,222.5,0.0,0.0
2006-01-03,229.5,224.0,228.5,224.0,0.0,12826.0
2006-01-04,226.0,226.0,226.0,226.0,0.0,4400.0
2006-01-05,226.0,221.5,221.5,226.0,0.0,1.0
2006-01-06,220.0,213.5,214.5,220.0,0.0,3850.0
2006-01-09,213.5,209.0,210.0,213.5,0.0,2998.0
2006-01-10,210.0,207.5,207.5,210.0,0.0,1.0
2006-01-11,205.0,202.5,202.5,205.0,0.0,2000.0
2006-01-12,202.5,202.5,202.5,202.5,0.0,2500.0
2006-01-13,212.5,205.0,212.5,205.0,0.0,37500.0
2006-01-16,217.5,214.0,217.5,214.0,0.0,13900.0
2006-01-17,226.0,221.0,222.5,221.0,0.0,7342.0
2006-01-18,221.0,210.0,210.0,221.0,0.0,6500.0
2006-01-19,212.5,210.0,212.5,210.0,0.0,550.0
2006-01-20,232.5,221.5,225.0,232.5,0.0,11135.0
2006-01-23,228.5,226.5,228.5,226.5,0.0,1.0
2006-01-24,228.5,228.5,228.5,228.5,0.0,3469.0
2006-01-25,248.5,237.5,247.5,237.5,0.0,18685.0
2006-01-26,241.5,241.5,241.5,241.5,0.0,1.0
2006-01-27,241.5,241.5,241.5,241.5,0.0,0.0
2006-01-30,250.0,245.0,250.0,245.0,0.0,15028.0
2006-01-31,272.5,262.5,272.5,262.5,0.0,431043.0
2006-02-01,277.5,263.5,277.5,272.5,0.0,19825.0
2006-02-02,277.5,272.5,272.5,277.5,0.0,25382.0
2006-02-03,270.0,263.5,265.0,267.5,0.0,448948.0
2006-02-06,265.0,265.0,265.0,265.0,0.0,0.0
2006-02-07,267.5,266.5,267.5,266.5,0.0,407018.0
2006-02-08,260.0,256.5,256.5,260.0,0.0,6000.0
2006-02-09,254.0,254.0,254.0,254.0,0.0,182.0
2006-02-10,258.5,256.5,258.5,256.5,0.0,1.0
2006-02-13,258.5,258.5,258.5,258.5,0.0,0.0
2006-02-14,268.5,267.5,267.5,267.5,0.0,1.0
2006-02-15,269.5,268.5,268.5,268.5,0.0,1093.0
2006-02-16,271.0,268.5,271.0,268.5,0.0,1.0
2006-02-17,295.0,288.0,295.0,292.5,0.0,10837.0
2006-02-20,322.5,300.0,316.5,300.0,0.0,4253.0
2006-02-21,316.5,307.5,307.5,316.5,0.0,2350.0
2006-02-22,309.0,307.5,309.0,307.5,0.0,868.0
2006-02-23,309.0,307.5,307.5,309.0,0.0,26782.0
2006-02-24,306.5,306.5,306.5,306.5,0.0,1.0
2006-02-27,306.5,305.5,306.5,306.5,0.0,3292.0
2006-02-28,312.5,312.5,312.5,312.5,0.0,1.0
2006-03-01,315.0,307.5,307.5,315.0,0.0,311.0
2006-03-02,306.5,306.5,306.5,306.5,0.0,237.0
2006-03-03,305.0,301.5,301.5,305.0,0.0,3733.0
2006-03-06,305.0,300.0,305.0,300.0,0.0,1002473.0
2006-03-07,306.5,302.5,306.5,305.0,0.0,1.0
2006-03-08,305.0,299.0,300.0,305.0,0.0,1.0
2006-03-09,310.0,302.5,307.5,302.5,0.0,1.0
2006-03-10,305.0,302.5,302.5,305.0,0.0,3222.0
2006-03-13,315.0,312.5,315.0,312.5,0.0,1257.0
2006-03-14,311.0,310.0,310.0,311.0,0.0,2019.0
2006-03-15,306.5,306.5,306.5,306.5,0.0,375.0
2006-03-16,307.5,307.5,307.5,307.5,0.0,1825.0
2006-03-17,303.5,303.5,303.5,303.5,0.0,162.0
2006-03-20,303.5,303.5,303.5,303.5,0.0,2000.0
2006-03-21,303.5,303.5,303.5,303.5,0.0,322.0
2006-03-22,303.5,303.5,303.5,303.5,0.0,315.0
2006-03-23,303.5,303.5,303.5,303.5,0.0,934.0
2006-03-24,320.0,307.5,320.0,307.5,0.0,311.0
2006-03-27,347.5,337.5,346.0,337.5,0.0,19500.0
2006-03-28,349.0,347.5,347.5,349.0,0.0,9628.0
2006-03-29,348.5,347.5,348.5,347.5,0.0,1370.0
2006-03-30,360.0,352.5,360.0,352.5,0.0,2685.0
2006-03-31,361.5,361.5,361.5,361.5,0.0,1.0
2006-04-03,354.0,347.5,347.5,354.0,0.0,809.0
2006-04-04,346.5,335.0,335.0,346.5,0.0,5755.0
2006-04-05,338.5,335.0,337.5,335.0,0.0,237.0
2006-04-06,342.5,338.5,342.5,338.5,0.0,1861.0
2006-04-07,347.5,345.0,347.5,345.0,0.0,1049.0
2006-04-10,351.5,349.0,351.5,349.0,0.0,1858.0
2006-04-11,367.5,351.5,367.5,351.5,0.0,277.0
2006-04-12,356.0,347.5,347.5,356.0,0.0,2523.0
2006-04-13,347.5,347.5,347.5,347.5,0.0,570.0
2006-04-14,347.5,347.5,347.5,347.5,0.0,0.0
2006-04-17,347.5,347.5,347.5,347.5,0.0,0.0
2006-04-18,350.5,350.5,350.5,350.5,0.0,2400.0
2006-04-19,362.5,357.5,362.5,357.5,0.0,2031.0
2006-04-20,377.5,371.0,371.0,372.5,0.0,2600.0
2006-04-21,371.0,370.0,371.0,371.0,0.0,3713.0
2006-04-24,372.5,372.5,372.5,372.5,0.0,1144.0
2006-04-25,380.0,372.5,380.0,372.5,0.0,1967.0
2006-04-26,387.5,385.0,387.5,385.0,0.0,1164.0
2006-04-27,387.5,381.5,387.5,387.5,0.0,0.0
2006-04-28,391.5,387.5,391.5,387.5,0.0,377.0
2006-05-01,391.5,391.5,391.5,391.5,0.0,0.0
2006-05-02,452.5,431.0,445.0,431.0,0.0,9991.0
2006-05-03,442.5,436.0,436.0,442.5,0.0,585.0
2006-05-04,436.0,432.5,432.5,436.0,0.0,1.0
2006-05-05,435.0,432.5,435.0,432.5,0.0,25679.0
2006-05-08,448.5,435.0,446.5,435.0,0.0,37824.0
2006-05-09,445.5,441.5,445.5,441.5,0.0,16694.0
2006-05-10,447.5,441.5,447.5,441.5,0.0,3575.0
2006-05-11,457.5,450.0,457.5,450.0,0.0,2657.0
2006-05-12,480.0,450.0,450.0,456.5,0.0,76649.0
2006-05-15,442.5,425.0,432.5,442.5,0.0,16506.0
2006-05-16,436.0,429.0,429.0,432.5,0.0,5627.0
2006-05-17,422.5,417.5,422.5,421.5,0.0,3300.0
2006-05-18,376.5,335.0,376.5,367.5,0.0,40270.0
2006-05-19,376.5,369.5,370.0,376.5,0.0,2490.0
2006-05-22,376.5,352.5,355.0,376.5,0.0,9258.0
2006-05-23,387.5,352.5,387.5,356.0,0.0,1000.0
2006-05-24,390.0,385.0,385.0,387.5,0.0,9450.0
2006-05-25,383.5,372.5,383.5,378.0,0.0,3500.0
2006-05-26,387.5,385.0,387.5,385.0,0.0,1144.0
2006-05-29,387.5,387.5,387.5,387.5,0.0,0.0
2006-05-30,397.5,395.0,396.0,395.0,0.0,1.0
2006-05-31,392.5,392.5,392.5,392.5,0.0,300.0
2006-06-01,392.5,382.5,387.5,392.5,0.0,8200.0
2006-06-02,392.5,390.0,392.5,390.0,0.0,507.0
2006-06-05,392.5,392.5,392.5,392.5,0.0,450.0
2006-06-06,382.5,380.0,380.0,382.5,0.0,1.0
2006-06-07,377.5,372.5,372.5,377.5,0.0,9000.0
2006-06-08,371.5,342.5,342.5,371.5,0.0,572.0
2006-06-09,345.0,345.0,345.0,345.0,0.0,1325.0
2006-06-12,343.5,337.5,337.5,343.5,0.0,1.0
2006-06-13,307.5,275.0,275.0,307.5,0.0,20876.0
2006-06-14,297.5,276.0,297.5,276.0,0.0,1533.0
2006-06-15,322.5,300.0,313.5,300.0,0.0,10134.0
2006-06-16,322.5,320.0,320.0,321.5,0.0,10500.0
2006-06-19,322.5,310.0,310.0,322.5,0.0,37050.0
2006-06-20,302.5,292.5,302.5,292.5,0.0,5651.0
2006-06-21,312.5,302.5,312.5,302.5,0.0,3000.0
2006-06-22,317.5,317.5,317.5,317.5,0.0,1.0
2006-06-23,317.5,313.5,313.5,317.5,0.0,1.0
2006-06-26,329.5,327.5,329.5,327.5,0.0,1.0
2006-06-27,343.5,342.5,342.5,342.5,0.0,528.0
2006-06-28,336.5,333.5,333.5,336.5,0.0,300.0
2006-06-29,336.0,333.5,336.0,333.5,0.0,1.0
2006-06-30,345.0,342.5,345.0,345.0,0.0,10235.0
2006-07-03,357.5,347.5,357.5,347.5,0.0,1400.0
2006-07-04,377.5,357.5,377.5,357.5,0.0,1.0
2006-07-05,378.5,365.0,365.0,377.5,0.0,975.0
2006-07-06,367.5,365.0,365.0,365.0,0.0,7250.0
2006-07-07,357.5,356.5,356.5,357.5,0.0,1946.0
2006-07-10,351.5,342.5,342.5,351.5,0.0,450.0
2006-07-11,342.5,342.5,342.5,342.5,0.0,20000.0
2006-07-12,350.0,345.0,350.0,345.0,0.0,400.0
2006-07-13,367.5,357.5,357.5,362.5,0.0,867.0
2006-07-14,357.5,357.5,357.5,357.5,0.0,75211.0
2006-07-17,357.5,357.5,357.5,357.5,0.0,75000.0
2006-07-18,347.5,330.0,337.5,347.5,0.0,27398.0
2006-07-19,332.5,331.0,332.5,332.5,0.0,27970.0
2006-07-20,342.5,342.5,342.5,342.5,0.0,1.0
2006-07-21,345.0,345.0,345.0,345.0,0.0,8963.0
2006-07-24,345.5,345.5,345.5,345.5,0.0,1.0
2006-07-25,346.5,346.5,346.5,346.5,0.0,280.0
2006-07-26,349.5,347.5,347.5,349.5,0.0,5000.0
2006-07-27,347.5,347.5,347.5,347.5,0.0,0.0
2006-07-28,352.5,350.0,352.5,350.0,0.0,25000.0
2006-07-31,352.5,350.0,350.0,352.5,0.0,150.0
2006-08-01,350.0,347.5,347.5,350.0,0.0,651.0
2006-08-02,346.0,346.0,346.0,346.0,0.0,100381.0
2006-08-03,352.5,347.5,351.0,347.5,0.0,105321.0
2006-08-04,345.0,345.0,345.0,345.0,0.0,286.0
2006-08-07,337.5,335.5,335.5,337.5,0.0,1.0
2006-08-08,335.5,315.0,315.0,335.5,0.0,561.0
2006-08-09,310.0,310.0,310.0,310.0,0.0,1.0
2006-08-10,325.0,317.5,325.0,320.0,0.0,8550.0
2006-08-11,325.0,322.5,325.0,322.5,0.0,13955.0
2006-08-14,317.5,317.5,317.5,317.5,0.0,871.0
2006-08-15,307.5,307.5,307.5,307.5,0.0,1247.0
2006-08-16,322.5,312.5,315.0,312.5,0.0,2760.0
2006-08-17,315.0,307.5,307.5,315.0,0.0,4444.0
2006-08-18,312.5,307.5,312.5,307.5,0.0,1.0
2006-08-21,325.0,312.5,325.0,312.5,0.0,1.0
2006-08-22,332.5,327.5,332.5,327.5,0.0,2483.0
2006-08-23,342.5,331.5,342.5,331.5,0.0,105900.0
2006-08-24,341.5,341.5,341.5,341.5,0.0,4526.0
2006-08-25,335.5,331.5,331.5,334.0,0.0,814.0
2006-08-28,331.5,331.5,331.5,331.5,0.0,0.0
2006-08-29,325.0,325.0,325.0,325.0,0.0,1.0
2006-08-30,322.5,322.5,322.5,322.5,0.0,13300.0
2006-08-31,332.5,327.5,332.5,327.5,0.0,500.0
2006-09-01,332.5,331.5,332.5,331.5,0.0,1.0
2006-09-04,327.5,327.5,327.5,327.5,0.0,1.0
2006-09-05,330.0,327.5,330.0,327.5,0.0,7000.0
2006-09-06,356.0,342.5,356.0,342.5,0.0,2556.0
2006-09-07,361.5,361.5,361.5,361.5,0.0,2264.0
2006-09-08,367.5,362.5,367.5,362.5,0.0,2270.0
2006-09-11,371.5,347.5,347.5,371.5,0.0,2500.0
2006-09-12,332.5,332.5,332.5,332.5,0.0,1.0
2006-09-13,342.5,332.5,342.5,332.5,0.0,1.0
2006-09-14,337.5,337.5,337.5,337.5,0.0,6.0
2006-09-15,325.0,316.0,317.5,322.5,0.0,2635.0
2006-09-18,313.5,310.0,313.5,310.0,0.0,974.0
2006-09-19,312.5,312.5,312.5,312.5,0.0,1250.0
2006-09-20,311.5,310.0,311.5,310.0,0.0,428.0
2006-09-21,302.5,297.5,297.5,302.5,0.0,1585.0
2006-09-22,305.0,295.0,302.5,295.0,0.0,1.0
2006-09-25,307.5,304.0,304.0,307.5,0.0,1.0
2006-09-26,307.5,305.0,307.5,305.0,0.0,2000.0
2006-09-27,340.0,311.0,333.5,311.0,0.0,10450.0
2006-09-28,365.5,357.5,365.5,357.5,0.0,508.0
2006-09-29,365.5,365.0,365.5,365.5,0.0,5000.0
2006-10-02,394.5,381.5,381.5,390.0,0.0,7800.0
2006-10-03,374.0,359.5,360.0,374.0,0.0,1747.0
2006-10-04,377.5,377.5,377.5,377.5,0.0,100.0
2006-10-05,385.0,377.5,385.0,377.5,0.0,40400.0
2006-10-06,395.0,380.0,395.0,382.5,0.0,2840.0
2006-10-09,402.5,402.5,402.5,402.5,0.0,250.0
2006-10-10,402.5,381.5,381.5,402.5,0.0,5246.0
2006-10-11,373.5,367.5,373.5,367.5,0.0,1.0
2006-10-12,374.5,371.0,371.0,374.5,0.0,1.0
2006-10-13,374.5,371.0,374.5,371.0,0.0,66.0
2006-10-16,378.5,377.5,378.5,377.5,0.0,1.0
2006-10-17,377.5,372.5,372.5,377.5,0.0,1.0
2006-10-18,372.5,364.0,369.0,372.5,0.0,1.0
2006-10-19,367.5,362.5,367.5,365.0,0.0,1.0
2006-10-20,382.5,375.0,376.5,375.0,0.0,1666.0
2006-10-23,376.5,375.0,376.5,376.5,0.0,1096.0
2006-10-24,392.5,377.5,392.5,377.5,0.0,2204.0
2006-10-25,390.0,387.5,388.5,390.0,0.0,2575.0
2006-10-26,392.5,388.5,392.5,390.0,0.0,4047.0
2006-10-27,408.5,400.0,408.5,400.0,0.0,10910.0
2006-10-30,407.5,401.5,401.5,407.5,0.0,10918.0
2006-10-31,397.5,389.0,390.0,397.5,0.0,6586.0
2006-11-01,390.5,390.5,390.5,390.5,0.0,2979.0
2006-11-02,389.0,385.0,385.0,389.0,0.0,1.0
2006-11-03,405.0,382.5,402.5,385.0,0.0,4200.0
2006-11-06,415.5,407.5,415.5,407.5,0.0,2497.0
2006-11-07,410.0,408.5,408.5,410.0,0.0,1771.0
2006-11-08,447.5,429.0,447.5,432.5,0.0,26168.0
2006-11-09,438.5,437.5,437.5,438.5,0.0,5171.0
2006-11-10,432.5,430.0,430.0,432.5,0.0,2542.0
2006-11-13,430.0,423.5,423.5,430.0,0.0,3660.0
2006-11-14,422.5,422.5,422.5,422.5,0.0,2164.0
2006-11-15,420.0,415.0,416.5,420.0,0.0,5.0
2006-11-16,426.5,420.0,426.5,420.0,0.0,7888.0
2006-11-17,422.5,407.5,407.5,422.5,0.0,1.0
2006-11-20,416.5,407.5,416.5,407.5,0.0,1.0
2006-11-21,417.5,411.5,411.5,415.0,0.0,5200.0
2006-11-22,412.5,404.0,404.0,411.5,0.0,1.0
2006-11-23,410.0,407.5,410.0,407.5,0.0,437.0
2006-11-24,410.0,407.5,410.0,407.5,0.0,140.0
2006-11-27,414.5,407.5,407.5,407.5,0.0,1500.0
2006-11-28,407.5,406.5,406.5,406.5,0.0,1.0
2006-11-29,402.5,397.5,397.5,402.5,0.0,2505.0
2006-11-30,397.5,395.0,397.5,397.5,0.0,200.0
2006-12-01,415.0,402.5,415.0,402.5,0.0,10897.0
2006-12-04,420.0,412.5,413.5,412.5,0.0,10000.0
2006-12-05,398.5,397.5,398.5,397.5,0.0,2241.0
2006-12-06,407.5,402.5,407.5,402.5,0.0,1.0
2006-12-07,412.5,402.5,412.5,405.0,0.0,5547.0
2006-12-08,407.5,401.0,401.0,402.5,0.0,1489.0
2006-12-11,394.5,387.5,387.5,394.5,0.0,3654.0
2006-12-12,387.5,376.0,376.0,387.5,0.0,6450.0
2006-12-13,377.5,367.5,377.5,377.5,0.0,6705.0
2006-12-14,380.0,380.0,380.0,380.0,0.0,1.0
2006-12-15,382.5,380.0,382.5,380.0,0.0,1.0
2006-12-18,387.5,382.5,387.5,382.5,0.0,1000.0
2006-12-19,400.0,395.0,395.0,396.5,0.0,1000.0
2006-12-20,405.0,398.5,405.0,398.5,0.0,1.0
2006-12-21,412.5,412.5,412.5,412.5,0.0,1.0
2006-12-22,409.0,409.0,409.0,409.0,0.0,500.0
2006-12-25,409.0,409.0,409.0,409.0,0.0,0.0
2006-12-26,409.0,409.0,409.0,409.0,0.0,0.0
2006-12-27,405.0,405.0,405.0,405.0,0.0,131.0
2006-12-28,401.5,397.5,397.5,401.5,0.0,1.0
2006-12-29,395.0,395.0,395.0,395.0,0.0,1.0
2007-01-01,395.0,395.0,395.0,395.0,0.0,0.0
2007-01-02,394.0,394.0,394.0,394.0,0.0,5.0
2007-01-03,387.5,387.5,387.5,387.5,0.0,1.0
2007-01-04,382.5,377.5,377.5,382.5,0.0,2924.0
2007-01-05,375.0,370.0,370.0,375.0,0.0,750.0
2007-01-08,370.0,367.5,367.5,370.0,0.0,529.0
2007-01-09,367.5,362.5,362.5,367.5,0.0,1337.0
2007-01-10,357.5,341.5,341.5,357.5,0.0,13042.0
2007-01-11,341.5,339.0,341.5,341.5,0.0,15323.0
2007-01-12,347.5,347.5,347.5,347.5,0.0,1.0
2007-01-15,360.0,357.5,360.0,360.0,0.0,9158.0
2007-01-16,372.5,365.0,372.5,365.0,0.0,1.0
2007-01-17,365.0,347.5,352.5,365.0,0.0,1.0
2007-01-18,352.5,352.5,352.5,352.5,0.0,2600.0
2007-01-19,342.5,340.0,340.0,342.5,0.0,13127.0
2007-01-22,347.5,347.5,347.5,347.5,0.0,1.0
2007-01-23,342.5,342.5,342.5,342.5,0.0,300.0
2007-01-24,351.0,346.0,351.0,347.5,0.0,1.0
2007-01-25,372.5,356.0,372.5,356.0,0.0,1500.0
2007-01-26,372.5,372.5,372.5,372.5,0.0,391.0
2007-01-29,377.5,375.0,377.5,375.0,0.0,1.0
2007-01-30,380.0,380.0,380.0,380.0,0.0,1.0
2007-01-31,379.0,377.5,377.5,379.0,0.0,200.0
2007-02-01,380.0,377.5,377.5,377.5,0.0,13295.0
2007-02-02,372.5,372.5,372.5,372.5,0.0,2200.0
2007-02-05,372.5,368.5,368.5,372.5,0.0,217.0
2007-02-06,395.0,376.5,392.5,376.5,0.0,60649.0
2007-02-07,392.5,390.0,392.5,392.5,0.0,1734.0
2007-02-08,393.5,393.5,393.5,393.5,0.0,1.0
2007-02-09,400.0,395.0,400.0,397.5,0.0,2362.0
2007-02-12,402.5,400.0,402.5,400.0,0.0,1000.0
2007-02-13,402.5,402.5,402.5,402.5,0.0,0.0
2007-02-14,410.0,402.5,407.5,402.5,0.0,148.0
2007-02-15,412.5,410.0,412.5,410.0,0.0,2577.0
2007-02-16,412.5,412.5,412.5,412.5,0.0,0.0
2007-02-19,417.5,415.0,417.5,417.5,0.0,50.0
2007-02-20,432.5,430.0,432.5,430.0,0.0,500.0
2007-02-21,442.5,442.5,442.5,442.5,0.0,1000.0
2007-02-22,447.5,437.5,437.5,444.0,0.0,3252.0
2007-02-23,442.5,437.5,442.5,437.5,0.0,500.0
2007-02-26,442.5,437.5,438.5,442.5,0.0,1018.0
2007-02-27,442.5,431.5,431.5,440.0,0.0,1035.0
2007-02-28,430.0,427.5,429.0,427.5,0.0,2300.0
2007-03-01,436.0,422.5,427.5,436.0,0.0,10539.0
2007-03-02,447.5,431.0,447.5,432.5,0.0,1.0
2007-03-05,444.0,432.5,432.5,444.0,0.0,500.0
2007-03-06,437.5,432.5,437.5,432.5,0.0,1.0
2007-03-07,442.5,437.5,442.5,437.5,0.0,23.0
2007-03-08,440.0,435.0,440.0,435.0,0.0,1.0
2007-03-09,442.5,441.5,441.5,442.5,0.0,260.0
2007-03-12,439.0,439.0,439.0,439.0,0.0,1.0
2007-03-13,440.5,425.0,425.0,439.5,0.0,1.0
2007-03-14,420.0,420.0,420.0,420.0,0.0,500.0
2007-03-15,440.0,403.5,440.0,407.5,0.0,2729.0
2007-03-16,427.5,402.5,402.5,427.5,0.0,14430.0
2007-03-19,412.5,407.5,412.5,407.5,0.0,1480.0
2007-03-20,412.5,412.5,412.5,412.5,0.0,0.0
2007-03-21,415.0,412.5,412.5,412.5,0.0,0.0
2007-03-22,412.5,412.5,412.5,412.5,0.0,6.0
2007-03-23,412.5,395.0,395.0,412.5,0.0,49690.0
2007-03-26,402.5,394.0,394.0,400.0,0.0,1250.0
2007-03-27,402.5,396.5,402.5,396.5,0.0,1.0
2007-03-28,410.0,402.5,407.5,403.5,0.0,3443.0
2007-03-29,402.5,402.5,402.5,402.5,0.0,511.0
2007-03-30,415.0,405.0,415.0,407.5,0.0,11000.0
2007-04-02,432.5,432.5,432.5,432.5,0.0,1000.0
2007-04-03,447.5,442.5,447.5,442.5,0.0,17220.0
2007-04-04,465.0,462.5,465.0,462.5,0.0,5666.0
2007-04-05,470.0,462.5,467.5,466.5,0.0,2261.0
2007-04-06,467.5,467.5,467.5,467.5,0.0,0.0
2007-04-09,467.5,467.5,467.5,467.5,0.0,0.0
2007-04-10,497.5,492.5,497.5,492.5,0.0,513.0
2007-04-11,502.5,477.5,480.0,500.0,0.0,6690.0
2007-04-12,480.0,457.5,457.5,480.0,0.0,1884.0
2007-04-13,487.5,487.5,487.5,487.5,0.0,2700.0
2007-04-16,527.5,502.5,525.0,502.5,0.0,13180.0
2007-04-17,566.0,523.5,566.0,525.0,0.0,10274.0
2007-04-18,587.5,551.5,551.5,582.5,0.0,10409.0
2007-04-19,575.0,542.5,575.0,555.0,0.0,33135.0
2007-04-20,615.0,600.0,610.0,600.0,0.0,86795.0
2007-04-23,607.5,572.5,580.0,605.0,0.0,2532.0
2007-04-24,587.5,577.5,577.5,585.0,0.0,3608.0
2007-04-25,580.0,577.5,577.5,577.5,0.0,1248.0
2007-04-26,570.0,567.5,570.0,567.5,0.0,16048.0
2007-04-27,572.5,570.0,572.5,570.0,0.0,13919.0
2007-04-30,590.0,575.0,587.5,575.0,0.0,24233.0
2007-05-01,587.5,587.5,587.5,587.5,0.0,1600.0
2007-05-02,587.5,587.5,587.5,587.5,0.0,17663.0
2007-05-03,607.5,590.0,602.5,590.0,0.0,5427.0
2007-05-04,617.5,607.5,617.5,607.5,0.0,28463.0
2007-05-06,617.5,617.5,617.5,617.5,0.0,0.0
2007-05-07,617.5,617.5,617.5,617.5,0.0,0.0
2007-05-08,620.0,617.5,617.5,620.0,0.0,18573.0
2007-05-09,640.0,635.0,640.0,635.0,0.0,1492.0
2007-05-10,640.0,637.5,637.5,640.0,0.0,5431.0
2007-05-11,637.5,637.5,637.5,637.5,0.0,300.0
2007-05-14,635.0,622.5,627.5,635.0,0.0,3000.0
2007-05-15,627.5,627.5,627.5,627.5,0.0,2266.0
2007-05-16,645.0,627.5,645.0,627.5,0.0,1702.0
2007-05-17,645.0,642.5,642.5,645.0,0.0,1500.0
2007-05-18,645.0,642.5,642.5,642.5,0.0,4153.0
2007-05-21,642.5,635.0,635.0,640.0,0.0,6211.0
2007-05-22,635.0,632.5,632.5,635.0,0.0,149.0
2007-05-23,620.0,617.5,617.5,620.0,0.0,621.0
2007-05-24,612.5,602.5,602.5,612.5,0.0,1311.0
2007-05-25,590.0,587.5,590.0,590.0,0.0,3054.0
2007-05-28,590.0,590.0,590.0,590.0,0.0,0.0
2007-05-29,592.5,590.0,592.5,590.0,0.0,751.0
2007-05-30,582.5,582.5,582.5,582.5,0.0,2077.0
2007-05-31,587.5,587.5,587.5,587.5,0.0,3874.0
2007-06-01,595.0,590.0,595.0,590.0,0.0,1.0
2007-06-04,595.0,595.0,595.0,595.0,0.0,0.0
2007-06-05,597.5,595.0,595.0,595.0,0.0,1170.0
2007-06-06,595.0,595.0,595.0,595.0,0.0,0.0
2007-06-07,597.5,597.5,597.5,597.5,0.0,4305.0
2007-06-08,592.5,592.5,592.5,592.5,0.0,8251.0
2007-06-11,620.0,592.5,615.0,592.5,0.0,1.0
2007-06-12,607.5,602.5,607.5,602.5,0.0,750.0
2007-06-13,607.5,605.0,607.5,607.5,0.0,5329.0
2007-06-14,610.0,607.5,610.0,607.5,0.0,25703.0
2007-06-15,630.0,627.5,630.0,627.5,0.0,8233.0
2007-06-18,632.5,632.5,632.5,632.5,0.0,3646.0
2007-06-19,632.5,627.5,632.5,630.0,0.0,2177.0
2007-06-20,632.5,622.5,622.5,632.5,0.0,5000.0
2007-06-21,622.5,617.5,617.5,622.5,0.0,43029.0
2007-06-22,617.5,612.5,612.5,617.5,0.0,1.0
2007-06-25,597.5,595.0,595.0,597.5,0.0,3997.0
2007-06-26,587.5,582.5,582.5,587.5,0.0,1533.0
2007-06-27,580.0,567.5,577.5,580.0,0.0,6805.0
2007-06-28,575.0,575.0,575.0,575.0,0.0,352.0
2007-06-29,575.0,572.5,572.5,575.0,0.0,2715.0
2007-07-02,570.0,562.5,562.5,570.0,0.0,6381.0
2007-07-03,562.5,562.5,562.5,562.5,0.0,0.0
2007-07-04,557.5,547.5,547.5,557.5,0.0,300.0
2007-07-05,547.5,545.0,547.5,545.0,0.0,2836.0
2007-07-06,547.5,547.5,547.5,547.5,0.0,0.0
2007-07-09,582.5,557.5,582.5,557.5,0.0,21531.0
2007-07-10,577.5,567.5,567.5,577.5,0.0,3500.0
2007-07-11,567.5,565.0,567.5,565.0,0.0,1500.0
2007-07-12,580.0,572.5,580.0,572.5,0.0,5300.0
2007-07-13,600.0,585.0,600.0,585.0,0.0,2661.0
2007-07-16,627.5,622.5,627.5,622.5,0.0,5000.0
2007-07-17,622.5,622.5,622.5,622.5,0.0,1677.0
2007-07-18,620.0,620.0,620.0,620.0,0.0,1.0
2007-07-19,617.5,617.5,617.5,617.5,0.0,17500.0
2007-07-20,632.5,625.0,632.5,625.0,0.0,10816.0
2007-07-23,647.5,647.5,647.5,647.5,0.0,501.0
2007-07-24,647.5,647.5,647.5,647.5,0.0,63781.0
2007-07-25,640.0,625.0,625.0,640.0,0.0,2220.0
2007-07-26,627.5,625.0,625.0,625.0,0.0,3350.0
2007-07-27,617.5,607.5,607.5,617.5,0.0,1.0
2007-07-30,612.5,610.0,612.5,610.0,0.0,1600.0
2007-07-31,612.5,612.5,612.5,612.5,0.0,0.0
2007-08-01,615.0,612.5,612.5,612.5,0.0,350.0
2007-08-02,615.0,615.0,615.0,615.0,0.0,320.0
2007-08-03,620.0,617.5,620.0,617.5,0.0,1.0
2007-08-06,617.5,615.0,617.5,615.0,0.0,1300.0
2007-08-07,620.0,617.5,620.0,617.5,0.0,5.0
2007-08-08,617.5,617.5,617.5,617.5,0.0,100.0
2007-08-09,617.5,605.0,605.0,617.5,0.0,1200.0
2007-08-10,595.0,580.0,580.0,595.0,0.0,1509.0
2007-08-13,587.5,575.0,587.5,575.0,0.0,85.0
2007-08-14,582.5,567.5,567.5,582.5,0.0,2915.0
2007-08-15,545.0,522.5,527.5,545.0,0.0,3788.0
2007-08-16,502.5,450.0,462.5,502.5,0.0,10712.0
2007-08-17,502.5,452.5,482.5,455.0,0.0,11466.0
2007-08-20,460.0,445.0,450.0,457.5,0.0,1320.0
2007-08-21,455.0,447.5,455.0,447.5,0.0,1.0
2007-08-22,467.5,455.0,467.5,455.0,0.0,200.0
2007-08-23,472.5,467.5,467.5,467.5,0.0,4295.0
2007-08-24,465.0,465.0,465.0,465.0,0.0,250.0
2007-08-27,465.0,465.0,465.0,465.0,0.0,0.0
2007-08-28,470.0,467.5,467.5,470.0,0.0,12500.0
2007-08-29,467.5,465.0,467.5,465.0,0.0,1000.0
2007-08-30,472.5,470.0,472.5,470.0,0.0,453.0
2007-08-31,492.5,475.0,492.5,475.0,0.0,3199.0
2007-09-03,492.5,492.5,492.5,492.5,0.0,0.0
2007-09-04,492.5,492.5,492.5,492.5,0.0,1000.0
2007-09-05,492.5,487.5,487.5,492.5,0.0,1.0
2007-09-06,497.5,487.5,497.5,487.5,0.0,971.0
2007-09-07,552.5,545.0,545.0,550.0,0.0,6284.0
2007-09-10,540.0,522.5,537.5,522.5,0.0,3329.0
2007-09-11,537.5,530.0,530.0,530.0,0.0,2500.0
2007-09-12,547.5,547.5,547.5,547.5,0.0,1200.0
2007-09-13,560.0,557.5,560.0,560.0,0.0,142.0
2007-09-14,567.5,560.0,562.5,560.0,0.0,11000.0
2007-09-17,562.5,562.5,562.5,562.5,0.0,1000.0
2007-09-18,567.5,567.5,567.5,567.5,0.0,1.0
2007-09-19,585.0,582.5,585.0,582.5,0.0,900.0
2007-09-20,607.5,585.0,607.5,585.0,0.0,3501.0
2007-09-21,607.5,607.5,607.5,607.5,0.0,1531.0
2007-09-24,582.5,580.0,582.5,582.5,0.0,8210.0
2007-09-25,590.0,590.0,590.0,590.0,0.0,629.0
2007-09-26,585.0,582.5,582.5,582.5,0.0,750.0
2007-09-27,582.5,582.5,582.5,582.5,0.0,568.0
2007-09-28,612.5,595.0,612.5,595.0,0.0,5130.0
2007-10-01,590.0,575.0,580.0,590.0,0.0,5938.0
2007-10-02,580.0,562.5,562.5,575.0,0.0,3698.0
2007-10-03,575.0,572.5,575.0,572.5,0.0,1000.0
2007-10-04,570.0,567.5,567.5,570.0,0.0,77.0
2007-10-05,567.5,567.5,567.5,567.5,0.0,6.0
2007-10-08,570.0,570.0,570.0,570.0,0.0,1.0
2007-10-09,575.0,570.0,575.0,570.0,0.0,12498.0
2007-10-10,575.0,575.0,575.0,575.0,0.0,0.0
2007-10-11,592.5,580.0,592.5,580.0,0.0,2251.0
2007-10-12,602.5,595.0,602.5,595.0,0.0,2500.0
2007-10-15,602.5,600.0,600.0,602.5,0.0,2235.0
2007-10-16,600.0,587.5,587.5,600.0,0.0,1829.0
2007-10-17,585.0,585.0,585.0,585.0,0.0,480.0
2007-10-18,585.0,585.0,585.0,585.0,0.0,0.0
2007-10-19,582.5,582.5,582.5,582.5,0.0,1.0
2007-10-22,582.5,577.5,582.5,580.0,0.0,7000.0
2007-10-23,640.0,582.5,640.0,582.5,0.0,1500.0
2007-10-24,652.5,632.5,642.5,632.5,0.0,2828.0
2007-10-25,642.5,640.0,640.0,642.5,0.0,850.0
2007-10-26,687.5,640.0,687.5,640.0,0.0,12820.0
2007-10-29,697.5,680.0,690.0,680.0,0.0,14052.0
2007-10-30,745.0,697.5,707.5,697.5,0.0,8270.0
2007-10-31,690.0,687.5,690.0,690.0,0.0,450.0
2007-11-01,695.0,682.5,682.5,695.0,0.0,2126.0
2007-11-02,687.5,667.5,687.5,670.0,0.0,7512.0
2007-11-05,692.5,685.0,685.0,685.0,0.0,934.0
2007-11-06,697.5,690.0,697.5,690.0,0.0,7615.0
2007-11-07,725.0,717.5,725.0,717.5,0.0,422.0
2007-11-08,717.5,710.0,710.0,712.5,0.0,3138.0
2007-11-09,700.0,675.0,675.0,700.0,0.0,11193.0
2007-11-12,675.0,657.5,657.5,675.0,0.0,2500.0
2007-11-13,652.5,642.5,645.0,652.5,0.0,10659.0
2007-11-14,720.0,670.0,720.0,670.0,0.0,2295.0
2007-11-15,715.0,685.0,690.0,715.0,0.0,20206.0
2007-11-16,690.0,677.5,690.0,682.5,0.0,5800.0
2007-11-19,695.0,687.5,687.5,695.0,0.0,3600.0
2007-11-20,677.5,672.5,672.5,677.5,0.0,2000.0
2007-11-21,672.5,662.5,662.5,672.5,0.0,1977.0
2007-11-22,677.5,677.5,677.5,677.5,0.0,710.0
2007-11-23,685.0,677.5,685.0,677.5,0.0,1.0
2007-11-26,695.0,695.0,695.0,695.0,0.0,49.0
2007-11-27,692.5,670.0,670.0,692.5,0.0,1.0
2007-11-28,672.5,667.5,667.5,672.5,0.0,13000.0
2007-11-29,672.5,665.0,670.0,672.5,0.0,159.0
2007-11-30,662.5,650.0,650.0,660.0,0.0,180.0
2007-12-03,650.0,647.5,647.5,647.5,0.0,1.0
2007-12-04,627.5,612.5,612.5,627.5,0.0,3769.0
2007-12-05,625.0,625.0,625.0,625.0,0.0,1.0
2007-12-06,625.0,622.5,625.0,625.0,0.0,0.0
2007-12-07,647.5,640.0,647.5,640.0,0.0,1.0
2007-12-10,647.5,647.5,647.5,647.5,0.0,0.0
2007-12-11,655.0,650.0,655.0,650.0,0.0,1.0
2007-12-12,630.0,610.0,630.0,610.0,0.0,1000.0
2007-12-13,625.0,607.5,607.5,625.0,0.0,7083.0
2007-12-14,607.5,607.5,607.5,607.5,0.0,1628.0
2007-12-17,612.5,610.0,612.5,610.0,0.0,935.0
2007-12-18,622.5,610.0,610.0,610.0,0.0,100.0
2007-12-19,610.0,605.0,605.0,610.0,0.0,16.0
2007-12-20,607.5,605.0,607.5,605.0,0.0,1489.0
2007-12-21,617.5,610.0,617.5,610.0,0.0,46.0
2007-12-24,642.5,637.5,642.5,637.5,0.0,2465.0
2007-12-25,642.5,642.5,642.5,642.5,0.0,0.0
2007-12-26,642.5,642.5,642.5,642.5,0.0,0.0
2007-12-27,650.0,650.0,650.0,650.0,0.0,2013.0
2007-12-28,645.0,640.0,642.5,642.5,0.0,926.0
2007-12-31,645.0,645.0,645.0,645.0,0.0,197.0
2008-01-01,645.0,645.0,645.0,645.0,0.0,0.0
2008-01-02,642.5,640.0,642.5,640.0,0.0,2169.0
2008-01-03,640.0,637.5,637.5,640.0,0.0,1.0
2008-01-04,640.0,635.0,635.0,640.0,0.0,2636.0
2008-01-07,617.5,602.5,602.5,617.5,0.0,1332.0
2008-01-08,615.0,587.5,615.0,600.0,0.0,902.0
2008-01-09,625.0,620.0,625.0,620.0,0.0,27533.0
2008-01-10,625.0,610.0,610.0,625.0,0.0,111251.0
2008-01-11,620.0,617.5,617.5,620.0,0.0,581.0
2008-01-14,625.0,617.5,625.0,617.5,0.0,5974.0
2008-01-15,622.5,607.5,607.5,622.5,0.0,4463.0
2008-01-16,585.0,572.5,572.5,582.5,0.0,3508.0
2008-01-17,567.5,565.0,567.5,565.0,0.0,1.0
2008-01-18,547.5,537.5,547.5,540.0,0.0,172.0
2008-01-21,537.5,510.0,510.0,537.5,0.0,5484.0
2008-01-22,507.5,457.5,507.5,497.5,0.0,6667.0
2008-01-23,535.0,515.0,535.0,515.0,0.0,11507.0
2008-01-24,562.5,535.0,540.0,535.0,0.0,2417.0
2008-01-25,540.0,540.0,540.0,540.0,0.0,1093.0
2008-01-28,537.5,535.0,537.5,537.5,0.0,1654.0
2008-01-29,537.5,537.5,537.5,537.5,0.0,1231.0
2008-01-30,525.0,525.0,525.0,525.0,0.0,1100.0
2008-01-31,552.5,530.0,530.0,547.5,0.0,4748.0
2008-02-01,545.0,532.5,542.5,532.5,0.0,3608.0
2008-02-04,537.5,510.0,510.0,537.5,0.0,31085.0
2008-02-05,502.5,497.5,497.5,502.5,0.0,400.0
2008-02-06,512.5,497.5,512.5,497.5,0.0,1769.0
2008-02-07,512.5,512.5,512.5,512.5,0.0,183.0
2008-02-08,545.0,517.5,545.0,517.5,0.0,1000.0
2008-02-11,547.5,542.5,547.5,542.5,0.0,1902.0
2008-02-12,562.5,550.0,562.5,550.0,0.0,4127.0
2008-02-13,562.5,552.5,552.5,562.5,0.0,4650.0
2008-02-14,562.5,555.0,562.5,555.0,0.0,2505.0
2008-02-15,565.0,562.5,565.0,562.5,0.0,4250.0
2008-02-18,567.5,567.5,567.5,567.5,0.0,5.0
2008-02-19,567.5,555.0,557.5,567.5,0.0,3332.0
2008-02-20,565.0,562.5,562.5,565.0,0.0,137.0
2008-02-21,567.5,565.0,567.5,565.0,0.0,1509.0
2008-02-22,542.5,530.0,530.0,542.5,0.0,1000.0
2008-02-25,532.5,530.0,532.5,530.0,0.0,2576.0
2008-02-26,537.5,532.5,537.5,532.5,0.0,2243.0
2008-02-27,545.0,537.5,545.0,537.5,0.0,200.0
2008-02-28,555.0,550.0,555.0,550.0,0.0,37.0
2008-02-29,555.0,555.0,555.0,555.0,0.0,40.0
2008-03-03,550.0,542.5,550.0,545.0,0.0,680.0
2008-03-04,547.5,547.5,547.5,547.5,0.0,1700.0
2008-03-05,557.5,545.0,557.5,545.0,0.0,602.0
2008-03-06,557.5,552.5,552.5,557.5,0.0,2006.0
2008-03-07,552.5,550.0,550.0,552.5,0.0,1431.0
2008-03-10,547.5,527.5,527.5,547.5,0.0,750.0
2008-03-11,517.5,515.0,517.5,517.5,0.0,1249.0
2008-03-12,527.5,522.5,527.5,522.5,0.0,320.0
2008-03-13,527.5,527.5,527.5,527.5,0.0,847.0
2008-03-14,537.5,537.5,537.5,537.5,0.0,1.0
2008-03-17,532.5,517.5,532.5,527.5,0.0,1255.0
2008-03-18,532.5,530.0,530.0,532.5,0.0,1.0
2008-03-19,527.5,510.0,510.0,527.5,0.0,70394.0
2008-03-20,502.5,487.5,487.5,502.5,0.0,2205.0
2008-03-21,487.5,487.5,487.5,487.5,0.0,0.0
2008-03-24,487.5,487.5,487.5,487.5,0.0,0.0
2008-03-25,485.0,477.5,477.5,485.0,0.0,920.0
2008-03-26,485.0,485.0,485.0,485.0,0.0,940.0
2008-03-27,482.5,470.0,470.0,482.5,0.0,181.0
2008-03-28,470.0,462.5,465.0,470.0,0.0,3901.0
2008-03-31,465.0,465.0,465.0,465.0,0.0,200.0
2008-04-01,452.5,437.5,437.5,452.5,0.0,1761.0
2008-04-02,452.5,437.5,452.5,437.5,0.0,2000.0
2008-04-03,452.5,452.5,452.5,452.5,0.0,1358.0
2008-04-04,452.5,452.5,452.5,452.5,0.0,1538.0
2008-04-07,460.0,457.5,460.0,457.5,0.0,367.0
2008-04-08,457.5,455.0,457.5,455.0,0.0,367.0
2008-04-09,442.5,442.5,442.5,442.5,0.0,15778.0
2008-04-10,442.5,422.5,422.5,442.5,0.0,1462.0
2008-04-11,422.5,422.5,422.5,422.5,0.0,1549.0
2008-04-14,407.5,405.0,405.0,407.5,0.0,600.0
2008-04-15,420.0,405.0,417.5,405.0,0.0,3833.0
2008-04-16,445.0,417.5,445.0,417.5,0.0,5807.0
2008-04-17,457.5,452.5,457.5,452.5,0.0,50.0
2008-04-18,430.0,417.5,417.5,430.0,0.0,6600.0
2008-04-21,432.5,421.0,432.5,421.0,0.0,115.0
2008-04-22,422.5,417.5,420.0,422.5,0.0,1581.0
2008-04-23,417.5,407.5,407.5,417.5,0.0,11034.0
2008-04-24,392.5,392.5,392.5,392.5,0.0,357.0
2008-04-25,387.5,387.5,387.5,387.5,0.0,1676.0
2008-04-28,387.5,387.5,387.5,387.5,0.0,1057.0
2008-04-29,400.0,387.5,387.5,392.5,0.0,1877.0
2008-04-30,385.0,382.5,382.5,385.0,0.0,1431.0
2008-05-01,385.0,382.5,382.5,385.0,0.0,253.0
2008-05-02,377.5,377.5,377.5,377.5,0.0,2079.0
2008-05-05,377.5,377.5,377.5,377.5,0.0,0.0
2008-05-06,400.0,397.5,400.0,397.5,0.0,4310.0
2008-05-07,402.5,395.0,395.0,402.5,0.0,1340.0
2008-05-08,392.5,392.5,392.5,392.5,0.0,1302.0
2008-05-09,387.5,387.5,387.5,387.5,0.0,1.0
2008-05-12,387.5,382.5,382.5,387.5,0.0,2500.0
2008-05-13,397.5,382.5,397.5,382.5,0.0,2680.0
2008-05-14,442.5,422.5,422.5,437.5,0.0,47874.0
2008-05-15,422.5,407.5,422.5,410.0,0.0,10750.0
2008-05-16,472.5,442.5,470.0,442.5,0.0,3756.0
2008-05-19,492.5,487.5,492.5,487.5,0.0,697.0
2008-05-20,497.5,485.0,485.0,492.5,0.0,1122.0
2008-05-21,482.5,482.5,482.5,482.5,0.0,400.0
2008-05-22,482.5,475.0,475.0,482.5,0.0,4956.0
2008-05-23,477.5,472.5,477.5,472.5,0.0,1.0
2008-05-26,477.5,477.5,477.5,477.5,0.0,0.0
2008-05-27,492.5,480.0,492.5,480.0,0.0,2500.0
2008-05-28,497.5,492.5,497.5,492.5,0.0,2250.0
2008-05-29,512.5,502.5,512.5,502.5,0.0,5000.0
2008-05-30,502.5,502.5,502.5,502.5,0.0,800.0
2008-06-02,507.5,502.5,507.5,502.5,0.0,1.0
2008-06-03,507.5,507.5,507.5,507.5,0.0,0.0
2008-06-04,492.5,487.5,487.5,492.5,0.0,3250.0
2008-06-05,482.5,455.0,455.0,482.5,0.0,307.0
2008-06-06,472.5,457.5,472.5,457.5,0.0,500.0
2008-06-09,472.5,457.5,457.5,472.5,0.0,80.0
2008-06-10,462.5,457.5,462.5,457.5,0.0,1.0
2008-06-11,462.5,460.0,460.0,462.5,0.0,2500.0
2008-06-12,457.5,450.0,450.0,457.5,0.0,1.0
2008-06-13,454.5,447.5,454.5,450.0,0.0,1.0
2008-06-16,473.0,461.0,473.0,461.0,0.0,1000.0
2008-06-17,501.5,477.5,501.5,477.5,0.0,2100.0
2008-06-18,500.5,499.0,499.0,499.0,0.0,1246.0
2008-06-19,500.0,490.0,500.0,492.5,0.0,1.0
2008-06-20,498.5,490.0,490.0,498.5,0.0,5.0
2008-06-23,482.5,477.5,477.5,482.5,0.0,1500.0
2008-06-24,472.5,471.5,471.5,472.5,0.0,10000.0
2008-06-25,482.5,480.5,480.5,482.5,0.0,1.0
2008-06-26,480.5,480.5,480.5,480.5,0.0,1000.0
2008-06-27,489.5,479.5,489.5,479.5,0.0,42.0
2008-06-30,487.5,487.5,487.5,487.5,0.0,1.0
2008-07-01,497.5,495.0,497.5,495.0,0.0,250.0
2008-07-02,497.5,487.5,487.5,497.5,0.0,1621.0
2008-07-03,495.0,490.0,490.0,495.0,0.0,1100.0
2008-07-04,492.5,492.5,492.5,492.5,0.0,1.0
2008-07-07,495.0,492.5,492.5,495.0,0.0,5.0
2008-07-08,492.5,482.5,482.5,492.5,0.0,1.0
2008-07-09,477.5,467.5,467.5,477.5,0.0,390.0
2008-07-10,473.5,467.5,473.5,467.5,0.0,1.0
2008-07-11,482.5,481.0,482.5,481.0,0.0,1.0
2008-07-14,497.5,482.5,497.5,482.5,0.0,67200.0
2008-07-15,502.5,502.5,502.5,502.5,0.0,680.0
2008-07-16,497.5,495.0,495.0,497.5,0.0,661.0
2008-07-17,482.5,482.5,482.5,482.5,0.0,1.0
2008-07-18,465.0,462.5,462.5,465.0,0.0,1.0
2008-07-21,450.0,435.0,435.0,447.5,0.0,10000.0
2008-07-22,415.0,412.5,415.0,412.5,0.0,253.0
2008-07-23,415.0,382.5,382.5,415.0,0.0,1.0
2008-07-24,375.0,362.5,362.5,375.0,0.0,2784.0
2008-07-25,367.5,360.0,367.5,360.0,0.0,1.0
2008-07-28,367.5,367.5,367.5,367.5,0.0,0.0
2008-07-29,365.0,362.5,365.0,362.5,0.0,1.0
2008-07-30,365.0,365.0,365.0,365.0,0.0,0.0
2008-07-31,377.5,365.0,377.5,365.0,0.0,1000.0
2008-08-01,375.0,372.5,373.5,375.0,0.0,1.0
2008-08-04,372.5,372.5,372.5,372.5,0.0,3000.0
2008-08-05,372.5,365.0,365.0,372.5,0.0,4549.0
2008-08-06,350.0,347.5,350.0,350.0,0.0,3100.0
2008-08-07,352.5,352.5,352.5,352.5,0.0,8.0
2008-08-08,352.5,345.0,345.0,352.5,0.0,2819.0
2008-08-11,347.5,345.0,347.5,345.0,0.0,30479.0
2008-08-12,332.5,322.5,332.5,322.5,0.0,31527.0
2008-08-13,378.5,347.5,378.5,347.5,0.0,153.0
2008-08-14,405.0,380.0,380.0,405.0,0.0,224.0
2008-08-15,365.0,357.5,365.0,357.5,0.0,500.0
2008-08-18,352.5,352.5,352.5,352.5,0.0,1.0
2008-08-19,357.5,357.5,357.5,357.5,0.0,200.0
2008-08-20,350.0,350.0,350.0,350.0,0.0,1800.0
2008-08-21,355.0,352.5,355.0,352.5,0.0,3276.0
2008-08-22,387.5,377.5,377.5,385.0,0.0,2738.0
2008-08-25,377.5,377.5,377.5,377.5,0.0,0.0
2008-08-26,380.0,377.5,377.5,377.5,0.0,2807.0
2008-08-27,377.5,377.5,377.5,377.5,0.0,0.0
2008-08-28,407.5,392.5,405.0,392.5,0.0,8262.0
2008-08-29,392.5,392.5,392.5,392.5,0.0,139.0
2008-09-01,392.5,392.5,392.5,392.5,0.0,2526.0
2008-09-02,392.5,385.0,385.0,392.5,0.0,1.0
2008-09-03,357.5,342.5,342.5,357.5,0.0,1.0
2008-09-04,350.0,345.0,345.0,347.5,0.0,2000.0
2008-09-05,345.0,340.0,342.5,340.0,0.0,9.0
2008-09-08,335.0,335.0,335.0,335.0,0.0,1.0
2008-09-09,342.5,320.0,320.0,342.5,0.0,11100.0
2008-09-10,292.5,240.0,240.0,277.5,0.0,5201.0
2008-09-11,262.5,247.5,262.5,247.5,0.0,2521.0
2008-09-12,267.5,257.5,257.5,260.0,0.0,1.0
2008-09-15,290.0,282.5,285.0,285.0,0.0,12000.0
2008-09-16,250.0,247.5,250.0,247.5,0.0,12.0
2008-09-17,272.5,265.0,272.5,265.0,0.0,2682.0
2008-09-18,337.5,302.5,322.5,302.5,0.0,318.0
2008-09-19,337.5,325.0,337.5,325.0,0.0,4500.0
2008-09-22,367.5,340.0,355.0,342.5,0.0,7000.0
2008-09-23,377.5,367.5,367.5,377.5,0.0,190.0
2008-09-24,372.5,367.5,371.0,367.5,0.0,3447.0
2008-09-25,372.5,372.5,372.5,372.5,0.0,1.0
2008-09-26,372.5,370.0,370.0,372.5,0.0,1.0
2008-09-29,372.5,362.5,362.5,372.5,0.0,20585.0
2008-09-30,347.5,337.5,347.5,337.5,0.0,200.0
2008-10-01,367.5,352.5,367.5,352.5,0.0,2000.0
2008-10-02,377.5,347.5,347.5,377.5,0.0,61.0
2008-10-03,307.5,281.5,307.5,292.5,0.0,9257.0
2008-10-06,312.5,280.0,285.0,312.5,0.0,21744.0
2008-10-07,287.5,267.5,277.5,267.5,0.0,4251.0
2008-10-08,260.0,257.5,260.0,257.5,0.0,1525.0
2008-10-09,307.5,301.5,305.0,302.5,0.0,3015.0
2008-10-10,275.0,262.5,262.5,272.5,0.0,3020.0
2008-10-13,220.0,202.0,215.0,204.5,0.0,2382.0
2008-10-14,242.5,222.5,235.0,222.5,0.0,1850.0
2008-10-15,212.5,207.5,207.5,212.5,0.0,13.0
2008-10-16,195.0,192.5,195.0,192.5,0.0,2500.0
2008-10-17,182.5,177.5,177.5,182.5,0.0,800.0
2008-10-20,182.5,175.0,182.5,175.0,0.0,176.0
2008-10-21,218.0,192.5,192.5,212.5,0.0,1291.0
2008-10-22,175.0,172.5,172.5,175.0,0.0,2000.0
2008-10-23,172.5,162.5,162.5,172.5,0.0,10861.0
2008-10-24,155.0,145.0,145.0,155.0,0.0,482.0
2008-10-27,162.5,152.5,162.5,152.5,0.0,612.0
2008-10-28,142.5,135.0,142.5,135.0,0.0,1160.0
2008-10-29,192.5,157.5,192.5,157.5,5.0,6900.0
2008-10-30,220.0,210.0,217.5,210.0,2.0,479.0
2008-10-31,217.5,207.5,207.5,217.5,0.0,1.0
2008-11-03,212.5,202.5,212.5,202.5,0.0,1.0
2008-11-04,242.5,220.0,242.5,220.0,2.0,3000.0
2008-11-05,252.5,237.5,242.5,252.5,3.0,5318.0
2008-11-06,235.0,225.0,225.0,235.0,3.0,2500.0
2008-11-07,190.0,182.5,190.0,182.5,1.0,700.0
2008-11-10,215.0,197.5,212.5,197.5,3.0,5500.0
2008-11-11,227.5,212.5,212.5,227.5,2.0,792.0
2008-11-12,200.0,200.0,200.0,200.0,0.0,1.0
2008-11-13,182.5,177.5,182.5,177.5,1.0,54.0
2008-11-14,207.5,202.5,207.5,205.0,2.0,2000.0
2008-11-17,187.5,182.5,182.5,187.5,2.0,550.0
2008-11-18,182.5,182.5,182.5,182.5,0.0,0.0
2008-11-19,182.5,182.5,182.5,182.5,0.0,0.0
2008-11-20,172.5,165.0,165.0,172.5,1.0,17.0
2008-11-21,170.0,162.5,165.0,165.0,5.0,4301.0
2008-11-24,202.5,187.5,202.5,187.5,1.0,7000.0
2008-11-25,200.0,195.0,195.0,200.0,2.0,2000.0
2008-11-26,200.0,197.5,200.0,197.5,0.0,1.0
2008-11-27,237.5,229.0,229.0,237.5,1.0,700.0
2008-11-28,231.5,229.0,231.5,229.0,1.0,428.0
2008-12-01,242.5,220.0,222.5,242.5,4.0,4000.0
2008-12-02,220.0,217.5,220.0,220.0,5.0,4525.0
2008-12-03,231.0,231.0,231.0,231.0,0.0,1.0
2008-12-04,215.0,213.0,213.0,215.0,0.0,1.0
2008-12-05,210.0,206.0,206.0,210.0,2.0,818.0
2008-12-08,200.0,197.5,200.0,197.5,3.0,3000.0
2008-12-09,215.0,210.0,212.5,210.0,5.0,6238.0
2008-12-10,215.0,205.0,215.0,207.5,5.0,4482.0
2008-12-11,235.0,220.0,235.0,220.0,2.0,3000.0
2008-12-12,232.5,226.5,229.0,232.5,2.0,5000.0
2008-12-15,230.0,222.5,225.0,229.0,2.0,10056.0
2008-12-16,227.5,226.5,226.5,227.5,0.0,1.0
2008-12-17,257.5,247.5,257.5,247.5,2.0,2000.0
2008-12-18,265.0,250.0,250.0,265.0,4.0,3635.0
2008-12-19,242.5,232.5,232.5,242.5,2.0,2731.0
2008-12-22,212.5,205.0,207.5,212.5,4.0,17116.0
2008-12-23,207.5,207.5,207.5,207.5,1.0,325.0
2008-12-24,217.5,212.5,217.5,212.5,3.0,3000.0
2008-12-25,217.5,217.5,217.5,217.5,0.0,0.0
2008-12-26,217.5,217.5,217.5,217.5,0.0,0.0
2008-12-29,227.5,217.5,227.5,217.5,2.0,2000.0
2008-12-30,240.0,232.5,240.0,232.5,5.0,2087.0
2008-12-31,245.0,245.0,245.0,245.0,2.0,68.0
2009-01-01,245.0,245.0,245.0,245.0,0.0,0.0
2009-01-02,245.0,245.0,245.0,245.0,1.0,100.0
2009-01-05,247.5,242.5,242.5,247.5,6.0,5195.0
2009-01-06,247.5,245.0,245.0,245.0,1.0,756.0
2009-01-07,247.5,232.5,232.5,245.0,0.0,1.0
2009-01-08,225.0,225.0,225.0,225.0,1.0,204.0
2009-01-09,225.0,225.0,225.0,225.0,0.0,0.0
2009-01-12,230.0,225.0,225.0,230.0,1.0,1500.0
2009-01-13,217.5,215.0,215.0,217.5,0.0,1.0
2009-01-14,215.0,215.0,215.0,215.0,0.0,0.0
2009-01-15,210.0,210.0,210.0,210.0,1.0,14.0
2009-01-16,227.5,210.0,220.0,210.0,3.0,3000.0
2009-01-19,227.5,222.5,225.0,222.5,1.0,218.0
2009-01-20,242.5,227.5,242.5,227.5,4.0,4250.0
2009-01-21,247.5,242.5,247.5,247.5,1.0,2000.0
2009-01-22,265.0,250.0,262.5,250.0,4.0,3975.0
2009-01-23,285.0,262.5,285.0,262.5,1.0,360.0
2009-01-26,310.0,305.0,307.5,305.0,11.0,12241.0
2009-01-27,310.0,297.5,300.0,310.0,1.0,1337.0
2009-01-28,297.5,286.0,286.0,295.0,1.0,166.0
2009-01-29,285.0,282.5,282.5,285.0,3.0,5554.0
2009-01-30,297.5,292.5,297.5,292.5,7.0,5475.0
2009-02-02,302.5,292.5,292.5,297.5,6.0,4270.0
2009-02-03,295.0,292.5,292.5,292.5,1.0,100.0
2009-02-04,315.0,302.5,315.0,302.5,2.0,1099.0
2009-02-05,337.5,325.0,332.5,325.0,5.0,6106.0
2009-02-06,347.5,342.5,342.5,342.5,7.0,5110.0
2009-02-09,340.0,332.5,332.5,340.0,0.0,1.0
2009-02-10,332.5,325.0,332.5,325.0,2.0,2000.0
2009-02-11,352.5,332.5,352.5,332.5,5.0,15600.0
2009-02-12,352.5,347.5,352.5,347.5,2.0,4845.0
2009-02-13,367.5,360.0,362.5,367.5,1.0,35.0
2009-02-16,377.5,377.5,377.5,377.5,2.0,748.0
2009-02-17,392.5,377.5,392.5,377.5,4.0,2914.0
2009-02-18,392.5,375.5,375.5,390.0,1.0,1500.0
2009-02-19,377.5,377.5,377.5,377.5,1.0,38.0
2009-02-20,377.5,372.5,377.5,372.5,3.0,1553.0
2009-02-23,380.0,377.5,377.5,377.5,3.0,3600.0
2009-02-24,377.5,360.0,360.0,377.5,0.0,1.0
2009-02-25,337.5,322.5,337.5,322.5,4.0,1413.0
2009-02-26,335.0,322.5,322.5,332.5,1.0,1180.0
2009-02-27,317.5,312.5,315.0,317.5,4.0,932.0
2009-03-02,307.5,302.5,302.5,307.5,1.0,77.0
2009-03-03,297.5,280.0,280.0,297.5,1.0,298.0
2009-03-04,282.5,277.5,280.0,277.5,2.0,943.0
2009-03-05,282.5,280.0,282.5,280.0,3.0,1193.0
2009-03-06,292.5,282.5,292.5,282.5,0.0,1.0
2009-03-09,297.5,292.5,297.5,297.5,1.0,10000.0
2009-03-10,300.0,300.0,300.0,300.0,1.0,1315.0
2009-03-11,297.5,292.5,297.5,292.5,0.0,1.0
2009-03-12,297.5,297.5,297.5,297.5,0.0,0.0
2009-03-13,317.5,315.0,315.0,317.5,1.0,2600.0
2009-03-16,320.0,320.0,320.0,320.0,0.0,1.0
2009-03-17,337.5,332.5,332.5,337.5,2.0,5143.0
2009-03-18,330.0,305.0,305.0,327.5,2.0,1925.0
2009-03-19,342.5,320.0,342.5,322.5,2.0,1945.0
2009-03-20,355.0,345.0,355.0,347.5,0.0,1.0
2009-03-23,357.5,357.5,357.5,357.5,0.0,1.0
2009-03-24,352.5,347.5,347.5,352.5,1.0,169.0
2009-03-25,352.5,352.5,352.5,352.5,0.0,1.0
2009-03-26,387.5,360.0,387.5,360.0,4.0,9000.0
2009-03-27,407.5,402.5,402.5,402.5,6.0,4997.0
2009-03-29,402.5,402.5,402.5,402.5,0.0,0.0
2009-03-30,417.5,400.0,400.0,412.5,5.0,10240.0
2009-03-31,420.0,405.0,420.0,405.0,0.0,1.0
2009-04-01,417.5,417.5,417.5,417.5,1.0,186.0
2009-04-02,432.5,420.0,420.0,432.5,4.0,3123.0
2009-04-03,422.5,420.0,420.0,422.5,1.0,1750.0
2009-04-06,410.0,400.0,400.0,410.0,3.0,2597.0
2009-04-07,407.5,400.0,407.5,400.0,0.0,1.0
2009-04-08,412.5,407.5,412.5,407.5,1.0,142.0
2009-04-09,412.5,405.0,405.0,412.5,1.0,1301.0
2009-04-10,405.0,405.0,405.0,405.0,0.0,0.0
2009-04-13,405.0,405.0,405.0,405.0,0.0,0.0
2009-04-14,400.0,392.5,392.5,400.0,3.0,2591.0
2009-04-15,387.5,382.5,382.5,387.5,2.0,2420.0
2009-04-16,385.0,377.5,377.5,382.5,0.0,1.0
2009-04-17,377.5,375.0,377.5,375.0,0.0,1.0
2009-04-20,377.5,377.5,377.5,377.5,1.0,275.0
2009-04-21,377.5,377.5,377.5,377.5,1.0,144.0
2009-04-22,377.5,377.5,377.5,377.5,1.0,7.0
2009-04-23,407.5,397.5,407.5,397.5,7.0,72060.0
2009-04-24,447.5,427.5,447.5,427.5,5.0,10495.0
2009-04-27,457.5,455.0,457.5,455.0,1.0,1000.0
2009-04-28,462.5,450.0,452.5,462.5,4.0,5925.0
2009-04-29,480.0,472.5,477.5,479.0,9.0,19678.0
2009-04-30,480.0,477.5,480.0,477.5,1.0,2051.0
2009-05-01,490.0,480.0,490.0,480.0,2.0,1280.0
2009-05-04,490.0,490.0,490.0,490.0,0.0,0.0
2009-05-05,527.5,505.0,525.0,510.0,7.0,8720.0
2009-05-06,522.5,522.5,522.5,522.5,2.0,629.0
2009-05-07,545.0,522.5,532.5,525.0,8.0,7157.0
2009-05-08,557.5,547.5,557.5,547.5,3.0,10558.0
2009-05-11,542.5,517.5,520.0,542.5,4.0,1420.0
2009-05-12,517.5,517.5,517.5,517.5,1.0,24.0
2009-05-13,555.0,537.5,555.0,537.5,48.0,7400.0
2009-05-14,555.0,552.5,552.5,552.5,65.0,8337.0
2009-05-15,555.0,547.5,552.5,555.0,68.0,9600.0
2009-05-18,542.5,542.5,542.5,542.5,0.0,1.0
2009-05-19,542.5,532.5,532.5,542.5,0.0,1.0
2009-05-20,542.5,527.5,542.5,532.5,2.0,2500.0
2009-05-21,540.0,532.5,532.5,540.0,3.0,1610.0
2009-05-22,537.5,537.5,537.5,537.5,1.0,1000.0
2009-05-25,537.5,537.5,537.5,537.5,0.0,0.0
2009-05-26,535.0,532.5,532.5,535.0,1.0,345.0
2009-05-27,525.0,515.0,515.0,525.0,1.0,1000.0
2009-05-28,507.5,500.0,500.0,507.5,0.0,1.0
2009-05-29,535.0,520.0,535.0,522.5,3.0,2185.0
2009-06-01,535.0,535.0,535.0,535.0,0.0,0.0
2009-06-02,537.5,537.5,537.5,537.5,3.0,165.0
2009-06-03,537.5,537.5,537.5,537.5,1.0,183.0
2009-06-04,530.0,527.5,527.5,530.0,1.0,1000.0
2009-06-05,530.0,525.0,525.0,530.0,0.0,1.0
2009-06-08,517.5,500.0,500.0,515.0,1.0,1000.0
2009-06-09,510.0,505.0,507.5,505.0,2.0,2671.0
2009-06-10,505.0,505.0,505.0,505.0,1.0,1040.0
2009-06-11,505.0,505.0,505.0,505.0,0.0,0.0
2009-06-12,515.0,512.5,512.5,515.0,5.0,2432.0
2009-06-15,512.5,512.5,512.5,512.5,0.0,0.0
2009-06-16,510.0,510.0,510.0,510.0,1.0,100.0
2009-06-17,502.5,502.5,502.5,502.5,0.0,1.0
2009-06-18,497.5,497.5,497.5,497.5,0.0,1.0
2009-06-19,497.5,497.5,497.5,497.5,0.0,0.0
2009-06-22,495.0,485.0,485.0,495.0,1.0,5.0
2009-06-23,475.0,467.5,475.0,467.5,4.0,4040.0
2009-06-24,482.5,477.5,482.5,477.5,0.0,1.0
2009-06-25,485.0,482.5,482.5,485.0,0.0,1.0
2009-06-26,515.0,495.0,515.0,495.0,8.0,4112.0
2009-06-29,517.5,517.5,517.5,517.5,2.0,397.0
2009-06-30,517.5,517.5,517.5,517.5,1.0,21.0
2009-07-01,512.5,512.5,512.5,512.5,1.0,2500.0
2009-07-02,512.5,512.5,512.5,512.5,0.0,0.0
2009-07-03,515.0,512.5,515.0,512.5,0.0,1.0
2009-07-06,515.0,512.5,512.5,515.0,0.0,1.0
2009-07-07,485.0,462.5,482.5,462.5,2.0,1360.0
2009-07-08,482.5,477.5,477.5,482.5,0.0,1.0
2009-07-09,467.5,452.5,452.5,467.5,2.0,2000.0
2009-07-10,442.5,422.5,422.5,442.5,2.0,2600.0
2009-07-13,410.0,402.5,402.5,410.0,1.0,346.0
2009-07-14,422.5,397.5,422.5,397.5,3.0,2929.0
2009-07-15,427.5,422.5,427.5,422.5,0.0,1.0
2009-07-16,427.5,417.5,417.5,427.5,0.0,1.0
2009-07-17,417.5,415.0,417.5,415.0,3.0,4233.0
2009-07-20,422.5,417.5,422.5,417.5,2.0,342.0
2009-07-21,452.5,430.0,445.0,430.0,4.0,1707.0
2009-07-22,445.0,440.0,440.0,445.0,3.0,1072.0
2009-07-23,472.5,452.5,472.5,452.5,1.0,1000.0
2009-07-24,485.0,477.5,485.0,477.5,2.0,545.0
2009-07-27,485.0,485.0,485.0,485.0,0.0,0.0
2009-07-28,482.5,482.5,482.5,482.5,1.0,233.0
2009-07-29,482.5,482.5,482.5,482.5,1.0,49000.0
2009-07-30,482.5,482.5,482.5,482.5,1.0,500.0
2009-07-31,477.5,477.5,477.5,477.5,0.0,1.0
2009-08-03,477.5,477.5,477.5,477.5,0.0,0.0
2009-08-04,477.5,477.5,477.5,477.5,2.0,612.0
2009-08-05,477.5,477.5,477.5,477.5,1.0,3000.0
2009-08-06,472.5,472.5,472.5,472.5,0.0,1.0
2009-08-07,472.5,472.5,472.5,472.5,1.0,100.0
2009-08-10,472.5,472.5,472.5,472.5,1.0,100.0
2009-08-11,462.5,457.5,457.5,462.5,0.0,1.0
2009-08-12,482.5,465.0,482.5,465.0,3.0,1710.0
2009-08-13,507.5,495.0,507.5,495.0,5.0,1881.0
2009-08-14,537.5,527.5,527.5,532.5,6.0,5600.0
2009-08-17,527.5,515.0,515.0,527.5,1.0,130.0
2009-08-18,507.5,482.5,482.5,507.5,3.0,21000.0
2009-08-19,482.5,472.5,472.5,482.5,0.0,1.0
2009-08-20,485.0,475.0,485.0,475.0,3.0,31745.0
2009-08-21,522.5,512.5,522.5,512.5,6.0,2490.0
2009-08-24,522.5,517.5,517.5,522.5,3.0,765.0
2009-08-25,520.0,515.0,520.0,515.0,0.0,1.0
2009-08-26,510.0,510.0,510.0,510.0,2.0,200.0
2009-08-27,507.5,502.5,502.5,507.5,4.0,2405.0
2009-08-28,530.0,522.5,530.0,522.5,3.0,1200.0
2009-08-31,530.0,530.0,530.0,530.0,0.0,0.0
2009-09-01,532.5,530.0,532.5,530.0,2.0,640.0
2009-09-02,537.5,532.5,537.5,532.5,3.0,2663.0
2009-09-03,552.5,542.5,552.5,542.5,3.0,3000.0
2009-09-04,580.0,567.5,567.5,577.5,4.0,5128.0
2009-09-07,582.5,580.0,580.0,582.5,4.0,11117.0
2009-09-08,592.5,580.0,587.5,580.0,0.0,1.0
2009-09-09,585.0,582.5,585.0,582.5,4.0,5869.0
2009-09-10,580.0,570.0,570.0,580.0,1.0,587.0
2009-09-11,577.5,570.0,577.5,570.0,4.0,12600.0
2009-09-14,575.0,567.5,567.5,575.0,4.0,5200.0
2009-09-15,560.0,555.0,555.0,560.0,7.0,35495.0
2009-09-16,597.5,557.5,597.5,557.5,4.0,14500.0
2009-09-17,597.5,587.5,587.5,597.5,3.0,2800.0
2009-09-18,572.5,572.5,572.5,572.5,0.0,1.0
2009-09-21,567.5,562.5,562.5,567.5,0.0,1.0
2009-09-22,562.5,562.5,562.5,562.5,2.0,355.0
2009-09-23,555.0,532.5,532.5,555.0,2.0,1900.0
2009-09-24,532.5,495.0,495.0,532.5,0.0,1.0
2009-09-25,507.5,502.5,507.5,502.5,21.0,6985.0
2009-09-28,507.5,507.5,507.5,507.5,21.0,2100.0
2009-09-29,537.5,512.5,537.5,512.5,4.0,2823.0
2009-09-30,547.5,537.5,542.5,537.5,3.0,3000.0
2009-10-01,540.0,525.0,525.0,540.0,0.0,1.0
2009-10-02,525.0,505.0,525.0,505.0,1.0,500.0
2009-10-05,527.5,522.5,527.5,522.5,1.0,2000.0
2009-10-06,552.5,532.5,552.5,532.5,8.0,9580.0
2009-10-07,572.5,565.0,567.5,565.0,5.0,3258.0
2009-10-08,572.5,565.0,565.0,572.5,5.0,3308.0
2009-10-09,567.5,567.5,567.5,567.5,1.0,20000.0
2009-10-12,577.5,577.5,577.5,577.5,1.0,2500.0
2009-10-13,592.5,580.0,592.5,580.0,7.0,5410.0
2009-10-14,592.5,592.5,592.5,592.5,1.0,500.0
2009-10-15,602.5,587.5,587.5,600.0,2.0,2000.0
2009-10-16,582.5,580.0,580.0,582.5,0.0,1.0
2009-10-17,580.0,580.0,580.0,580.0,0.0,0.0
2009-10-19,572.5,570.0,570.0,572.5,1.0,5000.0
2009-10-20,567.5,557.5,557.5,567.5,2.0,3500.0
2009-10-21,545.0,530.0,530.0,545.0,2.0,2000.0
2009-10-22,532.5,522.5,522.5,532.5,0.0,1.0
2009-10-23,530.0,522.5,530.0,522.5,1.0,1000.0
2009-10-26,532.5,518.5,520.0,527.5,0.0,1.0
2009-10-27,520.0,512.5,512.5,520.0,0.0,1.0
2009-10-28,512.5,507.5,507.5,512.5,1.0,1000.0
2009-10-29,502.5,502.5,502.5,502.5,0.0,1.0
2009-10-30,502.5,502.5,502.5,502.5,2.0,899.0
2009-11-02,493.5,485.0,490.0,493.5,2.0,1023.0
2009-11-03,490.0,485.0,485.0,490.0,2.0,2000.0
2009-11-04,485.0,485.0,485.0,485.0,4.0,3650.0
2009-11-05,495.0,485.0,485.0,492.5,0.0,1.0
2009-11-06,482.5,480.0,482.5,480.0,3.0,775.0
2009-11-09,507.5,482.5,507.5,482.5,3.0,2750.0
2009-11-10,510.0,510.0,510.0,510.0,1.0,192.0
2009-11-11,505.0,495.0,505.0,495.0,0.0,1.0
2009-11-12,527.5,525.0,525.0,527.5,0.0,1.0
2009-11-13,522.5,517.5,517.5,522.5,2.0,1380.0
2009-11-16,530.0,517.5,530.0,517.5,0.0,1.0
2009-11-17,537.5,537.5,537.5,537.5,0.0,1.0
2009-11-18,547.5,547.5,547.5,547.5,0.0,1.0
2009-11-19,567.5,565.0,565.0,567.5,7.0,15892.0
2009-11-20,577.5,572.5,572.5,577.5,2.0,955.0
2009-11-23,572.5,567.5,572.5,570.0,1.0,200.0
2009-11-24,567.5,567.5,567.5,567.5,0.0,1.0
2009-11-25,580.0,577.5,580.0,577.5,2.0,7000.0
2009-11-26,595.0,595.0,595.0,595.0,2.0,2000.0
2009-11-27,592.5,582.5,585.0,592.5,3.0,5220.0
2009-11-30,585.0,585.0,585.0,585.0,1.0,2200.0
2009-12-01,600.0,585.0,600.0,585.0,3.0,4405.0
2009-12-02,612.5,610.0,612.5,610.0,1.0,3900.0
2009-12-03,612.5,612.5,612.5,612.5,3.0,2826.0
2009-12-04,610.0,600.0,600.0,610.0,4.0,5550.0
2009-12-07,587.5,577.5,577.5,587.5,3.0,1016.0
2009-12-08,577.5,570.0,570.0,577.5,0.0,1.0
2009-12-09,557.5,552.5,557.5,555.0,2.0,2500.0
2009-12-10,550.0,550.0,550.0,550.0,0.0,1.0
2009-12-11,552.5,552.5,552.5,552.5,0.0,1.0
2009-12-14,545.0,540.0,540.0,545.0,0.0,1.0
2009-12-15,545.0,542.5,545.0,542.5,1.0,9.0
2009-12-16,540.0,540.0,540.0,540.0,0.0,1.0
2009-12-17,532.5,517.5,517.5,532.5,1.0,172.0
2009-12-18,512.5,510.0,510.0,512.5,0.0,1.0
2009-12-21,512.5,510.0,510.0,510.0,1.0,1924.0
2009-12-22,510.0,505.0,505.0,507.5,2.0,1975.0
2009-12-23,525.0,505.0,525.0,505.0,1.0,2000.0
2009-12-24,547.5,540.0,547.5,542.5,0.0,1.0
2009-12-25,547.5,547.5,547.5,547.5,0.0,0.0
2009-12-28,547.5,547.5,547.5,547.5,0.0,0.0
2009-12-29,547.5,547.5,547.5,547.5,0.0,0.0
2009-12-30,545.0,545.0,545.0,545.0,0.0,1.0
2009-12-31,535.0,532.5,532.5,535.0,0.0,1.0
2010-01-01,532.5,532.5,532.5,532.5,0.0,0.0
2010-01-04,547.5,530.0,547.5,530.0,4.0,7000.0
2010-01-05,550.0,547.5,550.0,547.5,0.0,1.0
2010-01-06,545.0,542.5,545.0,542.5,1.0,1430.0
2010-01-07,552.5,552.5,552.5,552.5,0.0,1.0
2010-01-08,547.5,537.5,537.5,547.5,3.0,5000.0
2010-01-11,550.0,537.5,550.0,537.5,5.0,6787.0
2010-01-12,552.5,550.0,550.0,552.5,1.0,2500.0
2010-01-13,530.0,525.0,527.5,525.0,1.0,1000.0
2010-01-14,527.5,510.0,510.0,527.5,9.0,19892.0
2010-01-15,507.5,505.0,505.0,507.5,1.0,200.0
2010-01-18,492.5,492.5,492.5,492.5,2.0,725.0
2010-01-19,485.0,485.0,485.0,485.0,1.0,500.0
2010-01-20,485.0,462.5,462.5,485.0,6.0,3655.0
2010-01-21,462.5,460.0,460.0,462.5,0.0,1.0
2010-01-22,455.0,455.0,455.0,455.0,2.0,605.0
2010-01-25,450.0,441.0,441.0,450.0,2.0,3000.0
2010-01-26,440.0,440.0,440.0,440.0,0.0,1.0
2010-01-27,437.5,437.5,437.5,437.5,0.0,1.0
2010-01-28,437.5,437.5,437.5,437.5,1.0,12.0
2010-01-29,437.5,437.5,437.5,437.5,0.0,0.0
2010-02-01,432.5,432.5,432.5,432.5,1.0,45.0
2010-02-02,432.5,427.5,427.5,432.5,0.0,1.0
2010-02-03,422.5,415.0,415.0,422.5,1.0,100.0
2010-02-04,415.0,400.0,400.0,415.0,0.0,1.0
2010-02-05,395.0,392.5,392.5,395.0,2.0,625.0
2010-02-08,407.5,407.5,407.5,407.5,5.0,4610.0
2010-02-09,417.5,410.0,417.5,410.0,0.0,1.0
2010-02-10,422.5,420.0,422.5,420.0,5.0,5000.0
2010-02-11,430.0,427.5,430.0,427.5,0.0,1.0
2010-02-12,440.0,440.0,440.0,440.0,1.0,979.0
2010-02-15,440.0,440.0,440.0,440.0,1.0,120.0
2010-02-16,452.5,440.0,452.5,440.0,1.0,668.0
2010-02-17,447.5,447.5,447.5,447.5,3.0,2400.0
2010-02-18,430.0,430.0,430.0,430.0,3.0,3050.0
2010-02-19,437.5,435.0,437.5,435.0,0.0,1.0
2010-02-22,437.5,437.5,437.5,437.5,1.0,1200.0
2010-02-23,437.5,430.0,430.0,437.5,2.0,2500.0
2010-02-24,425.0,422.5,422.5,425.0,1.0,668.0
2010-02-25,425.0,425.0,425.0,425.0,1.0,845.0
2010-02-26,432.5,425.0,432.5,425.0,0.0,1.0
2010-03-01,440.0,435.0,440.0,437.5,2.0,3195.0
2010-03-02,460.0,457.5,460.0,457.5,2.0,1650.0
2010-03-03,465.0,462.5,465.0,462.5,0.0,1.0
2010-03-04,475.0,472.5,472.5,472.5,1.0,18.0
2010-03-05,475.0,472.5,475.0,472.5,5.0,12400.0
2010-03-08,477.5,472.5,477.5,472.5,1.0,5000.0
2010-03-09,482.5,482.5,482.5,482.5,2.0,6400.0
2010-03-10,497.5,492.5,497.5,492.5,1.0,2000.0
2010-03-11,495.0,487.5,487.5,495.0,2.0,3600.0
2010-03-12,492.5,492.5,492.5,492.5,2.0,350.0
2010-03-15,492.5,487.5,492.5,487.5,0.0,1.0
2010-03-16,485.0,482.5,482.5,485.0,1.0,1924.0
2010-03-17,495.0,495.0,495.0,495.0,0.0,1.0
2010-03-18,507.5,505.0,507.5,505.0,1.0,95.0
2010-03-19,505.0,500.0,500.0,500.0,0.0,1.0
2010-03-22,547.5,530.0,530.0,547.5,2.0,1159.0
2010-03-23,527.5,527.5,527.5,527.5,1.0,180.0
2010-03-24,527.5,527.5,527.5,527.5,0.0,0.0
2010-03-25,512.5,507.5,507.5,512.5,2.0,3200.0
2010-03-26,505.0,505.0,505.0,505.0,0.0,1.0
2010-03-29,505.0,505.0,505.0,505.0,0.0,0.0
2010-03-30,515.0,515.0,515.0,515.0,1.0,650.0
2010-03-31,505.0,505.0,505.0,505.0,0.0,1.0
2010-04-01,502.5,502.5,502.5,502.5,0.0,1.0
2010-04-02,502.5,502.5,502.5,502.5,0.0,0.0
2010-04-05,502.5,502.5,502.5,502.5,0.0,0.0
2010-04-06,507.5,507.5,507.5,507.5,1.0,250.0
2010-04-07,505.0,505.0,505.0,505.0,0.0,1.0
2010-04-08,510.0,510.0,510.0,510.0,0.0,1.0
2010-04-09,525.0,522.5,525.0,525.0,2.0,1615.0
2010-04-12,530.0,525.0,530.0,525.0,0.0,1.0
2010-04-13,527.5,527.5,527.5,527.5,0.0,1.0
2010-04-14,525.0,520.0,520.0,522.5,0.0,1.0
2010-04-15,517.5,517.5,517.5,517.5,0.0,1.0
2010-04-16,512.5,512.5,512.5,512.5,1.0,190.0
2010-04-19,492.5,490.0,490.0,492.5,0.0,1.0
2010-04-20,490.0,485.0,490.0,485.0,2.0,1045.0
2010-04-21,497.5,495.0,495.0,497.5,0.0,1.0
2010-04-22,495.0,495.0,495.0,495.0,1.0,5.0
2010-04-23,490.0,490.0,490.0,490.0,0.0,1.0
2010-04-26,492.5,492.5,492.5,492.5,4.0,5160.0
2010-04-27,492.5,490.0,490.0,492.5,1.0,1000.0
2010-04-28,505.0,490.0,505.0,490.0,0.0,1.0
2010-04-29,512.5,512.5,512.5,512.5,2.0,1380.0
2010-04-30,510.0,507.5,510.0,507.5,1.0,150.0
2010-05-03,510.0,510.0,510.0,510.0,0.0,0.0
2010-05-04,502.5,495.0,495.0,502.5,0.0,1.0
2010-05-05,482.5,472.5,472.5,482.5,0.0,1.0
2010-05-06,475.0,472.5,475.0,472.5,1.0,1891.0
2010-05-07,480.0,475.0,480.0,475.0,0.0,1.0
2010-05-10,480.0,480.0,480.0,480.0,1.0,225.0
2010-05-11,500.0,480.0,500.0,480.0,3.0,3000.0
2010-05-12,532.5,520.0,530.0,520.0,2.0,5161.0
2010-05-13,530.0,527.5,527.5,527.5,0.0,1.0
2010-05-14,520.0,502.5,502.5,520.0,4.0,3100.0
2010-05-17,540.0,535.0,540.0,535.0,1.0,376.0
2010-05-18,540.0,535.0,535.0,540.0,2.0,3000.0
2010-05-19,525.0,510.0,510.0,525.0,2.0,1893.0
2010-05-20,497.5,495.0,495.0,497.5,1.0,10.0
2010-05-21,492.5,485.0,485.0,490.0,1.0,1000.0
2010-05-24,490.0,490.0,490.0,490.0,0.0,1.0
2010-05-25,497.5,490.0,497.5,490.0,1.0,400.0
2010-05-26,510.0,497.5,510.0,497.5,0.0,1.0
2010-05-27,512.5,510.0,512.5,510.0,2.0,351.0
2010-05-28,517.5,517.5,517.5,517.5,1.0,102.0
2010-05-31,517.5,517.5,517.5,517.5,0.0,0.0
2010-06-01,537.5,535.0,535.0,537.5,7.0,3895.0
2010-06-02,542.5,537.5,542.5,540.0,1.0,181.0
2010-06-03,552.5,552.5,552.5,552.5,2.0,2300.0
2010-06-04,552.5,552.5,552.5,552.5,0.0,0.0
2010-06-07,552.5,552.5,552.5,552.5,1.0,180.0
2010-06-08,595.0,577.5,595.0,577.5,6.0,3936.0
2010-06-09,595.0,592.5,592.5,595.0,3.0,1050.0
2010-06-10,575.0,562.5,562.5,575.0,1.0,243.0
2010-06-11,570.0,560.0,570.0,562.5,0.0,1.0
2010-06-14,577.5,575.0,577.5,575.0,1.0,30.0
2010-06-15,570.0,570.0,570.0,570.0,1.0,5.0
2010-06-16,575.0,572.5,572.5,575.0,3.0,1519.0
2010-06-17,568.5,567.5,568.5,567.5,4.0,12577.0
2010-06-18,572.5,568.5,572.5,568.5,0.0,1.0
2010-06-21,587.5,582.5,587.5,582.5,1.0,190.0
2010-06-22,560.0,560.0,560.0,560.0,1.0,6.0
2010-06-23,552.5,552.5,552.5,552.5,1.0,586.0
2010-06-24,552.5,545.0,545.0,552.5,1.0,180.0
2010-06-25,557.5,552.5,552.5,555.0,0.0,1.0
2010-06-28,552.5,552.5,552.5,552.5,0.0,0.0
2010-06-29,547.5,542.5,542.5,547.5,2.0,107.0
2010-06-30,527.5,525.0,527.5,527.5,0.0,1.0
2010-07-01,530.0,527.5,530.0,527.5,1.0,500.0
2010-07-02,530.0,527.5,527.5,530.0,0.0,1.0
2010-07-05,520.0,512.5,512.5,517.5,1.0,1000.0
2010-07-06,505.0,505.0,505.0,505.0,0.0,1.0
2010-07-07,517.5,505.0,517.5,505.0,3.0,4125.0
2010-07-08,540.0,515.0,515.0,540.0,3.0,5000.0
2010-07-09,530.0,492.5,530.0,492.5,8.0,5297.0
2010-07-12,530.0,507.5,507.5,530.0,6.0,6500.0
2010-07-13,515.0,510.0,515.0,510.0,0.0,1.0
2010-07-14,522.5,507.5,522.5,507.5,2.0,300.0
2010-07-15,522.5,510.0,510.0,522.5,3.0,1176.0
2010-07-16,510.0,502.5,502.5,510.0,2.0,2000.0
2010-07-19,505.0,500.0,505.0,500.0,1.0,433.0
2010-07-20,500.0,500.0,500.0,500.0,2.0,893.0
2010-07-21,505.0,502.5,505.0,502.5,0.0,1.0
2010-07-22,522.5,505.0,522.5,505.0,2.0,2000.0
2010-07-23,522.5,516.5,516.5,522.5,0.0,1.0
2010-07-26,516.5,515.0,515.0,516.5,0.0,1.0
2010-07-27,505.0,497.5,497.5,505.0,3.0,1430.0
2010-07-28,492.5,492.5,492.5,492.5,0.0,1.0
2010-07-29,492.5,492.5,492.5,492.5,0.0,0.0
2010-07-30,495.0,490.0,492.5,495.0,2.0,2000.0
2010-08-02,505.0,505.0,505.0,505.0,1.0,246.0
2010-08-03,505.0,497.5,497.5,505.0,1.0,1000.0
2010-08-04,502.5,497.5,502.5,497.5,1.0,336.0
2010-08-05,512.5,512.5,512.5,512.5,1.0,6.0
2010-08-06,507.5,497.5,497.5,507.5,1.0,100.0
2010-08-09,500.0,497.5,500.0,497.5,1.0,48.0
2010-08-10,502.5,502.5,502.5,502.5,0.0,1.0
2010-08-11,502.5,502.5,502.5,502.5,0.0,0.0
2010-08-12,502.5,497.5,502.5,497.5,0.0,1.0
2010-08-13,512.5,507.5,507.5,512.5,3.0,3279.0
2010-08-16,507.5,502.5,502.5,507.5,0.0,1.0
2010-08-17,510.0,510.0,510.0,510.0,0.0,1.0
2010-08-18,512.5,512.5,512.5,512.5,0.0,1.0
2010-08-19,525.0,525.0,525.0,525.0,2.0,599.0
2010-08-20,525.0,525.0,525.0,525.0,1.0,48.0
2010-08-23,525.0,525.0,525.0,525.0,0.0,0.0
2010-08-24,525.0,517.5,517.5,525.0,3.0,1340.0
2010-08-25,537.5,537.5,537.5,537.5,0.0,1.0
2010-08-26,545.0,545.0,545.0,545.0,0.0,1.0
2010-08-27,545.0,545.0,545.0,545.0,2.0,2071.0
2010-08-30,545.0,545.0,545.0,545.0,0.0,0.0
2010-08-31,532.5,530.0,530.0,532.5,2.0,1932.0
2010-09-01,530.0,530.0,530.0,530.0,3.0,900.0
2010-09-02,527.5,527.5,527.5,527.5,0.0,1.0
2010-09-03,522.5,520.0,520.0,522.5,0.0,1.0
2010-09-06,520.0,520.0,520.0,520.0,1.0,275.0
2010-09-07,520.0,520.0,520.0,520.0,1.0,15.0
2010-09-08,517.5,517.5,517.5,517.5,3.0,1901.0
2010-09-09,517.5,517.5,517.5,517.5,1.0,10000.0
2010-09-10,520.0,520.0,520.0,520.0,0.0,1.0
2010-09-13,512.5,507.5,507.5,512.5,2.0,6800.0
2010-09-14,520.0,512.5,520.0,512.5,4.0,4500.0
2010-09-15,520.0,515.0,515.0,520.0,1.0,200.0
2010-09-16,515.0,515.0,515.0,515.0,0.0,0.0
2010-09-17,515.0,515.0,515.0,515.0,2.0,348.0
2010-09-20,520.0,517.5,520.0,517.5,1.0,1900.0
2010-09-21,520.0,502.5,502.5,520.0,2.0,1190.0
2010-09-22,512.5,505.0,512.5,505.0,0.0,1.0
2010-09-23,525.0,520.0,520.0,525.0,2.0,1222.0
2010-09-24,517.5,517.5,517.5,517.5,1.0,1430.0
2010-09-27,517.5,517.5,517.5,517.5,2.0,1675.0
2010-09-28,514.0,510.0,510.0,514.0,1.0,485.0
2010-09-29,510.0,510.0,510.0,510.0,3.0,2301.0
2010-09-30,517.5,510.0,517.5,510.0,0.0,1.0
2010-10-01,537.5,527.5,537.5,527.5,1.0,1000.0
2010-10-02,537.5,537.5,537.5,537.5,0.0,0.0
2010-10-04,542.5,537.5,542.5,537.5,0.0,1.0
2010-10-05,542.5,540.0,540.0,542.5,2.0,10600.0
2010-10-06,577.5,552.5,575.0,552.5,4.0,3655.0
2010-10-07,585.0,575.0,575.0,580.0,3.0,4454.0
2010-10-08,582.5,575.0,582.5,575.0,5.0,7150.0
2010-10-11,592.5,592.5,592.5,592.5,2.0,2131.0
2010-10-12,592.5,592.5,592.5,592.5,1.0,600.0
2010-10-13,607.5,592.5,607.5,592.5,3.0,4073.0
2010-10-14,630.0,622.5,622.5,630.0,1.0,175.0
2010-10-15,622.5,622.5,622.5,622.5,3.0,250.0
2010-10-18,620.0,617.5,620.0,620.0,2.0,1800.0
2010-10-19,620.0,602.5,602.5,620.0,0.0,1.0
2010-10-20,605.0,602.5,605.0,602.5,0.0,1.0
2010-10-21,625.0,620.0,625.0,620.0,0.0,1.0
2010-10-22,617.5,612.5,617.5,617.5,2.0,1400.0
2010-10-25,632.5,620.0,632.5,620.0,6.0,16014.0
2010-10-26,627.5,612.5,612.5,627.5,1.0,751.0
2010-10-27,617.5,617.5,617.5,617.5,2.0,700.0
2010-10-28,622.5,622.5,622.5,622.5,1.0,1000.0
2010-10-29,662.5,652.5,662.5,652.5,0.0,1.0
2010-11-01,682.5,682.5,682.5,682.5,7.0,8828.0
2010-11-02,702.5,682.5,697.5,682.5,8.0,7718.0
2010-11-03,692.5,685.0,685.0,692.5,6.0,10607.0
2010-11-04,732.5,682.5,727.5,685.0,8.0,6223.0
2010-11-05,750.0,742.5,747.5,750.0,1.0,1000.0
2010-11-08,780.0,752.5,780.0,752.5,6.0,2771.0
2010-11-09,810.0,787.5,797.5,787.5,6.0,1881.0
2010-11-10,760.0,752.5,752.5,760.0,4.0,2900.0
2010-11-11,770.0,757.5,757.5,770.0,3.0,75022.0
2010-11-12,757.5,750.0,757.5,757.5,1.0,1000.0
2010-11-15,757.5,757.5,757.5,757.5,1.0,63.0
2010-11-16,740.0,727.5,727.5,740.0,2.0,951.0
2010-11-17,742.5,730.0,742.5,732.5,1.0,25.0
2010-11-18,745.0,742.5,745.0,742.5,2.0,1196.0
2010-11-19,745.0,745.0,745.0,745.0,0.0,0.0
2010-11-22,752.5,745.0,752.5,745.0,1.0,4.0
2010-11-23,777.5,775.0,777.5,775.0,4.0,5768.0
2010-11-24,805.0,782.5,805.0,782.5,2.0,1531.0
2010-11-25,830.0,812.5,830.0,812.5,2.0,750.0
2010-11-26,840.0,820.0,840.0,835.0,2.0,350.0
2010-11-29,857.5,852.5,857.5,852.5,4.0,8560.0
2010-11-30,920.0,880.0,920.0,880.0,6.0,3276.0
2010-12-01,922.5,900.0,900.0,913.5,3.0,8500.0
2010-12-02,932.5,927.5,927.5,932.5,1.0,300.0
2010-12-03,925.0,915.0,915.0,925.0,3.0,999.0
2010-12-06,930.0,922.5,922.5,922.5,5.0,1096.0
2010-12-07,920.0,915.0,915.0,920.0,0.0,1.0
2010-12-08,902.5,845.0,852.5,902.5,6.0,1857.0
2010-12-09,915.0,862.5,915.0,862.5,14.0,10519.0
2010-12-10,922.5,915.0,922.5,920.0,1.0,500.0
2010-12-13,965.0,952.5,952.5,955.0,7.0,6127.0
2010-12-14,942.5,908.0,908.0,942.5,3.0,3791.0
2010-12-15,902.5,902.5,902.5,902.5,4.0,838.0
2010-12-16,907.5,907.5,907.5,907.5,0.0,1.0
2010-12-17,960.0,927.5,960.0,927.5,1.0,1000.0
2010-12-20,960.0,940.0,940.0,960.0,1.0,200.0
2010-12-21,965.0,962.5,965.0,962.5,7.0,2986.0
2010-12-22,995.0,980.0,995.0,980.0,7.0,3182.0
2010-12-23,980.0,975.0,980.0,980.0,2.0,5074.0
2010-12-24,985.0,985.0,985.0,985.0,0.0,1.0
2010-12-27,985.0,985.0,985.0,985.0,0.0,0.0
2010-12-28,985.0,985.0,985.0,985.0,0.0,0.0
2010-12-29,1027.5,987.5,1027.5,987.5,4.0,1231.0
2010-12-30,1017.5,1015.0,1017.5,1015.0,4.0,2398.0
2010-12-31,1020.0,1020.0,1020.0,1020.0,2.0,720.0
2011-01-03,1020.0,1020.0,1020.0,1020.0,0.0,0.0
2011-01-04,1035.0,997.5,997.5,1035.0,2.0,10489.0
2011-01-05,1005.0,997.5,1005.0,997.5,3.0,3999.0
2011-01-06,1010.0,1000.0,1000.0,1005.0,2.0,1051.0
2011-01-07,965.0,955.0,955.0,965.0,1.0,10000.0
2011-01-10,940.0,910.0,910.0,940.0,4.0,1757.0
2011-01-11,945.0,912.5,945.0,912.5,2.0,151.0
2011-01-12,950.0,940.0,940.0,950.0,2.0,11000.0
2011-01-13,925.0,912.5,912.5,925.0,1.0,4.0
2011-01-14,902.5,892.5,892.5,902.5,2.0,600.0
2011-01-17,900.0,892.5,900.0,892.5,5.0,887.0
2011-01-18,897.5,897.5,897.5,897.5,1.0,5300.0
2011-01-19,900.0,892.5,892.5,900.0,2.0,308.0
2011-01-20,890.0,860.0,860.0,890.0,2.0,1337.0
2011-01-21,860.0,845.0,845.0,860.0,3.0,584.0
2011-01-24,825.0,817.0,817.0,825.0,3.0,2450.0
2011-01-25,817.5,800.0,800.0,817.5,2.0,1930.0
2011-01-26,807.5,805.0,807.5,805.0,1.0,2000.0
2011-01-27,837.5,830.0,830.0,837.5,1.0,88.0
2011-01-28,862.5,815.0,862.5,825.0,3.0,4100.0
2011-01-31,862.5,860.0,860.0,862.5,1.0,5000.0
2011-02-01,862.5,847.5,847.5,852.5,1.0,110.0
2011-02-02,872.5,867.5,872.5,867.5,1.0,437.0
2011-02-03,872.5,857.5,872.5,867.5,2.0,1355.0
2011-02-04,925.0,925.0,925.0,925.0,7.0,32401.0
2011-02-07,925.0,925.0,925.0,925.0,1.0,236.0
2011-02-08,925.0,910.0,925.0,910.0,0.0,1.0
2011-02-09,935.0,935.0,935.0,935.0,2.0,424.0
2011-02-10,922.5,912.5,912.5,922.5,0.0,1.0
2011-02-11,907.5,907.5,907.5,907.5,1.0,42.0
2011-02-14,907.5,907.5,907.5,907.5,0.0,0.0
2011-02-15,925.0,919.0,940.0,910.0,3.0,6216.0
2011-02-16,975.0,958.0,975.0,947.5,1.0,104.0
2011-02-17,975.0,964.5,975.0,975.0,4.0,855.0
2011-02-18,958.0,957.5,957.5,967.5,1.0,124.0
2011-02-21,952.5,952.5,952.5,952.5,0.0,1.0
2011-02-22,965.0,965.0,952.5,952.5,1.0,9.0
2011-02-23,944.0,925.0,925.0,942.5,1.0,846.0
2011-02-24,950.0,928.75,937.5,937.5,3.0,2514.0
2011-02-25,920.0,915.0,915.0,922.5,1.0,150.0
2011-02-28,925.0,925.0,925.0,925.0,0.0,1.0
2011-03-01,935.0,916.0,930.0,925.0,2.0,24.0
2011-03-02,932.5,932.5,932.5,932.5,0.0,1.0
2011-03-03,960.0,945.0,945.0,950.0,5.0,151252.0
2011-03-04,980.0,960.0,980.0,960.0,2.0,1300.0
2011-03-07,980.0,974.0,980.0,980.0,2.0,311.0
2011-03-08,942.5,942.5,942.5,942.5,1.0,1000.0
2011-03-09,945.0,945.0,945.0,945.0,0.0,1.0
2011-03-10,912.5,912.5,912.5,912.5,0.0,1.0
2011-03-11,910.0,910.0,910.0,910.0,0.0,1.0
2011-03-14,905.0,905.0,905.0,905.0,0.0,1.0
2011-03-15,890.0,830.0,842.5,890.0,2.0,2400.0
2011-03-16,845.0,840.0,827.5,845.0,4.0,5073.0
2011-03-17,822.5,810.0,822.5,810.0,1.0,250.0
2011-03-18,832.5,822.5,822.5,822.5,2.0,476.0
2011-03-19,822.5,822.5,822.5,822.5,0.0,0.0
2011-03-21,830.0,828.0,830.0,828.0,1.0,458.0
2011-03-22,835.0,835.0,835.0,835.0,0.0,1.0
2011-03-23,865.0,855.0,865.0,855.0,1.0,1000.0
2011-03-24,910.0,876.0,900.0,876.0,4.0,2840.0
2011-03-25,890.0,890.0,890.0,890.0,0.0,1.0
2011-03-28,867.0,860.0,860.0,867.0,1.0,500.0
2011-03-29,855.0,848.12,855.0,848.12,1.0,12400.0
2011-03-30,834.5,831.0,845.0,831.0,2.0,1590.0
2011-03-31,875.0,860.0,875.0,860.0,1.0,1000.0
2011-04-01,870.0,862.75,870.0,866.0,2.0,470.0
2011-04-04,865.0,865.0,865.0,865.0,0.0,1.0
2011-04-05,885.0,858.0,877.5,858.0,2.0,1177.0
2011-04-06,900.0,865.0,900.0,865.0,1.0,1000.0
2011-04-07,908.0,907.5,907.5,908.0,1.0,1500.0
2011-04-08,917.5,917.5,917.5,917.5,0.0,1.0
2011-04-11,895.0,895.0,895.0,895.0,0.0,1.0
2011-04-12,900.0,867.5,867.5,885.0,2.0,197.0
2011-04-13,867.5,867.5,867.5,867.5,0.0,0.0
2011-04-14,875.0,858.75,875.0,858.75,1.0,710.0
2011-04-15,895.0,890.0,895.0,890.0,1.0,400.0
2011-04-18,870.0,870.0,870.0,870.0,0.0,1.0
2011-04-19,890.0,872.25,890.0,877.5,1.0,60.0
2011-04-20,907.5,907.5,907.5,907.5,0.0,1.0
2011-04-21,915.0,915.0,915.0,915.0,0.0,1.0
2011-04-26,890.0,890.0,890.0,890.0,1.0,1140.0
2011-04-27,885.0,885.0,885.0,885.0,0.0,1.0
2011-04-28,905.0,893.0,905.0,893.0,1.0,563.0
2011-04-29,905.0,905.0,905.0,905.0,0.0,0.0
2011-05-02,905.0,905.0,905.0,905.0,0.0,0.0
2011-05-03,887.0,875.0,875.0,887.0,1.0,122.0
2011-05-04,885.0,865.0,877.5,872.5,4.0,6009.0
2011-05-05,888.75,865.0,865.0,877.5,3.0,246.0
2011-05-06,865.0,832.5,865.0,832.5,1.0,54.0
2011-05-09,892.5,877.0,892.5,877.0,1.0,173.0
2011-05-10,900.0,900.0,900.0,900.0,0.0,1.0
2011-05-11,907.0,877.5,885.0,895.0,2.0,264.0
2011-05-12,875.0,860.0,875.0,860.0,1.0,2000.0
2011-05-13,890.0,882.5,890.0,882.5,1.0,1200.0
2011-05-16,877.5,877.5,877.5,877.5,0.0,1.0
2011-05-17,880.0,880.0,880.0,880.0,0.0,1.0
2011-05-18,882.5,871.25,882.5,871.25,1.0,300.0
2011-05-19,885.0,885.0,885.0,885.0,0.0,1.0
2011-05-20,888.75,882.5,882.5,888.75,1.0,300.0
2011-05-23,882.5,882.5,882.5,882.5,0.0,0.0
2011-05-24,902.5,902.5,902.5,902.5,2.0,458.0
2011-05-25,907.0,892.0,900.0,900.0,4.0,3567.0
2011-05-26,900.0,900.0,900.0,900.0,0.0,0.0
2011-05-27,906.0,900.0,900.0,900.0,2.0,265.0
2011-05-30,900.0,900.0,900.0,900.0,0.0,0.0
2011-05-31,928.75,920.0,920.0,928.75,3.0,799.0
2011-06-01,929.0,925.0,925.0,929.0,1.0,538.0
2011-06-02,925.0,921.5,925.0,921.5,2.0,259.0
2011-06-03,922.5,921.5,922.5,921.5,1.0,458.0
2011-06-06,948.2,932.5,932.5,948.2,1.0,1053.0
2011-06-07,941.25,922.5,932.5,932.5,3.0,976.0
2011-06-08,932.0,925.0,925.0,932.0,1.0,51.0
2011-06-09,920.0,912.0,920.0,918.0,2.0,1078.0
2011-06-10,916.5,902.0,910.0,916.5,3.0,1659.0
2011-06-13,920.0,917.0,920.0,917.0,1.0,380.0
2011-06-14,911.25,902.5,902.5,911.25,1.0,218.0
2011-06-15,932.5,932.5,932.5,932.5,0.0,1.0
2011-06-16,920.0,920.0,920.0,920.0,0.0,1.0
2011-06-17,898.0,898.0,905.0,898.0,1.0,1114.0
2011-06-20,855.0,855.0,855.0,855.0,0.0,1.0
2011-06-21,909.0,870.75,907.5,870.75,6.0,4248.0
2011-06-22,932.5,914.5,932.5,914.5,1.0,222.0
2011-06-23,935.0,932.5,932.5,935.0,2.0,289.0
2011-06-24,947.5,947.5,947.5,947.5,0.0,1.0
2011-06-27,930.0,920.0,930.0,920.0,2.0,2000.0
2011-06-28,925.0,925.0,925.0,925.0,0.0,1.0
2011-06-29,952.5,920.0,952.5,930.0,2.0,2000.0
2011-06-30,980.0,980.0,980.0,980.0,0.0,1.0
2011-07-01,980.0,973.0,980.0,980.0,2.0,440.0
2011-07-04,985.0,985.0,985.0,985.0,0.0,1.0
2011-07-05,995.0,992.5,992.5,995.0,1.0,1819.0
2011-07-06,1035.0,1010.4,1035.0,1013.2,8.0,4168.0
2011-07-07,1090.0,1040.0,1082.5,1047.5,10.0,100235.0
2011-07-08,1140.0,1092.5,1092.5,1130.0,5.0,395.0
2011-07-11,1095.5,1060.0,1060.0,1095.5,1.0,912.0
2011-07-12,1072.5,1055.0,1055.0,1072.5,1.0,275.0
2011-07-13,1102.5,1108.0,1102.5,1108.0,2.0,759.0
2011-07-14,1135.0,1113.0,1125.0,1113.0,2.0,800.0
2011-07-15,1111.5,1102.5,1102.5,1111.5,1.0,55.0
2011-07-18,1109.0,1083.0,1095.0,1095.0,4.0,783.0
2011-07-19,1108.0,1097.5,1097.5,1108.0,1.0,179.0
2011-07-20,1112.5,1105.0,1112.5,1119.0,2.0,1450.0
2011-07-21,1113.25,1097.5,1097.5,1113.25,1.0,90.0
2011-07-22,1090.0,1075.0,1075.0,1090.0,2.0,232.0
2011-07-23,1075.0,1075.0,1075.0,1075.0,0.0,0.0
2011-07-25,1090.0,1054.399,1075.0,1075.0,4.0,10156.0
2011-07-26,1058.0,1030.0,1030.0,1055.0,3.0,865.0
2011-07-27,1042.5,1026.75,1042.5,1026.75,1.0,32.0
2011-07-28,1037.5,1037.5,1037.5,1037.5,0.0,1.0
2011-07-29,1025.0,1025.0,1025.0,1025.0,0.0,1.0
2011-08-01,1027.5,1027.5,1045.0,1045.0,1.0,353.0
2011-08-02,1022.5,1022.5,1055.0,1045.0,1.0,226.0
2011-08-03,1060.0,1010.0,1030.0,1035.0,3.0,1000.0
2011-08-04,1021.0,985.0,977.5,1005.0,5.0,591.0
2011-08-05,900.0,900.0,920.0,920.0,5.0,1421.0
2011-08-08,875.0,865.0,902.5,887.5,2.0,200.0
2011-08-09,947.0,865.0,932.5,897.5,4.0,723.0
2011-08-10,984.5,984.5,1002.5,980.0,1.0,116.0
2011-08-11,1075.0,1075.0,1075.0,1075.0,0.0,1.0
2011-08-12,1079.5,1072.5,1062.5,1097.5,2.0,955.0
2011-08-15,1070.28,1035.0,1050.0,1065.0,2.0,20400.0
2011-08-16,1090.0,1090.0,1090.0,1090.0,0.0,1.0
2011-08-17,1110.0,1076.0,1110.0,1076.0,1.0,250.0
2011-08-18,1120.5,1085.0,1085.0,1102.5,2.0,1078.0
2011-08-19,1110.0,1096.0,1110.0,1110.0,1.0,160.0
2011-08-22,1155.25,1145.5,1175.0,1122.5,3.0,1100.0
2011-08-23,1197.5,1178.75,1163.5,1187.5,3.0,2132.0
2011-08-24,1162.0,1124.498,1110.0,1158.5,6.0,14397.0
2011-08-25,1115.0,1115.0,1115.0,1115.0,0.0,1.0
2011-08-26,1147.5,1147.5,1147.5,1147.5,0.0,1.0
2011-08-29,1147.5,1147.5,1147.5,1147.5,0.0,0.0
2011-08-30,1174.5,1174.5,1192.5,1185.0,1.0,115.0
2011-08-31,1220.0,1220.0,1232.5,1210.0,2.0,6408.0
2011-09-01,1242.5,1220.25,1242.5,1224.5,6.0,4669.0
2011-09-02,1300.0,1244.0,1290.0,1244.0,5.0,30973.0
2011-09-05,1302.5,1300.0,1302.5,1300.0,1.0,75.0
2011-09-06,1306.0,1286.75,1290.0,1302.5,2.0,575.0
2011-09-07,1285.0,1271.406,1285.0,1282.5,1.0,33000.0
2011-09-08,1335.0,1292.0,1320.0,1292.0,3.0,317.0
2011-09-09,1330.0,1277.895,1287.5,1320.0,2.0,40720.0
2011-09-12,1282.5,1282.5,1282.5,1282.5,0.0,1.0
2011-09-13,1259.5,1259.5,1270.0,1270.0,1.0,214.0
2011-09-14,1276.0,1270.0,1252.5,1285.0,2.0,2000.0
2011-09-15,1230.0,1230.0,1230.0,1255.0,1.0,315.0
2011-09-16,1262.5,1220.0,1245.0,1242.5,2.0,139.0
2011-09-19,1267.5,1267.5,1267.5,1267.5,0.0,1.0
2011-09-20,1310.0,1300.0,1325.0,1265.0,7.0,6303.0
2011-09-21,1305.0,1305.0,1305.0,1305.0,0.0,1.0
2011-09-22,1266.0,1170.0,1185.0,1280.0,4.0,5285.0
2011-09-23,1167.5,1135.0,1125.0,1185.0,3.0,4000.0
2011-09-26,1080.0,1022.5,1032.5,1070.0,2.0,730.0
2011-09-27,1110.0,1056.0,1110.0,1085.0,2.0,314.0
2011-09-28,1075.0,1075.0,1075.0,1097.5,1.0,875.0
2011-09-29,1050.0,1050.0,1050.0,1050.0,0.0,1.0
2011-09-30,1015.0,1000.0,1042.5,1042.5,5.0,3085.0
2011-10-03,1055.0,1055.0,1047.5,1042.5,1.0,1000.0
2011-10-04,932.0,932.0,950.0,1027.5,1.0,256.0
2011-10-05,1035.0,926.0,1005.0,950.0,8.0,4249.0
2011-10-06,1100.0,1100.0,1100.0,1100.0,0.0,1.0
2011-10-07,1105.0,1081.0,1105.0,1081.0,1.0,875.0
2011-10-10,1080.0,1080.0,1080.0,1080.0,0.0,1.0
2011-10-11,1090.0,1090.0,1090.0,1090.0,1.0,1760.0
2011-10-12,1120.0,1078.93,1120.0,1078.93,1.0,100.0
2011-10-13,1142.5,1072.5,1072.5,1142.5,2.0,1034.0
2011-10-14,1072.5,1072.5,1072.5,1072.5,0.0,0.0
2011-10-17,1065.0,1065.0,1065.0,1065.0,0.0,1.0
2011-10-18,1010.0,986.0,1010.0,986.0,2.0,1630.0
2011-10-19,1070.0,1070.0,1070.0,1070.0,0.0,1.0
2011-10-20,1020.0,1020.0,1020.0,1020.0,0.0,1.0
2011-10-21,1022.5,1005.0,1022.5,1005.0,1.0,996.0
2011-10-24,1027.5,1027.5,1027.5,1027.5,0.0,1.0
2011-10-25,1052.5,1011.75,1052.5,1011.75,1.0,166.0
2011-10-26,1145.0,1046.0,1145.0,1046.0,1.0,11.0
2011-10-27,1175.0,1160.0,1175.0,1170.0,3.0,370.0
2011-10-28,1188.25,1182.5,1182.5,1188.25,3.0,2867.0
2011-10-31,1184.0,1165.0,1165.0,1184.0,1.0,65.0
2011-11-01,1110.0,1110.0,1110.0,1110.0,0.0,1.0
2011-11-02,1135.0,1135.0,1135.0,1135.0,0.0,1.0
2011-11-03,1157.5,1157.5,1157.5,1157.5,0.0,1.0
2011-11-04,1175.0,1175.0,1175.0,1175.0,1.0,525.0
2011-11-07,1167.5,1167.5,1167.5,1167.5,0.0,1.0
2011-11-08,1225.0,1194.0,1225.0,1194.0,2.0,713.0
2011-11-09,1242.5,1242.5,1242.5,1242.5,0.0,1.0
2011-11-10,1170.0,1170.0,1170.0,1170.0,0.0,1.0
2011-11-11,1232.5,1181.75,1232.5,1181.75,3.0,700.0
2011-11-14,1240.0,1222.5,1240.0,1235.25,5.0,1224.0
2011-11-15,1242.5,1242.5,1242.5,1242.5,0.0,1.0
2011-11-16,1245.0,1200.0,1215.0,1225.0,4.0,8261.0
2011-11-17,1185.0,1185.0,1185.0,1185.0,0.0,1.0
2011-11-18,1130.0,1130.0,1132.5,1160.0,3.0,947.0
2011-11-21,1132.0,1080.0,1080.0,1120.0,4.0,1855.0
2011-11-22,1096.5,1071.0,1087.5,1087.5,2.0,140.0
2011-11-23,1047.5,1047.5,1047.5,1047.5,0.0,1.0
2011-11-24,1047.5,1047.5,1047.5,1047.5,0.0,0.0
2011-11-25,1056.5,1047.5,1047.5,1056.5,1.0,100.0
2011-11-28,1075.0,1038.0,1080.0,1030.0,3.0,1296.0
2011-11-29,1082.5,1082.5,1082.5,1082.5,0.0,1.0
2011-11-30,1115.0,1115.0,1115.0,1115.0,0.0,1.0
2011-12-01,1150.0,1145.0,1127.5,1125.0,2.0,1058.0
2011-12-02,1160.0,1109.0,1120.0,1122.5,4.0,1992.0
2011-12-05,1160.0,1123.0,1127.5,1120.0,6.0,4652.0
2011-12-06,1090.0,1090.0,1112.5,1112.5,1.0,165.0
2011-12-07,1139.0,1139.0,1125.0,1130.0,1.0,1200.0
2011-12-08,1140.0,1140.0,1135.0,1125.0,1.0,1000.0
2011-12-09,1136.25,1110.0,1122.5,1127.5,2.0,488.0
2011-12-12,1105.0,1075.0,1080.0,1117.5,5.0,5200.0
2011-12-13,1088.0,1085.0,1080.0,1080.0,2.0,494.0
2011-12-14,1085.5,977.143,980.0,1075.0,6.0,5650.0
2011-12-15,1010.0,950.0,975.0,982.5,5.0,2118.0
2011-12-16,977.5,977.5,977.5,977.5,0.0,1.0
2011-12-19,962.5,962.5,962.5,962.5,0.0,1.0
2011-12-20,1000.0,935.0,1000.0,957.5,4.0,3300.0
2011-12-21,1007.5,1000.0,1000.0,1007.5,0.0,1.0
2011-12-22,970.0,970.0,970.0,970.0,0.0,1.0
2011-12-23,974.0,965.0,965.0,965.0,3.0,382.0
2011-12-27,965.0,965.0,965.0,965.0,0.0,0.0
2011-12-28,979.0,940.0,947.5,960.0,2.0,1604.0
2011-12-29,915.0,908.5,922.5,932.5,3.0,905.0
2011-12-30,934.571,934.571,950.0,950.0,1.0,37.0
2012-01-02,950.0,950.0,950.0,950.0,0.0,0.0
2012-01-03,1002.5,950.0,992.5,970.0,5.0,1074.0
2012-01-04,1024.4,1024.4,1010.0,1012.5,1.0,14.0
2012-01-05,1016.22,1016.22,1020.0,1020.0,1.0,940.0
2012-01-06,1075.0,1037.5,1060.0,1025.0,5.0,2706.0
2012-01-09,1045.25,1045.25,1060.0,1057.5,1.0,150.0
2012-01-10,1115.0,1075.0,1100.0,1062.5,4.0,3510.0
2012-01-11,1091.75,1091.75,1120.0,1107.5,1.0,188.0
2012-01-12,1107.5,1107.5,1107.5,1107.5,0.0,1.0
2012-01-13,1116.0,1080.0,1080.0,1102.5,2.0,680.0
2012-01-16,1092.5,1092.5,1092.5,1092.5,0.0,1.0
2012-01-17,1102.5,1102.5,1102.5,1102.5,0.0,1.0
2012-01-18,1092.5,1092.5,1092.5,1092.5,0.0,1.0
2012-01-19,1090.0,1080.0,1080.0,1090.0,2.0,450.0
2012-01-20,1069.0,1067.714,1067.5,1077.5,2.0,295.0
2012-01-23,1078.25,1078.25,1095.0,1062.5,2.0,1203.0
2012-01-24,1102.0,1074.0,1070.0,1090.0,4.0,2959.0
2012-01-25,1070.0,1046.59,1042.5,1060.0,2.0,1967.0
2012-01-26,1120.0,1120.0,1112.5,1095.0,2.0,675.0
2012-01-27,1125.0,1090.0,1117.5,1105.0,2.0,963.0
2012-01-30,1110.0,1110.0,1110.0,1110.0,0.0,1.0
2012-01-31,1136.21,1127.5,1127.5,1127.5,4.0,2253.0
2012-02-01,1144.0,1118.0,1132.5,1130.0,4.0,323.0
2012-02-02,1165.0,1144.75,1165.0,1153.75,3.0,2819.0
2012-02-03,1190.0,1165.0,1170.0,1165.0,5.0,5062.0
2012-02-05,1170.0,1170.0,1170.0,1170.0,0.0,0.0
2012-02-06,1182.0,1166.0,1170.0,1175.0,3.0,130.0
2012-02-07,1158.0,1158.0,1167.5,1170.0,2.0,1059.0
2012-02-08,1149.0,1149.0,1160.0,1162.5,4.0,4466.0
2012-02-09,1162.5,1162.5,1162.5,1162.5,0.0,1.0
2012-02-10,1094.5,1094.5,1120.0,1155.0,1.0,1947.0
2012-02-13,1140.0,1140.0,1125.0,1120.0,1.0,174.0
2012-02-14,1109.0,1108.0,1122.5,1122.5,4.0,5605.0
2012-02-15,1160.0,1160.0,1140.0,1122.5,1.0,41.0
2012-02-16,1100.0,1100.0,1100.0,1100.0,0.0,1.0
2012-02-17,1091.667,1091.667,1100.0,1100.0,1.0,100.0
2012-02-20,1122.75,1084.5,1102.5,1102.5,5.0,1026.0
2012-02-21,1125.0,1102.5,1102.5,1102.5,1.0,75.0
2012-02-22,1122.75,1122.75,1100.0,1102.5,2.0,83.0
2012-02-23,1132.75,1132.75,1112.5,1107.5,1.0,500.0
2012-02-24,1112.5,1112.5,1112.5,1112.5,0.0,0.0
2012-02-27,1112.5,1107.5,1107.5,1112.5,0.0,1.0
2012-02-28,1094.25,1085.5,1107.5,1107.5,3.0,9500.0
2012-02-29,1110.25,1075.0,1080.0,1107.5,3.0,4340.0
2012-03-01,1051.25,1040.0,1040.0,1057.5,3.0,5900.0
2012-03-02,1047.0,1035.0,1035.0,1040.0,1.0,100.0
2012-03-05,1007.0,1007.0,1005.0,1017.5,1.0,100.0
2012-03-06,975.0,975.0,957.5,1000.0,2.0,341.0
2012-03-07,982.5,982.5,982.5,982.5,0.0,1.0
2012-03-08,992.5,992.5,992.5,992.5,0.0,1.0
2012-03-09,994.5,994.5,1012.5,1012.5,1.0,100.0
2012-03-12,980.0,970.0,985.0,1000.0,3.0,2054.0
2012-03-13,993.0,972.5,985.0,982.5,3.0,2245.0
2012-03-14,1000.0,946.0,930.0,985.0,5.0,11027.0
2012-03-15,950.0,903.0,912.5,930.0,3.0,2551.0
2012-03-16,925.0,925.0,902.5,912.5,2.0,128.0
2012-03-19,879.12,860.0,880.0,880.0,4.0,94589.0
2012-03-20,880.16,801.5,837.5,870.0,14.0,110331.0
2012-03-21,890.0,823.65,880.0,840.0,8.0,92900.0
2012-03-22,896.0,860.0,857.5,880.0,4.0,558.0
2012-03-23,910.0,875.0,883.0,852.5,7.0,5884.0
2012-03-26,910.0,910.0,890.0,882.5,2.0,1988.0
2012-03-27,940.0,903.5,922.5,913.875,3.0,309.0
2012-03-28,900.0,900.0,900.0,900.0,0.0,1.0
2012-03-29,885.0,885.0,890.0,900.0,1.0,32.0
2012-03-30,892.5,892.5,892.5,892.5,0.0,1.0
2012-04-02,893.0,893.0,897.5,897.5,1.0,100.0
2012-04-03,930.0,884.0,905.0,897.5,5.0,114793.0
2012-04-04,850.0,850.0,857.5,885.0,1.0,1000.0
2012-04-05,855.0,855.0,855.0,855.0,0.0,1.0
2012-04-08,855.0,855.0,855.0,855.0,0.0,0.0
2012-04-09,855.0,855.0,855.0,855.0,0.0,0.0
2012-04-10,867.0,867.0,847.5,867.0,1.0,12.0
2012-04-11,830.0,830.0,847.5,847.5,1.0,150.0
2012-04-12,831.5,831.5,857.5,845.0,2.0,172.0
2012-04-13,885.0,885.0,860.0,860.0,1.0,300.0
2012-04-16,885.0,885.0,857.5,860.0,2.0,900.0
2012-04-17,850.0,850.0,850.0,840.0,1.0,117.0
2012-04-18,830.0,830.0,830.0,850.0,2.0,807.0
2012-04-19,810.0,810.0,830.0,830.0,1.0,125.0
2012-04-20,845.0,845.0,830.0,830.0,1.0,4.0
2012-04-23,830.0,770.0,770.0,810.0,6.0,3759.0
2012-04-24,792.5,745.0,770.0,770.0,4.0,5181.0
2012-04-25,780.0,740.0,767.5,760.0,8.0,9189.0
2012-04-26,807.317,807.317,820.0,810.0,1.0,3600.0
2012-04-27,820.0,820.0,820.0,820.0,0.0,0.0
2012-04-30,840.0,815.0,815.0,820.0,1.0,121.0
2012-05-01,830.0,810.0,817.5,810.0,1.0,104.0
2012-05-02,825.0,825.0,825.0,825.0,0.0,1.0
2012-05-03,825.0,825.0,825.0,825.0,0.0,0.0
2012-05-04,807.5,800.0,807.5,815.0,4.0,3500.0
2012-05-07,807.5,807.5,807.5,807.5,0.0,0.0
2012-05-08,730.0,730.0,730.0,730.0,0.0,1.0
2012-05-09,685.389,685.389,697.5,717.5,2.0,1379.0
2012-05-10,740.0,720.0,730.0,700.0,5.0,1924.0
2012-05-11,740.0,730.0,730.0,730.0,2.0,1065.0
2012-05-14,730.0,730.0,700.0,710.0,1.0,410.0
2012-05-15,700.0,700.0,680.0,682.5,1.0,100.0
2012-05-16,670.0,670.0,627.5,647.5,2.0,338.0
2012-05-17,675.0,636.111,665.0,650.0,3.0,519.0
2012-05-18,655.5,655.5,671.0,665.0,2.0,1041.0
2012-05-21,660.0,660.0,660.0,660.0,0.0,1.0
2012-05-22,684.5,646.721,682.5,642.5,4.0,3099.0
2012-05-23,640.0,640.0,640.0,640.0,0.0,1.0
2012-05-24,687.5,687.5,687.5,670.0,1.0,400.0
2012-05-25,687.5,687.5,687.5,687.5,0.0,0.0
2012-05-28,732.5,732.5,732.5,732.5,0.0,1.0
2012-05-29,732.5,732.5,732.5,732.5,0.0,0.0
2012-05-30,685.5,685.5,700.0,720.0,1.0,456.0
2012-05-31,685.0,685.0,685.0,685.0,0.0,1.0
2012-06-01,719.5,684.5,702.5,675.0,4.0,1640.0
2012-06-04,702.5,702.5,702.5,702.5,0.0,0.0
2012-06-05,702.5,702.5,702.5,702.5,0.0,0.0
2012-06-06,865.0,810.0,842.5,785.0,6.0,3956.0
2012-06-07,854.0,800.0,812.5,830.0,5.0,7647.0
2012-06-08,782.5,782.5,782.5,782.5,0.0,1.0
2012-06-11,790.0,782.5,790.0,782.5,0.0,1.0
2012-06-12,782.5,782.5,782.5,782.5,0.0,1.0
2012-06-13,790.0,790.0,790.0,790.0,0.0,1.0
2012-06-14,775.0,775.0,782.5,782.5,1.0,240.0
2012-06-15,800.0,800.0,800.0,800.0,0.0,1.0
2012-06-18,780.0,780.0,780.0,780.0,0.0,1.0
2012-06-19,810.0,810.0,785.0,780.0,2.0,206.0
2012-06-20,785.0,785.0,785.0,785.0,0.0,0.0
2012-06-21,751.117,751.117,775.0,780.0,1.0,13400.0
2012-06-22,770.0,720.0,725.0,760.0,7.0,7758.0
2012-06-25,735.0,705.0,705.0,725.0,3.0,3126.0
2012-06-26,705.0,705.0,705.0,705.0,0.0,0.0
2012-06-27,692.5,692.5,692.5,692.5,0.0,1.0
2012-06-28,713.0,689.9,687.5,695.0,2.0,3050.0
2012-06-29,695.0,695.0,695.0,695.0,0.0,1.0
2012-07-02,708.0,708.0,690.0,690.0,2.0,400.0
2012-07-03,703.0,671.25,690.0,687.5,2.0,191.0
2012-07-04,720.0,720.0,712.5,710.0,1.0,500.0
2012-07-05,726.667,726.667,727.5,717.5,1.0,12.0
2012-07-06,725.0,725.0,725.0,725.0,0.0,1.0
2012-07-07,725.0,725.0,725.0,725.0,0.0,0.0
2012-07-08,725.0,725.0,725.0,725.0,0.0,0.0
2012-07-09,710.0,703.4,707.5,727.5,2.0,210.0
2012-07-10,710.0,710.0,695.0,705.0,2.0,2000.0
2012-07-11,710.0,663.25,672.5,682.5,4.0,1444.0
2012-07-12,665.0,665.0,665.0,665.0,0.0,1.0
2012-07-13,698.727,698.727,665.0,665.0,1.0,72.0
2012-07-16,665.0,665.0,665.0,665.0,0.0,0.0
2012-07-17,660.0,660.0,660.0,660.0,0.0,1.0
2012-07-18,635.0,635.0,655.0,655.0,1.0,1347.0
2012-07-19,677.5,677.5,680.0,655.0,3.0,1387.0
2012-07-20,680.0,677.5,677.5,680.0,0.0,1.0
2012-07-23,694.5,662.0,661.0,675.0,2.0,306.0
2012-07-24,684.5,684.5,660.0,660.0,1.0,200.0
2012-07-25,667.5,667.5,667.5,667.5,0.0,1.0
2012-07-26,699.543,699.543,715.0,705.0,1.0,152000.0
2012-07-27,750.16,750.16,750.0,725.0,3.0,1600.0
2012-07-30,797.0,797.0,780.0,770.0,3.0,656.0
2012-07-31,775.0,775.0,775.0,775.0,0.0,1.0
2012-08-01,770.0,770.0,770.0,770.0,0.0,1.0
2012-08-02,770.0,770.0,770.0,770.0,0.0,0.0
2012-08-03,770.0,770.0,770.0,770.0,0.0,0.0
2012-08-06,755.5,755.5,775.0,775.0,1.0,398.0
2012-08-07,796.0,796.0,775.0,775.0,1.0,85.0
2012-08-08,760.8,760.8,780.0,775.0,1.0,12.0
2012-08-09,810.0,810.0,795.0,780.0,3.0,100650.0
2012-08-10,775.0,775.0,787.5,795.0,1.0,140.0
2012-08-13,772.5,772.5,772.5,772.5,0.0,1.0
2012-08-14,770.0,770.0,770.0,770.0,0.0,1.0
2012-08-15,801.5,745.2,770.0,770.0,3.0,1263.0
2012-08-16,780.0,780.0,780.0,780.0,0.0,1.0
2012-08-17,780.0,780.0,780.0,780.0,0.0,0.0
2012-08-20,804.13,757.2,780.0,780.0,2.0,425.0
2012-08-21,850.0,765.0,852.5,787.5,6.0,3976.0
2012-08-22,857.5,857.5,857.5,857.5,0.0,1.0
2012-08-23,925.0,900.0,895.0,875.0,3.0,1155.0
2012-08-24,900.769,854.0,877.5,890.0,3.0,1765.0
2012-08-27,877.5,877.5,877.5,877.5,0.0,0.0
2012-08-28,877.5,877.5,877.5,877.5,0.0,0.0
2012-08-29,891.538,891.538,870.0,875.0,1.0,228.0
2012-08-30,870.0,870.0,870.0,870.0,0.0,0.0
2012-08-31,884.0,866.76,857.5,857.5,2.0,27100.0
2012-09-03,870.0,870.0,870.0,870.0,0.0,1.0
2012-09-04,872.5,872.5,872.5,872.5,0.0,1.0
2012-09-05,922.0,857.5,885.0,887.5,2.0,205.0
2012-09-06,907.0,865.0,882.5,885.0,3.0,635.0
2012-09-07,864.0,864.0,875.0,880.0,1.0,9.0
2012-09-10,860.0,840.0,845.0,867.5,7.0,4696.0
2012-09-11,803.0,803.0,825.0,840.0,1.0,90.0
2012-09-12,815.0,815.0,815.0,815.0,0.0,1.0
2012-09-13,795.0,735.0,765.0,795.0,19.0,170634.0
2012-09-14,797.5,750.0,772.5,762.5,8.0,6239.0
2012-09-17,784.5,750.0,732.5,770.0,4.0,2895.0
2012-09-18,737.4,705.0,730.0,732.5,4.0,6150.0
2012-09-19,750.0,749.5,755.0,732.5,2.0,870.0
2012-09-20,775.0,730.5,750.0,752.5,2.0,2093.0
2012-09-21,750.0,750.0,750.0,750.0,0.0,0.0
2012-09-24,770.0,767.5,750.0,750.0,2.0,651.0
2012-09-25,749.7,713.0,750.0,750.0,3.0,698.0
2012-09-26,725.0,725.0,725.0,725.0,0.0,1.0
2012-09-27,745.0,702.5,722.5,725.0,5.0,6376.0
2012-09-28,725.0,725.0,725.0,725.0,0.0,1.0
2012-10-01,750.0,750.0,750.0,750.0,0.0,1.0
2012-10-02,745.0,745.0,745.0,745.0,0.0,1.0
2012-10-03,725.0,725.0,735.0,742.5,1.0,2200.0
2012-10-04,726.5,726.5,726.5,726.5,0.0,1.0
2012-10-05,732.5,720.5,726.5,726.5,2.0,701.0
2012-10-08,735.0,727.5,720.0,725.0,2.0,1545.0
2012-10-09,735.0,702.0,705.0,720.0,4.0,8300.0
2012-10-10,709.5,690.5,697.5,700.0,3.0,3050.0
2012-10-11,708.0,680.5,707.5,692.5,5.0,3280.0
2012-10-12,692.1763,692.1763,705.0,705.0,1.0,1936.0
2012-10-15,710.5,678.125,675.0,702.5,3.0,2042.0
2012-10-16,685.0,685.0,665.0,675.0,1.0,155.0
2012-10-17,675.0,630.0,625.0,665.0,4.0,1222.0
2012-10-18,638.75,625.6097,625.0,627.5,4.0,21489.0
2012-10-19,648.25,648.25,632.5,632.5,1.0,153.0
2012-10-22,640.5,620.0,615.0,632.5,2.0,3500.0
2012-10-23,609.5,603.143,615.0,615.0,2.0,325.0
2012-10-24,595.6442,595.6442,610.0,615.0,1.0,80467.0
2012-10-25,599.0,597.0,595.0,595.0,2.0,345.0
2012-10-26,585.0,585.0,585.0,585.0,0.0,1.0
2012-10-29,588.0,570.0,577.5,580.0,3.0,1352.0
2012-10-30,583.5,583.5,577.5,577.5,1.0,500.0
2012-10-31,624.0,580.5,600.0,577.5,3.0,551.0
2012-11-01,639.0,639.0,620.0,608.5,1.0,422.0
2012-11-02,640.0,622.25,627.5,627.5,6.0,1795.0
2012-11-05,650.0,640.0,642.5,630.0,4.0,1061.0
2012-11-06,624.0,624.0,632.5,642.5,3.0,11500.0
2012-11-07,664.0,645.0,647.5,637.5,5.0,16001.0
2012-11-08,647.5,647.5,647.5,647.5,0.0,0.0
2012-11-09,647.5,647.5,647.5,647.5,0.0,0.0
2012-11-12,687.0,650.0,667.5,657.5,4.0,1617.0
2012-11-13,650.0,650.0,659.0,662.5,1.0,732.0
2012-11-14,645.0,645.0,645.0,645.0,0.0,1.0
2012-11-15,617.5,617.5,617.5,617.5,0.0,1.0
2012-11-16,604.5,591.0,605.0,615.0,3.0,1742.0
2012-11-19,625.0,625.0,625.0,625.0,0.0,1.0
2012-11-20,627.5,627.5,627.5,627.5,0.0,1.0
2012-11-21,612.5,612.5,612.5,612.5,0.0,1.0
2012-11-22,620.0,620.0,620.0,620.0,0.0,1.0
2012-11-23,634.0,614.91,620.0,620.0,3.0,2337.0
2012-11-26,612.5,612.5,612.5,612.5,0.0,1.0
2012-11-27,595.7822,595.7822,607.5,610.0,1.0,200.0
2012-11-28,596.667,576.3994,595.0,602.0,3.0,45467.0
2012-11-29,581.0,581.0,585.0,590.0,1.0,307.0
2012-11-30,567.5,567.5,567.5,567.5,0.0,1.0
2012-12-03,561.0,525.21,545.0,565.0,5.0,3110.0
2012-12-04,537.75,530.0,532.5,544.0,2.0,989.0
2012-12-05,534.25,522.85,520.0,532.0,3.0,871.0
2012-12-06,521.25,500.0,512.5,517.5,5.0,5099.0
2012-12-07,539.6,528.5,522.5,525.0,3.0,2424.0
2012-12-10,507.5,507.5,507.5,507.5,0.0,1.0
2012-12-11,505.0,505.0,505.0,505.0,0.0,1.0
2012-12-12,508.7,504.65,494.5,501.0,2.0,491.0
2012-12-13,466.0,330.47408,412.5,494.5,15.0,100434.0
2012-12-14,440.0,429.975,430.0,425.0,4.0,479.0
2012-12-17,429.975,429.975,427.5,430.0,1.0,927.0
2012-12-18,441.5,399.35,407.5,427.5,4.0,3988.0
2012-12-19,417.0,388.75,397.5,407.5,6.0,5200.0
2012-12-20,400.0,400.0,377.5,395.0,1.0,1000.0
2012-12-21,382.0,382.0,380.0,377.5,2.0,223.0
2012-12-24,379.5,379.5,379.5,379.5,0.0,1.0
2012-12-27,383.25,379.5,375.0,377.5,2.0,1057.0
2012-12-28,378.0,365.0,370.0,375.0,7.0,8614.0
2012-12-31,376.0,376.0,370.0,370.0,1.0,13.0
2013-01-02,420.0,392.25,405.0,370.0,5.0,4619.0
2013-01-03,420.0,385.0,402.5,402.5,5.0,3227.0
2013-01-04,420.0,420.0,402.5,402.5,1.0,1000.0
2013-01-07,416.5,416.5,402.5,402.5,1.0,96.0
2013-01-08,415.6,392.968,400.0,402.0,2.0,27218.0
2013-01-09,409.0,409.0,400.0,400.0,3.0,2222.0
2013-01-10,408.75,397.0,392.5,397.5,5.0,1767.0
2013-01-11,399.25,386.5,392.5,392.5,4.0,10791.0
2013-01-14,400.0,388.0,397.5,392.5,10.0,8517.0
2013-01-15,455.5,420.27,432.5,412.5,9.0,6521.0
2013-01-16,438.0,415.0,427.5,422.5,4.0,2241.0
2013-01-17,445.0,430.0,427.5,427.5,3.0,8443.0
2013-01-18,453.333,415.0,435.0,435.0,5.0,9770.0
2013-01-21,452.5,415.0,435.0,435.0,4.0,3015.0
2013-01-22,450.0,423.0,437.5,430.0,5.0,12861.0
2013-01-23,442.0,442.0,425.0,430.0,1.0,22.0
2013-01-24,409.5,409.5,420.0,420.0,1.0,500.0
2013-01-25,429.0,429.0,420.0,420.0,1.0,113.0
2013-01-28,430.0,425.0,417.5,415.0,3.0,2867.0
2013-01-29,407.0,400.0,405.0,407.0,5.0,1962.0
2013-01-30,408.5,400.25,402.5,402.5,3.0,1399.0
2013-01-31,402.5,402.5,402.5,402.5,0.0,0.0
2013-02-01,408.5,395.75,402.5,402.5,4.0,3734.0
2013-02-04,430.0,395.0,420.0,402.5,5.0,3078.0
2013-02-05,429.0,415.0,420.0,420.0,3.0,986.0
2013-02-06,429.0,415.0,420.0,420.0,2.0,1400.0
2013-02-07,429.0,429.0,420.0,420.0,2.0,1209.0
2013-02-08,429.0,425.19941,420.0,420.0,2.0,3000.0
2013-02-11,447.0,444.0,430.0,430.0,2.0,451.0
2013-02-12,440.0,440.0,440.0,440.0,0.0,1.0
2013-02-13,420.0,420.0,435.0,435.0,1.0,96.0
2013-02-14,444.75,444.75,432.5,432.5,1.0,45.0
2013-02-15,444.75,444.75,432.5,432.5,1.0,449.0
2013-02-18,434.75,405.0,422.5,427.5,3.0,3046.0
2013-02-19,434.0,410.1,420.0,420.0,4.0,14193.0
2013-02-20,415.16,415.16,420.0,420.0,1.0,1000.0
2013-02-21,411.667,388.0,407.5,412.5,4.0,8520.0
2013-02-22,411.667,405.0,400.0,407.5,2.0,614.0
2013-02-25,403.333,390.0,400.0,400.0,4.0,975.0
2013-02-26,402.0,398.5,399.5,398.5,6.0,5711.0
2013-02-27,424.0,402.0,410.0,406.0,16.0,7915.0
2013-02-28,419.0,414.0,410.0,405.0,5.0,3463.0
2013-03-01,418.75,396.5,412.5,410.0,8.0,8429.0
2013-03-04,422.0,415.0,410.0,412.5,5.0,3584.0
2013-03-05,397.0,380.0,393.5,410.0,7.0,30693.0
2013-03-06,397.0,382.867,388.5,393.5,4.0,2102.0
2013-03-07,386.125,386.0,387.0,387.5,2.0,272.0
2013-03-08,380.0,376.5,379.5,387.0,2.0,2600.0
2013-03-11,381.0,368.0,369.0,380.0,5.0,2941.0
2013-03-12,380.0,374.0,372.5,372.5,10.0,4486.0
2013-03-13,403.5,389.9,391.0,377.5,49.0,30894.0
2013-03-14,385.5,375.0,382.5,382.5,11.0,5852.0
2013-03-15,381.0,350.005,355.0,380.0,17.0,7483.0
2013-03-18,348.0,340.0,345.0,342.5,8.0,6389.0
2013-03-19,346.0,345.0,345.0,345.0,7.0,3853.0
2013-03-20,344.99,344.99,345.0,345.0,2.0,1447.0
2013-03-21,344.99,330.0,342.5,345.0,8.0,5961.0
2013-03-22,360.0,345.0,357.5,352.5,5.0,26683.0
2013-03-25,357.5,354.5,352.5,355.0,4.0,1718.0
2013-03-26,354.5,354.0,355.0,352.5,2.0,520.0
2013-03-27,358.0,350.0,355.0,355.0,2.0,807.0
2013-03-28,350.0,350.0,355.0,355.0,1.0,726.0
2013-04-01,355.0,355.0,355.0,355.0,0.0,0.0
2013-04-02,355.0,340.0,350.0,347.5,3.0,3294.0
2013-04-03,330.0,330.0,330.0,330.0,0.0,1.0
2013-04-04,325.0,305.0,307.5,329.0,15.0,16373.0
2013-04-05,308.0,305.75,308.0,307.5,3.0,576.0
2013-04-08,308.4,308.4,313.5,308.0,3.0,709.0
2013-04-09,311.0,311.0,310.0,310.0,2.0,1762.0
2013-04-10,311.0,310.5,307.5,310.0,3.0,1778.0
2013-04-11,290.0,285.0,287.0,300.0,8.0,4380.0
2013-04-12,280.0,258.0,255.0,285.0,4.0,2843.0
2013-04-15,246.0,215.0,217.5,247.5,13.0,5631.0
2013-04-16,217.695,210.0,212.5,216.5,10.0,16842.0
2013-04-17,205.5,200.0,202.5,207.5,5.0,6305.0
2013-04-18,190.0,180.0,187.5,195.0,13.0,7494.0
2013-04-19,198.0,186.5,187.5,185.0,13.0,35941.0
2013-04-22,211.0234,190.0,200.0,188.5,9.0,12684.0
2013-04-23,202.0,188.0,187.5,197.5,8.0,4621.0
2013-04-24,188.0,185.0,187.5,187.5,5.0,3512.0
2013-04-25,219.5,205.5,215.0,202.5,12.0,14457.0
2013-04-26,230.0,225.0,225.0,220.0,9.0,4954.0
2013-04-29,227.0,226.0,220.0,222.5,2.0,1215.0
2013-04-30,223.0,205.0,205.0,217.5,8.0,4731.0
2013-05-01,210.0,201.0,205.0,207.5,3.0,2845.0
2013-05-02,205.0,201.0,207.0,205.0,2.0,497.0
2013-05-03,207.0,207.0,207.0,207.0,1.0,241.0
2013-05-06,207.0,207.0,207.0,207.0,0.0,0.0
2013-05-07,207.0,195.0,197.5,207.0,5.0,5245.0
2013-05-08,201.25,190.0,197.5,197.5,5.0,1074.0
2013-05-09,197.25,197.25,206.5,202.5,1.0,938.0
2013-05-10,204.05,203.7,206.5,206.5,3.0,2542.0
2013-05-13,225.0,218.0,215.0,212.5,3.0,2696.0
2013-05-14,224.0,216.95,222.5,222.5,5.0,2885.0
2013-05-15,250.0,238.5,242.5,235.0,10.0,7102.0
2013-05-16,227.5,221.0,225.0,227.5,4.0,3938.0
2013-05-17,237.0,229.0,227.5,225.0,3.0,7600.0
2013-05-20,225.0,220.0,222.5,222.5,4.0,8705.0
2013-05-21,226.0,226.0,230.0,230.0,1.0,620.0
2013-05-22,270.0,237.5,266.0,235.0,8.0,5404.0
2013-05-23,285.0,255.0,276.0,263.5,7.0,9919.0
2013-05-24,300.0,280.0,289.5,280.0,9.0,8760.0
2013-05-27,289.5,289.5,289.5,289.5,0.0,0.0
2013-05-28,305.0,290.0,292.5,292.5,6.0,2915.0
2013-05-29,298.8,298.8,288.0,288.0,1.0,397.0
2013-05-30,340.0,293.08333,330.5,297.5,11.0,7061.0
2013-05-31,375.0,340.0,345.0,337.5,20.0,15540.0
2013-06-03,358.0,340.0,350.5,345.0,7.0,5848.0
2013-06-04,361.0,350.6,356.0,357.5,2.0,793.0
2013-06-05,356.0,333.75,357.5,347.5,8.0,5954.0
2013-06-06,370.0,346.0,350.0,355.0,6.0,1494.0
2013-06-07,342.0,340.0,347.5,347.5,4.0,3621.0
2013-06-10,342.5,342.5,342.5,342.5,0.0,1.0
2013-06-11,335.0,315.01,330.0,342.5,6.0,8177.0
2013-06-12,332.0,323.0,327.5,327.5,3.0,1424.0
2013-06-13,310.0,310.0,315.0,327.5,3.0,2100.0
2013-06-14,309.5,309.5,316.0,315.0,1.0,447.0
2013-06-17,336.0,322.0,330.0,325.0,4.0,2450.0
2013-06-18,311.5,302.25,307.5,315.0,2.0,239.0
2013-06-19,300.0,295.0,295.0,306.0,2.0,1500.0
2013-06-20,291.5,262.0,267.0,295.0,8.0,6576.0
2013-06-21,268.0,255.0,261.5,266.5,4.0,931.0
2013-06-24,257.5,250.0,261.5,262.5,3.0,1639.0
2013-06-25,273.0,251.5,275.0,262.5,3.0,2747.0
2013-06-26,265.0,250.0,257.5,272.0,6.0,6800.0
2013-06-27,256.5,256.5,256.5,256.5,1.0,1164.0
2013-06-28,255.0,231.87,257.5,257.5,7.0,6989.0
2013-07-01,270.0,270.0,270.0,270.0,0.0,1.0
2013-07-02,275.0,275.0,269.5,270.0,1.0,363.0
2013-07-03,269.0,269.0,269.0,269.0,0.0,1.0
2013-07-04,271.0,271.0,271.0,271.0,0.0,1.0
2013-07-05,277.3,262.0,267.5,271.0,3.0,154.0
2013-07-08,260.0,260.0,267.0,267.0,1.0,157.0
2013-07-09,268.5,260.0,258.0,265.0,3.0,3118.0
2013-07-10,266.0,266.0,260.0,260.0,1.0,447.0
2013-07-11,272.9,260.0,265.0,265.0,6.0,2784.0
2013-07-12,253.0,241.5,244.0,255.0,5.0,3970.0
2013-07-15,241.25,225.0,229.0,237.5,3.0,2699.0
2013-07-16,231.15,220.0,224.5,227.5,3.0,5165.0
2013-07-17,230.0,218.0,222.5,224.0,3.0,3913.0
2013-07-18,229.0,216.0,220.0,222.5,3.0,7513.0
2013-07-19,218.0,211.933333,209.0,212.5,4.0,1636.0
2013-07-22,223.0,206.0,217.5,210.0,5.0,5252.0
2013-07-23,239.0,224.0,230.0,220.0,11.0,10450.0
2013-07-24,235.0,230.25,232.5,230.0,2.0,1258.0
2013-07-25,230.25,230.25,237.5,232.5,1.0,1000.0
2013-07-26,240.4,228.0,230.0,236.5,3.0,2202.0
2013-07-29,230.0,230.0,230.0,230.0,0.0,0.0
2013-07-30,234.0,233.5,236.5,230.0,2.0,1859.0
2013-07-31,237.75,237.75,227.5,232.5,1.0,458.0
2013-08-01,228.5,223.0,220.0,222.5,4.0,2050.0
2013-08-02,220.0,206.0,207.5,215.0,5.0,7569.0
2013-08-05,200.0,191.0,195.0,194.5,4.0,1684.0
2013-08-06,184.0,183.95,182.5,195.0,2.0,2624.0
2013-08-07,192.0,190.0,180.0,186.0,5.0,2549.0
2013-08-08,185.0,181.5,195.0,182.5,2.0,4400.0
2013-08-09,191.5,191.5,196.5,195.0,1.0,1624.0
2013-08-12,222.75,210.0,218.5,201.0,4.0,8290.0
2013-08-13,218.0,210.0,216.5,219.0,3.0,3357.0
2013-08-14,233.2,217.5,235.0,221.0,9.0,5764.0
2013-08-15,269.25,250.4,251.5,246.5,9.0,5840.0
2013-08-16,290.0,247.0,285.0,265.0,13.0,11605.0
2013-08-19,288.0,264.46429,275.0,280.0,12.0,12133.0
2013-08-20,282.65,257.0,288.5,277.5,6.0,8823.0
2013-08-21,292.0,280.0,283.0,287.5,4.0,2312.0
2013-08-22,273.0,250.0,265.0,267.5,5.0,3267.0
2013-08-23,262.5,260.5,262.5,260.5,0.0,1.0
2013-08-26,262.5,262.5,262.5,262.5,0.0,0.0
2013-08-27,306.0,276.5,300.0,273.0,10.0,8893.0
2013-08-28,304.37,292.25,293.0,294.5,9.0,4833.0
2013-08-29,298.0,282.2,282.5,289.0,5.0,3327.0
2013-08-30,289.7,282.4,281.5,285.0,2.0,1172.0
2013-09-02,283.0,280.0,276.5,281.5,3.0,2929.0
2013-09-03,271.3,271.3,285.0,276.5,1.0,167.0
2013-09-04,282.0,277.5,277.5,282.0,0.0,1.0
2013-09-05,278.6,278.6,265.0,273.5,1.0,11.0
2013-09-06,265.5,264.5,265.5,264.5,0.0,1.0
2013-09-09,263.8,260.0,268.0,267.5,2.0,10331.0
2013-09-10,263.0,255.0,247.5,267.0,6.0,7436.0
2013-09-11,243.8,232.3,241.5,247.0,3.0,749.0
2013-09-12,234.0,230.0,232.5,240.0,4.0,4411.0
2013-09-13,227.0,216.5,219.0,229.0,7.0,4433.0
2013-09-16,227.15,227.15,223.0,220.5,1.0,2300.0
2013-09-17,235.2,226.0,228.0,221.5,5.0,2586.0
2013-09-18,229.0,226.2,219.0,227.0,3.0,4938.0
2013-09-19,260.0,232.0,250.5,242.0,5.0,2141.0
2013-09-20,235.0,230.0,225.5,242.5,3.0,1675.0
2013-09-23,220.0,215.0,215.0,217.5,4.0,2145.0
2013-09-24,215.0,201.5,207.5,215.0,5.0,2872.0
2013-09-25,214.0,214.0,215.5,209.0,1.0,1396.0
2013-09-26,225.0,225.0,216.0,217.5,2.0,1095.0
2013-09-27,199.95,199.95,215.0,212.5,1.0,1054.0
2013-09-30,208.4,206.7,213.5,213.5,2.0,402.0
2013-10-01,196.0,196.0,197.5,213.5,1.0,441.0
2013-10-02,204.55,198.4,202.5,197.0,4.0,1967.0
2013-10-03,209.5,209.5,209.5,209.5,0.0,1.0
2013-10-04,209.0,209.0,209.0,209.0,0.0,1.0
2013-10-07,218.0,206.3,211.5,208.5,3.0,372.0
2013-10-08,211.5,211.5,211.5,211.5,0.0,0.0
2013-10-09,211.5,210.0,210.0,211.5,0.0,1.0
2013-10-10,207.0,207.0,210.0,210.0,1.0,221.0
2013-10-11,213.5,213.5,210.0,210.0,1.0,1500.0
2013-10-14,210.0,207.5,207.5,210.0,0.0,1.0
2013-10-15,207.5,205.0,205.0,207.5,0.0,1.0
2013-10-16,202.5,202.5,202.5,202.5,0.0,1.0
2013-10-17,207.75,207.75,205.0,202.5,2.0,1250.0
2013-10-18,218.0,218.0,214.0,209.0,1.0,1003.0
2013-10-21,230.0,224.0,217.5,214.0,2.0,6500.0
2013-10-22,230.0,230.0,225.0,217.5,1.0,402.0
2013-10-23,229.0,221.0,225.0,225.0,3.0,989.0
2013-10-24,229.0,229.0,225.0,225.0,1.0,200.0
2013-10-25,232.5,225.0,232.5,225.0,0.0,1.0
2013-10-28,243.0,225.0,237.5,235.0,3.0,3417.0
2013-10-29,255.0,240.75,248.0,242.5,10.0,5368.0
2013-10-30,252.9,243.0,240.0,248.0,6.0,6263.0
2013-10-31,240.0,232.5,232.5,240.0,0.0,1.0
2013-11-01,220.0,216.0,220.0,232.5,3.0,749.0
2013-11-04,218.0,201.0,210.0,220.0,6.0,6823.0
2013-11-05,204.0,204.0,210.0,210.0,1.0,253.0
2013-11-06,220.0,220.0,210.0,210.0,1.0,120.0
2013-11-07,200.0,200.0,210.0,210.0,1.0,400.0
2013-11-08,215.0,215.0,207.5,210.0,3.0,2199.0
2013-11-11,207.5,205.0,205.0,207.5,0.0,1.0
2013-11-12,205.0,205.0,205.0,205.0,0.0,0.0
2013-11-13,200.0,195.0,195.0,190.0,6.0,3456.0
2013-11-14,195.0,195.0,195.0,195.0,0.0,0.0
2013-11-15,200.0,200.0,197.5,195.0,1.0,750.0
2013-11-18,202.0,197.0,187.5,200.0,5.0,1374.0
2013-11-19,195.0,195.0,187.5,187.5,2.0,701.0
2013-11-20,190.0,183.0,185.0,187.5,4.0,3593.0
2013-11-21,188.0,188.0,185.0,185.0,4.0,394.0
2013-11-22,190.0,182.0,185.0,185.0,4.0,1632.0
2013-11-25,183.0,160.0,159.5,185.0,18.0,22488.0
2013-11-26,160.0,143.75,152.5,157.5,10.0,24056.0
2013-11-27,160.0,152.5,155.0,152.5,5.0,8900.0
2013-11-28,157.0,157.0,155.0,155.0,4.0,3863.0
2013-11-29,158.0,151.0,155.0,155.0,3.0,1541.0
2013-12-02,157.5,157.5,157.5,157.5,0.0,1.0
2013-12-03,149.6,145.0,153.0,152.5,3.0,1445.0
2013-12-04,157.4,145.0,152.5,153.5,5.0,4053.0
2013-12-05,155.0,155.0,155.0,155.0,0.0,1.0
2013-12-06,153.0,153.0,150.0,155.0,1.0,1100.0
2013-12-09,145.0,143.3,147.5,150.0,2.0,639.0
2013-12-10,152.0,152.0,150.0,147.5,1.0,700.0
2013-12-11,155.0,147.2,147.5,150.0,4.0,4365.0
2013-12-12,135.0,130.0,135.0,137.5,4.0,2984.0
2013-12-13,138.0,138.0,135.0,135.0,1.0,1000.0
2013-12-16,133.17,133.17,135.0,135.0,1.0,15000.0
2013-12-17,138.0,138.0,135.0,135.0,1.0,806.0
2013-12-18,138.0,138.0,135.0,135.0,2.0,1245.0
2013-12-19,140.0,140.0,135.0,135.0,1.0,65.0
2013-12-20,131.491,131.491,135.0,135.0,1.0,15000.0
2013-12-23,135.0,135.0,130.0,130.0,1.0,127.0
2013-12-24,133.0,127.0,130.0,130.0,2.0,2000.0
2013-12-27,141.0,140.0,141.0,140.0,0.0,1.0
2013-12-30,146.4,146.4,141.0,141.0,3.0,1846.0
2013-12-31,146.4,146.4,141.0,141.0,2.0,1715.0
2014-01-02,155.0,141.0,153.5,141.0,6.0,3549.0
2014-01-03,170.0,165.0,165.0,155.0,2.0,3000.0
2014-01-06,200.0,165.0,162.5,177.5,15.0,24028.0
2014-01-07,158.5,150.0,154.0,157.5,3.0,4347.0
2014-01-08,154.25,152.0,152.5,152.5,3.0,2248.0
2014-01-09,150.0,150.0,150.5,150.0,1.0,200.0
2014-01-10,147.8,135.04,143.0,145.5,4.0,1232.0
2014-01-13,142.25,140.0,150.0,147.5,2.0,5499.0
2014-01-14,155.0,155.0,155.0,152.5,1.0,2250.0
2014-01-15,149.0,148.0,157.5,155.0,2.0,1206.0
2014-01-16,165.0,155.0,160.0,157.5,2.0,342.0
2014-01-17,165.0,156.0,170.0,160.5,4.0,3392.0
2014-01-20,189.8,189.8,181.0,173.5,3.0,3981.0
2014-01-21,180.0,172.0,177.5,183.5,8.0,8415.0
2014-01-22,190.0,180.0,182.5,185.0,3.0,5745.0
2014-01-23,186.0,175.0,180.0,180.0,4.0,1017.0
2014-01-24,172.0,172.0,180.0,181.0,1.0,302.0
2014-01-27,179.25,177.0,172.5,179.0,2.0,5540.0
2014-01-28,168.0,168.0,177.5,172.5,1.0,100.0
2014-01-29,177.0,177.0,172.5,172.5,1.0,1687.0
2014-01-30,174.0,174.0,177.5,177.5,1.0,160.0
2014-01-31,180.0,180.0,177.5,180.0,2.0,431.0
2014-02-03,180.0,177.5,180.0,177.5,0.0,1.0
2014-02-04,190.0,177.5,182.5,180.0,4.0,4600.0
2014-02-05,190.0,185.0,187.5,185.0,4.0,1859.0
2014-02-06,200.0,200.0,193.5,187.5,1.0,380.0
2014-02-07,191.0,185.0,185.0,192.5,3.0,3500.0
2014-02-10,189.0,189.0,194.0,185.0,1.0,1000.0
2014-02-11,202.76,195.4,201.5,199.0,7.0,5143.0
2014-02-12,202.99,200.75,202.5,201.5,7.0,5113.0
2014-02-13,211.0,203.75,207.5,207.5,5.0,4883.0
2014-02-14,230.0,211.5,227.5,208.5,8.0,8520.0
2014-02-17,250.0,235.0,240.0,235.0,10.0,11410.0
2014-02-18,248.0,225.0,232.0,240.0,6.0,5070.0
2014-02-19,233.0,226.0,225.0,230.0,2.0,1056.0
2014-02-20,217.0,205.0,213.5,216.5,7.0,9847.0
2014-02-21,223.0,208.5,220.0,214.5,7.0,6308.0
2014-02-24,228.0,212.0,225.0,217.5,10.0,10720.0
2014-02-25,230.0,223.0,220.0,225.0,3.0,2678.0
2014-02-26,223.0,222.0,217.5,220.0,3.0,1095.0
2014-02-27,224.0,218.0,220.0,215.0,7.0,5470.0
2014-02-28,228.0,220.0,225.0,220.0,5.0,8551.0
2014-03-03,235.0,221.5,230.0,227.5,10.0,6002.0
2014-03-04,230.0,221.0,221.5,227.5,5.0,10110.0
2014-03-05,228.5,217.0,222.5,222.5,3.0,3025.0
2014-03-06,232.0,217.0,227.5,222.5,3.0,1015.0
2014-03-07,233.0,228.0,227.5,227.5,4.0,10262.0
2014-03-10,249.25,234.0,225.0,230.0,8.0,15563.0
2014-03-11,227.5,225.0,227.5,225.0,0.0,1.0
2014-03-12,233.5,225.0,230.0,230.0,2.0,1864.0
2014-03-13,225.0,225.0,240.0,230.0,2.0,2041.0
2014-03-14,249.0,244.0,247.5,240.0,5.0,5661.0
2014-03-17,253.0,240.0,237.5,246.5,9.0,11845.0
2014-03-18,237.0,228.2,235.0,237.0,7.0,10042.0
2014-03-19,228.0,228.0,227.5,234.0,1.0,3733.0
2014-03-20,228.0,213.0,219.0,227.5,6.0,4045.0
2014-03-21,222.5,219.0,222.5,219.0,0.0,1.0
2014-03-24,223.8,211.65,207.5,220.0,4.0,5606.0
2014-03-25,206.356458,190.0,195.0,201.5,5.0,6570.0
2014-03-26,205.0,185.0,195.0,195.0,5.0,2737.0
2014-03-27,187.25,185.0,190.0,192.5,2.0,5612.0
2014-03-28,192.0,185.5,192.5,190.0,3.0,1119.0
2014-03-31,192.0,190.0,187.5,182.5,2.0,2546.0
2014-04-01,182.1,182.1,187.0,184.5,1.0,1000.0
2014-04-02,189.0,189.0,182.5,182.5,1.0,394.0
2014-04-03,188.133333,188.133333,182.5,183.0,1.0,525.0
2014-04-04,188.0,188.0,187.0,182.5,1.0,2370.0
2014-04-07,190.0,177.25,186.0,182.5,6.0,3025.0
2014-04-08,178.95,178.95,183.5,183.5,1.0,115.0
2014-04-09,195.0,186.5,189.0,189.0,2.0,2500.0
2014-04-10,191.5,191.5,191.5,191.5,0.0,1.0
2014-04-11,191.5,191.5,191.5,191.5,0.0,0.0
2014-04-14,181.5,180.0,187.5,190.0,3.0,4024.0
2014-04-15,191.7,172.840763,182.5,187.5,5.0,5638.0
2014-04-16,179.0,160.0,162.5,167.5,4.0,6196.0
2014-04-17,165.0,165.0,167.5,162.5,3.0,3136.0
2014-04-22,160.0,160.0,167.5,167.5,1.0,592.0
2014-04-23,167.5,167.5,167.5,167.5,0.0,0.0
2014-04-24,170.5,167.5,170.5,167.5,0.0,1.0
2014-04-25,161.95,161.0,170.5,170.5,2.0,1415.0
2014-04-28,176.6936,161.0,170.0,170.0,2.0,3700.0
2014-04-29,175.0,161.0,170.0,170.0,2.0,1394.0
2014-04-30,165.0,160.0,170.0,170.0,2.0,1017.0
2014-05-01,169.5,169.5,169.5,169.5,0.0,1.0
2014-05-02,169.5,169.5,169.5,169.5,0.0,0.0
2014-05-05,169.5,169.5,169.5,169.5,0.0,0.0
2014-05-06,175.2,175.2,169.5,169.5,1.0,1141.0
2014-05-07,160.0,150.0,162.5,170.0,4.0,2800.0
2014-05-08,167.0,155.0,165.0,162.5,5.0,7588.0
2014-05-09,165.0,165.0,165.0,165.0,0.0,0.0
2014-05-12,164.8623,164.8623,162.5,162.5,1.0,2000.0
2014-05-13,167.0,167.0,162.5,162.5,1.0,591.0
2014-05-14,160.0,160.0,160.0,160.0,0.0,1.0
2014-05-15,164.16,150.0,157.5,160.0,3.0,5250.0
2014-05-16,162.75,150.75,157.5,157.5,2.0,764.0
2014-05-19,157.5,157.5,157.5,157.5,0.0,0.0
2014-05-20,158.0,157.5,158.0,157.5,0.0,1.0
2014-05-21,161.92,151.7,158.0,158.0,3.0,6267.0
2014-05-22,161.92,151.7,158.0,158.0,4.0,2864.0
2014-05-23,161.0,161.0,160.5,158.0,1.0,2000.0
2014-05-26,160.5,160.5,160.5,160.5,0.0,0.0
2014-05-27,160.0,159.0,159.0,160.0,0.0,1.0
2014-05-28,154.5,150.0,157.5,159.0,2.0,2201.0
2014-05-29,157.5,150.0,155.0,155.0,2.0,2900.0
2014-05-30,152.0,140.0,150.0,155.0,2.0,3321.0
2014-06-02,152.0,152.0,147.5,150.0,1.0,1973.0
2014-06-03,148.75,148.75,146.0,147.5,1.0,1500.0
2014-06-04,142.506,142.506,146.0,147.5,1.0,2000.0
2014-06-05,145.0,135.0,142.5,146.0,4.0,4185.0
2014-06-06,144.7,144.7,143.0,142.5,1.0,107.0
2014-06-09,159.375,145.0,155.0,144.5,5.0,1794.0
2014-06-10,153.7,153.7,157.5,156.5,1.0,1500.0
2014-06-11,160.0,158.2,158.5,158.0,2.0,2000.0
2014-06-12,175.0,159.94,172.5,159.5,7.0,5027.0
2014-06-13,186.0,180.0,189.0,180.0,5.0,4638.0
2014-06-16,178.0,178.0,180.0,187.5,1.0,1000.0
2014-06-17,183.01,183.01,179.5,179.5,1.0,540.0
2014-06-18,175.0,175.0,179.5,179.5,1.0,96.0
2014-06-19,183.01,182.65,180.0,179.5,4.0,2740.0
2014-06-20,184.01,184.01,190.0,180.0,2.0,2183.0
2014-06-23,196.02,183.0,189.0,189.0,2.0,2066.0
2014-06-24,183.0,183.0,190.0,190.0,1.0,250.0
2014-06-25,190.0,190.0,190.0,190.0,0.0,0.0
2014-06-26,190.0,190.0,190.0,190.0,0.0,0.0
2014-06-27,190.0,190.0,190.0,190.0,0.0,0.0
2014-06-30,183.0,180.0,190.0,190.0,3.0,7358.0
2014-07-01,190.0,190.0,190.0,190.0,0.0,0.0
2014-07-02,190.0,190.0,190.0,190.0,0.0,0.0
2014-07-03,198.0,182.0,190.0,190.0,4.0,5208.0
2014-07-04,195.0,195.0,195.0,195.0,0.0,1.0
2014-07-07,200.0,191.0,197.5,195.0,2.0,1015.0
2014-07-08,200.0,200.0,205.0,199.0,1.0,1322.0
2014-07-09,201.0,201.0,215.0,205.0,2.0,2100.0
2014-07-10,206.0,200.0,215.0,215.0,2.0,1778.0
2014-07-11,202.0,202.0,209.0,211.0,1.0,1538.0
2014-07-14,201.8,201.8,209.0,209.0,1.0,428.0
2014-07-15,201.5,201.5,207.5,207.5,1.0,198.0
2014-07-16,196.5,192.0,200.0,205.0,2.0,4317.0
2014-07-17,210.0,200.0,210.0,200.0,0.0,1.0
2014-07-18,207.0,206.0,210.0,210.0,2.0,1314.0
2014-07-21,212.5,212.5,212.5,212.5,0.0,1.0
2014-07-22,210.0,210.0,212.5,212.5,1.0,14.0
2014-07-23,209.0,205.0,212.5,212.5,2.0,4098.0
2014-07-24,210.0,205.0,207.5,212.5,3.0,1886.0
2014-07-25,205.0,205.0,207.0,207.5,1.0,1000.0
2014-07-28,200.0,195.0,200.0,202.5,2.0,2123.0
2014-07-29,200.0,200.0,200.0,200.0,0.0,0.0
2014-07-30,190.0,190.0,197.5,197.5,3.0,995.0
2014-07-31,190.0,190.0,197.5,197.5,1.0,38.0
2014-08-01,197.5,197.5,197.5,197.5,0.0,0.0
2014-08-04,196.0,196.0,200.5,200.0,1.0,50.0
2014-08-05,205.0,202.0,203.5,200.5,3.0,5000.0
2014-08-06,220.0,205.0,217.5,203.5,5.0,6338.0
2014-08-07,225.0,225.0,217.5,217.5,1.0,13.0
2014-08-08,220.0,217.5,220.0,217.5,0.0,1.0
2014-08-11,228.0,221.0,227.5,225.0,2.0,2062.0
2014-08-12,250.0,230.0,250.0,235.0,9.0,5690.0
2014-08-13,251.0,245.5,252.5,250.0,4.0,2834.0
2014-08-14,265.0,251.0,265.0,257.5,7.0,4910.0
2014-08-15,261.0,252.0,260.0,265.0,6.0,3082.0
2014-08-18,284.0,261.0,275.0,265.0,12.0,10348.0
2014-08-19,284.0,266.0,270.0,275.0,4.0,2328.0
2014-08-20,269.0,257.85,275.0,269.5,7.0,9190.0
2014-08-21,276.0,276.0,275.5,280.0,4.0,5217.0
2014-08-22,268.0,258.6,275.0,275.5,6.0,11234.0
2014-08-25,275.0,275.0,275.0,275.0,0.0,0.0
2014-08-26,281.0,281.0,285.0,275.0,3.0,2867.0
2014-08-27,323.75,285.75,310.0,287.5,12.0,7854.0
2014-08-28,320.0,306.0,322.0,315.0,6.0,2403.0
2014-08-29,334.0,312.0,322.0,322.0,2.0,541.0
2014-09-01,334.0,334.0,323.5,323.5,1.0,297.0
2014-09-02,334.0,312.0,317.5,323.5,4.0,4765.0
2014-09-03,313.0,310.75,312.5,317.5,3.0,1250.0
2014-09-04,305.0,295.0,307.5,312.5,7.0,6722.0
2014-09-05,305.4,281.0,307.0,297.5,8.0,7592.0
2014-09-08,307.5,305.0,305.0,307.5,0.0,1.0
2014-09-09,291.8,291.8,301.5,299.0,1.0,1647.0
2014-09-10,305.0,302.5,305.0,302.5,0.0,1.0
2014-09-11,308.0,292.4,297.5,305.0,3.0,2271.0
2014-09-12,300.0,296.8,305.0,302.5,5.0,3540.0
2014-09-15,307.0,293.333333,300.0,300.0,2.0,3317.0
2014-09-16,295.0,283.75,290.0,295.0,2.0,180.0
2014-09-17,290.0,290.0,290.0,290.0,0.0,0.0
2014-09-18,290.0,285.0,285.0,290.0,0.0,1.0
2014-09-19,289.0,287.5,285.0,285.0,2.0,615.0
2014-09-22,280.0,250.0,260.0,282.5,10.0,7016.0
2014-09-23,260.0,250.0,264.5,260.0,2.0,1338.0
2014-09-24,257.28,257.28,264.5,264.5,1.0,3816.0
2014-09-25,257.28,257.28,267.0,264.5,2.0,1487.0
2014-09-26,276.2,272.68,278.0,273.0,2.0,1106.0
2014-09-29,275.0,275.0,275.0,275.0,0.0,1.0
2014-09-30,267.4,266.8,277.0,275.0,2.0,3638.0
2014-10-01,273.0,273.0,273.0,273.0,0.0,1.0
2014-10-02,266.92,265.0,272.5,273.0,3.0,4641.0
2014-10-03,265.75,265.75,270.0,275.0,1.0,1000.0
2014-10-06,257.4,255.0,265.0,262.5,2.0,4000.0
2014-10-07,279.5,258.88,268.0,268.0,2.0,2511.0
2014-10-08,276.25,258.0,267.5,267.5,2.0,2354.0
2014-10-09,286.5,284.5,292.5,280.0,4.0,3500.0
2014-10-10,285.0,275.0,285.0,290.0,2.0,4000.0
2014-10-13,276.0,276.0,285.0,285.0,2.0,178.0
2014-10-14,294.0,280.0,292.5,285.0,2.0,2056.0
2014-10-15,286.5,286.5,292.5,292.5,2.0,552.0
2014-10-16,293.25,285.0,282.5,292.5,3.0,5269.0
2014-10-17,282.5,282.5,282.5,282.5,0.0,0.0
2014-10-20,276.5,276.5,282.5,282.5,1.0,2000.0
2014-10-21,282.0,282.0,285.0,283.0,1.0,313.0
2014-10-22,290.0,280.5,285.0,285.0,4.0,7784.0
2014-10-23,281.8,280.0,266.5,284.5,3.0,1250.0
2014-10-24,267.5,267.5,267.5,267.5,0.0,1.0
2014-10-27,267.5,257.5,257.5,267.5,0.0,1.0
2014-10-28,244.27,244.27,247.5,257.5,1.0,4000.0
2014-10-29,245.0,245.0,247.5,247.5,1.0,188.0
2014-10-30,247.5,247.5,247.5,247.5,0.0,0.0
2014-10-31,220.0,191.89,202.5,227.5,4.0,5033.0
2014-11-03,195.0,195.0,198.5,198.5,2.0,824.0
2014-11-04,205.0,200.0,205.0,200.0,0.0,1.0
2014-11-05,205.0,197.5,197.5,205.0,0.0,1.0
2014-11-06,199.0,199.0,197.5,197.0,1.0,15.0
2014-11-07,200.0,198.75,204.5,197.5,3.0,4500.0
2014-11-10,207.2,190.81,197.5,203.0,2.0,1400.0
2014-11-11,198.0,198.0,197.5,197.5,1.0,990.0
2014-11-12,202.0,202.0,205.0,205.0,1.0,1500.0
2014-11-13,205.0,205.0,205.0,205.0,0.0,0.0
2014-11-14,202.5,202.5,202.5,202.5,0.0,1.0
2014-11-17,205.0,205.0,210.0,202.5,1.0,240.0
2014-11-18,233.0,206.65,225.0,212.5,3.0,753.0
2014-11-19,233.0,217.0,222.5,225.0,2.0,823.0
2014-11-20,215.75,210.0,215.0,222.5,3.0,5793.0
2014-11-21,220.0,215.0,220.0,215.0,0.0,1.0
2014-11-24,220.0,220.0,220.0,220.0,0.0,0.0
2014-11-25,215.0,210.0,210.0,215.0,0.0,1.0
2014-11-26,210.0,210.0,210.0,210.0,0.0,0.0
2014-11-27,210.0,210.0,210.0,210.0,0.0,0.0
2014-11-28,210.0,202.5,202.5,210.0,0.0,1.0
2014-12-01,203.75,203.75,202.5,202.5,1.0,120.0
2014-12-02,210.0,207.5,207.5,210.0,0.0,1.0
2014-12-03,212.0,195.0,202.5,205.0,2.0,147.0
2014-12-04,202.5,202.5,202.5,202.5,0.0,0.0
2014-12-05,207.0,190.0,197.5,202.5,2.0,264.0
2014-12-08,202.75,202.75,197.5,197.5,1.0,979.0
2014-12-09,202.75,202.75,205.0,197.5,2.0,4300.0
2014-12-10,204.0,204.0,205.0,205.0,1.0,6200.0
2014-12-11,199.25,199.25,197.5,205.0,1.0,1000.0
2014-12-12,197.5,196.5,196.5,197.5,0.0,1.0
2014-12-15,180.0,180.0,175.0,189.0,1.0,10.0
2014-12-16,172.0,167.5,167.5,172.0,0.0,1.0
2014-12-17,171.25,162.4152,165.0,167.5,3.0,1664.0
2014-12-18,178.82,168.0,180.0,165.0,2.0,6200.0
2014-12-19,180.0,180.0,180.0,180.0,0.0,0.0
2014-12-22,187.0,171.96,167.5,180.0,3.0,5357.0
2014-12-23,160.0,160.0,167.5,167.5,1.0,1500.0
2014-12-24,172.75,172.75,167.5,167.5,1.0,572.0
2014-12-29,167.5,167.5,167.5,167.5,0.0,0.0
2014-12-30,172.75,172.75,167.5,167.5,1.0,2000.0
2014-12-31,167.5,167.5,167.5,167.5,0.0,0.0
2015-01-02,185.0,167.5,185.0,167.5,0.0,1.0
2015-01-05,197.5,185.0,197.5,185.0,0.0,1.0
2015-01-06,202.5,197.5,202.5,197.5,0.0,1.0
2015-01-07,202.5,202.5,202.5,202.5,0.0,0.0
2015-01-08,205.0,202.5,205.0,202.5,0.0,1.0
2015-01-09,209.0,209.0,205.0,205.0,1.0,1100.0
2015-01-12,209.0,209.0,205.0,205.0,1.0,1000.0
2015-01-13,209.0,202.5,215.0,205.0,2.0,3002.0
2015-01-14,205.0,205.0,210.0,210.0,1.0,2667.0
2015-01-15,239.0,239.0,232.5,210.0,1.0,1041.0
2015-01-16,240.0,240.0,240.0,232.5,3.0,2139.0
2015-01-19,235.0,235.0,235.0,235.0,0.0,1.0
2015-01-20,249.0,249.0,245.0,240.0,1.0,191.0
2015-01-21,270.0,252.0,250.0,250.0,6.0,6084.0
2015-01-22,257.0,240.0,250.0,250.0,5.0,1871.0
2015-01-23,257.0,257.0,250.0,250.0,1.0,3201.0
2015-01-26,242.0,235.0,240.0,250.0,4.0,2720.0
2015-01-27,255.0,232.0,250.0,240.0,2.0,1361.0
2015-01-28,240.0,231.0,240.0,240.0,3.0,3500.0
2015-01-29,228.0,228.0,235.0,235.0,1.0,405.0
2015-01-30,242.0,242.0,235.0,235.0,1.0,1234.0
2015-02-02,235.0,232.5,232.5,235.0,0.0,1.0
2015-02-03,247.0,234.0,235.0,240.0,4.0,5261.0
2015-02-04,235.0,235.0,235.0,235.0,0.0,0.0
2015-02-05,228.0,228.0,232.5,235.0,1.0,130.0
2015-02-06,228.0,222.5,225.0,232.5,2.0,1193.0
2015-02-09,225.0,215.0,222.5,225.0,3.0,1632.0
2015-02-10,230.0,222.5,230.0,222.5,0.0,1.0
2015-02-11,230.0,230.0,230.0,230.0,0.0,0.0
2015-02-12,230.0,230.0,230.0,230.0,0.0,0.0
2015-02-13,230.0,230.0,230.0,230.0,0.0,0.0
2015-02-16,250.0,228.0,245.0,230.0,8.0,10117.0
2015-02-17,242.0,242.0,240.0,245.0,1.0,500.0
2015-02-18,250.0,250.0,245.0,240.0,1.0,2250.0
2015-02-19,254.0,235.0,245.0,245.0,3.0,1375.0
2015-02-20,245.0,245.0,245.0,245.0,0.0,0.0
2015-02-23,245.0,229.0,240.0,245.0,7.0,4128.0
2015-02-24,240.0,240.0,240.0,240.0,0.0,0.0
2015-02-25,250.0,245.0,250.0,245.0,0.0,1.0
2015-02-26,260.0,244.0,255.0,250.0,2.0,2761.0
2015-02-27,252.0,252.0,255.0,255.0,1.0,1234.0
2015-03-02,270.0,260.0,265.0,255.0,3.0,2200.0
2015-03-03,266.22,266.22,265.0,265.0,1.0,2500.0
2015-03-04,265.0,265.0,265.0,265.0,0.0,0.0
2015-03-05,268.5,268.5,265.0,265.0,1.0,11.0
2015-03-06,260.0,260.0,257.5,265.0,2.0,1800.0
2015-03-09,257.5,250.0,250.0,257.5,0.0,1.0
2015-03-10,250.0,245.0,245.0,250.0,0.0,1.0
2015-03-11,248.0,245.0,255.0,255.0,2.0,2850.0
2015-03-12,252.0,252.0,262.5,260.0,2.0,2612.0
2015-03-13,261.5,261.5,265.0,262.5,1.0,387.0
2015-03-16,270.0,261.5,265.0,265.0,4.0,1071.0
2015-03-17,269.0,269.0,265.0,265.0,1.0,600.0
2015-03-18,280.0,270.0,277.5,265.0,4.0,819.0
2015-03-19,285.0,281.25,284.5,277.5,3.0,2572.0
2015-03-20,298.0,285.0,297.5,284.5,9.0,4931.0
2015-03-23,310.0,300.0,310.0,297.5,2.0,963.0
2015-03-24,325.0,306.0,312.5,310.0,10.0,11967.0
2015-03-25,319.5,310.5,315.0,312.5,7.0,4886.0
2015-03-26,318.5,305.0,305.0,312.5,4.0,4111.0
2015-03-27,309.0,309.0,302.5,305.0,1.0,1242.0
2015-03-30,304.5,293.0,297.5,302.5,3.0,2550.0
2015-03-31,297.5,297.5,297.5,297.5,0.0,0.0
2015-04-01,292.25,280.2001,297.5,292.5,4.0,3204.0
2015-04-02,304.9249,304.9249,297.5,297.5,1.0,79.0
2015-04-06,297.5,297.5,297.5,297.5,0.0,0.0
2015-04-07,310.0,310.0,300.0,297.5,1.0,963.0
2015-04-08,293.0,293.0,295.0,300.0,1.0,220.0
2015-04-09,301.0,301.0,292.5,295.0,3.0,403.0
2015-04-10,303.0,287.25,300.0,292.5,2.0,1522.0
2015-04-13,312.75,303.0,307.5,310.0,2.0,2500.0
2015-04-14,312.75,302.25,312.5,307.5,4.0,6658.0
2015-04-15,315.0,300.3001,315.0,310.0,12.0,21471.0
2015-04-16,330.0,311.0,327.5,315.0,6.0,14327.0
2015-04-17,323.0,323.0,325.0,327.5,1.0,2400.0
2015-04-20,318.0,318.0,325.0,325.0,4.0,818.0
2015-04-21,318.0,315.25,320.0,325.0,9.0,13623.0
2015-04-22,316.5,315.0,317.5,320.0,14.0,12231.0
2015-04-23,315.0,311.0,312.5,317.5,4.0,9850.0
2015-04-24,312.0,310.75,310.0,312.5,5.0,1920.0
2015-04-27,309.0,301.5,307.5,310.0,7.0,3709.0
2015-04-28,302.5,302.25,307.5,307.5,5.0,3233.0
2015-04-29,302.25,302.25,307.5,307.5,1.0,1000.0
2015-04-30,302.25,302.25,307.5,307.5,2.0,4008.0
2015-05-01,302.25,302.25,307.5,307.5,3.0,5768.0
2015-05-04,307.5,307.5,307.5,307.5,0.0,0.0
2015-05-05,316.5,302.25,325.0,307.5,7.0,8060.0
2015-05-06,311.0,311.0,320.0,320.0,3.0,1955.0
2015-05-07,320.0,315.5,315.5,320.0,0.0,1.0
2015-05-08,322.15,322.15,315.5,315.5,2.0,129.0
2015-05-11,320.0,320.0,325.0,315.5,1.0,4000.0
2015-05-12,323.75,315.0,327.5,325.0,4.0,5021.0
2015-05-13,361.8153,322.0,345.0,330.0,8.0,6615.0
2015-05-14,346.212,346.212,345.0,342.5,1.0,5000.0
2015-05-15,343.0,327.0,335.0,340.0,3.0,1354.0
2015-05-18,327.0,327.0,335.0,335.0,2.0,3000.0
2015-05-19,330.0,327.0,335.0,335.0,5.0,3781.0
2015-05-20,327.0,327.0,335.0,335.0,2.0,1219.0
2015-05-21,340.99999,340.99999,335.0,335.0,1.0,9.0
2015-05-22,335.0,335.0,335.0,335.0,0.0,0.0
2015-05-25,335.0,335.0,335.0,335.0,0.0,0.0
2015-05-26,321.3375,318.288,330.0,335.0,2.0,2145.0
2015-05-27,322.0,322.0,327.5,330.0,1.0,1000.0
2015-05-28,327.5,327.5,327.5,327.5,0.0,0.0
2015-05-29,327.0,327.0,335.0,330.0,1.0,158.0
2015-06-01,327.0,327.0,335.0,335.0,2.0,1404.0
2015-06-02,327.0,327.0,335.0,335.0,1.0,500.0
2015-06-03,327.0,327.0,335.0,335.0,1.0,4983.0
2015-06-04,335.0,320.15,325.0,327.5,2.0,1853.0
2015-06-05,327.5,320.0,320.0,325.0,2.0,1162.0
2015-06-08,320.0,320.0,320.0,320.0,0.0,0.0
2015-06-09,315.20001,315.20001,320.0,320.0,1.0,119.0
2015-06-10,326.0,326.0,320.0,330.0,1.0,2000.0
2015-06-11,320.0,320.0,320.0,320.0,0.0,0.0
2015-06-12,317.5,312.5,312.5,317.5,0.0,1.0
2015-06-15,310.0,305.1001,307.5,312.5,3.0,508.0
2015-06-16,300.0,300.0,302.5,307.5,1.0,67.0
2015-06-17,300.0,295.0,295.0,300.0,0.0,1.0
2015-06-18,299.0,290.1502,297.5,295.0,2.0,128.0
2015-06-19,300.0,300.0,297.5,297.5,1.0,98.0
2015-06-22,304.999,304.999,297.5,297.5,1.0,25.0
2015-06-23,291.5,291.5,297.5,297.5,3.0,1271.0
2015-06-24,297.5,297.5,297.5,297.5,0.0,0.0
2015-06-25,303.0,291.5,297.5,297.5,2.0,1411.0
2015-06-26,291.5,285.0,290.0,297.5,5.0,6710.0
2015-06-29,282.0,282.0,290.0,290.0,1.0,150.0
2015-06-30,290.0,290.0,290.0,290.0,0.0,0.0
2015-07-01,290.0,290.0,290.0,290.0,0.0,0.0
2015-07-02,290.0,285.0,285.0,290.0,0.0,1.0
2015-07-03,280.0,280.0,285.0,285.0,1.0,507.0
2015-07-06,278.5,260.0,272.5,280.0,3.0,7484.0
2015-07-07,270.0,251.0,260.0,275.0,4.0,6155.0
2015-07-08,257.5,257.5,257.5,257.5,0.0,1.0
2015-07-09,265.0,255.666667,260.0,260.0,10.0,8749.0
2015-07-10,256.0,256.0,260.0,260.0,2.0,385.0
2015-07-13,256.0,255.001,255.0,260.0,2.0,1094.0
2015-07-14,260.0,245.0,255.0,255.0,3.0,690.0
2015-07-15,266.0,260.0,260.0,255.0,2.0,680.0
2015-07-16,266.0,266.0,260.0,260.0,1.0,1077.0
2015-07-17,266.0,257.192,260.0,260.0,2.0,2750.0
2015-07-20,235.0,213.0,225.0,250.0,10.0,9474.0
2015-07-21,220.0,192.0,222.5,225.0,13.0,13027.0
2015-07-22,229.999,205.0,217.5,222.5,7.0,1655.0
2015-07-23,211.0,211.0,220.0,220.0,5.0,1626.0
2015-07-24,209.0,205.0,215.0,220.0,4.0,11403.0
2015-07-27,245.0,221.25,237.5,215.0,4.0,4662.0
2015-07-28,228.0,221.0,230.0,237.5,4.0,6102.0
2015-07-29,237.8,221.0,230.0,230.0,2.0,3589.0
2015-07-30,237.8,221.0,230.0,230.0,5.0,2250.0
2015-07-31,221.0,202.0,217.5,235.0,6.0,20052.0
