Date,HIGH,LOW,CLOSE,OPEN,COUNT,VOLUME
1993-06-01,132.5,125.0,127.0,130.0,0.0,5392723.0
1993-06-02,125.0,122.0,124.0,125.0,0.0,1183245.0
1993-06-03,125.0,120.0,124.0,122.0,0.0,1435765.0
1993-06-04,126.0,122.0,125.0,122.0,0.0,370087.0
1993-06-07,128.0,124.0,128.0,126.0,0.0,585105.0
1993-06-08,130.5,127.0,130.0,129.0,0.0,458100.0
1993-06-09,130.0,127.0,130.0,128.5,0.0,62300.0
1993-06-10,133.0,128.0,131.0,129.0,0.0,585300.0
1993-06-11,132.0,128.0,131.0,131.0,0.0,241350.0
1993-06-14,132.0,128.0,129.0,128.0,0.0,294650.0
1993-06-15,130.0,128.0,129.0,128.0,0.0,288350.0
1993-06-16,129.0,126.0,128.0,128.0,0.0,404650.0
1993-06-17,130.0,126.0,128.0,129.0,0.0,247400.0
1993-06-18,126.0,124.0,125.0,126.0,0.0,486002.0
1993-06-21,123.0,123.0,125.0,123.0,0.0,19600.0
1993-06-22,125.0,123.0,125.0,123.0,0.0,156945.0
1993-06-23,123.0,123.0,125.0,123.0,0.0,14750.0
1993-06-24,124.0,122.0,125.0,123.5,0.0,223825.0
1993-06-25,123.5,120.0,123.0,122.0,0.0,156000.0
1993-06-28,122.0,120.0,123.0,121.0,0.0,56934.0
1993-06-29,123.5,120.0,122.0,120.0,0.0,96450.0
1993-06-30,122.0,119.0,121.0,120.0,0.0,421200.0
1993-07-01,122.0,118.0,119.0,121.0,0.0,571800.0
1993-07-02,118.0,117.0,117.5,117.0,0.0,293372.0
1993-07-05,118.0,117.0,117.5,117.0,0.0,95050.0
1993-07-06,118.0,118.0,117.5,118.0,0.0,27795.0
1993-07-07,120.0,117.0,120.0,117.0,0.0,139900.0
1993-07-08,127.0,118.0,125.0,118.0,0.0,77195.0
1993-07-09,127.0,123.0,126.0,123.0,0.0,69557.0
1993-07-12,128.0,127.0,126.0,127.0,0.0,35733.0
1993-07-13,125.0,123.0,125.0,125.0,0.0,17950.0
1993-07-14,124.0,122.0,125.0,123.0,0.0,40050.0
1993-07-15,124.0,123.0,125.0,123.0,0.0,243400.0
1993-07-16,125.75,121.0,125.0,123.0,0.0,131600.0
1993-07-19,126.0,122.0,124.0,123.0,0.0,54250.0
1993-07-20,123.0,123.0,125.0,123.0,0.0,38950.0
1993-07-21,123.0,123.0,125.0,123.0,0.0,7200.0
1993-07-22,130.0,127.0,129.0,127.0,0.0,196150.0
1993-07-23,127.0,127.0,129.0,127.0,0.0,23500.0
1993-07-26,127.0,127.0,129.0,127.0,0.0,11500.0
1993-07-27,129.0,127.0,129.0,129.0,0.0,64300.0
1993-07-28,128.0,127.0,129.0,127.5,0.0,125302.0
1993-07-29,127.0,125.0,127.0,127.0,0.0,179500.0
1993-07-30,126.0,125.0,126.0,125.0,0.0,104200.0
1993-08-02,127.0,125.0,126.0,125.0,0.0,69766.0
1993-08-03,132.0,125.0,129.0,125.0,0.0,611150.0
1993-08-04,132.0,129.0,131.0,130.0,0.0,146970.0
1993-08-05,130.5,129.0,131.0,129.0,0.0,148100.0
1993-08-06,131.0,131.0,131.0,131.0,0.0,0.0
1993-08-09,132.0,129.0,131.0,129.0,0.0,58300.0
1993-08-10,129.5,129.0,131.0,129.0,0.0,36400.0
1993-08-11,129.0,129.0,131.0,129.0,0.0,20900.0
1993-08-12,132.0,129.0,131.0,129.0,0.0,328500.0
1993-08-13,131.0,129.0,131.0,129.0,0.0,82500.0
1993-08-16,129.0,129.0,130.0,129.0,0.0,30750.0
1993-08-17,130.0,128.0,129.0,129.0,0.0,142600.0
1993-08-18,129.0,129.0,129.0,129.0,0.0,55150.0
1993-08-19,132.0,128.0,130.0,128.0,0.0,74050.0
1993-08-20,133.0,129.0,132.0,129.0,0.0,76360.0
1993-08-23,130.0,129.0,131.0,130.0,0.0,41700.0
1993-08-24,131.0,131.0,131.0,131.0,0.0,0.0
1993-08-25,129.0,129.0,131.0,129.0,0.0,3800.0
1993-08-26,130.0,129.0,131.0,129.0,0.0,19200.0
1993-08-27,133.0,129.0,131.0,130.0,0.0,50430.0
1993-08-30,131.0,131.0,131.0,131.0,0.0,0.0
1993-08-31,129.0,128.0,130.0,129.0,0.0,38700.0
1993-09-01,129.0,128.0,130.0,128.0,0.0,52550.0
1993-09-02,128.0,128.0,130.0,128.0,0.0,13250.0
1993-09-03,131.0,131.0,129.0,131.0,0.0,19450.0
1993-09-06,130.0,127.0,129.0,130.0,0.0,136173.0
1993-09-07,127.0,127.0,129.0,127.0,0.0,4750.0
1993-09-08,137.0,131.0,136.0,131.0,0.0,562050.0
1993-09-09,136.0,133.0,135.0,133.0,0.0,367193.0
1993-09-10,137.0,132.0,135.0,133.5,0.0,187255.0
1993-09-13,136.0,132.0,135.0,133.0,0.0,159449.0
1993-09-14,136.0,133.0,135.0,133.0,0.0,119350.0
1993-09-15,136.0,133.0,135.0,133.0,0.0,124225.0
1993-09-16,136.0,133.0,135.0,133.0,0.0,152300.0
1993-09-17,136.0,133.0,135.0,133.0,0.0,240350.0
1993-09-20,131.0,131.0,133.0,131.0,0.0,24300.0
1993-09-21,135.0,131.0,133.0,131.0,0.0,86600.0
1993-09-22,134.0,131.0,133.0,134.0,0.0,16650.0
1993-09-23,134.0,131.0,133.0,131.0,0.0,116450.0
1993-09-24,135.0,131.0,133.0,131.0,0.0,68450.0
1993-09-27,131.0,131.0,133.0,131.0,0.0,4350.0
1993-09-28,134.0,130.25,133.0,131.0,0.0,130668.0
1993-09-29,131.0,131.0,133.0,131.0,0.0,13150.0
1993-09-30,131.75,131.0,133.0,131.75,0.0,95000.0
1993-10-01,134.0,130.0,133.0,131.0,0.0,317539.0
1993-10-04,131.0,131.0,132.0,131.0,0.0,29950.0
1993-10-05,130.0,128.0,131.0,130.0,0.0,25350.0
1993-10-06,132.0,128.0,131.0,128.0,0.0,112900.0
1993-10-07,133.0,130.0,131.0,130.0,0.0,39050.0
1993-10-08,134.0,129.0,134.0,129.0,0.0,126400.0
1993-10-11,135.0,132.0,134.0,132.0,0.0,149850.0
1993-10-12,133.0,132.0,134.0,132.0,0.0,23101.0
1993-10-13,135.0,132.0,135.0,132.0,0.0,258350.0
1993-10-14,138.0,133.0,135.0,133.0,0.0,209750.0
1993-10-15,137.0,133.0,135.0,134.0,0.0,144700.0
1993-10-18,137.0,135.0,137.0,135.0,0.0,108200.0
1993-10-19,138.0,135.0,137.0,135.0,0.0,97750.0
1993-10-20,141.0,136.0,140.0,136.0,0.0,81150.0
1993-10-21,142.0,137.0,140.0,137.0,0.0,29900.0
1993-10-22,142.0,138.0,140.0,138.0,0.0,27965.0
1993-10-25,138.0,138.0,140.0,138.0,0.0,24500.0
1993-10-26,141.0,138.0,139.0,138.0,0.0,85750.0
1993-10-27,143.0,140.0,143.0,140.0,0.0,138386.0
1993-10-28,143.0,140.0,143.0,140.0,0.0,200600.0
1993-10-29,144.0,141.0,143.0,142.0,0.0,74550.0
1993-11-01,143.5,141.0,143.0,141.0,0.0,36350.0
1993-11-02,143.0,143.0,143.0,143.0,0.0,0.0
1993-11-03,143.0,141.0,143.0,142.0,0.0,74500.0
1993-11-04,142.0,140.0,143.0,140.0,0.0,198182.0
1993-11-05,141.0,140.0,142.0,140.0,0.0,76250.0
1993-11-08,140.0,140.0,142.0,140.0,0.0,14600.0
1993-11-09,143.0,140.0,142.0,140.0,0.0,58100.0
1993-11-10,143.0,140.0,142.0,140.0,0.0,78850.0
1993-11-11,143.0,140.0,142.0,140.0,0.0,61350.0
1993-11-12,141.0,140.0,142.0,140.0,0.0,140300.0
1993-11-15,142.0,140.0,142.0,140.0,0.0,116300.0
1993-11-16,142.0,142.0,142.0,142.0,0.0,0.0
1993-11-17,140.0,140.0,142.0,140.0,0.0,5159.0
1993-11-18,143.0,141.0,142.0,143.0,0.0,100000.0
1993-11-19,143.0,140.0,142.0,140.0,0.0,24300.0
1993-11-22,140.0,140.0,142.0,140.0,0.0,42300.0
1993-11-23,143.0,140.0,142.0,140.0,0.0,71550.0
1993-11-24,140.5,140.0,142.0,140.5,0.0,10600.0
1993-11-25,143.0,140.0,142.0,140.0,0.0,90150.0
1993-11-26,141.0,138.0,140.0,140.0,0.0,163270.0
1993-11-29,141.0,138.0,140.0,138.5,0.0,18000.0
1993-11-30,140.0,140.0,140.0,140.0,0.0,53500.0
1993-12-01,140.0,138.0,140.0,140.0,0.0,40150.0
1993-12-02,138.0,138.0,140.0,138.0,0.0,14950.0
1993-12-03,140.0,140.0,140.0,140.0,0.0,0.0
1993-12-06,143.0,140.0,142.0,143.0,0.0,59982.0
1993-12-07,140.0,140.0,142.0,140.0,0.0,16350.0
1993-12-08,141.0,140.0,142.0,141.0,0.0,40450.0
1993-12-09,142.0,140.0,142.0,140.0,0.0,21900.0
1993-12-10,141.5,140.0,142.0,140.0,0.0,194370.0
1993-12-13,143.0,140.0,142.0,140.0,0.0,38200.0
1993-12-14,140.0,140.0,142.0,140.0,0.0,18550.0
1993-12-15,140.0,140.0,142.0,140.0,0.0,21050.0
1993-12-16,140.0,140.0,142.0,140.0,0.0,8500.0
1993-12-17,142.0,140.0,142.0,140.0,0.0,113050.0
1993-12-20,140.0,137.0,142.0,139.0,0.0,910750.0
1993-12-21,142.0,140.0,142.0,140.0,0.0,468150.0
1993-12-22,140.0,138.0,142.0,139.0,0.0,9150.0
1993-12-23,143.0,140.0,142.0,140.0,0.0,43750.0
1993-12-24,140.0,140.0,142.0,140.0,0.0,19600.0
1993-12-27,142.0,142.0,142.0,142.0,0.0,0.0
1993-12-28,142.0,142.0,142.0,142.0,0.0,0.0
1993-12-29,142.0,140.0,142.0,140.0,0.0,92866.0
1993-12-30,141.0,140.0,142.0,140.0,0.0,37750.0
1993-12-31,141.0,140.0,142.0,141.0,0.0,18250.0
1994-01-03,142.0,142.0,142.0,142.0,0.0,0.0
1994-01-04,141.0,140.0,142.0,140.0,0.0,10400.0
1994-01-05,141.0,140.0,142.0,140.0,0.0,31520.0
1994-01-06,143.0,140.0,142.0,140.0,0.0,90750.0
1994-01-07,146.0,140.0,145.0,140.0,0.0,66350.0
1994-01-10,149.0,143.0,149.0,143.0,0.0,92350.0
1994-01-11,147.0,147.0,149.0,147.0,0.0,6500.0
1994-01-12,147.0,147.0,149.0,147.0,0.0,11750.0
1994-01-13,147.5,147.0,149.0,147.0,0.0,7800.0
1994-01-14,148.0,147.0,149.0,147.0,0.0,11950.0
1994-01-17,148.0,147.0,149.0,147.0,0.0,40800.0
1994-01-18,147.0,147.0,149.0,147.0,0.0,2400.0
1994-01-19,152.0,147.0,153.0,147.0,0.0,27200.0
1994-01-20,154.0,150.0,153.0,150.0,0.0,39950.0
1994-01-21,153.0,150.0,153.0,152.0,0.0,56750.0
1994-01-24,151.0,150.0,153.0,150.0,0.0,13850.0
1994-01-25,152.0,150.0,153.0,151.0,0.0,27950.0
1994-01-26,150.0,150.0,153.0,150.0,0.0,4450.0
1994-01-27,152.0,150.0,152.0,150.0,0.0,61950.0
1994-01-28,151.0,150.0,152.0,151.0,0.0,29400.0
1994-01-31,152.0,150.0,152.0,150.0,0.0,59090.0
1994-02-01,150.0,150.0,152.0,150.0,0.0,9750.0
1994-02-02,150.0,150.0,152.0,150.0,0.0,5950.0
1994-02-03,153.0,150.0,153.0,150.0,0.0,67150.0
1994-02-04,151.0,150.0,153.0,151.0,0.0,14800.0
1994-02-07,150.0,145.0,149.0,145.0,0.0,77200.0
1994-02-08,148.0,147.0,150.0,147.0,0.0,3795.0
1994-02-09,150.0,148.0,150.0,148.5,0.0,53675.0
1994-02-10,149.0,147.0,150.0,148.0,0.0,20450.0
1994-02-11,147.0,147.0,150.0,147.0,0.0,18100.0
1994-02-14,147.0,147.0,150.0,147.0,0.0,1400.0
1994-02-15,149.5,147.0,150.0,149.5,0.0,54300.0
1994-02-16,147.0,147.0,150.0,147.0,0.0,4950.0
1994-02-17,148.0,147.0,150.0,148.0,0.0,4150.0
1994-02-18,150.0,150.0,150.0,150.0,0.0,0.0
1994-02-21,152.0,149.0,150.0,149.0,0.0,101550.0
1994-02-22,148.0,148.0,150.0,148.0,0.0,2500.0
1994-02-23,148.0,148.0,150.0,148.0,0.0,58100.0
1994-02-24,148.0,148.0,150.0,148.0,0.0,16500.0
1994-02-25,149.0,148.0,150.0,148.0,0.0,27400.0
1994-02-28,149.5,148.0,150.0,148.0,0.0,61250.0
1994-03-01,150.0,150.0,150.0,150.0,0.0,0.0
1994-03-02,147.0,145.0,147.0,147.0,0.0,94900.0
1994-03-03,145.0,145.0,147.0,145.0,0.0,5000.0
1994-03-04,145.0,145.0,147.0,145.0,0.0,4600.0
1994-03-07,145.0,145.0,147.0,145.0,0.0,1950.0
1994-03-08,147.5,143.5,146.0,147.5,0.0,7450.0
1994-03-09,144.0,143.0,146.0,143.0,0.0,13100.0
1994-03-10,144.5,143.0,146.0,143.0,0.0,59800.0
1994-03-11,143.0,143.0,146.0,143.0,0.0,25400.0
1994-03-14,148.0,145.0,149.0,145.0,0.0,118725.0
1994-03-15,149.0,147.0,149.0,149.0,0.0,5300.0
1994-03-16,147.0,147.0,149.0,147.0,0.0,6950.0
1994-03-17,156.0,152.0,155.0,152.0,0.0,74350.0
1994-03-18,154.0,153.0,155.0,154.0,0.0,48150.0
1994-03-21,155.0,152.0,155.0,153.0,0.0,133650.0
1994-03-22,155.0,152.0,155.0,155.0,0.0,349450.0
1994-03-23,153.0,152.0,155.0,153.0,0.0,6300.0
1994-03-24,154.0,150.0,153.0,152.0,0.0,16650.0
1994-03-25,152.0,149.0,152.0,150.75,0.0,153050.0
1994-03-28,148.0,147.0,149.0,148.0,0.0,8750.0
1994-03-29,152.5,147.0,150.0,150.0,0.0,31250.0
1994-03-30,147.0,147.0,150.0,147.0,0.0,14000.0
1994-03-31,148.25,147.0,150.0,148.25,0.0,3900.0
1994-04-01,150.0,150.0,150.0,150.0,0.0,0.0
1994-04-04,150.0,150.0,150.0,150.0,0.0,0.0
1994-04-05,147.0,147.0,150.0,147.0,0.0,48035.0
1994-04-06,152.0,147.0,150.0,147.125,0.0,131000.0
1994-04-07,150.0,148.0,150.0,149.0,0.0,67000.0
1994-04-08,149.0,148.0,150.0,148.0,0.0,7350.0
1994-04-11,148.0,148.0,150.0,148.0,0.0,15250.0
1994-04-12,152.5,148.0,151.0,148.0,0.0,54600.0
1994-04-13,152.0,152.0,152.0,152.0,0.0,1.0
1994-04-14,150.0,150.0,152.0,150.0,0.0,700.0
1994-04-15,152.0,150.0,152.0,150.0,0.0,37400.0
1994-04-18,150.0,150.0,152.0,150.0,0.0,3250.0
1994-04-19,152.0,152.0,152.0,152.0,0.0,0.0
1994-04-20,153.0,153.0,152.0,153.0,0.0,870.0
1994-04-21,151.5,150.0,152.0,150.0,0.0,47134.0
1994-04-22,150.5,150.0,152.0,150.5,0.0,13500.0
1994-04-25,151.0,150.0,152.0,150.0,0.0,2700.0
1994-04-26,150.0,150.0,152.0,150.0,0.0,4100.0
1994-04-27,158.0,150.0,155.0,150.0,0.0,103000.0
1994-04-28,160.0,155.0,158.0,160.0,0.0,8400.0
1994-04-29,156.0,155.0,158.0,155.0,0.0,52600.0
1994-05-02,158.0,158.0,158.0,158.0,0.0,0.0
1994-05-03,155.0,155.0,158.0,155.0,0.0,3500.0
1994-05-04,156.0,155.0,158.0,156.0,0.0,4200.0
1994-05-05,156.0,155.0,158.0,155.0,0.0,4700.0
1994-05-06,158.0,158.0,158.0,158.0,0.0,0.0
1994-05-09,155.0,155.0,158.0,155.0,0.0,3600.0
1994-05-10,155.0,155.0,158.0,155.0,0.0,5050.0
1994-05-11,160.0,155.0,158.0,155.0,0.0,102928.0
1994-05-12,158.0,158.0,158.0,158.0,0.0,0.0
1994-05-13,159.0,155.0,158.0,155.0,0.0,13750.0
1994-05-16,155.5,155.5,158.0,155.5,0.0,4500.0
1994-05-17,155.0,155.0,158.0,155.0,0.0,2500.0
1994-05-18,157.0,157.0,158.0,157.0,0.0,1350.0
1994-05-19,158.0,155.0,158.0,155.0,0.0,1258000.0
1994-05-20,157.5,155.0,158.0,155.0,0.0,125700.0
1994-05-23,155.875,155.0,158.0,155.0,0.0,31000.0
1994-05-24,155.0,155.0,157.0,155.0,0.0,1450.0
1994-05-25,155.0,153.0,155.0,155.0,0.0,5450.0
1994-05-26,152.0,152.0,155.0,152.0,0.0,2000.0
1994-05-27,152.0,152.0,155.0,152.0,0.0,950.0
1994-05-30,155.0,155.0,155.0,155.0,0.0,0.0
1994-05-31,152.0,152.0,155.0,152.0,0.0,1750.0
1994-06-01,156.0,152.0,155.0,156.0,0.0,6140.0
1994-06-02,155.0,155.0,155.0,155.0,0.0,0.0
1994-06-03,153.0,152.0,154.0,152.0,0.0,43450.0
1994-06-06,152.0,152.0,154.0,152.0,0.0,2000.0
1994-06-07,153.0,153.0,153.0,153.0,0.0,1.0
1994-06-08,153.0,152.5,154.0,153.0,0.0,4500.0
1994-06-09,152.0,152.0,154.0,152.0,0.0,1250.0
1994-06-10,152.0,152.0,154.0,152.0,0.0,1700.0
1994-06-13,153.0,152.0,154.0,153.0,0.0,52000.0
1994-06-14,152.5,151.0,153.0,152.0,0.0,10750.0
1994-06-15,151.0,151.0,153.0,151.0,0.0,2000.0
1994-06-16,151.0,150.0,153.0,151.0,0.0,2950.0
1994-06-17,150.0,150.0,153.0,150.0,0.0,1750.0
1994-06-20,150.0,150.0,153.0,150.0,0.0,750.0
1994-06-21,150.0,150.0,153.0,150.0,0.0,700.0
1994-06-22,153.0,153.0,153.0,153.0,0.0,0.0
1994-06-23,153.0,153.0,153.0,153.0,0.0,0.0
1994-06-24,151.0,151.0,151.0,151.0,0.0,1.0
1994-06-27,148.0,148.0,149.0,148.0,0.0,12250.0
1994-06-28,145.0,145.0,148.0,145.0,0.0,2500.0
1994-06-29,148.0,148.0,148.0,148.0,0.0,0.0
1994-06-30,146.0,145.0,148.0,145.0,0.0,4450.0
1994-07-01,145.0,145.0,148.0,145.0,0.0,2700.0
1994-07-04,148.0,148.0,148.0,148.0,0.0,0.0
1994-07-05,148.0,148.0,148.0,148.0,0.0,0.0
1994-07-06,148.0,148.0,148.0,148.0,0.0,0.0
1994-07-07,146.0,145.0,147.0,145.0,0.0,9700.0
1994-07-08,145.0,145.0,147.0,145.0,0.0,3850.0
1994-07-11,147.0,147.0,146.0,147.0,0.0,1400.0
1994-07-12,144.0,144.0,144.0,144.0,0.0,1.0
1994-07-13,144.0,144.0,144.0,144.0,0.0,0.0
1994-07-14,140.0,140.0,142.0,140.0,0.0,5750.0
1994-07-15,140.0,140.0,142.0,140.0,0.0,3785.0
1994-07-18,140.0,140.0,142.0,140.0,0.0,75000.0
1994-07-19,142.0,137.0,140.0,140.0,0.0,915050.0
1994-07-20,138.0,138.0,138.0,138.0,0.0,1.0
1994-07-21,136.0,135.0,138.0,135.0,0.0,5500.0
1994-07-22,135.0,135.0,140.0,135.0,0.0,2450.0
1994-07-25,140.0,140.0,140.0,140.0,0.0,0.0
1994-07-26,138.0,138.0,140.0,138.0,0.0,2265.0
1994-07-27,140.0,137.0,140.0,137.0,0.0,70000.0
1994-07-28,140.0,140.0,140.0,140.0,0.0,0.0
1994-07-29,140.0,140.0,140.0,140.0,0.0,0.0
1994-08-01,138.0,138.0,140.0,138.0,0.0,1000.0
1994-08-02,139.0,139.0,140.0,139.0,0.0,2000.0
1994-08-03,142.0,139.0,143.0,139.0,0.0,11250.0
1994-08-04,140.0,140.0,143.0,140.0,0.0,750.0
1994-08-05,143.0,143.0,143.0,143.0,0.0,0.0
1994-08-08,140.0,140.0,143.0,140.0,0.0,10300.0
1994-08-09,142.0,142.0,143.0,142.0,0.0,25250.0
1994-08-10,143.0,143.0,143.0,143.0,0.0,0.0
1994-08-11,141.0,141.0,143.0,141.0,0.0,2700.0
1994-08-12,141.0,140.0,143.0,141.0,0.0,2700.0
1994-08-15,144.5,140.0,143.0,140.0,0.0,26250.0
1994-08-16,143.0,142.0,145.0,143.0,0.0,3750.0
1994-08-17,145.0,145.0,145.0,145.0,0.0,0.0
1994-08-18,147.0,147.0,146.0,147.0,0.0,5000.0
1994-08-19,146.0,146.0,146.0,146.0,0.0,0.0
1994-08-22,143.0,143.0,146.0,143.0,0.0,7300.0
1994-08-23,148.0,148.0,148.0,148.0,0.0,25000.0
1994-08-24,146.0,146.0,148.0,146.0,0.0,1000.0
1994-08-25,145.0,145.0,148.0,145.0,0.0,950.0
1994-08-26,148.0,145.0,148.0,145.0,0.0,250700.0
1994-08-29,148.0,148.0,148.0,148.0,0.0,0.0
1994-08-30,145.0,145.0,148.0,145.0,0.0,1500.0
1994-08-31,145.0,145.0,148.0,145.0,0.0,1400.0
1994-09-01,145.0,145.0,148.0,145.0,0.0,3000.0
1994-09-02,145.0,145.0,148.0,145.0,0.0,700.0
1994-09-05,146.0,145.0,148.0,145.0,0.0,4005.0
1994-09-06,149.0,145.0,148.0,145.0,0.0,28250.0
1994-09-07,150.0,150.0,148.0,150.0,0.0,20250.0
1994-09-08,150.0,145.0,150.0,145.0,0.0,10750.0
1994-09-09,153.0,151.0,153.0,152.0,0.0,25950.0
1994-09-12,150.0,150.0,153.0,150.0,0.0,3550.0
1994-09-13,151.0,150.0,153.0,150.0,0.0,4000.0
1994-09-14,152.0,150.0,153.0,150.0,0.0,5950.0
1994-09-15,155.0,150.0,152.0,150.0,0.0,106000.0
1994-09-16,151.0,150.0,153.0,151.0,0.0,1400.0
1994-09-19,149.0,148.0,151.0,148.0,0.0,4900.0
1994-09-20,149.0,148.0,151.0,148.0,0.0,1700.0
1994-09-21,149.0,149.0,151.0,149.0,0.0,4000.0
1994-09-22,150.0,148.0,151.0,148.0,0.0,78000.0
1994-09-23,152.0,152.0,151.0,152.0,0.0,1600.0
1994-09-26,151.0,151.0,151.0,151.0,0.0,0.0
1994-09-27,149.0,149.0,150.0,149.0,0.0,700.0
1994-09-28,151.0,148.0,150.0,151.0,0.0,101500.0
1994-09-29,150.0,148.0,150.0,148.0,0.0,60700.0
1994-09-30,150.0,148.0,150.0,148.0,0.0,17200.0
1994-10-03,148.0,148.0,150.0,148.0,0.0,11250.0
1994-10-04,148.0,148.0,150.0,148.0,0.0,700.0
1994-10-05,149.0,148.0,150.0,149.0,0.0,1750.0
1994-10-06,150.0,150.0,150.0,150.0,0.0,0.0
1994-10-07,149.0,148.0,150.0,148.0,0.0,1400.0
1994-10-10,149.0,149.0,150.0,149.0,0.0,1000.0
1994-10-11,150.0,150.0,150.0,150.0,0.0,0.0
1994-10-12,150.0,150.0,150.0,150.0,0.0,0.0
1994-10-13,148.0,148.0,150.0,148.0,0.0,700.0
1994-10-14,150.0,150.0,150.0,150.0,0.0,0.0
1994-10-17,148.0,148.0,150.0,148.0,0.0,8500.0
1994-10-18,149.0,149.0,150.0,149.0,0.0,1400.0
1994-10-19,148.0,148.0,150.0,148.0,0.0,5750.0
1994-10-20,150.0,150.0,150.0,150.0,0.0,0.0
1994-10-21,150.0,150.0,150.0,150.0,0.0,0.0
1994-10-24,150.0,150.0,150.0,150.0,0.0,0.0
1994-10-25,148.0,148.0,148.0,148.0,0.0,700.0
1994-10-26,148.5,145.0,148.0,148.5,0.0,2500.0
1994-10-27,145.0,145.0,148.0,145.0,0.0,2770.0
1994-10-28,147.0,145.0,148.0,145.0,0.0,13700.0
1994-10-31,146.0,145.0,148.0,145.0,0.0,4650.0
1994-11-01,148.0,148.0,148.0,148.0,0.0,0.0
1994-11-02,146.0,146.0,148.0,146.0,0.0,1250.0
1994-11-03,145.0,145.0,148.0,145.0,0.0,9400.0
1994-11-04,146.0,143.0,147.0,145.0,0.0,130450.0
1994-11-07,145.0,145.0,145.0,145.0,0.0,4550.0
1994-11-08,143.0,142.0,145.0,142.0,0.0,2250.0
1994-11-09,142.0,142.0,145.0,142.0,0.0,16500.0
1994-11-10,147.0,142.0,145.0,147.0,0.0,4250.0
1994-11-11,145.0,145.0,145.0,145.0,0.0,0.0
1994-11-14,142.0,142.0,145.0,142.0,0.0,2000.0
1994-11-15,145.0,145.0,145.0,145.0,0.0,0.0
1994-11-16,145.0,145.0,145.0,145.0,0.0,0.0
1994-11-17,143.5,143.5,145.0,143.5,0.0,29000.0
1994-11-18,143.0,143.0,145.0,143.0,0.0,800.0
1994-11-21,145.0,145.0,145.0,145.0,0.0,0.0
1994-11-22,145.0,145.0,145.0,145.0,0.0,0.0
1994-11-23,142.0,142.0,145.0,142.0,0.0,2000.0
1994-11-24,145.0,145.0,146.0,145.0,0.0,25950.0
1994-11-25,146.0,146.0,146.0,146.0,0.0,0.0
1994-11-28,147.0,147.0,146.0,147.0,0.0,4000.0
1994-11-29,143.0,143.0,146.0,143.0,0.0,1850.0
1994-11-30,145.0,143.0,146.0,144.0,0.0,48500.0
1994-12-01,146.0,146.0,146.0,146.0,0.0,0.0
1994-12-02,146.0,146.0,146.0,146.0,0.0,0.0
1994-12-05,145.5,144.0,146.0,145.5,0.0,14900.0
1994-12-06,143.0,143.0,146.0,143.0,0.0,1700.0
1994-12-07,143.0,143.0,146.0,143.0,0.0,1000.0
1994-12-08,146.0,146.0,146.0,146.0,0.0,0.0
1994-12-09,146.0,146.0,146.0,146.0,0.0,0.0
1994-12-12,144.0,143.0,146.0,143.0,0.0,5200.0
1994-12-13,143.0,143.0,146.0,143.0,0.0,3100.0
1994-12-14,144.0,144.0,146.0,144.0,0.0,800.0
1994-12-15,143.0,143.0,146.0,143.0,0.0,700.0
1994-12-16,146.0,146.0,146.0,146.0,0.0,0.0
1994-12-19,145.5,143.0,146.0,143.0,0.0,46500.0
1994-12-20,148.0,145.0,146.0,148.0,0.0,50800.0
1994-12-21,144.0,144.0,146.0,144.0,0.0,700.0
1994-12-22,146.0,146.0,146.0,146.0,0.0,0.0
1994-12-23,143.0,143.0,146.0,143.0,0.0,1000.0
1994-12-26,146.0,146.0,146.0,146.0,0.0,0.0
1994-12-27,146.0,146.0,146.0,146.0,0.0,0.0
1994-12-28,146.0,146.0,146.0,146.0,0.0,0.0
1994-12-29,147.0,143.0,146.0,143.0,0.0,121600.0
1994-12-30,146.0,146.0,146.0,146.0,0.0,0.0
1995-01-02,146.0,146.0,146.0,146.0,0.0,0.0
1995-01-03,148.0,143.0,146.0,143.0,0.0,83930.0
1995-01-04,145.0,145.0,146.0,145.0,0.0,20000.0
1995-01-05,146.0,146.0,146.0,146.0,0.0,0.0
1995-01-06,144.0,144.0,146.0,144.0,0.0,5250.0
1995-01-09,147.0,145.0,146.0,145.0,0.0,331150.0
1995-01-10,144.0,143.0,146.0,143.0,0.0,6350.0
1995-01-11,143.0,143.0,146.0,143.0,0.0,1100.0
1995-01-12,144.0,143.0,146.0,144.0,0.0,7100.0
1995-01-13,145.0,145.0,145.0,145.0,0.0,1.0
1995-01-16,145.0,145.0,145.0,145.0,0.0,7000.0
1995-01-17,145.0,142.0,145.0,143.0,0.0,30123.0
1995-01-18,142.0,142.0,145.0,142.0,0.0,18575.0
1995-01-19,141.0,141.0,140.0,141.0,0.0,67326.0
1995-01-20,137.5,135.0,139.0,135.0,0.0,59100.0
1995-01-23,137.0,137.0,139.0,137.0,0.0,2000.0
1995-01-24,137.0,135.0,136.0,137.0,0.0,206950.0
1995-01-25,136.0,136.0,136.0,136.0,0.0,0.0
1995-01-26,133.0,133.0,136.0,133.0,0.0,2000.0
1995-01-27,135.0,135.0,136.0,135.0,0.0,1100.0
1995-01-30,133.0,133.0,136.0,133.0,0.0,1250.0
1995-01-31,133.0,133.0,136.0,133.0,0.0,4500.0
1995-02-01,136.0,136.0,136.0,136.0,0.0,0.0
1995-02-02,136.0,134.0,136.0,134.0,0.0,35500.0
1995-02-03,136.0,136.0,136.0,136.0,0.0,0.0
1995-02-06,137.0,134.0,136.0,137.0,0.0,14400.0
1995-02-07,136.0,136.0,136.0,136.0,0.0,0.0
1995-02-08,133.0,133.0,136.0,133.0,0.0,5955.0
1995-02-09,133.0,133.0,136.0,133.0,0.0,1500.0
1995-02-10,137.0,132.0,136.0,132.0,0.0,74250.0
1995-02-13,137.0,135.0,137.0,135.0,0.0,822260.0
1995-02-14,137.0,136.0,138.0,136.0,0.0,17400.0
1995-02-15,139.0,135.0,139.0,135.0,0.0,269500.0
1995-02-16,137.5,137.5,140.0,137.5,0.0,9000.0
1995-02-17,142.0,137.0,140.0,142.0,0.0,114210.0
1995-02-20,140.0,138.5,140.0,138.5,0.0,3900.0
1995-02-21,141.0,138.0,140.0,138.0,0.0,23536.0
1995-02-22,140.0,140.0,140.0,140.0,0.0,0.0
1995-02-23,138.0,138.0,140.0,138.0,0.0,23091.0
1995-02-24,140.0,140.0,140.0,140.0,0.0,0.0
1995-02-27,142.0,140.0,140.0,140.0,0.0,96836.0
1995-02-28,140.0,138.0,140.0,138.0,0.0,9251.0
1995-03-01,143.0,137.0,141.0,137.0,0.0,180000.0
1995-03-02,141.0,138.0,141.0,141.0,0.0,71740.0
1995-03-03,138.0,138.0,140.0,138.0,0.0,5000.0
1995-03-06,138.0,138.0,140.0,138.0,0.0,3750.0
1995-03-07,138.0,138.0,140.0,138.0,0.0,10250.0
1995-03-08,137.0,137.0,140.0,137.0,0.0,3634.0
1995-03-09,140.0,137.0,140.0,140.0,0.0,86855.0
1995-03-10,140.0,140.0,140.0,140.0,0.0,0.0
1995-03-13,140.0,137.5,140.0,139.0,0.0,75301.0
1995-03-14,137.0,137.0,140.0,137.0,0.0,1000.0
1995-03-15,140.0,138.0,140.0,140.0,0.0,37320.0
1995-03-16,140.0,133.0,136.0,140.0,0.0,45239.0
1995-03-17,136.0,133.0,135.0,133.0,0.0,84450.0
1995-03-20,136.0,133.0,135.0,133.0,0.0,25750.0
1995-03-21,136.5,134.0,136.0,134.0,0.0,18707.0
1995-03-22,137.0,133.0,136.0,133.0,0.0,86646.0
1995-03-23,136.0,136.0,136.0,136.0,0.0,0.0
1995-03-24,133.0,133.0,136.0,133.0,0.0,1000.0
1995-03-27,133.0,133.0,132.0,133.0,0.0,2250.0
1995-03-28,130.0,130.0,132.0,130.0,0.0,1650.0
1995-03-29,132.0,132.0,131.0,132.0,0.0,6000.0
1995-03-30,129.0,128.0,132.0,129.0,0.0,3196.0
1995-03-31,131.5,130.0,132.0,130.5,0.0,34118.0
1995-04-03,130.0,130.0,132.0,130.0,0.0,10750.0
1995-04-04,130.5,130.0,132.0,130.5,0.0,34989.0
1995-04-05,130.0,130.0,132.0,130.0,0.0,6350.0
1995-04-06,131.0,129.5,129.0,131.0,0.0,22850.0
1995-04-07,128.0,128.0,129.0,128.0,0.0,26881.0
1995-04-10,128.5,128.0,129.0,128.5,0.0,104850.0
1995-04-11,128.0,128.0,129.0,128.0,0.0,5849.0
1995-04-12,128.0,128.0,129.0,128.0,0.0,9350.0
1995-04-13,128.125,128.0,129.0,128.125,0.0,6864.0
1995-04-14,129.0,129.0,129.0,129.0,0.0,0.0
1995-04-17,129.0,129.0,129.0,129.0,0.0,0.0
1995-04-18,129.5,128.0,129.0,128.0,0.0,59369.0
1995-04-19,129.0,128.0,129.0,129.0,0.0,2668.0
1995-04-20,128.0,128.0,129.0,128.0,0.0,10000.0
1995-04-21,129.0,129.0,129.0,129.0,0.0,2297.0
1995-04-24,128.5,128.0,128.0,128.0,0.0,5000.0
1995-04-25,128.0,128.0,129.0,128.0,0.0,320250.0
1995-04-26,130.0,128.0,129.0,128.0,0.0,401736.0
1995-04-27,129.0,129.0,129.0,129.0,0.0,0.0
1995-04-28,130.0,129.0,129.0,130.0,0.0,21640.0
1995-05-01,129.0,129.0,129.0,129.0,0.0,0.0
1995-05-02,131.0,131.0,131.0,131.0,0.0,1.0
1995-05-03,132.0,132.0,131.0,132.0,0.0,2000.0
1995-05-04,133.0,133.0,135.0,133.0,0.0,5000.0
1995-05-05,135.0,135.0,135.0,135.0,0.0,0.0
1995-05-08,135.0,135.0,135.0,135.0,0.0,0.0
1995-05-09,133.0,133.0,135.0,133.0,0.0,2438.0
1995-05-10,135.0,135.0,135.0,135.0,0.0,0.0
1995-05-11,137.0,133.0,137.0,137.0,0.0,27520.0
1995-05-12,135.0,135.0,137.0,135.0,0.0,750.0
1995-05-15,136.5,135.0,137.0,136.5,0.0,41316.0
1995-05-16,135.0,135.0,137.0,135.0,0.0,12600.0
1995-05-17,135.0,135.0,137.0,135.0,0.0,2000.0
1995-05-18,137.0,135.5,137.0,137.0,0.0,240000.0
1995-05-19,137.0,137.0,137.0,137.0,0.0,0.0
1995-05-22,137.0,136.0,137.0,136.0,0.0,1.0
1995-05-23,137.0,136.0,137.0,136.0,0.0,1.0
1995-05-24,137.0,136.0,137.0,136.0,0.0,1.0
1995-05-25,138.0,136.0,138.0,136.0,0.0,1.0
1995-05-26,138.0,138.0,138.0,138.0,0.0,0.0
1995-05-29,138.0,138.0,138.0,138.0,0.0,0.0
1995-05-30,139.0,138.0,139.0,138.0,0.0,1.0
1995-05-31,140.0,139.0,139.0,140.0,0.0,1.0
1995-06-01,140.0,139.0,139.0,140.0,0.0,1.0
1995-06-02,140.0,139.0,139.0,140.0,0.0,1.0
1995-06-05,140.0,139.0,139.0,140.0,0.0,1.0
1995-06-06,140.0,139.0,139.0,140.0,0.0,1.0
1995-06-07,143.0,139.0,143.0,140.0,0.0,1.0
1995-06-08,143.0,143.0,143.0,143.0,0.0,0.0
1995-06-09,143.0,141.0,141.0,143.0,0.0,1.0
1995-06-12,141.0,141.0,141.0,141.0,0.0,0.0
1995-06-13,141.0,141.0,141.0,141.0,0.0,0.0
1995-06-14,141.0,141.0,141.0,141.0,0.0,0.0
1995-06-15,141.0,141.0,141.0,141.0,0.0,0.0
1995-06-16,141.0,137.0,138.0,141.0,0.0,1.0
1995-06-19,138.0,138.0,138.0,138.0,0.0,0.0
1995-06-20,138.0,138.0,138.0,138.0,0.0,0.0
1995-06-21,139.0,138.0,139.0,138.0,0.0,1.0
1995-06-22,140.0,139.0,140.0,140.0,0.0,1.0
1995-06-23,140.0,140.0,140.0,140.0,0.0,0.0
1995-06-26,140.0,140.0,140.0,140.0,0.0,0.0
1995-06-27,140.0,140.0,140.0,140.0,0.0,0.0
1995-06-28,140.0,139.0,139.0,140.0,0.0,1.0
1995-06-29,139.0,138.0,139.0,138.0,0.0,1.0
1995-06-30,139.0,138.0,139.0,138.0,0.0,1.0
1995-07-03,138.0,138.0,138.0,138.0,0.0,1.0
1995-07-04,138.0,138.0,138.0,138.0,0.0,0.0
1995-07-05,138.0,138.0,138.0,138.0,0.0,0.0
1995-07-06,138.0,138.0,138.0,138.0,0.0,0.0
1995-07-07,138.0,138.0,138.0,138.0,0.0,0.0
1995-07-10,138.0,138.0,138.0,138.0,0.0,0.0
1995-07-11,138.0,138.0,138.0,138.0,0.0,0.0
1995-07-12,138.0,138.0,138.0,138.0,0.0,0.0
1995-07-13,138.0,138.0,138.0,138.0,0.0,0.0
1995-07-14,138.0,138.0,138.0,138.0,0.0,0.0
1995-07-17,143.0,139.0,143.0,140.0,0.0,1.0
1995-07-18,148.0,143.0,148.0,143.0,0.0,1.0
1995-07-19,150.0,148.0,150.0,148.0,0.0,1.0
1995-07-20,150.0,150.0,150.0,150.0,0.0,0.0
1995-07-21,150.0,150.0,150.0,150.0,0.0,0.0
1995-07-24,150.0,150.0,150.0,150.0,0.0,0.0
1995-07-25,150.0,150.0,150.0,150.0,0.0,0.0
1995-07-26,151.0,150.0,151.0,150.0,0.0,1.0
1995-07-27,153.0,151.0,151.0,153.0,0.0,1.0
1995-07-28,153.0,151.0,151.0,153.0,0.0,1.0
1995-07-31,153.0,151.0,151.0,153.0,0.0,1.0
1995-08-01,153.0,151.0,153.0,153.0,0.0,1.0
1995-08-02,153.0,153.0,153.0,153.0,0.0,0.0
1995-08-03,153.0,153.0,153.0,153.0,0.0,0.0
1995-08-04,153.0,153.0,153.0,153.0,0.0,0.0
1995-08-07,154.0,153.0,154.0,153.0,0.0,1.0
1995-08-08,154.0,154.0,154.0,154.0,0.0,0.0
1995-08-09,154.0,154.0,154.0,154.0,0.0,0.0
1995-08-10,154.0,154.0,154.0,154.0,0.0,0.0
1995-08-11,154.0,154.0,154.0,154.0,0.0,0.0
1995-08-14,154.0,154.0,154.0,154.0,0.0,0.0
1995-08-15,154.0,154.0,154.0,154.0,0.0,0.0
1995-08-16,154.0,154.0,154.0,154.0,0.0,0.0
1995-08-17,154.0,154.0,154.0,154.0,0.0,0.0
1995-08-18,154.0,154.0,154.0,154.0,0.0,0.0
1995-08-21,154.0,154.0,154.0,154.0,0.0,0.0
1995-08-22,154.0,154.0,154.0,154.0,0.0,0.0
1995-08-23,154.0,154.0,154.0,154.0,0.0,0.0
1995-08-24,154.0,152.0,152.0,154.0,0.0,1.0
1995-08-25,152.0,151.0,152.0,151.0,0.0,1.0
1995-08-28,152.0,152.0,152.0,152.0,0.0,0.0
1995-08-29,152.0,151.0,152.0,151.0,0.0,1.0
1995-08-30,152.0,151.0,152.0,151.0,0.0,1.0
1995-08-31,152.0,150.0,150.0,151.0,0.0,1.0
1995-09-01,150.0,150.0,150.0,150.0,0.0,0.0
1995-09-04,150.0,150.0,150.0,150.0,0.0,0.0
1995-09-05,150.0,150.0,150.0,150.0,0.0,0.0
1995-09-06,150.0,149.0,149.0,150.0,0.0,1.0
1995-09-07,161.0,148.0,161.0,148.0,0.0,1.0
1995-09-08,163.0,162.0,162.0,163.0,0.0,1.0
1995-09-11,162.0,161.0,161.0,161.0,0.0,1.0
1995-09-12,161.0,161.0,161.0,161.0,0.0,0.0
1995-09-13,161.0,161.0,161.0,161.0,0.0,0.0
1995-09-14,161.0,161.0,161.0,161.0,0.0,0.0
1995-09-15,163.0,161.0,163.0,161.0,0.0,1.0
1995-09-18,168.0,161.0,168.0,161.0,0.0,1.0
1995-09-19,168.0,168.0,168.0,168.0,0.0,0.0
1995-09-20,171.0,168.0,171.0,168.0,0.0,1.0
1995-09-21,175.0,171.0,171.0,175.0,0.0,1.0
1995-09-22,171.0,170.0,170.0,171.0,0.0,1.0
1995-09-25,170.0,170.0,170.0,170.0,0.0,0.0
1995-09-26,170.0,170.0,170.0,170.0,0.0,0.0
1995-09-27,171.0,170.0,171.0,170.0,0.0,1.0
1995-09-28,171.0,171.0,171.0,171.0,0.0,0.0
1995-09-29,175.0,171.0,175.0,171.0,0.0,1.0
1995-10-02,175.0,175.0,175.0,175.0,0.0,0.0
1995-10-03,175.0,175.0,175.0,175.0,0.0,0.0
1995-10-04,178.0,175.0,178.0,176.0,0.0,1.0
1995-10-05,182.0,178.0,182.0,178.0,0.0,1.0
1995-10-06,183.0,182.0,182.0,183.0,0.0,1.0
1995-10-09,182.0,181.0,182.0,181.0,0.0,1.0
1995-10-10,182.0,180.0,180.0,181.0,0.0,1.0
1995-10-11,181.0,179.0,180.0,181.0,0.0,300000.0
1995-10-12,181.0,180.0,180.0,181.0,0.0,1.0
1995-10-13,180.0,180.0,180.0,180.0,0.0,0.0
1995-10-16,180.0,180.0,180.0,180.0,0.0,0.0
1995-10-17,180.0,180.0,180.0,180.0,0.0,0.0
1995-10-18,180.0,180.0,180.0,180.0,0.0,0.0
1995-10-19,180.0,180.0,180.0,180.0,0.0,0.0
1995-10-20,180.0,180.0,180.0,180.0,0.0,0.0
1995-10-23,180.0,180.0,180.0,180.0,0.0,0.0
1995-10-24,180.0,180.0,180.0,180.0,0.0,0.0
1995-10-25,181.0,180.0,181.0,180.0,0.0,1.0
1995-10-26,182.0,180.0,181.0,180.0,0.0,1.0
1995-10-27,181.0,180.0,181.0,181.0,0.0,0.0
1995-10-30,181.0,180.0,181.0,181.0,0.0,720000.0
1995-10-31,181.0,180.0,181.0,181.0,0.0,0.0
1995-11-01,182.0,181.0,182.0,181.0,0.0,1.0
1995-11-02,183.0,182.0,182.0,183.0,0.0,1.0
1995-11-03,183.0,182.0,182.0,183.0,0.0,1.0
1995-11-06,187.0,183.0,187.0,183.0,0.0,400000.0
1995-11-07,188.0,186.0,188.0,186.0,0.0,1.0
1995-11-08,190.0,188.0,189.0,188.0,0.0,1.0
1995-11-09,190.0,189.0,189.0,190.0,0.0,1.0
1995-11-10,190.0,189.0,189.0,190.0,0.0,1.0
1995-11-13,190.0,189.0,189.0,190.0,0.0,1.0
1995-11-14,190.0,189.0,190.0,190.0,0.0,1.0
1995-11-15,191.0,190.0,191.0,190.0,0.0,1.0
1995-11-16,193.0,191.0,193.0,191.0,0.0,200000.0
1995-11-17,193.0,193.0,193.0,193.0,0.0,0.0
1995-11-20,193.0,193.0,193.0,193.0,0.0,0.0
1995-11-21,194.0,193.0,194.0,193.0,0.0,1.0
1995-11-22,195.0,194.0,195.0,195.0,0.0,1.0
1995-11-23,195.0,195.0,195.0,195.0,0.0,0.0
1995-11-24,195.0,194.0,194.0,195.0,0.0,1.0
1995-11-27,194.0,193.0,193.0,194.0,0.0,1.0
1995-11-28,193.0,191.0,191.0,193.0,0.0,1.0
1995-11-29,191.0,188.0,188.0,191.0,0.0,1.0
1995-11-30,188.0,184.0,185.0,188.0,0.0,1.0
1995-12-01,186.0,185.0,185.0,186.0,0.0,1.0
1995-12-04,185.0,185.0,185.0,185.0,0.0,0.0
1995-12-05,187.0,185.0,187.0,186.0,0.0,1.0
1995-12-06,187.0,186.0,187.0,186.0,0.0,1.0
1995-12-07,188.0,187.0,187.0,188.0,0.0,1.0
1995-12-08,187.0,186.0,187.0,186.0,0.0,1.0
1995-12-11,187.0,186.0,187.0,186.0,0.0,1.0
1995-12-12,187.0,186.0,187.0,186.0,0.0,1.0
1995-12-13,188.0,187.0,187.0,188.0,0.0,1.0
1995-12-14,188.0,186.0,188.0,186.0,0.0,1.0
1995-12-15,188.0,188.0,188.0,188.0,0.0,0.0
1995-12-18,188.0,186.0,186.0,188.0,0.0,1.0
1995-12-19,186.0,185.0,186.0,186.0,0.0,0.0
1995-12-20,187.0,186.0,187.0,186.0,0.0,1.0
1995-12-21,188.0,187.0,187.0,188.0,0.0,1.0
1995-12-22,188.0,187.0,187.0,188.0,0.0,1.0
1995-12-25,187.0,187.0,187.0,187.0,0.0,0.0
1995-12-26,187.0,187.0,187.0,187.0,0.0,0.0
1995-12-27,188.0,187.0,187.0,188.0,0.0,1.0
1995-12-28,188.0,187.0,187.0,188.0,0.0,1.0
1995-12-29,188.0,187.0,187.0,188.0,0.0,1.0
1996-01-01,187.0,187.0,187.0,187.0,0.0,0.0
1996-01-02,187.0,186.0,187.0,186.0,0.0,1.0
1996-01-03,190.0,187.0,190.0,188.0,0.0,1.0
1996-01-04,192.0,190.0,191.0,190.0,0.0,434000.0
1996-01-05,191.0,191.0,191.0,191.0,0.0,0.0
1996-01-08,191.0,191.0,191.0,191.0,0.0,0.0
1996-01-09,191.0,191.0,191.0,191.0,0.0,0.0
1996-01-10,191.0,191.0,191.0,191.0,0.0,0.0
1996-01-11,192.0,191.0,192.0,191.0,0.0,1.0
1996-01-12,192.0,191.0,192.0,191.0,0.0,134000.0
1996-01-15,198.0,195.0,198.0,195.0,0.0,1.0
1996-01-16,208.0,198.0,208.0,198.0,0.0,1.0
1996-01-17,208.0,205.0,207.0,208.0,0.0,400000.0
1996-01-18,207.0,205.0,207.0,206.0,0.0,25000.0
1996-01-19,207.0,205.0,207.0,206.0,0.0,200000.0
1996-01-22,207.0,205.0,207.0,206.0,0.0,265000.0
1996-01-23,207.0,206.0,207.0,206.0,0.0,1.0
1996-01-24,207.0,206.0,207.0,206.0,0.0,1.0
1996-01-25,207.0,205.0,207.0,206.0,0.0,2502.0
1996-01-26,205.0,205.0,207.0,205.0,0.0,53750.0
1996-01-29,205.0,205.0,207.0,205.0,0.0,7100.0
1996-01-30,207.0,203.0,206.0,203.0,0.0,414500.0
1996-01-31,208.0,203.0,206.0,203.0,0.0,25124.0
1996-02-01,206.0,206.0,206.0,206.0,0.0,0.0
1996-02-02,206.0,206.0,206.0,206.0,0.0,0.0
1996-02-05,206.0,206.0,206.0,206.0,0.0,0.0
1996-02-06,206.0,206.0,206.0,206.0,0.0,0.0
1996-02-07,206.0,205.0,205.0,206.0,0.0,1.0
1996-02-08,205.0,205.0,205.0,205.0,0.0,0.0
1996-02-09,206.0,205.0,205.0,206.0,0.0,1.0
1996-02-12,205.0,205.0,205.0,205.0,0.0,0.0
1996-02-13,205.0,205.0,205.0,205.0,0.0,0.0
1996-02-14,205.0,205.0,205.0,205.0,0.0,0.0
1996-02-15,205.0,205.0,205.0,205.0,0.0,0.0
1996-02-16,206.0,205.0,205.0,206.0,0.0,1.0
1996-02-19,206.0,205.0,205.0,206.0,0.0,1.0
1996-02-20,206.0,205.0,205.0,206.0,0.0,1.0
1996-02-21,205.0,205.0,205.0,205.0,0.0,0.0
1996-02-22,206.0,205.0,205.0,206.0,0.0,1.0
1996-02-23,206.0,205.0,205.0,206.0,0.0,1.0
1996-02-26,205.0,205.0,205.0,205.0,0.0,0.0
1996-02-27,205.0,205.0,205.0,205.0,0.0,0.0
1996-02-28,205.0,205.0,205.0,205.0,0.0,0.0
1996-02-29,205.0,205.0,205.0,205.0,0.0,0.0
1996-03-01,206.0,205.0,205.0,206.0,0.0,1.0
1996-03-04,205.0,205.0,205.0,205.0,0.0,0.0
1996-03-05,205.0,205.0,205.0,205.0,0.0,0.0
1996-03-06,205.0,205.0,205.0,205.0,0.0,0.0
1996-03-07,206.0,205.0,205.0,206.0,0.0,1.0
1996-03-08,205.0,205.0,205.0,205.0,0.0,0.0
1996-03-11,205.0,205.0,205.0,205.0,0.0,0.0
1996-03-12,205.0,205.0,205.0,205.0,0.0,0.0
1996-03-13,206.0,205.0,206.0,205.0,0.0,1.0
1996-03-14,206.0,206.0,206.0,206.0,0.0,0.0
1996-03-15,211.0,207.0,210.0,207.0,0.0,1700.0
1996-03-18,218.0,210.0,218.0,210.0,0.0,6000.0
1996-03-19,223.0,218.0,223.0,218.0,0.0,1.0
1996-03-20,226.0,210.0,218.0,226.0,0.0,200000.0
1996-03-21,218.0,217.0,217.0,218.0,0.0,1.0
1996-03-22,217.0,216.0,217.0,216.0,0.0,1.0
1996-03-25,218.0,216.0,217.0,218.0,0.0,11565.0
1996-03-26,217.0,216.0,217.0,216.0,0.0,11565.0
1996-03-27,217.0,216.0,217.0,216.0,0.0,1.0
1996-03-28,217.5,216.0,217.0,216.0,0.0,3100.0
1996-03-29,217.0,216.0,217.0,216.0,0.0,1.0
1996-04-01,215.0,212.0,214.0,212.0,0.0,2500.0
1996-04-02,214.0,213.0,214.0,213.0,0.0,2500.0
1996-04-03,214.0,213.0,214.0,213.0,0.0,1.0
1996-04-04,215.0,214.0,214.0,215.0,0.0,1.0
1996-04-05,214.0,214.0,214.0,214.0,0.0,0.0
1996-04-08,214.0,214.0,214.0,214.0,0.0,0.0
1996-04-09,215.0,214.0,214.0,215.0,0.0,1.0
1996-04-10,218.0,214.0,218.0,215.0,0.0,1.0
1996-04-11,220.0,218.0,220.0,218.0,0.0,1.0
1996-04-12,220.0,220.0,220.0,220.0,0.0,0.0
1996-04-15,221.0,220.0,221.0,220.0,0.0,10000.0
1996-04-16,225.0,222.5,225.0,225.0,0.0,1.0
1996-04-17,225.0,225.0,225.0,225.0,0.0,0.0
1996-04-18,225.0,225.0,225.0,225.0,0.0,0.0
1996-04-19,225.0,225.0,225.0,225.0,0.0,0.0
1996-04-22,225.0,225.0,225.0,225.0,0.0,0.0
1996-04-23,230.0,225.0,230.0,225.0,0.0,1.0
1996-04-24,236.0,230.0,236.0,230.0,0.0,1.0
1996-04-25,236.0,236.0,236.0,236.0,0.0,0.0
1996-04-26,248.0,242.0,248.0,243.0,0.0,1.0
1996-04-29,250.0,248.0,250.0,248.0,0.0,1.0
1996-04-30,250.0,250.0,250.0,250.0,0.0,0.0
1996-05-01,250.0,250.0,250.0,250.0,0.0,0.0
1996-05-02,250.0,250.0,250.0,250.0,0.0,0.0
1996-05-03,250.0,250.0,250.0,250.0,0.0,0.0
1996-05-06,250.0,250.0,250.0,250.0,0.0,0.0
1996-05-07,250.0,250.0,250.0,250.0,0.0,0.0
1996-05-08,250.0,250.0,250.0,250.0,0.0,1520000.0
1996-05-09,250.0,250.0,250.0,250.0,0.0,0.0
1996-05-10,250.0,250.0,250.0,250.0,0.0,0.0
1996-05-13,250.0,250.0,250.0,250.0,0.0,0.0
1996-05-14,250.0,250.0,250.0,250.0,0.0,0.0
1996-05-15,250.0,250.0,250.0,250.0,0.0,0.0
1996-05-16,250.0,250.0,250.0,250.0,0.0,0.0
1996-05-17,250.0,250.0,250.0,250.0,0.0,0.0
1996-05-20,251.0,251.0,251.0,251.0,0.0,1.0
1996-05-21,251.0,251.0,251.0,251.0,0.0,0.0
1996-05-22,251.0,251.0,251.0,251.0,0.0,0.0
1996-05-23,251.0,251.0,251.0,251.0,0.0,0.0
1996-05-24,250.0,250.0,250.0,250.0,0.0,1.0
1996-05-27,250.0,250.0,250.0,250.0,0.0,0.0
1996-05-28,250.0,250.0,250.0,250.0,0.0,0.0
1996-05-29,250.0,250.0,250.0,250.0,0.0,0.0
1996-05-30,250.0,250.0,250.0,250.0,0.0,0.0
1996-05-31,250.0,250.0,250.0,250.0,0.0,0.0
1996-06-03,250.0,250.0,250.0,250.0,0.0,0.0
1996-06-04,250.0,250.0,250.0,250.0,0.0,0.0
1996-06-05,250.0,250.0,250.0,250.0,0.0,0.0
1996-06-06,250.0,250.0,250.0,250.0,0.0,0.0
1996-06-07,250.0,250.0,250.0,250.0,0.0,0.0
1996-06-10,250.0,250.0,250.0,250.0,0.0,0.0
1996-06-11,250.0,250.0,250.0,250.0,0.0,0.0
1996-06-12,250.0,250.0,250.0,250.0,0.0,0.0
1996-06-13,250.0,250.0,250.0,250.0,0.0,0.0
1996-06-14,250.0,250.0,250.0,250.0,0.0,0.0
1996-06-17,250.0,250.0,250.0,250.0,0.0,0.0
1996-06-18,249.0,249.0,250.0,249.0,0.0,150000.0
1996-06-19,250.0,250.0,250.0,250.0,0.0,0.0
1996-06-20,250.0,250.0,250.0,250.0,0.0,0.0
1996-06-21,250.0,250.0,250.0,250.0,0.0,0.0
1996-06-24,250.0,250.0,250.0,250.0,0.0,0.0
1996-06-25,248.0,248.0,248.0,248.0,0.0,1.0
1996-06-26,248.0,248.0,248.0,248.0,0.0,0.0
1996-06-27,247.0,247.0,247.0,247.0,0.0,1.0
1996-06-28,247.0,247.0,247.0,247.0,0.0,120000.0
1996-07-01,239.0,239.0,239.0,239.0,0.0,1.0
1996-07-02,231.0,231.0,231.0,231.0,0.0,1.0
1996-07-03,222.0,222.0,222.0,222.0,0.0,1.0
1996-07-04,125.0,125.0,135.0,125.0,0.0,2000.0
1996-07-05,135.0,135.0,135.0,135.0,0.0,0.0
1996-07-08,134.0,134.0,134.0,134.0,0.0,1.0
1996-07-09,130.0,130.0,130.0,130.0,0.0,1.0
1996-07-10,128.0,128.0,128.0,128.0,0.0,1.0
1996-07-11,126.0,126.0,126.0,126.0,0.0,1.0
1996-07-12,115.0,115.0,115.0,115.0,0.0,1.0
1996-07-15,120.0,120.0,120.0,120.0,0.0,1.0
1996-07-16,127.0,127.0,127.0,127.0,0.0,1.0
1996-07-17,127.0,127.0,127.0,127.0,0.0,0.0
1996-07-18,127.0,127.0,127.0,127.0,0.0,0.0
1996-07-19,127.0,127.0,127.0,127.0,0.0,0.0
1996-07-22,133.0,133.0,133.0,133.0,0.0,1.0
1996-07-23,129.0,129.0,129.0,129.0,0.0,1.0
1996-07-24,127.0,127.0,127.0,127.0,0.0,1.0
1996-07-25,127.0,127.0,127.0,127.0,0.0,0.0
1996-07-26,126.0,126.0,126.0,126.0,0.0,1.0
1996-07-29,125.0,125.0,125.0,125.0,0.0,1.0
1996-07-30,125.0,125.0,125.0,125.0,0.0,0.0
1996-07-31,125.0,125.0,125.0,125.0,0.0,0.0
1996-08-01,125.0,125.0,125.0,125.0,0.0,0.0
1996-08-02,125.0,125.0,125.0,125.0,0.0,0.0
1996-08-05,124.0,124.0,124.0,124.0,0.0,1.0
1996-08-06,122.0,122.0,122.0,122.0,0.0,50000.0
1996-08-07,122.0,122.0,122.0,122.0,0.0,0.0
1996-08-08,122.0,122.0,122.0,122.0,0.0,0.0
1996-08-09,115.0,115.0,110.0,115.0,0.0,10000.0
1996-08-12,110.0,110.0,110.0,110.0,0.0,0.0
1996-08-13,110.0,110.0,110.0,110.0,0.0,0.0
1996-08-14,110.0,110.0,110.0,110.0,0.0,0.0
1996-08-15,110.0,110.0,110.0,110.0,0.0,0.0
1996-08-16,110.0,110.0,110.0,110.0,0.0,0.0
1996-08-19,110.0,110.0,110.0,110.0,0.0,0.0
1996-08-20,110.0,110.0,110.0,110.0,0.0,0.0
1996-08-21,110.0,110.0,110.0,110.0,0.0,0.0
1996-08-22,110.0,110.0,110.0,110.0,0.0,0.0
1996-08-23,110.0,110.0,110.0,110.0,0.0,0.0
1996-08-26,110.0,110.0,110.0,110.0,0.0,0.0
1996-08-27,110.0,110.0,110.0,110.0,0.0,0.0
1996-08-28,109.0,108.0,110.0,109.0,0.0,1.0
1996-08-29,112.0,108.0,109.5,109.0,0.0,1.0
1996-08-30,110.0,107.5,109.5,110.0,0.0,1.0
1996-09-02,107.0,107.0,109.5,107.0,0.0,1.0
1996-09-03,108.0,107.0,109.5,107.5,0.0,1.0
1996-09-04,109.5,109.5,109.5,109.5,0.0,0.0
1996-09-05,109.5,109.5,109.5,109.5,0.0,0.0
1996-09-06,109.5,109.5,109.5,109.5,0.0,0.0
1996-09-09,109.5,109.5,109.5,109.5,0.0,0.0
1996-09-10,108.5,108.5,108.5,108.5,0.0,1.0
1996-09-11,106.5,106.5,106.5,106.5,0.0,1.0
1996-09-12,106.5,106.5,106.5,106.5,0.0,0.0
1996-09-13,107.0,105.0,106.5,107.0,0.0,250000.0
1996-09-16,103.5,103.5,103.5,103.5,0.0,1.0
1996-09-17,92.5,92.5,92.5,92.5,0.0,1.0
1996-09-18,92.5,92.5,92.5,92.5,0.0,0.0
1996-09-19,92.0,92.0,92.5,92.0,0.0,1200.0
1996-09-20,92.5,92.5,92.5,92.5,0.0,0.0
1996-09-23,92.5,92.5,92.5,92.5,0.0,0.0
1996-09-24,92.5,92.5,92.5,92.5,0.0,0.0
1996-09-25,92.5,92.5,92.5,92.5,0.0,0.0
1996-09-26,92.5,92.5,92.5,92.5,0.0,0.0
1996-09-27,92.5,92.5,92.5,92.5,0.0,0.0
1996-09-30,91.5,91.5,91.5,91.5,0.0,1.0
1996-10-01,90.5,90.5,90.5,90.5,0.0,1.0
1996-10-02,90.5,90.5,90.5,90.5,0.0,0.0
1996-10-03,92.5,92.5,92.5,92.5,0.0,1.0
1996-10-04,92.5,92.5,92.5,92.5,0.0,0.0
1996-10-07,90.0,90.0,92.5,90.0,0.0,2399.0
1996-10-08,90.0,90.0,91.5,90.0,0.0,10000.0
1996-10-09,90.0,90.0,90.0,90.0,0.0,10000.0
1996-10-10,92.0,88.0,90.0,88.0,0.0,989.0
1996-10-11,92.0,86.0,89.0,92.0,0.0,15700.0
1996-10-14,87.0,87.0,89.0,87.0,0.0,1713.0
1996-10-15,90.0,90.0,89.5,90.0,0.0,20000.0
1996-10-16,91.0,91.0,89.5,91.0,0.0,1200.0
1996-10-17,87.0,87.0,89.5,87.0,0.0,10000.0
1996-10-18,88.0,88.0,89.5,88.0,0.0,10750.0
1996-10-21,92.0,87.0,89.5,91.0,0.0,6310.0
1996-10-22,89.0,87.0,89.5,87.0,0.0,11655.0
1996-10-23,89.5,87.0,89.5,87.0,0.0,25277.0
1996-10-24,89.0,87.0,89.5,89.0,0.0,92400.0
1996-10-25,87.0,87.0,89.5,87.0,0.0,700.0
1996-10-28,91.0,87.0,89.5,87.0,0.0,16911.0
1996-10-29,87.0,87.0,88.5,87.0,0.0,6500.0
1996-10-30,88.5,88.5,88.5,88.5,0.0,0.0
1996-10-31,87.0,87.0,88.5,87.0,0.0,250.0
1996-11-01,90.0,90.0,88.5,90.0,0.0,16300.0
1996-11-04,87.0,87.0,88.5,87.0,0.0,910.0
1996-11-05,87.0,87.0,88.5,87.0,0.0,2000.0
1996-11-06,87.0,87.0,88.5,87.0,0.0,150.0
1996-11-07,87.0,87.0,88.5,87.0,0.0,137.0
1996-11-08,87.0,84.0,86.5,84.0,0.0,26537.0
1996-11-11,84.0,80.0,80.5,84.0,0.0,14962.0
1996-11-12,81.0,76.0,77.5,81.0,0.0,29930.0
1996-11-13,79.5,70.0,77.5,76.0,0.0,2057227.0
1996-11-14,75.0,70.028,74.5,70.028,0.0,1672132.0
1996-11-15,72.0,72.0,74.5,72.0,0.0,393.0
1996-11-18,78.0,75.0,77.5,76.0,0.0,139000.0
1996-11-19,79.5,76.0,77.5,76.25,0.0,88250.0
1996-11-20,80.0,75.0,77.5,80.0,0.0,10875.0
1996-11-21,77.5,77.5,77.5,77.5,0.0,0.0
1996-11-22,77.5,77.5,77.5,77.5,0.0,0.0
1996-11-25,80.0,75.0,77.5,80.0,0.0,11600.0
1996-11-26,80.0,76.0,77.5,80.0,0.0,10893.0
1996-11-27,76.0,76.0,77.5,76.0,0.0,10000.0
1996-11-28,80.0,75.0,77.5,75.0,0.0,4600.0
1996-11-29,80.0,75.0,77.5,75.0,0.0,8950.0
1996-12-02,77.0,75.0,77.5,75.0,0.0,6600.0
1996-12-03,80.0,79.0,77.5,80.0,0.0,3000.0
1996-12-04,76.0,76.0,77.5,76.0,0.0,25000.0
1996-12-05,79.0,79.0,76.5,79.0,0.0,12500.0
1996-12-06,74.0,70.0,72.5,70.0,0.0,2081.0
1996-12-09,75.0,70.0,72.5,75.0,0.0,29013.0
1996-12-10,75.0,70.0,72.5,70.0,0.0,6062.0
1996-12-11,75.0,74.0,72.5,74.0,0.0,1566.0
1996-12-12,74.0,70.0,72.5,74.0,0.0,89900.0
1996-12-13,75.0,74.0,72.5,74.0,0.0,14279.0
1996-12-16,75.0,74.0,72.5,75.0,0.0,510.0
1996-12-17,75.0,70.0,72.5,75.0,0.0,84090.0
1996-12-18,75.0,70.0,72.5,74.0,0.0,7352.0
1996-12-19,74.0,74.0,72.5,74.0,0.0,3500.0
1996-12-20,77.0,72.0,75.0,73.0,0.0,679281.0
1996-12-23,125.0,75.0,116.0,77.0,0.0,271941.0
1996-12-24,120.0,110.0,113.5,117.0,0.0,311521.0
1996-12-25,113.5,113.5,113.5,113.5,0.0,0.0
1996-12-26,113.5,113.5,113.5,113.5,0.0,0.0
1996-12-27,114.0,113.0,112.0,113.0,0.0,19000.0
1996-12-30,114.0,110.0,112.0,114.0,0.0,143926.0
1996-12-31,114.0,112.0,112.0,113.0,0.0,149422.0
1997-01-01,112.0,112.0,112.0,112.0,0.0,0.0
1997-01-02,113.0,106.0,109.5,113.0,0.0,54666.0
1997-01-03,112.0,107.0,109.5,112.0,0.0,39377.0
1997-01-06,110.0,107.0,108.5,109.0,0.0,14000.0
1997-01-07,108.5,108.5,108.5,108.5,0.0,0.0
1997-01-08,110.0,107.0,108.5,107.0,0.0,207775.0
1997-01-09,109.5,107.0,108.5,109.5,0.0,313264.0
1997-01-10,110.0,107.0,108.5,109.0,0.0,45282.0
1997-01-13,112.0,107.5,110.0,109.0,0.0,143000.0
1997-01-14,117.0,108.0,114.5,108.0,0.0,337502.0
1997-01-15,117.0,112.0,114.5,117.0,0.0,42559.0
1997-01-16,115.0,112.0,113.5,115.0,0.0,310000.0
1997-01-17,116.0,115.0,115.0,115.0,0.0,50000.0
1997-01-20,117.0,113.0,116.0,117.0,0.0,75560.0
1997-01-21,117.5,115.0,116.5,117.5,0.0,245750.0
1997-01-22,118.0,117.5,116.5,117.5,0.0,18453.0
1997-01-23,118.0,115.0,116.5,115.0,0.0,11051.0
1997-01-24,118.0,115.0,116.5,115.0,0.0,25724.0
1997-01-27,118.0,115.0,116.5,115.0,0.0,101654.0
1997-01-28,115.0,115.0,116.5,115.0,0.0,2800.0
1997-01-29,120.0,115.0,117.5,117.0,0.0,137750.0
1997-01-30,115.5,115.0,117.5,115.5,0.0,45580.0
1997-01-31,120.0,115.0,117.5,115.5,0.0,13695.0
1997-02-03,115.0,115.0,117.5,115.0,0.0,8750.0
1997-02-04,120.0,120.0,117.5,120.0,0.0,2000.0
1997-02-05,115.0,115.0,117.5,115.0,0.0,196.0
1997-02-06,115.0,115.0,117.5,115.0,0.0,500.0
1997-02-07,115.0,115.0,117.5,115.0,0.0,11545.0
1997-02-10,116.0,115.0,117.5,116.0,0.0,2620.0
1997-02-11,115.0,115.0,117.5,115.0,0.0,6961.0
1997-02-12,115.0,115.0,117.5,115.0,0.0,15000.0
1997-02-13,117.5,117.5,117.5,117.5,0.0,0.0
1997-02-14,116.0,115.5,117.5,115.5,0.0,4000.0
1997-02-17,117.5,115.0,117.5,115.0,0.0,5250.0
1997-02-18,118.0,115.0,116.5,118.0,0.0,4300.0
1997-02-19,115.25,115.0,116.5,115.0,0.0,70000.0
1997-02-20,116.5,116.5,116.5,116.5,0.0,0.0
1997-02-21,115.0,115.0,116.5,115.0,0.0,1967.0
1997-02-24,115.0,115.0,116.5,115.0,0.0,12500.0
1997-02-25,116.5,116.5,116.5,116.5,0.0,0.0
1997-02-26,115.0,115.0,116.5,115.0,0.0,270100.0
1997-02-27,115.0,115.0,116.5,115.0,0.0,500.0
1997-02-28,116.5,116.5,116.5,116.5,0.0,0.0
1997-03-03,116.5,116.5,116.5,116.5,0.0,0.0
1997-03-04,115.0,115.0,116.5,115.0,0.0,1500.0
1997-03-05,116.5,116.5,116.5,116.5,0.0,0.0
1997-03-06,116.5,116.5,116.5,116.5,0.0,0.0
1997-03-07,115.0,115.0,116.5,115.0,0.0,3000.0
1997-03-10,116.5,116.5,116.5,116.5,0.0,0.0
1997-03-11,116.5,116.5,116.5,116.5,0.0,0.0
1997-03-12,115.0,115.0,116.5,115.0,0.0,2740.0
1997-03-13,116.5,116.5,116.5,116.5,0.0,0.0
1997-03-14,116.5,116.5,116.5,116.5,0.0,0.0
1997-03-17,115.0,115.0,116.5,115.0,0.0,700.0
1997-03-18,116.5,116.5,116.5,116.5,0.0,0.0
1997-03-19,116.5,116.5,116.5,116.5,0.0,0.0
1997-03-20,115.0,115.0,116.5,115.0,0.0,250.0
1997-03-21,116.5,116.5,116.5,116.5,0.0,0.0
1997-03-24,118.0,118.0,115.5,118.0,0.0,200.0
1997-03-25,114.0,114.0,115.5,114.0,0.0,200.0
1997-03-26,113.0,113.0,115.5,113.0,0.0,52.0
1997-03-27,115.5,115.5,115.5,115.5,0.0,0.0
1997-03-28,115.5,115.5,115.5,115.5,0.0,0.0
1997-03-31,115.5,115.5,115.5,115.5,0.0,0.0
1997-04-01,112.0,112.0,115.5,112.0,0.0,8000.0
1997-04-02,115.5,115.5,115.5,115.5,0.0,0.0
1997-04-03,115.5,115.5,115.5,115.5,0.0,0.0
1997-04-04,115.5,115.5,115.5,115.5,0.0,0.0
1997-04-07,115.5,115.5,115.5,115.5,0.0,0.0
1997-04-08,115.5,115.5,115.5,115.5,0.0,0.0
1997-04-09,118.0,118.0,115.5,118.0,0.0,700.0
1997-04-10,115.5,115.5,115.5,115.5,0.0,0.0
1997-04-11,118.0,118.0,116.5,118.0,0.0,11271.0
1997-04-14,117.5,117.5,117.5,117.5,0.0,1.0
1997-04-15,116.5,116.5,116.5,116.5,0.0,1.0
1997-04-16,117.5,117.5,117.5,117.5,0.0,1.0
1997-04-17,117.5,117.5,117.5,117.5,0.0,0.0
1997-04-18,117.5,117.5,117.5,117.5,0.0,0.0
1997-04-21,117.5,117.5,117.5,117.5,0.0,0.0
1997-04-22,117.5,117.5,117.5,117.5,0.0,0.0
1997-04-23,117.5,117.5,117.5,117.5,0.0,0.0
1997-04-24,117.5,117.5,117.5,117.5,0.0,0.0
1997-04-25,117.5,117.5,117.5,117.5,0.0,0.0
1997-04-28,117.5,117.5,117.5,117.5,0.0,0.0
1997-04-29,117.5,117.5,117.5,117.5,0.0,0.0
1997-04-30,117.5,117.5,117.5,117.5,0.0,0.0
1997-05-01,115.0,115.0,115.0,115.0,0.0,1.0
1997-05-02,115.0,115.0,115.0,115.0,0.0,0.0
1997-05-05,115.0,115.0,115.0,115.0,0.0,0.0
1997-05-06,115.0,115.0,115.0,115.0,0.0,0.0
1997-05-07,115.0,115.0,115.0,115.0,0.0,0.0
1997-05-08,115.0,115.0,115.0,115.0,0.0,0.0
1997-05-09,115.0,115.0,115.0,115.0,0.0,0.0
1997-05-12,115.0,115.0,115.0,115.0,0.0,0.0
1997-05-13,115.0,115.0,115.0,115.0,0.0,0.0
