Date,HIGH,LOW,CLOSE,OPEN,COUNT,VOLUME,SHROUT
1983-01-04,,,,,0.0,0.0,
1983-01-05,,,,,0.0,1.0,
1983-01-06,,,,,0.0,1.0,
1983-01-07,,,,,0.0,1.0,
1983-01-10,,,,,0.0,1.0,
1983-01-11,,,,,0.0,1.0,
1983-01-12,,,,,0.0,1.0,
1983-01-13,,,,,0.0,1.0,
1983-01-14,,,,,0.0,1.0,
1983-01-17,,,,,0.0,1.0,
1983-01-18,,,,,0.0,1.0,
1983-01-19,,,,,0.0,1.0,
1983-01-20,,,,,0.0,1.0,
1983-01-21,,,,,0.0,1.0,
1983-01-24,,,,,0.0,1.0,
1983-01-25,,,,,0.0,1.0,
1983-01-26,,,,,0.0,1.0,
1983-01-27,,,,,0.0,1.0,
1983-01-28,,,,,0.0,1.0,
1983-01-31,,,,,0.0,1.0,
1983-02-01,,,,,0.0,1.0,
1983-02-02,,,,,0.0,1.0,
1983-02-03,,,,,0.0,1.0,
1983-02-04,,,,,0.0,1.0,
1983-02-07,,,,,0.0,1.0,
1983-02-08,,,,,0.0,1.0,
1983-02-09,,,,,0.0,1.0,
1983-02-10,,,,,0.0,1.0,
1983-02-11,,,,,0.0,1.0,
1983-02-14,,,,,0.0,1.0,
1983-02-15,,,,,0.0,1.0,
1983-02-16,,,,,0.0,1.0,
1983-02-17,,,,,0.0,1.0,
1983-02-18,,,,,0.0,1.0,
1983-02-21,,,,,0.0,1.0,
1983-02-22,,,,,0.0,1.0,
1983-02-23,,,,,0.0,1.0,
1983-02-24,,,,,0.0,1.0,
1983-02-25,,,,,0.0,1.0,
1983-02-28,,,,,0.0,1.0,
1983-03-01,,,,,0.0,1.0,
1983-03-02,,,,,0.0,1.0,
1983-03-03,,,,,0.0,1.0,
1983-03-04,,,,,0.0,1.0,
1983-03-07,,,,,0.0,1.0,
1983-03-08,,,,,0.0,1.0,
1983-03-09,,,,,0.0,1.0,
1983-03-10,,,,,0.0,1.0,
1983-03-11,,,,,0.0,1.0,
1983-03-14,,,,,0.0,1.0,
1983-03-15,,,,,0.0,1.0,
1983-03-16,,,,,0.0,1.0,
1983-03-17,,,,,0.0,1.0,
1983-03-18,,,,,0.0,1.0,
1983-03-21,,,,,0.0,1.0,
1983-03-22,,,,,0.0,1.0,
1983-03-23,,,,,0.0,1.0,
1983-03-24,,,,,0.0,1.0,
1983-03-25,,,,,0.0,1.0,
1983-03-28,,,,,0.0,1.0,
1983-03-29,,,,,0.0,1.0,
1983-03-30,,,,,0.0,1.0,
1983-03-31,,,,,0.0,1.0,
1983-04-01,,,,,0.0,1.0,
1983-04-04,,,,,0.0,1.0,
1983-04-05,,,,,0.0,1.0,
1983-04-06,,,,,0.0,1.0,
1983-04-07,,,,,0.0,1.0,
1983-04-08,,,,,0.0,1.0,
1983-04-11,,,,,0.0,1.0,
1983-04-12,,,,,0.0,1.0,
1983-04-13,,,,,0.0,1.0,
1983-04-14,,,,,0.0,1.0,
1983-04-15,,,,,0.0,1.0,
1983-04-18,,,,,0.0,1.0,
1983-04-19,,,,,0.0,1.0,
1983-04-20,,,,,0.0,1.0,
1983-04-21,,,,,0.0,1.0,
1983-04-22,,,,,0.0,1.0,
1983-04-25,,,,,0.0,1.0,
1983-04-26,,,,,0.0,1.0,
1983-04-27,,,,,0.0,1.0,
1983-04-28,,,,,0.0,1.0,
1983-04-29,,,,,0.0,1.0,
1983-05-02,,,,,0.0,1.0,
1983-05-03,,,,,0.0,1.0,
1983-05-04,,,,,0.0,1.0,
1983-05-05,,,,,0.0,1.0,
1983-05-06,,,,,0.0,1.0,
1983-05-09,,,,,0.0,1.0,
1983-05-10,,,,,0.0,1.0,
1983-05-11,,,,,0.0,1.0,
1983-05-12,,,,,0.0,1.0,
1983-05-13,,,,,0.0,1.0,
1983-05-16,,,,,0.0,1.0,
1983-05-17,,,,,0.0,1.0,
1983-05-18,,,,,0.0,1.0,
1983-05-19,,,,,0.0,1.0,
1983-05-20,,,,,0.0,1.0,
1983-05-23,,,,,0.0,1.0,
1983-05-24,,,,,0.0,1.0,
1983-05-25,,,,,0.0,1.0,
1983-05-26,,,,,0.0,1.0,
1983-05-27,,,,,0.0,1.0,
1983-05-30,,,,,0.0,1.0,
1983-05-31,,,,,0.0,1.0,
1983-06-01,,,,,0.0,1.0,
1983-06-02,,,,,0.0,1.0,
1983-06-03,,,,,0.0,1.0,
1983-06-06,,,,,0.0,1.0,
1983-06-07,,,,,0.0,1.0,
1983-06-08,,,,,0.0,1.0,
1983-06-09,,,,,0.0,1.0,
1983-06-10,,,,,0.0,1.0,
1983-06-13,,,,,0.0,1.0,
1983-06-14,,,,,0.0,1.0,
1983-06-15,,,,,0.0,1.0,
1983-06-16,,,,,0.0,1.0,
1983-06-17,,,,,0.0,1.0,
1983-06-20,,,,,0.0,1.0,
1983-06-21,,,,,0.0,1.0,
1983-06-22,,,,,0.0,1.0,
1983-06-23,,,,,0.0,1.0,
1983-06-24,,,,,0.0,1.0,
1983-06-27,,,,,0.0,1.0,
1983-06-28,,,,,0.0,1.0,
1983-06-29,,,,,0.0,1.0,
1983-06-30,,,,,0.0,1.0,
1983-07-01,,,,,0.0,1.0,
1983-07-04,,,,,0.0,1.0,
1983-07-05,,,,,0.0,1.0,
1983-07-06,,,,,0.0,1.0,
1983-07-07,,,,,0.0,1.0,
1983-07-08,,,,,0.0,1.0,
1983-07-11,,,,,0.0,1.0,
1983-07-12,,,,,0.0,1.0,
1983-07-13,,,,,0.0,1.0,
1983-07-14,,,,,0.0,1.0,
1983-07-15,,,,,0.0,1.0,
1983-07-18,,,,,0.0,1.0,
1983-07-19,,,,,0.0,1.0,
1983-07-20,,,,,0.0,1.0,
1983-07-21,,,,,0.0,1.0,
1983-07-22,,,,,0.0,1.0,
1983-07-25,,,,,0.0,1.0,
1983-07-26,,,,,0.0,1.0,
1983-07-27,,,,,0.0,1.0,
1983-07-28,,,,,0.0,1.0,
1983-07-29,,,,,0.0,1.0,
1983-08-01,,,,,0.0,1.0,
1983-08-02,,,,,0.0,1.0,
1983-08-03,,,,,0.0,1.0,
1983-08-04,,,,,0.0,1.0,
1983-08-05,,,,,0.0,1.0,
1983-08-08,,,,,0.0,1.0,
1983-08-09,,,,,0.0,1.0,
1983-08-10,,,,,0.0,1.0,
1983-08-11,,,,,0.0,1.0,
1983-08-12,,,,,0.0,1.0,
1983-08-15,,,,,0.0,1.0,
1983-08-16,,,,,0.0,1.0,
1983-08-17,,,,,0.0,1.0,
1983-08-18,,,,,0.0,1.0,
1983-08-19,,,,,0.0,1.0,
1983-08-22,,,,,0.0,1.0,
1983-08-23,,,,,0.0,1.0,
1983-08-24,,,,,0.0,1.0,
1983-08-25,,,,,0.0,1.0,
1983-08-26,,,,,0.0,1.0,
1983-08-29,,,,,0.0,1.0,
1983-08-30,,,,,0.0,1.0,
1983-08-31,,,,,0.0,1.0,
1983-09-01,,,,,0.0,1.0,
1983-09-02,,,,,0.0,1.0,
1983-09-05,,,,,0.0,1.0,
1983-09-06,,,,,0.0,1.0,
1983-09-07,,,,,0.0,1.0,
1983-09-08,,,,,0.0,1.0,
1983-09-09,,,,,0.0,1.0,
1983-09-12,,,,,0.0,1.0,
1983-09-13,,,,,0.0,1.0,
1983-09-14,,,,,0.0,1.0,
1983-09-15,,,,,0.0,1.0,
1983-09-16,,,,,0.0,1.0,
1983-09-19,,,,,0.0,1.0,
1983-09-20,,,,,0.0,1.0,
1983-09-21,,,,,0.0,1.0,
1983-09-22,,,,,0.0,1.0,
1983-09-23,,,,,0.0,1.0,
1983-09-26,,,,,0.0,1.0,
1983-09-27,,,,,0.0,1.0,
1983-09-28,,,,,0.0,1.0,
1983-09-29,,,,,0.0,1.0,
1983-09-30,,,,,0.0,1.0,
1983-10-03,,,,,0.0,1.0,
1983-10-04,,,,,0.0,1.0,
1983-10-05,,,,,0.0,1.0,
1983-10-06,,,,,0.0,1.0,
1983-10-07,,,,,0.0,1.0,
1983-10-10,,,,,0.0,1.0,
1983-10-11,,,,,0.0,1.0,
1983-10-12,,,,,0.0,1.0,
1983-10-13,,,,,0.0,1.0,
1983-10-14,,,,,0.0,1.0,
1983-10-17,,,,,0.0,1.0,
1983-10-18,,,,,0.0,1.0,
1983-10-19,,,,,0.0,1.0,
1983-10-20,,,,,0.0,1.0,
1983-10-21,,,,,0.0,1.0,
1983-10-24,,,,,0.0,1.0,
1983-10-25,,,,,0.0,1.0,
1983-10-26,,,,,0.0,1.0,
1983-10-27,,,,,0.0,1.0,
1983-10-28,,,,,0.0,1.0,
1983-10-31,,,,,0.0,1.0,
1983-11-01,,,,,0.0,1.0,
1983-11-02,,,,,0.0,1.0,
1983-11-03,,,,,0.0,1.0,
1983-11-04,,,,,0.0,1.0,
1983-11-07,,,,,0.0,1.0,
1983-11-08,,,,,0.0,1.0,
1983-11-09,,,,,0.0,1.0,
1983-11-10,,,,,0.0,1.0,
1983-11-11,,,,,0.0,1.0,
1983-11-14,,,,,0.0,1.0,
1983-11-15,,,,,0.0,1.0,
1983-11-16,,,,,0.0,1.0,
1983-11-17,,,,,0.0,1.0,
1983-11-18,,,,,0.0,1.0,
1983-11-21,,,,,0.0,1.0,
1983-11-22,,,,,0.0,1.0,
1983-11-23,,,,,0.0,1.0,
1983-11-24,,,,,0.0,1.0,
1983-11-25,,,,,0.0,1.0,
1983-11-28,,,,,0.0,1.0,
1983-11-29,,,,,0.0,1.0,
1983-11-30,,,,,0.0,1.0,
1983-12-01,,,,,0.0,1.0,
1983-12-02,,,,,0.0,1.0,
1983-12-05,,,,,0.0,1.0,
1983-12-06,,,,,0.0,1.0,
1983-12-07,,,,,0.0,1.0,
1983-12-08,,,,,0.0,1.0,
1983-12-09,,,,,0.0,1.0,
1983-12-12,,,,,0.0,1.0,
1983-12-13,,,,,0.0,1.0,
1983-12-14,,,,,0.0,1.0,
1983-12-15,,,,,0.0,1.0,
1983-12-16,,,,,0.0,1.0,
1983-12-19,,,,,0.0,1.0,
1983-12-20,,,,,0.0,1.0,
1983-12-21,,,,,0.0,1.0,
1983-12-22,,,,,0.0,1.0,
1983-12-23,,,,,0.0,1.0,
1983-12-26,,,,,0.0,1.0,
1983-12-27,,,,,0.0,1.0,
1983-12-28,,,,,0.0,1.0,
1983-12-29,,,,,0.0,1.0,
1983-12-30,,,,,0.0,1.0,
1984-01-02,,,,,0.0,1.0,
1984-01-03,,,,,0.0,1.0,
1984-01-04,,,,,0.0,1.0,
1984-01-05,,,,,0.0,1.0,
1984-01-06,,,,,0.0,1.0,
1984-01-09,,,,,0.0,1.0,
1984-01-10,,,,,0.0,1.0,
1984-01-11,,,,,0.0,1.0,
1984-01-12,,,,,0.0,1.0,
1984-01-13,,,,,0.0,1.0,
1984-01-16,,,,,0.0,1.0,
1984-01-17,,,,,0.0,1.0,
1984-01-18,,,,,0.0,1.0,
1984-01-19,,,,,0.0,1.0,
1984-01-20,,,,,0.0,1.0,
1984-01-23,,,,,0.0,1.0,
1984-01-24,,,,,0.0,1.0,
1984-01-25,,,,,0.0,1.0,
1984-01-26,,,,,0.0,1.0,
1984-01-27,,,,,0.0,1.0,
1984-01-30,,,,,0.0,1.0,
1984-01-31,,,,,0.0,1.0,
1984-02-01,,,,,0.0,1.0,
1984-02-02,,,,,0.0,1.0,
1984-02-03,,,,,0.0,1.0,
1984-02-06,,,,,0.0,1.0,
1984-02-07,,,,,0.0,1.0,
1984-02-08,,,,,0.0,1.0,
1984-02-09,,,,,0.0,1.0,
1984-02-10,,,,,0.0,1.0,
1984-02-13,,,,,0.0,1.0,
1984-02-14,,,,,0.0,1.0,
1984-02-15,,,,,0.0,1.0,
1984-02-16,,,,,0.0,1.0,
1984-02-17,,,,,0.0,1.0,
1984-02-20,,,,,0.0,1.0,
1984-02-21,,,,,0.0,1.0,
1984-02-22,,,,,0.0,1.0,
1984-02-23,,,,,0.0,1.0,
1984-02-24,,,,,0.0,1.0,
1984-02-27,,,,,0.0,1.0,
1984-02-28,,,,,0.0,1.0,
1984-02-29,,,,,0.0,1.0,
1984-03-01,,,,,0.0,1.0,
1984-03-02,,,,,0.0,1.0,
1984-03-05,,,,,0.0,1.0,
1984-03-06,,,,,0.0,1.0,
1984-03-07,,,,,0.0,1.0,
1984-03-08,,,,,0.0,1.0,
1984-03-09,,,,,0.0,1.0,
1984-03-12,,,,,0.0,1.0,
1984-03-13,,,,,0.0,1.0,
1984-03-14,,,,,0.0,1.0,
1984-03-15,,,,,0.0,1.0,
1984-03-16,,,,,0.0,1.0,
1984-03-19,,,,,0.0,1.0,
1984-03-20,,,,,0.0,1.0,
1984-03-21,,,,,0.0,1.0,
1984-03-22,,,,,0.0,1.0,
1984-03-23,,,,,0.0,1.0,
1984-03-26,,,,,0.0,1.0,
1984-03-27,,,,,0.0,1.0,
1984-03-28,,,,,0.0,1.0,
1984-03-29,,,,,0.0,1.0,
1984-03-30,,,,,0.0,1.0,
1984-04-02,,,,,0.0,1.0,
1984-04-03,,,,,0.0,1.0,
1984-04-04,,,,,0.0,1.0,
1984-04-05,,,,,0.0,1.0,
1984-04-06,,,,,0.0,1.0,
1984-04-09,,,,,0.0,1.0,
1984-04-10,,,,,0.0,1.0,
1984-04-11,,,,,0.0,1.0,
1984-04-12,,,,,0.0,1.0,
1984-04-13,,,,,0.0,1.0,
1984-04-16,,,,,0.0,1.0,
1984-04-17,,,,,0.0,1.0,
1984-04-18,,,,,0.0,1.0,
1984-04-19,,,,,0.0,1.0,
1984-04-20,,,,,0.0,1.0,
1984-04-23,,,,,0.0,1.0,
1984-04-24,,,,,0.0,1.0,
1984-04-25,,,,,0.0,1.0,
1984-04-26,,,,,0.0,1.0,
1984-04-27,,,,,0.0,1.0,
1984-04-30,,,,,0.0,1.0,
1984-05-01,,,,,0.0,1.0,
1984-05-02,,,,,0.0,1.0,
1984-05-03,,,,,0.0,1.0,
1984-05-04,,,,,0.0,1.0,
1984-05-07,,,,,0.0,1.0,
1984-05-08,,,,,0.0,1.0,
1984-05-09,,,,,0.0,1.0,
1984-05-10,,,,,0.0,1.0,
1984-05-11,,,,,0.0,1.0,
1984-05-14,,,,,0.0,1.0,
1984-05-15,,,,,0.0,1.0,
1984-05-16,,,,,0.0,1.0,
1984-05-17,,,,,0.0,1.0,
1984-05-18,,,,,0.0,1.0,
1984-05-21,,,,,0.0,1.0,
1984-05-22,,,,,0.0,1.0,
1984-05-23,,,,,0.0,1.0,
1984-05-24,,,,,0.0,1.0,
1984-05-25,,,,,0.0,1.0,
1984-05-28,,,,,0.0,1.0,
1984-05-29,,,,,0.0,1.0,
1984-05-30,,,,,0.0,1.0,
1984-05-31,,,,,0.0,1.0,
1984-06-01,,,,,0.0,1.0,
1984-06-04,,,,,0.0,1.0,
1984-06-05,,,,,0.0,1.0,
1984-06-06,,,,,0.0,1.0,
1984-06-07,,,,,0.0,1.0,
1984-06-08,,,,,0.0,1.0,
1984-06-11,,,,,0.0,1.0,
1984-06-12,,,,,0.0,1.0,
1984-06-13,,,,,0.0,1.0,
1984-06-14,,,,,0.0,1.0,
1984-06-15,,,,,0.0,1.0,
1984-06-18,,,,,0.0,1.0,
1984-06-19,,,,,0.0,1.0,
1984-06-20,,,,,0.0,1.0,
1984-06-21,,,,,0.0,1.0,
1984-06-22,,,,,0.0,1.0,
1984-06-25,,,,,0.0,1.0,
1984-06-26,,,,,0.0,1.0,
1984-06-27,,,,,0.0,1.0,
1984-06-28,,,,,0.0,1.0,
1984-06-29,,,,,0.0,1.0,
1984-07-02,,,,,0.0,1.0,
1984-07-03,,,,,0.0,1.0,
1984-07-04,,,,,0.0,1.0,
1984-07-05,,,,,0.0,1.0,
1984-07-06,,,,,0.0,1.0,
1984-07-09,,,,,0.0,1.0,
1984-07-10,,,,,0.0,1.0,
1984-07-11,,,,,0.0,1.0,
1984-07-12,,,,,0.0,1.0,
1984-07-13,,,,,0.0,1.0,
1984-07-16,,,,,0.0,1.0,
1984-07-17,,,,,0.0,1.0,
1984-07-18,,,,,0.0,1.0,
1984-07-19,,,,,0.0,1.0,
1984-07-20,,,,,0.0,1.0,
1984-07-23,,,,,0.0,1.0,
1984-07-24,,,,,0.0,1.0,
1984-07-25,,,,,0.0,1.0,
1984-07-26,,,,,0.0,1.0,
1984-07-27,,,,,0.0,1.0,
1984-07-30,,,,,0.0,1.0,
1984-07-31,,,,,0.0,1.0,
1984-08-01,,,,,0.0,1.0,
1984-08-02,,,,,0.0,1.0,
1984-08-03,,,,,0.0,1.0,
1984-08-06,,,,,0.0,1.0,
1984-08-07,,,,,0.0,1.0,
1984-08-08,,,,,0.0,1.0,
1984-08-09,,,,,0.0,1.0,
1984-08-10,,,,,0.0,1.0,
1984-08-13,,,,,0.0,1.0,
1984-08-14,,,,,0.0,1.0,
1984-08-15,,,,,0.0,1.0,
1984-08-16,,,,,0.0,1.0,
1984-08-17,,,,,0.0,1.0,
1984-08-20,,,,,0.0,1.0,
1984-08-21,,,,,0.0,1.0,
1984-08-22,,,,,0.0,1.0,
1984-08-23,,,,,0.0,1.0,
1984-08-24,,,,,0.0,1.0,
1984-08-27,,,,,0.0,1.0,
1984-08-28,,,,,0.0,1.0,
1984-08-29,,,,,0.0,1.0,
1984-08-30,,,,,0.0,1.0,
1984-08-31,,,,,0.0,1.0,
1984-09-03,,,,,0.0,1.0,
1984-09-04,,,,,0.0,1.0,
1984-09-05,,,,,0.0,1.0,
1984-09-06,,,,,0.0,1.0,
1984-09-07,,,,,0.0,1.0,
1984-09-10,,,,,0.0,1.0,
1984-09-11,,,,,0.0,1.0,
1984-09-12,,,,,0.0,1.0,
1984-09-13,,,,,0.0,1.0,
1984-09-14,,,,,0.0,1.0,
1984-09-17,,,,,0.0,1.0,
1984-09-18,,,,,0.0,1.0,
1984-09-19,,,,,0.0,1.0,
1984-09-20,,,,,0.0,1.0,
1984-09-21,,,,,0.0,1.0,
1984-09-24,,,,,0.0,1.0,
1984-09-25,,,,,0.0,1.0,
1984-09-26,,,,,0.0,1.0,
1984-09-27,,,,,0.0,1.0,
1984-09-28,,,,,0.0,1.0,
1984-10-01,,,,,0.0,1.0,
1984-10-02,,,,,0.0,1.0,
1984-10-03,,,,,0.0,1.0,
1984-10-04,,,,,0.0,1.0,
1984-10-05,,,,,0.0,1.0,
1984-10-08,,,,,0.0,1.0,
1984-10-09,,,,,0.0,1.0,
1984-10-10,,,,,0.0,1.0,
1984-10-11,,,,,0.0,1.0,
1984-10-12,,,,,0.0,1.0,
1984-10-15,,,,,0.0,1.0,
1984-10-16,,,,,0.0,1.0,
1984-10-17,,,,,0.0,1.0,
1984-10-18,,,,,0.0,1.0,
1984-10-19,,,,,0.0,1.0,
1984-10-22,,,,,0.0,1.0,
1984-10-23,,,,,0.0,1.0,
1984-10-24,,,,,0.0,1.0,
1984-10-25,,,,,0.0,1.0,
1984-10-26,,,,,0.0,1.0,
1984-10-29,,,,,0.0,1.0,
1984-10-30,,,,,0.0,1.0,
1984-10-31,,,,,0.0,1.0,
1984-11-01,,,,,0.0,1.0,
1984-11-02,,,,,0.0,1.0,
1984-11-05,,,,,0.0,1.0,
1984-11-06,,,,,0.0,1.0,
1984-11-07,,,,,0.0,1.0,
1984-11-08,,,,,0.0,1.0,
1984-11-09,,,,,0.0,1.0,
1984-11-12,,,,,0.0,1.0,
1984-11-13,,,,,0.0,1.0,
1984-11-14,,,,,0.0,1.0,
1984-11-15,,,,,0.0,1.0,
1984-11-16,,,,,0.0,1.0,
1984-11-19,,,,,0.0,1.0,
1984-11-20,,,,,0.0,1.0,
1984-11-21,,,,,0.0,1.0,
1984-11-22,,,,,0.0,1.0,
1984-11-23,,,,,0.0,1.0,
1984-11-26,,,,,0.0,1.0,
1984-11-27,,,,,0.0,1.0,
1984-11-28,,,,,0.0,1.0,
1984-11-29,,,,,0.0,1.0,
1984-11-30,,,,,0.0,1.0,
1984-12-03,,,,,0.0,1.0,
1984-12-04,,,,,0.0,1.0,
1984-12-05,,,,,0.0,1.0,
1984-12-06,,,,,0.0,1.0,
1984-12-07,,,,,0.0,1.0,
1984-12-10,,,,,0.0,1.0,
1984-12-11,,,,,0.0,1.0,
1984-12-12,,,,,0.0,1.0,
1984-12-13,,,,,0.0,1.0,
1984-12-14,,,,,0.0,1.0,
1984-12-17,,,,,0.0,1.0,
1984-12-18,,,,,0.0,1.0,
1984-12-19,,,,,0.0,1.0,
1984-12-20,,,,,0.0,1.0,
1984-12-21,,,,,0.0,1.0,
1984-12-24,,,,,0.0,1.0,
1984-12-25,,,,,0.0,1.0,
1984-12-26,,,,,0.0,1.0,
1984-12-27,,,,,0.0,1.0,
1984-12-28,,,,,0.0,1.0,
1984-12-31,,,,,0.0,1.0,
1985-01-01,,,,,0.0,1.0,
1985-01-02,,,,,0.0,1.0,
1985-01-03,,,,,0.0,1.0,
1985-01-04,,,,,0.0,1.0,
1985-01-07,,,,,0.0,1.0,
1985-01-08,,,,,0.0,1.0,
1985-01-09,,,,,0.0,1.0,
1985-01-10,,,,,0.0,1.0,
1985-01-11,,,,,0.0,1.0,
1985-01-14,,,,,0.0,1.0,
1985-01-15,,,,,0.0,1.0,
1985-01-16,,,,,0.0,1.0,
1985-01-17,,,,,0.0,1.0,
1985-01-18,,,,,0.0,1.0,
1985-01-21,,,,,0.0,1.0,
1985-01-22,,,,,0.0,1.0,
1985-01-23,,,,,0.0,1.0,
1985-01-24,,,,,0.0,1.0,
1985-01-25,,,,,0.0,1.0,
1985-01-28,,,,,0.0,1.0,
1985-01-29,,,,,0.0,1.0,
1985-01-30,,,,,0.0,1.0,
1985-01-31,,,,,0.0,1.0,
1985-02-01,,,,,0.0,1.0,
1985-02-04,,,,,0.0,1.0,
1985-02-05,,,,,0.0,1.0,
1985-02-06,,,,,0.0,1.0,
1985-02-07,,,,,0.0,1.0,
1985-02-08,,,,,0.0,1.0,
1985-02-11,,,,,0.0,1.0,
1985-02-12,,,,,0.0,1.0,
1985-02-13,,,,,0.0,1.0,
1985-02-14,,,,,0.0,1.0,
1985-02-15,,,,,0.0,1.0,
1985-02-18,,,,,0.0,1.0,
1985-02-19,,,,,0.0,1.0,
1985-02-20,,,,,0.0,1.0,
1985-02-21,,,,,0.0,1.0,
1985-02-22,,,,,0.0,1.0,
1985-02-25,,,,,0.0,1.0,
1985-02-26,,,,,0.0,1.0,
1985-02-27,,,,,0.0,1.0,
1985-02-28,,,,,0.0,1.0,
1985-03-01,,,,,0.0,1.0,
1985-03-04,,,,,0.0,1.0,
1985-03-05,,,,,0.0,1.0,
1985-03-06,,,,,0.0,1.0,
1985-03-07,,,,,0.0,1.0,
1985-03-08,,,,,0.0,1.0,
1985-03-11,,,,,0.0,1.0,
1985-03-12,,,,,0.0,1.0,
1985-03-13,,,,,0.0,1.0,
1985-03-14,,,,,0.0,1.0,
1985-03-15,,,,,0.0,1.0,
1985-03-18,,,,,0.0,1.0,
1985-03-19,,,,,0.0,1.0,
1985-03-20,,,,,0.0,1.0,
1985-03-21,,,,,0.0,1.0,
1985-03-22,,,,,0.0,1.0,
1985-03-25,,,,,0.0,1.0,
1985-03-26,,,,,0.0,1.0,
1985-03-27,,,,,0.0,1.0,
1985-03-28,,,,,0.0,1.0,
1985-03-29,,,,,0.0,1.0,
1985-04-01,,,,,0.0,1.0,
1985-04-02,,,,,0.0,1.0,
1985-04-03,,,,,0.0,1.0,
1985-04-04,,,,,0.0,1.0,
1985-04-05,,,,,0.0,1.0,
1985-04-08,,,,,0.0,1.0,
1985-04-09,,,,,0.0,1.0,
1985-04-10,,,,,0.0,1.0,
1985-04-11,,,,,0.0,1.0,
1985-04-12,,,,,0.0,1.0,
1985-04-15,,,,,0.0,1.0,
1985-04-16,,,,,0.0,1.0,
1985-04-17,,,,,0.0,1.0,
1985-04-18,,,,,0.0,1.0,
1985-04-19,,,,,0.0,1.0,
1985-04-22,,,,,0.0,1.0,
1985-04-23,,,,,0.0,1.0,
1985-04-24,,,,,0.0,1.0,
1985-04-25,,,,,0.0,1.0,
1985-04-26,,,,,0.0,1.0,
1985-04-29,,,,,0.0,1.0,
1985-04-30,,,,,0.0,1.0,
1985-05-01,,,,,0.0,1.0,
1985-05-02,,,,,0.0,1.0,
1985-05-03,,,,,0.0,1.0,
1985-05-06,,,,,0.0,1.0,
1985-05-07,,,,,0.0,1.0,
1985-05-08,,,,,0.0,1.0,
1985-05-09,,,,,0.0,1.0,
1985-05-10,,,,,0.0,1.0,
1985-05-13,,,,,0.0,1.0,
1985-05-14,,,,,0.0,1.0,
1985-05-15,,,,,0.0,1.0,
1985-05-16,,,,,0.0,1.0,
1985-05-17,,,,,0.0,1.0,
1985-05-20,,,,,0.0,1.0,
1985-05-21,,,,,0.0,1.0,
1985-05-22,,,,,0.0,1.0,
1985-05-23,,,,,0.0,1.0,
1985-05-24,,,,,0.0,1.0,
1985-05-27,,,,,0.0,1.0,
1985-05-28,,,,,0.0,1.0,
1985-05-29,,,,,0.0,1.0,
1985-05-30,,,,,0.0,1.0,
1985-05-31,,,,,0.0,1.0,
1985-06-03,,,,,0.0,1.0,
1985-06-04,,,,,0.0,1.0,
1985-06-05,,,,,0.0,1.0,
1985-06-06,,,,,0.0,1.0,
1985-06-07,,,,,0.0,1.0,
1985-06-10,,,,,0.0,1.0,
1985-06-11,,,,,0.0,1.0,
1985-06-12,,,,,0.0,1.0,
1985-06-13,,,,,0.0,1.0,
1985-06-14,,,,,0.0,1.0,
1985-06-17,,,,,0.0,1.0,
1985-06-18,,,,,0.0,1.0,
1985-06-19,,,,,0.0,1.0,
1985-06-20,,,,,0.0,1.0,
1985-06-21,,,,,0.0,1.0,
1985-06-24,,,,,0.0,1.0,
1985-06-25,,,,,0.0,1.0,
1985-06-26,,,,,0.0,1.0,
1985-06-27,,,,,0.0,1.0,
1985-06-28,,,,,0.0,1.0,
1985-07-01,,,,,0.0,1.0,
1985-07-02,,,,,0.0,1.0,
1985-07-03,,,,,0.0,1.0,
1985-07-04,,,,,0.0,1.0,
1985-07-05,,,,,0.0,1.0,
1985-07-08,,,,,0.0,1.0,
1985-07-09,,,,,0.0,1.0,
1985-07-10,,,,,0.0,1.0,
1985-07-11,,,,,0.0,1.0,
1985-07-12,,,,,0.0,1.0,
1985-07-15,,,,,0.0,1.0,
1985-07-16,,,,,0.0,1.0,
1985-07-17,,,,,0.0,1.0,
1985-07-18,,,,,0.0,1.0,
1985-07-19,,,,,0.0,1.0,
1985-07-22,,,,,0.0,1.0,
1985-07-23,,,,,0.0,1.0,
1985-07-24,,,,,0.0,1.0,
1985-07-25,,,,,0.0,1.0,
1985-07-26,,,,,0.0,1.0,
1985-07-29,,,,,0.0,1.0,
1985-07-30,,,,,0.0,1.0,
1985-07-31,,,,,0.0,1.0,
1985-08-01,,,,,0.0,1.0,
1985-08-02,,,,,0.0,1.0,
1985-08-05,,,,,0.0,1.0,
1985-08-06,,,,,0.0,1.0,
1985-08-07,,,,,0.0,1.0,
1985-08-08,,,,,0.0,1.0,
1985-08-09,,,,,0.0,1.0,
1985-08-12,,,,,0.0,1.0,
1985-08-13,,,,,0.0,1.0,
1985-08-14,,,,,0.0,1.0,
1985-08-15,,,,,0.0,1.0,
1985-08-16,,,,,0.0,1.0,
1985-08-19,,,,,0.0,1.0,
1985-08-20,,,,,0.0,1.0,
1985-08-21,,,,,0.0,1.0,
1985-08-22,,,,,0.0,1.0,
1985-08-23,,,,,0.0,1.0,
1985-08-26,,,,,0.0,1.0,
1985-08-27,,,,,0.0,1.0,
1985-08-28,,,,,0.0,1.0,
1985-08-29,,,,,0.0,1.0,
1985-08-30,,,,,0.0,1.0,
1985-09-02,,,,,0.0,1.0,
1985-09-03,,,,,0.0,1.0,
1985-09-04,,,,,0.0,1.0,
1985-09-05,,,,,0.0,1.0,
1985-09-06,,,,,0.0,1.0,
1985-09-09,,,,,0.0,1.0,
1985-09-10,,,,,0.0,1.0,
1985-09-11,,,,,0.0,1.0,
1985-09-12,,,,,0.0,1.0,
1985-09-13,,,,,0.0,1.0,
1985-09-16,,,,,0.0,1.0,
1985-09-17,,,,,0.0,1.0,
1985-09-18,,,,,0.0,1.0,
1985-09-19,,,,,0.0,1.0,
1985-09-20,,,,,0.0,1.0,
1985-09-23,,,,,0.0,1.0,
1985-09-24,,,,,0.0,1.0,
1985-09-25,,,,,0.0,1.0,
1985-09-26,,,,,0.0,1.0,
1985-09-27,,,,,0.0,1.0,
1985-09-30,,,,,0.0,1.0,
1985-10-01,,,,,0.0,1.0,
1985-10-02,,,,,0.0,1.0,
1985-10-03,,,,,0.0,1.0,
1985-10-04,,,,,0.0,1.0,
1985-10-07,,,,,0.0,1.0,
1985-10-08,,,,,0.0,1.0,
1985-10-09,,,,,0.0,1.0,
1985-10-10,,,,,0.0,1.0,
1985-10-11,,,,,0.0,1.0,
1985-10-14,,,,,0.0,1.0,
1985-10-15,,,,,0.0,1.0,
1985-10-16,,,,,0.0,1.0,
1985-10-17,,,,,0.0,1.0,
1985-10-18,,,,,0.0,1.0,
1985-10-21,,,,,0.0,1.0,
1985-10-22,,,,,0.0,1.0,
1985-10-23,,,,,0.0,1.0,
1985-10-24,,,,,0.0,1.0,
1985-10-25,,,,,0.0,1.0,
1985-10-28,,,,,0.0,1.0,
1985-10-29,,,,,0.0,1.0,
1985-10-30,,,,,0.0,1.0,
1985-10-31,,,,,0.0,1.0,
1985-11-01,,,,,0.0,1.0,
1985-11-04,,,,,0.0,1.0,
1985-11-05,,,,,0.0,1.0,
1985-11-06,,,,,0.0,1.0,
1985-11-07,,,,,0.0,1.0,
1985-11-08,,,,,0.0,1.0,
1985-11-11,,,,,0.0,1.0,
1985-11-12,,,,,0.0,1.0,
1985-11-13,,,,,0.0,1.0,
1985-11-14,,,,,0.0,1.0,
1985-11-15,,,,,0.0,1.0,
1985-11-18,,,,,0.0,1.0,
1985-11-19,,,,,0.0,1.0,
1985-11-20,,,,,0.0,1.0,
1985-11-21,,,,,0.0,1.0,
1985-11-22,,,,,0.0,1.0,
1985-11-25,,,,,0.0,1.0,
1985-11-26,,,,,0.0,1.0,
1985-11-27,,,,,0.0,1.0,
1985-11-28,,,,,0.0,1.0,
1985-11-29,,,,,0.0,1.0,
1985-12-02,,,,,0.0,1.0,
1985-12-03,,,,,0.0,1.0,
1985-12-04,,,,,0.0,1.0,
1985-12-05,,,,,0.0,1.0,
1985-12-06,,,,,0.0,1.0,
1985-12-09,,,,,0.0,1.0,
1985-12-10,,,,,0.0,1.0,
1985-12-11,,,,,0.0,1.0,
1985-12-12,,,,,0.0,1.0,
1985-12-13,,,,,0.0,1.0,
1985-12-16,,,,,0.0,1.0,
1985-12-17,,,,,0.0,1.0,
1985-12-18,,,,,0.0,1.0,
1985-12-19,,,,,0.0,1.0,
1985-12-20,,,,,0.0,1.0,
1985-12-23,,,,,0.0,1.0,
1985-12-24,,,,,0.0,1.0,
1985-12-25,,,,,0.0,1.0,
1985-12-26,,,,,0.0,1.0,
1985-12-27,,,,,0.0,1.0,
1985-12-30,,,,,0.0,1.0,
1985-12-31,,,,,0.0,1.0,
1986-01-02,,,,,0.0,1.0,
1986-01-03,,,,,0.0,1.0,
1986-01-06,,,,,0.0,1.0,
1986-01-07,,,,,0.0,1.0,
1986-01-08,,,,,0.0,1.0,
1986-01-09,,,,,0.0,1.0,
1986-01-10,,,,,0.0,1.0,
1986-01-13,,,,,0.0,1.0,
1986-01-14,,,,,0.0,1.0,
1986-01-15,,,,,0.0,1.0,
1986-01-16,,,,,0.0,1.0,
1986-01-17,,,,,0.0,1.0,
1986-01-20,,,,,0.0,1.0,
1986-01-21,,,,,0.0,1.0,
1986-01-22,,,,,0.0,1.0,
1986-01-23,,,,,0.0,1.0,
1986-01-24,,,,,0.0,1.0,
1986-01-27,,,,,0.0,1.0,
1986-01-28,,,,,0.0,1.0,
1986-01-29,,,,,0.0,1.0,
1986-01-30,,,,,0.0,1.0,
1986-01-31,,,,,0.0,1.0,
1986-02-03,,,,,0.0,1.0,
1986-02-04,,,,,0.0,1.0,
1986-02-05,,,,,0.0,1.0,
1986-02-06,,,,,0.0,1.0,
1986-02-07,,,,,0.0,1.0,
1986-02-10,,,,,0.0,1.0,
1986-02-11,,,,,0.0,1.0,
1986-02-12,,,,,0.0,1.0,
1986-02-13,,,,,0.0,1.0,
1986-02-14,,,,,0.0,1.0,
1986-02-17,,,,,0.0,1.0,
1986-02-18,,,,,0.0,1.0,
1986-02-19,,,,,0.0,1.0,
1986-02-20,,,,,0.0,1.0,
1986-02-21,,,,,0.0,1.0,
1986-02-24,,,,,0.0,1.0,
1986-02-25,,,,,0.0,1.0,
1986-02-26,,,,,0.0,1.0,
1986-02-27,,,,,0.0,1.0,
1986-02-28,,,,,0.0,1.0,
1986-03-03,,,,,0.0,1.0,
1986-03-04,,,,,0.0,1.0,
1986-03-05,,,,,0.0,1.0,
1986-03-06,,,,,0.0,1.0,
1986-03-07,,,,,0.0,1.0,
1986-03-10,,,,,0.0,1.0,
1986-03-11,,,,,0.0,1.0,
1986-03-12,,,,,0.0,1.0,
1986-03-13,,,,,0.0,1.0,
1986-03-14,,,,,0.0,1.0,
1986-03-17,,,,,0.0,1.0,
1986-03-18,,,,,0.0,1.0,
1986-03-19,,,,,0.0,1.0,
1986-03-20,,,,,0.0,1.0,
1986-03-21,,,,,0.0,1.0,
1986-03-24,,,,,0.0,1.0,
1986-03-25,,,,,0.0,1.0,
1986-03-26,,,,,0.0,1.0,
1986-03-27,,,,,0.0,1.0,
1986-04-01,,,,,0.0,1.0,
1986-04-02,,,,,0.0,1.0,
1986-04-03,,,,,0.0,1.0,
1986-04-04,,,,,0.0,1.0,
1986-04-07,,,,,0.0,1.0,
1986-04-08,,,,,0.0,1.0,
1986-04-09,,,,,0.0,1.0,
1986-04-10,,,,,0.0,1.0,
1986-04-11,,,,,0.0,1.0,
1986-04-14,,,,,0.0,1.0,
1986-04-15,,,,,0.0,1.0,
1986-04-16,,,,,0.0,1.0,
1986-04-17,,,,,0.0,1.0,
1986-04-18,,,,,0.0,1.0,
1986-04-21,,,,,0.0,1.0,
1986-04-22,,,,,0.0,1.0,
1986-04-23,,,,,0.0,1.0,
1986-04-24,,,,,0.0,1.0,
1986-04-25,,,,,0.0,1.0,
1986-04-28,,,,,0.0,1.0,
1986-04-29,,,,,0.0,1.0,
1986-04-30,,,,,0.0,1.0,
1986-05-01,,,,,0.0,1.0,
1986-05-02,,,,,0.0,1.0,
1986-05-05,,,,,0.0,1.0,
1986-05-06,,,,,0.0,1.0,
1986-05-07,,,,,0.0,1.0,
1986-05-08,,,,,0.0,1.0,
1986-05-09,,,,,0.0,1.0,
1986-05-12,,,,,0.0,1.0,
1986-05-13,,,,,0.0,1.0,
1986-05-14,,,,,0.0,1.0,
1986-05-15,,,,,0.0,1.0,
1986-05-16,,,,,0.0,1.0,
1986-05-19,,,,,0.0,1.0,
1986-05-20,,,,,0.0,1.0,
1986-05-21,,,,,0.0,1.0,
1986-05-22,,,,,0.0,1.0,
1986-05-23,,,,,0.0,1.0,
1986-05-26,,,,,0.0,1.0,
1986-05-27,,,,,0.0,1.0,
1986-05-28,,,,,0.0,1.0,
1986-05-29,,,,,0.0,1.0,
1986-05-30,,,,,0.0,1.0,
1986-06-02,,,,,0.0,1.0,
1986-06-03,,,,,0.0,1.0,
1986-06-04,,,,,0.0,1.0,
1986-06-05,,,,,0.0,1.0,
1986-06-06,,,,,0.0,1.0,
1986-06-09,,,,,0.0,1.0,
1986-06-10,,,,,0.0,1.0,
1986-06-11,,,,,0.0,1.0,
1986-06-12,,,,,0.0,1.0,
1986-06-13,,,,,0.0,1.0,
1986-06-16,,,,,0.0,1.0,
1986-06-17,,,,,0.0,1.0,
1986-06-18,,,,,0.0,1.0,
1986-06-19,,,,,0.0,1.0,
1986-06-20,,,,,0.0,1.0,
1986-06-23,,,,,0.0,1.0,
1986-06-24,,,,,0.0,1.0,
1986-06-25,,,,,0.0,1.0,
1986-06-26,,,,,0.0,1.0,
1986-06-27,,,,,0.0,1.0,
1986-06-30,,,,,0.0,1.0,
1986-07-01,,,,,0.0,1.0,
1986-07-02,,,,,0.0,1.0,
1986-07-03,,,,,0.0,1.0,
1986-07-04,,,,,0.0,1.0,
1986-07-07,,,,,0.0,1.0,
1986-07-08,,,,,0.0,1.0,
1986-07-09,,,,,0.0,1.0,
1986-07-10,,,,,0.0,1.0,
1986-07-11,,,,,0.0,1.0,
1986-07-14,,,,,0.0,1.0,
1986-07-15,,,,,0.0,1.0,
1986-07-16,,,,,0.0,1.0,
1986-07-17,,,,,0.0,1.0,
1986-07-18,,,,,0.0,1.0,
1986-07-21,,,,,0.0,1.0,
1986-07-22,,,,,0.0,1.0,
1986-07-23,,,,,0.0,1.0,
1986-07-24,,,,,0.0,1.0,
1986-07-25,,,,,0.0,1.0,
1986-07-28,,,,,0.0,1.0,
1986-07-29,,,,,0.0,1.0,
1986-07-30,,,,,0.0,1.0,
1986-07-31,,,,,0.0,1.0,
1986-08-01,,,,,0.0,1.0,
1986-08-04,,,,,0.0,1.0,
1986-08-05,,,,,0.0,1.0,
1986-08-06,,,,,0.0,1.0,
1986-08-07,,,,,0.0,1.0,
1986-08-08,,,,,0.0,1.0,
1986-08-11,,,,,0.0,1.0,
1986-08-12,,,,,0.0,1.0,
1986-08-13,,,,,0.0,1.0,
1986-08-14,,,,,0.0,1.0,
1986-08-15,,,,,0.0,1.0,
1986-08-18,,,,,0.0,1.0,
1986-08-19,,,,,0.0,1.0,
1986-08-20,,,,,0.0,1.0,
1986-08-21,,,,,0.0,1.0,
1986-08-22,,,,,0.0,1.0,
1986-08-25,,,,,0.0,1.0,
1986-08-26,,,,,0.0,1.0,
1986-08-27,,,,,0.0,1.0,
1986-08-28,,,,,0.0,1.0,
1986-08-29,,,,,0.0,1.0,
1986-09-01,,,,,0.0,1.0,
1986-09-02,,,,,0.0,1.0,
1986-09-03,,,,,0.0,1.0,
1986-09-04,,,,,0.0,1.0,
1986-09-05,,,,,0.0,1.0,
1986-09-08,,,,,0.0,1.0,
1986-09-09,,,,,0.0,1.0,
1986-09-10,,,,,0.0,1.0,
1986-09-11,,,,,0.0,1.0,
1986-09-12,,,,,0.0,1.0,
1986-09-15,,,,,0.0,1.0,
1986-09-16,,,,,0.0,1.0,
1986-09-17,,,,,0.0,1.0,
1986-09-18,,,,,0.0,1.0,
1986-09-19,,,,,0.0,1.0,
1986-09-22,,,,,0.0,1.0,
1986-09-23,,,,,0.0,1.0,
1986-09-24,,,,,0.0,1.0,
1986-09-25,,,,,0.0,1.0,
1986-09-26,,,,,0.0,1.0,
1986-09-29,,,,,0.0,1.0,
1986-09-30,,,,,0.0,1.0,
1986-10-01,,,,,0.0,1.0,
1986-10-02,,,,,0.0,1.0,
1986-10-03,,,,,0.0,1.0,
1986-10-06,,,,,0.0,1.0,
1986-10-07,,,,,0.0,1.0,
1986-10-08,,,,,0.0,1.0,
1986-10-09,,,,,0.0,1.0,
1986-10-10,,,,,0.0,1.0,
1986-10-13,,,,,0.0,1.0,
1986-10-14,,,,,0.0,1.0,
1986-10-15,,,,,0.0,1.0,
1986-10-16,,,,,0.0,1.0,
1986-10-17,,,,,0.0,1.0,
1986-10-20,,,,,0.0,1.0,
1986-10-21,,,,,0.0,1.0,
1986-10-22,,,,,0.0,1.0,
1986-10-23,,,,,0.0,1.0,
1986-10-24,,,,,0.0,1.0,
1986-10-27,,,,,0.0,1.0,
1986-10-28,,,,,0.0,1.0,
1986-10-29,,,,,0.0,1.0,
1986-10-30,,,,,0.0,1.0,
1986-10-31,,,,,0.0,1.0,
1986-11-03,,,,,0.0,1.0,
1986-11-04,,,,,0.0,1.0,
1986-11-05,,,,,0.0,1.0,
1986-11-06,,,,,0.0,1.0,
1986-11-07,,,,,0.0,1.0,
1986-11-10,,,,,0.0,1.0,
1986-11-11,,,,,0.0,1.0,
1986-11-12,,,,,0.0,1.0,
1986-11-13,,,,,0.0,1.0,
1986-11-14,,,,,0.0,1.0,
1986-11-17,,,,,0.0,1.0,
1986-11-18,,,,,0.0,1.0,
1986-11-19,,,,,0.0,1.0,
1986-11-20,,,,,0.0,1.0,
1986-11-21,,,,,0.0,1.0,
1986-11-24,,,,,0.0,1.0,
1986-11-25,,,,,0.0,1.0,
1986-11-26,,,,,0.0,1.0,
1986-11-27,,,,,0.0,1.0,
1986-11-28,,,,,0.0,1.0,
1986-12-01,,,,,0.0,1.0,
1986-12-02,,,,,0.0,1.0,
1986-12-03,,,,,0.0,1.0,
1986-12-04,,,,,0.0,1.0,
1986-12-05,,,,,0.0,1.0,
1986-12-08,,,,,0.0,1.0,
1986-12-09,,,,,0.0,1.0,
1986-12-10,,,,,0.0,1.0,
1986-12-11,,,,,0.0,1.0,
1986-12-12,,,,,0.0,1.0,
1986-12-15,,,,,0.0,1.0,
1986-12-16,,,,,0.0,1.0,
1986-12-17,,,,,0.0,1.0,
1986-12-18,,,,,0.0,1.0,
1986-12-19,,,,,0.0,1.0,
1986-12-22,,,,,0.0,1.0,
1986-12-23,,,,,0.0,1.0,
1986-12-24,,,,,0.0,1.0,
1986-12-29,,,,,0.0,1.0,
1986-12-30,,,,,0.0,1.0,
1986-12-31,,,,,0.0,1.0,
1987-01-02,,,,,0.0,1.0,
1987-01-05,,,,,0.0,1.0,
1987-01-06,,,,,0.0,1.0,
1987-01-07,,,,,0.0,1.0,
1987-01-08,,,,,0.0,1.0,
1987-01-09,,,,,0.0,1.0,
1987-01-12,,,,,0.0,1.0,
1987-01-13,,,,,0.0,1.0,
1987-01-14,,,,,0.0,1.0,
1987-01-15,,,,,0.0,1.0,
1987-01-16,,,,,0.0,1.0,
1987-01-19,,,,,0.0,1.0,
1987-01-20,,,,,0.0,1.0,
1987-01-21,,,,,0.0,1.0,
1987-01-22,,,,,0.0,1.0,
1987-01-23,,,,,0.0,1.0,
1987-01-26,,,,,0.0,1.0,
1987-01-27,,,,,0.0,1.0,
1987-01-28,,,,,0.0,1.0,
1987-01-29,,,,,0.0,1.0,
1987-01-30,,,,,0.0,1.0,
1987-02-02,,,,,0.0,1.0,
1987-02-03,,,,,0.0,1.0,
1987-02-04,,,,,0.0,1.0,
1987-02-05,,,,,0.0,1.0,
1987-02-06,,,,,0.0,1.0,
1987-02-09,,,,,0.0,1.0,
1987-02-10,,,,,0.0,1.0,
1987-02-11,,,,,0.0,1.0,
1987-02-12,,,,,0.0,1.0,
1987-02-13,,,,,0.0,1.0,
1987-02-16,,,,,0.0,1.0,
1987-02-17,,,,,0.0,1.0,
1987-02-18,,,,,0.0,1.0,
1987-02-19,,,,,0.0,1.0,
1987-02-20,,,,,0.0,1.0,
1987-02-23,,,,,0.0,1.0,
1987-02-24,,,,,0.0,1.0,
1987-02-25,,,,,0.0,1.0,
1987-02-26,,,,,0.0,1.0,
1987-02-27,,,,,0.0,1.0,
1987-03-02,,,,,0.0,1.0,
1987-03-03,,,,,0.0,1.0,
1987-03-04,,,,,0.0,1.0,
1987-03-05,,,,,0.0,1.0,
1987-03-06,,,,,0.0,1.0,
1987-03-09,,,,,0.0,1.0,
1987-03-10,,,,,0.0,1.0,
1987-03-11,,,,,0.0,1.0,
1987-03-12,,,,,0.0,1.0,
1987-03-13,,,,,0.0,1.0,
1987-03-16,,,,,0.0,1.0,
1987-03-17,,,,,0.0,1.0,
1987-03-18,,,,,0.0,1.0,
1987-03-19,,,,,0.0,1.0,
1987-03-20,,,,,0.0,1.0,
1987-03-23,,,,,0.0,1.0,
1987-03-24,,,,,0.0,1.0,
1987-03-25,,,,,0.0,1.0,
1987-03-26,,,,,0.0,1.0,
1987-03-27,,,,,0.0,1.0,
1987-03-30,,,,,0.0,1.0,
1987-03-31,,,,,0.0,1.0,
1987-04-01,,,,,0.0,1.0,
1987-04-02,,,,,0.0,1.0,
1987-04-03,,,,,0.0,1.0,
1987-04-06,,,,,0.0,1.0,
1987-04-07,,,,,0.0,1.0,
1987-04-08,,,,,0.0,1.0,
1987-04-09,,,,,0.0,1.0,
1987-04-10,,,,,0.0,1.0,
1987-04-13,,,,,0.0,1.0,
1987-04-14,,,,,0.0,1.0,
1987-04-15,,,,,0.0,1.0,
1987-04-16,,,,,0.0,1.0,
1987-04-21,,,,,0.0,1.0,
1987-04-22,,,,,0.0,1.0,
1987-04-23,,,,,0.0,1.0,
1987-04-24,,,,,0.0,1.0,
1987-04-27,,,,,0.0,1.0,
1987-04-28,,,,,0.0,1.0,
1987-04-29,,,,,0.0,1.0,
1987-04-30,,,,,0.0,1.0,
1987-05-01,,,,,0.0,1.0,
1987-05-04,,,,,0.0,1.0,
1987-05-05,,,,,0.0,1.0,
1987-05-06,,,,,0.0,1.0,
1987-05-07,,,,,0.0,1.0,
1987-05-08,,,,,0.0,1.0,
1987-05-11,,,,,0.0,1.0,
1987-05-12,,,,,0.0,1.0,
1987-05-13,,,,,0.0,1.0,
1987-05-14,,,,,0.0,1.0,
1987-05-15,,,,,0.0,1.0,
1987-05-18,,,,,0.0,1.0,
1987-05-19,,,,,0.0,1.0,
1987-05-20,,,,,0.0,1.0,
1987-05-21,,,,,0.0,1.0,
1987-05-22,,,,,0.0,1.0,
1987-05-25,,,,,0.0,1.0,
1987-05-26,,,,,0.0,1.0,
1987-05-27,,,,,0.0,1.0,
1987-05-28,,,,,0.0,1.0,
1987-05-29,,,,,0.0,1.0,
1987-06-01,,,,,0.0,1.0,
1987-06-02,,,,,0.0,1.0,
1987-06-03,,,,,0.0,1.0,
1987-06-04,,,,,0.0,1.0,
1987-06-05,,,,,0.0,1.0,
1987-06-08,,,,,0.0,1.0,
1987-06-09,,,,,0.0,1.0,
1987-06-10,,,,,0.0,1.0,
1987-06-11,,,,,0.0,1.0,
1987-06-12,,,,,0.0,1.0,
1987-06-15,,,,,0.0,1.0,
1987-06-16,,,,,0.0,1.0,
1987-06-17,,,,,0.0,1.0,
1987-06-18,,,,,0.0,1.0,
1987-06-19,,,,,0.0,1.0,
1987-06-22,,,,,0.0,1.0,
1987-06-23,,,,,0.0,1.0,
1987-06-24,,,,,0.0,1.0,
1987-06-25,,,,,0.0,1.0,
1987-06-26,,,,,0.0,1.0,
1987-06-29,,,,,0.0,1.0,
1987-06-30,,,,,0.0,1.0,
1987-07-01,,,,,0.0,1.0,
1987-07-02,,,,,0.0,1.0,
1987-07-03,,,,,0.0,1.0,
1987-07-06,,,,,0.0,1.0,
1987-07-07,,,,,0.0,1.0,
1987-07-08,,,,,0.0,1.0,
1987-07-09,,,,,0.0,1.0,
1987-07-10,,,,,0.0,1.0,
1987-07-13,,,,,0.0,1.0,
1987-07-14,,,,,0.0,1.0,
1987-07-15,,,,,0.0,1.0,
1987-07-16,,,,,0.0,1.0,
1987-07-17,,,,,0.0,1.0,
1987-07-20,,,,,0.0,1.0,
1987-07-21,,,,,0.0,1.0,
1987-07-22,,,,,0.0,1.0,
1987-07-23,,,,,0.0,1.0,
1987-07-24,,,,,0.0,1.0,
1987-07-27,,,,,0.0,1.0,
1987-07-28,,,,,0.0,1.0,
1987-07-29,,,,,0.0,1.0,
1987-07-30,,,,,0.0,1.0,
1987-07-31,,,,,0.0,1.0,
1987-08-03,,,,,0.0,1.0,
1987-08-04,,,,,0.0,1.0,
1987-08-05,,,,,0.0,1.0,
1987-08-06,,,,,0.0,1.0,
1987-08-07,,,,,0.0,1.0,
1987-08-10,,,,,0.0,1.0,
1987-08-11,,,,,0.0,1.0,
1987-08-12,,,,,0.0,1.0,
1987-08-13,,,,,0.0,1.0,
1987-08-14,,,,,0.0,1.0,
1987-08-17,,,,,0.0,1.0,
1987-08-18,,,,,0.0,1.0,
1987-08-19,,,,,0.0,1.0,
1987-08-20,,,,,0.0,1.0,
1987-08-21,,,,,0.0,1.0,
1987-08-24,,,,,0.0,1.0,
1987-08-25,,,,,0.0,1.0,
1987-08-26,,,,,0.0,1.0,
1987-08-27,,,,,0.0,1.0,
1987-08-28,,,,,0.0,1.0,
1987-08-31,,,,,0.0,1.0,
1987-09-01,,,,,0.0,1.0,
1987-09-02,,,,,0.0,1.0,
1987-09-03,,,,,0.0,1.0,
1987-09-04,,,,,0.0,1.0,
1987-09-07,,,,,0.0,1.0,
1987-09-08,,,,,0.0,1.0,
1987-09-09,,,,,0.0,1.0,
1987-09-10,,,,,0.0,1.0,
1987-09-11,,,,,0.0,1.0,
1987-09-14,,,,,0.0,1.0,
1987-09-15,,,,,0.0,1.0,
1987-09-16,,,,,0.0,1.0,
1987-09-17,,,,,0.0,1.0,
1987-09-18,,,,,0.0,1.0,
1987-09-21,,,,,0.0,1.0,
1987-09-22,,,,,0.0,1.0,
1987-09-23,,,,,0.0,1.0,
1987-09-24,,,,,0.0,1.0,
1987-09-25,,,,,0.0,1.0,
1987-09-28,,,,,0.0,1.0,
1987-09-29,,,,,0.0,1.0,
1987-09-30,,,,,0.0,1.0,
1987-10-01,,,,,0.0,1.0,
1987-10-02,,,,,0.0,1.0,
1987-10-05,,,,,0.0,1.0,
1987-10-06,,,,,0.0,1.0,
1987-10-07,,,,,0.0,1.0,
1987-10-08,,,,,0.0,1.0,
1987-10-09,,,,,0.0,1.0,
1987-10-12,,,,,0.0,1.0,
1987-10-13,,,,,0.0,1.0,
1987-10-14,,,,,0.0,1.0,
1987-10-15,,,,,0.0,1.0,
1987-10-16,,,,,0.0,1.0,
1987-10-19,,,,,0.0,1.0,
1987-10-20,,,,,0.0,1.0,
1987-10-21,,,,,0.0,1.0,
1987-10-22,,,,,0.0,1.0,
1987-10-23,,,,,0.0,1.0,
1987-10-26,,,,,0.0,1.0,
1987-10-27,,,,,0.0,1.0,
1987-10-28,,,,,0.0,1.0,
1987-10-29,,,,,0.0,1.0,
1987-10-30,,,,,0.0,1.0,
1987-11-02,,,,,0.0,1.0,
1987-11-03,,,,,0.0,1.0,
1987-11-04,,,,,0.0,1.0,
1987-11-05,,,,,0.0,1.0,
1987-11-06,,,,,0.0,1.0,
1987-11-09,,,,,0.0,1.0,
1987-11-10,,,,,0.0,1.0,
1987-11-11,,,,,0.0,1.0,
1987-11-12,,,,,0.0,1.0,
1987-11-13,,,,,0.0,1.0,
1987-11-16,,,,,0.0,1.0,
1987-11-17,,,,,0.0,1.0,
1987-11-18,,,,,0.0,1.0,
1987-11-19,,,,,0.0,1.0,
1987-11-20,,,,,0.0,1.0,
1987-11-23,,,,,0.0,1.0,
1987-11-24,,,,,0.0,1.0,
1987-11-25,,,,,0.0,1.0,
1987-11-26,,,,,0.0,1.0,
1987-11-27,,,,,0.0,1.0,
1987-11-30,,,,,0.0,1.0,
1987-12-01,,,,,0.0,1.0,
1987-12-02,,,,,0.0,1.0,
1987-12-03,,,,,0.0,1.0,
1987-12-04,,,,,0.0,1.0,
1987-12-07,,,,,0.0,1.0,
1987-12-08,,,,,0.0,1.0,
1987-12-09,,,,,0.0,1.0,
1987-12-10,,,,,0.0,1.0,
1987-12-11,,,,,0.0,1.0,
1987-12-14,,,,,0.0,1.0,
1987-12-15,,,,,0.0,1.0,
1987-12-16,,,,,0.0,1.0,
1987-12-17,,,,,0.0,1.0,
1987-12-18,,,,,0.0,1.0,
1987-12-21,,,,,0.0,1.0,
1987-12-22,,,,,0.0,1.0,
1987-12-23,,,,,0.0,1.0,
1987-12-24,,,,,0.0,1.0,
1987-12-28,,,,,0.0,1.0,
1987-12-29,,,,,0.0,1.0,
1987-12-30,,,,,0.0,1.0,
1987-12-31,,,,,0.0,1.0,
1988-01-04,,,,,0.0,1.0,
1988-01-05,,,,,0.0,1.0,
1988-01-06,,,,,0.0,1.0,
1988-01-07,,,,,0.0,1.0,
1988-01-08,,,,,0.0,1.0,
1988-01-11,,,,,0.0,1.0,
1988-01-12,,,,,0.0,1.0,
1988-01-13,,,,,0.0,1.0,
1988-01-14,,,,,0.0,1.0,
1988-01-15,,,,,0.0,1.0,
1988-01-18,,,,,0.0,1.0,
1988-01-19,,,,,0.0,1.0,
1988-01-20,,,,,0.0,1.0,
1988-01-21,,,,,0.0,1.0,
1988-01-22,,,,,0.0,1.0,
1988-01-25,,,,,0.0,1.0,
1988-01-26,,,,,0.0,1.0,
1988-01-27,,,,,0.0,1.0,
1988-01-28,,,,,0.0,1.0,
1988-01-29,,,,,0.0,1.0,
1988-02-01,,,,,0.0,1.0,
1988-02-02,,,,,0.0,1.0,
1988-02-03,,,,,0.0,1.0,
1988-02-04,,,,,0.0,1.0,
1988-02-05,,,,,0.0,1.0,
1988-02-06,,,,,0.0,1.0,
1988-02-08,,,,,0.0,1.0,
1988-02-09,,,,,0.0,1.0,
1988-02-10,,,,,0.0,1.0,
1988-02-11,,,,,0.0,1.0,
1988-02-12,,,,,0.0,1.0,
1988-02-15,,,,,0.0,1.0,
1988-02-16,,,,,0.0,1.0,
1988-02-17,,,,,0.0,1.0,
1988-02-18,,,,,0.0,1.0,
1988-02-19,,,,,0.0,1.0,
1988-02-22,,,,,0.0,1.0,
1988-02-23,,,,,0.0,1.0,
1988-02-24,,,,,0.0,1.0,
1988-02-25,,,,,0.0,1.0,
1988-02-26,,,,,0.0,1.0,
1988-02-29,,,,,0.0,1.0,
1988-03-01,,,,,0.0,1.0,
1988-03-02,,,,,0.0,1.0,
1988-03-03,,,,,0.0,1.0,
1988-03-04,,,,,0.0,1.0,
1988-03-07,,,,,0.0,1.0,
1988-03-08,,,,,0.0,1.0,
1988-03-09,,,,,0.0,1.0,
1988-03-10,,,,,0.0,1.0,
1988-03-11,,,,,0.0,1.0,
1988-03-14,,,,,0.0,1.0,
1988-03-15,,,,,0.0,1.0,
1988-03-16,,,,,0.0,1.0,
1988-03-17,,,,,0.0,1.0,
1988-03-18,,,,,0.0,1.0,
1988-03-21,,,,,0.0,1.0,
1988-03-22,,,,,0.0,1.0,
1988-03-23,,,,,0.0,1.0,
1988-03-24,,,,,0.0,1.0,
1988-03-25,,,,,0.0,1.0,
1988-03-28,,,,,0.0,1.0,
1988-03-29,,,,,0.0,1.0,
1988-03-30,,,,,0.0,1.0,
1988-03-31,,,,,0.0,1.0,
1988-04-05,,,,,0.0,1.0,
1988-04-06,,,,,0.0,1.0,
1988-04-07,,,,,0.0,1.0,
1988-04-08,,,,,0.0,1.0,
1988-04-11,,,,,0.0,1.0,
1988-04-12,,,,,0.0,1.0,
1988-04-13,,,,,0.0,1.0,
1988-04-14,,,,,0.0,1.0,
1988-04-15,,,,,0.0,1.0,
1988-04-18,,,,,0.0,1.0,
1988-04-19,,,,,0.0,1.0,
1988-04-20,,,,,0.0,1.0,
1988-04-21,,,,,0.0,1.0,
1988-04-22,,,,,0.0,1.0,
1988-04-25,,,,,0.0,1.0,
1988-04-26,,,,,0.0,1.0,
1988-04-27,,,,,0.0,1.0,
1988-04-28,,,,,0.0,1.0,
1988-04-29,,,,,0.0,1.0,
1988-05-02,,,,,0.0,1.0,
1988-05-03,,,,,0.0,1.0,
1988-05-04,,,,,0.0,1.0,
1988-05-05,,,,,0.0,1.0,
1988-05-06,,,,,0.0,1.0,
1988-05-09,,,,,0.0,1.0,
1988-05-10,,,,,0.0,1.0,
1988-05-11,,,,,0.0,1.0,
1988-05-12,,,,,0.0,1.0,
1988-05-13,,,,,0.0,1.0,
1988-05-16,,,,,0.0,1.0,
1988-05-17,,,,,0.0,1.0,
1988-05-18,,,,,0.0,1.0,
1988-05-19,,,,,0.0,1.0,
1988-05-20,,,,,0.0,1.0,
1988-05-23,,,,,0.0,1.0,
1988-05-24,,,,,0.0,1.0,
1988-05-25,,,,,0.0,1.0,
1988-05-26,,,,,0.0,1.0,
1988-05-27,,,,,0.0,1.0,
1988-05-30,,,,,0.0,1.0,
1988-05-31,,,,,0.0,1.0,
1988-06-01,,,,,0.0,1.0,
1988-06-02,,,,,0.0,1.0,
1988-06-03,,,,,0.0,1.0,
1988-06-06,,,,,0.0,1.0,
1988-06-07,,,,,0.0,1.0,
1988-06-08,,,,,0.0,1.0,
1988-06-09,,,,,0.0,1.0,
1988-06-10,,,,,0.0,1.0,
1988-06-13,,,,,0.0,1.0,
1988-06-14,,,,,0.0,1.0,
1988-06-15,,,,,0.0,1.0,
1988-06-16,,,,,0.0,1.0,
1988-06-17,,,,,0.0,1.0,
1988-06-20,,,,,0.0,1.0,
1988-06-21,,,,,0.0,1.0,
1988-06-22,,,,,0.0,1.0,
1988-06-23,,,,,0.0,1.0,
1988-06-24,,,,,0.0,1.0,
1988-06-27,,,,,0.0,1.0,
1988-06-28,,,,,0.0,1.0,
1988-06-29,,,,,0.0,1.0,
1988-06-30,,,,,0.0,1.0,
1988-07-01,,,,,0.0,1.0,
1988-07-04,,,,,0.0,1.0,
1988-07-05,,,,,0.0,1.0,
1988-07-06,,,,,0.0,1.0,
1988-07-07,,,,,0.0,1.0,
1988-07-08,,,,,0.0,1.0,
1988-07-11,,,,,0.0,1.0,
1988-07-12,,,,,0.0,1.0,
1988-07-13,,,,,0.0,1.0,
1988-07-14,,,,,0.0,1.0,
1988-07-15,,,,,0.0,1.0,
1988-07-18,,,,,0.0,1.0,
1988-07-19,,,,,0.0,1.0,
1988-07-20,,,,,0.0,1.0,
1988-07-21,,,,,0.0,1.0,
1988-07-22,,,,,0.0,1.0,
1988-07-25,,,,,0.0,1.0,
1988-07-26,,,,,0.0,1.0,
1988-07-27,,,,,0.0,1.0,
1988-07-28,,,,,0.0,1.0,
1988-07-29,,,,,0.0,1.0,
1988-08-01,,,,,0.0,1.0,
1988-08-02,,,,,0.0,1.0,
1988-08-03,,,,,0.0,1.0,
1988-08-04,,,,,0.0,1.0,
1988-08-05,,,,,0.0,1.0,
1988-08-08,,,,,0.0,1.0,
1988-08-09,,,,,0.0,1.0,
1988-08-10,,,,,0.0,1.0,
1988-08-11,,,,,0.0,1.0,
1988-08-12,,,,,0.0,1.0,
1988-08-15,,,,,0.0,1.0,
1988-08-16,,,,,0.0,1.0,
1988-08-17,,,,,0.0,1.0,
1988-08-18,,,,,0.0,1.0,
1988-08-19,,,,,0.0,1.0,
1988-08-22,,,,,0.0,1.0,
1988-08-23,,,,,0.0,1.0,
1988-08-24,,,,,0.0,1.0,
1988-08-25,,,,,0.0,1.0,
1988-08-26,,,,,0.0,1.0,
1988-08-29,,,,,0.0,1.0,
1988-08-30,,,,,0.0,1.0,
1988-08-31,,,,,0.0,1.0,
1988-09-01,,,,,0.0,1.0,
1988-09-02,,,,,0.0,1.0,
1988-09-05,,,,,0.0,1.0,
1988-09-06,,,,,0.0,1.0,
1988-09-07,,,,,0.0,1.0,
1988-09-08,,,,,0.0,1.0,
1988-09-09,,,,,0.0,1.0,
1988-09-12,,,,,0.0,1.0,
1988-09-13,,,,,0.0,1.0,
1988-09-14,,,,,0.0,1.0,
1988-09-15,,,,,0.0,1.0,
1988-09-16,,,,,0.0,1.0,
1988-09-19,,,,,0.0,1.0,
1988-09-20,,,,,0.0,1.0,
1988-09-21,,,,,0.0,1.0,
1988-09-22,,,,,0.0,1.0,
1988-09-23,,,,,0.0,1.0,
1988-09-26,,,,,0.0,1.0,
1988-09-27,,,,,0.0,1.0,
1988-09-28,,,,,0.0,1.0,
1988-09-29,,,,,0.0,1.0,
1988-09-30,,,,,0.0,1.0,
1988-10-03,,,,,0.0,1.0,
1988-10-04,,,,,0.0,1.0,
1988-10-05,,,,,0.0,1.0,
1988-10-06,,,,,0.0,1.0,
1988-10-07,,,,,0.0,1.0,
1988-10-10,,,,,0.0,1.0,
1988-10-11,,,,,0.0,1.0,
1988-10-12,,,,,0.0,1.0,
1988-10-13,,,,,0.0,1.0,
1988-10-14,,,,,0.0,1.0,
1988-10-17,,,,,0.0,1.0,
1988-10-18,,,,,0.0,1.0,
1988-10-19,,,,,0.0,1.0,
1988-10-20,,,,,0.0,1.0,
1988-10-21,,,,,0.0,1.0,
1988-10-24,,,,,0.0,1.0,
1988-10-25,,,,,0.0,1.0,
1988-10-26,,,,,0.0,1.0,
1988-10-27,,,,,0.0,1.0,
1988-10-28,,,,,0.0,1.0,
1988-10-31,,,,,0.0,1.0,
1988-11-01,,,,,0.0,1.0,
1988-11-02,,,,,0.0,1.0,
1988-11-03,,,,,0.0,1.0,
1988-11-04,,,,,0.0,1.0,
1988-11-07,,,,,0.0,1.0,
1988-11-08,,,,,0.0,1.0,
1988-11-09,,,,,0.0,1.0,
1988-11-10,,,,,0.0,1.0,
1988-11-11,,,,,0.0,1.0,
1988-11-14,,,,,0.0,1.0,
1988-11-15,,,,,0.0,1.0,
1988-11-16,,,,,0.0,1.0,
1988-11-17,,,,,0.0,1.0,
1988-11-18,,,,,0.0,1.0,
1988-11-21,,,,,0.0,1.0,
1988-11-22,,,,,0.0,1.0,
1988-11-23,,,,,0.0,1.0,
1988-11-24,,,,,0.0,1.0,
1988-11-25,,,,,0.0,1.0,
1988-11-28,,,,,0.0,1.0,
1988-11-29,,,,,0.0,1.0,
1988-11-30,,,,,0.0,1.0,
1988-12-01,,,,,0.0,1.0,
1988-12-02,,,,,0.0,1.0,
1988-12-05,,,,,0.0,1.0,
1988-12-06,,,,,0.0,1.0,
1988-12-07,,,,,0.0,1.0,
1988-12-08,,,,,0.0,1.0,
1988-12-09,,,,,0.0,1.0,
1988-12-12,,,,,0.0,1.0,
1988-12-13,,,,,0.0,1.0,
1988-12-14,,,,,0.0,1.0,
1988-12-15,,,,,0.0,1.0,
1988-12-16,,,,,0.0,1.0,
1988-12-19,,,,,0.0,1.0,
1988-12-20,,,,,0.0,1.0,
1988-12-21,,,,,0.0,1.0,
1988-12-22,,,,,0.0,1.0,
1988-12-23,,,,,0.0,1.0,
1988-12-26,,,,,0.0,1.0,
1988-12-27,,,,,0.0,1.0,
1988-12-28,,,,,0.0,1.0,
1988-12-29,,,,,0.0,1.0,
1988-12-30,,,,,0.0,1.0,
1989-01-02,,,,,0.0,1.0,
1989-01-03,,,,,0.0,1.0,
1989-01-04,,,,,0.0,1.0,
1989-01-05,,,,,0.0,1.0,
1989-01-06,,,,,0.0,1.0,
1989-01-09,,,,,0.0,1.0,
1989-01-10,,,,,0.0,1.0,
1989-01-11,,,,,0.0,1.0,
1989-01-12,,,,,0.0,1.0,
1989-01-13,,,,,0.0,1.0,
1989-01-16,,,,,0.0,1.0,
1989-01-17,,,,,0.0,1.0,
1989-01-18,,,,,0.0,1.0,
1989-01-19,,,,,0.0,1.0,
1989-01-20,,,,,0.0,1.0,
1989-01-23,,,,,0.0,1.0,
1989-01-24,,,,,0.0,1.0,
1989-01-25,,,,,0.0,1.0,
1989-01-26,,,,,0.0,1.0,
1989-01-27,,,,,0.0,1.0,
1989-01-30,,,,,0.0,1.0,
1989-01-31,,,,,0.0,1.0,
1989-02-01,,,,,0.0,1.0,
1989-02-02,,,,,0.0,1.0,
1989-02-03,,,,,0.0,1.0,
1989-02-06,,,,,0.0,1.0,
1989-02-07,,,,,0.0,1.0,
1989-02-08,,,,,0.0,1.0,
1989-02-09,,,,,0.0,1.0,
1989-02-10,,,,,0.0,1.0,
1989-02-13,,,,,0.0,1.0,
1989-02-14,,,,,0.0,1.0,
1989-02-15,,,,,0.0,1.0,
1989-02-16,,,,,0.0,1.0,
1989-02-17,,,,,0.0,1.0,
1989-02-20,,,,,0.0,1.0,
1989-02-21,,,,,0.0,1.0,
1989-02-22,,,,,0.0,1.0,
1989-02-23,,,,,0.0,1.0,
1989-02-24,,,,,0.0,1.0,
1989-02-27,,,,,0.0,1.0,
1989-02-28,,,,,0.0,1.0,
1989-03-01,,,,,0.0,1.0,
1989-03-02,,,,,0.0,1.0,
1989-03-03,,,,,0.0,1.0,
1989-03-06,,,,,0.0,1.0,
1989-03-07,,,,,0.0,1.0,
1989-03-08,,,,,0.0,1.0,
1989-03-09,,,,,0.0,1.0,
1989-03-10,,,,,0.0,1.0,
1989-03-13,,,,,0.0,1.0,
1989-03-14,,,,,0.0,1.0,
1989-03-15,,,,,0.0,1.0,
1989-03-16,,,,,0.0,1.0,
1989-03-17,,,,,0.0,1.0,
1989-03-20,,,,,0.0,1.0,
1989-03-21,,,,,0.0,1.0,
1989-03-22,,,,,0.0,1.0,
1989-03-23,,,,,0.0,1.0,
1989-03-24,,,,,0.0,1.0,
1989-03-27,,,,,0.0,1.0,
1989-03-28,,,,,0.0,1.0,
1989-03-29,,,,,0.0,1.0,
1989-03-30,,,,,0.0,1.0,
1989-03-31,,,,,0.0,1.0,
1989-04-03,,,,,0.0,1.0,
1989-04-04,,,,,0.0,1.0,
1989-04-05,,,,,0.0,1.0,
1989-04-06,,,,,0.0,1.0,
1989-04-07,,,,,0.0,1.0,
1989-04-10,,,,,0.0,1.0,
1989-04-11,,,,,0.0,1.0,
1989-04-12,,,,,0.0,1.0,
1989-04-13,,,,,0.0,1.0,
1989-04-14,,,,,0.0,1.0,
1989-04-17,,,,,0.0,1.0,
1989-04-18,,,,,0.0,1.0,
1989-04-19,,,,,0.0,1.0,
1989-04-20,,,,,0.0,1.0,
1989-04-21,,,,,0.0,1.0,
1989-04-24,,,,,0.0,1.0,
1989-04-25,,,,,0.0,1.0,
1989-04-26,,,,,0.0,1.0,
1989-04-27,,,,,0.0,1.0,
1989-04-28,,,,,0.0,1.0,
1989-05-01,,,,,0.0,1.0,
1989-05-02,,,,,0.0,1.0,
1989-05-03,,,,,0.0,1.0,
1989-05-04,,,,,0.0,1.0,
1989-05-05,,,,,0.0,1.0,
1989-05-08,,,,,0.0,1.0,
1989-05-09,,,,,0.0,1.0,
1989-05-10,,,,,0.0,1.0,
1989-05-11,,,,,0.0,1.0,
1989-05-12,,,,,0.0,1.0,
1989-05-15,,,,,0.0,1.0,
1989-05-16,,,,,0.0,1.0,
1989-05-17,,,,,0.0,1.0,
1989-05-18,,,,,0.0,1.0,
1989-05-19,,,,,0.0,1.0,
1989-05-22,,,,,0.0,1.0,
1989-05-23,,,,,0.0,1.0,
1989-05-24,,,,,0.0,1.0,
1989-05-25,,,,,0.0,1.0,
1989-05-26,,,,,0.0,1.0,
1989-05-29,,,,,0.0,1.0,
1989-05-30,,,,,0.0,1.0,
1989-05-31,,,,,0.0,1.0,
1989-06-01,,,,,0.0,1.0,
1989-06-02,,,,,0.0,1.0,
1989-06-05,,,,,0.0,1.0,
1989-06-06,,,,,0.0,1.0,
1989-06-07,,,,,0.0,1.0,
1989-06-08,,,,,0.0,1.0,
1989-06-09,,,,,0.0,1.0,
1989-06-12,,,,,0.0,1.0,
1989-06-13,,,,,0.0,1.0,
1989-06-14,,,,,0.0,1.0,
1989-06-15,,,,,0.0,1.0,
1989-06-16,,,,,0.0,1.0,
1989-06-19,,,,,0.0,1.0,
1989-06-20,,,,,0.0,1.0,
1989-06-21,,,,,0.0,1.0,
1989-06-22,,,,,0.0,1.0,
1989-06-23,,,,,0.0,1.0,
1989-06-26,,,,,0.0,1.0,
1989-06-27,,,,,0.0,1.0,
1989-06-28,,,,,0.0,1.0,
1989-06-29,,,,,0.0,1.0,
1989-06-30,,,,,0.0,1.0,
1989-07-03,,,,,0.0,1.0,
1989-07-04,,,,,0.0,1.0,
1989-07-05,,,,,0.0,1.0,
1989-07-06,,,,,0.0,1.0,
1989-07-07,,,,,0.0,1.0,
1989-07-10,,,,,0.0,1.0,
1989-07-11,,,,,0.0,1.0,
1989-07-12,,,,,0.0,1.0,
1989-07-13,,,,,0.0,1.0,
1989-07-14,,,,,0.0,1.0,
1989-07-17,,,,,0.0,1.0,
1989-07-18,,,,,0.0,1.0,
1989-07-19,,,,,0.0,1.0,
1989-07-20,,,,,0.0,1.0,
1989-07-21,,,,,0.0,1.0,
1989-07-24,,,,,0.0,1.0,
1989-07-25,,,,,0.0,1.0,
1989-07-26,,,,,0.0,1.0,
1989-07-27,,,,,0.0,1.0,
1989-07-28,,,,,0.0,1.0,
1989-07-31,,,,,0.0,1.0,
1989-08-01,,,,,0.0,1.0,
1989-08-02,,,,,0.0,1.0,
1989-08-03,,,,,0.0,1.0,
1989-08-04,,,,,0.0,1.0,
1989-08-07,,,,,0.0,1.0,
1989-08-08,,,,,0.0,1.0,
1989-08-09,,,,,0.0,1.0,
1989-08-10,,,,,0.0,1.0,
1989-08-11,,,,,0.0,1.0,
1989-08-14,,,,,0.0,1.0,
1989-08-15,,,,,0.0,1.0,
1989-08-16,,,,,0.0,1.0,
1989-08-17,,,,,0.0,1.0,
1989-08-18,,,,,0.0,1.0,
1989-08-21,,,,,0.0,1.0,
1989-08-22,,,,,0.0,1.0,
1989-08-23,,,,,0.0,1.0,
1989-08-24,,,,,0.0,1.0,
1989-08-25,,,,,0.0,1.0,
1989-08-28,,,,,0.0,1.0,
1989-08-29,,,,,0.0,1.0,
1989-08-30,,,,,0.0,1.0,
1989-08-31,,,,,0.0,1.0,
1989-09-01,,,,,0.0,1.0,
1989-09-04,,,,,0.0,1.0,
1989-09-05,,,,,0.0,1.0,
1989-09-06,,,,,0.0,1.0,
1989-09-07,,,,,0.0,1.0,
1989-09-08,,,,,0.0,1.0,
1989-09-11,,,,,0.0,1.0,
1989-09-12,,,,,0.0,1.0,
1989-09-13,,,,,0.0,1.0,
1989-09-14,,,,,0.0,1.0,
1989-09-15,,,,,0.0,1.0,
1989-09-18,,,,,0.0,1.0,
1989-09-19,,,,,0.0,1.0,
1989-09-20,,,,,0.0,1.0,
1989-09-21,,,,,0.0,1.0,
1989-09-22,,,,,0.0,1.0,
1989-09-25,,,,,0.0,1.0,
1989-09-26,,,,,0.0,1.0,
1989-09-27,,,,,0.0,1.0,
1989-09-28,,,,,0.0,1.0,
1989-09-29,,,,,0.0,1.0,
1989-10-02,,,,,0.0,1.0,
1989-10-03,,,,,0.0,1.0,
1989-10-04,,,,,0.0,1.0,
1989-10-05,,,,,0.0,1.0,
1989-10-06,,,,,0.0,1.0,
1989-10-09,,,,,0.0,1.0,
1989-10-10,,,,,0.0,1.0,
1989-10-11,,,,,0.0,1.0,
1989-10-12,,,,,0.0,1.0,
1989-10-13,,,,,0.0,1.0,
1989-10-16,,,,,0.0,1.0,
1989-10-17,,,,,0.0,1.0,
1989-10-18,,,,,0.0,1.0,
1989-10-19,,,,,0.0,1.0,
1989-10-20,,,,,0.0,1.0,
1989-10-23,,,,,0.0,1.0,
1989-10-24,,,,,0.0,1.0,
1989-10-25,,,,,0.0,1.0,
1989-10-26,,,,,0.0,1.0,
1989-10-27,,,,,0.0,1.0,
1989-10-30,,,,,0.0,1.0,
1989-10-31,,,,,0.0,1.0,
1989-11-01,,,,,0.0,1.0,
1989-11-02,,,,,0.0,1.0,
1989-11-03,,,,,0.0,1.0,
1989-11-06,,,,,0.0,1.0,
1989-11-07,,,,,0.0,1.0,
1989-11-08,,,,,0.0,1.0,
1989-11-09,,,,,0.0,1.0,
1989-11-10,,,,,0.0,1.0,
1989-11-13,,,,,0.0,1.0,
1989-11-14,,,,,0.0,1.0,
1989-11-15,,,,,0.0,1.0,
1989-11-16,,,,,0.0,1.0,
1989-11-17,,,,,0.0,1.0,
1989-11-20,,,,,0.0,1.0,
1989-11-21,,,,,0.0,1.0,
1989-11-22,,,,,0.0,1.0,
1989-11-23,,,,,0.0,1.0,
1989-11-24,,,,,0.0,1.0,
1989-11-27,,,,,0.0,1.0,
1989-11-28,,,,,0.0,1.0,
1989-11-29,,,,,0.0,1.0,
1989-11-30,,,,,0.0,1.0,
1989-12-01,,,,,0.0,1.0,
1989-12-04,,,,,0.0,1.0,
1989-12-05,,,,,0.0,1.0,
1989-12-06,,,,,0.0,1.0,
1989-12-07,,,,,0.0,1.0,
1989-12-08,,,,,0.0,1.0,
1989-12-11,,,,,0.0,1.0,
1989-12-12,,,,,0.0,1.0,
1989-12-13,,,,,0.0,1.0,
1989-12-14,,,,,0.0,1.0,
1989-12-15,,,,,0.0,1.0,
1989-12-18,,,,,0.0,1.0,
1989-12-19,,,,,0.0,1.0,
1989-12-20,,,,,0.0,1.0,
1989-12-21,,,,,0.0,1.0,
1989-12-22,,,,,0.0,1.0,
1989-12-25,,,,,0.0,1.0,
1989-12-26,,,,,0.0,1.0,
1989-12-27,,,,,0.0,1.0,
1989-12-28,,,,,0.0,1.0,
1989-12-29,,,,,0.0,1.0,
1990-01-01,,,,,0.0,1.0,
1990-01-02,,,,,0.0,1.0,
1990-01-03,,,,,0.0,1.0,
1990-01-04,,,,,0.0,1.0,
1990-01-05,,,,,0.0,1.0,
1990-01-08,,,,,0.0,1.0,
1990-01-09,,,,,0.0,1.0,
1990-01-10,,,,,0.0,1.0,
1990-01-11,,,,,0.0,1.0,
1990-01-12,,,,,0.0,1.0,
1990-01-15,,,,,0.0,1.0,
1990-01-16,,,,,0.0,1.0,
1990-01-17,,,,,0.0,1.0,
1990-01-18,,,,,0.0,1.0,
1990-01-19,,,,,0.0,1.0,
1990-01-22,,,,,0.0,1.0,
1990-01-23,,,,,0.0,1.0,
1990-01-24,,,,,0.0,1.0,
1990-01-25,,,,,0.0,1.0,
1990-01-26,,,,,0.0,1.0,
1990-01-29,,,,,0.0,1.0,
1990-01-30,,,,,0.0,1.0,
1990-01-31,,,,,0.0,1.0,
1990-02-01,,,,,0.0,1.0,
1990-02-02,,,,,0.0,1.0,
1990-02-05,,,,,0.0,1.0,
1990-02-06,,,,,0.0,1.0,
1990-02-07,,,,,0.0,1.0,
1990-02-08,,,,,0.0,1.0,
1990-02-09,,,,,0.0,1.0,
1990-02-12,,,,,0.0,1.0,
1990-02-13,,,,,0.0,1.0,
1990-02-14,,,,,0.0,1.0,
1990-02-15,,,,,0.0,1.0,
1990-02-16,,,,,0.0,1.0,
1990-02-19,,,,,0.0,1.0,
1990-02-20,,,,,0.0,1.0,
1990-02-21,,,,,0.0,1.0,
1990-02-22,,,,,0.0,1.0,
1990-02-23,,,,,0.0,1.0,
1990-02-26,,,,,0.0,1.0,
1990-02-27,,,,,0.0,1.0,
1990-02-28,,,,,0.0,1.0,
1990-03-01,,,,,0.0,1.0,
1990-03-02,,,,,0.0,1.0,
1990-03-05,,,,,0.0,1.0,
1990-03-06,,,,,0.0,1.0,
1990-03-07,,,,,0.0,1.0,
1990-03-08,,,,,0.0,1.0,
1990-03-09,,,,,0.0,1.0,
1990-03-12,,,,,0.0,1.0,
1990-03-13,,,,,0.0,1.0,
1990-03-14,,,,,0.0,1.0,
1990-03-15,,,,,0.0,1.0,
1990-03-16,,,,,0.0,1.0,
1990-03-19,,,,,0.0,1.0,
1990-03-20,,,,,0.0,1.0,
1990-03-21,,,,,0.0,1.0,
1990-03-22,,,,,0.0,1.0,
1990-03-23,,,,,0.0,1.0,
1990-03-26,,,,,0.0,1.0,
1990-03-27,,,,,0.0,1.0,
1990-03-28,,,,,0.0,1.0,
1990-03-29,,,,,0.0,1.0,
1990-03-30,,,,,0.0,1.0,
1990-04-02,,,,,0.0,1.0,
1990-04-03,,,,,0.0,1.0,
1990-04-04,,,,,0.0,1.0,
1990-04-05,,,,,0.0,1.0,
1990-04-06,,,,,0.0,1.0,
1990-04-09,,,,,0.0,1.0,
1990-04-10,,,,,0.0,1.0,
1990-04-11,,,,,0.0,1.0,
1990-04-12,,,,,0.0,1.0,
1990-04-13,,,,,0.0,1.0,
1990-04-16,,,,,0.0,1.0,
1990-04-17,,,,,0.0,1.0,
1990-04-18,,,,,0.0,1.0,
1990-04-19,,,,,0.0,1.0,
1990-04-20,,,,,0.0,1.0,
1990-04-23,,,,,0.0,1.0,
1990-04-24,,,,,0.0,1.0,
1990-04-25,,,,,0.0,1.0,
1990-04-26,,,,,0.0,1.0,
1990-04-27,,,,,0.0,1.0,
1990-04-30,,,,,0.0,1.0,
1990-05-01,,,,,0.0,1.0,
1990-05-02,,,,,0.0,1.0,
1990-05-03,,,,,0.0,1.0,
1990-05-04,,,,,0.0,1.0,
1990-05-07,,,,,0.0,1.0,
1990-05-08,,,,,0.0,1.0,
1990-05-09,,,,,0.0,1.0,
1990-05-10,,,,,0.0,1.0,
1990-05-11,,,,,0.0,1.0,
1990-05-14,,,,,0.0,1.0,
1990-05-15,,,,,0.0,1.0,
1990-05-16,,,,,0.0,1.0,
1990-05-17,,,,,0.0,1.0,
1990-05-18,,,,,0.0,1.0,
1990-05-21,,,,,0.0,1.0,
1990-05-22,,,,,0.0,1.0,
1990-05-23,,,,,0.0,1.0,
1990-05-24,,,,,0.0,1.0,
1990-05-25,,,,,0.0,1.0,
1990-05-28,,,,,0.0,1.0,
1990-05-29,,,,,0.0,1.0,
1990-05-30,,,,,0.0,1.0,
1990-05-31,,,,,0.0,1.0,
1990-06-01,,,,,0.0,1.0,
1990-06-04,,,,,0.0,1.0,
1990-06-05,,,,,0.0,1.0,
1990-06-06,,,,,0.0,1.0,
1990-06-07,,,,,0.0,1.0,
1990-06-08,,,,,0.0,1.0,
1990-06-11,,,,,0.0,1.0,
1990-06-12,,,,,0.0,1.0,
1990-06-13,,,,,0.0,1.0,
1990-06-14,,,,,0.0,1.0,
1990-06-15,,,,,0.0,1.0,
1990-06-18,,,,,0.0,1.0,
1990-06-19,,,,,0.0,1.0,
1990-06-20,,,,,0.0,1.0,
1990-06-21,,,,,0.0,1.0,
1990-06-22,,,,,0.0,1.0,
1990-06-25,,,,,0.0,1.0,
1990-06-26,,,,,0.0,1.0,
1990-06-27,,,,,0.0,1.0,
1990-06-28,,,,,0.0,1.0,
1990-06-29,,,,,0.0,1.0,
1990-07-02,,,,,0.0,1.0,
1990-07-03,,,,,0.0,1.0,
1990-07-04,,,,,0.0,1.0,
1990-07-05,,,,,0.0,1.0,
1990-07-06,,,,,0.0,1.0,
1990-07-09,,,,,0.0,1.0,
1990-07-10,,,,,0.0,1.0,
1990-07-11,,,,,0.0,1.0,
1990-07-12,,,,,0.0,1.0,
1990-07-13,,,,,0.0,1.0,
1990-07-16,,,,,0.0,1.0,
1990-07-17,,,,,0.0,1.0,
1990-07-18,,,,,0.0,1.0,
1990-07-19,,,,,0.0,1.0,
1990-07-20,,,,,0.0,1.0,
1990-07-23,,,,,0.0,1.0,
1990-07-24,,,,,0.0,1.0,
1990-07-25,,,,,0.0,1.0,
1990-07-26,,,,,0.0,1.0,
1990-07-27,,,,,0.0,1.0,
1990-07-30,,,,,0.0,1.0,
1990-07-31,,,,,0.0,1.0,
1990-08-01,,,,,0.0,1.0,
1990-08-02,,,,,0.0,1.0,
1990-08-03,,,,,0.0,1.0,
1990-08-06,,,,,0.0,1.0,
1990-08-07,,,,,0.0,1.0,
1990-08-08,,,,,0.0,1.0,
1990-08-09,,,,,0.0,1.0,
1990-08-10,,,,,0.0,1.0,
1990-08-13,,,,,0.0,1.0,
1990-08-14,,,,,0.0,1.0,
1990-08-15,,,,,0.0,1.0,
1990-08-16,,,,,0.0,1.0,
1990-08-17,,,,,0.0,1.0,
1990-08-20,,,,,0.0,1.0,
1990-08-21,,,,,0.0,1.0,
1990-08-22,,,,,0.0,1.0,
1990-08-23,,,,,0.0,1.0,
1990-08-24,,,,,0.0,1.0,
1990-08-27,,,,,0.0,1.0,
1990-08-28,,,,,0.0,1.0,
1990-08-29,,,,,0.0,1.0,
1990-08-30,,,,,0.0,1.0,
1990-08-31,,,,,0.0,1.0,
1990-09-03,,,,,0.0,1.0,
1990-09-04,,,,,0.0,1.0,
1990-09-05,,,,,0.0,1.0,
1990-09-06,,,,,0.0,1.0,
1990-09-07,,,,,0.0,1.0,
1990-09-10,,,,,0.0,1.0,
1990-09-11,,,,,0.0,1.0,
1990-09-12,,,,,0.0,1.0,
1990-09-13,,,,,0.0,1.0,
1990-09-14,,,,,0.0,1.0,
1990-09-17,,,,,0.0,1.0,
1990-09-18,,,,,0.0,1.0,
1990-09-19,,,,,0.0,1.0,
1990-09-20,,,,,0.0,1.0,
1990-09-21,,,,,0.0,1.0,
1990-09-24,,,,,0.0,1.0,
1990-09-25,,,,,0.0,1.0,
1990-09-26,,,,,0.0,1.0,
1990-09-27,,,,,0.0,1.0,
1990-09-28,,,,,0.0,1.0,
1990-10-01,,,,,0.0,1.0,
1990-10-02,,,,,0.0,1.0,
1990-10-03,,,,,0.0,1.0,
1990-10-04,,,,,0.0,1.0,
1990-10-05,,,,,0.0,1.0,
1990-10-08,,,,,0.0,1.0,
1990-10-09,,,,,0.0,1.0,
1990-10-10,,,,,0.0,1.0,
1990-10-11,,,,,0.0,1.0,
1990-10-12,,,,,0.0,1.0,
1990-10-15,,,,,0.0,1.0,
1990-10-16,,,,,0.0,1.0,
1990-10-17,,,,,0.0,1.0,
1990-10-18,,,,,0.0,1.0,
1990-10-19,,,,,0.0,1.0,
1990-10-22,,,,,0.0,1.0,
1990-10-23,,,,,0.0,1.0,
1990-10-24,,,,,0.0,1.0,
1990-10-25,,,,,0.0,1.0,
1990-10-26,,,,,0.0,1.0,
1990-10-29,,,,,0.0,1.0,
1990-10-30,,,,,0.0,1.0,
1990-10-31,,,,,0.0,1.0,
1990-11-01,,,,,0.0,1.0,
1990-11-02,,,,,0.0,1.0,
1990-11-05,,,,,0.0,1.0,
1990-11-06,,,,,0.0,1.0,
1990-11-07,,,,,0.0,1.0,
1990-11-08,,,,,0.0,1.0,
1990-11-09,,,,,0.0,1.0,
1990-11-12,,,,,0.0,1.0,
1990-11-13,,,,,0.0,1.0,
1990-11-14,,,,,0.0,1.0,
1990-11-15,,,,,0.0,1.0,
1990-11-16,,,,,0.0,1.0,
1990-11-19,,,,,0.0,1.0,
1990-11-20,,,,,0.0,1.0,
1990-11-21,,,,,0.0,1.0,
1990-11-22,,,,,0.0,1.0,
1990-11-23,,,,,0.0,1.0,
1990-11-26,,,,,0.0,1.0,
1990-11-27,,,,,0.0,1.0,
1990-11-28,,,,,0.0,1.0,
1990-11-29,,,,,0.0,1.0,
1990-11-30,,,,,0.0,1.0,
1990-12-03,,,,,0.0,1.0,
1990-12-04,,,,,0.0,1.0,
1990-12-05,,,,,0.0,1.0,
1990-12-06,,,,,0.0,1.0,
1990-12-07,,,,,0.0,1.0,
1990-12-10,,,,,0.0,1.0,
1990-12-11,,,,,0.0,1.0,
1990-12-12,,,,,0.0,1.0,
1990-12-13,,,,,0.0,1.0,
1990-12-14,,,,,0.0,1.0,
1990-12-17,,,,,0.0,1.0,
1990-12-18,,,,,0.0,1.0,
1990-12-19,,,,,0.0,1.0,
1990-12-20,,,,,0.0,1.0,
1990-12-21,,,,,0.0,1.0,
1990-12-24,,,,,0.0,1.0,
1990-12-25,,,,,0.0,1.0,
1990-12-26,,,,,0.0,1.0,
1990-12-27,,,,,0.0,1.0,
1990-12-28,,,,,0.0,1.0,
1990-12-31,,,,,0.0,1.0,
1991-01-01,,,,,0.0,1.0,
1991-01-02,,,,,0.0,1.0,
1991-01-03,,,,,0.0,1.0,
1991-01-04,,,,,0.0,1.0,
1991-01-07,,,,,0.0,1.0,
1991-01-08,,,,,0.0,1.0,
1991-01-09,,,,,0.0,1.0,
1991-01-10,,,,,0.0,1.0,
1991-01-11,,,,,0.0,1.0,
1991-01-14,,,,,0.0,1.0,
1991-01-15,,,,,0.0,1.0,
1991-01-16,,,,,0.0,1.0,
1991-01-17,,,,,0.0,1.0,
1991-01-18,,,,,0.0,1.0,
1991-01-21,,,,,0.0,1.0,
1991-01-22,,,,,0.0,1.0,
1991-01-23,,,,,0.0,1.0,
1991-01-24,,,,,0.0,1.0,
1991-01-25,,,,,0.0,1.0,
1991-01-28,,,,,0.0,1.0,
1991-01-29,,,,,0.0,1.0,
1991-01-30,,,,,0.0,1.0,
1991-01-31,,,,,0.0,1.0,
1991-02-01,,,,,0.0,1.0,
1991-02-04,,,,,0.0,1.0,
1991-02-05,,,,,0.0,1.0,
1991-02-06,,,,,0.0,1.0,
1991-02-07,,,,,0.0,1.0,
1991-02-08,,,,,0.0,1.0,
1991-02-11,,,,,0.0,1.0,
1991-02-12,,,,,0.0,1.0,
1991-02-13,,,,,0.0,1.0,
1991-02-14,,,,,0.0,1.0,
1991-02-15,,,,,0.0,1.0,
1991-02-18,,,,,0.0,1.0,
1991-02-19,,,,,0.0,1.0,
1991-02-20,,,,,0.0,1.0,
1991-02-21,,,,,0.0,1.0,
1991-02-22,,,,,0.0,1.0,
1991-02-25,,,,,0.0,1.0,
1991-02-26,,,,,0.0,1.0,
1991-02-27,,,,,0.0,1.0,
1991-02-28,,,,,0.0,1.0,
1991-03-01,,,,,0.0,1.0,
1991-03-04,,,,,0.0,1.0,
1991-03-05,,,,,0.0,1.0,
1991-03-06,,,,,0.0,1.0,
1991-03-07,,,,,0.0,1.0,
1991-03-08,,,,,0.0,1.0,
1991-03-11,,,,,0.0,1.0,
1991-03-12,,,,,0.0,1.0,
1991-03-13,,,,,0.0,1.0,
1991-03-14,,,,,0.0,1.0,
1991-03-15,,,,,0.0,1.0,
1991-03-18,,,,,0.0,1.0,
1991-03-19,,,,,0.0,1.0,
1991-03-20,,,,,0.0,1.0,
1991-03-21,,,,,0.0,1.0,
1991-03-22,,,,,0.0,1.0,
1991-03-25,,,,,0.0,1.0,
1991-03-26,,,,,0.0,1.0,
1991-03-27,,,,,0.0,1.0,
1991-03-28,,,,,0.0,1.0,
1991-03-29,,,,,0.0,1.0,
1991-04-01,,,,,0.0,1.0,
1991-04-02,,,,,0.0,1.0,
1991-04-03,,,,,0.0,1.0,
1991-04-04,,,,,0.0,1.0,
1991-04-05,,,,,0.0,1.0,
1991-04-08,,,,,0.0,1.0,
1991-04-09,,,,,0.0,1.0,
1991-04-10,,,,,0.0,1.0,
1991-04-11,,,,,0.0,1.0,
1991-04-12,,,,,0.0,1.0,
1991-04-15,,,,,0.0,1.0,
1991-04-16,,,,,0.0,1.0,
1991-04-17,,,,,0.0,1.0,
1991-04-18,,,,,0.0,1.0,
1991-04-19,,,,,0.0,1.0,
1991-04-22,,,,,0.0,1.0,
1991-04-23,,,,,0.0,1.0,
1991-04-24,,,,,0.0,1.0,
1991-04-25,,,,,0.0,1.0,
1991-04-26,,,,,0.0,1.0,
1991-04-29,,,,,0.0,1.0,
1991-04-30,,,,,0.0,1.0,
1991-05-01,,,,,0.0,1.0,
1991-05-02,,,,,0.0,1.0,
1991-05-03,,,,,0.0,1.0,
1991-05-06,,,,,0.0,1.0,
1991-05-07,,,,,0.0,1.0,
1991-05-08,,,,,0.0,1.0,
1991-05-09,,,,,0.0,1.0,
1991-05-10,,,,,0.0,1.0,
1991-05-13,,,,,0.0,1.0,
1991-05-14,,,,,0.0,1.0,
1991-05-15,,,,,0.0,1.0,
1991-05-16,,,,,0.0,1.0,
1991-05-17,,,,,0.0,1.0,
1991-05-20,,,,,0.0,1.0,
1991-05-21,,,,,0.0,1.0,
1991-05-22,,,,,0.0,1.0,
1991-05-23,,,,,0.0,1.0,
1991-05-24,,,,,0.0,1.0,
1991-05-27,,,,,0.0,1.0,
1991-05-28,,,,,0.0,1.0,
1991-05-29,,,,,0.0,1.0,
1991-05-30,,,,,0.0,1.0,
1991-05-31,,,,,0.0,1.0,
1991-06-03,,,,,0.0,1.0,
1991-06-04,,,,,0.0,1.0,
1991-06-05,,,,,0.0,1.0,
1991-06-06,,,,,0.0,1.0,
1991-06-07,,,,,0.0,1.0,
1991-06-10,,,,,0.0,1.0,
1991-06-11,,,,,0.0,1.0,
1991-06-12,,,,,0.0,1.0,
1991-06-13,,,,,0.0,1.0,
1991-06-14,,,,,0.0,1.0,
1991-06-17,,,,,0.0,1.0,
1991-06-18,,,,,0.0,1.0,
1991-06-19,,,,,0.0,1.0,
1991-06-20,,,,,0.0,1.0,
1991-06-21,,,,,0.0,1.0,
1991-06-24,,,,,0.0,1.0,
1991-06-25,,,,,0.0,1.0,
1991-06-26,,,,,0.0,1.0,
1991-06-27,,,,,0.0,1.0,
1991-06-28,,,,,0.0,1.0,
1991-07-01,,,,,0.0,1.0,
1991-07-02,,,,,0.0,1.0,
1991-07-03,,,,,0.0,1.0,
1991-07-04,,,,,0.0,1.0,
1991-07-05,,,,,0.0,1.0,
1991-07-08,,,,,0.0,1.0,
1991-07-09,,,,,0.0,1.0,
1991-07-10,,,,,0.0,1.0,
1991-07-11,,,,,0.0,1.0,
1991-07-12,,,,,0.0,1.0,
1991-07-15,,,,,0.0,1.0,
1991-07-16,,,,,0.0,1.0,
1991-07-17,,,,,0.0,1.0,
1991-07-18,,,,,0.0,1.0,
1991-07-19,,,,,0.0,1.0,
1991-07-22,,,,,0.0,1.0,
1991-07-23,,,,,0.0,1.0,
1991-07-24,,,,,0.0,1.0,
1991-07-25,,,,,0.0,1.0,
1991-07-26,,,,,0.0,1.0,
1991-07-29,,,,,0.0,1.0,
1991-07-30,,,,,0.0,1.0,
1991-07-31,,,,,0.0,1.0,
1991-08-01,,,,,0.0,1.0,
1991-08-02,,,,,0.0,1.0,
1991-08-05,,,,,0.0,1.0,
1991-08-06,,,,,0.0,1.0,
1991-08-07,,,,,0.0,1.0,
1991-08-08,,,,,0.0,1.0,
1991-08-09,,,,,0.0,1.0,
1991-08-12,,,,,0.0,1.0,
1991-08-13,,,,,0.0,1.0,
1991-08-14,,,,,0.0,1.0,
1991-08-15,,,,,0.0,1.0,
1991-08-16,,,,,0.0,1.0,
1991-08-19,,,,,0.0,1.0,
1991-08-20,,,,,0.0,1.0,
1991-08-21,,,,,0.0,1.0,
1991-08-22,,,,,0.0,1.0,
1991-08-23,,,,,0.0,1.0,
1991-08-26,,,,,0.0,1.0,
1991-08-27,,,,,0.0,1.0,
1991-08-28,,,,,0.0,1.0,
1991-08-29,,,,,0.0,1.0,
1991-08-30,,,,,0.0,1.0,
1991-09-02,,,,,0.0,1.0,
1991-09-03,,,,,0.0,1.0,
1991-09-04,,,,,0.0,1.0,
1991-09-05,,,,,0.0,1.0,
1991-09-06,,,,,0.0,1.0,
1991-09-09,,,,,0.0,1.0,
1991-09-10,,,,,0.0,1.0,
1991-09-11,,,,,0.0,1.0,
1991-09-12,,,,,0.0,1.0,
1991-09-13,,,,,0.0,1.0,
1991-09-16,,,,,0.0,1.0,
1991-09-17,,,,,0.0,1.0,
1991-09-18,,,,,0.0,1.0,
1991-09-19,,,,,0.0,1.0,
1991-09-20,,,,,0.0,1.0,
1991-09-23,,,,,0.0,1.0,
1991-09-24,,,,,0.0,1.0,
1991-09-25,,,,,0.0,1.0,
1991-09-26,,,,,0.0,1.0,
1991-09-27,,,,,0.0,1.0,
1991-09-30,,,,,0.0,1.0,
1991-10-01,,,,,0.0,1.0,
1991-10-02,,,,,0.0,1.0,
1991-10-03,,,,,0.0,1.0,
1991-10-04,,,,,0.0,1.0,
1991-10-07,,,,,0.0,1.0,
1991-10-08,,,,,0.0,1.0,
1991-10-09,,,,,0.0,1.0,
1991-10-10,,,,,0.0,1.0,
1991-10-11,,,,,0.0,1.0,
1991-10-14,,,,,0.0,1.0,
1991-10-15,,,,,0.0,1.0,
1991-10-16,,,,,0.0,1.0,
1991-10-17,,,,,0.0,1.0,
1991-10-18,,,,,0.0,1.0,
1991-10-21,,,,,0.0,1.0,
1991-10-22,,,,,0.0,1.0,
1991-10-23,,,,,0.0,1.0,
1991-10-24,,,,,0.0,1.0,
1991-10-25,,,,,0.0,1.0,
1991-10-28,,,,,0.0,1.0,
1991-10-29,,,,,0.0,1.0,
1991-10-30,,,,,0.0,1.0,
1991-10-31,,,,,0.0,1.0,
1991-11-01,,,,,0.0,1.0,
1991-11-04,,,,,0.0,1.0,
1991-11-05,,,,,0.0,1.0,
1991-11-06,,,,,0.0,1.0,
1991-11-07,,,,,0.0,1.0,
1991-11-08,,,,,0.0,1.0,
1991-11-11,,,,,0.0,1.0,
1991-11-12,,,,,0.0,1.0,
1991-11-13,,,,,0.0,1.0,
1991-11-14,,,,,0.0,1.0,
1991-11-15,,,,,0.0,1.0,
1991-11-18,,,,,0.0,1.0,
1991-11-19,,,,,0.0,1.0,
1991-11-20,,,,,0.0,1.0,
1991-11-21,,,,,0.0,1.0,
1991-11-22,,,,,0.0,1.0,
1991-11-25,,,,,0.0,1.0,
1991-11-26,,,,,0.0,1.0,
1991-11-27,,,,,0.0,1.0,
1991-11-28,,,,,0.0,1.0,
1991-11-29,,,,,0.0,1.0,
1991-12-02,,,,,0.0,1.0,
1991-12-03,,,,,0.0,1.0,
1991-12-04,,,,,0.0,1.0,
1991-12-05,,,,,0.0,1.0,
1991-12-06,,,,,0.0,1.0,
1991-12-09,,,,,0.0,1.0,
1991-12-10,,,,,0.0,1.0,
1991-12-11,,,,,0.0,1.0,
1991-12-12,,,,,0.0,1.0,
1991-12-13,,,,,0.0,1.0,
1991-12-16,,,,,0.0,1.0,
1991-12-17,,,,,0.0,1.0,
1991-12-18,,,,,0.0,1.0,
1991-12-19,,,,,0.0,1.0,
1991-12-20,,,,,0.0,1.0,
1991-12-23,,,,,0.0,1.0,
1991-12-24,,,,,0.0,1.0,
1991-12-25,,,,,0.0,1.0,
1991-12-26,,,,,0.0,1.0,
1991-12-27,,,,,0.0,1.0,
1991-12-30,,,,,0.0,1.0,
1991-12-31,,,,,0.0,1.0,
1992-01-01,,,,,0.0,1.0,
1992-01-02,,,,,0.0,1.0,
1992-01-03,,,,,0.0,1.0,
1992-01-06,,,,,0.0,1.0,
1992-01-07,,,,,0.0,1.0,
1992-01-08,,,,,0.0,1.0,
1992-01-09,,,,,0.0,1.0,
1992-01-10,,,,,0.0,1.0,
1992-01-13,,,,,0.0,1.0,
1992-01-14,,,,,0.0,1.0,
1992-01-15,,,,,0.0,1.0,
1992-01-16,,,,,0.0,1.0,
1992-01-17,,,,,0.0,1.0,
1992-01-20,,,,,0.0,1.0,
1992-01-21,,,,,0.0,1.0,
1992-01-22,,,,,0.0,1.0,
1992-01-23,,,,,0.0,1.0,
1992-01-24,,,,,0.0,1.0,
1992-01-27,,,,,0.0,1.0,
1992-01-28,,,,,0.0,1.0,
1992-01-29,,,,,0.0,1.0,
1992-01-30,,,,,0.0,1.0,
1992-01-31,,,,,0.0,1.0,
1992-02-03,,,,,0.0,1.0,
1992-02-04,,,,,0.0,1.0,
1992-02-05,,,,,0.0,1.0,
1992-02-06,,,,,0.0,1.0,
1992-02-07,,,,,0.0,1.0,
1992-02-10,,,,,0.0,1.0,
1992-02-11,,,,,0.0,1.0,
1992-02-12,,,,,0.0,1.0,
1992-02-13,,,,,0.0,1.0,
1992-02-14,,,,,0.0,1.0,
1992-02-17,,,,,0.0,1.0,
1992-02-18,,,,,0.0,1.0,
1992-02-19,,,,,0.0,1.0,
1992-02-20,,,,,0.0,1.0,
1992-02-21,,,,,0.0,1.0,
1992-02-24,,,,,0.0,1.0,
1992-02-25,,,,,0.0,1.0,
1992-02-26,,,,,0.0,1.0,
1992-02-27,,,,,0.0,1.0,
1992-02-28,,,,,0.0,1.0,
1992-03-02,,,,,0.0,1.0,
1992-03-03,,,,,0.0,1.0,
1992-03-04,,,,,0.0,1.0,
1992-03-05,,,,,0.0,1.0,
1992-03-06,,,,,0.0,1.0,
1992-03-09,,,,,0.0,1.0,
1992-03-10,,,,,0.0,1.0,
1992-03-11,,,,,0.0,1.0,
1992-03-12,,,,,0.0,1.0,
1992-03-13,,,,,0.0,1.0,
1992-03-16,,,,,0.0,1.0,
1992-03-17,,,,,0.0,1.0,
1992-03-18,,,,,0.0,1.0,
1992-03-19,,,,,0.0,1.0,
1992-03-20,,,,,0.0,1.0,
1992-03-23,,,,,0.0,1.0,
1992-03-24,,,,,0.0,1.0,
1992-03-25,,,,,0.0,1.0,
1992-03-26,,,,,0.0,1.0,
1992-03-27,,,,,0.0,1.0,
1992-03-30,,,,,0.0,1.0,
1992-03-31,,,,,0.0,1.0,
1992-04-01,,,,,0.0,1.0,
1992-04-02,,,,,0.0,1.0,
1992-04-03,,,,,0.0,1.0,
1992-04-06,,,,,0.0,1.0,
1992-04-07,,,,,0.0,1.0,
1992-04-08,,,,,0.0,1.0,
1992-04-09,,,,,0.0,1.0,
1992-04-10,,,,,0.0,1.0,
1992-04-13,,,,,0.0,1.0,
1992-04-14,,,,,0.0,1.0,
1992-04-15,,,,,0.0,1.0,
1992-04-16,,,,,0.0,1.0,
1992-04-17,,,,,0.0,1.0,
1992-04-20,,,,,0.0,1.0,
1992-04-21,,,,,0.0,1.0,
1992-04-22,,,,,0.0,1.0,
1992-04-23,,,,,0.0,1.0,
1992-04-24,,,,,0.0,1.0,
1992-04-27,,,,,0.0,1.0,
1992-04-28,,,,,0.0,1.0,
1992-04-29,,,,,0.0,1.0,
1992-04-30,,,,,0.0,1.0,
1992-05-01,,,,,0.0,1.0,
1992-05-04,,,,,0.0,1.0,
1992-05-05,,,,,0.0,1.0,
1992-05-06,,,,,0.0,1.0,
1992-05-07,,,,,0.0,1.0,
1992-05-08,,,,,0.0,1.0,
1992-05-11,,,,,0.0,1.0,
1992-05-12,,,,,0.0,1.0,
1992-05-13,,,,,0.0,1.0,
1992-05-14,,,,,0.0,1.0,
1992-05-15,,,,,0.0,1.0,
1992-05-18,,,,,0.0,1.0,
1992-05-19,,,,,0.0,1.0,
1992-05-20,,,,,0.0,1.0,
1992-05-21,,,,,0.0,1.0,
1992-05-22,,,,,0.0,1.0,
1992-05-25,,,,,0.0,1.0,
1992-05-26,,,,,0.0,1.0,
1992-05-27,,,,,0.0,1.0,
1992-05-28,,,,,0.0,1.0,
1992-05-29,,,,,0.0,1.0,
1992-06-01,,,,,0.0,1.0,
1992-06-02,,,,,0.0,1.0,
1992-06-03,,,,,0.0,1.0,
1992-06-04,,,,,0.0,1.0,
1992-06-05,,,,,0.0,1.0,
1992-06-08,,,,,0.0,1.0,
1992-06-09,,,,,0.0,1.0,
1992-06-10,,,,,0.0,1.0,
1992-06-11,,,,,0.0,1.0,
1992-06-12,,,,,0.0,1.0,
1992-06-15,,,,,0.0,1.0,
1992-06-16,,,,,0.0,1.0,
1992-06-17,,,,,0.0,1.0,
1992-06-18,,,,,0.0,1.0,
1992-06-19,,,,,0.0,1.0,
1992-06-22,,,,,0.0,1.0,
1992-06-23,,,,,0.0,1.0,
1992-06-24,,,,,0.0,1.0,
1992-06-25,,,,,0.0,1.0,
1992-06-26,,,,,0.0,1.0,
1992-06-29,,,,,0.0,1.0,
1992-06-30,,,,,0.0,1.0,
1992-07-01,,,,,0.0,1.0,
1992-07-02,,,,,0.0,1.0,
1992-07-03,,,,,0.0,1.0,
1992-07-06,,,,,0.0,1.0,
1992-07-07,,,,,0.0,1.0,
1992-07-08,,,,,0.0,1.0,
1992-07-09,,,,,0.0,1.0,
1992-07-10,,,,,0.0,1.0,
1992-07-13,,,,,0.0,1.0,
1992-07-14,,,,,0.0,1.0,
1992-07-15,,,,,0.0,1.0,
1992-07-16,,,,,0.0,1.0,
1992-07-17,,,,,0.0,1.0,
1992-07-20,,,,,0.0,1.0,
1992-07-21,,,,,0.0,1.0,
1992-07-22,,,,,0.0,1.0,
1992-07-23,,,,,0.0,1.0,
1992-07-24,,,,,0.0,1.0,
1992-07-27,,,,,0.0,1.0,
1992-07-28,,,,,0.0,1.0,
1992-07-29,,,,,0.0,1.0,
1992-07-30,,,,,0.0,1.0,
1992-07-31,,,,,0.0,1.0,
1992-08-03,,,,,0.0,1.0,
1992-08-04,,,,,0.0,1.0,
1992-08-05,,,,,0.0,1.0,
1992-08-06,,,,,0.0,1.0,
1992-08-07,,,,,0.0,1.0,
1992-08-10,,,,,0.0,1.0,
1992-08-11,,,,,0.0,1.0,
1992-08-12,,,,,0.0,1.0,
1992-08-13,,,,,0.0,1.0,
1992-08-14,,,,,0.0,1.0,
1992-08-17,,,,,0.0,1.0,
1992-08-18,,,,,0.0,1.0,
1992-08-19,,,,,0.0,1.0,
1992-08-20,,,,,0.0,1.0,
1992-08-21,,,,,0.0,1.0,
1992-08-24,,,,,0.0,1.0,
1992-08-25,,,,,0.0,1.0,
1992-08-26,,,,,0.0,1.0,
1992-08-27,,,,,0.0,1.0,
1992-08-28,,,,,0.0,1.0,
1992-08-31,,,,,0.0,1.0,
1992-09-01,,,,,0.0,1.0,
1992-09-02,,,,,0.0,1.0,
1992-09-03,,,,,0.0,1.0,
1992-09-04,,,,,0.0,1.0,
1992-09-07,,,,,0.0,1.0,
1992-09-08,,,,,0.0,1.0,
1992-09-09,,,,,0.0,1.0,
1992-09-10,,,,,0.0,1.0,
1992-09-11,,,,,0.0,1.0,
1992-09-14,,,,,0.0,1.0,
1992-09-15,,,,,0.0,1.0,
1992-09-16,,,,,0.0,1.0,
1992-09-17,,,,,0.0,1.0,
1992-09-18,,,,,0.0,1.0,
1992-09-21,,,,,0.0,1.0,
1992-09-22,,,,,0.0,1.0,
1992-09-23,,,,,0.0,1.0,
1992-09-24,,,,,0.0,1.0,
1992-09-25,,,,,0.0,1.0,
1992-09-28,,,,,0.0,1.0,
1992-09-29,,,,,0.0,1.0,
1992-09-30,,,,,0.0,1.0,
1992-10-01,,,,,0.0,1.0,
1992-10-02,,,,,0.0,1.0,
1992-10-03,,,,,0.0,1.0,
1992-10-05,,,,,0.0,1.0,
1992-10-06,,,,,0.0,1.0,
1992-10-07,,,,,0.0,1.0,
1992-10-08,,,,,0.0,1.0,
1992-10-09,,,,,0.0,1.0,
1992-10-10,,,,,0.0,1.0,
1992-10-12,,,,,0.0,1.0,
1992-10-13,,,,,0.0,1.0,
1992-10-14,,,,,0.0,1.0,
1992-10-15,,,,,0.0,1.0,
1992-10-16,,,,,0.0,1.0,
1992-10-19,,,,,0.0,1.0,
1992-10-20,,,,,0.0,1.0,
1992-10-21,,,,,0.0,1.0,
1992-10-22,,,,,0.0,1.0,
1992-10-23,,,,,0.0,1.0,
1992-10-26,,,,,0.0,1.0,
1992-10-27,,,,,0.0,1.0,
1992-10-28,,,,,0.0,1.0,
1992-10-29,,,,,0.0,1.0,
1992-10-30,,,,,0.0,1.0,
1992-11-02,,,,,0.0,1.0,
1992-11-03,,,,,0.0,1.0,
1992-11-04,,,,,0.0,1.0,
1992-11-05,,,,,0.0,1.0,
1992-11-06,,,,,0.0,1.0,
1992-11-07,,,,,0.0,1.0,
1992-11-08,,,,,0.0,1.0,
1992-11-09,,,,,0.0,1.0,
1992-11-10,,,,,0.0,1.0,
1992-11-11,,,,,0.0,1.0,
1992-11-12,,,,,0.0,1.0,
1992-11-13,,,,,0.0,1.0,
1992-11-14,,,,,0.0,1.0,
1992-11-16,,,,,0.0,1.0,
1992-11-17,,,,,0.0,1.0,
1992-11-18,,,,,0.0,1.0,
1992-11-19,,,,,0.0,1.0,
1992-11-20,,,,,0.0,1.0,
1992-11-23,,,,,0.0,1.0,
1992-11-24,,,,,0.0,1.0,
1992-11-25,,,,,0.0,1.0,
1992-11-26,,,,,0.0,1.0,
1992-11-27,,,,,0.0,1.0,
1992-11-28,,,,,0.0,1.0,
1992-11-30,,,,,0.0,1.0,
1992-12-01,,,,,0.0,1.0,
1992-12-02,,,,,0.0,1.0,
1992-12-03,,,,,0.0,1.0,
1992-12-04,,,,,0.0,1.0,
1992-12-07,,,,,0.0,1.0,
1992-12-08,,,,,0.0,1.0,
1992-12-09,,,,,0.0,1.0,
1992-12-10,,,,,0.0,1.0,
1992-12-11,,,,,0.0,1.0,
1992-12-14,,,,,0.0,1.0,
1992-12-15,,,,,0.0,1.0,
1992-12-16,,,,,0.0,1.0,
1992-12-17,,,,,0.0,1.0,
1992-12-18,,,,,0.0,1.0,
1992-12-21,,,,,0.0,1.0,
1992-12-22,,,,,0.0,1.0,
1992-12-23,,,,,0.0,1.0,
1992-12-24,,,,,0.0,1.0,
1992-12-25,,,,,0.0,1.0,
1992-12-28,,,,,0.0,1.0,
1992-12-29,,,,,0.0,1.0,
1992-12-30,,,,,0.0,1.0,
1992-12-31,,,,,0.0,1.0,
1993-01-01,,,,,0.0,1.0,
1993-01-04,,,,,0.0,1.0,
1993-01-05,,,,,0.0,1.0,
1993-01-06,,,,,0.0,1.0,
1993-01-07,,,,,0.0,1.0,
1993-01-08,,,,,0.0,1.0,
1993-01-11,,,,,0.0,1.0,
1993-01-12,,,,,0.0,1.0,
1993-01-13,,,,,0.0,1.0,
1993-01-14,,,,,0.0,1.0,
1993-01-15,,,,,0.0,1.0,
1993-01-18,,,,,0.0,1.0,
1993-01-19,,,,,0.0,1.0,
1993-01-20,,,,,0.0,1.0,
1993-01-21,,,,,0.0,1.0,
1993-01-22,,,,,0.0,1.0,
1993-01-25,,,,,0.0,1.0,
1993-01-26,,,,,0.0,1.0,
1993-01-27,,,,,0.0,1.0,
1993-01-28,,,,,0.0,1.0,
1993-01-29,,,,,0.0,1.0,
1993-02-01,,,,,0.0,1.0,
1993-02-02,,,,,0.0,1.0,
1993-02-03,,,,,0.0,1.0,
1993-02-04,,,,,0.0,1.0,
1993-02-05,,,,,0.0,1.0,
1993-02-08,,,,,0.0,1.0,
1993-02-09,,,,,0.0,1.0,
1993-02-10,,,,,0.0,1.0,
1993-02-11,,,,,0.0,1.0,
1993-02-12,,,,,0.0,1.0,
1993-02-15,,,,,0.0,1.0,
1993-02-16,,,,,0.0,1.0,
1993-02-17,,,,,0.0,1.0,
1993-02-18,,,,,0.0,1.0,
1993-02-19,,,,,0.0,1.0,
1993-02-22,,,,,0.0,1.0,
1993-02-23,,,,,0.0,1.0,
1993-02-24,,,,,0.0,1.0,
1993-02-25,,,,,0.0,1.0,
1993-02-26,,,,,0.0,1.0,
1993-03-01,,,,,0.0,1.0,
1993-03-02,,,,,0.0,1.0,
1993-03-03,,,,,0.0,1.0,
1993-03-04,,,,,0.0,1.0,
1993-03-05,,,,,0.0,1.0,
1993-03-08,,,,,0.0,1.0,
1993-03-09,,,,,0.0,1.0,
1993-03-10,,,,,0.0,1.0,
1993-03-11,,,,,0.0,1.0,
1993-03-12,,,,,0.0,1.0,
1993-03-15,,,,,0.0,1.0,
1993-03-16,,,,,0.0,1.0,
1993-03-17,,,,,0.0,1.0,
1993-03-18,,,,,0.0,1.0,
1993-03-19,,,,,0.0,1.0,
1993-03-22,,,,,0.0,1.0,
1993-03-23,,,,,0.0,1.0,
1993-03-24,,,,,0.0,1.0,
1993-03-25,,,,,0.0,1.0,
1993-03-26,,,,,0.0,1.0,
1993-03-29,,,,,0.0,1.0,
1993-03-30,,,,,0.0,1.0,
1993-03-31,,,,,0.0,1.0,
1993-04-01,,,,,0.0,1.0,
1993-04-02,,,,,0.0,1.0,
1993-04-05,,,,,0.0,1.0,
1993-04-06,,,,,0.0,1.0,
1993-04-07,,,,,0.0,1.0,
1993-04-08,,,,,0.0,1.0,
1993-04-13,,,,,0.0,1.0,
1993-04-14,,,,,0.0,1.0,
1993-04-15,,,,,0.0,1.0,
1993-04-16,,,,,0.0,1.0,
1993-04-19,,,,,0.0,1.0,
1993-04-20,,,,,0.0,1.0,
1993-04-21,,,,,0.0,1.0,
1993-04-22,,,,,0.0,1.0,
1993-04-23,,,,,0.0,1.0,
1993-04-26,,,,,0.0,1.0,
1993-04-27,,,,,0.0,1.0,
1993-04-28,,,,,0.0,1.0,
1993-04-29,,,,,0.0,1.0,
1993-04-30,,,,,0.0,1.0,
1993-05-03,,,,,0.0,1.0,
1993-05-04,,,,,0.0,1.0,
1993-05-05,,,,,0.0,1.0,
1993-05-06,,,,,0.0,1.0,
1993-05-07,,,,,0.0,1.0,
1993-05-10,,,,,0.0,1.0,
1993-05-11,,,,,0.0,1.0,
1993-05-12,,,,,0.0,1.0,
1993-05-13,,,,,0.0,1.0,
1993-05-14,,,,,0.0,1.0,
1993-05-17,,,,,0.0,1.0,
1993-05-18,,,,,0.0,1.0,
1993-05-19,,,,,0.0,1.0,
1993-05-20,,,,,0.0,1.0,
1993-05-21,,,,,0.0,1.0,
1993-05-24,,,,,0.0,1.0,
1993-05-25,,,,,0.0,1.0,
1993-05-26,,,,,0.0,1.0,
1993-05-27,,,,,0.0,1.0,
1993-05-28,,,,,0.0,1.0,
1993-06-01,,,,,0.0,1.0,
1993-06-02,,,,,0.0,1.0,
1993-06-03,,,,,0.0,1.0,
1993-06-04,,,,,0.0,1.0,
1993-06-07,,,,,0.0,1.0,
1993-06-08,,,,,0.0,1.0,
1993-06-09,,,,,0.0,1.0,
1993-06-10,,,,,0.0,1.0,
1993-06-11,,,,,0.0,1.0,
1993-06-14,,,,,0.0,1.0,
1993-06-15,,,,,0.0,1.0,
1993-06-16,,,,,0.0,1.0,
1993-06-17,,,,,0.0,1.0,
1993-06-18,,,,,0.0,1.0,
1993-06-21,,,,,0.0,1.0,
1993-06-22,,,,,0.0,1.0,
1993-06-23,,,,,0.0,1.0,
1993-06-24,,,,,0.0,1.0,
1993-06-25,,,,,0.0,1.0,
1993-06-28,,,,,0.0,1.0,
1993-06-29,,,,,0.0,1.0,
1993-06-30,,,,,0.0,1.0,
1993-07-01,,,,,0.0,1.0,
1993-07-02,,,,,0.0,1.0,
1993-07-05,,,,,0.0,1.0,
1993-07-06,,,,,0.0,1.0,
1993-07-07,,,,,0.0,1.0,
1993-07-08,,,,,0.0,1.0,
1993-07-09,,,,,0.0,1.0,
1993-07-12,,,,,0.0,1.0,
1993-07-13,,,,,0.0,1.0,
1993-07-14,,,,,0.0,1.0,
1993-07-15,,,,,0.0,1.0,
1993-07-16,,,,,0.0,1.0,
1993-07-19,,,,,0.0,1.0,
1993-07-20,,,,,0.0,1.0,
1993-07-21,,,,,0.0,1.0,
1993-07-22,,,,,0.0,1.0,
1993-07-23,,,,,0.0,1.0,
1993-07-26,,,,,0.0,1.0,
1993-07-27,,,,,0.0,1.0,
1993-07-28,,,,,0.0,1.0,
1993-07-29,,,,,0.0,1.0,
1993-07-30,,,,,0.0,1.0,
1993-08-02,,,,,0.0,1.0,
1993-08-03,,,,,0.0,1.0,
1993-08-04,,,,,0.0,1.0,
1993-08-05,,,,,0.0,1.0,
1993-08-06,,,,,0.0,1.0,
1993-08-09,,,,,0.0,1.0,
1993-08-10,,,,,0.0,1.0,
1993-08-11,,,,,0.0,1.0,
1993-08-12,,,,,0.0,1.0,
1993-08-13,,,,,0.0,1.0,
1993-08-16,,,,,0.0,1.0,
1993-08-17,,,,,0.0,1.0,
1993-08-18,,,,,0.0,1.0,
1993-08-19,,,,,0.0,1.0,
1993-08-20,,,,,0.0,1.0,
1993-08-23,,,,,0.0,1.0,
1993-08-24,,,,,0.0,1.0,
1993-08-25,,,,,0.0,1.0,
1993-08-26,,,,,0.0,1.0,
1993-08-27,,,,,0.0,1.0,
1993-08-30,,,,,0.0,1.0,
1993-08-31,,,,,0.0,1.0,
1993-09-01,,,,,0.0,1.0,
1993-09-02,,,,,0.0,1.0,
1993-09-03,,,,,0.0,1.0,
1993-09-06,,,,,0.0,1.0,
1993-09-07,,,,,0.0,1.0,
1993-09-08,,,,,0.0,1.0,
1993-09-09,,,,,0.0,1.0,
1993-09-10,,,,,0.0,1.0,
1993-09-13,,,,,0.0,1.0,
1993-09-14,,,,,0.0,1.0,
1993-09-15,,,,,0.0,1.0,
1993-09-16,,,,,0.0,1.0,
1993-09-17,,,,,0.0,1.0,
1993-09-20,,,,,0.0,1.0,
1993-09-21,,,,,0.0,1.0,
1993-09-22,,,,,0.0,1.0,
1993-09-23,,,,,0.0,1.0,
1993-09-24,,,,,0.0,1.0,
1993-09-27,,,,,0.0,1.0,
1993-09-28,,,,,0.0,1.0,
1993-09-29,,,,,0.0,1.0,
1993-09-30,,,,,0.0,1.0,
1993-10-01,,,,,0.0,1.0,
1993-10-04,,,,,0.0,1.0,
1993-10-05,,,,,0.0,1.0,
1993-10-06,,,,,0.0,1.0,
1993-10-07,,,,,0.0,1.0,
1993-10-08,,,,,0.0,1.0,
1993-10-11,,,,,0.0,1.0,
1993-10-12,,,,,0.0,1.0,
1993-10-13,,,,,0.0,1.0,
1993-10-14,,,,,0.0,1.0,
1993-10-15,,,,,0.0,1.0,
1993-10-18,,,,,0.0,1.0,
1993-10-19,,,,,0.0,1.0,
1993-10-20,,,,,0.0,1.0,
1993-10-21,,,,,0.0,1.0,
1993-10-22,,,,,0.0,1.0,
1993-10-25,,,,,0.0,1.0,
1993-10-26,,,,,0.0,1.0,
1993-10-27,,,,,0.0,1.0,
1993-10-28,,,,,0.0,1.0,
1993-10-29,,,,,0.0,1.0,
1993-11-01,,,,,0.0,1.0,
1993-11-02,,,,,0.0,1.0,
1993-11-03,,,,,0.0,1.0,
1993-11-04,,,,,0.0,1.0,
1993-11-05,,,,,0.0,1.0,
1993-11-08,,,,,0.0,1.0,
1993-11-09,,,,,0.0,1.0,
1993-11-10,,,,,0.0,1.0,
1993-11-11,,,,,0.0,1.0,
1993-11-12,,,,,0.0,1.0,
1993-11-15,,,,,0.0,1.0,
1993-11-16,,,,,0.0,1.0,
1993-11-17,,,,,0.0,1.0,
1993-11-18,,,,,0.0,1.0,
1993-11-19,,,,,0.0,1.0,
1993-11-22,,,,,0.0,1.0,
1993-11-23,,,,,0.0,1.0,
1993-11-24,,,,,0.0,1.0,
1993-11-25,,,,,0.0,1.0,
1993-11-26,,,,,0.0,1.0,
1993-11-29,,,,,0.0,1.0,
1993-11-30,,,,,0.0,1.0,
1993-12-01,,,,,0.0,1.0,
1993-12-02,,,,,0.0,1.0,
1993-12-03,,,,,0.0,1.0,
1993-12-06,,,,,0.0,1.0,
1993-12-07,,,,,0.0,1.0,
1993-12-08,,,,,0.0,1.0,
1993-12-09,,,,,0.0,1.0,
1993-12-10,,,,,0.0,1.0,
1993-12-13,,,,,0.0,1.0,
1993-12-14,,,,,0.0,1.0,
1993-12-15,,,,,0.0,1.0,
1993-12-16,,,,,0.0,1.0,
1993-12-17,,,,,0.0,1.0,
1993-12-20,,,,,0.0,1.0,
1993-12-21,,,,,0.0,1.0,
1993-12-22,,,,,0.0,1.0,
1993-12-23,,,,,0.0,1.0,
1993-12-24,,,,,0.0,1.0,
1993-12-27,,,,,0.0,1.0,
1993-12-28,,,,,0.0,1.0,
1993-12-29,,,,,0.0,1.0,
1993-12-30,,,,,0.0,1.0,
1993-12-31,,,,,0.0,1.0,
1994-01-03,,,,,0.0,1.0,
1994-01-04,,,,,0.0,1.0,
1994-01-05,,,,,0.0,1.0,
1994-01-06,,,,,0.0,1.0,
1994-01-07,,,,,0.0,1.0,
1994-01-10,,,,,0.0,1.0,
1994-01-11,,,,,0.0,1.0,
1994-01-12,,,,,0.0,1.0,
1994-01-13,,,,,0.0,1.0,
1994-01-14,,,,,0.0,1.0,
1994-01-17,,,,,0.0,1.0,
1994-01-18,,,,,0.0,1.0,
1994-01-19,,,,,0.0,1.0,
1994-01-20,,,,,0.0,1.0,
1994-01-21,,,,,0.0,1.0,
1994-01-24,,,,,0.0,1.0,
1994-01-25,,,,,0.0,1.0,
1994-01-26,,,,,0.0,1.0,
1994-01-27,,,,,0.0,1.0,
1994-01-28,,,,,0.0,1.0,
1994-01-31,,,,,0.0,1.0,
1994-02-01,,,,,0.0,1.0,
1994-02-02,,,,,0.0,1.0,
1994-02-03,,,,,0.0,1.0,
1994-02-04,,,,,0.0,1.0,
1994-02-07,,,,,0.0,1.0,
1994-02-08,,,,,0.0,1.0,
1994-02-09,,,,,0.0,1.0,
1994-02-10,,,,,0.0,1.0,
1994-02-11,,,,,0.0,1.0,
1994-02-14,,,,,0.0,1.0,
1994-02-15,,,,,0.0,1.0,
1994-02-16,,,,,0.0,1.0,
1994-02-17,,,,,0.0,1.0,
1994-02-18,,,,,0.0,1.0,
1994-02-21,,,,,0.0,1.0,
1994-02-22,,,,,0.0,1.0,
1994-02-23,,,,,0.0,1.0,
1994-02-24,,,,,0.0,1.0,
1994-02-25,,,,,0.0,1.0,
1994-02-28,,,,,0.0,1.0,
1994-03-01,,,,,0.0,1.0,
1994-03-02,,,,,0.0,1.0,
1994-03-03,,,,,0.0,1.0,
1994-03-04,,,,,0.0,1.0,
1994-03-07,,,,,0.0,1.0,
1994-03-08,,,,,0.0,1.0,
1994-03-09,,,,,0.0,1.0,
1994-03-10,,,,,0.0,1.0,
1994-03-11,,,,,0.0,1.0,
1994-03-14,,,,,0.0,1.0,
1994-03-15,,,,,0.0,1.0,
1994-03-16,,,,,0.0,1.0,
1994-03-17,,,,,0.0,1.0,
1994-03-18,,,,,0.0,1.0,
1994-03-21,,,,,0.0,1.0,
1994-03-22,,,,,0.0,1.0,
1994-03-23,,,,,0.0,1.0,
1994-03-24,,,,,0.0,1.0,
1994-03-25,,,,,0.0,1.0,
1994-03-28,,,,,0.0,1.0,
1994-03-29,,,,,0.0,1.0,
1994-03-30,,,,,0.0,1.0,
1994-03-31,,,,,0.0,1.0,
1994-04-05,,,,,0.0,1.0,
1994-04-06,,,,,0.0,1.0,
1994-04-07,,,,,0.0,1.0,
1994-04-08,,,,,0.0,1.0,
1994-04-11,,,,,0.0,1.0,
1994-04-12,,,,,0.0,1.0,
1994-04-13,,,,,0.0,1.0,
1994-04-14,,,,,0.0,1.0,
1994-04-15,,,,,0.0,1.0,
1994-04-18,,,,,0.0,1.0,
1994-04-19,,,,,0.0,1.0,
1994-04-20,,,,,0.0,1.0,
1994-04-21,,,,,0.0,1.0,
1994-04-22,,,,,0.0,1.0,
1994-04-25,,,,,0.0,1.0,
1994-04-26,,,,,0.0,1.0,
1994-04-27,,,,,0.0,1.0,
1994-04-28,,,,,0.0,1.0,
1994-04-29,,,,,0.0,1.0,
1994-05-02,,,,,0.0,1.0,
1994-05-03,,,,,0.0,1.0,
1994-05-04,,,,,0.0,1.0,
1994-05-05,,,,,0.0,1.0,
1994-05-06,,,,,0.0,1.0,
1994-05-09,,,,,0.0,1.0,
1994-05-10,,,,,0.0,1.0,
1994-05-11,,,,,0.0,1.0,
1994-05-12,,,,,0.0,1.0,
1994-05-13,,,,,0.0,1.0,
1994-05-16,,,,,0.0,1.0,
1994-05-17,,,,,0.0,1.0,
1994-05-18,,,,,0.0,1.0,
1994-05-19,,,,,0.0,1.0,
1994-05-20,,,,,0.0,1.0,
1994-05-23,,,,,0.0,1.0,
1994-05-24,,,,,0.0,1.0,
1994-05-25,,,,,0.0,1.0,
1994-05-26,,,,,0.0,1.0,
1994-05-27,,,,,0.0,1.0,
1994-05-30,,,,,0.0,1.0,
1994-05-31,,,,,0.0,1.0,
1994-06-01,,,,,0.0,1.0,
1994-06-02,,,,,0.0,1.0,
1994-06-03,,,,,0.0,1.0,
1994-06-06,,,,,0.0,1.0,
1994-06-07,,,,,0.0,1.0,
1994-06-08,,,,,0.0,1.0,
1994-06-09,,,,,0.0,1.0,
1994-06-10,,,,,0.0,1.0,
1994-06-13,,,,,0.0,1.0,
1994-06-14,,,,,0.0,1.0,
1994-06-15,,,,,0.0,1.0,
1994-06-16,,,,,0.0,1.0,
1994-06-17,,,,,0.0,1.0,
1994-06-20,,,,,0.0,1.0,
1994-06-21,,,,,0.0,1.0,
1994-06-22,,,,,0.0,1.0,
1994-06-23,,,,,0.0,1.0,
1994-06-24,,,,,0.0,1.0,
1994-06-27,,,,,0.0,1.0,
1994-06-28,,,,,0.0,1.0,
1994-06-29,,,,,0.0,1.0,
1994-06-30,,,,,0.0,1.0,
1994-07-01,,,,,0.0,1.0,
1994-07-04,,,,,0.0,1.0,
1994-07-05,,,,,0.0,1.0,
1994-07-06,,,,,0.0,1.0,
1994-07-07,,,,,0.0,1.0,
1994-07-08,,,,,0.0,1.0,
1994-07-11,,,,,0.0,1.0,
1994-07-12,,,,,0.0,1.0,
1994-07-13,,,,,0.0,1.0,
1994-07-14,,,,,0.0,1.0,
1994-07-15,,,,,0.0,1.0,
1994-07-18,,,,,0.0,1.0,
1994-07-19,,,,,0.0,1.0,
1994-07-20,,,,,0.0,1.0,
1994-07-21,,,,,0.0,1.0,
1994-07-22,,,,,0.0,1.0,
1994-07-25,,,,,0.0,1.0,
1994-07-26,,,,,0.0,1.0,
1994-07-27,,,,,0.0,1.0,
1994-07-28,,,,,0.0,1.0,
1994-07-29,,,,,0.0,1.0,
1994-08-01,,,,,0.0,1.0,
1994-08-02,,,,,0.0,1.0,
1994-08-03,,,,,0.0,1.0,
1994-08-04,,,,,0.0,1.0,
1994-08-05,,,,,0.0,1.0,
1994-08-08,,,,,0.0,1.0,
1994-08-09,,,,,0.0,1.0,
1994-08-10,,,,,0.0,1.0,
1994-08-11,,,,,0.0,1.0,
1994-08-12,,,,,0.0,1.0,
1994-08-15,,,,,0.0,1.0,
1994-08-16,,,,,0.0,1.0,
1994-08-17,,,,,0.0,1.0,
1994-08-18,,,,,0.0,1.0,
1994-08-19,,,,,0.0,1.0,
1994-08-22,,,,,0.0,1.0,
1994-08-23,,,,,0.0,1.0,
1994-08-24,,,,,0.0,1.0,
1994-08-25,,,,,0.0,1.0,
1994-08-26,,,,,0.0,1.0,
1994-08-29,,,,,0.0,1.0,
1994-08-30,,,,,0.0,1.0,
1994-08-31,,,,,0.0,1.0,
1994-09-01,,,,,0.0,1.0,
1994-09-02,,,,,0.0,1.0,
1994-09-05,,,,,0.0,1.0,
1994-09-06,,,,,0.0,1.0,
1994-09-07,,,,,0.0,1.0,
1994-09-08,,,,,0.0,1.0,
1994-09-09,,,,,0.0,1.0,
1994-09-12,,,,,0.0,1.0,
1994-09-13,,,,,0.0,1.0,
1994-09-14,,,,,0.0,1.0,
1994-09-15,,,,,0.0,1.0,
1994-09-16,,,,,0.0,1.0,
1994-09-19,,,,,0.0,1.0,
1994-09-20,,,,,0.0,1.0,
1994-09-21,,,,,0.0,1.0,
1994-09-22,,,,,0.0,1.0,
1994-09-23,,,,,0.0,1.0,
1994-09-26,,,,,0.0,1.0,
1994-09-27,,,,,0.0,1.0,
1994-09-28,,,,,0.0,1.0,
1994-09-29,,,,,0.0,1.0,
1994-09-30,,,,,0.0,1.0,
1994-10-03,,,,,0.0,1.0,
1994-10-04,,,,,0.0,1.0,
1994-10-05,,,,,0.0,1.0,
1994-10-06,,,,,0.0,1.0,
1994-10-07,,,,,0.0,1.0,
1994-10-10,,,,,0.0,1.0,
1994-10-11,,,,,0.0,1.0,
1994-10-12,,,,,0.0,1.0,
1994-10-13,,,,,0.0,1.0,
1994-10-14,,,,,0.0,1.0,
1994-10-17,,,,,0.0,1.0,
1994-10-18,,,,,0.0,1.0,
1994-10-19,,,,,0.0,1.0,
1994-10-20,,,,,0.0,1.0,
1994-10-21,,,,,0.0,1.0,
1994-10-24,,,,,0.0,1.0,
1994-10-25,,,,,0.0,1.0,
1994-10-26,,,,,0.0,1.0,
1994-10-27,,,,,0.0,1.0,
1994-10-28,,,,,0.0,1.0,
1994-10-31,,,,,0.0,1.0,
1994-11-01,,,,,0.0,1.0,
1994-11-02,,,,,0.0,1.0,
1994-11-03,,,,,0.0,1.0,
1994-11-04,,,,,0.0,1.0,
1994-11-07,,,,,0.0,1.0,
1994-11-08,,,,,0.0,1.0,
1994-11-09,,,,,0.0,1.0,
1994-11-10,,,,,0.0,1.0,
1994-11-11,,,,,0.0,1.0,
1994-11-14,,,,,0.0,1.0,
1994-11-15,,,,,0.0,1.0,
1994-11-16,,,,,0.0,1.0,
1994-11-17,,,,,0.0,1.0,
1994-11-18,,,,,0.0,1.0,
1994-11-21,,,,,0.0,1.0,
1994-11-22,,,,,0.0,1.0,
1994-11-23,,,,,0.0,1.0,
1994-11-24,,,,,0.0,1.0,
1994-11-25,,,,,0.0,1.0,
1994-11-28,,,,,0.0,1.0,
1994-11-29,,,,,0.0,1.0,
1994-11-30,,,,,0.0,1.0,
1994-12-01,,,,,0.0,1.0,
1994-12-02,,,,,0.0,1.0,
1994-12-05,,,,,0.0,1.0,
1994-12-06,,,,,0.0,1.0,
1994-12-07,,,,,0.0,1.0,
1994-12-08,,,,,0.0,1.0,
1994-12-09,,,,,0.0,1.0,
1994-12-12,,,,,0.0,1.0,
1994-12-13,,,,,0.0,1.0,
1994-12-14,,,,,0.0,1.0,
1994-12-15,,,,,0.0,1.0,
1994-12-16,,,,,0.0,1.0,
1994-12-19,,,,,0.0,1.0,
1994-12-20,,,,,0.0,1.0,
1994-12-21,,,,,0.0,1.0,
1994-12-22,,,,,0.0,1.0,
1994-12-23,,,,,0.0,1.0,
1994-12-26,,,,,0.0,1.0,
1994-12-27,,,,,0.0,1.0,
1994-12-28,,,,,0.0,1.0,
1994-12-29,,,,,0.0,1.0,
1994-12-30,,,,,0.0,1.0,
1995-01-02,,,,,0.0,1.0,
1995-01-03,,,,,0.0,1.0,
1995-01-04,,,,,0.0,1.0,
1995-01-05,,,,,0.0,1.0,
1995-01-06,,,,,0.0,1.0,
1995-01-09,,,,,0.0,1.0,
1995-01-10,,,,,0.0,1.0,
1995-01-11,,,,,0.0,1.0,
1995-01-12,,,,,0.0,1.0,
1995-01-13,,,,,0.0,1.0,
1995-01-16,,,,,0.0,1.0,
1995-01-17,,,,,0.0,1.0,
1995-01-18,,,,,0.0,1.0,
1995-01-19,,,,,0.0,1.0,
1995-01-20,,,,,0.0,1.0,
1995-01-23,,,,,0.0,1.0,
1995-01-24,,,,,0.0,1.0,
1995-01-25,,,,,0.0,1.0,
1995-01-26,,,,,0.0,1.0,
1995-01-27,,,,,0.0,1.0,
1995-01-30,,,,,0.0,1.0,
1995-01-31,,,,,0.0,1.0,
1995-02-01,,,,,0.0,1.0,
1995-02-02,,,,,0.0,1.0,
1995-02-03,,,,,0.0,1.0,
1995-02-06,,,,,0.0,1.0,
1995-02-07,,,,,0.0,1.0,
1995-02-08,,,,,0.0,1.0,
1995-02-09,,,,,0.0,1.0,
1995-02-10,,,,,0.0,1.0,
1995-02-13,,,,,0.0,1.0,
1995-02-14,,,,,0.0,1.0,
1995-02-15,,,,,0.0,1.0,
1995-02-16,,,,,0.0,1.0,
1995-02-17,,,,,0.0,1.0,
1995-02-20,,,,,0.0,1.0,
1995-02-21,,,,,0.0,1.0,
1995-02-22,,,,,0.0,1.0,
1995-02-23,,,,,0.0,1.0,
1995-02-24,,,,,0.0,1.0,
1995-02-27,,,,,0.0,1.0,
1995-02-28,,,,,0.0,1.0,
1995-03-01,,,,,0.0,1.0,
1995-03-02,,,,,0.0,1.0,
1995-03-03,,,,,0.0,1.0,
1995-03-06,,,,,0.0,1.0,
1995-03-07,,,,,0.0,1.0,
1995-03-08,,,,,0.0,1.0,
1995-03-09,,,,,0.0,1.0,
1995-03-10,,,,,0.0,1.0,
1995-03-13,,,,,0.0,1.0,
1995-03-14,,,,,0.0,1.0,
1995-03-15,,,,,0.0,1.0,
1995-03-16,,,,,0.0,1.0,
1995-03-17,,,,,0.0,1.0,
1995-03-20,,,,,0.0,1.0,
1995-03-21,,,,,0.0,1.0,
1995-03-22,,,,,0.0,1.0,
1995-03-23,,,,,0.0,1.0,
1995-03-24,,,,,0.0,1.0,
1995-03-27,,,,,0.0,1.0,
1995-03-28,,,,,0.0,1.0,
1995-03-29,,,,,0.0,1.0,
1995-03-30,,,,,0.0,1.0,
1995-03-31,,,,,0.0,1.0,
1995-04-03,,,,,0.0,1.0,
1995-04-04,,,,,0.0,1.0,
1995-04-05,,,,,0.0,1.0,
1995-04-06,,,,,0.0,1.0,
1995-04-07,,,,,0.0,1.0,
1995-04-10,,,,,0.0,1.0,
1995-04-11,,,,,0.0,1.0,
1995-04-12,,,,,0.0,1.0,
1995-04-13,,,,,0.0,1.0,
1995-04-14,,,,,0.0,1.0,
1995-04-17,,,,,0.0,1.0,
1995-04-18,,,,,0.0,1.0,
1995-04-19,,,,,0.0,1.0,
1995-04-20,,,,,0.0,1.0,
1995-04-21,,,,,0.0,1.0,
1995-04-24,,,,,0.0,1.0,
1995-04-25,,,,,0.0,1.0,
1995-04-26,,,,,0.0,1.0,
1995-04-27,,,,,0.0,1.0,
1995-04-28,,,,,0.0,1.0,
1995-05-01,,,,,0.0,1.0,
1995-05-02,,,,,0.0,1.0,
1995-05-03,,,,,0.0,1.0,
1995-05-04,,,,,0.0,1.0,
1995-05-05,,,,,0.0,1.0,
1995-05-08,,,,,0.0,1.0,
1995-05-09,,,,,0.0,1.0,
1995-05-10,,,,,0.0,1.0,
1995-05-11,,,,,0.0,1.0,
1995-05-12,,,,,0.0,1.0,
1995-05-15,,,,,0.0,1.0,
1995-05-16,,,,,0.0,1.0,
1995-05-17,,,,,0.0,1.0,
1995-05-18,,,,,0.0,1.0,
1995-05-19,,,,,0.0,1.0,
1995-05-22,,,,,0.0,1.0,
1995-05-23,,,,,0.0,1.0,
1995-05-24,,,,,0.0,1.0,
1995-05-25,,,,,0.0,1.0,
1995-05-26,,,,,0.0,1.0,
1995-05-29,,,,,0.0,1.0,
1995-05-30,,,,,0.0,1.0,
1995-05-31,,,,,0.0,1.0,
1995-06-01,,,,,0.0,1.0,
1995-06-02,,,,,0.0,1.0,
1995-06-05,,,,,0.0,1.0,
1995-06-06,,,,,0.0,1.0,
1995-06-07,,,,,0.0,1.0,
1995-06-08,,,,,0.0,1.0,
1995-06-09,,,,,0.0,1.0,
1995-06-12,,,,,0.0,1.0,
1995-06-13,,,,,0.0,1.0,
1995-06-14,,,,,0.0,1.0,
1995-06-15,,,,,0.0,1.0,
1995-06-16,,,,,0.0,1.0,
1995-06-19,,,,,0.0,1.0,
1995-06-20,,,,,0.0,1.0,
1995-06-21,,,,,0.0,1.0,
1995-06-22,,,,,0.0,1.0,
1995-06-23,,,,,0.0,1.0,
1995-06-26,,,,,0.0,1.0,
1995-06-27,,,,,0.0,1.0,
1995-06-28,,,,,0.0,1.0,
1995-06-29,,,,,0.0,1.0,
1995-06-30,,,,,0.0,1.0,
1995-07-03,,,,,0.0,1.0,
1995-07-04,,,,,0.0,1.0,
1995-07-05,,,,,0.0,1.0,
1995-07-06,,,,,0.0,1.0,
1995-07-07,,,,,0.0,1.0,
1995-07-10,,,,,0.0,1.0,
1995-07-11,,,,,0.0,1.0,
1995-07-12,,,,,0.0,1.0,
1995-07-13,,,,,0.0,1.0,
1995-07-14,,,,,0.0,1.0,
1995-07-17,,,,,0.0,1.0,
1995-07-18,,,,,0.0,1.0,
1995-07-19,,,,,0.0,1.0,
1995-07-20,,,,,0.0,1.0,
1995-07-21,,,,,0.0,1.0,
1995-07-24,,,,,0.0,1.0,
1995-07-25,,,,,0.0,1.0,
1995-07-26,,,,,0.0,1.0,
1995-07-27,,,,,0.0,1.0,
1995-07-28,,,,,0.0,1.0,
1995-07-31,,,,,0.0,1.0,
1995-08-01,,,,,0.0,1.0,
1995-08-02,,,,,0.0,1.0,
1995-08-03,,,,,0.0,1.0,
1995-08-04,,,,,0.0,1.0,
1995-08-07,,,,,0.0,1.0,
1995-08-08,,,,,0.0,1.0,
1995-08-09,,,,,0.0,1.0,
1995-08-10,,,,,0.0,1.0,
1995-08-11,,,,,0.0,1.0,
1995-08-14,,,,,0.0,1.0,
1995-08-15,,,,,0.0,1.0,
1995-08-16,,,,,0.0,1.0,
1995-08-17,,,,,0.0,1.0,
1995-08-18,,,,,0.0,1.0,
1995-08-21,,,,,0.0,1.0,
1995-08-22,,,,,0.0,1.0,
1995-08-23,,,,,0.0,1.0,
1995-08-24,,,,,0.0,1.0,
1995-08-25,,,,,0.0,1.0,
1995-08-28,,,,,0.0,1.0,
1995-08-29,,,,,0.0,1.0,
1995-08-30,,,,,0.0,1.0,
1995-08-31,,,,,0.0,1.0,
1995-09-01,,,,,0.0,1.0,
1995-09-04,,,,,0.0,1.0,
1995-09-05,,,,,0.0,1.0,
1995-09-06,,,,,0.0,1.0,
1995-09-07,,,,,0.0,1.0,
1995-09-08,,,,,0.0,1.0,
1995-09-11,,,,,0.0,1.0,
1995-09-12,,,,,0.0,1.0,
1995-09-13,,,,,0.0,1.0,
1995-09-14,,,,,0.0,1.0,
1995-09-15,,,,,0.0,1.0,
1995-09-18,,,,,0.0,1.0,
1995-09-19,,,,,0.0,1.0,
1995-09-20,,,,,0.0,1.0,
1995-09-21,,,,,0.0,1.0,
1995-09-22,,,,,0.0,1.0,
1995-09-25,,,,,0.0,1.0,
1995-09-26,,,,,0.0,1.0,
1995-09-27,,,,,0.0,1.0,
1995-09-28,,,,,0.0,1.0,
1995-09-29,,,,,0.0,1.0,
1995-10-02,,,,,0.0,1.0,
1995-10-03,,,,,0.0,1.0,
1995-10-04,,,,,0.0,1.0,
1995-10-05,,,,,0.0,1.0,
1995-10-06,,,,,0.0,1.0,
1995-10-09,,,,,0.0,1.0,
1995-10-10,,,,,0.0,1.0,
1995-10-11,,,,,0.0,1.0,
1995-10-12,,,,,0.0,1.0,
1995-10-13,,,,,0.0,1.0,
1995-10-16,,,,,0.0,1.0,
1995-10-17,,,,,0.0,1.0,
1995-10-18,,,,,0.0,1.0,
1995-10-19,,,,,0.0,1.0,
1995-10-20,,,,,0.0,1.0,
1995-10-23,,,,,0.0,1.0,
1995-10-24,,,,,0.0,1.0,
1995-10-25,,,,,0.0,1.0,
1995-10-26,,,,,0.0,1.0,
1995-10-27,,,,,0.0,1.0,
1995-10-30,,,,,0.0,1.0,
1995-10-31,,,,,0.0,1.0,
1995-11-01,,,,,0.0,1.0,
1995-11-02,,,,,0.0,1.0,
1995-11-03,,,,,0.0,1.0,
1995-11-06,,,,,0.0,1.0,
1995-11-07,,,,,0.0,1.0,
1995-11-08,,,,,0.0,1.0,
1995-11-09,,,,,0.0,1.0,
1995-11-10,,,,,0.0,1.0,
1995-11-13,,,,,0.0,1.0,
1995-11-14,,,,,0.0,1.0,
1995-11-15,,,,,0.0,1.0,
1995-11-16,,,,,0.0,1.0,
1995-11-17,,,,,0.0,1.0,
1995-11-20,,,,,0.0,1.0,
1995-11-21,,,,,0.0,1.0,
1995-11-22,,,,,0.0,1.0,
1995-11-23,,,,,0.0,1.0,
1995-11-24,,,,,0.0,1.0,
1995-11-27,,,,,0.0,1.0,
1995-11-28,,,,,0.0,1.0,
1995-11-29,,,,,0.0,1.0,
1995-11-30,,,,,0.0,1.0,
1995-12-01,,,,,0.0,1.0,
1995-12-04,,,,,0.0,1.0,
1995-12-05,,,,,0.0,1.0,
1995-12-06,,,,,0.0,1.0,
1995-12-07,,,,,0.0,1.0,
1995-12-08,,,,,0.0,1.0,
1995-12-11,,,,,0.0,1.0,
1995-12-12,,,,,0.0,1.0,
1995-12-13,,,,,0.0,1.0,
1995-12-14,,,,,0.0,1.0,
1995-12-15,,,,,0.0,1.0,
1995-12-18,,,,,0.0,1.0,
1995-12-19,,,,,0.0,1.0,
1995-12-20,,,,,0.0,1.0,
1995-12-21,,,,,0.0,1.0,
1995-12-22,,,,,0.0,1.0,
1995-12-25,,,,,0.0,1.0,
1995-12-26,,,,,0.0,1.0,
1995-12-27,,,,,0.0,1.0,
1995-12-28,,,,,0.0,1.0,
1995-12-29,,,,,0.0,1.0,
1996-01-01,,,,,0.0,1.0,
1996-01-02,,,,,0.0,1.0,
1996-01-03,,,,,0.0,1.0,
1996-01-04,,,,,0.0,1.0,
1996-01-05,,,,,0.0,1.0,
1996-01-08,,,,,0.0,1.0,
1996-01-09,,,,,0.0,1.0,
1996-01-10,,,,,0.0,1.0,
1996-01-11,,,,,0.0,1.0,
1996-01-12,,,,,0.0,1.0,
1996-01-15,,,,,0.0,1.0,
1996-01-16,,,,,0.0,1.0,
1996-01-17,,,,,0.0,1.0,
1996-01-18,,,,,0.0,1.0,
1996-01-19,,,,,0.0,1.0,
1996-01-22,,,,,0.0,1.0,
1996-01-23,,,,,0.0,1.0,
1996-01-24,,,,,0.0,1.0,
1996-01-25,,,,,0.0,1.0,
1996-01-26,,,,,0.0,1.0,
1996-01-29,,,,,0.0,1.0,
1996-01-30,,,,,0.0,1.0,
1996-01-31,,,,,0.0,1.0,
1996-02-01,,,,,0.0,1.0,
1996-02-02,,,,,0.0,1.0,
1996-02-05,,,,,0.0,1.0,
1996-02-06,,,,,0.0,1.0,
1996-02-07,,,,,0.0,1.0,
1996-02-08,,,,,0.0,1.0,
1996-02-09,,,,,0.0,1.0,
1996-02-12,,,,,0.0,1.0,
1996-02-13,,,,,0.0,1.0,
1996-02-14,,,,,0.0,1.0,
1996-02-15,,,,,0.0,1.0,
1996-02-16,,,,,0.0,1.0,
1996-02-19,,,,,0.0,1.0,
1996-02-20,,,,,0.0,1.0,
1996-02-21,,,,,0.0,1.0,
1996-02-22,,,,,0.0,1.0,
1996-02-23,,,,,0.0,1.0,
1996-02-26,,,,,0.0,1.0,
1996-02-27,,,,,0.0,1.0,
1996-02-28,,,,,0.0,1.0,
1996-02-29,,,,,0.0,1.0,
1996-03-01,,,,,0.0,1.0,
1996-03-04,,,,,0.0,1.0,
1996-03-05,,,,,0.0,1.0,
1996-03-06,,,,,0.0,1.0,
1996-03-07,,,,,0.0,1.0,
1996-03-08,,,,,0.0,1.0,
1996-03-11,,,,,0.0,1.0,
1996-03-12,,,,,0.0,1.0,
1996-03-13,,,,,0.0,1.0,
1996-03-14,,,,,0.0,1.0,
1996-03-15,,,,,0.0,1.0,
1996-03-18,,,,,0.0,1.0,
1996-03-19,,,,,0.0,1.0,
1996-03-20,,,,,0.0,1.0,
1996-03-21,,,,,0.0,1.0,
1996-03-22,,,,,0.0,1.0,
1996-03-25,,,,,0.0,1.0,
1996-03-26,,,,,0.0,1.0,
1996-03-27,,,,,0.0,1.0,
1996-03-28,,,,,0.0,1.0,
1996-03-29,,,,,0.0,1.0,
1996-04-01,,,,,0.0,1.0,
1996-04-02,,,,,0.0,1.0,
1996-04-03,,,,,0.0,1.0,
1996-04-04,,,,,0.0,1.0,
1996-04-05,,,,,0.0,1.0,
1996-04-08,,,,,0.0,1.0,
1996-04-09,,,,,0.0,1.0,
1996-04-10,,,,,0.0,1.0,
1996-04-11,,,,,0.0,1.0,
1996-04-12,,,,,0.0,1.0,
1996-04-15,,,,,0.0,1.0,
1996-04-16,,,,,0.0,1.0,
1996-04-17,,,,,0.0,1.0,
1996-04-18,,,,,0.0,1.0,
1996-04-19,,,,,0.0,1.0,
1996-04-22,,,,,0.0,1.0,
1996-04-23,,,,,0.0,1.0,
1996-04-24,,,,,0.0,1.0,
1996-04-25,,,,,0.0,1.0,
1996-04-26,,,,,0.0,1.0,
1996-04-29,,,,,0.0,1.0,
1996-04-30,,,,,0.0,1.0,
1996-05-01,,,,,0.0,1.0,
1996-05-02,,,,,0.0,1.0,
1996-05-03,,,,,0.0,1.0,
1996-05-06,,,,,0.0,1.0,
1996-05-07,,,,,0.0,1.0,
1996-05-08,,,,,0.0,1.0,
1996-05-09,,,,,0.0,1.0,
1996-05-10,,,,,0.0,1.0,
1996-05-13,,,,,0.0,1.0,
1996-05-14,,,,,0.0,1.0,
1996-05-15,,,,,0.0,1.0,
1996-05-16,,,,,0.0,1.0,
1996-05-17,,,,,0.0,1.0,
1996-05-20,,,,,0.0,1.0,
1996-05-21,,,,,0.0,1.0,
1996-05-22,,,,,0.0,1.0,
1996-05-23,,,,,0.0,1.0,
1996-05-24,,,,,0.0,1.0,
1996-05-27,,,,,0.0,1.0,
1996-05-28,,,,,0.0,1.0,
1996-05-29,,,,,0.0,1.0,
1996-05-30,,,,,0.0,1.0,
1996-05-31,,,,,0.0,1.0,
1996-06-03,,,,,0.0,1.0,
1996-06-04,,,,,0.0,1.0,
1996-06-05,,,,,0.0,1.0,
1996-06-06,,,,,0.0,1.0,
1996-06-07,,,,,0.0,1.0,
1996-06-10,,,,,0.0,1.0,
1996-06-11,,,,,0.0,1.0,
1996-06-12,,,,,0.0,1.0,
1996-06-13,,,,,0.0,1.0,
1996-06-14,,,,,0.0,1.0,
1996-06-17,,,,,0.0,1.0,
1996-06-18,,,,,0.0,1.0,
1996-06-19,,,,,0.0,1.0,
1996-06-20,,,,,0.0,1.0,
1996-06-21,,,,,0.0,1.0,
1996-06-24,,,,,0.0,1.0,
1996-06-25,,,,,0.0,1.0,
1996-06-26,,,,,0.0,1.0,
1996-06-27,,,,,0.0,1.0,
1996-06-28,,,,,0.0,1.0,
1996-07-01,,,,,0.0,1.0,
1996-07-02,,,,,0.0,1.0,
1996-07-03,,,,,0.0,1.0,
1996-07-04,,,,,0.0,1.0,
1996-07-05,,,,,0.0,1.0,
1996-07-08,,,,,0.0,1.0,
1996-07-09,,,,,0.0,1.0,
1996-07-10,,,,,0.0,1.0,
1996-07-11,,,,,0.0,1.0,
1996-07-12,,,,,0.0,1.0,
1996-07-15,,,,,0.0,1.0,
1996-07-16,,,,,0.0,1.0,
1996-07-17,,,,,0.0,1.0,
1996-07-18,,,,,0.0,1.0,
1996-07-19,,,,,0.0,1.0,
1996-07-22,,,,,0.0,1.0,
1996-07-23,,,,,0.0,1.0,
1996-07-24,,,,,0.0,1.0,
1996-07-25,,,,,0.0,1.0,
1996-07-26,,,,,0.0,1.0,
1996-07-29,,,,,0.0,1.0,
1996-07-30,,,,,0.0,1.0,
1996-07-31,,,,,0.0,1.0,
1996-08-01,,,,,0.0,1.0,
1996-08-02,,,,,0.0,1.0,
1996-08-05,,,,,0.0,1.0,
1996-08-06,,,,,0.0,1.0,
1996-08-07,,,,,0.0,1.0,
1996-08-08,,,,,0.0,1.0,
1996-08-09,,,,,0.0,1.0,
1996-08-12,,,,,0.0,1.0,
1996-08-13,,,,,0.0,1.0,
1996-08-14,,,,,0.0,1.0,
1996-08-15,,,,,0.0,1.0,
1996-08-16,,,,,0.0,1.0,
1996-08-19,,,,,0.0,1.0,
1996-08-20,,,,,0.0,1.0,
1996-08-21,,,,,0.0,1.0,
1996-08-22,,,,,0.0,1.0,
1996-08-23,,,,,0.0,1.0,
1996-08-26,,,,,0.0,1.0,
1996-08-27,,,,,0.0,1.0,
1996-08-28,,,,,0.0,1.0,
1996-08-29,,,,,0.0,1.0,
1996-08-30,,,,,0.0,1.0,
1996-09-02,,,,,0.0,1.0,
1996-09-03,,,,,0.0,1.0,
1996-09-04,,,,,0.0,1.0,
1996-09-05,,,,,0.0,1.0,
1996-09-06,,,,,0.0,1.0,
1996-09-09,,,,,0.0,1.0,
1996-09-10,,,,,0.0,1.0,
1996-09-11,,,,,0.0,1.0,
1996-09-12,,,,,0.0,1.0,
1996-09-13,,,,,0.0,1.0,
1996-09-16,,,,,0.0,1.0,
1996-09-17,,,,,0.0,1.0,
1996-09-18,,,,,0.0,1.0,
1996-09-19,,,,,0.0,1.0,
1996-09-20,,,,,0.0,1.0,
1996-09-23,,,,,0.0,1.0,
1996-09-24,,,,,0.0,1.0,
1996-09-25,,,,,0.0,1.0,
1996-09-26,,,,,0.0,1.0,
1996-09-27,,,,,0.0,1.0,
1996-09-30,,,,,0.0,1.0,
1996-10-01,,,,,0.0,1.0,
1996-10-02,,,,,0.0,1.0,
1996-10-03,,,,,0.0,1.0,
1996-10-04,,,,,0.0,1.0,
1996-10-07,,,,,0.0,1.0,
1996-10-08,,,,,0.0,1.0,
1996-10-09,,,,,0.0,1.0,
1996-10-10,,,,,0.0,1.0,
1996-10-11,,,,,0.0,1.0,
1996-10-14,,,,,0.0,1.0,
1996-10-15,,,,,0.0,1.0,
1996-10-16,,,,,0.0,1.0,
1996-10-17,,,,,0.0,1.0,
1996-10-18,,,,,0.0,1.0,
1996-10-21,,,,,0.0,1.0,
1996-10-22,,,,,0.0,1.0,
1996-10-23,,,,,0.0,1.0,
1996-10-24,,,,,0.0,1.0,
1996-10-25,,,,,0.0,1.0,
1996-10-28,,,,,0.0,1.0,
1996-10-29,,,,,0.0,1.0,
1996-10-30,,,,,0.0,1.0,
1996-10-31,,,,,0.0,1.0,
1996-11-01,,,,,0.0,1.0,
1996-11-04,,,,,0.0,1.0,
1996-11-05,,,,,0.0,1.0,
1996-11-06,,,,,0.0,1.0,
1996-11-07,,,,,0.0,1.0,
1996-11-08,,,,,0.0,1.0,
1996-11-11,,,,,0.0,1.0,
1996-11-12,,,,,0.0,1.0,
1996-11-13,,,,,0.0,1.0,
1996-11-14,,,,,0.0,1.0,
1996-11-15,,,,,0.0,1.0,
1996-11-18,,,,,0.0,1.0,
1996-11-19,,,,,0.0,1.0,
1996-11-20,,,,,0.0,1.0,
1996-11-21,,,,,0.0,1.0,
1996-11-22,,,,,0.0,1.0,
1996-11-25,,,,,0.0,1.0,
1996-11-26,,,,,0.0,1.0,
1996-11-27,,,,,0.0,1.0,
1996-11-28,,,,,0.0,1.0,
1996-11-29,,,,,0.0,1.0,
1996-12-02,,,,,0.0,1.0,
1996-12-03,,,,,0.0,1.0,
1996-12-04,,,,,0.0,1.0,
1996-12-05,,,,,0.0,1.0,
1996-12-06,,,,,0.0,1.0,
1996-12-09,,,,,0.0,1.0,
1996-12-10,,,,,0.0,1.0,
1996-12-11,,,,,0.0,1.0,
1996-12-12,,,,,0.0,1.0,
1996-12-13,,,,,0.0,1.0,
1996-12-16,,,,,0.0,1.0,
1996-12-17,,,,,0.0,1.0,
1996-12-18,,,,,0.0,1.0,
1996-12-19,,,,,0.0,1.0,
1996-12-20,,,,,0.0,1.0,
1996-12-23,,,,,0.0,1.0,
1996-12-24,,,,,0.0,1.0,
1996-12-25,,,,,0.0,1.0,
1996-12-26,,,,,0.0,1.0,
1996-12-27,,,,,0.0,1.0,
1996-12-30,,,,,0.0,1.0,
1996-12-31,,,,,0.0,1.0,
1997-01-01,,,,,0.0,1.0,
1997-01-02,,,,,0.0,1.0,
1997-01-03,,,,,0.0,1.0,
1997-01-06,,,,,0.0,1.0,
1997-01-07,,,,,0.0,1.0,
1997-01-08,,,,,0.0,1.0,
1997-01-09,,,,,0.0,1.0,
1997-01-10,,,,,0.0,1.0,
1997-01-13,,,,,0.0,1.0,
1997-01-14,,,,,0.0,1.0,
1997-01-15,,,,,0.0,1.0,
1997-01-16,,,,,0.0,1.0,
1997-01-17,,,,,0.0,1.0,
1997-01-20,,,,,0.0,1.0,
1997-01-21,,,,,0.0,1.0,
1997-01-22,,,,,0.0,1.0,
1997-01-23,,,,,0.0,1.0,
1997-01-24,,,,,0.0,1.0,
1997-01-27,,,,,0.0,1.0,
1997-01-28,,,,,0.0,1.0,
1997-01-29,,,,,0.0,1.0,
1997-01-30,,,,,0.0,1.0,
1997-01-31,,,,,0.0,1.0,
1997-02-03,,,,,0.0,1.0,
1997-02-04,,,,,0.0,1.0,
1997-02-05,,,,,0.0,1.0,
1997-02-06,,,,,0.0,1.0,
1997-02-07,,,,,0.0,1.0,
1997-02-10,,,,,0.0,1.0,
1997-02-11,,,,,0.0,1.0,
1997-02-12,,,,,0.0,1.0,
1997-02-13,,,,,0.0,1.0,
1997-02-14,,,,,0.0,1.0,
1997-02-17,,,,,0.0,1.0,
1997-02-18,,,,,0.0,1.0,
1997-02-19,,,,,0.0,1.0,
1997-02-20,,,,,0.0,1.0,
1997-02-21,,,,,0.0,1.0,
1997-02-24,,,,,0.0,1.0,
1997-02-25,,,,,0.0,1.0,
1997-02-26,,,,,0.0,1.0,
1997-02-27,,,,,0.0,1.0,
1997-02-28,,,,,0.0,1.0,
1997-03-03,,,,,0.0,1.0,
1997-03-04,,,,,0.0,1.0,
1997-03-05,,,,,0.0,1.0,
1997-03-06,,,,,0.0,1.0,
1997-03-07,,,,,0.0,1.0,
1997-03-10,,,,,0.0,1.0,
1997-03-11,,,,,0.0,1.0,
1997-03-12,,,,,0.0,1.0,
1997-03-13,,,,,0.0,1.0,
1997-03-14,,,,,0.0,1.0,
1997-03-17,,,,,0.0,1.0,
1997-03-18,,,,,0.0,1.0,
1997-03-19,,,,,0.0,1.0,
1997-03-20,,,,,0.0,1.0,
1997-03-21,,,,,0.0,1.0,
1997-03-24,,,,,0.0,1.0,
1997-03-25,,,,,0.0,1.0,
1997-03-26,,,,,0.0,1.0,
1997-03-27,,,,,0.0,1.0,
1997-03-28,,,,,0.0,1.0,
1997-03-31,,,,,0.0,1.0,
1997-04-01,,,,,0.0,1.0,
1997-04-02,,,,,0.0,1.0,
1997-04-03,,,,,0.0,1.0,
1997-04-04,,,,,0.0,1.0,
1997-04-07,,,,,0.0,1.0,
1997-04-08,,,,,0.0,1.0,
1997-04-09,,,,,0.0,1.0,
1997-04-10,,,,,0.0,1.0,
1997-04-11,,,,,0.0,1.0,
1997-04-14,,,,,0.0,1.0,
1997-04-15,,,,,0.0,1.0,
1997-04-16,,,,,0.0,1.0,
1997-04-17,,,,,0.0,1.0,
1997-04-18,,,,,0.0,1.0,
1997-04-21,,,,,0.0,1.0,
1997-04-22,,,,,0.0,1.0,
1997-04-23,,,,,0.0,1.0,
1997-04-24,,,,,0.0,1.0,
1997-04-25,,,,,0.0,1.0,
1997-04-28,,,,,0.0,1.0,
1997-04-29,,,,,0.0,1.0,
1997-04-30,,,,,0.0,1.0,
1997-05-01,,,,,0.0,1.0,
1997-05-02,,,,,0.0,1.0,
1997-05-05,,,,,0.0,1.0,
1997-05-06,,,,,0.0,1.0,
1997-05-07,,,,,0.0,1.0,
1997-05-08,,,,,0.0,1.0,
1997-05-09,,,,,0.0,1.0,
1997-05-12,,,,,0.0,1.0,
1997-05-13,,,,,0.0,1.0,
1997-05-14,,,,,0.0,1.0,
1997-05-15,,,,,0.0,1.0,
1997-05-16,,,,,0.0,1.0,
1997-05-19,,,,,0.0,1.0,
1997-05-20,,,,,0.0,1.0,
1997-05-21,,,,,0.0,1.0,
1997-05-22,,,,,0.0,1.0,
1997-05-23,,,,,0.0,1.0,
1997-05-26,,,,,0.0,1.0,
1997-05-27,,,,,0.0,1.0,
1997-05-28,,,,,0.0,1.0,
1997-05-29,,,,,0.0,1.0,
1997-05-30,,,,,0.0,1.0,
1997-06-02,,,,,0.0,1.0,
1997-06-03,,,,,0.0,1.0,
1997-06-04,,,,,0.0,1.0,
1997-06-05,,,,,0.0,1.0,
1997-06-06,,,,,0.0,1.0,
1997-06-09,,,,,0.0,1.0,
1997-06-10,,,,,0.0,1.0,
1997-06-11,,,,,0.0,1.0,
1997-06-12,,,,,0.0,1.0,
1997-06-13,,,,,0.0,1.0,
1997-06-16,,,,,0.0,1.0,
1997-06-17,,,,,0.0,1.0,
1997-06-18,,,,,0.0,1.0,
1997-06-19,,,,,0.0,1.0,
1997-06-20,,,,,0.0,1.0,
1997-06-23,,,,,0.0,1.0,
1997-06-24,,,,,0.0,1.0,
1997-06-25,,,,,0.0,1.0,
1997-06-26,,,,,0.0,1.0,
1997-06-27,,,,,0.0,1.0,
1997-06-30,,,,,0.0,1.0,
1997-07-01,,,,,0.0,1.0,
1997-07-02,,,,,0.0,1.0,
1997-07-03,,,,,0.0,1.0,
1997-07-04,,,,,0.0,1.0,
1997-07-07,,,,,0.0,1.0,
1997-07-08,,,,,0.0,1.0,
1997-07-09,,,,,0.0,1.0,
1997-07-10,,,,,0.0,1.0,
1997-07-11,,,,,0.0,1.0,
1997-07-14,,,,,0.0,1.0,
1997-07-15,,,,,0.0,1.0,
1997-07-16,,,,,0.0,1.0,
1997-07-17,,,,,0.0,1.0,
1997-07-18,,,,,0.0,1.0,
1997-07-21,,,,,0.0,1.0,
1997-07-22,,,,,0.0,1.0,
1997-07-23,,,,,0.0,1.0,
1997-07-24,,,,,0.0,1.0,
1997-07-25,,,,,0.0,1.0,
1997-07-28,,,,,0.0,1.0,
1997-07-29,,,,,0.0,1.0,
1997-07-30,,,,,0.0,1.0,
1997-07-31,,,,,0.0,1.0,
1997-08-01,,,,,0.0,1.0,
1997-08-04,,,,,0.0,1.0,
1997-08-05,,,,,0.0,1.0,
1997-08-06,,,,,0.0,1.0,
1997-08-07,,,,,0.0,1.0,
1997-08-08,,,,,0.0,1.0,
1997-08-11,,,,,0.0,1.0,
1997-08-12,,,,,0.0,1.0,
1997-08-13,,,,,0.0,1.0,
1997-08-14,,,,,0.0,1.0,
1997-08-15,,,,,0.0,1.0,
1997-08-18,,,,,0.0,1.0,
1997-08-19,,,,,0.0,1.0,
1997-08-20,,,,,0.0,1.0,
1997-08-21,,,,,0.0,1.0,
1997-08-22,,,,,0.0,1.0,
1997-08-25,,,,,0.0,1.0,
1997-08-26,,,,,0.0,1.0,
1997-08-27,,,,,0.0,1.0,
1997-08-28,,,,,0.0,1.0,
1997-08-29,,,,,0.0,1.0,
1997-09-01,,,,,0.0,1.0,
1997-09-02,,,,,0.0,1.0,
1997-09-03,,,,,0.0,1.0,
1997-09-04,,,,,0.0,1.0,
1997-09-05,,,,,0.0,1.0,
1997-09-08,,,,,0.0,1.0,
1997-09-09,,,,,0.0,1.0,
1997-09-10,,,,,0.0,1.0,
1997-09-11,,,,,0.0,1.0,
1997-09-12,,,,,0.0,1.0,
1997-09-15,,,,,0.0,1.0,
1997-09-16,,,,,0.0,1.0,
1997-09-17,,,,,0.0,1.0,
1997-09-18,,,,,0.0,1.0,
1997-09-19,,,,,0.0,1.0,
1997-09-22,,,,,0.0,1.0,
1997-09-23,,,,,0.0,1.0,
1997-09-24,,,,,0.0,1.0,
1997-09-25,,,,,0.0,1.0,
1997-09-26,,,,,0.0,1.0,
1997-09-29,,,,,0.0,1.0,
1997-09-30,,,,,0.0,1.0,
1997-10-01,,,,,0.0,1.0,
1997-10-02,,,,,0.0,1.0,
1997-10-03,,,,,0.0,1.0,
1997-10-06,,,,,0.0,1.0,
1997-10-07,,,,,0.0,1.0,
1997-10-08,,,,,0.0,1.0,
1997-10-09,,,,,0.0,1.0,
1997-10-10,,,,,0.0,1.0,
1997-10-13,,,,,0.0,1.0,
1997-10-14,,,,,0.0,1.0,
1997-10-15,,,,,0.0,1.0,
1997-10-16,,,,,0.0,1.0,
1997-10-17,,,,,0.0,1.0,
1997-10-20,,,,,0.0,1.0,
1997-10-21,,,,,0.0,1.0,
1997-10-22,,,,,0.0,1.0,
1997-10-23,,,,,0.0,1.0,
1997-10-24,,,,,0.0,1.0,
1997-10-27,,,,,0.0,1.0,
1997-10-28,,,,,0.0,1.0,
1997-10-29,,,,,0.0,1.0,
1997-10-30,,,,,0.0,1.0,
1997-10-31,,,,,0.0,1.0,
1997-11-03,,,,,0.0,1.0,
1997-11-04,,,,,0.0,1.0,
1997-11-05,,,,,0.0,1.0,
1997-11-06,,,,,0.0,1.0,
1997-11-07,,,,,0.0,1.0,
1997-11-10,,,,,0.0,1.0,
1997-11-11,,,,,0.0,1.0,
1997-11-12,,,,,0.0,1.0,
1997-11-13,,,,,0.0,1.0,
1997-11-14,,,,,0.0,1.0,
1997-11-17,,,,,0.0,1.0,
1997-11-18,,,,,0.0,1.0,
1997-11-19,,,,,0.0,1.0,
1997-11-20,,,,,0.0,1.0,
1997-11-21,,,,,0.0,1.0,
1997-11-24,,,,,0.0,1.0,
1997-11-25,,,,,0.0,1.0,
1997-11-26,,,,,0.0,1.0,
1997-11-27,,,,,0.0,1.0,
1997-11-28,,,,,0.0,1.0,
1997-12-01,,,,,0.0,1.0,
1997-12-02,,,,,0.0,1.0,
1997-12-03,,,,,0.0,1.0,
1997-12-04,,,,,0.0,1.0,
1997-12-05,,,,,0.0,1.0,
1997-12-08,,,,,0.0,1.0,
1997-12-09,,,,,0.0,1.0,
1997-12-10,,,,,0.0,1.0,
1997-12-11,,,,,0.0,1.0,
1997-12-12,,,,,0.0,1.0,
1997-12-15,,,,,0.0,1.0,
1997-12-16,,,,,0.0,1.0,
1997-12-17,,,,,0.0,1.0,
1997-12-18,,,,,0.0,1.0,
1997-12-19,,,,,0.0,1.0,
1997-12-22,,,,,0.0,1.0,
1997-12-23,,,,,0.0,1.0,
1997-12-24,,,,,0.0,1.0,
1997-12-25,,,,,0.0,1.0,
1997-12-26,,,,,0.0,1.0,
1997-12-29,,,,,0.0,1.0,
1997-12-30,,,,,0.0,1.0,
1997-12-31,,,,,0.0,1.0,
1998-01-01,,,,,0.0,1.0,
1998-01-02,,,,,0.0,1.0,
1998-01-05,,,,,0.0,1.0,
1998-01-06,,,,,0.0,1.0,
1998-01-07,,,,,0.0,1.0,
1998-01-08,,,,,0.0,1.0,
1998-01-09,,,,,0.0,1.0,
1998-01-12,,,,,0.0,1.0,
1998-01-13,,,,,0.0,1.0,
1998-01-14,,,,,0.0,1.0,
1998-01-15,,,,,0.0,1.0,
1998-01-16,,,,,0.0,1.0,
1998-01-19,,,,,0.0,1.0,
1998-01-20,,,,,0.0,1.0,
1998-01-21,,,,,0.0,1.0,
1998-01-22,,,,,0.0,1.0,
1998-01-23,,,,,0.0,1.0,
1998-01-26,,,,,0.0,1.0,
1998-01-27,,,,,0.0,1.0,
1998-01-28,,,,,0.0,1.0,
1998-01-29,,,,,0.0,1.0,
1998-01-30,,,,,0.0,1.0,
1998-02-02,,,,,0.0,1.0,
1998-02-03,,,,,0.0,1.0,
1998-02-04,,,,,0.0,1.0,
1998-02-05,,,,,0.0,1.0,
1998-02-06,,,,,0.0,1.0,
1998-02-09,,,,,0.0,1.0,
1998-02-10,,,,,0.0,1.0,
1998-02-11,,,,,0.0,1.0,
1998-02-12,,,,,0.0,1.0,
1998-02-13,,,,,0.0,1.0,
1998-02-16,,,,,0.0,1.0,
1998-02-17,,,,,0.0,1.0,
1998-02-18,,,,,0.0,1.0,
1998-02-19,,,,,0.0,1.0,
1998-02-20,,,,,0.0,1.0,
1998-02-23,,,,,0.0,1.0,
1998-02-24,,,,,0.0,1.0,
1998-02-25,,,,,0.0,1.0,
1998-02-26,,,,,0.0,1.0,
1998-02-27,,,,,0.0,1.0,
1998-03-02,,,,,0.0,1.0,
1998-03-03,,,,,0.0,1.0,
1998-03-04,,,,,0.0,1.0,
1998-03-05,,,,,0.0,1.0,
1998-03-06,,,,,0.0,1.0,
1998-03-09,,,,,0.0,1.0,
1998-03-10,,,,,0.0,1.0,
1998-03-11,,,,,0.0,1.0,
1998-03-12,,,,,0.0,1.0,
1998-03-13,,,,,0.0,1.0,
1998-03-16,,,,,0.0,1.0,
1998-03-17,,,,,0.0,1.0,
1998-03-18,,,,,0.0,1.0,
1998-03-19,,,,,0.0,1.0,
1998-03-20,,,,,0.0,1.0,
1998-03-23,,,,,0.0,1.0,
1998-03-24,,,,,0.0,1.0,
1998-03-25,,,,,0.0,1.0,
1998-03-26,,,,,0.0,1.0,
1998-03-27,,,,,0.0,1.0,
1998-03-30,,,,,0.0,1.0,
1998-03-31,,,,,0.0,1.0,
1998-04-01,,,,,0.0,1.0,
1998-04-02,,,,,0.0,1.0,
1998-04-03,,,,,0.0,1.0,
1998-04-06,,,,,0.0,1.0,
1998-04-07,,,,,0.0,1.0,
1998-04-08,,,,,0.0,1.0,
1998-04-09,,,,,0.0,1.0,
1998-04-10,,,,,0.0,1.0,
1998-04-13,,,,,0.0,1.0,
1998-04-14,,,,,0.0,1.0,
1998-04-15,,,,,0.0,1.0,
1998-04-16,,,,,0.0,1.0,
1998-04-17,,,,,0.0,1.0,
1998-04-20,,,,,0.0,1.0,
1998-04-21,,,,,0.0,1.0,
1998-04-22,,,,,0.0,1.0,
1998-04-23,,,,,0.0,1.0,
1998-04-24,,,,,0.0,1.0,
1998-04-27,,,,,0.0,1.0,
1998-04-28,,,,,0.0,1.0,
1998-04-29,,,,,0.0,1.0,
1998-04-30,,,,,0.0,1.0,
1998-05-01,,,,,0.0,1.0,
1998-05-04,,,,,0.0,1.0,
1998-05-05,,,,,0.0,1.0,
1998-05-06,,,,,0.0,1.0,
1998-05-07,,,,,0.0,1.0,
1998-05-08,,,,,0.0,1.0,
1998-05-11,,,,,0.0,1.0,
1998-05-12,,,,,0.0,1.0,
1998-05-13,,,,,0.0,1.0,
1998-05-14,,,,,0.0,1.0,
1998-05-15,,,,,0.0,1.0,
1998-05-18,,,,,0.0,1.0,
1998-05-19,,,,,0.0,1.0,
1998-05-20,,,,,0.0,1.0,
1998-05-21,,,,,0.0,1.0,
1998-05-22,,,,,0.0,1.0,
1998-05-25,,,,,0.0,1.0,
1998-05-26,,,,,0.0,1.0,
1998-05-27,,,,,0.0,1.0,
1998-05-28,,,,,0.0,1.0,
1998-05-29,,,,,0.0,1.0,
1998-06-01,,,,,0.0,1.0,
1998-06-02,,,,,0.0,1.0,
1998-06-03,,,,,0.0,1.0,
1998-06-04,,,,,0.0,1.0,
1998-06-05,,,,,0.0,1.0,
1998-06-08,,,,,0.0,1.0,
1998-06-09,,,,,0.0,1.0,
1998-06-10,,,,,0.0,1.0,
1998-06-11,,,,,0.0,1.0,
1998-06-12,,,,,0.0,1.0,
1998-06-15,,,,,0.0,1.0,
1998-06-16,,,,,0.0,1.0,
1998-06-17,,,,,0.0,1.0,
1998-06-18,,,,,0.0,1.0,
1998-06-19,,,,,0.0,1.0,
1998-06-22,,,,,0.0,1.0,
1998-06-23,,,,,0.0,1.0,
1998-06-24,,,,,0.0,1.0,
1998-06-25,,,,,0.0,1.0,
1998-06-26,,,,,0.0,1.0,
1998-06-29,,,,,0.0,1.0,
1998-06-30,,,,,0.0,1.0,
1998-07-01,,,,,0.0,1.0,
1998-07-02,,,,,0.0,1.0,
1998-07-03,,,,,0.0,1.0,
1998-07-06,,,,,0.0,1.0,
1998-07-07,,,,,0.0,1.0,
1998-07-08,,,,,0.0,1.0,
1998-07-09,,,,,0.0,1.0,
1998-07-10,,,,,0.0,1.0,
1998-07-13,,,,,0.0,1.0,
1998-07-14,,,,,0.0,1.0,
1998-07-15,,,,,0.0,1.0,
1998-07-16,,,,,0.0,1.0,
1998-07-17,,,,,0.0,1.0,
1998-07-20,,,,,0.0,1.0,
1998-07-21,,,,,0.0,1.0,
1998-07-22,,,,,0.0,1.0,
1998-07-23,,,,,0.0,1.0,
1998-07-24,,,,,0.0,1.0,
1998-07-27,,,,,0.0,1.0,
1998-07-28,,,,,0.0,1.0,
1998-07-29,,,,,0.0,1.0,
1998-07-30,,,,,0.0,1.0,
1998-07-31,,,,,0.0,1.0,
1998-08-03,,,,,0.0,1.0,
1998-08-04,,,,,0.0,1.0,
1998-08-05,,,,,0.0,1.0,
1998-08-06,,,,,0.0,1.0,
1998-08-07,,,,,0.0,1.0,
1998-08-10,,,,,0.0,1.0,
1998-08-11,,,,,0.0,1.0,
1998-08-12,,,,,0.0,1.0,
1998-08-13,,,,,0.0,1.0,
1998-08-14,,,,,0.0,1.0,
1998-08-17,,,,,0.0,1.0,
1998-08-18,,,,,0.0,1.0,
1998-08-19,,,,,0.0,1.0,
1998-08-20,,,,,0.0,1.0,
1998-08-21,,,,,0.0,1.0,
1998-08-24,,,,,0.0,1.0,
1998-08-25,,,,,0.0,1.0,
1998-08-26,,,,,0.0,1.0,
1998-08-27,,,,,0.0,1.0,
1998-08-28,,,,,0.0,1.0,
1998-08-31,,,,,0.0,1.0,
1998-09-01,,,,,0.0,1.0,
1998-09-02,,,,,0.0,1.0,
1998-09-03,,,,,0.0,1.0,
1998-09-04,,,,,0.0,1.0,
1998-09-07,,,,,0.0,1.0,
1998-09-08,,,,,0.0,1.0,
1998-09-09,,,,,0.0,1.0,
1998-09-10,,,,,0.0,1.0,
1998-09-11,,,,,0.0,1.0,
1998-09-14,,,,,0.0,1.0,
1998-09-15,,,,,0.0,1.0,
1998-09-16,,,,,0.0,1.0,
1998-09-17,,,,,0.0,1.0,
1998-09-18,,,,,0.0,1.0,
1998-09-21,,,,,0.0,1.0,
1998-09-22,,,,,0.0,1.0,
1998-09-23,,,,,0.0,1.0,
1998-09-24,,,,,0.0,1.0,
1998-09-25,,,,,0.0,1.0,
1998-09-28,,,,,0.0,1.0,
1998-09-29,,,,,0.0,1.0,
1998-09-30,,,,,0.0,1.0,
1998-10-01,,,,,0.0,1.0,
1998-10-02,,,,,0.0,1.0,
1998-10-05,,,,,0.0,1.0,
1998-10-06,,,,,0.0,1.0,
1998-10-07,,,,,0.0,1.0,
1998-10-08,,,,,0.0,1.0,
1998-10-09,,,,,0.0,1.0,
1998-10-12,,,,,0.0,1.0,
1998-10-13,,,,,0.0,1.0,
1998-10-14,,,,,0.0,1.0,
1998-10-15,,,,,0.0,1.0,
1998-10-16,,,,,0.0,1.0,
1998-10-19,,,,,0.0,1.0,
1998-10-20,,,,,0.0,1.0,
1998-10-21,,,,,0.0,1.0,
1998-10-22,,,,,0.0,1.0,
1998-10-23,,,,,0.0,1.0,
1998-10-26,,,,,0.0,1.0,
1998-10-27,,,,,0.0,1.0,
1998-10-28,,,,,0.0,1.0,
1998-10-29,,,,,0.0,1.0,
1998-10-30,,,,,0.0,1.0,
1998-11-02,,,,,0.0,1.0,
1998-11-03,,,,,0.0,1.0,
1998-11-04,,,,,0.0,1.0,
1998-11-05,,,,,0.0,1.0,
1998-11-06,,,,,0.0,1.0,
1998-11-09,,,,,0.0,1.0,
1998-11-10,,,,,0.0,1.0,
1998-11-11,,,,,0.0,1.0,
1998-11-12,,,,,0.0,1.0,
1998-11-13,,,,,0.0,1.0,
1998-11-16,,,,,0.0,1.0,
1998-11-17,,,,,0.0,1.0,
1998-11-18,,,,,0.0,1.0,
1998-11-19,,,,,0.0,1.0,
1998-11-20,,,,,0.0,1.0,
1998-11-23,,,,,0.0,1.0,
1998-11-24,,,,,0.0,1.0,
1998-11-25,,,,,0.0,1.0,
1998-11-26,,,,,0.0,1.0,
1998-11-27,,,,,0.0,1.0,
1998-11-30,,,,,0.0,1.0,
1998-12-01,,,,,0.0,1.0,
1998-12-02,,,,,0.0,1.0,
1998-12-03,,,,,0.0,1.0,
1998-12-04,,,,,0.0,1.0,
1998-12-07,,,,,0.0,1.0,
1998-12-08,,,,,0.0,1.0,
1998-12-09,,,,,0.0,1.0,
1998-12-10,,,,,0.0,1.0,
1998-12-11,,,,,0.0,1.0,
1998-12-14,,,,,0.0,1.0,
1998-12-15,,,,,0.0,1.0,
1998-12-16,,,,,0.0,1.0,
1998-12-17,,,,,0.0,1.0,
1998-12-18,,,,,0.0,1.0,
1998-12-21,,,,,0.0,1.0,
1998-12-22,,,,,0.0,1.0,
1998-12-23,,,,,0.0,1.0,
1998-12-24,,,,,0.0,1.0,
1998-12-25,,,,,0.0,1.0,
1998-12-28,,,,,0.0,1.0,
1998-12-29,,,,,0.0,1.0,
1998-12-30,,,,,0.0,1.0,
1998-12-31,,,,,0.0,1.0,
1999-01-01,,,,,0.0,1.0,
1999-01-04,,,,,0.0,1.0,
1999-01-05,,,,,0.0,1.0,
1999-01-06,,,,,0.0,1.0,
1999-01-07,,,,,0.0,1.0,
1999-01-08,,,,,0.0,1.0,
1999-01-11,,,,,0.0,1.0,
1999-01-12,,,,,0.0,1.0,
1999-01-13,,,,,0.0,1.0,
1999-01-14,,,,,0.0,1.0,
1999-01-15,,,,,0.0,1.0,
1999-01-18,,,,,0.0,1.0,
1999-01-19,,,,,0.0,1.0,
1999-01-20,,,,,0.0,1.0,
1999-01-21,,,,,0.0,1.0,
1999-01-22,,,,,0.0,1.0,
1999-01-25,,,,,0.0,1.0,
1999-01-26,,,,,0.0,1.0,
1999-01-27,,,,,0.0,1.0,
1999-01-28,,,,,0.0,1.0,
1999-01-29,,,,,0.0,1.0,
1999-02-01,,,,,0.0,1.0,
1999-02-02,,,,,0.0,1.0,
1999-02-03,,,,,0.0,1.0,
1999-02-04,,,,,0.0,1.0,
1999-02-05,,,,,0.0,1.0,
1999-02-08,,,,,0.0,1.0,
1999-02-09,,,,,0.0,1.0,
1999-02-10,,,,,0.0,1.0,
1999-02-11,,,,,0.0,1.0,
1999-02-12,,,,,0.0,1.0,
1999-02-15,,,,,0.0,1.0,
1999-02-16,,,,,0.0,1.0,
1999-02-17,,,,,0.0,1.0,
1999-02-18,,,,,0.0,1.0,
1999-02-19,,,,,0.0,1.0,
1999-02-22,,,,,0.0,1.0,
1999-02-23,,,,,0.0,1.0,
1999-02-24,,,,,0.0,1.0,
1999-02-25,,,,,0.0,1.0,
1999-02-26,,,,,0.0,1.0,
1999-03-01,,,,,0.0,1.0,
1999-03-02,,,,,0.0,1.0,
1999-03-03,,,,,0.0,1.0,
1999-03-04,,,,,0.0,1.0,
1999-03-05,,,,,0.0,1.0,
1999-03-08,,,,,0.0,1.0,
1999-03-09,,,,,0.0,1.0,
1999-03-10,,,,,0.0,1.0,
1999-03-11,,,,,0.0,1.0,
1999-03-12,,,,,0.0,1.0,
1999-03-15,,,,,0.0,1.0,
1999-03-16,,,,,0.0,1.0,
1999-03-17,,,,,0.0,1.0,
1999-03-18,,,,,0.0,1.0,
1999-03-19,,,,,0.0,1.0,
1999-03-22,,,,,0.0,1.0,
1999-03-23,,,,,0.0,1.0,
1999-03-24,,,,,0.0,1.0,
1999-03-25,,,,,0.0,1.0,
1999-03-26,,,,,0.0,1.0,
1999-03-29,,,,,0.0,1.0,
1999-03-30,,,,,0.0,1.0,
1999-03-31,,,,,0.0,1.0,
1999-04-01,,,,,0.0,1.0,
1999-04-02,,,,,0.0,1.0,
1999-04-05,,,,,0.0,1.0,
1999-04-06,,,,,0.0,1.0,
1999-04-07,,,,,0.0,1.0,
1999-04-08,,,,,0.0,1.0,
1999-04-09,,,,,0.0,1.0,
1999-04-12,,,,,0.0,1.0,
1999-04-13,,,,,0.0,1.0,
1999-04-14,,,,,0.0,1.0,
1999-04-15,,,,,0.0,1.0,
1999-04-16,,,,,0.0,1.0,
1999-04-19,,,,,0.0,1.0,
1999-04-20,,,,,0.0,1.0,
1999-04-21,,,,,0.0,1.0,
1999-04-22,,,,,0.0,1.0,
1999-04-23,,,,,0.0,1.0,
1999-04-26,,,,,0.0,1.0,
1999-04-27,,,,,0.0,1.0,
1999-04-28,,,,,0.0,1.0,
1999-04-29,,,,,0.0,1.0,
1999-04-30,,,,,0.0,1.0,
1999-05-03,,,,,0.0,1.0,
1999-05-04,,,,,0.0,1.0,
1999-05-05,,,,,0.0,1.0,
1999-05-06,,,,,0.0,1.0,
1999-05-07,,,,,0.0,1.0,
1999-05-10,,,,,0.0,1.0,
1999-05-11,,,,,0.0,1.0,
1999-05-12,,,,,0.0,1.0,
1999-05-13,,,,,0.0,1.0,
1999-05-14,,,,,0.0,1.0,
1999-05-17,,,,,0.0,1.0,
1999-05-18,,,,,0.0,1.0,
1999-05-19,,,,,0.0,1.0,
1999-05-20,,,,,0.0,1.0,
1999-05-21,,,,,0.0,1.0,
1999-05-24,,,,,0.0,1.0,
1999-05-25,,,,,0.0,1.0,
1999-05-26,,,,,0.0,1.0,
1999-05-27,,,,,0.0,1.0,
1999-05-28,,,,,0.0,1.0,
1999-05-31,,,,,0.0,1.0,
1999-06-01,,,,,0.0,1.0,
1999-06-02,,,,,0.0,1.0,
1999-06-03,,,,,0.0,1.0,
1999-06-04,,,,,0.0,1.0,
1999-06-07,,,,,0.0,1.0,
1999-06-08,,,,,0.0,1.0,
1999-06-09,,,,,0.0,1.0,
1999-06-10,,,,,0.0,1.0,
1999-06-11,,,,,0.0,1.0,
1999-06-14,,,,,0.0,1.0,
1999-06-15,,,,,0.0,1.0,
1999-06-16,,,,,0.0,1.0,
1999-06-17,,,,,0.0,1.0,
1999-06-18,,,,,0.0,1.0,
1999-06-21,,,,,0.0,1.0,
1999-06-22,,,,,0.0,1.0,
1999-06-23,,,,,0.0,1.0,
1999-06-24,,,,,0.0,1.0,
1999-06-25,,,,,0.0,1.0,
1999-06-28,,,,,0.0,1.0,
1999-06-29,,,,,0.0,1.0,
1999-06-30,,,,,0.0,1.0,
1999-07-01,,,,,0.0,1.0,
1999-07-02,,,,,0.0,1.0,
1999-07-05,,,,,0.0,1.0,
1999-07-06,,,,,0.0,1.0,
1999-07-07,,,,,0.0,1.0,
1999-07-08,,,,,0.0,1.0,
1999-07-09,,,,,0.0,1.0,
1999-07-12,,,,,0.0,1.0,
1999-07-13,,,,,0.0,1.0,
1999-07-14,,,,,0.0,1.0,
1999-07-15,,,,,0.0,1.0,
1999-07-16,,,,,0.0,1.0,
1999-07-19,,,,,0.0,1.0,
1999-07-20,,,,,0.0,1.0,
1999-07-21,,,,,0.0,1.0,
1999-07-22,,,,,0.0,1.0,
1999-07-23,,,,,0.0,1.0,
1999-07-26,,,,,0.0,1.0,
1999-07-27,,,,,0.0,1.0,
1999-07-28,,,,,0.0,1.0,
1999-07-29,,,,,0.0,1.0,
1999-07-30,,,,,0.0,1.0,
1999-08-02,,,,,0.0,1.0,
1999-08-03,,,,,0.0,1.0,
1999-08-04,,,,,0.0,1.0,
1999-08-05,,,,,0.0,1.0,
1999-08-06,,,,,0.0,1.0,
1999-08-09,,,,,0.0,1.0,
1999-08-10,,,,,0.0,1.0,
1999-08-11,,,,,0.0,1.0,
1999-08-12,,,,,0.0,1.0,
1999-08-13,,,,,0.0,1.0,
1999-08-16,,,,,0.0,1.0,
1999-08-17,,,,,0.0,1.0,
1999-08-18,,,,,0.0,1.0,
1999-08-19,,,,,0.0,1.0,
1999-08-20,,,,,0.0,1.0,
1999-08-23,,,,,0.0,1.0,
1999-08-24,,,,,0.0,1.0,
1999-08-25,,,,,0.0,1.0,
1999-08-26,,,,,0.0,1.0,
1999-08-27,,,,,0.0,1.0,
1999-08-30,,,,,0.0,1.0,
1999-08-31,,,,,0.0,1.0,
1999-09-01,,,,,0.0,1.0,
1999-09-02,,,,,0.0,1.0,
1999-09-03,,,,,0.0,1.0,
1999-09-06,,,,,0.0,1.0,
1999-09-07,,,,,0.0,1.0,
1999-09-08,,,,,0.0,1.0,
1999-09-09,,,,,0.0,1.0,
1999-09-10,,,,,0.0,1.0,
1999-09-13,,,,,0.0,1.0,
1999-09-14,,,,,0.0,1.0,
1999-09-15,,,,,0.0,1.0,
1999-09-16,,,,,0.0,1.0,
1999-09-17,,,,,0.0,1.0,
1999-09-20,,,,,0.0,1.0,
1999-09-21,,,,,0.0,1.0,
1999-09-22,,,,,0.0,1.0,
1999-09-23,,,,,0.0,1.0,
1999-09-24,,,,,0.0,1.0,
1999-09-27,,,,,0.0,1.0,
1999-09-28,,,,,0.0,1.0,
1999-09-29,,,,,0.0,1.0,
1999-09-30,,,,,0.0,1.0,
1999-10-01,,,,,0.0,1.0,
1999-10-04,,,,,0.0,1.0,
1999-10-05,,,,,0.0,1.0,
1999-10-06,,,,,0.0,1.0,
1999-10-07,,,,,0.0,1.0,
1999-10-08,,,,,0.0,1.0,
1999-10-11,,,,,0.0,1.0,
1999-10-12,,,,,0.0,1.0,
1999-10-13,,,,,0.0,1.0,
1999-10-14,,,,,0.0,1.0,
1999-10-15,,,,,0.0,1.0,
1999-10-18,,,,,0.0,1.0,
1999-10-19,,,,,0.0,1.0,
1999-10-20,,,,,0.0,1.0,
1999-10-21,,,,,0.0,1.0,
1999-10-22,,,,,0.0,1.0,
1999-10-25,,,,,0.0,1.0,
1999-10-26,,,,,0.0,1.0,
1999-10-27,,,,,0.0,1.0,
1999-10-28,,,,,0.0,1.0,
1999-10-29,,,,,0.0,1.0,
1999-11-01,,,,,0.0,1.0,
1999-11-02,,,,,0.0,1.0,
1999-11-03,,,,,0.0,1.0,
1999-11-04,,,,,0.0,1.0,
1999-11-05,,,,,0.0,1.0,
1999-11-08,,,,,0.0,1.0,
1999-11-09,,,,,0.0,1.0,
1999-11-10,,,,,0.0,1.0,
1999-11-11,,,,,0.0,1.0,
1999-11-12,,,,,0.0,1.0,
1999-11-15,,,,,0.0,1.0,
1999-11-16,,,,,0.0,1.0,
1999-11-17,,,,,0.0,1.0,
1999-11-18,,,,,0.0,1.0,
1999-11-19,,,,,0.0,1.0,
1999-11-22,,,,,0.0,1.0,
1999-11-23,,,,,0.0,1.0,
1999-11-24,,,,,0.0,1.0,
1999-11-25,,,,,0.0,1.0,
1999-11-26,,,,,0.0,1.0,
1999-11-29,,,,,0.0,1.0,
1999-11-30,,,,,0.0,1.0,
1999-12-01,,,,,0.0,1.0,
1999-12-02,,,,,0.0,1.0,
1999-12-03,,,,,0.0,1.0,
1999-12-06,,,,,0.0,1.0,
1999-12-07,,,,,0.0,1.0,
1999-12-08,,,,,0.0,1.0,
1999-12-09,,,,,0.0,1.0,
1999-12-10,,,,,0.0,1.0,
1999-12-13,,,,,0.0,1.0,
1999-12-14,,,,,0.0,1.0,
1999-12-15,,,,,0.0,1.0,
1999-12-16,,,,,0.0,1.0,
1999-12-17,,,,,0.0,1.0,
1999-12-20,,,,,0.0,1.0,
1999-12-21,,,,,0.0,1.0,
1999-12-22,,,,,0.0,1.0,
1999-12-23,,,,,0.0,1.0,
1999-12-24,,,,,0.0,1.0,
1999-12-27,,,,,0.0,1.0,
1999-12-28,,,,,0.0,1.0,
1999-12-29,,,,,0.0,1.0,
1999-12-30,,,,,0.0,1.0,
1999-12-31,,,,,0.0,1.0,
2000-01-03,,,,,0.0,1.0,
2000-01-04,,,,,0.0,1.0,
2000-01-05,,,,,0.0,1.0,
2000-01-06,,,,,0.0,1.0,
2000-01-07,,,,,0.0,1.0,
2000-01-10,,,,,0.0,1.0,
2000-01-11,,,,,0.0,1.0,
2000-01-12,,,,,0.0,1.0,
2000-01-13,,,,,0.0,1.0,
2000-01-14,,,,,0.0,1.0,
2000-01-17,,,,,0.0,1.0,
2000-01-18,,,,,0.0,1.0,
2000-01-19,,,,,0.0,1.0,
2000-01-20,,,,,0.0,1.0,
2000-01-21,,,,,0.0,1.0,
2000-01-24,,,,,0.0,1.0,
2000-01-25,,,,,0.0,1.0,
2000-01-26,,,,,0.0,1.0,
2000-01-27,,,,,0.0,1.0,
2000-01-28,,,,,0.0,1.0,
2000-01-31,,,,,0.0,1.0,
2000-02-01,,,,,0.0,1.0,
2000-02-02,,,,,0.0,1.0,
2000-02-03,,,,,0.0,1.0,
2000-02-04,,,,,0.0,1.0,
2000-02-07,,,,,0.0,1.0,
2000-02-08,,,,,0.0,1.0,
2000-02-09,,,,,0.0,1.0,
2000-02-10,,,,,0.0,1.0,
2000-02-11,,,,,0.0,1.0,
2000-02-14,,,,,0.0,1.0,
2000-02-15,,,,,0.0,1.0,
2000-02-16,,,,,0.0,1.0,
2000-02-17,,,,,0.0,1.0,
2000-02-18,,,,,0.0,1.0,
2000-02-21,,,,,0.0,1.0,
2000-02-22,,,,,0.0,1.0,
2000-02-23,,,,,0.0,1.0,
2000-02-24,,,,,0.0,1.0,
2000-02-25,,,,,0.0,1.0,
2000-02-28,,,,,0.0,1.0,
2000-02-29,,,,,0.0,1.0,
2000-03-01,,,,,0.0,1.0,
2000-03-02,,,,,0.0,1.0,
2000-03-03,,,,,0.0,1.0,
2000-03-06,,,,,0.0,1.0,
2000-03-07,,,,,0.0,1.0,
2000-03-08,,,,,0.0,1.0,
2000-03-09,,,,,0.0,1.0,
2000-03-10,,,,,0.0,1.0,
2000-03-13,,,,,0.0,1.0,
2000-03-14,,,,,0.0,1.0,
2000-03-15,,,,,0.0,1.0,
2000-03-16,,,,,0.0,1.0,
2000-03-17,,,,,0.0,1.0,
2000-03-20,,,,,0.0,1.0,
2000-03-21,,,,,0.0,1.0,
2000-03-22,,,,,0.0,1.0,
2000-03-23,,,,,0.0,1.0,
2000-03-24,,,,,0.0,1.0,
2000-03-27,,,,,0.0,1.0,
2000-03-28,,,,,0.0,1.0,
2000-03-29,,,,,0.0,1.0,
2000-03-30,,,,,0.0,1.0,
2000-03-31,,,,,0.0,1.0,
2000-04-03,,,,,0.0,1.0,
2000-04-04,,,,,0.0,1.0,
2000-04-05,,,,,0.0,1.0,
2000-04-06,,,,,0.0,1.0,
2000-04-07,,,,,0.0,1.0,
2000-04-10,,,,,0.0,1.0,
2000-04-11,,,,,0.0,1.0,
2000-04-12,,,,,0.0,1.0,
2000-04-13,,,,,0.0,1.0,
2000-04-14,,,,,0.0,1.0,
2000-04-17,,,,,0.0,1.0,
2000-04-18,,,,,0.0,1.0,
2000-04-19,,,,,0.0,1.0,
2000-04-20,,,,,0.0,1.0,
2000-04-21,,,,,0.0,1.0,
2000-04-24,,,,,0.0,1.0,
2000-04-25,,,,,0.0,1.0,
2000-04-26,,,,,0.0,1.0,
2000-04-27,,,,,0.0,1.0,
2000-04-28,,,,,0.0,1.0,
2000-05-01,,,,,0.0,1.0,
2000-05-02,,,,,0.0,1.0,
2000-05-03,,,,,0.0,1.0,
2000-05-04,,,,,0.0,1.0,
2000-05-05,,,,,0.0,1.0,
2000-05-08,,,,,0.0,1.0,
2000-05-09,,,,,0.0,1.0,
2000-05-10,,,,,0.0,1.0,
2000-05-11,,,,,0.0,1.0,
2000-05-12,,,,,0.0,1.0,
2000-05-15,,,,,0.0,1.0,
2000-05-16,,,,,0.0,1.0,
2000-05-17,,,,,0.0,1.0,
2000-05-18,,,,,0.0,1.0,
2000-05-19,,,,,0.0,1.0,
2000-05-22,,,,,0.0,1.0,
2000-05-23,,,,,0.0,1.0,
2000-05-24,,,,,0.0,1.0,
2000-05-25,,,,,0.0,1.0,
2000-05-26,,,,,0.0,1.0,
2000-05-29,,,,,0.0,1.0,
2000-05-30,,,,,0.0,1.0,
2000-05-31,,,,,0.0,1.0,
2000-06-01,,,,,0.0,1.0,
2000-06-02,,,,,0.0,1.0,
2000-06-05,,,,,0.0,1.0,
2000-06-06,,,,,0.0,1.0,
2000-06-07,,,,,0.0,1.0,
2000-06-08,,,,,0.0,1.0,
2000-06-09,,,,,0.0,1.0,
2000-06-12,,,,,0.0,1.0,
2000-06-13,,,,,0.0,1.0,
2000-06-14,,,,,0.0,1.0,
2000-06-15,,,,,0.0,1.0,
2000-06-16,,,,,0.0,1.0,
2000-06-19,,,,,0.0,1.0,
2000-06-20,,,,,0.0,1.0,
2000-06-21,,,,,0.0,1.0,
2000-06-22,,,,,0.0,1.0,
2000-06-23,,,,,0.0,1.0,
2000-06-26,,,,,0.0,1.0,
2000-06-27,,,,,0.0,1.0,
2000-06-28,,,,,0.0,1.0,
2000-06-29,,,,,0.0,1.0,
2000-06-30,,,,,0.0,1.0,
2000-07-03,,,,,0.0,1.0,
2000-07-04,,,,,0.0,1.0,
2000-07-05,,,,,0.0,1.0,
2000-07-06,,,,,0.0,1.0,
2000-07-07,,,,,0.0,1.0,
2000-07-10,,,,,0.0,1.0,
2000-07-11,,,,,0.0,1.0,
2000-07-12,,,,,0.0,1.0,
2000-07-13,,,,,0.0,1.0,
2000-07-14,,,,,0.0,1.0,
2000-07-17,,,,,0.0,1.0,
2000-07-18,,,,,0.0,1.0,
2000-07-19,,,,,0.0,1.0,
2000-07-20,,,,,0.0,1.0,
2000-07-21,,,,,0.0,1.0,
2000-07-24,,,,,0.0,1.0,
2000-07-25,,,,,0.0,1.0,
2000-07-26,,,,,0.0,1.0,
2000-07-27,,,,,0.0,1.0,
2000-07-28,,,,,0.0,1.0,
2000-07-31,,,,,0.0,1.0,
2000-08-01,,,,,0.0,1.0,
2000-08-02,,,,,0.0,1.0,
2000-08-03,,,,,0.0,1.0,
2000-08-04,,,,,0.0,1.0,
2000-08-07,,,,,0.0,1.0,
2000-08-08,,,,,0.0,1.0,
2000-08-09,,,,,0.0,1.0,
2000-08-10,,,,,0.0,1.0,
2000-08-11,,,,,0.0,1.0,
2000-08-14,,,,,0.0,1.0,
2000-08-15,,,,,0.0,1.0,
2000-08-16,,,,,0.0,1.0,
2000-08-17,,,,,0.0,1.0,
2000-08-18,,,,,0.0,1.0,
2000-08-21,,,,,0.0,1.0,
2000-08-22,,,,,0.0,1.0,
2000-08-23,,,,,0.0,1.0,
2000-08-24,,,,,0.0,1.0,
2000-08-25,,,,,0.0,1.0,
2000-08-28,,,,,0.0,1.0,
2000-08-29,,,,,0.0,1.0,
2000-08-30,,,,,0.0,1.0,
2000-08-31,,,,,0.0,1.0,
2000-09-01,,,,,0.0,1.0,
2000-09-04,,,,,0.0,1.0,
2000-09-05,,,,,0.0,1.0,
2000-09-06,,,,,0.0,1.0,
2000-09-07,,,,,0.0,1.0,
2000-09-08,,,,,0.0,1.0,
2000-09-11,,,,,0.0,1.0,
2000-09-12,,,,,0.0,1.0,
2000-09-13,,,,,0.0,1.0,
2000-09-14,,,,,0.0,1.0,
2000-09-15,,,,,0.0,1.0,
2000-09-18,,,,,0.0,1.0,
2000-09-19,,,,,0.0,1.0,
2000-09-20,,,,,0.0,1.0,
2000-09-21,,,,,0.0,1.0,
2000-09-22,,,,,0.0,1.0,
2000-09-25,,,,,0.0,1.0,
2000-09-26,,,,,0.0,1.0,
2000-09-27,,,,,0.0,1.0,
2000-09-28,,,,,0.0,1.0,
2000-09-29,,,,,0.0,1.0,
2000-10-02,,,,,0.0,1.0,
2000-10-03,,,,,0.0,1.0,
2000-10-04,,,,,0.0,1.0,
2000-10-05,,,,,0.0,1.0,
2000-10-06,,,,,0.0,1.0,
2000-10-09,,,,,0.0,1.0,
2000-10-10,,,,,0.0,1.0,
2000-10-11,,,,,0.0,1.0,
2000-10-12,,,,,0.0,1.0,
2000-10-13,,,,,0.0,1.0,
2000-10-16,,,,,0.0,1.0,
2000-10-17,,,,,0.0,1.0,
2000-10-18,,,,,0.0,1.0,
2000-10-19,,,,,0.0,1.0,
2000-10-20,,,,,0.0,1.0,
2000-10-23,,,,,0.0,1.0,
2000-10-24,,,,,0.0,1.0,
2000-10-25,,,,,0.0,1.0,
2000-10-26,,,,,0.0,1.0,
2000-10-27,,,,,0.0,1.0,
2000-10-30,,,,,0.0,1.0,
2000-10-31,,,,,0.0,1.0,
2000-11-01,,,,,0.0,1.0,
2000-11-02,,,,,0.0,1.0,
2000-11-03,,,,,0.0,1.0,
2000-11-06,,,,,0.0,1.0,
2000-11-07,,,,,0.0,1.0,
2000-11-08,,,,,0.0,1.0,
2000-11-09,,,,,0.0,1.0,
2000-11-10,,,,,0.0,1.0,
2000-11-13,,,,,0.0,1.0,
2000-11-14,,,,,0.0,1.0,
2000-11-15,,,,,0.0,1.0,
2000-11-16,,,,,0.0,1.0,
2000-11-17,,,,,0.0,1.0,
2000-11-20,,,,,0.0,1.0,
2000-11-21,,,,,0.0,1.0,
2000-11-22,,,,,0.0,1.0,
2000-11-23,,,,,0.0,1.0,
2000-11-24,,,,,0.0,1.0,
2000-11-27,,,,,0.0,1.0,
2000-11-28,,,,,0.0,1.0,
2000-11-29,,,,,0.0,1.0,
2000-11-30,,,,,0.0,1.0,
2000-12-01,,,,,0.0,1.0,
2000-12-04,,,,,0.0,1.0,
2000-12-05,,,,,0.0,1.0,
2000-12-06,,,,,0.0,1.0,
2000-12-07,,,,,0.0,1.0,
2000-12-08,,,,,0.0,1.0,
2000-12-11,,,,,0.0,1.0,
2000-12-12,,,,,0.0,1.0,
2000-12-13,,,,,0.0,1.0,
2000-12-14,,,,,0.0,1.0,
2000-12-15,,,,,0.0,1.0,
2000-12-18,,,,,0.0,1.0,
2000-12-19,,,,,0.0,1.0,
2000-12-20,,,,,0.0,1.0,
2000-12-21,,,,,0.0,1.0,
2000-12-22,,,,,0.0,1.0,
2000-12-25,,,,,0.0,1.0,
2000-12-26,,,,,0.0,1.0,
2000-12-27,,,,,0.0,1.0,
2000-12-28,,,,,0.0,1.0,
2000-12-29,,,,,0.0,1.0,
2001-01-01,,,,,0.0,1.0,
2001-01-02,,,,,0.0,1.0,
2001-01-03,,,,,0.0,1.0,
2001-01-04,,,,,0.0,1.0,
2001-01-05,,,,,0.0,1.0,
2001-01-08,,,,,0.0,1.0,
2001-01-09,,,,,0.0,1.0,
2001-01-10,,,,,0.0,1.0,
2001-01-11,,,,,0.0,1.0,
2001-01-12,,,,,0.0,1.0,
2001-01-15,,,,,0.0,1.0,
2001-01-16,,,,,0.0,1.0,
2001-01-17,,,,,0.0,1.0,
2001-01-18,,,,,0.0,1.0,
2001-01-19,,,,,0.0,1.0,
2001-01-22,,,,,0.0,1.0,
2001-01-23,,,,,0.0,1.0,
2001-01-24,,,,,0.0,1.0,
2001-01-25,,,,,0.0,1.0,
2001-01-26,,,,,0.0,1.0,
2001-01-29,,,,,0.0,1.0,
2001-01-30,,,,,0.0,1.0,
2001-01-31,,,,,0.0,1.0,
2001-02-01,,,,,0.0,1.0,
2001-02-02,,,,,0.0,1.0,
2001-02-05,,,,,0.0,1.0,
2001-02-06,,,,,0.0,1.0,
2001-02-07,,,,,0.0,1.0,
2001-02-08,,,,,0.0,1.0,
2001-02-09,,,,,0.0,1.0,
2001-02-12,,,,,0.0,1.0,
2001-02-13,,,,,0.0,1.0,
2001-02-14,,,,,0.0,1.0,
2001-02-15,,,,,0.0,1.0,
2001-02-16,,,,,0.0,1.0,
2001-02-19,,,,,0.0,1.0,
2001-02-20,,,,,0.0,1.0,
2001-02-21,,,,,0.0,1.0,
2001-02-22,,,,,0.0,1.0,
2001-02-23,,,,,0.0,1.0,
2001-02-26,,,,,0.0,1.0,
2001-02-27,,,,,0.0,1.0,
2001-02-28,,,,,0.0,1.0,
2001-03-01,,,,,0.0,1.0,
2001-03-02,,,,,0.0,1.0,
2001-03-05,,,,,0.0,1.0,
2001-03-06,,,,,0.0,1.0,
2001-03-07,,,,,0.0,1.0,
2001-03-08,,,,,0.0,1.0,
2001-03-09,,,,,0.0,1.0,
2001-03-12,,,,,0.0,1.0,
2001-03-13,,,,,0.0,1.0,
2001-03-14,,,,,0.0,1.0,
2001-03-15,,,,,0.0,1.0,
2001-03-16,,,,,0.0,1.0,
2001-03-19,,,,,0.0,1.0,
2001-03-20,,,,,0.0,1.0,
2001-03-21,,,,,0.0,1.0,
2001-03-22,,,,,0.0,1.0,
2001-03-23,,,,,0.0,1.0,
2001-03-26,,,,,0.0,1.0,
2001-03-27,,,,,0.0,1.0,
2001-03-28,,,,,0.0,1.0,
2001-03-29,,,,,0.0,1.0,
2001-03-30,,,,,0.0,1.0,
2001-04-02,,,,,0.0,1.0,
2001-04-03,,,,,0.0,1.0,
2001-04-04,,,,,0.0,1.0,
2001-04-05,,,,,0.0,1.0,
2001-04-06,,,,,0.0,1.0,
2001-04-09,,,,,0.0,1.0,
2001-04-10,,,,,0.0,1.0,
2001-04-11,,,,,0.0,1.0,
2001-04-12,,,,,0.0,1.0,
2001-04-13,,,,,0.0,1.0,
2001-04-16,,,,,0.0,1.0,
2001-04-17,,,,,0.0,1.0,
2001-04-18,,,,,0.0,1.0,
2001-04-19,,,,,0.0,1.0,
2001-04-20,,,,,0.0,1.0,
2001-04-23,,,,,0.0,1.0,
2001-04-24,,,,,0.0,1.0,
2001-04-25,,,,,0.0,1.0,
2001-04-26,,,,,0.0,1.0,
2001-04-27,,,,,0.0,1.0,
2001-04-30,,,,,0.0,1.0,
2001-05-01,,,,,0.0,1.0,
2001-05-02,,,,,0.0,1.0,
2001-05-03,,,,,0.0,1.0,
2001-05-04,,,,,0.0,1.0,
2001-05-07,,,,,0.0,1.0,
2001-05-08,,,,,0.0,1.0,
2001-05-09,,,,,0.0,1.0,
2001-05-10,,,,,0.0,1.0,
2001-05-11,,,,,0.0,1.0,
2001-05-14,,,,,0.0,1.0,
2001-05-15,,,,,0.0,1.0,
2001-05-16,,,,,0.0,1.0,
2001-05-17,,,,,0.0,1.0,
2001-05-18,,,,,0.0,1.0,
2001-05-21,,,,,0.0,1.0,
2001-05-22,,,,,0.0,1.0,
2001-05-23,,,,,0.0,1.0,
2001-05-24,,,,,0.0,1.0,
2001-05-25,,,,,0.0,1.0,
2001-05-28,,,,,0.0,1.0,
2001-05-29,,,,,0.0,1.0,
2001-05-30,,,,,0.0,1.0,
2001-05-31,,,,,0.0,1.0,
2001-06-01,,,,,0.0,1.0,
2001-06-04,,,,,0.0,1.0,
2001-06-05,,,,,0.0,1.0,
2001-06-06,,,,,0.0,1.0,
2001-06-07,,,,,0.0,1.0,
2001-06-08,,,,,0.0,1.0,
2001-06-11,,,,,0.0,1.0,
2001-06-12,,,,,0.0,1.0,
2001-06-13,,,,,0.0,1.0,
2001-06-14,,,,,0.0,1.0,
2001-06-15,,,,,0.0,1.0,
2001-06-18,,,,,0.0,1.0,
2001-06-19,,,,,0.0,1.0,
2001-06-20,,,,,0.0,1.0,
2001-06-21,,,,,0.0,1.0,
2001-06-22,,,,,0.0,1.0,
2001-06-25,,,,,0.0,1.0,
2001-06-26,,,,,0.0,1.0,
2001-06-27,,,,,0.0,1.0,
2001-06-28,,,,,0.0,1.0,
2001-06-29,,,,,0.0,1.0,
2001-07-02,,,,,0.0,1.0,
2001-07-03,,,,,0.0,1.0,
2001-07-04,,,,,0.0,1.0,
2001-07-05,,,,,0.0,1.0,
2001-07-06,,,,,0.0,1.0,
2001-07-09,,,,,0.0,1.0,
2001-07-10,,,,,0.0,1.0,
2001-07-11,,,,,0.0,1.0,
2001-07-12,,,,,0.0,1.0,
2001-07-13,,,,,0.0,1.0,
2001-07-16,,,,,0.0,1.0,
2001-07-17,,,,,0.0,1.0,
2001-07-18,,,,,0.0,1.0,
2001-07-19,,,,,0.0,1.0,
2001-07-20,,,,,0.0,1.0,
2001-07-23,,,,,0.0,1.0,
2001-07-24,,,,,0.0,1.0,
2001-07-25,,,,,0.0,1.0,
2001-07-26,,,,,0.0,1.0,
2001-07-27,,,,,0.0,1.0,
2001-07-30,,,,,0.0,1.0,
2001-07-31,,,,,0.0,1.0,
2001-08-01,,,,,0.0,1.0,
2001-08-02,,,,,0.0,1.0,
2001-08-03,,,,,0.0,1.0,
2001-08-06,,,,,0.0,1.0,
2001-08-07,,,,,0.0,1.0,
2001-08-08,,,,,0.0,1.0,
2001-08-09,,,,,0.0,1.0,
2001-08-10,,,,,0.0,1.0,
2001-08-13,,,,,0.0,1.0,
2001-08-14,,,,,0.0,1.0,
2001-08-15,,,,,0.0,1.0,
2001-08-16,,,,,0.0,1.0,
2001-08-17,,,,,0.0,1.0,
2001-08-20,,,,,0.0,1.0,
2001-08-21,,,,,0.0,1.0,
2001-08-22,,,,,0.0,1.0,
2001-08-23,,,,,0.0,1.0,
2001-08-24,,,,,0.0,1.0,
2001-08-27,,,,,0.0,1.0,
2001-08-28,,,,,0.0,1.0,
2001-08-29,,,,,0.0,1.0,
2001-08-30,,,,,0.0,1.0,
2001-08-31,,,,,0.0,1.0,
2001-09-03,,,,,0.0,1.0,
2001-09-04,,,,,0.0,1.0,
2001-09-05,,,,,0.0,1.0,
2001-09-06,,,,,0.0,1.0,
2001-09-07,,,,,0.0,1.0,
2001-09-10,,,,,0.0,1.0,
2001-09-11,,,,,0.0,1.0,
2001-09-12,,,,,0.0,1.0,
2001-09-13,,,,,0.0,1.0,
2001-09-14,,,,,0.0,1.0,
2001-09-17,,,,,0.0,1.0,
2001-09-18,,,,,0.0,1.0,
2001-09-19,,,,,0.0,1.0,
2001-09-20,,,,,0.0,1.0,
2001-09-21,,,,,0.0,1.0,
2001-09-24,,,,,0.0,1.0,
2001-09-25,,,,,0.0,1.0,
2001-09-26,,,,,0.0,1.0,
2001-09-27,,,,,0.0,1.0,
2001-09-28,,,,,0.0,1.0,
2001-10-01,,,,,0.0,1.0,
2001-10-02,,,,,0.0,1.0,
2001-10-03,,,,,0.0,1.0,
2001-10-04,,,,,0.0,1.0,
2001-10-05,,,,,0.0,1.0,
2001-10-08,,,,,0.0,1.0,
2001-10-09,,,,,0.0,1.0,
2001-10-10,,,,,0.0,1.0,
2001-10-11,,,,,0.0,1.0,
2001-10-12,,,,,0.0,1.0,
2001-10-15,,,,,0.0,1.0,
2001-10-16,,,,,0.0,1.0,
2001-10-17,,,,,0.0,1.0,
2001-10-18,,,,,0.0,1.0,
2001-10-19,,,,,0.0,1.0,
2001-10-22,,,,,0.0,1.0,
2001-10-23,,,,,0.0,1.0,
2001-10-24,,,,,0.0,1.0,
2001-10-25,,,,,0.0,1.0,
2001-10-26,,,,,0.0,1.0,
2001-10-29,,,,,0.0,1.0,
2001-10-30,,,,,0.0,1.0,
2001-10-31,,,,,0.0,1.0,
2001-11-01,,,,,0.0,1.0,
2001-11-02,,,,,0.0,1.0,
2001-11-05,,,,,0.0,1.0,
2001-11-06,,,,,0.0,1.0,
2001-11-07,,,,,0.0,1.0,
2001-11-08,,,,,0.0,1.0,
2001-11-09,,,,,0.0,1.0,
2001-11-12,,,,,0.0,1.0,
2001-11-13,,,,,0.0,1.0,
2001-11-14,,,,,0.0,1.0,
2001-11-15,,,,,0.0,1.0,
2001-11-16,,,,,0.0,1.0,
2001-11-19,,,,,0.0,1.0,
2001-11-20,,,,,0.0,1.0,
2001-11-21,,,,,0.0,1.0,
2001-11-22,,,,,0.0,1.0,
2001-11-23,,,,,0.0,1.0,
2001-11-26,,,,,0.0,1.0,
2001-11-27,,,,,0.0,1.0,
2001-11-28,,,,,0.0,1.0,
2001-11-29,,,,,0.0,1.0,
2001-11-30,,,,,0.0,1.0,
2001-12-01,,,,,0.0,1.0,
2001-12-03,,,,,0.0,1.0,
2001-12-04,,,,,0.0,1.0,
2001-12-05,,,,,0.0,1.0,
2001-12-06,,,,,0.0,1.0,
2001-12-07,,,,,0.0,1.0,
2001-12-10,,,,,0.0,1.0,
2001-12-11,,,,,0.0,1.0,
2001-12-12,,,,,0.0,1.0,
2001-12-13,,,,,0.0,1.0,
2001-12-14,,,,,0.0,1.0,
2001-12-17,,,,,0.0,1.0,
2001-12-18,,,,,0.0,1.0,
2001-12-19,,,,,0.0,1.0,
2001-12-20,,,,,0.0,1.0,
2001-12-21,,,,,0.0,1.0,
2001-12-24,,,,,0.0,1.0,
2001-12-25,,,,,0.0,1.0,
2001-12-26,,,,,0.0,1.0,
2001-12-27,,,,,0.0,1.0,
2001-12-28,,,,,0.0,1.0,
2001-12-31,,,,,0.0,1.0,
2002-01-01,,,,,0.0,1.0,
2002-01-02,,,,,0.0,1.0,
2002-01-03,,,,,0.0,1.0,
2002-01-04,,,,,0.0,1.0,
2002-01-07,,,,,0.0,1.0,
2002-01-08,,,,,0.0,1.0,
2002-01-09,,,,,0.0,1.0,
2002-01-10,,,,,0.0,1.0,
2002-01-11,,,,,0.0,1.0,
2002-01-14,,,,,0.0,1.0,
2002-01-15,,,,,0.0,1.0,
2002-01-16,,,,,0.0,1.0,
2002-01-17,,,,,0.0,1.0,
2002-01-18,,,,,0.0,1.0,
2002-01-21,,,,,0.0,1.0,
2002-01-22,,,,,0.0,1.0,
2002-01-23,,,,,0.0,1.0,
2002-01-24,,,,,0.0,1.0,
2002-01-25,,,,,0.0,1.0,
2002-01-28,,,,,0.0,1.0,
2002-01-29,,,,,0.0,1.0,
2002-01-30,,,,,0.0,1.0,
2002-01-31,,,,,0.0,1.0,
2002-02-01,,,,,0.0,1.0,
2002-02-04,,,,,0.0,1.0,
2002-02-05,,,,,0.0,1.0,
2002-02-06,,,,,0.0,1.0,
2002-02-07,,,,,0.0,1.0,
2002-02-08,,,,,0.0,1.0,
2002-02-11,,,,,0.0,1.0,
2002-02-12,,,,,0.0,1.0,
2002-02-13,,,,,0.0,1.0,
2002-02-14,,,,,0.0,1.0,
2002-02-15,,,,,0.0,1.0,
2002-02-18,,,,,0.0,1.0,
2002-02-19,,,,,0.0,1.0,
2002-02-20,,,,,0.0,1.0,
2002-02-21,,,,,0.0,1.0,
2002-02-22,,,,,0.0,1.0,
2002-02-25,,,,,0.0,1.0,
2002-02-26,,,,,0.0,1.0,
2002-02-27,,,,,0.0,1.0,
2002-02-28,,,,,0.0,1.0,
2002-03-01,,,,,0.0,1.0,
2002-03-04,,,,,0.0,1.0,
2002-03-05,,,,,0.0,1.0,
2002-03-06,,,,,0.0,1.0,
2002-03-07,,,,,0.0,1.0,
2002-03-08,,,,,0.0,1.0,
2002-03-11,,,,,0.0,1.0,
2002-03-12,,,,,0.0,1.0,
2002-03-13,,,,,0.0,1.0,
2002-03-14,,,,,0.0,1.0,
2002-03-15,,,,,0.0,1.0,
2002-03-18,,,,,0.0,1.0,
2002-03-19,,,,,0.0,1.0,
2002-03-20,,,,,0.0,1.0,
2002-03-21,,,,,0.0,1.0,
2002-03-22,,,,,0.0,1.0,
2002-03-25,,,,,0.0,1.0,
2002-03-26,,,,,0.0,1.0,
2002-03-27,,,,,0.0,1.0,
2002-03-28,,,,,0.0,1.0,
2002-03-29,,,,,0.0,1.0,
2002-04-01,,,,,0.0,1.0,
2002-04-02,,,,,0.0,1.0,
2002-04-03,,,,,0.0,1.0,
2002-04-04,,,,,0.0,1.0,
2002-04-05,,,,,0.0,1.0,
2002-04-08,,,,,0.0,1.0,
2002-04-09,,,,,0.0,1.0,
2002-04-10,,,,,0.0,1.0,
2002-04-11,,,,,0.0,1.0,
2002-04-12,,,,,0.0,1.0,
2002-04-15,,,,,0.0,1.0,
2002-04-16,,,,,0.0,1.0,
2002-04-17,,,,,0.0,1.0,
2002-04-18,,,,,0.0,1.0,
2002-04-19,,,,,0.0,1.0,
2002-04-22,,,,,0.0,1.0,
2002-04-23,,,,,0.0,1.0,
2002-04-24,,,,,0.0,1.0,
2002-04-25,,,,,0.0,1.0,
2002-04-26,,,,,0.0,1.0,
2002-04-29,,,,,0.0,1.0,
2002-04-30,,,,,0.0,1.0,
2002-05-01,,,,,0.0,1.0,
2002-05-02,,,,,0.0,1.0,
2002-05-03,,,,,0.0,1.0,
2002-05-06,,,,,0.0,1.0,
2002-05-07,,,,,0.0,1.0,
2002-05-08,,,,,0.0,1.0,
2002-05-09,,,,,0.0,1.0,
2002-05-10,,,,,0.0,1.0,
2002-05-13,,,,,0.0,1.0,
2002-05-14,,,,,0.0,1.0,
2002-05-15,,,,,0.0,1.0,
2002-05-16,,,,,0.0,1.0,
2002-05-17,,,,,0.0,1.0,
2002-05-20,,,,,0.0,1.0,
2002-05-21,,,,,0.0,1.0,
2002-05-22,,,,,0.0,1.0,
2002-05-23,,,,,0.0,1.0,
2002-05-24,,,,,0.0,1.0,
2002-05-27,,,,,0.0,1.0,
2002-05-28,,,,,0.0,1.0,
2002-05-29,,,,,0.0,1.0,
2002-05-30,,,,,0.0,1.0,
2002-05-31,,,,,0.0,1.0,
2002-06-03,,,,,0.0,1.0,
2002-06-04,,,,,0.0,1.0,
2002-06-05,,,,,0.0,1.0,
2002-06-06,,,,,0.0,1.0,
2002-06-07,,,,,0.0,1.0,
2002-06-10,,,,,0.0,1.0,
2002-06-11,,,,,0.0,1.0,
2002-06-12,,,,,0.0,1.0,
2002-06-13,,,,,0.0,1.0,
2002-06-14,,,,,0.0,1.0,
2002-06-17,,,,,0.0,1.0,
2002-06-18,,,,,0.0,1.0,
2002-06-19,,,,,0.0,1.0,
2002-06-20,,,,,0.0,1.0,
2002-06-21,,,,,0.0,1.0,
2002-06-24,,,,,0.0,1.0,
2002-06-25,,,,,0.0,1.0,
2002-06-26,,,,,0.0,1.0,
2002-06-27,,,,,0.0,1.0,
2002-06-28,,,,,0.0,1.0,
2002-07-01,,,,,0.0,1.0,
2002-07-02,,,,,0.0,1.0,
2002-07-03,,,,,0.0,1.0,
2002-07-04,,,,,0.0,1.0,
2002-07-05,,,,,0.0,1.0,
2002-07-08,,,,,0.0,1.0,
2002-07-09,,,,,0.0,1.0,
2002-07-10,,,,,0.0,1.0,
2002-07-11,,,,,0.0,1.0,
2002-07-12,,,,,0.0,1.0,
2002-07-15,,,,,0.0,1.0,
2002-07-16,,,,,0.0,1.0,
2002-07-17,,,,,0.0,1.0,
2002-07-18,,,,,0.0,1.0,
2002-07-19,,,,,0.0,1.0,
2002-07-22,,,,,0.0,1.0,
2002-07-23,,,,,0.0,1.0,
2002-07-24,,,,,0.0,1.0,
2002-07-25,,,,,0.0,1.0,
2002-07-26,,,,,0.0,1.0,
2002-07-29,,,,,0.0,1.0,
2002-07-30,,,,,0.0,1.0,
2002-07-31,,,,,0.0,1.0,
2002-08-01,,,,,0.0,1.0,
2002-08-02,,,,,0.0,1.0,
2002-08-05,,,,,0.0,1.0,
2002-08-06,,,,,0.0,1.0,
2002-08-07,,,,,0.0,1.0,
2002-08-08,,,,,0.0,1.0,
2002-08-09,,,,,0.0,1.0,
2002-08-12,,,,,0.0,1.0,
2002-08-13,,,,,0.0,1.0,
2002-08-14,,,,,0.0,1.0,
2002-08-15,,,,,0.0,1.0,
2002-08-16,,,,,0.0,1.0,
2002-08-19,,,,,0.0,1.0,
2002-08-20,,,,,0.0,1.0,
2002-08-21,,,,,0.0,1.0,
2002-08-22,,,,,0.0,1.0,
2002-08-23,,,,,0.0,1.0,
2002-08-26,,,,,0.0,1.0,
2002-08-27,,,,,0.0,1.0,
2002-08-28,,,,,0.0,1.0,
2002-08-29,,,,,0.0,1.0,
2002-08-30,,,,,0.0,1.0,
2002-09-02,,,,,0.0,1.0,
2002-09-03,,,,,0.0,1.0,
2002-09-04,,,,,0.0,1.0,
2002-09-05,,,,,0.0,1.0,
2002-09-06,,,,,0.0,1.0,
2002-09-09,,,,,0.0,1.0,
2002-09-10,,,,,0.0,1.0,
2002-09-11,,,,,0.0,1.0,
2002-09-12,,,,,0.0,1.0,
2002-09-13,,,,,0.0,1.0,
2002-09-16,,,,,0.0,1.0,
2002-09-17,,,,,0.0,1.0,
2002-09-18,,,,,0.0,1.0,
2002-09-19,,,,,0.0,1.0,
2002-09-20,,,,,0.0,1.0,
2002-09-23,,,,,0.0,1.0,
2002-09-24,,,,,0.0,1.0,
2002-09-25,,,,,0.0,1.0,
2002-09-26,,,,,0.0,1.0,
2002-09-27,,,,,0.0,1.0,
2002-09-30,,,,,0.0,1.0,
2002-10-01,,,,,0.0,1.0,
2002-10-02,,,,,0.0,1.0,
2002-10-03,,,,,0.0,1.0,
2002-10-04,,,,,0.0,1.0,
2002-10-07,,,,,0.0,1.0,
2002-10-08,,,,,0.0,1.0,
2002-10-09,,,,,0.0,1.0,
2002-10-10,,,,,0.0,1.0,
2002-10-11,,,,,0.0,1.0,
2002-10-14,,,,,0.0,1.0,
2002-10-15,,,,,0.0,1.0,
2002-10-16,,,,,0.0,1.0,
2002-10-17,,,,,0.0,1.0,
2002-10-18,,,,,0.0,1.0,
2002-10-21,,,,,0.0,1.0,
2002-10-22,,,,,0.0,1.0,
2002-10-23,,,,,0.0,1.0,
2002-10-24,,,,,0.0,1.0,
2002-10-25,,,,,0.0,1.0,
2002-10-28,,,,,0.0,1.0,
2002-10-29,,,,,0.0,1.0,
2002-10-30,,,,,0.0,1.0,
2002-10-31,,,,,0.0,1.0,
2002-11-01,,,,,0.0,1.0,
2002-11-04,,,,,0.0,1.0,
2002-11-05,,,,,0.0,1.0,
2002-11-06,,,,,0.0,1.0,
2002-11-07,,,,,0.0,1.0,
2002-11-08,,,,,0.0,1.0,
2002-11-11,,,,,0.0,1.0,
2002-11-12,,,,,0.0,1.0,
2002-11-13,,,,,0.0,1.0,
2002-11-14,,,,,0.0,1.0,
2002-11-15,,,,,0.0,1.0,
2002-11-18,,,,,0.0,1.0,
2002-11-19,,,,,0.0,1.0,
2002-11-20,,,,,0.0,1.0,
2002-11-21,,,,,0.0,1.0,
2002-11-22,,,,,0.0,1.0,
2002-11-25,,,,,0.0,1.0,
2002-11-26,,,,,0.0,1.0,
2002-11-27,,,,,0.0,1.0,
2002-11-28,,,,,0.0,1.0,
2002-11-29,,,,,0.0,1.0,
2002-12-02,,,,,0.0,1.0,
2002-12-03,,,,,0.0,1.0,
2002-12-04,,,,,0.0,1.0,
2002-12-05,,,,,0.0,1.0,
2002-12-06,,,,,0.0,1.0,
2002-12-09,,,,,0.0,1.0,
2002-12-10,,,,,0.0,1.0,
2002-12-11,,,,,0.0,1.0,
2002-12-12,,,,,0.0,1.0,
2002-12-13,,,,,0.0,1.0,
2002-12-16,,,,,0.0,1.0,
2002-12-17,,,,,0.0,1.0,
2002-12-18,,,,,0.0,1.0,
2002-12-19,,,,,0.0,1.0,
2002-12-20,,,,,0.0,1.0,
2002-12-23,,,,,0.0,1.0,
2002-12-24,,,,,0.0,1.0,
2002-12-25,,,,,0.0,1.0,
2002-12-26,,,,,0.0,1.0,
2002-12-27,,,,,0.0,1.0,
2002-12-30,,,,,0.0,1.0,
2002-12-31,,,,,0.0,1.0,
2003-01-01,,,,,0.0,1.0,
2003-01-02,,,,,0.0,1.0,
2003-01-03,,,,,0.0,1.0,
2003-01-06,,,,,0.0,1.0,
2003-01-07,,,,,0.0,1.0,
2003-01-08,,,,,0.0,1.0,
2003-01-09,,,,,0.0,1.0,
2003-01-10,,,,,0.0,1.0,
2003-01-13,,,,,0.0,1.0,
2003-01-14,,,,,0.0,1.0,
2003-01-15,,,,,0.0,1.0,
2003-01-16,,,,,0.0,1.0,
2003-01-17,,,,,0.0,1.0,
2003-01-20,,,,,0.0,1.0,
2003-01-21,,,,,0.0,1.0,
2003-01-22,,,,,0.0,1.0,
2003-01-23,,,,,0.0,1.0,
2003-01-24,,,,,0.0,1.0,
2003-01-27,,,,,0.0,1.0,
2003-01-28,,,,,0.0,1.0,
2003-01-29,,,,,0.0,1.0,
2003-01-30,,,,,0.0,1.0,
2003-01-31,,,,,0.0,1.0,
2003-02-03,,,,,0.0,1.0,
2003-02-04,,,,,0.0,1.0,
2003-02-05,,,,,0.0,1.0,
2003-02-06,,,,,0.0,1.0,
2003-02-07,,,,,0.0,1.0,
2003-02-10,,,,,0.0,1.0,
2003-02-11,,,,,0.0,1.0,
2003-02-12,,,,,0.0,1.0,
2003-02-13,,,,,0.0,1.0,
2003-02-14,,,,,0.0,1.0,
2003-02-17,,,,,0.0,1.0,
2003-02-18,,,,,0.0,1.0,
2003-02-19,,,,,0.0,1.0,
2003-02-20,,,,,0.0,1.0,
2003-02-21,,,,,0.0,1.0,
2003-02-24,,,,,0.0,1.0,
2003-02-25,,,,,0.0,1.0,
2003-02-26,,,,,0.0,1.0,
2003-02-27,,,,,0.0,1.0,
2003-02-28,,,,,0.0,1.0,
2003-03-03,,,,,0.0,1.0,
2003-03-04,,,,,0.0,1.0,
2003-03-05,,,,,0.0,1.0,
2003-03-06,,,,,0.0,1.0,
2003-03-07,,,,,0.0,1.0,
2003-03-10,,,,,0.0,1.0,
2003-03-11,,,,,0.0,1.0,
2003-03-12,,,,,0.0,1.0,
2003-03-13,,,,,0.0,1.0,
2003-03-14,,,,,0.0,1.0,
2003-03-17,,,,,0.0,1.0,
2003-03-18,,,,,0.0,1.0,
2003-03-19,,,,,0.0,1.0,
2003-03-20,,,,,0.0,1.0,
2003-03-21,,,,,0.0,1.0,
2003-03-24,,,,,0.0,1.0,
2003-03-25,,,,,0.0,1.0,
2003-03-26,,,,,0.0,1.0,
2003-03-27,,,,,0.0,1.0,
2003-03-28,,,,,0.0,1.0,
2003-03-31,,,,,0.0,1.0,
2003-04-01,,,,,0.0,1.0,
2003-04-02,,,,,0.0,1.0,
2003-04-03,,,,,0.0,1.0,
2003-04-04,,,,,0.0,1.0,
2003-04-07,,,,,0.0,1.0,
2003-04-08,,,,,0.0,1.0,
2003-04-09,,,,,0.0,1.0,
2003-04-10,,,,,0.0,1.0,
2003-04-11,,,,,0.0,1.0,
2003-04-14,,,,,0.0,1.0,
2003-04-15,,,,,0.0,1.0,
2003-04-16,,,,,0.0,1.0,
2003-04-17,,,,,0.0,1.0,
2003-04-18,,,,,0.0,1.0,
2003-04-21,,,,,0.0,1.0,
2003-04-22,,,,,0.0,1.0,
2003-04-23,,,,,0.0,1.0,
2003-04-24,,,,,0.0,1.0,
2003-04-25,,,,,0.0,1.0,
2003-04-28,,,,,0.0,1.0,
2003-04-29,,,,,0.0,1.0,
2003-04-30,,,,,0.0,1.0,
2003-05-01,,,,,0.0,1.0,
2003-05-02,,,,,0.0,1.0,
2003-05-05,,,,,0.0,1.0,
2003-05-06,,,,,0.0,1.0,
2003-05-07,,,,,0.0,1.0,
2003-05-08,,,,,0.0,1.0,
2003-05-09,,,,,0.0,1.0,
2003-05-12,,,,,0.0,1.0,
2003-05-13,,,,,0.0,1.0,
2003-05-14,,,,,0.0,1.0,
2003-05-15,,,,,0.0,1.0,
2003-05-16,,,,,0.0,1.0,
2003-05-19,,,,,0.0,1.0,
2003-05-20,,,,,0.0,1.0,
2003-05-21,,,,,0.0,1.0,
2003-05-22,,,,,0.0,1.0,
2003-05-23,,,,,0.0,1.0,
2003-05-26,,,,,0.0,1.0,
2003-05-27,,,,,0.0,1.0,
2003-05-28,,,,,0.0,1.0,
2003-05-29,,,,,0.0,1.0,
2003-05-30,,,,,0.0,1.0,
2003-06-02,,,,,0.0,1.0,
2003-06-03,,,,,0.0,1.0,
2003-06-04,,,,,0.0,1.0,
2003-06-05,,,,,0.0,1.0,
2003-06-06,,,,,0.0,1.0,
2003-06-09,,,,,0.0,1.0,
2003-06-10,,,,,0.0,1.0,
2003-06-11,,,,,0.0,1.0,
2003-06-12,,,,,0.0,1.0,
2003-06-13,,,,,0.0,1.0,
2003-06-16,,,,,0.0,1.0,
2003-06-17,,,,,0.0,1.0,
2003-06-18,,,,,0.0,1.0,
2003-06-19,,,,,0.0,1.0,
2003-06-20,,,,,0.0,1.0,
2003-06-23,,,,,0.0,1.0,
2003-06-24,,,,,0.0,1.0,
2003-06-25,,,,,0.0,1.0,
2003-06-26,,,,,0.0,1.0,
2003-06-27,,,,,0.0,1.0,
2003-06-30,,,,,0.0,1.0,
2003-07-01,,,,,0.0,1.0,
2003-07-02,,,,,0.0,1.0,
2003-07-03,,,,,0.0,1.0,
2003-07-04,,,,,0.0,1.0,
2003-07-07,,,,,0.0,1.0,
2003-07-08,,,,,0.0,1.0,
2003-07-09,,,,,0.0,1.0,
2003-07-10,,,,,0.0,1.0,
2003-07-11,,,,,0.0,1.0,
2003-07-14,,,,,0.0,1.0,
2003-07-15,,,,,0.0,1.0,
2003-07-16,,,,,0.0,1.0,
2003-07-17,,,,,0.0,1.0,
2003-07-18,,,,,0.0,1.0,
2003-07-21,,,,,0.0,1.0,
2003-07-22,,,,,0.0,1.0,
2003-07-23,,,,,0.0,1.0,
2003-07-24,,,,,0.0,1.0,
2003-07-25,,,,,0.0,1.0,
2003-07-28,,,,,0.0,1.0,
2003-07-29,,,,,0.0,1.0,
2003-07-30,,,,,0.0,1.0,
2003-07-31,,,,,0.0,1.0,
2003-08-01,,,,,0.0,1.0,
2003-08-04,,,,,0.0,1.0,
2003-08-05,,,,,0.0,1.0,
2003-08-06,,,,,0.0,1.0,
2003-08-07,,,,,0.0,1.0,
2003-08-08,,,,,0.0,1.0,
2003-08-11,,,,,0.0,1.0,
2003-08-12,,,,,0.0,1.0,
2003-08-13,,,,,0.0,1.0,
2003-08-14,,,,,0.0,1.0,
2003-08-15,,,,,0.0,1.0,
2003-08-18,,,,,0.0,1.0,
2003-08-19,,,,,0.0,1.0,
2003-08-20,,,,,0.0,1.0,
2003-08-21,,,,,0.0,1.0,
2003-08-22,,,,,0.0,1.0,
2003-08-25,,,,,0.0,1.0,
2003-08-26,,,,,0.0,1.0,
2003-08-27,,,,,0.0,1.0,
2003-08-28,,,,,0.0,1.0,
2003-08-29,,,,,0.0,1.0,
2003-09-01,,,,,0.0,1.0,
2003-09-02,,,,,0.0,1.0,
2003-09-03,,,,,0.0,1.0,
2003-09-04,,,,,0.0,1.0,
2003-09-05,,,,,0.0,1.0,
2003-09-08,,,,,0.0,1.0,
2003-09-09,,,,,0.0,1.0,
2003-09-10,,,,,0.0,1.0,
2003-09-11,,,,,0.0,1.0,
2003-09-12,,,,,0.0,1.0,
2003-09-15,,,,,0.0,1.0,
2003-09-16,,,,,0.0,1.0,
2003-09-17,,,,,0.0,1.0,
2003-09-18,,,,,0.0,1.0,
2003-09-19,,,,,0.0,1.0,
2003-09-22,,,,,0.0,1.0,
2003-09-23,,,,,0.0,1.0,
2003-09-24,,,,,0.0,1.0,
2003-09-25,,,,,0.0,1.0,
2003-09-26,,,,,0.0,1.0,
2003-09-29,,,,,0.0,1.0,
2003-09-30,,,,,0.0,1.0,
2003-10-01,,,,,0.0,1.0,
2003-10-02,,,,,0.0,1.0,
2003-10-03,,,,,0.0,1.0,
2003-10-06,,,,,0.0,1.0,
2003-10-07,,,,,0.0,1.0,
2003-10-08,,,,,0.0,1.0,
2003-10-09,,,,,0.0,1.0,
2003-10-10,,,,,0.0,1.0,
2003-10-13,,,,,0.0,1.0,
2003-10-14,,,,,0.0,1.0,
2003-10-15,,,,,0.0,1.0,
2003-10-16,,,,,0.0,1.0,
2003-10-17,,,,,0.0,1.0,
2003-10-20,,,,,0.0,1.0,
2003-10-21,,,,,0.0,1.0,
2003-10-22,,,,,0.0,1.0,
2003-10-23,,,,,0.0,1.0,
2003-10-24,,,,,0.0,1.0,
2003-10-27,,,,,0.0,1.0,
2003-10-28,,,,,0.0,1.0,
2003-10-29,,,,,0.0,1.0,
2003-10-30,,,,,0.0,1.0,
2003-10-31,,,,,0.0,1.0,
2003-11-03,,,,,0.0,1.0,
2003-11-04,,,,,0.0,1.0,
2003-11-05,,,,,0.0,1.0,
2003-11-06,,,,,0.0,1.0,
2003-11-07,,,,,0.0,1.0,
2003-11-10,,,,,0.0,1.0,
2003-11-11,,,,,0.0,1.0,
2003-11-12,,,,,0.0,1.0,
2003-11-13,,,,,0.0,1.0,
2003-11-14,,,,,0.0,1.0,
2003-11-17,,,,,0.0,1.0,
2003-11-18,,,,,0.0,1.0,
2003-11-19,,,,,0.0,1.0,
2003-11-20,,,,,0.0,1.0,
2003-11-21,,,,,0.0,1.0,
2003-11-24,,,,,0.0,1.0,
2003-11-25,,,,,0.0,1.0,
2003-11-26,,,,,0.0,1.0,
2003-11-27,,,,,0.0,1.0,
2003-11-28,,,,,0.0,1.0,
2003-12-01,,,,,0.0,1.0,
2003-12-02,,,,,0.0,1.0,
2003-12-03,,,,,0.0,1.0,
2003-12-04,,,,,0.0,1.0,
2003-12-05,,,,,0.0,1.0,
2003-12-08,,,,,0.0,1.0,
2003-12-09,,,,,0.0,1.0,
2003-12-10,,,,,0.0,1.0,
2003-12-11,,,,,0.0,1.0,
2003-12-12,,,,,0.0,1.0,
2003-12-15,,,,,0.0,1.0,
2003-12-16,,,,,0.0,1.0,
2003-12-17,,,,,0.0,1.0,
2003-12-18,,,,,0.0,1.0,
2003-12-19,,,,,0.0,1.0,
2003-12-22,,,,,0.0,1.0,
2003-12-23,,,,,0.0,1.0,
2003-12-24,,,,,0.0,1.0,
2003-12-25,,,,,0.0,1.0,
2003-12-26,,,,,0.0,1.0,
2003-12-29,,,,,0.0,1.0,
2003-12-30,,,,,0.0,1.0,
2003-12-31,,,,,0.0,1.0,
2004-01-01,,,,,0.0,1.0,
2004-01-02,,,,,0.0,1.0,
2004-01-04,,,,,0.0,1.0,
2004-01-05,,,,,0.0,1.0,
2004-01-06,,,,,0.0,1.0,
2004-01-07,,,,,0.0,1.0,
2004-01-08,,,,,0.0,1.0,
2004-01-09,,,,,0.0,1.0,
2004-01-12,,,,,0.0,1.0,
2004-01-13,,,,,0.0,1.0,
2004-01-14,,,,,0.0,1.0,
2004-01-15,,,,,0.0,1.0,
2004-01-16,,,,,0.0,1.0,
2004-01-19,,,,,0.0,1.0,
2004-01-20,,,,,0.0,1.0,
2004-01-21,,,,,0.0,1.0,
2004-01-22,,,,,0.0,1.0,
2004-01-23,,,,,0.0,1.0,
2004-01-26,,,,,0.0,1.0,
2004-01-27,,,,,0.0,1.0,
2004-01-28,,,,,0.0,1.0,
2004-01-29,,,,,0.0,1.0,
2004-01-30,,,,,0.0,1.0,
2004-02-02,,,,,0.0,1.0,
2004-02-03,,,,,0.0,1.0,
2004-02-04,,,,,0.0,1.0,
2004-02-05,,,,,0.0,1.0,
2004-02-06,,,,,0.0,1.0,
2004-02-09,,,,,0.0,1.0,
2004-02-10,,,,,0.0,1.0,
2004-02-11,,,,,0.0,1.0,
2004-02-12,,,,,0.0,1.0,
2004-02-13,,,,,0.0,1.0,
2004-02-16,,,,,0.0,1.0,
2004-02-17,,,,,0.0,1.0,
2004-02-18,,,,,0.0,1.0,
2004-02-19,,,,,0.0,1.0,
2004-02-20,,,,,0.0,1.0,
2004-02-23,,,,,0.0,1.0,
2004-02-24,,,,,0.0,1.0,
2004-02-25,,,,,0.0,1.0,
2004-02-26,,,,,0.0,1.0,
2004-02-27,,,,,0.0,1.0,
2004-03-01,,,,,0.0,1.0,
2004-03-02,,,,,0.0,1.0,
2004-03-03,,,,,0.0,1.0,
2004-03-04,,,,,0.0,1.0,
2004-03-05,,,,,0.0,1.0,
2004-03-08,,,,,0.0,1.0,
2004-03-09,,,,,0.0,1.0,
2004-03-10,,,,,0.0,1.0,
2004-03-11,,,,,0.0,1.0,
2004-03-12,,,,,0.0,1.0,
2004-03-15,,,,,0.0,1.0,
2004-03-16,,,,,0.0,1.0,
2004-03-17,,,,,0.0,1.0,
2004-03-18,,,,,0.0,1.0,
2004-03-19,,,,,0.0,1.0,
2004-03-22,,,,,0.0,1.0,
2004-03-23,,,,,0.0,1.0,
2004-03-24,,,,,0.0,1.0,
2004-03-25,,,,,0.0,1.0,
2004-03-26,,,,,0.0,1.0,
2004-03-29,,,,,0.0,1.0,
2004-03-30,,,,,0.0,1.0,
2004-03-31,,,,,0.0,1.0,
2004-04-01,,,,,0.0,1.0,
2004-04-02,,,,,0.0,1.0,
2004-04-05,,,,,0.0,1.0,
2004-04-06,,,,,0.0,1.0,
2004-04-07,,,,,0.0,1.0,
2004-04-08,,,,,0.0,1.0,
2004-04-09,,,,,0.0,1.0,
2004-04-12,,,,,0.0,1.0,
2004-04-13,,,,,0.0,1.0,
2004-04-14,,,,,0.0,1.0,
2004-04-15,,,,,0.0,1.0,
2004-04-16,,,,,0.0,1.0,
2004-04-19,,,,,0.0,1.0,
2004-04-20,,,,,0.0,1.0,
2004-04-21,,,,,0.0,1.0,
2004-04-22,,,,,0.0,1.0,
2004-04-23,,,,,0.0,1.0,
2004-04-26,,,,,0.0,1.0,
2004-04-27,,,,,0.0,1.0,
2004-04-28,,,,,0.0,1.0,
2004-04-29,,,,,0.0,1.0,
2004-04-30,,,,,0.0,1.0,
2004-05-03,,,,,0.0,1.0,
2004-05-04,,,,,0.0,1.0,
2004-05-05,,,,,0.0,1.0,
2004-05-06,,,,,0.0,1.0,
2004-05-07,,,,,0.0,1.0,
2004-05-10,,,,,0.0,1.0,
2004-05-11,,,,,0.0,1.0,
2004-05-12,,,,,0.0,1.0,
2004-05-13,,,,,0.0,1.0,
2004-05-14,,,,,0.0,1.0,
2004-05-17,,,,,0.0,1.0,
2004-05-18,,,,,0.0,1.0,
2004-05-19,,,,,0.0,1.0,
2004-05-20,,,,,0.0,1.0,
2004-05-21,,,,,0.0,1.0,
2004-05-24,,,,,0.0,1.0,
2004-05-25,,,,,0.0,1.0,
2004-05-26,,,,,0.0,1.0,
2004-05-27,,,,,0.0,1.0,
2004-05-28,,,,,0.0,1.0,
2004-05-31,,,,,0.0,1.0,
2004-06-01,,,,,0.0,1.0,
2004-06-02,,,,,0.0,1.0,
2004-06-03,,,,,0.0,1.0,
2004-06-04,,,,,0.0,1.0,
2004-06-07,,,,,0.0,1.0,
2004-06-08,,,,,0.0,1.0,
2004-06-09,,,,,0.0,1.0,
2004-06-10,,,,,0.0,1.0,
2004-06-11,,,,,0.0,1.0,
2004-06-14,,,,,0.0,1.0,
2004-06-15,,,,,0.0,1.0,
2004-06-16,,,,,0.0,1.0,
2004-06-17,,,,,0.0,1.0,
2004-06-18,,,,,0.0,1.0,
2004-06-21,,,,,0.0,1.0,
2004-06-22,,,,,0.0,1.0,
2004-06-23,,,,,0.0,1.0,
2004-06-24,,,,,0.0,1.0,
2004-06-25,,,,,0.0,1.0,
2004-06-28,,,,,0.0,1.0,
2004-06-29,,,,,0.0,1.0,
2004-06-30,,,,,0.0,1.0,
2004-07-01,,,,,0.0,1.0,
2004-07-02,,,,,0.0,1.0,
2004-07-05,,,,,0.0,1.0,
2004-07-06,,,,,0.0,1.0,
2004-07-07,,,,,0.0,1.0,
2004-07-08,,,,,0.0,1.0,
2004-07-09,,,,,0.0,1.0,
2004-07-12,,,,,0.0,1.0,
2004-07-13,,,,,0.0,1.0,
2004-07-14,,,,,0.0,1.0,
2004-07-15,,,,,0.0,1.0,
2004-07-16,,,,,0.0,1.0,
2004-07-19,,,,,0.0,1.0,
2004-07-20,,,,,0.0,1.0,
2004-07-21,,,,,0.0,1.0,
2004-07-22,,,,,0.0,1.0,
2004-07-23,,,,,0.0,1.0,
2004-07-26,,,,,0.0,1.0,
2004-07-27,,,,,0.0,1.0,
2004-07-28,,,,,0.0,1.0,
2004-07-29,,,,,0.0,1.0,
2004-07-30,,,,,0.0,1.0,
2004-08-02,,,,,0.0,1.0,
2004-08-03,,,,,0.0,1.0,
2004-08-04,,,,,0.0,1.0,
2004-08-05,,,,,0.0,1.0,
2004-08-06,,,,,0.0,1.0,
2004-08-09,,,,,0.0,1.0,
2004-08-10,,,,,0.0,1.0,
2004-08-11,,,,,0.0,1.0,
2004-08-12,,,,,0.0,1.0,
2004-08-13,,,,,0.0,1.0,
2004-08-16,,,,,0.0,1.0,
2004-08-17,,,,,0.0,1.0,
2004-08-18,,,,,0.0,1.0,
2004-08-19,,,,,0.0,1.0,
2004-08-20,,,,,0.0,1.0,
2004-08-23,,,,,0.0,1.0,
2004-08-24,,,,,0.0,1.0,
2004-08-25,,,,,0.0,1.0,
2004-08-26,,,,,0.0,1.0,
2004-08-27,,,,,0.0,1.0,
2004-08-30,,,,,0.0,1.0,
2004-08-31,,,,,0.0,1.0,
2004-09-01,,,,,0.0,1.0,
2004-09-02,,,,,0.0,1.0,
2004-09-03,,,,,0.0,1.0,
2004-09-06,,,,,0.0,1.0,
2004-09-07,,,,,0.0,1.0,
2004-09-08,,,,,0.0,1.0,
2004-09-09,,,,,0.0,1.0,
2004-09-10,,,,,0.0,1.0,
2004-09-13,,,,,0.0,1.0,
2004-09-14,,,,,0.0,1.0,
2004-09-15,,,,,0.0,1.0,
2004-09-16,,,,,0.0,1.0,
2004-09-17,,,,,0.0,1.0,
2004-09-20,,,,,0.0,1.0,
2004-09-21,,,,,0.0,1.0,
2004-09-22,,,,,0.0,1.0,
2004-09-23,,,,,0.0,1.0,
2004-09-24,,,,,0.0,1.0,
2004-09-27,,,,,0.0,1.0,
2004-09-28,,,,,0.0,1.0,
2004-09-29,,,,,0.0,1.0,
2004-09-30,,,,,0.0,1.0,
2004-10-01,,,,,0.0,1.0,
2004-10-04,,,,,0.0,1.0,
2004-10-05,,,,,0.0,1.0,
2004-10-06,,,,,0.0,1.0,
2004-10-07,,,,,0.0,1.0,
2004-10-08,,,,,0.0,1.0,
2004-10-11,,,,,0.0,1.0,
2004-10-12,,,,,0.0,1.0,
2004-10-13,,,,,0.0,1.0,
2004-10-14,,,,,0.0,1.0,
2004-10-15,,,,,0.0,1.0,
2004-10-18,,,,,0.0,1.0,
2004-10-19,,,,,0.0,1.0,
2004-10-20,,,,,0.0,1.0,
2004-10-21,,,,,0.0,1.0,
2004-10-22,,,,,0.0,1.0,
2004-10-25,,,,,0.0,1.0,
2004-10-26,,,,,0.0,1.0,
2004-10-27,,,,,0.0,1.0,
2004-10-28,,,,,0.0,1.0,
2004-10-29,,,,,0.0,1.0,
2004-11-01,,,,,0.0,1.0,
2004-11-02,,,,,0.0,1.0,
2004-11-03,,,,,0.0,1.0,
2004-11-04,,,,,0.0,1.0,
2004-11-05,,,,,0.0,1.0,
2004-11-08,,,,,0.0,1.0,
2004-11-09,,,,,0.0,1.0,
2004-11-10,,,,,0.0,1.0,
2004-11-11,,,,,0.0,1.0,
2004-11-12,,,,,0.0,1.0,
2004-11-15,,,,,0.0,1.0,
2004-11-16,,,,,0.0,1.0,
2004-11-17,,,,,0.0,1.0,
2004-11-18,,,,,0.0,1.0,
2004-11-19,,,,,0.0,1.0,
2004-11-22,,,,,0.0,1.0,
2004-11-23,,,,,0.0,1.0,
2004-11-24,,,,,0.0,1.0,
2004-11-25,,,,,0.0,1.0,
2004-11-26,,,,,0.0,1.0,
2004-11-29,,,,,0.0,1.0,
2004-11-30,,,,,0.0,1.0,
2004-12-01,,,,,0.0,1.0,
2004-12-02,,,,,0.0,1.0,
2004-12-03,,,,,0.0,1.0,
2004-12-06,,,,,0.0,1.0,
2004-12-07,,,,,0.0,1.0,
2004-12-08,,,,,0.0,1.0,
2004-12-09,,,,,0.0,1.0,
2004-12-10,,,,,0.0,1.0,
2004-12-13,,,,,0.0,1.0,
2004-12-14,,,,,0.0,1.0,
2004-12-15,,,,,0.0,1.0,
2004-12-16,,,,,0.0,1.0,
2004-12-17,,,,,0.0,1.0,
2004-12-20,,,,,0.0,1.0,
2004-12-21,,,,,0.0,1.0,
2004-12-22,,,,,0.0,1.0,
2004-12-23,,,,,0.0,1.0,
2004-12-24,,,,,0.0,1.0,
2004-12-27,,,,,0.0,1.0,
2004-12-28,,,,,0.0,1.0,
2004-12-29,,,,,0.0,1.0,
2004-12-30,,,,,0.0,1.0,
2004-12-31,,,,,0.0,1.0,
2005-01-03,,,,,0.0,1.0,
2005-01-04,,,,,0.0,1.0,
2005-01-05,,,,,0.0,1.0,
2005-01-06,,,,,0.0,1.0,
2005-01-07,,,,,0.0,1.0,
2005-01-10,,,,,0.0,1.0,
2005-01-11,,,,,0.0,1.0,
2005-01-12,,,,,0.0,1.0,
2005-01-13,,,,,0.0,1.0,
2005-01-14,,,,,0.0,1.0,
2005-01-17,,,,,0.0,1.0,
2005-01-18,,,,,0.0,1.0,
2005-01-19,,,,,0.0,1.0,
2005-01-20,,,,,0.0,1.0,
2005-01-21,,,,,0.0,1.0,
2005-01-24,,,,,0.0,1.0,
2005-01-25,,,,,0.0,1.0,
2005-01-26,,,,,0.0,1.0,
2005-01-27,,,,,0.0,1.0,
2005-01-28,,,,,0.0,1.0,
2005-01-31,,,,,0.0,1.0,
2005-02-01,,,,,0.0,1.0,
2005-02-02,,,,,0.0,1.0,
2005-02-03,,,,,0.0,1.0,
2005-02-04,,,,,0.0,1.0,
2005-02-07,,,,,0.0,1.0,
2005-02-08,,,,,0.0,1.0,
2005-02-09,,,,,0.0,1.0,
2005-02-10,,,,,0.0,1.0,
2005-02-11,,,,,0.0,1.0,
2005-02-14,,,,,0.0,1.0,
2005-02-15,,,,,0.0,1.0,
2005-02-16,,,,,0.0,1.0,
2005-02-17,,,,,0.0,1.0,
2005-02-18,,,,,0.0,1.0,
2005-02-21,,,,,0.0,1.0,
2005-02-22,,,,,0.0,1.0,
2005-02-23,,,,,0.0,1.0,
2005-02-24,,,,,0.0,1.0,
2005-02-25,,,,,0.0,1.0,
2005-02-28,,,,,0.0,1.0,
2005-03-01,,,,,0.0,1.0,
2005-03-02,,,,,0.0,1.0,
2005-03-03,,,,,0.0,1.0,
2005-03-04,,,,,0.0,1.0,
2005-03-07,,,,,0.0,1.0,
2005-03-08,,,,,0.0,1.0,
2005-03-09,,,,,0.0,1.0,
2005-03-10,,,,,0.0,1.0,
2005-03-11,,,,,0.0,1.0,
2005-03-14,,,,,0.0,1.0,
2005-03-15,,,,,0.0,1.0,
2005-03-16,,,,,0.0,1.0,
2005-03-17,,,,,0.0,1.0,
2005-03-18,,,,,0.0,1.0,
2005-03-21,,,,,0.0,1.0,
2005-03-22,,,,,0.0,1.0,
2005-03-23,,,,,0.0,1.0,
2005-03-24,,,,,0.0,1.0,
2005-03-25,,,,,0.0,1.0,
2005-03-28,,,,,0.0,1.0,
2005-03-29,,,,,0.0,1.0,
2005-03-30,,,,,0.0,1.0,
2005-03-31,,,,,0.0,1.0,
2005-04-01,,,,,0.0,1.0,
2005-04-04,,,,,0.0,1.0,
2005-04-05,,,,,0.0,1.0,
2005-04-06,,,,,0.0,1.0,
2005-04-07,,,,,0.0,1.0,
2005-04-08,,,,,0.0,1.0,
2005-04-11,,,,,0.0,1.0,
2005-04-12,,,,,0.0,1.0,
2005-04-13,,,,,0.0,1.0,
2005-04-14,,,,,0.0,1.0,
2005-04-15,,,,,0.0,1.0,
2005-04-18,,,,,0.0,1.0,
2005-04-19,,,,,0.0,1.0,
2005-04-20,,,,,0.0,1.0,
2005-04-21,,,,,0.0,1.0,
2005-04-22,,,,,0.0,1.0,
2005-04-25,,,,,0.0,1.0,
2005-04-26,,,,,0.0,1.0,
2005-04-27,,,,,0.0,1.0,
2005-04-28,,,,,0.0,1.0,
2005-04-29,,,,,0.0,1.0,
2005-05-02,,,,,0.0,1.0,
2005-05-03,,,,,0.0,1.0,
2005-05-04,,,,,0.0,1.0,
2005-05-05,,,,,0.0,1.0,
2005-05-06,,,,,0.0,1.0,
2005-05-09,,,,,0.0,1.0,
2005-05-10,,,,,0.0,1.0,
2005-05-11,,,,,0.0,1.0,
2005-05-12,,,,,0.0,1.0,
2005-05-13,,,,,0.0,1.0,
2005-05-16,,,,,0.0,1.0,
2005-05-17,,,,,0.0,1.0,
2005-05-18,,,,,0.0,1.0,
2005-05-19,,,,,0.0,1.0,
2005-05-20,,,,,0.0,1.0,
2005-05-23,,,,,0.0,1.0,
2005-05-24,,,,,0.0,1.0,
2005-05-25,,,,,0.0,1.0,
2005-05-26,,,,,0.0,1.0,
2005-05-27,,,,,0.0,1.0,
2005-05-30,,,,,0.0,1.0,
2005-05-31,,,,,0.0,1.0,
2005-06-01,,,,,0.0,1.0,
2005-06-02,,,,,0.0,1.0,
2005-06-03,,,,,0.0,1.0,
2005-06-06,,,,,0.0,1.0,
2005-06-07,,,,,0.0,1.0,
2005-06-08,,,,,0.0,1.0,
2005-06-09,,,,,0.0,1.0,
2005-06-10,,,,,0.0,1.0,
2005-06-13,,,,,0.0,1.0,
2005-06-14,,,,,0.0,1.0,
2005-06-15,,,,,0.0,1.0,
2005-06-16,,,,,0.0,1.0,
2005-06-17,,,,,0.0,1.0,
2005-06-20,,,,,0.0,1.0,
2005-06-21,,,,,0.0,1.0,
2005-06-22,,,,,0.0,1.0,
2005-06-23,,,,,0.0,1.0,
2005-06-24,,,,,0.0,1.0,
2005-06-27,,,,,0.0,1.0,
2005-06-28,,,,,0.0,1.0,
2005-06-29,,,,,0.0,1.0,
2005-06-30,,,,,0.0,1.0,
2005-07-01,,,,,0.0,1.0,
2005-07-04,,,,,0.0,1.0,
2005-07-05,,,,,0.0,1.0,
2005-07-06,,,,,0.0,1.0,
2005-07-07,,,,,0.0,1.0,
2005-07-08,,,,,0.0,1.0,
2005-07-11,,,,,0.0,1.0,
2005-07-12,,,,,0.0,1.0,
2005-07-13,,,,,0.0,1.0,
2005-07-14,,,,,0.0,1.0,
2005-07-15,,,,,0.0,1.0,
2005-07-18,,,,,0.0,1.0,
2005-07-19,,,,,0.0,1.0,
2005-07-20,,,,,0.0,1.0,
2005-07-21,,,,,0.0,1.0,
2005-07-22,,,,,0.0,1.0,
2005-07-25,,,,,0.0,1.0,
2005-07-26,,,,,0.0,1.0,
2005-07-27,,,,,0.0,1.0,
2005-07-28,,,,,0.0,1.0,
2005-07-29,,,,,0.0,1.0,
2005-08-01,,,,,0.0,1.0,
2005-08-02,,,,,0.0,1.0,
2005-08-03,,,,,0.0,1.0,
2005-08-04,,,,,0.0,1.0,
2005-08-05,,,,,0.0,1.0,
2005-08-08,,,,,0.0,1.0,
2005-08-09,,,,,0.0,1.0,
2005-08-10,,,,,0.0,1.0,
2005-08-11,,,,,0.0,1.0,
2005-08-12,,,,,0.0,1.0,
2005-08-15,,,,,0.0,1.0,
2005-08-16,,,,,0.0,1.0,
2005-08-17,,,,,0.0,1.0,
2005-08-18,,,,,0.0,1.0,
2005-08-19,,,,,0.0,1.0,
2005-08-22,,,,,0.0,1.0,
2005-08-23,,,,,0.0,1.0,
2005-08-24,,,,,0.0,1.0,
2005-08-25,,,,,0.0,1.0,
2005-08-26,,,,,0.0,1.0,
2005-08-29,,,,,0.0,1.0,
2005-08-30,,,,,0.0,1.0,
2005-08-31,,,,,0.0,1.0,
2005-09-01,,,,,0.0,1.0,
2005-09-02,,,,,0.0,1.0,
2005-09-05,,,,,0.0,1.0,
2005-09-06,,,,,0.0,1.0,
2005-09-07,,,,,0.0,1.0,
2005-09-08,,,,,0.0,1.0,
2005-09-09,,,,,0.0,1.0,
2005-09-12,,,,,0.0,1.0,
2005-09-13,,,,,0.0,1.0,
2005-09-14,,,,,0.0,1.0,
2005-09-15,,,,,0.0,1.0,
2005-09-16,,,,,0.0,1.0,
2005-09-19,,,,,0.0,1.0,
2005-09-20,,,,,0.0,1.0,
2005-09-21,,,,,0.0,1.0,
2005-09-22,,,,,0.0,1.0,
2005-09-23,,,,,0.0,1.0,
2005-09-26,,,,,0.0,1.0,
2005-09-27,,,,,0.0,1.0,
2005-09-28,,,,,0.0,1.0,
2005-09-29,,,,,0.0,1.0,
2005-09-30,,,,,0.0,1.0,
2005-10-03,,,,,0.0,1.0,
2005-10-04,,,,,0.0,1.0,
2005-10-05,,,,,0.0,1.0,
2005-10-06,,,,,0.0,1.0,
2005-10-07,,,,,0.0,1.0,
2005-10-10,,,,,0.0,1.0,
2005-10-11,,,,,0.0,1.0,
2005-10-12,,,,,0.0,1.0,
2005-10-13,,,,,0.0,1.0,
2005-10-14,,,,,0.0,1.0,
2005-10-17,,,,,0.0,1.0,
2005-10-18,,,,,0.0,1.0,
2005-10-19,,,,,0.0,1.0,
2005-10-20,,,,,0.0,1.0,
2005-10-21,,,,,0.0,1.0,
2005-10-24,,,,,0.0,1.0,
2005-10-25,,,,,0.0,1.0,
2005-10-26,,,,,0.0,1.0,
2005-10-27,,,,,0.0,1.0,
2005-10-28,,,,,0.0,1.0,
2005-10-31,,,,,0.0,1.0,
2005-11-01,,,,,0.0,1.0,
2005-11-02,,,,,0.0,1.0,
2005-11-03,,,,,0.0,1.0,
2005-11-04,,,,,0.0,1.0,
2005-11-07,,,,,0.0,1.0,
2005-11-08,,,,,0.0,1.0,
2005-11-09,,,,,0.0,1.0,
2005-11-10,,,,,0.0,1.0,
2005-11-11,,,,,0.0,1.0,
2005-11-14,,,,,0.0,1.0,
2005-11-15,,,,,0.0,1.0,
2005-11-16,,,,,0.0,1.0,
2005-11-17,,,,,0.0,1.0,
2005-11-18,,,,,0.0,1.0,
2005-11-21,,,,,0.0,1.0,
2005-11-22,,,,,0.0,1.0,
2005-11-23,,,,,0.0,1.0,
2005-11-24,,,,,0.0,1.0,
2005-11-25,,,,,0.0,1.0,
2005-11-28,,,,,0.0,1.0,
2005-11-29,,,,,0.0,1.0,
2005-11-30,,,,,0.0,1.0,
2005-12-01,,,,,0.0,1.0,
2005-12-02,,,,,0.0,1.0,
2005-12-05,,,,,0.0,1.0,
2005-12-06,,,,,0.0,1.0,
2005-12-07,,,,,0.0,1.0,
2005-12-08,,,,,0.0,1.0,
2005-12-09,,,,,0.0,1.0,
2005-12-12,,,,,0.0,1.0,
2005-12-13,,,,,0.0,1.0,
2005-12-14,,,,,0.0,1.0,
2005-12-15,,,,,0.0,1.0,
2005-12-16,,,,,0.0,1.0,
2005-12-19,,,,,0.0,1.0,
2005-12-20,,,,,0.0,1.0,
2005-12-21,,,,,0.0,1.0,
2005-12-22,,,,,0.0,1.0,
2005-12-23,,,,,0.0,1.0,
2005-12-26,,,,,0.0,1.0,
2005-12-27,,,,,0.0,1.0,
2005-12-28,,,,,0.0,1.0,
2005-12-29,,,,,0.0,1.0,
2005-12-30,,,,,0.0,1.0,
2006-01-02,,,,,0.0,1.0,
2006-01-03,,,,,0.0,1.0,
2006-01-04,,,,,0.0,1.0,
2006-01-05,,,,,0.0,1.0,
2006-01-06,,,,,0.0,1.0,
2006-01-09,,,,,0.0,1.0,
2006-01-10,,,,,0.0,1.0,
2006-01-11,,,,,0.0,1.0,
2006-01-12,,,,,0.0,1.0,
2006-01-13,,,,,0.0,1.0,
2006-01-16,,,,,0.0,1.0,
2006-01-17,,,,,0.0,1.0,
2006-01-18,,,,,0.0,1.0,
2006-01-19,,,,,0.0,1.0,
2006-01-20,,,,,0.0,1.0,
2006-01-23,,,,,0.0,1.0,
2006-01-24,,,,,0.0,1.0,
2006-01-25,,,,,0.0,1.0,
2006-01-26,,,,,0.0,1.0,
2006-01-27,,,,,0.0,1.0,
2006-01-30,,,,,0.0,1.0,
2006-01-31,,,,,0.0,1.0,
2006-02-01,,,,,0.0,1.0,
2006-02-02,,,,,0.0,1.0,
2006-02-03,,,,,0.0,1.0,
2006-02-06,,,,,0.0,1.0,
2006-02-07,,,,,0.0,1.0,
2006-02-08,,,,,0.0,1.0,
2006-02-09,,,,,0.0,1.0,
2006-02-10,,,,,0.0,1.0,
2006-02-13,,,,,0.0,1.0,
2006-02-14,,,,,0.0,1.0,
2006-02-15,,,,,0.0,1.0,
2006-02-16,,,,,0.0,1.0,
2006-02-17,,,,,0.0,1.0,
2006-02-20,,,,,0.0,1.0,
2006-02-21,,,,,0.0,1.0,
2006-02-22,,,,,0.0,1.0,
2006-02-23,,,,,0.0,1.0,
2006-02-24,,,,,0.0,1.0,
2006-02-27,,,,,0.0,1.0,
2006-02-28,,,,,0.0,1.0,
2006-03-01,,,,,0.0,1.0,
2006-03-02,,,,,0.0,1.0,
2006-03-03,,,,,0.0,1.0,
2006-03-06,,,,,0.0,1.0,
2006-03-07,,,,,0.0,1.0,
2006-03-08,,,,,0.0,1.0,
2006-03-09,,,,,0.0,1.0,
2006-03-10,,,,,0.0,1.0,
2006-03-13,,,,,0.0,1.0,
2006-03-14,,,,,0.0,1.0,
2006-03-15,,,,,0.0,1.0,
2006-03-16,,,,,0.0,1.0,
2006-03-17,,,,,0.0,1.0,
2006-03-20,,,,,0.0,1.0,
2006-03-21,,,,,0.0,1.0,
2006-03-22,,,,,0.0,1.0,
2006-03-23,,,,,0.0,1.0,
2006-03-24,,,,,0.0,1.0,
2006-03-27,,,,,0.0,1.0,
2006-03-28,,,,,0.0,1.0,
2006-03-29,,,,,0.0,1.0,
2006-03-30,,,,,0.0,1.0,
2006-03-31,,,,,0.0,1.0,
2006-04-03,,,,,0.0,1.0,
2006-04-04,,,,,0.0,1.0,
2006-04-05,,,,,0.0,1.0,
2006-04-06,,,,,0.0,1.0,
2006-04-07,,,,,0.0,1.0,
2006-04-10,,,,,0.0,1.0,
2006-04-11,,,,,0.0,1.0,
2006-04-12,,,,,0.0,1.0,
2006-04-13,,,,,0.0,1.0,
2006-04-14,,,,,0.0,1.0,
2006-04-17,,,,,0.0,1.0,
2006-04-18,,,,,0.0,1.0,
2006-04-19,,,,,0.0,1.0,
2006-04-20,,,,,0.0,1.0,
2006-04-21,,,,,0.0,1.0,
2006-04-24,,,,,0.0,1.0,
2006-04-25,,,,,0.0,1.0,
2006-04-26,,,,,0.0,1.0,
2006-04-27,,,,,0.0,1.0,
2006-04-28,,,,,0.0,1.0,
2006-05-01,,,,,0.0,1.0,
2006-05-02,,,,,0.0,1.0,
2006-05-03,,,,,0.0,1.0,
2006-05-04,,,,,0.0,1.0,
2006-05-05,,,,,0.0,1.0,
2006-05-08,,,,,0.0,1.0,
2006-05-09,,,,,0.0,1.0,
2006-05-10,,,,,0.0,1.0,
2006-05-11,,,,,0.0,1.0,
2006-05-12,,,,,0.0,1.0,
2006-05-15,,,,,0.0,1.0,
2006-05-16,,,,,0.0,1.0,
2006-05-17,,,,,0.0,1.0,
2006-05-18,,,,,0.0,1.0,
2006-05-19,,,,,0.0,1.0,
2006-05-22,,,,,0.0,1.0,
2006-05-23,,,,,0.0,1.0,
2006-05-24,,,,,0.0,1.0,
2006-05-25,,,,,0.0,1.0,
2006-05-26,,,,,0.0,1.0,
2006-05-29,,,,,0.0,1.0,
2006-05-30,,,,,0.0,1.0,
2006-05-31,,,,,0.0,1.0,
2006-06-01,,,,,0.0,1.0,
2006-06-02,,,,,0.0,1.0,
2006-06-05,,,,,0.0,1.0,
2006-06-06,,,,,0.0,1.0,
2006-06-07,,,,,0.0,1.0,
2006-06-08,,,,,0.0,1.0,
2006-06-09,,,,,0.0,1.0,
2006-06-12,,,,,0.0,1.0,
2006-06-13,,,,,0.0,1.0,
2006-06-14,,,,,0.0,1.0,
2006-06-15,,,,,0.0,1.0,
2006-06-16,,,,,0.0,1.0,
2006-06-19,,,,,0.0,1.0,
2006-06-20,,,,,0.0,1.0,
2006-06-21,,,,,0.0,1.0,
2006-06-22,,,,,0.0,1.0,
2006-06-23,,,,,0.0,1.0,
2006-06-26,,,,,0.0,1.0,
2006-06-27,,,,,0.0,1.0,
2006-06-28,,,,,0.0,1.0,
2006-06-29,,,,,0.0,1.0,
2006-06-30,,,,,0.0,1.0,
2006-07-03,,,,,0.0,1.0,
2006-07-04,,,,,0.0,1.0,
2006-07-05,,,,,0.0,1.0,
2006-07-06,,,,,0.0,1.0,
2006-07-07,,,,,0.0,1.0,
2006-07-10,,,,,0.0,1.0,
2006-07-11,,,,,0.0,1.0,
2006-07-12,,,,,0.0,1.0,
2006-07-13,,,,,0.0,1.0,
2006-07-14,,,,,0.0,1.0,
2006-07-17,,,,,0.0,1.0,
2006-07-18,,,,,0.0,1.0,
2006-07-19,,,,,0.0,1.0,
2006-07-20,,,,,0.0,1.0,
2006-07-21,,,,,0.0,1.0,
2006-07-24,,,,,0.0,1.0,
2006-07-25,,,,,0.0,1.0,
2006-07-26,,,,,0.0,1.0,
2006-07-27,,,,,0.0,1.0,
2006-07-28,,,,,0.0,1.0,
2006-07-31,,,,,0.0,1.0,
2006-08-01,,,,,0.0,1.0,
2006-08-02,,,,,0.0,1.0,
2006-08-03,,,,,0.0,1.0,
2006-08-04,,,,,0.0,1.0,
2006-08-07,,,,,0.0,1.0,
2006-08-08,,,,,0.0,1.0,
2006-08-09,,,,,0.0,1.0,
2006-08-10,,,,,0.0,1.0,
2006-08-11,,,,,0.0,1.0,
2006-08-14,,,,,0.0,1.0,
2006-08-15,,,,,0.0,1.0,
2006-08-16,,,,,0.0,1.0,
2006-08-17,,,,,0.0,1.0,
2006-08-18,,,,,0.0,1.0,
2006-08-21,,,,,0.0,1.0,
2006-08-22,,,,,0.0,1.0,
2006-08-23,,,,,0.0,1.0,
2006-08-24,,,,,0.0,1.0,
2006-08-25,,,,,0.0,1.0,
2006-08-28,,,,,0.0,1.0,
2006-08-29,,,,,0.0,1.0,
2006-08-30,,,,,0.0,1.0,
2006-08-31,,,,,0.0,1.0,
2006-09-01,,,,,0.0,1.0,
2006-09-04,,,,,0.0,1.0,
2006-09-05,,,,,0.0,1.0,
2006-09-06,,,,,0.0,1.0,
2006-09-07,,,,,0.0,1.0,
2006-09-08,,,,,0.0,1.0,
2006-09-11,,,,,0.0,1.0,
2006-09-12,,,,,0.0,1.0,
2006-09-13,,,,,0.0,1.0,
2006-09-14,,,,,0.0,1.0,
2006-09-15,,,,,0.0,1.0,
2006-09-18,,,,,0.0,1.0,
2006-09-19,,,,,0.0,1.0,
2006-09-20,,,,,0.0,1.0,
2006-09-21,,,,,0.0,1.0,
2006-09-22,,,,,0.0,1.0,
2006-09-25,,,,,0.0,1.0,
2006-09-26,,,,,0.0,1.0,
2006-09-27,,,,,0.0,1.0,
2006-09-28,,,,,0.0,1.0,
2006-09-29,,,,,0.0,1.0,
2006-10-02,,,,,0.0,1.0,
2006-10-03,,,,,0.0,1.0,
2006-10-04,,,,,0.0,1.0,
2006-10-05,,,,,0.0,1.0,
2006-10-06,,,,,0.0,1.0,
2006-10-09,,,,,0.0,1.0,
2006-10-10,,,,,0.0,1.0,
2006-10-11,,,,,0.0,1.0,
2006-10-12,,,,,0.0,1.0,
2006-10-13,,,,,0.0,1.0,
2006-10-16,,,,,0.0,1.0,
2006-10-17,,,,,0.0,1.0,
2006-10-18,,,,,0.0,1.0,
2006-10-19,,,,,0.0,1.0,
2006-10-20,,,,,0.0,1.0,
2006-10-23,,,,,0.0,1.0,
2006-10-24,,,,,0.0,1.0,
2006-10-25,,,,,0.0,1.0,
2006-10-26,,,,,0.0,1.0,
2006-10-27,,,,,0.0,1.0,
2006-10-30,,,,,0.0,1.0,
2006-10-31,,,,,0.0,1.0,
2006-11-01,,,,,0.0,1.0,
2006-11-02,,,,,0.0,1.0,
2006-11-03,,,,,0.0,1.0,
2006-11-06,,,,,0.0,1.0,
2006-11-07,,,,,0.0,1.0,
2006-11-08,,,,,0.0,1.0,
2006-11-09,,,,,0.0,1.0,
2006-11-10,,,,,0.0,1.0,
2006-11-13,,,,,0.0,1.0,
2006-11-14,,,,,0.0,1.0,
2006-11-15,,,,,0.0,1.0,
2006-11-16,,,,,0.0,1.0,
2006-11-17,,,,,0.0,1.0,
2006-11-20,,,,,0.0,1.0,
2006-11-21,,,,,0.0,1.0,
2006-11-22,,,,,0.0,1.0,
2006-11-23,,,,,0.0,1.0,
2006-11-24,,,,,0.0,1.0,
2006-11-27,,,,,0.0,1.0,
2006-11-28,,,,,0.0,1.0,
2006-11-29,,,,,0.0,1.0,
2006-11-30,,,,,0.0,1.0,
2006-12-01,,,,,0.0,1.0,
2006-12-04,,,,,0.0,1.0,
2006-12-05,,,,,0.0,1.0,
2006-12-06,,,,,0.0,1.0,
2006-12-07,,,,,0.0,1.0,
2006-12-08,,,,,0.0,1.0,
2006-12-11,,,,,0.0,1.0,
2006-12-12,,,,,0.0,1.0,
2006-12-13,,,,,0.0,1.0,
2006-12-14,,,,,0.0,1.0,
2006-12-15,,,,,0.0,1.0,
2006-12-18,,,,,0.0,1.0,
2006-12-19,,,,,0.0,1.0,
2006-12-20,,,,,0.0,1.0,
2006-12-21,,,,,0.0,1.0,
2006-12-22,,,,,0.0,1.0,
2006-12-25,,,,,0.0,1.0,
2006-12-26,,,,,0.0,1.0,
2006-12-27,,,,,0.0,1.0,
2006-12-28,,,,,0.0,1.0,
2006-12-29,,,,,0.0,1.0,
2007-01-01,,,,,0.0,1.0,
2007-01-02,,,,,0.0,1.0,
2007-01-03,,,,,0.0,1.0,
2007-01-04,,,,,0.0,1.0,
2007-01-05,,,,,0.0,1.0,
2007-01-08,,,,,0.0,1.0,
2007-01-09,,,,,0.0,1.0,
2007-01-10,,,,,0.0,1.0,
2007-01-11,,,,,0.0,1.0,
2007-01-12,,,,,0.0,1.0,
2007-01-15,,,,,0.0,1.0,
2007-01-16,,,,,0.0,1.0,
2007-01-17,,,,,0.0,1.0,
2007-01-18,,,,,0.0,1.0,
2007-01-19,,,,,0.0,1.0,
2007-01-22,,,,,0.0,1.0,
2007-01-23,,,,,0.0,1.0,
2007-01-24,,,,,0.0,1.0,
2007-01-25,,,,,0.0,1.0,
2007-01-26,,,,,0.0,1.0,
2007-01-29,,,,,0.0,1.0,
2007-01-30,,,,,0.0,1.0,
2007-01-31,,,,,0.0,1.0,
2007-02-01,,,,,0.0,1.0,
2007-02-02,,,,,0.0,1.0,
2007-02-05,,,,,0.0,1.0,
2007-02-06,,,,,0.0,1.0,
2007-02-07,,,,,0.0,1.0,
2007-02-08,,,,,0.0,1.0,
2007-02-09,,,,,0.0,1.0,
2007-02-12,,,,,0.0,1.0,
2007-02-13,,,,,0.0,1.0,
2007-02-14,,,,,0.0,1.0,
2007-02-15,,,,,0.0,1.0,
2007-02-16,,,,,0.0,1.0,
2007-02-19,,,,,0.0,1.0,
2007-02-20,,,,,0.0,1.0,
2007-02-21,,,,,0.0,1.0,
2007-02-22,,,,,0.0,1.0,
2007-02-23,,,,,0.0,1.0,
2007-02-26,,,,,0.0,1.0,
2007-02-27,,,,,0.0,1.0,
2007-02-28,,,,,0.0,1.0,
2007-03-01,,,,,0.0,1.0,
2007-03-02,,,,,0.0,1.0,
2007-03-05,,,,,0.0,1.0,
2007-03-06,,,,,0.0,1.0,
2007-03-07,,,,,0.0,1.0,
2007-03-08,,,,,0.0,1.0,
2007-03-09,,,,,0.0,1.0,
2007-03-12,,,,,0.0,1.0,
2007-03-13,,,,,0.0,1.0,
2007-03-14,,,,,0.0,1.0,
2007-03-15,,,,,0.0,1.0,
2007-03-16,,,,,0.0,1.0,
2007-03-19,,,,,0.0,1.0,
2007-03-20,,,,,0.0,1.0,
2007-03-21,,,,,0.0,1.0,
2007-03-22,,,,,0.0,1.0,
2007-03-23,,,,,0.0,1.0,
2007-03-26,,,,,0.0,1.0,
2007-03-27,,,,,0.0,1.0,
2007-03-28,,,,,0.0,1.0,
2007-03-29,,,,,0.0,1.0,
2007-03-30,,,,,0.0,1.0,
2007-04-02,,,,,0.0,1.0,
2007-04-03,,,,,0.0,1.0,
2007-04-04,,,,,0.0,1.0,
2007-04-05,,,,,0.0,1.0,
2007-04-06,,,,,0.0,1.0,
2007-04-09,,,,,0.0,1.0,
2007-04-10,,,,,0.0,1.0,
2007-04-11,,,,,0.0,1.0,
2007-04-12,,,,,0.0,1.0,
2007-04-13,,,,,0.0,1.0,
2007-04-16,,,,,0.0,1.0,
2007-04-17,,,,,0.0,1.0,
2007-04-18,,,,,0.0,1.0,
2007-04-19,,,,,0.0,1.0,
2007-04-20,,,,,0.0,1.0,
2007-04-23,,,,,0.0,1.0,
2007-04-24,,,,,0.0,1.0,
2007-04-25,,,,,0.0,1.0,
2007-04-26,,,,,0.0,1.0,
2007-04-27,,,,,0.0,1.0,
2007-04-30,,,,,0.0,1.0,
2007-05-01,,,,,0.0,1.0,
2007-05-02,,,,,0.0,1.0,
2007-05-03,,,,,0.0,1.0,
2007-05-04,,,,,0.0,1.0,
2007-05-06,,,,,0.0,1.0,
2007-05-07,,,,,0.0,1.0,
2007-05-08,,,,,0.0,1.0,
2007-05-09,,,,,0.0,1.0,
2007-05-10,,,,,0.0,1.0,
2007-05-11,,,,,0.0,1.0,
2007-05-14,,,,,0.0,1.0,
2007-05-15,,,,,0.0,1.0,
2007-05-16,,,,,0.0,1.0,
2007-05-17,,,,,0.0,1.0,
2007-05-18,,,,,0.0,1.0,
2007-05-21,,,,,0.0,1.0,
2007-05-22,,,,,0.0,1.0,
2007-05-23,,,,,0.0,1.0,
2007-05-24,,,,,0.0,1.0,
2007-05-25,,,,,0.0,1.0,
2007-05-28,,,,,0.0,1.0,
2007-05-29,,,,,0.0,1.0,
2007-05-30,,,,,0.0,1.0,
2007-05-31,,,,,0.0,1.0,
2007-06-01,,,,,0.0,1.0,
2007-06-04,,,,,0.0,1.0,
2007-06-05,,,,,0.0,1.0,
2007-06-06,,,,,0.0,1.0,
2007-06-07,,,,,0.0,1.0,
2007-06-08,,,,,0.0,1.0,
2007-06-11,,,,,0.0,1.0,
2007-06-12,,,,,0.0,1.0,
2007-06-13,,,,,0.0,1.0,
2007-06-14,,,,,0.0,1.0,
2007-06-15,,,,,0.0,1.0,
2007-06-18,,,,,0.0,1.0,
2007-06-19,,,,,0.0,1.0,
2007-06-20,,,,,0.0,1.0,
2007-06-21,,,,,0.0,1.0,
2007-06-22,,,,,0.0,1.0,
2007-06-25,,,,,0.0,1.0,
2007-06-26,,,,,0.0,1.0,
2007-06-27,,,,,0.0,1.0,
2007-06-28,,,,,0.0,1.0,
2007-06-29,,,,,0.0,1.0,
2007-07-02,,,,,0.0,1.0,
2007-07-03,,,,,0.0,1.0,
2007-07-04,,,,,0.0,1.0,
2007-07-05,,,,,0.0,1.0,
2007-07-06,,,,,0.0,1.0,
2007-07-09,,,,,0.0,1.0,
2007-07-10,,,,,0.0,1.0,
2007-07-11,,,,,0.0,1.0,
2007-07-12,,,,,0.0,1.0,
2007-07-13,,,,,0.0,1.0,
2007-07-16,,,,,0.0,1.0,
2007-07-17,,,,,0.0,1.0,
2007-07-18,,,,,0.0,1.0,
2007-07-19,,,,,0.0,1.0,
2007-07-20,,,,,0.0,1.0,
2007-07-23,,,,,0.0,1.0,
2007-07-24,,,,,0.0,1.0,
2007-07-25,,,,,0.0,1.0,
2007-07-26,,,,,0.0,1.0,
2007-07-27,,,,,0.0,1.0,
2007-07-30,,,,,0.0,1.0,
2007-07-31,,,,,0.0,1.0,
2007-08-01,,,,,0.0,1.0,
2007-08-02,,,,,0.0,1.0,
2007-08-03,,,,,0.0,1.0,
2007-08-06,,,,,0.0,1.0,
2007-08-07,,,,,0.0,1.0,
2007-08-08,,,,,0.0,1.0,
2007-08-09,,,,,0.0,1.0,
2007-08-10,,,,,0.0,1.0,
2007-08-13,,,,,0.0,1.0,
2007-08-14,,,,,0.0,1.0,
2007-08-15,,,,,0.0,1.0,
2007-08-16,,,,,0.0,1.0,
2007-08-17,,,,,0.0,1.0,
2007-08-20,,,,,0.0,1.0,
2007-08-21,,,,,0.0,1.0,
2007-08-22,,,,,0.0,1.0,
2007-08-23,,,,,0.0,1.0,
2007-08-24,,,,,0.0,1.0,
2007-08-27,,,,,0.0,1.0,
2007-08-28,,,,,0.0,1.0,
2007-08-29,,,,,0.0,1.0,
2007-08-30,,,,,0.0,1.0,
2007-08-31,,,,,0.0,1.0,
2007-09-03,,,,,0.0,1.0,
2007-09-04,,,,,0.0,1.0,
2007-09-05,,,,,0.0,1.0,
2007-09-06,,,,,0.0,1.0,
2007-09-07,,,,,0.0,1.0,
2007-09-10,,,,,0.0,1.0,
2007-09-11,,,,,0.0,1.0,
2007-09-12,,,,,0.0,1.0,
2007-09-13,,,,,0.0,1.0,
2007-09-14,,,,,0.0,1.0,
2007-09-17,,,,,0.0,1.0,
2007-09-18,,,,,0.0,1.0,
2007-09-19,,,,,0.0,1.0,
2007-09-20,,,,,0.0,1.0,
2007-09-21,,,,,0.0,1.0,
2007-09-24,,,,,0.0,1.0,
2007-09-25,,,,,0.0,1.0,
2007-09-26,,,,,0.0,1.0,
2007-09-27,,,,,0.0,1.0,
2007-09-28,,,,,0.0,1.0,
2007-10-01,,,,,0.0,1.0,
2007-10-02,,,,,0.0,1.0,
2007-10-03,,,,,0.0,1.0,
2007-10-04,,,,,0.0,1.0,
2007-10-05,,,,,0.0,1.0,
2007-10-08,,,,,0.0,1.0,
2007-10-09,,,,,0.0,1.0,
2007-10-10,,,,,0.0,1.0,
2007-10-11,,,,,0.0,1.0,
2007-10-12,,,,,0.0,1.0,
2007-10-15,,,,,0.0,1.0,
2007-10-16,,,,,0.0,1.0,
2007-10-17,,,,,0.0,1.0,
2007-10-18,,,,,0.0,1.0,
2007-10-19,,,,,0.0,1.0,
2007-10-22,,,,,0.0,1.0,
2007-10-23,,,,,0.0,1.0,
2007-10-24,,,,,0.0,1.0,
2007-10-25,,,,,0.0,1.0,
2007-10-26,,,,,0.0,1.0,
2007-10-29,,,,,0.0,1.0,
2007-10-30,,,,,0.0,1.0,
2007-10-31,,,,,0.0,1.0,
2007-11-01,,,,,0.0,1.0,
2007-11-02,,,,,0.0,1.0,
2007-11-05,,,,,0.0,1.0,
2007-11-06,,,,,0.0,1.0,
2007-11-07,,,,,0.0,1.0,
2007-11-08,,,,,0.0,1.0,
2007-11-09,,,,,0.0,1.0,
2007-11-12,,,,,0.0,1.0,
2007-11-13,,,,,0.0,1.0,
2007-11-14,,,,,0.0,1.0,
2007-11-15,,,,,0.0,1.0,
2007-11-16,,,,,0.0,1.0,
2007-11-19,,,,,0.0,1.0,
2007-11-20,,,,,0.0,1.0,
2007-11-21,,,,,0.0,1.0,
2007-11-22,,,,,0.0,1.0,
2007-11-23,,,,,0.0,1.0,
2007-11-26,,,,,0.0,1.0,
2007-11-27,,,,,0.0,1.0,
2007-11-28,,,,,0.0,1.0,
2007-11-29,,,,,0.0,1.0,
2007-11-30,,,,,0.0,1.0,
2007-12-03,,,,,0.0,1.0,
2007-12-04,,,,,0.0,1.0,
2007-12-05,,,,,0.0,1.0,
2007-12-06,,,,,0.0,1.0,
2007-12-07,,,,,0.0,1.0,
2007-12-10,,,,,0.0,1.0,
2007-12-11,,,,,0.0,1.0,
2007-12-12,,,,,0.0,1.0,
2007-12-13,,,,,0.0,1.0,
2007-12-14,,,,,0.0,1.0,
2007-12-17,,,,,0.0,1.0,
2007-12-18,,,,,0.0,1.0,
2007-12-19,,,,,0.0,1.0,
2007-12-20,,,,,0.0,1.0,
2007-12-21,,,,,0.0,1.0,
2007-12-24,,,,,0.0,1.0,
2007-12-25,,,,,0.0,1.0,
2007-12-26,,,,,0.0,1.0,
2007-12-27,,,,,0.0,1.0,
2007-12-28,,,,,0.0,1.0,
2007-12-31,,,,,0.0,1.0,
2008-01-01,,,,,0.0,1.0,
2008-01-02,,,,,0.0,1.0,
2008-01-03,,,,,0.0,1.0,
2008-01-04,,,,,0.0,1.0,
2008-01-07,,,,,0.0,1.0,
2008-01-08,,,,,0.0,1.0,
2008-01-09,,,,,0.0,1.0,
2008-01-10,,,,,0.0,1.0,
2008-01-11,,,,,0.0,1.0,
2008-01-14,,,,,0.0,1.0,
2008-01-15,,,,,0.0,1.0,
2008-01-16,,,,,0.0,1.0,
2008-01-17,,,,,0.0,1.0,
2008-01-18,,,,,0.0,1.0,
2008-01-21,,,,,0.0,1.0,
2008-01-22,,,,,0.0,1.0,
2008-01-23,,,,,0.0,1.0,
2008-01-24,,,,,0.0,1.0,
2008-01-25,,,,,0.0,1.0,
2008-01-28,,,,,0.0,1.0,
2008-01-29,,,,,0.0,1.0,
2008-01-30,,,,,0.0,1.0,
2008-01-31,,,,,0.0,1.0,
2008-02-01,,,,,0.0,1.0,
2008-02-04,,,,,0.0,1.0,
2008-02-05,,,,,0.0,1.0,
2008-02-06,,,,,0.0,1.0,
2008-02-07,,,,,0.0,1.0,
2008-02-08,,,,,0.0,1.0,
2008-02-11,,,,,0.0,1.0,
2008-02-12,,,,,0.0,1.0,
2008-02-13,,,,,0.0,1.0,
2008-02-14,,,,,0.0,1.0,
2008-02-15,,,,,0.0,1.0,
2008-02-18,,,,,0.0,1.0,
2008-02-19,,,,,0.0,1.0,
2008-02-20,,,,,0.0,1.0,
2008-02-21,,,,,0.0,1.0,
2008-02-22,,,,,0.0,1.0,
2008-02-25,,,,,0.0,1.0,
2008-02-26,,,,,0.0,1.0,
2008-02-27,,,,,0.0,1.0,
2008-02-28,,,,,0.0,1.0,
2008-02-29,,,,,0.0,1.0,
2008-03-03,,,,,0.0,1.0,
2008-03-04,,,,,0.0,1.0,
2008-03-05,,,,,0.0,1.0,
2008-03-06,,,,,0.0,1.0,
2008-03-07,,,,,0.0,1.0,
2008-03-10,,,,,0.0,1.0,
2008-03-11,,,,,0.0,1.0,
2008-03-12,,,,,0.0,1.0,
2008-03-13,,,,,0.0,1.0,
2008-03-14,,,,,0.0,1.0,
2008-03-17,,,,,0.0,1.0,
2008-03-18,,,,,0.0,1.0,
2008-03-19,,,,,0.0,1.0,
2008-03-20,,,,,0.0,1.0,
2008-03-21,,,,,0.0,1.0,
2008-03-24,,,,,0.0,1.0,
2008-03-25,,,,,0.0,1.0,
2008-03-26,,,,,0.0,1.0,
2008-03-27,,,,,0.0,1.0,
2008-03-28,,,,,0.0,1.0,
2008-03-31,,,,,0.0,1.0,
2008-04-01,,,,,0.0,1.0,
2008-04-02,,,,,0.0,1.0,
2008-04-03,,,,,0.0,1.0,
2008-04-04,,,,,0.0,1.0,
2008-04-07,,,,,0.0,1.0,
2008-04-08,,,,,0.0,1.0,
2008-04-09,,,,,0.0,1.0,
2008-04-10,,,,,0.0,1.0,
2008-04-11,,,,,0.0,1.0,
2008-04-14,,,,,0.0,1.0,
2008-04-15,,,,,0.0,1.0,
2008-04-16,,,,,0.0,1.0,
2008-04-17,,,,,0.0,1.0,
2008-04-18,,,,,0.0,1.0,
2008-04-21,,,,,0.0,1.0,
2008-04-22,,,,,0.0,1.0,
2008-04-23,,,,,0.0,1.0,
2008-04-24,,,,,0.0,1.0,
2008-04-25,,,,,0.0,1.0,
2008-04-28,,,,,0.0,1.0,
2008-04-29,,,,,0.0,1.0,
2008-04-30,,,,,0.0,1.0,
2008-05-01,,,,,0.0,1.0,
2008-05-02,,,,,0.0,1.0,
2008-05-05,,,,,0.0,1.0,
2008-05-06,,,,,0.0,1.0,
2008-05-07,,,,,0.0,1.0,
2008-05-08,,,,,0.0,1.0,
2008-05-09,,,,,0.0,1.0,
2008-05-12,,,,,0.0,1.0,
2008-05-13,,,,,0.0,1.0,
2008-05-14,,,,,0.0,1.0,
2008-05-15,,,,,0.0,1.0,
2008-05-16,,,,,0.0,1.0,
2008-05-19,,,,,0.0,1.0,
2008-05-20,,,,,0.0,1.0,
2008-05-21,,,,,0.0,1.0,
2008-05-22,,,,,0.0,1.0,
2008-05-23,,,,,0.0,1.0,
2008-05-26,,,,,0.0,1.0,
2008-05-27,,,,,0.0,1.0,
2008-05-28,,,,,0.0,1.0,
2008-05-29,,,,,0.0,1.0,
2008-05-30,,,,,0.0,1.0,
2008-06-02,,,,,0.0,1.0,
2008-06-03,,,,,0.0,1.0,
2008-06-04,,,,,0.0,1.0,
2008-06-05,,,,,0.0,1.0,
2008-06-06,,,,,0.0,1.0,
2008-06-09,,,,,0.0,1.0,
2008-06-10,,,,,0.0,1.0,
2008-06-11,,,,,0.0,1.0,
2008-06-12,,,,,0.0,1.0,
2008-06-13,,,,,0.0,1.0,
2008-06-16,,,,,0.0,1.0,
2008-06-17,,,,,0.0,1.0,
2008-06-18,,,,,0.0,1.0,
2008-06-19,,,,,0.0,1.0,
2008-06-20,,,,,0.0,1.0,
2008-06-23,,,,,0.0,1.0,
2008-06-24,,,,,0.0,1.0,
2008-06-25,,,,,0.0,1.0,
2008-06-26,,,,,0.0,1.0,
2008-06-27,,,,,0.0,1.0,
2008-06-30,,,,,0.0,1.0,
2008-07-01,,,,,0.0,1.0,
2008-07-02,,,,,0.0,1.0,
2008-07-03,,,,,0.0,1.0,
2008-07-04,,,,,0.0,1.0,
2008-07-07,,,,,0.0,1.0,
2008-07-08,,,,,0.0,1.0,
2008-07-09,,,,,0.0,1.0,
2008-07-10,,,,,0.0,1.0,
2008-07-11,,,,,0.0,1.0,
2008-07-14,,,,,0.0,1.0,
2008-07-15,,,,,0.0,1.0,
2008-07-16,,,,,0.0,1.0,
2008-07-17,,,,,0.0,1.0,
2008-07-18,,,,,0.0,1.0,
2008-07-21,,,,,0.0,1.0,
2008-07-22,,,,,0.0,1.0,
2008-07-23,,,,,0.0,1.0,
2008-07-24,,,,,0.0,1.0,
2008-07-25,,,,,0.0,1.0,
2008-07-28,,,,,0.0,1.0,
2008-07-29,,,,,0.0,1.0,
2008-07-30,,,,,0.0,1.0,
2008-07-31,,,,,0.0,1.0,
2008-08-01,,,,,0.0,1.0,
2008-08-04,,,,,0.0,1.0,
2008-08-05,,,,,0.0,1.0,
2008-08-06,,,,,0.0,1.0,
2008-08-07,,,,,0.0,1.0,
2008-08-08,,,,,0.0,1.0,
2008-08-11,,,,,0.0,1.0,
2008-08-12,,,,,0.0,1.0,
2008-08-13,,,,,0.0,1.0,
2008-08-14,,,,,0.0,1.0,
2008-08-15,,,,,0.0,1.0,
2008-08-18,,,,,0.0,1.0,
2008-08-19,,,,,0.0,1.0,
2008-08-20,,,,,0.0,1.0,
2008-08-21,,,,,0.0,1.0,
2008-08-22,,,,,0.0,1.0,
2008-08-25,,,,,0.0,1.0,
2008-08-26,,,,,0.0,1.0,
2008-08-27,,,,,0.0,1.0,
2008-08-28,,,,,0.0,1.0,
2008-08-29,,,,,0.0,1.0,
2008-09-01,,,,,0.0,1.0,
2008-09-02,,,,,0.0,1.0,
2008-09-03,,,,,0.0,1.0,
2008-09-04,,,,,0.0,1.0,
2008-09-05,,,,,0.0,1.0,
2008-09-08,,,,,0.0,1.0,
2008-09-09,,,,,0.0,1.0,
2008-09-10,,,,,0.0,1.0,
2008-09-11,,,,,0.0,1.0,
2008-09-12,,,,,0.0,1.0,
2008-09-15,,,,,0.0,1.0,
2008-09-16,,,,,0.0,1.0,
2008-09-17,,,,,0.0,1.0,
2008-09-18,,,,,0.0,1.0,
2008-09-19,,,,,0.0,1.0,
2008-09-22,,,,,0.0,1.0,
2008-09-23,,,,,0.0,1.0,
2008-09-24,,,,,0.0,1.0,
2008-09-25,,,,,0.0,1.0,
2008-09-26,,,,,0.0,1.0,
2008-09-29,,,,,0.0,1.0,
2008-09-30,,,,,0.0,1.0,
2008-10-01,,,,,0.0,1.0,
2008-10-02,,,,,0.0,1.0,
2008-10-03,,,,,0.0,1.0,
2008-10-06,,,,,0.0,1.0,
2008-10-07,,,,,0.0,1.0,
2008-10-08,,,,,0.0,1.0,
2008-10-09,,,,,0.0,1.0,
2008-10-10,,,,,0.0,1.0,
2008-10-13,,,,,0.0,1.0,
2008-10-14,,,,,0.0,1.0,
2008-10-15,,,,,0.0,1.0,
2008-10-16,,,,,0.0,1.0,
2008-10-17,,,,,0.0,1.0,
2008-10-20,,,,,0.0,1.0,
2008-10-21,,,,,0.0,1.0,
2008-10-22,,,,,0.0,1.0,
2008-10-23,,,,,0.0,1.0,
2008-10-24,,,,,0.0,1.0,
2008-10-27,,,,,0.0,1.0,
2008-10-28,,,,,0.0,1.0,
2008-10-29,,,,,0.0,1.0,
2008-10-30,,,,,0.0,1.0,
2008-10-31,,,,,0.0,1.0,
2008-11-03,,,,,0.0,1.0,
2008-11-04,,,,,0.0,1.0,
2008-11-05,,,,,0.0,1.0,
2008-11-06,,,,,0.0,1.0,
2008-11-07,,,,,0.0,1.0,
2008-11-10,,,,,0.0,1.0,
2008-11-11,,,,,0.0,1.0,
2008-11-12,,,,,0.0,1.0,
2008-11-13,,,,,0.0,1.0,
2008-11-14,,,,,0.0,1.0,
2008-11-17,,,,,0.0,1.0,
2008-11-18,,,,,0.0,1.0,
2008-11-19,,,,,0.0,1.0,
2008-11-20,,,,,0.0,1.0,
2008-11-21,,,,,0.0,1.0,
2008-11-24,,,,,0.0,1.0,
2008-11-25,,,,,0.0,1.0,
2008-11-26,,,,,0.0,1.0,
2008-11-27,,,,,0.0,1.0,
2008-11-28,,,,,0.0,1.0,
2008-12-01,,,,,0.0,1.0,
2008-12-02,,,,,0.0,1.0,
2008-12-03,,,,,0.0,1.0,
2008-12-04,,,,,0.0,1.0,
2008-12-05,,,,,0.0,1.0,
2008-12-08,,,,,0.0,1.0,
2008-12-09,,,,,0.0,1.0,
2008-12-10,,,,,0.0,1.0,
2008-12-11,,,,,0.0,1.0,
2008-12-12,,,,,0.0,1.0,
2008-12-15,,,,,0.0,1.0,
2008-12-16,,,,,0.0,1.0,
2008-12-17,,,,,0.0,1.0,
2008-12-18,,,,,0.0,1.0,
2008-12-19,,,,,0.0,1.0,
2008-12-22,,,,,0.0,1.0,
2008-12-23,,,,,0.0,1.0,
2008-12-24,,,,,0.0,1.0,
2008-12-25,,,,,0.0,1.0,
2008-12-26,,,,,0.0,1.0,
2008-12-29,,,,,0.0,1.0,
2008-12-30,,,,,0.0,1.0,
2008-12-31,,,,,0.0,1.0,
2009-01-01,,,,,0.0,1.0,
2009-01-02,,,,,0.0,1.0,
2009-01-05,,,,,0.0,1.0,
2009-01-06,,,,,0.0,1.0,
2009-01-07,,,,,0.0,1.0,
2009-01-08,,,,,0.0,1.0,
2009-01-09,,,,,0.0,1.0,
2009-01-12,,,,,0.0,1.0,
2009-01-13,,,,,0.0,1.0,
2009-01-14,,,,,0.0,1.0,
2009-01-15,,,,,0.0,1.0,
2009-01-16,,,,,0.0,1.0,
2009-01-19,,,,,0.0,1.0,
2009-01-20,,,,,0.0,1.0,
2009-01-21,,,,,0.0,1.0,
2009-01-22,,,,,0.0,1.0,
2009-01-23,,,,,0.0,1.0,
2009-01-26,,,,,0.0,1.0,
2009-01-27,,,,,0.0,1.0,
2009-01-28,,,,,0.0,1.0,
2009-01-29,,,,,0.0,1.0,
2009-01-30,,,,,0.0,1.0,
2009-02-02,,,,,0.0,1.0,
2009-02-03,,,,,0.0,1.0,
2009-02-04,,,,,0.0,1.0,
2009-02-05,,,,,0.0,1.0,
2009-02-06,,,,,0.0,1.0,
2009-02-09,,,,,0.0,1.0,
2009-02-10,,,,,0.0,1.0,
2009-02-11,,,,,0.0,1.0,
2009-02-12,,,,,0.0,1.0,
2009-02-13,,,,,0.0,1.0,
2009-02-16,,,,,0.0,1.0,
2009-02-17,,,,,0.0,1.0,
2009-02-18,,,,,0.0,1.0,
2009-02-19,,,,,0.0,1.0,
2009-02-20,,,,,0.0,1.0,
2009-02-23,,,,,0.0,1.0,
2009-02-24,,,,,0.0,1.0,
2009-02-25,,,,,0.0,1.0,
2009-02-26,,,,,0.0,1.0,
2009-02-27,,,,,0.0,1.0,
2009-03-02,,,,,0.0,1.0,
2009-03-03,,,,,0.0,1.0,
2009-03-04,,,,,0.0,1.0,
2009-03-05,,,,,0.0,1.0,
2009-03-06,,,,,0.0,1.0,
2009-03-09,,,,,0.0,1.0,
2009-03-10,,,,,0.0,1.0,
2009-03-11,,,,,0.0,1.0,
2009-03-12,,,,,0.0,1.0,
2009-03-13,,,,,0.0,1.0,
2009-03-16,,,,,0.0,1.0,
2009-03-17,,,,,0.0,1.0,
2009-03-18,,,,,0.0,1.0,
2009-03-19,,,,,0.0,1.0,
2009-03-20,,,,,0.0,1.0,
2009-03-23,,,,,0.0,1.0,
2009-03-24,,,,,0.0,1.0,
2009-03-25,,,,,0.0,1.0,
2009-03-26,,,,,0.0,1.0,
2009-03-27,,,,,0.0,1.0,
2009-03-29,,,,,0.0,1.0,
2009-03-30,,,,,0.0,1.0,
2009-03-31,,,,,0.0,1.0,
2009-04-01,,,,,0.0,1.0,
2009-04-02,,,,,0.0,1.0,
2009-04-03,,,,,0.0,1.0,
2009-04-06,,,,,0.0,1.0,
2009-04-07,,,,,0.0,1.0,
2009-04-08,,,,,0.0,1.0,
2009-04-09,,,,,0.0,1.0,
2009-04-10,,,,,0.0,1.0,
2009-04-13,,,,,0.0,1.0,
2009-04-14,,,,,0.0,1.0,
2009-04-15,,,,,0.0,1.0,
2009-04-16,,,,,0.0,1.0,
2009-04-17,,,,,0.0,1.0,
2009-04-20,,,,,0.0,1.0,
2009-04-21,,,,,0.0,1.0,
2009-04-22,,,,,0.0,1.0,
2009-04-23,,,,,0.0,1.0,
2009-04-24,,,,,0.0,1.0,
2009-04-27,,,,,0.0,1.0,
2009-04-28,,,,,0.0,1.0,
2009-04-29,,,,,0.0,1.0,
2009-04-30,,,,,0.0,1.0,
2009-05-01,,,,,0.0,1.0,
2009-05-04,,,,,0.0,1.0,
2009-05-05,,,,,0.0,1.0,
2009-05-06,,,,,0.0,1.0,
2009-05-07,,,,,0.0,1.0,
2009-05-08,,,,,0.0,1.0,
2009-05-11,,,,,0.0,1.0,
2009-05-12,,,,,0.0,1.0,
2009-05-13,,,,,0.0,1.0,
2009-05-14,,,,,0.0,1.0,
2009-05-15,,,,,0.0,1.0,
2009-05-18,,,,,0.0,1.0,
2009-05-19,,,,,0.0,1.0,
2009-05-20,,,,,0.0,1.0,
2009-05-21,,,,,0.0,1.0,
2009-05-22,,,,,0.0,1.0,
2009-05-25,,,,,0.0,1.0,
2009-05-26,,,,,0.0,1.0,
2009-05-27,,,,,0.0,1.0,
2009-05-28,,,,,0.0,1.0,
2009-05-29,,,,,0.0,1.0,
2009-06-01,,,,,0.0,1.0,
2009-06-02,,,,,0.0,1.0,
2009-06-03,,,,,0.0,1.0,
2009-06-04,,,,,0.0,1.0,
2009-06-05,,,,,0.0,1.0,
2009-06-08,,,,,0.0,1.0,
2009-06-09,,,,,0.0,1.0,
2009-06-10,,,,,0.0,1.0,
2009-06-11,,,,,0.0,1.0,
2009-06-12,,,,,0.0,1.0,
2009-06-15,,,,,0.0,1.0,
2009-06-16,,,,,0.0,1.0,
2009-06-17,,,,,0.0,1.0,
2009-06-18,,,,,0.0,1.0,
2009-06-19,,,,,0.0,1.0,
2009-06-22,,,,,0.0,1.0,
2009-06-23,,,,,0.0,1.0,
2009-06-24,,,,,0.0,1.0,
2009-06-25,,,,,0.0,1.0,
2009-06-26,,,,,0.0,1.0,
2009-06-29,,,,,0.0,1.0,
2009-06-30,,,,,0.0,1.0,
2009-07-01,,,,,0.0,1.0,
2009-07-02,,,,,0.0,1.0,
2009-07-03,,,,,0.0,1.0,
2009-07-06,,,,,0.0,1.0,
2009-07-07,,,,,0.0,1.0,
2009-07-08,,,,,0.0,1.0,
2009-07-09,,,,,0.0,1.0,
2009-07-10,,,,,0.0,1.0,
2009-07-13,,,,,0.0,1.0,
2009-07-14,,,,,0.0,1.0,
2009-07-15,,,,,0.0,1.0,
2009-07-16,,,,,0.0,1.0,
2009-07-17,,,,,0.0,1.0,
2009-07-20,,,,,0.0,1.0,
2009-07-21,,,,,0.0,1.0,
2009-07-22,,,,,0.0,1.0,
2009-07-23,,,,,0.0,1.0,
2009-07-24,,,,,0.0,1.0,
2009-07-27,,,,,0.0,1.0,
2009-07-28,,,,,0.0,1.0,
2009-07-29,,,,,0.0,1.0,
2009-07-30,,,,,0.0,1.0,
2009-07-31,,,,,0.0,1.0,
2009-08-03,,,,,0.0,1.0,
2009-08-04,,,,,0.0,1.0,
2009-08-05,,,,,0.0,1.0,
2009-08-06,,,,,0.0,1.0,
2009-08-07,,,,,0.0,1.0,
2009-08-10,,,,,0.0,1.0,
2009-08-11,,,,,0.0,1.0,
2009-08-12,,,,,0.0,1.0,
2009-08-13,,,,,0.0,1.0,
2009-08-14,,,,,0.0,1.0,
2009-08-17,,,,,0.0,1.0,
2009-08-18,,,,,0.0,1.0,
2009-08-19,,,,,0.0,1.0,
2009-08-20,,,,,0.0,1.0,
2009-08-21,,,,,0.0,1.0,
2009-08-24,,,,,0.0,1.0,
2009-08-25,,,,,0.0,1.0,
2009-08-26,,,,,0.0,1.0,
2009-08-27,,,,,0.0,1.0,
2009-08-28,,,,,0.0,1.0,
2009-08-31,,,,,0.0,1.0,
2009-09-01,,,,,0.0,1.0,
2009-09-02,,,,,0.0,1.0,
2009-09-03,,,,,0.0,1.0,
2009-09-04,,,,,0.0,1.0,
2009-09-07,,,,,0.0,1.0,
2009-09-08,,,,,0.0,1.0,
2009-09-09,,,,,0.0,1.0,
2009-09-10,,,,,0.0,1.0,
2009-09-11,,,,,0.0,1.0,
2009-09-14,,,,,0.0,1.0,
2009-09-15,,,,,0.0,1.0,
2009-09-16,,,,,0.0,1.0,
2009-09-17,,,,,0.0,1.0,
2009-09-18,,,,,0.0,1.0,
2009-09-21,,,,,0.0,1.0,
2009-09-22,,,,,0.0,1.0,
2009-09-23,,,,,0.0,1.0,
2009-09-24,,,,,0.0,1.0,
2009-09-25,,,,,0.0,1.0,
2009-09-28,,,,,0.0,1.0,
2009-09-29,,,,,0.0,1.0,
2009-09-30,,,,,0.0,1.0,
2009-10-01,,,,,0.0,1.0,
2009-10-02,,,,,0.0,1.0,
2009-10-05,,,,,0.0,1.0,
2009-10-06,,,,,0.0,1.0,
2009-10-07,,,,,0.0,1.0,
2009-10-08,,,,,0.0,1.0,
2009-10-09,,,,,0.0,1.0,
2009-10-12,,,,,0.0,1.0,
2009-10-13,,,,,0.0,1.0,
2009-10-14,,,,,0.0,1.0,
2009-10-15,,,,,0.0,1.0,
2009-10-16,,,,,0.0,1.0,
2009-10-17,,,,,0.0,1.0,
2009-10-19,,,,,0.0,1.0,
2009-10-20,,,,,0.0,1.0,
2009-10-21,,,,,0.0,1.0,
2009-10-22,,,,,0.0,1.0,
2009-10-23,,,,,0.0,1.0,
2009-10-26,,,,,0.0,1.0,
2009-10-27,,,,,0.0,1.0,
2009-10-28,,,,,0.0,1.0,
2009-10-29,,,,,0.0,1.0,
2009-10-30,,,,,0.0,1.0,
2009-11-02,,,,,0.0,1.0,
2009-11-03,,,,,0.0,1.0,
2009-11-04,,,,,0.0,1.0,
2009-11-05,,,,,0.0,1.0,
2009-11-06,,,,,0.0,1.0,
2009-11-09,,,,,0.0,1.0,
2009-11-10,,,,,0.0,1.0,
2009-11-11,,,,,0.0,1.0,
2009-11-12,,,,,0.0,1.0,
2009-11-13,,,,,0.0,1.0,
2009-11-16,,,,,0.0,1.0,
2009-11-17,,,,,0.0,1.0,
2009-11-18,,,,,0.0,1.0,
2009-11-19,,,,,0.0,1.0,
2009-11-20,,,,,0.0,1.0,
2009-11-23,,,,,0.0,1.0,
2009-11-24,,,,,0.0,1.0,
2009-11-25,,,,,0.0,1.0,
2009-11-26,,,,,0.0,1.0,
2009-11-27,,,,,0.0,1.0,
2009-11-30,,,,,0.0,1.0,
2009-12-01,,,,,0.0,1.0,
2009-12-02,,,,,0.0,1.0,
2009-12-03,,,,,0.0,1.0,
2009-12-04,,,,,0.0,1.0,
2009-12-07,,,,,0.0,1.0,
2009-12-08,,,,,0.0,1.0,
2009-12-09,,,,,0.0,1.0,
2009-12-10,,,,,0.0,1.0,
2009-12-11,,,,,0.0,1.0,
2009-12-14,,,,,0.0,1.0,
2009-12-15,,,,,0.0,1.0,
2009-12-16,,,,,0.0,1.0,
2009-12-17,,,,,0.0,1.0,
2009-12-18,,,,,0.0,1.0,
2009-12-21,,,,,0.0,1.0,
2009-12-22,,,,,0.0,1.0,
2009-12-23,,,,,0.0,1.0,
2009-12-24,,,,,0.0,1.0,
2009-12-25,,,,,0.0,1.0,
2009-12-28,,,,,0.0,1.0,
2009-12-29,,,,,0.0,1.0,
2009-12-30,,,,,0.0,1.0,
2009-12-31,,,,,0.0,1.0,
2010-01-01,,,,,0.0,1.0,
2010-01-04,,,,,0.0,1.0,
2010-01-05,,,,,0.0,1.0,
2010-01-06,,,,,0.0,1.0,
2010-01-07,,,,,0.0,1.0,
2010-01-08,,,,,0.0,1.0,
2010-01-11,,,,,0.0,1.0,
2010-01-12,,,,,0.0,1.0,
2010-01-13,,,,,0.0,1.0,
2010-01-14,,,,,0.0,1.0,
2010-01-15,,,,,0.0,1.0,
2010-01-18,,,,,0.0,1.0,
2010-01-19,,,,,0.0,1.0,
2010-01-20,,,,,0.0,1.0,
2010-01-21,,,,,0.0,1.0,
2010-01-22,,,,,0.0,1.0,
2010-01-25,,,,,0.0,1.0,
2010-01-26,,,,,0.0,1.0,
2010-01-27,,,,,0.0,1.0,
2010-01-28,,,,,0.0,1.0,
2010-01-29,,,,,0.0,1.0,
2010-02-01,,,,,0.0,1.0,
2010-02-02,,,,,0.0,1.0,
2010-02-03,,,,,0.0,1.0,
2010-02-04,,,,,0.0,1.0,
2010-02-05,,,,,0.0,1.0,
2010-02-08,,,,,0.0,1.0,
2010-02-09,,,,,0.0,1.0,
2010-02-10,,,,,0.0,1.0,
2010-02-11,,,,,0.0,1.0,
2010-02-12,,,,,0.0,1.0,
2010-02-15,,,,,0.0,1.0,
2010-02-16,,,,,0.0,1.0,
2010-02-17,,,,,0.0,1.0,
2010-02-18,,,,,0.0,1.0,
2010-02-19,,,,,0.0,1.0,
2010-02-22,,,,,0.0,1.0,
2010-02-23,,,,,0.0,1.0,
2010-02-24,,,,,0.0,1.0,
2010-02-25,,,,,0.0,1.0,
2010-02-26,,,,,0.0,1.0,
2010-03-01,,,,,0.0,1.0,
2010-03-02,,,,,0.0,1.0,
2010-03-03,,,,,0.0,1.0,
2010-03-04,,,,,0.0,1.0,
2010-03-05,,,,,0.0,1.0,
2010-03-08,,,,,0.0,1.0,
2010-03-09,,,,,0.0,1.0,
2010-03-10,,,,,0.0,1.0,
2010-03-11,,,,,0.0,1.0,
2010-03-12,,,,,0.0,1.0,
2010-03-15,,,,,0.0,1.0,
2010-03-16,,,,,0.0,1.0,
2010-03-17,,,,,0.0,1.0,
2010-03-18,,,,,0.0,1.0,
2010-03-19,,,,,0.0,1.0,
2010-03-22,,,,,0.0,1.0,
2010-03-23,,,,,0.0,1.0,
2010-03-24,,,,,0.0,1.0,
2010-03-25,,,,,0.0,1.0,
2010-03-26,,,,,0.0,1.0,
2010-03-29,,,,,0.0,1.0,
2010-03-30,,,,,0.0,1.0,
2010-03-31,,,,,0.0,1.0,
2010-04-01,,,,,0.0,1.0,
2010-04-02,,,,,0.0,1.0,
2010-04-05,,,,,0.0,1.0,
2010-04-06,,,,,0.0,1.0,
2010-04-07,,,,,0.0,1.0,
2010-04-08,,,,,0.0,1.0,
2010-04-09,,,,,0.0,1.0,
2010-04-12,,,,,0.0,1.0,
2010-04-13,,,,,0.0,1.0,
2010-04-14,,,,,0.0,1.0,
2010-04-15,,,,,0.0,1.0,
2010-04-16,,,,,0.0,1.0,
2010-04-19,,,,,0.0,1.0,
2010-04-20,,,,,0.0,1.0,
2010-04-21,,,,,0.0,1.0,
2010-04-22,,,,,0.0,1.0,
2010-04-23,,,,,0.0,1.0,
2010-04-26,,,,,0.0,1.0,
2010-04-27,,,,,0.0,1.0,
2010-04-28,,,,,0.0,1.0,
2010-04-29,,,,,0.0,1.0,
2010-04-30,,,,,0.0,1.0,
2010-05-03,,,,,0.0,1.0,
2010-05-04,,,,,0.0,1.0,
2010-05-05,,,,,0.0,1.0,
2010-05-06,,,,,0.0,1.0,
2010-05-07,,,,,0.0,1.0,
2010-05-10,,,,,0.0,1.0,
2010-05-11,,,,,0.0,1.0,
2010-05-12,,,,,0.0,1.0,
2010-05-13,,,,,0.0,1.0,
2010-05-14,,,,,0.0,1.0,
2010-05-17,,,,,0.0,1.0,
2010-05-18,,,,,0.0,1.0,
2010-05-19,,,,,0.0,1.0,
2010-05-20,,,,,0.0,1.0,
2010-05-21,,,,,0.0,1.0,
2010-05-24,,,,,0.0,1.0,
2010-05-25,,,,,0.0,1.0,
2010-05-26,,,,,0.0,1.0,
2010-05-27,,,,,0.0,1.0,
2010-05-28,,,,,0.0,1.0,
2010-05-31,,,,,0.0,1.0,
2010-06-01,,,,,0.0,1.0,
2010-06-02,,,,,0.0,1.0,
2010-06-03,,,,,0.0,1.0,
2010-06-04,,,,,0.0,1.0,
2010-06-07,,,,,0.0,1.0,
2010-06-08,,,,,0.0,1.0,
2010-06-09,,,,,0.0,1.0,
2010-06-10,,,,,0.0,1.0,
2010-06-11,,,,,0.0,1.0,
2010-06-14,,,,,0.0,1.0,
2010-06-15,,,,,0.0,1.0,
2010-06-16,,,,,0.0,1.0,
2010-06-17,,,,,0.0,1.0,
2010-06-18,,,,,0.0,1.0,
2010-06-21,,,,,0.0,1.0,
2010-06-22,,,,,0.0,1.0,
2010-06-23,,,,,0.0,1.0,
2010-06-24,,,,,0.0,1.0,
2010-06-25,,,,,0.0,1.0,
2010-06-28,,,,,0.0,1.0,
2010-06-29,,,,,0.0,1.0,
2010-06-30,,,,,0.0,1.0,
2010-07-01,,,,,0.0,1.0,
2010-07-02,,,,,0.0,1.0,
2010-07-05,,,,,0.0,1.0,
2010-07-06,,,,,0.0,1.0,
2010-07-07,,,,,0.0,1.0,
2010-07-08,,,,,0.0,1.0,
2010-07-09,,,,,0.0,1.0,
2010-07-12,,,,,0.0,1.0,
2010-07-13,,,,,0.0,1.0,
2010-07-14,,,,,0.0,1.0,
2010-07-15,,,,,0.0,1.0,
2010-07-16,,,,,0.0,1.0,
2010-07-19,,,,,0.0,1.0,
2010-07-20,,,,,0.0,1.0,
2010-07-21,,,,,0.0,1.0,
2010-07-22,,,,,0.0,1.0,
2010-07-23,,,,,0.0,1.0,
2010-07-26,,,,,0.0,1.0,
2010-07-27,,,,,0.0,1.0,
2010-07-28,,,,,0.0,1.0,
2010-07-29,,,,,0.0,1.0,
2010-07-30,,,,,0.0,1.0,
2010-08-02,,,,,0.0,1.0,
2010-08-03,,,,,0.0,1.0,
2010-08-04,,,,,0.0,1.0,
2010-08-05,,,,,0.0,1.0,
2010-08-06,,,,,0.0,1.0,
2010-08-09,,,,,0.0,1.0,
2010-08-10,,,,,0.0,1.0,
2010-08-11,,,,,0.0,1.0,
2010-08-12,,,,,0.0,1.0,
2010-08-13,,,,,0.0,1.0,
2010-08-16,,,,,0.0,1.0,
2010-08-17,,,,,0.0,1.0,
2010-08-18,,,,,0.0,1.0,
2010-08-19,,,,,0.0,1.0,
2010-08-20,,,,,0.0,1.0,
2010-08-23,,,,,0.0,1.0,
2010-08-24,,,,,0.0,1.0,
2010-08-25,,,,,0.0,1.0,
2010-08-26,,,,,0.0,1.0,
2010-08-27,,,,,0.0,1.0,
2010-08-30,,,,,0.0,1.0,
2010-08-31,,,,,0.0,1.0,
2010-09-01,,,,,0.0,1.0,
2010-09-02,,,,,0.0,1.0,
2010-09-03,,,,,0.0,1.0,
2010-09-06,,,,,0.0,1.0,
2010-09-07,,,,,0.0,1.0,
2010-09-08,,,,,0.0,1.0,
2010-09-09,,,,,0.0,1.0,
2010-09-10,,,,,0.0,1.0,
2010-09-13,,,,,0.0,1.0,
2010-09-14,,,,,0.0,1.0,
2010-09-15,,,,,0.0,1.0,
2010-09-16,,,,,0.0,1.0,
2010-09-17,,,,,0.0,1.0,
2010-09-20,,,,,0.0,1.0,
2010-09-21,,,,,0.0,1.0,
2010-09-22,,,,,0.0,1.0,
2010-09-23,,,,,0.0,1.0,
2010-09-24,,,,,0.0,1.0,
2010-09-27,,,,,0.0,1.0,
2010-09-28,,,,,0.0,1.0,
2010-09-29,,,,,0.0,1.0,
2010-09-30,,,,,0.0,1.0,
2010-10-01,,,,,0.0,1.0,
2010-10-02,,,,,0.0,1.0,
2010-10-04,,,,,0.0,1.0,
2010-10-05,,,,,0.0,1.0,
2010-10-06,,,,,0.0,1.0,
2010-10-07,,,,,0.0,1.0,
2010-10-08,,,,,0.0,1.0,
2010-10-11,,,,,0.0,1.0,
2010-10-12,,,,,0.0,1.0,
2010-10-13,,,,,0.0,1.0,
2010-10-14,,,,,0.0,1.0,
2010-10-15,,,,,0.0,1.0,
2010-10-18,,,,,0.0,1.0,
2010-10-19,,,,,0.0,1.0,
2010-10-20,,,,,0.0,1.0,
2010-10-21,,,,,0.0,1.0,
2010-10-22,,,,,0.0,1.0,
2010-10-25,,,,,0.0,1.0,
2010-10-26,,,,,0.0,1.0,
2010-10-27,,,,,0.0,1.0,
2010-10-28,,,,,0.0,1.0,
2010-10-29,,,,,0.0,1.0,
2010-11-01,,,,,0.0,1.0,
2010-11-02,,,,,0.0,1.0,
2010-11-03,,,,,0.0,1.0,
2010-11-04,,,,,0.0,1.0,
2010-11-05,,,,,0.0,1.0,
2010-11-08,,,,,0.0,1.0,
2010-11-09,,,,,0.0,1.0,
2010-11-10,,,,,0.0,1.0,
2010-11-11,,,,,0.0,1.0,
2010-11-12,,,,,0.0,1.0,
2010-11-15,,,,,0.0,1.0,
2010-11-16,,,,,0.0,1.0,
2010-11-17,,,,,0.0,1.0,
2010-11-18,,,,,0.0,1.0,
2010-11-19,,,,,0.0,1.0,
2010-11-22,,,,,0.0,1.0,
2010-11-23,,,,,0.0,1.0,
2010-11-24,,,,,0.0,1.0,
2010-11-25,,,,,0.0,1.0,
2010-11-26,,,,,0.0,1.0,
2010-11-29,,,,,0.0,1.0,
2010-11-30,,,,,0.0,1.0,
2010-12-01,,,,,0.0,1.0,
2010-12-02,,,,,0.0,1.0,
2010-12-03,,,,,0.0,1.0,
2010-12-06,,,,,0.0,1.0,
2010-12-07,,,,,0.0,1.0,
2010-12-08,,,,,0.0,1.0,
2010-12-09,,,,,0.0,1.0,
2010-12-10,,,,,0.0,1.0,
2010-12-13,,,,,0.0,1.0,
2010-12-14,,,,,0.0,1.0,
2010-12-15,,,,,0.0,1.0,
2010-12-16,,,,,0.0,1.0,
2010-12-17,,,,,0.0,1.0,
2010-12-20,,,,,0.0,1.0,
2010-12-21,,,,,0.0,1.0,
2010-12-22,,,,,0.0,1.0,
2010-12-23,,,,,0.0,1.0,
2010-12-24,,,,,0.0,1.0,
2010-12-27,,,,,0.0,1.0,
2010-12-28,,,,,0.0,1.0,
2010-12-29,,,,,0.0,1.0,
2010-12-30,,,,,0.0,1.0,
2010-12-31,,,,,0.0,1.0,
2011-01-03,,,,,0.0,1.0,
2011-01-04,,,,,0.0,1.0,
2011-01-05,,,,,0.0,1.0,
2011-01-06,,,,,0.0,1.0,
2011-01-07,,,,,0.0,1.0,
2011-01-10,,,,,0.0,1.0,
2011-01-11,,,,,0.0,1.0,
2011-01-12,,,,,0.0,1.0,
2011-01-13,,,,,0.0,1.0,
2011-01-14,,,,,0.0,1.0,
2011-01-17,,,,,0.0,1.0,
2011-01-18,,,,,0.0,1.0,
2011-01-19,,,,,0.0,1.0,
2011-01-20,,,,,0.0,1.0,
2011-01-21,,,,,0.0,1.0,
2011-01-24,,,,,0.0,1.0,
2011-01-25,,,,,0.0,1.0,
2011-01-26,,,,,0.0,1.0,
2011-01-27,,,,,0.0,1.0,
2011-01-28,,,,,0.0,1.0,
2011-01-31,,,,,0.0,1.0,
2011-02-01,,,,,0.0,1.0,
2011-02-02,,,,,0.0,1.0,
2011-02-03,,,,,0.0,1.0,
2011-02-04,,,,,0.0,1.0,
2011-02-07,,,,,0.0,1.0,
2011-02-08,,,,,0.0,1.0,
2011-02-09,,,,,0.0,1.0,
2011-02-10,,,,,0.0,1.0,
2011-02-11,,,,,0.0,1.0,
2011-02-14,,,,,0.0,1.0,
2011-02-15,,,,,0.0,1.0,
2011-02-16,,,,,0.0,1.0,
2011-02-17,,,,,0.0,1.0,
2011-02-18,,,,,0.0,1.0,
2011-02-21,,,,,0.0,1.0,
2011-02-22,,,,,0.0,1.0,
2011-02-23,,,,,0.0,1.0,
2011-02-24,,,,,0.0,1.0,
2011-02-25,,,,,0.0,1.0,
2011-02-28,,,,,0.0,1.0,
2011-03-01,,,,,0.0,1.0,
2011-03-02,,,,,0.0,1.0,
2011-03-03,,,,,0.0,1.0,
2011-03-04,,,,,0.0,1.0,
2011-03-07,,,,,0.0,1.0,
2011-03-08,,,,,0.0,1.0,
2011-03-09,,,,,0.0,1.0,
2011-03-10,,,,,0.0,1.0,
2011-03-11,,,,,0.0,1.0,
2011-03-14,,,,,0.0,1.0,
2011-03-15,,,,,0.0,1.0,
2011-03-16,,,,,0.0,1.0,
2011-03-17,,,,,0.0,1.0,
2011-03-18,,,,,0.0,1.0,
2011-03-19,,,,,0.0,1.0,
2011-03-21,,,,,0.0,1.0,
2011-03-22,,,,,0.0,1.0,
2011-03-23,,,,,0.0,1.0,
2011-03-24,,,,,0.0,1.0,
2011-03-25,,,,,0.0,1.0,
2011-03-28,,,,,0.0,1.0,
2011-03-29,,,,,0.0,1.0,
2011-03-30,,,,,0.0,1.0,
2011-03-31,,,,,0.0,1.0,
2011-04-01,,,,,0.0,1.0,
2011-04-04,,,,,0.0,1.0,
2011-04-05,,,,,0.0,1.0,
2011-04-06,,,,,0.0,1.0,
2011-04-07,,,,,0.0,1.0,
2011-04-08,,,,,0.0,1.0,
2011-04-11,,,,,0.0,1.0,
2011-04-12,,,,,0.0,1.0,
2011-04-13,,,,,0.0,1.0,
2011-04-14,,,,,0.0,1.0,
2011-04-15,,,,,0.0,1.0,
2011-04-18,,,,,0.0,1.0,
2011-04-19,,,,,0.0,1.0,
2011-04-20,,,,,0.0,1.0,
2011-04-21,,,,,0.0,1.0,
2011-04-26,,,,,0.0,1.0,
2011-04-27,,,,,0.0,1.0,
2011-04-28,,,,,0.0,1.0,
2011-04-29,,,,,0.0,1.0,
2011-05-02,,,,,0.0,1.0,
2011-05-03,,,,,0.0,1.0,
2011-05-04,,,,,0.0,1.0,
2011-05-05,,,,,0.0,1.0,
2011-05-06,,,,,0.0,1.0,
2011-05-09,,,,,0.0,1.0,
2011-05-10,,,,,0.0,1.0,
2011-05-11,,,,,0.0,1.0,
2011-05-12,,,,,0.0,1.0,
2011-05-13,,,,,0.0,1.0,
2011-05-16,,,,,0.0,1.0,
2011-05-17,,,,,0.0,1.0,
2011-05-18,,,,,0.0,1.0,
2011-05-19,,,,,0.0,1.0,
2011-05-20,,,,,0.0,1.0,
2011-05-23,,,,,0.0,1.0,
2011-05-24,,,,,0.0,1.0,
2011-05-25,,,,,0.0,1.0,
2011-05-26,,,,,0.0,1.0,
2011-05-27,,,,,0.0,1.0,
2011-05-30,,,,,0.0,1.0,
2011-05-31,,,,,0.0,1.0,
2011-06-01,,,,,0.0,1.0,
2011-06-02,,,,,0.0,1.0,
2011-06-03,,,,,0.0,1.0,
2011-06-06,,,,,0.0,1.0,
2011-06-07,,,,,0.0,1.0,
2011-06-08,,,,,0.0,1.0,
2011-06-09,,,,,0.0,1.0,
2011-06-10,,,,,0.0,1.0,
2011-06-13,,,,,0.0,1.0,
2011-06-14,,,,,0.0,1.0,
2011-06-15,,,,,0.0,1.0,
2011-06-16,,,,,0.0,1.0,
2011-06-17,,,,,0.0,1.0,
2011-06-20,,,,,0.0,1.0,
2011-06-21,,,,,0.0,1.0,
2011-06-22,,,,,0.0,1.0,
2011-06-23,,,,,0.0,1.0,
2011-06-24,,,,,0.0,1.0,
2011-06-27,,,,,0.0,1.0,
2011-06-28,,,,,0.0,1.0,
2011-06-29,,,,,0.0,1.0,
2011-06-30,,,,,0.0,1.0,
2011-07-01,,,,,0.0,1.0,
2011-07-04,,,,,0.0,1.0,
2011-07-05,,,,,0.0,1.0,
2011-07-06,,,,,0.0,1.0,
2011-07-07,,,,,0.0,1.0,
2011-07-08,,,,,0.0,1.0,
2011-07-11,,,,,0.0,1.0,
2011-07-12,,,,,0.0,1.0,
2011-07-13,,,,,0.0,1.0,
2011-07-14,,,,,0.0,1.0,
2011-07-15,,,,,0.0,1.0,
2011-07-18,,,,,0.0,1.0,
2011-07-19,,,,,0.0,1.0,
2011-07-20,,,,,0.0,1.0,
2011-07-21,,,,,0.0,1.0,
2011-07-22,,,,,0.0,1.0,
2011-07-23,,,,,0.0,1.0,
2011-07-25,,,,,0.0,1.0,
2011-07-26,,,,,0.0,1.0,
2011-07-27,,,,,0.0,1.0,
2011-07-28,,,,,0.0,1.0,
2011-07-29,,,,,0.0,1.0,
2011-08-01,,,,,0.0,1.0,
2011-08-02,,,,,0.0,1.0,
2011-08-03,,,,,0.0,1.0,
2011-08-04,,,,,0.0,1.0,
2011-08-05,,,,,0.0,1.0,
2011-08-08,,,,,0.0,1.0,
2011-08-09,,,,,0.0,1.0,
2011-08-10,,,,,0.0,1.0,
2011-08-11,,,,,0.0,1.0,
2011-08-12,,,,,0.0,1.0,
2011-08-15,,,,,0.0,1.0,
2011-08-16,,,,,0.0,1.0,
2011-08-17,,,,,0.0,1.0,
2011-08-18,,,,,0.0,1.0,
2011-08-19,,,,,0.0,1.0,
2011-08-22,,,,,0.0,1.0,
2011-08-23,,,,,0.0,1.0,
2011-08-24,,,,,0.0,1.0,
2011-08-25,,,,,0.0,1.0,
2011-08-26,,,,,0.0,1.0,
2011-08-29,,,,,0.0,1.0,
2011-08-30,,,,,0.0,1.0,
2011-08-31,,,,,0.0,1.0,
2011-09-01,,,,,0.0,1.0,
2011-09-02,,,,,0.0,1.0,
2011-09-05,,,,,0.0,1.0,
2011-09-06,,,,,0.0,1.0,
2011-09-07,,,,,0.0,1.0,
2011-09-08,,,,,0.0,1.0,
2011-09-09,,,,,0.0,1.0,
2011-09-12,,,,,0.0,1.0,
2011-09-13,,,,,0.0,1.0,
2011-09-14,,,,,0.0,1.0,
2011-09-15,,,,,0.0,1.0,
2011-09-16,,,,,0.0,1.0,
2011-09-19,,,,,0.0,1.0,
2011-09-20,,,,,0.0,1.0,
2011-09-21,,,,,0.0,1.0,
2011-09-22,,,,,0.0,1.0,
2011-09-23,,,,,0.0,1.0,
2011-09-26,,,,,0.0,1.0,
2011-09-27,,,,,0.0,1.0,
2011-09-28,,,,,0.0,1.0,
2011-09-29,,,,,0.0,1.0,
2011-09-30,,,,,0.0,1.0,
2011-10-03,,,,,0.0,1.0,
2011-10-04,,,,,0.0,1.0,
2011-10-05,,,,,0.0,1.0,
2011-10-06,,,,,0.0,1.0,
2011-10-07,,,,,0.0,1.0,
2011-10-10,,,,,0.0,1.0,
2011-10-11,,,,,0.0,1.0,
2011-10-12,,,,,0.0,1.0,
2011-10-13,,,,,0.0,1.0,
2011-10-14,,,,,0.0,1.0,
2011-10-17,,,,,0.0,1.0,
2011-10-18,,,,,0.0,1.0,
2011-10-19,,,,,0.0,1.0,
2011-10-20,,,,,0.0,1.0,
2011-10-21,,,,,0.0,1.0,
2011-10-24,,,,,0.0,1.0,
2011-10-25,,,,,0.0,1.0,
2011-10-26,,,,,0.0,1.0,
2011-10-27,,,,,0.0,1.0,
2011-10-28,,,,,0.0,1.0,
2011-10-31,,,,,0.0,1.0,
2011-11-01,,,,,0.0,1.0,
2011-11-02,,,,,0.0,1.0,
2011-11-03,,,,,0.0,1.0,
2011-11-04,,,,,0.0,1.0,
2011-11-07,,,,,0.0,1.0,
2011-11-08,,,,,0.0,1.0,
2011-11-09,,,,,0.0,1.0,
2011-11-10,,,,,0.0,1.0,
2011-11-11,,,,,0.0,1.0,
2011-11-14,,,,,0.0,1.0,
2011-11-15,,,,,0.0,1.0,
2011-11-16,,,,,0.0,1.0,
2011-11-17,,,,,0.0,1.0,
2011-11-18,,,,,0.0,1.0,
2011-11-21,,,,,0.0,1.0,
2011-11-22,,,,,0.0,1.0,
2011-11-23,,,,,0.0,1.0,
2011-11-24,,,,,0.0,1.0,
2011-11-25,,,,,0.0,1.0,
2011-11-28,,,,,0.0,1.0,
2011-11-29,,,,,0.0,1.0,
2011-11-30,,,,,0.0,1.0,
2011-12-01,,,,,0.0,1.0,
2011-12-02,,,,,0.0,1.0,
2011-12-05,,,,,0.0,1.0,
2011-12-06,,,,,0.0,1.0,
2011-12-07,,,,,0.0,1.0,
2011-12-08,,,,,0.0,1.0,
2011-12-09,,,,,0.0,1.0,
2011-12-12,,,,,0.0,1.0,
2011-12-13,,,,,0.0,1.0,
2011-12-14,,,,,0.0,1.0,
2011-12-15,,,,,0.0,1.0,
2011-12-16,,,,,0.0,1.0,
2011-12-19,,,,,0.0,1.0,
2011-12-20,,,,,0.0,1.0,
2011-12-21,,,,,0.0,1.0,
2011-12-22,,,,,0.0,1.0,
2011-12-23,,,,,0.0,1.0,
2011-12-27,,,,,0.0,1.0,
2011-12-28,,,,,0.0,1.0,
2011-12-29,,,,,0.0,1.0,
2011-12-30,,,,,0.0,1.0,
2012-01-02,,,,,0.0,1.0,
2012-01-03,,,,,0.0,1.0,
2012-01-04,,,,,0.0,1.0,
2012-01-05,,,,,0.0,1.0,
2012-01-06,,,,,0.0,1.0,
2012-01-09,,,,,0.0,1.0,
2012-01-10,,,,,0.0,1.0,
2012-01-11,,,,,0.0,1.0,
2012-01-12,,,,,0.0,1.0,
2012-01-13,,,,,0.0,1.0,
2012-01-16,,,,,0.0,1.0,
2012-01-17,,,,,0.0,1.0,
2012-01-18,,,,,0.0,1.0,
2012-01-19,,,,,0.0,1.0,
2012-01-20,,,,,0.0,1.0,
2012-01-23,,,,,0.0,1.0,
2012-01-24,,,,,0.0,1.0,
2012-01-25,,,,,0.0,1.0,
2012-01-26,,,,,0.0,1.0,
2012-01-27,,,,,0.0,1.0,
2012-01-30,,,,,0.0,1.0,
2012-01-31,,,,,0.0,1.0,
2012-02-01,,,,,0.0,1.0,
2012-02-02,,,,,0.0,1.0,
2012-02-03,,,,,0.0,1.0,
2012-02-05,,,,,0.0,1.0,
2012-02-06,,,,,0.0,1.0,
2012-02-07,,,,,0.0,1.0,
2012-02-08,,,,,0.0,1.0,
2012-02-09,,,,,0.0,1.0,
2012-02-10,,,,,0.0,1.0,
2012-02-13,,,,,0.0,1.0,
2012-02-14,,,,,0.0,1.0,
2012-02-15,,,,,0.0,1.0,
2012-02-16,,,,,0.0,1.0,
2012-02-17,,,,,0.0,1.0,
2012-02-20,,,,,0.0,1.0,
2012-02-21,,,,,0.0,1.0,
2012-02-22,,,,,0.0,1.0,
2012-02-23,,,,,0.0,1.0,
2012-02-24,,,,,0.0,1.0,
2012-02-27,,,,,0.0,1.0,
2012-02-28,,,,,0.0,1.0,
2012-02-29,,,,,0.0,1.0,
2012-03-01,,,,,0.0,1.0,
2012-03-02,,,,,0.0,1.0,
2012-03-05,,,,,0.0,1.0,
2012-03-06,,,,,0.0,1.0,
2012-03-07,,,,,0.0,1.0,
2012-03-08,,,,,0.0,1.0,
2012-03-09,,,,,0.0,1.0,
2012-03-12,,,,,0.0,1.0,
2012-03-13,,,,,0.0,1.0,
2012-03-14,,,,,0.0,1.0,
2012-03-15,,,,,0.0,1.0,
2012-03-16,,,,,0.0,1.0,
2012-03-19,,,,,0.0,1.0,
2012-03-20,,,,,0.0,1.0,
2012-03-21,,,,,0.0,1.0,
2012-03-22,,,,,0.0,1.0,
2012-03-23,,,,,0.0,1.0,
2012-03-26,,,,,0.0,1.0,
2012-03-27,,,,,0.0,1.0,
2012-03-28,,,,,0.0,1.0,
2012-03-29,,,,,0.0,1.0,
2012-03-30,,,,,0.0,1.0,
2012-04-02,,,,,0.0,1.0,
2012-04-03,,,,,0.0,1.0,
2012-04-04,,,,,0.0,1.0,
2012-04-05,,,,,0.0,1.0,
2012-04-08,,,,,0.0,1.0,
2012-04-09,,,,,0.0,1.0,
2012-04-10,,,,,0.0,1.0,
2012-04-11,,,,,0.0,1.0,
2012-04-12,,,,,0.0,1.0,
2012-04-13,,,,,0.0,1.0,
2012-04-16,,,,,0.0,1.0,
2012-04-17,,,,,0.0,1.0,
2012-04-18,,,,,0.0,1.0,
2012-04-19,,,,,0.0,1.0,
2012-04-20,,,,,0.0,1.0,
2012-04-23,,,,,0.0,1.0,
2012-04-24,,,,,0.0,1.0,
2012-04-25,,,,,0.0,1.0,
2012-04-26,,,,,0.0,1.0,
2012-04-27,,,,,0.0,1.0,
2012-04-30,,,,,0.0,1.0,
2012-05-01,,,,,0.0,1.0,
2012-05-02,,,,,0.0,1.0,
2012-05-03,,,,,0.0,1.0,
2012-05-04,,,,,0.0,1.0,
2012-05-07,,,,,0.0,1.0,
2012-05-08,,,,,0.0,1.0,
2012-05-09,,,,,0.0,1.0,
2012-05-10,,,,,0.0,1.0,
2012-05-11,,,,,0.0,1.0,
2012-05-14,,,,,0.0,1.0,
2012-05-15,,,,,0.0,1.0,
2012-05-16,,,,,0.0,1.0,
2012-05-17,,,,,0.0,1.0,
2012-05-18,,,,,0.0,1.0,
2012-05-21,,,,,0.0,1.0,
2012-05-22,,,,,0.0,1.0,
2012-05-23,,,,,0.0,1.0,
2012-05-24,,,,,0.0,1.0,
2012-05-25,,,,,0.0,1.0,
2012-05-28,,,,,0.0,1.0,
2012-05-29,,,,,0.0,1.0,
2012-05-30,,,,,0.0,1.0,
2012-05-31,,,,,0.0,1.0,
2012-06-01,,,,,0.0,1.0,
2012-06-04,,,,,0.0,1.0,
2012-06-05,,,,,0.0,1.0,
2012-06-06,,,,,0.0,1.0,
2012-06-07,,,,,0.0,1.0,
2012-06-08,,,,,0.0,1.0,
2012-06-11,,,,,0.0,1.0,
2012-06-12,,,,,0.0,1.0,
2012-06-13,,,,,0.0,1.0,
2012-06-14,,,,,0.0,1.0,
2012-06-15,,,,,0.0,1.0,
2012-06-18,,,,,0.0,1.0,
2012-06-19,,,,,0.0,1.0,
2012-06-20,,,,,0.0,1.0,
2012-06-21,,,,,0.0,1.0,
2012-06-22,,,,,0.0,1.0,
2012-06-25,,,,,0.0,1.0,
2012-06-26,,,,,0.0,1.0,
2012-06-27,,,,,0.0,1.0,
2012-06-28,,,,,0.0,1.0,
2012-06-29,,,,,0.0,1.0,
2012-07-02,,,,,0.0,1.0,
2012-07-03,,,,,0.0,1.0,
2012-07-04,,,,,0.0,1.0,
2012-07-05,,,,,0.0,1.0,
2012-07-06,,,,,0.0,1.0,
2012-07-07,,,,,0.0,1.0,
2012-07-08,,,,,0.0,1.0,
2012-07-09,,,,,0.0,1.0,
2012-07-10,,,,,0.0,1.0,
2012-07-11,,,,,0.0,1.0,
2012-07-12,,,,,0.0,1.0,
2012-07-13,,,,,0.0,1.0,
2012-07-16,,,,,0.0,1.0,
2012-07-17,,,,,0.0,1.0,
2012-07-18,,,,,0.0,1.0,
2012-07-19,,,,,0.0,1.0,
2012-07-20,,,,,0.0,1.0,
2012-07-23,,,,,0.0,1.0,
2012-07-24,,,,,0.0,1.0,
2012-07-25,,,,,0.0,1.0,
2012-07-26,,,,,0.0,1.0,
2012-07-27,,,,,0.0,1.0,
2012-07-30,,,,,0.0,1.0,
2012-07-31,,,,,0.0,1.0,
2012-08-01,,,,,0.0,1.0,
2012-08-02,,,,,0.0,1.0,
2012-08-03,,,,,0.0,1.0,
2012-08-06,,,,,0.0,1.0,
2012-08-07,,,,,0.0,1.0,
2012-08-08,,,,,0.0,1.0,
2012-08-09,,,,,0.0,1.0,
2012-08-10,,,,,0.0,1.0,
2012-08-13,,,,,0.0,1.0,
2012-08-14,,,,,0.0,1.0,
2012-08-15,,,,,0.0,1.0,
2012-08-16,,,,,0.0,1.0,
2012-08-17,,,,,0.0,1.0,
2012-08-20,,,,,0.0,1.0,
2012-08-21,,,,,0.0,1.0,
2012-08-22,,,,,0.0,1.0,
2012-08-23,,,,,0.0,1.0,
2012-08-24,,,,,0.0,1.0,
2012-08-27,,,,,0.0,1.0,
2012-08-28,,,,,0.0,1.0,
2012-08-29,,,,,0.0,1.0,
2012-08-30,,,,,0.0,1.0,
2012-08-31,,,,,0.0,1.0,
2012-09-03,,,,,0.0,1.0,
2012-09-04,,,,,0.0,1.0,
2012-09-05,,,,,0.0,1.0,
2012-09-06,,,,,0.0,1.0,
2012-09-07,,,,,0.0,1.0,
2012-09-10,,,,,0.0,1.0,
2012-09-11,,,,,0.0,1.0,
2012-09-12,,,,,0.0,1.0,
2012-09-13,,,,,0.0,1.0,
2012-09-14,,,,,0.0,1.0,
2012-09-17,,,,,0.0,1.0,
2012-09-18,,,,,0.0,1.0,
2012-09-19,,,,,0.0,1.0,
2012-09-20,,,,,0.0,1.0,
2012-09-21,,,,,0.0,1.0,
2012-09-24,,,,,0.0,1.0,
2012-09-25,,,,,0.0,1.0,
2012-09-26,,,,,0.0,1.0,
2012-09-27,,,,,0.0,1.0,
2012-09-28,,,,,0.0,1.0,
2012-10-01,,,,,0.0,1.0,
2012-10-02,,,,,0.0,1.0,
2012-10-03,,,,,0.0,1.0,
2012-10-04,,,,,0.0,1.0,
2012-10-05,,,,,0.0,1.0,
2012-10-08,,,,,0.0,1.0,
2012-10-09,,,,,0.0,1.0,
2012-10-10,,,,,0.0,1.0,
2012-10-11,,,,,0.0,1.0,
2012-10-12,,,,,0.0,1.0,
2012-10-15,,,,,0.0,1.0,
2012-10-16,,,,,0.0,1.0,
2012-10-17,,,,,0.0,1.0,
2012-10-18,,,,,0.0,1.0,
2012-10-19,,,,,0.0,1.0,
2012-10-22,,,,,0.0,1.0,
2012-10-23,,,,,0.0,1.0,
2012-10-24,,,,,0.0,1.0,
2012-10-25,,,,,0.0,1.0,
2012-10-26,,,,,0.0,1.0,
2012-10-29,,,,,0.0,1.0,
2012-10-30,,,,,0.0,1.0,
2012-10-31,,,,,0.0,1.0,
2012-11-01,,,,,0.0,1.0,
2012-11-02,,,,,0.0,1.0,
2012-11-05,,,,,0.0,1.0,
2012-11-06,,,,,0.0,1.0,
2012-11-07,,,,,0.0,1.0,
2012-11-08,,,,,0.0,1.0,
2012-11-09,,,,,0.0,1.0,
2012-11-12,,,,,0.0,1.0,
2012-11-13,,,,,0.0,1.0,
2012-11-14,,,,,0.0,1.0,
2012-11-15,,,,,0.0,1.0,
2012-11-16,,,,,0.0,1.0,
2012-11-19,,,,,0.0,1.0,
2012-11-20,,,,,0.0,1.0,
2012-11-21,,,,,0.0,1.0,
2012-11-22,,,,,0.0,1.0,
2012-11-23,,,,,0.0,1.0,
2012-11-26,,,,,0.0,1.0,
2012-11-27,,,,,0.0,1.0,
2012-11-28,,,,,0.0,1.0,
2012-11-29,,,,,0.0,1.0,
2012-11-30,,,,,0.0,1.0,
2012-12-03,,,,,0.0,1.0,
2012-12-04,,,,,0.0,1.0,
2012-12-05,,,,,0.0,1.0,
2012-12-06,,,,,0.0,1.0,
2012-12-07,,,,,0.0,1.0,
2012-12-10,,,,,0.0,1.0,
2012-12-11,,,,,0.0,1.0,
2012-12-12,,,,,0.0,1.0,
2012-12-13,,,,,0.0,1.0,
2012-12-14,,,,,0.0,1.0,
2012-12-17,,,,,0.0,1.0,
2012-12-18,,,,,0.0,1.0,
2012-12-19,,,,,0.0,1.0,
2012-12-20,,,,,0.0,1.0,
2012-12-21,,,,,0.0,1.0,
2012-12-24,,,,,0.0,1.0,
2012-12-27,,,,,0.0,1.0,
2012-12-28,,,,,0.0,1.0,
2012-12-31,,,,,0.0,1.0,
2013-01-02,,,,,0.0,1.0,
2013-01-03,,,,,0.0,1.0,
2013-01-04,,,,,0.0,1.0,
2013-01-07,,,,,0.0,1.0,
2013-01-08,,,,,0.0,1.0,
2013-01-09,,,,,0.0,1.0,
2013-01-10,,,,,0.0,1.0,
2013-01-11,,,,,0.0,1.0,
2013-01-14,,,,,0.0,1.0,
2013-01-15,,,,,0.0,1.0,
2013-01-16,,,,,0.0,1.0,
2013-01-17,,,,,0.0,1.0,
2013-01-18,,,,,0.0,1.0,
2013-01-21,,,,,0.0,1.0,
2013-01-22,,,,,0.0,1.0,
2013-01-23,,,,,0.0,1.0,
2013-01-24,,,,,0.0,1.0,
2013-01-25,,,,,0.0,1.0,
2013-01-28,,,,,0.0,1.0,
2013-01-29,,,,,0.0,1.0,
2013-01-30,,,,,0.0,1.0,
2013-01-31,,,,,0.0,1.0,
2013-02-01,,,,,0.0,1.0,
2013-02-04,,,,,0.0,1.0,
2013-02-05,,,,,0.0,1.0,
2013-02-06,,,,,0.0,1.0,
2013-02-07,,,,,0.0,1.0,
2013-02-08,,,,,0.0,1.0,
2013-02-11,,,,,0.0,1.0,
2013-02-12,,,,,0.0,1.0,
2013-02-13,,,,,0.0,1.0,
2013-02-14,,,,,0.0,1.0,
2013-02-15,,,,,0.0,1.0,
2013-02-18,,,,,0.0,1.0,
2013-02-19,,,,,0.0,1.0,
2013-02-20,,,,,0.0,1.0,
2013-02-21,,,,,0.0,1.0,
2013-02-22,,,,,0.0,1.0,
2013-02-25,,,,,0.0,1.0,
2013-02-26,,,,,0.0,1.0,
2013-02-27,,,,,0.0,1.0,
2013-02-28,,,,,0.0,1.0,
2013-03-01,,,,,0.0,1.0,
2013-03-04,,,,,0.0,1.0,
2013-03-05,,,,,0.0,1.0,
2013-03-06,,,,,0.0,1.0,
2013-03-07,,,,,0.0,1.0,
2013-03-08,,,,,0.0,1.0,
2013-03-11,,,,,0.0,1.0,
2013-03-12,,,,,0.0,1.0,
2013-03-13,,,,,0.0,1.0,
2013-03-14,,,,,0.0,1.0,
2013-03-15,,,,,0.0,1.0,
2013-03-18,,,,,0.0,1.0,
2013-03-19,,,,,0.0,1.0,
2013-03-20,,,,,0.0,1.0,
2013-03-21,,,,,0.0,1.0,
2013-03-22,,,,,0.0,1.0,
2013-03-25,,,,,0.0,1.0,
2013-03-26,,,,,0.0,1.0,
2013-03-27,,,,,0.0,1.0,
2013-03-28,,,,,0.0,1.0,
2013-04-01,,,,,0.0,1.0,
2013-04-02,,,,,0.0,1.0,
2013-04-03,,,,,0.0,1.0,
2013-04-04,,,,,0.0,1.0,
2013-04-05,,,,,0.0,1.0,
2013-04-08,,,,,0.0,1.0,
2013-04-09,,,,,0.0,1.0,
2013-04-10,,,,,0.0,1.0,
2013-04-11,,,,,0.0,1.0,
2013-04-12,,,,,0.0,1.0,
2013-04-15,,,,,0.0,1.0,
2013-04-16,,,,,0.0,1.0,
2013-04-17,,,,,0.0,1.0,
2013-04-18,,,,,0.0,1.0,
2013-04-19,,,,,0.0,1.0,
2013-04-22,,,,,0.0,1.0,
2013-04-23,,,,,0.0,1.0,
2013-04-24,,,,,0.0,1.0,
2013-04-25,,,,,0.0,1.0,
2013-04-26,,,,,0.0,1.0,
2013-04-29,,,,,0.0,1.0,
2013-04-30,,,,,0.0,1.0,
2013-05-01,,,,,0.0,1.0,
2013-05-02,,,,,0.0,1.0,
2013-05-03,,,,,0.0,1.0,
2013-05-06,,,,,0.0,1.0,
2013-05-07,,,,,0.0,1.0,
2013-05-08,,,,,0.0,1.0,
2013-05-09,,,,,0.0,1.0,
2013-05-10,,,,,0.0,1.0,
2013-05-13,,,,,0.0,1.0,
2013-05-14,,,,,0.0,1.0,
2013-05-15,,,,,0.0,1.0,
2013-05-16,,,,,0.0,1.0,
2013-05-17,,,,,0.0,1.0,
2013-05-20,,,,,0.0,1.0,
2013-05-21,,,,,0.0,1.0,
2013-05-22,,,,,0.0,1.0,
2013-05-23,,,,,0.0,1.0,
2013-05-24,,,,,0.0,1.0,
2013-05-27,,,,,0.0,1.0,
2013-05-28,,,,,0.0,1.0,
2013-05-29,,,,,0.0,1.0,
2013-05-30,,,,,0.0,1.0,
2013-05-31,,,,,0.0,1.0,
2013-06-03,,,,,0.0,1.0,
2013-06-04,,,,,0.0,1.0,
2013-06-05,,,,,0.0,1.0,
2013-06-06,,,,,0.0,1.0,
2013-06-07,,,,,0.0,1.0,
2013-06-10,,,,,0.0,1.0,
2013-06-11,,,,,0.0,1.0,
2013-06-12,,,,,0.0,1.0,
2013-06-13,,,,,0.0,1.0,
2013-06-14,,,,,0.0,1.0,
2013-06-17,,,,,0.0,1.0,
2013-06-18,,,,,0.0,1.0,
2013-06-19,,,,,0.0,1.0,
2013-06-20,,,,,0.0,1.0,
2013-06-21,,,,,0.0,1.0,
2013-06-24,,,,,0.0,1.0,
2013-06-25,,,,,0.0,1.0,
2013-06-26,,,,,0.0,1.0,
2013-06-27,,,,,0.0,1.0,
2013-06-28,,,,,0.0,1.0,
2013-07-01,,,,,0.0,1.0,
2013-07-02,,,,,0.0,1.0,
2013-07-03,,,,,0.0,1.0,
2013-07-04,,,,,0.0,1.0,
2013-07-05,,,,,0.0,1.0,
2013-07-08,,,,,0.0,1.0,
2013-07-09,,,,,0.0,1.0,
2013-07-10,,,,,0.0,1.0,
2013-07-11,,,,,0.0,1.0,
2013-07-12,,,,,0.0,1.0,
2013-07-15,,,,,0.0,1.0,
2013-07-16,,,,,0.0,1.0,
2013-07-17,,,,,0.0,1.0,
2013-07-18,,,,,0.0,1.0,
2013-07-19,,,,,0.0,1.0,
2013-07-22,,,,,0.0,1.0,
2013-07-23,,,,,0.0,1.0,
2013-07-24,,,,,0.0,1.0,
2013-07-25,,,,,0.0,1.0,
2013-07-26,,,,,0.0,1.0,
2013-07-29,,,,,0.0,1.0,
2013-07-30,,,,,0.0,1.0,
2013-07-31,,,,,0.0,1.0,
2013-08-01,,,,,0.0,1.0,
2013-08-02,,,,,0.0,1.0,
2013-08-05,,,,,0.0,1.0,
2013-08-06,,,,,0.0,1.0,
2013-08-07,,,,,0.0,1.0,
2013-08-08,,,,,0.0,1.0,
2013-08-09,,,,,0.0,1.0,
2013-08-12,,,,,0.0,1.0,
2013-08-13,,,,,0.0,1.0,
2013-08-14,,,,,0.0,1.0,
2013-08-15,,,,,0.0,1.0,
2013-08-16,,,,,0.0,1.0,
2013-08-19,,,,,0.0,1.0,
2013-08-20,,,,,0.0,1.0,
2013-08-21,,,,,0.0,1.0,
2013-08-22,,,,,0.0,1.0,
2013-08-23,,,,,0.0,1.0,
2013-08-26,,,,,0.0,1.0,
2013-08-27,,,,,0.0,1.0,
2013-08-28,,,,,0.0,1.0,
2013-08-29,,,,,0.0,1.0,
2013-08-30,,,,,0.0,1.0,
2013-09-02,,,,,0.0,1.0,
2013-09-03,,,,,0.0,1.0,
2013-09-04,,,,,0.0,1.0,
2013-09-05,,,,,0.0,1.0,
2013-09-06,,,,,0.0,1.0,
2013-09-09,,,,,0.0,1.0,
2013-09-10,,,,,0.0,1.0,
2013-09-11,,,,,0.0,1.0,
2013-09-12,,,,,0.0,1.0,
2013-09-13,,,,,0.0,1.0,
2013-09-16,,,,,0.0,1.0,
2013-09-17,,,,,0.0,1.0,
2013-09-18,,,,,0.0,1.0,
2013-09-19,,,,,0.0,1.0,
2013-09-20,,,,,0.0,1.0,
2013-09-23,,,,,0.0,1.0,
2013-09-24,,,,,0.0,1.0,
2013-09-25,,,,,0.0,1.0,
2013-09-26,,,,,0.0,1.0,
2013-09-27,,,,,0.0,1.0,
2013-09-30,,,,,0.0,1.0,
2013-10-01,,,,,0.0,1.0,
2013-10-02,,,,,0.0,1.0,
2013-10-03,,,,,0.0,1.0,
2013-10-04,,,,,0.0,1.0,
2013-10-07,,,,,0.0,1.0,
2013-10-08,,,,,0.0,1.0,
2013-10-09,,,,,0.0,1.0,
2013-10-10,,,,,0.0,1.0,
2013-10-11,,,,,0.0,1.0,
2013-10-14,,,,,0.0,1.0,
2013-10-15,,,,,0.0,1.0,
2013-10-16,,,,,0.0,1.0,
2013-10-17,,,,,0.0,1.0,
2013-10-18,,,,,0.0,1.0,
2013-10-21,,,,,0.0,1.0,
2013-10-22,,,,,0.0,1.0,
2013-10-23,,,,,0.0,1.0,
2013-10-24,,,,,0.0,1.0,
2013-10-25,,,,,0.0,1.0,
2013-10-28,,,,,0.0,1.0,
2013-10-29,,,,,0.0,1.0,
2013-10-30,,,,,0.0,1.0,
2013-10-31,,,,,0.0,1.0,
2013-11-01,,,,,0.0,1.0,
2013-11-04,,,,,0.0,1.0,
2013-11-05,,,,,0.0,1.0,
2013-11-06,,,,,0.0,1.0,
2013-11-07,,,,,0.0,1.0,
2013-11-08,,,,,0.0,1.0,
2013-11-11,,,,,0.0,1.0,
2013-11-12,,,,,0.0,1.0,
2013-11-13,,,,,0.0,1.0,
2013-11-14,,,,,0.0,1.0,
2013-11-15,,,,,0.0,1.0,
2013-11-18,,,,,0.0,1.0,
2013-11-19,,,,,0.0,1.0,
2013-11-20,,,,,0.0,1.0,
2013-11-21,,,,,0.0,1.0,
2013-11-22,,,,,0.0,1.0,
2013-11-25,,,,,0.0,1.0,
2013-11-26,,,,,0.0,1.0,
2013-11-27,,,,,0.0,1.0,
2013-11-28,,,,,0.0,1.0,
2013-11-29,,,,,0.0,1.0,
2013-12-02,,,,,0.0,1.0,
2013-12-03,,,,,0.0,1.0,
2013-12-04,,,,,0.0,1.0,
2013-12-05,,,,,0.0,1.0,
2013-12-06,,,,,0.0,1.0,
2013-12-09,,,,,0.0,1.0,
2013-12-10,,,,,0.0,1.0,
2013-12-11,,,,,0.0,1.0,
2013-12-12,,,,,0.0,1.0,
2013-12-13,,,,,0.0,1.0,
2013-12-16,,,,,0.0,1.0,
2013-12-17,,,,,0.0,1.0,
2013-12-18,,,,,0.0,1.0,
2013-12-19,,,,,0.0,1.0,
2013-12-20,,,,,0.0,1.0,
2013-12-23,,,,,0.0,1.0,
2013-12-24,,,,,0.0,1.0,
2013-12-27,,,,,0.0,1.0,
2013-12-30,,,,,0.0,1.0,
2013-12-31,,,,,0.0,1.0,
2014-01-02,,,,,0.0,1.0,
2014-01-03,,,,,0.0,1.0,
2014-01-06,,,,,0.0,1.0,
2014-01-07,,,,,0.0,1.0,
2014-01-08,,,,,0.0,1.0,
2014-01-09,,,,,0.0,1.0,
2014-01-10,,,,,0.0,1.0,
2014-01-13,,,,,0.0,1.0,
2014-01-14,,,,,0.0,1.0,
2014-01-15,,,,,0.0,1.0,
2014-01-16,,,,,0.0,1.0,
2014-01-17,,,,,0.0,1.0,
2014-01-20,,,,,0.0,1.0,
2014-01-21,,,,,0.0,1.0,
2014-01-22,,,,,0.0,1.0,
2014-01-23,,,,,0.0,1.0,
2014-01-24,,,,,0.0,1.0,
2014-01-27,,,,,0.0,1.0,
2014-01-28,,,,,0.0,1.0,
2014-01-29,,,,,0.0,1.0,
2014-01-30,,,,,0.0,1.0,
2014-01-31,,,,,0.0,1.0,
2014-02-03,,,,,0.0,1.0,
2014-02-04,,,,,0.0,1.0,
2014-02-05,,,,,0.0,1.0,
2014-02-06,,,,,0.0,1.0,
2014-02-07,,,,,0.0,1.0,
2014-02-10,,,,,0.0,1.0,
2014-02-11,,,,,0.0,1.0,
2014-02-12,,,,,0.0,1.0,
2014-02-13,,,,,0.0,1.0,
2014-02-14,,,,,0.0,1.0,
2014-02-17,,,,,0.0,1.0,
2014-02-18,,,,,0.0,1.0,
2014-02-19,,,,,0.0,1.0,
2014-02-20,,,,,0.0,1.0,
2014-02-21,,,,,0.0,1.0,
2014-02-24,,,,,0.0,1.0,
2014-02-25,,,,,0.0,1.0,
2014-02-26,,,,,0.0,1.0,
2014-02-27,,,,,0.0,1.0,
2014-02-28,,,,,0.0,1.0,
2014-03-03,,,,,0.0,1.0,
2014-03-04,,,,,0.0,1.0,
2014-03-05,,,,,0.0,1.0,
2014-03-06,,,,,0.0,1.0,
2014-03-07,,,,,0.0,1.0,
2014-03-10,,,,,0.0,1.0,
2014-03-11,,,,,0.0,1.0,
2014-03-12,,,,,0.0,1.0,
2014-03-13,,,,,0.0,1.0,
2014-03-14,,,,,0.0,1.0,
2014-03-17,,,,,0.0,1.0,
2014-03-18,,,,,0.0,1.0,
2014-03-19,,,,,0.0,1.0,
2014-03-20,,,,,0.0,1.0,
2014-03-21,,,,,0.0,1.0,
2014-03-24,,,,,0.0,1.0,
2014-03-25,,,,,0.0,1.0,
2014-03-26,,,,,0.0,1.0,
2014-03-27,,,,,0.0,1.0,
2014-03-28,,,,,0.0,1.0,
2014-03-31,,,,,0.0,1.0,
2014-04-01,,,,,0.0,1.0,
2014-04-02,,,,,0.0,1.0,
2014-04-03,,,,,0.0,1.0,
2014-04-04,,,,,0.0,1.0,
2014-04-07,,,,,0.0,1.0,
2014-04-08,,,,,0.0,1.0,
2014-04-09,,,,,0.0,1.0,
2014-04-10,,,,,0.0,1.0,
2014-04-11,,,,,0.0,1.0,
2014-04-14,,,,,0.0,1.0,
2014-04-15,,,,,0.0,1.0,
2014-04-16,,,,,0.0,1.0,
2014-04-17,,,,,0.0,1.0,
2014-04-22,,,,,0.0,1.0,
2014-04-23,,,,,0.0,1.0,
2014-04-24,,,,,0.0,1.0,
2014-04-25,,,,,0.0,1.0,
2014-04-28,,,,,0.0,1.0,
2014-04-29,,,,,0.0,1.0,
2014-04-30,,,,,0.0,1.0,
2014-05-01,,,,,0.0,1.0,
2014-05-02,,,,,0.0,1.0,
2014-05-05,,,,,0.0,1.0,
2014-05-06,,,,,0.0,1.0,
2014-05-07,,,,,0.0,1.0,
2014-05-08,,,,,0.0,1.0,
2014-05-09,,,,,0.0,1.0,
2014-05-12,,,,,0.0,1.0,
2014-05-13,,,,,0.0,1.0,
2014-05-14,,,,,0.0,1.0,
2014-05-15,,,,,0.0,1.0,
2014-05-16,,,,,0.0,1.0,
2014-05-19,,,,,0.0,1.0,
2014-05-20,,,,,0.0,1.0,
2014-05-21,,,,,0.0,1.0,
2014-05-22,,,,,0.0,1.0,
2014-05-23,,,,,0.0,1.0,
2014-05-26,,,,,0.0,1.0,
2014-05-27,,,,,0.0,1.0,
2014-05-28,,,,,0.0,1.0,
2014-05-29,,,,,0.0,1.0,
2014-05-30,,,,,0.0,1.0,
2014-06-02,,,,,0.0,1.0,
2014-06-03,,,,,0.0,1.0,
2014-06-04,,,,,0.0,1.0,
2014-06-05,,,,,0.0,1.0,
2014-06-06,,,,,0.0,1.0,
2014-06-09,,,,,0.0,1.0,
2014-06-10,,,,,0.0,1.0,
2014-06-11,,,,,0.0,1.0,
2014-06-12,,,,,0.0,1.0,
2014-06-13,,,,,0.0,1.0,
2014-06-16,,,,,0.0,1.0,
2014-06-17,,,,,0.0,1.0,
2014-06-18,,,,,0.0,1.0,
2014-06-19,,,,,0.0,1.0,
2014-06-20,,,,,0.0,1.0,
2014-06-23,,,,,0.0,1.0,
2014-06-24,,,,,0.0,1.0,
2014-06-25,,,,,0.0,1.0,
2014-06-26,,,,,0.0,1.0,
2014-06-27,,,,,0.0,1.0,
2014-06-30,,,,,0.0,1.0,
2014-07-01,,,,,0.0,1.0,
2014-07-02,,,,,0.0,1.0,
2014-07-03,,,,,0.0,1.0,
2014-07-04,,,,,0.0,1.0,
2014-07-07,,,,,0.0,1.0,
2014-07-08,,,,,0.0,1.0,
2014-07-09,,,,,0.0,1.0,
2014-07-10,,,,,0.0,1.0,
2014-07-11,,,,,0.0,1.0,
2014-07-14,,,,,0.0,1.0,
2014-07-15,,,,,0.0,1.0,
2014-07-16,,,,,0.0,1.0,
2014-07-17,,,,,0.0,1.0,
2014-07-18,,,,,0.0,1.0,
2014-07-21,,,,,0.0,1.0,
2014-07-22,,,,,0.0,1.0,
2014-07-23,,,,,0.0,1.0,
2014-07-24,,,,,0.0,1.0,
2014-07-25,,,,,0.0,1.0,
2014-07-28,,,,,0.0,1.0,
2014-07-29,,,,,0.0,1.0,
2014-07-30,,,,,0.0,1.0,
2014-07-31,,,,,0.0,1.0,
2014-08-01,,,,,0.0,1.0,
2014-08-04,,,,,0.0,1.0,
2014-08-05,,,,,0.0,1.0,
2014-08-06,,,,,0.0,1.0,
2014-08-07,,,,,0.0,1.0,
2014-08-08,,,,,0.0,1.0,
2014-08-11,,,,,0.0,1.0,
2014-08-12,,,,,0.0,1.0,
2014-08-13,,,,,0.0,1.0,
2014-08-14,,,,,0.0,1.0,
2014-08-15,,,,,0.0,1.0,
2014-08-18,,,,,0.0,1.0,
2014-08-19,,,,,0.0,1.0,
2014-08-20,,,,,0.0,1.0,
2014-08-21,,,,,0.0,1.0,
2014-08-22,,,,,0.0,1.0,
2014-08-25,,,,,0.0,1.0,
2014-08-26,,,,,0.0,1.0,
2014-08-27,,,,,0.0,1.0,
2014-08-28,,,,,0.0,1.0,
2014-08-29,,,,,0.0,1.0,
2014-09-01,,,,,0.0,1.0,
2014-09-02,,,,,0.0,1.0,
2014-09-03,,,,,0.0,1.0,
2014-09-04,,,,,0.0,1.0,
2014-09-05,,,,,0.0,1.0,
2014-09-08,,,,,0.0,1.0,
2014-09-09,,,,,0.0,1.0,
2014-09-10,,,,,0.0,1.0,
2014-09-11,,,,,0.0,1.0,
2014-09-12,,,,,0.0,1.0,
2014-09-15,,,,,0.0,1.0,
2014-09-16,,,,,0.0,1.0,
2014-09-17,,,,,0.0,1.0,
2014-09-18,,,,,0.0,1.0,
2014-09-19,,,,,0.0,1.0,
2014-09-22,,,,,0.0,1.0,
2014-09-23,,,,,0.0,1.0,
2014-09-24,,,,,0.0,1.0,
2014-09-25,,,,,0.0,1.0,
2014-09-26,,,,,0.0,1.0,
2014-09-29,,,,,0.0,1.0,
2014-09-30,,,,,0.0,1.0,
2014-10-01,,,,,0.0,1.0,
2014-10-02,,,,,0.0,1.0,
2014-10-03,,,,,0.0,1.0,
2014-10-06,,,,,0.0,1.0,
2014-10-07,,,,,0.0,1.0,
2014-10-08,,,,,0.0,1.0,
2014-10-09,,,,,0.0,1.0,
2014-10-10,,,,,0.0,1.0,
2014-10-13,,,,,0.0,1.0,
2014-10-14,,,,,0.0,1.0,
2014-10-15,,,,,0.0,1.0,
2014-10-16,,,,,0.0,1.0,
2014-10-17,,,,,0.0,1.0,
2014-10-20,,,,,0.0,1.0,
2014-10-21,,,,,0.0,1.0,
2014-10-22,,,,,0.0,1.0,
2014-10-23,,,,,0.0,1.0,
2014-10-24,,,,,0.0,1.0,
2014-10-27,,,,,0.0,1.0,
2014-10-28,,,,,0.0,1.0,
2014-10-29,,,,,0.0,1.0,
2014-10-30,,,,,0.0,1.0,
2014-10-31,,,,,0.0,1.0,
2014-11-03,,,,,0.0,1.0,
2014-11-04,,,,,0.0,1.0,
2014-11-05,,,,,0.0,1.0,
2014-11-06,,,,,0.0,1.0,
2014-11-07,,,,,0.0,1.0,
2014-11-10,,,,,0.0,1.0,
2014-11-11,,,,,0.0,1.0,
2014-11-12,,,,,0.0,1.0,
2014-11-13,,,,,0.0,1.0,
2014-11-14,,,,,0.0,1.0,
2014-11-17,,,,,0.0,1.0,
2014-11-18,,,,,0.0,1.0,
2014-11-19,,,,,0.0,1.0,
2014-11-20,,,,,0.0,1.0,
2014-11-21,,,,,0.0,1.0,
2014-11-24,,,,,0.0,1.0,
2014-11-25,,,,,0.0,1.0,
2014-11-26,,,,,0.0,1.0,
2014-11-27,,,,,0.0,1.0,
2014-11-28,,,,,0.0,1.0,
2014-12-01,,,,,0.0,1.0,
2014-12-02,,,,,0.0,1.0,
2014-12-03,,,,,0.0,1.0,
2014-12-04,,,,,0.0,1.0,
2014-12-05,,,,,0.0,1.0,
2014-12-08,,,,,0.0,1.0,
2014-12-09,,,,,0.0,1.0,
2014-12-10,,,,,0.0,1.0,
2014-12-11,,,,,0.0,1.0,
2014-12-12,,,,,0.0,1.0,
2014-12-15,,,,,0.0,1.0,
2014-12-16,,,,,0.0,1.0,
2014-12-17,,,,,0.0,1.0,
2014-12-18,,,,,0.0,1.0,
2014-12-19,,,,,0.0,1.0,
2014-12-22,,,,,0.0,1.0,
2014-12-23,,,,,0.0,1.0,
2014-12-24,,,,,0.0,1.0,
2014-12-29,,,,,0.0,1.0,
2014-12-30,,,,,0.0,1.0,
2014-12-31,,,,,0.0,1.0,
2015-01-02,,,,,0.0,1.0,
2015-01-05,,,,,0.0,1.0,
2015-01-06,,,,,0.0,1.0,
2015-01-07,,,,,0.0,1.0,
2015-01-08,,,,,0.0,1.0,
2015-01-09,,,,,0.0,1.0,
2015-01-12,,,,,0.0,1.0,
2015-01-13,,,,,0.0,1.0,
2015-01-14,,,,,0.0,1.0,
2015-01-15,,,,,0.0,1.0,
2015-01-16,,,,,0.0,1.0,
2015-01-19,,,,,0.0,1.0,
2015-01-20,,,,,0.0,1.0,
2015-01-21,,,,,0.0,1.0,
2015-01-22,,,,,0.0,1.0,
2015-01-23,,,,,0.0,1.0,
2015-01-26,,,,,0.0,1.0,
2015-01-27,,,,,0.0,1.0,
2015-01-28,,,,,0.0,1.0,
2015-01-29,,,,,0.0,1.0,
2015-01-30,,,,,0.0,1.0,
2015-02-02,,,,,0.0,1.0,
2015-02-03,,,,,0.0,1.0,
2015-02-04,,,,,0.0,1.0,
2015-02-05,,,,,0.0,1.0,
2015-02-06,,,,,0.0,1.0,
2015-02-09,,,,,0.0,1.0,
2015-02-10,,,,,0.0,1.0,
2015-02-11,,,,,0.0,1.0,
2015-02-12,,,,,0.0,1.0,
2015-02-13,,,,,0.0,1.0,
2015-02-16,,,,,0.0,1.0,
2015-02-17,,,,,0.0,1.0,
2015-02-18,,,,,0.0,1.0,
2015-02-19,,,,,0.0,1.0,
2015-02-20,,,,,0.0,1.0,
2015-02-23,,,,,0.0,1.0,
2015-02-24,,,,,0.0,1.0,
2015-02-25,,,,,0.0,1.0,
2015-02-26,,,,,0.0,1.0,
2015-02-27,,,,,0.0,1.0,
2015-03-02,,,,,0.0,1.0,
2015-03-03,,,,,0.0,1.0,
2015-03-04,,,,,0.0,1.0,
2015-03-05,,,,,0.0,1.0,
2015-03-06,,,,,0.0,1.0,
2015-03-09,,,,,0.0,1.0,
2015-03-10,,,,,0.0,1.0,
2015-03-11,,,,,0.0,1.0,
2015-03-12,,,,,0.0,1.0,
2015-03-13,,,,,0.0,1.0,
2015-03-16,,,,,0.0,1.0,
2015-03-17,,,,,0.0,1.0,
2015-03-18,,,,,0.0,1.0,
2015-03-19,,,,,0.0,1.0,
2015-03-20,,,,,0.0,1.0,
2015-03-23,,,,,0.0,1.0,
2015-03-24,,,,,0.0,1.0,
2015-03-25,,,,,0.0,1.0,
2015-03-26,,,,,0.0,1.0,
2015-03-27,,,,,0.0,1.0,
2015-03-30,,,,,0.0,1.0,
2015-03-31,,,,,0.0,1.0,
2015-04-01,,,,,0.0,1.0,
2015-04-02,,,,,0.0,1.0,
2015-04-06,,,,,0.0,1.0,
2015-04-07,,,,,0.0,1.0,
2015-04-08,,,,,0.0,1.0,
2015-04-09,,,,,0.0,1.0,
2015-04-10,,,,,0.0,1.0,
2015-04-13,,,,,0.0,1.0,
2015-04-14,,,,,0.0,1.0,
2015-04-15,,,,,0.0,1.0,
2015-04-16,,,,,0.0,1.0,
2015-04-17,,,,,0.0,1.0,
2015-04-20,,,,,0.0,1.0,
2015-04-21,,,,,0.0,1.0,
2015-04-22,,,,,0.0,1.0,
2015-04-23,,,,,0.0,1.0,
2015-04-24,,,,,0.0,1.0,
2015-04-27,,,,,0.0,1.0,
2015-04-28,,,,,0.0,1.0,
2015-04-29,,,,,0.0,1.0,
2015-04-30,,,,,0.0,1.0,
2015-05-01,,,,,0.0,1.0,
2015-05-04,,,,,0.0,1.0,
2015-05-05,,,,,0.0,1.0,
2015-05-06,,,,,0.0,1.0,
2015-05-07,,,,,0.0,1.0,
2015-05-08,,,,,0.0,1.0,
2015-05-11,,,,,0.0,1.0,
2015-05-12,,,,,0.0,1.0,
2015-05-13,,,,,0.0,1.0,
2015-05-14,,,,,0.0,1.0,
2015-05-15,,,,,0.0,1.0,
2015-05-18,,,,,0.0,1.0,
2015-05-19,,,,,0.0,1.0,
2015-05-20,,,,,0.0,1.0,
2015-05-21,,,,,0.0,1.0,
2015-05-22,,,,,0.0,1.0,
2015-05-25,,,,,0.0,1.0,
2015-05-26,,,,,0.0,1.0,
2015-05-27,,,,,0.0,1.0,
2015-05-28,,,,,0.0,1.0,
2015-05-29,,,,,0.0,1.0,
2015-06-01,,,,,0.0,1.0,
2015-06-02,,,,,0.0,1.0,
2015-06-03,,,,,0.0,1.0,
2015-06-04,,,,,0.0,1.0,
2015-06-05,,,,,0.0,1.0,
2015-06-08,,,,,0.0,1.0,
2015-06-09,,,,,0.0,1.0,
2015-06-10,,,,,0.0,1.0,
2015-06-11,,,,,0.0,1.0,
2015-06-12,,,,,0.0,1.0,
2015-06-15,,,,,0.0,1.0,
2015-06-16,,,,,0.0,1.0,
2015-06-17,,,,,0.0,1.0,
2015-06-18,,,,,0.0,1.0,
2015-06-19,,,,,0.0,1.0,
2015-06-22,,,,,0.0,1.0,
2015-06-23,,,,,0.0,1.0,
2015-06-24,,,,,0.0,1.0,
2015-06-25,,,,,0.0,1.0,
2015-06-26,,,,,0.0,1.0,
2015-06-29,,,,,0.0,1.0,
2015-06-30,,,,,0.0,1.0,
2015-07-01,,,,,0.0,1.0,
2015-07-02,,,,,0.0,1.0,
2015-07-03,,,,,0.0,1.0,
2015-07-06,,,,,0.0,1.0,
2015-07-07,,,,,0.0,1.0,
2015-07-08,,,,,0.0,1.0,
2015-07-09,,,,,0.0,1.0,
2015-07-10,,,,,0.0,1.0,
2015-07-13,,,,,0.0,1.0,
2015-07-14,,,,,0.0,1.0,
2015-07-15,,,,,0.0,1.0,
2015-07-16,,,,,0.0,1.0,
2015-07-17,,,,,0.0,1.0,
2015-07-20,,,,,0.0,1.0,
2015-07-21,,,,,0.0,1.0,
2015-07-22,,,,,0.0,1.0,
2015-07-23,,,,,0.0,1.0,
2015-07-24,,,,,0.0,1.0,
2015-07-27,,,,,0.0,1.0,
2015-07-28,,,,,0.0,1.0,
2015-07-29,,,,,0.0,1.0,
2015-07-30,,,,,0.0,1.0,
2015-07-31,,,,,0.0,1.0,
2015-08-03,,,,,0.0,1.0,
2015-08-04,,,,,0.0,1.0,
2015-08-05,,,,,0.0,1.0,
2015-08-06,,,,,0.0,1.0,
2015-08-07,,,,,0.0,1.0,
2015-08-10,,,,,0.0,1.0,
2015-08-11,,,,,0.0,1.0,
2015-08-12,,,,,0.0,1.0,
2015-08-13,,,,,0.0,1.0,
2015-08-14,,,,,0.0,1.0,
2015-08-17,,,,,0.0,1.0,
2015-08-18,,,,,0.0,1.0,
2015-08-19,,,,,0.0,1.0,
2015-08-20,,,,,0.0,1.0,
2015-08-21,,,,,0.0,1.0,
2015-08-24,,,,,0.0,1.0,
2015-08-25,,,,,0.0,1.0,
2015-08-26,,,,,0.0,1.0,
2015-08-27,,,,,0.0,1.0,
2015-08-28,,,,,0.0,1.0,
2015-08-31,,,,,0.0,1.0,
2015-09-01,,,,,0.0,1.0,
2015-09-02,,,,,0.0,1.0,
2015-09-03,,,,,0.0,1.0,
2015-09-04,,,,,0.0,1.0,
2015-09-07,,,,,0.0,1.0,
2015-09-08,,,,,0.0,1.0,
2015-09-09,,,,,0.0,1.0,
2015-09-10,,,,,0.0,1.0,
2015-09-11,,,,,0.0,1.0,
2015-09-14,,,,,0.0,1.0,
2015-09-15,,,,,0.0,1.0,
2015-09-16,,,,,0.0,1.0,
2015-09-17,,,,,0.0,1.0,
2015-09-18,,,,,0.0,1.0,
2015-09-21,,,,,0.0,1.0,
2015-09-22,,,,,0.0,1.0,
2015-09-23,,,,,0.0,1.0,
2015-09-24,,,,,0.0,1.0,
2015-09-25,,,,,0.0,1.0,
2015-09-28,,,,,0.0,1.0,
2015-09-29,,,,,0.0,1.0,
2015-09-30,,,,,0.0,1.0,
2015-10-01,,,,,0.0,1.0,
2015-10-02,,,,,0.0,1.0,
2015-10-05,,,,,0.0,1.0,
2015-10-06,,,,,0.0,1.0,
2015-10-07,,,,,0.0,1.0,
2015-10-08,,,,,0.0,1.0,
2015-10-09,,,,,0.0,1.0,
2015-10-12,,,,,0.0,1.0,
2015-10-13,,,,,0.0,1.0,
2015-10-14,,,,,0.0,1.0,
2015-10-15,,,,,0.0,1.0,
2015-10-16,,,,,0.0,1.0,
2015-10-19,,,,,0.0,1.0,
2015-10-20,,,,,0.0,1.0,
2015-10-21,,,,,0.0,1.0,
2015-10-22,,,,,0.0,1.0,
2015-10-23,,,,,0.0,1.0,
2015-10-26,,,,,0.0,1.0,
2015-10-27,,,,,0.0,1.0,
2015-10-28,,,,,0.0,1.0,
2015-10-29,,,,,0.0,1.0,
2015-10-30,,,,,0.0,1.0,
2015-11-02,,,,,0.0,1.0,
2015-11-03,,,,,0.0,1.0,
2015-11-04,,,,,0.0,1.0,
2015-11-05,,,,,0.0,1.0,
2015-11-06,,,,,0.0,1.0,
2015-11-09,,,,,0.0,1.0,
2015-11-10,,,,,0.0,1.0,
2015-11-11,,,,,0.0,1.0,
2015-11-12,,,,,0.0,1.0,
2015-11-13,,,,,0.0,1.0,
2015-11-16,,,,,0.0,1.0,
2015-11-17,,,,,0.0,1.0,
2015-11-18,,,,,0.0,1.0,
2015-11-19,,,,,0.0,1.0,
2015-11-20,,,,,0.0,1.0,
2015-11-23,,,,,0.0,1.0,
2015-11-24,,,,,0.0,1.0,
2015-11-25,,,,,0.0,1.0,
2015-11-26,,,,,0.0,1.0,
2015-11-27,,,,,0.0,1.0,
2015-11-30,,,,,0.0,1.0,
2015-12-01,,,,,0.0,1.0,
2015-12-02,,,,,0.0,1.0,
2015-12-03,,,,,0.0,1.0,
2015-12-04,,,,,0.0,1.0,
2015-12-07,,,,,0.0,1.0,
2015-12-08,,,,,0.0,1.0,
2015-12-09,,,,,0.0,1.0,
2015-12-10,,,,,0.0,1.0,
2015-12-11,,,,,0.0,1.0,
2015-12-14,,,,,0.0,1.0,
2015-12-15,,,,,0.0,1.0,
2015-12-16,,,,,0.0,1.0,
2015-12-17,,,,,0.0,1.0,
2015-12-18,,,,,0.0,1.0,
2015-12-21,,,,,0.0,1.0,
2015-12-22,,,,,0.0,1.0,
2015-12-23,,,,,0.0,1.0,
2015-12-24,,,,,0.0,1.0,
2015-12-28,,,,,0.0,1.0,
2015-12-29,,,,,0.0,1.0,
2015-12-30,,,,,0.0,1.0,
2015-12-31,,,,,0.0,1.0,
2016-01-04,,,,,0.0,1.0,
2016-01-05,,,,,0.0,1.0,
2016-01-06,,,,,0.0,1.0,
2016-01-07,,,,,0.0,1.0,
2016-01-08,,,,,0.0,1.0,
2016-01-11,,,,,0.0,1.0,
2016-01-12,,,,,0.0,1.0,
2016-01-13,,,,,0.0,1.0,
2016-01-14,,,,,0.0,1.0,
2016-01-15,,,,,0.0,1.0,
2016-01-18,,,,,0.0,1.0,
2016-01-19,,,,,0.0,1.0,
2016-01-20,,,,,0.0,1.0,
2016-01-21,,,,,0.0,1.0,
2016-01-22,,,,,0.0,1.0,
2016-01-25,,,,,0.0,1.0,
2016-01-26,,,,,0.0,1.0,
2016-01-27,,,,,0.0,1.0,
2016-01-28,,,,,0.0,1.0,
2016-01-29,,,,,0.0,1.0,
2016-02-01,,,,,0.0,1.0,
2016-02-02,,,,,0.0,1.0,
2016-02-03,,,,,0.0,1.0,
2016-02-04,,,,,0.0,1.0,
2016-02-05,,,,,0.0,1.0,
2016-02-08,,,,,0.0,1.0,
2016-02-09,,,,,0.0,1.0,
2016-02-10,,,,,0.0,1.0,
2016-02-11,,,,,0.0,1.0,
2016-02-12,,,,,0.0,1.0,
2016-02-15,,,,,0.0,1.0,
2016-02-16,,,,,0.0,1.0,
2016-02-17,,,,,0.0,1.0,
2016-02-18,,,,,0.0,1.0,
2016-02-19,,,,,0.0,1.0,
2016-02-22,,,,,0.0,1.0,
2016-02-23,,,,,0.0,1.0,
2016-02-24,,,,,0.0,1.0,
2016-02-25,,,,,0.0,1.0,
2016-02-26,,,,,0.0,1.0,
2016-02-29,,,,,0.0,1.0,
2016-03-01,,,,,0.0,1.0,
2016-03-02,,,,,0.0,1.0,
2016-03-03,,,,,0.0,1.0,
2016-03-04,,,,,0.0,1.0,
2016-03-07,,,,,0.0,1.0,
2016-03-08,,,,,0.0,1.0,
2016-03-09,,,,,0.0,1.0,
2016-03-10,,,,,0.0,1.0,
2016-03-11,,,,,0.0,1.0,
2016-03-14,,,,,0.0,1.0,
2016-03-15,,,,,0.0,1.0,
2016-03-16,,,,,0.0,1.0,
2016-03-17,,,,,0.0,1.0,
2016-03-18,,,,,0.0,1.0,
2016-03-21,,,,,0.0,1.0,
2016-03-22,,,,,0.0,1.0,
2016-03-23,,,,,0.0,1.0,
2016-03-24,,,,,0.0,1.0,
2016-03-28,,,,,0.0,1.0,
2016-03-29,,,,,0.0,1.0,
2016-03-30,,,,,0.0,1.0,
2016-03-31,,,,,0.0,1.0,
2016-04-01,,,,,0.0,1.0,
2016-04-04,,,,,0.0,1.0,
2016-04-05,,,,,0.0,1.0,
2016-04-06,,,,,0.0,1.0,
2016-04-07,,,,,0.0,1.0,
2016-04-08,,,,,0.0,1.0,
2016-04-11,,,,,0.0,1.0,
2016-04-12,,,,,0.0,1.0,
2016-04-13,,,,,0.0,1.0,
2016-04-14,,,,,0.0,1.0,
2016-04-15,,,,,0.0,1.0,
2016-04-18,,,,,0.0,1.0,
2016-04-19,,,,,0.0,1.0,
2016-04-20,,,,,0.0,1.0,
2016-04-21,,,,,0.0,1.0,
2016-04-22,,,,,0.0,1.0,
2016-04-25,,,,,0.0,1.0,
2016-04-26,,,,,0.0,1.0,
2016-04-27,,,,,0.0,1.0,
2016-04-28,,,,,0.0,1.0,
2016-04-29,,,,,0.0,1.0,
2016-05-02,,,,,0.0,1.0,
2016-05-03,,,,,0.0,1.0,
2016-05-04,,,,,0.0,1.0,
2016-05-05,,,,,0.0,1.0,
2016-05-06,,,,,0.0,1.0,
2016-05-09,,,,,0.0,1.0,
2016-05-10,,,,,0.0,1.0,
2016-05-11,,,,,0.0,1.0,
2016-05-12,,,,,0.0,1.0,
2016-05-13,,,,,0.0,1.0,
2016-05-16,,,,,0.0,1.0,
2016-05-17,,,,,0.0,1.0,
2016-05-18,,,,,0.0,1.0,
2016-05-19,,,,,0.0,1.0,
2016-05-20,,,,,0.0,1.0,
2016-05-23,,,,,0.0,1.0,
2016-05-24,,,,,0.0,1.0,
2016-05-25,,,,,0.0,1.0,
2016-05-26,,,,,0.0,1.0,
2016-05-27,,,,,0.0,1.0,
2016-05-30,,,,,0.0,1.0,
2016-05-31,,,,,0.0,1.0,
2016-06-01,,,,,0.0,1.0,
2016-06-02,,,,,0.0,1.0,
2016-06-03,,,,,0.0,1.0,
2016-06-06,,,,,0.0,1.0,
2016-06-07,,,,,0.0,1.0,
2016-06-08,,,,,0.0,1.0,
2016-06-09,,,,,0.0,1.0,
2016-06-10,,,,,0.0,1.0,
2016-06-13,,,,,0.0,1.0,
2016-06-14,,,,,0.0,1.0,
2016-06-15,,,,,0.0,1.0,
2016-06-16,,,,,0.0,1.0,
2016-06-17,,,,,0.0,1.0,
2016-06-20,,,,,0.0,1.0,
2016-06-21,,,,,0.0,1.0,
2016-06-22,,,,,0.0,1.0,
2016-06-23,,,,,0.0,1.0,
2016-06-24,,,,,0.0,1.0,
2016-06-27,,,,,0.0,1.0,
2016-06-28,,,,,0.0,1.0,
2016-06-29,,,,,0.0,1.0,
2016-06-30,,,,,0.0,1.0,
2016-07-01,,,,,0.0,1.0,
2016-07-04,,,,,0.0,1.0,
2016-07-05,,,,,0.0,1.0,
2016-07-06,,,,,0.0,1.0,
2016-07-07,,,,,0.0,1.0,
2016-07-08,,,,,0.0,1.0,
2016-07-11,,,,,0.0,1.0,
2016-07-12,,,,,0.0,1.0,
2016-07-13,,,,,0.0,1.0,
2016-07-14,,,,,0.0,1.0,
2016-07-15,,,,,0.0,1.0,
2016-07-18,,,,,0.0,1.0,
2016-07-19,,,,,0.0,1.0,
2016-07-20,,,,,0.0,1.0,
2016-07-21,,,,,0.0,1.0,
2016-07-22,,,,,0.0,1.0,
2016-07-25,,,,,0.0,1.0,
2016-07-26,,,,,0.0,1.0,
2016-07-27,,,,,0.0,1.0,
2016-07-28,,,,,0.0,1.0,
2016-07-29,,,,,0.0,1.0,
2016-08-01,,,,,0.0,1.0,
2016-08-02,,,,,0.0,1.0,
2016-08-03,,,,,0.0,1.0,
2016-08-04,,,,,0.0,1.0,
2016-08-05,,,,,0.0,1.0,
2016-08-08,,,,,0.0,1.0,
2016-08-09,,,,,0.0,1.0,
2016-08-10,,,,,0.0,1.0,
2016-08-11,,,,,0.0,1.0,
2016-08-12,,,,,0.0,1.0,
2016-08-15,,,,,0.0,1.0,
2016-08-16,,,,,0.0,1.0,
2016-08-17,,,,,0.0,1.0,
2016-08-18,,,,,0.0,1.0,
2016-08-19,,,,,0.0,1.0,
2016-08-22,,,,,0.0,1.0,
2016-08-23,,,,,0.0,1.0,
2016-08-24,,,,,0.0,1.0,
2016-08-25,,,,,0.0,1.0,
2016-08-26,,,,,0.0,1.0,
2016-08-29,,,,,0.0,1.0,
2016-08-30,,,,,0.0,1.0,
2016-08-31,,,,,0.0,1.0,
2016-09-01,,,,,0.0,1.0,
2016-09-02,,,,,0.0,1.0,
2016-09-05,,,,,0.0,1.0,
2016-09-06,,,,,0.0,1.0,
2016-09-07,,,,,0.0,1.0,
2016-09-08,,,,,0.0,1.0,
2016-09-09,,,,,0.0,1.0,
2016-09-12,,,,,0.0,1.0,
2016-09-13,,,,,0.0,1.0,
2016-09-14,,,,,0.0,1.0,
2016-09-15,,,,,0.0,1.0,
2016-09-16,,,,,0.0,1.0,
2016-09-19,,,,,0.0,1.0,
2016-09-20,,,,,0.0,1.0,
2016-09-21,,,,,0.0,1.0,
2016-09-22,,,,,0.0,1.0,
2016-09-23,,,,,0.0,1.0,
2016-09-26,,,,,0.0,1.0,
2016-09-27,,,,,0.0,1.0,
2016-09-28,,,,,0.0,1.0,
2016-09-29,,,,,0.0,1.0,
2016-09-30,,,,,0.0,1.0,
2016-10-03,,,,,0.0,1.0,
2016-10-04,,,,,0.0,1.0,
2016-10-05,,,,,0.0,1.0,
2016-10-06,,,,,0.0,1.0,
2016-10-07,,,,,0.0,1.0,
2016-10-10,,,,,0.0,1.0,
2016-10-11,,,,,0.0,1.0,
2016-10-12,,,,,0.0,1.0,
2016-10-13,,,,,0.0,1.0,
2016-10-14,,,,,0.0,1.0,
2016-10-17,,,,,0.0,1.0,
2016-10-18,,,,,0.0,1.0,
2016-10-19,,,,,0.0,1.0,
2016-10-20,,,,,0.0,1.0,
2016-10-21,,,,,0.0,1.0,
2016-10-24,,,,,0.0,1.0,
2016-10-25,,,,,0.0,1.0,
2016-10-26,,,,,0.0,1.0,
2016-10-27,,,,,0.0,1.0,
2016-10-28,,,,,0.0,1.0,
2016-10-31,,,,,0.0,1.0,
2016-11-01,,,,,0.0,1.0,
2016-11-02,,,,,0.0,1.0,
2016-11-03,,,,,0.0,1.0,
2016-11-04,,,,,0.0,1.0,
2016-11-07,,,,,0.0,1.0,
2016-11-08,,,,,0.0,1.0,
2016-11-09,,,,,0.0,1.0,
2016-11-10,,,,,0.0,1.0,
2016-11-11,,,,,0.0,1.0,
2016-11-14,,,,,0.0,1.0,
2016-11-15,,,,,0.0,1.0,
2016-11-16,,,,,0.0,1.0,
2016-11-17,,,,,0.0,1.0,
2016-11-18,,,,,0.0,1.0,
2016-11-21,,,,,0.0,1.0,
2016-11-22,,,,,0.0,1.0,
2016-11-23,,,,,0.0,1.0,
2016-11-24,,,,,0.0,1.0,
2016-11-25,,,,,0.0,1.0,
2016-11-28,,,,,0.0,1.0,
2016-11-29,,,,,0.0,1.0,
2016-11-30,,,,,0.0,1.0,
2016-12-01,,,,,0.0,1.0,
2016-12-02,,,,,0.0,1.0,
2016-12-05,,,,,0.0,1.0,
2016-12-06,,,,,0.0,1.0,
2016-12-07,,,,,0.0,1.0,
2016-12-08,,,,,0.0,1.0,
2016-12-09,,,,,0.0,1.0,
2016-12-12,,,,,0.0,1.0,
2016-12-13,,,,,0.0,1.0,
2016-12-14,,,,,0.0,1.0,
2016-12-15,,,,,0.0,1.0,
2016-12-16,,,,,0.0,1.0,
2016-12-19,,,,,0.0,1.0,
2016-12-20,,,,,0.0,1.0,
2016-12-21,,,,,0.0,1.0,
2016-12-22,,,,,0.0,1.0,
2016-12-23,,,,,0.0,1.0,
2016-12-27,,,,,0.0,1.0,
2016-12-28,,,,,0.0,1.0,
2016-12-29,,,,,0.0,1.0,
2016-12-30,,,,,0.0,1.0,
2017-01-02,,,,,0.0,1.0,
2017-01-03,,,,,0.0,1.0,
2017-01-04,,,,,0.0,1.0,
2017-01-05,,,,,0.0,1.0,
2017-01-06,,,,,0.0,1.0,
2017-01-09,,,,,0.0,1.0,
2017-01-10,,,,,0.0,1.0,
2017-01-11,,,,,0.0,1.0,
2017-01-12,,,,,0.0,1.0,
2017-01-13,,,,,0.0,1.0,
2017-01-16,,,,,0.0,1.0,
2017-01-17,,,,,0.0,1.0,
2017-01-18,,,,,0.0,1.0,
2017-01-19,,,,,0.0,1.0,
2017-01-20,,,,,0.0,1.0,
2017-01-23,,,,,0.0,1.0,
2017-01-24,,,,,0.0,1.0,
2017-01-25,,,,,0.0,1.0,
2017-01-26,,,,,0.0,1.0,
2017-01-27,,,,,0.0,1.0,
2017-01-30,,,,,0.0,1.0,
2017-01-31,,,,,0.0,1.0,
2017-02-01,,,,,0.0,1.0,
2017-02-02,,,,,0.0,1.0,
2017-02-03,,,,,0.0,1.0,
2017-02-06,,,,,0.0,1.0,
2017-02-07,,,,,0.0,1.0,
2017-02-08,,,,,0.0,1.0,
2017-02-09,,,,,0.0,1.0,
2017-02-10,,,,,0.0,1.0,
2017-02-13,,,,,0.0,1.0,
2017-02-14,,,,,0.0,1.0,
2017-02-15,,,,,0.0,1.0,
2017-02-16,,,,,0.0,1.0,
2017-02-17,,,,,0.0,1.0,
2017-02-20,,,,,0.0,1.0,
2017-02-21,,,,,0.0,1.0,
2017-02-22,,,,,0.0,1.0,
2017-02-23,,,,,0.0,1.0,
2017-02-24,,,,,0.0,1.0,
2017-02-27,,,,,0.0,1.0,
2017-02-28,,,,,0.0,1.0,
2017-03-01,,,,,0.0,1.0,
2017-03-02,,,,,0.0,1.0,
2017-03-03,,,,,0.0,1.0,
2017-03-06,,,,,0.0,1.0,
2017-03-07,,,,,0.0,1.0,
2017-03-08,,,,,0.0,1.0,
2017-03-09,,,,,0.0,1.0,
2017-03-10,,,,,0.0,1.0,
2017-03-13,,,,,0.0,1.0,
2017-03-14,,,,,0.0,1.0,
2017-03-15,,,,,0.0,1.0,
2017-03-16,,,,,0.0,1.0,
2017-03-17,,,,,0.0,1.0,
2017-03-20,,,,,0.0,1.0,
2017-03-21,,,,,0.0,1.0,
2017-03-22,,,,,0.0,1.0,
2017-03-23,,,,,0.0,1.0,
2017-03-24,,,,,0.0,1.0,
2017-03-27,,,,,0.0,1.0,
2017-03-28,,,,,0.0,1.0,
2017-03-29,,,,,0.0,1.0,
2017-03-30,,,,,0.0,1.0,
2017-03-31,,,,,0.0,1.0,
2017-04-03,,,,,0.0,1.0,
2017-04-04,,,,,0.0,1.0,
2017-04-05,,,,,0.0,1.0,
2017-04-06,,,,,0.0,1.0,
2017-04-07,,,,,0.0,1.0,
2017-04-10,,,,,0.0,1.0,
2017-04-11,,,,,0.0,1.0,
2017-04-12,,,,,0.0,1.0,
2017-04-13,,,,,0.0,1.0,
2017-04-17,,,,,0.0,1.0,
2017-04-18,,,,,0.0,1.0,
2017-04-19,,,,,0.0,1.0,
2017-04-20,,,,,0.0,1.0,
2017-04-21,,,,,0.0,1.0,
2017-04-24,,,,,0.0,1.0,
2017-04-25,,,,,0.0,1.0,
2017-04-26,,,,,0.0,1.0,
2017-04-27,,,,,0.0,1.0,
2017-04-28,,,,,0.0,1.0,
2017-05-01,,,,,0.0,1.0,
2017-05-02,,,,,0.0,1.0,
2017-05-03,,,,,0.0,1.0,
2017-05-04,,,,,0.0,1.0,
2017-05-05,,,,,0.0,1.0,
2017-05-08,,,,,0.0,1.0,
2017-05-09,,,,,0.0,1.0,
2017-05-10,,,,,0.0,1.0,
2017-05-11,,,,,0.0,1.0,
2017-05-12,,,,,0.0,1.0,
2017-05-15,,,,,0.0,1.0,
2017-05-16,,,,,0.0,1.0,
2017-05-17,,,,,0.0,1.0,
2017-05-18,,,,,0.0,1.0,
2017-05-19,,,,,0.0,1.0,
2017-05-22,,,,,0.0,1.0,
2017-05-23,,,,,0.0,1.0,
2017-05-24,,,,,0.0,1.0,
2017-05-25,,,,,0.0,1.0,
2017-05-26,,,,,0.0,1.0,
2017-05-29,,,,,0.0,1.0,
2017-05-30,,,,,0.0,1.0,
2017-05-31,,,,,0.0,1.0,
2017-06-01,,,,,0.0,1.0,
2017-06-02,,,,,0.0,1.0,
2017-06-05,,,,,0.0,1.0,
2017-06-06,,,,,0.0,1.0,
2017-06-07,,,,,0.0,1.0,
2017-06-08,,,,,0.0,1.0,
2017-06-09,,,,,0.0,1.0,
2017-06-12,,,,,0.0,1.0,
2017-06-13,,,,,0.0,1.0,
2017-06-14,,,,,0.0,1.0,
2017-06-15,,,,,0.0,1.0,
2017-06-16,,,,,0.0,1.0,
2017-06-19,,,,,0.0,1.0,
2017-06-20,,,,,0.0,1.0,
2017-06-21,,,,,0.0,1.0,
2017-06-22,,,,,0.0,1.0,
2017-06-23,,,,,0.0,1.0,
2017-06-26,,,,,0.0,1.0,
2017-06-27,,,,,0.0,1.0,
2017-06-28,,,,,0.0,1.0,
2017-06-29,,,,,0.0,1.0,
2017-06-30,,,,,0.0,1.0,
2017-07-03,,,,,0.0,1.0,
2017-07-04,,,,,0.0,1.0,
2017-07-05,,,,,0.0,1.0,
2017-07-06,,,,,0.0,1.0,
2017-07-07,,,,,0.0,1.0,
2017-07-10,,,,,0.0,1.0,
2017-07-11,,,,,0.0,1.0,
2017-07-12,,,,,0.0,1.0,
2017-07-13,,,,,0.0,1.0,
2017-07-14,,,,,0.0,1.0,
2017-07-17,,,,,0.0,1.0,
2017-07-18,,,,,0.0,1.0,
2017-07-19,,,,,0.0,1.0,
2017-07-20,,,,,0.0,1.0,
2017-07-21,,,,,0.0,1.0,
2017-07-24,,,,,0.0,1.0,
2017-07-25,,,,,0.0,1.0,
2017-07-26,,,,,0.0,1.0,
2017-07-27,,,,,0.0,1.0,
2017-07-28,,,,,0.0,1.0,
2017-07-31,,,,,0.0,1.0,
2017-08-01,,,,,0.0,1.0,
2017-08-02,,,,,0.0,1.0,
2017-08-03,,,,,0.0,1.0,
2017-08-04,,,,,0.0,1.0,
2017-08-07,,,,,0.0,1.0,
2017-08-08,,,,,0.0,1.0,
2017-08-09,,,,,0.0,1.0,
2017-08-10,,,,,0.0,1.0,
2017-08-11,,,,,0.0,1.0,
2017-08-14,,,,,0.0,1.0,
2017-08-15,,,,,0.0,1.0,
2017-08-16,,,,,0.0,1.0,
2017-08-17,,,,,0.0,1.0,
2017-08-18,,,,,0.0,1.0,
2017-08-21,,,,,0.0,1.0,
2017-08-22,,,,,0.0,1.0,
2017-08-23,,,,,0.0,1.0,
2017-08-24,,,,,0.0,1.0,
2017-08-25,,,,,0.0,1.0,
2017-08-28,,,,,0.0,1.0,
2017-08-29,,,,,0.0,1.0,
2017-08-30,,,,,0.0,1.0,
2017-08-31,,,,,0.0,1.0,
2017-09-01,,,,,0.0,1.0,
2017-09-04,,,,,0.0,1.0,
2017-09-05,,,,,0.0,1.0,
2017-09-06,,,,,0.0,1.0,
2017-09-07,,,,,0.0,1.0,
2017-09-08,,,,,0.0,1.0,
2017-09-11,,,,,0.0,1.0,
2017-09-12,,,,,0.0,1.0,
2017-09-13,,,,,0.0,1.0,
2017-09-14,,,,,0.0,1.0,
2017-09-15,,,,,0.0,1.0,
2017-09-18,,,,,0.0,1.0,
2017-09-19,,,,,0.0,1.0,
2017-09-20,,,,,0.0,1.0,
2017-09-21,,,,,0.0,1.0,
2017-09-22,,,,,0.0,1.0,
2017-09-25,,,,,0.0,1.0,
2017-09-26,,,,,0.0,1.0,
2017-09-27,,,,,0.0,1.0,
2017-09-28,,,,,0.0,1.0,
2017-09-29,,,,,0.0,1.0,
2017-10-02,,,,,0.0,1.0,
2017-10-03,,,,,0.0,1.0,
2017-10-04,,,,,0.0,1.0,
2017-10-05,,,,,0.0,1.0,
2017-10-06,,,,,0.0,1.0,
2017-10-09,,,,,0.0,1.0,
2017-10-10,,,,,0.0,1.0,
2017-10-11,,,,,0.0,1.0,
2017-10-12,,,,,0.0,1.0,
2017-10-13,,,,,0.0,1.0,
2017-10-16,,,,,0.0,1.0,
2017-10-17,,,,,0.0,1.0,
2017-10-18,,,,,0.0,1.0,
2017-10-19,,,,,0.0,1.0,
2017-10-20,,,,,0.0,1.0,
2017-10-23,,,,,0.0,1.0,
2017-10-24,,,,,0.0,1.0,
2017-10-25,,,,,0.0,1.0,
2017-10-26,,,,,0.0,1.0,
2017-10-27,,,,,0.0,1.0,
2017-10-30,,,,,0.0,1.0,
2017-10-31,,,,,0.0,1.0,
2017-11-01,,,,,0.0,1.0,
2017-11-02,,,,,0.0,1.0,
2017-11-03,,,,,0.0,1.0,
2017-11-06,,,,,0.0,1.0,
2017-11-07,,,,,0.0,1.0,
2017-11-08,,,,,0.0,1.0,
2017-11-09,,,,,0.0,1.0,
2017-11-10,,,,,0.0,1.0,
2017-11-13,,,,,0.0,1.0,
2017-11-14,,,,,0.0,1.0,
2017-11-15,,,,,0.0,1.0,
2017-11-16,,,,,0.0,1.0,
2017-11-17,,,,,0.0,1.0,
2017-11-20,,,,,0.0,1.0,
2017-11-21,,,,,0.0,1.0,
2017-11-22,,,,,0.0,1.0,
2017-11-23,,,,,0.0,1.0,
2017-11-24,,,,,0.0,1.0,
2017-11-27,,,,,0.0,1.0,
2017-11-28,,,,,0.0,1.0,
2017-11-29,,,,,0.0,1.0,
2017-11-30,,,,,0.0,1.0,
2017-12-01,,,,,0.0,1.0,
2017-12-04,,,,,0.0,1.0,
2017-12-05,,,,,0.0,1.0,
2017-12-06,,,,,0.0,1.0,
2017-12-07,,,,,0.0,1.0,
2017-12-08,,,,,0.0,1.0,
2017-12-11,,,,,0.0,1.0,
2017-12-12,,,,,0.0,1.0,
2017-12-13,,,,,0.0,1.0,
2017-12-14,,,,,0.0,1.0,
2017-12-15,,,,,0.0,1.0,
2017-12-18,,,,,0.0,1.0,
2017-12-19,,,,,0.0,1.0,
2017-12-20,,,,,0.0,1.0,
2017-12-21,,,,,0.0,1.0,
2017-12-22,,,,,0.0,1.0,
2017-12-27,,,,,0.0,1.0,
2017-12-28,,,,,0.0,1.0,
2017-12-29,,,,,0.0,1.0,
2018-01-02,,,,,0.0,1.0,
2018-01-03,,,,,0.0,1.0,
2018-01-04,,,,,0.0,1.0,
2018-01-05,,,,,0.0,1.0,
2018-01-08,,,,,0.0,1.0,
2018-01-09,,,,,0.0,1.0,
2018-01-10,,,,,0.0,1.0,
2018-01-11,,,,,0.0,1.0,
2018-01-12,,,,,0.0,1.0,
2018-01-15,,,,,0.0,1.0,
2018-01-16,,,,,0.0,1.0,
2018-01-17,,,,,0.0,1.0,
2018-01-18,,,,,0.0,1.0,
2018-01-19,,,,,0.0,1.0,
2018-01-22,,,,,0.0,1.0,
2018-01-23,,,,,0.0,1.0,
2018-01-24,,,,,0.0,1.0,
2018-01-25,,,,,0.0,1.0,
2018-01-26,,,,,0.0,1.0,
2018-01-29,,,,,0.0,1.0,
2018-01-30,,,,,0.0,1.0,
2018-01-31,,,,,0.0,1.0,
2018-02-01,,,,,0.0,1.0,
2018-02-02,,,,,0.0,1.0,
2018-02-05,,,,,0.0,1.0,
2018-02-06,,,,,0.0,1.0,
2018-02-07,,,,,0.0,1.0,
2018-02-08,,,,,0.0,1.0,
2018-02-09,,,,,0.0,1.0,
2018-02-12,,,,,0.0,1.0,
2018-02-13,,,,,0.0,1.0,
2018-02-14,,,,,0.0,1.0,
2018-02-15,,,,,0.0,1.0,
2018-02-16,,,,,0.0,1.0,
2018-02-19,,,,,0.0,1.0,
2018-02-20,,,,,0.0,1.0,
2018-02-21,,,,,0.0,1.0,
2018-02-22,,,,,0.0,1.0,
2018-02-23,,,,,0.0,1.0,
2018-02-26,,,,,0.0,1.0,
2018-02-27,,,,,0.0,1.0,
2018-02-28,,,,,0.0,1.0,
2018-03-01,,,,,0.0,1.0,
2018-03-02,,,,,0.0,1.0,
2018-03-05,,,,,0.0,1.0,
2018-03-06,,,,,0.0,1.0,
2018-03-07,,,,,0.0,1.0,
2018-03-08,,,,,0.0,1.0,
2018-03-09,,,,,0.0,1.0,
2018-03-12,,,,,0.0,1.0,
2018-03-13,,,,,0.0,1.0,
2018-03-14,,,,,0.0,1.0,
2018-03-15,,,,,0.0,1.0,
2018-03-16,,,,,0.0,1.0,
2018-03-19,,,,,0.0,1.0,
2018-03-20,,,,,0.0,1.0,
2018-03-21,,,,,0.0,1.0,
2018-03-22,,,,,0.0,1.0,
2018-03-23,,,,,0.0,1.0,
2018-03-26,,,,,0.0,1.0,
2018-03-27,,,,,0.0,1.0,
2018-03-28,,,,,0.0,1.0,
2018-03-29,,,,,0.0,1.0,
2018-04-03,,,,,0.0,1.0,
2018-04-04,,,,,0.0,1.0,
2018-04-05,,,,,0.0,1.0,
2018-04-06,,,,,0.0,1.0,
2018-04-09,,,,,0.0,1.0,
2018-04-10,,,,,0.0,1.0,
2018-04-11,,,,,0.0,1.0,
2018-04-12,,,,,0.0,1.0,
2018-04-13,16.8,16.8,16.8,16.8,0.0,1.0,35980133.0
2018-04-16,16.6,16.6,16.6,16.6,0.0,1.0,35980133.0
2018-04-17,16.65,16.65,16.65,16.65,0.0,1.0,35980133.0
2018-04-18,16.95,16.95,16.95,16.95,0.0,1.0,35980133.0
2018-04-19,17.35,17.35,17.35,17.35,0.0,1.0,35980133.0
2018-04-20,17.15,17.15,17.15,17.15,0.0,1.0,35980133.0
2018-04-23,17.1,17.1,17.1,17.1,0.0,1.0,35980133.0
2018-04-24,17.1,17.1,17.1,17.1,0.0,0.0,35980133.0
2018-04-25,17.75,17.75,17.75,17.75,0.0,1.0,35980133.0
2018-04-26,17.5,17.5,17.5,17.5,0.0,1.0,35980133.0
2018-04-27,17.5,17.5,17.5,17.5,0.0,0.0,35980133.0
2018-04-30,17.45,17.45,17.45,17.45,0.0,1.0,35980133.0
2018-05-01,17.35,17.35,17.35,17.35,0.0,1.0,35980133.0
2018-05-02,17.95338,17.80149,17.75,18.004869999999997,2.0,912.0,35980133.0
2018-05-03,17.33631,17.33631,17.75,16.922620000000002,1.0,9.0,35980133.0
2018-05-04,17.99999,17.99999,17.85,18.14998,1.0,36.0,35980133.0
2018-05-07,17.85,17.85,17.85,17.85,0.0,0.0,35980133.0
2018-05-08,17.78196,17.78196,17.5,18.063920000000003,1.0,247.0,35980133.0
2018-05-09,17.59593,17.59593,17.65,17.54186,1.0,100.0,35980133.0
2018-05-10,17.68034,17.68034,17.675,17.68568,1.0,188.0,35980133.0
2018-05-11,18.15,18.15,18.15,18.15,0.0,1.0,35980133.0
2018-05-14,18.43572,18.43572,18.05,18.82144,1.0,291.0,35980133.0
2018-05-15,18.3,18.3,18.3,18.3,0.0,1.0,35980133.0
2018-05-16,18.0,18.0,18.0,18.0,0.0,1.0,35980133.0
2018-05-17,18.25,18.25,18.25,18.25,0.0,1.0,35980133.0
2018-05-18,17.95,17.95,17.95,17.95,0.0,1.0,35980133.0
2018-05-21,17.8,17.8,17.8,17.8,0.0,1.0,35980133.0
2018-05-22,17.7,17.7,17.7,17.7,0.0,1.0,35980133.0
2018-05-23,17.52431,17.52431,17.7,17.34862,1.0,114.0,35980133.0
2018-05-24,17.7,17.7,17.7,17.7,0.0,0.0,35980133.0
2018-05-25,17.8316,17.8316,17.7,17.963200000000004,1.0,9513.0,35980133.0
2018-05-28,17.7,17.7,17.7,17.7,0.0,0.0,35980133.0
2018-05-29,17.69285,17.69285,17.7,17.6857,1.0,211.0,35980133.0
2018-05-30,17.64174,17.64174,17.7,17.583479999999998,1.0,111.0,35980133.0
2018-05-31,16.3,16.3,17.7,14.900000000000002,1.0,5129.0,35980133.0
2018-06-01,17.7,17.7,17.7,17.7,0.0,0.0,35980133.0
2018-06-04,16.37795,16.264,17.7,14.941949999999995,5.0,2379.0,35980133.0
2018-06-05,16.5652,16.51964,17.7,15.38484,2.0,259.0,35980133.0
2018-06-06,16.6452,16.58975,17.7,15.534949999999998,2.0,1023.0,35980133.0
2018-06-07,17.7,17.7,17.7,17.7,0.0,0.0,35980133.0
2018-06-08,17.7,17.7,17.7,17.7,0.0,0.0,35980133.0
2018-06-11,17.7,17.7,17.7,17.7,0.0,0.0,35980133.0
2018-06-12,17.7,17.7,17.7,17.7,0.0,0.0,35980133.0
2018-06-13,16.55625,16.55625,17.7,15.412499999999998,1.0,140.0,35980133.0
2018-06-14,17.7,17.7,17.7,17.7,0.0,0.0,35980133.0
2018-06-15,16.23139,16.23139,17.7,14.762780000000003,1.0,17.0,35980133.0
2018-06-18,16.05543,16.05543,17.7,14.410860000000003,1.0,100.0,35980133.0
2018-06-19,17.7,17.7,17.7,17.7,0.0,0.0,35980133.0
2018-06-20,16.17571,16.17571,17.7,14.651419999999998,1.0,10.0,35980133.0
2018-06-21,17.7,17.7,17.7,17.7,0.0,0.0,35980133.0
2018-06-22,17.7,17.7,17.7,17.7,0.0,0.0,35980133.0
2018-06-25,17.7,17.7,17.7,17.7,0.0,0.0,35980133.0
2018-06-26,17.7,17.7,17.7,17.7,0.0,0.0,35980133.0
2018-06-27,17.7,17.7,17.7,17.7,0.0,0.0,35980133.0
2018-06-28,17.7,17.7,17.7,17.7,0.0,0.0,35980133.0
2018-06-29,17.7,17.7,17.7,17.7,0.0,0.0,35980133.0
2018-07-02,17.7,17.7,17.7,17.7,0.0,0.0,35980133.0
2018-07-03,17.7,17.7,17.7,17.7,0.0,0.0,35980133.0
2018-07-04,15.61736,15.61736,17.7,13.53472,1.0,84.0,36094627.0
2018-07-05,15.62526,15.62526,17.7,13.550520000000002,1.0,48.0,36094627.0
2018-07-06,17.7,17.7,17.7,17.7,0.0,0.0,36094627.0
2018-07-09,17.7,17.7,17.7,17.7,0.0,0.0,36094627.0
2018-07-10,16.33047,16.33047,17.7,14.960939999999997,1.0,15.0,36094627.0
2018-07-11,17.7,17.7,17.7,17.7,0.0,0.0,36094627.0
2018-07-12,17.7,17.7,17.7,17.7,0.0,0.0,36094627.0
2018-07-13,17.7,17.7,17.7,17.7,0.0,0.0,36094627.0
2018-07-16,17.7,17.7,17.7,17.7,0.0,0.0,36094627.0
2018-07-17,17.7,17.7,17.7,17.7,0.0,0.0,36094627.0
2018-07-18,17.7,17.7,17.7,17.7,0.0,0.0,36094627.0
2018-07-19,17.7,17.7,17.7,17.7,0.0,0.0,36094627.0
2018-07-20,17.7,17.7,17.7,17.7,0.0,0.0,36094627.0
2018-07-23,17.7,17.7,17.7,17.7,0.0,0.0,36094627.0
2018-07-24,17.7,17.7,17.7,17.7,0.0,0.0,36094627.0
2018-07-25,17.7,17.7,17.7,17.7,0.0,0.0,36094627.0
2018-07-26,17.7,17.7,17.7,17.7,0.0,0.0,36094627.0
2018-07-27,17.7,17.7,17.7,17.7,0.0,0.0,36094627.0
2018-07-30,17.7,17.7,17.7,17.7,0.0,0.0,36094627.0
2018-07-31,17.7,17.7,17.7,17.7,0.0,0.0,36094627.0
2018-08-01,17.7,17.7,17.7,17.7,0.0,0.0,36094627.0
2018-08-02,17.7,17.7,17.7,17.7,0.0,0.0,36094627.0
2018-08-03,18.46629,18.46629,17.7,19.232580000000002,1.0,300.0,36116627.0
2018-08-06,19.53,19.53,17.7,21.360000000000003,1.0,14642.0,36116627.0
2018-08-07,17.7,17.7,17.7,17.7,0.0,0.0,36116627.0
2018-08-08,17.7,17.7,17.7,17.7,0.0,0.0,36116627.0
2018-08-09,19.92342,19.60561,17.7,21.82903,2.0,252.0,36116627.0
2018-08-10,19.8,19.7189,17.7,21.818900000000003,2.0,6971.0,36116627.0
2018-08-13,19.36715,19.25766,17.7,20.924809999999997,2.0,1687.0,36116627.0
2018-08-14,17.7,17.7,17.7,17.7,0.0,0.0,36116627.0
2018-08-15,18.9519,18.9519,17.7,20.203799999999998,1.0,464.0,36116627.0
2018-08-16,17.7,17.7,17.7,17.7,0.0,0.0,36116627.0
2018-08-17,17.7,17.7,17.7,17.7,0.0,0.0,36116627.0
2018-08-20,19.3691,19.3691,17.7,21.0382,1.0,325.0,36116627.0
2018-08-21,17.7,17.7,17.7,17.7,0.0,0.0,36116627.0
2018-08-22,17.7,17.7,17.7,17.7,0.0,0.0,36116627.0
2018-08-23,17.7,17.7,17.7,17.7,0.0,0.0,36116627.0
2018-08-24,17.7,17.7,17.7,17.7,0.0,0.0,36116627.0
2018-08-27,17.7,17.7,17.7,17.7,0.0,0.0,36116627.0
2018-08-28,17.7,17.7,17.7,17.7,0.0,0.0,36116627.0
2018-08-29,17.7,17.7,17.7,17.7,0.0,0.0,36116627.0
2018-08-30,17.7,17.7,17.7,17.7,0.0,0.0,36116627.0
2018-08-31,17.7,17.7,17.7,17.7,0.0,0.0,36116627.0
2018-09-03,17.7,17.7,17.7,17.7,0.0,0.0,36116627.0
2018-09-04,18.3422,18.3422,17.7,18.984399999999997,1.0,276.0,36116627.0
2018-09-05,18.31243,18.31243,17.7,18.92486,1.0,171.0,36116627.0
2018-09-06,17.7,17.7,17.7,17.7,0.0,0.0,36116627.0
2018-09-07,19.42304,19.42304,17.7,21.14608,1.0,700.0,36116627.0
2018-09-10,17.7,17.7,17.7,17.7,0.0,0.0,36116627.0
2018-09-11,20.7332,20.7332,17.7,23.7664,1.0,154.0,36116627.0
2018-09-12,17.7,17.7,17.7,17.7,0.0,0.0,36116627.0
2018-09-13,21.30866,21.30866,17.7,24.91732,1.0,123.0,36116627.0
2018-09-14,17.7,17.7,17.7,17.7,0.0,0.0,36116627.0
2018-09-17,17.7,17.7,17.7,17.7,0.0,0.0,36116627.0
2018-09-18,21.61441,21.61441,17.7,25.52882,1.0,33.0,36116627.0
2018-09-19,21.3963,21.12809,17.7,24.824389999999998,2.0,408.0,36116627.0
2018-09-20,21.35434,21.34427,17.7,24.998610000000003,2.0,500.0,36116627.0
2018-09-21,21.03465,21.03465,17.7,24.3693,1.0,92.0,36116627.0
2018-09-24,20.87581,20.67917,17.7,23.85498,2.0,184.0,36116627.0
2018-09-25,20.8161,20.53322,17.7,23.64932,5.0,1008.0,36116627.0
2018-09-26,17.7,17.7,17.7,17.7,0.0,0.0,36116627.0
2018-09-27,17.7,17.7,17.7,17.7,0.0,0.0,36116627.0
2018-09-28,19.93311,19.89092,17.7,22.12403,2.0,275.0,36116627.0
2018-10-01,20.18243,20.16293,17.7,22.64536,2.0,42.0,36116627.0
2018-10-02,17.7,17.7,17.7,17.7,0.0,0.0,36116627.0
2018-10-03,19.37606,19.37606,17.7,21.05212,1.0,232.0,36116627.0
2018-10-04,19.75591,19.75591,17.7,21.81182,1.0,107.0,36116627.0
2018-10-05,19.15778,19.15778,17.7,20.61556,1.0,117.0,36116627.0
2018-10-08,17.7,17.7,17.7,17.7,0.0,0.0,36116627.0
2018-10-09,18.82193,18.82193,17.7,19.943859999999997,1.0,133.0,36116627.0
2018-10-10,17.7,17.7,17.7,17.7,0.0,0.0,36116627.0
2018-10-11,17.98569,17.98569,17.7,18.271380000000004,1.0,116.0,36116627.0
2018-10-12,17.7,17.7,17.7,17.7,0.0,0.0,36116627.0
2018-10-15,18.31072,18.31072,17.7,18.92144,1.0,14.0,36116627.0
2018-10-16,18.58189,18.5759,17.7,19.457790000000006,2.0,526.0,36116627.0
2018-10-17,17.7,17.7,17.7,17.7,0.0,0.0,36116627.0
2018-10-18,17.7,17.7,17.7,17.7,0.0,0.0,36116627.0
2018-10-19,17.7,17.7,17.7,17.7,0.0,0.0,36116627.0
2018-10-22,17.7,17.7,17.7,17.7,0.0,0.0,36116627.0
2018-10-23,17.7,17.7,17.7,17.7,0.0,0.0,36116627.0
2018-10-24,17.7,17.7,17.7,17.7,0.0,0.0,36116627.0
2018-10-25,17.7,17.7,17.7,17.7,0.0,0.0,36116627.0
2018-10-26,17.53548,17.53548,17.7,17.37096,1.0,89.0,36116627.0
2018-10-29,17.75685,17.75685,17.7,17.8137,1.0,331.0,36116627.0
2018-10-30,17.67062,17.18572,17.7,17.156340000000004,2.0,520.0,36116627.0
2018-10-31,17.7,17.7,17.7,17.7,0.0,0.0,36116627.0
2018-11-01,17.7,17.7,17.7,17.7,0.0,0.0,36116627.0
2018-11-02,17.7,17.7,17.7,17.7,0.0,0.0,36116627.0
2018-11-05,17.7,17.7,17.7,17.7,0.0,0.0,36116627.0
2018-11-06,17.7,17.7,17.7,17.7,0.0,0.0,36116627.0
2018-11-07,17.7,17.7,17.7,17.7,0.0,0.0,36116627.0
2018-11-08,17.7,17.7,17.7,17.7,0.0,0.0,36116627.0
2018-11-09,15.9994,15.9994,17.7,14.2988,1.0,149.0,36053195.0
2018-11-12,15.99006,15.99006,17.7,14.28012,1.0,75.0,36053195.0
2018-11-13,17.7,17.7,17.7,17.7,0.0,0.0,36053195.0
2018-11-14,16.4774,16.4774,17.7,15.2548,1.0,38.0,36053195.0
2018-11-15,17.7,17.7,17.7,17.7,0.0,0.0,36053195.0
2018-11-16,17.7,17.7,17.7,17.7,0.0,0.0,36053195.0
2018-11-19,17.7,17.7,17.7,17.7,0.0,0.0,36053195.0
2018-11-20,17.7,17.7,17.7,17.7,0.0,0.0,36053195.0
2018-11-21,17.7,17.7,17.7,17.7,0.0,0.0,36053195.0
2018-11-22,17.7,17.7,17.7,17.7,0.0,0.0,36053195.0
2018-11-23,17.7,17.7,17.7,17.7,0.0,0.0,36053195.0
2018-11-26,17.7,17.7,17.7,17.7,0.0,0.0,36053195.0
2018-11-27,17.7,17.7,17.7,17.7,0.0,0.0,36053195.0
2018-11-28,17.7,17.7,17.7,17.7,0.0,0.0,36053195.0
2018-11-29,17.7,17.7,17.7,17.7,0.0,0.0,36053195.0
2018-11-30,16.13006,16.13006,17.7,14.560120000000001,1.0,106.0,36053195.0
2018-12-03,17.7,17.7,17.7,17.7,0.0,0.0,36053195.0
2018-12-04,17.7,17.7,17.7,17.7,0.0,0.0,36053195.0
2018-12-05,17.7,17.7,17.7,17.7,0.0,0.0,36053195.0
2018-12-06,17.7,17.7,17.7,17.7,0.0,0.0,36053195.0
2018-12-07,15.87787,15.87787,17.7,14.05574,1.0,150.0,36053195.0
2018-12-10,17.7,17.7,17.7,17.7,0.0,0.0,36053195.0
2018-12-11,17.7,17.7,17.7,17.7,0.0,0.0,36053195.0
2018-12-12,17.7,17.7,17.7,17.7,0.0,0.0,36053195.0
2018-12-13,17.7,17.7,17.7,17.7,0.0,0.0,36053195.0
2018-12-14,13.87079,13.87079,17.7,10.04158,1.0,138.0,36053195.0
2018-12-17,17.7,17.7,17.7,17.7,0.0,0.0,36053195.0
2018-12-18,13.48719,13.48719,17.7,9.27438,1.0,250.0,36053195.0
2018-12-19,17.7,17.7,17.7,17.7,0.0,0.0,36053195.0
2018-12-20,13.56045,13.44956,17.7,9.310010000000002,2.0,333.0,36053195.0
2018-12-21,17.7,17.7,17.7,17.7,0.0,0.0,36053195.0
2018-12-24,17.7,17.7,17.7,17.7,0.0,0.0,36053195.0
2018-12-27,17.7,17.7,17.7,17.7,0.0,0.0,36053195.0
2018-12-28,17.7,17.7,17.7,17.7,0.0,0.0,36053195.0
2018-12-31,17.7,17.7,17.7,17.7,0.0,0.0,36053195.0
2019-01-02,13.7837,13.24063,17.7,9.32433,2.0,117.0,36067415.0
2019-01-03,17.7,17.7,17.7,17.7,0.0,0.0,36067415.0
2019-01-04,17.7,17.7,17.7,17.7,0.0,0.0,36067415.0
2019-01-07,17.7,17.7,17.7,17.7,0.0,0.0,36067415.0
2019-01-08,17.7,17.7,17.7,17.7,0.0,0.0,36067415.0
2019-01-09,17.7,17.7,17.7,17.7,0.0,0.0,36067415.0
2019-01-10,17.7,17.7,17.7,17.7,0.0,0.0,36067415.0
2019-01-11,17.7,17.7,17.7,17.7,0.0,0.0,36067415.0
2019-01-14,17.7,17.7,17.7,17.7,0.0,0.0,36067415.0
2019-01-15,17.7,17.7,17.7,17.7,0.0,0.0,36067415.0
2019-01-16,15.07082,15.07082,17.7,12.44164,1.0,66.0,36067415.0
2019-01-17,17.7,17.7,17.7,17.7,0.0,0.0,36067415.0
2019-01-18,17.7,17.7,17.7,17.7,0.0,0.0,36067415.0
2019-01-21,17.7,17.7,17.7,17.7,0.0,0.0,36067415.0
2019-01-22,17.7,17.7,17.7,17.7,0.0,0.0,36067415.0
2019-01-23,14.56792,14.56792,17.7,11.435840000000002,1.0,217.0,36067415.0
2019-01-24,17.7,17.7,17.7,17.7,0.0,0.0,36067415.0
2019-01-25,17.7,17.7,17.7,17.7,0.0,0.0,36067415.0
2019-01-28,17.7,17.7,17.7,17.7,0.0,0.0,36067415.0
2019-01-29,17.7,17.7,17.7,17.7,0.0,0.0,36067415.0
2019-01-30,17.7,17.7,17.7,17.7,0.0,0.0,36067415.0
2019-01-31,17.7,17.7,17.7,17.7,0.0,0.0,36067415.0
2019-02-01,17.7,17.7,17.7,17.7,0.0,0.0,36067415.0
2019-02-04,15.21285,15.21285,17.7,12.7257,1.0,14.0,36067415.0
2019-02-05,17.7,17.7,17.7,17.7,0.0,0.0,36067415.0
2019-02-06,17.7,17.7,17.7,17.7,0.0,0.0,36067415.0
2019-02-07,17.7,17.7,17.7,17.7,0.0,0.0,36067415.0
2019-02-08,17.7,17.7,17.7,17.7,0.0,0.0,36067415.0
2019-02-11,17.7,17.7,17.7,17.7,0.0,0.0,36067415.0
2019-02-12,17.7,17.7,17.7,17.7,0.0,0.0,36067415.0
2019-02-13,17.7,17.7,17.7,17.7,0.0,0.0,36067415.0
2019-02-14,11.36802,11.36802,17.7,5.03604,1.0,548.0,36067415.0
2019-02-15,11.7303,11.7303,17.7,5.7606,1.0,212.0,36067415.0
2019-02-18,17.7,17.7,17.7,17.7,0.0,0.0,36067415.0
2019-02-19,17.7,17.7,17.7,17.7,0.0,0.0,36067415.0
2019-02-20,12.51431,12.51431,17.7,7.328620000000001,1.0,82.0,36067415.0
2019-02-21,17.7,17.7,17.7,17.7,0.0,0.0,36067415.0
2019-02-22,12.7475,12.7475,17.7,7.795000000000002,1.0,300.0,36067415.0
2019-02-25,17.7,17.7,17.7,17.7,0.0,0.0,36067415.0
2019-02-26,17.7,17.7,17.7,17.7,0.0,0.0,36067415.0
2019-02-27,17.7,17.7,17.7,17.7,0.0,0.0,36067415.0
2019-02-28,17.7,17.7,17.7,17.7,0.0,0.0,36067415.0
2019-03-01,17.7,17.7,17.7,17.7,0.0,0.0,36067415.0
2019-03-04,12.86098,12.77906,17.7,7.94004,2.0,490.0,36067415.0
2019-03-05,17.7,17.7,17.7,17.7,0.0,0.0,36067415.0
2019-03-06,17.7,17.7,17.7,17.7,0.0,0.0,36067415.0
2019-03-07,17.7,17.7,17.7,17.7,0.0,0.0,36067415.0
2019-03-08,17.7,17.7,17.7,17.7,0.0,0.0,36067415.0
2019-03-11,17.7,17.7,17.7,17.7,0.0,0.0,36067415.0
2019-03-12,17.7,17.7,17.7,17.7,0.0,0.0,36067415.0
2019-03-13,17.7,17.7,17.7,17.7,0.0,0.0,36067415.0
2019-03-14,17.7,17.7,17.7,17.7,0.0,0.0,36067415.0
2019-03-15,17.7,17.7,17.7,17.7,0.0,0.0,36067415.0
2019-03-18,12.66473,12.66473,17.7,7.629460000000002,1.0,120.0,36145063.0
2019-03-19,12.74133,12.69285,17.7,7.7341799999999985,2.0,275.0,36145063.0
2019-03-20,17.7,17.7,17.7,17.7,0.0,0.0,36145063.0
2019-03-21,17.7,17.7,17.7,17.7,0.0,0.0,36145063.0
2019-03-22,17.7,17.7,17.7,17.7,0.0,0.0,36145063.0
2019-03-25,12.20881,12.20881,17.7,6.71762,1.0,438.0,36145063.0
2019-03-26,17.7,17.7,17.7,17.7,0.0,0.0,36145063.0
2019-03-27,17.7,17.7,17.7,17.7,0.0,0.0,36145063.0
2019-03-28,12.23477,12.19619,17.7,6.73096,3.0,423.0,36145063.0
2019-03-29,17.7,17.7,17.7,17.7,0.0,0.0,36145063.0
2019-04-01,17.7,17.7,17.7,17.7,0.0,0.0,36145063.0
2019-04-02,17.7,17.7,17.7,17.7,0.0,0.0,36145063.0
2019-04-03,17.7,17.7,17.7,17.7,0.0,0.0,36145063.0
2019-04-04,17.7,17.7,17.7,17.7,0.0,0.0,36145063.0
2019-04-05,17.7,17.7,17.7,17.7,0.0,0.0,36145063.0
2019-04-08,17.7,17.7,17.7,17.7,0.0,0.0,36145063.0
2019-04-09,17.7,17.7,17.7,17.7,0.0,0.0,36145063.0
2019-04-10,17.7,17.7,17.7,17.7,0.0,0.0,36145063.0
2019-04-11,17.7,17.7,17.7,17.7,0.0,0.0,36145063.0
2019-04-12,17.7,17.7,17.7,17.7,0.0,0.0,36145063.0
2019-04-15,12.68714,12.68714,17.7,7.6742799999999995,1.0,180.0,36150299.0
2019-04-16,17.7,17.7,17.7,17.7,0.0,0.0,36150299.0
2019-04-17,17.7,17.7,17.7,17.7,0.0,0.0,36150299.0
2019-04-18,17.7,17.7,17.7,17.7,0.0,0.0,36150299.0
2019-04-23,17.7,17.7,17.7,17.7,0.0,0.0,36150299.0
2019-04-24,17.7,17.7,17.7,17.7,0.0,0.0,36150299.0
2019-04-25,17.7,17.7,17.7,17.7,0.0,0.0,36150299.0
2019-04-26,13.35184,13.35184,17.7,9.00368,1.0,280.0,36150299.0
2019-04-29,17.7,17.7,17.7,17.7,0.0,0.0,36150299.0
2019-04-30,17.7,17.7,17.7,17.7,0.0,0.0,36150299.0
2019-05-01,17.7,17.7,17.7,17.7,0.0,0.0,36150299.0
2019-05-02,17.7,17.7,17.7,17.7,0.0,0.0,36150299.0
2019-05-03,17.7,17.7,17.7,17.7,0.0,0.0,36150299.0
2019-05-06,17.7,17.7,17.7,17.7,0.0,0.0,36150299.0
2019-05-07,17.7,17.7,17.7,17.7,0.0,0.0,36150299.0
2019-05-08,17.7,17.7,17.7,17.7,0.0,0.0,36150299.0
2019-05-09,17.7,17.7,17.7,17.7,0.0,0.0,36150299.0
2019-05-10,14.00927,14.00927,17.7,10.318540000000002,1.0,213.0,36151183.0
2019-05-13,17.7,17.7,17.7,17.7,0.0,0.0,36151183.0
2019-05-14,17.7,17.7,17.7,17.7,0.0,0.0,36151183.0
2019-05-15,17.7,17.7,17.7,17.7,0.0,0.0,36151183.0
2019-05-16,17.7,17.7,17.7,17.7,0.0,0.0,36151183.0
2019-05-17,17.7,17.7,17.7,17.7,0.0,0.0,36151183.0
2019-05-20,17.7,17.7,17.7,17.7,0.0,0.0,36151183.0
2019-05-21,17.7,17.7,17.7,17.7,0.0,0.0,36151183.0
2019-05-22,17.7,17.7,17.7,17.7,0.0,0.0,36151183.0
2019-05-23,17.7,17.7,17.7,17.7,0.0,0.0,36151183.0
2019-05-24,17.7,17.7,17.7,17.7,0.0,0.0,36151183.0
2019-05-27,17.7,17.7,17.7,17.7,0.0,0.0,36151183.0
2019-05-28,17.7,17.7,17.7,17.7,0.0,0.0,36151183.0
2019-05-29,12.49108,12.49108,17.7,7.282160000000001,1.0,75.0,36151183.0
2019-05-30,17.7,17.7,17.7,17.7,0.0,0.0,36151183.0
2019-05-31,17.7,17.7,17.7,17.7,0.0,0.0,36151183.0
2019-06-03,17.7,17.7,17.7,17.7,0.0,0.0,36151183.0
2019-06-04,12.16415,12.16415,17.7,6.628299999999999,1.0,209.0,36151183.0
2019-06-05,17.7,17.7,17.7,17.7,0.0,0.0,36151183.0
2019-06-06,17.7,17.7,17.7,17.7,0.0,0.0,36151183.0
2019-06-07,17.7,17.7,17.7,17.7,0.0,0.0,36151183.0
2019-06-10,17.7,17.7,17.7,17.7,0.0,0.0,36151183.0
2019-06-11,12.51334,12.51334,17.7,7.32668,1.0,83.0,36151183.0
2019-06-12,17.7,17.7,17.7,17.7,0.0,0.0,36151183.0
2019-06-13,17.7,17.7,17.7,17.7,0.0,0.0,36151183.0
2019-06-14,17.7,17.7,17.7,17.7,0.0,0.0,36151183.0
2019-06-17,17.7,17.7,17.7,17.7,0.0,0.0,36151183.0
2019-06-18,17.7,17.7,17.7,17.7,0.0,0.0,36151183.0
2019-06-19,12.10043,12.10043,17.7,6.500859999999999,1.0,9.0,36151183.0
2019-06-20,17.7,17.7,17.7,17.7,0.0,0.0,36151183.0
2019-06-21,17.7,17.7,17.7,17.7,0.0,0.0,36151183.0
2019-06-24,11.8429,11.8429,17.7,5.985800000000001,1.0,42.0,36151183.0
2019-06-25,11.90563,11.87929,17.7,6.08492,2.0,320.0,36151183.0
2019-06-26,17.7,17.7,17.7,17.7,0.0,0.0,36151183.0
2019-06-27,17.7,17.7,17.7,17.7,0.0,0.0,36151183.0
2019-06-28,17.7,17.7,17.7,17.7,0.0,0.0,36151183.0
2019-07-01,17.7,17.7,17.7,17.7,0.0,0.0,36151183.0
2019-07-02,17.7,17.7,17.7,17.7,0.0,0.0,36151183.0
2019-07-03,17.7,17.7,17.7,17.7,0.0,0.0,36151183.0
2019-07-04,17.7,17.7,17.7,17.7,0.0,0.0,36151183.0
2019-07-05,17.7,17.7,17.7,17.7,0.0,0.0,36151183.0
2019-07-08,17.7,17.7,17.7,17.7,0.0,0.0,36151183.0
2019-07-09,17.7,17.7,17.7,17.7,0.0,0.0,36151183.0
2019-07-10,11.96275,11.96275,17.7,6.2255,1.0,130.0,36147204.0
2019-07-11,17.7,17.7,17.7,17.7,0.0,0.0,36147204.0
2019-07-12,17.7,17.7,17.7,17.7,0.0,0.0,36147204.0
2019-07-15,17.7,17.7,17.7,17.7,0.0,0.0,36147204.0
2019-07-16,17.7,17.7,17.7,17.7,0.0,0.0,36147204.0
2019-07-17,11.85853,11.85853,17.7,6.017060000000001,1.0,9.0,36147204.0
2019-07-18,17.7,17.7,17.7,17.7,0.0,0.0,36147204.0
2019-07-19,11.91888,11.91888,17.7,6.13776,1.0,603.0,36147204.0
2019-07-22,17.7,17.7,17.7,17.7,0.0,0.0,36147204.0
2019-07-23,17.7,17.7,17.7,17.7,0.0,0.0,36147204.0
2019-07-24,17.7,17.7,17.7,17.7,0.0,0.0,36147204.0
2019-07-25,17.7,17.7,17.7,17.7,0.0,0.0,36147204.0
2019-07-26,17.7,17.7,17.7,17.7,0.0,0.0,36147204.0
2019-07-29,17.7,17.7,17.7,17.7,0.0,0.0,36147204.0
2019-07-30,17.7,17.7,17.7,17.7,0.0,0.0,36147204.0
2019-07-31,17.7,17.7,17.7,17.7,0.0,0.0,36147204.0
2019-08-01,17.7,17.7,17.7,17.7,0.0,0.0,36147204.0
2019-08-02,17.7,17.7,17.7,17.7,0.0,0.0,36147204.0
2019-08-05,17.7,17.7,17.7,17.7,0.0,0.0,36147204.0
2019-08-06,17.7,17.7,17.7,17.7,0.0,0.0,36147204.0
2019-08-07,17.7,17.7,17.7,17.7,0.0,0.0,36147204.0
2019-08-08,11.85316,11.85316,17.7,6.006320000000002,1.0,106.0,36165224.0
2019-08-09,11.87989,11.87989,17.7,6.05978,1.0,158.0,36165224.0
2019-08-12,11.68206,11.68206,17.7,5.6641200000000005,1.0,292.0,36165224.0
2019-08-13,17.7,17.7,17.7,17.7,0.0,0.0,36165224.0
2019-08-14,17.7,17.7,17.7,17.7,0.0,0.0,36165224.0
2019-08-15,17.7,17.7,17.7,17.7,0.0,0.0,36165224.0
2019-08-16,17.7,17.7,17.7,17.7,0.0,0.0,36165224.0
2019-08-19,17.7,17.7,17.7,17.7,0.0,0.0,36165224.0
2019-08-20,17.7,17.7,17.7,17.7,0.0,0.0,36165224.0
2019-08-21,17.7,17.7,17.7,17.7,0.0,0.0,36165224.0
2019-08-22,17.7,17.7,17.7,17.7,0.0,0.0,36165224.0
2019-08-23,17.7,17.7,17.7,17.7,0.0,0.0,36165224.0
2019-08-26,17.7,17.7,17.7,17.7,0.0,0.0,36165224.0
2019-08-27,10.52409,10.52409,17.7,3.3481799999999993,1.0,62.0,36165224.0
2019-08-28,17.7,17.7,17.7,17.7,0.0,0.0,36165224.0
2019-08-29,10.36899,10.36899,17.7,3.037980000000001,1.0,57.0,36165224.0
2019-08-30,17.7,17.7,17.7,17.7,0.0,0.0,36165224.0
2019-09-02,17.7,17.7,17.7,17.7,0.0,0.0,36165224.0
2019-09-03,17.7,17.7,17.7,17.7,0.0,0.0,36165224.0
2019-09-04,17.7,17.7,17.7,17.7,0.0,0.0,36165224.0
2019-09-05,17.7,17.7,17.7,17.7,0.0,0.0,36165224.0
2019-09-06,17.7,17.7,17.7,17.7,0.0,0.0,36165224.0
2019-09-09,17.7,17.7,17.7,17.7,0.0,0.0,36165224.0
2019-09-10,17.7,17.7,17.7,17.7,0.0,0.0,36165224.0
2019-09-11,17.7,17.7,17.7,17.7,0.0,0.0,36165224.0
2019-09-12,17.7,17.7,17.7,17.7,0.0,0.0,36165224.0
2019-09-13,17.7,17.7,17.7,17.7,0.0,0.0,36165224.0
2019-09-16,17.7,17.7,17.7,17.7,0.0,0.0,36165224.0
2019-09-17,17.7,17.7,17.7,17.7,0.0,0.0,36165224.0
2019-09-18,17.7,17.7,17.7,17.7,0.0,0.0,36165224.0
2019-09-19,17.7,17.7,17.7,17.7,0.0,0.0,36165224.0
2019-09-20,17.7,17.7,17.7,17.7,0.0,0.0,36165224.0
2019-09-23,11.1279,11.12003,17.7,4.547930000000001,2.0,236.0,36165224.0
2019-09-24,17.7,17.7,17.7,17.7,0.0,0.0,36165224.0
2019-09-25,10.95795,10.95795,17.7,4.215900000000001,1.0,79.0,36165224.0
2019-09-26,17.7,17.7,17.7,17.7,0.0,0.0,36165224.0
2019-09-27,17.7,17.7,17.7,17.7,0.0,0.0,36165224.0
2019-09-30,17.7,17.7,17.7,17.7,0.0,0.0,36165224.0
2019-10-01,17.7,17.7,17.7,17.7,0.0,0.0,36165224.0
2019-10-02,17.7,17.7,17.7,17.7,0.0,0.0,36165224.0
2019-10-03,17.7,17.7,17.7,17.7,0.0,0.0,36165224.0
2019-10-04,17.7,17.7,17.7,17.7,0.0,0.0,36165224.0
2019-10-07,10.54678,10.54678,17.7,3.393560000000001,1.0,268.0,36197137.0
2019-10-08,10.33214,10.33214,17.7,2.9642800000000022,1.0,400.0,36197137.0
2019-10-09,17.7,17.7,17.7,17.7,0.0,0.0,36197137.0
2019-10-10,17.7,17.7,17.7,17.7,0.0,0.0,36197137.0
2019-10-11,17.7,17.7,17.7,17.7,0.0,0.0,36197137.0
2019-10-14,17.7,17.7,17.7,17.7,0.0,0.0,36197137.0
2019-10-15,17.7,17.7,17.7,17.7,0.0,0.0,36197137.0
2019-10-16,17.7,17.7,17.7,17.7,0.0,0.0,36197137.0
2019-10-17,10.90108,10.89975,17.7,4.100829999999998,2.0,250.0,36197137.0
2019-10-18,11.32759,11.32759,17.7,4.955180000000002,1.0,125.0,36197137.0
2019-10-21,17.7,17.7,17.7,17.7,0.0,0.0,36197137.0
2019-10-22,17.7,17.7,17.7,17.7,0.0,0.0,36197137.0
2019-10-23,10.99775,10.99775,17.7,4.2955000000000005,2.0,119.0,36197137.0
2019-10-24,17.7,17.7,17.7,17.7,0.0,0.0,36197137.0
2019-10-25,17.7,17.7,17.7,17.7,0.0,0.0,36197137.0
2019-10-28,17.7,17.7,17.7,17.7,0.0,0.0,36197137.0
2019-10-29,17.7,17.7,17.7,17.7,0.0,0.0,36197137.0
2019-10-30,17.7,17.7,17.7,17.7,0.0,0.0,36197137.0
2019-10-31,17.7,17.7,17.7,17.7,0.0,0.0,36197137.0
2019-11-01,17.7,17.7,17.7,17.7,0.0,0.0,36197137.0
2019-11-04,17.7,17.7,17.7,17.7,0.0,0.0,36197137.0
2019-11-05,17.7,17.7,17.7,17.7,0.0,0.0,36197137.0
2019-11-06,9.28833,9.28833,17.7,0.8766600000000011,1.0,89.0,36197137.0
2019-11-07,17.7,17.7,17.7,17.7,0.0,0.0,36197137.0
2019-11-08,17.7,17.7,17.7,17.7,0.0,0.0,36197137.0
2019-11-11,8.24422,8.24422,17.7,-1.2115599999999986,1.0,389.0,36223139.0
2019-11-12,17.7,17.7,17.7,17.7,0.0,0.0,36223139.0
2019-11-13,17.7,17.7,17.7,17.7,0.0,0.0,36223139.0
2019-11-14,17.7,17.7,17.7,17.7,0.0,0.0,36223139.0
2019-11-15,7.77982,7.77982,17.7,-2.1403599999999994,1.0,461.0,36223139.0
2019-11-18,17.7,17.7,17.7,17.7,0.0,0.0,36223139.0
2019-11-19,17.7,17.7,17.7,17.7,0.0,0.0,36223139.0
2019-11-20,17.7,17.7,17.7,17.7,0.0,0.0,36223139.0
2019-11-21,17.7,17.7,17.7,17.7,0.0,0.0,36223139.0
2019-11-22,17.7,17.7,17.7,17.7,0.0,0.0,36223139.0
2019-11-25,17.7,17.7,17.7,17.7,0.0,0.0,36223139.0
2019-11-26,17.7,17.7,17.7,17.7,0.0,0.0,36223139.0
2019-11-27,17.7,17.7,17.7,17.7,0.0,0.0,36223139.0
2019-11-28,8.65576,8.65576,17.7,-0.3884799999999977,1.0,14.0,36223139.0
2019-11-29,17.7,17.7,17.7,17.7,0.0,0.0,36223139.0
2019-12-02,17.7,17.7,17.7,17.7,0.0,0.0,36223139.0
2019-12-03,17.7,17.7,17.7,17.7,0.0,0.0,36223139.0
2019-12-04,17.7,17.7,17.7,17.7,0.0,0.0,36223139.0
2019-12-05,17.7,17.7,17.7,17.7,0.0,0.0,36223139.0
2019-12-06,17.7,17.7,17.7,17.7,0.0,0.0,36223139.0
2019-12-09,17.7,17.7,17.7,17.7,0.0,0.0,36223139.0
2019-12-10,17.7,17.7,17.7,17.7,0.0,0.0,36223139.0
2019-12-11,17.7,17.7,17.7,17.7,0.0,0.0,36223139.0
2019-12-12,17.7,17.7,17.7,17.7,0.0,0.0,36223139.0
2019-12-13,17.7,17.7,17.7,17.7,0.0,0.0,36223139.0
2019-12-16,17.7,17.7,17.7,17.7,0.0,0.0,36223139.0
2019-12-17,17.7,17.7,17.7,17.7,0.0,0.0,36223139.0
2019-12-18,17.7,17.7,17.7,17.7,0.0,0.0,36223139.0
2019-12-19,17.7,17.7,17.7,17.7,0.0,0.0,36223139.0
2019-12-20,17.7,17.7,17.7,17.7,0.0,0.0,36223139.0
2019-12-23,17.7,17.7,17.7,17.7,0.0,0.0,36223139.0
2019-12-24,17.7,17.7,17.7,17.7,0.0,0.0,36223139.0
2019-12-27,17.7,17.7,17.7,17.7,0.0,0.0,36223139.0
2019-12-30,17.7,17.7,17.7,17.7,0.0,0.0,36223139.0
2019-12-31,17.7,17.7,17.7,17.7,0.0,0.0,36223139.0
2020-01-02,17.7,17.7,17.7,17.7,0.0,0.0,36223139.0
2020-01-03,17.7,17.7,17.7,17.7,0.0,0.0,36223139.0
2020-01-06,17.7,17.7,17.7,17.7,0.0,0.0,36223139.0
2020-01-07,17.7,17.7,17.7,17.7,0.0,0.0,36223139.0
2020-01-08,17.7,17.7,17.7,17.7,0.0,0.0,36223139.0
2020-01-09,17.7,17.7,17.7,17.7,0.0,0.0,36223139.0
2020-01-10,17.7,17.7,17.7,17.7,0.0,0.0,36223139.0
2020-01-13,17.7,17.7,17.7,17.7,0.0,0.0,36223139.0
2020-01-14,17.7,17.7,17.7,17.7,0.0,0.0,36223139.0
2020-01-15,17.7,17.7,17.7,17.7,0.0,0.0,36223139.0
2020-01-16,17.7,17.7,17.7,17.7,0.0,0.0,36223139.0
2020-01-17,10.25286,10.25286,17.7,2.805720000000001,1.0,530.0,36233361.0
2020-01-20,10.05854,10.05854,17.7,2.417080000000002,1.0,150.0,36233361.0
2020-01-21,17.7,17.7,17.7,17.7,0.0,0.0,36233361.0
2020-01-22,10.04035,10.04035,17.7,2.380700000000001,1.0,70.0,36233361.0
2020-01-23,17.7,17.7,17.7,17.7,0.0,0.0,36233361.0
2020-01-24,17.7,17.7,17.7,17.7,0.0,0.0,36233361.0
2020-01-27,9.92256,9.92256,17.7,2.145120000000002,1.0,128.0,36233361.0
2020-01-28,17.7,17.7,17.7,17.7,0.0,0.0,36233361.0
2020-01-29,17.7,17.7,17.7,17.7,0.0,0.0,36233361.0
2020-01-30,9.5946,9.5946,17.7,1.4892000000000003,1.0,52.0,36233361.0
2020-01-31,9.78652,9.78652,17.7,1.8730399999999996,1.0,61.0,36233361.0
2020-02-03,17.7,17.7,17.7,17.7,0.0,0.0,36233361.0
2020-02-04,17.7,17.7,17.7,17.7,0.0,0.0,36233361.0
2020-02-05,17.7,17.7,17.7,17.7,0.0,0.0,36233361.0
2020-02-06,17.7,17.7,17.7,17.7,0.0,0.0,36233361.0
2020-02-07,17.7,17.7,17.7,17.7,0.0,0.0,36233361.0
2020-02-10,17.7,17.7,17.7,17.7,0.0,0.0,36233361.0
2020-02-11,17.7,17.7,17.7,17.7,0.0,0.0,36233361.0
2020-02-12,17.7,17.7,17.7,17.7,0.0,0.0,36233361.0
2020-02-13,17.7,17.7,17.7,17.7,0.0,0.0,36233361.0
2020-02-14,17.7,17.7,17.7,17.7,0.0,0.0,36233361.0
2020-02-17,17.7,17.7,17.7,17.7,0.0,0.0,36233361.0
2020-02-18,8.93528,8.93528,17.7,0.17056000000000182,1.0,304.0,36233361.0
2020-02-19,17.7,17.7,17.7,17.7,0.0,0.0,36233361.0
2020-02-20,17.7,17.7,17.7,17.7,0.0,0.0,36233361.0
2020-02-21,17.7,17.7,17.7,17.7,0.0,0.0,36233361.0
2020-02-24,17.7,17.7,17.7,17.7,0.0,0.0,36233361.0
2020-02-25,17.7,17.7,17.7,17.7,0.0,0.0,36233361.0
2020-02-26,17.7,17.7,17.7,17.7,0.0,0.0,36233361.0
2020-02-27,17.7,17.7,17.7,17.7,0.0,0.0,36233361.0
2020-02-28,17.7,17.7,17.7,17.7,0.0,0.0,36233361.0
2020-03-02,17.7,17.7,17.7,17.7,0.0,0.0,36233361.0
2020-03-03,7.61132,7.61132,17.7,-2.477359999999999,1.0,135.0,36233361.0
2020-03-04,17.7,17.7,17.7,17.7,0.0,0.0,36233361.0
2020-03-05,17.7,17.7,17.7,17.7,0.0,0.0,36233361.0
2020-03-06,17.7,17.7,17.7,17.7,0.0,0.0,36233361.0
2020-03-09,6.92446,6.92446,17.7,-3.8510799999999996,1.0,142.0,36233361.0
2020-03-10,17.7,17.7,17.7,17.7,0.0,0.0,36233361.0
2020-03-11,17.7,17.7,17.7,17.7,0.0,0.0,36233361.0
2020-03-12,5.97006,5.97006,17.7,-5.759879999999999,1.0,57.0,36233361.0
2020-03-13,17.7,17.7,17.7,17.7,0.0,0.0,36233361.0
2020-03-16,17.7,17.7,17.7,17.7,0.0,0.0,36233361.0
2020-03-17,17.7,17.7,17.7,17.7,0.0,0.0,36233361.0
2020-03-18,17.7,17.7,17.7,17.7,0.0,0.0,36233361.0
2020-03-19,17.7,17.7,17.7,17.7,0.0,0.0,36233361.0
2020-03-20,17.7,17.7,17.7,17.7,0.0,0.0,36233361.0
2020-03-23,17.7,17.7,17.7,17.7,0.0,0.0,36233361.0
2020-03-24,17.7,17.7,17.7,17.7,0.0,0.0,36233361.0
2020-03-25,17.7,17.7,17.7,17.7,0.0,0.0,36233361.0
2020-03-26,17.7,17.7,17.7,17.7,0.0,0.0,36233361.0
2020-03-27,5.4931,5.4931,17.7,-6.713799999999999,1.0,276.0,36233361.0
2020-03-30,17.7,17.7,17.7,17.7,0.0,0.0,36233361.0
2020-03-31,5.68528,5.68528,17.7,-6.32944,1.0,76.0,36336792.0
2020-04-01,17.7,17.7,17.7,17.7,0.0,0.0,36336792.0
2020-04-02,17.7,17.7,17.7,17.7,0.0,0.0,36336792.0
2020-04-03,17.7,17.7,17.7,17.7,0.0,0.0,36336792.0
2020-04-06,17.7,17.7,17.7,17.7,0.0,0.0,36336792.0
2020-04-07,17.7,17.7,17.7,17.7,0.0,0.0,36336792.0
2020-04-08,17.7,17.7,17.7,17.7,0.0,0.0,36336792.0
2020-04-09,17.7,17.7,17.7,17.7,0.0,0.0,36336792.0
2020-04-14,17.7,17.7,17.7,17.7,0.0,0.0,36336792.0
2020-04-15,17.7,17.7,17.7,17.7,0.0,0.0,36336792.0
2020-04-16,17.7,17.7,17.7,17.7,0.0,0.0,36336792.0
2020-04-17,7.55652,7.55652,17.7,-2.5869599999999995,1.0,64.0,36336792.0
2020-04-20,8.46611,8.46611,17.7,-0.7677799999999984,1.0,36.0,36336792.0
2020-04-21,17.7,17.7,17.7,17.7,0.0,0.0,36336792.0
2020-04-22,17.7,17.7,17.7,17.7,0.0,0.0,36336792.0
2020-04-23,17.7,17.7,17.7,17.7,0.0,0.0,36336792.0
2020-04-24,17.7,17.7,17.7,17.7,0.0,0.0,36336792.0
2020-04-27,17.7,17.7,17.7,17.7,0.0,0.0,36336792.0
2020-04-28,17.7,17.7,17.7,17.7,0.0,0.0,36336792.0
2020-04-29,17.7,17.7,17.7,17.7,0.0,0.0,36336792.0
2020-04-30,17.7,17.7,17.7,17.7,0.0,0.0,36336792.0
2020-05-01,17.7,17.7,17.7,17.7,0.0,0.0,36336792.0
2020-05-04,17.7,17.7,17.7,17.7,0.0,0.0,36336792.0
2020-05-05,8.89351,8.89351,17.7,0.08701999999999899,1.0,350.0,36336792.0
2020-05-06,17.7,17.7,17.7,17.7,0.0,0.0,36336792.0
2020-05-07,17.7,17.7,17.7,17.7,0.0,0.0,36336792.0
2020-05-08,17.7,17.7,17.7,17.7,0.0,0.0,36336792.0
2020-05-11,17.7,17.7,17.7,17.7,0.0,0.0,36336792.0
2020-05-12,17.7,17.7,17.7,17.7,0.0,0.0,36336792.0
2020-05-13,17.7,17.7,17.7,17.7,0.0,0.0,36336792.0
2020-05-14,17.7,17.7,17.7,17.7,0.0,0.0,36336792.0
2020-05-15,17.7,17.7,17.7,17.7,0.0,0.0,36336792.0
2020-05-18,17.7,17.7,17.7,17.7,0.0,0.0,36336792.0
2020-05-19,17.7,17.7,17.7,17.7,0.0,0.0,36336792.0
2020-05-20,17.7,17.7,17.7,17.7,0.0,0.0,36336792.0
2020-05-21,17.7,17.7,17.7,17.7,0.0,0.0,36336792.0
2020-05-22,8.5489,8.5489,17.7,-0.6021999999999998,1.0,112.0,36338560.0
2020-05-25,17.7,17.7,17.7,17.7,0.0,0.0,36338560.0
2020-05-26,17.7,17.7,17.7,17.7,0.0,0.0,36338560.0
2020-05-27,17.7,17.7,17.7,17.7,0.0,0.0,36338560.0
2020-05-28,17.7,17.7,17.7,17.7,0.0,0.0,36338560.0
2020-05-29,17.7,17.7,17.7,17.7,0.0,0.0,36338560.0
2020-06-01,9.05218,9.05218,17.7,0.4043600000000005,1.0,75.0,36338560.0
2020-06-02,17.7,17.7,17.7,17.7,0.0,0.0,36338560.0
2020-06-03,17.7,17.7,17.7,17.7,0.0,0.0,36338560.0
2020-06-04,17.7,17.7,17.7,17.7,0.0,0.0,36338560.0
2020-06-05,17.7,17.7,17.7,17.7,0.0,0.0,36338560.0
2020-06-08,17.7,17.7,17.7,17.7,0.0,0.0,36338560.0
2020-06-09,17.7,17.7,17.7,17.7,0.0,0.0,36338560.0
2020-06-10,17.7,17.7,17.7,17.7,0.0,0.0,36338560.0
2020-06-11,17.7,17.7,17.7,17.7,0.0,0.0,36338560.0
2020-06-12,9.45746,9.45746,17.7,1.2149199999999993,1.0,97.0,36338560.0
2020-06-15,17.7,17.7,17.7,17.7,0.0,0.0,36338560.0
2020-06-16,17.7,17.7,17.7,17.7,0.0,0.0,36338560.0
2020-06-17,17.7,17.7,17.7,17.7,0.0,0.0,36338560.0
2020-06-18,17.7,17.7,17.7,17.7,0.0,0.0,36338560.0
2020-06-19,17.7,17.7,17.7,17.7,0.0,0.0,36338560.0
2020-06-22,17.7,17.7,17.7,17.7,0.0,0.0,36338560.0
2020-06-23,17.7,17.7,17.7,17.7,0.0,0.0,36338560.0
2020-06-24,17.7,17.7,17.7,17.7,0.0,0.0,36338560.0
2020-06-25,17.7,17.7,17.7,17.7,0.0,0.0,36338560.0
2020-06-26,17.7,17.7,17.7,17.7,0.0,0.0,36338560.0
2020-06-29,17.7,17.7,17.7,17.7,0.0,0.0,36338560.0
2020-06-30,17.7,17.7,17.7,17.7,0.0,0.0,36338560.0
2020-07-01,17.7,17.7,17.7,17.7,0.0,0.0,36338560.0
2020-07-02,17.7,17.7,17.7,17.7,0.0,0.0,36338560.0
2020-07-03,17.7,17.7,17.7,17.7,0.0,0.0,36338560.0
2020-07-06,17.7,17.7,17.7,17.7,0.0,0.0,36338560.0
2020-07-07,17.7,17.7,17.7,17.7,0.0,0.0,36338560.0
2020-07-08,17.7,17.7,17.7,17.7,0.0,0.0,36338560.0
2020-07-09,17.7,17.7,17.7,17.7,0.0,0.0,36338560.0
2020-07-10,8.68022,8.68022,17.7,-0.33955999999999875,1.0,27.0,36345691.0
2020-07-13,17.7,17.7,17.7,17.7,0.0,0.0,36345691.0
2020-07-14,17.7,17.7,17.7,17.7,0.0,0.0,36345691.0
2020-07-15,17.7,17.7,17.7,17.7,0.0,0.0,36345691.0
2020-07-16,17.7,17.7,17.7,17.7,0.0,0.0,36345691.0
2020-07-17,17.7,17.7,17.7,17.7,0.0,0.0,36345691.0
2020-07-20,17.7,17.7,17.7,17.7,0.0,0.0,36345691.0
2020-07-21,17.7,17.7,17.7,17.7,0.0,0.0,36345691.0
2020-07-22,17.7,17.7,17.7,17.7,0.0,0.0,36345691.0
2020-07-23,9.43068,9.43068,17.7,1.161360000000002,1.0,9.0,36345691.0
2020-07-24,17.7,17.7,17.7,17.7,0.0,0.0,36345691.0
2020-07-27,17.7,17.7,17.7,17.7,0.0,0.0,36345691.0
2020-07-28,17.7,17.7,17.7,17.7,0.0,0.0,36345691.0
2020-07-29,17.7,17.7,17.7,17.7,0.0,0.0,36345691.0
2020-07-30,13.41778,13.41778,17.7,9.135560000000002,1.0,86.0,36345691.0
2020-07-31,17.7,17.7,17.7,17.7,0.0,0.0,36345691.0
2020-08-03,17.7,17.7,17.7,17.7,0.0,0.0,36345691.0
2020-08-04,17.7,17.7,17.7,17.7,0.0,0.0,36345691.0
2020-08-05,13.19152,13.19152,17.7,8.683040000000002,1.0,497.0,36345691.0
2020-08-06,17.7,17.7,17.7,17.7,0.0,0.0,36345691.0
2020-08-07,17.7,17.7,17.7,17.7,0.0,0.0,36345691.0
2020-08-10,17.7,17.7,17.7,17.7,0.0,0.0,36345691.0
2020-08-11,17.7,17.7,17.7,17.7,0.0,0.0,36345691.0
2020-08-12,17.7,17.7,17.7,17.7,0.0,0.0,36345691.0
2020-08-13,17.7,17.7,17.7,17.7,0.0,0.0,36345691.0
2020-08-14,17.7,17.7,17.7,17.7,0.0,0.0,36345691.0
2020-08-17,17.7,17.7,17.7,17.7,0.0,0.0,36345691.0
2020-08-18,17.7,17.7,17.7,17.7,0.0,0.0,36345691.0
2020-08-19,17.7,17.7,17.7,17.7,0.0,0.0,36345691.0
2020-08-20,17.7,17.7,17.7,17.7,0.0,0.0,36345691.0
2020-08-21,17.7,17.7,17.7,17.7,0.0,0.0,36345691.0
2020-08-24,17.7,17.7,17.7,17.7,0.0,0.0,36345691.0
2020-08-25,17.7,17.7,17.7,17.7,0.0,0.0,36345691.0
2020-08-26,12.73971,12.73971,17.7,7.779420000000002,1.0,500.0,36364116.0
2020-08-27,17.7,17.7,17.7,17.7,0.0,0.0,36364116.0
2020-08-28,17.7,17.7,17.7,17.7,0.0,0.0,36364116.0
2020-08-31,17.7,17.7,17.7,17.7,0.0,0.0,36364116.0
2020-09-01,17.7,17.7,17.7,17.7,0.0,0.0,36364116.0
2020-09-02,12.37093,12.29954,17.7,6.970470000000002,2.0,549.0,36364116.0
2020-09-03,17.7,17.7,17.7,17.7,0.0,0.0,36364116.0
2020-09-04,17.7,17.7,17.7,17.7,0.0,0.0,36364116.0
2020-09-07,17.7,17.7,17.7,17.7,0.0,0.0,36364116.0
2020-09-08,17.7,17.7,17.7,17.7,0.0,0.0,36364116.0
2020-09-09,17.7,17.7,17.7,17.7,0.0,0.0,36364116.0
2020-09-10,17.7,17.7,17.7,17.7,0.0,0.0,36364116.0
2020-09-11,17.7,17.7,17.7,17.7,0.0,0.0,36364116.0
2020-09-14,17.7,17.7,17.7,17.7,0.0,0.0,36364116.0
2020-09-15,17.7,17.7,17.7,17.7,0.0,0.0,36364116.0
2020-09-16,17.7,17.7,17.7,17.7,0.0,0.0,36364116.0
2020-09-17,17.7,17.7,17.7,17.7,0.0,0.0,36364116.0
2020-09-18,17.7,17.7,17.7,17.7,0.0,0.0,36364116.0
2020-09-21,17.7,17.7,17.7,17.7,0.0,0.0,36364116.0
2020-09-22,17.7,17.7,17.7,17.7,0.0,0.0,36364116.0
2020-09-23,17.7,17.7,17.7,17.7,0.0,0.0,36364116.0
2020-09-24,17.7,17.7,17.7,17.7,0.0,0.0,36364116.0
2020-09-25,17.7,17.7,17.7,17.7,0.0,0.0,36364116.0
2020-09-28,17.7,17.7,17.7,17.7,0.0,0.0,36364116.0
2020-09-29,17.7,17.7,17.7,17.7,0.0,0.0,36364116.0
2020-09-30,17.7,17.7,17.7,17.7,0.0,0.0,36364116.0
2020-10-01,17.7,17.7,17.7,17.7,0.0,0.0,36364116.0
2020-10-02,17.7,17.7,17.7,17.7,0.0,0.0,36364116.0
2020-10-05,17.7,17.7,17.7,17.7,0.0,0.0,36364116.0
2020-10-06,17.7,17.7,17.7,17.7,0.0,0.0,36364116.0
2020-10-07,17.7,17.7,17.7,17.7,0.0,0.0,36364116.0
2020-10-08,17.7,17.7,17.7,17.7,0.0,0.0,36364116.0
2020-10-09,17.7,17.7,17.7,17.7,0.0,0.0,36364116.0
2020-10-12,17.7,17.7,17.7,17.7,0.0,0.0,36364116.0
2020-10-13,17.7,17.7,17.7,17.7,0.0,0.0,36364116.0
2020-10-14,17.7,17.7,17.7,17.7,0.0,0.0,36364116.0
2020-10-15,17.7,17.7,17.7,17.7,0.0,0.0,36364116.0
2020-10-16,17.7,17.7,17.7,17.7,0.0,0.0,36364116.0
2020-10-19,17.7,17.7,17.7,17.7,0.0,0.0,36364116.0
2020-10-20,17.7,17.7,17.7,17.7,0.0,0.0,36364116.0
2020-10-21,17.7,17.7,17.7,17.7,0.0,0.0,36364116.0
2020-10-22,17.7,17.7,17.7,17.7,0.0,0.0,36364116.0
2020-10-23,17.7,17.7,17.7,17.7,0.0,0.0,36364116.0
2020-10-26,17.7,17.7,17.7,17.7,0.0,0.0,36364116.0
2020-10-27,17.7,17.7,17.7,17.7,0.0,0.0,36364116.0
2020-10-28,17.7,17.7,17.7,17.7,0.0,0.0,36364116.0
2020-10-29,17.7,17.7,17.7,17.7,0.0,0.0,36364116.0
2020-10-30,17.7,17.7,17.7,17.7,0.0,0.0,36364116.0
2020-11-02,17.7,17.7,17.7,17.7,0.0,0.0,36364116.0
2020-11-03,17.7,17.7,17.7,17.7,0.0,0.0,36364116.0
2020-11-04,11.45774,11.45189,17.7,5.209630000000001,2.0,540.0,36491352.0
2020-11-05,17.7,17.7,17.7,17.7,0.0,0.0,36491352.0
2020-11-06,17.7,17.7,17.7,17.7,0.0,0.0,36491352.0
2020-11-09,17.7,17.7,17.7,17.7,0.0,0.0,36491352.0
2020-11-10,17.7,17.7,17.7,17.7,0.0,0.0,36491352.0
2020-11-11,17.7,17.7,17.7,17.7,0.0,0.0,36491352.0
2020-11-12,17.7,17.7,17.7,17.7,0.0,0.0,36491352.0
2020-11-13,17.7,17.7,17.7,17.7,0.0,0.0,36491352.0
2020-11-16,17.7,17.7,17.7,17.7,0.0,0.0,36491352.0
2020-11-17,17.7,17.7,17.7,17.7,0.0,0.0,36491352.0
2020-11-18,17.7,17.7,17.7,17.7,0.0,0.0,36491352.0
2020-11-19,17.7,17.7,17.7,17.7,0.0,0.0,36491352.0
2020-11-20,17.7,17.7,17.7,17.7,0.0,0.0,36491352.0
2020-11-23,17.7,17.7,17.7,17.7,0.0,0.0,36491352.0
2020-11-24,17.7,17.7,17.7,17.7,0.0,0.0,36491352.0
2020-11-25,17.7,17.7,17.7,17.7,0.0,0.0,36491352.0
2020-11-26,17.7,17.7,17.7,17.7,0.0,0.0,36491352.0
2020-11-27,14.45,14.45,17.7,11.2,1.0,180.0,36491352.0
2020-11-30,17.7,17.7,17.7,17.7,0.0,0.0,36491352.0
2020-12-01,17.7,17.7,17.7,17.7,0.0,0.0,36491352.0
2020-12-02,17.7,17.7,17.7,17.7,0.0,0.0,36491352.0
2020-12-03,17.7,17.7,17.7,17.7,0.0,0.0,36491352.0
2020-12-04,17.7,17.7,17.7,17.7,0.0,0.0,36491352.0
2020-12-07,17.7,17.7,17.7,17.7,0.0,0.0,36491352.0
2020-12-08,15.47657,15.47657,17.7,13.253140000000002,1.0,83.0,36491352.0
2020-12-09,17.7,17.7,17.7,17.7,0.0,0.0,36491352.0
2020-12-10,17.7,17.7,17.7,17.7,0.0,0.0,36491352.0
2020-12-11,17.7,17.7,17.7,17.7,0.0,0.0,36491352.0
2020-12-14,17.7,17.7,17.7,17.7,0.0,0.0,36491352.0
2020-12-15,17.7,17.7,17.7,17.7,0.0,0.0,36491352.0
2020-12-16,17.7,17.7,17.7,17.7,0.0,0.0,36491352.0
2020-12-17,17.7,17.7,17.7,17.7,0.0,0.0,36491352.0
2020-12-18,17.7,17.7,17.7,17.7,0.0,0.0,36491352.0
2020-12-21,17.7,17.7,17.7,17.7,0.0,0.0,36491352.0
2020-12-22,17.7,17.7,17.7,17.7,0.0,0.0,36491352.0
2020-12-23,17.7,17.7,17.7,17.7,0.0,0.0,36491352.0
2020-12-24,17.7,17.7,17.7,17.7,0.0,0.0,36491352.0
2020-12-28,17.7,17.7,17.7,17.7,0.0,0.0,36491352.0
2020-12-29,17.7,17.7,17.7,17.7,0.0,0.0,36491352.0
2020-12-30,17.7,17.7,17.7,17.7,0.0,0.0,36491352.0
2020-12-31,17.7,17.7,17.7,17.7,0.0,0.0,36491352.0
2021-01-04,17.7,17.7,17.7,17.7,0.0,0.0,36491352.0
2021-01-05,17.7,17.7,17.7,17.7,0.0,0.0,36491352.0
2021-01-06,15.17202,15.17202,17.7,12.64404,1.0,291.0,36491352.0
2021-01-07,17.7,17.7,17.7,17.7,0.0,0.0,36491352.0
2021-01-08,17.7,17.7,17.7,17.7,0.0,0.0,36491352.0
2021-01-11,17.7,17.7,17.7,17.7,0.0,0.0,36491352.0
2021-01-12,17.7,17.7,17.7,17.7,0.0,0.0,36491352.0
2021-01-13,17.7,17.7,17.7,17.7,0.0,0.0,36491352.0
2021-01-14,17.7,17.7,17.7,17.7,0.0,0.0,36491352.0
2021-01-15,17.7,17.7,17.7,17.7,0.0,0.0,36491352.0
2021-01-18,17.7,17.7,17.7,17.7,0.0,0.0,36491352.0
2021-01-19,17.7,17.7,17.7,17.7,0.0,0.0,36491352.0
2021-01-20,17.7,17.7,17.7,17.7,0.0,0.0,36491352.0
2021-01-21,17.7,17.7,17.7,17.7,0.0,0.0,36491352.0
2021-01-22,20.8465,20.225,17.7,23.3715,5.0,410.0,36491352.0
2021-01-25,17.7,17.7,17.7,17.7,0.0,0.0,36491352.0
2021-01-26,17.7,17.7,17.7,17.7,0.0,0.0,36491352.0
2021-01-27,17.7,17.7,17.7,17.7,0.0,0.0,36491352.0
2021-01-28,17.7,17.7,17.7,17.7,0.0,0.0,36491352.0
2021-01-29,17.7,17.7,17.7,17.7,0.0,0.0,36491352.0
2021-02-01,18.77,18.7685,17.7,19.8385,3.0,350.0,36491352.0
2021-02-02,17.7,17.7,17.7,17.7,0.0,0.0,36491352.0
2021-02-03,19.025,19.025,17.7,20.349999999999998,1.0,22.0,36491352.0
2021-02-04,17.7,17.7,17.7,17.7,0.0,0.0,36491352.0
2021-02-05,17.7,17.7,17.7,17.7,0.0,0.0,36491352.0
2021-02-08,17.7,17.7,17.7,17.7,0.0,0.0,36491352.0
2021-02-09,17.7,17.7,17.7,17.7,0.0,0.0,36491352.0
2021-02-10,18.7865,18.7865,17.7,19.873,1.0,100.0,36491352.0
2021-02-11,17.7,17.7,17.7,17.7,0.0,0.0,36491352.0
2021-02-12,18.465,18.465,17.7,19.23,1.0,25.0,36491352.0
2021-02-15,17.7,17.7,17.7,17.7,0.0,0.0,36491352.0
2021-02-16,17.7,17.7,17.7,17.7,0.0,0.0,36491352.0
2021-02-17,17.7,17.7,17.7,17.7,0.0,0.0,36491352.0
2021-02-18,17.7,17.7,17.7,17.7,0.0,0.0,36491352.0
2021-02-19,18.7,18.7,17.7,19.7,1.0,100.0,36491352.0
2021-02-22,17.7,17.7,17.7,17.7,0.0,0.0,36491352.0
2021-02-23,17.7,17.7,17.7,17.7,0.0,0.0,36491352.0
2021-02-24,17.7,17.7,17.7,17.7,0.0,0.0,36491352.0
2021-02-25,17.7,17.7,17.7,17.7,0.0,0.0,36491352.0
2021-02-26,17.7,17.7,17.7,17.7,0.0,0.0,36491352.0
2021-03-01,17.7,17.7,17.7,17.7,0.0,0.0,36491352.0
2021-03-02,17.7,17.7,17.7,17.7,0.0,0.0,36491352.0
2021-03-03,17.7,17.7,17.7,17.7,0.0,0.0,36491352.0
2021-03-04,17.7,17.7,17.7,17.7,0.0,0.0,36491352.0
2021-03-05,17.7,17.7,17.7,17.7,0.0,0.0,36491352.0
2021-03-08,17.7,17.7,17.7,17.7,0.0,0.0,36491352.0
2021-03-09,17.7,17.7,17.7,17.7,0.0,0.0,36491352.0
2021-03-10,17.7,17.7,17.7,17.7,0.0,0.0,36491352.0
2021-03-11,17.7,17.7,17.7,17.7,0.0,0.0,36491352.0
2021-03-12,17.7,17.7,17.7,17.7,0.0,0.0,36491352.0
2021-03-15,18.25,18.04,17.7,18.59,4.0,101.0,36491352.0
2021-03-16,17.7,17.7,17.7,17.7,0.0,0.0,36491352.0
2021-03-17,17.7,17.7,17.7,17.7,0.0,0.0,36491352.0
2021-03-18,17.7,17.7,17.7,17.7,0.0,0.0,36491352.0
2021-03-19,17.7,17.7,17.7,17.7,0.0,0.0,36491352.0
2021-03-22,17.7,17.7,17.7,17.7,0.0,0.0,36491352.0
2021-03-23,16.07,14.98,17.7,13.350000000000001,3.0,45.0,36491352.0
2021-03-24,15.345,14.97,17.7,12.615000000000002,2.0,110.0,36491352.0
2021-03-25,17.7,17.7,17.7,17.7,0.0,0.0,36491352.0
2021-03-26,17.7,17.7,17.7,17.7,0.0,0.0,36491352.0
2021-03-29,17.7,17.7,17.7,17.7,0.0,0.0,36491352.0
2021-03-30,17.7,17.7,17.7,17.7,0.0,0.0,36491352.0
2021-03-31,17.7,17.7,17.7,17.7,0.0,0.0,36491352.0
2021-04-01,17.7,17.7,17.7,17.7,0.0,0.0,36491352.0
2021-04-06,17.7,17.7,17.7,17.7,0.0,0.0,36491352.0
2021-04-07,17.7,17.7,17.7,17.7,0.0,0.0,36491352.0
2021-04-08,17.7,17.7,17.7,17.7,0.0,0.0,36491352.0
2021-04-09,17.7,17.7,17.7,17.7,0.0,0.0,36491352.0
2021-04-12,17.7,17.7,17.7,17.7,0.0,0.0,36491352.0
2021-04-13,17.7,17.7,17.7,17.7,0.0,0.0,36491352.0
2021-04-14,17.7,17.7,17.7,17.7,0.0,0.0,36491352.0
2021-04-15,17.7,17.7,17.7,17.7,0.0,0.0,36491352.0
2021-04-16,17.7,17.7,17.7,17.7,0.0,0.0,36491352.0
2021-04-19,17.7,17.7,17.7,17.7,0.0,0.0,36491352.0
2021-04-20,17.7,17.7,17.7,17.7,0.0,0.0,36491352.0
2021-04-21,17.7,17.7,17.7,17.7,0.0,0.0,36491352.0
2021-04-22,17.7,17.7,17.7,17.7,0.0,0.0,36491352.0
2021-04-23,17.7,17.7,17.7,17.7,0.0,0.0,36491352.0
2021-04-26,17.7,17.7,17.7,17.7,0.0,0.0,36491352.0
2021-04-27,17.7,17.7,17.7,17.7,0.0,0.0,36491352.0
2021-04-28,17.7,17.7,17.7,17.7,0.0,0.0,36491352.0
2021-04-29,15.09,14.78,17.7,12.169999999999998,10.0,338.0,36891447.0
2021-04-30,17.7,17.7,17.7,17.7,0.0,0.0,36891447.0
2021-05-03,17.7,17.7,17.7,17.7,0.0,0.0,36891447.0
2021-05-04,17.7,17.7,17.7,17.7,0.0,0.0,36891447.0
2021-05-05,17.7,17.7,17.7,17.7,0.0,0.0,36891447.0
2021-05-06,17.7,17.7,17.7,17.7,0.0,0.0,36891447.0
2021-05-07,14.7,14.51,17.7,11.510000000000002,2.0,200.0,36891447.0
2021-05-10,17.7,17.7,17.7,17.7,0.0,0.0,36891447.0
2021-05-11,17.7,17.7,17.7,17.7,0.0,0.0,36891447.0
2021-05-12,17.7,17.7,17.7,17.7,0.0,0.0,36891447.0
2021-05-13,17.7,17.7,17.7,17.7,0.0,0.0,36891447.0
2021-05-14,14.64,14.47,17.7,11.41,3.0,280.0,36898986.0
2021-05-17,17.7,17.7,17.7,17.7,0.0,0.0,36898986.0
2021-05-18,17.7,17.7,17.7,17.7,0.0,0.0,36898986.0
2021-05-19,17.7,17.7,17.7,17.7,0.0,0.0,36898986.0
2021-05-20,17.7,17.7,17.7,17.7,0.0,0.0,36898986.0
2021-05-21,17.7,17.7,17.7,17.7,0.0,0.0,36898986.0
2021-05-24,17.7,17.7,17.7,17.7,0.0,0.0,36898986.0
2021-05-25,17.7,17.7,17.7,17.7,0.0,0.0,36898986.0
2021-05-26,17.7,17.7,17.7,17.7,0.0,0.0,36898986.0
2021-05-27,15.2995,15.2965,17.7,12.896,2.0,300.0,36898986.0
2021-05-28,17.7,17.7,17.7,17.7,0.0,0.0,36898986.0
2021-05-31,17.7,17.7,17.7,17.7,0.0,0.0,36898986.0
2021-06-01,17.7,17.7,17.7,17.7,0.0,0.0,36898986.0
2021-06-02,17.7,17.7,17.7,17.7,0.0,0.0,36898986.0
2021-06-03,17.7,17.7,17.7,17.7,0.0,0.0,36898986.0
2021-06-04,17.7,17.7,17.7,17.7,0.0,0.0,36898986.0
2021-06-07,17.7,17.7,17.7,17.7,0.0,0.0,36898986.0
2021-06-08,16.66,16.23,17.7,15.190000000000001,8.0,684.0,36898986.0
2021-06-09,17.7,17.7,17.7,17.7,0.0,0.0,36898986.0
2021-06-10,17.7,17.7,17.7,17.7,0.0,0.0,36898986.0
2021-06-11,16.715,16.715,17.7,15.73,1.0,98.0,36898986.0
2021-06-14,16.57,16.57,17.7,15.440000000000001,2.0,120.0,36898986.0
2021-06-15,17.7,17.7,17.7,17.7,0.0,0.0,36898986.0
2021-06-16,17.7,17.7,17.7,17.7,0.0,0.0,36898986.0
2021-06-17,17.7,17.7,17.7,17.7,0.0,0.0,36898986.0
2021-06-18,17.7,17.7,17.7,17.7,0.0,0.0,36898986.0
2021-06-21,17.7,17.7,17.7,17.7,0.0,0.0,36898986.0
2021-06-22,17.7,17.7,17.7,17.7,0.0,0.0,36898986.0
2021-06-23,16.0,16.0,17.7,14.3,1.0,211.0,36898986.0
2021-06-24,18.41,17.875,17.7,18.584999999999997,2.0,170.0,36898986.0
2021-06-25,17.7,17.7,17.7,17.7,0.0,0.0,36898986.0
2021-06-28,17.7,17.7,17.7,17.7,0.0,0.0,36898986.0
2021-06-29,19.14,19.1238,17.7,20.563800000000004,6.0,1000.0,36898986.0
2021-06-30,19.2,19.1965,17.7,20.696500000000004,3.0,300.0,37163742.0
2021-07-01,17.7,17.7,17.7,17.7,0.0,0.0,37163742.0
2021-07-02,17.7,17.7,17.7,17.7,0.0,0.0,37163742.0
2021-07-05,17.7,17.7,17.7,17.7,0.0,0.0,37163742.0
2021-07-06,17.7,17.7,17.7,17.7,0.0,0.0,37163742.0
2021-07-07,17.7,17.7,17.7,17.7,0.0,0.0,37163742.0
2021-07-08,19.05,19.05,17.7,20.400000000000002,1.0,700.0,37163742.0
2021-07-09,17.7,17.7,17.7,17.7,0.0,0.0,37163742.0
2021-07-12,18.4,18.3965,17.7,19.096499999999995,2.0,200.0,37163742.0
2021-07-13,18.3704,18.3704,17.7,19.0408,1.0,500.0,37163742.0
2021-07-14,17.7,17.7,17.7,17.7,0.0,0.0,37163742.0
2021-07-15,17.7,17.7,17.7,17.7,0.0,0.0,37163742.0
2021-07-16,17.7,17.7,17.7,17.7,0.0,0.0,37163742.0
2021-07-19,17.7,17.7,17.7,17.7,0.0,0.0,37163742.0
2021-07-20,17.7,17.7,17.7,17.7,0.0,0.0,37163742.0
2021-07-21,17.7,17.7,17.7,17.7,0.0,0.0,37163742.0
2021-07-22,18.03,18.03,17.7,18.360000000000003,1.0,110.0,37163742.0
2021-07-23,17.7,17.7,17.7,17.7,0.0,0.0,37163742.0
2021-07-26,17.7,17.7,17.7,17.7,0.0,0.0,37163742.0
2021-07-27,17.7,17.7,17.7,17.7,0.0,0.0,37163742.0
2021-07-28,17.7,17.7,17.7,17.7,0.0,0.0,37163742.0
2021-07-29,17.7,17.7,17.7,17.7,0.0,0.0,37163742.0
2021-07-30,17.7,17.7,17.7,17.7,0.0,0.0,37163742.0
2021-08-02,17.7,17.7,17.7,17.7,0.0,0.0,37163742.0
2021-08-03,18.95,18.6608,17.7,19.9108,7.0,705.0,37163742.0
2021-08-04,18.839,18.835,17.7,19.974,3.0,300.0,37163742.0
2021-08-05,19.24,19.24,17.7,20.779999999999998,1.0,1.0,37163742.0
2021-08-06,17.7,17.7,17.7,17.7,0.0,0.0,37163742.0
2021-08-09,17.7,17.7,17.7,17.7,0.0,0.0,37163742.0
2021-08-10,20.665,19.705,17.7,22.669999999999998,36.0,4678.0,37163742.0
2021-08-11,19.135,18.43,17.7,19.865,5.0,506.0,37163742.0
2021-08-12,17.7,17.7,17.7,17.7,0.0,0.0,37163742.0
2021-08-13,17.7,17.7,17.7,17.7,0.0,0.0,37163742.0
2021-08-16,17.7,17.7,17.7,17.7,0.0,0.0,37163742.0
2021-08-17,17.7,17.7,17.7,17.7,0.0,0.0,37163742.0
2021-08-18,17.7,17.7,17.7,17.7,0.0,0.0,37163742.0
2021-08-19,17.7,17.7,17.7,17.7,0.0,0.0,37163742.0
2021-08-20,17.7,17.7,17.7,17.7,0.0,0.0,37163742.0
2021-08-23,15.85,15.84,17.7,13.989999999999998,3.0,10.0,37192083.0
2021-08-24,15.96,15.96,17.7,14.220000000000002,1.0,300.0,37192083.0
2021-08-25,17.7,17.7,17.7,17.7,0.0,0.0,37192083.0
2021-08-26,17.7,17.7,17.7,17.7,0.0,0.0,37192083.0
2021-08-27,17.7,17.7,17.7,17.7,0.0,0.0,37192083.0
2021-08-30,17.7,17.7,17.7,17.7,0.0,0.0,37192083.0
2021-08-31,17.7,17.7,17.7,17.7,0.0,0.0,37192083.0
2021-09-01,16.2493,16.242,17.7,14.791300000000003,2.0,700.0,37192083.0
2021-09-02,17.7,17.7,17.7,17.7,0.0,0.0,37192083.0
2021-09-03,17.7,17.7,17.7,17.7,0.0,0.0,37192083.0
2021-09-06,17.7,17.7,17.7,17.7,0.0,0.0,37192083.0
2021-09-07,17.7,17.7,17.7,17.7,0.0,0.0,37192083.0
2021-09-08,17.7,17.7,17.7,17.7,0.0,0.0,37192083.0
2021-09-09,17.7,17.7,17.7,17.7,0.0,0.0,37192083.0
2021-09-10,16.5165,16.515,17.7,15.331500000000002,2.0,300.0,37192083.0
2021-09-13,17.7,17.7,17.7,17.7,0.0,0.0,37192083.0
2021-09-14,17.7,17.7,17.7,17.7,0.0,0.0,37192083.0
2021-09-15,17.7,17.7,17.7,17.7,0.0,0.0,37192083.0
2021-09-16,17.7,17.7,17.7,17.7,0.0,0.0,37192083.0
2021-09-17,17.7,17.7,17.7,17.7,0.0,0.0,37192083.0
2021-09-20,17.7,17.7,17.7,17.7,0.0,0.0,37192083.0
2021-09-21,17.7,17.7,17.7,17.7,0.0,0.0,37192083.0
2021-09-22,17.7,17.7,17.7,17.7,0.0,0.0,37192083.0
2021-09-23,17.7,17.7,17.7,17.7,0.0,0.0,37192083.0
2021-09-24,17.7,17.7,17.7,17.7,0.0,0.0,37192083.0
2021-09-27,17.7,17.7,17.7,17.7,0.0,0.0,37192083.0
2021-09-28,17.7,17.7,17.7,17.7,0.0,0.0,37192083.0
2021-09-29,17.7,17.7,17.7,17.7,0.0,0.0,37192083.0
2021-09-30,17.7,17.7,17.7,17.7,0.0,0.0,37192083.0
2021-10-01,17.7,17.7,17.7,17.7,0.0,0.0,37192083.0
2021-10-04,17.7,17.7,17.7,17.7,0.0,0.0,37192083.0
2021-10-05,17.7,17.7,17.7,17.7,0.0,0.0,37192083.0
2021-10-06,14.65,14.65,17.7,11.600000000000001,1.0,19.0,37229635.0
2021-10-07,17.7,17.7,17.7,17.7,0.0,0.0,37229635.0
2021-10-08,17.7,17.7,17.7,17.7,0.0,0.0,37229635.0
2021-10-11,17.7,17.7,17.7,17.7,0.0,0.0,37229635.0
2021-10-12,17.7,17.7,17.7,17.7,0.0,0.0,37229635.0
2021-10-13,17.7,17.7,17.7,17.7,0.0,0.0,37229635.0
2021-10-14,17.7,17.7,17.7,17.7,0.0,0.0,37229635.0
2021-10-15,16.161,16.15,17.7,14.611,2.0,500.0,37229635.0
2021-10-18,16.12,16.12,17.7,14.540000000000003,1.0,300.0,37229635.0
2021-10-19,17.7,17.7,17.7,17.7,0.0,0.0,37229635.0
2021-10-20,17.7,17.7,17.7,17.7,0.0,0.0,37229635.0
2021-10-21,17.7,17.7,17.7,17.7,0.0,0.0,37229635.0
2021-10-22,17.7,17.7,17.7,17.7,0.0,0.0,37229635.0
2021-10-25,17.7,17.7,17.7,17.7,0.0,0.0,37229635.0
2021-10-26,17.7,17.7,17.7,17.7,0.0,0.0,37229635.0
2021-10-27,17.7,17.7,17.7,17.7,0.0,0.0,37229635.0
2021-10-28,17.7,17.7,17.7,17.7,0.0,0.0,37229635.0
2021-10-29,17.7,17.7,17.7,17.7,0.0,0.0,37229635.0
2021-11-01,17.7,17.7,17.7,17.7,0.0,0.0,37229635.0
2021-11-02,17.15,17.15,17.7,16.599999999999998,1.0,2500.0,37229635.0
2021-11-03,17.7,17.7,17.7,17.7,0.0,0.0,37229635.0
2021-11-04,17.7,17.7,17.7,17.7,0.0,0.0,37229635.0
2021-11-05,17.7,17.7,17.7,17.7,0.0,0.0,37229635.0
2021-11-08,16.62,16.62,17.7,15.540000000000003,2.0,100.0,37229635.0
2021-11-09,16.2665,16.263,17.7,14.8295,3.0,500.0,37654515.0
2021-11-10,17.7,17.7,17.7,17.7,0.0,0.0,37654515.0
2021-11-11,18.7,18.7,17.7,19.7,1.0,300.0,37654515.0
2021-11-12,17.7,17.7,17.7,17.7,0.0,0.0,37654515.0
2021-11-15,17.7,17.7,17.7,17.7,0.0,0.0,37654515.0
2021-11-16,17.7,17.7,17.7,17.7,0.0,0.0,37654515.0
2021-11-17,19.02,19.02,17.7,20.34,1.0,750.0,37654515.0
2021-11-18,17.7,17.7,17.7,17.7,0.0,0.0,37654515.0
2021-11-19,17.7,17.7,17.7,17.7,0.0,0.0,37654515.0
2021-11-22,18.485,18.485,17.7,19.27,1.0,30.0,37654515.0
2021-11-23,17.7,17.7,17.7,17.7,0.0,0.0,37654515.0
2021-11-24,17.7,17.7,17.7,17.7,0.0,0.0,37654515.0
2021-11-25,17.7,17.7,17.7,17.7,0.0,0.0,37654515.0
2021-11-26,17.7,17.7,17.7,17.7,0.0,0.0,37654515.0
2021-11-29,17.7,17.7,17.7,17.7,0.0,0.0,37654515.0
2021-11-30,17.7,17.7,17.7,17.7,0.0,0.0,37654515.0
2021-12-01,17.006,17.006,17.7,16.312,1.0,243.0,37654515.0
2021-12-02,17.7,17.7,17.7,17.7,0.0,0.0,37654515.0
2021-12-03,16.309,16.2,17.7,14.809000000000001,6.0,1100.0,37654515.0
2021-12-06,17.7,17.7,17.7,17.7,0.0,0.0,37654515.0
2021-12-07,16.945,16.945,17.7,16.19,1.0,100.0,37654515.0
2021-12-08,17.7,17.7,17.7,17.7,0.0,0.0,37654515.0
2021-12-09,17.7,17.7,17.7,17.7,0.0,0.0,37654515.0
2021-12-10,17.7,17.7,17.7,17.7,0.0,0.0,37654515.0
2021-12-13,17.7,17.7,17.7,17.7,0.0,0.0,37654515.0
2021-12-14,17.7,17.7,17.7,17.7,0.0,0.0,37654515.0
2021-12-15,17.7,17.7,17.7,17.7,0.0,0.0,37654515.0
2021-12-16,17.7,17.7,17.7,17.7,0.0,0.0,37654515.0
2021-12-17,17.7,17.7,17.7,17.7,0.0,0.0,37654515.0
2021-12-20,17.7,17.7,17.7,17.7,0.0,0.0,37654515.0
2021-12-21,17.7,17.7,17.7,17.7,0.0,0.0,37654515.0
2021-12-22,17.7,17.7,17.7,17.7,0.0,0.0,37654515.0
2021-12-23,17.7,17.7,17.7,17.7,0.0,0.0,37654515.0
2021-12-24,17.7,17.7,17.7,17.7,0.0,0.0,37654515.0
2021-12-27,17.2096,17.2005,17.7,16.7101,2.0,500.0,37654515.0
2021-12-28,17.7,17.7,17.7,17.7,0.0,0.0,37654515.0
2021-12-29,16.975,16.959,17.7,16.233999999999998,2.0,400.0,37654515.0
2021-12-30,17.7,17.7,17.7,17.7,0.0,0.0,37654515.0
2021-12-31,17.7,17.7,17.7,17.7,0.0,0.0,37654515.0
2022-01-03,17.655,17.635,17.7,17.590000000000007,3.0,500.0,37654515.0
2022-01-04,17.2356,17.2356,17.7,16.771200000000004,1.0,42.0,37774800.0
2022-01-05,17.7,17.7,17.7,17.7,0.0,0.0,37774800.0
2022-01-06,17.7,17.7,17.7,17.7,0.0,0.0,37774800.0
2022-01-07,17.7,17.7,17.7,17.7,0.0,0.0,37774800.0
2022-01-10,17.7,17.7,17.7,17.7,0.0,0.0,37774800.0
2022-01-11,17.7,17.7,17.7,17.7,0.0,0.0,37774800.0
2022-01-12,17.7,17.7,17.7,17.7,0.0,0.0,37774800.0
2022-01-13,17.7,17.7,17.7,17.7,0.0,0.0,37774800.0
2022-01-14,17.7,17.7,17.7,17.7,0.0,0.0,37774800.0
2022-01-17,17.7,17.7,17.7,17.7,0.0,0.0,37774800.0
2022-01-18,17.7,17.7,17.7,17.7,0.0,0.0,37774800.0
2022-01-19,17.7,17.7,17.7,17.7,0.0,0.0,37774800.0
2022-01-20,17.7,17.7,17.7,17.7,0.0,0.0,37774800.0
2022-01-21,17.7,17.7,17.7,17.7,0.0,0.0,37774800.0
2022-01-24,14.186,14.186,17.7,10.672,1.0,1.0,37774800.0
2022-01-25,17.7,17.7,17.7,17.7,0.0,0.0,37774800.0
2022-01-26,17.7,17.7,17.7,17.7,0.0,0.0,37774800.0
2022-01-27,17.7,17.7,17.7,17.7,0.0,0.0,37774800.0
2022-01-28,17.7,17.7,17.7,17.7,0.0,0.0,37774800.0
2022-01-31,14.3895,14.3836,17.7,11.0731,2.0,500.0,37774800.0
2022-02-01,17.7,17.7,17.7,17.7,0.0,0.0,37774800.0
2022-02-02,17.7,17.7,17.7,17.7,0.0,0.0,37774800.0
2022-02-03,17.7,17.7,17.7,17.7,0.0,0.0,37774800.0
2022-02-04,14.518,14.518,17.7,11.336000000000002,1.0,30.0,37774800.0
2022-02-07,17.7,17.7,17.7,17.7,0.0,0.0,37774800.0
2022-02-08,17.7,17.7,17.7,17.7,0.0,0.0,37774800.0
2022-02-09,17.7,17.7,17.7,17.7,0.0,0.0,37774800.0
2022-02-10,17.7,17.7,17.7,17.7,0.0,0.0,37774800.0
2022-02-11,17.7,17.7,17.7,17.7,0.0,0.0,37774800.0
2022-02-14,14.45,14.45,17.7,11.2,2.0,200.0,37774800.0
2022-02-15,17.7,17.7,17.7,17.7,0.0,0.0,37774800.0
2022-02-16,17.7,17.7,17.7,17.7,0.0,0.0,37774800.0
2022-02-17,15.2,15.2,17.7,12.7,2.0,200.0,37774800.0
2022-02-18,14.89,14.89,17.7,12.080000000000002,2.0,200.0,37774800.0
2022-02-21,17.7,17.7,17.7,17.7,0.0,0.0,37774800.0
2022-02-22,17.7,17.7,17.7,17.7,0.0,0.0,37774800.0
2022-02-23,17.445,17.21,17.7,16.955000000000002,5.0,335.0,37774800.0
2022-02-24,16.9,16.6435,17.7,15.843499999999995,5.0,600.0,37774800.0
2022-02-25,17.7,17.7,17.7,17.7,0.0,0.0,37774800.0
2022-02-28,17.7,17.7,17.7,17.7,0.0,0.0,37774800.0
2022-03-01,17.7,17.7,17.7,17.7,0.0,0.0,37774800.0
2022-03-02,19.34,19.34,17.7,20.98,1.0,1000.0,37774800.0
2022-03-03,17.7,17.7,17.7,17.7,0.0,0.0,37774800.0
2022-03-04,17.7,17.7,17.7,17.7,0.0,0.0,37774800.0
2022-03-07,17.7,17.7,17.7,17.7,0.0,0.0,37774800.0
2022-03-08,17.7,17.7,17.7,17.7,0.0,0.0,37774800.0
2022-03-09,17.7,17.7,17.7,17.7,0.0,0.0,37774800.0
2022-03-10,17.7,17.7,17.7,17.7,0.0,0.0,37774800.0
2022-03-11,17.7,17.7,17.7,17.7,0.0,0.0,37774800.0
2022-03-14,17.7,17.7,17.7,17.7,0.0,0.0,37774800.0
2022-03-15,17.7,17.7,17.7,17.7,0.0,0.0,37774800.0
2022-03-16,17.7,17.7,17.7,17.7,0.0,0.0,37774800.0
2022-03-17,17.7,17.7,17.7,17.7,0.0,0.0,37774800.0
2022-03-18,17.7,17.7,17.7,17.7,0.0,0.0,37774800.0
2022-03-21,17.7,17.7,17.7,17.7,0.0,0.0,37774800.0
2022-03-22,18.417,18.417,17.7,19.134000000000004,2.0,300.0,37774800.0
2022-03-23,18.24,18.23,17.7,18.77,2.0,200.0,37774800.0
2022-03-24,17.7,17.7,17.7,17.7,0.0,0.0,37774800.0
2022-03-25,17.7,17.7,17.7,17.7,0.0,0.0,37774800.0
2022-03-28,17.7,17.7,17.7,17.7,0.0,0.0,37774800.0
2022-03-29,18.2795,18.26,17.7,18.839500000000005,4.0,500.0,37774800.0
2022-03-30,17.7,17.7,17.7,17.7,0.0,0.0,37774800.0
2022-03-31,17.7,17.7,17.7,17.7,0.0,0.0,37774800.0
2022-04-01,17.7,17.7,17.7,17.7,0.0,0.0,37774800.0
2022-04-04,17.7095,17.698,17.7,17.7075,3.0,300.0,38322537.0
2022-04-05,17.7,17.7,17.7,17.7,0.0,0.0,38322537.0
2022-04-06,17.7,17.7,17.7,17.7,0.0,0.0,38322537.0
2022-04-07,17.7,17.7,17.7,17.7,0.0,0.0,38322537.0
2022-04-08,17.7,17.7,17.7,17.7,0.0,0.0,38322537.0
2022-04-11,17.7,17.7,17.7,17.7,0.0,0.0,38322537.0
2022-04-12,16.54,16.54,17.7,15.379999999999999,1.0,100.0,38322537.0
2022-04-13,17.7,17.7,17.7,17.7,0.0,0.0,38322537.0
2022-04-14,17.7,17.7,17.7,17.7,0.0,0.0,38322537.0
2022-04-19,17.7,17.7,17.7,17.7,0.0,0.0,38322537.0
2022-04-20,17.7,17.7,17.7,17.7,0.0,0.0,38322537.0
2022-04-21,17.7,17.7,17.7,17.7,0.0,0.0,38322537.0
2022-04-22,17.7,17.7,17.7,17.7,0.0,0.0,38322537.0
2022-04-25,16.15,16.15,17.7,14.599999999999998,3.0,600.0,38332162.0
2022-04-26,16.34,16.275,17.7,14.914999999999996,5.0,500.0,38332162.0
2022-04-27,17.7,17.7,17.7,17.7,0.0,0.0,38332162.0
2022-04-28,17.7,17.7,17.7,17.7,0.0,0.0,38332162.0
2022-04-29,17.7,17.7,17.7,17.7,0.0,0.0,38332162.0
2022-05-02,17.7,17.7,17.7,17.7,0.0,0.0,38332162.0
2022-05-03,17.7,17.7,17.7,17.7,0.0,0.0,38332162.0
2022-05-04,17.7,17.7,17.7,17.7,0.0,0.0,38332162.0
2022-05-05,17.7,17.7,17.7,17.7,0.0,0.0,38332162.0
2022-05-06,16.5895,16.582,17.7,15.471500000000002,3.0,400.0,38332162.0
2022-05-09,17.7,17.7,17.7,17.7,0.0,0.0,38332162.0
2022-05-10,17.7,17.7,17.7,17.7,0.0,0.0,38332162.0
2022-05-11,17.7,17.7,17.7,17.7,0.0,0.0,38332162.0
2022-05-12,18.985,18.4864,17.7,19.771400000000003,2.0,80.0,38332950.0
2022-05-13,20.0,19.13,17.7,21.429999999999996,4.0,502.0,38332950.0
2022-05-16,20.6498,20.6405,17.7,23.590300000000003,5.0,600.0,38332950.0
2022-05-17,20.72,20.7,17.7,23.720000000000002,4.0,400.0,38332950.0
2022-05-18,17.7,17.7,17.7,17.7,0.0,0.0,38332950.0
2022-05-19,17.7,17.7,17.7,17.7,0.0,0.0,38332950.0
2022-05-20,20.964,20.69,17.7,23.953999999999997,3.0,84.0,38332950.0
2022-05-23,17.7,17.7,17.7,17.7,0.0,0.0,38332950.0
2022-05-24,21.005,20.6772,17.7,23.982199999999995,2.0,647.0,38332950.0
2022-05-25,20.8295,20.818,17.7,23.9475,3.0,300.0,38332950.0
2022-05-26,21.845,21.115,17.7,25.259999999999994,5.0,1193.0,38332950.0
2022-05-27,22.73,21.83,17.7,26.860000000000003,19.0,3727.0,38332950.0
2022-05-30,17.7,17.7,17.7,17.7,0.0,0.0,38332950.0
2022-05-31,22.095,21.99,17.7,26.384999999999994,3.0,360.0,38332950.0
2022-06-01,22.95,22.5664,17.7,27.816400000000005,4.0,600.0,38332950.0
2022-06-02,24.64,24.143,17.7,31.083000000000002,2.0,31.0,38332950.0
2022-06-03,24.4,24.4,17.7,31.099999999999998,1.0,1.0,38332950.0
2022-06-06,24.265,24.265,17.7,30.830000000000002,2.0,90.0,38332950.0
2022-06-07,17.7,17.7,17.7,17.7,0.0,0.0,38332950.0
2022-06-08,24.0182,23.47,17.7,29.7882,7.0,701.0,38332950.0
2022-06-09,17.7,17.7,17.7,17.7,0.0,0.0,38332950.0
2022-06-10,22.535,22.38,17.7,27.215,4.0,676.0,38332950.0
2022-06-13,17.7,17.7,17.7,17.7,0.0,0.0,38332950.0
2022-06-14,17.7,17.7,17.7,17.7,0.0,0.0,38332950.0
2022-06-15,21.662,21.662,17.7,25.624,1.0,50.0,38332950.0
2022-06-16,21.458,21.0905,17.7,24.848499999999998,5.0,465.0,38332950.0
2022-06-17,21.108,21.108,17.7,24.516000000000002,1.0,600.0,38332950.0
2022-06-20,17.7,17.7,17.7,17.7,0.0,0.0,38332950.0
2022-06-21,22.425,21.6405,17.7,26.3655,14.0,2279.0,38332950.0
2022-06-22,22.5635,22.5635,17.7,27.427000000000003,1.0,50.0,38332950.0
2022-06-23,23.465,22.72,17.7,28.485000000000003,14.0,1748.0,38332950.0
2022-06-24,22.51,21.662,17.7,26.471999999999998,7.0,874.0,38332950.0
2022-06-27,22.63,22.16,17.7,27.09,4.0,201.0,38332950.0
2022-06-28,24.725,23.0688,17.7,30.093800000000005,58.0,12613.0,38332950.0
2022-06-29,23.5512,21.245,17.7,27.0962,14.0,1397.0,38332950.0
2022-06-30,21.99,21.734,17.7,26.024000000000004,3.0,700.0,38332950.0
2022-07-01,22.388,22.34,17.7,27.028000000000002,2.0,200.0,38332950.0
2022-07-04,17.7,17.7,17.7,17.7,0.0,0.0,38332950.0
2022-07-05,22.915,22.29,17.7,27.505,5.0,542.0,38332950.0
2022-07-06,24.72,23.495,17.7,30.515000000000004,28.0,4248.0,38332950.0
2022-07-07,23.84,23.84,17.7,29.98,1.0,400.0,38332950.0
2022-07-08,25.04,24.417,17.7,31.757,8.0,1616.0,38332950.0
2022-07-11,24.5749,24.005,17.7,30.879899999999996,4.0,329.0,38332950.0
2022-07-12,25.53,23.69,17.7,31.52,16.0,1735.0,38332950.0
2022-07-13,26.1,24.7342,17.7,33.13420000000001,34.0,3347.0,38332950.0
2022-07-14,25.925,25.186,17.7,33.411,9.0,2443.0,38332950.0
2022-07-15,25.96,24.425,17.7,32.685,20.0,1348.0,38332950.0
2022-07-18,26.835,25.67,17.7,34.80500000000001,15.0,948.0,38332950.0
2022-07-19,26.79,26.485,17.7,35.575,5.0,255.0,38332950.0
2022-07-20,26.5714,25.345,17.7,34.21639999999999,9.0,1275.0,38332950.0
2022-07-21,25.76,25.19,17.7,33.25,6.0,486.0,38332950.0
2022-07-22,25.0386,24.34,17.7,31.6786,27.0,3334.0,38332950.0
2022-07-25,23.925,20.81,17.7,27.035,46.0,7840.0,38332950.0
2022-07-26,22.84,22.6695,17.7,27.809500000000003,2.0,200.0,38332950.0
2022-07-27,22.776,22.776,17.7,27.852,3.0,98.0,38332950.0
2022-07-28,24.095,23.16,17.7,29.554999999999996,4.0,820.0,38332950.0
2022-07-29,24.52,24.52,17.7,31.34,1.0,200.0,38332950.0
2022-08-01,30.51,26.9,17.7,39.709999999999994,15.0,1423.0,38332950.0
2022-08-02,28.485,28.1,17.7,38.885000000000005,12.0,756.0,38955895.0
2022-08-03,30.71,30.5493,17.7,43.55929999999999,41.0,7863.0,38955895.0
2022-08-04,30.775,30.64,17.7,43.715,10.0,715.0,38955895.0
2022-08-05,30.605,30.5901,17.7,43.495099999999994,2.0,54425.0,38955895.0
2022-08-08,30.555,30.53,17.7,43.385000000000005,14.0,1610.0,38955895.0
2022-08-09,17.7,17.7,17.7,17.7,0.0,0.0,38955895.0
2022-08-10,17.7,17.7,17.7,17.7,0.0,0.0,38955895.0
2022-08-11,30.665,30.665,17.7,43.629999999999995,1.0,40.0,38961098.0
2022-08-12,30.705,30.705,17.7,43.709999999999994,1.0,100.0,38961098.0
2022-08-15,17.7,17.7,17.7,17.7,0.0,0.0,38961098.0
2022-08-16,17.7,17.7,17.7,17.7,0.0,0.0,38961098.0
2022-08-17,17.7,17.7,17.7,17.7,0.0,0.0,38961098.0
2022-08-18,30.735,30.735,17.7,43.769999999999996,1.0,10.0,38961098.0
2022-08-19,30.855,30.855,17.7,44.010000000000005,1.0,30.0,38961098.0
2022-08-22,30.7007,30.7007,17.7,43.70140000000001,1.0,40.0,38961098.0
2022-08-23,30.88,30.83,17.7,44.00999999999999,13.0,3358.0,39020098.0
2022-08-24,30.915,30.8605,17.7,44.07549999999999,19.0,15871.0,39020098.0
2022-08-25,30.895,30.885,17.7,44.08,2.0,350.0,39020098.0
2022-08-26,17.7,17.7,17.7,17.7,0.0,0.0,39020098.0
2022-08-29,17.7,17.7,17.7,17.7,0.0,0.0,39020098.0
2022-08-30,17.7,17.7,17.7,17.7,0.0,0.0,39020098.0
2022-08-31,30.784,30.784,17.7,43.867999999999995,1.0,30.0,39020098.0
2022-09-01,30.622,30.622,17.7,43.544,1.0,50.0,39020098.0
2022-09-02,17.7,17.7,17.7,17.7,0.0,0.0,39020098.0
2022-09-05,17.7,17.7,17.7,17.7,0.0,0.0,39020098.0
2022-09-06,30.695,30.695,17.7,43.69,1.0,1000.0,39020098.0
2022-09-07,17.7,17.7,17.7,17.7,0.0,0.0,39020098.0
2022-09-08,17.7,17.7,17.7,17.7,0.0,0.0,39020098.0
2022-09-09,30.81,30.81,17.7,43.92,1.0,42.0,39020098.0
2022-09-12,17.7,17.7,17.7,17.7,0.0,0.0,39020098.0
2022-09-13,30.82,30.82,17.7,43.94,1.0,200.0,39020098.0
2022-09-14,17.7,17.7,17.7,17.7,0.0,0.0,39020098.0
2022-09-15,30.815,30.8105,17.7,43.9255,3.0,942.0,39020098.0
2022-09-16,17.7,17.7,17.7,17.7,0.0,0.0,39020098.0
2022-09-19,17.7,17.7,17.7,17.7,0.0,0.0,39020098.0
2022-09-20,17.7,17.7,17.7,17.7,0.0,0.0,39020098.0
2022-09-21,30.735,30.735,17.7,43.769999999999996,1.0,100.0,39020098.0
2022-09-22,17.7,17.7,17.7,17.7,0.0,0.0,39020098.0
2022-09-23,30.742,30.665,17.7,43.706999999999994,2.0,40.0,39020098.0
2022-09-26,30.552,30.552,17.7,43.403999999999996,1.0,40.0,39020098.0
2022-09-27,30.722,30.67,17.7,43.69200000000001,2.0,230.0,39020098.0
2022-09-28,17.7,17.7,17.7,17.7,0.0,0.0,39020098.0
2022-09-29,30.585,30.585,17.7,43.47,1.0,24.0,39020098.0
2022-09-30,17.7,17.7,17.7,17.7,0.0,0.0,39020098.0
2022-10-03,17.7,17.7,17.7,17.7,0.0,0.0,39020098.0
2022-10-04,17.7,17.7,17.7,17.7,0.0,0.0,39020098.0
2022-10-05,17.7,17.7,17.7,17.7,0.0,0.0,39020098.0
2022-10-06,17.7,17.7,17.7,17.7,0.0,0.0,39020098.0
2022-10-07,17.7,17.7,17.7,17.7,0.0,0.0,39020098.0
2022-10-10,17.7,17.7,17.7,17.7,0.0,0.0,39020098.0
2022-10-11,30.6,30.6,17.7,43.5,1.0,66.0,39065069.0
2022-10-12,17.7,17.7,17.7,17.7,0.0,0.0,39065069.0
2022-10-13,17.7,17.7,17.7,17.7,0.0,0.0,39065069.0
2022-10-14,17.7,17.7,17.7,17.7,0.0,0.0,39065069.0
2022-10-17,17.7,17.7,17.7,17.7,0.0,0.0,39065069.0
2022-10-18,29.5,29.2175,17.7,41.0175,7.0,79634.0,39065069.0
2022-10-19,17.7,17.7,17.7,17.7,0.0,0.0,39065069.0
2022-10-20,29.44,29.438,17.7,41.178,8.0,2093.0,39065069.0
2022-10-21,17.7,17.7,17.7,17.7,0.0,0.0,39065069.0
2022-10-24,29.55,29.55,17.7,41.400000000000006,2.0,1300.0,39065069.0
2022-10-25,17.7,17.7,17.7,17.7,0.0,0.0,39065069.0
2022-10-26,17.7,17.7,17.7,17.7,0.0,0.0,39065069.0
2022-10-27,17.7,17.7,17.7,17.7,0.0,0.0,39065069.0
2022-10-28,17.7,17.7,17.7,17.7,0.0,0.0,39065069.0
2022-10-31,17.7,17.7,17.7,17.7,0.0,0.0,39065069.0
2022-11-01,17.7,17.7,17.7,17.7,0.0,0.0,39065069.0
2022-11-02,17.7,17.7,17.7,17.7,0.0,0.0,39065069.0
2022-11-03,29.37,29.37,17.7,41.040000000000006,2.0,200.0,39065069.0
2022-11-04,29.142,29.142,17.7,40.584,1.0,165.0,39065069.0
2022-11-07,17.7,17.7,17.7,17.7,0.0,0.0,39065069.0
2022-11-08,17.7,17.7,17.7,17.7,0.0,0.0,39065069.0
2022-11-09,17.7,17.7,17.7,17.7,0.0,0.0,39065069.0
2022-11-10,17.7,17.7,17.7,17.7,0.0,0.0,39065069.0
2022-11-11,28.908,28.908,17.7,40.116,1.0,100.0,39066380.0
2022-11-14,17.7,17.7,17.7,17.7,0.0,0.0,39066380.0
2022-11-15,17.7,17.7,17.7,17.7,0.0,0.0,39066380.0
2022-11-16,17.7,17.7,17.7,17.7,0.0,0.0,39066380.0
2022-11-17,17.7,17.7,17.7,17.7,0.0,0.0,39066380.0
2022-11-18,17.7,17.7,17.7,17.7,0.0,0.0,39066380.0
2022-11-21,17.7,17.7,17.7,17.7,0.0,0.0,39066380.0
2022-11-22,28.7093,28.7,17.7,39.7093,2.0,136.0,39066380.0
2022-11-23,17.7,17.7,17.7,17.7,0.0,0.0,39066380.0
2022-11-24,17.7,17.7,17.7,17.7,0.0,0.0,39066380.0
2022-11-25,17.7,17.7,17.7,17.7,0.0,0.0,39066380.0
2022-11-28,17.7,17.7,17.7,17.7,0.0,0.0,39066380.0
2022-11-29,17.7,17.7,17.7,17.7,0.0,0.0,39066380.0
2022-11-30,17.7,17.7,17.7,17.7,0.0,0.0,39066380.0
2022-12-01,17.7,17.7,17.7,17.7,0.0,0.0,39066380.0
2022-12-02,17.7,17.7,17.7,17.7,0.0,0.0,39066380.0
2022-12-05,29.18,29.18,17.7,40.66,1.0,1.0,39066380.0
2022-12-06,17.7,17.7,17.7,17.7,0.0,0.0,39066380.0
2022-12-07,29.078,28.97,17.7,40.348,7.0,1003.0,39066380.0
2022-12-08,17.7,17.7,17.7,17.7,0.0,0.0,39066380.0
2022-12-09,17.7,17.7,17.7,17.7,0.0,0.0,39066380.0
2022-12-12,17.7,17.7,17.7,17.7,0.0,0.0,39066380.0
2022-12-13,17.7,17.7,17.7,17.7,0.0,0.0,39066380.0
2022-12-14,17.7,17.7,17.7,17.7,0.0,0.0,39066380.0
2022-12-15,17.7,17.7,17.7,17.7,0.0,0.0,39066380.0
2022-12-16,29.155,29.12,17.7,40.575,4.0,4901.0,39066380.0
2022-12-19,17.7,17.7,17.7,17.7,0.0,0.0,39066380.0
2022-12-20,17.7,17.7,17.7,17.7,0.0,0.0,39066380.0
2022-12-21,17.7,17.7,17.7,17.7,0.0,0.0,39066380.0
2022-12-22,17.7,17.7,17.7,17.7,0.0,0.0,39066380.0
2022-12-23,17.7,17.7,17.7,17.7,0.0,0.0,39066380.0
2022-12-27,28.87,28.87,17.7,40.040000000000006,2.0,2.0,39066380.0
2022-12-28,17.7,17.7,17.7,17.7,0.0,0.0,39066380.0
2022-12-29,17.7,17.7,17.7,17.7,0.0,0.0,39066380.0
2022-12-30,17.7,17.7,17.7,17.7,0.0,0.0,39066380.0
2023-01-02,17.7,17.7,17.7,17.7,0.0,0.0,39066380.0
2023-01-03,17.7,17.7,17.7,17.7,0.0,0.0,39066380.0
2023-01-04,17.7,17.7,17.7,17.7,0.0,0.0,39066380.0
2023-01-05,17.7,17.7,17.7,17.7,0.0,0.0,39066380.0
2023-01-06,17.7,17.7,17.7,17.7,0.0,0.0,39066380.0
2023-01-09,17.7,17.7,17.7,17.7,0.0,0.0,39066380.0
2023-01-10,17.7,17.7,17.7,17.7,0.0,0.0,39066380.0
2023-01-11,17.7,17.7,17.7,17.7,0.0,0.0,39066380.0
2023-01-12,17.7,17.7,17.7,17.7,0.0,0.0,39066380.0
2023-01-13,17.7,17.7,17.7,17.7,0.0,0.0,39066380.0
2023-01-16,17.7,17.7,17.7,17.7,0.0,0.0,39066380.0
2023-01-17,17.7,17.7,17.7,17.7,0.0,0.0,39066380.0
2023-01-18,17.7,17.7,17.7,17.7,0.0,0.0,39066380.0
2023-01-19,17.7,17.7,17.7,17.7,0.0,0.0,39066380.0
2023-01-20,17.7,17.7,17.7,17.7,0.0,0.0,39066380.0
2023-01-23,17.7,17.7,17.7,17.7,0.0,0.0,39066380.0
2023-01-24,17.7,17.7,17.7,17.7,0.0,0.0,39066380.0
2023-01-25,17.7,17.7,17.7,17.7,0.0,0.0,39066380.0
2023-01-26,17.7,17.7,17.7,17.7,0.0,0.0,39066380.0
2023-01-27,17.7,17.7,17.7,17.7,0.0,0.0,39066380.0
2023-01-30,17.7,17.7,17.7,17.7,0.0,0.0,39066380.0
2023-01-31,17.7,17.7,17.7,17.7,0.0,0.0,39066380.0
2023-02-01,17.7,17.7,17.7,17.7,0.0,0.0,39066380.0
2023-02-02,17.7,17.7,17.7,17.7,0.0,0.0,39066380.0
2023-02-03,17.7,17.7,17.7,17.7,0.0,0.0,39066380.0
2023-02-06,17.7,17.7,17.7,17.7,0.0,0.0,39066380.0
2023-02-07,17.7,17.7,17.7,17.7,0.0,0.0,39066380.0
2023-02-08,17.7,17.7,17.7,17.7,0.0,0.0,39066380.0
2023-02-09,17.7,17.7,17.7,17.7,0.0,0.0,39066380.0
2023-02-10,17.7,17.7,17.7,17.7,0.0,0.0,39066380.0
2023-02-13,17.7,17.7,17.7,17.7,0.0,0.0,39066380.0
2023-02-14,17.7,17.7,17.7,17.7,0.0,0.0,39066380.0
2023-02-15,17.7,17.7,17.7,17.7,0.0,0.0,39066380.0
2023-02-16,17.7,17.7,17.7,17.7,0.0,0.0,39066380.0
2023-02-17,17.7,17.7,17.7,17.7,0.0,0.0,39066380.0
2023-02-20,17.7,17.7,17.7,17.7,0.0,0.0,39066380.0
2023-02-21,17.7,17.7,17.7,17.7,0.0,0.0,39066380.0
2023-02-22,17.7,17.7,17.7,17.7,0.0,0.0,39066380.0
2023-02-23,17.7,17.7,17.7,17.7,0.0,0.0,39066380.0
2023-02-24,17.7,17.7,17.7,17.7,0.0,0.0,39066380.0
2023-02-27,17.7,17.7,17.7,17.7,0.0,0.0,39066380.0
2023-02-28,17.7,17.7,17.7,17.7,0.0,0.0,39066380.0
2023-03-01,17.7,17.7,17.7,17.7,0.0,0.0,39066380.0
2023-03-02,17.7,17.7,17.7,17.7,0.0,0.0,39066380.0
2023-03-03,17.7,17.7,17.7,17.7,0.0,0.0,39066380.0
2023-03-06,17.7,17.7,17.7,17.7,0.0,0.0,39066380.0
2023-03-07,17.7,17.7,17.7,17.7,0.0,0.0,39066380.0
2023-03-08,17.7,17.7,17.7,17.7,0.0,0.0,39066380.0
2023-03-09,17.7,17.7,17.7,17.7,0.0,0.0,39066380.0
2023-03-10,17.7,17.7,17.7,17.7,0.0,0.0,39066380.0
2023-03-13,17.7,17.7,17.7,17.7,0.0,0.0,39066380.0
2023-03-14,17.7,17.7,17.7,17.7,0.0,0.0,39066380.0
2023-03-15,17.7,17.7,17.7,17.7,0.0,0.0,39066380.0
2023-03-16,17.7,17.7,17.7,17.7,0.0,0.0,39066380.0
2023-03-17,17.7,17.7,17.7,17.7,0.0,0.0,39066380.0
2023-03-20,17.7,17.7,17.7,17.7,0.0,0.0,39066380.0
2023-03-21,17.7,17.7,17.7,17.7,0.0,0.0,39066380.0
2023-03-22,17.7,17.7,17.7,17.7,0.0,0.0,39066380.0
2023-03-23,17.7,17.7,17.7,17.7,0.0,0.0,39066380.0
2023-03-24,17.7,17.7,17.7,17.7,0.0,0.0,39066380.0
2023-03-27,17.7,17.7,17.7,17.7,0.0,0.0,39066380.0
2023-03-28,17.7,17.7,17.7,17.7,0.0,0.0,39066380.0
2023-03-29,17.7,17.7,17.7,17.7,0.0,0.0,39066380.0
2023-03-30,17.7,17.7,17.7,17.7,0.0,0.0,39066380.0
2023-03-31,17.7,17.7,17.7,17.7,0.0,0.0,39066380.0
2023-04-03,17.7,17.7,17.7,17.7,0.0,0.0,39066380.0
2023-04-04,17.7,17.7,17.7,17.7,0.0,0.0,39066380.0
2023-04-05,17.7,17.7,17.7,17.7,0.0,0.0,39066380.0
2023-04-06,17.7,17.7,17.7,17.7,0.0,0.0,39066380.0
2023-04-11,17.7,17.7,17.7,17.7,0.0,0.0,39066380.0
2023-04-12,17.7,17.7,17.7,17.7,0.0,0.0,39066380.0
2023-04-13,17.7,17.7,17.7,17.7,0.0,0.0,39066380.0
2023-04-14,17.7,17.7,17.7,17.7,0.0,0.0,39066380.0
2023-04-17,17.7,17.7,17.7,17.7,0.0,0.0,39066380.0
2023-04-18,17.7,17.7,17.7,17.7,0.0,0.0,39066380.0
2023-04-19,17.7,17.7,17.7,17.7,0.0,0.0,39066380.0
2023-04-20,17.7,17.7,17.7,17.7,0.0,0.0,39066380.0
2023-04-21,17.7,17.7,17.7,17.7,0.0,0.0,39066380.0
2023-04-24,17.7,17.7,17.7,17.7,0.0,0.0,39066380.0
2023-04-25,17.7,17.7,17.7,17.7,0.0,0.0,39066380.0
2023-04-26,17.7,17.7,17.7,17.7,0.0,0.0,39066380.0
2023-04-27,17.7,17.7,17.7,17.7,0.0,0.0,39066380.0
2023-04-28,17.7,17.7,17.7,17.7,0.0,0.0,39066380.0
2023-05-02,17.7,17.7,17.7,17.7,0.0,0.0,39066380.0
2023-05-03,17.7,17.7,17.7,17.7,0.0,0.0,39066380.0
2023-05-04,17.7,17.7,17.7,17.7,0.0,0.0,39066380.0
2023-05-05,17.7,17.7,17.7,17.7,0.0,0.0,39066380.0
2023-05-08,17.7,17.7,17.7,17.7,0.0,0.0,39066380.0
2023-05-09,17.7,17.7,17.7,17.7,0.0,0.0,39066380.0
2023-05-10,17.7,17.7,17.7,17.7,0.0,0.0,39066380.0
2023-05-11,17.7,17.7,17.7,17.7,0.0,0.0,39066380.0
2023-05-12,17.7,17.7,17.7,17.7,0.0,0.0,39066380.0
2023-05-15,17.7,17.7,17.7,17.7,0.0,0.0,39066380.0
2023-05-16,17.7,17.7,17.7,17.7,0.0,0.0,39066380.0
2023-05-17,17.7,17.7,17.7,17.7,0.0,0.0,39066380.0
2023-05-18,17.7,17.7,17.7,17.7,0.0,0.0,39066380.0
2023-05-19,17.7,17.7,17.7,17.7,0.0,0.0,39066380.0
2023-05-22,17.7,17.7,17.7,17.7,0.0,0.0,39066380.0
2023-05-23,17.7,17.7,17.7,17.7,0.0,0.0,39066380.0
2023-05-24,17.7,17.7,17.7,17.7,0.0,0.0,39066380.0
2023-05-25,17.7,17.7,17.7,17.7,0.0,0.0,39066380.0
2023-05-26,17.7,17.7,17.7,17.7,0.0,0.0,39066380.0
2023-05-29,17.7,17.7,17.7,17.7,0.0,0.0,39066380.0
2023-05-30,17.7,17.7,17.7,17.7,0.0,0.0,39066380.0
2023-05-31,17.7,17.7,17.7,17.7,0.0,0.0,39066380.0
2023-06-01,17.7,17.7,17.7,17.7,0.0,0.0,39066380.0
2023-06-02,17.7,17.7,17.7,17.7,0.0,0.0,39066380.0
2023-06-05,17.7,17.7,17.7,17.7,0.0,0.0,39066380.0
2023-06-06,17.7,17.7,17.7,17.7,0.0,0.0,39066380.0
2023-06-07,17.7,17.7,17.7,17.7,0.0,0.0,39066380.0
2023-06-08,17.7,17.7,17.7,17.7,0.0,0.0,39066380.0
2023-06-09,17.7,17.7,17.7,17.7,0.0,0.0,39066380.0
2023-06-12,17.7,17.7,17.7,17.7,0.0,0.0,39066380.0
2023-06-13,17.7,17.7,17.7,17.7,0.0,0.0,39066380.0
2023-06-14,17.7,17.7,17.7,17.7,0.0,0.0,39066380.0
2023-06-15,17.7,17.7,17.7,17.7,0.0,0.0,39066380.0
2023-06-16,17.7,17.7,17.7,17.7,0.0,0.0,39066380.0
2023-06-19,17.7,17.7,17.7,17.7,0.0,0.0,39066380.0
2023-06-20,17.7,17.7,17.7,17.7,0.0,0.0,39066380.0
2023-06-21,17.7,17.7,17.7,17.7,0.0,0.0,39066380.0
2023-06-22,17.7,17.7,17.7,17.7,0.0,0.0,39066380.0
2023-06-23,17.7,17.7,17.7,17.7,0.0,0.0,39066380.0
2023-06-26,17.7,17.7,17.7,17.7,0.0,0.0,39066380.0
2023-06-27,17.7,17.7,17.7,17.7,0.0,0.0,39066380.0
2023-06-28,17.7,17.7,17.7,17.7,0.0,0.0,39066380.0
2023-06-29,17.7,17.7,17.7,17.7,0.0,0.0,39066380.0
2023-06-30,17.7,17.7,17.7,17.7,0.0,0.0,39066380.0
2023-07-03,17.7,17.7,17.7,17.7,0.0,0.0,39066380.0
2023-07-04,17.7,17.7,17.7,17.7,0.0,0.0,39066380.0
2023-07-05,17.7,17.7,17.7,17.7,0.0,0.0,39066380.0
2023-07-06,17.7,17.7,17.7,17.7,0.0,0.0,39066380.0
2023-07-07,17.7,17.7,17.7,17.7,0.0,0.0,39066380.0
2023-07-10,17.7,17.7,17.7,17.7,0.0,0.0,39066380.0
2023-07-11,17.7,17.7,17.7,17.7,0.0,0.0,39066380.0
2023-07-12,17.7,17.7,17.7,17.7,0.0,0.0,39066380.0
2023-07-13,17.7,17.7,17.7,17.7,0.0,0.0,39066380.0
2023-07-14,17.7,17.7,17.7,17.7,0.0,0.0,39066380.0
2023-07-17,17.7,17.7,17.7,17.7,0.0,0.0,39066380.0
2023-07-18,17.7,17.7,17.7,17.7,0.0,0.0,39066380.0
2023-07-19,17.7,17.7,17.7,17.7,0.0,0.0,39066380.0
2023-07-20,17.7,17.7,17.7,17.7,0.0,0.0,39066380.0
2023-07-21,17.7,17.7,17.7,17.7,0.0,0.0,39066380.0
