Date,CLOSE,HIGH,LOW,OPEN,COUNT,VOLUME
2005-03-23,187.5,187.5,187.5,187.5,0.0,3900.0
2005-03-24,187.5,187.5,187.5,187.5,0.0,830800.0
2005-03-25,187.5,187.5,187.5,187.5,0.0,0.0
2005-03-28,187.5,187.5,187.5,187.5,0.0,0.0
2005-03-29,212.5,212.5,212.5,212.5,0.0,1.0
2005-03-30,212.5,212.5,212.5,212.5,0.0,2736.84
2005-03-31,212.5,212.5,212.5,212.5,0.0,524.58
2005-04-01,162.5,162.5,162.5,162.5,0.0,1.0
2005-04-04,162.5,162.5,162.5,162.5,0.0,2000.0
2005-04-05,162.5,162.5,162.5,162.5,0.0,1000.0
2005-04-06,162.5,162.5,162.5,162.5,0.0,0.0
2005-04-07,162.5,162.5,162.5,162.5,0.0,3800.0
2005-04-08,162.5,162.5,162.5,162.5,0.0,0.0
2005-04-11,162.5,162.5,162.5,162.5,0.0,0.0
2005-04-12,162.5,162.5,162.5,162.5,0.0,0.0
2005-04-13,162.5,162.5,162.5,162.5,0.0,0.0
2005-04-14,162.5,162.5,162.5,162.5,0.0,0.0
2005-04-15,162.5,162.5,162.5,162.5,0.0,0.0
2005-04-18,162.5,162.5,162.5,162.5,0.0,0.0
2005-04-19,162.5,162.5,162.5,162.5,0.0,0.0
2005-04-20,162.5,162.5,162.5,162.5,0.0,60000.0
2005-04-21,162.5,162.5,162.5,162.5,0.0,42480.0
2005-04-22,162.5,162.5,162.5,162.5,0.0,10000.0
2005-04-25,162.5,162.5,162.5,162.5,0.0,33400.0
2005-04-26,162.5,162.5,162.5,162.5,0.0,1024.58
2005-04-27,162.5,162.5,162.5,162.5,0.0,600.0
2005-04-28,237.5,237.5,237.5,237.5,0.0,1.0
2005-04-29,237.5,237.5,237.5,237.5,0.0,400.0
2005-05-02,237.5,237.5,237.5,237.5,0.0,0.0
2005-05-03,237.5,237.5,237.5,237.5,0.0,325620.0
2005-05-04,237.5,237.5,237.5,237.5,0.0,100.0
2005-05-05,237.5,237.5,237.5,237.5,0.0,80800.0
2005-05-06,237.5,237.5,237.5,237.5,0.0,200.0
2005-05-09,237.5,237.5,237.5,237.5,0.0,0.0
2005-05-10,237.5,237.5,237.5,237.5,0.0,0.0
2005-05-11,237.5,237.5,237.5,237.5,0.0,4800.0
2005-05-12,237.5,237.5,237.5,237.5,0.0,15000.0
2005-05-13,237.5,237.5,237.5,237.5,0.0,754.08
2005-05-16,237.5,237.5,237.5,237.5,0.0,60.0
2005-05-17,237.5,237.5,237.5,237.5,0.0,0.0
2005-05-18,237.5,237.5,237.5,237.5,0.0,120000.0
2005-05-19,237.5,237.5,237.5,237.5,0.0,0.0
2005-05-20,237.5,237.5,237.5,237.5,0.0,0.0
2005-05-23,237.5,237.5,237.5,237.5,0.0,0.0
2005-05-24,237.5,237.5,237.5,237.5,0.0,0.0
2005-05-25,237.5,237.5,237.5,237.5,0.0,0.0
2005-05-26,237.5,237.5,237.5,237.5,0.0,0.0
2005-05-27,237.5,237.5,237.5,237.5,0.0,0.0
2005-05-30,237.5,237.5,237.5,237.5,0.0,0.0
2005-05-31,237.5,237.5,237.5,237.5,0.0,0.0
2005-06-01,237.5,237.5,237.5,237.5,0.0,0.0
2005-06-02,237.5,237.5,237.5,237.5,0.0,0.0
2005-06-03,237.5,237.5,237.5,237.5,0.0,0.0
2005-06-06,237.5,237.5,237.5,237.5,0.0,0.0
2005-06-07,237.5,237.5,237.5,237.5,0.0,0.0
2005-06-08,237.5,237.5,237.5,237.5,0.0,0.0
2005-06-09,237.5,237.5,237.5,237.5,0.0,0.0
2005-06-10,237.5,237.5,237.5,237.5,0.0,60.0
2005-06-13,237.5,237.5,237.5,237.5,0.0,0.0
2005-06-14,237.5,237.5,237.5,237.5,0.0,0.0
2005-06-15,237.5,237.5,237.5,237.5,0.0,0.0
2005-06-16,237.5,237.5,237.5,237.5,0.0,0.0
2005-06-17,237.5,237.5,237.5,237.5,0.0,0.0
2005-06-20,237.5,237.5,237.5,237.5,0.0,0.0
2005-06-21,237.5,237.5,237.5,237.5,0.0,0.0
2005-06-22,237.5,237.5,237.5,237.5,0.0,0.0
2005-06-23,237.5,237.5,237.5,237.5,0.0,0.0
2005-06-24,237.5,237.5,237.5,237.5,0.0,0.0
2005-06-27,237.5,237.5,237.5,237.5,0.0,0.0
2005-06-28,237.5,237.5,237.5,237.5,0.0,0.0
2005-06-29,237.5,237.5,237.5,237.5,0.0,0.0
2005-06-30,237.5,237.5,237.5,237.5,0.0,40000.0
2005-07-01,237.5,237.5,237.5,237.5,0.0,0.0
2005-07-04,237.5,237.5,237.5,237.5,0.0,0.0
2005-07-05,237.5,237.5,237.5,237.5,0.0,4400.0
2005-07-06,225.0,225.0,225.0,225.0,0.0,1.0
2005-07-07,225.0,225.0,225.0,225.0,0.0,0.0
2005-07-08,225.0,225.0,225.0,225.0,0.0,120000.0
2005-07-11,225.0,225.0,225.0,225.0,0.0,0.0
2005-07-12,225.0,225.0,225.0,225.0,0.0,0.0
2005-07-13,212.5,212.5,212.5,212.5,0.0,1.0
2005-07-14,212.5,212.5,212.5,212.5,0.0,0.0
2005-07-15,212.5,212.5,212.5,212.5,0.0,0.0
2005-07-18,212.5,212.5,212.5,212.5,0.0,0.0
2005-07-19,212.5,212.5,212.5,212.5,0.0,0.0
2005-07-20,212.5,212.5,212.5,212.5,0.0,5.02
2005-07-21,212.5,212.5,212.5,212.5,0.0,1000.0
2005-07-22,212.5,212.5,212.5,212.5,0.0,200.0
2005-07-25,212.5,212.5,212.5,212.5,0.0,860.0
2005-07-26,212.5,212.5,212.5,212.5,0.0,500.0
2005-07-27,212.5,212.5,212.5,212.5,0.0,700.0
2005-07-28,212.5,212.5,212.5,212.5,0.0,600.0
2005-07-29,143.75,143.75,143.75,143.75,0.0,1.0
2005-08-01,143.75,143.75,143.75,143.75,0.0,0.0
2005-08-02,143.75,143.75,143.75,143.75,0.0,250.0
2005-08-03,143.75,143.75,143.75,143.75,0.0,0.0
2005-08-04,143.75,143.75,143.75,143.75,0.0,0.0
2005-08-05,143.75,143.75,143.75,143.75,0.0,301.26
2005-08-08,143.75,143.75,143.75,143.75,0.0,1594.08
2005-08-09,143.75,143.75,143.75,143.75,0.0,929.42
2005-08-10,143.75,143.75,143.75,143.75,0.0,349.76
2005-08-11,143.75,143.75,143.75,143.75,0.0,0.0
2005-08-12,143.75,143.75,143.75,143.75,0.0,0.0
2005-08-15,143.75,143.75,143.75,143.75,0.0,0.0
2005-08-16,143.75,143.75,143.75,143.75,0.0,140.0
2005-08-17,143.75,143.75,143.75,143.75,0.0,0.0
2005-08-18,143.75,143.75,143.75,143.75,0.0,0.0
2005-08-19,143.75,143.75,143.75,143.75,0.0,0.0
2005-08-22,143.75,143.75,143.75,143.75,0.0,0.0
2005-08-23,143.75,143.75,143.75,143.75,0.0,1194.36
2005-08-24,143.75,143.75,143.75,143.75,0.0,35141.84
2005-08-25,143.75,143.75,143.75,143.75,0.0,60.0
2005-08-26,143.75,143.75,143.75,143.75,0.0,2259.88
2005-08-29,143.75,143.75,143.75,143.75,0.0,0.0
2005-08-30,143.75,143.75,143.75,143.75,0.0,20120.0
2005-08-31,137.5,137.5,137.5,137.5,0.0,1.0
2005-09-01,137.5,137.5,137.5,137.5,0.0,255994.92
2005-09-02,137.5,137.5,137.5,137.5,0.0,127627.88
2005-09-05,137.5,137.5,137.5,137.5,0.0,57280.0
2005-09-06,137.5,137.5,137.5,137.5,0.0,191.98
2005-09-07,137.5,137.5,137.5,137.5,0.0,400.0
2005-09-08,137.5,137.5,137.5,137.5,0.0,28000.0
2005-09-09,137.5,137.5,137.5,137.5,0.0,0.0
2005-09-12,137.5,137.5,137.5,137.5,0.0,0.0
2005-09-13,137.5,137.5,137.5,137.5,0.0,0.0
2005-09-14,137.5,137.5,137.5,137.5,0.0,0.0
2005-09-15,137.5,137.5,137.5,137.5,0.0,400.0
2005-09-16,137.5,137.5,137.5,137.5,0.0,188300.0
2005-09-19,137.5,137.5,137.5,137.5,0.0,0.0
2005-09-20,137.5,137.5,137.5,137.5,0.0,24235.92
2005-09-21,137.5,137.5,137.5,137.5,0.0,62000.0
2005-09-22,137.5,137.5,137.5,137.5,0.0,583.32
2005-09-23,137.5,137.5,137.5,137.5,0.0,0.0
2005-09-26,137.5,137.5,137.5,137.5,0.0,0.0
2005-09-27,137.5,137.5,137.5,137.5,0.0,6000.0
2005-09-28,93.75,93.75,93.75,93.75,0.0,1.0
2005-09-29,93.75,93.75,93.75,93.75,0.0,0.0
2005-09-30,93.75,93.75,93.75,93.75,0.0,1317.84
2005-10-03,93.75,93.75,93.75,93.75,0.0,0.0
2005-10-04,93.75,93.75,93.75,93.75,0.0,1224.48
2005-10-05,93.75,93.75,93.75,93.75,0.0,200.0
2005-10-06,93.75,93.75,93.75,93.75,0.0,300.12
2005-10-07,81.25,81.25,81.25,81.25,0.0,1.0
2005-10-10,81.25,81.25,81.25,81.25,0.0,200.0
2005-10-11,81.25,81.25,81.25,81.25,0.0,4000.0
2005-10-12,81.25,81.25,81.25,81.25,0.0,1579.94
2005-10-13,81.25,81.25,81.25,81.25,0.0,1575.12
2005-10-14,81.25,81.25,81.25,81.25,0.0,1428.58
2005-10-17,81.25,81.25,81.25,81.25,0.0,1000.0
2005-10-18,75.0,75.0,75.0,75.0,0.0,1.0
2005-10-19,75.0,75.0,75.0,75.0,0.0,660.0
2005-10-20,75.0,75.0,75.0,75.0,0.0,0.0
2005-10-21,75.0,75.0,75.0,75.0,0.0,0.0
2005-10-24,75.0,75.0,75.0,75.0,0.0,0.0
2005-10-25,75.0,75.0,75.0,75.0,0.0,0.0
2005-10-26,75.0,75.0,75.0,75.0,0.0,0.0
2005-10-27,75.0,75.0,75.0,75.0,0.0,4000.0
2005-10-28,75.0,75.0,75.0,75.0,0.0,0.0
2005-10-31,75.0,75.0,75.0,75.0,0.0,0.0
2005-11-01,75.0,75.0,75.0,75.0,0.0,0.0
2005-11-02,75.0,75.0,75.0,75.0,0.0,0.0
2005-11-03,75.0,75.0,75.0,75.0,0.0,1063.82
2005-11-04,75.0,75.0,75.0,75.0,0.0,1000.0
2005-11-07,81.25,81.25,81.25,81.25,0.0,1.0
2005-11-08,81.25,81.25,81.25,81.25,0.0,0.0
2005-11-09,81.25,81.25,81.25,81.25,0.0,1000.0
2005-11-10,81.25,81.25,81.25,81.25,0.0,0.0
2005-11-11,81.25,81.25,81.25,81.25,0.0,0.0
2005-11-14,81.25,81.25,81.25,81.25,0.0,0.0
2005-11-15,81.25,81.25,81.25,81.25,0.0,0.0
2005-11-16,81.25,81.25,81.25,81.25,0.0,0.0
2005-11-17,81.25,81.25,81.25,81.25,0.0,1000.0
2005-11-18,75.0,75.0,75.0,75.0,0.0,1.0
2005-11-21,75.0,75.0,75.0,75.0,0.0,0.0
2005-11-22,75.0,75.0,75.0,75.0,0.0,0.0
2005-11-23,75.0,75.0,75.0,75.0,0.0,0.0
2005-11-24,75.0,75.0,75.0,75.0,0.0,1000.0
2005-11-25,75.0,75.0,75.0,75.0,0.0,500.0
2005-11-28,75.0,75.0,75.0,75.0,0.0,1204.8
2005-11-29,68.75,68.75,68.75,68.75,0.0,1.0
2005-11-30,68.75,68.75,68.75,68.75,0.0,1000.0
2005-12-01,68.75,68.75,68.75,68.75,0.0,0.0
2005-12-02,68.75,68.75,68.75,68.75,0.0,0.0
2005-12-05,68.75,68.75,68.75,68.75,0.0,800.0
2005-12-06,68.75,68.75,68.75,68.75,0.0,10666.66
2005-12-07,68.75,68.75,68.75,68.75,0.0,0.0
2005-12-08,68.75,68.75,68.75,68.75,0.0,0.0
2005-12-09,68.75,68.75,68.75,68.75,0.0,0.0
2005-12-12,68.75,68.75,68.75,68.75,0.0,0.0
2005-12-13,68.75,68.75,68.75,68.75,0.0,500.0
2005-12-14,68.75,68.75,68.75,68.75,0.0,0.0
2005-12-15,68.75,68.75,68.75,68.75,0.0,520.0
2005-12-16,68.75,68.75,68.75,68.75,0.0,0.0
2005-12-19,68.75,68.75,68.75,68.75,0.0,0.0
2005-12-20,68.75,68.75,68.75,68.75,0.0,500.0
2005-12-21,68.75,68.75,68.75,68.75,0.0,641.1
2005-12-22,68.75,68.75,68.75,68.75,0.0,0.0
2005-12-23,68.75,68.75,68.75,68.75,0.0,0.0
2005-12-26,68.75,68.75,68.75,68.75,0.0,0.0
2005-12-27,68.75,68.75,68.75,68.75,0.0,0.0
2005-12-28,68.75,68.75,68.75,68.75,0.0,0.0
2005-12-29,68.75,68.75,68.75,68.75,0.0,0.0
2005-12-30,68.75,68.75,68.75,68.75,0.0,0.0
2006-01-02,68.75,68.75,68.75,68.75,0.0,0.0
2006-01-03,68.75,68.75,68.75,68.75,0.0,600.0
2006-01-04,62.5,62.5,62.5,62.5,0.0,1.0
2006-01-05,62.5,62.5,62.5,62.5,0.0,0.0
2006-01-06,62.5,62.5,62.5,62.5,0.0,0.0
2006-01-09,62.5,62.5,62.5,62.5,0.0,280.0
2006-01-10,62.5,62.5,62.5,62.5,0.0,0.0
2006-01-11,62.5,62.5,62.5,62.5,0.0,0.0
2006-01-12,62.5,62.5,62.5,62.5,0.0,0.0
2006-01-13,62.5,62.5,62.5,62.5,0.0,0.0
2006-01-16,62.5,62.5,62.5,62.5,0.0,1000.0
2006-01-17,68.75,68.75,68.75,68.75,0.0,1.0
2006-01-18,68.75,68.75,68.75,68.75,0.0,0.0
2006-01-19,68.75,68.75,68.75,68.75,0.0,0.0
2006-01-20,68.75,68.75,68.75,68.75,0.0,0.0
2006-01-23,68.75,68.75,68.75,68.75,0.0,0.0
2006-01-24,68.75,68.75,68.75,68.75,0.0,0.0
2006-01-25,68.75,68.75,68.75,68.75,0.0,0.0
2006-01-26,68.75,68.75,68.75,68.75,0.0,700.0
2006-01-27,68.75,68.75,68.75,68.75,0.0,609.06
2006-01-30,68.75,68.75,68.75,68.75,0.0,0.0
2006-01-31,68.75,68.75,68.75,68.75,0.0,816.32
2006-02-01,68.75,68.75,68.75,68.75,0.0,0.0
2006-02-02,68.75,68.75,68.75,68.75,0.0,780.0
2006-02-03,68.75,68.75,68.75,68.75,0.0,1000.0
2006-02-06,62.5,62.5,62.5,62.5,0.0,1.0
2006-02-07,62.5,62.5,62.5,62.5,0.0,0.0
2006-02-08,62.5,62.5,62.5,62.5,0.0,6224.48
2006-02-09,62.5,62.5,62.5,62.5,0.0,500.0
2006-02-10,62.5,62.5,62.5,62.5,0.0,912.24
2006-02-13,100.0,100.0,100.0,100.0,0.0,1.0
2006-02-14,100.0,100.0,100.0,100.0,0.0,0.0
2006-02-15,100.0,100.0,100.0,100.0,0.0,320.0
2006-02-16,100.0,100.0,100.0,100.0,0.0,2219.34
2006-02-17,106.25,106.25,106.25,106.25,0.0,1.0
2006-02-20,106.25,106.25,106.25,106.25,0.0,9100.0
2006-02-21,106.25,106.25,106.25,106.25,0.0,7857.16
2006-02-22,168.75,168.75,168.75,168.75,0.0,1.0
2006-02-23,168.75,168.75,168.75,168.75,0.0,0.0
2006-02-24,168.75,168.75,168.75,168.75,0.0,0.0
2006-02-27,168.75,168.75,168.75,168.75,0.0,0.0
2006-02-28,168.75,168.75,168.75,168.75,0.0,0.0
2006-03-01,168.75,168.75,168.75,168.75,0.0,0.0
2006-03-02,168.75,168.75,168.75,168.75,0.0,0.0
2006-03-03,168.75,168.75,168.75,168.75,0.0,0.0
2006-03-06,168.75,168.75,168.75,168.75,0.0,0.0
2006-03-07,168.75,168.75,168.75,168.75,0.0,0.0
2006-03-08,168.75,168.75,168.75,168.75,0.0,0.0
2006-03-09,168.75,168.75,168.75,168.75,0.0,0.0
2006-03-10,168.75,168.75,168.75,168.75,0.0,0.0
2006-03-13,168.75,168.75,168.75,168.75,0.0,0.0
2006-03-14,168.75,168.75,168.75,168.75,0.0,0.0
2006-03-15,168.75,168.75,168.75,168.75,0.0,0.0
2006-03-16,168.75,168.75,168.75,168.75,0.0,0.0
2006-03-17,168.75,168.75,168.75,168.75,0.0,0.0
2006-03-20,168.75,168.75,168.75,168.75,0.0,0.0
2006-03-21,168.75,168.75,168.75,168.75,0.0,0.0
2006-03-22,168.75,168.75,168.75,168.75,0.0,0.0
2006-03-23,168.75,168.75,168.75,168.75,0.0,0.0
2006-03-24,168.75,168.75,168.75,168.75,0.0,0.0
2006-03-27,168.75,168.75,168.75,168.75,0.0,0.0
2006-03-28,168.75,168.75,168.75,168.75,0.0,0.0
2006-03-29,168.75,168.75,168.75,168.75,0.0,0.0
2006-03-30,168.75,168.75,168.75,168.75,0.0,0.0
2006-03-31,168.75,168.75,168.75,168.75,0.0,0.0
2006-04-03,168.75,168.75,168.75,168.75,0.0,0.0
2006-04-04,168.75,168.75,168.75,168.75,0.0,0.0
2006-04-05,168.75,168.75,168.75,168.75,0.0,0.0
2006-04-06,168.75,168.75,168.75,168.75,0.0,0.0
2006-04-07,168.75,168.75,168.75,168.75,0.0,0.0
2006-04-10,168.75,168.75,168.75,168.75,0.0,0.0
2006-04-11,168.75,168.75,168.75,168.75,0.0,0.0
2006-04-12,168.75,168.75,168.75,168.75,0.0,0.0
2006-04-13,168.75,168.75,168.75,168.75,0.0,0.0
2006-04-14,168.75,168.75,168.75,168.75,0.0,0.0
2006-04-17,168.75,168.75,168.75,168.75,0.0,0.0
2006-04-18,168.75,168.75,168.75,168.75,0.0,0.0
2006-04-19,168.75,168.75,168.75,168.75,0.0,0.0
2006-04-20,168.75,168.75,168.75,168.75,0.0,0.0
2006-04-21,168.75,168.75,168.75,168.75,0.0,0.0
2006-04-24,168.75,168.75,168.75,168.75,0.0,0.0
2006-04-25,168.75,168.75,168.75,168.75,0.0,0.0
2006-04-26,168.75,168.75,168.75,168.75,0.0,0.0
2006-04-27,168.75,168.75,168.75,168.75,0.0,0.0
2006-04-28,168.75,168.75,168.75,168.75,0.0,0.0
2006-05-01,168.75,168.75,168.75,168.75,0.0,0.0
2006-05-02,168.75,168.75,168.75,168.75,0.0,0.0
2006-05-03,168.75,168.75,168.75,168.75,0.0,0.0
2006-05-04,168.75,168.75,168.75,168.75,0.0,0.0
2006-05-05,168.75,168.75,168.75,168.75,0.0,0.0
2006-05-08,168.75,168.75,168.75,168.75,0.0,0.0
2006-05-09,168.75,168.75,168.75,168.75,0.0,0.0
2006-05-10,168.75,168.75,168.75,168.75,0.0,0.0
2006-05-11,168.75,168.75,168.75,168.75,0.0,0.0
2006-05-12,168.75,168.75,168.75,168.75,0.0,0.0
2006-05-15,168.75,168.75,168.75,168.75,0.0,0.0
2006-05-16,168.75,168.75,168.75,168.75,0.0,0.0
2006-05-17,168.75,168.75,168.75,168.75,0.0,0.0
2006-05-18,168.75,168.75,168.75,168.75,0.0,0.0
2006-05-19,168.75,168.75,168.75,168.75,0.0,0.0
2006-05-22,168.75,168.75,168.75,168.75,0.0,0.0
2006-05-23,168.75,168.75,168.75,168.75,0.0,0.0
2006-05-24,168.75,168.75,168.75,168.75,0.0,0.0
2006-05-25,168.75,168.75,168.75,168.75,0.0,0.0
2006-05-26,168.75,168.75,168.75,168.75,0.0,0.0
2006-05-29,168.75,168.75,168.75,168.75,0.0,0.0
2006-05-30,168.75,168.75,168.75,168.75,0.0,0.0
2006-05-31,168.75,168.75,168.75,168.75,0.0,0.0
2006-06-01,168.75,168.75,168.75,168.75,0.0,0.0
2006-06-02,168.75,168.75,168.75,168.75,0.0,0.0
2006-06-05,168.75,168.75,168.75,168.75,0.0,0.0
2006-06-06,168.75,168.75,168.75,168.75,0.0,0.0
2006-06-07,168.75,168.75,168.75,168.75,0.0,0.0
2006-06-08,168.75,168.75,168.75,168.75,0.0,0.0
2006-06-09,168.75,168.75,168.75,168.75,0.0,0.0
2006-06-12,168.75,168.75,168.75,168.75,0.0,0.0
2006-06-13,168.75,168.75,168.75,168.75,0.0,0.0
2006-06-14,168.75,168.75,168.75,168.75,0.0,0.0
2006-06-15,168.75,168.75,168.75,168.75,0.0,0.0
2006-06-16,168.75,168.75,168.75,168.75,0.0,0.0
2006-06-19,168.75,168.75,168.75,168.75,0.0,0.0
2006-06-20,168.75,168.75,168.75,168.75,0.0,0.0
2006-06-21,168.75,168.75,168.75,168.75,0.0,0.0
2006-06-22,168.75,168.75,168.75,168.75,0.0,0.0
2006-06-23,168.75,168.75,168.75,168.75,0.0,0.0
2006-06-26,168.75,168.75,168.75,168.75,0.0,0.0
2006-06-27,168.75,168.75,168.75,168.75,0.0,0.0
2006-06-28,168.75,168.75,168.75,168.75,0.0,82600.0
2006-06-29,168.75,168.75,168.75,168.75,0.0,300.0
2006-06-30,168.75,168.75,168.75,168.75,0.0,1322.74
2006-07-03,168.75,168.75,168.75,168.75,0.0,13331.34
2006-07-04,168.75,168.75,168.75,168.75,0.0,2388.0
2006-07-05,168.75,168.75,168.75,168.75,0.0,50000.0
2006-07-06,100.0,100.0,100.0,100.0,0.0,1.0
2006-07-07,100.0,100.0,100.0,100.0,0.0,40788.44
2006-07-10,100.0,100.0,100.0,100.0,0.0,16458.64
2006-07-11,125.0,125.0,125.0,125.0,0.0,1.0
2006-07-12,125.0,125.0,125.0,125.0,0.0,5080.0
2006-07-13,125.0,125.0,125.0,125.0,0.0,0.0
2006-07-14,125.0,125.0,125.0,125.0,0.0,2301.26
2006-07-17,125.0,125.0,125.0,125.0,0.0,0.0
2006-07-18,125.0,125.0,125.0,125.0,0.0,600.0
2006-07-19,125.0,125.0,125.0,125.0,0.0,1200.0
2006-07-20,125.0,125.0,125.0,125.0,0.0,1500.0
2006-07-21,125.0,125.0,125.0,125.0,0.0,126950.0
2006-07-24,125.0,125.0,125.0,125.0,0.0,149997.06
2006-07-25,125.0,125.0,125.0,125.0,0.0,9500.0
2006-07-26,125.0,125.0,125.0,125.0,0.0,7603.84
2006-07-27,125.0,125.0,125.0,125.0,0.0,200120.0
2006-07-28,125.0,125.0,125.0,125.0,0.0,6960.0
2006-07-31,125.0,125.0,125.0,125.0,0.0,1224.48
2006-08-01,162.5,162.5,162.5,162.5,0.0,1.0
2006-08-02,162.5,162.5,162.5,162.5,0.0,0.0
2006-08-03,162.5,162.5,162.5,162.5,0.0,1418.28
2006-08-04,162.5,162.5,162.5,162.5,0.0,0.0
2006-08-07,162.5,162.5,162.5,162.5,0.0,2117.64
2006-08-08,162.5,162.5,162.5,162.5,0.0,3925.92
2006-08-09,143.75,143.75,143.75,143.75,0.0,1.0
2006-08-10,143.75,143.75,143.75,143.75,0.0,1300.0
2006-08-11,143.75,143.75,143.75,143.75,0.0,597.94
2006-08-14,143.75,143.75,143.75,143.75,0.0,1000.0
2006-08-15,131.25,131.25,131.25,131.25,0.0,1.0
2006-08-16,131.25,131.25,131.25,131.25,0.0,700.0
2006-08-17,131.25,131.25,131.25,131.25,0.0,500.0
2006-08-18,125.0,125.0,125.0,125.0,0.0,1.0
2006-08-21,125.0,125.0,125.0,125.0,0.0,900.0
2006-08-22,131.25,131.25,131.25,131.25,0.0,1.0
2006-08-23,131.25,131.25,131.25,131.25,0.0,40000.0
2006-08-24,131.25,131.25,131.25,131.25,0.0,42456.14
2006-08-25,131.25,131.25,131.25,131.25,0.0,1717.84
2006-08-28,131.25,131.25,131.25,131.25,0.0,0.0
2006-08-29,131.25,131.25,131.25,131.25,0.0,1767.0
2006-08-30,131.25,131.25,131.25,131.25,0.0,753.6
2006-08-31,125.0,125.0,125.0,125.0,0.0,1.0
2006-09-01,125.0,125.0,125.0,125.0,0.0,0.0
2006-09-04,125.0,125.0,125.0,125.0,0.0,200.0
2006-09-05,125.0,125.0,125.0,125.0,0.0,864.48
2006-09-06,125.0,125.0,125.0,125.0,0.0,384.16
2006-09-07,125.0,125.0,125.0,125.0,0.0,867.5
2006-09-08,125.0,125.0,125.0,125.0,0.0,0.0
2006-09-11,125.0,125.0,125.0,125.0,0.0,0.0
2006-09-12,125.0,125.0,125.0,125.0,0.0,0.0
2006-09-13,125.0,125.0,125.0,125.0,0.0,0.0
2006-09-14,125.0,125.0,125.0,125.0,0.0,0.0
2006-09-15,125.0,125.0,125.0,125.0,0.0,0.0
2006-09-18,125.0,125.0,125.0,125.0,0.0,0.0
2006-09-19,125.0,125.0,125.0,125.0,0.0,1632.66
2006-09-20,125.0,125.0,125.0,125.0,0.0,0.0
2006-09-21,125.0,125.0,125.0,125.0,0.0,0.0
2006-09-22,125.0,125.0,125.0,125.0,0.0,0.0
2006-09-25,125.0,125.0,125.0,125.0,0.0,0.0
2006-09-26,125.0,125.0,125.0,125.0,0.0,700.0
2006-09-27,125.0,125.0,125.0,125.0,0.0,0.0
2006-09-28,125.0,125.0,125.0,125.0,0.0,10000.0
2006-09-29,125.0,125.0,125.0,125.0,0.0,244.0
2006-10-02,125.0,125.0,125.0,125.0,0.0,3150.6
2006-10-03,125.0,125.0,125.0,125.0,0.0,13040.0
2006-10-04,125.0,125.0,125.0,125.0,0.0,13960.22
2006-10-05,125.0,125.0,125.0,125.0,0.0,609400.0
2006-10-06,125.0,125.0,125.0,125.0,0.0,760.0
2006-10-09,118.75,118.75,118.75,118.75,0.0,1.0
2006-10-10,118.75,118.75,118.75,118.75,0.0,4000.0
2006-10-11,118.75,118.75,118.75,118.75,0.0,16000.0
2006-10-12,118.75,118.75,118.75,118.75,0.0,2612.24
2006-10-13,118.75,118.75,118.75,118.75,0.0,4150.0
2006-10-16,118.75,118.75,118.75,118.75,0.0,8935.28
2006-10-17,118.75,118.75,118.75,118.75,0.0,6089.1
2006-10-18,118.75,118.75,118.75,118.75,0.0,740.74
2006-10-19,87.5,87.5,87.5,87.5,0.0,1.0
2006-10-20,87.5,87.5,87.5,87.5,0.0,0.0
2006-10-23,87.5,87.5,87.5,87.5,0.0,2200.0
2006-10-24,87.5,87.5,87.5,87.5,0.0,500.0
2006-10-25,87.5,87.5,87.5,87.5,0.0,0.0
2006-10-26,87.5,87.5,87.5,87.5,0.0,0.0
2006-10-27,87.5,87.5,87.5,87.5,0.0,0.0
2006-10-30,87.5,87.5,87.5,87.5,0.0,0.0
2006-10-31,87.5,87.5,87.5,87.5,0.0,0.0
2006-11-01,87.5,87.5,87.5,87.5,0.0,1000.0
2006-11-02,87.5,87.5,87.5,87.5,0.0,8300.0
2006-11-03,87.5,87.5,87.5,87.5,0.0,0.0
2006-11-06,87.5,87.5,87.5,87.5,0.0,0.0
2006-11-07,87.5,87.5,87.5,87.5,0.0,1000.0
2006-11-08,81.25,81.25,81.25,81.25,0.0,1.0
2006-11-09,81.25,81.25,81.25,81.25,0.0,0.0
2006-11-10,81.25,81.25,81.25,81.25,0.0,1000.0
2006-11-13,81.25,81.25,81.25,81.25,0.0,0.0
2006-11-14,81.25,81.25,81.25,81.25,0.0,5940.22
2006-11-15,81.25,81.25,81.25,81.25,0.0,18088.6
2006-11-16,81.25,81.25,81.25,81.25,0.0,117849.7
2006-11-17,81.25,81.25,81.25,81.25,0.0,68882.1
2006-11-20,81.25,81.25,81.25,81.25,0.0,20986.06
2006-11-21,81.25,81.25,81.25,81.25,0.0,84600.12
2006-11-22,81.25,81.25,81.25,81.25,0.0,36968.98
2006-11-23,81.25,81.25,81.25,81.25,0.0,3552.3
2006-11-24,81.25,81.25,81.25,81.25,0.0,4562.92
2006-11-27,81.25,81.25,81.25,81.25,0.0,1560.0
2006-11-28,81.25,81.25,81.25,81.25,0.0,9565.44
2006-11-29,81.25,81.25,81.25,81.25,0.0,71.56
2006-11-30,81.25,81.25,81.25,81.25,0.0,1400.0
2006-12-01,81.25,81.25,81.25,81.25,0.0,900.0
2006-12-04,81.25,81.25,81.25,81.25,0.0,500.0
2006-12-05,81.25,81.25,81.25,81.25,0.0,4000.0
2006-12-06,81.25,81.25,81.25,81.25,0.0,2400.0
2006-12-07,81.25,81.25,81.25,81.25,0.0,7758.4
2006-12-08,106.25,106.25,106.25,106.25,0.0,1.0
2006-12-11,106.25,106.25,106.25,106.25,0.0,944.4
2006-12-12,106.25,106.25,106.25,106.25,0.0,1733.6
2006-12-13,106.25,106.25,106.25,106.25,0.0,0.0
2006-12-14,106.25,106.25,106.25,106.25,0.0,3859.26
2006-12-15,106.25,106.25,106.25,106.25,0.0,600.0
2006-12-18,106.25,106.25,106.25,106.25,0.0,0.0
2006-12-19,106.25,106.25,106.25,106.25,0.0,5500.0
2006-12-20,106.25,106.25,106.25,106.25,0.0,22166.66
2006-12-21,106.25,106.25,106.25,106.25,0.0,1608.16
2006-12-22,106.25,106.25,106.25,106.25,0.0,700.0
2006-12-25,106.25,106.25,106.25,106.25,0.0,0.0
2006-12-26,106.25,106.25,106.25,106.25,0.0,0.0
2006-12-27,125.0,125.0,125.0,125.0,0.0,1.0
2006-12-28,125.0,125.0,125.0,125.0,0.0,0.0
2006-12-29,125.0,125.0,125.0,125.0,0.0,0.0
2007-01-01,125.0,125.0,125.0,125.0,0.0,0.0
2007-01-02,125.0,125.0,125.0,125.0,0.0,1030.92
2007-01-03,125.0,125.0,125.0,125.0,0.0,1814.44
2007-01-04,125.0,125.0,125.0,125.0,0.0,1957.14
2007-01-05,125.0,125.0,125.0,125.0,0.0,300.0
2007-01-08,125.0,125.0,125.0,125.0,0.0,0.0
2007-01-09,125.0,125.0,125.0,125.0,0.0,2196.38
2007-01-10,118.75,118.75,118.75,118.75,0.0,1.0
2007-01-11,118.75,118.75,118.75,118.75,0.0,448.98
2007-01-12,118.75,118.75,118.75,118.75,0.0,0.0
2007-01-15,118.75,118.75,118.75,118.75,0.0,200.0
2007-01-16,118.75,118.75,118.75,118.75,0.0,2544.9
2007-01-17,118.75,118.75,118.75,118.75,0.0,540.0
2007-01-18,118.75,118.75,118.75,118.75,0.0,3040.0
2007-01-19,118.75,118.75,118.75,118.75,0.0,2146.0
2007-01-22,118.75,118.75,118.75,118.75,0.0,5040.0
2007-01-23,118.75,118.75,118.75,118.75,0.0,0.0
2007-01-24,118.75,118.75,118.75,118.75,0.0,2819.22
2007-01-25,118.75,118.75,118.75,118.75,0.0,0.0
2007-01-26,118.75,118.75,118.75,118.75,0.0,0.0
2007-01-29,118.75,118.75,118.75,118.75,0.0,3340.0
2007-01-30,118.75,118.75,118.75,118.75,0.0,4400.0
2007-01-31,118.75,118.75,118.75,118.75,0.0,900.0
2007-02-01,118.75,118.75,118.75,118.75,0.0,3419.68
2007-02-02,118.75,118.75,118.75,118.75,0.0,400.0
2007-02-05,118.75,118.75,118.75,118.75,0.0,500.0
2007-02-06,118.75,118.75,118.75,118.75,0.0,8000.0
2007-02-07,118.75,118.75,118.75,118.75,0.0,500.0
2007-02-08,118.75,118.75,118.75,118.75,0.0,1600.0
2007-02-09,118.75,118.75,118.75,118.75,0.0,1788.72
2007-02-12,118.75,118.75,118.75,118.75,0.0,11044.44
2007-02-13,106.25,106.25,106.25,106.25,0.0,1.0
2007-02-14,106.25,106.25,106.25,106.25,0.0,0.0
2007-02-15,106.25,106.25,106.25,106.25,0.0,0.0
2007-02-16,106.25,106.25,106.25,106.25,0.0,0.0
2007-02-19,106.25,106.25,106.25,106.25,0.0,0.0
2007-02-20,106.25,106.25,106.25,106.25,0.0,0.0
2007-02-21,106.25,106.25,106.25,106.25,0.0,0.0
2007-02-22,106.25,106.25,106.25,106.25,0.0,0.0
2007-02-23,106.25,106.25,106.25,106.25,0.0,0.0
2007-02-26,106.25,106.25,106.25,106.25,0.0,0.0
2007-02-27,106.25,106.25,106.25,106.25,0.0,0.0
2007-02-28,106.25,106.25,106.25,106.25,0.0,0.0
2007-03-01,106.25,106.25,106.25,106.25,0.0,0.0
2007-03-02,106.25,106.25,106.25,106.25,0.0,0.0
2007-03-05,106.25,106.25,106.25,106.25,0.0,0.0
2007-03-06,106.25,106.25,106.25,106.25,0.0,0.0
2007-03-07,106.25,106.25,106.25,106.25,0.0,0.0
2007-03-08,106.25,106.25,106.25,106.25,0.0,0.0
2007-03-09,106.25,106.25,106.25,106.25,0.0,0.0
2007-03-12,106.25,106.25,106.25,106.25,0.0,0.0
2007-03-13,106.25,106.25,106.25,106.25,0.0,0.0
2007-03-14,106.25,106.25,106.25,106.25,0.0,0.0
2007-03-15,106.25,106.25,106.25,106.25,0.0,0.0
2007-03-16,106.25,106.25,106.25,106.25,0.0,0.0
2007-03-19,106.25,106.25,106.25,106.25,0.0,0.0
2007-03-20,106.25,106.25,106.25,106.25,0.0,0.0
2007-03-21,106.25,106.25,106.25,106.25,0.0,0.0
2007-03-22,106.25,106.25,106.25,106.25,0.0,0.0
2007-03-23,106.25,106.25,106.25,106.25,0.0,117796.9
2007-03-26,106.25,106.25,106.25,106.25,0.0,73757.64
2007-03-27,106.25,106.25,106.25,106.25,0.0,9419.22
2007-03-28,106.25,106.25,106.25,106.25,0.0,70929.22
2007-03-29,106.25,106.25,106.25,106.25,0.0,67078.0
2007-03-30,106.25,106.25,106.25,106.25,0.0,21195.82
2007-04-02,106.25,106.25,106.25,106.25,0.0,7208.16
2007-04-03,106.25,106.25,106.25,106.25,0.0,11683.1
2007-04-04,106.25,106.25,106.25,106.25,0.0,18061.22
2007-04-05,106.25,106.25,106.25,106.25,0.0,103000.0
2007-04-06,106.25,106.25,106.25,106.25,0.0,0.0
2007-04-09,106.25,106.25,106.25,106.25,0.0,0.0
2007-04-10,106.25,106.25,106.25,106.25,0.0,4500.0
2007-04-11,106.25,106.25,106.25,106.25,0.0,115411.1
2007-04-12,106.25,106.25,106.25,106.25,0.0,134661.96
2007-04-13,106.25,106.25,106.25,106.25,0.0,6058.84
2007-04-16,106.25,106.25,106.25,106.25,0.0,41503.04
2007-04-17,106.25,106.25,106.25,106.25,0.0,273505.0
2007-04-18,106.25,106.25,106.25,106.25,0.0,195645.0
2007-04-19,106.25,106.25,106.25,106.25,0.0,10574.0
2007-04-20,106.25,106.25,106.25,106.25,0.0,67821.0
2007-04-23,106.25,106.25,106.25,106.25,0.0,31105.0
2007-04-24,106.25,106.25,106.25,106.25,0.0,57673.0
2007-04-25,106.25,106.25,106.25,106.25,0.0,162086.0
2007-04-26,106.25,106.25,106.25,106.25,0.0,87145.0
2007-04-27,106.25,106.25,106.25,106.25,0.0,67613.0
2007-04-30,106.25,106.25,106.25,106.25,0.0,10866.0
2007-05-01,106.25,106.25,106.25,106.25,0.0,10621.0
2007-05-02,106.25,106.25,106.25,106.25,0.0,45091.0
2007-05-03,106.25,106.25,106.25,106.25,0.0,462307.0
2007-05-04,106.25,106.25,106.25,106.25,0.0,23545.0
2007-05-06,106.25,106.25,106.25,106.25,0.0,0.0
2007-05-07,106.25,106.25,106.25,106.25,0.0,0.0
2007-05-08,106.25,106.25,106.25,106.25,0.0,84237.0
2007-05-09,106.25,106.25,106.25,106.25,0.0,24627.0
2007-05-10,106.25,106.25,106.25,106.25,0.0,78705.0
2007-05-11,106.25,106.25,106.25,106.25,0.0,24743.0
2007-05-14,106.25,106.25,106.25,106.25,0.0,147574.0
2007-05-15,106.25,106.25,106.25,106.25,0.0,18195.0
2007-05-16,106.25,106.25,106.25,106.25,0.0,50292.0
2007-05-17,106.25,106.25,106.25,106.25,0.0,10540.0
2007-05-18,106.25,106.25,106.25,106.25,0.0,83327.0
2007-05-21,106.25,106.25,106.25,106.25,0.0,60663.0
2007-05-22,106.25,106.25,106.25,106.25,0.0,45253.0
2007-05-23,106.25,106.25,106.25,106.25,0.0,86938.0
2007-05-24,106.25,106.25,106.25,106.25,0.0,7971.0
2007-05-25,106.25,106.25,106.25,106.25,0.0,12618.0
2007-05-28,106.25,106.25,106.25,106.25,0.0,0.0
2007-05-29,106.25,106.25,106.25,106.25,0.0,119029.0
2007-05-30,106.25,106.25,106.25,106.25,0.0,22234.0
2007-05-31,106.25,106.25,106.25,106.25,0.0,45582.0
2007-06-01,106.25,106.25,106.25,106.25,0.0,6511.0
2007-06-04,106.25,106.25,106.25,106.25,0.0,2690.0
2007-06-05,106.25,106.25,106.25,106.25,0.0,50674.0
2007-06-06,106.25,106.25,106.25,106.25,0.0,55740.0
2007-06-07,106.25,106.25,106.25,106.25,0.0,58704.0
2007-06-08,106.25,106.25,106.25,106.25,0.0,12859.0
2007-06-11,106.25,106.25,106.25,106.25,0.0,47175.0
2007-06-12,106.25,106.25,106.25,106.25,0.0,653492.0
2007-06-13,106.25,106.25,106.25,106.25,0.0,26291.0
2007-06-14,106.25,106.25,106.25,106.25,0.0,36934.0
2007-06-15,106.25,106.25,106.25,106.25,0.0,90799.0
2007-06-18,106.25,106.25,106.25,106.25,0.0,7088.0
2007-06-19,106.25,106.25,106.25,106.25,0.0,73153.0
2007-06-20,106.25,106.25,106.25,106.25,0.0,23070.0
2007-06-21,106.25,106.25,106.25,106.25,0.0,10966.0
2007-06-22,106.25,106.25,106.25,106.25,0.0,83171.0
2007-06-25,106.25,106.25,106.25,106.25,0.0,13374.0
2007-06-26,106.25,106.25,106.25,106.25,0.0,172984.0
2007-06-27,106.25,106.25,106.25,106.25,0.0,152782.0
2007-06-28,106.25,106.25,106.25,106.25,0.0,3858.0
2007-06-29,106.25,106.25,106.25,106.25,0.0,14864.0
2007-07-02,106.25,106.25,106.25,106.25,0.0,19514.0
2007-07-03,106.25,106.25,106.25,106.25,0.0,12563.0
2007-07-04,106.25,106.25,106.25,106.25,0.0,7834.0
2007-07-05,106.25,106.25,106.25,106.25,0.0,501732.0
2007-07-06,106.25,106.25,106.25,106.25,0.0,16630.0
2007-07-09,106.25,106.25,106.25,106.25,0.0,83052.0
2007-07-10,106.25,106.25,106.25,106.25,0.0,2605.0
2007-07-11,106.25,106.25,106.25,106.25,0.0,5550.0
2007-07-12,106.25,106.25,106.25,106.25,0.0,4093.0
2007-07-13,106.25,106.25,106.25,106.25,0.0,7025.0
2007-07-16,106.25,106.25,106.25,106.25,0.0,11896.0
2007-07-17,106.25,106.25,106.25,106.25,0.0,25528.0
2007-07-18,106.25,106.25,106.25,106.25,0.0,9150.0
2007-07-19,106.25,106.25,106.25,106.25,0.0,4744.0
2007-07-20,106.25,106.25,106.25,106.25,0.0,2712.0
2007-07-23,106.25,106.25,106.25,106.25,0.0,9289.0
2007-07-24,106.25,106.25,106.25,106.25,0.0,6653.0
2007-07-25,106.25,106.25,106.25,106.25,0.0,9200.0
2007-07-26,106.25,106.25,106.25,106.25,0.0,4000.0
2007-07-27,106.25,106.25,106.25,106.25,0.0,14132.0
2007-07-30,106.25,106.25,106.25,106.25,0.0,105200.0
2007-07-31,106.25,106.25,106.25,106.25,0.0,20690.0
2007-08-01,106.25,106.25,106.25,106.25,0.0,5000.0
2007-08-02,106.25,106.25,106.25,106.25,0.0,192814.0
2007-08-03,106.25,106.25,106.25,106.25,0.0,4450.0
2007-08-06,106.25,106.25,106.25,106.25,0.0,109818.0
2007-08-07,106.25,106.25,106.25,106.25,0.0,40000.0
2007-08-08,106.25,106.25,106.25,106.25,0.0,90582.0
2007-08-09,106.25,106.25,106.25,106.25,0.0,34030.0
2007-08-10,106.25,106.25,106.25,106.25,0.0,1000.0
2007-08-13,106.25,106.25,106.25,106.25,0.0,32500.0
2007-08-14,106.25,106.25,106.25,106.25,0.0,28986.0
2007-08-15,125.0,125.0,125.0,125.0,0.0,1.0
2007-08-16,125.0,125.0,125.0,125.0,0.0,2890.0
2007-08-17,125.0,125.0,125.0,125.0,0.0,2400.0
2007-08-20,125.0,125.0,125.0,125.0,0.0,65600.0
2007-08-21,125.0,125.0,125.0,125.0,0.0,11936.0
2007-08-22,125.0,125.0,125.0,125.0,0.0,660826.0
2007-08-23,125.0,125.0,125.0,125.0,0.0,800.0
2007-08-24,125.0,125.0,125.0,125.0,0.0,9456.0
2007-08-27,125.0,125.0,125.0,125.0,0.0,0.0
2007-08-28,125.0,125.0,125.0,125.0,0.0,7083.0
2007-08-29,125.0,125.0,125.0,125.0,0.0,1677.0
2007-08-30,125.0,125.0,125.0,125.0,0.0,36282.0
2007-08-31,125.0,125.0,125.0,125.0,0.0,33203.0
2007-09-03,125.0,125.0,125.0,125.0,0.0,15414.0
2007-09-04,125.0,125.0,125.0,125.0,0.0,9867.0
2007-09-05,125.0,125.0,125.0,125.0,0.0,44400.0
2007-09-06,125.0,125.0,125.0,125.0,0.0,12291.0
2007-09-07,125.0,125.0,125.0,125.0,0.0,87534.0
2007-09-10,125.0,125.0,125.0,125.0,0.0,2238.0
2007-09-11,125.0,125.0,125.0,125.0,0.0,22392.0
2007-09-12,125.0,125.0,125.0,125.0,0.0,15822.0
2007-09-13,125.0,125.0,125.0,125.0,0.0,6945.0
2007-09-14,125.0,125.0,125.0,125.0,0.0,3350.0
2007-09-17,125.0,125.0,125.0,125.0,0.0,10010.0
2007-09-18,125.0,125.0,125.0,125.0,0.0,197526.0
2007-09-19,121.0,121.0,121.0,121.0,0.0,1.0
2007-09-20,121.0,121.0,121.0,121.0,0.0,2719.0
2007-09-21,121.0,121.0,121.0,121.0,0.0,0.0
2007-09-24,121.0,121.0,121.0,121.0,0.0,2865.0
2007-09-25,121.0,121.0,121.0,121.0,0.0,2400.0
2007-09-26,121.0,121.0,121.0,121.0,0.0,0.0
2007-09-27,121.0,121.0,121.0,121.0,0.0,5000.0
2007-09-28,121.0,121.0,121.0,121.0,0.0,0.0
2007-10-01,121.0,121.0,121.0,121.0,0.0,6606.0
2007-10-02,121.0,121.0,121.0,121.0,0.0,117900.0
2007-10-03,121.0,121.0,121.0,121.0,0.0,7500.0
2007-10-04,121.0,121.0,121.0,121.0,0.0,918.0
2007-10-05,123.0,123.0,123.0,123.0,0.0,1.0
2007-10-08,123.0,123.0,123.0,123.0,0.0,0.0
2007-10-09,123.0,123.0,123.0,123.0,0.0,9000.0
2007-10-10,123.0,123.0,123.0,123.0,0.0,1750.0
2007-10-11,123.0,123.0,123.0,123.0,0.0,207790.0
2007-10-12,123.0,123.0,123.0,123.0,0.0,600.0
2007-10-15,123.0,123.0,123.0,123.0,0.0,900.0
2007-10-16,123.0,123.0,123.0,123.0,0.0,12500.0
2007-10-17,123.0,123.0,123.0,123.0,0.0,15170.0
2007-10-18,123.0,123.0,123.0,123.0,0.0,5444.0
2007-10-19,123.0,123.0,123.0,123.0,0.0,2135.0
2007-10-22,123.0,123.0,123.0,123.0,0.0,3870.0
2007-10-23,123.0,123.0,123.0,123.0,0.0,2200.0
2007-10-24,123.0,123.0,123.0,123.0,0.0,3560.0
2007-10-25,115.0,115.0,115.0,115.0,0.0,1.0
2007-10-26,115.0,115.0,115.0,115.0,0.0,408.0
2007-10-29,115.0,115.0,115.0,115.0,0.0,6740.0
2007-10-30,115.0,115.0,115.0,115.0,0.0,0.0
2007-10-31,115.0,115.0,115.0,115.0,0.0,2500.0
2007-11-01,115.0,115.0,115.0,115.0,0.0,182558.0
2007-11-02,115.0,115.0,115.0,115.0,0.0,4081.0
2007-11-05,115.0,115.0,115.0,115.0,0.0,9660.0
2007-11-06,114.5,114.5,114.5,114.5,0.0,1.0
2007-11-07,114.5,114.5,114.5,114.5,0.0,800.0
2007-11-08,114.5,114.5,114.5,114.5,0.0,0.0
2007-11-09,114.5,114.5,114.5,114.5,0.0,1000.0
2007-11-12,114.5,114.5,114.5,114.5,0.0,9000.0
2007-11-13,114.5,114.5,114.5,114.5,0.0,4819.0
2007-11-14,114.5,114.5,114.5,114.5,0.0,9080.0
2007-11-15,114.5,114.5,114.5,114.5,0.0,7400.0
2007-11-16,114.5,114.5,114.5,114.5,0.0,10450.0
2007-11-19,114.5,114.5,114.5,114.5,0.0,25400.0
2007-11-20,114.5,114.5,114.5,114.5,0.0,7000.0
2007-11-21,114.5,114.5,114.5,114.5,0.0,87650.0
2007-11-22,114.5,114.5,114.5,114.5,0.0,2682.0
2007-11-23,114.5,114.5,114.5,114.5,0.0,50000.0
2007-11-26,114.5,114.5,114.5,114.5,0.0,2100.0
2007-11-27,114.5,114.5,114.5,114.5,0.0,15000.0
2007-11-28,114.5,114.5,114.5,114.5,0.0,7774.0
2007-11-29,114.5,114.5,114.5,114.5,0.0,72900.0
2007-11-30,114.5,114.5,114.5,114.5,0.0,26630.0
2007-12-03,114.5,114.5,114.5,114.5,0.0,3350.0
2007-12-04,114.5,114.5,114.5,114.5,0.0,174000.0
2007-12-05,114.5,114.5,114.5,114.5,0.0,600.0
2007-12-06,95.0,95.0,95.0,95.0,0.0,1.0
2007-12-07,95.0,95.0,95.0,95.0,0.0,14664.0
2007-12-10,95.0,95.0,95.0,95.0,0.0,2691.0
2007-12-11,95.0,95.0,95.0,95.0,0.0,4290.0
2007-12-12,95.0,95.0,95.0,95.0,0.0,0.0
2007-12-13,95.0,95.0,95.0,95.0,0.0,0.0
2007-12-14,95.0,95.0,95.0,95.0,0.0,5000.0
2007-12-17,95.0,95.0,95.0,95.0,0.0,28613.0
2007-12-18,95.0,95.0,95.0,95.0,0.0,5115.0
2007-12-19,95.0,95.0,95.0,95.0,0.0,2000.0
2007-12-20,88.5,88.5,88.5,88.5,0.0,1.0
2007-12-21,88.5,88.5,88.5,88.5,0.0,0.0
2007-12-24,88.5,88.5,88.5,88.5,0.0,824.0
2007-12-25,88.5,88.5,88.5,88.5,0.0,0.0
2007-12-26,88.5,88.5,88.5,88.5,0.0,0.0
2007-12-27,88.5,88.5,88.5,88.5,0.0,6107.0
2007-12-28,88.5,88.5,88.5,88.5,0.0,116307.0
2007-12-31,90.0,90.0,90.0,90.0,0.0,1.0
2008-01-01,90.0,90.0,90.0,90.0,0.0,0.0
2008-01-02,90.0,90.0,90.0,90.0,0.0,2200.0
2008-01-03,90.0,90.0,90.0,90.0,0.0,2000.0
2008-01-04,90.0,90.0,90.0,90.0,0.0,3200.0
2008-01-07,90.0,90.0,90.0,90.0,0.0,489.0
2008-01-08,89.0,89.0,89.0,89.0,0.0,1.0
2008-01-09,89.0,89.0,89.0,89.0,0.0,13360.0
2008-01-10,89.0,89.0,89.0,89.0,0.0,9500.0
2008-01-11,88.5,88.5,88.5,88.5,0.0,1.0
2008-01-14,88.5,88.5,88.5,88.5,0.0,0.0
2008-01-15,88.5,88.5,88.5,88.5,0.0,11500.0
2008-01-16,88.5,88.5,88.5,88.5,0.0,3000.0
2008-01-17,86.0,86.0,86.0,86.0,0.0,1.0
2008-01-18,86.0,86.0,86.0,86.0,0.0,5511.0
2008-01-21,86.0,86.0,86.0,86.0,0.0,4300.0
2008-01-22,86.0,86.0,86.0,86.0,0.0,900.0
2008-01-23,86.0,86.0,86.0,86.0,0.0,43197.0
2008-01-24,86.0,86.0,86.0,86.0,0.0,2000.0
2008-01-25,86.0,86.0,86.0,86.0,0.0,5455.0
2008-01-28,86.0,86.0,86.0,86.0,0.0,1191.0
2008-01-29,86.0,86.0,86.0,86.0,0.0,300.0
2008-01-30,86.0,86.0,86.0,86.0,0.0,110166.0
2008-01-31,86.0,86.0,86.0,86.0,0.0,4141.0
2008-02-01,76.0,76.0,76.0,76.0,0.0,1.0
2008-02-04,76.0,76.0,76.0,76.0,0.0,0.0
2008-02-05,76.0,76.0,76.0,76.0,0.0,1976.0
2008-02-06,76.0,76.0,76.0,76.0,0.0,0.0
2008-02-07,76.0,76.0,76.0,76.0,0.0,800.0
2008-02-08,76.0,76.0,76.0,76.0,0.0,0.0
2008-02-11,76.0,76.0,76.0,76.0,0.0,0.0
2008-02-12,76.0,76.0,76.0,76.0,0.0,0.0
2008-02-13,76.0,76.0,76.0,76.0,0.0,600.0
2008-02-14,76.0,76.0,76.0,76.0,0.0,0.0
2008-02-15,76.0,76.0,76.0,76.0,0.0,4400.0
2008-02-18,76.0,76.0,76.0,76.0,0.0,0.0
2008-02-19,76.0,76.0,76.0,76.0,0.0,7514.0
2008-02-20,76.0,76.0,76.0,76.0,0.0,13.0
2008-02-21,76.0,76.0,76.0,76.0,0.0,21740.0
2008-02-22,76.0,76.0,76.0,76.0,0.0,30000.0
2008-02-25,74.5,74.5,74.5,74.5,0.0,1.0
2008-02-26,74.5,74.5,74.5,74.5,0.0,8052.0
2008-02-27,74.5,74.5,74.5,74.5,0.0,3289.0
2008-02-28,74.5,74.5,74.5,74.5,0.0,261763.0
2008-02-29,74.5,74.5,74.5,74.5,0.0,30138.0
2008-03-03,76.0,76.0,76.0,76.0,0.0,1.0
2008-03-04,76.0,76.0,76.0,76.0,0.0,0.0
2008-03-05,76.0,76.0,76.0,76.0,0.0,11500.0
2008-03-06,76.0,76.0,76.0,76.0,0.0,3000.0
2008-03-07,76.0,76.0,76.0,76.0,0.0,13321.0
2008-03-10,76.0,76.0,76.0,76.0,0.0,2000.0
2008-03-11,70.0,70.0,70.0,70.0,0.0,1.0
2008-03-12,70.0,70.0,70.0,70.0,0.0,1800.0
2008-03-13,68.5,68.5,68.5,68.5,0.0,1.0
2008-03-14,68.5,68.5,68.5,68.5,0.0,9760.0
2008-03-17,68.5,68.5,68.5,68.5,0.0,1000.0
2008-03-18,68.5,68.5,68.5,68.5,0.0,3300.0
2008-03-19,63.5,63.5,63.5,63.5,0.0,1.0
2008-03-20,63.5,63.5,63.5,63.5,0.0,4300.0
2008-03-21,63.5,63.5,63.5,63.5,0.0,0.0
2008-03-24,63.5,63.5,63.5,63.5,0.0,0.0
2008-03-25,62.5,62.5,62.5,62.5,0.0,1.0
2008-03-26,62.5,62.5,62.5,62.5,0.0,3265.0
2008-03-27,62.5,62.5,62.5,62.5,0.0,0.0
2008-03-28,62.5,62.5,62.5,62.5,0.0,32300.0
2008-03-31,63.5,63.5,63.5,63.5,0.0,1.0
2008-04-01,63.5,63.5,63.5,63.5,0.0,61404.0
2008-04-02,63.5,63.5,63.5,63.5,0.0,2317113.0
2008-04-03,63.5,63.5,63.5,63.5,0.0,7200.0
2008-04-04,63.5,63.5,63.5,63.5,0.0,0.0
2008-04-07,63.5,63.5,63.5,63.5,0.0,11190.0
2008-04-08,63.5,63.5,63.5,63.5,0.0,68350.0
2008-04-09,63.5,63.5,63.5,63.5,0.0,1200.0
2008-04-10,63.5,63.5,63.5,63.5,0.0,12900.0
2008-04-11,63.5,63.5,63.5,63.5,0.0,4200.0
2008-04-14,63.5,63.5,63.5,63.5,0.0,50.0
2008-04-15,63.5,63.5,63.5,63.5,0.0,6421.0
2008-04-16,63.5,63.5,63.5,63.5,0.0,101570.0
2008-04-17,63.5,63.5,63.5,63.5,0.0,5000.0
2008-04-18,63.5,63.5,63.5,63.5,0.0,5810.0
2008-04-21,63.5,63.5,63.5,63.5,0.0,7500.0
2008-04-22,63.5,63.5,63.5,63.5,0.0,4500.0
2008-04-23,63.5,63.5,63.5,63.5,0.0,7070.0
2008-04-24,63.5,63.5,63.5,63.5,0.0,6200.0
2008-04-25,66.5,66.5,66.5,66.5,0.0,1.0
2008-04-28,66.5,66.5,66.5,66.5,0.0,7880.0
2008-04-29,66.5,66.5,66.5,66.5,0.0,3300.0
2008-04-30,67.5,67.5,67.5,67.5,0.0,1.0
2008-05-01,67.5,67.5,67.5,67.5,0.0,0.0
2008-05-02,67.5,67.5,67.5,67.5,0.0,2720.0
2008-05-05,67.5,67.5,67.5,67.5,0.0,0.0
2008-05-06,67.5,67.5,67.5,67.5,0.0,0.0
2008-05-07,67.5,67.5,67.5,67.5,0.0,20160.0
2008-05-08,67.5,67.5,67.5,67.5,0.0,50700.0
2008-05-09,67.5,67.5,67.5,67.5,0.0,3774.0
2008-05-12,67.5,67.5,67.5,67.5,0.0,202500.0
2008-05-13,67.5,67.5,67.5,67.5,0.0,0.0
2008-05-14,67.5,67.5,67.5,67.5,0.0,8500.0
2008-05-15,67.5,67.5,67.5,67.5,0.0,0.0
2008-05-16,67.5,67.5,67.5,67.5,0.0,168896.0
2008-05-19,67.5,67.5,67.5,67.5,0.0,20298.0
2008-05-20,67.5,67.5,67.5,67.5,0.0,4600.0
2008-05-21,67.5,67.5,67.5,67.5,0.0,2300.0
2008-05-22,67.5,67.5,67.5,67.5,0.0,12246.0
2008-05-23,67.5,67.5,67.5,67.5,0.0,12200.0
2008-05-26,67.5,67.5,67.5,67.5,0.0,0.0
2008-05-27,67.5,67.5,67.5,67.5,0.0,7500.0
2008-05-28,67.5,67.5,67.5,67.5,0.0,3000.0
2008-05-29,67.5,67.5,67.5,67.5,0.0,7500.0
2008-05-30,67.5,67.5,67.5,67.5,0.0,7940.0
2008-06-02,67.5,67.5,67.5,67.5,0.0,5000.0
2008-06-03,67.5,67.5,67.5,67.5,0.0,500.0
2008-06-04,67.5,67.5,67.5,67.5,0.0,5723.0
2008-06-05,67.5,67.5,67.5,67.5,0.0,36552.0
2008-06-06,67.5,67.5,67.5,67.5,0.0,26047.0
2008-06-09,67.5,67.5,67.5,67.5,0.0,7000.0
2008-06-10,67.5,67.5,67.5,67.5,0.0,8452.0
2008-06-11,67.5,67.5,67.5,67.5,0.0,4307.0
2008-06-12,67.5,67.5,67.5,67.5,0.0,1000.0
2008-06-13,67.5,67.5,67.5,67.5,0.0,75500.0
2008-06-16,75.0,75.0,75.0,75.0,0.0,1.0
2008-06-17,75.0,75.0,75.0,75.0,0.0,700.0
2008-06-18,75.0,75.0,75.0,75.0,0.0,1400.0
2008-06-19,75.0,75.0,75.0,75.0,0.0,5720.0
2008-06-20,75.0,75.0,75.0,75.0,0.0,4000.0
2008-06-23,75.0,75.0,75.0,75.0,0.0,19771.0
2008-06-24,73.0,73.0,73.0,73.0,0.0,1.0
2008-06-25,73.0,73.0,73.0,73.0,0.0,16081.0
2008-06-26,71.0,71.0,71.0,71.0,0.0,1.0
2008-06-27,71.0,71.0,71.0,71.0,0.0,2178.0
2008-06-30,66.5,66.5,66.5,66.5,0.0,1.0
2008-07-01,64.0,64.0,64.0,64.0,0.0,1.0
2008-07-02,64.0,64.0,64.0,64.0,0.0,700.0
2008-07-03,64.0,64.0,64.0,64.0,0.0,1000.0
2008-07-04,64.0,64.0,64.0,64.0,0.0,1000.0
2008-07-07,64.0,64.0,64.0,64.0,0.0,1500.0
2008-07-08,57.5,57.5,57.5,57.5,0.0,1.0
2008-07-09,57.5,57.5,57.5,57.5,0.0,21300.0
2008-07-10,57.5,57.5,57.5,57.5,0.0,179900.0
2008-07-11,55.0,55.0,55.0,55.0,0.0,1.0
2008-07-14,55.0,55.0,55.0,55.0,0.0,250.0
2008-07-15,55.0,55.0,55.0,55.0,0.0,5800.0
2008-07-16,55.0,55.0,55.0,55.0,0.0,4024.0
2008-07-17,54.0,54.0,54.0,54.0,0.0,1.0
2008-07-18,54.0,54.0,54.0,54.0,0.0,0.0
2008-07-21,54.0,54.0,54.0,54.0,0.0,1550.0
2008-07-22,54.0,54.0,54.0,54.0,0.0,1100.0
2008-07-23,54.0,54.0,54.0,54.0,0.0,0.0
2008-07-24,54.0,54.0,54.0,54.0,0.0,17958.0
2008-07-25,54.0,54.0,54.0,54.0,0.0,10000.0
2008-07-28,54.0,54.0,54.0,54.0,0.0,0.0
2008-07-29,54.0,54.0,54.0,54.0,0.0,53.0
2008-07-30,54.0,54.0,54.0,54.0,0.0,2131.0
2008-07-31,54.0,54.0,54.0,54.0,0.0,54.0
2008-08-01,54.0,54.0,54.0,54.0,0.0,26436.0
2008-08-04,54.0,54.0,54.0,54.0,0.0,139.0
2008-08-05,54.0,54.0,54.0,54.0,0.0,4717.0
2008-08-06,53.0,53.0,53.0,53.0,0.0,1.0
2008-08-07,53.0,53.0,53.0,53.0,0.0,69000.0
2008-08-08,53.0,53.0,53.0,53.0,0.0,0.0
2008-08-11,53.0,53.0,53.0,53.0,0.0,0.0
2008-08-12,53.0,53.0,53.0,53.0,0.0,0.0
2008-08-13,53.0,53.0,53.0,53.0,0.0,31500.0
2008-08-14,53.0,53.0,53.0,53.0,0.0,2000.0
2008-08-15,53.0,53.0,53.0,53.0,0.0,0.0
2008-08-18,53.0,53.0,53.0,53.0,0.0,123479.0
2008-08-19,53.0,53.0,53.0,53.0,0.0,780.0
2008-08-20,54.0,54.0,54.0,54.0,0.0,1.0
2008-08-21,54.0,54.0,54.0,54.0,0.0,0.0
2008-08-22,54.0,54.0,54.0,54.0,0.0,3500.0
2008-08-25,54.0,54.0,54.0,54.0,0.0,0.0
2008-08-26,54.0,54.0,54.0,54.0,0.0,6542.0
2008-08-27,54.0,54.0,54.0,54.0,0.0,829.0
2008-08-28,54.0,54.0,54.0,54.0,0.0,28500.0
2008-08-29,59.0,59.0,59.0,59.0,0.0,1.0
2008-09-01,59.0,59.0,59.0,59.0,0.0,2037.0
2008-09-02,59.0,59.0,59.0,59.0,0.0,200771.0
2008-09-03,59.0,59.0,59.0,59.0,0.0,4600.0
2008-09-04,59.0,59.0,59.0,59.0,0.0,8146.0
2008-09-05,59.0,59.0,59.0,59.0,0.0,1333.0
2008-09-08,59.0,59.0,59.0,59.0,0.0,12.0
2008-09-09,59.0,59.0,59.0,59.0,0.0,22003.0
2008-09-10,59.0,59.0,59.0,59.0,0.0,11000.0
2008-09-11,59.0,59.0,59.0,59.0,0.0,7600.0
2008-09-12,59.0,59.0,59.0,59.0,0.0,7500.0
2008-09-15,59.0,59.0,59.0,59.0,0.0,15376.0
2008-09-16,59.0,59.0,59.0,59.0,0.0,25000.0
2008-09-17,70.0,70.0,70.0,70.0,0.0,1.0
2008-09-18,70.0,70.0,70.0,70.0,0.0,3000.0
2008-09-19,70.0,70.0,70.0,70.0,0.0,30000.0
2008-09-22,70.5,70.5,70.5,70.5,0.0,1.0
2008-09-23,70.5,70.5,70.5,70.5,0.0,0.0
2008-09-24,70.5,70.5,70.5,70.5,0.0,38450.0
2008-09-25,70.5,70.5,70.5,70.5,0.0,166829.0
2008-09-26,70.5,70.5,70.5,70.5,0.0,27756.0
2008-09-29,70.5,70.5,70.5,70.5,0.0,3100.0
2008-09-30,69.5,69.5,69.5,69.5,0.0,1.0
2008-10-01,69.5,69.5,69.5,69.5,0.0,6000.0
2008-10-02,69.5,69.5,69.5,69.5,0.0,1000.0
2008-10-03,67.5,67.5,67.5,67.5,0.0,1.0
2008-10-06,67.5,67.5,67.5,67.5,0.0,600.0
2008-10-07,67.5,67.5,67.5,67.5,0.0,0.0
2008-10-08,63.5,63.5,63.5,63.5,0.0,1.0
2008-10-09,63.5,63.5,63.5,63.5,0.0,0.0
2008-10-10,63.5,63.5,63.5,63.5,0.0,0.0
2008-10-13,63.5,63.5,63.5,63.5,0.0,0.0
2008-10-14,63.5,63.5,63.5,63.5,0.0,0.0
2008-10-15,63.5,63.5,63.5,63.5,0.0,0.0
2008-10-16,63.5,63.5,63.5,63.5,0.0,250.0
2008-10-17,63.5,63.5,63.5,63.5,0.0,14145.0
2008-10-20,63.5,63.5,63.5,63.5,0.0,5255.0
2008-10-21,55.0,55.0,55.0,55.0,0.0,1.0
2008-10-22,55.0,55.0,55.0,55.0,0.0,83.0
2008-10-23,55.0,55.0,55.0,55.0,0.0,1000.0
2008-10-24,55.0,55.0,55.0,55.0,0.0,2800.0
2008-10-27,55.0,55.0,55.0,55.0,0.0,800.0
2008-10-28,55.0,55.0,55.0,55.0,0.0,600800.0
2008-10-29,55.0,55.0,55.0,55.0,1.0,1003.0
2008-10-30,55.0,55.0,55.0,55.0,4.0,11880.0
2008-10-31,55.0,55.0,55.0,55.0,1.0,1000.0
2008-11-03,55.0,55.0,55.0,55.0,1.0,1500.0
2008-11-04,55.0,55.0,55.0,55.0,2.0,30982.0
2008-11-05,55.0,55.0,55.0,55.0,2.0,6294.0
2008-11-06,39.5,39.5,39.5,39.5,0.0,1.0
2008-11-07,39.5,39.5,39.5,39.5,2.0,27210.0
2008-11-10,39.5,39.5,39.5,39.5,2.0,25000.0
2008-11-11,38.5,38.5,38.5,38.5,0.0,1.0
2008-11-12,38.5,38.5,38.5,38.5,3.0,16005.0
2008-11-13,38.5,38.5,38.5,38.5,2.0,5700.0
2008-11-14,37.5,37.5,37.5,37.5,0.0,1.0
2008-11-17,37.5,37.5,37.5,37.5,2.0,6500.0
2008-11-18,37.5,37.5,37.5,37.5,2.0,13558.0
2008-11-19,37.5,37.5,37.5,37.5,1.0,2040.0
2008-11-20,38.5,38.5,38.5,38.5,0.0,1.0
2008-11-21,38.5,38.5,38.5,38.5,0.0,0.0
2008-11-24,38.5,38.5,38.5,38.5,2.0,3204.0
2008-11-25,38.5,38.5,38.5,38.5,2.0,6200.0
2008-11-26,38.5,38.5,38.5,38.5,16.0,463718.0
2008-11-27,38.5,38.5,38.5,38.5,8.0,130649.0
2008-11-28,38.5,38.5,38.5,38.5,3.0,7513.0
2008-12-01,38.5,38.5,38.5,38.5,1.0,10000.0
2008-12-02,38.5,38.5,38.5,38.5,3.0,8500.0
2008-12-03,38.5,38.5,38.5,38.5,0.0,0.0
2008-12-04,38.5,38.5,38.5,38.5,1.0,750.0
2008-12-05,38.5,38.5,38.5,38.5,0.0,0.0
2008-12-08,38.5,38.5,38.5,38.5,3.0,74000.0
2008-12-09,38.5,38.5,38.5,38.5,3.0,7579.0
2008-12-10,38.5,38.5,38.5,38.5,0.0,0.0
2008-12-11,38.5,38.5,38.5,38.5,0.0,0.0
2008-12-12,38.5,38.5,38.5,38.5,0.0,0.0
2008-12-15,38.5,38.5,38.5,38.5,1.0,5078.0
2008-12-16,37.5,37.5,37.5,37.5,0.0,1.0
2008-12-17,37.5,37.5,37.5,37.5,1.0,3000.0
2008-12-18,37.5,37.5,37.5,37.5,3.0,229819.0
2008-12-19,38.5,38.5,38.5,38.5,0.0,1.0
2008-12-22,38.5,38.5,38.5,38.5,0.0,0.0
2008-12-23,38.5,38.5,38.5,38.5,0.0,0.0
2008-12-24,38.5,38.5,38.5,38.5,1.0,6000.0
2008-12-25,38.5,38.5,38.5,38.5,0.0,0.0
2008-12-26,38.5,38.5,38.5,38.5,0.0,0.0
2008-12-29,38.5,38.5,38.5,38.5,0.0,0.0
2008-12-30,38.5,38.5,38.5,38.5,1.0,600.0
2008-12-31,38.5,38.5,38.5,38.5,1.0,1306.0
2009-01-01,38.5,38.5,38.5,38.5,0.0,0.0
2009-01-02,38.5,38.5,38.5,38.5,1.0,19000.0
2009-01-05,38.5,38.5,38.5,38.5,0.0,0.0
2009-01-06,38.5,38.5,38.5,38.5,1.0,13000.0
2009-01-07,38.5,38.5,38.5,38.5,0.0,0.0
2009-01-08,38.5,38.5,38.5,38.5,0.0,0.0
2009-01-09,38.5,38.5,38.5,38.5,1.0,9500.0
2009-01-12,38.5,38.5,38.5,38.5,7.0,13751.0
2009-01-13,38.5,38.5,38.5,38.5,4.0,4106.0
2009-01-14,38.5,38.5,38.5,38.5,4.0,3650.0
2009-01-15,38.5,38.5,38.5,38.5,3.0,32257.0
2009-01-16,38.5,38.5,38.5,38.5,3.0,8594.0
2009-01-19,38.5,38.5,38.5,38.5,1.0,1655.0
2009-01-20,27.5,27.5,27.5,27.5,0.0,1.0
2009-01-21,27.5,27.5,27.5,27.5,0.0,0.0
2009-01-22,27.5,27.5,27.5,27.5,1.0,484.0
2009-01-23,27.5,27.5,27.5,27.5,1.0,5000.0
2009-01-26,27.5,27.5,27.5,27.5,0.0,0.0
2009-01-27,27.5,27.5,27.5,27.5,1.0,1000.0
2009-01-28,27.5,27.5,27.5,27.5,2.0,2678.0
2009-01-29,27.5,27.5,27.5,27.5,3.0,65200.0
2009-01-30,27.5,27.5,27.5,27.5,6.0,36866.0
2009-02-02,27.5,27.5,27.5,27.5,9.0,81713.0
2009-02-03,27.5,27.5,27.5,27.5,2.0,1427.0
2009-02-04,27.5,27.5,27.5,27.5,1.0,1478.0
2009-02-05,27.5,27.5,27.5,27.5,2.0,325.0
2009-02-06,27.5,27.5,27.5,27.5,9.0,92389.0
2009-02-09,27.5,27.5,27.5,27.5,8.0,42952.0
2009-02-10,27.5,27.5,27.5,27.5,5.0,14111.0
2009-02-11,27.5,27.5,27.5,27.5,9.0,1096286.0
2009-02-12,27.5,27.5,27.5,27.5,3.0,7972.0
2009-02-13,27.5,27.5,27.5,27.5,4.0,6687.0
2009-02-16,27.5,27.5,27.5,27.5,1.0,1298.0
2009-02-17,27.5,27.5,27.5,27.5,2.0,7585.0
2009-02-18,27.5,27.5,27.5,27.5,1.0,2363.0
2009-02-19,23.5,23.5,23.5,23.5,0.0,1.0
2009-02-20,23.5,23.5,23.5,23.5,3.0,4975.0
2009-02-23,23.5,23.5,23.5,23.5,3.0,20320.0
2009-02-24,23.5,23.5,23.5,23.5,2.0,7063.0
2009-02-25,21.5,21.5,21.5,21.5,0.0,1.0
2009-02-26,21.5,21.5,21.5,21.5,1.0,7693.0
2009-02-27,21.5,21.5,21.5,21.5,1.0,228.0
2009-03-02,21.5,21.5,21.5,21.5,1.0,400.0
2009-03-03,21.0,21.0,21.0,21.0,0.0,1.0
2009-03-04,21.0,21.0,21.0,21.0,0.0,0.0
2009-03-05,21.0,21.0,21.0,21.0,2.0,55000.0
2009-03-06,21.0,21.0,21.0,21.0,0.0,0.0
2009-03-09,21.0,21.0,21.0,21.0,0.0,0.0
2009-03-10,21.0,21.0,21.0,21.0,0.0,0.0
2009-03-11,21.0,21.0,21.0,21.0,1.0,2000.0
2009-03-12,21.0,21.0,21.0,21.0,2.0,51000.0
2009-03-13,20.0,20.0,20.0,20.0,0.0,1.0
2009-03-16,21.0,21.0,21.0,21.0,0.0,1.0
2009-03-17,21.0,21.0,21.0,21.0,5.0,125906.0
2009-03-18,19.0,19.0,19.0,19.0,0.0,1.0
2009-03-19,19.0,19.0,19.0,19.0,1.0,10000.0
2009-03-20,20.0,20.0,20.0,20.0,0.0,1.0
2009-03-23,20.0,20.0,20.0,20.0,1.0,20000.0
2009-03-24,20.0,20.0,20.0,20.0,0.0,0.0
2009-03-25,20.0,20.0,20.0,20.0,3.0,31000.0
2009-03-26,20.0,20.0,20.0,20.0,2.0,64094.0
2009-03-27,20.0,20.0,20.0,20.0,3.0,67550.0
2009-03-29,20.0,20.0,20.0,20.0,0.0,0.0
2009-03-30,20.0,20.0,20.0,20.0,1.0,2637.0
2009-03-31,20.0,20.0,20.0,20.0,1.0,816.0
2009-04-01,20.0,20.0,20.0,20.0,6.0,188247.0
2009-04-02,20.0,20.0,20.0,20.0,2.0,807865.0
2009-04-03,20.0,20.0,20.0,20.0,2.0,1800000.0
2009-04-06,19.5,19.5,19.5,19.5,0.0,1.0
2009-04-07,19.5,19.5,19.5,19.5,3.0,8156.0
2009-04-08,19.5,19.5,19.5,19.5,0.0,0.0
2009-04-09,19.5,19.5,19.5,19.5,0.0,0.0
2009-04-10,19.5,19.5,19.5,19.5,0.0,0.0
2009-04-13,19.5,19.5,19.5,19.5,0.0,0.0
2009-04-14,19.5,19.5,19.5,19.5,1.0,200.0
2009-04-15,19.5,19.5,19.5,19.5,1.0,1000.0
2009-04-16,19.5,19.5,19.5,19.5,6.0,1017100.0
2009-04-17,19.5,19.5,19.5,19.5,5.0,27399.0
2009-04-20,19.5,19.5,19.5,19.5,1.0,25000.0
2009-04-21,19.5,19.5,19.5,19.5,1.0,7600.0
2009-04-22,19.5,19.5,19.5,19.5,4.0,245000.0
2009-04-23,19.5,19.5,19.5,19.5,3.0,102000.0
2009-04-24,19.5,19.5,19.5,19.5,6.0,317901.0
2009-04-27,19.5,19.5,19.5,19.5,2.0,5932.0
2009-04-28,19.5,19.5,19.5,19.5,2.0,4225.0
2009-04-29,19.5,19.5,19.5,19.5,4.0,200523.0
2009-04-30,19.5,19.5,19.5,19.5,12.0,3536605.0
2009-05-01,19.5,19.5,19.5,19.5,9.0,246842.0
2009-05-04,19.5,19.5,19.5,19.5,0.0,0.0
2009-05-05,19.5,19.5,19.5,19.5,8.0,47121.0
2009-05-06,19.5,19.5,19.5,19.5,4.0,10985.0
2009-05-07,19.5,19.5,19.5,19.5,2.0,8300.0
2009-05-08,19.5,19.5,19.5,19.5,2.0,16682.0
2009-05-11,19.5,19.5,19.5,19.5,3.0,13100.0
2009-05-12,19.5,19.5,19.5,19.5,2.0,1947.0
2009-05-13,19.5,19.5,19.5,19.5,2.0,3014.0
2009-05-14,19.5,19.5,19.5,19.5,3.0,5018.0
2009-05-15,19.5,19.5,19.5,19.5,1.0,1000.0
2009-05-18,19.5,19.5,19.5,19.5,1.0,5000.0
2009-05-19,19.5,19.5,19.5,19.5,1.0,3930.0
2009-05-20,19.5,19.5,19.5,19.5,2.0,3498.0
2009-05-21,19.5,19.5,19.5,19.5,3.0,53000.0
2009-05-22,19.5,19.5,19.5,19.5,3.0,34173.0
2009-05-25,19.5,19.5,19.5,19.5,0.0,0.0
2009-05-26,19.5,19.5,19.5,19.5,2.0,5272.0
2009-05-27,19.5,19.5,19.5,19.5,25.0,319387.0
2009-05-28,19.5,19.5,19.5,19.5,4.0,20318.0
2009-05-29,19.5,19.5,19.5,19.5,4.0,23709.0
2009-06-01,19.5,19.5,19.5,19.5,8.0,935705.0
2009-06-02,19.5,19.5,19.5,19.5,3.0,12996.0
2009-06-03,19.5,19.5,19.5,19.5,3.0,237000.0
2009-06-04,19.5,19.5,19.5,19.5,2.0,20161.0
2009-06-05,37.5,37.5,37.5,37.5,0.0,1.0
2009-06-08,37.5,37.5,37.5,37.5,1.0,1000.0
2009-06-09,37.5,37.5,37.5,37.5,4.0,5097.0
2009-06-10,37.5,37.5,37.5,37.5,2.0,19050.0
2009-06-11,37.5,37.5,37.5,37.5,2.0,7000.0
2009-06-12,37.5,37.5,37.5,37.5,2.0,7000.0
2009-06-15,37.5,37.5,37.5,37.5,4.0,10964.0
2009-06-16,37.5,37.5,37.5,37.5,2.0,11764.0
2009-06-17,37.5,37.5,37.5,37.5,7.0,127070.0
2009-06-18,41.5,41.5,41.5,41.5,0.0,1.0
2009-06-19,41.5,41.5,41.5,41.5,1.0,7000.0
2009-06-22,41.5,41.5,41.5,41.5,2.0,5011.0
2009-06-23,41.5,41.5,41.5,41.5,5.0,25108.0
2009-06-24,41.5,41.5,41.5,41.5,7.0,33140.0
2009-06-25,41.5,41.5,41.5,41.5,1.0,2000.0
2009-06-26,41.5,41.5,41.5,41.5,13.0,103151.0
2009-06-29,41.5,41.5,41.5,41.5,3.0,8476.0
2009-06-30,41.5,41.5,41.5,41.5,3.0,10986.0
2009-07-01,48.0,48.0,48.0,48.0,0.0,1.0
2009-07-02,48.0,48.0,48.0,48.0,0.0,0.0
2009-07-03,48.0,48.0,48.0,48.0,0.0,0.0
2009-07-06,48.0,48.0,48.0,48.0,4.0,1060000.0
2009-07-07,48.0,48.0,48.0,48.0,4.0,594971.0
2009-07-08,48.0,48.0,48.0,48.0,0.0,0.0
2009-07-09,48.0,48.0,48.0,48.0,0.0,0.0
2009-07-10,48.0,48.0,48.0,48.0,4.0,540000.0
2009-07-13,48.0,48.0,48.0,48.0,0.0,0.0
2009-07-14,48.0,48.0,48.0,48.0,3.0,96387.0
2009-07-15,48.0,48.0,48.0,48.0,1.0,203.0
2009-07-16,48.0,48.0,48.0,48.0,2.0,12500.0
2009-07-17,48.0,48.0,48.0,48.0,0.0,0.0
2009-07-20,48.0,48.0,48.0,48.0,1.0,11551.0
2009-07-21,48.0,48.0,48.0,48.0,1.0,3097.0
2009-07-22,48.0,48.0,48.0,48.0,0.0,0.0
2009-07-23,48.0,48.0,48.0,48.0,0.0,0.0
2009-07-24,48.0,48.0,48.0,48.0,0.0,0.0
2009-07-27,47.5,47.5,47.5,47.5,0.0,1.0
2009-07-28,47.5,47.5,47.5,47.5,2.0,146680.0
2009-07-29,47.5,47.5,47.5,47.5,0.0,0.0
2009-07-30,47.5,47.5,47.5,47.5,0.0,0.0
2009-07-31,47.5,47.5,47.5,47.5,0.0,0.0
2009-08-03,47.5,47.5,47.5,47.5,1.0,5660.0
2009-08-04,47.5,47.5,47.5,47.5,0.0,0.0
2009-08-05,46.5,46.5,46.5,46.5,0.0,1.0
2009-08-06,46.5,46.5,46.5,46.5,1.0,1322.0
2009-08-07,46.5,46.5,46.5,46.5,1.0,1800.0
2009-08-10,46.5,46.5,46.5,46.5,0.0,0.0
2009-08-11,46.5,46.5,46.5,46.5,2.0,50404.0
2009-08-12,46.5,46.5,46.5,46.5,1.0,3500.0
2009-08-13,46.5,46.5,46.5,46.5,2.0,2435.0
2009-08-14,46.5,46.5,46.5,46.5,5.0,110714.0
2009-08-17,46.5,46.5,46.5,46.5,2.0,4840.0
2009-08-18,46.0,46.0,46.0,46.0,0.0,1.0
2009-08-19,46.0,46.0,46.0,46.0,2.0,17293.0
2009-08-20,46.0,46.0,46.0,46.0,1.0,14000.0
2009-08-21,46.0,46.0,46.0,46.0,2.0,20000.0
2009-08-24,46.0,46.0,46.0,46.0,3.0,17461.0
2009-08-25,46.0,46.0,46.0,46.0,2.0,6471.0
2009-08-26,46.0,46.0,46.0,46.0,1.0,20629.0
2009-08-27,46.0,46.0,46.0,46.0,1.0,2032.0
2009-08-28,46.0,46.0,46.0,46.0,2.0,4211.0
2009-08-31,46.0,46.0,46.0,46.0,0.0,0.0
2009-09-01,46.0,46.0,46.0,46.0,9.0,1069987.0
2009-09-02,46.0,46.0,46.0,46.0,2.0,626.0
2009-09-03,46.0,46.0,46.0,46.0,1.0,5645.0
2009-09-04,46.0,46.0,46.0,46.0,1.0,4000.0
2009-09-07,46.0,46.0,46.0,46.0,11.0,303625.0
2009-09-08,46.0,46.0,46.0,46.0,3.0,12592.0
2009-09-09,51.0,51.0,51.0,51.0,0.0,1.0
2009-09-10,51.0,51.0,51.0,51.0,0.0,0.0
2009-09-11,51.0,51.0,51.0,51.0,1.0,1819.0
2009-09-14,51.0,51.0,51.0,51.0,4.0,14260.0
2009-09-15,51.0,51.0,51.0,51.0,1.0,950.0
2009-09-16,51.0,51.0,51.0,51.0,3.0,66258.0
2009-09-17,51.0,51.0,51.0,51.0,3.0,8492.0
2009-09-18,51.0,51.0,51.0,51.0,0.0,0.0
2009-09-21,51.0,51.0,51.0,51.0,1.0,100.0
2009-09-22,51.0,51.0,51.0,51.0,0.0,0.0
2009-09-23,51.0,51.0,51.0,51.0,0.0,0.0
2009-09-24,51.0,51.0,51.0,51.0,6.0,458946.0
2009-09-25,51.0,51.0,51.0,51.0,2.0,1385.0
2009-09-28,49.5,49.5,49.5,49.5,0.0,1.0
2009-09-29,49.5,49.5,49.5,49.5,0.0,0.0
2009-09-30,49.5,49.5,49.5,49.5,2.0,3642.0
2009-10-01,49.5,49.5,49.5,49.5,1.0,1000.0
2009-10-02,50.0,50.0,50.0,50.0,0.0,1.0
2009-10-05,50.0,50.0,50.0,50.0,1.0,1000.0
2009-10-06,50.0,50.0,50.0,50.0,0.0,0.0
2009-10-07,50.0,50.0,50.0,50.0,2.0,445000.0
2009-10-08,50.0,50.0,50.0,50.0,1.0,1600.0
2009-10-09,52.0,52.0,52.0,52.0,0.0,1.0
2009-10-12,52.0,52.0,52.0,52.0,1.0,4000.0
2009-10-13,52.0,52.0,52.0,52.0,12.0,42509.0
2009-10-14,52.0,52.0,52.0,52.0,10.0,67847.0
2009-10-15,52.0,52.0,52.0,52.0,5.0,37355.0
2009-10-16,52.0,52.0,52.0,52.0,4.0,12840.0
2009-10-17,52.0,52.0,52.0,52.0,0.0,0.0
2009-10-19,52.0,52.0,52.0,52.0,2.0,7000.0
2009-10-20,52.0,52.0,52.0,52.0,3.0,12318.0
2009-10-21,52.0,52.0,52.0,52.0,3.0,7900.0
2009-10-22,52.0,52.0,52.0,52.0,2.0,2397.0
2009-10-23,57.0,57.0,57.0,57.0,0.0,1.0
2009-10-26,57.0,57.0,57.0,57.0,7.0,34376.0
2009-10-27,57.0,57.0,57.0,57.0,7.0,18221.0
2009-10-28,57.0,57.0,57.0,57.0,7.0,37333.0
2009-10-29,57.0,57.0,57.0,57.0,5.0,70288.0
2009-10-30,57.0,57.0,57.0,57.0,4.0,69700.0
2009-11-02,57.0,57.0,57.0,57.0,3.0,6296.0
2009-11-03,57.0,57.0,57.0,57.0,2.0,3982.0
2009-11-04,57.0,57.0,57.0,57.0,1.0,2500.0
2009-11-05,57.0,57.0,57.0,57.0,2.0,20000.0
2009-11-06,57.5,57.5,57.5,57.5,0.0,1.0
2009-11-09,57.5,57.5,57.5,57.5,3.0,3200.0
2009-11-10,57.5,57.5,57.5,57.5,1.0,27500.0
2009-11-11,57.5,57.5,57.5,57.5,2.0,4200.0
2009-11-12,57.5,57.5,57.5,57.5,3.0,27400.0
2009-11-13,57.5,57.5,57.5,57.5,6.0,147276.0
2009-11-16,57.0,57.0,57.0,57.0,0.0,1.0
2009-11-17,57.0,57.0,57.0,57.0,1.0,12400.0
2009-11-18,57.0,57.0,57.0,57.0,1.0,800.0
2009-11-19,57.0,57.0,57.0,57.0,3.0,3000.0
2009-11-20,57.0,57.0,57.0,57.0,1.0,2000.0
2009-11-23,57.0,57.0,57.0,57.0,1.0,3000.0
2009-11-24,57.0,57.0,57.0,57.0,9.0,47306.0
2009-11-25,57.0,57.0,57.0,57.0,13.0,60750.0
2009-11-26,57.0,57.0,57.0,57.0,10.0,35880.0
2009-11-27,57.0,57.0,57.0,57.0,1.0,1100.0
2009-11-30,57.5,57.5,57.5,57.5,0.0,1.0
2009-12-01,57.5,57.5,57.5,57.5,3.0,15519.0
2009-12-02,57.5,57.5,57.5,57.5,1.0,5170.0
2009-12-03,57.0,57.0,57.0,57.0,0.0,1.0
2009-12-04,57.0,57.0,57.0,57.0,0.0,0.0
2009-12-07,57.0,57.0,57.0,57.0,2.0,2541.0
2009-12-08,57.0,57.0,57.0,57.0,1.0,2000.0
2009-12-09,57.0,57.0,57.0,57.0,1.0,10000.0
2009-12-10,57.0,57.0,57.0,57.0,1.0,4000.0
2009-12-11,57.0,57.0,57.0,57.0,4.0,34400.0
2009-12-14,57.0,57.0,57.0,57.0,1.0,5921.0
2009-12-15,57.0,57.0,57.0,57.0,4.0,30503.0
2009-12-16,57.0,57.0,57.0,57.0,1.0,3370.0
2009-12-17,57.0,57.0,57.0,57.0,2.0,6600.0
2009-12-18,57.0,57.0,57.0,57.0,2.0,3288.0
2009-12-21,57.0,57.0,57.0,57.0,2.0,17500.0
2009-12-22,57.0,57.0,57.0,57.0,1.0,81.0
2009-12-23,58.5,58.5,58.5,58.5,0.0,1.0
2009-12-24,58.5,58.5,58.5,58.5,0.0,0.0
2009-12-25,58.5,58.5,58.5,58.5,0.0,0.0
2009-12-28,58.5,58.5,58.5,58.5,0.0,0.0
2009-12-29,58.5,58.5,58.5,58.5,1.0,2500.0
2009-12-30,58.5,58.5,58.5,58.5,0.0,0.0
2009-12-31,58.5,58.5,58.5,58.5,1.0,48885.0
2010-01-01,58.5,58.5,58.5,58.5,0.0,0.0
2010-01-04,58.5,58.5,58.5,58.5,5.0,37567.0
2010-01-05,58.5,58.5,58.5,58.5,1.0,2741.0
2010-01-06,58.5,58.5,58.5,58.5,2.0,3636.0
2010-01-07,58.5,58.5,58.5,58.5,1.0,4000.0
2010-01-08,58.5,58.5,58.5,58.5,2.0,8669.0
2010-01-11,58.5,58.5,58.5,58.5,3.0,3883.0
2010-01-12,58.5,58.5,58.5,58.5,0.0,0.0
2010-01-13,58.5,58.5,58.5,58.5,4.0,107985.0
2010-01-14,58.5,58.5,58.5,58.5,3.0,1831.0
2010-01-15,58.5,58.5,58.5,58.5,1.0,2000.0
2010-01-18,58.5,58.5,58.5,58.5,1.0,1976.0
2010-01-19,58.5,58.5,58.5,58.5,2.0,4250.0
2010-01-20,58.5,58.5,58.5,58.5,1.0,6000.0
2010-01-21,58.5,58.5,58.5,58.5,3.0,8894.0
2010-01-22,58.5,58.5,58.5,58.5,1.0,750.0
2010-01-25,56.5,56.5,56.5,56.5,0.0,1.0
2010-01-26,56.5,56.5,56.5,56.5,1.0,3800.0
2010-01-27,56.5,56.5,56.5,56.5,0.0,0.0
2010-01-28,56.5,56.5,56.5,56.5,1.0,3200.0
2010-01-29,56.5,56.5,56.5,56.5,0.0,0.0
2010-02-01,56.5,56.5,56.5,56.5,0.0,0.0
2010-02-02,56.5,56.5,56.5,56.5,1.0,2500.0
2010-02-03,56.5,56.5,56.5,56.5,1.0,3000.0
2010-02-04,56.5,56.5,56.5,56.5,1.0,34.0
2010-02-05,56.5,56.5,56.5,56.5,2.0,2780.0
2010-02-08,54.0,54.0,54.0,54.0,0.0,1.0
2010-02-09,54.0,54.0,54.0,54.0,3.0,14000.0
2010-02-10,54.0,54.0,54.0,54.0,1.0,3002.0
2010-02-11,54.0,54.0,54.0,54.0,1.0,2300.0
2010-02-12,54.0,54.0,54.0,54.0,1.0,2700.0
2010-02-15,54.0,54.0,54.0,54.0,1.0,103.0
2010-02-16,54.0,54.0,54.0,54.0,1.0,750.0
2010-02-17,54.5,54.5,54.5,54.5,0.0,1.0
2010-02-18,54.5,54.5,54.5,54.5,0.0,0.0
2010-02-19,54.5,54.5,54.5,54.5,2.0,5909.0
2010-02-22,55.0,55.0,55.0,55.0,0.0,1.0
2010-02-23,55.0,55.0,55.0,55.0,1.0,5000.0
2010-02-24,55.0,55.0,55.0,55.0,1.0,1400.0
2010-02-25,55.0,55.0,55.0,55.0,7.0,50372.0
2010-02-26,55.0,55.0,55.0,55.0,7.0,175441.0
2010-03-01,55.0,55.0,55.0,55.0,1.0,2200.0
2010-03-02,55.0,55.0,55.0,55.0,2.0,10300.0
2010-03-03,55.0,55.0,55.0,55.0,1.0,2100.0
2010-03-04,55.0,55.0,55.0,55.0,2.0,16360.0
2010-03-05,55.0,55.0,55.0,55.0,4.0,865596.0
2010-03-08,55.0,55.0,55.0,55.0,5.0,23174.0
2010-03-09,55.0,55.0,55.0,55.0,2.0,7071.0
2010-03-10,55.0,55.0,55.0,55.0,3.0,20822.0
2010-03-11,55.0,55.0,55.0,55.0,1.0,2090.0
2010-03-12,55.0,55.0,55.0,55.0,1.0,3500.0
2010-03-15,55.0,55.0,55.0,55.0,3.0,5301.0
2010-03-16,55.0,55.0,55.0,55.0,1.0,600.0
2010-03-17,48.5,48.5,48.5,48.5,0.0,1.0
2010-03-18,48.5,48.5,48.5,48.5,0.0,0.0
2010-03-19,48.5,48.5,48.5,48.5,1.0,586.0
2010-03-22,48.5,48.5,48.5,48.5,2.0,30631.0
2010-03-23,48.5,48.5,48.5,48.5,3.0,5310.0
2010-03-24,48.5,48.5,48.5,48.5,1.0,1500.0
2010-03-25,47.0,47.0,47.0,47.0,0.0,1.0
2010-03-26,47.0,47.0,47.0,47.0,1.0,5000.0
2010-03-29,46.5,46.5,46.5,46.5,0.0,1.0
2010-03-30,46.5,46.5,46.5,46.5,0.0,0.0
2010-03-31,46.0,46.0,46.0,46.0,0.0,1.0
2010-04-01,46.0,46.0,46.0,46.0,3.0,30001.0
2010-04-02,46.0,46.0,46.0,46.0,0.0,0.0
2010-04-05,46.0,46.0,46.0,46.0,0.0,0.0
2010-04-06,46.0,46.0,46.0,46.0,0.0,0.0
2010-04-07,46.0,46.0,46.0,46.0,4.0,56715.0
2010-04-08,46.0,46.0,46.0,46.0,1.0,520.0
2010-04-09,46.0,46.0,46.0,46.0,1.0,5000.0
2010-04-12,42.5,42.5,42.5,42.5,0.0,1.0
2010-04-13,42.5,42.5,42.5,42.5,1.0,3000.0
2010-04-14,42.5,42.5,42.5,42.5,2.0,14719.0
2010-04-15,42.5,42.5,42.5,42.5,2.0,4766.0
2010-04-16,42.5,42.5,42.5,42.5,2.0,100000.0
2010-04-19,42.0,42.0,42.0,42.0,0.0,1.0
2010-04-20,42.0,42.0,42.0,42.0,1.0,2500.0
2010-04-21,42.0,42.0,42.0,42.0,2.0,5615.0
2010-04-22,42.0,42.0,42.0,42.0,1.0,1946.0
2010-04-23,42.0,42.0,42.0,42.0,1.0,543.0
2010-04-26,42.0,42.0,42.0,42.0,2.0,12000.0
2010-04-27,42.0,42.0,42.0,42.0,1.0,3336.0
2010-04-28,42.5,42.5,42.5,42.5,0.0,1.0
2010-04-29,42.5,42.5,42.5,42.5,1.0,402.0
2010-04-30,42.5,42.5,42.5,42.5,9.0,171850.0
2010-05-03,42.5,42.5,42.5,42.5,0.0,0.0
2010-05-04,42.5,42.5,42.5,42.5,3.0,4360.0
2010-05-05,42.5,42.5,42.5,42.5,1.0,4522.0
2010-05-06,42.5,42.5,42.5,42.5,2.0,13500.0
2010-05-07,42.5,42.5,42.5,42.5,6.0,75565.0
2010-05-10,42.5,42.5,42.5,42.5,11.0,783105.0
2010-05-11,42.5,42.5,42.5,42.5,8.0,392550.0
2010-05-12,42.5,42.5,42.5,42.5,3.0,32500.0
2010-05-13,41.5,41.5,41.5,41.5,0.0,1.0
2010-05-14,41.5,41.5,41.5,41.5,1.0,11750.0
2010-05-17,41.5,41.5,41.5,41.5,1.0,11621.0
2010-05-18,42.0,42.0,42.0,42.0,0.0,1.0
2010-05-19,42.0,42.0,42.0,42.0,1.0,4908.0
2010-05-20,42.0,42.0,42.0,42.0,5.0,405234.0
2010-05-21,42.0,42.0,42.0,42.0,2.0,20360.0
2010-05-24,42.0,42.0,42.0,42.0,16.0,97125.0
2010-05-25,42.0,42.0,42.0,42.0,18.0,42949.0
2010-05-26,42.0,42.0,42.0,42.0,5.0,21620.0
2010-05-27,42.0,42.0,42.0,42.0,9.0,209532.0
2010-05-28,42.0,42.0,42.0,42.0,4.0,23118.0
2010-05-31,42.0,42.0,42.0,42.0,0.0,0.0
2010-06-01,42.0,42.0,42.0,42.0,5.0,40154.0
2010-06-02,42.0,42.0,42.0,42.0,9.0,54615.0
2010-06-03,42.0,42.0,42.0,42.0,12.0,34815.0
2010-06-04,42.0,42.0,42.0,42.0,9.0,32132.0
2010-06-07,42.0,42.0,42.0,42.0,8.0,104757.0
2010-06-08,42.0,42.0,42.0,42.0,13.0,243453.0
2010-06-09,42.0,42.0,42.0,42.0,4.0,23125.0
2010-06-10,42.0,42.0,42.0,42.0,2.0,2622.0
2010-06-11,42.0,42.0,42.0,42.0,4.0,14708.0
2010-06-14,42.0,42.0,42.0,42.0,2.0,16281.0
2010-06-15,42.0,42.0,42.0,42.0,9.0,21294.0
2010-06-16,42.0,42.0,42.0,42.0,1.0,160.0
2010-06-17,42.0,42.0,42.0,42.0,2.0,2047.0
2010-06-18,42.0,42.0,42.0,42.0,1.0,2000.0
2010-06-21,42.0,42.0,42.0,42.0,2.0,12500.0
2010-06-22,42.0,42.0,42.0,42.0,1.0,2858.0
2010-06-23,51.5,51.5,51.5,51.5,0.0,1.0
2010-06-24,50.5,50.5,50.5,50.5,0.0,1.0
2010-06-25,50.5,50.5,50.5,50.5,2.0,5700.0
2010-06-28,50.5,50.5,50.5,50.5,2.0,6800.0
2010-06-29,50.5,50.5,50.5,50.5,1.0,1700.0
2010-06-30,50.5,50.5,50.5,50.5,1.0,1000.0
2010-07-01,50.5,50.5,50.5,50.5,3.0,41115.0
2010-07-02,50.5,50.5,50.5,50.5,1.0,1194.0
2010-07-05,50.5,50.5,50.5,50.5,3.0,23632.0
2010-07-06,50.5,50.5,50.5,50.5,3.0,175612.0
2010-07-07,50.5,50.5,50.5,50.5,4.0,10385.0
2010-07-08,50.5,50.5,50.5,50.5,3.0,5300.0
2010-07-09,50.5,50.5,50.5,50.5,1.0,900.0
2010-07-12,52.5,52.5,52.5,52.5,0.0,1.0
2010-07-13,52.5,52.5,52.5,52.5,5.0,3487.0
2010-07-14,52.5,52.5,52.5,52.5,1.0,211.0
2010-07-15,52.5,52.5,52.5,52.5,1.0,100.0
2010-07-16,52.5,52.5,52.5,52.5,8.0,22582.0
2010-07-19,52.5,52.5,52.5,52.5,5.0,31657.0
2010-07-20,52.5,52.5,52.5,52.5,4.0,44413.0
2010-07-21,52.5,52.5,52.5,52.5,1.0,2500.0
2010-07-22,52.5,52.5,52.5,52.5,3.0,4917.0
2010-07-23,52.5,52.5,52.5,52.5,2.0,4500.0
2010-07-26,60.0,60.0,60.0,60.0,0.0,1.0
2010-07-27,60.0,60.0,60.0,60.0,2.0,6500.0
2010-07-28,60.0,60.0,60.0,60.0,3.0,27040.0
2010-07-29,60.0,60.0,60.0,60.0,2.0,15299.0
2010-07-30,60.0,60.0,60.0,60.0,0.0,0.0
2010-08-02,60.0,60.0,60.0,60.0,5.0,15141.0
2010-08-03,60.0,60.0,60.0,60.0,2.0,4365.0
2010-08-04,60.0,60.0,60.0,60.0,1.0,800.0
2010-08-05,59.5,59.5,59.5,59.5,0.0,1.0
2010-08-06,59.5,59.5,59.5,59.5,3.0,5901.0
2010-08-09,59.5,59.5,59.5,59.5,1.0,454.0
2010-08-10,59.5,59.5,59.5,59.5,1.0,1274.0
2010-08-11,59.5,59.5,59.5,59.5,4.0,5740.0
2010-08-12,59.5,59.5,59.5,59.5,4.0,9001.0
2010-08-13,59.5,59.5,59.5,59.5,1.0,303.0
2010-08-16,59.5,59.5,59.5,59.5,4.0,12804.0
2010-08-17,59.5,59.5,59.5,59.5,3.0,101636.0
2010-08-18,59.5,59.5,59.5,59.5,2.0,10790.0
2010-08-19,57.5,57.5,57.5,57.5,0.0,1.0
2010-08-20,57.5,57.5,57.5,57.5,1.0,4500.0
2010-08-23,57.5,57.5,57.5,57.5,0.0,0.0
2010-08-24,57.5,57.5,57.5,57.5,0.0,0.0
2010-08-25,57.5,57.5,57.5,57.5,2.0,7500.0
2010-08-26,56.0,56.0,56.0,56.0,0.0,1.0
2010-08-27,56.0,56.0,56.0,56.0,1.0,400.0
2010-08-30,56.0,56.0,56.0,56.0,0.0,0.0
2010-08-31,56.0,56.0,56.0,56.0,2.0,11087.0
2010-09-01,56.0,56.0,56.0,56.0,1.0,861.0
2010-09-02,56.0,56.0,56.0,56.0,1.0,600.0
2010-09-03,56.0,56.0,56.0,56.0,4.0,23797.0
2010-09-06,55.5,55.5,55.5,55.5,0.0,1.0
2010-09-07,55.5,55.5,55.5,55.5,2.0,2069.0
2010-09-08,55.5,55.5,55.5,55.5,7.0,46563.0
2010-09-09,55.5,55.5,55.5,55.5,9.0,103211.0
2010-09-10,55.5,55.5,55.5,55.5,9.0,51538.0
2010-09-13,55.5,55.5,55.5,55.5,11.0,83539.0
2010-09-14,55.5,55.5,55.5,55.5,8.0,35281.0
2010-09-15,55.5,55.5,55.5,55.5,5.0,75000.0
2010-09-16,55.5,55.5,55.5,55.5,1.0,1088.0
2010-09-17,55.5,55.5,55.5,55.5,5.0,15652.0
2010-09-20,55.5,55.5,55.5,55.5,3.0,7074.0
2010-09-21,55.5,55.5,55.5,55.5,1.0,4000.0
2010-09-22,55.5,55.5,55.5,55.5,3.0,8030.0
2010-09-23,55.5,55.5,55.5,55.5,12.0,95056.0
2010-09-24,55.5,55.5,55.5,55.5,1.0,9856.0
2010-09-27,55.5,55.5,55.5,55.5,7.0,48960.0
2010-09-28,55.5,55.5,55.5,55.5,4.0,7952.0
2010-09-29,55.5,55.5,55.5,55.5,1.0,1197.0
2010-09-30,55.5,55.5,55.5,55.5,4.0,23973.0
2010-10-01,55.5,55.5,55.5,55.5,3.0,130000.0
2010-10-02,55.5,55.5,55.5,55.5,0.0,0.0
2010-10-04,55.5,55.5,55.5,55.5,7.0,91232.0
2010-10-05,55.5,55.5,55.5,55.5,5.0,25580.0
2010-10-06,55.5,55.5,55.5,55.5,7.0,343922.0
2010-10-07,55.5,55.5,55.5,55.5,3.0,58824.0
2010-10-08,55.5,55.5,55.5,55.5,2.0,35000.0
2010-10-11,55.5,55.5,55.5,55.5,1.0,46.0
2010-10-12,55.5,55.5,55.5,55.5,2.0,15937.0
2010-10-13,55.5,55.5,55.5,55.5,1.0,1360.0
2010-10-14,55.5,55.5,55.5,55.5,2.0,8500.0
2010-10-15,55.5,55.5,55.5,55.5,1.0,2790.0
2010-10-18,55.5,55.5,55.5,55.5,3.0,9336.0
2010-10-19,55.5,55.5,55.5,55.5,2.0,1441165.0
2010-10-20,55.5,55.5,55.5,55.5,2.0,18345.0
2010-10-21,55.5,55.5,55.5,55.5,43.0,199938.0
2010-10-22,55.5,55.5,55.5,55.5,18.0,81887.0
2010-10-25,55.5,55.5,55.5,55.5,5.0,19799.0
2010-10-26,55.5,55.5,55.5,55.5,19.0,125571.0
2010-10-27,55.5,55.5,55.5,55.5,10.0,83256.0
2010-10-28,55.5,55.5,55.5,55.5,2.0,2900.0
2010-10-29,55.5,55.5,55.5,55.5,8.0,28252.0
2010-11-01,55.5,55.5,55.5,55.5,6.0,20807.0
2010-11-02,55.5,55.5,55.5,55.5,15.0,87511.0
2010-11-03,55.5,55.5,55.5,55.5,18.0,100478.0
2010-11-04,55.5,55.5,55.5,55.5,15.0,112108.0
2010-11-05,55.5,55.5,55.5,55.5,9.0,43861.0
2010-11-08,55.5,55.5,55.5,55.5,8.0,14032.0
2010-11-09,55.5,55.5,55.5,55.5,13.0,46332.0
2010-11-10,55.5,55.5,55.5,55.5,4.0,8641.0
2010-11-11,55.5,55.5,55.5,55.5,17.0,25936.0
2010-11-12,55.5,55.5,55.5,55.5,39.0,135207.0
2010-11-15,55.5,55.5,55.5,55.5,26.0,103710.0
2010-11-16,55.5,55.5,55.5,55.5,7.0,9192.0
2010-11-17,55.5,55.5,55.5,55.5,12.0,51739.0
2010-11-18,55.5,55.5,55.5,55.5,11.0,146994.0
2010-11-19,55.5,55.5,55.5,55.5,7.0,22350.0
2010-11-22,55.5,55.5,55.5,55.5,11.0,112354.0
2010-11-23,55.5,55.5,55.5,55.5,11.0,126180.0
2010-11-24,55.5,55.5,55.5,55.5,27.0,128835.0
2010-11-25,55.5,55.5,55.5,55.5,9.0,41822.0
2010-11-26,55.5,55.5,55.5,55.5,4.0,5643.0
2010-11-29,55.5,55.5,55.5,55.5,6.0,21646.0
2010-11-30,55.5,55.5,55.5,55.5,9.0,45888.0
2010-12-01,55.5,55.5,55.5,55.5,24.0,1011318.0
2010-12-02,55.5,55.5,55.5,55.5,20.0,216045.0
2010-12-03,55.5,55.5,55.5,55.5,10.0,282666.0
2010-12-06,55.5,55.5,55.5,55.5,9.0,257949.0
2010-12-07,55.5,55.5,55.5,55.5,6.0,8328.0
2010-12-08,55.5,55.5,55.5,55.5,9.0,51584.0
2010-12-09,55.5,55.5,55.5,55.5,4.0,7348.0
2010-12-10,55.5,55.5,55.5,55.5,8.0,5383606.0
2010-12-13,55.5,55.5,55.5,55.5,1.0,1000.0
2010-12-14,55.5,55.5,55.5,55.5,1.0,4795.0
2010-12-15,55.5,55.5,55.5,55.5,4.0,12811.0
2010-12-16,55.5,55.5,55.5,55.5,2.0,4386.0
2010-12-17,55.5,55.5,55.5,55.5,5.0,12491.0
2010-12-20,55.5,55.5,55.5,55.5,4.0,13211.0
2010-12-21,55.5,55.5,55.5,55.5,3.0,1782.0
2010-12-22,55.5,55.5,55.5,55.5,3.0,6228.0
2010-12-23,55.5,55.5,55.5,55.5,4.0,19900.0
2010-12-24,81.5,81.5,81.5,81.5,0.0,1.0
2010-12-29,81.5,81.5,81.5,81.5,2.0,40500.0
2010-12-30,81.5,81.5,81.5,81.5,1.0,2200.0
2010-12-31,81.5,81.5,81.5,81.5,1.0,3308.0
2011-01-04,81.5,81.5,81.5,81.5,5.0,54238.0
2011-01-05,81.5,81.5,81.5,81.5,2.0,7290.0
2011-01-06,81.5,81.5,81.5,81.5,4.0,2283.0
2011-01-07,81.5,81.5,81.5,81.5,4.0,14706.0
2011-01-10,81.5,81.5,81.5,81.5,2.0,1509.0
2011-01-11,81.5,81.5,81.5,81.5,2.0,896.0
2011-01-12,81.5,81.5,81.5,81.5,2.0,5362.0
2011-01-13,81.5,81.5,81.5,81.5,2.0,22974.0
2011-01-14,81.5,81.5,81.5,81.5,3.0,4534.0
2011-01-17,81.5,81.5,81.5,81.5,2.0,10032.0
2011-01-18,81.5,81.5,81.5,81.5,2.0,4371.0
2011-01-19,81.5,81.5,81.5,81.5,4.0,583602.0
2011-01-20,81.5,81.5,81.5,81.5,1.0,29.0
2011-01-21,81.5,81.5,81.5,81.5,4.0,4893.0
2011-01-24,81.5,81.5,81.5,81.5,4.0,231500.0
2011-01-25,81.5,81.5,81.5,81.5,6.0,2391685.0
2011-01-26,81.5,81.5,81.5,81.5,1.0,4000.0
2011-01-27,83.25,83.25,83.25,83.25,0.0,1.0
2011-01-28,83.25,83.25,83.25,83.25,1.0,5000.0
2011-01-31,83.25,83.25,83.25,83.25,2.0,943.0
2011-02-01,83.25,83.25,83.25,83.25,4.0,16278.0
2011-02-02,83.25,83.25,83.25,83.25,0.0,0.0
2011-02-03,83.25,83.25,83.25,83.25,0.0,0.0
2011-02-04,83.25,83.25,83.25,83.25,5.0,1665600.0
2011-02-07,83.25,83.25,83.25,83.25,1.0,3072.0
2011-02-08,83.25,83.25,83.25,83.25,4.0,8153.0
2011-02-09,83.25,83.25,83.25,83.25,4.0,32933.0
2011-02-10,83.25,83.25,83.25,83.25,1.0,400.0
2011-02-11,83.25,83.25,83.25,83.25,0.0,0.0
2011-02-14,83.25,83.25,83.25,83.25,1.0,985.0
2011-02-15,83.25,83.25,83.25,83.25,1.0,2437.0
2011-02-16,83.25,83.25,83.25,83.25,1.0,2000.0
2011-02-17,83.25,83.25,83.25,83.25,1.0,570.0
2011-02-18,83.25,83.25,83.25,83.25,0.0,0.0
