Date,HIGH,LOW,CLOSE,OPEN,COUNT,VOLUME,SHROUT
1983-01-04,,,,,0.0,0.0,
1983-01-05,,,,,0.0,1.0,
1983-01-06,,,,,0.0,1.0,
1983-01-07,,,,,0.0,1.0,
1983-01-10,,,,,0.0,1.0,
1983-01-11,,,,,0.0,1.0,
1983-01-12,,,,,0.0,1.0,
1983-01-13,,,,,0.0,1.0,
1983-01-14,,,,,0.0,1.0,
1983-01-17,,,,,0.0,1.0,
1983-01-18,,,,,0.0,1.0,
1983-01-19,,,,,0.0,1.0,
1983-01-20,,,,,0.0,1.0,
1983-01-21,,,,,0.0,1.0,
1983-01-24,,,,,0.0,1.0,
1983-01-25,,,,,0.0,1.0,
1983-01-26,,,,,0.0,1.0,
1983-01-27,,,,,0.0,1.0,
1983-01-28,,,,,0.0,1.0,
1983-01-31,,,,,0.0,1.0,
1983-02-01,,,,,0.0,1.0,
1983-02-02,,,,,0.0,1.0,
1983-02-03,,,,,0.0,1.0,
1983-02-04,,,,,0.0,1.0,
1983-02-07,,,,,0.0,1.0,
1983-02-08,,,,,0.0,1.0,
1983-02-09,,,,,0.0,1.0,
1983-02-10,,,,,0.0,1.0,
1983-02-11,,,,,0.0,1.0,
1983-02-14,,,,,0.0,1.0,
1983-02-15,,,,,0.0,1.0,
1983-02-16,,,,,0.0,1.0,
1983-02-17,,,,,0.0,1.0,
1983-02-18,,,,,0.0,1.0,
1983-02-21,,,,,0.0,1.0,
1983-02-22,,,,,0.0,1.0,
1983-02-23,,,,,0.0,1.0,
1983-02-24,,,,,0.0,1.0,
1983-02-25,,,,,0.0,1.0,
1983-02-28,,,,,0.0,1.0,
1983-03-01,,,,,0.0,1.0,
1983-03-02,,,,,0.0,1.0,
1983-03-03,,,,,0.0,1.0,
1983-03-04,,,,,0.0,1.0,
1983-03-07,,,,,0.0,1.0,
1983-03-08,,,,,0.0,1.0,
1983-03-09,,,,,0.0,1.0,
1983-03-10,,,,,0.0,1.0,
1983-03-11,,,,,0.0,1.0,
1983-03-14,,,,,0.0,1.0,
1983-03-15,,,,,0.0,1.0,
1983-03-16,,,,,0.0,1.0,
1983-03-17,,,,,0.0,1.0,
1983-03-18,,,,,0.0,1.0,
1983-03-21,,,,,0.0,1.0,
1983-03-22,,,,,0.0,1.0,
1983-03-23,,,,,0.0,1.0,
1983-03-24,,,,,0.0,1.0,
1983-03-25,,,,,0.0,1.0,
1983-03-28,,,,,0.0,1.0,
1983-03-29,,,,,0.0,1.0,
1983-03-30,,,,,0.0,1.0,
1983-03-31,,,,,0.0,1.0,
1983-04-01,,,,,0.0,1.0,
1983-04-04,,,,,0.0,1.0,
1983-04-05,,,,,0.0,1.0,
1983-04-06,,,,,0.0,1.0,
1983-04-07,,,,,0.0,1.0,
1983-04-08,,,,,0.0,1.0,
1983-04-11,,,,,0.0,1.0,
1983-04-12,,,,,0.0,1.0,
1983-04-13,,,,,0.0,1.0,
1983-04-14,,,,,0.0,1.0,
1983-04-15,,,,,0.0,1.0,
1983-04-18,,,,,0.0,1.0,
1983-04-19,,,,,0.0,1.0,
1983-04-20,,,,,0.0,1.0,
1983-04-21,,,,,0.0,1.0,
1983-04-22,,,,,0.0,1.0,
1983-04-25,,,,,0.0,1.0,
1983-04-26,,,,,0.0,1.0,
1983-04-27,,,,,0.0,1.0,
1983-04-28,,,,,0.0,1.0,
1983-04-29,,,,,0.0,1.0,
1983-05-02,,,,,0.0,1.0,
1983-05-03,,,,,0.0,1.0,
1983-05-04,,,,,0.0,1.0,
1983-05-05,,,,,0.0,1.0,
1983-05-06,,,,,0.0,1.0,
1983-05-09,,,,,0.0,1.0,
1983-05-10,,,,,0.0,1.0,
1983-05-11,,,,,0.0,1.0,
1983-05-12,,,,,0.0,1.0,
1983-05-13,,,,,0.0,1.0,
1983-05-16,,,,,0.0,1.0,
1983-05-17,,,,,0.0,1.0,
1983-05-18,,,,,0.0,1.0,
1983-05-19,,,,,0.0,1.0,
1983-05-20,,,,,0.0,1.0,
1983-05-23,,,,,0.0,1.0,
1983-05-24,,,,,0.0,1.0,
1983-05-25,,,,,0.0,1.0,
1983-05-26,,,,,0.0,1.0,
1983-05-27,,,,,0.0,1.0,
1983-05-30,,,,,0.0,1.0,
1983-05-31,,,,,0.0,1.0,
1983-06-01,,,,,0.0,1.0,
1983-06-02,,,,,0.0,1.0,
1983-06-03,,,,,0.0,1.0,
1983-06-06,,,,,0.0,1.0,
1983-06-07,,,,,0.0,1.0,
1983-06-08,,,,,0.0,1.0,
1983-06-09,,,,,0.0,1.0,
1983-06-10,,,,,0.0,1.0,
1983-06-13,,,,,0.0,1.0,
1983-06-14,,,,,0.0,1.0,
1983-06-15,,,,,0.0,1.0,
1983-06-16,,,,,0.0,1.0,
1983-06-17,,,,,0.0,1.0,
1983-06-20,,,,,0.0,1.0,
1983-06-21,,,,,0.0,1.0,
1983-06-22,,,,,0.0,1.0,
1983-06-23,,,,,0.0,1.0,
1983-06-24,,,,,0.0,1.0,
1983-06-27,,,,,0.0,1.0,
1983-06-28,,,,,0.0,1.0,
1983-06-29,,,,,0.0,1.0,
1983-06-30,,,,,0.0,1.0,
1983-07-01,,,,,0.0,1.0,
1983-07-04,,,,,0.0,1.0,
1983-07-05,,,,,0.0,1.0,
1983-07-06,,,,,0.0,1.0,
1983-07-07,,,,,0.0,1.0,
1983-07-08,,,,,0.0,1.0,
1983-07-11,,,,,0.0,1.0,
1983-07-12,,,,,0.0,1.0,
1983-07-13,,,,,0.0,1.0,
1983-07-14,,,,,0.0,1.0,
1983-07-15,,,,,0.0,1.0,
1983-07-18,,,,,0.0,1.0,
1983-07-19,,,,,0.0,1.0,
1983-07-20,,,,,0.0,1.0,
1983-07-21,,,,,0.0,1.0,
1983-07-22,,,,,0.0,1.0,
1983-07-25,,,,,0.0,1.0,
1983-07-26,,,,,0.0,1.0,
1983-07-27,,,,,0.0,1.0,
1983-07-28,,,,,0.0,1.0,
1983-07-29,,,,,0.0,1.0,
1983-08-01,,,,,0.0,1.0,
1983-08-02,,,,,0.0,1.0,
1983-08-03,,,,,0.0,1.0,
1983-08-04,,,,,0.0,1.0,
1983-08-05,,,,,0.0,1.0,
1983-08-08,,,,,0.0,1.0,
1983-08-09,,,,,0.0,1.0,
1983-08-10,,,,,0.0,1.0,
1983-08-11,,,,,0.0,1.0,
1983-08-12,,,,,0.0,1.0,
1983-08-15,,,,,0.0,1.0,
1983-08-16,,,,,0.0,1.0,
1983-08-17,,,,,0.0,1.0,
1983-08-18,,,,,0.0,1.0,
1983-08-19,,,,,0.0,1.0,
1983-08-22,,,,,0.0,1.0,
1983-08-23,,,,,0.0,1.0,
1983-08-24,,,,,0.0,1.0,
1983-08-25,,,,,0.0,1.0,
1983-08-26,,,,,0.0,1.0,
1983-08-29,,,,,0.0,1.0,
1983-08-30,,,,,0.0,1.0,
1983-08-31,,,,,0.0,1.0,
1983-09-01,,,,,0.0,1.0,
1983-09-02,,,,,0.0,1.0,
1983-09-05,,,,,0.0,1.0,
1983-09-06,,,,,0.0,1.0,
1983-09-07,,,,,0.0,1.0,
1983-09-08,,,,,0.0,1.0,
1983-09-09,,,,,0.0,1.0,
1983-09-12,,,,,0.0,1.0,
1983-09-13,,,,,0.0,1.0,
1983-09-14,,,,,0.0,1.0,
1983-09-15,,,,,0.0,1.0,
1983-09-16,,,,,0.0,1.0,
1983-09-19,,,,,0.0,1.0,
1983-09-20,,,,,0.0,1.0,
1983-09-21,,,,,0.0,1.0,
1983-09-22,,,,,0.0,1.0,
1983-09-23,,,,,0.0,1.0,
1983-09-26,,,,,0.0,1.0,
1983-09-27,,,,,0.0,1.0,
1983-09-28,,,,,0.0,1.0,
1983-09-29,,,,,0.0,1.0,
1983-09-30,,,,,0.0,1.0,
1983-10-03,,,,,0.0,1.0,
1983-10-04,,,,,0.0,1.0,
1983-10-05,,,,,0.0,1.0,
1983-10-06,,,,,0.0,1.0,
1983-10-07,,,,,0.0,1.0,
1983-10-10,,,,,0.0,1.0,
1983-10-11,,,,,0.0,1.0,
1983-10-12,,,,,0.0,1.0,
1983-10-13,,,,,0.0,1.0,
1983-10-14,,,,,0.0,1.0,
1983-10-17,,,,,0.0,1.0,
1983-10-18,,,,,0.0,1.0,
1983-10-19,,,,,0.0,1.0,
1983-10-20,,,,,0.0,1.0,
1983-10-21,,,,,0.0,1.0,
1983-10-24,,,,,0.0,1.0,
1983-10-25,,,,,0.0,1.0,
1983-10-26,,,,,0.0,1.0,
1983-10-27,,,,,0.0,1.0,
1983-10-28,,,,,0.0,1.0,
1983-10-31,,,,,0.0,1.0,
1983-11-01,,,,,0.0,1.0,
1983-11-02,,,,,0.0,1.0,
1983-11-03,,,,,0.0,1.0,
1983-11-04,,,,,0.0,1.0,
1983-11-07,,,,,0.0,1.0,
1983-11-08,,,,,0.0,1.0,
1983-11-09,,,,,0.0,1.0,
1983-11-10,,,,,0.0,1.0,
1983-11-11,,,,,0.0,1.0,
1983-11-14,,,,,0.0,1.0,
1983-11-15,,,,,0.0,1.0,
1983-11-16,,,,,0.0,1.0,
1983-11-17,,,,,0.0,1.0,
1983-11-18,,,,,0.0,1.0,
1983-11-21,,,,,0.0,1.0,
1983-11-22,,,,,0.0,1.0,
1983-11-23,,,,,0.0,1.0,
1983-11-24,,,,,0.0,1.0,
1983-11-25,,,,,0.0,1.0,
1983-11-28,,,,,0.0,1.0,
1983-11-29,,,,,0.0,1.0,
1983-11-30,,,,,0.0,1.0,
1983-12-01,,,,,0.0,1.0,
1983-12-02,,,,,0.0,1.0,
1983-12-05,,,,,0.0,1.0,
1983-12-06,,,,,0.0,1.0,
1983-12-07,,,,,0.0,1.0,
1983-12-08,,,,,0.0,1.0,
1983-12-09,,,,,0.0,1.0,
1983-12-12,,,,,0.0,1.0,
1983-12-13,,,,,0.0,1.0,
1983-12-14,,,,,0.0,1.0,
1983-12-15,,,,,0.0,1.0,
1983-12-16,,,,,0.0,1.0,
1983-12-19,,,,,0.0,1.0,
1983-12-20,,,,,0.0,1.0,
1983-12-21,,,,,0.0,1.0,
1983-12-22,,,,,0.0,1.0,
1983-12-23,,,,,0.0,1.0,
1983-12-26,,,,,0.0,1.0,
1983-12-27,,,,,0.0,1.0,
1983-12-28,,,,,0.0,1.0,
1983-12-29,,,,,0.0,1.0,
1983-12-30,,,,,0.0,1.0,
1984-01-02,,,,,0.0,1.0,
1984-01-03,,,,,0.0,1.0,
1984-01-04,,,,,0.0,1.0,
1984-01-05,,,,,0.0,1.0,
1984-01-06,,,,,0.0,1.0,
1984-01-09,,,,,0.0,1.0,
1984-01-10,,,,,0.0,1.0,
1984-01-11,,,,,0.0,1.0,
1984-01-12,,,,,0.0,1.0,
1984-01-13,,,,,0.0,1.0,
1984-01-16,,,,,0.0,1.0,
1984-01-17,,,,,0.0,1.0,
1984-01-18,,,,,0.0,1.0,
1984-01-19,,,,,0.0,1.0,
1984-01-20,,,,,0.0,1.0,
1984-01-23,,,,,0.0,1.0,
1984-01-24,,,,,0.0,1.0,
1984-01-25,,,,,0.0,1.0,
1984-01-26,,,,,0.0,1.0,
1984-01-27,,,,,0.0,1.0,
1984-01-30,,,,,0.0,1.0,
1984-01-31,,,,,0.0,1.0,
1984-02-01,,,,,0.0,1.0,
1984-02-02,,,,,0.0,1.0,
1984-02-03,,,,,0.0,1.0,
1984-02-06,,,,,0.0,1.0,
1984-02-07,,,,,0.0,1.0,
1984-02-08,,,,,0.0,1.0,
1984-02-09,,,,,0.0,1.0,
1984-02-10,,,,,0.0,1.0,
1984-02-13,,,,,0.0,1.0,
1984-02-14,,,,,0.0,1.0,
1984-02-15,,,,,0.0,1.0,
1984-02-16,,,,,0.0,1.0,
1984-02-17,,,,,0.0,1.0,
1984-02-20,,,,,0.0,1.0,
1984-02-21,,,,,0.0,1.0,
1984-02-22,,,,,0.0,1.0,
1984-02-23,,,,,0.0,1.0,
1984-02-24,,,,,0.0,1.0,
1984-02-27,,,,,0.0,1.0,
1984-02-28,,,,,0.0,1.0,
1984-02-29,,,,,0.0,1.0,
1984-03-01,,,,,0.0,1.0,
1984-03-02,,,,,0.0,1.0,
1984-03-05,,,,,0.0,1.0,
1984-03-06,,,,,0.0,1.0,
1984-03-07,,,,,0.0,1.0,
1984-03-08,,,,,0.0,1.0,
1984-03-09,,,,,0.0,1.0,
1984-03-12,,,,,0.0,1.0,
1984-03-13,,,,,0.0,1.0,
1984-03-14,,,,,0.0,1.0,
1984-03-15,,,,,0.0,1.0,
1984-03-16,,,,,0.0,1.0,
1984-03-19,,,,,0.0,1.0,
1984-03-20,,,,,0.0,1.0,
1984-03-21,,,,,0.0,1.0,
1984-03-22,,,,,0.0,1.0,
1984-03-23,,,,,0.0,1.0,
1984-03-26,,,,,0.0,1.0,
1984-03-27,,,,,0.0,1.0,
1984-03-28,,,,,0.0,1.0,
1984-03-29,,,,,0.0,1.0,
1984-03-30,,,,,0.0,1.0,
1984-04-02,,,,,0.0,1.0,
1984-04-03,,,,,0.0,1.0,
1984-04-04,,,,,0.0,1.0,
1984-04-05,,,,,0.0,1.0,
1984-04-06,,,,,0.0,1.0,
1984-04-09,,,,,0.0,1.0,
1984-04-10,,,,,0.0,1.0,
1984-04-11,,,,,0.0,1.0,
1984-04-12,,,,,0.0,1.0,
1984-04-13,,,,,0.0,1.0,
1984-04-16,,,,,0.0,1.0,
1984-04-17,,,,,0.0,1.0,
1984-04-18,,,,,0.0,1.0,
1984-04-19,,,,,0.0,1.0,
1984-04-20,,,,,0.0,1.0,
1984-04-23,,,,,0.0,1.0,
1984-04-24,,,,,0.0,1.0,
1984-04-25,,,,,0.0,1.0,
1984-04-26,,,,,0.0,1.0,
1984-04-27,,,,,0.0,1.0,
1984-04-30,,,,,0.0,1.0,
1984-05-01,,,,,0.0,1.0,
1984-05-02,,,,,0.0,1.0,
1984-05-03,,,,,0.0,1.0,
1984-05-04,,,,,0.0,1.0,
1984-05-07,,,,,0.0,1.0,
1984-05-08,,,,,0.0,1.0,
1984-05-09,,,,,0.0,1.0,
1984-05-10,,,,,0.0,1.0,
1984-05-11,,,,,0.0,1.0,
1984-05-14,,,,,0.0,1.0,
1984-05-15,,,,,0.0,1.0,
1984-05-16,,,,,0.0,1.0,
1984-05-17,,,,,0.0,1.0,
1984-05-18,,,,,0.0,1.0,
1984-05-21,,,,,0.0,1.0,
1984-05-22,,,,,0.0,1.0,
1984-05-23,,,,,0.0,1.0,
1984-05-24,,,,,0.0,1.0,
1984-05-25,,,,,0.0,1.0,
1984-05-28,,,,,0.0,1.0,
1984-05-29,,,,,0.0,1.0,
1984-05-30,,,,,0.0,1.0,
1984-05-31,,,,,0.0,1.0,
1984-06-01,,,,,0.0,1.0,
1984-06-04,,,,,0.0,1.0,
1984-06-05,,,,,0.0,1.0,
1984-06-06,,,,,0.0,1.0,
1984-06-07,,,,,0.0,1.0,
1984-06-08,,,,,0.0,1.0,
1984-06-11,,,,,0.0,1.0,
1984-06-12,,,,,0.0,1.0,
1984-06-13,,,,,0.0,1.0,
1984-06-14,,,,,0.0,1.0,
1984-06-15,,,,,0.0,1.0,
1984-06-18,,,,,0.0,1.0,
1984-06-19,,,,,0.0,1.0,
1984-06-20,,,,,0.0,1.0,
1984-06-21,,,,,0.0,1.0,
1984-06-22,,,,,0.0,1.0,
1984-06-25,,,,,0.0,1.0,
1984-06-26,,,,,0.0,1.0,
1984-06-27,,,,,0.0,1.0,
1984-06-28,,,,,0.0,1.0,
1984-06-29,,,,,0.0,1.0,
1984-07-02,,,,,0.0,1.0,
1984-07-03,,,,,0.0,1.0,
1984-07-04,,,,,0.0,1.0,
1984-07-05,,,,,0.0,1.0,
1984-07-06,,,,,0.0,1.0,
1984-07-09,,,,,0.0,1.0,
1984-07-10,,,,,0.0,1.0,
1984-07-11,,,,,0.0,1.0,
1984-07-12,,,,,0.0,1.0,
1984-07-13,,,,,0.0,1.0,
1984-07-16,,,,,0.0,1.0,
1984-07-17,,,,,0.0,1.0,
1984-07-18,,,,,0.0,1.0,
1984-07-19,,,,,0.0,1.0,
1984-07-20,,,,,0.0,1.0,
1984-07-23,,,,,0.0,1.0,
1984-07-24,,,,,0.0,1.0,
1984-07-25,,,,,0.0,1.0,
1984-07-26,,,,,0.0,1.0,
1984-07-27,,,,,0.0,1.0,
1984-07-30,,,,,0.0,1.0,
1984-07-31,,,,,0.0,1.0,
1984-08-01,,,,,0.0,1.0,
1984-08-02,,,,,0.0,1.0,
1984-08-03,,,,,0.0,1.0,
1984-08-06,,,,,0.0,1.0,
1984-08-07,,,,,0.0,1.0,
1984-08-08,,,,,0.0,1.0,
1984-08-09,,,,,0.0,1.0,
1984-08-10,,,,,0.0,1.0,
1984-08-13,,,,,0.0,1.0,
1984-08-14,,,,,0.0,1.0,
1984-08-15,,,,,0.0,1.0,
1984-08-16,,,,,0.0,1.0,
1984-08-17,,,,,0.0,1.0,
1984-08-20,,,,,0.0,1.0,
1984-08-21,,,,,0.0,1.0,
1984-08-22,,,,,0.0,1.0,
1984-08-23,,,,,0.0,1.0,
1984-08-24,,,,,0.0,1.0,
1984-08-27,,,,,0.0,1.0,
1984-08-28,,,,,0.0,1.0,
1984-08-29,,,,,0.0,1.0,
1984-08-30,,,,,0.0,1.0,
1984-08-31,,,,,0.0,1.0,
1984-09-03,,,,,0.0,1.0,
1984-09-04,,,,,0.0,1.0,
1984-09-05,,,,,0.0,1.0,
1984-09-06,,,,,0.0,1.0,
1984-09-07,,,,,0.0,1.0,
1984-09-10,,,,,0.0,1.0,
1984-09-11,,,,,0.0,1.0,
1984-09-12,,,,,0.0,1.0,
1984-09-13,,,,,0.0,1.0,
1984-09-14,,,,,0.0,1.0,
1984-09-17,,,,,0.0,1.0,
1984-09-18,,,,,0.0,1.0,
1984-09-19,,,,,0.0,1.0,
1984-09-20,,,,,0.0,1.0,
1984-09-21,,,,,0.0,1.0,
1984-09-24,,,,,0.0,1.0,
1984-09-25,,,,,0.0,1.0,
1984-09-26,,,,,0.0,1.0,
1984-09-27,,,,,0.0,1.0,
1984-09-28,,,,,0.0,1.0,
1984-10-01,,,,,0.0,1.0,
1984-10-02,,,,,0.0,1.0,
1984-10-03,,,,,0.0,1.0,
1984-10-04,,,,,0.0,1.0,
1984-10-05,,,,,0.0,1.0,
1984-10-08,,,,,0.0,1.0,
1984-10-09,,,,,0.0,1.0,
1984-10-10,,,,,0.0,1.0,
1984-10-11,,,,,0.0,1.0,
1984-10-12,,,,,0.0,1.0,
1984-10-15,,,,,0.0,1.0,
1984-10-16,,,,,0.0,1.0,
1984-10-17,,,,,0.0,1.0,
1984-10-18,,,,,0.0,1.0,
1984-10-19,,,,,0.0,1.0,
1984-10-22,,,,,0.0,1.0,
1984-10-23,,,,,0.0,1.0,
1984-10-24,,,,,0.0,1.0,
1984-10-25,,,,,0.0,1.0,
1984-10-26,,,,,0.0,1.0,
1984-10-29,,,,,0.0,1.0,
1984-10-30,,,,,0.0,1.0,
1984-10-31,,,,,0.0,1.0,
1984-11-01,,,,,0.0,1.0,
1984-11-02,,,,,0.0,1.0,
1984-11-05,,,,,0.0,1.0,
1984-11-06,,,,,0.0,1.0,
1984-11-07,,,,,0.0,1.0,
1984-11-08,,,,,0.0,1.0,
1984-11-09,,,,,0.0,1.0,
1984-11-12,,,,,0.0,1.0,
1984-11-13,,,,,0.0,1.0,
1984-11-14,,,,,0.0,1.0,
1984-11-15,,,,,0.0,1.0,
1984-11-16,,,,,0.0,1.0,
1984-11-19,,,,,0.0,1.0,
1984-11-20,,,,,0.0,1.0,
1984-11-21,,,,,0.0,1.0,
1984-11-22,,,,,0.0,1.0,
1984-11-23,,,,,0.0,1.0,
1984-11-26,,,,,0.0,1.0,
1984-11-27,,,,,0.0,1.0,
1984-11-28,,,,,0.0,1.0,
1984-11-29,,,,,0.0,1.0,
1984-11-30,,,,,0.0,1.0,
1984-12-03,,,,,0.0,1.0,
1984-12-04,,,,,0.0,1.0,
1984-12-05,,,,,0.0,1.0,
1984-12-06,,,,,0.0,1.0,
1984-12-07,,,,,0.0,1.0,
1984-12-10,,,,,0.0,1.0,
1984-12-11,,,,,0.0,1.0,
1984-12-12,,,,,0.0,1.0,
1984-12-13,,,,,0.0,1.0,
1984-12-14,,,,,0.0,1.0,
1984-12-17,,,,,0.0,1.0,
1984-12-18,,,,,0.0,1.0,
1984-12-19,,,,,0.0,1.0,
1984-12-20,,,,,0.0,1.0,
1984-12-21,,,,,0.0,1.0,
1984-12-24,,,,,0.0,1.0,
1984-12-25,,,,,0.0,1.0,
1984-12-26,,,,,0.0,1.0,
1984-12-27,,,,,0.0,1.0,
1984-12-28,,,,,0.0,1.0,
1984-12-31,,,,,0.0,1.0,
1985-01-01,,,,,0.0,1.0,
1985-01-02,,,,,0.0,1.0,
1985-01-03,,,,,0.0,1.0,
1985-01-04,,,,,0.0,1.0,
1985-01-07,,,,,0.0,1.0,
1985-01-08,,,,,0.0,1.0,
1985-01-09,,,,,0.0,1.0,
1985-01-10,,,,,0.0,1.0,
1985-01-11,,,,,0.0,1.0,
1985-01-14,,,,,0.0,1.0,
1985-01-15,,,,,0.0,1.0,
1985-01-16,,,,,0.0,1.0,
1985-01-17,,,,,0.0,1.0,
1985-01-18,,,,,0.0,1.0,
1985-01-21,,,,,0.0,1.0,
1985-01-22,,,,,0.0,1.0,
1985-01-23,,,,,0.0,1.0,
1985-01-24,,,,,0.0,1.0,
1985-01-25,,,,,0.0,1.0,
1985-01-28,,,,,0.0,1.0,
1985-01-29,,,,,0.0,1.0,
1985-01-30,,,,,0.0,1.0,
1985-01-31,,,,,0.0,1.0,
1985-02-01,,,,,0.0,1.0,
1985-02-04,,,,,0.0,1.0,
1985-02-05,,,,,0.0,1.0,
1985-02-06,,,,,0.0,1.0,
1985-02-07,,,,,0.0,1.0,
1985-02-08,,,,,0.0,1.0,
1985-02-11,,,,,0.0,1.0,
1985-02-12,,,,,0.0,1.0,
1985-02-13,,,,,0.0,1.0,
1985-02-14,,,,,0.0,1.0,
1985-02-15,,,,,0.0,1.0,
1985-02-18,,,,,0.0,1.0,
1985-02-19,,,,,0.0,1.0,
1985-02-20,,,,,0.0,1.0,
1985-02-21,,,,,0.0,1.0,
1985-02-22,,,,,0.0,1.0,
1985-02-25,,,,,0.0,1.0,
1985-02-26,,,,,0.0,1.0,
1985-02-27,,,,,0.0,1.0,
1985-02-28,,,,,0.0,1.0,
1985-03-01,,,,,0.0,1.0,
1985-03-04,,,,,0.0,1.0,
1985-03-05,,,,,0.0,1.0,
1985-03-06,,,,,0.0,1.0,
1985-03-07,,,,,0.0,1.0,
1985-03-08,,,,,0.0,1.0,
1985-03-11,,,,,0.0,1.0,
1985-03-12,,,,,0.0,1.0,
1985-03-13,,,,,0.0,1.0,
1985-03-14,,,,,0.0,1.0,
1985-03-15,,,,,0.0,1.0,
1985-03-18,,,,,0.0,1.0,
1985-03-19,,,,,0.0,1.0,
1985-03-20,,,,,0.0,1.0,
1985-03-21,,,,,0.0,1.0,
1985-03-22,,,,,0.0,1.0,
1985-03-25,,,,,0.0,1.0,
1985-03-26,,,,,0.0,1.0,
1985-03-27,,,,,0.0,1.0,
1985-03-28,,,,,0.0,1.0,
1985-03-29,,,,,0.0,1.0,
1985-04-01,,,,,0.0,1.0,
1985-04-02,,,,,0.0,1.0,
1985-04-03,,,,,0.0,1.0,
1985-04-04,,,,,0.0,1.0,
1985-04-05,,,,,0.0,1.0,
1985-04-08,,,,,0.0,1.0,
1985-04-09,,,,,0.0,1.0,
1985-04-10,,,,,0.0,1.0,
1985-04-11,,,,,0.0,1.0,
1985-04-12,,,,,0.0,1.0,
1985-04-15,,,,,0.0,1.0,
1985-04-16,,,,,0.0,1.0,
1985-04-17,,,,,0.0,1.0,
1985-04-18,,,,,0.0,1.0,
1985-04-19,,,,,0.0,1.0,
1985-04-22,,,,,0.0,1.0,
1985-04-23,,,,,0.0,1.0,
1985-04-24,,,,,0.0,1.0,
1985-04-25,,,,,0.0,1.0,
1985-04-26,,,,,0.0,1.0,
1985-04-29,,,,,0.0,1.0,
1985-04-30,,,,,0.0,1.0,
1985-05-01,,,,,0.0,1.0,
1985-05-02,,,,,0.0,1.0,
1985-05-03,,,,,0.0,1.0,
1985-05-06,,,,,0.0,1.0,
1985-05-07,,,,,0.0,1.0,
1985-05-08,,,,,0.0,1.0,
1985-05-09,,,,,0.0,1.0,
1985-05-10,,,,,0.0,1.0,
1985-05-13,,,,,0.0,1.0,
1985-05-14,,,,,0.0,1.0,
1985-05-15,,,,,0.0,1.0,
1985-05-16,,,,,0.0,1.0,
1985-05-17,,,,,0.0,1.0,
1985-05-20,,,,,0.0,1.0,
1985-05-21,,,,,0.0,1.0,
1985-05-22,,,,,0.0,1.0,
1985-05-23,,,,,0.0,1.0,
1985-05-24,,,,,0.0,1.0,
1985-05-27,,,,,0.0,1.0,
1985-05-28,,,,,0.0,1.0,
1985-05-29,,,,,0.0,1.0,
1985-05-30,,,,,0.0,1.0,
1985-05-31,,,,,0.0,1.0,
1985-06-03,,,,,0.0,1.0,
1985-06-04,,,,,0.0,1.0,
1985-06-05,,,,,0.0,1.0,
1985-06-06,,,,,0.0,1.0,
1985-06-07,,,,,0.0,1.0,
1985-06-10,,,,,0.0,1.0,
1985-06-11,,,,,0.0,1.0,
1985-06-12,,,,,0.0,1.0,
1985-06-13,,,,,0.0,1.0,
1985-06-14,,,,,0.0,1.0,
1985-06-17,,,,,0.0,1.0,
1985-06-18,,,,,0.0,1.0,
1985-06-19,,,,,0.0,1.0,
1985-06-20,,,,,0.0,1.0,
1985-06-21,,,,,0.0,1.0,
1985-06-24,,,,,0.0,1.0,
1985-06-25,,,,,0.0,1.0,
1985-06-26,,,,,0.0,1.0,
1985-06-27,,,,,0.0,1.0,
1985-06-28,,,,,0.0,1.0,
1985-07-01,,,,,0.0,1.0,
1985-07-02,,,,,0.0,1.0,
1985-07-03,,,,,0.0,1.0,
1985-07-04,,,,,0.0,1.0,
1985-07-05,,,,,0.0,1.0,
1985-07-08,,,,,0.0,1.0,
1985-07-09,,,,,0.0,1.0,
1985-07-10,,,,,0.0,1.0,
1985-07-11,,,,,0.0,1.0,
1985-07-12,,,,,0.0,1.0,
1985-07-15,,,,,0.0,1.0,
1985-07-16,,,,,0.0,1.0,
1985-07-17,,,,,0.0,1.0,
1985-07-18,,,,,0.0,1.0,
1985-07-19,,,,,0.0,1.0,
1985-07-22,,,,,0.0,1.0,
1985-07-23,,,,,0.0,1.0,
1985-07-24,,,,,0.0,1.0,
1985-07-25,,,,,0.0,1.0,
1985-07-26,,,,,0.0,1.0,
1985-07-29,,,,,0.0,1.0,
1985-07-30,,,,,0.0,1.0,
1985-07-31,,,,,0.0,1.0,
1985-08-01,,,,,0.0,1.0,
1985-08-02,,,,,0.0,1.0,
1985-08-05,,,,,0.0,1.0,
1985-08-06,,,,,0.0,1.0,
1985-08-07,,,,,0.0,1.0,
1985-08-08,,,,,0.0,1.0,
1985-08-09,,,,,0.0,1.0,
1985-08-12,,,,,0.0,1.0,
1985-08-13,,,,,0.0,1.0,
1985-08-14,,,,,0.0,1.0,
1985-08-15,,,,,0.0,1.0,
1985-08-16,,,,,0.0,1.0,
1985-08-19,,,,,0.0,1.0,
1985-08-20,,,,,0.0,1.0,
1985-08-21,,,,,0.0,1.0,
1985-08-22,,,,,0.0,1.0,
1985-08-23,,,,,0.0,1.0,
1985-08-26,,,,,0.0,1.0,
1985-08-27,,,,,0.0,1.0,
1985-08-28,,,,,0.0,1.0,
1985-08-29,,,,,0.0,1.0,
1985-08-30,,,,,0.0,1.0,
1985-09-02,,,,,0.0,1.0,
1985-09-03,,,,,0.0,1.0,
1985-09-04,,,,,0.0,1.0,
1985-09-05,,,,,0.0,1.0,
1985-09-06,,,,,0.0,1.0,
1985-09-09,,,,,0.0,1.0,
1985-09-10,,,,,0.0,1.0,
1985-09-11,,,,,0.0,1.0,
1985-09-12,,,,,0.0,1.0,
1985-09-13,,,,,0.0,1.0,
1985-09-16,,,,,0.0,1.0,
1985-09-17,,,,,0.0,1.0,
1985-09-18,,,,,0.0,1.0,
1985-09-19,,,,,0.0,1.0,
1985-09-20,,,,,0.0,1.0,
1985-09-23,,,,,0.0,1.0,
1985-09-24,,,,,0.0,1.0,
1985-09-25,,,,,0.0,1.0,
1985-09-26,,,,,0.0,1.0,
1985-09-27,,,,,0.0,1.0,
1985-09-30,,,,,0.0,1.0,
1985-10-01,,,,,0.0,1.0,
1985-10-02,,,,,0.0,1.0,
1985-10-03,,,,,0.0,1.0,
1985-10-04,,,,,0.0,1.0,
1985-10-07,,,,,0.0,1.0,
1985-10-08,,,,,0.0,1.0,
1985-10-09,,,,,0.0,1.0,
1985-10-10,,,,,0.0,1.0,
1985-10-11,,,,,0.0,1.0,
1985-10-14,,,,,0.0,1.0,
1985-10-15,,,,,0.0,1.0,
1985-10-16,,,,,0.0,1.0,
1985-10-17,,,,,0.0,1.0,
1985-10-18,,,,,0.0,1.0,
1985-10-21,,,,,0.0,1.0,
1985-10-22,,,,,0.0,1.0,
1985-10-23,,,,,0.0,1.0,
1985-10-24,,,,,0.0,1.0,
1985-10-25,,,,,0.0,1.0,
1985-10-28,,,,,0.0,1.0,
1985-10-29,,,,,0.0,1.0,
1985-10-30,,,,,0.0,1.0,
1985-10-31,,,,,0.0,1.0,
1985-11-01,,,,,0.0,1.0,
1985-11-04,,,,,0.0,1.0,
1985-11-05,,,,,0.0,1.0,
1985-11-06,,,,,0.0,1.0,
1985-11-07,,,,,0.0,1.0,
1985-11-08,,,,,0.0,1.0,
1985-11-11,,,,,0.0,1.0,
1985-11-12,,,,,0.0,1.0,
1985-11-13,,,,,0.0,1.0,
1985-11-14,,,,,0.0,1.0,
1985-11-15,,,,,0.0,1.0,
1985-11-18,,,,,0.0,1.0,
1985-11-19,,,,,0.0,1.0,
1985-11-20,,,,,0.0,1.0,
1985-11-21,,,,,0.0,1.0,
1985-11-22,,,,,0.0,1.0,
1985-11-25,,,,,0.0,1.0,
1985-11-26,,,,,0.0,1.0,
1985-11-27,,,,,0.0,1.0,
1985-11-28,,,,,0.0,1.0,
1985-11-29,,,,,0.0,1.0,
1985-12-02,,,,,0.0,1.0,
1985-12-03,,,,,0.0,1.0,
1985-12-04,,,,,0.0,1.0,
1985-12-05,,,,,0.0,1.0,
1985-12-06,,,,,0.0,1.0,
1985-12-09,,,,,0.0,1.0,
1985-12-10,,,,,0.0,1.0,
1985-12-11,,,,,0.0,1.0,
1985-12-12,,,,,0.0,1.0,
1985-12-13,,,,,0.0,1.0,
1985-12-16,,,,,0.0,1.0,
1985-12-17,,,,,0.0,1.0,
1985-12-18,,,,,0.0,1.0,
1985-12-19,,,,,0.0,1.0,
1985-12-20,,,,,0.0,1.0,
1985-12-23,,,,,0.0,1.0,
1985-12-24,,,,,0.0,1.0,
1985-12-25,,,,,0.0,1.0,
1985-12-26,,,,,0.0,1.0,
1985-12-27,,,,,0.0,1.0,
1985-12-30,,,,,0.0,1.0,
1985-12-31,,,,,0.0,1.0,
1986-01-02,,,,,0.0,1.0,
1986-01-03,,,,,0.0,1.0,
1986-01-06,,,,,0.0,1.0,
1986-01-07,,,,,0.0,1.0,
1986-01-08,,,,,0.0,1.0,
1986-01-09,,,,,0.0,1.0,
1986-01-10,,,,,0.0,1.0,
1986-01-13,,,,,0.0,1.0,
1986-01-14,,,,,0.0,1.0,
1986-01-15,,,,,0.0,1.0,
1986-01-16,,,,,0.0,1.0,
1986-01-17,,,,,0.0,1.0,
1986-01-20,,,,,0.0,1.0,
1986-01-21,,,,,0.0,1.0,
1986-01-22,,,,,0.0,1.0,
1986-01-23,,,,,0.0,1.0,
1986-01-24,,,,,0.0,1.0,
1986-01-27,,,,,0.0,1.0,
1986-01-28,,,,,0.0,1.0,
1986-01-29,,,,,0.0,1.0,
1986-01-30,,,,,0.0,1.0,
1986-01-31,,,,,0.0,1.0,
1986-02-03,,,,,0.0,1.0,
1986-02-04,,,,,0.0,1.0,
1986-02-05,,,,,0.0,1.0,
1986-02-06,,,,,0.0,1.0,
1986-02-07,,,,,0.0,1.0,
1986-02-10,,,,,0.0,1.0,
1986-02-11,,,,,0.0,1.0,
1986-02-12,,,,,0.0,1.0,
1986-02-13,,,,,0.0,1.0,
1986-02-14,,,,,0.0,1.0,
1986-02-17,,,,,0.0,1.0,
1986-02-18,,,,,0.0,1.0,
1986-02-19,,,,,0.0,1.0,
1986-02-20,,,,,0.0,1.0,
1986-02-21,,,,,0.0,1.0,
1986-02-24,,,,,0.0,1.0,
1986-02-25,,,,,0.0,1.0,
1986-02-26,,,,,0.0,1.0,
1986-02-27,,,,,0.0,1.0,
1986-02-28,,,,,0.0,1.0,
1986-03-03,,,,,0.0,1.0,
1986-03-04,,,,,0.0,1.0,
1986-03-05,,,,,0.0,1.0,
1986-03-06,,,,,0.0,1.0,
1986-03-07,,,,,0.0,1.0,
1986-03-10,,,,,0.0,1.0,
1986-03-11,,,,,0.0,1.0,
1986-03-12,,,,,0.0,1.0,
1986-03-13,,,,,0.0,1.0,
1986-03-14,,,,,0.0,1.0,
1986-03-17,,,,,0.0,1.0,
1986-03-18,,,,,0.0,1.0,
1986-03-19,,,,,0.0,1.0,
1986-03-20,,,,,0.0,1.0,
1986-03-21,,,,,0.0,1.0,
1986-03-24,,,,,0.0,1.0,
1986-03-25,,,,,0.0,1.0,
1986-03-26,,,,,0.0,1.0,
1986-03-27,,,,,0.0,1.0,
1986-04-01,,,,,0.0,1.0,
1986-04-02,,,,,0.0,1.0,
1986-04-03,,,,,0.0,1.0,
1986-04-04,,,,,0.0,1.0,
1986-04-07,,,,,0.0,1.0,
1986-04-08,,,,,0.0,1.0,
1986-04-09,,,,,0.0,1.0,
1986-04-10,,,,,0.0,1.0,
1986-04-11,,,,,0.0,1.0,
1986-04-14,,,,,0.0,1.0,
1986-04-15,,,,,0.0,1.0,
1986-04-16,,,,,0.0,1.0,
1986-04-17,,,,,0.0,1.0,
1986-04-18,,,,,0.0,1.0,
1986-04-21,,,,,0.0,1.0,
1986-04-22,,,,,0.0,1.0,
1986-04-23,,,,,0.0,1.0,
1986-04-24,,,,,0.0,1.0,
1986-04-25,,,,,0.0,1.0,
1986-04-28,,,,,0.0,1.0,
1986-04-29,,,,,0.0,1.0,
1986-04-30,,,,,0.0,1.0,
1986-05-01,,,,,0.0,1.0,
1986-05-02,,,,,0.0,1.0,
1986-05-05,,,,,0.0,1.0,
1986-05-06,,,,,0.0,1.0,
1986-05-07,,,,,0.0,1.0,
1986-05-08,,,,,0.0,1.0,
1986-05-09,,,,,0.0,1.0,
1986-05-12,,,,,0.0,1.0,
1986-05-13,,,,,0.0,1.0,
1986-05-14,,,,,0.0,1.0,
1986-05-15,,,,,0.0,1.0,
1986-05-16,,,,,0.0,1.0,
1986-05-19,,,,,0.0,1.0,
1986-05-20,,,,,0.0,1.0,
1986-05-21,,,,,0.0,1.0,
1986-05-22,,,,,0.0,1.0,
1986-05-23,,,,,0.0,1.0,
1986-05-26,,,,,0.0,1.0,
1986-05-27,,,,,0.0,1.0,
1986-05-28,,,,,0.0,1.0,
1986-05-29,,,,,0.0,1.0,
1986-05-30,,,,,0.0,1.0,
1986-06-02,,,,,0.0,1.0,
1986-06-03,,,,,0.0,1.0,
1986-06-04,,,,,0.0,1.0,
1986-06-05,,,,,0.0,1.0,
1986-06-06,,,,,0.0,1.0,
1986-06-09,,,,,0.0,1.0,
1986-06-10,,,,,0.0,1.0,
1986-06-11,,,,,0.0,1.0,
1986-06-12,,,,,0.0,1.0,
1986-06-13,,,,,0.0,1.0,
1986-06-16,,,,,0.0,1.0,
1986-06-17,,,,,0.0,1.0,
1986-06-18,,,,,0.0,1.0,
1986-06-19,,,,,0.0,1.0,
1986-06-20,,,,,0.0,1.0,
1986-06-23,,,,,0.0,1.0,
1986-06-24,,,,,0.0,1.0,
1986-06-25,,,,,0.0,1.0,
1986-06-26,,,,,0.0,1.0,
1986-06-27,,,,,0.0,1.0,
1986-06-30,,,,,0.0,1.0,
1986-07-01,,,,,0.0,1.0,
1986-07-02,,,,,0.0,1.0,
1986-07-03,,,,,0.0,1.0,
1986-07-04,,,,,0.0,1.0,
1986-07-07,,,,,0.0,1.0,
1986-07-08,,,,,0.0,1.0,
1986-07-09,,,,,0.0,1.0,
1986-07-10,,,,,0.0,1.0,
1986-07-11,,,,,0.0,1.0,
1986-07-14,,,,,0.0,1.0,
1986-07-15,,,,,0.0,1.0,
1986-07-16,,,,,0.0,1.0,
1986-07-17,,,,,0.0,1.0,
1986-07-18,,,,,0.0,1.0,
1986-07-21,,,,,0.0,1.0,
1986-07-22,,,,,0.0,1.0,
1986-07-23,,,,,0.0,1.0,
1986-07-24,,,,,0.0,1.0,
1986-07-25,,,,,0.0,1.0,
1986-07-28,,,,,0.0,1.0,
1986-07-29,,,,,0.0,1.0,
1986-07-30,,,,,0.0,1.0,
1986-07-31,,,,,0.0,1.0,
1986-08-01,,,,,0.0,1.0,
1986-08-04,,,,,0.0,1.0,
1986-08-05,,,,,0.0,1.0,
1986-08-06,,,,,0.0,1.0,
1986-08-07,,,,,0.0,1.0,
1986-08-08,,,,,0.0,1.0,
1986-08-11,,,,,0.0,1.0,
1986-08-12,,,,,0.0,1.0,
1986-08-13,,,,,0.0,1.0,
1986-08-14,,,,,0.0,1.0,
1986-08-15,,,,,0.0,1.0,
1986-08-18,,,,,0.0,1.0,
1986-08-19,,,,,0.0,1.0,
1986-08-20,,,,,0.0,1.0,
1986-08-21,,,,,0.0,1.0,
1986-08-22,,,,,0.0,1.0,
1986-08-25,,,,,0.0,1.0,
1986-08-26,,,,,0.0,1.0,
1986-08-27,,,,,0.0,1.0,
1986-08-28,,,,,0.0,1.0,
1986-08-29,,,,,0.0,1.0,
1986-09-01,,,,,0.0,1.0,
1986-09-02,,,,,0.0,1.0,
1986-09-03,,,,,0.0,1.0,
1986-09-04,,,,,0.0,1.0,
1986-09-05,,,,,0.0,1.0,
1986-09-08,,,,,0.0,1.0,
1986-09-09,,,,,0.0,1.0,
1986-09-10,,,,,0.0,1.0,
1986-09-11,,,,,0.0,1.0,
1986-09-12,,,,,0.0,1.0,
1986-09-15,,,,,0.0,1.0,
1986-09-16,,,,,0.0,1.0,
1986-09-17,,,,,0.0,1.0,
1986-09-18,,,,,0.0,1.0,
1986-09-19,,,,,0.0,1.0,
1986-09-22,,,,,0.0,1.0,
1986-09-23,,,,,0.0,1.0,
1986-09-24,,,,,0.0,1.0,
1986-09-25,,,,,0.0,1.0,
1986-09-26,,,,,0.0,1.0,
1986-09-29,,,,,0.0,1.0,
1986-09-30,,,,,0.0,1.0,
1986-10-01,,,,,0.0,1.0,
1986-10-02,,,,,0.0,1.0,
1986-10-03,,,,,0.0,1.0,
1986-10-06,,,,,0.0,1.0,
1986-10-07,,,,,0.0,1.0,
1986-10-08,,,,,0.0,1.0,
1986-10-09,,,,,0.0,1.0,
1986-10-10,,,,,0.0,1.0,
1986-10-13,,,,,0.0,1.0,
1986-10-14,,,,,0.0,1.0,
1986-10-15,,,,,0.0,1.0,
1986-10-16,,,,,0.0,1.0,
1986-10-17,,,,,0.0,1.0,
1986-10-20,,,,,0.0,1.0,
1986-10-21,,,,,0.0,1.0,
1986-10-22,,,,,0.0,1.0,
1986-10-23,,,,,0.0,1.0,
1986-10-24,,,,,0.0,1.0,
1986-10-27,,,,,0.0,1.0,
1986-10-28,,,,,0.0,1.0,
1986-10-29,,,,,0.0,1.0,
1986-10-30,,,,,0.0,1.0,
1986-10-31,,,,,0.0,1.0,
1986-11-03,,,,,0.0,1.0,
1986-11-04,,,,,0.0,1.0,
1986-11-05,,,,,0.0,1.0,
1986-11-06,,,,,0.0,1.0,
1986-11-07,,,,,0.0,1.0,
1986-11-10,,,,,0.0,1.0,
1986-11-11,,,,,0.0,1.0,
1986-11-12,,,,,0.0,1.0,
1986-11-13,,,,,0.0,1.0,
1986-11-14,,,,,0.0,1.0,
1986-11-17,,,,,0.0,1.0,
1986-11-18,,,,,0.0,1.0,
1986-11-19,,,,,0.0,1.0,
1986-11-20,,,,,0.0,1.0,
1986-11-21,,,,,0.0,1.0,
1986-11-24,,,,,0.0,1.0,
1986-11-25,,,,,0.0,1.0,
1986-11-26,,,,,0.0,1.0,
1986-11-27,,,,,0.0,1.0,
1986-11-28,,,,,0.0,1.0,
1986-12-01,,,,,0.0,1.0,
1986-12-02,,,,,0.0,1.0,
1986-12-03,,,,,0.0,1.0,
1986-12-04,,,,,0.0,1.0,
1986-12-05,,,,,0.0,1.0,
1986-12-08,,,,,0.0,1.0,
1986-12-09,,,,,0.0,1.0,
1986-12-10,,,,,0.0,1.0,
1986-12-11,,,,,0.0,1.0,
1986-12-12,,,,,0.0,1.0,
1986-12-15,,,,,0.0,1.0,
1986-12-16,,,,,0.0,1.0,
1986-12-17,,,,,0.0,1.0,
1986-12-18,,,,,0.0,1.0,
1986-12-19,,,,,0.0,1.0,
1986-12-22,,,,,0.0,1.0,
1986-12-23,,,,,0.0,1.0,
1986-12-24,,,,,0.0,1.0,
1986-12-29,,,,,0.0,1.0,
1986-12-30,,,,,0.0,1.0,
1986-12-31,,,,,0.0,1.0,
1987-01-02,,,,,0.0,1.0,
1987-01-05,,,,,0.0,1.0,
1987-01-06,,,,,0.0,1.0,
1987-01-07,,,,,0.0,1.0,
1987-01-08,,,,,0.0,1.0,
1987-01-09,,,,,0.0,1.0,
1987-01-12,,,,,0.0,1.0,
1987-01-13,,,,,0.0,1.0,
1987-01-14,,,,,0.0,1.0,
1987-01-15,,,,,0.0,1.0,
1987-01-16,,,,,0.0,1.0,
1987-01-19,,,,,0.0,1.0,
1987-01-20,,,,,0.0,1.0,
1987-01-21,,,,,0.0,1.0,
1987-01-22,,,,,0.0,1.0,
1987-01-23,,,,,0.0,1.0,
1987-01-26,,,,,0.0,1.0,
1987-01-27,,,,,0.0,1.0,
1987-01-28,,,,,0.0,1.0,
1987-01-29,,,,,0.0,1.0,
1987-01-30,,,,,0.0,1.0,
1987-02-02,,,,,0.0,1.0,
1987-02-03,,,,,0.0,1.0,
1987-02-04,,,,,0.0,1.0,
1987-02-05,,,,,0.0,1.0,
1987-02-06,,,,,0.0,1.0,
1987-02-09,,,,,0.0,1.0,
1987-02-10,,,,,0.0,1.0,
1987-02-11,,,,,0.0,1.0,
1987-02-12,,,,,0.0,1.0,
1987-02-13,,,,,0.0,1.0,
1987-02-16,,,,,0.0,1.0,
1987-02-17,,,,,0.0,1.0,
1987-02-18,,,,,0.0,1.0,
1987-02-19,,,,,0.0,1.0,
1987-02-20,,,,,0.0,1.0,
1987-02-23,,,,,0.0,1.0,
1987-02-24,,,,,0.0,1.0,
1987-02-25,,,,,0.0,1.0,
1987-02-26,,,,,0.0,1.0,
1987-02-27,,,,,0.0,1.0,
1987-03-02,,,,,0.0,1.0,
1987-03-03,,,,,0.0,1.0,
1987-03-04,,,,,0.0,1.0,
1987-03-05,,,,,0.0,1.0,
1987-03-06,,,,,0.0,1.0,
1987-03-09,,,,,0.0,1.0,
1987-03-10,,,,,0.0,1.0,
1987-03-11,,,,,0.0,1.0,
1987-03-12,,,,,0.0,1.0,
1987-03-13,,,,,0.0,1.0,
1987-03-16,,,,,0.0,1.0,
1987-03-17,,,,,0.0,1.0,
1987-03-18,,,,,0.0,1.0,
1987-03-19,,,,,0.0,1.0,
1987-03-20,,,,,0.0,1.0,
1987-03-23,,,,,0.0,1.0,
1987-03-24,,,,,0.0,1.0,
1987-03-25,,,,,0.0,1.0,
1987-03-26,,,,,0.0,1.0,
1987-03-27,,,,,0.0,1.0,
1987-03-30,,,,,0.0,1.0,
1987-03-31,,,,,0.0,1.0,
1987-04-01,,,,,0.0,1.0,
1987-04-02,,,,,0.0,1.0,
1987-04-03,,,,,0.0,1.0,
1987-04-06,,,,,0.0,1.0,
1987-04-07,,,,,0.0,1.0,
1987-04-08,,,,,0.0,1.0,
1987-04-09,,,,,0.0,1.0,
1987-04-10,,,,,0.0,1.0,
1987-04-13,,,,,0.0,1.0,
1987-04-14,,,,,0.0,1.0,
1987-04-15,,,,,0.0,1.0,
1987-04-16,,,,,0.0,1.0,
1987-04-21,,,,,0.0,1.0,
1987-04-22,,,,,0.0,1.0,
1987-04-23,,,,,0.0,1.0,
1987-04-24,,,,,0.0,1.0,
1987-04-27,,,,,0.0,1.0,
1987-04-28,,,,,0.0,1.0,
1987-04-29,,,,,0.0,1.0,
1987-04-30,,,,,0.0,1.0,
1987-05-01,,,,,0.0,1.0,
1987-05-04,,,,,0.0,1.0,
1987-05-05,,,,,0.0,1.0,
1987-05-06,,,,,0.0,1.0,
1987-05-07,,,,,0.0,1.0,
1987-05-08,,,,,0.0,1.0,
1987-05-11,,,,,0.0,1.0,
1987-05-12,,,,,0.0,1.0,
1987-05-13,,,,,0.0,1.0,
1987-05-14,,,,,0.0,1.0,
1987-05-15,,,,,0.0,1.0,
1987-05-18,,,,,0.0,1.0,
1987-05-19,,,,,0.0,1.0,
1987-05-20,,,,,0.0,1.0,
1987-05-21,,,,,0.0,1.0,
1987-05-22,,,,,0.0,1.0,
1987-05-25,,,,,0.0,1.0,
1987-05-26,,,,,0.0,1.0,
1987-05-27,,,,,0.0,1.0,
1987-05-28,,,,,0.0,1.0,
1987-05-29,,,,,0.0,1.0,
1987-06-01,,,,,0.0,1.0,
1987-06-02,,,,,0.0,1.0,
1987-06-03,,,,,0.0,1.0,
1987-06-04,,,,,0.0,1.0,
1987-06-05,,,,,0.0,1.0,
1987-06-08,,,,,0.0,1.0,
1987-06-09,,,,,0.0,1.0,
1987-06-10,,,,,0.0,1.0,
1987-06-11,,,,,0.0,1.0,
1987-06-12,,,,,0.0,1.0,
1987-06-15,,,,,0.0,1.0,
1987-06-16,,,,,0.0,1.0,
1987-06-17,,,,,0.0,1.0,
1987-06-18,,,,,0.0,1.0,
1987-06-19,,,,,0.0,1.0,
1987-06-22,,,,,0.0,1.0,
1987-06-23,,,,,0.0,1.0,
1987-06-24,,,,,0.0,1.0,
1987-06-25,,,,,0.0,1.0,
1987-06-26,,,,,0.0,1.0,
1987-06-29,,,,,0.0,1.0,
1987-06-30,,,,,0.0,1.0,
1987-07-01,,,,,0.0,1.0,
1987-07-02,,,,,0.0,1.0,
1987-07-03,,,,,0.0,1.0,
1987-07-06,,,,,0.0,1.0,
1987-07-07,,,,,0.0,1.0,
1987-07-08,,,,,0.0,1.0,
1987-07-09,,,,,0.0,1.0,
1987-07-10,,,,,0.0,1.0,
1987-07-13,,,,,0.0,1.0,
1987-07-14,,,,,0.0,1.0,
1987-07-15,,,,,0.0,1.0,
1987-07-16,,,,,0.0,1.0,
1987-07-17,,,,,0.0,1.0,
1987-07-20,,,,,0.0,1.0,
1987-07-21,,,,,0.0,1.0,
1987-07-22,,,,,0.0,1.0,
1987-07-23,,,,,0.0,1.0,
1987-07-24,,,,,0.0,1.0,
1987-07-27,,,,,0.0,1.0,
1987-07-28,,,,,0.0,1.0,
1987-07-29,,,,,0.0,1.0,
1987-07-30,,,,,0.0,1.0,
1987-07-31,,,,,0.0,1.0,
1987-08-03,,,,,0.0,1.0,
1987-08-04,,,,,0.0,1.0,
1987-08-05,,,,,0.0,1.0,
1987-08-06,,,,,0.0,1.0,
1987-08-07,,,,,0.0,1.0,
1987-08-10,,,,,0.0,1.0,
1987-08-11,,,,,0.0,1.0,
1987-08-12,,,,,0.0,1.0,
1987-08-13,,,,,0.0,1.0,
1987-08-14,,,,,0.0,1.0,
1987-08-17,,,,,0.0,1.0,
1987-08-18,,,,,0.0,1.0,
1987-08-19,,,,,0.0,1.0,
1987-08-20,,,,,0.0,1.0,
1987-08-21,,,,,0.0,1.0,
1987-08-24,,,,,0.0,1.0,
1987-08-25,,,,,0.0,1.0,
1987-08-26,,,,,0.0,1.0,
1987-08-27,,,,,0.0,1.0,
1987-08-28,,,,,0.0,1.0,
1987-08-31,,,,,0.0,1.0,
1987-09-01,,,,,0.0,1.0,
1987-09-02,,,,,0.0,1.0,
1987-09-03,,,,,0.0,1.0,
1987-09-04,,,,,0.0,1.0,
1987-09-07,,,,,0.0,1.0,
1987-09-08,,,,,0.0,1.0,
1987-09-09,,,,,0.0,1.0,
1987-09-10,,,,,0.0,1.0,
1987-09-11,,,,,0.0,1.0,
1987-09-14,,,,,0.0,1.0,
1987-09-15,,,,,0.0,1.0,
1987-09-16,,,,,0.0,1.0,
1987-09-17,,,,,0.0,1.0,
1987-09-18,,,,,0.0,1.0,
1987-09-21,,,,,0.0,1.0,
1987-09-22,,,,,0.0,1.0,
1987-09-23,,,,,0.0,1.0,
1987-09-24,,,,,0.0,1.0,
1987-09-25,,,,,0.0,1.0,
1987-09-28,,,,,0.0,1.0,
1987-09-29,,,,,0.0,1.0,
1987-09-30,,,,,0.0,1.0,
1987-10-01,,,,,0.0,1.0,
1987-10-02,,,,,0.0,1.0,
1987-10-05,,,,,0.0,1.0,
1987-10-06,,,,,0.0,1.0,
1987-10-07,,,,,0.0,1.0,
1987-10-08,,,,,0.0,1.0,
1987-10-09,,,,,0.0,1.0,
1987-10-12,,,,,0.0,1.0,
1987-10-13,,,,,0.0,1.0,
1987-10-14,,,,,0.0,1.0,
1987-10-15,,,,,0.0,1.0,
1987-10-16,,,,,0.0,1.0,
1987-10-19,,,,,0.0,1.0,
1987-10-20,,,,,0.0,1.0,
1987-10-21,,,,,0.0,1.0,
1987-10-22,,,,,0.0,1.0,
1987-10-23,,,,,0.0,1.0,
1987-10-26,,,,,0.0,1.0,
1987-10-27,,,,,0.0,1.0,
1987-10-28,,,,,0.0,1.0,
1987-10-29,,,,,0.0,1.0,
1987-10-30,,,,,0.0,1.0,
1987-11-02,,,,,0.0,1.0,
1987-11-03,,,,,0.0,1.0,
1987-11-04,,,,,0.0,1.0,
1987-11-05,,,,,0.0,1.0,
1987-11-06,,,,,0.0,1.0,
1987-11-09,,,,,0.0,1.0,
1987-11-10,,,,,0.0,1.0,
1987-11-11,,,,,0.0,1.0,
1987-11-12,,,,,0.0,1.0,
1987-11-13,,,,,0.0,1.0,
1987-11-16,,,,,0.0,1.0,
1987-11-17,,,,,0.0,1.0,
1987-11-18,,,,,0.0,1.0,
1987-11-19,,,,,0.0,1.0,
1987-11-20,,,,,0.0,1.0,
1987-11-23,,,,,0.0,1.0,
1987-11-24,,,,,0.0,1.0,
1987-11-25,,,,,0.0,1.0,
1987-11-26,,,,,0.0,1.0,
1987-11-27,,,,,0.0,1.0,
1987-11-30,,,,,0.0,1.0,
1987-12-01,,,,,0.0,1.0,
1987-12-02,,,,,0.0,1.0,
1987-12-03,,,,,0.0,1.0,
1987-12-04,,,,,0.0,1.0,
1987-12-07,,,,,0.0,1.0,
1987-12-08,,,,,0.0,1.0,
1987-12-09,,,,,0.0,1.0,
1987-12-10,,,,,0.0,1.0,
1987-12-11,,,,,0.0,1.0,
1987-12-14,,,,,0.0,1.0,
1987-12-15,,,,,0.0,1.0,
1987-12-16,,,,,0.0,1.0,
1987-12-17,,,,,0.0,1.0,
1987-12-18,,,,,0.0,1.0,
1987-12-21,,,,,0.0,1.0,
1987-12-22,,,,,0.0,1.0,
1987-12-23,,,,,0.0,1.0,
1987-12-24,,,,,0.0,1.0,
1987-12-28,,,,,0.0,1.0,
1987-12-29,,,,,0.0,1.0,
1987-12-30,,,,,0.0,1.0,
1987-12-31,,,,,0.0,1.0,
1988-01-04,,,,,0.0,1.0,
1988-01-05,,,,,0.0,1.0,
1988-01-06,,,,,0.0,1.0,
1988-01-07,,,,,0.0,1.0,
1988-01-08,,,,,0.0,1.0,
1988-01-11,,,,,0.0,1.0,
1988-01-12,,,,,0.0,1.0,
1988-01-13,,,,,0.0,1.0,
1988-01-14,,,,,0.0,1.0,
1988-01-15,,,,,0.0,1.0,
1988-01-18,,,,,0.0,1.0,
1988-01-19,,,,,0.0,1.0,
1988-01-20,,,,,0.0,1.0,
1988-01-21,,,,,0.0,1.0,
1988-01-22,,,,,0.0,1.0,
1988-01-25,,,,,0.0,1.0,
1988-01-26,,,,,0.0,1.0,
1988-01-27,,,,,0.0,1.0,
1988-01-28,,,,,0.0,1.0,
1988-01-29,,,,,0.0,1.0,
1988-02-01,,,,,0.0,1.0,
1988-02-02,,,,,0.0,1.0,
1988-02-03,,,,,0.0,1.0,
1988-02-04,,,,,0.0,1.0,
1988-02-05,,,,,0.0,1.0,
1988-02-06,,,,,0.0,1.0,
1988-02-08,,,,,0.0,1.0,
1988-02-09,,,,,0.0,1.0,
1988-02-10,,,,,0.0,1.0,
1988-02-11,,,,,0.0,1.0,
1988-02-12,,,,,0.0,1.0,
1988-02-15,,,,,0.0,1.0,
1988-02-16,,,,,0.0,1.0,
1988-02-17,,,,,0.0,1.0,
1988-02-18,,,,,0.0,1.0,
1988-02-19,,,,,0.0,1.0,
1988-02-22,,,,,0.0,1.0,
1988-02-23,,,,,0.0,1.0,
1988-02-24,,,,,0.0,1.0,
1988-02-25,,,,,0.0,1.0,
1988-02-26,,,,,0.0,1.0,
1988-02-29,,,,,0.0,1.0,
1988-03-01,,,,,0.0,1.0,
1988-03-02,,,,,0.0,1.0,
1988-03-03,,,,,0.0,1.0,
1988-03-04,,,,,0.0,1.0,
1988-03-07,,,,,0.0,1.0,
1988-03-08,,,,,0.0,1.0,
1988-03-09,,,,,0.0,1.0,
1988-03-10,,,,,0.0,1.0,
1988-03-11,,,,,0.0,1.0,
1988-03-14,,,,,0.0,1.0,
1988-03-15,,,,,0.0,1.0,
1988-03-16,,,,,0.0,1.0,
1988-03-17,,,,,0.0,1.0,
1988-03-18,,,,,0.0,1.0,
1988-03-21,,,,,0.0,1.0,
1988-03-22,,,,,0.0,1.0,
1988-03-23,,,,,0.0,1.0,
1988-03-24,,,,,0.0,1.0,
1988-03-25,,,,,0.0,1.0,
1988-03-28,,,,,0.0,1.0,
1988-03-29,,,,,0.0,1.0,
1988-03-30,,,,,0.0,1.0,
1988-03-31,,,,,0.0,1.0,
1988-04-05,,,,,0.0,1.0,
1988-04-06,,,,,0.0,1.0,
1988-04-07,,,,,0.0,1.0,
1988-04-08,,,,,0.0,1.0,
1988-04-11,,,,,0.0,1.0,
1988-04-12,,,,,0.0,1.0,
1988-04-13,,,,,0.0,1.0,
1988-04-14,,,,,0.0,1.0,
1988-04-15,,,,,0.0,1.0,
1988-04-18,,,,,0.0,1.0,
1988-04-19,,,,,0.0,1.0,
1988-04-20,,,,,0.0,1.0,
1988-04-21,,,,,0.0,1.0,
1988-04-22,,,,,0.0,1.0,
1988-04-25,,,,,0.0,1.0,
1988-04-26,,,,,0.0,1.0,
1988-04-27,,,,,0.0,1.0,
1988-04-28,,,,,0.0,1.0,
1988-04-29,,,,,0.0,1.0,
1988-05-02,,,,,0.0,1.0,
1988-05-03,,,,,0.0,1.0,
1988-05-04,,,,,0.0,1.0,
1988-05-05,,,,,0.0,1.0,
1988-05-06,,,,,0.0,1.0,
1988-05-09,,,,,0.0,1.0,
1988-05-10,,,,,0.0,1.0,
1988-05-11,,,,,0.0,1.0,
1988-05-12,,,,,0.0,1.0,
1988-05-13,,,,,0.0,1.0,
1988-05-16,,,,,0.0,1.0,
1988-05-17,,,,,0.0,1.0,
1988-05-18,,,,,0.0,1.0,
1988-05-19,,,,,0.0,1.0,
1988-05-20,,,,,0.0,1.0,
1988-05-23,,,,,0.0,1.0,
1988-05-24,,,,,0.0,1.0,
1988-05-25,,,,,0.0,1.0,
1988-05-26,,,,,0.0,1.0,
1988-05-27,,,,,0.0,1.0,
1988-05-30,,,,,0.0,1.0,
1988-05-31,,,,,0.0,1.0,
1988-06-01,,,,,0.0,1.0,
1988-06-02,,,,,0.0,1.0,
1988-06-03,,,,,0.0,1.0,
1988-06-06,,,,,0.0,1.0,
1988-06-07,,,,,0.0,1.0,
1988-06-08,,,,,0.0,1.0,
1988-06-09,,,,,0.0,1.0,
1988-06-10,,,,,0.0,1.0,
1988-06-13,,,,,0.0,1.0,
1988-06-14,,,,,0.0,1.0,
1988-06-15,,,,,0.0,1.0,
1988-06-16,,,,,0.0,1.0,
1988-06-17,,,,,0.0,1.0,
1988-06-20,,,,,0.0,1.0,
1988-06-21,,,,,0.0,1.0,
1988-06-22,,,,,0.0,1.0,
1988-06-23,,,,,0.0,1.0,
1988-06-24,,,,,0.0,1.0,
1988-06-27,,,,,0.0,1.0,
1988-06-28,,,,,0.0,1.0,
1988-06-29,,,,,0.0,1.0,
1988-06-30,,,,,0.0,1.0,
1988-07-01,,,,,0.0,1.0,
1988-07-04,,,,,0.0,1.0,
1988-07-05,,,,,0.0,1.0,
1988-07-06,,,,,0.0,1.0,
1988-07-07,,,,,0.0,1.0,
1988-07-08,,,,,0.0,1.0,
1988-07-11,,,,,0.0,1.0,
1988-07-12,,,,,0.0,1.0,
1988-07-13,,,,,0.0,1.0,
1988-07-14,,,,,0.0,1.0,
1988-07-15,,,,,0.0,1.0,
1988-07-18,,,,,0.0,1.0,
1988-07-19,,,,,0.0,1.0,
1988-07-20,,,,,0.0,1.0,
1988-07-21,,,,,0.0,1.0,
1988-07-22,,,,,0.0,1.0,
1988-07-25,,,,,0.0,1.0,
1988-07-26,,,,,0.0,1.0,
1988-07-27,,,,,0.0,1.0,
1988-07-28,,,,,0.0,1.0,
1988-07-29,,,,,0.0,1.0,
1988-08-01,,,,,0.0,1.0,
1988-08-02,,,,,0.0,1.0,
1988-08-03,,,,,0.0,1.0,
1988-08-04,,,,,0.0,1.0,
1988-08-05,,,,,0.0,1.0,
1988-08-08,,,,,0.0,1.0,
1988-08-09,,,,,0.0,1.0,
1988-08-10,,,,,0.0,1.0,
1988-08-11,,,,,0.0,1.0,
1988-08-12,,,,,0.0,1.0,
1988-08-15,,,,,0.0,1.0,
1988-08-16,,,,,0.0,1.0,
1988-08-17,,,,,0.0,1.0,
1988-08-18,,,,,0.0,1.0,
1988-08-19,,,,,0.0,1.0,
1988-08-22,,,,,0.0,1.0,
1988-08-23,,,,,0.0,1.0,
1988-08-24,,,,,0.0,1.0,
1988-08-25,,,,,0.0,1.0,
1988-08-26,,,,,0.0,1.0,
1988-08-29,,,,,0.0,1.0,
1988-08-30,,,,,0.0,1.0,
1988-08-31,,,,,0.0,1.0,
1988-09-01,,,,,0.0,1.0,
1988-09-02,,,,,0.0,1.0,
1988-09-05,,,,,0.0,1.0,
1988-09-06,,,,,0.0,1.0,
1988-09-07,,,,,0.0,1.0,
1988-09-08,,,,,0.0,1.0,
1988-09-09,,,,,0.0,1.0,
1988-09-12,,,,,0.0,1.0,
1988-09-13,,,,,0.0,1.0,
1988-09-14,,,,,0.0,1.0,
1988-09-15,,,,,0.0,1.0,
1988-09-16,,,,,0.0,1.0,
1988-09-19,,,,,0.0,1.0,
1988-09-20,,,,,0.0,1.0,
1988-09-21,,,,,0.0,1.0,
1988-09-22,,,,,0.0,1.0,
1988-09-23,,,,,0.0,1.0,
1988-09-26,,,,,0.0,1.0,
1988-09-27,,,,,0.0,1.0,
1988-09-28,,,,,0.0,1.0,
1988-09-29,,,,,0.0,1.0,
1988-09-30,,,,,0.0,1.0,
1988-10-03,,,,,0.0,1.0,
1988-10-04,,,,,0.0,1.0,
1988-10-05,,,,,0.0,1.0,
1988-10-06,,,,,0.0,1.0,
1988-10-07,,,,,0.0,1.0,
1988-10-10,,,,,0.0,1.0,
1988-10-11,,,,,0.0,1.0,
1988-10-12,,,,,0.0,1.0,
1988-10-13,,,,,0.0,1.0,
1988-10-14,,,,,0.0,1.0,
1988-10-17,,,,,0.0,1.0,
1988-10-18,,,,,0.0,1.0,
1988-10-19,,,,,0.0,1.0,
1988-10-20,,,,,0.0,1.0,
1988-10-21,,,,,0.0,1.0,
1988-10-24,,,,,0.0,1.0,
1988-10-25,,,,,0.0,1.0,
1988-10-26,,,,,0.0,1.0,
1988-10-27,,,,,0.0,1.0,
1988-10-28,,,,,0.0,1.0,
1988-10-31,,,,,0.0,1.0,
1988-11-01,,,,,0.0,1.0,
1988-11-02,,,,,0.0,1.0,
1988-11-03,,,,,0.0,1.0,
1988-11-04,,,,,0.0,1.0,
1988-11-07,,,,,0.0,1.0,
1988-11-08,,,,,0.0,1.0,
1988-11-09,,,,,0.0,1.0,
1988-11-10,,,,,0.0,1.0,
1988-11-11,,,,,0.0,1.0,
1988-11-14,,,,,0.0,1.0,
1988-11-15,,,,,0.0,1.0,
1988-11-16,,,,,0.0,1.0,
1988-11-17,,,,,0.0,1.0,
1988-11-18,,,,,0.0,1.0,
1988-11-21,,,,,0.0,1.0,
1988-11-22,,,,,0.0,1.0,
1988-11-23,,,,,0.0,1.0,
1988-11-24,,,,,0.0,1.0,
1988-11-25,,,,,0.0,1.0,
1988-11-28,,,,,0.0,1.0,
1988-11-29,,,,,0.0,1.0,
1988-11-30,,,,,0.0,1.0,
1988-12-01,,,,,0.0,1.0,
1988-12-02,,,,,0.0,1.0,
1988-12-05,,,,,0.0,1.0,
1988-12-06,,,,,0.0,1.0,
1988-12-07,,,,,0.0,1.0,
1988-12-08,,,,,0.0,1.0,
1988-12-09,,,,,0.0,1.0,
1988-12-12,,,,,0.0,1.0,
1988-12-13,,,,,0.0,1.0,
1988-12-14,,,,,0.0,1.0,
1988-12-15,,,,,0.0,1.0,
1988-12-16,,,,,0.0,1.0,
1988-12-19,,,,,0.0,1.0,
1988-12-20,,,,,0.0,1.0,
1988-12-21,,,,,0.0,1.0,
1988-12-22,,,,,0.0,1.0,
1988-12-23,,,,,0.0,1.0,
1988-12-26,,,,,0.0,1.0,
1988-12-27,,,,,0.0,1.0,
1988-12-28,,,,,0.0,1.0,
1988-12-29,,,,,0.0,1.0,
1988-12-30,,,,,0.0,1.0,
1989-01-02,,,,,0.0,1.0,
1989-01-03,,,,,0.0,1.0,
1989-01-04,,,,,0.0,1.0,
1989-01-05,,,,,0.0,1.0,
1989-01-06,,,,,0.0,1.0,
1989-01-09,,,,,0.0,1.0,
1989-01-10,,,,,0.0,1.0,
1989-01-11,,,,,0.0,1.0,
1989-01-12,,,,,0.0,1.0,
1989-01-13,,,,,0.0,1.0,
1989-01-16,,,,,0.0,1.0,
1989-01-17,,,,,0.0,1.0,
1989-01-18,,,,,0.0,1.0,
1989-01-19,,,,,0.0,1.0,
1989-01-20,,,,,0.0,1.0,
1989-01-23,,,,,0.0,1.0,
1989-01-24,,,,,0.0,1.0,
1989-01-25,,,,,0.0,1.0,
1989-01-26,,,,,0.0,1.0,
1989-01-27,,,,,0.0,1.0,
1989-01-30,,,,,0.0,1.0,
1989-01-31,,,,,0.0,1.0,
1989-02-01,,,,,0.0,1.0,
1989-02-02,,,,,0.0,1.0,
1989-02-03,,,,,0.0,1.0,
1989-02-06,,,,,0.0,1.0,
1989-02-07,,,,,0.0,1.0,
1989-02-08,,,,,0.0,1.0,
1989-02-09,,,,,0.0,1.0,
1989-02-10,,,,,0.0,1.0,
1989-02-13,,,,,0.0,1.0,
1989-02-14,,,,,0.0,1.0,
1989-02-15,,,,,0.0,1.0,
1989-02-16,,,,,0.0,1.0,
1989-02-17,,,,,0.0,1.0,
1989-02-20,,,,,0.0,1.0,
1989-02-21,,,,,0.0,1.0,
1989-02-22,,,,,0.0,1.0,
1989-02-23,,,,,0.0,1.0,
1989-02-24,,,,,0.0,1.0,
1989-02-27,,,,,0.0,1.0,
1989-02-28,,,,,0.0,1.0,
1989-03-01,,,,,0.0,1.0,
1989-03-02,,,,,0.0,1.0,
1989-03-03,,,,,0.0,1.0,
1989-03-06,,,,,0.0,1.0,
1989-03-07,,,,,0.0,1.0,
1989-03-08,,,,,0.0,1.0,
1989-03-09,,,,,0.0,1.0,
1989-03-10,,,,,0.0,1.0,
1989-03-13,,,,,0.0,1.0,
1989-03-14,,,,,0.0,1.0,
1989-03-15,,,,,0.0,1.0,
1989-03-16,,,,,0.0,1.0,
1989-03-17,,,,,0.0,1.0,
1989-03-20,,,,,0.0,1.0,
1989-03-21,,,,,0.0,1.0,
1989-03-22,,,,,0.0,1.0,
1989-03-23,,,,,0.0,1.0,
1989-03-24,,,,,0.0,1.0,
1989-03-27,,,,,0.0,1.0,
1989-03-28,,,,,0.0,1.0,
1989-03-29,,,,,0.0,1.0,
1989-03-30,,,,,0.0,1.0,
1989-03-31,,,,,0.0,1.0,
1989-04-03,,,,,0.0,1.0,
1989-04-04,,,,,0.0,1.0,
1989-04-05,,,,,0.0,1.0,
1989-04-06,,,,,0.0,1.0,
1989-04-07,,,,,0.0,1.0,
1989-04-10,,,,,0.0,1.0,
1989-04-11,,,,,0.0,1.0,
1989-04-12,,,,,0.0,1.0,
1989-04-13,,,,,0.0,1.0,
1989-04-14,,,,,0.0,1.0,
1989-04-17,,,,,0.0,1.0,
1989-04-18,,,,,0.0,1.0,
1989-04-19,,,,,0.0,1.0,
1989-04-20,,,,,0.0,1.0,
1989-04-21,,,,,0.0,1.0,
1989-04-24,,,,,0.0,1.0,
1989-04-25,,,,,0.0,1.0,
1989-04-26,,,,,0.0,1.0,
1989-04-27,,,,,0.0,1.0,
1989-04-28,,,,,0.0,1.0,
1989-05-01,,,,,0.0,1.0,
1989-05-02,,,,,0.0,1.0,
1989-05-03,,,,,0.0,1.0,
1989-05-04,,,,,0.0,1.0,
1989-05-05,,,,,0.0,1.0,
1989-05-08,,,,,0.0,1.0,
1989-05-09,,,,,0.0,1.0,
1989-05-10,,,,,0.0,1.0,
1989-05-11,,,,,0.0,1.0,
1989-05-12,,,,,0.0,1.0,
1989-05-15,,,,,0.0,1.0,
1989-05-16,,,,,0.0,1.0,
1989-05-17,,,,,0.0,1.0,
1989-05-18,,,,,0.0,1.0,
1989-05-19,,,,,0.0,1.0,
1989-05-22,,,,,0.0,1.0,
1989-05-23,,,,,0.0,1.0,
1989-05-24,,,,,0.0,1.0,
1989-05-25,,,,,0.0,1.0,
1989-05-26,,,,,0.0,1.0,
1989-05-29,,,,,0.0,1.0,
1989-05-30,,,,,0.0,1.0,
1989-05-31,,,,,0.0,1.0,
1989-06-01,,,,,0.0,1.0,
1989-06-02,,,,,0.0,1.0,
1989-06-05,,,,,0.0,1.0,
1989-06-06,,,,,0.0,1.0,
1989-06-07,,,,,0.0,1.0,
1989-06-08,,,,,0.0,1.0,
1989-06-09,,,,,0.0,1.0,
1989-06-12,,,,,0.0,1.0,
1989-06-13,,,,,0.0,1.0,
1989-06-14,,,,,0.0,1.0,
1989-06-15,,,,,0.0,1.0,
1989-06-16,,,,,0.0,1.0,
1989-06-19,,,,,0.0,1.0,
1989-06-20,,,,,0.0,1.0,
1989-06-21,,,,,0.0,1.0,
1989-06-22,,,,,0.0,1.0,
1989-06-23,,,,,0.0,1.0,
1989-06-26,,,,,0.0,1.0,
1989-06-27,,,,,0.0,1.0,
1989-06-28,,,,,0.0,1.0,
1989-06-29,,,,,0.0,1.0,
1989-06-30,,,,,0.0,1.0,
1989-07-03,,,,,0.0,1.0,
1989-07-04,,,,,0.0,1.0,
1989-07-05,,,,,0.0,1.0,
1989-07-06,,,,,0.0,1.0,
1989-07-07,,,,,0.0,1.0,
1989-07-10,,,,,0.0,1.0,
1989-07-11,,,,,0.0,1.0,
1989-07-12,,,,,0.0,1.0,
1989-07-13,,,,,0.0,1.0,
1989-07-14,,,,,0.0,1.0,
1989-07-17,,,,,0.0,1.0,
1989-07-18,,,,,0.0,1.0,
1989-07-19,,,,,0.0,1.0,
1989-07-20,,,,,0.0,1.0,
1989-07-21,,,,,0.0,1.0,
1989-07-24,,,,,0.0,1.0,
1989-07-25,,,,,0.0,1.0,
1989-07-26,,,,,0.0,1.0,
1989-07-27,,,,,0.0,1.0,
1989-07-28,,,,,0.0,1.0,
1989-07-31,,,,,0.0,1.0,
1989-08-01,,,,,0.0,1.0,
1989-08-02,,,,,0.0,1.0,
1989-08-03,,,,,0.0,1.0,
1989-08-04,,,,,0.0,1.0,
1989-08-07,,,,,0.0,1.0,
1989-08-08,,,,,0.0,1.0,
1989-08-09,,,,,0.0,1.0,
1989-08-10,,,,,0.0,1.0,
1989-08-11,,,,,0.0,1.0,
1989-08-14,,,,,0.0,1.0,
1989-08-15,,,,,0.0,1.0,
1989-08-16,,,,,0.0,1.0,
1989-08-17,,,,,0.0,1.0,
1989-08-18,,,,,0.0,1.0,
1989-08-21,,,,,0.0,1.0,
1989-08-22,,,,,0.0,1.0,
1989-08-23,,,,,0.0,1.0,
1989-08-24,,,,,0.0,1.0,
1989-08-25,,,,,0.0,1.0,
1989-08-28,,,,,0.0,1.0,
1989-08-29,,,,,0.0,1.0,
1989-08-30,,,,,0.0,1.0,
1989-08-31,,,,,0.0,1.0,
1989-09-01,,,,,0.0,1.0,
1989-09-04,,,,,0.0,1.0,
1989-09-05,,,,,0.0,1.0,
1989-09-06,,,,,0.0,1.0,
1989-09-07,,,,,0.0,1.0,
1989-09-08,,,,,0.0,1.0,
1989-09-11,,,,,0.0,1.0,
1989-09-12,,,,,0.0,1.0,
1989-09-13,,,,,0.0,1.0,
1989-09-14,,,,,0.0,1.0,
1989-09-15,,,,,0.0,1.0,
1989-09-18,,,,,0.0,1.0,
1989-09-19,,,,,0.0,1.0,
1989-09-20,,,,,0.0,1.0,
1989-09-21,,,,,0.0,1.0,
1989-09-22,,,,,0.0,1.0,
1989-09-25,,,,,0.0,1.0,
1989-09-26,,,,,0.0,1.0,
1989-09-27,,,,,0.0,1.0,
1989-09-28,,,,,0.0,1.0,
1989-09-29,,,,,0.0,1.0,
1989-10-02,,,,,0.0,1.0,
1989-10-03,,,,,0.0,1.0,
1989-10-04,,,,,0.0,1.0,
1989-10-05,,,,,0.0,1.0,
1989-10-06,,,,,0.0,1.0,
1989-10-09,,,,,0.0,1.0,
1989-10-10,,,,,0.0,1.0,
1989-10-11,,,,,0.0,1.0,
1989-10-12,,,,,0.0,1.0,
1989-10-13,,,,,0.0,1.0,
1989-10-16,,,,,0.0,1.0,
1989-10-17,,,,,0.0,1.0,
1989-10-18,,,,,0.0,1.0,
1989-10-19,,,,,0.0,1.0,
1989-10-20,,,,,0.0,1.0,
1989-10-23,,,,,0.0,1.0,
1989-10-24,,,,,0.0,1.0,
1989-10-25,,,,,0.0,1.0,
1989-10-26,,,,,0.0,1.0,
1989-10-27,,,,,0.0,1.0,
1989-10-30,,,,,0.0,1.0,
1989-10-31,,,,,0.0,1.0,
1989-11-01,,,,,0.0,1.0,
1989-11-02,,,,,0.0,1.0,
1989-11-03,,,,,0.0,1.0,
1989-11-06,,,,,0.0,1.0,
1989-11-07,,,,,0.0,1.0,
1989-11-08,,,,,0.0,1.0,
1989-11-09,,,,,0.0,1.0,
1989-11-10,,,,,0.0,1.0,
1989-11-13,,,,,0.0,1.0,
1989-11-14,,,,,0.0,1.0,
1989-11-15,,,,,0.0,1.0,
1989-11-16,,,,,0.0,1.0,
1989-11-17,,,,,0.0,1.0,
1989-11-20,,,,,0.0,1.0,
1989-11-21,,,,,0.0,1.0,
1989-11-22,,,,,0.0,1.0,
1989-11-23,,,,,0.0,1.0,
1989-11-24,,,,,0.0,1.0,
1989-11-27,,,,,0.0,1.0,
1989-11-28,,,,,0.0,1.0,
1989-11-29,,,,,0.0,1.0,
1989-11-30,,,,,0.0,1.0,
1989-12-01,,,,,0.0,1.0,
1989-12-04,,,,,0.0,1.0,
1989-12-05,,,,,0.0,1.0,
1989-12-06,,,,,0.0,1.0,
1989-12-07,,,,,0.0,1.0,
1989-12-08,,,,,0.0,1.0,
1989-12-11,,,,,0.0,1.0,
1989-12-12,,,,,0.0,1.0,
1989-12-13,,,,,0.0,1.0,
1989-12-14,,,,,0.0,1.0,
1989-12-15,,,,,0.0,1.0,
1989-12-18,,,,,0.0,1.0,
1989-12-19,,,,,0.0,1.0,
1989-12-20,,,,,0.0,1.0,
1989-12-21,,,,,0.0,1.0,
1989-12-22,,,,,0.0,1.0,
1989-12-25,,,,,0.0,1.0,
1989-12-26,,,,,0.0,1.0,
1989-12-27,,,,,0.0,1.0,
1989-12-28,,,,,0.0,1.0,
1989-12-29,,,,,0.0,1.0,
1990-01-01,,,,,0.0,1.0,
1990-01-02,,,,,0.0,1.0,
1990-01-03,,,,,0.0,1.0,
1990-01-04,,,,,0.0,1.0,
1990-01-05,,,,,0.0,1.0,
1990-01-08,,,,,0.0,1.0,
1990-01-09,,,,,0.0,1.0,
1990-01-10,,,,,0.0,1.0,
1990-01-11,,,,,0.0,1.0,
1990-01-12,,,,,0.0,1.0,
1990-01-15,,,,,0.0,1.0,
1990-01-16,,,,,0.0,1.0,
1990-01-17,,,,,0.0,1.0,
1990-01-18,,,,,0.0,1.0,
1990-01-19,,,,,0.0,1.0,
1990-01-22,,,,,0.0,1.0,
1990-01-23,,,,,0.0,1.0,
1990-01-24,,,,,0.0,1.0,
1990-01-25,,,,,0.0,1.0,
1990-01-26,,,,,0.0,1.0,
1990-01-29,,,,,0.0,1.0,
1990-01-30,,,,,0.0,1.0,
1990-01-31,,,,,0.0,1.0,
1990-02-01,,,,,0.0,1.0,
1990-02-02,,,,,0.0,1.0,
1990-02-05,,,,,0.0,1.0,
1990-02-06,,,,,0.0,1.0,
1990-02-07,,,,,0.0,1.0,
1990-02-08,,,,,0.0,1.0,
1990-02-09,,,,,0.0,1.0,
1990-02-12,,,,,0.0,1.0,
1990-02-13,,,,,0.0,1.0,
1990-02-14,,,,,0.0,1.0,
1990-02-15,,,,,0.0,1.0,
1990-02-16,,,,,0.0,1.0,
1990-02-19,,,,,0.0,1.0,
1990-02-20,,,,,0.0,1.0,
1990-02-21,,,,,0.0,1.0,
1990-02-22,,,,,0.0,1.0,
1990-02-23,,,,,0.0,1.0,
1990-02-26,,,,,0.0,1.0,
1990-02-27,,,,,0.0,1.0,
1990-02-28,,,,,0.0,1.0,
1990-03-01,,,,,0.0,1.0,
1990-03-02,,,,,0.0,1.0,
1990-03-05,,,,,0.0,1.0,
1990-03-06,,,,,0.0,1.0,
1990-03-07,,,,,0.0,1.0,
1990-03-08,,,,,0.0,1.0,
1990-03-09,,,,,0.0,1.0,
1990-03-12,,,,,0.0,1.0,
1990-03-13,,,,,0.0,1.0,
1990-03-14,,,,,0.0,1.0,
1990-03-15,,,,,0.0,1.0,
1990-03-16,,,,,0.0,1.0,
1990-03-19,,,,,0.0,1.0,
1990-03-20,,,,,0.0,1.0,
1990-03-21,,,,,0.0,1.0,
1990-03-22,,,,,0.0,1.0,
1990-03-23,,,,,0.0,1.0,
1990-03-26,,,,,0.0,1.0,
1990-03-27,,,,,0.0,1.0,
1990-03-28,,,,,0.0,1.0,
1990-03-29,,,,,0.0,1.0,
1990-03-30,,,,,0.0,1.0,
1990-04-02,,,,,0.0,1.0,
1990-04-03,,,,,0.0,1.0,
1990-04-04,,,,,0.0,1.0,
1990-04-05,,,,,0.0,1.0,
1990-04-06,,,,,0.0,1.0,
1990-04-09,,,,,0.0,1.0,
1990-04-10,,,,,0.0,1.0,
1990-04-11,,,,,0.0,1.0,
1990-04-12,,,,,0.0,1.0,
1990-04-13,,,,,0.0,1.0,
1990-04-16,,,,,0.0,1.0,
1990-04-17,,,,,0.0,1.0,
1990-04-18,,,,,0.0,1.0,
1990-04-19,,,,,0.0,1.0,
1990-04-20,,,,,0.0,1.0,
1990-04-23,,,,,0.0,1.0,
1990-04-24,,,,,0.0,1.0,
1990-04-25,,,,,0.0,1.0,
1990-04-26,,,,,0.0,1.0,
1990-04-27,,,,,0.0,1.0,
1990-04-30,,,,,0.0,1.0,
1990-05-01,,,,,0.0,1.0,
1990-05-02,,,,,0.0,1.0,
1990-05-03,,,,,0.0,1.0,
1990-05-04,,,,,0.0,1.0,
1990-05-07,,,,,0.0,1.0,
1990-05-08,,,,,0.0,1.0,
1990-05-09,,,,,0.0,1.0,
1990-05-10,,,,,0.0,1.0,
1990-05-11,,,,,0.0,1.0,
1990-05-14,,,,,0.0,1.0,
1990-05-15,,,,,0.0,1.0,
1990-05-16,,,,,0.0,1.0,
1990-05-17,,,,,0.0,1.0,
1990-05-18,,,,,0.0,1.0,
1990-05-21,,,,,0.0,1.0,
1990-05-22,,,,,0.0,1.0,
1990-05-23,,,,,0.0,1.0,
1990-05-24,,,,,0.0,1.0,
1990-05-25,,,,,0.0,1.0,
1990-05-28,,,,,0.0,1.0,
1990-05-29,,,,,0.0,1.0,
1990-05-30,,,,,0.0,1.0,
1990-05-31,,,,,0.0,1.0,
1990-06-01,,,,,0.0,1.0,
1990-06-04,,,,,0.0,1.0,
1990-06-05,,,,,0.0,1.0,
1990-06-06,,,,,0.0,1.0,
1990-06-07,,,,,0.0,1.0,
1990-06-08,,,,,0.0,1.0,
1990-06-11,,,,,0.0,1.0,
1990-06-12,,,,,0.0,1.0,
1990-06-13,,,,,0.0,1.0,
1990-06-14,,,,,0.0,1.0,
1990-06-15,,,,,0.0,1.0,
1990-06-18,,,,,0.0,1.0,
1990-06-19,,,,,0.0,1.0,
1990-06-20,,,,,0.0,1.0,
1990-06-21,,,,,0.0,1.0,
1990-06-22,,,,,0.0,1.0,
1990-06-25,,,,,0.0,1.0,
1990-06-26,,,,,0.0,1.0,
1990-06-27,,,,,0.0,1.0,
1990-06-28,,,,,0.0,1.0,
1990-06-29,,,,,0.0,1.0,
1990-07-02,,,,,0.0,1.0,
1990-07-03,,,,,0.0,1.0,
1990-07-04,,,,,0.0,1.0,
1990-07-05,,,,,0.0,1.0,
1990-07-06,,,,,0.0,1.0,
1990-07-09,,,,,0.0,1.0,
1990-07-10,,,,,0.0,1.0,
1990-07-11,,,,,0.0,1.0,
1990-07-12,,,,,0.0,1.0,
1990-07-13,,,,,0.0,1.0,
1990-07-16,,,,,0.0,1.0,
1990-07-17,,,,,0.0,1.0,
1990-07-18,,,,,0.0,1.0,
1990-07-19,,,,,0.0,1.0,
1990-07-20,,,,,0.0,1.0,
1990-07-23,,,,,0.0,1.0,
1990-07-24,,,,,0.0,1.0,
1990-07-25,,,,,0.0,1.0,
1990-07-26,,,,,0.0,1.0,
1990-07-27,,,,,0.0,1.0,
1990-07-30,,,,,0.0,1.0,
1990-07-31,,,,,0.0,1.0,
1990-08-01,,,,,0.0,1.0,
1990-08-02,,,,,0.0,1.0,
1990-08-03,,,,,0.0,1.0,
1990-08-06,,,,,0.0,1.0,
1990-08-07,,,,,0.0,1.0,
1990-08-08,,,,,0.0,1.0,
1990-08-09,,,,,0.0,1.0,
1990-08-10,,,,,0.0,1.0,
1990-08-13,,,,,0.0,1.0,
1990-08-14,,,,,0.0,1.0,
1990-08-15,,,,,0.0,1.0,
1990-08-16,,,,,0.0,1.0,
1990-08-17,,,,,0.0,1.0,
1990-08-20,,,,,0.0,1.0,
1990-08-21,,,,,0.0,1.0,
1990-08-22,,,,,0.0,1.0,
1990-08-23,,,,,0.0,1.0,
1990-08-24,,,,,0.0,1.0,
1990-08-27,,,,,0.0,1.0,
1990-08-28,,,,,0.0,1.0,
1990-08-29,,,,,0.0,1.0,
1990-08-30,,,,,0.0,1.0,
1990-08-31,,,,,0.0,1.0,
1990-09-03,,,,,0.0,1.0,
1990-09-04,,,,,0.0,1.0,
1990-09-05,,,,,0.0,1.0,
1990-09-06,,,,,0.0,1.0,
1990-09-07,,,,,0.0,1.0,
1990-09-10,,,,,0.0,1.0,
1990-09-11,,,,,0.0,1.0,
1990-09-12,,,,,0.0,1.0,
1990-09-13,,,,,0.0,1.0,
1990-09-14,,,,,0.0,1.0,
1990-09-17,,,,,0.0,1.0,
1990-09-18,,,,,0.0,1.0,
1990-09-19,,,,,0.0,1.0,
1990-09-20,,,,,0.0,1.0,
1990-09-21,,,,,0.0,1.0,
1990-09-24,,,,,0.0,1.0,
1990-09-25,,,,,0.0,1.0,
1990-09-26,,,,,0.0,1.0,
1990-09-27,,,,,0.0,1.0,
1990-09-28,,,,,0.0,1.0,
1990-10-01,,,,,0.0,1.0,
1990-10-02,,,,,0.0,1.0,
1990-10-03,,,,,0.0,1.0,
1990-10-04,,,,,0.0,1.0,
1990-10-05,,,,,0.0,1.0,
1990-10-08,,,,,0.0,1.0,
1990-10-09,,,,,0.0,1.0,
1990-10-10,,,,,0.0,1.0,
1990-10-11,,,,,0.0,1.0,
1990-10-12,,,,,0.0,1.0,
1990-10-15,,,,,0.0,1.0,
1990-10-16,,,,,0.0,1.0,
1990-10-17,,,,,0.0,1.0,
1990-10-18,,,,,0.0,1.0,
1990-10-19,,,,,0.0,1.0,
1990-10-22,,,,,0.0,1.0,
1990-10-23,,,,,0.0,1.0,
1990-10-24,,,,,0.0,1.0,
1990-10-25,,,,,0.0,1.0,
1990-10-26,,,,,0.0,1.0,
1990-10-29,,,,,0.0,1.0,
1990-10-30,,,,,0.0,1.0,
1990-10-31,,,,,0.0,1.0,
1990-11-01,,,,,0.0,1.0,
1990-11-02,,,,,0.0,1.0,
1990-11-05,,,,,0.0,1.0,
1990-11-06,,,,,0.0,1.0,
1990-11-07,,,,,0.0,1.0,
1990-11-08,,,,,0.0,1.0,
1990-11-09,,,,,0.0,1.0,
1990-11-12,,,,,0.0,1.0,
1990-11-13,,,,,0.0,1.0,
1990-11-14,,,,,0.0,1.0,
1990-11-15,,,,,0.0,1.0,
1990-11-16,,,,,0.0,1.0,
1990-11-19,,,,,0.0,1.0,
1990-11-20,,,,,0.0,1.0,
1990-11-21,,,,,0.0,1.0,
1990-11-22,,,,,0.0,1.0,
1990-11-23,,,,,0.0,1.0,
1990-11-26,,,,,0.0,1.0,
1990-11-27,,,,,0.0,1.0,
1990-11-28,,,,,0.0,1.0,
1990-11-29,,,,,0.0,1.0,
1990-11-30,,,,,0.0,1.0,
1990-12-03,,,,,0.0,1.0,
1990-12-04,,,,,0.0,1.0,
1990-12-05,,,,,0.0,1.0,
1990-12-06,,,,,0.0,1.0,
1990-12-07,,,,,0.0,1.0,
1990-12-10,,,,,0.0,1.0,
1990-12-11,,,,,0.0,1.0,
1990-12-12,,,,,0.0,1.0,
1990-12-13,,,,,0.0,1.0,
1990-12-14,,,,,0.0,1.0,
1990-12-17,,,,,0.0,1.0,
1990-12-18,,,,,0.0,1.0,
1990-12-19,,,,,0.0,1.0,
1990-12-20,,,,,0.0,1.0,
1990-12-21,,,,,0.0,1.0,
1990-12-24,,,,,0.0,1.0,
1990-12-25,,,,,0.0,1.0,
1990-12-26,,,,,0.0,1.0,
1990-12-27,,,,,0.0,1.0,
1990-12-28,,,,,0.0,1.0,
1990-12-31,,,,,0.0,1.0,
1991-01-01,,,,,0.0,1.0,
1991-01-02,,,,,0.0,1.0,
1991-01-03,,,,,0.0,1.0,
1991-01-04,,,,,0.0,1.0,
1991-01-07,,,,,0.0,1.0,
1991-01-08,,,,,0.0,1.0,
1991-01-09,,,,,0.0,1.0,
1991-01-10,,,,,0.0,1.0,
1991-01-11,,,,,0.0,1.0,
1991-01-14,,,,,0.0,1.0,
1991-01-15,,,,,0.0,1.0,
1991-01-16,,,,,0.0,1.0,
1991-01-17,,,,,0.0,1.0,
1991-01-18,,,,,0.0,1.0,
1991-01-21,,,,,0.0,1.0,
1991-01-22,,,,,0.0,1.0,
1991-01-23,,,,,0.0,1.0,
1991-01-24,,,,,0.0,1.0,
1991-01-25,,,,,0.0,1.0,
1991-01-28,,,,,0.0,1.0,
1991-01-29,,,,,0.0,1.0,
1991-01-30,,,,,0.0,1.0,
1991-01-31,,,,,0.0,1.0,
1991-02-01,,,,,0.0,1.0,
1991-02-04,,,,,0.0,1.0,
1991-02-05,,,,,0.0,1.0,
1991-02-06,,,,,0.0,1.0,
1991-02-07,,,,,0.0,1.0,
1991-02-08,,,,,0.0,1.0,
1991-02-11,,,,,0.0,1.0,
1991-02-12,,,,,0.0,1.0,
1991-02-13,,,,,0.0,1.0,
1991-02-14,,,,,0.0,1.0,
1991-02-15,,,,,0.0,1.0,
1991-02-18,,,,,0.0,1.0,
1991-02-19,,,,,0.0,1.0,
1991-02-20,,,,,0.0,1.0,
1991-02-21,,,,,0.0,1.0,
1991-02-22,,,,,0.0,1.0,
1991-02-25,,,,,0.0,1.0,
1991-02-26,,,,,0.0,1.0,
1991-02-27,,,,,0.0,1.0,
1991-02-28,,,,,0.0,1.0,
1991-03-01,,,,,0.0,1.0,
1991-03-04,,,,,0.0,1.0,
1991-03-05,,,,,0.0,1.0,
1991-03-06,,,,,0.0,1.0,
1991-03-07,,,,,0.0,1.0,
1991-03-08,,,,,0.0,1.0,
1991-03-11,,,,,0.0,1.0,
1991-03-12,,,,,0.0,1.0,
1991-03-13,,,,,0.0,1.0,
1991-03-14,,,,,0.0,1.0,
1991-03-15,,,,,0.0,1.0,
1991-03-18,,,,,0.0,1.0,
1991-03-19,,,,,0.0,1.0,
1991-03-20,,,,,0.0,1.0,
1991-03-21,,,,,0.0,1.0,
1991-03-22,,,,,0.0,1.0,
1991-03-25,,,,,0.0,1.0,
1991-03-26,,,,,0.0,1.0,
1991-03-27,,,,,0.0,1.0,
1991-03-28,,,,,0.0,1.0,
1991-03-29,,,,,0.0,1.0,
1991-04-01,,,,,0.0,1.0,
1991-04-02,,,,,0.0,1.0,
1991-04-03,,,,,0.0,1.0,
1991-04-04,,,,,0.0,1.0,
1991-04-05,,,,,0.0,1.0,
1991-04-08,,,,,0.0,1.0,
1991-04-09,,,,,0.0,1.0,
1991-04-10,,,,,0.0,1.0,
1991-04-11,,,,,0.0,1.0,
1991-04-12,,,,,0.0,1.0,
1991-04-15,,,,,0.0,1.0,
1991-04-16,,,,,0.0,1.0,
1991-04-17,,,,,0.0,1.0,
1991-04-18,,,,,0.0,1.0,
1991-04-19,,,,,0.0,1.0,
1991-04-22,,,,,0.0,1.0,
1991-04-23,,,,,0.0,1.0,
1991-04-24,,,,,0.0,1.0,
1991-04-25,,,,,0.0,1.0,
1991-04-26,,,,,0.0,1.0,
1991-04-29,,,,,0.0,1.0,
1991-04-30,,,,,0.0,1.0,
1991-05-01,,,,,0.0,1.0,
1991-05-02,,,,,0.0,1.0,
1991-05-03,,,,,0.0,1.0,
1991-05-06,,,,,0.0,1.0,
1991-05-07,,,,,0.0,1.0,
1991-05-08,,,,,0.0,1.0,
1991-05-09,,,,,0.0,1.0,
1991-05-10,,,,,0.0,1.0,
1991-05-13,,,,,0.0,1.0,
1991-05-14,,,,,0.0,1.0,
1991-05-15,,,,,0.0,1.0,
1991-05-16,,,,,0.0,1.0,
1991-05-17,,,,,0.0,1.0,
1991-05-20,,,,,0.0,1.0,
1991-05-21,,,,,0.0,1.0,
1991-05-22,,,,,0.0,1.0,
1991-05-23,,,,,0.0,1.0,
1991-05-24,,,,,0.0,1.0,
1991-05-27,,,,,0.0,1.0,
1991-05-28,,,,,0.0,1.0,
1991-05-29,,,,,0.0,1.0,
1991-05-30,,,,,0.0,1.0,
1991-05-31,,,,,0.0,1.0,
1991-06-03,,,,,0.0,1.0,
1991-06-04,,,,,0.0,1.0,
1991-06-05,,,,,0.0,1.0,
1991-06-06,,,,,0.0,1.0,
1991-06-07,,,,,0.0,1.0,
1991-06-10,,,,,0.0,1.0,
1991-06-11,,,,,0.0,1.0,
1991-06-12,,,,,0.0,1.0,
1991-06-13,,,,,0.0,1.0,
1991-06-14,,,,,0.0,1.0,
1991-06-17,,,,,0.0,1.0,
1991-06-18,,,,,0.0,1.0,
1991-06-19,,,,,0.0,1.0,
1991-06-20,,,,,0.0,1.0,
1991-06-21,,,,,0.0,1.0,
1991-06-24,,,,,0.0,1.0,
1991-06-25,,,,,0.0,1.0,
1991-06-26,,,,,0.0,1.0,
1991-06-27,,,,,0.0,1.0,
1991-06-28,,,,,0.0,1.0,
1991-07-01,,,,,0.0,1.0,
1991-07-02,,,,,0.0,1.0,
1991-07-03,,,,,0.0,1.0,
1991-07-04,,,,,0.0,1.0,
1991-07-05,,,,,0.0,1.0,
1991-07-08,,,,,0.0,1.0,
1991-07-09,,,,,0.0,1.0,
1991-07-10,,,,,0.0,1.0,
1991-07-11,,,,,0.0,1.0,
1991-07-12,,,,,0.0,1.0,
1991-07-15,,,,,0.0,1.0,
1991-07-16,,,,,0.0,1.0,
1991-07-17,,,,,0.0,1.0,
1991-07-18,,,,,0.0,1.0,
1991-07-19,,,,,0.0,1.0,
1991-07-22,,,,,0.0,1.0,
1991-07-23,,,,,0.0,1.0,
1991-07-24,,,,,0.0,1.0,
1991-07-25,,,,,0.0,1.0,
1991-07-26,,,,,0.0,1.0,
1991-07-29,,,,,0.0,1.0,
1991-07-30,,,,,0.0,1.0,
1991-07-31,,,,,0.0,1.0,
1991-08-01,,,,,0.0,1.0,
1991-08-02,,,,,0.0,1.0,
1991-08-05,,,,,0.0,1.0,
1991-08-06,,,,,0.0,1.0,
1991-08-07,,,,,0.0,1.0,
1991-08-08,,,,,0.0,1.0,
1991-08-09,,,,,0.0,1.0,
1991-08-12,,,,,0.0,1.0,
1991-08-13,,,,,0.0,1.0,
1991-08-14,,,,,0.0,1.0,
1991-08-15,,,,,0.0,1.0,
1991-08-16,,,,,0.0,1.0,
1991-08-19,,,,,0.0,1.0,
1991-08-20,,,,,0.0,1.0,
1991-08-21,,,,,0.0,1.0,
1991-08-22,,,,,0.0,1.0,
1991-08-23,,,,,0.0,1.0,
1991-08-26,,,,,0.0,1.0,
1991-08-27,,,,,0.0,1.0,
1991-08-28,,,,,0.0,1.0,
1991-08-29,,,,,0.0,1.0,
1991-08-30,,,,,0.0,1.0,
1991-09-02,,,,,0.0,1.0,
1991-09-03,,,,,0.0,1.0,
1991-09-04,,,,,0.0,1.0,
1991-09-05,,,,,0.0,1.0,
1991-09-06,,,,,0.0,1.0,
1991-09-09,,,,,0.0,1.0,
1991-09-10,,,,,0.0,1.0,
1991-09-11,,,,,0.0,1.0,
1991-09-12,,,,,0.0,1.0,
1991-09-13,,,,,0.0,1.0,
1991-09-16,,,,,0.0,1.0,
1991-09-17,,,,,0.0,1.0,
1991-09-18,,,,,0.0,1.0,
1991-09-19,,,,,0.0,1.0,
1991-09-20,,,,,0.0,1.0,
1991-09-23,,,,,0.0,1.0,
1991-09-24,,,,,0.0,1.0,
1991-09-25,,,,,0.0,1.0,
1991-09-26,,,,,0.0,1.0,
1991-09-27,,,,,0.0,1.0,
1991-09-30,,,,,0.0,1.0,
1991-10-01,,,,,0.0,1.0,
1991-10-02,,,,,0.0,1.0,
1991-10-03,,,,,0.0,1.0,
1991-10-04,,,,,0.0,1.0,
1991-10-07,,,,,0.0,1.0,
1991-10-08,,,,,0.0,1.0,
1991-10-09,,,,,0.0,1.0,
1991-10-10,,,,,0.0,1.0,
1991-10-11,,,,,0.0,1.0,
1991-10-14,,,,,0.0,1.0,
1991-10-15,,,,,0.0,1.0,
1991-10-16,,,,,0.0,1.0,
1991-10-17,,,,,0.0,1.0,
1991-10-18,,,,,0.0,1.0,
1991-10-21,,,,,0.0,1.0,
1991-10-22,,,,,0.0,1.0,
1991-10-23,,,,,0.0,1.0,
1991-10-24,,,,,0.0,1.0,
1991-10-25,,,,,0.0,1.0,
1991-10-28,,,,,0.0,1.0,
1991-10-29,,,,,0.0,1.0,
1991-10-30,,,,,0.0,1.0,
1991-10-31,,,,,0.0,1.0,
1991-11-01,,,,,0.0,1.0,
1991-11-04,,,,,0.0,1.0,
1991-11-05,,,,,0.0,1.0,
1991-11-06,,,,,0.0,1.0,
1991-11-07,,,,,0.0,1.0,
1991-11-08,,,,,0.0,1.0,
1991-11-11,,,,,0.0,1.0,
1991-11-12,,,,,0.0,1.0,
1991-11-13,,,,,0.0,1.0,
1991-11-14,,,,,0.0,1.0,
1991-11-15,,,,,0.0,1.0,
1991-11-18,,,,,0.0,1.0,
1991-11-19,,,,,0.0,1.0,
1991-11-20,,,,,0.0,1.0,
1991-11-21,,,,,0.0,1.0,
1991-11-22,,,,,0.0,1.0,
1991-11-25,,,,,0.0,1.0,
1991-11-26,,,,,0.0,1.0,
1991-11-27,,,,,0.0,1.0,
1991-11-28,,,,,0.0,1.0,
1991-11-29,,,,,0.0,1.0,
1991-12-02,,,,,0.0,1.0,
1991-12-03,,,,,0.0,1.0,
1991-12-04,,,,,0.0,1.0,
1991-12-05,,,,,0.0,1.0,
1991-12-06,,,,,0.0,1.0,
1991-12-09,,,,,0.0,1.0,
1991-12-10,,,,,0.0,1.0,
1991-12-11,,,,,0.0,1.0,
1991-12-12,,,,,0.0,1.0,
1991-12-13,,,,,0.0,1.0,
1991-12-16,,,,,0.0,1.0,
1991-12-17,,,,,0.0,1.0,
1991-12-18,,,,,0.0,1.0,
1991-12-19,,,,,0.0,1.0,
1991-12-20,,,,,0.0,1.0,
1991-12-23,,,,,0.0,1.0,
1991-12-24,,,,,0.0,1.0,
1991-12-25,,,,,0.0,1.0,
1991-12-26,,,,,0.0,1.0,
1991-12-27,,,,,0.0,1.0,
1991-12-30,,,,,0.0,1.0,
1991-12-31,,,,,0.0,1.0,
1992-01-01,,,,,0.0,1.0,
1992-01-02,,,,,0.0,1.0,
1992-01-03,,,,,0.0,1.0,
1992-01-06,,,,,0.0,1.0,
1992-01-07,,,,,0.0,1.0,
1992-01-08,,,,,0.0,1.0,
1992-01-09,,,,,0.0,1.0,
1992-01-10,,,,,0.0,1.0,
1992-01-13,,,,,0.0,1.0,
1992-01-14,,,,,0.0,1.0,
1992-01-15,,,,,0.0,1.0,
1992-01-16,,,,,0.0,1.0,
1992-01-17,,,,,0.0,1.0,
1992-01-20,,,,,0.0,1.0,
1992-01-21,,,,,0.0,1.0,
1992-01-22,,,,,0.0,1.0,
1992-01-23,,,,,0.0,1.0,
1992-01-24,,,,,0.0,1.0,
1992-01-27,,,,,0.0,1.0,
1992-01-28,,,,,0.0,1.0,
1992-01-29,,,,,0.0,1.0,
1992-01-30,,,,,0.0,1.0,
1992-01-31,,,,,0.0,1.0,
1992-02-03,,,,,0.0,1.0,
1992-02-04,,,,,0.0,1.0,
1992-02-05,,,,,0.0,1.0,
1992-02-06,,,,,0.0,1.0,
1992-02-07,,,,,0.0,1.0,
1992-02-10,,,,,0.0,1.0,
1992-02-11,,,,,0.0,1.0,
1992-02-12,,,,,0.0,1.0,
1992-02-13,,,,,0.0,1.0,
1992-02-14,,,,,0.0,1.0,
1992-02-17,,,,,0.0,1.0,
1992-02-18,,,,,0.0,1.0,
1992-02-19,,,,,0.0,1.0,
1992-02-20,,,,,0.0,1.0,
1992-02-21,,,,,0.0,1.0,
1992-02-24,,,,,0.0,1.0,
1992-02-25,,,,,0.0,1.0,
1992-02-26,,,,,0.0,1.0,
1992-02-27,,,,,0.0,1.0,
1992-02-28,,,,,0.0,1.0,
1992-03-02,,,,,0.0,1.0,
1992-03-03,,,,,0.0,1.0,
1992-03-04,,,,,0.0,1.0,
1992-03-05,,,,,0.0,1.0,
1992-03-06,,,,,0.0,1.0,
1992-03-09,,,,,0.0,1.0,
1992-03-10,,,,,0.0,1.0,
1992-03-11,,,,,0.0,1.0,
1992-03-12,,,,,0.0,1.0,
1992-03-13,,,,,0.0,1.0,
1992-03-16,,,,,0.0,1.0,
1992-03-17,,,,,0.0,1.0,
1992-03-18,,,,,0.0,1.0,
1992-03-19,,,,,0.0,1.0,
1992-03-20,,,,,0.0,1.0,
1992-03-23,,,,,0.0,1.0,
1992-03-24,,,,,0.0,1.0,
1992-03-25,,,,,0.0,1.0,
1992-03-26,,,,,0.0,1.0,
1992-03-27,,,,,0.0,1.0,
1992-03-30,,,,,0.0,1.0,
1992-03-31,,,,,0.0,1.0,
1992-04-01,,,,,0.0,1.0,
1992-04-02,,,,,0.0,1.0,
1992-04-03,,,,,0.0,1.0,
1992-04-06,,,,,0.0,1.0,
1992-04-07,,,,,0.0,1.0,
1992-04-08,,,,,0.0,1.0,
1992-04-09,,,,,0.0,1.0,
1992-04-10,,,,,0.0,1.0,
1992-04-13,,,,,0.0,1.0,
1992-04-14,,,,,0.0,1.0,
1992-04-15,,,,,0.0,1.0,
1992-04-16,,,,,0.0,1.0,
1992-04-17,,,,,0.0,1.0,
1992-04-20,,,,,0.0,1.0,
1992-04-21,,,,,0.0,1.0,
1992-04-22,,,,,0.0,1.0,
1992-04-23,,,,,0.0,1.0,
1992-04-24,,,,,0.0,1.0,
1992-04-27,,,,,0.0,1.0,
1992-04-28,,,,,0.0,1.0,
1992-04-29,,,,,0.0,1.0,
1992-04-30,,,,,0.0,1.0,
1992-05-01,,,,,0.0,1.0,
1992-05-04,,,,,0.0,1.0,
1992-05-05,,,,,0.0,1.0,
1992-05-06,,,,,0.0,1.0,
1992-05-07,,,,,0.0,1.0,
1992-05-08,,,,,0.0,1.0,
1992-05-11,,,,,0.0,1.0,
1992-05-12,,,,,0.0,1.0,
1992-05-13,,,,,0.0,1.0,
1992-05-14,,,,,0.0,1.0,
1992-05-15,,,,,0.0,1.0,
1992-05-18,,,,,0.0,1.0,
1992-05-19,,,,,0.0,1.0,
1992-05-20,,,,,0.0,1.0,
1992-05-21,,,,,0.0,1.0,
1992-05-22,,,,,0.0,1.0,
1992-05-25,,,,,0.0,1.0,
1992-05-26,,,,,0.0,1.0,
1992-05-27,,,,,0.0,1.0,
1992-05-28,,,,,0.0,1.0,
1992-05-29,,,,,0.0,1.0,
1992-06-01,,,,,0.0,1.0,
1992-06-02,,,,,0.0,1.0,
1992-06-03,,,,,0.0,1.0,
1992-06-04,,,,,0.0,1.0,
1992-06-05,,,,,0.0,1.0,
1992-06-08,,,,,0.0,1.0,
1992-06-09,,,,,0.0,1.0,
1992-06-10,,,,,0.0,1.0,
1992-06-11,,,,,0.0,1.0,
1992-06-12,,,,,0.0,1.0,
1992-06-15,,,,,0.0,1.0,
1992-06-16,,,,,0.0,1.0,
1992-06-17,,,,,0.0,1.0,
1992-06-18,,,,,0.0,1.0,
1992-06-19,,,,,0.0,1.0,
1992-06-22,,,,,0.0,1.0,
1992-06-23,,,,,0.0,1.0,
1992-06-24,,,,,0.0,1.0,
1992-06-25,,,,,0.0,1.0,
1992-06-26,,,,,0.0,1.0,
1992-06-29,,,,,0.0,1.0,
1992-06-30,,,,,0.0,1.0,
1992-07-01,,,,,0.0,1.0,
1992-07-02,,,,,0.0,1.0,
1992-07-03,,,,,0.0,1.0,
1992-07-06,,,,,0.0,1.0,
1992-07-07,,,,,0.0,1.0,
1992-07-08,,,,,0.0,1.0,
1992-07-09,,,,,0.0,1.0,
1992-07-10,,,,,0.0,1.0,
1992-07-13,,,,,0.0,1.0,
1992-07-14,,,,,0.0,1.0,
1992-07-15,,,,,0.0,1.0,
1992-07-16,,,,,0.0,1.0,
1992-07-17,,,,,0.0,1.0,
1992-07-20,,,,,0.0,1.0,
1992-07-21,,,,,0.0,1.0,
1992-07-22,,,,,0.0,1.0,
1992-07-23,,,,,0.0,1.0,
1992-07-24,,,,,0.0,1.0,
1992-07-27,,,,,0.0,1.0,
1992-07-28,,,,,0.0,1.0,
1992-07-29,,,,,0.0,1.0,
1992-07-30,,,,,0.0,1.0,
1992-07-31,,,,,0.0,1.0,
1992-08-03,,,,,0.0,1.0,
1992-08-04,,,,,0.0,1.0,
1992-08-05,,,,,0.0,1.0,
1992-08-06,,,,,0.0,1.0,
1992-08-07,,,,,0.0,1.0,
1992-08-10,,,,,0.0,1.0,
1992-08-11,,,,,0.0,1.0,
1992-08-12,,,,,0.0,1.0,
1992-08-13,,,,,0.0,1.0,
1992-08-14,,,,,0.0,1.0,
1992-08-17,,,,,0.0,1.0,
1992-08-18,,,,,0.0,1.0,
1992-08-19,,,,,0.0,1.0,
1992-08-20,,,,,0.0,1.0,
1992-08-21,,,,,0.0,1.0,
1992-08-24,,,,,0.0,1.0,
1992-08-25,,,,,0.0,1.0,
1992-08-26,,,,,0.0,1.0,
1992-08-27,,,,,0.0,1.0,
1992-08-28,,,,,0.0,1.0,
1992-08-31,,,,,0.0,1.0,
1992-09-01,,,,,0.0,1.0,
1992-09-02,,,,,0.0,1.0,
1992-09-03,,,,,0.0,1.0,
1992-09-04,,,,,0.0,1.0,
1992-09-07,,,,,0.0,1.0,
1992-09-08,,,,,0.0,1.0,
1992-09-09,,,,,0.0,1.0,
1992-09-10,,,,,0.0,1.0,
1992-09-11,,,,,0.0,1.0,
1992-09-14,,,,,0.0,1.0,
1992-09-15,,,,,0.0,1.0,
1992-09-16,,,,,0.0,1.0,
1992-09-17,,,,,0.0,1.0,
1992-09-18,,,,,0.0,1.0,
1992-09-21,,,,,0.0,1.0,
1992-09-22,,,,,0.0,1.0,
1992-09-23,,,,,0.0,1.0,
1992-09-24,,,,,0.0,1.0,
1992-09-25,,,,,0.0,1.0,
1992-09-28,,,,,0.0,1.0,
1992-09-29,,,,,0.0,1.0,
1992-09-30,,,,,0.0,1.0,
1992-10-01,,,,,0.0,1.0,
1992-10-02,,,,,0.0,1.0,
1992-10-03,,,,,0.0,1.0,
1992-10-05,,,,,0.0,1.0,
1992-10-06,,,,,0.0,1.0,
1992-10-07,,,,,0.0,1.0,
1992-10-08,,,,,0.0,1.0,
1992-10-09,,,,,0.0,1.0,
1992-10-10,,,,,0.0,1.0,
1992-10-12,,,,,0.0,1.0,
1992-10-13,,,,,0.0,1.0,
1992-10-14,,,,,0.0,1.0,
1992-10-15,,,,,0.0,1.0,
1992-10-16,,,,,0.0,1.0,
1992-10-19,,,,,0.0,1.0,
1992-10-20,,,,,0.0,1.0,
1992-10-21,,,,,0.0,1.0,
1992-10-22,,,,,0.0,1.0,
1992-10-23,,,,,0.0,1.0,
1992-10-26,,,,,0.0,1.0,
1992-10-27,,,,,0.0,1.0,
1992-10-28,,,,,0.0,1.0,
1992-10-29,,,,,0.0,1.0,
1992-10-30,,,,,0.0,1.0,
1992-11-02,,,,,0.0,1.0,
1992-11-03,,,,,0.0,1.0,
1992-11-04,,,,,0.0,1.0,
1992-11-05,,,,,0.0,1.0,
1992-11-06,,,,,0.0,1.0,
1992-11-07,,,,,0.0,1.0,
1992-11-08,,,,,0.0,1.0,
1992-11-09,,,,,0.0,1.0,
1992-11-10,,,,,0.0,1.0,
1992-11-11,,,,,0.0,1.0,
1992-11-12,,,,,0.0,1.0,
1992-11-13,,,,,0.0,1.0,
1992-11-14,,,,,0.0,1.0,
1992-11-16,,,,,0.0,1.0,
1992-11-17,,,,,0.0,1.0,
1992-11-18,,,,,0.0,1.0,
1992-11-19,,,,,0.0,1.0,
1992-11-20,,,,,0.0,1.0,
1992-11-23,,,,,0.0,1.0,
1992-11-24,,,,,0.0,1.0,
1992-11-25,,,,,0.0,1.0,
1992-11-26,,,,,0.0,1.0,
1992-11-27,,,,,0.0,1.0,
1992-11-28,,,,,0.0,1.0,
1992-11-30,,,,,0.0,1.0,
1992-12-01,,,,,0.0,1.0,
1992-12-02,,,,,0.0,1.0,
1992-12-03,,,,,0.0,1.0,
1992-12-04,,,,,0.0,1.0,
1992-12-07,,,,,0.0,1.0,
1992-12-08,,,,,0.0,1.0,
1992-12-09,,,,,0.0,1.0,
1992-12-10,,,,,0.0,1.0,
1992-12-11,,,,,0.0,1.0,
1992-12-14,,,,,0.0,1.0,
1992-12-15,,,,,0.0,1.0,
1992-12-16,,,,,0.0,1.0,
1992-12-17,,,,,0.0,1.0,
1992-12-18,,,,,0.0,1.0,
1992-12-21,,,,,0.0,1.0,
1992-12-22,,,,,0.0,1.0,
1992-12-23,,,,,0.0,1.0,
1992-12-24,,,,,0.0,1.0,
1992-12-25,,,,,0.0,1.0,
1992-12-28,,,,,0.0,1.0,
1992-12-29,,,,,0.0,1.0,
1992-12-30,,,,,0.0,1.0,
1992-12-31,,,,,0.0,1.0,
1993-01-01,,,,,0.0,1.0,
1993-01-04,,,,,0.0,1.0,
1993-01-05,,,,,0.0,1.0,
1993-01-06,,,,,0.0,1.0,
1993-01-07,,,,,0.0,1.0,
1993-01-08,,,,,0.0,1.0,
1993-01-11,,,,,0.0,1.0,
1993-01-12,,,,,0.0,1.0,
1993-01-13,,,,,0.0,1.0,
1993-01-14,,,,,0.0,1.0,
1993-01-15,,,,,0.0,1.0,
1993-01-18,,,,,0.0,1.0,
1993-01-19,,,,,0.0,1.0,
1993-01-20,,,,,0.0,1.0,
1993-01-21,,,,,0.0,1.0,
1993-01-22,,,,,0.0,1.0,
1993-01-25,,,,,0.0,1.0,
1993-01-26,,,,,0.0,1.0,
1993-01-27,,,,,0.0,1.0,
1993-01-28,,,,,0.0,1.0,
1993-01-29,,,,,0.0,1.0,
1993-02-01,,,,,0.0,1.0,
1993-02-02,,,,,0.0,1.0,
1993-02-03,,,,,0.0,1.0,
1993-02-04,,,,,0.0,1.0,
1993-02-05,,,,,0.0,1.0,
1993-02-08,,,,,0.0,1.0,
1993-02-09,,,,,0.0,1.0,
1993-02-10,,,,,0.0,1.0,
1993-02-11,,,,,0.0,1.0,
1993-02-12,,,,,0.0,1.0,
1993-02-15,,,,,0.0,1.0,
1993-02-16,,,,,0.0,1.0,
1993-02-17,,,,,0.0,1.0,
1993-02-18,,,,,0.0,1.0,
1993-02-19,,,,,0.0,1.0,
1993-02-22,,,,,0.0,1.0,
1993-02-23,,,,,0.0,1.0,
1993-02-24,,,,,0.0,1.0,
1993-02-25,,,,,0.0,1.0,
1993-02-26,,,,,0.0,1.0,
1993-03-01,,,,,0.0,1.0,
1993-03-02,,,,,0.0,1.0,
1993-03-03,,,,,0.0,1.0,
1993-03-04,,,,,0.0,1.0,
1993-03-05,,,,,0.0,1.0,
1993-03-08,,,,,0.0,1.0,
1993-03-09,,,,,0.0,1.0,
1993-03-10,,,,,0.0,1.0,
1993-03-11,,,,,0.0,1.0,
1993-03-12,,,,,0.0,1.0,
1993-03-15,,,,,0.0,1.0,
1993-03-16,,,,,0.0,1.0,
1993-03-17,,,,,0.0,1.0,
1993-03-18,,,,,0.0,1.0,
1993-03-19,,,,,0.0,1.0,
1993-03-22,,,,,0.0,1.0,
1993-03-23,,,,,0.0,1.0,
1993-03-24,,,,,0.0,1.0,
1993-03-25,,,,,0.0,1.0,
1993-03-26,,,,,0.0,1.0,
1993-03-29,,,,,0.0,1.0,
1993-03-30,,,,,0.0,1.0,
1993-03-31,,,,,0.0,1.0,
1993-04-01,,,,,0.0,1.0,
1993-04-02,,,,,0.0,1.0,
1993-04-05,,,,,0.0,1.0,
1993-04-06,,,,,0.0,1.0,
1993-04-07,,,,,0.0,1.0,
1993-04-08,,,,,0.0,1.0,
1993-04-13,,,,,0.0,1.0,
1993-04-14,,,,,0.0,1.0,
1993-04-15,,,,,0.0,1.0,
1993-04-16,,,,,0.0,1.0,
1993-04-19,,,,,0.0,1.0,
1993-04-20,,,,,0.0,1.0,
1993-04-21,,,,,0.0,1.0,
1993-04-22,,,,,0.0,1.0,
1993-04-23,,,,,0.0,1.0,
1993-04-26,,,,,0.0,1.0,
1993-04-27,,,,,0.0,1.0,
1993-04-28,,,,,0.0,1.0,
1993-04-29,,,,,0.0,1.0,
1993-04-30,,,,,0.0,1.0,
1993-05-03,,,,,0.0,1.0,
1993-05-04,,,,,0.0,1.0,
1993-05-05,,,,,0.0,1.0,
1993-05-06,,,,,0.0,1.0,
1993-05-07,,,,,0.0,1.0,
1993-05-10,,,,,0.0,1.0,
1993-05-11,,,,,0.0,1.0,
1993-05-12,,,,,0.0,1.0,
1993-05-13,,,,,0.0,1.0,
1993-05-14,,,,,0.0,1.0,
1993-05-17,,,,,0.0,1.0,
1993-05-18,,,,,0.0,1.0,
1993-05-19,,,,,0.0,1.0,
1993-05-20,,,,,0.0,1.0,
1993-05-21,,,,,0.0,1.0,
1993-05-24,,,,,0.0,1.0,
1993-05-25,,,,,0.0,1.0,
1993-05-26,,,,,0.0,1.0,
1993-05-27,,,,,0.0,1.0,
1993-05-28,,,,,0.0,1.0,
1993-06-01,,,,,0.0,1.0,
1993-06-02,,,,,0.0,1.0,
1993-06-03,,,,,0.0,1.0,
1993-06-04,,,,,0.0,1.0,
1993-06-07,,,,,0.0,1.0,
1993-06-08,,,,,0.0,1.0,
1993-06-09,,,,,0.0,1.0,
1993-06-10,,,,,0.0,1.0,
1993-06-11,,,,,0.0,1.0,
1993-06-14,,,,,0.0,1.0,
1993-06-15,,,,,0.0,1.0,
1993-06-16,,,,,0.0,1.0,
1993-06-17,,,,,0.0,1.0,
1993-06-18,,,,,0.0,1.0,
1993-06-21,,,,,0.0,1.0,
1993-06-22,,,,,0.0,1.0,
1993-06-23,,,,,0.0,1.0,
1993-06-24,,,,,0.0,1.0,
1993-06-25,,,,,0.0,1.0,
1993-06-28,,,,,0.0,1.0,
1993-06-29,,,,,0.0,1.0,
1993-06-30,,,,,0.0,1.0,
1993-07-01,,,,,0.0,1.0,
1993-07-02,,,,,0.0,1.0,
1993-07-05,,,,,0.0,1.0,
1993-07-06,,,,,0.0,1.0,
1993-07-07,,,,,0.0,1.0,
1993-07-08,,,,,0.0,1.0,
1993-07-09,,,,,0.0,1.0,
1993-07-12,,,,,0.0,1.0,
1993-07-13,,,,,0.0,1.0,
1993-07-14,,,,,0.0,1.0,
1993-07-15,,,,,0.0,1.0,
1993-07-16,,,,,0.0,1.0,
1993-07-19,,,,,0.0,1.0,
1993-07-20,,,,,0.0,1.0,
1993-07-21,,,,,0.0,1.0,
1993-07-22,,,,,0.0,1.0,
1993-07-23,,,,,0.0,1.0,
1993-07-26,,,,,0.0,1.0,
1993-07-27,,,,,0.0,1.0,
1993-07-28,,,,,0.0,1.0,
1993-07-29,,,,,0.0,1.0,
1993-07-30,,,,,0.0,1.0,
1993-08-02,,,,,0.0,1.0,
1993-08-03,,,,,0.0,1.0,
1993-08-04,,,,,0.0,1.0,
1993-08-05,,,,,0.0,1.0,
1993-08-06,,,,,0.0,1.0,
1993-08-09,,,,,0.0,1.0,
1993-08-10,,,,,0.0,1.0,
1993-08-11,,,,,0.0,1.0,
1993-08-12,,,,,0.0,1.0,
1993-08-13,,,,,0.0,1.0,
1993-08-16,,,,,0.0,1.0,
1993-08-17,,,,,0.0,1.0,
1993-08-18,,,,,0.0,1.0,
1993-08-19,,,,,0.0,1.0,
1993-08-20,,,,,0.0,1.0,
1993-08-23,,,,,0.0,1.0,
1993-08-24,,,,,0.0,1.0,
1993-08-25,,,,,0.0,1.0,
1993-08-26,,,,,0.0,1.0,
1993-08-27,,,,,0.0,1.0,
1993-08-30,,,,,0.0,1.0,
1993-08-31,,,,,0.0,1.0,
1993-09-01,,,,,0.0,1.0,
1993-09-02,,,,,0.0,1.0,
1993-09-03,,,,,0.0,1.0,
1993-09-06,,,,,0.0,1.0,
1993-09-07,,,,,0.0,1.0,
1993-09-08,,,,,0.0,1.0,
1993-09-09,,,,,0.0,1.0,
1993-09-10,,,,,0.0,1.0,
1993-09-13,,,,,0.0,1.0,
1993-09-14,,,,,0.0,1.0,
1993-09-15,,,,,0.0,1.0,
1993-09-16,,,,,0.0,1.0,
1993-09-17,,,,,0.0,1.0,
1993-09-20,,,,,0.0,1.0,
1993-09-21,,,,,0.0,1.0,
1993-09-22,,,,,0.0,1.0,
1993-09-23,,,,,0.0,1.0,
1993-09-24,,,,,0.0,1.0,
1993-09-27,,,,,0.0,1.0,
1993-09-28,,,,,0.0,1.0,
1993-09-29,,,,,0.0,1.0,
1993-09-30,,,,,0.0,1.0,
1993-10-01,,,,,0.0,1.0,
1993-10-04,,,,,0.0,1.0,
1993-10-05,,,,,0.0,1.0,
1993-10-06,,,,,0.0,1.0,
1993-10-07,,,,,0.0,1.0,
1993-10-08,,,,,0.0,1.0,
1993-10-11,,,,,0.0,1.0,
1993-10-12,,,,,0.0,1.0,
1993-10-13,,,,,0.0,1.0,
1993-10-14,,,,,0.0,1.0,
1993-10-15,,,,,0.0,1.0,
1993-10-18,,,,,0.0,1.0,
1993-10-19,,,,,0.0,1.0,
1993-10-20,,,,,0.0,1.0,
1993-10-21,,,,,0.0,1.0,
1993-10-22,,,,,0.0,1.0,
1993-10-25,,,,,0.0,1.0,
1993-10-26,,,,,0.0,1.0,
1993-10-27,,,,,0.0,1.0,
1993-10-28,,,,,0.0,1.0,
1993-10-29,,,,,0.0,1.0,
1993-11-01,,,,,0.0,1.0,
1993-11-02,,,,,0.0,1.0,
1993-11-03,,,,,0.0,1.0,
1993-11-04,,,,,0.0,1.0,
1993-11-05,,,,,0.0,1.0,
1993-11-08,,,,,0.0,1.0,
1993-11-09,,,,,0.0,1.0,
1993-11-10,,,,,0.0,1.0,
1993-11-11,,,,,0.0,1.0,
1993-11-12,,,,,0.0,1.0,
1993-11-15,,,,,0.0,1.0,
1993-11-16,,,,,0.0,1.0,
1993-11-17,,,,,0.0,1.0,
1993-11-18,,,,,0.0,1.0,
1993-11-19,,,,,0.0,1.0,
1993-11-22,,,,,0.0,1.0,
1993-11-23,,,,,0.0,1.0,
1993-11-24,,,,,0.0,1.0,
1993-11-25,,,,,0.0,1.0,
1993-11-26,,,,,0.0,1.0,
1993-11-29,,,,,0.0,1.0,
1993-11-30,,,,,0.0,1.0,
1993-12-01,,,,,0.0,1.0,
1993-12-02,,,,,0.0,1.0,
1993-12-03,,,,,0.0,1.0,
1993-12-06,,,,,0.0,1.0,
1993-12-07,,,,,0.0,1.0,
1993-12-08,,,,,0.0,1.0,
1993-12-09,,,,,0.0,1.0,
1993-12-10,,,,,0.0,1.0,
1993-12-13,,,,,0.0,1.0,
1993-12-14,,,,,0.0,1.0,
1993-12-15,,,,,0.0,1.0,
1993-12-16,,,,,0.0,1.0,
1993-12-17,,,,,0.0,1.0,
1993-12-20,,,,,0.0,1.0,
1993-12-21,,,,,0.0,1.0,
1993-12-22,,,,,0.0,1.0,
1993-12-23,,,,,0.0,1.0,
1993-12-24,,,,,0.0,1.0,
1993-12-27,,,,,0.0,1.0,
1993-12-28,,,,,0.0,1.0,
1993-12-29,,,,,0.0,1.0,
1993-12-30,,,,,0.0,1.0,
1993-12-31,,,,,0.0,1.0,
1994-01-03,,,,,0.0,1.0,
1994-01-04,,,,,0.0,1.0,
1994-01-05,,,,,0.0,1.0,
1994-01-06,,,,,0.0,1.0,
1994-01-07,,,,,0.0,1.0,
1994-01-10,,,,,0.0,1.0,
1994-01-11,,,,,0.0,1.0,
1994-01-12,,,,,0.0,1.0,
1994-01-13,,,,,0.0,1.0,
1994-01-14,,,,,0.0,1.0,
1994-01-17,,,,,0.0,1.0,
1994-01-18,,,,,0.0,1.0,
1994-01-19,,,,,0.0,1.0,
1994-01-20,,,,,0.0,1.0,
1994-01-21,,,,,0.0,1.0,
1994-01-24,,,,,0.0,1.0,
1994-01-25,,,,,0.0,1.0,
1994-01-26,,,,,0.0,1.0,
1994-01-27,,,,,0.0,1.0,
1994-01-28,,,,,0.0,1.0,
1994-01-31,,,,,0.0,1.0,
1994-02-01,,,,,0.0,1.0,
1994-02-02,,,,,0.0,1.0,
1994-02-03,,,,,0.0,1.0,
1994-02-04,,,,,0.0,1.0,
1994-02-07,,,,,0.0,1.0,
1994-02-08,,,,,0.0,1.0,
1994-02-09,,,,,0.0,1.0,
1994-02-10,,,,,0.0,1.0,
1994-02-11,,,,,0.0,1.0,
1994-02-14,,,,,0.0,1.0,
1994-02-15,,,,,0.0,1.0,
1994-02-16,,,,,0.0,1.0,
1994-02-17,,,,,0.0,1.0,
1994-02-18,,,,,0.0,1.0,
1994-02-21,,,,,0.0,1.0,
1994-02-22,,,,,0.0,1.0,
1994-02-23,,,,,0.0,1.0,
1994-02-24,,,,,0.0,1.0,
1994-02-25,,,,,0.0,1.0,
1994-02-28,,,,,0.0,1.0,
1994-03-01,,,,,0.0,1.0,
1994-03-02,,,,,0.0,1.0,
1994-03-03,,,,,0.0,1.0,
1994-03-04,,,,,0.0,1.0,
1994-03-07,,,,,0.0,1.0,
1994-03-08,,,,,0.0,1.0,
1994-03-09,,,,,0.0,1.0,
1994-03-10,,,,,0.0,1.0,
1994-03-11,,,,,0.0,1.0,
1994-03-14,,,,,0.0,1.0,
1994-03-15,,,,,0.0,1.0,
1994-03-16,,,,,0.0,1.0,
1994-03-17,,,,,0.0,1.0,
1994-03-18,,,,,0.0,1.0,
1994-03-21,,,,,0.0,1.0,
1994-03-22,,,,,0.0,1.0,
1994-03-23,,,,,0.0,1.0,
1994-03-24,,,,,0.0,1.0,
1994-03-25,,,,,0.0,1.0,
1994-03-28,,,,,0.0,1.0,
1994-03-29,,,,,0.0,1.0,
1994-03-30,,,,,0.0,1.0,
1994-03-31,,,,,0.0,1.0,
1994-04-05,,,,,0.0,1.0,
1994-04-06,,,,,0.0,1.0,
1994-04-07,,,,,0.0,1.0,
1994-04-08,,,,,0.0,1.0,
1994-04-11,,,,,0.0,1.0,
1994-04-12,,,,,0.0,1.0,
1994-04-13,,,,,0.0,1.0,
1994-04-14,,,,,0.0,1.0,
1994-04-15,,,,,0.0,1.0,
1994-04-18,,,,,0.0,1.0,
1994-04-19,,,,,0.0,1.0,
1994-04-20,,,,,0.0,1.0,
1994-04-21,,,,,0.0,1.0,
1994-04-22,,,,,0.0,1.0,
1994-04-25,,,,,0.0,1.0,
1994-04-26,,,,,0.0,1.0,
1994-04-27,,,,,0.0,1.0,
1994-04-28,,,,,0.0,1.0,
1994-04-29,,,,,0.0,1.0,
1994-05-02,,,,,0.0,1.0,
1994-05-03,,,,,0.0,1.0,
1994-05-04,,,,,0.0,1.0,
1994-05-05,,,,,0.0,1.0,
1994-05-06,,,,,0.0,1.0,
1994-05-09,,,,,0.0,1.0,
1994-05-10,,,,,0.0,1.0,
1994-05-11,,,,,0.0,1.0,
1994-05-12,,,,,0.0,1.0,
1994-05-13,,,,,0.0,1.0,
1994-05-16,,,,,0.0,1.0,
1994-05-17,,,,,0.0,1.0,
1994-05-18,,,,,0.0,1.0,
1994-05-19,,,,,0.0,1.0,
1994-05-20,,,,,0.0,1.0,
1994-05-23,,,,,0.0,1.0,
1994-05-24,,,,,0.0,1.0,
1994-05-25,,,,,0.0,1.0,
1994-05-26,,,,,0.0,1.0,
1994-05-27,,,,,0.0,1.0,
1994-05-30,,,,,0.0,1.0,
1994-05-31,,,,,0.0,1.0,
1994-06-01,,,,,0.0,1.0,
1994-06-02,,,,,0.0,1.0,
1994-06-03,,,,,0.0,1.0,
1994-06-06,,,,,0.0,1.0,
1994-06-07,,,,,0.0,1.0,
1994-06-08,,,,,0.0,1.0,
1994-06-09,,,,,0.0,1.0,
1994-06-10,,,,,0.0,1.0,
1994-06-13,,,,,0.0,1.0,
1994-06-14,,,,,0.0,1.0,
1994-06-15,,,,,0.0,1.0,
1994-06-16,,,,,0.0,1.0,
1994-06-17,,,,,0.0,1.0,
1994-06-20,,,,,0.0,1.0,
1994-06-21,,,,,0.0,1.0,
1994-06-22,,,,,0.0,1.0,
1994-06-23,,,,,0.0,1.0,
1994-06-24,,,,,0.0,1.0,
1994-06-27,,,,,0.0,1.0,
1994-06-28,,,,,0.0,1.0,
1994-06-29,,,,,0.0,1.0,
1994-06-30,,,,,0.0,1.0,
1994-07-01,,,,,0.0,1.0,
1994-07-04,,,,,0.0,1.0,
1994-07-05,,,,,0.0,1.0,
1994-07-06,,,,,0.0,1.0,
1994-07-07,,,,,0.0,1.0,
1994-07-08,,,,,0.0,1.0,
1994-07-11,,,,,0.0,1.0,
1994-07-12,,,,,0.0,1.0,
1994-07-13,,,,,0.0,1.0,
1994-07-14,,,,,0.0,1.0,
1994-07-15,,,,,0.0,1.0,
1994-07-18,,,,,0.0,1.0,
1994-07-19,,,,,0.0,1.0,
1994-07-20,,,,,0.0,1.0,
1994-07-21,,,,,0.0,1.0,
1994-07-22,,,,,0.0,1.0,
1994-07-25,,,,,0.0,1.0,
1994-07-26,,,,,0.0,1.0,
1994-07-27,,,,,0.0,1.0,
1994-07-28,,,,,0.0,1.0,
1994-07-29,,,,,0.0,1.0,
1994-08-01,,,,,0.0,1.0,
1994-08-02,,,,,0.0,1.0,
1994-08-03,,,,,0.0,1.0,
1994-08-04,,,,,0.0,1.0,
1994-08-05,,,,,0.0,1.0,
1994-08-08,,,,,0.0,1.0,
1994-08-09,,,,,0.0,1.0,
1994-08-10,,,,,0.0,1.0,
1994-08-11,,,,,0.0,1.0,
1994-08-12,,,,,0.0,1.0,
1994-08-15,,,,,0.0,1.0,
1994-08-16,,,,,0.0,1.0,
1994-08-17,,,,,0.0,1.0,
1994-08-18,,,,,0.0,1.0,
1994-08-19,,,,,0.0,1.0,
1994-08-22,,,,,0.0,1.0,
1994-08-23,,,,,0.0,1.0,
1994-08-24,,,,,0.0,1.0,
1994-08-25,,,,,0.0,1.0,
1994-08-26,,,,,0.0,1.0,
1994-08-29,,,,,0.0,1.0,
1994-08-30,,,,,0.0,1.0,
1994-08-31,,,,,0.0,1.0,
1994-09-01,,,,,0.0,1.0,
1994-09-02,,,,,0.0,1.0,
1994-09-05,,,,,0.0,1.0,
1994-09-06,,,,,0.0,1.0,
1994-09-07,,,,,0.0,1.0,
1994-09-08,,,,,0.0,1.0,
1994-09-09,,,,,0.0,1.0,
1994-09-12,,,,,0.0,1.0,
1994-09-13,,,,,0.0,1.0,
1994-09-14,,,,,0.0,1.0,
1994-09-15,,,,,0.0,1.0,
1994-09-16,,,,,0.0,1.0,
1994-09-19,,,,,0.0,1.0,
1994-09-20,,,,,0.0,1.0,
1994-09-21,,,,,0.0,1.0,
1994-09-22,,,,,0.0,1.0,
1994-09-23,,,,,0.0,1.0,
1994-09-26,,,,,0.0,1.0,
1994-09-27,,,,,0.0,1.0,
1994-09-28,,,,,0.0,1.0,
1994-09-29,,,,,0.0,1.0,
1994-09-30,,,,,0.0,1.0,
1994-10-03,,,,,0.0,1.0,
1994-10-04,,,,,0.0,1.0,
1994-10-05,,,,,0.0,1.0,
1994-10-06,,,,,0.0,1.0,
1994-10-07,,,,,0.0,1.0,
1994-10-10,,,,,0.0,1.0,
1994-10-11,,,,,0.0,1.0,
1994-10-12,,,,,0.0,1.0,
1994-10-13,,,,,0.0,1.0,
1994-10-14,,,,,0.0,1.0,
1994-10-17,,,,,0.0,1.0,
1994-10-18,,,,,0.0,1.0,
1994-10-19,,,,,0.0,1.0,
1994-10-20,,,,,0.0,1.0,
1994-10-21,,,,,0.0,1.0,
1994-10-24,,,,,0.0,1.0,
1994-10-25,,,,,0.0,1.0,
1994-10-26,,,,,0.0,1.0,
1994-10-27,,,,,0.0,1.0,
1994-10-28,,,,,0.0,1.0,
1994-10-31,,,,,0.0,1.0,
1994-11-01,,,,,0.0,1.0,
1994-11-02,,,,,0.0,1.0,
1994-11-03,,,,,0.0,1.0,
1994-11-04,,,,,0.0,1.0,
1994-11-07,,,,,0.0,1.0,
1994-11-08,,,,,0.0,1.0,
1994-11-09,,,,,0.0,1.0,
1994-11-10,,,,,0.0,1.0,
1994-11-11,,,,,0.0,1.0,
1994-11-14,,,,,0.0,1.0,
1994-11-15,,,,,0.0,1.0,
1994-11-16,,,,,0.0,1.0,
1994-11-17,,,,,0.0,1.0,
1994-11-18,,,,,0.0,1.0,
1994-11-21,,,,,0.0,1.0,
1994-11-22,,,,,0.0,1.0,
1994-11-23,,,,,0.0,1.0,
1994-11-24,,,,,0.0,1.0,
1994-11-25,,,,,0.0,1.0,
1994-11-28,,,,,0.0,1.0,
1994-11-29,,,,,0.0,1.0,
1994-11-30,,,,,0.0,1.0,
1994-12-01,,,,,0.0,1.0,
1994-12-02,,,,,0.0,1.0,
1994-12-05,,,,,0.0,1.0,
1994-12-06,,,,,0.0,1.0,
1994-12-07,,,,,0.0,1.0,
1994-12-08,,,,,0.0,1.0,
1994-12-09,,,,,0.0,1.0,
1994-12-12,,,,,0.0,1.0,
1994-12-13,,,,,0.0,1.0,
1994-12-14,,,,,0.0,1.0,
1994-12-15,,,,,0.0,1.0,
1994-12-16,,,,,0.0,1.0,
1994-12-19,,,,,0.0,1.0,
1994-12-20,,,,,0.0,1.0,
1994-12-21,,,,,0.0,1.0,
1994-12-22,,,,,0.0,1.0,
1994-12-23,,,,,0.0,1.0,
1994-12-26,,,,,0.0,1.0,
1994-12-27,,,,,0.0,1.0,
1994-12-28,,,,,0.0,1.0,
1994-12-29,,,,,0.0,1.0,
1994-12-30,,,,,0.0,1.0,
1995-01-02,,,,,0.0,1.0,
1995-01-03,,,,,0.0,1.0,
1995-01-04,,,,,0.0,1.0,
1995-01-05,,,,,0.0,1.0,
1995-01-06,,,,,0.0,1.0,
1995-01-09,,,,,0.0,1.0,
1995-01-10,,,,,0.0,1.0,
1995-01-11,,,,,0.0,1.0,
1995-01-12,,,,,0.0,1.0,
1995-01-13,,,,,0.0,1.0,
1995-01-16,,,,,0.0,1.0,
1995-01-17,,,,,0.0,1.0,
1995-01-18,,,,,0.0,1.0,
1995-01-19,,,,,0.0,1.0,
1995-01-20,,,,,0.0,1.0,
1995-01-23,,,,,0.0,1.0,
1995-01-24,,,,,0.0,1.0,
1995-01-25,,,,,0.0,1.0,
1995-01-26,,,,,0.0,1.0,
1995-01-27,,,,,0.0,1.0,
1995-01-30,,,,,0.0,1.0,
1995-01-31,,,,,0.0,1.0,
1995-02-01,,,,,0.0,1.0,
1995-02-02,,,,,0.0,1.0,
1995-02-03,,,,,0.0,1.0,
1995-02-06,,,,,0.0,1.0,
1995-02-07,,,,,0.0,1.0,
1995-02-08,,,,,0.0,1.0,
1995-02-09,,,,,0.0,1.0,
1995-02-10,,,,,0.0,1.0,
1995-02-13,,,,,0.0,1.0,
1995-02-14,,,,,0.0,1.0,
1995-02-15,,,,,0.0,1.0,
1995-02-16,,,,,0.0,1.0,
1995-02-17,,,,,0.0,1.0,
1995-02-20,,,,,0.0,1.0,
1995-02-21,,,,,0.0,1.0,
1995-02-22,,,,,0.0,1.0,
1995-02-23,,,,,0.0,1.0,
1995-02-24,,,,,0.0,1.0,
1995-02-27,,,,,0.0,1.0,
1995-02-28,,,,,0.0,1.0,
1995-03-01,,,,,0.0,1.0,
1995-03-02,,,,,0.0,1.0,
1995-03-03,,,,,0.0,1.0,
1995-03-06,,,,,0.0,1.0,
1995-03-07,,,,,0.0,1.0,
1995-03-08,,,,,0.0,1.0,
1995-03-09,,,,,0.0,1.0,
1995-03-10,,,,,0.0,1.0,
1995-03-13,,,,,0.0,1.0,
1995-03-14,,,,,0.0,1.0,
1995-03-15,,,,,0.0,1.0,
1995-03-16,,,,,0.0,1.0,
1995-03-17,,,,,0.0,1.0,
1995-03-20,,,,,0.0,1.0,
1995-03-21,,,,,0.0,1.0,
1995-03-22,,,,,0.0,1.0,
1995-03-23,,,,,0.0,1.0,
1995-03-24,,,,,0.0,1.0,
1995-03-27,,,,,0.0,1.0,
1995-03-28,,,,,0.0,1.0,
1995-03-29,,,,,0.0,1.0,
1995-03-30,,,,,0.0,1.0,
1995-03-31,,,,,0.0,1.0,
1995-04-03,,,,,0.0,1.0,
1995-04-04,,,,,0.0,1.0,
1995-04-05,,,,,0.0,1.0,
1995-04-06,,,,,0.0,1.0,
1995-04-07,,,,,0.0,1.0,
1995-04-10,,,,,0.0,1.0,
1995-04-11,,,,,0.0,1.0,
1995-04-12,,,,,0.0,1.0,
1995-04-13,,,,,0.0,1.0,
1995-04-14,,,,,0.0,1.0,
1995-04-17,,,,,0.0,1.0,
1995-04-18,,,,,0.0,1.0,
1995-04-19,,,,,0.0,1.0,
1995-04-20,,,,,0.0,1.0,
1995-04-21,,,,,0.0,1.0,
1995-04-24,,,,,0.0,1.0,
1995-04-25,,,,,0.0,1.0,
1995-04-26,,,,,0.0,1.0,
1995-04-27,,,,,0.0,1.0,
1995-04-28,,,,,0.0,1.0,
1995-05-01,,,,,0.0,1.0,
1995-05-02,,,,,0.0,1.0,
1995-05-03,,,,,0.0,1.0,
1995-05-04,,,,,0.0,1.0,
1995-05-05,,,,,0.0,1.0,
1995-05-08,,,,,0.0,1.0,
1995-05-09,,,,,0.0,1.0,
1995-05-10,,,,,0.0,1.0,
1995-05-11,,,,,0.0,1.0,
1995-05-12,,,,,0.0,1.0,
1995-05-15,,,,,0.0,1.0,
1995-05-16,,,,,0.0,1.0,
1995-05-17,,,,,0.0,1.0,
1995-05-18,,,,,0.0,1.0,
1995-05-19,,,,,0.0,1.0,
1995-05-22,,,,,0.0,1.0,
1995-05-23,,,,,0.0,1.0,
1995-05-24,,,,,0.0,1.0,
1995-05-25,,,,,0.0,1.0,
1995-05-26,,,,,0.0,1.0,
1995-05-29,,,,,0.0,1.0,
1995-05-30,,,,,0.0,1.0,
1995-05-31,,,,,0.0,1.0,
1995-06-01,,,,,0.0,1.0,
1995-06-02,,,,,0.0,1.0,
1995-06-05,,,,,0.0,1.0,
1995-06-06,,,,,0.0,1.0,
1995-06-07,,,,,0.0,1.0,
1995-06-08,,,,,0.0,1.0,
1995-06-09,,,,,0.0,1.0,
1995-06-12,,,,,0.0,1.0,
1995-06-13,,,,,0.0,1.0,
1995-06-14,,,,,0.0,1.0,
1995-06-15,,,,,0.0,1.0,
1995-06-16,,,,,0.0,1.0,
1995-06-19,,,,,0.0,1.0,
1995-06-20,,,,,0.0,1.0,
1995-06-21,,,,,0.0,1.0,
1995-06-22,,,,,0.0,1.0,
1995-06-23,,,,,0.0,1.0,
1995-06-26,,,,,0.0,1.0,
1995-06-27,,,,,0.0,1.0,
1995-06-28,,,,,0.0,1.0,
1995-06-29,,,,,0.0,1.0,
1995-06-30,,,,,0.0,1.0,
1995-07-03,,,,,0.0,1.0,
1995-07-04,,,,,0.0,1.0,
1995-07-05,,,,,0.0,1.0,
1995-07-06,,,,,0.0,1.0,
1995-07-07,,,,,0.0,1.0,
1995-07-10,,,,,0.0,1.0,
1995-07-11,,,,,0.0,1.0,
1995-07-12,,,,,0.0,1.0,
1995-07-13,,,,,0.0,1.0,
1995-07-14,,,,,0.0,1.0,
1995-07-17,,,,,0.0,1.0,
1995-07-18,,,,,0.0,1.0,
1995-07-19,,,,,0.0,1.0,
1995-07-20,,,,,0.0,1.0,
1995-07-21,,,,,0.0,1.0,
1995-07-24,,,,,0.0,1.0,
1995-07-25,,,,,0.0,1.0,
1995-07-26,,,,,0.0,1.0,
1995-07-27,,,,,0.0,1.0,
1995-07-28,,,,,0.0,1.0,
1995-07-31,,,,,0.0,1.0,
1995-08-01,,,,,0.0,1.0,
1995-08-02,,,,,0.0,1.0,
1995-08-03,,,,,0.0,1.0,
1995-08-04,,,,,0.0,1.0,
1995-08-07,,,,,0.0,1.0,
1995-08-08,,,,,0.0,1.0,
1995-08-09,,,,,0.0,1.0,
1995-08-10,,,,,0.0,1.0,
1995-08-11,,,,,0.0,1.0,
1995-08-14,,,,,0.0,1.0,
1995-08-15,,,,,0.0,1.0,
1995-08-16,,,,,0.0,1.0,
1995-08-17,,,,,0.0,1.0,
1995-08-18,,,,,0.0,1.0,
1995-08-21,,,,,0.0,1.0,
1995-08-22,,,,,0.0,1.0,
1995-08-23,,,,,0.0,1.0,
1995-08-24,,,,,0.0,1.0,
1995-08-25,,,,,0.0,1.0,
1995-08-28,,,,,0.0,1.0,
1995-08-29,,,,,0.0,1.0,
1995-08-30,,,,,0.0,1.0,
1995-08-31,,,,,0.0,1.0,
1995-09-01,,,,,0.0,1.0,
1995-09-04,,,,,0.0,1.0,
1995-09-05,,,,,0.0,1.0,
1995-09-06,,,,,0.0,1.0,
1995-09-07,,,,,0.0,1.0,
1995-09-08,,,,,0.0,1.0,
1995-09-11,,,,,0.0,1.0,
1995-09-12,,,,,0.0,1.0,
1995-09-13,,,,,0.0,1.0,
1995-09-14,,,,,0.0,1.0,
1995-09-15,,,,,0.0,1.0,
1995-09-18,,,,,0.0,1.0,
1995-09-19,,,,,0.0,1.0,
1995-09-20,,,,,0.0,1.0,
1995-09-21,,,,,0.0,1.0,
1995-09-22,,,,,0.0,1.0,
1995-09-25,,,,,0.0,1.0,
1995-09-26,,,,,0.0,1.0,
1995-09-27,,,,,0.0,1.0,
1995-09-28,,,,,0.0,1.0,
1995-09-29,,,,,0.0,1.0,
1995-10-02,,,,,0.0,1.0,
1995-10-03,,,,,0.0,1.0,
1995-10-04,,,,,0.0,1.0,
1995-10-05,,,,,0.0,1.0,
1995-10-06,,,,,0.0,1.0,
1995-10-09,,,,,0.0,1.0,
1995-10-10,,,,,0.0,1.0,
1995-10-11,,,,,0.0,1.0,
1995-10-12,,,,,0.0,1.0,
1995-10-13,,,,,0.0,1.0,
1995-10-16,,,,,0.0,1.0,
1995-10-17,,,,,0.0,1.0,
1995-10-18,,,,,0.0,1.0,
1995-10-19,,,,,0.0,1.0,
1995-10-20,,,,,0.0,1.0,
1995-10-23,,,,,0.0,1.0,
1995-10-24,,,,,0.0,1.0,
1995-10-25,,,,,0.0,1.0,
1995-10-26,,,,,0.0,1.0,
1995-10-27,,,,,0.0,1.0,
1995-10-30,,,,,0.0,1.0,
1995-10-31,,,,,0.0,1.0,
1995-11-01,,,,,0.0,1.0,
1995-11-02,,,,,0.0,1.0,
1995-11-03,,,,,0.0,1.0,
1995-11-06,,,,,0.0,1.0,
1995-11-07,,,,,0.0,1.0,
1995-11-08,,,,,0.0,1.0,
1995-11-09,,,,,0.0,1.0,
1995-11-10,,,,,0.0,1.0,
1995-11-13,,,,,0.0,1.0,
1995-11-14,,,,,0.0,1.0,
1995-11-15,,,,,0.0,1.0,
1995-11-16,,,,,0.0,1.0,
1995-11-17,,,,,0.0,1.0,
1995-11-20,,,,,0.0,1.0,
1995-11-21,,,,,0.0,1.0,
1995-11-22,,,,,0.0,1.0,
1995-11-23,,,,,0.0,1.0,
1995-11-24,,,,,0.0,1.0,
1995-11-27,,,,,0.0,1.0,
1995-11-28,,,,,0.0,1.0,
1995-11-29,,,,,0.0,1.0,
1995-11-30,,,,,0.0,1.0,
1995-12-01,,,,,0.0,1.0,
1995-12-04,,,,,0.0,1.0,
1995-12-05,,,,,0.0,1.0,
1995-12-06,,,,,0.0,1.0,
1995-12-07,,,,,0.0,1.0,
1995-12-08,,,,,0.0,1.0,
1995-12-11,,,,,0.0,1.0,
1995-12-12,,,,,0.0,1.0,
1995-12-13,,,,,0.0,1.0,
1995-12-14,,,,,0.0,1.0,
1995-12-15,,,,,0.0,1.0,
1995-12-18,,,,,0.0,1.0,
1995-12-19,,,,,0.0,1.0,
1995-12-20,,,,,0.0,1.0,
1995-12-21,,,,,0.0,1.0,
1995-12-22,,,,,0.0,1.0,
1995-12-25,,,,,0.0,1.0,
1995-12-26,,,,,0.0,1.0,
1995-12-27,,,,,0.0,1.0,
1995-12-28,,,,,0.0,1.0,
1995-12-29,,,,,0.0,1.0,
1996-01-01,,,,,0.0,1.0,
1996-01-02,,,,,0.0,1.0,
1996-01-03,,,,,0.0,1.0,
1996-01-04,,,,,0.0,1.0,
1996-01-05,,,,,0.0,1.0,
1996-01-08,,,,,0.0,1.0,
1996-01-09,,,,,0.0,1.0,
1996-01-10,,,,,0.0,1.0,
1996-01-11,,,,,0.0,1.0,
1996-01-12,,,,,0.0,1.0,
1996-01-15,,,,,0.0,1.0,
1996-01-16,,,,,0.0,1.0,
1996-01-17,,,,,0.0,1.0,
1996-01-18,,,,,0.0,1.0,
1996-01-19,,,,,0.0,1.0,
1996-01-22,,,,,0.0,1.0,
1996-01-23,,,,,0.0,1.0,
1996-01-24,,,,,0.0,1.0,
1996-01-25,,,,,0.0,1.0,
1996-01-26,,,,,0.0,1.0,
1996-01-29,,,,,0.0,1.0,
1996-01-30,,,,,0.0,1.0,
1996-01-31,,,,,0.0,1.0,
1996-02-01,,,,,0.0,1.0,
1996-02-02,,,,,0.0,1.0,
1996-02-05,,,,,0.0,1.0,
1996-02-06,,,,,0.0,1.0,
1996-02-07,,,,,0.0,1.0,
1996-02-08,,,,,0.0,1.0,
1996-02-09,,,,,0.0,1.0,
1996-02-12,,,,,0.0,1.0,
1996-02-13,,,,,0.0,1.0,
1996-02-14,,,,,0.0,1.0,
1996-02-15,,,,,0.0,1.0,
1996-02-16,,,,,0.0,1.0,
1996-02-19,,,,,0.0,1.0,
1996-02-20,,,,,0.0,1.0,
1996-02-21,,,,,0.0,1.0,
1996-02-22,,,,,0.0,1.0,
1996-02-23,,,,,0.0,1.0,
1996-02-26,,,,,0.0,1.0,
1996-02-27,,,,,0.0,1.0,
1996-02-28,,,,,0.0,1.0,
1996-02-29,,,,,0.0,1.0,
1996-03-01,,,,,0.0,1.0,
1996-03-04,,,,,0.0,1.0,
1996-03-05,,,,,0.0,1.0,
1996-03-06,,,,,0.0,1.0,
1996-03-07,,,,,0.0,1.0,
1996-03-08,,,,,0.0,1.0,
1996-03-11,,,,,0.0,1.0,
1996-03-12,,,,,0.0,1.0,
1996-03-13,,,,,0.0,1.0,
1996-03-14,,,,,0.0,1.0,
1996-03-15,,,,,0.0,1.0,
1996-03-18,,,,,0.0,1.0,
1996-03-19,,,,,0.0,1.0,
1996-03-20,,,,,0.0,1.0,
1996-03-21,,,,,0.0,1.0,
1996-03-22,,,,,0.0,1.0,
1996-03-25,,,,,0.0,1.0,
1996-03-26,,,,,0.0,1.0,
1996-03-27,,,,,0.0,1.0,
1996-03-28,,,,,0.0,1.0,
1996-03-29,,,,,0.0,1.0,
1996-04-01,,,,,0.0,1.0,
1996-04-02,,,,,0.0,1.0,
1996-04-03,,,,,0.0,1.0,
1996-04-04,,,,,0.0,1.0,
1996-04-05,,,,,0.0,1.0,
1996-04-08,,,,,0.0,1.0,
1996-04-09,,,,,0.0,1.0,
1996-04-10,,,,,0.0,1.0,
1996-04-11,,,,,0.0,1.0,
1996-04-12,,,,,0.0,1.0,
1996-04-15,,,,,0.0,1.0,
1996-04-16,,,,,0.0,1.0,
1996-04-17,,,,,0.0,1.0,
1996-04-18,,,,,0.0,1.0,
1996-04-19,,,,,0.0,1.0,
1996-04-22,,,,,0.0,1.0,
1996-04-23,,,,,0.0,1.0,
1996-04-24,,,,,0.0,1.0,
1996-04-25,,,,,0.0,1.0,
1996-04-26,,,,,0.0,1.0,
1996-04-29,,,,,0.0,1.0,
1996-04-30,,,,,0.0,1.0,
1996-05-01,,,,,0.0,1.0,
1996-05-02,,,,,0.0,1.0,
1996-05-03,,,,,0.0,1.0,
1996-05-06,,,,,0.0,1.0,
1996-05-07,,,,,0.0,1.0,
1996-05-08,,,,,0.0,1.0,
1996-05-09,,,,,0.0,1.0,
1996-05-10,,,,,0.0,1.0,
1996-05-13,,,,,0.0,1.0,
1996-05-14,,,,,0.0,1.0,
1996-05-15,,,,,0.0,1.0,
1996-05-16,,,,,0.0,1.0,
1996-05-17,,,,,0.0,1.0,
1996-05-20,,,,,0.0,1.0,
1996-05-21,,,,,0.0,1.0,
1996-05-22,,,,,0.0,1.0,
1996-05-23,,,,,0.0,1.0,
1996-05-24,,,,,0.0,1.0,
1996-05-27,,,,,0.0,1.0,
1996-05-28,,,,,0.0,1.0,
1996-05-29,,,,,0.0,1.0,
1996-05-30,,,,,0.0,1.0,
1996-05-31,,,,,0.0,1.0,
1996-06-03,,,,,0.0,1.0,
1996-06-04,,,,,0.0,1.0,
1996-06-05,,,,,0.0,1.0,
1996-06-06,,,,,0.0,1.0,
1996-06-07,,,,,0.0,1.0,
1996-06-10,,,,,0.0,1.0,
1996-06-11,,,,,0.0,1.0,
1996-06-12,,,,,0.0,1.0,
1996-06-13,,,,,0.0,1.0,
1996-06-14,,,,,0.0,1.0,
1996-06-17,,,,,0.0,1.0,
1996-06-18,,,,,0.0,1.0,
1996-06-19,,,,,0.0,1.0,
1996-06-20,,,,,0.0,1.0,
1996-06-21,,,,,0.0,1.0,
1996-06-24,,,,,0.0,1.0,
1996-06-25,,,,,0.0,1.0,
1996-06-26,,,,,0.0,1.0,
1996-06-27,,,,,0.0,1.0,
1996-06-28,,,,,0.0,1.0,
1996-07-01,,,,,0.0,1.0,
1996-07-02,,,,,0.0,1.0,
1996-07-03,,,,,0.0,1.0,
1996-07-04,,,,,0.0,1.0,
1996-07-05,,,,,0.0,1.0,
1996-07-08,,,,,0.0,1.0,
1996-07-09,,,,,0.0,1.0,
1996-07-10,,,,,0.0,1.0,
1996-07-11,,,,,0.0,1.0,
1996-07-12,,,,,0.0,1.0,
1996-07-15,,,,,0.0,1.0,
1996-07-16,,,,,0.0,1.0,
1996-07-17,,,,,0.0,1.0,
1996-07-18,,,,,0.0,1.0,
1996-07-19,,,,,0.0,1.0,
1996-07-22,,,,,0.0,1.0,
1996-07-23,,,,,0.0,1.0,
1996-07-24,,,,,0.0,1.0,
1996-07-25,,,,,0.0,1.0,
1996-07-26,,,,,0.0,1.0,
1996-07-29,,,,,0.0,1.0,
1996-07-30,,,,,0.0,1.0,
1996-07-31,,,,,0.0,1.0,
1996-08-01,,,,,0.0,1.0,
1996-08-02,,,,,0.0,1.0,
1996-08-05,,,,,0.0,1.0,
1996-08-06,,,,,0.0,1.0,
1996-08-07,,,,,0.0,1.0,
1996-08-08,,,,,0.0,1.0,
1996-08-09,,,,,0.0,1.0,
1996-08-12,,,,,0.0,1.0,
1996-08-13,,,,,0.0,1.0,
1996-08-14,,,,,0.0,1.0,
1996-08-15,,,,,0.0,1.0,
1996-08-16,,,,,0.0,1.0,
1996-08-19,,,,,0.0,1.0,
1996-08-20,,,,,0.0,1.0,
1996-08-21,,,,,0.0,1.0,
1996-08-22,,,,,0.0,1.0,
1996-08-23,,,,,0.0,1.0,
1996-08-26,,,,,0.0,1.0,
1996-08-27,,,,,0.0,1.0,
1996-08-28,,,,,0.0,1.0,
1996-08-29,,,,,0.0,1.0,
1996-08-30,,,,,0.0,1.0,
1996-09-02,,,,,0.0,1.0,
1996-09-03,,,,,0.0,1.0,
1996-09-04,,,,,0.0,1.0,
1996-09-05,,,,,0.0,1.0,
1996-09-06,,,,,0.0,1.0,
1996-09-09,,,,,0.0,1.0,
1996-09-10,,,,,0.0,1.0,
1996-09-11,,,,,0.0,1.0,
1996-09-12,,,,,0.0,1.0,
1996-09-13,,,,,0.0,1.0,
1996-09-16,,,,,0.0,1.0,
1996-09-17,,,,,0.0,1.0,
1996-09-18,,,,,0.0,1.0,
1996-09-19,,,,,0.0,1.0,
1996-09-20,,,,,0.0,1.0,
1996-09-23,,,,,0.0,1.0,
1996-09-24,,,,,0.0,1.0,
1996-09-25,,,,,0.0,1.0,
1996-09-26,,,,,0.0,1.0,
1996-09-27,,,,,0.0,1.0,
1996-09-30,,,,,0.0,1.0,
1996-10-01,,,,,0.0,1.0,
1996-10-02,,,,,0.0,1.0,
1996-10-03,,,,,0.0,1.0,
1996-10-04,,,,,0.0,1.0,
1996-10-07,,,,,0.0,1.0,
1996-10-08,,,,,0.0,1.0,
1996-10-09,,,,,0.0,1.0,
1996-10-10,,,,,0.0,1.0,
1996-10-11,,,,,0.0,1.0,
1996-10-14,,,,,0.0,1.0,
1996-10-15,,,,,0.0,1.0,
1996-10-16,,,,,0.0,1.0,
1996-10-17,,,,,0.0,1.0,
1996-10-18,,,,,0.0,1.0,
1996-10-21,,,,,0.0,1.0,
1996-10-22,,,,,0.0,1.0,
1996-10-23,,,,,0.0,1.0,
1996-10-24,,,,,0.0,1.0,
1996-10-25,,,,,0.0,1.0,
1996-10-28,,,,,0.0,1.0,
1996-10-29,,,,,0.0,1.0,
1996-10-30,,,,,0.0,1.0,
1996-10-31,,,,,0.0,1.0,
1996-11-01,,,,,0.0,1.0,
1996-11-04,,,,,0.0,1.0,
1996-11-05,,,,,0.0,1.0,
1996-11-06,,,,,0.0,1.0,
1996-11-07,,,,,0.0,1.0,
1996-11-08,,,,,0.0,1.0,
1996-11-11,,,,,0.0,1.0,
1996-11-12,,,,,0.0,1.0,
1996-11-13,,,,,0.0,1.0,
1996-11-14,,,,,0.0,1.0,
1996-11-15,,,,,0.0,1.0,
1996-11-18,,,,,0.0,1.0,
1996-11-19,,,,,0.0,1.0,
1996-11-20,,,,,0.0,1.0,
1996-11-21,,,,,0.0,1.0,
1996-11-22,,,,,0.0,1.0,
1996-11-25,,,,,0.0,1.0,
1996-11-26,,,,,0.0,1.0,
1996-11-27,,,,,0.0,1.0,
1996-11-28,,,,,0.0,1.0,
1996-11-29,,,,,0.0,1.0,
1996-12-02,,,,,0.0,1.0,
1996-12-03,,,,,0.0,1.0,
1996-12-04,,,,,0.0,1.0,
1996-12-05,,,,,0.0,1.0,
1996-12-06,,,,,0.0,1.0,
1996-12-09,,,,,0.0,1.0,
1996-12-10,,,,,0.0,1.0,
1996-12-11,,,,,0.0,1.0,
1996-12-12,,,,,0.0,1.0,
1996-12-13,,,,,0.0,1.0,
1996-12-16,,,,,0.0,1.0,
1996-12-17,,,,,0.0,1.0,
1996-12-18,,,,,0.0,1.0,
1996-12-19,,,,,0.0,1.0,
1996-12-20,,,,,0.0,1.0,
1996-12-23,,,,,0.0,1.0,
1996-12-24,,,,,0.0,1.0,
1996-12-25,,,,,0.0,1.0,
1996-12-26,,,,,0.0,1.0,
1996-12-27,,,,,0.0,1.0,
1996-12-30,,,,,0.0,1.0,
1996-12-31,,,,,0.0,1.0,
1997-01-01,,,,,0.0,1.0,
1997-01-02,,,,,0.0,1.0,
1997-01-03,,,,,0.0,1.0,
1997-01-06,,,,,0.0,1.0,
1997-01-07,,,,,0.0,1.0,
1997-01-08,,,,,0.0,1.0,
1997-01-09,,,,,0.0,1.0,
1997-01-10,,,,,0.0,1.0,
1997-01-13,,,,,0.0,1.0,
1997-01-14,,,,,0.0,1.0,
1997-01-15,,,,,0.0,1.0,
1997-01-16,,,,,0.0,1.0,
1997-01-17,,,,,0.0,1.0,
1997-01-20,,,,,0.0,1.0,
1997-01-21,,,,,0.0,1.0,
1997-01-22,,,,,0.0,1.0,
1997-01-23,,,,,0.0,1.0,
1997-01-24,,,,,0.0,1.0,
1997-01-27,,,,,0.0,1.0,
1997-01-28,,,,,0.0,1.0,
1997-01-29,,,,,0.0,1.0,
1997-01-30,,,,,0.0,1.0,
1997-01-31,,,,,0.0,1.0,
1997-02-03,,,,,0.0,1.0,
1997-02-04,,,,,0.0,1.0,
1997-02-05,,,,,0.0,1.0,
1997-02-06,,,,,0.0,1.0,
1997-02-07,,,,,0.0,1.0,
1997-02-10,,,,,0.0,1.0,
1997-02-11,,,,,0.0,1.0,
1997-02-12,,,,,0.0,1.0,
1997-02-13,,,,,0.0,1.0,
1997-02-14,,,,,0.0,1.0,
1997-02-17,,,,,0.0,1.0,
1997-02-18,,,,,0.0,1.0,
1997-02-19,,,,,0.0,1.0,
1997-02-20,,,,,0.0,1.0,
1997-02-21,,,,,0.0,1.0,
1997-02-24,,,,,0.0,1.0,
1997-02-25,,,,,0.0,1.0,
1997-02-26,,,,,0.0,1.0,
1997-02-27,,,,,0.0,1.0,
1997-02-28,,,,,0.0,1.0,
1997-03-03,,,,,0.0,1.0,
1997-03-04,,,,,0.0,1.0,
1997-03-05,,,,,0.0,1.0,
1997-03-06,,,,,0.0,1.0,
1997-03-07,,,,,0.0,1.0,
1997-03-10,,,,,0.0,1.0,
1997-03-11,,,,,0.0,1.0,
1997-03-12,,,,,0.0,1.0,
1997-03-13,,,,,0.0,1.0,
1997-03-14,,,,,0.0,1.0,
1997-03-17,,,,,0.0,1.0,
1997-03-18,,,,,0.0,1.0,
1997-03-19,,,,,0.0,1.0,
1997-03-20,,,,,0.0,1.0,
1997-03-21,,,,,0.0,1.0,
1997-03-24,,,,,0.0,1.0,
1997-03-25,,,,,0.0,1.0,
1997-03-26,,,,,0.0,1.0,
1997-03-27,,,,,0.0,1.0,
1997-03-28,,,,,0.0,1.0,
1997-03-31,,,,,0.0,1.0,
1997-04-01,,,,,0.0,1.0,
1997-04-02,,,,,0.0,1.0,
1997-04-03,,,,,0.0,1.0,
1997-04-04,,,,,0.0,1.0,
1997-04-07,,,,,0.0,1.0,
1997-04-08,,,,,0.0,1.0,
1997-04-09,,,,,0.0,1.0,
1997-04-10,,,,,0.0,1.0,
1997-04-11,,,,,0.0,1.0,
1997-04-14,,,,,0.0,1.0,
1997-04-15,,,,,0.0,1.0,
1997-04-16,,,,,0.0,1.0,
1997-04-17,,,,,0.0,1.0,
1997-04-18,,,,,0.0,1.0,
1997-04-21,,,,,0.0,1.0,
1997-04-22,,,,,0.0,1.0,
1997-04-23,,,,,0.0,1.0,
1997-04-24,,,,,0.0,1.0,
1997-04-25,,,,,0.0,1.0,
1997-04-28,,,,,0.0,1.0,
1997-04-29,,,,,0.0,1.0,
1997-04-30,,,,,0.0,1.0,
1997-05-01,,,,,0.0,1.0,
1997-05-02,,,,,0.0,1.0,
1997-05-05,,,,,0.0,1.0,
1997-05-06,,,,,0.0,1.0,
1997-05-07,,,,,0.0,1.0,
1997-05-08,,,,,0.0,1.0,
1997-05-09,,,,,0.0,1.0,
1997-05-12,,,,,0.0,1.0,
1997-05-13,,,,,0.0,1.0,
1997-05-14,,,,,0.0,1.0,
1997-05-15,,,,,0.0,1.0,
1997-05-16,,,,,0.0,1.0,
1997-05-19,,,,,0.0,1.0,
1997-05-20,,,,,0.0,1.0,
1997-05-21,,,,,0.0,1.0,
1997-05-22,,,,,0.0,1.0,
1997-05-23,,,,,0.0,1.0,
1997-05-26,,,,,0.0,1.0,
1997-05-27,,,,,0.0,1.0,
1997-05-28,,,,,0.0,1.0,
1997-05-29,,,,,0.0,1.0,
1997-05-30,,,,,0.0,1.0,
1997-06-02,,,,,0.0,1.0,
1997-06-03,,,,,0.0,1.0,
1997-06-04,,,,,0.0,1.0,
1997-06-05,,,,,0.0,1.0,
1997-06-06,,,,,0.0,1.0,
1997-06-09,,,,,0.0,1.0,
1997-06-10,,,,,0.0,1.0,
1997-06-11,,,,,0.0,1.0,
1997-06-12,,,,,0.0,1.0,
1997-06-13,,,,,0.0,1.0,
1997-06-16,,,,,0.0,1.0,
1997-06-17,,,,,0.0,1.0,
1997-06-18,,,,,0.0,1.0,
1997-06-19,,,,,0.0,1.0,
1997-06-20,,,,,0.0,1.0,
1997-06-23,,,,,0.0,1.0,
1997-06-24,,,,,0.0,1.0,
1997-06-25,,,,,0.0,1.0,
1997-06-26,,,,,0.0,1.0,
1997-06-27,,,,,0.0,1.0,
1997-06-30,,,,,0.0,1.0,
1997-07-01,,,,,0.0,1.0,
1997-07-02,,,,,0.0,1.0,
1997-07-03,,,,,0.0,1.0,
1997-07-04,,,,,0.0,1.0,
1997-07-07,,,,,0.0,1.0,
1997-07-08,,,,,0.0,1.0,
1997-07-09,,,,,0.0,1.0,
1997-07-10,,,,,0.0,1.0,
1997-07-11,,,,,0.0,1.0,
1997-07-14,,,,,0.0,1.0,
1997-07-15,,,,,0.0,1.0,
1997-07-16,,,,,0.0,1.0,
1997-07-17,,,,,0.0,1.0,
1997-07-18,,,,,0.0,1.0,
1997-07-21,,,,,0.0,1.0,
1997-07-22,,,,,0.0,1.0,
1997-07-23,,,,,0.0,1.0,
1997-07-24,,,,,0.0,1.0,
1997-07-25,,,,,0.0,1.0,
1997-07-28,,,,,0.0,1.0,
1997-07-29,,,,,0.0,1.0,
1997-07-30,,,,,0.0,1.0,
1997-07-31,,,,,0.0,1.0,
1997-08-01,,,,,0.0,1.0,
1997-08-04,,,,,0.0,1.0,
1997-08-05,,,,,0.0,1.0,
1997-08-06,,,,,0.0,1.0,
1997-08-07,,,,,0.0,1.0,
1997-08-08,,,,,0.0,1.0,
1997-08-11,,,,,0.0,1.0,
1997-08-12,,,,,0.0,1.0,
1997-08-13,,,,,0.0,1.0,
1997-08-14,,,,,0.0,1.0,
1997-08-15,,,,,0.0,1.0,
1997-08-18,,,,,0.0,1.0,
1997-08-19,,,,,0.0,1.0,
1997-08-20,,,,,0.0,1.0,
1997-08-21,,,,,0.0,1.0,
1997-08-22,,,,,0.0,1.0,
1997-08-25,,,,,0.0,1.0,
1997-08-26,,,,,0.0,1.0,
1997-08-27,,,,,0.0,1.0,
1997-08-28,,,,,0.0,1.0,
1997-08-29,,,,,0.0,1.0,
1997-09-01,,,,,0.0,1.0,
1997-09-02,,,,,0.0,1.0,
1997-09-03,,,,,0.0,1.0,
1997-09-04,,,,,0.0,1.0,
1997-09-05,,,,,0.0,1.0,
1997-09-08,,,,,0.0,1.0,
1997-09-09,,,,,0.0,1.0,
1997-09-10,,,,,0.0,1.0,
1997-09-11,,,,,0.0,1.0,
1997-09-12,,,,,0.0,1.0,
1997-09-15,,,,,0.0,1.0,
1997-09-16,,,,,0.0,1.0,
1997-09-17,,,,,0.0,1.0,
1997-09-18,,,,,0.0,1.0,
1997-09-19,,,,,0.0,1.0,
1997-09-22,,,,,0.0,1.0,
1997-09-23,,,,,0.0,1.0,
1997-09-24,,,,,0.0,1.0,
1997-09-25,,,,,0.0,1.0,
1997-09-26,,,,,0.0,1.0,
1997-09-29,,,,,0.0,1.0,
1997-09-30,,,,,0.0,1.0,
1997-10-01,,,,,0.0,1.0,
1997-10-02,,,,,0.0,1.0,
1997-10-03,,,,,0.0,1.0,
1997-10-06,,,,,0.0,1.0,
1997-10-07,,,,,0.0,1.0,
1997-10-08,,,,,0.0,1.0,
1997-10-09,,,,,0.0,1.0,
1997-10-10,,,,,0.0,1.0,
1997-10-13,,,,,0.0,1.0,
1997-10-14,,,,,0.0,1.0,
1997-10-15,,,,,0.0,1.0,
1997-10-16,,,,,0.0,1.0,
1997-10-17,,,,,0.0,1.0,
1997-10-20,,,,,0.0,1.0,
1997-10-21,,,,,0.0,1.0,
1997-10-22,,,,,0.0,1.0,
1997-10-23,,,,,0.0,1.0,
1997-10-24,,,,,0.0,1.0,
1997-10-27,,,,,0.0,1.0,
1997-10-28,,,,,0.0,1.0,
1997-10-29,,,,,0.0,1.0,
1997-10-30,,,,,0.0,1.0,
1997-10-31,,,,,0.0,1.0,
1997-11-03,,,,,0.0,1.0,
1997-11-04,,,,,0.0,1.0,
1997-11-05,,,,,0.0,1.0,
1997-11-06,,,,,0.0,1.0,
1997-11-07,,,,,0.0,1.0,
1997-11-10,,,,,0.0,1.0,
1997-11-11,,,,,0.0,1.0,
1997-11-12,,,,,0.0,1.0,
1997-11-13,,,,,0.0,1.0,
1997-11-14,,,,,0.0,1.0,
1997-11-17,,,,,0.0,1.0,
1997-11-18,,,,,0.0,1.0,
1997-11-19,,,,,0.0,1.0,
1997-11-20,,,,,0.0,1.0,
1997-11-21,,,,,0.0,1.0,
1997-11-24,,,,,0.0,1.0,
1997-11-25,,,,,0.0,1.0,
1997-11-26,,,,,0.0,1.0,
1997-11-27,,,,,0.0,1.0,
1997-11-28,,,,,0.0,1.0,
1997-12-01,,,,,0.0,1.0,
1997-12-02,,,,,0.0,1.0,
1997-12-03,,,,,0.0,1.0,
1997-12-04,,,,,0.0,1.0,
1997-12-05,,,,,0.0,1.0,
1997-12-08,,,,,0.0,1.0,
1997-12-09,,,,,0.0,1.0,
1997-12-10,,,,,0.0,1.0,
1997-12-11,,,,,0.0,1.0,
1997-12-12,,,,,0.0,1.0,
1997-12-15,,,,,0.0,1.0,
1997-12-16,,,,,0.0,1.0,
1997-12-17,,,,,0.0,1.0,
1997-12-18,,,,,0.0,1.0,
1997-12-19,,,,,0.0,1.0,
1997-12-22,,,,,0.0,1.0,
1997-12-23,,,,,0.0,1.0,
1997-12-24,,,,,0.0,1.0,
1997-12-25,,,,,0.0,1.0,
1997-12-26,,,,,0.0,1.0,
1997-12-29,,,,,0.0,1.0,
1997-12-30,,,,,0.0,1.0,
1997-12-31,,,,,0.0,1.0,
1998-01-01,,,,,0.0,1.0,
1998-01-02,,,,,0.0,1.0,
1998-01-05,,,,,0.0,1.0,
1998-01-06,,,,,0.0,1.0,
1998-01-07,,,,,0.0,1.0,
1998-01-08,,,,,0.0,1.0,
1998-01-09,,,,,0.0,1.0,
1998-01-12,,,,,0.0,1.0,
1998-01-13,,,,,0.0,1.0,
1998-01-14,,,,,0.0,1.0,
1998-01-15,,,,,0.0,1.0,
1998-01-16,,,,,0.0,1.0,
1998-01-19,,,,,0.0,1.0,
1998-01-20,,,,,0.0,1.0,
1998-01-21,,,,,0.0,1.0,
1998-01-22,,,,,0.0,1.0,
1998-01-23,,,,,0.0,1.0,
1998-01-26,,,,,0.0,1.0,
1998-01-27,,,,,0.0,1.0,
1998-01-28,,,,,0.0,1.0,
1998-01-29,,,,,0.0,1.0,
1998-01-30,,,,,0.0,1.0,
1998-02-02,,,,,0.0,1.0,
1998-02-03,,,,,0.0,1.0,
1998-02-04,,,,,0.0,1.0,
1998-02-05,,,,,0.0,1.0,
1998-02-06,,,,,0.0,1.0,
1998-02-09,,,,,0.0,1.0,
1998-02-10,,,,,0.0,1.0,
1998-02-11,,,,,0.0,1.0,
1998-02-12,,,,,0.0,1.0,
1998-02-13,,,,,0.0,1.0,
1998-02-16,,,,,0.0,1.0,
1998-02-17,,,,,0.0,1.0,
1998-02-18,,,,,0.0,1.0,
1998-02-19,,,,,0.0,1.0,
1998-02-20,,,,,0.0,1.0,
1998-02-23,,,,,0.0,1.0,
1998-02-24,,,,,0.0,1.0,
1998-02-25,,,,,0.0,1.0,
1998-02-26,,,,,0.0,1.0,
1998-02-27,,,,,0.0,1.0,
1998-03-02,,,,,0.0,1.0,
1998-03-03,,,,,0.0,1.0,
1998-03-04,,,,,0.0,1.0,
1998-03-05,,,,,0.0,1.0,
1998-03-06,,,,,0.0,1.0,
1998-03-09,,,,,0.0,1.0,
1998-03-10,,,,,0.0,1.0,
1998-03-11,,,,,0.0,1.0,
1998-03-12,,,,,0.0,1.0,
1998-03-13,,,,,0.0,1.0,
1998-03-16,,,,,0.0,1.0,
1998-03-17,,,,,0.0,1.0,
1998-03-18,,,,,0.0,1.0,
1998-03-19,,,,,0.0,1.0,
1998-03-20,,,,,0.0,1.0,
1998-03-23,,,,,0.0,1.0,
1998-03-24,,,,,0.0,1.0,
1998-03-25,,,,,0.0,1.0,
1998-03-26,,,,,0.0,1.0,
1998-03-27,,,,,0.0,1.0,
1998-03-30,,,,,0.0,1.0,
1998-03-31,,,,,0.0,1.0,
1998-04-01,,,,,0.0,1.0,
1998-04-02,,,,,0.0,1.0,
1998-04-03,,,,,0.0,1.0,
1998-04-06,,,,,0.0,1.0,
1998-04-07,,,,,0.0,1.0,
1998-04-08,,,,,0.0,1.0,
1998-04-09,,,,,0.0,1.0,
1998-04-10,,,,,0.0,1.0,
1998-04-13,,,,,0.0,1.0,
1998-04-14,,,,,0.0,1.0,
1998-04-15,,,,,0.0,1.0,
1998-04-16,,,,,0.0,1.0,
1998-04-17,,,,,0.0,1.0,
1998-04-20,,,,,0.0,1.0,
1998-04-21,,,,,0.0,1.0,
1998-04-22,,,,,0.0,1.0,
1998-04-23,,,,,0.0,1.0,
1998-04-24,,,,,0.0,1.0,
1998-04-27,,,,,0.0,1.0,
1998-04-28,,,,,0.0,1.0,
1998-04-29,,,,,0.0,1.0,
1998-04-30,,,,,0.0,1.0,
1998-05-01,,,,,0.0,1.0,
1998-05-04,,,,,0.0,1.0,
1998-05-05,,,,,0.0,1.0,
1998-05-06,,,,,0.0,1.0,
1998-05-07,,,,,0.0,1.0,
1998-05-08,,,,,0.0,1.0,
1998-05-11,,,,,0.0,1.0,
1998-05-12,,,,,0.0,1.0,
1998-05-13,,,,,0.0,1.0,
1998-05-14,,,,,0.0,1.0,
1998-05-15,,,,,0.0,1.0,
1998-05-18,,,,,0.0,1.0,
1998-05-19,,,,,0.0,1.0,
1998-05-20,,,,,0.0,1.0,
1998-05-21,,,,,0.0,1.0,
1998-05-22,,,,,0.0,1.0,
1998-05-25,,,,,0.0,1.0,
1998-05-26,,,,,0.0,1.0,
1998-05-27,,,,,0.0,1.0,
1998-05-28,,,,,0.0,1.0,
1998-05-29,,,,,0.0,1.0,
1998-06-01,,,,,0.0,1.0,
1998-06-02,,,,,0.0,1.0,
1998-06-03,,,,,0.0,1.0,
1998-06-04,,,,,0.0,1.0,
1998-06-05,,,,,0.0,1.0,
1998-06-08,,,,,0.0,1.0,
1998-06-09,,,,,0.0,1.0,
1998-06-10,,,,,0.0,1.0,
1998-06-11,,,,,0.0,1.0,
1998-06-12,,,,,0.0,1.0,
1998-06-15,,,,,0.0,1.0,
1998-06-16,,,,,0.0,1.0,
1998-06-17,,,,,0.0,1.0,
1998-06-18,,,,,0.0,1.0,
1998-06-19,,,,,0.0,1.0,
1998-06-22,,,,,0.0,1.0,
1998-06-23,,,,,0.0,1.0,
1998-06-24,,,,,0.0,1.0,
1998-06-25,,,,,0.0,1.0,
1998-06-26,,,,,0.0,1.0,
1998-06-29,,,,,0.0,1.0,
1998-06-30,,,,,0.0,1.0,
1998-07-01,,,,,0.0,1.0,
1998-07-02,,,,,0.0,1.0,
1998-07-03,,,,,0.0,1.0,
1998-07-06,,,,,0.0,1.0,
1998-07-07,,,,,0.0,1.0,
1998-07-08,,,,,0.0,1.0,
1998-07-09,,,,,0.0,1.0,
1998-07-10,,,,,0.0,1.0,
1998-07-13,,,,,0.0,1.0,
1998-07-14,,,,,0.0,1.0,
1998-07-15,,,,,0.0,1.0,
1998-07-16,,,,,0.0,1.0,
1998-07-17,,,,,0.0,1.0,
1998-07-20,,,,,0.0,1.0,
1998-07-21,,,,,0.0,1.0,
1998-07-22,,,,,0.0,1.0,
1998-07-23,,,,,0.0,1.0,
1998-07-24,,,,,0.0,1.0,
1998-07-27,,,,,0.0,1.0,
1998-07-28,,,,,0.0,1.0,
1998-07-29,,,,,0.0,1.0,
1998-07-30,,,,,0.0,1.0,
1998-07-31,,,,,0.0,1.0,
1998-08-03,,,,,0.0,1.0,
1998-08-04,,,,,0.0,1.0,
1998-08-05,,,,,0.0,1.0,
1998-08-06,,,,,0.0,1.0,
1998-08-07,,,,,0.0,1.0,
1998-08-10,,,,,0.0,1.0,
1998-08-11,,,,,0.0,1.0,
1998-08-12,,,,,0.0,1.0,
1998-08-13,,,,,0.0,1.0,
1998-08-14,,,,,0.0,1.0,
1998-08-17,,,,,0.0,1.0,
1998-08-18,,,,,0.0,1.0,
1998-08-19,,,,,0.0,1.0,
1998-08-20,,,,,0.0,1.0,
1998-08-21,,,,,0.0,1.0,
1998-08-24,,,,,0.0,1.0,
1998-08-25,,,,,0.0,1.0,
1998-08-26,,,,,0.0,1.0,
1998-08-27,,,,,0.0,1.0,
1998-08-28,,,,,0.0,1.0,
1998-08-31,,,,,0.0,1.0,
1998-09-01,,,,,0.0,1.0,
1998-09-02,,,,,0.0,1.0,
1998-09-03,,,,,0.0,1.0,
1998-09-04,,,,,0.0,1.0,
1998-09-07,,,,,0.0,1.0,
1998-09-08,,,,,0.0,1.0,
1998-09-09,,,,,0.0,1.0,
1998-09-10,,,,,0.0,1.0,
1998-09-11,,,,,0.0,1.0,
1998-09-14,,,,,0.0,1.0,
1998-09-15,,,,,0.0,1.0,
1998-09-16,,,,,0.0,1.0,
1998-09-17,,,,,0.0,1.0,
1998-09-18,,,,,0.0,1.0,
1998-09-21,,,,,0.0,1.0,
1998-09-22,,,,,0.0,1.0,
1998-09-23,,,,,0.0,1.0,
1998-09-24,,,,,0.0,1.0,
1998-09-25,,,,,0.0,1.0,
1998-09-28,,,,,0.0,1.0,
1998-09-29,,,,,0.0,1.0,
1998-09-30,,,,,0.0,1.0,
1998-10-01,,,,,0.0,1.0,
1998-10-02,,,,,0.0,1.0,
1998-10-05,,,,,0.0,1.0,
1998-10-06,,,,,0.0,1.0,
1998-10-07,,,,,0.0,1.0,
1998-10-08,,,,,0.0,1.0,
1998-10-09,,,,,0.0,1.0,
1998-10-12,,,,,0.0,1.0,
1998-10-13,,,,,0.0,1.0,
1998-10-14,,,,,0.0,1.0,
1998-10-15,,,,,0.0,1.0,
1998-10-16,,,,,0.0,1.0,
1998-10-19,,,,,0.0,1.0,
1998-10-20,,,,,0.0,1.0,
1998-10-21,,,,,0.0,1.0,
1998-10-22,,,,,0.0,1.0,
1998-10-23,,,,,0.0,1.0,
1998-10-26,,,,,0.0,1.0,
1998-10-27,,,,,0.0,1.0,
1998-10-28,,,,,0.0,1.0,
1998-10-29,,,,,0.0,1.0,
1998-10-30,,,,,0.0,1.0,
1998-11-02,,,,,0.0,1.0,
1998-11-03,,,,,0.0,1.0,
1998-11-04,,,,,0.0,1.0,
1998-11-05,,,,,0.0,1.0,
1998-11-06,,,,,0.0,1.0,
1998-11-09,,,,,0.0,1.0,
1998-11-10,,,,,0.0,1.0,
1998-11-11,,,,,0.0,1.0,
1998-11-12,,,,,0.0,1.0,
1998-11-13,,,,,0.0,1.0,
1998-11-16,,,,,0.0,1.0,
1998-11-17,,,,,0.0,1.0,
1998-11-18,,,,,0.0,1.0,
1998-11-19,,,,,0.0,1.0,
1998-11-20,,,,,0.0,1.0,
1998-11-23,,,,,0.0,1.0,
1998-11-24,,,,,0.0,1.0,
1998-11-25,,,,,0.0,1.0,
1998-11-26,,,,,0.0,1.0,
1998-11-27,,,,,0.0,1.0,
1998-11-30,,,,,0.0,1.0,
1998-12-01,,,,,0.0,1.0,
1998-12-02,,,,,0.0,1.0,
1998-12-03,,,,,0.0,1.0,
1998-12-04,,,,,0.0,1.0,
1998-12-07,,,,,0.0,1.0,
1998-12-08,,,,,0.0,1.0,
1998-12-09,,,,,0.0,1.0,
1998-12-10,,,,,0.0,1.0,
1998-12-11,,,,,0.0,1.0,
1998-12-14,,,,,0.0,1.0,
1998-12-15,,,,,0.0,1.0,
1998-12-16,,,,,0.0,1.0,
1998-12-17,,,,,0.0,1.0,
1998-12-18,,,,,0.0,1.0,
1998-12-21,,,,,0.0,1.0,
1998-12-22,,,,,0.0,1.0,
1998-12-23,,,,,0.0,1.0,
1998-12-24,,,,,0.0,1.0,
1998-12-25,,,,,0.0,1.0,
1998-12-28,,,,,0.0,1.0,
1998-12-29,,,,,0.0,1.0,
1998-12-30,,,,,0.0,1.0,
1998-12-31,,,,,0.0,1.0,
1999-01-01,,,,,0.0,1.0,
1999-01-04,,,,,0.0,1.0,
1999-01-05,,,,,0.0,1.0,
1999-01-06,,,,,0.0,1.0,
1999-01-07,,,,,0.0,1.0,
1999-01-08,,,,,0.0,1.0,
1999-01-11,,,,,0.0,1.0,
1999-01-12,,,,,0.0,1.0,
1999-01-13,,,,,0.0,1.0,
1999-01-14,,,,,0.0,1.0,
1999-01-15,,,,,0.0,1.0,
1999-01-18,,,,,0.0,1.0,
1999-01-19,,,,,0.0,1.0,
1999-01-20,,,,,0.0,1.0,
1999-01-21,,,,,0.0,1.0,
1999-01-22,,,,,0.0,1.0,
1999-01-25,,,,,0.0,1.0,
1999-01-26,,,,,0.0,1.0,
1999-01-27,,,,,0.0,1.0,
1999-01-28,,,,,0.0,1.0,
1999-01-29,,,,,0.0,1.0,
1999-02-01,,,,,0.0,1.0,
1999-02-02,,,,,0.0,1.0,
1999-02-03,,,,,0.0,1.0,
1999-02-04,,,,,0.0,1.0,
1999-02-05,,,,,0.0,1.0,
1999-02-08,,,,,0.0,1.0,
1999-02-09,,,,,0.0,1.0,
1999-02-10,,,,,0.0,1.0,
1999-02-11,,,,,0.0,1.0,
1999-02-12,,,,,0.0,1.0,
1999-02-15,,,,,0.0,1.0,
1999-02-16,,,,,0.0,1.0,
1999-02-17,,,,,0.0,1.0,
1999-02-18,,,,,0.0,1.0,
1999-02-19,,,,,0.0,1.0,
1999-02-22,,,,,0.0,1.0,
1999-02-23,,,,,0.0,1.0,
1999-02-24,,,,,0.0,1.0,
1999-02-25,,,,,0.0,1.0,
1999-02-26,,,,,0.0,1.0,
1999-03-01,,,,,0.0,1.0,
1999-03-02,,,,,0.0,1.0,
1999-03-03,,,,,0.0,1.0,
1999-03-04,,,,,0.0,1.0,
1999-03-05,,,,,0.0,1.0,
1999-03-08,,,,,0.0,1.0,
1999-03-09,,,,,0.0,1.0,
1999-03-10,,,,,0.0,1.0,
1999-03-11,,,,,0.0,1.0,
1999-03-12,,,,,0.0,1.0,
1999-03-15,,,,,0.0,1.0,
1999-03-16,,,,,0.0,1.0,
1999-03-17,,,,,0.0,1.0,
1999-03-18,,,,,0.0,1.0,
1999-03-19,,,,,0.0,1.0,
1999-03-22,,,,,0.0,1.0,
1999-03-23,,,,,0.0,1.0,
1999-03-24,,,,,0.0,1.0,
1999-03-25,,,,,0.0,1.0,
1999-03-26,,,,,0.0,1.0,
1999-03-29,,,,,0.0,1.0,
1999-03-30,,,,,0.0,1.0,
1999-03-31,,,,,0.0,1.0,
1999-04-01,,,,,0.0,1.0,
1999-04-02,,,,,0.0,1.0,
1999-04-05,,,,,0.0,1.0,
1999-04-06,,,,,0.0,1.0,
1999-04-07,,,,,0.0,1.0,
1999-04-08,,,,,0.0,1.0,
1999-04-09,,,,,0.0,1.0,
1999-04-12,,,,,0.0,1.0,
1999-04-13,,,,,0.0,1.0,
1999-04-14,,,,,0.0,1.0,
1999-04-15,,,,,0.0,1.0,
1999-04-16,,,,,0.0,1.0,
1999-04-19,,,,,0.0,1.0,
1999-04-20,,,,,0.0,1.0,
1999-04-21,,,,,0.0,1.0,
1999-04-22,,,,,0.0,1.0,
1999-04-23,,,,,0.0,1.0,
1999-04-26,,,,,0.0,1.0,
1999-04-27,,,,,0.0,1.0,
1999-04-28,,,,,0.0,1.0,
1999-04-29,,,,,0.0,1.0,
1999-04-30,,,,,0.0,1.0,
1999-05-03,,,,,0.0,1.0,
1999-05-04,,,,,0.0,1.0,
1999-05-05,,,,,0.0,1.0,
1999-05-06,,,,,0.0,1.0,
1999-05-07,,,,,0.0,1.0,
1999-05-10,,,,,0.0,1.0,
1999-05-11,,,,,0.0,1.0,
1999-05-12,,,,,0.0,1.0,
1999-05-13,,,,,0.0,1.0,
1999-05-14,,,,,0.0,1.0,
1999-05-17,,,,,0.0,1.0,
1999-05-18,,,,,0.0,1.0,
1999-05-19,,,,,0.0,1.0,
1999-05-20,,,,,0.0,1.0,
1999-05-21,,,,,0.0,1.0,
1999-05-24,,,,,0.0,1.0,
1999-05-25,,,,,0.0,1.0,
1999-05-26,,,,,0.0,1.0,
1999-05-27,,,,,0.0,1.0,
1999-05-28,,,,,0.0,1.0,
1999-05-31,,,,,0.0,1.0,
1999-06-01,,,,,0.0,1.0,
1999-06-02,,,,,0.0,1.0,
1999-06-03,,,,,0.0,1.0,
1999-06-04,,,,,0.0,1.0,
1999-06-07,,,,,0.0,1.0,
1999-06-08,,,,,0.0,1.0,
1999-06-09,,,,,0.0,1.0,
1999-06-10,,,,,0.0,1.0,
1999-06-11,,,,,0.0,1.0,
1999-06-14,,,,,0.0,1.0,
1999-06-15,,,,,0.0,1.0,
1999-06-16,,,,,0.0,1.0,
1999-06-17,,,,,0.0,1.0,
1999-06-18,,,,,0.0,1.0,
1999-06-21,,,,,0.0,1.0,
1999-06-22,,,,,0.0,1.0,
1999-06-23,,,,,0.0,1.0,
1999-06-24,,,,,0.0,1.0,
1999-06-25,,,,,0.0,1.0,
1999-06-28,,,,,0.0,1.0,
1999-06-29,,,,,0.0,1.0,
1999-06-30,,,,,0.0,1.0,
1999-07-01,,,,,0.0,1.0,
1999-07-02,,,,,0.0,1.0,
1999-07-05,,,,,0.0,1.0,
1999-07-06,,,,,0.0,1.0,
1999-07-07,,,,,0.0,1.0,
1999-07-08,,,,,0.0,1.0,
1999-07-09,,,,,0.0,1.0,
1999-07-12,,,,,0.0,1.0,
1999-07-13,,,,,0.0,1.0,
1999-07-14,,,,,0.0,1.0,
1999-07-15,,,,,0.0,1.0,
1999-07-16,,,,,0.0,1.0,
1999-07-19,,,,,0.0,1.0,
1999-07-20,,,,,0.0,1.0,
1999-07-21,,,,,0.0,1.0,
1999-07-22,,,,,0.0,1.0,
1999-07-23,,,,,0.0,1.0,
1999-07-26,,,,,0.0,1.0,
1999-07-27,,,,,0.0,1.0,
1999-07-28,,,,,0.0,1.0,
1999-07-29,,,,,0.0,1.0,
1999-07-30,,,,,0.0,1.0,
1999-08-02,,,,,0.0,1.0,
1999-08-03,,,,,0.0,1.0,
1999-08-04,,,,,0.0,1.0,
1999-08-05,,,,,0.0,1.0,
1999-08-06,,,,,0.0,1.0,
1999-08-09,,,,,0.0,1.0,
1999-08-10,,,,,0.0,1.0,
1999-08-11,,,,,0.0,1.0,
1999-08-12,,,,,0.0,1.0,
1999-08-13,,,,,0.0,1.0,
1999-08-16,,,,,0.0,1.0,
1999-08-17,,,,,0.0,1.0,
1999-08-18,,,,,0.0,1.0,
1999-08-19,,,,,0.0,1.0,
1999-08-20,,,,,0.0,1.0,
1999-08-23,,,,,0.0,1.0,
1999-08-24,,,,,0.0,1.0,
1999-08-25,,,,,0.0,1.0,
1999-08-26,,,,,0.0,1.0,
1999-08-27,,,,,0.0,1.0,
1999-08-30,,,,,0.0,1.0,
1999-08-31,,,,,0.0,1.0,
1999-09-01,,,,,0.0,1.0,
1999-09-02,,,,,0.0,1.0,
1999-09-03,,,,,0.0,1.0,
1999-09-06,,,,,0.0,1.0,
1999-09-07,,,,,0.0,1.0,
1999-09-08,,,,,0.0,1.0,
1999-09-09,,,,,0.0,1.0,
1999-09-10,,,,,0.0,1.0,
1999-09-13,,,,,0.0,1.0,
1999-09-14,,,,,0.0,1.0,
1999-09-15,,,,,0.0,1.0,
1999-09-16,,,,,0.0,1.0,
1999-09-17,,,,,0.0,1.0,
1999-09-20,,,,,0.0,1.0,
1999-09-21,,,,,0.0,1.0,
1999-09-22,,,,,0.0,1.0,
1999-09-23,,,,,0.0,1.0,
1999-09-24,,,,,0.0,1.0,
1999-09-27,,,,,0.0,1.0,
1999-09-28,,,,,0.0,1.0,
1999-09-29,,,,,0.0,1.0,
1999-09-30,,,,,0.0,1.0,
1999-10-01,,,,,0.0,1.0,
1999-10-04,,,,,0.0,1.0,
1999-10-05,,,,,0.0,1.0,
1999-10-06,,,,,0.0,1.0,
1999-10-07,,,,,0.0,1.0,
1999-10-08,,,,,0.0,1.0,
1999-10-11,,,,,0.0,1.0,
1999-10-12,,,,,0.0,1.0,
1999-10-13,,,,,0.0,1.0,
1999-10-14,,,,,0.0,1.0,
1999-10-15,,,,,0.0,1.0,
1999-10-18,,,,,0.0,1.0,
1999-10-19,,,,,0.0,1.0,
1999-10-20,,,,,0.0,1.0,
1999-10-21,,,,,0.0,1.0,
1999-10-22,,,,,0.0,1.0,
1999-10-25,,,,,0.0,1.0,
1999-10-26,,,,,0.0,1.0,
1999-10-27,,,,,0.0,1.0,
1999-10-28,,,,,0.0,1.0,
1999-10-29,,,,,0.0,1.0,
1999-11-01,,,,,0.0,1.0,
1999-11-02,,,,,0.0,1.0,
1999-11-03,,,,,0.0,1.0,
1999-11-04,,,,,0.0,1.0,
1999-11-05,,,,,0.0,1.0,
1999-11-08,,,,,0.0,1.0,
1999-11-09,,,,,0.0,1.0,
1999-11-10,,,,,0.0,1.0,
1999-11-11,,,,,0.0,1.0,
1999-11-12,,,,,0.0,1.0,
1999-11-15,,,,,0.0,1.0,
1999-11-16,,,,,0.0,1.0,
1999-11-17,,,,,0.0,1.0,
1999-11-18,,,,,0.0,1.0,
1999-11-19,,,,,0.0,1.0,
1999-11-22,,,,,0.0,1.0,
1999-11-23,,,,,0.0,1.0,
1999-11-24,,,,,0.0,1.0,
1999-11-25,,,,,0.0,1.0,
1999-11-26,,,,,0.0,1.0,
1999-11-29,,,,,0.0,1.0,
1999-11-30,,,,,0.0,1.0,
1999-12-01,,,,,0.0,1.0,
1999-12-02,,,,,0.0,1.0,
1999-12-03,,,,,0.0,1.0,
1999-12-06,,,,,0.0,1.0,
1999-12-07,,,,,0.0,1.0,
1999-12-08,,,,,0.0,1.0,
1999-12-09,,,,,0.0,1.0,
1999-12-10,,,,,0.0,1.0,
1999-12-13,,,,,0.0,1.0,
1999-12-14,,,,,0.0,1.0,
1999-12-15,,,,,0.0,1.0,
1999-12-16,,,,,0.0,1.0,
1999-12-17,,,,,0.0,1.0,
1999-12-20,,,,,0.0,1.0,
1999-12-21,,,,,0.0,1.0,
1999-12-22,,,,,0.0,1.0,
1999-12-23,,,,,0.0,1.0,
1999-12-24,,,,,0.0,1.0,
1999-12-27,,,,,0.0,1.0,
1999-12-28,,,,,0.0,1.0,
1999-12-29,,,,,0.0,1.0,
1999-12-30,,,,,0.0,1.0,
1999-12-31,,,,,0.0,1.0,
2000-01-03,,,,,0.0,1.0,
2000-01-04,,,,,0.0,1.0,
2000-01-05,,,,,0.0,1.0,
2000-01-06,,,,,0.0,1.0,
2000-01-07,,,,,0.0,1.0,
2000-01-10,,,,,0.0,1.0,
2000-01-11,,,,,0.0,1.0,
2000-01-12,,,,,0.0,1.0,
2000-01-13,,,,,0.0,1.0,
2000-01-14,,,,,0.0,1.0,
2000-01-17,,,,,0.0,1.0,
2000-01-18,,,,,0.0,1.0,
2000-01-19,,,,,0.0,1.0,
2000-01-20,,,,,0.0,1.0,
2000-01-21,,,,,0.0,1.0,
2000-01-24,,,,,0.0,1.0,
2000-01-25,,,,,0.0,1.0,
2000-01-26,,,,,0.0,1.0,
2000-01-27,,,,,0.0,1.0,
2000-01-28,,,,,0.0,1.0,
2000-01-31,,,,,0.0,1.0,
2000-02-01,,,,,0.0,1.0,
2000-02-02,,,,,0.0,1.0,
2000-02-03,,,,,0.0,1.0,
2000-02-04,,,,,0.0,1.0,
2000-02-07,,,,,0.0,1.0,
2000-02-08,,,,,0.0,1.0,
2000-02-09,,,,,0.0,1.0,
2000-02-10,,,,,0.0,1.0,
2000-02-11,,,,,0.0,1.0,
2000-02-14,,,,,0.0,1.0,
2000-02-15,,,,,0.0,1.0,
2000-02-16,,,,,0.0,1.0,
2000-02-17,,,,,0.0,1.0,
2000-02-18,,,,,0.0,1.0,
2000-02-21,,,,,0.0,1.0,
2000-02-22,,,,,0.0,1.0,
2000-02-23,,,,,0.0,1.0,
2000-02-24,,,,,0.0,1.0,
2000-02-25,,,,,0.0,1.0,
2000-02-28,,,,,0.0,1.0,
2000-02-29,,,,,0.0,1.0,
2000-03-01,,,,,0.0,1.0,
2000-03-02,,,,,0.0,1.0,
2000-03-03,,,,,0.0,1.0,
2000-03-06,,,,,0.0,1.0,
2000-03-07,,,,,0.0,1.0,
2000-03-08,,,,,0.0,1.0,
2000-03-09,,,,,0.0,1.0,
2000-03-10,,,,,0.0,1.0,
2000-03-13,,,,,0.0,1.0,
2000-03-14,,,,,0.0,1.0,
2000-03-15,,,,,0.0,1.0,
2000-03-16,,,,,0.0,1.0,
2000-03-17,,,,,0.0,1.0,
2000-03-20,,,,,0.0,1.0,
2000-03-21,,,,,0.0,1.0,
2000-03-22,,,,,0.0,1.0,
2000-03-23,,,,,0.0,1.0,
2000-03-24,,,,,0.0,1.0,
2000-03-27,,,,,0.0,1.0,
2000-03-28,,,,,0.0,1.0,
2000-03-29,,,,,0.0,1.0,
2000-03-30,,,,,0.0,1.0,
2000-03-31,,,,,0.0,1.0,
2000-04-03,,,,,0.0,1.0,
2000-04-04,,,,,0.0,1.0,
2000-04-05,,,,,0.0,1.0,
2000-04-06,,,,,0.0,1.0,
2000-04-07,,,,,0.0,1.0,
2000-04-10,,,,,0.0,1.0,
2000-04-11,,,,,0.0,1.0,
2000-04-12,,,,,0.0,1.0,
2000-04-13,,,,,0.0,1.0,
2000-04-14,,,,,0.0,1.0,
2000-04-17,,,,,0.0,1.0,
2000-04-18,,,,,0.0,1.0,
2000-04-19,,,,,0.0,1.0,
2000-04-20,,,,,0.0,1.0,
2000-04-21,,,,,0.0,1.0,
2000-04-24,,,,,0.0,1.0,
2000-04-25,,,,,0.0,1.0,
2000-04-26,,,,,0.0,1.0,
2000-04-27,,,,,0.0,1.0,
2000-04-28,,,,,0.0,1.0,
2000-05-01,,,,,0.0,1.0,
2000-05-02,,,,,0.0,1.0,
2000-05-03,,,,,0.0,1.0,
2000-05-04,,,,,0.0,1.0,
2000-05-05,,,,,0.0,1.0,
2000-05-08,,,,,0.0,1.0,
2000-05-09,,,,,0.0,1.0,
2000-05-10,,,,,0.0,1.0,
2000-05-11,,,,,0.0,1.0,
2000-05-12,,,,,0.0,1.0,
2000-05-15,,,,,0.0,1.0,
2000-05-16,,,,,0.0,1.0,
2000-05-17,,,,,0.0,1.0,
2000-05-18,,,,,0.0,1.0,
2000-05-19,,,,,0.0,1.0,
2000-05-22,,,,,0.0,1.0,
2000-05-23,,,,,0.0,1.0,
2000-05-24,,,,,0.0,1.0,
2000-05-25,,,,,0.0,1.0,
2000-05-26,,,,,0.0,1.0,
2000-05-29,,,,,0.0,1.0,
2000-05-30,,,,,0.0,1.0,
2000-05-31,,,,,0.0,1.0,
2000-06-01,,,,,0.0,1.0,
2000-06-02,,,,,0.0,1.0,
2000-06-05,,,,,0.0,1.0,
2000-06-06,,,,,0.0,1.0,
2000-06-07,,,,,0.0,1.0,
2000-06-08,,,,,0.0,1.0,
2000-06-09,,,,,0.0,1.0,
2000-06-12,,,,,0.0,1.0,
2000-06-13,,,,,0.0,1.0,
2000-06-14,,,,,0.0,1.0,
2000-06-15,,,,,0.0,1.0,
2000-06-16,,,,,0.0,1.0,
2000-06-19,,,,,0.0,1.0,
2000-06-20,,,,,0.0,1.0,
2000-06-21,,,,,0.0,1.0,
2000-06-22,,,,,0.0,1.0,
2000-06-23,,,,,0.0,1.0,
2000-06-26,,,,,0.0,1.0,
2000-06-27,,,,,0.0,1.0,
2000-06-28,,,,,0.0,1.0,
2000-06-29,,,,,0.0,1.0,
2000-06-30,,,,,0.0,1.0,
2000-07-03,,,,,0.0,1.0,
2000-07-04,,,,,0.0,1.0,
2000-07-05,,,,,0.0,1.0,
2000-07-06,,,,,0.0,1.0,
2000-07-07,,,,,0.0,1.0,
2000-07-10,,,,,0.0,1.0,
2000-07-11,,,,,0.0,1.0,
2000-07-12,,,,,0.0,1.0,
2000-07-13,,,,,0.0,1.0,
2000-07-14,,,,,0.0,1.0,
2000-07-17,,,,,0.0,1.0,
2000-07-18,,,,,0.0,1.0,
2000-07-19,,,,,0.0,1.0,
2000-07-20,,,,,0.0,1.0,
2000-07-21,,,,,0.0,1.0,
2000-07-24,,,,,0.0,1.0,
2000-07-25,,,,,0.0,1.0,
2000-07-26,,,,,0.0,1.0,
2000-07-27,,,,,0.0,1.0,
2000-07-28,,,,,0.0,1.0,
2000-07-31,,,,,0.0,1.0,
2000-08-01,,,,,0.0,1.0,
2000-08-02,,,,,0.0,1.0,
2000-08-03,,,,,0.0,1.0,
2000-08-04,,,,,0.0,1.0,
2000-08-07,,,,,0.0,1.0,
2000-08-08,,,,,0.0,1.0,
2000-08-09,,,,,0.0,1.0,
2000-08-10,,,,,0.0,1.0,
2000-08-11,,,,,0.0,1.0,
2000-08-14,,,,,0.0,1.0,
2000-08-15,,,,,0.0,1.0,
2000-08-16,,,,,0.0,1.0,
2000-08-17,,,,,0.0,1.0,
2000-08-18,,,,,0.0,1.0,
2000-08-21,,,,,0.0,1.0,
2000-08-22,,,,,0.0,1.0,
2000-08-23,,,,,0.0,1.0,
2000-08-24,,,,,0.0,1.0,
2000-08-25,,,,,0.0,1.0,
2000-08-28,,,,,0.0,1.0,
2000-08-29,,,,,0.0,1.0,
2000-08-30,,,,,0.0,1.0,
2000-08-31,,,,,0.0,1.0,
2000-09-01,,,,,0.0,1.0,
2000-09-04,,,,,0.0,1.0,
2000-09-05,,,,,0.0,1.0,
2000-09-06,,,,,0.0,1.0,
2000-09-07,,,,,0.0,1.0,
2000-09-08,,,,,0.0,1.0,
2000-09-11,,,,,0.0,1.0,
2000-09-12,,,,,0.0,1.0,
2000-09-13,,,,,0.0,1.0,
2000-09-14,,,,,0.0,1.0,
2000-09-15,,,,,0.0,1.0,
2000-09-18,,,,,0.0,1.0,
2000-09-19,,,,,0.0,1.0,
2000-09-20,,,,,0.0,1.0,
2000-09-21,,,,,0.0,1.0,
2000-09-22,,,,,0.0,1.0,
2000-09-25,,,,,0.0,1.0,
2000-09-26,,,,,0.0,1.0,
2000-09-27,,,,,0.0,1.0,
2000-09-28,,,,,0.0,1.0,
2000-09-29,,,,,0.0,1.0,
2000-10-02,,,,,0.0,1.0,
2000-10-03,,,,,0.0,1.0,
2000-10-04,,,,,0.0,1.0,
2000-10-05,,,,,0.0,1.0,
2000-10-06,,,,,0.0,1.0,
2000-10-09,,,,,0.0,1.0,
2000-10-10,,,,,0.0,1.0,
2000-10-11,,,,,0.0,1.0,
2000-10-12,,,,,0.0,1.0,
2000-10-13,,,,,0.0,1.0,
2000-10-16,,,,,0.0,1.0,
2000-10-17,,,,,0.0,1.0,
2000-10-18,,,,,0.0,1.0,
2000-10-19,,,,,0.0,1.0,
2000-10-20,,,,,0.0,1.0,
2000-10-23,,,,,0.0,1.0,
2000-10-24,,,,,0.0,1.0,
2000-10-25,,,,,0.0,1.0,
2000-10-26,,,,,0.0,1.0,
2000-10-27,,,,,0.0,1.0,
2000-10-30,,,,,0.0,1.0,
2000-10-31,,,,,0.0,1.0,
2000-11-01,,,,,0.0,1.0,
2000-11-02,,,,,0.0,1.0,
2000-11-03,,,,,0.0,1.0,
2000-11-06,,,,,0.0,1.0,
2000-11-07,,,,,0.0,1.0,
2000-11-08,,,,,0.0,1.0,
2000-11-09,,,,,0.0,1.0,
2000-11-10,,,,,0.0,1.0,
2000-11-13,,,,,0.0,1.0,
2000-11-14,,,,,0.0,1.0,
2000-11-15,,,,,0.0,1.0,
2000-11-16,,,,,0.0,1.0,
2000-11-17,,,,,0.0,1.0,
2000-11-20,,,,,0.0,1.0,
2000-11-21,,,,,0.0,1.0,
2000-11-22,,,,,0.0,1.0,
2000-11-23,,,,,0.0,1.0,
2000-11-24,,,,,0.0,1.0,
2000-11-27,,,,,0.0,1.0,
2000-11-28,,,,,0.0,1.0,
2000-11-29,,,,,0.0,1.0,
2000-11-30,,,,,0.0,1.0,
2000-12-01,,,,,0.0,1.0,
2000-12-04,,,,,0.0,1.0,
2000-12-05,,,,,0.0,1.0,
2000-12-06,,,,,0.0,1.0,
2000-12-07,,,,,0.0,1.0,
2000-12-08,,,,,0.0,1.0,
2000-12-11,,,,,0.0,1.0,
2000-12-12,,,,,0.0,1.0,
2000-12-13,,,,,0.0,1.0,
2000-12-14,,,,,0.0,1.0,
2000-12-15,,,,,0.0,1.0,
2000-12-18,,,,,0.0,1.0,
2000-12-19,,,,,0.0,1.0,
2000-12-20,,,,,0.0,1.0,
2000-12-21,,,,,0.0,1.0,
2000-12-22,,,,,0.0,1.0,
2000-12-25,,,,,0.0,1.0,
2000-12-26,,,,,0.0,1.0,
2000-12-27,,,,,0.0,1.0,
2000-12-28,,,,,0.0,1.0,
2000-12-29,,,,,0.0,1.0,
2001-01-01,,,,,0.0,1.0,
2001-01-02,,,,,0.0,1.0,
2001-01-03,,,,,0.0,1.0,
2001-01-04,,,,,0.0,1.0,
2001-01-05,,,,,0.0,1.0,
2001-01-08,,,,,0.0,1.0,
2001-01-09,,,,,0.0,1.0,
2001-01-10,,,,,0.0,1.0,
2001-01-11,,,,,0.0,1.0,
2001-01-12,,,,,0.0,1.0,
2001-01-15,,,,,0.0,1.0,
2001-01-16,,,,,0.0,1.0,
2001-01-17,,,,,0.0,1.0,
2001-01-18,,,,,0.0,1.0,
2001-01-19,,,,,0.0,1.0,
2001-01-22,,,,,0.0,1.0,
2001-01-23,,,,,0.0,1.0,
2001-01-24,,,,,0.0,1.0,
2001-01-25,,,,,0.0,1.0,
2001-01-26,,,,,0.0,1.0,
2001-01-29,,,,,0.0,1.0,
2001-01-30,,,,,0.0,1.0,
2001-01-31,,,,,0.0,1.0,
2001-02-01,,,,,0.0,1.0,
2001-02-02,,,,,0.0,1.0,
2001-02-05,,,,,0.0,1.0,
2001-02-06,,,,,0.0,1.0,
2001-02-07,,,,,0.0,1.0,
2001-02-08,,,,,0.0,1.0,
2001-02-09,,,,,0.0,1.0,
2001-02-12,,,,,0.0,1.0,
2001-02-13,,,,,0.0,1.0,
2001-02-14,,,,,0.0,1.0,
2001-02-15,,,,,0.0,1.0,
2001-02-16,,,,,0.0,1.0,
2001-02-19,,,,,0.0,1.0,
2001-02-20,,,,,0.0,1.0,
2001-02-21,,,,,0.0,1.0,
2001-02-22,,,,,0.0,1.0,
2001-02-23,,,,,0.0,1.0,
2001-02-26,,,,,0.0,1.0,
2001-02-27,,,,,0.0,1.0,
2001-02-28,,,,,0.0,1.0,
2001-03-01,,,,,0.0,1.0,
2001-03-02,,,,,0.0,1.0,
2001-03-05,,,,,0.0,1.0,
2001-03-06,,,,,0.0,1.0,
2001-03-07,,,,,0.0,1.0,
2001-03-08,,,,,0.0,1.0,
2001-03-09,,,,,0.0,1.0,
2001-03-12,,,,,0.0,1.0,
2001-03-13,,,,,0.0,1.0,
2001-03-14,,,,,0.0,1.0,
2001-03-15,,,,,0.0,1.0,
2001-03-16,,,,,0.0,1.0,
2001-03-19,,,,,0.0,1.0,
2001-03-20,,,,,0.0,1.0,
2001-03-21,,,,,0.0,1.0,
2001-03-22,,,,,0.0,1.0,
2001-03-23,,,,,0.0,1.0,
2001-03-26,,,,,0.0,1.0,
2001-03-27,,,,,0.0,1.0,
2001-03-28,,,,,0.0,1.0,
2001-03-29,,,,,0.0,1.0,
2001-03-30,,,,,0.0,1.0,
2001-04-02,,,,,0.0,1.0,
2001-04-03,,,,,0.0,1.0,
2001-04-04,,,,,0.0,1.0,
2001-04-05,,,,,0.0,1.0,
2001-04-06,,,,,0.0,1.0,
2001-04-09,,,,,0.0,1.0,
2001-04-10,,,,,0.0,1.0,
2001-04-11,,,,,0.0,1.0,
2001-04-12,,,,,0.0,1.0,
2001-04-13,,,,,0.0,1.0,
2001-04-16,,,,,0.0,1.0,
2001-04-17,,,,,0.0,1.0,
2001-04-18,,,,,0.0,1.0,
2001-04-19,,,,,0.0,1.0,
2001-04-20,,,,,0.0,1.0,
2001-04-23,,,,,0.0,1.0,
2001-04-24,,,,,0.0,1.0,
2001-04-25,,,,,0.0,1.0,
2001-04-26,,,,,0.0,1.0,
2001-04-27,,,,,0.0,1.0,
2001-04-30,,,,,0.0,1.0,
2001-05-01,,,,,0.0,1.0,
2001-05-02,,,,,0.0,1.0,
2001-05-03,,,,,0.0,1.0,
2001-05-04,,,,,0.0,1.0,
2001-05-07,,,,,0.0,1.0,
2001-05-08,,,,,0.0,1.0,
2001-05-09,,,,,0.0,1.0,
2001-05-10,,,,,0.0,1.0,
2001-05-11,,,,,0.0,1.0,
2001-05-14,,,,,0.0,1.0,
2001-05-15,,,,,0.0,1.0,
2001-05-16,,,,,0.0,1.0,
2001-05-17,,,,,0.0,1.0,
2001-05-18,,,,,0.0,1.0,
2001-05-21,,,,,0.0,1.0,
2001-05-22,,,,,0.0,1.0,
2001-05-23,,,,,0.0,1.0,
2001-05-24,,,,,0.0,1.0,
2001-05-25,,,,,0.0,1.0,
2001-05-28,,,,,0.0,1.0,
2001-05-29,,,,,0.0,1.0,
2001-05-30,,,,,0.0,1.0,
2001-05-31,,,,,0.0,1.0,
2001-06-01,,,,,0.0,1.0,
2001-06-04,,,,,0.0,1.0,
2001-06-05,,,,,0.0,1.0,
2001-06-06,,,,,0.0,1.0,
2001-06-07,,,,,0.0,1.0,
2001-06-08,,,,,0.0,1.0,
2001-06-11,,,,,0.0,1.0,
2001-06-12,,,,,0.0,1.0,
2001-06-13,,,,,0.0,1.0,
2001-06-14,,,,,0.0,1.0,
2001-06-15,,,,,0.0,1.0,
2001-06-18,,,,,0.0,1.0,
2001-06-19,,,,,0.0,1.0,
2001-06-20,,,,,0.0,1.0,
2001-06-21,,,,,0.0,1.0,
2001-06-22,,,,,0.0,1.0,
2001-06-25,,,,,0.0,1.0,
2001-06-26,,,,,0.0,1.0,
2001-06-27,,,,,0.0,1.0,
2001-06-28,,,,,0.0,1.0,
2001-06-29,,,,,0.0,1.0,
2001-07-02,,,,,0.0,1.0,
2001-07-03,,,,,0.0,1.0,
2001-07-04,,,,,0.0,1.0,
2001-07-05,,,,,0.0,1.0,
2001-07-06,,,,,0.0,1.0,
2001-07-09,,,,,0.0,1.0,
2001-07-10,,,,,0.0,1.0,
2001-07-11,,,,,0.0,1.0,
2001-07-12,,,,,0.0,1.0,
2001-07-13,,,,,0.0,1.0,
2001-07-16,,,,,0.0,1.0,
2001-07-17,,,,,0.0,1.0,
2001-07-18,,,,,0.0,1.0,
2001-07-19,,,,,0.0,1.0,
2001-07-20,,,,,0.0,1.0,
2001-07-23,,,,,0.0,1.0,
2001-07-24,,,,,0.0,1.0,
2001-07-25,,,,,0.0,1.0,
2001-07-26,,,,,0.0,1.0,
2001-07-27,,,,,0.0,1.0,
2001-07-30,,,,,0.0,1.0,
2001-07-31,,,,,0.0,1.0,
2001-08-01,,,,,0.0,1.0,
2001-08-02,,,,,0.0,1.0,
2001-08-03,,,,,0.0,1.0,
2001-08-06,,,,,0.0,1.0,
2001-08-07,,,,,0.0,1.0,
2001-08-08,,,,,0.0,1.0,
2001-08-09,,,,,0.0,1.0,
2001-08-10,,,,,0.0,1.0,
2001-08-13,,,,,0.0,1.0,
2001-08-14,,,,,0.0,1.0,
2001-08-15,,,,,0.0,1.0,
2001-08-16,,,,,0.0,1.0,
2001-08-17,,,,,0.0,1.0,
2001-08-20,,,,,0.0,1.0,
2001-08-21,,,,,0.0,1.0,
2001-08-22,,,,,0.0,1.0,
2001-08-23,,,,,0.0,1.0,
2001-08-24,,,,,0.0,1.0,
2001-08-27,,,,,0.0,1.0,
2001-08-28,,,,,0.0,1.0,
2001-08-29,,,,,0.0,1.0,
2001-08-30,,,,,0.0,1.0,
2001-08-31,,,,,0.0,1.0,
2001-09-03,,,,,0.0,1.0,
2001-09-04,,,,,0.0,1.0,
2001-09-05,,,,,0.0,1.0,
2001-09-06,,,,,0.0,1.0,
2001-09-07,,,,,0.0,1.0,
2001-09-10,,,,,0.0,1.0,
2001-09-11,,,,,0.0,1.0,
2001-09-12,,,,,0.0,1.0,
2001-09-13,,,,,0.0,1.0,
2001-09-14,,,,,0.0,1.0,
2001-09-17,,,,,0.0,1.0,
2001-09-18,,,,,0.0,1.0,
2001-09-19,,,,,0.0,1.0,
2001-09-20,,,,,0.0,1.0,
2001-09-21,,,,,0.0,1.0,
2001-09-24,,,,,0.0,1.0,
2001-09-25,,,,,0.0,1.0,
2001-09-26,,,,,0.0,1.0,
2001-09-27,,,,,0.0,1.0,
2001-09-28,,,,,0.0,1.0,
2001-10-01,,,,,0.0,1.0,
2001-10-02,,,,,0.0,1.0,
2001-10-03,,,,,0.0,1.0,
2001-10-04,,,,,0.0,1.0,
2001-10-05,,,,,0.0,1.0,
2001-10-08,,,,,0.0,1.0,
2001-10-09,,,,,0.0,1.0,
2001-10-10,,,,,0.0,1.0,
2001-10-11,,,,,0.0,1.0,
2001-10-12,,,,,0.0,1.0,
2001-10-15,,,,,0.0,1.0,
2001-10-16,,,,,0.0,1.0,
2001-10-17,,,,,0.0,1.0,
2001-10-18,,,,,0.0,1.0,
2001-10-19,,,,,0.0,1.0,
2001-10-22,,,,,0.0,1.0,
2001-10-23,,,,,0.0,1.0,
2001-10-24,,,,,0.0,1.0,
2001-10-25,,,,,0.0,1.0,
2001-10-26,,,,,0.0,1.0,
2001-10-29,,,,,0.0,1.0,
2001-10-30,,,,,0.0,1.0,
2001-10-31,,,,,0.0,1.0,
2001-11-01,,,,,0.0,1.0,
2001-11-02,,,,,0.0,1.0,
2001-11-05,,,,,0.0,1.0,
2001-11-06,,,,,0.0,1.0,
2001-11-07,,,,,0.0,1.0,
2001-11-08,,,,,0.0,1.0,
2001-11-09,,,,,0.0,1.0,
2001-11-12,,,,,0.0,1.0,
2001-11-13,,,,,0.0,1.0,
2001-11-14,,,,,0.0,1.0,
2001-11-15,,,,,0.0,1.0,
2001-11-16,,,,,0.0,1.0,
2001-11-19,,,,,0.0,1.0,
2001-11-20,,,,,0.0,1.0,
2001-11-21,,,,,0.0,1.0,
2001-11-22,,,,,0.0,1.0,
2001-11-23,,,,,0.0,1.0,
2001-11-26,,,,,0.0,1.0,
2001-11-27,,,,,0.0,1.0,
2001-11-28,,,,,0.0,1.0,
2001-11-29,,,,,0.0,1.0,
2001-11-30,,,,,0.0,1.0,
2001-12-01,,,,,0.0,1.0,
2001-12-03,,,,,0.0,1.0,
2001-12-04,,,,,0.0,1.0,
2001-12-05,,,,,0.0,1.0,
2001-12-06,,,,,0.0,1.0,
2001-12-07,,,,,0.0,1.0,
2001-12-10,,,,,0.0,1.0,
2001-12-11,,,,,0.0,1.0,
2001-12-12,,,,,0.0,1.0,
2001-12-13,,,,,0.0,1.0,
2001-12-14,,,,,0.0,1.0,
2001-12-17,,,,,0.0,1.0,
2001-12-18,,,,,0.0,1.0,
2001-12-19,,,,,0.0,1.0,
2001-12-20,,,,,0.0,1.0,
2001-12-21,,,,,0.0,1.0,
2001-12-24,,,,,0.0,1.0,
2001-12-25,,,,,0.0,1.0,
2001-12-26,,,,,0.0,1.0,
2001-12-27,,,,,0.0,1.0,
2001-12-28,,,,,0.0,1.0,
2001-12-31,,,,,0.0,1.0,
2002-01-01,,,,,0.0,1.0,
2002-01-02,,,,,0.0,1.0,
2002-01-03,,,,,0.0,1.0,
2002-01-04,,,,,0.0,1.0,
2002-01-07,,,,,0.0,1.0,
2002-01-08,,,,,0.0,1.0,
2002-01-09,,,,,0.0,1.0,
2002-01-10,,,,,0.0,1.0,
2002-01-11,,,,,0.0,1.0,
2002-01-14,,,,,0.0,1.0,
2002-01-15,,,,,0.0,1.0,
2002-01-16,,,,,0.0,1.0,
2002-01-17,,,,,0.0,1.0,
2002-01-18,,,,,0.0,1.0,
2002-01-21,,,,,0.0,1.0,
2002-01-22,,,,,0.0,1.0,
2002-01-23,,,,,0.0,1.0,
2002-01-24,,,,,0.0,1.0,
2002-01-25,,,,,0.0,1.0,
2002-01-28,,,,,0.0,1.0,
2002-01-29,,,,,0.0,1.0,
2002-01-30,,,,,0.0,1.0,
2002-01-31,,,,,0.0,1.0,
2002-02-01,,,,,0.0,1.0,
2002-02-04,,,,,0.0,1.0,
2002-02-05,,,,,0.0,1.0,
2002-02-06,,,,,0.0,1.0,
2002-02-07,,,,,0.0,1.0,
2002-02-08,,,,,0.0,1.0,
2002-02-11,,,,,0.0,1.0,
2002-02-12,,,,,0.0,1.0,
2002-02-13,,,,,0.0,1.0,
2002-02-14,,,,,0.0,1.0,
2002-02-15,,,,,0.0,1.0,
2002-02-18,,,,,0.0,1.0,
2002-02-19,,,,,0.0,1.0,
2002-02-20,,,,,0.0,1.0,
2002-02-21,,,,,0.0,1.0,
2002-02-22,,,,,0.0,1.0,
2002-02-25,,,,,0.0,1.0,
2002-02-26,,,,,0.0,1.0,
2002-02-27,,,,,0.0,1.0,
2002-02-28,,,,,0.0,1.0,
2002-03-01,,,,,0.0,1.0,
2002-03-04,,,,,0.0,1.0,
2002-03-05,,,,,0.0,1.0,
2002-03-06,,,,,0.0,1.0,
2002-03-07,,,,,0.0,1.0,
2002-03-08,,,,,0.0,1.0,
2002-03-11,,,,,0.0,1.0,
2002-03-12,,,,,0.0,1.0,
2002-03-13,,,,,0.0,1.0,
2002-03-14,,,,,0.0,1.0,
2002-03-15,,,,,0.0,1.0,
2002-03-18,,,,,0.0,1.0,
2002-03-19,,,,,0.0,1.0,
2002-03-20,,,,,0.0,1.0,
2002-03-21,,,,,0.0,1.0,
2002-03-22,,,,,0.0,1.0,
2002-03-25,,,,,0.0,1.0,
2002-03-26,,,,,0.0,1.0,
2002-03-27,,,,,0.0,1.0,
2002-03-28,,,,,0.0,1.0,
2002-03-29,,,,,0.0,1.0,
2002-04-01,,,,,0.0,1.0,
2002-04-02,,,,,0.0,1.0,
2002-04-03,,,,,0.0,1.0,
2002-04-04,,,,,0.0,1.0,
2002-04-05,,,,,0.0,1.0,
2002-04-08,,,,,0.0,1.0,
2002-04-09,,,,,0.0,1.0,
2002-04-10,,,,,0.0,1.0,
2002-04-11,,,,,0.0,1.0,
2002-04-12,,,,,0.0,1.0,
2002-04-15,,,,,0.0,1.0,
2002-04-16,,,,,0.0,1.0,
2002-04-17,,,,,0.0,1.0,
2002-04-18,,,,,0.0,1.0,
2002-04-19,,,,,0.0,1.0,
2002-04-22,,,,,0.0,1.0,
2002-04-23,,,,,0.0,1.0,
2002-04-24,,,,,0.0,1.0,
2002-04-25,,,,,0.0,1.0,
2002-04-26,,,,,0.0,1.0,
2002-04-29,,,,,0.0,1.0,
2002-04-30,,,,,0.0,1.0,
2002-05-01,,,,,0.0,1.0,
2002-05-02,,,,,0.0,1.0,
2002-05-03,,,,,0.0,1.0,
2002-05-06,,,,,0.0,1.0,
2002-05-07,,,,,0.0,1.0,
2002-05-08,,,,,0.0,1.0,
2002-05-09,,,,,0.0,1.0,
2002-05-10,,,,,0.0,1.0,
2002-05-13,,,,,0.0,1.0,
2002-05-14,,,,,0.0,1.0,
2002-05-15,,,,,0.0,1.0,
2002-05-16,,,,,0.0,1.0,
2002-05-17,,,,,0.0,1.0,
2002-05-20,,,,,0.0,1.0,
2002-05-21,,,,,0.0,1.0,
2002-05-22,,,,,0.0,1.0,
2002-05-23,,,,,0.0,1.0,
2002-05-24,,,,,0.0,1.0,
2002-05-27,,,,,0.0,1.0,
2002-05-28,,,,,0.0,1.0,
2002-05-29,,,,,0.0,1.0,
2002-05-30,,,,,0.0,1.0,
2002-05-31,,,,,0.0,1.0,
2002-06-03,,,,,0.0,1.0,
2002-06-04,,,,,0.0,1.0,
2002-06-05,,,,,0.0,1.0,
2002-06-06,,,,,0.0,1.0,
2002-06-07,,,,,0.0,1.0,
2002-06-10,,,,,0.0,1.0,
2002-06-11,,,,,0.0,1.0,
2002-06-12,,,,,0.0,1.0,
2002-06-13,,,,,0.0,1.0,
2002-06-14,,,,,0.0,1.0,
2002-06-17,,,,,0.0,1.0,
2002-06-18,,,,,0.0,1.0,
2002-06-19,,,,,0.0,1.0,
2002-06-20,,,,,0.0,1.0,
2002-06-21,,,,,0.0,1.0,
2002-06-24,,,,,0.0,1.0,
2002-06-25,,,,,0.0,1.0,
2002-06-26,,,,,0.0,1.0,
2002-06-27,,,,,0.0,1.0,
2002-06-28,,,,,0.0,1.0,
2002-07-01,,,,,0.0,1.0,
2002-07-02,,,,,0.0,1.0,
2002-07-03,,,,,0.0,1.0,
2002-07-04,,,,,0.0,1.0,
2002-07-05,,,,,0.0,1.0,
2002-07-08,,,,,0.0,1.0,
2002-07-09,,,,,0.0,1.0,
2002-07-10,,,,,0.0,1.0,
2002-07-11,,,,,0.0,1.0,
2002-07-12,,,,,0.0,1.0,
2002-07-15,,,,,0.0,1.0,
2002-07-16,,,,,0.0,1.0,
2002-07-17,,,,,0.0,1.0,
2002-07-18,,,,,0.0,1.0,
2002-07-19,,,,,0.0,1.0,
2002-07-22,,,,,0.0,1.0,
2002-07-23,,,,,0.0,1.0,
2002-07-24,,,,,0.0,1.0,
2002-07-25,,,,,0.0,1.0,
2002-07-26,,,,,0.0,1.0,
2002-07-29,,,,,0.0,1.0,
2002-07-30,,,,,0.0,1.0,
2002-07-31,,,,,0.0,1.0,
2002-08-01,,,,,0.0,1.0,
2002-08-02,,,,,0.0,1.0,
2002-08-05,,,,,0.0,1.0,
2002-08-06,,,,,0.0,1.0,
2002-08-07,,,,,0.0,1.0,
2002-08-08,,,,,0.0,1.0,
2002-08-09,,,,,0.0,1.0,
2002-08-12,,,,,0.0,1.0,
2002-08-13,,,,,0.0,1.0,
2002-08-14,,,,,0.0,1.0,
2002-08-15,,,,,0.0,1.0,
2002-08-16,,,,,0.0,1.0,
2002-08-19,,,,,0.0,1.0,
2002-08-20,,,,,0.0,1.0,
2002-08-21,,,,,0.0,1.0,
2002-08-22,,,,,0.0,1.0,
2002-08-23,,,,,0.0,1.0,
2002-08-26,,,,,0.0,1.0,
2002-08-27,,,,,0.0,1.0,
2002-08-28,,,,,0.0,1.0,
2002-08-29,,,,,0.0,1.0,
2002-08-30,,,,,0.0,1.0,
2002-09-02,,,,,0.0,1.0,
2002-09-03,,,,,0.0,1.0,
2002-09-04,,,,,0.0,1.0,
2002-09-05,,,,,0.0,1.0,
2002-09-06,,,,,0.0,1.0,
2002-09-09,,,,,0.0,1.0,
2002-09-10,,,,,0.0,1.0,
2002-09-11,,,,,0.0,1.0,
2002-09-12,,,,,0.0,1.0,
2002-09-13,,,,,0.0,1.0,
2002-09-16,,,,,0.0,1.0,
2002-09-17,,,,,0.0,1.0,
2002-09-18,,,,,0.0,1.0,
2002-09-19,,,,,0.0,1.0,
2002-09-20,,,,,0.0,1.0,
2002-09-23,,,,,0.0,1.0,
2002-09-24,,,,,0.0,1.0,
2002-09-25,,,,,0.0,1.0,
2002-09-26,,,,,0.0,1.0,
2002-09-27,,,,,0.0,1.0,
2002-09-30,,,,,0.0,1.0,
2002-10-01,,,,,0.0,1.0,
2002-10-02,,,,,0.0,1.0,
2002-10-03,,,,,0.0,1.0,
2002-10-04,,,,,0.0,1.0,
2002-10-07,,,,,0.0,1.0,
2002-10-08,,,,,0.0,1.0,
2002-10-09,,,,,0.0,1.0,
2002-10-10,,,,,0.0,1.0,
2002-10-11,,,,,0.0,1.0,
2002-10-14,,,,,0.0,1.0,
2002-10-15,,,,,0.0,1.0,
2002-10-16,,,,,0.0,1.0,
2002-10-17,,,,,0.0,1.0,
2002-10-18,,,,,0.0,1.0,
2002-10-21,,,,,0.0,1.0,
2002-10-22,,,,,0.0,1.0,
2002-10-23,,,,,0.0,1.0,
2002-10-24,,,,,0.0,1.0,
2002-10-25,,,,,0.0,1.0,
2002-10-28,,,,,0.0,1.0,
2002-10-29,,,,,0.0,1.0,
2002-10-30,,,,,0.0,1.0,
2002-10-31,,,,,0.0,1.0,
2002-11-01,,,,,0.0,1.0,
2002-11-04,,,,,0.0,1.0,
2002-11-05,,,,,0.0,1.0,
2002-11-06,,,,,0.0,1.0,
2002-11-07,,,,,0.0,1.0,
2002-11-08,,,,,0.0,1.0,
2002-11-11,,,,,0.0,1.0,
2002-11-12,,,,,0.0,1.0,
2002-11-13,,,,,0.0,1.0,
2002-11-14,,,,,0.0,1.0,
2002-11-15,,,,,0.0,1.0,
2002-11-18,,,,,0.0,1.0,
2002-11-19,,,,,0.0,1.0,
2002-11-20,,,,,0.0,1.0,
2002-11-21,,,,,0.0,1.0,
2002-11-22,,,,,0.0,1.0,
2002-11-25,,,,,0.0,1.0,
2002-11-26,,,,,0.0,1.0,
2002-11-27,,,,,0.0,1.0,
2002-11-28,,,,,0.0,1.0,
2002-11-29,,,,,0.0,1.0,
2002-12-02,,,,,0.0,1.0,
2002-12-03,,,,,0.0,1.0,
2002-12-04,,,,,0.0,1.0,
2002-12-05,,,,,0.0,1.0,
2002-12-06,,,,,0.0,1.0,
2002-12-09,,,,,0.0,1.0,
2002-12-10,,,,,0.0,1.0,
2002-12-11,,,,,0.0,1.0,
2002-12-12,,,,,0.0,1.0,
2002-12-13,,,,,0.0,1.0,
2002-12-16,,,,,0.0,1.0,
2002-12-17,,,,,0.0,1.0,
2002-12-18,,,,,0.0,1.0,
2002-12-19,,,,,0.0,1.0,
2002-12-20,,,,,0.0,1.0,
2002-12-23,,,,,0.0,1.0,
2002-12-24,,,,,0.0,1.0,
2002-12-25,,,,,0.0,1.0,
2002-12-26,,,,,0.0,1.0,
2002-12-27,,,,,0.0,1.0,
2002-12-30,,,,,0.0,1.0,
2002-12-31,,,,,0.0,1.0,
2003-01-01,,,,,0.0,1.0,
2003-01-02,,,,,0.0,1.0,
2003-01-03,,,,,0.0,1.0,
2003-01-06,,,,,0.0,1.0,
2003-01-07,,,,,0.0,1.0,
2003-01-08,,,,,0.0,1.0,
2003-01-09,,,,,0.0,1.0,
2003-01-10,,,,,0.0,1.0,
2003-01-13,,,,,0.0,1.0,
2003-01-14,,,,,0.0,1.0,
2003-01-15,,,,,0.0,1.0,
2003-01-16,,,,,0.0,1.0,
2003-01-17,,,,,0.0,1.0,
2003-01-20,,,,,0.0,1.0,
2003-01-21,,,,,0.0,1.0,
2003-01-22,,,,,0.0,1.0,
2003-01-23,,,,,0.0,1.0,
2003-01-24,,,,,0.0,1.0,
2003-01-27,,,,,0.0,1.0,
2003-01-28,,,,,0.0,1.0,
2003-01-29,,,,,0.0,1.0,
2003-01-30,,,,,0.0,1.0,
2003-01-31,,,,,0.0,1.0,
2003-02-03,,,,,0.0,1.0,
2003-02-04,,,,,0.0,1.0,
2003-02-05,,,,,0.0,1.0,
2003-02-06,,,,,0.0,1.0,
2003-02-07,,,,,0.0,1.0,
2003-02-10,,,,,0.0,1.0,
2003-02-11,,,,,0.0,1.0,
2003-02-12,,,,,0.0,1.0,
2003-02-13,,,,,0.0,1.0,
2003-02-14,,,,,0.0,1.0,
2003-02-17,,,,,0.0,1.0,
2003-02-18,,,,,0.0,1.0,
2003-02-19,,,,,0.0,1.0,
2003-02-20,,,,,0.0,1.0,
2003-02-21,,,,,0.0,1.0,
2003-02-24,,,,,0.0,1.0,
2003-02-25,,,,,0.0,1.0,
2003-02-26,,,,,0.0,1.0,
2003-02-27,,,,,0.0,1.0,
2003-02-28,,,,,0.0,1.0,
2003-03-03,,,,,0.0,1.0,
2003-03-04,,,,,0.0,1.0,
2003-03-05,,,,,0.0,1.0,
2003-03-06,,,,,0.0,1.0,
2003-03-07,,,,,0.0,1.0,
2003-03-10,,,,,0.0,1.0,
2003-03-11,,,,,0.0,1.0,
2003-03-12,,,,,0.0,1.0,
2003-03-13,,,,,0.0,1.0,
2003-03-14,,,,,0.0,1.0,
2003-03-17,,,,,0.0,1.0,
2003-03-18,,,,,0.0,1.0,
2003-03-19,,,,,0.0,1.0,
2003-03-20,,,,,0.0,1.0,
2003-03-21,,,,,0.0,1.0,
2003-03-24,,,,,0.0,1.0,
2003-03-25,,,,,0.0,1.0,
2003-03-26,,,,,0.0,1.0,
2003-03-27,,,,,0.0,1.0,
2003-03-28,,,,,0.0,1.0,
2003-03-31,,,,,0.0,1.0,
2003-04-01,,,,,0.0,1.0,
2003-04-02,,,,,0.0,1.0,
2003-04-03,,,,,0.0,1.0,
2003-04-04,,,,,0.0,1.0,
2003-04-07,,,,,0.0,1.0,
2003-04-08,,,,,0.0,1.0,
2003-04-09,,,,,0.0,1.0,
2003-04-10,,,,,0.0,1.0,
2003-04-11,,,,,0.0,1.0,
2003-04-14,,,,,0.0,1.0,
2003-04-15,,,,,0.0,1.0,
2003-04-16,,,,,0.0,1.0,
2003-04-17,,,,,0.0,1.0,
2003-04-18,,,,,0.0,1.0,
2003-04-21,,,,,0.0,1.0,
2003-04-22,,,,,0.0,1.0,
2003-04-23,,,,,0.0,1.0,
2003-04-24,,,,,0.0,1.0,
2003-04-25,,,,,0.0,1.0,
2003-04-28,,,,,0.0,1.0,
2003-04-29,,,,,0.0,1.0,
2003-04-30,,,,,0.0,1.0,
2003-05-01,,,,,0.0,1.0,
2003-05-02,,,,,0.0,1.0,
2003-05-05,,,,,0.0,1.0,
2003-05-06,,,,,0.0,1.0,
2003-05-07,,,,,0.0,1.0,
2003-05-08,,,,,0.0,1.0,
2003-05-09,,,,,0.0,1.0,
2003-05-12,,,,,0.0,1.0,
2003-05-13,,,,,0.0,1.0,
2003-05-14,,,,,0.0,1.0,
2003-05-15,,,,,0.0,1.0,
2003-05-16,,,,,0.0,1.0,
2003-05-19,,,,,0.0,1.0,
2003-05-20,,,,,0.0,1.0,
2003-05-21,,,,,0.0,1.0,
2003-05-22,,,,,0.0,1.0,
2003-05-23,,,,,0.0,1.0,
2003-05-26,,,,,0.0,1.0,
2003-05-27,,,,,0.0,1.0,
2003-05-28,,,,,0.0,1.0,
2003-05-29,,,,,0.0,1.0,
2003-05-30,,,,,0.0,1.0,
2003-06-02,,,,,0.0,1.0,
2003-06-03,,,,,0.0,1.0,
2003-06-04,,,,,0.0,1.0,
2003-06-05,,,,,0.0,1.0,
2003-06-06,,,,,0.0,1.0,
2003-06-09,,,,,0.0,1.0,
2003-06-10,,,,,0.0,1.0,
2003-06-11,,,,,0.0,1.0,
2003-06-12,,,,,0.0,1.0,
2003-06-13,,,,,0.0,1.0,
2003-06-16,,,,,0.0,1.0,
2003-06-17,,,,,0.0,1.0,
2003-06-18,,,,,0.0,1.0,
2003-06-19,,,,,0.0,1.0,
2003-06-20,,,,,0.0,1.0,
2003-06-23,,,,,0.0,1.0,
2003-06-24,,,,,0.0,1.0,
2003-06-25,,,,,0.0,1.0,
2003-06-26,,,,,0.0,1.0,
2003-06-27,,,,,0.0,1.0,
2003-06-30,,,,,0.0,1.0,
2003-07-01,,,,,0.0,1.0,
2003-07-02,,,,,0.0,1.0,
2003-07-03,,,,,0.0,1.0,
2003-07-04,,,,,0.0,1.0,
2003-07-07,,,,,0.0,1.0,
2003-07-08,,,,,0.0,1.0,
2003-07-09,,,,,0.0,1.0,
2003-07-10,,,,,0.0,1.0,
2003-07-11,,,,,0.0,1.0,
2003-07-14,,,,,0.0,1.0,
2003-07-15,,,,,0.0,1.0,
2003-07-16,,,,,0.0,1.0,
2003-07-17,,,,,0.0,1.0,
2003-07-18,,,,,0.0,1.0,
2003-07-21,,,,,0.0,1.0,
2003-07-22,,,,,0.0,1.0,
2003-07-23,,,,,0.0,1.0,
2003-07-24,,,,,0.0,1.0,
2003-07-25,,,,,0.0,1.0,
2003-07-28,,,,,0.0,1.0,
2003-07-29,,,,,0.0,1.0,
2003-07-30,,,,,0.0,1.0,
2003-07-31,,,,,0.0,1.0,
2003-08-01,,,,,0.0,1.0,
2003-08-04,,,,,0.0,1.0,
2003-08-05,,,,,0.0,1.0,
2003-08-06,,,,,0.0,1.0,
2003-08-07,,,,,0.0,1.0,
2003-08-08,,,,,0.0,1.0,
2003-08-11,,,,,0.0,1.0,
2003-08-12,,,,,0.0,1.0,
2003-08-13,,,,,0.0,1.0,
2003-08-14,,,,,0.0,1.0,
2003-08-15,,,,,0.0,1.0,
2003-08-18,,,,,0.0,1.0,
2003-08-19,,,,,0.0,1.0,
2003-08-20,,,,,0.0,1.0,
2003-08-21,,,,,0.0,1.0,
2003-08-22,,,,,0.0,1.0,
2003-08-25,,,,,0.0,1.0,
2003-08-26,,,,,0.0,1.0,
2003-08-27,,,,,0.0,1.0,
2003-08-28,,,,,0.0,1.0,
2003-08-29,,,,,0.0,1.0,
2003-09-01,,,,,0.0,1.0,
2003-09-02,,,,,0.0,1.0,
2003-09-03,,,,,0.0,1.0,
2003-09-04,,,,,0.0,1.0,
2003-09-05,,,,,0.0,1.0,
2003-09-08,,,,,0.0,1.0,
2003-09-09,,,,,0.0,1.0,
2003-09-10,,,,,0.0,1.0,
2003-09-11,,,,,0.0,1.0,
2003-09-12,,,,,0.0,1.0,
2003-09-15,,,,,0.0,1.0,
2003-09-16,,,,,0.0,1.0,
2003-09-17,,,,,0.0,1.0,
2003-09-18,,,,,0.0,1.0,
2003-09-19,,,,,0.0,1.0,
2003-09-22,,,,,0.0,1.0,
2003-09-23,,,,,0.0,1.0,
2003-09-24,,,,,0.0,1.0,
2003-09-25,,,,,0.0,1.0,
2003-09-26,,,,,0.0,1.0,
2003-09-29,,,,,0.0,1.0,
2003-09-30,,,,,0.0,1.0,
2003-10-01,,,,,0.0,1.0,
2003-10-02,,,,,0.0,1.0,
2003-10-03,,,,,0.0,1.0,
2003-10-06,,,,,0.0,1.0,
2003-10-07,,,,,0.0,1.0,
2003-10-08,,,,,0.0,1.0,
2003-10-09,,,,,0.0,1.0,
2003-10-10,,,,,0.0,1.0,
2003-10-13,,,,,0.0,1.0,
2003-10-14,,,,,0.0,1.0,
2003-10-15,,,,,0.0,1.0,
2003-10-16,,,,,0.0,1.0,
2003-10-17,,,,,0.0,1.0,
2003-10-20,,,,,0.0,1.0,
2003-10-21,,,,,0.0,1.0,
2003-10-22,,,,,0.0,1.0,
2003-10-23,,,,,0.0,1.0,
2003-10-24,,,,,0.0,1.0,
2003-10-27,,,,,0.0,1.0,
2003-10-28,,,,,0.0,1.0,
2003-10-29,,,,,0.0,1.0,
2003-10-30,,,,,0.0,1.0,
2003-10-31,,,,,0.0,1.0,
2003-11-03,,,,,0.0,1.0,
2003-11-04,,,,,0.0,1.0,
2003-11-05,,,,,0.0,1.0,
2003-11-06,,,,,0.0,1.0,
2003-11-07,,,,,0.0,1.0,
2003-11-10,,,,,0.0,1.0,
2003-11-11,,,,,0.0,1.0,
2003-11-12,,,,,0.0,1.0,
2003-11-13,,,,,0.0,1.0,
2003-11-14,,,,,0.0,1.0,
2003-11-17,,,,,0.0,1.0,
2003-11-18,,,,,0.0,1.0,
2003-11-19,,,,,0.0,1.0,
2003-11-20,,,,,0.0,1.0,
2003-11-21,,,,,0.0,1.0,
2003-11-24,,,,,0.0,1.0,
2003-11-25,,,,,0.0,1.0,
2003-11-26,,,,,0.0,1.0,
2003-11-27,,,,,0.0,1.0,
2003-11-28,,,,,0.0,1.0,
2003-12-01,,,,,0.0,1.0,
2003-12-02,,,,,0.0,1.0,
2003-12-03,,,,,0.0,1.0,
2003-12-04,,,,,0.0,1.0,
2003-12-05,,,,,0.0,1.0,
2003-12-08,,,,,0.0,1.0,
2003-12-09,,,,,0.0,1.0,
2003-12-10,,,,,0.0,1.0,
2003-12-11,,,,,0.0,1.0,
2003-12-12,,,,,0.0,1.0,
2003-12-15,,,,,0.0,1.0,
2003-12-16,,,,,0.0,1.0,
2003-12-17,,,,,0.0,1.0,
2003-12-18,,,,,0.0,1.0,
2003-12-19,,,,,0.0,1.0,
2003-12-22,,,,,0.0,1.0,
2003-12-23,,,,,0.0,1.0,
2003-12-24,,,,,0.0,1.0,
2003-12-25,,,,,0.0,1.0,
2003-12-26,,,,,0.0,1.0,
2003-12-29,,,,,0.0,1.0,
2003-12-30,,,,,0.0,1.0,
2003-12-31,,,,,0.0,1.0,
2004-01-01,,,,,0.0,1.0,
2004-01-02,,,,,0.0,1.0,
2004-01-04,,,,,0.0,1.0,
2004-01-05,,,,,0.0,1.0,
2004-01-06,,,,,0.0,1.0,
2004-01-07,,,,,0.0,1.0,
2004-01-08,,,,,0.0,1.0,
2004-01-09,,,,,0.0,1.0,
2004-01-12,,,,,0.0,1.0,
2004-01-13,,,,,0.0,1.0,
2004-01-14,,,,,0.0,1.0,
2004-01-15,,,,,0.0,1.0,
2004-01-16,,,,,0.0,1.0,
2004-01-19,,,,,0.0,1.0,
2004-01-20,,,,,0.0,1.0,
2004-01-21,,,,,0.0,1.0,
2004-01-22,,,,,0.0,1.0,
2004-01-23,,,,,0.0,1.0,
2004-01-26,,,,,0.0,1.0,
2004-01-27,,,,,0.0,1.0,
2004-01-28,,,,,0.0,1.0,
2004-01-29,,,,,0.0,1.0,
2004-01-30,,,,,0.0,1.0,
2004-02-02,,,,,0.0,1.0,
2004-02-03,,,,,0.0,1.0,
2004-02-04,,,,,0.0,1.0,
2004-02-05,,,,,0.0,1.0,
2004-02-06,,,,,0.0,1.0,
2004-02-09,,,,,0.0,1.0,
2004-02-10,,,,,0.0,1.0,
2004-02-11,,,,,0.0,1.0,
2004-02-12,,,,,0.0,1.0,
2004-02-13,,,,,0.0,1.0,
2004-02-16,,,,,0.0,1.0,
2004-02-17,,,,,0.0,1.0,
2004-02-18,,,,,0.0,1.0,
2004-02-19,,,,,0.0,1.0,
2004-02-20,,,,,0.0,1.0,
2004-02-23,,,,,0.0,1.0,
2004-02-24,,,,,0.0,1.0,
2004-02-25,,,,,0.0,1.0,
2004-02-26,,,,,0.0,1.0,
2004-02-27,,,,,0.0,1.0,
2004-03-01,,,,,0.0,1.0,
2004-03-02,,,,,0.0,1.0,
2004-03-03,,,,,0.0,1.0,
2004-03-04,,,,,0.0,1.0,
2004-03-05,,,,,0.0,1.0,
2004-03-08,,,,,0.0,1.0,
2004-03-09,,,,,0.0,1.0,
2004-03-10,,,,,0.0,1.0,
2004-03-11,,,,,0.0,1.0,
2004-03-12,,,,,0.0,1.0,
2004-03-15,,,,,0.0,1.0,
2004-03-16,,,,,0.0,1.0,
2004-03-17,,,,,0.0,1.0,
2004-03-18,,,,,0.0,1.0,
2004-03-19,,,,,0.0,1.0,
2004-03-22,,,,,0.0,1.0,
2004-03-23,,,,,0.0,1.0,
2004-03-24,,,,,0.0,1.0,
2004-03-25,,,,,0.0,1.0,
2004-03-26,,,,,0.0,1.0,
2004-03-29,,,,,0.0,1.0,
2004-03-30,,,,,0.0,1.0,
2004-03-31,,,,,0.0,1.0,
2004-04-01,,,,,0.0,1.0,
2004-04-02,,,,,0.0,1.0,
2004-04-05,,,,,0.0,1.0,
2004-04-06,,,,,0.0,1.0,
2004-04-07,,,,,0.0,1.0,
2004-04-08,,,,,0.0,1.0,
2004-04-09,,,,,0.0,1.0,
2004-04-12,,,,,0.0,1.0,
2004-04-13,,,,,0.0,1.0,
2004-04-14,,,,,0.0,1.0,
2004-04-15,,,,,0.0,1.0,
2004-04-16,,,,,0.0,1.0,
2004-04-19,,,,,0.0,1.0,
2004-04-20,,,,,0.0,1.0,
2004-04-21,,,,,0.0,1.0,
2004-04-22,,,,,0.0,1.0,
2004-04-23,,,,,0.0,1.0,
2004-04-26,,,,,0.0,1.0,
2004-04-27,,,,,0.0,1.0,
2004-04-28,,,,,0.0,1.0,
2004-04-29,,,,,0.0,1.0,
2004-04-30,,,,,0.0,1.0,
2004-05-03,,,,,0.0,1.0,
2004-05-04,,,,,0.0,1.0,
2004-05-05,,,,,0.0,1.0,
2004-05-06,,,,,0.0,1.0,
2004-05-07,,,,,0.0,1.0,
2004-05-10,,,,,0.0,1.0,
2004-05-11,,,,,0.0,1.0,
2004-05-12,,,,,0.0,1.0,
2004-05-13,,,,,0.0,1.0,
2004-05-14,,,,,0.0,1.0,
2004-05-17,,,,,0.0,1.0,
2004-05-18,,,,,0.0,1.0,
2004-05-19,,,,,0.0,1.0,
2004-05-20,,,,,0.0,1.0,
2004-05-21,,,,,0.0,1.0,
2004-05-24,,,,,0.0,1.0,
2004-05-25,,,,,0.0,1.0,
2004-05-26,,,,,0.0,1.0,
2004-05-27,,,,,0.0,1.0,
2004-05-28,,,,,0.0,1.0,
2004-05-31,,,,,0.0,1.0,
2004-06-01,,,,,0.0,1.0,
2004-06-02,,,,,0.0,1.0,
2004-06-03,,,,,0.0,1.0,
2004-06-04,,,,,0.0,1.0,
2004-06-07,,,,,0.0,1.0,
2004-06-08,,,,,0.0,1.0,
2004-06-09,,,,,0.0,1.0,
2004-06-10,,,,,0.0,1.0,
2004-06-11,,,,,0.0,1.0,
2004-06-14,,,,,0.0,1.0,
2004-06-15,,,,,0.0,1.0,
2004-06-16,,,,,0.0,1.0,
2004-06-17,,,,,0.0,1.0,
2004-06-18,,,,,0.0,1.0,
2004-06-21,,,,,0.0,1.0,
2004-06-22,,,,,0.0,1.0,
2004-06-23,,,,,0.0,1.0,
2004-06-24,,,,,0.0,1.0,
2004-06-25,,,,,0.0,1.0,
2004-06-28,,,,,0.0,1.0,
2004-06-29,,,,,0.0,1.0,
2004-06-30,,,,,0.0,1.0,
2004-07-01,,,,,0.0,1.0,
2004-07-02,,,,,0.0,1.0,
2004-07-05,,,,,0.0,1.0,
2004-07-06,,,,,0.0,1.0,
2004-07-07,,,,,0.0,1.0,
2004-07-08,,,,,0.0,1.0,
2004-07-09,,,,,0.0,1.0,
2004-07-12,,,,,0.0,1.0,
2004-07-13,,,,,0.0,1.0,
2004-07-14,,,,,0.0,1.0,
2004-07-15,,,,,0.0,1.0,
2004-07-16,,,,,0.0,1.0,
2004-07-19,,,,,0.0,1.0,
2004-07-20,,,,,0.0,1.0,
2004-07-21,,,,,0.0,1.0,
2004-07-22,,,,,0.0,1.0,
2004-07-23,,,,,0.0,1.0,
2004-07-26,,,,,0.0,1.0,
2004-07-27,,,,,0.0,1.0,
2004-07-28,,,,,0.0,1.0,
2004-07-29,,,,,0.0,1.0,
2004-07-30,,,,,0.0,1.0,
2004-08-02,,,,,0.0,1.0,
2004-08-03,,,,,0.0,1.0,
2004-08-04,,,,,0.0,1.0,
2004-08-05,,,,,0.0,1.0,
2004-08-06,,,,,0.0,1.0,
2004-08-09,,,,,0.0,1.0,
2004-08-10,,,,,0.0,1.0,
2004-08-11,,,,,0.0,1.0,
2004-08-12,,,,,0.0,1.0,
2004-08-13,,,,,0.0,1.0,
2004-08-16,,,,,0.0,1.0,
2004-08-17,,,,,0.0,1.0,
2004-08-18,,,,,0.0,1.0,
2004-08-19,,,,,0.0,1.0,
2004-08-20,,,,,0.0,1.0,
2004-08-23,,,,,0.0,1.0,
2004-08-24,,,,,0.0,1.0,
2004-08-25,,,,,0.0,1.0,
2004-08-26,,,,,0.0,1.0,
2004-08-27,,,,,0.0,1.0,
2004-08-30,,,,,0.0,1.0,
2004-08-31,,,,,0.0,1.0,
2004-09-01,,,,,0.0,1.0,
2004-09-02,,,,,0.0,1.0,
2004-09-03,,,,,0.0,1.0,
2004-09-06,,,,,0.0,1.0,
2004-09-07,,,,,0.0,1.0,
2004-09-08,,,,,0.0,1.0,
2004-09-09,,,,,0.0,1.0,
2004-09-10,,,,,0.0,1.0,
2004-09-13,,,,,0.0,1.0,
2004-09-14,,,,,0.0,1.0,
2004-09-15,,,,,0.0,1.0,
2004-09-16,,,,,0.0,1.0,
2004-09-17,,,,,0.0,1.0,
2004-09-20,,,,,0.0,1.0,
2004-09-21,,,,,0.0,1.0,
2004-09-22,,,,,0.0,1.0,
2004-09-23,,,,,0.0,1.0,
2004-09-24,,,,,0.0,1.0,
2004-09-27,,,,,0.0,1.0,
2004-09-28,,,,,0.0,1.0,
2004-09-29,,,,,0.0,1.0,
2004-09-30,,,,,0.0,1.0,
2004-10-01,,,,,0.0,1.0,
2004-10-04,,,,,0.0,1.0,
2004-10-05,,,,,0.0,1.0,
2004-10-06,,,,,0.0,1.0,
2004-10-07,,,,,0.0,1.0,
2004-10-08,,,,,0.0,1.0,
2004-10-11,,,,,0.0,1.0,
2004-10-12,,,,,0.0,1.0,
2004-10-13,,,,,0.0,1.0,
2004-10-14,,,,,0.0,1.0,
2004-10-15,,,,,0.0,1.0,
2004-10-18,,,,,0.0,1.0,
2004-10-19,,,,,0.0,1.0,
2004-10-20,,,,,0.0,1.0,
2004-10-21,,,,,0.0,1.0,
2004-10-22,,,,,0.0,1.0,
2004-10-25,,,,,0.0,1.0,
2004-10-26,,,,,0.0,1.0,
2004-10-27,,,,,0.0,1.0,
2004-10-28,,,,,0.0,1.0,
2004-10-29,,,,,0.0,1.0,
2004-11-01,,,,,0.0,1.0,
2004-11-02,,,,,0.0,1.0,
2004-11-03,,,,,0.0,1.0,
2004-11-04,,,,,0.0,1.0,
2004-11-05,,,,,0.0,1.0,
2004-11-08,,,,,0.0,1.0,
2004-11-09,,,,,0.0,1.0,
2004-11-10,,,,,0.0,1.0,
2004-11-11,,,,,0.0,1.0,
2004-11-12,,,,,0.0,1.0,
2004-11-15,,,,,0.0,1.0,
2004-11-16,,,,,0.0,1.0,
2004-11-17,,,,,0.0,1.0,
2004-11-18,,,,,0.0,1.0,
2004-11-19,,,,,0.0,1.0,
2004-11-22,,,,,0.0,1.0,
2004-11-23,,,,,0.0,1.0,
2004-11-24,,,,,0.0,1.0,
2004-11-25,,,,,0.0,1.0,
2004-11-26,,,,,0.0,1.0,
2004-11-29,,,,,0.0,1.0,
2004-11-30,,,,,0.0,1.0,
2004-12-01,,,,,0.0,1.0,
2004-12-02,,,,,0.0,1.0,
2004-12-03,,,,,0.0,1.0,
2004-12-06,,,,,0.0,1.0,
2004-12-07,,,,,0.0,1.0,
2004-12-08,,,,,0.0,1.0,
2004-12-09,,,,,0.0,1.0,
2004-12-10,,,,,0.0,1.0,
2004-12-13,,,,,0.0,1.0,
2004-12-14,,,,,0.0,1.0,
2004-12-15,,,,,0.0,1.0,
2004-12-16,,,,,0.0,1.0,
2004-12-17,,,,,0.0,1.0,
2004-12-20,,,,,0.0,1.0,
2004-12-21,,,,,0.0,1.0,
2004-12-22,,,,,0.0,1.0,
2004-12-23,,,,,0.0,1.0,
2004-12-24,,,,,0.0,1.0,
2004-12-27,,,,,0.0,1.0,
2004-12-28,,,,,0.0,1.0,
2004-12-29,,,,,0.0,1.0,
2004-12-30,,,,,0.0,1.0,
2004-12-31,,,,,0.0,1.0,
2005-01-03,,,,,0.0,1.0,
2005-01-04,,,,,0.0,1.0,
2005-01-05,,,,,0.0,1.0,
2005-01-06,,,,,0.0,1.0,
2005-01-07,,,,,0.0,1.0,
2005-01-10,,,,,0.0,1.0,
2005-01-11,,,,,0.0,1.0,
2005-01-12,,,,,0.0,1.0,
2005-01-13,,,,,0.0,1.0,
2005-01-14,,,,,0.0,1.0,
2005-01-17,,,,,0.0,1.0,
2005-01-18,,,,,0.0,1.0,
2005-01-19,,,,,0.0,1.0,
2005-01-20,,,,,0.0,1.0,
2005-01-21,,,,,0.0,1.0,
2005-01-24,,,,,0.0,1.0,
2005-01-25,,,,,0.0,1.0,
2005-01-26,,,,,0.0,1.0,
2005-01-27,,,,,0.0,1.0,
2005-01-28,,,,,0.0,1.0,
2005-01-31,,,,,0.0,1.0,
2005-02-01,,,,,0.0,1.0,
2005-02-02,,,,,0.0,1.0,
2005-02-03,,,,,0.0,1.0,
2005-02-04,,,,,0.0,1.0,
2005-02-07,,,,,0.0,1.0,
2005-02-08,,,,,0.0,1.0,
2005-02-09,,,,,0.0,1.0,
2005-02-10,,,,,0.0,1.0,
2005-02-11,,,,,0.0,1.0,
2005-02-14,,,,,0.0,1.0,
2005-02-15,,,,,0.0,1.0,
2005-02-16,,,,,0.0,1.0,
2005-02-17,,,,,0.0,1.0,
2005-02-18,,,,,0.0,1.0,
2005-02-21,,,,,0.0,1.0,
2005-02-22,,,,,0.0,1.0,
2005-02-23,,,,,0.0,1.0,
2005-02-24,,,,,0.0,1.0,
2005-02-25,,,,,0.0,1.0,
2005-02-28,,,,,0.0,1.0,
2005-03-01,,,,,0.0,1.0,
2005-03-02,,,,,0.0,1.0,
2005-03-03,,,,,0.0,1.0,
2005-03-04,,,,,0.0,1.0,
2005-03-07,,,,,0.0,1.0,
2005-03-08,,,,,0.0,1.0,
2005-03-09,,,,,0.0,1.0,
2005-03-10,,,,,0.0,1.0,
2005-03-11,,,,,0.0,1.0,
2005-03-14,,,,,0.0,1.0,
2005-03-15,,,,,0.0,1.0,
2005-03-16,,,,,0.0,1.0,
2005-03-17,,,,,0.0,1.0,
2005-03-18,,,,,0.0,1.0,
2005-03-21,,,,,0.0,1.0,
2005-03-22,,,,,0.0,1.0,
2005-03-23,,,,,0.0,1.0,
2005-03-24,,,,,0.0,1.0,
2005-03-25,,,,,0.0,1.0,
2005-03-28,,,,,0.0,1.0,
2005-03-29,,,,,0.0,1.0,
2005-03-30,,,,,0.0,1.0,
2005-03-31,,,,,0.0,1.0,
2005-04-01,,,,,0.0,1.0,
2005-04-04,,,,,0.0,1.0,
2005-04-05,,,,,0.0,1.0,
2005-04-06,,,,,0.0,1.0,
2005-04-07,,,,,0.0,1.0,
2005-04-08,,,,,0.0,1.0,
2005-04-11,,,,,0.0,1.0,
2005-04-12,,,,,0.0,1.0,
2005-04-13,,,,,0.0,1.0,
2005-04-14,,,,,0.0,1.0,
2005-04-15,,,,,0.0,1.0,
2005-04-18,,,,,0.0,1.0,
2005-04-19,,,,,0.0,1.0,
2005-04-20,,,,,0.0,1.0,
2005-04-21,,,,,0.0,1.0,
2005-04-22,,,,,0.0,1.0,
2005-04-25,,,,,0.0,1.0,
2005-04-26,,,,,0.0,1.0,
2005-04-27,,,,,0.0,1.0,
2005-04-28,,,,,0.0,1.0,
2005-04-29,,,,,0.0,1.0,
2005-05-02,,,,,0.0,1.0,
2005-05-03,,,,,0.0,1.0,
2005-05-04,,,,,0.0,1.0,
2005-05-05,,,,,0.0,1.0,
2005-05-06,,,,,0.0,1.0,
2005-05-09,,,,,0.0,1.0,
2005-05-10,,,,,0.0,1.0,
2005-05-11,,,,,0.0,1.0,
2005-05-12,,,,,0.0,1.0,
2005-05-13,,,,,0.0,1.0,
2005-05-16,,,,,0.0,1.0,
2005-05-17,,,,,0.0,1.0,
2005-05-18,,,,,0.0,1.0,
2005-05-19,,,,,0.0,1.0,
2005-05-20,,,,,0.0,1.0,
2005-05-23,,,,,0.0,1.0,
2005-05-24,,,,,0.0,1.0,
2005-05-25,,,,,0.0,1.0,
2005-05-26,,,,,0.0,1.0,
2005-05-27,,,,,0.0,1.0,
2005-05-30,,,,,0.0,1.0,
2005-05-31,,,,,0.0,1.0,
2005-06-01,,,,,0.0,1.0,
2005-06-02,,,,,0.0,1.0,
2005-06-03,,,,,0.0,1.0,
2005-06-06,,,,,0.0,1.0,
2005-06-07,,,,,0.0,1.0,
2005-06-08,,,,,0.0,1.0,
2005-06-09,,,,,0.0,1.0,
2005-06-10,,,,,0.0,1.0,
2005-06-13,,,,,0.0,1.0,
2005-06-14,,,,,0.0,1.0,
2005-06-15,,,,,0.0,1.0,
2005-06-16,,,,,0.0,1.0,
2005-06-17,,,,,0.0,1.0,
2005-06-20,,,,,0.0,1.0,
2005-06-21,,,,,0.0,1.0,
2005-06-22,,,,,0.0,1.0,
2005-06-23,,,,,0.0,1.0,
2005-06-24,,,,,0.0,1.0,
2005-06-27,,,,,0.0,1.0,
2005-06-28,,,,,0.0,1.0,
2005-06-29,,,,,0.0,1.0,
2005-06-30,,,,,0.0,1.0,
2005-07-01,,,,,0.0,1.0,
2005-07-04,,,,,0.0,1.0,
2005-07-05,,,,,0.0,1.0,
2005-07-06,,,,,0.0,1.0,
2005-07-07,,,,,0.0,1.0,
2005-07-08,,,,,0.0,1.0,
2005-07-11,,,,,0.0,1.0,
2005-07-12,,,,,0.0,1.0,
2005-07-13,,,,,0.0,1.0,
2005-07-14,,,,,0.0,1.0,
2005-07-15,,,,,0.0,1.0,
2005-07-18,,,,,0.0,1.0,
2005-07-19,,,,,0.0,1.0,
2005-07-20,,,,,0.0,1.0,
2005-07-21,,,,,0.0,1.0,
2005-07-22,,,,,0.0,1.0,
2005-07-25,,,,,0.0,1.0,
2005-07-26,,,,,0.0,1.0,
2005-07-27,,,,,0.0,1.0,
2005-07-28,,,,,0.0,1.0,
2005-07-29,,,,,0.0,1.0,
2005-08-01,,,,,0.0,1.0,
2005-08-02,,,,,0.0,1.0,
2005-08-03,,,,,0.0,1.0,
2005-08-04,,,,,0.0,1.0,
2005-08-05,,,,,0.0,1.0,
2005-08-08,,,,,0.0,1.0,
2005-08-09,,,,,0.0,1.0,
2005-08-10,,,,,0.0,1.0,
2005-08-11,,,,,0.0,1.0,
2005-08-12,,,,,0.0,1.0,
2005-08-15,,,,,0.0,1.0,
2005-08-16,,,,,0.0,1.0,
2005-08-17,,,,,0.0,1.0,
2005-08-18,,,,,0.0,1.0,
2005-08-19,,,,,0.0,1.0,
2005-08-22,,,,,0.0,1.0,
2005-08-23,,,,,0.0,1.0,
2005-08-24,,,,,0.0,1.0,
2005-08-25,,,,,0.0,1.0,
2005-08-26,,,,,0.0,1.0,
2005-08-29,,,,,0.0,1.0,
2005-08-30,,,,,0.0,1.0,
2005-08-31,,,,,0.0,1.0,
2005-09-01,,,,,0.0,1.0,
2005-09-02,,,,,0.0,1.0,
2005-09-05,,,,,0.0,1.0,
2005-09-06,,,,,0.0,1.0,
2005-09-07,,,,,0.0,1.0,
2005-09-08,,,,,0.0,1.0,
2005-09-09,,,,,0.0,1.0,
2005-09-12,,,,,0.0,1.0,
2005-09-13,,,,,0.0,1.0,
2005-09-14,,,,,0.0,1.0,
2005-09-15,,,,,0.0,1.0,
2005-09-16,,,,,0.0,1.0,
2005-09-19,,,,,0.0,1.0,
2005-09-20,,,,,0.0,1.0,
2005-09-21,,,,,0.0,1.0,
2005-09-22,,,,,0.0,1.0,
2005-09-23,,,,,0.0,1.0,
2005-09-26,,,,,0.0,1.0,
2005-09-27,,,,,0.0,1.0,
2005-09-28,,,,,0.0,1.0,
2005-09-29,,,,,0.0,1.0,
2005-09-30,,,,,0.0,1.0,
2005-10-03,,,,,0.0,1.0,
2005-10-04,,,,,0.0,1.0,
2005-10-05,,,,,0.0,1.0,
2005-10-06,,,,,0.0,1.0,
2005-10-07,,,,,0.0,1.0,
2005-10-10,,,,,0.0,1.0,
2005-10-11,,,,,0.0,1.0,
2005-10-12,,,,,0.0,1.0,
2005-10-13,,,,,0.0,1.0,
2005-10-14,,,,,0.0,1.0,
2005-10-17,,,,,0.0,1.0,
2005-10-18,,,,,0.0,1.0,
2005-10-19,,,,,0.0,1.0,
2005-10-20,,,,,0.0,1.0,
2005-10-21,,,,,0.0,1.0,
2005-10-24,,,,,0.0,1.0,
2005-10-25,,,,,0.0,1.0,
2005-10-26,,,,,0.0,1.0,
2005-10-27,,,,,0.0,1.0,
2005-10-28,,,,,0.0,1.0,
2005-10-31,,,,,0.0,1.0,
2005-11-01,,,,,0.0,1.0,
2005-11-02,,,,,0.0,1.0,
2005-11-03,,,,,0.0,1.0,
2005-11-04,,,,,0.0,1.0,
2005-11-07,,,,,0.0,1.0,
2005-11-08,,,,,0.0,1.0,
2005-11-09,,,,,0.0,1.0,
2005-11-10,,,,,0.0,1.0,
2005-11-11,,,,,0.0,1.0,
2005-11-14,,,,,0.0,1.0,
2005-11-15,,,,,0.0,1.0,
2005-11-16,,,,,0.0,1.0,
2005-11-17,,,,,0.0,1.0,
2005-11-18,,,,,0.0,1.0,
2005-11-21,,,,,0.0,1.0,
2005-11-22,,,,,0.0,1.0,
2005-11-23,,,,,0.0,1.0,
2005-11-24,,,,,0.0,1.0,
2005-11-25,,,,,0.0,1.0,
2005-11-28,,,,,0.0,1.0,
2005-11-29,,,,,0.0,1.0,
2005-11-30,,,,,0.0,1.0,
2005-12-01,,,,,0.0,1.0,
2005-12-02,,,,,0.0,1.0,
2005-12-05,,,,,0.0,1.0,
2005-12-06,,,,,0.0,1.0,
2005-12-07,,,,,0.0,1.0,
2005-12-08,,,,,0.0,1.0,
2005-12-09,,,,,0.0,1.0,
2005-12-12,,,,,0.0,1.0,
2005-12-13,,,,,0.0,1.0,
2005-12-14,,,,,0.0,1.0,
2005-12-15,,,,,0.0,1.0,
2005-12-16,,,,,0.0,1.0,
2005-12-19,,,,,0.0,1.0,
2005-12-20,,,,,0.0,1.0,
2005-12-21,,,,,0.0,1.0,
2005-12-22,,,,,0.0,1.0,
2005-12-23,,,,,0.0,1.0,
2005-12-26,,,,,0.0,1.0,
2005-12-27,,,,,0.0,1.0,
2005-12-28,,,,,0.0,1.0,
2005-12-29,,,,,0.0,1.0,
2005-12-30,,,,,0.0,1.0,
2006-01-02,,,,,0.0,1.0,
2006-01-03,,,,,0.0,1.0,
2006-01-04,,,,,0.0,1.0,
2006-01-05,,,,,0.0,1.0,
2006-01-06,,,,,0.0,1.0,
2006-01-09,,,,,0.0,1.0,
2006-01-10,,,,,0.0,1.0,
2006-01-11,,,,,0.0,1.0,
2006-01-12,,,,,0.0,1.0,
2006-01-13,,,,,0.0,1.0,
2006-01-16,,,,,0.0,1.0,
2006-01-17,,,,,0.0,1.0,
2006-01-18,,,,,0.0,1.0,
2006-01-19,,,,,0.0,1.0,
2006-01-20,,,,,0.0,1.0,
2006-01-23,,,,,0.0,1.0,
2006-01-24,,,,,0.0,1.0,
2006-01-25,,,,,0.0,1.0,
2006-01-26,,,,,0.0,1.0,
2006-01-27,,,,,0.0,1.0,
2006-01-30,,,,,0.0,1.0,
2006-01-31,,,,,0.0,1.0,
2006-02-01,,,,,0.0,1.0,
2006-02-02,,,,,0.0,1.0,
2006-02-03,,,,,0.0,1.0,
2006-02-06,,,,,0.0,1.0,
2006-02-07,,,,,0.0,1.0,
2006-02-08,,,,,0.0,1.0,
2006-02-09,,,,,0.0,1.0,
2006-02-10,,,,,0.0,1.0,
2006-02-13,,,,,0.0,1.0,
2006-02-14,,,,,0.0,1.0,
2006-02-15,,,,,0.0,1.0,
2006-02-16,,,,,0.0,1.0,
2006-02-17,,,,,0.0,1.0,
2006-02-20,,,,,0.0,1.0,
2006-02-21,,,,,0.0,1.0,
2006-02-22,,,,,0.0,1.0,
2006-02-23,,,,,0.0,1.0,
2006-02-24,,,,,0.0,1.0,
2006-02-27,,,,,0.0,1.0,
2006-02-28,,,,,0.0,1.0,
2006-03-01,,,,,0.0,1.0,
2006-03-02,,,,,0.0,1.0,
2006-03-03,,,,,0.0,1.0,
2006-03-06,,,,,0.0,1.0,
2006-03-07,,,,,0.0,1.0,
2006-03-08,,,,,0.0,1.0,
2006-03-09,,,,,0.0,1.0,
2006-03-10,,,,,0.0,1.0,
2006-03-13,,,,,0.0,1.0,
2006-03-14,,,,,0.0,1.0,
2006-03-15,,,,,0.0,1.0,
2006-03-16,,,,,0.0,1.0,
2006-03-17,,,,,0.0,1.0,
2006-03-20,,,,,0.0,1.0,
2006-03-21,,,,,0.0,1.0,
2006-03-22,,,,,0.0,1.0,
2006-03-23,,,,,0.0,1.0,
2006-03-24,,,,,0.0,1.0,
2006-03-27,,,,,0.0,1.0,
2006-03-28,,,,,0.0,1.0,
2006-03-29,,,,,0.0,1.0,
2006-03-30,,,,,0.0,1.0,
2006-03-31,,,,,0.0,1.0,
2006-04-03,,,,,0.0,1.0,
2006-04-04,,,,,0.0,1.0,
2006-04-05,,,,,0.0,1.0,
2006-04-06,,,,,0.0,1.0,
2006-04-07,,,,,0.0,1.0,
2006-04-10,,,,,0.0,1.0,
2006-04-11,,,,,0.0,1.0,
2006-04-12,,,,,0.0,1.0,
2006-04-13,,,,,0.0,1.0,
2006-04-14,,,,,0.0,1.0,
2006-04-17,,,,,0.0,1.0,
2006-04-18,,,,,0.0,1.0,
2006-04-19,,,,,0.0,1.0,
2006-04-20,,,,,0.0,1.0,
2006-04-21,,,,,0.0,1.0,
2006-04-24,,,,,0.0,1.0,
2006-04-25,,,,,0.0,1.0,
2006-04-26,,,,,0.0,1.0,
2006-04-27,,,,,0.0,1.0,
2006-04-28,,,,,0.0,1.0,
2006-05-01,,,,,0.0,1.0,
2006-05-02,,,,,0.0,1.0,
2006-05-03,,,,,0.0,1.0,
2006-05-04,,,,,0.0,1.0,
2006-05-05,,,,,0.0,1.0,
2006-05-08,,,,,0.0,1.0,
2006-05-09,,,,,0.0,1.0,
2006-05-10,,,,,0.0,1.0,
2006-05-11,,,,,0.0,1.0,
2006-05-12,,,,,0.0,1.0,
2006-05-15,,,,,0.0,1.0,
2006-05-16,,,,,0.0,1.0,
2006-05-17,,,,,0.0,1.0,
2006-05-18,,,,,0.0,1.0,
2006-05-19,,,,,0.0,1.0,
2006-05-22,,,,,0.0,1.0,
2006-05-23,,,,,0.0,1.0,
2006-05-24,,,,,0.0,1.0,
2006-05-25,,,,,0.0,1.0,
2006-05-26,,,,,0.0,1.0,
2006-05-29,,,,,0.0,1.0,
2006-05-30,,,,,0.0,1.0,
2006-05-31,,,,,0.0,1.0,
2006-06-01,,,,,0.0,1.0,
2006-06-02,,,,,0.0,1.0,
2006-06-05,,,,,0.0,1.0,
2006-06-06,,,,,0.0,1.0,
2006-06-07,,,,,0.0,1.0,
2006-06-08,,,,,0.0,1.0,
2006-06-09,,,,,0.0,1.0,
2006-06-12,,,,,0.0,1.0,
2006-06-13,,,,,0.0,1.0,
2006-06-14,,,,,0.0,1.0,
2006-06-15,,,,,0.0,1.0,
2006-06-16,,,,,0.0,1.0,
2006-06-19,,,,,0.0,1.0,
2006-06-20,,,,,0.0,1.0,
2006-06-21,,,,,0.0,1.0,
2006-06-22,,,,,0.0,1.0,
2006-06-23,,,,,0.0,1.0,
2006-06-26,,,,,0.0,1.0,
2006-06-27,,,,,0.0,1.0,
2006-06-28,,,,,0.0,1.0,
2006-06-29,,,,,0.0,1.0,
2006-06-30,,,,,0.0,1.0,
2006-07-03,,,,,0.0,1.0,
2006-07-04,,,,,0.0,1.0,
2006-07-05,,,,,0.0,1.0,
2006-07-06,,,,,0.0,1.0,
2006-07-07,,,,,0.0,1.0,
2006-07-10,,,,,0.0,1.0,
2006-07-11,,,,,0.0,1.0,
2006-07-12,,,,,0.0,1.0,
2006-07-13,,,,,0.0,1.0,
2006-07-14,,,,,0.0,1.0,
2006-07-17,,,,,0.0,1.0,
2006-07-18,,,,,0.0,1.0,
2006-07-19,,,,,0.0,1.0,
2006-07-20,,,,,0.0,1.0,
2006-07-21,,,,,0.0,1.0,
2006-07-24,,,,,0.0,1.0,
2006-07-25,,,,,0.0,1.0,
2006-07-26,,,,,0.0,1.0,
2006-07-27,,,,,0.0,1.0,
2006-07-28,,,,,0.0,1.0,
2006-07-31,,,,,0.0,1.0,
2006-08-01,,,,,0.0,1.0,
2006-08-02,,,,,0.0,1.0,
2006-08-03,,,,,0.0,1.0,
2006-08-04,,,,,0.0,1.0,
2006-08-07,,,,,0.0,1.0,
2006-08-08,,,,,0.0,1.0,
2006-08-09,,,,,0.0,1.0,
2006-08-10,,,,,0.0,1.0,
2006-08-11,,,,,0.0,1.0,
2006-08-14,,,,,0.0,1.0,
2006-08-15,,,,,0.0,1.0,
2006-08-16,,,,,0.0,1.0,
2006-08-17,,,,,0.0,1.0,
2006-08-18,,,,,0.0,1.0,
2006-08-21,,,,,0.0,1.0,
2006-08-22,,,,,0.0,1.0,
2006-08-23,,,,,0.0,1.0,
2006-08-24,,,,,0.0,1.0,
2006-08-25,,,,,0.0,1.0,
2006-08-28,,,,,0.0,1.0,
2006-08-29,,,,,0.0,1.0,
2006-08-30,,,,,0.0,1.0,
2006-08-31,,,,,0.0,1.0,
2006-09-01,,,,,0.0,1.0,
2006-09-04,,,,,0.0,1.0,
2006-09-05,,,,,0.0,1.0,
2006-09-06,,,,,0.0,1.0,
2006-09-07,,,,,0.0,1.0,
2006-09-08,,,,,0.0,1.0,
2006-09-11,,,,,0.0,1.0,
2006-09-12,,,,,0.0,1.0,
2006-09-13,,,,,0.0,1.0,
2006-09-14,,,,,0.0,1.0,
2006-09-15,,,,,0.0,1.0,
2006-09-18,,,,,0.0,1.0,
2006-09-19,,,,,0.0,1.0,
2006-09-20,,,,,0.0,1.0,
2006-09-21,,,,,0.0,1.0,
2006-09-22,,,,,0.0,1.0,
2006-09-25,,,,,0.0,1.0,
2006-09-26,,,,,0.0,1.0,
2006-09-27,,,,,0.0,1.0,
2006-09-28,,,,,0.0,1.0,
2006-09-29,,,,,0.0,1.0,
2006-10-02,,,,,0.0,1.0,
2006-10-03,,,,,0.0,1.0,
2006-10-04,,,,,0.0,1.0,
2006-10-05,,,,,0.0,1.0,
2006-10-06,,,,,0.0,1.0,
2006-10-09,,,,,0.0,1.0,
2006-10-10,,,,,0.0,1.0,
2006-10-11,,,,,0.0,1.0,
2006-10-12,,,,,0.0,1.0,
2006-10-13,,,,,0.0,1.0,
2006-10-16,,,,,0.0,1.0,
2006-10-17,,,,,0.0,1.0,
2006-10-18,,,,,0.0,1.0,
2006-10-19,,,,,0.0,1.0,
2006-10-20,,,,,0.0,1.0,
2006-10-23,,,,,0.0,1.0,
2006-10-24,,,,,0.0,1.0,
2006-10-25,,,,,0.0,1.0,
2006-10-26,,,,,0.0,1.0,
2006-10-27,,,,,0.0,1.0,
2006-10-30,,,,,0.0,1.0,
2006-10-31,,,,,0.0,1.0,
2006-11-01,,,,,0.0,1.0,
2006-11-02,,,,,0.0,1.0,
2006-11-03,,,,,0.0,1.0,
2006-11-06,,,,,0.0,1.0,
2006-11-07,,,,,0.0,1.0,
2006-11-08,,,,,0.0,1.0,
2006-11-09,,,,,0.0,1.0,
2006-11-10,,,,,0.0,1.0,
2006-11-13,,,,,0.0,1.0,
2006-11-14,,,,,0.0,1.0,
2006-11-15,,,,,0.0,1.0,
2006-11-16,,,,,0.0,1.0,
2006-11-17,,,,,0.0,1.0,
2006-11-20,,,,,0.0,1.0,
2006-11-21,,,,,0.0,1.0,
2006-11-22,,,,,0.0,1.0,
2006-11-23,,,,,0.0,1.0,
2006-11-24,,,,,0.0,1.0,
2006-11-27,,,,,0.0,1.0,
2006-11-28,,,,,0.0,1.0,
2006-11-29,,,,,0.0,1.0,
2006-11-30,,,,,0.0,1.0,
2006-12-01,,,,,0.0,1.0,
2006-12-04,,,,,0.0,1.0,
2006-12-05,,,,,0.0,1.0,
2006-12-06,,,,,0.0,1.0,
2006-12-07,,,,,0.0,1.0,
2006-12-08,,,,,0.0,1.0,
2006-12-11,,,,,0.0,1.0,
2006-12-12,,,,,0.0,1.0,
2006-12-13,,,,,0.0,1.0,
2006-12-14,,,,,0.0,1.0,
2006-12-15,,,,,0.0,1.0,
2006-12-18,,,,,0.0,1.0,
2006-12-19,,,,,0.0,1.0,
2006-12-20,,,,,0.0,1.0,
2006-12-21,,,,,0.0,1.0,
2006-12-22,,,,,0.0,1.0,
2006-12-25,,,,,0.0,1.0,
2006-12-26,,,,,0.0,1.0,
2006-12-27,,,,,0.0,1.0,
2006-12-28,,,,,0.0,1.0,
2006-12-29,,,,,0.0,1.0,
2007-01-01,,,,,0.0,1.0,
2007-01-02,,,,,0.0,1.0,
2007-01-03,,,,,0.0,1.0,
2007-01-04,,,,,0.0,1.0,
2007-01-05,,,,,0.0,1.0,
2007-01-08,,,,,0.0,1.0,
2007-01-09,,,,,0.0,1.0,
2007-01-10,,,,,0.0,1.0,
2007-01-11,,,,,0.0,1.0,
2007-01-12,,,,,0.0,1.0,
2007-01-15,,,,,0.0,1.0,
2007-01-16,,,,,0.0,1.0,
2007-01-17,,,,,0.0,1.0,
2007-01-18,,,,,0.0,1.0,
2007-01-19,,,,,0.0,1.0,
2007-01-22,,,,,0.0,1.0,
2007-01-23,,,,,0.0,1.0,
2007-01-24,,,,,0.0,1.0,
2007-01-25,,,,,0.0,1.0,
2007-01-26,,,,,0.0,1.0,
2007-01-29,,,,,0.0,1.0,
2007-01-30,,,,,0.0,1.0,
2007-01-31,,,,,0.0,1.0,
2007-02-01,,,,,0.0,1.0,
2007-02-02,,,,,0.0,1.0,
2007-02-05,,,,,0.0,1.0,
2007-02-06,,,,,0.0,1.0,
2007-02-07,,,,,0.0,1.0,
2007-02-08,,,,,0.0,1.0,
2007-02-09,,,,,0.0,1.0,
2007-02-12,,,,,0.0,1.0,
2007-02-13,,,,,0.0,1.0,
2007-02-14,,,,,0.0,1.0,
2007-02-15,,,,,0.0,1.0,
2007-02-16,,,,,0.0,1.0,
2007-02-19,,,,,0.0,1.0,
2007-02-20,,,,,0.0,1.0,
2007-02-21,,,,,0.0,1.0,
2007-02-22,,,,,0.0,1.0,
2007-02-23,,,,,0.0,1.0,
2007-02-26,,,,,0.0,1.0,
2007-02-27,,,,,0.0,1.0,
2007-02-28,,,,,0.0,1.0,
2007-03-01,,,,,0.0,1.0,
2007-03-02,,,,,0.0,1.0,
2007-03-05,,,,,0.0,1.0,
2007-03-06,,,,,0.0,1.0,
2007-03-07,,,,,0.0,1.0,
2007-03-08,,,,,0.0,1.0,
2007-03-09,,,,,0.0,1.0,
2007-03-12,,,,,0.0,1.0,
2007-03-13,,,,,0.0,1.0,
2007-03-14,,,,,0.0,1.0,
2007-03-15,,,,,0.0,1.0,
2007-03-16,,,,,0.0,1.0,
2007-03-19,,,,,0.0,1.0,
2007-03-20,,,,,0.0,1.0,
2007-03-21,,,,,0.0,1.0,
2007-03-22,,,,,0.0,1.0,
2007-03-23,,,,,0.0,1.0,
2007-03-26,,,,,0.0,1.0,
2007-03-27,,,,,0.0,1.0,
2007-03-28,,,,,0.0,1.0,
2007-03-29,,,,,0.0,1.0,
2007-03-30,,,,,0.0,1.0,
2007-04-02,,,,,0.0,1.0,
2007-04-03,,,,,0.0,1.0,
2007-04-04,,,,,0.0,1.0,
2007-04-05,,,,,0.0,1.0,
2007-04-06,,,,,0.0,1.0,
2007-04-09,,,,,0.0,1.0,
2007-04-10,,,,,0.0,1.0,
2007-04-11,,,,,0.0,1.0,
2007-04-12,,,,,0.0,1.0,
2007-04-13,,,,,0.0,1.0,
2007-04-16,,,,,0.0,1.0,
2007-04-17,,,,,0.0,1.0,
2007-04-18,,,,,0.0,1.0,
2007-04-19,,,,,0.0,1.0,
2007-04-20,,,,,0.0,1.0,
2007-04-23,,,,,0.0,1.0,
2007-04-24,,,,,0.0,1.0,
2007-04-25,,,,,0.0,1.0,
2007-04-26,,,,,0.0,1.0,
2007-04-27,,,,,0.0,1.0,
2007-04-30,,,,,0.0,1.0,
2007-05-01,,,,,0.0,1.0,
2007-05-02,,,,,0.0,1.0,
2007-05-03,,,,,0.0,1.0,
2007-05-04,,,,,0.0,1.0,
2007-05-06,,,,,0.0,1.0,
2007-05-07,,,,,0.0,1.0,
2007-05-08,,,,,0.0,1.0,
2007-05-09,,,,,0.0,1.0,
2007-05-10,,,,,0.0,1.0,
2007-05-11,,,,,0.0,1.0,
2007-05-14,,,,,0.0,1.0,
2007-05-15,,,,,0.0,1.0,
2007-05-16,,,,,0.0,1.0,
2007-05-17,,,,,0.0,1.0,
2007-05-18,,,,,0.0,1.0,
2007-05-21,,,,,0.0,1.0,
2007-05-22,,,,,0.0,1.0,
2007-05-23,,,,,0.0,1.0,
2007-05-24,,,,,0.0,1.0,
2007-05-25,,,,,0.0,1.0,
2007-05-28,,,,,0.0,1.0,
2007-05-29,,,,,0.0,1.0,
2007-05-30,,,,,0.0,1.0,
2007-05-31,,,,,0.0,1.0,
2007-06-01,,,,,0.0,1.0,
2007-06-04,,,,,0.0,1.0,
2007-06-05,,,,,0.0,1.0,
2007-06-06,,,,,0.0,1.0,
2007-06-07,,,,,0.0,1.0,
2007-06-08,,,,,0.0,1.0,
2007-06-11,,,,,0.0,1.0,
2007-06-12,,,,,0.0,1.0,
2007-06-13,,,,,0.0,1.0,
2007-06-14,,,,,0.0,1.0,
2007-06-15,,,,,0.0,1.0,
2007-06-18,,,,,0.0,1.0,
2007-06-19,,,,,0.0,1.0,
2007-06-20,,,,,0.0,1.0,
2007-06-21,,,,,0.0,1.0,
2007-06-22,,,,,0.0,1.0,
2007-06-25,,,,,0.0,1.0,
2007-06-26,,,,,0.0,1.0,
2007-06-27,,,,,0.0,1.0,
2007-06-28,,,,,0.0,1.0,
2007-06-29,,,,,0.0,1.0,
2007-07-02,,,,,0.0,1.0,
2007-07-03,,,,,0.0,1.0,
2007-07-04,,,,,0.0,1.0,
2007-07-05,,,,,0.0,1.0,
2007-07-06,,,,,0.0,1.0,
2007-07-09,,,,,0.0,1.0,
2007-07-10,,,,,0.0,1.0,
2007-07-11,,,,,0.0,1.0,
2007-07-12,,,,,0.0,1.0,
2007-07-13,,,,,0.0,1.0,
2007-07-16,,,,,0.0,1.0,
2007-07-17,,,,,0.0,1.0,
2007-07-18,,,,,0.0,1.0,
2007-07-19,,,,,0.0,1.0,
2007-07-20,,,,,0.0,1.0,
2007-07-23,,,,,0.0,1.0,
2007-07-24,,,,,0.0,1.0,
2007-07-25,,,,,0.0,1.0,
2007-07-26,,,,,0.0,1.0,
2007-07-27,,,,,0.0,1.0,
2007-07-30,,,,,0.0,1.0,
2007-07-31,,,,,0.0,1.0,
2007-08-01,,,,,0.0,1.0,
2007-08-02,,,,,0.0,1.0,
2007-08-03,,,,,0.0,1.0,
2007-08-06,,,,,0.0,1.0,
2007-08-07,,,,,0.0,1.0,
2007-08-08,,,,,0.0,1.0,
2007-08-09,,,,,0.0,1.0,
2007-08-10,,,,,0.0,1.0,
2007-08-13,,,,,0.0,1.0,
2007-08-14,,,,,0.0,1.0,
2007-08-15,,,,,0.0,1.0,
2007-08-16,,,,,0.0,1.0,
2007-08-17,,,,,0.0,1.0,
2007-08-20,,,,,0.0,1.0,
2007-08-21,,,,,0.0,1.0,
2007-08-22,,,,,0.0,1.0,
2007-08-23,,,,,0.0,1.0,
2007-08-24,,,,,0.0,1.0,
2007-08-27,,,,,0.0,1.0,
2007-08-28,,,,,0.0,1.0,
2007-08-29,,,,,0.0,1.0,
2007-08-30,,,,,0.0,1.0,
2007-08-31,,,,,0.0,1.0,
2007-09-03,,,,,0.0,1.0,
2007-09-04,,,,,0.0,1.0,
2007-09-05,,,,,0.0,1.0,
2007-09-06,,,,,0.0,1.0,
2007-09-07,,,,,0.0,1.0,
2007-09-10,,,,,0.0,1.0,
2007-09-11,,,,,0.0,1.0,
2007-09-12,,,,,0.0,1.0,
2007-09-13,,,,,0.0,1.0,
2007-09-14,,,,,0.0,1.0,
2007-09-17,,,,,0.0,1.0,
2007-09-18,,,,,0.0,1.0,
2007-09-19,,,,,0.0,1.0,
2007-09-20,,,,,0.0,1.0,
2007-09-21,,,,,0.0,1.0,
2007-09-24,,,,,0.0,1.0,
2007-09-25,,,,,0.0,1.0,
2007-09-26,,,,,0.0,1.0,
2007-09-27,,,,,0.0,1.0,
2007-09-28,,,,,0.0,1.0,
2007-10-01,,,,,0.0,1.0,
2007-10-02,,,,,0.0,1.0,
2007-10-03,,,,,0.0,1.0,
2007-10-04,,,,,0.0,1.0,
2007-10-05,,,,,0.0,1.0,
2007-10-08,,,,,0.0,1.0,
2007-10-09,,,,,0.0,1.0,
2007-10-10,,,,,0.0,1.0,
2007-10-11,,,,,0.0,1.0,
2007-10-12,,,,,0.0,1.0,
2007-10-15,,,,,0.0,1.0,
2007-10-16,,,,,0.0,1.0,
2007-10-17,,,,,0.0,1.0,
2007-10-18,,,,,0.0,1.0,
2007-10-19,,,,,0.0,1.0,
2007-10-22,,,,,0.0,1.0,
2007-10-23,,,,,0.0,1.0,
2007-10-24,,,,,0.0,1.0,
2007-10-25,,,,,0.0,1.0,
2007-10-26,,,,,0.0,1.0,
2007-10-29,,,,,0.0,1.0,
2007-10-30,,,,,0.0,1.0,
2007-10-31,,,,,0.0,1.0,
2007-11-01,,,,,0.0,1.0,
2007-11-02,,,,,0.0,1.0,
2007-11-05,,,,,0.0,1.0,
2007-11-06,,,,,0.0,1.0,
2007-11-07,,,,,0.0,1.0,
2007-11-08,,,,,0.0,1.0,
2007-11-09,,,,,0.0,1.0,
2007-11-12,,,,,0.0,1.0,
2007-11-13,,,,,0.0,1.0,
2007-11-14,,,,,0.0,1.0,
2007-11-15,,,,,0.0,1.0,
2007-11-16,,,,,0.0,1.0,
2007-11-19,,,,,0.0,1.0,
2007-11-20,,,,,0.0,1.0,
2007-11-21,,,,,0.0,1.0,
2007-11-22,,,,,0.0,1.0,
2007-11-23,,,,,0.0,1.0,
2007-11-26,,,,,0.0,1.0,
2007-11-27,,,,,0.0,1.0,
2007-11-28,,,,,0.0,1.0,
2007-11-29,,,,,0.0,1.0,
2007-11-30,,,,,0.0,1.0,
2007-12-03,,,,,0.0,1.0,
2007-12-04,,,,,0.0,1.0,
2007-12-05,,,,,0.0,1.0,
2007-12-06,,,,,0.0,1.0,
2007-12-07,,,,,0.0,1.0,
2007-12-10,,,,,0.0,1.0,
2007-12-11,,,,,0.0,1.0,
2007-12-12,,,,,0.0,1.0,
2007-12-13,,,,,0.0,1.0,
2007-12-14,,,,,0.0,1.0,
2007-12-17,,,,,0.0,1.0,
2007-12-18,,,,,0.0,1.0,
2007-12-19,,,,,0.0,1.0,
2007-12-20,,,,,0.0,1.0,
2007-12-21,,,,,0.0,1.0,
2007-12-24,,,,,0.0,1.0,
2007-12-25,,,,,0.0,1.0,
2007-12-26,,,,,0.0,1.0,
2007-12-27,,,,,0.0,1.0,
2007-12-28,,,,,0.0,1.0,
2007-12-31,,,,,0.0,1.0,
2008-01-01,,,,,0.0,1.0,
2008-01-02,,,,,0.0,1.0,
2008-01-03,,,,,0.0,1.0,
2008-01-04,,,,,0.0,1.0,
2008-01-07,,,,,0.0,1.0,
2008-01-08,,,,,0.0,1.0,
2008-01-09,,,,,0.0,1.0,
2008-01-10,,,,,0.0,1.0,
2008-01-11,,,,,0.0,1.0,
2008-01-14,,,,,0.0,1.0,
2008-01-15,,,,,0.0,1.0,
2008-01-16,,,,,0.0,1.0,
2008-01-17,,,,,0.0,1.0,
2008-01-18,,,,,0.0,1.0,
2008-01-21,,,,,0.0,1.0,
2008-01-22,,,,,0.0,1.0,
2008-01-23,,,,,0.0,1.0,
2008-01-24,,,,,0.0,1.0,
2008-01-25,,,,,0.0,1.0,
2008-01-28,,,,,0.0,1.0,
2008-01-29,,,,,0.0,1.0,
2008-01-30,,,,,0.0,1.0,
2008-01-31,,,,,0.0,1.0,
2008-02-01,,,,,0.0,1.0,
2008-02-04,,,,,0.0,1.0,
2008-02-05,,,,,0.0,1.0,
2008-02-06,,,,,0.0,1.0,
2008-02-07,,,,,0.0,1.0,
2008-02-08,,,,,0.0,1.0,
2008-02-11,,,,,0.0,1.0,
2008-02-12,,,,,0.0,1.0,
2008-02-13,,,,,0.0,1.0,
2008-02-14,,,,,0.0,1.0,
2008-02-15,,,,,0.0,1.0,
2008-02-18,,,,,0.0,1.0,
2008-02-19,,,,,0.0,1.0,
2008-02-20,,,,,0.0,1.0,
2008-02-21,,,,,0.0,1.0,
2008-02-22,,,,,0.0,1.0,
2008-02-25,,,,,0.0,1.0,
2008-02-26,,,,,0.0,1.0,
2008-02-27,,,,,0.0,1.0,
2008-02-28,,,,,0.0,1.0,
2008-02-29,,,,,0.0,1.0,
2008-03-03,,,,,0.0,1.0,
2008-03-04,,,,,0.0,1.0,
2008-03-05,,,,,0.0,1.0,
2008-03-06,,,,,0.0,1.0,
2008-03-07,,,,,0.0,1.0,
2008-03-10,,,,,0.0,1.0,
2008-03-11,,,,,0.0,1.0,
2008-03-12,,,,,0.0,1.0,
2008-03-13,,,,,0.0,1.0,
2008-03-14,,,,,0.0,1.0,
2008-03-17,,,,,0.0,1.0,
2008-03-18,,,,,0.0,1.0,
2008-03-19,,,,,0.0,1.0,
2008-03-20,,,,,0.0,1.0,
2008-03-21,,,,,0.0,1.0,
2008-03-24,,,,,0.0,1.0,
2008-03-25,,,,,0.0,1.0,
2008-03-26,,,,,0.0,1.0,
2008-03-27,,,,,0.0,1.0,
2008-03-28,,,,,0.0,1.0,
2008-03-31,,,,,0.0,1.0,
2008-04-01,,,,,0.0,1.0,
2008-04-02,,,,,0.0,1.0,
2008-04-03,,,,,0.0,1.0,
2008-04-04,,,,,0.0,1.0,
2008-04-07,,,,,0.0,1.0,
2008-04-08,,,,,0.0,1.0,
2008-04-09,,,,,0.0,1.0,
2008-04-10,,,,,0.0,1.0,
2008-04-11,,,,,0.0,1.0,
2008-04-14,,,,,0.0,1.0,
2008-04-15,,,,,0.0,1.0,
2008-04-16,,,,,0.0,1.0,
2008-04-17,,,,,0.0,1.0,
2008-04-18,,,,,0.0,1.0,
2008-04-21,,,,,0.0,1.0,
2008-04-22,,,,,0.0,1.0,
2008-04-23,,,,,0.0,1.0,
2008-04-24,,,,,0.0,1.0,
2008-04-25,,,,,0.0,1.0,
2008-04-28,,,,,0.0,1.0,
2008-04-29,,,,,0.0,1.0,
2008-04-30,,,,,0.0,1.0,
2008-05-01,,,,,0.0,1.0,
2008-05-02,,,,,0.0,1.0,
2008-05-05,,,,,0.0,1.0,
2008-05-06,,,,,0.0,1.0,
2008-05-07,,,,,0.0,1.0,
2008-05-08,,,,,0.0,1.0,
2008-05-09,,,,,0.0,1.0,
2008-05-12,,,,,0.0,1.0,
2008-05-13,,,,,0.0,1.0,
2008-05-14,,,,,0.0,1.0,
2008-05-15,,,,,0.0,1.0,
2008-05-16,,,,,0.0,1.0,
2008-05-19,,,,,0.0,1.0,
2008-05-20,,,,,0.0,1.0,
2008-05-21,,,,,0.0,1.0,
2008-05-22,,,,,0.0,1.0,
2008-05-23,,,,,0.0,1.0,
2008-05-26,,,,,0.0,1.0,
2008-05-27,,,,,0.0,1.0,
2008-05-28,,,,,0.0,1.0,
2008-05-29,,,,,0.0,1.0,
2008-05-30,,,,,0.0,1.0,
2008-06-02,,,,,0.0,1.0,
2008-06-03,,,,,0.0,1.0,
2008-06-04,,,,,0.0,1.0,
2008-06-05,,,,,0.0,1.0,
2008-06-06,,,,,0.0,1.0,
2008-06-09,,,,,0.0,1.0,
2008-06-10,,,,,0.0,1.0,
2008-06-11,,,,,0.0,1.0,
2008-06-12,,,,,0.0,1.0,
2008-06-13,,,,,0.0,1.0,
2008-06-16,,,,,0.0,1.0,
2008-06-17,,,,,0.0,1.0,
2008-06-18,,,,,0.0,1.0,
2008-06-19,,,,,0.0,1.0,
2008-06-20,,,,,0.0,1.0,
2008-06-23,,,,,0.0,1.0,
2008-06-24,,,,,0.0,1.0,
2008-06-25,,,,,0.0,1.0,
2008-06-26,,,,,0.0,1.0,
2008-06-27,,,,,0.0,1.0,
2008-06-30,,,,,0.0,1.0,
2008-07-01,,,,,0.0,1.0,
2008-07-02,,,,,0.0,1.0,
2008-07-03,,,,,0.0,1.0,
2008-07-04,,,,,0.0,1.0,
2008-07-07,,,,,0.0,1.0,
2008-07-08,,,,,0.0,1.0,
2008-07-09,,,,,0.0,1.0,
2008-07-10,,,,,0.0,1.0,
2008-07-11,,,,,0.0,1.0,
2008-07-14,,,,,0.0,1.0,
2008-07-15,,,,,0.0,1.0,
2008-07-16,,,,,0.0,1.0,
2008-07-17,,,,,0.0,1.0,
2008-07-18,,,,,0.0,1.0,
2008-07-21,,,,,0.0,1.0,
2008-07-22,,,,,0.0,1.0,
2008-07-23,,,,,0.0,1.0,
2008-07-24,,,,,0.0,1.0,
2008-07-25,,,,,0.0,1.0,
2008-07-28,,,,,0.0,1.0,
2008-07-29,,,,,0.0,1.0,
2008-07-30,,,,,0.0,1.0,
2008-07-31,,,,,0.0,1.0,
2008-08-01,,,,,0.0,1.0,
2008-08-04,,,,,0.0,1.0,
2008-08-05,,,,,0.0,1.0,
2008-08-06,,,,,0.0,1.0,
2008-08-07,,,,,0.0,1.0,
2008-08-08,,,,,0.0,1.0,
2008-08-11,,,,,0.0,1.0,
2008-08-12,,,,,0.0,1.0,
2008-08-13,,,,,0.0,1.0,
2008-08-14,,,,,0.0,1.0,
2008-08-15,,,,,0.0,1.0,
2008-08-18,,,,,0.0,1.0,
2008-08-19,,,,,0.0,1.0,
2008-08-20,,,,,0.0,1.0,
2008-08-21,,,,,0.0,1.0,
2008-08-22,,,,,0.0,1.0,
2008-08-25,,,,,0.0,1.0,
2008-08-26,,,,,0.0,1.0,
2008-08-27,,,,,0.0,1.0,
2008-08-28,,,,,0.0,1.0,
2008-08-29,,,,,0.0,1.0,
2008-09-01,,,,,0.0,1.0,
2008-09-02,,,,,0.0,1.0,
2008-09-03,,,,,0.0,1.0,
2008-09-04,,,,,0.0,1.0,
2008-09-05,,,,,0.0,1.0,
2008-09-08,,,,,0.0,1.0,
2008-09-09,,,,,0.0,1.0,
2008-09-10,,,,,0.0,1.0,
2008-09-11,,,,,0.0,1.0,
2008-09-12,,,,,0.0,1.0,
2008-09-15,,,,,0.0,1.0,
2008-09-16,,,,,0.0,1.0,
2008-09-17,,,,,0.0,1.0,
2008-09-18,,,,,0.0,1.0,
2008-09-19,,,,,0.0,1.0,
2008-09-22,,,,,0.0,1.0,
2008-09-23,,,,,0.0,1.0,
2008-09-24,,,,,0.0,1.0,
2008-09-25,,,,,0.0,1.0,
2008-09-26,,,,,0.0,1.0,
2008-09-29,,,,,0.0,1.0,
2008-09-30,,,,,0.0,1.0,
2008-10-01,,,,,0.0,1.0,
2008-10-02,,,,,0.0,1.0,
2008-10-03,,,,,0.0,1.0,
2008-10-06,,,,,0.0,1.0,
2008-10-07,,,,,0.0,1.0,
2008-10-08,,,,,0.0,1.0,
2008-10-09,,,,,0.0,1.0,
2008-10-10,,,,,0.0,1.0,
2008-10-13,,,,,0.0,1.0,
2008-10-14,,,,,0.0,1.0,
2008-10-15,,,,,0.0,1.0,
2008-10-16,,,,,0.0,1.0,
2008-10-17,,,,,0.0,1.0,
2008-10-20,,,,,0.0,1.0,
2008-10-21,,,,,0.0,1.0,
2008-10-22,,,,,0.0,1.0,
2008-10-23,,,,,0.0,1.0,
2008-10-24,,,,,0.0,1.0,
2008-10-27,,,,,0.0,1.0,
2008-10-28,,,,,0.0,1.0,
2008-10-29,,,,,0.0,1.0,
2008-10-30,,,,,0.0,1.0,
2008-10-31,,,,,0.0,1.0,
2008-11-03,,,,,0.0,1.0,
2008-11-04,,,,,0.0,1.0,
2008-11-05,,,,,0.0,1.0,
2008-11-06,,,,,0.0,1.0,
2008-11-07,,,,,0.0,1.0,
2008-11-10,,,,,0.0,1.0,
2008-11-11,,,,,0.0,1.0,
2008-11-12,,,,,0.0,1.0,
2008-11-13,,,,,0.0,1.0,
2008-11-14,,,,,0.0,1.0,
2008-11-17,,,,,0.0,1.0,
2008-11-18,,,,,0.0,1.0,
2008-11-19,,,,,0.0,1.0,
2008-11-20,,,,,0.0,1.0,
2008-11-21,,,,,0.0,1.0,
2008-11-24,,,,,0.0,1.0,
2008-11-25,,,,,0.0,1.0,
2008-11-26,,,,,0.0,1.0,
2008-11-27,,,,,0.0,1.0,
2008-11-28,,,,,0.0,1.0,
2008-12-01,,,,,0.0,1.0,
2008-12-02,,,,,0.0,1.0,
2008-12-03,,,,,0.0,1.0,
2008-12-04,,,,,0.0,1.0,
2008-12-05,,,,,0.0,1.0,
2008-12-08,,,,,0.0,1.0,
2008-12-09,,,,,0.0,1.0,
2008-12-10,,,,,0.0,1.0,
2008-12-11,,,,,0.0,1.0,
2008-12-12,,,,,0.0,1.0,
2008-12-15,,,,,0.0,1.0,
2008-12-16,,,,,0.0,1.0,
2008-12-17,,,,,0.0,1.0,
2008-12-18,,,,,0.0,1.0,
2008-12-19,,,,,0.0,1.0,
2008-12-22,,,,,0.0,1.0,
2008-12-23,,,,,0.0,1.0,
2008-12-24,,,,,0.0,1.0,
2008-12-25,,,,,0.0,1.0,
2008-12-26,,,,,0.0,1.0,
2008-12-29,,,,,0.0,1.0,
2008-12-30,,,,,0.0,1.0,
2008-12-31,,,,,0.0,1.0,
2009-01-01,,,,,0.0,1.0,
2009-01-02,,,,,0.0,1.0,
2009-01-05,,,,,0.0,1.0,
2009-01-06,,,,,0.0,1.0,
2009-01-07,,,,,0.0,1.0,
2009-01-08,,,,,0.0,1.0,
2009-01-09,,,,,0.0,1.0,
2009-01-12,,,,,0.0,1.0,
2009-01-13,,,,,0.0,1.0,
2009-01-14,,,,,0.0,1.0,
2009-01-15,,,,,0.0,1.0,
2009-01-16,,,,,0.0,1.0,
2009-01-19,,,,,0.0,1.0,
2009-01-20,,,,,0.0,1.0,
2009-01-21,,,,,0.0,1.0,
2009-01-22,,,,,0.0,1.0,
2009-01-23,,,,,0.0,1.0,
2009-01-26,,,,,0.0,1.0,
2009-01-27,,,,,0.0,1.0,
2009-01-28,,,,,0.0,1.0,
2009-01-29,,,,,0.0,1.0,
2009-01-30,,,,,0.0,1.0,
2009-02-02,,,,,0.0,1.0,
2009-02-03,,,,,0.0,1.0,
2009-02-04,,,,,0.0,1.0,
2009-02-05,,,,,0.0,1.0,
2009-02-06,,,,,0.0,1.0,
2009-02-09,,,,,0.0,1.0,
2009-02-10,,,,,0.0,1.0,
2009-02-11,,,,,0.0,1.0,
2009-02-12,,,,,0.0,1.0,
2009-02-13,,,,,0.0,1.0,
2009-02-16,,,,,0.0,1.0,
2009-02-17,,,,,0.0,1.0,
2009-02-18,,,,,0.0,1.0,
2009-02-19,,,,,0.0,1.0,
2009-02-20,,,,,0.0,1.0,
2009-02-23,,,,,0.0,1.0,
2009-02-24,,,,,0.0,1.0,
2009-02-25,,,,,0.0,1.0,
2009-02-26,,,,,0.0,1.0,
2009-02-27,,,,,0.0,1.0,
2009-03-02,,,,,0.0,1.0,
2009-03-03,,,,,0.0,1.0,
2009-03-04,,,,,0.0,1.0,
2009-03-05,,,,,0.0,1.0,
2009-03-06,,,,,0.0,1.0,
2009-03-09,,,,,0.0,1.0,
2009-03-10,,,,,0.0,1.0,
2009-03-11,,,,,0.0,1.0,
2009-03-12,,,,,0.0,1.0,
2009-03-13,,,,,0.0,1.0,
2009-03-16,,,,,0.0,1.0,
2009-03-17,,,,,0.0,1.0,
2009-03-18,,,,,0.0,1.0,
2009-03-19,,,,,0.0,1.0,
2009-03-20,,,,,0.0,1.0,
2009-03-23,,,,,0.0,1.0,
2009-03-24,,,,,0.0,1.0,
2009-03-25,,,,,0.0,1.0,
2009-03-26,,,,,0.0,1.0,
2009-03-27,,,,,0.0,1.0,
2009-03-29,,,,,0.0,1.0,
2009-03-30,,,,,0.0,1.0,
2009-03-31,,,,,0.0,1.0,
2009-04-01,,,,,0.0,1.0,
2009-04-02,,,,,0.0,1.0,
2009-04-03,,,,,0.0,1.0,
2009-04-06,,,,,0.0,1.0,
2009-04-07,,,,,0.0,1.0,
2009-04-08,,,,,0.0,1.0,
2009-04-09,,,,,0.0,1.0,
2009-04-10,,,,,0.0,1.0,
2009-04-13,,,,,0.0,1.0,
2009-04-14,,,,,0.0,1.0,
2009-04-15,,,,,0.0,1.0,
2009-04-16,,,,,0.0,1.0,
2009-04-17,,,,,0.0,1.0,
2009-04-20,,,,,0.0,1.0,
2009-04-21,,,,,0.0,1.0,
2009-04-22,,,,,0.0,1.0,
2009-04-23,,,,,0.0,1.0,
2009-04-24,,,,,0.0,1.0,
2009-04-27,,,,,0.0,1.0,
2009-04-28,,,,,0.0,1.0,
2009-04-29,,,,,0.0,1.0,
2009-04-30,,,,,0.0,1.0,
2009-05-01,,,,,0.0,1.0,
2009-05-04,,,,,0.0,1.0,
2009-05-05,,,,,0.0,1.0,
2009-05-06,,,,,0.0,1.0,
2009-05-07,,,,,0.0,1.0,
2009-05-08,,,,,0.0,1.0,
2009-05-11,,,,,0.0,1.0,
2009-05-12,,,,,0.0,1.0,
2009-05-13,,,,,0.0,1.0,
2009-05-14,,,,,0.0,1.0,
2009-05-15,,,,,0.0,1.0,
2009-05-18,,,,,0.0,1.0,
2009-05-19,,,,,0.0,1.0,
2009-05-20,,,,,0.0,1.0,
2009-05-21,,,,,0.0,1.0,
2009-05-22,,,,,0.0,1.0,
2009-05-25,,,,,0.0,1.0,
2009-05-26,,,,,0.0,1.0,
2009-05-27,,,,,0.0,1.0,
2009-05-28,,,,,0.0,1.0,
2009-05-29,,,,,0.0,1.0,
2009-06-01,,,,,0.0,1.0,
2009-06-02,,,,,0.0,1.0,
2009-06-03,,,,,0.0,1.0,
2009-06-04,,,,,0.0,1.0,
2009-06-05,,,,,0.0,1.0,
2009-06-08,,,,,0.0,1.0,
2009-06-09,,,,,0.0,1.0,
2009-06-10,,,,,0.0,1.0,
2009-06-11,,,,,0.0,1.0,
2009-06-12,,,,,0.0,1.0,
2009-06-15,,,,,0.0,1.0,
2009-06-16,,,,,0.0,1.0,
2009-06-17,,,,,0.0,1.0,
2009-06-18,,,,,0.0,1.0,
2009-06-19,,,,,0.0,1.0,
2009-06-22,,,,,0.0,1.0,
2009-06-23,,,,,0.0,1.0,
2009-06-24,,,,,0.0,1.0,
2009-06-25,,,,,0.0,1.0,
2009-06-26,,,,,0.0,1.0,
2009-06-29,,,,,0.0,1.0,
2009-06-30,,,,,0.0,1.0,
2009-07-01,,,,,0.0,1.0,
2009-07-02,,,,,0.0,1.0,
2009-07-03,,,,,0.0,1.0,
2009-07-06,,,,,0.0,1.0,
2009-07-07,,,,,0.0,1.0,
2009-07-08,,,,,0.0,1.0,
2009-07-09,,,,,0.0,1.0,
2009-07-10,,,,,0.0,1.0,
2009-07-13,,,,,0.0,1.0,
2009-07-14,,,,,0.0,1.0,
2009-07-15,,,,,0.0,1.0,
2009-07-16,,,,,0.0,1.0,
2009-07-17,,,,,0.0,1.0,
2009-07-20,,,,,0.0,1.0,
2009-07-21,,,,,0.0,1.0,
2009-07-22,,,,,0.0,1.0,
2009-07-23,,,,,0.0,1.0,
2009-07-24,,,,,0.0,1.0,
2009-07-27,,,,,0.0,1.0,
2009-07-28,,,,,0.0,1.0,
2009-07-29,,,,,0.0,1.0,
2009-07-30,,,,,0.0,1.0,
2009-07-31,,,,,0.0,1.0,
2009-08-03,,,,,0.0,1.0,
2009-08-04,,,,,0.0,1.0,
2009-08-05,,,,,0.0,1.0,
2009-08-06,,,,,0.0,1.0,
2009-08-07,,,,,0.0,1.0,
2009-08-10,,,,,0.0,1.0,
2009-08-11,,,,,0.0,1.0,
2009-08-12,,,,,0.0,1.0,
2009-08-13,,,,,0.0,1.0,
2009-08-14,,,,,0.0,1.0,
2009-08-17,,,,,0.0,1.0,
2009-08-18,,,,,0.0,1.0,
2009-08-19,,,,,0.0,1.0,
2009-08-20,,,,,0.0,1.0,
2009-08-21,,,,,0.0,1.0,
2009-08-24,,,,,0.0,1.0,
2009-08-25,,,,,0.0,1.0,
2009-08-26,,,,,0.0,1.0,
2009-08-27,,,,,0.0,1.0,
2009-08-28,,,,,0.0,1.0,
2009-08-31,,,,,0.0,1.0,
2009-09-01,,,,,0.0,1.0,
2009-09-02,,,,,0.0,1.0,
2009-09-03,,,,,0.0,1.0,
2009-09-04,,,,,0.0,1.0,
2009-09-07,,,,,0.0,1.0,
2009-09-08,,,,,0.0,1.0,
2009-09-09,,,,,0.0,1.0,
2009-09-10,,,,,0.0,1.0,
2009-09-11,,,,,0.0,1.0,
2009-09-14,,,,,0.0,1.0,
2009-09-15,,,,,0.0,1.0,
2009-09-16,,,,,0.0,1.0,
2009-09-17,,,,,0.0,1.0,
2009-09-18,,,,,0.0,1.0,
2009-09-21,,,,,0.0,1.0,
2009-09-22,,,,,0.0,1.0,
2009-09-23,,,,,0.0,1.0,
2009-09-24,,,,,0.0,1.0,
2009-09-25,,,,,0.0,1.0,
2009-09-28,,,,,0.0,1.0,
2009-09-29,,,,,0.0,1.0,
2009-09-30,,,,,0.0,1.0,
2009-10-01,,,,,0.0,1.0,
2009-10-02,,,,,0.0,1.0,
2009-10-05,,,,,0.0,1.0,
2009-10-06,,,,,0.0,1.0,
2009-10-07,,,,,0.0,1.0,
2009-10-08,,,,,0.0,1.0,
2009-10-09,,,,,0.0,1.0,
2009-10-12,,,,,0.0,1.0,
2009-10-13,,,,,0.0,1.0,
2009-10-14,,,,,0.0,1.0,
2009-10-15,,,,,0.0,1.0,
2009-10-16,,,,,0.0,1.0,
2009-10-17,,,,,0.0,1.0,
2009-10-19,,,,,0.0,1.0,
2009-10-20,,,,,0.0,1.0,
2009-10-21,,,,,0.0,1.0,
2009-10-22,,,,,0.0,1.0,
2009-10-23,,,,,0.0,1.0,
2009-10-26,,,,,0.0,1.0,
2009-10-27,,,,,0.0,1.0,
2009-10-28,,,,,0.0,1.0,
2009-10-29,,,,,0.0,1.0,
2009-10-30,,,,,0.0,1.0,
2009-11-02,,,,,0.0,1.0,
2009-11-03,,,,,0.0,1.0,
2009-11-04,,,,,0.0,1.0,
2009-11-05,,,,,0.0,1.0,
2009-11-06,,,,,0.0,1.0,
2009-11-09,,,,,0.0,1.0,
2009-11-10,,,,,0.0,1.0,
2009-11-11,,,,,0.0,1.0,
2009-11-12,,,,,0.0,1.0,
2009-11-13,,,,,0.0,1.0,
2009-11-16,,,,,0.0,1.0,
2009-11-17,,,,,0.0,1.0,
2009-11-18,,,,,0.0,1.0,
2009-11-19,,,,,0.0,1.0,
2009-11-20,,,,,0.0,1.0,
2009-11-23,,,,,0.0,1.0,
2009-11-24,,,,,0.0,1.0,
2009-11-25,,,,,0.0,1.0,
2009-11-26,,,,,0.0,1.0,
2009-11-27,,,,,0.0,1.0,
2009-11-30,,,,,0.0,1.0,
2009-12-01,,,,,0.0,1.0,
2009-12-02,,,,,0.0,1.0,
2009-12-03,,,,,0.0,1.0,
2009-12-04,,,,,0.0,1.0,
2009-12-07,,,,,0.0,1.0,
2009-12-08,,,,,0.0,1.0,
2009-12-09,,,,,0.0,1.0,
2009-12-10,,,,,0.0,1.0,
2009-12-11,,,,,0.0,1.0,
2009-12-14,,,,,0.0,1.0,
2009-12-15,,,,,0.0,1.0,
2009-12-16,,,,,0.0,1.0,
2009-12-17,,,,,0.0,1.0,
2009-12-18,,,,,0.0,1.0,
2009-12-21,,,,,0.0,1.0,
2009-12-22,,,,,0.0,1.0,
2009-12-23,,,,,0.0,1.0,
2009-12-24,,,,,0.0,1.0,
2009-12-25,,,,,0.0,1.0,
2009-12-28,,,,,0.0,1.0,
2009-12-29,,,,,0.0,1.0,
2009-12-30,,,,,0.0,1.0,
2009-12-31,,,,,0.0,1.0,
2010-01-01,,,,,0.0,1.0,
2010-01-04,,,,,0.0,1.0,
2010-01-05,,,,,0.0,1.0,
2010-01-06,,,,,0.0,1.0,
2010-01-07,,,,,0.0,1.0,
2010-01-08,,,,,0.0,1.0,
2010-01-11,,,,,0.0,1.0,
2010-01-12,,,,,0.0,1.0,
2010-01-13,,,,,0.0,1.0,
2010-01-14,,,,,0.0,1.0,
2010-01-15,,,,,0.0,1.0,
2010-01-18,,,,,0.0,1.0,
2010-01-19,,,,,0.0,1.0,
2010-01-20,,,,,0.0,1.0,
2010-01-21,,,,,0.0,1.0,
2010-01-22,,,,,0.0,1.0,
2010-01-25,,,,,0.0,1.0,
2010-01-26,,,,,0.0,1.0,
2010-01-27,,,,,0.0,1.0,
2010-01-28,,,,,0.0,1.0,
2010-01-29,,,,,0.0,1.0,
2010-02-01,,,,,0.0,1.0,
2010-02-02,,,,,0.0,1.0,
2010-02-03,,,,,0.0,1.0,
2010-02-04,,,,,0.0,1.0,
2010-02-05,,,,,0.0,1.0,
2010-02-08,,,,,0.0,1.0,
2010-02-09,,,,,0.0,1.0,
2010-02-10,,,,,0.0,1.0,
2010-02-11,,,,,0.0,1.0,
2010-02-12,,,,,0.0,1.0,
2010-02-15,,,,,0.0,1.0,
2010-02-16,,,,,0.0,1.0,
2010-02-17,,,,,0.0,1.0,
2010-02-18,,,,,0.0,1.0,
2010-02-19,,,,,0.0,1.0,
2010-02-22,,,,,0.0,1.0,
2010-02-23,,,,,0.0,1.0,
2010-02-24,,,,,0.0,1.0,
2010-02-25,,,,,0.0,1.0,
2010-02-26,,,,,0.0,1.0,
2010-03-01,,,,,0.0,1.0,
2010-03-02,,,,,0.0,1.0,
2010-03-03,,,,,0.0,1.0,
2010-03-04,,,,,0.0,1.0,
2010-03-05,,,,,0.0,1.0,
2010-03-08,,,,,0.0,1.0,
2010-03-09,,,,,0.0,1.0,
2010-03-10,,,,,0.0,1.0,
2010-03-11,,,,,0.0,1.0,
2010-03-12,,,,,0.0,1.0,
2010-03-15,,,,,0.0,1.0,
2010-03-16,,,,,0.0,1.0,
2010-03-17,,,,,0.0,1.0,
2010-03-18,,,,,0.0,1.0,
2010-03-19,,,,,0.0,1.0,
2010-03-22,,,,,0.0,1.0,
2010-03-23,,,,,0.0,1.0,
2010-03-24,,,,,0.0,1.0,
2010-03-25,,,,,0.0,1.0,
2010-03-26,,,,,0.0,1.0,
2010-03-29,,,,,0.0,1.0,
2010-03-30,,,,,0.0,1.0,
2010-03-31,,,,,0.0,1.0,
2010-04-01,,,,,0.0,1.0,
2010-04-02,,,,,0.0,1.0,
2010-04-05,,,,,0.0,1.0,
2010-04-06,,,,,0.0,1.0,
2010-04-07,,,,,0.0,1.0,
2010-04-08,,,,,0.0,1.0,
2010-04-09,,,,,0.0,1.0,
2010-04-12,,,,,0.0,1.0,
2010-04-13,,,,,0.0,1.0,
2010-04-14,,,,,0.0,1.0,
2010-04-15,,,,,0.0,1.0,
2010-04-16,,,,,0.0,1.0,
2010-04-19,,,,,0.0,1.0,
2010-04-20,,,,,0.0,1.0,
2010-04-21,,,,,0.0,1.0,
2010-04-22,,,,,0.0,1.0,
2010-04-23,,,,,0.0,1.0,
2010-04-26,,,,,0.0,1.0,
2010-04-27,,,,,0.0,1.0,
2010-04-28,,,,,0.0,1.0,
2010-04-29,,,,,0.0,1.0,
2010-04-30,,,,,0.0,1.0,
2010-05-03,,,,,0.0,1.0,
2010-05-04,,,,,0.0,1.0,
2010-05-05,,,,,0.0,1.0,
2010-05-06,,,,,0.0,1.0,
2010-05-07,,,,,0.0,1.0,
2010-05-10,,,,,0.0,1.0,
2010-05-11,,,,,0.0,1.0,
2010-05-12,,,,,0.0,1.0,
2010-05-13,,,,,0.0,1.0,
2010-05-14,,,,,0.0,1.0,
2010-05-17,,,,,0.0,1.0,
2010-05-18,,,,,0.0,1.0,
2010-05-19,,,,,0.0,1.0,
2010-05-20,,,,,0.0,1.0,
2010-05-21,,,,,0.0,1.0,
2010-05-24,,,,,0.0,1.0,
2010-05-25,,,,,0.0,1.0,
2010-05-26,,,,,0.0,1.0,
2010-05-27,,,,,0.0,1.0,
2010-05-28,,,,,0.0,1.0,
2010-05-31,,,,,0.0,1.0,
2010-06-01,,,,,0.0,1.0,
2010-06-02,,,,,0.0,1.0,
2010-06-03,,,,,0.0,1.0,
2010-06-04,,,,,0.0,1.0,
2010-06-07,,,,,0.0,1.0,
2010-06-08,,,,,0.0,1.0,
2010-06-09,,,,,0.0,1.0,
2010-06-10,,,,,0.0,1.0,
2010-06-11,,,,,0.0,1.0,
2010-06-14,,,,,0.0,1.0,
2010-06-15,,,,,0.0,1.0,
2010-06-16,,,,,0.0,1.0,
2010-06-17,,,,,0.0,1.0,
2010-06-18,,,,,0.0,1.0,
2010-06-21,,,,,0.0,1.0,
2010-06-22,,,,,0.0,1.0,
2010-06-23,,,,,0.0,1.0,
2010-06-24,,,,,0.0,1.0,
2010-06-25,,,,,0.0,1.0,
2010-06-28,,,,,0.0,1.0,
2010-06-29,,,,,0.0,1.0,
2010-06-30,,,,,0.0,1.0,
2010-07-01,,,,,0.0,1.0,
2010-07-02,,,,,0.0,1.0,
2010-07-05,,,,,0.0,1.0,
2010-07-06,,,,,0.0,1.0,
2010-07-07,,,,,0.0,1.0,
2010-07-08,,,,,0.0,1.0,
2010-07-09,,,,,0.0,1.0,
2010-07-12,,,,,0.0,1.0,
2010-07-13,,,,,0.0,1.0,
2010-07-14,,,,,0.0,1.0,
2010-07-15,,,,,0.0,1.0,
2010-07-16,,,,,0.0,1.0,
2010-07-19,,,,,0.0,1.0,
2010-07-20,,,,,0.0,1.0,
2010-07-21,,,,,0.0,1.0,
2010-07-22,,,,,0.0,1.0,
2010-07-23,,,,,0.0,1.0,
2010-07-26,,,,,0.0,1.0,
2010-07-27,,,,,0.0,1.0,
2010-07-28,,,,,0.0,1.0,
2010-07-29,,,,,0.0,1.0,
2010-07-30,,,,,0.0,1.0,
2010-08-02,,,,,0.0,1.0,
2010-08-03,,,,,0.0,1.0,
2010-08-04,,,,,0.0,1.0,
2010-08-05,,,,,0.0,1.0,
2010-08-06,,,,,0.0,1.0,
2010-08-09,,,,,0.0,1.0,
2010-08-10,,,,,0.0,1.0,
2010-08-11,,,,,0.0,1.0,
2010-08-12,,,,,0.0,1.0,
2010-08-13,,,,,0.0,1.0,
2010-08-16,,,,,0.0,1.0,
2010-08-17,,,,,0.0,1.0,
2010-08-18,,,,,0.0,1.0,
2010-08-19,,,,,0.0,1.0,
2010-08-20,,,,,0.0,1.0,
2010-08-23,,,,,0.0,1.0,
2010-08-24,,,,,0.0,1.0,
2010-08-25,,,,,0.0,1.0,
2010-08-26,,,,,0.0,1.0,
2010-08-27,,,,,0.0,1.0,
2010-08-30,,,,,0.0,1.0,
2010-08-31,,,,,0.0,1.0,
2010-09-01,,,,,0.0,1.0,
2010-09-02,,,,,0.0,1.0,
2010-09-03,,,,,0.0,1.0,
2010-09-06,,,,,0.0,1.0,
2010-09-07,,,,,0.0,1.0,
2010-09-08,,,,,0.0,1.0,
2010-09-09,,,,,0.0,1.0,
2010-09-10,,,,,0.0,1.0,
2010-09-13,,,,,0.0,1.0,
2010-09-14,,,,,0.0,1.0,
2010-09-15,,,,,0.0,1.0,
2010-09-16,,,,,0.0,1.0,
2010-09-17,,,,,0.0,1.0,
2010-09-20,,,,,0.0,1.0,
2010-09-21,,,,,0.0,1.0,
2010-09-22,,,,,0.0,1.0,
2010-09-23,,,,,0.0,1.0,
2010-09-24,,,,,0.0,1.0,
2010-09-27,,,,,0.0,1.0,
2010-09-28,,,,,0.0,1.0,
2010-09-29,,,,,0.0,1.0,
2010-09-30,,,,,0.0,1.0,
2010-10-01,,,,,0.0,1.0,
2010-10-02,,,,,0.0,1.0,
2010-10-04,,,,,0.0,1.0,
2010-10-05,,,,,0.0,1.0,
2010-10-06,,,,,0.0,1.0,
2010-10-07,,,,,0.0,1.0,
2010-10-08,,,,,0.0,1.0,
2010-10-11,,,,,0.0,1.0,
2010-10-12,,,,,0.0,1.0,
2010-10-13,,,,,0.0,1.0,
2010-10-14,,,,,0.0,1.0,
2010-10-15,,,,,0.0,1.0,
2010-10-18,,,,,0.0,1.0,
2010-10-19,,,,,0.0,1.0,
2010-10-20,,,,,0.0,1.0,
2010-10-21,,,,,0.0,1.0,
2010-10-22,,,,,0.0,1.0,
2010-10-25,,,,,0.0,1.0,
2010-10-26,,,,,0.0,1.0,
2010-10-27,,,,,0.0,1.0,
2010-10-28,,,,,0.0,1.0,
2010-10-29,,,,,0.0,1.0,
2010-11-01,,,,,0.0,1.0,
2010-11-02,,,,,0.0,1.0,
2010-11-03,,,,,0.0,1.0,
2010-11-04,,,,,0.0,1.0,
2010-11-05,,,,,0.0,1.0,
2010-11-08,,,,,0.0,1.0,
2010-11-09,,,,,0.0,1.0,
2010-11-10,,,,,0.0,1.0,
2010-11-11,,,,,0.0,1.0,
2010-11-12,,,,,0.0,1.0,
2010-11-15,,,,,0.0,1.0,
2010-11-16,,,,,0.0,1.0,
2010-11-17,,,,,0.0,1.0,
2010-11-18,,,,,0.0,1.0,
2010-11-19,,,,,0.0,1.0,
2010-11-22,,,,,0.0,1.0,
2010-11-23,,,,,0.0,1.0,
2010-11-24,,,,,0.0,1.0,
2010-11-25,,,,,0.0,1.0,
2010-11-26,,,,,0.0,1.0,
2010-11-29,,,,,0.0,1.0,
2010-11-30,,,,,0.0,1.0,
2010-12-01,,,,,0.0,1.0,
2010-12-02,,,,,0.0,1.0,
2010-12-03,,,,,0.0,1.0,
2010-12-06,,,,,0.0,1.0,
2010-12-07,,,,,0.0,1.0,
2010-12-08,,,,,0.0,1.0,
2010-12-09,,,,,0.0,1.0,
2010-12-10,,,,,0.0,1.0,
2010-12-13,,,,,0.0,1.0,
2010-12-14,,,,,0.0,1.0,
2010-12-15,,,,,0.0,1.0,
2010-12-16,,,,,0.0,1.0,
2010-12-17,,,,,0.0,1.0,
2010-12-20,,,,,0.0,1.0,
2010-12-21,,,,,0.0,1.0,
2010-12-22,,,,,0.0,1.0,
2010-12-23,,,,,0.0,1.0,
2010-12-24,,,,,0.0,1.0,
2010-12-27,,,,,0.0,1.0,
2010-12-28,,,,,0.0,1.0,
2010-12-29,,,,,0.0,1.0,
2010-12-30,,,,,0.0,1.0,
2010-12-31,,,,,0.0,1.0,
2011-01-03,,,,,0.0,1.0,
2011-01-04,,,,,0.0,1.0,
2011-01-05,,,,,0.0,1.0,
2011-01-06,,,,,0.0,1.0,
2011-01-07,,,,,0.0,1.0,
2011-01-10,,,,,0.0,1.0,
2011-01-11,,,,,0.0,1.0,
2011-01-12,,,,,0.0,1.0,
2011-01-13,,,,,0.0,1.0,
2011-01-14,,,,,0.0,1.0,
2011-01-17,,,,,0.0,1.0,
2011-01-18,,,,,0.0,1.0,
2011-01-19,,,,,0.0,1.0,
2011-01-20,,,,,0.0,1.0,
2011-01-21,,,,,0.0,1.0,
2011-01-24,191.299341834008,186.0700518669192,188.65160007852,190.70359993902323,8861.0,111611760.63844244,1855369557.0
2011-01-25,188.5854065346328,182.0322456898,182.0322456898,188.320632359084,8892.0,44926789.27837044,1855369557.0
2011-01-26,185.6066970597088,181.1055360753792,183.8856649186416,185.34192288416003,3752.0,22377862.860490184,1855369557.0
2011-01-27,186.4672131302424,178.9873426709888,178.9873426709888,184.9431729757835,3765.0,21812702.117573168,1855369557.0
2011-01-28,188.65160007852,172.6327624578176,172.765149545592,188.65160007852,4495.0,19659251.285550803,1855369557.0
2011-01-31,172.36798828226878,165.152891998564,169.7202465267808,171.2426980361864,5401.0,30076693.711293824,1855369557.0
2011-02-01,175.41289130107998,169.5878594390064,172.2356011944944,169.5878594390064,5718.0,33405263.28503145,1855369557.0
2011-02-02,176.47132606783632,165.152891998564,171.50747221173523,172.2356011944944,6701.0,28546166.597721487,1855369557.0
2011-02-03,172.765149545592,165.8810209813232,172.16940765060724,172.10321410672,3550.0,19023857.04493917,1855369557.0
2011-02-04,173.42708498446402,169.124504631796,171.17650449229922,171.63985929950962,2073.0,8069803.219387585,1855369557.0
2011-02-07,177.06772989826,169.455472351232,176.074826739952,169.455472351232,3670.0,13873914.868304644,1855369557.0
2011-02-08,179.6558974642495,174.3868913708284,177.4648911615832,174.46632362349305,3555.0,24849162.542537164,1855369557.0
2011-02-09,179.1197297587632,171.2426980361864,171.83843993117122,179.1197297587632,3347.0,14578130.991814144,1855369557.0
2011-02-10,168.79353691236,160.4531503825728,166.145795156872,166.7415370518568,9963.0,54150431.33513094,1855369557.0
2011-02-11,167.469666034616,161.9756018919784,164.82192427912798,163.8952146647072,4067.0,19571713.05117141,1855369557.0
2011-02-14,165.483859718,160.51934392646,162.17418252364,164.4247630158048,4515.0,19829843.801425807,1855369557.0
2011-02-15,164.83826084575938,159.9897955753624,163.4318598574968,162.17418252364,3687.0,13957293.74571609,1855369557.0
2011-02-16,168.5949562806984,163.4318598574968,167.60205312239037,163.4318598574968,5941.0,23276123.932230413,1855369557.0
2011-02-17,169.124504631796,165.152891998564,166.807730595744,168.131601473488,4293.0,23388332.96596121,1855369557.0
2011-02-18,166.81302607925497,163.167085681948,163.167085681948,165.6162468057744,2359.0,13413121.52569139,1855369557.0
2011-02-21,163.1008921380608,158.533537609844,158.533537609844,161.181279365332,3446.0,15268486.114843544,1855369557.0
2011-02-22,158.73211824150562,152.24515094056002,157.67302153931038,154.95908623993515,5662.0,33602982.960979044,1855369557.0
2011-02-23,157.93779571485922,153.56902181830398,155.15766687159683,155.55482813492,5309.0,35179113.536102615,1855369557.0
2011-02-24,152.907086379432,148.4059253951024,149.7297962728464,152.907086379432,8951.0,49760254.96631751,1855369557.0
2011-02-25,153.76760244996564,148.604506026764,148.6706995706512,150.17163817829348,3661.0,33311079.13799403,1855369557.0
2011-02-28,150.7888929750416,147.54540932456882,148.604506026764,148.71041569698352,4281.0,17817302.32108726,1855369557.0
2011-03-01,153.12287733250426,146.90002227166863,147.4792157806816,148.63098344431887,4633.0,30300992.50862821,1855369557.0
2011-03-02,151.9803767650112,144.963861112968,149.7297962728464,144.963861112968,6738.0,36798374.60482334,1855369557.0
2011-03-03,154.8266991521608,149.7297962728464,154.6281185204992,151.914183221124,3751.0,20517860.324112795,1855369557.0
2011-03-04,157.40824736376163,149.4650220972976,150.1269575361696,156.216763573792,2911.0,16339767.377959484,1855369557.0
2011-03-07,154.58840239416688,148.14115121955362,152.576118659996,148.93547374620002,2686.0,16008599.527146786,1855369557.0
2011-03-08,154.3633443449504,149.928376904508,151.31844132613918,153.56902181830398,3480.0,21928089.1717822,1855369557.0
2011-03-09,157.67302153931038,151.31844132613918,153.9661830816272,154.230957257176,4294.0,24778634.64389564,1855369557.0
2011-03-10,154.7605056082736,151.18605423836482,154.230957257176,153.9661830816272,2727.0,20878518.091315623,1855369557.0
2011-03-11,155.55482813492,150.921280062816,154.29715080106322,152.410634800278,2898.0,13390463.221018111,1855369557.0
2011-03-14,155.88579585435602,151.9803767650112,152.1127638527856,152.7746992916576,2884.0,17604772.012887213,1855369557.0
2011-03-15,152.1127638527856,144.7652804813064,146.0891513590504,149.13405437786162,4461.0,21452009.626156088,1855369557.0
2011-03-16,148.8030866584256,139.8007646897664,140.9260549358488,146.19506102926994,3802.0,18602401.70782744,1855369557.0
2011-03-17,153.39691860419728,140.4627001286384,144.56669984964483,140.9260549358488,2653.0,15665566.563299224,1855369557.0
2011-03-18,148.73689311453842,142.31611935748,145.0300546568552,144.963861112968,4140.0,29628668.311285973,1855369557.0
2011-03-19,145.0300546568552,145.0300546568552,145.0300546568552,145.0300546568552,0.0,0.0,1855369557.0
2011-03-21,147.54540932456882,143.62013217205785,147.4792157806816,146.81728034180964,2528.0,11420919.376413502,1855369557.0
2011-03-22,149.2002479217488,145.3610223762912,146.88347388569682,145.8905707273888,2648.0,15582451.891865777,1855369557.0
2011-03-23,145.95676427127603,142.647087076916,142.97805479635198,145.62579655184,3184.0,17164364.803536434,1855369557.0
2011-03-24,148.93547374620002,142.2499258135928,148.604506026764,145.3941191482348,3190.0,13351502.65262802,1855369557.0
2011-03-25,153.10566701109363,148.45954216565104,151.4508284139136,148.93547374620002,2787.0,19378611.69571926,1855369557.0
2011-03-28,152.907086379432,150.921280062816,151.58321550168802,150.6042791811402,1617.0,7979879.5824639695,1855369557.0
2011-03-29,153.1718605549808,150.6565058872672,153.10566701109363,152.3775380283344,2145.0,11582213.351611355,1855369557.0
2011-03-30,155.223860415484,152.70850574777035,153.89998953774,153.13876378303718,1873.0,9397912.319849266,1855369557.0
2011-03-31,154.892892696048,149.13405437786162,150.259344623944,153.9264669552949,4414.0,35507364.5529182,1855369557.0
2011-04-01,154.59237400680013,148.0087641317792,150.0607639922824,150.5267003477044,4514.0,12692485.378086302,1855369557.0
2011-04-04,150.5241187994928,148.273538307328,148.4721189389896,149.0016672900872,2397.0,9685632.629891207,1855369557.0
2011-04-05,148.4721189389896,145.0962482007424,146.287731990712,148.4721189389896,2326.0,11378261.434079854,1855369557.0
2011-04-06,148.93547374620002,145.62579655184,148.14115121955362,147.4130222367944,2120.0,11451467.626464078,1855369557.0
2011-04-07,149.79598981673362,147.4792157806816,147.611602868456,147.8101835001176,2236.0,9655617.321041968,1855369557.0
2011-04-08,148.93547374620002,143.5737966913368,143.90476441077283,148.93547374620002,2295.0,20281983.26594823,1855369557.0
2011-04-11,144.63289339353202,142.4485064452544,142.647087076916,144.22249342143138,2385.0,9378013.835334755,1855369557.0
2011-04-12,149.13405437786162,141.85276455026963,149.0016672900872,142.5808935330288,4026.0,18548476.51284343,1855369557.0
2011-04-13,151.252247782252,147.8101835001176,149.928376904508,149.8621833606208,1928.0,7319441.634634837,1855369557.0
2011-04-14,149.7297962728464,146.7510867979224,149.2002479217488,148.3397318512152,1976.0,7227661.0071229935,1855369557.0
2011-04-15,150.259344623944,148.20734476344083,149.0016672900872,149.9945704483952,1839.0,9447558.887738124,1855369557.0
2011-04-18,149.59740918507202,143.24282897190082,143.639990235224,149.59740918507202,2993.0,13042526.59421887,1855369557.0
2011-04-19,148.0749576756664,143.97095795466,146.7510867979224,144.7652804813064,2326.0,9150404.159658918,1855369557.0
2011-04-20,149.6636027289592,147.54540932456882,147.8763770440048,147.942570587892,2210.0,8634234.75380532,1855369557.0
2011-04-21,149.3988285534104,145.1624417446296,145.4272159201784,149.3988285534104,1767.0,8083640.063892554,1855369557.0
2011-04-26,152.3113444844472,144.963861112968,151.9803767650112,144.963861112968,3530.0,8779890.754602468,1855369557.0
2011-04-27,159.0630859609416,152.6423122038832,158.2687634342952,152.6423122038832,5513.0,25466293.35620099,1855369557.0
2011-04-28,159.12927950482882,155.8196023104688,157.67302153931038,158.0701828026336,3780.0,6842468.3179288665,1855369557.0
2011-04-29,157.67302153931038,157.67302153931038,157.67302153931038,157.67302153931038,0.0,0.0,1855369557.0
2011-05-02,157.67302153931038,157.67302153931038,157.67302153931038,157.67302153931038,0.0,0.0,1855369557.0
2011-05-03,161.6446341725424,157.93779571485922,158.86450532928,158.86450532928,5621.0,14041978.555533078,1855369557.0
2011-05-04,160.51934392646,157.540634451536,158.4673440659568,159.6588278559264,3800.0,12372613.465144437,1855369557.0
2011-05-05,162.9023115063992,157.40824736376163,162.83611796251202,159.2616665926032,4930.0,18202188.531346902,1855369557.0
2011-05-06,168.79353691236,165.6824403496616,168.1977950173752,167.5358595785032,8524.0,35649910.47191717,1855369557.0
2011-05-09,168.6611498245856,164.0937952963688,164.4247630158048,164.88811782301522,3239.0,10129116.70657435,1855369557.0
2011-05-10,167.0725047712928,164.1891139995664,164.4247630158048,164.68953719135362,2293.0,9576538.207203915,1855369557.0
2011-05-11,164.82192427912798,161.843214804204,163.1008921380608,164.82192427912798,2821.0,15162865.62332984,1855369557.0
2011-05-12,166.7415370518568,161.843214804204,163.2332792258352,163.58410500843738,3660.0,15046359.84552254,1855369557.0
2011-05-13,165.483859718,160.1221826631368,160.4531503825728,163.8394797007542,2552.0,7555578.369532068,1855369557.0
2011-05-16,164.35856947191763,157.8054086270848,162.9685050502864,159.9897955753624,2186.0,7653118.687364311,1855369557.0
2011-05-17,163.49805340138403,159.9897955753624,160.6517310142344,162.3727631553016,1697.0,8405773.580006098,1855369557.0
2011-05-18,162.7037308747376,160.5855374703472,162.3065696114144,161.181279365332,1842.0,6618549.977202798,1855369557.0
2011-05-19,166.5429564201952,161.9094083480912,165.74863389354883,162.6375373308504,2006.0,8880678.54134144,1855369557.0
2011-05-20,167.27108540295438,162.43895669918882,163.8952146647072,162.43895669918882,2103.0,9925190.454766426,1855369557.0
2011-05-23,160.7179245581216,155.48863459103282,155.55482813492,160.7179245581216,4435.0,22559835.86014898,1855369557.0
2011-05-24,155.55482813492,150.72269943115438,152.7746992916576,155.55482813492,6255.0,19026426.636793777,1855369557.0
2011-05-25,156.216763573792,150.6565058872672,155.0914733277096,152.24515094056002,3021.0,11362250.551813057,1855369557.0
2011-05-26,157.6068279954232,154.892892696048,155.7534087665816,154.892892696048,2752.0,11267512.32709606,1855369557.0
2011-05-27,157.6068279954232,155.3562475032584,155.9519893982432,156.1505700299048,1782.0,6057322.128986868,1855369557.0
2011-05-30,155.9519893982432,155.9519893982432,155.9519893982432,155.9519893982432,0.0,0.0,1855369557.0
2011-05-31,158.4673440659568,156.54773129322805,156.54773129322805,158.202569890408,2023.0,7356438.020297058,1855369557.0
2011-06-01,158.0039892587464,155.42442685346222,155.48863459103282,156.878699012664,1571.0,6362988.818803011,1855369557.0
2011-06-02,156.6139248371152,152.7746992916576,155.223860415484,153.56902181830398,1548.0,6994829.11157343,1855369557.0
2011-06-03,157.4744409076488,152.24515094056002,156.6801183810024,154.95908623993515,3158.0,12268318.53276607,1855369557.0
2011-06-06,156.1505700299048,151.7156025894624,151.9803767650112,153.56902181830398,3712.0,10913328.361228451,1855369557.0
2011-06-07,154.09857016940165,151.0536671505904,151.6494090455752,151.6494090455752,3235.0,8213513.154438208,1855369557.0
2011-06-08,153.10566701109363,148.604506026764,149.6636027289592,151.84798967723682,5582.0,14634085.288709195,1855369557.0
2011-06-09,150.5241187994928,147.4130222367944,148.3397318512152,149.13405437786162,4190.0,9837511.813781587,1855369557.0
2011-06-10,150.1269575361696,146.68489325403522,147.1482480612456,147.611602868456,3515.0,8871781.59375085,1855369557.0
2011-06-13,149.3988285534104,147.34682869290722,148.8030866584256,147.67779641234318,2464.0,8911939.392658396,1855369557.0
2011-06-14,154.4295378888376,149.266441465636,154.0323766255144,149.266441465636,4708.0,20763463.18176465,1855369557.0
2011-06-15,155.9519893982432,152.576118659996,153.9661830816272,153.56902181830398,3334.0,10869526.029572953,1855369557.0
2011-06-16,154.09857016940165,151.252247782252,152.44373157222162,152.24515094056002,4620.0,11110166.344083749,1855369557.0
2011-06-17,154.49573143272482,149.9945704483952,153.89998953774,152.4768283441652,5203.0,18294449.25886449,1855369557.0
2011-06-20,157.93779571485922,151.6494090455752,157.1434731882128,152.9401831513756,4008.0,13060087.988139415,1855369557.0
2011-06-21,160.7179245581216,157.40824736376163,160.38695683868562,157.40824736376163,2903.0,13714734.54093079,1855369557.0
2011-06-22,161.7108277164296,159.2616665926032,160.51934392646,159.57429870038246,1439.0,6158943.296867875,1855369557.0
2011-06-23,162.0417954358656,156.5742087107829,161.7770212603168,159.7912149437008,3736.0,17878566.403265886,1855369557.0
2011-06-24,166.47676287630802,159.12927950482882,160.32076329479838,163.69663403304563,4757.0,18317383.84750333,1855369557.0
2011-06-27,163.69663403304563,159.4602472242648,162.57134378696318,160.18837620702402,2023.0,7744343.727448133,1855369557.0
2011-06-28,166.4105693324208,162.7037308747376,165.6824403496616,163.49805340138403,2650.0,9872015.604759935,1855369557.0
2011-06-29,168.26398856126238,166.145795156872,166.5429564201952,166.21198870075918,3278.0,11733209.332660992,1855369557.0
2011-06-30,168.8597304562472,164.68953719135362,167.9330208418264,167.2048918590672,2104.0,14073224.309365574,1855369557.0
2011-07-01,168.8597304562472,167.0725047712928,168.462569192924,167.60205312239037,2406.0,8652573.668175409,1855369557.0
2011-07-04,171.2426980361864,168.131601473488,170.71314968508878,168.131601473488,1288.0,4390174.859064982,1855369557.0
2011-07-05,172.10321410672,169.7202465267808,171.2426980361864,170.97792386063762,2633.0,11379410.352647042,1855369557.0
2011-07-06,170.3821819656528,165.9472145252104,166.21198870075918,170.18360133399122,4310.0,12957169.94634354,1855369557.0
2011-07-07,167.2048918590672,162.9023115063992,165.483859718,167.2048918590672,3279.0,11686035.732726213,1855369557.0
2011-07-08,166.94011768351842,160.78411810200882,161.512247084768,165.4176661741128,3143.0,12199578.176284268,1855369557.0
2011-07-11,161.9094083480912,156.08437648601762,157.01108610043838,160.32076329479838,4552.0,16363305.865976611,1855369557.0
2011-07-12,155.48863459103282,150.1269575361696,153.37044118664238,154.8266991521608,6781.0,23413230.22757948,1855369557.0
2011-07-13,155.8196023104688,151.3846348700264,153.9661830816272,151.84798967723682,2878.0,12067956.797038477,1855369557.0
2011-07-14,154.49573143272482,151.6494090455752,152.576118659996,151.78179613334962,2178.0,8481967.564564392,1855369557.0
2011-07-15,153.37044118664238,150.1269575361696,150.259344623944,152.44373157222162,2115.0,7679047.107171003,1855369557.0
2011-07-18,150.921280062816,147.1482480612456,147.34682869290722,150.259344623944,2590.0,9446079.334261326,1855369557.0
2011-07-19,151.18605423836482,147.611602868456,150.19315108005682,147.611602868456,1751.0,5466882.158094818,1855369557.0
2011-07-20,155.0252797838224,150.921280062816,153.63521536219122,150.98747360670322,3883.0,12018607.649593424,1855369557.0
2011-07-21,158.5997311537312,153.63521536219122,157.40824736376163,154.561924976612,3373.0,16984670.01428222,1855369557.0
2011-07-22,162.6375373308504,158.03576215981226,160.850311645896,159.195473048716,3587.0,13363121.676666234,1855369557.0
2011-07-23,160.850311645896,160.850311645896,160.850311645896,160.850311645896,0.0,0.0,1855369557.0
2011-07-25,160.38695683868562,158.0701828026336,159.526440768152,159.9236020314752,1508.0,5333814.439838034,1855369557.0
2011-07-26,160.6517310142344,157.3420538198744,159.39405368037762,160.38695683868562,1280.0,3556870.7142016,1855369557.0
2011-07-27,159.195473048716,154.09857016940165,155.223860415484,159.195473048716,2635.0,8855932.254567744,1855369557.0
2011-07-28,155.0252797838224,151.58321550168802,153.9661830816272,152.576118659996,4852.0,16343795.38681265,1855369557.0
2011-07-29,157.73921508319762,153.23805409886802,157.0772796443256,156.216763573792,4828.0,17726475.85459311,1855369557.0
2011-08-01,159.12927950482882,150.921280062816,152.0465703088984,153.58226052708147,3978.0,12635656.936841184,1855369557.0
2011-08-02,153.0394734672064,146.2665500566681,146.68489325403522,154.1647637132888,4146.0,15289772.058179663,1855369557.0
2011-08-03,146.88347388569682,139.6021840581048,140.59508721641282,145.62579655184,6426.0,20407174.62656372,1855369557.0
2011-08-04,144.43431276187042,129.6731524750248,129.8055395627992,142.97805479635198,6114.0,25700455.340131227,1855369557.0
2011-08-05,135.69676496876,124.774830227372,131.063216896656,125.76773338568,7991.0,30190495.52963485,1855369557.0
2011-08-08,134.372894091016,124.443862507936,124.443862507936,130.2027008261224,4621.0,17599845.703708846,1855369557.0
2011-08-09,128.5478622289424,117.824508119216,123.2523787179664,123.3847658057408,5685.0,23860834.407770976,1855369557.0
2011-08-10,127.0254107195368,116.831604960908,117.3611533120056,126.3634752806648,4558.0,18390377.165356707,1855369557.0
2011-08-11,124.1890173639703,117.2949597681184,122.45805619132,121.465153033012,4243.0,16420461.92263445,1855369557.0
2011-08-12,126.50976301265553,120.472249874704,125.9001204734544,122.45805619132,3786.0,14251445.584136773,1855369557.0
2011-08-15,127.753539702296,124.9072173151464,125.96631401734162,126.429668824552,1668.0,8104281.344642356,1855369557.0
2011-08-16,125.7015398417928,122.789023910756,124.3776689640488,124.8410237712592,1756.0,8329969.1105468,1855369557.0
2011-08-17,125.76773338568,122.6566368229816,124.3114754201616,123.1861851740792,2125.0,9764927.637756998,1855369557.0
2011-08-18,124.8410237712592,117.6259274875544,118.7512177336368,122.5904432790944,3727.0,22220824.8661608,1855369557.0
2011-08-19,117.7583145753288,109.881282852752,111.2713472743832,117.7583145753288,5727.0,26797357.034370933,1855369557.0
2011-08-22,113.98528257375838,110.2784441160752,110.87418601106,110.4770247477368,2600.0,12865223.246502668,1855369557.0
2011-08-23,112.5952181521272,108.2926377994592,108.557411975008,111.536121449932,2827.0,13525090.50941932,1855369557.0
2011-08-24,111.205153730496,107.49831527281282,109.881282852752,110.212250572188,2911.0,12780712.057756936,1855369557.0
2011-08-25,112.2642504326912,109.3517345016544,110.3446376599624,110.4770247477368,4349.0,13525647.606595788,1855369557.0
2011-08-26,111.2713472743832,107.3659281850384,108.1602507116848,110.6094118355112,3304.0,15446927.812887816,1855369557.0
2011-08-29,108.1602507116848,108.1602507116848,108.1602507116848,108.1602507116848,0.0,0.0,1855369557.0
2011-08-30,112.93214329051304,110.0136699405264,112.52902460824,111.6685085377064,3350.0,13826632.566481773,1855369557.0
2011-08-31,116.52579078814917,112.4628310643528,115.7063147148256,112.4628310643528,3061.0,21120681.742008142,1855369557.0
2011-09-01,117.56105781454497,114.18386320542,116.500637241472,115.5739276270512,2725.0,13602744.42072462,1855369557.0
2011-09-02,114.7134115565176,110.4108312038496,110.543218291624,114.7134115565176,2891.0,13277822.39923184,1855369557.0
2011-09-05,109.6165086772032,104.25483162234,104.8505735173248,108.4912184311208,2304.0,8181056.582352248,1855369557.0
2011-09-06,107.1673475533768,102.0042511301752,102.9971542884832,104.3210251662272,2325.0,11269613.896932494,1855369557.0
2011-09-07,107.82266363786007,104.585799341776,107.49831527281282,106.10825085118162,2514.0,11898395.439351896,1855369557.0
2011-09-08,110.0136699405264,105.8434766756328,107.3659281850384,108.09405716779762,2589.0,11757582.711568598,1855369557.0
2011-09-09,107.4321217289256,100.283218989108,100.614186708544,106.3068314828432,3328.0,15027753.70567756,1855369557.0
2011-09-12,99.2903158308,96.2454128119888,98.0326384969432,97.8340578652816,2679.0,12856213.067778649,1855369557.0
2011-09-13,99.4227029185744,95.8482515486656,96.973541794748,98.5621868480408,3395.0,15874271.168937832,1855369557.0
2011-09-14,102.4510575514138,96.2454128119888,101.938057586288,96.311606355876,3471.0,19099240.29458212,1855369557.0
2011-09-15,105.0491541489864,101.276122147416,103.7252832712424,102.4676059373856,3772.0,17338467.484547723,1855369557.0
2011-09-16,105.578702500084,102.7985736568216,104.6519928856632,103.261928464032,2494.0,13128079.509392144,1855369557.0
2011-09-19,103.7252832712424,101.12520086735316,102.0704446740624,102.8647672007088,1514.0,8906961.752032876,1855369557.0
2011-09-20,105.3801218684224,98.6945739358152,99.4227029185744,101.276122147416,6933.0,42093986.36999104,1855369557.0
2011-09-21,101.3423156913032,98.628380391928,99.0255416552512,99.2903158308,4048.0,13486812.347326688,1855369557.0
2011-09-22,97.1059288825224,93.7300581442752,93.7300581442752,96.2454128119888,3337.0,17043781.19517726,1855369557.0
2011-09-23,96.62536375390133,91.1485099326744,94.0610258637112,94.987735478132,3243.0,15624498.38607891,1855369557.0
2011-09-26,98.4297997602664,91.347090564336,97.3707030580712,92.0752195470952,2820.0,19334770.11060417,1855369557.0
2011-09-27,103.3943155518064,98.628380391928,103.3281220079192,100.614186708544,2109.0,15000360.829878526,1855369557.0
2011-09-28,102.8647672007088,99.3565093746872,101.8056704985136,102.7985736568216,1613.0,9119203.698279792,1855369557.0
2011-09-29,106.4345850225455,101.2099286035288,105.7110895878584,101.87186404240082,3371.0,12788274.387721518,1855369557.0
2011-09-30,105.7110895878584,100.48179962076962,101.3423156913032,104.585799341776,2162.0,11626667.894595403,1855369557.0
2011-10-03,102.269025305724,98.0326384969432,102.269025305724,99.2241222869128,2044.0,12745578.701676726,1855369557.0
2011-10-04,99.952251269672,95.7820580047784,98.82696102358962,99.8860577257848,3316.0,17273990.65767662,1855369557.0
2011-10-05,104.585799341776,99.7536706380104,103.261928464032,101.4747027790776,3445.0,12260824.141481549,1855369557.0
2011-10-06,105.90967021952,101.87186404240082,105.0491541489864,105.90967021952,3139.0,11716772.701332504,1855369557.0
2011-10-07,107.7630894483616,103.9900574467912,104.3210251662272,105.0491541489864,2622.0,10846839.039679209,1855369557.0
2011-10-10,108.226444255572,104.04367421733984,108.1602507116848,104.25483162234,1544.0,5918620.02953068,1855369557.0
2011-10-11,107.6307023605872,105.44631541230962,107.1011540094896,107.3659281850384,1562.0,7665962.117392,1855369557.0
2011-10-12,110.4320131378935,105.7110895878584,109.74889576497762,106.571605658392,2132.0,14046639.148984997,1855369557.0
2011-10-13,113.7205083982096,109.4841215894288,110.3446376599624,111.205153730496,3691.0,16927557.740329307,1855369557.0
2011-10-14,112.198056888804,109.2855409577672,110.212250572188,110.3446376599624,2249.0,8143877.517128096,1855369557.0
2011-10-17,112.7276052399016,107.1011540094896,108.1602507116848,110.212250572188,2872.0,11504254.471120022,1855369557.0
2011-10-18,108.0278636239104,105.6448960439712,107.5645088167,107.5645088167,2701.0,10105084.530815477,1855369557.0
2011-10-19,112.1318633449168,107.6968959044744,108.3588313433464,108.2926377994592,2909.0,17468920.318496533,1855369557.0
2011-10-20,109.6165086772032,105.7110895878584,105.9758637634072,107.7630894483616,3129.0,16225009.88885232,1855369557.0
2011-10-21,109.4179280455416,105.3139283245352,109.1531538699928,105.97587038276158,2259.0,9803107.666200658,1855369557.0
2011-10-24,110.1460570283008,108.2926377994592,109.0207667822184,109.21934741388,2470.0,7903287.024316008,1855369557.0
2011-10-25,110.0798634844136,107.49831527281282,109.4179280455416,108.6236055188952,2472.0,7562804.025593256,1855369557.0
2011-10-26,111.2713472743832,108.6236055188952,110.0798634844136,110.0136699405264,1681.0,8562653.050748684,1855369557.0
2011-10-27,119.61173380417038,111.52023499939908,119.4131531725088,112.7276052399016,5315.0,24624244.74834004,1855369557.0
2011-10-28,120.78402146641272,115.15028894617312,115.5739276270512,119.2145725408472,2227.0,7844044.495306192,1855369557.0
2011-10-31,115.9710888903744,110.3446376599624,110.3446376599624,115.6401211709384,2101.0,9086002.820210095,1855369557.0
2011-11-01,109.21934741388,101.938057586288,102.4014123934984,108.6236055188952,4487.0,18404366.494454693,1855369557.0
2011-11-02,107.49831527281282,103.9900574467912,107.0349604656024,104.12244453456562,3390.0,15143722.013038188,1855369557.0
2011-11-03,111.76912272441496,104.6334586933748,111.4699279060448,106.4392185706176,3873.0,17630641.55250452,1855369557.0
2011-11-04,110.3446376599624,103.8576703590168,103.8576703590168,109.21934741388,4805.0,28247669.70327404,1855369557.0
2011-11-07,104.585799341776,98.4297997602664,99.1579287430256,104.585799341776,4317.0,19480252.490330063,1855369557.0
2011-11-08,100.614186708544,96.973541794748,97.2383159702968,99.6874770941232,4414.0,17615621.065218113,1855369557.0
2011-11-09,99.9760809454714,93.2667033370648,93.994832319824,99.2241222869128,4905.0,22630341.112563822,1855369557.0
2011-11-10,95.0539290220192,91.7442518276592,93.7962516881624,92.6047678981928,2547.0,12995715.333911063,1855369557.0
2011-11-11,99.4577854968346,93.994832319824,98.4297997602664,93.994832319824,4927.0,21152629.5288679,1855369557.0
2011-11-14,100.17730931888848,97.304509514184,97.7016707775072,98.6945739358152,1888.0,11882058.451420823,1855369557.0
2011-11-15,97.63547723362,94.987735478132,96.1130257242144,96.7749611630864,3028.0,9219180.750103418,1855369557.0
2011-11-16,97.86053528283648,94.987735478132,94.987735478132,95.7158644608912,3510.0,12481428.584369272,1855369557.0
2011-11-17,96.5101869875376,92.6047678981928,93.663864600388,95.90120638377536,2597.0,18026461.36100803,1855369557.0
2011-11-18,95.8482515486656,92.4061872665312,94.656767758696,92.4061872665312,2591.0,11431531.398238426,1855369557.0
2011-11-21,95.80853542233328,91.7442518276592,92.1414130909824,93.663864600388,2574.0,10144451.221537467,1855369557.0
2011-11-22,92.88278078251903,86.69103668731036,87.37547793110402,92.67096144208,5171.0,23653342.13013428,1855369557.0
2011-11-23,89.54000681621545,86.71354249223201,88.56696172107361,86.71354249223201,3028.0,13284112.011256684,1855369557.0
2011-11-24,93.2667033370648,88.76554235273521,92.4723808104184,89.36128424772,4239.0,18901437.582470007,1855369557.0
2011-11-25,94.2596064953728,91.4132841082232,93.20050979317762,91.8766389154336,2302.0,9644156.820590554,1855369557.0
2011-11-28,96.642574075312,93.20050979317762,95.7158644608912,93.994832319824,2038.0,8320897.0321365055,1855369557.0
2011-11-29,96.7087676191992,92.5385743543056,96.1130257242144,96.2454128119888,4429.0,16233671.31568538,1855369557.0
2011-11-30,99.952251269672,93.7962516881624,97.63547723362,95.5172838292296,3838.0,20112717.818957005,1855369557.0
2011-12-01,101.4747027790776,97.5692836897328,100.3494125329952,98.4959933041536,4072.0,13659526.05976792,1855369557.0
2011-12-02,103.1295413762576,96.1130257242144,101.607089866852,99.70071580290065,3389.0,17360626.062485468,1855369557.0
2011-12-05,104.9829606050992,101.6732834107392,104.5196057978888,102.930960744596,2706.0,10463193.842641938,1855369557.0
2011-12-06,105.4065992859773,101.938057586288,102.1366382179496,103.261928464032,2043.0,7514066.326268717,1855369557.0
2011-12-07,104.45341225400162,98.628380391928,101.0775415157544,102.930960744596,2754.0,12350029.138145002,1855369557.0
2011-12-08,102.59999302516,100.15083190133362,100.48179962076962,101.2099286035288,1811.0,8175148.93668417,1855369557.0
2011-12-09,102.20283176183682,99.4227029185744,101.4747027790776,99.4888964624616,2216.0,8346482.73904602,1855369557.0
2011-12-12,101.938057586288,97.17212242640962,97.17212242640962,101.938057586288,1799.0,7946822.130496616,1855369557.0
2011-12-13,99.0255416552512,96.7749611630864,97.966444953056,98.4959933041536,1759.0,6348391.061081403,1855369557.0
2011-12-14,98.0326384969432,94.3919935831472,94.3919935831472,97.4368966019584,1555.0,7341121.622315289,1855369557.0
2011-12-15,96.60285794897968,94.3919935831472,95.7158644608912,95.8482515486656,1584.0,6266213.9434327455,1855369557.0
2011-12-16,96.311606355876,94.656767758696,94.656767758696,96.2454128119888,1577.0,6053413.390260914,1855369557.0
2011-12-19,96.0468321803272,93.1343162492904,93.7300581442752,94.3919935831472,2125.0,5782443.73922417,1855369557.0
2011-12-20,96.4439934436504,93.2667033370648,95.98063863644,94.1934129514856,1707.0,6105901.304724607,1855369557.0
2011-12-21,98.52247072170849,95.5834773731168,96.0468321803272,96.90734825086082,3178.0,9154637.4943007,1855369557.0
2011-12-22,99.4227029185744,96.642574075312,99.2241222869128,96.8411547069736,2132.0,7068106.262134603,1855369557.0
2011-12-23,100.0846383574464,98.7607674797024,100.0846383574464,99.3565093746872,372.0,2005792.9047862045,1855369557.0
2011-12-27,100.0846383574464,100.0846383574464,100.0846383574464,100.0846383574464,0.0,0.0,1855369557.0
2011-12-28,100.614186708544,96.973541794748,97.76786432139438,99.3896061466308,1609.0,5853894.09416603,1855369557.0
2011-12-29,98.628380391928,96.90734825086082,98.0988320408304,98.29741267249202,1019.0,3735085.949979014,1855369557.0
2011-12-30,98.65485780948288,97.0397353386352,97.5692836897328,98.628380391928,261.0,807940.3709753881,1855369557.0
2012-01-02,97.5692836897328,97.5692836897328,97.5692836897328,97.5692836897328,0.0,0.0,1855369557.0
2012-01-03,100.0846383574464,97.3707030580712,100.0846383574464,99.4227029185744,2101.0,9939629.688901234,1855369557.0
2012-01-04,100.6803802524312,98.4297997602664,98.8931545674768,100.283218989108,1390.0,4558914.913597097,1855369557.0
2012-01-05,99.43594162735184,95.1201225659064,96.311606355876,98.628380391928,3364.0,14259599.735492071,1855369557.0
2012-01-06,97.5030901458456,95.5834773731168,96.973541794748,96.1792192681016,2554.0,13450259.827707509,1855369557.0
2012-01-09,98.0326384969432,95.0539290220192,95.4510902853424,97.63547723362,2410.0,20856628.248601217,1855369557.0
2012-01-10,98.959348111364,95.90914960904182,97.2383159702968,96.90734825086082,2428.0,10467884.631062772,1855369557.0
2012-01-11,101.0775415157544,96.8411547069736,101.0775415157544,97.7016707775072,3568.0,14385408.583221864,1855369557.0
2012-01-12,102.7323801129344,100.4156060768824,102.4676059373856,100.4156060768824,2915.0,11566436.480353644,1855369557.0
2012-01-13,104.5196057978888,99.2903158308,103.6590897273552,103.7252832712424,4315.0,18925943.81924084,1855369557.0
2012-01-16,104.64471159583562,101.97777371262032,102.8647672007088,103.1295413762576,1741.0,7086661.070532428,1855369557.0
2012-01-17,104.5196057978888,101.8056704985136,103.3943155518064,104.5196057978888,1836.0,8326765.424344996,1855369557.0
2012-01-18,104.72215804218362,101.276122147416,102.8647672007088,103.7252832712424,1448.0,6386090.989519326,1855369557.0
2012-01-19,109.881282852752,102.4014123934984,109.550315133316,103.592896183468,4141.0,22389288.636727348,1855369557.0
2012-01-20,112.1318633449168,109.0207667822184,110.9403795549472,109.6165086772032,3348.0,13825279.831874412,1855369557.0
2012-01-23,115.5739276270512,110.6094118355112,113.2571535909992,111.07276664272162,3314.0,19297005.26298308,1855369557.0
2012-01-24,113.521927766548,111.205153730496,112.198056888804,112.6614116960144,1731.0,8724057.237583075,1855369557.0
2012-01-25,114.66707607579656,111.3375408182704,113.6543148543224,112.6614116960144,1573.0,6925827.568610518,1855369557.0
2012-01-26,119.61173380417038,113.6543148543224,119.14837899696,114.18386320542,3522.0,27070509.78166018,1855369557.0
2012-01-27,119.90364733271296,116.6330243292464,118.2216693825392,117.9568952069904,2927.0,20493627.35181064,1855369557.0
2012-01-30,118.5526371019752,115.4415405392768,117.7583145753288,117.824508119216,2334.0,12620480.945464866,1855369557.0
2012-01-31,119.3469596286216,117.162572680344,117.2949597681184,118.42025001420082,2296.0,8870151.065429479,1855369557.0
2012-02-01,121.4936162568835,117.162572680344,121.465153033012,117.7583145753288,2459.0,11427876.297251351,1855369557.0
2012-02-02,122.5904432790944,120.80321759414,121.99470138410962,121.3327659452376,2450.0,18036321.528106987,1855369557.0
2012-02-03,126.098701105116,121.0017982258016,125.5691527540184,121.99470138410962,2965.0,11148373.547999432,1855369557.0
2012-02-05,125.5691527540184,125.5691527540184,125.5691527540184,125.5691527540184,0.0,0.0,1855369557.0
2012-02-06,125.76773338568,121.796120752448,123.3847658057408,125.76773338568,1489.0,9267246.611369614,1855369557.0
2012-02-07,123.450959349628,119.14837899696,121.8623142963352,122.789023910756,4071.0,14196676.439771606,1855369557.0
2012-02-08,122.45805619132,120.8694111380272,121.134185313576,122.45805619132,1950.0,7575200.570081013,1855369557.0
2012-02-09,123.29209484429872,119.2807660847344,119.2807660847344,121.86257907051076,2482.0,11737655.54183362,1855369557.0
2012-02-10,119.810314435832,117.162572680344,117.6921210314416,119.3469596286216,2144.0,10196437.899517182,1855369557.0
2012-02-13,119.1152822250164,115.6401211709384,116.0372824342616,117.6921210314416,2080.0,12755926.51752365,1855369557.0
2012-02-14,117.2949597681184,113.9190890298712,114.18386320542,116.4344436975848,2716.0,13290274.80441209,1855369557.0
2012-02-15,116.69921787313362,113.04864392775453,114.6472180126304,115.2429599076152,3477.0,12869609.065737467,1855369557.0
2012-02-16,114.2500567493072,111.40373436215762,113.2571535909992,114.2500567493072,2409.0,9618015.526253017,1855369557.0
2012-02-17,115.3091534515024,113.3233471348864,113.6543148543224,114.0514761176456,1930.0,7139603.41927828,1855369557.0
2012-02-20,115.7725082587128,113.12476650322482,114.7796051004048,115.1105728198408,2755.0,8069670.361524363,1855369557.0
2012-02-21,115.176766363728,110.7417989232856,112.4628310643528,114.514830924856,2652.0,9570693.970970556,1855369557.0
2012-02-22,113.0585729593376,108.9545732383312,109.3517345016544,112.9923794154504,3487.0,13451401.197532468,1855369557.0
2012-02-23,109.9474763966392,105.8434766756328,107.6307023605872,109.8150893088648,3852.0,14832564.368124982,1855369557.0
2012-02-24,112.4628310643528,106.10825085118162,106.1744443950688,107.9616700800232,1929.0,10853186.02214499,1855369557.0
2012-02-27,108.0278636239104,104.1886380784528,107.8292829922488,106.4392185706176,2839.0,11962754.505844235,1855369557.0
2012-02-28,108.7983564747574,106.5054121145048,108.0278636239104,108.226444255572,2846.0,12720846.00263904,1855369557.0
2012-02-29,112.3966375204656,108.0278636239104,108.68979906278238,108.9545732383312,4831.0,18956978.20829093,1855369557.0
2012-03-01,110.7417989232856,106.9687669217152,107.7630894483616,109.21934741388,3837.0,15591425.836627102,1855369557.0
2012-03-02,111.536121449932,107.6968959044744,110.7417989232856,108.2926377994592,3835.0,13368674.53144957,1855369557.0
2012-03-05,110.7417989232856,107.233541097264,109.2855409577672,109.0207667822184,5113.0,29770057.762975533,1855369557.0
2012-03-06,108.68979906278238,106.1744443950688,106.3730250267304,107.95703653195108,4928.0,20578067.582379423,1855369557.0
2012-03-07,108.4250248872336,105.7110895878584,108.0278636239104,108.31712941069748,3783.0,12784382.256228467,1855369557.0
2012-03-08,109.8150893088648,106.8363798339408,109.21934741388,108.4250248872336,3018.0,10404749.970559904,1855369557.0
2012-03-09,109.6165086772032,106.240637938956,106.4392185706176,109.6165086772032,2284.0,13333432.473481268,1855369557.0
2012-03-12,108.56403132939673,105.9758637634072,108.0278636239104,106.902573377828,3229.0,9103559.684885304,1855369557.0
2012-03-13,114.28249158581194,108.6236055188952,112.79379878378882,108.6236055188952,4073.0,17308127.579782657,1855369557.0
2012-03-14,116.2358630659232,113.03209554178272,114.2500567493072,113.190960047112,3624.0,17128576.216630787,1855369557.0
2012-03-15,115.9048953464872,112.9923794154504,115.9048953464872,114.3824438370816,4252.0,19497578.36349308,1855369557.0
2012-03-16,118.42025001420082,115.4415405392768,115.9710888903744,116.0372824342616,3358.0,12720441.39005559,1855369557.0
2012-03-19,116.68928884155052,115.04437927595362,116.2358630659232,115.95949178148535,1809.0,7994098.393325704,1855369557.0
2012-03-20,118.155475838652,114.9781857320664,117.6259274875544,115.7725082587128,2944.0,10610373.179620812,1855369557.0
2012-03-21,119.14837899696,114.5810244687432,114.7134115565176,117.824508119216,3604.0,11951786.183386125,1855369557.0
2012-03-22,119.0159919091856,113.92107483618784,118.6850241897496,114.845798644292,3229.0,14716848.18875479,1855369557.0
2012-03-23,122.13370782627273,117.4273468558928,120.67083050636562,118.9497983652984,3714.0,19087572.95859364,1855369557.0
2012-03-26,121.2003788574632,118.9497983652984,121.0679917696888,119.61173380417038,2494.0,10587136.641292827,1855369557.0
2012-03-27,122.32566910354562,117.8907016631032,117.9568952069904,121.2003788574632,3787.0,14510855.091324683,1855369557.0
2012-03-28,119.4131531725088,116.8977985047952,117.9568952069904,117.6921210314416,3285.0,10712675.244050836,1855369557.0
2012-03-29,118.6850241897496,116.1034759781488,118.2216693825392,117.3611533120056,3836.0,11072842.343008809,1855369557.0
2012-03-30,121.8623142963352,118.19519196498432,118.42025001420082,118.2216693825392,3769.0,15217719.313607968,1855369557.0
2012-04-02,122.0628807343134,118.7512177336368,121.796120752448,119.14837899696,3123.0,12677366.757150924,1855369557.0
2012-04-03,122.1932820157712,119.7441208919448,120.0750886113808,121.8623142963352,3543.0,12797693.708274327,1855369557.0
2012-04-04,119.810314435832,116.69921787313362,118.9497983652984,119.0159919091856,3514.0,25630578.1430698,1855369557.0
2012-04-05,121.3989594891248,116.831604960908,119.14837899696,119.14837899696,3489.0,15663532.932142846,1855369557.0
2012-04-08,119.14837899696,119.14837899696,119.14837899696,119.14837899696,0.0,0.0,1855369557.0
2012-04-09,119.14837899696,119.14837899696,119.14837899696,119.14837899696,0.0,0.0,1855369557.0
2012-04-10,118.3540564703136,115.3091534515024,115.3091534515024,117.8907016631032,3534.0,12859249.171902977,1855369557.0
2012-04-11,116.5648449790426,114.1176696615328,116.169669522036,114.7796051004048,4311.0,13180802.94461337,1855369557.0
2012-04-12,118.8836048214112,115.3753469953896,118.3540564703136,115.9710888903744,3327.0,12450588.952868672,1855369557.0
2012-04-13,119.2807660847344,115.4415405392768,115.9048953464872,117.8907016631032,4419.0,12634290.614497812,1855369557.0
2012-04-16,115.9710888903744,112.9261858715632,113.4557342226608,115.1105728198408,2946.0,12488604.41873175,1855369557.0
2012-04-17,116.20872371292946,112.9261858715632,115.8387018026,112.9261858715632,3650.0,16012687.92593778,1855369557.0
2012-04-18,116.4344436975848,112.9923794154504,113.0585729593376,115.2429599076152,2957.0,10587138.151041271,1855369557.0
2012-04-19,114.4486373809688,110.6094118355112,112.3304439765784,113.190960047112,3994.0,14504216.72740888,1855369557.0
2012-04-20,114.2500567493072,112.198056888804,113.7205083982096,112.9261858715632,1989.0,8041312.756468517,1855369557.0
2012-04-23,113.27039229977665,107.1673475533768,107.6307023605872,112.9923794154504,2953.0,16615690.513646616,1855369557.0
2012-04-24,112.198056888804,109.6165086772032,111.536121449932,109.8150893088648,3062.0,12886930.409655144,1855369557.0
2012-04-25,115.7725082587128,112.1318633449168,115.2429599076152,112.2642504326912,2745.0,13776821.436012331,1855369557.0
2012-04-26,115.6401211709384,113.3233471348864,114.3824438370816,115.6401211709384,2524.0,7870155.594674815,1855369557.0
2012-04-27,117.3611533120056,113.0585729593376,117.2949597681184,114.3162502931944,2454.0,10246632.506091837,1855369557.0
2012-04-30,118.2878629264264,115.7063147148256,116.7654114170208,117.8907016631032,1906.0,7405178.739118488,1855369557.0
2012-05-01,119.9427015236064,115.4415405392768,119.5455402602832,116.81651283290174,1258.0,5428771.57807966,1855369557.0
2012-05-02,119.61173380417038,117.0963791364568,118.3540564703136,119.61173380417038,3304.0,12349656.230278911,1855369557.0
2012-05-03,119.4131531725088,116.5668307853592,117.6921210314416,117.9568952069904,2556.0,8084088.459180932,1855369557.0
2012-05-04,118.0230887508776,115.7063147148256,116.831604960908,117.0963791364568,1721.0,6167807.029992662,1855369557.0
2012-05-07,116.831604960908,116.831604960908,116.831604960908,116.831604960908,0.0,0.0,1855369557.0
2012-05-08,119.479346716396,110.9403795549472,111.6023149938192,116.500637241472,4642.0,15529640.8912347,1855369557.0
2012-05-09,112.79379878378882,108.0278636239104,109.21934741388,111.6023149938192,4834.0,15606574.652531397,1855369557.0
2012-05-10,110.543218291624,106.8363798339408,107.895476536136,109.8150893088648,3902.0,16147759.080382029,1855369557.0
2012-05-11,111.2713472743832,104.8505735173248,109.4841215894288,106.7039927461664,4326.0,17340943.471998695,1855369557.0
2012-05-14,108.557411975008,104.5196057978888,105.5125089561968,108.557411975008,3073.0,10254300.518447615,1855369557.0
2012-05-15,104.585799341776,97.8340578652816,99.2241222869128,103.923863902904,4657.0,23298053.028404407,1855369557.0
2012-05-16,102.54703819005024,98.1650255847176,101.0775415157544,98.2312191286048,3629.0,15970191.526687823,1855369557.0
2012-05-17,101.4085092351904,94.987735478132,94.987735478132,100.8127673402056,3700.0,17422860.91291469,1855369557.0
2012-05-18,96.61278698056276,92.5948388666097,94.4581871270344,93.3990904248392,3523.0,15101885.373859009,1855369557.0
2012-05-21,97.5454540139334,93.8624452320496,95.8482515486656,94.9215419342448,2297.0,8753977.432280233,1855369557.0
2012-05-22,98.10545139521912,95.98063863644,97.5692836897328,96.4439934436504,1793.0,8382405.693563338,1855369557.0
2012-05-23,97.2383159702968,93.20646721212744,93.332896880952,96.2454128119888,2307.0,9915365.01188172,1855369557.0
2012-05-24,95.8482515486656,92.5385743543056,95.318703197568,94.5905742148088,2480.0,11934553.914626746,1855369557.0
2012-05-25,97.8340578652816,92.9357356176288,93.2667033370648,95.3848967414552,2535.0,11104269.26665479,1855369557.0
2012-05-28,94.7891548464704,90.023219686592,90.7513486693512,93.7962516881624,4471.0,21626636.189878043,1855369557.0
2012-05-29,94.7891548464704,91.678058283772,94.4581871270344,92.4061872665312,3492.0,14267885.23496215,1855369557.0
2012-05-30,95.649670917004,92.2738001787568,92.8695420737416,93.20050979317762,2711.0,13532011.196294472,1855369557.0
2012-05-31,94.15038714795892,91.4132841082232,91.8104453715464,92.4061872665312,2484.0,9358811.34485372,1855369557.0
2012-06-01,93.994832319824,91.0161228449,93.8624452320496,92.009026003208,3420.0,13436056.11433023,1855369557.0
2012-06-04,93.8624452320496,93.8624452320496,93.8624452320496,93.8624452320496,0.0,0.0,1855369557.0
2012-06-05,93.8624452320496,93.8624452320496,93.8624452320496,93.8624452320496,0.0,0.0,1855369557.0
2012-06-06,96.2454128119888,93.332896880952,95.649670917004,93.332896880952,3323.0,12161215.468278674,1855369557.0
2012-06-07,96.99207598703642,94.32580003926,96.1130257242144,95.98063863644,2431.0,11898445.261050604,1855369557.0
2012-06-08,96.90734825086082,94.85534839035762,96.7087676191992,95.7158644608912,2639.0,9628266.718199411,1855369557.0
2012-06-11,102.59999302516,94.12258585952632,96.3777998997632,99.2903158308,4021.0,14221324.592896331,1855369557.0
2012-06-12,97.17212242640962,93.8624452320496,94.656767758696,97.17212242640962,2244.0,8185860.60190651,1855369557.0
2012-06-13,96.13023604562508,92.3234453366722,93.7962516881624,95.5834773731168,1830.0,8606393.482717909,1855369557.0
2012-06-14,95.1863161097936,92.339993722644,94.7891548464704,93.2667033370648,1613.0,5542040.455219352,1855369557.0
2012-06-15,97.62753400835356,94.656767758696,97.5692836897328,94.656767758696,2652.0,30718708.19883991,1855369557.0
2012-06-18,100.15083190133362,96.4439934436504,99.4227029185744,97.59576110728769,2765.0,12999972.824527975,1855369557.0
2012-06-19,103.18514395312285,99.2241222869128,102.20283176183682,99.3565093746872,3224.0,13040607.703944368,1855369557.0
2012-06-20,105.77728313174562,102.1366382179496,104.7843799734376,102.1366382179496,3185.0,12116535.972776216,1855369557.0
2012-06-21,107.3659281850384,103.1957349201448,105.9758637634072,103.5267026395808,4407.0,22943139.85403752,1855369557.0
2012-06-22,106.0420573072944,103.3281220079192,103.3281220079192,105.5125089561968,2995.0,13266164.121734036,1855369557.0
2012-06-25,104.12244453456562,101.276122147416,101.6732834107392,103.8576703590168,3094.0,16945165.93645167,1855369557.0
2012-06-26,102.7323801129344,101.0113479718672,101.7394769546264,102.7323801129344,2525.0,8134719.383056395,1855369557.0
2012-06-27,103.1957349201448,100.94515442798,102.7323801129344,102.930960744596,1730.0,5743339.744731733,1855369557.0
2012-06-28,103.06334783237038,100.48179962076962,101.5408963229648,103.06334783237038,2036.0,7429014.64757942,1855369557.0
2012-06-29,106.4392185706176,101.5408963229648,105.578702500084,103.3281220079192,3017.0,17750476.32563462,1855369557.0
2012-07-02,105.90967021952,104.3210251662272,104.9829606050992,105.1815412367608,1979.0,6746190.14979724,1855369557.0
2012-07-03,106.9687669217152,104.45341225400162,105.3801218684224,104.45341225400162,2403.0,10954414.655430112,1855369557.0
2012-07-04,106.6377992022792,104.7843799734376,105.3801218684224,104.7843799734376,1386.0,5448443.600327313,1855369557.0
2012-07-05,106.5054121145048,101.4747027790776,103.06334783237038,105.9758637634072,2384.0,10272745.115208903,1855369557.0
2012-07-06,105.90967021952,102.6661865690472,105.3801218684224,102.7323801129344,2173.0,8745260.144754682,1855369557.0
2012-07-07,105.3801218684224,105.3801218684224,105.3801218684224,105.3801218684224,0.0,0.0,1855369557.0
2012-07-08,105.3801218684224,105.3801218684224,105.3801218684224,105.3801218684224,0.0,0.0,1855369557.0
2012-07-09,106.0420573072944,104.0562509906784,105.77728313174562,105.578702500084,1498.0,5384720.137930618,1855369557.0
2012-07-10,107.2997346411512,105.1153476928736,106.1744443950688,105.90967021952,2268.0,7963394.639185219,1855369557.0
2012-07-11,106.240637938956,104.1886380784528,104.6519928856632,105.7110895878584,2105.0,6103866.163819784,1855369557.0
2012-07-12,105.90967021952,102.0704446740624,102.3352188496112,104.25483162234,2457.0,9251057.578786222,1855369557.0
2012-07-13,104.8505735173248,102.3352188496112,103.1295413762576,103.06334783237038,2448.0,11582066.90601212,1855369557.0
2012-07-16,106.10825085118162,102.0704446740624,105.90967021952,103.5267026395808,1987.0,7145486.908971227,1855369557.0
2012-07-17,106.902573377828,102.4676059373856,102.4676059373856,106.5054121145048,2364.0,9192349.50072619,1855369557.0
2012-07-18,104.27998516901714,102.4676059373856,103.4605090956936,103.261928464032,1369.0,4141733.674335182,1855369557.0
2012-07-19,105.9758637634072,103.1957349201448,105.9758637634072,103.3281220079192,1698.0,8564940.31964394,1855369557.0
2012-07-20,107.5645088167,101.87186404240082,102.4676059373856,106.9687669217152,2441.0,18913911.1241285,1855369557.0
2012-07-23,101.4747027790776,98.0326384969432,98.3636062163792,101.4085092351904,3093.0,10844021.849079506,1855369557.0
2012-07-24,99.15130938863688,95.8482515486656,96.2454128119888,98.29741267249202,1930.0,7733573.182036409,1855369557.0
2012-07-25,98.55556749365208,95.649670917004,96.7749611630864,96.311606355876,1727.0,6840920.82577201,1855369557.0
2012-07-26,100.283218989108,96.92323470139374,98.628380391928,97.304509514184,2551.0,11137387.108559972,1855369557.0
2012-07-27,100.5479931646568,97.2383159702968,100.0184448135592,99.5550900063488,2053.0,11075218.687062362,1855369557.0
2012-07-30,107.233541097264,100.15083190133362,107.233541097264,100.48179962076962,3377.0,15706784.20561566,1855369557.0
2012-07-31,107.233541097264,104.8505735173248,105.90967021952,106.1744443950688,1880.0,7813860.094631032,1855369557.0
2012-08-01,108.06824168568158,105.5125089561968,107.49831527281282,106.10825085118162,1929.0,7289503.322956329,1855369557.0
2012-08-02,109.21934741388,105.44631541230962,105.44631541230962,108.557411975008,3035.0,10518994.145195529,1855369557.0
2012-08-03,102.59999302516,99.6874770941232,99.952251269672,101.607089866852,3154.0,22549006.434547875,1855369557.0
2012-08-06,100.8789608840928,98.5621868480408,100.6803802524312,98.959348111364,2864.0,10556994.513574148,1855369557.0
2012-08-07,103.9900574467912,100.8789608840928,103.6590897273552,101.0113479718672,2383.0,28836800.722263657,1855369557.0
2012-08-08,103.6590897273552,99.0917351991384,101.4747027790776,102.9971542884832,2802.0,15878030.44256766,1855369557.0
2012-08-09,102.1366382179496,99.53523194318264,100.2170254452208,101.3423156913032,1516.0,6867160.253758519,1855369557.0
2012-08-10,100.99678539221202,98.628380391928,99.0917351991384,99.7536706380104,1435.0,5951032.818911713,1855369557.0
2012-08-13,100.08860997007964,97.5692836897328,98.0988320408304,99.621283550236,1629.0,5439685.549593727,1855369557.0
2012-08-14,99.4227029185744,98.0988320408304,98.628380391928,98.959348111364,1195.0,4609894.58936352,1855369557.0
2012-08-15,99.0255416552512,97.5030901458456,97.7016707775072,98.5621868480408,832.0,3338437.2895788103,1855369557.0
2012-08-16,98.4297997602664,96.3777998997632,97.9002514091688,97.17212242640962,2079.0,10726767.236043133,1855369557.0
2012-08-17,99.5550900063488,98.0326384969432,99.1579287430256,98.82696102358962,1191.0,6416933.640516817,1855369557.0
2012-08-20,99.73381257484424,97.0397353386352,97.5030901458456,98.82696102358962,1101.0,5084752.748497046,1855369557.0
2012-08-21,99.5550900063488,97.7632307733223,99.2241222869128,97.9002514091688,990.0,5764740.428949729,1855369557.0
2012-08-22,99.5550900063488,97.1059288825224,97.2383159702968,98.959348111364,825.0,3840108.581108216,1855369557.0
2012-08-23,98.959348111364,94.0610258637112,94.5905742148088,98.29741267249202,1842.0,12876345.563302243,1855369557.0
2012-08-24,95.2525096536808,93.332896880952,93.5976710565008,95.1863161097936,1568.0,10339032.130466422,1855369557.0
2012-08-27,93.5976710565008,93.5976710565008,93.5976710565008,93.5976710565008,0.0,0.0,1855369557.0
2012-08-28,95.98063863644,93.001929161516,95.9144450925528,94.1272194075984,1778.0,9210750.31478255,1855369557.0
2012-08-29,96.0468321803272,93.8624452320496,94.4581871270344,95.7820580047784,1408.0,26856178.343564395,1855369557.0
2012-08-30,95.15983869223872,93.9286387759368,94.7229613025832,94.4581871270344,1248.0,4943144.383282857,1855369557.0
2012-08-31,95.1863161097936,92.8271782056538,93.8624452320496,95.0539290220192,765.0,4452420.277733324,1855369557.0
2012-09-03,94.987735478132,93.23228269424348,94.0610258637112,93.4652839687264,1709.0,6173726.753648307,1855369557.0
2012-09-04,94.52438067092162,92.6047678981928,92.6047678981928,94.3919935831472,1158.0,4835026.767839942,1855369557.0
2012-09-05,93.50500009505872,91.4794776521104,92.4723808104184,93.1343162492904,1799.0,9123184.90493114,1855369557.0
2012-09-06,96.06788172728334,92.5385743543056,95.7158644608912,92.67096144208,2095.0,7845848.64469882,1855369557.0
2012-09-07,97.17212242640962,95.5834773731168,97.1059288825224,95.649670917004,1547.0,9689656.109499035,1855369557.0
2012-09-10,99.4227029185744,96.7749611630864,99.2241222869128,96.7749611630864,1527.0,7362022.579797754,1855369557.0
2012-09-11,103.1295413762576,98.76176038286071,102.4676059373856,98.82696102358962,2847.0,12345365.52519619,1855369557.0
2012-09-12,103.5267026395808,101.5408963229648,102.9971542884832,103.261928464032,1812.0,10440799.743946664,1855369557.0
2012-09-13,103.1957349201448,101.276122147416,102.5337994812728,103.1957349201448,1814.0,10018400.81405636,1855369557.0
2012-09-14,106.0420573072944,103.261928464032,105.9758637634072,103.7252832712424,2399.0,12830684.73131007,1855369557.0
2012-09-17,105.77728313174562,102.930960744596,103.261928464032,105.1815412367608,1478.0,7581034.238075252,1855369557.0
2012-09-18,103.3281220079192,101.1437350596416,102.20283176183682,103.261928464032,1603.0,6452201.364208696,1855369557.0
2012-09-19,103.1295413762576,101.0775415157544,102.7323801129344,103.1295413762576,1735.0,10872048.81922574,1855369557.0
2012-09-20,105.73723603769383,101.938057586288,105.1153476928736,102.0704446740624,2630.0,11967762.34143867,1855369557.0
2012-09-21,105.90967021952,104.16878001528664,104.7181864295504,105.5125089561968,1652.0,8055671.973935703,1855369557.0
2012-09-24,105.247734780648,103.6590897273552,104.916767061212,104.45341225400162,995.0,4681594.052798922,1855369557.0
2012-09-25,105.1815412367608,103.02363170603807,103.923863902904,105.1815412367608,1642.0,5421253.030820005,1855369557.0
2012-09-26,103.3943155518064,101.4747027790776,101.87186404240082,103.3281220079192,1854.0,4995784.782339566,1855369557.0
2012-09-27,102.8647672007088,99.8198641818976,100.283218989108,102.269025305724,1506.0,6062856.866788856,1855369557.0
2012-09-28,102.01801938730377,98.628380391928,98.628380391928,101.4085092351904,1784.0,7672094.71557849,1855369557.0
2012-10-01,102.5296954815518,99.1579287430256,102.1366382179496,99.1579287430256,2365.0,8027429.109761732,1855369557.0
2012-10-02,105.77728313174562,101.3734266569302,105.247734780648,101.4747027790776,3757.0,15644739.5834906,1855369557.0
2012-10-03,109.30539902093336,104.916767061212,108.3588313433464,105.90967021952,4289.0,24742136.475220498,1855369557.0
2012-10-04,109.8150893088648,106.8363798339408,107.5645088167,108.888379694444,3007.0,11406948.164296864,1855369557.0
2012-10-05,111.6685085377064,107.2997346411512,109.881282852752,107.49831527281282,4211.0,24776042.405814342,1855369557.0
2012-10-08,111.0065730988344,107.7630894483616,108.2926377994592,111.0065730988344,1410.0,6005877.4506991645,1855369557.0
2012-10-09,109.550315133316,106.33383844874918,107.233541097264,108.4250248872336,1789.0,9333193.933226846,1855369557.0
2012-10-10,108.1602507116848,105.1153476928736,105.8434766756328,107.49831527281282,1779.0,10528905.64374164,1855369557.0
2012-10-11,108.557411975008,105.3139283245352,107.49831527281282,105.6448960439712,1840.0,6131106.555025802,1855369557.0
2012-10-12,108.1602507116848,106.0420573072944,106.0420573072944,107.1011540094896,1534.0,6240012.259157379,1855369557.0
2012-10-15,107.6968959044744,104.25483162234,104.585799341776,105.9758637634072,2071.0,8894843.00125913,1855369557.0
2012-10-16,105.37204625606816,101.7394769546264,102.9971542884832,105.0491541489864,3616.0,16525088.999670874,1855369557.0
2012-10-17,104.7181864295504,102.0042511301752,104.3210251662272,103.06334783237038,2589.0,10607439.738390788,1855369557.0
2012-10-18,108.557411975008,104.585799341776,108.4250248872336,104.585799341776,2376.0,13595254.558685431,1855369557.0
2012-10-19,108.7559926066696,107.2997346411512,107.3659281850384,108.2926377994592,1902.0,8822592.479641043,1855369557.0
2012-10-22,106.9687669217152,105.247734780648,105.7110895878584,106.9687669217152,1280.0,4365051.135179856,1855369557.0
2012-10-23,105.8434766756328,102.38287820121,102.4676059373856,105.3139283245352,1770.0,7470174.91945492,1855369557.0
2012-10-24,105.247734780648,101.87186404240082,104.0562509906784,102.59999302516,1375.0,6165374.825246617,1855369557.0
2012-10-25,106.5054121145048,104.12244453456562,105.90967021952,104.916767061212,1637.0,7876144.766758963,1855369557.0
2012-10-26,106.240637938956,104.7181864295504,106.0420573072944,105.3801218684224,1383.0,3972330.8402354,1855369557.0
2012-10-29,105.90967021952,104.45341225400162,105.1153476928736,105.90967021952,1014.0,2953871.145989655,1855369557.0
2012-10-30,106.0420573072944,104.25483162234,104.9829606050992,104.916767061212,1005.0,4540263.481298746,1855369557.0
2012-10-31,109.550315133316,106.240637938956,106.7701862900536,106.3068314828432,3806.0,18382103.7438742,1855369557.0
2012-11-01,108.2926377994592,106.3730250267304,108.09405716779762,106.7039927461664,1371.0,6093652.71558453,1855369557.0
2012-11-02,112.3304439765784,107.5645088167,111.9332827132552,107.6307023605872,2557.0,9685247.64403755,1855369557.0
2012-11-05,113.7205083982096,110.4108312038496,112.9923794154504,110.4108312038496,2261.0,7308266.476639662,1855369557.0
2012-11-06,116.169669522036,112.9923794154504,115.8387018026,113.7867019420968,2129.0,9215444.122700276,1855369557.0
2012-11-07,116.831604960908,112.1318633449168,112.198056888804,116.5668307853592,3485.0,11709990.911314355,1855369557.0
2012-11-08,114.1176696615328,110.8079924671728,111.205153730496,113.852895485984,2942.0,10570422.216250328,1855369557.0
2012-11-09,115.7063147148256,109.00408600915884,112.9261858715632,109.881282852752,5919.0,22419436.80343981,1855369557.0
2012-11-12,114.7796051004048,111.6685085377064,112.859992327676,113.3233471348864,2090.0,10250921.701426107,1855369557.0
2012-11-13,112.5952181521272,111.3375408182704,112.3304439765784,112.52902460824,2657.0,9853359.643216249,1855369557.0
2012-11-14,112.9923794154504,109.9474763966392,110.212250572188,112.9923794154504,2302.0,8860511.321603594,1855369557.0
2012-11-15,109.74889576497762,106.0420573072944,106.6377992022792,109.74889576497762,3206.0,13669885.95360241,1855369557.0
2012-11-16,108.557411975008,104.7843799734376,104.916767061212,107.1673475533768,2686.0,10376860.387522232,1855369557.0
2012-11-19,108.888379694444,105.6448960439712,108.1602507116848,105.6448960439712,2136.0,8981223.258580655,1855369557.0
2012-11-20,111.07276664272162,108.4912184311208,110.9403795549472,108.7559926066696,1569.0,7053529.640891234,1855369557.0
2012-11-21,111.6023149938192,108.9876700102748,109.21934741388,110.1460570283008,1457.0,6160702.1538071325,1855369557.0
2012-11-22,111.6685085377064,108.8221861505568,111.2713472743832,109.881282852752,1319.0,7176604.334185838,1855369557.0
2012-11-23,112.4628310643528,111.1389601866088,111.867089169368,111.2713472743832,1382.0,6053253.356925669,1855369557.0
2012-11-26,113.4557342226608,111.536121449932,112.79379878378882,112.4628310643528,1971.0,7052247.864460823,1855369557.0
2012-11-27,114.4486373809688,111.8008956254808,112.6614116960144,113.5881213104352,1616.0,6384190.216226173,1855369557.0
2012-11-28,113.12476650322482,109.74889576497762,112.5952181521272,112.6614116960144,2836.0,7892845.604065451,1855369557.0
2012-11-29,113.190960047112,112.20149895308612,112.6614116960144,112.3304439765784,1489.0,8742281.411071287,1855369557.0
2012-11-30,113.12476650322482,111.6685085377064,111.6685085377064,113.12476650322482,1560.0,5979564.045038816,1855369557.0
2012-12-03,113.5881213104352,111.6685085377064,113.3895406787736,112.52902460824,2022.0,8818407.456949523,1855369557.0
2012-12-04,114.514830924856,112.3304439765784,114.3162502931944,113.2571535909992,1691.0,7023629.072923869,1855369557.0
2012-12-05,115.8387018026,113.5881213104352,115.8387018026,114.7134115565176,1715.0,6101578.894924528,1855369557.0
2012-12-06,116.9639920486824,114.6472180126304,115.4415405392768,115.9710888903744,1656.0,7712409.528324391,1855369557.0
2012-12-07,115.9710888903744,113.0585729593376,113.3233471348864,115.5739276270512,1652.0,7851348.658286557,1855369557.0
2012-12-10,113.521927766548,111.6023149938192,112.9261858715632,113.521927766548,1439.0,3869793.255047844,1855369557.0
2012-12-11,114.4486373809688,112.7276052399016,112.9923794154504,113.12476650322482,1564.0,5170121.474359942,1855369557.0
2012-12-12,115.04437927595362,112.9923794154504,114.3824438370816,113.12476650322482,1577.0,7076941.310038921,1855369557.0
2012-12-13,115.04437927595362,113.2571535909992,113.6543148543224,114.7796051004048,1101.0,4532868.733411639,1855369557.0
2012-12-14,115.176766363728,113.98528257375838,114.9781857320664,113.98528257375838,1205.0,4981854.333430964,1855369557.0
2012-12-17,118.8836048214112,114.7796051004048,118.817411277524,115.4415405392768,2678.0,12234713.042112922,1855369557.0
2012-12-18,120.38725736435283,118.817411277524,119.61173380417038,118.817411277524,2244.0,8257783.508111878,1855369557.0
2012-12-19,125.1719914906952,119.61173380417038,124.774830227372,120.141282155268,3386.0,16176645.097393872,1855369557.0
2012-12-20,125.76773338568,123.119991630192,123.119991630192,124.9734108590336,1591.0,5087212.128715114,1855369557.0
2012-12-21,124.6424431395976,121.8623142963352,124.3776689640488,122.9876045424176,1681.0,9280722.625996055,1855369557.0
2012-12-24,125.105797946808,123.71573352517682,124.9734108590336,124.774830227372,331.0,947217.6845893936,1855369557.0
2012-12-27,125.105797946808,123.9805077007256,124.443862507936,125.105797946808,955.0,3354985.642292281,1855369557.0
2012-12-28,124.3114754201616,121.5313465768992,122.2594755596584,124.3114754201616,901.0,2847713.184029277,1855369557.0
2012-12-31,122.6566368229816,121.7299272085608,122.32566910354562,121.8623142963352,253.0,916154.6103188288,1855369557.0
2013-01-02,129.0112170361528,123.1861851740792,127.6873461584088,123.1861851740792,2003.0,8383772.015906709,1855369557.0
2013-01-03,128.5478622289424,126.098701105116,128.415475141168,128.1507009656192,1746.0,5252999.115287411,1855369557.0
2013-01-04,129.4745718433632,127.5549590706344,129.14360412392722,127.5549590706344,1558.0,4039540.311793249,1855369557.0
2013-01-07,129.6731524750248,126.4958623684392,126.8268300878752,129.2097976678144,1939.0,7966569.6401665555,1855369557.0
2013-01-08,127.2239913511984,126.098701105116,126.3634752806648,126.9592171756496,1491.0,5828167.980651064,1855369557.0
2013-01-09,128.87882994837838,126.1648946490032,128.87882994837838,127.0254107195368,1638.0,7789100.220121323,1855369557.0
2013-01-10,132.25470068662565,128.5478622289424,130.3350879138968,128.5478622289424,3048.0,13297062.63342402,1855369557.0
2013-01-11,137.7487648292632,133.049023213272,137.4177971098272,133.97573282769278,4193.0,18847492.7607562,1855369557.0
2013-01-14,139.8007646897664,136.88824875872962,139.2712163386688,137.28541002205282,2934.0,11226818.567490283,1855369557.0
2013-01-15,139.337409882556,134.952087600029,136.4910874954064,139.337409882556,2907.0,15230136.994573964,1855369557.0
2013-01-16,136.83178566579383,134.1081199154672,134.372894091016,136.6234745831808,2218.0,9355219.653301368,1855369557.0
2013-01-17,141.19082911139762,134.5052811787904,140.1979259530896,135.1010230737752,2831.0,12150475.117835866,1855369557.0
2013-01-18,141.82509564892476,137.7487648292632,137.9473454609248,140.16985989048143,1724.0,7430094.117718106,1855369557.0
2013-01-21,141.2570226552848,138.07973254869918,140.6612807603,139.00644216312,1565.0,6164090.029319315,1855369557.0
2013-01-22,141.7203774624952,139.46979697033038,140.0655388653152,141.19082911139762,2003.0,6802989.905821892,1855369557.0
2013-01-23,140.8598613919616,137.682571285376,137.8811519170376,140.7936678480744,1977.0,6171626.693560319,1855369557.0
2013-01-24,144.7652804813064,136.689668127068,144.56669984964483,137.9473454609248,3315.0,17659574.371718183,1855369557.0
2013-01-25,150.5773384087781,144.0371514985472,147.611602868456,145.0300546568552,4017.0,13744710.59632044,1855369557.0
2013-01-28,148.14115121955362,144.63289339353202,145.62579655184,147.67779641234318,1832.0,6329288.213997784,1855369557.0
2013-01-29,146.81728034180964,143.0310096314618,145.29482883240402,145.1624417446296,1778.0,7531926.650381513,1855369557.0
2013-01-30,147.2144416051328,143.24282897190082,143.3752160596752,145.62579655184,1846.0,6618397.492609781,1855369557.0
2013-01-31,144.16622890912723,139.8007646897664,140.7936678480744,143.1766354280136,3883.0,14122805.958071264,1855369557.0
2013-02-01,143.1766354280136,139.73457114587922,141.3894097430592,141.654183918608,3599.0,12218149.591914997,1855369557.0
2013-02-04,142.4485064452544,139.4036034264432,139.4036034264432,141.9189580941568,2776.0,9520174.768480076,1855369557.0
2013-02-05,142.96302886188963,138.2121196364736,142.3823129013672,141.4556032869464,1931.0,7874212.288748449,1855369557.0
2013-02-06,147.0158609734712,142.12415808020714,143.3752160596752,142.7132806208032,3332.0,11126586.368179334,1855369557.0
2013-02-07,144.44755147064785,139.52937115982888,139.8007646897664,143.1104418841264,2403.0,9134008.291538464,1855369557.0
2013-02-08,145.4272159201784,139.6749969563807,144.63289339353202,140.2641194969768,3350.0,14862631.008421376,1855369557.0
2013-02-11,144.8976675690808,142.03148711876503,143.04424834023922,144.5005063057576,1386.0,4120680.232259701,1855369557.0
2013-02-12,146.81728034180964,141.98515163804402,146.81728034180964,142.77947416469038,3081.0,9506417.94064273,1855369557.0
2013-02-13,149.80922852551106,145.4272159201784,148.93547374620002,145.95676427127603,2923.0,9947741.567300055,1855369557.0
2013-02-14,150.8550865189288,145.8905707273888,150.19315108005682,148.0749576756664,2259.0,8835008.650858594,1855369557.0
2013-02-15,151.252247782252,148.8030866584256,150.8550865189288,150.19315108005682,2514.0,7422851.854424016,1855369557.0
2013-02-18,152.3775380283344,147.4130222367944,148.4059253951024,150.8550865189288,2018.0,5935203.106458402,1855369557.0
2013-02-19,152.5099251161088,147.48510700608756,152.24515094056002,147.8101835001176,2524.0,8287270.405005118,1855369557.0
2013-02-20,152.8408928355448,150.72269943115438,151.7156025894624,151.914183221124,2444.0,6995087.278557647,1855369557.0
2013-02-21,151.85070361253617,148.604506026764,150.59031234338,150.45792525560563,3006.0,12336347.797729945,1855369557.0
2013-02-22,152.44373157222162,149.0016672900872,150.1269575361696,151.31844132613918,2437.0,7711745.239008277,1855369557.0
2013-02-25,151.5170219578008,146.5525061662608,147.611602868456,151.0536671505904,3239.0,16651495.707785169,1855369557.0
2013-02-26,147.611602868456,143.4414096035624,146.7510867979224,144.963861112968,4077.0,14964676.41561563,1855369557.0
2013-02-27,148.0749576756664,145.4272159201784,146.7510867979224,146.949667429584,3404.0,8423961.519531615,1855369557.0
2013-02-28,159.4602472242648,149.59740918507202,158.3349569781824,149.9945704483952,7490.0,31309569.38954832,1855369557.0
2013-03-01,159.4602472242648,156.0181829421304,157.40824736376163,156.54773129322805,3894.0,10066954.324070524,1855369557.0
2013-03-04,158.6381234091858,156.2829571176792,157.40824736376163,157.6068279954232,2342.0,5763010.25723094,1855369557.0
2013-03-05,163.167085681948,158.79831178539283,162.7699244186248,159.857408487588,3259.0,8944195.168201074,1855369557.0
2013-03-06,164.4744081737202,160.1221826631368,160.5855374703472,162.9023115063992,3198.0,12810188.386411056,1855369557.0
2013-03-07,161.04889227755763,158.79831178539283,159.857408487588,160.51934392646,2897.0,9918200.31946277,1855369557.0
2013-03-08,163.4318598574968,159.69192462787,162.9685050502864,159.7250213998136,3459.0,10337789.607495598,1855369557.0
2013-03-11,164.35856947191763,161.57844062865522,162.505150243076,162.6375373308504,2820.0,11373739.73748494,1855369557.0
2013-03-12,171.3750851239608,162.81096441583486,170.2497948778784,163.2994727697224,5389.0,18684799.24874917,1855369557.0
2013-03-13,172.5665689139304,169.124504631796,171.44127866784802,170.117407790104,4968.0,16586639.934054188,1855369557.0
2013-03-14,174.08902042333602,171.110310948412,173.8904397916744,171.17650449229922,4562.0,14902186.417699084,1855369557.0
2013-03-15,181.6423657163044,177.8620524249064,180.1788264609584,181.370310250928,6378.0,21456372.7991642,1855369557.0
2013-03-18,179.9140522854096,175.47908484496722,179.053536214876,177.33250407380876,3531.0,9809543.723824736,1855369557.0
2013-03-19,179.053536214876,175.5452783888544,176.93534281048562,178.8549555832144,3280.0,8688208.260739595,1855369557.0
2013-03-20,178.78876203932722,173.096117265028,173.69185916001277,177.26650911055324,4475.0,10067811.861187687,1855369557.0
2013-03-21,174.35379459888478,169.38927880734482,170.18360133399122,174.35379459888478,5153.0,12755014.62946244,1855369557.0
2013-03-22,172.8975366333664,167.0862068348775,171.3750851239608,169.6540529828936,3691.0,10457657.595091503,1855369557.0
2013-03-25,174.5589945849351,169.38927880734482,170.2497948778784,172.5665689139304,2588.0,7078733.381443984,1855369557.0
2013-03-26,170.71314968508878,167.4034724907288,169.38927880734482,170.71314968508878,2871.0,9098740.567846583,1855369557.0
2013-03-27,169.786440070668,164.2261823841432,165.55005326188723,169.455472351232,3978.0,12152691.428554174,1855369557.0
2013-03-28,169.10193263333048,164.62334364746638,167.60205312239037,165.8810209813232,2551.0,7791582.246566077,1855369557.0
2013-04-01,167.60205312239037,167.60205312239037,167.60205312239037,167.60205312239037,0.0,0.0,1855369557.0
2013-04-02,172.9637301772536,166.6091499640824,172.50037537004323,166.807730595744,2786.0,8319278.5818027,1855369557.0
2013-04-03,172.5665689139304,168.1812466314034,168.26398856126238,171.50747221173523,2638.0,6953108.723024569,1855369557.0
2013-04-04,170.18360133399122,166.07960161298482,167.0063112274056,169.786440070668,3493.0,13518382.697075011,1855369557.0
2013-04-05,164.9543113669024,154.0323766255144,155.48863459103282,163.96140820859438,5393.0,20914043.98199172,1855369557.0
2013-04-08,159.526440768152,153.9661830816272,154.561924976612,156.1505700299048,4204.0,13693595.043193905,1855369557.0
2013-04-09,158.4011505220696,155.2900539593712,157.01108610043838,155.2900539593712,3129.0,9097076.825059408,1855369557.0
2013-04-10,166.25370387211692,157.2096667321,166.07960161298482,157.4744409076488,4577.0,15198916.906465044,1855369557.0
2013-04-11,170.3821819656528,165.08669845467682,166.4105693324208,165.55005326188723,3390.0,12487635.160229605,1855369557.0
2013-04-12,165.814827437436,160.1221826631368,161.2474729092192,165.152891998564,3818.0,10393653.319483908,1855369557.0
2013-04-15,166.4105693324208,159.0630859609416,165.74863389354883,161.77402269277871,2749.0,7924619.769853947,1855369557.0
2013-04-16,165.8810209813232,162.09475027097537,165.152891998564,165.152891998564,2196.0,6568992.4844722375,1855369557.0
2013-04-17,168.5949562806984,163.6304404891584,166.145795156872,166.3443757885336,4286.0,19672207.94671192,1855369557.0
2013-04-18,168.26398856126238,162.43895669918882,162.7699244186248,166.6091499640824,3923.0,10153065.846168712,1855369557.0
2013-04-19,167.33727894684162,161.7108277164296,167.0063112274056,162.9685050502864,3171.0,10583557.02772804,1855369557.0
2013-04-22,172.83134308947925,167.0063112274056,169.7202465267808,167.0063112274056,2891.0,8472261.391806897,1855369557.0
2013-04-23,178.7722136533554,169.80212794056928,178.45779431989124,169.98502070232962,3698.0,10965382.977888225,1855369557.0
2013-04-24,184.2828261819648,178.65637495155278,183.356116567544,180.046439373184,5731.0,27080294.46133685,1855369557.0
2013-04-25,184.52651771378555,180.5097941803944,182.4294069531232,182.76037467255924,3709.0,16400684.217995595,1855369557.0
2013-04-26,182.56179404089764,178.78876203932722,182.56179404089764,181.4365037948152,2962.0,8443686.382974869,1855369557.0
2013-04-29,184.8785680769496,180.3112135487328,181.7674715142512,182.76037467255924,2228.0,5399195.606028124,1855369557.0
2013-04-30,183.2237294797696,177.2001169860344,180.046439373184,182.2970198653488,3399.0,9746855.9488618,1855369557.0
2013-05-01,183.2237294797696,179.51689102208638,182.4294069531232,181.9660521459128,628.0,2386776.41531368,1855369557.0
2013-05-02,183.4885036553184,179.9140522854096,181.6350844264768,181.1055360753792,3384.0,8354917.703612224,1855369557.0
2013-05-03,185.672890603596,180.5759877242816,184.679987445288,181.89985860202563,2821.0,6654309.878887979,1855369557.0
2013-05-06,184.679987445288,184.679987445288,184.679987445288,184.679987445288,0.0,0.0,1855369557.0
2013-05-07,188.0558581835352,183.09134239199523,186.2686324985808,184.1504390941904,3129.0,11811799.288002633,1855369557.0
2013-05-08,187.989664639648,182.76037467255924,186.5996002180168,186.5996002180168,4408.0,10738300.20441994,1855369557.0
2013-05-09,187.1291485691144,184.8123745330624,185.672890603596,185.8052776913704,2321.0,6618168.010846033,1855369557.0
2013-05-10,184.679987445288,177.13392344214722,182.6279875847848,181.370310250928,6272.0,19743446.93687138,1855369557.0
2013-05-13,182.363213409236,174.07472261785637,179.1859233026504,182.2970198653488,5475.0,14680757.652159996,1855369557.0
2013-05-14,179.1859233026504,174.6185687744336,178.9211491271016,178.3254072321168,4835.0,14514141.813691003,1855369557.0
2013-05-15,180.1788264609584,177.398697617696,178.060633056568,178.2592136882296,5473.0,17323576.83562765,1855369557.0
2013-05-16,183.8194713747544,177.9158015825428,183.1575359358824,178.9873426709888,3586.0,11625683.538608797,1855369557.0
2013-05-17,185.54050351582163,181.3041167070408,183.9518584625288,183.025148848108,3333.0,9883636.138546595,1855369557.0
2013-05-20,187.1953421130016,183.68708428698,187.06295502522724,184.018052006416,2239.0,6426025.345656906,1855369557.0
2013-05-21,187.5610614429784,183.5546971992056,184.8123745330624,187.00683613871965,2262.0,7761521.645263466,1855369557.0
2013-05-22,189.84308386848963,184.0842455503032,188.7839871662944,184.0842455503032,3182.0,10291164.046246614,1855369557.0
2013-05-23,187.5925033763248,174.96641584756082,184.349019725852,185.4081164280472,3861.0,11271907.204821533,1855369557.0
2013-05-24,186.2686324985808,178.2592136882296,180.708374812056,184.8123745330624,4380.0,12891743.48770008,1855369557.0
2013-05-27,180.708374812056,180.708374812056,180.708374812056,180.708374812056,0.0,0.0,1855369557.0
2013-05-28,188.65160007852,181.7674715142512,187.8572775518736,182.56179404089764,4005.0,12628126.311593965,1855369557.0
2013-05-29,187.9234710957608,180.2450200048456,181.370310250928,187.27960649437,3868.0,14185721.705049504,1855369557.0
2013-05-30,187.5263098324376,180.27149742240044,185.73908414748325,181.1055360753792,4749.0,14898763.817972649,1855369557.0
2013-05-31,187.4601162885504,183.09134239199523,185.0771487086112,185.010955164724,4037.0,12056697.093130345,1855369557.0
2013-06-03,184.2166326380776,181.701277970364,182.1646327775744,183.5546971992056,3804.0,10246640.054834064,1855369557.0
2013-06-04,186.0700518669192,182.4542295320809,183.8194713747544,183.68708428698,3323.0,9627546.568190807,1855369557.0
2013-06-05,183.8194713747544,179.5830845659736,179.715471653748,183.8194713747544,3713.0,12981967.564564392,1855369557.0
2013-06-06,181.8336650581384,176.736762178824,176.736762178824,179.9802458292968,4789.0,15150132.404938689,1855369557.0
2013-06-07,180.3112135487328,174.2214075111104,179.1859233026504,177.5972782493576,4577.0,14303468.496079182,1855369557.0
2013-06-10,181.9660521459128,175.47908484496722,176.8029557227112,180.046439373184,4316.0,15526624.413840163,1855369557.0
2013-06-11,177.2663105299216,168.5949562806984,170.117407790104,177.0015363543728,5801.0,22076444.60280028,1855369557.0
2013-06-12,171.2426980361864,168.131601473488,168.6611498245856,170.2497948778784,4111.0,13126984.941769002,1855369557.0
2013-06-13,172.55915523701506,164.5571501035792,172.3017947383816,166.6753435079696,4477.0,14674780.558063416,1855369557.0
2013-06-14,176.2072138277264,172.2356011944944,174.08902042333602,173.42708498446402,3650.0,9499362.886155909,1855369557.0
2013-06-17,175.081923581644,172.83134308947925,173.42708498446402,173.0299237211408,2948.0,8425401.819548827,1855369557.0
2013-06-18,177.4648911615832,173.096117265028,176.47198800327524,173.096117265028,2557.0,7154087.94586646,1855369557.0
2013-06-19,177.398697617696,173.8904397916744,176.27340737161362,176.2072138277264,2583.0,5899856.875847346,1855369557.0
2013-06-20,175.9424396521776,172.5665689139304,174.8833429499824,173.5594720722384,4586.0,11048921.888634916,1855369557.0
2013-06-21,176.6705686349368,172.5665689139304,172.5665689139304,175.47908484496722,4059.0,13090651.33567445,1855369557.0
2013-06-24,172.765149545592,166.145795156872,167.6682466662776,172.765149545592,4037.0,13461072.64607571,1855369557.0
2013-06-25,171.44127866784802,168.33018210514962,169.38927880734482,168.72734336847282,3717.0,10679407.937049529,1854169557.0
2013-06-26,175.81005256440324,169.19069817568322,174.8833429499824,170.2497948778784,2657.0,8148695.1244183695,1853569557.0
2013-06-27,174.9189616959481,169.38393434061135,174.55237523054635,170.44837550954,13317.0,76342986.16164574,1852969557.0
2013-06-28,176.6705686349368,173.69185916001277,174.6847623183208,174.75095586220803,4307.0,13326993.3963603,1852369557.0
2013-07-01,179.31831039042478,173.0299237211408,178.9211491271016,175.28050421330562,3369.0,9598399.364697851,1852369557.0
2013-07-02,179.715471653748,175.3466977571928,176.93534281048562,178.9211491271016,3153.0,7374343.636863226,1852369557.0
2013-07-03,176.93534281048562,169.786440070668,174.6847623183208,175.41289130107998,5133.0,18471249.86034827,1852369557.0
2013-07-04,181.5688908825896,173.8904397916744,179.715471653748,175.61147193274164,6557.0,68033973.8692739,1852369557.0
2013-07-05,181.89985860202563,178.1930201443424,178.72256849544,179.715471653748,4660.0,15960956.395445392,1852369557.0
2013-07-08,183.356116567544,178.2592136882296,181.370310250928,180.8407618998304,2930.0,8754428.847065503,1852369557.0
2013-07-09,183.8856649186416,181.1717296192664,182.09843923368723,182.2308263214616,3402.0,9749476.87216356,1852369557.0
2013-07-10,182.8265682164464,176.94540422915645,178.59018140766565,180.9069554437176,3466.0,12703252.904001135,1852369557.0
2013-07-11,179.9140522854096,174.28760105499762,177.8620524249064,179.9140522854096,6259.0,21298102.85010312,1852369557.0
2013-07-12,180.708374812056,177.8620524249064,179.053536214876,178.3254072321168,2159.0,6068633.164342158,1852369557.0
2013-07-15,181.370310250928,178.3254072321168,181.3041167070408,180.1788264609584,2552.0,6249913.189464372,1852369557.0
2013-07-16,182.2970198653488,177.53108470547042,179.9140522854096,181.370310250928,2565.0,7098746.606840368,1852369557.0
2013-07-17,183.76651653964467,177.99443951268077,181.1717296192664,180.11263291707124,4075.0,14437617.194223098,1852369557.0
2013-07-18,187.5925033763248,180.708374812056,186.9305679374528,180.708374812056,3876.0,12783203.142692365,1852369557.0
2013-07-19,191.96127727288,185.672890603596,191.2331482901208,185.9376647791448,3985.0,17846380.07615171,1852369557.0
2013-07-22,192.4246320800904,188.8501807101816,190.3064386757,191.8950837289928,5119.0,13748090.923090396,1852369557.0
2013-07-23,191.4979224656696,186.40101958635523,189.2473419735048,191.4979224656696,5490.0,14076737.49399875,1852369557.0
2013-07-24,194.609019028368,190.04166450015123,192.8879868873008,190.3064386757,7131.0,24214207.63872324,1852369557.0
2013-07-25,193.7008436062356,190.04166450015123,191.2331482901208,192.5570191678648,4848.0,11714653.014514722,1852369557.0
2013-07-26,193.285148150624,189.84308386848963,191.5641160095568,192.623212711752,2989.0,7778430.827855462,1852369557.0
2013-07-29,193.35134169451123,191.630309553444,192.5570191678648,193.285148150624,3362.0,8163510.285916161,1852369557.0
2013-07-30,193.4837287822856,191.1007612023464,192.8217933434136,193.0865675189624,3669.0,9838861.528892055,1852369557.0
2013-07-31,192.954180431188,190.5712128512488,192.68940625563923,192.1598579045416,4712.0,13149505.859333718,1852369557.0
2013-08-01,197.3891478716304,193.35134169451123,196.6610188888712,194.01327713338324,5807.0,16911581.58227676,1852369557.0
2013-08-02,210.495469561296,201.6917282242984,209.833534122424,201.89030885596,11478.0,47830844.76464532,1852369557.0
2013-08-05,216.5190820550312,204.64460500678496,216.2543078794824,210.495469561296,5641.0,17816384.394032266,1852369557.0
2013-08-06,219.762565705504,211.88553398292723,213.5403725801072,219.762565705504,6395.0,13494697.763458652,1852369557.0
2013-08-07,215.5261788967232,208.7744374202288,209.9659212101984,213.8713402995432,4849.0,8098745.097091923,1852369557.0
2013-08-08,215.459985352836,207.9139213496952,214.0699209312048,209.7673405785368,3364.0,7979180.568933604,1852369557.0
2013-08-09,217.114823950016,213.2755984045584,214.13611447509203,214.4008886506408,3723.0,7372488.156023444,1852369557.0
2013-08-12,214.798049913964,206.4960556396314,206.6562440158384,213.9375338434304,4797.0,9368146.11949357,1852369557.0
2013-08-13,214.4008886506408,207.847727805808,212.21650170236325,208.7082438763416,5087.0,21281836.820349,1852369557.0
2013-08-14,218.43869482776,207.9139213496952,209.171598683552,216.7176626866928,5315.0,17502029.10191104,1852369557.0
2013-08-15,210.89263082461923,203.214179733704,203.94230871646323,209.833534122424,3960.0,9954665.2736721,1852369557.0
2013-08-16,207.1195988230488,192.15879880783945,204.6704376992224,204.538050611448,4230.0,12583472.48181508,1852369557.0
2013-08-19,206.3252762964024,202.552244294832,203.74372808480163,205.1337925064328,2470.0,6412665.581660784,1852369557.0
2013-08-20,203.4127603653656,198.911599381036,202.6846313826064,203.0817926459296,2671.0,7528537.265120885,1852369557.0
2013-08-21,204.60424415533524,200.43405089044165,201.1621798732008,202.2874701192832,3446.0,11026515.711952075,1852369557.0
2013-08-22,207.6491471741464,201.4269540487496,206.3914698402896,201.4269540487496,3204.0,9008671.99507218,1852369557.0
2013-08-23,211.0250179123936,205.6633408575304,209.0392115957776,206.192889208628,3579.0,7630333.563821596,1852369557.0
2013-08-26,209.0392115957776,209.0392115957776,209.0392115957776,209.0392115957776,0.0,0.0,1852369557.0
2013-08-27,207.7153407180336,198.3820510299384,198.911599381036,204.60424415533524,6527.0,15327748.270583156,1900493890.0
2013-08-28,198.2000187842486,185.8714712352576,189.975470956264,198.1172768543896,11013.0,29786437.023863085,1900493890.0
2013-08-29,196.59482534498403,190.9021805706848,193.5499223261728,192.623212711752,6119.0,15089362.01050181,1900493890.0
2013-08-30,195.67817714923405,188.9163742540688,189.5121161490536,194.34424485281923,3836.0,11474642.265105788,1900493890.0
2013-09-02,196.9644500940501,191.96127727288,195.932889906112,191.96127727288,4014.0,11689929.373967707,1900493890.0
2013-09-03,197.5215349594048,191.96127727288,195.0723738355784,195.7343092744504,5300.0,16344467.224870993,1944145738.0
2013-09-04,194.4104383967064,184.5476003575136,192.623212711752,190.2402451318128,9614.0,26836971.32383802,1944145738.0
2013-09-05,200.1030831710056,192.1598579045416,198.1834703982768,193.0865675189624,6636.0,23660845.57990948,1944145738.0
2013-09-06,202.7508249264936,196.3962447133224,199.3749541882464,197.3229543277432,5758.0,15044406.231033783,1944145738.0
2013-09-09,202.3536636631704,198.7792122932616,202.221276575396,199.5073412760208,2870.0,6534671.373055821,1944145738.0
2013-09-10,212.3488887901376,204.60424415533524,211.68695335126563,204.869018330884,5699.0,18334367.007769164,1961075365.0
2013-09-11,215.0628240895128,206.0605021208536,206.59005047195123,211.157405000168,5525.0,16396151.953161564,1961075365.0
2013-09-12,211.2897920879424,205.0014054186584,208.1125019813568,208.04630843746963,4040.0,10298075.674631093,1961075365.0
2013-09-13,208.7082438763416,203.54514745314,208.3110826130184,204.3394699797864,4353.0,11762506.001250071,1961075365.0
2013-09-16,215.5923724406104,210.826437280732,215.1290176334,212.481275877912,4383.0,12849974.787200956,1961075365.0
2013-09-17,218.2401141960984,213.4079854923328,217.18101749390323,215.1290176334,4559.0,12114121.885011518,1992927210.0
2013-09-18,218.1739206522112,211.4221791757168,213.9375338434304,218.107727108324,3983.0,10034506.810475238,1992927210.0
2013-09-19,217.9753400205496,213.9375338434304,214.9304370017384,217.114823950016,3566.0,8557116.803198252,1992927210.0
2013-09-20,218.2401141960984,214.2023080189792,217.5119852133392,214.798049913964,3716.0,10120186.544517951,1992927210.0
2013-09-23,217.8032368064429,215.0628240895128,216.452888511144,217.6443723011136,2490.0,6695580.362400017,1992927210.0
2013-09-24,220.6892753199248,214.9304370017384,220.424501144376,216.452888511144,3100.0,7778196.816846377,2006177472.0
2013-09-25,227.5072103403064,218.3725012838728,225.38901693591603,219.6301786177296,5358.0,16428092.19127909,2006177472.0
2013-09-26,227.374823252532,222.80746872431524,224.4623073214952,226.9776619892088,2680.0,6181604.621038043,2006177472.0
2013-09-27,226.1171459186752,222.3441139171048,223.2708235315256,225.719984655352,3804.0,7372794.634957924,2006177472.0
2013-09-30,223.9327914052341,219.5639850738424,223.9327589703976,220.8878559515864,2595.0,8503647.552244846,2006177472.0
2013-10-01,229.09585539359924,223.9327589703976,227.705790971968,225.05804921648,4424.0,9541928.73383437,2037078523.0
2013-10-02,229.02966184971203,223.6679847948488,229.02966184971203,226.381920094224,4640.0,11596001.88416606,2037078523.0
2013-10-03,231.8801544301265,224.9256621287056,226.6466942697728,227.9043716036296,4817.0,9456449.796334935,2037078523.0
2013-10-04,228.3015328669528,225.13283137268647,226.77908135754723,225.38901693591603,2757.0,5026052.21917924,2037078523.0
2013-10-07,225.48499757455244,219.6301786177296,223.0060493559768,225.3228233920288,4280.0,7895066.444029096,2037078523.0
2013-10-08,223.734178338736,217.3795981255648,217.84295293277523,223.6017912509616,3052.0,9273875.916794743,2037078523.0
2013-10-09,218.43869482776,213.805146755656,216.2543078794824,217.84295293277523,4300.0,7787508.94525954,2037078523.0
2013-10-10,225.88546851507,216.8500497744672,224.1313396020592,217.84295293277523,3887.0,15777654.817154365,2037078523.0
2013-10-11,227.374823252532,224.3299202337208,225.6537911114648,225.2566298481416,3172.0,5931649.158617191,2037078523.0
2013-10-14,226.77908135754723,223.2708235315256,226.77908135754723,225.38901693591603,3007.0,5649542.093296415,2037078523.0
2013-10-15,232.73650030739523,227.2424361647576,229.89017792024563,227.2424361647576,3712.0,9065883.912422512,2037078523.0
2013-10-16,232.4055325879592,227.3086297086448,231.6774036052,229.02966184971203,2770.0,5553303.178624378,2037078523.0
2013-10-17,233.7955970095904,229.2944360252608,233.663209921816,231.015468166328,4018.0,7212892.647827019,2037078523.0
2013-10-18,237.634822555048,233.39843574626724,237.634822555048,235.2518549751088,3905.0,9416760.01944556,2037078523.0
2013-10-21,243.8570156804448,236.7743064845144,241.2092739249568,238.958693432792,3636.0,8482970.037532346,2037078523.0
2013-10-22,241.8154743998758,233.39181639187848,237.634822555048,234.98708079956,5894.0,15468878.045540052,2037078523.0
2013-10-23,242.8641125221368,236.972887116176,241.4740481005056,237.634822555048,4467.0,9305391.915599022,2037078523.0
2013-10-24,244.254176943768,240.1501772227616,240.944499749408,242.7317254343624,3804.0,8119572.076900546,2037078523.0
2013-10-25,241.56671906194768,231.1478552541024,231.4788229735384,238.4291450816944,6506.0,16576449.13204562,2037078523.0
2013-10-28,234.01006409178493,227.1762426208704,228.7648876741632,232.008371324636,4332.0,8980592.183730347,2037078523.0
2013-10-29,233.4646292901544,227.47212776204617,233.001274482944,228.36772641084,4472.0,8860349.778519902,2037078523.0
2013-10-30,235.7814033262064,231.9421777807488,232.53791967573363,232.9350809390568,4845.0,9741334.798795825,2037078523.0
2013-10-31,235.9137904139808,229.6254037446968,230.2873391835688,232.6041132196208,5250.0,10135202.502559025,2037078523.0
2013-11-01,235.0532743434472,228.3015328669528,234.2589518168008,231.1478552541024,2826.0,6980090.94724637,2037078523.0
2013-11-04,234.8546937117856,226.50106847322093,232.8688873951696,227.043855533096,5341.0,11010800.740380635,2037078523.0
2013-11-05,234.2589518168008,226.1833394625624,228.43391995472723,234.2589518168008,4984.0,12989342.685721705,2037078523.0
2013-11-06,235.5828226945448,230.353532727456,231.5450165174256,230.9492746224408,4987.0,9944479.000908868,2037078523.0
2013-11-07,233.7370157232502,226.9776619892088,231.015468166328,233.1336615707184,7750.0,15893635.202502558,2037078523.0
2013-11-08,251.60166031524724,237.5686290111608,249.4834669108568,241.60643518828,13848.0,32026751.232709605,2037078523.0
2013-11-11,256.36759547512565,248.556757296436,253.3888860002016,251.27069259581123,5884.0,12367815.48458396,2037078523.0
2013-11-12,255.90424066791525,252.3959828418936,254.3155956146224,254.3155956146224,4249.0,9547110.190500058,2037078523.0
2013-11-13,256.0366277556896,245.7766284531736,246.0414026287224,255.838047124028,5842.0,13597392.362484563,2037078523.0
2013-11-14,252.1312086663448,244.7175317509784,246.901918699256,249.6820475425184,6799.0,13562615.307037542,2037078523.0
2013-11-15,249.4172733669696,239.3558546961152,239.7530159594384,248.887725015872,11594.0,29929383.02620017,2037078523.0
2013-11-18,246.8357251553688,239.3558546961152,239.620628871664,246.76953161148165,7381.0,14529370.64626292,2037078523.0
2013-11-19,241.937402907716,233.4646292901544,233.994177641252,239.5544353277768,5917.0,20965595.85241907,2037078523.0
2013-11-20,236.17856458952963,232.8026938512824,233.663209921816,233.39843574626724,6044.0,14724265.582868582,2037078523.0
2013-11-21,238.958693432792,232.4717261318464,238.29675799392,233.2660486584928,5720.0,10542288.05396445,2037078523.0
2013-11-22,243.0626931537984,238.4291450816944,240.1501772227616,239.289661152228,5368.0,10145246.858968358,2037078523.0
2013-11-25,248.1595960331128,241.46610487523915,246.76953161148165,241.4740481005056,6131.0,13940256.234506208,2037078523.0
2013-11-26,249.7482410864056,245.74353168123,248.887725015872,247.7624347697896,5892.0,11498263.78928743,2036553523.0
2013-11-27,251.8002409469088,249.0201121036464,249.218692735308,249.0863056475336,5447.0,32925733.96420688,2035973523.0
2013-11-28,250.6087571569392,243.26127378546,243.79082213655764,250.07920880584163,5120.0,9269308.927746458,2035375523.0
2013-11-29,245.5277407281577,242.268370627152,242.4669512588136,243.1950802415728,4045.0,9069792.651148466,2034775523.0
2013-12-02,244.98230592652723,240.3240014690094,243.32746732934723,242.2021770832648,2577.0,7979400.992206679,2034775523.0
2013-12-03,243.49467222120623,237.92276447095733,241.60643518828,241.7388222760544,7882.0,21280802.64266368,2034775523.0
2013-12-04,245.3132736459632,241.0106932932952,241.8712093638288,242.1359835393776,4339.0,7792749.282114614,2034775523.0
2013-12-05,243.4598544171216,239.68682241555123,240.282564310536,241.60643518828,4514.0,11933637.497320196,2034185523.0
2013-12-06,240.1501772227616,233.38784477924528,236.7081129406272,239.9515965911,4401.0,10435802.47659135,2034185523.0
2013-12-09,243.37247893919053,236.5095323089656,242.3345641710392,236.9066935722888,4041.0,8245383.944127229,2034078523.0
2013-12-10,246.6092770417307,238.3629515378072,244.91611238264,238.3629515378072,6267.0,25828639.022166125,2034078523.0
2013-12-11,246.239983260384,241.8712093638288,244.254176943768,243.7246285926704,4265.0,10768161.518927716,2034078523.0
2013-12-12,246.5047574359328,243.592241504896,244.91611238264,243.592241504896,6149.0,16145538.240418382,2033534523.0
2013-12-13,250.07920880584163,244.7175317509784,248.225789577,244.7175317509784,5521.0,11095290.79264813,2033009523.0
2013-12-16,253.6536601757504,248.225789577,252.859337649104,248.225789577,3633.0,9054435.489958664,2032467523.0
2013-12-17,255.507079404592,249.4172733669696,250.211595893616,251.60166031524724,5779.0,14917765.511910403,2031937523.0
2013-12-18,253.7860472635248,250.0130152619544,252.7931441052168,252.197402210232,3605.0,7387193.105884697,2031412523.0
2013-12-19,258.68436951117764,252.859337649104,257.6252728089824,255.04372459738164,4139.0,10632324.922021491,2031078523.0
2013-12-20,263.38940661067977,258.15482116008,260.0744339328088,258.7505630550648,5033.0,31813644.20060329,2031078523.0
2013-12-23,263.70514981502174,257.3604986334336,261.3321112666656,260.0744339328088,2822.0,5437673.05491559,2031078523.0
2013-12-24,266.4952076898672,260.00824038892165,265.30372389989765,260.00824038892165,924.0,1918221.4559410112,2031078523.0
2013-12-27,268.73585915044896,264.4350660234659,266.3628206020928,266.16423997043125,3133.0,6108396.918905372,2031078523.0
2013-12-30,267.56026181101225,261.5968854422144,264.112240109928,266.6937883215288,3605.0,8291964.212922843,2031078523.0
2013-12-31,266.2528069321522,263.5164982149432,265.7008851632208,265.436110987672,785.0,2174277.811830993,2031078523.0
2014-01-02,269.8148139158103,264.3108207415896,268.8119817259192,266.098046426544,4687.0,8643913.751090793,2031078523.0
2014-01-03,272.2540460080536,266.16423997043125,269.9372719720016,267.9514656553856,3013.0,6213380.296574985,2031078523.0
2014-01-06,275.7437696417868,266.9585624970776,274.041271693008,268.6795946381448,4007.0,7812771.566001672,2031078523.0
2014-01-07,283.8379161883136,273.44552979802324,283.4407549249904,273.8426910613464,6099.0,12386534.855562368,2031078523.0
2014-01-08,289.5967545065,283.70552910053925,287.34617401433525,284.36746453941123,6287.0,16283178.986717232,2031078523.0
2014-01-09,293.237399420296,280.8592067133896,283.70552910053925,287.279980470448,7916.0,14988053.360549064,2031078523.0
2014-01-10,287.0813998387864,280.1310777306304,283.2421742933288,282.97740011778,7228.0,13802829.872486643,2031078523.0
2014-01-13,287.80952882154565,283.2421742933288,284.963206434396,283.2421742933288,4372.0,7999290.418230514,2031078523.0
2014-01-14,288.272883628756,278.01288432624,287.1475933826736,281.9183034155848,5836.0,9377725.473381624,2031078523.0
2014-01-15,291.45017373534165,284.2350774516368,290.7882382964696,287.279980470448,5153.0,9867370.108792473,2031078523.0
2014-01-16,293.1050123325216,286.3532708560272,286.94901275101205,292.575463981424,5233.0,11300313.121827642,2031078523.0
2014-01-17,288.2066900848688,281.7197227839232,282.7788194861184,286.94901275101205,7051.0,13861868.585456291,2031078523.0
2014-01-20,284.301270995524,281.3887550644872,281.8521098716976,282.9112065738928,5710.0,9078109.855335904,2031078523.0
2014-01-21,287.0813998387864,281.98780663666633,285.5589483293808,282.84501303000565,5384.0,12064478.336619552,2031078523.0
2014-01-22,290.3248834892592,285.3603676977192,289.26578678706403,285.3603676977192,4551.0,7192061.138773058,2031078523.0
2014-01-23,290.8544318403568,282.1168840472464,282.9112065738928,288.86862552374083,6778.0,11803740.250799412,2031078523.0
2014-01-24,285.3603676977192,268.54720755037044,268.94436881369364,283.639335556652,8966.0,19444578.644306287,2031078523.0
2014-01-27,270.6654009547608,262.6559821444096,265.1713368121232,269.2753365331296,6955.0,13468108.073832735,2031078523.0
2014-01-28,270.4668203230992,265.105143268236,269.9372719720016,266.82617540930323,5788.0,11744490.173047367,2031078523.0
2014-01-29,275.2989490268648,262.5897886005224,266.8923689531904,273.379336254136,6913.0,14393069.046835417,2031078523.0
2014-01-30,277.8143036945784,268.08385274316004,277.15236825570645,268.08385274316004,7083.0,16070299.926626226,2031078523.0
2014-01-31,276.92069085210125,268.414820462596,275.82849737796244,276.68901344849604,5939.0,10466219.37852715,2031078523.0
2014-02-03,280.2634648184048,273.1145620785872,274.3060458685568,276.68901344849604,6264.0,9453421.240952833,2031078523.0
2014-02-04,276.0932715535112,266.42901414598003,272.18785246416644,272.3202395519408,6871.0,10715453.181190947,2031078523.0
2014-02-05,276.6228199046088,268.35352524095646,273.1145620785872,268.6795946381448,7129.0,11385093.04579671,2031078523.0
2014-02-06,282.4919366669113,273.7434007455156,279.66772292342,274.2398523246696,7924.0,15709136.393694082,2031078523.0
2014-02-07,283.7717226444264,279.93249709896884,283.5069484688776,280.9254002572768,6102.0,9704127.048351204,2031078523.0
2014-02-10,285.0955935221704,278.1452714140144,280.32965836229204,284.83081934662164,4347.0,5457991.249498009,2031078523.0
2014-02-11,284.301270995524,281.0975034713836,283.3745613811032,281.98449695947204,4456.0,6275926.155184023,2031078523.0
2014-02-12,287.9571391005432,281.9183034155848,284.36746453941123,284.83081934662164,3779.0,5495217.116923978,2031078523.0
2014-02-13,292.65569055661524,278.74101330899924,292.575463981424,284.36746453941123,8819.0,14206735.893665398,2031078523.0
2014-02-14,300.849656967324,293.3035929641832,295.4879799124608,293.76694777139363,8423.0,15320598.101944257,2031078523.0
2014-02-17,297.4724623581991,293.4359800519576,294.0317219469424,295.42178636857363,4008.0,5936948.375661647,2031078523.0
2014-02-18,298.60198899109025,293.568367139732,297.8047539485128,295.6203670002352,5204.0,7854405.898889127,2031078523.0
2014-02-19,298.7976571068208,294.4950767541528,296.1499153513328,297.0766249657536,4464.0,5618987.804252056,2031078523.0
2014-02-20,298.5368545439052,289.46774328946384,298.201915211836,293.1712058764088,5052.0,7951096.228346433,2031078523.0
2014-02-21,300.17812346458834,293.1394329753429,296.3484959829944,299.19481837014405,3953.0,7575359.093667813,2031078523.0
2014-02-24,300.05533444067765,293.7007542275064,294.892238017476,295.2893992807992,4532.0,8283459.799928136,2031078523.0
2014-02-25,299.52578608958,293.83314131528084,298.9962377384824,294.69365738581445,5643.0,14880130.502655648,2031078523.0
2014-02-26,302.6368826522784,298.26810875572323,300.91585051121126,298.4004958434976,6748.0,9463373.502706978,2031078523.0
2014-02-27,300.8430376129353,293.8549851847636,299.06243128236963,300.38630216011364,8956.0,12637325.208873697,2031078523.0
2014-02-28,296.547076614656,287.279980470448,289.26578678706403,296.547076614656,11190.0,22476496.236197125,2031078523.0
2014-03-03,287.8260772075174,277.6157230629168,279.86630355508163,287.80952882154565,9997.0,15498254.730796754,2031078523.0
2014-03-04,297.31303520774674,282.1168840472464,291.1853995597928,282.646432398344,7534.0,11121808.014348648,2031078523.0
2014-03-05,294.892238017476,289.13339969928967,292.8402381569728,289.5305609626128,7459.0,10535222.431238508,2031078523.0
2014-03-06,298.4666893873848,292.90643170086,296.0175282635584,292.90643170086,6454.0,11348333.690640466,2031078523.0
2014-03-07,299.856753809016,291.91352854255206,291.91352854255206,296.0175282635584,6674.0,11915245.74175451,2030518523.0
2014-03-10,297.26130495319893,286.28707731214,286.6842385754632,290.5234641209208,7187.0,11140232.984380145,2029958523.0
2014-03-11,296.9442378779792,287.94191590932,293.899334859168,287.94191590932,6575.0,10996412.837692983,2029393523.0
2014-03-12,298.7976571068208,289.7953351381616,294.4288832102656,295.4879799124608,6669.0,16763454.12327398,2028823523.0
2014-03-13,298.1357216679488,286.5518514876888,286.5518514876888,293.5021735958448,7504.0,11866560.88362557,2028233523.0
2014-03-14,285.638645356221,274.3080978684173,278.8734003967736,283.8379161883136,9850.0,16750459.71840172,2028078523.0
2014-03-17,284.76462580273443,276.8875940801576,284.5660451710728,279.2705616600968,5635.0,26836276.839552995,2028078523.0
2014-03-18,289.33198033095124,280.9254002572768,287.279980470448,283.8379161883136,5961.0,9522457.508129995,2028078523.0
2014-03-19,287.94191590932,283.639335556652,286.28707731214,287.1475933826736,5014.0,8572265.619102545,2028078523.0
2014-03-20,285.02939997828327,277.6157230629168,280.2634648184048,283.1759807494416,6674.0,10388705.873827305,2028078523.0
2014-03-21,282.7126259422312,277.6157230629168,278.41004558956325,280.660626081728,5482.0,11178511.146472774,2028078523.0
2014-03-24,280.660626081728,270.5330138669864,271.9892718325048,276.7552069923832,6331.0,11445173.485193895,2028078523.0
2014-03-25,280.1972712745176,272.717400815264,276.8875940801576,272.717400815264,6559.0,8841643.995277507,2028078523.0
2014-03-26,282.5140453105696,276.8214005362704,279.7339164673072,277.7481101506912,4885.0,6099320.31124974,2028078523.0
2014-03-27,279.336755203984,271.8568847447304,273.379336254136,279.336755203984,8659.0,11236862.92389962,2028078523.0
2014-03-28,277.15236825570645,273.77649751745923,276.4904328168344,276.027078009624,6459.0,9584763.316736164,2028078523.0
2014-03-31,278.8734003967736,275.5637232024136,276.1594650973984,277.4833359751424,6894.0,10071242.009656353,2028078523.0
2014-04-01,281.1239808889384,276.1594650973984,280.991593801164,276.68901344849604,7624.0,30186361.83839049,2028078523.0
2014-04-02,289.26578678706403,281.98449695947204,288.934819067628,281.98449695947204,7892.0,13335263.79834592,2028078523.0
2014-04-03,292.1783027181008,280.229308949759,288.86862552374083,288.272883628756,6577.0,8931321.543204471,2028078523.0
2014-04-04,296.0837218074456,288.7362384359664,293.1712058764088,288.7362384359664,5870.0,11375051.708884263,2028078523.0
2014-04-07,292.244496261988,284.301270995524,284.6984322588472,288.934819067628,6627.0,10003612.828030594,2028078523.0
2014-04-08,285.956109592704,267.9514656553856,275.365142570752,285.4927547854936,10980.0,17557778.073017474,2028078523.0
2014-04-09,280.3958519061792,275.5682574601699,278.41004558956325,276.22565864128563,6464.0,10017926.753044408,2028078523.0
2014-04-10,282.315464678908,273.90888460523365,273.97507814912075,279.998690642856,5268.0,7890650.429825382,2028078523.0
2014-04-11,271.4597234814072,258.68436951117764,259.54488558171124,270.0034655158888,12615.0,22281518.26342695,2028078523.0
2014-04-14,261.0011435472296,244.98230592652723,249.6158539986312,258.816756598952,17677.0,31604181.70124494,2028078523.0
2014-04-15,253.52127308797603,247.43146705035363,249.0201121036464,250.542563613052,8609.0,16807608.22631733,2028078523.0
2014-04-16,261.66307898610165,248.12464584194035,261.5968854422144,253.52127308797603,10828.0,20814734.2389811,2028078523.0
2014-04-17,269.8710784281144,259.87585330114723,269.8710784281144,261.66307898610165,9218.0,13488020.14608326,2028078523.0
2014-04-22,272.31487787488595,250.19583521081643,271.5921105691816,270.5330138669864,5055.0,8578271.398419594,2028078523.0
2014-04-23,273.8426910613464,268.6134010942576,269.6063042525656,271.72449765695603,5443.0,8282815.137341816,2028078523.0
2014-04-24,277.88049723846564,269.67713134452487,273.5779168857976,271.79069120084324,6650.0,10045236.592678929,2028078523.0
2014-04-25,273.97507814912075,264.0460465660408,264.7741755488,272.58501372748964,6149.0,12280441.812785154,2028078523.0
2014-04-28,269.9372719720016,263.11933695162,263.11933695162,267.752885023724,4250.0,8076183.416319173,2028078523.0
2014-04-29,267.5543043920624,262.29059378215226,263.8474659343792,265.5023045315592,6028.0,10268243.045343785,2028078523.0
2014-04-30,267.752885023724,261.5306918983272,267.48811084817527,262.3912079688608,4710.0,7532592.449446073,2039764388.0
2014-05-01,273.710303973572,266.4952076898672,271.6583041130688,267.6866914798368,3790.0,21321626.240635782,2039764388.0
2014-05-02,271.9892718325048,268.414820462596,269.2091429892424,271.39352993752,4349.0,6684664.881137505,2039764388.0
2014-05-05,269.2091429892424,269.2091429892424,269.2091429892424,269.2091429892424,0.0,0.0,2039764388.0
2014-05-06,272.7220343633361,267.0247560409648,270.33443323532475,269.3415300770168,5629.0,7928095.210775981,2039764388.0
2014-05-07,270.30795581776994,260.3080971427306,260.9349500033424,269.0105623575808,6349.0,13607017.00882599,2039764388.0
2014-05-08,270.731594498648,262.126433793312,267.8190785676112,262.5897886005224,10567.0,13692270.993807012,2039764388.0
2014-05-09,275.0614465913975,253.9846278951864,254.84514396572,272.055465376392,15342.0,33628798.1496523,2039764388.0
2014-05-12,261.3983048105528,254.0508214390736,260.6701758277936,256.7647567384488,9313.0,14868417.874213798,2039764388.0
2014-05-13,264.44320782936404,259.80965975726,261.5306918983272,262.7221756882968,5614.0,9556112.820481852,2039764388.0
2014-05-14,262.8545627760712,256.830950282336,257.42669217732083,262.126433793312,5006.0,7535663.277784656,2039764388.0
2014-05-15,259.57017151547615,242.0035964516032,242.0697899954904,256.6985631945616,11872.0,28381169.2095863,2039764388.0
2014-05-16,245.0484994704144,232.008371324636,237.1714677478376,243.1950802415728,13728.0,32082343.189977687,2039764388.0
2014-05-19,245.95548340875683,234.06037118513925,245.4456607337376,238.0981773622584,7227.0,21528596.145310268,2039764388.0
2014-05-20,251.93262803468323,245.578047821512,250.4763700691648,246.3061768042712,6933.0,10303951.615581812,2039764388.0
2014-05-21,253.852240807412,247.3652735064664,250.3439829813904,250.07920880584163,4748.0,11337386.504660591,2039764388.0
2014-05-22,252.9255311929912,249.6820475425184,251.53546677136,251.3368861396984,4074.0,8312148.039893593,2039764388.0
2014-05-23,252.9917247368784,247.13491997373896,251.1383055080368,251.1383055080368,4418.0,8575149.238633858,2039764388.0
2014-05-26,251.1383055080368,251.1383055080368,251.1383055080368,251.1383055080368,0.0,0.0,2039764388.0
2014-05-27,260.471595196132,253.7860472635248,260.0744339328088,254.84514396572,4969.0,8985045.941645203,2039764388.0
2014-05-28,264.2446271977024,258.7505630550648,261.5306918983272,259.87585330114723,5038.0,7832265.437932732,2039764388.0
2014-05-29,263.18553049550724,258.4195953356288,260.802562915568,261.795466073876,3524.0,4626222.518803917,2039764388.0
2014-05-30,262.457401512748,258.78763143964164,260.5377887400192,259.87585330114723,2250.0,3957964.074025986,2039764388.0
2014-06-02,266.098046426544,262.0602402494248,265.6346916193336,262.126433793312,4664.0,8932295.330951957,2039764388.0
2014-06-03,267.6630603846691,263.18553049550724,265.3699174437848,265.5684980754464,5964.0,9355441.586322889,2039764388.0
2014-06-04,268.15004628704725,262.9207563199584,267.22333667262643,264.0460465660408,4030.0,7993890.048040195,2039764388.0
2014-06-05,268.745788182032,263.9243828323761,267.22333667262643,267.0247560409648,5056.0,7442733.731705623,2039764388.0
2014-06-06,278.6086262212248,267.62049793594963,277.2847553434808,267.62049793594963,7073.0,12425131.574577045,2039764388.0
2014-06-09,281.35962990517686,277.5204043597192,278.6086262212248,278.4762391334504,5195.0,8211527.835232094,2038364388.0
2014-06-10,278.9283410382,271.8568847447304,273.1145620785872,278.8734003967736,5282.0,8631239.412889024,2038364388.0
2014-06-11,273.77649751745923,257.82385344064403,264.7741755488,273.77649751745923,17982.0,32652289.83546761,2038364388.0
2014-06-12,278.4762391334504,257.55907926509525,258.9491436867264,265.105143268236,9010.0,19488162.06243716,2038364388.0
2014-06-13,258.816756598952,248.3058837651035,250.873531332488,258.15482116008,10929.0,16759478.955616416,2038364388.0
2014-06-16,253.5874666318632,248.4905637525488,250.3439829813904,250.7411442447136,6670.0,13449612.145624297,2038364388.0
2014-06-17,257.38505643821577,249.7482410864056,252.2635957541192,251.53546677136,8252.0,13236281.67074802,2038364388.0
2014-06-18,255.838047124028,249.0201121036464,249.4834669108568,253.19030536854,4038.0,6104069.979859956,2038364388.0
2014-06-19,254.514176246284,247.63004768201523,248.62295084032323,252.859337649104,4640.0,8193868.307662577,2038364388.0
2014-06-20,254.9113375096072,247.1666928748048,254.58036979017123,248.3581766647744,6121.0,13951250.222687896,2038364388.0
2014-06-23,256.36759547512565,249.9468217180672,251.4692732274728,254.514176246284,5099.0,9606550.496556263,2038364388.0
2014-06-24,257.161918001772,251.27069259581123,256.0366277556896,253.0579182807656,6991.0,15319816.052249374,2038364388.0
2014-06-25,256.4999825629,249.7199393747812,252.9255311929912,254.1170149829608,4178.0,8405382.55515866,2038364388.0
2014-06-26,256.1028212995768,251.4030796835856,254.3155956146224,253.5874666318632,5584.0,9413246.834812384,2038364388.0
2014-06-27,256.5661761067872,252.7269505613296,254.0508214390736,254.84514396572,3538.0,7069305.0024005,2038364388.0
2014-06-30,254.84514396572,243.46865815845865,245.247080102076,254.3155956146224,7915.0,14445475.43488304,2038412911.0
2014-07-01,250.1156152549796,244.91611238264,246.901918699256,246.4385638920456,5466.0,10661410.225828173,2038412911.0
2014-07-02,251.204499051924,240.5473384860848,241.2092739249568,248.29198312088724,8515.0,17397592.253178775,2038412911.0
2014-07-03,248.887725015872,239.4882417838896,241.7388222760544,241.2092739249568,10246.0,19312354.87543065,2038412911.0
2014-07-04,246.57095097982003,240.8121126616336,243.32746732934723,242.4007577149264,6508.0,12209359.836464047,2038412911.0
2014-07-07,245.6442413653992,238.3629515378072,239.0910805205664,243.592241504896,5149.0,9242291.979310406,2038412911.0
2014-07-08,234.2589518168008,219.0344367227448,222.3441139171048,234.2589518168008,16773.0,36292190.675189696,2038412911.0
2014-07-09,229.2944360252608,222.14553328544324,225.05804921648,222.741275180428,11988.0,31987620.062745143,2038412911.0
2014-07-10,225.58759756757763,215.1290176334,219.5639850738424,225.2566298481416,13109.0,25569694.51749949,2038412911.0
2014-07-11,226.71288781366,216.3866949672568,217.445791669452,220.2921140566016,10286.0,19370724.76983885,2038412911.0
2014-07-14,224.62554060072105,214.8642434578512,217.3134045816776,218.2401141960984,7514.0,18779772.994223703,2038412911.0
2014-07-15,222.14553328544324,213.805146755656,220.2921140566016,216.2543078794824,7505.0,17355779.769974727,2038412911.0
2014-07-16,229.42682311303523,219.0344367227448,225.719984655352,221.417404302684,8256.0,17605676.352206197,2038412911.0
2014-07-17,226.050952374788,218.1280213869444,218.9020496349704,224.9256621287056,6346.0,15039597.682234189,2038412911.0
2014-07-18,222.27792037321765,214.6656628261896,218.3725012838728,216.7176626866928,7539.0,16319157.801927043,2038412911.0
2014-07-21,220.2259205127144,213.5403725801072,213.8713402995432,218.769662547196,4890.0,10465847.980409505,2038412911.0
2014-07-22,221.4114369547026,214.8642434578512,220.6230817760376,215.9895337039336,5904.0,13612441.53499144,2038412911.0
2014-07-23,225.719984655352,218.1739206522112,221.94695265378164,219.3654044421808,6641.0,14443719.597440677,2038412911.0
2014-07-24,228.5663070425016,217.0486304061288,226.9776619892088,222.6750816365408,8036.0,17309188.932939995,2038412911.0
2014-07-25,229.691597288584,223.072242899864,224.2637266898336,226.5805007258856,7197.0,13067354.407408638,2038412911.0
2014-07-28,227.705790971968,221.94695265378164,223.4694041631872,226.44811363811124,3233.0,6678455.285780284,2038412911.0
2014-07-29,226.1833394625624,222.5426945487664,222.80746872431524,224.72708149704405,2840.0,5213107.03210631,2038412911.0
2014-07-30,224.3299202337208,220.4906946882632,223.3370170754128,222.6750816365408,4048.0,8107820.194999109,2038412911.0
2014-07-31,224.7932750409312,215.19521117728723,218.9682431788576,222.741275180428,9261.0,17774811.960831087,2038412911.0
2014-08-01,229.9669624311548,217.9753400205496,223.8665654265104,229.5592102008096,14823.0,26981304.78499672,2038412911.0
2014-08-04,227.5734038841936,216.452888511144,216.452888511144,225.4552104798032,6888.0,12768240.025846891,2038412911.0
2014-08-05,218.63727545942163,206.3914698402896,210.16450184186,217.3134045816776,10312.0,22296020.90699648,2038412911.0
2014-08-06,213.2755984045584,205.4647602258688,212.21650170236325,208.04630843746963,7493.0,16880788.75297798,2038412911.0
2014-08-07,217.79794132293188,208.90682450800324,209.3039857713264,213.143211316784,8843.0,15057747.87804856,2038412911.0
2014-08-08,213.47417903622,202.8170184703808,209.8997276663112,206.523856928064,8156.0,16472444.071368828,2038412911.0
2014-08-11,219.9611463371656,211.488372719604,219.2330173544064,212.481275877912,6209.0,11983907.591317134,2038412911.0
2014-08-12,223.4032106193,217.9753400205496,219.762565705504,219.100630266632,5761.0,9455312.955755312,2038412911.0
2014-08-13,221.8807591098944,217.776759388888,220.6892753199248,220.8878559515864,3850.0,7467563.054643835,2038412911.0
2014-08-14,223.3370170754128,219.0013399508012,219.6963721616168,219.762565705504,4949.0,9811945.733601866,2038412911.0
2014-08-15,223.9327589703976,219.6301786177296,220.1597269688272,220.2921140566016,5992.0,10330671.143574055,2038412911.0
2014-08-18,227.44042105452425,221.9833591029196,224.7932750409312,222.6750816365408,3577.0,7923878.483367101,2038412911.0
2014-08-19,229.2944360252608,224.72163972580103,226.1171459186752,225.6537911114648,5256.0,10643326.45894541,2038412911.0
2014-08-20,228.1691457791784,222.80746872431524,227.8381780597424,225.9185652870136,5258.0,9312158.608132713,2038412911.0
2014-08-21,230.08875855190723,225.8523717431264,228.5001134986144,228.6325005863888,4358.0,8564454.18064442,2038412911.0
2014-08-22,230.4859198152304,226.1171459186752,229.02966184971203,228.8972747619376,5020.0,9532418.828374816,2038412911.0
2014-08-25,229.02966184971203,229.02966184971203,229.02966184971203,229.02966184971203,0.0,0.0,2038412911.0
2014-08-26,237.3700483794992,230.08875855190723,237.03908066006323,232.07456486852325,3740.0,10670142.610838182,2038412911.0
2014-08-27,241.7388222760544,236.7081129406272,240.67972557385923,236.7081129406272,5084.0,10124219.082616454,2038412911.0
2014-08-28,240.7459191177464,235.97998395786803,238.2305644500328,238.8924998889048,6434.0,11263011.766979383,2038412911.0
2014-08-29,240.02043787674268,235.81390435625505,239.0910805205664,238.0319838183712,7288.0,12740501.41765379,2038412911.0
2014-09-01,240.8783062055208,237.2376612917248,238.6939192572432,238.958693432792,3028.0,5543515.4794508135,2038412911.0
2014-09-02,241.45935313376265,237.8334031867096,241.4078545566184,238.4953386255816,3314.0,11904896.41615914,2038412911.0
2014-09-03,250.07920880584163,241.902187942368,244.91611238264,241.937402907716,7302.0,19398531.31671201,2038412911.0
2014-09-04,248.8215314719848,242.268370627152,248.0272089453384,243.4598544171216,6484.0,12447143.706915554,2038412911.0
2014-09-05,249.4172733669696,243.08005439648915,244.0555963121064,248.3581766647744,4706.0,9770023.038761282,2038412911.0
2014-09-08,246.57095097982003,240.4149513983104,244.4527575754296,243.1950802415728,4602.0,8527400.424541263,2038412911.0
2014-09-09,248.1595960331128,243.0626931537984,245.3794671898504,244.65133820709124,3646.0,8033907.44034229,2038412911.0
2014-09-10,247.1004993309176,241.34166101273124,245.6442413653992,246.901918699256,3946.0,8208600.432995854,2038412911.0
2014-09-11,249.8144346302928,244.7175317509784,247.7624347697896,246.7033380675944,6394.0,12768179.635909066,2038412911.0
2014-09-12,249.4172733669696,245.909015540948,247.563854138128,247.894821857564,3597.0,7352378.306726533,2038412911.0
2014-09-15,248.556757296436,245.0484994704144,246.901918699256,246.9681122431432,4645.0,8465766.453993436,2038412911.0
2014-09-16,246.6371445237072,239.8192095033256,242.7317254343624,246.6371445237072,5183.0,11006248.84881681,2038412911.0
2014-09-17,250.3338997188501,243.98940276821924,248.6891443842104,245.3132736459632,4614.0,10488775.020306116,2038412911.0
2014-09-18,251.16596712809184,246.8357251553688,250.211595893616,249.9468217180672,3606.0,7258490.070384473,2038412911.0
2014-09-19,254.7127568779456,251.53546677136,253.5874666318632,252.9917247368784,6568.0,14918526.425127044,2038412911.0
2014-09-22,252.4621763857808,247.894821857564,248.225789577,252.2635957541192,3965.0,8440016.184503337,2038412911.0
2014-09-23,248.225789577,241.2092739249568,242.1359835393776,248.225789577,5584.0,11393825.43080672,2038412911.0
2014-09-24,243.1991259909752,236.5095323089656,242.4669512588136,241.7388222760544,7488.0,11666508.646329349,2038412911.0
2014-09-25,247.1666928748048,240.7459191177464,241.7388222760544,242.5331448027008,5275.0,9377885.506716872,2038412911.0
2014-09-26,245.7766284531736,238.0319838183712,245.3794671898504,241.7388222760544,4797.0,7459905.610527174,2038412911.0
2014-09-29,247.9610154014512,241.0768868371824,244.12178985599363,246.0414026287224,4475.0,7847273.847231574,2038412911.0
2014-09-30,246.76953161148165,242.0753502531769,242.9964996099112,244.12178985599363,5828.0,10050129.687391486,2038412911.0
2014-10-01,242.9964996099112,231.8097906929744,236.4433387650784,240.944499749408,9917.0,18855751.08475426,2038412911.0
2014-10-02,237.70101609893524,229.89017792024563,230.2873391835688,231.6774036052,9329.0,18936184.44294812,2038412911.0
2014-10-03,242.0697899954904,233.22811975784543,241.7388222760544,236.972887116176,7263.0,16192509.534061434,2038412911.0
2014-10-06,246.8357251553688,242.3345641710392,245.7766284531736,242.7979189782496,6257.0,19105795.622333407,2038412911.0
2014-10-07,244.5189511193168,227.9043716036296,228.7648876741632,244.254176943768,13012.0,25495357.52352943,2038412911.0
2014-10-08,229.8239843763584,223.4694041631872,227.2424361647576,228.6325005863888,11880.0,20656017.404380083,2038412911.0
2014-10-09,232.8026938512824,218.9020496349704,220.424501144376,231.015468166328,11587.0,25454934.00889544,2038412911.0
2014-10-10,221.795303244736,214.0699209312048,215.3937918089488,216.6514691428056,9998.0,20411879.00272057,2038412911.0
2014-10-13,221.8807591098944,211.02369404151588,214.53327573841523,211.81934043904,10175.0,18413133.60367896,2038412911.0
2014-10-14,225.05804921648,209.833534122424,224.7932750409312,210.7602437368448,10507.0,22480651.06391973,2038412911.0
2014-10-15,234.1927582729136,210.16450184186,217.18101749390323,224.8594685848184,21661.0,46655781.88362255,2038412911.0
2014-10-16,228.58881284742327,212.8784371412352,227.043855533096,220.755468863812,22765.0,40855658.99009907,2038412911.0
2014-10-17,234.98708079956,227.1100490769832,231.9421777807488,228.1029522352912,10402.0,19448895.015112583,2038412911.0
2014-10-20,239.3558546961152,229.2944360252608,239.2234676083408,230.7506939907792,10138.0,20081977.830853824,2038412911.0
2014-10-21,245.9191517583235,235.649016238432,244.91611238264,237.965790274484,12482.0,21500309.49843137,2038412911.0
2014-10-22,251.9988215785704,242.3060347536238,245.7104349092864,245.6442413653992,10430.0,18861836.880738933,2038412911.0
2014-10-23,254.58036979017123,243.0626931537984,254.18320852684803,245.578047821512,11756.0,23304608.356155697,2038412911.0
2014-10-24,255.90424066791525,247.6962412259024,253.71985371963763,248.887725015872,10757.0,18414507.47476456,2038412911.0
2014-10-27,259.80965975726,253.19030536854,258.0224340723056,256.3014019312384,10106.0,18133482.89907936,2038412911.0
2014-10-28,264.9737490836199,257.22811154565926,261.46449835444,259.6772726694856,9677.0,15591727.786316244,2038412911.0
2014-10-29,264.5726824012074,253.52127308797603,254.9775310534944,262.126433793312,8471.0,17452870.182770148,2038412911.0
2014-10-30,259.7451879074493,248.887725015872,258.6181759672904,255.04372459738164,12849.0,22931040.729993567,2038412911.0
2014-10-31,272.386433095828,263.88830735095763,270.8639815864224,266.4952076898672,15031.0,28487245.64513061,2038412911.0
2014-11-03,276.0932715535112,270.2020461475504,274.2398523246696,270.2020461475504,8949.0,15291390.508513471,2038412911.0
2014-11-04,277.7481101506912,270.2020461475504,272.9821749908128,273.3131427102488,7157.0,12803239.014315434,2038412911.0
2014-11-05,277.8143036945784,271.51267831651694,274.1074652368952,275.034174851316,8937.0,17354978.093550052,2038412911.0
2014-11-06,276.2253938671101,267.421917304288,274.041271693008,271.9892718325048,10475.0,16449948.81952769,2038412911.0
2014-11-07,277.8143036945784,265.5684980754464,266.4952076898672,274.96798130742883,13158.0,29279789.601456605,2038412911.0
2014-11-10,274.0585667421549,263.450304671056,273.97507814912075,267.28953021651364,9514.0,14999137.933637498,2038412911.0
2014-11-11,280.5944325378408,273.77649751745923,279.005787484548,274.76940067576726,7325.0,25567457.070302945,2038412911.0
2014-11-12,280.660626081728,270.6849505560125,272.4526266397152,278.74101330899924,5735.0,10422158.879887434,2038412911.0
2014-11-13,279.336755203984,272.7835943591512,278.01288432624,273.44552979802324,7186.0,15395267.240572376,2038412911.0
2014-11-14,282.1830775911336,277.8143036945784,282.1830775911336,279.336755203984,5332.0,9718046.929020686,2038412911.0
2014-11-17,282.50792968904983,274.4384329563312,281.7197227839232,280.06488418674326,6660.0,10895365.374221347,2038412911.0
2014-11-18,286.1318534517245,278.8072068528864,285.1617870660576,281.7859163278104,7368.0,12395638.63869002,2038412911.0
2014-11-19,287.610948189884,282.4478517666824,283.1097872055544,286.02230313659123,4984.0,9050878.52262056,2038412911.0
2014-11-20,285.6314779192889,280.5282389939536,285.3603676977192,283.4407549249904,4859.0,7542069.14043982,2038412911.0
2014-11-21,288.8157044473384,283.2421742933288,286.48565794380164,286.48565794380164,6000.0,10272228.781240469,2038412911.0
2014-11-24,290.7882382964696,285.294174153832,287.94191590932,287.1475933826736,5555.0,8906934.576560853,2038412911.0
2014-11-25,294.94519285258576,287.94191590932,291.25159310368,288.5376578043048,5996.0,10139819.313306017,2038412911.0
2014-11-26,292.5092704375368,289.0672061554024,289.13339969928967,291.3839801914544,4938.0,9039620.328460872,2038412911.0
2014-11-27,303.2988180911504,287.610948189884,303.0340439156016,288.4052707165304,7404.0,14425761.139678909,2038412911.0
2014-11-28,309.9843660237576,300.11490863017605,302.83546328394004,301.90875366951923,15152.0,23673442.92094051,2038694378.0
2014-12-01,312.9630754986816,303.4312051789248,305.152237319992,304.2255277055712,9706.0,18901375.68278373,2038694378.0
2014-12-02,307.3882552325016,301.6709202663325,304.6888825127816,305.5493985833152,7849.0,12097057.198329614,2038694378.0
2014-12-03,313.4201895785743,303.497398722812,308.52810805823924,303.497398722812,6006.0,8979197.176166506,2038694378.0
2014-12-04,314.2869463764256,305.2846244077664,308.792882233788,310.97726918206564,7109.0,13665835.29852256,2038694378.0
2014-12-05,323.16812423073964,311.0434627259528,322.1639780990024,312.8968819547944,4928.0,13175888.713422569,2038694378.0
2014-12-08,323.5839242721506,315.87559142971844,316.2065591491544,322.2301716428896,8386.0,13226398.857422376,2038694378.0
2014-12-09,315.9301349098814,301.6439794939704,303.16643100337603,313.1616561303432,10355.0,17603325.67387622,2038694378.0
2014-12-10,310.4548697337079,303.4312051789248,304.821269600556,305.152237319992,8032.0,12736909.726101438,2038694378.0
2014-12-11,311.5068175331632,301.9792497937591,305.814172758864,305.0198502322176,7813.0,12362893.704650933,2038694378.0
2014-12-12,311.17584981372727,301.4222595851722,302.37210847672964,304.159334161684,10152.0,15403595.012998937,2038694378.0
2014-12-15,310.97726918206564,298.6652700190464,300.7834634234368,301.6439794939704,8738.0,13877663.57369535,2038694378.0
2014-12-16,305.9465598466384,294.62746384192724,305.9465598466384,301.90875366951923,9481.0,14035196.765514929,2038694378.0
2014-12-17,303.23262454726324,292.7078510691984,293.63456068361927,303.23262454726324,8849.0,14693659.96237707,2038694378.0
2014-12-18,309.5637305439657,295.6865605441224,306.807075917172,299.1286248262568,11008.0,18043068.593910884,2038694378.0
2014-12-19,312.76449486702,305.2184308638792,310.447720830968,306.21133402218726,12794.0,18242021.734338623,2038866472.0
2014-12-22,314.4855270080872,308.461914514352,312.16875297203524,313.1616561303432,5724.0,7473769.630504166,2038866472.0
2014-12-23,315.6770107980568,311.37443044538884,313.6250109375536,314.1545592886512,5024.0,7225942.913391771,2038866472.0
2014-12-24,315.47843016639524,312.0363658842608,314.4855270080872,312.0363658842608,1127.0,1348243.105733723,2038866472.0
2014-12-29,317.59662357078565,309.1900434971112,312.23494651592245,315.743204341944,5153.0,6586011.87870077,2038866472.0
2014-12-30,320.2443653262736,310.447720830968,318.8543009046424,310.447720830968,5229.0,7086587.092858587,2038873930.0
2014-12-31,322.2963651867768,318.3247525535448,321.7668168356792,320.8401072212584,1868.0,2080309.558821309,2038873930.0
2015-01-02,329.1804937510457,318.65572027298083,322.362558730664,327.7904293294144,8511.0,10434963.056455534,2038873930.0
2015-01-05,332.291590313744,318.65572027298083,326.665139083332,321.23726848458165,11687.0,15453179.681201518,2038888422.0
2015-01-06,328.66471365707656,318.25855900965763,318.25855900965763,327.65804224164003,10069.0,12358917.02724492,2038897479.0
2015-01-07,325.24436085733714,317.1994623074624,318.5233331852064,320.5091395018224,8653.0,11445307.852805566,2038897479.0
2015-01-08,323.8850102400696,310.2491401993064,313.5588173936664,322.362558730664,13040.0,19042811.93667512,2038897479.0
2015-01-09,315.743204341944,306.807075917172,308.0647532510288,312.3011400598096,13380.0,19899159.372065425,2038897479.0
2015-01-12,313.75739802532803,308.3957209704648,310.6463014626296,308.9252693215624,10833.0,13825627.074016929,2038897479.0
2015-01-13,325.8882214871153,310.96932595679914,323.75262315229526,312.16875297203524,9519.0,15409205.238223206,2038897479.0
2015-01-14,328.3861712243992,317.3318493952368,320.37675241404804,319.7810105190632,13948.0,15189037.112636292,2038897479.0
2015-01-15,328.8902469759381,316.07417206138,324.0835908717312,322.09778455511525,15535.0,19135816.97017643,2038897479.0
2015-01-16,327.327074522204,320.2464477751643,325.20888111781363,321.03868785292,11274.0,16565834.090723803,2038897479.0
2015-01-19,328.7833324877224,324.4807521350544,327.65804224164003,324.4807521350544,7697.0,9943783.006875394,2038897479.0
2015-01-20,338.910944702464,328.45236476828643,336.925138385848,328.981913119384,7184.0,18794496.061066303,2038897479.0
2015-01-21,339.93052385895857,333.946428910924,338.910944702464,338.24900926359203,5390.0,12145204.58601188,2038897479.0
2015-01-22,355.1717190641387,336.925138385848,347.5161054078,338.24900926359203,6262.0,13424412.934316885,2038897479.0
2015-01-23,359.9635491383858,346.52320224949204,354.797395235392,348.509008566108,6570.0,15669073.708938615,2038897479.0
2015-01-26,375.64836155986,351.156750321596,363.402555940728,353.14255663821206,9443.0,19659254.30504769,2038897479.0
2015-01-27,373.331587523808,363.733523660164,371.345781207192,363.733523660164,6996.0,18439052.96499497,2038897479.0
2015-01-28,374.6422196927746,367.06636859488447,370.68384576832005,371.345781207192,4838.0,11037924.880956337,2038897479.0
2015-01-29,377.9651355959121,364.726426818472,373.331587523808,368.698039451704,5792.0,12314328.116649205,2038897479.0
2015-01-30,390.54190893448,358.438040149188,360.4238464658041,373.6230132059321,10425.0,23130723.07892059,2038933708.0
2015-02-02,361.085781904676,348.37549618808754,350.49481488272403,357.776104710316,9079.0,25255547.570663776,2038933708.0
2015-02-03,355.7902983937,342.2901251179056,353.804492077084,348.839976285544,5631.0,11779317.050193096,2038933708.0
2015-02-04,361.25148420308886,343.875460494004,358.769007868624,351.156750321596,8001.0,17149528.5055604,2038933708.0
2015-02-05,361.085781904676,351.81868576046804,359.09997558806003,355.7902983937,5181.0,13771288.20795879,2038933708.0
2015-02-06,359.761911026932,355.7902983937,358.107072429752,356.452233832572,5726.0,15453365.38026034,2038933708.0
2015-02-09,358.107072429752,351.81868576046804,355.128362954828,357.114169271444,6297.0,15522403.15718595,2038933708.0
2015-02-10,359.6295239391576,351.81868576046804,356.78320155200805,354.466427515956,5544.0,14231420.28075282,2038933708.0
2015-02-11,368.698039451704,356.78320155200805,365.7193299767801,358.769007868624,4782.0,8833504.941406664,2038933708.0
2015-02-12,372.224235728119,363.733523660164,371.676748926628,363.733523660164,5290.0,16182496.88236946,2038933708.0
2015-02-13,373.662555243244,365.388362257344,366.712233135088,370.68384576832005,3388.0,7799393.685024201,2038933708.0
2015-02-16,371.9514521337599,365.057394537908,371.676748926628,365.7193299767801,1935.0,4957358.664899254,2038933708.0
2015-02-17,374.3244906821161,364.3575963919326,373.331587523808,368.036104012832,3487.0,8394833.942768456,2038933708.0
2015-02-18,375.1950377222903,365.388362257344,366.381265415652,372.007716646064,2712.0,8245530.389726464,2038933708.0
2015-02-19,374.3244906821161,366.050297696216,373.331587523808,368.036104012832,2867.0,6220741.829996286,2038933708.0
2015-02-20,372.2238385668557,359.430943307496,364.726426818472,371.345781207192,3982.0,10955711.52934498,2038933708.0
2015-02-23,375.979329279296,367.04320085452406,372.007716646064,368.698039451704,5105.0,12299792.25861387,2038933708.0
2015-02-24,375.979329279296,371.014813487756,373.000619804372,373.331587523808,3673.0,9100605.10717704,2038933708.0
2015-02-25,374.50983260500016,369.690942610012,370.68384576832005,373.662555243244,2552.0,6384973.775669497,2038933708.0
2015-02-26,371.345781207192,364.726426818472,370.352878048884,368.698039451704,3270.0,8865141.720086599,2038933708.0
2015-02-27,393.85158612884,378.95803875422,383.92255454576,383.92255454576,6061.0,15892447.030475782,2038943490.0
2015-03-02,387.563199459556,375.4166841562548,379.950941912528,376.310296998732,4342.0,9940281.900229784,2038943490.0
2015-03-03,382.598683668016,368.036104012832,368.036104012832,381.274812790272,3847.0,8040278.578783203,2038943490.0
2015-03-04,378.0369476478044,367.37416857396,376.972232437604,368.036104012832,4465.0,10320955.912325889,2038943490.0
2015-03-05,378.627071034784,370.68384576832005,372.007716646064,377.30320015704,2560.0,5205345.415346894,2038943490.0
2015-03-06,373.7431127861547,362.40965278242,364.0644913796,371.014813487756,3057.0,7795878.990642579,2038943490.0
2015-03-09,365.85235450838206,359.06687881611646,365.057394537908,362.078685062984,3929.0,9460427.98348939,2038943490.0
2015-03-10,368.036104012832,358.438040149188,361.085781904676,364.0644913796,4520.0,9420445.315401549,2038943490.0
2015-03-11,373.2187778385737,361.085781904676,372.007716646064,362.078685062984,3946.0,8250252.882864657,2038943490.0
2015-03-12,379.85165159669725,368.6264842307619,377.30320015704,373.331587523808,4428.0,10447317.32798681,2038943490.0
2015-03-13,382.26771594858,375.7529473592018,380.943845070836,377.30320015704,4104.0,9881527.019967932,2038943490.0
2015-03-16,386.239328581812,380.42715878725113,383.92255454576,381.274812790272,3214.0,7838093.066933188,2038943490.0
2015-03-17,385.13058672170143,375.4356135240002,380.281909631964,382.598683668016,3556.0,8509115.861115221,2038943490.0
2015-03-18,382.97929654536745,379.289006473656,381.274812790272,379.289006473656,3287.0,8092692.515573055,2038943490.0
2015-03-19,387.691969070157,379.289006473656,384.584489984632,379.619974193092,3570.0,13386174.02568384,2038943490.0
2015-03-20,392.858682970532,383.591586826324,392.858682970532,383.591586826324,5400.0,28652092.058421224,2038943490.0
2015-03-23,393.9704035401176,386.8496045932281,391.8657798122241,392.858682970532,4715.0,9389071.232951166,2038943490.0
2015-03-24,408.6993937646339,389.879973495608,406.097391747972,389.879973495608,7232.0,20328121.178449247,2038943490.0
2015-03-25,417.01932648936,400.7986587959266,402.12577911474,404.773520870228,7239.0,15348294.437180877,2038943490.0
2015-03-26,396.499327884328,379.619974193092,388.556102617864,396.499327884328,9318.0,23888985.17728976,2038943490.0
2015-03-27,397.48531315536434,387.2859544203389,393.18965068996806,394.513521567712,5046.0,12056260.775829531,2038943490.0
2015-03-30,400.5065367577208,391.8657798122241,399.147069639816,397.492231042636,3464.0,7773199.549491064,2038943490.0
2015-03-31,404.84887493865375,394.6459086554864,399.147069639816,398.81610192038,5220.0,9857774.147671515,2038974474.0
2015-04-01,402.95319841333,394.513521567712,397.1612633232,396.83029560376406,5129.0,10778722.209305486,2038974474.0
2015-04-02,402.5235016993154,388.556102617864,396.168360164892,395.175457006584,4263.0,8220042.816465921,2038974474.0
2015-04-06,396.168360164892,396.168360164892,396.168360164892,396.168360164892,0.0,0.0,2038974474.0
2015-04-07,400.47094051756005,380.281909631964,391.534812092788,390.54190893448,5769.0,13450848.629601335,2038974474.0
2015-04-08,395.75465051559706,385.908360862376,391.203844373352,389.54900577617207,5837.0,15132877.489952624,2038974474.0
2015-04-09,399.478037359252,393.74481594255,398.154166481508,394.844489287148,3774.0,7460636.328774899,2038974474.0
2015-04-10,409.076101222896,397.1612633232,408.414165784024,398.154166481508,4105.0,19674714.129131805,2038974474.0
2015-04-13,408.74513350346,402.787714553612,403.78061771192,407.09029490628,4453.0,9372513.82174702,2038974474.0
2015-04-14,404.03374976697,392.6091538300759,394.182553848276,401.794811395304,3917.0,9530019.838094575,2038974474.0
2015-04-15,397.1612633232,385.7892124833791,386.239328581812,395.837392445456,4068.0,10179263.00119874,2038974474.0
2015-04-16,386.239328581812,374.4491331252556,378.627071034784,385.246425423504,8228.0,19877458.247906733,2038974474.0
2015-04-17,380.281909631964,368.698039451704,373.662555243244,379.289006473656,5109.0,11462642.784459254,2038974474.0
2015-04-20,379.96414752453353,374.6653874331351,378.296103315348,375.979329279296,3328.0,6641419.646658474,2038974474.0
2015-04-21,390.0419252678242,378.95803875422,388.22513489842805,380.6128773514,4942.0,15268957.156358607,2038974474.0
2015-04-22,394.513521567712,381.2086192463848,385.246425423504,389.879973495608,4248.0,8839325.02166489,2038974474.0
2015-04-23,387.894167178992,379.271772984505,382.598683668016,384.584489984632,3780.0,7193098.335955263,2038974474.0
2015-04-24,384.915457704068,375.5159744720856,378.627071034784,381.274812790272,4651.0,13640921.429671388,2038974474.0
2015-04-27,387.6006067550776,373.77839394504656,386.901264020684,379.289006473656,5751.0,11563303.752328789,2038974474.0
2015-04-28,389.879973495608,373.662555243244,378.95803875422,389.218038056736,5281.0,10697595.876575043,2038974474.0
2015-04-29,384.253522265196,367.5494755555909,370.021910329448,379.289006473656,7021.0,14849864.57556442,2038974474.0
2015-04-30,370.021910329448,353.05915277291416,360.75481418524,367.37416857396,9624.0,22581678.900661573,2039334278.0
2015-05-01,370.021910329448,356.78320155200805,369.02900717114,358.769007868624,2494.0,5961111.899535299,2039334278.0
2015-05-04,369.02900717114,369.02900717114,369.02900717114,369.02900717114,0.0,0.0,2039334278.0
2015-05-05,376.310296998732,355.45933067426404,355.45933067426404,375.64836155986,8313.0,16707534.55059318,2039334278.0
2015-05-06,362.078685062984,350.82578260216,360.75481418524,354.797395235392,6112.0,11942478.584218295,2039334278.0
2015-05-07,375.7621787108324,351.675791109537,372.007716646064,360.75481418524,7585.0,16737575.525165996,2039334278.0
2015-05-08,381.274812790272,368.698039451704,378.95803875422,378.95803875422,5690.0,15747142.801066486,2039334278.0
2015-05-11,381.0820532188599,373.331587523808,373.99352296268,378.296103315348,5530.0,13478464.948170336,2039334278.0
2015-05-12,373.9710171577584,360.6389754834375,364.395459099036,372.007716646064,7421.0,17396641.111657977,2039334278.0
2015-05-13,375.979329279296,364.395459099036,368.036104012832,365.057394537908,5272.0,12039901.141671777,2039334278.0
2015-05-14,374.986426120988,365.388362257344,373.331587523808,368.367071732268,4149.0,8181819.005317334,2039334278.0
2015-05-15,376.641264718168,373.000619804372,375.317393840424,376.641264718168,3631.0,8867912.108484484,2039334278.0
2015-05-18,381.13837200987,372.9980382561603,376.310296998732,375.979329279296,4319.0,10273463.755469063,2039334278.0
2015-05-19,381.3972708464633,373.331587523808,375.64836155986,375.979329279296,5199.0,11380587.9564347,2039334278.0
2015-05-20,384.915457704068,373.000619804372,375.317393840424,375.979329279296,6056.0,23930021.649792712,2039334278.0
2015-05-21,373.000619804372,365.388362257344,366.712233135088,370.68384576832005,6318.0,15693782.252001172,2039334278.0
2015-05-22,368.367071732268,356.121266113136,359.09997558806003,366.381265415652,4974.0,14181551.779842442,2039334278.0
2015-05-25,359.09997558806003,359.09997558806003,359.09997558806003,359.09997558806003,0.0,0.0,2039334278.0
2015-05-26,363.6110656039728,356.8773949649595,360.4238464658041,360.092878746368,5368.0,10853567.988501756,2039334278.0
2015-05-27,374.88786393414,361.53589800310897,372.007716646064,362.740620501856,6703.0,16918808.748086393,2039334278.0
2015-05-28,379.950941912528,370.68384576832005,376.641264718168,371.676748926628,6452.0,15757206.784205616,2036830682.0
2015-05-29,379.289006473656,363.6379587169832,366.712233135088,377.634167876476,4838.0,10331753.633209636,2036830682.0
2015-06-01,375.317393840424,368.036104012832,371.014813487756,368.698039451704,4827.0,12142040.153269662,2036830682.0
2015-06-02,375.317393840424,363.0352108973134,367.37416857396,371.345781207192,5889.0,12329796.999223989,2036830682.0
2015-06-03,371.9020055564761,356.12057505253784,359.761911026932,367.37416857396,6133.0,16661325.679915212,2036830682.0
2015-06-04,359.761911026932,348.0655118220638,348.17804084667205,357.776104710316,11036.0,24971666.550919287,2036830682.0
2015-06-05,353.68863748883086,343.21352505513204,350.82578260216,348.17804084667205,5805.0,13590861.190708404,2036830682.0
2015-06-08,351.6647857709303,342.3488421010107,344.53739593287605,350.163847163288,3645.0,8771107.038145304,2036830682.0
2015-06-09,349.5879633314694,341.9081916793536,343.21352505513204,347.185137688364,5336.0,11834889.380731383,2036830682.0
2015-06-10,349.2104999429361,339.24191242190005,345.86126681062,341.55868645795204,4838.0,10366681.663501227,2036830682.0
2015-06-11,349.50191172441606,341.227718738516,343.875460494004,343.875460494004,3729.0,7591593.418704575,2036830682.0
2015-06-12,345.73505293274854,337.6962931721339,342.88255733569605,341.55868645795204,4051.0,8827982.28159224,2036830682.0
2015-06-15,340.234815580208,334.939332069232,336.594170666412,339.572880141336,3792.0,7916254.253716245,2036830682.0
2015-06-16,333.81973446792387,324.7230205056816,332.291590313744,333.615461191488,7791.0,17094914.865285147,2036830682.0
2015-06-17,333.615461191488,326.665139083332,326.665139083332,332.291590313744,5045.0,10332485.861205803,2036830682.0
2015-06-18,332.62255803318,318.1923654657704,331.96062259430806,326.99610680276805,6772.0,13933558.990401018,2036830682.0
2015-06-19,337.375254484281,330.74266138678354,334.608364349796,331.96062259430806,4337.0,11602714.225755705,2036830682.0
2015-06-22,348.509008566108,340.89675101908,348.509008566108,343.875460494004,6064.0,24053753.0836612,2036830682.0
2015-06-23,354.01390991575084,345.530299091184,348.17804084667205,349.50191172441606,4811.0,10992701.87601342,2036830682.0
2015-06-24,349.50191172441606,341.8706453773899,342.220621896824,347.847073127236,4230.0,10493248.404950768,2036830682.0
2015-06-25,344.868363652312,338.579976983028,341.55868645795204,340.234815580208,6005.0,11617111.186934032,2036830682.0
2015-06-26,343.75125492825407,337.58707382472,340.565783299644,340.565783299644,4112.0,8308500.487648748,2036830682.0
2015-06-29,332.84183076666073,321.03868785292,326.4665584516704,328.51855831217364,7769.0,12733654.708452478,2036830682.0
2015-06-30,331.3885111325555,323.686429608408,327.4594616099784,324.34836504728,7457.0,12840378.826079998,2037134185.0
2015-07-01,335.93223522754,329.5114614704816,332.62255803318,329.5114614704816,8258.0,12395554.092777062,2037134185.0
2015-07-02,334.27739663036004,323.1718264356492,323.8188166961824,331.298687155436,5204.0,11045577.79582766,2036604896.0
2015-07-03,328.04196479618577,321.2884175598141,322.362558730664,323.15688125731043,4199.0,7764702.685238586,2036604896.0
2015-07-06,323.55404252063363,315.6108172541696,320.5091395018224,318.9204944485296,7358.0,14490450.84108086,2035427898.0
2015-07-07,330.0410098215792,320.37675241404804,323.024494169536,323.2892683450848,8720.0,14594455.901757648,2034833873.0
2015-07-08,331.7521129310633,321.06618597492167,326.7975261711064,324.34836504728,7354.0,13618921.375320444,2034487493.0
2015-07-09,343.0661246096686,326.7975261711064,340.565783299644,326.7975261711064,6354.0,15850397.516765757,2034294865.0
2015-07-10,353.473524357648,345.38532596297483,351.487718041032,348.839976285544,6591.0,14465547.540468806,2034294865.0
2015-07-13,368.83070389042734,328.6044669411721,363.402555940728,360.4238464658041,5649.0,13977450.397214817,2034294865.0
2015-07-14,369.04517957778256,334.87589019096424,365.388362257344,364.0644913796,5971.0,16700917.323155615,2034294865.0
2015-07-15,373.66240961744745,362.40965278242,366.050297696216,363.733523660164,3336.0,6554701.205685109,2034294865.0
2015-07-16,375.6427245176626,366.381265415652,369.359974890576,369.02900717114,3971.0,8391249.799958332,2033994865.0
2015-07-17,376.9307502675208,366.712233135088,375.317393840424,371.345781207192,3742.0,8335657.842690251,2033592080.0
2015-07-20,381.1912765378863,375.2313422333706,377.634167876476,377.30320015704,3946.0,8088893.9884836385,2033192080.0
2015-07-21,379.950941912528,367.34614553715534,371.014813487756,377.30320015704,4143.0,10243991.95606028,2032742080.0
2015-07-22,379.66567752546894,365.7193299767801,377.30320015704,368.698039451704,4121.0,9182821.478285288,2032299217.0
2015-07-23,381.7843044975717,373.5904188429866,379.619974193092,379.289006473656,3979.0,9135934.730555195,2032299217.0
2015-07-24,383.3222572110849,371.676748926628,372.3386843655,379.289006473656,5392.0,10713662.619534332,2031540960.0
2015-07-27,374.655458401552,360.17310399768843,364.395459099036,370.68384576832005,6503.0,13061584.14884912,2030812068.0
2015-07-28,373.51854787884025,365.7193299767801,368.036104012832,366.712233135088,4417.0,9269811.673978882,2030712068.0
2015-07-29,371.345781207192,363.402555940728,364.726426818472,370.021910329448,5049.0,10923022.455998382,2030112068.0
2015-07-30,367.8770429126773,355.45933067426404,358.769007868624,366.712233135088,6920.0,13335159.625703163,2029528095.0
2015-07-31,366.712233135088,348.2210904798745,353.473524357648,364.0644913796,7581.0,20397044.21449298,2028836719.0
2015-08-03,367.0019172650725,350.49481488272403,364.726426818472,351.487718041032,4735.0,10874838.83435342,2028613598.0
2015-08-04,363.733523660164,355.7902983937,361.085781904676,359.09997558806003,6224.0,21709365.87545783,2028613598.0
2015-08-05,368.090826877499,360.092878746368,365.057394537908,360.092878746368,4450.0,11504728.532131976,2028413598.0
2015-08-06,368.367071732268,359.58164350112224,363.733523660164,365.057394537908,3391.0,9127317.08642706,2032193205.0
2015-08-07,364.6072784394751,359.761911026932,363.071588221292,362.740620501856,3936.0,9684539.572016511,2032299574.0
2015-08-10,369.3632845677704,359.24607135877346,368.367071732268,365.388362257344,5309.0,12351763.839109128,2032269574.0
2015-08-11,367.8750551205545,361.8830215808015,363.733523660164,366.6904984849527,4701.0,8900410.953526923,2032269574.0
2015-08-12,364.65672501675874,345.19933137174803,347.847073127236,364.65672501675874,7293.0,17849254.63719235,2032269574.0
2015-08-13,359.7732347564848,351.81868576046804,355.7902983937,353.473524357648,5516.0,12840134.246831791,2032269574.0
2015-08-14,363.071588221292,356.1874596570232,359.09997558806003,357.776104710316,3987.0,8793792.518290602,2032269574.0
2015-08-17,365.057394537908,353.14255663821206,359.430943307496,364.0644913796,4441.0,9172070.55960336,2032269574.0
2015-08-18,368.009596146247,357.4996063342739,364.0644913796,360.092878746368,3983.0,9239092.82235394,2032269574.0
2015-08-19,363.733523660164,356.4448466330742,356.78320155200805,363.071588221292,5185.0,12347856.61013162,2032773680.0
2015-08-20,359.430943307496,346.8238857606642,350.163847163288,354.797395235392,4290.0,9383978.851443771,2032773680.0
2015-08-21,350.163847163288,335.2747969780397,339.24191242190005,345.530299091184,5194.0,11588815.481564462,2032773680.0
2015-08-24,350.4843933711744,312.5245492278479,327.989009961076,328.5847518560608,16782.0,29709607.435209144,2032773680.0
2015-08-25,347.3052372685866,328.981913119384,342.88255733569605,331.629654874872,7498.0,16127010.60749258,2032773680.0
2015-08-26,355.0802601064852,336.4768095131,351.81868576046804,340.234815580208,9273.0,19328726.58757598,2032167105.0
2015-08-27,364.6464100768148,356.78320155200805,361.416749624112,358.438040149188,6794.0,14746522.294455295,2032167105.0
2015-08-28,361.747717343548,353.473524357648,356.78320155200805,361.085781904676,5423.0,11428211.4614063,2032255379.0
2015-08-31,356.78320155200805,356.78320155200805,356.78320155200805,356.78320155200805,0.0,0.0,2032255379.0
2015-09-01,361.6285689645511,344.36961250944336,349.50191172441606,350.163847163288,6357.0,14045467.58419112,2032255379.0
2015-09-02,361.1827183780862,349.50191172441606,359.09997558806003,350.82578260216,6483.0,13420152.42420308,2031755379.0
2015-09-03,377.9651355959121,367.705136293396,373.662555243244,371.345781207192,8267.0,19053073.69686063,2031755379.0
2015-09-04,380.281909631964,366.712233135088,373.99352296268,370.021910329448,6595.0,14970487.437383182,2031755379.0
2015-09-07,380.281909631964,369.97226517153257,373.662555243244,377.30320015704,3059.0,6299706.202952464,2031755379.0
2015-09-08,384.0827310071291,373.331587523808,376.972232437604,375.64836155986,4193.0,9215596.607293293,2031755379.0
2015-09-09,390.210941215044,381.8224981723947,382.598683668016,387.894167178992,6899.0,15883756.918422252,2031165885.0
2015-09-10,388.10027534046446,377.3552342399543,384.584489984632,379.950941912528,4560.0,11840273.143688798,2031165885.0
2015-09-11,388.8870703373,381.8242192045358,386.239328581812,384.584489984632,4085.0,9309570.89929676,2031165885.0
2015-09-14,393.520618409404,387.89085750179765,390.872876653916,388.22513489842805,4712.0,9712439.723293304,2031165885.0
2015-09-15,397.1612633232,388.556102617864,394.513521567712,390.872876653916,4939.0,9817830.73304326,2031165885.0
2015-09-16,400.1512885844516,393.520618409404,395.837392445456,396.499327884328,5249.0,10281389.934809064,2030819634.0
2015-09-17,404.9853402106671,394.844489287148,399.809005078688,397.492231042636,6704.0,15798453.11174252,2030819634.0
2015-09-18,400.139972798124,393.520618409404,397.492231042636,399.147069639816,6054.0,14620862.911821632,2030819634.0
2015-09-21,399.0609670637338,392.6270055669268,393.520618409404,394.844489287148,4459.0,8882546.10016879,2030819634.0
2015-09-22,394.513521567712,373.7707843352413,375.317393840424,393.85158612884,5936.0,13193561.828728097,2030819634.0
2015-09-23,395.50642472602,375.222101614644,393.18965068996806,376.310296998732,7067.0,17553288.081139922,2030218601.0
2015-09-24,393.70596033228816,380.6128773514,383.92255454576,390.872876653916,8168.0,14807144.733544497,2030218601.0
2015-09-25,400.47094051756005,390.54190893448,399.809005078688,392.527715251096,5922.0,13006799.906999497,2030218601.0
2015-09-28,399.3401025905644,388.014122457289,388.22513489842805,397.823198762072,4695.0,11538753.732853033,2030218601.0
2015-09-29,390.8310158567618,375.4960184424745,377.30320015704,385.246425423504,7142.0,13310737.934845297,2029632278.0
2015-09-30,391.8409976113281,383.591586826324,389.218038056736,386.901264020684,4863.0,11273730.980943955,2029632278.0
2015-10-01,395.32753799753567,382.26771594858,383.92255454576,392.858682970532,6053.0,12020603.537038658,2029376504.0
2015-10-02,390.28375411332,371.676748926628,377.9651355959121,387.894167178992,7843.0,16204678.106533889,2029082407.0
2015-10-05,387.563199459556,380.9220481987694,386.901264020684,384.584489984632,5523.0,13091711.179083342,2029082407.0
2015-10-06,397.1612633232,386.239328581812,388.22513489842805,386.901264020684,6383.0,16191183.974926095,2029082407.0
2015-10-07,388.8627442099215,366.050297696216,366.381265415652,381.936748229144,9959.0,23722850.94857495,2027882407.0
2015-10-08,372.007716646064,365.7193299767801,370.021910329448,366.381265415652,5194.0,12830437.132564971,2027882407.0
2015-10-09,374.3244906821161,365.057394537908,372.3386843655,371.676748926628,6772.0,13464422.77787675,2027882407.0
2015-10-12,380.3944386565722,372.3386843655,377.30320015704,375.979329279296,4480.0,10010378.010815838,2027882407.0
2015-10-13,383.260619106888,376.972232437604,381.605780509708,379.619974193092,4716.0,9318760.73808582,2027882407.0
2015-10-14,386.3266762584548,377.29989047984566,381.605780509708,379.289006473656,3993.0,8623002.22536921,2027882407.0
2015-10-15,388.22513489842805,378.95803875422,388.22513489842805,383.92255454576,4861.0,11933524.266186768,2027882407.0
2015-10-16,395.0554315631306,387.23223174012,394.844489287148,390.210941215044,5225.0,12213463.332739498,2027882407.0
2015-10-19,399.809005078688,392.1934378544657,399.478037359252,392.19674753166,3352.0,7048331.576992641,2027882407.0
2015-10-20,401.463843675868,391.4707989642364,391.8657798122241,400.47094051756005,3951.0,10158272.968557978,2027882407.0
2015-10-21,396.83029560376406,385.825618932517,392.858682970532,393.85158612884,4153.0,10801528.46932644,2027882407.0
2015-10-22,393.18965068996806,385.246425423504,389.54900577617207,392.527715251096,5529.0,16647602.066543672,2027882407.0
2015-10-23,399.3210368641186,390.872876653916,396.168360164892,392.19674753166,5492.0,13747079.391631763,2027882407.0
2015-10-26,404.773520870228,394.0946885381201,402.456746834176,396.499327884328,3951.0,9351478.496652888,2027882407.0
2015-10-27,406.4316691446024,399.809005078688,404.1115854313561,402.12577911474,4094.0,10251062.10803156,2027882407.0
2015-10-28,407.6832765304848,401.794811395304,404.1115854313561,404.1115854313561,4182.0,11848842.475866672,2027882407.0
2015-10-29,408.86428188245696,391.990223674732,395.50642472602,405.104488589664,5541.0,13515636.46465226,2027882407.0
2015-10-30,386.8017572519647,375.317393840424,385.57739314294,380.6128773514,7222.0,20926147.635281008,2027882407.0
2015-11-02,388.969812267159,375.979329279296,388.8870703373,377.30320015704,4999.0,10580268.795613274,2027897114.0
2015-11-03,391.534812092788,384.584489984632,386.239328581812,390.54190893448,3591.0,7840276.16318569,2027897114.0
2015-11-04,390.7750280334711,382.929651387452,383.591586826324,388.556102617864,5032.0,11116043.794782912,2027554200.0
2015-11-05,389.54900577617207,381.106746720407,384.253522265196,383.591586826324,4472.0,10074259.996799331,2027554200.0
2015-11-06,401.132875956432,390.22183932010967,398.485134200944,398.81610192038,7649.0,17246030.116461996,2027554200.0
2015-11-09,403.78061771192,393.5702635673194,394.513521567712,403.118682273048,5748.0,12392086.200597256,2027554200.0
2015-11-10,403.5421938623219,392.858682970532,401.463843675868,397.1612633232,5128.0,13817631.446248423,2027554200.0
2015-11-11,407.752230345152,401.1011030553661,406.759327186844,402.456746834176,3838.0,12172336.275329804,2027554200.0
2015-11-12,401.7617146233604,387.47052849811394,394.513521567712,394.513521567712,7300.0,21733526.379834592,2027554200.0
2015-11-13,399.3718205509888,389.0062187162969,392.19674753166,395.175457006584,4534.0,10393938.661940148,2027554200.0
2015-11-16,384.439592317063,374.986426120988,381.274812790272,380.6128773514,7834.0,18349449.394741848,2026977187.0
2015-11-17,394.6187342199144,382.929651387452,391.534812092788,384.253522265196,3634.0,9057524.435278594,2026977187.0
2015-11-18,389.54900577617207,378.296103315348,379.289006473656,388.556102617864,4475.0,12115750.903584445,2026977187.0
2015-11-19,386.901264020684,380.0867048710407,385.57739314294,383.591586826324,4771.0,11758773.903092269,2026977187.0
2015-11-20,387.23223174012,380.281909631964,381.936748229144,385.57739314294,3332.0,7860324.112796326,2026964080.0
2015-11-23,382.26771594858,374.1907797234639,375.979329279296,380.6128773514,3992.0,8814385.48709014,2026582273.0
2015-11-24,374.3906842260032,358.769007868624,363.733523660164,373.662555243244,7618.0,20402192.456692867,2025287607.0
2015-11-25,368.2195978119708,361.416749624112,365.057394537908,364.0644913796,3779.0,11970738.055625172,2025287607.0
2015-11-26,378.627071034784,364.0644913796,375.317393840424,366.050297696216,2446.0,6398440.731805267,2025287607.0
2015-11-27,377.9651355959121,370.68384576832005,373.99352296268,374.655458401552,2766.0,5892190.373240011,2025287607.0
2015-11-30,384.0179394425014,370.68384576832005,375.317393840424,370.68384576832005,4013.0,9137494.300699618,2025394505.0
2015-12-01,383.92255454576,378.5774444110609,381.605780509708,378.627071034784,4250.0,12174608.446740603,2025394505.0
2015-12-02,390.210941215044,382.7997372904772,388.22513489842805,386.570296301248,4228.0,9624421.38890818,2025394505.0
2015-12-03,392.6423962278161,374.1281030425634,380.6128773514,389.218038056736,6826.0,15676610.37317962,2025394505.0
2015-12-04,388.8870703373,375.317393840424,386.570296301248,378.627071034784,5369.0,12521559.207804795,2025394505.0
2015-12-07,393.18965068996806,385.57739314294,388.556102617864,385.57739314294,4022.0,9859495.26089963,2025394505.0
2015-12-08,397.823198762072,381.8481494945219,386.239328581812,388.556102617864,6038.0,12579840.027054692,2025394505.0
2015-12-09,387.894167178992,379.85165159669725,380.943845070836,385.908360862376,4875.0,12181228.69367506,2025394505.0
2015-12-10,388.4981832669627,374.7570006217459,379.289006473656,379.950941912528,5224.0,11126631.660632703,2025394505.0
2015-12-11,381.8175998501471,373.6709029110637,374.986426120988,379.289006473656,3818.0,8045765.004634928,2025394505.0
2015-12-14,383.627993275462,370.9533216712911,374.3244906821161,375.317393840424,5004.0,10468559.488618009,2025394505.0
2015-12-15,387.28425986561535,375.3504906123676,386.239328581812,376.310296998732,4241.0,8677954.049296306,2025394505.0
2015-12-16,391.203844373352,385.908360862376,387.23223174012,387.23223174012,4016.0,7768158.499430825,2025394505.0
2015-12-17,402.456746834176,393.3882313216296,396.168360164892,394.513521567712,4665.0,10637258.779942086,2025394505.0
2015-12-18,394.844489287148,387.23223174012,389.54900577617207,393.520618409404,3630.0,7613241.701667668,2025394505.0
2015-12-21,396.168360164892,384.6837803004628,391.8657798122241,386.570296301248,3526.0,6580184.249700315,2025394505.0
2015-12-22,397.820741657723,389.1533345295217,392.19674753166,396.499327884328,3732.0,6282199.159975965,2025394505.0
2015-12-23,399.6374916490573,391.203844373352,395.50642472602,394.844489287148,2978.0,5713840.769850927,2025394505.0
2015-12-24,399.478037359252,395.8846996474013,399.147069639816,397.492231042636,715.0,1416130.4543436973,2025394505.0
2015-12-28,399.147069639816,399.147069639816,399.147069639816,399.147069639816,0.0,0.0,2025394505.0
2015-12-29,404.6742305543973,399.5773276750828,403.449649992484,399.809005078688,2364.0,4636404.262321812,2025394505.0
2015-12-30,409.738036661768,403.118682273048,406.428359467408,403.78061771192,2595.0,5454100.627753404,2025394505.0
2015-12-31,406.8751658886466,401.794811395304,404.1115854313561,404.690778940369,823.0,1969980.1619054235,2025394505.0
2016-01-04,401.825922360931,392.858682970532,394.513521567712,398.485134200944,5313.0,11496817.450276434,2025394505.0
2016-01-05,407.5563874784655,396.4794698211619,404.442553150792,396.83029560376406,4481.0,9249552.359585846,2025394505.0
2016-01-06,406.52434010604446,396.6009104825836,401.463843675868,406.428359467408,5153.0,11584068.832451137,2025394505.0
2016-01-07,396.168360164892,382.5032484641812,390.54190893448,392.858682970532,5989.0,12887639.99142463,2025394505.0
2016-01-08,400.0235158486215,387.9709728718352,390.872876653916,388.9157983353471,4167.0,7315218.868232175,2025394505.0
2016-01-11,394.40257986428617,383.9872256381378,390.210941215044,388.556102617864,4388.0,8341799.499367415,2025394505.0
2016-01-12,404.773520870228,390.707392794198,396.168360164892,392.527715251096,5508.0,15686164.061344098,2025394505.0
2016-01-13,401.794811395304,388.556102617864,390.210941215044,399.809005078688,4182.0,13371065.97298758,2025394505.0
2016-01-14,389.8034537588744,371.5461245729274,373.331587523808,388.22513489842805,8662.0,18626011.15402152,2024494505.0
2016-01-15,377.9254194695797,363.733523660164,364.726426818472,373.331587523808,7222.0,18247793.502646588,2023894505.0
2016-01-18,373.8870738150778,360.092878746368,361.085781904676,363.402555940728,3991.0,9981081.34222676,2023894505.0
2016-01-19,374.0350210192138,366.381265415652,371.676748926628,367.37416857396,4165.0,11642502.13629405,2023894505.0
2016-01-20,369.82028479476753,358.769007868624,360.4238464658041,364.726426818472,5691.0,11745370.356391218,2023894505.0
2016-01-21,367.7646800338644,359.0090051387604,365.388362257344,362.740620501856,6313.0,14893597.458791416,2023849698.0
2016-01-22,376.4992656658858,365.7193299767801,370.021910329448,370.68384576832005,4944.0,11196830.434113069,2023849698.0
2016-01-25,376.09847765829295,369.3732553012861,372.007716646064,372.669652084936,4266.0,10190095.446296738,2023849698.0
2016-01-26,376.7822046737481,366.381265415652,371.345781207192,367.705136293396,4541.0,10722609.388823634,2023849698.0
2016-01-27,372.35053300985584,364.395459099036,365.7193299767801,371.345781207192,4414.0,10607913.799402744,2023849698.0
2016-01-28,365.057394537908,340.6054994259763,347.847073127236,363.402555940728,9538.0,23296907.12933411,2024031154.0
2016-01-29,357.114169271444,337.256106105284,357.114169271444,350.49481488272403,8484.0,17886623.930720665,2022967997.0
2016-02-01,370.7838489886184,356.452233832572,367.37416857396,358.107072429752,5629.0,11586023.956688335,2022967997.0
2016-02-02,368.2016037590006,355.0558724191108,358.107072429752,366.381265415652,5842.0,14841396.396532409,2022967997.0
2016-02-03,359.430943307496,342.43244123726305,346.52320224949204,356.121266113136,7008.0,14540446.160860678,2022967997.0
2016-02-04,352.48062119934,333.284493472052,340.565783299644,350.49481488272403,9307.0,22261263.478279248,2022967997.0
2016-02-05,346.192234530056,334.6761008651912,335.270299788668,341.889654177388,5659.0,12923786.388711913,2022967997.0
2016-02-08,338.9043253480753,311.1338989933533,314.61791409586164,338.24900926359203,12259.0,23685520.908506226,2022967997.0
2016-02-09,320.8401072212584,309.02257118333483,320.1119782384992,312.5659142353584,14166.0,26952301.00760611,2022967997.0
2016-02-10,339.33763953926336,318.1923654657704,335.60126750810406,323.0906877134232,7740.0,15955826.270226857,2022967997.0
2016-02-11,334.608364349796,311.6729414844506,316.73610750025205,334.608364349796,12390.0,21524492.649034817,2022967997.0
2016-02-12,321.700623291792,313.1616561303432,317.59662357078565,318.8543009046424,8226.0,14164277.238126583,2022967997.0
2016-02-15,337.40218797535323,327.65804224164003,333.946428910924,327.65804224164003,6066.0,18878712.84886512,2022967997.0
2016-02-16,347.847073127236,334.939332069232,342.88255733569605,336.263202946976,7572.0,19177199.17507345,2022967997.0
2016-02-17,351.58369867966843,343.21352505513204,349.50191172441606,344.20642821344,5755.0,20080901.380212028,2022967997.0
2016-02-18,362.40965278242,349.50191172441606,358.438040149188,352.149653479904,6523.0,15976271.283678714,2022967997.0
2016-02-19,362.1521598966988,354.13545979652,361.085781904676,358.438040149188,4527.0,8390013.315981291,2022967997.0
2016-02-22,370.68384576832005,354.797395235392,356.452233832572,364.726426818472,4787.0,10214764.735899704,2022967997.0
2016-02-23,366.1951291702412,352.9572147153279,364.395459099036,353.14255663821206,5532.0,13250814.509286463,2022967997.0
2016-02-24,365.9311493172191,345.5345242250904,351.156750321596,364.0644913796,6448.0,13710674.827360263,2022967997.0
2016-02-25,372.007716646064,352.811588918776,369.690942610012,353.14255663821206,6379.0,16345299.09626458,2022967997.0
2016-02-26,378.627071034784,350.82578260216,358.107072429752,378.627071034784,11548.0,25980885.074928816,2022967997.0
2016-02-29,367.3772207582686,353.473524357648,363.402555940728,354.13545979652,5330.0,12259080.382026749,2022967997.0
2016-03-01,368.3949200181168,358.769007868624,367.705136293396,362.078685062984,5238.0,10344979.02959409,2022991820.0
2016-03-02,373.000619804372,359.09997558806003,361.085781904676,369.690942610012,5744.0,14620349.597350089,2022991820.0
2016-03-03,364.395459099036,350.49481488272403,352.811588918776,359.09997558806003,8500.0,21303682.88035848,2022991820.0
2016-03-04,362.740620501856,352.149653479904,360.75481418524,353.804492077084,4964.0,10221916.414287051,2022991820.0
2016-03-07,360.4238464658041,354.797395235392,357.44513699088,357.114169271444,4886.0,9397856.459156776,2022991820.0
2016-03-08,357.114169271444,350.43554253578566,352.149653479904,354.466427515956,5712.0,19197654.756764427,2022991820.0
2016-03-09,364.395459099036,350.49481488272403,354.13545979652,351.81868576046804,6281.0,13449308.686186709,2022991820.0
2016-03-10,358.6676986497046,348.839976285544,348.839976285544,354.466427515956,7869.0,17780995.89046473,2022991820.0
2016-03-11,359.9772598071311,348.892349279403,358.107072429752,353.14255663821206,6198.0,13403563.308281574,2022991820.0
2016-03-14,362.40965278242,354.466427515956,358.438040149188,358.438040149188,6083.0,10635933.22080675,2022991820.0
2016-03-15,359.761911026932,352.20378788396584,359.09997558806003,357.114169271444,6701.0,13278216.443576172,2022991820.0
2016-03-16,368.367071732268,361.416749624112,367.37416857396,361.416749624112,5540.0,11280381.422847323,2022991820.0
2016-03-17,369.690942610012,359.9439432726218,364.726426818472,368.036104012832,7402.0,12561535.836898856,2022991820.0
2016-03-18,376.0449787122525,363.402555940728,373.99352296268,365.057394537908,7145.0,18023882.71066275,2022991820.0
2016-03-21,375.317393840424,366.7540853270816,369.359974890576,372.007716646064,3800.0,6534375.462360461,2022991820.0
2016-03-22,363.7771452055857,348.509008566108,363.733523660164,357.44513699088,9879.0,21999651.24810904,2022991820.0
2016-03-23,367.705136293396,363.071588221292,367.04320085452406,363.071588221292,5304.0,10632269.061329002,2022991820.0
2016-03-24,365.388362257344,358.107072429752,358.769007868624,364.395459099036,4001.0,9788573.317913769,2022991820.0
2016-03-28,358.769007868624,358.769007868624,358.769007868624,358.769007868624,0.0,0.0,2022991820.0
2016-03-29,367.7843765847834,358.438040149188,365.057394537908,361.747717343548,3747.0,10273777.783145772,2022991820.0
2016-03-30,370.4985700389797,366.050297696216,368.036104012832,369.02900717114,3091.0,6304831.798925663,2022991820.0
2016-03-31,370.352878048884,364.7072730546128,366.381265415652,366.381265415652,3891.0,7914890.950869766,2024230897.0
2016-04-01,366.381265415652,360.6922142888504,365.388362257344,364.0644913796,4131.0,8124327.784504546,2024254720.0
2016-04-04,373.22733269218566,363.733523660164,368.367071732268,364.395459099036,4802.0,9688146.361053322,2024254720.0
2016-04-05,369.02900717114,361.3439506264803,363.402555940728,366.050297696216,4741.0,9474295.022963274,2024254720.0
2016-04-06,365.057394537908,349.832879443852,354.13545979652,362.740620501856,5847.0,15362375.86093405,2024254720.0
2016-04-07,357.44513699088,347.185137688364,349.17094400498,355.7902983937,6474.0,13644097.94040117,2024254720.0
2016-04-08,352.811588918776,346.85416996892803,349.17094400498,350.49481488272403,7419.0,17282409.015009917,2024254720.0
2016-04-11,355.45933067426404,346.192234530056,352.48062119934,348.17804084667205,4205.0,9154643.533294482,2024254720.0
2016-04-12,353.473524357648,347.847073127236,351.81868576046804,351.81868576046804,4899.0,10027299.2713954,2024254720.0
2016-04-13,359.93494359839485,351.156750321596,357.114169271444,354.797395235392,4625.0,12827905.28442151,2024254720.0
2016-04-14,360.8601281135645,354.5717414442805,359.761911026932,359.430943307496,4867.0,17617801.141973723,2024254720.0
2016-04-15,360.092878746368,352.0665210081361,353.473524357648,359.430943307496,3904.0,8846833.000685425,2024254720.0
2016-04-18,361.416749624112,350.163847163288,354.466427515956,350.163847163288,3974.0,9194944.75830437,2024254720.0
2016-04-19,358.769007868624,350.82578260216,351.81868576046804,354.466427515956,4050.0,10141848.415217057,2024254720.0
2016-04-20,354.797395235392,350.163847163288,353.473524357648,351.487718041032,3717.0,8604356.832064642,2024254720.0
2016-04-21,354.79044491328386,347.5161054078,349.50191172441606,353.804492077084,4898.0,12123036.94958346,2024254720.0
2016-04-22,353.5345011883415,346.192234530056,348.509008566108,350.82578260216,7319.0,19025735.17200564,2024254720.0
2016-04-25,353.14255663821206,348.509008566108,349.17094400498,349.17094400498,5841.0,13318434.632421546,2024254720.0
2016-04-26,355.61107341620647,349.832879443852,354.466427515956,349.832879443852,4196.0,8574106.00245787,2024254720.0
2016-04-27,367.42930779601807,353.14255663821206,367.37416857396,353.473524357648,7212.0,17255298.462170232,2024254720.0
2016-04-28,366.050297696216,356.452233832572,364.726426818472,365.388362257344,5570.0,10741103.80728363,2024254720.0
2016-04-29,357.44513699088,343.21352505513204,347.5161054078,357.44513699088,17082.0,39825435.33596432,2025418793.0
2016-05-02,347.5161054078,347.5161054078,347.5161054078,347.5161054078,0.0,0.0,2025418793.0
2016-05-03,345.86126681062,331.6728805829012,337.58707382472,345.86126681062,11686.0,23773569.43786026,2025418793.0
2016-05-04,340.89675101908,336.594170666412,339.24191242190005,337.91804154415604,6884.0,13321996.129004983,2025418793.0
2016-05-05,341.7235328738424,335.12136431492183,337.58707382472,339.572880141336,5375.0,10848602.425863802,2025418793.0
2016-05-06,339.903847860772,333.36599493489854,336.263202946976,336.263202946976,5634.0,14368041.946850816,2025418793.0
2016-05-09,342.88255733569605,335.9289255503457,339.903847860772,337.58707382472,4340.0,9251487.85709325,2025418793.0
2016-05-10,347.33407316211026,340.12447094254804,343.21352505513204,341.227718738516,4191.0,8471974.53960221,2025418793.0
2016-05-11,345.530299091184,341.227718738516,343.21352505513204,343.21352505513204,3886.0,7761172.893372506,2025418793.0
2016-05-12,346.5755679620612,338.24900926359203,341.227718738516,339.903847860772,3833.0,9775409.821215589,2025418793.0
2016-05-13,340.89675101908,335.60126750810406,336.925138385848,339.903847860772,3918.0,9311832.50246844,2025418793.0
2016-05-16,338.24900926359203,332.291590313744,338.24900926359203,334.939332069232,1900.0,3897238.972042478,2025418793.0
2016-05-17,345.86126681062,337.91804154415604,343.21352505513204,340.89675101908,6905.0,13680097.89208922,2025418793.0
2016-05-18,353.30368496274224,339.903847860772,348.839976285544,341.227718738516,4001.0,8836477.636096274,2025418793.0
2016-05-19,347.185137688364,340.89675101908,340.89675101908,345.530299091184,4048.0,10963637.70868498,2025418793.0
2016-05-20,344.868363652312,337.55066737558207,341.889654177388,344.20642821344,4101.0,10743782.101026326,2025418793.0
2016-05-23,347.185137688364,340.89675101908,345.86126681062,343.544492774568,2787.0,7344942.795631392,2025418793.0
2016-05-24,352.29858895365027,341.4775331731463,351.81868576046804,346.192234530056,3264.0,9024154.465382978,2025418793.0
2016-05-25,365.7193299767801,351.81868576046804,364.726426818472,353.473524357648,6598.0,22747671.213022485,2025418793.0
2016-05-26,364.395459099036,356.70876492610057,360.4238464658041,363.733523660164,3500.0,7634695.227081263,2025418793.0
2016-05-27,362.0502926662045,355.45933067426404,360.092878746368,359.09997558806003,3721.0,8063820.086297221,2025418793.0
2016-05-30,360.092878746368,360.092878746368,360.092878746368,360.092878746368,0.0,0.0,2025418793.0
2016-05-31,361.416749624112,354.00529151633674,354.466427515956,358.107072429752,3320.0,7054153.166999315,2025418793.0
2016-06-01,355.7902983937,343.0859588431589,347.847073127236,354.13545979652,5235.0,19225929.32565576,2025418793.0
2016-06-02,356.4162854427577,347.185137688364,352.149653479904,347.185137688364,3656.0,7882884.28382063,2025418793.0
2016-06-03,355.45933067426404,347.185137688364,350.82578260216,355.45933067426404,4049.0,8398004.414504455,2025418793.0
2016-06-06,353.804492077084,343.8518856633486,347.5161054078,350.82578260216,3803.0,8856386.688849904,2025418793.0
2016-06-07,353.3272465546889,344.868363652312,345.19933137174803,347.5161054078,4660.0,8944050.232350286,2025418793.0
2016-06-08,346.026750670338,338.9420305145443,339.903847860772,342.88255733569605,4023.0,10435115.541048553,2025418793.0
2016-06-09,342.0456723603301,338.24900926359203,338.24900926359203,338.910944702464,3755.0,8961299.108342567,2025418793.0
2016-06-10,337.85429716139265,326.163364881314,327.2608809783168,337.58707382472,6594.0,14733610.925747553,2025418793.0
2016-06-13,327.65804224164003,321.07865882439626,323.2892683450848,325.07649403003927,6259.0,9009377.04759633,2025418793.0
2016-06-14,323.75262315229526,313.8581518804142,314.2869463764256,320.4429459579352,6906.0,10639979.346641265,2025418793.0
2016-06-15,318.1923654657704,314.4855270080872,314.4855270080872,317.0008816758008,5661.0,9059376.896621484,2025418793.0
2016-06-16,311.2420433576144,305.2184308638792,308.6604951460136,311.10965626984,8710.0,13724011.945129702,2025418793.0
2016-06-17,320.8401072212584,309.2562370409984,316.6037204124776,313.49262384977925,6747.0,21281636.023805715,2025418793.0
2016-06-20,340.49073372152014,324.34836504728,335.60126750810406,326.7313326272192,5739.0,13411145.26497595,2120163798.0
2016-06-21,337.58707382472,331.96062259430806,333.615461191488,334.608364349796,4183.0,9390651.939573828,2120163798.0
2016-06-22,341.0291381068544,332.62255803318,337.256106105284,336.263202946976,5210.0,11198743.285393788,2120163798.0
2016-06-23,351.81868576046804,338.579976983028,349.50191172441606,341.227718738516,8600.0,21045941.64520308,2120163798.0
2016-06-24,340.5807152392741,231.6774036052,270.731594498648,231.6774036052,36674.0,63915617.13987216,2120163798.0
2016-06-27,278.01288432624,222.45098604145247,227.6395974280808,264.6417884610256,22007.0,63027376.26856613,2120163798.0
2016-06-28,243.923209224332,230.4197262713432,236.4433387650784,236.972887116176,16459.0,29303847.44293905,2120163798.0
2016-06-29,244.91611238264,223.13843644375123,237.8334031867096,238.6939192572432,18587.0,39643131.70139592,2120163798.0
2016-06-30,248.225789577,236.4433387650784,244.91611238264,238.627725713356,13706.0,28780367.83511132,2120467081.0
2016-07-01,254.18320852684803,241.8712093638288,252.2635957541192,247.6962412259024,11887.0,23741680.53118989,2120467081.0
2016-07-04,254.4479827023968,244.7175317509784,248.225789577,253.52127308797603,10467.0,16799244.219928075,2120467081.0
2016-07-05,255.3746923168176,246.1075961726096,250.542563613052,249.549660454744,13074.0,23783713.437667016,2120467081.0
2016-07-06,249.549660454744,228.9634683058248,233.994177641252,248.62295084032323,14739.0,36449882.39059608,2120467081.0
2016-07-07,243.592241504896,234.1927582729136,239.3558546961152,236.5095323089656,8779.0,15824188.28374816,2120467081.0
2016-07-08,249.3510798230824,234.5899195362368,248.225789577,234.656113080124,7216.0,18752171.77313916,2120467081.0
2016-07-11,259.2801114061624,249.12582319323425,258.28720824785444,251.4030796835856,8726.0,15558594.846926603,2120467081.0
2016-07-12,273.95191040876034,258.6181759672904,271.32733639363283,259.47869203782403,9408.0,18041305.20772629,2120467081.0
2016-07-13,279.01326735500726,244.8086140673672,270.1358526036632,270.731594498648,11445.0,20766896.34973021,2120467081.0
2016-07-14,284.08809005388724,270.400626779212,281.98449695947204,272.18785246416644,10811.0,18515345.083202235,2120467081.0
2016-07-15,285.294174153832,269.5401107086784,279.4029487478712,278.01288432624,13194.0,18445283.69683044,2120467081.0
2016-07-18,291.25159310368,279.998690642856,284.83081934662164,279.998690642856,11313.0,16989070.931001477,2120467081.0
2016-07-19,287.34617401433525,278.9110049490559,280.32965836229204,283.308367837216,8938.0,13499308.535211865,2120467081.0
2016-07-20,282.5140453105696,273.90888460523365,278.4762391334504,280.72681962561524,9381.0,14468191.109997252,2120467081.0
2016-07-21,276.5566263607216,265.9656593387696,268.48101400648324,275.1665619390904,16933.0,25923075.29719398,2120467081.0
2016-07-22,270.731594498648,264.0460465660408,268.6795946381448,267.62049793594963,7154.0,10689949.000697505,2120467081.0
2016-07-25,270.6654009547608,265.1713368121232,267.0247560409648,270.0034655158888,8750.0,12782911.76124234,2120467081.0
2016-07-26,267.5543043920624,261.19972417889124,264.6417884610256,266.2304335143184,7902.0,12118007.977510788,2120467081.0
2016-07-27,279.16041560306854,266.2966270582056,275.6299167463008,266.2966270582056,9795.0,16300885.316488566,2120467081.0
2016-07-28,281.1239808889384,268.34711241042464,270.93017513030964,280.660626081728,9417.0,18857384.63257252,2120467081.0
2016-07-29,280.1972712745176,263.450304671056,268.745788182032,266.759981865416,9622.0,24510147.01930364,2120467081.0
2016-08-01,274.1736587807824,258.93181090725955,265.1713368121232,269.9372719720016,10314.0,17243252.17932188,2120467081.0
2016-08-02,265.5049522733147,257.161918001772,259.6110791255984,263.64888530271764,7171.0,17232733.761900593,2120467081.0
2016-08-03,262.0602402494248,256.21309974369285,256.9633373701104,260.6701758277936,7140.0,10663543.500381969,2120467081.0
2016-08-04,262.1396063085456,255.28658341442025,258.28720824785444,258.15482116008,6171.0,10658956.884603888,2120467081.0
2016-08-05,262.6608142731134,255.507079404592,261.92785316165043,258.485788879516,7741.0,12870505.85631422,2120467081.0
2016-08-08,268.25132240919464,261.19972417889124,264.7079820049128,262.126433793312,6133.0,8696300.512408622,2120467081.0
2016-08-09,270.7051170810931,264.0460465660408,269.5401107086784,265.30372389989765,5722.0,16754797.225686256,2120467081.0
2016-08-10,271.1949493058584,264.8608381222635,266.42901414598003,269.3415300770168,4727.0,9389931.789565222,2120467081.0
2016-08-11,268.15004628704725,262.0078149626662,263.7150788466048,267.752885023724,4715.0,10676175.565627256,2120467081.0
2016-08-12,270.5992074108736,262.457401512748,269.80488488422725,263.3179175832816,5957.0,16073106.548986807,2120467081.0
2016-08-15,270.7876604303205,265.92704996849113,266.62759477764166,270.731594498648,4118.0,6299757.534399618,2120467081.0
2016-08-16,266.8923689531904,260.6039822839064,261.0011435472296,264.9065626365744,6373.0,10614983.951374022,2120467081.0
2016-08-17,261.66307898610165,254.9775310534944,254.9775310534944,261.66307898610165,6320.0,10339848.904375551,2120467081.0
2016-08-18,259.52427953149913,254.38178915850963,257.55907926509525,257.492885721208,5478.0,8963255.742328214,2120467081.0
2016-08-19,260.140627476696,253.4550795440888,254.7789504218328,257.55907926509525,5485.0,12208183.742424836,2120467081.0
2016-08-22,259.7917173352539,253.5874666318632,258.2210147039672,254.514176246284,5699.0,8750325.350790052,2120467081.0
2016-08-23,261.7292725299888,257.0295309139976,260.33920810835764,259.2139178622752,4698.0,11448481.344038457,2120467081.0
2016-08-24,268.68311017726063,257.55907926509525,265.8994657948824,259.2139178622752,6004.0,10033567.746942004,2120467081.0
2016-08-25,266.4952076898672,259.48319518461466,261.0011435472296,264.3770142854768,5008.0,7399797.995657964,2120467081.0
2016-08-26,262.6559821444096,259.2139178622752,259.47869203782403,260.6701758277936,3434.0,5220476.1142698405,2120467081.0
2016-08-29,259.47869203782403,259.47869203782403,259.47869203782403,259.47869203782403,0.0,0.0,2120467081.0
2016-08-30,263.2517240393944,257.98404181685106,260.00824038892165,258.15482116008,5308.0,9621574.003339564,2120467081.0
2016-08-31,260.471595196132,253.51787934498088,253.52127308797603,257.22811154565926,6556.0,15584349.64566204,2120467081.0
2016-09-01,261.133530635004,253.3379911081776,258.2210147039672,254.4479827023968,9353.0,18174235.538874514,2120467081.0
2016-09-02,261.5860853035938,255.57327294847923,260.00824038892165,259.4124984939368,7641.0,14465173.12285427,2120467081.0
2016-09-05,261.92785316165043,256.36759547512565,259.6772726694856,261.0673370911168,5265.0,11806148.299570326,2120467081.0
2016-09-06,266.1457057781428,259.54488558171124,264.0460465660408,259.87585330114723,6874.0,15273149.727792354,2120467081.0
2016-09-07,269.0105623575808,260.471595196132,268.745788182032,264.0460465660408,9930.0,24999738.813518893,2120467081.0
2016-09-08,280.991593801164,267.8190785676112,279.4029487478712,267.8190785676112,13744.0,29882019.19796124,2120467081.0
2016-09-09,285.1617870660576,276.7552069923832,278.8734003967736,278.74101330899924,8039.0,15254691.543295056,2120467081.0
2016-09-12,276.5201974057788,268.94436881369364,276.0932715535112,274.041271693008,7484.0,20196351.843855776,2120467081.0
2016-09-13,283.5069484688776,272.18566807721817,277.8143036945784,277.88049723846564,8830.0,25398720.03526772,2120467081.0
2016-09-14,279.6015293795328,272.4259751331399,274.3060458685568,279.07198102843523,8780.0,18429413.221169088,2120467081.0
2016-09-15,277.9466907823528,271.9230782886176,277.350948887368,272.9821749908128,4523.0,7714707.365458767,2120467081.0
2016-09-16,278.01288432624,273.1807556224744,277.2847553434808,277.41714243125523,5390.0,17142672.737868417,2120467081.0
2016-09-19,280.8592067133896,274.43782198992113,275.2327554829776,280.8592067133896,3843.0,17003381.8365184,2120467081.0
2016-09-20,276.35804572906,264.1888452363332,265.436110987672,274.5046265002184,7087.0,20829187.06085192,2120467081.0
2016-09-21,270.34535517006617,265.1713368121232,266.759981865416,267.28953021651364,4366.0,18150668.36563692,2120467081.0
2016-09-22,271.9348607394295,266.50145768428104,270.1358526036632,269.2753365331296,5048.0,12177022.5345053,2120467081.0
2016-09-23,272.18785246416644,266.8138687056237,268.6134010942576,269.6063042525656,3384.0,5922287.208505319,2120467081.0
2016-09-26,270.1902636967385,258.95046755760416,261.133530635004,267.1571431287392,8203.0,13716793.837810744,2120467081.0
2016-09-27,264.1784336538152,255.1099181412688,261.3321112666656,263.3179175832816,7014.0,13842454.730192857,2120467081.0
2016-09-28,266.1443819072651,261.3321112666656,264.112240109928,262.3912079688608,6047.0,10960278.518393263,2120467081.0
2016-09-29,267.22333667262643,257.55907926509525,261.133530635004,266.098046426544,6740.0,14666134.22871481,2120467081.0
2016-09-30,264.6417884610256,254.6465633340584,263.97985302215363,258.28720824785444,9355.0,23784170.89144607,2120467081.0
2016-10-03,265.30372389989765,260.31464368422104,262.7221756882968,264.7741755488,4754.0,10177045.180731986,2120467081.0
2016-10-04,264.9727561804616,259.66736084822395,260.6039822839064,263.97985302215363,7486.0,19696003.09196481,2120467081.0
2016-10-05,265.1713368121232,258.0224340723056,262.6559821444096,258.0224340723056,7422.0,13998497.800296515,2120467081.0
2016-10-06,260.9349500033424,251.259259646911,252.3959828418936,260.0744339328088,11545.0,22830111.026900697,2120467081.0
2016-10-07,254.8828742857357,187.50419589329576,241.4740481005056,250.93972487637524,18094.0,36555507.41135512,2120467081.0
2016-10-10,244.3865640315424,236.0461775017552,240.0839836788744,241.6726287321672,10204.0,15573871.991448784,2120467081.0
2016-10-11,250.1788962829357,236.5095323089656,248.9539185597592,239.620628871664,10971.0,20975807.79090588,2120467081.0
2016-10-12,254.38178915850963,249.1524991914208,251.1383055080368,250.4763700691648,9311.0,18722482.5699542,2120467081.0
2016-10-13,252.528369929668,186.4837774026648,245.909015540948,251.1383055080368,8158.0,19854772.767761435,2120467081.0
2016-10-14,253.7860472635248,245.83223103003888,251.1383055080368,246.57095097982003,6484.0,34276560.249531224,2120467081.0
2016-10-17,254.3155956146224,248.8215314719848,249.88062817418,250.873531332488,4956.0,11347631.657613209,2120467081.0
2016-10-18,259.2056919905764,239.8854030472128,255.97043421180243,241.60643518828,12957.0,33894612.00974694,2120467081.0
2016-10-19,262.1926273371992,241.582135538319,260.2068210205832,261.46449835444,10908.0,18105229.466666263,2120467081.0
2016-10-20,268.94436881369364,262.8545627760712,265.3699174437848,264.5755949171384,11498.0,50708876.71696142,2120467081.0
2016-10-21,265.767078707108,262.32501442497363,264.5755949171384,264.112240109928,7503.0,13991546.918452447,2120467081.0
2016-10-24,271.4597234814072,265.0389497243488,267.9514656553856,266.0318528826568,5597.0,12679186.00402801,2120467081.0
2016-10-25,268.6795946381448,261.3321112666656,265.9656593387696,268.08385274316004,5916.0,12809456.158414884,2120467081.0
2016-10-26,281.00518465959493,264.3108207415896,279.8001100111944,264.7079820049128,12056.0,25421856.93019829,2120467081.0
2016-10-27,278.2114649579016,269.076755901468,273.710303973572,277.350948887368,12733.0,24935526.192625783,2120467081.0
2016-10-28,294.1641090347168,270.53063089940645,289.927722225936,273.97507814912075,16948.0,30342060.685848523,2120467081.0
2016-10-31,295.885141175784,286.618045031576,287.5447546459968,291.25159310368,10611.0,16818701.857896436,2120467081.0
2016-11-01,294.4950767541528,273.8665869306897,293.3035929641832,290.12630285759764,9256.0,20392519.498401176,2120467081.0
2016-11-02,292.8003234500088,289.4643674187256,292.1783027181008,291.05301247201845,9061.0,14985930.65423439,2120467081.0
2016-11-03,304.1057306298441,289.5967545065,298.4004958434976,290.98681892813124,12390.0,21076104.9094,2120467081.0
2016-11-04,299.3801602930281,282.84501303000565,287.7433352776584,293.899334859168,12548.0,23488202.82564519,2120467081.0
2016-11-07,294.9584315613632,287.94191590932,294.7598509297016,291.91352854255206,8219.0,22803294.875007927,2120467081.0
2016-11-08,298.6652700190464,289.0010126115152,291.7811414547776,295.7527540880096,8895.0,22432550.478439283,2120467081.0
2016-11-09,294.65178599769314,276.4242392729472,292.37688334976235,279.66772292342,15646.0,24772444.675268207,2120467081.0
2016-11-10,300.6510763356624,286.28707731214,287.5447546459968,295.223205736912,11931.0,19575579.516940888,2120467081.0
2016-11-11,293.83314131528084,285.294174153832,291.6487543670032,290.0601093137104,9607.0,21581392.048456885,2120467081.0
2016-11-14,296.0837218074456,290.58965766480804,291.7149479108904,294.0979154908296,8667.0,28292853.454757366,2120467081.0
2016-11-15,301.11443114287283,291.91352854255206,300.38630216011364,295.885141175784,10717.0,21209936.56037031,2120467081.0
2016-11-16,301.51159240619603,292.0459156303264,294.0317219469424,299.9891408967904,8982.0,16735940.467599288,2120467081.0
2016-11-17,297.0766249657536,292.8402381569728,295.885141175784,293.63456068361927,6779.0,11598440.127905888,2120467081.0
2016-11-18,299.19481837014405,293.13810910446523,295.223205736912,297.1428185096408,6786.0,18806059.224412028,2120467081.0
2016-11-21,296.9442378779792,291.1192060159056,293.4359800519576,296.878044334092,4204.0,6514165.969666135,2120467081.0
2016-11-22,301.5777859500832,294.24446799699587,300.3201086162264,295.885141175784,10903.0,25116015.109562445,2120467081.0
2016-11-23,306.67468882939767,297.6061733168512,298.26810875572323,300.05533444067765,10153.0,65173833.94578795,2120467081.0
2016-11-24,301.3792053184216,290.3910770331464,291.582560823116,299.19481837014405,5517.0,11440845.036400037,2120467081.0
2016-11-25,295.395706112282,289.72914159427444,291.31778664756723,290.7220447525824,5271.0,13409520.77564836,2120467081.0
2016-11-28,292.97262524474723,285.4927547854936,289.1995932431768,291.51636727922875,4543.0,12465503.75776388,2120467081.0
2016-11-29,296.0190672634538,287.4123675582224,294.23030257860404,290.3910770331464,6254.0,17857718.286979023,2120467081.0
2016-11-30,296.7456572463176,285.8237225049296,286.94901275101205,295.42178636857363,8845.0,24646181.39325625,2120467081.0
2016-12-01,288.0743029970944,277.08617471181924,279.6015293795328,285.294174153832,7945.0,15284741.576358547,2120467081.0
2016-12-02,279.998690642856,275.2327554829776,275.365142570752,276.4242392729472,5517.0,10069452.95774818,2120467081.0
2016-12-05,280.9254002572768,268.745788182032,274.041271693008,274.041271693008,7863.0,30042439.02880902,2120467081.0
2016-12-06,276.6228199046088,271.9230782886176,274.6370135879928,272.65120727137685,7804.0,14709895.797162276,2120467081.0
2016-12-07,288.1404965409816,274.55758133532817,287.7433352776584,276.35804572906,8979.0,40260898.119155385,2120467081.0
2016-12-08,301.0652162429927,287.80952882154565,296.878044334092,287.80952882154565,10829.0,33291619.99027722,2120467081.0
2016-12-09,298.5990764751592,290.6558512086952,292.1783027181008,296.0837218074456,6858.0,10582999.930551572,2120467081.0
2016-12-12,290.5234641209208,284.8970128905088,286.28707731214,290.3248834892592,7636.0,22470248.89712876,2120467081.0
2016-12-13,297.539979772964,285.8237225049296,295.55417345634805,285.8237225049296,7598.0,15269846.398193132,2120467081.0
2016-12-14,298.863850650708,286.6842385754632,287.21378692656083,294.8260444735888,7657.0,13501401.046557622,2120467081.0
2016-12-15,299.3272054579184,287.0813998387864,298.33430229961044,288.0081094532072,9451.0,15375024.533412242,2120467081.0
2016-12-16,304.9536566883304,292.7078510691984,304.3579147933456,298.4666893873848,8283.0,13815253.592446426,2120467081.0
2016-12-19,305.483205039428,299.2927470847771,300.9820440550984,305.483205039428,5211.0,10944299.340843828,2120467081.0
2016-12-20,303.2988180911504,297.9371410362872,299.4595925456928,300.9820440550984,4607.0,9996915.583925406,2120467081.0
2016-12-21,301.18062468676,296.21610889522,298.1357216679488,298.4004958434976,3095.0,16350879.12651994,2120467081.0
2016-12-22,299.6581731773544,295.885141175784,298.4666893873848,297.0766249657536,2995.0,5424720.9229998095,2120467081.0
2016-12-23,302.6368826522784,295.9116185933389,302.6368826522784,298.532882931272,1982.0,3839457.879528113,2120467081.0
2016-12-27,302.6368826522784,302.6368826522784,302.6368826522784,302.6368826522784,0.0,0.0,2120467081.0
2016-12-28,298.5841167342407,293.4359800519576,294.2964961224912,296.878044334092,4725.0,8187158.985569824,2120467081.0
2016-12-29,296.878044334092,290.6558512086952,293.4359800519576,292.6416575253112,3124.0,4222864.53631096,2120467081.0
2016-12-30,293.899334859168,289.7953351381616,291.8473349986648,292.5092704375368,2702.0,5034588.336891308,2120467081.0
2017-01-02,291.8473349986648,291.8473349986648,291.8473349986648,291.8473349986648,0.0,0.0,2120467081.0
2017-01-03,299.1445039954999,294.0317219469424,294.62746384192724,295.4879799124608,5657.0,9509487.259232866,2120467081.0
2017-01-04,297.6061733168512,293.237399420296,297.27520559741527,295.2893992807992,6513.0,11444157.424489932,2120467081.0
2017-01-05,309.785785392096,295.1570121930248,309.785785392096,295.2893992807992,9095.0,35297209.07902325,2120467081.0
2017-01-06,314.8826882714104,306.5423017416232,308.8590757776752,308.8590757776752,7374.0,14283583.599300684,2120467081.0
2017-01-09,314.4193334642,302.6277896451546,309.2562370409984,310.447720830968,7316.0,14109243.887783416,2120467081.0
2017-01-10,317.13326876357524,305.814172758864,316.9346881319136,308.8590757776752,8029.0,22138247.66517403,2120467081.0
2017-01-11,324.1497844156184,315.47843016639524,318.45713964131926,316.6699139563648,10515.0,19692355.539719973,2120467081.0
2017-01-12,321.9653974673408,315.1828720213262,317.1994623074624,319.1190750801912,6748.0,15469166.407493183,2120467081.0
2017-01-13,325.07649403003927,317.6628171146728,323.4878489767464,317.6628171146728,6529.0,15585693.321778726,2120467081.0
2017-01-16,324.4807521350544,316.4196527153133,318.9866879924168,323.024494169536,6985.0,9943767.909390938,2120467081.0
2017-01-17,331.2352174758798,316.71545511455923,325.341268205588,317.72901065856,9331.0,16811498.848061934,2120467081.0
2017-01-18,326.8637197149936,319.51623634351444,324.2159779595056,325.5398488372496,6545.0,10726672.12189105,2120467081.0
2017-01-19,326.7313326272192,319.91339760683763,324.6131392228288,324.1497844156184,6793.0,12163996.42491568,2120467081.0
2017-01-20,328.2537841366248,323.2230748011976,326.5989455394448,325.07649403003927,7197.0,14577407.822308648,2120467081.0
2017-01-23,327.85662287330166,323.024494169536,325.07649403003927,324.0835908717312,6497.0,21527620.847814336,2120467081.0
2017-01-24,324.9441069422648,313.426430305892,323.6202360645208,322.89210708176165,10605.0,19074809.545233574,2120467081.0
2017-01-25,331.64267249721286,322.1656329375996,328.8495260316096,324.1497844156184,8623.0,14218611.574939383,2120467081.0
2017-01-26,329.643848558256,324.81171985449043,325.1426875739264,329.5114614704816,5496.0,8415938.716291092,2120467081.0
2017-01-27,336.925138385848,325.21788343978227,329.5776550143688,329.643848558256,10181.0,18099998.188301865,2120467081.0
2017-01-30,330.7029452604512,320.9063007651456,321.3034620284688,328.45236476828643,9142.0,32179290.176670764,2120467081.0
2017-01-31,324.2821715033928,313.9909361294518,315.5446237102824,320.045784694612,7612.0,26586262.49694276,2120467081.0
2017-02-01,325.38899375073066,317.0008816758008,322.09778455511525,319.1852686240784,6668.0,10257064.86785172,2120467081.0
2017-02-02,322.2963651867768,315.8451225414671,319.9795911507248,321.700623291792,7065.0,9896754.342791405,2120467081.0
2017-02-03,323.024494169536,318.5895267290936,320.8401072212584,321.369655572356,4847.0,14845613.12394129,2120467081.0
2017-02-06,322.4949458184384,313.95597865698966,313.95597865698966,319.4500427996272,5649.0,10824777.08564199,2120467081.0
2017-02-07,316.8684945880264,312.7368259656752,312.8306884109072,315.01507535918483,5339.0,9732439.360953676,2120467081.0
2017-02-08,321.1710749406944,312.7909722845749,317.92759129022164,312.8968819547944,7840.0,18616107.20421763,2120467081.0
2017-02-09,325.2750746617008,316.1403656052672,323.8188166961824,319.1190750801912,7406.0,26900333.95635619,2120467081.0
2017-02-10,326.07204493010266,320.9063007651456,322.362558730664,324.679332766716,5817.0,9982575.993188014,2120467081.0
2017-02-13,328.650945399948,322.1639780990024,327.1946874344296,323.686429608408,4327.0,7961733.915894933,2120467081.0
2017-02-14,332.95352575261603,325.67223592502404,332.95352575261603,325.67223592502404,5284.0,12959837.671847116,2120467081.0
2017-02-15,334.608364349796,330.7691388043384,333.284493472052,334.27739663036004,4052.0,12077314.217905013,2120467081.0
2017-02-16,344.868363652312,333.284493472052,335.270299788668,339.572880141336,5896.0,19135759.59973549,2120467081.0
2017-02-17,341.42644896758674,331.37150005371194,339.572880141336,335.93223522754,3338.0,9997291.51128839,2120467081.0
2017-02-20,343.21352505513204,337.58707382472,337.91804154415604,341.889654177388,2942.0,7542375.619374299,2120467081.0
2017-02-21,340.91258054316523,336.594170666412,337.91804154415604,339.24191242190005,2819.0,8465870.62663619,2120467081.0
2017-02-22,341.8940467809603,333.615461191488,335.270299788668,337.91804154415604,3905.0,13507141.110148229,2120467081.0
2017-02-23,336.594170666412,329.37907438270724,333.946428910924,335.93223522754,7920.0,30281649.61154173,2120467081.0
2017-02-24,349.832879443852,332.5359768777756,348.839976285544,342.220621896824,9421.0,24356185.892306626,2120467081.0
2017-02-27,357.44513699088,339.903847860772,346.85416996892803,352.811588918776,5449.0,18425901.54628436,2120467081.0
2017-02-28,357.114169271444,348.839976285544,355.45933067426404,350.82578260216,4758.0,11988122.808977569,2120475065.0
2017-03-01,368.367071732268,355.45933067426404,364.0644913796,358.107072429752,7847.0,23925205.552250884,2120475065.0
2017-03-02,365.6818644309399,356.008701344014,359.761911026932,360.75481418524,4909.0,14657884.963207431,2120475065.0
2017-03-03,362.078685062984,356.78320155200805,359.761911026932,359.09997558806003,6214.0,16258509.697114266,2120475065.0
2017-03-06,367.4701492125964,359.09997558806003,363.071588221292,359.761911026932,6773.0,17873318.517668586,2119903087.0
2017-03-07,365.057394537908,359.09997558806003,360.092878746368,365.057394537908,6243.0,19566445.53884432,2119358768.0
2017-03-08,366.5202718578152,356.78320155200805,362.740620501856,359.430943307496,6253.0,14033173.702597672,2118876259.0
2017-03-09,380.281909631964,365.388362257344,377.9651355959121,365.388362257344,8583.0,24074916.73737321,2118552166.0
2017-03-10,379.619974193092,371.42633146881286,374.986426120988,377.9651355959121,8574.0,15281657.160283951,2118189706.0
2017-03-13,376.310296998732,372.3386843655,373.99352296268,376.310296998732,3753.0,10815425.70376924,2117823700.0
2017-03-14,375.64836155986,367.04320085452406,368.036104012832,374.655458401552,5443.0,15113274.916133476,2117428974.0
2017-03-15,374.0703352748776,366.712233135088,371.676748926628,368.367071732268,3600.0,9461078.685069494,2117006174.0
2017-03-16,378.9174541685919,372.669652084936,377.9651355959121,373.99352296268,4883.0,10490325.531959863,2116643337.0
2017-03-17,381.8275288817301,374.3244906821161,376.310296998732,378.627071034784,7258.0,17707714.21065822,2116278198.0
2017-03-20,377.9651355959121,373.662555243244,373.99352296268,374.986426120988,4367.0,8436066.682569351,2116542490.0
2017-03-21,376.641264718168,369.91163188533193,371.014813487756,374.986426120988,4598.0,15002444.28273361,2116163424.0
2017-03-22,369.359974890576,359.8760856230413,360.75481418524,369.359974890576,7566.0,22638326.172093205,2115601718.0
2017-03-23,364.4909148228695,360.6455948378261,361.747717343548,362.40965278242,7010.0,17505860.843466263,2115040911.0
2017-03-24,363.733523660164,359.99813063151873,363.733523660164,362.078685062984,5000.0,25201495.556810323,2114483411.0
2017-03-27,355.128362954828,347.5161054078,353.14255663821206,354.13545979652,8628.0,17811873.265676472,2113901801.0
2017-03-28,356.452233832572,350.49481488272403,354.13545979652,354.797395235392,4320.0,11538563.504548872,2113323490.0
2017-03-29,356.78320155200805,348.839976285544,351.156750321596,356.78320155200805,4754.0,12366239.307206633,2112740004.0
2017-03-30,352.811588918776,346.52320224949204,348.17804084667205,351.487718041032,5481.0,25240560.297843173,2112156269.0
2017-03-31,352.690042347684,346.52320224949204,350.163847163288,346.52320224949204,4887.0,13541798.895468038,2111578185.0
2017-04-03,351.82530511485675,347.185137688364,348.839976285544,350.82578260216,5130.0,12945839.284258457,2111003951.0
2017-04-04,350.8324019565487,346.55573770018344,346.85416996892803,346.85416996892803,5511.0,16352633.45421386,2110425468.0
2017-04-05,349.832879443852,346.192234530056,346.52320224949204,348.17804084667205,5655.0,22853888.05517225,2109841967.0
2017-04-06,349.1836710376632,341.55868645795204,347.847073127236,344.53739593287605,5554.0,13845006.205066113,2109260622.0
2017-04-07,349.2879741905726,344.868363652312,346.52320224949204,345.530299091184,5259.0,13616150.986922558,2108681717.0
2017-04-10,354.466427515956,344.20642821344,349.832879443852,345.530299091184,5230.0,39894993.9761037,2108107000.0
2017-04-11,366.050297696216,348.0787505308412,356.78320155200805,348.509008566108,8152.0,24839703.968524765,2107790118.0
2017-04-12,364.0310636399369,354.13545979652,354.13545979652,357.776104710316,5544.0,22220781.08345588,2107325109.0
2017-04-13,359.52450986758686,350.163847163288,357.44513699088,352.811588918776,6714.0,17784083.326036215,2106730336.0
2017-04-17,357.44513699088,357.44513699088,357.44513699088,357.44513699088,0.0,0.0,2106730336.0
2017-04-18,359.0734981705052,349.48304656440814,349.832879443852,358.769007868624,5896.0,15135717.326779012,2106212490.0
2017-04-19,360.5101939579986,347.5161054078,359.09997558806003,347.847073127236,4482.0,13408539.439158646,2105768566.0
2017-04-20,361.747717343548,350.6299159057978,361.085781904676,359.09997558806003,5045.0,12453300.461077176,2107251262.0
2017-04-21,361.416749624112,356.78320155200805,358.769007868624,359.761911026932,4152.0,10653983.773223706,2106821839.0
2017-04-24,376.972232437604,364.0644913796,376.641264718168,367.04320085452406,6600.0,14988987.894836962,2106533416.0
2017-04-25,376.641264718168,371.2200134738063,372.007716646064,376.310296998732,3784.0,9248928.833477763,2106176111.0
2017-04-26,375.1849485023309,369.02900717114,372.669652084936,373.331587523808,3682.0,20366018.88393356,2105839305.0
2017-04-27,372.669652084936,361.747717343548,363.071588221292,370.68384576832005,7811.0,20280597.316875063,2105499961.0
2017-04-28,371.676748926628,359.761911026932,370.68384576832005,363.071588221292,4367.0,11219457.034068985,2105155680.0
2017-05-01,370.68384576832005,370.68384576832005,370.68384576832005,370.68384576832005,0.0,0.0,2105155680.0
2017-05-02,373.331587523808,363.402555940728,370.352878048884,373.000619804372,5206.0,11482618.266144495,2104823600.0
2017-05-03,371.014813487756,366.050297696216,367.705136293396,370.021910329448,4510.0,11366574.47136158,2104489847.0
2017-05-04,380.281909631964,369.359974890576,378.627071034784,372.3386843655,8338.0,19644366.67562451,2104159725.0
2017-05-05,404.1115854313561,388.8870703373,399.478037359252,390.54190893448,12872.0,36040227.247336045,2104158845.0
2017-05-08,403.68156370704094,396.168360164892,401.794811395304,400.47094051756005,4555.0,10971963.971363092,2104158845.0
2017-05-09,404.84753451939,397.823198762072,403.449649992484,402.787714553612,5453.0,14364794.477944084,2104158845.0
2017-05-10,406.8850949202297,400.0605405454594,402.787714553612,403.118682273048,7808.0,19073610.804967675,2103862633.0
2017-05-11,403.118682273048,394.5976972497316,395.837392445456,402.787714553612,5846.0,15478128.27426694,2103554124.0
2017-05-12,403.449649992484,395.0363823850707,396.499327884328,399.809005078688,5582.0,14652887.695852118,2103242900.0
2017-05-15,399.8870340282222,392.7817660725351,397.1612633232,397.823198762072,5570.0,15797692.19852588,2102943037.0
2017-05-16,397.492231042636,389.54900577617207,394.844489287148,395.175457006584,7284.0,13514712.498603482,2102627063.0
2017-05-17,396.499327884328,390.210941215044,391.8657798122241,393.18965068996806,4738.0,10878022.89382543,2102305305.0
2017-05-18,394.19371209396905,381.274812790272,390.872876653916,393.18965068996806,7748.0,14314642.144325912,2101980078.0
2017-05-19,397.28703105658576,391.4360321291806,394.513521567712,393.85158612884,5409.0,10351256.563631369,2132988743.0
2017-05-22,396.168360164892,393.18965068996806,395.837392445456,393.85158612884,4472.0,7417682.475745891,2101339467.0
2017-05-23,400.2657405315097,393.5272377637928,397.823198762072,394.513521567712,5051.0,11564461.72938665,2101023224.0
2017-05-24,403.9063854453058,397.1612633232,401.794811395304,397.823198762072,5101.0,9516560.430701036,2100709731.0
2017-05-25,408.414165784024,402.787714553612,407.752230345152,404.442553150792,4672.0,9198163.541990634,2100397448.0
2017-05-26,409.738036661768,401.81692864412304,406.428359467408,408.74513350346,4817.0,10979843.348501272,2100084204.0
2017-05-29,406.428359467408,406.428359467408,406.428359467408,406.428359467408,0.0,0.0,2100084204.0
2017-05-30,404.2538439623303,388.1317358080032,400.801908236996,390.54190893448,9981.0,29855080.75644436,2099763218.0
2017-05-31,407.09029490628,398.58909116161885,399.809005078688,402.12577911474,6100.0,22488074.497027304,2099445539.0
2017-06-01,406.097391747972,397.823198762072,398.485134200944,401.132875956432,5491.0,15382772.562435647,2099129432.0
2017-06-02,406.428359467408,399.8303160901425,402.12577911474,402.456746834176,5225.0,11810186.87666261,2098812374.0
2017-06-05,399.9546308752399,391.8657798122241,391.8657798122241,399.809005078688,5372.0,11943823.77008343,2098489000.0
2017-06-06,393.85158612884,386.6306025913418,388.8870703373,392.527715251096,8725.0,24867217.624199457,2098163519.0
2017-06-07,392.858682970532,386.570296301248,390.872876653916,388.556102617864,7605.0,27210443.83584807,2097835325.0
2017-06-08,394.844489287148,389.54900577617207,392.858682970532,392.858682970532,5980.0,18666881.55419544,2097509215.0
2017-06-09,391.8657798122241,378.1804109012774,387.23223174012,391.8657798122241,9670.0,19985390.164290827,2097176756.0
2017-06-12,390.872876653916,385.8730532260665,389.54900577617207,386.901264020684,4384.0,11185365.404416315,2096843903.0
2017-06-13,401.0744767023376,391.4361837123961,398.485134200944,391.8657798122241,4956.0,14414004.728532132,2096518812.0
2017-06-14,402.2349984621538,396.499327884328,400.139972798124,400.801908236996,4785.0,16477080.508845616,2096193981.0
2017-06-15,397.492231042636,381.936748229144,386.570296301248,396.168360164892,7808.0,40897352.20317591,2095857806.0
2017-06-16,390.872876653916,387.23223174012,389.54900577617207,390.54190893448,5211.0,12773474.323708184,2095529778.0
2017-06-19,395.837392445456,391.6274830542301,394.513521567712,392.527715251096,3814.0,9554311.690586114,2095201564.0
2017-06-20,398.81610192038,388.9666879318875,391.203844373352,396.168360164892,3508.0,22214027.9786582,2094877184.0
2017-06-21,401.08719579179547,389.879973495608,398.81610192038,391.534812092788,5035.0,25716282.03308765,2094548672.0
2017-06-22,399.809005078688,394.182553848276,394.513521567712,399.147069639816,4136.0,8013009.502356717,2094223759.0
2017-06-23,397.7588255406417,389.54900577617207,396.168360164892,394.182553848276,3306.0,23614846.564265464,2093898645.0
2017-06-26,408.083198064588,393.78725262353606,404.442553150792,397.823198762072,6038.0,12743650.752911547,2093581292.0
2017-06-27,408.579649643742,399.05441853643714,401.463843675868,405.4354563091,5710.0,9792139.343742546,2093260375.0
2017-06-28,420.2112453691447,399.809005078688,417.01932648936,401.463843675868,10597.0,20544007.65744412,2092755074.0
2017-06-29,414.5822125905211,401.4296216136784,402.12577911474,411.392875258948,7314.0,13865122.093356805,2092385906.0
2017-06-30,411.723842978384,400.139972798124,403.78061771192,402.787714553612,6290.0,22537000.91490756,2092069047.0
2017-07-03,409.738036661768,401.463843675868,401.794811395304,407.421262625716,4538.0,8693726.39130868,2091752353.0
2017-07-04,407.09029490628,400.139972798124,405.104488589664,401.463843675868,4037.0,26943730.1656798,2091436765.0
2017-07-05,407.421262625716,401.794811395304,403.118682273048,406.428359467408,6256.0,27952187.776472684,2091123469.0
2017-07-06,407.752230345152,399.2728373732017,407.421262625716,403.118682273048,5019.0,11447729.48931249,2090805759.0
2017-07-07,416.026423331052,406.759327186844,415.695455611616,409.076101222896,4819.0,12737432.099063652,2090495994.0
2017-07-10,421.9838422809,416.357391050488,419.336100525412,417.681261928232,5227.0,12387445.233875131,2090188883.0
2017-07-11,421.0438939577018,410.3568139100256,413.047713856128,419.998035964284,4478.0,9431957.147300117,2089879287.0
2017-07-12,416.026423331052,409.076101222896,412.05481069782,415.36448789218,5581.0,16873199.247541375,2089563511.0
2017-07-13,416.5248408584594,410.8567075534617,413.047713856128,412.716746136692,4419.0,26169306.21019925,2089252633.0
2017-07-14,417.736705640592,413.047713856128,414.702552453308,414.040617014436,5667.0,9854123.575929778,2088944700.0
2017-07-17,415.37097485948095,410.069004381204,412.716746136692,415.36448789218,4399.0,9025842.364145286,2088636631.0
2017-07-18,413.63401655175454,401.7782630093322,411.061907539512,412.716746136692,8386.0,21440390.60211788,2088320736.0
2017-07-19,413.709649295,401.132875956432,409.738036661768,412.385778417256,6059.0,14206675.503727568,2088002044.0
2017-07-20,413.047713856128,388.47479046855295,393.85158612884,412.385778417256,10201.0,23813343.7606626,2087568192.0
2017-07-21,402.12577911474,383.92255454576,390.54190893448,394.513521567712,9225.0,21845587.45821771,2087069562.0
2017-07-24,393.7846115011349,376.641264718168,387.563199459556,387.894167178992,8140.0,24087120.034059923,2086387855.0
2017-07-25,392.19674753166,383.591586826324,387.563199459556,387.563199459556,5795.0,10931412.128111212,2085842350.0
2017-07-26,393.4019267658599,384.584489984632,391.534812092788,388.22513489842805,5032.0,9419337.160042394,2085294141.0
2017-07-27,396.6250956177137,390.210941215044,393.18965068996806,392.858682970532,6232.0,13886986.270347634,2084789232.0
2017-07-28,406.4791299155695,385.57739314294,392.858682970532,399.147069639816,9266.0,20099933.2691187,2084292317.0
2017-07-31,392.858682970532,382.598683668016,382.598683668016,392.858682970532,5402.0,16613075.62933864,2083714523.0
2017-08-01,398.485134200944,383.260619106888,395.50642472602,384.253522265196,8178.0,17873264.16672454,2083238753.0
2017-08-02,403.449649992484,392.527715251096,394.844489287148,397.1612633232,8015.0,16292571.13179802,2082840424.0
2017-08-03,402.787714553612,392.19674753166,402.12577911474,395.837392445456,5307.0,13685172.156615265,2082455106.0
2017-08-04,410.5045314225642,400.2657405315097,408.74513350346,402.12577911474,5696.0,15554281.4956172,2082149696.0
2017-08-07,412.05481069782,406.6405892078191,411.392875258948,410.39997210064,4055.0,11333954.846443484,2081848075.0
2017-08-08,414.040617014436,408.083198064588,413.709649295,412.385778417256,3834.0,9713757.733686414,2081848075.0
2017-08-09,413.378681575564,402.9134822869977,406.428359467408,409.738036661768,5286.0,16536007.500430278,2081244986.0
2017-08-10,408.083198064588,402.787714553612,404.773520870228,406.097391747972,4200.0,26093000.50425598,2080939570.0
2017-08-11,445.1251052238652,395.837392445456,399.478037359252,403.78061771192,4829.0,23239239.26795317,2080363583.0
2017-08-14,406.91504749883865,400.47094051756005,405.7664240285361,400.47094051756005,5019.0,11445316.91129624,2080053509.0
2017-08-15,417.681261928232,406.428359467408,417.681261928232,406.759327186844,5745.0,13878130.085965076,2079756967.0
2017-08-16,422.645777719772,414.702552453308,417.350294208796,419.005132805976,4170.0,7873765.403208517,2079463786.0
2017-08-17,419.005132805976,410.39997210064,413.047713856128,417.01932648936,3746.0,8084662.163590303,2079172142.0
2017-08-18,407.8779980785377,398.154166481508,404.773520870228,404.442553150792,5480.0,14721194.75453,2078775096.0
2017-08-21,410.5389785428032,402.787714553612,408.083198064588,403.449649992484,3874.0,8124083.20525634,2078470137.0
2017-08-22,411.061907539512,403.449649992484,406.759327186844,408.414165784024,4038.0,9042411.853336995,2078017690.0
2017-08-23,410.73093982007606,401.7911045568464,405.104488589664,407.752230345152,5943.0,11608484.484315224,2077431868.0
2017-08-24,410.39997210064,403.6548499785343,409.076101222896,405.7664240285361,4072.0,9462920.578173265,2076946558.0
2017-08-25,413.047713856128,406.759327186844,408.083198064588,408.414165784024,3562.0,8836100.198984845,2076605130.0
2017-08-28,408.083198064588,408.083198064588,408.083198064588,408.083198064588,0.0,0.0,2076605130.0
2017-08-29,407.421262625716,398.1725616673543,403.449649992484,407.09029490628,4403.0,19287089.235191632,2076007459.0
2017-08-30,406.097391747972,397.492231042636,397.823198762072,404.773520870228,4344.0,13481244.395058896,2075337998.0
2017-08-31,406.003648451119,397.783436300259,404.773520870228,399.478037359252,4127.0,11601038.40498096,2074672658.0
2017-09-01,411.8464731377894,402.5848975351416,408.414165784024,405.4354563091,4036.0,8558708.078060033,2074335780.0
2017-09-04,408.3346011442716,397.6745876366909,399.478037359252,405.7664240285361,3020.0,9870567.756000496,2073866389.0
2017-09-05,403.78061771192,393.18965068996806,393.85158612884,400.801908236996,5275.0,11511327.642588193,2073274654.0
2017-09-06,395.175457006584,388.556102617864,390.210941215044,391.8657798122241,8099.0,17298629.75231067,2072569833.0
2017-09-07,394.844489287148,389.1028480516635,390.872876653916,393.18965068996806,6127.0,16806702.377249904,2071859700.0
2017-09-08,395.878942132954,387.563199459556,392.858682970532,390.872876653916,4254.0,9757033.16313436,2071191188.0
2017-09-11,403.6970616014712,393.18965068996806,402.12577911474,394.182553848276,4316.0,20295267.542522065,2070526500.0
2017-09-12,400.4768383623204,392.527715251096,396.168360164892,393.18965068996806,5316.0,13569010.601453586,2069848059.0
2017-09-13,400.5371340614472,394.844489287148,397.823198762072,395.50642472602,4280.0,12325565.174330654,2069435887.0
2017-09-14,400.5001980639582,393.18965068996806,394.182553848276,397.823198762072,4068.0,12608005.894057931,2069061196.0
2017-09-15,394.844489287148,389.879973495608,391.534812092788,392.858682970532,4100.0,14129556.043372054,2068788614.0
2017-09-18,394.844489287148,389.6093147140076,391.203844373352,392.858682970532,3205.0,9322080.674917946,2068555147.0
2017-09-19,402.1919726586272,390.872876653916,401.463843675868,390.872876653916,5010.0,13060978.739722388,2068317977.0
2017-09-20,402.12577911474,394.017069988558,394.844489287148,401.132875956432,3605.0,10441423.270054745,2068088169.0
2017-09-21,396.0739681713089,387.894167178992,387.894167178992,393.520618409404,4385.0,14603869.183316676,2067451273.0
2017-09-22,395.175457006584,387.4571176861224,389.218038056736,387.894167178992,4418.0,10089087.23628469,2066878040.0
2017-09-25,393.7686588570581,387.23223174012,388.556102617864,387.23223174012,5312.0,14506760.653539907,2065536613.0
2017-09-26,389.8908557142231,384.005296475619,386.570296301248,387.563199459556,5421.0,15977408.124258336,2063212750.0
2017-09-27,396.8317518617296,384.584489984632,396.499327884328,386.239328581812,6743.0,16987736.313375466,2062262916.0
2017-09-28,397.1612633232,386.239328581812,393.520618409404,396.499327884328,4644.0,10379396.764911031,2062061526.0
2017-09-29,396.83029560376406,390.6342025927219,392.858682970532,394.513521567712,3772.0,8485100.29258925,2061923715.0
2017-10-02,402.456746834176,390.54190893448,402.12577911474,392.527715251096,5874.0,13881902.947330916,2061788449.0
2017-10-03,412.5629123406982,401.463843675868,412.05481069782,401.794811395304,5281.0,16493858.343322836,2061653876.0
2017-10-04,413.378681575564,407.25829412066565,407.421262625716,410.069004381204,7226.0,15963088.160250738,2061519969.0
2017-10-05,409.076101222896,399.7179227622992,408.74513350346,408.74513350346,4965.0,13702988.698023137,2061384429.0
2017-10-06,409.4070689423321,403.0694276570416,406.759327186844,409.076101222896,4041.0,9494783.81912006,2061258060.0
2017-10-09,408.083198064588,401.794811395304,403.449649992484,405.4354563091,3661.0,9443016.054664971,2061130396.0
2017-10-10,403.449649992484,397.823198762072,402.456746834176,402.456746834176,5166.0,13650949.17884782,2061000641.0
2017-10-11,413.875133154718,403.78061771192,412.716746136692,403.78061771192,5412.0,15001490.12171592,2060873752.0
2017-10-12,417.4605726529121,411.2238169478601,414.702552453308,411.392875258948,3936.0,22996353.9575036,2060748356.0
2017-10-13,416.81080358740655,409.4070689423321,411.392875258948,413.378681575564,3539.0,8471254.389593605,2060621585.0
2017-10-16,412.4407190586824,408.083198064588,409.738036661768,411.392875258948,3141.0,6778621.056159623,2060496997.0
2017-10-17,422.7371248103364,404.773520870228,420.659971403156,408.414165784024,5514.0,18008436.47431465,2060370382.0
2017-10-18,434.229647900032,417.350294208796,431.91287386398005,421.6528745614641,9382.0,26587011.332171835,2060225313.0
2017-10-19,433.56771246116,425.3308923501387,430.919970705672,432.243841583416,4896.0,10237998.254730796,2060080439.0
2017-10-20,439.194163691572,428.934164389056,435.22255105834,428.934164389056,5491.0,11852761.782831743,2059936708.0
2017-10-23,436.5521212002127,432.243841583416,434.891583338904,435.5535187777761,3168.0,24690800.49882089,2059793858.0
2017-10-24,438.201260533264,431.91287386398005,436.87738965552,433.898680180596,5627.0,10777230.57784112,2059650006.0
2017-10-25,449.9664944044205,430.47865834857606,441.84190544706,434.891583338904,8342.0,22370548.1292707,2059507292.0
2017-10-26,445.15158264142,436.7671112114039,443.49674404424,440.849002288752,8875.0,18255192.779779032,2058836595.0
2017-10-27,438.201260533264,412.716746136692,412.716746136692,436.87738965552,11791.0,31187154.456324488,2058710510.0
2017-10-30,422.645777719772,404.1115854313561,420.32900368372,415.695455611616,10796.0,28507711.795060705,2058586122.0
2017-10-31,423.3482765623381,418.0122296476681,420.990939122592,421.6528745614641,9491.0,27518154.72505971,2058462406.0
2017-11-01,425.955454914132,419.667068244848,420.659971403156,423.969648597516,7544.0,14734237.471352523,2058339258.0
2017-11-02,423.2174251647818,410.1995380497496,417.681261928232,418.67416508654,7440.0,25139081.04631606,2058214417.0
2017-11-03,426.7828742127221,408.74513350346,411.392875258948,422.976745439208,12010.0,32382032.785697248,2058085931.0
2017-11-06,415.033520172744,406.759327186844,410.069004381204,412.385778417256,7486.0,19422321.93271957,2057958759.0
2017-11-07,413.709649295,404.1115854313561,404.1115854313561,409.076101222896,5117.0,10696508.85769413,2057830910.0
2017-11-08,405.7664240285361,392.8072770643492,398.81610192038,405.7664240285361,6990.0,14934354.62783191,2057399038.0
2017-11-09,401.463843675868,393.85158612884,394.513521567712,399.809005078688,5614.0,13098224.23387815,2056740819.0
2017-11-10,398.154166481508,392.858682970532,395.175457006584,395.175457006584,5944.0,15456858.938163724,2055554287.0
2017-11-13,396.499327884328,383.1780360415343,388.8870703373,396.499327884328,7042.0,14818627.880222598,2053029667.0
2017-11-14,393.8052506481189,386.68232225492267,390.210941215044,388.8870703373,7034.0,81644636.92059629,2052103420.0
2017-11-15,390.872876653916,384.8867429447298,389.879973495608,387.894167178992,6307.0,20743336.72523484,2049707105.0
2017-11-16,400.0827749568511,389.54900577617207,398.154166481508,389.54900577617207,5178.0,38216493.39787005,2049682172.0
2017-11-17,401.3235133628272,395.5957860102677,395.837392445456,398.485134200944,3917.0,9234397.50468777,2049617172.0
2017-11-20,399.6154551563618,394.513521567712,396.499327884328,396.499327884328,2953.0,36285292.63454124,2049600672.0
2017-11-21,403.8699789961677,396.499327884328,400.801908236996,397.823198762072,5583.0,43409940.48571627,2049583172.0
2017-11-22,404.442553150792,395.3515318333239,397.823198762072,400.801908236996,4642.0,9699125.251750551,2049573172.0
2017-11-23,400.801908236996,393.9429332194044,394.844489287148,398.154166481508,3219.0,7190053.173340258,2049560668.0
2017-11-24,398.607195095872,392.4493420951336,394.513521567712,393.85158612884,3447.0,10052187.474522997,2049454395.0
2017-11-27,401.794811395304,394.182553848276,399.478037359252,394.513521567712,4325.0,19989988.85805647,2049444395.0
2017-11-28,407.1796561905277,400.47094051756005,404.1115854313561,400.801908236996,4142.0,15417170.671022791,2049434395.0
2017-11-29,412.9228728323568,401.132875956432,403.78061771192,403.118682273048,5656.0,15344963.932109632,2049424395.0
2017-11-30,412.9228728323568,392.4493420951336,405.7664240285361,397.492231042636,5869.0,12495940.286429474,2049419395.0
2017-12-01,411.723842978384,401.794811395304,404.773520870228,407.09029490628,6165.0,12146130.061809102,2048094967.0
2017-12-04,413.709649295,406.428359467408,409.738036661768,409.076101222896,5248.0,41153796.56441644,2048028261.0
2017-12-05,413.378681575564,404.442553150792,411.061907539512,411.392875258948,5665.0,26648436.95743415,2048028261.0
2017-12-06,412.05481069782,407.09029490628,410.39997210064,410.39997210064,4716.0,9828488.047321554,2048028261.0
2017-12-07,415.695455611616,410.069004381204,412.716746136692,411.723842978384,5770.0,22945178.01443924,2048028261.0
2017-12-08,423.969648597516,412.05481069782,421.321906842028,414.040617014436,5655.0,12692974.536582714,2048028261.0
2017-12-11,423.969648597516,417.681261928232,419.005132805976,423.3077131586441,4200.0,8766457.012932505,2048028261.0
2017-12-12,419.998035964284,412.05481069782,419.005132805976,419.336100525412,4503.0,12105818.268560093,2048028261.0
2017-12-13,423.969648597516,417.350294208796,420.32900368372,417.350294208796,4403.0,15910462.858678486,2048028261.0
2017-12-14,422.976745439208,419.005132805976,419.005132805976,420.990939122592,3884.0,13208053.904058505,2048028261.0
2017-12-15,420.990939122592,415.033520172744,419.336100525412,419.005132805976,4314.0,15511140.433780923,2048028261.0
2017-12-18,423.969648597516,417.01932648936,421.321906842028,419.336100525412,4529.0,10168897.068370469,2048048303.0
2017-12-19,426.94835807244,421.9838422809,425.624487194696,422.314810000336,3650.0,12238440.611025391,2048048303.0
2017-12-20,427.941261230748,422.976745439208,427.941261230748,425.955454914132,3298.0,5888204.637343326,2048048303.0
2017-12-21,431.250938425108,424.962551755824,430.589002986236,427.610293511312,3423.0,8875444.243480152,2048048303.0
2017-12-22,429.265132108492,424.631584036388,426.94835807244,426.617390353004,2029.0,3182653.8962078136,2048048303.0
2017-12-27,429.265132108492,425.29351947526,429.265132108492,427.610293511312,2408.0,4223373.321537166,2048048303.0
2017-12-28,429.927067547364,426.94835807244,428.934164389056,428.27222895018406,2287.0,4336615.023204833,2048048303.0
2017-12-29,430.919970705672,426.617390353004,430.919970705672,428.60319666962,1724.0,3003436.187462445,2048048303.0
2018-01-02,442.74134332139926,428.27222895018406,442.7024215175936,440.18706684988,8209.0,13281299.34990232,2048048303.0
2018-01-03,450.5132596962832,440.5625828243521,442.0404860787216,441.510937727624,7067.0,10620452.260244396,2048048303.0
2018-01-04,445.482550360856,438.863195972136,439.9222926743312,444.29106657088647,6129.0,10379716.831581522,2048048303.0
2018-01-05,442.96719569314246,437.1421638310688,439.525131411008,440.18706684988,6031.0,10217384.149453018,2048048303.0
2018-01-08,443.13135568198265,436.3425458209115,438.5984217965872,439.3927443232336,5010.0,7959606.680334923,2048048303.0
2018-01-09,441.7757119031728,433.9648737244832,439.525131411008,438.5984217965872,5548.0,5756808.210615947,2048048303.0
2018-01-10,439.05648112028666,430.919970705672,435.1563575144529,437.8040992699408,7532.0,18545053.913116995,2048048303.0
2018-01-11,443.2319698686912,431.3171319689952,442.172873166496,437.0097767432944,5819.0,13839906.27481649,2048048303.0
2018-01-12,447.8655179407952,439.7899055865568,442.7024215175936,444.29106657088647,6963.0,21463118.35521965,2048048303.0
2018-01-15,444.9530020097585,432.905777022288,433.1705511978368,444.9530020097585,5331.0,10905364.43817731,2048048303.0
2018-01-16,437.67171218216646,432.243841583416,435.9506800410993,433.9648737244832,4773.0,7154364.229832025,2048048303.0
2018-01-17,436.6126154799712,428.1398418624096,428.934164389056,436.3478413044225,5306.0,7514575.111494923,2048048303.0
2018-01-18,433.3029382856112,428.5370031257328,428.8017773012816,430.6551965301233,5544.0,7102726.30374327,2048048303.0
2018-01-19,436.4802283921968,428.1398418624096,435.8182929533248,430.2580352668,5319.0,8163114.731823384,2048048303.0
2018-01-22,435.68590586555047,429.4637127401536,430.39042235457447,435.68590586555047,4788.0,6751223.651115251,2048048303.0
2018-01-23,443.8939053075633,433.56771246116,436.7450025677456,433.56771246116,7031.0,10384966.22692727,2048048303.0
2018-01-24,437.0097767432944,429.8608740034768,429.8608740034768,436.0830671288736,6553.0,9481727.514561525,2048048303.0
2018-01-25,430.7809642635089,418.8727457182016,421.78526164923846,428.5370031257328,7304.0,11529452.172678988,2048048303.0
2018-01-26,431.0523577934465,420.990939122592,430.2580352668,423.63868087808,6278.0,9949061.08744161,2048048303.0
2018-01-29,430.919970705672,427.0807451602144,429.99326109125127,429.3313256523792,3396.0,5465395.05587579,2048048303.0
2018-01-30,429.7284869157024,420.990939122592,422.7119712636592,428.934164389056,4432.0,10006079.756990893,2048048303.0
2018-01-31,426.4188097213424,422.1824229125616,423.77106796585446,423.77106796585446,3969.0,6577797.337407641,2048048303.0
2018-02-01,432.7733899345136,424.300616316952,428.1398418624096,425.624487194696,5982.0,8471117.002485046,2048048303.0
2018-02-02,428.4046160379584,416.2250039627136,416.7545523138112,428.4046160379584,6521.0,10981220.239083763,2048048303.0
2018-02-05,416.48977813826247,404.442553150792,414.2391976460976,415.033520172744,5291.0,6622106.9445409,2048048303.0
2018-02-06,415.695455611616,397.1612633232,408.9437141351216,400.60332760533447,8670.0,11457686.280311974,2048048303.0
2018-02-07,411.723842978384,402.8539080974992,411.1942946272864,410.6647462761888,5837.0,11893968.85690906,2048048303.0
2018-02-08,408.0170045207008,394.1163603043888,394.9106828310352,404.8397144141152,7649.0,13153422.1468019,2048048303.0
2018-02-09,396.7641020598768,390.2771347589312,391.4686185489009,393.18965068996806,4900.0,6841493.020432935,2048048303.0
2018-02-12,401.0004888686576,394.6459086554864,398.88229546426726,397.1612633232,5180.0,7661822.387153853,2048048303.0
2018-02-13,403.78061771192,397.823198762072,398.6175212887184,399.809005078688,5031.0,6269050.760762242,2048048303.0
2018-02-14,402.456746834176,395.3078440943585,397.9555858498464,401.6624243075296,4970.0,6344151.687445838,2048048303.0
2018-02-15,403.78061771192,396.499327884328,399.0146825520416,400.47094051756005,4832.0,7267922.978673293,2048048303.0
2018-02-16,404.9721015018896,398.88229546426726,402.456746834176,400.0737792542368,5553.0,7749254.93914204,2048048303.0
2018-02-19,410.7971333639632,403.118682273048,407.752230345152,404.1777789752432,5951.0,6740601.061051208,2048048303.0
2018-02-20,410.2609656584769,404.5749402385664,407.752230345152,410.0028108373168,3938.0,5024865.556900909,2048048303.0
2018-02-21,409.738036661768,404.9721015018896,408.2817786962496,406.0311982040848,4767.0,6786193.954363324,2048048303.0
2018-02-22,414.5039718216464,405.2368756774384,412.1210042417072,405.3692627652128,6501.0,9792962.15664546,2048048303.0
2018-02-23,403.9130047996944,387.3646188278945,388.68848970563846,403.118682273048,12804.0,21146416.914013788,2048048303.0
2018-02-26,399.0146825520416,390.4095218467056,399.0146825520416,391.9981668999984,6163.0,9081530.945313891,2048048303.0
2018-02-27,402.7215210097248,399.0146825520416,399.4118438153648,399.6766179909136,6352.0,9189191.106977755,2048048303.0
2018-02-28,408.414165784024,396.3669407965536,406.8255207307312,397.823198762072,6372.0,11703806.981680712,2048048303.0
2018-03-01,415.5630685238416,406.6931336429568,412.7829396805792,406.9579078185056,8971.0,11518867.326326087,2048048303.0
2018-03-02,409.6056495739936,402.5892001154943,407.09029490628,409.4732624862192,6324.0,9033786.660466634,2048048303.0
2018-03-05,410.0028108373168,400.7357146931088,406.428359467408,407.752230345152,6981.0,12239026.393422328,2048048303.0
2018-03-06,406.1635852918593,400.0737792542368,404.442553150792,402.456746834176,6252.0,9530136.088724896,2048048303.0
2018-03-07,413.9744234705488,402.7215210097248,411.5914558906096,403.118682273048,7079.0,14372367.376147786,2048048303.0
2018-03-08,417.4164877526832,411.0162339942299,416.357391050488,413.709649295,5847.0,9171216.041983085,2048048303.0
2018-03-09,417.01932648936,406.6931336429568,413.047713856128,416.09261687493927,6125.0,9576826.569157047,2048048303.0
2018-03-12,416.8869394015856,411.9886171539328,415.695455611616,414.1068105583232,3991.0,6339823.238651976,2048048303.0
2018-03-13,418.6079715426528,414.2391976460976,417.1517135771344,416.357391050488,4249.0,6212761.299712242,2048048303.0
2018-03-14,420.06422950817125,414.9011330849696,418.6079715426528,415.695455611616,4523.0,7759481.975113306,2048048303.0
2018-03-15,419.7994553326224,414.9011330849696,416.2250039627136,419.005132805976,5032.0,7834350.400536262,2048048303.0
2018-03-16,420.7261649470432,415.4306814360672,418.2108102793296,415.5630685238416,4681.0,7180869.37354498,2048048303.0
2018-03-19,418.5920850921199,412.25339132948153,413.5772622072256,417.4164877526832,3585.0,5463530.516545333,2048048303.0
2018-03-20,417.4164877526832,411.4590688028352,416.48977813826247,413.709649295,3633.0,5471545.771043628,2048048303.0
2018-03-21,416.7545523138112,405.5016498529872,406.9579078185056,415.9602297871648,3676.0,6339101.578894924,2048048303.0
2018-03-22,409.2084883106705,401.132875956432,404.1777789752432,404.1777789752432,4741.0,6575014.87102219,2048048303.0
2018-03-23,400.0737792542368,392.1305539877728,396.499327884328,397.2936504109744,6321.0,8958223.750758648,2048048303.0
2018-03-26,399.5442309031392,393.7191990410656,395.9697795332305,397.4260374987488,3301.0,4485284.481899626,2048048303.0
2018-03-27,402.1919726586272,397.23275235059816,399.4118438153648,398.2203600253952,2837.0,7950434.95852721,2048048303.0
2018-03-28,397.5584245865232,388.8208767934128,395.175457006584,395.4402311821328,3580.0,5351937.460180385,2048048303.0
2018-03-29,410.5323591884145,393.58681195329126,406.8255207307312,395.0430699188096,4291.0,7450617.638089142,2049076954.0
2018-04-03,406.1635852918593,397.6908116742976,403.5158435363712,400.3385534297856,5113.0,8728610.638895348,2049076954.0
2018-04-04,403.118682273048,397.5584245865232,399.9413921664624,401.3976501319808,4011.0,6776798.789785646,2049076954.0
2018-04-05,407.6198432573776,401.6624243075296,406.6931336429568,404.442553150792,4383.0,6339124.22512161,2049076954.0
2018-04-06,410.8262585232736,404.8397144141152,407.48745616960326,405.6340369407616,3386.0,4940914.484828538,2049076954.0
2018-04-09,413.9744234705488,408.8282725945823,413.5772622072256,409.076101222896,2895.0,4286902.026384364,2049076954.0
2018-04-10,419.1375198937504,413.5772622072256,415.16590726051845,415.695455611616,3203.0,5358298.030382178,2049076954.0
2018-04-11,416.48977813826247,402.3243597464016,407.48745616960326,413.4448751194512,4757.0,8055767.088087783,2049076954.0
2018-04-12,412.5181655050304,392.1305539877728,402.8539080974992,407.09029490628,10136.0,19428205.42241252,2049076954.0
2018-04-13,414.1068105583232,402.7215210097248,403.118682273048,406.428359467408,5613.0,7505249.3953457475,2049076954.0
2018-04-16,410.2675850128656,403.9130047996944,406.8255207307312,404.0453918874688,4534.0,7115799.215534708,2049076954.0
2018-04-17,408.5465528717984,404.8397144141152,405.8988111163104,407.48745616960326,3234.0,4465675.869086693,2049076954.0
2018-04-18,407.752230345152,402.8539080974992,407.6198432573776,407.6198432573776,4601.0,6931729.175284814,2049076954.0
2018-04-19,408.8113270473473,403.78061771192,405.3692627652128,408.414165784024,4548.0,6554636.286501943,2049076954.0
2018-04-20,408.6789399595728,402.0595855708528,404.442553150792,405.6340369407616,3554.0,5665267.633106972,2049076954.0
2018-04-23,410.1351979250912,401.2652630442065,409.2084883106705,403.6482306241456,3044.0,4950616.128340696,2049076954.0
2018-04-24,415.033520172744,407.48745616960326,415.033520172744,409.076101222896,3440.0,6355118.500155504,2049076954.0
2018-04-25,413.18010094390246,408.5465528717984,412.25339132948153,413.047713856128,3856.0,7537176.04572726,2049076954.0
2018-04-26,414.1068105583232,406.8255207307312,410.5323591884145,411.723842978384,6774.0,11555653.856954357,2049076954.0
2018-04-27,417.1517135771344,410.7971333639632,417.1517135771344,411.5914558906096,4414.0,7257344.171314175,2049076954.0
2018-04-30,421.38810038591527,415.2982943482928,417.1517135771344,417.8136490160065,2748.0,5668764.210507245,2049127922.0
2018-05-01,428.5370031257328,416.48977813826247,424.4330034047265,416.8869394015856,2244.0,4672343.824072033,2049127922.0
2018-05-02,432.1114544956416,423.37390670253126,429.1989385646048,427.0807451602144,5518.0,8237901.630830271,2049127922.0
2018-05-03,429.9209777413264,421.6528745614641,424.0358421414032,429.596099827928,6174.0,11343700.272660568,2049127922.0
2018-05-04,449.5865500818624,432.9373513427222,448.792227555216,436.4802283921968,13682.0,18614807.310805872,2049127922.0
2018-05-07,448.792227555216,448.792227555216,448.792227555216,448.792227555216,0.0,0.0,2049127922.0
2018-05-08,464.58600712670193,447.468356677472,463.4871942981744,447.8655179407952,9032.0,14704173.85055302,2049127922.0
2018-05-09,460.04513001604,450.9104209596064,459.6479687527168,460.04513001604,6395.0,10909052.75363019,2049127922.0
2018-05-10,468.2531294580528,457.2650011727776,458.85364622607045,457.397388260552,5431.0,8492784.912177933,2048831196.0
2018-05-11,462.9576459470768,458.3240978749728,462.030936332656,460.04513001604,6232.0,12759756.749330426,2048263087.0
2018-05-14,463.3548072104,457.2650011727776,457.9269366116496,460.17751710381447,4257.0,6742562.22428219,2047652727.0
2018-05-15,461.5013879815584,453.6905498028688,453.9553239784176,457.397388260552,5612.0,13437944.809635818,2047015699.0
2018-05-16,457.07303989550473,448.28915662167327,452.3666789251248,454.087711066192,5475.0,9026182.057545573,2046364582.0
2018-05-17,457.5297753483264,451.17519513515526,455.411581943936,452.3666789251248,6922.0,10575947.89556164,2045714440.0
2018-05-18,459.5155816649424,450.2484855207345,451.8371305740272,456.4706786461312,5475.0,9506615.71768912,2045098589.0
2018-05-21,459.6479687527168,449.5865500818624,458.9860333138448,453.6905498028688,4794.0,7493973.08420471,2044622708.0
2018-05-22,467.06164566808326,458.85364622607045,465.07583935146727,459.2508074893936,6409.0,7312910.462858679,2044248528.0
2018-05-23,460.7859681592256,450.9104209596064,454.087711066192,458.721259138296,7490.0,9020354.428545116,2043599397.0
2018-05-24,456.6030657339056,452.3666789251248,453.1610014517712,455.2791948561616,5122.0,7397498.648775141,2042960936.0
2018-05-25,464.5462910003696,454.2200981539664,464.1491297370465,455.8087432072592,6761.0,10583270.175523354,2042579706.0
2018-05-28,464.1491297370465,464.1491297370465,464.1491297370465,464.1491297370465,0.0,0.0,2042579706.0
2018-05-29,463.75196847372325,454.2200981539664,457.7945495238752,461.7661621571072,5287.0,8053689.674226481,2042148974.0
2018-05-30,458.9860333138448,451.9695176618016,453.2933885395456,458.721259138296,3951.0,8463652.806169435,2041565952.0
2018-05-31,457.0002269972288,448.9246146429904,450.5132596962832,455.6763561194848,5382.0,7708937.106899248,2040904793.0
2018-06-01,457.397388260552,450.11609843296,453.9553239784176,453.55816271509445,4303.0,6290366.899067277,2040259177.0
2018-06-04,467.7235811069552,453.9553239784176,466.2673231414368,456.2059044705824,4427.0,7580430.338696966,2039898087.0
2018-06-05,464.8110651759184,447.3359695896976,449.9837113451856,463.4871942981744,8365.0,12503676.237465313,2039268457.0
2018-06-06,459.6479687527168,451.439969310704,457.6621624361008,452.6314531006736,6467.0,10350546.981861882,2038740562.0
2018-06-07,464.8110651759184,458.85364622607045,460.04513001604,462.030936332656,4532.0,6094869.572831775,2038398231.0
2018-06-08,458.721259138296,453.8229368906432,456.6030657339056,457.0002269972288,3897.0,4519194.941738808,2037876684.0
2018-06-11,462.1633234204304,455.5439690317105,461.8985492448816,457.1326140850032,3285.0,10312680.98109493,2037416962.0
2018-06-12,465.00964580758,461.369000893784,462.9576459470768,463.3548072104,3263.0,4388483.940805783,2037058239.0
2018-06-13,477.917386865584,460.707065454912,471.4304195646384,462.8252588593024,5249.0,7808717.891424931,2036879598.0
2018-06-14,476.0639676367424,466.1349360536624,473.4162258812544,468.7826778091504,4789.0,19886232.905873224,2036364389.0
2018-06-15,473.8133871445776,468.3855165458272,472.35712917905926,473.0190646179312,5629.0,18180606.677315425,2036018547.0
2018-06-18,479.7708060944256,471.1656453890896,475.6668063734192,471.4304195646384,4422.0,16388124.620675704,2035655270.0
2018-06-19,479.1088706555536,470.5037099502176,474.8724838467728,471.5628066524128,4084.0,5318573.529278551,2035311895.0
2018-06-20,481.0946769721696,476.1963547245168,478.9764835677792,477.917386865584,3852.0,5727745.553035953,2034970867.0
2018-06-21,480.565128621072,473.4162258812544,475.6668063734192,480.565128621072,4400.0,6024374.888656052,2034627346.0
2018-06-22,481.227064059944,475.7991934611936,480.96228988439526,475.7991934611936,5106.0,5767852.020496345,2034287518.0
2018-06-25,480.3003544455232,461.6337750693328,461.8985492448816,479.6384190066513,7278.0,9311068.569754908,2033908762.0
2018-06-26,462.9576459470768,445.0853890975328,445.6149374486305,462.8252588593024,10044.0,14608445.230855634,2033201026.0
2018-06-27,450.11609843296,434.891583338904,443.0995827809168,450.11609843296,8870.0,11808053.602108816,2032477474.0
2018-06-28,439.7899055865568,432.8051628355794,437.1421638310688,433.9648737244832,6883.0,9386673.752419371,2031738563.0
2018-06-29,448.2626792041184,439.525131411008,439.525131411008,441.510937727624,5369.0,9872026.172999054,2031007492.0
2018-07-02,438.0688734454896,432.37622867119046,432.37622867119046,436.87738965552,4880.0,6757147.904016233,2030269725.0
2018-07-03,445.0920084519215,433.3029382856112,438.9955830599105,433.3029382856112,7191.0,9938018.787309658,2029539282.0
2018-07-04,442.0404860787216,436.4802283921968,441.510937727624,437.9364863577152,3952.0,8718780.666765304,2028807091.0
2018-07-05,447.8655179407952,441.3905978648371,443.2319698686912,442.172873166496,5177.0,7854442.132851824,2028080166.0
2018-07-06,446.4092599752768,441.2461635520753,443.0995827809168,445.3501632730816,3732.0,6684130.430187722,2027352279.0
2018-07-09,454.1009497749695,445.3501632730816,451.9695176618016,446.144485799728,4279.0,6374037.157928746,2026630834.0
2018-07-10,455.2791948561616,446.6740341508256,448.130292116344,453.42577562732,3660.0,11140328.098532222,2025916320.0
2018-07-11,446.8064212386,441.7757119031728,444.0262923953376,446.5416470630512,3996.0,5262054.586464803,2025191784.0
2018-07-12,448.9246146429904,438.4660347088128,440.849002288752,445.3501632730816,5290.0,7659116.917939133,2024462956.0
2018-07-13,446.27687288750246,442.172873166496,442.3052602542704,443.6291311320144,3988.0,4975240.125490291,2023745710.0
2018-07-16,447.2035825019232,439.2603572354592,446.4092599752768,444.6882278342096,4316.0,5357155.150808772,2023019465.0
2018-07-17,454.087711066192,445.3501632730816,452.101904749576,445.3501632730816,4580.0,7734581.693998146,2022310604.0
2018-07-18,459.78035584049127,453.55816271509445,459.2508074893936,454.8820335928384,4695.0,7106906.797189453,2021751138.0
2018-07-19,462.1765621292079,455.94113029503353,457.397388260552,458.05932369942406,4437.0,5407653.216821013,2021254386.0
2018-07-20,457.2650011727776,448.7320576238225,454.8820335928384,457.2650011727776,3453.0,6831907.627551097,2020536074.0
2018-07-23,449.7255565240255,444.29106657088647,447.8655179407952,449.7189371696368,3973.0,5404303.085019974,2019807925.0
2018-07-24,455.6763561194848,448.2626792041184,448.2626792041184,450.5132596962832,4153.0,5582178.627397103,2019090424.0
2018-07-25,451.8371305740272,440.3194539376544,440.4518410254288,448.130292116344,6124.0,8783023.482627325,2018365498.0
2018-07-26,455.5439690317105,443.49674404424,450.9104209596064,443.6291311320144,5977.0,7796356.071151425,2017614190.0
2018-07-27,457.6621624361008,452.4990660128993,457.5297753483264,452.4990660128993,4071.0,4937608.135732424,2017025881.0
2018-07-30,461.5013879815584,455.5439690317105,458.9860333138448,457.0002269972288,4931.0,5921438.729878828,2016640090.0
2018-07-31,473.0190646179312,457.9269366116496,469.97416159912,460.17751710381447,6934.0,10132620.832716852,2057989294.0
2018-08-01,475.8389095875259,458.85364622607045,461.369000893784,472.35712917905926,6283.0,9452720.71767402,2016087487.0
2018-08-02,457.0002269972288,446.8064212386,453.42577562732,455.94113029503353,6328.0,11298004.716454145,2015356029.0
2018-08-03,451.57235639847846,430.919970705672,443.3643569564656,451.17519513515526,12473.0,16398896.675835872,2014605574.0
2018-08-06,449.0570017307648,442.0404860787216,445.0853890975328,447.2035825019232,6457.0,6499790.144966045,2013864874.0
2018-08-07,452.6314531006736,444.4234536586608,449.5865500818624,445.6149374486305,4453.0,7477417.182749011,2013124910.0
2018-08-08,455.1468077683873,448.6598404674416,454.2200981539664,448.6598404674416,3913.0,5060740.1994679645,2012388858.0
2018-08-09,456.073517382808,450.9104209596064,454.087711066192,455.5439690317105,3034.0,3849680.3862540415,2011683752.0
2018-08-10,457.1326140850032,448.130292116344,449.4541629940881,453.6905498028688,4926.0,5758722.571645113,2010987302.0
2018-08-13,448.9246146429904,441.1793080727492,447.9979050285696,447.9979050285696,5172.0,7079513.921390418,2010260674.0
2018-08-14,454.6172594172896,449.7189371696368,451.57235639847846,450.11609843296,3789.0,4989788.061513191,2009553290.0
2018-08-15,453.8229368906432,445.7473245364048,448.792227555216,453.2933885395456,2959.0,3753743.421271148,2008833346.0
2018-08-16,459.2508074893936,449.4541629940881,456.6030657339056,451.17519513515526,3483.0,5490151.910888608,2008355907.0
2018-08-17,458.5888720505216,452.3666789251248,455.8087432072592,453.55816271509445,3320.0,4581565.669528144,2007813362.0
2018-08-20,465.47300061479046,455.0144206806128,464.4139039125952,455.6763561194848,3544.0,5130300.34935579,2007468398.0
2018-08-21,471.1656453890896,462.692871771528,465.3406135270161,462.692871771528,4414.0,5742278.391574396,2007270429.0
2018-08-22,466.7968714925345,463.3548072104,465.3406135270161,464.5462910003696,5152.0,5661035.808213635,2007076154.0
2018-08-23,468.7826778091504,464.8110651759184,465.47300061479046,465.7377747903392,3696.0,5020502.383892796,2006881953.0
2018-08-24,468.9150648969248,463.7038457673172,467.06164566808326,466.7968714925345,2629.0,3234580.1842497005,2006678513.0
2018-08-27,467.06164566808326,467.06164566808326,467.06164566808326,467.06164566808326,0.0,0.0,2006678513.0
2018-08-28,473.5486129690288,468.7826778091504,470.9008712135408,472.621903354608,5037.0,6479077.906039296,2006488669.0
2018-08-29,475.802436944844,466.7968714925345,467.8559681947296,473.28383879348,3193.0,3878590.559241019,2006296957.0
2018-08-30,468.5179036336016,457.7945495238752,459.6479687527168,468.2531294580528,4554.0,5335630.667218228,2005931786.0
2018-08-31,468.2531294580528,457.2650011727776,457.2650011727776,467.988355282504,6811.0,8073384.3427008195,2005553155.0
2018-09-03,465.07583935146727,459.1184204016192,463.3548072104,459.9127429282656,4452.0,6640581.736271102,2005190889.0
2018-09-04,468.1207423702785,457.0002269972288,460.5746783671376,466.2673231414368,4037.0,4521456.544910487,2004841297.0
2018-09-05,465.47300061479046,458.1917107871985,459.6479687527168,459.1184204016192,5738.0,6945066.293054251,2004599196.0
2018-09-06,460.04513001604,450.7316983911109,450.9104209596064,460.04513001604,5703.0,7022777.574800487,2004016099.0
2018-09-07,445.2177761853072,424.962551755824,444.820614921984,433.56771246116,8790.0,12203296.68670606,2002996622.0
2018-09-10,447.468356677472,438.0159186103799,441.3785506398496,445.0853890975328,5418.0,5294902.183398202,2001998323.0
2018-09-11,441.6433248153984,435.0239704266784,441.510937727624,440.7166152009776,5385.0,5717116.923978127,2001001943.0
2018-09-12,448.5274533796672,440.5842281132032,446.27687288750246,440.5842281132032,4922.0,7327376.87246551,2000009134.0
2018-09-13,451.9695176618016,445.6149374486305,450.3808726085088,446.5416470630512,5289.0,6695036.85295956,1998917538.0
2018-09-14,455.0144206806128,448.5274533796672,452.101904749576,453.2933885395456,4037.0,5105101.138048379,1997977766.0
2018-09-17,454.8820335928384,450.8773241876628,453.8229368906432,452.763840188448,3321.0,4247876.538811103,1997572680.0
2018-09-18,458.3240978749728,451.439969310704,454.4848723295152,455.6763561194848,4432.0,5143649.545112793,1997328959.0
2018-09-19,457.397388260552,453.6905498028688,454.749646505064,454.2200981539664,2926.0,3717480.773353544,1997224830.0
2018-09-20,458.45648496274725,452.6314531006736,454.3524852417408,454.087711066192,4186.0,4934803.023120288,1997099588.0
2018-09-21,461.5013879815584,455.411581943936,459.9127429282656,457.5297753483264,5871.0,11849047.801655289,1996931400.0
2018-09-24,459.8002139036574,445.3567826274703,454.4848723295152,455.411581943936,3775.0,5474273.886485034,1996631580.0
2018-09-25,454.6172594172896,436.215454216648,436.4802283921968,453.6905498028688,9859.0,16661150.54909551,1995321564.0
2018-09-26,436.7450025677456,425.7568742824704,436.6126154799712,433.1705511978368,8322.0,12209207.35187103,1993929591.0
2018-09-27,437.67171218216646,430.7875836178976,433.9648737244832,434.36203498780645,7334.0,10475389.590586416,1992474619.0
2018-09-28,440.849002288752,429.1989385646048,437.0097767432944,433.0381641100624,8112.0,9646441.069988918,1990989369.0
2018-10-01,434.4944220755808,419.005132805976,425.7568742824704,429.1989385646048,9619.0,13759189.08391484,1989488193.0
2018-10-02,424.6977775802752,416.7545523138112,419.667068244848,424.6977775802752,8666.0,11667071.7824996,1989169738.0
2018-10-03,423.9034550536288,417.2841006649088,419.7994553326224,417.9460361037808,5901.0,10228575.914681096,1988848519.0
2018-10-04,418.7403586304272,408.0170045207008,408.0170045207008,417.8136490160065,7717.0,12470783.348078543,1988523849.0
2018-10-05,409.2084883106705,403.78061771192,404.7073273263408,409.2084883106705,5483.0,8292072.914810934,1988523849.0
2018-10-08,405.104488589664,393.85158612884,402.0595855708528,400.7357146931088,5941.0,9324069.01362095,1988190784.0
2018-10-09,407.09029490628,399.0146825520416,402.1919726586272,402.58913392195046,5234.0,6313950.679537775,1987762332.0
2018-10-10,404.0453918874688,390.4095218467056,391.4686185489009,402.456746834176,6439.0,10054867.278014136,1987310332.0
2018-10-11,389.218038056736,377.9651355959121,385.1140383357296,384.584489984632,6834.0,9414105.881677996,1986830332.0
2018-10-12,392.9248765144192,386.1622792967273,387.6293930034433,387.3646188278945,5928.0,9455341.64097578,1986479307.0
2018-10-15,389.7978935011879,381.6719740535952,385.7759737746016,386.1731350379248,4620.0,5077800.356904533,1985952307.0
2018-10-16,395.0430699188096,384.3197158090832,393.7191990410656,384.584489984632,5710.0,10091363.936940826,1985430012.0
2018-10-17,396.499327884328,384.7168770724064,386.70268338902247,394.513521567712,4782.0,6436865.339497133,1984887012.0
2018-10-18,389.3504251445104,380.8776515269488,380.8776515269488,385.7759737746016,4496.0,5697444.901730473,1984340012.0
2018-10-19,381.6719740535952,366.42204063868655,368.698039451704,381.6719740535952,6259.0,8690561.958566464,1983791012.0
2018-10-22,378.2299097714608,370.4190715927712,370.9486199438688,372.007716646064,3839.0,5707280.9128543,1983356012.0
2018-10-23,373.5963616993568,362.078685062984,371.6105553827408,366.712233135088,5483.0,8341823.655342546,1983178524.0
2018-10-24,380.2752902775753,373.8611358749056,374.5230713137776,377.30320015704,5693.0,7295571.001959654,1983178524.0
2018-10-25,388.8208767934128,369.6247490661248,388.8208767934128,369.7571361538992,10452.0,15678562.477919929,1983178524.0
2018-10-26,402.2780242656806,384.3197158090832,387.6293930034433,396.499327884328,8116.0,14049901.715376183,1983178524.0
2018-10-29,402.8539080974992,387.7617800912176,392.9248765144192,388.9532638811872,5959.0,7921434.20063349,1983178524.0
2018-10-30,396.2345537087792,383.8960771282052,388.1589413545408,395.175457006584,7334.0,8581626.05946597,1983178524.0
2018-10-31,400.60332760533447,390.0123605833824,399.4118438153648,393.85158612884,6599.0,10061458.839728124,1983178524.0
2018-11-01,412.6505525928048,395.7050053576816,409.076101222896,397.1612633232,6823.0,10853071.281263117,1983178524.0
2018-11-02,431.3171319689952,406.428359467408,406.5607465551825,417.681261928232,9290.0,13960434.022483174,1983178524.0
2018-11-05,411.1545785009541,405.6340369407616,406.428359467408,408.1493916084752,4158.0,5822433.956054242,1983178524.0
2018-11-06,410.39997210064,402.9862951852736,404.442553150792,407.09029490628,3606.0,4130399.992753207,1983178524.0
2018-11-07,417.5488748404576,405.3692627652128,416.6221652260368,405.3692627652128,4778.0,7208645.725449226,1983178424.0
2018-11-08,418.6079715426528,411.9886171539328,418.0784231915552,417.4164877526832,5143.0,6388440.158100857,1983178424.0
2018-11-09,425.8892613702448,416.7545523138112,425.8892613702448,417.681261928232,4615.0,5631903.702205138,1983178424.0
2018-11-12,429.3313256523792,417.2841006649088,422.0500358247872,428.934164389056,6104.0,7151328.125707694,1983178424.0
2018-11-13,432.6410028467392,422.0500358247872,432.37622867119046,424.4330034047265,7170.0,9111235.245983314,1983178424.0
2018-11-14,439.2603572354592,427.610293511312,429.4637127401536,433.7000995489344,6591.0,8485889.891026357,1983178424.0
2018-11-15,435.4211316900016,409.2084883106705,417.5488748404576,431.9790674078672,11633.0,15114155.099477325,1983178424.0
2018-11-16,425.624487194696,415.5630685238416,419.9318424203968,419.4022940692992,8240.0,11270409.534363383,1983178424.0
2018-11-19,431.0523577934465,420.5937778592688,420.5937778592688,422.8443583514336,5191.0,11010165.136284992,1983178424.0
2018-11-20,422.0500358247872,406.9579078185056,416.8869394015856,419.7994553326224,7849.0,11923947.931795605,1983178424.0
2018-11-21,426.6835838968912,418.5417779987656,424.300616316952,418.8727457182016,6785.0,10449061.08744161,1983178424.0
2018-11-22,424.962551755824,418.6079715426528,423.1091325269825,423.63868087808,3355.0,4689778.399123138,1983178424.0
2018-11-23,430.1256481790256,422.4471970881104,429.06655147683045,422.4471970881104,3896.0,5627028.724473928,1983178424.0
2018-11-26,437.0325473223916,431.3171319689952,436.7450025677456,432.37622867119046,4136.0,10443887.179518148,1983178424.0
2018-11-27,443.10487826442784,429.4637127401536,434.891583338904,433.8324866367088,7405.0,8364113.581395068,1983178424.0
2018-11-28,436.87738965552,418.2108102793296,418.6079715426528,436.87738965552,6041.0,7612363.028072262,1983178424.0
2018-11-29,423.1488486533147,412.5181655050304,414.6363589094208,417.4164877526832,5932.0,7306981.68071236,1983178424.0
2018-11-30,417.681261928232,412.1210042417072,414.1068105583232,415.16590726051845,5210.0,7233428.24618562,1983310799.0
2018-12-03,422.4471970881104,409.2084883106705,414.37158473387206,422.4471970881104,7725.0,9298524.06991947,1983310799.0
2018-12-04,419.4022940692992,402.456746834176,402.9862951852736,413.709649295,5712.0,8277014.683813383,1983310799.0
2018-12-05,414.37158473387206,396.1021666210048,410.6647462761888,399.0146825520416,6670.0,8678847.820376169,1983310799.0
2018-12-06,406.0311982040848,396.8951652767735,401.6624243075296,406.0311982040848,5276.0,6061644.538786947,1983310799.0
2018-12-07,407.6198432573776,399.9413921664624,399.9413921664624,404.7073273263408,5427.0,6833977.492670171,1983310799.0
2018-12-10,401.0004888686576,386.4379092134736,386.570296301248,399.147069639816,4693.0,7115405.171190376,1983310799.0
2018-12-11,397.5584245865232,384.1873287213088,395.9697795332305,385.908360862376,5014.0,5973691.1235849885,1983310799.0
2018-12-12,404.7073273263408,393.3220377777424,401.0004888686576,397.823198762072,4426.0,5142802.576234748,1983310799.0
2018-12-13,409.3408753984448,401.3976501319808,404.0453918874688,404.7073273263408,4551.0,5545621.578532585,1983310799.0
2018-12-14,413.4448751194512,393.0572636021936,409.4732624862192,401.0004888686576,6487.0,7392955.815701988,1983310799.0
2018-12-17,411.1942946272864,392.6601023388704,395.4402311821328,411.1942946272864,5815.0,8929831.421488551,1983310799.0
2018-12-18,405.5016498529872,393.98397321661446,402.9862951852736,396.499327884328,6929.0,7309033.428850085,1983310799.0
2018-12-19,410.3210693963265,400.7357146931088,403.118682273048,404.5749402385664,3143.0,6221665.796045063,1983310799.0
2018-12-20,407.09029490628,390.54190893448,405.6340369407616,396.3669407965536,4907.0,5849701.522732282,1983310799.0
2018-12-21,408.414165784024,402.0595855708528,406.1635852918593,403.78061771192,4846.0,11234146.88644578,1983310799.0
2018-12-24,409.6056495739936,393.58681195329126,395.837392445456,409.076101222896,911.0,1798048.4991590702,1983310799.0
2018-12-27,407.88461743292646,393.18965068996806,401.0004888686576,397.5584245865232,3486.0,4468995.805918817,1983310799.0
2018-12-28,409.87042374954245,402.1919726586272,409.4732624862192,405.2368756774384,3543.0,3430276.7972800373,1983310799.0
2018-12-31,416.09261687493927,408.414165784024,409.076101222896,409.3408753984448,1027.0,1349583.7623535166,1983310799.0
2019-01-02,402.1919726586272,396.9375291448613,400.7357146931088,398.485134200944,4144.0,5910630.440755961,1983310799.0
2019-01-03,410.2675850128656,384.98165124795526,384.98165124795526,397.823198762072,6243.0,8772545.82841407,1983310799.0
2019-01-04,394.6459086554864,385.908360862376,391.7333927244496,389.879973495608,4410.0,5493595.647093281,1983310799.0
2019-01-07,400.7357146931088,392.3953281633216,394.9106828310352,396.2345537087792,3568.0,4576624.262865322,1983310799.0
2019-01-08,399.5442309031392,389.3504251445104,395.175457006584,397.1612633232,5838.0,6904663.9148985,1983310799.0
2019-01-09,400.0075857103496,392.7042534326432,397.5584245865232,393.98397321661446,5108.0,10806783.903665973,1983310799.0
2019-01-10,402.3243597464016,387.3646188278945,393.7191990410656,396.2345537087792,8016.0,11172576.325332671,1983310799.0
2019-01-11,407.6198432573776,393.4517771237613,403.78061771192,394.513521567712,7372.0,10722547.48913736,1983310799.0
2019-01-14,408.0170045207008,396.499327884328,400.0737792542368,402.456746834176,6611.0,7389160.308109463,1983310799.0
2019-01-15,405.104488589664,390.2771347589312,393.98397321661446,403.78061771192,5516.0,9328411.050150825,1983310799.0
2019-01-16,408.0825361291492,395.4402311821328,404.1777789752432,396.499327884328,6382.0,10694469.187543971,1983310799.0
2019-01-17,409.076101222896,399.27945672759046,407.6198432573776,404.7073273263408,4272.0,6164971.722411612,1983310799.0
2019-01-18,411.8562300661585,401.2652630442065,409.3408753984448,403.118682273048,4922.0,6869563.773284095,1983310799.0
2019-01-21,416.8869394015856,407.6198432573776,411.4590688028352,407.88461743292646,3124.0,3997122.419462469,1983310799.0
2019-01-22,414.37158473387206,402.92010164138645,409.87042374954245,405.7664240285361,4456.0,6814352.272624335,1983310799.0
2019-01-23,420.32900368372,408.0143567789453,417.681261928232,409.87042374954245,4550.0,6651711.601812906,1983310799.0
2019-01-24,426.1540355457936,415.033520172744,419.005132805976,418.8727457182016,6372.0,8653093.021640735,1983310799.0
2019-01-25,424.1682292291776,416.357391050488,418.343197367104,420.32900368372,5737.0,6985110.860828369,1983310799.0
2019-01-28,421.5204874736896,410.39997210064,412.385778417256,417.9460361037808,3697.0,4952787.146605632,1983310799.0
2019-01-29,426.94835807244,413.047713856128,424.5653904925008,415.695455611616,4842.0,12900897.092526443,1983310799.0
2019-01-30,430.5228094423488,421.2557132981408,429.7284869157024,424.4330034047265,4745.0,6165762.830597166,1983310799.0
2019-01-31,429.596099827928,423.3077131586441,426.286422633568,429.4637127401536,4053.0,9753909.493600177,1983310799.0
2019-02-01,434.0972608122576,426.1540355457936,432.37622867119046,426.1540355457936,4480.0,6931471.008300597,1983310799.0
2019-02-04,435.9506800410993,426.0216484580192,435.9506800410993,429.99326109125127,4185.0,7795977.12429155,1983310799.0
2019-02-05,439.1279701476848,433.4353253733856,439.1279701476848,436.7450025677456,3937.0,6409649.104266247,1983310799.0
2019-02-06,442.0404860787216,436.215454216648,441.9080989909472,436.215454216648,3279.0,5416130.454343697,1983310799.0
2019-02-07,441.9080989909472,436.2816477605352,439.525131411008,436.87738965552,3987.0,6361823.29300292,1983310799.0
2019-02-08,440.7166152009776,433.56771246116,433.56771246116,440.4518410254288,2932.0,4864783.909704965,1983310799.0
2019-02-11,440.4518410254288,435.0226465558007,439.2603572354592,437.539325094392,2885.0,3990784.4954873617,1983310799.0
2019-02-12,440.849002288752,431.581906144544,431.9790674078672,440.18706684988,4730.0,8083993.345028851,1983310799.0
2019-02-13,437.1421638310688,430.5228094423488,435.5535187777761,433.1705511978368,3713.0,9776025.79858144,1983310799.0
2019-02-14,438.9955830599105,430.1256481790256,430.1256481790256,436.87738965552,3839.0,6508927.142559507,1983310799.0
2019-02-15,441.3785506398496,429.06655147683045,439.3927443232336,429.06655147683045,5751.0,12770364.241910012,1983310799.0
2019-02-18,437.8040992699408,428.27222895018406,430.1256481790256,437.1421638310688,5320.0,8001579.196874217,1983310799.0
2019-02-19,432.37622867119046,425.2273259313728,426.1540355457936,426.286422633568,4755.0,6676241.994558866,1983310799.0
2019-02-20,433.3029382856112,425.2273259313728,430.2580352668,426.94835807244,6676.0,8743889.293165972,1983310799.0
2019-02-21,430.39042235457447,424.4330034047265,426.5511968091168,430.39042235457447,5379.0,6632340.01950595,1983310799.0
2019-02-22,431.4495190567696,424.8301646680496,426.94835807244,426.94835807244,3247.0,5052943.858494298,1983310799.0
2019-02-25,431.0523577934465,426.0216484580192,426.94835807244,428.5370031257328,3789.0,5417089.144606725,1983310799.0
2019-02-26,415.16590726051845,406.8255207307312,408.414165784024,413.709649295,22886.0,24655969.09242982,1983310799.0
2019-02-27,408.5465528717984,393.7191990410656,397.2936504109744,405.5016498529872,30019.0,24378037.99130989,1983310799.0
2019-02-28,413.709649295,394.513521567712,396.499327884328,413.709649295,33418.0,49518438.5577675,1983310799.0
2019-03-01,404.0453918874688,398.6175212887184,399.147069639816,399.0146825520416,12385.0,17168102.94068802,1983310799.0
2019-03-04,401.3976501319808,379.950941912528,379.950941912528,399.27945672759046,11637.0,22260535.779528413,1983310799.0
2019-03-05,384.0951277340283,377.7003614203632,380.6128773514,379.4213935614305,5158.0,15172944.703953426,1983310799.0
2019-03-06,382.7310707557904,375.5490712440292,379.0242322981072,378.627071034784,6498.0,11283849.31502713,1983310799.0
2019-03-07,379.289006473656,364.8588139062464,366.8446202228625,377.30320015704,9066.0,11256172.6065203,1983310799.0
2019-03-08,366.050297696216,354.6650081476175,356.78320155200805,362.740620501856,8079.0,12605033.19936832,1983310799.0
2019-03-11,364.3292655551488,351.8848793043552,355.98887902536154,360.4900400096912,8371.0,12110513.586226262,1983310799.0
2019-03-12,360.3576529219168,349.7666858999648,352.811588918776,358.90139495639846,8763.0,12299884.353269055,1983310799.0
2019-03-13,358.2394595175264,350.56100842661124,356.78320155200805,355.45933067426404,8558.0,14495007.261890024,1983310799.0
2019-03-14,364.726426818472,351.0905567777088,359.9604916585936,355.45933067426404,8931.0,13958130.146355014,1983310799.0
2019-03-15,364.5940397306976,358.769007868624,363.1377817651792,360.75481418524,5851.0,19071909.31846936,1983310799.0
2019-03-18,366.5560163715143,357.9746853419776,359.2985562197216,363.6673301162768,5399.0,8620505.101439998,1983310799.0
2019-03-19,366.6620584288216,357.18036281533125,365.6531364328928,358.90139495639846,5762.0,10841650.03427129,1983310799.0
2019-03-20,365.388362257344,355.7241048498128,355.7241048498128,364.0644913796,4577.0,7667657.564896537,1983310799.0
2019-03-21,357.31274990310555,349.10475046109275,354.797395235392,353.2087501820992,5516.0,7981490.484055547,1983310799.0
2019-03-22,356.3860402886848,344.868363652312,345.1331378278608,355.45933067426404,4741.0,8095367.789818861,1983310799.0
2019-03-25,347.38371832002554,340.4995897557568,344.868363652312,345.1331378278608,4087.0,6312770.056253227,1983310799.0
2019-03-26,346.0598474422816,333.0859128403904,337.45468673694563,346.0598474422816,6139.0,8977106.174569193,1983310799.0
2019-03-27,342.220621896824,337.05752547362243,340.89675101908,337.9842350880432,4256.0,7028860.351288268,1983310799.0
2019-03-28,346.3246216178304,337.58707382472,338.6461705269152,342.61778316014727,4977.0,5749709.3734242,1983310799.0
2019-03-29,341.55868645795204,335.0717191570064,338.910944702464,341.55868645795204,5889.0,8411725.008379104,1984225829.0
2019-04-01,337.58707382472,330.967719436,333.615461191488,337.58707382472,9789.0,14593912.392317193,1984225829.0
2019-04-02,337.58707382472,330.305783997128,337.58707382472,333.0859128403904,8454.0,11814894.272316346,1984225829.0
2019-04-03,351.6201051288065,335.7336545958784,349.89907298773926,339.0433317902384,10945.0,19622091.847056445,1984225829.0
2019-04-04,352.811588918776,346.7217828811536,347.25133123225123,350.82578260216,5219.0,7065242.269333084,1984225829.0
2019-04-05,349.7600665455761,340.234815580208,346.85416996892803,348.0456537588976,5794.0,13101098.79491879,1984225829.0
2019-04-08,349.222574969212,345.00075074008646,345.9274603545072,347.5161054078,3871.0,5092145.986635706,1984225829.0
2019-04-09,345.9274603545072,339.1757188780128,341.0291381068544,345.9274603545072,3965.0,6613588.943810183,1984225829.0
2019-04-10,345.00075074008646,339.3081059657872,340.89675101908,341.8234606335008,4015.0,6723398.987260742,1984225829.0
2019-04-11,361.0195883607888,343.27971859901925,361.0195883607888,343.9416540378912,7410.0,12568006.618737184,1984225829.0
2019-04-12,366.9770073106368,354.9297823231664,359.1661691319472,362.078685062984,5570.0,10708761.976079546,1984225829.0
2019-04-15,363.9400475170921,357.31274990310555,359.6957174830448,359.0337820441728,4138.0,7546759.928860653,1984225829.0
2019-04-16,368.1022975567192,353.6059114454224,366.050297696216,358.50423369307526,8599.0,12312788.173234576,1984225829.0
2019-04-17,375.0526196648752,362.8730075896305,372.007716646064,366.9770073106368,9847.0,11835375.519730903,1984225829.0
2019-04-18,371.4781682949665,365.6531364328928,368.8304265394784,369.4923619783504,4992.0,7275536.640085029,1984225829.0
2019-04-23,369.8895232416736,354.74576427116,356.78320155200805,367.37416857396,4697.0,9250592.576264942,1984225829.0
2019-04-24,358.50423369307526,353.3411372698736,353.7382985331968,355.59171776203846,4319.0,6350725.132178476,1984225829.0
2019-04-25,356.121266113136,350.82578260216,352.54681474322723,354.797395235392,3221.0,5268255.12333135,1984225829.0
2019-04-26,355.3269435864896,348.9388694401115,354.4002339720688,353.6059114454224,4427.0,6921449.298117948,1984225829.0
2019-04-29,364.0644913796,354.4002339720688,361.416749624112,356.91558863978247,5446.0,7772061.199162995,1984225829.0
2019-04-30,362.2110721507584,356.78320155200805,357.7099111664288,359.9604916585936,4594.0,6898911.773320329,1984297024.0
2019-05-01,363.2701688529536,358.50820530570843,363.0053946774048,358.769007868624,1577.0,2603520.431425716,1984297024.0
2019-05-02,363.0053946774048,354.13545979652,354.797395235392,358.769007868624,5181.0,6709868.621690254,1984297024.0
2019-05-03,355.59171776203846,346.0598474422816,347.5161054078,355.59171776203846,5310.0,8027690.29624284,1984297024.0
2019-05-06,347.5161054078,347.5161054078,347.5161054078,347.5161054078,0.0,0.0,1984297024.0
2019-05-07,351.2229438654833,341.16152519462884,341.16152519462884,347.64849249557443,4615.0,7107897.19216984,1984297024.0
2019-05-08,342.7501702479216,331.49726778709766,331.49726778709766,341.55868645795204,8447.0,13489298.90301678,1984297024.0
2019-05-09,333.0859128403904,322.362558730664,323.8850102400696,332.291590313744,10900.0,12955835.32871753,1984297024.0
2019-05-10,340.4995897557568,327.0623003466552,330.0410098215792,334.5421708059088,8253.0,23622929.75744381,1984297024.0
2019-05-13,337.1899125613968,329.71004210214323,333.615461191488,330.5705581726768,7323.0,9756454.92947965,1984297024.0
2019-05-14,338.1166221758176,330.73306332291986,336.925138385848,331.629654874872,6219.0,9040725.464323135,1984297024.0
2019-05-15,338.9043253480753,330.5043646287896,336.263202946976,338.38139635136645,6223.0,8411219.24264979,1984297024.0
2019-05-16,336.5279771225248,328.71713894383527,332.291590313744,335.20410624478075,5798.0,13304348.679423034,1984297024.0
2019-05-17,338.24900926359203,329.1143002071584,336.925138385848,332.0268161381952,5991.0,22207320.16631389,1984297024.0
2019-05-20,336.263202946976,330.967719436,332.55636448929283,335.99842877142726,5921.0,10145357.070604896,1984297024.0
2019-05-21,334.5421708059088,324.5469456789416,326.4665584516704,333.35068701593923,6291.0,9195670.94730676,1984297024.0
2019-05-22,328.71713894383527,312.0363658842608,312.9630754986816,327.85662287330166,8676.0,11818224.777387591,1984297024.0
2019-05-23,317.3318493952368,305.152237319992,316.9346881319136,311.7053981648248,8280.0,10719849.56866487,1984297024.0
2019-05-24,319.714816975176,309.5210112165472,310.0505595676448,317.72901065856,8469.0,8790797.177374305,1984297024.0
2019-05-27,310.0505595676448,310.0505595676448,310.0505595676448,310.0505595676448,0.0,0.0,1984297024.0
2019-05-28,312.433527147584,305.2846244077664,305.2846244077664,310.447720830968,6733.0,7616741.298564833,1984297024.0
2019-05-29,307.0718500927208,299.4595925456928,305.0860437761048,304.3579147933456,5373.0,7233253.115365918,1984297024.0
2019-05-30,306.7408823732848,302.4383020206168,305.2846244077664,304.88746314444325,2855.0,3967082.9546380974,1984297024.0
2019-05-31,304.0931406177968,298.4666893873848,298.5990764751592,304.0931406177968,4907.0,6713763.772680196,1984299574.0
2019-06-03,299.1119440531972,292.244496261988,297.27520559741527,296.8118507902048,6744.0,9323827.453869635,1984299574.0
2019-06-04,308.7266886899008,294.892238017476,306.47610819773604,295.885141175784,6922.0,10778421.76936479,1984299574.0
2019-06-05,315.01507535918483,307.5352048999313,310.2491401993064,311.77159170871204,9077.0,11962556.728797847,1984299574.0
2019-06-06,313.6250109375536,308.3957209704648,311.30823690150163,311.9039787964864,6499.0,7786024.862537404,1984299574.0
2019-06-07,313.1616561303432,307.79997907548,308.99146286544965,310.51391437485523,7175.0,7709220.939607043,1984299574.0
2019-06-10,312.84458905512355,309.15562285428985,310.1829466554192,310.31533374319366,2810.0,4281139.316567074,1984299574.0
2019-06-11,313.95597865698966,306.1451404783,309.123849953224,311.10965626984,6276.0,8457514.168989163,1984299574.0
2019-06-12,310.1829466554192,301.5777859500832,304.02694707390964,306.6084952855104,5273.0,7639547.558585788,1984299574.0
2019-06-13,311.347953027834,302.504495564504,309.05765640933674,303.7621728983608,5468.0,6160412.282105556,1984299574.0
2019-06-14,310.91107563817843,304.63989929030504,304.9536566883304,309.45481767266006,4107.0,13421764.835543102,1984299574.0
2019-06-17,300.849656967324,294.0979154908296,298.26810875572323,297.87094749240003,8865.0,11133214.163856018,1984299574.0
2019-06-18,304.02694707390964,295.55417345634805,302.83546328394004,297.0766249657536,7575.0,8433860.940090163,1984299574.0
2019-06-19,302.57068910839126,285.7628244445534,293.237399420296,298.532882931272,11886.0,17618546.957705908,1984299574.0
2019-06-20,301.842560125632,291.25159310368,301.842560125632,292.11210917421363,9967.0,14391036.925427483,1984299574.0
2019-06-21,307.138043636608,300.187721528452,305.0198502322176,301.842560125632,8993.0,17953460.494412422,1984299574.0
2019-06-24,307.27043072438244,299.1286248262568,299.19481837014405,306.0789469344128,5299.0,6815635.558803192,1984299574.0
2019-06-25,298.5908022821733,290.920625384244,290.920625384244,297.87094749240003,5146.0,8114494.792877611,1984299574.0
2019-06-26,297.6061733168512,290.3910770331464,297.47378622907684,290.58965766480804,5944.0,8821688.14032206,1984299574.0
2019-06-27,304.6226889688944,298.1357216679488,300.7172698795496,298.1357216679488,8096.0,14731284.403392706,1984299574.0
2019-06-28,317.7952042024472,300.95887631473795,315.6770107980568,301.90875366951923,11534.0,15677694.372563643,1984306551.0
2019-07-01,321.2272070659108,309.2562370409984,312.63210777924564,317.6628171146728,13529.0,20389709.8565437,1984306551.0
2019-07-02,316.6699139563648,311.6392046209376,314.8826882714104,316.6699139563648,7907.0,11208766.505324883,1984306551.0
2019-07-03,323.531536715712,315.081268903072,322.2963651867768,316.6699139563648,10395.0,17027340.034603436,1984306551.0
2019-07-04,304.22286660000003,294.9497986,303.1630874,299.3213878,10803.0,17433281.19668701,1984306551.0
2019-07-05,308.26857369600003,299.3213878,302.368253,303.1630874,8680.0,11605840.914786778,1984306551.0
2019-07-08,301.8383634,296.47323120000004,298.2616086,299.387624,5356.0,7976544.548147388,1984306551.0
2019-07-09,298.5927896,291.770461,293.4926022,297.0031208,5358.0,8350987.828408031,1984306551.0
2019-07-10,300.133443612,292.50568282,296.0095778,293.4926022,7924.0,10453617.508250777,1984306551.0
2019-07-11,300.876613776,292.8964764,298.6590258,296.738176,6843.0,9416051.94742452,1984306551.0
2019-07-12,303.2955598,298.3278448,302.037072,302.5669616,4658.0,7206122.935796438,1984306551.0
2019-07-15,304.0903942,299.1889154,301.5071824,302.76567020000005,3578.0,4297492.911731048,1984306551.0
2019-07-16,312.5686278,302.037072,309.2568178,302.1695444,7471.0,11018156.234808156,1984306551.0
2019-07-17,311.4044603488,304.22286660000003,306.5411336,309.0581092,4570.0,5998947.705333337,1984306551.0
2019-07-18,308.8594006,299.1226792,302.037072,306.011244,4953.0,7225197.097659588,1984306551.0
2019-07-19,304.5871657,297.7979552,298.1291362,302.1033082,4900.0,8565850.697956705,1984306551.0
2019-07-22,303.692977,297.323704008,298.5927896,298.1953724,5467.0,8260328.943991352,1984306551.0
2019-07-23,300.57987560000004,292.96271260000003,300.57987560000004,298.1953724,7498.0,9942406.116292903,1984306551.0
2019-07-24,302.037072,295.8771054,301.1760014,300.57987560000004,3985.0,5601953.312539064,1984306551.0
2019-07-25,304.024158,291.9029334,294.5523814,302.9643788,5614.0,7753603.014665697,1984306551.0
2019-07-26,294.8835624,288.99516422,290.114556,293.82378320000004,5056.0,7554095.796558377,1984306551.0
2019-07-29,293.85027768,289.2534854,290.5119732,290.114556,4592.0,7094917.884782038,1984306551.0
2019-07-30,292.31359784,273.95292320000004,274.7477576,290.8431542,10388.0,15317377.808509544,1984306551.0
2019-07-31,284.6831876,275.542592,281.1064328,275.542592,8406.0,14040391.809916632,1984330139.0
2019-08-01,283.0935188,273.886687,273.886687,282.0337396,6664.0,8912981.119085938,1984330139.0
2019-08-02,296.964041442,277.1322608,296.8706484,279.3180554,13735.0,25649311.10178422,1984330139.0
2019-08-05,301.58666584,291.5717524,294.419909,296.738176,7659.0,11432991.324985432,1984330139.0
2019-08-06,301.44094620000004,291.41278552,295.5459244,294.9497986,6343.0,8790415.21101754,1984330139.0
2019-08-07,302.8319064,293.2938936,302.5669616,295.413452,6620.0,9222789.048888674,1984330139.0
2019-08-08,311.4426124,300.714997448,307.4022042,303.4280322,4930.0,6992866.438594001,1984330139.0
2019-08-09,307.30947352,296.6237198464,299.9175136,306.5411336,3259.0,4743243.120831207,1984330139.0
2019-08-12,303.8916856,294.6848538,297.2680656,302.3020168,4486.0,5400978.618942512,1984330139.0
2019-08-13,296.5394674,288.85606820000004,294.3536728,296.5394674,6413.0,11668546.806731062,1984330139.0
2019-08-14,297.731719,280.9077242,281.5700862,294.088728,6204.0,8729865.239853736,1984330139.0
2019-08-15,283.5571722,273.95292320000004,275.7413006,282.16621200000003,6857.0,7931522.339747751,1984330139.0
2019-08-16,279.39091522,272.561963,279.3842916,276.4698988,4488.0,5807220.220966782,1984330139.0
2019-08-19,287.465108,280.3778346,280.7752518,284.2195342,4180.0,5637687.548500669,1984330139.0
2019-08-20,282.2986844,274.8139938,275.4763558,281.172669,4232.0,6480835.253230107,1984330139.0
2019-08-21,280.179126,276.004589495,278.3907486,276.27119020000004,3720.0,5067120.396399552,1984330139.0
2019-08-22,283.2922274,275.542592,278.3907486,277.0660246,4232.0,5766238.099407877,1984330139.0
2019-08-23,285.478022,278.05956760000004,278.05956760000004,279.516764,4534.0,6307147.7530413885,1984330139.0
2019-08-26,278.05956760000004,278.05956760000004,278.05956760000004,278.05956760000004,0.0,0.0,1984330139.0
2019-08-27,284.35200660000004,275.4763558,279.9804174,277.860859,4719.0,6594621.974086678,1984330139.0
2019-08-28,280.179126,272.7606716,276.0062454,279.4505278,5898.0,8362297.3540148735,1984330139.0
2019-08-29,282.497393,274.12844913000004,281.7687948,276.3374264,5656.0,7720652.754837989,1984330139.0
2019-08-30,284.5507152,278.523221,279.3180554,281.50385,4158.0,5437443.573151842,1984330139.0
2019-09-02,284.2195342,278.7219296,281.6363224,278.7219296,3365.0,4546790.123829568,1984330139.0
2019-09-03,282.2324482,276.0062454,276.6686074,280.7090156,4523.0,5776293.024056331,1984330139.0
2019-09-04,284.0208256,279.1193468,280.9739604,279.1193468,4239.0,5423383.285876907,1984330139.0
2019-09-05,286.0079116,281.4376138,285.8754392,283.7558808,4505.0,8466759.868470715,1984330139.0
2019-09-06,286.802746,282.16621200000003,284.8818962,284.8818962,3749.0,5842478.886167986,1984330139.0
2019-09-09,284.8818962,276.0724816,280.510307,284.81566,5491.0,8541412.399865935,1984330139.0
2019-09-10,297.5992466,280.841488,291.9029334,281.3051414,9776.0,15418928.018213606,1984330139.0
2019-09-11,301.7721272,294.0224918,299.1889154,294.1549642,5824.0,8205867.788309112,1984330139.0
2019-09-12,303.2293236,296.6719398,302.1695444,301.705891,8211.0,9974000.62201636,1984330139.0
2019-09-13,307.1372594,299.25515160000003,302.8981426,302.037072,7912.0,10271061.745691933,1984330139.0
2019-09-16,299.6525688,286.4053288,294.8173262,296.5394674,10594.0,13785656.48391665,1984330139.0
2019-09-17,295.05908833,287.53134420000004,292.49905920000003,294.419909,8059.0,10586916.218019754,1984330139.0
2019-09-18,298.08679139734,287.91339460160003,298.0629,292.432823,5576.0,10145258.936955923,1984330139.0
2019-09-19,309.2568178,296.8044122,309.2568178,299.6525688,9642.0,12595034.135412358,1984330139.0
2019-09-20,316.940217,308.1308024,316.4765636,309.323054,10445.0,27993915.713763773,1984330139.0
2019-09-23,322.239113,310.2503608,312.1712106,316.0129102,8158.0,11400497.00918833,1984330139.0
2019-09-24,320.817684148,311.9062658,316.4765636,313.959588,5494.0,7907671.333802362,1984330139.0
2019-09-25,317.9999962,312.634864,317.9999962,313.628407,3420.0,4274496.423405932,1984330139.0
2019-09-26,313.2309898,300.7785842,305.348882,309.1243454,13722.0,20948428.50284285,1984330139.0
2019-09-27,314.0920604,303.8916856,314.0920604,305.8787716,5809.0,8971652.963183274,1984330139.0
2019-09-30,316.940217,312.5023916,314.62195,312.5023916,6347.0,9191380.24222404,1984330139.0
2019-10-01,321.3780424,315.1518396,315.1518396,317.2051618,6850.0,9422851.854424017,1984330139.0
2019-10-02,316.0129102,306.9385508,307.2697318,314.6881862,5703.0,8872858.044392643,1984330139.0
2019-10-03,307.9320938,296.738176,299.9175136,307.9320938,7415.0,10445434.671675006,1984330139.0
2019-10-04,303.361796,297.7979552,301.1760014,303.361796,5615.0,6616080.02874561,1984330139.0
2019-10-07,311.37637620000004,298.4603172,310.3828332,302.3020168,5441.0,7450635.75507049,1984330139.0
2019-10-08,312.8998088,299.1226792,305.4813544,311.972502,6319.0,8881081.644176448,1984330139.0
2019-10-09,307.62483731544,302.5669616,303.4280322,303.75921320000003,4809.0,6743243.120831207,1984330139.0
2019-10-10,309.47539726,303.4942684,305.4151182,304.7527562,3212.0,5750752.609600188,1984330139.0
2019-10-11,333.6979756,305.7462992,330.4524018,306.8060784,17491.0,23641951.078111365,1984330139.0
2019-10-14,330.4524018,317.818509012,327.4717728,330.4524018,6422.0,9215386.752259338,1984330139.0
2019-10-15,342.83857120000005,327.538009,341.2489024,329.0614416,12844.0,15973221.591818372,1984330139.0
2019-10-16,341.11643,332.2407792,338.7319268,341.11643,12392.0,16770169.484360516,1984330139.0
2019-10-17,351.9791668,335.12867752,339.9241784,336.6123684,12579.0,16320619.238422494,1984330139.0
2019-10-18,343.8983504,335.9500064,336.8773132,336.479896,5827.0,8497258.296822583,1984330139.0
2019-10-21,350.12455320000004,336.32092912,347.74005,337.4072028,11657.0,14669888.973099304,1984330139.0
2019-10-22,349.3297188,340.18912320000004,341.2489024,347.077688,6473.0,9245790.066459129,1984330139.0
2019-10-23,344.8256572,336.22025009600003,338.9968716,339.6592336,5547.0,8337480.109064228,1984330139.0
2019-10-24,346.1503812,339.6592336,343.103516,340.8514852,7554.0,11000335.164154949,1984330139.0
2019-10-25,345.50789006,337.25485954000004,344.8256572,340.8514852,5707.0,8562643.99225801,1984330139.0
2019-10-28,347.87252240000004,342.1762092,344.0308228,344.6931848,4212.0,6549441.242100242,1984330139.0
2019-10-29,349.5946636,341.3813748,346.8127432,344.56071240000006,6411.0,9243828.903228143,1984330139.0
2019-10-30,351.3168048,342.1762092,344.2957676,350.52197040000004,6448.0,8401807.470839208,1984330139.0
2019-10-31,353.30461939820003,330.849819,351.84669440000005,342.441154,11407.0,15888461.294579098,1984330139.0
2019-11-01,359.99785364440004,351.5817496,359.3976212,352.77400120000004,8670.0,16896213.852847837,1984330139.0
2019-11-04,367.61091,360.5898728,362.8419036,365.623824,7433.0,10290428.798753552,1984330139.0
2019-11-05,366.0212412,359.2651488,359.2651488,364.961462,4699.0,7905577.312708156,1984330139.0
2019-11-06,364.4315724000001,359.7950384,361.2522348,361.3847072,5328.0,6960927.710224922,1984330139.0
2019-11-07,368.644857082,359.000204,360.7223452,362.974376,5577.0,9533658.331848748,1984330139.0
2019-11-08,361.2522348,349.32309518,358.73525920000003,356.350756,9942.0,13827225.89762094,1984330139.0
2019-11-11,361.5171796,352.6415288,358.337842,358.0728972,5328.0,7419797.633318337,1984330139.0
2019-11-12,362.8419036,357.67548,359.662566,359.3976212,3562.0,5709157.530172323,1984330139.0
2019-11-13,358.73525920000003,352.5090564,357.4105352,357.9404248,3757.0,4466208.81028803,1984330139.0
2019-11-14,360.5898728,353.5688356,359.13267640000004,356.6157008,3117.0,4390377.165356708,1984330139.0
2019-11-15,370.8464158976,359.13267640000004,369.2005788,362.0470692,6097.0,9970516.122603651,1984330139.0
2019-11-18,372.909806,362.1795416,363.3717932,371.4526096,3837.0,14259806.571029134,1984330139.0
2019-11-19,369.3330512,362.8419036,366.8160756,365.0939344,4414.0,13038586.150775556,1984330139.0
2019-11-20,369.597996,362.0470692,364.8289896,365.8887688,5537.0,7335620.098979108,1984330139.0
2019-11-21,363.39166406,358.6027868,362.0470692,361.7821244,3271.0,5166451.275888411,1984330139.0
2019-11-22,368.0083272,361.9145968,367.7433824,363.3717932,3184.0,5221677.874032629,1984330139.0
2019-11-25,375.87718776,369.7304684,374.7644196,370.92272,4235.0,8108999.308535212,1984330139.0
2019-11-26,378.39416336,372.7773336,378.208702,375.6917264000001,5323.0,9311696.625108324,1984330139.0
2019-11-27,380.85815,376.1747870066,378.871064,378.6061192,6746.0,7885958.131656104,1984330139.0
2019-11-28,375.4267816,370.260358,372.5123888,370.92272,3189.0,4920215.833637799,1984330139.0
2019-11-29,373.3072232,365.2264068,366.948548,373.3072232,4395.0,21402008.267382488,1984330139.0
2019-12-02,368.8031616,359.662566,359.662566,365.75629640000005,5014.0,7129361.285822556,1984330139.0
2019-12-03,364.8289896,352.6415288,356.8806456,356.0858112,5488.0,8601097.285170345,1984330139.0
2019-12-04,365.75629640000005,356.48322840000003,365.75629640000005,356.48322840000003,3767.0,7403822.9850142365,1984330139.0
2019-12-05,364.2991,360.05998320000003,363.3717932,363.2393208,5900.0,9598160.824443432,1984330139.0
2019-12-06,372.909806,362.4444864,370.92272,365.2264068,5527.0,7892871.269789028,1984330139.0
2019-12-09,371.1876648,365.75629640000005,366.5511308,367.7433824,3183.0,4281749.254939142,1984330139.0
2019-12-10,365.833130392,357.2780628,361.9145968,364.4315724000001,4208.0,6506499.467058798,1984330139.0
2019-12-11,364.2991,358.6027868,361.7821244,361.9145968,5208.0,11788570.298416875,1984330139.0
2019-12-12,371.9824992,363.2393208,368.6706892,363.2393208,4749.0,6520287.999613504,1984330139.0
2019-12-13,418.3478392,386.5544632,416.8906428,400.066648,25104.0,36897171.03336242,1984330139.0
2019-12-16,425.6338212,414.2411948,423.91168,415.1685016,5667.0,10905605.997928623,1984330139.0
2019-12-17,427.4884348,410.192838256,413.5788328,421.262232,9265.0,15203733.004006872,1984330139.0
2019-12-18,416.7250523,411.7242192,415.8308636,413.44636040000006,3858.0,7260318.375752232,1984330139.0
2019-12-19,417.5530048,410.2670228,415.0360292,415.963336,2913.0,4565411.361159003,1984330139.0
2019-12-20,417.28806,410.79691240000005,416.3607532,417.28806,3143.0,10984043.468677249,1984330139.0
2019-12-23,416.625698,413.3801242,414.5061396,416.625698,2017.0,3588912.1054649875,1984330139.0
2019-12-24,418.082232038,412.9164708,414.638612,412.9164708,584.0,681752.5763857226,1984330139.0
2019-12-27,418.8777288,413.700707408,417.28806,416.7581704,2014.0,3227419.447371679,1984330139.0
2019-12-30,417.351646752,412.2541088,413.97625,415.0360292,1627.0,2619043.6649445468,1984330139.0
2019-12-31,415.0360292,409.6688436778,413.97625,411.7242192,795.0,1807771.279149468,1984330139.0
2020-01-02,421.5271768,413.8437776,421.3947044,417.0231152,4400.0,7152079.98043366,1984330139.0
2020-01-03,417.0231152,408.677354,414.2411948,414.638612,7125.0,18963257.25207666,1984330139.0
2020-01-06,410.8631486,396.4898932,404.04082,407.7500472,7522.0,10742589.399754211,1984330139.0
2020-01-07,411.219499356,404.1732924,408.677354,405.365544,5806.0,9278485.178799508,1984330139.0
2020-01-08,410.002078,397.5496724,409.6046608,403.1135132,5436.0,8800846.063028978,1984330139.0
2020-01-09,420.3349252,412.4034051948,420.3349252,415.300974,7258.0,10233796.624806374,1984330139.0
2020-01-10,443.3851228,421.7921216,439.808368,426.561128,10227.0,18706683.0524698,1984330139.0
2020-01-13,442.457816,432.7873308,434.3769996,441.0006196,3982.0,10427429.41171142,1984330139.0
2020-01-14,438.656189301,426.8260728,428.4157416,434.3769996,3385.0,8075159.806872979,1984330139.0
2020-01-15,428.558811792,420.0699804,426.1637108,427.0910176,3458.0,5952036.801628113,1984330139.0
2020-01-16,429.413921134,419.6725632,422.8519008,426.561128,2450.0,3447326.3864774853,1984330139.0
2020-01-17,453.055608,429.19070514,444.444902,431.9924964000001,10357.0,24633045.072030097,1984330139.0
2020-01-20,443.78254,435.3043064,435.3043064,443.78254,3463.0,6531331.809493902,1984330139.0
2020-01-21,430.307778653,417.0231152,422.4544836,430.2703552,6979.0,9160431.90883535,1984330139.0
2020-01-22,425.5013488,418.7452564,419.937508,421.1297596,5532.0,8855249.84827028,1984330139.0
2020-01-23,419.55996166,402.18620640000006,403.378458,417.28806,6725.0,12783640.969741622,1984330139.0
2020-01-24,417.0231152,405.6304888,411.326802,408.8098264,6118.0,8996645.338953624,1984330139.0
2020-01-27,398.6094516,383.507598,388.806494,395.6950588,10271.0,16282466.385450857,1984330139.0
2020-01-28,394.6352796,381.2555672,392.3832488,390.79358,7409.0,11899185.037789004,1984330139.0
2020-01-29,396.092476,390.131218,392.118304,392.118304,6208.0,8399370.736847827,1984330139.0
2020-01-30,388.325619188,376.4865608,379.1360088,388.144132,6636.0,9165753.772106493,1984330139.0
2020-01-31,386.157046,376.4865608,377.01645040000005,379.4009536,5493.0,11030634.305711985,1985167037.0
2020-02-03,382.5473718086,373.1085146,380.85815,378.6061192,6421.0,11019282.50714866,1985167037.0
2020-02-04,394.3703348,380.85815,393.7079728,383.7725428,7220.0,11690484.961395731,1985167037.0
2020-02-05,420.59987,391.8533592,408.8098264,393.1780832,13064.0,27532251.24629734,1985167037.0
2020-02-06,416.3607532,409.6046608,411.989164,414.9035568,6024.0,8445578.097777348,1985167037.0
2020-02-07,410.3994952000001,401.1264272,403.9083476,407.35263,4519.0,7900667.610762695,1985167037.0
2020-02-10,405.4980164,397.932517636,401.6563168,403.6434028,3459.0,10733426.736437175,1985167037.0
2020-02-11,418.4803116,407.812640409,416.7581704,409.6046608,6171.0,10133138.676433733,1985167037.0
2020-02-12,426.54125714,415.0360292,423.7792076,417.0231152,5312.0,6793718.540616763,1985167037.0
2020-02-13,420.59987,413.7113052,416.4932256,420.59987,5011.0,8105942.067932641,1985167037.0
2020-02-14,427.3559624,416.2282808,423.6467352,417.28806,11530.0,11989366.841696836,1985167037.0
2020-02-17,426.8260728,421.1297596,423.91168,422.4544836,2813.0,4891775.192417439,1985167037.0
2020-02-18,422.586956,418.3478392,418.612784,420.9972872,3911.0,5699268.677852896,1985167037.0
2020-02-19,426.40878474,420.7323424000001,425.236404,422.9843732,4310.0,7385379.898001395,1985167037.0
2020-02-20,423.91168,417.5530048,418.4803116,421.924594,6162.0,8896056.839009484,1985167037.0
2020-02-21,418.2153668,409.8696056,412.651526,413.97625,6369.0,11676693.409344137,1985167037.0
2020-02-24,388.4090768,374.1020576,374.896892,383.1101808,22279.0,27269093.03371872,1985167037.0
2020-02-25,388.5415492,364.4315724000001,366.1537136,376.883978,15814.0,16550437.676074412,1985167037.0
2020-02-26,374.23453,355.2909768,370.6577752,360.8548176,16388.0,17542706.254283912,1985167037.0
2020-02-27,362.0470692,327.0081194,341.3813748,361.649652,20616.0,22626298.0062262,1985167037.0
2020-02-28,333.5655032,306.2099526,312.634864,324.3586714,17777.0,24576760.14022544,1985205882.0
2020-03-02,319.8546098,275.211411,286.8689822,319.589665,20799.0,29403231.16362352,1985205882.0
2020-03-03,313.378696526,291.9029334,307.6009128,294.8173262,19268.0,27088187.426211044,1985205882.0
2020-03-04,309.985416,294.0224918,296.075814,309.5879988,13651.0,20281731.1379578,1985205882.0
2020-03-05,302.037072,279.4505278,280.24536220000005,300.1824584,11993.0,17026663.667299755,1985205882.0
2020-03-06,288.9223044,262.4278244,285.8754392,270.8398218,22360.0,31492226.305253018,1985205882.0
2020-03-09,281.70255860000003,256.14863264,277.529678,262.5602968,25649.0,31690083.368309174,1985205882.0
2020-03-10,304.4878114,276.0062454,278.05956760000004,283.0935188,21306.0,31057892.81389935,1985205882.0
2020-03-11,289.8496112,261.964171,262.8914778,284.81566,16328.0,22505906.135919634,1985205882.0
2020-03-12,247.4584432,220.897727,221.2951442,244.411578,23141.0,32231234.581694,1985205882.0
2020-03-13,253.6184098,213.5455088,232.0254086,251.69756,13517.0,21747517.218681023,1985205882.0
2020-03-16,205.33222,161.616328,169.3659634,198.7086,23993.0,36289622.59308354,1985205882.0
2020-03-17,181.487188,149.8262844,158.43699039999998,181.4209518,15179.0,27624413.84016595,1985205882.0
2020-03-18,156.86851718399998,142.0104128,142.0104128,156.5823768,13768.0,24219372.488156024,1985205882.0
2020-03-19,150.45963494440002,127.7033936,129.16059,147.706726,12864.0,23476393.573302817,1985205882.0
2020-03-20,148.7665052,133.3334706,143.2689006,136.5128082,13417.0,31862351.70495892,1985205882.0
2020-03-23,138.6986028,130.6509045,133.8633602,136.1816272,11585.0,18745577.19192828,1985205882.0
2020-03-24,145.057278,135.5192652,142.739011,145.057278,11436.0,27203973.05400974,1985205882.0
2020-03-25,164.7398284834,146.51447439999998,152.4094962,153.6017478,16042.0,39794455.29785827,1985205882.0
2020-03-26,159.298061,148.3028518,153.336803,150.7535912,9322.0,56275245.25863501,1985205882.0
2020-03-27,153.6017478,138.32443450620002,140.22203539999998,153.005622,11491.0,26866236.287709743,1985205882.0
2020-03-30,143.2689006,127.9021022,133.9958326,140.8181612,11847.0,25871013.13179198,1985205882.0
2020-03-31,146.57726631760002,136.446572,142.4740662,140.22203539999998,11869.0,26015194.108357664,1985835067.0
2020-04-01,141.850783558,133.2009982,134.0620688,139.09602,8195.0,17064491.924355563,1985835067.0
2020-04-02,139.758382,131.8762742,132.4724,138.36742180000002,9322.0,19687107.65412267,1985835067.0
2020-04-03,137.8375322,130.7171407,131.147676,135.1880842,10730.0,24539796.96902902,1985835067.0
2020-04-06,150.687355,136.0491548,149.9587568,139.02978380000002,13348.0,47062985.19540674,1985835067.0
2020-04-07,175.34974170799998,155.8006571676,160.7552574,156.317432,17723.0,30576597.0873933,1985835067.0
2020-04-08,168.1074756,154.4628184,165.4580276,159.8941868,11302.0,20662986.4032055,1985835067.0
2020-04-09,175.194749,163.0435856376,163.40470539999998,168.571129,13363.0,23571885.162494224,1985835067.0
2020-04-14,174.201206,157.7083922,157.7083922,171.41928560000002,13077.0,28989037.71653567,1985835067.0
2020-04-15,163.0735244,143.2026644,144.2624436,159.8941868,14499.0,26490157.94988239,1985835067.0
2020-04-16,154.5425005486,142.8714834,145.2559866,149.42886719999998,10360.0,18304114.66841395,1985835067.0
2020-04-17,159.5608862416,150.9522998,154.5952908,153.2705668,9773.0,17923241.36952301,1985835067.0
2020-04-20,158.3707542,146.352858072,149.4951034,158.304518,11752.0,19820208.58684526,1985835067.0
2020-04-21,154.1609138004,139.55967339999998,151.6146618,147.1106002,10346.0,17611695.71925926,1985835067.0
2020-04-22,153.20433060000002,145.9183486,148.8327414,152.34326,8637.0,18147087.242323685,1985835067.0
2020-04-23,152.14455139999998,148.23661560000002,148.9652138,151.0847722,6106.0,14451233.615454992,1985835067.0
2020-04-24,146.84267477100002,141.610346152,144.1962074,145.3222228,11188.0,22419583.249039046,1985835067.0
2020-04-27,152.34326,143.99749880000002,145.7858762,149.693812,10115.0,18284367.15874401,1985835067.0
2020-04-28,149.03145,142.9377196,144.3286798,146.6469468,13225.0,23529194.00569477,1985835067.0
2020-04-29,152.8731496,132.6711086,152.54196860000002,142.4740662,25936.0,53056976.3965928,1985835067.0
2020-04-30,160.8214936,143.82925885199998,146.9781278,154.4628184,19606.0,89297106.41612895,1985886694.0
2020-05-01,145.4546952,139.6259096,142.40783,145.4546952,6401.0,13606932.462913029,1985886694.0
2020-05-04,141.6792318,134.2607774,135.0556118,141.0168698,20553.0,34245113.69915545,1985886694.0
2020-05-05,139.6259096,128.439277782,129.7898339,137.6388236,17586.0,30438103.333222616,1985886694.0
2020-05-06,135.78421,127.173504,130.25348730000002,131.2470303,12842.0,23798105.869600005,1985886694.0
2020-05-07,135.25432039999998,123.3318044,126.1468429,130.485314,20943.0,40304913.32534173,1985886694.0
2020-05-08,126.1468429,126.1468429,126.1468429,126.1468429,0.0,0.0,1985886694.0
2020-05-11,131.0152036,119.37399274140002,122.5038519,130.2203692,19451.0,34213351.611354515,1985886694.0
2020-05-12,123.3318044,116.8075387,120.218703,121.7752537,9870.0,17730380.064073723,1985886694.0
2020-05-13,120.1524668,112.8664848,115.0522794,119.7550496,12925.0,25056831.46074201,1985886694.0
2020-05-14,113.699736196,105.4811485,111.4092884,112.6346581,14732.0,28169245.820261423,1985886694.0
2020-05-15,117.238074,108.8923128,112.2372409,114.1912088,14263.0,27930228.485329773,1985886694.0
2020-05-18,124.8221189,111.80670560000002,124.6234103,116.2114129,13184.0,26295969.575549323,1985886694.0
2020-05-19,140.1557992,127.576220096,134.790667,130.4521959,24984.0,54810043.45056026,1985886694.0
2020-05-20,134.655876333,125.84878,131.7106837,133.6646516,12194.0,53122312.27032952,1985886694.0
2020-05-21,139.7252639,126.511142,136.5128082,129.491771,14564.0,31836921.502139315,1985886694.0
2020-05-22,136.97646160000002,125.5507171,126.3786696,134.8569032,18836.0,38877566.94979482,1985886694.0
2020-05-25,126.3786696,126.3786696,126.3786696,126.3786696,0.0,0.0,1985886694.0
2020-05-26,156.317432,143.99749880000002,154.8602356,149.62757580000002,23914.0,59279526.90522705,1985886694.0
2020-05-27,175.2646944272,157.4978273202,164.7294294,157.9071008,31080.0,64083149.3956477,1985886694.0
2020-05-28,172.99643575820002,156.979794,163.2059968,171.2868132,21881.0,46744932.52934196,1985886694.0
2020-05-29,161.8150366,150.687355,151.349717,159.629242,15748.0,30417249.17794197,1986165840.0
2020-06-01,163.272233,156.672789213,160.291604,160.0928954,10663.0,23109175.94910336,1986165840.0
2020-06-02,168.76983760000002,160.743997246,165.9879172,163.272233,13940.0,30545349.823812354,1986165840.0
2020-06-03,185.2626514,167.8425308,184.9314704,170.16079779999998,23760.0,46956126.71016755,1986165840.0
2020-06-04,193.96761151260003,174.42640907999998,190.8927284,185.46136,29739.0,64625133.99017456,1986165840.0
2020-06-05,217.269307964,201.7554652,216.923555,202.02041,38247.0,71770103.0554289,1986165840.0
2020-06-08,239.3776268,206.2595268,219.6392392,216.923555,39503.0,68297988.10922123,1986165840.0
2020-06-09,231.8929362,190.8927284,206.1270544,224.540718,30223.0,56890670.05655517,1986165840.0
2020-06-10,211.2272418,187.684578053,190.9589646,207.3855422,35153.0,61516868.41938396,1986165840.0
2020-06-11,181.6196604,171.0881046,174.1349698,176.45323679999998,25297.0,50868947.79591824,1986165840.0
2020-06-12,190.3248854574,164.5232361094,182.480731,170.29327020000002,24676.0,53410141.282259546,1986165840.0
2020-06-15,178.77812742,172.28035620000003,175.32722139999998,175.52593,22524.0,38114263.80136541,1986165840.0
2020-06-16,199.9008516,182.0833138,185.5938324,192.08498,20027.0,42289815.84088459,1986165840.0
2020-06-17,192.1512162,176.25784001000002,179.168921,185.6600686,17703.0,37270036.62649729,1986165840.0
2020-06-18,182.3482586,173.966729852,178.175378,176.38700060000002,13866.0,24989736.730066035,1986165840.0
2020-06-19,184.0703998,176.3207644,179.831283,180.4274088,10090.0,41331134.63634689,1986165840.0
2020-06-22,180.584388594,168.97516982000002,171.551758,178.90397620000002,18947.0,31918715.14368276,1986165840.0
2020-06-23,176.1220558,166.8489878,166.8489878,172.876482,13376.0,29645169.861797627,1986165840.0
2020-06-24,169.298071295,152.4757324,152.6082048,167.5113498,28286.0,44391470.223231405,1986165840.0
2020-06-25,155.3901252,144.394916,150.4224102,150.0912292,23087.0,39895036.24906018,1986165840.0
2020-06-26,157.642156,146.91189160000002,146.91189160000002,154.992708,14354.0,30289781.11667034,1986165840.0
2020-06-29,154.1316374,146.1832934,152.7406772,147.2430726,19181.0,27906828.89416965,1986165840.0
2020-06-30,156.5161406,145.5871676,147.17683639999998,154.9264718,12024.0,21639650.221480098,1986259801.0
2020-07-01,148.39227067,139.758382,145.18975039999998,146.713183,18997.0,33121512.10365329,1986259801.0
2020-07-02,156.317432,147.57425360000002,153.4692754,148.9652138,15334.0,27556337.773000263,1986259801.0
2020-07-03,157.642156,149.2301586,150.1574654,154.992708,9343.0,19188531.34690698,1986259801.0
2020-07-06,157.3772112,149.9587568,151.018536,153.336803,11611.0,28974829.47391305,1986259801.0
2020-07-07,151.48218939999998,145.6158478746,146.1170572,150.356174,8738.0,33637695.0972429,1986259801.0
2020-07-08,144.394916,140.2882716,140.4869802,143.2689006,11609.0,24388041.584511187,1986259801.0
2020-07-09,143.401373,136.7115168,137.440115,142.1428852,10259.0,21348519.389699288,1986259801.0
2020-07-10,141.745468,133.2009982,140.22203539999998,136.0491548,10152.0,19933327.998888824,1986259801.0
2020-07-13,145.69314552,140.089563,141.4805232,143.99749880000002,7966.0,17040068.72374925,1986259801.0
2020-07-14,139.82229993299998,133.6646516,137.1751702,139.1622562,10770.0,20144701.83977945,1986259801.0
2020-07-15,153.4030392,139.95709060000002,151.87960660000002,141.08310600000002,13206.0,28390766.680455703,1986259801.0
2020-07-16,154.5013678684,147.8391984,148.4353242,150.6211188,9431.0,18081515.847829435,1986259801.0
2020-07-17,148.1041432,142.1428852,144.9910418,147.57425360000002,6762.0,14063302.24258034,1986259801.0
2020-07-20,143.732554,138.555532608,139.758382,143.732554,10754.0,18761874.926399764,1986259801.0
2020-07-21,149.07781534,141.3480508,143.8650264,142.1428852,11931.0,21803812.71872481,1986259801.0
2020-07-22,146.3157658,139.129469281,142.2753576,143.732554,5420.0,11228690.65556297,1986259801.0
2020-07-23,143.070192,137.2916134396,138.16871319999998,142.3415938,7981.0,16792826.279285345,1986259801.0
2020-07-24,138.0362408,129.4255348,131.5450932,137.2414064,19855.0,42867946.83269873,1986259801.0
2020-07-27,127.5857581088,118.0049567236,123.8285759,127.173504,17474.0,38990736.183537096,1986259801.0
2020-07-28,126.0474886,119.9537582,125.7825438,124.3584655,7963.0,14156129.125765065,1986259801.0
2020-07-29,128.3988737,121.4440727,122.2720252,127.173504,6802.0,13416079.122896545,1986259801.0
2020-07-30,122.6363243,117.569255,119.9206401,121.874608,9909.0,18249988.67688665,1986259801.0
2020-07-31,120.1524668,108.1305965,109.1241395,119.3576324,17995.0,39621346.03132426,1986281457.0
2020-08-03,111.1454696154,102.7323462,108.5280137,110.7469264,15937.0,32440099.22066785,1986281457.0
2020-08-04,116.4517178336,107.86570468896,116.1782948,109.28973,12671.0,24217523.046310022,1986281457.0
2020-08-05,128.498228,121.1791279,128.3657556,122.7687967,13838.0,32942368.37258176,1986281457.0
2020-08-06,130.683360238,118.562798,123.2655682,128.1008108,14399.0,34891510.98643944,1986281457.0
2020-08-07,123.7292216,116.3107672,122.9675053,123.2655682,7749.0,17675070.429764993,1986281457.0
2020-08-10,134.128305,123.105276596,133.5984154,124.7890008,14018.0,26567315.15394905,1986281457.0
2020-08-11,145.4546952,136.0491548,144.8585694,136.0491548,14532.0,34454142.90070988,1986281457.0
2020-08-12,145.9183486,130.0878968,141.28181460000002,142.8714834,14469.0,29554616.65977215,1986281457.0
2020-08-13,144.2682723856,135.3205566,135.3867928,139.3609648,8545.0,20028828.64657091,1986281457.0
2020-08-14,131.9756285,125.773270732,128.86252710000002,131.34638460000002,10640.0,24437428.475667384,1986281457.0
2020-08-17,129.0620967706,121.693783174,122.0401985,127.3722126,9971.0,20312000.08454592,1986281457.0
2020-08-18,128.5975823,118.3309713,123.7292216,120.218703,7114.0,17038154.362720083,1986281457.0
2020-08-19,133.134762,124.9545913,133.134762,127.0410316,8203.0,19710114.710686903,1986281457.0
2020-08-20,129.6390803088,125.102298026,126.179961,129.16059,5985.0,13060838.333116936,1986281457.0
2020-08-21,129.3261805,124.5902922,127.9683384,128.0676927,7129.0,16414813.953699034,1986281457.0
2020-08-24,130.825768068,124.9214732,130.68402260000002,128.8956452,5776.0,13297373.641603837,1986281457.0
2020-08-25,138.835049372,132.67342686700002,133.92959639999998,133.3334706,8087.0,21768498.19283111,1986281457.0
2020-08-26,136.97646160000002,131.252991558,136.446572,133.39970680000002,6987.0,13514638.520929642,1986281457.0
2020-08-27,143.2026644,133.7308878,143.070192,136.9102254,9950.0,24607705.454117235,1986281457.0
2020-08-28,144.9248056,140.089563,143.2689006,143.070192,6957.0,16427862.70951534,1986281457.0
2020-08-31,143.2689006,143.2689006,143.2689006,143.2689006,0.0,0.0,1986281457.0
2020-09-01,138.16871319999998,129.39241669999998,134.128305,138.16871319999998,10001.0,21961912.06621153,1986281457.0
2020-09-02,136.31409960000002,131.147676,134.3932498,134.128305,9014.0,16903365.531235185,1986281457.0
2020-09-03,147.6404898,135.1880842,142.9377196,135.1880842,15664.0,37563628.348244615,1986281457.0
2020-09-04,150.0912292,139.726588624,145.3222228,141.6129956,14006.0,32128935.536760863,1986281457.0
2020-09-07,148.050491878,137.440115,138.5661304,146.5807106,7933.0,18045774.063125603,1986281457.0
2020-09-08,139.446078317,132.4724,137.6388236,136.7115168,7894.0,16956277.685012124,1986281457.0
2020-09-09,136.446572,130.473391484,132.73734480000002,136.1816272,7207.0,17054231.673918493,1986281457.0
2020-09-10,137.70505980000002,126.3124334,132.73734480000002,132.2736914,14006.0,24680564.404358946,1986281457.0
2020-09-11,131.9425104,126.7429687,128.6307004,131.2470303,7778.0,26068535.030693185,1986281457.0
2020-09-14,146.8,125.95,134.35,131.6,41895.0,78858806.0,4965724833.0
2020-09-15,137.85,129.10716,133.4,135.7,17022.0,30354611.0,4965724833.0
2020-09-16,133.6,127.5,132.2,133.0,15425.0,25183281.0,4965724833.0
2020-09-17,132.25,128.4,129.45,130.65,10738.0,23100734.0,4965724833.0
2020-09-18,128.9,110.55,110.55,128.45,26263.0,66390810.0,4965724833.0
2020-09-21,109.05,94.0,97.2,108.6,32012.0,89635194.0,4965724833.0
2020-09-22,102.0,92.44,102.0,97.0,20500.0,54569427.0,4965724833.0
2020-09-23,114.07309,99.52,100.6,103.85,24559.0,53828699.0,4965724833.0
2020-09-24,99.7983,93.18,95.24,98.18,18282.0,45610644.0,4965724833.0
2020-09-25,101.85,86.54184,94.64,95.2,19045.0,58258362.0,4965724833.0
2020-09-28,97.628,92.2847,94.4,97.0,10803.0,31114690.0,4965724833.0
2020-09-29,96.76,89.76,91.0,95.1,8077.0,23333291.0,4965724833.0
2020-09-30,95.7,90.0,95.02,90.5,7969.0,22348937.0,4965724833.0
2020-10-01,96.18,90.0,93.82,95.4,7986.0,27564673.0,4965724833.0
2020-10-02,95.88,90.72,91.48,94.0,10160.0,40774286.0,4965724833.0
2020-10-05,94.7179,90.58,91.54,94.0,13015.0,61547336.0,4965738961.0
2020-10-06,99.0,91.5816,98.0,92.32,17410.0,104382859.0,4965738961.0
2020-10-07,100.485,94.38,97.5,96.32,14201.0,52343243.0,4965738961.0
2020-10-08,109.15,97.8,107.5,98.66,23078.0,60296178.0,4965738961.0
2020-10-09,110.35,102.3184,103.5,108.3,16336.0,48161746.0,4965738961.0
2020-10-12,106.1742,101.2,101.75,104.0,10736.0,34425495.0,4965738961.0
2020-10-13,101.6,97.16,97.62,101.25,16010.0,35344252.0,4965738961.0
2020-10-14,99.32,93.2,98.26,97.28,13064.0,34216064.0,4965738961.0
2020-10-15,97.38,91.96,95.76,95.78,12921.0,33980871.0,4965738961.0
2020-10-16,97.72,92.62,95.78,96.3,12599.0,35931306.0,4965738961.0
2020-10-19,100.3,94.3888,100.0,95.7,11918.0,32136523.0,4965738961.0
2020-10-20,107.8,99.2,106.85,99.34,23793.0,55897243.0,4965738961.0
2020-10-21,109.603,100.2,100.45,108.4,18708.0,49854494.0,4965738961.0
2020-10-22,105.45,94.74,104.85,96.2,16514.0,42794509.0,4965738961.0
2020-10-23,109.0,103.35,109.0,104.85,16175.0,51020643.0,4965738961.0
2020-10-26,109.1,100.7,100.7,104.65,14186.0,75320745.0,4965738961.0
2020-10-27,103.25,96.04,96.36,100.95,14687.0,46290337.0,4965738961.0
2020-10-28,95.44,90.7153,93.7,94.8,17432.0,48212382.0,4965738961.0
2020-10-29,96.28,90.28,91.08,93.9,11737.0,41579219.0,4965738961.0
2020-10-30,96.44,88.6943,96.44,90.14,17297.0,55092103.0,4965791095.0
2020-11-02,96.9,89.18,96.42,92.92,14083.0,43500567.0,4965791095.0
2020-11-03,100.15,95.82,99.86,96.24,11451.0,35511206.0,4965791095.0
2020-11-04,103.05,96.44,102.75,98.6,12117.0,35144205.0,4965791095.0
2020-11-05,105.711,99.92,103.95,102.75,11938.0,35406663.0,4965791095.0
2020-11-06,105.7,101.75,103.6,102.25,9653.0,23895611.0,4965791095.0
2020-11-09,148.8,104.55,130.0,105.3,56793.0,173367877.0,4965791095.0
2020-11-10,144.2,132.0,137.65,132.0,43529.0,118847236.0,4965791095.0
2020-11-11,149.659,138.55,148.7,148.0,31714.0,77957692.0,4965791095.0
2020-11-12,148.7309,141.65,144.75,147.1,19039.0,47092730.0,4965791095.0
2020-11-13,146.76,140.482,144.6,142.05,15014.0,38852561.0,4965791095.0
2020-11-16,166.7,149.6669,158.75,150.45,35394.0,90547245.0,4965791095.0
2020-11-17,164.0,149.8003,153.45,159.3,23377.0,53965709.0,4965791095.0
2020-11-18,158.8,150.05,158.8,153.4,17495.0,45412100.0,4965791095.0
2020-11-19,157.85,153.8,155.3,156.5,14559.0,38362588.0,4965791095.0
2020-11-20,158.79,154.21,157.85,155.95,12876.0,36001928.0,4965791095.0
2020-11-23,167.058,160.9,166.5,163.0,19924.0,52866126.0,4965791095.0
2020-11-24,177.6044,166.6,170.5,172.4,35440.0,77506597.0,4965791095.0
2020-11-25,175.15,166.2791,170.75,173.4,20052.0,53694734.0,4965791095.0
2020-11-26,171.05,163.995,164.65,170.2,17901.0,34463961.0,4965791095.0
2020-11-27,163.75,158.8,160.85,163.75,17654.0,39104094.0,4965791095.0
2020-11-30,162.35,154.2,154.2,161.1,17340.0,35297722.0,4966379147.0
2020-12-01,164.65,156.45,162.75,156.65,15340.0,28369063.0,4966379147.0
2020-12-02,169.4,160.2,165.3,166.7,19003.0,41411914.0,4966379147.0
2020-12-03,171.8,163.25,170.0,165.8,17006.0,40051611.0,4966379147.0
2020-12-04,178.8,168.5,169.55,171.35,23414.0,55166905.0,4966379147.0
2020-12-07,172.6,167.25,167.25,171.9,18045.0,30315161.0,4966379147.0
2020-12-08,168.3,161.2,161.2,168.3,19068.0,32922419.0,4966379147.0
2020-12-09,171.5,163.4,164.2,163.9,15578.0,31147033.0,4966379147.0
2020-12-10,166.5,158.3424,162.3,165.0,20373.0,30643141.0,4966379147.0
2020-12-11,163.9995,154.65,156.25,163.25,23015.0,37881736.0,4966379147.0
2020-12-14,163.15,156.35,156.95,160.8,10698.0,23037276.0,4966379147.0
2020-12-15,158.05,153.5682,157.65,155.4,10394.0,20094547.0,4966379147.0
2020-12-16,164.2,159.5,161.0,160.25,8943.0,23229537.0,4966379147.0
2020-12-17,164.65,158.55,159.7,163.0,8420.0,18403777.0,4966379147.0
2020-12-18,160.0,155.8075,156.35,160.0,9403.0,19971056.0,4966379147.0
2020-12-21,145.25,124.15,143.9,138.0,38391.0,85454697.0,4966379147.0
2020-12-22,152.45,143.5759,152.25,144.55,14400.0,31476779.0,4966379147.0
2020-12-23,161.8,152.25,161.8,154.0,13982.0,36890911.0,4966379147.0
2020-12-24,168.65,162.45,163.4,163.1,8357.0,21471730.0,4966379147.0
2020-12-28,163.4,163.4,163.4,163.4,0.0,0.0,4966379147.0
2020-12-29,171.3982,165.4,165.4,170.35,16892.0,37789383.0,4966379147.0
2020-12-30,169.3,164.6485,167.35,165.9,11477.0,23498549.0,4966379147.0
2020-12-31,165.6697,159.8,159.8,165.0,8904.0,15866212.0,4966379147.0
2021-01-04,165.95,149.55,149.85,165.95,29076.0,60026622.0,4966379147.0
2021-01-05,153.1,144.25,149.45,147.0,17987.0,39177428.0,4966379147.0
2021-01-06,159.6,148.6,158.1,151.4,19080.0,53852819.0,4966379147.0
2021-01-07,159.95,151.75,157.35,159.55,13406.0,33169774.0,4966379147.0
2021-01-08,161.9,155.637,156.75,159.15,12706.0,32458336.0,4966379147.0
2021-01-11,156.25,152.25,152.85,155.9,11283.0,22059712.0,4966379147.0
2021-01-12,158.15,153.75,157.9,154.4,10394.0,20414497.0,4966379147.0
2021-01-13,157.8482,151.1,152.5,157.8,14633.0,30472539.0,4966379147.0
2021-01-14,162.95,152.3,162.2,153.1,17147.0,71373540.0,4966379147.0
2021-01-15,166.4,160.3,162.25,161.25,20108.0,40014649.0,4966379147.0
2021-01-18,161.25,156.5,160.9,159.75,13623.0,20909224.0,4966379147.0
2021-01-19,165.45,158.6,159.65,162.5,10411.0,24868887.0,4966379147.0
2021-01-20,163.7,158.25,161.85,163.55,8976.0,17932521.0,4966379147.0
2021-01-21,163.8,155.2,156.95,162.6,14487.0,28087808.0,4966379147.0
2021-01-22,155.0,148.8568,151.6,154.0,18889.0,42393452.0,4966379147.0
2021-01-25,149.3,138.257,140.0,149.0,32176.0,70135803.0,4966379147.0
2021-01-26,143.9,133.76,139.95,140.1,20565.0,52759354.0,4966379147.0
2021-01-27,143.779,136.15,139.0,140.1,18451.0,42758288.0,4966379147.0
2021-01-28,151.75,136.22,145.6,138.0,24672.0,49510264.0,4966379147.0
2021-01-29,148.45462,140.1,143.0,142.85,17613.0,35344002.0,4971476010.0
2021-02-01,146.65,141.3,142.7,144.9,10583.0,19580997.0,4971476010.0
2021-02-02,150.05,143.642,149.95,144.35,14055.0,28486494.0,4971476010.0
2021-02-03,153.6,146.85,148.8,151.6,8746.0,17375930.0,4971476010.0
2021-02-04,154.6,149.35,153.7,150.0,11028.0,22835339.0,4971476010.0
2021-02-05,159.05,152.85,157.65,153.95,18036.0,34237236.0,4971476010.0
2021-02-08,160.9,155.7,159.2,160.0,11555.0,20350901.0,4971476010.0
2021-02-09,160.15,153.9,153.9,159.35,8836.0,17494766.0,4971476010.0
2021-02-10,156.4,148.7,149.9,154.6,13525.0,54363720.0,4971476010.0
2021-02-11,151.25,145.11,148.9,149.45,13546.0,26115091.0,4971476010.0
2021-02-12,150.05,143.45,149.45,147.0,12300.0,22478178.0,4971476010.0
2021-02-15,160.2,151.65,159.55,152.05,16669.0,33805794.0,4971476010.0
2021-02-16,164.15,159.4,162.0,160.85,19994.0,38808098.0,4971476010.0
2021-02-17,163.2,156.05,159.15,162.5,14511.0,28107632.0,4971476010.0
2021-02-18,161.35,155.2,157.7,159.3,13402.0,27564222.0,4971476010.0
2021-02-19,165.9,157.5,165.75,159.0,16493.0,36552300.0,4971476010.0
2021-02-22,179.308,163.75,178.1,165.85,30406.0,78938604.0,4971476010.0
2021-02-23,194.4,177.8694,181.6,183.0,40230.0,83079603.0,4971476010.0
2021-02-24,190.05,181.6,188.9,183.25,23966.0,52061910.0,4971476010.0
2021-02-25,193.5,182.465,186.25,192.0,24990.0,49610718.0,4971476010.0
2021-02-26,199.5,181.15,191.95,183.1,29592.0,59793579.0,4967649813.0
2021-03-01,206.6,197.35,205.3,199.75,23630.0,46686032.0,4967649813.0
2021-03-02,207.65,200.3,202.7,205.0,18218.0,36565852.0,4967649813.0
2021-03-03,216.7,204.42754,216.5,206.0,23032.0,46632540.0,4967649813.0
2021-03-04,221.353,210.7,216.2,215.0,26202.0,50188778.0,4967649813.0
2021-03-05,215.3,203.9,203.9,212.0,23418.0,44281164.0,4967649813.0
2021-03-08,212.2,204.7,210.0,207.5,15378.0,32422931.0,4967649813.0
2021-03-09,216.1,206.7,209.6,211.1,14455.0,32975287.0,4967649813.0
2021-03-10,211.8635,205.4,205.4,210.7,10474.0,17636380.0,4967649813.0
2021-03-11,211.9,206.3,211.9,207.2,10858.0,21943785.0,4967649813.0
2021-03-12,212.4,206.9,212.4,211.0,10864.0,25511375.0,4967649813.0
2021-03-15,220.7222,213.0,217.6,214.4,16477.0,36229861.0,4967649813.0
2021-03-16,222.1,213.4,215.6,221.3,15742.0,32802857.0,4967649813.0
2021-03-17,218.6,212.7,216.2,218.1,10625.0,21327957.0,4967649813.0
2021-03-18,219.9,211.6,215.8,219.9,12487.0,28296491.0,4967649813.0
2021-03-19,213.766,205.9,206.7,211.0,15045.0,42267476.0,4967649813.0
2021-03-22,200.6,174.1,195.95,190.0,29924.0,69774923.0,4967649813.0
2021-03-23,195.95,185.0,187.35,195.95,26875.0,57055263.0,4967649813.0
2021-03-24,196.4,181.4,194.8,185.9,17792.0,67579658.0,4967649813.0
2021-03-25,198.9149,188.0,193.55,195.9,14043.0,25875004.0,4967649813.0
2021-03-26,199.1,192.2384,196.35,197.65,11114.0,23229000.0,4967649813.0
2021-03-29,196.35,191.9,192.2,195.7,8389.0,17409198.0,4967649813.0
2021-03-30,202.6,192.35,202.0,193.95,12029.0,27851584.0,4967649813.0
2021-03-31,204.2,198.15,198.3,200.7,11589.0,22474253.0,4970127041.0
2021-04-01,209.836,198.82,209.55,199.62,19039.0,47805863.0,4970127041.0
2021-04-06,216.6791,210.8,214.7,212.95,16971.0,32516298.0,4970127041.0
2021-04-07,218.94999,214.39999,217.85,216.0,11522.0,22823076.0,4970127041.0
2021-04-08,219.0,210.75,214.55,218.5,11125.0,20899395.0,4970127041.0
2021-04-09,217.6,210.15,210.15,216.6,9754.0,21992797.0,4970127041.0
2021-04-12,214.45,205.7,206.35,210.0,13553.0,21622675.0,4970127041.0
2021-04-13,209.4,201.6,203.4,205.9,13508.0,22319608.0,4970127041.0
2021-04-14,210.9034,201.35,208.75,202.25,10662.0,25769486.0,4970127041.0
2021-04-15,213.75,204.45,206.95,210.8,10939.0,20957048.0,4970127041.0
2021-04-16,213.15,207.0,208.25,209.0,8355.0,20862447.0,4970127041.0
2021-04-19,212.65,205.7142,210.15,209.05,9667.0,23088185.0,4970127041.0
2021-04-20,210.15,193.1,193.1,209.8,28117.0,53972529.0,4970127041.0
2021-04-21,201.9737,189.84,193.94,197.86,17513.0,34147120.0,4970127041.0
2021-04-22,200.5,194.72,200.5,197.26,12871.0,29493184.0,4970127041.0
2021-04-23,199.5,193.22,196.74,198.84,15319.0,25710411.0,4970127041.0
2021-04-26,207.25,198.42,205.0,199.0,14378.0,31136155.0,4970127041.0
2021-04-27,206.131,201.5928,203.25,205.0,8638.0,19256964.0,4970127041.0
2021-04-28,206.8,202.35,202.75,205.15,8784.0,16655300.0,4970127041.0
2021-04-29,205.5,198.24,201.45,203.5,10211.0,18325489.0,4970127041.0
2021-04-30,205.20634,198.0,202.8,198.0,9710.0,19538686.0,4970691392.0
2021-05-03,202.8,202.8,202.8,202.8,0.0,0.0,4970691392.0
2021-05-04,211.0,202.7,203.65,207.2,15335.0,39750296.0,4970691392.0
2021-05-05,207.5,200.4076,203.3,206.0,10510.0,20780876.0,4970691392.0
2021-05-06,208.6,204.0,207.0,205.0,13599.0,27903444.0,4970691392.0
2021-05-07,213.2,203.85,213.2,207.0,14673.0,37897729.0,4970691392.0
2021-05-10,214.4,207.517,209.85,212.8,12218.0,31848610.0,4970691392.0
2021-05-11,205.4,193.56,194.32,202.0,44464.0,81375583.0,4970691392.0
2021-05-12,197.4601,190.34,193.64,194.0,16734.0,31256675.0,4970691392.0
2021-05-13,195.58,185.58,191.9,191.0,17787.0,27784905.0,4970691392.0
2021-05-14,197.38,193.06,196.9,195.28,11541.0,21050472.0,4970691392.0
2021-05-17,199.5,189.68,189.68,199.5,13666.0,25905421.0,4970691392.0
2021-05-18,198.5,193.0,196.56,194.42,10641.0,20606583.0,4970691392.0
2021-05-19,195.98,190.62,194.54,194.0,16300.0,26440297.0,4968770072.0
2021-05-20,197.4503,190.42,191.8,197.0,11306.0,19225654.0,4966870072.0
2021-05-21,196.5,190.72,195.12,192.74,8877.0,19044224.0,4965670072.0
2021-05-24,197.92,195.28,197.02,196.06,5751.0,11965936.0,4964870072.0
2021-05-25,204.35,197.0,202.0,198.16,11168.0,26236073.0,4963284046.0
2021-05-26,203.775,201.1834,202.9,202.9,8077.0,17137189.0,4961806166.0
2021-05-27,206.55,201.2,201.25,202.95,8232.0,22226140.0,4960380445.0
2021-05-28,204.3,200.2,202.6,203.2,8161.0,17790359.0,4960380445.0
2021-05-31,202.6,202.6,202.6,202.6,0.0,0.0,4960380445.0
2021-06-01,208.35,202.05,207.0,202.05,9176.0,24050949.0,4960380445.0
2021-06-02,210.05,206.2,209.4,207.9,8056.0,18638200.0,4960380445.0
2021-06-03,209.9086,196.8,198.18,209.1,22758.0,40649661.0,4960380445.0
2021-06-04,198.94,193.5822,196.34,198.78,10969.0,22318612.0,4960380445.0
2021-06-07,202.35,194.7,201.8,196.9,7730.0,16680951.0,4960380445.0
2021-06-08,202.35,198.02,198.02,201.0,10082.0,20456134.0,4960380445.0
2021-06-09,206.55,196.04,204.5,199.3,14448.0,32452780.0,4960380445.0
2021-06-10,205.55,200.4,200.4,203.0,8945.0,18814678.0,4960380445.0
2021-06-11,203.75,199.158,203.2,200.5,6308.0,26682753.0,4960380445.0
2021-06-14,203.0,194.72,194.72,202.0,18640.0,35358246.0,4960380445.0
2021-06-15,200.4,194.7,194.84,197.26,10274.0,21650407.0,4960380445.0
2021-06-16,198.06,193.64,196.64,195.12,8599.0,19671068.0,4960380445.0
2021-06-17,204.35,195.826,200.3,198.0,13050.0,28859113.0,4960380445.0
2021-06-18,204.364,195.0297,198.72,201.0,12189.0,36674256.0,4960380445.0
2021-06-21,199.5783,192.16,197.8,196.06,11784.0,20785426.0,4960380445.0
2021-06-22,202.4798,194.6,194.6,199.82,10341.0,22064228.0,4960380445.0
2021-06-23,197.8718,193.08,193.08,195.4,9516.0,19247278.0,4960380445.0
2021-06-24,194.66,191.4,192.18,194.52,15973.0,24541365.0,4960380445.0
2021-06-25,196.0,186.8,187.48,195.12,16779.0,26588151.0,4960380445.0
2021-06-28,188.3,176.0376,176.4,186.78,24449.0,39980280.0,4960380445.0
2021-06-29,179.4287,171.84,173.9,176.4,18038.0,29432668.0,4960380445.0
2021-06-30,176.0,167.56,174.22,173.5,16939.0,31395707.0,4960770305.0
2021-07-01,183.455,174.48,181.0,175.0,13733.0,30222295.0,4960770305.0
2021-07-02,184.0,179.72,180.12,182.56,11746.0,21112958.0,4960770305.0
2021-07-05,191.1679,180.26,188.98,181.0,13050.0,23270681.0,4960770305.0
2021-07-06,196.1387,186.4,186.52,190.0,14522.0,31381427.0,4960770305.0
2021-07-07,189.304,179.92,180.8,188.0,10620.0,19396110.0,4960770305.0
2021-07-08,186.22,176.5084,181.36,178.32,16225.0,30993275.0,4960770305.0
2021-07-09,186.94,182.32,184.84,183.36,9577.0,15400100.0,4960770305.0
2021-07-12,185.06,176.9682,177.0,184.84,9315.0,16552828.0,4960770305.0
2021-07-13,178.9901,172.7,173.02,178.18,9420.0,17822313.0,4960770305.0
2021-07-14,174.274,168.48,170.92,171.2,13423.0,18799902.0,4960770305.0
2021-07-15,171.0,164.86,165.36,170.44,12749.0,22961835.0,4960770305.0
2021-07-16,171.64,165.52,167.78,165.66,13525.0,24286971.0,4960770305.0
2021-07-19,166.82,156.8,159.0,166.0,22312.0,33916797.0,4960770305.0
2021-07-20,163.74,157.1,160.46,161.0,14104.0,24698814.0,4960770305.0
2021-07-21,171.62,162.44,169.42,163.2,13514.0,35044386.0,4960770305.0
2021-07-22,177.06,170.04,170.38,170.58,12426.0,21224114.0,4960770305.0
2021-07-23,174.0,168.06,168.46,171.04,7371.0,14811034.0,4960770305.0
2021-07-26,176.2,165.24,176.2,167.78,10135.0,23913409.0,4960770305.0
2021-07-27,178.5721,172.4,175.32,176.74,10424.0,19131124.0,4960770305.0
2021-07-28,184.1487,176.06,181.92,176.06,14970.0,25167553.0,4960770305.0
2021-07-29,182.9937,177.58,181.64,182.62,9424.0,31111972.0,4960770305.0
2021-07-30,178.56,167.4,168.1,176.9,21632.0,40494523.0,4960872458.0
2021-08-02,177.02,170.42,173.46,170.98,9632.0,22500430.0,4960872458.0
2021-08-03,176.02,169.72,170.9,173.56,12173.0,25651572.0,4960872458.0
2021-08-04,174.68,169.32,170.58,172.74,8848.0,15159094.0,4960872458.0
2021-08-05,178.0,169.5,178.0,171.16,8348.0,20481410.0,4960872458.0
2021-08-06,179.6076,172.8,173.44,178.06,9547.0,20901244.0,4960872458.0
2021-08-09,173.6,167.64,167.72,173.0,13288.0,31508134.0,4960872458.0
2021-08-10,169.72,165.28,166.86,168.28,11622.0,20019581.0,4960872458.0
2021-08-11,171.8276,167.8,168.98,168.44,9732.0,20958363.0,4960872458.0
2021-08-12,170.78,166.24,166.44,169.48,9656.0,21158570.0,4960872458.0
2021-08-13,168.4412,165.64,165.64,166.9,9900.0,15771104.0,4960872458.0
2021-08-16,165.44,162.44,164.46,165.08,10899.0,21054902.0,4960872458.0
2021-08-17,163.2481,159.22,159.22,162.82,13767.0,23662445.0,4960872458.0
2021-08-18,163.92,157.48,163.0,159.8,13082.0,23194020.0,4960872458.0
2021-08-19,161.82,157.591,159.82,159.5,8073.0,17818663.0,4960872458.0
2021-08-20,160.9,155.6,158.92,159.84,9001.0,18605407.0,4960872458.0
2021-08-23,164.2902,159.9497,160.46,161.52,8615.0,18851711.0,4960872458.0
2021-08-24,166.24,161.82,164.74,162.66,10311.0,28248739.0,4960872458.0
2021-08-25,169.4317,162.66,163.42,164.72,11485.0,23724335.0,4960872458.0
2021-08-26,164.9,160.0799,161.72,162.76,9082.0,17449993.0,4960872458.0
2021-08-27,164.3,160.36,163.52,162.36,7794.0,14701973.0,4960872458.0
2021-08-30,163.52,163.52,163.52,163.52,0.0,0.0,4960872458.0
2021-08-31,162.32,157.22,159.36,162.0,16120.0,27342652.0,4960939692.0
2021-09-01,185.8,159.84,159.84,162.02,9351.0,19001502.0,4960939692.0
2021-09-02,160.4374,157.62,159.84,160.0,6943.0,11180219.0,4960939692.0
2021-09-03,160.88,155.6,155.8,159.76,9050.0,13873494.0,4960939692.0
2021-09-06,158.0089,155.82,156.42,156.36,7012.0,13438236.0,4960939692.0
2021-09-07,158.3142,154.72,154.86,157.0,7377.0,12549845.0,4960939692.0
2021-09-08,160.0515,152.5,153.1,155.36,11805.0,22576787.0,4960939692.0
2021-09-09,152.02,146.64,151.48,151.44,21883.0,39907076.0,4960939692.0
2021-09-10,151.96,145.16,145.32,151.78,14622.0,31066049.0,4960939692.0
2021-09-13,148.4,142.0,148.3,145.0,10184.0,22162202.0,4960939692.0
2021-09-14,147.68,141.5776,142.1,146.8,10895.0,24179225.0,4960939692.0
2021-09-15,142.0,136.64,137.12,141.76,14700.0,32523839.0,4960939692.0
2021-09-16,143.14,136.415,142.46,137.34,9429.0,23727853.0,4960939692.0
2021-09-17,152.26,141.06,149.5,141.06,18610.0,46076271.0,4960939692.0
2021-09-20,167.2,149.06,166.18,150.4,34068.0,81309893.0,4960939692.0
2021-09-21,177.8,168.2,171.3,168.62,26723.0,65842951.0,4960939692.0
2021-09-22,175.22,171.0,174.5,173.46,10796.0,25520278.0,4960939692.0
2021-09-23,176.62,170.0,172.22,175.94,8946.0,25371913.0,4960939692.0
2021-09-24,176.7791,168.92,175.6,171.16,11738.0,27447682.0,4960939692.0
2021-09-27,186.18,176.1562,186.1,177.0,20766.0,51932828.0,4960939692.0
2021-09-28,186.5,179.28,182.0,183.4388,11791.0,26562178.0,4960939692.0
2021-09-29,186.68,182.08,186.68,182.311,10356.0,27864074.0,4960939692.0
2021-09-30,188.2,177.3,178.5,187.0,14437.0,33584276.0,4960984249.0
2021-10-01,188.02,170.76,188.02,175.02,19094.0,45389851.0,4960984249.0
2021-10-04,193.889,186.576,187.9,190.54,14986.0,34455652.0,4960984249.0
2021-10-05,188.62,184.2,186.38,187.0,9284.0,20200969.0,4960984249.0
2021-10-06,185.1881,177.4,180.2,185.0,12930.0,26766603.0,4960984249.0
2021-10-07,184.0463,176.78,176.82,182.52,9909.0,19517759.0,4960984249.0
2021-10-08,182.6108,177.938,179.72,178.0,8760.0,26321510.0,4960984249.0
2021-10-11,183.8,178.0,182.0,179.42,7709.0,30207305.0,4960984249.0
2021-10-12,181.26,175.3,175.9,180.98,11488.0,46196822.0,4960984249.0
2021-10-13,177.221,170.66,171.56,176.62,12472.0,27158483.0,4960984249.0
2021-10-14,178.7,170.88,177.16,174.24,8194.0,20925894.0,4960984249.0
2021-10-15,184.2466,177.76,182.92,178.26,12857.0,33937617.0,4960984249.0
2021-10-18,181.873,172.16,175.72,181.4,14836.0,29358237.0,4960984249.0
2021-10-19,174.0001,164.7,165.56,173.84,19459.0,40350866.0,4960984249.0
2021-10-20,165.78,156.02,157.5,164.0,23494.0,48964920.0,4960984249.0
2021-10-21,161.12,153.36,160.16,156.26,12594.0,25168463.0,4960984249.0
2021-10-22,161.42,154.8,156.06,160.72,11109.0,24094170.0,4960984249.0
2021-10-25,159.8,155.12,156.34,156.58,7651.0,18518000.0,4960984249.0
2021-10-26,164.1657,156.124,159.94,156.66,8204.0,24026900.0,4960984249.0
2021-10-27,162.78,158.94,159.96,159.94,6301.0,12779629.0,4960984249.0
2021-10-28,163.32,156.22,162.1,160.0,7904.0,19373164.0,4960984249.0
2021-10-29,164.8,160.64,163.8,162.06,5988.0,21623752.0,4961027423.0
2021-11-01,167.68,161.12,166.7,161.12,9240.0,18368008.0,4961027423.0
2021-11-02,169.2963,163.36,163.36,166.72,5397.0,12134741.0,4961027423.0
2021-11-03,170.7,163.44,167.16,164.88,12590.0,35054249.0,4961027423.0
2021-11-04,171.88,166.38,169.78,169.06,9509.0,23739989.0,4961027423.0
2021-11-05,180.16,163.18,180.16,171.0,24920.0,70354086.0,4961027423.0
2021-11-08,183.16,174.7,177.38,180.8,13205.0,32909341.0,4961027423.0
2021-11-09,178.2,173.7,173.7,176.5,9138.0,32035532.0,4961027423.0
2021-11-10,177.24,170.58,173.54,173.34,9090.0,29392832.0,4961027423.0
2021-11-11,174.02,166.539,169.16,172.86,10530.0,26668507.0,4961027423.0
2021-11-12,170.94,164.32,164.32,168.66,9096.0,18095593.0,4961027423.0
2021-11-15,168.92,160.88,162.62,163.72,11176.0,25396195.0,4961027423.0
2021-11-16,166.26,159.94,160.08,162.96,10489.0,25579444.0,4961027423.0
2021-11-17,161.36,154.58,154.58,158.48,15782.0,43313937.0,4961027423.0
2021-11-18,156.924,153.0,154.32,156.0,7789.0,16651902.0,4961027423.0
2021-11-19,154.82,145.02,148.5,154.82,23246.0,59768311.0,4961027423.0
2021-11-22,153.28,146.5,148.14,148.04,11439.0,28086890.0,4961027423.0
2021-11-23,155.4,147.0,151.46,148.14,6499.0,19596027.0,4961027423.0
2021-11-24,153.86,146.26,152.78,151.5,9506.0,23419004.0,4961027423.0
2021-11-25,155.56,150.92,154.32,153.3,5064.0,15229182.0,4961027423.0
2021-11-26,141.38,122.06,131.4,122.5,71176.0,144803126.0,4961027423.0
2021-11-29,138.5371,129.4,131.0,134.0,27052.0,65397664.0,4961027423.0
2021-11-30,132.48,126.04,127.46,129.0,24125.0,53437847.0,4961189324.0
2021-12-01,135.8,128.64,131.76,129.8,13334.0,43180390.0,4961189324.0
2021-12-02,135.1511,129.4,132.32,131.76,11641.0,38671799.0,4961189324.0
2021-12-03,137.0,131.14,131.7,136.56,9261.0,25359778.0,4961322675.0
2021-12-06,142.4,131.9509,142.34,133.16,9616.0,33396307.0,4961322675.0
2021-12-07,145.94,141.1,142.1,145.0,9774.0,29022366.0,4961322675.0
2021-12-08,144.3,134.1586,142.76,140.0,16706.0,42028755.0,4961322675.0
2021-12-09,142.68,136.7,138.02,142.68,5882.0,15631880.0,4961322675.0
2021-12-10,138.84,136.1,137.38,137.1,5911.0,23423670.0,4961322675.0
2021-12-13,138.1047,129.46,130.3,136.96,11221.0,25756048.0,4961322675.0
2021-12-14,134.913,129.66,132.56,132.0,10130.0,27132646.0,4961322675.0
2021-12-15,132.992,125.8,125.8,132.44,8577.0,23060598.0,4961322675.0
2021-12-16,130.6303,126.28,127.02,129.64,8785.0,23346812.0,4961322675.0
2021-12-17,133.68,125.8157,132.04,126.88,10445.0,30777453.0,4961322675.0
2021-12-20,133.02,124.4,130.94,126.0,10389.0,26615855.0,4961322675.0
2021-12-21,139.98,130.66,139.98,132.84,8316.0,33607527.0,4961322675.0
2021-12-22,144.12,136.615,140.98,138.46,11208.0,28994476.0,4961322675.0
2021-12-23,148.0831,141.8,143.96,141.8,11785.0,27175151.0,4961322675.0
2021-12-24,148.9,144.84,146.64,148.9,2004.0,7049244.0,4961322675.0
2021-12-27,146.64,146.64,146.64,146.64,0.0,0.0,4961322675.0
2021-12-28,146.64,146.64,146.64,146.64,0.0,0.0,4961322675.0
2021-12-29,148.2327,143.08,143.46,144.7,6197.0,16630237.0,4961322675.0
2021-12-30,144.18,140.1488,143.48,143.16,5951.0,12580712.0,4961322675.0
2021-12-31,143.5,141.34,142.48,142.9,1459.0,4270206.0,4961322675.0
2022-01-03,142.48,142.48,142.48,142.48,0.0,0.0,4961322675.0
2022-01-04,160.9,152.82,158.52,153.5,19574.0,51352665.0,4961322675.0
2022-01-05,162.1492,154.58,160.82,158.24,13308.0,34241793.0,4961322675.0
2022-01-06,167.2,155.493,161.58,157.0,13942.0,34967696.0,4961322675.0
2022-01-07,163.58,157.26,161.02,162.3,7106.0,16434639.0,4961322675.0
2022-01-10,166.275,160.68,162.74,162.12,11985.0,30556557.0,4961322675.0
2022-01-11,165.06,160.88,163.34,163.5,8833.0,22130840.0,4961322675.0
2022-01-12,165.16,161.14,161.14,164.92,7152.0,22158234.0,4961322675.0
2022-01-13,165.52,156.34,165.52,158.34,7448.0,19424645.0,4961322675.0
2022-01-14,165.62,162.36,165.42,163.96,8424.0,18417170.0,4961322675.0
2022-01-17,169.0,165.36,166.92,165.9,6730.0,19738323.0,4961322675.0
2022-01-18,166.68,161.7562,165.64,166.68,8147.0,20315011.0,4961322675.0
2022-01-19,165.58,157.86,160.0,163.44,11966.0,25647641.0,4961322675.0
2022-01-20,163.2,157.76,162.56,158.0,11039.0,24734144.0,4961322675.0
2022-01-21,160.2959,155.6,157.8,159.94,7644.0,20116716.0,4961322675.0
2022-01-24,157.32,146.1,147.48,156.3,16185.0,39954963.0,4961322675.0
2022-01-25,151.98,145.68,147.96,150.04,10167.0,24215986.0,4961322675.0
2022-01-26,160.9774,149.38,158.9,149.86,9720.0,25561469.0,4961322675.0
2022-01-27,161.2998,149.5483,158.48,154.7,6436.0,19015923.0,4961322675.0
2022-01-28,158.58,152.56,154.26,157.58,7762.0,22100278.0,4961322675.0
2022-01-31,158.6277,153.46,156.0,158.44,9299.0,25211194.0,4962579520.0
2022-02-01,160.46,156.22,160.32,158.0,9158.0,23427962.0,4962579520.0
2022-02-02,162.7,156.86,156.86,160.7,5558.0,13336297.0,4962579520.0
2022-02-03,159.9,155.8,157.6,157.22,5113.0,12527834.0,4962579520.0
2022-02-04,160.3,153.1,155.08,159.58,9834.0,20126168.0,4962579520.0
2022-02-07,161.4,155.62,161.1,156.84,7386.0,23742102.0,4962579520.0
2022-02-08,167.16,160.5991,167.16,161.16,14429.0,36163979.0,4962579520.0
2022-02-09,175.2826,167.44,174.96,168.06,18003.0,41978769.0,4962579520.0
2022-02-10,180.1034,173.72,178.3,175.5,25882.0,46614728.0,4962579520.0
2022-02-11,177.065,170.84,174.64,173.0,12624.0,30293181.0,4962579520.0
2022-02-14,168.26,159.43571,164.8,162.66,19543.0,53389107.0,4962579520.0
2022-02-15,172.4,161.568,172.4,164.22,10806.0,28736548.0,4962579520.0
2022-02-16,177.8973,170.619,173.38,173.52,8414.0,20751582.0,4962579520.0
2022-02-17,174.4463,164.62,166.3,173.54,11272.0,24811941.0,4962579520.0
2022-02-18,168.52,161.52,161.52,166.08,8418.0,24038107.0,4962579520.0
2022-02-21,168.1,158.5,158.82,164.98,9235.0,24281160.0,4962579520.0
2022-02-22,163.76,149.1,161.68,152.22,15470.0,39051566.0,4962579520.0
2022-02-23,166.08,157.02,157.02,162.94,9912.0,23814750.0,4962579520.0
2022-02-24,152.82,143.02,147.4,146.0,27495.0,62012086.0,4962579520.0
2022-02-25,154.52,143.16,154.52,151.02,21861.0,54666442.0,4962579520.0
2022-02-28,152.22,145.42,148.56,147.78,15123.0,36868902.0,4962781317.0
2022-03-01,154.8,136.08,136.08,151.1,25270.0,61987371.0,4962781317.0
2022-03-02,152.4,131.26,141.78,139.0399,30767.0,59780713.0,4962781317.0
2022-03-03,141.56,131.76,131.78,141.3,18502.0,40394918.0,4962781317.0
2022-03-04,131.32,123.48,123.48,130.0,24158.0,53164396.0,4962781317.0
2022-03-07,123.38,109.42,116.24,118.0,26422.0,60744321.0,4962781317.0
2022-03-08,125.76,112.46,121.28,113.86,17706.0,43321004.0,4962781317.0
2022-03-09,136.38,125.3,134.66,127.12,17288.0,41746420.0,4962781317.0
2022-03-10,137.08,128.56,131.58,135.78,15953.0,34974972.0,4962781317.0
2022-03-11,140.52,132.34,132.96,133.06,18763.0,50254381.0,4962781317.0
2022-03-14,139.9636,134.683,136.94,136.5,9002.0,24984593.0,4962781317.0
2022-03-15,141.4668,132.74,138.36,135.22,11635.0,34116259.0,4962781317.0
2022-03-16,146.64,139.1,145.18,142.78,15005.0,43113500.0,4962781317.0
2022-03-17,148.18,140.22,142.18,147.26,10296.0,27957293.0,4962781317.0
2022-03-18,142.7988,137.64,141.92,142.3,7240.0,20815491.0,4962781317.0
2022-03-21,142.5,138.44,140.44,142.12,8226.0,18385265.0,4962781317.0
2022-03-22,143.86,139.62,142.02,140.84,6782.0,17125640.0,4962781317.0
2022-03-23,143.8159,137.62,138.8,142.72,5253.0,13898377.0,4962781317.0
2022-03-24,138.66,134.0,135.72,137.56,6978.0,15296805.0,4962781317.0
2022-03-25,138.2566,134.877,137.32,135.78,5382.0,13367577.0,4962781317.0
2022-03-28,142.3597,137.16,139.92,138.0,6101.0,18392620.0,4962781317.0
2022-03-29,150.76,141.82,149.5,143.0,11409.0,39667273.0,4962781317.0
2022-03-30,149.92,143.72,144.84,149.0,9744.0,22958819.0,4962781317.0
2022-03-31,147.64,141.78,142.24,146.5,7075.0,20576492.0,4966210580.0
2022-04-01,145.42,141.0,141.18,142.86,6323.0,13893737.0,4966210580.0
2022-04-04,143.18,138.48,141.8,142.4,6389.0,15336572.0,4966210580.0
2022-04-05,142.98,139.04,139.68,141.92,6531.0,15324945.0,4966210580.0
2022-04-06,141.78,132.46,134.76,140.14,9700.0,23994425.0,4966210580.0
2022-04-07,138.18,132.62,132.88,136.04,5799.0,18186370.0,4966210580.0
2022-04-08,136.24,132.54,133.16,135.54,5273.0,14972258.0,4966210580.0
2022-04-11,139.1,130.6,136.48,132.7,7400.0,18531029.0,4966210580.0
2022-04-12,137.24,133.22,135.18,135.18,10489.0,20391580.0,4966210580.0
2022-04-13,141.6928,133.02,140.3,133.84,10273.0,29409057.0,4966210580.0
2022-04-14,146.46,141.1,145.48,141.96,8908.0,23645296.0,4966210580.0
2022-04-19,147.3193,142.32,144.82,145.16,4968.0,15890602.0,4966210580.0
2022-04-20,145.74,142.16,144.02,145.74,5334.0,13644489.0,4966210580.0
2022-04-21,155.96,145.82,152.9,146.32,11830.0,35349844.0,4966210580.0
2022-04-22,154.86,149.12,149.32,150.76,7012.0,17106129.0,4966210580.0
2022-04-25,152.28,144.58,147.5,147.0,7720.0,17813153.0,4966210580.0
2022-04-26,151.3859,141.28,141.28,150.5,6529.0,19433068.0,4966210580.0
2022-04-27,143.44,137.14,140.4,142.58,8020.0,22211068.0,4966210580.0
2022-04-28,145.62,141.62,144.54,142.5,8357.0,18842008.0,4966210580.0
2022-04-29,146.96,141.62,143.96,146.04,6163.0,16455902.0,4966754740.0
2022-05-02,143.96,143.96,143.96,143.96,0.0,0.0,4966754740.0
2022-05-03,149.5224,142.66,149.0,143.98,9185.0,22827784.0,4966754740.0
2022-05-04,150.0,144.66,145.48,149.7,6566.0,18522891.0,4966754740.0
2022-05-05,151.6,142.36,143.32,148.74,10876.0,32172300.0,4966754740.0
2022-05-06,139.0,125.8,131.44,138.0,54866.0,95321849.0,4966754740.0
2022-05-09,134.88,127.44,127.44,132.68,24333.0,47321192.0,4966754740.0
2022-05-10,130.08,123.02,123.02,129.18,17575.0,37132189.0,4966754740.0
2022-05-11,128.1508,123.8,126.06,126.28,11881.0,25776659.0,4966754740.0
2022-05-12,124.8,119.26,122.36,121.86,10733.0,26056368.0,4966754740.0
2022-05-13,124.64,121.89,123.16,122.86,7362.0,16051405.0,4966754740.0
2022-05-16,123.24,120.0105,121.9,123.24,9333.0,21587372.0,4966754740.0
2022-05-17,126.56,123.08,124.32,123.2,9016.0,26880268.0,4966754740.0
2022-05-18,126.8186,123.62,123.96,124.54,8898.0,19509304.0,4966754740.0
2022-05-19,123.48,112.34,122.5,122.94,9308.0,22512544.0,4966754740.0
2022-05-20,127.06,122.82,125.08,123.5,7154.0,17773139.0,4966754740.0
2022-05-23,129.1396,125.76,127.22,128.04,6585.0,15341949.0,4966754740.0
2022-05-24,127.08,121.94,122.6,125.78,13917.0,39993498.0,4966754740.0
2022-05-25,126.3819,121.64,125.64,123.26,8960.0,24159335.0,4965125733.0
2022-05-26,129.6048,125.54,128.8,125.86,6722.0,21431281.0,4963784919.0
2022-05-27,132.1036,128.58,130.48,129.46,6613.0,20777356.0,4962434919.0
2022-05-30,136.9,133.42,135.04,134.2,8280.0,19846627.0,4962434919.0
2022-05-31,133.56,127.64,127.64,132.62,10848.0,32417036.0,4959434919.0
2022-06-01,130.26,125.92,125.92,129.0,8346.0,19722496.0,4957334919.0
2022-06-02,125.92,125.92,125.92,125.92,0.0,0.0,4957334919.0
2022-06-03,125.92,125.92,125.92,125.92,0.0,0.0,4957334919.0
2022-06-06,129.94,125.3,125.3,129.7,9636.0,24082617.0,4955034919.0
2022-06-07,126.9806,123.84,124.24,124.54,7706.0,22072015.0,4953189898.0
2022-06-08,126.52,123.3,124.14,125.48,8067.0,15687992.0,4952289898.0
2022-06-09,126.26,123.14,123.18,123.34,6172.0,15991746.0,4952289898.0
2022-06-10,123.36,120.5,120.5,122.4,9229.0,44315301.0,4952289898.0
2022-06-13,119.8866,115.02,115.02,119.44,8157.0,21886448.0,4952289898.0
2022-06-14,118.12,113.62,113.9,116.58,6787.0,22016196.0,4952289898.0
2022-06-15,118.0,115.1,117.7,115.92,4489.0,18570796.0,4952289898.0
2022-06-16,118.24,109.22,109.22,117.92,8639.0,22548053.0,4952289898.0
2022-06-17,113.24,108.576,112.44,109.4,8455.0,36623296.0,4952289898.0
2022-06-20,121.26,114.08,120.58,115.0,6216.0,25430047.0,4952289898.0
2022-06-21,122.96,118.0,119.34,121.24,5677.0,20671777.0,4952289898.0
2022-06-22,119.41,115.065,117.48,117.64,5051.0,15691673.0,4952289898.0
2022-06-23,119.24,114.14,114.18,119.24,5239.0,18589463.0,4952289898.0
2022-06-24,115.6,112.76,114.68,115.0,5002.0,19052207.0,4952289898.0
2022-06-27,117.4,114.8288,116.08,115.52,4410.0,12542833.0,4952289898.0
2022-06-28,118.7124,115.4043,116.8,117.0,4747.0,11653341.0,4952289898.0
2022-06-29,116.034,111.68,111.68,115.24,6438.0,16904667.0,4952289898.0
2022-06-30,111.2181,104.42,107.62,110.46,9147.0,28456608.0,4952686817.0
2022-07-01,112.44,106.5,108.84,107.12,6907.0,20796709.0,4952686817.0
2022-07-04,110.9446,106.12,107.6,110.66,4581.0,12833102.0,4952686817.0
2022-07-05,109.18,102.84,102.9,108.8,7085.0,22762544.0,4952686817.0
2022-07-06,107.4831,104.16,105.78,105.78,5606.0,18060948.0,4952686817.0
2022-07-07,110.98,105.32,109.32,106.0,5570.0,21566839.0,4952686817.0
2022-07-08,111.0,107.32,110.12,111.0,5220.0,16680822.0,4952686817.0
2022-07-11,108.68,103.68,103.68,107.42,5217.0,17415612.0,4952686817.0
2022-07-12,110.42,102.14,110.42,103.2,7041.0,27643444.0,4952686817.0
2022-07-13,110.76,104.12,105.98,110.4,5243.0,18053361.0,4952686817.0
2022-07-14,108.98,104.76,107.26,105.0,4112.0,14586344.0,4952686817.0
2022-07-15,114.48,105.64,111.34,107.3,6297.0,20832224.0,4952686817.0
2022-07-18,113.8,111.24,113.8,113.22,3529.0,10535583.0,4952686817.0
2022-07-19,116.92,110.7,115.4,113.5,3958.0,13233111.0,4952686817.0
2022-07-20,117.04,112.66,115.96,116.5,3906.0,12521888.0,4952686817.0
2022-07-21,116.42,112.46,113.46,115.0,4779.0,11670391.0,4952686817.0
2022-07-22,117.98,112.34,114.8,112.82,4940.0,17546324.0,4952686817.0
2022-07-25,117.48,113.6,114.0,114.94,3898.0,12550268.0,4952686817.0
2022-07-26,114.84,111.72,113.16,111.72,4177.0,12553817.0,4952686817.0
2022-07-27,119.82,113.18,119.06,114.34,6953.0,21115642.0,4952686817.0
2022-07-28,121.9,117.2,121.9,118.98,5666.0,20701707.0,4952686817.0
2022-07-29,125.86,116.48,118.74,123.0,5106.0,18271163.0,4953894361.0
2022-08-01,120.26,116.1,116.14,119.54,3043.0,11411662.0,4953894361.0
2022-08-02,117.2,112.94,116.24,117.2,4106.0,14333708.0,4953894361.0
2022-08-03,119.54,114.9,119.0,116.02,2940.0,12124950.0,4953894361.0
2022-08-04,121.0967,118.36,119.5,119.36,3499.0,14179093.0,4953894361.0
2022-08-05,120.669,119.1,119.74,119.7,2869.0,8891879.0,4953894361.0
2022-08-08,121.9,118.906,120.64,120.0,2375.0,7968463.0,4953894361.0
2022-08-09,121.24,117.84,117.84,119.98,3110.0,10520437.0,4953894361.0
2022-08-10,120.4,117.34,120.4,118.74,2433.0,8847111.0,4953894361.0
2022-08-11,121.42,118.7,118.7,121.14,2297.0,8641062.0,4953894361.0
2022-08-12,119.6,117.34,118.1,119.46,3291.0,11666823.0,4953894361.0
2022-08-15,120.58,116.84,120.58,118.28,2940.0,13194528.0,4953894361.0
2022-08-16,123.0,119.78,123.0,120.2,2602.0,11513796.0,4953894361.0
2022-08-17,123.231,117.1,117.1,122.94,3415.0,14858927.0,4953894361.0
2022-08-18,119.18,117.24,118.62,117.94,2169.0,7969408.0,4953894361.0
2022-08-19,118.2765,112.56,112.56,117.86,4969.0,18953016.0,4953894361.0
2022-08-22,112.14,107.34,107.46,111.36,5832.0,19967479.0,4953894361.0
2022-08-23,108.44,106.54,106.92,107.24,4199.0,17834142.0,4953894361.0
2022-08-24,108.42,105.5181,108.42,106.72,3410.0,11859075.0,4953894361.0
2022-08-25,110.44,108.12,108.9,109.6,2171.0,7435732.0,4953894361.0
2022-08-26,110.12,105.62,105.62,109.7,2852.0,10199539.0,4953894361.0
2022-08-29,105.62,105.62,105.62,105.62,0.0,0.0,4953894361.0
2022-08-30,108.22,105.7,106.38,106.0,3761.0,10634016.0,4953894361.0
2022-08-31,109.66,106.34,108.22,106.68,3400.0,12931741.0,4954101323.0
2022-09-01,107.8218,104.56,104.56,106.26,4253.0,11716460.0,4954101323.0
2022-09-02,108.68,104.9,108.38,105.72,3308.0,11213112.0,4954101323.0
2022-09-05,106.6,104.1,105.4,105.92,4029.0,13527964.0,4954101323.0
2022-09-06,109.64,104.92,108.72,105.36,4600.0,17023789.0,4954101323.0
2022-09-07,110.1,106.72,109.68,107.94,3481.0,12305701.0,4954101323.0
2022-09-08,112.0,107.9,108.06,110.92,3522.0,11089753.0,4954101323.0
2022-09-09,111.06,108.56,111.06,108.56,2928.0,12758973.0,4954101323.0
2022-09-12,113.98,111.26,112.94,111.48,3530.0,12177050.0,4954101323.0
2022-09-13,114.12,108.0,108.0,114.06,5578.0,15430050.0,4954101323.0
2022-09-14,108.1576,104.62,107.02,105.42,4485.0,16646786.0,4954101323.0
2022-09-15,109.66,107.0,108.42,107.4,3508.0,14500852.0,4954101323.0
2022-09-16,108.0646,105.98,105.98,107.04,4511.0,18635698.0,4954101323.0
2022-09-19,105.98,105.98,105.98,105.98,0.0,0.0,4954101323.0
2022-09-20,109.28,106.16,108.34,107.2,2814.0,8956125.0,4954101323.0
2022-09-21,107.26,103.92,104.8,106.34,4579.0,16530792.0,4954101323.0
2022-09-22,104.32,101.64,102.3,103.68,3908.0,13202570.0,4954101323.0
2022-09-23,104.6,99.33,100.32,103.3,7080.0,21666110.0,4954101323.0
2022-09-26,102.68,98.8,101.26,101.04,4389.0,16042260.0,4954101323.0
2022-09-27,103.88,101.58,101.64,102.8,3806.0,17641602.0,4954101323.0
2022-09-28,101.04,96.49,99.71,100.76,8794.0,26491455.0,4954101323.0
2022-09-29,99.95,93.62,94.67,99.08,7864.0,20967463.0,4954101323.0
2022-09-30,97.79,94.253,94.67,95.57,6340.0,18695121.0,4954166565.0
2022-10-03,95.68,90.47,93.66,95.68,6483.0,20520750.0,4954166565.0
2022-10-04,101.06,95.62,101.06,95.67,5353.0,20436173.0,4954166565.0
2022-10-05,100.74,97.69,99.71,100.64,3263.0,11694794.0,4954166565.0
2022-10-06,102.2,98.87,99.66,100.0,3011.0,8894656.0,4954166565.0
2022-10-07,102.32,98.75964,101.22,99.44,4055.0,16109015.0,4954166565.0
2022-10-10,101.74,97.83,101.74,99.48,3799.0,13336938.0,4954166565.0
2022-10-11,104.88,100.28,102.3,100.74,5754.0,18262019.0,4954166565.0
2022-10-12,104.7,99.0,100.76,104.7,3733.0,12923832.0,4954166565.0
2022-10-13,110.64,100.0,108.8,100.5,8992.0,41773035.0,4954166565.0
2022-10-14,112.3,108.42,109.86,110.96,5859.0,22254910.0,4954166565.0
2022-10-17,115.74,110.02,115.04,110.26,6825.0,22628962.0,4954166565.0
2022-10-18,119.54,115.16,115.86,117.4,5467.0,17948122.0,4954166565.0
2022-10-19,119.12,116.74,118.1,117.16,5372.0,19384029.0,4954166565.0
2022-10-20,117.42,113.4,116.12,117.42,6018.0,17199772.0,4954166565.0
2022-10-21,115.78,111.92,113.82,114.42,4192.0,11633736.0,4954166565.0
2022-10-24,116.2,111.88,112.78,116.0,4581.0,15052127.0,4954166565.0
2022-10-25,115.64,111.72,115.64,113.58,4766.0,18624067.0,4954166565.0
2022-10-26,118.64,114.12,118.38,115.0,4756.0,15231814.0,4954166565.0
2022-10-27,120.66,116.98,119.66,117.98,6728.0,21070503.0,4954166565.0
2022-10-28,119.22,114.28,115.28,118.0,4655.0,16210971.0,4954166565.0
2022-10-31,121.983,115.18,121.56,115.3,5251.0,18405896.0,4954268714.0
2022-11-01,141.0,121.7807,123.44,122.52,6738.0,21256906.0,4954268714.0
2022-11-02,124.6307,120.5,122.48,124.18,5725.0,14924087.0,4954268714.0
2022-11-03,124.4472,119.36,123.82,120.36,4206.0,14427855.0,4954268714.0
2022-11-04,126.76,123.96,124.98,125.0,3646.0,14939217.0,4954268714.0
2022-11-07,128.36,123.498,127.78,124.12,5848.0,19119859.0,4954268714.0
2022-11-08,129.92,125.9806,129.66,127.24,3649.0,11954640.0,4954268714.0
2022-11-09,130.36,127.6866,129.98,127.74,4654.0,15411710.0,4954268714.0
2022-11-10,136.62,128.7802,136.62,129.12,11028.0,39904004.0,4954268714.0
2022-11-11,140.38,136.62,137.74,136.9,9712.0,30482341.0,4954268714.0
2022-11-14,141.78,135.36,141.36,136.16,6983.0,25028791.0,4954268714.0
2022-11-15,142.0,137.8,139.18,141.1,5453.0,17691019.0,4954268714.0
2022-11-16,138.98,131.717,133.26,138.38,4975.0,16643241.0,4954268714.0
2022-11-17,134.56,130.32,131.72,133.84,3079.0,10559971.0,4954268714.0
2022-11-18,132.6779,130.12,132.18,132.2,3407.0,11786989.0,4954268714.0
2022-11-21,132.5719,129.1868,132.18,130.84,3508.0,10071773.0,4954268714.0
2022-11-22,133.28,130.74,131.72,132.14,2446.0,8239448.0,4954268714.0
2022-11-23,133.08,131.4,132.28,132.36,3224.0,9761230.0,4954268714.0
2022-11-24,135.08,132.66,134.4,132.68,2822.0,10569480.0,4954268714.0
2022-11-25,156.5,133.316,134.14,134.54,2374.0,8674476.0,4954268714.0
2022-11-28,135.4,131.8876,134.3,133.22,3851.0,11001473.0,4954268714.0
2022-11-29,134.7,132.173,133.62,133.88,3174.0,7932500.0,4954268714.0
2022-11-30,135.9738,133.66,134.44,135.3,2673.0,9519656.0,4954312956.0
2022-12-01,137.42,132.16,132.96,135.92,3846.0,11705817.0,4954312956.0
2022-12-02,135.34,131.88,134.12,132.92,3662.0,9405547.0,4954312956.0
2022-12-05,135.26,132.7,134.92,133.58,2470.0,6890061.0,4954312956.0
2022-12-06,135.2,131.4929,134.2,133.78,3345.0,9262974.0,4954312956.0
2022-12-07,135.96,132.36,132.78,133.8,2821.0,8685607.0,4954312956.0
2022-12-08,135.76,134.14,134.56,134.92,3573.0,11908419.0,4954312956.0
2022-12-09,136.0,130.255,132.94,134.96,3922.0,18760359.0,4954312956.0
2022-12-12,134.5,131.02,132.34,134.5,2659.0,7622902.0,4954312956.0
2022-12-13,137.56,130.78,135.24,131.4,7146.0,24491569.0,4954312956.0
2022-12-14,134.68,130.56,131.28,134.22,4283.0,17634514.0,4954312956.0
2022-12-15,134.44,130.02,134.06,130.5,3668.0,12383117.0,4954312956.0
2022-12-16,134.06,130.497,130.7,134.06,4602.0,17373216.0,4954312956.0
2022-12-19,132.12,129.96,130.06,130.54,1631.0,6642357.0,4954312956.0
2022-12-20,130.0,126.4,127.84,130.0,3015.0,13041451.0,4954312956.0
2022-12-21,130.0401,127.82,129.58,128.26,2257.0,6964958.0,4954312956.0
2022-12-22,131.04,127.96,128.26,130.54,2106.0,6643063.0,4954312956.0
2022-12-23,129.06,127.5,128.18,128.26,738.0,2093772.0,4954312956.0
2022-12-27,128.18,128.18,128.18,128.18,0.0,0.0,4954312956.0
2022-12-28,128.76,126.22,126.22,128.34,2508.0,7228574.0,4954312956.0
2022-12-29,126.14,122.7,126.14,125.94,3453.0,10271031.0,4954312956.0
2022-12-30,125.74,123.84,123.84,125.72,1443.0,4159226.0,4954423265.0
2023-01-02,123.84,123.84,123.84,123.84,0.0,0.0,4954423265.0
2023-01-03,130.8,125.84,128.86,126.3,4136.0,10329535.0,4954423265.0
2023-01-04,134.54,129.12,134.54,130.38,3652.0,18082404.0,4954423265.0
2023-01-05,139.96,134.6466,138.36,135.0,4670.0,17470624.0,4954423265.0
2023-01-06,141.3,137.44,140.52,138.0,4036.0,17505390.0,4954423265.0
2023-01-09,146.48,139.54,145.5,140.0,6675.0,21681478.0,4954423265.0
2023-01-10,145.42,142.0,143.76,144.14,2964.0,11777257.0,4954423265.0
2023-01-11,147.06,143.761,147.06,144.34,4589.0,18231508.0,4954423265.0
2023-01-12,166.0,146.5,152.86,147.08,10062.0,35701729.0,4954423265.0
2023-01-13,157.38,151.5067,157.32,152.02,10375.0,35701058.0,4954423265.0
2023-01-16,159.64,156.86,159.1,157.5,5311.0,19245633.0,4954423265.0
2023-01-17,159.5604,156.48,156.94,158.5,5336.0,18196097.0,4954423265.0
2023-01-18,163.06,158.0014,161.04,158.48,7213.0,23794044.0,4954423265.0
2023-01-19,160.68,156.8268,159.9,158.68,5805.0,18851815.0,4954423265.0
2023-01-20,163.0781,160.1,162.84,161.0,4893.0,20823444.0,4954423265.0
2023-01-23,164.32,161.84,162.38,163.5,5725.0,16425067.0,4954423265.0
2023-01-24,166.32,162.14,166.32,163.2,5632.0,17307724.0,4954423265.0
2023-01-25,172.4,166.0499,169.72,167.0,9182.0,35495756.0,4954423265.0
2023-01-26,171.18,167.82,171.18,170.46,6318.0,18348567.0,4954423265.0
2023-01-27,171.5,169.46,171.34,171.14,5310.0,16842837.0,4954423265.0
2023-01-30,171.32,167.32,169.4,169.94,5685.0,19368487.0,4954423265.0
2023-01-31,168.8,165.94,168.8,168.16,4707.0,14201812.0,4954823564.0
2023-02-01,169.96,167.38,168.02,168.8,4159.0,15502664.0,4954823564.0
2023-02-02,173.58,168.6044,173.58,168.64,5688.0,19829133.0,4954823564.0
2023-02-03,173.3,171.08,172.3,172.76,4399.0,11271904.0,4954823564.0
2023-02-06,171.6,168.74,169.88,170.86,4469.0,13980629.0,4954823564.0
2023-02-07,170.22,167.44,167.94,169.52,3464.0,11495717.0,4954823564.0
2023-02-08,170.02,167.732,168.98,168.28,3846.0,10831610.0,4954823564.0
2023-02-09,170.46,168.2,168.34,169.52,2669.0,8065787.0,4954823564.0
2023-02-10,167.1,156.0113,160.7,167.0,8440.0,26412015.0,4954823564.0
2023-02-13,163.74,161.14,162.26,161.7,3033.0,10304689.0,4954823564.0
2023-02-14,166.16,162.64,165.38,162.64,3783.0,11022733.0,4954823564.0
2023-02-15,168.1,164.66,167.9,165.48,3367.0,9134796.0,4954823564.0
2023-02-16,169.5,166.0,166.92,168.7,3678.0,8764905.0,4954823564.0
2023-02-17,169.1,165.24,167.24,166.08,5009.0,14252692.0,4954823564.0
2023-02-20,168.24,162.6,163.04,167.54,3505.0,9951681.0,4954823564.0
2023-02-21,164.22,160.46,160.46,162.54,4065.0,10530296.0,4954823564.0
2023-02-22,160.24,156.6,158.56,159.12,4501.0,11393967.0,4954823564.0
2023-02-23,165.78,158.88,165.44,159.0,6279.0,26937208.0,4954823564.0
2023-02-24,170.62,152.02,154.76,167.9,17427.0,54153260.0,4954823564.0
2023-02-27,159.2,155.9,156.5,157.84,5354.0,16384370.0,4954823564.0
2023-02-28,159.3,154.1,154.78,156.14,4312.0,16088173.0,4955006650.0
2023-03-01,157.46,153.7,153.7,155.54,5900.0,57189234.0,4955006650.0
2023-03-02,154.26,151.02,151.24,153.0,7291.0,38301795.0,4955006650.0
2023-03-03,155.66,151.1832,154.42,151.34,7161.0,19872952.0,4955006650.0
2023-03-06,156.0,153.284,154.92,154.7,4334.0,14055439.0,4955006650.0
2023-03-07,155.62,152.6,154.72,152.78,3818.0,10301934.0,4955006650.0
2023-03-08,154.46,152.32,154.06,154.18,4030.0,11162412.0,4955006650.0
2023-03-09,154.44,152.12,153.36,154.24,2567.0,9003952.0,4955006650.0
2023-03-10,150.32,147.04,148.26,148.76,6876.0,19601138.0,4955006650.0
2023-03-13,149.04,139.94,142.62,148.06,10600.0,42586467.0,4955006650.0
2023-03-14,146.262,139.5,144.64,141.56,6019.0,18457724.0,4955006650.0
2023-03-15,144.98,133.12,133.64,144.7,9848.0,35154795.0,4955006650.0
2023-03-16,139.993,134.24,136.52,137.38,5160.0,19623010.0,4955006650.0
2023-03-17,140.0,132.0664,133.26,138.5,5890.0,22644737.0,4955006650.0
2023-03-20,139.32,127.8,137.66,132.22,5274.0,21392669.0,4955006650.0
2023-03-21,143.42,138.58,142.12,139.2,3987.0,12949615.0,4955006650.0
2023-03-22,142.48,140.22,140.94,141.4,2384.0,7959769.0,4955006650.0
2023-03-23,142.1,138.2,139.36,140.12,3660.0,12849161.0,4955006650.0
2023-03-24,138.12,132.6334,135.5,138.1,4933.0,17043720.0,4955006650.0
2023-03-27,137.96,135.5489,137.24,137.24,2006.0,10828724.0,4955006650.0
2023-03-28,141.04,138.94,140.24,139.64,3268.0,10862984.0,4955006650.0
2023-03-29,143.08,140.4,143.08,140.58,2356.0,7800371.0,4955006650.0
2023-03-30,149.3,144.5622,148.6,144.72,5065.0,18258866.0,4955006650.0
2023-03-31,152.98,150.58,150.98,151.86,5444.0,19579084.0,4956816448.0
2023-04-03,150.3,146.15,147.5,149.65,3687.0,12300029.0,4956816448.0
2023-04-04,150.5802,147.6,148.35,148.75,2961.0,16496793.0,4956816448.0
2023-04-05,149.75,146.15,146.25,149.15,2321.0,12391737.0,4956816448.0
2023-04-06,149.45,146.25,149.15,147.45,1722.0,9015179.0,4956816448.0
2023-04-11,151.3,147.75,150.2,150.1,3941.0,14854379.0,4956816448.0
2023-04-12,152.15,144.15,144.15,150.9,5085.0,20020873.0,4956816448.0
2023-04-13,149.05,143.95,145.45,144.8,3616.0,17950512.0,4956816448.0
2023-04-14,147.1,144.65,145.95,145.85,1866.0,6761432.0,4956816448.0
2023-04-17,150.3,147.15,150.3,147.3,3416.0,14723976.0,4956816448.0
2023-04-18,154.5,150.15,150.4,151.5,3321.0,10650880.0,4956816448.0
2023-04-19,150.95,147.85,150.1,150.45,1736.0,7419121.0,4956816448.0
2023-04-20,151.4,148.9,149.8,151.4,2075.0,9310637.0,4956816448.0
2023-04-21,149.65,146.5,149.55,148.7,1970.0,7597807.0,4956816448.0
2023-04-24,150.65,148.16105,148.25,149.5,1961.0,7601999.0,4956816448.0
2023-04-25,148.7,145.55,146.7,147.2,2557.0,8392903.0,4956816448.0
2023-04-26,146.614,143.55,145.7,146.0,2519.0,7747030.0,4956816448.0
2023-04-27,150.85,145.3,148.65,145.3,2896.0,12934925.0,4956816448.0
2023-04-28,152.6,146.8,152.15,149.55,3691.0,15124146.0,4971476010.0
2023-05-02,155.95,150.5,152.05,153.2,4597.0,15896075.0,4971476010.0
2023-05-03,152.95,144.9318,149.0,152.5,4446.0,20380654.0,4971476010.0
2023-05-04,149.15,145.4,147.1,148.3,5598.0,16067315.0,4971476010.0
2023-05-05,155.8,146.5461,150.5,153.0,7283.0,24224443.0,4971476010.0
2023-05-08,150.5,150.5,150.5,150.5,0.0,0.0,4971476010.0
2023-05-09,155.85,150.95,155.8,152.45,5007.0,17773025.0,4971476010.0
2023-05-10,156.05,153.3159,154.2,155.7,3753.0,16644546.0,4954311940.0
2023-05-11,156.8565,153.5,155.0,153.5,3705.0,14707735.0,4951661940.0
2023-05-12,157.0,154.05,154.85,156.2,2767.0,9544314.0,4950111940.0
2023-05-15,156.75,153.35,154.3,156.05,2363.0,7981424.0,4949011940.0
2023-05-16,156.2,152.5,155.7,154.05,2797.0,12331373.0,4947261940.0
2023-05-17,159.75,154.7,159.25,155.5,4464.0,16927180.0,4918487870.0
2023-05-18,162.1,159.3,160.35,161.85,4563.0,18118599.0,4941981940.0
2023-05-19,162.4,157.25,157.25,160.8,3687.0,17808463.0,4939356940.0
2023-05-22,160.45,157.95,158.7,157.95,3169.0,11479548.0,4937556940.0
2023-05-23,160.32,157.0,159.25,158.0,3686.0,11786739.0,4935626940.0
2023-05-24,157.5,154.95,157.25,157.15,5000.0,19909739.0,4932976940.0
2023-05-25,159.6,155.55,157.7,157.85,2687.0,9141557.0,4930011940.0
2023-05-26,158.45,154.75,156.6,158.45,2367.0,8436753.0,4930011940.0
2023-05-29,156.6,156.6,156.6,156.6,0.0,0.0,4930011940.0
2023-05-30,158.25,154.4,157.0,156.6,3836.0,12679804.0,4930011940.0
2023-05-31,158.8,154.05,154.4,155.45,3065.0,12200285.0,4930057928.0
2023-06-01,157.5,152.9763,156.0,154.75,3327.0,9673555.0,4930057928.0
2023-06-02,158.35,156.2429,157.9,156.95,2813.0,10944041.0,4930057928.0
2023-06-05,158.65,155.9,157.25,157.95,2467.0,7814221.0,4930057928.0
2023-06-06,157.65,155.1412,157.4,157.05,2355.0,6992403.0,4930057928.0
2023-06-07,159.7,155.65,159.7,157.75,3319.0,14820035.0,4930057928.0
2023-06-08,160.75,158.25,159.0,159.5,2904.0,7655587.0,4930057928.0
2023-06-09,160.15,157.85,159.8,158.55,3659.0,12396182.0,4930057928.0
2023-06-12,163.05,160.05,163.05,161.0,3140.0,9980651.0,4930057928.0
2023-06-13,166.05,163.0,165.75,163.85,5601.0,17031141.0,4930057928.0
2023-06-14,166.75,164.75,165.8,165.4,3665.0,13878129.0,4930057928.0
2023-06-15,166.0,164.45,165.9,165.15,3320.0,13425260.0,4930057928.0
2023-06-16,167.15,164.5968,166.0,165.95,4778.0,23867192.0,4928405631.0
2023-06-19,166.6,163.592,164.4,165.7,2288.0,9402872.0,4927680631.0
2023-06-20,165.8,163.5,165.0,164.35,2699.0,9303316.0,4926952564.0
2023-06-21,166.225,163.323,165.45,164.55,2305.0,8161330.0,4926352564.0
2023-06-22,165.85,161.6,165.85,163.6,2854.0,11360362.0,4925362430.0
2023-06-23,165.1875,157.84,158.95,164.15,4706.0,16138887.0,4923867386.0
2023-06-26,159.85,155.05,157.05,159.4,5211.0,14265095.0,4922617386.0
2023-06-27,161.3,156.45,161.15,158.05,3073.0,12009981.0,4921867386.0
2023-06-28,163.55,160.438,163.05,161.95,2478.0,9552249.0,4921217386.0
2023-06-29,163.95,162.0,163.0,163.0,2109.0,7135737.0,4920767386.0
2023-06-30,163.4219,161.3,161.9,162.75,3278.0,10306642.0,4920067386.0
2023-07-03,164.2,162.15,163.9,162.6,2763.0,7551965.0,4919467386.0
2023-07-04,164.5,162.5,163.65,164.5,2283.0,6206551.0,4918895048.0
2023-07-05,163.25,161.7,162.35,162.6,1784.0,6685309.0,4918295048.0
2023-07-06,158.9,154.3,154.9,158.6,4604.0,15842229.0,4916745048.0
2023-07-07,157.95,154.15,157.3,154.15,3030.0,8038900.0,4915920048.0
2023-07-10,157.3,157.3,157.3,157.3,0.0,0.0,4915920048.0
2023-07-11,157.3,157.3,157.3,157.3,0.0,0.0,4915920048.0
2023-07-12,157.3,157.3,157.3,157.3,0.0,0.0,4915920048.0
2023-07-13,157.3,157.3,157.3,157.3,0.0,0.0,4915920048.0
2023-07-14,157.3,157.3,157.3,157.3,0.0,0.0,4915920048.0
2023-07-17,157.3,157.3,157.3,157.3,0.0,0.0,4915920048.0
2023-07-18,157.3,157.3,157.3,157.3,0.0,0.0,4915920048.0
2023-07-19,157.3,157.3,157.3,157.3,0.0,0.0,4915920048.0
2023-07-20,157.3,157.3,157.3,157.3,0.0,0.0,4915920048.0
2023-07-21,157.3,157.3,157.3,157.3,0.0,0.0,4915920048.0
