Date,HIGH,LOW,CLOSE,OPEN,COUNT,VOLUME,SHROUT
1983-01-04,,,,,0.0,0.0,
1983-01-05,,,,,0.0,1.0,
1983-01-06,,,,,0.0,1.0,
1983-01-07,,,,,0.0,1.0,
1983-01-10,,,,,0.0,1.0,
1983-01-11,,,,,0.0,1.0,
1983-01-12,,,,,0.0,1.0,
1983-01-13,,,,,0.0,1.0,
1983-01-14,,,,,0.0,1.0,
1983-01-17,,,,,0.0,1.0,
1983-01-18,,,,,0.0,1.0,
1983-01-19,,,,,0.0,1.0,
1983-01-20,,,,,0.0,1.0,
1983-01-21,,,,,0.0,1.0,
1983-01-24,,,,,0.0,1.0,
1983-01-25,,,,,0.0,1.0,
1983-01-26,,,,,0.0,1.0,
1983-01-27,,,,,0.0,1.0,
1983-01-28,,,,,0.0,1.0,
1983-01-31,,,,,0.0,1.0,
1983-02-01,,,,,0.0,1.0,
1983-02-02,,,,,0.0,1.0,
1983-02-03,,,,,0.0,1.0,
1983-02-04,,,,,0.0,1.0,
1983-02-07,,,,,0.0,1.0,
1983-02-08,,,,,0.0,1.0,
1983-02-09,,,,,0.0,1.0,
1983-02-10,,,,,0.0,1.0,
1983-02-11,,,,,0.0,1.0,
1983-02-14,,,,,0.0,1.0,
1983-02-15,,,,,0.0,1.0,
1983-02-16,,,,,0.0,1.0,
1983-02-17,,,,,0.0,1.0,
1983-02-18,,,,,0.0,1.0,
1983-02-21,,,,,0.0,1.0,
1983-02-22,,,,,0.0,1.0,
1983-02-23,,,,,0.0,1.0,
1983-02-24,,,,,0.0,1.0,
1983-02-25,,,,,0.0,1.0,
1983-02-28,,,,,0.0,1.0,
1983-03-01,,,,,0.0,1.0,
1983-03-02,,,,,0.0,1.0,
1983-03-03,,,,,0.0,1.0,
1983-03-04,,,,,0.0,1.0,
1983-03-07,,,,,0.0,1.0,
1983-03-08,,,,,0.0,1.0,
1983-03-09,,,,,0.0,1.0,
1983-03-10,,,,,0.0,1.0,
1983-03-11,,,,,0.0,1.0,
1983-03-14,,,,,0.0,1.0,
1983-03-15,,,,,0.0,1.0,
1983-03-16,,,,,0.0,1.0,
1983-03-17,,,,,0.0,1.0,
1983-03-18,,,,,0.0,1.0,
1983-03-21,,,,,0.0,1.0,
1983-03-22,,,,,0.0,1.0,
1983-03-23,,,,,0.0,1.0,
1983-03-24,,,,,0.0,1.0,
1983-03-25,,,,,0.0,1.0,
1983-03-28,,,,,0.0,1.0,
1983-03-29,,,,,0.0,1.0,
1983-03-30,,,,,0.0,1.0,
1983-03-31,,,,,0.0,1.0,
1983-04-01,,,,,0.0,1.0,
1983-04-04,,,,,0.0,1.0,
1983-04-05,,,,,0.0,1.0,
1983-04-06,,,,,0.0,1.0,
1983-04-07,,,,,0.0,1.0,
1983-04-08,,,,,0.0,1.0,
1983-04-11,,,,,0.0,1.0,
1983-04-12,,,,,0.0,1.0,
1983-04-13,,,,,0.0,1.0,
1983-04-14,,,,,0.0,1.0,
1983-04-15,,,,,0.0,1.0,
1983-04-18,,,,,0.0,1.0,
1983-04-19,,,,,0.0,1.0,
1983-04-20,,,,,0.0,1.0,
1983-04-21,,,,,0.0,1.0,
1983-04-22,,,,,0.0,1.0,
1983-04-25,,,,,0.0,1.0,
1983-04-26,,,,,0.0,1.0,
1983-04-27,,,,,0.0,1.0,
1983-04-28,,,,,0.0,1.0,
1983-04-29,,,,,0.0,1.0,
1983-05-02,,,,,0.0,1.0,
1983-05-03,,,,,0.0,1.0,
1983-05-04,,,,,0.0,1.0,
1983-05-05,,,,,0.0,1.0,
1983-05-06,,,,,0.0,1.0,
1983-05-09,,,,,0.0,1.0,
1983-05-10,,,,,0.0,1.0,
1983-05-11,,,,,0.0,1.0,
1983-05-12,,,,,0.0,1.0,
1983-05-13,,,,,0.0,1.0,
1983-05-16,,,,,0.0,1.0,
1983-05-17,,,,,0.0,1.0,
1983-05-18,,,,,0.0,1.0,
1983-05-19,,,,,0.0,1.0,
1983-05-20,,,,,0.0,1.0,
1983-05-23,,,,,0.0,1.0,
1983-05-24,,,,,0.0,1.0,
1983-05-25,,,,,0.0,1.0,
1983-05-26,,,,,0.0,1.0,
1983-05-27,,,,,0.0,1.0,
1983-05-30,,,,,0.0,1.0,
1983-05-31,,,,,0.0,1.0,
1983-06-01,,,,,0.0,1.0,
1983-06-02,,,,,0.0,1.0,
1983-06-03,,,,,0.0,1.0,
1983-06-06,,,,,0.0,1.0,
1983-06-07,,,,,0.0,1.0,
1983-06-08,,,,,0.0,1.0,
1983-06-09,,,,,0.0,1.0,
1983-06-10,,,,,0.0,1.0,
1983-06-13,,,,,0.0,1.0,
1983-06-14,,,,,0.0,1.0,
1983-06-15,,,,,0.0,1.0,
1983-06-16,,,,,0.0,1.0,
1983-06-17,,,,,0.0,1.0,
1983-06-20,,,,,0.0,1.0,
1983-06-21,,,,,0.0,1.0,
1983-06-22,,,,,0.0,1.0,
1983-06-23,,,,,0.0,1.0,
1983-06-24,,,,,0.0,1.0,
1983-06-27,,,,,0.0,1.0,
1983-06-28,,,,,0.0,1.0,
1983-06-29,,,,,0.0,1.0,
1983-06-30,,,,,0.0,1.0,
1983-07-01,,,,,0.0,1.0,
1983-07-04,,,,,0.0,1.0,
1983-07-05,,,,,0.0,1.0,
1983-07-06,,,,,0.0,1.0,
1983-07-07,,,,,0.0,1.0,
1983-07-08,,,,,0.0,1.0,
1983-07-11,,,,,0.0,1.0,
1983-07-12,,,,,0.0,1.0,
1983-07-13,,,,,0.0,1.0,
1983-07-14,,,,,0.0,1.0,
1983-07-15,,,,,0.0,1.0,
1983-07-18,,,,,0.0,1.0,
1983-07-19,,,,,0.0,1.0,
1983-07-20,,,,,0.0,1.0,
1983-07-21,,,,,0.0,1.0,
1983-07-22,,,,,0.0,1.0,
1983-07-25,,,,,0.0,1.0,
1983-07-26,,,,,0.0,1.0,
1983-07-27,,,,,0.0,1.0,
1983-07-28,,,,,0.0,1.0,
1983-07-29,,,,,0.0,1.0,
1983-08-01,,,,,0.0,1.0,
1983-08-02,,,,,0.0,1.0,
1983-08-03,,,,,0.0,1.0,
1983-08-04,,,,,0.0,1.0,
1983-08-05,,,,,0.0,1.0,
1983-08-08,,,,,0.0,1.0,
1983-08-09,,,,,0.0,1.0,
1983-08-10,,,,,0.0,1.0,
1983-08-11,,,,,0.0,1.0,
1983-08-12,,,,,0.0,1.0,
1983-08-15,,,,,0.0,1.0,
1983-08-16,,,,,0.0,1.0,
1983-08-17,,,,,0.0,1.0,
1983-08-18,,,,,0.0,1.0,
1983-08-19,,,,,0.0,1.0,
1983-08-22,,,,,0.0,1.0,
1983-08-23,,,,,0.0,1.0,
1983-08-24,,,,,0.0,1.0,
1983-08-25,,,,,0.0,1.0,
1983-08-26,,,,,0.0,1.0,
1983-08-29,,,,,0.0,1.0,
1983-08-30,,,,,0.0,1.0,
1983-08-31,,,,,0.0,1.0,
1983-09-01,,,,,0.0,1.0,
1983-09-02,,,,,0.0,1.0,
1983-09-05,,,,,0.0,1.0,
1983-09-06,,,,,0.0,1.0,
1983-09-07,,,,,0.0,1.0,
1983-09-08,,,,,0.0,1.0,
1983-09-09,,,,,0.0,1.0,
1983-09-12,,,,,0.0,1.0,
1983-09-13,,,,,0.0,1.0,
1983-09-14,,,,,0.0,1.0,
1983-09-15,,,,,0.0,1.0,
1983-09-16,,,,,0.0,1.0,
1983-09-19,,,,,0.0,1.0,
1983-09-20,,,,,0.0,1.0,
1983-09-21,,,,,0.0,1.0,
1983-09-22,,,,,0.0,1.0,
1983-09-23,,,,,0.0,1.0,
1983-09-26,,,,,0.0,1.0,
1983-09-27,,,,,0.0,1.0,
1983-09-28,,,,,0.0,1.0,
1983-09-29,,,,,0.0,1.0,
1983-09-30,,,,,0.0,1.0,
1983-10-03,,,,,0.0,1.0,
1983-10-04,,,,,0.0,1.0,
1983-10-05,,,,,0.0,1.0,
1983-10-06,,,,,0.0,1.0,
1983-10-07,,,,,0.0,1.0,
1983-10-10,,,,,0.0,1.0,
1983-10-11,,,,,0.0,1.0,
1983-10-12,,,,,0.0,1.0,
1983-10-13,,,,,0.0,1.0,
1983-10-14,,,,,0.0,1.0,
1983-10-17,,,,,0.0,1.0,
1983-10-18,,,,,0.0,1.0,
1983-10-19,,,,,0.0,1.0,
1983-10-20,,,,,0.0,1.0,
1983-10-21,,,,,0.0,1.0,
1983-10-24,,,,,0.0,1.0,
1983-10-25,,,,,0.0,1.0,
1983-10-26,,,,,0.0,1.0,
1983-10-27,,,,,0.0,1.0,
1983-10-28,,,,,0.0,1.0,
1983-10-31,,,,,0.0,1.0,
1983-11-01,,,,,0.0,1.0,
1983-11-02,,,,,0.0,1.0,
1983-11-03,,,,,0.0,1.0,
1983-11-04,,,,,0.0,1.0,
1983-11-07,,,,,0.0,1.0,
1983-11-08,,,,,0.0,1.0,
1983-11-09,,,,,0.0,1.0,
1983-11-10,,,,,0.0,1.0,
1983-11-11,,,,,0.0,1.0,
1983-11-14,,,,,0.0,1.0,
1983-11-15,,,,,0.0,1.0,
1983-11-16,,,,,0.0,1.0,
1983-11-17,,,,,0.0,1.0,
1983-11-18,,,,,0.0,1.0,
1983-11-21,,,,,0.0,1.0,
1983-11-22,,,,,0.0,1.0,
1983-11-23,,,,,0.0,1.0,
1983-11-24,,,,,0.0,1.0,
1983-11-25,,,,,0.0,1.0,
1983-11-28,,,,,0.0,1.0,
1983-11-29,,,,,0.0,1.0,
1983-11-30,,,,,0.0,1.0,
1983-12-01,,,,,0.0,1.0,
1983-12-02,,,,,0.0,1.0,
1983-12-05,,,,,0.0,1.0,
1983-12-06,,,,,0.0,1.0,
1983-12-07,,,,,0.0,1.0,
1983-12-08,,,,,0.0,1.0,
1983-12-09,,,,,0.0,1.0,
1983-12-12,,,,,0.0,1.0,
1983-12-13,,,,,0.0,1.0,
1983-12-14,,,,,0.0,1.0,
1983-12-15,,,,,0.0,1.0,
1983-12-16,,,,,0.0,1.0,
1983-12-19,,,,,0.0,1.0,
1983-12-20,,,,,0.0,1.0,
1983-12-21,,,,,0.0,1.0,
1983-12-22,,,,,0.0,1.0,
1983-12-23,,,,,0.0,1.0,
1983-12-26,,,,,0.0,1.0,
1983-12-27,,,,,0.0,1.0,
1983-12-28,,,,,0.0,1.0,
1983-12-29,,,,,0.0,1.0,
1983-12-30,,,,,0.0,1.0,
1984-01-02,,,,,0.0,1.0,
1984-01-03,,,,,0.0,1.0,
1984-01-04,,,,,0.0,1.0,
1984-01-05,,,,,0.0,1.0,
1984-01-06,,,,,0.0,1.0,
1984-01-09,,,,,0.0,1.0,
1984-01-10,,,,,0.0,1.0,
1984-01-11,,,,,0.0,1.0,
1984-01-12,,,,,0.0,1.0,
1984-01-13,,,,,0.0,1.0,
1984-01-16,,,,,0.0,1.0,
1984-01-17,,,,,0.0,1.0,
1984-01-18,,,,,0.0,1.0,
1984-01-19,,,,,0.0,1.0,
1984-01-20,,,,,0.0,1.0,
1984-01-23,,,,,0.0,1.0,
1984-01-24,,,,,0.0,1.0,
1984-01-25,,,,,0.0,1.0,
1984-01-26,,,,,0.0,1.0,
1984-01-27,,,,,0.0,1.0,
1984-01-30,,,,,0.0,1.0,
1984-01-31,,,,,0.0,1.0,
1984-02-01,,,,,0.0,1.0,
1984-02-02,,,,,0.0,1.0,
1984-02-03,,,,,0.0,1.0,
1984-02-06,,,,,0.0,1.0,
1984-02-07,,,,,0.0,1.0,
1984-02-08,,,,,0.0,1.0,
1984-02-09,,,,,0.0,1.0,
1984-02-10,,,,,0.0,1.0,
1984-02-13,,,,,0.0,1.0,
1984-02-14,,,,,0.0,1.0,
1984-02-15,,,,,0.0,1.0,
1984-02-16,,,,,0.0,1.0,
1984-02-17,,,,,0.0,1.0,
1984-02-20,,,,,0.0,1.0,
1984-02-21,,,,,0.0,1.0,
1984-02-22,,,,,0.0,1.0,
1984-02-23,,,,,0.0,1.0,
1984-02-24,,,,,0.0,1.0,
1984-02-27,,,,,0.0,1.0,
1984-02-28,,,,,0.0,1.0,
1984-02-29,,,,,0.0,1.0,
1984-03-01,,,,,0.0,1.0,
1984-03-02,,,,,0.0,1.0,
1984-03-05,,,,,0.0,1.0,
1984-03-06,,,,,0.0,1.0,
1984-03-07,,,,,0.0,1.0,
1984-03-08,,,,,0.0,1.0,
1984-03-09,,,,,0.0,1.0,
1984-03-12,,,,,0.0,1.0,
1984-03-13,,,,,0.0,1.0,
1984-03-14,,,,,0.0,1.0,
1984-03-15,,,,,0.0,1.0,
1984-03-16,,,,,0.0,1.0,
1984-03-19,,,,,0.0,1.0,
1984-03-20,,,,,0.0,1.0,
1984-03-21,,,,,0.0,1.0,
1984-03-22,,,,,0.0,1.0,
1984-03-23,,,,,0.0,1.0,
1984-03-26,,,,,0.0,1.0,
1984-03-27,,,,,0.0,1.0,
1984-03-28,,,,,0.0,1.0,
1984-03-29,,,,,0.0,1.0,
1984-03-30,,,,,0.0,1.0,
1984-04-02,,,,,0.0,1.0,
1984-04-03,,,,,0.0,1.0,
1984-04-04,,,,,0.0,1.0,
1984-04-05,,,,,0.0,1.0,
1984-04-06,,,,,0.0,1.0,
1984-04-09,,,,,0.0,1.0,
1984-04-10,,,,,0.0,1.0,
1984-04-11,,,,,0.0,1.0,
1984-04-12,,,,,0.0,1.0,
1984-04-13,,,,,0.0,1.0,
1984-04-16,,,,,0.0,1.0,
1984-04-17,,,,,0.0,1.0,
1984-04-18,,,,,0.0,1.0,
1984-04-19,,,,,0.0,1.0,
1984-04-20,,,,,0.0,1.0,
1984-04-23,,,,,0.0,1.0,
1984-04-24,,,,,0.0,1.0,
1984-04-25,,,,,0.0,1.0,
1984-04-26,,,,,0.0,1.0,
1984-04-27,,,,,0.0,1.0,
1984-04-30,,,,,0.0,1.0,
1984-05-01,,,,,0.0,1.0,
1984-05-02,,,,,0.0,1.0,
1984-05-03,,,,,0.0,1.0,
1984-05-04,,,,,0.0,1.0,
1984-05-07,,,,,0.0,1.0,
1984-05-08,,,,,0.0,1.0,
1984-05-09,,,,,0.0,1.0,
1984-05-10,,,,,0.0,1.0,
1984-05-11,,,,,0.0,1.0,
1984-05-14,,,,,0.0,1.0,
1984-05-15,,,,,0.0,1.0,
1984-05-16,,,,,0.0,1.0,
1984-05-17,,,,,0.0,1.0,
1984-05-18,,,,,0.0,1.0,
1984-05-21,,,,,0.0,1.0,
1984-05-22,,,,,0.0,1.0,
1984-05-23,,,,,0.0,1.0,
1984-05-24,,,,,0.0,1.0,
1984-05-25,,,,,0.0,1.0,
1984-05-28,,,,,0.0,1.0,
1984-05-29,,,,,0.0,1.0,
1984-05-30,,,,,0.0,1.0,
1984-05-31,,,,,0.0,1.0,
1984-06-01,,,,,0.0,1.0,
1984-06-04,,,,,0.0,1.0,
1984-06-05,,,,,0.0,1.0,
1984-06-06,,,,,0.0,1.0,
1984-06-07,,,,,0.0,1.0,
1984-06-08,,,,,0.0,1.0,
1984-06-11,,,,,0.0,1.0,
1984-06-12,,,,,0.0,1.0,
1984-06-13,,,,,0.0,1.0,
1984-06-14,,,,,0.0,1.0,
1984-06-15,,,,,0.0,1.0,
1984-06-18,,,,,0.0,1.0,
1984-06-19,,,,,0.0,1.0,
1984-06-20,,,,,0.0,1.0,
1984-06-21,,,,,0.0,1.0,
1984-06-22,,,,,0.0,1.0,
1984-06-25,,,,,0.0,1.0,
1984-06-26,,,,,0.0,1.0,
1984-06-27,,,,,0.0,1.0,
1984-06-28,,,,,0.0,1.0,
1984-06-29,,,,,0.0,1.0,
1984-07-02,,,,,0.0,1.0,
1984-07-03,,,,,0.0,1.0,
1984-07-04,,,,,0.0,1.0,
1984-07-05,,,,,0.0,1.0,
1984-07-06,,,,,0.0,1.0,
1984-07-09,,,,,0.0,1.0,
1984-07-10,,,,,0.0,1.0,
1984-07-11,,,,,0.0,1.0,
1984-07-12,,,,,0.0,1.0,
1984-07-13,,,,,0.0,1.0,
1984-07-16,,,,,0.0,1.0,
1984-07-17,,,,,0.0,1.0,
1984-07-18,,,,,0.0,1.0,
1984-07-19,,,,,0.0,1.0,
1984-07-20,,,,,0.0,1.0,
1984-07-23,,,,,0.0,1.0,
1984-07-24,,,,,0.0,1.0,
1984-07-25,,,,,0.0,1.0,
1984-07-26,,,,,0.0,1.0,
1984-07-27,,,,,0.0,1.0,
1984-07-30,,,,,0.0,1.0,
1984-07-31,,,,,0.0,1.0,
1984-08-01,,,,,0.0,1.0,
1984-08-02,,,,,0.0,1.0,
1984-08-03,,,,,0.0,1.0,
1984-08-06,,,,,0.0,1.0,
1984-08-07,,,,,0.0,1.0,
1984-08-08,,,,,0.0,1.0,
1984-08-09,,,,,0.0,1.0,
1984-08-10,,,,,0.0,1.0,
1984-08-13,,,,,0.0,1.0,
1984-08-14,,,,,0.0,1.0,
1984-08-15,,,,,0.0,1.0,
1984-08-16,,,,,0.0,1.0,
1984-08-17,,,,,0.0,1.0,
1984-08-20,,,,,0.0,1.0,
1984-08-21,,,,,0.0,1.0,
1984-08-22,,,,,0.0,1.0,
1984-08-23,,,,,0.0,1.0,
1984-08-24,,,,,0.0,1.0,
1984-08-27,,,,,0.0,1.0,
1984-08-28,,,,,0.0,1.0,
1984-08-29,,,,,0.0,1.0,
1984-08-30,,,,,0.0,1.0,
1984-08-31,,,,,0.0,1.0,
1984-09-03,,,,,0.0,1.0,
1984-09-04,,,,,0.0,1.0,
1984-09-05,,,,,0.0,1.0,
1984-09-06,,,,,0.0,1.0,
1984-09-07,,,,,0.0,1.0,
1984-09-10,,,,,0.0,1.0,
1984-09-11,,,,,0.0,1.0,
1984-09-12,,,,,0.0,1.0,
1984-09-13,,,,,0.0,1.0,
1984-09-14,,,,,0.0,1.0,
1984-09-17,,,,,0.0,1.0,
1984-09-18,,,,,0.0,1.0,
1984-09-19,,,,,0.0,1.0,
1984-09-20,,,,,0.0,1.0,
1984-09-21,,,,,0.0,1.0,
1984-09-24,,,,,0.0,1.0,
1984-09-25,,,,,0.0,1.0,
1984-09-26,,,,,0.0,1.0,
1984-09-27,,,,,0.0,1.0,
1984-09-28,,,,,0.0,1.0,
1984-10-01,,,,,0.0,1.0,
1984-10-02,,,,,0.0,1.0,
1984-10-03,,,,,0.0,1.0,
1984-10-04,,,,,0.0,1.0,
1984-10-05,,,,,0.0,1.0,
1984-10-08,,,,,0.0,1.0,
1984-10-09,,,,,0.0,1.0,
1984-10-10,,,,,0.0,1.0,
1984-10-11,,,,,0.0,1.0,
1984-10-12,,,,,0.0,1.0,
1984-10-15,,,,,0.0,1.0,
1984-10-16,,,,,0.0,1.0,
1984-10-17,,,,,0.0,1.0,
1984-10-18,,,,,0.0,1.0,
1984-10-19,,,,,0.0,1.0,
1984-10-22,,,,,0.0,1.0,
1984-10-23,,,,,0.0,1.0,
1984-10-24,,,,,0.0,1.0,
1984-10-25,,,,,0.0,1.0,
1984-10-26,,,,,0.0,1.0,
1984-10-29,,,,,0.0,1.0,
1984-10-30,,,,,0.0,1.0,
1984-10-31,,,,,0.0,1.0,
1984-11-01,,,,,0.0,1.0,
1984-11-02,,,,,0.0,1.0,
1984-11-05,,,,,0.0,1.0,
1984-11-06,,,,,0.0,1.0,
1984-11-07,,,,,0.0,1.0,
1984-11-08,,,,,0.0,1.0,
1984-11-09,,,,,0.0,1.0,
1984-11-12,,,,,0.0,1.0,
1984-11-13,,,,,0.0,1.0,
1984-11-14,,,,,0.0,1.0,
1984-11-15,,,,,0.0,1.0,
1984-11-16,,,,,0.0,1.0,
1984-11-19,,,,,0.0,1.0,
1984-11-20,,,,,0.0,1.0,
1984-11-21,,,,,0.0,1.0,
1984-11-22,,,,,0.0,1.0,
1984-11-23,,,,,0.0,1.0,
1984-11-26,,,,,0.0,1.0,
1984-11-27,,,,,0.0,1.0,
1984-11-28,,,,,0.0,1.0,
1984-11-29,,,,,0.0,1.0,
1984-11-30,,,,,0.0,1.0,
1984-12-03,,,,,0.0,1.0,
1984-12-04,,,,,0.0,1.0,
1984-12-05,,,,,0.0,1.0,
1984-12-06,,,,,0.0,1.0,
1984-12-07,,,,,0.0,1.0,
1984-12-10,,,,,0.0,1.0,
1984-12-11,,,,,0.0,1.0,
1984-12-12,,,,,0.0,1.0,
1984-12-13,,,,,0.0,1.0,
1984-12-14,,,,,0.0,1.0,
1984-12-17,,,,,0.0,1.0,
1984-12-18,,,,,0.0,1.0,
1984-12-19,,,,,0.0,1.0,
1984-12-20,,,,,0.0,1.0,
1984-12-21,,,,,0.0,1.0,
1984-12-24,,,,,0.0,1.0,
1984-12-25,,,,,0.0,1.0,
1984-12-26,,,,,0.0,1.0,
1984-12-27,,,,,0.0,1.0,
1984-12-28,,,,,0.0,1.0,
1984-12-31,,,,,0.0,1.0,
1985-01-01,,,,,0.0,1.0,
1985-01-02,,,,,0.0,1.0,
1985-01-03,,,,,0.0,1.0,
1985-01-04,,,,,0.0,1.0,
1985-01-07,,,,,0.0,1.0,
1985-01-08,,,,,0.0,1.0,
1985-01-09,,,,,0.0,1.0,
1985-01-10,,,,,0.0,1.0,
1985-01-11,,,,,0.0,1.0,
1985-01-14,,,,,0.0,1.0,
1985-01-15,,,,,0.0,1.0,
1985-01-16,,,,,0.0,1.0,
1985-01-17,,,,,0.0,1.0,
1985-01-18,,,,,0.0,1.0,
1985-01-21,,,,,0.0,1.0,
1985-01-22,,,,,0.0,1.0,
1985-01-23,,,,,0.0,1.0,
1985-01-24,,,,,0.0,1.0,
1985-01-25,,,,,0.0,1.0,
1985-01-28,,,,,0.0,1.0,
1985-01-29,,,,,0.0,1.0,
1985-01-30,,,,,0.0,1.0,
1985-01-31,,,,,0.0,1.0,
1985-02-01,,,,,0.0,1.0,
1985-02-04,,,,,0.0,1.0,
1985-02-05,,,,,0.0,1.0,
1985-02-06,,,,,0.0,1.0,
1985-02-07,,,,,0.0,1.0,
1985-02-08,,,,,0.0,1.0,
1985-02-11,,,,,0.0,1.0,
1985-02-12,,,,,0.0,1.0,
1985-02-13,,,,,0.0,1.0,
1985-02-14,,,,,0.0,1.0,
1985-02-15,,,,,0.0,1.0,
1985-02-18,,,,,0.0,1.0,
1985-02-19,,,,,0.0,1.0,
1985-02-20,,,,,0.0,1.0,
1985-02-21,,,,,0.0,1.0,
1985-02-22,,,,,0.0,1.0,
1985-02-25,,,,,0.0,1.0,
1985-02-26,,,,,0.0,1.0,
1985-02-27,,,,,0.0,1.0,
1985-02-28,,,,,0.0,1.0,
1985-03-01,,,,,0.0,1.0,
1985-03-04,,,,,0.0,1.0,
1985-03-05,,,,,0.0,1.0,
1985-03-06,,,,,0.0,1.0,
1985-03-07,,,,,0.0,1.0,
1985-03-08,,,,,0.0,1.0,
1985-03-11,,,,,0.0,1.0,
1985-03-12,,,,,0.0,1.0,
1985-03-13,,,,,0.0,1.0,
1985-03-14,,,,,0.0,1.0,
1985-03-15,,,,,0.0,1.0,
1985-03-18,,,,,0.0,1.0,
1985-03-19,,,,,0.0,1.0,
1985-03-20,,,,,0.0,1.0,
1985-03-21,,,,,0.0,1.0,
1985-03-22,,,,,0.0,1.0,
1985-03-25,,,,,0.0,1.0,
1985-03-26,,,,,0.0,1.0,
1985-03-27,,,,,0.0,1.0,
1985-03-28,,,,,0.0,1.0,
1985-03-29,,,,,0.0,1.0,
1985-04-01,,,,,0.0,1.0,
1985-04-02,,,,,0.0,1.0,
1985-04-03,,,,,0.0,1.0,
1985-04-04,,,,,0.0,1.0,
1985-04-05,,,,,0.0,1.0,
1985-04-08,,,,,0.0,1.0,
1985-04-09,,,,,0.0,1.0,
1985-04-10,,,,,0.0,1.0,
1985-04-11,,,,,0.0,1.0,
1985-04-12,,,,,0.0,1.0,
1985-04-15,,,,,0.0,1.0,
1985-04-16,,,,,0.0,1.0,
1985-04-17,,,,,0.0,1.0,
1985-04-18,,,,,0.0,1.0,
1985-04-19,,,,,0.0,1.0,
1985-04-22,,,,,0.0,1.0,
1985-04-23,,,,,0.0,1.0,
1985-04-24,,,,,0.0,1.0,
1985-04-25,,,,,0.0,1.0,
1985-04-26,,,,,0.0,1.0,
1985-04-29,,,,,0.0,1.0,
1985-04-30,,,,,0.0,1.0,
1985-05-01,,,,,0.0,1.0,
1985-05-02,,,,,0.0,1.0,
1985-05-03,,,,,0.0,1.0,
1985-05-06,,,,,0.0,1.0,
1985-05-07,,,,,0.0,1.0,
1985-05-08,,,,,0.0,1.0,
1985-05-09,,,,,0.0,1.0,
1985-05-10,,,,,0.0,1.0,
1985-05-13,,,,,0.0,1.0,
1985-05-14,,,,,0.0,1.0,
1985-05-15,,,,,0.0,1.0,
1985-05-16,,,,,0.0,1.0,
1985-05-17,,,,,0.0,1.0,
1985-05-20,,,,,0.0,1.0,
1985-05-21,,,,,0.0,1.0,
1985-05-22,,,,,0.0,1.0,
1985-05-23,,,,,0.0,1.0,
1985-05-24,,,,,0.0,1.0,
1985-05-27,,,,,0.0,1.0,
1985-05-28,,,,,0.0,1.0,
1985-05-29,,,,,0.0,1.0,
1985-05-30,,,,,0.0,1.0,
1985-05-31,,,,,0.0,1.0,
1985-06-03,,,,,0.0,1.0,
1985-06-04,,,,,0.0,1.0,
1985-06-05,,,,,0.0,1.0,
1985-06-06,,,,,0.0,1.0,
1985-06-07,,,,,0.0,1.0,
1985-06-10,,,,,0.0,1.0,
1985-06-11,,,,,0.0,1.0,
1985-06-12,,,,,0.0,1.0,
1985-06-13,,,,,0.0,1.0,
1985-06-14,,,,,0.0,1.0,
1985-06-17,,,,,0.0,1.0,
1985-06-18,,,,,0.0,1.0,
1985-06-19,,,,,0.0,1.0,
1985-06-20,,,,,0.0,1.0,
1985-06-21,,,,,0.0,1.0,
1985-06-24,,,,,0.0,1.0,
1985-06-25,,,,,0.0,1.0,
1985-06-26,,,,,0.0,1.0,
1985-06-27,,,,,0.0,1.0,
1985-06-28,,,,,0.0,1.0,
1985-07-01,,,,,0.0,1.0,
1985-07-02,,,,,0.0,1.0,
1985-07-03,,,,,0.0,1.0,
1985-07-04,,,,,0.0,1.0,
1985-07-05,,,,,0.0,1.0,
1985-07-08,,,,,0.0,1.0,
1985-07-09,,,,,0.0,1.0,
1985-07-10,,,,,0.0,1.0,
1985-07-11,,,,,0.0,1.0,
1985-07-12,,,,,0.0,1.0,
1985-07-15,,,,,0.0,1.0,
1985-07-16,,,,,0.0,1.0,
1985-07-17,,,,,0.0,1.0,
1985-07-18,,,,,0.0,1.0,
1985-07-19,,,,,0.0,1.0,
1985-07-22,,,,,0.0,1.0,
1985-07-23,,,,,0.0,1.0,
1985-07-24,,,,,0.0,1.0,
1985-07-25,,,,,0.0,1.0,
1985-07-26,,,,,0.0,1.0,
1985-07-29,,,,,0.0,1.0,
1985-07-30,,,,,0.0,1.0,
1985-07-31,,,,,0.0,1.0,
1985-08-01,,,,,0.0,1.0,
1985-08-02,,,,,0.0,1.0,
1985-08-05,,,,,0.0,1.0,
1985-08-06,,,,,0.0,1.0,
1985-08-07,,,,,0.0,1.0,
1985-08-08,,,,,0.0,1.0,
1985-08-09,,,,,0.0,1.0,
1985-08-12,,,,,0.0,1.0,
1985-08-13,,,,,0.0,1.0,
1985-08-14,,,,,0.0,1.0,
1985-08-15,,,,,0.0,1.0,
1985-08-16,,,,,0.0,1.0,
1985-08-19,,,,,0.0,1.0,
1985-08-20,,,,,0.0,1.0,
1985-08-21,,,,,0.0,1.0,
1985-08-22,,,,,0.0,1.0,
1985-08-23,,,,,0.0,1.0,
1985-08-26,,,,,0.0,1.0,
1985-08-27,,,,,0.0,1.0,
1985-08-28,,,,,0.0,1.0,
1985-08-29,,,,,0.0,1.0,
1985-08-30,,,,,0.0,1.0,
1985-09-02,,,,,0.0,1.0,
1985-09-03,,,,,0.0,1.0,
1985-09-04,,,,,0.0,1.0,
1985-09-05,,,,,0.0,1.0,
1985-09-06,,,,,0.0,1.0,
1985-09-09,,,,,0.0,1.0,
1985-09-10,,,,,0.0,1.0,
1985-09-11,,,,,0.0,1.0,
1985-09-12,,,,,0.0,1.0,
1985-09-13,,,,,0.0,1.0,
1985-09-16,,,,,0.0,1.0,
1985-09-17,,,,,0.0,1.0,
1985-09-18,,,,,0.0,1.0,
1985-09-19,,,,,0.0,1.0,
1985-09-20,,,,,0.0,1.0,
1985-09-23,,,,,0.0,1.0,
1985-09-24,,,,,0.0,1.0,
1985-09-25,,,,,0.0,1.0,
1985-09-26,,,,,0.0,1.0,
1985-09-27,,,,,0.0,1.0,
1985-09-30,,,,,0.0,1.0,
1985-10-01,,,,,0.0,1.0,
1985-10-02,,,,,0.0,1.0,
1985-10-03,,,,,0.0,1.0,
1985-10-04,,,,,0.0,1.0,
1985-10-07,,,,,0.0,1.0,
1985-10-08,,,,,0.0,1.0,
1985-10-09,,,,,0.0,1.0,
1985-10-10,,,,,0.0,1.0,
1985-10-11,,,,,0.0,1.0,
1985-10-14,,,,,0.0,1.0,
1985-10-15,,,,,0.0,1.0,
1985-10-16,,,,,0.0,1.0,
1985-10-17,,,,,0.0,1.0,
1985-10-18,,,,,0.0,1.0,
1985-10-21,,,,,0.0,1.0,
1985-10-22,,,,,0.0,1.0,
1985-10-23,,,,,0.0,1.0,
1985-10-24,,,,,0.0,1.0,
1985-10-25,,,,,0.0,1.0,
1985-10-28,,,,,0.0,1.0,
1985-10-29,,,,,0.0,1.0,
1985-10-30,,,,,0.0,1.0,
1985-10-31,,,,,0.0,1.0,
1985-11-01,,,,,0.0,1.0,
1985-11-04,,,,,0.0,1.0,
1985-11-05,,,,,0.0,1.0,
1985-11-06,,,,,0.0,1.0,
1985-11-07,,,,,0.0,1.0,
1985-11-08,,,,,0.0,1.0,
1985-11-11,,,,,0.0,1.0,
1985-11-12,,,,,0.0,1.0,
1985-11-13,,,,,0.0,1.0,
1985-11-14,,,,,0.0,1.0,
1985-11-15,,,,,0.0,1.0,
1985-11-18,,,,,0.0,1.0,
1985-11-19,,,,,0.0,1.0,
1985-11-20,,,,,0.0,1.0,
1985-11-21,,,,,0.0,1.0,
1985-11-22,,,,,0.0,1.0,
1985-11-25,,,,,0.0,1.0,
1985-11-26,,,,,0.0,1.0,
1985-11-27,,,,,0.0,1.0,
1985-11-28,,,,,0.0,1.0,
1985-11-29,,,,,0.0,1.0,
1985-12-02,,,,,0.0,1.0,
1985-12-03,,,,,0.0,1.0,
1985-12-04,,,,,0.0,1.0,
1985-12-05,,,,,0.0,1.0,
1985-12-06,,,,,0.0,1.0,
1985-12-09,,,,,0.0,1.0,
1985-12-10,,,,,0.0,1.0,
1985-12-11,,,,,0.0,1.0,
1985-12-12,,,,,0.0,1.0,
1985-12-13,,,,,0.0,1.0,
1985-12-16,,,,,0.0,1.0,
1985-12-17,,,,,0.0,1.0,
1985-12-18,,,,,0.0,1.0,
1985-12-19,,,,,0.0,1.0,
1985-12-20,,,,,0.0,1.0,
1985-12-23,,,,,0.0,1.0,
1985-12-24,,,,,0.0,1.0,
1985-12-25,,,,,0.0,1.0,
1985-12-26,,,,,0.0,1.0,
1985-12-27,,,,,0.0,1.0,
1985-12-30,,,,,0.0,1.0,
1985-12-31,,,,,0.0,1.0,
1986-01-02,,,,,0.0,1.0,
1986-01-03,,,,,0.0,1.0,
1986-01-06,,,,,0.0,1.0,
1986-01-07,,,,,0.0,1.0,
1986-01-08,,,,,0.0,1.0,
1986-01-09,,,,,0.0,1.0,
1986-01-10,,,,,0.0,1.0,
1986-01-13,,,,,0.0,1.0,
1986-01-14,,,,,0.0,1.0,
1986-01-15,,,,,0.0,1.0,
1986-01-16,,,,,0.0,1.0,
1986-01-17,,,,,0.0,1.0,
1986-01-20,,,,,0.0,1.0,
1986-01-21,,,,,0.0,1.0,
1986-01-22,,,,,0.0,1.0,
1986-01-23,,,,,0.0,1.0,
1986-01-24,,,,,0.0,1.0,
1986-01-27,,,,,0.0,1.0,
1986-01-28,,,,,0.0,1.0,
1986-01-29,,,,,0.0,1.0,
1986-01-30,,,,,0.0,1.0,
1986-01-31,,,,,0.0,1.0,
1986-02-03,,,,,0.0,1.0,
1986-02-04,,,,,0.0,1.0,
1986-02-05,,,,,0.0,1.0,
1986-02-06,,,,,0.0,1.0,
1986-02-07,,,,,0.0,1.0,
1986-02-10,,,,,0.0,1.0,
1986-02-11,,,,,0.0,1.0,
1986-02-12,,,,,0.0,1.0,
1986-02-13,,,,,0.0,1.0,
1986-02-14,,,,,0.0,1.0,
1986-02-17,,,,,0.0,1.0,
1986-02-18,,,,,0.0,1.0,
1986-02-19,,,,,0.0,1.0,
1986-02-20,,,,,0.0,1.0,
1986-02-21,,,,,0.0,1.0,
1986-02-24,,,,,0.0,1.0,
1986-02-25,,,,,0.0,1.0,
1986-02-26,,,,,0.0,1.0,
1986-02-27,,,,,0.0,1.0,
1986-02-28,,,,,0.0,1.0,
1986-03-03,,,,,0.0,1.0,
1986-03-04,,,,,0.0,1.0,
1986-03-05,,,,,0.0,1.0,
1986-03-06,,,,,0.0,1.0,
1986-03-07,,,,,0.0,1.0,
1986-03-10,,,,,0.0,1.0,
1986-03-11,,,,,0.0,1.0,
1986-03-12,,,,,0.0,1.0,
1986-03-13,,,,,0.0,1.0,
1986-03-14,,,,,0.0,1.0,
1986-03-17,,,,,0.0,1.0,
1986-03-18,,,,,0.0,1.0,
1986-03-19,,,,,0.0,1.0,
1986-03-20,,,,,0.0,1.0,
1986-03-21,,,,,0.0,1.0,
1986-03-24,,,,,0.0,1.0,
1986-03-25,,,,,0.0,1.0,
1986-03-26,,,,,0.0,1.0,
1986-03-27,,,,,0.0,1.0,
1986-04-01,,,,,0.0,1.0,
1986-04-02,,,,,0.0,1.0,
1986-04-03,,,,,0.0,1.0,
1986-04-04,,,,,0.0,1.0,
1986-04-07,,,,,0.0,1.0,
1986-04-08,,,,,0.0,1.0,
1986-04-09,,,,,0.0,1.0,
1986-04-10,,,,,0.0,1.0,
1986-04-11,,,,,0.0,1.0,
1986-04-14,,,,,0.0,1.0,
1986-04-15,,,,,0.0,1.0,
1986-04-16,,,,,0.0,1.0,
1986-04-17,,,,,0.0,1.0,
1986-04-18,,,,,0.0,1.0,
1986-04-21,,,,,0.0,1.0,
1986-04-22,,,,,0.0,1.0,
1986-04-23,,,,,0.0,1.0,
1986-04-24,,,,,0.0,1.0,
1986-04-25,,,,,0.0,1.0,
1986-04-28,,,,,0.0,1.0,
1986-04-29,,,,,0.0,1.0,
1986-04-30,,,,,0.0,1.0,
1986-05-01,,,,,0.0,1.0,
1986-05-02,,,,,0.0,1.0,
1986-05-05,,,,,0.0,1.0,
1986-05-06,,,,,0.0,1.0,
1986-05-07,,,,,0.0,1.0,
1986-05-08,,,,,0.0,1.0,
1986-05-09,,,,,0.0,1.0,
1986-05-12,,,,,0.0,1.0,
1986-05-13,,,,,0.0,1.0,
1986-05-14,,,,,0.0,1.0,
1986-05-15,,,,,0.0,1.0,
1986-05-16,,,,,0.0,1.0,
1986-05-19,,,,,0.0,1.0,
1986-05-20,,,,,0.0,1.0,
1986-05-21,,,,,0.0,1.0,
1986-05-22,,,,,0.0,1.0,
1986-05-23,,,,,0.0,1.0,
1986-05-26,,,,,0.0,1.0,
1986-05-27,,,,,0.0,1.0,
1986-05-28,,,,,0.0,1.0,
1986-05-29,,,,,0.0,1.0,
1986-05-30,,,,,0.0,1.0,
1986-06-02,,,,,0.0,1.0,
1986-06-03,,,,,0.0,1.0,
1986-06-04,,,,,0.0,1.0,
1986-06-05,,,,,0.0,1.0,
1986-06-06,,,,,0.0,1.0,
1986-06-09,,,,,0.0,1.0,
1986-06-10,,,,,0.0,1.0,
1986-06-11,,,,,0.0,1.0,
1986-06-12,,,,,0.0,1.0,
1986-06-13,,,,,0.0,1.0,
1986-06-16,,,,,0.0,1.0,
1986-06-17,,,,,0.0,1.0,
1986-06-18,,,,,0.0,1.0,
1986-06-19,,,,,0.0,1.0,
1986-06-20,,,,,0.0,1.0,
1986-06-23,,,,,0.0,1.0,
1986-06-24,,,,,0.0,1.0,
1986-06-25,,,,,0.0,1.0,
1986-06-26,,,,,0.0,1.0,
1986-06-27,,,,,0.0,1.0,
1986-06-30,,,,,0.0,1.0,
1986-07-01,,,,,0.0,1.0,
1986-07-02,,,,,0.0,1.0,
1986-07-03,,,,,0.0,1.0,
1986-07-04,,,,,0.0,1.0,
1986-07-07,,,,,0.0,1.0,
1986-07-08,,,,,0.0,1.0,
1986-07-09,,,,,0.0,1.0,
1986-07-10,,,,,0.0,1.0,
1986-07-11,,,,,0.0,1.0,
1986-07-14,,,,,0.0,1.0,
1986-07-15,,,,,0.0,1.0,
1986-07-16,,,,,0.0,1.0,
1986-07-17,,,,,0.0,1.0,
1986-07-18,,,,,0.0,1.0,
1986-07-21,,,,,0.0,1.0,
1986-07-22,,,,,0.0,1.0,
1986-07-23,,,,,0.0,1.0,
1986-07-24,,,,,0.0,1.0,
1986-07-25,,,,,0.0,1.0,
1986-07-28,,,,,0.0,1.0,
1986-07-29,,,,,0.0,1.0,
1986-07-30,,,,,0.0,1.0,
1986-07-31,,,,,0.0,1.0,
1986-08-01,,,,,0.0,1.0,
1986-08-04,,,,,0.0,1.0,
1986-08-05,,,,,0.0,1.0,
1986-08-06,,,,,0.0,1.0,
1986-08-07,,,,,0.0,1.0,
1986-08-08,,,,,0.0,1.0,
1986-08-11,,,,,0.0,1.0,
1986-08-12,,,,,0.0,1.0,
1986-08-13,,,,,0.0,1.0,
1986-08-14,,,,,0.0,1.0,
1986-08-15,,,,,0.0,1.0,
1986-08-18,,,,,0.0,1.0,
1986-08-19,,,,,0.0,1.0,
1986-08-20,,,,,0.0,1.0,
1986-08-21,,,,,0.0,1.0,
1986-08-22,,,,,0.0,1.0,
1986-08-25,,,,,0.0,1.0,
1986-08-26,,,,,0.0,1.0,
1986-08-27,,,,,0.0,1.0,
1986-08-28,,,,,0.0,1.0,
1986-08-29,,,,,0.0,1.0,
1986-09-01,,,,,0.0,1.0,
1986-09-02,,,,,0.0,1.0,
1986-09-03,,,,,0.0,1.0,
1986-09-04,,,,,0.0,1.0,
1986-09-05,,,,,0.0,1.0,
1986-09-08,,,,,0.0,1.0,
1986-09-09,,,,,0.0,1.0,
1986-09-10,,,,,0.0,1.0,
1986-09-11,,,,,0.0,1.0,
1986-09-12,,,,,0.0,1.0,
1986-09-15,,,,,0.0,1.0,
1986-09-16,,,,,0.0,1.0,
1986-09-17,,,,,0.0,1.0,
1986-09-18,,,,,0.0,1.0,
1986-09-19,,,,,0.0,1.0,
1986-09-22,,,,,0.0,1.0,
1986-09-23,,,,,0.0,1.0,
1986-09-24,,,,,0.0,1.0,
1986-09-25,,,,,0.0,1.0,
1986-09-26,,,,,0.0,1.0,
1986-09-29,,,,,0.0,1.0,
1986-09-30,,,,,0.0,1.0,
1986-10-01,,,,,0.0,1.0,
1986-10-02,,,,,0.0,1.0,
1986-10-03,,,,,0.0,1.0,
1986-10-06,,,,,0.0,1.0,
1986-10-07,,,,,0.0,1.0,
1986-10-08,,,,,0.0,1.0,
1986-10-09,,,,,0.0,1.0,
1986-10-10,,,,,0.0,1.0,
1986-10-13,,,,,0.0,1.0,
1986-10-14,,,,,0.0,1.0,
1986-10-15,,,,,0.0,1.0,
1986-10-16,,,,,0.0,1.0,
1986-10-17,,,,,0.0,1.0,
1986-10-20,,,,,0.0,1.0,
1986-10-21,,,,,0.0,1.0,
1986-10-22,,,,,0.0,1.0,
1986-10-23,,,,,0.0,1.0,
1986-10-24,,,,,0.0,1.0,
1986-10-27,,,,,0.0,1.0,
1986-10-28,,,,,0.0,1.0,
1986-10-29,,,,,0.0,1.0,
1986-10-30,,,,,0.0,1.0,
1986-10-31,,,,,0.0,1.0,
1986-11-03,,,,,0.0,1.0,
1986-11-04,,,,,0.0,1.0,
1986-11-05,,,,,0.0,1.0,
1986-11-06,,,,,0.0,1.0,
1986-11-07,,,,,0.0,1.0,
1986-11-10,,,,,0.0,1.0,
1986-11-11,,,,,0.0,1.0,
1986-11-12,,,,,0.0,1.0,
1986-11-13,,,,,0.0,1.0,
1986-11-14,,,,,0.0,1.0,
1986-11-17,,,,,0.0,1.0,
1986-11-18,,,,,0.0,1.0,
1986-11-19,,,,,0.0,1.0,
1986-11-20,,,,,0.0,1.0,
1986-11-21,,,,,0.0,1.0,
1986-11-24,,,,,0.0,1.0,
1986-11-25,,,,,0.0,1.0,
1986-11-26,,,,,0.0,1.0,
1986-11-27,,,,,0.0,1.0,
1986-11-28,,,,,0.0,1.0,
1986-12-01,,,,,0.0,1.0,
1986-12-02,,,,,0.0,1.0,
1986-12-03,,,,,0.0,1.0,
1986-12-04,,,,,0.0,1.0,
1986-12-05,,,,,0.0,1.0,
1986-12-08,,,,,0.0,1.0,
1986-12-09,,,,,0.0,1.0,
1986-12-10,,,,,0.0,1.0,
1986-12-11,,,,,0.0,1.0,
1986-12-12,,,,,0.0,1.0,
1986-12-15,,,,,0.0,1.0,
1986-12-16,,,,,0.0,1.0,
1986-12-17,,,,,0.0,1.0,
1986-12-18,,,,,0.0,1.0,
1986-12-19,,,,,0.0,1.0,
1986-12-22,,,,,0.0,1.0,
1986-12-23,,,,,0.0,1.0,
1986-12-24,,,,,0.0,1.0,
1986-12-29,,,,,0.0,1.0,
1986-12-30,,,,,0.0,1.0,
1986-12-31,,,,,0.0,1.0,
1987-01-02,,,,,0.0,1.0,
1987-01-05,,,,,0.0,1.0,
1987-01-06,,,,,0.0,1.0,
1987-01-07,,,,,0.0,1.0,
1987-01-08,,,,,0.0,1.0,
1987-01-09,,,,,0.0,1.0,
1987-01-12,,,,,0.0,1.0,
1987-01-13,,,,,0.0,1.0,
1987-01-14,,,,,0.0,1.0,
1987-01-15,,,,,0.0,1.0,
1987-01-16,,,,,0.0,1.0,
1987-01-19,,,,,0.0,1.0,
1987-01-20,,,,,0.0,1.0,
1987-01-21,,,,,0.0,1.0,
1987-01-22,,,,,0.0,1.0,
1987-01-23,,,,,0.0,1.0,
1987-01-26,,,,,0.0,1.0,
1987-01-27,,,,,0.0,1.0,
1987-01-28,,,,,0.0,1.0,
1987-01-29,,,,,0.0,1.0,
1987-01-30,,,,,0.0,1.0,
1987-02-02,,,,,0.0,1.0,
1987-02-03,,,,,0.0,1.0,
1987-02-04,,,,,0.0,1.0,
1987-02-05,,,,,0.0,1.0,
1987-02-06,,,,,0.0,1.0,
1987-02-09,,,,,0.0,1.0,
1987-02-10,,,,,0.0,1.0,
1987-02-11,,,,,0.0,1.0,
1987-02-12,,,,,0.0,1.0,
1987-02-13,,,,,0.0,1.0,
1987-02-16,,,,,0.0,1.0,
1987-02-17,,,,,0.0,1.0,
1987-02-18,,,,,0.0,1.0,
1987-02-19,,,,,0.0,1.0,
1987-02-20,,,,,0.0,1.0,
1987-02-23,,,,,0.0,1.0,
1987-02-24,,,,,0.0,1.0,
1987-02-25,,,,,0.0,1.0,
1987-02-26,,,,,0.0,1.0,
1987-02-27,,,,,0.0,1.0,
1987-03-02,,,,,0.0,1.0,
1987-03-03,,,,,0.0,1.0,
1987-03-04,,,,,0.0,1.0,
1987-03-05,,,,,0.0,1.0,
1987-03-06,,,,,0.0,1.0,
1987-03-09,,,,,0.0,1.0,
1987-03-10,,,,,0.0,1.0,
1987-03-11,,,,,0.0,1.0,
1987-03-12,,,,,0.0,1.0,
1987-03-13,,,,,0.0,1.0,
1987-03-16,,,,,0.0,1.0,
1987-03-17,,,,,0.0,1.0,
1987-03-18,,,,,0.0,1.0,
1987-03-19,,,,,0.0,1.0,
1987-03-20,,,,,0.0,1.0,
1987-03-23,,,,,0.0,1.0,
1987-03-24,,,,,0.0,1.0,
1987-03-25,,,,,0.0,1.0,
1987-03-26,,,,,0.0,1.0,
1987-03-27,,,,,0.0,1.0,
1987-03-30,,,,,0.0,1.0,
1987-03-31,,,,,0.0,1.0,
1987-04-01,,,,,0.0,1.0,
1987-04-02,,,,,0.0,1.0,
1987-04-03,,,,,0.0,1.0,
1987-04-06,,,,,0.0,1.0,
1987-04-07,,,,,0.0,1.0,
1987-04-08,,,,,0.0,1.0,
1987-04-09,,,,,0.0,1.0,
1987-04-10,,,,,0.0,1.0,
1987-04-13,,,,,0.0,1.0,
1987-04-14,,,,,0.0,1.0,
1987-04-15,,,,,0.0,1.0,
1987-04-16,,,,,0.0,1.0,
1987-04-21,,,,,0.0,1.0,
1987-04-22,,,,,0.0,1.0,
1987-04-23,,,,,0.0,1.0,
1987-04-24,,,,,0.0,1.0,
1987-04-27,,,,,0.0,1.0,
1987-04-28,,,,,0.0,1.0,
1987-04-29,,,,,0.0,1.0,
1987-04-30,,,,,0.0,1.0,
1987-05-01,,,,,0.0,1.0,
1987-05-04,,,,,0.0,1.0,
1987-05-05,,,,,0.0,1.0,
1987-05-06,,,,,0.0,1.0,
1987-05-07,,,,,0.0,1.0,
1987-05-08,,,,,0.0,1.0,
1987-05-11,,,,,0.0,1.0,
1987-05-12,,,,,0.0,1.0,
1987-05-13,,,,,0.0,1.0,
1987-05-14,,,,,0.0,1.0,
1987-05-15,,,,,0.0,1.0,
1987-05-18,,,,,0.0,1.0,
1987-05-19,,,,,0.0,1.0,
1987-05-20,,,,,0.0,1.0,
1987-05-21,,,,,0.0,1.0,
1987-05-22,,,,,0.0,1.0,
1987-05-25,,,,,0.0,1.0,
1987-05-26,,,,,0.0,1.0,
1987-05-27,,,,,0.0,1.0,
1987-05-28,,,,,0.0,1.0,
1987-05-29,,,,,0.0,1.0,
1987-06-01,,,,,0.0,1.0,
1987-06-02,,,,,0.0,1.0,
1987-06-03,,,,,0.0,1.0,
1987-06-04,,,,,0.0,1.0,
1987-06-05,,,,,0.0,1.0,
1987-06-08,,,,,0.0,1.0,
1987-06-09,,,,,0.0,1.0,
1987-06-10,,,,,0.0,1.0,
1987-06-11,,,,,0.0,1.0,
1987-06-12,,,,,0.0,1.0,
1987-06-15,,,,,0.0,1.0,
1987-06-16,,,,,0.0,1.0,
1987-06-17,,,,,0.0,1.0,
1987-06-18,,,,,0.0,1.0,
1987-06-19,,,,,0.0,1.0,
1987-06-22,,,,,0.0,1.0,
1987-06-23,,,,,0.0,1.0,
1987-06-24,,,,,0.0,1.0,
1987-06-25,,,,,0.0,1.0,
1987-06-26,,,,,0.0,1.0,
1987-06-29,,,,,0.0,1.0,
1987-06-30,,,,,0.0,1.0,
1987-07-01,,,,,0.0,1.0,
1987-07-02,,,,,0.0,1.0,
1987-07-03,,,,,0.0,1.0,
1987-07-06,,,,,0.0,1.0,
1987-07-07,,,,,0.0,1.0,
1987-07-08,,,,,0.0,1.0,
1987-07-09,,,,,0.0,1.0,
1987-07-10,,,,,0.0,1.0,
1987-07-13,,,,,0.0,1.0,
1987-07-14,,,,,0.0,1.0,
1987-07-15,,,,,0.0,1.0,
1987-07-16,,,,,0.0,1.0,
1987-07-17,,,,,0.0,1.0,
1987-07-20,,,,,0.0,1.0,
1987-07-21,,,,,0.0,1.0,
1987-07-22,,,,,0.0,1.0,
1987-07-23,,,,,0.0,1.0,
1987-07-24,,,,,0.0,1.0,
1987-07-27,,,,,0.0,1.0,
1987-07-28,,,,,0.0,1.0,
1987-07-29,,,,,0.0,1.0,
1987-07-30,,,,,0.0,1.0,
1987-07-31,,,,,0.0,1.0,
1987-08-03,,,,,0.0,1.0,
1987-08-04,,,,,0.0,1.0,
1987-08-05,,,,,0.0,1.0,
1987-08-06,,,,,0.0,1.0,
1987-08-07,,,,,0.0,1.0,
1987-08-10,,,,,0.0,1.0,
1987-08-11,,,,,0.0,1.0,
1987-08-12,,,,,0.0,1.0,
1987-08-13,,,,,0.0,1.0,
1987-08-14,,,,,0.0,1.0,
1987-08-17,,,,,0.0,1.0,
1987-08-18,,,,,0.0,1.0,
1987-08-19,,,,,0.0,1.0,
1987-08-20,,,,,0.0,1.0,
1987-08-21,,,,,0.0,1.0,
1987-08-24,,,,,0.0,1.0,
1987-08-25,,,,,0.0,1.0,
1987-08-26,,,,,0.0,1.0,
1987-08-27,,,,,0.0,1.0,
1987-08-28,,,,,0.0,1.0,
1987-08-31,,,,,0.0,1.0,
1987-09-01,,,,,0.0,1.0,
1987-09-02,,,,,0.0,1.0,
1987-09-03,,,,,0.0,1.0,
1987-09-04,,,,,0.0,1.0,
1987-09-07,,,,,0.0,1.0,
1987-09-08,,,,,0.0,1.0,
1987-09-09,,,,,0.0,1.0,
1987-09-10,,,,,0.0,1.0,
1987-09-11,,,,,0.0,1.0,
1987-09-14,,,,,0.0,1.0,
1987-09-15,,,,,0.0,1.0,
1987-09-16,,,,,0.0,1.0,
1987-09-17,,,,,0.0,1.0,
1987-09-18,,,,,0.0,1.0,
1987-09-21,,,,,0.0,1.0,
1987-09-22,,,,,0.0,1.0,
1987-09-23,,,,,0.0,1.0,
1987-09-24,,,,,0.0,1.0,
1987-09-25,,,,,0.0,1.0,
1987-09-28,,,,,0.0,1.0,
1987-09-29,,,,,0.0,1.0,
1987-09-30,,,,,0.0,1.0,
1987-10-01,,,,,0.0,1.0,
1987-10-02,,,,,0.0,1.0,
1987-10-05,,,,,0.0,1.0,
1987-10-06,,,,,0.0,1.0,
1987-10-07,,,,,0.0,1.0,
1987-10-08,,,,,0.0,1.0,
1987-10-09,,,,,0.0,1.0,
1987-10-12,,,,,0.0,1.0,
1987-10-13,,,,,0.0,1.0,
1987-10-14,,,,,0.0,1.0,
1987-10-15,,,,,0.0,1.0,
1987-10-16,,,,,0.0,1.0,
1987-10-19,,,,,0.0,1.0,
1987-10-20,,,,,0.0,1.0,
1987-10-21,,,,,0.0,1.0,
1987-10-22,,,,,0.0,1.0,
1987-10-23,,,,,0.0,1.0,
1987-10-26,,,,,0.0,1.0,
1987-10-27,,,,,0.0,1.0,
1987-10-28,,,,,0.0,1.0,
1987-10-29,,,,,0.0,1.0,
1987-10-30,,,,,0.0,1.0,
1987-11-02,,,,,0.0,1.0,
1987-11-03,,,,,0.0,1.0,
1987-11-04,,,,,0.0,1.0,
1987-11-05,,,,,0.0,1.0,
1987-11-06,,,,,0.0,1.0,
1987-11-09,,,,,0.0,1.0,
1987-11-10,,,,,0.0,1.0,
1987-11-11,,,,,0.0,1.0,
1987-11-12,,,,,0.0,1.0,
1987-11-13,,,,,0.0,1.0,
1987-11-16,,,,,0.0,1.0,
1987-11-17,,,,,0.0,1.0,
1987-11-18,,,,,0.0,1.0,
1987-11-19,,,,,0.0,1.0,
1987-11-20,,,,,0.0,1.0,
1987-11-23,,,,,0.0,1.0,
1987-11-24,,,,,0.0,1.0,
1987-11-25,,,,,0.0,1.0,
1987-11-26,,,,,0.0,1.0,
1987-11-27,,,,,0.0,1.0,
1987-11-30,,,,,0.0,1.0,
1987-12-01,,,,,0.0,1.0,
1987-12-02,,,,,0.0,1.0,
1987-12-03,,,,,0.0,1.0,
1987-12-04,,,,,0.0,1.0,
1987-12-07,,,,,0.0,1.0,
1987-12-08,,,,,0.0,1.0,
1987-12-09,,,,,0.0,1.0,
1987-12-10,,,,,0.0,1.0,
1987-12-11,,,,,0.0,1.0,
1987-12-14,,,,,0.0,1.0,
1987-12-15,,,,,0.0,1.0,
1987-12-16,,,,,0.0,1.0,
1987-12-17,,,,,0.0,1.0,
1987-12-18,,,,,0.0,1.0,
1987-12-21,,,,,0.0,1.0,
1987-12-22,,,,,0.0,1.0,
1987-12-23,,,,,0.0,1.0,
1987-12-24,,,,,0.0,1.0,
1987-12-28,,,,,0.0,1.0,
1987-12-29,,,,,0.0,1.0,
1987-12-30,,,,,0.0,1.0,
1987-12-31,,,,,0.0,1.0,
1988-01-04,,,,,0.0,1.0,
1988-01-05,,,,,0.0,1.0,
1988-01-06,,,,,0.0,1.0,
1988-01-07,,,,,0.0,1.0,
1988-01-08,,,,,0.0,1.0,
1988-01-11,,,,,0.0,1.0,
1988-01-12,,,,,0.0,1.0,
1988-01-13,,,,,0.0,1.0,
1988-01-14,,,,,0.0,1.0,
1988-01-15,,,,,0.0,1.0,
1988-01-18,,,,,0.0,1.0,
1988-01-19,,,,,0.0,1.0,
1988-01-20,,,,,0.0,1.0,
1988-01-21,,,,,0.0,1.0,
1988-01-22,,,,,0.0,1.0,
1988-01-25,,,,,0.0,1.0,
1988-01-26,,,,,0.0,1.0,
1988-01-27,,,,,0.0,1.0,
1988-01-28,,,,,0.0,1.0,
1988-01-29,,,,,0.0,1.0,
1988-02-01,,,,,0.0,1.0,
1988-02-02,,,,,0.0,1.0,
1988-02-03,,,,,0.0,1.0,
1988-02-04,,,,,0.0,1.0,
1988-02-05,,,,,0.0,1.0,
1988-02-06,,,,,0.0,1.0,
1988-02-08,,,,,0.0,1.0,
1988-02-09,,,,,0.0,1.0,
1988-02-10,,,,,0.0,1.0,
1988-02-11,,,,,0.0,1.0,
1988-02-12,,,,,0.0,1.0,
1988-02-15,,,,,0.0,1.0,
1988-02-16,,,,,0.0,1.0,
1988-02-17,,,,,0.0,1.0,
1988-02-18,,,,,0.0,1.0,
1988-02-19,,,,,0.0,1.0,
1988-02-22,,,,,0.0,1.0,
1988-02-23,,,,,0.0,1.0,
1988-02-24,,,,,0.0,1.0,
1988-02-25,,,,,0.0,1.0,
1988-02-26,,,,,0.0,1.0,
1988-02-29,,,,,0.0,1.0,
1988-03-01,,,,,0.0,1.0,
1988-03-02,,,,,0.0,1.0,
1988-03-03,,,,,0.0,1.0,
1988-03-04,,,,,0.0,1.0,
1988-03-07,,,,,0.0,1.0,
1988-03-08,,,,,0.0,1.0,
1988-03-09,,,,,0.0,1.0,
1988-03-10,,,,,0.0,1.0,
1988-03-11,,,,,0.0,1.0,
1988-03-14,,,,,0.0,1.0,
1988-03-15,,,,,0.0,1.0,
1988-03-16,,,,,0.0,1.0,
1988-03-17,,,,,0.0,1.0,
1988-03-18,,,,,0.0,1.0,
1988-03-21,,,,,0.0,1.0,
1988-03-22,,,,,0.0,1.0,
1988-03-23,,,,,0.0,1.0,
1988-03-24,,,,,0.0,1.0,
1988-03-25,,,,,0.0,1.0,
1988-03-28,,,,,0.0,1.0,
1988-03-29,,,,,0.0,1.0,
1988-03-30,,,,,0.0,1.0,
1988-03-31,,,,,0.0,1.0,
1988-04-05,,,,,0.0,1.0,
1988-04-06,,,,,0.0,1.0,
1988-04-07,,,,,0.0,1.0,
1988-04-08,,,,,0.0,1.0,
1988-04-11,,,,,0.0,1.0,
1988-04-12,,,,,0.0,1.0,
1988-04-13,,,,,0.0,1.0,
1988-04-14,,,,,0.0,1.0,
1988-04-15,,,,,0.0,1.0,
1988-04-18,,,,,0.0,1.0,
1988-04-19,,,,,0.0,1.0,
1988-04-20,,,,,0.0,1.0,
1988-04-21,,,,,0.0,1.0,
1988-04-22,,,,,0.0,1.0,
1988-04-25,,,,,0.0,1.0,
1988-04-26,,,,,0.0,1.0,
1988-04-27,,,,,0.0,1.0,
1988-04-28,,,,,0.0,1.0,
1988-04-29,,,,,0.0,1.0,
1988-05-02,,,,,0.0,1.0,
1988-05-03,,,,,0.0,1.0,
1988-05-04,,,,,0.0,1.0,
1988-05-05,,,,,0.0,1.0,
1988-05-06,,,,,0.0,1.0,
1988-05-09,,,,,0.0,1.0,
1988-05-10,,,,,0.0,1.0,
1988-05-11,,,,,0.0,1.0,
1988-05-12,,,,,0.0,1.0,
1988-05-13,,,,,0.0,1.0,
1988-05-16,,,,,0.0,1.0,
1988-05-17,,,,,0.0,1.0,
1988-05-18,,,,,0.0,1.0,
1988-05-19,,,,,0.0,1.0,
1988-05-20,,,,,0.0,1.0,
1988-05-23,,,,,0.0,1.0,
1988-05-24,,,,,0.0,1.0,
1988-05-25,,,,,0.0,1.0,
1988-05-26,,,,,0.0,1.0,
1988-05-27,,,,,0.0,1.0,
1988-05-30,,,,,0.0,1.0,
1988-05-31,,,,,0.0,1.0,
1988-06-01,,,,,0.0,1.0,
1988-06-02,,,,,0.0,1.0,
1988-06-03,,,,,0.0,1.0,
1988-06-06,,,,,0.0,1.0,
1988-06-07,,,,,0.0,1.0,
1988-06-08,,,,,0.0,1.0,
1988-06-09,,,,,0.0,1.0,
1988-06-10,,,,,0.0,1.0,
1988-06-13,,,,,0.0,1.0,
1988-06-14,,,,,0.0,1.0,
1988-06-15,,,,,0.0,1.0,
1988-06-16,,,,,0.0,1.0,
1988-06-17,,,,,0.0,1.0,
1988-06-20,,,,,0.0,1.0,
1988-06-21,,,,,0.0,1.0,
1988-06-22,,,,,0.0,1.0,
1988-06-23,,,,,0.0,1.0,
1988-06-24,,,,,0.0,1.0,
1988-06-27,,,,,0.0,1.0,
1988-06-28,,,,,0.0,1.0,
1988-06-29,,,,,0.0,1.0,
1988-06-30,,,,,0.0,1.0,
1988-07-01,,,,,0.0,1.0,
1988-07-04,,,,,0.0,1.0,
1988-07-05,,,,,0.0,1.0,
1988-07-06,,,,,0.0,1.0,
1988-07-07,,,,,0.0,1.0,
1988-07-08,,,,,0.0,1.0,
1988-07-11,,,,,0.0,1.0,
1988-07-12,,,,,0.0,1.0,
1988-07-13,,,,,0.0,1.0,
1988-07-14,,,,,0.0,1.0,
1988-07-15,,,,,0.0,1.0,
1988-07-18,,,,,0.0,1.0,
1988-07-19,,,,,0.0,1.0,
1988-07-20,,,,,0.0,1.0,
1988-07-21,,,,,0.0,1.0,
1988-07-22,,,,,0.0,1.0,
1988-07-25,,,,,0.0,1.0,
1988-07-26,,,,,0.0,1.0,
1988-07-27,,,,,0.0,1.0,
1988-07-28,,,,,0.0,1.0,
1988-07-29,,,,,0.0,1.0,
1988-08-01,,,,,0.0,1.0,
1988-08-02,,,,,0.0,1.0,
1988-08-03,,,,,0.0,1.0,
1988-08-04,,,,,0.0,1.0,
1988-08-05,,,,,0.0,1.0,
1988-08-08,,,,,0.0,1.0,
1988-08-09,,,,,0.0,1.0,
1988-08-10,,,,,0.0,1.0,
1988-08-11,,,,,0.0,1.0,
1988-08-12,,,,,0.0,1.0,
1988-08-15,,,,,0.0,1.0,
1988-08-16,,,,,0.0,1.0,
1988-08-17,,,,,0.0,1.0,
1988-08-18,,,,,0.0,1.0,
1988-08-19,,,,,0.0,1.0,
1988-08-22,,,,,0.0,1.0,
1988-08-23,,,,,0.0,1.0,
1988-08-24,,,,,0.0,1.0,
1988-08-25,,,,,0.0,1.0,
1988-08-26,,,,,0.0,1.0,
1988-08-29,,,,,0.0,1.0,
1988-08-30,,,,,0.0,1.0,
1988-08-31,,,,,0.0,1.0,
1988-09-01,,,,,0.0,1.0,
1988-09-02,,,,,0.0,1.0,
1988-09-05,,,,,0.0,1.0,
1988-09-06,,,,,0.0,1.0,
1988-09-07,,,,,0.0,1.0,
1988-09-08,,,,,0.0,1.0,
1988-09-09,,,,,0.0,1.0,
1988-09-12,,,,,0.0,1.0,
1988-09-13,,,,,0.0,1.0,
1988-09-14,,,,,0.0,1.0,
1988-09-15,,,,,0.0,1.0,
1988-09-16,,,,,0.0,1.0,
1988-09-19,,,,,0.0,1.0,
1988-09-20,,,,,0.0,1.0,
1988-09-21,,,,,0.0,1.0,
1988-09-22,,,,,0.0,1.0,
1988-09-23,,,,,0.0,1.0,
1988-09-26,,,,,0.0,1.0,
1988-09-27,,,,,0.0,1.0,
1988-09-28,,,,,0.0,1.0,
1988-09-29,,,,,0.0,1.0,
1988-09-30,,,,,0.0,1.0,
1988-10-03,,,,,0.0,1.0,
1988-10-04,,,,,0.0,1.0,
1988-10-05,,,,,0.0,1.0,
1988-10-06,,,,,0.0,1.0,
1988-10-07,,,,,0.0,1.0,
1988-10-10,,,,,0.0,1.0,
1988-10-11,,,,,0.0,1.0,
1988-10-12,,,,,0.0,1.0,
1988-10-13,,,,,0.0,1.0,
1988-10-14,,,,,0.0,1.0,
1988-10-17,,,,,0.0,1.0,
1988-10-18,,,,,0.0,1.0,
1988-10-19,,,,,0.0,1.0,
1988-10-20,,,,,0.0,1.0,
1988-10-21,,,,,0.0,1.0,
1988-10-24,,,,,0.0,1.0,
1988-10-25,,,,,0.0,1.0,
1988-10-26,,,,,0.0,1.0,
1988-10-27,,,,,0.0,1.0,
1988-10-28,,,,,0.0,1.0,
1988-10-31,,,,,0.0,1.0,
1988-11-01,,,,,0.0,1.0,
1988-11-02,,,,,0.0,1.0,
1988-11-03,,,,,0.0,1.0,
1988-11-04,,,,,0.0,1.0,
1988-11-07,,,,,0.0,1.0,
1988-11-08,,,,,0.0,1.0,
1988-11-09,,,,,0.0,1.0,
1988-11-10,,,,,0.0,1.0,
1988-11-11,,,,,0.0,1.0,
1988-11-14,,,,,0.0,1.0,
1988-11-15,,,,,0.0,1.0,
1988-11-16,,,,,0.0,1.0,
1988-11-17,,,,,0.0,1.0,
1988-11-18,,,,,0.0,1.0,
1988-11-21,,,,,0.0,1.0,
1988-11-22,,,,,0.0,1.0,
1988-11-23,,,,,0.0,1.0,
1988-11-24,,,,,0.0,1.0,
1988-11-25,,,,,0.0,1.0,
1988-11-28,,,,,0.0,1.0,
1988-11-29,,,,,0.0,1.0,
1988-11-30,,,,,0.0,1.0,
1988-12-01,,,,,0.0,1.0,
1988-12-02,,,,,0.0,1.0,
1988-12-05,,,,,0.0,1.0,
1988-12-06,,,,,0.0,1.0,
1988-12-07,,,,,0.0,1.0,
1988-12-08,,,,,0.0,1.0,
1988-12-09,,,,,0.0,1.0,
1988-12-12,,,,,0.0,1.0,
1988-12-13,,,,,0.0,1.0,
1988-12-14,,,,,0.0,1.0,
1988-12-15,,,,,0.0,1.0,
1988-12-16,,,,,0.0,1.0,
1988-12-19,,,,,0.0,1.0,
1988-12-20,,,,,0.0,1.0,
1988-12-21,,,,,0.0,1.0,
1988-12-22,,,,,0.0,1.0,
1988-12-23,,,,,0.0,1.0,
1988-12-26,,,,,0.0,1.0,
1988-12-27,,,,,0.0,1.0,
1988-12-28,,,,,0.0,1.0,
1988-12-29,,,,,0.0,1.0,
1988-12-30,,,,,0.0,1.0,
1989-01-02,,,,,0.0,1.0,
1989-01-03,,,,,0.0,1.0,
1989-01-04,,,,,0.0,1.0,
1989-01-05,,,,,0.0,1.0,
1989-01-06,,,,,0.0,1.0,
1989-01-09,,,,,0.0,1.0,
1989-01-10,,,,,0.0,1.0,
1989-01-11,,,,,0.0,1.0,
1989-01-12,,,,,0.0,1.0,
1989-01-13,,,,,0.0,1.0,
1989-01-16,,,,,0.0,1.0,
1989-01-17,,,,,0.0,1.0,
1989-01-18,,,,,0.0,1.0,
1989-01-19,,,,,0.0,1.0,
1989-01-20,,,,,0.0,1.0,
1989-01-23,,,,,0.0,1.0,
1989-01-24,,,,,0.0,1.0,
1989-01-25,,,,,0.0,1.0,
1989-01-26,,,,,0.0,1.0,
1989-01-27,,,,,0.0,1.0,
1989-01-30,,,,,0.0,1.0,
1989-01-31,,,,,0.0,1.0,
1989-02-01,,,,,0.0,1.0,
1989-02-02,,,,,0.0,1.0,
1989-02-03,,,,,0.0,1.0,
1989-02-06,,,,,0.0,1.0,
1989-02-07,,,,,0.0,1.0,
1989-02-08,,,,,0.0,1.0,
1989-02-09,,,,,0.0,1.0,
1989-02-10,,,,,0.0,1.0,
1989-02-13,,,,,0.0,1.0,
1989-02-14,,,,,0.0,1.0,
1989-02-15,,,,,0.0,1.0,
1989-02-16,,,,,0.0,1.0,
1989-02-17,,,,,0.0,1.0,
1989-02-20,,,,,0.0,1.0,
1989-02-21,,,,,0.0,1.0,
1989-02-22,,,,,0.0,1.0,
1989-02-23,,,,,0.0,1.0,
1989-02-24,,,,,0.0,1.0,
1989-02-27,,,,,0.0,1.0,
1989-02-28,,,,,0.0,1.0,
1989-03-01,,,,,0.0,1.0,
1989-03-02,,,,,0.0,1.0,
1989-03-03,,,,,0.0,1.0,
1989-03-06,,,,,0.0,1.0,
1989-03-07,,,,,0.0,1.0,
1989-03-08,,,,,0.0,1.0,
1989-03-09,,,,,0.0,1.0,
1989-03-10,,,,,0.0,1.0,
1989-03-13,,,,,0.0,1.0,
1989-03-14,,,,,0.0,1.0,
1989-03-15,,,,,0.0,1.0,
1989-03-16,,,,,0.0,1.0,
1989-03-17,,,,,0.0,1.0,
1989-03-20,,,,,0.0,1.0,
1989-03-21,,,,,0.0,1.0,
1989-03-22,,,,,0.0,1.0,
1989-03-23,,,,,0.0,1.0,
1989-03-24,,,,,0.0,1.0,
1989-03-27,,,,,0.0,1.0,
1989-03-28,,,,,0.0,1.0,
1989-03-29,,,,,0.0,1.0,
1989-03-30,,,,,0.0,1.0,
1989-03-31,,,,,0.0,1.0,
1989-04-03,,,,,0.0,1.0,
1989-04-04,,,,,0.0,1.0,
1989-04-05,,,,,0.0,1.0,
1989-04-06,,,,,0.0,1.0,
1989-04-07,,,,,0.0,1.0,
1989-04-10,,,,,0.0,1.0,
1989-04-11,,,,,0.0,1.0,
1989-04-12,,,,,0.0,1.0,
1989-04-13,,,,,0.0,1.0,
1989-04-14,,,,,0.0,1.0,
1989-04-17,,,,,0.0,1.0,
1989-04-18,,,,,0.0,1.0,
1989-04-19,,,,,0.0,1.0,
1989-04-20,,,,,0.0,1.0,
1989-04-21,,,,,0.0,1.0,
1989-04-24,,,,,0.0,1.0,
1989-04-25,,,,,0.0,1.0,
1989-04-26,,,,,0.0,1.0,
1989-04-27,,,,,0.0,1.0,
1989-04-28,,,,,0.0,1.0,
1989-05-01,,,,,0.0,1.0,
1989-05-02,,,,,0.0,1.0,
1989-05-03,,,,,0.0,1.0,
1989-05-04,,,,,0.0,1.0,
1989-05-05,,,,,0.0,1.0,
1989-05-08,,,,,0.0,1.0,
1989-05-09,,,,,0.0,1.0,
1989-05-10,,,,,0.0,1.0,
1989-05-11,,,,,0.0,1.0,
1989-05-12,,,,,0.0,1.0,
1989-05-15,,,,,0.0,1.0,
1989-05-16,,,,,0.0,1.0,
1989-05-17,,,,,0.0,1.0,
1989-05-18,,,,,0.0,1.0,
1989-05-19,,,,,0.0,1.0,
1989-05-22,,,,,0.0,1.0,
1989-05-23,,,,,0.0,1.0,
1989-05-24,,,,,0.0,1.0,
1989-05-25,,,,,0.0,1.0,
1989-05-26,,,,,0.0,1.0,
1989-05-29,,,,,0.0,1.0,
1989-05-30,,,,,0.0,1.0,
1989-05-31,,,,,0.0,1.0,
1989-06-01,,,,,0.0,1.0,
1989-06-02,,,,,0.0,1.0,
1989-06-05,,,,,0.0,1.0,
1989-06-06,,,,,0.0,1.0,
1989-06-07,,,,,0.0,1.0,
1989-06-08,,,,,0.0,1.0,
1989-06-09,,,,,0.0,1.0,
1989-06-12,,,,,0.0,1.0,
1989-06-13,,,,,0.0,1.0,
1989-06-14,,,,,0.0,1.0,
1989-06-15,,,,,0.0,1.0,
1989-06-16,,,,,0.0,1.0,
1989-06-19,,,,,0.0,1.0,
1989-06-20,,,,,0.0,1.0,
1989-06-21,,,,,0.0,1.0,
1989-06-22,,,,,0.0,1.0,
1989-06-23,,,,,0.0,1.0,
1989-06-26,,,,,0.0,1.0,
1989-06-27,,,,,0.0,1.0,
1989-06-28,,,,,0.0,1.0,
1989-06-29,,,,,0.0,1.0,
1989-06-30,,,,,0.0,1.0,
1989-07-03,,,,,0.0,1.0,
1989-07-04,,,,,0.0,1.0,
1989-07-05,,,,,0.0,1.0,
1989-07-06,,,,,0.0,1.0,
1989-07-07,,,,,0.0,1.0,
1989-07-10,,,,,0.0,1.0,
1989-07-11,,,,,0.0,1.0,
1989-07-12,,,,,0.0,1.0,
1989-07-13,,,,,0.0,1.0,
1989-07-14,,,,,0.0,1.0,
1989-07-17,,,,,0.0,1.0,
1989-07-18,,,,,0.0,1.0,
1989-07-19,,,,,0.0,1.0,
1989-07-20,,,,,0.0,1.0,
1989-07-21,,,,,0.0,1.0,
1989-07-24,,,,,0.0,1.0,
1989-07-25,,,,,0.0,1.0,
1989-07-26,,,,,0.0,1.0,
1989-07-27,,,,,0.0,1.0,
1989-07-28,,,,,0.0,1.0,
1989-07-31,,,,,0.0,1.0,
1989-08-01,,,,,0.0,1.0,
1989-08-02,,,,,0.0,1.0,
1989-08-03,,,,,0.0,1.0,
1989-08-04,,,,,0.0,1.0,
1989-08-07,,,,,0.0,1.0,
1989-08-08,,,,,0.0,1.0,
1989-08-09,,,,,0.0,1.0,
1989-08-10,,,,,0.0,1.0,
1989-08-11,,,,,0.0,1.0,
1989-08-14,,,,,0.0,1.0,
1989-08-15,,,,,0.0,1.0,
1989-08-16,,,,,0.0,1.0,
1989-08-17,,,,,0.0,1.0,
1989-08-18,,,,,0.0,1.0,
1989-08-21,,,,,0.0,1.0,
1989-08-22,,,,,0.0,1.0,
1989-08-23,,,,,0.0,1.0,
1989-08-24,,,,,0.0,1.0,
1989-08-25,,,,,0.0,1.0,
1989-08-28,,,,,0.0,1.0,
1989-08-29,,,,,0.0,1.0,
1989-08-30,,,,,0.0,1.0,
1989-08-31,,,,,0.0,1.0,
1989-09-01,,,,,0.0,1.0,
1989-09-04,,,,,0.0,1.0,
1989-09-05,,,,,0.0,1.0,
1989-09-06,,,,,0.0,1.0,
1989-09-07,,,,,0.0,1.0,
1989-09-08,,,,,0.0,1.0,
1989-09-11,,,,,0.0,1.0,
1989-09-12,,,,,0.0,1.0,
1989-09-13,,,,,0.0,1.0,
1989-09-14,,,,,0.0,1.0,
1989-09-15,,,,,0.0,1.0,
1989-09-18,,,,,0.0,1.0,
1989-09-19,,,,,0.0,1.0,
1989-09-20,,,,,0.0,1.0,
1989-09-21,,,,,0.0,1.0,
1989-09-22,,,,,0.0,1.0,
1989-09-25,,,,,0.0,1.0,
1989-09-26,,,,,0.0,1.0,
1989-09-27,,,,,0.0,1.0,
1989-09-28,,,,,0.0,1.0,
1989-09-29,,,,,0.0,1.0,
1989-10-02,,,,,0.0,1.0,
1989-10-03,,,,,0.0,1.0,
1989-10-04,,,,,0.0,1.0,
1989-10-05,,,,,0.0,1.0,
1989-10-06,,,,,0.0,1.0,
1989-10-09,,,,,0.0,1.0,
1989-10-10,,,,,0.0,1.0,
1989-10-11,,,,,0.0,1.0,
1989-10-12,,,,,0.0,1.0,
1989-10-13,,,,,0.0,1.0,
1989-10-16,,,,,0.0,1.0,
1989-10-17,,,,,0.0,1.0,
1989-10-18,,,,,0.0,1.0,
1989-10-19,,,,,0.0,1.0,
1989-10-20,,,,,0.0,1.0,
1989-10-23,,,,,0.0,1.0,
1989-10-24,,,,,0.0,1.0,
1989-10-25,,,,,0.0,1.0,
1989-10-26,,,,,0.0,1.0,
1989-10-27,,,,,0.0,1.0,
1989-10-30,,,,,0.0,1.0,
1989-10-31,,,,,0.0,1.0,
1989-11-01,,,,,0.0,1.0,
1989-11-02,,,,,0.0,1.0,
1989-11-03,,,,,0.0,1.0,
1989-11-06,,,,,0.0,1.0,
1989-11-07,,,,,0.0,1.0,
1989-11-08,,,,,0.0,1.0,
1989-11-09,,,,,0.0,1.0,
1989-11-10,,,,,0.0,1.0,
1989-11-13,,,,,0.0,1.0,
1989-11-14,,,,,0.0,1.0,
1989-11-15,,,,,0.0,1.0,
1989-11-16,,,,,0.0,1.0,
1989-11-17,,,,,0.0,1.0,
1989-11-20,,,,,0.0,1.0,
1989-11-21,,,,,0.0,1.0,
1989-11-22,,,,,0.0,1.0,
1989-11-23,,,,,0.0,1.0,
1989-11-24,,,,,0.0,1.0,
1989-11-27,,,,,0.0,1.0,
1989-11-28,,,,,0.0,1.0,
1989-11-29,,,,,0.0,1.0,
1989-11-30,,,,,0.0,1.0,
1989-12-01,,,,,0.0,1.0,
1989-12-04,,,,,0.0,1.0,
1989-12-05,,,,,0.0,1.0,
1989-12-06,,,,,0.0,1.0,
1989-12-07,,,,,0.0,1.0,
1989-12-08,,,,,0.0,1.0,
1989-12-11,,,,,0.0,1.0,
1989-12-12,,,,,0.0,1.0,
1989-12-13,,,,,0.0,1.0,
1989-12-14,,,,,0.0,1.0,
1989-12-15,,,,,0.0,1.0,
1989-12-18,,,,,0.0,1.0,
1989-12-19,,,,,0.0,1.0,
1989-12-20,,,,,0.0,1.0,
1989-12-21,,,,,0.0,1.0,
1989-12-22,,,,,0.0,1.0,
1989-12-25,,,,,0.0,1.0,
1989-12-26,,,,,0.0,1.0,
1989-12-27,,,,,0.0,1.0,
1989-12-28,,,,,0.0,1.0,
1989-12-29,,,,,0.0,1.0,
1990-01-01,,,,,0.0,1.0,
1990-01-02,,,,,0.0,1.0,
1990-01-03,,,,,0.0,1.0,
1990-01-04,,,,,0.0,1.0,
1990-01-05,,,,,0.0,1.0,
1990-01-08,,,,,0.0,1.0,
1990-01-09,,,,,0.0,1.0,
1990-01-10,,,,,0.0,1.0,
1990-01-11,,,,,0.0,1.0,
1990-01-12,,,,,0.0,1.0,
1990-01-15,,,,,0.0,1.0,
1990-01-16,,,,,0.0,1.0,
1990-01-17,,,,,0.0,1.0,
1990-01-18,,,,,0.0,1.0,
1990-01-19,,,,,0.0,1.0,
1990-01-22,,,,,0.0,1.0,
1990-01-23,,,,,0.0,1.0,
1990-01-24,,,,,0.0,1.0,
1990-01-25,,,,,0.0,1.0,
1990-01-26,,,,,0.0,1.0,
1990-01-29,,,,,0.0,1.0,
1990-01-30,,,,,0.0,1.0,
1990-01-31,,,,,0.0,1.0,
1990-02-01,,,,,0.0,1.0,
1990-02-02,,,,,0.0,1.0,
1990-02-05,,,,,0.0,1.0,
1990-02-06,,,,,0.0,1.0,
1990-02-07,,,,,0.0,1.0,
1990-02-08,,,,,0.0,1.0,
1990-02-09,,,,,0.0,1.0,
1990-02-12,,,,,0.0,1.0,
1990-02-13,,,,,0.0,1.0,
1990-02-14,,,,,0.0,1.0,
1990-02-15,,,,,0.0,1.0,
1990-02-16,,,,,0.0,1.0,
1990-02-19,,,,,0.0,1.0,
1990-02-20,,,,,0.0,1.0,
1990-02-21,,,,,0.0,1.0,
1990-02-22,,,,,0.0,1.0,
1990-02-23,,,,,0.0,1.0,
1990-02-26,,,,,0.0,1.0,
1990-02-27,,,,,0.0,1.0,
1990-02-28,,,,,0.0,1.0,
1990-03-01,,,,,0.0,1.0,
1990-03-02,,,,,0.0,1.0,
1990-03-05,,,,,0.0,1.0,
1990-03-06,,,,,0.0,1.0,
1990-03-07,,,,,0.0,1.0,
1990-03-08,,,,,0.0,1.0,
1990-03-09,,,,,0.0,1.0,
1990-03-12,,,,,0.0,1.0,
1990-03-13,,,,,0.0,1.0,
1990-03-14,,,,,0.0,1.0,
1990-03-15,,,,,0.0,1.0,
1990-03-16,,,,,0.0,1.0,
1990-03-19,,,,,0.0,1.0,
1990-03-20,,,,,0.0,1.0,
1990-03-21,,,,,0.0,1.0,
1990-03-22,,,,,0.0,1.0,
1990-03-23,,,,,0.0,1.0,
1990-03-26,,,,,0.0,1.0,
1990-03-27,,,,,0.0,1.0,
1990-03-28,,,,,0.0,1.0,
1990-03-29,,,,,0.0,1.0,
1990-03-30,,,,,0.0,1.0,
1990-04-02,,,,,0.0,1.0,
1990-04-03,,,,,0.0,1.0,
1990-04-04,,,,,0.0,1.0,
1990-04-05,,,,,0.0,1.0,
1990-04-06,,,,,0.0,1.0,
1990-04-09,,,,,0.0,1.0,
1990-04-10,,,,,0.0,1.0,
1990-04-11,,,,,0.0,1.0,
1990-04-12,,,,,0.0,1.0,
1990-04-13,,,,,0.0,1.0,
1990-04-16,,,,,0.0,1.0,
1990-04-17,,,,,0.0,1.0,
1990-04-18,,,,,0.0,1.0,
1990-04-19,,,,,0.0,1.0,
1990-04-20,,,,,0.0,1.0,
1990-04-23,,,,,0.0,1.0,
1990-04-24,,,,,0.0,1.0,
1990-04-25,,,,,0.0,1.0,
1990-04-26,,,,,0.0,1.0,
1990-04-27,,,,,0.0,1.0,
1990-04-30,,,,,0.0,1.0,
1990-05-01,,,,,0.0,1.0,
1990-05-02,,,,,0.0,1.0,
1990-05-03,,,,,0.0,1.0,
1990-05-04,,,,,0.0,1.0,
1990-05-07,,,,,0.0,1.0,
1990-05-08,,,,,0.0,1.0,
1990-05-09,,,,,0.0,1.0,
1990-05-10,,,,,0.0,1.0,
1990-05-11,,,,,0.0,1.0,
1990-05-14,,,,,0.0,1.0,
1990-05-15,,,,,0.0,1.0,
1990-05-16,,,,,0.0,1.0,
1990-05-17,,,,,0.0,1.0,
1990-05-18,,,,,0.0,1.0,
1990-05-21,,,,,0.0,1.0,
1990-05-22,,,,,0.0,1.0,
1990-05-23,,,,,0.0,1.0,
1990-05-24,,,,,0.0,1.0,
1990-05-25,,,,,0.0,1.0,
1990-05-28,,,,,0.0,1.0,
1990-05-29,,,,,0.0,1.0,
1990-05-30,,,,,0.0,1.0,
1990-05-31,,,,,0.0,1.0,
1990-06-01,,,,,0.0,1.0,
1990-06-04,,,,,0.0,1.0,
1990-06-05,,,,,0.0,1.0,
1990-06-06,,,,,0.0,1.0,
1990-06-07,,,,,0.0,1.0,
1990-06-08,,,,,0.0,1.0,
1990-06-11,,,,,0.0,1.0,
1990-06-12,,,,,0.0,1.0,
1990-06-13,,,,,0.0,1.0,
1990-06-14,,,,,0.0,1.0,
1990-06-15,,,,,0.0,1.0,
1990-06-18,,,,,0.0,1.0,
1990-06-19,,,,,0.0,1.0,
1990-06-20,,,,,0.0,1.0,
1990-06-21,,,,,0.0,1.0,
1990-06-22,,,,,0.0,1.0,
1990-06-25,,,,,0.0,1.0,
1990-06-26,,,,,0.0,1.0,
1990-06-27,,,,,0.0,1.0,
1990-06-28,,,,,0.0,1.0,
1990-06-29,,,,,0.0,1.0,
1990-07-02,,,,,0.0,1.0,
1990-07-03,,,,,0.0,1.0,
1990-07-04,,,,,0.0,1.0,
1990-07-05,,,,,0.0,1.0,
1990-07-06,,,,,0.0,1.0,
1990-07-09,,,,,0.0,1.0,
1990-07-10,,,,,0.0,1.0,
1990-07-11,,,,,0.0,1.0,
1990-07-12,,,,,0.0,1.0,
1990-07-13,,,,,0.0,1.0,
1990-07-16,,,,,0.0,1.0,
1990-07-17,,,,,0.0,1.0,
1990-07-18,,,,,0.0,1.0,
1990-07-19,,,,,0.0,1.0,
1990-07-20,,,,,0.0,1.0,
1990-07-23,,,,,0.0,1.0,
1990-07-24,,,,,0.0,1.0,
1990-07-25,,,,,0.0,1.0,
1990-07-26,,,,,0.0,1.0,
1990-07-27,,,,,0.0,1.0,
1990-07-30,,,,,0.0,1.0,
1990-07-31,,,,,0.0,1.0,
1990-08-01,,,,,0.0,1.0,
1990-08-02,,,,,0.0,1.0,
1990-08-03,,,,,0.0,1.0,
1990-08-06,,,,,0.0,1.0,
1990-08-07,,,,,0.0,1.0,
1990-08-08,,,,,0.0,1.0,
1990-08-09,,,,,0.0,1.0,
1990-08-10,,,,,0.0,1.0,
1990-08-13,,,,,0.0,1.0,
1990-08-14,,,,,0.0,1.0,
1990-08-15,,,,,0.0,1.0,
1990-08-16,,,,,0.0,1.0,
1990-08-17,,,,,0.0,1.0,
1990-08-20,,,,,0.0,1.0,
1990-08-21,,,,,0.0,1.0,
1990-08-22,,,,,0.0,1.0,
1990-08-23,,,,,0.0,1.0,
1990-08-24,,,,,0.0,1.0,
1990-08-27,,,,,0.0,1.0,
1990-08-28,,,,,0.0,1.0,
1990-08-29,,,,,0.0,1.0,
1990-08-30,,,,,0.0,1.0,
1990-08-31,,,,,0.0,1.0,
1990-09-03,,,,,0.0,1.0,
1990-09-04,,,,,0.0,1.0,
1990-09-05,,,,,0.0,1.0,
1990-09-06,,,,,0.0,1.0,
1990-09-07,,,,,0.0,1.0,
1990-09-10,,,,,0.0,1.0,
1990-09-11,,,,,0.0,1.0,
1990-09-12,,,,,0.0,1.0,
1990-09-13,,,,,0.0,1.0,
1990-09-14,,,,,0.0,1.0,
1990-09-17,,,,,0.0,1.0,
1990-09-18,,,,,0.0,1.0,
1990-09-19,,,,,0.0,1.0,
1990-09-20,,,,,0.0,1.0,
1990-09-21,,,,,0.0,1.0,
1990-09-24,,,,,0.0,1.0,
1990-09-25,,,,,0.0,1.0,
1990-09-26,,,,,0.0,1.0,
1990-09-27,,,,,0.0,1.0,
1990-09-28,,,,,0.0,1.0,
1990-10-01,,,,,0.0,1.0,
1990-10-02,,,,,0.0,1.0,
1990-10-03,,,,,0.0,1.0,
1990-10-04,,,,,0.0,1.0,
1990-10-05,,,,,0.0,1.0,
1990-10-08,,,,,0.0,1.0,
1990-10-09,,,,,0.0,1.0,
1990-10-10,,,,,0.0,1.0,
1990-10-11,,,,,0.0,1.0,
1990-10-12,,,,,0.0,1.0,
1990-10-15,,,,,0.0,1.0,
1990-10-16,,,,,0.0,1.0,
1990-10-17,,,,,0.0,1.0,
1990-10-18,,,,,0.0,1.0,
1990-10-19,,,,,0.0,1.0,
1990-10-22,,,,,0.0,1.0,
1990-10-23,,,,,0.0,1.0,
1990-10-24,,,,,0.0,1.0,
1990-10-25,,,,,0.0,1.0,
1990-10-26,,,,,0.0,1.0,
1990-10-29,,,,,0.0,1.0,
1990-10-30,,,,,0.0,1.0,
1990-10-31,,,,,0.0,1.0,
1990-11-01,,,,,0.0,1.0,
1990-11-02,,,,,0.0,1.0,
1990-11-05,,,,,0.0,1.0,
1990-11-06,,,,,0.0,1.0,
1990-11-07,,,,,0.0,1.0,
1990-11-08,,,,,0.0,1.0,
1990-11-09,,,,,0.0,1.0,
1990-11-12,,,,,0.0,1.0,
1990-11-13,,,,,0.0,1.0,
1990-11-14,,,,,0.0,1.0,
1990-11-15,,,,,0.0,1.0,
1990-11-16,,,,,0.0,1.0,
1990-11-19,,,,,0.0,1.0,
1990-11-20,,,,,0.0,1.0,
1990-11-21,,,,,0.0,1.0,
1990-11-22,,,,,0.0,1.0,
1990-11-23,,,,,0.0,1.0,
1990-11-26,,,,,0.0,1.0,
1990-11-27,,,,,0.0,1.0,
1990-11-28,,,,,0.0,1.0,
1990-11-29,,,,,0.0,1.0,
1990-11-30,,,,,0.0,1.0,
1990-12-03,,,,,0.0,1.0,
1990-12-04,,,,,0.0,1.0,
1990-12-05,,,,,0.0,1.0,
1990-12-06,,,,,0.0,1.0,
1990-12-07,,,,,0.0,1.0,
1990-12-10,,,,,0.0,1.0,
1990-12-11,,,,,0.0,1.0,
1990-12-12,,,,,0.0,1.0,
1990-12-13,,,,,0.0,1.0,
1990-12-14,,,,,0.0,1.0,
1990-12-17,,,,,0.0,1.0,
1990-12-18,,,,,0.0,1.0,
1990-12-19,,,,,0.0,1.0,
1990-12-20,,,,,0.0,1.0,
1990-12-21,,,,,0.0,1.0,
1990-12-24,,,,,0.0,1.0,
1990-12-25,,,,,0.0,1.0,
1990-12-26,,,,,0.0,1.0,
1990-12-27,,,,,0.0,1.0,
1990-12-28,,,,,0.0,1.0,
1990-12-31,,,,,0.0,1.0,
1991-01-01,,,,,0.0,1.0,
1991-01-02,,,,,0.0,1.0,
1991-01-03,,,,,0.0,1.0,
1991-01-04,,,,,0.0,1.0,
1991-01-07,,,,,0.0,1.0,
1991-01-08,,,,,0.0,1.0,
1991-01-09,,,,,0.0,1.0,
1991-01-10,,,,,0.0,1.0,
1991-01-11,,,,,0.0,1.0,
1991-01-14,,,,,0.0,1.0,
1991-01-15,,,,,0.0,1.0,
1991-01-16,,,,,0.0,1.0,
1991-01-17,,,,,0.0,1.0,
1991-01-18,,,,,0.0,1.0,
1991-01-21,,,,,0.0,1.0,
1991-01-22,,,,,0.0,1.0,
1991-01-23,,,,,0.0,1.0,
1991-01-24,,,,,0.0,1.0,
1991-01-25,,,,,0.0,1.0,
1991-01-28,,,,,0.0,1.0,
1991-01-29,,,,,0.0,1.0,
1991-01-30,,,,,0.0,1.0,
1991-01-31,,,,,0.0,1.0,
1991-02-01,,,,,0.0,1.0,
1991-02-04,,,,,0.0,1.0,
1991-02-05,,,,,0.0,1.0,
1991-02-06,,,,,0.0,1.0,
1991-02-07,,,,,0.0,1.0,
1991-02-08,,,,,0.0,1.0,
1991-02-11,,,,,0.0,1.0,
1991-02-12,,,,,0.0,1.0,
1991-02-13,,,,,0.0,1.0,
1991-02-14,,,,,0.0,1.0,
1991-02-15,,,,,0.0,1.0,
1991-02-18,,,,,0.0,1.0,
1991-02-19,,,,,0.0,1.0,
1991-02-20,,,,,0.0,1.0,
1991-02-21,,,,,0.0,1.0,
1991-02-22,,,,,0.0,1.0,
1991-02-25,,,,,0.0,1.0,
1991-02-26,,,,,0.0,1.0,
1991-02-27,,,,,0.0,1.0,
1991-02-28,,,,,0.0,1.0,
1991-03-01,,,,,0.0,1.0,
1991-03-04,,,,,0.0,1.0,
1991-03-05,,,,,0.0,1.0,
1991-03-06,,,,,0.0,1.0,
1991-03-07,,,,,0.0,1.0,
1991-03-08,,,,,0.0,1.0,
1991-03-11,,,,,0.0,1.0,
1991-03-12,,,,,0.0,1.0,
1991-03-13,,,,,0.0,1.0,
1991-03-14,,,,,0.0,1.0,
1991-03-15,,,,,0.0,1.0,
1991-03-18,,,,,0.0,1.0,
1991-03-19,,,,,0.0,1.0,
1991-03-20,,,,,0.0,1.0,
1991-03-21,,,,,0.0,1.0,
1991-03-22,,,,,0.0,1.0,
1991-03-25,,,,,0.0,1.0,
1991-03-26,,,,,0.0,1.0,
1991-03-27,,,,,0.0,1.0,
1991-03-28,,,,,0.0,1.0,
1991-03-29,,,,,0.0,1.0,
1991-04-01,,,,,0.0,1.0,
1991-04-02,,,,,0.0,1.0,
1991-04-03,,,,,0.0,1.0,
1991-04-04,,,,,0.0,1.0,
1991-04-05,,,,,0.0,1.0,
1991-04-08,,,,,0.0,1.0,
1991-04-09,,,,,0.0,1.0,
1991-04-10,,,,,0.0,1.0,
1991-04-11,,,,,0.0,1.0,
1991-04-12,,,,,0.0,1.0,
1991-04-15,,,,,0.0,1.0,
1991-04-16,,,,,0.0,1.0,
1991-04-17,,,,,0.0,1.0,
1991-04-18,,,,,0.0,1.0,
1991-04-19,,,,,0.0,1.0,
1991-04-22,,,,,0.0,1.0,
1991-04-23,,,,,0.0,1.0,
1991-04-24,,,,,0.0,1.0,
1991-04-25,,,,,0.0,1.0,
1991-04-26,,,,,0.0,1.0,
1991-04-29,,,,,0.0,1.0,
1991-04-30,,,,,0.0,1.0,
1991-05-01,,,,,0.0,1.0,
1991-05-02,,,,,0.0,1.0,
1991-05-03,,,,,0.0,1.0,
1991-05-06,,,,,0.0,1.0,
1991-05-07,,,,,0.0,1.0,
1991-05-08,,,,,0.0,1.0,
1991-05-09,,,,,0.0,1.0,
1991-05-10,,,,,0.0,1.0,
1991-05-13,,,,,0.0,1.0,
1991-05-14,,,,,0.0,1.0,
1991-05-15,,,,,0.0,1.0,
1991-05-16,,,,,0.0,1.0,
1991-05-17,,,,,0.0,1.0,
1991-05-20,,,,,0.0,1.0,
1991-05-21,,,,,0.0,1.0,
1991-05-22,,,,,0.0,1.0,
1991-05-23,,,,,0.0,1.0,
1991-05-24,,,,,0.0,1.0,
1991-05-27,,,,,0.0,1.0,
1991-05-28,,,,,0.0,1.0,
1991-05-29,,,,,0.0,1.0,
1991-05-30,,,,,0.0,1.0,
1991-05-31,,,,,0.0,1.0,
1991-06-03,,,,,0.0,1.0,
1991-06-04,,,,,0.0,1.0,
1991-06-05,,,,,0.0,1.0,
1991-06-06,,,,,0.0,1.0,
1991-06-07,,,,,0.0,1.0,
1991-06-10,,,,,0.0,1.0,
1991-06-11,,,,,0.0,1.0,
1991-06-12,,,,,0.0,1.0,
1991-06-13,,,,,0.0,1.0,
1991-06-14,,,,,0.0,1.0,
1991-06-17,,,,,0.0,1.0,
1991-06-18,,,,,0.0,1.0,
1991-06-19,,,,,0.0,1.0,
1991-06-20,,,,,0.0,1.0,
1991-06-21,,,,,0.0,1.0,
1991-06-24,,,,,0.0,1.0,
1991-06-25,,,,,0.0,1.0,
1991-06-26,,,,,0.0,1.0,
1991-06-27,,,,,0.0,1.0,
1991-06-28,,,,,0.0,1.0,
1991-07-01,,,,,0.0,1.0,
1991-07-02,,,,,0.0,1.0,
1991-07-03,,,,,0.0,1.0,
1991-07-04,,,,,0.0,1.0,
1991-07-05,,,,,0.0,1.0,
1991-07-08,,,,,0.0,1.0,
1991-07-09,,,,,0.0,1.0,
1991-07-10,,,,,0.0,1.0,
1991-07-11,,,,,0.0,1.0,
1991-07-12,,,,,0.0,1.0,
1991-07-15,,,,,0.0,1.0,
1991-07-16,,,,,0.0,1.0,
1991-07-17,,,,,0.0,1.0,
1991-07-18,,,,,0.0,1.0,
1991-07-19,,,,,0.0,1.0,
1991-07-22,,,,,0.0,1.0,
1991-07-23,,,,,0.0,1.0,
1991-07-24,,,,,0.0,1.0,
1991-07-25,,,,,0.0,1.0,
1991-07-26,,,,,0.0,1.0,
1991-07-29,,,,,0.0,1.0,
1991-07-30,,,,,0.0,1.0,
1991-07-31,,,,,0.0,1.0,
1991-08-01,,,,,0.0,1.0,
1991-08-02,,,,,0.0,1.0,
1991-08-05,,,,,0.0,1.0,
1991-08-06,,,,,0.0,1.0,
1991-08-07,,,,,0.0,1.0,
1991-08-08,,,,,0.0,1.0,
1991-08-09,,,,,0.0,1.0,
1991-08-12,,,,,0.0,1.0,
1991-08-13,,,,,0.0,1.0,
1991-08-14,,,,,0.0,1.0,
1991-08-15,,,,,0.0,1.0,
1991-08-16,,,,,0.0,1.0,
1991-08-19,,,,,0.0,1.0,
1991-08-20,,,,,0.0,1.0,
1991-08-21,,,,,0.0,1.0,
1991-08-22,,,,,0.0,1.0,
1991-08-23,,,,,0.0,1.0,
1991-08-26,,,,,0.0,1.0,
1991-08-27,,,,,0.0,1.0,
1991-08-28,,,,,0.0,1.0,
1991-08-29,,,,,0.0,1.0,
1991-08-30,,,,,0.0,1.0,
1991-09-02,,,,,0.0,1.0,
1991-09-03,,,,,0.0,1.0,
1991-09-04,,,,,0.0,1.0,
1991-09-05,,,,,0.0,1.0,
1991-09-06,,,,,0.0,1.0,
1991-09-09,,,,,0.0,1.0,
1991-09-10,,,,,0.0,1.0,
1991-09-11,,,,,0.0,1.0,
1991-09-12,,,,,0.0,1.0,
1991-09-13,,,,,0.0,1.0,
1991-09-16,,,,,0.0,1.0,
1991-09-17,,,,,0.0,1.0,
1991-09-18,,,,,0.0,1.0,
1991-09-19,,,,,0.0,1.0,
1991-09-20,,,,,0.0,1.0,
1991-09-23,,,,,0.0,1.0,
1991-09-24,,,,,0.0,1.0,
1991-09-25,,,,,0.0,1.0,
1991-09-26,,,,,0.0,1.0,
1991-09-27,,,,,0.0,1.0,
1991-09-30,,,,,0.0,1.0,
1991-10-01,,,,,0.0,1.0,
1991-10-02,,,,,0.0,1.0,
1991-10-03,,,,,0.0,1.0,
1991-10-04,,,,,0.0,1.0,
1991-10-07,,,,,0.0,1.0,
1991-10-08,,,,,0.0,1.0,
1991-10-09,,,,,0.0,1.0,
1991-10-10,,,,,0.0,1.0,
1991-10-11,,,,,0.0,1.0,
1991-10-14,,,,,0.0,1.0,
1991-10-15,,,,,0.0,1.0,
1991-10-16,,,,,0.0,1.0,
1991-10-17,,,,,0.0,1.0,
1991-10-18,,,,,0.0,1.0,
1991-10-21,,,,,0.0,1.0,
1991-10-22,,,,,0.0,1.0,
1991-10-23,,,,,0.0,1.0,
1991-10-24,,,,,0.0,1.0,
1991-10-25,,,,,0.0,1.0,
1991-10-28,,,,,0.0,1.0,
1991-10-29,,,,,0.0,1.0,
1991-10-30,,,,,0.0,1.0,
1991-10-31,,,,,0.0,1.0,
1991-11-01,,,,,0.0,1.0,
1991-11-04,,,,,0.0,1.0,
1991-11-05,,,,,0.0,1.0,
1991-11-06,,,,,0.0,1.0,
1991-11-07,,,,,0.0,1.0,
1991-11-08,,,,,0.0,1.0,
1991-11-11,,,,,0.0,1.0,
1991-11-12,,,,,0.0,1.0,
1991-11-13,,,,,0.0,1.0,
1991-11-14,,,,,0.0,1.0,
1991-11-15,,,,,0.0,1.0,
1991-11-18,,,,,0.0,1.0,
1991-11-19,,,,,0.0,1.0,
1991-11-20,,,,,0.0,1.0,
1991-11-21,,,,,0.0,1.0,
1991-11-22,,,,,0.0,1.0,
1991-11-25,,,,,0.0,1.0,
1991-11-26,,,,,0.0,1.0,
1991-11-27,,,,,0.0,1.0,
1991-11-28,,,,,0.0,1.0,
1991-11-29,,,,,0.0,1.0,
1991-12-02,,,,,0.0,1.0,
1991-12-03,,,,,0.0,1.0,
1991-12-04,,,,,0.0,1.0,
1991-12-05,,,,,0.0,1.0,
1991-12-06,,,,,0.0,1.0,
1991-12-09,,,,,0.0,1.0,
1991-12-10,,,,,0.0,1.0,
1991-12-11,,,,,0.0,1.0,
1991-12-12,,,,,0.0,1.0,
1991-12-13,,,,,0.0,1.0,
1991-12-16,,,,,0.0,1.0,
1991-12-17,,,,,0.0,1.0,
1991-12-18,,,,,0.0,1.0,
1991-12-19,,,,,0.0,1.0,
1991-12-20,,,,,0.0,1.0,
1991-12-23,,,,,0.0,1.0,
1991-12-24,,,,,0.0,1.0,
1991-12-25,,,,,0.0,1.0,
1991-12-26,,,,,0.0,1.0,
1991-12-27,,,,,0.0,1.0,
1991-12-30,,,,,0.0,1.0,
1991-12-31,,,,,0.0,1.0,
1992-01-01,,,,,0.0,1.0,
1992-01-02,,,,,0.0,1.0,
1992-01-03,,,,,0.0,1.0,
1992-01-06,,,,,0.0,1.0,
1992-01-07,,,,,0.0,1.0,
1992-01-08,,,,,0.0,1.0,
1992-01-09,,,,,0.0,1.0,
1992-01-10,,,,,0.0,1.0,
1992-01-13,,,,,0.0,1.0,
1992-01-14,,,,,0.0,1.0,
1992-01-15,,,,,0.0,1.0,
1992-01-16,,,,,0.0,1.0,
1992-01-17,,,,,0.0,1.0,
1992-01-20,,,,,0.0,1.0,
1992-01-21,,,,,0.0,1.0,
1992-01-22,,,,,0.0,1.0,
1992-01-23,,,,,0.0,1.0,
1992-01-24,,,,,0.0,1.0,
1992-01-27,,,,,0.0,1.0,
1992-01-28,,,,,0.0,1.0,
1992-01-29,,,,,0.0,1.0,
1992-01-30,,,,,0.0,1.0,
1992-01-31,,,,,0.0,1.0,
1992-02-03,,,,,0.0,1.0,
1992-02-04,,,,,0.0,1.0,
1992-02-05,,,,,0.0,1.0,
1992-02-06,,,,,0.0,1.0,
1992-02-07,,,,,0.0,1.0,
1992-02-10,,,,,0.0,1.0,
1992-02-11,,,,,0.0,1.0,
1992-02-12,,,,,0.0,1.0,
1992-02-13,,,,,0.0,1.0,
1992-02-14,,,,,0.0,1.0,
1992-02-17,,,,,0.0,1.0,
1992-02-18,,,,,0.0,1.0,
1992-02-19,,,,,0.0,1.0,
1992-02-20,,,,,0.0,1.0,
1992-02-21,,,,,0.0,1.0,
1992-02-24,,,,,0.0,1.0,
1992-02-25,,,,,0.0,1.0,
1992-02-26,,,,,0.0,1.0,
1992-02-27,,,,,0.0,1.0,
1992-02-28,,,,,0.0,1.0,
1992-03-02,,,,,0.0,1.0,
1992-03-03,,,,,0.0,1.0,
1992-03-04,,,,,0.0,1.0,
1992-03-05,,,,,0.0,1.0,
1992-03-06,,,,,0.0,1.0,
1992-03-09,,,,,0.0,1.0,
1992-03-10,,,,,0.0,1.0,
1992-03-11,,,,,0.0,1.0,
1992-03-12,,,,,0.0,1.0,
1992-03-13,,,,,0.0,1.0,
1992-03-16,,,,,0.0,1.0,
1992-03-17,,,,,0.0,1.0,
1992-03-18,,,,,0.0,1.0,
1992-03-19,,,,,0.0,1.0,
1992-03-20,,,,,0.0,1.0,
1992-03-23,,,,,0.0,1.0,
1992-03-24,,,,,0.0,1.0,
1992-03-25,,,,,0.0,1.0,
1992-03-26,,,,,0.0,1.0,
1992-03-27,,,,,0.0,1.0,
1992-03-30,,,,,0.0,1.0,
1992-03-31,,,,,0.0,1.0,
1992-04-01,,,,,0.0,1.0,
1992-04-02,,,,,0.0,1.0,
1992-04-03,,,,,0.0,1.0,
1992-04-06,,,,,0.0,1.0,
1992-04-07,,,,,0.0,1.0,
1992-04-08,,,,,0.0,1.0,
1992-04-09,,,,,0.0,1.0,
1992-04-10,,,,,0.0,1.0,
1992-04-13,,,,,0.0,1.0,
1992-04-14,,,,,0.0,1.0,
1992-04-15,,,,,0.0,1.0,
1992-04-16,,,,,0.0,1.0,
1992-04-17,,,,,0.0,1.0,
1992-04-20,,,,,0.0,1.0,
1992-04-21,,,,,0.0,1.0,
1992-04-22,,,,,0.0,1.0,
1992-04-23,,,,,0.0,1.0,
1992-04-24,,,,,0.0,1.0,
1992-04-27,,,,,0.0,1.0,
1992-04-28,,,,,0.0,1.0,
1992-04-29,,,,,0.0,1.0,
1992-04-30,,,,,0.0,1.0,
1992-05-01,,,,,0.0,1.0,
1992-05-04,,,,,0.0,1.0,
1992-05-05,,,,,0.0,1.0,
1992-05-06,,,,,0.0,1.0,
1992-05-07,,,,,0.0,1.0,
1992-05-08,,,,,0.0,1.0,
1992-05-11,,,,,0.0,1.0,
1992-05-12,,,,,0.0,1.0,
1992-05-13,,,,,0.0,1.0,
1992-05-14,,,,,0.0,1.0,
1992-05-15,,,,,0.0,1.0,
1992-05-18,,,,,0.0,1.0,
1992-05-19,,,,,0.0,1.0,
1992-05-20,,,,,0.0,1.0,
1992-05-21,,,,,0.0,1.0,
1992-05-22,,,,,0.0,1.0,
1992-05-25,,,,,0.0,1.0,
1992-05-26,,,,,0.0,1.0,
1992-05-27,,,,,0.0,1.0,
1992-05-28,,,,,0.0,1.0,
1992-05-29,,,,,0.0,1.0,
1992-06-01,,,,,0.0,1.0,
1992-06-02,,,,,0.0,1.0,
1992-06-03,,,,,0.0,1.0,
1992-06-04,,,,,0.0,1.0,
1992-06-05,,,,,0.0,1.0,
1992-06-08,,,,,0.0,1.0,
1992-06-09,,,,,0.0,1.0,
1992-06-10,,,,,0.0,1.0,
1992-06-11,,,,,0.0,1.0,
1992-06-12,,,,,0.0,1.0,
1992-06-15,,,,,0.0,1.0,
1992-06-16,,,,,0.0,1.0,
1992-06-17,,,,,0.0,1.0,
1992-06-18,,,,,0.0,1.0,
1992-06-19,,,,,0.0,1.0,
1992-06-22,,,,,0.0,1.0,
1992-06-23,,,,,0.0,1.0,
1992-06-24,,,,,0.0,1.0,
1992-06-25,,,,,0.0,1.0,
1992-06-26,,,,,0.0,1.0,
1992-06-29,,,,,0.0,1.0,
1992-06-30,,,,,0.0,1.0,
1992-07-01,,,,,0.0,1.0,
1992-07-02,,,,,0.0,1.0,
1992-07-03,,,,,0.0,1.0,
1992-07-06,,,,,0.0,1.0,
1992-07-07,,,,,0.0,1.0,
1992-07-08,,,,,0.0,1.0,
1992-07-09,,,,,0.0,1.0,
1992-07-10,,,,,0.0,1.0,
1992-07-13,,,,,0.0,1.0,
1992-07-14,,,,,0.0,1.0,
1992-07-15,,,,,0.0,1.0,
1992-07-16,,,,,0.0,1.0,
1992-07-17,,,,,0.0,1.0,
1992-07-20,,,,,0.0,1.0,
1992-07-21,,,,,0.0,1.0,
1992-07-22,,,,,0.0,1.0,
1992-07-23,,,,,0.0,1.0,
1992-07-24,,,,,0.0,1.0,
1992-07-27,,,,,0.0,1.0,
1992-07-28,,,,,0.0,1.0,
1992-07-29,,,,,0.0,1.0,
1992-07-30,,,,,0.0,1.0,
1992-07-31,,,,,0.0,1.0,
1992-08-03,,,,,0.0,1.0,
1992-08-04,,,,,0.0,1.0,
1992-08-05,,,,,0.0,1.0,
1992-08-06,,,,,0.0,1.0,
1992-08-07,,,,,0.0,1.0,
1992-08-10,,,,,0.0,1.0,
1992-08-11,,,,,0.0,1.0,
1992-08-12,,,,,0.0,1.0,
1992-08-13,,,,,0.0,1.0,
1992-08-14,,,,,0.0,1.0,
1992-08-17,,,,,0.0,1.0,
1992-08-18,,,,,0.0,1.0,
1992-08-19,,,,,0.0,1.0,
1992-08-20,,,,,0.0,1.0,
1992-08-21,,,,,0.0,1.0,
1992-08-24,,,,,0.0,1.0,
1992-08-25,,,,,0.0,1.0,
1992-08-26,,,,,0.0,1.0,
1992-08-27,,,,,0.0,1.0,
1992-08-28,,,,,0.0,1.0,
1992-08-31,,,,,0.0,1.0,
1992-09-01,,,,,0.0,1.0,
1992-09-02,,,,,0.0,1.0,
1992-09-03,,,,,0.0,1.0,
1992-09-04,,,,,0.0,1.0,
1992-09-07,,,,,0.0,1.0,
1992-09-08,,,,,0.0,1.0,
1992-09-09,,,,,0.0,1.0,
1992-09-10,,,,,0.0,1.0,
1992-09-11,,,,,0.0,1.0,
1992-09-14,,,,,0.0,1.0,
1992-09-15,,,,,0.0,1.0,
1992-09-16,,,,,0.0,1.0,
1992-09-17,,,,,0.0,1.0,
1992-09-18,,,,,0.0,1.0,
1992-09-21,,,,,0.0,1.0,
1992-09-22,,,,,0.0,1.0,
1992-09-23,,,,,0.0,1.0,
1992-09-24,,,,,0.0,1.0,
1992-09-25,,,,,0.0,1.0,
1992-09-28,,,,,0.0,1.0,
1992-09-29,,,,,0.0,1.0,
1992-09-30,,,,,0.0,1.0,
1992-10-01,,,,,0.0,1.0,
1992-10-02,,,,,0.0,1.0,
1992-10-03,,,,,0.0,1.0,
1992-10-05,,,,,0.0,1.0,
1992-10-06,,,,,0.0,1.0,
1992-10-07,,,,,0.0,1.0,
1992-10-08,,,,,0.0,1.0,
1992-10-09,,,,,0.0,1.0,
1992-10-10,,,,,0.0,1.0,
1992-10-12,,,,,0.0,1.0,
1992-10-13,,,,,0.0,1.0,
1992-10-14,,,,,0.0,1.0,
1992-10-15,,,,,0.0,1.0,
1992-10-16,,,,,0.0,1.0,
1992-10-19,,,,,0.0,1.0,
1992-10-20,,,,,0.0,1.0,
1992-10-21,,,,,0.0,1.0,
1992-10-22,,,,,0.0,1.0,
1992-10-23,,,,,0.0,1.0,
1992-10-26,,,,,0.0,1.0,
1992-10-27,,,,,0.0,1.0,
1992-10-28,,,,,0.0,1.0,
1992-10-29,,,,,0.0,1.0,
1992-10-30,,,,,0.0,1.0,
1992-11-02,,,,,0.0,1.0,
1992-11-03,,,,,0.0,1.0,
1992-11-04,,,,,0.0,1.0,
1992-11-05,,,,,0.0,1.0,
1992-11-06,,,,,0.0,1.0,
1992-11-07,,,,,0.0,1.0,
1992-11-08,,,,,0.0,1.0,
1992-11-09,,,,,0.0,1.0,
1992-11-10,,,,,0.0,1.0,
1992-11-11,,,,,0.0,1.0,
1992-11-12,,,,,0.0,1.0,
1992-11-13,,,,,0.0,1.0,
1992-11-14,,,,,0.0,1.0,
1992-11-16,,,,,0.0,1.0,
1992-11-17,,,,,0.0,1.0,
1992-11-18,,,,,0.0,1.0,
1992-11-19,,,,,0.0,1.0,
1992-11-20,,,,,0.0,1.0,
1992-11-23,,,,,0.0,1.0,
1992-11-24,,,,,0.0,1.0,
1992-11-25,,,,,0.0,1.0,
1992-11-26,,,,,0.0,1.0,
1992-11-27,,,,,0.0,1.0,
1992-11-28,,,,,0.0,1.0,
1992-11-30,,,,,0.0,1.0,
1992-12-01,,,,,0.0,1.0,
1992-12-02,,,,,0.0,1.0,
1992-12-03,,,,,0.0,1.0,
1992-12-04,,,,,0.0,1.0,
1992-12-07,,,,,0.0,1.0,
1992-12-08,,,,,0.0,1.0,
1992-12-09,,,,,0.0,1.0,
1992-12-10,,,,,0.0,1.0,
1992-12-11,,,,,0.0,1.0,
1992-12-14,,,,,0.0,1.0,
1992-12-15,,,,,0.0,1.0,
1992-12-16,,,,,0.0,1.0,
1992-12-17,,,,,0.0,1.0,
1992-12-18,,,,,0.0,1.0,
1992-12-21,,,,,0.0,1.0,
1992-12-22,,,,,0.0,1.0,
1992-12-23,,,,,0.0,1.0,
1992-12-24,,,,,0.0,1.0,
1992-12-25,,,,,0.0,1.0,
1992-12-28,,,,,0.0,1.0,
1992-12-29,,,,,0.0,1.0,
1992-12-30,,,,,0.0,1.0,
1992-12-31,,,,,0.0,1.0,
1993-01-01,,,,,0.0,1.0,
1993-01-04,,,,,0.0,1.0,
1993-01-05,,,,,0.0,1.0,
1993-01-06,,,,,0.0,1.0,
1993-01-07,,,,,0.0,1.0,
1993-01-08,,,,,0.0,1.0,
1993-01-11,,,,,0.0,1.0,
1993-01-12,,,,,0.0,1.0,
1993-01-13,,,,,0.0,1.0,
1993-01-14,,,,,0.0,1.0,
1993-01-15,,,,,0.0,1.0,
1993-01-18,,,,,0.0,1.0,
1993-01-19,,,,,0.0,1.0,
1993-01-20,,,,,0.0,1.0,
1993-01-21,,,,,0.0,1.0,
1993-01-22,,,,,0.0,1.0,
1993-01-25,,,,,0.0,1.0,
1993-01-26,,,,,0.0,1.0,
1993-01-27,,,,,0.0,1.0,
1993-01-28,,,,,0.0,1.0,
1993-01-29,,,,,0.0,1.0,
1993-02-01,,,,,0.0,1.0,
1993-02-02,,,,,0.0,1.0,
1993-02-03,,,,,0.0,1.0,
1993-02-04,,,,,0.0,1.0,
1993-02-05,,,,,0.0,1.0,
1993-02-08,,,,,0.0,1.0,
1993-02-09,,,,,0.0,1.0,
1993-02-10,,,,,0.0,1.0,
1993-02-11,,,,,0.0,1.0,
1993-02-12,,,,,0.0,1.0,
1993-02-15,,,,,0.0,1.0,
1993-02-16,,,,,0.0,1.0,
1993-02-17,,,,,0.0,1.0,
1993-02-18,,,,,0.0,1.0,
1993-02-19,,,,,0.0,1.0,
1993-02-22,,,,,0.0,1.0,
1993-02-23,,,,,0.0,1.0,
1993-02-24,,,,,0.0,1.0,
1993-02-25,,,,,0.0,1.0,
1993-02-26,,,,,0.0,1.0,
1993-03-01,,,,,0.0,1.0,
1993-03-02,,,,,0.0,1.0,
1993-03-03,,,,,0.0,1.0,
1993-03-04,,,,,0.0,1.0,
1993-03-05,,,,,0.0,1.0,
1993-03-08,,,,,0.0,1.0,
1993-03-09,,,,,0.0,1.0,
1993-03-10,,,,,0.0,1.0,
1993-03-11,,,,,0.0,1.0,
1993-03-12,,,,,0.0,1.0,
1993-03-15,,,,,0.0,1.0,
1993-03-16,,,,,0.0,1.0,
1993-03-17,,,,,0.0,1.0,
1993-03-18,,,,,0.0,1.0,
1993-03-19,,,,,0.0,1.0,
1993-03-22,,,,,0.0,1.0,
1993-03-23,,,,,0.0,1.0,
1993-03-24,,,,,0.0,1.0,
1993-03-25,,,,,0.0,1.0,
1993-03-26,,,,,0.0,1.0,
1993-03-29,,,,,0.0,1.0,
1993-03-30,,,,,0.0,1.0,
1993-03-31,,,,,0.0,1.0,
1993-04-01,,,,,0.0,1.0,
1993-04-02,,,,,0.0,1.0,
1993-04-05,,,,,0.0,1.0,
1993-04-06,,,,,0.0,1.0,
1993-04-07,,,,,0.0,1.0,
1993-04-08,,,,,0.0,1.0,
1993-04-13,,,,,0.0,1.0,
1993-04-14,,,,,0.0,1.0,
1993-04-15,,,,,0.0,1.0,
1993-04-16,,,,,0.0,1.0,
1993-04-19,,,,,0.0,1.0,
1993-04-20,,,,,0.0,1.0,
1993-04-21,,,,,0.0,1.0,
1993-04-22,,,,,0.0,1.0,
1993-04-23,,,,,0.0,1.0,
1993-04-26,,,,,0.0,1.0,
1993-04-27,,,,,0.0,1.0,
1993-04-28,,,,,0.0,1.0,
1993-04-29,,,,,0.0,1.0,
1993-04-30,,,,,0.0,1.0,
1993-05-03,,,,,0.0,1.0,
1993-05-04,,,,,0.0,1.0,
1993-05-05,,,,,0.0,1.0,
1993-05-06,,,,,0.0,1.0,
1993-05-07,,,,,0.0,1.0,
1993-05-10,,,,,0.0,1.0,
1993-05-11,,,,,0.0,1.0,
1993-05-12,,,,,0.0,1.0,
1993-05-13,,,,,0.0,1.0,
1993-05-14,,,,,0.0,1.0,
1993-05-17,,,,,0.0,1.0,
1993-05-18,,,,,0.0,1.0,
1993-05-19,,,,,0.0,1.0,
1993-05-20,,,,,0.0,1.0,
1993-05-21,,,,,0.0,1.0,
1993-05-24,,,,,0.0,1.0,
1993-05-25,,,,,0.0,1.0,
1993-05-26,,,,,0.0,1.0,
1993-05-27,,,,,0.0,1.0,
1993-05-28,,,,,0.0,1.0,
1993-06-01,,,,,0.0,1.0,
1993-06-02,,,,,0.0,1.0,
1993-06-03,,,,,0.0,1.0,
1993-06-04,,,,,0.0,1.0,
1993-06-07,,,,,0.0,1.0,
1993-06-08,,,,,0.0,1.0,
1993-06-09,,,,,0.0,1.0,
1993-06-10,,,,,0.0,1.0,
1993-06-11,,,,,0.0,1.0,
1993-06-14,,,,,0.0,1.0,
1993-06-15,,,,,0.0,1.0,
1993-06-16,,,,,0.0,1.0,
1993-06-17,,,,,0.0,1.0,
1993-06-18,,,,,0.0,1.0,
1993-06-21,,,,,0.0,1.0,
1993-06-22,,,,,0.0,1.0,
1993-06-23,,,,,0.0,1.0,
1993-06-24,,,,,0.0,1.0,
1993-06-25,,,,,0.0,1.0,
1993-06-28,,,,,0.0,1.0,
1993-06-29,,,,,0.0,1.0,
1993-06-30,,,,,0.0,1.0,
1993-07-01,,,,,0.0,1.0,
1993-07-02,,,,,0.0,1.0,
1993-07-05,,,,,0.0,1.0,
1993-07-06,,,,,0.0,1.0,
1993-07-07,,,,,0.0,1.0,
1993-07-08,,,,,0.0,1.0,
1993-07-09,,,,,0.0,1.0,
1993-07-12,,,,,0.0,1.0,
1993-07-13,,,,,0.0,1.0,
1993-07-14,,,,,0.0,1.0,
1993-07-15,,,,,0.0,1.0,
1993-07-16,,,,,0.0,1.0,
1993-07-19,,,,,0.0,1.0,
1993-07-20,,,,,0.0,1.0,
1993-07-21,,,,,0.0,1.0,
1993-07-22,,,,,0.0,1.0,
1993-07-23,,,,,0.0,1.0,
1993-07-26,,,,,0.0,1.0,
1993-07-27,,,,,0.0,1.0,
1993-07-28,,,,,0.0,1.0,
1993-07-29,,,,,0.0,1.0,
1993-07-30,,,,,0.0,1.0,
1993-08-02,,,,,0.0,1.0,
1993-08-03,,,,,0.0,1.0,
1993-08-04,,,,,0.0,1.0,
1993-08-05,,,,,0.0,1.0,
1993-08-06,,,,,0.0,1.0,
1993-08-09,,,,,0.0,1.0,
1993-08-10,,,,,0.0,1.0,
1993-08-11,,,,,0.0,1.0,
1993-08-12,,,,,0.0,1.0,
1993-08-13,,,,,0.0,1.0,
1993-08-16,,,,,0.0,1.0,
1993-08-17,,,,,0.0,1.0,
1993-08-18,,,,,0.0,1.0,
1993-08-19,,,,,0.0,1.0,
1993-08-20,,,,,0.0,1.0,
1993-08-23,,,,,0.0,1.0,
1993-08-24,,,,,0.0,1.0,
1993-08-25,,,,,0.0,1.0,
1993-08-26,,,,,0.0,1.0,
1993-08-27,,,,,0.0,1.0,
1993-08-30,,,,,0.0,1.0,
1993-08-31,,,,,0.0,1.0,
1993-09-01,,,,,0.0,1.0,
1993-09-02,,,,,0.0,1.0,
1993-09-03,,,,,0.0,1.0,
1993-09-06,,,,,0.0,1.0,
1993-09-07,,,,,0.0,1.0,
1993-09-08,,,,,0.0,1.0,
1993-09-09,,,,,0.0,1.0,
1993-09-10,,,,,0.0,1.0,
1993-09-13,,,,,0.0,1.0,
1993-09-14,,,,,0.0,1.0,
1993-09-15,,,,,0.0,1.0,
1993-09-16,,,,,0.0,1.0,
1993-09-17,,,,,0.0,1.0,
1993-09-20,,,,,0.0,1.0,
1993-09-21,,,,,0.0,1.0,
1993-09-22,,,,,0.0,1.0,
1993-09-23,,,,,0.0,1.0,
1993-09-24,,,,,0.0,1.0,
1993-09-27,,,,,0.0,1.0,
1993-09-28,,,,,0.0,1.0,
1993-09-29,,,,,0.0,1.0,
1993-09-30,,,,,0.0,1.0,
1993-10-01,,,,,0.0,1.0,
1993-10-04,,,,,0.0,1.0,
1993-10-05,,,,,0.0,1.0,
1993-10-06,,,,,0.0,1.0,
1993-10-07,,,,,0.0,1.0,
1993-10-08,,,,,0.0,1.0,
1993-10-11,,,,,0.0,1.0,
1993-10-12,,,,,0.0,1.0,
1993-10-13,,,,,0.0,1.0,
1993-10-14,,,,,0.0,1.0,
1993-10-15,,,,,0.0,1.0,
1993-10-18,,,,,0.0,1.0,
1993-10-19,,,,,0.0,1.0,
1993-10-20,,,,,0.0,1.0,
1993-10-21,,,,,0.0,1.0,
1993-10-22,,,,,0.0,1.0,
1993-10-25,,,,,0.0,1.0,
1993-10-26,,,,,0.0,1.0,
1993-10-27,,,,,0.0,1.0,
1993-10-28,,,,,0.0,1.0,
1993-10-29,,,,,0.0,1.0,
1993-11-01,,,,,0.0,1.0,
1993-11-02,,,,,0.0,1.0,
1993-11-03,,,,,0.0,1.0,
1993-11-04,,,,,0.0,1.0,
1993-11-05,,,,,0.0,1.0,
1993-11-08,,,,,0.0,1.0,
1993-11-09,,,,,0.0,1.0,
1993-11-10,,,,,0.0,1.0,
1993-11-11,,,,,0.0,1.0,
1993-11-12,,,,,0.0,1.0,
1993-11-15,,,,,0.0,1.0,
1993-11-16,,,,,0.0,1.0,
1993-11-17,,,,,0.0,1.0,
1993-11-18,,,,,0.0,1.0,
1993-11-19,,,,,0.0,1.0,
1993-11-22,,,,,0.0,1.0,
1993-11-23,,,,,0.0,1.0,
1993-11-24,,,,,0.0,1.0,
1993-11-25,,,,,0.0,1.0,
1993-11-26,,,,,0.0,1.0,
1993-11-29,,,,,0.0,1.0,
1993-11-30,,,,,0.0,1.0,
1993-12-01,,,,,0.0,1.0,
1993-12-02,,,,,0.0,1.0,
1993-12-03,,,,,0.0,1.0,
1993-12-06,,,,,0.0,1.0,
1993-12-07,,,,,0.0,1.0,
1993-12-08,,,,,0.0,1.0,
1993-12-09,,,,,0.0,1.0,
1993-12-10,,,,,0.0,1.0,
1993-12-13,,,,,0.0,1.0,
1993-12-14,,,,,0.0,1.0,
1993-12-15,,,,,0.0,1.0,
1993-12-16,,,,,0.0,1.0,
1993-12-17,,,,,0.0,1.0,
1993-12-20,,,,,0.0,1.0,
1993-12-21,,,,,0.0,1.0,
1993-12-22,,,,,0.0,1.0,
1993-12-23,,,,,0.0,1.0,
1993-12-24,,,,,0.0,1.0,
1993-12-27,,,,,0.0,1.0,
1993-12-28,,,,,0.0,1.0,
1993-12-29,,,,,0.0,1.0,
1993-12-30,,,,,0.0,1.0,
1993-12-31,,,,,0.0,1.0,
1994-01-03,,,,,0.0,1.0,
1994-01-04,,,,,0.0,1.0,
1994-01-05,,,,,0.0,1.0,
1994-01-06,,,,,0.0,1.0,
1994-01-07,,,,,0.0,1.0,
1994-01-10,,,,,0.0,1.0,
1994-01-11,,,,,0.0,1.0,
1994-01-12,,,,,0.0,1.0,
1994-01-13,,,,,0.0,1.0,
1994-01-14,,,,,0.0,1.0,
1994-01-17,,,,,0.0,1.0,
1994-01-18,,,,,0.0,1.0,
1994-01-19,,,,,0.0,1.0,
1994-01-20,,,,,0.0,1.0,
1994-01-21,,,,,0.0,1.0,
1994-01-24,,,,,0.0,1.0,
1994-01-25,,,,,0.0,1.0,
1994-01-26,,,,,0.0,1.0,
1994-01-27,,,,,0.0,1.0,
1994-01-28,,,,,0.0,1.0,
1994-01-31,,,,,0.0,1.0,
1994-02-01,,,,,0.0,1.0,
1994-02-02,,,,,0.0,1.0,
1994-02-03,,,,,0.0,1.0,
1994-02-04,,,,,0.0,1.0,
1994-02-07,,,,,0.0,1.0,
1994-02-08,,,,,0.0,1.0,
1994-02-09,,,,,0.0,1.0,
1994-02-10,,,,,0.0,1.0,
1994-02-11,,,,,0.0,1.0,
1994-02-14,,,,,0.0,1.0,
1994-02-15,,,,,0.0,1.0,
1994-02-16,,,,,0.0,1.0,
1994-02-17,,,,,0.0,1.0,
1994-02-18,,,,,0.0,1.0,
1994-02-21,,,,,0.0,1.0,
1994-02-22,,,,,0.0,1.0,
1994-02-23,,,,,0.0,1.0,
1994-02-24,,,,,0.0,1.0,
1994-02-25,,,,,0.0,1.0,
1994-02-28,,,,,0.0,1.0,
1994-03-01,,,,,0.0,1.0,
1994-03-02,,,,,0.0,1.0,
1994-03-03,,,,,0.0,1.0,
1994-03-04,,,,,0.0,1.0,
1994-03-07,,,,,0.0,1.0,
1994-03-08,,,,,0.0,1.0,
1994-03-09,,,,,0.0,1.0,
1994-03-10,,,,,0.0,1.0,
1994-03-11,,,,,0.0,1.0,
1994-03-14,,,,,0.0,1.0,
1994-03-15,,,,,0.0,1.0,
1994-03-16,,,,,0.0,1.0,
1994-03-17,,,,,0.0,1.0,
1994-03-18,,,,,0.0,1.0,
1994-03-21,,,,,0.0,1.0,
1994-03-22,,,,,0.0,1.0,
1994-03-23,,,,,0.0,1.0,
1994-03-24,,,,,0.0,1.0,
1994-03-25,,,,,0.0,1.0,
1994-03-28,,,,,0.0,1.0,
1994-03-29,,,,,0.0,1.0,
1994-03-30,,,,,0.0,1.0,
1994-03-31,,,,,0.0,1.0,
1994-04-05,,,,,0.0,1.0,
1994-04-06,,,,,0.0,1.0,
1994-04-07,,,,,0.0,1.0,
1994-04-08,,,,,0.0,1.0,
1994-04-11,,,,,0.0,1.0,
1994-04-12,,,,,0.0,1.0,
1994-04-13,,,,,0.0,1.0,
1994-04-14,,,,,0.0,1.0,
1994-04-15,,,,,0.0,1.0,
1994-04-18,,,,,0.0,1.0,
1994-04-19,,,,,0.0,1.0,
1994-04-20,,,,,0.0,1.0,
1994-04-21,,,,,0.0,1.0,
1994-04-22,,,,,0.0,1.0,
1994-04-25,,,,,0.0,1.0,
1994-04-26,,,,,0.0,1.0,
1994-04-27,,,,,0.0,1.0,
1994-04-28,,,,,0.0,1.0,
1994-04-29,,,,,0.0,1.0,
1994-05-02,,,,,0.0,1.0,
1994-05-03,,,,,0.0,1.0,
1994-05-04,,,,,0.0,1.0,
1994-05-05,,,,,0.0,1.0,
1994-05-06,,,,,0.0,1.0,
1994-05-09,,,,,0.0,1.0,
1994-05-10,,,,,0.0,1.0,
1994-05-11,,,,,0.0,1.0,
1994-05-12,,,,,0.0,1.0,
1994-05-13,,,,,0.0,1.0,
1994-05-16,,,,,0.0,1.0,
1994-05-17,,,,,0.0,1.0,
1994-05-18,,,,,0.0,1.0,
1994-05-19,,,,,0.0,1.0,
1994-05-20,,,,,0.0,1.0,
1994-05-23,,,,,0.0,1.0,
1994-05-24,,,,,0.0,1.0,
1994-05-25,,,,,0.0,1.0,
1994-05-26,,,,,0.0,1.0,
1994-05-27,,,,,0.0,1.0,
1994-05-30,,,,,0.0,1.0,
1994-05-31,,,,,0.0,1.0,
1994-06-01,,,,,0.0,1.0,
1994-06-02,,,,,0.0,1.0,
1994-06-03,,,,,0.0,1.0,
1994-06-06,,,,,0.0,1.0,
1994-06-07,,,,,0.0,1.0,
1994-06-08,,,,,0.0,1.0,
1994-06-09,,,,,0.0,1.0,
1994-06-10,,,,,0.0,1.0,
1994-06-13,,,,,0.0,1.0,
1994-06-14,,,,,0.0,1.0,
1994-06-15,,,,,0.0,1.0,
1994-06-16,,,,,0.0,1.0,
1994-06-17,,,,,0.0,1.0,
1994-06-20,,,,,0.0,1.0,
1994-06-21,,,,,0.0,1.0,
1994-06-22,,,,,0.0,1.0,
1994-06-23,,,,,0.0,1.0,
1994-06-24,,,,,0.0,1.0,
1994-06-27,,,,,0.0,1.0,
1994-06-28,,,,,0.0,1.0,
1994-06-29,,,,,0.0,1.0,
1994-06-30,,,,,0.0,1.0,
1994-07-01,,,,,0.0,1.0,
1994-07-04,,,,,0.0,1.0,
1994-07-05,,,,,0.0,1.0,
1994-07-06,,,,,0.0,1.0,
1994-07-07,,,,,0.0,1.0,
1994-07-08,,,,,0.0,1.0,
1994-07-11,,,,,0.0,1.0,
1994-07-12,,,,,0.0,1.0,
1994-07-13,,,,,0.0,1.0,
1994-07-14,,,,,0.0,1.0,
1994-07-15,,,,,0.0,1.0,
1994-07-18,,,,,0.0,1.0,
1994-07-19,,,,,0.0,1.0,
1994-07-20,,,,,0.0,1.0,
1994-07-21,,,,,0.0,1.0,
1994-07-22,,,,,0.0,1.0,
1994-07-25,,,,,0.0,1.0,
1994-07-26,,,,,0.0,1.0,
1994-07-27,,,,,0.0,1.0,
1994-07-28,,,,,0.0,1.0,
1994-07-29,,,,,0.0,1.0,
1994-08-01,,,,,0.0,1.0,
1994-08-02,,,,,0.0,1.0,
1994-08-03,,,,,0.0,1.0,
1994-08-04,,,,,0.0,1.0,
1994-08-05,,,,,0.0,1.0,
1994-08-08,,,,,0.0,1.0,
1994-08-09,,,,,0.0,1.0,
1994-08-10,,,,,0.0,1.0,
1994-08-11,,,,,0.0,1.0,
1994-08-12,,,,,0.0,1.0,
1994-08-15,,,,,0.0,1.0,
1994-08-16,,,,,0.0,1.0,
1994-08-17,,,,,0.0,1.0,
1994-08-18,,,,,0.0,1.0,
1994-08-19,,,,,0.0,1.0,
1994-08-22,,,,,0.0,1.0,
1994-08-23,,,,,0.0,1.0,
1994-08-24,,,,,0.0,1.0,
1994-08-25,,,,,0.0,1.0,
1994-08-26,,,,,0.0,1.0,
1994-08-29,,,,,0.0,1.0,
1994-08-30,,,,,0.0,1.0,
1994-08-31,,,,,0.0,1.0,
1994-09-01,,,,,0.0,1.0,
1994-09-02,,,,,0.0,1.0,
1994-09-05,,,,,0.0,1.0,
1994-09-06,,,,,0.0,1.0,
1994-09-07,,,,,0.0,1.0,
1994-09-08,,,,,0.0,1.0,
1994-09-09,,,,,0.0,1.0,
1994-09-12,,,,,0.0,1.0,
1994-09-13,,,,,0.0,1.0,
1994-09-14,,,,,0.0,1.0,
1994-09-15,,,,,0.0,1.0,
1994-09-16,,,,,0.0,1.0,
1994-09-19,,,,,0.0,1.0,
1994-09-20,,,,,0.0,1.0,
1994-09-21,,,,,0.0,1.0,
1994-09-22,,,,,0.0,1.0,
1994-09-23,,,,,0.0,1.0,
1994-09-26,,,,,0.0,1.0,
1994-09-27,,,,,0.0,1.0,
1994-09-28,,,,,0.0,1.0,
1994-09-29,,,,,0.0,1.0,
1994-09-30,,,,,0.0,1.0,
1994-10-03,,,,,0.0,1.0,
1994-10-04,,,,,0.0,1.0,
1994-10-05,,,,,0.0,1.0,
1994-10-06,,,,,0.0,1.0,
1994-10-07,,,,,0.0,1.0,
1994-10-10,,,,,0.0,1.0,
1994-10-11,,,,,0.0,1.0,
1994-10-12,,,,,0.0,1.0,
1994-10-13,,,,,0.0,1.0,
1994-10-14,,,,,0.0,1.0,
1994-10-17,,,,,0.0,1.0,
1994-10-18,,,,,0.0,1.0,
1994-10-19,,,,,0.0,1.0,
1994-10-20,,,,,0.0,1.0,
1994-10-21,,,,,0.0,1.0,
1994-10-24,,,,,0.0,1.0,
1994-10-25,,,,,0.0,1.0,
1994-10-26,,,,,0.0,1.0,
1994-10-27,,,,,0.0,1.0,
1994-10-28,,,,,0.0,1.0,
1994-10-31,,,,,0.0,1.0,
1994-11-01,,,,,0.0,1.0,
1994-11-02,,,,,0.0,1.0,
1994-11-03,,,,,0.0,1.0,
1994-11-04,,,,,0.0,1.0,
1994-11-07,,,,,0.0,1.0,
1994-11-08,,,,,0.0,1.0,
1994-11-09,,,,,0.0,1.0,
1994-11-10,,,,,0.0,1.0,
1994-11-11,,,,,0.0,1.0,
1994-11-14,,,,,0.0,1.0,
1994-11-15,,,,,0.0,1.0,
1994-11-16,,,,,0.0,1.0,
1994-11-17,,,,,0.0,1.0,
1994-11-18,,,,,0.0,1.0,
1994-11-21,,,,,0.0,1.0,
1994-11-22,,,,,0.0,1.0,
1994-11-23,,,,,0.0,1.0,
1994-11-24,,,,,0.0,1.0,
1994-11-25,,,,,0.0,1.0,
1994-11-28,,,,,0.0,1.0,
1994-11-29,,,,,0.0,1.0,
1994-11-30,,,,,0.0,1.0,
1994-12-01,,,,,0.0,1.0,
1994-12-02,,,,,0.0,1.0,
1994-12-05,,,,,0.0,1.0,
1994-12-06,,,,,0.0,1.0,
1994-12-07,92.0,90.0,90.0,90.0,0.0,84040.0,
1994-12-08,90.5,88.0,90.0,90.5,0.0,3007346.0,
1994-12-09,90.0,88.0,89.0,89.0,0.0,9550.0,
1994-12-12,90.0,88.0,89.0,88.0,0.0,120094.0,
1994-12-13,91.0,90.0,90.0,90.0,0.0,44172.0,
1994-12-14,90.5,90.5,91.0,90.5,0.0,5500.0,
1994-12-15,93.0,92.5,92.0,92.5,0.0,13150.0,
1994-12-16,93.0,90.0,92.0,91.0,0.0,514000.0,
1994-12-19,93.0,91.0,92.0,91.5,0.0,28000.0,
1994-12-20,93.0,93.0,92.0,93.0,0.0,8000.0,
1994-12-21,93.0,92.5,92.0,93.0,0.0,22800.0,
1994-12-22,93.0,92.0,92.0,93.0,0.0,48500.0,
1994-12-23,92.0,91.0,91.0,92.0,0.0,41900.0,
1994-12-26,91.0,91.0,91.0,91.0,0.0,0.0,
1994-12-27,91.0,91.0,91.0,91.0,0.0,0.0,
1994-12-28,90.5,90.5,90.5,90.5,0.0,1.0,
1994-12-29,90.75,90.75,90.5,90.75,0.0,14000.0,
1994-12-30,91.0,91.0,91.0,91.0,0.0,1.0,
1995-01-02,91.0,91.0,91.0,91.0,0.0,0.0,
1995-01-03,91.0,91.0,92.0,91.0,0.0,20000.0,
1995-01-04,92.5,92.0,92.0,92.0,0.0,37840.0,
1995-01-05,93.0,91.0,90.0,93.0,0.0,53300.0,
1995-01-06,90.0,89.0,89.5,89.5,0.0,145000.0,
1995-01-09,90.0,88.5,88.5,90.0,0.0,17190.0,
1995-01-10,87.5,86.0,86.5,87.0,0.0,30000.0,
1995-01-11,83.75,83.0,83.5,83.75,0.0,13900.0,
1995-01-12,85.0,83.5,84.5,85.0,0.0,83500.0,
1995-01-13,86.0,82.0,84.0,86.0,0.0,161500.0,
1995-01-16,83.0,82.5,84.0,82.5,0.0,55000.0,
1995-01-17,85.0,83.5,84.0,83.5,0.0,31200.0,
1995-01-18,85.0,83.5,84.0,85.0,0.0,42440.0,
1995-01-19,83.5,83.5,83.5,83.5,0.0,1.0,
1995-01-20,82.5,82.5,82.5,82.5,0.0,1.0,
1995-01-23,80.0,80.0,80.5,80.0,0.0,17000.0,
1995-01-24,81.0,80.0,80.5,81.0,0.0,14000.0,
1995-01-25,81.0,81.0,81.0,81.0,0.0,1.0,
1995-01-26,81.5,81.5,81.0,81.5,0.0,40200.0,
1995-01-27,81.5,81.5,81.0,81.5,0.0,2000.0,
1995-01-30,80.5,80.5,80.5,80.5,0.0,1.0,
1995-01-31,79.5,79.5,79.5,79.5,0.0,1.0,
1995-02-01,82.5,82.0,81.0,82.5,0.0,13290.0,
1995-02-02,82.0,81.5,81.0,81.5,0.0,20506.0,
1995-02-03,82.0,82.0,81.0,82.0,0.0,8500.0,
1995-02-06,82.0,82.0,82.0,82.0,0.0,1.0,
1995-02-07,82.0,82.0,82.0,82.0,0.0,0.0,
1995-02-08,82.0,80.0,82.0,80.0,0.0,27261.0,
1995-02-09,84.0,81.0,83.0,81.0,0.0,14480.0,
1995-02-10,83.0,81.0,83.0,82.0,0.0,56000.0,
1995-02-13,81.0,81.0,83.0,81.0,0.0,26000.0,
1995-02-14,83.0,83.0,82.0,83.0,0.0,1770.0,
1995-02-15,82.5,82.0,82.0,82.5,0.0,53450.0,
1995-02-16,81.5,81.5,82.0,81.5,0.0,2000.0,
1995-02-17,80.0,80.0,81.0,80.0,0.0,15000.0,
1995-02-20,80.5,79.0,81.0,80.5,0.0,90000.0,
1995-02-21,81.5,80.0,80.5,81.5,0.0,10800.0,
1995-02-22,80.0,79.0,80.0,79.0,0.0,12500.0,
1995-02-23,80.0,80.0,80.0,80.0,0.0,0.0,
1995-02-24,81.0,81.0,81.0,81.0,0.0,1.0,
1995-02-27,79.0,76.0,79.0,79.0,0.0,52500.0,
1995-02-28,78.0,77.0,78.0,78.0,0.0,51000.0,
1995-03-01,78.0,77.0,77.5,77.0,0.0,56000.0,
1995-03-02,78.0,78.0,77.5,78.0,0.0,38000.0,
1995-03-03,77.0,76.5,76.5,77.0,0.0,35400.0,
1995-03-06,76.0,75.0,75.5,76.0,0.0,23000.0,
1995-03-07,75.75,75.0,75.5,75.75,0.0,80000.0,
1995-03-08,75.125,74.75,74.5,75.125,0.0,69730.0,
1995-03-09,74.0,74.0,74.5,74.0,0.0,26000.0,
1995-03-10,74.0,74.0,74.5,74.0,0.0,20000.0,
1995-03-13,75.0,75.0,76.0,75.0,0.0,24000.0,
1995-03-14,77.0,75.125,76.0,75.125,0.0,25300.0,
1995-03-15,77.0,74.0,76.0,77.0,0.0,261500.0,
1995-03-16,76.0,75.0,75.5,75.0,0.0,192550.0,
1995-03-17,76.0,75.125,75.5,75.125,0.0,82300.0,
1995-03-20,75.0,75.0,75.5,75.0,0.0,20000.0,
1995-03-21,76.0,75.0,75.5,75.5,0.0,151900.0,
1995-03-22,76.0,75.0,75.5,75.0,0.0,139300.0,
1995-03-23,75.625,75.0,75.5,75.625,0.0,9000.0,
1995-03-24,75.125,75.125,75.5,75.125,0.0,26000.0,
1995-03-27,75.0,70.0,75.5,75.0,0.0,362000.0,
1995-03-28,76.0,70.0,75.5,75.25,0.0,476000.0,
1995-03-29,76.5,75.0,76.0,75.5,0.0,242865.0,
1995-03-30,77.0,75.125,76.0,75.25,0.0,155696.0,
1995-03-31,75.0,75.0,75.5,75.0,0.0,47500.0,
1995-04-03,75.0,74.0,75.5,75.0,0.0,271000.0,
1995-04-04,76.0,74.125,75.5,75.25,0.0,334250.0,
1995-04-05,77.0,75.0,76.0,75.25,0.0,199927.0,
1995-04-06,76.5,75.25,76.5,75.25,0.0,140000.0,
1995-04-07,76.25,76.25,76.5,76.25,0.0,10000.0,
1995-04-10,77.0,77.0,76.5,77.0,0.0,10483.0,
1995-04-11,76.0,76.0,76.5,76.0,0.0,22000.0,
1995-04-12,77.0,77.0,76.5,77.0,0.0,14000.0,
1995-04-13,78.0,77.5,77.0,78.0,0.0,43750.0,
1995-04-14,77.0,77.0,77.0,77.0,0.0,0.0,
1995-04-17,77.0,77.0,77.0,77.0,0.0,0.0,
1995-04-18,80.0,78.5,79.0,78.5,0.0,62400.0,
1995-04-19,79.0,79.0,79.0,79.0,0.0,0.0,
1995-04-20,80.0,77.0,79.0,80.0,0.0,22455.0,
1995-04-21,80.0,80.0,79.5,80.0,0.0,25000.0,
1995-04-24,81.0,81.0,81.0,81.0,0.0,1.0,
1995-04-25,82.0,82.0,81.0,82.0,0.0,4200.0,
1995-04-26,81.5,81.5,81.5,81.5,0.0,5200.0,
1995-04-27,81.5,81.5,81.5,81.5,0.0,0.0,
1995-04-28,83.0,81.5,82.0,81.5,0.0,88050.0,
1995-05-01,83.0,82.5,82.0,82.5,0.0,26700.0,
1995-05-02,81.0,81.0,82.0,81.0,0.0,6000.0,
1995-05-03,83.0,83.0,82.5,83.0,0.0,13500.0,
1995-05-04,84.0,82.0,83.0,84.0,0.0,42800.0,
1995-05-05,83.5,83.5,83.0,83.5,0.0,5500.0,
1995-05-08,83.0,83.0,83.0,83.0,0.0,0.0,
1995-05-09,83.5,83.5,83.5,83.5,0.0,100000.0,
1995-05-10,84.0,84.0,83.5,84.0,0.0,8831.0,
1995-05-11,84.0,83.75,83.5,84.0,0.0,8180.0,
1995-05-12,85.0,84.0,85.0,84.0,0.0,57100.0,
1995-05-15,85.5,83.0,85.0,85.5,0.0,113500.0,
1995-05-16,86.0,84.0,85.0,85.5,0.0,33700.0,
1995-05-17,85.5,84.0,85.0,85.5,0.0,13362.0,
1995-05-18,84.5,84.5,85.0,84.5,0.0,22025.0,
1995-05-19,85.5,85.0,85.0,85.5,0.0,36500.0,
1995-05-22,85.75,85.75,85.0,85.75,0.0,21200.0,
1995-05-23,85.5,85.0,85.0,85.0,0.0,13000.0,
1995-05-24,86.0,85.0,85.0,86.0,0.0,373193.0,
1995-05-25,86.0,85.0,85.0,86.0,0.0,1073864.0,
1995-05-26,85.0,85.0,85.0,85.0,0.0,613650.0,
1995-05-29,85.0,85.0,85.0,85.0,0.0,0.0,
1995-05-30,86.0,86.0,85.0,86.0,0.0,2837.0,
1995-05-31,85.5,84.0,85.0,84.0,0.0,26200.0,
1995-06-01,85.5,85.0,85.0,85.5,0.0,41900.0,
1995-06-02,85.0,84.0,85.0,85.0,0.0,2515000.0,
1995-06-05,86.0,86.0,85.0,86.0,0.0,47060.0,
1995-06-06,86.5,84.0,86.0,86.0,0.0,1065000.0,
1995-06-07,86.5,86.5,86.0,86.5,0.0,2200.0,
1995-06-08,88.0,84.25,86.0,84.25,0.0,3610000.0,
1995-06-09,84.25,84.25,86.0,84.25,0.0,250000.0,
1995-06-12,86.0,85.5,85.0,85.5,0.0,50000.0,
1995-06-13,85.0,85.0,85.0,85.0,0.0,0.0,
1995-06-14,85.5,85.5,84.5,85.5,0.0,4680.0,
1995-06-15,85.5,84.25,86.0,85.5,0.0,39000.0,
1995-06-16,86.5,84.5,84.5,85.0,0.0,59380.0,
1995-06-19,84.25,84.25,84.5,84.25,0.0,3000.0,
1995-06-20,85.0,84.75,84.5,84.75,0.0,35495.0,
1995-06-21,85.0,84.0,84.5,84.0,0.0,14235.0,
1995-06-22,85.0,84.0,84.5,84.0,0.0,9580.0,
1995-06-23,85.0,84.25,84.5,85.0,0.0,112830.0,
1995-06-26,85.0,84.0,84.5,84.0,0.0,42000.0,
1995-06-27,85.0,84.0,84.5,84.0,0.0,97200.0,
1995-06-28,84.75,84.5,84.5,84.5,0.0,12250.0,
1995-06-29,84.5,84.5,84.5,84.5,0.0,0.0,
1995-06-30,85.0,84.5,84.5,84.75,0.0,16090.0,
1995-07-03,85.0,84.0,84.5,84.0,0.0,1061750.0,
1995-07-04,85.0,84.0,84.5,84.0,0.0,16500.0,
1995-07-05,85.0,84.0,84.5,85.0,0.0,142800.0,
1995-07-06,85.5,85.0,85.0,85.5,0.0,7600.0,
1995-07-07,87.0,86.0,87.0,87.0,0.0,685000.0,
1995-07-10,86.5,86.5,87.0,86.5,0.0,8000.0,
1995-07-11,88.0,86.5,87.0,88.0,0.0,9900.0,
1995-07-12,88.0,86.0,87.0,86.5,0.0,46560.0,
1995-07-13,88.0,86.625,88.0,86.625,0.0,240000.0,
1995-07-14,88.0,88.0,88.0,88.0,0.0,0.0,
1995-07-17,89.0,89.0,88.0,89.0,0.0,24000.0,
1995-07-18,88.5,87.0,88.0,88.5,0.0,39270.0,
1995-07-19,88.0,87.0,87.5,88.0,0.0,39794.0,
1995-07-20,88.0,87.0,87.5,87.0,0.0,80590.0,
1995-07-21,88.0,88.0,87.5,88.0,0.0,4000.0,
1995-07-24,88.0,88.0,88.0,88.0,0.0,5000.0,
1995-07-25,88.5,88.5,89.0,88.5,0.0,3000.0,
1995-07-26,89.5,89.0,89.0,89.0,0.0,7541.0,
1995-07-27,89.5,89.0,89.0,89.0,0.0,30500.0,
1995-07-28,90.0,90.0,89.0,90.0,0.0,7000.0,
1995-07-31,89.5,87.5,89.0,87.5,0.0,43500.0,
1995-08-01,90.0,89.0,88.0,89.0,0.0,255500.0,
1995-08-02,91.0,88.5,90.0,89.0,0.0,64245.0,
1995-08-03,89.0,89.0,89.0,89.0,0.0,1.0,
1995-08-04,90.0,88.0,89.0,88.0,0.0,14000.0,
1995-08-07,91.0,89.0,90.0,91.0,0.0,6300.0,
1995-08-08,91.0,90.5,90.0,90.5,0.0,14300.0,
1995-08-09,89.5,88.5,89.5,89.5,0.0,16881.0,
1995-08-10,89.5,89.5,89.5,89.5,0.0,0.0,
1995-08-11,89.5,89.5,89.5,89.5,0.0,0.0,
1995-08-14,89.0,88.5,89.5,88.5,0.0,12000.0,
1995-08-15,90.0,90.0,89.5,90.0,0.0,34500.0,
1995-08-16,89.75,89.5,89.5,89.5,0.0,19200.0,
1995-08-17,90.0,89.0,89.5,90.0,0.0,44200.0,
1995-08-18,90.0,90.0,89.5,90.0,0.0,5500.0,
1995-08-21,89.5,89.5,89.5,89.5,0.0,0.0,
1995-08-22,90.0,90.0,89.5,90.0,0.0,35666.0,
1995-08-23,90.0,89.0,90.5,89.0,0.0,416830.0,
1995-08-24,89.5,89.5,90.0,89.5,0.0,7000.0,
1995-08-25,90.5,89.5,90.0,90.25,0.0,13250.0,
1995-08-28,90.0,90.0,90.0,90.0,0.0,0.0,
1995-08-29,90.5,90.25,90.5,90.25,0.0,57500.0,
1995-08-30,91.0,89.5,90.5,89.5,0.0,21560.0,
1995-08-31,89.75,89.75,89.75,89.75,0.0,1.0,
1995-09-01,90.0,89.5,89.75,90.0,0.0,1037880.0,
1995-09-04,90.0,89.5,89.75,90.0,0.0,40830.0,
1995-09-05,90.0,89.5,89.75,90.0,0.0,22100.0,
1995-09-06,90.0,89.5,89.75,90.0,0.0,12340.0,
1995-09-07,90.5,89.5,89.75,89.5,0.0,222000.0,
1995-09-08,90.0,89.75,90.0,90.0,0.0,216550.0,
1995-09-11,90.0,89.5,90.0,89.5,0.0,25000.0,
1995-09-12,90.0,89.5,89.5,90.0,0.0,86200.0,
1995-09-13,90.0,89.0,89.5,89.75,0.0,25500.0,
1995-09-14,90.0,89.0,89.5,90.0,0.0,14500.0,
1995-09-15,90.0,89.0,89.5,90.0,0.0,132000.0,
1995-09-18,89.5,89.5,89.5,89.5,0.0,11200.0,
1995-09-19,90.0,89.0,89.5,90.0,0.0,35000.0,
1995-09-20,89.5,89.5,89.5,89.5,0.0,30.0,
1995-09-21,89.0,88.5,88.0,89.0,0.0,213000.0,
1995-09-22,88.0,87.5,86.0,88.0,0.0,10100.0,
1995-09-25,87.0,85.0,86.0,87.0,0.0,39000.0,
1995-09-26,87.0,85.0,86.0,85.0,0.0,40700.0,
1995-09-27,86.5,85.0,85.5,86.5,0.0,19616.0,
1995-09-28,86.0,85.0,85.5,85.75,0.0,18000.0,
1995-09-29,85.5,85.5,85.5,85.5,0.0,0.0,
1995-10-02,85.5,85.5,85.5,85.5,0.0,0.0,
1995-10-03,85.0,83.0,83.5,85.0,0.0,256600.0,
1995-10-04,84.5,82.5,83.5,84.0,0.0,73510.0,
1995-10-05,84.0,84.0,83.5,84.0,0.0,5850.0,
1995-10-06,83.5,83.5,83.5,83.5,0.0,0.0,
1995-10-09,84.0,82.0,83.0,82.0,0.0,442000.0,
1995-10-10,80.5,80.5,82.0,80.5,0.0,18000.0,
1995-10-11,82.0,82.0,81.5,82.0,0.0,15232.0,
1995-10-12,81.0,81.0,81.5,81.0,0.0,68000.0,
1995-10-13,82.0,82.0,82.0,82.0,0.0,1.0,
1995-10-16,81.0,81.0,81.5,81.0,0.0,5000.0,
1995-10-17,82.0,81.0,81.5,81.0,0.0,220020.0,
1995-10-18,82.0,81.0,81.5,82.0,0.0,6470.0,
1995-10-19,81.75,81.0,81.5,81.0,0.0,23100.0,
1995-10-20,81.5,81.5,81.5,81.5,0.0,13300.0,
1995-10-23,81.0,80.5,80.5,81.0,0.0,6000.0,
1995-10-24,81.0,79.0,80.0,81.0,0.0,6056.0,
1995-10-25,80.5,80.5,80.0,80.5,0.0,1160.0,
1995-10-26,79.0,78.0,78.5,78.0,0.0,34398.0,
1995-10-27,76.0,75.5,75.75,76.0,0.0,58600.0,
1995-10-30,76.5,76.5,77.0,76.5,0.0,1000.0,
1995-10-31,78.0,78.0,78.0,78.0,0.0,6500.0,
1995-11-01,77.0,76.5,77.0,77.0,0.0,13200.0,
1995-11-02,77.0,77.0,77.0,77.0,0.0,0.0,
1995-11-03,76.5,76.5,76.5,76.5,0.0,1.0,
1995-11-06,77.0,75.5,76.0,76.0,0.0,30800.0,
1995-11-07,75.0,75.0,75.0,75.0,0.0,1.0,
1995-11-08,74.75,74.5,74.5,74.5,0.0,27523.0,
1995-11-09,74.0,74.0,74.0,74.0,0.0,4000.0,
1995-11-10,74.5,74.5,74.0,74.5,0.0,2013.0,
1995-11-13,74.0,73.0,73.5,74.0,0.0,122350.0,
1995-11-14,73.5,73.5,73.5,73.5,0.0,0.0,
1995-11-15,73.5,73.5,73.75,73.5,0.0,42168.0,
1995-11-16,74.0,73.5,75.5,73.5,0.0,15850.0,
1995-11-17,76.0,76.0,76.25,76.0,0.0,11000.0,
1995-11-20,77.5,76.75,77.0,77.0,0.0,25500.0,
1995-11-21,77.5,77.0,77.5,77.5,0.0,36000.0,
1995-11-22,78.5,78.0,79.0,78.5,0.0,17350.0,
1995-11-23,78.25,78.25,79.0,78.25,0.0,2500.0,
1995-11-24,79.0,79.0,79.0,79.0,0.0,10000.0,
1995-11-27,78.5,78.0,79.0,78.0,0.0,21000.0,
1995-11-28,78.0,78.0,79.0,78.0,0.0,2000.0,
1995-11-29,78.75,78.5,79.0,78.75,0.0,30000.0,
1995-11-30,79.0,79.0,80.0,79.0,0.0,11000.0,
1995-12-01,80.0,80.0,80.0,80.0,0.0,0.0,
1995-12-04,79.5,79.5,80.0,79.5,0.0,6000.0,
1995-12-05,81.0,79.0,80.0,81.0,0.0,59253.0,
1995-12-06,80.75,79.5,80.0,80.5,0.0,36040.0,
1995-12-07,79.0,79.0,80.0,79.0,0.0,1000.0,
1995-12-08,81.0,79.0,80.0,79.0,0.0,10860.0,
1995-12-11,80.5,79.5,80.5,80.5,0.0,25000.0,
1995-12-12,82.0,80.0,81.0,80.0,0.0,6400.0,
1995-12-13,81.0,80.5,81.0,81.0,0.0,6340.0,
1995-12-14,80.5,80.5,81.0,80.5,0.0,25000.0,
1995-12-15,79.5,79.5,80.5,79.5,0.0,15000.0,
1995-12-18,81.5,79.5,80.5,81.0,0.0,23100.0,
1995-12-19,80.0,79.5,80.5,79.5,0.0,9500.0,
1995-12-20,81.5,80.0,81.0,80.5,0.0,275916.0,
1995-12-21,81.0,80.0469,81.5,80.0469,0.0,280000.0,
1995-12-22,83.0,81.0,82.0,81.0,0.0,5200.0,
1995-12-25,82.0,82.0,82.0,82.0,0.0,0.0,
1995-12-26,82.0,82.0,82.0,82.0,0.0,0.0,
1995-12-27,81.5,81.5,82.0,81.5,0.0,12000.0,
1995-12-28,81.0,81.0,82.0,81.0,0.0,16000.0,
1995-12-29,82.0,82.0,82.0,82.0,0.0,0.0,
1996-01-01,82.0,82.0,82.0,82.0,0.0,0.0,
1996-01-02,82.75,81.0,82.0,82.5,0.0,24000.0,
1996-01-03,84.25,82.5,84.5,84.0,0.0,27415.0,
1996-01-04,86.0,85.0,85.5,86.0,0.0,43000.0,
1996-01-05,86.0,85.0,85.5,86.0,0.0,13350.0,
1996-01-08,88.0,87.0,87.0,87.0,0.0,510000.0,
1996-01-09,88.5,88.0,88.0,88.0,0.0,106277.0,
1996-01-10,88.0,86.0,87.0,88.0,0.0,6125.0,
1996-01-11,87.5,86.0,87.5,86.0,0.0,4000.0,
1996-01-12,88.5,88.5,88.5,88.5,0.0,24.0,
1996-01-15,88.5,87.5,88.0,88.5,0.0,7275.0,
1996-01-16,89.0,89.0,88.5,89.0,0.0,11000.0,
1996-01-17,89.25,89.25,89.0,89.25,0.0,17700.0,
1996-01-18,90.0,88.5,89.5,89.5,0.0,27500.0,
1996-01-19,90.0,89.5,89.5,89.5,0.0,10973.0,
1996-01-22,91.5,91.5,91.0,91.5,0.0,7001.0,
1996-01-23,91.5,90.0,91.0,91.0,0.0,38500.0,
1996-01-24,92.5,91.0,92.5,91.5,0.0,20031.0,
1996-01-25,103.5,93.0,93.0,93.0,0.0,198700.0,
1996-01-26,93.5,93.0,92.5,93.5,0.0,26750.0,
1996-01-29,93.5,91.75,92.5,91.75,0.0,3010.0,
1996-01-30,93.5,93.0,92.5,93.0,0.0,35500.0,
1996-01-31,94.0,92.0,93.0,92.5,0.0,273028.0,
1996-02-01,94.25,94.0,93.5,94.0,0.0,14704.0,
1996-02-02,95.0,93.5,94.5,94.5,0.0,29386.0,
1996-02-05,96.0,93.5,94.5,95.0,0.0,131052.0,
1996-02-06,94.5,94.0,94.0,94.5,0.0,20050.0,
1996-02-07,94.0,94.0,94.0,94.0,0.0,7000.0,
1996-02-08,94.0,94.0,94.0,94.0,0.0,7500.0,
1996-02-09,94.25,93.0,94.0,93.0,0.0,34000.0,
1996-02-12,94.5,93.5,94.0,94.5,0.0,50500.0,
1996-02-13,94.5,94.0,94.0,94.5,0.0,33300.0,
1996-02-14,95.0,94.5,94.5,94.5,0.0,56500.0,
1996-02-15,95.0,94.0,94.5,94.0,0.0,21000.0,
1996-02-16,95.0,93.0,93.5,95.0,0.0,253000.0,
1996-02-19,94.0,92.5,93.0,92.5,0.0,68765.0,
1996-02-20,92.5,92.5,93.0,92.5,0.0,13775.0,
1996-02-21,93.0,91.75,92.5,93.0,0.0,25700.0,
1996-02-22,92.5,92.5,93.0,92.5,0.0,25000.0,
1996-02-23,93.5,93.5,93.5,93.5,0.0,11000.0,
1996-02-26,93.25,93.0,93.0,93.0,0.0,64950.0,
1996-02-27,92.0,92.0,93.0,92.0,0.0,2500.0,
1996-02-28,94.0,92.5,93.0,93.5,0.0,14063.0,
1996-02-29,93.0,93.0,93.0,93.0,0.0,0.0,
1996-03-01,94.5,94.0,93.5,94.0,0.0,128046.0,
1996-03-04,93.5,93.5,94.0,93.5,0.0,10000.0,
1996-03-05,94.5,94.5,94.0,94.5,0.0,37500.0,
1996-03-06,95.0,94.0,94.5,95.0,0.0,8540.0,
1996-03-07,95.0,93.5,93.5,95.0,0.0,5400.0,
1996-03-08,95.0,93.5,93.5,93.5,0.0,43076.0,
1996-03-11,92.0,91.0,93.0,91.5,0.0,41520.0,
1996-03-12,94.0,93.5,93.75,94.0,0.0,17461.0,
1996-03-13,93.25,92.5,93.0,93.25,0.0,1020847.0,
1996-03-14,94.0,92.5,93.5,94.0,0.0,854000.0,
1996-03-15,93.0,93.0,93.0,93.0,0.0,13500.0,
1996-03-18,94.0,93.0,94.0,93.75,0.0,329750.0,
1996-03-19,94.5,94.0,94.0,94.5,0.0,45000.0,
1996-03-20,94.5,93.0,94.0,93.5,0.0,19000.0,
1996-03-21,94.0,93.5,94.0,94.0,0.0,559000.0,
1996-03-22,94.0,93.0,93.5,93.0,0.0,47906.0,
1996-03-25,94.0,92.5,93.5,94.0,0.0,59200.0,
1996-03-26,93.5,92.0,93.5,92.5,0.0,62075.0,
1996-03-27,94.0,92.5,93.5,92.75,0.0,82000.0,
1996-03-28,93.5,92.5,92.5,93.5,0.0,30250.0,
1996-03-29,92.0,91.0,91.5,92.0,0.0,35000.0,
1996-04-01,91.5,91.5,91.5,91.5,0.0,13000.0,
1996-04-02,92.0,91.0,91.5,91.5,0.0,53300.0,
1996-04-03,92.0,92.0,91.75,92.0,0.0,1118.0,
1996-04-04,92.5,92.0,92.5,92.0,0.0,2735.0,
1996-04-05,92.5,92.5,92.5,92.5,0.0,0.0,
1996-04-08,92.5,92.5,92.5,92.5,0.0,0.0,
1996-04-09,93.0,91.5,92.0,92.0,0.0,506638.0,
1996-04-10,92.0,91.0,91.5,92.0,0.0,9335.0,
1996-04-11,92.0,91.2,92.0,92.0,0.0,42000.0,
1996-04-12,92.0,91.45,91.5,92.0,0.0,112000.0,
1996-04-15,92.0,90.5,91.0,91.0,0.0,238500.0,
1996-04-16,91.0,90.25,91.0,91.0,0.0,41750.0,
1996-04-17,92.0,91.0,91.5,91.0,0.0,1380555.0,
1996-04-18,92.0,91.0,92.25,91.75,0.0,347300.0,
1996-04-19,92.25,92.25,92.25,92.25,0.0,0.0,
1996-04-22,93.5,92.0,93.0,92.5,0.0,21531.0,
1996-04-23,94.0,92.5,93.5,93.5,0.0,31700.0,
1996-04-24,94.0,93.0,93.5,93.0,0.0,53818.0,
1996-04-25,93.5,93.0,93.5,93.5,0.0,4720.0,
1996-04-26,94.0,93.0,94.0,94.0,0.0,38000.0,
1996-04-29,95.0,92.5,94.0,95.0,0.0,260806.0,
1996-04-30,95.0,93.45,94.0,95.0,0.0,82918.0,
1996-05-01,94.0,93.0,94.0,93.5,0.0,12775.0,
1996-05-02,93.0,93.0,94.0,93.0,0.0,3300.0,
1996-05-03,93.0,93.0,93.25,93.0,0.0,20020.0,
1996-05-06,93.25,93.25,93.25,93.25,0.0,0.0,
1996-05-07,93.0,92.0,92.5,93.0,0.0,50500.0,
1996-05-08,93.0,92.0,92.5,92.5,0.0,51043.0,
1996-05-09,93.0,92.0,92.5,93.0,0.0,24315.0,
1996-05-10,92.75,91.5,92.5,91.5,0.0,131761.0,
1996-05-13,92.5,92.5,92.5,92.5,0.0,0.0,
1996-05-14,92.5,92.5,93.0,92.5,0.0,203000.0,
1996-05-15,93.5,92.0,93.0,93.0,0.0,168298.0,
1996-05-16,93.0,93.0,93.0,93.0,0.0,65450.0,
1996-05-17,92.5,92.0,93.0,92.0,0.0,311401.0,
1996-05-20,93.0,91.5,93.0,92.0,0.0,183500.0,
1996-05-21,93.5,92.0,92.5,92.0,0.0,23403.0,
1996-05-22,92.25,91.5,92.0,92.0,0.0,28480.0,
1996-05-23,92.5,92.5,92.0,92.5,0.0,1949.0,
1996-05-24,92.5,91.5,92.0,91.5,0.0,23010.0,
1996-05-27,92.0,92.0,92.0,92.0,0.0,0.0,
1996-05-28,92.0,91.5,92.0,92.0,0.0,8000.0,
1996-05-29,92.25,91.5,92.0,92.25,0.0,37700.0,
1996-05-30,91.25,91.25,91.25,91.25,0.0,1.0,
1996-05-31,91.0,90.5,91.25,91.0,0.0,75000.0,
1996-06-03,90.5,89.5,90.0,90.5,0.0,12000.0,
1996-06-04,90.5,89.0,90.0,89.0,0.0,2708.0,
1996-06-05,90.5,89.0,90.0,89.0,0.0,26375.0,
1996-06-06,90.5,90.5,90.0,90.5,0.0,12088.0,
1996-06-07,89.0,88.5,88.75,89.0,0.0,22000.0,
1996-06-10,89.5,88.5,89.0,88.5,0.0,8000.0,
1996-06-11,89.0,88.5,89.0,89.0,0.0,25350.0,
1996-06-12,89.5,88.0,89.0,88.0,0.0,25472.0,
1996-06-13,89.5,88.0,89.0,89.5,0.0,167500.0,
1996-06-14,89.25,88.0,89.0,88.0,0.0,45200.0,
1996-06-17,89.0,88.0,89.0,88.0,0.0,29310.0,
1996-06-18,88.0,88.0,89.0,88.0,0.0,8000.0,
1996-06-19,89.0,88.0,89.0,89.0,0.0,7770.0,
1996-06-20,89.0,89.0,89.0,89.0,0.0,17500.0,
1996-06-21,89.25,88.0,89.0,89.25,0.0,22890.0,
1996-06-24,88.0,88.0,89.0,88.0,0.0,53000.0,
1996-06-25,89.0,89.0,89.0,89.0,0.0,0.0,
1996-06-26,89.0,86.0,89.0,89.0,0.0,211300.0,
1996-06-27,89.0,89.0,88.5,89.0,0.0,8874.0,
1996-06-28,89.0,88.0,88.5,88.0,0.0,14500.0,
1996-07-01,88.5,87.5,88.0,88.0,0.0,44419.0,
1996-07-02,88.5,87.75,88.0,88.5,0.0,15750.0,
1996-07-03,88.0,86.0,87.5,87.5,0.0,24200.0,
1996-07-04,87.5,87.0,87.5,87.0,0.0,23000.0,
1996-07-05,87.0,87.0,87.5,87.0,0.0,22500.0,
1996-07-08,87.0,86.0,86.5,86.0,0.0,21724.0,
1996-07-09,87.0,86.0,87.0,86.0,0.0,11500.0,
1996-07-10,86.75,86.0,86.5,86.75,0.0,159858.0,
1996-07-11,86.5,86.5,86.5,86.5,0.0,0.0,
1996-07-12,87.0,86.0,86.5,86.0,0.0,16500.0,
1996-07-15,86.0,86.0,86.5,86.0,0.0,1500.0,
1996-07-16,84.5,84.0,84.5,84.5,0.0,19438.0,
1996-07-17,84.5,84.0,84.5,84.5,0.0,9163.0,
1996-07-18,85.0,84.0,84.5,84.0,0.0,11856.0,
1996-07-19,85.5,85.5,85.0,85.5,0.0,2334.0,
1996-07-22,84.5,84.5,84.5,84.5,0.0,1.0,
1996-07-23,84.0,84.0,84.5,84.0,0.0,600.0,
1996-07-24,84.0,83.0,83.5,83.25,0.0,7655.0,
1996-07-25,83.5,83.0,83.5,83.0,0.0,24000.0,
1996-07-26,83.5,83.5,83.5,83.5,0.0,0.0,
1996-07-29,83.5,83.5,83.5,83.5,0.0,0.0,
1996-07-30,84.0,83.0,83.5,84.0,0.0,6200.0,
1996-07-31,84.0,83.0,83.5,84.0,0.0,10581.0,
1996-08-01,83.5,83.5,83.5,83.5,0.0,0.0,
1996-08-02,83.75,83.75,83.75,83.75,0.0,1.0,
1996-08-05,83.5,83.5,84.0,83.5,0.0,41000.0,
1996-08-06,84.0,84.0,84.0,84.0,0.0,0.0,
1996-08-07,84.5,83.5,84.0,84.5,0.0,45000.0,
1996-08-08,83.5,82.0,84.0,83.5,0.0,212000.0,
1996-08-09,83.5,82.5,83.0,83.5,0.0,32492.0,
1996-08-12,82.5,82.5,82.5,82.5,0.0,20000.0,
1996-08-13,81.5,81.5,82.5,81.5,0.0,86000.0,
1996-08-14,83.0,82.0,82.25,82.0,0.0,25527.0,
1996-08-15,81.5,81.5,82.0,81.5,0.0,2000.0,
1996-08-16,82.0,81.5,82.0,81.5,0.0,24000.0,
1996-08-19,81.5,81.5,82.0,81.5,0.0,2000.0,
1996-08-20,82.25,81.5,82.0,81.5,0.0,24000.0,
1996-08-21,82.25,81.5,82.0,81.5,0.0,53644.0,
1996-08-22,82.0,82.0,82.0,82.0,0.0,20900.0,
1996-08-23,82.25,81.5,82.0,81.5,0.0,15700.0,
1996-08-26,82.0,82.0,82.0,82.0,0.0,0.0,
1996-08-27,81.5,81.0,81.25,81.5,0.0,24100.0,
1996-08-28,81.75,81.0,81.5,81.0,0.0,27708.0,
1996-08-29,82.0,81.0,81.5,81.5,0.0,55760.0,
1996-08-30,81.75,81.0,81.5,81.0,0.0,16030.0,
1996-09-02,81.0,81.0,81.5,81.0,0.0,6000.0,
1996-09-03,81.5,81.0,81.5,81.5,0.0,9500.0,
1996-09-04,82.0,81.0,82.5,82.0,0.0,707600.0,
1996-09-05,82.75,82.75,82.75,82.75,0.0,1.0,
1996-09-06,82.75,82.75,82.75,82.75,0.0,0.0,
1996-09-09,83.0,82.0,82.75,82.0,0.0,19418.0,
1996-09-10,83.5,83.0,83.75,83.21,0.0,175000.0,
1996-09-11,84.0,82.96,83.0,83.0,0.0,54210.0,
1996-09-12,82.75,82.5,83.0,82.5,0.0,17900.0,
1996-09-13,82.5,82.5,83.0,82.5,0.0,2000.0,
1996-09-16,90.0,82.5,83.25,83.5,0.0,190618.0,
1996-09-17,84.0,82.5,83.25,83.0,0.0,168500.0,
1996-09-18,83.25,82.0,82.0,83.25,0.0,246530.0,
1996-09-19,82.5,81.5,82.0,82.5,0.0,4900.0,
1996-09-20,82.0,82.0,82.0,82.0,0.0,0.0,
1996-09-23,82.5,81.0,81.5,82.5,0.0,20050.0,
1996-09-24,81.0,80.5,81.25,81.0,0.0,40000.0,
1996-09-25,81.5,80.5,81.25,81.0,0.0,11065.0,
1996-09-26,80.5,80.5,81.0,80.5,0.0,173000.0,
1996-09-27,81.0,81.0,81.0,81.0,0.0,0.0,
1996-09-30,80.75,80.5,81.0,80.5,0.0,22000.0,
1996-10-01,80.5,80.5,81.0,80.5,0.0,30000.0,
1996-10-02,82.5,80.5,82.0,81.0,0.0,614425.0,
1996-10-03,83.5,81.5,83.25,81.5,0.0,100000.0,
1996-10-04,83.0,83.0,83.5,83.0,0.0,147000.0,
1996-10-07,83.5,83.5,83.5,83.5,0.0,4068.0,
1996-10-08,83.5,82.5,83.0,82.5,0.0,77763.0,
1996-10-09,83.0,82.0,82.75,82.75,0.0,31019.0,
1996-10-10,82.0,81.5,81.75,82.0,0.0,12250.0,
1996-10-11,82.0,81.5,81.75,82.0,0.0,52775.0,
1996-10-14,81.5,81.5,81.75,81.5,0.0,4000.0,
1996-10-15,81.75,81.5,81.75,81.75,0.0,7000.0,
1996-10-16,81.5,81.0,81.5,81.5,0.0,23530.0,
1996-10-17,81.25,80.5,81.0,81.0,0.0,27150.0,
1996-10-18,80.71,80.5,81.25,80.5,0.0,53000.0,
1996-10-21,82.0,82.0,81.5,82.0,0.0,3900.0,
1996-10-22,82.0,80.0,80.0,82.0,0.0,226700.0,
1996-10-23,79.5,77.0,77.75,79.5,0.0,126500.0,
1996-10-24,77.0,76.5,77.25,77.0,0.0,19300.0,
1996-10-25,77.5,76.5,77.25,76.5,0.0,511643.0,
1996-10-28,77.0,77.0,77.5,77.0,0.0,27000.0,
1996-10-29,77.25,77.0,77.5,77.25,0.0,12500.0,
1996-10-30,77.75,77.0,77.5,77.75,0.0,17164.0,
1996-10-31,76.75,76.5,77.25,76.5,0.0,19000.0,
1996-11-01,77.0,76.5,76.75,77.0,0.0,44330.0,
1996-11-04,76.5,76.5,76.75,76.5,0.0,1500.0,
1996-11-05,76.5,76.5,76.5,76.5,0.0,60000.0,
1996-11-06,77.0,76.5,76.75,77.0,0.0,63500.0,
1996-11-07,76.75,76.5,77.0,76.75,0.0,13000.0,
1996-11-08,77.0,76.5,77.0,76.5,0.0,16000.0,
1996-11-11,76.5,76.5,77.0,76.5,0.0,20000.0,
1996-11-12,76.5,76.0,76.25,76.5,0.0,54500.0,
1996-11-13,76.0,74.5,75.75,76.0,0.0,658300.0,
1996-11-14,74.0,73.5,74.25,73.5,0.0,63000.0,
1996-11-15,73.625,71.5,71.75,73.0,0.0,63000.0,
1996-11-18,71.5,71.0,71.0,71.5,0.0,43893.0,
1996-11-19,70.5,70.5,71.25,70.5,0.0,5700.0,
1996-11-20,71.5,71.0,71.25,71.5,0.0,18022.0,
1996-11-21,73.0,72.0,72.5,72.0,0.0,164000.0,
1996-11-22,72.5,72.0,72.5,72.5,0.0,16500.0,
1996-11-25,72.0,67.0,72.0,72.0,0.0,1626000.0,
1996-11-26,72.0625,67.067,71.5,72.0625,0.0,1943050.0,
1996-11-27,72.0,69.0,71.5,71.25,0.0,9838652.0,
1996-11-28,70.0,69.0,69.75,69.5,0.0,11274778.0,
1996-11-29,72.0,69.625,71.0,69.625,0.0,315500.0,
1996-12-02,70.25,70.0,70.5,70.0,0.0,12000.0,
1996-12-03,70.75,70.75,70.5,70.75,0.0,200000.0,
1996-12-04,72.0,71.0,72.25,71.5,0.0,362587.0,
1996-12-05,72.5,72.0,72.25,72.5,0.0,234207.0,
1996-12-06,70.5,70.0,71.25,70.0,0.0,102000.0,
1996-12-09,71.5,71.0,71.25,71.5,0.0,38000.0,
1996-12-10,72.5,71.96,72.0,72.5,0.0,134100.0,
1996-12-11,72.0,71.5,71.75,71.5,0.0,216615.0,
1996-12-12,72.0,72.0,71.75,72.0,0.0,7000.0,
1996-12-13,71.0,71.0,71.0,71.0,0.0,1.0,
1996-12-16,71.5,71.0,71.0,71.0,0.0,29120.0,
1996-12-17,71.5,70.5,71.25,71.0,0.0,396500.0,
1996-12-18,71.75,71.75,71.5,71.75,0.0,1250.0,
1996-12-19,72.0,72.0,71.5,72.0,0.0,150000.0,
1996-12-20,71.5,71.5,71.5,71.5,0.0,0.0,
1996-12-23,72.5,71.5,72.0,71.5,0.0,63607.0,
1996-12-24,72.0,71.5781,72.0,71.5781,0.0,39500.0,
1996-12-25,72.0,72.0,72.0,72.0,0.0,0.0,
1996-12-26,72.0,72.0,72.0,72.0,0.0,0.0,
1996-12-27,72.5,72.5,72.25,72.5,0.0,4860.0,
1996-12-30,72.5,71.5,72.25,71.5,0.0,113140.0,
1996-12-31,72.0,71.5,72.25,72.0,0.0,6000.0,
1997-01-01,72.25,72.25,72.25,72.25,0.0,0.0,
1997-01-02,72.0,71.5,71.5,72.0,0.0,30829.0,
1997-01-03,71.0,70.5,71.5,71.0,0.0,8569.0,
1997-01-06,72.5,71.5,72.25,72.5,0.0,20500.0,
1997-01-07,73.25,72.0,73.0,72.0,0.0,523800.0,
1997-01-08,75.0,73.25,74.5,73.25,0.0,634800.0,
1997-01-09,75.0,74.0,74.5,75.0,0.0,176950.0,
1997-01-10,75.675,74.125,75.5,74.125,0.0,856500.0,
1997-01-13,77.0,76.0,76.5,77.0,0.0,177500.0,
1997-01-14,77.625,76.5,78.0,76.5,0.0,524952.0,
1997-01-15,79.5,77.75,79.0,77.75,0.0,549270.0,
1997-01-16,81.0,78.5,80.0,78.75,0.0,786250.0,
1997-01-17,80.0,80.0,80.25,80.0,0.0,2000.0,
1997-01-20,80.5,80.0,80.25,80.0,0.0,275000.0,
1997-01-21,80.5,80.5,80.25,80.5,0.0,500000.0,
1997-01-22,81.0,80.5,80.75,81.0,0.0,338850.0,
1997-01-23,82.5,82.0,82.5,82.0,0.0,287500.0,
1997-01-24,82.0,82.0,82.25,82.0,0.0,1000.0,
1997-01-27,81.5,81.5,82.25,81.5,0.0,12085.0,
1997-01-28,83.75,81.5,83.5,81.96,0.0,978000.0,
1997-01-29,85.0,83.0,83.5,83.25,0.0,9383.0,
1997-01-30,87.0,83.0,84.0,83.0,0.0,69000.0,
1997-01-31,85.0,84.5,84.5,84.5,0.0,53500.0,
1997-02-03,84.5,83.5,84.25,83.5,0.0,679000.0,
1997-02-04,85.0,84.0,84.5,85.0,0.0,210560.0,
1997-02-05,84.75,84.0,84.5,84.0,0.0,96587.0,
1997-02-06,87.0,83.5,84.0,84.5,0.0,128889.0,
1997-02-07,83.75,83.5,83.75,83.5,0.0,52500.0,
1997-02-10,84.0,83.5,83.75,83.5,0.0,49000.0,
1997-02-11,83.5,83.5,83.75,83.5,0.0,74750.0,
1997-02-12,84.0,83.5,83.75,83.5,0.0,10137.0,
1997-02-13,84.0,83.5,83.75,83.5,0.0,171157.0,
1997-02-14,84.0,83.75,83.75,84.0,0.0,400000.0,
1997-02-17,84.0,83.5,84.0,83.5,0.0,43270.0,
1997-02-18,85.0,84.0,84.5,84.0,0.0,993000.0,
1997-02-19,85.0,84.0,84.5,84.75,0.0,324680.0,
1997-02-20,86.0,84.0625,85.5,84.0625,0.0,3433898.0,
1997-02-21,85.5,84.75,85.0,85.5,0.0,257000.0,
1997-02-24,85.5,84.5,84.75,84.5,0.0,70650.0,
1997-02-25,84.5,84.5,84.75,84.5,0.0,29101.0,
1997-02-26,85.0,84.5,84.75,84.5,0.0,337750.0,
1997-02-27,85.5,84.0,84.5,85.0,0.0,765756.0,
1997-02-28,84.0,83.0,83.5,84.0,0.0,330268.0,
1997-03-03,83.5,83.0,83.5,83.0,0.0,17920.0,
1997-03-04,84.0,83.0,83.5,83.0,0.0,8720.0,
1997-03-05,84.0,83.0,83.5,84.0,0.0,247249.0,
1997-03-06,84.0,81.5,83.0,83.5,0.0,3068000.0,
1997-03-07,83.25,82.5,83.0,82.5,0.0,618604.0,
1997-03-10,83.5,82.5,83.0,83.5,0.0,3978.0,
1997-03-11,84.0,83.0,83.5,83.0,0.0,28000.0,
1997-03-12,83.5,83.5,83.5,83.5,0.0,283000.0,
1997-03-13,83.0,82.0,82.5,83.0,0.0,40000.0,
1997-03-14,82.0,81.71,82.5,81.71,0.0,100000.0,
1997-03-17,83.0,82.0,82.5,83.0,0.0,151333.0,
1997-03-18,82.75,82.0,82.5,82.25,0.0,41725.0,
1997-03-19,83.25,82.25,82.5,82.75,0.0,23678.0,
1997-03-20,81.625,81.5,81.75,81.5,0.0,204000.0,
1997-03-21,82.0,81.5,82.25,81.5,0.0,16400.0,
1997-03-24,82.5,81.5,82.25,82.0,0.0,68903.0,
1997-03-25,82.5,81.5,82.25,81.5,0.0,105150.0,
1997-03-26,82.75,81.0,82.25,81.75,0.0,228583.0,
1997-03-27,83.0,81.5313,82.5,81.5313,0.0,224150.0,
1997-03-28,82.5,82.5,82.5,82.5,0.0,0.0,
1997-03-31,82.5,82.5,82.5,82.5,0.0,0.0,
1997-04-01,80.0,80.0,80.25,80.0,0.0,17500.0,
1997-04-02,80.5,80.0,80.5,80.25,0.0,17000.0,
1997-04-03,79.5,79.5,80.0,79.5,0.0,10000.0,
1997-04-04,80.5,80.5,80.0,80.5,0.0,200000.0,
1997-04-07,79.5,79.5,80.0,79.5,0.0,25500.0,
1997-04-08,80.0,79.5,80.25,80.0,0.0,229000.0,
1997-04-09,81.0,80.0,80.5,81.0,0.0,9905.0,
1997-04-10,80.75,80.0,80.5,80.0,0.0,129000.0,
1997-04-11,80.0,80.0,80.5,80.0,0.0,11000.0,
1997-04-14,80.0,79.5,80.0,80.0,0.0,9771.0,
1997-04-15,80.0,80.0,80.0,80.0,0.0,0.0,
1997-04-16,80.5,79.5,80.0,80.25,0.0,38116.0,
1997-04-17,80.0,79.5,80.0,80.0,0.0,142800.0,
1997-04-18,79.5,79.5,80.0,79.5,0.0,6000.0,
1997-04-21,79.5,79.5,80.0,79.5,0.0,21500.0,
1997-04-22,79.75,79.5,80.0,79.75,0.0,100867.0,
1997-04-23,80.5,79.5,80.0,80.5,0.0,11563.0,
1997-04-24,81.5,80.75,81.5,80.75,0.0,287000.0,
1997-04-25,81.0,81.0,81.5,81.0,0.0,27000.0,
1997-04-28,81.25,81.0,81.5,81.0,0.0,36300.0,
1997-04-29,81.5,81.5,81.5,81.5,0.0,0.0,
1997-04-30,81.5,81.0,81.5,81.5,0.0,30860.0,
1997-05-01,81.0,81.0,81.5,81.0,0.0,22500.0,
1997-05-02,81.5,81.5,81.75,81.5,0.0,6000.0,
1997-05-05,81.75,81.75,81.75,81.75,0.0,0.0,
1997-05-06,83.0,82.5,82.5,83.0,0.0,56000.0,
1997-05-07,83.0,82.0,82.5,83.0,0.0,3900.0,
1997-05-08,82.25,82.25,82.5,82.25,0.0,2000.0,
1997-05-09,82.25,82.0,82.5,82.0,0.0,23550.0,
1997-05-12,83.5,82.5,83.5,82.75,0.0,42167.0,
1997-05-13,83.25,83.0,83.5,83.25,0.0,3800.0,
1997-05-14,83.25,83.0,83.5,83.25,0.0,15382.0,
1997-05-15,82.25,82.25,82.25,82.25,0.0,1.0,
1997-05-16,82.5,82.5,82.25,82.5,0.0,11270.0,
1997-05-19,81.5,81.5,82.25,81.5,0.0,13200.0,
1997-05-20,82.25,82.25,82.5,82.25,0.0,5000.0,
1997-05-21,81.75,81.5,82.0,81.5,0.0,28692.0,
1997-05-22,81.75,81.5,82.0,81.5,0.0,46700.0,
1997-05-23,81.875,81.5,82.25,81.5,0.0,269500.0,
1997-05-26,82.25,82.25,82.25,82.25,0.0,0.0,
1997-05-27,82.0,82.0,82.25,82.0,0.0,22500.0,
1997-05-28,83.0,82.5,82.75,83.0,0.0,5420.0,
1997-05-29,82.5,82.5,83.0,82.5,0.0,12500.0,
1997-05-30,83.25,83.25,83.25,83.25,0.0,1.0,
1997-06-02,83.0,83.0,83.5,83.0,0.0,54500.0,
1997-06-03,83.0,83.0,83.25,83.0,0.0,77097.0,
1997-06-04,83.5,83.0,83.25,83.5,0.0,23756.0,
1997-06-05,83.21,83.0,83.25,83.0,0.0,39000.0,
1997-06-06,83.0,83.0,83.25,83.0,0.0,4820.0,
1997-06-09,83.5,83.0,83.5,83.25,0.0,265500.0,
1997-06-10,83.75,83.5,83.75,83.5,0.0,291500.0,
1997-06-11,84.0,83.5,83.75,84.0,0.0,4970.0,
1997-06-12,83.5,83.5,83.75,83.5,0.0,63950.0,
1997-06-13,83.75,83.5,84.0,83.71,0.0,55400.0,
1997-06-16,84.25,83.5,84.0,83.75,0.0,133800.0,
1997-06-17,84.0,83.5,84.25,83.71,0.0,461437.0,
1997-06-18,84.0,83.5,84.0,83.75,0.0,25000.0,
1997-06-19,83.5,83.5,84.0,83.5,0.0,10410.0,
1997-06-20,84.5,84.5,84.75,84.5,0.0,1000.0,
1997-06-23,84.5,84.0,84.5,84.5,0.0,53000.0,
1997-06-24,83.0,83.0,84.5,83.0,0.0,1000.0,
1997-06-25,83.75,83.5,84.0,83.75,0.0,78121.0,
1997-06-26,84.5,83.5,84.0,84.5,0.0,2600.0,
1997-06-27,84.5,83.5,84.0,83.5,0.0,118460.0,
1997-06-30,83.75,83.5,84.0,83.5,0.0,32700.0,
1997-07-01,83.5,83.5,83.75,83.5,0.0,12000.0,
1997-07-02,84.0,83.6944,83.75,83.71,0.0,1100000.0,
1997-07-03,84.25,84.25,84.25,84.25,0.0,1.0,
1997-07-04,84.0,83.75,84.0,83.75,0.0,7500.0,
1997-07-07,84.5,83.5,84.0,84.5,0.0,4000.0,
1997-07-08,84.0,83.5,84.0,83.5,0.0,11000.0,
1997-07-09,84.25,83.0,84.0,84.25,0.0,362790.0,
1997-07-10,83.5,83.0,83.75,83.5,0.0,82000.0,
1997-07-11,83.25,83.0,83.75,83.0,0.0,10900.0,
1997-07-14,83.5,83.0,83.5,83.5,0.0,13000.0,
1997-07-15,82.75,82.0,81.5,82.75,0.0,215000.0,
1997-07-16,82.0,81.0,82.75,82.0,0.0,119146.0,
1997-07-17,84.0,83.0,84.5,83.75,0.0,638460.0,
1997-07-18,84.0,83.0,83.5,83.0,0.0,579722.0,
1997-07-21,83.5,83.0,83.25,83.0,0.0,9300.0,
1997-07-22,83.0,82.5,83.25,83.0,0.0,107640.0,
1997-07-23,84.0,83.0,83.25,84.0,0.0,11683.0,
1997-07-24,82.75,82.5,83.25,82.5,0.0,34085.0,
1997-07-25,82.75,82.75,83.0,82.75,0.0,150000.0,
1997-07-28,83.5,82.75,83.25,82.75,0.0,66900.0,
1997-07-29,83.5,83.5,84.0,83.5,0.0,87000.0,
1997-07-30,84.5,83.5,84.25,83.5,0.0,405184.0,
1997-07-31,85.5,84.5,85.0,85.0,0.0,36000.0,
1997-08-01,84.5,84.0,84.75,84.5,0.0,10000.0,
1997-08-04,83.5,83.5,83.5,83.5,0.0,1.0,
1997-08-05,83.25,83.0,83.75,83.0,0.0,41000.0,
1997-08-06,84.5,83.5,84.0,84.5,0.0,344589.0,
1997-08-07,85.5,85.5,86.0,85.5,0.0,25000.0,
1997-08-08,88.5,86.5,87.75,86.5,0.0,28500.0,
1997-08-11,87.5,86.0,86.75,87.5,0.0,121622.0,
1997-08-12,86.25,86.0,86.75,86.0,0.0,448000.0,
1997-08-13,87.0,86.0,86.75,86.0,0.0,225527.0,
1997-08-14,87.0,87.0,86.75,87.0,0.0,6000.0,
1997-08-15,87.0,86.0,86.5,86.0,0.0,1924.0,
1997-08-18,84.25,84.0,84.5,84.0,0.0,49500.0,
1997-08-19,84.0,84.0,84.5,84.0,0.0,15850.0,
1997-08-20,85.75,84.5,85.5,85.5,0.0,144192.0,
1997-08-21,86.0,85.0,85.5,85.5,0.0,112000.0,
1997-08-22,84.25,84.25,84.25,84.25,0.0,1.0,
1997-08-25,84.25,84.25,84.25,84.25,0.0,0.0,
1997-08-26,83.5,83.5,83.75,83.5,0.0,9500.0,
1997-08-27,84.0,83.5,83.75,84.0,0.0,5132.0,
1997-08-28,82.0,82.0,82.0,82.0,0.0,22000.0,
1997-08-29,80.5,80.0,79.25,80.5,0.0,18100.0,
1997-09-01,77.0,76.0,77.5,76.0,0.0,17700.0,
1997-09-02,79.5,78.0,79.0,78.0,0.0,29500.0,
1997-09-03,81.5,80.5,80.5,81.5,0.0,36608.0,
1997-09-04,80.0,80.0,80.5,80.0,0.0,2000.0,
1997-09-05,80.75,80.75,81.5,80.75,0.0,300.0,
1997-09-08,82.0,81.5,82.5,81.5,0.0,105500.0,
1997-09-09,83.0,83.0,83.0,83.0,0.0,1.0,
1997-09-10,82.0,82.0,82.25,82.0,0.0,10596.0,
1997-09-11,81.0,80.0,80.25,81.0,0.0,424121.0,
1997-09-12,80.5,80.0,81.5,80.0,0.0,122000.0,
1997-09-15,82.0,81.0,81.5,81.0,0.0,308100.0,
1997-09-16,82.0,81.0,82.0,81.0,0.0,40000.0,
1997-09-17,83.0,82.5,83.5,83.0,0.0,127028.0,
1997-09-18,83.5,83.5,84.0,83.5,0.0,188000.0,
1997-09-19,83.5,83.5,83.5,83.5,0.0,5000.0,
1997-09-22,83.0,82.5,83.5,82.5,0.0,21452.0,
1997-09-23,83.25,82.75,83.25,83.25,0.0,263000.0,
1997-09-24,83.5,82.5,83.25,83.0,0.0,41882.0,
1997-09-25,82.5,82.5,83.0,82.5,0.0,20900.0,
1997-09-26,82.5,82.5,82.75,82.5,0.0,60000.0,
1997-09-29,82.5,82.25,82.75,82.5,0.0,159200.0,
1997-09-30,83.0,82.0,82.75,82.0,0.0,5400.0,
1997-10-01,83.0,83.0,83.25,83.0,0.0,114825.0,
1997-10-02,83.21,83.0,83.5,83.0,0.0,57500.0,
1997-10-03,83.5,83.5,83.5,83.5,0.0,0.0,
1997-10-06,83.46,83.0,83.5,83.0,0.0,115000.0,
1997-10-07,83.21,82.71,83.25,83.21,0.0,210000.0,
1997-10-08,83.5,83.0,83.25,83.0,0.0,101259.0,
1997-10-09,83.5,82.5,83.0,83.0,0.0,79800.0,
1997-10-10,83.75,83.0,83.5,83.5,0.0,699500.0,
1997-10-13,83.0,83.0,83.5,83.0,0.0,84000.0,
1997-10-14,83.0,82.5,83.0,83.0,0.0,4000.0,
1997-10-15,82.25,81.0,82.0,82.0,0.0,33622.0,
1997-10-16,81.5,81.0,81.5,81.0,0.0,21750.0,
1997-10-17,82.0,81.25,81.5,81.25,0.0,14540.0,
1997-10-20,79.5,79.0,79.5,79.5,0.0,67552.0,
1997-10-21,78.0,78.0,78.5,78.0,0.0,4657.0,
1997-10-22,78.5,77.5,78.0,78.0,0.0,130346.0,
1997-10-23,75.0,74.0,74.25,74.0,0.0,245342.0,
1997-10-24,73.5,73.0,73.5,73.0,0.0,255000.0,
1997-10-27,70.5,70.0,70.0,70.5,0.0,16000.0,
1997-10-28,61.5,60.0,61.75,60.0,0.0,37500.0,
1997-10-29,67.0,66.0,67.0,67.0,0.0,105552.0,
1997-10-30,67.0,65.5,65.5,67.0,0.0,81200.0,
1997-10-31,65.5,65.5,65.25,65.5,0.0,50000.0,
1997-11-03,67.0,66.0,67.5,66.0,0.0,33000.0,
1997-11-04,67.375,67.0,67.5,67.375,0.0,13000.0,
1997-11-05,69.0,67.5,68.0,68.0,0.0,78491.0,
1997-11-06,67.625,67.5,67.5,67.625,0.0,26500.0,
1997-11-07,63.5,63.5,63.5,63.5,0.0,1.0,
1997-11-10,63.75,63.75,63.75,63.75,0.0,1.0,
1997-11-11,63.0,63.0,63.5,63.0,0.0,7000.0,
1997-11-12,61.5,59.0,60.5,61.0,0.0,95619.0,
1997-11-13,61.0,60.5,61.0,61.0,0.0,8927.0,
1997-11-14,61.0,60.5,61.0,60.5,0.0,23000.0,
1997-11-17,62.5,62.0,61.75,62.0,0.0,84280.0,
1997-11-18,60.5,60.0,60.75,60.0,0.0,28100.0,
1997-11-19,60.5,58.5,59.5,58.5,0.0,74613.0,
1997-11-20,59.5,59.0625,60.25,59.0625,0.0,162896.0,
1997-11-21,60.5,59.625,61.0,59.625,0.0,27500.0,
1997-11-24,61.5,59.0,60.0,61.5,0.0,25000.0,
1997-11-25,59.25,58.5,59.0,59.25,0.0,27000.0,
1997-11-26,59.0,58.0,58.75,59.0,0.0,224434.0,
1997-11-27,60.0,59.0,60.0,59.25,0.0,308000.0,
1997-11-28,60.0,60.0,60.25,60.0,0.0,4000.0,
1997-12-01,60.0,60.0,60.0,60.0,0.0,1.0,
1997-12-02,60.0,60.0,60.75,60.0,0.0,10000.0,
1997-12-03,60.25,60.0,60.75,60.25,0.0,15000.0,
1997-12-04,62.25,61.0,61.75,61.0,0.0,300000.0,
1997-12-05,62.5,62.0,62.25,62.0,0.0,11000.0,
1997-12-08,62.25,62.25,64.25,62.25,0.0,5000.0,
1997-12-09,63.5,63.5,64.25,63.5,0.0,6000.0,
1997-12-10,62.5,62.0,62.5,62.5,0.0,30500.0,
1997-12-11,60.0,59.5,60.25,60.0,0.0,44000.0,
1997-12-12,60.25,60.25,60.25,60.25,0.0,0.0,
1997-12-15,59.5,59.5,60.25,59.5,0.0,4300.0,
1997-12-16,60.5,59.5,60.5,59.5,0.0,70000.0,
1997-12-17,62.0,61.0,61.75,62.0,0.0,18546.0,
1997-12-18,62.0,62.0,62.5,62.0,0.0,37000.0,
1997-12-19,62.125,60.0,59.5,62.125,0.0,53844.0,
1997-12-22,58.0,58.0,59.25,58.0,0.0,5490.0,
1997-12-23,60.0,59.5,60.5,59.5,0.0,169060.0,
1997-12-24,60.5,60.5,60.5,60.5,0.0,0.0,
1997-12-25,60.5,60.5,60.5,60.5,0.0,0.0,
1997-12-26,60.5,60.5,60.5,60.5,0.0,0.0,
1997-12-29,61.5,61.5,61.25,61.5,0.0,75000.0,
1997-12-30,62.5,62.0,63.0,62.5,0.0,15690.0,
1997-12-31,64.0,63.5,63.75,63.5,0.0,10020.0,
1998-01-01,63.75,63.75,63.75,63.75,0.0,0.0,
1998-01-02,63.5,63.5,64.5,63.5,0.0,2000.0,
1998-01-05,64.0,64.0,64.5,64.0,0.0,16000.0,
1998-01-06,64.0,62.0,63.25,64.0,0.0,152500.0,
1998-01-07,62.0313,61.5,61.0,62.0313,0.0,139150.0,
1998-01-08,59.5,59.5,59.5,59.5,0.0,1.0,
1998-01-09,56.5,56.5,57.25,56.5,0.0,5500.0,
1998-01-12,54.0,53.0,54.75,53.75,0.0,20418.0,
1998-01-13,57.0,56.0,56.75,57.0,0.0,40880.0,
1998-01-14,59.0,56.625,59.0,56.625,0.0,149968.0,
1998-01-15,58.6563,58.0,58.5,58.6563,0.0,80500.0,
1998-01-16,59.25,58.25,58.75,58.25,0.0,34300.0,
1998-01-19,59.5,59.0,59.5,59.5,0.0,64600.0,
1998-01-20,59.0,59.0,59.75,59.0,0.0,10500.0,
1998-01-21,59.5,58.0,59.0,59.375,0.0,25200.0,
1998-01-22,59.5,57.0,57.5,59.5,0.0,36500.0,
1998-01-23,57.5,57.0,57.25,57.5,0.0,237500.0,
1998-01-26,58.0,57.0,57.75,58.0,0.0,26500.0,
1998-01-27,59.0,57.5,58.25,59.0,0.0,141955.0,
1998-01-28,59.0,58.0,58.75,58.0,0.0,12425.0,
1998-01-29,59.0,59.0,59.5,59.0,0.0,46000.0,
1998-01-30,60.0,59.0,60.25,59.0,0.0,288685.0,
1998-02-02,63.0,62.0,63.25,63.0,0.0,45800.0,
1998-02-03,62.625,62.5,63.0,62.625,0.0,33500.0,
1998-02-04,62.875,61.0,61.5,62.875,0.0,127555.0,
1998-02-05,61.75,61.0,61.5,61.75,0.0,91040.0,
1998-02-06,61.0,61.0,61.75,61.0,0.0,12000.0,
1998-02-09,62.5,62.0,63.0,62.5,0.0,15000.0,
1998-02-10,64.0,63.0,63.75,63.0,0.0,3188200.0,
1998-02-11,64.0,63.5,63.75,63.5,0.0,13260.0,
1998-02-12,63.75,62.5,62.75,63.75,0.0,34152.0,
1998-02-13,61.5,61.5,61.5,61.5,0.0,1.0,
1998-02-16,62.0,61.0,61.5,61.0,0.0,32550.0,
1998-02-17,61.5,61.0,62.25,61.0,0.0,27710.0,
1998-02-18,64.0,61.625,63.5,61.625,0.0,71961.0,
1998-02-19,63.5,62.5,63.0,63.25,0.0,64771.0,
1998-02-20,62.81,62.5,63.5,62.81,0.0,32064.0,
1998-02-23,63.0,63.0,63.75,63.0,0.0,21350.0,
1998-02-24,64.5,62.5,63.5,63.0,0.0,88250.0,
1998-02-25,63.25,63.0,63.75,63.0,0.0,23000.0,
1998-02-26,64.0,64.0,64.5,64.0,0.0,28000.0,
1998-02-27,64.5,64.0,64.5,64.1172,0.0,81000.0,
1998-03-02,64.5,64.0,64.75,64.25,0.0,396000.0,
1998-03-03,65.5,64.125,65.25,64.1875,0.0,580000.0,
1998-03-04,66.0,64.5,65.0,65.3125,0.0,421855.0,
1998-03-05,65.25,62.5,63.25,65.25,0.0,298445.0,
1998-03-06,64.0,62.75,64.25,62.75,0.0,30450.0,
1998-03-09,64.0,63.5,64.25,63.5,0.0,72000.0,
1998-03-10,65.0,63.5,64.75,64.0469,0.0,317155.0,
1998-03-11,65.5,63.625,65.0,63.9375,0.0,169535.0,
1998-03-12,65.5,64.5,65.0,64.875,0.0,530463.0,
1998-03-13,65.5,64.0813,66.0,64.0813,0.0,187200.0,
1998-03-16,66.5,65.0,65.75,65.5,0.0,386000.0,
1998-03-17,65.6563,65.0,66.0,65.1875,0.0,76400.0,
1998-03-18,65.5,65.0,66.0,65.5,0.0,7479.0,
1998-03-19,66.0,66.0,67.5,66.0,0.0,37340.0,
1998-03-20,67.0,67.0,67.5,67.0,0.0,76000.0,
1998-03-23,68.0,67.0,67.5,67.0,0.0,79000.0,
1998-03-24,67.0,67.0,67.5,67.0,0.0,30000.0,
1998-03-25,68.75,68.0,68.75,68.0,0.0,315604.0,
1998-03-26,68.5,67.5,68.0,68.0,0.0,124500.0,
1998-03-27,68.5,67.5,68.25,67.5,0.0,46501.0,
1998-03-30,68.0,67.0,68.0,67.5,0.0,131500.0,
1998-03-31,68.5,67.0,68.0,68.5,0.0,112980.0,
1998-04-01,66.5,66.0,66.75,66.5,0.0,179451.0,
1998-04-02,66.375,64.5,66.0,66.0,0.0,1073250.0,
1998-04-03,66.25,65.0,65.5,65.0,0.0,450871.0,
1998-04-06,66.5,65.0,66.75,65.0,0.0,325250.0,
1998-04-07,68.0,66.5,67.5,66.75,0.0,1565750.0,
1998-04-08,68.0,68.0,68.0,68.0,0.0,1.0,
1998-04-09,68.0,67.5,68.25,67.5,0.0,47500.0,
1998-04-10,68.25,68.25,68.25,68.25,0.0,0.0,
1998-04-13,68.25,68.25,68.25,68.25,0.0,0.0,
1998-04-14,69.0,69.0,68.5,69.0,0.0,7923.0,
1998-04-15,69.5,67.75,68.0,68.5,0.0,144239.0,
1998-04-16,68.0,67.0,67.25,68.0,0.0,30850.0,
1998-04-17,67.0,66.0,66.5,66.0,0.0,7700.0,
1998-04-20,67.25,66.5,67.5,66.5,0.0,54000.0,
1998-04-21,69.0,68.0,69.5,68.0,0.0,160000.0,
1998-04-22,71.0,70.5,70.5,70.5,0.0,200000.0,
1998-04-23,71.0,70.0,70.5,70.0,0.0,27485.0,
1998-04-24,70.0,70.0,70.25,70.0,0.0,87000.0,
1998-04-27,68.5,67.0,67.75,68.5,0.0,13600.0,
1998-04-28,67.0,67.0,67.75,67.0,0.0,82000.0,
1998-04-29,68.5,67.0,67.75,68.5,0.0,288700.0,
1998-04-30,68.0,67.5,68.5,67.5,0.0,28000.0,
1998-05-01,69.0,68.5,69.25,68.5,0.0,301500.0,
1998-05-04,69.25,69.25,69.25,69.25,0.0,0.0,
1998-05-05,68.5,68.0,68.5,68.5,0.0,41000.0,
1998-05-06,68.5,67.5,68.0,68.5,0.0,36270.0,
1998-05-07,67.0,66.5,67.0,66.5,0.0,230000.0,
1998-05-08,67.0,66.5,67.0,66.5,0.0,1073000.0,
1998-05-11,67.0,66.5,67.25,66.5,0.0,264570.0,
1998-05-12,66.5,66.5,67.0,66.5,0.0,2000.0,
1998-05-13,65.5,65.5,66.0,65.5,0.0,25000.0,
1998-05-14,65.75,65.5,66.0,65.5,0.0,17000.0,
1998-05-15,65.0,64.5,65.0,65.0,0.0,47000.0,
1998-05-18,65.5,64.5,64.75,65.5,0.0,26500.0,
1998-05-19,62.5,62.5,63.0,62.5,0.0,2000.0,
1998-05-20,62.5,62.5,63.0,62.5,0.0,14500.0,
1998-05-21,62.5,62.5,63.0,62.5,0.0,72000.0,
1998-05-22,62.5,62.5,63.0,62.5,0.0,165000.0,
1998-05-25,63.0,63.0,63.0,63.0,0.0,0.0,
1998-05-26,63.5,62.75,62.75,63.5,0.0,902500.0,
1998-05-27,61.5,60.0,60.5,61.5,0.0,34200.0,
1998-05-28,60.0,59.5,60.0,60.0,0.0,32100.0,
1998-05-29,60.0,60.0,60.0,60.0,0.0,0.0,
1998-06-01,57.5,55.5,56.25,57.5,0.0,97000.0,
1998-06-02,56.0,55.0,56.0,55.0,0.0,519000.0,
1998-06-03,55.75,55.5,56.5,55.5,0.0,6600.0,
1998-06-04,57.0,57.0,57.0,57.0,0.0,1.0,
1998-06-05,57.5,57.5,58.0,57.5,0.0,12500.0,
1998-06-08,57.75,57.75,58.25,57.75,0.0,10000.0,
1998-06-09,58.0,58.0,58.0,58.0,0.0,1.0,
1998-06-10,56.5,55.5,56.0,55.5,0.0,829382.0,
1998-06-11,54.5,54.5,54.5,54.5,0.0,200800.0,
1998-06-12,53.0,53.0,53.25,53.0,0.0,31000.0,
1998-06-15,50.72,50.5,51.25,50.72,0.0,15000.0,
1998-06-16,50.0,49.0,50.0,49.0,0.0,35300.0,
1998-06-17,51.25,50.5,52.25,51.0,0.0,245480.0,
1998-06-18,54.22,54.0,54.25,54.0,0.0,60000.0,
1998-06-19,52.5,52.5,52.75,52.5,0.0,2000.0,
1998-06-22,52.5,52.0,52.25,52.0,0.0,387170.0,
1998-06-23,53.0,51.5,52.5,51.5,0.0,131809.0,
1998-06-24,53.5,52.5,53.75,52.5,0.0,1452018.0,
1998-06-25,53.25,53.0,54.0,53.0,0.0,501000.0,
1998-06-26,53.22,53.0,53.25,53.22,0.0,15000.0,
1998-06-29,53.5,53.5,52.5,53.5,0.0,550000.0,
1998-06-30,53.5,52.5,52.5,53.5,0.0,198500.0,
1998-07-01,53.5,52.5,53.25,52.5,0.0,455970.0,
1998-07-02,54.0,53.25,53.5,54.0,0.0,358975.0,
1998-07-03,53.25,53.25,53.25,53.25,0.0,1.0,
1998-07-06,53.5,53.0,53.5,53.0,0.0,22000.0,
1998-07-07,54.0,54.0,54.0,54.0,0.0,1.0,
1998-07-08,55.0,54.0,54.5,55.0,0.0,22682.0,
1998-07-09,54.0,54.0,54.5,54.0,0.0,17200.0,
1998-07-10,55.0,54.0,54.5,54.0,0.0,24500.0,
1998-07-13,54.0,54.0,55.5,54.0,0.0,12500.0,
1998-07-14,57.0,56.5,57.5,57.0,0.0,113000.0,
1998-07-15,58.75,58.0,58.5,58.0,0.0,610000.0,
1998-07-16,58.5,57.5,58.0,57.5,0.0,368990.0,
1998-07-17,59.5,58.5,59.0,58.5,0.0,205971.0,
1998-07-20,61.5,61.5,60.75,61.5,0.0,2439.0,
1998-07-21,60.0,60.0,60.5,60.0,0.0,108250.0,
1998-07-22,58.5,58.5,59.0,58.5,0.0,149000.0,
1998-07-23,57.5,57.0,57.5,57.5,0.0,186000.0,
1998-07-24,55.5,55.5,56.25,55.5,0.0,11000.0,
1998-07-27,55.0,55.0,55.0,55.0,0.0,95500.0,
1998-07-28,54.5,54.5,54.75,54.5,0.0,7500.0,
1998-07-29,55.0,54.0,54.5,55.0,0.0,21798.0,
1998-07-30,54.75,54.0,54.75,54.5,0.0,270500.0,
1998-07-31,54.5,54.5,55.0,54.5,0.0,4000.0,
1998-08-03,53.5,53.5,54.0,53.5,0.0,1000.0,
1998-08-04,53.25,53.0,53.5,53.25,0.0,28250.0,
1998-08-05,51.0,51.0,51.5,51.0,0.0,13492.0,
1998-08-06,51.0,50.0,50.5,51.0,0.0,62000.0,
1998-08-07,49.5,49.0,49.5,49.0,0.0,30000.0,
1998-08-10,48.0,48.0,48.0,48.0,0.0,1.0,
1998-08-11,46.5,43.5,43.25,46.5,0.0,15000.0,
1998-08-12,45.0,44.25,45.0,44.25,0.0,5286.0,
1998-08-13,43.0,41.5,42.75,43.0,0.0,6089.0,
1998-08-14,43.5,43.5,44.25,43.5,0.0,2000.0,
1998-08-17,43.0,42.0,42.5,42.0,0.0,60150.0,
1998-08-18,42.0,42.0,42.75,42.0,0.0,15000.0,
1998-08-19,44.0,43.0,43.25,43.0,0.0,27796.0,
1998-08-20,42.0,40.5,41.0,42.0,0.0,94700.0,
1998-08-21,38.5,37.0,36.5,38.5,0.0,242750.0,
1998-08-24,37.0,35.5,36.0,37.0,0.0,24500.0,
1998-08-25,35.5,35.5,36.25,35.5,0.0,11400.0,
1998-08-26,35.0,32.0,32.5,35.0,0.0,34000.0,
1998-08-27,31.0,29.0,28.25,29.0,0.0,513000.0,
1998-08-28,27.5,24.0,28.0,24.5,0.0,334000.0,
1998-08-31,28.0,28.0,28.0,28.0,0.0,0.0,
1998-09-01,26.5,26.0,27.0,26.0,0.0,18000.0,
1998-09-02,28.5,27.5,28.0,28.0,0.0,1036059.0,
1998-09-03,28.0,27.0,27.5,27.75,0.0,24000.0,
1998-09-04,27.5,26.5,26.75,26.5,0.0,5300.0,
1998-09-07,27.5,27.5,28.25,27.5,0.0,34000.0,
1998-09-08,29.0,28.5,28.75,29.0,0.0,32800.0,
1998-09-09,28.0,27.0,27.5,27.5,0.0,40818.0,
1998-09-10,25.5,25.5,25.5,25.5,0.0,1.0,
1998-09-11,24.0,22.5,23.5,23.0,0.0,54000.0,
1998-09-14,24.0,24.0,25.25,24.0,0.0,5000.0,
1998-09-15,26.0,26.0,25.5,26.0,0.0,35000.0,
1998-09-16,27.5,26.0,26.5,26.5,0.0,145470.0,
1998-09-17,25.75,25.75,25.5,25.75,0.0,27500.0,
1998-09-18,25.0,25.0,25.5,25.0,0.0,5000.0,
1998-09-21,24.0,24.0,24.5,24.0,0.0,10000.0,
1998-09-22,25.0,24.5,24.75,24.5,0.0,46809.0,
1998-09-23,25.75,25.75,25.75,25.75,0.0,950.0,
1998-09-24,27.0,26.0,26.5,27.0,0.0,133100.0,
1998-09-25,25.25,25.25,25.75,25.25,0.0,38000.0,
1998-09-28,26.0,25.25,25.75,25.25,0.0,45330.0,
1998-09-29,27.0,27.0,27.0,27.0,0.0,100000.0,
1998-09-30,27.0,26.5,26.75,26.5,0.0,306250.0,
1998-10-01,25.75,25.5,25.25,25.75,0.0,45000.0,
1998-10-02,24.0,24.0,24.75,24.0,0.0,29000.0,
1998-10-05,24.4,24.0,24.75,24.0,0.0,45000.0,
1998-10-06,25.5,24.0,25.5,24.0,0.0,9000.0,
1998-10-07,27.0,26.0,25.5,27.0,0.0,10780.0,
1998-10-08,24.75,24.0,24.5,24.75,0.0,517270.0,
1998-10-09,25.5,24.5,25.0,25.5,0.0,14500.0,
1998-10-12,26.75,25.5,26.5,26.5,0.0,256200.0,
1998-10-13,27.0,26.5,27.0,27.0,0.0,5000.0,
1998-10-14,27.0,26.5,27.0,27.0,0.0,3427876.0,
1998-10-15,27.75,27.5,27.75,27.75,0.0,554000.0,
1998-10-16,29.5,28.5,29.0,28.5,0.0,57900.0,
1998-10-19,29.5,28.25,28.75,29.5,0.0,15000.0,
1998-10-20,30.0,29.5,29.5,29.5,0.0,29000.0,
1998-10-21,29.75,29.0,29.25,29.0,0.0,20081.0,
1998-10-22,29.75,29.75,29.75,29.75,0.0,1.0,
1998-10-23,30.0,30.0,29.75,30.0,0.0,51000.0,
1998-10-26,30.0,29.0,29.75,29.0,0.0,25600.0,
1998-10-27,30.75,30.75,30.75,30.75,0.0,1.0,
1998-10-28,30.25,30.25,30.75,30.25,0.0,1835.0,
1998-10-29,30.25,30.0,30.25,30.25,0.0,4000.0,
1998-10-30,30.5,30.5,30.5,30.5,0.0,1.0,
1998-11-02,33.0,32.5,32.5,32.5,0.0,13000.0,
1998-11-03,33.5,33.5,33.25,33.5,0.0,50000.0,
1998-11-04,35.0,34.5,35.0,34.5,0.0,10000.0,
1998-11-05,34.25,34.25,35.0,34.25,0.0,2000.0,
1998-11-06,34.5,34.5,35.25,34.5,0.0,5000.0,
1998-11-09,34.75,34.5,35.0,34.5,0.0,18301.0,
1998-11-10,34.5,34.5,34.75,34.5,0.0,17000.0,
1998-11-11,34.5,34.5,35.0,34.5,0.0,20484.0,
1998-11-12,34.5,34.5,34.5,34.5,0.0,1.0,
1998-11-13,35.75,34.0,34.5,34.0,0.0,35000.0,
1998-11-16,35.75,35.25,35.25,35.25,0.0,225000.0,
1998-11-17,35.0,35.0,35.0,35.0,0.0,1750000.0,
1998-11-18,35.0,34.5,35.0,35.0,0.0,941000.0,
1998-11-19,34.75,34.75,35.25,34.75,0.0,6500.0,
1998-11-20,35.5,35.0,36.25,35.0,0.0,855700.0,
1998-11-23,38.0,37.25,38.25,37.25,0.0,111415.0,
1998-11-24,38.98,38.48,39.0,38.98,0.0,181000.0,
1998-11-25,39.0,38.0,38.25,38.0,0.0,1911207.0,
1998-11-26,38.0,38.0,38.5,38.0,0.0,24355.0,
1998-11-27,38.75,38.75,38.75,38.75,0.0,1400000.0,
1998-11-30,38.75,38.25,38.75,38.25,0.0,42977.0,
1998-12-01,37.25,37.25,37.25,37.25,0.0,250000.0,
1998-12-02,38.0,37.0,37.5,37.0,0.0,102780.0,
1998-12-03,36.75,36.75,35.75,36.75,0.0,50000.0,
1998-12-04,35.5,35.5,35.5,35.5,0.0,1.0,
1998-12-07,36.0,36.0,36.0,36.0,0.0,1.0,
1998-12-08,35.25,35.25,36.0,35.25,0.0,2032.0,
1998-12-09,36.0,35.0,35.5,36.0,0.0,1256560.0,
1998-12-10,35.5,35.0,35.75,35.0,0.0,102320.0,
1998-12-11,34.75,34.75,34.75,34.75,0.0,800000.0,
1998-12-14,33.0,33.0,33.5,33.0,0.0,30400.0,
1998-12-15,32.5,32.5,33.25,32.5,0.0,5000.0,
1998-12-16,33.0,32.5,33.0,33.0,0.0,22000.0,
1998-12-17,33.25,32.0,33.0,32.5,0.0,106800.0,
1998-12-18,33.5,32.5,33.0,32.5,0.0,14200.0,
1998-12-21,33.25,33.25,33.25,33.25,0.0,1.0,
1998-12-22,33.5,33.5,33.25,33.5,0.0,10022.0,
1998-12-23,32.5,32.5,33.0,32.5,0.0,40000.0,
1998-12-24,33.25,33.25,33.25,33.25,0.0,1.0,
1998-12-25,33.25,33.25,33.25,33.25,0.0,0.0,
1998-12-28,33.25,33.25,33.25,33.25,0.0,0.0,
1998-12-29,33.0,33.0,33.25,33.0,0.0,18000.0,
1998-12-30,33.0,33.0,33.25,33.0,0.0,6000.0,
1998-12-31,33.25,33.25,33.25,33.25,0.0,0.0,
1999-01-01,33.25,33.25,33.25,33.25,0.0,0.0,
1999-01-04,33.5,32.5,33.75,32.5,0.0,118072.0,
1999-01-05,34.25,34.25,34.5,34.25,0.0,100000.0,
1999-01-06,36.5,35.5,36.25,35.5,0.0,6700.0,
1999-01-07,38.0,36.0,35.75,38.0,0.0,68600.0,
1999-01-08,35.5,35.0,36.0,35.0,0.0,14500.0,
1999-01-11,35.25,34.5,34.75,35.0,0.0,921700.0,
1999-01-12,34.0,34.0,34.0,34.0,0.0,1.0,
1999-01-13,32.5,30.0,31.75,31.25,0.0,29155.0,
1999-01-14,31.0,31.0,31.5,31.0,0.0,5000.0,
1999-01-15,32.0,30.0,32.25,30.0,0.0,79130.0,
1999-01-18,34.5,33.25,33.75,34.5,0.0,21900.0,
1999-01-19,33.0,32.75,33.0,32.75,0.0,25054.0,
1999-01-20,33.5,33.0,33.75,33.5,0.0,32000.0,
1999-01-21,33.0,33.0,33.0,33.0,0.0,45500.0,
1999-01-22,31.25,31.25,31.75,31.25,0.0,4000.0,
1999-01-25,31.5,31.5,31.5,31.5,0.0,1.0,
1999-01-26,31.0,31.0,31.5,31.0,0.0,6000.0,
1999-01-27,32.5,31.0,31.75,31.5,0.0,46500.0,
1999-01-28,31.75,31.0,32.0,31.0,0.0,2645000.0,
1999-01-29,32.5,32.0,33.0,32.0,0.0,108000.0,
1999-02-01,32.98,32.5,33.5,32.5,0.0,105500.0,
1999-02-02,33.75,33.5,34.25,33.5,0.0,255625.0,
1999-02-03,34.25,34.25,34.25,34.25,0.0,0.0,
1999-02-04,35.5,34.0,35.0,34.0,0.0,136768.0,
1999-02-05,34.5,34.5,34.25,34.5,0.0,250000.0,
1999-02-08,33.75,33.5,34.0,33.5,0.0,34872.0,
1999-02-09,34.0,34.0,33.75,34.0,0.0,63000.0,
1999-02-10,33.5,32.5,33.25,32.5,0.0,260870.0,
1999-02-11,33.75,33.75,33.75,33.75,0.0,1.0,
1999-02-12,34.75,34.75,34.75,34.75,0.0,1.0,
1999-02-15,34.75,34.75,34.75,34.75,0.0,0.0,
1999-02-16,35.5,34.5,35.75,35.5,0.0,396900.0,
1999-02-17,36.0,34.5,35.5,36.0,0.0,9505.0,
1999-02-18,35.0,34.5,35.0,35.0,0.0,36000.0,
1999-02-19,35.5001,34.5,35.0,34.5,0.0,19317.0,
1999-02-22,34.5,34.5,35.0,34.5,0.0,14000.0,
1999-02-23,35.0,35.0,34.75,35.0,0.0,13000.0,
1999-02-24,35.0,34.5,34.75,34.5,0.0,14738.0,
1999-02-25,34.75,34.5,34.5,34.5,0.0,491500.0,
1999-02-26,34.0,34.0,34.5,34.0,0.0,17000.0,
1999-03-01,34.5,34.0,34.5,34.0,0.0,40500.0,
1999-03-02,34.0,34.0,34.5,34.0,0.0,9000.0,
1999-03-03,34.0,34.0,34.5,34.0,0.0,6500.0,
1999-03-04,34.0,34.0,34.5,34.0,0.0,33000.0,
1999-03-05,35.5,35.5,35.5,35.5,0.0,1.0,
1999-03-08,35.0,35.0,35.5,35.0,0.0,3000.0,
1999-03-09,36.25,36.25,36.25,36.25,0.0,1.0,
1999-03-10,36.5,36.0,36.5,36.0,0.0,20000.0,
1999-03-11,37.0,36.5,37.0,37.0,0.0,23150.0,
1999-03-12,36.5,36.5,37.0,36.5,0.0,5900.0,
1999-03-15,36.5,36.5,37.0,36.5,0.0,14400.0,
1999-03-16,38.5,38.0,38.25,38.0,0.0,32500.0,
1999-03-17,39.5,38.5,39.0,38.5,0.0,24651.0,
1999-03-18,38.5,38.0,39.0,38.5,0.0,66500.0,
1999-03-19,39.0,39.0,39.5,39.0,0.0,4000.0,
1999-03-22,39.0,39.0,39.5,39.0,0.0,37500.0,
1999-03-23,38.5,36.75,37.5,38.5,0.0,75000.0,
1999-03-24,36.5,36.0,37.0,36.0,0.0,38750.0,
1999-03-25,36.75,36.5,37.0,36.75,0.0,31960.0,
1999-03-26,37.25,37.0,37.0,37.0,0.0,265000.0,
1999-03-29,36.5,36.5,37.0,36.5,0.0,5000.0,
1999-03-30,37.5,37.0,37.75,37.5,0.0,45500.0,
1999-03-31,39.0,38.0,38.5,38.0,0.0,199750.0,
1999-04-01,38.5,38.25,38.75,38.5,0.0,61000.0,
1999-04-02,38.75,38.75,38.75,38.75,0.0,0.0,
1999-04-05,38.75,38.75,38.75,38.75,0.0,0.0,
1999-04-06,40.5,39.5,40.5,39.5,0.0,58000.0,
1999-04-07,42.0,41.5,43.0,41.5,0.0,32440.0,
1999-04-08,44.0,44.0,44.0,44.0,0.0,1.0,
1999-04-09,43.5,43.5,44.0,43.5,0.0,105407.0,
1999-04-12,43.0,43.0,43.0,43.0,0.0,1.0,
1999-04-13,43.0,43.0,43.0,43.0,0.0,0.0,
1999-04-14,42.5,42.5,43.0,42.5,0.0,1515.0,
1999-04-15,43.0,43.0,43.0,43.0,0.0,0.0,
1999-04-16,45.0,45.0,45.0,45.0,0.0,23180.0,
1999-04-19,46.5,46.5,46.5,46.5,0.0,1.0,
1999-04-20,46.5,46.0,45.75,46.0,0.0,25011.0,
1999-04-21,46.0,45.0,45.5,46.0,0.0,1450.0,
1999-04-22,45.5,45.0,45.75,45.0,0.0,11500.0,
1999-04-23,46.0,46.0,46.5,46.0,0.0,5000.0,
1999-04-26,47.5,46.5,47.0,47.5,0.0,11053.0,
1999-04-27,46.5,46.25,47.0,46.25,0.0,9000.0,
1999-04-28,46.5,45.5,46.0,46.0,0.0,358640.0,
1999-04-29,46.0,46.0,46.0,46.0,0.0,0.0,
1999-04-30,47.0,46.0,47.25,46.0,0.0,43000.0,
1999-05-03,47.25,47.25,47.25,47.25,0.0,0.0,
1999-05-04,48.5,48.0,48.75,48.0,0.0,28200.0,
1999-05-05,48.5,48.5,48.25,48.5,0.0,10000.0,
1999-05-06,48.75,48.0,48.25,48.75,0.0,265103.0,
1999-05-07,48.0,48.0,48.75,48.0,0.0,7830.0,
1999-05-10,48.75,48.75,49.25,48.75,0.0,7200.0,
1999-05-11,49.5,49.5,49.5,49.5,0.0,1000.0,
1999-05-12,50.5,48.5,49.0,50.5,0.0,66255.0,
1999-05-13,49.0,49.0,49.0,49.0,0.0,0.0,
1999-05-14,48.75,48.75,48.75,48.75,0.0,1.0,
1999-05-17,49.0,47.5,48.0,47.5,0.0,27900.0,
1999-05-18,47.5,47.5,48.0,47.5,0.0,50000.0,
1999-05-19,48.0,47.0,47.5,47.0,0.0,337232.0,
1999-05-20,48.0,47.0,47.5,47.0,0.0,6085.0,
1999-05-21,47.25,47.25,47.5,47.25,0.0,3014.0,
1999-05-24,48.0,48.0,47.25,48.0,0.0,4000.0,
1999-05-25,46.25,46.25,46.25,46.25,0.0,1.0,
1999-05-26,45.0,45.0,45.75,45.0,0.0,11188.0,
1999-05-27,47.0,46.0,46.25,46.0,0.0,11700.0,
1999-05-28,46.0,45.0,45.25,46.0,0.0,160925.0,
1999-05-31,45.25,45.25,45.25,45.25,0.0,0.0,
1999-06-01,45.5,45.5,45.5,45.5,0.0,1.0,
1999-06-02,45.0,44.5,45.5,45.0,0.0,282525.0,
1999-06-03,45.25,45.25,45.5,45.25,0.0,250000.0,
1999-06-04,46.0,45.5,45.75,46.0,0.0,6000.0,
1999-06-07,46.0,46.0,46.5,46.0,0.0,10000.0,
1999-06-08,47.0,47.0,47.0,47.0,0.0,1.0,
1999-06-09,48.5,47.0,48.25,47.0,0.0,10225.0,
1999-06-10,50.5,50.5,49.75,50.5,0.0,6300.0,
1999-06-11,50.75,50.75,50.25,50.75,0.0,5881.0,
1999-06-14,50.0,50.0,50.0,50.0,0.0,1.0,
1999-06-15,49.5,49.0,49.0,49.5,0.0,86000.0,
1999-06-16,50.0,48.5,49.75,48.5,0.0,15485.0,
1999-06-17,50.5,50.5,50.5,50.5,0.0,1.0,
1999-06-18,50.5,50.5,50.5,50.5,0.0,0.0,
1999-06-21,51.0,50.5,51.25,50.5,0.0,107500.0,
1999-06-22,51.0,50.5,51.0,50.5,0.0,11500.0,
1999-06-23,50.25,50.0,50.5,50.25,0.0,16992.0,
1999-06-24,50.0,50.0,50.0,50.0,0.0,1.0,
1999-06-25,49.5,48.5,49.25,49.5,0.0,266201.0,
1999-06-28,49.5,49.5,49.5,49.5,0.0,500000.0,
1999-06-29,49.75,49.75,50.25,49.75,0.0,10000.0,
1999-06-30,50.5,50.5,50.0,50.5,0.0,780.0,
1999-07-01,51.25,51.25,51.25,51.25,0.0,1.0,
1999-07-02,51.75,51.75,51.75,51.75,0.0,1.0,
1999-07-05,53.0,52.0,52.75,52.5,0.0,39673.0,
1999-07-06,53.0,52.5,53.0,52.5,0.0,32750.0,
1999-07-07,53.5,52.5,53.0,53.0,0.0,2213674.0,
1999-07-08,53.5,52.5,53.0,53.5,0.0,13742.0,
1999-07-09,53.0,53.0,53.75,53.0,0.0,24900.0,
1999-07-12,54.5,54.5,54.5,54.5,0.0,25000.0,
1999-07-13,53.5,53.5,53.5,53.5,0.0,32000.0,
1999-07-14,54.0,53.25,53.75,53.25,0.0,106880.0,
1999-07-15,54.125,53.5,54.0,54.0,0.0,610200.0,
1999-07-16,53.0,53.0,53.5,53.0,0.0,15500.0,
1999-07-19,54.0,53.0,53.5,53.0,0.0,263700.0,
1999-07-20,53.5,53.0,53.25,53.0,0.0,51838.0,
1999-07-21,53.5,52.5,53.0,53.5,0.0,23823.0,
1999-07-22,52.5,52.5,53.0,52.5,0.0,8000.0,
1999-07-23,52.5,52.0,52.0,52.5,0.0,52280.0,
1999-07-26,49.5,49.5,49.25,49.5,0.0,13500.0,
1999-07-27,48.0,48.0,48.25,48.0,0.0,4231.0,
1999-07-28,48.25,48.25,48.25,48.25,0.0,0.0,
1999-07-29,48.0,48.0,48.0,48.0,0.0,25000.0,
1999-07-30,48.0,47.75,47.75,47.75,0.0,475000.0,
1999-08-02,47.5,47.0,47.5,47.5,0.0,63000.0,
1999-08-03,46.0,46.0,46.5,46.0,0.0,1000.0,
1999-08-04,46.5,46.5,46.5,46.5,0.0,0.0,
1999-08-05,45.0,45.0,45.0,45.0,0.0,1.0,
1999-08-06,46.0,46.0,45.5,46.0,0.0,3408.0,
1999-08-09,45.0,45.0,45.0,45.0,0.0,1.0,
1999-08-10,44.5,44.5,44.5,44.5,0.0,1.0,
1999-08-11,44.5,44.0,45.0,44.0,0.0,276900.0,
1999-08-12,45.75,45.75,45.75,45.75,0.0,1.0,
1999-08-13,46.0,45.0,45.75,45.0,0.0,1745.0,
1999-08-16,46.5,45.5,46.0,45.5,0.0,16000.0,
1999-08-17,45.5,44.5,45.0,44.5,0.0,240500.0,
1999-08-18,45.25,45.25,45.0,45.25,0.0,200000.0,
1999-08-19,44.25,44.0,44.75,44.0,0.0,12140.0,
1999-08-20,45.5,44.5,45.0,44.5,0.0,19577.0,
1999-08-23,46.0,46.0,45.5,46.0,0.0,3100.0,
1999-08-24,45.5,45.5,46.0,45.5,0.0,2000.0,
1999-08-25,47.5,47.25,47.0,47.5,0.0,256316.0,
1999-08-26,48.5,48.5,48.5,48.5,0.0,1.0,
1999-08-27,49.0,48.0,48.5,48.0,0.0,11019.0,
1999-08-30,48.5,48.5,48.5,48.5,0.0,0.0,
1999-08-31,48.25,48.0,48.5,48.0,0.0,106000.0,
1999-09-01,48.0,48.0,48.5,48.0,0.0,102140.0,
1999-09-02,48.0,47.5,47.75,48.0,0.0,72000.0,
1999-09-03,49.0,48.0,48.5,48.0,0.0,3058.0,
1999-09-06,50.0,50.0,49.0,50.0,0.0,7703.0,
1999-09-07,48.0,48.0,48.0,48.0,0.0,1.0,
1999-09-08,47.0,47.0,47.5,47.0,0.0,8083.0,
1999-09-09,47.5,47.5,47.5,47.5,0.0,9000.0,
1999-09-10,47.0,47.0,47.75,47.0,0.0,5776.0,
1999-09-13,48.0,47.0,48.0,47.0,0.0,15500.0,
1999-09-14,47.75,47.75,48.0,47.75,0.0,17500.0,
1999-09-15,47.5,46.0,47.0,46.5,0.0,264965.0,
1999-09-16,46.5,46.5,46.5,46.5,0.0,1.0,
1999-09-17,47.0,46.0,46.5,46.0,0.0,12309.0,
1999-09-20,46.0,46.0,46.5,46.0,0.0,18000.0,
1999-09-21,45.75,44.75,45.5,45.75,0.0,16645.0,
1999-09-22,44.5,44.5,44.5,44.5,0.0,1.0,
1999-09-23,44.5,44.5,44.75,44.5,0.0,13200.0,
1999-09-24,44.0,43.5,43.75,43.5,0.0,1023759.0,
1999-09-27,44.75,43.5,44.75,43.5,0.0,34250.0,
1999-09-28,44.75,44.75,45.25,44.75,0.0,1525000.0,
1999-09-29,44.5,44.25,45.0,44.5,0.0,301000.0,
1999-09-30,44.5,44.0,44.5,44.0,0.0,392000.0,
1999-10-01,44.25,44.25,44.5,44.25,0.0,850000.0,
1999-10-04,43.75,43.75,44.5,43.75,0.0,250000.0,
1999-10-05,45.0,44.0,44.75,44.0,0.0,1745094.0,
1999-10-06,45.0,45.0,44.5,45.0,0.0,80200.0,
1999-10-07,46.0,45.0,45.5,46.0,0.0,13000.0,
1999-10-08,45.0,45.0,45.5,45.0,0.0,60730.0,
1999-10-11,46.5,46.5,46.0,46.5,0.0,2357.0,
1999-10-12,45.5,45.5,46.25,45.5,0.0,10500.0,
1999-10-13,45.0,45.0,45.0,45.0,0.0,7000.0,
1999-10-14,45.75,45.75,45.75,45.75,0.0,1.0,
1999-10-15,44.0,42.5,43.25,44.0,0.0,22329.0,
1999-10-18,42.25,42.25,42.25,42.25,0.0,1.0,
1999-10-19,42.5,42.0,42.5,42.0,0.0,255000.0,
1999-10-20,42.0,42.0,42.5,42.0,0.0,13050.0,
1999-10-21,42.5,41.75,42.25,42.5,0.0,9000.0,
1999-10-22,42.5,42.0,42.5,42.0,0.0,13137.0,
1999-10-25,43.0,43.0,43.5,43.0,0.0,11000.0,
1999-10-26,43.0,42.0,42.75,43.0,0.0,486250.0,
1999-10-27,42.875,42.5,42.75,42.5,0.0,254000.0,
1999-10-28,44.0,44.0,44.0,44.0,0.0,5500.0,
1999-10-29,46.0,44.25,45.25,45.5,0.0,1693.0,
1999-11-01,45.25,45.25,45.25,45.25,0.0,0.0,
1999-11-02,44.75,44.5,45.25,44.5,0.0,450000.0,
1999-11-03,46.5,45.5,46.25,46.5,0.0,202000.0,
1999-11-04,48.25,46.75,47.75,46.75,0.0,29109.0,
1999-11-05,49.0,47.0,48.75,47.0,0.0,32522.0,
1999-11-08,49.5,48.0,49.0,48.0,0.0,27000.0,
1999-11-09,49.5,49.5,49.75,49.5,0.0,160000.0,
1999-11-10,49.75,49.0,49.5,49.0,0.0,260000.0,
1999-11-11,50.25,49.25,49.75,49.25,0.0,120040.0,
1999-11-12,50.25,49.25,50.0,50.25,0.0,6200.0,
1999-11-15,50.0,50.0,50.0,50.0,0.0,0.0,
1999-11-16,49.5,49.25,50.25,49.25,0.0,37200.0,
1999-11-17,49.75,49.25,50.25,49.25,0.0,729500.0,
1999-11-18,49.75,49.5,50.25,49.5,0.0,55400.0,
1999-11-19,51.5,50.0,51.25,50.75,0.0,201280.0,
1999-11-22,52.0,52.0,52.5,52.0,0.0,10000.0,
1999-11-23,53.0,53.0,53.0,53.0,0.0,1.0,
1999-11-24,53.25,53.25,53.25,53.25,0.0,20000.0,
1999-11-25,53.0,52.0,52.5,53.0,0.0,11458.0,
1999-11-26,54.0,53.0,53.5,53.0,0.0,4860.0,
1999-11-29,53.0,53.0,53.5,53.0,0.0,1000.0,
1999-11-30,53.0,52.5,53.25,53.0,0.0,11000.0,
1999-12-01,52.75,52.75,52.75,52.75,0.0,1.0,
1999-12-02,53.5,53.5,53.5,53.5,0.0,1.0,
1999-12-03,55.0,53.5,54.25,54.0,0.0,16876.0,
1999-12-06,54.75,54.75,55.0,54.75,0.0,2000.0,
1999-12-07,55.5,54.5,54.75,55.0,0.0,41200.0,
1999-12-08,55.5,54.0,54.75,54.0,0.0,26924.0,
1999-12-09,55.25,54.5,55.25,55.25,0.0,28000.0,
1999-12-10,56.5,56.5,55.75,56.5,0.0,2377.0,
1999-12-13,57.5,56.0,57.0,56.0,0.0,31316.0,
1999-12-14,57.5,56.5,57.0,57.5,0.0,42500.0,
1999-12-15,56.0,56.0,56.25,56.0,0.0,8000.0,
1999-12-16,56.0,56.0,56.0,56.0,0.0,1.0,
1999-12-17,56.5,55.5,56.0,56.0,0.0,25900.0,
1999-12-20,58.0,57.0,57.75,57.0,0.0,61000.0,
1999-12-21,58.5,58.0,58.0,58.0,0.0,56356.0,
1999-12-22,59.0,59.0,60.0,59.0,0.0,5000.0,
1999-12-23,61.0,60.0,60.75,60.0,0.0,3889.0,
1999-12-24,62.25,62.25,62.25,62.25,0.0,1.0,
1999-12-27,62.25,62.25,62.25,62.25,0.0,0.0,
1999-12-28,62.25,62.25,62.25,62.25,0.0,0.0,
1999-12-29,63.0,63.0,62.5,63.0,0.0,1000.0,
1999-12-30,62.75,62.75,63.5,62.75,0.0,100000.0,
1999-12-31,63.5,63.5,63.5,63.5,0.0,0.0,
2000-01-03,63.5,63.5,63.5,63.5,0.0,0.0,
2000-01-04,64.0,63.0,63.25,63.0,0.0,271017.0,
2000-01-05,61.0,59.5,60.25,61.0,0.0,10786.0,
2000-01-06,59.0,59.0,60.0,59.0,0.0,7703.0,
2000-01-07,62.0,60.0,62.25,60.5,0.0,39892.0,
2000-01-10,64.5,64.0,64.0,64.5,0.0,32511.0,
2000-01-11,64.22,64.0,64.5,64.0,0.0,145407.0,
2000-01-12,63.0,63.0,63.75,63.0,0.0,175000.0,
2000-01-13,64.0,63.0,63.75,63.0,0.0,10500.0,
2000-01-14,65.0,64.0,65.5,65.0,0.0,103455.0,
2000-01-17,66.5,66.5,66.5,66.5,0.0,140000.0,
2000-01-18,67.5,66.0,66.75,67.0,0.0,105788.0,
2000-01-19,66.0,66.0,66.5,66.0,0.0,11000.0,
2000-01-20,66.0,66.0,65.5,66.0,0.0,10929.0,
2000-01-21,66.0,65.0,65.5,65.0,0.0,27595.0,
2000-01-24,65.5,65.5,65.5,65.5,0.0,0.0,
2000-01-25,64.0,63.0,63.5,64.0,0.0,67000.0,
2000-01-26,64.0,63.0,63.5,63.0,0.0,23500.0,
2000-01-27,65.0,64.5,64.5,64.5,0.0,51800.0,
2000-01-28,65.0,64.0,64.0,64.0,0.0,17181.0,
2000-01-31,62.5,62.0,62.75,62.5,0.0,6000.0,
2000-02-01,63.0,63.0,63.0,63.0,0.0,1.0,
2000-02-02,62.5,62.5,62.5,62.5,0.0,1.0,
2000-02-03,63.0,63.0,62.5,63.0,0.0,100000.0,
2000-02-04,64.0,63.0,64.0,63.0,0.0,72339.0,
2000-02-07,64.5,64.0,64.75,64.5,0.0,161524.0,
2000-02-08,67.5,64.75,67.5,64.75,0.0,42931.0,
2000-02-09,69.75,68.5,69.25,69.25,0.0,177874.0,
2000-02-10,69.5,69.5,69.0,69.5,0.0,1000.0,
2000-02-11,71.5,70.25,70.75,71.5,0.0,416955.0,
2000-02-14,71.5,71.5,70.25,71.5,0.0,5750.0,
2000-02-15,69.0,69.0,69.75,69.0,0.0,57000.0,
2000-02-16,69.0,68.22,69.0,69.0,0.0,85156.0,
2000-02-17,68.0,68.0,69.0,68.0,0.0,4000.0,
2000-02-18,69.5,68.0,68.5,68.0,0.0,38216.0,
2000-02-21,69.0,67.0,67.75,69.0,0.0,655430.0,
2000-02-22,66.0,66.0,66.0,66.0,0.0,1500.0,
2000-02-23,65.0,65.0,66.0,65.0,0.0,17500.0,
2000-02-24,67.0,66.0,66.25,67.0,0.0,94000.0,
2000-02-25,67.0,66.0,66.5,66.0,0.0,67876.0,
2000-02-28,66.5,65.0,65.5,66.5,0.0,32462.0,
2000-02-29,65.0,64.5,66.0,65.0,0.0,23000.0,
2000-03-01,66.0,65.5,66.25,65.5,0.0,4000.0,
2000-03-02,66.0,66.0,67.0,66.0,0.0,13000.0,
2000-03-03,69.5,67.0,69.0,67.0,0.0,69741.0,
2000-03-06,70.5,69.0,69.5,70.0,0.0,102000.0,
2000-03-07,69.875,69.0,69.5,69.0,0.0,168000.0,
2000-03-08,69.0,69.0,69.5,69.0,0.0,1000.0,
2000-03-09,70.0,69.0,69.5,69.0,0.0,3954.0,
2000-03-10,70.5,69.0,69.75,69.0,0.0,61118.0,
2000-03-13,67.0,67.0,67.75,67.0,0.0,6195.0,
2000-03-14,67.0,67.0,67.75,67.0,0.0,31713.0,
2000-03-15,67.0,67.0,67.75,67.0,0.0,57900.0,
2000-03-16,68.0,67.5,68.25,68.0,0.0,229128.0,
2000-03-17,69.25,68.0,68.75,69.25,0.0,14602.0,
2000-03-20,68.5,68.5,68.5,68.5,0.0,1.0,
2000-03-21,69.0,67.5,68.0,69.0,0.0,11000.0,
2000-03-22,68.0,68.0,68.25,68.0,0.0,29500.0,
2000-03-23,68.5,68.0,68.25,68.5,0.0,20231.0,
2000-03-24,69.0,67.5,68.5,67.5,0.0,132992.0,
2000-03-27,69.5,68.0,69.0,68.0,0.0,72293.0,
2000-03-28,71.0,69.5,70.5,69.5,0.0,610186.0,
2000-03-29,70.5,69.5,70.0,70.0,0.0,33120.0,
2000-03-30,69.5,68.0,68.75,68.0,0.0,27545.0,
2000-03-31,69.0,68.0,68.5,68.0,0.0,48588.0,
2000-04-03,68.0,67.0,67.0,68.0,0.0,66700.0,
2000-04-04,65.5,64.5,64.25,65.5,0.0,14008.0,
2000-04-05,63.0,62.5,63.75,63.0,0.0,15000.0,
2000-04-06,64.5,62.75,64.0,62.75,0.0,31065.0,
2000-04-07,64.5,64.0,64.75,64.5,0.0,141044.0,
2000-04-10,65.0,64.5,64.75,65.0,0.0,6731.0,
2000-04-11,64.75,63.0,64.0,64.75,0.0,7000.0,
2000-04-12,63.0,63.0,63.75,63.0,0.0,10000.0,
2000-04-13,62.75,62.75,62.75,62.75,0.0,1.0,
2000-04-14,62.0,60.5,61.0,60.5,0.0,13334.0,
2000-04-17,58.0,57.5,58.0,58.0,0.0,35000.0,
2000-04-18,57.0,57.0,57.75,57.0,0.0,62000.0,
2000-04-19,58.0,58.0,57.75,58.0,0.0,1000.0,
2000-04-20,58.0,56.0,57.0,57.0,0.0,26608.0,
2000-04-21,57.0,57.0,57.0,57.0,0.0,0.0,
2000-04-24,57.0,57.0,57.0,57.0,0.0,0.0,
2000-04-25,57.5,56.0,56.75,56.0,0.0,226152.0,
2000-04-26,57.5,57.5,57.0,57.5,0.0,1740.0,
2000-04-27,56.0,56.0,56.0,56.0,0.0,10000.0,
2000-04-28,59.0,55.0,56.25,57.0,0.0,558184.0,
2000-05-01,56.25,56.25,56.25,56.25,0.0,0.0,
2000-05-02,57.5,57.5,57.25,57.5,0.0,100000.0,
2000-05-03,56.5,56.5,57.5,56.5,0.0,36012.0,
2000-05-04,57.0,57.0,57.0,57.0,0.0,1.0,
2000-05-05,58.0,56.5,57.5,56.5,0.0,75556.0,
2000-05-08,58.0,57.0,57.5,58.0,0.0,24770.0,
2000-05-09,57.5,57.5,57.5,57.5,0.0,575000.0,
2000-05-10,57.0,57.0,57.5,57.0,0.0,1000.0,
2000-05-11,57.0,56.0,56.75,56.0,0.0,1007000.0,
2000-05-12,57.0,56.5,56.75,56.5,0.0,1058635.0,
2000-05-15,57.0,57.0,57.25,57.0,0.0,2441000.0,
2000-05-16,58.5,57.75,58.0,58.5,0.0,34500.0,
2000-05-17,58.25,58.25,58.25,58.25,0.0,1.0,
2000-05-18,57.0,57.0,57.5,57.0,0.0,3518.0,
2000-05-19,58.25,56.5,57.25,58.0,0.0,35781.0,
2000-05-22,56.0,56.0,56.25,56.0,0.0,3000.0,
2000-05-23,55.0,55.0,56.0,55.0,0.0,3800.0,
2000-05-24,56.0,56.0,55.0,56.0,0.0,30000.0,
2000-05-25,56.0,55.0,56.0,55.0,0.0,23773.0,
2000-05-26,56.0,54.5,56.0,54.5,0.0,104142.0,
2000-05-29,56.0,56.0,56.0,56.0,0.0,0.0,
2000-05-30,56.5,55.5,56.0,55.5,0.0,23639.0,
2000-05-31,57.5,56.5,57.0,57.0,0.0,37500.0,
2000-06-01,59.0,57.5,58.5,57.5,0.0,3276000.0,
2000-06-02,61.5,58.5,60.5,59.5,0.0,1710471.0,
2000-06-05,63.5,62.25,62.75,62.25,0.0,3013600.0,
2000-06-06,64.0,62.5,63.25,62.75,0.0,6543800.0,
2000-06-07,65.5,63.75,63.75,64.5,0.0,1277100.0,
2000-06-08,65.0,64.75,64.5,64.75,0.0,269000.0,
2000-06-09,66.0,65.0,66.0,66.0,0.0,56717.0,
2000-06-12,67.5,66.5,67.25,66.5,0.0,6061.0,
2000-06-13,68.5,66.5,68.5,67.0,0.0,161300.0,
2000-06-14,69.5,68.5,68.25,69.25,0.0,2415525.0,
2000-06-15,68.0,67.5,68.0,68.0,0.0,26000.0,
2000-06-16,68.0,67.0,67.5,67.5,0.0,61615.0,
2000-06-19,68.0,67.0,67.5,68.0,0.0,4800.0,
2000-06-20,68.0,67.0,67.5,67.75,0.0,503904.0,
2000-06-21,68.0,67.0,67.5,67.0,0.0,21400.0,
2000-06-22,67.0,67.0,67.5,67.0,0.0,2000.0,
2000-06-23,67.5,66.5,67.0,66.5,0.0,11325.0,
2000-06-26,67.5,66.5,67.0,67.5,0.0,104429.0,
2000-06-27,66.5,66.5,67.0,66.5,0.0,21500.0,
2000-06-28,66.0,66.0,66.5,66.0,0.0,70000.0,
2000-06-29,66.0,66.0,66.5,66.0,0.0,3500.0,
2000-06-30,66.0,66.0,66.25,66.0,0.0,5617.0,
2000-07-03,67.0,66.0,66.5,66.0,0.0,284500.0,
2000-07-04,66.75,66.75,67.5,66.75,0.0,2000.0,
2000-07-05,68.0,68.0,68.0,68.0,0.0,1.0,
2000-07-06,68.0,68.0,68.0,68.0,0.0,0.0,
2000-07-07,68.25,67.0,67.5,68.25,0.0,20487.0,
2000-07-10,67.0,67.0,67.5,67.0,0.0,2337.0,
2000-07-11,67.5,67.5,67.5,67.5,0.0,0.0,
2000-07-12,66.5,66.5,67.25,66.5,0.0,43689.0,
2000-07-13,67.25,67.25,67.25,67.25,0.0,0.0,
2000-07-14,68.0,66.0,67.0,66.0,0.0,22335.0,
2000-07-17,68.0,66.0,67.0,66.0,0.0,7062.0,
2000-07-18,68.0,68.0,67.0,68.0,0.0,7100.0,
2000-07-19,66.0,66.0,67.0,66.0,0.0,13000.0,
2000-07-20,68.0,66.5,67.0,66.5,0.0,6143.0,
2000-07-21,68.0,66.0,67.0,66.0,0.0,10147.0,
2000-07-24,66.0,66.0,67.0,66.0,0.0,1000.0,
2000-07-25,66.75,66.0,66.75,66.5,0.0,102600.0,
2000-07-26,67.25,66.0,66.5,66.0,0.0,58100.0,
2000-07-27,67.0,65.5,66.25,65.5,0.0,41000.0,
2000-07-28,65.5,63.5,63.0,63.5,0.0,84284.0,
2000-07-31,62.5,61.0,62.0,62.5,0.0,116000.0,
2000-08-01,62.5,62.5,62.5,62.5,0.0,250000.0,
2000-08-02,62.0,62.0,62.5,62.0,0.0,12969.0,
2000-08-03,63.0,62.0,62.5,62.0,0.0,119048.0,
2000-08-04,63.0,62.0,62.5,62.0,0.0,11974.0,
2000-08-07,62.5,62.5,62.5,62.5,0.0,0.0,
2000-08-08,63.0,62.0,62.5,63.0,0.0,18050.0,
2000-08-09,62.0,62.0,62.5,62.0,0.0,13200.0,
2000-08-10,62.5,62.5,62.5,62.5,0.0,0.0,
2000-08-11,63.0,62.5,62.5,62.5,0.0,11881.0,
2000-08-14,62.5,62.5,63.0,62.5,0.0,6000.0,
2000-08-15,63.25,63.0,63.75,63.25,0.0,7500.0,
2000-08-16,64.5,64.5,64.0,64.5,0.0,25000.0,
2000-08-17,64.5,64.5,64.0,64.5,0.0,25000.0,
2000-08-18,65.0,64.0,64.5,64.0,0.0,47084.0,
2000-08-21,65.0,64.0,64.5,64.0,0.0,17638.0,
2000-08-22,65.0,63.25,64.75,63.25,0.0,1907700.0,
2000-08-23,65.0,64.5,64.75,64.5,0.0,11000.0,
2000-08-24,65.25,65.25,65.25,65.25,0.0,1.0,
2000-08-25,66.0,64.5,65.25,64.5,0.0,14936.0,
2000-08-28,65.25,65.25,65.25,65.25,0.0,0.0,
2000-08-29,66.0,64.5,65.25,66.0,0.0,301684.0,
2000-08-30,65.25,65.25,65.25,65.25,0.0,0.0,
2000-08-31,67.0,65.0,66.25,66.0,0.0,5033250.0,
2000-09-01,69.0,69.0,68.25,69.0,0.0,11536.0,
2000-09-04,68.0,68.0,68.5,68.0,0.0,10301.0,
2000-09-05,68.0,68.0,68.5,68.0,0.0,3000.0,
2000-09-06,68.5,68.5,68.5,68.5,0.0,0.0,
2000-09-07,68.0,68.0,68.5,68.0,0.0,1000.0,
2000-09-08,69.5,68.5,69.0,69.5,0.0,44140.0,
2000-09-11,68.75,68.75,68.75,68.75,0.0,1.0,
2000-09-12,68.0,68.0,69.0,68.0,0.0,2050.0,
2000-09-13,68.5,68.5,69.0,68.5,0.0,5000.0,
2000-09-14,70.5,69.5,71.25,69.5,0.0,21160.0,
2000-09-15,72.0,70.0,70.75,70.5,0.0,112954.0,
2000-09-18,70.0,69.0,69.75,70.0,0.0,106970.0,
2000-09-19,69.0,66.0,66.25,68.0,0.0,51000.0,
2000-09-20,67.0,65.0,66.0,65.5,0.0,602400.0,
2000-09-21,67.0,65.5,66.25,65.5,0.0,2655100.0,
2000-09-22,65.5,64.0,64.75,65.5,0.0,18206.0,
2000-09-25,64.25,63.5,64.5,64.25,0.0,81000.0,
2000-09-26,64.0,63.5,64.25,63.5,0.0,34000.0,
2000-09-27,64.25,64.25,63.75,64.25,0.0,7619.0,
2000-09-28,63.0,62.0,62.75,63.0,0.0,27000.0,
2000-09-29,63.5,63.5,62.75,63.5,0.0,107875.0,
2000-10-02,63.5,63.5,62.75,63.5,0.0,32.0,
2000-10-03,62.75,62.75,62.75,62.75,0.0,0.0,
2000-10-04,62.0,62.0,62.75,62.0,0.0,1000.0,
2000-10-05,63.25,62.0,62.75,63.25,0.0,6881.0,
2000-10-06,64.0,63.0,63.5,63.0,0.0,57809.0,
2000-10-09,63.5,62.0,62.75,63.5,0.0,7866.0,
2000-10-10,62.0,62.0,62.75,62.0,0.0,6000.0,
2000-10-11,61.25,61.25,61.25,61.25,0.0,1.0,
2000-10-12,60.5,60.5,60.5,60.5,0.0,1.0,
2000-10-13,60.0,58.5,59.25,58.5,0.0,5564.0,
2000-10-16,60.0,60.0,60.0,60.0,0.0,1.0,
2000-10-17,59.25,59.25,59.25,59.25,0.0,1.0,
2000-10-18,58.0,57.5,57.75,58.0,0.0,5684.0,
2000-10-19,57.75,57.75,57.75,57.75,0.0,0.0,
2000-10-20,59.0,58.0,58.5,58.0,0.0,73566.0,
2000-10-23,58.5,58.0,58.5,58.0,0.0,107800.0,
2000-10-24,58.0,58.0,58.5,58.0,0.0,2000.0,
2000-10-25,59.0,57.5,58.25,57.5,0.0,4800.0,
2000-10-26,58.25,58.25,58.25,58.25,0.0,0.0,
2000-10-27,59.0,57.5,58.25,59.0,0.0,31571.0,
2000-10-30,58.25,58.25,58.25,58.25,0.0,0.0,
2000-10-31,58.25,58.25,58.25,58.25,0.0,0.0,
2000-11-01,59.25,58.0,59.0,58.0,0.0,154200.0,
2000-11-02,59.5,59.5,59.5,59.5,0.0,1.0,
2000-11-03,60.5,59.5,60.0,59.5,0.0,8253.0,
2000-11-06,60.0,60.0,60.0,60.0,0.0,0.0,
2000-11-07,60.25,59.5,60.25,59.5,0.0,1512000.0,
2000-11-08,60.5,60.5,61.75,60.5,0.0,10000.0,
2000-11-09,61.75,61.75,61.75,61.75,0.0,0.0,
2000-11-10,62.25,61.0,61.25,61.0,0.0,12686.0,
2000-11-13,59.5,59.5,59.75,59.5,0.0,2500.0,
2000-11-14,61.5,61.5,61.5,61.5,0.0,1.0,
2000-11-15,61.0,61.0,61.5,61.0,0.0,350.0,
2000-11-16,61.0,61.0,61.5,61.0,0.0,3000.0,
2000-11-17,62.0,61.0,61.25,61.0,0.0,39222.0,
2000-11-20,60.75,60.75,60.75,60.75,0.0,1.0,
2000-11-21,60.0,60.0,60.0,60.0,0.0,21713.0,
2000-11-22,59.5,58.0,59.0,59.5,0.0,284000.0,
2000-11-23,57.5,57.5,58.25,57.5,0.0,1000.0,
2000-11-24,59.0,57.5,58.25,57.5,0.0,107486.0,
2000-11-27,59.0,58.0,58.75,59.0,0.0,151500.0,
2000-11-28,58.25,58.25,58.25,58.25,0.0,1.0,
2000-11-29,58.0,57.0,57.5,58.0,0.0,9250.0,
2000-11-30,58.0,56.0,57.0,58.0,0.0,138356.0,
2000-12-01,57.5,56.0,56.5,56.5,0.0,30433.0,
2000-12-04,55.5,55.5,55.0,55.5,0.0,30900.0,
2000-12-05,54.0,53.5,54.0,54.0,0.0,12000.0,
2000-12-06,54.5,54.5,54.0,54.5,0.0,250000.0,
2000-12-07,54.5,54.0,54.75,54.0,0.0,351629.0,
2000-12-08,56.0,54.5,55.0,56.0,0.0,3000.0,
2000-12-11,56.0,54.25,55.5,54.25,0.0,129650.0,
2000-12-12,56.0,56.0,56.0,56.0,0.0,1.0,
2000-12-13,57.0,56.0,56.5,56.0,0.0,12784.0,
2000-12-14,56.0,55.5,56.25,56.0,0.0,8000.0,
2000-12-15,56.0,55.0,55.5,55.0,0.0,20310.0,
2000-12-18,56.0,56.0,56.0,56.0,0.0,1.0,
2000-12-19,55.0,55.0,56.0,55.0,0.0,7000.0,
2000-12-20,55.0,55.0,55.25,55.0,0.0,28600.0,
2000-12-21,54.0,54.0,54.5,54.0,0.0,10000.0,
2000-12-22,55.0,54.0,54.5,54.0,0.0,22629.0,
2000-12-25,54.5,54.5,54.5,54.5,0.0,0.0,
2000-12-26,54.5,54.5,54.5,54.5,0.0,0.0,
2000-12-27,54.5,54.5,54.5,54.5,0.0,0.0,
2000-12-28,54.75,54.75,54.75,54.75,0.0,1.0,
2000-12-29,54.75,54.75,54.75,54.75,0.0,0.0,
2001-01-01,54.75,54.75,54.75,54.75,0.0,0.0,
2001-01-02,53.5,53.5,54.25,53.5,0.0,34000.0,
2001-01-03,53.5,53.5,54.0,53.5,0.0,6136.0,
2001-01-04,56.0,54.25,55.0,56.0,0.0,17382.0,
2001-01-05,55.75,55.75,55.5,55.75,0.0,50000.0,
2001-01-08,56.0,55.0,55.5,55.0,0.0,256000.0,
2001-01-09,56.75,56.0,56.25,56.0,0.0,15382.0,
2001-01-10,57.0,55.75,56.25,55.75,0.0,13000.0,
2001-01-11,56.5,56.5,56.0,56.5,0.0,101384.0,
2001-01-12,57.0,55.5,57.25,55.5,0.0,22637.0,
2001-01-15,59.0,59.0,59.0,59.0,0.0,1.0,
2001-01-16,58.75,58.75,59.25,58.75,0.0,3000.0,
2001-01-17,60.0,60.0,60.0,60.0,0.0,1.0,
2001-01-18,61.0,59.5,60.25,59.5,0.0,34302.0,
2001-01-19,62.5,61.0,61.5,61.0,0.0,18345.0,
2001-01-22,62.5,61.0,61.75,61.0,0.0,109000.0,
2001-01-23,62.0,61.75,62.5,62.0,0.0,19500.0,
2001-01-24,63.0,62.5,63.25,63.0,0.0,68050.0,
2001-01-25,62.75,62.75,63.25,62.75,0.0,1000.0,
2001-01-26,64.0,62.5,63.5,64.0,0.0,7447.0,
2001-01-29,63.0,63.0,63.5,63.0,0.0,7044.0,
2001-01-30,63.5,63.5,63.5,63.5,0.0,0.0,
2001-01-31,65.0,63.5,64.5,63.5,0.0,81191.0,
2001-02-01,63.5,63.5,64.25,63.5,0.0,25000.0,
2001-02-02,65.0,63.5,64.0,63.75,0.0,1525802.0,
2001-02-05,63.0,62.5,63.25,62.5,0.0,80000.0,
2001-02-06,63.5,62.25,63.25,62.25,0.0,53600.0,
2001-02-07,63.5,62.5,63.0,62.5,0.0,6000.0,
2001-02-08,63.0,62.0,62.5,63.0,0.0,9349.0,
2001-02-09,63.0,61.5,62.0,63.0,0.0,15166.0,
2001-02-12,61.0,61.0,62.0,61.0,0.0,16000.0,
2001-02-13,61.25,61.0,61.75,61.25,0.0,12500.0,
2001-02-14,61.0,61.0,61.0,61.0,0.0,1.0,
2001-02-15,61.311,60.75,61.25,60.75,0.0,201500.0,
2001-02-16,62.0,60.5,61.25,60.5,0.0,19543.0,
2001-02-19,63.627,62.0,63.5,62.0,0.0,1530850.0,
2001-02-20,64.5,63.5,64.25,64.0625,0.0,4468500.0,
2001-02-21,64.0,63.5,64.25,64.0,0.0,271410.0,
2001-02-22,63.25,62.5,63.25,63.25,0.0,1464175.0,
2001-02-23,63.5,61.5,62.25,62.5,0.0,24460.0,
2001-02-26,63.5,61.0,61.5,61.5,0.0,80900.0,
2001-02-27,61.0,60.0,60.75,60.0,0.0,981600.0,
2001-02-28,60.0,60.0,60.5,60.0,0.0,42500.0,
2001-03-01,59.75,59.5,60.0,59.5,0.0,21000.0,
2001-03-02,61.0,59.0,59.5,59.25,0.0,165883.0,
2001-03-05,59.1,59.0,59.5,59.0,0.0,207142.0,
2001-03-06,60.6,60.0,60.5,60.25,0.0,78354.0,
2001-03-07,60.25,60.0,60.5,60.25,0.0,79314.0,
2001-03-08,60.25,59.0,60.0,60.0,0.0,94288.0,
2001-03-09,60.0,58.5,59.25,59.0,0.0,60108.0,
2001-03-12,58.1,57.5,58.0,58.1,0.0,37000.0,
2001-03-13,56.0,56.0,56.5,56.0,0.0,12700.0,
2001-03-14,56.5,56.5,56.5,56.5,0.0,0.0,
2001-03-15,56.5,56.5,56.5,56.5,0.0,0.0,
2001-03-16,58.0,55.0,56.5,58.0,0.0,13058.0,
2001-03-19,56.5,56.5,56.5,56.5,0.0,0.0,
2001-03-20,57.5,57.5,57.5,57.5,0.0,1.0,
2001-03-21,57.5,57.5,57.5,57.5,0.0,0.0,
2001-03-22,57.5,57.5,57.5,57.5,0.0,0.0,
2001-03-23,92.5,92.5,92.5,92.5,0.0,1.0,
2001-03-26,92.5,92.5,92.5,92.5,0.0,4453242.0,
2001-03-27,90.0,90.0,90.0,90.0,0.0,1.0,
2001-03-28,100.0,100.0,92.25,100.0,0.0,2346.0,
2001-03-29,92.25,92.25,92.25,92.25,0.0,0.0,
2001-03-30,92.5,92.5,92.5,92.5,0.0,1.0,
2001-04-02,92.5,92.5,92.5,92.5,0.0,0.0,
2001-04-03,91.5,91.5,91.5,91.5,0.0,1.0,
2001-04-04,85.0,85.0,91.5,85.0,0.0,594.0,
2001-04-05,90.0,90.0,90.0,90.0,0.0,1.0,
2001-04-06,89.0,89.0,89.0,89.0,0.0,1.0,
2001-04-09,82.0,81.5,85.5,82.0,0.0,5039.0,
2001-04-10,85.5,85.5,85.5,85.5,0.0,600000.0,
2001-04-11,85.5,85.5,85.5,85.5,0.0,0.0,
2001-04-12,85.0,80.0,84.5,80.0,0.0,101250.0,
2001-04-13,84.5,84.5,84.5,84.5,0.0,0.0,
2001-04-16,84.5,84.5,84.5,84.5,0.0,0.0,
2001-04-17,85.0,85.0,84.5,85.0,0.0,1750.0,
2001-04-18,84.0,84.0,84.0,84.0,0.0,1.0,
2001-04-19,84.0,84.0,84.0,84.0,0.0,0.0,
2001-04-20,91.0,91.0,84.0,91.0,0.0,21224.0,
2001-04-23,84.0,84.0,84.0,84.0,0.0,0.0,
2001-04-24,84.0,84.0,84.0,84.0,0.0,0.0,
2001-04-25,84.0,84.0,84.0,84.0,0.0,0.0,
2001-04-26,84.0,84.0,84.0,84.0,0.0,0.0,
2001-04-27,77.0,77.0,84.0,77.0,0.0,4.0,
2001-04-30,84.25,84.25,84.25,84.25,0.0,1.0,
2001-05-01,84.25,84.25,84.25,84.25,0.0,0.0,
2001-05-02,78.0,78.0,85.0,78.0,0.0,1000.0,
2001-05-03,84.5,84.5,84.5,84.5,0.0,1.0,
2001-05-04,92.0,92.0,84.5,92.0,0.0,13653.0,
2001-05-07,84.5,84.5,84.5,84.5,0.0,0.0,
2001-05-08,84.5,84.5,84.5,84.5,0.0,0.0,
2001-05-09,77.0,77.0,84.5,77.0,0.0,172.0,
2001-05-10,84.0,84.0,84.0,84.0,0.0,1.0,
2001-05-11,84.0,84.0,84.0,84.0,0.0,0.0,
2001-05-14,84.0,84.0,84.0,84.0,0.0,0.0,
2001-05-15,84.0,84.0,84.0,84.0,0.0,0.0,
2001-05-16,84.0,84.0,84.0,84.0,0.0,0.0,
2001-05-17,84.0,84.0,84.0,84.0,0.0,0.0,
2001-05-18,91.0,91.0,84.0,91.0,0.0,4378.0,
2001-05-21,84.0,84.0,84.0,84.0,0.0,0.0,
2001-05-22,84.0,84.0,84.0,84.0,0.0,0.0,
2001-05-23,85.5,85.5,85.5,85.5,0.0,1.0,
2001-05-24,85.5,85.5,85.5,85.5,0.0,0.0,
2001-05-25,91.0,91.0,85.5,91.0,0.0,14.0,
2001-05-28,85.5,85.5,85.5,85.5,0.0,0.0,
2001-05-29,85.5,85.5,87.5,85.5,0.0,8000.0,
2001-05-30,87.5,87.5,87.5,87.5,0.0,240000.0,
2001-05-31,87.5,87.5,87.5,87.5,0.0,0.0,
2001-06-01,87.5,87.5,87.5,87.5,0.0,0.0,
2001-06-04,87.5,87.5,87.5,87.5,0.0,0.0,
2001-06-05,95.0,80.0,87.5,80.0,0.0,3353.0,
2001-06-06,87.5,87.5,87.5,87.5,0.0,0.0,
2001-06-07,87.5,87.5,87.5,87.5,0.0,0.0,
2001-06-08,94.0,94.0,88.5,94.0,0.0,10004.0,
2001-06-11,83.0,83.0,87.0,83.0,0.0,40000.0,
2001-06-12,93.0,93.0,87.0,93.0,0.0,3113.0,
2001-06-13,87.0,87.0,87.0,87.0,0.0,0.0,
2001-06-14,87.0,87.0,87.0,87.0,0.0,0.0,
2001-06-15,94.0,94.0,87.0,94.0,0.0,716.0,
2001-06-18,86.0,86.0,86.0,86.0,0.0,1.0,
2001-06-19,85.75,85.75,85.75,85.75,0.0,1.0,
2001-06-20,85.5,85.5,85.5,85.5,0.0,1.0,
2001-06-21,85.5,85.5,85.5,85.5,0.0,0.0,
2001-06-22,93.0,85.5,85.5,85.5,0.0,1500496.0,
2001-06-25,85.5,85.5,85.5,85.5,0.0,0.0,
2001-06-26,84.5,84.5,84.5,84.5,0.0,1.0,
2001-06-27,84.5,84.5,84.5,84.5,0.0,0.0,
2001-06-28,82.5,82.5,82.5,82.5,0.0,1.0,
2001-06-29,75.0,75.0,82.5,75.0,0.0,119.0,
2001-07-02,76.0,76.0,81.5,76.0,0.0,10004.0,
2001-07-03,80.75,80.75,80.75,80.75,0.0,1.0,
2001-07-04,79.0,79.0,79.0,79.0,0.0,1.0,
2001-07-05,85.0,72.0,78.0,85.0,0.0,981.0,
2001-07-06,70.0,70.0,77.5,70.0,0.0,814.0,
2001-07-09,70.0,70.0,77.5,70.0,0.0,119.0,
2001-07-10,71.0,69.0,71.5,71.0,0.0,26974.0,
2001-07-11,70.5,70.5,70.5,70.5,0.0,1.0,
2001-07-12,70.5,70.5,70.5,70.5,0.0,0.0,
2001-07-13,63.0,63.0,69.0,63.0,0.0,6032.0,
2001-07-16,69.0,69.0,69.0,69.0,0.0,0.0,
2001-07-17,69.0,69.0,69.0,69.0,0.0,0.0,
2001-07-18,68.5,68.5,68.5,68.5,0.0,594.0,
2001-07-19,68.5,68.5,68.5,68.5,0.0,0.0,
2001-07-20,74.0,73.0,67.0,74.0,0.0,1387.0,
2001-07-23,67.5,67.5,67.5,67.5,0.0,1.0,
2001-07-24,67.5,67.5,67.5,67.5,0.0,0.0,
2001-07-25,67.5,67.5,67.5,67.5,0.0,0.0,
2001-07-26,61.5,61.5,61.5,61.5,0.0,1.0,
2001-07-27,69.0,69.0,64.5,69.0,0.0,2884.0,
2001-07-30,69.0,69.0,65.5,69.0,0.0,2000.0,
2001-07-31,65.5,65.5,65.5,65.5,0.0,0.0,
2001-08-01,71.75,71.75,71.75,71.75,0.0,1.0,
2001-08-02,73.5,73.5,73.5,73.5,0.0,1.0,
2001-08-03,78.0,78.0,73.0,78.0,0.0,2464.0,
2001-08-06,64.0,64.0,73.5,64.0,0.0,112654.0,
2001-08-07,73.5,73.5,73.5,73.5,0.0,0.0,
2001-08-08,79.0,79.0,77.0,79.0,0.0,12000.0,
2001-08-09,70.0,70.0,77.0,70.0,0.0,100000.0,
2001-08-10,77.0,77.0,77.0,77.0,0.0,294000.0,
2001-08-13,70.0,70.0,77.0,70.0,0.0,119.0,
2001-08-14,70.0,70.0,77.0,70.0,0.0,558.0,
2001-08-15,77.0,77.0,77.0,77.0,0.0,32752.0,
2001-08-16,85.0,84.0,77.5,85.0,0.0,21502.0,
2001-08-17,85.0,85.0,77.5,85.0,0.0,817.0,
2001-08-20,77.5,77.5,77.5,77.5,0.0,0.0,
2001-08-21,77.5,77.5,77.5,77.5,0.0,0.0,
2001-08-22,70.0,70.0,77.5,70.0,0.0,19.0,
2001-08-23,77.5,77.5,77.5,77.5,0.0,0.0,
2001-08-24,85.0,85.0,77.5,85.0,0.0,1346.0,
2001-08-27,77.5,77.5,77.5,77.5,0.0,0.0,
2001-08-28,77.5,77.5,77.5,77.5,0.0,0.0,
2001-08-29,77.7,75.5,75.5,75.5,0.0,870000.0,
2001-08-30,75.5,75.5,75.5,75.5,0.0,0.0,
2001-08-31,75.5,75.5,75.5,75.5,0.0,5500.0,
2001-09-03,75.5,75.5,75.5,75.5,0.0,594.0,
2001-09-04,75.5,75.5,75.5,75.5,0.0,0.0,
2001-09-05,75.5,75.5,75.5,75.5,0.0,0.0,
2001-09-06,83.0,83.0,75.5,83.0,0.0,2157.0,
2001-09-07,66.5,66.5,74.0,66.5,0.0,1782.0,
2001-09-10,66.5,66.5,74.0,66.5,0.0,1307.0,
2001-09-11,72.5,72.5,72.5,72.5,0.0,1.0,
2001-09-12,72.5,72.5,72.5,72.5,0.0,0.0,
2001-09-13,80.0,80.0,72.5,80.0,0.0,119.0,
2001-09-14,72.5,72.5,72.5,72.5,0.0,0.0,
2001-09-17,71.5,71.5,71.5,71.5,0.0,1.0,
2001-09-18,67.5,67.5,67.5,67.5,0.0,1.0,
2001-09-19,67.5,67.5,67.5,67.5,0.0,0.0,
2001-09-20,65.0,65.0,65.0,65.0,0.0,1.0,
2001-09-21,70.0,70.0,57.5,70.0,0.0,1588.0,
2001-09-24,65.0,65.0,57.5,65.0,0.0,747.0,
2001-09-25,65.0,65.0,57.5,65.0,0.0,819.0,
2001-09-26,57.5,57.5,57.5,57.5,0.0,0.0,
2001-09-27,57.5,57.5,57.5,57.5,0.0,0.0,
2001-09-28,57.5,57.5,57.5,57.5,0.0,0.0,
2001-10-01,57.5,57.5,57.5,57.5,0.0,0.0,
2001-10-02,57.5,57.5,57.5,57.5,0.0,0.0,
2001-10-03,57.5,57.5,57.5,57.5,0.0,0.0,
2001-10-04,57.5,57.5,57.5,57.5,0.0,0.0,
2001-10-05,57.5,57.5,57.5,57.5,0.0,0.0,
2001-10-08,57.5,57.5,57.5,57.5,0.0,0.0,
2001-10-09,57.5,57.5,57.5,57.5,0.0,0.0,
2001-10-10,57.5,57.5,57.5,57.5,0.0,0.0,
2001-10-11,57.5,57.5,57.5,57.5,0.0,0.0,
2001-10-12,51.0,51.0,57.5,51.0,0.0,3146.0,
2001-10-15,57.5,57.5,57.5,57.5,0.0,0.0,
2001-10-16,57.5,57.5,57.5,57.5,0.0,0.0,
2001-10-17,57.5,57.5,57.5,57.5,0.0,0.0,
2001-10-18,57.5,57.5,57.5,57.5,0.0,0.0,
2001-10-19,57.5,57.5,57.5,57.5,0.0,0.0,
2001-10-22,57.5,57.5,57.5,57.5,0.0,0.0,
2001-10-23,65.0,65.0,57.5,65.0,0.0,915.0,
2001-10-24,57.5,57.5,57.5,57.5,0.0,0.0,
2001-10-25,57.5,57.5,57.5,57.5,0.0,0.0,
2001-10-26,57.5,57.5,57.5,57.5,0.0,0.0,
2001-10-29,57.5,57.5,57.5,57.5,0.0,0.0,
2001-10-30,57.5,57.5,57.5,57.5,0.0,0.0,
2001-10-31,57.5,57.5,57.5,57.5,0.0,0.0,
2001-11-01,52.5,52.5,52.5,52.5,0.0,1.0,
2001-11-02,52.5,52.5,52.5,52.5,0.0,0.0,
2001-11-05,52.5,52.5,52.5,52.5,0.0,0.0,
2001-11-06,52.5,52.5,52.5,52.5,0.0,0.0,
2001-11-07,52.5,52.5,52.5,52.5,0.0,0.0,
2001-11-08,52.5,52.5,52.5,52.5,0.0,0.0,
2001-11-09,55.0,55.0,52.5,55.0,0.0,10238.0,
2001-11-12,58.0,58.0,52.5,58.0,0.0,4600.0,
2001-11-13,52.5,47.0,52.5,47.0,0.0,954600.0,
2001-11-14,45.0,45.0,52.5,45.0,0.0,167.0,
2001-11-15,52.5,52.5,52.5,52.5,0.0,0.0,
2001-11-16,52.5,52.5,52.5,52.5,0.0,0.0,
2001-11-19,52.5,52.5,52.5,52.5,0.0,0.0,
2001-11-20,60.0,60.0,52.5,60.0,0.0,139.0,
2001-11-21,50.0,50.0,50.0,50.0,0.0,1.0,
2001-11-22,55.0,55.0,50.0,55.0,0.0,1020.0,
2001-11-23,55.0,55.0,51.5,55.0,0.0,7500.0,
2001-11-26,58.0,58.0,51.5,58.0,0.0,1772.0,
2001-11-27,51.5,51.5,51.5,51.5,0.0,0.0,
2001-11-28,50.5,50.5,50.5,50.5,0.0,1.0,
2001-11-29,50.5,50.5,50.5,50.5,0.0,0.0,
2001-11-30,50.5,50.5,50.5,50.5,0.0,0.0,
2001-12-01,50.5,50.5,50.5,50.5,0.0,0.0,
2001-12-03,50.5,50.5,50.5,50.5,0.0,0.0,
2001-12-04,50.5,50.5,50.5,50.5,0.0,0.0,
2001-12-05,50.5,50.5,50.5,50.5,0.0,0.0,
2001-12-06,50.0,50.0,50.0,50.0,0.0,1.0,
2001-12-07,50.0,50.0,50.0,50.0,0.0,0.0,
2001-12-10,50.0,50.0,50.0,50.0,0.0,0.0,
2001-12-11,50.0,50.0,50.0,50.0,0.0,0.0,
2001-12-12,50.0,50.0,50.0,50.0,0.0,0.0,
2001-12-13,50.0,50.0,50.0,50.0,0.0,0.0,
2001-12-14,50.0,50.0,50.0,50.0,0.0,0.0,
2001-12-17,50.0,50.0,50.0,50.0,0.0,0.0,
2001-12-18,50.0,50.0,50.0,50.0,0.0,0.0,
2001-12-19,50.0,50.0,50.0,50.0,0.0,0.0,
2001-12-20,57.0,57.0,50.0,57.0,0.0,3045.0,
2001-12-21,50.0,50.0,50.0,50.0,0.0,0.0,
2001-12-24,43.0,43.0,50.5,43.0,0.0,70.0,
2001-12-25,50.5,50.5,50.5,50.5,0.0,0.0,
2001-12-26,50.5,50.5,50.5,50.5,0.0,0.0,
2001-12-27,43.0,43.0,50.0,43.0,0.0,567.0,
2001-12-28,50.0,50.0,50.0,50.0,0.0,0.0,
2001-12-31,50.0,50.0,50.0,50.0,0.0,0.0,
2002-01-01,50.0,50.0,50.0,50.0,0.0,0.0,
2002-01-02,50.0,50.0,50.0,50.0,0.0,0.0,
2002-01-03,50.0,50.0,50.0,50.0,0.0,0.0,
2002-01-04,50.0,50.0,50.0,50.0,0.0,0.0,
2002-01-07,50.0,50.0,50.0,50.0,0.0,0.0,
2002-01-08,43.0,43.0,50.0,43.0,0.0,119.0,
2002-01-09,50.0,50.0,50.0,50.0,0.0,0.0,
2002-01-10,50.0,50.0,50.0,50.0,0.0,0.0,
2002-01-11,50.0,50.0,50.0,50.0,0.0,0.0,
2002-01-14,57.0,57.0,50.0,57.0,0.0,119.0,
2002-01-15,50.0,50.0,50.0,50.0,0.0,0.0,
2002-01-16,50.0,50.0,50.0,50.0,0.0,0.0,
2002-01-17,50.0,50.0,50.0,50.0,0.0,0.0,
2002-01-18,50.0,50.0,50.0,50.0,0.0,0.0,
2002-01-21,50.0,50.0,50.0,50.0,0.0,0.0,
2002-01-22,57.0,55.0,50.0,57.0,0.0,8837.0,
2002-01-23,50.0,50.0,50.0,50.0,0.0,0.0,
2002-01-24,50.0,50.0,50.0,50.0,0.0,0.0,
2002-01-25,57.0,57.0,50.0,57.0,0.0,877.0,
2002-01-28,52.0,50.5,50.5,52.0,0.0,250588.0,
2002-01-29,50.0,50.0,50.0,50.0,0.0,1.0,
2002-01-30,50.0,50.0,50.0,50.0,0.0,0.0,
2002-01-31,50.0,50.0,50.0,50.0,0.0,0.0,
2002-02-01,50.0,50.0,50.0,50.0,0.0,0.0,
2002-02-04,45.0,45.0,50.0,45.0,0.0,649.0,
2002-02-05,50.0,50.0,50.0,50.0,0.0,0.0,
2002-02-06,50.0,50.0,50.0,50.0,0.0,0.0,
2002-02-07,50.0,50.0,50.0,50.0,0.0,0.0,
2002-02-08,50.0,50.0,50.0,50.0,0.0,0.0,
2002-02-11,50.0,50.0,50.0,50.0,0.0,0.0,
2002-02-12,50.0,50.0,50.0,50.0,0.0,0.0,
2002-02-13,50.0,50.0,50.0,50.0,0.0,0.0,
2002-02-14,50.0,50.0,50.0,50.0,0.0,0.0,
2002-02-15,50.0,50.0,50.0,50.0,0.0,0.0,
2002-02-18,50.0,50.0,50.0,50.0,0.0,0.0,
2002-02-19,57.0,57.0,50.0,57.0,0.0,37.0,
2002-02-20,42.0,42.0,47.0,42.0,0.0,744.0,
2002-02-21,54.0,54.0,47.0,54.0,0.0,5.0,
2002-02-22,54.0,54.0,47.0,54.0,0.0,883.0,
2002-02-25,47.0,47.0,47.0,47.0,0.0,0.0,
2002-02-26,47.0,47.0,47.0,47.0,0.0,0.0,
2002-02-27,46.5,46.5,46.5,46.5,0.0,1.0,
2002-02-28,46.5,46.5,46.5,46.5,0.0,0.0,
2002-03-01,45.5,45.5,45.5,45.5,0.0,1.0,
2002-03-04,45.5,45.5,45.5,45.5,0.0,0.0,
2002-03-05,45.5,45.5,45.5,45.5,0.0,0.0,
2002-03-06,45.5,45.5,45.5,45.5,0.0,0.0,
2002-03-07,45.5,45.5,45.5,45.5,0.0,0.0,
2002-03-08,47.75,44.75,43.0,44.75,0.0,3589342.0,
2002-03-11,43.0,43.0,43.0,43.0,0.0,0.0,
2002-03-12,43.0,43.0,43.0,43.0,0.0,0.0,
2002-03-13,42.5,42.5,42.5,42.5,0.0,1.0,
2002-03-14,42.5,42.5,42.5,42.5,0.0,0.0,
2002-03-15,42.5,42.5,42.5,42.5,0.0,0.0,
2002-03-18,35.0,35.0,41.5,35.0,0.0,10000.0,
2002-03-19,35.0,35.0,41.0,35.0,0.0,1117.0,
2002-03-20,34.0,34.0,41.0,34.0,0.0,1586.0,
2002-03-21,41.0,41.0,41.0,41.0,0.0,0.0,
2002-03-22,45.0,28.0,38.0,28.0,0.0,28985.0,
2002-03-25,38.0,38.0,38.0,38.0,0.0,0.0,
2002-03-26,38.0,38.0,38.0,38.0,0.0,0.0,
2002-03-27,38.0,38.0,38.0,38.0,0.0,0.0,
2002-03-28,30.0,30.0,36.5,30.0,0.0,9685.0,
2002-03-29,36.5,36.5,36.5,36.5,0.0,0.0,
2002-04-01,36.5,36.5,36.5,36.5,0.0,0.0,
2002-04-02,36.5,36.5,36.5,36.5,0.0,0.0,
2002-04-03,30.0,30.0,36.5,30.0,0.0,566.0,
2002-04-04,31.0,31.0,36.5,31.0,0.0,3296.0,
2002-04-05,36.5,36.5,36.5,36.5,0.0,0.0,
2002-04-08,36.5,36.5,36.5,36.5,0.0,0.0,
2002-04-09,36.5,36.5,36.5,36.5,0.0,0.0,
2002-04-10,36.5,36.5,36.5,36.5,0.0,0.0,
2002-04-11,30.0,30.0,34.5,30.0,0.0,2673.0,
2002-04-12,22.0,22.0,32.5,22.0,0.0,40980.0,
2002-04-15,32.5,32.5,32.5,32.5,0.0,594.0,
2002-04-16,32.5,32.5,32.5,32.5,0.0,0.0,
2002-04-17,32.5,32.5,32.5,32.5,0.0,0.0,
2002-04-18,32.5,32.5,32.5,32.5,0.0,0.0,
2002-04-19,34.0,34.0,32.5,34.0,0.0,10000.0,
2002-04-22,40.0,40.0,32.5,40.0,0.0,1321.0,
2002-04-23,32.5,32.5,32.5,32.5,0.0,0.0,
2002-04-24,32.5,32.5,32.5,32.5,0.0,0.0,
2002-04-25,32.5,32.5,32.5,32.5,0.0,0.0,
2002-04-26,40.0,40.0,32.5,40.0,0.0,4925.0,
2002-04-29,32.5,32.5,32.5,32.5,0.0,0.0,
2002-04-30,40.0,40.0,32.5,40.0,0.0,1243.0,
2002-05-01,32.5,32.5,32.5,32.5,0.0,0.0,
2002-05-02,32.5,32.5,32.5,32.5,0.0,0.0,
2002-05-03,32.5,32.5,32.5,32.5,0.0,0.0,
2002-05-06,32.5,32.5,32.5,32.5,0.0,0.0,
2002-05-07,32.5,32.5,32.5,32.5,0.0,0.0,
2002-05-08,32.5,32.5,32.5,32.5,0.0,0.0,
2002-05-09,26.0,26.0,32.5,26.0,0.0,3563.0,
2002-05-10,32.5,32.5,32.5,32.5,0.0,0.0,
2002-05-13,37.5,25.0,32.5,37.5,0.0,3163.0,
2002-05-14,25.0,25.0,32.5,25.0,0.0,3000.0,
2002-05-15,40.0,40.0,32.5,40.0,0.0,5111.0,
2002-05-16,32.5,32.5,32.5,32.5,0.0,0.0,
2002-05-17,40.0,40.0,32.5,40.0,0.0,100.0,
2002-05-20,32.5,32.5,32.5,32.5,0.0,0.0,
2002-05-21,32.5,32.5,32.5,32.5,0.0,0.0,
2002-05-22,40.0,40.0,32.5,40.0,0.0,1935.0,
2002-05-23,32.5,32.5,32.5,32.5,0.0,0.0,
2002-05-24,32.5,32.5,32.5,32.5,0.0,0.0,
2002-05-27,32.5,32.5,32.5,32.5,0.0,0.0,
2002-05-28,32.5,32.5,32.5,32.5,0.0,0.0,
2002-05-29,37.25,23.0,30.5,37.25,0.0,904.0,
2002-05-30,30.5,30.5,30.5,30.5,0.0,0.0,
2002-05-31,24.0,24.0,30.5,24.0,0.0,357.0,
2002-06-03,30.5,30.5,30.5,30.5,0.0,0.0,
2002-06-04,30.5,30.5,30.5,30.5,0.0,0.0,
2002-06-05,30.5,30.5,30.5,30.5,0.0,0.0,
2002-06-06,30.5,30.5,30.5,30.5,0.0,0.0,
2002-06-07,30.5,30.5,30.5,30.5,0.0,0.0,
2002-06-10,30.5,30.5,30.5,30.5,0.0,0.0,
2002-06-11,24.0,24.0,30.5,24.0,0.0,1863.0,
2002-06-12,30.5,30.5,30.5,30.5,0.0,0.0,
2002-06-13,30.5,30.5,30.5,30.5,0.0,0.0,
2002-06-14,30.5,30.5,30.5,30.5,0.0,0.0,
2002-06-17,30.5,30.5,30.5,30.5,0.0,0.0,
2002-06-18,30.5,30.5,30.5,30.5,0.0,0.0,
2002-06-19,30.5,30.5,30.5,30.5,0.0,0.0,
2002-06-20,30.5,30.5,30.5,30.5,0.0,0.0,
2002-06-21,38.0,38.0,30.0,38.0,0.0,5755.0,
2002-06-24,37.0,37.0,30.0,37.0,0.0,1420.0,
2002-06-25,30.0,30.0,30.0,30.0,0.0,0.0,
2002-06-26,29.0,29.0,29.0,29.0,0.0,1.0,
2002-06-27,29.0,29.0,29.0,29.0,0.0,0.0,
2002-06-28,29.0,29.0,29.0,29.0,0.0,0.0,
2002-07-01,29.0,29.0,29.0,29.0,0.0,0.0,
2002-07-02,29.0,29.0,29.0,29.0,0.0,0.0,
2002-07-03,29.0,29.0,29.0,29.0,0.0,0.0,
2002-07-04,29.0,29.0,29.0,29.0,0.0,0.0,
2002-07-05,29.0,29.0,29.0,29.0,0.0,0.0,
2002-07-08,29.0,29.0,29.0,29.0,0.0,0.0,
2002-07-09,29.0,29.0,29.0,29.0,0.0,0.0,
2002-07-10,23.0,23.0,29.0,23.0,0.0,112.0,
2002-07-11,29.0,29.0,29.0,29.0,0.0,0.0,
2002-07-12,29.0,29.0,29.0,29.0,0.0,0.0,
2002-07-15,26.5,26.5,26.5,26.5,0.0,1.0,
2002-07-16,23.0,23.0,23.0,23.0,0.0,475.0,
2002-07-17,23.0,23.0,23.0,23.0,0.0,0.0,
2002-07-18,16.0,16.0,23.0,16.0,0.0,373.0,
2002-07-19,23.0,23.0,23.0,23.0,0.0,0.0,
2002-07-22,30.0,30.0,23.0,30.0,0.0,1586.0,
2002-07-23,23.0,23.0,23.0,23.0,0.0,0.0,
2002-07-24,23.0,23.0,23.0,23.0,0.0,0.0,
2002-07-25,16.0,16.0,23.0,16.0,0.0,395.0,
2002-07-26,23.0,23.0,23.0,23.0,0.0,0.0,
2002-07-29,23.0,23.0,23.0,23.0,0.0,0.0,
2002-07-30,30.0,30.0,23.0,30.0,0.0,799.0,
2002-07-31,23.0,23.0,23.0,23.0,0.0,0.0,
2002-08-01,23.0,23.0,23.0,23.0,0.0,0.0,
2002-08-02,30.0,30.0,23.0,30.0,0.0,475.0,
2002-08-05,23.0,23.0,23.0,23.0,0.0,0.0,
2002-08-06,23.0,23.0,23.0,23.0,0.0,0.0,
2002-08-07,20.5,20.5,20.5,20.5,0.0,1.0,
2002-08-08,20.5,20.5,20.5,20.5,0.0,0.0,
2002-08-09,17.5,17.5,17.5,17.5,0.0,1.0,
2002-08-12,16.5,16.5,16.5,16.5,0.0,1.0,
2002-08-13,16.5,16.5,16.5,16.5,0.0,0.0,
2002-08-14,16.5,16.5,16.5,16.5,0.0,0.0,
2002-08-15,16.5,16.5,16.5,16.5,0.0,0.0,
2002-08-16,16.5,16.5,16.5,16.5,0.0,0.0,
2002-08-19,23.0,23.0,16.5,23.0,0.0,101.0,
2002-08-20,19.0,19.0,16.5,19.0,0.0,1000.0,
2002-08-21,16.5,16.5,16.5,16.5,0.0,0.0,
2002-08-22,23.0,10.0,16.5,23.0,0.0,8815.0,
2002-08-23,16.5,16.5,16.5,16.5,0.0,0.0,
2002-08-26,16.5,16.5,16.5,16.5,0.0,0.0,
2002-08-27,16.5,16.5,16.5,16.5,0.0,0.0,
2002-08-28,16.5,16.5,16.5,16.5,0.0,0.0,
2002-08-29,16.5,16.5,16.5,16.5,0.0,0.0,
2002-08-30,16.5,16.5,16.5,16.5,0.0,0.0,
2002-09-02,10.0,10.0,12.5,10.0,0.0,3430.0,
2002-09-03,12.5,12.5,12.5,12.5,0.0,0.0,
2002-09-04,12.5,12.5,12.5,12.5,0.0,0.0,
2002-09-05,12.5,12.5,12.5,12.5,0.0,0.0,
2002-09-06,12.5,12.5,12.5,12.5,0.0,0.0,
2002-09-09,12.5,12.5,12.5,12.5,0.0,0.0,
2002-09-10,12.5,12.5,12.5,12.5,0.0,0.0,
2002-09-11,12.5,12.5,12.5,12.5,0.0,0.0,
2002-09-12,18.0,18.0,12.5,18.0,0.0,1000.0,
2002-09-13,12.5,12.5,12.5,12.5,0.0,0.0,
2002-09-16,12.5,12.5,12.5,12.5,0.0,0.0,
2002-09-17,12.5,12.5,12.5,12.5,0.0,0.0,
2002-09-18,12.5,12.5,12.5,12.5,0.0,0.0,
2002-09-19,5.0,5.0,12.5,5.0,0.0,10000.0,
2002-09-20,20.0,20.0,12.5,20.0,0.0,10054.0,
2002-09-23,20.0,20.0,12.5,20.0,0.0,2378.0,
2002-09-24,12.5,12.5,12.5,12.5,0.0,0.0,
2002-09-25,11.5,11.5,11.5,11.5,0.0,1.0,
2002-09-26,5.0,4.5,11.5,4.5,0.0,580000.0,
2002-09-27,11.5,11.5,11.5,11.5,0.0,0.0,
2002-09-30,11.5,11.5,11.5,11.5,0.0,0.0,
2002-10-01,11.5,11.5,11.5,11.5,0.0,0.0,
2002-10-02,11.5,11.5,11.5,11.5,0.0,0.0,
2002-10-03,11.5,11.5,11.5,11.5,0.0,0.0,
2002-10-04,9.0,9.0,9.0,9.0,0.0,1.0,
2002-10-07,9.0,9.0,9.0,9.0,0.0,0.0,
2002-10-08,9.0,9.0,9.0,9.0,0.0,0.0,
2002-10-09,9.0,9.0,9.0,9.0,0.0,0.0,
2002-10-10,7.5,7.5,7.5,7.5,0.0,1.0,
2002-10-11,7.5,7.5,7.5,7.5,0.0,0.0,
2002-10-14,4.6,4.5,7.5,4.6,0.0,498000.0,
2002-10-15,7.5,7.5,7.5,7.5,0.0,0.0,
2002-10-16,7.5,7.5,7.5,7.5,0.0,0.0,
2002-10-17,7.5,7.5,7.5,7.5,0.0,0.0,
2002-10-18,7.5,7.5,7.5,7.5,0.0,0.0,
2002-10-21,7.5,7.5,7.5,7.5,0.0,0.0,
2002-10-22,5.5,5.0,7.5,5.5,0.0,2029668.0,
2002-10-23,5.5,5.0,7.5,5.0,0.0,1754539.0,
2002-10-24,7.5,7.5,7.5,7.5,0.0,0.0,
2002-10-25,7.5,7.5,7.5,7.5,0.0,0.0,
2002-10-28,5.75,5.75,6.5,5.75,0.0,250000.0,
2002-10-29,6.0,6.0,6.5,6.0,0.0,1200000.0,
2002-10-30,6.0,6.0,6.0,6.0,0.0,1.0,
2002-10-31,5.0,5.0,6.5,5.0,0.0,1068.0,
2002-11-01,6.0,5.125,6.5,6.0,0.0,1276000.0,
2002-11-04,6.125,6.0,6.5,6.125,0.0,870000.0,
2002-11-05,6.5,6.5,6.5,6.5,0.0,0.0,
2002-11-06,5.0,5.0,6.5,5.0,0.0,192.0,
2002-11-07,7.0,7.0,6.5,7.0,0.0,200000.0,
2002-11-08,6.5,6.5,6.5,6.5,0.0,0.0,
2002-11-11,6.5,6.5,6.5,6.5,0.0,0.0,
2002-11-12,5.0,5.0,6.5,5.0,0.0,357.0,
2002-11-13,7.5,7.5,7.5,7.5,0.0,1.0,
2002-11-14,7.5,7.5,7.5,7.5,0.0,0.0,
2002-11-15,7.5,7.5,7.5,7.5,0.0,0.0,
2002-11-18,7.5,7.5,7.5,7.5,0.0,0.0,
2002-11-19,5.0,5.0,7.5,5.0,0.0,3090.0,
2002-11-20,7.0,7.0,7.5,7.0,0.0,50000.0,
2002-11-21,5.0,5.0,7.5,5.0,0.0,594.0,
2002-11-22,10.0,10.0,7.5,10.0,0.0,4042.0,
2002-11-25,7.5,7.5,7.5,7.5,0.0,0.0,
2002-11-26,5.0,5.0,3.5,5.0,0.0,10000.0,
2002-11-27,3.5,3.5,3.5,3.5,0.0,0.0,
2002-11-28,3.5,3.5,3.5,3.5,0.0,0.0,
2002-11-29,3.375,3.25,3.5,3.25,0.0,7223475.0,
2002-12-02,5.5,3.25,4.5,3.25,0.0,10000.0,
2002-12-03,2.0,2.0,4.5,2.0,0.0,3.0,
2002-12-04,7.0,7.0,4.5,7.0,0.0,594.0,
2002-12-05,4.5,4.5,4.5,4.5,0.0,0.0,
2002-12-06,4.5,4.5,4.5,4.5,0.0,0.0,
2002-12-09,4.5,4.5,4.5,4.5,0.0,0.0,
2002-12-10,7.0,7.0,4.5,7.0,0.0,594.0,
2002-12-11,4.5,4.5,4.5,4.5,0.0,0.0,
2002-12-12,4.0,4.0,4.0,4.0,0.0,1.0,
2002-12-13,4.0,4.0,4.0,4.0,0.0,0.0,
2002-12-16,4.0,4.0,4.0,4.0,0.0,0.0,
2002-12-17,4.0,4.0,4.0,4.0,0.0,0.0,
2002-12-18,4.0,4.0,4.0,4.0,0.0,0.0,
2002-12-19,4.0,4.0,4.0,4.0,0.0,0.0,
2002-12-20,4.0,4.0,4.0,4.0,0.0,0.0,
2002-12-23,6.0,6.0,4.0,6.0,0.0,6737.0,
2002-12-24,4.0,4.0,4.0,4.0,0.0,0.0,
2002-12-25,4.0,4.0,4.0,4.0,0.0,0.0,
2002-12-26,4.0,4.0,4.0,4.0,0.0,0.0,
2002-12-27,4.0,4.0,4.0,4.0,0.0,0.0,
2002-12-30,4.0,4.0,4.0,4.0,0.0,0.0,
2002-12-31,4.0,4.0,4.0,4.0,0.0,0.0,
2003-01-01,4.0,4.0,4.0,4.0,0.0,0.0,
2003-01-02,4.0,4.0,4.0,4.0,0.0,0.0,
2003-01-03,2.0,2.0,4.0,2.0,0.0,621.0,
2003-01-06,4.0,4.0,4.0,4.0,0.0,0.0,
2003-01-07,4.0,4.0,4.0,4.0,0.0,0.0,
2003-01-08,4.0,4.0,4.0,4.0,0.0,0.0,
2003-01-09,4.0,4.0,4.0,4.0,0.0,0.0,
2003-01-10,4.0,4.0,4.0,4.0,0.0,0.0,
2003-01-13,4.0,4.0,4.0,4.0,0.0,0.0,
2003-01-14,4.0,4.0,4.0,4.0,0.0,0.0,
2003-01-15,3.0,3.0,4.0,3.0,0.0,500000.0,
2003-01-16,3.0,3.0,4.0,3.0,0.0,1770000.0,
2003-01-17,2.25,2.25,4.0,2.25,0.0,300000.0,
2003-01-20,4.0,4.0,4.0,4.0,0.0,0.0,
2003-01-21,4.0,4.0,4.0,4.0,0.0,0.0,
2003-01-22,6.0,6.0,4.0,6.0,0.0,5737.0,
2003-01-23,4.0,4.0,4.0,4.0,0.0,0.0,
2003-01-24,4.0,4.0,4.0,4.0,0.0,0.0,
2003-01-27,2.0,2.0,4.0,2.0,0.0,5346.0,
2003-01-28,4.0,4.0,4.0,4.0,0.0,0.0,
2003-01-29,2.0,2.0,4.0,2.0,0.0,12885.0,
2003-01-30,4.0,4.0,4.0,4.0,0.0,0.0,
2003-01-31,4.0,4.0,4.0,4.0,0.0,0.0,
2003-02-03,4.0,4.0,4.0,4.0,0.0,0.0,
2003-02-04,4.0,4.0,4.0,4.0,0.0,0.0,
2003-02-05,4.0,4.0,4.0,4.0,0.0,0.0,
2003-02-06,4.0,4.0,4.0,4.0,0.0,0.0,
2003-02-07,4.0,4.0,4.0,4.0,0.0,0.0,
2003-02-10,4.0,4.0,4.0,4.0,0.0,0.0,
2003-02-11,2.5,2.25,4.0,2.25,0.0,202954.0,
2003-02-12,4.0,4.0,4.0,4.0,0.0,0.0,
2003-02-13,4.0,4.0,4.0,4.0,0.0,0.0,
2003-02-14,4.0,4.0,4.0,4.0,0.0,0.0,
2003-02-17,4.0,4.0,4.0,4.0,0.0,0.0,
2003-02-18,4.0,4.0,4.0,4.0,0.0,0.0,
2003-02-19,4.96,4.96,4.0,4.96,0.0,501.0,
2003-02-20,4.0,4.0,4.0,4.0,0.0,0.0,
2003-02-21,4.0,4.0,4.0,4.0,0.0,0.0,
2003-02-24,6.0,6.0,4.0,6.0,0.0,3750.0,
2003-02-25,4.0,4.0,4.0,4.0,0.0,0.0,
2003-02-26,4.0,4.0,4.0,4.0,0.0,0.0,
2003-02-27,4.0,4.0,4.0,4.0,0.0,0.0,
2003-02-28,4.0,4.0,4.0,4.0,0.0,0.0,
2003-03-03,4.0,4.0,4.0,4.0,0.0,0.0,
2003-03-04,4.0,4.0,4.0,4.0,0.0,0.0,
2003-03-05,4.0,4.0,4.0,4.0,0.0,0.0,
2003-03-06,4.0,4.0,4.0,4.0,0.0,0.0,
2003-03-07,4.0,4.0,4.0,4.0,0.0,0.0,
2003-03-10,4.0,4.0,4.0,4.0,0.0,0.0,
2003-03-11,4.0,4.0,4.0,4.0,0.0,0.0,
2003-03-12,4.0,4.0,4.0,4.0,0.0,0.0,
2003-03-13,4.0,4.0,4.0,4.0,0.0,0.0,
2003-03-14,2.3,2.0,4.0,2.0,0.0,31739.0,
2003-03-17,4.0,4.0,4.0,4.0,0.0,0.0,
2003-03-18,4.0,4.0,4.0,4.0,0.0,0.0,
2003-03-19,3.25,3.25,3.25,3.25,0.0,1.0,
2003-03-20,3.25,3.25,3.25,3.25,0.0,0.0,
2003-03-21,3.25,3.25,3.25,3.25,0.0,0.0,
2003-03-24,5.0,5.0,3.25,5.0,0.0,4496.0,
2003-03-25,3.25,3.25,3.25,3.25,0.0,0.0,
2003-03-26,3.25,3.25,3.25,3.25,0.0,0.0,
2003-03-27,3.25,3.25,3.25,3.25,0.0,0.0,
2003-03-28,3.25,3.25,3.25,3.25,0.0,0.0,
2003-03-31,5.0,5.0,3.25,5.0,0.0,6964.0,
2003-04-01,3.25,3.25,3.25,3.25,0.0,0.0,
2003-04-02,1.6,1.6,3.25,1.6,0.0,126.0,
2003-04-03,3.0,2.75,3.25,3.0,0.0,5242930.0,
2003-04-04,1.55,1.5,3.25,1.5,0.0,250000.0,
2003-04-07,1.5,1.5,3.25,1.5,0.0,119.0,
2003-04-08,3.25,3.25,3.25,3.25,0.0,0.0,
2003-04-09,3.25,3.25,3.25,3.25,0.0,0.0,
2003-04-10,3.25,3.25,3.25,3.25,0.0,0.0,
2003-04-11,3.25,3.25,3.25,3.25,0.0,0.0,
2003-04-14,2.625,2.5,3.25,2.5,0.0,4501597.0,
2003-04-15,2.35,2.35,3.25,2.35,0.0,594.0,
2003-04-16,1.5,1.5,3.25,1.5,0.0,615.0,
2003-04-17,3.25,3.25,3.25,3.25,0.0,0.0,
2003-04-18,3.25,3.25,3.25,3.25,0.0,0.0,
2003-04-21,3.25,3.25,3.25,3.25,0.0,0.0,
2003-04-22,3.25,3.25,3.25,3.25,0.0,0.0,
2003-04-23,3.25,3.25,3.25,3.25,0.0,0.0,
2003-04-24,5.0,5.0,3.25,5.0,0.0,4497.0,
2003-04-25,2.44,2.44,3.25,2.44,0.0,5372003.0,
2003-04-28,3.25,3.25,3.25,3.25,0.0,0.0,
2003-04-29,3.5,3.5,3.5,3.5,0.0,1.0,
2003-04-30,3.5,3.5,3.5,3.5,0.0,0.0,
2003-05-01,3.5,3.5,3.5,3.5,0.0,0.0,
2003-05-02,3.5,3.5,3.5,3.5,0.0,0.0,
2003-05-05,3.5,3.5,3.5,3.5,0.0,0.0,
2003-05-06,3.5,3.5,3.5,3.5,0.0,0.0,
2003-05-07,3.5,3.5,3.5,3.5,0.0,0.0,
2003-05-08,3.5,3.5,3.5,3.5,0.0,0.0,
2003-05-09,3.5,3.5,3.5,3.5,0.0,0.0,
2003-05-12,3.5,3.5,3.5,3.5,0.0,0.0,
2003-05-13,3.5,3.5,3.5,3.5,0.0,0.0,
2003-05-14,3.5,3.5,3.5,3.5,0.0,0.0,
2003-05-15,3.5,3.5,3.5,3.5,0.0,0.0,
2003-05-16,3.5,3.5,3.5,3.5,0.0,0.0,
2003-05-19,3.5,3.5,3.5,3.5,0.0,0.0,
2003-05-20,2.85,2.85,3.5,2.85,0.0,1863.0,
2003-05-21,3.5,3.5,3.5,3.5,0.0,0.0,
2003-05-22,5.0,5.0,3.5,5.0,0.0,3703.0,
2003-05-23,3.5,3.5,3.5,3.5,0.0,0.0,
2003-05-26,3.5,3.5,3.5,3.5,0.0,0.0,
2003-05-27,5.0,4.0,3.5,4.0,0.0,53000.0,
2003-05-28,3.5,3.5,3.5,3.5,0.0,0.0,
2003-05-29,3.5,3.5,3.5,3.5,0.0,3304801.0,
2003-05-30,3.5,3.5,3.5,3.5,0.0,0.0,
2003-06-02,3.5,3.5,3.5,3.5,0.0,0.0,
2003-06-03,3.5,3.5,3.5,3.5,0.0,0.0,
2003-06-04,4.5,4.5,3.5,4.5,0.0,50000.0,
2003-06-05,5.0,5.0,4.25,5.0,0.0,10000.0,
2003-06-06,6.0,5.5,4.5,5.5,0.0,59541.0,
2003-06-09,6.0,6.0,5.0,6.0,0.0,90000.0,
2003-06-10,10.0,7.5,7.5,7.5,0.0,74403.0,
2003-06-11,6.0,6.0,7.0,6.0,0.0,46384.0,
2003-06-12,7.0,7.0,7.0,7.0,0.0,0.0,
2003-06-13,7.0,7.0,7.0,7.0,0.0,0.0,
2003-06-16,8.0,8.0,7.5,8.0,0.0,1055000.0,
2003-06-17,9.0,7.5,7.5,9.0,0.0,67627.0,
2003-06-18,7.0,7.0,7.5,7.0,0.0,2000000.0,
2003-06-19,7.5,7.5,7.5,7.5,0.0,0.0,
2003-06-20,9.0,9.0,7.5,9.0,0.0,5296.0,
2003-06-23,9.0,9.0,7.5,9.0,0.0,3161.0,
2003-06-24,9.0,9.0,7.5,9.0,0.0,2764.0,
2003-06-25,7.0,6.9,7.5,6.9,0.0,1415000.0,
2003-06-26,6.1,6.1,7.5,6.1,0.0,7737.0,
2003-06-27,7.5,7.5,7.5,7.5,0.0,0.0,
2003-06-30,7.5,7.5,7.5,7.5,0.0,0.0,
2003-07-01,7.5,7.5,7.5,7.5,0.0,0.0,
2003-07-02,7.5,7.5,7.5,7.5,0.0,0.0,
2003-07-03,8.0,6.0,7.5,6.0,0.0,1088992.0,
2003-07-04,7.5,7.5,7.5,7.5,0.0,0.0,
2003-07-07,7.5,7.5,7.5,7.5,0.0,0.0,
2003-07-08,7.5,7.5,7.5,7.5,0.0,0.0,
2003-07-09,6.1,6.1,7.5,6.1,0.0,1043400.0,
2003-07-10,8.5,8.5,7.5,8.5,0.0,8944.0,
2003-07-11,7.5,7.5,7.5,7.5,0.0,0.0,
2003-07-14,7.5,7.5,7.5,7.5,0.0,0.0,
2003-07-15,9.0,6.1,7.5,9.0,0.0,1836.0,
2003-07-16,10.0,6.6,8.25,7.41,0.0,30000.0,
2003-07-17,10.0,7.41,8.25,7.41,0.0,1731806.0,
2003-07-18,9.5,7.91,8.5,7.91,0.0,20645.0,
2003-07-21,8.5,8.5,8.5,8.5,0.0,0.0,
2003-07-22,9.0,8.5,9.0,8.5,0.0,1027846.0,
2003-07-23,9.25,9.25,9.25,9.25,0.0,1.0,
2003-07-24,9.25,9.25,9.25,9.25,0.0,26250.0,
2003-07-25,9.25,9.25,9.25,9.25,0.0,0.0,
2003-07-28,9.25,9.25,9.25,9.25,0.0,1770000.0,
2003-07-29,9.25,9.25,9.25,9.25,0.0,0.0,
2003-07-30,9.0,9.0,9.0,9.0,0.0,1.0,
2003-07-31,9.0,9.0,9.0,9.0,0.0,250000.0,
2003-08-01,9.0,9.0,9.0,9.0,0.0,0.0,
2003-08-04,9.0,9.0,9.0,9.0,0.0,0.0,
2003-08-05,9.0,9.0,9.0,9.0,0.0,0.0,
2003-08-06,9.0,9.0,9.0,9.0,0.0,0.0,
2003-08-07,9.0,9.0,9.0,9.0,0.0,0.0,
2003-08-08,8.75,8.75,8.75,8.75,0.0,1.0,
2003-08-11,8.75,8.75,8.75,8.75,0.0,1863.0,
2003-08-12,8.75,8.75,8.75,8.75,0.0,0.0,
2003-08-13,8.75,8.75,8.75,8.75,0.0,0.0,
2003-08-14,8.75,8.75,8.75,8.75,0.0,25000.0,
2003-08-15,9.5,8.75,9.5,8.75,0.0,153000.0,
2003-08-18,9.5,9.5,9.5,9.5,0.0,1000000.0,
2003-08-19,10.5,10.0,10.5,10.0,0.0,1134616.0,
2003-08-20,10.5,10.5,10.5,10.5,0.0,20000.0,
2003-08-21,10.5,10.5,10.5,10.5,0.0,0.0,
2003-08-22,10.5,10.5,10.5,10.5,0.0,1957.0,
2003-08-25,10.5,10.5,10.5,10.5,0.0,0.0,
2003-08-26,10.5,10.5,10.5,10.5,0.0,10000.0,
2003-08-27,10.0,10.0,10.0,10.0,0.0,11481.0,
2003-08-28,10.0,10.0,10.0,10.0,0.0,0.0,
2003-08-29,10.0,10.0,10.0,10.0,0.0,0.0,
2003-09-01,10.0,10.0,10.0,10.0,0.0,15000.0,
2003-09-02,10.25,10.0,10.25,10.0,0.0,30000.0,
2003-09-03,10.5,10.5,10.5,10.5,0.0,25000.0,
2003-09-04,11.0,11.0,11.0,11.0,0.0,15742.0,
2003-09-05,11.0,11.0,11.0,11.0,0.0,5973.0,
2003-09-08,11.0,11.0,11.0,11.0,0.0,21210.0,
2003-09-09,11.25,11.25,11.25,11.25,0.0,1.0,
2003-09-10,13.75,11.25,13.75,11.25,0.0,26130.0,
2003-09-11,14.0,13.5,13.5,13.75,0.0,804617.0,
2003-09-12,13.75,13.5,13.75,13.5,0.0,161167.0,
2003-09-15,14.0,13.75,13.75,13.75,0.0,50345.0,
2003-09-16,13.75,13.75,13.75,13.75,0.0,2000.0,
2003-09-17,13.75,13.75,13.75,13.75,0.0,60108.0,
2003-09-18,13.75,13.75,13.75,13.75,0.0,8500.0,
2003-09-19,13.75,13.75,13.75,13.75,0.0,270000.0,
2003-09-22,13.75,13.0,13.25,13.75,0.0,74700.0,
2003-09-23,13.25,13.25,13.25,13.25,0.0,55000.0,
2003-09-24,13.5,13.5,13.5,13.5,0.0,6901.0,
2003-09-25,13.5,13.5,13.5,13.5,0.0,0.0,
2003-09-26,13.5,13.5,13.5,13.5,0.0,28000.0,
2003-09-29,13.5,13.5,13.5,13.5,0.0,15000.0,
2003-09-30,13.5,13.5,13.5,13.5,0.0,13167.0,
2003-10-01,13.5,13.5,13.5,13.5,0.0,0.0,
2003-10-02,13.5,13.25,13.25,13.5,0.0,401425.0,
2003-10-03,13.25,13.25,13.25,13.25,0.0,119.0,
2003-10-06,13.25,13.25,13.25,13.25,0.0,20000.0,
2003-10-07,13.25,13.25,13.25,13.25,0.0,0.0,
2003-10-08,13.25,13.25,13.25,13.25,0.0,22046.0,
2003-10-09,13.25,13.25,13.25,13.25,0.0,13733.0,
2003-10-10,13.25,13.25,13.25,13.25,0.0,136945.0,
2003-10-13,14.0,13.5,14.0,13.5,0.0,35475.0,
2003-10-14,14.0,14.0,14.0,14.0,0.0,7740.0,
2003-10-15,14.0,14.0,14.0,14.0,0.0,28514.0,
2003-10-16,14.5,14.0,14.25,14.0,0.0,47786.0,
2003-10-17,14.25,14.25,14.25,14.25,0.0,11342.0,
2003-10-20,14.5,14.5,14.5,14.5,0.0,533912.0,
2003-10-21,14.5,14.5,14.5,14.5,0.0,12265.0,
2003-10-22,14.5,14.5,14.5,14.5,0.0,253412.0,
2003-10-23,14.5,14.25,14.25,14.5,0.0,40000.0,
2003-10-24,14.25,14.0,14.0,14.25,0.0,11370.0,
2003-10-27,14.0,14.0,14.0,14.0,0.0,1250.0,
2003-10-28,14.0,14.0,14.0,14.0,0.0,33800.0,
2003-10-29,14.0,14.0,14.0,14.0,0.0,0.0,
2003-10-30,14.0,14.0,14.0,14.0,0.0,0.0,
2003-10-31,14.0,14.0,14.0,14.0,0.0,0.0,
2003-11-03,14.0,14.0,14.0,14.0,0.0,0.0,
2003-11-04,14.0,14.0,14.0,14.0,0.0,0.0,
2003-11-05,14.0,14.0,14.0,14.0,0.0,8000.0,
2003-11-06,14.0,14.0,14.0,14.0,0.0,8000.0,
2003-11-07,14.0,14.0,14.0,14.0,0.0,475.0,
2003-11-10,14.0,14.0,14.0,14.0,0.0,1150000.0,
2003-11-11,14.0,14.0,14.0,14.0,0.0,0.0,
2003-11-12,14.0,14.0,14.0,14.0,0.0,7703.0,
2003-11-13,14.0,14.0,14.0,14.0,0.0,637.0,
2003-11-14,14.25,14.0,14.25,14.0,0.0,1213303.0,
2003-11-17,14.25,14.25,14.25,14.25,0.0,25064.0,
2003-11-18,14.25,14.25,14.25,14.25,0.0,0.0,
2003-11-19,14.25,14.25,14.25,14.25,0.0,0.0,
2003-11-20,14.25,14.25,14.25,14.25,0.0,0.0,
2003-11-21,14.25,14.25,14.25,14.25,0.0,0.0,
2003-11-24,14.5,14.25,14.25,14.25,0.0,23014.0,
2003-11-25,14.5,14.5,14.5,14.5,0.0,1712.0,
2003-11-26,14.5,14.5,14.5,14.5,0.0,0.0,
2003-11-27,14.5,14.5,14.5,14.5,0.0,0.0,
2003-11-28,14.5,14.5,14.5,14.5,0.0,3053076.0,
2003-12-01,14.5,14.5,14.5,14.5,0.0,0.0,
2003-12-02,14.5,14.25,14.25,14.5,0.0,1436036.0,
2003-12-03,14.25,13.75,13.75,14.25,0.0,24170.0,
2003-12-04,13.75,13.75,13.75,13.75,0.0,3756.0,
2003-12-05,13.75,13.75,13.75,13.75,0.0,1696339.0,
2003-12-08,14.0,13.75,13.75,13.75,0.0,67213.0,
2003-12-09,14.0,13.5,14.0,13.75,0.0,53000.0,
2003-12-10,12.5,12.5,12.5,12.5,0.0,522222.0,
2003-12-11,12.5,12.5,12.5,12.5,0.0,50000.0,
2003-12-12,12.5,12.5,12.5,12.5,0.0,1007500.0,
2003-12-15,13.5,12.5,13.5,12.5,0.0,269578.0,
2003-12-16,13.5,13.5,13.5,13.5,0.0,765459.0,
2003-12-17,13.5,13.5,13.5,13.5,0.0,10000.0,
2003-12-18,13.5,13.5,13.5,13.5,0.0,0.0,
2003-12-19,13.75,13.5,13.75,13.5,0.0,20000.0,
2003-12-22,13.75,13.75,13.75,13.75,0.0,25919.0,
2003-12-23,15.0,13.75,15.0,13.75,0.0,52991.0,
2003-12-24,15.25,15.0,15.25,15.25,0.0,35000.0,
2003-12-25,15.25,15.25,15.25,15.25,0.0,0.0,
2003-12-26,15.25,15.25,15.25,15.25,0.0,0.0,
2003-12-29,15.25,15.25,15.25,15.25,0.0,6420000.0,
2003-12-30,15.25,15.25,15.25,15.25,0.0,0.0,
2003-12-31,15.25,15.25,15.25,15.25,0.0,33868.0,
2004-01-01,15.25,15.25,15.25,15.25,0.0,0.0,
2004-01-02,15.75,15.25,15.75,15.25,0.0,77028.0,
2004-01-04,15.75,15.75,15.75,15.75,0.0,0.0,
2004-01-05,18.75,15.75,18.75,15.75,0.0,295272.0,
2004-01-06,20.0,19.0,20.0,19.0,0.0,55870.0,
2004-01-07,20.0,20.0,20.0,20.0,0.0,87913.0,
2004-01-08,20.5,20.0,20.5,20.0,0.0,34490.0,
2004-01-09,20.5,20.25,20.25,20.5,0.0,43153.0,
2004-01-12,20.0,20.0,20.0,20.0,0.0,20809.0,
2004-01-13,20.0,20.0,20.0,20.0,0.0,39451.0,
2004-01-14,20.0,20.0,20.0,20.0,0.0,31548.0,
2004-01-15,20.0,20.0,20.0,20.0,0.0,44319.0,
2004-01-16,20.0,20.0,20.0,20.0,0.0,12558.0,
2004-01-19,20.75,20.0,20.75,20.0,0.0,4495911.0,
2004-01-20,21.5,20.75,21.5,20.75,0.0,2145543.0,
2004-01-21,21.5,20.5,21.5,21.5,0.0,25696.0,
2004-01-22,21.5,21.5,21.5,21.5,0.0,426837.0,
2004-01-23,21.5,20.0,20.75,21.5,0.0,38188.0,
2004-01-26,20.75,20.75,20.75,20.75,0.0,2300215.0,
2004-01-27,20.75,20.75,20.75,20.75,0.0,374399.0,
2004-01-28,21.0,20.75,21.0,20.75,0.0,126845.0,
2004-01-29,21.0,21.0,21.0,21.0,0.0,0.0,
2004-01-30,21.0,21.0,21.0,21.0,0.0,0.0,
2004-02-02,21.0,21.0,21.0,21.0,0.0,37000.0,
2004-02-03,21.0,21.0,21.0,21.0,0.0,542500.0,
2004-02-04,21.0,19.5,19.5,21.0,0.0,6516573.0,
2004-02-05,19.5,19.5,19.5,19.5,0.0,31441.0,
2004-02-06,19.5,19.5,19.5,19.5,0.0,5000.0,
2004-02-09,19.5,19.5,19.5,19.5,0.0,58560.0,
2004-02-10,19.75,19.5,19.75,19.5,0.0,2338000.0,
2004-02-11,19.75,19.75,19.75,19.75,0.0,0.0,
2004-02-12,19.75,19.75,19.75,19.75,0.0,42930.0,
2004-02-13,19.75,19.75,19.75,19.75,0.0,9000.0,
2004-02-16,19.75,19.5,19.75,19.75,0.0,4544.0,
2004-02-17,20.0,20.0,20.0,20.0,0.0,14082.0,
2004-02-18,20.0,20.0,20.0,20.0,0.0,0.0,
2004-02-19,20.0,20.0,20.0,20.0,0.0,14354.0,
2004-02-20,20.0,19.5,19.5,20.0,0.0,14457.0,
2004-02-23,19.5,19.5,19.5,19.5,0.0,50331.0,
2004-02-24,19.5,19.5,19.5,19.5,0.0,21500.0,
2004-02-25,19.25,19.0,19.0,19.25,0.0,50360.0,
2004-02-26,19.0,18.75,18.75,19.0,0.0,50000.0,
2004-02-27,18.75,18.75,18.75,18.75,0.0,92259.0,
2004-03-01,18.75,18.75,18.75,18.75,0.0,0.0,
2004-03-02,19.5,19.0,19.25,19.0,0.0,26905.0,
2004-03-03,19.5,19.25,19.5,19.25,0.0,18414.0,
2004-03-04,19.75,19.5,19.75,19.5,0.0,70481.0,
2004-03-05,20.0,20.0,20.0,20.0,0.0,73717.0,
2004-03-08,21.0,20.25,21.0,20.25,0.0,189208.0,
2004-03-09,21.0,21.0,21.0,21.0,0.0,363861.0,
2004-03-10,21.0,21.0,21.0,21.0,0.0,265532.0,
2004-03-11,21.0,20.5,20.5,21.0,0.0,99756.0,
2004-03-12,20.5,19.5,19.75,20.5,0.0,29080.0,
2004-03-15,19.75,19.75,19.75,19.75,0.0,357.0,
2004-03-16,19.75,19.75,19.75,19.75,0.0,200000.0,
2004-03-17,19.5,19.5,19.5,19.5,0.0,133914.0,
2004-03-18,19.5,19.5,19.5,19.5,0.0,0.0,
2004-03-19,19.5,19.5,19.5,19.5,0.0,484649.0,
2004-03-22,19.25,19.25,19.25,19.25,0.0,50572.0,
2004-03-23,19.25,19.25,19.25,19.25,0.0,993532.0,
2004-03-24,19.0,19.0,19.0,19.0,0.0,1.0,
2004-03-25,19.0,19.0,19.0,19.0,0.0,0.0,
2004-03-26,19.0,19.0,19.0,19.0,0.0,31566.0,
2004-03-29,19.5,19.0,19.5,19.0,0.0,39280.0,
2004-03-30,19.5,19.5,19.5,19.5,0.0,22943.0,
2004-03-31,19.5,19.5,19.5,19.5,0.0,14750.0,
2004-04-01,19.5,19.5,19.5,19.5,0.0,0.0,
2004-04-02,20.5,19.5,20.5,19.5,0.0,121498.0,
2004-04-05,20.5,20.5,20.5,20.5,0.0,18248.0,
2004-04-06,20.5,20.5,20.5,20.5,0.0,23060.0,
2004-04-07,21.75,20.5,21.75,20.5,0.0,55322.0,
2004-04-08,22.0,21.75,22.0,21.75,0.0,76225.0,
2004-04-09,22.0,22.0,22.0,22.0,0.0,0.0,
2004-04-12,22.0,22.0,22.0,22.0,0.0,0.0,
2004-04-13,22.0,22.0,22.0,22.0,0.0,8510.0,
2004-04-14,22.0,22.0,22.0,22.0,0.0,21604.0,
2004-04-15,22.0,22.0,22.0,22.0,0.0,4000.0,
2004-04-16,22.5,22.0,22.5,22.0,0.0,24965.0,
2004-04-19,22.5,22.5,22.5,22.5,0.0,16961.0,
2004-04-20,23.5,22.5,23.5,22.5,0.0,2568666.0,
2004-04-21,23.0,22.0,22.25,23.0,0.0,1252733.0,
2004-04-22,22.25,22.25,22.25,22.25,0.0,1010500.0,
2004-04-23,22.25,22.25,22.25,22.25,0.0,1002744.0,
2004-04-26,22.25,22.25,22.25,22.25,0.0,0.0,
2004-04-27,22.25,22.25,22.25,22.25,0.0,2521208.0,
2004-04-28,22.0,22.0,22.0,22.0,0.0,44090.0,
2004-04-29,21.75,20.75,20.75,21.75,0.0,2022321.0,
2004-04-30,20.75,20.0,20.0,20.75,0.0,50763.0,
2004-05-03,20.0,20.0,20.0,20.0,0.0,0.0,
2004-05-04,20.0,18.5,18.5,20.0,0.0,1042742.0,
2004-05-05,18.75,18.25,18.75,18.5,0.0,861743.0,
2004-05-06,18.5,18.5,18.5,18.5,0.0,65736.0,
2004-05-07,18.25,18.25,18.25,18.25,0.0,65000.0,
2004-05-10,18.25,16.5,16.5,18.25,0.0,163931.0,
2004-05-11,16.0,14.5,14.75,16.0,0.0,38331.0,
2004-05-12,15.0,14.75,14.75,14.75,0.0,33748.0,
2004-05-13,14.75,14.75,14.75,14.75,0.0,0.0,
2004-05-14,14.75,14.5,14.5,14.75,0.0,50000.0,
2004-05-17,14.0,11.5,11.5,14.0,0.0,97031.0,
2004-05-18,12.5,12.0,12.5,12.0,0.0,991270.0,
2004-05-19,13.0,12.75,13.0,12.75,0.0,25890.0,
2004-05-20,12.25,12.0,12.0,12.25,0.0,38668.0,
2004-05-21,12.0,12.0,12.0,12.0,0.0,16809.0,
2004-05-24,12.25,12.0,12.25,12.0,0.0,22130.0,
2004-05-25,12.25,12.25,12.25,12.25,0.0,8721000.0,
2004-05-26,12.0,11.75,12.0,11.75,0.0,22890.0,
2004-05-27,11.5,11.5,11.5,11.5,0.0,1.0,
2004-05-28,11.5,11.5,11.5,11.5,0.0,0.0,
2004-05-31,11.5,11.5,11.5,11.5,0.0,0.0,
2004-06-01,11.5,11.25,11.25,11.5,0.0,67231.0,
2004-06-02,11.25,11.25,11.25,11.25,0.0,103831.0,
2004-06-03,11.25,11.25,11.25,11.25,0.0,4825.0,
2004-06-04,11.25,11.25,11.25,11.25,0.0,6936.0,
2004-06-07,11.25,11.25,11.25,11.25,0.0,425.0,
2004-06-08,11.25,11.25,11.25,11.25,0.0,1000.0,
2004-06-09,11.25,11.25,11.25,11.25,0.0,1460942.0,
2004-06-10,11.25,11.25,11.25,11.25,0.0,0.0,
2004-06-11,11.25,11.25,11.25,11.25,0.0,0.0,
2004-06-14,11.25,11.25,11.25,11.25,0.0,95632.0,
2004-06-15,11.25,11.25,11.25,11.25,0.0,14000.0,
2004-06-16,11.25,11.25,11.25,11.25,0.0,475.0,
2004-06-17,11.25,11.25,11.25,11.25,0.0,356.0,
2004-06-18,11.25,11.25,11.25,11.25,0.0,130927.0,
2004-06-21,11.25,11.25,11.25,11.25,0.0,98100.0,
2004-06-22,11.25,11.25,11.25,11.25,0.0,946.0,
2004-06-23,11.25,11.25,11.25,11.25,0.0,0.0,
2004-06-24,11.25,11.0,11.0,11.25,0.0,8906.0,
2004-06-25,11.0,11.0,11.0,11.0,0.0,6574.0,
2004-06-28,11.25,11.0,11.25,11.0,0.0,8720253.0,
2004-06-29,12.75,11.25,12.75,11.25,0.0,139923.0,
2004-06-30,12.75,12.5,12.75,12.75,0.0,6132.0,
2004-07-01,12.75,12.75,12.75,12.75,0.0,7099.0,
2004-07-02,12.75,12.75,12.75,12.75,0.0,0.0,
2004-07-05,12.75,12.75,12.75,12.75,0.0,0.0,
2004-07-06,12.75,12.75,12.75,12.75,0.0,13319.0,
2004-07-07,12.5,12.0,12.0,12.5,0.0,378.0,
2004-07-08,12.0,12.0,12.0,12.0,0.0,53000.0,
2004-07-09,12.0,12.0,12.0,12.0,0.0,19000.0,
2004-07-12,12.0,12.0,12.0,12.0,0.0,0.0,
2004-07-13,12.0,12.0,12.0,12.0,0.0,0.0,
2004-07-14,12.0,12.0,12.0,12.0,0.0,32500.0,
2004-07-15,12.0,12.0,12.0,12.0,0.0,0.0,
2004-07-16,12.0,12.0,12.0,12.0,0.0,0.0,
2004-07-19,12.0,12.0,12.0,12.0,0.0,0.0,
2004-07-20,12.0,12.0,12.0,12.0,0.0,0.0,
2004-07-21,12.0,12.0,12.0,12.0,0.0,5000.0,
2004-07-22,12.0,12.0,12.0,12.0,0.0,937.0,
2004-07-23,12.0,12.0,12.0,12.0,0.0,0.0,
2004-07-26,12.0,12.0,12.0,12.0,0.0,0.0,
2004-07-27,12.0,12.0,12.0,12.0,0.0,0.0,
2004-07-28,12.0,12.0,12.0,12.0,0.0,0.0,
2004-07-29,12.0,12.0,12.0,12.0,0.0,0.0,
2004-07-30,12.0,12.0,12.0,12.0,0.0,0.0,
2004-08-02,12.0,12.0,12.0,12.0,0.0,8446.0,
2004-08-03,12.0,12.0,12.0,12.0,0.0,0.0,
2004-08-04,12.0,12.0,12.0,12.0,0.0,0.0,
2004-08-05,12.0,12.0,12.0,12.0,0.0,0.0,
2004-08-06,12.5,12.0,12.0,12.5,0.0,2858.0,
2004-08-09,12.0,12.0,12.0,12.0,0.0,0.0,
2004-08-10,12.0,12.0,12.0,12.0,0.0,0.0,
2004-08-11,12.0,12.0,12.0,12.0,0.0,0.0,
2004-08-12,12.0,12.0,12.0,12.0,0.0,0.0,
2004-08-13,12.0,12.0,12.0,12.0,0.0,0.0,
2004-08-16,12.0,12.0,12.0,12.0,0.0,0.0,
2004-08-17,12.0,12.0,12.0,12.0,0.0,49.0,
2004-08-18,12.0,12.0,12.0,12.0,0.0,0.0,
2004-08-19,12.0,12.0,12.0,12.0,0.0,0.0,
2004-08-20,12.0,12.0,12.0,12.0,0.0,4.0,
2004-08-23,12.5,12.0,12.5,12.0,0.0,1141.0,
2004-08-24,12.5,12.5,12.5,12.5,0.0,1459.0,
2004-08-25,12.5,12.5,12.5,12.5,0.0,0.0,
2004-08-26,12.5,12.5,12.5,12.5,0.0,0.0,
2004-08-27,12.75,12.5,12.75,12.5,0.0,31000.0,
2004-08-30,12.75,12.75,12.75,12.75,0.0,0.0,
2004-08-31,13.5,12.75,13.5,12.75,0.0,83043.0,
2004-09-01,15.25,14.0,15.25,14.0,0.0,106143.0,
2004-09-02,15.75,15.25,15.75,15.25,0.0,711.0,
2004-09-03,15.75,15.75,15.75,15.75,0.0,1335.0,
2004-09-06,15.75,15.75,15.75,15.75,0.0,49.0,
2004-09-07,16.25,15.75,16.25,15.75,0.0,9278.0,
2004-09-08,16.25,16.25,16.25,16.25,0.0,740.0,
2004-09-09,16.25,16.25,16.25,16.25,0.0,443.0,
2004-09-10,16.25,16.25,16.25,16.25,0.0,7843.0,
2004-09-13,16.25,16.25,16.25,16.25,0.0,0.0,
2004-09-14,16.25,16.25,16.25,16.25,0.0,3000.0,
2004-09-15,16.25,16.25,16.25,16.25,0.0,0.0,
2004-09-16,16.25,16.25,16.25,16.25,0.0,20000.0,
2004-09-17,16.25,16.25,16.25,16.25,0.0,0.0,
2004-09-20,16.25,16.25,16.25,16.25,0.0,0.0,
2004-09-21,16.5,16.25,16.5,16.25,0.0,16000.0,
2004-09-22,17.25,16.5,17.25,16.5,0.0,160828.0,
2004-09-23,17.25,17.25,17.25,17.25,0.0,0.0,
2004-09-24,17.25,17.25,17.25,17.25,0.0,4718.0,
2004-09-27,17.25,17.25,17.25,17.25,0.0,1341391.0,
2004-09-28,17.25,17.25,17.25,17.25,0.0,0.0,
2004-09-29,18.0,17.25,18.0,17.25,0.0,42550.0,
2004-09-30,18.0,18.0,18.0,18.0,0.0,6028000.0,
2004-10-01,18.5,18.0,18.5,18.0,0.0,4000.0,
2004-10-04,19.0,19.0,19.0,19.0,0.0,1.0,
2004-10-05,19.0,19.0,19.0,19.0,0.0,21117.0,
2004-10-06,19.0,19.0,19.0,19.0,0.0,128997.0,
2004-10-07,20.5,19.0,20.5,19.0,0.0,139217.0,
2004-10-08,20.5,20.5,20.5,20.5,0.0,12103.0,
2004-10-11,20.5,20.5,20.5,20.5,0.0,0.0,
2004-10-12,20.5,20.5,20.5,20.5,0.0,0.0,
2004-10-13,20.5,20.0,20.5,20.0,0.0,15.0,
2004-10-14,20.5,20.25,20.25,20.5,0.0,7390056.0,
2004-10-15,20.25,20.25,20.25,20.25,0.0,1011129.0,
2004-10-18,20.25,20.25,20.25,20.25,0.0,0.0,
2004-10-19,20.5,20.25,20.25,20.25,0.0,13150.0,
2004-10-20,20.25,20.0,20.25,20.25,0.0,60166.0,
2004-10-21,20.25,20.25,20.25,20.25,0.0,0.0,
2004-10-22,20.5,20.5,20.5,20.5,0.0,1.0,
2004-10-25,20.5,20.5,20.5,20.5,0.0,12432.0,
2004-10-26,20.5,20.5,20.5,20.5,0.0,0.0,
2004-10-27,20.5,20.5,20.5,20.5,0.0,0.0,
2004-10-28,20.5,20.5,20.5,20.5,0.0,4509.0,
2004-10-29,20.5,20.5,20.5,20.5,0.0,0.0,
2004-11-01,20.5,20.5,20.5,20.5,0.0,0.0,
2004-11-02,20.5,20.5,20.5,20.5,0.0,0.0,
2004-11-03,20.5,20.5,20.5,20.5,0.0,0.0,
2004-11-04,20.5,20.5,20.5,20.5,0.0,0.0,
2004-11-05,20.5,20.5,20.5,20.5,0.0,0.0,
2004-11-08,20.5,20.5,20.5,20.5,0.0,0.0,
2004-11-09,20.5,20.5,20.5,20.5,0.0,0.0,
2004-11-10,20.5,20.5,20.5,20.5,0.0,0.0,
2004-11-11,20.5,20.5,20.5,20.5,0.0,0.0,
2004-11-12,20.5,20.5,20.5,20.5,0.0,0.0,
2004-11-15,20.5,20.5,20.5,20.5,0.0,0.0,
2004-11-16,20.5,20.5,20.5,20.5,0.0,0.0,
2004-11-17,20.5,20.5,20.5,20.5,0.0,0.0,
2004-11-18,20.5,20.5,20.5,20.5,0.0,0.0,
2004-11-19,20.5,20.5,20.5,20.5,0.0,0.0,
2004-11-22,20.5,20.5,20.5,20.5,0.0,0.0,
2004-11-23,20.5,20.5,20.5,20.5,0.0,0.0,
2004-11-24,20.5,20.5,20.5,20.5,0.0,0.0,
2004-11-25,20.5,20.5,20.5,20.5,0.0,0.0,
2004-11-26,20.5,20.5,20.5,20.5,0.0,0.0,
2004-11-29,20.5,20.5,20.5,20.5,0.0,0.0,
2004-11-30,20.5,20.5,20.5,20.5,0.0,0.0,
2004-12-01,20.5,20.5,20.5,20.5,0.0,0.0,
2004-12-02,20.5,20.5,20.5,20.5,0.0,0.0,
2004-12-03,20.5,20.5,20.5,20.5,0.0,0.0,
2004-12-06,20.5,20.5,20.5,20.5,0.0,0.0,
2004-12-07,20.5,20.5,20.5,20.5,0.0,0.0,
2004-12-08,20.5,20.5,20.5,20.5,0.0,0.0,
2004-12-09,20.5,20.5,20.5,20.5,0.0,0.0,
2004-12-10,20.5,20.5,20.5,20.5,0.0,0.0,
2004-12-13,20.5,20.5,20.5,20.5,0.0,0.0,
2004-12-14,20.5,20.5,20.5,20.5,0.0,0.0,
2004-12-15,20.5,20.5,20.5,20.5,0.0,0.0,
2004-12-16,20.5,20.5,20.5,20.5,0.0,0.0,
2004-12-17,20.5,20.5,20.5,20.5,0.0,0.0,
2004-12-20,20.5,20.5,20.5,20.5,0.0,0.0,
2004-12-21,20.5,20.5,20.5,20.5,0.0,0.0,
2004-12-22,20.5,20.5,20.5,20.5,0.0,0.0,
2004-12-23,20.5,20.5,20.5,20.5,0.0,0.0,
2004-12-24,20.5,20.5,20.5,20.5,0.0,0.0,
2004-12-27,20.5,20.5,20.5,20.5,0.0,0.0,
2004-12-28,20.5,20.5,20.5,20.5,0.0,0.0,
2004-12-29,20.5,20.5,20.5,20.5,0.0,0.0,
2004-12-30,20.5,20.5,20.5,20.5,0.0,0.0,
2004-12-31,20.5,20.5,20.5,20.5,0.0,0.0,
2005-01-03,20.5,20.5,20.5,20.5,0.0,0.0,
2005-01-04,20.5,20.5,20.5,20.5,0.0,0.0,
2005-01-05,20.5,20.5,20.5,20.5,0.0,0.0,
2005-01-06,20.5,20.5,20.5,20.5,0.0,0.0,
2005-01-07,20.5,20.5,20.5,20.5,0.0,0.0,
2005-01-10,20.5,20.5,20.5,20.5,0.0,0.0,
2005-01-11,20.5,20.5,20.5,20.5,0.0,0.0,
2005-01-12,20.5,20.5,20.5,20.5,0.0,0.0,
2005-01-13,20.5,20.5,20.5,20.5,0.0,0.0,
2005-01-14,20.5,20.5,20.5,20.5,0.0,0.0,
2005-01-17,20.5,20.5,20.5,20.5,0.0,0.0,
2005-01-18,20.5,20.5,20.5,20.5,0.0,0.0,
2005-01-19,20.5,20.5,20.5,20.5,0.0,0.0,
2005-01-20,20.5,20.5,20.5,20.5,0.0,0.0,
2005-01-21,20.5,20.5,20.5,20.5,0.0,0.0,
2005-01-24,20.5,20.5,20.5,20.5,0.0,0.0,
2005-01-25,20.5,20.5,20.5,20.5,0.0,0.0,
2005-01-26,20.5,20.5,20.5,20.5,0.0,0.0,
2005-01-27,20.5,20.5,20.5,20.5,0.0,0.0,
2005-01-28,20.5,20.5,20.5,20.5,0.0,0.0,
2005-01-31,20.5,20.5,20.5,20.5,0.0,0.0,
2005-02-01,20.5,20.5,20.5,20.5,0.0,0.0,
2005-02-02,20.5,20.5,20.5,20.5,0.0,0.0,
2005-02-03,20.5,20.5,20.5,20.5,0.0,0.0,
2005-02-04,20.5,20.5,20.5,20.5,0.0,0.0,
2005-02-07,20.5,20.5,20.5,20.5,0.0,0.0,
2005-02-08,20.5,20.5,20.5,20.5,0.0,0.0,
2005-02-09,20.5,20.5,20.5,20.5,0.0,0.0,
2005-02-10,20.5,20.5,20.5,20.5,0.0,0.0,
2005-02-11,20.5,20.5,20.5,20.5,0.0,0.0,
2005-02-14,20.5,20.5,20.5,20.5,0.0,0.0,
2005-02-15,20.5,20.5,20.5,20.5,0.0,0.0,
2005-02-16,20.5,20.5,20.5,20.5,0.0,0.0,
2005-02-17,20.5,20.5,20.5,20.5,0.0,0.0,
2005-02-18,20.5,20.5,20.5,20.5,0.0,0.0,
2005-02-21,20.5,20.5,20.5,20.5,0.0,0.0,
2005-02-22,20.5,20.5,20.5,20.5,0.0,0.0,
2005-02-23,20.5,20.5,20.5,20.5,0.0,0.0,
2005-02-24,20.5,20.5,20.5,20.5,0.0,0.0,
2005-02-25,20.5,20.5,20.5,20.5,0.0,0.0,
2005-02-28,20.5,20.5,20.5,20.5,0.0,0.0,
2005-03-01,20.5,20.5,20.5,20.5,0.0,0.0,
2005-03-02,20.5,20.5,20.5,20.5,0.0,0.0,
2005-03-03,20.5,20.5,20.5,20.5,0.0,0.0,
2005-03-04,20.5,20.5,20.5,20.5,0.0,0.0,
2005-03-07,20.5,20.5,20.5,20.5,0.0,0.0,
2005-03-08,20.5,20.5,20.5,20.5,0.0,0.0,
2005-03-09,20.5,20.5,20.5,20.5,0.0,0.0,
2005-03-10,20.5,20.5,20.5,20.5,0.0,0.0,
2005-03-11,20.5,20.5,20.5,20.5,0.0,0.0,
2005-03-14,20.5,20.5,20.5,20.5,0.0,0.0,
2005-03-15,20.5,20.5,20.5,20.5,0.0,0.0,
2005-03-16,20.5,20.5,20.5,20.5,0.0,0.0,
2005-03-17,20.5,20.5,20.5,20.5,0.0,0.0,
2005-03-18,20.5,20.5,20.5,20.5,0.0,0.0,
2005-03-21,20.5,20.5,20.5,20.5,0.0,0.0,
2005-03-22,20.5,20.5,20.5,20.5,0.0,0.0,
2005-03-23,20.5,20.5,20.5,20.5,0.0,0.0,
2005-03-24,20.5,20.5,20.5,20.5,0.0,0.0,
2005-03-25,20.5,20.5,20.5,20.5,0.0,0.0,
2005-03-28,20.5,20.5,20.5,20.5,0.0,0.0,
2005-03-29,20.5,20.5,20.5,20.5,0.0,0.0,
2005-03-30,20.5,20.5,20.5,20.5,0.0,0.0,
2005-03-31,20.5,20.5,20.5,20.5,0.0,0.0,
2005-04-01,20.5,20.5,20.5,20.5,0.0,0.0,
2005-04-04,20.5,20.5,20.5,20.5,0.0,0.0,
2005-04-05,20.5,20.5,20.5,20.5,0.0,0.0,
2005-04-06,20.5,20.5,20.5,20.5,0.0,0.0,
2005-04-07,20.5,20.5,20.5,20.5,0.0,0.0,
2005-04-08,20.5,20.5,20.5,20.5,0.0,0.0,
2005-04-11,20.5,20.5,20.5,20.5,0.0,0.0,
2005-04-12,20.5,20.5,20.5,20.5,0.0,0.0,
2005-04-13,20.5,20.5,20.5,20.5,0.0,0.0,
2005-04-14,20.5,20.5,20.5,20.5,0.0,0.0,
2005-04-15,20.5,20.5,20.5,20.5,0.0,0.0,
2005-04-18,20.5,20.5,20.5,20.5,0.0,0.0,
2005-04-19,20.5,20.5,20.5,20.5,0.0,0.0,
2005-04-20,20.5,20.5,20.5,20.5,0.0,0.0,
2005-04-21,20.5,20.5,20.5,20.5,0.0,0.0,
2005-04-22,20.5,20.5,20.5,20.5,0.0,0.0,
2005-04-25,20.5,20.5,20.5,20.5,0.0,0.0,
2005-04-26,20.5,20.5,20.5,20.5,0.0,0.0,
2005-04-27,20.5,20.5,20.5,20.5,0.0,0.0,
2005-04-28,20.5,20.5,20.5,20.5,0.0,0.0,
2005-04-29,20.5,20.5,20.5,20.5,0.0,0.0,
2005-05-02,20.5,20.5,20.5,20.5,0.0,0.0,
2005-05-03,20.5,20.5,20.5,20.5,0.0,0.0,
2005-05-04,20.5,20.5,20.5,20.5,0.0,0.0,
2005-05-05,20.5,20.5,20.5,20.5,0.0,0.0,
2005-05-06,20.5,20.5,20.5,20.5,0.0,0.0,
2005-05-09,20.5,20.5,20.5,20.5,0.0,0.0,
2005-05-10,20.5,20.5,20.5,20.5,0.0,0.0,
2005-05-11,20.5,20.5,20.5,20.5,0.0,0.0,
2005-05-12,20.5,20.5,20.5,20.5,0.0,0.0,
2005-05-13,20.5,20.5,20.5,20.5,0.0,0.0,
2005-05-16,20.5,20.5,20.5,20.5,0.0,0.0,
2005-05-17,20.5,20.5,20.5,20.5,0.0,0.0,
2005-05-18,20.5,20.5,20.5,20.5,0.0,0.0,
2005-05-19,20.5,20.5,20.5,20.5,0.0,0.0,
2005-05-20,20.5,20.5,20.5,20.5,0.0,0.0,
2005-05-23,20.5,20.5,20.5,20.5,0.0,0.0,
2005-05-24,20.5,20.5,20.5,20.5,0.0,0.0,
2005-05-25,20.5,20.5,20.5,20.5,0.0,0.0,
2005-05-26,20.5,20.5,20.5,20.5,0.0,0.0,
2005-05-27,20.5,20.5,20.5,20.5,0.0,0.0,
2005-05-30,20.5,20.5,20.5,20.5,0.0,0.0,
2005-05-31,20.5,20.5,20.5,20.5,0.0,0.0,
2005-06-01,20.5,20.5,20.5,20.5,0.0,0.0,
2005-06-02,20.5,20.5,20.5,20.5,0.0,0.0,
2005-06-03,20.5,20.5,20.5,20.5,0.0,0.0,
2005-06-06,20.5,20.5,20.5,20.5,0.0,0.0,
2005-06-07,20.5,20.5,20.5,20.5,0.0,0.0,
2005-06-08,20.5,20.5,20.5,20.5,0.0,0.0,
2005-06-09,20.5,20.5,20.5,20.5,0.0,0.0,
2005-06-10,20.5,20.5,20.5,20.5,0.0,0.0,
2005-06-13,20.5,20.5,20.5,20.5,0.0,0.0,
2005-06-14,20.5,20.5,20.5,20.5,0.0,0.0,
2005-06-15,20.5,20.5,20.5,20.5,0.0,0.0,
2005-06-16,20.5,20.5,20.5,20.5,0.0,0.0,
2005-06-17,20.5,20.5,20.5,20.5,0.0,0.0,
2005-06-20,20.5,20.5,20.5,20.5,0.0,0.0,
2005-06-21,20.5,20.5,20.5,20.5,0.0,0.0,
2005-06-22,20.5,20.5,20.5,20.5,0.0,0.0,
2005-06-23,20.5,20.5,20.5,20.5,0.0,0.0,
2005-06-24,20.5,20.5,20.5,20.5,0.0,0.0,
2005-06-27,20.5,20.5,20.5,20.5,0.0,0.0,
2005-06-28,20.5,20.5,20.5,20.5,0.0,0.0,
2005-06-29,20.5,20.5,20.5,20.5,0.0,0.0,
2005-06-30,20.5,20.5,20.5,20.5,0.0,0.0,
2005-07-01,20.5,20.5,20.5,20.5,0.0,0.0,
2005-07-04,20.5,20.5,20.5,20.5,0.0,0.0,
2005-07-05,20.5,20.5,20.5,20.5,0.0,0.0,
2005-07-06,20.5,20.5,20.5,20.5,0.0,0.0,
2005-07-07,20.5,20.5,20.5,20.5,0.0,0.0,
2005-07-08,20.5,20.5,20.5,20.5,0.0,0.0,
2005-07-11,20.5,20.5,20.5,20.5,0.0,0.0,
2005-07-12,20.5,20.5,20.5,20.5,0.0,0.0,
2005-07-13,20.5,20.5,20.5,20.5,0.0,0.0,
2005-07-14,20.5,20.5,20.5,20.5,0.0,0.0,
2005-07-15,20.5,20.5,20.5,20.5,0.0,0.0,
2005-07-18,20.5,20.5,20.5,20.5,0.0,0.0,
2005-07-19,20.5,20.5,20.5,20.5,0.0,0.0,
2005-07-20,20.5,20.5,20.5,20.5,0.0,0.0,
2005-07-21,20.5,20.5,20.5,20.5,0.0,0.0,
2005-07-22,20.5,20.5,20.5,20.5,0.0,0.0,
2005-07-25,20.5,20.5,20.5,20.5,0.0,0.0,
2005-07-26,20.5,20.5,20.5,20.5,0.0,0.0,
2005-07-27,20.5,20.5,20.5,20.5,0.0,0.0,
2005-07-28,20.5,20.5,20.5,20.5,0.0,0.0,
2005-07-29,20.5,20.5,20.5,20.5,0.0,0.0,
2005-08-01,20.5,20.5,20.5,20.5,0.0,0.0,
2005-08-02,20.5,20.5,20.5,20.5,0.0,0.0,
2005-08-03,20.5,20.5,20.5,20.5,0.0,0.0,
2005-08-04,20.5,20.5,20.5,20.5,0.0,0.0,
2005-08-05,20.5,20.5,20.5,20.5,0.0,0.0,
2005-08-08,20.5,20.5,20.5,20.5,0.0,0.0,
2005-08-09,20.5,20.5,20.5,20.5,0.0,0.0,
2005-08-10,20.5,20.5,20.5,20.5,0.0,0.0,
2005-08-11,20.5,20.5,20.5,20.5,0.0,0.0,
2005-08-12,20.5,20.5,20.5,20.5,0.0,0.0,
2005-08-15,20.5,20.5,20.5,20.5,0.0,0.0,
2005-08-16,20.5,20.5,20.5,20.5,0.0,0.0,
2005-08-17,20.5,20.5,20.5,20.5,0.0,0.0,
2005-08-18,20.5,20.5,20.5,20.5,0.0,0.0,
2005-08-19,20.5,20.5,20.5,20.5,0.0,0.0,
2005-08-22,20.5,20.5,20.5,20.5,0.0,0.0,
2005-08-23,20.5,20.5,20.5,20.5,0.0,0.0,
2005-08-24,20.5,20.5,20.5,20.5,0.0,0.0,
2005-08-25,20.5,20.5,20.5,20.5,0.0,0.0,
2005-08-26,20.5,20.5,20.5,20.5,0.0,0.0,
2005-08-29,20.5,20.5,20.5,20.5,0.0,0.0,
2005-08-30,20.5,20.5,20.5,20.5,0.0,0.0,
2005-08-31,20.5,20.5,20.5,20.5,0.0,0.0,
2005-09-01,20.5,20.5,20.5,20.5,0.0,0.0,
2005-09-02,20.5,20.5,20.5,20.5,0.0,0.0,
2005-09-05,20.5,20.5,20.5,20.5,0.0,0.0,
2005-09-06,20.5,20.5,20.5,20.5,0.0,0.0,
2005-09-07,20.5,20.5,20.5,20.5,0.0,0.0,
2005-09-08,20.5,20.5,20.5,20.5,0.0,0.0,
2005-09-09,20.5,20.5,20.5,20.5,0.0,0.0,
2005-09-12,20.5,20.5,20.5,20.5,0.0,0.0,
2005-09-13,20.5,20.5,20.5,20.5,0.0,0.0,
2005-09-14,20.5,20.5,20.5,20.5,0.0,0.0,
2005-09-15,20.5,20.5,20.5,20.5,0.0,0.0,
2005-09-16,20.5,20.5,20.5,20.5,0.0,0.0,
2005-09-19,20.5,20.5,20.5,20.5,0.0,0.0,
2005-09-20,20.5,20.5,20.5,20.5,0.0,0.0,
2005-09-21,20.5,20.5,20.5,20.5,0.0,0.0,
2005-09-22,20.5,20.5,20.5,20.5,0.0,0.0,
2005-09-23,20.5,20.5,20.5,20.5,0.0,0.0,
2005-09-26,20.5,20.5,20.5,20.5,0.0,0.0,
2005-09-27,20.5,20.5,20.5,20.5,0.0,0.0,
2005-09-28,20.5,20.5,20.5,20.5,0.0,0.0,
2005-09-29,20.5,20.5,20.5,20.5,0.0,0.0,
2005-09-30,20.5,20.5,20.5,20.5,0.0,0.0,
2005-10-03,20.5,20.5,20.5,20.5,0.0,0.0,
2005-10-04,20.5,20.5,20.5,20.5,0.0,0.0,
2005-10-05,20.5,20.5,20.5,20.5,0.0,0.0,
2005-10-06,20.5,20.5,20.5,20.5,0.0,0.0,
2005-10-07,20.5,20.5,20.5,20.5,0.0,0.0,
2005-10-10,20.5,20.5,20.5,20.5,0.0,0.0,
2005-10-11,20.5,20.5,20.5,20.5,0.0,0.0,
2005-10-12,20.5,20.5,20.5,20.5,0.0,0.0,
2005-10-13,20.5,20.5,20.5,20.5,0.0,0.0,
2005-10-14,20.5,20.5,20.5,20.5,0.0,0.0,
2005-10-17,20.5,20.5,20.5,20.5,0.0,0.0,
2005-10-18,20.5,20.5,20.5,20.5,0.0,0.0,
2005-10-19,20.5,20.5,20.5,20.5,0.0,0.0,
2005-10-20,20.5,20.5,20.5,20.5,0.0,0.0,
2005-10-21,20.5,20.5,20.5,20.5,0.0,0.0,
2005-10-24,20.5,20.5,20.5,20.5,0.0,0.0,
2005-10-25,20.5,20.5,20.5,20.5,0.0,0.0,
2005-10-26,20.5,20.5,20.5,20.5,0.0,0.0,
2005-10-27,20.5,20.5,20.5,20.5,0.0,0.0,
2005-10-28,20.5,20.5,20.5,20.5,0.0,0.0,
2005-10-31,20.5,20.5,20.5,20.5,0.0,0.0,
2005-11-01,20.5,20.5,20.5,20.5,0.0,0.0,
2005-11-02,20.5,20.5,20.5,20.5,0.0,0.0,
2005-11-03,20.5,20.5,20.5,20.5,0.0,0.0,
2005-11-04,20.5,20.5,20.5,20.5,0.0,0.0,
2005-11-07,20.5,20.5,20.5,20.5,0.0,0.0,
2005-11-08,20.5,20.5,20.5,20.5,0.0,0.0,
2005-11-09,20.5,20.5,20.5,20.5,0.0,0.0,
2005-11-10,20.5,20.5,20.5,20.5,0.0,0.0,
2005-11-11,20.5,20.5,20.5,20.5,0.0,0.0,
2005-11-14,20.5,20.5,20.5,20.5,0.0,0.0,
2005-11-15,20.5,20.5,20.5,20.5,0.0,0.0,
2005-11-16,20.5,20.5,20.5,20.5,0.0,0.0,
2005-11-17,20.5,20.5,20.5,20.5,0.0,0.0,
2005-11-18,20.5,20.5,20.5,20.5,0.0,0.0,
2005-11-21,20.5,20.5,20.5,20.5,0.0,0.0,
2005-11-22,20.5,20.5,20.5,20.5,0.0,0.0,
2005-11-23,20.5,20.5,20.5,20.5,0.0,0.0,
2005-11-24,20.5,20.5,20.5,20.5,0.0,0.0,
2005-11-25,20.5,20.5,20.5,20.5,0.0,0.0,
2005-11-28,20.5,20.5,20.5,20.5,0.0,0.0,
2005-11-29,20.5,20.5,20.5,20.5,0.0,0.0,
2005-11-30,20.5,20.5,20.5,20.5,0.0,0.0,
2005-12-01,20.5,20.5,20.5,20.5,0.0,0.0,
2005-12-02,20.5,20.5,20.5,20.5,0.0,0.0,
2005-12-05,20.5,20.5,20.5,20.5,0.0,0.0,
2005-12-06,20.5,20.5,20.5,20.5,0.0,0.0,
2005-12-07,20.5,20.5,20.5,20.5,0.0,0.0,
2005-12-08,20.5,20.5,20.5,20.5,0.0,0.0,
2005-12-09,20.5,20.5,20.5,20.5,0.0,0.0,
2005-12-12,20.5,20.5,20.5,20.5,0.0,0.0,
2005-12-13,20.5,20.5,20.5,20.5,0.0,0.0,
2005-12-14,20.5,20.5,20.5,20.5,0.0,0.0,
2005-12-15,20.5,20.5,20.5,20.5,0.0,0.0,
2005-12-16,20.5,20.5,20.5,20.5,0.0,0.0,
2005-12-19,20.5,20.5,20.5,20.5,0.0,0.0,
2005-12-20,20.5,20.5,20.5,20.5,0.0,0.0,
2005-12-21,20.5,20.5,20.5,20.5,0.0,0.0,
2005-12-22,20.5,20.5,20.5,20.5,0.0,0.0,
2005-12-23,20.5,20.5,20.5,20.5,0.0,0.0,
2005-12-26,20.5,20.5,20.5,20.5,0.0,0.0,
2005-12-27,20.5,20.5,20.5,20.5,0.0,0.0,
2005-12-28,20.5,20.5,20.5,20.5,0.0,0.0,
2005-12-29,20.5,20.5,20.5,20.5,0.0,0.0,
2005-12-30,20.5,20.5,20.5,20.5,0.0,0.0,
2006-01-02,20.5,20.5,20.5,20.5,0.0,0.0,
2006-01-03,20.5,20.5,20.5,20.5,0.0,0.0,
2006-01-04,20.5,20.5,20.5,20.5,0.0,0.0,
2006-01-05,20.5,20.5,20.5,20.5,0.0,0.0,
2006-01-06,20.5,20.5,20.5,20.5,0.0,0.0,
2006-01-09,20.5,20.5,20.5,20.5,0.0,0.0,
2006-01-10,20.5,20.5,20.5,20.5,0.0,0.0,
2006-01-11,20.5,20.5,20.5,20.5,0.0,0.0,
2006-01-12,20.5,20.5,20.5,20.5,0.0,0.0,
2006-01-13,20.5,20.5,20.5,20.5,0.0,0.0,
2006-01-16,20.5,20.5,20.5,20.5,0.0,0.0,
2006-01-17,20.5,20.5,20.5,20.5,0.0,0.0,
2006-01-18,20.5,20.5,20.5,20.5,0.0,0.0,
2006-01-19,20.5,20.5,20.5,20.5,0.0,0.0,
2006-01-20,20.5,20.5,20.5,20.5,0.0,0.0,
2006-01-23,20.5,20.5,20.5,20.5,0.0,0.0,
2006-01-24,20.5,20.5,20.5,20.5,0.0,0.0,
2006-01-25,20.5,20.5,20.5,20.5,0.0,0.0,
2006-01-26,20.5,20.5,20.5,20.5,0.0,0.0,
2006-01-27,20.5,20.5,20.5,20.5,0.0,0.0,
2006-01-30,20.5,20.5,20.5,20.5,0.0,0.0,
2006-01-31,20.5,20.5,20.5,20.5,0.0,0.0,
2006-02-01,20.5,20.5,20.5,20.5,0.0,0.0,
2006-02-02,20.5,20.5,20.5,20.5,0.0,0.0,
2006-02-03,20.5,20.5,20.5,20.5,0.0,0.0,
2006-02-06,20.5,20.5,20.5,20.5,0.0,0.0,
2006-02-07,20.5,20.5,20.5,20.5,0.0,0.0,
2006-02-08,20.5,20.5,20.5,20.5,0.0,0.0,
2006-02-09,20.5,20.5,20.5,20.5,0.0,0.0,
2006-02-10,20.5,20.5,20.5,20.5,0.0,0.0,
2006-02-13,20.5,20.5,20.5,20.5,0.0,0.0,
2006-02-14,20.5,20.5,20.5,20.5,0.0,0.0,
2006-02-15,20.5,20.5,20.5,20.5,0.0,0.0,
2006-02-16,20.5,20.5,20.5,20.5,0.0,0.0,
2006-02-17,20.5,20.5,20.5,20.5,0.0,0.0,
2006-02-20,20.5,20.5,20.5,20.5,0.0,0.0,
2006-02-21,20.5,20.5,20.5,20.5,0.0,0.0,
2006-02-22,20.5,20.5,20.5,20.5,0.0,0.0,
2006-02-23,20.5,20.5,20.5,20.5,0.0,0.0,
2006-02-24,20.5,20.5,20.5,20.5,0.0,0.0,
2006-02-27,20.5,20.5,20.5,20.5,0.0,0.0,
2006-02-28,20.5,20.5,20.5,20.5,0.0,0.0,
2006-03-01,20.5,20.5,20.5,20.5,0.0,0.0,
2006-03-02,20.5,20.5,20.5,20.5,0.0,0.0,
2006-03-03,20.5,20.5,20.5,20.5,0.0,0.0,
2006-03-06,20.5,20.5,20.5,20.5,0.0,0.0,
2006-03-07,20.5,20.5,20.5,20.5,0.0,0.0,
2006-03-08,20.5,20.5,20.5,20.5,0.0,0.0,
2006-03-09,20.5,20.5,20.5,20.5,0.0,0.0,
2006-03-10,20.5,20.5,20.5,20.5,0.0,0.0,
2006-03-13,20.5,20.5,20.5,20.5,0.0,0.0,
2006-03-14,20.5,20.5,20.5,20.5,0.0,0.0,
2006-03-15,20.5,20.5,20.5,20.5,0.0,0.0,
2006-03-16,20.5,20.5,20.5,20.5,0.0,0.0,
2006-03-17,20.5,20.5,20.5,20.5,0.0,0.0,
2006-03-20,20.5,20.5,20.5,20.5,0.0,0.0,
2006-03-21,20.5,20.5,20.5,20.5,0.0,0.0,
2006-03-22,20.5,20.5,20.5,20.5,0.0,0.0,
2006-03-23,20.5,20.5,20.5,20.5,0.0,0.0,
2006-03-24,20.5,20.5,20.5,20.5,0.0,0.0,
2006-03-27,20.5,20.5,20.5,20.5,0.0,0.0,
2006-03-28,20.5,20.5,20.5,20.5,0.0,0.0,
2006-03-29,20.5,20.5,20.5,20.5,0.0,0.0,
2006-03-30,20.5,20.5,20.5,20.5,0.0,0.0,
2006-03-31,20.5,20.5,20.5,20.5,0.0,0.0,
2006-04-03,20.5,20.5,20.5,20.5,0.0,0.0,
2006-04-04,20.5,20.5,20.5,20.5,0.0,0.0,
2006-04-05,20.5,20.5,20.5,20.5,0.0,0.0,
2006-04-06,20.5,20.5,20.5,20.5,0.0,0.0,
2006-04-07,20.5,20.5,20.5,20.5,0.0,0.0,
2006-04-10,20.5,20.5,20.5,20.5,0.0,0.0,
2006-04-11,20.5,20.5,20.5,20.5,0.0,0.0,
2006-04-12,20.5,20.5,20.5,20.5,0.0,0.0,
2006-04-13,20.5,20.5,20.5,20.5,0.0,0.0,
2006-04-14,20.5,20.5,20.5,20.5,0.0,0.0,
2006-04-17,20.5,20.5,20.5,20.5,0.0,0.0,
2006-04-18,20.5,20.5,20.5,20.5,0.0,0.0,
2006-04-19,20.5,20.5,20.5,20.5,0.0,0.0,
2006-04-20,20.5,20.5,20.5,20.5,0.0,0.0,
2006-04-21,20.5,20.5,20.5,20.5,0.0,0.0,
2006-04-24,20.5,20.5,20.5,20.5,0.0,0.0,
2006-04-25,20.5,20.5,20.5,20.5,0.0,0.0,
2006-04-26,20.5,20.5,20.5,20.5,0.0,0.0,
2006-04-27,20.5,20.5,20.5,20.5,0.0,0.0,
2006-04-28,20.5,20.5,20.5,20.5,0.0,0.0,
2006-05-01,20.5,20.5,20.5,20.5,0.0,0.0,
2006-05-02,20.5,20.5,20.5,20.5,0.0,0.0,
2006-05-03,20.5,20.5,20.5,20.5,0.0,0.0,
2006-05-04,20.5,20.5,20.5,20.5,0.0,0.0,
2006-05-05,20.5,20.5,20.5,20.5,0.0,0.0,
2006-05-08,20.5,20.5,20.5,20.5,0.0,0.0,
2006-05-09,20.5,20.5,20.5,20.5,0.0,0.0,
2006-05-10,20.5,20.5,20.5,20.5,0.0,0.0,
2006-05-11,20.5,20.5,20.5,20.5,0.0,0.0,
2006-05-12,20.5,20.5,20.5,20.5,0.0,0.0,
2006-05-15,20.5,20.5,20.5,20.5,0.0,0.0,
2006-05-16,20.5,20.5,20.5,20.5,0.0,0.0,
2006-05-17,20.5,20.5,20.5,20.5,0.0,0.0,
2006-05-18,20.5,20.5,20.5,20.5,0.0,0.0,
2006-05-19,20.5,20.5,20.5,20.5,0.0,0.0,
2006-05-22,20.5,20.5,20.5,20.5,0.0,0.0,
2006-05-23,20.5,20.5,20.5,20.5,0.0,0.0,
2006-05-24,20.5,20.5,20.5,20.5,0.0,0.0,
2006-05-25,20.5,20.5,20.5,20.5,0.0,0.0,
2006-05-26,20.5,20.5,20.5,20.5,0.0,0.0,
2006-05-29,20.5,20.5,20.5,20.5,0.0,0.0,
2006-05-30,20.5,20.5,20.5,20.5,0.0,0.0,
2006-05-31,20.5,20.5,20.5,20.5,0.0,0.0,
2006-06-01,20.5,20.5,20.5,20.5,0.0,0.0,
2006-06-02,20.5,20.5,20.5,20.5,0.0,0.0,
2006-06-05,20.5,20.5,20.5,20.5,0.0,0.0,
2006-06-06,20.5,20.5,20.5,20.5,0.0,0.0,
2006-06-07,20.5,20.5,20.5,20.5,0.0,0.0,
2006-06-08,20.5,20.5,20.5,20.5,0.0,0.0,
2006-06-09,20.5,20.5,20.5,20.5,0.0,0.0,
2006-06-12,20.5,20.5,20.5,20.5,0.0,0.0,
2006-06-13,20.5,20.5,20.5,20.5,0.0,0.0,
2006-06-14,20.5,20.5,20.5,20.5,0.0,0.0,
2006-06-15,20.5,20.5,20.5,20.5,0.0,0.0,
2006-06-16,20.5,20.5,20.5,20.5,0.0,0.0,
2006-06-19,20.5,20.5,20.5,20.5,0.0,0.0,
2006-06-20,20.5,20.5,20.5,20.5,0.0,0.0,
2006-06-21,20.5,20.5,20.5,20.5,0.0,0.0,
2006-06-22,20.5,20.5,20.5,20.5,0.0,0.0,
2006-06-23,20.5,20.5,20.5,20.5,0.0,0.0,
2006-06-26,20.5,20.5,20.5,20.5,0.0,0.0,
2006-06-27,20.5,20.5,20.5,20.5,0.0,0.0,
2006-06-28,20.5,20.5,20.5,20.5,0.0,0.0,
2006-06-29,20.5,20.5,20.5,20.5,0.0,0.0,
2006-06-30,20.5,20.5,20.5,20.5,0.0,0.0,
2006-07-03,20.5,20.5,20.5,20.5,0.0,0.0,
2006-07-04,20.5,20.5,20.5,20.5,0.0,0.0,
2006-07-05,20.5,20.5,20.5,20.5,0.0,0.0,
2006-07-06,20.5,20.5,20.5,20.5,0.0,0.0,
2006-07-07,20.5,20.5,20.5,20.5,0.0,0.0,
2006-07-10,20.5,20.5,20.5,20.5,0.0,0.0,
2006-07-11,20.5,20.5,20.5,20.5,0.0,0.0,
2006-07-12,20.5,20.5,20.5,20.5,0.0,0.0,
2006-07-13,20.5,20.5,20.5,20.5,0.0,0.0,
2006-07-14,20.5,20.5,20.5,20.5,0.0,0.0,
2006-07-17,20.5,20.5,20.5,20.5,0.0,0.0,
2006-07-18,20.5,20.5,20.5,20.5,0.0,0.0,
2006-07-19,20.5,20.5,20.5,20.5,0.0,0.0,
2006-07-20,20.5,20.5,20.5,20.5,0.0,0.0,
2006-07-21,20.5,20.5,20.5,20.5,0.0,0.0,
2006-07-24,20.5,20.5,20.5,20.5,0.0,0.0,
2006-07-25,20.5,20.5,20.5,20.5,0.0,0.0,
2006-07-26,20.5,20.5,20.5,20.5,0.0,0.0,
2006-07-27,20.5,20.5,20.5,20.5,0.0,0.0,
2006-07-28,20.5,20.5,20.5,20.5,0.0,0.0,
2006-07-31,20.5,20.5,20.5,20.5,0.0,0.0,
2006-08-01,20.5,20.5,20.5,20.5,0.0,0.0,
2006-08-02,20.5,20.5,20.5,20.5,0.0,0.0,
2006-08-03,20.5,20.5,20.5,20.5,0.0,0.0,
2006-08-04,20.5,20.5,20.5,20.5,0.0,0.0,
2006-08-07,20.5,20.5,20.5,20.5,0.0,0.0,
2006-08-08,20.5,20.5,20.5,20.5,0.0,0.0,
2006-08-09,20.5,20.5,20.5,20.5,0.0,0.0,
2006-08-10,20.5,20.5,20.5,20.5,0.0,0.0,
2006-08-11,20.5,20.5,20.5,20.5,0.0,0.0,
2006-08-14,20.5,20.5,20.5,20.5,0.0,0.0,
2006-08-15,20.5,20.5,20.5,20.5,0.0,0.0,
2006-08-16,20.5,20.5,20.5,20.5,0.0,0.0,
2006-08-17,20.5,20.5,20.5,20.5,0.0,0.0,
2006-08-18,20.5,20.5,20.5,20.5,0.0,0.0,
2006-08-21,20.5,20.5,20.5,20.5,0.0,0.0,
2006-08-22,20.5,20.5,20.5,20.5,0.0,0.0,
2006-08-23,20.5,20.5,20.5,20.5,0.0,0.0,
2006-08-24,20.5,20.5,20.5,20.5,0.0,0.0,
2006-08-25,20.5,20.5,20.5,20.5,0.0,0.0,
2006-08-28,20.5,20.5,20.5,20.5,0.0,0.0,
2006-08-29,20.5,20.5,20.5,20.5,0.0,0.0,
2006-08-30,20.5,20.5,20.5,20.5,0.0,0.0,
2006-08-31,20.5,20.5,20.5,20.5,0.0,0.0,
2006-09-01,20.5,20.5,20.5,20.5,0.0,0.0,
2006-09-04,20.5,20.5,20.5,20.5,0.0,0.0,
2006-09-05,20.5,20.5,20.5,20.5,0.0,0.0,
2006-09-06,20.5,20.5,20.5,20.5,0.0,0.0,
2006-09-07,20.5,20.5,20.5,20.5,0.0,0.0,
2006-09-08,20.5,20.5,20.5,20.5,0.0,0.0,
2006-09-11,20.5,20.5,20.5,20.5,0.0,0.0,
2006-09-12,20.5,20.5,20.5,20.5,0.0,0.0,
2006-09-13,20.5,20.5,20.5,20.5,0.0,0.0,
2006-09-14,20.5,20.5,20.5,20.5,0.0,0.0,
2006-09-15,20.5,20.5,20.5,20.5,0.0,0.0,
2006-09-18,20.5,20.5,20.5,20.5,0.0,0.0,
2006-09-19,20.5,20.5,20.5,20.5,0.0,0.0,
2006-09-20,20.5,20.5,20.5,20.5,0.0,0.0,
2006-09-21,20.5,20.5,20.5,20.5,0.0,0.0,
2006-09-22,20.5,20.5,20.5,20.5,0.0,0.0,
2006-09-25,20.5,20.5,20.5,20.5,0.0,0.0,
2006-09-26,20.5,20.5,20.5,20.5,0.0,0.0,
2006-09-27,20.5,20.5,20.5,20.5,0.0,0.0,
2006-09-28,20.5,20.5,20.5,20.5,0.0,0.0,
2006-09-29,20.5,20.5,20.5,20.5,0.0,0.0,
2006-10-02,20.5,20.5,20.5,20.5,0.0,0.0,
2006-10-03,20.5,20.5,20.5,20.5,0.0,0.0,
2006-10-04,20.5,20.5,20.5,20.5,0.0,0.0,
2006-10-05,20.5,20.5,20.5,20.5,0.0,0.0,
2006-10-06,20.5,20.5,20.5,20.5,0.0,0.0,
2006-10-09,20.5,20.5,20.5,20.5,0.0,0.0,
2006-10-10,20.5,20.5,20.5,20.5,0.0,0.0,
2006-10-11,20.5,20.5,20.5,20.5,0.0,0.0,
2006-10-12,20.5,20.5,20.5,20.5,0.0,0.0,
2006-10-13,20.5,20.5,20.5,20.5,0.0,0.0,
2006-10-16,20.5,20.5,20.5,20.5,0.0,0.0,
2006-10-17,20.5,20.5,20.5,20.5,0.0,0.0,
2006-10-18,20.5,20.5,20.5,20.5,0.0,0.0,
2006-10-19,20.5,20.5,20.5,20.5,0.0,0.0,
2006-10-20,20.5,20.5,20.5,20.5,0.0,0.0,
2006-10-23,20.5,20.5,20.5,20.5,0.0,0.0,
2006-10-24,20.5,20.5,20.5,20.5,0.0,0.0,
2006-10-25,20.5,20.5,20.5,20.5,0.0,0.0,
2006-10-26,20.5,20.5,20.5,20.5,0.0,0.0,
2006-10-27,20.5,20.5,20.5,20.5,0.0,0.0,
2006-10-30,20.5,20.5,20.5,20.5,0.0,0.0,
2006-10-31,20.5,20.5,20.5,20.5,0.0,0.0,
2006-11-01,20.5,20.5,20.5,20.5,0.0,0.0,
2006-11-02,20.5,20.5,20.5,20.5,0.0,0.0,
2006-11-03,20.5,20.5,20.5,20.5,0.0,0.0,
2006-11-06,20.5,20.5,20.5,20.5,0.0,0.0,
2006-11-07,20.5,20.5,20.5,20.5,0.0,0.0,
2006-11-08,20.5,20.5,20.5,20.5,0.0,0.0,
2006-11-09,20.5,20.5,20.5,20.5,0.0,0.0,
2006-11-10,20.5,20.5,20.5,20.5,0.0,0.0,
2006-11-13,20.5,20.5,20.5,20.5,0.0,0.0,
2006-11-14,20.5,20.5,20.5,20.5,0.0,0.0,
2006-11-15,20.5,20.5,20.5,20.5,0.0,0.0,
2006-11-16,20.5,20.5,20.5,20.5,0.0,0.0,
2006-11-17,20.5,20.5,20.5,20.5,0.0,0.0,
2006-11-20,20.5,20.5,20.5,20.5,0.0,0.0,
2006-11-21,20.5,20.5,20.5,20.5,0.0,0.0,
2006-11-22,20.5,20.5,20.5,20.5,0.0,0.0,
2006-11-23,20.5,20.5,20.5,20.5,0.0,0.0,
2006-11-24,20.5,20.5,20.5,20.5,0.0,0.0,
2006-11-27,20.5,20.5,20.5,20.5,0.0,0.0,
2006-11-28,20.5,20.5,20.5,20.5,0.0,0.0,
2006-11-29,20.5,20.5,20.5,20.5,0.0,0.0,
2006-11-30,20.5,20.5,20.5,20.5,0.0,0.0,
2006-12-01,20.5,20.5,20.5,20.5,0.0,0.0,
2006-12-04,20.5,20.5,20.5,20.5,0.0,0.0,
2006-12-05,20.5,20.5,20.5,20.5,0.0,0.0,
2006-12-06,20.5,20.5,20.5,20.5,0.0,0.0,
2006-12-07,20.5,20.5,20.5,20.5,0.0,0.0,
2006-12-08,20.5,20.5,20.5,20.5,0.0,0.0,
2006-12-11,20.5,20.5,20.5,20.5,0.0,0.0,
2006-12-12,20.5,20.5,20.5,20.5,0.0,0.0,
2006-12-13,20.5,20.5,20.5,20.5,0.0,0.0,
2006-12-14,20.5,20.5,20.5,20.5,0.0,0.0,
2006-12-15,20.5,20.5,20.5,20.5,0.0,0.0,
2006-12-18,20.5,20.5,20.5,20.5,0.0,0.0,
2006-12-19,20.5,20.5,20.5,20.5,0.0,0.0,
2006-12-20,20.5,20.5,20.5,20.5,0.0,0.0,
2006-12-21,20.5,20.5,20.5,20.5,0.0,0.0,
2006-12-22,20.5,20.5,20.5,20.5,0.0,0.0,
2006-12-25,20.5,20.5,20.5,20.5,0.0,0.0,
2006-12-26,20.5,20.5,20.5,20.5,0.0,0.0,
2006-12-27,20.5,20.5,20.5,20.5,0.0,0.0,
2006-12-28,20.5,20.5,20.5,20.5,0.0,0.0,
2006-12-29,20.5,20.5,20.5,20.5,0.0,0.0,
2007-01-01,20.5,20.5,20.5,20.5,0.0,0.0,
2007-01-02,20.5,20.5,20.5,20.5,0.0,0.0,
2007-01-03,20.5,20.5,20.5,20.5,0.0,0.0,
2007-01-04,20.5,20.5,20.5,20.5,0.0,0.0,
2007-01-05,20.5,20.5,20.5,20.5,0.0,0.0,
2007-01-08,20.5,20.5,20.5,20.5,0.0,0.0,
2007-01-09,20.5,20.5,20.5,20.5,0.0,0.0,
2007-01-10,20.5,20.5,20.5,20.5,0.0,0.0,
2007-01-11,20.5,20.5,20.5,20.5,0.0,0.0,
2007-01-12,20.5,20.5,20.5,20.5,0.0,0.0,
2007-01-15,20.5,20.5,20.5,20.5,0.0,0.0,
2007-01-16,20.5,20.5,20.5,20.5,0.0,0.0,
2007-01-17,20.5,20.5,20.5,20.5,0.0,0.0,
2007-01-18,20.5,20.5,20.5,20.5,0.0,0.0,
2007-01-19,20.5,20.5,20.5,20.5,0.0,0.0,
2007-01-22,20.5,20.5,20.5,20.5,0.0,0.0,
2007-01-23,20.5,20.5,20.5,20.5,0.0,0.0,
2007-01-24,20.5,20.5,20.5,20.5,0.0,0.0,
2007-01-25,20.5,20.5,20.5,20.5,0.0,0.0,
2007-01-26,20.5,20.5,20.5,20.5,0.0,0.0,
2007-01-29,20.5,20.5,20.5,20.5,0.0,0.0,
2007-01-30,20.5,20.5,20.5,20.5,0.0,0.0,
2007-01-31,20.5,20.5,20.5,20.5,0.0,0.0,
2007-02-01,20.5,20.5,20.5,20.5,0.0,0.0,
2007-02-02,20.5,20.5,20.5,20.5,0.0,0.0,
2007-02-05,20.5,20.5,20.5,20.5,0.0,0.0,
2007-02-06,20.5,20.5,20.5,20.5,0.0,0.0,
2007-02-07,20.5,20.5,20.5,20.5,0.0,0.0,
2007-02-08,20.5,20.5,20.5,20.5,0.0,0.0,
2007-02-09,20.5,20.5,20.5,20.5,0.0,0.0,
2007-02-12,20.5,20.5,20.5,20.5,0.0,0.0,
2007-02-13,20.5,20.5,20.5,20.5,0.0,0.0,
2007-02-14,20.5,20.5,20.5,20.5,0.0,0.0,
2007-02-15,20.5,20.5,20.5,20.5,0.0,0.0,
2007-02-16,20.5,20.5,20.5,20.5,0.0,0.0,
2007-02-19,20.5,20.5,20.5,20.5,0.0,0.0,
2007-02-20,20.5,20.5,20.5,20.5,0.0,0.0,
2007-02-21,20.5,20.5,20.5,20.5,0.0,0.0,
2007-02-22,20.5,20.5,20.5,20.5,0.0,0.0,
2007-02-23,20.5,20.5,20.5,20.5,0.0,0.0,
2007-02-26,20.5,20.5,20.5,20.5,0.0,0.0,
2007-02-27,20.5,20.5,20.5,20.5,0.0,0.0,
2007-02-28,20.5,20.5,20.5,20.5,0.0,0.0,
2007-03-01,20.5,20.5,20.5,20.5,0.0,0.0,
2007-03-02,20.5,20.5,20.5,20.5,0.0,0.0,
2007-03-05,20.5,20.5,20.5,20.5,0.0,0.0,
2007-03-06,20.5,20.5,20.5,20.5,0.0,0.0,
2007-03-07,20.5,20.5,20.5,20.5,0.0,0.0,
2007-03-08,20.5,20.5,20.5,20.5,0.0,0.0,
2007-03-09,20.5,20.5,20.5,20.5,0.0,0.0,
2007-03-12,20.5,20.5,20.5,20.5,0.0,0.0,
2007-03-13,20.5,20.5,20.5,20.5,0.0,0.0,
2007-03-14,20.5,20.5,20.5,20.5,0.0,0.0,
2007-03-15,20.5,20.5,20.5,20.5,0.0,0.0,
2007-03-16,20.5,20.5,20.5,20.5,0.0,0.0,
2007-03-19,20.5,20.5,20.5,20.5,0.0,0.0,
2007-03-20,20.5,20.5,20.5,20.5,0.0,0.0,
2007-03-21,20.5,20.5,20.5,20.5,0.0,0.0,
2007-03-22,20.5,20.5,20.5,20.5,0.0,0.0,
2007-03-23,20.5,20.5,20.5,20.5,0.0,0.0,
2007-03-26,20.5,20.5,20.5,20.5,0.0,0.0,
2007-03-27,20.5,20.5,20.5,20.5,0.0,0.0,
2007-03-28,20.5,20.5,20.5,20.5,0.0,0.0,
2007-03-29,20.5,20.5,20.5,20.5,0.0,0.0,
2007-03-30,20.5,20.5,20.5,20.5,0.0,0.0,
2007-04-02,20.5,20.5,20.5,20.5,0.0,0.0,
2007-04-03,20.5,20.5,20.5,20.5,0.0,0.0,
2007-04-04,20.5,20.5,20.5,20.5,0.0,0.0,
2007-04-05,20.5,20.5,20.5,20.5,0.0,0.0,
2007-04-06,20.5,20.5,20.5,20.5,0.0,0.0,
2007-04-09,20.5,20.5,20.5,20.5,0.0,0.0,
2007-04-10,20.5,20.5,20.5,20.5,0.0,0.0,
2007-04-11,20.5,20.5,20.5,20.5,0.0,0.0,
2007-04-12,20.5,20.5,20.5,20.5,0.0,0.0,
2007-04-13,20.5,20.5,20.5,20.5,0.0,0.0,
2007-04-16,20.5,20.5,20.5,20.5,0.0,0.0,
2007-04-17,20.5,20.5,20.5,20.5,0.0,0.0,
2007-04-18,20.5,20.5,20.5,20.5,0.0,0.0,
2007-04-19,20.5,20.5,20.5,20.5,0.0,0.0,
2007-04-20,20.5,20.5,20.5,20.5,0.0,0.0,
2007-04-23,20.5,20.5,20.5,20.5,0.0,0.0,
2007-04-24,20.5,20.5,20.5,20.5,0.0,0.0,
2007-04-25,20.5,20.5,20.5,20.5,0.0,0.0,
2007-04-26,20.5,20.5,20.5,20.5,0.0,0.0,
2007-04-27,20.5,20.5,20.5,20.5,0.0,0.0,
2007-04-30,20.5,20.5,20.5,20.5,0.0,0.0,
2007-05-01,20.5,20.5,20.5,20.5,0.0,0.0,
2007-05-02,20.5,20.5,20.5,20.5,0.0,0.0,
2007-05-03,20.5,20.5,20.5,20.5,0.0,0.0,
2007-05-04,20.5,20.5,20.5,20.5,0.0,0.0,
2007-05-06,20.5,20.5,20.5,20.5,0.0,0.0,
2007-05-07,20.5,20.5,20.5,20.5,0.0,0.0,
2007-05-08,20.5,20.5,20.5,20.5,0.0,0.0,
2007-05-09,20.5,20.5,20.5,20.5,0.0,0.0,
2007-05-10,20.5,20.5,20.5,20.5,0.0,0.0,
2007-05-11,20.5,20.5,20.5,20.5,0.0,0.0,
2007-05-14,20.5,20.5,20.5,20.5,0.0,0.0,
2007-05-15,20.5,20.5,20.5,20.5,0.0,0.0,
2007-05-16,20.5,20.5,20.5,20.5,0.0,0.0,
2007-05-17,20.5,20.5,20.5,20.5,0.0,0.0,
2007-05-18,20.5,20.5,20.5,20.5,0.0,0.0,
2007-05-21,20.5,20.5,20.5,20.5,0.0,0.0,
2007-05-22,20.5,20.5,20.5,20.5,0.0,0.0,
2007-05-23,20.5,20.5,20.5,20.5,0.0,0.0,
2007-05-24,20.5,20.5,20.5,20.5,0.0,0.0,
2007-05-25,20.5,20.5,20.5,20.5,0.0,0.0,
2007-05-28,20.5,20.5,20.5,20.5,0.0,0.0,
2007-05-29,20.5,20.5,20.5,20.5,0.0,0.0,
2007-05-30,20.5,20.5,20.5,20.5,0.0,0.0,
2007-05-31,20.5,20.5,20.5,20.5,0.0,0.0,
2007-06-01,20.5,20.5,20.5,20.5,0.0,0.0,
2007-06-04,20.5,20.5,20.5,20.5,0.0,0.0,
2007-06-05,20.5,20.5,20.5,20.5,0.0,0.0,
2007-06-06,20.5,20.5,20.5,20.5,0.0,0.0,
2007-06-07,20.5,20.5,20.5,20.5,0.0,0.0,
2007-06-08,20.5,20.5,20.5,20.5,0.0,0.0,
2007-06-11,20.5,20.5,20.5,20.5,0.0,0.0,
2007-06-12,20.5,20.5,20.5,20.5,0.0,0.0,
2007-06-13,20.5,20.5,20.5,20.5,0.0,0.0,
2007-06-14,20.5,20.5,20.5,20.5,0.0,0.0,
2007-06-15,20.5,20.5,20.5,20.5,0.0,0.0,
2007-06-18,20.5,20.5,20.5,20.5,0.0,0.0,
2007-06-19,20.5,20.5,20.5,20.5,0.0,0.0,
2007-06-20,20.5,20.5,20.5,20.5,0.0,0.0,
2007-06-21,20.5,20.5,20.5,20.5,0.0,0.0,
2007-06-22,20.5,20.5,20.5,20.5,0.0,0.0,
2007-06-25,20.5,20.5,20.5,20.5,0.0,0.0,
2007-06-26,20.5,20.5,20.5,20.5,0.0,0.0,
2007-06-27,20.5,20.5,20.5,20.5,0.0,0.0,
2007-06-28,20.5,20.5,20.5,20.5,0.0,0.0,
2007-06-29,20.5,20.5,20.5,20.5,0.0,0.0,
2007-07-02,20.5,20.5,20.5,20.5,0.0,0.0,
2007-07-03,20.5,20.5,20.5,20.5,0.0,0.0,
2007-07-04,20.5,20.5,20.5,20.5,0.0,0.0,
2007-07-05,20.5,20.5,20.5,20.5,0.0,0.0,
2007-07-06,20.5,20.5,20.5,20.5,0.0,0.0,
2007-07-09,20.5,20.5,20.5,20.5,0.0,0.0,
2007-07-10,20.5,20.5,20.5,20.5,0.0,0.0,
2007-07-11,20.5,20.5,20.5,20.5,0.0,0.0,
2007-07-12,20.5,20.5,20.5,20.5,0.0,0.0,
2007-07-13,20.5,20.5,20.5,20.5,0.0,0.0,
2007-07-16,20.5,20.5,20.5,20.5,0.0,0.0,
2007-07-17,20.5,20.5,20.5,20.5,0.0,0.0,
2007-07-18,20.5,20.5,20.5,20.5,0.0,0.0,
2007-07-19,20.5,20.5,20.5,20.5,0.0,0.0,
2007-07-20,20.5,20.5,20.5,20.5,0.0,0.0,
2007-07-23,20.5,20.5,20.5,20.5,0.0,0.0,
2007-07-24,20.5,20.5,20.5,20.5,0.0,0.0,
2007-07-25,20.5,20.5,20.5,20.5,0.0,0.0,
2007-07-26,20.5,20.5,20.5,20.5,0.0,0.0,
2007-07-27,20.5,20.5,20.5,20.5,0.0,0.0,
2007-07-30,20.5,20.5,20.5,20.5,0.0,0.0,
2007-07-31,20.5,20.5,20.5,20.5,0.0,0.0,
2007-08-01,20.5,20.5,20.5,20.5,0.0,0.0,
2007-08-02,20.5,20.5,20.5,20.5,0.0,0.0,
2007-08-03,20.5,20.5,20.5,20.5,0.0,0.0,
2007-08-06,20.5,20.5,20.5,20.5,0.0,0.0,
2007-08-07,20.5,20.5,20.5,20.5,0.0,0.0,
2007-08-08,20.5,20.5,20.5,20.5,0.0,0.0,
2007-08-09,20.5,20.5,20.5,20.5,0.0,0.0,
2007-08-10,20.5,20.5,20.5,20.5,0.0,0.0,
2007-08-13,20.5,20.5,20.5,20.5,0.0,0.0,
2007-08-14,20.5,20.5,20.5,20.5,0.0,0.0,
2007-08-15,20.5,20.5,20.5,20.5,0.0,0.0,
2007-08-16,20.5,20.5,20.5,20.5,0.0,0.0,
2007-08-17,20.5,20.5,20.5,20.5,0.0,0.0,
2007-08-20,20.5,20.5,20.5,20.5,0.0,0.0,
2007-08-21,20.5,20.5,20.5,20.5,0.0,0.0,
2007-08-22,20.5,20.5,20.5,20.5,0.0,0.0,
2007-08-23,20.5,20.5,20.5,20.5,0.0,0.0,
2007-08-24,20.5,20.5,20.5,20.5,0.0,0.0,
2007-08-27,20.5,20.5,20.5,20.5,0.0,0.0,
2007-08-28,20.5,20.5,20.5,20.5,0.0,0.0,
2007-08-29,20.5,20.5,20.5,20.5,0.0,0.0,
2007-08-30,20.5,20.5,20.5,20.5,0.0,0.0,
2007-08-31,20.5,20.5,20.5,20.5,0.0,0.0,
2007-09-03,20.5,20.5,20.5,20.5,0.0,0.0,
2007-09-04,20.5,20.5,20.5,20.5,0.0,0.0,
2007-09-05,20.5,20.5,20.5,20.5,0.0,0.0,
2007-09-06,20.5,20.5,20.5,20.5,0.0,0.0,
2007-09-07,20.5,20.5,20.5,20.5,0.0,0.0,
2007-09-10,20.5,20.5,20.5,20.5,0.0,0.0,
2007-09-11,20.5,20.5,20.5,20.5,0.0,0.0,
2007-09-12,20.5,20.5,20.5,20.5,0.0,0.0,
2007-09-13,20.5,20.5,20.5,20.5,0.0,0.0,
2007-09-14,20.5,20.5,20.5,20.5,0.0,0.0,
2007-09-17,20.5,20.5,20.5,20.5,0.0,0.0,
2007-09-18,20.5,20.5,20.5,20.5,0.0,0.0,
2007-09-19,20.5,20.5,20.5,20.5,0.0,0.0,
2007-09-20,20.5,20.5,20.5,20.5,0.0,0.0,
2007-09-21,20.5,20.5,20.5,20.5,0.0,0.0,
2007-09-24,20.5,20.5,20.5,20.5,0.0,0.0,
2007-09-25,20.5,20.5,20.5,20.5,0.0,0.0,
2007-09-26,20.5,20.5,20.5,20.5,0.0,0.0,
2007-09-27,20.5,20.5,20.5,20.5,0.0,0.0,
2007-09-28,20.5,20.5,20.5,20.5,0.0,0.0,
2007-10-01,20.5,20.5,20.5,20.5,0.0,0.0,
2007-10-02,20.5,20.5,20.5,20.5,0.0,0.0,
2007-10-03,20.5,20.5,20.5,20.5,0.0,0.0,
2007-10-04,20.5,20.5,20.5,20.5,0.0,0.0,
2007-10-05,20.5,20.5,20.5,20.5,0.0,0.0,
2007-10-08,20.5,20.5,20.5,20.5,0.0,0.0,
2007-10-09,20.5,20.5,20.5,20.5,0.0,0.0,
2007-10-10,20.5,20.5,20.5,20.5,0.0,0.0,
2007-10-11,20.5,20.5,20.5,20.5,0.0,0.0,
2007-10-12,20.5,20.5,20.5,20.5,0.0,0.0,
2007-10-15,20.5,20.5,20.5,20.5,0.0,0.0,
2007-10-16,20.5,20.5,20.5,20.5,0.0,0.0,
2007-10-17,20.5,20.5,20.5,20.5,0.0,0.0,
2007-10-18,20.5,20.5,20.5,20.5,0.0,0.0,
2007-10-19,20.5,20.5,20.5,20.5,0.0,0.0,
2007-10-22,20.5,20.5,20.5,20.5,0.0,0.0,
2007-10-23,20.5,20.5,20.5,20.5,0.0,0.0,
2007-10-24,20.5,20.5,20.5,20.5,0.0,0.0,
2007-10-25,20.5,20.5,20.5,20.5,0.0,0.0,
2007-10-26,20.5,20.5,20.5,20.5,0.0,0.0,
2007-10-29,20.5,20.5,20.5,20.5,0.0,0.0,
2007-10-30,20.5,20.5,20.5,20.5,0.0,0.0,
2007-10-31,20.5,20.5,20.5,20.5,0.0,0.0,
2007-11-01,20.5,20.5,20.5,20.5,0.0,0.0,
2007-11-02,20.5,20.5,20.5,20.5,0.0,0.0,
2007-11-05,20.5,20.5,20.5,20.5,0.0,0.0,
2007-11-06,20.5,20.5,20.5,20.5,0.0,0.0,
2007-11-07,20.5,20.5,20.5,20.5,0.0,0.0,
2007-11-08,20.5,20.5,20.5,20.5,0.0,0.0,
2007-11-09,20.5,20.5,20.5,20.5,0.0,0.0,
2007-11-12,20.5,20.5,20.5,20.5,0.0,0.0,
2007-11-13,20.5,20.5,20.5,20.5,0.0,0.0,
2007-11-14,20.5,20.5,20.5,20.5,0.0,0.0,
2007-11-15,20.5,20.5,20.5,20.5,0.0,0.0,
2007-11-16,20.5,20.5,20.5,20.5,0.0,0.0,
2007-11-19,20.5,20.5,20.5,20.5,0.0,0.0,
2007-11-20,20.5,20.5,20.5,20.5,0.0,0.0,
2007-11-21,20.5,20.5,20.5,20.5,0.0,0.0,
2007-11-22,20.5,20.5,20.5,20.5,0.0,0.0,
2007-11-23,20.5,20.5,20.5,20.5,0.0,0.0,
2007-11-26,20.5,20.5,20.5,20.5,0.0,0.0,
2007-11-27,20.5,20.5,20.5,20.5,0.0,0.0,
2007-11-28,20.5,20.5,20.5,20.5,0.0,0.0,
2007-11-29,20.5,20.5,20.5,20.5,0.0,0.0,
2007-11-30,20.5,20.5,20.5,20.5,0.0,0.0,
2007-12-03,20.5,20.5,20.5,20.5,0.0,0.0,
2007-12-04,20.5,20.5,20.5,20.5,0.0,0.0,
2007-12-05,20.5,20.5,20.5,20.5,0.0,0.0,
2007-12-06,20.5,20.5,20.5,20.5,0.0,0.0,
2007-12-07,20.5,20.5,20.5,20.5,0.0,0.0,
2007-12-10,20.5,20.5,20.5,20.5,0.0,0.0,
2007-12-11,20.5,20.5,20.5,20.5,0.0,0.0,
2007-12-12,20.5,20.5,20.5,20.5,0.0,0.0,
2007-12-13,20.5,20.5,20.5,20.5,0.0,0.0,
2007-12-14,20.5,20.5,20.5,20.5,0.0,0.0,
2007-12-17,20.5,20.5,20.5,20.5,0.0,0.0,
2007-12-18,20.5,20.5,20.5,20.5,0.0,0.0,
2007-12-19,20.5,20.5,20.5,20.5,0.0,0.0,
2007-12-20,20.5,20.5,20.5,20.5,0.0,0.0,
2007-12-21,20.5,20.5,20.5,20.5,0.0,0.0,
2007-12-24,20.5,20.5,20.5,20.5,0.0,0.0,
2007-12-25,20.5,20.5,20.5,20.5,0.0,0.0,
2007-12-26,20.5,20.5,20.5,20.5,0.0,0.0,
2007-12-27,20.5,20.5,20.5,20.5,0.0,0.0,
2007-12-28,20.5,20.5,20.5,20.5,0.0,0.0,
2007-12-31,20.5,20.5,20.5,20.5,0.0,0.0,
2008-01-01,20.5,20.5,20.5,20.5,0.0,0.0,
2008-01-02,20.5,20.5,20.5,20.5,0.0,0.0,
2008-01-03,20.5,20.5,20.5,20.5,0.0,0.0,
2008-01-04,20.5,20.5,20.5,20.5,0.0,0.0,
2008-01-07,20.5,20.5,20.5,20.5,0.0,0.0,
2008-01-08,20.5,20.5,20.5,20.5,0.0,0.0,
2008-01-09,20.5,20.5,20.5,20.5,0.0,0.0,
2008-01-10,20.5,20.5,20.5,20.5,0.0,0.0,
2008-01-11,20.5,20.5,20.5,20.5,0.0,0.0,
2008-01-14,20.5,20.5,20.5,20.5,0.0,0.0,
2008-01-15,20.5,20.5,20.5,20.5,0.0,0.0,
2008-01-16,20.5,20.5,20.5,20.5,0.0,0.0,
2008-01-17,20.5,20.5,20.5,20.5,0.0,0.0,
2008-01-18,20.5,20.5,20.5,20.5,0.0,0.0,
2008-01-21,20.5,20.5,20.5,20.5,0.0,0.0,
2008-01-22,20.5,20.5,20.5,20.5,0.0,0.0,
2008-01-23,20.5,20.5,20.5,20.5,0.0,0.0,
2008-01-24,20.5,20.5,20.5,20.5,0.0,0.0,
2008-01-25,20.5,20.5,20.5,20.5,0.0,0.0,
2008-01-28,20.5,20.5,20.5,20.5,0.0,0.0,
2008-01-29,20.5,20.5,20.5,20.5,0.0,0.0,
2008-01-30,20.5,20.5,20.5,20.5,0.0,0.0,
2008-01-31,20.5,20.5,20.5,20.5,0.0,0.0,
2008-02-01,20.5,20.5,20.5,20.5,0.0,0.0,
2008-02-04,20.5,20.5,20.5,20.5,0.0,0.0,
2008-02-05,20.5,20.5,20.5,20.5,0.0,0.0,
2008-02-06,20.5,20.5,20.5,20.5,0.0,0.0,
2008-02-07,20.5,20.5,20.5,20.5,0.0,0.0,
2008-02-08,20.5,20.5,20.5,20.5,0.0,0.0,
2008-02-11,20.5,20.5,20.5,20.5,0.0,0.0,
2008-02-12,20.5,20.5,20.5,20.5,0.0,0.0,
2008-02-13,20.5,20.5,20.5,20.5,0.0,0.0,
2008-02-14,20.5,20.5,20.5,20.5,0.0,0.0,
2008-02-15,20.5,20.5,20.5,20.5,0.0,0.0,
2008-02-18,20.5,20.5,20.5,20.5,0.0,0.0,
2008-02-19,20.5,20.5,20.5,20.5,0.0,0.0,
2008-02-20,20.5,20.5,20.5,20.5,0.0,0.0,
2008-02-21,20.5,20.5,20.5,20.5,0.0,0.0,
2008-02-22,20.5,20.5,20.5,20.5,0.0,0.0,
2008-02-25,20.5,20.5,20.5,20.5,0.0,0.0,
2008-02-26,20.5,20.5,20.5,20.5,0.0,0.0,
2008-02-27,20.5,20.5,20.5,20.5,0.0,0.0,
2008-02-28,20.5,20.5,20.5,20.5,0.0,0.0,
2008-02-29,20.5,20.5,20.5,20.5,0.0,0.0,
2008-03-03,20.5,20.5,20.5,20.5,0.0,0.0,
2008-03-04,20.5,20.5,20.5,20.5,0.0,0.0,
2008-03-05,20.5,20.5,20.5,20.5,0.0,0.0,
2008-03-06,20.5,20.5,20.5,20.5,0.0,0.0,
2008-03-07,20.5,20.5,20.5,20.5,0.0,0.0,
2008-03-10,20.5,20.5,20.5,20.5,0.0,0.0,
2008-03-11,20.5,20.5,20.5,20.5,0.0,0.0,
2008-03-12,20.5,20.5,20.5,20.5,0.0,0.0,
2008-03-13,20.5,20.5,20.5,20.5,0.0,0.0,
2008-03-14,20.5,20.5,20.5,20.5,0.0,0.0,
2008-03-17,20.5,20.5,20.5,20.5,0.0,0.0,
2008-03-18,20.5,20.5,20.5,20.5,0.0,0.0,
2008-03-19,20.5,20.5,20.5,20.5,0.0,0.0,
2008-03-20,20.5,20.5,20.5,20.5,0.0,0.0,
2008-03-21,20.5,20.5,20.5,20.5,0.0,0.0,
2008-03-24,20.5,20.5,20.5,20.5,0.0,0.0,
2008-03-25,20.5,20.5,20.5,20.5,0.0,0.0,
2008-03-26,20.5,20.5,20.5,20.5,0.0,0.0,
2008-03-27,20.5,20.5,20.5,20.5,0.0,0.0,
2008-03-28,20.5,20.5,20.5,20.5,0.0,0.0,
2008-03-31,20.5,20.5,20.5,20.5,0.0,0.0,
2008-04-01,20.5,20.5,20.5,20.5,0.0,0.0,
2008-04-02,20.5,20.5,20.5,20.5,0.0,0.0,
2008-04-03,20.5,20.5,20.5,20.5,0.0,0.0,
2008-04-04,20.5,20.5,20.5,20.5,0.0,0.0,
2008-04-07,20.5,20.5,20.5,20.5,0.0,0.0,
2008-04-08,20.5,20.5,20.5,20.5,0.0,0.0,
2008-04-09,20.5,20.5,20.5,20.5,0.0,0.0,
2008-04-10,20.5,20.5,20.5,20.5,0.0,0.0,
2008-04-11,20.5,20.5,20.5,20.5,0.0,0.0,
2008-04-14,20.5,20.5,20.5,20.5,0.0,0.0,
2008-04-15,20.5,20.5,20.5,20.5,0.0,0.0,
2008-04-16,20.5,20.5,20.5,20.5,0.0,0.0,
2008-04-17,20.5,20.5,20.5,20.5,0.0,0.0,
2008-04-18,20.5,20.5,20.5,20.5,0.0,0.0,
2008-04-21,20.5,20.5,20.5,20.5,0.0,0.0,
2008-04-22,20.5,20.5,20.5,20.5,0.0,0.0,
2008-04-23,20.5,20.5,20.5,20.5,0.0,0.0,
2008-04-24,20.5,20.5,20.5,20.5,0.0,0.0,
2008-04-25,20.5,20.5,20.5,20.5,0.0,0.0,
2008-04-28,20.5,20.5,20.5,20.5,0.0,0.0,
2008-04-29,20.5,20.5,20.5,20.5,0.0,0.0,
2008-04-30,20.5,20.5,20.5,20.5,0.0,0.0,
2008-05-01,20.5,20.5,20.5,20.5,0.0,0.0,
2008-05-02,20.5,20.5,20.5,20.5,0.0,0.0,
2008-05-05,20.5,20.5,20.5,20.5,0.0,0.0,
2008-05-06,20.5,20.5,20.5,20.5,0.0,0.0,
2008-05-07,20.5,20.5,20.5,20.5,0.0,0.0,
2008-05-08,20.5,20.5,20.5,20.5,0.0,0.0,
2008-05-09,20.5,20.5,20.5,20.5,0.0,0.0,
2008-05-12,20.5,20.5,20.5,20.5,0.0,0.0,
2008-05-13,20.5,20.5,20.5,20.5,0.0,0.0,
2008-05-14,20.5,20.5,20.5,20.5,0.0,0.0,
2008-05-15,20.5,20.5,20.5,20.5,0.0,0.0,
2008-05-16,20.5,20.5,20.5,20.5,0.0,0.0,
2008-05-19,20.5,20.5,20.5,20.5,0.0,0.0,
2008-05-20,20.5,20.5,20.5,20.5,0.0,0.0,
2008-05-21,20.5,20.5,20.5,20.5,0.0,0.0,
2008-05-22,20.5,20.5,20.5,20.5,0.0,0.0,
2008-05-23,20.5,20.5,20.5,20.5,0.0,0.0,
2008-05-26,20.5,20.5,20.5,20.5,0.0,0.0,
2008-05-27,20.5,20.5,20.5,20.5,0.0,0.0,
2008-05-28,20.5,20.5,20.5,20.5,0.0,0.0,
2008-05-29,20.5,20.5,20.5,20.5,0.0,0.0,
2008-05-30,20.5,20.5,20.5,20.5,0.0,0.0,
2008-06-02,20.5,20.5,20.5,20.5,0.0,0.0,
2008-06-03,20.5,20.5,20.5,20.5,0.0,0.0,
2008-06-04,20.5,20.5,20.5,20.5,0.0,0.0,
2008-06-05,20.5,20.5,20.5,20.5,0.0,0.0,
2008-06-06,20.5,20.5,20.5,20.5,0.0,0.0,
2008-06-09,20.5,20.5,20.5,20.5,0.0,0.0,
2008-06-10,20.5,20.5,20.5,20.5,0.0,0.0,
2008-06-11,20.5,20.5,20.5,20.5,0.0,0.0,
2008-06-12,20.5,20.5,20.5,20.5,0.0,0.0,
2008-06-13,20.5,20.5,20.5,20.5,0.0,0.0,
2008-06-16,20.5,20.5,20.5,20.5,0.0,0.0,
2008-06-17,20.5,20.5,20.5,20.5,0.0,0.0,
2008-06-18,20.5,20.5,20.5,20.5,0.0,0.0,
2008-06-19,20.5,20.5,20.5,20.5,0.0,0.0,
2008-06-20,20.5,20.5,20.5,20.5,0.0,0.0,
2008-06-23,20.5,20.5,20.5,20.5,0.0,0.0,
2008-06-24,20.5,20.5,20.5,20.5,0.0,0.0,
2008-06-25,20.5,20.5,20.5,20.5,0.0,0.0,
2008-06-26,20.5,20.5,20.5,20.5,0.0,0.0,
2008-06-27,20.5,20.5,20.5,20.5,0.0,0.0,
2008-06-30,20.5,20.5,20.5,20.5,0.0,0.0,
2008-07-01,20.5,20.5,20.5,20.5,0.0,0.0,
2008-07-02,20.5,20.5,20.5,20.5,0.0,0.0,
2008-07-03,20.5,20.5,20.5,20.5,0.0,0.0,
2008-07-04,20.5,20.5,20.5,20.5,0.0,0.0,
2008-07-07,20.5,20.5,20.5,20.5,0.0,0.0,
2008-07-08,20.5,20.5,20.5,20.5,0.0,0.0,
2008-07-09,20.5,20.5,20.5,20.5,0.0,0.0,
2008-07-10,20.5,20.5,20.5,20.5,0.0,0.0,
2008-07-11,20.5,20.5,20.5,20.5,0.0,0.0,
2008-07-14,20.5,20.5,20.5,20.5,0.0,0.0,
2008-07-15,20.5,20.5,20.5,20.5,0.0,0.0,
2008-07-16,20.5,20.5,20.5,20.5,0.0,0.0,
2008-07-17,20.5,20.5,20.5,20.5,0.0,0.0,
2008-07-18,20.5,20.5,20.5,20.5,0.0,0.0,
2008-07-21,20.5,20.5,20.5,20.5,0.0,0.0,
2008-07-22,20.5,20.5,20.5,20.5,0.0,0.0,
2008-07-23,20.5,20.5,20.5,20.5,0.0,0.0,
2008-07-24,20.5,20.5,20.5,20.5,0.0,0.0,
2008-07-25,20.5,20.5,20.5,20.5,0.0,0.0,
2008-07-28,20.5,20.5,20.5,20.5,0.0,0.0,
2008-07-29,20.5,20.5,20.5,20.5,0.0,0.0,
2008-07-30,20.5,20.5,20.5,20.5,0.0,0.0,
2008-07-31,20.5,20.5,20.5,20.5,0.0,0.0,
2008-08-01,20.5,20.5,20.5,20.5,0.0,0.0,
2008-08-04,20.5,20.5,20.5,20.5,0.0,0.0,
2008-08-05,20.5,20.5,20.5,20.5,0.0,0.0,
2008-08-06,20.5,20.5,20.5,20.5,0.0,0.0,
2008-08-07,20.5,20.5,20.5,20.5,0.0,0.0,
2008-08-08,20.5,20.5,20.5,20.5,0.0,0.0,
2008-08-11,20.5,20.5,20.5,20.5,0.0,0.0,
2008-08-12,20.5,20.5,20.5,20.5,0.0,0.0,
2008-08-13,20.5,20.5,20.5,20.5,0.0,0.0,
2008-08-14,20.5,20.5,20.5,20.5,0.0,0.0,
2008-08-15,20.5,20.5,20.5,20.5,0.0,0.0,
2008-08-18,20.5,20.5,20.5,20.5,0.0,0.0,
2008-08-19,20.5,20.5,20.5,20.5,0.0,0.0,
2008-08-20,20.5,20.5,20.5,20.5,0.0,0.0,
2008-08-21,20.5,20.5,20.5,20.5,0.0,0.0,
2008-08-22,20.5,20.5,20.5,20.5,0.0,0.0,
2008-08-25,20.5,20.5,20.5,20.5,0.0,0.0,
2008-08-26,20.5,20.5,20.5,20.5,0.0,0.0,
2008-08-27,20.5,20.5,20.5,20.5,0.0,0.0,
2008-08-28,20.5,20.5,20.5,20.5,0.0,0.0,
2008-08-29,20.5,20.5,20.5,20.5,0.0,0.0,
2008-09-01,20.5,20.5,20.5,20.5,0.0,0.0,
2008-09-02,20.5,20.5,20.5,20.5,0.0,0.0,
2008-09-03,20.5,20.5,20.5,20.5,0.0,0.0,
2008-09-04,20.5,20.5,20.5,20.5,0.0,0.0,
2008-09-05,20.5,20.5,20.5,20.5,0.0,0.0,
2008-09-08,20.5,20.5,20.5,20.5,0.0,0.0,
2008-09-09,20.5,20.5,20.5,20.5,0.0,0.0,
2008-09-10,20.5,20.5,20.5,20.5,0.0,0.0,
2008-09-11,20.5,20.5,20.5,20.5,0.0,0.0,
2008-09-12,20.5,20.5,20.5,20.5,0.0,0.0,
2008-09-15,20.5,20.5,20.5,20.5,0.0,0.0,
2008-09-16,20.5,20.5,20.5,20.5,0.0,0.0,
2008-09-17,20.5,20.5,20.5,20.5,0.0,0.0,
2008-09-18,20.5,20.5,20.5,20.5,0.0,0.0,
2008-09-19,20.5,20.5,20.5,20.5,0.0,0.0,
2008-09-22,20.5,20.5,20.5,20.5,0.0,0.0,
2008-09-23,20.5,20.5,20.5,20.5,0.0,0.0,
2008-09-24,20.5,20.5,20.5,20.5,0.0,0.0,
2008-09-25,20.5,20.5,20.5,20.5,0.0,0.0,
2008-09-26,20.5,20.5,20.5,20.5,0.0,0.0,
2008-09-29,20.5,20.5,20.5,20.5,0.0,0.0,
2008-09-30,20.5,20.5,20.5,20.5,0.0,0.0,
2008-10-01,20.5,20.5,20.5,20.5,0.0,0.0,
2008-10-02,20.5,20.5,20.5,20.5,0.0,0.0,
2008-10-03,20.5,20.5,20.5,20.5,0.0,0.0,
2008-10-06,20.5,20.5,20.5,20.5,0.0,0.0,
2008-10-07,20.5,20.5,20.5,20.5,0.0,0.0,
2008-10-08,20.5,20.5,20.5,20.5,0.0,0.0,
2008-10-09,20.5,20.5,20.5,20.5,0.0,0.0,
2008-10-10,20.5,20.5,20.5,20.5,0.0,0.0,
2008-10-13,20.5,20.5,20.5,20.5,0.0,0.0,
2008-10-14,20.5,20.5,20.5,20.5,0.0,0.0,
2008-10-15,20.5,20.5,20.5,20.5,0.0,0.0,
2008-10-16,20.5,20.5,20.5,20.5,0.0,0.0,
2008-10-17,20.5,20.5,20.5,20.5,0.0,0.0,
2008-10-20,20.5,20.5,20.5,20.5,0.0,0.0,
2008-10-21,20.5,20.5,20.5,20.5,0.0,0.0,
2008-10-22,20.5,20.5,20.5,20.5,0.0,0.0,
2008-10-23,20.5,20.5,20.5,20.5,0.0,0.0,
2008-10-24,20.5,20.5,20.5,20.5,0.0,0.0,
2008-10-27,20.5,20.5,20.5,20.5,0.0,0.0,
2008-10-28,20.5,20.5,20.5,20.5,0.0,0.0,
2008-10-29,20.5,20.5,20.5,20.5,0.0,0.0,
2008-10-30,20.5,20.5,20.5,20.5,0.0,0.0,
2008-10-31,20.5,20.5,20.5,20.5,0.0,0.0,
2008-11-03,20.5,20.5,20.5,20.5,0.0,0.0,
2008-11-04,20.5,20.5,20.5,20.5,0.0,0.0,
2008-11-05,20.5,20.5,20.5,20.5,0.0,0.0,
2008-11-06,20.5,20.5,20.5,20.5,0.0,0.0,
2008-11-07,20.5,20.5,20.5,20.5,0.0,0.0,
2008-11-10,20.5,20.5,20.5,20.5,0.0,0.0,
2008-11-11,20.5,20.5,20.5,20.5,0.0,0.0,
2008-11-12,20.5,20.5,20.5,20.5,0.0,0.0,
2008-11-13,20.5,20.5,20.5,20.5,0.0,0.0,
2008-11-14,20.5,20.5,20.5,20.5,0.0,0.0,
2008-11-17,20.5,20.5,20.5,20.5,0.0,0.0,
2008-11-18,20.5,20.5,20.5,20.5,0.0,0.0,
2008-11-19,20.5,20.5,20.5,20.5,0.0,0.0,
2008-11-20,20.5,20.5,20.5,20.5,0.0,0.0,
2008-11-21,20.5,20.5,20.5,20.5,0.0,0.0,
2008-11-24,20.5,20.5,20.5,20.5,0.0,0.0,
2008-11-25,20.5,20.5,20.5,20.5,0.0,0.0,
2008-11-26,20.5,20.5,20.5,20.5,0.0,0.0,
2008-11-27,20.5,20.5,20.5,20.5,0.0,0.0,
2008-11-28,20.5,20.5,20.5,20.5,0.0,0.0,
2008-12-01,20.5,20.5,20.5,20.5,0.0,0.0,
2008-12-02,20.5,20.5,20.5,20.5,0.0,0.0,
2008-12-03,20.5,20.5,20.5,20.5,0.0,0.0,
2008-12-04,20.5,20.5,20.5,20.5,0.0,0.0,
2008-12-05,20.5,20.5,20.5,20.5,0.0,0.0,
2008-12-08,20.5,20.5,20.5,20.5,0.0,0.0,
2008-12-09,20.5,20.5,20.5,20.5,0.0,0.0,
2008-12-10,20.5,20.5,20.5,20.5,0.0,0.0,
2008-12-11,20.5,20.5,20.5,20.5,0.0,0.0,
2008-12-12,20.5,20.5,20.5,20.5,0.0,0.0,
2008-12-15,20.5,20.5,20.5,20.5,0.0,0.0,
2008-12-16,20.5,20.5,20.5,20.5,0.0,0.0,
2008-12-17,20.5,20.5,20.5,20.5,0.0,0.0,
2008-12-18,20.5,20.5,20.5,20.5,0.0,0.0,
2008-12-19,20.5,20.5,20.5,20.5,0.0,0.0,
2008-12-22,20.5,20.5,20.5,20.5,0.0,0.0,
2008-12-23,20.5,20.5,20.5,20.5,0.0,0.0,
2008-12-24,20.5,20.5,20.5,20.5,0.0,0.0,
2008-12-25,20.5,20.5,20.5,20.5,0.0,0.0,
2008-12-26,20.5,20.5,20.5,20.5,0.0,0.0,
2008-12-29,20.5,20.5,20.5,20.5,0.0,0.0,
2008-12-30,20.5,20.5,20.5,20.5,0.0,0.0,
2008-12-31,20.5,20.5,20.5,20.5,0.0,0.0,
2009-01-01,20.5,20.5,20.5,20.5,0.0,0.0,
2009-01-02,20.5,20.5,20.5,20.5,0.0,0.0,
2009-01-05,20.5,20.5,20.5,20.5,0.0,0.0,
2009-01-06,20.5,20.5,20.5,20.5,0.0,0.0,
2009-01-07,20.5,20.5,20.5,20.5,0.0,0.0,
2009-01-08,20.5,20.5,20.5,20.5,0.0,0.0,
2009-01-09,20.5,20.5,20.5,20.5,0.0,0.0,
2009-01-12,20.5,20.5,20.5,20.5,0.0,0.0,
2009-01-13,20.5,20.5,20.5,20.5,0.0,0.0,
2009-01-14,20.5,20.5,20.5,20.5,0.0,0.0,
2009-01-15,20.5,20.5,20.5,20.5,0.0,0.0,
2009-01-16,20.5,20.5,20.5,20.5,0.0,0.0,
2009-01-19,20.5,20.5,20.5,20.5,0.0,0.0,
2009-01-20,20.5,20.5,20.5,20.5,0.0,0.0,
2009-01-21,20.5,20.5,20.5,20.5,0.0,0.0,
2009-01-22,20.5,20.5,20.5,20.5,0.0,0.0,
2009-01-23,20.5,20.5,20.5,20.5,0.0,0.0,
2009-01-26,20.5,20.5,20.5,20.5,0.0,0.0,
2009-01-27,20.5,20.5,20.5,20.5,0.0,0.0,
2009-01-28,20.5,20.5,20.5,20.5,0.0,0.0,
2009-01-29,20.5,20.5,20.5,20.5,0.0,0.0,
2009-01-30,20.5,20.5,20.5,20.5,0.0,0.0,
2009-02-02,20.5,20.5,20.5,20.5,0.0,0.0,
2009-02-03,20.5,20.5,20.5,20.5,0.0,0.0,
2009-02-04,20.5,20.5,20.5,20.5,0.0,0.0,
2009-02-05,20.5,20.5,20.5,20.5,0.0,0.0,
2009-02-06,20.5,20.5,20.5,20.5,0.0,0.0,
2009-02-09,20.5,20.5,20.5,20.5,0.0,0.0,
2009-02-10,20.5,20.5,20.5,20.5,0.0,0.0,
2009-02-11,20.5,20.5,20.5,20.5,0.0,0.0,
2009-02-12,20.5,20.5,20.5,20.5,0.0,0.0,
2009-02-13,20.5,20.5,20.5,20.5,0.0,0.0,
2009-02-16,20.5,20.5,20.5,20.5,0.0,0.0,
2009-02-17,20.5,20.5,20.5,20.5,0.0,0.0,
2009-02-18,20.5,20.5,20.5,20.5,0.0,0.0,
2009-02-19,20.5,20.5,20.5,20.5,0.0,0.0,
2009-02-20,20.5,20.5,20.5,20.5,0.0,0.0,
2009-02-23,20.5,20.5,20.5,20.5,0.0,0.0,
2009-02-24,20.5,20.5,20.5,20.5,0.0,0.0,
2009-02-25,20.5,20.5,20.5,20.5,0.0,0.0,
2009-02-26,20.5,20.5,20.5,20.5,0.0,0.0,
2009-02-27,20.5,20.5,20.5,20.5,0.0,0.0,
2009-03-02,20.5,20.5,20.5,20.5,0.0,0.0,
2009-03-03,20.5,20.5,20.5,20.5,0.0,0.0,
2009-03-04,20.5,20.5,20.5,20.5,0.0,0.0,
2009-03-05,20.5,20.5,20.5,20.5,0.0,0.0,
2009-03-06,20.5,20.5,20.5,20.5,0.0,0.0,
2009-03-09,20.5,20.5,20.5,20.5,0.0,0.0,
2009-03-10,20.5,20.5,20.5,20.5,0.0,0.0,
2009-03-11,20.5,20.5,20.5,20.5,0.0,0.0,
2009-03-12,20.5,20.5,20.5,20.5,0.0,0.0,
2009-03-13,20.5,20.5,20.5,20.5,0.0,0.0,
2009-03-16,20.5,20.5,20.5,20.5,0.0,0.0,
2009-03-17,20.5,20.5,20.5,20.5,0.0,0.0,
2009-03-18,20.5,20.5,20.5,20.5,0.0,0.0,
2009-03-19,20.5,20.5,20.5,20.5,0.0,0.0,
2009-03-20,20.5,20.5,20.5,20.5,0.0,0.0,
2009-03-23,20.5,20.5,20.5,20.5,0.0,0.0,
2009-03-24,20.5,20.5,20.5,20.5,0.0,0.0,
2009-03-25,20.5,20.5,20.5,20.5,0.0,0.0,
2009-03-26,20.5,20.5,20.5,20.5,0.0,0.0,
2009-03-27,20.5,20.5,20.5,20.5,0.0,0.0,
2009-03-29,20.5,20.5,20.5,20.5,0.0,0.0,
2009-03-30,20.5,20.5,20.5,20.5,0.0,0.0,
2009-03-31,20.5,20.5,20.5,20.5,0.0,0.0,
2009-04-01,20.5,20.5,20.5,20.5,0.0,0.0,
2009-04-02,20.5,20.5,20.5,20.5,0.0,0.0,
2009-04-03,20.5,20.5,20.5,20.5,0.0,0.0,
2009-04-06,20.5,20.5,20.5,20.5,0.0,0.0,
2009-04-07,20.5,20.5,20.5,20.5,0.0,0.0,
2009-04-08,20.5,20.5,20.5,20.5,0.0,0.0,
2009-04-09,20.5,20.5,20.5,20.5,0.0,0.0,
2009-04-10,20.5,20.5,20.5,20.5,0.0,0.0,
2009-04-13,20.5,20.5,20.5,20.5,0.0,0.0,
2009-04-14,20.5,20.5,20.5,20.5,0.0,0.0,
2009-04-15,20.5,20.5,20.5,20.5,0.0,0.0,
2009-04-16,20.5,20.5,20.5,20.5,0.0,0.0,
2009-04-17,20.5,20.5,20.5,20.5,0.0,0.0,
2009-04-20,20.5,20.5,20.5,20.5,0.0,0.0,
2009-04-21,20.5,20.5,20.5,20.5,0.0,0.0,
2009-04-22,20.5,20.5,20.5,20.5,0.0,0.0,
2009-04-23,20.5,20.5,20.5,20.5,0.0,0.0,
2009-04-24,20.5,20.5,20.5,20.5,0.0,0.0,
2009-04-27,20.5,20.5,20.5,20.5,0.0,0.0,
2009-04-28,20.5,20.5,20.5,20.5,0.0,0.0,
2009-04-29,20.5,20.5,20.5,20.5,0.0,0.0,
2009-04-30,20.5,20.5,20.5,20.5,0.0,0.0,
2009-05-01,20.5,20.5,20.5,20.5,0.0,0.0,
2009-05-04,20.5,20.5,20.5,20.5,0.0,0.0,
2009-05-05,20.5,20.5,20.5,20.5,0.0,0.0,
2009-05-06,20.5,20.5,20.5,20.5,0.0,0.0,
2009-05-07,20.5,20.5,20.5,20.5,0.0,0.0,
2009-05-08,20.5,20.5,20.5,20.5,0.0,0.0,
2009-05-11,20.5,20.5,20.5,20.5,0.0,0.0,
2009-05-12,20.5,20.5,20.5,20.5,0.0,0.0,
2009-05-13,20.5,20.5,20.5,20.5,0.0,0.0,
2009-05-14,20.5,20.5,20.5,20.5,0.0,0.0,
2009-05-15,20.5,20.5,20.5,20.5,0.0,0.0,
2009-05-18,20.5,20.5,20.5,20.5,0.0,0.0,
2009-05-19,20.5,20.5,20.5,20.5,0.0,0.0,
2009-05-20,20.5,20.5,20.5,20.5,0.0,0.0,
2009-05-21,20.5,20.5,20.5,20.5,0.0,0.0,
2009-05-22,20.5,20.5,20.5,20.5,0.0,0.0,
2009-05-25,20.5,20.5,20.5,20.5,0.0,0.0,
2009-05-26,20.5,20.5,20.5,20.5,0.0,0.0,
2009-05-27,20.5,20.5,20.5,20.5,0.0,0.0,
2009-05-28,20.5,20.5,20.5,20.5,0.0,0.0,
2009-05-29,20.5,20.5,20.5,20.5,0.0,0.0,
2009-06-01,20.5,20.5,20.5,20.5,0.0,0.0,
2009-06-02,20.5,20.5,20.5,20.5,0.0,0.0,
2009-06-03,20.5,20.5,20.5,20.5,0.0,0.0,
2009-06-04,20.5,20.5,20.5,20.5,0.0,0.0,
2009-06-05,20.5,20.5,20.5,20.5,0.0,0.0,
2009-06-08,20.5,20.5,20.5,20.5,0.0,0.0,
2009-06-09,20.5,20.5,20.5,20.5,0.0,0.0,
2009-06-10,20.5,20.5,20.5,20.5,0.0,0.0,
2009-06-11,20.5,20.5,20.5,20.5,0.0,0.0,
2009-06-12,20.5,20.5,20.5,20.5,0.0,0.0,
2009-06-15,20.5,20.5,20.5,20.5,0.0,0.0,
2009-06-16,20.5,20.5,20.5,20.5,0.0,0.0,
2009-06-17,20.5,20.5,20.5,20.5,0.0,0.0,
2009-06-18,20.5,20.5,20.5,20.5,0.0,0.0,
2009-06-19,20.5,20.5,20.5,20.5,0.0,0.0,
2009-06-22,20.5,20.5,20.5,20.5,0.0,0.0,
2009-06-23,20.5,20.5,20.5,20.5,0.0,0.0,
2009-06-24,20.5,20.5,20.5,20.5,0.0,0.0,
2009-06-25,20.5,20.5,20.5,20.5,0.0,0.0,
2009-06-26,20.5,20.5,20.5,20.5,0.0,0.0,
2009-06-29,20.5,20.5,20.5,20.5,0.0,0.0,
2009-06-30,20.5,20.5,20.5,20.5,0.0,0.0,
2009-07-01,20.5,20.5,20.5,20.5,0.0,0.0,
2009-07-02,20.5,20.5,20.5,20.5,0.0,0.0,
2009-07-03,20.5,20.5,20.5,20.5,0.0,0.0,
2009-07-06,20.5,20.5,20.5,20.5,0.0,0.0,
2009-07-07,20.5,20.5,20.5,20.5,0.0,0.0,
2009-07-08,20.5,20.5,20.5,20.5,0.0,0.0,
2009-07-09,20.5,20.5,20.5,20.5,0.0,0.0,
2009-07-10,20.5,20.5,20.5,20.5,0.0,0.0,
2009-07-13,20.5,20.5,20.5,20.5,0.0,0.0,
2009-07-14,20.5,20.5,20.5,20.5,0.0,0.0,
2009-07-15,20.5,20.5,20.5,20.5,0.0,0.0,
2009-07-16,20.5,20.5,20.5,20.5,0.0,0.0,
2009-07-17,20.5,20.5,20.5,20.5,0.0,0.0,
2009-07-20,20.5,20.5,20.5,20.5,0.0,0.0,
2009-07-21,20.5,20.5,20.5,20.5,0.0,0.0,
2009-07-22,20.5,20.5,20.5,20.5,0.0,0.0,
2009-07-23,20.5,20.5,20.5,20.5,0.0,0.0,
2009-07-24,20.5,20.5,20.5,20.5,0.0,0.0,
2009-07-27,20.5,20.5,20.5,20.5,0.0,0.0,
2009-07-28,20.5,20.5,20.5,20.5,0.0,0.0,
2009-07-29,20.5,20.5,20.5,20.5,0.0,0.0,
2009-07-30,20.5,20.5,20.5,20.5,0.0,0.0,
2009-07-31,20.5,20.5,20.5,20.5,0.0,0.0,
2009-08-03,20.5,20.5,20.5,20.5,0.0,0.0,
2009-08-04,20.5,20.5,20.5,20.5,0.0,0.0,
2009-08-05,20.5,20.5,20.5,20.5,0.0,0.0,
2009-08-06,20.5,20.5,20.5,20.5,0.0,0.0,
2009-08-07,20.5,20.5,20.5,20.5,0.0,0.0,
2009-08-10,20.5,20.5,20.5,20.5,0.0,0.0,
2009-08-11,20.5,20.5,20.5,20.5,0.0,0.0,
2009-08-12,20.5,20.5,20.5,20.5,0.0,0.0,
2009-08-13,20.5,20.5,20.5,20.5,0.0,0.0,
2009-08-14,20.5,20.5,20.5,20.5,0.0,0.0,
2009-08-17,20.5,20.5,20.5,20.5,0.0,0.0,
2009-08-18,20.5,20.5,20.5,20.5,0.0,0.0,
2009-08-19,20.5,20.5,20.5,20.5,0.0,0.0,
2009-08-20,20.5,20.5,20.5,20.5,0.0,0.0,
2009-08-21,20.5,20.5,20.5,20.5,0.0,0.0,
2009-08-24,20.5,20.5,20.5,20.5,0.0,0.0,
2009-08-25,20.5,20.5,20.5,20.5,0.0,0.0,
2009-08-26,20.5,20.5,20.5,20.5,0.0,0.0,
2009-08-27,20.5,20.5,20.5,20.5,0.0,0.0,
2009-08-28,20.5,20.5,20.5,20.5,0.0,0.0,
2009-08-31,20.5,20.5,20.5,20.5,0.0,0.0,
2009-09-01,20.5,20.5,20.5,20.5,0.0,0.0,
2009-09-02,20.5,20.5,20.5,20.5,0.0,0.0,
2009-09-03,20.5,20.5,20.5,20.5,0.0,0.0,
2009-09-04,20.5,20.5,20.5,20.5,0.0,0.0,
2009-09-07,20.5,20.5,20.5,20.5,0.0,0.0,
2009-09-08,20.5,20.5,20.5,20.5,0.0,0.0,
2009-09-09,20.5,20.5,20.5,20.5,0.0,0.0,
2009-09-10,20.5,20.5,20.5,20.5,0.0,0.0,
2009-09-11,20.5,20.5,20.5,20.5,0.0,0.0,
2009-09-14,20.5,20.5,20.5,20.5,0.0,0.0,
2009-09-15,20.5,20.5,20.5,20.5,0.0,0.0,
2009-09-16,20.5,20.5,20.5,20.5,0.0,0.0,
2009-09-17,20.5,20.5,20.5,20.5,0.0,0.0,
2009-09-18,20.5,20.5,20.5,20.5,0.0,0.0,
2009-09-21,20.5,20.5,20.5,20.5,0.0,0.0,
2009-09-22,20.5,20.5,20.5,20.5,0.0,0.0,
2009-09-23,20.5,20.5,20.5,20.5,0.0,0.0,
2009-09-24,20.5,20.5,20.5,20.5,0.0,0.0,
2009-09-25,20.5,20.5,20.5,20.5,0.0,0.0,
2009-09-28,20.5,20.5,20.5,20.5,0.0,0.0,
2009-09-29,20.5,20.5,20.5,20.5,0.0,0.0,
2009-09-30,20.5,20.5,20.5,20.5,0.0,0.0,
2009-10-01,20.5,20.5,20.5,20.5,0.0,0.0,
2009-10-02,20.5,20.5,20.5,20.5,0.0,0.0,
2009-10-05,20.5,20.5,20.5,20.5,0.0,0.0,
2009-10-06,20.5,20.5,20.5,20.5,0.0,0.0,
2009-10-07,20.5,20.5,20.5,20.5,0.0,0.0,
2009-10-08,20.5,20.5,20.5,20.5,0.0,0.0,
2009-10-09,20.5,20.5,20.5,20.5,0.0,0.0,
2009-10-12,20.5,20.5,20.5,20.5,0.0,0.0,
2009-10-13,20.5,20.5,20.5,20.5,0.0,0.0,
2009-10-14,20.5,20.5,20.5,20.5,0.0,0.0,
2009-10-15,20.5,20.5,20.5,20.5,0.0,0.0,
2009-10-16,20.5,20.5,20.5,20.5,0.0,0.0,
2009-10-17,20.5,20.5,20.5,20.5,0.0,0.0,
2009-10-19,20.5,20.5,20.5,20.5,0.0,0.0,
2009-10-20,20.5,20.5,20.5,20.5,0.0,0.0,
2009-10-21,20.5,20.5,20.5,20.5,0.0,0.0,
2009-10-22,20.5,20.5,20.5,20.5,0.0,0.0,
2009-10-23,20.5,20.5,20.5,20.5,0.0,0.0,
2009-10-26,20.5,20.5,20.5,20.5,0.0,0.0,
2009-10-27,20.5,20.5,20.5,20.5,0.0,0.0,
2009-10-28,20.5,20.5,20.5,20.5,0.0,0.0,
2009-10-29,20.5,20.5,20.5,20.5,0.0,0.0,
2009-10-30,20.5,20.5,20.5,20.5,0.0,0.0,
2009-11-02,20.5,20.5,20.5,20.5,0.0,0.0,
2009-11-03,20.5,20.5,20.5,20.5,0.0,0.0,
2009-11-04,20.5,20.5,20.5,20.5,0.0,0.0,
2009-11-05,20.5,20.5,20.5,20.5,0.0,0.0,
2009-11-06,20.5,20.5,20.5,20.5,0.0,0.0,
2009-11-09,20.5,20.5,20.5,20.5,0.0,0.0,
2009-11-10,20.5,20.5,20.5,20.5,0.0,0.0,
2009-11-11,20.5,20.5,20.5,20.5,0.0,0.0,
2009-11-12,20.5,20.5,20.5,20.5,0.0,0.0,
2009-11-13,20.5,20.5,20.5,20.5,0.0,0.0,
2009-11-16,20.5,20.5,20.5,20.5,0.0,0.0,
2009-11-17,20.5,20.5,20.5,20.5,0.0,0.0,
2009-11-18,20.5,20.5,20.5,20.5,0.0,0.0,
2009-11-19,20.5,20.5,20.5,20.5,0.0,0.0,
2009-11-20,20.5,20.5,20.5,20.5,0.0,0.0,
2009-11-23,20.5,20.5,20.5,20.5,0.0,0.0,
2009-11-24,20.5,20.5,20.5,20.5,0.0,0.0,
2009-11-25,20.5,20.5,20.5,20.5,0.0,0.0,
2009-11-26,20.5,20.5,20.5,20.5,0.0,0.0,
2009-11-27,20.5,20.5,20.5,20.5,0.0,0.0,
2009-11-30,20.5,20.5,20.5,20.5,0.0,0.0,
2009-12-01,20.5,20.5,20.5,20.5,0.0,0.0,
2009-12-02,20.5,20.5,20.5,20.5,0.0,0.0,
2009-12-03,20.5,20.5,20.5,20.5,0.0,0.0,
2009-12-04,20.5,20.5,20.5,20.5,0.0,0.0,
2009-12-07,20.5,20.5,20.5,20.5,0.0,0.0,
2009-12-08,20.5,20.5,20.5,20.5,0.0,0.0,
2009-12-09,20.5,20.5,20.5,20.5,0.0,0.0,
2009-12-10,20.5,20.5,20.5,20.5,0.0,0.0,
2009-12-11,20.5,20.5,20.5,20.5,0.0,0.0,
2009-12-14,20.5,20.5,20.5,20.5,0.0,0.0,
2009-12-15,20.5,20.5,20.5,20.5,0.0,0.0,
2009-12-16,20.5,20.5,20.5,20.5,0.0,0.0,
2009-12-17,20.5,20.5,20.5,20.5,0.0,0.0,
2009-12-18,20.5,20.5,20.5,20.5,0.0,0.0,
2009-12-21,20.5,20.5,20.5,20.5,0.0,0.0,
2009-12-22,20.5,20.5,20.5,20.5,0.0,0.0,
2009-12-23,20.5,20.5,20.5,20.5,0.0,0.0,
2009-12-24,20.5,20.5,20.5,20.5,0.0,0.0,
2009-12-25,20.5,20.5,20.5,20.5,0.0,0.0,
2009-12-28,20.5,20.5,20.5,20.5,0.0,0.0,
2009-12-29,20.5,20.5,20.5,20.5,0.0,0.0,
2009-12-30,20.5,20.5,20.5,20.5,0.0,0.0,
2009-12-31,20.5,20.5,20.5,20.5,0.0,0.0,
2010-01-01,20.5,20.5,20.5,20.5,0.0,0.0,
2010-01-04,20.5,20.5,20.5,20.5,0.0,0.0,
2010-01-05,20.5,20.5,20.5,20.5,0.0,0.0,
2010-01-06,20.5,20.5,20.5,20.5,0.0,0.0,
2010-01-07,20.5,20.5,20.5,20.5,0.0,0.0,
2010-01-08,20.5,20.5,20.5,20.5,0.0,0.0,
2010-01-11,20.5,20.5,20.5,20.5,0.0,0.0,
2010-01-12,20.5,20.5,20.5,20.5,0.0,0.0,
2010-01-13,20.5,20.5,20.5,20.5,0.0,0.0,
2010-01-14,20.5,20.5,20.5,20.5,0.0,0.0,
2010-01-15,20.5,20.5,20.5,20.5,0.0,0.0,
2010-01-18,20.5,20.5,20.5,20.5,0.0,0.0,
2010-01-19,20.5,20.5,20.5,20.5,0.0,0.0,
2010-01-20,20.5,20.5,20.5,20.5,0.0,0.0,
2010-01-21,20.5,20.5,20.5,20.5,0.0,0.0,
2010-01-22,20.5,20.5,20.5,20.5,0.0,0.0,
2010-01-25,20.5,20.5,20.5,20.5,0.0,0.0,
2010-01-26,20.5,20.5,20.5,20.5,0.0,0.0,
2010-01-27,20.5,20.5,20.5,20.5,0.0,0.0,
2010-01-28,20.5,20.5,20.5,20.5,0.0,0.0,
2010-01-29,20.5,20.5,20.5,20.5,0.0,0.0,
2010-02-01,20.5,20.5,20.5,20.5,0.0,0.0,
2010-02-02,20.5,20.5,20.5,20.5,0.0,0.0,
2010-02-03,20.5,20.5,20.5,20.5,0.0,0.0,
2010-02-04,20.5,20.5,20.5,20.5,0.0,0.0,
2010-02-05,20.5,20.5,20.5,20.5,0.0,0.0,
2010-02-08,20.5,20.5,20.5,20.5,0.0,0.0,
2010-02-09,20.5,20.5,20.5,20.5,0.0,0.0,
2010-02-10,20.5,20.5,20.5,20.5,0.0,0.0,
2010-02-11,20.5,20.5,20.5,20.5,0.0,0.0,
2010-02-12,20.5,20.5,20.5,20.5,0.0,0.0,
2010-02-15,20.5,20.5,20.5,20.5,0.0,0.0,
2010-02-16,20.5,20.5,20.5,20.5,0.0,0.0,
2010-02-17,20.5,20.5,20.5,20.5,0.0,0.0,
2010-02-18,20.5,20.5,20.5,20.5,0.0,0.0,
2010-02-19,20.5,20.5,20.5,20.5,0.0,0.0,
2010-02-22,20.5,20.5,20.5,20.5,0.0,0.0,
2010-02-23,20.5,20.5,20.5,20.5,0.0,0.0,
2010-02-24,20.5,20.5,20.5,20.5,0.0,0.0,
2010-02-25,20.5,20.5,20.5,20.5,0.0,0.0,
2010-02-26,20.5,20.5,20.5,20.5,0.0,0.0,
2010-03-01,20.5,20.5,20.5,20.5,0.0,0.0,
2010-03-02,20.5,20.5,20.5,20.5,0.0,0.0,
2010-03-03,20.5,20.5,20.5,20.5,0.0,0.0,
2010-03-04,20.5,20.5,20.5,20.5,0.0,0.0,
2010-03-05,20.5,20.5,20.5,20.5,0.0,0.0,
2010-03-08,20.5,20.5,20.5,20.5,0.0,0.0,
2010-03-09,20.5,20.5,20.5,20.5,0.0,0.0,
2010-03-10,20.5,20.5,20.5,20.5,0.0,0.0,
2010-03-11,20.5,20.5,20.5,20.5,0.0,0.0,
2010-03-12,20.5,20.5,20.5,20.5,0.0,0.0,
2010-03-15,20.5,20.5,20.5,20.5,0.0,0.0,
2010-03-16,20.5,20.5,20.5,20.5,0.0,0.0,
2010-03-17,20.5,20.5,20.5,20.5,0.0,0.0,
2010-03-18,20.5,20.5,20.5,20.5,0.0,0.0,
2010-03-19,20.5,20.5,20.5,20.5,0.0,0.0,
2010-03-22,20.5,20.5,20.5,20.5,0.0,0.0,
2010-03-23,20.5,20.5,20.5,20.5,0.0,0.0,
2010-03-24,20.5,20.5,20.5,20.5,0.0,0.0,
2010-03-25,20.5,20.5,20.5,20.5,0.0,0.0,
2010-03-26,20.5,20.5,20.5,20.5,0.0,0.0,
2010-03-29,20.5,20.5,20.5,20.5,0.0,0.0,
2010-03-30,20.5,20.5,20.5,20.5,0.0,0.0,
2010-03-31,20.5,20.5,20.5,20.5,0.0,0.0,
2010-04-01,20.5,20.5,20.5,20.5,0.0,0.0,
2010-04-02,20.5,20.5,20.5,20.5,0.0,0.0,
2010-04-05,20.5,20.5,20.5,20.5,0.0,0.0,
2010-04-06,20.5,20.5,20.5,20.5,0.0,0.0,
2010-04-07,20.5,20.5,20.5,20.5,0.0,0.0,
2010-04-08,20.5,20.5,20.5,20.5,0.0,0.0,
2010-04-09,20.5,20.5,20.5,20.5,0.0,0.0,
2010-04-12,20.5,20.5,20.5,20.5,0.0,0.0,
2010-04-13,20.5,20.5,20.5,20.5,0.0,0.0,
2010-04-14,20.5,20.5,20.5,20.5,0.0,0.0,
2010-04-15,20.5,20.5,20.5,20.5,0.0,0.0,
2010-04-16,20.5,20.5,20.5,20.5,0.0,0.0,
2010-04-19,20.5,20.5,20.5,20.5,0.0,0.0,
2010-04-20,20.5,20.5,20.5,20.5,0.0,0.0,
2010-04-21,20.5,20.5,20.5,20.5,0.0,0.0,
2010-04-22,20.5,20.5,20.5,20.5,0.0,0.0,
2010-04-23,20.5,20.5,20.5,20.5,0.0,0.0,
2010-04-26,20.5,20.5,20.5,20.5,0.0,0.0,
2010-04-27,20.5,20.5,20.5,20.5,0.0,0.0,
2010-04-28,20.5,20.5,20.5,20.5,0.0,0.0,
2010-04-29,20.5,20.5,20.5,20.5,0.0,0.0,
2010-04-30,20.5,20.5,20.5,20.5,0.0,0.0,
2010-05-03,20.5,20.5,20.5,20.5,0.0,0.0,
2010-05-04,20.5,20.5,20.5,20.5,0.0,0.0,
2010-05-05,20.5,20.5,20.5,20.5,0.0,0.0,
2010-05-06,20.5,20.5,20.5,20.5,0.0,0.0,
2010-05-07,20.5,20.5,20.5,20.5,0.0,0.0,
2010-05-10,20.5,20.5,20.5,20.5,0.0,0.0,
2010-05-11,20.5,20.5,20.5,20.5,0.0,0.0,
2010-05-12,20.5,20.5,20.5,20.5,0.0,0.0,
2010-05-13,20.5,20.5,20.5,20.5,0.0,0.0,
2010-05-14,20.5,20.5,20.5,20.5,0.0,0.0,
2010-05-17,20.5,20.5,20.5,20.5,0.0,0.0,
2010-05-18,20.5,20.5,20.5,20.5,0.0,0.0,
2010-05-19,20.5,20.5,20.5,20.5,0.0,0.0,
2010-05-20,20.5,20.5,20.5,20.5,0.0,0.0,
2010-05-21,20.5,20.5,20.5,20.5,0.0,0.0,
2010-05-24,20.5,20.5,20.5,20.5,0.0,0.0,
2010-05-25,20.5,20.5,20.5,20.5,0.0,0.0,
2010-05-26,20.5,20.5,20.5,20.5,0.0,0.0,
2010-05-27,20.5,20.5,20.5,20.5,0.0,0.0,
2010-05-28,20.5,20.5,20.5,20.5,0.0,0.0,
2010-05-31,20.5,20.5,20.5,20.5,0.0,0.0,
2010-06-01,20.5,20.5,20.5,20.5,0.0,0.0,
2010-06-02,20.5,20.5,20.5,20.5,0.0,0.0,
2010-06-03,20.5,20.5,20.5,20.5,0.0,0.0,
2010-06-04,20.5,20.5,20.5,20.5,0.0,0.0,
2010-06-07,20.5,20.5,20.5,20.5,0.0,0.0,
2010-06-08,20.5,20.5,20.5,20.5,0.0,0.0,
2010-06-09,20.5,20.5,20.5,20.5,0.0,0.0,
2010-06-10,20.5,20.5,20.5,20.5,0.0,0.0,
2010-06-11,20.5,20.5,20.5,20.5,0.0,0.0,
2010-06-14,20.5,20.5,20.5,20.5,0.0,0.0,
2010-06-15,20.5,20.5,20.5,20.5,0.0,0.0,
2010-06-16,20.5,20.5,20.5,20.5,0.0,0.0,
2010-06-17,20.5,20.5,20.5,20.5,0.0,0.0,
2010-06-18,20.5,20.5,20.5,20.5,0.0,0.0,
2010-06-21,20.5,20.5,20.5,20.5,0.0,0.0,
2010-06-22,20.5,20.5,20.5,20.5,0.0,0.0,
2010-06-23,20.5,20.5,20.5,20.5,0.0,0.0,
2010-06-24,20.5,20.5,20.5,20.5,0.0,0.0,
2010-06-25,20.5,20.5,20.5,20.5,0.0,0.0,
2010-06-28,20.5,20.5,20.5,20.5,0.0,0.0,
2010-06-29,20.5,20.5,20.5,20.5,0.0,0.0,
2010-06-30,20.5,20.5,20.5,20.5,0.0,0.0,
2010-07-01,20.5,20.5,20.5,20.5,0.0,0.0,
2010-07-02,20.5,20.5,20.5,20.5,0.0,0.0,
2010-07-05,20.5,20.5,20.5,20.5,0.0,0.0,
2010-07-06,20.5,20.5,20.5,20.5,0.0,0.0,
2010-07-07,20.5,20.5,20.5,20.5,0.0,0.0,
2010-07-08,20.5,20.5,20.5,20.5,0.0,0.0,
2010-07-09,20.5,20.5,20.5,20.5,0.0,0.0,
2010-07-12,20.5,20.5,20.5,20.5,0.0,0.0,
2010-07-13,20.5,20.5,20.5,20.5,0.0,0.0,
2010-07-14,20.5,20.5,20.5,20.5,0.0,0.0,
2010-07-15,20.5,20.5,20.5,20.5,0.0,0.0,
2010-07-16,20.5,20.5,20.5,20.5,0.0,0.0,
2010-07-19,20.5,20.5,20.5,20.5,0.0,0.0,
2010-07-20,20.5,20.5,20.5,20.5,0.0,0.0,
2010-07-21,20.5,20.5,20.5,20.5,0.0,0.0,
2010-07-22,20.5,20.5,20.5,20.5,0.0,0.0,
2010-07-23,20.5,20.5,20.5,20.5,0.0,0.0,
2010-07-26,20.5,20.5,20.5,20.5,0.0,0.0,
2010-07-27,20.5,20.5,20.5,20.5,0.0,0.0,
2010-07-28,20.5,20.5,20.5,20.5,0.0,0.0,
2010-07-29,20.5,20.5,20.5,20.5,0.0,0.0,
2010-07-30,20.5,20.5,20.5,20.5,0.0,0.0,
2010-08-02,20.5,20.5,20.5,20.5,0.0,0.0,
2010-08-03,20.5,20.5,20.5,20.5,0.0,0.0,
2010-08-04,20.5,20.5,20.5,20.5,0.0,0.0,
2010-08-05,20.5,20.5,20.5,20.5,0.0,0.0,
2010-08-06,20.5,20.5,20.5,20.5,0.0,0.0,
2010-08-09,20.5,20.5,20.5,20.5,0.0,0.0,
2010-08-10,20.5,20.5,20.5,20.5,0.0,0.0,
2010-08-11,20.5,20.5,20.5,20.5,0.0,0.0,
2010-08-12,20.5,20.5,20.5,20.5,0.0,0.0,
2010-08-13,20.5,20.5,20.5,20.5,0.0,0.0,
2010-08-16,20.5,20.5,20.5,20.5,0.0,0.0,
2010-08-17,20.5,20.5,20.5,20.5,0.0,0.0,
2010-08-18,20.5,20.5,20.5,20.5,0.0,0.0,
2010-08-19,20.5,20.5,20.5,20.5,0.0,0.0,
2010-08-20,20.5,20.5,20.5,20.5,0.0,0.0,
2010-08-23,20.5,20.5,20.5,20.5,0.0,0.0,
2010-08-24,20.5,20.5,20.5,20.5,0.0,0.0,
2010-08-25,20.5,20.5,20.5,20.5,0.0,0.0,
2010-08-26,20.5,20.5,20.5,20.5,0.0,0.0,
2010-08-27,20.5,20.5,20.5,20.5,0.0,0.0,
2010-08-30,20.5,20.5,20.5,20.5,0.0,0.0,
2010-08-31,20.5,20.5,20.5,20.5,0.0,0.0,
2010-09-01,20.5,20.5,20.5,20.5,0.0,0.0,
2010-09-02,20.5,20.5,20.5,20.5,0.0,0.0,
2010-09-03,20.5,20.5,20.5,20.5,0.0,0.0,
2010-09-06,20.5,20.5,20.5,20.5,0.0,0.0,
2010-09-07,20.5,20.5,20.5,20.5,0.0,0.0,
2010-09-08,20.5,20.5,20.5,20.5,0.0,0.0,
2010-09-09,20.5,20.5,20.5,20.5,0.0,0.0,
2010-09-10,20.5,20.5,20.5,20.5,0.0,0.0,
2010-09-13,20.5,20.5,20.5,20.5,0.0,0.0,
2010-09-14,20.5,20.5,20.5,20.5,0.0,0.0,
2010-09-15,20.5,20.5,20.5,20.5,0.0,0.0,
2010-09-16,20.5,20.5,20.5,20.5,0.0,0.0,
2010-09-17,20.5,20.5,20.5,20.5,0.0,0.0,
2010-09-20,20.5,20.5,20.5,20.5,0.0,0.0,
2010-09-21,20.5,20.5,20.5,20.5,0.0,0.0,
2010-09-22,20.5,20.5,20.5,20.5,0.0,0.0,
2010-09-23,20.5,20.5,20.5,20.5,0.0,0.0,
2010-09-24,20.5,20.5,20.5,20.5,0.0,0.0,
2010-09-27,20.5,20.5,20.5,20.5,0.0,0.0,
2010-09-28,20.5,20.5,20.5,20.5,0.0,0.0,
2010-09-29,20.5,20.5,20.5,20.5,0.0,0.0,
2010-09-30,20.5,20.5,20.5,20.5,0.0,0.0,
2010-10-01,20.5,20.5,20.5,20.5,0.0,0.0,
2010-10-02,20.5,20.5,20.5,20.5,0.0,0.0,
2010-10-04,20.5,20.5,20.5,20.5,0.0,0.0,
2010-10-05,20.5,20.5,20.5,20.5,0.0,0.0,
2010-10-06,20.5,20.5,20.5,20.5,0.0,0.0,
2010-10-07,20.5,20.5,20.5,20.5,0.0,0.0,
2010-10-08,20.5,20.5,20.5,20.5,0.0,0.0,
2010-10-11,20.5,20.5,20.5,20.5,0.0,0.0,
2010-10-12,20.5,20.5,20.5,20.5,0.0,0.0,
2010-10-13,20.5,20.5,20.5,20.5,0.0,0.0,
2010-10-14,20.5,20.5,20.5,20.5,0.0,0.0,
2010-10-15,20.5,20.5,20.5,20.5,0.0,0.0,
2010-10-18,20.5,20.5,20.5,20.5,0.0,0.0,
2010-10-19,20.5,20.5,20.5,20.5,0.0,0.0,
2010-10-20,20.5,20.5,20.5,20.5,0.0,0.0,
2010-10-21,20.5,20.5,20.5,20.5,0.0,0.0,
2010-10-22,20.5,20.5,20.5,20.5,0.0,0.0,
2010-10-25,20.5,20.5,20.5,20.5,0.0,0.0,
2010-10-26,20.5,20.5,20.5,20.5,0.0,0.0,
2010-10-27,20.5,20.5,20.5,20.5,0.0,0.0,
2010-10-28,20.5,20.5,20.5,20.5,0.0,0.0,
2010-10-29,20.5,20.5,20.5,20.5,0.0,0.0,
2010-11-01,20.5,20.5,20.5,20.5,0.0,0.0,
2010-11-02,20.5,20.5,20.5,20.5,0.0,0.0,
2010-11-03,20.5,20.5,20.5,20.5,0.0,0.0,
2010-11-04,20.5,20.5,20.5,20.5,0.0,0.0,
2010-11-05,20.5,20.5,20.5,20.5,0.0,0.0,
2010-11-08,20.5,20.5,20.5,20.5,0.0,0.0,
2010-11-09,20.5,20.5,20.5,20.5,0.0,0.0,
2010-11-10,20.5,20.5,20.5,20.5,0.0,0.0,
2010-11-11,20.5,20.5,20.5,20.5,0.0,0.0,
2010-11-12,20.5,20.5,20.5,20.5,0.0,0.0,
2010-11-15,20.5,20.5,20.5,20.5,0.0,0.0,
2010-11-16,20.5,20.5,20.5,20.5,0.0,0.0,
2010-11-17,20.5,20.5,20.5,20.5,0.0,0.0,
2010-11-18,20.5,20.5,20.5,20.5,0.0,0.0,
2010-11-19,20.5,20.5,20.5,20.5,0.0,0.0,
2010-11-22,20.5,20.5,20.5,20.5,0.0,0.0,
2010-11-23,20.5,20.5,20.5,20.5,0.0,0.0,
2010-11-24,20.5,20.5,20.5,20.5,0.0,0.0,
2010-11-25,20.5,20.5,20.5,20.5,0.0,0.0,
2010-11-26,20.5,20.5,20.5,20.5,0.0,0.0,
2010-11-29,20.5,20.5,20.5,20.5,0.0,0.0,
2010-11-30,20.5,20.5,20.5,20.5,0.0,0.0,
2010-12-01,20.5,20.5,20.5,20.5,0.0,0.0,
2010-12-02,20.5,20.5,20.5,20.5,0.0,0.0,
2010-12-03,20.5,20.5,20.5,20.5,0.0,0.0,
2010-12-06,20.5,20.5,20.5,20.5,0.0,0.0,
2010-12-07,20.5,20.5,20.5,20.5,0.0,0.0,
2010-12-08,20.5,20.5,20.5,20.5,0.0,0.0,
2010-12-09,20.5,20.5,20.5,20.5,0.0,0.0,
2010-12-10,20.5,20.5,20.5,20.5,0.0,0.0,
2010-12-13,20.5,20.5,20.5,20.5,0.0,0.0,
2010-12-14,20.5,20.5,20.5,20.5,0.0,0.0,
2010-12-15,20.5,20.5,20.5,20.5,0.0,0.0,
2010-12-16,20.5,20.5,20.5,20.5,0.0,0.0,
2010-12-17,20.5,20.5,20.5,20.5,0.0,0.0,
2010-12-20,20.5,20.5,20.5,20.5,0.0,0.0,
2010-12-21,20.5,20.5,20.5,20.5,0.0,0.0,
2010-12-22,20.5,20.5,20.5,20.5,0.0,0.0,
2010-12-23,20.5,20.5,20.5,20.5,0.0,0.0,
2010-12-24,20.5,20.5,20.5,20.5,0.0,0.0,
2010-12-27,20.5,20.5,20.5,20.5,0.0,0.0,
2010-12-28,20.5,20.5,20.5,20.5,0.0,0.0,
2010-12-29,20.5,20.5,20.5,20.5,0.0,0.0,
2010-12-30,20.5,20.5,20.5,20.5,0.0,0.0,
2010-12-31,20.5,20.5,20.5,20.5,0.0,0.0,
2011-01-03,20.5,20.5,20.5,20.5,0.0,0.0,
2011-01-04,20.5,20.5,20.5,20.5,0.0,0.0,
2011-01-05,20.5,20.5,20.5,20.5,0.0,0.0,
2011-01-06,20.5,20.5,20.5,20.5,0.0,0.0,
2011-01-07,20.5,20.5,20.5,20.5,0.0,0.0,
2011-01-10,20.5,20.5,20.5,20.5,0.0,0.0,
2011-01-11,20.5,20.5,20.5,20.5,0.0,0.0,
2011-01-12,20.5,20.5,20.5,20.5,0.0,0.0,
2011-01-13,20.5,20.5,20.5,20.5,0.0,0.0,
2011-01-14,20.5,20.5,20.5,20.5,0.0,0.0,
2011-01-17,20.5,20.5,20.5,20.5,0.0,0.0,
2011-01-18,20.5,20.5,20.5,20.5,0.0,0.0,
2011-01-19,20.5,20.5,20.5,20.5,0.0,0.0,
2011-01-20,20.5,20.5,20.5,20.5,0.0,0.0,
2011-01-21,20.5,20.5,20.5,20.5,0.0,0.0,
2011-01-24,20.5,20.5,20.5,20.5,0.0,0.0,
2011-01-25,20.5,20.5,20.5,20.5,0.0,0.0,
2011-01-26,20.5,20.5,20.5,20.5,0.0,0.0,
2011-01-27,20.5,20.5,20.5,20.5,0.0,0.0,
2011-01-28,20.5,20.5,20.5,20.5,0.0,0.0,
2011-01-31,20.5,20.5,20.5,20.5,0.0,0.0,
2011-02-01,20.5,20.5,20.5,20.5,0.0,0.0,
2011-02-02,20.5,20.5,20.5,20.5,0.0,0.0,
2011-02-03,20.5,20.5,20.5,20.5,0.0,0.0,
2011-02-04,20.5,20.5,20.5,20.5,0.0,0.0,
2011-02-07,20.5,20.5,20.5,20.5,0.0,0.0,
2011-02-08,20.5,20.5,20.5,20.5,0.0,0.0,
2011-02-09,20.5,20.5,20.5,20.5,0.0,0.0,
2011-02-10,20.5,20.5,20.5,20.5,0.0,0.0,
2011-02-11,20.5,20.5,20.5,20.5,0.0,0.0,
2011-02-14,20.5,20.5,20.5,20.5,0.0,0.0,
2011-02-15,20.5,20.5,20.5,20.5,0.0,0.0,
2011-02-16,20.5,20.5,20.5,20.5,0.0,0.0,
2011-02-17,20.5,20.5,20.5,20.5,0.0,0.0,
2011-02-18,20.5,20.5,20.5,20.5,0.0,0.0,
2011-02-21,20.5,20.5,20.5,20.5,0.0,0.0,
2011-02-22,20.5,20.5,20.5,20.5,0.0,0.0,
2011-02-23,20.5,20.5,20.5,20.5,0.0,0.0,
2011-02-24,20.5,20.5,20.5,20.5,0.0,0.0,
2011-02-25,20.5,20.5,20.5,20.5,0.0,0.0,
2011-02-28,20.5,20.5,20.5,20.5,0.0,0.0,
2011-03-01,20.5,20.5,20.5,20.5,0.0,0.0,
2011-03-02,20.5,20.5,20.5,20.5,0.0,0.0,
2011-03-03,20.5,20.5,20.5,20.5,0.0,0.0,
2011-03-04,20.5,20.5,20.5,20.5,0.0,0.0,
2011-03-07,20.5,20.5,20.5,20.5,0.0,0.0,
2011-03-08,20.5,20.5,20.5,20.5,0.0,0.0,
2011-03-09,20.5,20.5,20.5,20.5,0.0,0.0,
2011-03-10,20.5,20.5,20.5,20.5,0.0,0.0,
2011-03-11,20.5,20.5,20.5,20.5,0.0,0.0,
2011-03-14,20.5,20.5,20.5,20.5,0.0,0.0,
2011-03-15,20.5,20.5,20.5,20.5,0.0,0.0,
2011-03-16,20.5,20.5,20.5,20.5,0.0,0.0,
2011-03-17,20.5,20.5,20.5,20.5,0.0,0.0,
2011-03-18,20.5,20.5,20.5,20.5,0.0,0.0,
2011-03-19,20.5,20.5,20.5,20.5,0.0,0.0,
2011-03-21,20.5,20.5,20.5,20.5,0.0,0.0,
2011-03-22,20.5,20.5,20.5,20.5,0.0,0.0,
2011-03-23,20.5,20.5,20.5,20.5,0.0,0.0,
2011-03-24,20.5,20.5,20.5,20.5,0.0,0.0,
2011-03-25,20.5,20.5,20.5,20.5,0.0,0.0,
2011-03-28,20.5,20.5,20.5,20.5,0.0,0.0,
2011-03-29,20.5,20.5,20.5,20.5,0.0,0.0,
2011-03-30,20.5,20.5,20.5,20.5,0.0,0.0,
2011-03-31,20.5,20.5,20.5,20.5,0.0,0.0,
2011-04-01,20.5,20.5,20.5,20.5,0.0,0.0,
2011-04-04,20.5,20.5,20.5,20.5,0.0,0.0,
2011-04-05,20.5,20.5,20.5,20.5,0.0,0.0,
2011-04-06,20.5,20.5,20.5,20.5,0.0,0.0,
2011-04-07,20.5,20.5,20.5,20.5,0.0,0.0,
2011-04-08,20.5,20.5,20.5,20.5,0.0,0.0,
2011-04-11,20.5,20.5,20.5,20.5,0.0,0.0,
2011-04-12,20.5,20.5,20.5,20.5,0.0,0.0,
2011-04-13,20.5,20.5,20.5,20.5,0.0,0.0,
2011-04-14,20.5,20.5,20.5,20.5,0.0,0.0,
2011-04-15,20.5,20.5,20.5,20.5,0.0,0.0,
2011-04-18,20.5,20.5,20.5,20.5,0.0,0.0,
2011-04-19,20.5,20.5,20.5,20.5,0.0,0.0,
2011-04-20,20.5,20.5,20.5,20.5,0.0,0.0,
2011-04-21,20.5,20.5,20.5,20.5,0.0,0.0,
2011-04-26,20.5,20.5,20.5,20.5,0.0,0.0,
2011-04-27,20.5,20.5,20.5,20.5,0.0,0.0,
2011-04-28,20.5,20.5,20.5,20.5,0.0,0.0,
2011-04-29,20.5,20.5,20.5,20.5,0.0,0.0,
2011-05-02,20.5,20.5,20.5,20.5,0.0,0.0,
2011-05-03,20.5,20.5,20.5,20.5,0.0,0.0,
2011-05-04,20.5,20.5,20.5,20.5,0.0,0.0,
2011-05-05,20.5,20.5,20.5,20.5,0.0,0.0,
2011-05-06,20.5,20.5,20.5,20.5,0.0,0.0,
2011-05-09,20.5,20.5,20.5,20.5,0.0,0.0,
2011-05-10,20.5,20.5,20.5,20.5,0.0,0.0,
2011-05-11,20.5,20.5,20.5,20.5,0.0,0.0,
2011-05-12,20.5,20.5,20.5,20.5,0.0,0.0,
2011-05-13,20.5,20.5,20.5,20.5,0.0,0.0,
2011-05-16,20.5,20.5,20.5,20.5,0.0,0.0,
2011-05-17,20.5,20.5,20.5,20.5,0.0,0.0,
2011-05-18,20.5,20.5,20.5,20.5,0.0,0.0,
2011-05-19,20.5,20.5,20.5,20.5,0.0,0.0,
2011-05-20,20.5,20.5,20.5,20.5,0.0,0.0,
2011-05-23,20.5,20.5,20.5,20.5,0.0,0.0,
2011-05-24,20.5,20.5,20.5,20.5,0.0,0.0,
2011-05-25,20.5,20.5,20.5,20.5,0.0,0.0,
2011-05-26,20.5,20.5,20.5,20.5,0.0,0.0,
2011-05-27,20.5,20.5,20.5,20.5,0.0,0.0,
2011-05-30,20.5,20.5,20.5,20.5,0.0,0.0,
2011-05-31,20.5,20.5,20.5,20.5,0.0,0.0,
2011-06-01,20.5,20.5,20.5,20.5,0.0,0.0,
2011-06-02,20.5,20.5,20.5,20.5,0.0,0.0,
2011-06-03,20.5,20.5,20.5,20.5,0.0,0.0,
2011-06-06,20.5,20.5,20.5,20.5,0.0,0.0,
2011-06-07,20.5,20.5,20.5,20.5,0.0,0.0,
2011-06-08,20.5,20.5,20.5,20.5,0.0,0.0,
2011-06-09,20.5,20.5,20.5,20.5,0.0,0.0,
2011-06-10,20.5,20.5,20.5,20.5,0.0,0.0,
2011-06-13,20.5,20.5,20.5,20.5,0.0,0.0,
2011-06-14,20.5,20.5,20.5,20.5,0.0,0.0,
2011-06-15,20.5,20.5,20.5,20.5,0.0,0.0,
2011-06-16,20.5,20.5,20.5,20.5,0.0,0.0,
2011-06-17,20.5,20.5,20.5,20.5,0.0,0.0,
2011-06-20,20.5,20.5,20.5,20.5,0.0,0.0,
2011-06-21,20.5,20.5,20.5,20.5,0.0,0.0,
2011-06-22,20.5,20.5,20.5,20.5,0.0,0.0,
2011-06-23,20.5,20.5,20.5,20.5,0.0,0.0,
2011-06-24,20.5,20.5,20.5,20.5,0.0,0.0,
2011-06-27,20.5,20.5,20.5,20.5,0.0,0.0,
2011-06-28,20.5,20.5,20.5,20.5,0.0,0.0,
2011-06-29,20.5,20.5,20.5,20.5,0.0,0.0,
2011-06-30,20.5,20.5,20.5,20.5,0.0,0.0,
2011-07-01,20.5,20.5,20.5,20.5,0.0,0.0,
2011-07-04,20.5,20.5,20.5,20.5,0.0,0.0,
2011-07-05,20.5,20.5,20.5,20.5,0.0,0.0,
2011-07-06,20.5,20.5,20.5,20.5,0.0,0.0,
2011-07-07,20.5,20.5,20.5,20.5,0.0,0.0,
2011-07-08,20.5,20.5,20.5,20.5,0.0,0.0,
2011-07-11,20.5,20.5,20.5,20.5,0.0,0.0,
2011-07-12,20.5,20.5,20.5,20.5,0.0,0.0,
2011-07-13,20.5,20.5,20.5,20.5,0.0,0.0,
2011-07-14,20.5,20.5,20.5,20.5,0.0,0.0,
2011-07-15,20.5,20.5,20.5,20.5,0.0,0.0,
2011-07-18,20.5,20.5,20.5,20.5,0.0,0.0,
2011-07-19,20.5,20.5,20.5,20.5,0.0,0.0,
2011-07-20,20.5,20.5,20.5,20.5,0.0,0.0,
2011-07-21,20.5,20.5,20.5,20.5,0.0,0.0,
2011-07-22,20.5,20.5,20.5,20.5,0.0,0.0,
2011-07-23,20.5,20.5,20.5,20.5,0.0,0.0,
2011-07-25,20.5,20.5,20.5,20.5,0.0,0.0,
2011-07-26,20.5,20.5,20.5,20.5,0.0,0.0,
2011-07-27,20.5,20.5,20.5,20.5,0.0,0.0,
2011-07-28,20.5,20.5,20.5,20.5,0.0,0.0,
2011-07-29,20.5,20.5,20.5,20.5,0.0,0.0,
2011-08-01,20.5,20.5,20.5,20.5,0.0,0.0,
2011-08-02,20.5,20.5,20.5,20.5,0.0,0.0,
2011-08-03,20.5,20.5,20.5,20.5,0.0,0.0,
2011-08-04,20.5,20.5,20.5,20.5,0.0,0.0,
2011-08-05,20.5,20.5,20.5,20.5,0.0,0.0,
2011-08-08,20.5,20.5,20.5,20.5,0.0,0.0,
2011-08-09,20.5,20.5,20.5,20.5,0.0,0.0,
2011-08-10,20.5,20.5,20.5,20.5,0.0,0.0,
2011-08-11,20.5,20.5,20.5,20.5,0.0,0.0,
2011-08-12,20.5,20.5,20.5,20.5,0.0,0.0,
2011-08-15,20.5,20.5,20.5,20.5,0.0,0.0,
2011-08-16,20.5,20.5,20.5,20.5,0.0,0.0,
2011-08-17,20.5,20.5,20.5,20.5,0.0,0.0,
2011-08-18,20.5,20.5,20.5,20.5,0.0,0.0,
2011-08-19,20.5,20.5,20.5,20.5,0.0,0.0,
2011-08-22,20.5,20.5,20.5,20.5,0.0,0.0,
2011-08-23,20.5,20.5,20.5,20.5,0.0,0.0,
2011-08-24,20.5,20.5,20.5,20.5,0.0,0.0,
2011-08-25,20.5,20.5,20.5,20.5,0.0,0.0,
2011-08-26,20.5,20.5,20.5,20.5,0.0,0.0,
2011-08-29,20.5,20.5,20.5,20.5,0.0,0.0,
2011-08-30,20.5,20.5,20.5,20.5,0.0,0.0,
2011-08-31,20.5,20.5,20.5,20.5,0.0,0.0,
2011-09-01,20.5,20.5,20.5,20.5,0.0,0.0,
2011-09-02,20.5,20.5,20.5,20.5,0.0,0.0,
2011-09-05,20.5,20.5,20.5,20.5,0.0,0.0,
2011-09-06,20.5,20.5,20.5,20.5,0.0,0.0,
2011-09-07,20.5,20.5,20.5,20.5,0.0,0.0,
2011-09-08,20.5,20.5,20.5,20.5,0.0,0.0,
2011-09-09,20.5,20.5,20.5,20.5,0.0,0.0,
2011-09-12,20.5,20.5,20.5,20.5,0.0,0.0,
2011-09-13,20.5,20.5,20.5,20.5,0.0,0.0,
2011-09-14,20.5,20.5,20.5,20.5,0.0,0.0,
2011-09-15,20.5,20.5,20.5,20.5,0.0,0.0,
2011-09-16,20.5,20.5,20.5,20.5,0.0,0.0,
2011-09-19,20.5,20.5,20.5,20.5,0.0,0.0,
2011-09-20,20.5,20.5,20.5,20.5,0.0,0.0,
2011-09-21,20.5,20.5,20.5,20.5,0.0,0.0,
2011-09-22,20.5,20.5,20.5,20.5,0.0,0.0,
2011-09-23,20.5,20.5,20.5,20.5,0.0,0.0,
2011-09-26,20.5,20.5,20.5,20.5,0.0,0.0,
2011-09-27,20.5,20.5,20.5,20.5,0.0,0.0,
2011-09-28,20.5,20.5,20.5,20.5,0.0,0.0,
2011-09-29,20.5,20.5,20.5,20.5,0.0,0.0,
2011-09-30,20.5,20.5,20.5,20.5,0.0,0.0,
2011-10-03,20.5,20.5,20.5,20.5,0.0,0.0,
2011-10-04,20.5,20.5,20.5,20.5,0.0,0.0,
2011-10-05,20.5,20.5,20.5,20.5,0.0,0.0,
2011-10-06,20.5,20.5,20.5,20.5,0.0,0.0,
2011-10-07,20.5,20.5,20.5,20.5,0.0,0.0,
2011-10-10,20.5,20.5,20.5,20.5,0.0,0.0,
2011-10-11,20.5,20.5,20.5,20.5,0.0,0.0,
2011-10-12,20.5,20.5,20.5,20.5,0.0,0.0,
2011-10-13,20.5,20.5,20.5,20.5,0.0,0.0,
2011-10-14,20.5,20.5,20.5,20.5,0.0,0.0,
2011-10-17,20.5,20.5,20.5,20.5,0.0,0.0,
2011-10-18,20.5,20.5,20.5,20.5,0.0,0.0,
2011-10-19,20.5,20.5,20.5,20.5,0.0,0.0,
2011-10-20,20.5,20.5,20.5,20.5,0.0,0.0,
2011-10-21,20.5,20.5,20.5,20.5,0.0,0.0,
2011-10-24,20.5,20.5,20.5,20.5,0.0,0.0,
2011-10-25,20.5,20.5,20.5,20.5,0.0,0.0,
2011-10-26,20.5,20.5,20.5,20.5,0.0,0.0,
2011-10-27,20.5,20.5,20.5,20.5,0.0,0.0,
2011-10-28,20.5,20.5,20.5,20.5,0.0,0.0,
2011-10-31,20.5,20.5,20.5,20.5,0.0,0.0,
2011-11-01,20.5,20.5,20.5,20.5,0.0,0.0,
2011-11-02,20.5,20.5,20.5,20.5,0.0,0.0,
2011-11-03,20.5,20.5,20.5,20.5,0.0,0.0,
2011-11-04,20.5,20.5,20.5,20.5,0.0,0.0,
2011-11-07,20.5,20.5,20.5,20.5,0.0,0.0,
2011-11-08,20.5,20.5,20.5,20.5,0.0,0.0,
2011-11-09,20.5,20.5,20.5,20.5,0.0,0.0,
2011-11-10,20.5,20.5,20.5,20.5,0.0,0.0,
2011-11-11,20.5,20.5,20.5,20.5,0.0,0.0,
2011-11-14,20.5,20.5,20.5,20.5,0.0,0.0,
2011-11-15,20.5,20.5,20.5,20.5,0.0,0.0,
2011-11-16,20.5,20.5,20.5,20.5,0.0,0.0,
2011-11-17,20.5,20.5,20.5,20.5,0.0,0.0,
2011-11-18,20.5,20.5,20.5,20.5,0.0,0.0,
2011-11-21,20.5,20.5,20.5,20.5,0.0,0.0,
2011-11-22,20.5,20.5,20.5,20.5,0.0,0.0,
2011-11-23,20.5,20.5,20.5,20.5,0.0,0.0,
2011-11-24,20.5,20.5,20.5,20.5,0.0,0.0,
2011-11-25,20.5,20.5,20.5,20.5,0.0,0.0,
2011-11-28,20.5,20.5,20.5,20.5,0.0,0.0,
2011-11-29,20.5,20.5,20.5,20.5,0.0,0.0,
2011-11-30,20.5,20.5,20.5,20.5,0.0,0.0,
2011-12-01,20.5,20.5,20.5,20.5,0.0,0.0,
2011-12-02,20.5,20.5,20.5,20.5,0.0,0.0,
2011-12-05,20.5,20.5,20.5,20.5,0.0,0.0,
2011-12-06,20.5,20.5,20.5,20.5,0.0,0.0,
2011-12-07,20.5,20.5,20.5,20.5,0.0,0.0,
2011-12-08,20.5,20.5,20.5,20.5,0.0,0.0,
2011-12-09,20.5,20.5,20.5,20.5,0.0,0.0,
2011-12-12,20.5,20.5,20.5,20.5,0.0,0.0,
2011-12-13,20.5,20.5,20.5,20.5,0.0,0.0,
2011-12-14,20.5,20.5,20.5,20.5,0.0,0.0,
2011-12-15,20.5,20.5,20.5,20.5,0.0,0.0,
2011-12-16,20.5,20.5,20.5,20.5,0.0,0.0,
2011-12-19,20.5,20.5,20.5,20.5,0.0,0.0,
2011-12-20,20.5,20.5,20.5,20.5,0.0,0.0,
2011-12-21,20.5,20.5,20.5,20.5,0.0,0.0,
2011-12-22,20.5,20.5,20.5,20.5,0.0,0.0,
2011-12-23,20.5,20.5,20.5,20.5,0.0,0.0,
2011-12-27,20.5,20.5,20.5,20.5,0.0,0.0,
2011-12-28,20.5,20.5,20.5,20.5,0.0,0.0,
2011-12-29,20.5,20.5,20.5,20.5,0.0,0.0,
2011-12-30,20.5,20.5,20.5,20.5,0.0,0.0,
2012-01-02,20.5,20.5,20.5,20.5,0.0,0.0,
2012-01-03,20.5,20.5,20.5,20.5,0.0,0.0,
2012-01-04,20.5,20.5,20.5,20.5,0.0,0.0,
2012-01-05,20.5,20.5,20.5,20.5,0.0,0.0,
2012-01-06,20.5,20.5,20.5,20.5,0.0,0.0,
2012-01-09,20.5,20.5,20.5,20.5,0.0,0.0,
2012-01-10,20.5,20.5,20.5,20.5,0.0,0.0,
2012-01-11,20.5,20.5,20.5,20.5,0.0,0.0,
2012-01-12,20.5,20.5,20.5,20.5,0.0,0.0,
2012-01-13,20.5,20.5,20.5,20.5,0.0,0.0,
2012-01-16,20.5,20.5,20.5,20.5,0.0,0.0,
2012-01-17,20.5,20.5,20.5,20.5,0.0,0.0,
2012-01-18,20.5,20.5,20.5,20.5,0.0,0.0,
2012-01-19,20.5,20.5,20.5,20.5,0.0,0.0,
2012-01-20,20.5,20.5,20.5,20.5,0.0,0.0,
2012-01-23,20.5,20.5,20.5,20.5,0.0,0.0,
2012-01-24,20.5,20.5,20.5,20.5,0.0,0.0,
2012-01-25,20.5,20.5,20.5,20.5,0.0,0.0,
2012-01-26,20.5,20.5,20.5,20.5,0.0,0.0,
2012-01-27,20.5,20.5,20.5,20.5,0.0,0.0,
2012-01-30,20.5,20.5,20.5,20.5,0.0,0.0,
2012-01-31,20.5,20.5,20.5,20.5,0.0,0.0,
2012-02-01,20.5,20.5,20.5,20.5,0.0,0.0,
2012-02-02,20.5,20.5,20.5,20.5,0.0,0.0,
2012-02-03,20.5,20.5,20.5,20.5,0.0,0.0,
2012-02-05,20.5,20.5,20.5,20.5,0.0,0.0,
2012-02-06,20.5,20.5,20.5,20.5,0.0,0.0,
2012-02-07,20.5,20.5,20.5,20.5,0.0,0.0,
2012-02-08,20.5,20.5,20.5,20.5,0.0,0.0,
2012-02-09,20.5,20.5,20.5,20.5,0.0,0.0,
2012-02-10,20.5,20.5,20.5,20.5,0.0,0.0,
2012-02-13,20.5,20.5,20.5,20.5,0.0,0.0,
2012-02-14,20.5,20.5,20.5,20.5,0.0,0.0,
2012-02-15,20.5,20.5,20.5,20.5,0.0,0.0,
2012-02-16,20.5,20.5,20.5,20.5,0.0,0.0,
2012-02-17,20.5,20.5,20.5,20.5,0.0,0.0,
2012-02-20,20.5,20.5,20.5,20.5,0.0,0.0,
2012-02-21,20.5,20.5,20.5,20.5,0.0,0.0,
2012-02-22,20.5,20.5,20.5,20.5,0.0,0.0,
2012-02-23,20.5,20.5,20.5,20.5,0.0,0.0,
2012-02-24,20.5,20.5,20.5,20.5,0.0,0.0,
2012-02-27,20.5,20.5,20.5,20.5,0.0,0.0,
2012-02-28,20.5,20.5,20.5,20.5,0.0,0.0,
2012-02-29,20.5,20.5,20.5,20.5,0.0,0.0,
2012-03-01,20.5,20.5,20.5,20.5,0.0,0.0,
2012-03-02,20.5,20.5,20.5,20.5,0.0,0.0,
2012-03-05,20.5,20.5,20.5,20.5,0.0,0.0,
2012-03-06,20.5,20.5,20.5,20.5,0.0,0.0,
2012-03-07,20.5,20.5,20.5,20.5,0.0,0.0,
2012-03-08,20.5,20.5,20.5,20.5,0.0,0.0,
2012-03-09,20.5,20.5,20.5,20.5,0.0,0.0,
2012-03-12,20.5,20.5,20.5,20.5,0.0,0.0,
2012-03-13,20.5,20.5,20.5,20.5,0.0,0.0,
2012-03-14,20.5,20.5,20.5,20.5,0.0,0.0,
2012-03-15,20.5,20.5,20.5,20.5,0.0,0.0,
2012-03-16,20.5,20.5,20.5,20.5,0.0,0.0,
2012-03-19,20.5,20.5,20.5,20.5,0.0,0.0,
2012-03-20,20.5,20.5,20.5,20.5,0.0,0.0,
2012-03-21,20.5,20.5,20.5,20.5,0.0,0.0,
2012-03-22,20.5,20.5,20.5,20.5,0.0,0.0,
2012-03-23,20.5,20.5,20.5,20.5,0.0,0.0,
2012-03-26,20.5,20.5,20.5,20.5,0.0,0.0,
2012-03-27,20.5,20.5,20.5,20.5,0.0,0.0,
2012-03-28,20.5,20.5,20.5,20.5,0.0,0.0,
2012-03-29,20.5,20.5,20.5,20.5,0.0,0.0,
2012-03-30,20.5,20.5,20.5,20.5,0.0,0.0,
2012-04-02,20.5,20.5,20.5,20.5,0.0,0.0,
2012-04-03,20.5,20.5,20.5,20.5,0.0,0.0,
2012-04-04,20.5,20.5,20.5,20.5,0.0,0.0,
2012-04-05,20.5,20.5,20.5,20.5,0.0,0.0,
2012-04-08,20.5,20.5,20.5,20.5,0.0,0.0,
2012-04-09,20.5,20.5,20.5,20.5,0.0,0.0,
2012-04-10,20.5,20.5,20.5,20.5,0.0,0.0,
2012-04-11,20.5,20.5,20.5,20.5,0.0,0.0,
2012-04-12,20.5,20.5,20.5,20.5,0.0,0.0,
2012-04-13,20.5,20.5,20.5,20.5,0.0,0.0,
2012-04-16,20.5,20.5,20.5,20.5,0.0,0.0,
2012-04-17,20.5,20.5,20.5,20.5,0.0,0.0,
2012-04-18,20.5,20.5,20.5,20.5,0.0,0.0,
2012-04-19,20.5,20.5,20.5,20.5,0.0,0.0,
2012-04-20,20.5,20.5,20.5,20.5,0.0,0.0,
2012-04-23,20.5,20.5,20.5,20.5,0.0,0.0,
2012-04-24,20.5,20.5,20.5,20.5,0.0,0.0,
2012-04-25,20.5,20.5,20.5,20.5,0.0,0.0,
2012-04-26,20.5,20.5,20.5,20.5,0.0,0.0,
2012-04-27,20.5,20.5,20.5,20.5,0.0,0.0,
2012-04-30,20.5,20.5,20.5,20.5,0.0,0.0,
2012-05-01,20.5,20.5,20.5,20.5,0.0,0.0,
2012-05-02,20.5,20.5,20.5,20.5,0.0,0.0,
2012-05-03,20.5,20.5,20.5,20.5,0.0,0.0,
2012-05-04,20.5,20.5,20.5,20.5,0.0,0.0,
2012-05-07,20.5,20.5,20.5,20.5,0.0,0.0,
2012-05-08,20.5,20.5,20.5,20.5,0.0,0.0,
2012-05-09,20.5,20.5,20.5,20.5,0.0,0.0,
2012-05-10,20.5,20.5,20.5,20.5,0.0,0.0,
2012-05-11,20.5,20.5,20.5,20.5,0.0,0.0,
2012-05-14,20.5,20.5,20.5,20.5,0.0,0.0,
2012-05-15,20.5,20.5,20.5,20.5,0.0,0.0,
2012-05-16,20.5,20.5,20.5,20.5,0.0,0.0,
2012-05-17,20.5,20.5,20.5,20.5,0.0,0.0,
2012-05-18,20.5,20.5,20.5,20.5,0.0,0.0,
2012-05-21,20.5,20.5,20.5,20.5,0.0,0.0,
2012-05-22,20.5,20.5,20.5,20.5,0.0,0.0,
2012-05-23,20.5,20.5,20.5,20.5,0.0,0.0,
2012-05-24,20.5,20.5,20.5,20.5,0.0,0.0,
2012-05-25,20.5,20.5,20.5,20.5,0.0,0.0,
2012-05-28,20.5,20.5,20.5,20.5,0.0,0.0,
2012-05-29,20.5,20.5,20.5,20.5,0.0,0.0,
2012-05-30,20.5,20.5,20.5,20.5,0.0,0.0,
2012-05-31,20.5,20.5,20.5,20.5,0.0,0.0,
2012-06-01,20.5,20.5,20.5,20.5,0.0,0.0,
2012-06-04,20.5,20.5,20.5,20.5,0.0,0.0,
2012-06-05,20.5,20.5,20.5,20.5,0.0,0.0,
2012-06-06,20.5,20.5,20.5,20.5,0.0,0.0,
2012-06-07,20.5,20.5,20.5,20.5,0.0,0.0,
2012-06-08,20.5,20.5,20.5,20.5,0.0,0.0,
2012-06-11,20.5,20.5,20.5,20.5,0.0,0.0,
2012-06-12,20.5,20.5,20.5,20.5,0.0,0.0,
2012-06-13,20.5,20.5,20.5,20.5,0.0,0.0,
2012-06-14,20.5,20.5,20.5,20.5,0.0,0.0,
2012-06-15,20.5,20.5,20.5,20.5,0.0,0.0,
2012-06-18,20.5,20.5,20.5,20.5,0.0,0.0,
2012-06-19,20.5,20.5,20.5,20.5,0.0,0.0,
2012-06-20,20.5,20.5,20.5,20.5,0.0,0.0,
2012-06-21,20.5,20.5,20.5,20.5,0.0,0.0,
2012-06-22,20.5,20.5,20.5,20.5,0.0,0.0,
2012-06-25,20.5,20.5,20.5,20.5,0.0,0.0,
2012-06-26,20.5,20.5,20.5,20.5,0.0,0.0,
2012-06-27,20.5,20.5,20.5,20.5,0.0,0.0,
2012-06-28,20.5,20.5,20.5,20.5,0.0,0.0,
2012-06-29,20.5,20.5,20.5,20.5,0.0,0.0,
2012-07-02,20.5,20.5,20.5,20.5,0.0,0.0,
2012-07-03,20.5,20.5,20.5,20.5,0.0,0.0,
2012-07-04,20.5,20.5,20.5,20.5,0.0,0.0,
2012-07-05,20.5,20.5,20.5,20.5,0.0,0.0,
2012-07-06,20.5,20.5,20.5,20.5,0.0,0.0,
2012-07-07,20.5,20.5,20.5,20.5,0.0,0.0,
2012-07-08,20.5,20.5,20.5,20.5,0.0,0.0,
2012-07-09,20.5,20.5,20.5,20.5,0.0,0.0,
2012-07-10,20.5,20.5,20.5,20.5,0.0,0.0,
2012-07-11,20.5,20.5,20.5,20.5,0.0,0.0,
2012-07-12,20.5,20.5,20.5,20.5,0.0,0.0,
2012-07-13,20.5,20.5,20.5,20.5,0.0,0.0,
2012-07-16,20.5,20.5,20.5,20.5,0.0,0.0,
2012-07-17,20.5,20.5,20.5,20.5,0.0,0.0,
2012-07-18,20.5,20.5,20.5,20.5,0.0,0.0,
2012-07-19,20.5,20.5,20.5,20.5,0.0,0.0,
2012-07-20,20.5,20.5,20.5,20.5,0.0,0.0,
2012-07-23,20.5,20.5,20.5,20.5,0.0,0.0,
2012-07-24,20.5,20.5,20.5,20.5,0.0,0.0,
2012-07-25,20.5,20.5,20.5,20.5,0.0,0.0,
2012-07-26,20.5,20.5,20.5,20.5,0.0,0.0,
2012-07-27,20.5,20.5,20.5,20.5,0.0,0.0,
2012-07-30,20.5,20.5,20.5,20.5,0.0,0.0,
2012-07-31,20.5,20.5,20.5,20.5,0.0,0.0,
2012-08-01,20.5,20.5,20.5,20.5,0.0,0.0,
2012-08-02,20.5,20.5,20.5,20.5,0.0,0.0,
2012-08-03,20.5,20.5,20.5,20.5,0.0,0.0,
2012-08-06,20.5,20.5,20.5,20.5,0.0,0.0,
2012-08-07,20.5,20.5,20.5,20.5,0.0,0.0,
2012-08-08,20.5,20.5,20.5,20.5,0.0,0.0,
2012-08-09,20.5,20.5,20.5,20.5,0.0,0.0,
2012-08-10,20.5,20.5,20.5,20.5,0.0,0.0,
2012-08-13,20.5,20.5,20.5,20.5,0.0,0.0,
2012-08-14,20.5,20.5,20.5,20.5,0.0,0.0,
2012-08-15,20.5,20.5,20.5,20.5,0.0,0.0,
2012-08-16,20.5,20.5,20.5,20.5,0.0,0.0,
2012-08-17,20.5,20.5,20.5,20.5,0.0,0.0,
2012-08-20,20.5,20.5,20.5,20.5,0.0,0.0,
2012-08-21,20.5,20.5,20.5,20.5,0.0,0.0,
2012-08-22,20.5,20.5,20.5,20.5,0.0,0.0,
2012-08-23,20.5,20.5,20.5,20.5,0.0,0.0,
2012-08-24,20.5,20.5,20.5,20.5,0.0,0.0,
2012-08-27,20.5,20.5,20.5,20.5,0.0,0.0,
2012-08-28,20.5,20.5,20.5,20.5,0.0,0.0,
2012-08-29,20.5,20.5,20.5,20.5,0.0,0.0,
2012-08-30,20.5,20.5,20.5,20.5,0.0,0.0,
2012-08-31,20.5,20.5,20.5,20.5,0.0,0.0,
2012-09-03,20.5,20.5,20.5,20.5,0.0,0.0,
2012-09-04,20.5,20.5,20.5,20.5,0.0,0.0,
2012-09-05,20.5,20.5,20.5,20.5,0.0,0.0,
2012-09-06,20.5,20.5,20.5,20.5,0.0,0.0,
2012-09-07,20.5,20.5,20.5,20.5,0.0,0.0,
2012-09-10,20.5,20.5,20.5,20.5,0.0,0.0,
2012-09-11,20.5,20.5,20.5,20.5,0.0,0.0,
2012-09-12,20.5,20.5,20.5,20.5,0.0,0.0,
2012-09-13,20.5,20.5,20.5,20.5,0.0,0.0,
2012-09-14,20.5,20.5,20.5,20.5,0.0,0.0,
2012-09-17,20.5,20.5,20.5,20.5,0.0,0.0,
2012-09-18,20.5,20.5,20.5,20.5,0.0,0.0,
2012-09-19,20.5,20.5,20.5,20.5,0.0,0.0,
2012-09-20,20.5,20.5,20.5,20.5,0.0,0.0,
2012-09-21,20.5,20.5,20.5,20.5,0.0,0.0,
2012-09-24,20.5,20.5,20.5,20.5,0.0,0.0,
2012-09-25,20.5,20.5,20.5,20.5,0.0,0.0,
2012-09-26,20.5,20.5,20.5,20.5,0.0,0.0,
2012-09-27,20.5,20.5,20.5,20.5,0.0,0.0,
2012-09-28,20.5,20.5,20.5,20.5,0.0,0.0,
2012-10-01,20.5,20.5,20.5,20.5,0.0,0.0,
2012-10-02,20.5,20.5,20.5,20.5,0.0,0.0,
2012-10-03,20.5,20.5,20.5,20.5,0.0,0.0,
2012-10-04,20.5,20.5,20.5,20.5,0.0,0.0,
2012-10-05,20.5,20.5,20.5,20.5,0.0,0.0,
2012-10-08,20.5,20.5,20.5,20.5,0.0,0.0,
2012-10-09,20.5,20.5,20.5,20.5,0.0,0.0,
2012-10-10,20.5,20.5,20.5,20.5,0.0,0.0,
2012-10-11,20.5,20.5,20.5,20.5,0.0,0.0,
2012-10-12,20.5,20.5,20.5,20.5,0.0,0.0,
2012-10-15,20.5,20.5,20.5,20.5,0.0,0.0,
2012-10-16,20.5,20.5,20.5,20.5,0.0,0.0,
2012-10-17,20.5,20.5,20.5,20.5,0.0,0.0,
2012-10-18,20.5,20.5,20.5,20.5,0.0,0.0,
2012-10-19,20.5,20.5,20.5,20.5,0.0,0.0,
2012-10-22,20.5,20.5,20.5,20.5,0.0,0.0,
2012-10-23,20.5,20.5,20.5,20.5,0.0,0.0,
2012-10-24,20.5,20.5,20.5,20.5,0.0,0.0,
2012-10-25,20.5,20.5,20.5,20.5,0.0,0.0,
2012-10-26,20.5,20.5,20.5,20.5,0.0,0.0,
2012-10-29,20.5,20.5,20.5,20.5,0.0,0.0,
2012-10-30,20.5,20.5,20.5,20.5,0.0,0.0,
2012-10-31,20.5,20.5,20.5,20.5,0.0,0.0,
2012-11-01,20.5,20.5,20.5,20.5,0.0,0.0,
2012-11-02,20.5,20.5,20.5,20.5,0.0,0.0,
2012-11-05,20.5,20.5,20.5,20.5,0.0,0.0,
2012-11-06,20.5,20.5,20.5,20.5,0.0,0.0,
2012-11-07,20.5,20.5,20.5,20.5,0.0,0.0,
2012-11-08,20.5,20.5,20.5,20.5,0.0,0.0,
2012-11-09,20.5,20.5,20.5,20.5,0.0,0.0,
2012-11-12,20.5,20.5,20.5,20.5,0.0,0.0,
2012-11-13,20.5,20.5,20.5,20.5,0.0,0.0,
2012-11-14,20.5,20.5,20.5,20.5,0.0,0.0,
2012-11-15,20.5,20.5,20.5,20.5,0.0,0.0,
2012-11-16,20.5,20.5,20.5,20.5,0.0,0.0,
2012-11-19,20.5,20.5,20.5,20.5,0.0,0.0,
2012-11-20,20.5,20.5,20.5,20.5,0.0,0.0,
2012-11-21,20.5,20.5,20.5,20.5,0.0,0.0,
2012-11-22,20.5,20.5,20.5,20.5,0.0,0.0,
2012-11-23,20.5,20.5,20.5,20.5,0.0,0.0,
2012-11-26,20.5,20.5,20.5,20.5,0.0,0.0,
2012-11-27,20.5,20.5,20.5,20.5,0.0,0.0,
2012-11-28,20.5,20.5,20.5,20.5,0.0,0.0,
2012-11-29,20.5,20.5,20.5,20.5,0.0,0.0,
2012-11-30,20.5,20.5,20.5,20.5,0.0,0.0,
2012-12-03,20.5,20.5,20.5,20.5,0.0,0.0,
2012-12-04,20.5,20.5,20.5,20.5,0.0,0.0,
2012-12-05,20.5,20.5,20.5,20.5,0.0,0.0,
2012-12-06,20.5,20.5,20.5,20.5,0.0,0.0,
2012-12-07,20.5,20.5,20.5,20.5,0.0,0.0,
2012-12-10,20.5,20.5,20.5,20.5,0.0,0.0,
2012-12-11,20.5,20.5,20.5,20.5,0.0,0.0,
2012-12-12,20.5,20.5,20.5,20.5,0.0,0.0,
2012-12-13,20.5,20.5,20.5,20.5,0.0,0.0,
2012-12-14,20.5,20.5,20.5,20.5,0.0,0.0,
2012-12-17,20.5,20.5,20.5,20.5,0.0,0.0,
2012-12-18,20.5,20.5,20.5,20.5,0.0,0.0,
2012-12-19,20.5,20.5,20.5,20.5,0.0,0.0,
2012-12-20,20.5,20.5,20.5,20.5,0.0,0.0,
2012-12-21,20.5,20.5,20.5,20.5,0.0,0.0,
2012-12-24,20.5,20.5,20.5,20.5,0.0,0.0,
2012-12-27,20.5,20.5,20.5,20.5,0.0,0.0,
2012-12-28,20.5,20.5,20.5,20.5,0.0,0.0,
2012-12-31,20.5,20.5,20.5,20.5,0.0,0.0,
2013-01-02,20.5,20.5,20.5,20.5,0.0,0.0,
2013-01-03,20.5,20.5,20.5,20.5,0.0,0.0,
2013-01-04,20.5,20.5,20.5,20.5,0.0,0.0,
2013-01-07,20.5,20.5,20.5,20.5,0.0,0.0,
2013-01-08,20.5,20.5,20.5,20.5,0.0,0.0,
2013-01-09,20.5,20.5,20.5,20.5,0.0,0.0,
2013-01-10,20.5,20.5,20.5,20.5,0.0,0.0,
2013-01-11,20.5,20.5,20.5,20.5,0.0,0.0,
2013-01-14,20.5,20.5,20.5,20.5,0.0,0.0,
2013-01-15,20.5,20.5,20.5,20.5,0.0,0.0,
2013-01-16,20.5,20.5,20.5,20.5,0.0,0.0,
2013-01-17,20.5,20.5,20.5,20.5,0.0,0.0,
2013-01-18,20.5,20.5,20.5,20.5,0.0,0.0,
2013-01-21,20.5,20.5,20.5,20.5,0.0,0.0,
2013-01-22,20.5,20.5,20.5,20.5,0.0,0.0,
2013-01-23,20.5,20.5,20.5,20.5,0.0,0.0,
2013-01-24,20.5,20.5,20.5,20.5,0.0,0.0,
2013-01-25,20.5,20.5,20.5,20.5,0.0,0.0,
2013-01-28,20.5,20.5,20.5,20.5,0.0,0.0,
2013-01-29,20.5,20.5,20.5,20.5,0.0,0.0,
2013-01-30,20.5,20.5,20.5,20.5,0.0,0.0,
2013-01-31,20.5,20.5,20.5,20.5,0.0,0.0,
2013-02-01,20.5,20.5,20.5,20.5,0.0,0.0,
2013-02-04,20.5,20.5,20.5,20.5,0.0,0.0,
2013-02-05,20.5,20.5,20.5,20.5,0.0,0.0,
2013-02-06,20.5,20.5,20.5,20.5,0.0,0.0,
2013-02-07,20.5,20.5,20.5,20.5,0.0,0.0,
2013-02-08,20.5,20.5,20.5,20.5,0.0,0.0,
2013-02-11,20.5,20.5,20.5,20.5,0.0,0.0,
2013-02-12,20.5,20.5,20.5,20.5,0.0,0.0,
2013-02-13,20.5,20.5,20.5,20.5,0.0,0.0,
2013-02-14,20.5,20.5,20.5,20.5,0.0,0.0,
2013-02-15,20.5,20.5,20.5,20.5,0.0,0.0,
2013-02-18,20.5,20.5,20.5,20.5,0.0,0.0,
2013-02-19,20.5,20.5,20.5,20.5,0.0,0.0,
2013-02-20,20.5,20.5,20.5,20.5,0.0,0.0,
2013-02-21,20.5,20.5,20.5,20.5,0.0,0.0,
2013-02-22,20.5,20.5,20.5,20.5,0.0,0.0,
2013-02-25,20.5,20.5,20.5,20.5,0.0,0.0,
2013-02-26,20.5,20.5,20.5,20.5,0.0,0.0,
2013-02-27,20.5,20.5,20.5,20.5,0.0,0.0,
2013-02-28,20.5,20.5,20.5,20.5,0.0,0.0,
2013-03-01,20.5,20.5,20.5,20.5,0.0,0.0,
2013-03-04,20.5,20.5,20.5,20.5,0.0,0.0,
2013-03-05,20.5,20.5,20.5,20.5,0.0,0.0,
2013-03-06,20.5,20.5,20.5,20.5,0.0,0.0,
2013-03-07,20.5,20.5,20.5,20.5,0.0,0.0,
2013-03-08,20.5,20.5,20.5,20.5,0.0,0.0,
2013-03-11,20.5,20.5,20.5,20.5,0.0,0.0,
2013-03-12,20.5,20.5,20.5,20.5,0.0,0.0,
2013-03-13,20.5,20.5,20.5,20.5,0.0,0.0,
2013-03-14,20.5,20.5,20.5,20.5,0.0,0.0,
2013-03-15,20.5,20.5,20.5,20.5,0.0,0.0,
2013-03-18,20.5,20.5,20.5,20.5,0.0,0.0,
2013-03-19,20.5,20.5,20.5,20.5,0.0,0.0,
2013-03-20,20.5,20.5,20.5,20.5,0.0,0.0,
2013-03-21,20.5,20.5,20.5,20.5,0.0,0.0,
2013-03-22,20.5,20.5,20.5,20.5,0.0,0.0,
2013-03-25,20.5,20.5,20.5,20.5,0.0,0.0,
2013-03-26,20.5,20.5,20.5,20.5,0.0,0.0,
2013-03-27,20.5,20.5,20.5,20.5,0.0,0.0,
2013-03-28,20.5,20.5,20.5,20.5,0.0,0.0,
2013-04-01,20.5,20.5,20.5,20.5,0.0,0.0,
2013-04-02,20.5,20.5,20.5,20.5,0.0,0.0,
2013-04-03,20.5,20.5,20.5,20.5,0.0,0.0,
2013-04-04,20.5,20.5,20.5,20.5,0.0,0.0,
2013-04-05,20.5,20.5,20.5,20.5,0.0,0.0,
2013-04-08,20.5,20.5,20.5,20.5,0.0,0.0,
2013-04-09,20.5,20.5,20.5,20.5,0.0,0.0,
2013-04-10,20.5,20.5,20.5,20.5,0.0,0.0,
2013-04-11,20.5,20.5,20.5,20.5,0.0,0.0,
2013-04-12,20.5,20.5,20.5,20.5,0.0,0.0,
2013-04-15,20.5,20.5,20.5,20.5,0.0,0.0,
2013-04-16,20.5,20.5,20.5,20.5,0.0,0.0,
2013-04-17,20.5,20.5,20.5,20.5,0.0,0.0,
2013-04-18,20.5,20.5,20.5,20.5,0.0,0.0,
2013-04-19,20.5,20.5,20.5,20.5,0.0,0.0,
2013-04-22,20.5,20.5,20.5,20.5,0.0,0.0,
2013-04-23,20.5,20.5,20.5,20.5,0.0,0.0,
2013-04-24,20.5,20.5,20.5,20.5,0.0,0.0,
2013-04-25,20.5,20.5,20.5,20.5,0.0,0.0,
2013-04-26,20.5,20.5,20.5,20.5,0.0,0.0,
2013-04-29,20.5,20.5,20.5,20.5,0.0,0.0,
2013-04-30,20.5,20.5,20.5,20.5,0.0,0.0,
2013-05-01,20.5,20.5,20.5,20.5,0.0,0.0,
2013-05-02,20.5,20.5,20.5,20.5,0.0,0.0,
2013-05-03,20.5,20.5,20.5,20.5,0.0,0.0,
2013-05-06,20.5,20.5,20.5,20.5,0.0,0.0,
2013-05-07,20.5,20.5,20.5,20.5,0.0,0.0,
2013-05-08,20.5,20.5,20.5,20.5,0.0,0.0,
2013-05-09,20.5,20.5,20.5,20.5,0.0,0.0,
2013-05-10,20.5,20.5,20.5,20.5,0.0,0.0,
2013-05-13,20.5,20.5,20.5,20.5,0.0,0.0,
2013-05-14,20.5,20.5,20.5,20.5,0.0,0.0,
2013-05-15,20.5,20.5,20.5,20.5,0.0,0.0,
2013-05-16,20.5,20.5,20.5,20.5,0.0,0.0,
2013-05-17,20.5,20.5,20.5,20.5,0.0,0.0,
2013-05-20,20.5,20.5,20.5,20.5,0.0,0.0,
2013-05-21,20.5,20.5,20.5,20.5,0.0,0.0,
2013-05-22,20.5,20.5,20.5,20.5,0.0,0.0,
2013-05-23,20.5,20.5,20.5,20.5,0.0,0.0,
2013-05-24,20.5,20.5,20.5,20.5,0.0,0.0,
2013-05-27,20.5,20.5,20.5,20.5,0.0,0.0,
2013-05-28,20.5,20.5,20.5,20.5,0.0,0.0,
2013-05-29,20.5,20.5,20.5,20.5,0.0,0.0,
2013-05-30,20.5,20.5,20.5,20.5,0.0,0.0,
2013-05-31,20.5,20.5,20.5,20.5,0.0,0.0,
2013-06-03,20.5,20.5,20.5,20.5,0.0,0.0,
2013-06-04,20.5,20.5,20.5,20.5,0.0,0.0,
2013-06-05,20.5,20.5,20.5,20.5,0.0,0.0,
2013-06-06,20.5,20.5,20.5,20.5,0.0,0.0,
2013-06-07,20.5,20.5,20.5,20.5,0.0,0.0,
2013-06-10,20.5,20.5,20.5,20.5,0.0,0.0,
2013-06-11,20.5,20.5,20.5,20.5,0.0,0.0,
2013-06-12,20.5,20.5,20.5,20.5,0.0,0.0,
2013-06-13,20.5,20.5,20.5,20.5,0.0,0.0,
2013-06-14,20.5,20.5,20.5,20.5,0.0,0.0,
2013-06-17,20.5,20.5,20.5,20.5,0.0,0.0,
2013-06-18,20.5,20.5,20.5,20.5,0.0,0.0,
2013-06-19,20.5,20.5,20.5,20.5,0.0,0.0,
2013-06-20,20.5,20.5,20.5,20.5,0.0,0.0,
2013-06-21,20.5,20.5,20.5,20.5,0.0,0.0,
2013-06-24,20.5,20.5,20.5,20.5,0.0,0.0,
2013-06-25,20.5,20.5,20.5,20.5,0.0,0.0,
2013-06-26,20.5,20.5,20.5,20.5,0.0,0.0,
2013-06-27,20.5,20.5,20.5,20.5,0.0,0.0,
2013-06-28,20.5,20.5,20.5,20.5,0.0,0.0,
2013-07-01,20.5,20.5,20.5,20.5,0.0,0.0,
2013-07-02,20.5,20.5,20.5,20.5,0.0,0.0,
2013-07-03,20.5,20.5,20.5,20.5,0.0,0.0,
2013-07-04,20.5,20.5,20.5,20.5,0.0,0.0,
2013-07-05,20.5,20.5,20.5,20.5,0.0,0.0,
2013-07-08,20.5,20.5,20.5,20.5,0.0,0.0,
2013-07-09,20.5,20.5,20.5,20.5,0.0,0.0,
2013-07-10,20.5,20.5,20.5,20.5,0.0,0.0,
2013-07-11,20.5,20.5,20.5,20.5,0.0,0.0,
2013-07-12,20.5,20.5,20.5,20.5,0.0,0.0,
2013-07-15,20.5,20.5,20.5,20.5,0.0,0.0,
2013-07-16,20.5,20.5,20.5,20.5,0.0,0.0,
2013-07-17,20.5,20.5,20.5,20.5,0.0,0.0,
2013-07-18,20.5,20.5,20.5,20.5,0.0,0.0,
2013-07-19,20.5,20.5,20.5,20.5,0.0,0.0,
2013-07-22,20.5,20.5,20.5,20.5,0.0,0.0,
2013-07-23,20.5,20.5,20.5,20.5,0.0,0.0,
2013-07-24,20.5,20.5,20.5,20.5,0.0,0.0,
2013-07-25,20.5,20.5,20.5,20.5,0.0,0.0,
2013-07-26,20.5,20.5,20.5,20.5,0.0,0.0,
2013-07-29,20.5,20.5,20.5,20.5,0.0,0.0,
2013-07-30,20.5,20.5,20.5,20.5,0.0,0.0,
2013-07-31,20.5,20.5,20.5,20.5,0.0,0.0,
2013-08-01,20.5,20.5,20.5,20.5,0.0,0.0,
2013-08-02,20.5,20.5,20.5,20.5,0.0,0.0,
2013-08-05,20.5,20.5,20.5,20.5,0.0,0.0,
2013-08-06,20.5,20.5,20.5,20.5,0.0,0.0,
2013-08-07,20.5,20.5,20.5,20.5,0.0,0.0,
2013-08-08,20.5,20.5,20.5,20.5,0.0,0.0,
2013-08-09,20.5,20.5,20.5,20.5,0.0,0.0,
2013-08-12,20.5,20.5,20.5,20.5,0.0,0.0,
2013-08-13,20.5,20.5,20.5,20.5,0.0,0.0,
2013-08-14,20.5,20.5,20.5,20.5,0.0,0.0,
2013-08-15,20.5,20.5,20.5,20.5,0.0,0.0,
2013-08-16,20.5,20.5,20.5,20.5,0.0,0.0,
2013-08-19,20.5,20.5,20.5,20.5,0.0,0.0,
2013-08-20,20.5,20.5,20.5,20.5,0.0,0.0,
2013-08-21,20.5,20.5,20.5,20.5,0.0,0.0,
2013-08-22,20.5,20.5,20.5,20.5,0.0,0.0,
2013-08-23,20.5,20.5,20.5,20.5,0.0,0.0,
2013-08-26,20.5,20.5,20.5,20.5,0.0,0.0,
2013-08-27,20.5,20.5,20.5,20.5,0.0,0.0,
2013-08-28,20.5,20.5,20.5,20.5,0.0,0.0,
2013-08-29,20.5,20.5,20.5,20.5,0.0,0.0,
2013-08-30,20.5,20.5,20.5,20.5,0.0,0.0,
2013-09-02,20.5,20.5,20.5,20.5,0.0,0.0,
2013-09-03,20.5,20.5,20.5,20.5,0.0,0.0,
2013-09-04,20.5,20.5,20.5,20.5,0.0,0.0,
2013-09-05,20.5,20.5,20.5,20.5,0.0,0.0,
2013-09-06,20.5,20.5,20.5,20.5,0.0,0.0,
2013-09-09,20.5,20.5,20.5,20.5,0.0,0.0,
2013-09-10,20.5,20.5,20.5,20.5,0.0,0.0,
2013-09-11,20.5,20.5,20.5,20.5,0.0,0.0,
2013-09-12,20.5,20.5,20.5,20.5,0.0,0.0,
2013-09-13,20.5,20.5,20.5,20.5,0.0,0.0,
2013-09-16,20.5,20.5,20.5,20.5,0.0,0.0,
2013-09-17,20.5,20.5,20.5,20.5,0.0,0.0,
2013-09-18,20.5,20.5,20.5,20.5,0.0,0.0,
2013-09-19,20.5,20.5,20.5,20.5,0.0,0.0,
2013-09-20,20.5,20.5,20.5,20.5,0.0,0.0,
2013-09-23,20.5,20.5,20.5,20.5,0.0,0.0,
2013-09-24,20.5,20.5,20.5,20.5,0.0,0.0,
2013-09-25,20.5,20.5,20.5,20.5,0.0,0.0,
2013-09-26,20.5,20.5,20.5,20.5,0.0,0.0,
2013-09-27,20.5,20.5,20.5,20.5,0.0,0.0,
2013-09-30,20.5,20.5,20.5,20.5,0.0,0.0,
2013-10-01,20.5,20.5,20.5,20.5,0.0,0.0,
2013-10-02,20.5,20.5,20.5,20.5,0.0,0.0,
2013-10-03,20.5,20.5,20.5,20.5,0.0,0.0,
2013-10-04,20.5,20.5,20.5,20.5,0.0,0.0,
2013-10-07,20.5,20.5,20.5,20.5,0.0,0.0,
2013-10-08,20.5,20.5,20.5,20.5,0.0,0.0,
2013-10-09,20.5,20.5,20.5,20.5,0.0,0.0,
2013-10-10,20.5,20.5,20.5,20.5,0.0,0.0,
2013-10-11,20.5,20.5,20.5,20.5,0.0,0.0,
2013-10-14,20.5,20.5,20.5,20.5,0.0,0.0,
2013-10-15,20.5,20.5,20.5,20.5,0.0,0.0,
2013-10-16,20.5,20.5,20.5,20.5,0.0,0.0,
2013-10-17,20.5,20.5,20.5,20.5,0.0,0.0,
2013-10-18,20.5,20.5,20.5,20.5,0.0,0.0,
2013-10-21,20.5,20.5,20.5,20.5,0.0,0.0,
2013-10-22,20.5,20.5,20.5,20.5,0.0,0.0,
2013-10-23,20.5,20.5,20.5,20.5,0.0,0.0,
2013-10-24,20.5,20.5,20.5,20.5,0.0,0.0,
2013-10-25,20.5,20.5,20.5,20.5,0.0,0.0,
2013-10-28,20.5,20.5,20.5,20.5,0.0,0.0,
2013-10-29,20.5,20.5,20.5,20.5,0.0,0.0,
2013-10-30,20.5,20.5,20.5,20.5,0.0,0.0,
2013-10-31,20.5,20.5,20.5,20.5,0.0,0.0,
2013-11-01,20.5,20.5,20.5,20.5,0.0,0.0,
2013-11-04,20.5,20.5,20.5,20.5,0.0,0.0,
2013-11-05,20.5,20.5,20.5,20.5,0.0,0.0,
2013-11-06,20.5,20.5,20.5,20.5,0.0,0.0,
2013-11-07,20.5,20.5,20.5,20.5,0.0,0.0,
2013-11-08,20.5,20.5,20.5,20.5,0.0,0.0,
2013-11-11,20.5,20.5,20.5,20.5,0.0,0.0,
2013-11-12,20.5,20.5,20.5,20.5,0.0,0.0,
2013-11-13,20.5,20.5,20.5,20.5,0.0,0.0,
2013-11-14,20.5,20.5,20.5,20.5,0.0,0.0,
2013-11-15,20.5,20.5,20.5,20.5,0.0,0.0,
2013-11-18,20.5,20.5,20.5,20.5,0.0,0.0,
2013-11-19,20.5,20.5,20.5,20.5,0.0,0.0,
2013-11-20,20.5,20.5,20.5,20.5,0.0,0.0,
2013-11-21,20.5,20.5,20.5,20.5,0.0,0.0,
2013-11-22,20.5,20.5,20.5,20.5,0.0,0.0,
2013-11-25,20.5,20.5,20.5,20.5,0.0,0.0,
2013-11-26,20.5,20.5,20.5,20.5,0.0,0.0,
2013-11-27,20.5,20.5,20.5,20.5,0.0,0.0,
2013-11-28,20.5,20.5,20.5,20.5,0.0,0.0,
2013-11-29,20.5,20.5,20.5,20.5,0.0,0.0,
2013-12-02,20.5,20.5,20.5,20.5,0.0,0.0,
2013-12-03,20.5,20.5,20.5,20.5,0.0,0.0,
2013-12-04,20.5,20.5,20.5,20.5,0.0,0.0,
2013-12-05,20.5,20.5,20.5,20.5,0.0,0.0,
2013-12-06,20.5,20.5,20.5,20.5,0.0,0.0,
2013-12-09,20.5,20.5,20.5,20.5,0.0,0.0,
2013-12-10,20.5,20.5,20.5,20.5,0.0,0.0,
2013-12-11,20.5,20.5,20.5,20.5,0.0,0.0,
2013-12-12,20.5,20.5,20.5,20.5,0.0,0.0,
2013-12-13,20.5,20.5,20.5,20.5,0.0,0.0,
2013-12-16,20.5,20.5,20.5,20.5,0.0,0.0,
2013-12-17,20.5,20.5,20.5,20.5,0.0,0.0,
2013-12-18,20.5,20.5,20.5,20.5,0.0,0.0,
2013-12-19,20.5,20.5,20.5,20.5,0.0,0.0,
2013-12-20,20.5,20.5,20.5,20.5,0.0,0.0,
2013-12-23,20.5,20.5,20.5,20.5,0.0,0.0,
2013-12-24,20.5,20.5,20.5,20.5,0.0,0.0,
2013-12-27,20.5,20.5,20.5,20.5,0.0,0.0,
2013-12-30,20.5,20.5,20.5,20.5,0.0,0.0,
2013-12-31,20.5,20.5,20.5,20.5,0.0,0.0,
2014-01-02,20.5,20.5,20.5,20.5,0.0,0.0,
2014-01-03,20.5,20.5,20.5,20.5,0.0,0.0,
2014-01-06,20.5,20.5,20.5,20.5,0.0,0.0,
2014-01-07,20.5,20.5,20.5,20.5,0.0,0.0,
2014-01-08,20.5,20.5,20.5,20.5,0.0,0.0,
2014-01-09,20.5,20.5,20.5,20.5,0.0,0.0,
2014-01-10,20.5,20.5,20.5,20.5,0.0,0.0,
2014-01-13,20.5,20.5,20.5,20.5,0.0,0.0,
2014-01-14,20.5,20.5,20.5,20.5,0.0,0.0,
2014-01-15,20.5,20.5,20.5,20.5,0.0,0.0,
2014-01-16,20.5,20.5,20.5,20.5,0.0,0.0,
2014-01-17,20.5,20.5,20.5,20.5,0.0,0.0,
2014-01-20,20.5,20.5,20.5,20.5,0.0,0.0,
2014-01-21,20.5,20.5,20.5,20.5,0.0,0.0,
2014-01-22,20.5,20.5,20.5,20.5,0.0,0.0,
2014-01-23,20.5,20.5,20.5,20.5,0.0,0.0,
2014-01-24,20.5,20.5,20.5,20.5,0.0,0.0,
2014-01-27,20.5,20.5,20.5,20.5,0.0,0.0,
2014-01-28,20.5,20.5,20.5,20.5,0.0,0.0,
2014-01-29,20.5,20.5,20.5,20.5,0.0,0.0,
2014-01-30,20.5,20.5,20.5,20.5,0.0,0.0,
2014-01-31,20.5,20.5,20.5,20.5,0.0,0.0,
2014-02-03,20.5,20.5,20.5,20.5,0.0,0.0,
2014-02-04,20.5,20.5,20.5,20.5,0.0,0.0,
2014-02-05,20.5,20.5,20.5,20.5,0.0,0.0,
2014-02-06,20.5,20.5,20.5,20.5,0.0,0.0,
2014-02-07,20.5,20.5,20.5,20.5,0.0,0.0,
2014-02-10,20.5,20.5,20.5,20.5,0.0,0.0,
2014-02-11,20.5,20.5,20.5,20.5,0.0,0.0,
2014-02-12,20.5,20.5,20.5,20.5,0.0,0.0,
2014-02-13,20.5,20.5,20.5,20.5,0.0,0.0,
2014-02-14,20.5,20.5,20.5,20.5,0.0,0.0,
2014-02-17,20.5,20.5,20.5,20.5,0.0,0.0,
2014-02-18,20.5,20.5,20.5,20.5,0.0,0.0,
2014-02-19,20.5,20.5,20.5,20.5,0.0,0.0,
2014-02-20,20.5,20.5,20.5,20.5,0.0,0.0,
2014-02-21,20.5,20.5,20.5,20.5,0.0,0.0,
2014-02-24,20.5,20.5,20.5,20.5,0.0,0.0,
2014-02-25,20.5,20.5,20.5,20.5,0.0,0.0,
2014-02-26,20.5,20.5,20.5,20.5,0.0,0.0,
2014-02-27,20.5,20.5,20.5,20.5,0.0,0.0,
2014-02-28,20.5,20.5,20.5,20.5,0.0,0.0,
2014-03-03,20.5,20.5,20.5,20.5,0.0,0.0,
2014-03-04,20.5,20.5,20.5,20.5,0.0,0.0,
2014-03-05,20.5,20.5,20.5,20.5,0.0,0.0,
2014-03-06,20.5,20.5,20.5,20.5,0.0,0.0,
2014-03-07,20.5,20.5,20.5,20.5,0.0,0.0,
2014-03-10,20.5,20.5,20.5,20.5,0.0,0.0,
2014-03-11,20.5,20.5,20.5,20.5,0.0,0.0,
2014-03-12,20.5,20.5,20.5,20.5,0.0,0.0,
2014-03-13,20.5,20.5,20.5,20.5,0.0,0.0,
2014-03-14,20.5,20.5,20.5,20.5,0.0,0.0,
2014-03-17,20.5,20.5,20.5,20.5,0.0,0.0,
2014-03-18,20.5,20.5,20.5,20.5,0.0,0.0,
2014-03-19,20.5,20.5,20.5,20.5,0.0,0.0,
2014-03-20,20.5,20.5,20.5,20.5,0.0,0.0,
2014-03-21,20.5,20.5,20.5,20.5,0.0,0.0,
2014-03-24,20.5,20.5,20.5,20.5,0.0,0.0,
2014-03-25,20.5,20.5,20.5,20.5,0.0,0.0,
2014-03-26,20.5,20.5,20.5,20.5,0.0,0.0,
2014-03-27,20.5,20.5,20.5,20.5,0.0,0.0,
2014-03-28,20.5,20.5,20.5,20.5,0.0,0.0,
2014-03-31,20.5,20.5,20.5,20.5,0.0,0.0,
2014-04-01,20.5,20.5,20.5,20.5,0.0,0.0,
2014-04-02,20.5,20.5,20.5,20.5,0.0,0.0,
2014-04-03,20.5,20.5,20.5,20.5,0.0,0.0,
2014-04-04,20.5,20.5,20.5,20.5,0.0,0.0,
2014-04-07,20.5,20.5,20.5,20.5,0.0,0.0,
2014-04-08,20.5,20.5,20.5,20.5,0.0,0.0,
2014-04-09,20.5,20.5,20.5,20.5,0.0,0.0,
2014-04-10,20.5,20.5,20.5,20.5,0.0,0.0,
2014-04-11,20.5,20.5,20.5,20.5,0.0,0.0,
2014-04-14,20.5,20.5,20.5,20.5,0.0,0.0,
2014-04-15,20.5,20.5,20.5,20.5,0.0,0.0,
2014-04-16,20.5,20.5,20.5,20.5,0.0,0.0,
2014-04-17,20.5,20.5,20.5,20.5,0.0,0.0,
2014-04-22,20.5,20.5,20.5,20.5,0.0,0.0,
2014-04-23,20.5,20.5,20.5,20.5,0.0,0.0,
2014-04-24,20.5,20.5,20.5,20.5,0.0,0.0,
2014-04-25,20.5,20.5,20.5,20.5,0.0,0.0,
2014-04-28,20.5,20.5,20.5,20.5,0.0,0.0,
2014-04-29,20.5,20.5,20.5,20.5,0.0,0.0,
2014-04-30,20.5,20.5,20.5,20.5,0.0,0.0,
2014-05-01,20.5,20.5,20.5,20.5,0.0,0.0,
2014-05-02,20.5,20.5,20.5,20.5,0.0,0.0,
2014-05-05,20.5,20.5,20.5,20.5,0.0,0.0,
2014-05-06,20.5,20.5,20.5,20.5,0.0,0.0,
2014-05-07,20.5,20.5,20.5,20.5,0.0,0.0,
2014-05-08,20.5,20.5,20.5,20.5,0.0,0.0,
2014-05-09,20.5,20.5,20.5,20.5,0.0,0.0,
2014-05-12,20.5,20.5,20.5,20.5,0.0,0.0,
2014-05-13,20.5,20.5,20.5,20.5,0.0,0.0,
2014-05-14,20.5,20.5,20.5,20.5,0.0,0.0,
2014-05-15,20.5,20.5,20.5,20.5,0.0,0.0,
2014-05-16,20.5,20.5,20.5,20.5,0.0,0.0,
2014-05-19,20.5,20.5,20.5,20.5,0.0,0.0,
2014-05-20,20.5,20.5,20.5,20.5,0.0,0.0,
2014-05-21,20.5,20.5,20.5,20.5,0.0,0.0,
2014-05-22,20.5,20.5,20.5,20.5,0.0,0.0,
2014-05-23,20.5,20.5,20.5,20.5,0.0,0.0,
2014-05-26,20.5,20.5,20.5,20.5,0.0,0.0,
2014-05-27,20.5,20.5,20.5,20.5,0.0,0.0,
2014-05-28,20.5,20.5,20.5,20.5,0.0,0.0,
2014-05-29,20.5,20.5,20.5,20.5,0.0,0.0,
2014-05-30,20.5,20.5,20.5,20.5,0.0,0.0,
2014-06-02,20.5,20.5,20.5,20.5,0.0,0.0,
2014-06-03,20.5,20.5,20.5,20.5,0.0,0.0,
2014-06-04,20.5,20.5,20.5,20.5,0.0,0.0,
2014-06-05,20.5,20.5,20.5,20.5,0.0,0.0,
2014-06-06,20.5,20.5,20.5,20.5,0.0,0.0,
2014-06-09,20.5,20.5,20.5,20.5,0.0,0.0,
2014-06-10,20.5,20.5,20.5,20.5,0.0,0.0,
2014-06-11,20.5,20.5,20.5,20.5,0.0,0.0,
2014-06-12,20.5,20.5,20.5,20.5,0.0,0.0,
2014-06-13,20.5,20.5,20.5,20.5,0.0,0.0,
2014-06-16,20.5,20.5,20.5,20.5,0.0,0.0,
2014-06-17,20.5,20.5,20.5,20.5,0.0,0.0,
2014-06-18,20.5,20.5,20.5,20.5,0.0,0.0,
2014-06-19,20.5,20.5,20.5,20.5,0.0,0.0,
2014-06-20,20.5,20.5,20.5,20.5,0.0,0.0,
2014-06-23,20.5,20.5,20.5,20.5,0.0,0.0,
2014-06-24,20.5,20.5,20.5,20.5,0.0,0.0,
2014-06-25,20.5,20.5,20.5,20.5,0.0,0.0,
2014-06-26,20.5,20.5,20.5,20.5,0.0,0.0,
2014-06-27,20.5,20.5,20.5,20.5,0.0,0.0,
2014-06-30,20.5,20.5,20.5,20.5,0.0,0.0,
2014-07-01,20.5,20.5,20.5,20.5,0.0,0.0,
2014-07-02,20.5,20.5,20.5,20.5,0.0,0.0,
2014-07-03,20.5,20.5,20.5,20.5,0.0,0.0,
2014-07-04,20.5,20.5,20.5,20.5,0.0,0.0,
2014-07-07,20.5,20.5,20.5,20.5,0.0,0.0,
2014-07-08,20.5,20.5,20.5,20.5,0.0,0.0,
2014-07-09,20.5,20.5,20.5,20.5,0.0,0.0,
2014-07-10,20.5,20.5,20.5,20.5,0.0,0.0,
2014-07-11,20.5,20.5,20.5,20.5,0.0,0.0,
2014-07-14,20.5,20.5,20.5,20.5,0.0,0.0,
2014-07-15,20.5,20.5,20.5,20.5,0.0,0.0,
2014-07-16,20.5,20.5,20.5,20.5,0.0,0.0,
2014-07-17,20.5,20.5,20.5,20.5,0.0,0.0,
2014-07-18,20.5,20.5,20.5,20.5,0.0,0.0,
2014-07-21,20.5,20.5,20.5,20.5,0.0,0.0,
2014-07-22,20.5,20.5,20.5,20.5,0.0,0.0,
2014-07-23,20.5,20.5,20.5,20.5,0.0,0.0,
2014-07-24,20.5,20.5,20.5,20.5,0.0,0.0,
2014-07-25,20.5,20.5,20.5,20.5,0.0,0.0,
2014-07-28,20.5,20.5,20.5,20.5,0.0,0.0,
2014-07-29,20.5,20.5,20.5,20.5,0.0,0.0,
2014-07-30,20.5,20.5,20.5,20.5,0.0,0.0,
2014-07-31,20.5,20.5,20.5,20.5,0.0,0.0,
2014-08-01,20.5,20.5,20.5,20.5,0.0,0.0,
2014-08-04,20.5,20.5,20.5,20.5,0.0,0.0,
2014-08-05,20.5,20.5,20.5,20.5,0.0,0.0,
2014-08-06,20.5,20.5,20.5,20.5,0.0,0.0,
2014-08-07,20.5,20.5,20.5,20.5,0.0,0.0,
2014-08-08,20.5,20.5,20.5,20.5,0.0,0.0,
2014-08-11,20.5,20.5,20.5,20.5,0.0,0.0,
2014-08-12,20.5,20.5,20.5,20.5,0.0,0.0,
2014-08-13,20.5,20.5,20.5,20.5,0.0,0.0,
2014-08-14,20.5,20.5,20.5,20.5,0.0,0.0,
2014-08-15,20.5,20.5,20.5,20.5,0.0,0.0,
2014-08-18,20.5,20.5,20.5,20.5,0.0,0.0,
2014-08-19,20.5,20.5,20.5,20.5,0.0,0.0,
2014-08-20,20.5,20.5,20.5,20.5,0.0,0.0,
2014-08-21,20.5,20.5,20.5,20.5,0.0,0.0,
2014-08-22,20.5,20.5,20.5,20.5,0.0,0.0,
2014-08-25,20.5,20.5,20.5,20.5,0.0,0.0,
2014-08-26,20.5,20.5,20.5,20.5,0.0,0.0,
2014-08-27,20.5,20.5,20.5,20.5,0.0,0.0,
2014-08-28,20.5,20.5,20.5,20.5,0.0,0.0,
2014-08-29,20.5,20.5,20.5,20.5,0.0,0.0,
2014-09-01,20.5,20.5,20.5,20.5,0.0,0.0,
2014-09-02,20.5,20.5,20.5,20.5,0.0,0.0,
2014-09-03,20.5,20.5,20.5,20.5,0.0,0.0,
2014-09-04,20.5,20.5,20.5,20.5,0.0,0.0,
2014-09-05,20.5,20.5,20.5,20.5,0.0,0.0,
2014-09-08,20.5,20.5,20.5,20.5,0.0,0.0,
2014-09-09,20.5,20.5,20.5,20.5,0.0,0.0,
2014-09-10,20.5,20.5,20.5,20.5,0.0,0.0,
2014-09-11,20.5,20.5,20.5,20.5,0.0,0.0,
2014-09-12,20.5,20.5,20.5,20.5,0.0,0.0,
2014-09-15,20.5,20.5,20.5,20.5,0.0,0.0,
2014-09-16,20.5,20.5,20.5,20.5,0.0,0.0,
2014-09-17,20.5,20.5,20.5,20.5,0.0,0.0,
2014-09-18,20.5,20.5,20.5,20.5,0.0,0.0,
2014-09-19,20.5,20.5,20.5,20.5,0.0,0.0,
2014-09-22,20.5,20.5,20.5,20.5,0.0,0.0,
2014-09-23,20.5,20.5,20.5,20.5,0.0,0.0,
2014-09-24,20.5,20.5,20.5,20.5,0.0,0.0,
2014-09-25,20.5,20.5,20.5,20.5,0.0,0.0,
2014-09-26,20.5,20.5,20.5,20.5,0.0,0.0,
2014-09-29,20.5,20.5,20.5,20.5,0.0,0.0,
2014-09-30,20.5,20.5,20.5,20.5,0.0,0.0,
2014-10-01,20.5,20.5,20.5,20.5,0.0,0.0,
2014-10-02,20.5,20.5,20.5,20.5,0.0,0.0,
2014-10-03,20.5,20.5,20.5,20.5,0.0,0.0,
2014-10-06,20.5,20.5,20.5,20.5,0.0,0.0,
2014-10-07,20.5,20.5,20.5,20.5,0.0,0.0,
2014-10-08,20.5,20.5,20.5,20.5,0.0,0.0,
2014-10-09,20.5,20.5,20.5,20.5,0.0,0.0,
2014-10-10,20.5,20.5,20.5,20.5,0.0,0.0,
2014-10-13,20.5,20.5,20.5,20.5,0.0,0.0,
2014-10-14,20.5,20.5,20.5,20.5,0.0,0.0,
2014-10-15,20.5,20.5,20.5,20.5,0.0,0.0,
2014-10-16,20.5,20.5,20.5,20.5,0.0,0.0,
2014-10-17,20.5,20.5,20.5,20.5,0.0,0.0,
2014-10-20,20.5,20.5,20.5,20.5,0.0,0.0,
2014-10-21,20.5,20.5,20.5,20.5,0.0,0.0,
2014-10-22,20.5,20.5,20.5,20.5,0.0,0.0,
2014-10-23,20.5,20.5,20.5,20.5,0.0,0.0,
2014-10-24,20.5,20.5,20.5,20.5,0.0,0.0,
2014-10-27,20.5,20.5,20.5,20.5,0.0,0.0,
2014-10-28,20.5,20.5,20.5,20.5,0.0,0.0,
2014-10-29,20.5,20.5,20.5,20.5,0.0,0.0,
2014-10-30,20.5,20.5,20.5,20.5,0.0,0.0,
2014-10-31,20.5,20.5,20.5,20.5,0.0,0.0,
2014-11-03,20.5,20.5,20.5,20.5,0.0,0.0,
2014-11-04,20.5,20.5,20.5,20.5,0.0,0.0,
2014-11-05,20.5,20.5,20.5,20.5,0.0,0.0,
2014-11-06,20.5,20.5,20.5,20.5,0.0,0.0,
2014-11-07,20.5,20.5,20.5,20.5,0.0,0.0,
2014-11-10,20.5,20.5,20.5,20.5,0.0,0.0,
2014-11-11,20.5,20.5,20.5,20.5,0.0,0.0,
2014-11-12,20.5,20.5,20.5,20.5,0.0,0.0,
2014-11-13,20.5,20.5,20.5,20.5,0.0,0.0,
2014-11-14,20.5,20.5,20.5,20.5,0.0,0.0,
2014-11-17,20.5,20.5,20.5,20.5,0.0,0.0,
2014-11-18,20.5,20.5,20.5,20.5,0.0,0.0,
2014-11-19,20.5,20.5,20.5,20.5,0.0,0.0,
2014-11-20,20.5,20.5,20.5,20.5,0.0,0.0,
2014-11-21,20.5,20.5,20.5,20.5,0.0,0.0,
2014-11-24,20.5,20.5,20.5,20.5,0.0,0.0,
2014-11-25,20.5,20.5,20.5,20.5,0.0,0.0,
2014-11-26,20.5,20.5,20.5,20.5,0.0,0.0,
2014-11-27,20.5,20.5,20.5,20.5,0.0,0.0,
2014-11-28,20.5,20.5,20.5,20.5,0.0,0.0,
2014-12-01,20.5,20.5,20.5,20.5,0.0,0.0,
2014-12-02,20.5,20.5,20.5,20.5,0.0,0.0,
2014-12-03,20.5,20.5,20.5,20.5,0.0,0.0,
2014-12-04,20.5,20.5,20.5,20.5,0.0,0.0,
2014-12-05,20.5,20.5,20.5,20.5,0.0,0.0,
2014-12-08,20.5,20.5,20.5,20.5,0.0,0.0,
2014-12-09,20.5,20.5,20.5,20.5,0.0,0.0,
2014-12-10,20.5,20.5,20.5,20.5,0.0,0.0,
2014-12-11,20.5,20.5,20.5,20.5,0.0,0.0,
2014-12-12,20.5,20.5,20.5,20.5,0.0,0.0,
2014-12-15,20.5,20.5,20.5,20.5,0.0,0.0,
2014-12-16,20.5,20.5,20.5,20.5,0.0,0.0,
2014-12-17,20.5,20.5,20.5,20.5,0.0,0.0,
2014-12-18,20.5,20.5,20.5,20.5,0.0,0.0,
2014-12-19,20.5,20.5,20.5,20.5,0.0,0.0,
2014-12-22,20.5,20.5,20.5,20.5,0.0,0.0,
2014-12-23,20.5,20.5,20.5,20.5,0.0,0.0,
2014-12-24,20.5,20.5,20.5,20.5,0.0,0.0,
2014-12-29,20.5,20.5,20.5,20.5,0.0,0.0,
2014-12-30,20.5,20.5,20.5,20.5,0.0,0.0,
2014-12-31,20.5,20.5,20.5,20.5,0.0,0.0,
2015-01-02,20.5,20.5,20.5,20.5,0.0,0.0,
2015-01-05,20.5,20.5,20.5,20.5,0.0,0.0,
2015-01-06,20.5,20.5,20.5,20.5,0.0,0.0,
2015-01-07,20.5,20.5,20.5,20.5,0.0,0.0,
2015-01-08,20.5,20.5,20.5,20.5,0.0,0.0,
2015-01-09,20.5,20.5,20.5,20.5,0.0,0.0,
2015-01-12,20.5,20.5,20.5,20.5,0.0,0.0,
2015-01-13,20.5,20.5,20.5,20.5,0.0,0.0,
2015-01-14,20.5,20.5,20.5,20.5,0.0,0.0,
2015-01-15,20.5,20.5,20.5,20.5,0.0,0.0,
2015-01-16,20.5,20.5,20.5,20.5,0.0,0.0,
2015-01-19,20.5,20.5,20.5,20.5,0.0,0.0,
2015-01-20,20.5,20.5,20.5,20.5,0.0,0.0,
2015-01-21,20.5,20.5,20.5,20.5,0.0,0.0,
2015-01-22,20.5,20.5,20.5,20.5,0.0,0.0,
2015-01-23,20.5,20.5,20.5,20.5,0.0,0.0,
2015-01-26,20.5,20.5,20.5,20.5,0.0,0.0,
2015-01-27,20.5,20.5,20.5,20.5,0.0,0.0,
2015-01-28,20.5,20.5,20.5,20.5,0.0,0.0,
2015-01-29,20.5,20.5,20.5,20.5,0.0,0.0,
2015-01-30,20.5,20.5,20.5,20.5,0.0,0.0,
2015-02-02,20.5,20.5,20.5,20.5,0.0,0.0,
2015-02-03,20.5,20.5,20.5,20.5,0.0,0.0,
2015-02-04,20.5,20.5,20.5,20.5,0.0,0.0,
2015-02-05,20.5,20.5,20.5,20.5,0.0,0.0,
2015-02-06,20.5,20.5,20.5,20.5,0.0,0.0,
2015-02-09,20.5,20.5,20.5,20.5,0.0,0.0,
2015-02-10,20.5,20.5,20.5,20.5,0.0,0.0,
2015-02-11,20.5,20.5,20.5,20.5,0.0,0.0,
2015-02-12,20.5,20.5,20.5,20.5,0.0,0.0,
2015-02-13,20.5,20.5,20.5,20.5,0.0,0.0,
2015-02-16,20.5,20.5,20.5,20.5,0.0,0.0,
2015-02-17,20.5,20.5,20.5,20.5,0.0,0.0,
2015-02-18,20.5,20.5,20.5,20.5,0.0,0.0,
2015-02-19,20.5,20.5,20.5,20.5,0.0,0.0,
2015-02-20,20.5,20.5,20.5,20.5,0.0,0.0,
2015-02-23,20.5,20.5,20.5,20.5,0.0,0.0,
2015-02-24,20.5,20.5,20.5,20.5,0.0,0.0,
2015-02-25,20.5,20.5,20.5,20.5,0.0,0.0,
2015-02-26,20.5,20.5,20.5,20.5,0.0,0.0,
2015-02-27,20.5,20.5,20.5,20.5,0.0,0.0,
2015-03-02,20.5,20.5,20.5,20.5,0.0,0.0,
2015-03-03,20.5,20.5,20.5,20.5,0.0,0.0,
2015-03-04,20.5,20.5,20.5,20.5,0.0,0.0,
2015-03-05,20.5,20.5,20.5,20.5,0.0,0.0,
2015-03-06,20.5,20.5,20.5,20.5,0.0,0.0,
2015-03-09,20.5,20.5,20.5,20.5,0.0,0.0,
2015-03-10,20.5,20.5,20.5,20.5,0.0,0.0,
2015-03-11,20.5,20.5,20.5,20.5,0.0,0.0,
2015-03-12,20.5,20.5,20.5,20.5,0.0,0.0,
2015-03-13,20.5,20.5,20.5,20.5,0.0,0.0,
2015-03-16,20.5,20.5,20.5,20.5,0.0,0.0,
2015-03-17,20.5,20.5,20.5,20.5,0.0,0.0,
2015-03-18,20.5,20.5,20.5,20.5,0.0,0.0,
2015-03-19,20.5,20.5,20.5,20.5,0.0,0.0,
2015-03-20,20.5,20.5,20.5,20.5,0.0,0.0,
2015-03-23,20.5,20.5,20.5,20.5,0.0,0.0,
2015-03-24,20.5,20.5,20.5,20.5,0.0,0.0,
2015-03-25,20.5,20.5,20.5,20.5,0.0,0.0,
2015-03-26,20.5,20.5,20.5,20.5,0.0,0.0,
2015-03-27,20.5,20.5,20.5,20.5,0.0,0.0,
2015-03-30,20.5,20.5,20.5,20.5,0.0,0.0,
2015-03-31,20.5,20.5,20.5,20.5,0.0,0.0,
2015-04-01,20.5,20.5,20.5,20.5,0.0,0.0,
2015-04-02,20.5,20.5,20.5,20.5,0.0,0.0,
2015-04-06,20.5,20.5,20.5,20.5,0.0,0.0,
2015-04-07,20.5,20.5,20.5,20.5,0.0,0.0,
2015-04-08,20.5,20.5,20.5,20.5,0.0,0.0,
2015-04-09,20.5,20.5,20.5,20.5,0.0,0.0,
2015-04-10,20.5,20.5,20.5,20.5,0.0,0.0,
2015-04-13,20.5,20.5,20.5,20.5,0.0,0.0,
2015-04-14,20.5,20.5,20.5,20.5,0.0,0.0,
2015-04-15,20.5,20.5,20.5,20.5,0.0,0.0,
2015-04-16,20.5,20.5,20.5,20.5,0.0,0.0,
2015-04-17,20.5,20.5,20.5,20.5,0.0,0.0,
2015-04-20,20.5,20.5,20.5,20.5,0.0,0.0,
2015-04-21,20.5,20.5,20.5,20.5,0.0,0.0,
2015-04-22,20.5,20.5,20.5,20.5,0.0,0.0,
2015-04-23,20.5,20.5,20.5,20.5,0.0,0.0,
2015-04-24,20.5,20.5,20.5,20.5,0.0,0.0,
2015-04-27,20.5,20.5,20.5,20.5,0.0,0.0,
2015-04-28,20.5,20.5,20.5,20.5,0.0,0.0,
2015-04-29,20.5,20.5,20.5,20.5,0.0,0.0,
2015-04-30,20.5,20.5,20.5,20.5,0.0,0.0,
2015-05-01,20.5,20.5,20.5,20.5,0.0,0.0,
2015-05-04,20.5,20.5,20.5,20.5,0.0,0.0,
2015-05-05,20.5,20.5,20.5,20.5,0.0,0.0,
2015-05-06,20.5,20.5,20.5,20.5,0.0,0.0,
2015-05-07,20.5,20.5,20.5,20.5,0.0,0.0,
2015-05-08,20.5,20.5,20.5,20.5,0.0,0.0,
2015-05-11,20.5,20.5,20.5,20.5,0.0,0.0,
2015-05-12,20.5,20.5,20.5,20.5,0.0,0.0,
2015-05-13,20.5,20.5,20.5,20.5,0.0,0.0,
2015-05-14,20.5,20.5,20.5,20.5,0.0,0.0,
2015-05-15,20.5,20.5,20.5,20.5,0.0,0.0,
2015-05-18,20.5,20.5,20.5,20.5,0.0,0.0,
2015-05-19,20.5,20.5,20.5,20.5,0.0,0.0,
2015-05-20,20.5,20.5,20.5,20.5,0.0,0.0,
2015-05-21,20.5,20.5,20.5,20.5,0.0,0.0,
2015-05-22,20.5,20.5,20.5,20.5,0.0,0.0,
2015-05-25,20.5,20.5,20.5,20.5,0.0,0.0,
2015-05-26,20.5,20.5,20.5,20.5,0.0,0.0,
2015-05-27,20.5,20.5,20.5,20.5,0.0,0.0,
2015-05-28,20.5,20.5,20.5,20.5,0.0,0.0,
2015-05-29,20.5,20.5,20.5,20.5,0.0,0.0,
2015-06-01,20.5,20.5,20.5,20.5,0.0,0.0,
2015-06-02,20.5,20.5,20.5,20.5,0.0,0.0,
2015-06-03,20.5,20.5,20.5,20.5,0.0,0.0,
2015-06-04,20.5,20.5,20.5,20.5,0.0,0.0,
2015-06-05,20.5,20.5,20.5,20.5,0.0,0.0,
2015-06-08,20.5,20.5,20.5,20.5,0.0,0.0,
2015-06-09,20.5,20.5,20.5,20.5,0.0,0.0,
2015-06-10,20.5,20.5,20.5,20.5,0.0,0.0,
2015-06-11,20.5,20.5,20.5,20.5,0.0,0.0,
2015-06-12,20.5,20.5,20.5,20.5,0.0,0.0,
2015-06-15,20.5,20.5,20.5,20.5,0.0,0.0,
2015-06-16,20.5,20.5,20.5,20.5,0.0,0.0,
2015-06-17,20.5,20.5,20.5,20.5,0.0,0.0,
2015-06-18,20.5,20.5,20.5,20.5,0.0,0.0,
2015-06-19,20.5,20.5,20.5,20.5,0.0,0.0,
2015-06-22,20.5,20.5,20.5,20.5,0.0,0.0,
2015-06-23,20.5,20.5,20.5,20.5,0.0,0.0,
2015-06-24,20.5,20.5,20.5,20.5,0.0,0.0,
2015-06-25,20.5,20.5,20.5,20.5,0.0,0.0,
2015-06-26,20.5,20.5,20.5,20.5,0.0,0.0,
2015-06-29,20.5,20.5,20.5,20.5,0.0,0.0,
2015-06-30,20.5,20.5,20.5,20.5,0.0,0.0,
2015-07-01,20.5,20.5,20.5,20.5,0.0,0.0,
2015-07-02,20.5,20.5,20.5,20.5,0.0,0.0,
2015-07-03,20.5,20.5,20.5,20.5,0.0,0.0,
2015-07-06,20.5,20.5,20.5,20.5,0.0,0.0,
2015-07-07,20.5,20.5,20.5,20.5,0.0,0.0,
2015-07-08,20.5,20.5,20.5,20.5,0.0,0.0,
2015-07-09,20.5,20.5,20.5,20.5,0.0,0.0,
2015-07-10,20.5,20.5,20.5,20.5,0.0,0.0,
2015-07-13,20.5,20.5,20.5,20.5,0.0,0.0,
2015-07-14,20.5,20.5,20.5,20.5,0.0,0.0,
2015-07-15,20.5,20.5,20.5,20.5,0.0,0.0,
2015-07-16,20.5,20.5,20.5,20.5,0.0,0.0,
2015-07-17,20.5,20.5,20.5,20.5,0.0,0.0,
2015-07-20,20.5,20.5,20.5,20.5,0.0,0.0,
2015-07-21,20.5,20.5,20.5,20.5,0.0,0.0,
2015-07-22,20.5,20.5,20.5,20.5,0.0,0.0,
2015-07-23,20.5,20.5,20.5,20.5,0.0,0.0,
2015-07-24,20.5,20.5,20.5,20.5,0.0,0.0,
2015-07-27,20.5,20.5,20.5,20.5,0.0,0.0,
2015-07-28,20.5,20.5,20.5,20.5,0.0,0.0,
2015-07-29,20.5,20.5,20.5,20.5,0.0,0.0,
2015-07-30,20.5,20.5,20.5,20.5,0.0,0.0,
2015-07-31,20.5,20.5,20.5,20.5,0.0,0.0,
2015-08-03,20.5,20.5,20.5,20.5,0.0,0.0,
2015-08-04,20.5,20.5,20.5,20.5,0.0,0.0,
2015-08-05,20.5,20.5,20.5,20.5,0.0,0.0,
2015-08-06,20.5,20.5,20.5,20.5,0.0,0.0,
2015-08-07,20.5,20.5,20.5,20.5,0.0,0.0,
2015-08-10,20.5,20.5,20.5,20.5,0.0,0.0,
2015-08-11,20.5,20.5,20.5,20.5,0.0,0.0,
2015-08-12,20.5,20.5,20.5,20.5,0.0,0.0,
2015-08-13,20.5,20.5,20.5,20.5,0.0,0.0,
2015-08-14,20.5,20.5,20.5,20.5,0.0,0.0,
2015-08-17,20.5,20.5,20.5,20.5,0.0,0.0,
2015-08-18,20.5,20.5,20.5,20.5,0.0,0.0,
2015-08-19,20.5,20.5,20.5,20.5,0.0,0.0,
2015-08-20,20.5,20.5,20.5,20.5,0.0,0.0,
2015-08-21,20.5,20.5,20.5,20.5,0.0,0.0,
2015-08-24,20.5,20.5,20.5,20.5,0.0,0.0,
2015-08-25,20.5,20.5,20.5,20.5,0.0,0.0,
2015-08-26,20.5,20.5,20.5,20.5,0.0,0.0,
2015-08-27,20.5,20.5,20.5,20.5,0.0,0.0,
2015-08-28,20.5,20.5,20.5,20.5,0.0,0.0,
2015-08-31,20.5,20.5,20.5,20.5,0.0,0.0,
2015-09-01,20.5,20.5,20.5,20.5,0.0,0.0,
2015-09-02,20.5,20.5,20.5,20.5,0.0,0.0,
2015-09-03,20.5,20.5,20.5,20.5,0.0,0.0,
2015-09-04,20.5,20.5,20.5,20.5,0.0,0.0,
2015-09-07,20.5,20.5,20.5,20.5,0.0,0.0,
2015-09-08,20.5,20.5,20.5,20.5,0.0,0.0,
2015-09-09,20.5,20.5,20.5,20.5,0.0,0.0,
2015-09-10,20.5,20.5,20.5,20.5,0.0,0.0,
2015-09-11,20.5,20.5,20.5,20.5,0.0,0.0,
2015-09-14,20.5,20.5,20.5,20.5,0.0,0.0,
2015-09-15,20.5,20.5,20.5,20.5,0.0,0.0,
2015-09-16,20.5,20.5,20.5,20.5,0.0,0.0,
2015-09-17,20.5,20.5,20.5,20.5,0.0,0.0,
2015-09-18,20.5,20.5,20.5,20.5,0.0,0.0,
2015-09-21,20.5,20.5,20.5,20.5,0.0,0.0,
2015-09-22,20.5,20.5,20.5,20.5,0.0,0.0,
2015-09-23,20.5,20.5,20.5,20.5,0.0,0.0,
2015-09-24,20.5,20.5,20.5,20.5,0.0,0.0,
2015-09-25,20.5,20.5,20.5,20.5,0.0,0.0,
2015-09-28,20.5,20.5,20.5,20.5,0.0,0.0,
2015-09-29,20.5,20.5,20.5,20.5,0.0,0.0,
2015-09-30,20.5,20.5,20.5,20.5,0.0,0.0,
2015-10-01,20.5,20.5,20.5,20.5,0.0,0.0,
2015-10-02,20.5,20.5,20.5,20.5,0.0,0.0,
2015-10-05,20.5,20.5,20.5,20.5,0.0,0.0,
2015-10-06,20.5,20.5,20.5,20.5,0.0,0.0,
2015-10-07,20.5,20.5,20.5,20.5,0.0,0.0,
2015-10-08,20.5,20.5,20.5,20.5,0.0,0.0,
2015-10-09,20.5,20.5,20.5,20.5,0.0,0.0,
2015-10-12,20.5,20.5,20.5,20.5,0.0,0.0,
2015-10-13,20.5,20.5,20.5,20.5,0.0,0.0,
2015-10-14,20.5,20.5,20.5,20.5,0.0,0.0,
2015-10-15,20.5,20.5,20.5,20.5,0.0,0.0,
2015-10-16,20.5,20.5,20.5,20.5,0.0,0.0,
2015-10-19,20.5,20.5,20.5,20.5,0.0,0.0,
2015-10-20,20.5,20.5,20.5,20.5,0.0,0.0,
2015-10-21,20.5,20.5,20.5,20.5,0.0,0.0,
2015-10-22,20.5,20.5,20.5,20.5,0.0,0.0,
2015-10-23,20.5,20.5,20.5,20.5,0.0,0.0,
2015-10-26,20.5,20.5,20.5,20.5,0.0,0.0,
2015-10-27,20.5,20.5,20.5,20.5,0.0,0.0,
2015-10-28,20.5,20.5,20.5,20.5,0.0,0.0,
2015-10-29,20.5,20.5,20.5,20.5,0.0,0.0,
2015-10-30,20.5,20.5,20.5,20.5,0.0,0.0,
2015-11-02,20.5,20.5,20.5,20.5,0.0,0.0,
2015-11-03,20.5,20.5,20.5,20.5,0.0,0.0,
2015-11-04,20.5,20.5,20.5,20.5,0.0,0.0,
2015-11-05,20.5,20.5,20.5,20.5,0.0,0.0,
2015-11-06,20.5,20.5,20.5,20.5,0.0,0.0,
2015-11-09,20.5,20.5,20.5,20.5,0.0,0.0,
2015-11-10,20.5,20.5,20.5,20.5,0.0,0.0,
2015-11-11,20.5,20.5,20.5,20.5,0.0,0.0,
2015-11-12,20.5,20.5,20.5,20.5,0.0,0.0,
2015-11-13,20.5,20.5,20.5,20.5,0.0,0.0,
2015-11-16,20.5,20.5,20.5,20.5,0.0,0.0,
2015-11-17,20.5,20.5,20.5,20.5,0.0,0.0,
2015-11-18,20.5,20.5,20.5,20.5,0.0,0.0,
2015-11-19,20.5,20.5,20.5,20.5,0.0,0.0,
2015-11-20,20.5,20.5,20.5,20.5,0.0,0.0,
2015-11-23,20.5,20.5,20.5,20.5,0.0,0.0,
2015-11-24,20.5,20.5,20.5,20.5,0.0,0.0,
2015-11-25,20.5,20.5,20.5,20.5,0.0,0.0,
2015-11-26,20.5,20.5,20.5,20.5,0.0,0.0,
2015-11-27,20.5,20.5,20.5,20.5,0.0,0.0,
2015-11-30,20.5,20.5,20.5,20.5,0.0,0.0,
2015-12-01,20.5,20.5,20.5,20.5,0.0,0.0,
2015-12-02,20.5,20.5,20.5,20.5,0.0,0.0,
2015-12-03,20.5,20.5,20.5,20.5,0.0,0.0,
2015-12-04,20.5,20.5,20.5,20.5,0.0,0.0,
2015-12-07,20.5,20.5,20.5,20.5,0.0,0.0,
2015-12-08,20.5,20.5,20.5,20.5,0.0,0.0,
2015-12-09,20.5,20.5,20.5,20.5,0.0,0.0,
2015-12-10,20.5,20.5,20.5,20.5,0.0,0.0,
2015-12-11,20.5,20.5,20.5,20.5,0.0,0.0,
2015-12-14,20.5,20.5,20.5,20.5,0.0,0.0,
2015-12-15,20.5,20.5,20.5,20.5,0.0,0.0,
2015-12-16,20.5,20.5,20.5,20.5,0.0,0.0,
2015-12-17,20.5,20.5,20.5,20.5,0.0,0.0,
2015-12-18,20.5,20.5,20.5,20.5,0.0,0.0,
2015-12-21,20.5,20.5,20.5,20.5,0.0,0.0,
2015-12-22,20.5,20.5,20.5,20.5,0.0,0.0,
2015-12-23,20.5,20.5,20.5,20.5,0.0,0.0,
2015-12-24,20.5,20.5,20.5,20.5,0.0,0.0,
2015-12-28,20.5,20.5,20.5,20.5,0.0,0.0,
2015-12-29,20.5,20.5,20.5,20.5,0.0,0.0,
2015-12-30,20.5,20.5,20.5,20.5,0.0,0.0,
2015-12-31,20.5,20.5,20.5,20.5,0.0,0.0,
2016-01-04,20.5,20.5,20.5,20.5,0.0,0.0,
2016-01-05,20.5,20.5,20.5,20.5,0.0,0.0,
2016-01-06,20.5,20.5,20.5,20.5,0.0,0.0,
2016-01-07,20.5,20.5,20.5,20.5,0.0,0.0,
2016-01-08,20.5,20.5,20.5,20.5,0.0,0.0,
2016-01-11,20.5,20.5,20.5,20.5,0.0,0.0,
2016-01-12,20.5,20.5,20.5,20.5,0.0,0.0,
2016-01-13,20.5,20.5,20.5,20.5,0.0,0.0,
2016-01-14,20.5,20.5,20.5,20.5,0.0,0.0,
2016-01-15,20.5,20.5,20.5,20.5,0.0,0.0,
2016-01-18,20.5,20.5,20.5,20.5,0.0,0.0,
2016-01-19,20.5,20.5,20.5,20.5,0.0,0.0,
2016-01-20,20.5,20.5,20.5,20.5,0.0,0.0,
2016-01-21,20.5,20.5,20.5,20.5,0.0,0.0,
2016-01-22,20.5,20.5,20.5,20.5,0.0,0.0,
2016-01-25,20.5,20.5,20.5,20.5,0.0,0.0,
2016-01-26,20.5,20.5,20.5,20.5,0.0,0.0,
2016-01-27,20.5,20.5,20.5,20.5,0.0,0.0,
2016-01-28,20.5,20.5,20.5,20.5,0.0,0.0,
2016-01-29,20.5,20.5,20.5,20.5,0.0,0.0,
2016-02-01,20.5,20.5,20.5,20.5,0.0,0.0,
2016-02-02,20.5,20.5,20.5,20.5,0.0,0.0,
2016-02-03,20.5,20.5,20.5,20.5,0.0,0.0,
2016-02-04,20.5,20.5,20.5,20.5,0.0,0.0,
2016-02-05,20.5,20.5,20.5,20.5,0.0,0.0,
2016-02-08,20.5,20.5,20.5,20.5,0.0,0.0,
2016-02-09,20.5,20.5,20.5,20.5,0.0,0.0,
2016-02-10,20.5,20.5,20.5,20.5,0.0,0.0,
2016-02-11,20.5,20.5,20.5,20.5,0.0,0.0,
2016-02-12,20.5,20.5,20.5,20.5,0.0,0.0,
2016-02-15,20.5,20.5,20.5,20.5,0.0,0.0,
2016-02-16,20.5,20.5,20.5,20.5,0.0,0.0,
2016-02-17,20.5,20.5,20.5,20.5,0.0,0.0,
2016-02-18,20.5,20.5,20.5,20.5,0.0,0.0,
2016-02-19,20.5,20.5,20.5,20.5,0.0,0.0,
2016-02-22,20.5,20.5,20.5,20.5,0.0,0.0,
2016-02-23,20.5,20.5,20.5,20.5,0.0,0.0,
2016-02-24,20.5,20.5,20.5,20.5,0.0,0.0,
2016-02-25,20.5,20.5,20.5,20.5,0.0,0.0,
2016-02-26,20.5,20.5,20.5,20.5,0.0,0.0,
2016-02-29,20.5,20.5,20.5,20.5,0.0,0.0,
2016-03-01,20.5,20.5,20.5,20.5,0.0,0.0,
2016-03-02,20.5,20.5,20.5,20.5,0.0,0.0,
2016-03-03,20.5,20.5,20.5,20.5,0.0,0.0,
2016-03-04,20.5,20.5,20.5,20.5,0.0,0.0,
2016-03-07,20.5,20.5,20.5,20.5,0.0,0.0,
2016-03-08,20.5,20.5,20.5,20.5,0.0,0.0,
2016-03-09,20.5,20.5,20.5,20.5,0.0,0.0,
2016-03-10,20.5,20.5,20.5,20.5,0.0,0.0,
2016-03-11,20.5,20.5,20.5,20.5,0.0,0.0,
2016-03-14,20.5,20.5,20.5,20.5,0.0,0.0,
2016-03-15,20.5,20.5,20.5,20.5,0.0,0.0,
2016-03-16,20.5,20.5,20.5,20.5,0.0,0.0,
2016-03-17,20.5,20.5,20.5,20.5,0.0,0.0,
2016-03-18,20.5,20.5,20.5,20.5,0.0,0.0,
2016-03-21,20.5,20.5,20.5,20.5,0.0,0.0,
2016-03-22,20.5,20.5,20.5,20.5,0.0,0.0,
2016-03-23,20.5,20.5,20.5,20.5,0.0,0.0,
2016-03-24,20.5,20.5,20.5,20.5,0.0,0.0,
2016-03-28,20.5,20.5,20.5,20.5,0.0,0.0,
2016-03-29,20.5,20.5,20.5,20.5,0.0,0.0,
2016-03-30,20.5,20.5,20.5,20.5,0.0,0.0,
2016-03-31,20.5,20.5,20.5,20.5,0.0,0.0,
2016-04-01,20.5,20.5,20.5,20.5,0.0,0.0,
2016-04-04,20.5,20.5,20.5,20.5,0.0,0.0,
2016-04-05,20.5,20.5,20.5,20.5,0.0,0.0,
2016-04-06,20.5,20.5,20.5,20.5,0.0,0.0,
2016-04-07,20.5,20.5,20.5,20.5,0.0,0.0,
2016-04-08,20.5,20.5,20.5,20.5,0.0,0.0,
2016-04-11,20.5,20.5,20.5,20.5,0.0,0.0,
2016-04-12,20.5,20.5,20.5,20.5,0.0,0.0,
2016-04-13,20.5,20.5,20.5,20.5,0.0,0.0,
2016-04-14,20.5,20.5,20.5,20.5,0.0,0.0,
2016-04-15,20.5,20.5,20.5,20.5,0.0,0.0,
2016-04-18,20.5,20.5,20.5,20.5,0.0,0.0,
2016-04-19,20.5,20.5,20.5,20.5,0.0,0.0,
2016-04-20,20.5,20.5,20.5,20.5,0.0,0.0,
2016-04-21,20.5,20.5,20.5,20.5,0.0,0.0,
2016-04-22,20.5,20.5,20.5,20.5,0.0,0.0,
2016-04-25,20.5,20.5,20.5,20.5,0.0,0.0,
2016-04-26,20.5,20.5,20.5,20.5,0.0,0.0,
2016-04-27,20.5,20.5,20.5,20.5,0.0,0.0,
2016-04-28,20.5,20.5,20.5,20.5,0.0,0.0,
2016-04-29,20.5,20.5,20.5,20.5,0.0,0.0,
2016-05-02,20.5,20.5,20.5,20.5,0.0,0.0,
2016-05-03,20.5,20.5,20.5,20.5,0.0,0.0,
2016-05-04,20.5,20.5,20.5,20.5,0.0,0.0,
2016-05-05,20.5,20.5,20.5,20.5,0.0,0.0,
2016-05-06,20.5,20.5,20.5,20.5,0.0,0.0,
2016-05-09,20.5,20.5,20.5,20.5,0.0,0.0,
2016-05-10,20.5,20.5,20.5,20.5,0.0,0.0,
2016-05-11,20.5,20.5,20.5,20.5,0.0,0.0,
2016-05-12,20.5,20.5,20.5,20.5,0.0,0.0,
2016-05-13,20.5,20.5,20.5,20.5,0.0,0.0,
2016-05-16,20.5,20.5,20.5,20.5,0.0,0.0,
2016-05-17,20.5,20.5,20.5,20.5,0.0,0.0,
2016-05-18,20.5,20.5,20.5,20.5,0.0,0.0,
2016-05-19,20.5,20.5,20.5,20.5,0.0,0.0,
2016-05-20,20.5,20.5,20.5,20.5,0.0,0.0,
2016-05-23,20.5,20.5,20.5,20.5,0.0,0.0,
2016-05-24,20.5,20.5,20.5,20.5,0.0,0.0,
2016-05-25,20.5,20.5,20.5,20.5,0.0,0.0,
2016-05-26,20.5,20.5,20.5,20.5,0.0,0.0,
2016-05-27,20.5,20.5,20.5,20.5,0.0,0.0,
2016-05-30,20.5,20.5,20.5,20.5,0.0,0.0,
2016-05-31,20.5,20.5,20.5,20.5,0.0,0.0,
2016-06-01,20.5,20.5,20.5,20.5,0.0,0.0,
2016-06-02,20.5,20.5,20.5,20.5,0.0,0.0,
2016-06-03,20.5,20.5,20.5,20.5,0.0,0.0,
2016-06-06,20.5,20.5,20.5,20.5,0.0,0.0,
2016-06-07,20.5,20.5,20.5,20.5,0.0,0.0,
2016-06-08,20.5,20.5,20.5,20.5,0.0,0.0,
2016-06-09,20.5,20.5,20.5,20.5,0.0,0.0,
2016-06-10,20.5,20.5,20.5,20.5,0.0,0.0,
2016-06-13,20.5,20.5,20.5,20.5,0.0,0.0,
2016-06-14,20.5,20.5,20.5,20.5,0.0,0.0,
2016-06-15,20.5,20.5,20.5,20.5,0.0,0.0,
2016-06-16,20.5,20.5,20.5,20.5,0.0,0.0,
2016-06-17,20.5,20.5,20.5,20.5,0.0,0.0,
2016-06-20,20.5,20.5,20.5,20.5,0.0,0.0,
2016-06-21,20.5,20.5,20.5,20.5,0.0,0.0,
2016-06-22,20.5,20.5,20.5,20.5,0.0,0.0,
2016-06-23,20.5,20.5,20.5,20.5,0.0,0.0,
2016-06-24,20.5,20.5,20.5,20.5,0.0,0.0,
2016-06-27,20.5,20.5,20.5,20.5,0.0,0.0,
2016-06-28,20.5,20.5,20.5,20.5,0.0,0.0,
2016-06-29,20.5,20.5,20.5,20.5,0.0,0.0,
2016-06-30,20.5,20.5,20.5,20.5,0.0,0.0,
2016-07-01,20.5,20.5,20.5,20.5,0.0,0.0,
2016-07-04,20.5,20.5,20.5,20.5,0.0,0.0,
2016-07-05,20.5,20.5,20.5,20.5,0.0,0.0,
2016-07-06,20.5,20.5,20.5,20.5,0.0,0.0,
2016-07-07,20.5,20.5,20.5,20.5,0.0,0.0,
2016-07-08,20.5,20.5,20.5,20.5,0.0,0.0,
2016-07-11,20.5,20.5,20.5,20.5,0.0,0.0,
2016-07-12,20.5,20.5,20.5,20.5,0.0,0.0,
2016-07-13,20.5,20.5,20.5,20.5,0.0,0.0,
2016-07-14,20.5,20.5,20.5,20.5,0.0,0.0,
2016-07-15,20.5,20.5,20.5,20.5,0.0,0.0,
2016-07-18,20.5,20.5,20.5,20.5,0.0,0.0,
2016-07-19,20.5,20.5,20.5,20.5,0.0,0.0,
2016-07-20,20.5,20.5,20.5,20.5,0.0,0.0,
2016-07-21,20.5,20.5,20.5,20.5,0.0,0.0,
2016-07-22,20.5,20.5,20.5,20.5,0.0,0.0,
2016-07-25,20.5,20.5,20.5,20.5,0.0,0.0,
2016-07-26,20.5,20.5,20.5,20.5,0.0,0.0,
2016-07-27,20.5,20.5,20.5,20.5,0.0,0.0,
2016-07-28,20.5,20.5,20.5,20.5,0.0,0.0,
2016-07-29,20.5,20.5,20.5,20.5,0.0,0.0,
2016-08-01,20.5,20.5,20.5,20.5,0.0,0.0,
2016-08-02,20.5,20.5,20.5,20.5,0.0,0.0,
2016-08-03,20.5,20.5,20.5,20.5,0.0,0.0,
2016-08-04,20.5,20.5,20.5,20.5,0.0,0.0,
2016-08-05,20.5,20.5,20.5,20.5,0.0,0.0,
2016-08-08,20.5,20.5,20.5,20.5,0.0,0.0,
2016-08-09,20.5,20.5,20.5,20.5,0.0,0.0,
2016-08-10,20.5,20.5,20.5,20.5,0.0,0.0,
2016-08-11,20.5,20.5,20.5,20.5,0.0,0.0,
2016-08-12,20.5,20.5,20.5,20.5,0.0,0.0,
2016-08-15,20.5,20.5,20.5,20.5,0.0,0.0,
2016-08-16,20.5,20.5,20.5,20.5,0.0,0.0,
2016-08-17,20.5,20.5,20.5,20.5,0.0,0.0,
2016-08-18,20.5,20.5,20.5,20.5,0.0,0.0,
2016-08-19,20.5,20.5,20.5,20.5,0.0,0.0,
2016-08-22,20.5,20.5,20.5,20.5,0.0,0.0,
2016-08-23,20.5,20.5,20.5,20.5,0.0,0.0,
2016-08-24,20.5,20.5,20.5,20.5,0.0,0.0,
2016-08-25,20.5,20.5,20.5,20.5,0.0,0.0,
2016-08-26,20.5,20.5,20.5,20.5,0.0,0.0,
2016-08-29,20.5,20.5,20.5,20.5,0.0,0.0,
2016-08-30,20.5,20.5,20.5,20.5,0.0,0.0,
2016-08-31,20.5,20.5,20.5,20.5,0.0,0.0,
2016-09-01,20.5,20.5,20.5,20.5,0.0,0.0,
2016-09-02,20.5,20.5,20.5,20.5,0.0,0.0,
2016-09-05,20.5,20.5,20.5,20.5,0.0,0.0,
2016-09-06,20.5,20.5,20.5,20.5,0.0,0.0,
2016-09-07,20.5,20.5,20.5,20.5,0.0,0.0,
2016-09-08,20.5,20.5,20.5,20.5,0.0,0.0,
2016-09-09,20.5,20.5,20.5,20.5,0.0,0.0,
2016-09-12,20.5,20.5,20.5,20.5,0.0,0.0,
2016-09-13,20.5,20.5,20.5,20.5,0.0,0.0,
2016-09-14,20.5,20.5,20.5,20.5,0.0,0.0,
2016-09-15,20.5,20.5,20.5,20.5,0.0,0.0,
2016-09-16,20.5,20.5,20.5,20.5,0.0,0.0,
2016-09-19,20.5,20.5,20.5,20.5,0.0,0.0,
2016-09-20,20.5,20.5,20.5,20.5,0.0,0.0,
2016-09-21,20.5,20.5,20.5,20.5,0.0,0.0,
2016-09-22,20.5,20.5,20.5,20.5,0.0,0.0,
2016-09-23,20.5,20.5,20.5,20.5,0.0,0.0,
2016-09-26,20.5,20.5,20.5,20.5,0.0,0.0,
2016-09-27,20.5,20.5,20.5,20.5,0.0,0.0,
2016-09-28,20.5,20.5,20.5,20.5,0.0,0.0,
2016-09-29,20.5,20.5,20.5,20.5,0.0,0.0,
2016-09-30,20.5,20.5,20.5,20.5,0.0,0.0,
2016-10-03,20.5,20.5,20.5,20.5,0.0,0.0,
2016-10-04,20.5,20.5,20.5,20.5,0.0,0.0,
2016-10-05,20.5,20.5,20.5,20.5,0.0,0.0,
2016-10-06,20.5,20.5,20.5,20.5,0.0,0.0,
2016-10-07,20.5,20.5,20.5,20.5,0.0,0.0,
2016-10-10,20.5,20.5,20.5,20.5,0.0,0.0,
2016-10-11,20.5,20.5,20.5,20.5,0.0,0.0,
2016-10-12,20.5,20.5,20.5,20.5,0.0,0.0,
2016-10-13,20.5,20.5,20.5,20.5,0.0,0.0,
2016-10-14,20.5,20.5,20.5,20.5,0.0,0.0,
2016-10-17,20.5,20.5,20.5,20.5,0.0,0.0,
2016-10-18,20.5,20.5,20.5,20.5,0.0,0.0,
2016-10-19,20.5,20.5,20.5,20.5,0.0,0.0,
2016-10-20,20.5,20.5,20.5,20.5,0.0,0.0,
2016-10-21,20.5,20.5,20.5,20.5,0.0,0.0,
2016-10-24,20.5,20.5,20.5,20.5,0.0,0.0,
2016-10-25,20.5,20.5,20.5,20.5,0.0,0.0,
2016-10-26,20.5,20.5,20.5,20.5,0.0,0.0,
2016-10-27,20.5,20.5,20.5,20.5,0.0,0.0,
2016-10-28,20.5,20.5,20.5,20.5,0.0,0.0,
2016-10-31,20.5,20.5,20.5,20.5,0.0,0.0,
2016-11-01,20.5,20.5,20.5,20.5,0.0,0.0,
2016-11-02,20.5,20.5,20.5,20.5,0.0,0.0,
2016-11-03,20.5,20.5,20.5,20.5,0.0,0.0,
2016-11-04,20.5,20.5,20.5,20.5,0.0,0.0,
2016-11-07,20.5,20.5,20.5,20.5,0.0,0.0,
2016-11-08,20.5,20.5,20.5,20.5,0.0,0.0,
2016-11-09,20.5,20.5,20.5,20.5,0.0,0.0,
2016-11-10,20.5,20.5,20.5,20.5,0.0,0.0,
2016-11-11,20.5,20.5,20.5,20.5,0.0,0.0,
2016-11-14,20.5,20.5,20.5,20.5,0.0,0.0,
2016-11-15,20.5,20.5,20.5,20.5,0.0,0.0,
2016-11-16,20.5,20.5,20.5,20.5,0.0,0.0,
2016-11-17,20.5,20.5,20.5,20.5,0.0,0.0,
2016-11-18,20.5,20.5,20.5,20.5,0.0,0.0,
2016-11-21,20.5,20.5,20.5,20.5,0.0,0.0,
2016-11-22,20.5,20.5,20.5,20.5,0.0,0.0,
2016-11-23,20.5,20.5,20.5,20.5,0.0,0.0,
2016-11-24,20.5,20.5,20.5,20.5,0.0,0.0,
2016-11-25,20.5,20.5,20.5,20.5,0.0,0.0,
2016-11-28,20.5,20.5,20.5,20.5,0.0,0.0,
2016-11-29,20.5,20.5,20.5,20.5,0.0,0.0,
2016-11-30,20.5,20.5,20.5,20.5,0.0,0.0,
2016-12-01,20.5,20.5,20.5,20.5,0.0,0.0,
2016-12-02,20.5,20.5,20.5,20.5,0.0,0.0,
2016-12-05,20.5,20.5,20.5,20.5,0.0,0.0,
2016-12-06,20.5,20.5,20.5,20.5,0.0,0.0,
2016-12-07,20.5,20.5,20.5,20.5,0.0,0.0,
2016-12-08,20.5,20.5,20.5,20.5,0.0,0.0,
2016-12-09,20.5,20.5,20.5,20.5,0.0,0.0,
2016-12-12,20.5,20.5,20.5,20.5,0.0,0.0,
2016-12-13,20.5,20.5,20.5,20.5,0.0,0.0,
2016-12-14,20.5,20.5,20.5,20.5,0.0,0.0,
2016-12-15,20.5,20.5,20.5,20.5,0.0,0.0,
2016-12-16,20.5,20.5,20.5,20.5,0.0,0.0,
2016-12-19,20.5,20.5,20.5,20.5,0.0,0.0,
2016-12-20,20.5,20.5,20.5,20.5,0.0,0.0,
2016-12-21,20.5,20.5,20.5,20.5,0.0,0.0,
2016-12-22,20.5,20.5,20.5,20.5,0.0,0.0,
2016-12-23,20.5,20.5,20.5,20.5,0.0,0.0,
2016-12-27,20.5,20.5,20.5,20.5,0.0,0.0,
2016-12-28,20.5,20.5,20.5,20.5,0.0,0.0,
2016-12-29,20.5,20.5,20.5,20.5,0.0,0.0,
2016-12-30,20.5,20.5,20.5,20.5,0.0,0.0,
2017-01-02,20.5,20.5,20.5,20.5,0.0,0.0,
2017-01-03,20.5,20.5,20.5,20.5,0.0,0.0,
2017-01-04,20.5,20.5,20.5,20.5,0.0,0.0,
2017-01-05,20.5,20.5,20.5,20.5,0.0,0.0,
2017-01-06,20.5,20.5,20.5,20.5,0.0,0.0,
2017-01-09,20.5,20.5,20.5,20.5,0.0,0.0,
2017-01-10,20.5,20.5,20.5,20.5,0.0,0.0,
2017-01-11,20.5,20.5,20.5,20.5,0.0,0.0,
2017-01-12,20.5,20.5,20.5,20.5,0.0,0.0,
2017-01-13,20.5,20.5,20.5,20.5,0.0,0.0,
2017-01-16,20.5,20.5,20.5,20.5,0.0,0.0,
2017-01-17,20.5,20.5,20.5,20.5,0.0,0.0,
2017-01-18,20.5,20.5,20.5,20.5,0.0,0.0,
2017-01-19,20.5,20.5,20.5,20.5,0.0,0.0,
2017-01-20,20.5,20.5,20.5,20.5,0.0,0.0,
2017-01-23,20.5,20.5,20.5,20.5,0.0,0.0,
2017-01-24,20.5,20.5,20.5,20.5,0.0,0.0,
2017-01-25,20.5,20.5,20.5,20.5,0.0,0.0,
2017-01-26,20.5,20.5,20.5,20.5,0.0,0.0,
2017-01-27,20.5,20.5,20.5,20.5,0.0,0.0,
2017-01-30,20.5,20.5,20.5,20.5,0.0,0.0,
2017-01-31,20.5,20.5,20.5,20.5,0.0,0.0,
2017-02-01,20.5,20.5,20.5,20.5,0.0,0.0,
2017-02-02,20.5,20.5,20.5,20.5,0.0,0.0,
2017-02-03,20.5,20.5,20.5,20.5,0.0,0.0,
2017-02-06,20.5,20.5,20.5,20.5,0.0,0.0,
2017-02-07,20.5,20.5,20.5,20.5,0.0,0.0,
2017-02-08,20.5,20.5,20.5,20.5,0.0,0.0,
2017-02-09,20.5,20.5,20.5,20.5,0.0,0.0,
2017-02-10,20.5,20.5,20.5,20.5,0.0,0.0,
2017-02-13,20.5,20.5,20.5,20.5,0.0,0.0,
2017-02-14,20.5,20.5,20.5,20.5,0.0,0.0,
2017-02-15,20.5,20.5,20.5,20.5,0.0,0.0,
2017-02-16,20.5,20.5,20.5,20.5,0.0,0.0,
2017-02-17,20.5,20.5,20.5,20.5,0.0,0.0,
2017-02-20,20.5,20.5,20.5,20.5,0.0,0.0,
2017-02-21,20.5,20.5,20.5,20.5,0.0,0.0,
2017-02-22,20.5,20.5,20.5,20.5,0.0,0.0,
2017-02-23,20.5,20.5,20.5,20.5,0.0,0.0,
2017-02-24,20.5,20.5,20.5,20.5,0.0,0.0,
2017-02-27,20.5,20.5,20.5,20.5,0.0,0.0,
2017-02-28,20.5,20.5,20.5,20.5,0.0,0.0,
2017-03-01,20.5,20.5,20.5,20.5,0.0,0.0,
2017-03-02,20.5,20.5,20.5,20.5,0.0,0.0,
2017-03-03,20.5,20.5,20.5,20.5,0.0,0.0,
2017-03-06,20.5,20.5,20.5,20.5,0.0,0.0,
2017-03-07,20.5,20.5,20.5,20.5,0.0,0.0,
2017-03-08,20.5,20.5,20.5,20.5,0.0,0.0,
2017-03-09,20.5,20.5,20.5,20.5,0.0,0.0,
2017-03-10,20.5,20.5,20.5,20.5,0.0,0.0,
2017-03-13,20.5,20.5,20.5,20.5,0.0,0.0,
2017-03-14,20.5,20.5,20.5,20.5,0.0,0.0,
2017-03-15,20.5,20.5,20.5,20.5,0.0,0.0,
2017-03-16,20.5,20.5,20.5,20.5,0.0,0.0,
2017-03-17,20.5,20.5,20.5,20.5,0.0,0.0,
2017-03-20,20.5,20.5,20.5,20.5,0.0,0.0,
2017-03-21,20.5,20.5,20.5,20.5,0.0,0.0,
2017-03-22,20.5,20.5,20.5,20.5,0.0,0.0,
2017-03-23,20.5,20.5,20.5,20.5,0.0,0.0,
2017-03-24,20.5,20.5,20.5,20.5,0.0,0.0,
2017-03-27,20.5,20.5,20.5,20.5,0.0,0.0,
2017-03-28,20.5,20.5,20.5,20.5,0.0,0.0,
2017-03-29,20.5,20.5,20.5,20.5,0.0,0.0,
2017-03-30,20.5,20.5,20.5,20.5,0.0,0.0,
2017-03-31,20.5,20.5,20.5,20.5,0.0,0.0,
2017-04-03,20.5,20.5,20.5,20.5,0.0,0.0,
2017-04-04,20.5,20.5,20.5,20.5,0.0,0.0,
2017-04-05,20.5,20.5,20.5,20.5,0.0,0.0,
2017-04-06,20.5,20.5,20.5,20.5,0.0,0.0,
2017-04-07,20.5,20.5,20.5,20.5,0.0,0.0,
2017-04-10,20.5,20.5,20.5,20.5,0.0,0.0,
2017-04-11,20.5,20.5,20.5,20.5,0.0,0.0,
2017-04-12,20.5,20.5,20.5,20.5,0.0,0.0,
2017-04-13,20.5,20.5,20.5,20.5,0.0,0.0,
2017-04-17,20.5,20.5,20.5,20.5,0.0,0.0,
2017-04-18,20.5,20.5,20.5,20.5,0.0,0.0,
2017-04-19,20.5,20.5,20.5,20.5,0.0,0.0,
2017-04-20,20.5,20.5,20.5,20.5,0.0,0.0,
2017-04-21,20.5,20.5,20.5,20.5,0.0,0.0,
2017-04-24,20.5,20.5,20.5,20.5,0.0,0.0,
2017-04-25,20.5,20.5,20.5,20.5,0.0,0.0,
2017-04-26,20.5,20.5,20.5,20.5,0.0,0.0,
2017-04-27,20.5,20.5,20.5,20.5,0.0,0.0,
2017-04-28,20.5,20.5,20.5,20.5,0.0,0.0,
2017-05-01,20.5,20.5,20.5,20.5,0.0,0.0,
2017-05-02,20.5,20.5,20.5,20.5,0.0,0.0,
2017-05-03,20.5,20.5,20.5,20.5,0.0,0.0,
2017-05-04,20.5,20.5,20.5,20.5,0.0,0.0,
2017-05-05,20.5,20.5,20.5,20.5,0.0,0.0,
2017-05-08,20.5,20.5,20.5,20.5,0.0,0.0,
2017-05-09,20.5,20.5,20.5,20.5,0.0,0.0,
2017-05-10,20.5,20.5,20.5,20.5,0.0,0.0,
2017-05-11,20.5,20.5,20.5,20.5,0.0,0.0,
2017-05-12,20.5,20.5,20.5,20.5,0.0,0.0,
2017-05-15,20.5,20.5,20.5,20.5,0.0,0.0,
2017-05-16,20.5,20.5,20.5,20.5,0.0,0.0,
2017-05-17,20.5,20.5,20.5,20.5,0.0,0.0,
2017-05-18,20.5,20.5,20.5,20.5,0.0,0.0,
2017-05-19,20.5,20.5,20.5,20.5,0.0,0.0,
2017-05-22,20.5,20.5,20.5,20.5,0.0,0.0,
2017-05-23,20.5,20.5,20.5,20.5,0.0,0.0,
2017-05-24,20.5,20.5,20.5,20.5,0.0,0.0,
2017-05-25,20.5,20.5,20.5,20.5,0.0,0.0,
2017-05-26,20.5,20.5,20.5,20.5,0.0,0.0,
2017-05-29,20.5,20.5,20.5,20.5,0.0,0.0,
2017-05-30,20.5,20.5,20.5,20.5,0.0,0.0,
2017-05-31,20.5,20.5,20.5,20.5,0.0,0.0,
2017-06-01,20.5,20.5,20.5,20.5,0.0,0.0,
2017-06-02,20.5,20.5,20.5,20.5,0.0,0.0,
2017-06-05,20.5,20.5,20.5,20.5,0.0,0.0,
2017-06-06,20.5,20.5,20.5,20.5,0.0,0.0,
2017-06-07,20.5,20.5,20.5,20.5,0.0,0.0,
2017-06-08,20.5,20.5,20.5,20.5,0.0,0.0,
2017-06-09,20.5,20.5,20.5,20.5,0.0,0.0,
2017-06-12,20.5,20.5,20.5,20.5,0.0,0.0,
2017-06-13,20.5,20.5,20.5,20.5,0.0,0.0,
2017-06-14,20.5,20.5,20.5,20.5,0.0,0.0,
2017-06-15,20.5,20.5,20.5,20.5,0.0,0.0,
2017-06-16,20.5,20.5,20.5,20.5,0.0,0.0,
2017-06-19,20.5,20.5,20.5,20.5,0.0,0.0,
2017-06-20,20.5,20.5,20.5,20.5,0.0,0.0,
2017-06-21,20.5,20.5,20.5,20.5,0.0,0.0,
2017-06-22,20.5,20.5,20.5,20.5,0.0,0.0,
2017-06-23,20.5,20.5,20.5,20.5,0.0,0.0,
2017-06-26,20.5,20.5,20.5,20.5,0.0,0.0,
2017-06-27,20.5,20.5,20.5,20.5,0.0,0.0,
2017-06-28,20.5,20.5,20.5,20.5,0.0,0.0,
2017-06-29,20.5,20.5,20.5,20.5,0.0,0.0,
2017-06-30,20.5,20.5,20.5,20.5,0.0,0.0,
2017-07-03,20.5,20.5,20.5,20.5,0.0,0.0,
2017-07-04,20.5,20.5,20.5,20.5,0.0,0.0,
2017-07-05,20.5,20.5,20.5,20.5,0.0,0.0,
2017-07-06,20.5,20.5,20.5,20.5,0.0,0.0,
2017-07-07,20.5,20.5,20.5,20.5,0.0,0.0,
2017-07-10,20.5,20.5,20.5,20.5,0.0,0.0,
2017-07-11,20.5,20.5,20.5,20.5,0.0,0.0,
2017-07-12,20.5,20.5,20.5,20.5,0.0,0.0,
2017-07-13,20.5,20.5,20.5,20.5,0.0,0.0,
2017-07-14,20.5,20.5,20.5,20.5,0.0,0.0,
2017-07-17,20.5,20.5,20.5,20.5,0.0,0.0,
2017-07-18,20.5,20.5,20.5,20.5,0.0,0.0,
2017-07-19,20.5,20.5,20.5,20.5,0.0,0.0,
2017-07-20,20.5,20.5,20.5,20.5,0.0,0.0,
2017-07-21,20.5,20.5,20.5,20.5,0.0,0.0,
2017-07-24,20.5,20.5,20.5,20.5,0.0,0.0,
2017-07-25,20.5,20.5,20.5,20.5,0.0,0.0,
2017-07-26,20.5,20.5,20.5,20.5,0.0,0.0,
2017-07-27,20.5,20.5,20.5,20.5,0.0,0.0,
2017-07-28,20.5,20.5,20.5,20.5,0.0,0.0,
2017-07-31,20.5,20.5,20.5,20.5,0.0,0.0,
2017-08-01,20.5,20.5,20.5,20.5,0.0,0.0,
2017-08-02,20.5,20.5,20.5,20.5,0.0,0.0,
2017-08-03,20.5,20.5,20.5,20.5,0.0,0.0,
2017-08-04,20.5,20.5,20.5,20.5,0.0,0.0,
2017-08-07,20.5,20.5,20.5,20.5,0.0,0.0,
2017-08-08,20.5,20.5,20.5,20.5,0.0,0.0,
2017-08-09,20.5,20.5,20.5,20.5,0.0,0.0,
2017-08-10,20.5,20.5,20.5,20.5,0.0,0.0,
2017-08-11,20.5,20.5,20.5,20.5,0.0,0.0,
2017-08-14,20.5,20.5,20.5,20.5,0.0,0.0,
2017-08-15,20.5,20.5,20.5,20.5,0.0,0.0,
2017-08-16,20.5,20.5,20.5,20.5,0.0,0.0,
2017-08-17,20.5,20.5,20.5,20.5,0.0,0.0,
2017-08-18,20.5,20.5,20.5,20.5,0.0,0.0,
2017-08-21,20.5,20.5,20.5,20.5,0.0,0.0,
2017-08-22,20.5,20.5,20.5,20.5,0.0,0.0,
2017-08-23,20.5,20.5,20.5,20.5,0.0,0.0,
2017-08-24,20.5,20.5,20.5,20.5,0.0,0.0,
2017-08-25,20.5,20.5,20.5,20.5,0.0,0.0,
2017-08-28,20.5,20.5,20.5,20.5,0.0,0.0,
2017-08-29,20.5,20.5,20.5,20.5,0.0,0.0,
2017-08-30,20.5,20.5,20.5,20.5,0.0,0.0,
2017-08-31,20.5,20.5,20.5,20.5,0.0,0.0,
2017-09-01,20.5,20.5,20.5,20.5,0.0,0.0,
2017-09-04,20.5,20.5,20.5,20.5,0.0,0.0,
2017-09-05,20.5,20.5,20.5,20.5,0.0,0.0,
2017-09-06,20.5,20.5,20.5,20.5,0.0,0.0,
2017-09-07,20.5,20.5,20.5,20.5,0.0,0.0,
2017-09-08,20.5,20.5,20.5,20.5,0.0,0.0,
2017-09-11,20.5,20.5,20.5,20.5,0.0,0.0,
2017-09-12,20.5,20.5,20.5,20.5,0.0,0.0,
2017-09-13,20.5,20.5,20.5,20.5,0.0,0.0,
2017-09-14,20.5,20.5,20.5,20.5,0.0,0.0,
2017-09-15,20.5,20.5,20.5,20.5,0.0,0.0,
2017-09-18,20.5,20.5,20.5,20.5,0.0,0.0,
2017-09-19,20.5,20.5,20.5,20.5,0.0,0.0,
2017-09-20,20.5,20.5,20.5,20.5,0.0,0.0,
2017-09-21,20.5,20.5,20.5,20.5,0.0,0.0,
2017-09-22,20.5,20.5,20.5,20.5,0.0,0.0,
2017-09-25,20.5,20.5,20.5,20.5,0.0,0.0,
2017-09-26,20.5,20.5,20.5,20.5,0.0,0.0,
2017-09-27,20.5,20.5,20.5,20.5,0.0,0.0,
2017-09-28,20.5,20.5,20.5,20.5,0.0,0.0,
2017-09-29,20.5,20.5,20.5,20.5,0.0,0.0,
2017-10-02,20.5,20.5,20.5,20.5,0.0,0.0,
2017-10-03,20.5,20.5,20.5,20.5,0.0,0.0,
2017-10-04,20.5,20.5,20.5,20.5,0.0,0.0,
2017-10-05,20.5,20.5,20.5,20.5,0.0,0.0,
2017-10-06,20.5,20.5,20.5,20.5,0.0,0.0,
2017-10-09,20.5,20.5,20.5,20.5,0.0,0.0,
2017-10-10,20.5,20.5,20.5,20.5,0.0,0.0,
2017-10-11,20.5,20.5,20.5,20.5,0.0,0.0,
2017-10-12,20.5,20.5,20.5,20.5,0.0,0.0,
2017-10-13,20.5,20.5,20.5,20.5,0.0,0.0,
2017-10-16,20.5,20.5,20.5,20.5,0.0,0.0,
2017-10-17,20.5,20.5,20.5,20.5,0.0,0.0,
2017-10-18,20.5,20.5,20.5,20.5,0.0,0.0,
2017-10-19,20.5,20.5,20.5,20.5,0.0,0.0,
2017-10-20,20.5,20.5,20.5,20.5,0.0,0.0,
2017-10-23,20.5,20.5,20.5,20.5,0.0,0.0,
2017-10-24,20.5,20.5,20.5,20.5,0.0,0.0,
2017-10-25,20.5,20.5,20.5,20.5,0.0,0.0,
2017-10-26,20.5,20.5,20.5,20.5,0.0,0.0,
2017-10-27,20.5,20.5,20.5,20.5,0.0,0.0,
2017-10-30,20.5,20.5,20.5,20.5,0.0,0.0,
2017-10-31,20.5,20.5,20.5,20.5,0.0,0.0,
2017-11-01,20.5,20.5,20.5,20.5,0.0,0.0,
2017-11-02,20.5,20.5,20.5,20.5,0.0,0.0,
2017-11-03,20.5,20.5,20.5,20.5,0.0,0.0,
2017-11-06,20.5,20.5,20.5,20.5,0.0,0.0,
2017-11-07,20.5,20.5,20.5,20.5,0.0,0.0,
2017-11-08,20.5,20.5,20.5,20.5,0.0,0.0,
2017-11-09,20.5,20.5,20.5,20.5,0.0,0.0,
2017-11-10,20.5,20.5,20.5,20.5,0.0,0.0,
2017-11-13,20.5,20.5,20.5,20.5,0.0,0.0,
2017-11-14,20.5,20.5,20.5,20.5,0.0,0.0,
2017-11-15,20.5,20.5,20.5,20.5,0.0,0.0,
2017-11-16,20.5,20.5,20.5,20.5,0.0,0.0,
2017-11-17,20.5,20.5,20.5,20.5,0.0,0.0,
2017-11-20,20.5,20.5,20.5,20.5,0.0,0.0,
2017-11-21,20.5,20.5,20.5,20.5,0.0,0.0,
2017-11-22,20.5,20.5,20.5,20.5,0.0,0.0,
2017-11-23,20.5,20.5,20.5,20.5,0.0,0.0,
2017-11-24,20.5,20.5,20.5,20.5,0.0,0.0,
2017-11-27,20.5,20.5,20.5,20.5,0.0,0.0,
2017-11-28,20.5,20.5,20.5,20.5,0.0,0.0,
2017-11-29,20.5,20.5,20.5,20.5,0.0,0.0,
2017-11-30,20.5,20.5,20.5,20.5,0.0,0.0,
2017-12-01,20.5,20.5,20.5,20.5,0.0,0.0,
2017-12-04,20.5,20.5,20.5,20.5,0.0,0.0,
2017-12-05,20.5,20.5,20.5,20.5,0.0,0.0,
2017-12-06,20.5,20.5,20.5,20.5,0.0,0.0,
2017-12-07,20.5,20.5,20.5,20.5,0.0,0.0,
2017-12-08,20.5,20.5,20.5,20.5,0.0,0.0,
2017-12-11,20.5,20.5,20.5,20.5,0.0,0.0,
2017-12-12,20.5,20.5,20.5,20.5,0.0,0.0,
2017-12-13,20.5,20.5,20.5,20.5,0.0,0.0,
2017-12-14,20.5,20.5,20.5,20.5,0.0,0.0,
2017-12-15,20.5,20.5,20.5,20.5,0.0,0.0,
2017-12-18,20.5,20.5,20.5,20.5,0.0,0.0,
2017-12-19,20.5,20.5,20.5,20.5,0.0,0.0,
2017-12-20,20.5,20.5,20.5,20.5,0.0,0.0,
2017-12-21,20.5,20.5,20.5,20.5,0.0,0.0,
2017-12-22,20.5,20.5,20.5,20.5,0.0,0.0,
2017-12-27,20.5,20.5,20.5,20.5,0.0,0.0,
2017-12-28,20.5,20.5,20.5,20.5,0.0,0.0,
2017-12-29,20.5,20.5,20.5,20.5,0.0,0.0,
2018-01-02,20.5,20.5,20.5,20.5,0.0,0.0,
2018-01-03,20.5,20.5,20.5,20.5,0.0,0.0,
2018-01-04,20.5,20.5,20.5,20.5,0.0,0.0,
2018-01-05,20.5,20.5,20.5,20.5,0.0,0.0,
2018-01-08,20.5,20.5,20.5,20.5,0.0,0.0,
2018-01-09,20.5,20.5,20.5,20.5,0.0,0.0,
2018-01-10,20.5,20.5,20.5,20.5,0.0,0.0,
2018-01-11,20.5,20.5,20.5,20.5,0.0,0.0,
2018-01-12,20.5,20.5,20.5,20.5,0.0,0.0,
2018-01-15,20.5,20.5,20.5,20.5,0.0,0.0,
2018-01-16,20.5,20.5,20.5,20.5,0.0,0.0,
2018-01-17,20.5,20.5,20.5,20.5,0.0,0.0,
2018-01-18,20.5,20.5,20.5,20.5,0.0,0.0,
2018-01-19,20.5,20.5,20.5,20.5,0.0,0.0,
2018-01-22,20.5,20.5,20.5,20.5,0.0,0.0,
2018-01-23,20.5,20.5,20.5,20.5,0.0,0.0,
2018-01-24,20.5,20.5,20.5,20.5,0.0,0.0,
2018-01-25,20.5,20.5,20.5,20.5,0.0,0.0,
2018-01-26,20.5,20.5,20.5,20.5,0.0,0.0,
2018-01-29,20.5,20.5,20.5,20.5,0.0,0.0,
2018-01-30,20.5,20.5,20.5,20.5,0.0,0.0,
2018-01-31,20.5,20.5,20.5,20.5,0.0,0.0,
2018-02-01,20.5,20.5,20.5,20.5,0.0,0.0,
2018-02-02,20.5,20.5,20.5,20.5,0.0,0.0,
2018-02-05,20.5,20.5,20.5,20.5,0.0,0.0,
2018-02-06,20.5,20.5,20.5,20.5,0.0,0.0,
2018-02-07,20.5,20.5,20.5,20.5,0.0,0.0,
2018-02-08,20.5,20.5,20.5,20.5,0.0,0.0,
2018-02-09,20.5,20.5,20.5,20.5,0.0,0.0,
2018-02-12,20.5,20.5,20.5,20.5,0.0,0.0,
2018-02-13,20.5,20.5,20.5,20.5,0.0,0.0,
2018-02-14,20.5,20.5,20.5,20.5,0.0,0.0,
2018-02-15,20.5,20.5,20.5,20.5,0.0,0.0,
2018-02-16,20.5,20.5,20.5,20.5,0.0,0.0,
2018-02-19,20.5,20.5,20.5,20.5,0.0,0.0,
2018-02-20,20.5,20.5,20.5,20.5,0.0,0.0,
2018-02-21,20.5,20.5,20.5,20.5,0.0,0.0,
2018-02-22,20.5,20.5,20.5,20.5,0.0,0.0,
2018-02-23,20.5,20.5,20.5,20.5,0.0,0.0,
2018-02-26,20.5,20.5,20.5,20.5,0.0,0.0,
2018-02-27,20.5,20.5,20.5,20.5,0.0,0.0,
2018-02-28,20.5,20.5,20.5,20.5,0.0,0.0,
2018-03-01,20.5,20.5,20.5,20.5,0.0,0.0,
2018-03-02,20.5,20.5,20.5,20.5,0.0,0.0,
2018-03-05,20.5,20.5,20.5,20.5,0.0,0.0,
2018-03-06,20.5,20.5,20.5,20.5,0.0,0.0,
2018-03-07,20.5,20.5,20.5,20.5,0.0,0.0,
2018-03-08,20.5,20.5,20.5,20.5,0.0,0.0,
2018-03-09,20.5,20.5,20.5,20.5,0.0,0.0,
2018-03-12,20.5,20.5,20.5,20.5,0.0,0.0,
2018-03-13,20.5,20.5,20.5,20.5,0.0,0.0,
2018-03-14,20.5,20.5,20.5,20.5,0.0,0.0,
2018-03-15,20.5,20.5,20.5,20.5,0.0,0.0,
2018-03-16,20.5,20.5,20.5,20.5,0.0,0.0,
2018-03-19,20.5,20.5,20.5,20.5,0.0,0.0,
2018-03-20,20.5,20.5,20.5,20.5,0.0,0.0,
2018-03-21,20.5,20.5,20.5,20.5,0.0,0.0,
2018-03-22,20.5,20.5,20.5,20.5,0.0,0.0,
2018-03-23,20.5,20.5,20.5,20.5,0.0,0.0,
2018-03-26,20.5,20.5,20.5,20.5,0.0,0.0,
2018-03-27,20.5,20.5,20.5,20.5,0.0,0.0,
2018-03-28,20.5,20.5,20.5,20.5,0.0,0.0,
2018-03-29,20.5,20.5,20.5,20.5,0.0,0.0,
2018-04-03,20.5,20.5,20.5,20.5,0.0,0.0,
2018-04-04,20.5,20.5,20.5,20.5,0.0,0.0,
2018-04-05,20.5,20.5,20.5,20.5,0.0,0.0,
2018-04-06,20.5,20.5,20.5,20.5,0.0,0.0,
2018-04-09,20.5,20.5,20.5,20.5,0.0,0.0,
2018-04-10,20.5,20.5,20.5,20.5,0.0,0.0,
2018-04-11,20.5,20.5,20.5,20.5,0.0,0.0,
2018-04-12,20.5,20.5,20.5,20.5,0.0,0.0,
2018-04-13,20.5,20.5,20.5,20.5,0.0,0.0,
2018-04-16,20.5,20.5,20.5,20.5,0.0,0.0,
2018-04-17,20.5,20.5,20.5,20.5,0.0,0.0,
2018-04-18,20.5,20.5,20.5,20.5,0.0,0.0,
2018-04-19,20.5,20.5,20.5,20.5,0.0,0.0,
2018-04-20,20.5,20.5,20.5,20.5,0.0,0.0,
2018-04-23,20.5,20.5,20.5,20.5,0.0,0.0,
2018-04-24,20.5,20.5,20.5,20.5,0.0,0.0,
2018-04-25,20.5,20.5,20.5,20.5,0.0,0.0,
2018-04-26,20.5,20.5,20.5,20.5,0.0,0.0,
2018-04-27,20.5,20.5,20.5,20.5,0.0,0.0,
2018-04-30,20.5,20.5,20.5,20.5,0.0,0.0,
2018-05-01,20.5,20.5,20.5,20.5,0.0,0.0,
2018-05-02,20.5,20.5,20.5,20.5,0.0,0.0,
2018-05-03,20.5,20.5,20.5,20.5,0.0,0.0,
2018-05-04,20.5,20.5,20.5,20.5,0.0,0.0,
2018-05-07,20.5,20.5,20.5,20.5,0.0,0.0,
2018-05-08,20.5,20.5,20.5,20.5,0.0,0.0,
2018-05-09,20.5,20.5,20.5,20.5,0.0,0.0,
2018-05-10,20.5,20.5,20.5,20.5,0.0,0.0,
2018-05-11,20.5,20.5,20.5,20.5,0.0,0.0,
2018-05-14,20.5,20.5,20.5,20.5,0.0,0.0,
2018-05-15,20.5,20.5,20.5,20.5,0.0,0.0,
2018-05-16,20.5,20.5,20.5,20.5,0.0,0.0,
2018-05-17,20.5,20.5,20.5,20.5,0.0,0.0,
2018-05-18,20.5,20.5,20.5,20.5,0.0,0.0,
2018-05-21,20.5,20.5,20.5,20.5,0.0,0.0,
2018-05-22,20.5,20.5,20.5,20.5,0.0,0.0,
2018-05-23,20.5,20.5,20.5,20.5,0.0,0.0,
2018-05-24,20.5,20.5,20.5,20.5,0.0,0.0,
2018-05-25,20.5,20.5,20.5,20.5,0.0,0.0,
2018-05-28,20.5,20.5,20.5,20.5,0.0,0.0,
2018-05-29,20.5,20.5,20.5,20.5,0.0,0.0,
2018-05-30,20.5,20.5,20.5,20.5,0.0,0.0,
2018-05-31,20.5,20.5,20.5,20.5,0.0,0.0,
2018-06-01,20.5,20.5,20.5,20.5,0.0,0.0,
2018-06-04,20.5,20.5,20.5,20.5,0.0,0.0,
2018-06-05,20.5,20.5,20.5,20.5,0.0,0.0,
2018-06-06,20.5,20.5,20.5,20.5,0.0,0.0,
2018-06-07,20.5,20.5,20.5,20.5,0.0,0.0,
2018-06-08,20.5,20.5,20.5,20.5,0.0,0.0,
2018-06-11,20.5,20.5,20.5,20.5,0.0,0.0,
2018-06-12,20.5,20.5,20.5,20.5,0.0,0.0,
2018-06-13,20.5,20.5,20.5,20.5,0.0,0.0,
2018-06-14,20.5,20.5,20.5,20.5,0.0,0.0,
2018-06-15,20.5,20.5,20.5,20.5,0.0,0.0,
2018-06-18,20.5,20.5,20.5,20.5,0.0,0.0,
2018-06-19,20.5,20.5,20.5,20.5,0.0,0.0,
2018-06-20,20.5,20.5,20.5,20.5,0.0,0.0,
2018-06-21,20.5,20.5,20.5,20.5,0.0,0.0,
2018-06-22,20.5,20.5,20.5,20.5,0.0,0.0,
2018-06-25,20.5,20.5,20.5,20.5,0.0,0.0,
2018-06-26,20.5,20.5,20.5,20.5,0.0,0.0,
2018-06-27,20.5,20.5,20.5,20.5,0.0,0.0,
2018-06-28,20.5,20.5,20.5,20.5,0.0,0.0,
2018-06-29,20.5,20.5,20.5,20.5,0.0,0.0,
2018-07-02,20.5,20.5,20.5,20.5,0.0,0.0,
2018-07-03,20.5,20.5,20.5,20.5,0.0,0.0,
2018-07-04,20.5,20.5,20.5,20.5,0.0,0.0,
2018-07-05,20.5,20.5,20.5,20.5,0.0,0.0,
2018-07-06,20.5,20.5,20.5,20.5,0.0,0.0,
2018-07-09,20.5,20.5,20.5,20.5,0.0,0.0,
2018-07-10,20.5,20.5,20.5,20.5,0.0,0.0,
2018-07-11,20.5,20.5,20.5,20.5,0.0,0.0,
2018-07-12,20.5,20.5,20.5,20.5,0.0,0.0,
2018-07-13,20.5,20.5,20.5,20.5,0.0,0.0,
2018-07-16,20.5,20.5,20.5,20.5,0.0,0.0,
2018-07-17,20.5,20.5,20.5,20.5,0.0,0.0,
2018-07-18,20.5,20.5,20.5,20.5,0.0,0.0,
2018-07-19,20.5,20.5,20.5,20.5,0.0,0.0,
2018-07-20,20.5,20.5,20.5,20.5,0.0,0.0,
2018-07-23,20.5,20.5,20.5,20.5,0.0,0.0,
2018-07-24,20.5,20.5,20.5,20.5,0.0,0.0,
2018-07-25,20.5,20.5,20.5,20.5,0.0,0.0,
2018-07-26,20.5,20.5,20.5,20.5,0.0,0.0,
2018-07-27,20.5,20.5,20.5,20.5,0.0,0.0,
2018-07-30,20.5,20.5,20.5,20.5,0.0,0.0,
2018-07-31,20.5,20.5,20.5,20.5,0.0,0.0,
2018-08-01,20.5,20.5,20.5,20.5,0.0,0.0,
2018-08-02,20.5,20.5,20.5,20.5,0.0,0.0,
2018-08-03,20.5,20.5,20.5,20.5,0.0,0.0,
2018-08-06,20.5,20.5,20.5,20.5,0.0,0.0,
2018-08-07,20.5,20.5,20.5,20.5,0.0,0.0,
2018-08-08,20.5,20.5,20.5,20.5,0.0,0.0,
2018-08-09,20.5,20.5,20.5,20.5,0.0,0.0,
2018-08-10,20.5,20.5,20.5,20.5,0.0,0.0,
2018-08-13,20.5,20.5,20.5,20.5,0.0,0.0,
2018-08-14,20.5,20.5,20.5,20.5,0.0,0.0,
2018-08-15,20.5,20.5,20.5,20.5,0.0,0.0,
2018-08-16,20.5,20.5,20.5,20.5,0.0,0.0,
2018-08-17,20.5,20.5,20.5,20.5,0.0,0.0,
2018-08-20,20.5,20.5,20.5,20.5,0.0,0.0,
2018-08-21,20.5,20.5,20.5,20.5,0.0,0.0,
2018-08-22,20.5,20.5,20.5,20.5,0.0,0.0,
2018-08-23,20.5,20.5,20.5,20.5,0.0,0.0,
2018-08-24,20.5,20.5,20.5,20.5,0.0,0.0,
2018-08-27,20.5,20.5,20.5,20.5,0.0,0.0,
2018-08-28,20.5,20.5,20.5,20.5,0.0,0.0,
2018-08-29,20.5,20.5,20.5,20.5,0.0,0.0,
2018-08-30,20.5,20.5,20.5,20.5,0.0,0.0,
2018-08-31,20.5,20.5,20.5,20.5,0.0,0.0,
2018-09-03,20.5,20.5,20.5,20.5,0.0,0.0,
2018-09-04,20.5,20.5,20.5,20.5,0.0,0.0,
2018-09-05,20.5,20.5,20.5,20.5,0.0,0.0,
2018-09-06,20.5,20.5,20.5,20.5,0.0,0.0,
2018-09-07,20.5,20.5,20.5,20.5,0.0,0.0,
2018-09-10,20.5,20.5,20.5,20.5,0.0,0.0,
2018-09-11,20.5,20.5,20.5,20.5,0.0,0.0,
2018-09-12,20.5,20.5,20.5,20.5,0.0,0.0,
2018-09-13,20.5,20.5,20.5,20.5,0.0,0.0,
2018-09-14,20.5,20.5,20.5,20.5,0.0,0.0,
2018-09-17,20.5,20.5,20.5,20.5,0.0,0.0,
2018-09-18,20.5,20.5,20.5,20.5,0.0,0.0,
2018-09-19,20.5,20.5,20.5,20.5,0.0,0.0,
2018-09-20,20.5,20.5,20.5,20.5,0.0,0.0,
2018-09-21,20.5,20.5,20.5,20.5,0.0,0.0,
2018-09-24,20.5,20.5,20.5,20.5,0.0,0.0,
2018-09-25,20.5,20.5,20.5,20.5,0.0,0.0,
2018-09-26,20.5,20.5,20.5,20.5,0.0,0.0,
2018-09-27,20.5,20.5,20.5,20.5,0.0,0.0,
2018-09-28,20.5,20.5,20.5,20.5,0.0,0.0,
2018-10-01,20.5,20.5,20.5,20.5,0.0,0.0,
2018-10-02,20.5,20.5,20.5,20.5,0.0,0.0,
2018-10-03,20.5,20.5,20.5,20.5,0.0,0.0,
2018-10-04,20.5,20.5,20.5,20.5,0.0,0.0,
2018-10-05,20.5,20.5,20.5,20.5,0.0,0.0,
2018-10-08,20.5,20.5,20.5,20.5,0.0,0.0,
2018-10-09,20.5,20.5,20.5,20.5,0.0,0.0,
2018-10-10,20.5,20.5,20.5,20.5,0.0,0.0,
2018-10-11,20.5,20.5,20.5,20.5,0.0,0.0,
2018-10-12,20.5,20.5,20.5,20.5,0.0,0.0,
2018-10-15,20.5,20.5,20.5,20.5,0.0,0.0,
2018-10-16,20.5,20.5,20.5,20.5,0.0,0.0,
2018-10-17,20.5,20.5,20.5,20.5,0.0,0.0,
2018-10-18,20.5,20.5,20.5,20.5,0.0,0.0,
2018-10-19,20.5,20.5,20.5,20.5,0.0,0.0,
2018-10-22,20.5,20.5,20.5,20.5,0.0,0.0,
2018-10-23,20.5,20.5,20.5,20.5,0.0,0.0,
2018-10-24,20.5,20.5,20.5,20.5,0.0,0.0,
2018-10-25,20.5,20.5,20.5,20.5,0.0,0.0,
2018-10-26,20.5,20.5,20.5,20.5,0.0,0.0,
2018-10-29,20.5,20.5,20.5,20.5,0.0,0.0,
2018-10-30,20.5,20.5,20.5,20.5,0.0,0.0,
2018-10-31,20.5,20.5,20.5,20.5,0.0,0.0,
2018-11-01,20.5,20.5,20.5,20.5,0.0,0.0,
2018-11-02,20.5,20.5,20.5,20.5,0.0,0.0,
2018-11-05,20.5,20.5,20.5,20.5,0.0,0.0,
2018-11-06,20.5,20.5,20.5,20.5,0.0,0.0,
2018-11-07,20.5,20.5,20.5,20.5,0.0,0.0,
2018-11-08,20.5,20.5,20.5,20.5,0.0,0.0,
2018-11-09,20.5,20.5,20.5,20.5,0.0,0.0,
2018-11-12,20.5,20.5,20.5,20.5,0.0,0.0,
2018-11-13,20.5,20.5,20.5,20.5,0.0,0.0,
2018-11-14,20.5,20.5,20.5,20.5,0.0,0.0,
2018-11-15,20.5,20.5,20.5,20.5,0.0,0.0,
2018-11-16,20.5,20.5,20.5,20.5,0.0,0.0,
2018-11-19,20.5,20.5,20.5,20.5,0.0,0.0,
2018-11-20,20.5,20.5,20.5,20.5,0.0,0.0,
2018-11-21,20.5,20.5,20.5,20.5,0.0,0.0,
2018-11-22,20.5,20.5,20.5,20.5,0.0,0.0,
2018-11-23,20.5,20.5,20.5,20.5,0.0,0.0,
2018-11-26,20.5,20.5,20.5,20.5,0.0,0.0,
2018-11-27,20.5,20.5,20.5,20.5,0.0,0.0,
2018-11-28,20.5,20.5,20.5,20.5,0.0,0.0,
2018-11-29,20.5,20.5,20.5,20.5,0.0,0.0,
2018-11-30,20.5,20.5,20.5,20.5,0.0,0.0,
2018-12-03,20.5,20.5,20.5,20.5,0.0,0.0,
2018-12-04,20.5,20.5,20.5,20.5,0.0,0.0,
2018-12-05,20.5,20.5,20.5,20.5,0.0,0.0,
2018-12-06,20.5,20.5,20.5,20.5,0.0,0.0,
2018-12-07,20.5,20.5,20.5,20.5,0.0,0.0,
2018-12-10,20.5,20.5,20.5,20.5,0.0,0.0,
2018-12-11,20.5,20.5,20.5,20.5,0.0,0.0,
2018-12-12,20.5,20.5,20.5,20.5,0.0,0.0,
2018-12-13,20.5,20.5,20.5,20.5,0.0,0.0,
2018-12-14,20.5,20.5,20.5,20.5,0.0,0.0,
2018-12-17,20.5,20.5,20.5,20.5,0.0,0.0,
2018-12-18,20.5,20.5,20.5,20.5,0.0,0.0,
2018-12-19,20.5,20.5,20.5,20.5,0.0,0.0,
2018-12-20,20.5,20.5,20.5,20.5,0.0,0.0,
2018-12-21,20.5,20.5,20.5,20.5,0.0,0.0,
2018-12-24,20.5,20.5,20.5,20.5,0.0,0.0,
2018-12-27,20.5,20.5,20.5,20.5,0.0,0.0,
2018-12-28,20.5,20.5,20.5,20.5,0.0,0.0,
2018-12-31,20.5,20.5,20.5,20.5,0.0,0.0,
2019-01-02,20.5,20.5,20.5,20.5,0.0,0.0,
2019-01-03,20.5,20.5,20.5,20.5,0.0,0.0,
2019-01-04,20.5,20.5,20.5,20.5,0.0,0.0,
2019-01-07,20.5,20.5,20.5,20.5,0.0,0.0,
2019-01-08,20.5,20.5,20.5,20.5,0.0,0.0,
2019-01-09,20.5,20.5,20.5,20.5,0.0,0.0,
2019-01-10,20.5,20.5,20.5,20.5,0.0,0.0,
2019-01-11,20.5,20.5,20.5,20.5,0.0,0.0,
2019-01-14,20.5,20.5,20.5,20.5,0.0,0.0,
2019-01-15,20.5,20.5,20.5,20.5,0.0,0.0,
2019-01-16,20.5,20.5,20.5,20.5,0.0,0.0,
2019-01-17,20.5,20.5,20.5,20.5,0.0,0.0,
2019-01-18,20.5,20.5,20.5,20.5,0.0,0.0,
2019-01-21,20.5,20.5,20.5,20.5,0.0,0.0,
2019-01-22,20.5,20.5,20.5,20.5,0.0,0.0,
2019-01-23,20.5,20.5,20.5,20.5,0.0,0.0,
2019-01-24,20.5,20.5,20.5,20.5,0.0,0.0,
2019-01-25,20.5,20.5,20.5,20.5,0.0,0.0,
2019-01-28,20.5,20.5,20.5,20.5,0.0,0.0,
2019-01-29,20.5,20.5,20.5,20.5,0.0,0.0,
2019-01-30,20.5,20.5,20.5,20.5,0.0,0.0,
2019-01-31,20.5,20.5,20.5,20.5,0.0,0.0,
2019-02-01,20.5,20.5,20.5,20.5,0.0,0.0,
2019-02-04,20.5,20.5,20.5,20.5,0.0,0.0,
2019-02-05,20.5,20.5,20.5,20.5,0.0,0.0,
2019-02-06,20.5,20.5,20.5,20.5,0.0,0.0,
2019-02-07,20.5,20.5,20.5,20.5,0.0,0.0,
2019-02-08,20.5,20.5,20.5,20.5,0.0,0.0,
2019-02-11,20.5,20.5,20.5,20.5,0.0,0.0,
2019-02-12,20.5,20.5,20.5,20.5,0.0,0.0,
2019-02-13,20.5,20.5,20.5,20.5,0.0,0.0,
2019-02-14,20.5,20.5,20.5,20.5,0.0,0.0,
2019-02-15,20.5,20.5,20.5,20.5,0.0,0.0,
2019-02-18,20.5,20.5,20.5,20.5,0.0,0.0,
2019-02-19,20.5,20.5,20.5,20.5,0.0,0.0,
2019-02-20,20.5,20.5,20.5,20.5,0.0,0.0,
2019-02-21,20.5,20.5,20.5,20.5,0.0,0.0,
2019-02-22,20.5,20.5,20.5,20.5,0.0,0.0,
2019-02-25,20.5,20.5,20.5,20.5,0.0,0.0,
2019-02-26,20.5,20.5,20.5,20.5,0.0,0.0,
2019-02-27,20.5,20.5,20.5,20.5,0.0,0.0,
2019-02-28,20.5,20.5,20.5,20.5,0.0,0.0,
2019-03-01,20.5,20.5,20.5,20.5,0.0,0.0,
2019-03-04,20.5,20.5,20.5,20.5,0.0,0.0,
2019-03-05,20.5,20.5,20.5,20.5,0.0,0.0,
2019-03-06,20.5,20.5,20.5,20.5,0.0,0.0,
2019-03-07,20.5,20.5,20.5,20.5,0.0,0.0,
2019-03-08,20.5,20.5,20.5,20.5,0.0,0.0,
2019-03-11,20.5,20.5,20.5,20.5,0.0,0.0,
2019-03-12,20.5,20.5,20.5,20.5,0.0,0.0,
2019-03-13,20.5,20.5,20.5,20.5,0.0,0.0,
2019-03-14,20.5,20.5,20.5,20.5,0.0,0.0,
2019-03-15,20.5,20.5,20.5,20.5,0.0,0.0,
2019-03-18,20.5,20.5,20.5,20.5,0.0,0.0,
2019-03-19,20.5,20.5,20.5,20.5,0.0,0.0,
2019-03-20,20.5,20.5,20.5,20.5,0.0,0.0,
2019-03-21,20.5,20.5,20.5,20.5,0.0,0.0,
2019-03-22,20.5,20.5,20.5,20.5,0.0,0.0,
2019-03-25,20.5,20.5,20.5,20.5,0.0,0.0,
2019-03-26,20.5,20.5,20.5,20.5,0.0,0.0,
2019-03-27,20.5,20.5,20.5,20.5,0.0,0.0,
2019-03-28,20.5,20.5,20.5,20.5,0.0,0.0,
2019-03-29,20.5,20.5,20.5,20.5,0.0,0.0,
2019-04-01,20.5,20.5,20.5,20.5,0.0,0.0,
2019-04-02,20.5,20.5,20.5,20.5,0.0,0.0,
2019-04-03,20.5,20.5,20.5,20.5,0.0,0.0,
2019-04-04,20.5,20.5,20.5,20.5,0.0,0.0,
2019-04-05,20.5,20.5,20.5,20.5,0.0,0.0,
2019-04-08,20.5,20.5,20.5,20.5,0.0,0.0,
2019-04-09,20.5,20.5,20.5,20.5,0.0,0.0,
2019-04-10,20.5,20.5,20.5,20.5,0.0,0.0,
2019-04-11,20.5,20.5,20.5,20.5,0.0,0.0,
2019-04-12,20.5,20.5,20.5,20.5,0.0,0.0,
2019-04-15,20.5,20.5,20.5,20.5,0.0,0.0,
2019-04-16,20.5,20.5,20.5,20.5,0.0,0.0,
2019-04-17,20.5,20.5,20.5,20.5,0.0,0.0,
2019-04-18,20.5,20.5,20.5,20.5,0.0,0.0,
2019-04-23,20.5,20.5,20.5,20.5,0.0,0.0,
2019-04-24,20.5,20.5,20.5,20.5,0.0,0.0,
2019-04-25,20.5,20.5,20.5,20.5,0.0,0.0,
2019-04-26,20.5,20.5,20.5,20.5,0.0,0.0,
2019-04-29,20.5,20.5,20.5,20.5,0.0,0.0,
2019-04-30,20.5,20.5,20.5,20.5,0.0,0.0,
2019-05-01,20.5,20.5,20.5,20.5,0.0,0.0,
2019-05-02,20.5,20.5,20.5,20.5,0.0,0.0,
2019-05-03,20.5,20.5,20.5,20.5,0.0,0.0,
2019-05-06,20.5,20.5,20.5,20.5,0.0,0.0,
2019-05-07,20.5,20.5,20.5,20.5,0.0,0.0,
2019-05-08,20.5,20.5,20.5,20.5,0.0,0.0,
2019-05-09,20.5,20.5,20.5,20.5,0.0,0.0,
2019-05-10,20.5,20.5,20.5,20.5,0.0,0.0,
2019-05-13,20.5,20.5,20.5,20.5,0.0,0.0,
2019-05-14,20.5,20.5,20.5,20.5,0.0,0.0,
2019-05-15,20.5,20.5,20.5,20.5,0.0,0.0,
2019-05-16,20.5,20.5,20.5,20.5,0.0,0.0,
2019-05-17,20.5,20.5,20.5,20.5,0.0,0.0,
2019-05-20,20.5,20.5,20.5,20.5,0.0,0.0,
2019-05-21,20.5,20.5,20.5,20.5,0.0,0.0,
2019-05-22,20.5,20.5,20.5,20.5,0.0,0.0,
2019-05-23,20.5,20.5,20.5,20.5,0.0,0.0,
2019-05-24,20.5,20.5,20.5,20.5,0.0,0.0,
2019-05-27,20.5,20.5,20.5,20.5,0.0,0.0,
2019-05-28,20.5,20.5,20.5,20.5,0.0,0.0,
2019-05-29,20.5,20.5,20.5,20.5,0.0,0.0,
2019-05-30,20.5,20.5,20.5,20.5,0.0,0.0,
2019-05-31,20.5,20.5,20.5,20.5,0.0,0.0,
2019-06-03,20.5,20.5,20.5,20.5,0.0,0.0,
2019-06-04,20.5,20.5,20.5,20.5,0.0,0.0,
2019-06-05,20.5,20.5,20.5,20.5,0.0,0.0,
2019-06-06,20.5,20.5,20.5,20.5,0.0,0.0,
2019-06-07,20.5,20.5,20.5,20.5,0.0,0.0,
2019-06-10,20.5,20.5,20.5,20.5,0.0,0.0,
2019-06-11,20.5,20.5,20.5,20.5,0.0,0.0,
2019-06-12,20.5,20.5,20.5,20.5,0.0,0.0,
2019-06-13,20.5,20.5,20.5,20.5,0.0,0.0,
2019-06-14,20.5,20.5,20.5,20.5,0.0,0.0,
2019-06-17,20.5,20.5,20.5,20.5,0.0,0.0,
2019-06-18,20.5,20.5,20.5,20.5,0.0,0.0,
2019-06-19,20.5,20.5,20.5,20.5,0.0,0.0,
2019-06-20,20.5,20.5,20.5,20.5,0.0,0.0,
2019-06-21,20.5,20.5,20.5,20.5,0.0,0.0,
2019-06-24,20.5,20.5,20.5,20.5,0.0,0.0,
2019-06-25,20.5,20.5,20.5,20.5,0.0,0.0,
2019-06-26,20.5,20.5,20.5,20.5,0.0,0.0,
2019-06-27,20.5,20.5,20.5,20.5,0.0,0.0,
2019-06-28,20.5,20.5,20.5,20.5,0.0,0.0,
2019-07-01,20.5,20.5,20.5,20.5,0.0,0.0,
2019-07-02,20.5,20.5,20.5,20.5,0.0,0.0,
2019-07-03,20.5,20.5,20.5,20.5,0.0,0.0,
2019-07-04,20.5,20.5,20.5,20.5,0.0,0.0,
2019-07-05,20.5,20.5,20.5,20.5,0.0,0.0,
2019-07-08,20.5,20.5,20.5,20.5,0.0,0.0,
2019-07-09,20.5,20.5,20.5,20.5,0.0,0.0,
2019-07-10,20.5,20.5,20.5,20.5,0.0,0.0,
2019-07-11,20.5,20.5,20.5,20.5,0.0,0.0,
2019-07-12,20.5,20.5,20.5,20.5,0.0,0.0,
2019-07-15,20.5,20.5,20.5,20.5,0.0,0.0,
2019-07-16,20.5,20.5,20.5,20.5,0.0,0.0,
2019-07-17,20.5,20.5,20.5,20.5,0.0,0.0,
2019-07-18,20.5,20.5,20.5,20.5,0.0,0.0,
2019-07-19,20.5,20.5,20.5,20.5,0.0,0.0,
2019-07-22,20.5,20.5,20.5,20.5,0.0,0.0,
2019-07-23,20.5,20.5,20.5,20.5,0.0,0.0,
2019-07-24,20.5,20.5,20.5,20.5,0.0,0.0,
2019-07-25,20.5,20.5,20.5,20.5,0.0,0.0,
2019-07-26,20.5,20.5,20.5,20.5,0.0,0.0,
2019-07-29,20.5,20.5,20.5,20.5,0.0,0.0,
2019-07-30,20.5,20.5,20.5,20.5,0.0,0.0,
2019-07-31,20.5,20.5,20.5,20.5,0.0,0.0,
2019-08-01,20.5,20.5,20.5,20.5,0.0,0.0,
2019-08-02,20.5,20.5,20.5,20.5,0.0,0.0,
2019-08-05,20.5,20.5,20.5,20.5,0.0,0.0,
2019-08-06,20.5,20.5,20.5,20.5,0.0,0.0,
2019-08-07,20.5,20.5,20.5,20.5,0.0,0.0,
2019-08-08,20.5,20.5,20.5,20.5,0.0,0.0,
2019-08-09,20.5,20.5,20.5,20.5,0.0,0.0,
2019-08-12,20.5,20.5,20.5,20.5,0.0,0.0,
2019-08-13,20.5,20.5,20.5,20.5,0.0,0.0,
2019-08-14,20.5,20.5,20.5,20.5,0.0,0.0,
2019-08-15,20.5,20.5,20.5,20.5,0.0,0.0,
2019-08-16,20.5,20.5,20.5,20.5,0.0,0.0,
2019-08-19,20.5,20.5,20.5,20.5,0.0,0.0,
2019-08-20,20.5,20.5,20.5,20.5,0.0,0.0,
2019-08-21,20.5,20.5,20.5,20.5,0.0,0.0,
2019-08-22,20.5,20.5,20.5,20.5,0.0,0.0,
2019-08-23,20.5,20.5,20.5,20.5,0.0,0.0,
2019-08-26,20.5,20.5,20.5,20.5,0.0,0.0,
2019-08-27,20.5,20.5,20.5,20.5,0.0,0.0,
2019-08-28,20.5,20.5,20.5,20.5,0.0,0.0,
2019-08-29,20.5,20.5,20.5,20.5,0.0,0.0,
2019-08-30,20.5,20.5,20.5,20.5,0.0,0.0,
2019-09-02,20.5,20.5,20.5,20.5,0.0,0.0,
2019-09-03,20.5,20.5,20.5,20.5,0.0,0.0,
2019-09-04,20.5,20.5,20.5,20.5,0.0,0.0,
2019-09-05,20.5,20.5,20.5,20.5,0.0,0.0,
2019-09-06,20.5,20.5,20.5,20.5,0.0,0.0,
2019-09-09,20.5,20.5,20.5,20.5,0.0,0.0,
2019-09-10,20.5,20.5,20.5,20.5,0.0,0.0,
2019-09-11,20.5,20.5,20.5,20.5,0.0,0.0,
2019-09-12,20.5,20.5,20.5,20.5,0.0,0.0,
2019-09-13,20.5,20.5,20.5,20.5,0.0,0.0,
2019-09-16,20.5,20.5,20.5,20.5,0.0,0.0,
2019-09-17,20.5,20.5,20.5,20.5,0.0,0.0,
2019-09-18,20.5,20.5,20.5,20.5,0.0,0.0,
2019-09-19,20.5,20.5,20.5,20.5,0.0,0.0,
2019-09-20,20.5,20.5,20.5,20.5,0.0,0.0,
2019-09-23,20.5,20.5,20.5,20.5,0.0,0.0,
2019-09-24,20.5,20.5,20.5,20.5,0.0,0.0,
2019-09-25,20.5,20.5,20.5,20.5,0.0,0.0,
2019-09-26,20.5,20.5,20.5,20.5,0.0,0.0,
2019-09-27,20.5,20.5,20.5,20.5,0.0,0.0,
2019-09-30,20.5,20.5,20.5,20.5,0.0,0.0,
2019-10-01,20.5,20.5,20.5,20.5,0.0,0.0,
2019-10-02,20.5,20.5,20.5,20.5,0.0,0.0,
2019-10-03,20.5,20.5,20.5,20.5,0.0,0.0,
2019-10-04,20.5,20.5,20.5,20.5,0.0,0.0,
2019-10-07,20.5,20.5,20.5,20.5,0.0,0.0,
2019-10-08,20.5,20.5,20.5,20.5,0.0,0.0,
2019-10-09,20.5,20.5,20.5,20.5,0.0,0.0,
2019-10-10,20.5,20.5,20.5,20.5,0.0,0.0,
2019-10-11,20.5,20.5,20.5,20.5,0.0,0.0,
2019-10-14,20.5,20.5,20.5,20.5,0.0,0.0,
2019-10-15,20.5,20.5,20.5,20.5,0.0,0.0,
2019-10-16,20.5,20.5,20.5,20.5,0.0,0.0,
2019-10-17,20.5,20.5,20.5,20.5,0.0,0.0,
2019-10-18,20.5,20.5,20.5,20.5,0.0,0.0,
2019-10-21,20.5,20.5,20.5,20.5,0.0,0.0,
2019-10-22,20.5,20.5,20.5,20.5,0.0,0.0,
2019-10-23,20.5,20.5,20.5,20.5,0.0,0.0,
2019-10-24,20.5,20.5,20.5,20.5,0.0,0.0,
2019-10-25,20.5,20.5,20.5,20.5,0.0,0.0,
2019-10-28,20.5,20.5,20.5,20.5,0.0,0.0,
2019-10-29,20.5,20.5,20.5,20.5,0.0,0.0,
2019-10-30,20.5,20.5,20.5,20.5,0.0,0.0,
2019-10-31,20.5,20.5,20.5,20.5,0.0,0.0,
2019-11-01,20.5,20.5,20.5,20.5,0.0,0.0,
2019-11-04,20.5,20.5,20.5,20.5,0.0,0.0,
2019-11-05,20.5,20.5,20.5,20.5,0.0,0.0,
2019-11-06,20.5,20.5,20.5,20.5,0.0,0.0,
2019-11-07,20.5,20.5,20.5,20.5,0.0,0.0,
2019-11-08,20.5,20.5,20.5,20.5,0.0,0.0,
2019-11-11,20.5,20.5,20.5,20.5,0.0,0.0,
2019-11-12,20.5,20.5,20.5,20.5,0.0,0.0,
2019-11-13,20.5,20.5,20.5,20.5,0.0,0.0,
2019-11-14,20.5,20.5,20.5,20.5,0.0,0.0,
2019-11-15,20.5,20.5,20.5,20.5,0.0,0.0,
2019-11-18,20.5,20.5,20.5,20.5,0.0,0.0,
2019-11-19,20.5,20.5,20.5,20.5,0.0,0.0,
2019-11-20,20.5,20.5,20.5,20.5,0.0,0.0,
2019-11-21,20.5,20.5,20.5,20.5,0.0,0.0,
2019-11-22,20.5,20.5,20.5,20.5,0.0,0.0,
2019-11-25,20.5,20.5,20.5,20.5,0.0,0.0,
2019-11-26,20.5,20.5,20.5,20.5,0.0,0.0,
2019-11-27,20.5,20.5,20.5,20.5,0.0,0.0,
2019-11-28,20.5,20.5,20.5,20.5,0.0,0.0,
2019-11-29,20.5,20.5,20.5,20.5,0.0,0.0,
2019-12-02,20.5,20.5,20.5,20.5,0.0,0.0,
2019-12-03,20.5,20.5,20.5,20.5,0.0,0.0,
2019-12-04,20.5,20.5,20.5,20.5,0.0,0.0,
2019-12-05,20.5,20.5,20.5,20.5,0.0,0.0,
2019-12-06,20.5,20.5,20.5,20.5,0.0,0.0,
2019-12-09,20.5,20.5,20.5,20.5,0.0,0.0,
2019-12-10,20.5,20.5,20.5,20.5,0.0,0.0,
2019-12-11,20.5,20.5,20.5,20.5,0.0,0.0,
2019-12-12,20.5,20.5,20.5,20.5,0.0,0.0,
2019-12-13,20.5,20.5,20.5,20.5,0.0,0.0,
2019-12-16,20.5,20.5,20.5,20.5,0.0,0.0,
2019-12-17,20.5,20.5,20.5,20.5,0.0,0.0,
2019-12-18,20.5,20.5,20.5,20.5,0.0,0.0,
2019-12-19,20.5,20.5,20.5,20.5,0.0,0.0,
2019-12-20,20.5,20.5,20.5,20.5,0.0,0.0,
2019-12-23,20.5,20.5,20.5,20.5,0.0,0.0,
2019-12-24,20.5,20.5,20.5,20.5,0.0,0.0,
2019-12-27,20.5,20.5,20.5,20.5,0.0,0.0,
2019-12-30,20.5,20.5,20.5,20.5,0.0,0.0,
2019-12-31,20.5,20.5,20.5,20.5,0.0,0.0,
2020-01-02,20.5,20.5,20.5,20.5,0.0,0.0,
2020-01-03,20.5,20.5,20.5,20.5,0.0,0.0,
2020-01-06,20.5,20.5,20.5,20.5,0.0,0.0,
2020-01-07,20.5,20.5,20.5,20.5,0.0,0.0,
2020-01-08,20.5,20.5,20.5,20.5,0.0,0.0,
2020-01-09,20.5,20.5,20.5,20.5,0.0,0.0,
2020-01-10,20.5,20.5,20.5,20.5,0.0,0.0,
2020-01-13,20.5,20.5,20.5,20.5,0.0,0.0,
2020-01-14,20.5,20.5,20.5,20.5,0.0,0.0,
2020-01-15,20.5,20.5,20.5,20.5,0.0,0.0,
2020-01-16,20.5,20.5,20.5,20.5,0.0,0.0,
2020-01-17,20.5,20.5,20.5,20.5,0.0,0.0,
2020-01-20,20.5,20.5,20.5,20.5,0.0,0.0,
2020-01-21,20.5,20.5,20.5,20.5,0.0,0.0,
2020-01-22,20.5,20.5,20.5,20.5,0.0,0.0,
2020-01-23,20.5,20.5,20.5,20.5,0.0,0.0,
2020-01-24,20.5,20.5,20.5,20.5,0.0,0.0,
2020-01-27,20.5,20.5,20.5,20.5,0.0,0.0,
2020-01-28,20.5,20.5,20.5,20.5,0.0,0.0,
2020-01-29,20.5,20.5,20.5,20.5,0.0,0.0,
2020-01-30,20.5,20.5,20.5,20.5,0.0,0.0,
2020-01-31,20.5,20.5,20.5,20.5,0.0,0.0,
2020-02-03,20.5,20.5,20.5,20.5,0.0,0.0,
2020-02-04,20.5,20.5,20.5,20.5,0.0,0.0,
2020-02-05,20.5,20.5,20.5,20.5,0.0,0.0,
2020-02-06,20.5,20.5,20.5,20.5,0.0,0.0,
2020-02-07,20.5,20.5,20.5,20.5,0.0,0.0,
2020-02-10,20.5,20.5,20.5,20.5,0.0,0.0,
2020-02-11,20.5,20.5,20.5,20.5,0.0,0.0,
2020-02-12,20.5,20.5,20.5,20.5,0.0,0.0,
2020-02-13,20.5,20.5,20.5,20.5,0.0,0.0,
2020-02-14,20.5,20.5,20.5,20.5,0.0,0.0,
2020-02-17,20.5,20.5,20.5,20.5,0.0,0.0,
2020-02-18,20.5,20.5,20.5,20.5,0.0,0.0,
2020-02-19,20.5,20.5,20.5,20.5,0.0,0.0,
2020-02-20,20.5,20.5,20.5,20.5,0.0,0.0,
2020-02-21,20.5,20.5,20.5,20.5,0.0,0.0,
2020-02-24,20.5,20.5,20.5,20.5,0.0,0.0,
2020-02-25,20.5,20.5,20.5,20.5,0.0,0.0,
2020-02-26,20.5,20.5,20.5,20.5,0.0,0.0,
2020-02-27,20.5,20.5,20.5,20.5,0.0,0.0,
2020-02-28,20.5,20.5,20.5,20.5,0.0,0.0,
2020-03-02,20.5,20.5,20.5,20.5,0.0,0.0,
2020-03-03,20.5,20.5,20.5,20.5,0.0,0.0,
2020-03-04,20.5,20.5,20.5,20.5,0.0,0.0,
2020-03-05,20.5,20.5,20.5,20.5,0.0,0.0,
2020-03-06,20.5,20.5,20.5,20.5,0.0,0.0,
2020-03-09,20.5,20.5,20.5,20.5,0.0,0.0,
2020-03-10,20.5,20.5,20.5,20.5,0.0,0.0,
2020-03-11,20.5,20.5,20.5,20.5,0.0,0.0,
2020-03-12,20.5,20.5,20.5,20.5,0.0,0.0,
2020-03-13,20.5,20.5,20.5,20.5,0.0,0.0,
2020-03-16,20.5,20.5,20.5,20.5,0.0,0.0,
2020-03-17,20.5,20.5,20.5,20.5,0.0,0.0,
2020-03-18,20.5,20.5,20.5,20.5,0.0,0.0,
2020-03-19,20.5,20.5,20.5,20.5,0.0,0.0,
2020-03-20,20.5,20.5,20.5,20.5,0.0,0.0,
2020-03-23,20.5,20.5,20.5,20.5,0.0,0.0,
2020-03-24,20.5,20.5,20.5,20.5,0.0,0.0,
2020-03-25,20.5,20.5,20.5,20.5,0.0,0.0,
2020-03-26,20.5,20.5,20.5,20.5,0.0,0.0,
2020-03-27,20.5,20.5,20.5,20.5,0.0,0.0,
2020-03-30,20.5,20.5,20.5,20.5,0.0,0.0,
2020-03-31,20.5,20.5,20.5,20.5,0.0,0.0,
2020-04-01,20.5,20.5,20.5,20.5,0.0,0.0,
2020-04-02,20.5,20.5,20.5,20.5,0.0,0.0,
2020-04-03,20.5,20.5,20.5,20.5,0.0,0.0,
2020-04-06,20.5,20.5,20.5,20.5,0.0,0.0,
2020-04-07,20.5,20.5,20.5,20.5,0.0,0.0,
2020-04-08,20.5,20.5,20.5,20.5,0.0,0.0,
2020-04-09,20.5,20.5,20.5,20.5,0.0,0.0,
2020-04-14,20.5,20.5,20.5,20.5,0.0,0.0,
2020-04-15,20.5,20.5,20.5,20.5,0.0,0.0,
2020-04-16,20.5,20.5,20.5,20.5,0.0,0.0,
2020-04-17,20.5,20.5,20.5,20.5,0.0,0.0,
2020-04-20,20.5,20.5,20.5,20.5,0.0,0.0,
2020-04-21,20.5,20.5,20.5,20.5,0.0,0.0,
2020-04-22,20.5,20.5,20.5,20.5,0.0,0.0,
2020-04-23,20.5,20.5,20.5,20.5,0.0,0.0,
2020-04-24,20.5,20.5,20.5,20.5,0.0,0.0,
2020-04-27,20.5,20.5,20.5,20.5,0.0,0.0,
2020-04-28,20.5,20.5,20.5,20.5,0.0,0.0,
2020-04-29,20.5,20.5,20.5,20.5,0.0,0.0,
2020-04-30,20.5,20.5,20.5,20.5,0.0,0.0,
2020-05-01,20.5,20.5,20.5,20.5,0.0,0.0,
2020-05-04,20.5,20.5,20.5,20.5,0.0,0.0,
2020-05-05,20.5,20.5,20.5,20.5,0.0,0.0,
2020-05-06,20.5,20.5,20.5,20.5,0.0,0.0,
2020-05-07,20.5,20.5,20.5,20.5,0.0,0.0,
2020-05-08,20.5,20.5,20.5,20.5,0.0,0.0,
2020-05-11,20.5,20.5,20.5,20.5,0.0,0.0,
2020-05-12,20.5,20.5,20.5,20.5,0.0,0.0,
2020-05-13,20.5,20.5,20.5,20.5,0.0,0.0,
2020-05-14,20.5,20.5,20.5,20.5,0.0,0.0,
2020-05-15,20.5,20.5,20.5,20.5,0.0,0.0,
2020-05-18,20.5,20.5,20.5,20.5,0.0,0.0,
2020-05-19,20.5,20.5,20.5,20.5,0.0,0.0,
2020-05-20,20.5,20.5,20.5,20.5,0.0,0.0,
2020-05-21,20.5,20.5,20.5,20.5,0.0,0.0,
2020-05-22,20.5,20.5,20.5,20.5,0.0,0.0,
2020-05-25,20.5,20.5,20.5,20.5,0.0,0.0,
2020-05-26,20.5,20.5,20.5,20.5,0.0,0.0,
2020-05-27,20.5,20.5,20.5,20.5,0.0,0.0,
2020-05-28,20.5,20.5,20.5,20.5,0.0,0.0,
2020-05-29,20.5,20.5,20.5,20.5,0.0,0.0,
2020-06-01,20.5,20.5,20.5,20.5,0.0,0.0,
2020-06-02,20.5,20.5,20.5,20.5,0.0,0.0,
2020-06-03,20.5,20.5,20.5,20.5,0.0,0.0,
2020-06-04,20.5,20.5,20.5,20.5,0.0,0.0,
2020-06-05,20.5,20.5,20.5,20.5,0.0,0.0,
2020-06-08,20.5,20.5,20.5,20.5,0.0,0.0,
2020-06-09,20.5,20.5,20.5,20.5,0.0,0.0,
2020-06-10,20.5,20.5,20.5,20.5,0.0,0.0,
2020-06-11,20.5,20.5,20.5,20.5,0.0,0.0,
2020-06-12,20.5,20.5,20.5,20.5,0.0,0.0,
2020-06-15,20.5,20.5,20.5,20.5,0.0,0.0,
2020-06-16,20.5,20.5,20.5,20.5,0.0,0.0,
2020-06-17,20.5,20.5,20.5,20.5,0.0,0.0,
2020-06-18,20.5,20.5,20.5,20.5,0.0,0.0,
2020-06-19,20.5,20.5,20.5,20.5,0.0,0.0,
2020-06-22,20.5,20.5,20.5,20.5,0.0,0.0,
2020-06-23,20.5,20.5,20.5,20.5,0.0,0.0,
2020-06-24,20.5,20.5,20.5,20.5,0.0,0.0,
2020-06-25,20.5,20.5,20.5,20.5,0.0,0.0,
2020-06-26,20.5,20.5,20.5,20.5,0.0,0.0,
2020-06-29,20.5,20.5,20.5,20.5,0.0,0.0,
2020-06-30,20.5,20.5,20.5,20.5,0.0,0.0,
2020-07-01,20.5,20.5,20.5,20.5,0.0,0.0,
2020-07-02,20.5,20.5,20.5,20.5,0.0,0.0,
2020-07-03,20.5,20.5,20.5,20.5,0.0,0.0,
2020-07-06,20.5,20.5,20.5,20.5,0.0,0.0,
2020-07-07,20.5,20.5,20.5,20.5,0.0,0.0,
2020-07-08,20.5,20.5,20.5,20.5,0.0,0.0,
2020-07-09,20.5,20.5,20.5,20.5,0.0,0.0,
2020-07-10,20.5,20.5,20.5,20.5,0.0,0.0,
2020-07-13,20.5,20.5,20.5,20.5,0.0,0.0,
2020-07-14,20.5,20.5,20.5,20.5,0.0,0.0,
2020-07-15,20.5,20.5,20.5,20.5,0.0,0.0,
2020-07-16,20.5,20.5,20.5,20.5,0.0,0.0,
2020-07-17,20.5,20.5,20.5,20.5,0.0,0.0,
2020-07-20,20.5,20.5,20.5,20.5,0.0,0.0,
2020-07-21,20.5,20.5,20.5,20.5,0.0,0.0,
2020-07-22,20.5,20.5,20.5,20.5,0.0,0.0,
2020-07-23,20.5,20.5,20.5,20.5,0.0,0.0,
2020-07-24,20.5,20.5,20.5,20.5,0.0,0.0,
2020-07-27,20.5,20.5,20.5,20.5,0.0,0.0,
2020-07-28,20.5,20.5,20.5,20.5,0.0,0.0,
2020-07-29,20.5,20.5,20.5,20.5,0.0,0.0,
2020-07-30,20.5,20.5,20.5,20.5,0.0,0.0,
2020-07-31,20.5,20.5,20.5,20.5,0.0,0.0,
2020-08-03,20.5,20.5,20.5,20.5,0.0,0.0,
2020-08-04,20.5,20.5,20.5,20.5,0.0,0.0,
2020-08-05,20.5,20.5,20.5,20.5,0.0,0.0,
2020-08-06,20.5,20.5,20.5,20.5,0.0,0.0,
2020-08-07,20.5,20.5,20.5,20.5,0.0,0.0,
2020-08-10,20.5,20.5,20.5,20.5,0.0,0.0,
2020-08-11,20.5,20.5,20.5,20.5,0.0,0.0,
2020-08-12,20.5,20.5,20.5,20.5,0.0,0.0,
2020-08-13,20.5,20.5,20.5,20.5,0.0,0.0,
2020-08-14,20.5,20.5,20.5,20.5,0.0,0.0,
2020-08-17,20.5,20.5,20.5,20.5,0.0,0.0,
2020-08-18,20.5,20.5,20.5,20.5,0.0,0.0,
2020-08-19,20.5,20.5,20.5,20.5,0.0,0.0,
2020-08-20,20.5,20.5,20.5,20.5,0.0,0.0,
2020-08-21,20.5,20.5,20.5,20.5,0.0,0.0,
2020-08-24,20.5,20.5,20.5,20.5,0.0,0.0,
2020-08-25,20.5,20.5,20.5,20.5,0.0,0.0,
2020-08-26,20.5,20.5,20.5,20.5,0.0,0.0,
2020-08-27,20.5,20.5,20.5,20.5,0.0,0.0,
2020-08-28,20.5,20.5,20.5,20.5,0.0,0.0,
2020-08-31,20.5,20.5,20.5,20.5,0.0,0.0,
2020-09-01,20.5,20.5,20.5,20.5,0.0,0.0,
2020-09-02,20.5,20.5,20.5,20.5,0.0,0.0,
2020-09-03,20.5,20.5,20.5,20.5,0.0,0.0,
2020-09-04,20.5,20.5,20.5,20.5,0.0,0.0,
2020-09-07,20.5,20.5,20.5,20.5,0.0,0.0,
2020-09-08,20.5,20.5,20.5,20.5,0.0,0.0,
2020-09-09,20.5,20.5,20.5,20.5,0.0,0.0,
2020-09-10,20.5,20.5,20.5,20.5,0.0,0.0,
2020-09-11,20.5,20.5,20.5,20.5,0.0,0.0,
2020-09-14,20.5,20.5,20.5,20.5,0.0,0.0,
2020-09-15,20.5,20.5,20.5,20.5,0.0,0.0,
2020-09-16,20.5,20.5,20.5,20.5,0.0,0.0,
2020-09-17,20.5,20.5,20.5,20.5,0.0,0.0,
2020-09-18,20.5,20.5,20.5,20.5,0.0,0.0,
2020-09-21,20.5,20.5,20.5,20.5,0.0,0.0,
2020-09-22,20.5,20.5,20.5,20.5,0.0,0.0,
2020-09-23,20.5,20.5,20.5,20.5,0.0,0.0,
2020-09-24,20.5,20.5,20.5,20.5,0.0,0.0,
2020-09-25,20.5,20.5,20.5,20.5,0.0,0.0,
2020-09-28,20.5,20.5,20.5,20.5,0.0,0.0,
2020-09-29,20.5,20.5,20.5,20.5,0.0,0.0,
2020-09-30,20.5,20.5,20.5,20.5,0.0,0.0,
2020-10-01,20.5,20.5,20.5,20.5,0.0,0.0,
2020-10-02,20.5,20.5,20.5,20.5,0.0,0.0,
2020-10-05,20.5,20.5,20.5,20.5,0.0,0.0,
2020-10-06,20.5,20.5,20.5,20.5,0.0,0.0,
2020-10-07,20.5,20.5,20.5,20.5,0.0,0.0,
2020-10-08,20.5,20.5,20.5,20.5,0.0,0.0,
2020-10-09,20.5,20.5,20.5,20.5,0.0,0.0,
2020-10-12,20.5,20.5,20.5,20.5,0.0,0.0,
2020-10-13,20.5,20.5,20.5,20.5,0.0,0.0,
2020-10-14,20.5,20.5,20.5,20.5,0.0,0.0,
2020-10-15,20.5,20.5,20.5,20.5,0.0,0.0,
2020-10-16,20.5,20.5,20.5,20.5,0.0,0.0,
2020-10-19,20.5,20.5,20.5,20.5,0.0,0.0,
2020-10-20,20.5,20.5,20.5,20.5,0.0,0.0,
2020-10-21,20.5,20.5,20.5,20.5,0.0,0.0,
2020-10-22,20.5,20.5,20.5,20.5,0.0,0.0,
2020-10-23,20.5,20.5,20.5,20.5,0.0,0.0,
2020-10-26,20.5,20.5,20.5,20.5,0.0,0.0,
2020-10-27,20.5,20.5,20.5,20.5,0.0,0.0,
2020-10-28,20.5,20.5,20.5,20.5,0.0,0.0,
2020-10-29,20.5,20.5,20.5,20.5,0.0,0.0,
2020-10-30,20.5,20.5,20.5,20.5,0.0,0.0,
2020-11-02,20.5,20.5,20.5,20.5,0.0,0.0,
2020-11-03,20.5,20.5,20.5,20.5,0.0,0.0,
2020-11-04,20.5,20.5,20.5,20.5,0.0,0.0,
2020-11-05,20.5,20.5,20.5,20.5,0.0,0.0,
2020-11-06,20.5,20.5,20.5,20.5,0.0,0.0,
2020-11-09,20.5,20.5,20.5,20.5,0.0,0.0,
2020-11-10,20.5,20.5,20.5,20.5,0.0,0.0,
2020-11-11,20.5,20.5,20.5,20.5,0.0,0.0,
2020-11-12,20.5,20.5,20.5,20.5,0.0,0.0,
2020-11-13,20.5,20.5,20.5,20.5,0.0,0.0,
2020-11-16,20.5,20.5,20.5,20.5,0.0,0.0,
2020-11-17,20.5,20.5,20.5,20.5,0.0,0.0,
2020-11-18,20.5,20.5,20.5,20.5,0.0,0.0,
2020-11-19,20.5,20.5,20.5,20.5,0.0,0.0,
2020-11-20,20.5,20.5,20.5,20.5,0.0,0.0,
2020-11-23,20.5,20.5,20.5,20.5,0.0,0.0,
2020-11-24,20.5,20.5,20.5,20.5,0.0,0.0,
2020-11-25,20.5,20.5,20.5,20.5,0.0,0.0,
2020-11-26,20.5,20.5,20.5,20.5,0.0,0.0,
2020-11-27,20.5,20.5,20.5,20.5,0.0,0.0,
2020-11-30,20.5,20.5,20.5,20.5,0.0,0.0,
2020-12-01,20.5,20.5,20.5,20.5,0.0,0.0,
2020-12-02,20.5,20.5,20.5,20.5,0.0,0.0,
2020-12-03,20.5,20.5,20.5,20.5,0.0,0.0,
2020-12-04,20.5,20.5,20.5,20.5,0.0,0.0,
2020-12-07,20.5,20.5,20.5,20.5,0.0,0.0,
2020-12-08,20.5,20.5,20.5,20.5,0.0,0.0,
2020-12-09,20.5,20.5,20.5,20.5,0.0,0.0,
2020-12-10,20.5,20.5,20.5,20.5,0.0,0.0,
2020-12-11,20.5,20.5,20.5,20.5,0.0,0.0,
2020-12-14,20.5,20.5,20.5,20.5,0.0,0.0,
2020-12-15,20.5,20.5,20.5,20.5,0.0,0.0,
2020-12-16,20.5,20.5,20.5,20.5,0.0,0.0,
2020-12-17,20.5,20.5,20.5,20.5,0.0,0.0,
2020-12-18,20.5,20.5,20.5,20.5,0.0,0.0,
2020-12-21,20.5,20.5,20.5,20.5,0.0,0.0,
2020-12-22,20.5,20.5,20.5,20.5,0.0,0.0,
2020-12-23,20.5,20.5,20.5,20.5,0.0,0.0,
2020-12-24,20.5,20.5,20.5,20.5,0.0,0.0,
2020-12-28,20.5,20.5,20.5,20.5,0.0,0.0,
2020-12-29,20.5,20.5,20.5,20.5,0.0,0.0,
2020-12-30,20.5,20.5,20.5,20.5,0.0,0.0,
2020-12-31,20.5,20.5,20.5,20.5,0.0,0.0,
2021-01-04,20.5,20.5,20.5,20.5,0.0,0.0,
2021-01-05,20.5,20.5,20.5,20.5,0.0,0.0,
2021-01-06,20.5,20.5,20.5,20.5,0.0,0.0,
2021-01-07,20.5,20.5,20.5,20.5,0.0,0.0,
2021-01-08,20.5,20.5,20.5,20.5,0.0,0.0,
2021-01-11,20.5,20.5,20.5,20.5,0.0,0.0,
2021-01-12,20.5,20.5,20.5,20.5,0.0,0.0,
2021-01-13,20.5,20.5,20.5,20.5,0.0,0.0,
2021-01-14,20.5,20.5,20.5,20.5,0.0,0.0,
2021-01-15,20.5,20.5,20.5,20.5,0.0,0.0,
2021-01-18,20.5,20.5,20.5,20.5,0.0,0.0,
2021-01-19,20.5,20.5,20.5,20.5,0.0,0.0,
2021-01-20,20.5,20.5,20.5,20.5,0.0,0.0,
2021-01-21,20.5,20.5,20.5,20.5,0.0,0.0,
2021-01-22,20.5,20.5,20.5,20.5,0.0,0.0,
2021-01-25,20.5,20.5,20.5,20.5,0.0,0.0,
2021-01-26,20.5,20.5,20.5,20.5,0.0,0.0,
2021-01-27,20.5,20.5,20.5,20.5,0.0,0.0,
2021-01-28,20.5,20.5,20.5,20.5,0.0,0.0,
2021-01-29,20.5,20.5,20.5,20.5,0.0,0.0,
2021-02-01,20.5,20.5,20.5,20.5,0.0,0.0,
2021-02-02,20.5,20.5,20.5,20.5,0.0,0.0,
2021-02-03,20.5,20.5,20.5,20.5,0.0,0.0,
2021-02-04,20.5,20.5,20.5,20.5,0.0,0.0,
2021-02-05,20.5,20.5,20.5,20.5,0.0,0.0,
2021-02-08,20.5,20.5,20.5,20.5,0.0,0.0,
2021-02-09,20.5,20.5,20.5,20.5,0.0,0.0,
2021-02-10,20.5,20.5,20.5,20.5,0.0,0.0,
2021-02-11,20.5,20.5,20.5,20.5,0.0,0.0,
2021-02-12,20.5,20.5,20.5,20.5,0.0,0.0,
2021-02-15,20.5,20.5,20.5,20.5,0.0,0.0,
2021-02-16,20.5,20.5,20.5,20.5,0.0,0.0,
2021-02-17,20.5,20.5,20.5,20.5,0.0,0.0,
2021-02-18,20.5,20.5,20.5,20.5,0.0,0.0,
2021-02-19,20.5,20.5,20.5,20.5,0.0,0.0,
2021-02-22,20.5,20.5,20.5,20.5,0.0,0.0,
2021-02-23,20.5,20.5,20.5,20.5,0.0,0.0,
2021-02-24,20.5,20.5,20.5,20.5,0.0,0.0,
2021-02-25,20.5,20.5,20.5,20.5,0.0,0.0,
2021-02-26,20.5,20.5,20.5,20.5,0.0,0.0,
2021-03-01,20.5,20.5,20.5,20.5,0.0,0.0,
2021-03-02,20.5,20.5,20.5,20.5,0.0,0.0,
2021-03-03,20.5,20.5,20.5,20.5,0.0,0.0,
2021-03-04,20.5,20.5,20.5,20.5,0.0,0.0,
2021-03-05,20.5,20.5,20.5,20.5,0.0,0.0,
2021-03-08,20.5,20.5,20.5,20.5,0.0,0.0,
2021-03-09,20.5,20.5,20.5,20.5,0.0,0.0,
2021-03-10,20.5,20.5,20.5,20.5,0.0,0.0,
2021-03-11,20.5,20.5,20.5,20.5,0.0,0.0,
2021-03-12,20.5,20.5,20.5,20.5,0.0,0.0,
2021-03-15,20.5,20.5,20.5,20.5,0.0,0.0,
2021-03-16,20.5,20.5,20.5,20.5,0.0,0.0,
2021-03-17,20.5,20.5,20.5,20.5,0.0,0.0,
2021-03-18,20.5,20.5,20.5,20.5,0.0,0.0,
2021-03-19,20.5,20.5,20.5,20.5,0.0,0.0,
2021-03-22,20.5,20.5,20.5,20.5,0.0,0.0,
2021-03-23,20.5,20.5,20.5,20.5,0.0,0.0,
2021-03-24,20.5,20.5,20.5,20.5,0.0,0.0,
2021-03-25,20.5,20.5,20.5,20.5,0.0,0.0,
2021-03-26,20.5,20.5,20.5,20.5,0.0,0.0,
2021-03-29,20.5,20.5,20.5,20.5,0.0,0.0,
2021-03-30,20.5,20.5,20.5,20.5,0.0,0.0,
2021-03-31,20.5,20.5,20.5,20.5,0.0,0.0,
2021-04-01,20.5,20.5,20.5,20.5,0.0,0.0,
2021-04-06,20.5,20.5,20.5,20.5,0.0,0.0,
2021-04-07,20.5,20.5,20.5,20.5,0.0,0.0,
2021-04-08,20.5,20.5,20.5,20.5,0.0,0.0,
2021-04-09,20.5,20.5,20.5,20.5,0.0,0.0,
2021-04-12,20.5,20.5,20.5,20.5,0.0,0.0,
2021-04-13,20.5,20.5,20.5,20.5,0.0,0.0,
2021-04-14,20.5,20.5,20.5,20.5,0.0,0.0,
2021-04-15,20.5,20.5,20.5,20.5,0.0,0.0,
2021-04-16,20.5,20.5,20.5,20.5,0.0,0.0,
2021-04-19,20.5,20.5,20.5,20.5,0.0,0.0,
2021-04-20,20.5,20.5,20.5,20.5,0.0,0.0,
2021-04-21,20.5,20.5,20.5,20.5,0.0,0.0,
2021-04-22,20.5,20.5,20.5,20.5,0.0,0.0,
2021-04-23,20.5,20.5,20.5,20.5,0.0,0.0,
2021-04-26,20.5,20.5,20.5,20.5,0.0,0.0,
2021-04-27,20.5,20.5,20.5,20.5,0.0,0.0,
2021-04-28,20.5,20.5,20.5,20.5,0.0,0.0,
2021-04-29,20.5,20.5,20.5,20.5,0.0,0.0,
2021-04-30,20.5,20.5,20.5,20.5,0.0,0.0,
2021-05-03,20.5,20.5,20.5,20.5,0.0,0.0,
2021-05-04,20.5,20.5,20.5,20.5,0.0,0.0,
2021-05-05,20.5,20.5,20.5,20.5,0.0,0.0,
2021-05-06,20.5,20.5,20.5,20.5,0.0,0.0,
2021-05-07,20.5,20.5,20.5,20.5,0.0,0.0,
2021-05-10,20.5,20.5,20.5,20.5,0.0,0.0,
2021-05-11,20.5,20.5,20.5,20.5,0.0,0.0,
2021-05-12,20.5,20.5,20.5,20.5,0.0,0.0,
2021-05-13,20.5,20.5,20.5,20.5,0.0,0.0,
2021-05-14,20.5,20.5,20.5,20.5,0.0,0.0,
2021-05-17,20.5,20.5,20.5,20.5,0.0,0.0,
2021-05-18,20.5,20.5,20.5,20.5,0.0,0.0,
2021-05-19,20.5,20.5,20.5,20.5,0.0,0.0,
2021-05-20,20.5,20.5,20.5,20.5,0.0,0.0,
2021-05-21,20.5,20.5,20.5,20.5,0.0,0.0,
2021-05-24,20.5,20.5,20.5,20.5,0.0,0.0,
2021-05-25,20.5,20.5,20.5,20.5,0.0,0.0,
2021-05-26,20.5,20.5,20.5,20.5,0.0,0.0,
2021-05-27,20.5,20.5,20.5,20.5,0.0,0.0,
2021-05-28,20.5,20.5,20.5,20.5,0.0,0.0,
2021-05-31,20.5,20.5,20.5,20.5,0.0,0.0,
2021-06-01,20.5,20.5,20.5,20.5,0.0,0.0,
2021-06-02,20.5,20.5,20.5,20.5,0.0,0.0,
2021-06-03,20.5,20.5,20.5,20.5,0.0,0.0,
2021-06-04,20.5,20.5,20.5,20.5,0.0,0.0,
2021-06-07,20.5,20.5,20.5,20.5,0.0,0.0,
2021-06-08,20.5,20.5,20.5,20.5,0.0,0.0,
2021-06-09,20.5,20.5,20.5,20.5,0.0,0.0,
2021-06-10,20.5,20.5,20.5,20.5,0.0,0.0,
2021-06-11,20.5,20.5,20.5,20.5,0.0,0.0,
2021-06-14,20.5,20.5,20.5,20.5,0.0,0.0,
2021-06-15,20.5,20.5,20.5,20.5,0.0,0.0,
2021-06-16,20.5,20.5,20.5,20.5,0.0,0.0,
2021-06-17,20.5,20.5,20.5,20.5,0.0,0.0,
2021-06-18,20.5,20.5,20.5,20.5,0.0,0.0,
2021-06-21,20.5,20.5,20.5,20.5,0.0,0.0,
2021-06-22,20.5,20.5,20.5,20.5,0.0,0.0,
2021-06-23,20.5,20.5,20.5,20.5,0.0,0.0,
2021-06-24,20.5,20.5,20.5,20.5,0.0,0.0,
2021-06-25,20.5,20.5,20.5,20.5,0.0,0.0,
2021-06-28,20.5,20.5,20.5,20.5,0.0,0.0,
2021-06-29,20.5,20.5,20.5,20.5,0.0,0.0,
2021-06-30,20.5,20.5,20.5,20.5,0.0,0.0,
2021-07-01,20.5,20.5,20.5,20.5,0.0,0.0,
2021-07-02,20.5,20.5,20.5,20.5,0.0,0.0,
2021-07-05,20.5,20.5,20.5,20.5,0.0,0.0,
2021-07-06,20.5,20.5,20.5,20.5,0.0,0.0,
2021-07-07,20.5,20.5,20.5,20.5,0.0,0.0,
2021-07-08,20.5,20.5,20.5,20.5,0.0,0.0,
2021-07-09,20.5,20.5,20.5,20.5,0.0,0.0,
2021-07-12,20.5,20.5,20.5,20.5,0.0,0.0,
2021-07-13,20.5,20.5,20.5,20.5,0.0,0.0,
2021-07-14,20.5,20.5,20.5,20.5,0.0,0.0,
2021-07-15,20.5,20.5,20.5,20.5,0.0,0.0,
2021-07-16,20.5,20.5,20.5,20.5,0.0,0.0,
2021-07-19,20.5,20.5,20.5,20.5,0.0,0.0,
2021-07-20,20.5,20.5,20.5,20.5,0.0,0.0,
2021-07-21,20.5,20.5,20.5,20.5,0.0,0.0,
2021-07-22,20.5,20.5,20.5,20.5,0.0,0.0,
2021-07-23,20.5,20.5,20.5,20.5,0.0,0.0,
2021-07-26,20.5,20.5,20.5,20.5,0.0,0.0,
2021-07-27,20.5,20.5,20.5,20.5,0.0,0.0,
2021-07-28,20.5,20.5,20.5,20.5,0.0,0.0,
2021-07-29,20.5,20.5,20.5,20.5,0.0,0.0,
2021-07-30,20.5,20.5,20.5,20.5,0.0,0.0,
2021-08-02,20.5,20.5,20.5,20.5,0.0,0.0,
2021-08-03,20.5,20.5,20.5,20.5,0.0,0.0,
2021-08-04,20.5,20.5,20.5,20.5,0.0,0.0,
2021-08-05,20.5,20.5,20.5,20.5,0.0,0.0,
2021-08-06,20.5,20.5,20.5,20.5,0.0,0.0,
2021-08-09,20.5,20.5,20.5,20.5,0.0,0.0,
2021-08-10,20.5,20.5,20.5,20.5,0.0,0.0,
2021-08-11,20.5,20.5,20.5,20.5,0.0,0.0,
2021-08-12,20.5,20.5,20.5,20.5,0.0,0.0,
2021-08-13,20.5,20.5,20.5,20.5,0.0,0.0,
2021-08-16,20.5,20.5,20.5,20.5,0.0,0.0,
2021-08-17,20.5,20.5,20.5,20.5,0.0,0.0,
2021-08-18,20.5,20.5,20.5,20.5,0.0,0.0,
2021-08-19,20.5,20.5,20.5,20.5,0.0,0.0,
2021-08-20,20.5,20.5,20.5,20.5,0.0,0.0,
2021-08-23,20.5,20.5,20.5,20.5,0.0,0.0,
2021-08-24,20.5,20.5,20.5,20.5,0.0,0.0,
2021-08-25,20.5,20.5,20.5,20.5,0.0,0.0,
2021-08-26,20.5,20.5,20.5,20.5,0.0,0.0,
2021-08-27,20.5,20.5,20.5,20.5,0.0,0.0,
2021-08-30,20.5,20.5,20.5,20.5,0.0,0.0,
2021-08-31,20.5,20.5,20.5,20.5,0.0,0.0,
2021-09-01,20.5,20.5,20.5,20.5,0.0,0.0,
2021-09-02,20.5,20.5,20.5,20.5,0.0,0.0,
2021-09-03,20.5,20.5,20.5,20.5,0.0,0.0,
2021-09-06,20.5,20.5,20.5,20.5,0.0,0.0,
2021-09-07,20.5,20.5,20.5,20.5,0.0,0.0,
2021-09-08,20.5,20.5,20.5,20.5,0.0,0.0,
2021-09-09,20.5,20.5,20.5,20.5,0.0,0.0,
2021-09-10,20.5,20.5,20.5,20.5,0.0,0.0,
2021-09-13,20.5,20.5,20.5,20.5,0.0,0.0,
2021-09-14,20.5,20.5,20.5,20.5,0.0,0.0,
2021-09-15,20.5,20.5,20.5,20.5,0.0,0.0,
2021-09-16,20.5,20.5,20.5,20.5,0.0,0.0,
2021-09-17,20.5,20.5,20.5,20.5,0.0,0.0,
2021-09-20,20.5,20.5,20.5,20.5,0.0,0.0,
2021-09-21,20.5,20.5,20.5,20.5,0.0,0.0,
2021-09-22,20.5,20.5,20.5,20.5,0.0,0.0,
2021-09-23,20.5,20.5,20.5,20.5,0.0,0.0,
2021-09-24,20.5,20.5,20.5,20.5,0.0,0.0,
2021-09-27,20.5,20.5,20.5,20.5,0.0,0.0,
2021-09-28,20.5,20.5,20.5,20.5,0.0,0.0,
2021-09-29,20.5,20.5,20.5,20.5,0.0,0.0,
2021-09-30,20.5,20.5,20.5,20.5,0.0,0.0,
2021-10-01,20.5,20.5,20.5,20.5,0.0,0.0,
2021-10-04,20.5,20.5,20.5,20.5,0.0,0.0,
2021-10-05,20.5,20.5,20.5,20.5,0.0,0.0,
2021-10-06,20.5,20.5,20.5,20.5,0.0,0.0,
2021-10-07,20.5,20.5,20.5,20.5,0.0,0.0,
2021-10-08,20.5,20.5,20.5,20.5,0.0,0.0,
2021-10-11,20.5,20.5,20.5,20.5,0.0,0.0,
2021-10-12,20.5,20.5,20.5,20.5,0.0,0.0,
2021-10-13,20.5,20.5,20.5,20.5,0.0,0.0,
2021-10-14,20.5,20.5,20.5,20.5,0.0,0.0,
2021-10-15,20.5,20.5,20.5,20.5,0.0,0.0,
2021-10-18,20.5,20.5,20.5,20.5,0.0,0.0,
2021-10-19,20.5,20.5,20.5,20.5,0.0,0.0,
2021-10-20,20.5,20.5,20.5,20.5,0.0,0.0,
2021-10-21,20.5,20.5,20.5,20.5,0.0,0.0,
2021-10-22,20.5,20.5,20.5,20.5,0.0,0.0,
2021-10-25,20.5,20.5,20.5,20.5,0.0,0.0,
2021-10-26,20.5,20.5,20.5,20.5,0.0,0.0,
2021-10-27,20.5,20.5,20.5,20.5,0.0,0.0,
2021-10-28,20.5,20.5,20.5,20.5,0.0,0.0,
2021-10-29,20.5,20.5,20.5,20.5,0.0,0.0,
2021-11-01,20.5,20.5,20.5,20.5,0.0,0.0,
2021-11-02,20.5,20.5,20.5,20.5,0.0,0.0,
2021-11-03,20.5,20.5,20.5,20.5,0.0,0.0,
2021-11-04,20.5,20.5,20.5,20.5,0.0,0.0,
2021-11-05,20.5,20.5,20.5,20.5,0.0,0.0,
2021-11-08,20.5,20.5,20.5,20.5,0.0,0.0,
2021-11-09,20.5,20.5,20.5,20.5,0.0,0.0,
2021-11-10,20.5,20.5,20.5,20.5,0.0,0.0,
2021-11-11,20.5,20.5,20.5,20.5,0.0,0.0,
2021-11-12,20.5,20.5,20.5,20.5,0.0,0.0,
2021-11-15,20.5,20.5,20.5,20.5,0.0,0.0,
2021-11-16,20.5,20.5,20.5,20.5,0.0,0.0,
2021-11-17,20.5,20.5,20.5,20.5,0.0,0.0,
2021-11-18,20.5,20.5,20.5,20.5,0.0,0.0,
2021-11-19,20.5,20.5,20.5,20.5,0.0,0.0,
2021-11-22,20.5,20.5,20.5,20.5,0.0,0.0,
2021-11-23,20.5,20.5,20.5,20.5,0.0,0.0,
2021-11-24,20.5,20.5,20.5,20.5,0.0,0.0,
2021-11-25,20.5,20.5,20.5,20.5,0.0,0.0,
2021-11-26,20.5,20.5,20.5,20.5,0.0,0.0,
2021-11-29,20.5,20.5,20.5,20.5,0.0,0.0,
2021-11-30,20.5,20.5,20.5,20.5,0.0,0.0,
2021-12-01,20.5,20.5,20.5,20.5,0.0,0.0,
2021-12-02,20.5,20.5,20.5,20.5,0.0,0.0,
2021-12-03,20.5,20.5,20.5,20.5,0.0,0.0,
2021-12-06,20.5,20.5,20.5,20.5,0.0,0.0,
2021-12-07,20.5,20.5,20.5,20.5,0.0,0.0,
2021-12-08,20.5,20.5,20.5,20.5,0.0,0.0,
2021-12-09,20.5,20.5,20.5,20.5,0.0,0.0,
2021-12-10,20.5,20.5,20.5,20.5,0.0,0.0,
2021-12-13,20.5,20.5,20.5,20.5,0.0,0.0,
2021-12-14,20.5,20.5,20.5,20.5,0.0,0.0,
2021-12-15,20.5,20.5,20.5,20.5,0.0,0.0,
2021-12-16,20.5,20.5,20.5,20.5,0.0,0.0,
2021-12-17,20.5,20.5,20.5,20.5,0.0,0.0,
2021-12-20,20.5,20.5,20.5,20.5,0.0,0.0,
2021-12-21,20.5,20.5,20.5,20.5,0.0,0.0,
2021-12-22,20.5,20.5,20.5,20.5,0.0,0.0,
2021-12-23,20.5,20.5,20.5,20.5,0.0,0.0,
2021-12-24,20.5,20.5,20.5,20.5,0.0,0.0,
2021-12-27,20.5,20.5,20.5,20.5,0.0,0.0,
2021-12-28,20.5,20.5,20.5,20.5,0.0,0.0,
2021-12-29,20.5,20.5,20.5,20.5,0.0,0.0,
2021-12-30,20.5,20.5,20.5,20.5,0.0,0.0,
2021-12-31,20.5,20.5,20.5,20.5,0.0,0.0,
2022-01-03,20.5,20.5,20.5,20.5,0.0,0.0,
2022-01-04,20.5,20.5,20.5,20.5,0.0,0.0,
2022-01-05,20.5,20.5,20.5,20.5,0.0,0.0,
2022-01-06,20.5,20.5,20.5,20.5,0.0,0.0,
2022-01-07,20.5,20.5,20.5,20.5,0.0,0.0,
2022-01-10,20.5,20.5,20.5,20.5,0.0,0.0,
2022-01-11,20.5,20.5,20.5,20.5,0.0,0.0,
2022-01-12,20.5,20.5,20.5,20.5,0.0,0.0,
2022-01-13,20.5,20.5,20.5,20.5,0.0,0.0,
2022-01-14,20.5,20.5,20.5,20.5,0.0,0.0,
2022-01-17,20.5,20.5,20.5,20.5,0.0,0.0,
2022-01-18,20.5,20.5,20.5,20.5,0.0,0.0,
2022-01-19,20.5,20.5,20.5,20.5,0.0,0.0,
2022-01-20,20.5,20.5,20.5,20.5,0.0,0.0,
2022-01-21,20.5,20.5,20.5,20.5,0.0,0.0,
2022-01-24,20.5,20.5,20.5,20.5,0.0,0.0,
2022-01-25,20.5,20.5,20.5,20.5,0.0,0.0,
2022-01-26,20.5,20.5,20.5,20.5,0.0,0.0,
2022-01-27,20.5,20.5,20.5,20.5,0.0,0.0,
2022-01-28,20.5,20.5,20.5,20.5,0.0,0.0,
2022-01-31,20.5,20.5,20.5,20.5,0.0,0.0,
2022-02-01,20.5,20.5,20.5,20.5,0.0,0.0,
2022-02-02,20.5,20.5,20.5,20.5,0.0,0.0,
2022-02-03,20.5,20.5,20.5,20.5,0.0,0.0,
2022-02-04,20.5,20.5,20.5,20.5,0.0,0.0,
2022-02-07,20.5,20.5,20.5,20.5,0.0,0.0,
2022-02-08,20.5,20.5,20.5,20.5,0.0,0.0,
2022-02-09,20.5,20.5,20.5,20.5,0.0,0.0,
2022-02-10,20.5,20.5,20.5,20.5,0.0,0.0,
2022-02-11,20.5,20.5,20.5,20.5,0.0,0.0,
2022-02-14,20.5,20.5,20.5,20.5,0.0,0.0,
2022-02-15,20.5,20.5,20.5,20.5,0.0,0.0,
2022-02-16,20.5,20.5,20.5,20.5,0.0,0.0,
2022-02-17,20.5,20.5,20.5,20.5,0.0,0.0,
2022-02-18,20.5,20.5,20.5,20.5,0.0,0.0,
2022-02-21,20.5,20.5,20.5,20.5,0.0,0.0,
2022-02-22,20.5,20.5,20.5,20.5,0.0,0.0,
2022-02-23,20.5,20.5,20.5,20.5,0.0,0.0,
2022-02-24,20.5,20.5,20.5,20.5,0.0,0.0,
2022-02-25,20.5,20.5,20.5,20.5,0.0,0.0,
2022-02-28,20.5,20.5,20.5,20.5,0.0,0.0,
2022-03-01,20.5,20.5,20.5,20.5,0.0,0.0,
2022-03-02,20.5,20.5,20.5,20.5,0.0,0.0,
2022-03-03,20.5,20.5,20.5,20.5,0.0,0.0,
2022-03-04,20.5,20.5,20.5,20.5,0.0,0.0,
2022-03-07,20.5,20.5,20.5,20.5,0.0,0.0,
2022-03-08,20.5,20.5,20.5,20.5,0.0,0.0,
2022-03-09,20.5,20.5,20.5,20.5,0.0,0.0,
2022-03-10,20.5,20.5,20.5,20.5,0.0,0.0,
2022-03-11,20.5,20.5,20.5,20.5,0.0,0.0,
2022-03-14,20.5,20.5,20.5,20.5,0.0,0.0,
2022-03-15,20.5,20.5,20.5,20.5,0.0,0.0,
2022-03-16,20.5,20.5,20.5,20.5,0.0,0.0,
2022-03-17,20.5,20.5,20.5,20.5,0.0,0.0,
2022-03-18,20.5,20.5,20.5,20.5,0.0,0.0,
2022-03-21,20.5,20.5,20.5,20.5,0.0,0.0,
2022-03-22,20.5,20.5,20.5,20.5,0.0,0.0,
2022-03-23,20.5,20.5,20.5,20.5,0.0,0.0,
2022-03-24,20.5,20.5,20.5,20.5,0.0,0.0,
2022-03-25,20.5,20.5,20.5,20.5,0.0,0.0,
2022-03-28,20.5,20.5,20.5,20.5,0.0,0.0,
2022-03-29,20.5,20.5,20.5,20.5,0.0,0.0,
2022-03-30,20.5,20.5,20.5,20.5,0.0,0.0,
2022-03-31,20.5,20.5,20.5,20.5,0.0,0.0,
2022-04-01,20.5,20.5,20.5,20.5,0.0,0.0,
2022-04-04,20.5,20.5,20.5,20.5,0.0,0.0,
2022-04-05,20.5,20.5,20.5,20.5,0.0,0.0,
2022-04-06,20.5,20.5,20.5,20.5,0.0,0.0,
2022-04-07,20.5,20.5,20.5,20.5,0.0,0.0,
2022-04-08,20.5,20.5,20.5,20.5,0.0,0.0,
2022-04-11,20.5,20.5,20.5,20.5,0.0,0.0,
2022-04-12,20.5,20.5,20.5,20.5,0.0,0.0,
2022-04-13,20.5,20.5,20.5,20.5,0.0,0.0,
2022-04-14,20.5,20.5,20.5,20.5,0.0,0.0,
2022-04-19,20.5,20.5,20.5,20.5,0.0,0.0,
2022-04-20,20.5,20.5,20.5,20.5,0.0,0.0,
2022-04-21,20.5,20.5,20.5,20.5,0.0,0.0,
2022-04-22,20.5,20.5,20.5,20.5,0.0,0.0,
2022-04-25,20.5,20.5,20.5,20.5,0.0,0.0,
2022-04-26,20.5,20.5,20.5,20.5,0.0,0.0,
2022-04-27,20.5,20.5,20.5,20.5,0.0,0.0,
2022-04-28,20.5,20.5,20.5,20.5,0.0,0.0,
2022-04-29,20.5,20.5,20.5,20.5,0.0,0.0,
2022-05-02,20.5,20.5,20.5,20.5,0.0,0.0,
2022-05-03,20.5,20.5,20.5,20.5,0.0,0.0,
2022-05-04,20.5,20.5,20.5,20.5,0.0,0.0,
2022-05-05,20.5,20.5,20.5,20.5,0.0,0.0,
2022-05-06,20.5,20.5,20.5,20.5,0.0,0.0,
2022-05-09,20.5,20.5,20.5,20.5,0.0,0.0,
2022-05-10,20.5,20.5,20.5,20.5,0.0,0.0,
2022-05-11,20.5,20.5,20.5,20.5,0.0,0.0,
2022-05-12,20.5,20.5,20.5,20.5,0.0,0.0,
2022-05-13,20.5,20.5,20.5,20.5,0.0,0.0,
2022-05-16,20.5,20.5,20.5,20.5,0.0,0.0,
2022-05-17,20.5,20.5,20.5,20.5,0.0,0.0,
2022-05-18,20.5,20.5,20.5,20.5,0.0,0.0,
2022-05-19,20.5,20.5,20.5,20.5,0.0,0.0,
2022-05-20,20.5,20.5,20.5,20.5,0.0,0.0,
2022-05-23,20.5,20.5,20.5,20.5,0.0,0.0,
2022-05-24,20.5,20.5,20.5,20.5,0.0,0.0,
2022-05-25,20.5,20.5,20.5,20.5,0.0,0.0,
2022-05-26,20.5,20.5,20.5,20.5,0.0,0.0,
2022-05-27,20.5,20.5,20.5,20.5,0.0,0.0,
2022-05-30,20.5,20.5,20.5,20.5,0.0,0.0,
2022-05-31,20.5,20.5,20.5,20.5,0.0,0.0,
2022-06-01,20.5,20.5,20.5,20.5,0.0,0.0,
2022-06-02,20.5,20.5,20.5,20.5,0.0,0.0,
2022-06-03,20.5,20.5,20.5,20.5,0.0,0.0,
2022-06-06,20.5,20.5,20.5,20.5,0.0,0.0,
2022-06-07,20.5,20.5,20.5,20.5,0.0,0.0,
2022-06-08,20.5,20.5,20.5,20.5,0.0,0.0,
2022-06-09,20.5,20.5,20.5,20.5,0.0,0.0,
2022-06-10,20.5,20.5,20.5,20.5,0.0,0.0,
2022-06-13,20.5,20.5,20.5,20.5,0.0,0.0,
2022-06-14,20.5,20.5,20.5,20.5,0.0,0.0,
2022-06-15,20.5,20.5,20.5,20.5,0.0,0.0,
2022-06-16,20.5,20.5,20.5,20.5,0.0,0.0,
2022-06-17,20.5,20.5,20.5,20.5,0.0,0.0,
2022-06-20,20.5,20.5,20.5,20.5,0.0,0.0,
2022-06-21,20.5,20.5,20.5,20.5,0.0,0.0,
2022-06-22,20.5,20.5,20.5,20.5,0.0,0.0,
2022-06-23,20.5,20.5,20.5,20.5,0.0,0.0,
2022-06-24,20.5,20.5,20.5,20.5,0.0,0.0,
2022-06-27,20.5,20.5,20.5,20.5,0.0,0.0,
2022-06-28,20.5,20.5,20.5,20.5,0.0,0.0,
2022-06-29,20.5,20.5,20.5,20.5,0.0,0.0,
2022-06-30,20.5,20.5,20.5,20.5,0.0,0.0,
2022-07-01,20.5,20.5,20.5,20.5,0.0,0.0,
2022-07-04,20.5,20.5,20.5,20.5,0.0,0.0,
2022-07-05,20.5,20.5,20.5,20.5,0.0,0.0,
2022-07-06,20.5,20.5,20.5,20.5,0.0,0.0,
2022-07-07,20.5,20.5,20.5,20.5,0.0,0.0,
2022-07-08,20.5,20.5,20.5,20.5,0.0,0.0,
2022-07-11,20.5,20.5,20.5,20.5,0.0,0.0,
2022-07-12,20.5,20.5,20.5,20.5,0.0,0.0,
2022-07-13,20.5,20.5,20.5,20.5,0.0,0.0,
2022-07-14,20.5,20.5,20.5,20.5,0.0,0.0,
2022-07-15,20.5,20.5,20.5,20.5,0.0,0.0,
2022-07-18,20.5,20.5,20.5,20.5,0.0,0.0,
2022-07-19,20.5,20.5,20.5,20.5,0.0,0.0,
2022-07-20,20.5,20.5,20.5,20.5,0.0,0.0,
2022-07-21,20.5,20.5,20.5,20.5,0.0,0.0,
2022-07-22,20.5,20.5,20.5,20.5,0.0,0.0,
2022-07-25,20.5,20.5,20.5,20.5,0.0,0.0,
2022-07-26,20.5,20.5,20.5,20.5,0.0,0.0,
2022-07-27,20.5,20.5,20.5,20.5,0.0,0.0,
2022-07-28,20.5,20.5,20.5,20.5,0.0,0.0,
2022-07-29,20.5,20.5,20.5,20.5,0.0,0.0,
2022-08-01,20.5,20.5,20.5,20.5,0.0,0.0,
2022-08-02,20.5,20.5,20.5,20.5,0.0,0.0,
2022-08-03,20.5,20.5,20.5,20.5,0.0,0.0,
2022-08-04,20.5,20.5,20.5,20.5,0.0,0.0,
2022-08-05,20.5,20.5,20.5,20.5,0.0,0.0,
2022-08-08,20.5,20.5,20.5,20.5,0.0,0.0,
2022-08-09,20.5,20.5,20.5,20.5,0.0,0.0,
2022-08-10,20.5,20.5,20.5,20.5,0.0,0.0,
2022-08-11,20.5,20.5,20.5,20.5,0.0,0.0,
2022-08-12,20.5,20.5,20.5,20.5,0.0,0.0,
2022-08-15,20.5,20.5,20.5,20.5,0.0,0.0,
2022-08-16,20.5,20.5,20.5,20.5,0.0,0.0,
2022-08-17,20.5,20.5,20.5,20.5,0.0,0.0,
2022-08-18,20.5,20.5,20.5,20.5,0.0,0.0,
2022-08-19,20.5,20.5,20.5,20.5,0.0,0.0,
2022-08-22,20.5,20.5,20.5,20.5,0.0,0.0,
2022-08-23,20.5,20.5,20.5,20.5,0.0,0.0,
2022-08-24,20.5,20.5,20.5,20.5,0.0,0.0,
2022-08-25,20.5,20.5,20.5,20.5,0.0,0.0,
2022-08-26,20.5,20.5,20.5,20.5,0.0,0.0,
2022-08-29,20.5,20.5,20.5,20.5,0.0,0.0,
2022-08-30,20.5,20.5,20.5,20.5,0.0,0.0,
2022-08-31,20.5,20.5,20.5,20.5,0.0,0.0,
2022-09-01,20.5,20.5,20.5,20.5,0.0,0.0,
2022-09-02,20.5,20.5,20.5,20.5,0.0,0.0,
2022-09-05,20.5,20.5,20.5,20.5,0.0,0.0,
2022-09-06,20.5,20.5,20.5,20.5,0.0,0.0,
2022-09-07,20.5,20.5,20.5,20.5,0.0,0.0,
2022-09-08,20.5,20.5,20.5,20.5,0.0,0.0,
2022-09-09,20.5,20.5,20.5,20.5,0.0,0.0,
2022-09-12,20.5,20.5,20.5,20.5,0.0,0.0,
2022-09-13,20.5,20.5,20.5,20.5,0.0,0.0,
2022-09-14,20.5,20.5,20.5,20.5,0.0,0.0,
2022-09-15,20.5,20.5,20.5,20.5,0.0,0.0,
2022-09-16,20.5,20.5,20.5,20.5,0.0,0.0,
2022-09-19,20.5,20.5,20.5,20.5,0.0,0.0,
2022-09-20,20.5,20.5,20.5,20.5,0.0,0.0,
2022-09-21,20.5,20.5,20.5,20.5,0.0,0.0,
2022-09-22,20.5,20.5,20.5,20.5,0.0,0.0,
2022-09-23,20.5,20.5,20.5,20.5,0.0,0.0,
2022-09-26,20.5,20.5,20.5,20.5,0.0,0.0,
2022-09-27,20.5,20.5,20.5,20.5,0.0,0.0,
2022-09-28,20.5,20.5,20.5,20.5,0.0,0.0,
2022-09-29,20.5,20.5,20.5,20.5,0.0,0.0,
2022-09-30,20.5,20.5,20.5,20.5,0.0,0.0,
2022-10-03,20.5,20.5,20.5,20.5,0.0,0.0,
2022-10-04,20.5,20.5,20.5,20.5,0.0,0.0,
2022-10-05,20.5,20.5,20.5,20.5,0.0,0.0,
2022-10-06,20.5,20.5,20.5,20.5,0.0,0.0,
2022-10-07,20.5,20.5,20.5,20.5,0.0,0.0,
2022-10-10,20.5,20.5,20.5,20.5,0.0,0.0,
2022-10-11,20.5,20.5,20.5,20.5,0.0,0.0,
2022-10-12,20.5,20.5,20.5,20.5,0.0,0.0,
2022-10-13,20.5,20.5,20.5,20.5,0.0,0.0,
2022-10-14,20.5,20.5,20.5,20.5,0.0,0.0,
2022-10-17,20.5,20.5,20.5,20.5,0.0,0.0,
2022-10-18,20.5,20.5,20.5,20.5,0.0,0.0,
2022-10-19,20.5,20.5,20.5,20.5,0.0,0.0,
2022-10-20,20.5,20.5,20.5,20.5,0.0,0.0,
2022-10-21,20.5,20.5,20.5,20.5,0.0,0.0,
2022-10-24,20.5,20.5,20.5,20.5,0.0,0.0,
2022-10-25,20.5,20.5,20.5,20.5,0.0,0.0,
2022-10-26,20.5,20.5,20.5,20.5,0.0,0.0,
2022-10-27,20.5,20.5,20.5,20.5,0.0,0.0,
2022-10-28,20.5,20.5,20.5,20.5,0.0,0.0,
2022-10-31,20.5,20.5,20.5,20.5,0.0,0.0,
2022-11-01,20.5,20.5,20.5,20.5,0.0,0.0,
2022-11-02,20.5,20.5,20.5,20.5,0.0,0.0,
2022-11-03,20.5,20.5,20.5,20.5,0.0,0.0,
2022-11-04,20.5,20.5,20.5,20.5,0.0,0.0,
2022-11-07,20.5,20.5,20.5,20.5,0.0,0.0,
2022-11-08,20.5,20.5,20.5,20.5,0.0,0.0,
2022-11-09,20.5,20.5,20.5,20.5,0.0,0.0,
2022-11-10,20.5,20.5,20.5,20.5,0.0,0.0,
2022-11-11,20.5,20.5,20.5,20.5,0.0,0.0,
2022-11-14,20.5,20.5,20.5,20.5,0.0,0.0,
2022-11-15,20.5,20.5,20.5,20.5,0.0,0.0,
2022-11-16,20.5,20.5,20.5,20.5,0.0,0.0,
2022-11-17,20.5,20.5,20.5,20.5,0.0,0.0,
2022-11-18,20.5,20.5,20.5,20.5,0.0,0.0,
2022-11-21,20.5,20.5,20.5,20.5,0.0,0.0,
2022-11-22,20.5,20.5,20.5,20.5,0.0,0.0,
2022-11-23,20.5,20.5,20.5,20.5,0.0,0.0,
2022-11-24,20.5,20.5,20.5,20.5,0.0,0.0,
2022-11-25,20.5,20.5,20.5,20.5,0.0,0.0,
2022-11-28,20.5,20.5,20.5,20.5,0.0,0.0,
2022-11-29,20.5,20.5,20.5,20.5,0.0,0.0,
2022-11-30,20.5,20.5,20.5,20.5,0.0,0.0,
2022-12-01,20.5,20.5,20.5,20.5,0.0,0.0,
2022-12-02,20.5,20.5,20.5,20.5,0.0,0.0,
2022-12-05,20.5,20.5,20.5,20.5,0.0,0.0,
2022-12-06,20.5,20.5,20.5,20.5,0.0,0.0,
2022-12-07,20.5,20.5,20.5,20.5,0.0,0.0,
2022-12-08,20.5,20.5,20.5,20.5,0.0,0.0,
2022-12-09,20.5,20.5,20.5,20.5,0.0,0.0,
2022-12-12,20.5,20.5,20.5,20.5,0.0,0.0,
2022-12-13,20.5,20.5,20.5,20.5,0.0,0.0,
2022-12-14,20.5,20.5,20.5,20.5,0.0,0.0,
2022-12-15,20.5,20.5,20.5,20.5,0.0,0.0,
2022-12-16,20.5,20.5,20.5,20.5,0.0,0.0,
2022-12-19,20.5,20.5,20.5,20.5,0.0,0.0,
2022-12-20,20.5,20.5,20.5,20.5,0.0,0.0,
2022-12-21,20.5,20.5,20.5,20.5,0.0,0.0,
2022-12-22,20.5,20.5,20.5,20.5,0.0,0.0,
2022-12-23,20.5,20.5,20.5,20.5,0.0,0.0,
2022-12-27,20.5,20.5,20.5,20.5,0.0,0.0,
2022-12-28,20.5,20.5,20.5,20.5,0.0,0.0,
2022-12-29,20.5,20.5,20.5,20.5,0.0,0.0,
2022-12-30,20.5,20.5,20.5,20.5,0.0,0.0,
2023-01-02,20.5,20.5,20.5,20.5,0.0,0.0,
2023-01-03,20.5,20.5,20.5,20.5,0.0,0.0,
2023-01-04,20.5,20.5,20.5,20.5,0.0,0.0,
2023-01-05,20.5,20.5,20.5,20.5,0.0,0.0,
2023-01-06,20.5,20.5,20.5,20.5,0.0,0.0,
2023-01-09,20.5,20.5,20.5,20.5,0.0,0.0,
2023-01-10,20.5,20.5,20.5,20.5,0.0,0.0,
2023-01-11,20.5,20.5,20.5,20.5,0.0,0.0,
2023-01-12,20.5,20.5,20.5,20.5,0.0,0.0,
2023-01-13,20.5,20.5,20.5,20.5,0.0,0.0,
2023-01-16,20.5,20.5,20.5,20.5,0.0,0.0,
2023-01-17,20.5,20.5,20.5,20.5,0.0,0.0,
2023-01-18,20.5,20.5,20.5,20.5,0.0,0.0,
2023-01-19,20.5,20.5,20.5,20.5,0.0,0.0,
2023-01-20,20.5,20.5,20.5,20.5,0.0,0.0,
2023-01-23,20.5,20.5,20.5,20.5,0.0,0.0,
2023-01-24,20.5,20.5,20.5,20.5,0.0,0.0,
2023-01-25,20.5,20.5,20.5,20.5,0.0,0.0,
2023-01-26,20.5,20.5,20.5,20.5,0.0,0.0,
2023-01-27,20.5,20.5,20.5,20.5,0.0,0.0,
2023-01-30,20.5,20.5,20.5,20.5,0.0,0.0,
2023-01-31,20.5,20.5,20.5,20.5,0.0,0.0,
2023-02-01,20.5,20.5,20.5,20.5,0.0,0.0,
2023-02-02,20.5,20.5,20.5,20.5,0.0,0.0,
2023-02-03,20.5,20.5,20.5,20.5,0.0,0.0,
2023-02-06,20.5,20.5,20.5,20.5,0.0,0.0,
2023-02-07,20.5,20.5,20.5,20.5,0.0,0.0,
2023-02-08,20.5,20.5,20.5,20.5,0.0,0.0,
2023-02-09,20.5,20.5,20.5,20.5,0.0,0.0,
2023-02-10,20.5,20.5,20.5,20.5,0.0,0.0,
2023-02-13,20.5,20.5,20.5,20.5,0.0,0.0,
2023-02-14,20.5,20.5,20.5,20.5,0.0,0.0,
2023-02-15,20.5,20.5,20.5,20.5,0.0,0.0,
2023-02-16,20.5,20.5,20.5,20.5,0.0,0.0,
2023-02-17,20.5,20.5,20.5,20.5,0.0,0.0,
2023-02-20,20.5,20.5,20.5,20.5,0.0,0.0,
2023-02-21,20.5,20.5,20.5,20.5,0.0,0.0,
2023-02-22,20.5,20.5,20.5,20.5,0.0,0.0,
2023-02-23,20.5,20.5,20.5,20.5,0.0,0.0,
2023-02-24,20.5,20.5,20.5,20.5,0.0,0.0,
2023-02-27,20.5,20.5,20.5,20.5,0.0,0.0,
2023-02-28,20.5,20.5,20.5,20.5,0.0,0.0,
2023-03-01,20.5,20.5,20.5,20.5,0.0,0.0,
2023-03-02,20.5,20.5,20.5,20.5,0.0,0.0,
2023-03-03,20.5,20.5,20.5,20.5,0.0,0.0,
2023-03-06,20.5,20.5,20.5,20.5,0.0,0.0,
2023-03-07,20.5,20.5,20.5,20.5,0.0,0.0,
2023-03-08,20.5,20.5,20.5,20.5,0.0,0.0,
2023-03-09,20.5,20.5,20.5,20.5,0.0,0.0,
2023-03-10,20.5,20.5,20.5,20.5,0.0,0.0,
2023-03-13,20.5,20.5,20.5,20.5,0.0,0.0,
2023-03-14,20.5,20.5,20.5,20.5,0.0,0.0,
2023-03-15,20.5,20.5,20.5,20.5,0.0,0.0,
2023-03-16,20.5,20.5,20.5,20.5,0.0,0.0,
2023-03-17,20.5,20.5,20.5,20.5,0.0,0.0,
2023-03-20,20.5,20.5,20.5,20.5,0.0,0.0,
2023-03-21,20.5,20.5,20.5,20.5,0.0,0.0,
2023-03-22,20.5,20.5,20.5,20.5,0.0,0.0,
2023-03-23,20.5,20.5,20.5,20.5,0.0,0.0,
2023-03-24,20.5,20.5,20.5,20.5,0.0,0.0,
2023-03-27,20.5,20.5,20.5,20.5,0.0,0.0,
2023-03-28,20.5,20.5,20.5,20.5,0.0,0.0,
2023-03-29,20.5,20.5,20.5,20.5,0.0,0.0,
2023-03-30,20.5,20.5,20.5,20.5,0.0,0.0,
2023-03-31,20.5,20.5,20.5,20.5,0.0,0.0,
2023-04-03,20.5,20.5,20.5,20.5,0.0,0.0,
2023-04-04,20.5,20.5,20.5,20.5,0.0,0.0,
2023-04-05,20.5,20.5,20.5,20.5,0.0,0.0,
2023-04-06,20.5,20.5,20.5,20.5,0.0,0.0,
2023-04-11,20.5,20.5,20.5,20.5,0.0,0.0,
2023-04-12,20.5,20.5,20.5,20.5,0.0,0.0,
2023-04-13,20.5,20.5,20.5,20.5,0.0,0.0,
2023-04-14,20.5,20.5,20.5,20.5,0.0,0.0,
2023-04-17,20.5,20.5,20.5,20.5,0.0,0.0,
2023-04-18,20.5,20.5,20.5,20.5,0.0,0.0,
2023-04-19,20.5,20.5,20.5,20.5,0.0,0.0,
2023-04-20,20.5,20.5,20.5,20.5,0.0,0.0,
2023-04-21,20.5,20.5,20.5,20.5,0.0,0.0,
2023-04-24,20.5,20.5,20.5,20.5,0.0,0.0,
2023-04-25,20.5,20.5,20.5,20.5,0.0,0.0,
2023-04-26,20.5,20.5,20.5,20.5,0.0,0.0,
2023-04-27,20.5,20.5,20.5,20.5,0.0,0.0,
2023-04-28,20.5,20.5,20.5,20.5,0.0,0.0,
2023-05-02,20.5,20.5,20.5,20.5,0.0,0.0,
2023-05-03,20.5,20.5,20.5,20.5,0.0,0.0,
2023-05-04,20.5,20.5,20.5,20.5,0.0,0.0,
2023-05-05,20.5,20.5,20.5,20.5,0.0,0.0,
2023-05-08,20.5,20.5,20.5,20.5,0.0,0.0,
2023-05-09,20.5,20.5,20.5,20.5,0.0,0.0,
2023-05-10,20.5,20.5,20.5,20.5,0.0,0.0,
2023-05-11,20.5,20.5,20.5,20.5,0.0,0.0,
2023-05-12,20.5,20.5,20.5,20.5,0.0,0.0,
2023-05-15,20.5,20.5,20.5,20.5,0.0,0.0,
2023-05-16,20.5,20.5,20.5,20.5,0.0,0.0,
2023-05-17,20.5,20.5,20.5,20.5,0.0,0.0,
2023-05-18,20.5,20.5,20.5,20.5,0.0,0.0,
2023-05-19,20.5,20.5,20.5,20.5,0.0,0.0,
2023-05-22,20.5,20.5,20.5,20.5,0.0,0.0,
2023-05-23,20.5,20.5,20.5,20.5,0.0,0.0,
2023-05-24,20.5,20.5,20.5,20.5,0.0,0.0,
2023-05-25,20.5,20.5,20.5,20.5,0.0,0.0,
2023-05-26,20.5,20.5,20.5,20.5,0.0,0.0,
2023-05-29,20.5,20.5,20.5,20.5,0.0,0.0,
2023-05-30,20.5,20.5,20.5,20.5,0.0,0.0,
2023-05-31,20.5,20.5,20.5,20.5,0.0,0.0,
2023-06-01,20.5,20.5,20.5,20.5,0.0,0.0,
2023-06-02,20.5,20.5,20.5,20.5,0.0,0.0,
2023-06-05,20.5,20.5,20.5,20.5,0.0,0.0,
2023-06-06,20.5,20.5,20.5,20.5,0.0,0.0,
2023-06-07,20.5,20.5,20.5,20.5,0.0,0.0,
2023-06-08,20.5,20.5,20.5,20.5,0.0,0.0,
2023-06-09,20.5,20.5,20.5,20.5,0.0,0.0,
2023-06-12,20.5,20.5,20.5,20.5,0.0,0.0,
2023-06-13,20.5,20.5,20.5,20.5,0.0,0.0,
2023-06-14,20.5,20.5,20.5,20.5,0.0,0.0,
2023-06-15,20.5,20.5,20.5,20.5,0.0,0.0,
2023-06-16,20.5,20.5,20.5,20.5,0.0,0.0,
2023-06-19,20.5,20.5,20.5,20.5,0.0,0.0,
2023-06-20,20.5,20.5,20.5,20.5,0.0,0.0,
2023-06-21,20.5,20.5,20.5,20.5,0.0,0.0,
2023-06-22,20.5,20.5,20.5,20.5,0.0,0.0,
2023-06-23,20.5,20.5,20.5,20.5,0.0,0.0,
2023-06-26,20.5,20.5,20.5,20.5,0.0,0.0,
2023-06-27,20.5,20.5,20.5,20.5,0.0,0.0,
2023-06-28,20.5,20.5,20.5,20.5,0.0,0.0,
2023-06-29,20.5,20.5,20.5,20.5,0.0,0.0,
2023-06-30,20.5,20.5,20.5,20.5,0.0,0.0,
2023-07-03,20.5,20.5,20.5,20.5,0.0,0.0,
2023-07-04,20.5,20.5,20.5,20.5,0.0,0.0,
2023-07-05,20.5,20.5,20.5,20.5,0.0,0.0,
2023-07-06,20.5,20.5,20.5,20.5,0.0,0.0,
2023-07-07,20.5,20.5,20.5,20.5,0.0,0.0,
2023-07-10,20.5,20.5,20.5,20.5,0.0,0.0,
2023-07-11,20.5,20.5,20.5,20.5,0.0,0.0,
2023-07-12,20.5,20.5,20.5,20.5,0.0,0.0,
2023-07-13,20.5,20.5,20.5,20.5,0.0,0.0,
2023-07-14,20.5,20.5,20.5,20.5,0.0,0.0,
2023-07-17,20.5,20.5,20.5,20.5,0.0,0.0,
2023-07-18,20.5,20.5,20.5,20.5,0.0,0.0,
2023-07-19,20.5,20.5,20.5,20.5,0.0,0.0,
2023-07-20,20.5,20.5,20.5,20.5,0.0,0.0,
2023-07-21,20.5,20.5,20.5,20.5,0.0,0.0,
