Date,CLOSE,HIGH,LOW,OPEN,COUNT,VOLUME
1997-01-07,8.4375,8.4375,8.4375,8.4375,0.0,0.0
1997-01-08,8.4375,8.4375,8.4375,8.4375,0.0,0.0
1997-01-09,8.4375,8.4375,8.4375,8.4375,0.0,0.0
1997-01-10,8.4375,8.4375,8.4375,8.4375,0.0,0.0
1997-01-13,8.4375,8.4375,8.4375,8.4375,0.0,0.0
1997-01-14,8.4375,8.4375,8.4375,8.4375,0.0,0.0
1997-01-15,8.4375,8.4375,8.4375,8.4375,0.0,0.0
1997-01-16,8.4375,8.4375,8.4375,8.4375,0.0,0.0
1997-01-17,8.4375,8.4375,8.4375,8.4375,0.0,0.0
1997-01-20,8.4375,8.4375,8.4375,8.4375,0.0,0.0
1997-01-21,8.4375,8.4375,8.4375,8.4375,0.0,0.0
1997-01-22,8.4375,8.4375,8.4375,8.4375,0.0,0.0
1997-01-23,8.4375,8.4375,8.4375,8.4375,0.0,0.0
1997-01-24,8.4375,8.4375,8.4375,8.4375,0.0,0.0
1997-01-27,8.4375,8.4375,8.4375,8.4375,0.0,0.0
1997-01-28,8.4375,8.4375,8.4375,8.4375,0.0,0.0
1997-01-29,8.4375,8.4375,8.4375,8.4375,0.0,0.0
1997-01-30,8.4375,8.4375,8.4375,8.4375,0.0,0.0
1997-01-31,8.4375,8.4375,8.4375,8.4375,0.0,0.0
1997-02-03,8.4375,8.4375,8.4375,8.4375,0.0,0.0
1997-02-04,8.4375,8.4375,8.4375,8.4375,0.0,0.0
1997-02-05,8.4375,8.4375,8.4375,8.4375,0.0,0.0
1997-02-06,8.4375,8.4375,8.4375,8.4375,0.0,0.0
1997-02-07,8.4375,8.4375,8.4375,8.4375,0.0,0.0
1997-02-10,8.4375,8.4375,8.4375,8.4375,0.0,0.0
1997-02-11,8.4375,8.4375,8.4375,8.4375,0.0,0.0
1997-02-12,8.4375,8.4375,8.4375,8.4375,0.0,0.0
1997-02-13,8.4375,8.4375,8.4375,8.4375,0.0,0.0
1997-02-14,8.4375,8.4375,8.4375,8.4375,0.0,0.0
1997-02-17,9.625,9.625,9.625,9.625,0.0,1.0
1997-02-18,9.625,9.625,9.625,9.625,0.0,0.0
1997-02-19,9.625,9.625,9.625,9.625,0.0,0.0
1997-02-20,9.625,9.625,9.625,9.625,0.0,0.0
1997-02-21,9.625,9.625,9.625,9.625,0.0,0.0
1997-02-24,9.625,9.625,9.625,9.625,0.0,0.0
1997-02-25,9.625,9.625,9.625,9.625,0.0,0.0
1997-02-26,9.625,9.625,9.625,9.625,0.0,0.0
1997-02-27,9.625,9.625,9.625,9.625,0.0,0.0
1997-02-28,9.625,9.625,9.625,9.625,0.0,0.0
1997-03-03,9.625,9.625,9.625,9.625,0.0,0.0
1997-03-04,9.625,9.625,9.625,9.625,0.0,0.0
1997-03-05,9.625,9.625,9.625,9.625,0.0,0.0
1997-03-06,9.625,9.625,9.625,9.625,0.0,0.0
1997-03-07,9.625,9.625,9.625,9.625,0.0,0.0
1997-03-10,9.625,9.625,9.625,9.625,0.0,0.0
1997-03-11,9.625,9.625,9.625,9.625,0.0,0.0
1997-03-12,9.625,9.625,9.625,9.625,0.0,0.0
1997-03-13,9.625,9.625,9.625,9.625,0.0,0.0
1997-03-14,9.625,9.625,9.625,9.625,0.0,0.0
1997-03-17,9.625,9.625,9.625,9.625,0.0,0.0
1997-03-18,9.625,9.625,9.625,9.625,0.0,0.0
1997-03-19,9.625,9.625,9.625,9.625,0.0,0.0
1997-03-20,9.625,9.625,9.625,9.625,0.0,0.0
1997-03-21,9.625,9.625,9.625,9.625,0.0,0.0
1997-03-24,9.625,9.625,9.625,9.625,0.0,0.0
1997-03-25,9.625,9.625,9.625,9.625,0.0,0.0
1997-03-26,9.625,9.625,9.625,9.625,0.0,0.0
1997-03-27,9.625,9.625,9.625,9.625,0.0,0.0
1997-03-28,9.625,9.625,9.625,9.625,0.0,0.0
1997-03-31,9.625,9.625,9.625,9.625,0.0,0.0
1997-04-01,9.625,9.625,9.625,9.625,0.0,0.0
1997-04-02,9.625,9.625,9.625,9.625,0.0,0.0
1997-04-03,9.625,9.625,9.625,9.625,0.0,0.0
1997-04-04,9.625,9.625,9.625,9.625,0.0,0.0
1997-04-07,9.625,9.625,9.625,9.625,0.0,0.0
1997-04-08,9.625,9.625,9.625,9.625,0.0,0.0
1997-04-09,9.625,9.625,9.625,9.625,0.0,0.0
1997-04-10,9.625,9.625,9.625,9.625,0.0,0.0
1997-04-11,9.625,9.625,9.625,9.625,0.0,0.0
1997-04-14,9.625,9.625,9.625,9.625,0.0,0.0
1997-04-15,9.625,9.625,9.625,9.625,0.0,0.0
1997-04-16,9.625,9.625,9.625,9.625,0.0,0.0
1997-04-17,9.625,9.625,9.625,9.625,0.0,0.0
1997-04-18,9.625,9.625,9.625,9.625,0.0,0.0
1997-04-21,9.625,9.625,9.625,9.625,0.0,0.0
1997-04-22,9.625,9.625,9.625,9.625,0.0,0.0
1997-04-23,9.625,9.625,9.625,9.625,0.0,0.0
1997-04-24,9.625,9.625,9.625,9.625,0.0,0.0
1997-04-25,9.625,9.625,9.625,9.625,0.0,0.0
1997-04-28,9.625,9.625,9.625,9.625,0.0,0.0
1997-04-29,9.625,9.625,9.625,9.625,0.0,0.0
1997-04-30,9.625,9.625,9.625,9.625,0.0,0.0
1997-05-01,9.625,9.625,9.625,9.625,0.0,0.0
1997-05-02,9.625,9.625,9.625,9.625,0.0,0.0
1997-05-05,9.625,9.625,9.625,9.625,0.0,0.0
1997-05-06,9.625,9.625,9.625,9.625,0.0,0.0
1997-05-07,9.625,9.625,9.625,9.625,0.0,0.0
1997-05-08,9.625,9.625,9.625,9.625,0.0,0.0
1997-05-09,9.625,9.625,9.625,9.625,0.0,0.0
1997-05-12,9.625,9.625,9.625,9.625,0.0,0.0
1997-05-13,9.625,9.625,9.625,9.625,0.0,0.0
1997-05-14,9.625,9.625,9.625,9.625,0.0,0.0
1997-05-15,9.625,9.625,9.625,9.625,0.0,0.0
1997-05-16,9.625,9.625,9.625,9.625,0.0,0.0
1997-05-19,9.625,9.625,9.625,9.625,0.0,0.0
1997-05-20,9.625,9.625,9.625,9.625,0.0,0.0
1997-05-21,9.625,9.625,9.625,9.625,0.0,0.0
1997-05-22,9.625,9.625,9.625,9.625,0.0,0.0
1997-05-23,9.625,9.625,9.625,9.625,0.0,0.0
1997-05-26,9.625,9.625,9.625,9.625,0.0,0.0
1997-05-27,9.625,9.625,9.625,9.625,0.0,0.0
1997-05-28,9.625,9.625,9.625,9.625,0.0,0.0
1997-05-29,9.625,9.625,9.625,9.625,0.0,0.0
1997-05-30,9.625,9.625,9.625,9.625,0.0,0.0
1997-06-02,9.625,9.625,9.625,9.625,0.0,0.0
1997-06-03,9.625,9.625,9.625,9.625,0.0,0.0
1997-06-04,9.625,9.625,9.625,9.625,0.0,0.0
1997-06-05,9.625,9.625,9.625,9.625,0.0,0.0
1997-06-06,9.625,9.625,9.625,9.625,0.0,0.0
1997-06-09,9.625,9.625,9.625,9.625,0.0,0.0
1997-06-10,9.625,9.625,9.625,9.625,0.0,0.0
1997-06-11,9.625,9.625,9.625,9.625,0.0,0.0
1997-06-12,9.625,9.625,9.625,9.625,0.0,0.0
1997-06-13,9.625,9.625,9.625,9.625,0.0,0.0
1997-06-16,9.625,9.625,9.625,9.625,0.0,0.0
1997-06-17,9.625,9.625,9.625,9.625,0.0,0.0
1997-06-18,9.625,9.625,9.625,9.625,0.0,0.0
1997-06-19,9.625,9.625,9.625,9.625,0.0,0.0
1997-06-20,9.625,9.625,9.625,9.625,0.0,0.0
1997-06-23,9.625,9.625,9.625,9.625,0.0,0.0
1997-06-24,9.625,9.625,9.625,9.625,0.0,0.0
1997-06-25,9.625,9.625,9.625,9.625,0.0,0.0
1997-06-26,9.625,9.625,9.625,9.625,0.0,0.0
1997-06-27,9.625,9.625,9.625,9.625,0.0,0.0
1997-06-30,9.625,9.625,9.625,9.625,0.0,0.0
1997-07-01,9.625,9.625,9.625,9.625,0.0,0.0
1997-07-02,9.625,9.625,9.625,9.625,0.0,0.0
1997-07-03,9.625,9.625,9.625,9.625,0.0,0.0
1997-07-04,9.125,9.125,9.125,9.125,0.0,1.0
1997-07-07,9.125,9.125,9.125,9.125,0.0,0.0
1997-07-08,9.125,9.125,9.125,9.125,0.0,0.0
1997-07-09,9.125,9.125,9.125,9.125,0.0,0.0
1997-07-10,9.125,9.125,9.125,9.125,0.0,0.0
1997-07-11,9.125,9.125,9.125,9.125,0.0,0.0
1997-07-14,9.125,9.125,9.125,9.125,0.0,0.0
1997-07-15,9.125,9.125,9.125,9.125,0.0,0.0
1997-07-16,9.125,9.125,9.125,9.125,0.0,0.0
1997-07-17,9.125,9.125,9.125,9.125,0.0,0.0
1997-07-18,9.125,9.125,9.125,9.125,0.0,0.0
1997-07-21,9.125,9.125,9.125,9.125,0.0,0.0
1997-07-22,9.125,9.125,9.125,9.125,0.0,0.0
1997-07-23,9.125,9.125,9.125,9.125,0.0,0.0
1997-07-24,9.125,9.125,9.125,9.125,0.0,0.0
1997-07-25,9.125,9.125,9.125,9.125,0.0,0.0
1997-07-28,9.125,9.125,9.125,9.125,0.0,0.0
1997-07-29,9.125,9.125,9.125,9.125,0.0,0.0
1997-07-30,9.125,9.125,9.125,9.125,0.0,0.0
1997-07-31,9.125,9.125,9.125,9.125,0.0,0.0
1997-08-01,9.125,9.125,9.125,9.125,0.0,0.0
1997-08-04,9.125,9.125,9.125,9.125,0.0,0.0
1997-08-05,9.125,9.125,9.125,9.125,0.0,0.0
1997-08-06,9.125,9.125,9.125,9.125,0.0,0.0
1997-08-07,9.125,9.125,9.125,9.125,0.0,0.0
1997-08-08,9.125,9.125,9.125,9.125,0.0,0.0
1997-08-11,9.25,9.25,9.25,9.25,0.0,1.0
1997-08-12,9.25,9.25,9.25,9.25,0.0,0.0
1997-08-13,9.25,9.25,9.25,9.25,0.0,0.0
1997-08-14,9.25,9.25,9.25,9.25,0.0,0.0
1997-08-15,9.25,9.25,9.25,9.25,0.0,0.0
1997-08-18,9.25,9.25,9.25,9.25,0.0,0.0
1997-08-19,9.25,9.25,9.25,9.25,0.0,0.0
1997-08-20,9.25,9.25,9.25,9.25,0.0,0.0
1997-08-21,9.25,9.25,9.25,9.25,0.0,0.0
1997-08-22,9.25,9.25,9.25,9.25,0.0,0.0
1997-08-25,9.25,9.25,9.25,9.25,0.0,0.0
1997-08-26,9.25,9.25,9.25,9.25,0.0,0.0
1997-08-27,9.25,9.25,9.25,9.25,0.0,0.0
1997-08-28,9.25,9.25,9.25,9.25,0.0,0.0
1997-08-29,9.25,9.25,9.25,9.25,0.0,0.0
1997-09-01,9.25,9.25,9.25,9.25,0.0,0.0
1997-09-02,9.25,9.25,9.25,9.25,0.0,0.0
1997-09-03,9.25,9.25,9.25,9.25,0.0,0.0
1997-09-04,9.25,9.25,9.25,9.25,0.0,0.0
1997-09-05,9.25,9.25,9.25,9.25,0.0,0.0
1997-09-08,9.25,9.25,9.25,9.25,0.0,0.0
1997-09-09,9.25,9.25,9.25,9.25,0.0,0.0
1997-09-10,9.25,9.25,9.25,9.25,0.0,0.0
1997-09-11,9.25,9.25,9.25,9.25,0.0,0.0
1997-09-12,9.25,9.25,9.25,9.25,0.0,0.0
1997-09-15,9.25,9.25,9.25,9.25,0.0,0.0
1997-09-16,9.25,9.25,9.25,9.25,0.0,0.0
1997-09-17,9.25,9.25,9.25,9.25,0.0,0.0
1997-09-18,9.25,9.25,9.25,9.25,0.0,0.0
1997-09-19,9.25,9.25,9.25,9.25,0.0,0.0
1997-09-22,9.25,9.25,9.25,9.25,0.0,0.0
1997-09-23,9.25,9.25,9.25,9.25,0.0,0.0
1997-09-24,9.25,9.25,9.25,9.25,0.0,0.0
1997-09-25,9.25,9.25,9.25,9.25,0.0,0.0
1997-09-26,9.25,9.25,9.25,9.25,0.0,0.0
1997-09-29,9.25,9.25,9.25,9.25,0.0,0.0
1997-09-30,9.25,9.25,9.25,9.25,0.0,0.0
1997-10-01,9.25,9.25,9.25,9.25,0.0,0.0
1997-10-02,9.25,9.25,9.25,9.25,0.0,0.0
1997-10-03,9.25,9.25,9.25,9.25,0.0,0.0
1997-10-06,9.25,9.25,9.25,9.25,0.0,0.0
1997-10-07,9.25,9.25,9.25,9.25,0.0,0.0
1997-10-08,9.25,9.25,9.25,9.25,0.0,0.0
1997-10-09,9.25,9.25,9.25,9.25,0.0,0.0
1997-10-10,9.25,9.25,9.25,9.25,0.0,0.0
1997-10-13,9.25,9.25,9.25,9.25,0.0,0.0
1997-10-14,9.25,9.25,9.25,9.25,0.0,0.0
1997-10-15,9.25,9.25,9.25,9.25,0.0,0.0
1997-10-16,9.25,9.25,9.25,9.25,0.0,0.0
1997-10-17,9.25,9.25,9.25,9.25,0.0,0.0
1997-10-20,10.125,10.125,10.125,10.125,0.0,1.0
1997-10-21,10.125,10.125,10.125,10.125,0.0,0.0
1997-10-22,10.125,10.125,10.125,10.125,0.0,0.0
1997-10-23,10.125,10.125,10.125,10.125,0.0,0.0
1997-10-24,10.125,10.125,10.125,10.125,0.0,0.0
1997-10-27,10.125,10.125,10.125,10.125,0.0,0.0
1997-10-28,10.125,10.125,10.125,10.125,0.0,0.0
1997-10-29,10.125,10.125,10.125,10.125,0.0,0.0
1997-10-30,10.125,10.125,10.125,10.125,0.0,0.0
1997-10-31,10.125,10.125,10.125,10.125,0.0,0.0
1997-11-03,10.125,10.125,10.125,10.125,0.0,0.0
1997-11-04,10.125,10.125,10.125,10.125,0.0,0.0
1997-11-05,10.125,10.125,10.125,10.125,0.0,0.0
1997-11-06,10.125,10.125,10.125,10.125,0.0,0.0
1997-11-07,10.125,10.125,10.125,10.125,0.0,0.0
1997-11-10,10.125,10.125,10.125,10.125,0.0,0.0
1997-11-11,10.125,10.125,10.125,10.125,0.0,0.0
1997-11-12,10.125,10.125,10.125,10.125,0.0,0.0
1997-11-13,10.125,10.125,10.125,10.125,0.0,0.0
1997-11-14,10.125,10.125,10.125,10.125,0.0,0.0
1997-11-17,10.125,10.125,10.125,10.125,0.0,0.0
1997-11-18,10.125,10.125,10.125,10.125,0.0,0.0
1997-11-19,10.125,10.125,10.125,10.125,0.0,0.0
1997-11-20,10.125,10.125,10.125,10.125,0.0,0.0
1997-11-21,10.125,10.125,10.125,10.125,0.0,0.0
1997-11-24,10.125,10.125,10.125,10.125,0.0,0.0
1997-11-25,10.125,10.125,10.125,10.125,0.0,0.0
1997-11-26,10.125,10.125,10.125,10.125,0.0,0.0
1997-11-27,9.5625,9.5625,9.5625,9.5625,0.0,1.0
1997-11-28,9.5625,9.5625,9.5625,9.5625,0.0,0.0
1997-12-01,9.5625,9.5625,9.5625,9.5625,0.0,0.0
1997-12-02,9.5625,9.5625,9.5625,9.5625,0.0,0.0
1997-12-03,9.5625,9.5625,9.5625,9.5625,0.0,0.0
1997-12-04,9.5625,9.5625,9.5625,9.5625,0.0,0.0
1997-12-05,9.5625,9.5625,9.5625,9.5625,0.0,0.0
1997-12-08,9.5625,9.5625,9.5625,9.5625,0.0,0.0
1997-12-09,9.5625,9.5625,9.5625,9.5625,0.0,0.0
1997-12-10,9.5625,9.5625,9.5625,9.5625,0.0,0.0
1997-12-11,9.5625,9.5625,9.5625,9.5625,0.0,0.0
1997-12-12,9.5625,9.5625,9.5625,9.5625,0.0,0.0
1997-12-15,9.6875,9.6875,9.6875,9.6875,0.0,1.0
1997-12-16,9.6875,9.6875,9.6875,9.6875,0.0,0.0
1997-12-17,9.6875,9.6875,9.6875,9.6875,0.0,0.0
1997-12-18,9.6875,9.6875,9.6875,9.6875,0.0,0.0
1997-12-19,9.6875,9.6875,9.6875,9.6875,0.0,0.0
1997-12-22,9.6875,9.6875,9.6875,9.6875,0.0,0.0
1997-12-23,9.6875,9.6875,9.6875,9.6875,0.0,0.0
1997-12-24,9.6875,9.6875,9.6875,9.6875,0.0,0.0
1997-12-25,9.6875,9.6875,9.6875,9.6875,0.0,0.0
1997-12-26,9.6875,9.6875,9.6875,9.6875,0.0,0.0
1997-12-29,9.6875,9.6875,9.6875,9.6875,0.0,0.0
1997-12-30,9.6875,9.6875,9.6875,9.6875,0.0,0.0
1997-12-31,9.6875,9.6875,9.6875,9.6875,0.0,0.0
1998-01-01,9.6875,9.6875,9.6875,9.6875,0.0,0.0
1998-01-02,9.6875,9.6875,9.6875,9.6875,0.0,0.0
1998-01-05,9.6875,9.6875,9.6875,9.6875,0.0,0.0
1998-01-06,9.6875,9.6875,9.6875,9.6875,0.0,0.0
1998-01-07,9.6875,9.6875,9.6875,9.6875,0.0,0.0
1998-01-08,9.6875,9.6875,9.6875,9.6875,0.0,0.0
1998-01-09,9.6875,9.6875,9.6875,9.6875,0.0,0.0
1998-01-12,9.6875,9.6875,9.6875,9.6875,0.0,0.0
1998-01-13,9.6875,9.6875,9.6875,9.6875,0.0,0.0
1998-01-14,9.6875,9.6875,9.6875,9.6875,0.0,0.0
1998-01-15,9.6875,9.6875,9.6875,9.6875,0.0,0.0
1998-01-16,9.6875,9.6875,9.6875,9.6875,0.0,0.0
1998-01-19,10.3438,10.3438,10.3438,10.3438,0.0,1.0
1998-01-20,10.3438,10.3438,10.3438,10.3438,0.0,0.0
1998-01-21,10.3438,10.3438,10.3438,10.3438,0.0,0.0
1998-01-22,10.3438,10.3438,10.3438,10.3438,0.0,0.0
1998-01-23,10.3438,10.3438,10.3438,10.3438,0.0,0.0
1998-01-26,10.3438,10.3438,10.3438,10.3438,0.0,0.0
1998-01-27,10.3438,10.3438,10.3438,10.3438,0.0,0.0
1998-01-28,10.3438,10.3438,10.3438,10.3438,0.0,0.0
1998-01-29,10.3438,10.3438,10.3438,10.3438,0.0,0.0
1998-01-30,10.3438,10.3438,10.3438,10.3438,0.0,0.0
1998-02-02,10.3438,10.3438,10.3438,10.3438,0.0,0.0
1998-02-03,10.3438,10.3438,10.3438,10.3438,0.0,0.0
1998-02-04,10.3438,10.3438,10.3438,10.3438,0.0,0.0
1998-02-05,10.3438,10.3438,10.3438,10.3438,0.0,0.0
1998-02-06,10.3438,10.3438,10.3438,10.3438,0.0,0.0
1998-02-09,10.3438,10.3438,10.3438,10.3438,0.0,0.0
1998-02-10,10.3438,10.3438,10.3438,10.3438,0.0,0.0
1998-02-11,10.3438,10.3438,10.3438,10.3438,0.0,0.0
1998-02-12,10.3438,10.3438,10.3438,10.3438,0.0,0.0
1998-02-13,10.3438,10.3438,10.3438,10.3438,0.0,0.0
1998-02-16,13.125,13.125,13.125,13.125,0.0,1.0
1998-02-17,13.125,13.125,13.125,13.125,0.0,0.0
1998-02-18,13.125,13.125,13.125,13.125,0.0,0.0
1998-02-19,13.125,13.125,13.125,13.125,0.0,0.0
1998-02-20,13.125,13.125,13.125,13.125,0.0,0.0
1998-02-23,13.125,13.125,13.125,13.125,0.0,0.0
1998-02-24,13.125,13.125,13.125,13.125,0.0,0.0
1998-02-25,13.125,13.125,13.125,13.125,0.0,0.0
1998-02-26,13.125,13.125,13.125,13.125,0.0,0.0
1998-02-27,13.125,13.125,13.125,13.125,0.0,0.0
1998-03-02,13.125,13.125,13.125,13.125,0.0,0.0
1998-03-03,13.125,13.125,13.125,13.125,0.0,0.0
1998-03-04,13.125,13.125,13.125,13.125,0.0,0.0
1998-03-05,13.125,13.125,13.125,13.125,0.0,0.0
1998-03-06,13.125,13.125,13.125,13.125,0.0,0.0
1998-03-09,13.125,13.125,13.125,13.125,0.0,0.0
1998-03-10,13.125,13.125,13.125,13.125,0.0,0.0
1998-03-11,13.125,13.125,13.125,13.125,0.0,0.0
1998-03-12,13.125,13.125,13.125,13.125,0.0,0.0
1998-03-13,13.125,13.125,13.125,13.125,0.0,0.0
1998-03-16,13.125,13.125,13.125,13.125,0.0,0.0
1998-03-17,13.125,13.125,13.125,13.125,0.0,0.0
1998-03-18,13.125,13.125,13.125,13.125,0.0,0.0
1998-03-19,13.125,13.125,13.125,13.125,0.0,0.0
1998-03-20,13.125,13.125,13.125,13.125,0.0,0.0
1998-03-23,13.125,13.125,13.125,13.125,0.0,0.0
1998-03-24,13.125,13.125,13.125,13.125,0.0,0.0
1998-03-25,13.125,13.125,13.125,13.125,0.0,0.0
1998-03-26,13.125,13.125,13.125,13.125,0.0,0.0
1998-03-27,13.125,13.125,13.125,13.125,0.0,0.0
1998-03-30,13.125,13.125,13.125,13.125,0.0,0.0
1998-03-31,13.125,13.125,13.125,13.125,0.0,0.0
1998-04-01,13.125,13.125,13.125,13.125,0.0,0.0
1998-04-02,13.125,13.125,13.125,13.125,0.0,0.0
1998-04-03,13.125,13.125,13.125,13.125,0.0,0.0
1998-04-06,13.125,13.125,13.125,13.125,0.0,0.0
1998-04-07,13.125,13.125,13.125,13.125,0.0,0.0
1998-04-08,13.125,13.125,13.125,13.125,0.0,0.0
1998-04-09,13.125,13.125,13.125,13.125,0.0,0.0
1998-04-10,13.125,13.125,13.125,13.125,0.0,0.0
1998-04-13,13.125,13.125,13.125,13.125,0.0,0.0
1998-04-14,13.125,13.125,13.125,13.125,0.0,0.0
1998-04-15,13.125,13.125,13.125,13.125,0.0,0.0
1998-04-16,13.125,13.125,13.125,13.125,0.0,0.0
1998-04-17,13.125,13.125,13.125,13.125,0.0,0.0
1998-04-20,13.125,13.125,13.125,13.125,0.0,0.0
1998-04-21,13.125,13.125,13.125,13.125,0.0,0.0
1998-04-22,13.125,13.125,13.125,13.125,0.0,0.0
1998-04-23,13.125,13.125,13.125,13.125,0.0,0.0
1998-04-24,13.125,13.125,13.125,13.125,0.0,0.0
1998-04-27,13.125,13.125,13.125,13.125,0.0,0.0
1998-04-28,13.125,13.125,13.125,13.125,0.0,0.0
1998-04-29,13.125,13.125,13.125,13.125,0.0,0.0
1998-04-30,13.125,13.125,13.125,13.125,0.0,0.0
1998-05-01,13.125,13.125,13.125,13.125,0.0,0.0
1998-05-04,13.125,13.125,13.125,13.125,0.0,0.0
1998-05-05,13.125,13.125,13.125,13.125,0.0,0.0
1998-05-06,13.125,13.125,13.125,13.125,0.0,0.0
1998-05-07,13.125,13.125,13.125,13.125,0.0,0.0
1998-05-08,13.125,13.125,13.125,13.125,0.0,0.0
1998-05-11,13.125,13.125,13.125,13.125,0.0,0.0
1998-05-12,13.125,13.125,13.125,13.125,0.0,0.0
1998-05-13,13.125,13.125,13.125,13.125,0.0,0.0
1998-05-14,13.125,13.125,13.125,13.125,0.0,0.0
1998-05-15,13.125,13.125,13.125,13.125,0.0,0.0
1998-05-18,13.125,13.125,13.125,13.125,0.0,0.0
1998-05-19,13.125,13.125,13.125,13.125,0.0,0.0
1998-05-20,13.125,13.125,13.125,13.125,0.0,0.0
1998-05-21,13.125,13.125,13.125,13.125,0.0,0.0
1998-05-22,13.125,13.125,13.125,13.125,0.0,0.0
1998-05-25,13.125,13.125,13.125,13.125,0.0,0.0
1998-05-26,13.125,13.125,13.125,13.125,0.0,0.0
1998-05-27,13.125,13.125,13.125,13.125,0.0,0.0
1998-05-28,13.125,13.125,13.125,13.125,0.0,0.0
1998-05-29,13.125,13.125,13.125,13.125,0.0,0.0
1998-06-01,13.125,13.125,13.125,13.125,0.0,0.0
1998-06-02,13.125,13.125,13.125,13.125,0.0,0.0
1998-06-03,13.125,13.125,13.125,13.125,0.0,0.0
1998-06-04,13.125,13.125,13.125,13.125,0.0,0.0
1998-06-05,13.125,13.125,13.125,13.125,0.0,0.0
1998-06-08,13.125,13.125,13.125,13.125,0.0,0.0
1998-06-09,13.125,13.125,13.125,13.125,0.0,0.0
1998-06-10,13.125,13.125,13.125,13.125,0.0,0.0
1998-06-11,13.125,13.125,13.125,13.125,0.0,0.0
1998-06-12,13.125,13.125,13.125,13.125,0.0,0.0
1998-06-15,13.125,13.125,13.125,13.125,0.0,0.0
1998-06-16,13.125,13.125,13.125,13.125,0.0,0.0
1998-06-17,13.125,13.125,13.125,13.125,0.0,0.0
1998-06-18,13.125,13.125,13.125,13.125,0.0,0.0
1998-06-19,13.125,13.125,13.125,13.125,0.0,0.0
1998-06-22,13.125,13.125,13.125,13.125,0.0,0.0
1998-06-23,13.125,13.125,13.125,13.125,0.0,0.0
1998-06-24,13.125,13.125,13.125,13.125,0.0,0.0
1998-06-25,13.125,13.125,13.125,13.125,0.0,0.0
1998-06-26,13.125,13.125,13.125,13.125,0.0,0.0
1998-06-29,13.125,13.125,13.125,13.125,0.0,0.0
1998-06-30,13.125,13.125,13.125,13.125,0.0,0.0
1998-07-01,13.125,13.125,13.125,13.125,0.0,0.0
1998-07-02,13.125,13.125,13.125,13.125,0.0,0.0
1998-07-03,16.125,16.125,16.125,16.125,0.0,1.0
1998-07-06,16.125,16.125,16.125,16.125,0.0,0.0
1998-07-07,16.125,16.125,16.125,16.125,0.0,0.0
1998-07-08,16.125,16.125,16.125,16.125,0.0,0.0
1998-07-09,16.125,16.125,16.125,16.125,0.0,0.0
1998-07-10,16.125,16.125,16.125,16.125,0.0,0.0
1998-07-13,16.125,16.125,16.125,16.125,0.0,0.0
1998-07-14,16.125,16.125,16.125,16.125,0.0,0.0
1998-07-15,16.125,16.125,16.125,16.125,0.0,0.0
1998-07-16,16.125,16.125,16.125,16.125,0.0,0.0
1998-07-17,16.125,16.125,16.125,16.125,0.0,0.0
1998-07-20,16.125,16.125,16.125,16.125,0.0,0.0
1998-07-21,16.125,16.125,16.125,16.125,0.0,0.0
1998-07-22,16.125,16.125,16.125,16.125,0.0,0.0
1998-07-23,16.125,16.125,16.125,16.125,0.0,0.0
1998-07-24,16.125,16.125,16.125,16.125,0.0,0.0
1998-07-27,16.125,16.125,16.125,16.125,0.0,0.0
1998-07-28,16.125,16.125,16.125,16.125,0.0,0.0
1998-07-29,16.125,16.125,16.125,16.125,0.0,0.0
1998-07-30,16.125,16.125,16.125,16.125,0.0,0.0
1998-07-31,16.125,16.125,16.125,16.125,0.0,0.0
1998-08-03,16.125,16.125,16.125,16.125,0.0,0.0
1998-08-04,16.125,16.125,16.125,16.125,0.0,0.0
1998-08-05,16.125,16.125,16.125,16.125,0.0,0.0
1998-08-06,16.125,16.125,16.125,16.125,0.0,0.0
1998-08-07,16.125,16.125,16.125,16.125,0.0,0.0
1998-08-10,16.125,16.125,16.125,16.125,0.0,0.0
1998-08-11,16.125,16.125,16.125,16.125,0.0,0.0
1998-08-12,16.125,16.125,16.125,16.125,0.0,0.0
1998-08-13,16.125,16.125,16.125,16.125,0.0,0.0
1998-08-14,16.125,16.125,16.125,16.125,0.0,0.0
1998-08-17,16.125,16.125,16.125,16.125,0.0,0.0
1998-08-18,16.125,16.125,16.125,16.125,0.0,0.0
1998-08-19,16.125,16.125,16.125,16.125,0.0,0.0
1998-08-20,16.125,16.125,16.125,16.125,0.0,0.0
1998-08-21,16.125,16.125,16.125,16.125,0.0,0.0
1998-08-24,16.125,16.125,16.125,16.125,0.0,0.0
1998-08-25,16.125,16.125,16.125,16.125,0.0,0.0
1998-08-26,16.125,16.125,16.125,16.125,0.0,0.0
1998-08-27,16.125,16.125,16.125,16.125,0.0,0.0
1998-08-28,16.125,16.125,16.125,16.125,0.0,0.0
1998-08-31,16.125,16.125,16.125,16.125,0.0,0.0
1998-09-01,16.125,16.125,16.125,16.125,0.0,0.0
1998-09-02,16.125,16.125,16.125,16.125,0.0,0.0
1998-09-03,16.125,16.125,16.125,16.125,0.0,0.0
1998-09-04,16.125,16.125,16.125,16.125,0.0,0.0
1998-09-07,12.3125,12.3125,12.3125,12.3125,0.0,1.0
1998-09-08,12.3125,12.3125,12.3125,12.3125,0.0,0.0
1998-09-09,12.3125,12.3125,12.3125,12.3125,0.0,0.0
1998-09-10,12.3125,12.3125,12.3125,12.3125,0.0,0.0
1998-09-11,12.3125,12.3125,12.3125,12.3125,0.0,0.0
1998-09-14,12.3125,12.3125,12.3125,12.3125,0.0,0.0
1998-09-15,12.3125,12.3125,12.3125,12.3125,0.0,0.0
1998-09-16,12.3125,12.3125,12.3125,12.3125,0.0,0.0
1998-09-17,12.3125,12.3125,12.3125,12.3125,0.0,0.0
1998-09-18,12.3125,12.3125,12.3125,12.3125,0.0,0.0
1998-09-21,12.3125,12.3125,12.3125,12.3125,0.0,0.0
1998-09-22,12.3125,12.3125,12.3125,12.3125,0.0,0.0
1998-09-23,12.3125,12.3125,12.3125,12.3125,0.0,0.0
1998-09-24,12.3125,12.3125,12.3125,12.3125,0.0,0.0
1998-09-25,12.3125,12.3125,12.3125,12.3125,0.0,0.0
1998-09-28,12.3125,12.3125,12.3125,12.3125,0.0,0.0
1998-09-29,12.3125,12.3125,12.3125,12.3125,0.0,0.0
1998-09-30,12.3125,12.3125,12.3125,12.3125,0.0,0.0
1998-10-01,12.3125,12.3125,12.3125,12.3125,0.0,0.0
1998-10-02,12.3125,12.3125,12.3125,12.3125,0.0,0.0
1998-10-05,12.3125,12.3125,12.3125,12.3125,0.0,0.0
1998-10-06,12.3125,12.3125,12.3125,12.3125,0.0,0.0
1998-10-07,12.3125,12.3125,12.3125,12.3125,0.0,0.0
1998-10-08,12.3125,12.3125,12.3125,12.3125,0.0,0.0
1998-10-09,12.3125,12.3125,12.3125,12.3125,0.0,0.0
1998-10-12,12.3125,12.3125,12.3125,12.3125,0.0,0.0
1998-10-13,12.3125,12.3125,12.3125,12.3125,0.0,0.0
1998-10-14,12.3125,12.3125,12.3125,12.3125,0.0,0.0
1998-10-15,12.3125,12.3125,12.3125,12.3125,0.0,0.0
1998-10-16,12.3125,12.3125,12.3125,12.3125,0.0,0.0
1998-10-19,12.3125,12.3125,12.3125,12.3125,0.0,0.0
1998-10-20,12.3125,12.3125,12.3125,12.3125,0.0,0.0
1998-10-21,12.3125,12.3125,12.3125,12.3125,0.0,0.0
1998-10-22,12.3125,12.3125,12.3125,12.3125,0.0,0.0
1998-10-23,12.3125,12.3125,12.3125,12.3125,0.0,0.0
1998-10-26,12.3125,12.3125,12.3125,12.3125,0.0,0.0
1998-10-27,12.3125,12.3125,12.3125,12.3125,0.0,0.0
1998-10-28,12.3125,12.3125,12.3125,12.3125,0.0,0.0
1998-10-29,12.3125,12.3125,12.3125,12.3125,0.0,0.0
1998-10-30,12.3125,12.3125,12.3125,12.3125,0.0,0.0
1998-11-02,12.3125,12.3125,12.3125,12.3125,0.0,0.0
1998-11-03,12.3125,12.3125,12.3125,12.3125,0.0,0.0
1998-11-04,12.3125,12.3125,12.3125,12.3125,0.0,0.0
1998-11-05,12.3125,12.3125,12.3125,12.3125,0.0,0.0
1998-11-06,12.3125,12.3125,12.3125,12.3125,0.0,0.0
1998-11-09,12.3125,12.3125,12.3125,12.3125,0.0,0.0
1998-11-10,12.3125,12.3125,12.3125,12.3125,0.0,0.0
1998-11-11,12.3125,12.3125,12.3125,12.3125,0.0,0.0
1998-11-12,12.3125,12.3125,12.3125,12.3125,0.0,0.0
1998-11-13,12.3125,12.3125,12.3125,12.3125,0.0,0.0
1998-11-16,12.3125,12.3125,12.3125,12.3125,0.0,0.0
1998-11-17,12.3125,12.3125,12.3125,12.3125,0.0,0.0
1998-11-18,12.3125,12.3125,12.3125,12.3125,0.0,0.0
1998-11-19,12.3125,12.3125,12.3125,12.3125,0.0,0.0
1998-11-20,12.3125,12.3125,12.3125,12.3125,0.0,0.0
1998-11-23,12.3125,12.3125,12.3125,12.3125,0.0,0.0
1998-11-24,12.3125,12.3125,12.3125,12.3125,0.0,0.0
1998-11-25,12.3125,12.3125,12.3125,12.3125,0.0,0.0
1998-11-26,15.0313,15.0313,15.0313,15.0313,0.0,1.0
1998-11-27,15.0313,15.0313,15.0313,15.0313,0.0,0.0
1998-11-30,15.0313,15.0313,15.0313,15.0313,0.0,0.0
1998-12-01,15.0313,15.0313,15.0313,15.0313,0.0,0.0
1998-12-02,15.0313,15.0313,15.0313,15.0313,0.0,0.0
1998-12-03,15.0313,15.0313,15.0313,15.0313,0.0,0.0
1998-12-04,15.0313,15.0313,15.0313,15.0313,0.0,0.0
1998-12-07,15.0313,15.0313,15.0313,15.0313,0.0,0.0
1998-12-08,15.0313,15.0313,15.0313,15.0313,0.0,0.0
1998-12-09,15.0313,15.0313,15.0313,15.0313,0.0,0.0
1998-12-10,15.0313,15.0313,15.0313,15.0313,0.0,0.0
1998-12-11,15.0313,15.0313,15.0313,15.0313,0.0,0.0
1998-12-14,15.0313,15.0313,15.0313,15.0313,0.0,0.0
1998-12-15,15.0313,15.0313,15.0313,15.0313,0.0,0.0
1998-12-16,15.0313,15.0313,15.0313,15.0313,0.0,0.0
1998-12-17,15.0313,15.0313,15.0313,15.0313,0.0,0.0
1998-12-18,15.0313,15.0313,15.0313,15.0313,0.0,0.0
1998-12-21,15.0313,15.0313,15.0313,15.0313,0.0,0.0
1998-12-22,15.0313,15.0313,15.0313,15.0313,0.0,0.0
1998-12-23,15.0313,15.0313,15.0313,15.0313,0.0,0.0
1998-12-24,15.0313,15.0313,15.0313,15.0313,0.0,0.0
1998-12-25,15.0313,15.0313,15.0313,15.0313,0.0,0.0
1998-12-28,15.0313,15.0313,15.0313,15.0313,0.0,0.0
1998-12-29,15.0313,15.0313,15.0313,15.0313,0.0,0.0
1998-12-30,15.0313,15.0313,15.0313,15.0313,0.0,0.0
1998-12-31,15.0313,15.0313,15.0313,15.0313,0.0,0.0
1999-01-01,15.0313,15.0313,15.0313,15.0313,0.0,0.0
1999-01-04,15.0313,15.0313,15.0313,15.0313,0.0,0.0
1999-01-05,15.0313,15.0313,15.0313,15.0313,0.0,0.0
1999-01-06,15.0313,15.0313,15.0313,15.0313,0.0,0.0
1999-01-07,15.0313,15.0313,15.0313,15.0313,0.0,0.0
1999-01-08,15.0313,15.0313,15.0313,15.0313,0.0,0.0
1999-01-11,15.0313,15.0313,15.0313,15.0313,0.0,0.0
1999-01-12,15.0313,15.0313,15.0313,15.0313,0.0,0.0
1999-01-13,15.0313,15.0313,15.0313,15.0313,0.0,0.0
1999-01-14,15.0313,15.0313,15.0313,15.0313,0.0,0.0
1999-01-15,15.0313,15.0313,15.0313,15.0313,0.0,0.0
1999-01-18,15.375,15.375,15.375,15.375,0.0,1.0
1999-01-19,15.375,15.375,15.375,15.375,0.0,0.0
1999-01-20,15.375,15.375,15.375,15.375,0.0,0.0
1999-01-21,15.375,15.375,15.375,15.375,0.0,0.0
1999-01-22,15.375,15.375,15.375,15.375,0.0,0.0
1999-01-25,15.375,15.375,15.375,15.375,0.0,0.0
1999-01-26,15.375,15.375,15.375,15.375,0.0,0.0
1999-01-27,15.375,15.375,15.375,15.375,0.0,0.0
1999-01-28,15.375,15.375,15.375,15.375,0.0,0.0
1999-01-29,15.375,15.375,15.375,15.375,0.0,0.0
1999-02-01,15.375,15.375,15.375,15.375,0.0,0.0
1999-02-02,15.375,15.375,15.375,15.375,0.0,0.0
1999-02-03,15.375,15.375,15.375,15.375,0.0,0.0
1999-02-04,15.375,15.375,15.375,15.375,0.0,0.0
1999-02-05,15.375,15.375,15.375,15.375,0.0,0.0
1999-02-08,15.375,15.375,15.375,15.375,0.0,0.0
1999-02-09,15.375,15.375,15.375,15.375,0.0,0.0
1999-02-10,15.375,15.375,15.375,15.375,0.0,0.0
1999-02-11,15.375,15.375,15.375,15.375,0.0,0.0
1999-02-12,15.375,15.375,15.375,15.375,0.0,0.0
1999-02-15,15.4688,15.4688,15.4688,15.4688,0.0,1.0
1999-02-16,15.4688,15.4688,15.4688,15.4688,0.0,0.0
1999-02-17,15.4688,15.4688,15.4688,15.4688,0.0,0.0
1999-02-18,15.4688,15.4688,15.4688,15.4688,0.0,0.0
1999-02-19,15.4688,15.4688,15.4688,15.4688,0.0,0.0
1999-02-22,15.4688,15.4688,15.4688,15.4688,0.0,0.0
1999-02-23,15.4688,15.4688,15.4688,15.4688,0.0,0.0
1999-02-24,15.4688,15.4688,15.4688,15.4688,0.0,0.0
1999-02-25,15.4688,15.4688,15.4688,15.4688,0.0,0.0
1999-02-26,15.4688,15.4688,15.4688,15.4688,0.0,0.0
1999-03-01,15.4688,15.4688,15.4688,15.4688,0.0,0.0
1999-03-02,15.4688,15.4688,15.4688,15.4688,0.0,0.0
1999-03-03,15.4688,15.4688,15.4688,15.4688,0.0,0.0
1999-03-04,15.4688,15.4688,15.4688,15.4688,0.0,0.0
1999-03-05,15.4688,15.4688,15.4688,15.4688,0.0,0.0
1999-03-08,15.4688,15.4688,15.4688,15.4688,0.0,0.0
1999-03-09,15.4688,15.4688,15.4688,15.4688,0.0,0.0
1999-03-10,15.4688,15.4688,15.4688,15.4688,0.0,0.0
1999-03-11,15.4688,15.4688,15.4688,15.4688,0.0,0.0
1999-03-12,15.4688,15.4688,15.4688,15.4688,0.0,0.0
1999-03-15,15.4688,15.4688,15.4688,15.4688,0.0,0.0
1999-03-16,15.4688,15.4688,15.4688,15.4688,0.0,0.0
1999-03-17,15.4688,15.4688,15.4688,15.4688,0.0,0.0
1999-03-18,15.4688,15.4688,15.4688,15.4688,0.0,0.0
1999-03-19,15.4688,15.4688,15.4688,15.4688,0.0,0.0
1999-03-22,15.4688,15.4688,15.4688,15.4688,0.0,0.0
1999-03-23,15.4688,15.4688,15.4688,15.4688,0.0,0.0
1999-03-24,15.4688,15.4688,15.4688,15.4688,0.0,0.0
1999-03-25,15.4688,15.4688,15.4688,15.4688,0.0,0.0
1999-03-26,15.4688,15.4688,15.4688,15.4688,0.0,0.0
1999-03-29,15.4688,15.4688,15.4688,15.4688,0.0,0.0
1999-03-30,15.4688,15.4688,15.4688,15.4688,0.0,0.0
1999-03-31,15.4688,15.4688,15.4688,15.4688,0.0,0.0
1999-04-01,15.4688,15.4688,15.4688,15.4688,0.0,0.0
1999-04-02,15.4688,15.4688,15.4688,15.4688,0.0,0.0
1999-04-05,15.4688,15.4688,15.4688,15.4688,0.0,0.0
1999-04-06,15.4688,15.4688,15.4688,15.4688,0.0,0.0
1999-04-07,15.4688,15.4688,15.4688,15.4688,0.0,0.0
1999-04-08,15.4688,15.4688,15.4688,15.4688,0.0,0.0
1999-04-09,15.4688,15.4688,15.4688,15.4688,0.0,0.0
1999-04-12,15.4688,15.4688,15.4688,15.4688,0.0,0.0
1999-04-13,15.4688,15.4688,15.4688,15.4688,0.0,0.0
1999-04-14,15.4688,15.4688,15.4688,15.4688,0.0,0.0
1999-04-15,15.4688,15.4688,15.4688,15.4688,0.0,0.0
1999-04-16,15.4688,15.4688,15.4688,15.4688,0.0,0.0
1999-04-19,15.4688,15.4688,15.4688,15.4688,0.0,0.0
1999-04-20,15.4688,15.4688,15.4688,15.4688,0.0,0.0
1999-04-21,15.4688,15.4688,15.4688,15.4688,0.0,0.0
1999-04-22,15.4688,15.4688,15.4688,15.4688,0.0,0.0
1999-04-23,15.4688,15.4688,15.4688,15.4688,0.0,0.0
1999-04-26,15.4688,15.4688,15.4688,15.4688,0.0,0.0
1999-04-27,15.4688,15.4688,15.4688,15.4688,0.0,0.0
1999-04-28,15.4688,15.4688,15.4688,15.4688,0.0,0.0
1999-04-29,15.4688,15.4688,15.4688,15.4688,0.0,0.0
1999-04-30,15.4688,15.4688,15.4688,15.4688,0.0,0.0
1999-05-03,15.4688,15.4688,15.4688,15.4688,0.0,0.0
1999-05-04,15.4688,15.4688,15.4688,15.4688,0.0,0.0
1999-05-05,15.4688,15.4688,15.4688,15.4688,0.0,0.0
1999-05-06,15.4688,15.4688,15.4688,15.4688,0.0,0.0
1999-05-07,15.4688,15.4688,15.4688,15.4688,0.0,0.0
1999-05-10,15.4688,15.4688,15.4688,15.4688,0.0,0.0
1999-05-11,15.4688,15.4688,15.4688,15.4688,0.0,0.0
1999-05-12,15.4688,15.4688,15.4688,15.4688,0.0,0.0
1999-05-13,15.4688,15.4688,15.4688,15.4688,0.0,0.0
1999-05-14,15.4688,15.4688,15.4688,15.4688,0.0,0.0
1999-05-17,15.4688,15.4688,15.4688,15.4688,0.0,0.0
1999-05-18,15.4688,15.4688,15.4688,15.4688,0.0,0.0
1999-05-19,15.4688,15.4688,15.4688,15.4688,0.0,0.0
1999-05-20,15.4688,15.4688,15.4688,15.4688,0.0,0.0
1999-05-21,15.4688,15.4688,15.4688,15.4688,0.0,0.0
1999-05-24,15.4688,15.4688,15.4688,15.4688,0.0,0.0
1999-05-25,15.4688,15.4688,15.4688,15.4688,0.0,0.0
1999-05-26,15.4688,15.4688,15.4688,15.4688,0.0,0.0
1999-05-27,15.4688,15.4688,15.4688,15.4688,0.0,0.0
1999-05-28,15.4688,15.4688,15.4688,15.4688,0.0,0.0
1999-05-31,15.4688,15.4688,15.4688,15.4688,0.0,0.0
1999-06-01,15.4688,15.4688,15.4688,15.4688,0.0,0.0
1999-06-02,15.4688,15.4688,15.4688,15.4688,0.0,0.0
1999-06-03,15.4688,15.4688,15.4688,15.4688,0.0,0.0
1999-06-04,15.4688,15.4688,15.4688,15.4688,0.0,0.0
1999-06-07,15.4688,15.4688,15.4688,15.4688,0.0,0.0
1999-06-08,15.4688,15.4688,15.4688,15.4688,0.0,0.0
1999-06-09,15.4688,15.4688,15.4688,15.4688,0.0,0.0
1999-06-10,15.4688,15.4688,15.4688,15.4688,0.0,0.0
1999-06-11,15.4688,15.4688,15.4688,15.4688,0.0,0.0
1999-06-14,15.4688,15.4688,15.4688,15.4688,0.0,0.0
1999-06-15,15.4688,15.4688,15.4688,15.4688,0.0,0.0
1999-06-16,15.4688,15.4688,15.4688,15.4688,0.0,0.0
1999-06-17,15.4688,15.4688,15.4688,15.4688,0.0,0.0
1999-06-18,15.4688,15.4688,15.4688,15.4688,0.0,0.0
1999-06-21,15.4688,15.4688,15.4688,15.4688,0.0,0.0
1999-06-22,15.4688,15.4688,15.4688,15.4688,0.0,0.0
1999-06-23,15.4688,15.4688,15.4688,15.4688,0.0,0.0
1999-06-24,15.4688,15.4688,15.4688,15.4688,0.0,0.0
1999-06-25,15.4688,15.4688,15.4688,15.4688,0.0,0.0
1999-06-28,15.4688,15.4688,15.4688,15.4688,0.0,0.0
1999-06-29,15.4688,15.4688,15.4688,15.4688,0.0,0.0
1999-06-30,15.4688,15.4688,15.4688,15.4688,0.0,0.0
1999-07-01,15.4688,15.4688,15.4688,15.4688,0.0,0.0
1999-07-02,15.4688,15.4688,15.4688,15.4688,0.0,0.0
1999-07-05,15.4063,15.4063,15.4063,15.4063,0.0,1.0
1999-07-06,15.4063,15.4063,15.4063,15.4063,0.0,0.0
1999-07-07,15.4063,15.4063,15.4063,15.4063,0.0,0.0
1999-07-08,15.4063,15.4063,15.4063,15.4063,0.0,0.0
1999-07-09,15.4063,15.4063,15.4063,15.4063,0.0,0.0
1999-07-12,15.4063,15.4063,15.4063,15.4063,0.0,0.0
1999-07-13,15.4063,15.4063,15.4063,15.4063,0.0,0.0
1999-07-14,15.4063,15.4063,15.4063,15.4063,0.0,0.0
1999-07-15,15.4063,15.4063,15.4063,15.4063,0.0,0.0
1999-07-16,15.4063,15.4063,15.4063,15.4063,0.0,0.0
1999-07-19,15.4063,15.4063,15.4063,15.4063,0.0,0.0
1999-07-20,15.4063,15.4063,15.4063,15.4063,0.0,0.0
1999-07-21,15.4063,15.4063,15.4063,15.4063,0.0,0.0
1999-07-22,15.4063,15.4063,15.4063,15.4063,0.0,0.0
1999-07-23,15.4063,15.4063,15.4063,15.4063,0.0,0.0
1999-07-26,15.4063,15.4063,15.4063,15.4063,0.0,0.0
1999-07-27,15.4063,15.4063,15.4063,15.4063,0.0,0.0
1999-07-28,15.4063,15.4063,15.4063,15.4063,0.0,0.0
1999-07-29,15.4063,15.4063,15.4063,15.4063,0.0,0.0
1999-07-30,15.4063,15.4063,15.4063,15.4063,0.0,0.0
1999-08-02,15.4063,15.4063,15.4063,15.4063,0.0,0.0
1999-08-03,15.4063,15.4063,15.4063,15.4063,0.0,0.0
1999-08-04,15.4063,15.4063,15.4063,15.4063,0.0,0.0
1999-08-05,15.4063,15.4063,15.4063,15.4063,0.0,0.0
1999-08-06,15.4063,15.4063,15.4063,15.4063,0.0,0.0
1999-08-09,15.4063,15.4063,15.4063,15.4063,0.0,0.0
1999-08-10,15.4063,15.4063,15.4063,15.4063,0.0,0.0
1999-08-11,15.4063,15.4063,15.4063,15.4063,0.0,0.0
1999-08-12,15.4063,15.4063,15.4063,15.4063,0.0,0.0
1999-08-13,15.4063,15.4063,15.4063,15.4063,0.0,0.0
1999-08-16,15.4063,15.4063,15.4063,15.4063,0.0,0.0
1999-08-17,15.4063,15.4063,15.4063,15.4063,0.0,0.0
1999-08-18,15.4063,15.4063,15.4063,15.4063,0.0,0.0
1999-08-19,15.4063,15.4063,15.4063,15.4063,0.0,0.0
1999-08-20,15.4063,15.4063,15.4063,15.4063,0.0,0.0
1999-08-23,15.4063,15.4063,15.4063,15.4063,0.0,0.0
1999-08-24,15.4063,15.4063,15.4063,15.4063,0.0,0.0
1999-08-25,15.4063,15.4063,15.4063,15.4063,0.0,0.0
1999-08-26,15.4063,15.4063,15.4063,15.4063,0.0,0.0
1999-08-27,15.4063,15.4063,15.4063,15.4063,0.0,0.0
1999-08-30,15.4063,15.4063,15.4063,15.4063,0.0,0.0
1999-08-31,15.4063,15.4063,15.4063,15.4063,0.0,0.0
1999-09-01,15.4063,15.4063,15.4063,15.4063,0.0,0.0
1999-09-02,15.4063,15.4063,15.4063,15.4063,0.0,0.0
1999-09-03,15.4063,15.4063,15.4063,15.4063,0.0,0.0
1999-09-06,14.7813,14.7813,14.7813,14.7813,0.0,1.0
1999-09-07,14.7813,14.7813,14.7813,14.7813,0.0,0.0
1999-09-08,14.7813,14.7813,14.7813,14.7813,0.0,0.0
1999-09-09,14.7813,14.7813,14.7813,14.7813,0.0,0.0
1999-09-10,14.7813,14.7813,14.7813,14.7813,0.0,0.0
1999-09-13,14.7813,14.7813,14.7813,14.7813,0.0,0.0
1999-09-14,14.7813,14.7813,14.7813,14.7813,0.0,0.0
1999-09-15,14.7813,14.7813,14.7813,14.7813,0.0,0.0
1999-09-16,14.7813,14.7813,14.7813,14.7813,0.0,0.0
1999-09-17,14.7813,14.7813,14.7813,14.7813,0.0,0.0
1999-09-20,14.7813,14.7813,14.7813,14.7813,0.0,0.0
1999-09-21,14.7813,14.7813,14.7813,14.7813,0.0,0.0
1999-09-22,14.7813,14.7813,14.7813,14.7813,0.0,0.0
1999-09-23,14.7813,14.7813,14.7813,14.7813,0.0,0.0
1999-09-24,14.7813,14.7813,14.7813,14.7813,0.0,0.0
1999-09-27,14.7813,14.7813,14.7813,14.7813,0.0,0.0
1999-09-28,14.7813,14.7813,14.7813,14.7813,0.0,0.0
1999-09-29,14.7813,14.7813,14.7813,14.7813,0.0,0.0
1999-09-30,14.7813,14.7813,14.7813,14.7813,0.0,0.0
1999-10-01,14.7813,14.7813,14.7813,14.7813,0.0,0.0
1999-10-04,14.7813,14.7813,14.7813,14.7813,0.0,0.0
1999-10-05,14.7813,14.7813,14.7813,14.7813,0.0,0.0
1999-10-06,14.7813,14.7813,14.7813,14.7813,0.0,0.0
1999-10-07,14.7813,14.7813,14.7813,14.7813,0.0,0.0
1999-10-08,14.7813,14.7813,14.7813,14.7813,0.0,0.0
1999-10-11,14.7813,14.7813,14.7813,14.7813,0.0,0.0
1999-10-12,14.7813,14.7813,14.7813,14.7813,0.0,0.0
1999-10-13,14.7813,14.7813,14.7813,14.7813,0.0,0.0
1999-10-14,14.7813,14.7813,14.7813,14.7813,0.0,0.0
1999-10-15,14.7813,14.7813,14.7813,14.7813,0.0,0.0
1999-10-18,14.7813,14.7813,14.7813,14.7813,0.0,0.0
1999-10-19,14.7813,14.7813,14.7813,14.7813,0.0,0.0
1999-10-20,14.7813,14.7813,14.7813,14.7813,0.0,0.0
1999-10-21,14.7813,14.7813,14.7813,14.7813,0.0,0.0
1999-10-22,14.7813,14.7813,14.7813,14.7813,0.0,0.0
1999-10-25,14.7813,14.7813,14.7813,14.7813,0.0,0.0
1999-10-26,14.7813,14.7813,14.7813,14.7813,0.0,0.0
1999-10-27,14.7813,14.7813,14.7813,14.7813,0.0,0.0
1999-10-28,14.7813,14.7813,14.7813,14.7813,0.0,0.0
1999-10-29,14.7813,14.7813,14.7813,14.7813,0.0,0.0
1999-11-01,14.7813,14.7813,14.7813,14.7813,0.0,0.0
1999-11-02,14.7813,14.7813,14.7813,14.7813,0.0,0.0
1999-11-03,14.7813,14.7813,14.7813,14.7813,0.0,0.0
1999-11-04,14.7813,14.7813,14.7813,14.7813,0.0,0.0
1999-11-05,14.7813,14.7813,14.7813,14.7813,0.0,0.0
1999-11-08,14.7813,14.7813,14.7813,14.7813,0.0,0.0
1999-11-09,14.7813,14.7813,14.7813,14.7813,0.0,0.0
1999-11-10,14.7813,14.7813,14.7813,14.7813,0.0,0.0
1999-11-11,14.7813,14.7813,14.7813,14.7813,0.0,0.0
1999-11-12,14.7813,14.7813,14.7813,14.7813,0.0,0.0
1999-11-15,14.7813,14.7813,14.7813,14.7813,0.0,0.0
1999-11-16,14.7813,14.7813,14.7813,14.7813,0.0,0.0
1999-11-17,14.7813,14.7813,14.7813,14.7813,0.0,0.0
1999-11-18,14.7813,14.7813,14.7813,14.7813,0.0,0.0
1999-11-19,14.7813,14.7813,14.7813,14.7813,0.0,0.0
1999-11-22,14.7813,14.7813,14.7813,14.7813,0.0,0.0
1999-11-23,14.7813,14.7813,14.7813,14.7813,0.0,0.0
1999-11-24,14.7813,14.7813,14.7813,14.7813,0.0,0.0
1999-11-25,12.8438,12.8438,12.8438,12.8438,0.0,1.0
1999-11-26,12.8438,12.8438,12.8438,12.8438,0.0,0.0
1999-11-29,12.8438,12.8438,12.8438,12.8438,0.0,0.0
1999-11-30,12.8438,12.8438,12.8438,12.8438,0.0,0.0
1999-12-01,12.8438,12.8438,12.8438,12.8438,0.0,0.0
1999-12-02,12.8438,12.8438,12.8438,12.8438,0.0,0.0
1999-12-03,12.8438,12.8438,12.8438,12.8438,0.0,0.0
1999-12-06,12.8438,12.8438,12.8438,12.8438,0.0,0.0
1999-12-07,12.8438,12.8438,12.8438,12.8438,0.0,0.0
1999-12-08,12.8438,12.8438,12.8438,12.8438,0.0,0.0
1999-12-09,12.8438,12.8438,12.8438,12.8438,0.0,0.0
1999-12-10,12.8438,12.8438,12.8438,12.8438,0.0,0.0
1999-12-13,12.8438,12.8438,12.8438,12.8438,0.0,0.0
1999-12-14,12.8438,12.8438,12.8438,12.8438,0.0,0.0
1999-12-15,12.8438,12.8438,12.8438,12.8438,0.0,0.0
1999-12-16,12.8438,12.8438,12.8438,12.8438,0.0,0.0
1999-12-17,12.8438,12.8438,12.8438,12.8438,0.0,0.0
1999-12-20,12.8438,12.8438,12.8438,12.8438,0.0,0.0
1999-12-21,12.8438,12.8438,12.8438,12.8438,0.0,0.0
1999-12-22,14.125,14.125,14.125,14.125,0.0,1.0
1999-12-23,14.125,14.125,14.125,14.125,0.0,0.0
1999-12-24,14.125,14.125,14.125,14.125,0.0,0.0
1999-12-27,14.125,14.125,14.125,14.125,0.0,0.0
1999-12-28,14.125,14.125,14.125,14.125,0.0,0.0
1999-12-29,14.125,14.125,14.125,14.125,0.0,0.0
1999-12-30,14.125,14.125,14.125,14.125,0.0,0.0
