Date,HIGH,LOW,CLOSE,OPEN,COUNT,VOLUME
2017-12-11,338.25,335.375,,,29,434
2017-12-12,339.75,337.25,,,15,614
2017-12-13,341.5,336.75,,,29,1693
2017-12-14,338.25,335.0,,,53,593
2017-12-15,335.5,330.75,,,34,1752
2017-12-18,334.0,330.5,,,22,723
2017-12-19,333.0,329.5,,,31,524
2017-12-20,332.0,324.0,,,53,1529
2017-12-21,328.25,324.5,,,14,645
2017-12-22,327.0,327.0,,,1,468
2017-12-27,329.25,326.5,,,8,168
2017-12-28,326.0,323.5,,,7,205
2017-12-29,325.5,322.5,,,3,254
2018-01-03,325.5,325.0,,,8,47
2018-01-04,326.0,325.5,,,2,30
2018-01-05,330.5,330.0,,,2,535
2018-01-08,333.0,333.0,,,1,58
2018-01-09,334.0,334.0,336.75,338.75,1,335
2018-01-10,333.5413,333.0,,,2,498
2018-01-11,335.174,335.174,333.25,331.75,1,890
2018-01-12,339.8893,339.4219,343.5,331.75,2,1217
2018-01-15,351.5401,351.5401,353.25,344.5,1,319
2018-01-16,357.9821,357.9821,358.75,353.75,1,861
2018-01-17,358.0,356.5,357.75,359.25,20,1667
2018-01-18,356.0,351.5,352.25,357.75,5,757
2018-01-19,355.5,354.6919,357.25,353.75,2,266
2018-01-22,360.5,357.5,356.75,355.25,9,397
2018-01-23,358.0,355.0,354.25,360.0,6,260
2018-01-24,355.0,352.5,355.25,354.25,15,314
2018-01-25,354.0,349.0,349.5,355.25,5,340
2018-01-26,350.7393,349.6571,349.0,350.75,4,378
2018-01-29,350.26,347.7571,346.0,351.25,2,68
2018-01-30,347.0,346.4031,349.5,350.25,4,100
2018-01-31,345.5,342.0,343.0,343.5,7,1347
2018-02-01,343.5,343.5,342.0,344.5,1,348
2018-02-02,341.6333,341.6333,341.5,342.0,1,118
2018-02-05,338.9924,330.5,334.75,340.0,9,795
2018-02-06,331.5,318.5093,328.0,318.25,12,619
2018-02-07,339.0,333.5,334.25,332.75,8,744
2018-02-08,343.5,337.5,340.0,342.5,3,61
2018-02-09,333.2333,333.2333,334.25,338.25,1,16
2018-02-12,340.0,338.5,337.75,338.75,5,68
2018-02-13,342.0,339.5,341.5,342.5,6,76
2018-02-14,347.0,345.237,345.0,338.75,4,345
2018-02-15,349.5,346.25,348.0,349.0,3,17
2018-02-16,351.0,348.58,348.0,349.5,7,90
2018-02-19,347.3281,346.0,350.25,350.75,6,71
2018-02-20,352.5,350.4048,351.25,349.0,8,176
2018-02-21,354.565,348.5,352.25,352.75,7,575
2018-02-22,352.06,349.5,351.25,354.75,7,357
2018-02-23,350.5,349.25,349.0,351.25,6,102
2018-02-26,354.4947,354.4947,356.25,350.25,1,7
2018-02-27,357.0,355.1421,355.75,355.25,2,21
2018-02-28,346.5057,343.4448,347.5,358.75,4,793
2018-03-01,338.1176,330.0,334.75,345.75,12,878
2018-03-02,327.06,324.44,327.0,330.25,4,204
2018-03-05,322.5,320.4808,319.25,338.25,4,970
2018-03-06,327.5,327.5,327.5,327.5,1,200
2018-03-07,327.5,327.5,323.0,325.0,1,200
2018-03-08,325.3847,325.3847,325.0,321.0,1,71
2018-03-09,327.0,325.5,324.5,329.0,7,112
2018-03-12,331.4173,325.0703,331.75,329.0,5,378
2018-03-13,335.5,333.0,332.25,332.75,7,350
2018-03-14,341.35,337.8013,338.75,333.75,5,858
2018-03-15,340.4217,339.484,338.75,338.75,3,51
2018-03-16,339.0053,339.0053,340.0,340.0,1,360
2018-03-19,341.5103,341.5103,339.25,341.0,1,21
2018-03-20,339.0639,338.4746,338.75,341.0,3,28
2018-03-21,339.9333,337.5754,340.0,338.75,5,88
2018-03-22,336.44,330.0,331.25,342.5,6,60
2018-03-23,327.0,327.0,327.0,342.5,1,8
2018-03-26,325.0,324.0,327.5,330.25,4,204
2018-03-27,325.0,324.0,330.75,325.5,4,8
2018-03-28,328.4753,324.2971,324.5,329.5,2,34
2018-03-29,325.5,325.0,327.5,326.0,2,8
2018-04-03,325.3325,322.9629,324.5,331.25,4,401
2018-04-04,,,320.0,325.0,,
2018-04-05,326.5,326.5,325.5,326.0,1,2
2018-04-06,,,327.5,328.0,,
2018-04-09,330.1085,330.1085,328.5,330.25,1,122
2018-04-10,326.8167,325.5,325.5,330.25,3,25
2018-04-11,330.5,326.2,325.5,328.0,5,184
2018-04-12,333.6238,325.9412,333.25,325.0,4,453
2018-04-13,,,330.25,334.75,,
2018-04-16,330.2046,330.2045,330.25,332.75,2,109
2018-04-17,322.0,321.6516,323.5,323.5,2,21
2018-04-18,323.5,320.0,321.5,322.0,6,181
2018-04-19,323.0,321.9259,321.0,325.0,2,60
2018-04-20,324.5,324.5,322.0,322.0,1,49
2018-04-23,334.5,334.5,336.75,325.0,2,300
2018-04-24,,,330.25,333.25,,
2018-04-25,,,328.5,329.5,,
2018-04-26,,,332.25,330.25,,
2018-04-27,335.5,335.0,333.75,334.25,2,18
2018-04-30,,,334.75,331.75,,
2018-05-01,,,334.75,,,
2018-05-02,327.5,327.5,329.0,331.25,1,9
2018-05-03,325.0,323.5,323.0,329.0,5,313
2018-05-04,322.6,320.86989,323.5,324.5,5,123
2018-05-08,325.0,325.0,322.5,320.0,1,2
2018-05-09,324.5,324.5,326.0,325.0,1,2
2018-05-10,,,326.0,,,
2018-05-11,325.48897,325.0,325.5,326.5,3,11
2018-05-14,,,324.5,326.5,,
2018-05-15,324.06897,324.06897,323.5,324.5,1,108
2018-05-16,322.67283,322.67283,324.0,326.0,1,85
2018-05-17,325.72357,323.42559,326.0,320.5,2,30
2018-05-18,,,326.0,325.0,,
2018-05-21,,,326.0,,,
2018-05-22,326.9724,326.74904,326.0,327.0,2,136
2018-05-23,323.90562,323.90562,322.0,330.25,1,151
2018-05-24,323.84059,323.72745,325.5,322.0,2,104
2018-05-25,,,328.0,325.0,,
2018-05-28,327.57533,327.57533,,,1,8
2018-05-29,320.42815,320.06505,317.25,326.5,2,202
2018-05-30,319.02595,319.02586,318.75,317.25,2,120
2018-05-31,312.40222,311.76054,308.5,321.5,2,173
2018-06-01,315.37923,313.69091,317.25,309.0,4,554
2018-06-04,318.85007,318.85007,320.0,315.75,1,111
2018-06-05,326.92479,322.87552,326.0,320.0,2,94
2018-06-06,,,324.5,322.5,,
2018-06-07,329.5,325.5585,328.5,327.75,5,144
2018-06-08,327.10778,325.04058,326.5,330.25,2,72
2018-06-11,327.5,323.5,325.0,322.5,9,182
2018-06-12,327.5,327.5,327.5,327.0,1,26
2018-06-13,337.5,337.5,338.25,331.25,1,1
2018-06-14,,,336.25,337.25,,
2018-06-15,322.0,320.75,319.25,335.75,9,52
2018-06-18,329.0,329.0,328.5,321.75,1,1
2018-06-19,,,329.5,329.0,,
2018-06-20,330.0,330.0,330.25,328.0,1,2
2018-06-21,,,329.0,328.0,,
2018-06-22,328.0,327.0,326.5,327.0,2,16
2018-06-25,324.5,324.5,322.0,326.0,1,25
2018-06-26,323.5,323.43421,321.5,323.0,2,88
2018-06-27,325.5,320.04176,323.5,324.0,7,145
2018-06-28,326.0,321.5,323.5,325.0,6,187
2018-06-29,326.0,326.0,323.5,321.0,1,1
2018-07-02,324.03214,324.03214,325.0,321.0,1,140
2018-07-03,,,329.0,326.0,,
2018-07-04,334.0,329.5,333.25,327.5,11,203
2018-07-05,333.5,327.5,329.0,334.75,12,130
2018-07-06,,,327.0,331.75,,
2018-07-09,,,328.5,328.5,,
2018-07-10,328.5,327.5,328.5,326.0,5,136
2018-07-11,325.5,325.47837,325.5,330.25,3,396
2018-07-12,331.21277,330.29843,327.5,325.0,3,274
2018-07-13,332.35,330.0,332.25,327.5,4,98
2018-07-16,329.5,329.05695,329.0,328.0,3,69
2018-07-17,336.0,333.5,333.25,328.5,3,44
2018-07-18,336.0,336.0,336.25,335.75,1,34
2018-07-19,335.0,335.0,338.25,338.25,1,35
2018-07-20,334.0,332.6,334.25,333.25,2,49
2018-07-23,335.0,331.0,336.25,330.75,4,83
2018-07-24,,,335.75,335.75,,
2018-07-25,312.0,312.0,313.25,337.75,1,15
2018-07-26,321.0,317.5,318.75,314.75,7,48
2018-07-27,320.0,318.5,320.0,313.75,4,24
2018-07-30,316.0,312.5,312.25,314.75,11,1235
2018-07-31,305.0,305.0,306.0,310.25,1,3
2018-08-01,,,306.0,,,
2018-08-02,288.0,285.5,286.5,300.0,7,35
2018-08-03,286.21485,285.49572,285.0,288.0,5,964
2018-08-06,,,287.5,289.0,,
2018-08-07,287.5,287.19735,286.0,286.5,3,478
2018-08-08,287.1035,287.1035,286.5,290.25,1,102
2018-08-09,287.0,286.74718,287.0,290.25,2,846
2018-08-10,286.20733,285.67655,286.0,285.5,3,266
2018-08-13,287.5,287.5,285.5,286.0,1,3
2018-08-14,286.0,285.98918,286.0,288.0,2,800
2018-08-15,284.5,284.5,286.5,287.0,1,3
2018-08-16,286.40703,285.06555,285.5,287.5,3,366
2018-08-17,291.69583,290.41455,292.75,285.5,2,60
2018-08-20,291.81923,291.56704,291.25,292.75,2,184
2018-08-21,297.5,297.5,297.25,289.0,1,2
2018-08-22,291.05,290.0,292.75,295.25,5,360
2018-08-23,,,290.25,293.75,,
2018-08-24,287.7,287.1,288.0,287.0,2,124
2018-08-27,289.5,289.5,,,1,2
2018-08-28,287.5,287.5,290.25,290.25,1,1
2018-08-29,285.93422,285.47145,288.5,290.25,2,90
2018-08-30,,,281.0,287.5,,
2018-08-31,,,280.5,281.0,,
2018-09-03,,,281.5,279.25,,
2018-09-04,,,282.0,282.0,,
2018-09-05,280.85091,280.85091,281.0,281.0,1,33
2018-09-06,278.16774,275.0,275.75,283.5,3,126
2018-09-07,272.15721,272.15721,273.75,275.25,1,86
2018-09-10,275.387,275.0,275.25,270.25,3,76
2018-09-11,,,272.25,276.75,,
2018-09-12,271.5,271.5,272.25,272.25,1,1
2018-09-13,273.06279,273.06279,272.75,273.75,1,34
2018-09-14,,,269.0,271.75,,
2018-09-17,,,271.25,272.25,,
2018-09-18,270.0,270.0,271.75,270.75,3,97
2018-09-19,,,269.5,273.75,,
2018-09-20,,,269.5,270.25,,
2018-09-21,271.75,271.25,270.25,270.25,3,12
2018-09-24,268.55648,268.55648,270.25,271.25,1,15
2018-09-25,268.91626,265.0,265.5,269.0,3,273
2018-09-26,264.15582,263.94704,264.5,264.0,2,120
2018-09-27,,,263.5,262.5,,
2018-09-28,,,263.5,263.5,,
2018-10-01,,,263.0,264.0,,
2018-10-02,,,262.0,265.5,,
2018-10-03,262.0,262.0,261.5,260.0,1,1
2018-10-04,258.0,254.5,257.25,265.0,5,207
2018-10-05,252.5,250.875,249.0,257.25,3,111
2018-10-08,251.5,250.97333,250.25,250.75,3,101
2018-10-09,251.45,250.20103,250.25,250.25,2,143
2018-10-10,248.5,244.5,245.5,248.0,7,469
2018-10-11,249.0,246.61397,249.5,245.0,4,563
2018-10-12,251.75,251.00625,250.25,249.5,3,106
2018-10-15,249.25,248.48,249.5,250.75,3,97
2018-10-16,252.545,250.95,252.25,249.25,6,798
2018-10-17,255.84748,253.0,254.75,253.25,4,186
2018-10-18,254.0,251.0,252.75,252.75,7,367
2018-10-19,248.97571,248.97571,251.25,250.75,1,77
2018-10-22,249.5625,249.5625,248.5,251.75,1,20
2018-10-23,247.75,244.0,243.5,249.5,5,57
2018-10-24,244.44376,241.5,241.0,242.5,4,62
2018-10-25,243.5,243.5,241.0,240.5,1,3
2018-10-26,242.5,242.5,245.0,242.0,1,36
2018-10-29,249.0,245.44353,249.0,240.0,5,218
2018-10-30,248.5224,247.0,249.5,245.0,6,383
2018-10-31,254.55854,252.99621,252.75,250.75,3,203
2018-11-01,255.025,254.5,254.25,252.75,4,525
2018-11-02,250.0,250.0,252.25,253.25,1,21
2018-11-05,251.45455,248.5,248.5,250.25,6,52
2018-11-06,250.5,249.0,249.0,248.5,6,116
2018-11-07,255.0,250.95476,250.75,250.25,11,137
2018-11-08,251.5,251.5,252.75,254.75,1,74
2018-11-09,249.5,249.5,251.25,251.75,1,54
2018-11-12,244.218,244.218,247.0,253.75,1,33
2018-11-13,,,241.0,244.0,,
2018-11-14,242.02,242.02,243.0,244.0,1,1
2018-11-15,238.0,237.2578,236.75,242.0,3,80
2018-11-16,234.5,234.5,234.25,237.75,1,48
2018-11-19,,,232.75,234.25,,
2018-11-20,231.5,227.0,230.25,230.75,11,162
2018-11-21,238.0,235.492,235.25,232.75,4,142
2018-11-22,237.0,237.0,236.75,237.75,1,255
2018-11-23,236.0,236.0,237.25,236.75,1,2
2018-11-26,242.5,240.5,244.0,237.75,3,17
2018-11-27,245.5,237.0,244.0,241.0,11,109
2018-11-28,251.45,249.85667,247.0,245.0,4,389
2018-11-29,245.0,245.0,246.0,250.25,2,254
2018-11-30,241.0,240.0,241.5,244.5,5,93
2018-12-03,238.5,237.7738,240.5,250.25,2,26
2018-12-04,233.26455,233.26455,234.75,237.75,1,33
2018-12-05,229.3,227.05,227.0,231.75,6,556
2018-12-06,216.5,211.5,210.75,225.5,6,126
2018-12-07,216.5,213.0,214.75,215.75,5,103
2018-12-10,205.5,205.0,205.5,213.25,5,11
2018-12-11,214.0,211.5,214.25,208.5,4,97
2018-12-12,223.0,214.0,220.5,214.25,43,3096
2018-12-13,221.5,220.0,220.0,225.0,8,190
2018-12-14,223.5,221.5,222.5,223.0,9,290
2018-12-17,219.0,212.0,211.25,224.0,13,897
2018-12-18,218.5,217.5,218.25,212.75,5,56
2018-12-19,219.0,218.3552,218.25,217.25,3,99
2018-12-20,217.0,215.5,215.75,220.0,28,226
2018-12-21,218.5,218.5,217.25,215.75,2,34
2018-12-24,,,217.25,,,
2018-12-27,212.45,211.0,211.25,221.0,5,565
2018-12-28,217.5,215.0,215.75,210.25,8,140
2018-12-31,,,215.75,,,
2019-01-02,,,215.75,,,
2019-01-03,217.0,214.0,214.75,214.75,5,92
2019-01-04,222.0,219.45,220.0,219.25,9,362
2019-01-07,227.5,227.0,227.5,225.0,3,210
2019-01-08,232.0,232.0,234.25,228.0,3,146
2019-01-09,231.0,228.5,230.25,233.75,5,146
2019-01-10,229.7,228.0,228.0,232.75,3,229
2019-01-11,228.0,228.0,229.5,230.25,1,72
2019-01-14,226.0,225.0,226.5,231.25,7,420
2019-01-15,225.5,224.5,225.0,226.0,7,375
2019-01-16,237.0,227.0,235.25,228.0,7,195
2019-01-17,259.5,236.0,256.25,237.75,26,1078
2019-01-18,263.5,252.0,256.75,261.5,34,1472
2019-01-21,256.5,246.5,238.25,262.0,6,482
2019-01-22,256.5,248.8877,251.75,240.0,23,662
2019-01-23,253.95,253.6,253.75,254.75,2,123
2019-01-24,264.0,253.0,265.0,253.75,4,95
2019-01-25,268.0,264.5,266.5,266.0,13,3843
2019-01-28,260.9612,260.9612,260.5,267.0,1,133
2019-01-29,266.5,263.25,264.5,261.0,9,466
2019-01-30,270.0,268.5,268.5,266.0,7,61
2019-01-31,264.5,264.5,265.5,269.5,1,3
2019-02-01,264.5265,262.5,265.0,264.0,5,203
2019-02-04,260.0,257.0,257.25,261.0,11,755
2019-02-05,262.5,256.5,261.0,256.25,5,27
2019-02-06,268.0,264.0,265.0,260.0,43,1572
2019-02-07,262.125,257.625,260.0,267.5,11,891
2019-02-08,258.0,256.0,257.25,256.75,10,165
2019-02-11,259.0,253.5,255.25,260.0,4,218
2019-02-12,259.0,256.5,258.25,257.75,4,215
2019-02-13,259.2,252.5,255.25,260.0,8,583
2019-02-14,262.0,259.5,260.5,258.25,19,469
2019-02-15,259.0,256.5,257.25,260.5,5,149
2019-02-18,265.5,259.0,264.5,260.5,20,671
2019-02-19,264.0,261.5,260.5,262.25,4,47
2019-02-20,274.95,267.0,271.75,262.0,30,566
2019-02-21,271.5,265.5,270.75,270.25,16,620
2019-02-22,271.0,269.5,270.25,271.25,7,440
2019-02-25,274.0,271.5,271.25,273.75,39,979
2019-02-26,275.0,274.0,272.75,274.25,11,246
2019-02-27,268.45,264.5,266.0,274.75,12,863
2019-02-28,267.5,264.0,266.5,263.0,2,292
2019-03-01,268.0,266.0,267.5,267.5,11,211
2019-03-04,274.0,270.5,272.25,270.25,11,960
2019-03-05,269.5,267.5,267.5,270.75,3,326
2019-03-06,268.5,265.2,265.5,270.25,19,1587
2019-03-07,267.27005,266.5,267.5,270.25,3,297
2019-03-08,268.0,263.45,266.5,265.0,18,429
2019-03-11,271.0,268.0,270.75,270.75,8,290
2019-03-12,274.0,270.52705,270.25,270.25,4,62
2019-03-13,272.0,270.0,270.75,270.25,4,181
2019-03-14,273.0,270.5,271.75,272.75,9,426
2019-03-15,270.99981,270.99981,271.25,270.25,1,67
2019-03-18,275.0,270.43779,274.25,273.75,7,230
2019-03-19,275.0,274.5,274.25,274.25,6,189
2019-03-20,274.0,270.95117,273.25,272.75,5,336
2019-03-21,274.0,270.5,269.5,274.75,25,1656
2019-03-22,273.5629,269.5,269.5,273.75,8,317
2019-03-25,270.0,268.5,269.0,270.25,3,301
2019-03-26,270.26691,269.79308,267.5,268.0,4,1463
2019-03-27,273.5,268.0,267.5,272.25,4,303
2019-03-28,271.0,271.0,272.75,272.25,1,698
2019-03-29,274.436,274.436,274.25,270.25,1,30
2019-04-01,278.0,277.5,,,4,2773
2019-04-02,266.0,262.0,,,10,399
2019-04-03,264.5,259.0,,,24,1778
2019-04-04,261.5,259.5,,,9,1015
2019-04-05,260.375,259.375,,,2,304
2019-04-08,257.875,255.5,,,6,375
2019-04-09,257.5,255.5,,,4,318
2019-04-10,244.4,239.7,,,14,5134
2019-04-11,241.50417,238.80938,,,12,2445
2019-04-12,244.51009,241.92309,,,7,1513
2019-04-15,245.0,241.0,,,6,1161
2019-04-16,244.58974,244.5,,,2,282
2019-04-17,243.0,242.55578,,,2,186
2019-04-18,243.0,242.5,,,5,1216
2019-04-23,246.95,243.85,,,19,909
2019-04-24,247.0,246.5,,,2,353
2019-04-25,262.0,258.5,,,8,627
2019-04-26,256.0,253.0,,,14,1517
2019-04-29,257.5,253.375,,,9,636
2019-04-30,260.5,257.5,,,15,1253
2019-05-02,262.95,261.0,,,15,1102
2019-05-03,272.0,269.0,,,2,245
2019-05-06,268.0,263.1,,,5,561
2019-05-07,266.3,265.0,,,2,184
2019-05-08,271.0,267.94433,,,7,401
2019-05-09,264.875,262.5,,,3,146
2019-05-10,266.0,265.125,,,4,1068
2019-05-13,259.5,259.5,,,1,34
2019-05-14,262.0,257.5,,,23,497
2019-05-15,256.5,254.5,,,2,69
2019-05-16,259.0,257.5,,,3,54
2019-05-17,258.02064,255.5,,,9,175
2019-05-20,256.05888,251.9,,,9,152
2019-05-21,257.0,256.47009,,,3,69
2019-05-22,258.375,253.0,,,5,271
2019-05-23,251.875,251.0,,,3,163
2019-05-24,262.5,257.95,,,13,952
2019-05-27,261.625,255.8,,,7,816
2019-05-28,258.85,257.8,,,5,285
2019-05-29,255.9,252.0,,,15,1081
2019-05-31,253.5,251.0,,,7,301
2019-06-03,251.375,251.375,,,1,150
2019-06-04,256.0,256.0,,,1,2
2019-06-06,260.05194,259.375,,,2,162
2019-06-07,261.5,260.04071,,,4,231
2019-06-11,270.0,264.0,,,7,386
2019-06-12,269.0,266.0,,,5,486
2019-06-13,265.5,264.5,,,3,120
2019-06-14,266.5,263.0,,,4,177
2019-06-17,262.5,261.55,,,6,360
2019-06-18,265.5,265.5,,,1,5
2019-06-19,268.0,266.66323,,,4,243
2019-06-20,266.0,265.5,,,4,257
2019-06-21,265.5,263.7,,,6,222
2019-06-24,265.875,261.93974,,,3,51
2019-06-25,262.97077,261.82832,,,2,156
2019-06-26,258.5,250.5,,,11,926
2019-06-27,251.5,249.5,,,11,792
2019-06-28,250.0,248.0,,,4,263
2019-07-01,253.0,250.0,,,16,1101
2019-07-02,256.0,251.0,,,8,422
2019-07-03,258.0,254.0,,,14,658
2019-07-04,255.375,253.0,,,4,247
2019-07-05,257.875,254.44146,,,6,479
2019-07-08,259.5,258.6701,,,4,747
2019-07-09,256.5,256.0,,,6,76
2019-07-11,262.24636,260.53581,,,2,80
2019-07-12,261.625,261.625,,,2,201
2019-07-15,260.5,259.0,,,3,221
2019-07-17,260.125,256.625,,,6,813
2019-07-18,253.70408,253.70408,,,1,49
2019-07-19,270.0,263.35,,,29,2195
2019-07-22,266.69712,264.0,,,4,928
2019-07-23,270.75576,266.93859,,,5,931
2019-07-24,269.0,268.0,,,5,1002
2019-07-25,271.0,269.5,,,4,637
2019-07-26,272.5,271.5,,,2,118
2019-07-29,274.0,270.5,,,8,862
2019-07-30,275.0,271.0,,,4,778
2019-07-31,276.5,274.47255,,,5,242
2019-08-02,272.0,271.5,,,4,158
2019-08-05,271.0,268.5,,,7,470
2019-08-06,274.875,270.15,,,12,362
2019-08-07,272.375,269.0,,,2,361
2019-08-08,277.5,276.86102,,,2,18
2019-08-09,277.5,275.5,,,3,209
2019-08-12,274.68322,274.0,,,6,490
2019-08-13,272.0267,270.125,,,7,896
2019-08-14,271.875,266.5,,,7,415
2019-08-15,267.625,263.125,,,6,870
2019-08-16,268.0,267.52667,,,3,60
2019-08-19,271.4,270.6267,,,3,90
2019-08-20,269.0,266.89,,,7,416
2019-08-21,271.65,268.125,,,16,782
2019-08-22,275.13889,271.875,,,4,158
2019-08-23,277.77426,273.4725,,,5,403
2019-08-26,271.45,270.125,,,5,282
2019-08-27,272.125,270.75,,,6,458
2019-08-28,277.5,269.5,,,8,1917
2019-08-29,280.0,279.4,,,10,134
2019-08-30,282.0,278.9,,,8,179
2019-09-02,278.5,277.5,,,7,250
2019-09-03,274.93675,272.0,,,6,94
2019-09-04,274.5,271.5,,,7,404
2019-09-05,276.4,274.5,,,9,151
2019-09-06,274.5,273.125,,,13,727
2019-09-09,274.93675,272.73679,,,9,290
2019-09-10,271.98822,271.0,,,4,756
2019-09-11,272.0,271.5,,,5,197
2019-09-12,274.0,271.4081,,,9,769
2019-09-13,275.5,274.625,,,5,101
2019-09-16,274.375,273.5,,,8,368
2019-09-17,272.375,271.5,,,5,142
2019-09-18,272.5,271.4025,,,3,79
2019-09-19,272.5,270.5,,,22,502
2019-09-20,273.5,272.5,,,13,501
2019-09-23,271.0,269.0,,,10,267
2019-09-24,272.5,268.35,,,25,694
2019-09-25,276.0,272.0,,,14,391
2019-09-26,276.5,274.0,,,3,44
2019-09-27,273.5,273.35945,,,2,236
2019-09-30,272.0,261.5,,,15,611
2019-10-01,272.0,268.5,,,13,1189
2019-10-02,268.5,266.0,,,7,630
2019-10-03,266.0,264.5,,,7,1282
2019-10-04,268.0,265.0,,,12,535
2019-10-07,276.5,270.0,,,2,178
2019-10-08,278.5,275.09497,,,6,797
2019-10-09,282.0,278.5,,,3,313
2019-10-10,283.5,280.2484,,,3,360
2019-10-11,289.5,288.875,,,3,344
2019-10-14,287.0,284.77722,,,11,189
2019-10-15,286.0,281.0,,,15,769
2019-10-16,281.875,280.35,,,5,484
2019-10-17,283.5,280.5,,,7,195
2019-10-18,283.0,277.1,,,13,1284
2019-10-21,283.5,282.5,,,13,103
2019-10-22,287.5,284.43457,,,4,412
2019-10-23,287.0,286.5,,,4,760
2019-10-24,287.0,283.5,,,9,758
2019-10-25,285.4,282.125,,,6,454
2019-10-28,285.0,284.5,,,2,301
2019-10-29,284.5,283.0,,,11,269
2019-10-30,285.875,280.5,,,12,276
2019-10-31,282.5,280.2996,,,4,122
2019-11-01,285.5,283.05,,,34,1526
2019-11-04,286.0,283.5,,,8,561
2019-11-05,284.6952,283.375,,,11,974
2019-11-06,284.5,282.0,,,5,57
2019-11-07,285.0,282.5,,,6,138
2019-11-08,283.5,282.69101,,,5,532
2019-11-11,286.5,284.5,,,5,226
2019-11-12,283.25,281.5,,,14,411
2019-11-13,282.5,280.82682,,,9,226
2019-11-14,285.5,281.8,,,12,739
2019-11-15,285.8844,284.18571,,,4,176
2019-11-18,285.0,283.5,,,5,194
2019-11-19,278.5,275.0,,,10,2095
2019-11-20,275.5,270.98583,,,14,4456
2019-11-21,273.5,271.0,,,17,1118
2019-11-22,272.0,269.5,,,13,1523
2019-11-25,272.0,269.0,,,11,2554
2019-11-26,272.0,269.0,,,12,1823
2019-11-27,271.125,267.0,,,17,1392
2019-11-28,268.5,267.0,,,26,1132
2019-11-29,267.5,265.0,,,12,876
2019-12-02,265.4,263.3507,,,21,2333
2019-12-03,265.53902,264.0,,,16,1362
2019-12-04,267.0,264.375,,,13,902
2019-12-05,265.0,263.2926,,,10,277
2019-12-06,265.5,264.5,,,31,864
2019-12-09,268.5,266.0,,,10,502
2019-12-10,266.93859,264.0,,,14,850
2019-12-11,268.52685,267.1268,,,7,709
2019-12-12,269.5,267.5,,,13,516
2019-12-13,270.5,268.0,,,14,1337
2019-12-16,269.06187,267.5,,,8,263
2019-12-17,267.5,267.0,,,9,200
2019-12-18,266.5,264.5,,,24,1576
2019-12-19,268.5,265.73927,,,13,343
2019-12-20,269.09296,267.5,,,15,942
2019-12-23,272.5,267.0,,,22,1145
2019-12-27,272.2,271.0,,,13,366
2019-12-30,271.95,270.0,,,10,434
2020-01-03,272.0,270.619,,,13,1228
2020-01-06,271.0,267.125,,,14,1019
2020-01-07,274.0,272.5,,,5,1810
2020-01-08,272.0412,270.5,,,8,910
2020-01-09,271.04666,270.0,,,5,1054
2020-01-10,268.06164,267.0,,,8,422
2020-01-13,272.5,269.0,,,14,1076
2020-01-14,274.95,272.8,,,25,985
2020-01-15,271.5,268.875,,,23,1475
2020-01-16,270.0,267.5,,,16,877
2020-01-17,273.0,270.0,,,18,1125
2020-01-20,274.5,272.0,,,23,1308
2020-01-21,273.5,271.5,,,18,423
2020-01-22,272.0,269.0,,,16,323
2020-01-23,270.5,267.0,,,27,1369
2020-01-24,270.0,268.14708,,,23,4720
2020-01-27,267.0,265.5,,,13,288
2020-01-28,266.0,263.89323,,,12,681
2020-01-29,265.0,262.5,,,23,1102
2020-01-30,262.5,260.5,,,14,2233
2020-01-31,262.5,257.0,,,13,705
2020-02-03,259.5,254.53201,,,24,2105
2020-02-04,263.0,260.5,,,18,635
2020-02-05,263.0,260.5,,,17,979
2020-02-06,265.0,258.5,,,26,4860
2020-02-07,260.0,258.55,,,12,158
2020-02-10,263.5,261.0,,,15,345
2020-02-11,265.5,264.0,,,13,248
2020-02-12,267.5,265.5,,,11,2114
2020-02-13,267.516,265.0,,,11,733
2020-02-14,269.0,266.5,,,20,557
2020-02-17,271.0,268.0,,,17,1466
2020-02-18,269.0,266.8,,,28,1113
2020-02-19,288.5,275.5,,,60,2988
2020-02-20,278.5,273.0,,,16,2396
2020-02-21,275.0,268.5,,,15,701
2020-02-24,263.5,259.5,,,21,3176
2020-02-25,265.0,257.5,,,29,772
2020-02-26,257.0,253.0,,,33,1024
2020-02-27,253.0,249.0,,,23,667
2020-02-28,243.0,236.0,,,26,3585
2020-03-02,242.0,234.44866,,,17,2267
2020-03-03,240.5,235.0,,,21,3780
2020-03-04,238.5,235.5,,,22,1626
2020-03-05,234.75,228.0,,,16,8630
2020-03-06,225.5,220.5,,,13,1268
2020-03-09,217.0,210.5,,,18,3050
2020-03-10,220.0,210.0,,,14,1686
2020-03-11,214.0,205.0,,,19,2609
2020-03-12,193.4,182.6,,,11,3571
2020-03-13,190.6,177.8,,,24,1864
2020-03-16,169.2,148.8,,,19,8812
2020-03-17,159.8,150.2,,,9,791
2020-03-18,167.0,153.88,,,12,2113
2020-03-19,169.6,167.1558,,,10,1523
2020-03-20,172.6,165.8,,,8,714
2020-03-23,158.6,155.0,,,11,1849
2020-03-24,170.0,161.0,,,8,2683
2020-03-25,179.0,167.8,,,25,658
2020-03-26,162.8,152.64,,,38,1223
2020-03-27,165.8,158.2,,,17,759
2020-03-30,164.4,158.0,,,20,797
2020-03-31,173.4,168.8,,,15,876
2020-04-01,169.4,167.6,,,11,538
2020-04-02,169.8,163.6,,,19,860
2020-04-03,166.4,161.6,,,10,938
2020-04-06,163.8,163.8,,,2,1247
2020-04-07,170.2,163.4,,,6,164
2020-04-08,165.0,162.0,,,13,705
2020-04-09,172.6,168.8,,,13,461
2020-04-14,175.1597,171.8,,,7,419
2020-04-15,168.4,161.2,,,6,557
2020-04-16,163.0,158.6,,,16,963
2020-04-17,161.2,159.8086,,,4,389
2020-04-20,164.8,161.4,,,8,2230
2020-04-21,160.2,159.0,,,7,1293
2020-04-22,154.0,152.0,,,5,269
2020-04-23,157.06,153.6,,,12,2422
2020-04-24,154.44622,152.5452,,,4,1195
2020-04-27,156.0,153.8,,,16,1656
2020-04-28,161.0218,159.0,,,10,960
2020-04-29,172.0,163.4,,,10,1865
2020-04-30,178.4,172.4,,,13,758
2020-05-04,169.4,160.6,,,7,2064
2020-05-05,165.8,162.0,,,12,1487
2020-05-06,160.8119,159.62,,,8,1710
2020-05-07,160.2,158.0,,,9,812
2020-05-08,163.4,160.2,,,5,236
2020-05-11,167.0,162.0,,,7,379
2020-05-12,164.0,162.05,,,6,454
2020-05-13,164.4,161.53857,,,8,1656
2020-05-14,164.8,161.0,,,5,390
2020-05-15,165.6,165.4,,,3,62
2020-05-18,169.2,168.4,,,6,1285
2020-05-19,187.8,172.2,,,21,5228
2020-05-20,185.4,180.2,,,6,1733
2020-05-22,181.0,179.6,,,22,2183
2020-05-25,182.2,180.04554,,,21,663
2020-05-26,194.2,185.6,,,61,2457
2020-05-27,196.4,190.8,,,76,2258
2020-05-28,201.0,195.2,,,287,3932
2020-05-29,196.2,195.0,,,3,185
2020-06-02,204.5,203.375,,,7,603
2020-06-03,213.0,208.0,,,110,1135
2020-06-04,212.0,205.0,,,116,1730
2020-06-05,214.0,210.0,,,15,820
2020-06-08,216.0,210.5,,,6,812
2020-06-09,210.35,204.0,,,23,1865
2020-06-10,210.5,201.5,,,11,780
2020-06-11,195.54,190.6,,,14,5850
2020-06-12,194.6,187.78686,,,9,1264
2020-06-15,187.8,186.6,,,5,450
2020-06-16,192.74,189.8,,,12,2545
2020-06-17,191.4,189.8,,,7,198
2020-06-18,190.2,183.8,,,14,737
2020-06-19,186.6,184.34,,,6,563
2020-06-22,183.22,179.8,,,17,1031
2020-06-23,186.6,183.8,,,14,800
2020-06-24,184.26,176.0,,,15,2669
2020-06-25,176.8,173.0,,,11,518
2020-06-26,178.32728,177.2,,,5,1165
2020-06-29,182.6,179.2,,,7,685
2020-06-30,184.2,180.35851,,,5,147
2020-07-01,182.2,177.8,,,57,703
2020-07-02,182.0,178.6,,,18,255
2020-07-03,180.8,180.4,,,5,28
2020-07-06,186.0,177.4,,,42,1000
2020-07-07,179.6,177.4,,,8,190
2020-07-08,178.4,176.6,,,32,623
2020-07-09,182.2,177.4,,,22,364
2020-07-10,178.8,176.6,,,6,78
2020-07-13,179.6,173.8,,,19,1949
2020-07-14,175.8,167.6,,,65,9309
2020-07-15,174.5938,173.8,,,9,1588
2020-07-16,177.4,175.2,,,12,791
2020-07-17,177.2,176.0,,,4,274
2020-07-20,177.4,175.8,,,2,10
2020-07-21,177.4,173.2,,,47,1029
2020-07-22,181.0,172.4,,,12,1086
2020-07-23,173.0,170.5431,,,9,4896
2020-07-24,168.6,161.0,,,19,1784
2020-07-27,162.0,157.4,,,11,1125
2020-07-28,161.4,157.4,,,46,842
2020-07-29,157.4,153.4,,,35,3451
2020-07-30,154.6,148.4,,,110,4851
2020-07-31,152.0,149.8,,,5,533
2020-08-03,149.8,146.2,,,29,956
2020-08-04,153.6,149.76555,,,30,1547
2020-08-05,154.6,154.0,,,7,1320
2020-08-06,156.2,152.4,,,54,997
2020-08-07,154.2,152.6,,,10,873
2020-08-10,156.8,155.4,,,8,691
2020-08-11,162.4,160.2,,,7,1404
2020-08-12,163.2,160.6,,,54,1447
2020-08-13,162.6,162.4,,,5,193
2020-08-14,164.0,159.8,,,76,1572
2020-08-17,162.0,160.6,,,8,509
2020-08-18,161.4,159.0,,,37,1098
2020-08-19,161.61616,159.0,,,13,205
2020-08-20,160.4,158.8,,,21,1973
2020-08-21,161.6,159.2,,,36,783
2020-08-24,167.2,165.4,,,78,2005
2020-08-25,169.4,165.4,,,25,987
2020-08-26,170.8,165.4,,,66,1347
2020-08-27,171.8,169.4,,,16,503
2020-08-28,172.6,169.0,,,107,437
2020-08-31,170.8,168.9622,,,18,879
2020-09-01,169.0,166.4,,,13,800
2020-09-02,170.2,169.8,,,4,241
2020-09-03,172.8,169.983,,,6,398
2020-09-04,169.8,168.58314,,,7,619
2020-09-07,171.6,169.2,,,7,769
2020-09-08,175.6,170.4,,,199,1869
2020-09-09,172.2,170.6,,,5,401
2020-09-10,173.2,170.8,,,9,317
2020-09-14,172.4,171.4,,,7,338
2020-09-15,170.8,170.2,,,4,59
2020-09-16,172.2,171.4,,,8,455
2020-09-17,170.6,170.6,,,1,30
2020-09-18,181.0,174.4,,,20,948
2020-09-21,181.4,178.0,,,81,2263
2020-09-22,180.6,176.4,,,9,792
2020-09-23,179.6002,177.2,,,3,1788
2020-09-24,174.8,172.8605,,,8,622
2020-09-25,172.2,169.6,,,6,389
2020-09-28,173.6,173.0,,,2,22
2020-09-29,172.0,172.0,,,1,6
2020-09-30,169.8,168.6,,,4,143
2020-10-01,170.4,169.0,,,3,23
2020-10-02,170.0,167.4,,,3,306
2020-10-05,168.8,168.4,,,3,333
2020-10-06,169.2,169.2,,,2,47
2020-10-07,169.2,169.0,,,5,374
2020-10-08,169.0,168.6,,,7,545
2020-10-09,169.19,165.39,,,17,1395
2020-10-12,165.2,164.6,,,2,59
2020-10-13,163.2,157.0,,,14,2594
2020-10-14,157.4,156.8,,,6,348
2020-10-15,154.2,146.8,,,31,2880
2020-10-16,148.6,147.8,,,4,414
2020-10-19,152.2,149.4,,,14,1176
2020-10-20,152.4,150.6,,,5,24
2020-10-21,148.43871,145.2,,,9,1346
2020-10-22,143.8,141.0,,,49,2054
2020-10-23,151.4,148.8,,,18,1946
2020-10-26,147.6,142.58574,,,10,1070
2020-10-27,139.8,139.4,,,5,285
2020-10-28,135.6,131.4,,,20,1668
2020-10-29,134.8,133.4,,,9,1170
2020-10-30,131.03365,130.2,,,2,166
2020-11-02,132.6,130.8,,,7,303
2020-11-03,133.6,131.11867,,,11,1078
2020-11-04,137.0137,132.6,,,8,228
2020-11-05,137.8,137.2,,,6,898
2020-11-06,139.4,136.6,,,13,2040
2020-11-09,151.4,145.4,,,32,29437
2020-11-10,152.2,148.4,,,20,1809
2020-11-11,159.0,151.6,,,21,3872
2020-11-12,159.6,157.0,,,10,1274
2020-11-13,158.4,156.2,,,7,763
2020-11-16,168.0,161.4,,,16,2522
2020-11-17,164.0,160.4,,,60,8497
2020-11-18,165.4,162.2,,,28,27923
2020-11-19,170.8,167.0,,,15,1358
2020-11-20,169.6,167.4,,,14,2780
2020-11-23,176.0,172.4,,,42,1818
2020-11-24,179.2,176.2,,,19,3010
2020-11-25,177.9053,175.8,,,12,1484
2020-11-26,180.0,178.4,,,17,16747
2020-11-27,181.8,179.8,,,2,11
2020-11-30,183.6,178.0,,,11,1056
2020-12-01,179.0,176.6,,,11,1579
2020-12-02,178.4,174.8,,,19,2569
2020-12-03,176.15947,174.4,,,7,1022
2020-12-04,176.8,175.6,,,10,623
2020-12-07,178.6,176.8,,,9,886
2020-12-08,177.0,175.2,,,10,1158
2020-12-09,176.2,175.84285,,,3,1205
2020-12-10,174.6,171.0,,,12,6288
2020-12-11,169.6,167.0,,,41,2358
2020-12-14,158.0,150.8,,,25,1959
2020-12-15,157.4,151.2,,,34,8119
2020-12-16,159.2,155.8,,,74,3666
2020-12-17,157.8,156.4,,,14,1766
2020-12-18,158.4,156.6,,,33,11918
2020-12-21,155.2,150.6,,,53,1506
2020-12-22,157.8,154.8,,,34,1389
2020-12-23,163.6,160.6,,,46,2213
2020-12-28,170.2,166.6,,,23,1614
2020-12-29,174.6,171.2,,,30,1891
2020-12-30,174.0,171.6,,,22,464
2021-01-04,174.0,164.8,,,16,2717
2021-01-05,171.2,166.4,,,45,3755
2021-01-06,169.4,166.8,,,70,3496
2021-01-07,166.0,165.4,,,16,2303
2021-01-08,166.0,165.4,,,17,684
2021-01-11,167.8,164.8,,,27,1294
2021-01-12,169.6,167.4,,,17,1220
2021-01-13,169.2,165.0,,,14,605
2021-01-14,170.4,165.8,,,23,1167
2021-01-15,170.0,167.4,,,23,1195
2021-01-18,175.0,171.6,,,30,3181
2021-01-19,174.0,173.0,,,9,415
2021-01-20,178.4,174.0,,,18,575
2021-01-21,178.4,175.4,,,14,649
2021-01-22,176.6,173.6,,,10,703
2021-01-25,176.0,167.8,,,9,937
2021-01-26,172.0,169.2,,,12,239
2021-01-27,173.0,168.2,,,15,402
2021-01-28,172.4,168.0,,,7,132
2021-01-29,171.2,169.0,,,51,961
2021-02-01,172.6,169.6,,,12,207
2021-02-02,175.0,171.8,,,14,1079
2021-02-03,177.6,173.8,,,15,1634
2021-02-04,177.0,175.8,,,7,212
2021-02-05,179.8,178.4,,,9,757
2021-02-08,181.0,177.4,,,18,437
2021-02-09,179.6,177.0,,,8,852
2021-02-10,180.4,176.18238,,,12,784
2021-02-11,175.0,173.4,,,11,253
2021-02-12,173.4,172.4,,,8,130
2021-02-15,177.6,175.4,,,10,866
2021-02-16,178.0,176.6,,,15,908
2021-02-17,177.6,174.2,,,12,332
2021-02-18,179.8,177.93654,,,16,971
2021-02-19,184.0,179.2,,,17,748
2021-02-22,189.0,184.4,,,21,1726
2021-02-23,191.8,184.6,,,27,1742
2021-02-24,202.0,184.8,,,85,5662
2021-02-25,206.5,203.5,,,66,5776
2021-02-26,211.0,200.0,,,86,4577
2021-03-01,216.5,212.5,,,37,2713
2021-03-02,215.5,207.0,,,37,3287
2021-03-03,219.0,214.0,,,62,3908
2021-03-04,218.0,215.0,,,24,991
2021-03-05,220.0,214.5,,,30,3116
2021-03-08,222.0,217.0,,,27,1964
2021-03-09,230.0,222.5,,,53,6114
2021-03-10,230.5,226.0,,,24,1920
2021-03-11,233.0,229.0,,,32,3049
2021-03-12,232.5,227.0,,,17,1922
2021-03-15,232.5,224.5,,,31,1369
2021-03-16,226.0,218.0,,,22,2732
2021-03-17,220.5,214.0,,,39,2481
2021-03-18,217.0,211.0,,,38,964
2021-03-19,211.5,208.0,,,11,595
2021-03-22,210.0,207.5,,,18,809
2021-03-23,208.0,203.0,,,20,1802
2021-03-24,205.0,203.2559,,,15,528
2021-03-25,203.0,199.41681,,,12,1213
2021-03-26,205.5,203.5,,,20,886
2021-03-29,202.5,201.0,,,9,1194
2021-03-30,204.0,201.5,,,18,1145
2021-03-31,204.0,200.5,,,17,739
2021-04-01,209.0,203.5,,,10,814
2021-04-06,207.5,204.5,,,10,596
2021-04-07,207.0,202.0,,,19,1550
2021-04-08,204.5,200.0,,,15,1086
2021-04-09,201.5,198.2,,,14,503
2021-04-12,197.2,194.2,,,21,1508
2021-04-13,194.0,193.0,,,9,204
2021-04-14,197.4,192.8,,,19,901
2021-04-15,201.5,196.6,,,12,359
2021-04-16,197.6,195.4,,,6,254
2021-04-19,193.41063,191.8,,,7,405
2021-04-20,191.8,187.8,,,13,904
2021-04-21,189.6,186.2,,,15,1124
2021-04-22,194.2,189.6,,,8,590
2021-04-23,192.8,190.56294,,,10,330
2021-04-26,196.2,193.8,,,10,435
2021-04-27,194.0,192.8,,,10,174
2021-04-28,197.6,193.2,,,33,1468
2021-04-29,197.8,193.6,,,21,620
2021-04-30,194.0,191.4,,,3,476
2021-05-03,194.6,193.2,,,4,311
2021-05-04,195.2,190.2,,,4,434
2021-05-05,193.0,190.95607,,,14,413
2021-05-06,194.8,190.998,,,8,480
2021-05-07,195.0,192.8,,,8,611
2021-05-10,193.6,193.4,,,4,536
2021-05-11,190.4,185.0,,,11,2190
2021-05-12,186.0157,185.7178,,,9,3221
2021-05-14,189.2,185.4,,,14,627
2021-05-17,193.0,189.6,,,26,857
2021-05-18,196.2,193.6,,,47,1323
2021-05-19,194.8,189.6,,,17,1107
2021-05-20,193.19135,192.30231,,,9,333
2021-05-21,193.2,191.8,,,12,676
2021-05-25,195.0,191.99032,,,15,781
2021-05-26,194.2,191.15603,,,13,771
2021-05-27,205.0,194.79221,,,16,1461
2021-05-28,209.5,202.5,,,15,4427
2021-05-31,208.5,207.0,,,14,1314
2021-06-01,208.0,206.0,,,8,950
2021-06-02,209.5,208.5,,,11,2079
2021-06-03,208.0,206.5,,,8,214
2021-06-04,209.0,206.95239,,,13,752
2021-06-07,207.0,198.48254,,,21,1550
2021-06-08,203.0,200.4792,,,15,5116
2021-06-09,202.5,199.4,,,26,1827
2021-06-10,201.0,198.4,,,16,2051
2021-06-11,204.5,200.0,,,16,1761
2021-06-14,204.0,200.99839,,,17,1288
2021-06-15,203.5,201.0,,,10,1002
2021-06-16,204.0,197.8,,,17,1949
2021-06-17,202.5,199.6,,,17,1725
2021-06-18,201.04623,196.4,,,9,439
2021-06-21,195.8,189.4,,,6,1093
2021-06-22,191.4,188.0,,,25,3642
2021-06-23,190.0,188.82721,,,4,313
2021-06-24,196.6,190.2,,,19,816
2021-06-25,200.5,196.0,,,14,1616
2021-06-28,199.8,194.4,,,28,2550
2021-06-29,195.2,193.0,,,22,2106
2021-06-30,195.4,191.8,,,35,1493
2021-07-01,199.8,197.30751,,,13,1496
2021-07-02,201.0,197.4879,,,14,2202
2021-07-05,197.2,195.8,,,10,1690
2021-07-06,199.2,196.39843,,,18,2429
2021-07-07,196.2,192.0,,,12,1861
2021-07-08,191.2,187.0,,,23,2640
2021-07-09,190.2,188.26246,,,22,1146
2021-07-12,191.8,188.6,,,14,1171
2021-07-13,192.22593,190.4,,,9,292
2021-07-14,190.2,186.6,,,16,1011
2021-07-15,188.0,186.2,,,15,806
2021-07-16,187.6,184.6,,,14,1820
2021-07-19,184.0,175.0,,,20,1782
2021-07-20,181.2,175.4,,,22,3011
2021-07-21,194.0,185.8,,,37,3208
2021-07-22,198.8,194.8,,,27,2238
2021-07-23,205.5,197.0,,,16,2711
2021-07-26,209.5,207.0,,,26,1359
2021-07-27,209.0,204.5,,,27,7595
2021-07-28,212.5,207.5,,,20,2301
2021-07-29,211.45136,205.0,,,45,1536
2021-07-30,206.0,203.0,,,15,1950
2021-08-02,205.5,203.498,,,10,889
2021-08-03,204.5,201.5,,,11,837
2021-08-04,202.0,196.2,,,54,2100
2021-08-05,196.72316,194.6,,,27,1884
2021-08-06,194.8,192.4,,,16,1633
2021-08-09,194.4,191.8,,,12,463
2021-08-10,193.8,192.2,,,12,2003
2021-08-11,191.6,189.6,,,16,2678
2021-08-12,190.4,187.4,,,20,1028
2021-08-13,189.8,187.4,,,17,2381
2021-08-16,188.0,184.6,,,13,1253
2021-08-17,185.4,183.2,,,19,1185
2021-08-18,188.6,185.6,,,13,590
2021-08-19,186.0,184.4,,,13,1743
2021-08-20,187.0,183.2,,,17,1001
2021-08-23,189.8,187.2,,,15,1259
2021-08-24,192.4,188.6,,,15,1025
2021-08-25,194.4,191.0,,,26,1334
2021-08-26,192.8,189.4,,,13,758
2021-08-27,189.8,189.2,,,9,808
2021-08-30,189.8,187.6,,,11,2986
2021-08-31,188.6,186.0,,,10,2021
2021-09-01,188.4,183.6,,,17,1465
2021-09-02,183.0,180.4,,,38,2289
2021-09-03,181.4,180.2,,,40,2216
2021-09-06,180.4415,178.6,,,33,2766
2021-09-07,180.4,176.2,,,17,1302
2021-09-08,176.8,172.6,,,19,2509
2021-09-09,174.8,170.2,,,29,3722
2021-09-10,175.0,171.0,,,16,1919
2021-09-13,174.6,172.0,,,43,2717
2021-09-14,178.6,171.59863,,,19,1128
2021-09-15,172.2,170.2,,,30,1225
2021-09-16,176.0,172.8,,,19,1604
2021-09-17,179.0,175.4,,,20,1062
2021-09-20,177.8,172.4,,,21,1985
2021-09-21,178.0,174.6,,,11,1342
2021-09-22,180.6,177.6,,,16,790
2021-09-23,183.4,180.6,,,18,1756
2021-09-24,183.8,179.32999,,,32,3898
2021-09-27,187.8,185.9613,,,18,2347
2021-09-28,187.4,185.3982,,,18,1440
2021-09-29,187.6,184.6,,,24,568
2021-09-30,187.0,182.4,,,20,1494
2021-10-01,185.4,179.75864,,,11,1158
2021-10-04,184.6,180.81808,,,17,2644
2021-10-05,181.4,179.90655,,,12,1011
2021-10-06,177.77113,175.8,,,6,650
2021-10-07,180.8,177.4,,,11,1087
2021-10-08,182.4,179.8,,,31,2070
2021-10-11,179.8,177.97168,,,10,685
2021-10-12,179.8,177.2,,,16,505
2021-10-13,182.0,179.4,,,9,699
2021-10-14,185.96901,184.0,,,5,630
2021-10-15,184.8,182.0,,,7,496
2021-10-18,181.2,177.4,,,14,1240
2021-10-19,177.4,173.8,,,12,898
2021-10-20,178.4,175.4,,,24,1616
2021-10-21,178.6,175.6,,,12,374
2021-10-22,177.0177,174.4,,,12,601
2021-10-25,176.4,175.2,,,9,474
2021-10-26,178.79857,176.8,,,9,763
2021-10-27,176.4,175.0,,,9,917
2021-10-28,176.0,173.6,,,17,529
2021-10-29,176.99823,174.0,,,17,2472
2021-11-01,177.59858,176.6,,,8,611
2021-11-02,178.4,177.2,,,14,1025
2021-11-03,180.4,176.8,,,11,950
2021-11-04,182.4,180.4,,,9,361
2021-11-05,186.31953,180.4,,,7,1960
2021-11-08,184.6,181.6,,,37,1770
2021-11-09,182.8,181.4,,,14,864
2021-11-10,183.93585,182.0,,,4,452
2021-11-11,183.03423,181.67091,,,15,1039
2021-11-12,183.4,182.0,,,14,923
2021-11-15,184.8,182.59071,,,19,978
2021-11-16,182.6,180.2,,,23,472
2021-11-17,180.8,178.4,,,9,962
2021-11-18,176.8,172.6,,,9,2535
2021-11-19,172.0,166.2,,,26,3746
2021-11-22,168.8,163.8,,,26,2780
2021-11-23,166.8,162.2,,,31,2175
2021-11-24,163.27915,159.0,,,26,1768
2021-11-25,162.8,159.4,,,32,2210
2021-11-26,158.39842,154.6,,,18,2583
2021-11-29,160.2,158.2,,,11,2918
2021-11-30,159.4,155.69712,,,22,2894
2021-12-01,161.8,160.2,,,12,1309
2021-12-02,160.4,158.2,,,14,1202
2021-12-03,160.8,157.2,,,7,724
2021-12-06,160.8,157.0,,,8,846
2021-12-07,163.0,160.9076,,,15,1003
2021-12-08,165.8,159.0,,,15,1678
2021-12-09,164.23777,162.0,,,15,988
2021-12-10,162.47915,161.0,,,7,622
2021-12-13,159.4,156.2,,,15,2821
2021-12-14,160.2,158.4,,,15,2802
2021-12-15,158.68964,155.6,,,11,1551
2021-12-16,158.8,155.8,,,46,2078
2021-12-17,157.6,154.6,,,25,1425
2021-12-20,155.4,152.6,,,20,1297
2021-12-21,158.2,155.8,,,20,2349
2021-12-22,160.4,157.8,,,12,1752
2021-12-23,158.8,154.0,,,20,2920
2021-12-27,158.6,152.6,,,13,5017
2021-12-28,160.2,157.2,,,11,548
2021-12-29,160.0,155.99875,,,15,932
2021-12-30,155.8,153.8,,,46,1738
2022-01-03,162.2,160.6,,,14,1765
2022-01-04,167.6,163.23754,,,33,4597
2022-01-05,170.0,165.8,,,24,2570
2022-01-06,166.0,164.28768,,,14,1162
2022-01-07,165.6,164.47305,,,7,631
2022-01-10,165.0,161.6,,,13,1138
2022-01-11,162.11385,160.6,,,65,2035
2022-01-12,164.0,162.2,,,13,4012
2022-01-13,166.0,164.0,,,11,3805
2022-01-14,165.6,164.4,,,28,1173
2022-01-17,168.6,167.2,,,16,1497
2022-01-18,167.4,164.4,,,18,997
2022-01-19,163.52283,162.2,,,8,1742
2022-01-20,174.4,164.0,,,52,3875
2022-01-21,176.0,170.4,,,27,1895
2022-01-24,171.0,167.0,,,31,5524
2022-01-25,176.6,171.0,,,27,2208
2022-01-26,180.64154,174.79825,,,18,1119
2022-01-27,177.8,173.6,,,15,1587
2022-01-28,178.2,175.2,,,25,2407
2022-01-31,180.8,174.0,,,97,2629
2022-02-01,183.4,179.93003,,,19,1738
2022-02-02,184.0,180.2,,,20,677
2022-02-03,180.18154,178.6,,,16,641
2022-02-04,179.2,176.6,,,49,2480
2022-02-07,181.2,178.2,,,22,1514
2022-02-08,183.64944,180.8,,,16,902
2022-02-09,185.27953,183.8,,,18,1537
2022-02-10,185.6,182.6,,,22,1589
2022-02-11,180.49825,178.7964,,,13,1081
2022-02-14,175.4,172.0,,,28,1402
2022-02-15,177.2,174.8,,,17,719
2022-02-16,179.2,175.8,,,28,5558
2022-02-17,178.21636,174.6,,,19,5119
2022-02-18,175.2,173.8,,,10,904
2022-02-21,171.4,168.2,,,21,5306
2022-02-22,171.6,167.0,,,32,3562
2022-02-23,193.0,182.2,,,62,5578
2022-02-24,182.09,174.2,,,73,4746
2022-02-25,183.6,177.4,,,71,3389
2022-02-28,182.4,176.0,,,34,887
2022-03-01,184.2,174.4,,,39,8112
2022-03-02,174.6,170.8,,,25,1482
2022-03-03,176.2,169.6,,,54,2567
2022-03-04,169.2,163.39673,,,37,2572
2022-03-07,163.6,155.6,,,32,4860
2022-03-08,163.95528,161.0,,,13,1707
2022-03-09,170.8,168.2,,,20,3406
2022-03-10,172.2,168.6,,,33,2682
2022-03-11,174.6,171.0,,,23,2110
2022-03-14,172.6,169.8,,,15,688
2022-03-15,169.6,167.0,,,18,1897
2022-03-16,173.79305,171.6,,,22,1009
2022-03-17,174.8,171.98263,,,27,1650
2022-03-18,173.6,171.39144,,,25,4091
2022-03-21,172.82774,171.8,,,13,997
2022-03-22,174.8,173.0,,,25,809
2022-03-23,175.4,173.0,,,30,1346
2022-03-24,174.0,171.39146,,,19,974
2022-03-25,174.2,172.2,,,23,1821
2022-03-28,175.4,172.6,,,35,1617
2022-03-29,180.8,173.6,,,21,3660
2022-03-30,181.6,175.6,,,28,1252
2022-03-31,176.36154,172.6,,,22,1358
2022-04-01,175.8,173.2,,,21,732
2022-04-04,176.64859,175.2,,,11,634
2022-04-05,177.2,174.6,,,30,1317
2022-04-06,175.6,168.8,,,43,1706
2022-04-07,170.72091,168.8,,,22,1173
2022-04-08,172.06365,169.6,,,9,954
2022-04-11,173.2,170.2,,,16,387
2022-04-12,167.2,164.6,,,38,5859
2022-04-13,165.4,164.0,,,18,713
2022-04-14,167.8,164.6,,,36,1383
2022-04-19,167.02623,166.0,,,15,872
2022-04-20,166.93839,163.0,,,12,2956
2022-04-21,168.8915,166.0,,,33,2495
2022-04-22,170.9491,167.75524,,,12,839
2022-04-25,168.8,166.4,,,15,3425
2022-04-26,168.0,163.0,,,13,1091
2022-04-27,163.8,161.6,,,26,863
2022-04-28,165.4,159.8,,,11,414
2022-04-29,162.0,159.2,,,27,570
2022-05-02,160.19429,157.6,,,19,1573
2022-05-03,161.2,159.6,,,21,2124
2022-05-04,161.8,159.8,,,17,539
2022-05-05,164.0,160.0,,,23,1555
2022-05-06,160.0,158.17143,,,10,1072
2022-05-09,159.63671,155.8,,,13,1302
2022-05-10,156.2,154.2,,,25,1527
2022-05-11,157.2,155.0,,,12,1013
2022-05-12,157.8,154.8,,,18,800
2022-05-13,159.0,157.0,,,26,1096
2022-05-16,163.2,160.0,,,21,2770
2022-05-17,163.4,160.4,,,17,638
2022-05-18,163.4,159.2,,,32,2317
2022-05-19,158.6,154.6,,,13,1331
2022-05-20,158.6,155.4,,,18,1391
2022-05-23,156.82879,154.0,,,11,894
2022-05-24,158.6,157.4,,,6,994
2022-05-25,161.4,157.6,,,36,2335
2022-05-27,165.30521,161.4,,,21,2482
2022-05-30,167.4,164.99825,,,13,1891
2022-05-31,166.6,163.8,,,22,1915
2022-06-01,168.2,164.6,,,27,2331
2022-06-02,164.99833,164.48868,,,9,324
2022-06-03,169.0,165.8,,,13,1504
2022-06-07,168.6,166.2,,,31,1302
2022-06-08,172.0,169.6,,,15,1343
2022-06-09,180.8,171.8,,,60,3250
2022-06-10,180.0,176.8,,,18,2192
2022-06-13,174.6,171.4,,,15,1018
2022-06-14,172.59862,166.8,,,35,2424
2022-06-15,170.4,167.70587,,,29,705
2022-06-16,168.86883,158.18734,,,21,3635
2022-06-17,162.0,156.6,,,43,3134
2022-06-20,170.0,162.0,,,42,1931
2022-06-21,172.0,170.68132,,,24,2764
2022-06-22,170.0,166.65583,,,21,1027
2022-06-23,169.8,167.2,,,27,1612
2022-06-24,170.2,167.76141,,,31,1137
2022-06-27,171.27586,167.0,,,11,157
2022-06-28,169.62339,167.0,,,18,534
2022-06-29,166.6,163.2,,,20,2698
2022-06-30,165.8,163.0,,,22,8536
2022-07-01,169.4,166.8,,,17,1826
2022-07-04,172.2,169.8,,,15,1720
2022-07-05,259.5,256.0,,,305,239583
2022-07-06,259.0,257.99184,,,103,122398
2022-07-07,259.0,258.0,,,75,30114
2022-07-08,259.05957,258.5,,,17,98127
2022-07-11,259.0,258.5,,,21,68743
2022-07-12,259.0,258.5,,,37,8253
2022-07-13,259.0,258.5,,,14,40995
2022-07-14,259.0,258.0,,,25,15173
2022-07-15,259.0,257.94066,,,25,9780
2022-07-18,259.0,258.5,,,34,12835
2022-07-19,259.05957,258.0,,,35,8320
2022-07-20,259.05957,258.5,,,19,4998
2022-07-21,259.0,257.94066,,,29,14944
2022-07-22,259.0,258.0,,,8,4889
2022-07-25,258.55946,258.0,,,16,6169
2022-07-26,259.0,258.0,,,23,20287
2022-07-27,259.46621,259.0,,,4,5589
2022-07-28,259.68163,259.29248,,,3,11649
2022-07-29,260.0598,259.5,,,4,4870
2022-08-02,260.90844,259.5,,,23,16467
2022-08-03,260.5,260.0,,,12,2682
2022-08-04,260.55992,260.0,,,11,8107
2022-08-05,260.55992,260.0,,,8,5036
2022-08-08,260.5,259.5,,,10,13421
2022-08-09,260.5,260.3813,,,3,1616
2022-08-10,260.5,259.95485,,,6,10137
2022-08-11,260.5,260.0,,,15,4709
2022-08-12,260.0,259.9402,,,6,810
2022-08-15,260.0,259.5,,,7,4994
2022-08-16,260.0,259.5,,,4,3062
2022-08-17,260.5,259.948,,,7,4730
2022-08-18,260.0,260.0,,,32,3836
2022-08-19,260.0,260.0,,,2,1388
2022-08-22,260.0,260.0,,,3,9297
2022-08-23,260.5,260.5,,,1,1145
2022-08-24,260.5,260.0,,,5,2252
2022-08-25,260.0,260.0,,,3,12322
2022-08-26,260.5,260.0,,,6,13114
2022-08-29,260.0,259.5,,,8,5764
2022-08-31,260.0,259.5,,,13,11243
2022-09-01,259.7634,259.0,,,7,4426
2022-09-05,260.0,259.5,,,5,2383
2022-09-06,259.5,259.5,,,6,4576
2022-09-07,260.0,259.5,,,7,1961
2022-09-08,259.5,259.5,,,5,2378
2022-09-09,259.0,258.5,,,5,1221
2022-09-12,261.5,260.5,,,5,4614
2022-09-13,260.5,260.0,,,6,1101
2022-09-14,259.823,259.46149,,,2,729
2022-09-15,260.0,260.0,,,3,822
2022-09-16,260.0,259.1554,,,13,44803
2022-09-19,259.25117,258.94818,,,5,3512
2022-09-20,260.0,259.0,,,6,4446
2022-09-22,259.52595,259.0,,,4,185
2022-09-23,259.5,259.0,,,2,479
2022-09-26,259.5,259.0,,,3,226
2022-09-27,260.0,259.5,,,4,428
2022-09-28,261.0,260.28499,,,7,869
2022-09-29,260.5,260.0,,,4,474
2022-09-30,261.0,259.9675,,,6,1590
2022-10-03,260.0,259.44811,,,4,2142
2022-10-04,259.0949,259.0949,,,1,464
2022-10-05,260.5,260.5,,,1,350
2022-10-06,263.0,262.0,,,2,266
2022-10-07,260.0,260.0,,,2,8773
2022-10-10,260.0,260.0,,,6,1339
2022-10-11,260.0,260.0,,,5,10670
2022-10-18,259.0,259.0,,,1,13
2022-10-20,259.5,259.5,,,1,41
2022-10-21,260.0,260.0,,,1,165
2022-10-27,259.5,259.5,,,1,3
2022-10-28,260.0,259.5,,,2,1
2022-10-31,,,,,1,
2022-11-01,259.5,259.0,,,4,113
2022-11-02,,,,,1,
2022-11-04,259.55214,259.552,,,2,64
2022-11-07,259.5,259.5,,,1,40
2022-11-09,259.5,259.5,,,1,133
2022-11-11,259.5,259.5,,,1,2
2022-11-14,259.52595,259.52595,,,1,2
2022-11-22,259.0518,255.5,,,2,28
