Date,HIGH,LOW,OPEN,CLOSE,COUNT,VOLUME
2014-06-23,247.974,227.144184,242.022624,230.119872,2157.0,19211800.43069
2014-06-24,231.85569,223.672548,230.119872,227.888106,968.0,37021735.141587
2014-06-25,235.079352,226.152288,227.144184,235.079352,245.0,1703432.617936
2014-06-26,247.974,230.448487,233.09556,240.038832,781.0,3782731.254083
2014-06-27,244.006416,239.542884,240.038832,243.510468,296.0,2394394.170357
2014-06-30,245.990208,243.758442,244.998312,245.990208,175.0,1122266.850557
2014-07-01,245.990208,244.25439,245.990208,244.502364,245.0,903520.12711
2014-07-02,249.709818,244.400695,245.370273,246.486156,225.0,1876085.799318
2014-07-03,257.397012,246.982104,247.478052,253.181454,185.0,1806909.192093
2014-07-04,255.165246,252.93348,254.917272,254.917272,60.0,256166.977183
2014-07-07,254.250222,248.965896,254.250222,252.93348,114.0,498862.784002
2014-07-08,252.93348,247.974,250.900093,247.974,97.0,304920.072266
2014-07-09,252.1722,247.230078,251.445636,247.478052,71.0,365925.459927
2014-07-10,248.722881,241.526676,247.974,244.006416,86.0,361066.079508
2014-07-11,248.965896,241.278702,248.965896,246.982104,82.0,305105.575585
2014-07-14,248.965896,245.990208,246.931021,247.974,26.0,33409.752635
2014-07-15,247.726026,245.990208,246.73413,246.982104,32.0,40240.105818
2014-07-16,247.478052,245.990208,245.990208,246.982104,36.0,10789.437602
2014-07-17,247.974,244.998312,247.974,244.998312,18.0,83661.996822
2014-07-18,246.297696,244.006416,244.006416,245.742234,35.0,64394.855912
2014-07-21,246.230247,243.01452,245.459544,243.510468,33.0,130158.806972
2014-07-22,244.502364,242.766546,244.006416,242.766546,50.0,144744.00542
2014-07-23,245.667842,242.022624,243.01452,242.022624,47.0,107068.68462
2014-07-24,243.01452,237.063144,242.022624,238.05504,135.0,777002.830942
2014-07-25,241.030728,237.063144,239.592479,238.05504,93.0,397078.92763
2014-07-28,240.584375,235.079352,240.584375,236.071248,84.0,493526.539073
2014-07-29,242.022624,237.807066,242.022624,240.782754,102.0,448740.593772
2014-07-30,247.726026,240.782754,242.022624,242.022624,107.0,191259.970803
2014-07-31,242.270598,241.030728,242.101976,242.022624,138.0,380638.695992
2014-08-01,243.01452,236.319222,241.278702,240.038832,115.0,770103.922185
2014-08-04,243.262494,241.526676,242.935168,243.01452,52.0,76828.619129
2014-08-05,247.974,243.976659,245.742234,245.49426,72.0,1567754.079057
2014-08-06,245.49426,243.01452,245.49426,243.01452,32.0,81377.483123
2014-08-07,245.791829,243.01452,245.791829,243.510468,78.0,163082.621565
2014-08-08,243.510468,242.022624,243.01452,243.01452,27.0,107933.694662
2014-08-11,248.043433,245.990208,247.478052,245.990208,38.0,131306.104672
2014-08-12,247.974,245.990208,247.001942,247.974,53.0,496752.683749
2014-08-13,252.93348,248.221974,248.221974,252.93348,170.0,721932.541315
2014-08-14,265.828128,252.516884,252.93348,260.868648,246.0,1362652.939421
2014-08-15,263.844336,257.89296,258.140934,262.604466,95.0,256977.546033
2014-08-18,265.828128,261.116622,265.828128,261.116622,29.0,79689.806189
2014-08-19,265.084206,260.124726,262.85244,262.85244,136.0,2038885.125053
2014-08-20,269.795712,262.85244,262.85244,269.795712,108.0,971263.116294
2014-08-21,271.779504,266.224886,267.81192,271.53153,162.0,248549.243066
2014-08-22,273.763296,266.820024,272.7714,270.539634,195.0,437164.783405
2014-08-26,272.7714,267.81192,272.7714,268.803816,118.0,175635.348867
2014-08-27,273.515322,268.059894,269.05179,273.515322,105.0,1303237.436183
2014-08-28,277.73088,267.81192,270.539634,275.747088,267.0,1534447.159783
2014-08-29,277.73088,271.680314,274.864301,277.73088,75.0,333084.315291
2014-09-01,281.698464,274.01127,274.01127,279.218724,327.0,444029.414374
2014-09-02,282.938334,276.243036,276.243036,282.69036,137.0,2395464.847121
2014-09-03,294.593112,284.227799,284.426178,292.60932,233.0,1042889.577133
2014-09-04,301.28841,287.64984,287.64984,298.560696,194.0,1400537.959625
2014-09-05,300.04854,297.5688,297.5688,297.5688,127.0,1036197.34327
2014-09-08,306.495864,297.370421,301.536384,303.520176,124.0,3650923.080646
2014-09-09,305.384937,299.046725,302.52828,299.552592,121.0,309415.503238
2014-09-10,301.933142,293.601216,301.933142,296.576904,220.0,581638.599208
2014-09-11,296.32893,292.361346,292.361346,293.601216,124.0,288875.043351
2014-09-12,297.85645,292.361346,294.345138,296.824878,122.0,148530.692734
2014-09-15,299.790647,291.617424,299.790647,292.361346,283.0,1300979.134909
2014-09-16,296.080956,287.64984,293.105268,288.393762,203.0,500576.673361
2014-09-17,292.60932,288.641736,289.881606,288.641736,99.0,1128097.098889
2014-09-18,289.633632,285.666048,288.641736,288.88971,115.0,957921.999887
2014-09-19,294.841086,287.897814,292.857294,289.137684,529.0,5692092.719398
2014-09-22,293.789676,284.674152,293.690487,289.633632,181.0,292511.513304
2014-09-23,303.76815,290.625528,294.007893,301.28841,403.0,908521.659529
2014-09-24,307.48776,296.576904,296.576904,304.512072,358.0,1403264.051876
2014-09-25,318.6466,303.39123,303.559852,316.16685,449.0,2307081.589199
2014-09-26,323.715179,313.439136,313.439136,323.60607,221.0,470686.442934
2014-09-29,324.94513,318.64659,323.358096,319.88646,411.0,1179731.544436
2014-09-30,325.341888,316.16685,319.88646,319.88646,214.0,1621680.095494
2014-10-01,320.630382,318.398616,320.630382,319.142538,136.0,383984.812924
2014-10-02,321.520113,318.150642,319.390512,320.630382,344.0,1975273.617395
2014-10-03,326.581758,320.382408,322.614174,325.093914,244.0,1941345.665271
2014-10-06,327.32568,320.878356,326.581758,327.32568,223.0,817477.840419
2014-10-07,327.32568,323.854044,325.837836,324.102018,281.0,1058128.069878
2014-10-08,323.110122,315.422928,322.3662,319.390512,397.0,822279.755136
2014-10-09,324.102018,321.12633,322.3662,322.3662,246.0,484980.280191
2014-10-10,322.118226,317.40672,318.398616,319.88646,159.0,734815.948446
2014-10-13,318.894564,315.422928,318.396136,315.670902,140.0,364605.765121
2014-10-14,318.294467,311.455344,317.40672,313.439136,141.0,251281.384339
2014-10-15,317.158746,310.959396,314.431032,313.191162,408.0,2142569.382274
2014-10-16,316.910772,299.552592,316.910772,307.735734,370.0,606779.339769
2014-10-17,316.910772,305.503968,310.463448,310.959396,305.0,488965.577036
2014-10-20,310.959396,306.991812,310.959396,308.479656,51.0,87791.462008
2014-10-21,313.935084,307.48776,311.455344,309.9675,173.0,106711.792365
2014-10-22,311.20737,307.239786,310.959396,307.735734,59.0,74885.875132
2014-10-23,309.096615,306.743838,306.743838,307.239786,181.0,1025303.055966
2014-10-24,319.390512,310.463448,313.439136,312.44724,864.0,2036399.985482
2014-10-27,317.40672,308.231682,314.431032,315.174954,349.0,398065.926266
2014-10-28,320.382408,315.174954,316.16685,318.150642,646.0,1547678.385637
2014-10-29,327.077706,317.654694,320.382408,325.341888,375.0,363112.665037
2014-10-30,334.268952,324.84594,324.84594,334.268952,195.0,380293.90178
2014-10-31,335.012874,325.341888,330.026117,332.037186,694.0,1100013.509481
2014-11-03,341.212224,324.349992,327.32568,339.228432,544.0,768516.054102
2014-11-04,345.92373,337.24464,341.460198,339.228432,442.0,382772.99233
2014-11-05,343.196016,340.716276,343.196016,343.196016,552.0,970097.67153
2014-11-06,346.171704,339.72438,343.939938,344.931834,392.0,397712.058522
2014-11-07,346.171704,332.28516,346.171704,341.708172,441.0,1285927.153653
2014-11-10,343.196016,336.996666,337.740588,338.732484,204.0,238725.632526
2014-11-11,342.20412,334.020978,335.260848,340.716276,235.0,553866.534395
2014-11-12,341.708172,335.260848,335.260848,340.220328,229.0,527534.136643
2014-11-13,341.708172,335.508822,341.212224,340.468302,253.0,497032.955068
2014-11-14,342.948042,336.00477,336.00477,339.476406,349.0,372710.44545
2014-11-17,346.419678,336.996666,336.996666,344.68386,340.0,1006226.459226
2014-11-18,354.60282,343.196016,346.419678,348.155496,494.0,1163581.66582
2014-11-19,349.395366,345.179808,349.395366,346.171704,153.0,118550.735158
2014-11-20,354.106872,342.452094,344.68386,352.12308,479.0,1378581.020591
2014-11-21,353.114976,347.1636,348.651444,348.899418,341.0,1583430.117674
2014-11-24,353.36295,345.427782,353.36295,347.907522,233.0,241575.729714
2014-11-25,349.395366,344.187912,344.187912,347.659548,263.0,764401.71147
2014-11-26,352.12308,347.1636,347.1636,351.131184,347.0,1107453.805641
2014-11-27,355.346742,349.147392,349.147392,354.106872,190.0,158081.089146
2014-11-28,361.794066,347.1636,347.1636,358.074456,265.0,2550042.544783
2014-12-01,362.04204,353.114976,362.04204,355.098768,325.0,350042.746417
2014-12-02,361.794066,354.60282,361.794066,355.594716,381.0,1632072.314033
2014-12-03,358.560485,352.12308,354.106872,352.12308,228.0,374229.757958
2014-12-04,354.354846,352.12308,354.354846,352.12308,304.0,407152.564382
2014-12-05,359.076271,352.619028,352.619028,356.090664,397.0,1729482.728028
2014-12-08,362.04204,354.850794,362.04204,356.586612,202.0,140422.987894
2014-12-09,356.864343,348.899418,352.12308,349.147392,347.0,758362.771904
2014-12-10,353.114976,339.972354,353.114976,344.187912,322.0,327460.741852
2014-12-11,346.915626,340.96425,346.667652,340.96425,528.0,1038286.271948
2014-12-12,341.460198,333.52503,341.460198,334.268952,536.0,1050368.183761
2014-12-15,338.732484,327.32568,338.732484,328.317576,497.0,966529.757152
2014-12-16,335.012874,316.652879,335.012874,326.08581,762.0,1876201.738892
2014-12-17,336.220787,328.069602,328.069602,330.797316,333.0,613754.869462
2014-12-18,334.7649,329.061498,333.773004,333.277056,529.0,937600.312936
2014-12-19,347.1636,333.773004,336.252744,333.773004,1329.0,5863986.748611
2014-12-22,339.972354,326.333784,335.260848,338.236536,394.0,318956.826119
2014-12-23,350.387262,338.732484,340.220328,350.139288,1126.0,1049999.193464
2014-12-24,352.12308,348.155496,350.635236,349.395366,98.0,262383.354707
2014-12-29,350.635236,346.171704,346.171704,349.891314,257.0,274695.129328
2014-12-30,350.139288,345.179808,348.899418,347.1636,179.0,110588.206828
2014-12-31,350.635236,344.485481,344.931834,349.64334,150.0,281492.212893
2015-01-02,352.12308,347.907522,347.907522,349.64334,395.0,596469.791188
2015-01-05,349.64334,341.460198,344.931834,342.948042,348.0,346825.675272
2015-01-06,349.147392,341.460198,341.460198,344.68386,504.0,485195.020446
2015-01-07,347.659548,340.716276,344.435886,343.44399,422.0,402457.515707
2015-01-08,353.610924,341.956146,344.68386,353.114976,482.0,1069627.259309
2015-01-09,355.098768,342.948042,348.899418,344.931834,556.0,792685.92675
2015-01-12,357.08256,343.196016,343.196016,354.106872,305.0,251006.153871
2015-01-13,357.578508,351.627132,356.090664,352.867002,542.0,791646.503262
2015-01-14,352.12308,346.419678,352.12308,346.667652,448.0,562485.381532
2015-01-15,352.619028,345.179808,351.627132,349.147392,531.0,508543.234371
2015-01-16,350.387262,344.435886,346.419678,347.1636,526.0,333895.892311
2015-01-19,350.635236,344.187912,349.64334,348.155496,524.0,465915.781493
2015-01-20,352.12308,343.691964,346.667652,348.651444,596.0,569177.615395
2015-01-21,352.12308,342.20412,350.139288,349.64334,598.0,599517.489737
2015-01-22,355.84269,343.196016,349.395366,351.627132,464.0,972707.824207
2015-01-23,352.867002,348.40347,352.12308,349.64334,518.0,1534673.99808
2015-01-26,352.12308,347.1636,351.131184,349.64334,683.0,461367.92567
2015-01-27,350.88321,345.179808,350.88321,348.899418,438.0,484547.77517
2015-01-28,359.314326,345.179808,345.179808,354.60282,759.0,1399894.74703
2015-01-29,360.058248,352.619028,352.619028,358.570404,646.0,1021705.904651
2015-01-30,361.298118,351.131184,358.074456,354.850794,616.0,405219.902087
2015-02-02,360.306222,353.610924,356.586612,360.058248,734.0,869847.24205
2015-02-03,361.050144,356.710599,358.570404,359.5623,560.0,614784.211248
2015-02-04,361.843661,356.556855,361.050144,357.330534,607.0,457147.725165
2015-02-05,362.04204,353.36295,353.610924,359.810274,299.0,303750.59482
2015-02-06,360.80217,354.354846,360.80217,357.08256,309.0,267829.490188
2015-02-09,358.818378,352.12308,355.594716,357.08256,200.0,154394.210683
2015-02-10,360.80217,353.114976,356.338638,359.314326,449.0,327896.271383
2015-02-11,364.52178,355.098768,361.298118,357.08256,469.0,382674.191649
2015-02-12,361.050144,355.594716,358.570404,359.066352,596.0,318233.968077
2015-02-13,365.017728,358.818378,358.818378,363.777858,539.0,347065.619783
2015-02-16,363.777858,358.818378,362.04204,359.810274,347.0,224800.785566
2015-02-17,364.769754,360.058248,360.058248,364.025832,460.0,281027.446426
2015-02-18,367.745442,361.050144,363.033936,364.025832,493.0,329098.010275
2015-02-19,369.48126,358.818378,363.033936,366.753546,551.0,379215.159654
2015-02-20,372.704922,364.025832,366.753546,372.704922,471.0,376028.333616
2015-02-23,374.936688,365.76165,372.208974,373.944792,672.0,607210.83662
2015-02-24,376.92048,371.961,371.961,376.672506,745.0,379920.878802
2015-02-25,380.144142,373.20087,376.672506,377.416428,942.0,704634.356828
2015-02-26,382.623882,376.92048,377.664402,380.888064,603.0,374308.395235
2015-02-27,382.623882,371.217078,382.623882,374.44074,344.0,193663.448587
2015-03-02,377.168454,367.745442,373.20087,369.729234,613.0,359647.584021
2015-03-03,381.384012,371.465052,371.465052,377.664402,884.0,1072302.94305
2015-03-04,383.367804,377.664402,377.664402,382.375908,568.0,418719.301217
2015-03-05,395.022582,381.136038,383.367804,392.046894,1317.0,1947150.709349
2015-03-06,395.022582,387.583362,394.774608,393.286764,1065.0,733454.918661
2015-03-09,394.27866,389.815128,389.815128,393.286764,960.0,512204.908579
2015-03-10,393.286764,389.071206,390.063102,389.815128,1232.0,883532.144499
2015-03-11,400.230036,387.583362,388.575258,400.230036,1738.0,1717557.082597
2015-03-12,400.725984,396.262452,397.254348,397.502322,748.0,762811.827046
2015-03-13,397.750296,396.7584,397.254348,397.750296,712.0,340775.645834
2015-03-16,398.494218,395.270556,397.750296,396.510426,1023.0,885726.931049
2015-03-17,397.750296,395.022582,396.7584,397.502322,1121.0,2287472.678587
2015-03-18,405.685464,397.99827,399.23814,403.205724,1714.0,1864308.354908
2015-03-19,406.67736,402.461802,404.445594,405.685464,803.0,1045094.445385
2015-03-20,421.059852,404.19762,404.693568,415.852398,3911.0,31376509.230806
2015-03-23,415.306855,407.669256,412.529546,414.01739,1098.0,965019.518175
2015-03-24,425.622574,410.545754,415.108476,423.638782,1108.0,1398580.093074
2015-03-25,425.513465,413.620632,416.59632,421.754179,2094.0,2065266.923145
2015-03-26,431.9,413.0,422.0,431.8,1346.0,1055621.0
2015-03-27,434.5,416.0,432.3,416.7,1557.0,1072513.0
2015-03-30,422.8,410.2,421.0,413.0,1515.0,2120510.0
2015-03-31,415.0,400.5,413.0,403.0,2013.0,1941047.0
2015-04-01,402.3,395.2,401.2,397.4,1733.0,3393464.0
2015-04-02,401.0,394.8,397.8,398.2,1530.0,978914.0
2015-04-07,403.0,396.8,401.0,400.0,1799.0,2837468.0
2015-04-08,403.7,392.5,400.0,393.6,1473.0,1380448.0
2015-04-09,400.0,393.4,396.6,395.1,1291.0,1161617.0
2015-04-10,397.0,385.45,395.0,388.9,1775.0,2197283.0
2015-04-13,393.0,387.8,391.4,391.4,1309.0,1113716.0
2015-04-14,394.0,387.9,392.2,389.3,919.0,680470.0
2015-04-15,390.1,386.1,389.0,387.5,1049.0,808840.0
2015-04-16,390.9,377.2,390.0,390.0,1767.0,1405788.0
2015-04-17,392.6,385.9,390.6,390.0,1359.0,975013.0
2015-04-20,392.0,384.1,392.0,385.5,1050.0,576953.0
2015-04-21,394.7,385.0,385.0,394.0,1798.0,1450600.0
2015-04-22,407.7,392.4,392.6,405.0,2014.0,2132506.0
2015-04-23,407.2,400.4,402.8,406.6,1977.0,1806629.0
2015-04-24,416.5,405.2,405.2,416.4,1969.0,1818334.0
2015-04-27,430.2,414.6,416.2,429.4,2009.0,3076266.0
2015-04-28,430.0,417.5,430.0,421.2,1440.0,3435755.0
2015-04-29,421.6,413.0,418.8,414.5,1450.0,960933.0
2015-04-30,420.7,409.1,416.0,417.4,1645.0,1492907.0
2015-05-01,421.8,413.1,421.8,414.8,504.0,481321.0
2015-05-05,420.5,410.0,419.0,410.0,1223.0,2745587.0
2015-05-06,413.7,406.1,411.6,407.7,1802.0,1868999.0
2015-05-07,409.9,404.0,407.8,406.5,2638.0,4223379.0
2015-05-08,430.0,409.6,414.1,416.0,3161.0,3123016.0
2015-05-11,418.0,413.5,416.7,414.7,1422.0,998076.0
2015-05-12,414.7,408.8,414.7,408.8,2070.0,1886372.0
2015-05-13,412.3,408.7,412.3,409.3,2497.0,2236306.0
2015-05-14,411.0,407.9,411.0,409.2,1845.0,1207588.0
2015-05-15,410.5,402.9,410.0,405.0,2045.0,3937668.0
2015-05-18,410.7,404.9,405.0,409.0,1322.0,2059825.0
2015-05-19,412.0,408.3,412.0,410.0,1069.0,1153599.0
2015-05-20,412.4,409.6,411.0,410.1,1001.0,769304.0
2015-05-21,410.3,407.0,408.0,408.5,820.0,586507.0
2015-05-22,409.9,403.5,409.2,405.0,939.0,878268.0
2015-05-26,407.1,402.4,407.1,403.9,1309.0,1117236.0
2015-05-27,412.4,402.9,402.9,411.0,1604.0,1573487.0
2015-05-28,414.7,409.3,412.4,412.1,1728.0,1387841.0
2015-05-29,416.9,409.0,412.4,409.0,3090.0,11082474.0
2015-06-01,415.5,410.7,410.9,412.7,1070.0,698063.0
2015-06-02,416.2,409.9,412.4,412.4,796.0,543992.0
2015-06-03,421.7,413.6,414.1,419.3,1485.0,1342771.0
2015-06-04,423.3,416.8,418.0,418.0,1537.0,1266994.0
2015-06-05,418.8,411.6,417.5,412.4,986.0,624627.0
2015-06-08,413.6,406.00625,411.1,406.1,1013.0,795418.0
2015-06-09,408.6,401.0,408.6,403.1,1146.0,669011.0
2015-06-10,405.980209,402.5,403.5,404.4,1209.0,886895.0
2015-06-11,406.3,397.8,406.3,398.9,1401.0,1009983.0
2015-06-12,399.7,394.8,396.4,397.2,993.0,860668.0
2015-06-15,396.7,391.0,395.2,393.0,1034.0,761981.0
2015-06-16,393.8,388.8,391.6,392.4,1082.0,864054.0
2015-06-17,393.8,386.0,393.6,386.6,623.0,952819.0
2015-06-18,387.3,380.55,387.3,385.6,929.0,1583725.0
2015-06-19,392.9,381.5,386.0,382.9,1357.0,1460257.0
2015-06-22,387.4,381.8,386.4,386.9,811.0,435994.0
2015-06-23,392.4,386.4,386.4,388.4,1067.0,742493.0
2015-06-24,389.69,382.1,387.3,384.6,748.0,767975.0
2015-06-25,384.8,380.2,384.8,382.1,814.0,890241.0
2015-06-26,382.8,372.7,382.8,373.9,973.0,994482.0
2015-06-29,373.0,362.0,368.6,369.9,1583.0,1272844.0
2015-06-30,372.6,367.1,371.3,370.7,1866.0,1731783.0
2015-07-01,385.0,370.5,371.7,384.4,1945.0,2203226.0
2015-07-02,387.0,381.7,383.9,382.2,1033.0,1250860.0
2015-07-03,382.7,380.0,380.9,382.0,371.0,356430.0
2015-07-06,380.1,375.7,377.9,377.4,833.0,1233430.0
2015-07-07,379.5,371.7,378.8,372.4,1021.0,781267.0
2015-07-08,373.4,367.3,370.3,367.8,1249.0,837398.0
2015-07-09,373.7,367.3,371.3,371.0,1278.0,1191741.0
2015-07-10,376.0,368.6,376.0,369.0,877.0,984873.0
2015-07-13,373.6,370.3,370.3,371.0,491.0,619968.0
2015-07-14,373.1,367.4,373.1,367.7,613.0,456871.0
2015-07-15,371.9,368.0,369.4,369.4,947.0,4079655.0
2015-07-16,376.4,371.1,371.4,375.4,1169.0,601467.0
2015-07-17,377.3,373.0,377.3,374.5,681.0,3080904.0
2015-07-20,376.788,371.2,375.6,371.2,768.0,496179.0
2015-07-21,372.8,367.1,372.6,368.9,1335.0,856524.0
2015-07-22,374.7,367.0,368.2,373.0,1507.0,1012185.0
2015-07-23,375.4,365.2,375.0,366.3,948.0,535163.0
2015-07-24,369.7,361.5,368.3,363.1,921.0,639845.0
2015-07-27,365.0,355.4,363.8,356.4,785.0,895023.0
2015-07-28,361.3,358.182468,359.0,360.0,1115.0,4527065.0
2015-07-29,366.2,360.9,363.6,365.0,1178.0,1500590.0
2015-07-30,367.5,363.1,366.5,364.9,1366.0,991059.0
2015-07-31,366.7,363.3,366.7,365.0,1339.0,2199281.0
2015-08-03,369.9,364.0,365.4,369.9,1120.0,945911.0
2015-08-04,371.1,368.5,371.1,369.9,1320.0,1243916.0
2015-08-05,371.5,369.4,370.6,369.9,1047.0,884634.0
2015-08-06,371.0,367.9,370.9,369.8,1070.0,589283.0
2015-08-07,370.7,367.1,370.0,368.3,977.0,945266.0
2015-08-10,371.8,366.3,371.8,370.8,974.0,768624.0
2015-08-11,371.3,368.0,369.8509,368.6,924.0,743854.0
2015-08-12,369.5309,357.6,369.5308,360.0,1291.0,1171443.0
2015-08-13,366.3,360.2,364.8,364.0,1811.0,2185544.0
2015-08-14,366.6,359.7,364.3,363.6,1280.0,981791.0
2015-08-17,367.0,358.9,366.7,361.2,770.0,471158.0
2015-08-18,363.569,357.2,360.2,361.8,480.0,379094.0
2015-08-19,360.0,350.4,360.0,353.9,1358.0,1143123.0
2015-08-20,351.9,343.7,350.5,344.2,1199.0,857354.0
2015-08-21,342.9,330.5,340.7,331.2,1716.0,1175087.0
2015-08-24,333.0,322.2,323.4,326.9,2611.0,2241271.0
2015-08-25,337.06,331.2,331.5,331.6,1941.0,1931529.0
2015-08-26,330.5,323.7,330.0,325.9,1961.0,1469834.0
2015-08-27,335.0,329.5,332.0,334.3,1151.0,1413794.0
2015-08-28,335.0,329.7,335.0,332.6,1185.0,1083186.0
2015-09-01,331.1,322.7,331.1,325.0,1001.0,1010686.0
2015-09-02,331.7,324.2,326.3,331.0,984.0,3061955.0
2015-09-03,338.5,331.3972,335.2,335.9,873.0,2251742.0
2015-09-04,335.5,329.6,333.5,331.0,738.0,592111.0
2015-09-07,334.5,329.7,331.4,331.0,636.0,450405.0
2015-09-08,334.1,329.9,333.5,330.7,1466.0,11617494.0
2015-09-09,341.7,333.0,337.1,340.6,1606.0,1556970.0
2015-09-10,341.7,336.5,336.5,337.4,1068.0,587312.0
2015-09-11,339.9,335.3,337.4,336.3,598.0,312265.0
2015-09-14,337.8,333.8,336.8,334.7,726.0,428083.0
2015-09-15,335.5,330.2,335.5,333.4,893.0,649273.0
2015-09-16,337.7,332.0,335.1,334.0,832.0,628328.0
2015-09-17,335.1,331.0,333.1,333.0,599.0,574512.0
2015-09-18,339.6,330.6,331.2,335.9,1489.0,1746990.0
2015-09-21,334.4,329.4,333.5,333.3,966.0,686585.0
2015-09-22,325.0,287.6,325.0,289.6,3471.0,4276706.0
2015-09-23,301.9,286.6,292.2,296.3,2300.0,2300708.0
2015-09-24,300.0,286.65,295.0,289.5,1467.0,1404465.0
2015-09-25,292.34,284.0,291.7,288.0,1458.0,1207442.0
2015-09-28,288.1,284.6,288.1,285.1,1653.0,1067653.0
2015-09-29,285.3,275.0,283.4,281.2,1621.0,1369342.0
2015-09-30,285.6,280.2,285.0,283.4,958.0,869869.0
2015-10-01,284.4,272.5,281.1,274.5,1628.0,1818525.0
2015-10-02,283.6,273.5,276.3,274.7,1752.0,2222492.0
2015-10-05,280.1,276.4,279.5,278.1,962.0,1448288.0
2015-10-06,277.9,273.0,277.8,274.5,1028.0,1231357.0
2015-10-07,276.0,273.1,276.0,275.0,2120.0,1901379.0
2015-10-08,275.9,274.3,275.5,275.3,2175.0,2721771.0
2015-10-09,279.0,275.5,276.3,276.7,1283.0,2456745.0
2015-10-12,281.7,276.3,277.0,277.0,991.0,920525.0
2015-10-13,278.6,272.0,278.6,272.4,1741.0,1042767.0
2015-10-14,274.69,267.6,273.0,273.6,1395.0,884161.0
2015-10-15,275.3,271.0,274.0,272.1,704.0,731542.0
2015-10-16,278.0,267.5,273.1,268.2,1006.0,1088359.0
2015-10-19,269.9,264.0,268.7,266.5,622.0,422361.0
2015-10-20,267.9,263.4,266.5,264.7,814.0,943604.0
2015-10-21,271.6,263.4,266.2,265.0,897.0,722933.0
2015-10-22,263.8,255.0,263.5,262.5,1301.0,35454625.0
2015-10-23,281.3,264.8,264.8,276.6,2277.0,3023252.0
2015-10-26,283.5,276.8,277.0,280.6,1285.0,1342229.0
2015-10-27,283.0,279.7,282.4,280.0,2099.0,3280026.0
2015-10-28,284.5,278.5,278.5,281.8,1181.0,1015360.0
2015-10-29,283.3,273.7,282.8,276.1,841.0,919846.0
2015-10-30,278.4,271.6,277.8,276.9,836.0,889486.0
2015-11-02,281.0,274.896,275.0,278.6,631.0,543276.0
2015-11-03,280.2,273.3,280.2,274.8,755.0,600529.0
2015-11-04,280.9,274.7,275.1,276.9,909.0,827466.0
2015-11-05,278.4,273.0,277.9,275.0,751.0,647693.0
2015-11-06,280.0,273.3,277.2,278.8,769.0,903299.0
2015-11-09,281.6615,277.9,280.0,279.1,1163.0,1363174.0
2015-11-10,282.3,275.1,282.3,275.6,1156.0,1366467.0
2015-11-11,280.6,274.7,275.4,279.6,772.0,832295.0
2015-11-12,279.8,268.9,278.6,271.4,1223.0,1469447.0
2015-11-13,275.1,264.8,270.964,270.8,967.0,833324.0
2015-11-16,271.6,265.7,266.4,266.3,813.0,763068.0
2015-11-17,271.2726,266.8,267.6,269.3,1038.0,896087.0
2015-11-18,272.05,266.5,268.9,271.3,672.0,605327.0
2015-11-19,274.9,268.7,270.6,270.9,1102.0,1178864.0
2015-11-20,274.3,269.3,273.2,270.7,850.0,1574507.0
2015-11-23,270.6,262.3,270.6,264.5,1398.0,1397127.0
2015-11-24,265.7,254.8,265.7,260.2,1530.0,3163083.0
2015-11-25,262.5,258.6,262.1,261.7,822.0,620074.0
2015-11-26,264.8,260.0,262.8,264.4,550.0,476948.0
2015-11-27,268.9,261.4991,263.2,268.4,684.0,1028473.0
2015-11-30,271.5,267.7,267.7,270.0,651.0,794329.0
2015-12-01,278.7,269.38,270.0,277.9,959.0,603529.0
2015-12-02,299.0,277.1,277.9,296.2,1815.0,2424816.0
2015-12-03,299.0,289.3,297.0,289.7,1528.0,1334908.0
2015-12-04,291.0,280.6,291.0,281.6,1165.0,1608220.0
2015-12-07,285.0,280.5,281.0,282.7,868.0,605753.0
2015-12-08,283.2,277.2,283.2,278.7,734.0,1386765.0
2015-12-09,281.5,270.8,281.5,277.1,759.0,598264.0
2015-12-10,279.1,272.0,274.7,274.4,543.0,327127.0
2015-12-11,273.4,266.3,271.5,267.5,663.0,543971.0
2015-12-14,275.4,267.1,267.1,269.6,886.0,644846.0
2015-12-15,286.5,272.5,273.1,285.6,1079.0,1010868.0
2015-12-16,301.4626,286.4,288.0,300.0,1470.0,1629081.0
2015-12-17,304.5,295.0,302.5,296.5,870.0,772397.0
2015-12-18,300.0,292.7,297.4,294.0,1293.0,1284447.0
2015-12-21,299.8,293.4,295.6,293.4,790.0,654866.0
2015-12-22,304.1,293.5,297.6,303.4,789.0,622056.0
2015-12-23,313.0,304.4,305.0,310.7,712.0,587096.0
2015-12-24,314.9,311.0,313.0,314.9,65.0,54832.0
2015-12-29,315.0,303.9,315.0,311.8,597.0,557717.0
2015-12-30,314.9,307.5,309.0,311.2,730.0,826219.0
2015-12-31,314.7,308.9,312.0,314.0,483.0,699944.0
2016-01-04,312.57,301.9,309.7,303.3,1455.0,970682.0
2016-01-05,315.2,298.7,309.8,308.7,944.0,621199.0
2016-01-06,307.46,302.0,305.6,303.0,836.0,627977.0
2016-01-07,302.3,290.6,298.7,299.9,1209.0,871357.0
2016-01-08,304.75,298.0,302.5,300.1,779.0,626661.0
2016-01-11,301.08,293.1,298.0,293.3,830.0,739751.0
2016-01-12,297.5,293.0,295.6,296.7,1140.0,920189.0
2016-01-13,298.8,293.2,296.3,293.9,837.0,747361.0
2016-01-14,292.6,281.5,292.6,284.6,1824.0,1636867.0
2016-01-15,295.0,280.2,286.7,288.1,1847.0,1688563.0
2016-01-18,289.6,276.5,288.7,277.0,1108.0,1253156.0
2016-01-19,284.3,275.3,284.3,281.7,953.0,582359.0
2016-01-20,277.3,265.1,277.3,267.4,1219.0,954846.0
2016-01-21,272.8,265.0,271.7,269.6,1062.0,779839.0
2016-01-22,286.8,272.4,275.5,283.2,1140.0,4584156.0
2016-01-25,286.3,279.6,283.5,283.2,883.0,657171.0
2016-01-26,288.5,278.7,280.9,287.5,901.0,785693.0
2016-01-27,291.6,286.55,289.0,291.2,888.0,592977.0
2016-01-28,296.4,288.6,291.9,290.2,996.0,717812.0
2016-01-29,295.0,284.1,292.3,294.4,873.0,789873.0
2016-02-01,296.4,288.0,296.4,288.6,1130.0,711293.0
2016-02-02,294.3,282.2,290.3,282.7,1001.0,789477.0
2016-02-03,285.0,272.6,284.0,275.6,1130.0,1579768.0
2016-02-04,296.0,279.3,281.1,294.4,1727.0,1758246.0
2016-02-05,298.2,286.6,294.4,286.6,1418.0,1608537.0
2016-02-08,289.2,264.4,286.8,265.6,1469.0,2842657.0
2016-02-09,269.8,259.688,264.8,263.1,2342.0,1543224.0
2016-02-10,274.3,261.5,262.5,265.9,1261.0,819667.0
2016-02-11,266.2,256.9,265.0,256.9,1337.0,1292966.0
2016-02-12,263.6283,257.0,257.0,259.0,1510.0,1180932.0
2016-02-15,272.1,262.2,266.1,268.9,840.0,1013228.0
2016-02-16,271.0,264.0,268.7,266.7,854.0,856290.0
2016-02-17,282.1,264.1,264.1,277.2,1669.0,1293439.0
2016-02-18,281.5,274.3,281.2,276.6,811.0,706303.0
2016-02-19,277.0,273.3,275.3,276.0,1020.0,782225.0
2016-02-22,280.6,273.7,275.1,279.5,612.0,524567.0
2016-02-23,280.7,268.7,280.7,271.4,926.0,859967.0
2016-02-24,276.9,266.8,271.5,272.8,848.0,1654547.0
2016-02-25,280.3,267.1,274.6,272.2,972.0,858196.0
2016-02-26,280.5,273.5,278.0,279.8,1768.0,3112263.0
2016-02-29,287.8,275.1,275.1,284.5,1041.0,950984.0
2016-03-01,287.4,279.0,285.4,281.1,1037.0,776768.0
2016-03-02,284.2,278.6,281.9,279.8,945.0,580004.0
2016-03-03,283.2,279.3404,283.2,280.0,851.0,723495.0
2016-03-04,287.8,279.473771,280.4,283.9,909.0,753464.0
2016-03-07,286.6,277.9807,280.0,280.1,948.0,716219.0
2016-03-08,283.6,275.9,280.9,276.3,841.0,728871.0
2016-03-09,279.6,270.4,279.6,272.1,1018.0,1006135.0
2016-03-10,275.2155,264.0,273.5,264.0,787.0,716707.0
2016-03-11,274.7,266.7,270.6,272.9,766.0,1021347.0
2016-03-14,276.5,269.1,274.0,269.2,762.0,504316.0
2016-03-15,270.8,263.1,270.8,263.1,1006.0,1423115.0
2016-03-16,269.2,260.6,262.2,267.8,1044.0,1163513.0
2016-03-17,273.9,267.0,273.9,270.9,750.0,773936.0
2016-03-18,279.5,269.1,269.1,279.0,2008.0,2650510.0
2016-03-21,281.4,272.3,277.0,273.8,1043.0,775221.0
2016-03-22,272.3,267.2,272.0,272.0,1247.0,940948.0
2016-03-23,275.0,269.65,270.0,270.9,705.0,510376.0
2016-03-24,271.5,261.59,271.5,264.9,793.0,693085.0
2016-03-29,269.1,262.3,266.5,268.6,787.0,934868.0
2016-03-30,273.2,268.1,270.5,270.0,1082.0,776528.0
2016-03-31,269.0,264.6,269.0,264.8,1011.0,1067335.0
2016-04-01,265.44,255.0,264.6,260.3,1617.0,2229534.0
2016-04-04,263.8,256.8,260.6,262.9,1383.0,1132209.0
2016-04-05,264.9,249.1,264.5,249.1,1700.0,2763689.0
2016-04-06,259.7,246.0,250.0,257.8,1591.0,1554719.0
2016-04-07,270.0,257.18,260.1,264.7,1507.0,1500082.0
2016-04-08,281.4,265.1,267.7,280.9,1993.0,2679838.0
2016-04-11,282.5,272.8,280.0,275.0,1878.0,1838314.0
2016-04-12,277.4,272.0,275.7,274.6,1148.0,1150096.0
2016-04-13,280.5,273.2,273.2,277.7,1336.0,1321346.0
2016-04-14,279.2,272.3,276.9,273.0,1178.0,867132.0
2016-04-15,277.1,269.5,273.5,275.5,1402.0,1675661.0
2016-04-18,277.4,269.2,272.3,272.3,528.0,587217.0
2016-04-19,276.59,270.2,270.2,273.0,959.0,1788997.0
2016-04-20,277.0,271.4,271.4,274.8,1074.0,784255.0
2016-04-21,277.2,272.9,273.3,273.3,871.0,810989.0
2016-04-22,277.3,272.0,272.0,273.0,1056.0,947836.0
2016-04-25,277.7,271.6,271.6,276.0,720.0,446906.0
2016-04-26,279.3,275.7,276.5,279.1,834.0,903581.0
2016-04-27,285.6,275.9,275.9,283.7,1171.0,734283.0
2016-04-28,285.8,280.4,281.1,285.4,1014.0,1483051.0
2016-04-29,285.9,278.6,282.0,278.6,842.0,679631.0
2016-05-03,282.8,276.2,277.2,282.0,1316.0,1182468.0
2016-05-04,282.6,279.0,282.6,281.3,1377.0,1724394.0
2016-05-05,286.6,279.9,281.7,285.2,1023.0,1775726.0
2016-05-06,287.4,283.0,283.0,286.5,1149.0,1177160.0
2016-05-09,285.0,274.6,283.5,277.5,1923.0,7229988.0
2016-05-10,278.8,270.5,278.3,271.7,1375.0,2302697.0
2016-05-11,271.4,263.2,270.3,268.7,1597.0,1678681.0
2016-05-12,268.5,261.0,267.7,266.2,1552.0,1953990.0
2016-05-13,270.7,264.0,264.0,270.0,1683.0,3700675.0
2016-05-16,274.0,267.6,270.6,272.6,681.0,1052821.0
2016-05-17,276.75,272.699,272.9,275.0,1387.0,1152898.0
2016-05-18,280.5,274.2,276.0,278.6,844.0,808845.0
2016-05-19,280.9,274.6,277.0,280.0,1337.0,1383872.0
2016-05-20,286.0,280.4,281.625,283.0,722.0,465260.0
2016-05-23,286.4,281.6,284.0,285.7,1231.0,1031102.0
2016-05-24,288.6,282.8,288.0,285.4,1016.0,1442622.0
2016-05-25,290.8,285.1,286.3,288.4,885.0,652763.0
2016-05-26,290.1,286.4,286.8,286.6,1090.0,1304038.0
2016-05-27,288.0,285.0,286.6,286.5,745.0,874257.0
2016-05-31,289.9,286.7,287.4,288.0,1070.0,837407.0
2016-06-01,288.8,283.1,287.1,284.7,1815.0,977166.0
2016-06-02,287.4,282.7,282.7,284.4,995.0,765660.0
2016-06-03,286.6,279.7,284.3,280.5,1053.0,808923.0
2016-06-06,285.2,276.5,280.5,281.5,1264.0,1037456.0
2016-06-07,285.4,279.1,281.5,279.7,756.0,477704.0
2016-06-08,279.6,274.7,279.6,275.5,887.0,662253.0
2016-06-09,278.9,273.5,273.5,275.0,856.0,709214.0
2016-06-10,275.9,271.2,275.9,271.4,1076.0,623702.0
2016-06-13,271.1384,266.6,270.9,268.3,938.0,1367372.0
2016-06-14,273.5,259.3,273.5,259.3,1526.0,1849580.0
2016-06-15,265.9,259.5,263.0,260.5,1010.0,1116168.0
2016-06-16,259.0,254.8,259.0,254.8,1346.0,1381744.0
2016-06-17,265.0,257.7,257.7,263.3,1942.0,1792884.0
2016-06-20,282.3,266.0,266.0,278.3,1707.0,1173555.0
2016-06-21,281.0,275.8,276.8,279.3,1392.0,897065.0
2016-06-22,288.1,279.0,280.4,285.7,2007.0,1784648.0
2016-06-23,290.8,284.4,285.6,289.5,1715.0,1006245.0
2016-06-24,275.0,233.6,272.2,235.8,4534.0,6514347.0
2016-06-27,235.4,209.5,235.4,209.9,3554.0,4550873.0
2016-06-28,225.2,212.0,216.0,220.2,2378.0,3725759.0
2016-06-29,228.0,218.0,222.4,228.0,2898.0,2602781.0
2016-06-30,239.9,225.0,225.0,239.8,2820.0,1932250.0
2016-07-01,249.6,236.0,241.1,248.6,2982.0,2334491.0
2016-07-04,251.1,236.9,248.2,241.3,1807.0,1903593.0
2016-07-05,243.6,237.5,240.5,238.5,2173.0,9523700.0
2016-07-06,239.0,233.5,234.8,238.6,3029.0,2850573.0
2016-07-07,245.0,238.641496,242.0,241.0,1437.0,2187373.0
2016-07-08,247.6,239.9,240.0,242.6,1501.0,1283000.0
2016-07-11,252.6,244.0,246.1,251.1,1638.0,1739137.0
2016-07-12,257.7,251.9,253.5,256.3,1531.0,1062833.0
2016-07-13,257.4,248.9,257.4,250.2,1596.0,81488315.0
2016-07-14,241.8,235.8,240.0,240.0,7153.0,8013375.0
2016-07-15,243.0,237.0,239.5,240.0,1657.0,2551380.0
2016-07-18,245.1,236.955,243.7,243.2,2570.0,2366513.0
2016-07-19,244.6,240.0,240.4,240.1,1459.0,988678.0
2016-07-20,243.3,239.1,242.0,240.7,1907.0,2016795.0
2016-07-21,243.4,238.2,241.8,243.0,1725.0,2314975.0
2016-07-22,244.2,238.9,243.8,240.3,1437.0,1098360.0
2016-07-25,243.7,238.6,242.4,242.1,1956.0,1185364.0
2016-07-26,243.0,235.1,243.0,238.4,1142.0,1001969.0
2016-07-27,243.6,236.8,237.7,242.5,1183.0,918797.0
2016-07-28,246.1704,240.5,244.4,241.4,1127.0,2533003.0
2016-07-29,248.1,238.0,244.2,247.9,1239.0,1310025.0
2016-08-01,250.3,239.4,250.0,243.1,1337.0,1126022.0
2016-08-02,242.1,237.6,239.9,239.1,1381.0,2759083.0
2016-08-03,243.2,236.4,242.2,242.0,930.0,993471.0
2016-08-04,261.0,248.8,248.8,259.2,1889.0,4957183.0
2016-08-05,272.8,259.6,261.4,266.4,1850.0,1887930.0
2016-08-08,271.8,264.3,265.7,265.6,1117.0,900960.0
2016-08-09,272.6,264.1,264.1,267.9,1478.0,1121412.0
2016-08-10,271.4,266.1,267.5,268.5,1111.0,895980.0
2016-08-11,272.2,265.7,268.6,271.1,858.0,1300550.0
2016-08-12,279.7381,271.19,272.3,275.0,1284.0,1249595.0
2016-08-15,276.7,272.5,274.1,274.1,716.0,493025.0
2016-08-16,277.1,270.3,273.4,270.7,866.0,1124039.0
2016-08-17,271.7,267.6,270.1,270.6,497.0,405947.0
2016-08-18,274.2,270.2,270.7,272.6,580.0,417460.0
2016-08-19,274.9,269.9,270.9,272.6,683.0,937408.0
2016-08-22,275.8,269.2,272.4,273.1,738.0,685013.0
2016-08-23,277.4,272.7,273.3,275.6,759.0,1063174.0
2016-08-24,281.7,272.4,274.6,275.0,930.0,2554079.0
2016-08-25,277.4,273.1,276.0,274.9,1204.0,1917676.0
2016-08-26,275.0,270.924,272.5,273.6,570.0,592759.0
2016-08-30,276.1,272.2,275.3,273.7,712.0,681278.0
2016-08-31,274.4,269.9,274.1,270.2,1306.0,2792021.0
2016-09-01,276.2,270.3,273.7,275.0,1907.0,2068671.0
2016-09-02,280.7,273.0,274.7,279.4,1728.0,18101054.0
2016-09-05,284.3,276.2,284.3,278.8,692.0,343707.0
2016-09-06,283.0,278.7,278.9,282.7,1647.0,2937321.0
2016-09-07,284.8,278.7466,284.0,284.7,1412.0,1439187.0
2016-09-08,291.0,282.3,283.0,291.0,1239.0,2647261.0
2016-09-09,306.3,290.1,292.0,303.0,2886.0,1974984.0
2016-09-12,300.03,294.3,299.1,297.4,1893.0,1997974.0
2016-09-13,303.7,296.8909,298.1,300.8,1185.0,1359160.0
2016-09-14,302.6,296.8,301.1,298.3,1212.0,1184363.0
2016-09-15,300.6,294.3,300.0,299.7,1578.0,1945894.0
2016-09-16,303.4,298.0,298.2,303.0,1892.0,3128509.0
2016-09-19,305.3,300.6,304.0,303.1,891.0,1093311.0
2016-09-20,306.8,302.3,303.2,306.3,1312.0,1102170.0
2016-09-21,309.0,306.8,307.0,307.3,1328.0,1133635.0
2016-09-22,309.0,303.9,309.0,305.4,1643.0,1142597.0
2016-09-23,307.4,302.4,305.7,303.9,1381.0,1442520.0
2016-09-26,303.5,293.7,303.5,296.8,1058.0,934537.0
2016-09-27,299.7,284.0,299.7,285.0,1777.0,1532912.0
2016-09-28,297.5,280.0,283.0,297.0,2923.0,4915105.0
2016-09-29,300.4,294.7,299.7,300.4,1741.0,1708596.0
2016-09-30,298.0,292.4,297.2,295.7,1888.0,1591148.0
2016-10-03,300.7,294.5,297.1,299.3,1124.0,1682123.0
2016-10-04,302.6,295.3,301.3,296.7,1884.0,3036738.0
2016-10-05,296.9,289.0,293.5,289.7,1547.0,1557855.0
2016-10-06,292.1,284.0,290.3,284.2,2076.0,2153859.0
2016-10-07,285.0,275.8,284.2,276.1,1504.0,1777274.0
2016-10-10,277.5,271.6,277.5,272.0,1590.0,1802776.0
2016-10-11,272.7,267.6,271.3,269.1,1438.0,1737227.0
2016-10-12,272.2,266.6,269.0,268.0,938.0,852414.0
2016-10-13,268.7,264.5,268.0,265.9,1363.0,2331855.0
2016-10-14,269.8,264.7,267.5,265.4,1298.0,942982.0
2016-10-17,265.7,261.2,264.2,261.6,1299.0,903973.0
2016-10-18,265.3,260.0,262.2,262.5,1458.0,1740936.0
2016-10-19,264.4,256.7,264.4,258.7,1249.0,1202448.0
2016-10-20,262.1,257.1,260.1,259.7,1026.0,1791225.0
2016-10-21,262.0,256.9,261.4,257.9,967.0,693467.0
2016-10-24,261.0,255.2,257.4,255.7,1039.0,628818.0
2016-10-25,259.3,253.6,257.4,254.8,1155.0,1451983.0
2016-10-26,255.6,249.0,253.9,252.3,1528.0,1222656.0
2016-10-27,253.8853,246.6,252.4,253.1,1489.0,1170831.0
2016-10-28,260.1,250.6,251.9,258.5,2710.0,1843033.0
2016-10-31,257.7,254.0,256.2,256.1,1672.0,1402821.0
2016-11-01,257.7,255.0,257.5,256.0,2007.0,1052032.0
2016-11-02,254.5,250.6,254.5,251.6,1534.0,993159.0
2016-11-03,266.1,251.1,253.2,257.4,2893.0,1556191.0
2016-11-04,258.3,250.6,258.3,252.0,1740.0,1413587.0
2016-11-07,257.0,253.6,255.8,256.6,1901.0,1955785.0
2016-11-08,260.4,256.7,257.2,260.0,2261.0,1303075.0
2016-11-09,261.2,249.7,252.2,260.3,2785.0,1821573.0
2016-11-10,272.4,262.0,262.7,264.4,2829.0,1781982.0
2016-11-11,266.8,257.6,262.1,259.3,2346.0,2123797.0
2016-11-14,263.3,258.9,262.0,259.5,1876.0,945005.0
2016-11-15,262.5,256.9,259.4,258.3,1535.0,1118638.0
2016-11-16,259.9,253.8,259.4,254.4,1503.0,860083.0
2016-11-17,264.5,252.7,254.3,263.0,1742.0,1079903.0
2016-11-18,264.0,260.0,262.7,262.2,1942.0,1088404.0
2016-11-21,265.4,258.8,263.8,259.8,1735.0,1157616.0
2016-11-22,263.6,259.9,260.6,263.2,2035.0,2118845.0
2016-11-23,268.1,260.4,263.1,260.7,2022.0,1153891.0
2016-11-24,265.8,255.6,260.7,260.4,1383.0,1739079.0
2016-11-25,262.0,257.5,262.0,260.1,1135.0,1024513.0
2016-11-28,263.8,255.8,259.11,263.7,1682.0,1281669.0
2016-11-29,269.7,263.3,263.3,269.6,2388.0,1514703.0
2016-11-30,269.3,264.1,267.2,265.7,1441.0,1274499.0
2016-12-01,273.8,266.5,267.0,272.5,2634.0,1541702.0
2016-12-02,276.13,265.5,271.5,268.2,1495.0,956900.0
2016-12-05,269.9,261.2,266.2,261.9,1197.0,818803.0
2016-12-06,279.2,261.9,262.0,276.5,2713.0,1445810.0
2016-12-07,284.4,276.4,279.7,281.2,2044.0,1948891.0
2016-12-08,284.2,278.5,279.8,279.3,2035.0,1793991.0
2016-12-09,281.3,278.2,278.6,279.6,1384.0,4783603.0
2016-12-12,281.7,276.0,278.7,276.9,1551.0,1266272.0
2016-12-13,280.0,274.1,278.9,278.5,1526.0,1380663.0
2016-12-14,280.0,275.2,278.8,276.7,1930.0,1398496.0
2016-12-15,278.7,274.2,275.6,277.9,2135.0,2392759.0
2016-12-16,278.5,275.9,278.5,276.5,2503.0,2023841.0
2016-12-19,278.5,273.2,277.0,276.1,1624.0,1078602.0
2016-12-20,278.3,273.4,275.6,274.0,1582.0,1237955.0
2016-12-21,275.8,272.2,274.9,273.6,1169.0,701986.0
2016-12-22,277.1,270.2,272.4,275.9,1071.0,888007.0
2016-12-23,277.5,275.6,276.244,276.3,561.0,389693.0
2016-12-28,278.0,273.7,275.7,276.5,851.0,574243.0
2016-12-29,278.4,275.2,275.2,277.0,1068.0,640836.0
2016-12-30,278.8,274.1,278.8,277.1,363.0,166167.0
2017-01-03,282.2,276.7,279.9,282.1,1280.0,819636.0
2017-01-04,283.2,279.7,283.2,280.5,1498.0,941424.0
2017-01-05,283.0,277.5,277.5,281.3,1122.0,925478.0
2017-01-06,280.5,274.6,279.6,278.4,1176.0,1001240.0
2017-01-09,280.1,276.7,278.9,277.5,1112.0,1120444.0
2017-01-10,278.6,275.6,277.7,276.8,1408.0,1609371.0
2017-01-11,277.7,273.0,277.2,273.3,1075.0,728102.0
2017-01-12,276.3,268.9,275.9,274.9,1431.0,892393.0
2017-01-13,275.6,272.6,275.6,273.6,801.0,1362401.0
2017-01-16,274.2,270.1,272.7,271.9,945.0,627945.0
2017-01-17,271.6,265.0,271.5,269.7,1427.0,857048.0
2017-01-18,270.4,265.0,270.4,270.1,1870.0,1450519.0
2017-01-19,271.4,267.2,267.8,270.9,1651.0,912039.0
2017-01-20,271.3,249.6,269.1,254.0,3335.0,3148733.0
2017-01-23,256.775,248.1,253.5,250.8,2160.0,2380663.0
2017-01-24,251.824,242.5,251.824,242.9,1983.0,3713927.0
2017-01-25,248.2,238.5,244.0,244.8,1983.0,8690786.0
2017-01-26,248.0,244.5,246.0,246.0,1106.0,826396.0
2017-01-27,246.9,241.4,246.9,245.2,1523.0,1855085.0
2017-01-30,248.1,241.9,243.0,245.4,1686.0,1547264.0
2017-01-31,247.4,243.1,244.0,243.9,1864.0,1293031.0
2017-02-01,249.9,240.5,245.6,248.7,2914.0,1700616.0
2017-02-02,251.0,244.4,248.5,245.0,1690.0,1338729.0
2017-02-03,247.5,243.5,245.0,247.2,1134.0,2552930.0
2017-02-06,254.1,247.1,247.8,250.9,1388.0,1050247.0
2017-02-07,254.8,249.6,251.4,252.1,1527.0,1218319.0
2017-02-08,257.1,246.8,252.0,248.4,1875.0,1482245.0
2017-02-09,256.3,248.6,249.5,255.7,1643.0,3068121.0
2017-02-10,258.7,253.3,257.3,256.5,1164.0,750256.0
2017-02-13,258.4428,252.7,257.5,256.0,1022.0,751483.0
2017-02-14,258.6,253.8,254.2,258.6,988.0,1208831.0
2017-02-15,260.7,258.1,258.8,260.6,1920.0,1632167.0
2017-02-16,263.2,258.4,261.0,261.8,1568.0,1430186.0
2017-02-17,263.7,258.4,262.3,259.8,2095.0,1400357.0
2017-02-20,263.3,257.6,261.1,261.7,1461.0,906048.0
2017-02-21,263.1,260.0,263.1,263.0,1078.0,864825.0
2017-02-22,265.3,259.2,263.8,261.2,1700.0,1192980.0
2017-02-23,262.4,257.4,261.1,261.5,1406.0,1557602.0
2017-02-24,263.2,258.3,263.2,260.5,1970.0,1613925.0
2017-02-27,260.4,251.2,259.1,259.9,2556.0,1593500.0
2017-02-28,262.3,257.9,258.7,261.6,2303.0,1791953.0
2017-03-01,265.5,259.9,262.0,265.3,1793.0,1328541.0
2017-03-02,266.9,260.5,263.4,261.1,1479.0,898005.0
2017-03-03,261.4,257.2,261.4,260.2,1366.0,1072951.0
2017-03-06,264.8,258.3,258.9,263.1,1285.0,912009.0
2017-03-07,264.4,260.9,264.0,261.2,1148.0,684061.0
2017-03-08,267.1,259.5,262.2,266.6,1547.0,1429664.0
2017-03-09,271.2,265.0,267.3,271.0,2474.0,2489834.0
2017-03-10,273.7,269.8714,272.0,271.5,1434.0,1269251.0
2017-03-13,271.5,253.6,271.1,261.7,2754.0,2867010.0
2017-03-14,261.1,256.2,260.3,256.4,2132.0,1475592.0
2017-03-15,256.4,250.75,256.0,255.0,2255.0,1769841.0
2017-03-16,256.7,252.1,254.7,255.1,1435.0,1623420.0
2017-03-17,256.2,252.924143,253.8,255.0,1416.0,1498673.0
2017-03-20,258.1,255.0,256.1,257.9,1033.0,2548038.0
2017-03-21,260.2,253.5,258.9,253.9,1190.0,772202.0
2017-03-22,254.7,250.5,253.6,252.4,1188.0,884172.0
2017-03-23,259.0,251.0,254.5,258.0,1602.0,1456630.0
2017-03-24,258.7,255.1,258.7,256.7,929.0,1138873.0
2017-03-27,259.2,254.6,255.7,255.8,1141.0,1195824.0
2017-03-28,272.3,258.5,258.5,270.5,4098.0,4794825.0
2017-03-29,271.0,256.1,270.0,259.9,4262.0,5429212.0
2017-03-30,262.5,256.7,261.0,261.5,2132.0,2080060.0
2017-03-31,266.6,260.0,260.0,265.6,2402.0,2517292.0
2017-04-03,268.2,262.3,268.1,264.2,2111.0,1676303.0
2017-04-04,267.3,262.0,262.4,263.7,1607.0,1692785.0
2017-04-05,267.7,262.3,266.8,267.2,1860.0,1677208.0
2017-04-06,268.9,263.0,268.1,267.5,1499.0,1139101.0
2017-04-07,269.7,266.1,267.3,269.2,1921.0,2404880.0
2017-04-10,270.0,267.6,268.884,269.2,1657.0,2041045.0
2017-04-11,270.5,267.9,270.5,269.0,2893.0,3169582.0
2017-04-12,272.5,268.1,272.5,272.0,1786.0,3918579.0
2017-04-13,272.4,268.4,269.0,272.0,3510.0,6038844.0
2017-04-18,272.0,268.0,272.0,268.7,3137.0,2563118.0
2017-04-19,273.5,268.0,268.2,272.0,2308.0,1756694.0
2017-04-20,273.612,270.1,273.3,272.6,1659.0,3547896.0
2017-04-21,274.2,267.5,274.2,269.4,1520.0,1090531.0
2017-04-24,273.8,263.2,273.8,263.2,3069.0,2688271.0
2017-04-25,265.2,254.4,263.8,259.9,3111.0,3441769.0
2017-04-26,262.0,258.0,259.4,259.7,1807.0,3421886.0
2017-04-27,260.9,257.9,259.6,258.0,2892.0,3217210.0
2017-04-28,262.0,258.2,259.6,261.3,2299.0,3046300.0
2017-05-02,266.3,260.9,263.3,265.7,1697.0,1366466.0
2017-05-03,269.0,264.7,265.6,267.1,3162.0,1943490.0
2017-05-04,268.4,263.6,268.1,266.6,2076.0,1744820.0
2017-05-05,266.6,262.9,265.7,266.6,1999.0,1685208.0
2017-05-08,267.9,264.5,267.6,265.2,2506.0,2043930.0
2017-05-09,268.2,258.3,266.1,259.0,3188.0,2761418.0
2017-05-10,260.981,255.7,258.3,256.1,2147.0,3197668.0
2017-05-11,255.4,248.7,255.4,250.8,3746.0,2959439.0
2017-05-12,252.392,247.5,249.0,247.9,1861.0,1413287.0
2017-05-15,249.2,246.3,247.9,247.0,1792.0,1185622.0
2017-05-16,247.5,244.1,247.2,244.4,2024.0,1973321.0
2017-05-17,245.8,242.5,243.4,245.0,1952.0,1739561.0
2017-05-18,247.0,244.1,245.0,245.2,1914.0,1291207.0
2017-05-19,250.8,243.8,243.8,246.7,2154.0,1435616.0
2017-05-22,249.1,245.68,248.3,247.9,1709.0,1125885.0
2017-05-23,247.9,244.7,247.1,245.0,1676.0,1168189.0
2017-05-24,245.9,241.8,245.0,242.0,1654.0,4546404.0
2017-05-25,245.5,239.4,243.6,239.4,1355.0,4463506.0
2017-05-26,241.6,240.1,240.5,240.5,1584.0,1016823.0
2017-05-30,242.2,237.4,242.2,238.7,1587.0,1304382.0
2017-05-31,240.5,232.8,240.5,233.5,2126.0,7382950.0
2017-06-01,235.3,232.2,233.5,234.8,2110.0,1714154.0
2017-06-02,236.4,231.5,236.4,231.7,1890.0,1221874.0
2017-06-05,238.9,228.5,238.8,228.9,1059.0,1630445.0
2017-06-06,229.8,222.5,229.8,222.5,2006.0,3565560.0
2017-06-07,233.4,223.2,223.2,227.4,3389.0,3014193.0
2017-06-08,231.5,226.9656,230.03,230.8,2940.0,2314774.0
2017-06-09,230.4,222.6,230.2,223.7,2233.0,2055583.0
2017-06-12,223.916,219.8,222.7,223.1,2742.0,4478661.0
2017-06-13,225.0,219.0,222.9,221.6,2542.0,3584840.0
2017-06-14,224.5,220.3,222.5,223.5,2570.0,2251155.0
2017-06-15,223.4,210.6,223.4,214.5,3662.0,3327431.0
2017-06-16,223.7,214.5,214.5,221.9,3179.0,6269267.0
2017-06-19,223.2,215.6,221.4,216.2,2117.0,1597497.0
2017-06-20,219.0,215.3,217.6,217.4,2404.0,1905105.0
2017-06-21,219.745,209.784,216.8,211.4,2134.0,2553811.0
2017-06-22,223.3,209.7,210.4,221.9,3586.0,4301052.0
2017-06-23,226.0,220.0,222.3,225.1,2072.0,2047324.0
2017-06-26,228.4,224.4,225.9,224.4,2074.0,3158335.0
2017-06-27,224.3,216.1,223.2,219.0,2311.0,2266849.0
2017-06-28,224.4,217.5,219.0,220.9,2311.0,2077791.0
2017-06-29,225.2,221.1,222.3,224.4,2656.0,2821995.0
2017-06-30,228.1,221.4,222.8,228.0,2406.0,3190361.0
2017-07-03,230.6,224.984,225.7,229.0,2905.0,3134586.0
2017-07-04,229.4,226.6,226.6,227.5,1379.0,1175292.0
2017-07-05,238.7,227.3,231.0,236.0,2964.0,2230847.0
2017-07-06,237.3,231.4,236.6,232.4,2337.0,1809548.0
2017-07-07,234.3,228.7,228.7,234.2,1327.0,1102117.0
2017-07-10,234.4,230.1,233.62,231.5,1536.0,4242204.0
2017-07-11,233.7,229.8,231.7,232.5,2344.0,1931009.0
2017-07-12,236.4,228.5,233.4,229.8,2065.0,2166515.0
2017-07-13,232.9,229.4,231.5,230.1,1754.0,1579511.0
2017-07-14,232.45,227.5,230.8,229.1,997.0,1013597.0
2017-07-17,231.3,228.1,230.3,231.0,907.0,857319.0
2017-07-18,235.3,229.2,230.3,233.2,1735.0,1517061.0
2017-07-19,255.7,237.2,237.2,242.3,3078.0,2740892.0
2017-07-20,242.9,240.0,242.1,242.9,2066.0,1911914.0
2017-07-21,244.1,238.9,242.3,241.0,1384.0,1901960.0
2017-07-24,244.2,234.5,244.2,238.0,1487.0,1552173.0
2017-07-25,239.5,235.2,236.0,236.0,1987.0,1260625.0
2017-07-26,242.7,235.3,235.6,240.7,2091.0,1719554.0
2017-07-27,243.6,240.6,240.9,243.6,1567.0,1750596.0
2017-07-28,242.6,238.9,242.3,241.4,1676.0,1568815.0
2017-07-31,244.4,240.2,241.6,244.3,1333.0,2007814.0
2017-08-01,246.6,199.5,244.7,210.0,12797.0,13719253.0
2017-08-02,218.1,211.508,212.0,211.6,10067.0,13484064.0
2017-08-03,215.96422,208.0,212.0,210.8,5757.0,6382609.0
2017-08-04,214.8,205.9,210.4,206.4,3689.0,4965447.0
2017-08-07,208.17,200.4,206.9,201.0,4041.0,5874476.0
2017-08-08,200.002,185.4,197.0,186.1,10662.0,14904002.0
2017-08-09,188.91,181.5,187.0,182.7,4166.0,5183504.0
2017-08-10,186.0,179.2,186.0,182.1,3801.0,4494990.0
2017-08-11,189.1,176.1808,182.0,187.7,3585.0,5255536.0
2017-08-14,190.9,185.3,190.0,188.8,2526.0,3031209.0
2017-08-15,190.0,185.5,188.0,190.0,2959.0,4093642.0
2017-08-16,191.0,187.3,189.5,190.4,3405.0,3642494.0
2017-08-17,191.0,188.8,190.7,189.4,1609.0,2621648.0
2017-08-18,189.3,185.676,189.3,186.1,1706.0,1822044.0
2017-08-21,187.9,184.3,186.2,185.5,1831.0,2283325.0
2017-08-22,187.3,173.1,187.3,174.1,5493.0,6651273.0
2017-08-23,178.1,173.0,173.2,176.1,3564.0,3932954.0
2017-08-24,176.2,168.898,176.2,169.3,4767.0,5977680.0
2017-08-25,173.9,165.8,169.0,167.0,4020.0,6751073.0
2017-08-29,167.9,160.87,167.3,161.8,5250.0,6951735.0
2017-08-30,163.9,160.46,162.5,162.6,2367.0,2868490.0
2017-08-31,163.27,159.9606,162.6,160.0,1923.0,4025373.0
2017-09-01,162.8,158.4606,160.2,162.2,4609.0,8567887.0
2017-09-04,163.4,159.5,162.4,159.7,2146.0,2997474.0
2017-09-05,162.8,160.2,160.61,161.1,1784.0,7615532.0
2017-09-06,161.7,159.3,160.9,161.0,1856.0,2181338.0
2017-09-07,166.1,160.11,160.2,164.4,3277.0,4393022.0
2017-09-08,165.0,159.7,164.9,160.1,2032.0,2508727.0
2017-09-11,164.6,160.7,161.6,162.8,2332.0,3531690.0
2017-09-12,174.0,161.74699,170.1,168.4,4533.0,9389204.0
2017-09-13,169.6,163.9,169.6,164.2,2615.0,4137788.0
2017-09-14,170.3,163.0,165.0,167.5,3303.0,5366751.0
2017-09-15,169.9,164.8,169.39,166.5,3219.0,23901210.0
2017-09-18,176.1,166.2,167.4,170.1,2054.0,2840635.0
2017-09-19,172.22,166.7,170.5,168.0,2242.0,4237178.0
2017-09-20,169.64,166.5,168.3,168.5,1937.0,2376932.0
2017-09-21,169.82,165.4,167.9,166.5,2113.0,2102558.0
2017-09-22,167.7,164.96,166.5,166.8,1650.0,2682332.0
2017-09-25,169.9,166.9,166.9,167.7,1905.0,3146826.0
2017-09-26,169.1,146.2168,168.1,157.0,9877.0,20753557.0
2017-09-27,171.1,155.8,158.2,166.1,7216.0,15940379.0
2017-09-28,171.6,164.8,166.4,166.5,3866.0,5902042.0
2017-09-29,170.82,164.6,166.5,169.5,2536.0,26187970.0
2017-10-02,171.4,165.3,170.3,167.2,2631.0,7079391.0
2017-10-03,169.52,165.4984,168.1,165.5,2545.0,7068787.0
2017-10-04,166.925,161.072,165.1,162.7,3364.0,4734493.0
2017-10-05,162.7156,156.9,160.0,157.4,2544.0,5748882.0
2017-10-06,162.0,157.9,158.9,161.4,2859.0,3810498.0
2017-10-09,162.8,158.2,162.4,159.2,2019.0,2514387.0
2017-10-10,160.0,156.5,160.0,159.4,2035.0,12359491.0
2017-10-11,160.0,156.8,160.0,157.9,1685.0,2730976.0
2017-10-12,156.8,151.3,155.8,155.8,3420.0,6912436.0
2017-10-13,159.6,154.7525,155.8,159.2,2379.0,3763886.0
2017-10-16,160.2,158.1,159.9,159.0,2576.0,13218659.0
2017-10-17,160.0,157.9,159.4,158.9,2011.0,3041893.0
2017-10-18,160.5,158.3,159.5,160.5,1408.0,2813935.0
2017-10-19,161.5,159.3,160.3,160.7,2240.0,4746202.0
2017-10-20,160.5,159.2,160.5,160.0,1299.0,1769102.0
2017-10-23,160.4,158.6,160.0,160.0,2906.0,5646652.0
2017-10-24,160.48,157.6,159.4,159.9,2831.0,4298904.0
2017-10-25,167.5,159.1,159.1,167.3,3717.0,8392166.0
2017-10-26,171.7,166.2,167.4,169.5,4813.0,7570622.0
2017-10-27,171.0,167.9,169.2,169.3,3117.0,4809215.0
2017-10-30,171.5,167.5,169.3,170.5,2967.0,4580863.0
2017-10-31,172.7,167.7,169.4,171.3,2293.0,5055271.0
2017-11-01,176.0,170.1,171.8,173.0,3927.0,4615939.0
2017-11-02,174.91,167.9,174.2,169.7,2505.0,4135623.0
2017-11-03,170.6,167.0,170.6,167.4,1913.0,3194877.0
2017-11-06,167.9,162.262,166.0,165.5,2166.0,3379083.0
2017-11-07,165.5,162.1,165.5,163.1,1995.0,3597089.0
2017-11-08,164.5,160.7,163.8,164.4,1980.0,2777553.0
2017-11-09,164.5,161.2,164.5,164.0,2075.0,2778008.0
2017-11-10,164.5,160.4,164.5,163.1,1747.0,2443513.0
2017-11-13,163.2,157.7,162.0,158.7,2274.0,3284163.0
2017-11-14,160.0,156.7,158.6,158.7,1614.0,2065894.0
2017-11-15,159.8,154.9,159.8,155.8,2050.0,3308458.0
2017-11-16,157.1198,154.0,156.6,154.6,1125.0,1942296.0
2017-11-17,155.0,152.9,154.4,153.2,1624.0,2143968.0
2017-11-20,157.1,152.7,153.8,154.4,1982.0,2086735.0
2017-11-21,158.2,152.8,154.9,156.0,1926.0,3261450.0
2017-11-22,158.7,154.1,156.6,158.7,1686.0,2338113.0
2017-11-23,157.6,153.0,157.5,154.3,1656.0,2559407.0
2017-11-24,154.0,149.8,153.8,151.4,1516.0,2126590.0
2017-11-27,152.1,148.1,152.0,149.5,1403.0,2227565.0
2017-11-28,151.6,148.7,150.5,150.4,1694.0,2097764.0
2017-11-29,153.2,149.9,151.0,150.7,1707.0,4392660.0
2017-11-30,151.2,148.9,151.2,151.0,1695.0,6162571.0
2017-12-01,154.6,150.1,152.0,153.2,2364.0,4624312.0
2017-12-04,154.4,151.0,154.4,153.0,1449.0,1952145.0
2017-12-05,155.7,152.4,154.2,153.6,1616.0,4192728.0
2017-12-06,154.5,151.0,153.8,152.6,1890.0,2770550.0
2017-12-07,155.4,150.3,152.7,154.8,1954.0,3878295.0
2017-12-08,158.4,154.2,154.2,157.8,1819.0,3462779.0
2017-12-11,158.5,155.4,157.9,157.1,1075.0,2140320.0
2017-12-12,158.4,155.5,158.4,157.0,988.0,1798577.0
2017-12-13,157.7,151.0,157.7,151.7,2310.0,30187209.0
2017-12-14,155.6,150.4,150.9,154.5,2593.0,7247478.0
2017-12-15,154.8,152.4,153.7,154.7,2196.0,6765539.0
2017-12-18,159.0,153.8,155.1,157.3,2531.0,4058610.0
2017-12-19,164.7,157.0,158.3,161.0,2123.0,3897887.0
2017-12-20,165.1,161.5,161.7,164.4,2037.0,3249310.0
2017-12-21,169.1,162.9,165.0,168.0,2550.0,4908563.0
2017-12-22,173.8,168.0,168.7,173.0,2005.0,4131119.0
2017-12-27,174.5,169.2,173.2,172.7,1566.0,2494030.0
2017-12-28,173.8,172.2,172.5,172.2,649.0,1577397.0
2017-12-29,175.2,169.7,172.7,170.0,725.0,1430291.0
2018-01-02,179.3,169.0,169.0,176.55,2050.0,3174243.0
2018-01-03,177.75,167.2,177.75,167.2,2821.0,6915618.0
2018-01-04,168.0,162.0,167.65,164.25,2242.0,3668228.0
2018-01-05,167.6,162.1,164.3,164.45,1589.0,2812004.0
2018-01-08,166.65,163.9,164.9,163.9,1759.0,2617507.0
2018-01-09,165.2,160.05,163.85,162.5,2313.0,2962152.0
2018-01-10,163.15,159.0,163.15,159.0,995.0,1434134.0
2018-01-11,159.6,157.1,159.15,157.6,1549.0,3524859.0
2018-01-12,160.35,157.1,158.45,158.9,1177.0,2179543.0
2018-01-15,165.5,158.6,160.0,163.1,1232.0,1906628.0
2018-01-16,166.15,162.9,163.15,166.15,1112.0,1860200.0
2018-01-17,165.5,162.8,165.25,165.15,1298.0,1384985.0
2018-01-18,165.55,151.7,163.85,154.0,5220.0,8805424.0
2018-01-19,155.85,151.2,155.05,151.2,2373.0,2971224.0
2018-01-22,157.4,150.55,151.4,155.9,2389.0,3426954.0
2018-01-23,158.9,154.25,155.35,158.55,1489.0,2025931.0
2018-01-24,159.0,153.75,158.15,154.0,2921.0,2616358.0
2018-01-25,155.95,149.81,153.35,149.9,2036.0,3353865.0
2018-01-26,152.3,149.15,150.8,149.35,1893.0,4550093.0
2018-01-29,151.3,142.85,151.3,142.85,1956.0,4125595.0
2018-01-30,144.4,133.5,143.5,133.95,3633.0,5683356.0
2018-01-31,135.5,125.58,133.0,126.0,3811.0,6360089.0
2018-02-01,133.2,121.35,126.9,132.4,4499.0,5600516.0
2018-02-02,133.2,127.35,133.2,127.5,2562.0,3714731.0
2018-02-05,127.28,121.65,126.6,122.7,3711.0,4633636.0
2018-02-06,130.65,116.5,117.85,127.05,4575.0,12428095.0
2018-02-07,135.0,126.1,126.25,133.35,3073.0,5841343.0
2018-02-08,148.95,124.75,137.55,125.1,5612.0,7968570.0
2018-02-09,124.8,115.85,124.35,119.3,7935.0,9656962.0
2018-02-12,121.6,117.0,121.0,117.1,2895.0,6494254.0
2018-02-13,120.8,115.45,120.0,117.15,4308.0,4965445.0
2018-02-14,118.5,113.15,117.3,118.15,3111.0,4207500.0
2018-02-15,123.35,118.5,118.5,119.45,2941.0,4516450.0
2018-02-16,120.75,116.5,120.0,118.65,1552.0,2247643.0
2018-02-19,117.4168,112.05,114.85,114.5,2363.0,3720590.0
2018-02-20,116.8,111.9,113.65,116.3,1934.0,3823843.0
2018-02-21,100.0,81.1,100.0,83.58,11392.0,37471316.0
2018-02-22,90.1,82.5,84.36,88.0,6193.0,14551067.0
2018-02-23,90.8265,85.44,88.0,86.04,4056.0,8386075.0
2018-02-26,88.2,75.12,87.0,75.52,6846.0,17676842.0
2018-02-27,79.22,72.4642,76.4,73.48,5750.0,9305584.0
2018-02-28,81.04,72.2305,73.3,79.5,5277.0,11049453.0
2018-03-01,81.32,74.34,79.88,77.4,5640.0,11994110.0
2018-03-02,80.18,74.04,77.4,74.98,4953.0,20835775.0
2018-03-05,75.9,69.92,75.0,71.12,4609.0,8654319.0
2018-03-06,75.38,70.92,71.66,74.0,3001.0,8656569.0
2018-03-07,86.0,70.9636,74.0,85.36,5140.0,11876561.0
2018-03-08,84.68,77.18,84.68,79.96,3198.0,7214066.0
2018-03-09,87.6,79.66,80.0,83.22,3944.0,8772236.0
2018-03-12,84.01,79.0,83.84,79.82,1818.0,4833897.0
2018-03-13,81.68,78.9264,80.1,79.54,1408.0,4077490.0
2018-03-14,82.14,78.215,79.74,80.26,1080.0,3005288.0
2018-03-15,80.2,77.4,79.92,78.22,2095.0,7139128.0
2018-03-16,79.8,76.56,77.24,79.8,1392.0,23073670.0
2018-03-19,82.5,77.8,80.1,80.94,1210.0,3887569.0
2018-03-20,82.32,79.8,81.32,82.32,1185.0,4716220.0
2018-03-21,83.38,81.74,82.42,83.16,1038.0,2552461.0
2018-03-22,82.7174,78.82,82.66,79.26,1071.0,2102644.0
2018-03-23,82.2034,75.7664,79.3,81.38,1288.0,3672999.0
2018-03-26,81.5,79.4,81.38,80.0,573.0,1137851.0
2018-03-27,80.84,79.2689,80.0,80.1,1319.0,3039017.0
2018-03-28,80.96,79.34,80.88,80.0,715.0,1803498.0
2018-03-29,83.22,78.62,80.38,80.5,1742.0,7979884.0
2018-04-03,81.2656,78.86,80.62,79.78,1103.0,2741392.0
2018-04-04,80.72,77.76,80.34,80.54,1409.0,3775285.0
2018-04-05,87.2,81.08,81.42,86.7,1608.0,9508133.0
2018-04-06,95.5,86.0,87.0,94.6,2477.0,6857030.0
2018-04-09,94.6824,89.68,91.66,91.14,1768.0,3735143.0
2018-04-10,97.86,89.4768,92.0,97.86,1561.0,3591520.0
2018-04-11,103.5,95.0,97.84,100.8,2466.0,8436552.0
2018-04-12,106.15,101.0,101.05,105.5,1470.0,3575967.0
2018-04-13,112.9,103.45,106.4,112.0,3158.0,7891304.0
2018-04-16,114.4133,110.2,113.0,113.75,2967.0,6474750.0
2018-04-17,135.84,103.77,114.05,133.55,5694.0,14883391.0
2018-04-18,146.8,134.45,137.55,137.5,6871.0,13360459.0
2018-04-19,144.5,137.2,138.7,143.55,2559.0,4945919.0
2018-04-20,147.85,140.6,144.7,146.6,2950.0,4975951.0
2018-04-23,148.5,135.35,148.5,135.4,2874.0,5355986.0
2018-04-24,139.0242,129.35,135.25,136.6,3269.0,5664513.0
2018-04-25,139.06,132.15,138.05,134.15,1189.0,1971652.0
2018-04-26,140.35,133.4,134.55,138.8,1438.0,2032643.0
2018-04-27,142.3,136.94,137.8,138.6,1590.0,5097275.0
2018-04-30,140.4,136.05,138.95,136.05,1600.0,3290876.0
2018-05-01,137.8,134.56,137.05,137.6,991.0,2413615.0
2018-05-02,138.7,130.75,137.05,130.75,1507.0,11765839.0
2018-05-03,131.9,125.59,129.5,127.8,1782.0,4641289.0
2018-05-04,134.3,124.1,127.8,132.65,1335.0,2049510.0
2018-05-08,141.35,129.6,132.6,133.5,1514.0,2514190.0
2018-05-09,134.81,130.55,132.5,132.55,946.0,1730212.0
2018-05-10,138.25,132.41,133.0,134.85,787.0,1342019.0
2018-05-11,141.1299,134.15,137.0,136.3,858.0,1305871.0
2018-05-14,137.7,132.95,137.7,133.0,1274.0,2901198.0
2018-05-15,138.85,131.6375,132.3,134.2,898.0,1248041.0
2018-05-16,136.0,131.65,133.55,133.4,735.0,1272774.0
2018-05-17,139.0,131.6,131.6,136.6,2222.0,2831368.0
2018-05-18,138.45,134.75,135.95,136.0,735.0,6420844.0
2018-05-21,138.4,133.73,135.45,136.4,491.0,778434.0
2018-05-22,139.3,134.35,138.0,137.5,939.0,6380426.0
2018-05-23,139.25,133.5,138.0,136.75,745.0,1511025.0
2018-05-24,137.55,132.7,137.35,137.1,1038.0,1323204.0
2018-05-25,140.95,130.2,136.9,133.25,1450.0,2068382.0
2018-05-29,137.0,119.95,137.0,123.0,3253.0,6575966.0
2018-05-30,124.75,119.65,123.0,124.65,2588.0,5817797.0
2018-05-31,125.9,122.65,125.75,124.0,1042.0,2395580.0
2018-06-01,127.45,122.86,125.75,126.95,795.0,2738383.0
2018-06-04,128.15,121.75,128.15,123.1,897.0,2709450.0
2018-06-05,129.9,122.915,124.35,124.85,1524.0,7873348.0
2018-06-06,126.9,122.8,126.9,124.55,1000.0,1280758.0
2018-06-07,126.7,123.5,123.9,124.3,742.0,905385.0
2018-06-08,124.75,120.6,124.75,122.0,955.0,1450976.0
2018-06-11,127.15,120.1,122.0,126.15,1107.0,1578078.0
2018-06-12,130.35,124.9,127.25,130.05,1071.0,4354156.0
2018-06-13,134.8,129.4,129.4,131.5,2207.0,13853446.0
2018-06-14,137.95,129.75,131.05,137.65,2226.0,13906589.0
2018-06-15,138.3,131.67942,136.5,138.05,1358.0,10516910.0
2018-06-18,141.5,134.2,138.95,135.45,1310.0,1394329.0
2018-06-19,138.6237,130.8,135.3,137.4,1023.0,1366318.0
2018-06-20,140.0,133.4,140.0,139.45,1464.0,2044701.0
2018-06-21,139.95,132.0,139.95,133.6,1124.0,1303593.0
2018-06-22,137.8,131.3,134.55,134.8,1226.0,17523835.0
2018-06-25,135.0,128.9,135.0,132.4,1249.0,1780899.0
2018-06-26,136.1,128.45,131.5,129.25,1166.0,1465010.0
2018-06-27,130.32,126.0,130.32,127.8,1457.0,1859939.0
2018-06-28,131.9,125.05,128.65,126.25,1029.0,1822497.0
2018-06-29,127.2,123.8,125.8,124.15,1520.0,2381425.0
2018-07-02,129.7,122.124,122.2,124.85,974.0,1633789.0
2018-07-03,125.25,120.95,125.15,121.85,1222.0,2007709.0
2018-07-04,125.5,119.4,122.2,121.5,1201.0,2802137.0
2018-07-05,128.55,120.3,120.3,126.3,1290.0,1768037.0
2018-07-06,127.4,121.75,126.25,123.55,735.0,1713371.0
2018-07-09,126.8,122.75,123.65,126.45,851.0,1060479.0
2018-07-10,129.9,123.95,127.15,123.95,863.0,1745595.0
2018-07-11,125.8,121.25,124.8,125.1,1325.0,2089165.0
2018-07-12,126.5,122.9,125.1,124.2,465.0,563575.0
2018-07-13,127.45,123.85,124.87,124.35,927.0,1080087.0
2018-07-16,125.35,116.2,125.35,119.0,3175.0,3906030.0
2018-07-17,119.35,114.25,118.05,115.7,2112.0,3044344.0
2018-07-18,118.3,112.6,117.1,114.1,2026.0,2403514.0
2018-07-19,115.0,106.8,114.35,107.85,2322.0,4498121.0
2018-07-20,113.65,106.5,106.7,113.3,2417.0,6040421.0
2018-07-23,114.45,107.75,112.65,110.95,1530.0,3225014.0
2018-07-24,115.45,109.08,110.1,114.55,1116.0,1313758.0
2018-07-25,116.9,112.85,115.35,112.85,673.0,995211.0
2018-07-26,116.4,110.86,114.1,115.05,688.0,1040536.0
2018-07-27,117.45,112.5,112.5,116.65,872.0,1706181.0
2018-07-30,118.1,114.65,117.2,115.15,664.0,961908.0
2018-07-31,116.75,112.0,114.6,112.0,1247.0,2039649.0
2018-08-01,113.95,111.15,111.25,113.0,1237.0,2374420.0
2018-08-02,113.55,109.45,113.05,109.45,1144.0,1616829.0
2018-08-03,111.35,107.7909,109.6,109.2,1381.0,2404718.0
2018-08-06,114.7,107.7,109.7,111.1,719.0,1120613.0
2018-08-07,113.25,109.55,111.3,110.75,770.0,1802329.0
2018-08-08,115.5,110.0,111.5,114.2,800.0,1561550.0
2018-08-09,118.6,114.35,118.6,116.7,851.0,1226429.0
2018-08-10,117.65,114.45,116.77,115.1,863.0,986897.0
2018-08-13,119.0,112.85,116.8,117.9,1373.0,2008506.0
2018-08-14,120.35,114.75,117.4,114.75,1062.0,1355876.0
2018-08-15,116.5,111.05,116.5,112.65,634.0,1032891.0
2018-08-16,117.95,111.55,115.75,116.6,739.0,1096041.0
2018-08-17,118.5,110.75,118.5,112.5,1125.0,1757392.0
2018-08-20,115.0,109.05,109.05,112.0,704.0,1065700.0
2018-08-21,115.35,110.65,110.65,114.4,904.0,1281385.0
2018-08-22,118.151,114.22,115.55,114.35,1058.0,1660977.0
2018-08-23,116.15,112.65,114.6,113.0,528.0,912361.0
2018-08-24,115.85,113.0,113.0,113.4,885.0,1130974.0
2018-08-28,117.25,113.9,114.0,115.55,1355.0,1449892.0
2018-08-29,115.95,112.3401,115.95,113.3,886.0,1172407.0
2018-08-30,114.3,110.4,113.55,112.0,1072.0,1574462.0
2018-08-31,115.75,109.05,109.05,111.5,1256.0,2177932.0
2018-09-03,111.42,109.05,109.05,109.8,812.0,2898880.0
2018-09-04,113.45,108.85,113.45,110.0,1483.0,4553712.0
2018-09-05,113.0,109.2,110.0,111.3,1003.0,1659965.0
2018-09-06,112.55,107.6,108.3,112.55,1053.0,1912724.0
2018-09-07,112.5,109.75,111.35,111.75,540.0,1015762.0
2018-09-10,115.2,111.4,111.4,113.45,1092.0,1412371.0
2018-09-11,119.5,110.7,110.7,117.75,1123.0,2130914.0
2018-09-12,117.61,112.53,116.5,113.85,769.0,1404423.0
2018-09-13,116.35,112.8,115.2,113.0,865.0,1071747.0
2018-09-14,116.1,112.1875,113.0,114.75,583.0,828210.0
2018-09-17,117.7,114.5,114.95,116.2,923.0,985219.0
2018-09-18,120.6,116.5,117.7,118.05,1602.0,2052375.0
2018-09-19,122.75,118.2,119.55,122.25,1289.0,1989589.0
2018-09-20,123.95,121.85,123.15,123.4,908.0,1136583.0
2018-09-21,125.3,121.22,122.2,125.3,680.0,2226763.0
2018-09-24,127.4,124.5,125.45,124.9,1284.0,1415574.0
2018-09-25,125.3,119.4,124.45,119.5,1207.0,1400838.0
2018-09-26,119.3,101.75,119.0,103.15,5512.0,9740230.0
2018-09-27,105.81,100.5,103.65,102.3,2991.0,5469230.0
2018-09-28,101.8837,91.2,100.15,97.0,3538.0,7651657.0
2018-10-01,100.5,94.78,97.76,99.68,1984.0,3786379.0
2018-10-02,100.6,94.12,99.7,94.12,1874.0,4368174.0
2018-10-03,97.0,93.14,93.92,94.52,1367.0,2263160.0
2018-10-04,98.4,92.0,92.0,96.86,2159.0,3080316.0
2018-10-05,99.2,93.94,99.2,97.7,1355.0,1969443.0
2018-10-08,101.25,97.42,98.3244,100.4,1531.0,1910534.0
2018-10-09,102.1,97.46,99.22,99.5,1168.0,1779276.0
2018-10-10,103.2,98.3,98.3,98.88,945.0,1290878.0
2018-10-11,100.9,95.86,98.32,98.42,1332.0,4104557.0
2018-10-12,103.1,98.18,98.18,99.54,945.0,1403061.0
2018-10-15,103.8,98.62,99.0,102.15,964.0,1853539.0
2018-10-16,106.3,101.35,101.35,104.8,934.0,2003468.0
2018-10-17,108.7,104.3,104.95,106.6,1143.0,2188792.0
2018-10-18,107.5,104.3,107.45,104.9,804.0,1272426.0
2018-10-19,105.5,99.5,104.0,99.74,997.0,1866968.0
2018-10-22,102.6,99.0,100.5,100.3,856.0,1151997.0
2018-10-23,100.7,97.44,99.1,97.64,1656.0,2498889.0
2018-10-24,100.25,97.48,99.38,98.62,1110.0,1757789.0
2018-10-25,103.95,97.2,100.1,103.75,1052.0,1364782.0
2018-10-26,104.354,100.0,102.15,100.5,1013.0,1596008.0
2018-10-29,103.9,100.75,100.75,101.35,804.0,1265482.0
2018-10-30,104.15,98.48,100.35,103.2,919.0,1796157.0
2018-10-31,107.75,100.0,103.2,100.1,1105.0,2140761.0
2018-11-01,105.4,99.36,99.36,105.4,1496.0,2170401.0
2018-11-02,111.55,106.0,108.8,106.15,1191.0,2481311.0
2018-11-05,108.5,106.1323,107.0,107.35,769.0,878328.0
2018-11-06,109.6,105.15,106.6,105.65,1043.0,1249086.0
2018-11-07,109.8,106.05,106.4,108.4,696.0,856931.0
2018-11-08,112.3,107.4298,109.0,108.4,882.0,1035575.0
2018-11-09,104.75,98.44,103.85,100.25,3042.0,5471337.0
2018-11-12,101.95,92.84,101.7,93.48,2101.0,4130368.0
2018-11-13,96.92,93.0,93.0,96.3,748.0,1184831.0
2018-11-14,99.96,95.0,95.0,98.04,857.0,1439224.0
2018-11-15,99.98,95.02,99.98,98.84,1049.0,1256185.0
2018-11-16,101.3,94.08,99.46,94.08,852.0,1623671.0
2018-11-19,96.94,93.42,93.86,93.42,711.0,1085347.0
2018-11-20,93.3672,89.42,93.0,90.08,1807.0,3669233.0
2018-11-21,94.94,88.02,88.96,93.3,1282.0,1541462.0
2018-11-22,95.28,92.7,92.84,93.8,533.0,621672.0
2018-11-23,95.24,91.48,93.12,94.22,444.0,651840.0
2018-11-26,96.92,91.32,91.32,95.94,697.0,1049333.0
2018-11-27,96.02,93.12,95.1,93.22,1233.0,2790715.0
2018-11-28,95.46,92.36,92.92,93.0,1019.0,1355240.0
2018-11-29,97.16,94.12,94.12,94.14,1117.0,1668616.0
2018-11-30,95.28,89.42,93.6,92.0,1116.0,3825448.0
2018-12-03,94.16,89.5364,92.36,90.86,1157.0,1989612.0
2018-12-04,91.28,83.0,90.88,83.5,1109.0,2397051.0
2018-12-05,86.64,81.5,86.08,86.64,1323.0,2578404.0
2018-12-06,88.0,81.08,88.0,82.3,1211.0,2226679.0
2018-12-07,85.46,83.0,83.0,84.02,985.0,1351761.0
2018-12-10,87.66,77.78,87.66,80.0,766.0,1513012.0
2018-12-11,82.42,77.5,82.42,79.52,1190.0,2284817.0
2018-12-12,83.0,78.39,83.0,79.54,1850.0,3058681.0
2018-12-13,83.18,79.0,79.0,82.0,1424.0,2410840.0
2018-12-14,82.0,79.44,81.0,79.8,1289.0,2952856.0
2018-12-17,80.0,77.1,80.0,77.12,1134.0,1834253.0
2018-12-18,82.32,74.02,74.02,81.54,2251.0,3022788.0
2018-12-19,83.0,75.5,83.0,75.76,1373.0,2059589.0
2018-12-20,77.3,69.4,75.46,70.58,1910.0,3608489.0
2018-12-21,72.74,66.72,71.46,66.72,1829.0,15072464.0
2018-12-24,71.3,66.234,66.72,69.28,375.0,959645.0
2018-12-27,70.5288,66.7,66.7,68.76,447.0,935008.0
2018-12-28,72.5,68.66,70.1,71.7,907.0,1739303.0
2018-12-31,75.36,70.2776,71.0,75.0,508.0,2269537.0
2019-01-02,75.696,70.06,75.0,73.62,1175.0,2364878.0
2019-01-03,76.98,70.16,74.4,71.46,1166.0,12603449.0
2019-01-04,75.0,70.96,71.6,73.0,1049.0,1868426.0
2019-01-07,75.58,73.68,75.18,75.52,760.0,1215193.0
2019-01-08,76.26,73.4606,75.8,75.26,555.0,1010281.0
2019-01-09,77.52,74.46,75.8,74.86,1134.0,1624305.0
2019-01-10,77.28,73.58,77.28,74.38,720.0,1241133.0
2019-01-11,77.76,74.84,77.66,76.28,710.0,1435354.0
2019-01-14,77.28,74.64,75.0,75.0,338.0,523695.0
2019-01-15,74.48,71.0,73.0,71.96,602.0,1129730.0
2019-01-16,74.32,69.18,69.18,73.06,634.0,1639451.0
2019-01-17,74.82,71.02,71.02,73.2,549.0,1547574.0
2019-01-18,79.38,70.54,70.54,76.02,1126.0,1621895.0
2019-01-21,76.84,74.9382,76.02,75.12,447.0,628606.0
2019-01-22,79.08,74.74,74.74,77.24,776.0,981884.0
2019-01-23,78.16,75.76,78.16,75.82,513.0,739441.0
2019-01-24,79.4984,75.94,76.38,78.5,642.0,1002359.0
2019-01-25,83.2,77.64,80.0,79.96,775.0,2872048.0
2019-01-28,80.42,78.02,79.44,79.0,421.0,671820.0
2019-01-29,83.68,77.44,77.44,80.8,669.0,1114089.0
2019-01-30,86.22,78.0,78.0,84.28,955.0,1697561.0
2019-01-31,85.9338,83.48,83.5,83.48,540.0,918099.0
2019-02-01,85.86,82.78,82.9,85.0,681.0,1057352.0
2019-02-04,86.52,82.48,85.0,83.96,704.0,1025417.0
2019-02-05,86.0,81.86,86.0,82.5,604.0,917870.0
2019-02-06,86.7,81.12,81.12,85.22,636.0,1014137.0
2019-02-07,88.38,81.5,81.5,86.0,1055.0,1897085.0
2019-02-08,87.56,84.4394,86.0,86.26,758.0,1247479.0
2019-02-11,92.48,85.6,87.0,91.8,738.0,1439716.0
2019-02-12,93.96,86.74,87.26,91.9,1311.0,2303560.0
2019-02-13,99.34,88.08,88.08,98.14,749.0,1642034.0
2019-02-14,99.9096,92.24,95.4,92.86,1384.0,7091229.0
2019-02-15,95.9,89.54,95.9,92.16,519.0,825362.0
2019-02-18,93.44,89.0,89.0,93.0,412.0,1834254.0
2019-02-19,94.0,91.9228,93.0,93.92,416.0,872959.0
2019-02-20,93.5,90.08,90.08,91.7,588.0,1961614.0
2019-02-21,93.42,91.0,93.42,91.86,1087.0,1542032.0
2019-02-22,93.2,90.0,92.08,92.28,983.0,1765938.0
2019-02-25,92.69,90.0,92.4,90.0,433.0,2640367.0
2019-02-26,92.66,88.52,88.52,90.8,575.0,1019364.0
2019-02-27,93.98,90.48,90.48,91.28,501.0,2147845.0
2019-02-28,91.58,89.1,89.1,90.2,708.0,1819887.0
2019-03-01,94.78,89.92,93.0,93.94,665.0,2196605.0
2019-03-04,97.42,90.9,90.9,96.84,644.0,1172896.0
2019-03-05,97.9515,93.06,93.06,96.4,1117.0,1425342.0
2019-03-06,97.76,93.56,93.56,95.42,578.0,1049952.0
2019-03-07,95.24,91.18,91.84,91.7,442.0,792616.0
2019-03-08,94.06,89.82,94.06,91.0,435.0,849609.0
2019-03-11,92.66,91.32,91.96,92.18,571.0,644507.0
2019-03-12,93.86,91.5,92.96,92.08,424.0,659096.0
2019-03-13,94.18,90.0,90.0,92.68,436.0,579797.0
2019-03-14,96.02,89.6,89.6,95.5,502.0,847187.0
2019-03-15,99.34,94.82,95.74,97.4,772.0,1887002.0
2019-03-18,98.44,96.4,97.0,96.86,473.0,878863.0
2019-03-19,97.82,95.84,96.58,97.3,492.0,933157.0
2019-03-20,99.0,94.4,99.0,95.28,413.0,1095108.0
2019-03-21,98.1,91.92612,98.1,94.16,435.0,668840.0
2019-03-22,97.72,93.0,97.72,94.02,745.0,1248715.0
2019-03-25,95.14,92.72,92.72,93.26,635.0,902247.0
2019-03-26,95.0,91.36,94.24,94.62,723.0,1037409.0
2019-03-27,95.26,91.7,92.78,93.3,808.0,1226072.0
2019-03-28,94.52,89.98,91.72,91.32,749.0,1060863.0
2019-03-29,94.92,90.268,94.92,91.0,676.0,2221356.0
2019-04-01,92.0,88.8531,91.4,91.5,723.0,1324893.0
2019-04-02,95.2,90.25,95.2,90.3,452.0,710733.0
2019-04-03,94.85,90.9,91.0,91.0,1124.0,2397397.0
2019-04-04,93.1,86.8385,90.207,88.5,1520.0,1979533.0
2019-04-05,92.05,82.8,92.05,82.8,632.0,1213935.0
2019-04-08,87.15,82.0,87.15,83.35,770.0,1390034.0
2019-04-09,84.9,79.75,81.0,80.4,752.0,1273979.0
2019-04-10,83.3,79.95,82.6,81.95,854.0,2462288.0
2019-04-11,85.0,81.5,85.0,82.4,393.0,514816.0
2019-04-12,85.0,81.9,85.0,83.1,331.0,538348.0
2019-04-15,84.7,82.1,84.7,83.25,463.0,587670.0
2019-04-16,83.85,80.35,80.35,83.3,475.0,579308.0
2019-04-17,84.5,81.1,82.45,81.55,661.0,1044217.0
2019-04-18,82.1,80.7,81.8,81.35,324.0,662646.0
2019-04-23,83.4,80.1,83.4,81.85,371.0,605873.0
2019-04-24,84.55,80.0,80.0,81.95,380.0,655933.0
2019-04-25,85.0,80.2,85.0,81.4,397.0,674300.0
2019-04-26,85.0,78.7,85.0,79.8,482.0,931512.0
2019-04-29,79.85,76.1,78.5,76.6,790.0,1305012.0
2019-04-30,77.2,72.5,77.2,74.15,1143.0,2134503.0
2019-05-01,75.65,71.1244,75.6,74.2,226.0,1514991.0
2019-05-02,76.1,72.45,75.5,73.45,556.0,1150031.0
2019-05-03,75.0,72.3,75.0,74.2,570.0,1287221.0
2019-05-07,74.85,73.55,74.2,74.1,304.0,547120.0
2019-05-08,77.05,72.25,77.05,72.5,488.0,1113731.0
2019-05-09,70.4758,68.55,70.0,69.0,546.0,1711121.0
2019-05-10,70.225,68.5,68.5,68.75,487.0,864888.0
2019-05-13,70.0,67.2,70.0,67.6,693.0,1490143.0
2019-05-14,69.45,67.925,68.25,68.75,266.0,795175.0
2019-05-15,70.0,67.7,70.0,67.7,456.0,780955.0
2019-05-16,68.1,66.0,67.7,66.8,419.0,1547886.0
2019-05-17,67.567,66.05,66.5,67.1,449.0,895645.0
2019-05-20,68.5,64.05,68.5,64.7,420.0,771583.0
2019-05-21,66.65,63.75,64.55,66.3,413.0,876161.0
2019-05-22,67.7,61.5,65.5,61.85,579.0,1424102.0
2019-05-23,62.023,58.25,61.85,59.65,668.0,2237489.0
2019-05-24,61.8699,57.8,61.4,58.0,426.0,1214634.0
2019-05-28,60.4,58.05,60.0,59.4,423.0,1340790.0
2019-05-29,59.2,57.2,59.0,57.5,380.0,834451.0
2019-05-30,59.0,56.15,58.9,56.45,341.0,1022410.0
2019-05-31,56.359,54.0502,56.25,54.5,915.0,2536375.0
2019-06-03,56.25,49.5792,56.25,52.6,726.0,3126674.0
2019-06-04,54.6153,52.55,53.3,54.2,520.0,996698.0
2019-06-05,57.2,53.55,55.94,53.6,264.0,700962.0
2019-06-06,53.79,51.3042,53.5,52.25,494.0,2171685.0
2019-06-07,52.55,50.45,52.55,50.65,335.0,1082392.0
2019-06-10,55.1,46.9999,50.2,52.15,884.0,2828786.0
2019-06-11,53.844,51.0,51.0,52.9,842.0,1500566.0
2019-06-12,54.15,51.85,54.15,52.8,436.0,1220131.0
2019-06-13,52.5,51.134,51.4,52.15,369.0,794913.0
2019-06-14,52.5,50.4151,52.15,51.05,402.0,1856896.0
2019-06-17,51.35,50.38,51.05,50.75,576.0,2560010.0
2019-06-18,52.45,50.0,50.0,50.55,311.0,1232307.0
2019-06-19,52.1,49.38,52.1,49.92,471.0,1576589.0
2019-06-20,50.415,49.0,50.0,49.5,444.0,1703582.0
2019-06-21,51.05,47.76,47.76,50.05,314.0,3094642.0
2019-06-24,52.0,48.24,52.0,48.46,218.0,843894.0
2019-06-25,49.0928,46.4,48.02,46.9,783.0,2257424.0
2019-06-26,48.18,46.5482,48.0,47.7,323.0,720350.0
2019-06-27,49.16,47.7901,47.88,48.92,317.0,1193761.0
2019-06-28,48.7,47.0395,48.1021,48.22,308.0,1037995.0
2019-07-01,47.74,44.98,47.5,46.18,682.0,2216403.0
2019-07-02,49.1223,45.136,46.88,48.2,475.0,1693888.0
2019-07-03,51.15,48.06,49.42,50.9,456.0,1721168.0
2019-07-04,52.2,50.25,51.93,50.85,480.0,1496770.0
2019-07-05,52.5,49.88,52.5,50.35,217.0,574470.0
2019-07-08,52.5,47.86,52.5,47.86,279.0,979025.0
2019-07-09,50.05,46.16,48.2202,47.0,285.0,1247548.0
2019-07-10,49.16,46.3,48.8,47.66,302.0,613471.0
2019-07-11,48.86,46.5,48.86,48.42,212.0,633916.0
2019-07-12,50.8059,46.52,46.52,49.9,856.0,2163500.0
2019-07-15,52.0,49.0,52.0,49.54,202.0,371351.0
2019-07-16,50.7,47.7,49.26,49.2,136.0,621504.0
2019-07-17,50.85,48.14,49.0,48.56,225.0,559457.0
2019-07-18,51.0,48.56,48.56,50.1,262.0,713070.0
2019-07-19,51.8,48.5,48.5,50.05,179.0,428459.0
2019-07-22,52.1,49.04,52.1,49.54,171.0,481742.0
2019-07-23,50.85,47.04,50.85,48.08,247.0,650563.0
2019-07-24,48.98,47.24,48.68,48.64,120.0,228903.0
2019-07-25,51.75,48.64,48.64,51.0,261.0,672471.0
2019-07-26,53.25,48.18,51.7,52.35,278.0,709384.0
2019-07-29,53.1,50.5,53.0,52.2,160.0,404639.0
2019-07-30,53.75,49.58,53.75,50.4,178.0,440537.0
2019-07-31,50.9,48.64,50.0,49.96,213.0,5696771.0
2019-08-01,52.0,50.2401,50.7,52.0,201.0,434342.0
2019-08-02,53.05,50.55,52.75,50.65,225.0,670444.0
2019-08-05,51.45,49.0,49.7824,50.75,160.0,492113.0
2019-08-06,52.0,48.56,48.56,50.75,264.0,862776.0
2019-08-07,51.4,49.42,49.52,50.15,213.0,541516.0
2019-08-08,53.8651,50.957,50.957,52.95,221.0,806851.0
2019-08-09,54.4,50.2,52.75,52.6,281.0,1067767.0
2019-08-12,54.75,51.65,51.65,54.65,116.0,417342.0
2019-08-13,58.5,52.3,55.0,57.4,355.0,1290374.0
2019-08-14,57.8118,54.95,57.4,56.6,369.0,809447.0
2019-08-15,56.45,54.0,54.156,55.2,351.0,754316.0
2019-08-16,57.7,52.5,54.95,52.5,226.0,614543.0
2019-08-19,56.0,51.05,51.05,55.2,64.0,208083.0
2019-08-20,58.53,55.5,55.5,57.55,214.0,635965.0
2019-08-21,59.0,55.9556,57.0,58.0,310.0,839690.0
2019-08-22,60.0,56.3,56.3,57.8,190.0,524009.0
2019-08-23,58.0,56.65,57.825,57.25,110.0,233508.0
2019-08-27,58.4,55.05,56.0,55.95,165.0,597704.0
2019-08-28,57.0,51.5027,55.4401,53.55,292.0,911892.0
2019-08-29,54.9,52.85,54.9,54.3,102.0,212804.0
2019-08-30,56.8,53.7,55.0,55.75,172.0,598810.0
2019-09-02,58.05,54.25,56.66,55.7,124.0,266277.0
2019-09-03,55.85,53.8002,53.8002,55.1,124.0,257437.0
2019-09-04,55.95,53.55,55.63,55.6,106.0,315296.0
2019-09-05,57.95,53.8,57.05,57.3,188.0,935483.0
2019-09-06,58.1,54.95,55.8,56.75,156.0,661571.0
2019-09-09,57.9,55.45,56.45,57.55,275.0,762851.0
2019-09-10,59.821,54.0736,57.85,59.25,682.0,5295814.0
2019-09-11,62.65,56.75,60.95,59.65,461.0,1626293.0
2019-09-12,62.95,60.0,60.0,60.5,238.0,843637.0
2019-09-13,66.55,60.55,62.2,65.7,355.0,797929.0
2019-09-16,70.55,65.6566,68.0,68.0,412.0,1187151.0
2019-09-17,69.705,65.47,69.705,67.5,324.0,572203.0
2019-09-18,69.0,65.0,69.0,66.2,222.0,615791.0
2019-09-19,67.6239,63.5,66.0,64.25,337.0,591540.0
2019-09-20,67.3,62.364,62.364,66.2,323.0,1336088.0
2019-09-23,69.62,66.095,66.8,69.0,526.0,1257198.0
2019-09-24,71.0,67.5,67.5,68.6,471.0,1526672.0
2019-09-25,70.35,64.5551,70.35,64.7,243.0,1121212.0
2019-09-26,74.0,61.1,65.612,61.1,641.0,2432466.0
2019-09-27,64.7,61.0,64.7,61.4,356.0,1256849.0
2019-09-30,62.75,59.5046,62.4,60.0,344.0,917871.0
2019-10-01,61.694,59.2,61.15,59.35,230.0,588297.0
2019-10-02,59.562,55.5,57.88,55.5,217.0,701209.0
2019-10-03,55.4,51.25,55.0,52.6,279.0,810616.0
2019-10-04,53.0,48.7,53.0,49.52,440.0,1560388.0
2019-10-07,51.3519,47.94,49.98,49.24,308.0,1155908.0
2019-10-08,49.04,46.28,49.0,47.82,313.0,2158492.0
2019-10-09,47.66,44.82,47.0,45.5,534.0,1856689.0
2019-10-10,46.08,44.24,45.0,45.0,418.0,6250821.0
2019-10-11,47.4147,44.5,45.5,46.18,768.0,4600162.0
2019-10-14,46.72,44.5,46.0,45.0,337.0,1073884.0
2019-10-15,46.54,44.5,46.0,45.8,336.0,1117095.0
2019-10-16,47.44,45.634,46.82,47.0,476.0,2493840.0
2019-10-17,48.6,46.12,47.5,47.1,267.0,1049096.0
2019-10-18,48.04,46.48,46.5,46.98,245.0,940555.0
2019-10-21,48.04,45.6729,48.04,46.5,368.0,1214331.0
2019-10-22,47.49,45.929,46.96,46.36,189.0,667261.0
2019-10-23,47.0,46.0,47.0,46.4,177.0,1123556.0
2019-10-24,47.96,45.96,45.96,47.0,201.0,743080.0
2019-10-25,47.3,45.74,47.3,46.0,140.0,667834.0
2019-10-28,47.5,45.52,47.5,45.58,97.0,485541.0
2019-10-29,47.0,45.1,47.0,46.0,132.0,415670.0
2019-10-30,47.4,44.6314,47.4,45.06,139.0,705403.0
2019-10-31,47.1,44.0,44.0,44.1,196.0,1136612.0
2019-11-01,46.0,44.0,45.2,44.38,210.0,721859.0
2019-11-04,44.88,42.62,43.8,43.34,331.0,944149.0
2019-11-05,45.64,43.2,43.359,44.8,300.0,1434153.0
2019-11-06,45.74,44.28,45.3193,44.7,183.0,639411.0
2019-11-07,46.36,44.0,44.97,45.0,203.0,902465.0
2019-11-08,47.4999,45.0,45.0,46.7,275.0,1442841.0
2019-11-11,47.66,44.82,44.82,46.0,229.0,1068521.0
2019-11-12,50.0,44.14,44.14,50.0,499.0,2679692.0
2019-11-13,49.28,47.0745,49.0,48.12,303.0,739325.0
2019-11-14,48.62,46.4,48.62,46.74,182.0,683203.0
2019-11-15,48.46,47.02,48.2736,47.48,129.0,527292.0
2019-11-18,48.0,46.06,46.52,47.0,205.0,777286.0
2019-11-19,48.2,47.0,48.2,47.44,209.0,718127.0
2019-11-20,47.419,46.5,47.419,46.9,87.0,328386.0
2019-11-21,47.88,45.95,47.88,46.72,148.0,347243.0
2019-11-22,48.02,45.72,48.02,45.88,184.0,706199.0
2019-11-25,46.96,44.84,45.38,44.84,207.0,526316.0
2019-11-26,46.58,43.04,46.58,43.24,320.0,1532612.0
2019-11-27,44.6415,43.0,43.0,43.9,162.0,533152.0
2019-11-28,45.0,43.0,45.0,43.24,244.0,711329.0
2019-11-29,45.0,42.5,43.2,42.5,222.0,1060207.0
2019-12-02,43.48,41.3,43.0,41.72,234.0,1196942.0
2019-12-03,42.31,40.5,41.9,41.36,205.0,811714.0
2019-12-04,41.96,40.66,41.0,41.52,330.0,975937.0
2019-12-05,43.46,41.5,41.5,43.46,118.0,459024.0
2019-12-06,43.84,42.64,43.34,43.56,229.0,484658.0
2019-12-09,44.12,42.12,43.32,42.7,315.0,791260.0
2019-12-10,43.76,42.72,42.722,43.48,175.0,434758.0
2019-12-11,51.435,41.28,44.3,50.5,937.0,6477535.0
2019-12-12,53.35,49.08,50.5,49.08,511.0,2113539.0
2019-12-13,54.9,49.51,49.51,52.35,638.0,1939156.0
2019-12-16,54.5,50.04,52.97,53.75,475.0,1311974.0
2019-12-17,55.0,52.2,55.0,52.55,307.0,794106.0
2019-12-18,53.95,51.24,52.82,52.55,271.0,596989.0
2019-12-19,54.21749,52.0001,53.4,53.05,159.0,536388.0
2019-12-20,54.2,52.7675,54.0,54.0,300.0,1087373.0
2019-12-23,56.7,51.5,51.5,56.2,258.0,582971.0
2019-12-24,57.3811,53.49,53.5,55.6,129.0,716375.0
2019-12-27,58.2,54.19,57.0,57.5,193.0,596761.0
2019-12-30,59.502,56.04,57.5,58.6,245.0,656739.0
2019-12-31,58.9,55.99,58.02,58.15,117.0,376383.0
2020-01-02,59.42,57.0,57.0,58.0,281.0,1017562.0
2020-01-03,59.0,55.0,57.0,56.5,291.0,708987.0
2020-01-06,56.611,53.7949,56.5,55.0,179.0,560614.0
2020-01-07,57.8,54.1307,57.4,57.4,207.0,536920.0
2020-01-08,59.4959,54.46,58.5,59.3,411.0,1211881.0
2020-01-09,59.9399,57.5501,59.3,59.45,315.0,814241.0
2020-01-10,60.25,57.25,59.8,58.5,201.0,387040.0
2020-01-13,61.66,57.455,61.65,59.95,382.0,966966.0
2020-01-14,62.01,58.85,62.01,59.15,202.0,422924.0
2020-01-15,60.05,56.25,58.65,56.6,269.0,499518.0
2020-01-16,59.36,54.2,59.36,55.3,280.0,587726.0
2020-01-17,58.15,54.4,57.532,55.95,299.0,422429.0
2020-01-20,56.0,54.1,56.0,55.15,96.0,97036.0
2020-01-21,58.71,54.0242,54.88,54.45,289.0,794402.0
2020-01-22,56.4375,53.05,54.05,53.05,284.0,573111.0
2020-01-23,55.56,51.55,55.56,51.55,77.0,312871.0
2020-01-24,54.05,51.41,52.0,52.55,117.0,222756.0
2020-01-27,54.0,50.0,51.3,50.0,172.0,344025.0
2020-01-28,52.95,49.2,52.95,49.32,290.0,627522.0
2020-01-29,49.94,48.82,49.823,49.74,183.0,419233.0
2020-01-30,51.0,47.1,51.0,47.66,250.0,570234.0
2020-01-31,49.689,47.56,47.8,47.8,124.0,339257.0
2020-02-03,49.7,46.0,47.72,47.14,264.0,1009482.0
2020-02-04,47.79,46.06,47.79,46.9,293.0,628038.0
2020-02-05,47.12,43.56,47.12,44.0,584.0,3313972.0
2020-02-06,45.8,42.7,45.8,43.8,309.0,1221606.0
2020-02-07,45.8,42.2544,45.8,42.7,336.0,1482408.0
2020-02-10,45.815,42.68,45.74,45.1,320.0,2505884.0
2020-02-11,49.0,45.66,47.5,45.98,507.0,2807699.0
2020-02-12,49.44,45.7367,48.18,46.5,467.0,1732643.0
2020-02-13,48.72,44.5,48.72,45.5,465.0,1102612.0
2020-02-14,45.8142,44.0,45.5,44.92,295.0,947961.0
2020-02-17,45.78,43.04,44.0,43.98,563.0,984913.0
2020-02-18,45.444,42.5612,45.444,43.28,188.0,402751.0
2020-02-19,45.15,42.4605,44.24,43.82,272.0,754080.0
2020-02-20,46.407,43.28,43.52,46.0,388.0,1450536.0
2020-02-21,48.2,45.0,47.0,48.12,344.0,1002831.0
2020-02-24,49.0,45.38,48.78,48.74,462.0,1392994.0
2020-02-25,49.96,46.72,49.0,47.0,442.0,862257.0
2020-02-26,48.5,43.36,48.5,45.5,499.0,1380509.0
2020-02-27,47.38,42.4,47.38,43.48,707.0,1793326.0
2020-02-28,44.0,40.52,42.12,43.82,560.0,1363502.0
2020-03-02,46.34,41.0,46.34,44.14,506.0,1145971.0
2020-03-03,45.78,42.24,42.24,43.74,328.0,591668.0
2020-03-04,44.82,41.5,42.7,42.2,352.0,964898.0
2020-03-05,43.48,39.28,43.48,40.1,521.0,1848234.0
2020-03-06,42.1,35.66,42.1,37.7,431.0,1304258.0
2020-03-09,36.1399,31.4948,33.94,34.44,800.0,3010470.0
2020-03-10,37.96,34.1,34.44,36.32,677.0,1758270.0
2020-03-11,38.18,33.68,37.4,33.68,453.0,1311796.0
2020-03-12,33.42,28.12,33.42,30.8,1220.0,3596010.0
2020-03-13,32.44,28.64,32.3,29.7,466.0,1418280.0
2020-03-16,29.5842,23.68,28.38,26.8,360.0,1753678.0
2020-03-17,27.58,20.04,27.58,21.16,943.0,3486766.0
2020-03-18,22.48,18.05,20.78,19.0,425.0,2097480.0
2020-03-19,21.44,16.8088,21.4158,19.57,332.0,1442604.0
2020-03-20,20.96,17.74,18.6,17.74,534.0,3541924.0
2020-03-23,20.16,16.0,18.91,16.0,442.0,1780754.0
2020-03-24,18.89,15.1,16.72,16.34,466.0,2550307.0
2020-03-25,19.8368,16.46,16.46,17.5,712.0,11630190.0
2020-03-26,17.68,16.2378,17.68,17.0,576.0,6384691.0
2020-03-27,18.6546,16.52,17.0,17.0,633.0,4812065.0
2020-03-30,18.588,16.0625,18.37,16.5,457.0,3270781.0
2020-03-31,19.3066,16.3139,17.66,17.0,1861.0,27564265.0
2020-04-01,18.82,16.02,17.26,16.02,1605.0,22173865.0
2020-04-02,17.84,13.318,16.32,15.7,1387.0,14131537.0
2020-04-03,16.7,14.1749,15.0,15.0,710.0,6735191.0
2020-04-06,16.41,14.2905,15.54,15.2,779.0,10051990.0
2020-04-07,17.78,15.0094,15.88,16.78,2853.0,25458025.0
2020-04-08,17.5,15.4988,17.5,16.5,1282.0,12684399.0
2020-04-09,20.4557,16.12,16.5,19.08,2903.0,37679866.0
2020-04-14,26.05,20.0,20.3,25.1,3337.0,31545543.0
2020-04-15,25.95,20.05,25.1,21.75,2126.0,19962314.0
2020-04-16,22.95,18.3,21.75,21.5,1674.0,14933253.0
2020-04-17,23.8699,19.94297,22.5,23.15,1061.0,11858487.0
2020-04-20,24.645,22.4811,24.0,24.4,791.0,7351046.0
2020-04-21,25.0,22.5403,25.0,23.65,664.0,5034719.0
2020-04-22,23.95,22.55,23.55,23.95,455.0,3122302.0
2020-04-23,24.85,22.75,22.75,24.25,444.0,3015636.0
2020-04-24,24.95,23.05,23.05,24.0,398.0,2551119.0
2020-04-27,25.2,23.5,25.0,24.3,570.0,3941438.0
2020-04-28,25.2649,23.85,24.95,24.4,409.0,2677718.0
2020-04-29,25.7,23.7523,24.0,25.3,862.0,4705389.0
2020-04-30,28.85,25.0,25.0,27.05,1057.0,6584608.0
2020-05-01,27.75,23.55,25.7,26.35,588.0,5242813.0
2020-05-04,26.6191,23.6007,26.5,25.45,640.0,4695439.0
2020-05-05,26.9,25.0,25.7,25.7,435.0,3209252.0
2020-05-06,26.8762,25.1,26.3,26.35,374.0,2380107.0
2020-05-07,30.6951,26.478,28.0,28.5,1912.0,14670394.0
2020-05-11,31.6,26.5,29.75,27.8,1332.0,10263115.0
2020-05-12,28.75,25.1,27.9362,26.0,874.0,7083524.0
2020-05-13,27.05,22.0819,26.0,23.3,2046.0,24013950.0
2020-05-14,24.9,17.08,23.65,18.9,3299.0,48027913.0
2020-05-15,21.45,17.0878,19.5,18.2,2930.0,37745348.0
2020-05-18,20.7,17.3055,18.5,20.2,1972.0,19321986.0
2020-05-19,22.25,19.82,20.7,20.8,1425.0,15463307.0
2020-05-20,21.7,19.0,21.0,20.9,739.0,8949077.0
2020-05-21,21.4462,19.9,20.05,20.55,974.0,6790145.0
2020-05-22,21.95,19.97,20.1,21.65,863.0,6402504.0
2020-05-26,23.95,20.0,20.0,22.65,1268.0,9224467.0
2020-05-27,25.8237,22.7,22.7,24.45,2154.0,17055604.0
2020-05-28,28.45,24.55,24.65,27.5,2339.0,18121606.0
2020-05-29,27.9,24.7,27.7,25.0,1812.0,42674898.0
2020-06-01,29.95,26.8,27.0,28.25,1535.0,11888801.0
2020-06-02,29.4,27.1,28.25,27.65,1230.0,10285879.0
2020-06-03,28.4369,26.3187,28.1,27.5,1376.0,8382365.0
2020-06-04,28.1,26.1486,28.1,27.1,1164.0,7231495.0
2020-06-05,28.7469,26.65,27.45,28.3,1532.0,10688469.0
2020-06-08,31.0,27.8,27.8,29.95,2674.0,16829514.0
2020-06-09,30.35,27.1,30.0,28.5,1421.0,8966121.0
2020-06-10,29.65,26.0,27.6,27.0,1292.0,11063363.0
2020-06-11,26.45,24.15,26.4,24.85,1243.0,12458919.0
2020-06-12,27.065,22.55,24.8,25.9,1415.0,13234416.0
2020-06-15,26.55,24.7,25.7,26.35,604.0,3000494.0
2020-06-16,28.4,25.75,27.5,27.25,1001.0,7593555.0
2020-06-17,28.0,26.53,27.2739,27.15,566.0,4649681.0
2020-06-18,28.2,26.0,27.8,27.35,513.0,4052436.0
2020-06-19,28.0,26.9,28.0,27.95,505.0,3743127.0
2020-06-22,28.0,25.898,27.25,26.5,615.0,5435039.0
2020-06-23,27.1749,25.9188,26.75,26.7,562.0,3647972.0
2020-06-24,27.2,24.9,27.2,25.2,725.0,4747609.0
2020-06-25,25.75,23.9,25.25,24.7,605.0,4190363.0
2020-06-26,25.75,23.5,25.75,23.5,469.0,3898134.0
2020-06-29,24.0,22.3594,23.55,23.35,775.0,4189686.0
2020-06-30,24.2,22.55,23.5,22.85,650.0,3474518.0
2020-07-01,23.85,21.1146,22.9,22.0,874.0,9329535.0
2020-07-02,25.0,21.75,22.65,24.25,848.0,5204478.0
2020-07-03,24.95,22.0,23.5,23.05,616.0,4791850.0
2020-07-06,24.5876,22.0,22.0,24.25,420.0,2435554.0
2020-07-07,24.7,23.05,24.7,23.25,255.0,1618724.0
2020-07-08,24.35,22.25,23.25,22.65,771.0,4362289.0
2020-07-09,23.7672,22.5,23.4,22.65,236.0,2100686.0
2020-07-10,23.2,21.9,22.0,23.0,465.0,3033158.0
2020-07-13,23.8221,22.5,23.4,23.65,278.0,2107417.0
2020-07-14,23.5,22.188,23.2,22.4,278.0,1728645.0
2020-07-15,23.3,22.2224,22.612,23.05,238.0,955421.0
2020-07-16,23.75,22.7,23.7,22.8,220.0,1330651.0
2020-07-17,23.6,22.75,23.25,23.5,170.0,973797.0
2020-07-20,24.0,22.5,24.0,23.4,247.0,1452178.0
2020-07-21,23.9,22.659,22.6949,23.9,228.0,1300391.0
2020-07-22,23.55,22.55,23.55,23.2,248.0,947694.0
2020-07-23,23.9,22.7,23.85,23.5,139.0,524890.0
2020-07-24,23.95,22.55,23.05,22.8,291.0,1890147.0
2020-07-27,24.9,22.608,24.0,24.9,562.0,5491103.0
2020-07-28,25.0,23.1,24.05,24.65,308.0,1785118.0
2020-07-29,25.2,23.85,25.0,25.0,405.0,1436197.0
2020-07-30,24.95,23.15,24.75,24.7,300.0,2185582.0
2020-07-31,24.7,23.488,24.45,23.9,193.0,1044117.0
2020-08-03,25.0,22.3693,23.0,25.0,452.0,4172749.0
2020-08-04,30.7,27.3645,29.5,29.2,3979.0,31208141.0
2020-08-05,29.9,27.9258,29.0,28.95,1134.0,6980724.0
2020-08-06,29.3,27.5,28.0,28.7,1081.0,4808031.0
2020-08-07,33.05,28.1,29.004,32.85,1178.0,10028700.0
2020-08-10,39.8,34.576,35.0,38.75,3487.0,36553561.0
2020-08-11,40.05,36.754,39.0,37.0,1689.0,14280570.0
2020-08-12,38.9,36.5,36.7535,37.25,814.0,6227605.0
2020-08-13,38.8,37.05,37.05,38.5,526.0,3047450.0
2020-08-14,39.8,38.2,38.5,39.5,679.0,4636931.0
2020-08-17,40.05,38.242,39.30692,38.45,636.0,4550525.0
2020-08-18,39.8,37.5,39.5,38.0,586.0,4096076.0
2020-08-19,38.25,36.65,38.0,37.3,592.0,3433257.0
2020-08-20,38.75,36.6,37.0,37.1,604.0,4077155.0
2020-08-21,38.9999,37.15,37.4,37.8,275.0,1466793.0
2020-08-24,39.35,35.05,37.0,38.9,1238.0,6983184.0
2020-08-25,39.8,36.442,39.8,36.85,921.0,4464389.0
2020-08-26,36.7,33.2358,36.5,33.4,1891.0,14393827.0
2020-08-27,34.745,32.4,33.865,32.4,1142.0,10543334.0
2020-08-28,34.9101,31.5,32.4,34.7,1031.0,7043063.0
2020-09-01,35.6,30.2,35.0,32.7,1665.0,10028883.0
2020-09-02,33.1,31.35,31.35,32.55,456.0,2764325.0
2020-09-03,33.65,31.55,32.6638,33.0,475.0,3475167.0
2020-09-04,33.3,31.05,32.0,32.0,638.0,3237243.0
2020-09-07,33.15,31.9,32.5,32.5,323.0,1862565.0
2020-09-08,33.2,30.75,32.5,32.15,531.0,3292962.0
2020-09-09,32.85,31.2,32.2,31.75,606.0,2687230.0
2020-09-10,32.8,30.6,31.35,32.0,425.0,2588472.0
2020-09-11,33.8,31.15,31.15,33.05,476.0,2907427.0
2020-09-14,33.85,31.2,33.0,33.25,686.0,3266439.0
2020-09-15,34.5,31.75,32.65,33.3,620.0,4772601.0
2020-09-16,35.3152,32.65,33.4073,35.3,629.0,4250267.0
2020-09-17,36.55,34.15,35.297,35.2,741.0,3620022.0
2020-09-18,37.4,34.6,35.15,36.6,640.0,18527899.0
2020-09-21,36.0,32.4,35.0,34.05,692.0,4493981.0
2020-09-22,35.0,32.15,33.611,34.0,405.0,2541900.0
2020-09-23,32.25,27.0,31.0,28.2,2591.0,14615566.0
2020-09-24,31.0,27.7,29.45,29.6,1253.0,4839106.0
2020-09-25,30.9,28.4,30.9,30.05,595.0,3574290.0
2020-09-28,30.6,29.0,30.1,29.4,472.0,1853589.0
2020-09-29,30.701,28.1898,30.22806,28.6,404.0,1940974.0
2020-09-30,29.7,28.05,29.076,29.0,332.0,1191209.0
2020-10-01,29.99999,28.05,29.5,29.8,217.0,944217.0
2020-10-02,30.7633,28.6895,29.0,30.55,355.0,2059901.0
2020-10-05,31.25,28.1,31.25,29.0,733.0,4043985.0
2020-10-06,30.0,28.15,28.15,29.05,475.0,2136826.0
2020-10-07,30.0,28.1,29.0,28.75,533.0,3001069.0
2020-10-08,29.8,28.15,29.8,28.45,364.0,1806922.0
2020-10-09,28.8,26.75,28.8,28.2,635.0,3554874.0
2020-10-12,28.8,27.35,28.8,28.2,294.0,1317790.0
2020-10-13,28.8,26.3446,28.15,27.2,518.0,3546988.0
2020-10-14,27.75,26.15,27.4,27.0,266.0,1119812.0
2020-10-15,27.5,25.6,27.5,26.55,473.0,2255949.0
2020-10-16,27.45,26.15,26.25,26.55,300.0,1365885.0
2020-10-19,26.75,25.56663,26.0,26.2,638.0,2083424.0
2020-10-20,26.9,25.5,25.5,26.25,283.0,1091529.0
2020-10-21,27.15,25.45,26.0,25.45,396.0,1404162.0
2020-10-22,26.2,24.5456,26.2,25.2,433.0,2321562.0
2020-10-23,26.65,25.05,25.83,25.3,607.0,3857634.0
2020-10-26,26.2,23.55,26.2,23.8,664.0,5244157.0
2020-10-27,23.87321,22.2734,23.5,23.7,647.0,3666508.0
2020-10-28,24.3,22.15,22.55,22.85,532.0,2575139.0
2020-10-29,23.75,22.0462,23.5,22.8,490.0,2166404.0
2020-10-30,23.95,22.5,23.3,22.75,577.0,2862485.0
2020-11-02,25.1296,22.05,22.05,25.0,251.0,1706728.0
2020-11-03,26.5,24.65,25.0,25.3,418.0,2472609.0
2020-11-04,27.15,24.5854,25.3,26.65,623.0,6596248.0
2020-11-05,27.45,26.0,26.0,26.6,351.0,1868799.0
2020-11-06,27.5,26.3,27.5,26.6,377.0,1765223.0
2020-11-09,28.4,25.85,27.2,26.55,945.0,5080763.0
2020-11-10,29.0,26.389,26.5,28.2,946.0,5481906.0
2020-11-11,29.3573,27.1,29.2,28.95,720.0,3776516.0
2020-11-12,29.2,27.0,27.75,28.25,472.0,2306609.0
2020-11-13,28.9,26.85,26.85,28.8,523.0,2273974.0
2020-11-16,30.5,27.55,27.55,29.75,740.0,4110058.0
2020-11-17,31.3,29.3326,30.0,30.95,644.0,2739340.0
2020-11-18,35.7775,30.25,30.25,34.0,1374.0,6623182.0
2020-11-19,35.9,32.55,34.4,32.95,712.0,4077261.0
2020-11-20,34.5,32.2738,34.5,33.55,953.0,4371567.0
2020-11-23,34.0,30.8,34.0,31.95,1755.0,23476403.0
2020-11-24,32.5,30.4096,31.85,31.8,1125.0,9853722.0
2020-11-25,34.5,33.068,33.2,34.05,3889.0,93397835.0
2020-11-26,34.4,33.05,34.0,33.85,1366.0,15337005.0
2020-11-27,34.1,33.2544,33.85,33.5,1234.0,12625419.0
2020-11-30,34.0,31.8,34.0,32.0,512.0,4023543.0
2020-12-01,33.6,32.0,33.6,32.9,317.0,1872340.0
2020-12-02,33.8,32.3,33.8,32.65,282.0,1506449.0
2020-12-03,33.4,32.55,33.4,32.95,271.0,1300922.0
2020-12-04,33.9,32.65,33.45,33.45,456.0,3266575.0
2020-12-07,34.0,32.9,33.45,33.85,354.0,2523740.0
2020-12-08,34.0,33.26812,33.7275,33.85,272.0,1956975.0
2020-12-09,34.2,33.5001,33.503,34.0,298.0,2526126.0
2020-12-10,34.1,33.5,33.8717,33.5,150.0,1665664.0
2020-12-11,34.05,33.0,33.0,33.9,313.0,4343476.0
2020-12-14,34.0,33.65,33.95,33.8,173.0,1194806.0
2020-12-15,33.7836,33.1888,33.55,33.7,98.0,737634.0
2020-12-16,33.85,33.2,33.85,33.65,123.0,561828.0
2020-12-17,33.85,33.0,33.0,33.6,122.0,1470334.0
2020-12-18,33.85,33.2315,33.29,33.85,140.0,1104010.0
2020-12-21,33.75,32.05,33.45,33.1,238.0,2164376.0
2020-12-22,33.45,33.1,33.1,33.1,131.0,647866.0
2020-12-23,33.75,33.0437,33.1,33.7,123.0,635101.0
2020-12-24,34.15,33.22082,33.48,34.0,130.0,982121.0
2020-12-29,34.1,33.3769,34.0,33.8,353.0,8269709.0
2020-12-30,34.0,33.55,33.55,33.75,170.0,11883021.0
2020-12-31,34.0,33.615,33.615,33.7,86.0,260805.0
2021-01-04,34.45,33.55,33.55,33.9,431.0,3338051.0
2021-01-05,34.3,33.6,33.6,34.05,249.0,1360401.0
2021-01-06,34.75,33.9563,34.5,34.35,280.0,1897043.0
2021-01-07,34.8,34.1,34.151,34.8,184.0,3526421.0
2021-01-08,34.95,34.05,34.05,34.35,171.0,1580697.0
2021-01-11,34.8,34.0,34.35,34.35,353.0,32163476.0
2021-01-12,34.75,34.0,34.2375,34.3,242.0,1815398.0
2021-01-13,34.85,34.1044,34.3,34.8,356.0,2737822.0
2021-01-14,34.85,34.3323,34.575,34.75,405.0,32329210.0
2021-01-15,35.0,34.5894,34.65,34.8,593.0,19430245.0
2021-01-18,34.9,34.7,34.88,34.8,231.0,3308115.0
2021-01-19,34.9,34.75,34.8,34.8,188.0,8704560.0
2021-01-20,34.9,34.75,34.8041,34.8,222.0,2103802.0
2021-01-21,34.9,34.7921,34.8214,34.8,258.0,10106410.0
2021-01-22,34.9,34.8,34.80825,34.8,144.0,10642136.0
2021-01-25,34.9,34.75,34.9,34.8,221.0,2788687.0
2021-01-26,34.95,34.7,34.7,34.8,117.0,1258767.0
2021-01-27,34.9,34.6,34.6,34.8,173.0,1651023.0
2021-01-28,34.95,34.8,34.8,34.95,186.0,3477084.0
2021-01-29,34.9,34.6,34.6278,34.8,166.0,1041387.0
2021-02-01,34.85,34.6,34.62,34.75,186.0,1246033.0
2021-02-02,34.85,34.6,34.75,34.75,330.0,2055002.0
2021-02-03,34.85,34.7,34.7,34.8,295.0,1470279.0
2021-02-04,34.95,34.75,34.9,34.85,150.0,1403357.0
2021-02-05,34.85,33.65,34.75,34.85,175.0,1330854.0
2021-02-08,34.85,34.75,34.85,34.85,93.0,756728.0
2021-02-09,34.9,34.05,34.8,34.8,183.0,2072250.0
2021-02-10,34.9,34.8,34.808,34.8,128.0,587222.0
2021-02-11,34.9,34.8,34.8,34.8,124.0,2533696.0
2021-02-12,34.85,34.75,34.8,34.75,117.0,598198.0
2021-02-15,34.95,34.5,34.95,34.5,139.0,942415.0
2021-02-16,34.8,34.65,34.7,34.8,96.0,1324299.0
2021-02-17,34.85,34.7,34.7653,34.75,123.0,1591806.0
2021-02-18,34.9,34.75,34.8,34.85,107.0,497013.0
2021-02-19,34.9,34.25,34.79,34.85,94.0,690069.0
2021-02-22,34.95,33.55,34.65,34.95,173.0,1529501.0
2021-02-23,34.9,34.75,34.9,34.75,105.0,547654.0
2021-02-24,34.95,33.55,33.55,34.9,96.0,891996.0
2021-02-25,34.9,33.699,33.699,34.8,165.0,1451381.0
2021-02-26,34.95,33.45,34.8,34.9,174.0,1889452.0
2021-03-01,34.95,34.85,34.95,34.9,74.0,1377601.0
2021-03-02,34.95,34.85,34.95,34.95,62.0,2007064.0
2021-03-03,35.0,34.85,34.85,34.9,204.0,2888721.0
2021-03-04,35.9,34.9,35.8716,34.95,131.0,1323715.0
2021-03-05,35.0,34.9,35.0,34.95,121.0,1568582.0
2021-03-08,35.0,34.9,34.9,34.95,105.0,556020.0
2021-03-09,,,,34.95,,
