Date,HIGH,LOW,CLOSE,OPEN,COUNT,VOLUME
2000-05-03,,,65625.0,,,
2000-05-04,,,71875.0,,,
2000-05-05,,,71875.0,,,
2000-05-08,,,71875.0,,,
2000-05-09,,,65625.0,,,
2000-05-10,65625.0,53125.0,53125.0,65625.0,,6.4
2000-05-11,,,57812.5,,,
2000-05-12,,,65625.0,,,
2000-05-15,,,76562.5,,,
2000-05-16,,,89062.5,,,
2000-05-17,,,84375.0,,,
2000-05-18,,,81250.0,,,
2000-05-19,,,76562.5,,,
2000-05-22,,,71875.0,,,
2000-05-23,,,64062.5,,,
2000-05-24,,,54687.5,,,
2000-05-25,,,56250.0,,,
2000-05-26,,,54687.5,,,
2000-05-30,,,54687.5,,,
2000-05-31,,,54687.5,,,
2000-06-01,,,54687.5,,,
2000-06-02,,,54687.5,,,
2000-06-05,56250.0,56250.0,53125.0,56250.0,,88.0
2000-06-06,56250.0,56250.0,53125.0,56250.0,,10.52432
2000-06-07,56250.0,56250.0,53125.0,56250.0,,1.6
2000-06-08,56250.0,56250.0,53125.0,56250.0,,6.61408
2000-06-09,50000.0,50000.0,53125.0,50000.0,,10.66304
2000-06-12,56250.0,50000.0,53125.0,56250.0,,25.09168
2000-06-13,56250.0,50000.0,53125.0,50000.0,,10.72
2000-06-14,50781.25,50000.0,53125.0,50000.0,,11.84
2000-06-15,56250.0,50000.0,53125.0,50000.0,,25.68
2000-06-16,50000.0,50000.0,50000.0,50000.0,,8.0
2000-06-19,50000.0,50000.0,50000.0,50000.0,,1.6
2000-06-20,43750.0,43750.0,50000.0,43750.0,,0.064
2000-06-21,56250.0,43750.0,50000.0,56250.0,,0.7904
2000-06-22,53125.0,43750.0,53125.0,43750.0,,3.4464
2000-06-23,56250.0,56250.0,53125.0,56250.0,,0.8
2000-06-26,50000.0,50000.0,53125.0,50000.0,,0.64
2000-06-27,54687.5,54687.5,53125.0,54687.5,,1.6
2000-06-28,,,53125.0,,,
2000-06-29,56250.0,50000.0,53125.0,56250.0,,4.8
2000-06-30,56250.0,46875.0,51562.5,56250.0,,32.0
2000-07-03,50000.0,43750.0,50000.0,46875.0,,9.76
2000-07-04,56250.0,50000.0,50000.0,50000.0,,5.056
2000-07-05,56250.0,50000.0,50000.0,56250.0,,0.43376
2000-07-06,50000.0,50000.0,50000.0,50000.0,,1.03264
2000-07-07,,,50000.0,,,
2000-07-10,43750.0,43750.0,50000.0,43750.0,,5.93776
2000-07-11,56250.0,56250.0,50000.0,56250.0,,0.48
2000-07-12,50000.0,40625.0,46875.0,45000.0,,19.90944
2000-07-13,,,46875.0,,,
2000-07-14,,,45312.5,,,
2000-07-17,40625.0,40625.0,45312.5,40625.0,,8.21552
2000-07-18,50000.0,40625.0,46875.0,40625.0,,21.8976
2000-07-19,,,46875.0,,,
2000-07-20,43750.0,43750.0,46875.0,43750.0,,6.4
2000-07-21,48437.5,48437.5,46875.0,48437.5,,1.2
2000-07-24,46875.0,43750.0,46875.0,44375.0,,9.4136
2000-07-25,46875.0,43750.0,46875.0,46875.0,,20.21824
2000-07-26,44375.0,43750.0,46875.0,43750.0,,3.2
2000-07-27,50000.0,43750.0,46875.0,48437.5,,8.656
2000-07-28,43750.0,43750.0,46875.0,43750.0,,4.8
2000-07-31,50000.0,40625.0,43750.0,50000.0,,31.57392
2000-08-01,46250.0,45312.5,43750.0,46250.0,,4.93712
2000-08-02,40625.0,40625.0,43750.0,40625.0,,0.61536
2000-08-03,46250.0,46250.0,43750.0,46250.0,,0.48
2000-08-04,51875.0,46250.0,43750.0,51875.0,,2.32
2000-08-07,40625.0,40625.0,43750.0,40625.0,,2.0224
2000-08-08,46875.0,46875.0,45312.5,46875.0,,12.8
2000-08-09,46875.0,46875.0,45312.5,46875.0,,2.37552
2000-08-10,43750.0,43750.0,45312.5,43750.0,,8.0
2000-08-11,,,45312.5,,,
2000-08-14,43750.0,43750.0,45312.5,43750.0,,0.08
2000-08-15,43750.0,43750.0,45312.5,43750.0,,4.0
2000-08-16,43750.0,43750.0,45312.5,43750.0,,8.576
2000-08-17,45312.5,40625.0,43750.0,45312.5,,8.624
2000-08-18,,,43750.0,,,
2000-08-21,,,43750.0,,,
2000-08-22,,,43750.0,,,
2000-08-23,46250.0,46250.0,43750.0,46250.0,,0.544
2000-08-24,40625.0,40625.0,43750.0,40625.0,,1.2
2000-08-25,46875.0,46875.0,43750.0,46875.0,,7.2
2000-08-29,44375.0,43750.0,43750.0,44375.0,,9.6
2000-08-30,46875.0,46875.0,43750.0,46875.0,,12.0
2000-08-31,46875.0,43750.0,43750.0,46875.0,,18.4
2000-09-01,46875.0,40625.0,48437.5,40625.0,,18.4
2000-09-04,,,48437.5,,,
2000-09-05,53125.0,53125.0,48437.5,53125.0,,0.8
2000-09-06,54687.5,51875.0,50000.0,51875.0,,13.17376
2000-09-07,54687.5,53750.0,50000.0,53750.0,,3.05808
2000-09-08,54687.5,45312.5,50000.0,45312.5,,11.896
2000-09-11,54687.5,54687.5,50000.0,54687.5,,20.0
2000-09-12,53750.0,46250.0,50000.0,53750.0,,4.51568
2000-09-13,45312.5,43750.0,50000.0,45312.5,,20.0
2000-09-14,53125.0,51875.0,50000.0,53125.0,,1.21744
2000-09-15,45312.5,45312.5,50000.0,45312.5,,2.0
2000-09-18,51562.5,51562.5,50000.0,51562.5,,64.0
2000-09-19,54687.5,47500.0,51562.5,47500.0,,20.992
2000-09-20,48437.5,47500.0,51562.5,48437.5,,18.08
2000-09-21,47500.0,47500.0,51562.5,47500.0,,5.6
2000-09-22,54687.5,47500.0,51562.5,47500.0,,1.76
2000-09-25,,,51562.5,,,
2000-09-26,55000.0,55000.0,51562.5,55000.0,,1.6
2000-09-27,56250.0,55000.0,51562.5,56250.0,,2.7832
2000-09-28,56250.0,48437.5,51562.5,55000.0,,8.32176
2000-09-29,55000.0,48437.5,51562.5,48437.5,,6.0
2000-10-02,56250.0,48437.5,54687.5,56250.0,,45.76
2000-10-03,59375.0,50625.0,56250.0,50625.0,,10.536
2000-10-04,59375.0,51562.5,56250.0,59375.0,,26.24
2000-10-05,56250.0,50000.0,54687.5,50000.0,,14.08
2000-10-06,51562.5,50000.0,54687.5,50625.0,,44.6456
2000-10-09,50625.0,50625.0,54687.5,50625.0,,2.15344
2000-10-10,,,54687.5,,,
2000-10-11,50625.0,50625.0,54687.5,50625.0,,0.96
2000-10-12,50625.0,50625.0,54687.5,50625.0,,1.6
2000-10-13,48437.5,46875.0,51562.5,48437.5,,9.12
2000-10-16,54687.5,48437.5,51562.5,54687.5,,2.40016
2000-10-17,48437.5,47500.0,51562.5,47500.0,,2.2016
2000-10-18,47500.0,47500.0,51562.5,47500.0,,5.7632
2000-10-19,48437.5,47500.0,51562.5,47500.0,,4.0
2000-10-20,47500.0,46875.0,51562.5,47500.0,,10.24
2000-10-23,46875.0,46875.0,51562.5,46875.0,,8.0
2000-10-24,,,51562.5,,,
2000-10-25,47500.0,46875.0,51562.5,47500.0,,2.7808
2000-10-26,48437.5,48437.5,51562.5,48437.5,,1.7344
2000-10-27,,,51562.5,,,
2000-10-30,48437.5,48437.5,51562.5,48437.5,,0.08
2000-10-31,46875.0,46875.0,50000.0,46875.0,,0.704
2000-11-01,47500.0,47500.0,50000.0,47500.0,,0.69968
2000-11-02,53125.0,47500.0,50000.0,53125.0,,4.0
2000-11-03,46875.0,46875.0,50000.0,46875.0,,0.59392
2000-11-06,,,50000.0,,,
2000-11-07,46875.0,46875.0,48437.5,46875.0,,4.0
2000-11-08,46875.0,46875.0,48437.5,46875.0,,6.5768
2000-11-09,46875.0,46875.0,46875.0,46875.0,,15.8528
2000-11-10,43750.0,43750.0,45312.5,43750.0,,12.352
2000-11-13,38125.0,37500.0,42187.5,37500.0,,19.09328
2000-11-14,34375.0,32812.5,37500.0,32812.5,,13.8784
2000-11-15,40625.0,40625.0,37500.0,40625.0,,0.08
2000-11-16,34375.0,34375.0,37500.0,34375.0,,0.848
2000-11-17,,,37500.0,,,
2000-11-20,34375.0,34375.0,37500.0,34375.0,,0.2992
2000-11-21,34375.0,34375.0,37500.0,34375.0,,0.608
2000-11-22,34375.0,34375.0,37500.0,34375.0,,4.368
2000-11-23,,,37500.0,,,
2000-11-24,,,37500.0,,,
2000-11-27,,,37500.0,,,
2000-11-28,,,37500.0,,,
2000-11-29,,,37500.0,,,
2000-11-30,,,37500.0,,,
2000-12-01,,,37500.0,,,
2000-12-04,,,37500.0,,,
2000-12-05,,,37500.0,,,
2000-12-06,,,37500.0,,,
2000-12-07,,,37500.0,,,
2000-12-08,,,37500.0,,,
2000-12-11,,,37500.0,,,
2000-12-12,,,37500.0,,,
2000-12-13,,,37500.0,,,
2000-12-14,,,37500.0,,,
2000-12-15,,,37500.0,,,
2000-12-18,,,37500.0,,,
2000-12-19,,,37500.0,,,
2000-12-20,,,37500.0,,,
2000-12-21,,,37500.0,,,
2000-12-22,,,37500.0,,,
2000-12-27,,,37500.0,,,
2000-12-28,,,37500.0,,,
2000-12-29,,,37500.0,,,
2001-01-02,,,37500.0,,,
2001-01-03,,,37500.0,,,
2001-01-04,,,37500.0,,,
2001-01-05,,,37500.0,,,
2001-01-08,,,37500.0,,,
2001-01-09,,,37500.0,,,
2001-01-10,,,37500.0,,,
2001-01-11,,,37500.0,,,
2001-01-12,,,37500.0,,,
2001-01-15,,,37500.0,,,
2001-01-16,,,37500.0,,,
2001-01-17,,,37500.0,,,
2001-01-18,,,37500.0,,,
2001-01-19,,,37500.0,,,
2001-01-22,,,37500.0,,,
2001-01-23,,,37500.0,,,
2001-01-24,,,37500.0,,,
2001-01-25,,,37500.0,,,
2001-01-26,,,37500.0,,,
2001-01-29,,,37500.0,,,
2001-01-30,,,37500.0,,,
2001-01-31,,,37500.0,,,
2001-02-01,,,37500.0,,,
2001-02-02,,,37500.0,,,
2001-02-05,,,37500.0,,,
2001-02-06,,,37500.0,,,
2001-02-07,,,37500.0,,,
2001-02-08,,,37500.0,,,
2001-02-09,,,37500.0,,,
2001-02-12,,,37500.0,,,
2001-02-13,,,37500.0,,,
2001-02-14,,,37500.0,,,
2001-02-15,,,37500.0,,,
2001-02-16,,,37500.0,,,
2001-02-19,,,37500.0,,,
2001-02-20,,,37500.0,,,
2001-02-21,,,37500.0,,,
2001-02-22,,,37500.0,,,
2001-02-23,,,37500.0,,,
2001-02-26,,,37500.0,,,
2001-02-27,,,37500.0,,,
2001-02-28,,,37500.0,,,
2001-03-01,,,37500.0,,,
2001-03-02,,,37500.0,,,
2001-03-05,,,37500.0,,,
2001-03-06,,,37500.0,,,
2001-03-07,,,37500.0,,,
2001-03-08,,,37500.0,,,
2001-03-09,,,37500.0,,,
2001-03-12,,,37500.0,,,
2001-03-13,,,37500.0,,,
2001-03-14,,,37500.0,,,
2001-03-15,,,37500.0,,,
2001-03-16,,,37500.0,,,
2001-03-19,,,37500.0,,,
2001-03-20,,,37500.0,,,
2001-03-21,,,37500.0,,,
2001-03-22,,,37500.0,,,
2001-03-23,,,37500.0,,,
2001-03-26,,,37500.0,,,
2001-03-27,,,37500.0,,,
2001-03-28,,,37500.0,,,
2001-03-29,,,37500.0,,,
2001-03-30,,,37500.0,,,
2001-04-02,,,37500.0,,,
2001-04-03,,,37500.0,,,
2001-04-04,,,37500.0,,,
2001-04-05,,,37500.0,,,
2001-04-06,,,37500.0,,,
2001-04-09,,,37500.0,,,
2001-04-10,,,37500.0,,,
2001-04-11,,,37500.0,,,
2001-04-12,,,37500.0,,,
2001-04-17,,,37500.0,,,
2001-04-18,,,37500.0,,,
2001-04-19,,,37500.0,,,
2001-04-20,,,37500.0,,,
2001-04-23,,,37500.0,,,
2001-04-24,,,37500.0,,,
2001-04-25,,,37500.0,,,
2001-04-26,,,37500.0,,,
2001-04-27,,,37500.0,,,
2001-04-30,,,37500.0,,,
2001-05-01,,,37500.0,,,
2001-05-02,,,37500.0,,,
2001-05-03,,,37500.0,,,
2001-05-04,,,37500.0,,,
2001-05-08,,,37500.0,,,
2001-05-09,,,9375.0,,,
2001-05-10,,,9375.0,,,
2001-05-11,,,9375.0,,,
2001-05-14,10937.5,10937.5,9375.0,10937.5,,3.90048
2001-05-15,,,9375.0,,,
2001-05-16,,,9375.0,,,
2001-05-17,,,9375.0,,,
2001-05-18,9375.0,9375.0,9375.0,9375.0,,16.0
2001-05-21,,,9375.0,,,
2001-05-22,,,9375.0,,,
2001-05-23,9375.0,9375.0,9375.0,9375.0,,16.0
2001-05-24,,,9375.0,,,
2001-05-25,,,9375.0,,,
2001-05-29,,,9375.0,,,
2001-05-30,,,9375.0,,,
2001-05-31,,,9375.0,,,
2001-06-01,,,9375.0,,,
2001-06-04,,,9375.0,,,
2001-06-05,8593.75,8593.75,9375.0,8593.75,,16.0
2001-06-06,9375.0,9375.0,9375.0,9375.0,,16.0
2001-06-07,,,10937.5,,,
2001-06-08,,,10937.5,,,
2001-06-11,,,10937.5,,,
2001-06-12,,,10937.5,,,
2001-06-13,9750.0,9750.0,10937.5,9750.0,,4.0
2001-06-14,,,10937.5,,,
2001-06-15,,,10937.5,,,
2001-06-18,,,10937.5,,,0.08272
2001-06-19,10156.25,10156.25,10937.5,10156.25,,80.0
2001-06-20,,,10937.5,,,
2001-06-21,,,10937.5,,,
2001-06-22,,,10937.5,,,
2001-06-25,,,10937.5,,,
2001-06-26,,,10937.5,,,
2001-06-27,10937.5,10937.5,10937.5,10937.5,,0.16
2001-06-28,10937.5,10937.5,10937.5,10937.5,,0.16
2001-06-29,,,10937.5,,,
2001-07-02,,,10937.5,,,
2001-07-03,,,10937.5,,,
2001-07-04,,,10937.5,,,
2001-07-05,,,10937.5,,,
2001-07-06,,,10937.5,,,
2001-07-09,,,10937.5,,,
2001-07-10,,,10937.5,,,
2001-07-11,,,10937.5,,,
2001-07-12,,,10937.5,,,
2001-07-13,,,10937.5,,,
2001-07-16,,,10937.5,,,
2001-07-17,,,10937.5,,,
2001-07-18,,,10937.5,,,
2001-07-19,,,10937.5,,,
2001-07-20,,,10937.5,,,
2001-07-23,,,10937.5,,,
2001-07-24,11875.0,11875.0,10937.5,11875.0,,4.0
2001-07-25,,,10937.5,,,
2001-07-26,13437.5,13437.5,12500.0,13437.5,,4.0
2001-07-27,10937.5,10937.5,14062.5,10937.5,,4.6368
2001-07-30,15625.0,15625.0,15625.0,15625.0,,3.7832
2001-07-31,12562.5,12562.5,15625.0,12562.5,,1.6
2001-08-01,,,15625.0,,,
2001-08-02,17187.5,17187.5,17187.5,17187.5,,8.0
2001-08-03,14687.5,14687.5,17187.5,14687.5,,0.01056
2001-08-06,17968.75,17968.75,17187.5,17968.75,,8.0
2001-08-07,18750.0,18125.0,18750.0,18125.0,,10.75536
2001-08-08,24375.0,21500.0,23437.5,21875.0,,8.8
2001-08-09,,,23437.5,,,
2001-08-10,,,23437.5,,,
2001-08-13,,,23437.5,,,
2001-08-14,21875.0,21875.0,23437.5,21875.0,,2.4
2001-08-15,,,23437.5,,,
2001-08-16,22250.0,22250.0,23437.5,22250.0,,0.8
2001-08-17,,,23437.5,,,
2001-08-20,,,23437.5,,,
2001-08-21,,,25000.0,,,
2001-08-22,,,25000.0,,,
2001-08-23,21875.0,21875.0,25000.0,21875.0,,11.2
2001-08-24,,,25000.0,,,
2001-08-28,21875.0,21875.0,25000.0,21875.0,,8.0
2001-08-29,21875.0,18750.0,20312.5,21875.0,,80.33104
2001-08-30,18750.0,18750.0,20312.5,18750.0,,4.0
2001-08-31,17187.5,17187.5,18750.0,17187.5,,8.0
2001-09-03,15937.5,15812.5,17187.5,15937.5,,4.16
2001-09-04,,,17187.5,,,
2001-09-05,15937.5,15937.5,15625.0,15937.5,,0.24
2001-09-06,,,14062.5,,,
2001-09-07,,,9375.0,,,
2001-09-10,10937.5,10937.5,9375.0,10937.5,,12.8
2001-09-11,,,9375.0,,,
2001-09-12,,,9375.0,,,
2001-09-13,,,9375.0,,,
2001-09-14,,,9375.0,,,
2001-09-17,,,9375.0,,,
2001-09-18,,,9375.0,,,
2001-09-19,,,9375.0,,,
2001-09-20,,,9375.0,,,
2001-09-21,,,9375.0,,,
2001-09-24,,,9375.0,,,
2001-09-25,7812.5,7812.5,9375.0,7812.5,,8.0
2001-09-26,10156.25,10156.25,7812.5,10156.25,,0.80688
2001-09-27,,,7812.5,,,
2001-09-28,6875.0,6875.0,7812.5,6875.0,,0.432
2001-10-01,,,7812.5,,,
2001-10-02,6250.0,6250.0,7812.5,6250.0,,8.0
2001-10-03,,,6250.0,,,
2001-10-04,,,6250.0,,,
2001-10-05,,,6250.0,,,
2001-10-08,,,6250.0,,,
2001-10-09,,,6250.0,,,
2001-10-10,,,6250.0,,,
2001-10-11,6250.0,6250.0,6250.0,6250.0,,18.4
2001-10-12,7062.5,7031.25,7812.5,7031.25,,32.0
2001-10-15,,,7812.5,,,
2001-10-16,,,7812.5,,,
2001-10-17,,,7812.5,,,
2001-10-18,,,7812.5,,,
2001-10-19,,,7812.5,,,
2001-10-22,,,7812.5,,,
2001-10-23,,,7812.5,,,
2001-10-24,,,7812.5,,,
2001-10-25,,,7812.5,,,
2001-10-26,,,7812.5,,,
2001-10-29,,,7812.5,,,
2001-10-30,,,7812.5,,,
2001-10-31,6250.0,6250.0,7812.5,6250.0,,1.92
2001-11-01,9000.0,9000.0,9375.0,9000.0,,3.2
2001-11-02,,,9375.0,,,
2001-11-05,,,9375.0,,,
2001-11-06,,,9375.0,,,
2001-11-07,,,9375.0,,,
2001-11-08,,,9375.0,,,
2001-11-09,,,9375.0,,,
2001-11-12,,,9375.0,,,
2001-11-13,8125.0,8125.0,9375.0,8125.0,,0.64
2001-11-14,,,9375.0,,,
2001-11-15,,,9375.0,,,
2001-11-16,9312.5,9312.5,9375.0,9312.5,,1.6
2001-11-19,9312.5,9312.5,9375.0,9312.5,,1.6
2001-11-20,,,9375.0,,,
2001-11-21,8000.0,8000.0,9375.0,8000.0,,1.12
2001-11-22,,,9375.0,,,
2001-11-23,,,9375.0,,,
2001-11-26,9375.0,9375.0,9375.0,9375.0,,32.87216
2001-11-27,9375.0,9375.0,9375.0,9375.0,,26.33728
2001-11-28,,,9375.0,,,
2001-11-29,,,9375.0,,,
2001-11-30,8000.0,8000.0,9375.0,8000.0,,1.9104
2001-12-03,9312.5,9312.5,9375.0,9312.5,,22.4
2001-12-04,,,9375.0,,,
2001-12-05,9312.5,9312.5,9375.0,9312.5,,3.2
2001-12-06,,,9375.0,,,
2001-12-07,9375.0,9375.0,9375.0,9375.0,,20.8
2001-12-10,9375.0,9312.5,9375.0,9375.0,,76.8
2001-12-11,18750.0,10937.5,15625.0,10937.5,,203.11792
2001-12-12,17968.75,15625.0,17187.5,17000.0,,247.95152
2001-12-13,17000.0,15812.5,17187.5,17000.0,,3.808
2001-12-14,15625.0,15625.0,17187.5,15625.0,,16.0
2001-12-17,15625.0,15625.0,17187.5,15625.0,,40.96
2001-12-18,15625.0,12500.0,14062.5,15625.0,,124.0
2001-12-19,14000.0,12562.5,14062.5,13875.0,,28.5888
2001-12-20,14843.75,13281.25,14062.5,13875.0,,73.42432
2001-12-21,15625.0,15625.0,15625.0,15625.0,,40.0
2001-12-24,15625.0,15625.0,15625.0,15625.0,,8.0
2001-12-27,,,15625.0,,,
2001-12-28,15437.5,15437.5,15625.0,15437.5,,0.77728
2001-12-31,15625.0,15437.5,15625.0,15437.5,,11.14208
2002-01-02,15625.0,15625.0,17187.5,15625.0,,9.6
2002-01-03,,,17187.5,,,
2002-01-04,17125.0,17000.0,17187.5,17000.0,,7.2
2002-01-07,16000.0,15625.0,18750.0,16000.0,,136.768
2002-01-08,21875.0,19125.0,20312.5,21093.75,,123.65008
2002-01-09,19531.25,18750.0,18750.0,19531.25,,246.72672
2002-01-10,20312.5,17187.5,18750.0,20312.5,,164.0
2002-01-11,17187.5,17187.5,18750.0,17187.5,,16.0
2002-01-14,18125.0,18125.0,17187.5,18125.0,,0.064
2002-01-15,,,17187.5,,,
2002-01-16,17968.75,17968.75,17187.5,17968.75,,48.0
2002-01-17,16000.0,16000.0,17187.5,16000.0,,2.368
2002-01-18,,,17187.5,,,
2002-01-21,,,17187.5,,,
2002-01-22,18750.0,15625.0,18750.0,16406.25,,102.24
2002-01-23,,,18750.0,,,
2002-01-24,,,17187.5,,,
2002-01-25,,,17187.5,,,
2002-01-28,,,17187.5,,,
2002-01-29,,,17187.5,,,
2002-01-30,,,17187.5,,,
2002-01-31,16250.0,16250.0,17187.5,16250.0,,0.4768
2002-02-01,,,17187.5,,,
2002-02-04,16000.0,15625.0,17187.5,15625.0,,32.0
2002-02-05,14062.5,13281.25,15625.0,13281.25,,56.0
2002-02-06,14062.5,12500.0,14062.5,12500.0,,20.0
2002-02-07,,,14062.5,,,
2002-02-08,,,14062.5,,,
2002-02-11,12500.0,12500.0,14062.5,12500.0,,8.0
2002-02-12,,,14062.5,,,
2002-02-13,,,14062.5,,,
2002-02-14,,,14062.5,,,
2002-02-15,,,14062.5,,,
2002-02-18,12500.0,10937.5,12500.0,12500.0,,24.0
2002-02-19,10937.5,10937.5,12500.0,10937.5,,4.8
2002-02-20,10937.5,10937.5,12500.0,10937.5,,14.9616
2002-02-21,10937.5,9375.0,10937.5,10937.5,,16.0
2002-02-22,10156.25,7812.5,9375.0,10156.25,,40.0
2002-02-25,9375.0,6250.0,9375.0,6312.5,,120.96
2002-02-26,10625.0,10156.25,10937.5,10625.0,,32.94112
2002-02-27,,,10937.5,,,
2002-02-28,,,10937.5,,,
2002-03-01,10750.0,10750.0,10937.5,10750.0,,1.68288
2002-03-04,,,10937.5,,,
2002-03-05,9375.0,9375.0,10937.5,9375.0,,6.4
2002-03-06,,,10937.5,,,
2002-03-07,9375.0,9375.0,10937.5,9375.0,,16.0
2002-03-08,7812.5,7812.5,10937.5,7812.5,,24.0
2002-03-11,,,10937.5,,,
2002-03-12,9375.0,9375.0,9375.0,9375.0,,6.4
2002-03-13,7812.5,7812.5,9375.0,7812.5,,3.0
2002-03-14,,,9375.0,,,47.616
2002-03-15,,,9375.0,,,
2002-03-18,,,9375.0,,,
2002-03-19,8750.0,6250.0,9375.0,8750.0,,59.2
2002-03-20,8593.75,5468.75,7812.5,7625.0,,513.6
2002-03-21,6250.0,6250.0,7812.5,6250.0,,11.52
2002-03-22,10937.5,6250.0,12500.0,8593.75,,1625.6
2002-03-25,15625.0,13875.0,14062.5,14062.5,,28.8712
2002-03-26,15625.0,15625.0,14062.5,15625.0,,8.0
2002-03-27,,,14062.5,,,
2002-03-28,15250.0,14062.5,14062.5,14062.5,,2.0
2002-04-02,13281.25,12687.5,14062.5,12875.0,,48.0192
2002-04-03,12890.625,12500.0,14062.5,12500.0,,12.8
2002-04-04,12687.5,12687.5,14062.5,12687.5,,10.88
2002-04-05,12687.5,12500.0,14062.5,12562.5,,15.296
2002-04-08,12687.5,12687.5,14062.5,12687.5,,8.0
2002-04-09,12687.5,12687.5,14062.5,12687.5,,4.0
2002-04-10,12687.5,12687.5,14062.5,12687.5,,1.0656
2002-04-11,,,14062.5,,,
2002-04-12,,,14062.5,,,
2002-04-15,,,14062.5,,,
2002-04-16,12687.5,12687.5,14062.5,12687.5,,0.48
2002-04-17,,,14062.5,,,
2002-04-18,,,14062.5,,,
2002-04-19,,,14062.5,,,
2002-04-22,14062.5,14062.5,14062.5,14062.5,,3.2
2002-04-23,12500.0,12500.0,14062.5,12500.0,,1.92
2002-04-24,,,14062.5,,,
2002-04-25,12500.0,12500.0,14062.5,12500.0,,16.0
2002-04-26,12500.0,12500.0,14062.5,12500.0,,1.6
2002-04-29,,,14062.5,,,
2002-04-30,13750.0,12500.0,14062.5,13750.0,,41.6
2002-05-01,12500.0,10937.5,12500.0,12500.0,,29.2
2002-05-02,,,12500.0,,,
2002-05-03,10937.5,9375.0,12500.0,9375.0,,35.6
2002-05-07,,,12500.0,,,
2002-05-08,,,12500.0,,,
2002-05-09,,,12500.0,,,
2002-05-10,,,12500.0,,,
2002-05-13,,,10937.5,,,
2002-05-14,,,10937.5,,,
2002-05-15,10937.5,10937.5,10937.5,10937.5,,8.0
2002-05-16,12125.0,12125.0,12500.0,12125.0,,16.0
2002-05-17,,,12500.0,,,
2002-05-20,,,12500.0,,,
2002-05-21,,,12500.0,,,
2002-05-22,12312.5,12312.5,12500.0,12312.5,,0.392
2002-05-23,,,12500.0,,,
2002-05-24,9375.0,9375.0,10937.5,9375.0,,16.0
2002-05-27,,,10937.5,,,
2002-05-28,9375.0,9375.0,10937.5,9375.0,,3.2
2002-05-29,,,10937.5,,,
2002-05-30,9375.0,9375.0,10937.5,9375.0,,2.4
2002-05-31,,,10937.5,,,
2002-06-05,,,10937.5,,,
2002-06-06,,,10937.5,,,
2002-06-07,,,10937.5,,,
2002-06-10,,,10937.5,,,
2002-06-11,,,10937.5,,,
2002-06-12,6250.0,6250.0,9375.0,6250.0,,48.0
2002-06-13,,,9375.0,,,
2002-06-14,,,9375.0,,,
2002-06-17,,,9375.0,,,
2002-06-18,,,9375.0,,,
2002-06-19,7812.5,7812.5,7812.5,7812.5,,16.0
2002-06-20,,,7812.5,,,
2002-06-21,7031.25,7031.25,7812.5,7031.25,,27.2
2002-06-24,7625.0,7625.0,7812.5,7625.0,,6.08
2002-06-25,6250.0,6250.0,7812.5,6250.0,,16.0
2002-06-26,,,7812.5,,,
2002-06-27,,,7812.5,,,
2002-06-28,6875.0,6875.0,7812.5,6875.0,,0.09616
2002-07-01,,,7812.5,,,
2002-07-02,,,7812.5,,,
2002-07-03,,,7812.5,,,
2002-07-04,6437.5,6437.5,7812.5,6437.5,,0.544
2002-07-05,,,7812.5,,,
2002-07-08,,,7812.5,,,
2002-07-09,,,7812.5,,,
2002-07-10,7625.0,7625.0,7812.5,7625.0,,3.42544
2002-07-11,,,7812.5,,,
2002-07-12,,,7812.5,,,
2002-07-15,,,7812.5,,,
2002-07-16,,,7812.5,,,
2002-07-17,,,7812.5,,,
2002-07-18,,,7812.5,,,
2002-07-19,6562.5,6562.5,7812.5,6562.5,,0.8
2002-07-22,,,7812.5,,,
2002-07-23,,,7812.5,,,
2002-07-24,,,7812.5,,,
2002-07-25,,,7812.5,,,
2002-07-26,6562.5,6562.5,7812.5,6562.5,,0.5696
2002-07-29,,,7812.5,,,
2002-07-30,,,7812.5,,,
2002-07-31,,,7812.5,,,
2002-08-01,,,7812.5,,,
2002-08-02,,,7812.5,,,
2002-08-05,,,7812.5,,,
2002-08-06,,,7812.5,,,
2002-08-07,,,7812.5,,,
2002-08-08,,,7812.5,,,
2002-08-09,,,7812.5,,,
2002-08-12,,,7812.5,,,
2002-08-13,,,7812.5,,,
2002-08-14,,,7812.5,,,
2002-08-15,,,7812.5,,,
2002-08-16,7500.0,7500.0,7812.5,7500.0,,0.48
2002-08-19,6250.0,6250.0,7812.5,6250.0,,19.2
2002-08-20,6437.5,6437.5,7812.5,6437.5,,1.12
2002-08-21,,,7812.5,,,
2002-08-22,,,7812.5,,,
2002-08-23,,,7812.5,,,
2002-08-27,,,7812.5,,,
2002-08-28,,,7812.5,,,
2002-08-29,,,7812.5,,,
2002-08-30,,,7812.5,,,
2002-09-02,,,7812.5,,,
2002-09-03,,,7812.5,,,
2002-09-04,,,7812.5,,,
2002-09-05,7812.5,7812.5,7812.5,7812.5,,3.2
2002-09-06,,,7812.5,,,
2002-09-09,,,7812.5,,,
2002-09-10,,,7812.5,,,
2002-09-11,,,7812.5,,,
2002-09-12,,,7812.5,,,
2002-09-13,6437.5,6437.5,7812.5,6437.5,,0.64
2002-09-16,,,7812.5,,,
2002-09-17,,,7812.5,,,
2002-09-18,,,7812.5,,,
2002-09-19,6437.5,6437.5,7812.5,6437.5,,1.28
2002-09-20,,,6250.0,,,
2002-09-23,,,6250.0,,,
2002-09-24,,,6250.0,,,
2002-09-25,4750.0,4750.0,6250.0,4750.0,,5.6
2002-09-26,4875.0,4875.0,6250.0,4875.0,,2.4
2002-09-27,,,6250.0,,,
2002-09-30,,,6250.0,,,
2002-10-01,4875.0,4875.0,6250.0,4875.0,,0.6656
2002-10-02,,,6250.0,,,
2002-10-03,,,6250.0,,,
2002-10-04,4875.0,4875.0,6250.0,4875.0,,3.42544
2002-10-07,,,6250.0,,,
2002-10-08,,,6250.0,,,
2002-10-09,,,6250.0,,,
2002-10-10,4875.0,4875.0,6250.0,4875.0,,0.64
2002-10-11,,,6250.0,,,
2002-10-14,,,6250.0,,,
2002-10-15,,,6250.0,,,
2002-10-16,,,6250.0,,,
2002-10-17,,,6250.0,,,
2002-10-18,,,6250.0,,,
2002-10-21,,,6250.0,,,
2002-10-22,,,6250.0,,,
2002-10-23,,,6250.0,,,
2002-10-24,,,6250.0,,,
2002-10-25,,,6250.0,,,
2002-10-28,,,6250.0,,,
2002-10-29,,,6250.0,,,
2002-10-30,6062.5,6062.5,6250.0,6062.5,,1.28
2002-10-31,,,6250.0,,,
2002-11-01,,,6250.0,,,
2002-11-04,,,6250.0,,,
2002-11-05,,,6250.0,,,
2002-11-06,,,4687.5,1562.5,,240.0
2002-11-07,,,4687.5,,,
2002-11-08,3906.25,3906.25,4687.5,3906.25,,32.0
2002-11-11,3906.25,3906.25,4687.5,3906.25,,32.0
2002-11-12,,,4687.5,,,
2002-11-13,3906.25,3906.25,4687.5,3906.25,,32.0
2002-11-14,,,4687.5,,,
2002-11-15,,,4687.5,,,
2002-11-18,,,4687.5,,,
2002-11-19,,,4687.5,,,
2002-11-20,,,4687.5,,,
2002-11-21,,,4687.5,,,
2002-11-22,,,4687.5,,,
2002-11-25,3312.5,3312.5,4687.5,3312.5,,0.2896
2002-11-26,,,4687.5,,,
2002-11-27,,,4687.5,,,
2002-11-28,3125.0,3125.0,4687.5,3125.0,,6.4
2002-11-29,,,4687.5,,,
2002-12-02,,,4687.5,,,
2002-12-03,,,4687.5,,,
2002-12-04,3312.5,3312.5,4687.5,3312.5,,0.64
2002-12-05,3125.0,3125.0,4687.5,3125.0,,45.40336
2002-12-06,,,4687.5,,,
2002-12-09,,,4687.5,,,
2002-12-10,,,4687.5,,,
2002-12-11,,,4687.5,,,
2002-12-12,,,4687.5,,,
2002-12-13,,,4687.5,,,
2002-12-16,,,4687.5,,,
2002-12-17,,,4687.5,,,
2002-12-18,,,4687.5,,,
2002-12-19,4375.0,4375.0,4687.5,4375.0,,64.0
2002-12-20,,,4687.5,,,
2002-12-23,,,4687.5,,,
2002-12-24,,,4687.5,,,
2002-12-27,,,4687.5,,,
2002-12-30,,,4687.5,,,
2002-12-31,,,4687.5,,,
2003-01-02,,,4687.5,,,
2003-01-03,,,4687.5,,,
2003-01-06,,,4687.5,,,
2003-01-07,,,4687.5,,,
2003-01-08,,,4687.5,,,
2003-01-09,,,4687.5,,,
2003-01-10,,,3906.25,,,
2003-01-13,,,3906.25,,,
2003-01-14,,,3906.25,,,
2003-01-15,,,3906.25,,,
2003-01-16,,,3906.25,,,
2003-01-17,,,3906.25,,,
2003-01-20,,,3906.25,,,
2003-01-21,,,3906.25,,,
2003-01-22,,,3906.25,,,
2003-01-23,,,3906.25,,,
2003-01-24,,,3906.25,,,
2003-01-27,,,3906.25,,,
2003-01-28,,,3906.25,,,
2003-01-29,,,3906.25,,,
2003-01-30,,,3906.25,,,
2003-01-31,,,3906.25,,,
2003-02-03,,,3906.25,,,
2003-02-04,3518.75,3518.75,3906.25,3518.75,,4.0
2003-02-05,,,3906.25,,,
2003-02-06,,,3906.25,,,
2003-02-07,4062.5,3125.0,3906.25,3125.0,,40.0
2003-02-10,,,3906.25,,,
2003-02-11,,,3906.25,,,
2003-02-12,,,3906.25,,,
2003-02-13,,,3906.25,,,
2003-02-14,,,4687.5,,,
2003-02-17,5862.5,4687.5,6250.0,5862.5,,187.10432
2003-02-18,,,6250.0,,,
2003-02-19,,,6250.0,,,
2003-02-20,,,6250.0,,,
2003-02-21,,,6250.0,,,
2003-02-24,7437.5,7437.5,6250.0,7437.5,,1.6
2003-02-25,,,6250.0,,,
2003-02-26,7500.0,5312.5,6250.0,5312.5,,9.6
2003-02-27,4687.5,4687.5,6250.0,4687.5,,133.664
2003-02-28,,,6250.0,,,
2003-03-03,,,6250.0,,,
2003-03-04,,,6250.0,,,
2003-03-05,,,6250.0,,,
2003-03-06,,,6250.0,,,
2003-03-07,4687.5,4687.5,6250.0,4687.5,,112.0
2003-03-10,7437.5,7437.5,6250.0,7437.5,,2.68896
2003-03-11,,,6250.0,,,
2003-03-12,,,6250.0,,,
2003-03-13,6250.0,6250.0,7031.25,6250.0,,160.0
2003-03-14,7500.0,6875.0,7031.25,6875.0,,12.8
2003-03-17,,,7031.25,,,
2003-03-18,,,7031.25,,,
2003-03-19,7187.5,6437.5,7031.25,7187.5,,16.32
2003-03-20,,,7031.25,,,
2003-03-21,6250.0,5625.0,7031.25,5625.0,,512.0
2003-03-24,6250.0,5625.0,7031.25,5625.0,,1016.0
2003-03-25,,,7031.25,,,
2003-03-26,,,7031.25,,,
2003-03-27,,,7031.25,,,
2003-03-28,,,7031.25,,,
2003-03-31,,,7031.25,,,
2003-04-01,,,7031.25,,,
2003-04-02,7031.25,5062.5,7031.25,5625.0,,1128.0
2003-04-03,,,6250.0,,,
2003-04-04,5468.75,4687.5,6250.0,5468.75,,6.77424
2003-04-07,7031.25,5625.0,6250.0,7031.25,,280.0
2003-04-08,5625.0,5625.0,6250.0,5625.0,,40.0
2003-04-09,,,6250.0,,,
2003-04-10,,,6250.0,,,
2003-04-11,,,6250.0,,,
2003-04-14,,,6250.0,,,
2003-04-15,,,6250.0,,,
2003-04-16,,,6250.0,,,
2003-04-17,,,6250.0,,,
2003-04-22,,,6250.0,,,
2003-04-23,,,6250.0,,,
2003-04-24,6875.0,6875.0,7031.25,6875.0,,8.70192
2003-04-25,7812.5,6250.0,7031.25,7812.5,,105.6
2003-04-28,6250.0,4687.5,6250.0,4687.5,,208.0
2003-04-29,6250.0,6250.0,5468.75,6250.0,,80.0
2003-04-30,4687.5,4687.5,5468.75,4687.5,,2.4992
2003-05-01,,,5468.75,,,
2003-05-02,5468.75,5468.75,5468.75,5468.75,,288.0
2003-05-06,,,5468.75,,,
2003-05-07,,,5468.75,,,
2003-05-08,4875.0,4875.0,5468.75,4875.0,,1.6
2003-05-09,,,5468.75,,,
2003-05-12,,,5468.75,,,
2003-05-13,,,5468.75,,,
2003-05-14,5312.5,5000.0,5468.75,5000.0,,320.0
2003-05-15,5312.5,5000.0,5468.75,5000.0,,280.0
2003-05-16,6062.5,4687.5,5468.75,6062.5,,36.8
2003-05-19,,,5468.75,,,
2003-05-20,,,5468.75,,,
2003-05-21,,,5468.75,,,
2003-05-22,4875.0,4875.0,5468.75,4875.0,,40.0
2003-05-23,,,5468.75,,,
2003-05-27,6250.0,4687.5,5468.75,6250.0,,2641.28992
2003-05-28,,,5468.75,,,
2003-05-29,,,5468.75,,,
2003-05-30,,,5468.75,,,
2003-06-02,6250.0,6062.5,5468.75,6250.0,,11.07744
2003-06-03,,,5468.75,,,
2003-06-04,,,5468.75,,,
2003-06-05,,,5468.75,,,
2003-06-06,,,5468.75,,,
2003-06-09,,,5468.75,,,
2003-06-10,,,5468.75,,,
2003-06-11,4687.5,4687.5,5468.75,4687.5,,400.0
2003-06-12,4687.5,4687.5,5468.75,4687.5,,24.24
2003-06-13,,,5468.75,,,
2003-06-16,,,5468.75,,,
2003-06-17,,,5468.75,,,
2003-06-18,6250.0,6250.0,5468.75,6250.0,,80.0
2003-06-19,,,5468.75,,,
2003-06-20,9375.0,4687.5,8593.75,4875.0,,1346.24
2003-06-23,9218.75,6250.0,7812.5,7812.5,,76.49648
2003-06-24,7812.5,6250.0,7031.25,7500.0,,596.09472
2003-06-25,8593.75,6250.0,7031.25,7812.5,,1104.424
2003-06-26,9375.0,6250.0,8593.75,7500.0,,810.9808
2003-06-27,9375.0,7343.75,8203.125,9375.0,,144.19712
2003-06-30,9375.0,7343.75,8203.125,9375.0,,8.37152
2003-07-01,7812.5,7031.25,8203.125,7187.5,,80.0
2003-07-02,7187.5,7187.5,8203.125,7187.5,,1.52
2003-07-03,8593.75,7031.25,8203.125,7187.5,,107.04304
2003-07-04,,,8203.125,,,
2003-07-07,7785.0,7031.25,8203.125,7687.5,,119.66624
2003-07-08,8593.75,7031.25,8203.125,7031.25,,41.2
2003-07-09,8125.0,7031.25,8203.125,7031.25,,400.0
2003-07-10,,,8203.125,,,
2003-07-11,,,8203.125,,,
2003-07-14,9375.0,7812.5,8203.125,7812.5,,384.0
2003-07-15,8593.75,8593.75,8203.125,8593.75,,19.2
2003-07-16,,,8203.125,,,
2003-07-17,,,8203.125,,,
2003-07-18,8125.0,7031.25,8203.125,7031.25,,38.08
2003-07-21,,,8203.125,,,
2003-07-22,,,8203.125,,,
2003-07-23,,,8203.125,,,
2003-07-24,8203.125,8203.125,8203.125,8203.125,,0.70176
2003-07-25,,,8203.125,,,
2003-07-28,8203.125,7421.875,8203.125,8203.125,,136.0
2003-07-29,8203.125,8203.125,8203.125,8203.125,,8.0
2003-07-30,,,8203.125,,,
2003-07-31,8203.125,8203.125,8203.125,8203.125,,80.0
2003-08-01,8203.125,8203.125,8203.125,8203.125,,417.79696
2003-08-04,,,8203.125,,,
2003-08-05,8203.125,8203.125,8203.125,8203.125,,32.0
2003-08-07,8203.125,8203.125,8203.125,8203.125,,648.0
2003-08-08,8203.125,8203.125,8203.125,8203.125,,8.0
2003-08-11,8203.125,8203.125,8203.125,8203.125,,120.48
2003-08-12,8203.125,8203.125,8203.125,8203.125,,63.2
2003-08-13,8203.125,8203.125,8203.125,8203.125,,40.0
2003-08-14,8203.125,8203.125,8203.125,8203.125,,80.0
2003-08-15,8203.125,8203.125,8203.125,8203.125,,160.0
2003-08-18,8203.125,8203.125,8203.125,8203.125,,47.77888
2003-08-19,8203.125,8203.125,8203.125,8203.125,,5.33328
2003-08-20,8203.125,8203.125,8203.125,8203.125,,352.0
2003-08-21,8203.125,8203.125,8203.125,8203.125,,675.10432
2003-08-22,8593.75,8203.125,8593.75,8203.125,,202.48
2003-08-26,8593.75,8593.75,8593.75,8593.75,,25.28144
2003-08-27,8593.75,8593.75,8593.75,8593.75,,40.0
2003-08-28,8593.75,8593.75,8593.75,8593.75,,34.96
2003-08-29,8593.75,8593.75,8593.75,8593.75,,16.0
2003-09-01,,,8593.75,,,
2003-09-02,,,8593.75,,,
2003-09-03,,,8593.75,,,
2003-09-04,,,8593.75,,,
2003-09-05,,,8593.75,,,
2003-09-08,,,8593.75,,,
2003-09-09,,,8593.75,,,
2003-09-10,,,8593.75,,,
2003-09-11,,,8593.75,,,
2003-09-12,,,8593.75,,,
2003-09-15,,,8593.75,,,
2003-09-16,,,8593.75,,,
2003-09-17,,,8593.75,,,
2003-09-18,,,8593.75,,,
2003-09-19,,,8593.75,,,
2003-09-22,,,8593.75,,,
2003-09-23,,,8593.75,,,
2003-09-24,,,8593.75,,,
2003-09-25,,,8593.75,,,
2003-09-26,,,8593.75,,,
2003-09-29,,,8593.75,,,
2003-09-30,,,8593.75,,,
2003-10-01,,,8593.75,,,
2003-10-02,,,8593.75,,,
2003-10-03,,,8593.75,,,
2003-10-06,,,8593.75,,,
2003-10-07,,,8593.75,,,
2003-10-08,,,8593.75,,,
2003-10-09,,,8593.75,,,
2003-10-10,,,8593.75,,,
2003-10-13,,,8593.75,,,
2003-10-14,,,8593.75,,,
2003-10-15,,,8593.75,,,
2003-10-16,,,8593.75,,,
2003-10-17,,,8593.75,,,
2003-10-20,10156.25,7812.5,10156.25,7812.5,,712.0816
2003-10-21,11015.625,10156.25,10625.0,10156.25,,1718.02592
2003-10-22,11406.25,10625.0,11312.5,10625.0,,1950.87168
2003-10-23,11156.25,10968.75,10968.75,11156.25,,2993.19856
2003-10-24,10968.75,10968.75,10968.75,10968.75,,717.94944
2003-10-27,10968.75,10968.75,10968.75,10968.75,,835.25248
2003-10-28,10968.75,10812.5,10812.5,10968.75,,271.24304
2003-10-29,10812.5,10187.5,10250.0,10812.5,,434.7856
2003-10-30,10250.0,10125.0,10125.0,10250.0,,388.18064
2003-10-31,10125.0,10125.0,10125.0,10125.0,,312.69392
2003-11-03,10312.5,10218.75,10312.5,10218.75,,622.9056
2003-11-04,10312.5,10218.75,10218.75,10312.5,,152.64576
2003-11-05,10218.75,10125.0,10125.0,10218.75,,461.28
2003-11-06,10125.0,10125.0,10125.0,10125.0,,9.21504
2003-11-07,10125.0,10125.0,10125.0,10125.0,,106.07824
2003-11-10,10125.0,10125.0,10125.0,10125.0,,231.9536
2003-11-11,10312.5,10125.0,10218.75,10125.0,,327.15184
2003-11-12,10218.75,10125.0,10125.0,10218.75,,218.74896
2003-11-13,10125.0,10000.0,10000.0,10125.0,,206.6008
2003-11-14,10000.0,8906.25,9062.5,10000.0,,926.58032
2003-11-17,9062.5,9062.5,9062.5,9062.5,,59.67488
2003-11-18,9218.75,9062.5,9218.75,9062.5,,156.81792
2003-11-19,9125.0,9125.0,9125.0,9125.0,,93.0936
2003-11-20,9187.5,9125.0,9125.0,9187.5,,206.8552
2003-11-21,9125.0,8906.25,8906.25,9125.0,,1569.83888
2003-11-24,9312.5,9156.25,9312.5,9156.25,,3924.72816
2003-11-25,9312.5,9281.25,9281.25,9312.5,,4077.48432
2003-11-26,9281.25,9281.25,9281.25,9281.25,,11331.22192
2003-11-27,9281.25,9281.25,9281.25,9281.25,,1478.09936
2003-11-28,9375.0,9281.25,9375.0,9281.25,,4439.98288
2003-12-01,9375.0,9375.0,9375.0,9375.0,,215.96144
2003-12-02,9375.0,9343.75,9343.75,9375.0,,1721.45904
2003-12-03,9343.75,9250.0,9281.25,9343.75,,1125.0704
2003-12-04,9281.25,9250.0,9281.25,9250.0,,283.20192
2003-12-05,9281.25,9281.25,9281.25,9281.25,,675.94752
2003-12-08,9281.25,9281.25,9281.25,9281.25,,292.6592
2003-12-09,9281.25,9281.25,9281.25,9281.25,,4656.59888
2003-12-10,9312.5,9281.25,9312.5,9281.25,,12527.33248
2003-12-11,9312.5,9312.5,9312.5,9312.5,,2123.95584
2003-12-12,9343.75,9312.5,9343.75,9312.5,,560.8
2003-12-15,10031.25,9406.25,10000.0,9406.25,,3969.32016
2003-12-16,10531.25,10281.25,10531.25,10281.25,,2905.52224
2003-12-17,10593.75,10531.25,10593.75,10531.25,,493.53392
2003-12-18,10593.75,10593.75,10593.75,10593.75,,495.22848
2003-12-19,10593.75,10593.75,10593.75,10593.75,,248.16
2003-12-22,10593.75,10593.75,10593.75,10593.75,,975.97696
2003-12-23,10593.75,10468.75,10468.75,10593.75,,691.28896
2003-12-24,10468.75,10468.75,10468.75,10468.75,,68.56528
2003-12-29,10468.75,10468.75,10468.75,10468.75,,148.83824
2003-12-30,10468.75,10468.75,10468.75,10468.75,,788.11504
2003-12-31,10468.75,10281.25,10281.25,10468.75,,294.21632
2004-01-02,10468.75,10281.25,10468.75,10281.25,,381.01584
2004-01-05,10468.75,10468.75,10468.75,10468.75,,110.824
2004-01-06,10562.5,10468.75,10562.5,10468.75,,3654.8456
2004-01-07,10562.5,10312.5,10531.25,10312.5,,1328.45552
2004-01-08,10531.25,10437.5,10437.5,10531.25,,4260.69696
2004-01-09,10843.75,10437.5,10843.75,10437.5,,9883.59696
2004-01-12,11656.25,10843.75,11656.25,10843.75,,6685.61984
2004-01-13,12062.5,11656.25,11718.75,11718.75,,5366.91808
2004-01-14,11781.25,11718.75,11718.75,11718.75,,2270.08624
2004-01-15,11781.25,11718.75,11781.25,11718.75,,2518.52432
2004-01-16,11781.25,11781.25,11781.25,11781.25,,1571.44976
2004-01-19,11812.5,11781.25,11781.25,11781.25,,818.40928
2004-01-20,11937.5,11781.25,11875.0,11781.25,,8304.01584
2004-01-21,11781.25,11781.25,11781.25,11781.25,,697.10384
2004-01-22,11781.25,11781.25,11781.25,11781.25,,982.57632
2004-01-23,11781.25,11781.25,11781.25,11781.25,,9590.7824
2004-01-26,11781.25,11781.25,11781.25,11781.25,,526.3496
2004-01-27,11781.25,11781.25,11781.25,11781.25,,336.5352
2004-01-28,11781.25,11750.0,11781.25,11750.0,,4456.61776
2004-01-29,11781.25,11781.25,11781.25,11781.25,,566.752
2004-01-30,11781.25,11781.25,11781.25,11781.25,,926.70976
2004-02-02,12000.0,11937.5,11937.5,11937.5,,1745.63536
2004-02-03,11937.5,11781.25,11875.0,11937.5,,526.00976
2004-02-04,11843.75,11843.75,11843.75,11843.75,,880.81328
2004-02-05,11843.75,11750.0,11750.0,11843.75,,1115.81264
2004-02-06,11812.5,11687.5,11718.75,11750.0,,1573.67488
2004-02-09,11750.0,11718.75,11750.0,11718.75,,2505.69344
2004-02-10,11750.0,11593.75,11656.25,11750.0,,1182.7064
2004-02-11,11656.25,11375.0,11375.0,11406.25,,1217.93296
2004-02-12,11500.0,11250.0,11406.25,11375.0,,1995.91776
2004-02-13,12062.5,11593.75,12062.5,11593.75,,3447.74784
2004-02-16,12156.25,12000.0,12000.0,12062.5,,2140.66016
2004-02-17,12093.75,12031.25,12093.75,12031.25,,2246.61824
2004-02-18,12343.75,12125.0,12125.0,12187.5,,1086.76528
2004-02-19,12125.0,12125.0,12125.0,12125.0,,450.54192
2004-02-20,12125.0,12125.0,12125.0,12125.0,,348.15296
2004-02-23,12218.75,12125.0,12218.75,12125.0,,1557.32224
2004-02-24,12343.75,12218.75,12343.75,12218.75,,3698.47392
2004-02-25,12406.25,12343.75,12406.25,12343.75,,2329.96112
2004-02-26,13375.0,13281.25,13375.0,13281.25,,11852.672
2004-02-27,13875.0,13375.0,13875.0,13375.0,,15224.22736
2004-03-01,15406.25,14156.25,14906.25,14156.25,,21054.14896
2004-03-02,15031.25,13906.25,13968.75,15031.25,,7680.5704
2004-03-03,13968.75,13968.75,13968.75,13968.75,,2015.41408
2004-03-04,13843.75,13062.5,13531.25,13843.75,,4429.3928
2004-03-05,13968.75,13437.5,13968.75,13531.25,,34563.36672
2004-03-08,14656.25,14031.25,14593.75,14031.25,,4649.03888
2004-03-09,14593.75,13906.25,14218.75,14593.75,,1991.12528
2004-03-10,14625.0,14406.25,14625.0,14406.25,,3556.38688
2004-03-11,14625.0,13593.75,13687.5,14625.0,,2936.47728
2004-03-12,13968.75,13593.75,13968.75,13687.5,,2353.68688
2004-03-15,14312.5,14125.0,14312.5,14125.0,,4500.37488
2004-03-16,14312.5,13968.75,13968.75,14312.5,,1139.55136
2004-03-17,13906.25,13687.5,13687.5,13906.25,,831.968
2004-03-18,14531.25,14281.25,14531.25,14281.25,,6326.49264
2004-03-19,14531.25,14281.25,14312.5,14531.25,,1951.732
2004-03-22,14375.0,14156.25,14156.25,14312.5,,1810.26224
2004-03-23,14250.0,14093.75,14093.75,14156.25,,824.92912
2004-03-24,14093.75,13937.5,13937.5,14093.75,,1057.66512
2004-03-25,13937.5,13781.25,13781.25,13843.75,,1298.04144
2004-03-26,13781.25,13625.0,13625.0,13781.25,,892.79488
2004-03-29,13593.75,13000.0,13000.0,13593.75,,1106.91472
2004-03-30,13187.5,13000.0,13062.5,13000.0,,1942.6768
2004-03-31,13062.5,13000.0,13000.0,13062.5,,487.73632
2004-04-01,13000.0,12906.25,12906.25,13000.0,,841.02448
2004-04-02,13000.0,12906.25,13000.0,12906.25,,678.55072
2004-04-05,13218.75,13062.5,13062.5,13062.5,,886.21264
2004-04-06,13062.5,12843.75,12843.75,13062.5,,733.72704
2004-04-07,12843.75,12843.75,12843.75,12843.75,,232.8888
2004-04-08,13125.0,12812.5,12812.5,13125.0,,1855.03408
2004-04-13,12906.25,12718.75,12906.25,12875.0,,4382.49936
2004-04-14,13031.25,12906.25,13031.25,12906.25,,3417.62624
2004-04-15,13125.0,13031.25,13093.75,13031.25,,4642.22
2004-04-16,13093.75,13093.75,13093.75,13093.75,,1952.88224
2004-04-19,13062.5,13062.5,13062.5,13062.5,,2245.25056
2004-04-20,13062.5,12875.0,12968.75,13062.5,,966.98064
2004-04-21,12906.25,12187.5,12343.75,12906.25,,1627.28384
2004-04-22,12343.75,12093.75,12093.75,12343.75,,905.82
2004-04-23,12187.5,12093.75,12187.5,12093.75,,557.60784
2004-04-26,12406.25,12250.0,12343.75,12250.0,,9774.68928
2004-04-27,12718.75,12343.75,12718.75,12343.75,,1924.12672
2004-04-28,12875.0,12718.75,12875.0,12718.75,,1239.84368
2004-04-29,12875.0,12750.0,12750.0,12875.0,,804.1456
2004-04-30,12750.0,12750.0,12750.0,12750.0,,705.44272
2004-05-04,12750.0,12656.25,12656.25,12750.0,,536.70768
2004-05-05,12718.75,12500.0,12500.0,12656.25,,736.41712
2004-05-06,12500.0,12250.0,12250.0,12500.0,,721.85216
2004-05-07,12250.0,11718.75,11718.75,12250.0,,785.1168
2004-05-10,11718.75,11000.0,11031.25,11718.75,,1122.61376
2004-05-11,10875.0,10312.5,10312.5,10875.0,,1375.94064
2004-05-12,11000.0,9843.75,10937.5,9843.75,,4040.12336
2004-05-13,10937.5,10875.0,10875.0,10937.5,,583.30448
2004-05-14,11000.0,10781.25,10906.25,10875.0,,1225.8312
2004-05-17,10906.25,10468.75,10468.75,10906.25,,746.9992
2004-05-18,10468.75,10343.75,10343.75,10468.75,,475.14064
2004-05-19,10500.0,10343.75,10500.0,10343.75,,1566.14
2004-05-20,10531.25,10500.0,10531.25,10500.0,,228.77248
2004-05-21,10531.25,10437.5,10437.5,10531.25,,330.83344
2004-05-24,10437.5,10437.5,10437.5,10437.5,,318.58512
2004-05-25,10437.5,10437.5,10437.5,10437.5,,56.84144
2004-05-26,10781.25,10437.5,10781.25,10437.5,,1098.78704
2004-05-27,10781.25,10781.25,10781.25,10781.25,,170.31328
2004-05-28,10781.25,10625.0,10625.0,10781.25,,259.71232
2004-06-01,10625.0,10375.0,10625.0,10468.75,,737.26128
2004-06-02,10718.75,10500.0,10562.5,10718.75,,544.49712
2004-06-03,10625.0,10562.5,10625.0,10562.5,,3712.8504
2004-06-04,10843.75,10625.0,10843.75,10625.0,,1232.87264
2004-06-07,11093.75,11000.0,11000.0,11093.75,,1501.44064
2004-06-08,11093.75,10937.5,10937.5,11093.75,,451.4976
2004-06-09,11031.25,10781.25,11031.25,10781.25,,1151.60176
2004-06-10,11031.25,11031.25,11031.25,11031.25,,179.56592
2004-06-11,11031.25,11031.25,11031.25,11031.25,,267.18464
2004-06-14,11031.25,11031.25,11031.25,11031.25,,684.12208
2004-06-15,11031.25,10875.0,10875.0,11031.25,,307.24016
2004-06-16,10937.5,10937.5,10937.5,10937.5,,743.55424
2004-06-17,11000.0,10937.5,11000.0,10937.5,,272.36976
2004-06-18,11031.25,11000.0,11031.25,11000.0,,252.57584
2004-06-21,11031.25,10875.0,10937.5,11031.25,,209.86832
2004-06-22,10937.5,10875.0,10875.0,10937.5,,80.70016
2004-06-23,10875.0,10812.5,10812.5,10875.0,,244.11712
2004-06-24,10812.5,10687.5,10687.5,10812.5,,137.06752
2004-06-25,10718.75,10687.5,10718.75,10687.5,,270.97472
2004-06-28,10718.75,10156.25,10156.25,10718.75,,783.5792
2004-06-29,10312.5,10093.75,10250.0,10093.75,,2056.36464
2004-06-30,10312.5,10312.5,10312.5,10312.5,,576.8776
2004-07-01,10312.5,10218.75,10218.75,10312.5,,109.65152
2004-07-02,10375.0,10218.75,10312.5,10218.75,,293.89584
2004-07-05,10312.5,10156.25,10156.25,10312.5,,242.04608
2004-07-06,10156.25,9937.5,9937.5,10156.25,,185.1112
2004-07-07,9937.5,9906.25,9906.25,9937.5,,168.26256
2004-07-08,9968.75,9906.25,9906.25,9906.25,,308.03184
2004-07-09,9906.25,9687.5,9687.5,9906.25,,337.48864
2004-07-12,9906.25,9687.5,9906.25,9687.5,,1169.73136
2004-07-13,10000.0,9906.25,10000.0,9906.25,,2108.91888
2004-07-14,10125.0,10000.0,10125.0,10000.0,,3585.16176
2004-07-15,10312.5,10187.5,10312.5,10187.5,,2523.00272
2004-07-16,10312.5,10312.5,10312.5,10312.5,,618.65872
2004-07-19,10906.25,10312.5,10906.25,10312.5,,6948.68384
2004-07-20,10906.25,10781.25,10843.75,10906.25,,652.18128
2004-07-21,11656.25,11062.5,11656.25,11062.5,,5763.84576
2004-07-22,12031.25,11781.25,11843.75,11843.75,,2541.144
2004-07-23,11937.5,11781.25,11875.0,11937.5,,2289.87312
2004-07-26,12406.25,11937.5,11968.75,12187.5,,3985.87104
2004-07-27,11812.5,11093.75,11406.25,11812.5,,1339.66896
2004-07-28,11312.5,10531.25,10843.75,11312.5,,1077.51664
2004-07-29,11000.0,10906.25,10906.25,10906.25,,226.16112
2004-07-30,11000.0,10625.0,10718.75,11000.0,,440.0968
2004-08-02,10781.25,10718.75,10718.75,10718.75,,262.25648
2004-08-03,10718.75,10656.25,10656.25,10718.75,,695.71296
2004-08-04,10718.75,10562.5,10718.75,10656.25,,1155.40048
2004-08-05,10843.75,10718.75,10843.75,10718.75,,711.1552
2004-08-06,10843.75,10781.25,10843.75,10843.75,,534.6464
2004-08-09,10843.75,10718.75,10718.75,10843.75,,691.01808
2004-08-10,10718.75,10531.25,10531.25,10718.75,,217.58368
2004-08-11,10531.25,10062.5,10312.5,10531.25,,792.79296
2004-08-12,10312.5,10093.75,10156.25,10312.5,,310.86048
2004-08-13,10250.0,10156.25,10250.0,10156.25,,298.48304
2004-08-16,10250.0,10031.25,10031.25,10250.0,,475.48192
2004-08-17,10031.25,9937.5,9937.5,10031.25,,470.49376
2004-08-18,9937.5,9906.25,9906.25,9937.5,,69.26384
2004-08-19,9937.5,9906.25,9937.5,9906.25,,1920.07024
2004-08-20,10312.5,10000.0,10312.5,10000.0,,791.36656
2004-08-23,10312.5,10312.5,10312.5,10312.5,,60.59824
2004-08-24,10312.5,10187.5,10187.5,10312.5,,283.35824
2004-08-25,10187.5,10187.5,10187.5,10187.5,,30.86288
2004-08-26,10187.5,10187.5,10187.5,10187.5,,68.55552
2004-08-27,10187.5,10187.5,10187.5,10187.5,,102.9016
2004-08-31,10250.0,10031.25,10031.25,10187.5,,153.6
2004-09-01,10093.75,10031.25,10031.25,10031.25,,132.72704
2004-09-02,10031.25,10031.25,10031.25,10031.25,,217.81456
2004-09-03,10031.25,10031.25,10031.25,10031.25,,3430.92864
2004-09-06,10156.25,10031.25,10156.25,10031.25,,316.48192
2004-09-07,10468.75,10156.25,10468.75,10156.25,,947.22208
2004-09-08,10750.0,10468.75,10718.75,10468.75,,580.84336
2004-09-09,11343.75,10718.75,11343.75,10718.75,,7642.01088
2004-09-10,11562.5,11343.75,11500.0,11343.75,,749.18208
2004-09-13,11562.5,11500.0,11500.0,11562.5,,280.76656
2004-09-14,11781.25,11562.5,11781.25,11562.5,,2706.7456
2004-09-15,11781.25,11656.25,11718.75,11781.25,,1001.18496
2004-09-16,11718.75,11718.75,11718.75,11718.75,,1467.32656
2004-09-17,11781.25,11718.75,11781.25,11718.75,,149.93776
2004-09-20,11781.25,11718.75,11718.75,11781.25,,1963.48192
2004-09-21,11718.75,11718.75,11718.75,11718.75,,1600.1496
2004-09-22,11718.75,11656.25,11656.25,11718.75,,761.2792
2004-09-23,11656.25,11656.25,11656.25,11656.25,,360.6128
2004-09-24,11656.25,11656.25,11656.25,11656.25,,1073.89424
2004-09-27,11656.25,11656.25,11656.25,11656.25,,1364.40016
2004-09-28,11656.25,11656.25,11656.25,11656.25,,158.41104
2004-09-29,11656.25,11656.25,11656.25,11656.25,,332.38736
2004-09-30,11656.25,11656.25,11656.25,11656.25,,2145.89344
2004-10-01,11656.25,11656.25,11656.25,11656.25,,564.64768
2004-10-04,11781.25,11656.25,11781.25,11656.25,,533.5856
2004-10-05,11812.5,11781.25,11812.5,11781.25,,308.67872
2004-10-06,11812.5,11687.5,11812.5,11687.5,,268.97264
2004-10-07,11812.5,11812.5,11812.5,11812.5,,157.1824
2004-10-08,11812.5,11812.5,11812.5,11812.5,,332.96192
2004-10-11,11812.5,11812.5,11812.5,11812.5,,37.6032
2004-10-12,11812.5,11812.5,,11812.5,,1513.89344
2004-10-13,11812.5,11812.5,11812.5,11812.5,,127.86928
2004-10-14,12156.25,11937.5,12031.25,11937.5,,719.14128
2004-10-15,12156.25,11968.75,12093.75,12031.25,,438.90384
2004-10-18,12093.75,12093.75,12093.75,12093.75,,152.07824
2004-10-19,12156.25,11968.75,12156.25,12093.75,,1051.9568
2004-10-20,12343.75,12156.25,12156.25,12156.25,,709.44576
2004-10-21,12156.25,12125.0,12125.0,12156.25,,1465.41552
2004-10-22,12125.0,12125.0,12125.0,12125.0,,237.9632
2004-10-25,12062.5,12000.0,12000.0,12062.5,,1833.27088
2004-10-26,11968.75,11906.25,11906.25,11968.75,,1354.68704
2004-10-27,11906.25,11906.25,11906.25,11906.25,,603.556
2004-10-28,11906.25,11843.75,11843.75,11906.25,,256.54224
2004-10-29,11843.75,11843.75,11843.75,11843.75,,519.53632
2004-11-01,11843.75,11843.75,11843.75,11843.75,,228.044
2004-11-02,11937.5,11843.75,11937.5,11843.75,,147.90752
2004-11-03,11937.5,11937.5,11937.5,11937.5,,191.68704
2004-11-04,11937.5,11875.0,11875.0,11937.5,,903.74576
2004-11-05,11875.0,11781.25,11781.25,11875.0,,196.58064
2004-11-08,12531.25,12031.25,12281.25,12031.25,,1943.45312
2004-11-09,12500.0,12250.0,12250.0,12468.75,,631.33856
2004-11-10,12656.25,12281.25,12437.5,12656.25,,1202.80256
2004-11-11,12656.25,12437.5,12531.25,12437.5,,1903.0352
2004-11-12,12531.25,12406.25,12500.0,12531.25,,429.86304
2004-11-15,12500.0,12406.25,12406.25,12500.0,,489.20256
2004-11-16,12406.25,12406.25,12406.25,12406.25,,260.41376
2004-11-17,12968.75,12718.75,12906.25,12750.0,,10738.2472
2004-11-18,13125.0,13062.5,13125.0,13125.0,,4291.22368
2004-11-19,13187.5,13125.0,13187.5,13125.0,,6080.13664
2004-11-22,13593.75,13187.5,13500.0,13187.5,,6478.324
2004-11-23,13437.5,12875.0,13375.0,13375.0,,2215.70288
2004-11-24,13562.5,13375.0,13531.25,13375.0,,3054.1704
2004-11-25,13625.0,13531.25,13593.75,13531.25,,1758.6416
2004-11-26,13750.0,13500.0,13656.25,13593.75,,3941.12704
2004-11-29,13781.25,13593.75,13781.25,13656.25,,925.27376
2004-11-30,13781.25,13656.25,13656.25,13781.25,,4324.94512
2004-12-01,14562.5,13656.25,14562.5,13656.25,,3423.61328
2004-12-02,14656.25,14562.5,14625.0,14562.5,,3372.2136
2004-12-03,14750.0,14593.75,14750.0,14625.0,,3549.27072
2004-12-06,14812.5,14750.0,14812.5,14750.0,,1089.11088
2004-12-07,14843.75,14812.5,14812.5,14812.5,,2147.3464
2004-12-08,14843.75,14718.75,14843.75,14812.5,,918.20688
2004-12-09,14843.75,14750.0,14750.0,14843.75,,2993.17504
2004-12-10,14750.0,14750.0,14750.0,14750.0,,760.3872
2004-12-13,14750.0,14718.75,14718.75,14750.0,,578.4096
2004-12-14,14718.75,14687.5,14687.5,14718.75,,5057.28448
2004-12-15,15218.75,14656.25,15218.75,14687.5,,4888.9816
2004-12-16,16062.5,15218.75,16062.5,15218.75,,2765.66288
2004-12-17,17718.75,16062.5,17718.75,16156.25,,4044.54096
2004-12-20,17718.75,17562.5,17625.0,17718.75,,1481.98352
2004-12-21,17625.0,16187.5,16718.75,17625.0,,4517.10912
2004-12-22,16718.75,16562.5,16562.5,16718.75,,1161.3808
2004-12-23,16562.5,16500.0,16500.0,16562.5,,217.70224
2004-12-24,16937.5,16500.0,16937.5,16500.0,,890.68416
2004-12-29,17031.25,16875.0,17031.25,16937.5,,798.30912
2004-12-30,17031.25,17031.25,17031.25,17031.25,,241.23824
2004-12-31,17062.5,17031.25,17062.5,17031.25,,262.82176
2005-01-04,17062.5,16875.0,16875.0,17062.5,,2445.7832
2005-01-05,16875.0,16875.0,16875.0,16875.0,,242.12176
2005-01-06,16875.0,16875.0,16875.0,16875.0,,4159.36144
2005-01-07,16937.5,16875.0,16875.0,16875.0,,943.01856
2005-01-10,16937.5,16656.25,16656.25,16875.0,,1433.65696
2005-01-11,16250.0,16000.0,16000.0,16250.0,,872.736
2005-01-12,16000.0,15750.0,15750.0,16000.0,,268.064
2005-01-13,15750.0,15500.0,15750.0,15750.0,,199.852
2005-01-14,15750.0,15625.0,15625.0,15750.0,,1020.808
2005-01-17,15625.0,15250.0,15250.0,15625.0,,784.964
2005-01-18,15250.0,15250.0,15250.0,15250.0,,465.908
2005-01-19,15250.0,15250.0,15250.0,15250.0,,85.464
2005-01-20,15250.0,15000.0,15125.0,15250.0,,3101.576
2005-01-21,15500.0,15125.0,15500.0,15125.0,,7119.724
2005-01-24,16000.0,15500.0,16000.0,15500.0,,1893.08
2005-01-25,16250.0,16250.0,16250.0,16250.0,,1840.008
2005-01-26,16250.0,16250.0,16250.0,16250.0,,792.272
2005-01-27,17125.0,16250.0,17000.0,16250.0,,1979.544
2005-01-28,17625.0,17000.0,17000.0,17250.0,,4954.904
2005-01-31,17000.0,16625.0,16625.0,17000.0,,600.228
2005-02-01,16625.0,16500.0,16500.0,16625.0,,471.196
2005-02-02,16500.0,16500.0,16500.0,16500.0,,84.4
2005-02-03,16625.0,16500.0,16500.0,16500.0,,1335.024
2005-02-04,16500.0,16500.0,16500.0,16500.0,,33821.852
2005-02-07,16562.5,16437.5,16562.5,16500.0,,499.472
2005-02-08,16875.0,16562.5,16875.0,16562.5,,2137.484
2005-02-09,16875.0,16875.0,16875.0,16875.0,,606.172
2005-02-10,17000.0,16875.0,17000.0,16875.0,,525.82
2005-02-11,17125.0,17000.0,17125.0,17125.0,,712.108
2005-02-14,17125.0,17125.0,17125.0,17125.0,,339.564
2005-02-15,18000.0,17125.0,18000.0,17125.0,,10315.712
2005-02-16,19250.0,18250.0,18812.5,18250.0,,17594.356
2005-02-17,19125.0,18812.5,19125.0,18812.5,,3378.336
2005-02-18,19125.0,19125.0,19125.0,19125.0,,2152.512
2005-02-21,19125.0,19125.0,19125.0,19125.0,,2618.88
2005-02-22,19125.0,19125.0,19125.0,19125.0,,1598.988
2005-02-23,19125.0,18625.0,18750.0,19125.0,,6253.544
2005-02-24,19250.0,18750.0,19250.0,18750.0,,2493.272
2005-02-25,19812.5,19250.0,19812.5,19250.0,,3425.036
2005-02-28,19812.5,19812.5,19812.5,19812.5,,592.624
2005-03-01,23250.0,19812.5,23125.0,19812.5,,15796.284
2005-03-02,25750.0,23750.0,25750.0,23750.0,,12478.408
2005-03-03,30875.0,26125.0,28625.0,26125.0,,27063.476
2005-03-04,33625.0,28375.0,32500.0,28625.0,,12177.448
2005-03-07,34625.0,27250.0,29875.0,32500.0,,11774.972
2005-03-08,29875.0,27625.0,28750.0,29875.0,,9541.836
2005-03-09,31000.0,28750.0,30500.0,28750.0,,5108.956
2005-03-10,30500.0,29750.0,29875.0,30500.0,,1362.616
2005-03-11,30375.0,29875.0,30125.0,29875.0,,1016.672
2005-03-14,31312.5,30125.0,31312.5,30125.0,,5787.86
2005-03-15,32500.0,29250.0,31375.0,31312.5,,4953.848
2005-03-16,31375.0,29750.0,30500.0,31375.0,,2091.812
2005-03-17,31625.0,30500.0,31625.0,30500.0,,1148.248
2005-03-18,31625.0,29625.0,31125.0,31625.0,,1531.756
2005-03-21,31250.0,30750.0,30750.0,31125.0,,865.092
2005-03-22,30625.0,28875.0,29500.0,30625.0,,1272.8
2005-03-23,29500.0,27000.0,27000.0,29500.0,,5752.304
2005-03-24,26875.0,25687.5,25687.5,26875.0,,2792.0
2005-03-29,25687.5,23250.0,23875.0,25687.5,,6087.212
2005-03-30,27500.0,23625.0,25625.0,24000.0,,5425.664
2005-03-31,28000.0,25875.0,26125.0,26625.0,,4142.46
2005-04-01,26750.0,26375.0,26625.0,26750.0,,724.096
2005-04-04,26625.0,26125.0,26125.0,26625.0,,1264.412
2005-04-05,26125.0,26125.0,26125.0,26125.0,,666.776
2005-04-06,26375.0,26125.0,26125.0,26125.0,,3004.428
2005-04-07,26500.0,26125.0,26250.0,26125.0,,1221.74
2005-04-08,26500.0,26250.0,26250.0,26250.0,,1405.424
2005-04-11,26250.0,26125.0,26125.0,26250.0,,1535.176
2005-04-12,26125.0,25375.0,25375.0,26125.0,,1085.596
2005-04-13,25750.0,25250.0,25250.0,25375.0,,2676.456
2005-04-14,25250.0,25250.0,25250.0,25250.0,,3615.992
2005-04-15,26000.0,25125.0,26000.0,25250.0,,2513.884
2005-04-18,25750.0,25187.5,25375.0,25750.0,,2647.484
2005-04-19,25187.5,24875.0,25000.0,25187.5,,680.36
2005-04-20,25000.0,24875.0,25000.0,25000.0,,917.176
2005-04-21,25000.0,24875.0,24875.0,25000.0,,1328.6
2005-04-22,24875.0,24875.0,24875.0,24875.0,,399.252
2005-04-25,25250.0,24750.0,25000.0,25125.0,,2110.348
2005-04-26,25125.0,25000.0,25000.0,25000.0,,450.168
2005-04-27,25000.0,23250.0,23250.0,25000.0,,1807.928
2005-04-28,23375.0,23250.0,23375.0,23250.0,,296.636
2005-04-29,23375.0,20125.0,21750.0,23375.0,,4807.484
2005-05-03,22125.0,21750.0,22000.0,21750.0,,3556.596
2005-05-04,22125.0,22000.0,22125.0,22000.0,,975.48
2005-05-05,22125.0,22000.0,22125.0,22125.0,,1015.452
2005-05-06,23250.0,22500.0,23250.0,22500.0,,5581.152
2005-05-09,23750.0,22500.0,23125.0,23750.0,,13076.72
2005-05-10,23375.0,23000.0,23000.0,23250.0,,3395.856
2005-05-11,23125.0,22750.0,22750.0,23000.0,,2614.824
2005-05-12,22750.0,22500.0,22500.0,22750.0,,2748.088
2005-05-13,22500.0,22500.0,22500.0,22500.0,,549.004
2005-05-16,22500.0,22125.0,22250.0,22500.0,,273.796
2005-05-17,22250.0,22000.0,22000.0,22250.0,,898.872
2005-05-18,22000.0,20125.0,20125.0,22000.0,,2954.216
2005-05-19,20500.0,20062.5,20312.5,20375.0,,7284.78
2005-05-20,20625.0,20375.0,20625.0,20375.0,,3728.392
2005-05-23,20625.0,20375.0,20375.0,20625.0,,563.028
2005-05-24,20500.0,20000.0,20500.0,20375.0,,2456.892
2005-05-25,20750.0,20250.0,20500.0,20500.0,,2000.048
2005-05-26,21375.0,20500.0,21375.0,20500.0,,7404.484
2005-05-27,23250.0,22375.0,23125.0,22375.0,,7184.628
2005-05-31,23375.0,22250.0,22750.0,23375.0,,5914.616
2005-06-01,22875.0,22750.0,22875.0,22750.0,,2506.444
2005-06-02,22875.0,22500.0,22750.0,22875.0,,2723.852
2005-06-03,22750.0,21625.0,21875.0,22750.0,,1014.436
2005-06-06,22500.0,21875.0,22500.0,21875.0,,1781.644
2005-06-07,22750.0,22625.0,22750.0,22625.0,,484.6
2005-06-08,22875.0,22750.0,22875.0,22750.0,,300.864
2005-06-09,22875.0,22750.0,22875.0,22875.0,,505.74
2005-06-10,23000.0,22875.0,23000.0,22875.0,,2224.492
2005-06-13,23000.0,23000.0,23000.0,23000.0,,8168.772
2005-06-14,23125.0,23125.0,23125.0,23125.0,,364.908
2005-06-15,23500.0,23250.0,23375.0,23250.0,,2358.616
2005-06-16,23375.0,23375.0,23375.0,23375.0,,312.196
2005-06-17,23375.0,23250.0,23375.0,23375.0,,924.604
2005-06-20,23375.0,23375.0,23375.0,23375.0,,451.348
2005-06-21,23375.0,23125.0,23125.0,23375.0,,581.752
2005-06-22,23125.0,22750.0,22875.0,23125.0,,1343.312
2005-06-23,22875.0,22375.0,22375.0,22875.0,,559.244
2005-06-24,22375.0,21375.0,21500.0,22375.0,,1029.032
2005-06-27,21625.0,21250.0,21250.0,21625.0,,173.544
2005-06-28,21250.0,21125.0,21125.0,21250.0,,484.476
2005-06-29,21125.0,21000.0,21000.0,21125.0,,621.476
2005-06-30,21250.0,20625.0,20750.0,21000.0,,1537.588
2005-07-01,20750.0,19500.0,19625.0,20750.0,,1379.024
2005-07-04,19625.0,19125.0,19625.0,19625.0,,1188.984
2005-07-05,19625.0,18500.0,18500.0,19625.0,,796.672
2005-07-06,19125.0,19000.0,19000.0,19125.0,,5728.552
2005-07-07,19000.0,18250.0,18625.0,19000.0,,1369.344
2005-07-08,19000.0,18625.0,18875.0,18625.0,,1237.788
2005-07-11,19000.0,18750.0,18750.0,18875.0,,1934.024
2005-07-12,18750.0,18125.0,18250.0,18750.0,,673.284
2005-07-13,18750.0,18250.0,18750.0,18250.0,,4361.288
2005-07-14,18875.0,18750.0,18750.0,18750.0,,723.56
2005-07-15,19000.0,18625.0,18875.0,18875.0,,1310.124
2005-07-18,18875.0,18875.0,18875.0,18875.0,,1509.744
2005-07-19,19250.0,18875.0,18875.0,18875.0,,2990.932
2005-07-20,19875.0,18875.0,19125.0,18875.0,,9100.032
2005-07-21,19125.0,18375.0,18500.0,19125.0,,1752.0
2005-07-22,19375.0,18625.0,18625.0,19125.0,,5109.68
2005-07-25,19125.0,18500.0,18500.0,18875.0,,2615.836
2005-07-26,18750.0,18625.0,18750.0,18625.0,,3680.404
2005-07-27,19062.5,18875.0,19062.5,18875.0,,4727.46
2005-07-28,19250.0,19000.0,19250.0,19062.5,,6036.984
2005-07-29,19250.0,19125.0,19250.0,19250.0,,6969.464
2005-08-01,19312.5,19250.0,19312.5,19250.0,,4833.184
2005-08-02,20250.0,19375.0,20125.0,19375.0,,8912.64
2005-08-03,20625.0,20125.0,20625.0,20250.0,,3736.872
2005-08-04,21875.0,20625.0,21125.0,20625.0,,7714.468
2005-08-05,21125.0,21000.0,21125.0,21125.0,,426.98
2005-08-08,21500.0,20875.0,20875.0,21125.0,,2463.524
2005-08-09,20875.0,19375.0,20375.0,20875.0,,2841.428
2005-08-10,20375.0,20375.0,20375.0,20375.0,,1132.784
2005-08-11,20375.0,20250.0,20250.0,20375.0,,2938.1
2005-08-12,20250.0,19750.0,19750.0,20250.0,,440.236
2005-08-15,19750.0,19625.0,19625.0,19750.0,,262.748
2005-08-16,19750.0,19625.0,19750.0,19625.0,,1133.864
2005-08-17,19750.0,19750.0,19750.0,19750.0,,306.716
2005-08-18,19875.0,19750.0,19750.0,19750.0,,278.256
2005-08-19,20000.0,19875.0,19875.0,20000.0,,811.012
2005-08-22,20125.0,19875.0,20125.0,19875.0,,971.792
2005-08-23,20125.0,20125.0,20125.0,20125.0,,674.972
2005-08-24,20125.0,20000.0,20000.0,20125.0,,752.864
2005-08-25,20000.0,19875.0,19875.0,20000.0,,366.844
2005-08-26,19875.0,19875.0,19875.0,19875.0,,186.912
2005-08-30,20000.0,19625.0,19625.0,19875.0,,709.592
2005-08-31,19625.0,19625.0,19625.0,19625.0,,5295.84
2005-09-01,19625.0,19500.0,19500.0,19625.0,,1175.304
2005-09-02,19625.0,19500.0,19625.0,19500.0,,581.832
2005-09-05,19625.0,19625.0,19625.0,19625.0,,653.24
2005-09-06,19750.0,19500.0,19500.0,19750.0,,695.436
2005-09-07,19500.0,19125.0,19125.0,19500.0,,689.796
2005-09-08,19125.0,18875.0,18875.0,19125.0,,704.864
2005-09-09,18750.0,18500.0,18500.0,18750.0,,844.912
2005-09-12,18500.0,18000.0,18000.0,18500.0,,612.508
2005-09-13,18687.5,18000.0,18687.5,18000.0,,1174.812
2005-09-14,18875.0,18687.5,18875.0,18687.5,,1079.96
2005-09-15,18875.0,18875.0,18875.0,18875.0,,675.964
2005-09-16,19000.0,18625.0,18625.0,19000.0,,561.924
2005-09-19,19000.0,18625.0,18625.0,19000.0,,1153.92
2005-09-20,18625.0,18125.0,18125.0,18625.0,,5720.208
2005-09-21,18000.0,18000.0,18000.0,18000.0,,423.216
2005-09-22,18000.0,17875.0,18000.0,18000.0,,173.18
2005-09-23,17750.0,16000.0,16000.0,17750.0,,10628.752
2005-09-26,16250.0,15875.0,15875.0,16250.0,,2367.648
2005-09-27,15875.0,13875.0,13875.0,15875.0,,6873.132
2005-09-28,13875.0,12625.0,12875.0,13875.0,,5773.74
2005-09-29,14375.0,13000.0,14375.0,13000.0,,25074.356
2005-09-30,14375.0,14375.0,14375.0,14375.0,,224.836
2005-10-03,14375.0,14250.0,14375.0,14375.0,,783.472
2005-10-04,14375.0,14375.0,14375.0,14375.0,,373.276
2005-10-05,14375.0,14250.0,14250.0,14375.0,,7365.76
2005-10-06,14375.0,14125.0,14250.0,14250.0,,4800.432
2005-10-07,14250.0,14250.0,14250.0,14250.0,,443.836
2005-10-10,14250.0,14250.0,14250.0,14250.0,,2356.18
2005-10-11,14625.0,14375.0,14625.0,14375.0,,651.236
2005-10-12,14625.0,14625.0,14625.0,14625.0,,1266.128
2005-10-13,14625.0,14500.0,14500.0,14625.0,,2315.808
2005-10-14,14500.0,13875.0,14062.5,14500.0,,1920.16
2005-10-17,14250.0,14062.5,14250.0,14125.0,,3194.556
2005-10-18,14375.0,14250.0,14375.0,14250.0,,1312.888
2005-10-19,14375.0,14250.0,14250.0,14375.0,,11272.436
2005-10-20,14375.0,14375.0,14375.0,14375.0,,2221.348
2005-10-21,14375.0,14125.0,14125.0,14375.0,,937.644
2005-10-24,14375.0,14125.0,14375.0,14125.0,,1892.812
2005-10-25,14875.0,14375.0,14875.0,14375.0,,6444.96
2005-10-26,15875.0,14875.0,15875.0,14875.0,,6510.308
2005-10-27,16000.0,15250.0,15250.0,15875.0,,1825.972
2005-10-28,15250.0,15250.0,15250.0,15250.0,,235.368
2005-10-31,15250.0,15250.0,15250.0,15250.0,,465.432
2005-11-01,15500.0,15250.0,15500.0,15250.0,,247.852
2005-11-02,15500.0,15125.0,15125.0,15500.0,,731.504
2005-11-03,15125.0,15125.0,15125.0,15125.0,,277.852
2005-11-04,15125.0,15125.0,15125.0,15125.0,,690.168
2005-11-07,15125.0,15125.0,15125.0,15125.0,,343.284
2005-11-08,15125.0,14750.0,14750.0,15125.0,,5091.66
2005-11-09,14750.0,14625.0,14625.0,14750.0,,733.596
2005-11-10,14625.0,14625.0,14625.0,14625.0,,1541.38
2005-11-11,14750.0,14375.0,14375.0,14625.0,,5065.256
2005-11-14,14375.0,14125.0,14125.0,14375.0,,1248.444
2005-11-15,14125.0,13875.0,13875.0,14125.0,,3454.984
2005-11-16,7500.0,4687.5,4937.5,7500.0,,98621.7
2005-11-17,5812.5,4937.5,5812.5,5125.0,,19889.744
2005-11-18,6250.0,5937.5,6062.5,5937.5,,10387.276
2005-11-21,6250.0,5812.5,5875.0,6062.5,,7708.524
2005-11-22,6062.5,5875.0,6062.5,5875.0,,2844.436
2005-11-23,6125.0,5812.5,5875.0,6062.5,,6861.988
2005-11-24,5875.0,5875.0,5875.0,5875.0,,2363.392
2005-11-25,5875.0,5875.0,5875.0,5875.0,,2664.016
2005-11-28,5875.0,5875.0,5875.0,5875.0,,2249.232
2005-11-29,5875.0,5875.0,5875.0,5875.0,,4263.604
2005-11-30,5875.0,5687.5,5687.5,5875.0,,3928.716
2005-12-01,5687.5,5687.5,5687.5,5687.5,,2894.468
2005-12-02,5937.5,5687.5,5937.5,5687.5,,4590.096
2005-12-05,6125.0,5750.0,6000.0,5793.25,,2129.364
2005-12-06,6073.0,5875.0,6000.0,6073.0,,152.96
2005-12-07,6500.0,5919.0,6312.5,5919.0,,2040.052
2005-12-08,6500.0,6125.0,6437.5,6465.75,,2747.88
2005-12-09,7000.0,6387.5,6687.5,6500.0,,4496.72
2005-12-12,7375.0,6650.0,7062.5,6650.0,,5090.032
2005-12-13,7300.0,6750.0,6812.5,7200.0,,3204.376
2005-12-14,7000.0,6625.0,6875.0,6906.25,,288.936
2005-12-15,6953.0,6562.5,6750.0,6953.0,,692.272
2005-12-16,6875.0,5900.0,6062.5,6850.0,,3084.48
2005-12-19,6162.5,5750.0,5937.5,5907.5,,1344.892
2005-12-20,6030.0,5587.5,5750.0,6030.0,,1762.936
2005-12-21,5875.0,5352.5,5437.5,5625.0,,4515.008
2005-12-22,5662.5,5250.0,5437.5,5289.5,,2201.836
2005-12-23,5289.5,5250.0,5437.5,5289.5,,58.412
2005-12-28,5375.0,5000.0,5187.5,5289.5,,2060.888
2005-12-29,5143.5,4662.5,4937.5,5143.5,,3757.64
2005-12-30,5350.0,4750.0,5250.0,4783.325,,2477.268
2006-01-03,5362.5,4750.0,5062.5,5000.0,,4190.768
2006-01-04,5156.25,4887.5,5000.0,5156.25,,3230.708
2006-01-05,5500.0,4942.5,5312.5,4942.5,,4345.02
2006-01-06,5500.0,5102.5,5187.5,5137.5,,3778.504
2006-01-09,5337.5,4875.0,5000.0,5237.5,,1378.388
2006-01-10,5475.0,5000.0,5250.0,5000.0,,7065.26
2006-01-11,5750.0,5125.0,5562.5,5362.5,,4398.28
2006-01-12,5750.0,5500.0,5500.0,5750.0,,1321.032
2006-01-13,5795.0,5375.0,5750.0,5375.0,,2919.936
2006-01-16,5777.5,5375.0,5562.5,5750.0,,658.288
2006-01-17,5652.5,5375.0,5562.5,5375.0,,593.888
2006-01-18,5650.0,5250.0,5312.5,5310.0,,184.144
2006-01-19,5305.0,5000.0,5125.0,5305.0,,873.944
2006-01-20,5250.0,4875.0,5187.5,5185.0,,2819.016
2006-01-23,5250.0,4875.0,5062.5,4912.5,,4622.732
2006-01-24,5187.5,4875.0,4937.5,4925.0,,1611.008
2006-01-25,5125.0,4762.5,5062.5,4875.0,,2168.472
2006-01-26,5175.0,4875.0,5000.0,4987.5,,1514.452
2006-01-27,5050.0,4875.0,5000.0,5050.0,,1111.236
2006-01-30,5125.0,4625.0,4750.0,4875.0,,1738.72
2006-01-31,4710.0,4000.0,4187.5,4625.0,,11425.564
2006-02-01,4397.5,4125.0,4250.0,4250.0,,3695.656
2006-02-02,4370.5,4125.0,4250.0,4370.5,,1922.424
2006-02-03,4375.0,3937.5,4000.0,4127.5,,1493.8
2006-02-06,4220.0,3720.0,3687.5,3783.75,,3167.044
2006-02-07,3875.0,3637.5,3812.5,3637.5,,4314.86
2006-02-08,3857.5,3625.0,3812.5,3625.0,,1711.688
2006-02-09,3855.0,3657.5,3750.0,3707.5,,1619.32
2006-02-10,3847.5,3452.5,3687.5,3830.0,,8649.608
2006-02-13,3825.0,3625.0,3687.5,3825.0,,1479.088
2006-02-14,3750.0,3562.5,3687.5,3737.5,,1518.508
2006-02-15,3750.0,3500.0,3562.5,3625.0,,1079.768
2006-02-16,4000.0,3500.0,3875.0,3548.75,,6346.616
2006-02-17,4812.5,3995.0,4500.0,3996.0,,8957.268
2006-02-20,4875.0,4425.0,4437.5,4618.75,,5394.54
2006-02-21,4692.5,4250.0,4312.5,4692.5,,4614.424
2006-02-22,4298.75,4000.0,4187.5,4298.75,,3684.324
2006-02-23,4250.0,4000.0,4125.0,4000.0,,951.664
2006-02-24,4000.0,3750.0,3875.0,3937.5,,1363.556
2006-02-27,3792.5,3562.5,3687.5,3750.0,,2244.296
2006-02-28,4000.0,3750.0,3937.5,3750.0,,3233.288
2006-03-01,4087.5,3827.5,4000.0,3840.0,,1291.352
2006-03-02,4112.5,3875.0,3875.0,3887.5,,529.804
2006-03-03,3885.0,3762.5,3812.5,3885.0,,828.816
2006-03-06,3875.0,3625.0,3750.0,3762.5,,2391.232
2006-03-07,4125.0,3785.0,4000.0,3875.0,,4172.968
2006-03-08,4062.5,3875.0,3937.5,4062.5,,1027.216
2006-03-09,4062.5,3812.5,4062.5,3900.0,,1472.976
2006-03-10,4050.0,3750.0,3875.0,3837.5,,1262.86
2006-03-13,3935.0,3750.0,3875.0,3935.0,,1747.88
2006-03-14,3925.0,3750.0,3812.5,3925.0,,1527.028
2006-03-15,3912.5,3750.0,3812.5,3796.875,,1203.504
2006-03-16,3838.75,3525.0,3625.0,3785.0,,1558.208
2006-03-17,3700.0,3437.5,3625.0,3525.0,,2944.892
2006-03-20,3800.0,3437.5,3562.5,3792.5,,3715.3
2006-03-21,3722.5,3500.0,3625.0,3722.5,,3218.096
2006-03-22,3687.5,3406.25,3625.0,3530.0,,3573.076
2006-03-23,3642.5,3500.0,3562.5,3500.0,,1430.876
2006-03-24,3527.5,3375.0,3437.5,3527.5,,1478.844
2006-03-27,3580.0,3250.0,3375.0,3500.0,,2509.848
2006-03-28,3500.0,3000.0,3125.0,3375.0,,3203.368
2006-03-29,3237.5,3000.0,3125.0,3230.0,,4142.548
2006-03-30,3112.5,3000.0,3125.0,3112.5,,682.916
2006-03-31,3175.0,3000.0,3187.5,3000.0,,493.892
2006-04-03,3150.0,3000.0,3125.0,3031.25,,3484.396
2006-04-04,3350.0,3012.5,3250.0,3012.5,,4627.044
2006-04-05,3356.25,3125.0,3250.0,3192.5,,1915.308
2006-04-06,3835.0,3350.0,3437.5,3350.0,,4713.432
2006-04-07,3970.0,3542.5,3875.0,3542.5,,5363.94
2006-04-10,3925.0,3687.5,3687.5,3900.0,,3018.676
2006-04-11,3812.5,3637.5,3750.0,3812.5,,1235.64
2006-04-12,3750.0,3537.5,3625.0,3637.5,,797.672
2006-04-13,3675.0,3510.0,3625.0,3510.0,,20.876
2006-04-18,3687.5,3412.5,3562.5,3518.75,,1289.264
2006-04-19,3587.5,3275.0,3562.5,3500.0,,728.736
2006-04-20,3562.5,3255.0,3500.0,3387.5,,491.924
2006-04-21,3687.5,3272.5,3500.0,3272.5,,239.268
2006-04-24,3593.75,3375.0,3500.0,3593.75,,202.848
2006-04-25,3600.0,3312.5,3500.0,3312.5,,617.344
2006-04-26,3675.0,3312.5,3500.0,3312.5,,345.076
2006-04-27,3362.5,2687.5,3250.0,3250.0,,2177.38
2006-04-28,3325.0,3125.0,3250.0,3125.0,,107.944
2006-05-02,3545.0,3125.0,3312.5,3350.0,,2371.384
2006-05-03,3237.5,3000.0,3125.0,3125.0,,1668.092
2006-05-04,3200.0,3012.5,3062.5,3200.0,,314.736
2006-05-05,3250.0,3012.5,3125.0,3082.5,,33.736
2006-05-08,3125.0,3000.0,3062.5,3000.0,,1599.68
2006-05-09,3225.0,3000.0,3062.5,3112.5,,1951.288
2006-05-10,3050.0,2890.0,3000.0,3012.5,,3499.444
2006-05-11,3047.25,2887.5,2937.5,2887.5,,2078.668
2006-05-12,3000.0,2875.0,2937.5,3000.0,,961.82
2006-05-15,2937.5,2625.0,2750.0,2888.75,,2101.856
2006-05-16,2812.5,2577.5,2687.5,2687.5,,869.664
2006-05-17,2802.5,2375.0,2500.0,2687.5,,1120.144
2006-05-18,2625.0,2375.0,2375.0,2516.25,,9500.376
2006-05-19,2500.0,2250.0,2375.0,2432.5,,2982.992
2006-05-22,2500.0,2125.0,2312.5,2487.5,,1749.7
2006-05-23,2412.5,2250.0,2437.5,2265.625,,2419.272
2006-05-24,2437.5,2225.0,2312.5,2312.5,,5867.184
2006-05-25,2387.5,2125.0,2312.5,2375.0,,2375.464
2006-05-26,2362.5,2362.5,2312.5,2362.5,,131.408
2006-05-30,2312.5,2000.0,2187.5,2312.5,,5128.772
2006-05-31,2125.0,1687.5,1875.0,2125.0,,10227.952
2006-06-01,1985.0,1812.5,1937.5,1975.0,,10555.356
2006-06-02,2187.5,1907.5,2125.0,1937.5,,10982.484
2006-06-05,2250.0,2082.5,2187.5,2175.0,,2639.308
2006-06-06,2187.5,2125.0,2187.5,2144.175,,1028.644
2006-06-07,2187.5,2000.0,2062.5,2173.125,,1511.212
2006-06-08,2062.5,1961.875,2062.5,2040.0,,682.412
2006-06-09,2162.5,1890.0,2062.5,1890.0,,612.0
2006-06-12,2100.0,1937.5,2000.0,1937.5,,3771.396
2006-06-13,1990.0,1775.0,1875.0,1990.0,,1179.804
2006-06-14,1950.0,1712.5,1812.5,1875.0,,1687.38
2006-06-15,1862.5,1750.0,1812.5,1792.5,,854.236
2006-06-16,1875.0,1812.5,1937.5,1812.5,,299.28
2006-06-19,1875.0,1788.875,1875.0,1875.0,,56.0
2006-06-20,1831.25,1750.0,1812.5,1752.5,,1069.148
2006-06-21,1812.5,1687.5,1732.5,1756.25,,4082.0
2006-06-22,1749.25,1625.0,1687.5,1645.0,,1595.884
2006-06-23,1750.0,1625.0,1687.5,1645.0,,654.956
2006-06-26,1810.0,1725.0,1720.0,1725.0,,56.644
2006-06-27,1750.0,1687.5,1720.0,1725.0,,960.0
2006-06-28,1677.5,1662.5,1737.5,1677.5,,248.524
2006-06-29,1775.0,1627.5,1667.5,1642.5,,564.212
2006-06-30,1751.5,1625.0,1625.0,1749.9,,7166.456
2006-07-03,1725.0,1562.5,1670.0,1580.0,,1707.768
2006-07-04,1810.0,1675.0,1725.0,1725.0,,533.276
2006-07-05,1800.0,1562.5,1712.5,1737.5,,830.324
2006-07-06,1750.0,1625.0,1655.0,1625.0,,3114.492
2006-07-07,1747.5,1592.5,1655.0,1699.4,,538.4
2006-07-10,1701.25,1587.5,1657.5,1587.5,,33.868
2006-07-11,1755.0,1625.0,1717.5,1755.0,,670.496
2006-07-12,1700.05,1565.0,1687.5,1565.0,,107.408
2006-07-13,1736.0,1699.4,1655.0,1699.4,,350.0
2006-07-14,1644.575,1592.1,1625.0,1592.1,,202.04
2006-07-17,1687.5,1562.5,1657.5,1687.5,,768.364
2006-07-18,1750.0,1625.0,1762.5,1646.25,,9098.508
2006-07-19,1872.5,1687.5,1875.0,1687.5,,140.552
2006-07-20,1872.5,1800.0,1800.0,1872.5,,10281.376
2006-07-21,1845.0,1750.0,1845.0,1845.0,,179.9
2006-07-24,1845.0,1722.5,1815.0,1723.3,,360.0
2006-07-25,1850.0,1850.0,1782.5,1850.0,,60.184
2006-07-26,1872.5,1690.0,1782.5,1872.5,,739.676
2006-07-27,1937.5,1750.0,1757.5,1875.0,,2970.116
2006-07-28,1875.0,1637.5,1812.5,1875.0,,987.576
2006-07-31,1900.0,1700.0,1817.5,1712.5,,724.08
2006-08-01,1817.5,1817.5,1817.5,1817.5,,275.524
2006-08-02,1875.0,1747.5,1825.0,1760.625,,380.232
2006-08-03,1752.5,1650.0,1750.0,1752.5,,364.0
2006-08-04,1662.5,1662.5,1782.5,1662.5,,200.0
2006-08-07,1750.0,1662.5,1687.5,1662.5,,412.896
2006-08-08,1650.0,1625.0,1687.5,1650.0,,1480.0
2006-08-09,1627.5,1500.0,1592.5,1627.5,,2246.212
2006-08-10,1625.0,1625.0,1592.5,1625.0,,133.972
2006-08-11,1687.5,1512.5,1595.0,1687.5,,47.64
2006-08-14,1550.0,1500.0,1512.5,1550.0,,2383.428
2006-08-15,1537.5,1537.5,1522.5,1537.5,,235.336
2006-08-16,1440.0,1312.5,1345.0,1437.5,,15761.552
2006-08-17,1350.0,1125.0,1245.0,1312.5,,22237.292
2006-08-18,1437.5,1312.5,1407.5,1312.5,,1270.52
2006-08-21,1542.5,1375.0,1445.0,1388.5,,6178.456
2006-08-22,1437.5,1340.0,1397.5,1397.5,,313.428
2006-08-23,1437.5,1332.5,1387.5,1437.5,,87.716
2006-08-24,1500.0,1375.0,1425.0,1425.0,,7202.38
2006-08-25,1555.0,1349.625,1405.0,1349.625,,759.296
2006-08-29,1312.5,1212.5,1250.0,1312.5,,6968.676
2006-08-30,1312.5,1187.5,1225.0,1312.5,,1568.232
2006-08-31,1300.0,1137.5,1225.0,1137.5,,84.0
2006-09-01,1300.0,1187.5,1225.0,1198.75,,1402.356
2006-09-04,1300.0,1092.5,1157.5,1300.0,,2837.08
2006-09-05,1309.0,1075.0,1192.5,1137.5,,1637.192
2006-09-06,1312.5,1250.0,1312.5,1250.0,,3439.092
2006-09-07,1375.0,1250.0,1312.5,1362.5,,979.676
2006-09-08,1368.25,1200.0,1237.5,1342.5,,5915.112
2006-09-11,1262.5,1187.5,1170.0,1262.5,,407.0
2006-09-12,1212.5,1112.5,1095.0,1192.5,,4986.58
2006-09-13,1122.5,1012.5,1037.5,1062.5,,3038.296
2006-09-14,1041.25,937.5,970.0,1041.25,,3376.276
2006-09-15,1104.5,1012.5,1025.0,1104.5,,352.276
2006-09-18,1111.25,962.5,1057.5,1111.25,,820.644
2006-09-19,1087.5,1000.0,1000.0,1087.5,,352.4
2006-09-20,970.0,952.5,960.0,952.5,,377.584
2006-09-21,1062.5,875.0,960.0,1062.5,,48484.304
2006-09-22,1007.5,955.0,967.5,955.0,,1486.176
2006-09-25,1000.0,937.5,967.5,975.0,,840.0
2006-09-26,937.5,827.5,850.0,937.5,,6939.716
2006-09-27,947.5,825.0,887.5,851.25,,557.752
2006-09-28,925.0,725.0,787.5,925.0,,4980.896
2006-09-29,808.5,750.0,787.5,808.5,,267.256
2006-10-02,763.75,763.75,812.5,763.75,,36.336
2006-10-03,840.0,840.0,812.5,840.0,,20.0
2006-10-04,856.25,750.0,825.0,750.0,,4720.78
2006-10-05,875.0,750.0,825.0,750.0,,5635.012
2006-10-06,863.0,750.0,837.5,750.0,,460.068
2006-10-09,875.0,837.5,837.5,875.0,,1022.348
2006-10-10,861.0,812.5,837.5,861.0,,580.936
2006-10-11,856.25,767.5,812.5,767.5,,205.116
2006-10-12,856.25,800.0,832.5,856.25,,338.424
2006-10-13,856.25,799.75,832.5,856.25,,108.452
2006-10-16,875.0,797.5,862.5,799.75,,218.888
2006-10-17,922.5,825.0,895.0,862.85,,2587.12
2006-10-18,980.0,875.0,937.5,937.5,,6957.676
2006-10-19,927.5,875.0,907.5,927.5,,365.288
2006-10-20,1000.0,875.0,875.0,1000.0,,1675.88
2006-10-23,975.0,967.5,920.0,975.0,,200.484
2006-10-24,936.75,850.0,895.0,912.5,,867.352
2006-10-25,951.25,812.5,875.0,951.25,,1456.396
2006-10-26,900.0,812.5,907.5,842.5,,269.156
2006-10-27,907.5,907.5,907.5,907.5,,777.6
2006-10-30,937.5,842.5,907.5,937.5,,34.356
2006-10-31,887.5,800.0,775.0,842.5,,1419.996
2006-11-02,875.0,775.0,812.5,815.75,,33406.756
2006-11-03,900.0,750.0,812.5,812.5,,27698.872
2006-11-06,850.0,775.0,812.5,850.0,,278.592
2006-11-07,850.0,777.5,845.0,850.0,,329.084
2006-11-09,776.25,776.25,845.0,776.25,,220.0
2006-11-10,881.25,775.0,825.0,775.0,,13252.896
2006-11-13,800.0,800.0,820.0,800.0,,102.4
2006-11-14,793.75,737.5,750.0,775.0,,3460.844
2006-11-15,755.0,725.0,750.0,750.0,,4268.668
2006-11-16,767.0,725.0,750.0,725.0,,179.2
2006-11-17,875.0,725.0,770.0,740.0,,140.756
2006-11-20,840.5,750.0,762.5,840.5,,2711.924
2006-11-21,875.0,750.0,800.0,875.0,,768.268
2006-11-22,775.0,730.0,775.0,756.25,,690.868
2006-11-23,812.5,700.0,787.5,787.5,,2070.008
2006-11-24,787.5,732.5,782.5,732.5,,146.52
2006-11-27,725.0,700.0,762.5,710.0,,312.0
2006-11-28,737.5,680.0,732.5,700.0,,891.004
2006-11-29,750.0,675.0,745.0,750.0,,357.804
2006-11-30,750.0,702.5,725.0,750.0,,2416.0
2006-12-01,787.5,699.75,757.5,699.75,,1040.072
2006-12-04,812.5,675.0,737.5,675.0,,935.46
2006-12-05,750.0,610.0,757.5,700.0,,18224.288
2006-12-06,775.0,682.5,745.0,690.0,,1612.144
2006-12-07,792.25,657.5,745.0,658.75,,858.692
2006-12-08,745.0,745.0,745.0,745.0,,140.604
2006-12-11,775.0,700.0,725.0,699.75,,2185.52
2006-12-12,786.25,785.0,725.0,786.25,,62.328
2006-12-13,759.25,720.0,737.5,720.25,,468.8
2006-12-14,789.0,700.0,707.5,700.0,,1691.684
2006-12-15,785.0,722.5,717.5,785.0,,586.124
2006-12-18,775.0,690.0,737.5,717.25,,3524.12
2006-12-19,793.25,725.0,745.0,793.25,,9624.344
2006-12-20,787.5,727.5,757.5,728.25,,112.0
2006-12-21,767.75,729.5,745.0,729.5,,173.532
2006-12-22,804.75,804.75,770.0,804.75,,36.0
2006-12-27,860.0,725.0,800.0,767.5,,203.156
2006-12-28,837.5,837.5,837.5,837.5,,698.368
2006-12-29,875.0,750.0,812.5,815.0,,916.396
2007-01-02,875.0,756.25,812.5,756.25,,1668.4
2007-01-03,875.0,750.0,825.0,825.0,,5618.264
2007-01-04,875.0,795.0,862.5,795.0,,979.852
2007-01-05,912.5,825.0,895.0,902.5,,9861.264
2007-01-08,925.0,850.0,887.5,850.0,,1121.324
2007-01-09,929.75,812.5,857.5,929.75,,788.468
2007-01-10,812.5,750.0,795.0,800.0,,4288.608
2007-01-11,887.5,787.5,870.0,882.5,,695.184
2007-01-12,875.0,755.0,857.5,855.0,,2496.876
2007-01-15,1007.5,837.5,870.0,887.5,,23630.08
2007-01-16,996.5,837.5,875.0,962.5,,8847.4
2007-01-17,900.0,862.5,870.0,863.75,,5010.368
2007-01-18,1000.0,870.0,907.5,875.0,,18606.24
2007-01-19,993.25,900.0,920.0,993.25,,7038.736
2007-01-22,1022.5,925.0,995.0,1021.25,,7195.396
2007-01-23,1062.5,977.5,1000.0,1025.0,,12053.848
2007-01-24,1125.0,1000.0,1095.0,1037.5,,10614.476
2007-01-25,1562.5,1117.5,1482.5,1117.5,,34055.168
2007-01-26,1675.0,1450.0,1595.0,1450.0,,29085.088
2007-01-29,1725.0,1375.0,1450.0,1625.0,,10364.848
2007-01-30,1562.5,1400.0,1425.0,1511.875,,2650.448
2007-01-31,1512.5,1400.0,1437.5,1453.0,,3461.072
2007-02-01,1512.5,1377.5,1437.5,1377.5,,1884.224
2007-02-02,1560.0,1350.0,1350.0,1377.5,,11423.368
2007-02-05,1337.5,1135.0,1225.0,1337.5,,7728.796
2007-02-06,1237.5,1062.5,1100.0,1200.0,,4920.292
2007-02-07,1212.5,1000.0,1157.5,1062.5,,5309.344
2007-02-08,1220.0,1125.0,1200.0,1175.0,,5036.74
2007-02-09,1362.5,1125.0,1325.0,1200.0,,4240.472
2007-02-12,1347.5,1175.0,1250.0,1347.5,,4205.624
2007-02-13,1341.75,1200.0,1287.5,1250.0,,1280.952
2007-02-14,1812.5,1650.0,1767.5,1750.0,,57632.972
2007-02-15,1837.5,1675.0,1750.0,1795.0,,4795.22
2007-02-16,1770.0,1627.5,1707.5,1675.0,,7164.868
2007-02-19,1852.5,1632.5,1712.5,1707.125,,6716.656
2007-02-20,1782.5,1687.5,1727.5,1775.0,,12791.036
2007-02-21,1772.5,1675.0,1700.0,1772.5,,2452.92
2007-02-22,1729.75,1625.0,1600.0,1650.0,,3928.164
2007-02-23,1750.0,1550.0,1677.5,1579.375,,4239.376
2007-02-26,1775.0,1655.0,1695.0,1750.0,,11836.032
2007-02-27,1725.0,1617.5,1675.0,1635.0,,2418.776
2007-02-28,1670.0,1500.0,1600.0,1670.0,,4625.26
2007-03-01,1642.5,1502.5,1562.5,1507.5,,2760.872
2007-03-02,1625.0,1500.0,1587.5,1500.0,,3749.176
2007-03-05,1625.0,1500.0,1587.5,1505.0,,2153.584
2007-03-06,1648.25,1452.5,1545.0,1648.25,,6532.476
2007-03-07,1622.5,1450.0,1507.5,1600.0,,651.612
2007-03-08,1597.5,1465.0,1562.5,1600.0,,1995.06
2007-03-09,1645.0,1505.0,1580.0,1645.0,,3233.172
2007-03-12,1670.0,1502.5,1600.0,1652.5,,5791.816
2007-03-13,1675.0,1512.5,1587.5,1612.5,,8885.864
2007-03-14,1665.0,1537.5,1575.0,1665.0,,986.18
2007-03-15,1675.0,1500.0,1530.0,1675.0,,4407.296
2007-03-16,1600.0,1507.5,1565.0,1575.0,,6084.828
2007-03-19,1675.0,1525.0,1575.0,1675.0,,1002.072
2007-03-20,1600.0,1502.5,1537.5,1502.5,,2705.228
2007-03-21,1625.0,1500.0,1575.0,1525.0,,5794.076
2007-03-22,1591.75,1525.0,1562.5,1525.0,,390.2
2007-03-23,1582.5,1500.0,1550.0,1525.0,,4455.92
2007-03-26,1556.0,1482.5,1487.5,1530.5,,6101.32
2007-03-27,1500.0,1475.0,1487.5,1486.0,,1463.08
2007-03-28,1572.5,1480.0,1537.5,1495.0,,868.676
2007-03-29,1542.5,1252.5,1387.5,1542.5,,7411.636
2007-03-30,1462.5,1375.0,1425.0,1457.0,,2160.748
2007-04-02,1500.0,1375.0,1437.5,1387.5,,3961.664
2007-04-03,1471.75,1350.0,1382.5,1401.95,,2099.084
2007-04-04,1470.0,1367.5,1400.0,1369.5,,2286.664
2007-04-05,1399.5,1312.5,1367.5,1355.0,,4806.108
2007-04-10,1394.25,1317.5,1370.0,1317.5,,1796.392
2007-04-11,1335.0,1312.5,1350.0,1317.5,,1092.4
2007-04-12,1457.5,1325.0,1350.0,1457.5,,622.0
2007-04-13,1357.5,1312.5,1340.0,1312.5,,6131.888
2007-04-16,1375.0,1315.0,1332.5,1320.625,,2432.924
2007-04-17,1350.0,1320.0,1332.5,1320.0,,1630.508
2007-04-18,1338.75,1320.0,1332.5,1336.5,,5547.332
2007-04-19,1338.5,1312.5,1332.5,1338.5,,2705.416
2007-04-20,1424.75,1312.5,1332.5,1424.75,,2619.912
2007-04-23,1335.0,1335.0,1330.0,1335.0,,160.0
2007-04-24,1335.0,1312.5,1325.0,1315.0,,749.404
2007-04-25,1327.5,1200.0,1237.5,1327.5,,8019.58
2007-04-26,1287.5,1190.0,1250.0,1286.25,,119.716
2007-04-27,1286.25,1195.0,1230.0,1286.25,,12.432
2007-04-30,1239.0,1192.5,1200.0,1229.75,,1143.864
2007-05-01,1247.5,1150.0,1212.5,1247.5,,2199.452
2007-05-02,1227.5,1187.5,1205.0,1227.5,,280.948
2007-05-03,1266.0,1162.5,1225.0,1192.5,,1874.56
2007-05-04,1190.0,1190.0,1220.0,1190.0,,11.112
2007-05-08,1285.0,1162.5,1230.0,1285.0,,1334.556
2007-05-09,1250.0,1162.5,1207.5,1187.5,,862.036
2007-05-10,1287.5,1137.5,1232.5,1287.5,,139.192
2007-05-11,1275.0,1137.5,1200.0,1152.5,,165.536
2007-05-14,1275.0,1125.0,1162.5,1125.0,,928.096
2007-05-15,1237.5,1125.0,1172.5,1125.0,,837.844
2007-05-16,1212.75,1047.5,1107.5,1212.75,,3228.412
2007-05-17,1153.0,1075.0,1112.5,1075.0,,1469.12
2007-05-18,1244.5,1100.0,1200.0,1162.75,,10811.72
2007-05-21,1250.0,1182.5,1207.5,1237.5,,13371.116
2007-05-22,1250.0,1150.0,1200.0,1250.0,,3163.6
2007-05-23,1237.5,1175.0,1195.0,1237.5,,3154.012
2007-05-24,1250.0,1175.0,1200.0,1237.5,,3022.512
2007-05-25,1217.5,1152.5,1187.5,1216.75,,2103.876
2007-05-29,1250.0,1210.0,1225.0,1225.0,,2741.632
2007-05-30,1237.5,1150.0,1175.0,1237.5,,1629.968
2007-05-31,1250.0,1150.0,1170.0,1150.0,,7206.496
2007-06-01,1235.0,1100.0,1137.5,1141.25,,4328.12
2007-06-04,1187.5,1110.0,1150.0,1187.5,,80.42
2007-06-05,1212.5,1065.0,1125.0,1122.5,,980.788
2007-06-06,1230.0,1062.5,1082.5,1062.5,,1789.496
2007-06-07,1125.0,1002.5,1062.5,1002.5,,2449.24
2007-06-08,1148.75,950.0,1025.0,1148.75,,15696.456
2007-06-11,1100.0,937.5,1050.0,937.5,,644.856
2007-06-12,1100.0,937.5,1020.0,940.0,,221.5
2007-06-13,1076.0,940.0,1020.0,940.0,,348.792
2007-06-14,1000.0,950.0,1002.5,1000.0,,315.376
2007-06-15,1076.0,942.5,1020.0,1037.5,,83.3
2007-06-18,1112.5,952.5,1032.5,952.5,,664.0
2007-06-19,1110.0,955.0,1015.0,1086.75,,125.872
2007-06-20,997.5,875.0,977.5,970.0,,7278.204
2007-06-21,937.5,875.0,887.5,937.5,,14584.048
2007-06-22,1000.0,862.5,862.5,975.0,,3125.924
2007-06-25,1000.0,812.5,850.0,1000.0,,1309.468
2007-06-26,850.0,830.0,850.0,850.0,,3236.0
2007-06-27,897.0,812.5,807.5,826.25,,2900.084
2007-06-28,875.0,750.0,782.5,875.0,,14847.468
2007-06-29,801.25,750.0,782.5,757.5,,2408.92
2007-07-02,807.5,766.875,807.5,766.875,,465.036
2007-07-03,839.5,762.5,825.0,767.5,,249.764
2007-07-04,832.5,695.0,762.5,832.5,,12162.576
2007-07-05,800.0,745.0,757.5,800.0,,2040.776
2007-07-06,782.5,732.5,757.5,732.5,,2523.856
2007-07-09,762.5,745.0,757.5,758.125,,601.252
2007-07-10,757.5,702.5,725.0,750.0,,2735.944
2007-07-11,757.5,712.5,737.5,713.0,,453.664
2007-07-12,757.5,750.0,737.5,757.5,,697.832
2007-07-13,852.5,732.5,737.5,763.0,,14740.292
2007-07-16,775.0,700.0,737.5,775.0,,8630.516
2007-07-17,755.0,700.0,722.5,750.0,,4990.428
2007-07-18,750.0,705.0,727.5,750.0,,2885.764
2007-07-19,750.0,700.0,725.0,742.5,,520.296
2007-07-20,750.0,712.5,725.0,750.0,,7877.844
2007-07-23,750.0,737.5,740.0,750.0,,552.72
2007-07-24,812.5,737.5,745.0,750.0,,4322.132
2007-07-25,762.5,737.5,720.0,762.5,,860.716
2007-07-26,720.0,687.5,720.0,687.5,,2238.028
2007-07-27,750.0,682.5,720.0,750.0,,1023.58
2007-07-30,750.0,687.5,732.5,750.0,,14061.208
2007-07-31,825.0,712.5,775.0,750.0,,17262.38
2007-08-01,787.5,705.0,745.0,767.25,,3702.316
2007-08-02,750.0,687.5,730.0,750.0,,3252.584
2007-08-03,846.75,732.5,732.5,846.75,,1844.788
2007-08-06,750.0,692.5,742.5,745.0,,2561.02
2007-08-07,775.0,705.0,740.0,739.75,,5647.504
2007-08-08,750.0,687.5,720.0,698.75,,4787.224
2007-08-09,695.0,636.25,695.0,687.5,,3090.46
2007-08-10,680.0,575.0,642.5,636.25,,4419.336
2007-08-13,677.5,625.0,632.5,625.0,,7912.86
2007-08-14,665.0,612.5,642.5,665.0,,1972.36
2007-08-15,637.0,630.0,630.0,630.0,,83.036
2007-08-16,612.5,562.5,577.5,607.5,,3587.576
2007-08-17,625.0,542.5,592.5,600.0,,4705.332
2007-08-20,601.25,550.0,590.0,550.0,,1271.812
2007-08-21,625.0,605.0,610.0,625.0,,1018.496
2007-08-22,625.0,552.5,587.5,617.5,,578.864
2007-08-23,687.5,610.0,637.5,625.0,,5843.508
2007-08-24,650.0,592.5,622.5,637.5,,3812.144
2007-08-28,625.0,600.0,600.0,625.0,,1359.316
2007-08-29,657.5,575.0,595.0,657.5,,2174.908
2007-08-30,600.0,573.75,600.0,600.0,,333.412
2007-08-31,675.0,600.0,620.0,675.0,,914.844
2007-09-03,675.0,600.0,625.0,611.25,,3068.0
2007-09-04,687.5,637.5,645.0,687.5,,3602.152
2007-09-05,720.0,642.5,675.0,683.0,,4742.496
2007-09-06,732.5,637.5,655.0,698.0,,2073.74
2007-09-07,677.5,637.5,662.5,637.75,,80.4
2007-09-10,705.0,600.0,670.0,600.0,,735.764
2007-09-11,686.25,650.0,670.0,650.0,,1152.096
2007-09-12,712.5,625.0,670.0,625.0,,2016.528
2007-09-13,697.5,625.0,657.5,640.0,,1333.64
2007-09-14,712.5,625.0,632.5,712.5,,1355.2
2007-09-17,647.5,625.0,645.0,640.0,,460.0
2007-09-18,635.75,570.0,625.0,635.0,,1751.496
2007-09-19,600.0,562.5,595.0,579.5,,1549.316
2007-09-20,605.0,575.0,590.0,598.5,,2792.428
2007-09-21,605.0,575.0,585.0,587.25,,2812.776
2007-09-24,602.75,562.5,585.0,562.5,,599.264
2007-09-25,597.0,562.5,585.0,562.5,,1308.832
2007-09-26,620.0,500.0,525.0,602.75,,3862.148
2007-09-27,512.5,437.5,457.5,500.0,,13954.092
2007-10-26,437.5,262.5,320.0,437.5,,14247.612
2007-10-29,350.0,290.0,300.0,347.5,,4005.46
2007-10-30,321.25,225.0,257.5,321.25,,10786.108
2007-10-31,287.5,232.5,245.0,232.5,,24053.616
2007-11-01,276.25,250.0,250.0,275.0,,17196.604
2007-11-02,300.0,252.5,295.0,276.25,,2794.02
2007-11-05,316.0,275.0,300.0,316.0,,4459.372
2007-11-06,300.0,275.0,295.0,275.0,,4514.22
2007-11-07,325.0,275.0,287.5,316.0,,1995.208
2007-11-08,325.0,255.0,287.5,316.0,,8348.136
2007-11-09,308.0,250.0,295.0,272.5,,2909.776
2007-11-12,300.0,257.5,287.5,257.5,,897.096
2007-11-13,290.0,282.5,275.0,290.0,,2509.372
2007-11-14,297.0,272.5,262.5,290.0,,4877.828
2007-11-15,305.0,257.5,275.0,305.0,,411.36
2007-11-16,265.0,265.0,275.0,265.0,,292.54
2007-11-19,300.0,255.0,282.5,255.0,,87485.368
2007-11-20,312.0,252.5,282.5,252.5,,107.868
2007-11-21,272.75,260.0,277.5,272.75,,1428.764
2007-11-22,267.75,267.75,277.5,267.75,,529.268
2007-11-23,277.5,267.5,277.5,275.0,,331.596
2007-11-26,305.25,260.0,277.5,261.25,,117.204
2007-11-27,287.5,252.5,282.5,252.5,,527.648
2007-11-29,287.5,267.5,275.0,267.5,,3977.852
2007-11-30,272.5,225.0,250.0,250.0,,7276.34
2007-12-03,250.0,212.5,232.5,245.0,,9183.244
2007-12-04,237.5,220.0,225.0,225.0,,2020.252
2007-12-05,242.5,237.5,235.0,237.5,,4614.308
2007-12-06,255.75,212.5,220.0,244.5,,3760.812
2007-12-07,237.5,207.5,212.5,230.0,,6201.876
2007-12-10,206.5,192.5,207.5,206.5,,1191.52
2007-12-11,216.75,192.5,207.5,192.75,,1532.0
2007-12-12,225.0,207.5,207.5,225.0,,2160.0
2007-12-13,225.0,197.5,210.0,197.5,,432.0
2007-12-14,212.5,192.5,202.5,193.25,,12505.436
2007-12-17,197.5,192.5,202.5,193.25,,381.004
2007-12-19,196.25,195.0,187.5,195.0,,1016.9
2007-12-20,196.25,167.5,182.5,180.0,,4637.408
2007-12-21,200.0,177.5,187.5,180.0,,17612.292
2007-12-24,235.0,197.5,200.0,200.0,,2537.272
2007-12-27,203.0,200.0,212.5,200.0,,1625.0
2007-12-28,225.0,202.5,212.5,203.0,,243.836
2007-12-31,235.0,202.5,225.0,235.0,,4661.436
2008-01-02,247.5,230.0,247.5,237.5,,4671.528
2008-01-03,250.0,230.0,245.0,233.75,,3617.592
2008-01-04,250.0,240.0,247.5,250.0,,2677.272
2008-01-07,287.5,242.5,270.0,243.0,,8055.404
2008-01-08,287.5,255.0,277.5,275.0,,4027.928
2008-01-09,272.5,262.5,262.5,268.0,,2920.224
2008-01-10,281.25,250.0,270.0,250.0,,2453.544
2008-01-11,287.5,255.0,262.5,258.25,,2137.664
2008-01-14,275.0,250.0,265.0,258.25,,1694.188
2008-01-15,272.0,255.0,262.5,255.5,,1622.56
2008-01-16,262.5,252.5,265.0,252.75,,2820.0
2008-01-17,275.0,250.0,257.5,272.0,,817.716
2008-01-18,271.25,240.0,250.0,271.25,,662.78
2008-01-21,271.25,237.5,250.0,271.25,,1170.712
2008-01-22,262.5,242.5,250.0,262.5,,1872.0
2008-01-23,270.0,262.5,270.0,262.5,,1618.176
2008-01-24,265.5,262.5,270.0,265.5,,1211.608
2008-01-25,265.5,262.5,270.0,262.5,,1232.0
2008-01-28,271.25,237.5,257.5,271.25,,2161.772
2008-01-29,260.0,242.5,250.0,246.25,,1133.808
2008-01-30,240.0,240.0,257.5,240.0,,32.0
2008-01-31,275.0,255.0,262.5,271.25,,2700.328
2008-02-01,337.5,287.5,287.5,300.0,,12308.3
2008-02-05,268.75,268.75,262.5,268.75,,331.488
2008-02-06,283.5,225.0,245.0,283.5,,4495.488
2008-02-07,247.5,212.5,232.5,225.0,,9696.032
2008-02-08,275.0,217.5,262.5,217.5,,1558.62
2008-02-11,275.0,232.5,262.5,250.0,,2535.084
2008-02-12,287.5,242.5,275.0,242.5,,4144.424
2008-02-13,282.5,262.5,275.0,262.5,,612.844
2008-02-14,262.5,262.5,275.0,262.5,,128.0
2008-02-15,262.5,262.5,275.0,262.5,,192.224
2008-02-18,262.5,237.5,257.5,262.5,,1807.452
2008-02-19,245.0,225.0,237.5,237.5,,2238.116
2008-02-20,250.0,212.5,232.5,250.0,,332.0
2008-02-21,245.0,212.5,232.5,212.5,,157.428
2008-02-22,237.5,205.0,220.0,217.5,,1299.856
2008-02-25,225.0,200.0,225.0,200.0,,2811.592
2008-02-27,200.0,200.0,207.5,200.0,,573.236
2008-02-28,225.0,200.0,207.5,200.0,,1982.024
2008-02-29,225.0,187.5,200.0,219.5,,4001.784
2008-03-03,207.5,187.5,200.0,187.5,,1532.492
2008-03-04,187.5,162.5,182.5,187.5,,6917.108
2008-03-05,172.0,162.5,182.5,162.5,,48.536
2008-03-06,190.0,162.5,182.5,180.0,,2237.78
2008-03-07,162.5,162.5,182.5,162.5,,20.268
2008-03-10,185.0,170.0,185.0,185.0,,2314.864
2008-03-11,186.5,155.0,162.5,172.0,,3123.952
2008-03-12,162.5,125.0,157.5,150.0,,18950.66
2008-03-13,172.5,172.5,157.5,172.5,,0.32
2008-03-14,145.25,142.5,157.5,143.25,,612.916
2008-03-17,138.75,138.75,157.5,138.75,,800.0
2008-03-18,175.0,137.5,175.0,143.25,,1122.868
2008-03-19,201.75,162.5,212.5,187.5,,22589.068
2008-03-20,237.5,225.0,237.5,225.0,,2087.364
2008-03-25,231.5,212.5,240.0,212.5,,209.28
2008-03-26,250.0,212.5,232.5,225.0,,904.72
2008-03-27,275.0,212.5,262.5,212.5,,4419.488
2008-03-28,262.5,240.0,257.5,240.0,,644.732
2008-03-31,250.0,230.0,257.5,241.25,,813.484
2008-04-01,258.75,225.0,232.5,258.75,,2417.084
2008-04-02,235.25,212.5,232.5,225.0,,1745.116
2008-04-03,225.0,212.5,232.5,217.5,,3211.46
2008-04-04,217.5,212.5,232.5,217.5,,531.096
2008-04-07,246.75,246.75,232.5,246.75,,10.08
2008-04-08,235.25,205.0,212.5,212.5,,1789.948
2008-04-09,,,220.0,,,
2008-04-10,234.25,205.0,212.5,234.25,,233.824
2008-04-14,236.25,217.5,225.0,236.25,,1259.536
2008-04-15,235.0,212.5,225.0,235.0,,63.236
2008-04-16,214.75,214.75,225.0,214.75,,104.0
2008-04-17,227.25,225.0,225.0,227.25,,1200.0
2008-04-18,235.0,212.5,232.5,230.0,,18499.844
2008-04-21,235.0,220.0,230.0,235.0,,7832.4
2008-04-22,235.0,187.5,225.0,235.0,,138552.056
2008-04-23,252.5,227.5,267.5,235.0,,6937.56
2008-04-24,295.0,250.0,262.5,287.5,,7186.616
2008-04-25,272.5,252.5,262.5,272.5,,168.644
2008-04-28,275.0,250.0,262.5,260.0,,4761.088
2008-04-29,257.5,250.0,257.5,250.0,,6791.952
2008-04-30,237.5,237.5,257.5,237.5,,43.828
2008-05-01,262.5,237.5,262.5,237.5,,7677.672
2008-05-02,275.0,262.5,262.5,262.5,,1693.392
2008-05-06,270.0,250.0,262.5,250.0,,3164.0
2008-05-07,250.0,250.0,270.0,250.0,,2000.0
2008-05-08,271.25,250.0,262.5,270.0,,550.6
2008-05-09,251.75,250.0,262.5,250.0,,4032.0
2008-05-12,275.0,250.0,262.5,252.75,,2053.196
2008-05-13,265.0,250.0,262.5,250.0,,2379.6
2008-05-15,270.75,232.5,255.0,252.5,,2661.1
2008-05-16,240.0,237.5,240.0,237.5,,1366.388
2008-05-19,252.0,225.0,237.5,252.0,,217.668
2008-05-20,235.25,225.0,227.5,225.0,,5650.0
2008-05-22,229.75,227.5,227.5,227.5,,86.616
2008-05-23,227.5,216.25,227.5,227.5,,220.0
2008-05-27,222.5,214.0,222.5,222.5,,10.4
2008-05-28,212.5,212.5,222.5,212.5,,150.0
2008-05-29,225.5,225.0,222.5,225.5,,215.352
2008-05-30,225.0,202.5,220.0,212.5,,2613.22
2008-06-02,212.5,105.0,200.0,212.5,,28761.312
2008-06-03,200.0,175.0,195.0,175.0,,5625.256
2008-06-04,202.5,202.5,207.5,202.5,,50.0
2008-06-05,212.5,200.0,202.5,212.5,,2411.848
2008-06-06,,,207.5,,,
2008-06-10,200.0,192.5,192.5,200.0,,150.0
2008-06-12,187.5,172.5,182.5,187.5,,3694.916
2008-06-13,190.0,125.0,185.0,175.0,,8773.168
2008-06-16,200.0,160.0,175.0,195.0,,4030.0
2008-06-17,185.0,162.5,172.5,185.0,,202.344
2008-06-18,165.5,142.5,157.5,165.5,,2556.948
2008-06-19,150.0,137.5,147.5,142.5,,3130.728
2008-06-20,150.0,142.5,150.0,150.0,,403.2
2008-06-23,144.75,137.5,145.0,144.75,,1642.052
2008-06-24,155.0,137.5,145.0,137.5,,2006.748
2008-06-25,137.5,137.5,145.0,137.5,,192.0
2008-06-26,149.0,145.0,145.0,145.0,,0.48
2008-06-27,142.5,110.0,145.0,110.0,,3073.552
2008-06-30,150.0,110.0,135.0,137.5,,3460.0
2008-07-01,141.5,135.0,135.0,135.0,,717.352
2008-07-02,142.5,141.5,142.5,142.5,,33.752
2008-07-03,137.5,125.0,125.0,137.5,,1403.548
2008-07-04,144.25,125.0,135.0,144.25,,413.66
2008-07-07,151.75,137.5,145.0,145.0,,1485.24
2008-07-08,137.5,125.0,140.0,137.5,,2250.0
2008-07-11,137.5,132.5,130.0,137.5,,400.0
2008-07-14,150.0,132.5,145.0,132.5,,356.164
2008-07-15,145.0,137.5,142.5,139.5,,459.524
2008-07-16,137.5,132.5,137.5,137.5,,850.0
2008-07-17,145.0,132.5,140.0,135.0,,2008.0
2008-07-18,132.5,130.0,130.0,132.5,,400.0
2008-07-21,125.0,120.0,117.5,125.0,,400.0
2008-07-23,150.0,100.0,130.0,150.0,,1912.144
2008-07-24,127.5,127.5,127.5,127.5,,89.7
2008-07-29,147.5,112.5,130.0,137.5,,420.192
2008-07-30,112.5,112.5,130.0,112.5,,4.8
2008-08-06,150.0,135.0,135.0,150.0,,113.96
2008-08-07,145.0,130.0,137.5,145.0,,122.74
2008-08-08,130.0,130.0,135.0,130.0,,8.0
2008-08-11,150.0,125.0,135.0,125.0,,292.904
2008-08-14,150.0,145.0,137.5,150.0,,1208.948
2008-08-15,,,137.5,,,
2008-09-18,100.0,95.0,95.0,100.0,,6497.208
2008-09-19,125.0,75.0,82.5,100.0,,2200.4
2008-09-22,100.0,75.0,87.5,100.0,,2008.452
2008-09-23,90.0,87.5,97.5,90.0,,40.0
2008-09-24,95.0,75.0,62.5,95.0,,1252.0
2008-09-25,97.5,62.5,82.5,97.5,,1099.848
2008-09-26,87.0,62.5,80.0,82.5,,7306.488
2008-09-29,84.5,62.5,70.0,75.0,,244.708
2008-09-30,75.0,62.5,87.5,62.5,,2047.88
2008-10-01,87.5,75.0,87.5,87.5,,2300.0
2008-10-02,95.0,87.5,95.0,87.5,,52.58
2008-10-03,100.0,75.0,87.5,87.5,,805.136
2008-10-06,,,87.5,,,
2008-10-07,87.5,87.5,87.5,87.5,,49.252
2008-10-08,87.5,75.0,95.0,75.0,,24.164
2008-10-09,87.5,87.5,95.0,87.5,,1.352
2008-10-10,95.0,95.0,92.5,95.0,,81.752
2008-10-13,100.0,82.5,82.5,87.5,,875.292
2008-10-14,75.0,62.5,95.0,75.0,,6054.508
2008-10-15,100.0,75.0,100.0,75.0,,16.012
2008-10-21,115.0,87.5,120.0,115.0,,1561.476
2008-10-22,,,120.0,,,
2008-10-23,107.5,107.5,107.5,107.5,,44.34
2008-10-24,125.0,95.0,92.5,112.5,,2461.16
2008-10-27,100.0,100.0,112.5,100.0,,31.228
2008-10-28,136.5,120.0,120.0,120.0,,400.0
2008-10-29,112.5,112.5,112.5,112.5,3,534.0
2008-10-30,125.0,112.5,112.5,112.5,4,361.932
2008-11-03,100.0,100.0,107.5,100.0,4,2025.556
2008-11-04,87.5,85.0,92.5,87.5,2,3204.676
2008-11-05,132.5,118.25,132.5,132.5,3,969.38
2008-11-06,108.25,107.5,105.0,108.25,2,173.98
2008-11-10,92.5,82.5,95.0,92.5,2,4000.0
2008-11-11,77.75,77.5,90.0,77.75,1,1.896
2008-11-14,100.0,95.0,90.0,96.25,2,512.42
2008-11-17,87.5,87.5,90.0,87.5,1,1142.86
2008-11-19,82.5,80.0,90.0,80.0,3,1980.0
2008-11-20,80.0,80.0,90.0,80.0,1,2000.0
2008-11-28,100.0,100.0,90.0,100.0,1,8.0
2008-12-04,80.25,80.0,90.0,80.25,1,8.0
2008-12-10,80.0,77.5,90.0,77.5,2,1080.0
2008-12-11,77.5,77.5,90.0,77.5,2,1363.572
2008-12-12,77.5,77.5,90.0,77.5,1,344.0
2008-12-17,87.5,77.5,90.0,87.5,3,119.328
2008-12-18,78.75,77.5,90.0,78.75,1,1.6
2009-06-19,150.0,150.0,100.0,150.0,2,2400.0
2009-06-22,133.75,130.0,107.5,133.75,7,8212.048
2009-06-24,110.0,110.0,110.0,110.0,4,1155.324
2009-06-29,95.0,95.0,107.5,95.0,1,40.0
2009-06-30,122.0,92.5,107.5,121.0,3,616.0
2009-07-01,122.25,90.0,100.0,122.25,3,3400.0
2009-07-02,90.0,75.0,82.5,90.0,10,6106.304
2009-07-03,75.0,62.5,62.5,75.0,6,6144.64
2009-07-06,62.5,62.5,62.5,62.5,3,704.0
2009-07-07,57.5,50.0,57.5,50.0,3,2609.188
2009-07-10,62.5,62.5,62.5,62.5,1,4000.0
2009-07-13,60.0,50.0,60.0,50.0,2,1138.568
2009-07-14,57.5,57.5,57.5,57.5,3,2009.992
2009-07-16,50.0,50.0,50.0,50.0,2,1971.884
2009-07-17,82.5,37.5,82.5,37.5,19,20904.656
2009-07-20,75.0,52.5,75.0,52.5,9,3787.644
2009-07-21,78.0,76.0,78.0,76.0,9,515825.0
2009-07-22,75.0,42.5,43.0,75.0,64,105271.0
2009-07-23,42.0,34.0,37.75,42.0,44,322103.0
2009-07-24,39.25,39.25,39.25,39.25,3,1053.0
2009-07-27,40.18,37.5,39.25,40.18,3,1996.0
2009-07-28,41.0,37.5,39.25,41.0,3,8528.0
2009-07-29,41.5,37.5,38.75,37.5,6,10520.0
2009-07-30,38.75,38.75,38.75,38.75,4,6898.0
2009-07-31,37.625,35.0,37.0,37.625,8,14163.0
2009-08-03,37.975,35.17,36.75,35.175,5,4915.0
2009-08-04,35.0,32.0,34.5,35.0,10,54770.0
2009-08-05,35.28,32.0,34.0,32.2,5,2653.0
2009-08-06,32.2,32.0,34.0,32.0,2,49.0
2009-08-07,35.28,32.0,34.0,32.2,4,6762.0
2009-08-10,32.0,31.0,32.0,33.5,6,11204.0
2009-08-11,32.5,31.0,32.5,32.0,3,1137.0
2009-08-12,33.43,31.0,32.5,32.0,4,4797.0
2009-08-13,,,32.5,,,
2009-08-14,32.5,31.0,32.5,32.5,1,23.0
2009-08-17,,,32.5,,,
2009-08-18,33.32,32.5,32.5,32.5,1,1000.0
2009-08-19,32.5,31.0,32.5,32.5,3,3026.0
2009-08-20,,,32.5,,,
2009-08-21,,,32.5,,,
2009-08-24,,,32.5,,,
2009-08-25,,,32.5,,1,
2009-08-26,,,32.5,,,
2009-08-27,,,32.5,,,
2009-08-28,,,32.5,,,
2009-09-01,,,32.5,,,
2009-09-02,33.25,32.5,32.5,32.5,1,408.0
2009-09-03,32.5,31.0,32.5,32.5,1,6.0
2009-09-04,,,32.5,,,
2009-09-07,32.5,31.0,32.5,32.5,1,18.0
2009-09-08,32.5,31.0,32.5,32.5,1,72.0
2009-09-09,32.5,31.0,32.5,32.5,4,171.0
2009-09-10,32.5,31.0,32.5,32.5,2,53.0
2009-09-11,32.98,32.5,32.5,32.5,1,2232.0
2009-09-14,32.5,31.0,32.5,32.5,1,80.0
2009-09-15,32.5,31.0,32.5,32.5,1,61.0
2009-09-16,32.5,31.0,32.5,32.5,1,4000.0
2009-09-17,32.5,31.0,32.5,32.5,3,829.0
2009-09-18,32.5,31.0,32.5,32.5,2,2506.0
2009-09-21,32.5,31.15,32.5,32.5,4,1474.0
2009-09-22,32.5,31.0,32.5,32.5,1,202.0
2009-09-23,32.5,31.0,32.5,32.5,2,81.0
2009-09-24,32.5,31.0,32.5,32.5,1,25.0
2009-09-25,32.5,31.0,32.5,32.5,1,12.0
2009-09-28,,,32.5,,,
2009-09-29,32.5,31.0,32.5,32.5,2,81.0
2009-09-30,,,32.5,,,
2009-10-01,,,32.5,,,
2009-10-02,32.5,31.0,32.5,32.5,1,248.0
2009-10-05,33.0,32.5,32.5,32.5,1,2000.0
2009-10-06,,,32.5,,,
2009-10-07,,,32.5,,,
2009-10-08,,,32.5,,,
2009-10-09,32.5,31.0,32.5,32.5,3,411.0
2009-10-12,,,32.0,32.0,1,160.0
2009-10-13,32.0,31.0,32.0,32.0,1,124.0
2009-10-14,32.0,31.0,32.0,32.0,1,249.0
2009-10-15,,,32.0,,,
2009-10-16,32.0,31.0,32.0,32.0,2,28.0
2009-10-19,,,32.0,,,
2009-10-20,,,32.0,,,
2009-10-21,,,32.0,,,
2009-10-22,,,32.0,,,
2009-10-23,,,32.0,,,
2009-10-26,,,32.0,,,
2009-10-27,32.0,31.0,32.0,32.0,1,4000.0
2009-10-28,28.0,25.0,26.0,31.0,8,33982.0
2009-10-29,25.87,25.0,25.5,26.0,2,8250.0
2009-10-30,25.5,25.0,25.5,25.5,1,3250.0
2009-11-02,,,25.5,,,
2009-11-03,,,25.5,,,
2009-11-04,,,25.5,,,
2009-11-05,,,25.5,,,
2009-11-06,,,25.5,,,
2009-11-09,,,25.5,,,
2009-11-10,25.5,25.0,25.5,25.5,2,2080.0
2009-11-11,25.5,25.0,25.5,25.5,1,87.0
2009-11-12,,,25.5,,,
2009-11-13,25.5,25.0,25.5,25.5,1,26.0
2009-11-16,25.5,25.0,25.5,25.5,2,202.0
2009-11-17,,,25.5,,,
2009-11-18,,,25.5,,,
2009-11-19,,,25.5,,,
2009-11-20,,,25.5,,,
2009-11-23,,,26.5,,,
2009-11-24,30.5,28.0,30.5,26.5,4,35500.0
2009-11-25,31.84,30.0,31.0,30.5,9,61313.0
2009-11-26,31.92,31.0,31.5,31.5,3,44348.0
2009-11-27,31.7,31.0,31.5,31.5,3,49500.0
2009-11-30,,,31.5,,,
2009-12-01,31.5,31.0,31.5,31.5,3,3528.0
2009-12-02,,,31.5,,,
2009-12-03,,,31.5,,,
2009-12-04,31.5,31.0,31.5,31.5,1,19.0
2009-12-07,,,31.5,,,
2009-12-08,,,31.5,,,
2009-12-09,31.0,30.0,30.5,31.5,2,6962.0
2009-12-10,30.5,30.0,30.5,30.5,2,26565.0
2009-12-11,,,30.5,,,
2009-12-14,30.5,27.0,30.5,30.5,1,30000.0
2009-12-15,30.5,30.0,30.5,30.5,1,2634.0
2009-12-16,30.5,30.0,30.5,30.5,1,1957.0
2009-12-17,,,30.5,,,
2009-12-18,30.48,30.0,29.5,30.5,2,2150.0
2009-12-21,29.5,29.0,29.5,29.5,1,40000.0
2009-12-22,29.5,29.0,29.5,29.5,1,1000.0
2009-12-23,,,29.5,,,
2009-12-24,,,29.5,,,
2009-12-29,29.5,29.0,29.5,29.5,1,3030.0
2009-12-30,,,29.5,,,
2009-12-31,29.5,29.0,,29.5,,3000.0
2010-01-04,,,29.5,,,
2010-01-05,28.5,27.0,28.5,29.5,1,5000.0
2010-01-06,28.0,27.5,27.75,27.75,6,5369.0
2010-01-07,,,27.75,,,
2010-01-08,,,27.75,,1,
2010-01-11,,,27.75,,,
2010-01-12,,,27.75,,,
2010-01-13,,,27.5,,,
2010-01-14,,,27.5,27.5,1,2000.0
2010-01-15,27.75,27.0,27.5,27.5,3,1922.0
2010-01-18,27.79,27.0,27.5,27.5,3,8040.0
2010-01-19,27.79,27.0,27.5,27.5,2,3654.0
2010-01-20,27.5,27.0,27.5,27.5,3,8025.0
2010-01-21,,,27.25,27.25,1,5000.0
2010-01-22,28.0,27.25,27.25,27.25,1,259.0
2010-01-25,28.0,27.25,27.5,27.25,1,25000.0
2010-01-26,27.5,27.0,27.5,27.5,1,71.0
2010-01-27,,,27.25,,,
2010-01-28,27.25,27.0,27.25,27.25,1,2.0
2010-01-29,27.25,25.5,27.25,27.25,1,6226.0
2010-02-01,27.25,27.0,27.25,27.25,1,104.0
2010-02-02,,,27.25,,,
2010-02-03,27.25,26.0,27.25,27.25,1,10000.0
2010-02-04,27.38,27.0,27.25,27.25,4,7826.0
2010-02-05,27.38,27.0,27.25,27.25,1,4000.0
2010-02-08,,,27.25,,,
2010-02-09,27.25,27.0,27.25,27.25,1,5.0
2010-02-10,,,27.25,,,
2010-02-11,27.49,27.0,27.25,27.25,2,14724.0
2010-02-12,27.49,27.0,27.25,27.25,2,15000.0
2010-02-15,27.3725,27.0,27.25,27.25,2,5524.0
2010-02-16,27.37,27.0,27.25,27.25,2,4127.0
2010-02-17,,,27.25,,,
2010-02-18,,,27.25,,,
2010-02-19,,,27.25,,,
2010-02-22,27.37,27.0,27.25,27.25,1,247.0
2010-02-23,,,27.25,,,
2010-02-24,27.25,27.0,27.25,27.25,2,3203.0
2010-02-25,,,27.25,,,
2010-02-26,,,27.25,,,
2010-03-01,,,27.25,,,
2010-03-02,27.25,27.0,27.25,27.25,1,1400.0
2010-03-03,,,26.75,,,
2010-03-04,,,26.75,,,
2010-03-05,26.75,26.0,26.75,26.75,1,6000.0
2010-03-08,26.75,25.0,26.75,26.75,2,15660.0
2010-03-09,,,26.5,,,
2010-03-10,26.5,26.0,26.5,26.5,1,4.0
2010-03-11,26.0,26.0,26.0,26.5,2,5000.0
2010-03-12,26.5,26.0,26.5,26.5,1,40.0
2010-03-15,26.5,26.0,26.5,26.5,1,3.0
2010-03-16,26.5,26.0,26.5,26.5,1,20.0
2010-03-17,26.5,26.0,26.5,26.5,1,20.0
2010-03-18,27.0,26.5,26.5,26.5,2,17444.0
2010-03-19,26.5,26.0,26.5,26.5,1,4756.0
2010-03-22,,,26.5,,,
2010-03-23,26.5,26.0,26.5,26.5,2,84.0
2010-03-24,26.5,26.0,26.5,26.5,1,7.0
2010-03-25,,,26.5,,,
2010-03-26,26.75,26.0,26.5,26.5,2,16000.0
2010-03-29,26.5,25.0,26.5,26.5,2,5018.0
2010-03-30,26.5,26.0,26.5,26.5,1,3072.0
2010-03-31,26.5,23.0,26.5,26.5,4,15106.0
2010-04-01,,,25.5,26.5,1,66.0
2010-04-06,25.5,25.0,25.5,25.5,1,40.0
2010-04-07,32.0,27.0,28.5,30.5,26,153523.0
2010-04-08,28.5,26.0,28.5,28.5,7,41828.0
2010-04-09,28.5,27.75,28.5,28.5,1,3540.0
2010-04-12,28.5,27.0,28.5,28.5,2,2012.0
2010-04-13,,,28.5,,,
2010-04-14,28.5,27.0,28.5,28.5,1,1167.0
2010-04-15,28.5,27.0,28.5,28.5,1,1000.0
2010-04-16,,,28.5,,,
2010-04-19,27.5,26.0,27.5,28.5,4,8729.0
2010-04-20,,,26.0,,,
2010-04-21,26.0,24.0,26.0,26.0,3,4000.0
2010-04-22,26.0,24.0,26.0,26.0,1,793.0
2010-04-23,26.0,24.0,26.0,26.0,1,72.0
2010-04-26,,,26.0,26.0,1,5000.0
2010-04-27,25.5,24.0,25.5,26.0,1,4000.0
2010-04-28,,,25.5,,,
2010-04-29,,,25.5,,,
2010-04-30,,,25.5,,,
2010-05-04,25.5,24.0,25.5,25.5,3,1219.0
2010-05-05,25.5,24.0,25.5,25.5,3,12224.0
2010-05-06,,,25.5,,,
2010-05-07,25.5,24.96,25.5,25.5,1,48.0
2010-05-10,25.5,24.0,25.5,25.5,2,77.0
2010-05-11,25.5,24.0,25.5,25.5,1,1680.0
2010-05-12,25.5,24.0,25.5,25.5,2,84.0
2010-05-13,,,25.5,,,
2010-05-14,,,25.5,,,
2010-05-17,,,25.5,,,
2010-05-18,25.5,24.0,25.5,25.5,1,18.0
2010-05-19,,,25.5,,,
2010-05-20,25.5,24.0,25.5,25.5,1,80.0
2010-05-21,24.06,18.0,23.25,25.5,9,228639.0
2010-05-24,25.0,23.75,23.75,23.25,5,65172.0
2010-05-25,,,23.75,,,
2010-05-26,,,23.75,,,
2010-05-27,,,23.75,,,
2010-05-28,24.0,23.75,23.75,23.75,1,4171.0
2010-06-01,24.0,23.5,23.75,23.75,1,5000.0
2010-06-02,24.0,23.52,23.75,23.75,1,40.0
2010-06-03,,,23.75,,,
2010-06-04,,,23.75,,,
2010-06-07,,,23.5,,,
2010-06-08,,,23.5,,,
2010-06-09,23.5,23.0,23.5,23.5,2,639.0
2010-06-10,23.25,21.0,23.25,23.5,1,3000.0
2010-06-11,23.25,23.0,23.25,23.25,1,80.0
2010-06-14,23.25,23.0,23.25,23.25,1,1.0
2010-06-15,23.39,23.0,23.25,23.25,1,2084.0
2010-06-16,,,23.25,,,
2010-06-17,,,23.25,,,
2010-06-18,23.025,23.0,23.25,23.25,1,44.0
2010-06-21,23.25,23.0,23.25,23.25,3,221.0
2010-06-22,23.25,23.0,23.25,23.25,1,746.0
2010-06-23,,,23.25,,,
2010-06-24,,,23.25,,,
2010-06-25,,,23.25,,,
2010-06-28,23.25,23.0,23.25,23.25,1,1205.0
2010-06-29,23.0,23.0,23.25,23.25,1,3200.0
2010-06-30,,,23.25,,1,
2010-07-01,23.025,23.02,23.25,23.25,1,96.0
2010-07-02,,,23.25,,,
2010-07-05,,,23.25,,,
2010-07-06,23.025,23.02,23.25,23.25,2,177.0
2010-07-07,,,23.25,,,
2010-07-08,,,23.25,,,
2010-07-09,,,23.25,,,
2010-07-12,23.025,23.02,23.25,23.25,1,24.0
2010-07-13,,,23.25,,,
2010-07-14,,,23.25,,,
2010-07-15,23.025,23.02,23.25,23.25,1,400.0
2010-07-16,,,23.25,,,
2010-07-19,23.025,23.02,23.25,23.25,1,200.0
2010-07-20,23.025,23.02,23.25,23.25,1,30.0
2010-07-21,,,23.25,,,
2010-07-22,,,23.25,,,
2010-07-23,,,23.25,,,
2010-07-26,,,23.25,,,
2010-07-27,23.39,23.39,23.25,23.25,1,4228.0
2010-07-28,23.05,23.05,23.25,23.25,1,77.0
2010-07-29,,,23.25,,,
2010-07-30,,,23.25,,,
2010-08-02,23.05,23.05,23.25,23.25,1,69.0
2010-08-03,,,23.25,,,
2010-08-04,23.05,23.05,23.25,23.25,1,10.0
2010-08-05,23.05,23.05,23.25,23.25,2,260.0
2010-08-06,,,23.25,,,
2010-08-09,23.05,23.05,23.25,23.25,3,274.0
2010-08-10,23.25,23.25,23.25,23.25,1,2000.0
2010-08-11,23.0,23.0,22.75,23.25,2,7000.0
2010-08-12,22.75,22.75,22.75,22.75,4,40000.0
2010-08-13,22.75,22.75,22.75,22.75,2,20000.0
2010-08-16,22.75,22.52,22.75,22.75,2,10020.0
2010-08-17,22.89,22.88,23.0,22.75,2,20000.0
2010-08-18,22.75,21.25,22.75,23.0,2,14000.0
2010-08-19,22.775,22.77,22.75,22.75,1,2800.0
2010-08-20,,,22.75,,,
2010-08-23,22.525,22.52,22.75,22.75,1,48.0
2010-08-24,22.525,22.52,22.75,22.75,1,220.0
2010-08-25,22.5,22.5,22.75,22.75,1,7902.0
2010-08-26,22.25,22.25,22.75,22.75,1,32.0
2010-08-27,,,22.75,,,
2010-08-31,22.29,22.25,22.5,22.5,5,20022.0
2010-09-01,22.25,22.25,22.5,22.5,2,10000.0
2010-09-02,22.5,22.26,22.5,22.5,1,52.0
2010-09-03,22.2625,22.26,22.5,22.5,3,45.0
2010-09-06,22.2625,22.26,22.5,22.5,1,120.0
2010-09-07,22.25,22.25,22.5,22.5,1,4.0
2010-09-08,,,22.5,,,
2010-09-09,22.26,22.25,22.5,22.5,5,20002.0
2010-09-10,22.25,22.01,22.25,22.5,6,27500.0
2010-09-13,,,22.25,,,
2010-09-14,,,22.25,,,
2010-09-15,22.25,22.02,22.25,22.25,1,60.0
2010-09-16,,,22.25,,,
2010-09-17,22.25,22.0,22.25,22.25,2,605.0
2010-09-20,22.02,21.5,22.0,22.25,2,25112.0
2010-09-21,,,22.0,,,
2010-09-22,21.5,21.0,21.75,22.0,2,6166.0
2010-09-23,,,21.75,,,
2010-09-24,,,21.75,,,
2010-09-27,21.08,21.07,21.75,21.75,1,40.0
2010-09-28,21.75,21.075,21.75,21.75,1,40.0
2010-09-29,21.0,20.75,21.75,21.75,3,3110.0
2010-09-30,21.75,21.0,21.75,21.75,1,4000.0
2010-10-01,21.75,20.8375,21.75,21.75,1,12.0
2010-10-04,,,22.25,,1,
2010-10-05,20.84,20.83,21.5,21.75,1,470.0
2010-10-06,,,21.5,,,
2010-10-07,20.75,20.75,20.75,21.5,1,22.0
2010-10-08,20.25,19.0,20.75,20.75,2,13622.0
2010-10-11,20.0,18.5,20.5,20.5,2,4388.0
2010-10-12,,,20.5,,,
2010-10-13,,,20.5,,,
2010-10-14,20.0,20.0,20.5,20.5,3,5365.0
2010-10-15,20.65,20.65,20.5,20.5,1,5000.0
2010-10-18,,,20.5,,,
2010-10-19,20.0,20.0,20.5,20.5,1,200.0
2010-10-20,20.0,20.0,20.5,20.5,1,800.0
2010-10-21,20.0,20.0,20.5,20.5,2,131.0
2010-10-22,,,20.5,,,
2010-10-25,,,20.5,,,
2010-10-26,,,20.5,,,
2010-10-27,,,20.5,,,
2010-10-28,,,20.5,,,
2010-10-29,,,20.5,,,
2010-11-01,20.0,20.0,20.5,20.5,1,135.0
2010-11-02,,,20.5,,,
2010-11-03,,,20.5,,,
2010-11-04,20.5,20.5,20.5,20.5,1,1000.0
2010-11-05,,,20.5,,,
2010-11-08,,,20.5,,,
2010-11-09,20.0,20.0,20.5,20.5,1,800.0
2010-11-10,,,20.5,,,
2010-11-11,,,20.5,,,
2010-11-12,,,20.5,,1,
2010-11-15,20.0,20.0,20.5,20.5,1,80.0
2010-11-16,20.0,20.0,20.0,19.75,1,1875.0
2010-11-17,19.0,19.0,20.0,20.0,1,216.0
2010-11-18,19.0,19.0,20.0,20.0,1,400.0
2010-11-19,20.0,20.0,20.5,20.0,1,24813.0
2010-11-22,20.0,20.0,20.5,20.5,1,38.0
2010-11-23,20.0,20.0,20.5,20.5,1,344.0
2010-11-24,20.0,20.0,20.5,20.5,1,96.0
2010-11-25,20.0,20.0,20.5,20.5,2,394.0
2010-11-26,20.0,20.0,20.5,20.5,2,2000.0
2010-11-29,,,20.5,,,
2010-11-30,20.5,20.0,20.5,20.5,1,5479.0
2010-12-01,,,20.5,,,
2010-12-02,,,20.5,,,
2010-12-03,20.151,20.15,20.5,20.5,1,285.0
2010-12-06,20.001,20.0,20.5,20.5,1,5000.0
2010-12-07,,,20.5,,,
2010-12-08,,,20.5,,,
2010-12-09,,,20.5,,,
2010-12-10,,,20.5,,,
2010-12-13,,,20.5,,,
2010-12-14,,,20.5,,,
2010-12-15,20.65,20.0,20.5,20.5,3,7421.0
2010-12-16,20.65,20.65,20.5,20.5,1,90.0
2010-12-17,20.0,20.0,20.5,20.5,1,1.0
2010-12-20,20.0,20.0,20.5,20.5,1,150.0
